UniqueCount	AmbigCount
0	0
0	0
0	0
0	0
0	0
0	0
0	0
0	0
0	0
0	0
0	0
0	0
0	0
0	0
0	0
0	0
0	0
0	0
0	0
0	0
0	0
0	0
0	0
0	0
0	0
0	0
0	0
0	1
0	0
0	0
0	0
0	0
0	0
0	0
0	0
0	0
0	0
0	0
0	0
0	0
1	0
0	0
0	0
0	0
0	0
0	0
0	0
0	0
0	0
0	0
0	0
0	0
0	0
0	0
0	0
0	0
0	0
0	0
0	0
0	0
0	0
0	0
0	0
0	0
0	0
0	0
2	0
1	1
2	0
0	1
0	0
0	0
0	0
0	0
0	0
0	0
0	0
0	0
0	0
0	0
0	0
0	1
0	0
0	0
0	0
0	0
0	0
0	0
0	0
0	0
0	0
0	0
0	0
2	0
0	0
0	0
0	0
0	0
0	0
0	0
0	0
0	0
0	0
0	0
0	0
0	0
0	0
0	0
0	0
0	0
0	0
0	0
0	0
0	0
0	0
1	0
0	0
0	0
0	0
0	0
0	0
0	0
0	0
0	0
0	0
2	0
1	0
0	0
0	0
0	0
0	0
0	0
0	0
0	0
0	0
0	0
0	0
0	0
0	0
0	0
0	0
0	0
0	0
0	0
0	0
0	0
0	0
0	0
0	0
0	0
0	0
0	0
0	0
0	0
0	1
0	0
0	0
0	0
0	0
0	0
0	0
0	0
0	0
0	2
0	4
0	4
0	4
0	1
0	0
0	4
0	4
0	4
0	4
0	1
0	4
0	4
0	0
0	8
0	8
0	0
0	0
0	0
0	0
0	0
0	0
0	0
0	0
0	0
0	5
0	7
0	7
0	7
0	7
0	11
0	4
0	0
0	0
0	0
0	0
0	0
0	0
0	0
1	0
0	3
0	5
0	5
0	5
0	5
0	9
0	4
0	13
0	0
0	3
0	0
0	1
0	1
0	3
0	0
0	1
0	1
0	1
0	0
0	0
0	0
0	0
0	0
0	0
0	0
6	12
0	41
0	0
0	41
0	0
0	0
0	0
0	0
0	0
0	0
0	0
0	0
0	0
0	0
0	0
0	0
0	1
0	1
0	0
0	1
0	0
0	1
0	1
0	1
1	0
0	0
0	0
0	0
0	0
0	0
0	0
0	0
0	0
0	0
0	0
0	0
0	0
0	0
0	1
0	0
0	0
0	0
0	0
0	0
0	0
0	0
0	0
0	0
0	0
0	0
0	0
0	0
0	0
0	0
0	0
0	0
0	0
0	0
0	0
0	0
0	0
0	0
0	0
0	0
0	0
0	0
0	0
0	0
0	0
0	0
0	0
0	0
0	0
0	1
0	10
0	4
0	1
0	1
0	3
0	1
0	1
1	2
0	3
0	2
0	0
0	0
0	0
0	0
0	0
0	0
0	0
0	0
0	0
0	0
0	0
0	0
0	0
1	0
0	0
0	0
0	0
0	0
0	0
0	0
0	0
0	0
0	0
0	0
0	0
0	0
0	0
0	0
0	0
0	0
0	0
0	0
0	0
0	0
0	0
0	0
0	0
0	0
0	0
0	0
0	0
0	4
0	0
0	1
0	1
0	0
0	0
0	0
0	0
0	0
0	0
0	0
0	0
0	0
0	0
0	0
0	0
0	4
0	4
0	0
0	0
0	0
0	1
0	0
0	1
0	0
0	0
0	0
0	0
0	0
0	0
0	0
0	0
0	0
0	0
0	0
0	0
0	0
0	0
0	0
0	0
0	0
0	0
0	0
0	0
0	0
0	0
0	0
0	0
0	0
0	0
0	0
0	0
0	0
0	0
0	0
0	0
0	0
0	0
0	0
0	0
0	0
0	0
0	0
0	0
0	0
0	0
0	0
0	0
0	0
0	0
0	0
0	0
0	0
0	0
0	0
0	0
0	0
0	0
0	0
0	0
0	0
0	0
0	0
0	0
0	0
0	0
0	0
0	0
0	0
0	0
0	0
0	0
0	0
0	0
0	0
0	0
0	0
0	0
0	0
0	0
0	0
0	0
0	0
0	0
0	0
0	0
0	0
0	0
0	0
0	0
0	0
0	0
0	0
0	0
0	0
0	0
0	0
0	0
0	0
0	0
0	0
0	0
0	0
0	0
0	0
0	0
0	0
1	0
0	0
0	0
0	0
0	0
0	0
0	0
0	0
0	0
0	0
0	0
0	0
0	0
0	0
0	0
0	0
0	0
0	0
0	0
0	0
0	0
0	0
0	0
0	0
0	0
0	0
1	0
0	0
26	0
5	1
0	0
0	0
0	0
0	0
0	0
0	0
0	0
0	0
0	0
0	0
0	0
0	0
0	0
0	0
0	0
0	0
0	0
0	0
0	0
0	0
0	0
0	0
0	0
0	0
0	0
3	0
0	0
0	0
0	0
0	0
0	0
0	0
0	0
0	0
0	0
0	0
0	0
0	0
0	0
0	0
0	0
0	0
0	0
0	0
0	0
0	0
0	0
0	0
0	0
0	0
0	0
0	0
0	0
0	0
0	0
0	0
0	0
0	0
0	0
0	0
0	0
0	0
0	0
0	0
0	0
0	0
0	0
0	0
0	0
0	0
0	0
0	0
0	0
0	0
0	0
0	0
0	0
0	0
0	0
0	0
0	0
0	0
0	0
0	0
0	0
0	0
0	0
0	0
0	0
0	0
0	0
0	0
0	0
0	0
0	0
0	0
0	0
0	0
0	0
0	0
0	0
0	0
0	0
0	0
0	0
0	0
0	0
0	0
0	0
0	0
0	0
0	0
0	0
0	0
0	0
0	0
0	0
0	0
0	0
0	0
0	0
0	0
0	0
0	0
0	0
0	0
0	0
0	0
10199	3929
7301	10856
59313	75653
23609	14466
2318	16
15242	23037
41459	18427
2032	0
7266	2
71894	3961
25599	8
547	8
27709	5
0	3862
2	2516
0	1752
1	2453
3	0
0	1560
0	1207
46	1347
1	1039
0	1174
0	211
0	637
22	35
3	661
0	630
0	40
0	0
0	0
0	0
0	0
0	0
0	0
0	0
0	0
0	1
0	0
0	0
0	0
0	1
0	1
0	0
0	0
0	0
0	0
0	0
0	0
0	0
0	0
0	558
0	288
2	52
0	607
5	71
59	35
4	44
13	71
2	22
0	103
2	428
0	379
0	347
0	0
0	0
0	0
0	0
0	0
0	0
0	0
0	0
0	0
0	0
0	0
0	0
0	0
0	0
0	0
0	0
0	0
0	0
0	0
0	0
0	0
0	0
0	0
0	0
0	0
0	0
0	0
0	0
0	0
0	0
0	0
0	0
0	0
0	0
0	0
0	15
0	18
0	0
0	0
0	0
0	0
0	0
0	0
0	0
0	11
0	26
0	0
0	11
0	26
0	0
0	1
0	0
0	1578
0	0
0	0
0	0
0	0
0	0
0	0
0	0
0	1
0	0
0	1
0	0
0	0
0	0
0	2
0	0
0	0
1	48
0	45
0	38
5	52
2	47
0	31
0	11
0	6
0	8
0	9
0	10
0	18
0	15
0	13
0	0
0	3
1	6
0	1
0	0
0	0
0	0
0	0
0	0
0	0
0	0
0	0
0	0
0	0
0	0
0	0
0	0
0	0
0	0
0	0
0	0
0	0
0	0
0	0
0	0
0	0
0	0
0	0
0	1
0	0
0	0
0	0
0	0
0	0
0	0
0	1
0	0
0	0
0	0
0	0
0	0
0	0
0	0
0	0
0	0
0	0
0	0
0	0
0	0
0	0
0	0
0	621
0	0
0	0
1	2
0	3
0	7
0	142
0	138
0	129
0	13
0	5
0	8
0	1
0	0
0	1
0	0
0	0
0	0
0	0
0	0
0	0
0	0
0	1
0	1
0	0
0	0
0	0
0	0
0	0
0	0
0	0
0	0
0	0
0	1
0	0
0	0
0	1
0	0
0	0
0	0
0	0
0	1
0	0
0	0
0	0
0	0
0	0
0	0
0	1
0	0
0	1
0	0
0	0
0	1
0	1
0	0
0	0
0	1
0	1
0	1
0	0
0	0
0	0
0	0
0	0
0	0
0	0
0	0
0	0
0	1
0	0
0	0
0	0
0	1
0	0
0	0
0	1
0	0
0	0
0	0
0	0
0	0
0	0
0	0
0	1
0	1
0	0
0	1
0	1
0	0
0	0
0	0
0	1
0	1
0	1
0	0
0	0
0	0
0	0
0	0
0	0
0	0
0	0
0	28
0	28
0	28
0	17
7	22
0	11
0	1
0	1
0	0
0	0
0	100
0	66
0	65
0	63
0	0
0	297
0	175
0	3
0	19
1	0
0	1029
0	710
20	896
0	1106
0	444
1	363
0	675
0	115
0	26
0	53
0	45
0	0
0	37
0	183
0	114
0	138
0	62
0	1
0	181
0	0
0	0
0	33
0	1
0	22
0	18
7	34
0	13
0	14
0	189
0	23
0	26
0	143
0	180
0	0
0	0
0	0
0	0
0	0
0	0
0	0
0	0
0	0
0	0
0	0
0	0
0	0
0	0
0	1
0	1
0	0
0	0
1	5
0	7
0	34
0	0
0	0
0	0
0	0
0	1
0	0
0	0
0	0
0	1
0	1
0	1
0	1
0	1
0	0
0	0
0	0
0	0
0	0
0	1
0	1
0	1
0	1
0	0
0	0
0	0
0	20
0	20
0	0
0	0
0	1
0	0
0	15
0	51
0	53
0	53
0	51
0	51
0	51
0	51
0	4
0	54
1	18
1	25
0	36
0	17
0	0
0	0
0	0
0	0
0	0
0	0
0	0
0	0
0	0
0	0
0	0
0	0
0	0
0	0
0	0
0	0
0	0
0	0
0	0
0	0
0	360
0	0
0	0
0	0
0	0
0	0
0	0
0	0
0	0
0	0
0	0
0	0
0	0
0	0
0	37
0	46
0	83
0	51
0	1703
0	1442
3	1720
9	760
1	315
0	308
0	227
0	201
24	1
0	0
0	1
0	267
0	71
0	538
1	16
0	340
0	291
1	3
0	38
0	27
0	427
0	396
0	413
3	78
0	26
2	145
0	28
0	33
0	31
0	25
0	420
0	0
0	0
0	167
0	166
0	154
0	12
0	0
7	10259
0	10211
0	9037
1	5632
0	8695
41	3988
0	8079
0	7307
0	2547
0	0
0	0
0	0
0	0
0	0
0	0
0	0
0	0
0	0
0	0
0	90
0	23
0	26
0	60
2	28
0	0
0	1
3	2237
0	202
0	1723
0	650
0	1861
0	320
0	386
1	292
0	224
0	17
1	662
0	0
0	47
0	0
0	0
0	136
0	166
0	124
0	131
0	94
0	88
0	89
0	90
0	94
0	89
0	65
0	14
0	18
0	10
0	5
0	0
0	0
0	164
0	4
0	6
0	16
2	46
0	49
0	1
0	1
0	0
0	1
0	0
0	0
0	1
0	0
0	0
0	0
0	0
0	0
0	1
0	0
19	5
226	66
0	28
0	270
0	662
0	655
0	203
0	102
0	53
0	27
0	51
0	76
0	78
0	40
0	0
0	25
0	0
0	25
0	0
0	0
0	0
0	0
0	80
0	80
1	80
3	114
0	2
0	121
0	133
0	135
0	70
0	969
0	365
0	1080
0	99
0	51
0	104
0	146
0	140
1	194
1	19
0	66
0	282
0	59
0	0
0	0
0	0
0	0
0	0
0	0
0	0
0	1
0	1
0	2
0	0
0	0
0	0
0	91
0	109
0	871
0	890
0	56
0	0
0	0
0	0
0	0
0	0
0	0
0	0
0	0
0	16
0	16
0	16
0	394
1	46
0	394
0	1
0	1
0	508
0	176
0	175
0	54
0	104
0	2
0	0
0	0
0	1
0	0
0	0
0	14
0	103
0	76
0	282
0	519
0	659
0	43
3	108
0	281
0	0
0	670
0	1314
0	478
0	1201
0	1227
0	230
0	186
0	297
0	205
0	763
0	790
11	0
0	0
0	195
0	359
0	164
0	117
0	461
2	70
0	22
0	67
0	62
0	0
0	0
0	221
0	151
0	254
0	257
0	255
0	890
0	945
0	911
0	902
0	884
0	69
0	286
0	27
0	341
0	287
0	7
0	32
2	20
0	96
0	47
0	45
0	56
1	518
0	455
2	92
0	108
0	144
0	210
0	52
0	250
0	141
0	104
0	20
0	251
1	111
0	166
0	122
0	66
0	49
0	39
0	24
0	0
0	3
0	15
0	16
0	16
0	16
0	3
0	1
0	10
0	1
0	0
0	3
0	0
0	3
0	1
0	18
0	1
0	20
0	22
0	0
0	7
0	3
0	2
1	1
2	1969
0	182
0	1207
0	1323
0	1044
0	341
0	645
0	549
5	384
0	168
2	212
0	14
1	25
0	15
0	73
0	77
0	85
1	85
0	0
0	1
0	0
0	1
0	0
0	0
0	0
0	0
0	0
0	0
0	0
0	0
0	1
0	6
0	0
0	6
0	36
0	1
0	30
0	18
0	11
0	23
0	8
0	7
0	24
0	4
0	3
0	394
0	394
0	24
0	6
0	0
0	0
3	0
0	6
0	6
0	6
0	4
0	1
0	0
0	0
0	0
18	441
0	0
0	813
0	813
10	68
11	61
0	0
0	114
0	56
0	11
0	11
2	98
0	118
2	38
0	61
0	10
3	11
0	4
0	72
9	7
0	27
12	89
3	15
0	4
0	65
0	66
0	61
7	72
0	1
0	36
0	3
0	0
0	180
0	583
0	580
0	583
0	326
0	47
0	0
0	558
0	558
3	307
0	1
0	3
0	10
0	10
0	2
2	5
0	12
0	7
0	4
0	3
0	182
0	480
0	480
0	323
0	371
0	66
0	47
0	32
0	14
0	1
4	241
0	339
3	121
0	8
0	8
1	10
0	8
0	200
2	176
3	25
0	95
9	71
0	4
0	4
0	4
0	4
0	4
0	4
0	4
0	4
0	5
0	5
0	5
0	5
0	5
0	5
0	5
0	2
0	2
0	0
0	0
0	1
0	1
0	1
0	459
1	401
0	61
0	34
0	41
7	30
0	17
5	47
0	27
0	27
0	349
3	29
7	380
0	14
2	35
0	322
0	59
8	76
0	15
0	21
0	14
3	669
23	122
16	710
0	619
28	635
3	541
2	278
0	644
7	621
0	684
0	653
0	169
0	265
0	287
0	222
0	276
0	237
0	176
0	129
9	192
0	116
4	61
0	33
0	33
0	675
0	235
0	659
11	6
0	7
0	7
0	0
0	1
0	0
0	0
0	0
0	0
0	0
0	0
0	0
0	0
0	0
0	0
0	0
0	0
0	0
0	0
0	0
0	0
2	479
0	37
0	97
0	29
0	11
0	0
0	0
0	0
0	7
0	10
0	9
0	1
0	1
0	3
0	119
0	0
0	0
0	0
0	0
0	0
0	0
0	5
0	5
0	2
0	2
0	2
0	2
0	2
0	2
0	4
0	2
0	0
0	1256
11	1107
1	155
0	52
0	2
0	302
0	8
0	309
0	275
2	68
0	258
0	68
0	135
0	250
2	242
0	229
0	53
0	0
4	155
0	252
0	274
0	216
0	206
0	17
0	0
0	274
0	227
0	0
0	0
0	0
0	0
0	0
0	13
0	0
0	0
0	0
0	3
0	0
0	326
0	278
5	161
0	139
0	113
0	110
0	80
0	44
0	4
0	1
0	210
0	210
0	210
0	112
0	141
0	65
0	0
0	0
0	1
0	0
0	1
0	0
0	0
0	0
0	0
0	0
0	51
0	64
0	69
0	63
1	18
0	63
1	22
0	75
0	57
2	10
0	34
0	7
0	28
0	21
0	76
0	70
0	0
0	0
0	1163
0	661
0	219
1	625
0	577
0	212
0	0
0	1161
0	946
0	694
0	1182
0	47
0	117
0	181
0	0
0	0
0	0
0	7
0	10
0	9
0	1
0	0
0	3
0	9
0	0
0	0
0	917
2	516
0	917
0	52
0	137
0	472
0	562
0	545
0	159
0	73
0	27
2	10
0	95
0	72
0	85
0	95
0	57
0	38
0	25
0	32
0	107
0	79
0	55
0	71
0	70
1	87
0	16
0	39
0	52
0	10
0	8
0	0
0	0
0	0
0	0
0	0
0	0
0	0
0	217
0	395
0	424
0	411
0	219
0	359
0	184
0	101
0	1
0	433
0	461
0	0
0	944
0	953
15	924
0	910
251	648
0	125
39	96
0	0
0	5
0	5
0	5
0	5
0	5
0	5
0	5
0	5
0	6
0	6
0	2
0	2
0	2
0	2
0	2
0	2
0	2
0	0
0	0
0	0
0	0
0	1
0	2
0	2
0	2
0	0
0	4
0	0
0	0
0	0
0	0
0	0
0	0
0	0
0	0
0	0
0	1
0	1
0	1
0	2
0	2
0	2
0	3
0	3
0	4
0	0
0	0
0	2
0	3
0	0
0	0
0	0
0	1
0	70
0	66
1	606
0	537
0	400
1	110
5	40
2	25
3	24
0	97
1	170
3	60
0	9
0	16
0	8
0	639
0	622
0	746
0	198
0	36
0	0
0	0
0	0
0	0
0	0
0	117
0	120
0	108
0	20
0	101
0	101
1	13
0	37
0	0
0	1
0	1
0	3
0	1
0	1
0	1
0	1
0	1
0	1
0	0
0	2
0	1
0	1
0	1
0	1
0	0
0	1
0	1
0	1
0	1
0	1
0	1
0	1
0	0
0	0
0	0
0	479
0	1315
0	1230
0	545
0	460
0	577
0	154
0	633
0	795
0	0
0	0
0	0
0	0
0	0
0	0
0	0
0	0
0	0
0	0
0	0
0	0
0	529
0	460
0	424
1	1432
1	1394
0	1092
0	0
0	0
0	0
0	0
0	0
0	0
0	0
0	0
0	0
0	0
0	0
0	0
0	0
0	0
0	0
0	0
0	0
0	0
0	3
0	4
0	3
0	1
0	1
0	4
2	289
0	826
1	765
0	574
5	512
0	340
6	282
2	255
11	91
0	0
0	165
0	16
0	0
0	0
0	175
0	136
0	92
0	221
0	643
0	414
0	633
0	520
0	523
0	78
0	46
0	130
0	137
0	180
0	146
0	130
3	80
0	139
0	90
1	40
0	24
0	483
0	486
0	3
0	3
0	211
10	189
0	0
0	0
0	29
0	33
0	209
0	203
0	62
0	208
0	52
0	22
1	18
0	17
0	198
0	15
1	182
0	203
3	203
0	0
0	0
0	0
0	0
0	1
0	0
0	262
0	301
0	87
10	300
0	0
0	0
0	14
0	59
0	372
0	299
7	8
0	18
4	92
0	98
0	95
0	1
0	0
0	0
0	5
0	0
0	0
0	0
0	3
0	471
0	4
0	2
0	224
1	6
0	0
0	33
0	0
0	0
0	0
0	0
0	0
0	1
0	8
0	13
0	13
0	1
0	0
0	0
0	0
0	0
0	0
0	255
32	177
1	41
0	26
0	0
0	0
0	0
0	0
0	0
0	2
0	0
0	0
0	1
0	1539
0	4883
0	4871
0	3178
0	1575
0	1558
0	3128
0	4192
0	2543
0	1652
0	4175
0	4085
0	4068
0	4902
0	3081
0	0
0	0
0	0
0	1256
5	974
5	1241
0	1492
1	783
6	475
6	208
1	353
27	398
0	583
37	4
0	0
0	0
0	0
0	0
0	0
0	0
0	0
0	0
0	0
0	0
0	0
0	0
0	0
0	0
0	4908
0	0
0	0
0	0
0	0
0	0
0	0
0	3
0	3
0	6
0	6
0	6
0	4
0	4
0	0
0	0
0	0
0	0
0	0
0	0
0	0
0	0
0	0
0	0
0	0
0	0
0	0
0	0
0	0
0	0
0	0
0	0
0	0
0	0
0	1
0	1
0	1583
2	1478
10	1389
15	86
31	157
0	50
0	130
0	2
0	2
0	2
0	4
0	0
0	0
0	0
0	0
0	1
0	1
0	1
0	2
0	2
0	2
0	0
0	0
0	0
0	0
0	0
0	4
0	0
0	0
0	0
0	0
0	0
0	0
0	0
0	0
0	344
0	0
0	8
0	11
0	10
0	1
0	1
0	1
0	917
0	931
0	3
0	3
0	3
0	2
0	0
0	0
0	3
0	0
0	493
0	0
0	0
0	2
0	0
0	0
0	2
0	0
0	2
0	0
0	0
0	0
0	0
0	0
0	0
0	0
0	0
0	0
0	0
0	0
0	0
0	0
0	0
0	0
0	0
0	0
0	3
0	3
0	0
0	10
0	435
0	418
0	529
0	529
0	132
0	324
0	221
0	178
0	118
0	99
0	113
0	69
0	62
0	0
0	1
0	0
0	0
0	0
0	0
0	0
0	0
0	0
0	0
0	0
0	0
0	0
0	0
0	139
0	90
0	22
0	1707
0	332
0	230
0	160
0	3
0	19
0	18
0	22
0	8
0	41
0	34
0	34
0	27
0	22
0	51
0	2
0	1
0	2
0	2
0	2
0	4
0	4
0	4
0	4
0	4
0	0
0	4
0	1
0	0
0	1
0	0
0	0
0	0
0	0
0	0
0	0
0	0
0	0
0	0
0	0
0	0
0	130
0	513
0	505
0	264
0	170
1	330
0	481
0	140
0	481
0	481
0	269
7	117
0	1768
19	27
0	1765
60	1771
0	1366
0	1773
0	1764
0	53
0	1529
0	1348
1	34
0	1742
0	82
0	1746
0	175
0	26
0	174
1	106
2	99
2	51
0	0
0	0
0	0
0	0
0	0
0	0
0	0
0	0
0	0
0	0
0	0
0	0
0	0
0	0
0	0
0	0
0	0
0	0
0	0
0	0
0	0
0	0
0	0
0	0
0	0
0	155
0	736
0	162
1	334
0	0
0	0
0	0
0	0
0	0
0	0
0	0
0	0
0	4910
0	3168
0	1539
2	3303
0	4088
0	4190
0	4889
35	2477
0	4096
0	4877
0	1555
0	4121
6	58727
0	51647
0	11
0	8
0	0
0	8
0	8
0	0
0	0
0	0
0	0
0	694
0	704
0	681
0	361
0	56
1	19
0	92
0	436
0	687
0	335
0	120
0	32
0	240
0	690
0	651
0	1956
0	2022
0	2089
0	1285
0	229
0	316
0	0
0	0
0	0
0	109
0	480
0	985
0	206
0	3
0	4
0	6
3	3
0	3
0	13
0	16
0	0
0	0
0	0
0	0
0	0
0	0
0	0
0	0
0	0
0	0
0	0
0	0
0	1
0	1
0	0
0	0
0	273
0	4
0	4
0	0
0	4
0	4
0	4
0	4
0	0
0	0
0	0
0	5
0	8
0	7
0	0
0	1
0	3
5	95
0	28
0	0
0	2
0	283
0	281
0	279
0	7
0	16
0	84
5	16
4	98
0	236
0	13
0	9
0	7
0	4
0	31
0	284
0	84
0	0
0	170
0	141
0	296
0	116
0	278
9	94
0	19
0	0
0	0
0	1
0	23
0	10
0	240
0	298
0	267
0	288
0	26
0	9
0	67
0	83
0	4
0	4
0	4
0	4
0	4
0	4
0	4
0	4
0	5
0	5
0	2
0	2
0	2
0	2
0	2
0	2
0	2
0	0
0	908
0	899
0	852
0	858
0	982
10	3748
33	2757
1	2251
0	24
0	166
0	24
0	24
0	36
0	0
0	0
0	0
0	0
0	2
0	0
0	0
0	2268
0	36
1	62
2	172
5	185
0	2
0	13
0	17
0	48
0	67
1	38
0	0
0	0
0	0
0	0
0	0
0	0
0	0
0	0
0	0
0	0
0	0
0	0
0	0
0	0
0	0
0	0
0	0
0	0
0	0
0	23
0	89
0	36
0	38
0	4
0	2
0	225
2	171
0	199
0	198
0	3
2	0
9	60
0	9
0	47
0	25
0	33
0	28
0	31
0	42
0	13
0	0
0	21
0	3
0	12
0	23
17	48
0	62
0	39
0	13
0	5
42	10
0	32
0	58
0	69
0	66
0	0
0	0
0	0
0	0
0	0
0	594
0	154
0	192
0	220
0	247
0	32
4	245
1	110
0	5
0	1
0	1
0	1
0	0
0	1
0	2
0	0
0	0
0	0
0	130
0	130
0	220
0	238
0	95
0	108
0	42
0	18
0	19
0	16
4	1668
0	741
0	869
0	719
0	1220
0	677
0	789
0	630
0	10
0	803
0	1189
0	5
0	840
0	1463
0	12
0	17
0	14
0	2
0	2
0	2
0	2
0	2
0	0
0	1
0	1
0	2
0	175
0	38
0	226
0	185
0	146
1	122
0	224
0	225
0	0
0	0
0	0
0	0
0	0
0	0
0	0
0	1
0	3
0	3
0	1
0	2
0	2
0	53
0	0
0	0
0	3
0	4
0	8
1	4
0	2
0	15
0	13
0	11
0	4
0	3
0	47
0	16
0	16
0	5
0	1971
0	89
21	47
0	158
1	54
0	203
0	157
0	782
0	5
2	69
0	5
0	53
0	69
0	69
0	69
0	69
0	46
0	34
0	0
0	0
0	0
0	0
0	0
0	0
0	0
0	0
0	0
0	0
0	20
0	22
0	0
0	0
0	8
0	10
0	2
0	0
0	0
0	0
0	0
0	0
0	0
0	0
0	0
0	0
0	147
0	11
0	11
0	104
0	3
0	82
0	89
0	11
0	175
0	115
0	8
0	10
0	6
1	9
0	89
0	0
0	0
0	0
0	56
0	59
0	14
0	5
0	5
0	8
0	8
0	8
0	5
0	64
0	70
0	0
0	0
0	7
0	0
0	3
0	3
0	0
0	0
0	0
0	483
0	197
0	490
0	208
5	143
0	190
0	385
0	392
9	24
0	17
0	53
0	179
0	303
0	1
0	1
0	1
0	1
0	1
0	1
0	0
0	0
0	0
0	0
0	0
0	0
0	0
0	1
0	0
0	0
0	0
0	0
0	0
0	0
0	0
0	0
0	0
0	0
0	3
0	5
0	3
0	7
0	6
0	8
0	5
0	2
0	0
0	0
0	0
0	0
0	308
0	261
0	130
0	12
1	14
1	112
0	112
0	73
0	35
0	13
0	40
0	19
0	261
0	189
0	163
0	160
0	46
0	223
0	91
0	33
0	157
0	65
0	71
0	104
0	195
0	219
0	203
0	139
0	58531
0	43001
0	168
0	50
0	48
0	51
0	40
0	404
0	1209
0	1446
1	1213
0	6
0	6
0	6
0	6
0	6
0	0
0	6
0	6
0	6
0	6
0	6
0	1
0	0
0	5
0	6
0	0
0	0
1	536
0	513
4	496
0	487
0	594
1	1
0	11
0	13
0	11
0	2
0	0
0	0
0	0
0	0
0	0
0	0
0	0
0	0
0	0
0	183
0	225
0	144
0	223
0	205
0	191
0	207
0	45
0	154
0	211
0	326
0	0
0	1
0	1
0	0
0	1
0	1
0	1
0	1
0	1
0	0
0	1
0	0
0	0
0	0
0	12
0	11
0	13
0	10
0	4
0	1
0	0
0	2
0	0
0	0
0	0
0	0
0	0
0	0
0	0
0	29
11	36
0	29
0	36
0	31
0	3
0	11
0	12
0	14
0	11
0	10
0	6
0	0
0	0
0	6
0	0
0	0
0	0
0	0
0	0
0	1333
0	366
10	55
0	93
0	224
0	0
0	0
0	0
0	0
0	0
0	3
0	3
0	3
0	3
0	3
0	0
0	0
0	0
0	0
0	0
0	0
0	0
0	18
0	21
0	17
0	9
1	839
1	185
1	689
0	568
0	783
0	0
0	0
0	0
0	0
0	0
0	0
0	0
0	0
0	4
0	4
0	0
0	0
0	0
0	0
0	5
0	3
0	0
0	0
0	0
0	0
0	0
0	0
0	207
0	45
0	205
0	191
0	211
0	224
0	222
0	143
0	325
0	166
0	0
0	0
0	0
0	0
0	0
0	0
0	0
0	0
0	0
0	0
0	0
0	0
0	0
0	0
0	0
0	0
0	0
0	0
0	0
0	1
0	1
0	770
0	770
5	196
0	766
1	360
0	416
0	357
0	390
0	344
0	363
0	310
0	301
0	312
0	149
1	21
0	33
0	153
3	6
0	12
6	81
1	11
0	57
1	8
0	39
0	39
0	0
0	4
0	4
0	301
0	1
0	1
1	8224
0	8212
2	641
0	368
10	542
11	720
2	349
0	38
0	2919
4	155
2	399
0	405
1	142
0	168
0	0
0	0
0	0
0	0
0	0
0	0
0	0
0	0
0	0
0	0
0	0
0	0
0	0
0	0
0	0
0	0
0	0
0	1
0	1
0	1
0	1
0	1
0	1
0	0
1	250
2	290
0	280
0	244
0	252
0	252
1	290
0	294
0	294
0	1
3	6
0	5
0	0
0	1
1	0
0	0
0	1
0	392
0	356
0	71
0	362
0	293
0	362
0	6
0	93
0	124
0	0
0	0
0	0
0	0
0	0
0	0
0	0
0	0
0	0
0	0
0	0
0	63
1	38
0	341
0	86
0	338
0	35
0	355
0	30
0	329
0	49
0	331
0	0
0	227
0	91
0	84
0	60
0	64
0	74
0	53
0	64
0	48
0	0
0	1
0	1
0	9
0	117
0	1
0	1511
0	1611
0	1515
0	1508
0	1272
0	1508
0	1509
2	315
2	190
0	2826
0	3509
0	171
0	1805
0	931
0	503
0	493
0	448
0	857
1	1
4	762
0	427
0	0
0	0
0	0
0	123
0	10
0	120
0	121
0	96
0	53
0	17
0	21
0	15
0	113
0	109
0	328
1	516
0	645
11	244
0	321
0	10
0	10
0	0
0	0
0	0
0	48
0	34
0	1
0	1
0	0
0	72
0	100
0	166
0	166
0	173
0	38
0	27
0	55
0	49
0	79
0	51
1	10
0	15
0	162
0	0
0	391
0	2
0	230
0	1
0	249
0	23
0	274
0	0
0	0
1	28
0	8
1	4
0	29
0	0
0	1
0	25
0	10
0	9
0	4
0	5
0	4
0	1
0	0
0	0
0	0
0	0
0	17
0	54
0	0
0	0
0	0
0	240
0	279
0	87
0	2
1	0
0	0
0	4
0	4
0	4
0	3
0	4
0	0
0	3
0	3
0	3
0	0
0	1
0	1
0	2
0	2
0	0
0	0
0	0
0	0
0	6
0	10
0	0
0	0
0	26
0	83
0	70
0	12
1	26
0	26
0	6
0	0
0	11
0	31
0	11
0	40
3	0
0	0
0	0
5	6
0	4
0	32
0	2
0	14
0	2
0	0
0	1
0	1
0	1
0	1
0	5
0	3
0	5
0	8
0	4
0	4
0	145
0	210
0	260
0	210
0	172
0	254
0	275
0	152
0	145
0	89
0	0
0	0
0	695
0	793
0	745
0	693
0	693
0	709
0	1088
0	1103
0	1080
0	162
0	1
0	0
0	1
0	0
0	0
0	0
0	0
0	0
0	0
0	0
0	0
0	0
0	0
0	0
0	0
0	0
0	0
0	0
0	0
0	0
0	0
0	0
0	0
0	0
0	0
0	0
0	0
0	0
0	0
0	0
0	788
0	763
0	184
0	80
21	116
0	0
1	72
1	4
0	67
0	0
0	0
0	0
0	0
0	0
1	0
0	1673
0	191
0	69
0	6
0	180
0	1144
0	190
0	158
0	482
0	384
0	489
0	391
0	0
0	0
0	0
0	0
0	1
0	1
0	0
0	0
0	0
0	0
0	0
0	0
0	0
0	0
0	0
0	0
0	0
0	0
0	0
0	0
0	0
0	0
0	0
0	0
0	0
0	3
0	3
0	3
0	1
0	1
0	1
0	0
0	0
0	0
0	0
0	15
0	15
0	3
0	9
1	0
0	0
0	0
0	0
0	0
0	0
0	0
0	0
0	0
0	0
0	0
0	0
0	0
0	0
0	0
0	0
0	0
0	4
0	793
0	745
0	790
0	767
0	185
0	5
0	3
0	5
0	8
0	4
0	4
0	0
0	0
0	0
0	0
0	0
0	0
0	0
0	0
0	0
0	0
0	0
0	0
0	0
0	0
0	16
0	14
0	0
0	0
0	0
0	475
2	428
0	403
0	149
0	362
0	283
0	28
2	17
2	6
0	0
1	18
0	216
3	85
0	85
0	19
0	35
0	35
3	20
0	36
3	24
0	3
0	0
0	1
0	1
0	1
0	2
4	398
0	417
0	268
0	222
0	181
0	174
0	155
0	408
0	4
0	4
0	4
0	4
0	3
0	2
0	2
0	2
0	0
0	0
0	0
0	0
0	48
0	48
0	14
0	14
0	3
0	4
0	4
0	1
0	7
0	7
0	6
0	6
0	5
0	6
0	6
0	6
0	6
0	5
0	1
0	0
0	10
0	10
0	668
0	678
0	655
0	337
0	56
0	412
0	661
0	333
0	119
0	216
0	107
0	218
0	28
0	0
0	6
0	1
0	1
0	3
0	0
0	1
0	6
0	0
0	3
0	3
0	4
0	1
0	2
0	3
0	2
0	5
0	4
0	6
0	6
0	0
0	0
0	200
0	0
0	33
0	754
0	40
0	722
0	743
0	20
0	575
0	142
0	759
0	724
0	180
0	186
0	765
0	543
0	542
1	108
0	124
0	180
0	696
0	770
0	315
0	300
0	136
0	103
0	98
0	45
3	48
0	3
0	3
0	1
0	1
0	3
0	0
0	0
0	0
0	0
0	0
0	2
0	3
0	2
0	2
0	0
0	0
0	372
0	394
0	145
0	353
0	278
0	28
0	214
0	15
0	85
0	17
0	33
0	35
0	36
0	180
0	234
0	193
0	195
0	193
0	125
0	3
0	0
0	0
0	0
0	0
0	8
0	8
0	0
0	0
0	2
0	2
0	2
0	3
0	3
0	2
0	3
0	1
0	2
0	2
0	3
0	0
0	0
0	0
0	0
0	0
0	0
0	130
0	0
0	1
0	0
0	1
0	111
0	112
0	51
0	166
0	41
0	44
0	6
2	484
2	7
0	1
0	1
0	0
0	5
0	0
0	3
0	2
0	2
0	2
0	0
0	0
0	0
0	2
0	1
0	664
91	1453
0	1937
0	2179
0	1840
0	2151
0	1994
0	1681
0	1712
0	1755
0	1051
0	1342
0	1250
0	1318
0	1285
0	1136
0	990
0	1017
0	620
0	425
6	265
0	326
26	127
33	143
1	145
0	120
0	110
0	79
15	79
0	91
0	65
0	64
0	64
0	50
0	45
0	31
0	19
0	25
0	32
0	25
0	21
0	20
0	19
0	1721
0	2070
0	1997
0	2188
0	310
0	301
0	312
0	149
0	153
0	39
0	4
0	301
0	4
0	2
0	0
0	0
0	303
0	27
0	211
0	75
0	127
0	12
0	38
0	631
0	621
0	624
0	594
0	336
0	332
0	416
0	94
0	1
0	139
1	83
4	82
0	123
0	56
0	130
0	130
1	24
0	7
0	204
0	43
0	205
0	190
0	208
0	217
0	215
0	136
0	318
18	555
0	45
3	0
0	273
0	82
0	16
0	4
0	14
0	2
1	2
0	1
0	1
0	1
0	0
0	33
0	0
0	0
0	0
0	0
0	0
0	0
0	0
0	225
0	53
0	168
0	0
0	0
0	1332
0	92
0	223
0	3
0	11
0	12
0	14
0	11
0	10
0	6
0	7
0	5
0	3
0	3
0	3
0	0
0	0
0	1
0	1
0	145
0	154
0	7
0	91
0	83
0	160
0	154
0	87
0	43
0	108
0	156
0	103
0	144
0	24
0	7
0	0
0	423
0	0
0	0
0	3
0	0
0	3
0	0
0	0
1	398
0	303
0	295
0	12
0	17
0	1
0	1
0	2
0	1
0	119
0	129
0	316
0	379
0	161
0	70
0	1268
0	119
0	1247
0	1245
0	1150
0	61
0	211
0	615
0	537
0	22
0	50
0	50
0	17
0	173
0	1225
0	1
0	4019
2	684
23	422
13	272
0	8
5	167
0	109
0	96
0	175
0	0
0	0
0	29
3	3
0	0
0	0
0	0
0	658
0	636
0	649
0	137
0	635
0	129
0	113
0	581
0	629
0	65
0	143
0	59
1	81
0	70
0	43
7	0
0	2
0	0
0	2814
0	169
0	3482
0	1793
0	0
0	0
0	0
0	0
0	12
6	639
0	677
0	633
3	622
1	177
0	95
0	104
0	57
6	47
0	80
1	16
0	48
0	639
0	907
0	180
0	974
0	669
1	795
68	937
3	678
5	965
4	970
11	664
0	726
0	882
0	1182
0	47
0	181
0	5
0	2
0	0
0	0
0	534
0	324
0	534
0	440
0	129
0	178
0	30
0	131
0	69
0	129
0	153
0	429
0	117
0	297
0	279
0	0
0	2212
0	503
0	532
0	348
0	414
0	400
0	167
6	61
0	370
0	347
0	273
0	194
6	146
2	114
0	190
0	771
0	164
0	830
0	809
0	771
0	212
0	186
0	182
0	35
0	29
0	57
0	830
0	1
0	392
0	346
0	372
0	589
0	527
0	954
0	890
0	846
0	748
0	692
0	107
0	225
0	126
0	132
0	181
0	138
0	269
0	104
0	294
2	122
0	160
0	109
0	111
0	112
0	51
0	166
0	41
0	3
0	3
0	3
0	3
0	2
0	2
0	2
0	2
0	2
0	2
0	2
0	0
0	0
0	0
0	0
0	0
0	0
0	0
0	0
0	62
0	61
0	30
0	33
0	110
0	56
0	58
0	8
0	0
0	0
0	352
0	371
0	397
0	0
0	0
0	31
0	172
0	173
0	24
0	58
0	171
0	158
0	55
0	41
0	17
0	154
0	25
0	52
0	46
1	22
0	1
0	1
0	1
0	1
0	1
0	0
0	0
0	0
0	0
0	0
0	0
0	0
0	0
0	338
0	329
0	49
0	341
0	86
0	63
0	355
0	331
0	0
0	544
0	558
0	468
0	537
0	361
0	363
0	544
0	65
0	3
0	5
2	0
0	13
0	53
0	85
0	254
0	61
0	65
0	75
0	54
0	65
0	92
0	1
0	1
0	253
0	263
0	253
0	249
0	242
0	0
0	0
0	1
0	4
0	4
0	1
0	132
0	136
0	104
0	1496
0	0
0	0
0	0
0	0
0	46
0	84
0	8
0	26
0	27
0	42
0	37
0	10
1	22
0	27
0	22
0	12
1	14
0	936
2	71
0	187
0	143
0	75
0	38
0	62
0	139
0	46
1	98
0	214
0	106
0	115
0	0
0	0
0	0
0	0
0	0
0	0
0	0
0	0
0	0
0	0
0	295
0	122
0	132
0	104
0	267
0	180
0	109
0	341
0	86
0	338
0	355
0	329
0	49
0	331
0	157
0	54
0	310
0	168
0	12
0	73
2	65
2	152
0	245
0	125
0	83
0	287
0	106
0	11
0	176
5	403
0	145
11	246
1	119
0	51
0	35
0	217
0	83
0	45
0	51
0	1156
0	946
0	694
0	1184
0	181
4	14771
0	11104
0	13990
0	4585
0	4607
0	5431
1	2883
0	2594
0	3382
1	2277
0	76
0	0
0	1
0	10
0	10
0	31
0	0
0	11
0	242
0	262
0	112
0	86
0	351
0	3924
0	3910
0	4034
0	272
0	729
0	419
0	711
0	2285
0	305
0	410
0	493
0	491
0	340
0	1788
2	214
0	887
0	996
0	896
3	996
0	1009
0	973
0	1095
0	745
0	729
0	727
0	715
0	410
0	567
0	470
0	3987
0	3296
0	949
0	942
0	588
0	107
0	86
0	53
0	53
0	77
0	35
0	33
0	4
0	4
0	4
0	1673
0	1144
0	190
0	158
0	2
0	2
0	2
0	2
0	2
0	2
0	2
0	6
0	6
0	5
0	5
0	5
0	5
0	5
0	5
0	5
0	5
0	0
0	6
0	298
0	298
0	248
0	248
9	173
0	176
0	163
0	189
0	48
0	775
0	871
0	811
0	834
3	819
0	466
0	531
3	717
21	523
0	708
0	0
0	893
0	925
0	642
41	88
0	21
0	265
0	722
0	66
0	0
0	5
0	47
0	1
0	134
0	139
1	8
0	63
17	9
0	80
2	15
2	106
0	0
1	441
4	446
36	460
0	832
0	905
0	894
0	894
0	905
0	121
5	68
0	63
0	79
0	8
0	367
0	294
0	65
0	51
9	10
0	0
0	0
0	0
0	0
0	0
0	0
0	0
0	0
0	3
0	2
0	3
0	2
0	3
0	2
0	0
0	657
0	580
0	0
0	0
0	0
0	649
0	101
0	194
0	7
0	12
0	5
0	472
5	463
0	429
0	221
0	122
0	27
0	15
0	15
0	44
0	0
0	0
0	0
0	0
0	0
0	0
0	0
79	65
24	61
0	48
1	0
0	220
3	198
0	215
0	158
0	83
1	22
0	37
0	31
0	2
0	0
0	0
0	0
0	0
0	0
0	1
0	1
0	1
0	0
0	2369
1	1028
0	448
0	1861
0	478
0	116
4	765
17	556
1	507
0	213
0	839
0	567
0	565
0	405
0	410
0	388
0	352
0	258
0	108
0	176
0	2384
0	29439
0	26815
0	26817
0	26846
0	0
0	0
0	0
0	0
0	0
0	0
0	1308
0	321
0	1289
0	12
0	1208
0	641
1	1610
0	1564
0	1491
0	1492
0	1490
0	1
0	1
0	1
0	0
0	0
0	0
0	0
0	0
0	0
0	58577
0	43047
0	432
0	367
0	329
0	284
0	368
0	244
0	181
4	416
0	215
0	119
0	432
0	0
0	0
0	0
0	2
0	2
0	242
0	33
0	28
0	18
0	7087
0	0
0	0
0	0
0	0
0	0
0	0
0	0
0	0
0	0
0	0
0	0
0	0
0	2
0	4
0	678
0	1354
0	597
0	1236
0	1333
0	1331
0	188
0	28
0	61
0	50
0	22
0	211
0	119
0	1335
0	9
0	11
0	0
0	2
0	1
1	2
0	1
0	1
0	948
0	342
0	1059
0	53
0	104
0	259
0	59
0	3
0	0
0	5
0	71
0	78
0	68
0	688
0	0
0	0
0	0
0	1
0	1
0	1
0	0
0	3310
0	567
0	376
0	345
0	214
0	204
0	2921
0	3050
0	666
0	1247
0	162
0	0
0	0
0	0
0	0
0	0
0	0
0	0
0	0
0	0
0	0
0	8
0	20
0	5
0	21
1	0
0	6
0	13
3	9
0	4
0	1840
0	1988
0	1950
0	276
0	87
0	0
0	0
0	0
0	0
0	0
0	4014
0	0
0	0
0	0
0	0
0	347
0	363
0	390
0	399
0	166
0	62
0	61
0	30
0	33
0	110
0	56
0	58
0	3
0	3
0	3
0	3
0	3
0	872
1	557
0	381
0	129
0	237
0	117
0	51
0	33
0	216
0	83
0	45
0	0
0	0
0	0
0	0
1	110
0	126
0	283
0	277
0	284
0	89
0	173
0	136
0	123
0	99
0	84
0	81
0	53
0	17
2	41
2	23
0	815
0	37
0	332
0	400
0	592
0	625
0	619
0	622
0	2
0	236
0	54
0	28
0	345
0	292
0	128
0	148
0	75
0	68
0	2
0	2
0	0
0	0
0	0
0	0
0	1
0	1
0	1
0	1
0	1
0	6
0	0
0	0
0	0
0	0
0	0
0	0
0	0
0	0
0	18
0	0
0	0
0	281
0	33
0	29
2	29
0	0
0	0
0	0
0	0
0	0
0	0
0	0
0	143
0	2440
0	7132
0	11633
0	10183
0	9990
0	3817
0	1848
0	1720
0	3256
0	2264
0	11922
0	11969
0	34
0	40
0	43
0	24
0	11
0	2
0	0
0	0
0	0
0	0
0	0
0	0
0	0
0	0
0	16
0	16
0	16
0	2
0	15
0	2
0	0
0	7
0	10
0	3
0	13
0	7
1	9
0	0
0	122
0	122
0	210
0	35
0	153
0	289
0	336
0	1058
0	1359
0	741
0	451
0	587
0	1366
0	470
0	462
0	501
0	1362
0	0
0	1787
0	1751
0	1737
0	1787
0	1548
1	1050
0	523
0	805
0	855
0	672
2	396
0	520
0	298
0	449
17	184
0	335
0	297
9	48
0	187
0	144
0	137
0	1793
0	1753
0	1743
0	3
0	3
0	2
0	3
0	1
0	3
0	2
0	3
0	260
0	275
0	152
0	454
0	462
0	1483
0	116
0	40
0	3
0	0
0	247
0	0
0	70
0	3
0	32
0	0
0	0
0	0
0	11968
0	202
0	2431
0	11921
0	7163
0	11673
0	10175
0	9990
0	3815
0	1711
0	3269
0	2277
0	0
0	1169
0	587
1	223
2	677
0	625
2	117
0	5
0	7
0	17
0	117
0	116
0	109
0	1187
0	1252
0	1265
0	530
0	544
0	382
0	180
0	577
0	545
0	556
0	468
1	460
0	427
0	51
0	42
1	175
0	241
0	7
0	10
0	221
0	37
0	40
0	19
0	61
0	23
0	68
0	67
1	21
1	9
0	2
0	0
0	0
0	0
1	0
0	10
0	14
0	31
0	40
0	0
0	0
0	0
0	0
0	83
0	955
0	134
0	17
0	54
0	0
0	741
1	1749
0	1415
0	1168
0	730
0	111
0	328
0	206
0	0
0	0
0	0
0	0
0	238
11	128
0	173
2	152
0	102
0	0
0	0
0	0
0	0
0	0
0	89
0	49
0	89
0	22
0	57
0	42
0	23
0	40
0	27
0	50
0	64
0	4
0	27
0	88
0	50
0	13
0	31
0	199
0	0
0	0
0	0
0	0
0	0
0	0
0	0
0	0
0	0
0	0
0	84
0	84
0	0
0	0
0	0
0	0
0	29
0	434
0	403
0	78
0	3
0	1
0	207
0	191
0	188
0	1334
0	366
0	363
0	88
0	161
0	17
0	61
0	395
0	113
3	107
0	1
0	667
0	549
0	526
1	343
0	61
0	112
0	68
0	138
1	40
0	46
0	196
0	106
0	10
0	55
1	18
0	262
0	564
0	574
1	570
0	568
2	88
1	564
1	296
0	205
0	456
0	139
0	470
0	389
5	83
0	293
9	1
0	3
0	0
0	2
0	2
0	1
0	1
0	0
0	3
0	4
0	4
0	0
0	0
0	9
1	0
0	1
1	1
0	1
0	0
0	9
0	7
0	1
0	11086
0	10811
0	9258
0	8103
0	8870
0	10884
40	3939
3	4947
0	33
0	43
8	203
0	42
0	34
0	207
0	228
3	24
0	36
0	203
6	32
9	219
0	27
34	115
0	35
3	63
0	11
0	10
0	3
0	3
0	7
0	7
0	2
0	2
0	4
0	5
0	1
0	4
0	3
0	3
0	0
0	0
0	0
1	0
0	4
0	4
0	3
0	2
0	2
0	2
0	2
0	0
0	0
0	0
0	0
0	1
0	0
0	0
0	0
0	0
0	0
0	0
0	0
0	555
0	745
0	758
0	748
0	201
0	97
0	93
0	83
0	54
0	0
0	80
0	70
0	16
0	27
0	18
0	33
0	38
0	72
0	5
0	0
0	0
0	0
0	0
0	1
0	1
0	0
0	15
0	35
0	4
0	12
0	10
0	10
0	0
0	0
0	0
0	0
0	124
0	12
0	11
0	1
0	3
0	5
1	1176
0	1014
0	0
0	0
0	0
0	70
0	66
0	0
0	0
0	1610
0	1491
0	1490
0	180
0	322
0	309
0	308
0	241
0	82
0	107
0	108
1	0
0	176
0	108
0	292
1	76
0	308
0	309
0	310
0	308
0	308
0	7
0	2
0	262
1	3
0	11
0	12
0	10
0	11
0	14
0	13
0	4
0	4
0	3
0	5
0	6
0	13
0	12
0	12
0	12
0	0
0	12
0	17
0	3
0	0
0	1163
0	661
0	0
0	212
0	1
0	3
0	7
0	1
0	5
0	3
0	71
0	99
0	165
0	165
0	172
0	37
0	27
0	55
0	15
0	161
0	196
0	777
0	170
0	836
0	457
0	815
0	777
0	220
0	192
0	423
0	188
0	41
0	69
0	116
0	836
0	1333
0	1849
0	1802
0	1845
1	1135
0	1353
3	412
0	61
0	257
1	128
0	96
0	91
2	56
0	569
0	19
0	134
0	38
0	48
0	53
0	52
10	21
0	27
0	0
0	17
0	9
0	22
0	21
0	6
0	6
0	6
6	10
0	17
0	23
0	10
0	10
0	9
1	9
0	6
3	8
1	20
0	1
0	1
0	59687
0	44157
0	10
0	10
0	37
0	0
0	3
0	0
0	44
0	38
0	134
4	889
0	114
0	660
0	110
0	633
0	670
0	180
0	1
0	1
0	0
0	0
0	0
0	0
0	0
0	0
0	0
0	0
0	1
0	1
0	4
171	4
0	3152
0	2950
0	915
1	363
0	1227
0	2221
0	483
0	0
0	13
0	32
0	34
0	159
1	1
0	11
0	6
0	30
0	16
1	23
0	10
0	10
0	8
0	156
1	1
0	6
0	9
4	151
0	85
1	4
0	154
0	10
0	7
0	37
0	160
3	8
0	38
0	0
0	160
9	629
0	272
0	208
0	152
0	118
0	262
0	144
0	0
0	0
0	0
0	0
0	0
0	0
0	0
0	125
0	275
0	801
0	654
3	234
0	135
0	206
1	224
0	98
0	164
0	90
0	0
0	0
0	0
0	0
0	0
0	0
0	309
0	273
0	124
0	162
0	24
0	11
0	12
0	0
0	0
0	0
0	0
0	0
0	0
0	0
0	0
0	0
0	537
17	220
0	167
0	225
7	253
0	91
0	91
0	117
0	144
0	138
0	114
0	20
2	20
0	172
0	288
0	309
0	288
0	46
0	105
0	2
0	2
0	1
0	1
0	1
0	1
0	2
0	2
0	1
0	1
0	1
0	1
0	0
0	1
0	1
0	1
0	0
0	1
0	1
0	1730
0	1663
0	1709
0	1281
0	1216
0	239
0	94
0	174
0	660
0	1514
0	90
0	185
4	175
0	151
3	180
0	176
0	178
4	163
3	167
1	158
0	178
0	115
0	5
0	16
12	16
0	0
0	0
0	0
0	0
0	0
0	0
0	0
0	0
0	0
0	0
0	0
0	0
0	0
0	0
0	2
0	0
0	2
0	2221
0	59058
0	12
0	14
0	11
0	2
0	1
0	1
0	1
0	462
0	246
0	451
0	295
2	164
0	1670
0	1751
0	1476
0	295
2	955
0	1538
0	80
0	1668
0	1669
0	574
0	1114
0	1108
0	122
0	226
0	540
0	13
0	122
9	77
1	111
1	98
41	227
26	588
0	131
0	0
0	0
0	0
0	0
0	0
0	0
0	0
0	0
0	224
0	329
0	331
0	499
1	25
1	18
0	16
0	5
0	19
0	10
0	19
1	0
0	0
0	1
0	6
0	206
0	1201
0	1151
0	1313
0	195
0	128
0	152
0	0
0	0
0	0
0	0
0	0
0	1237
0	1200
1	96
5	267
2	487
0	1220
0	65
5	65
0	694
0	704
0	681
0	361
0	32
0	687
0	436
0	335
0	120
0	0
0	186
0	186
0	186
0	436
0	335
0	687
0	681
0	694
0	704
0	337
0	594
0	274
0	112
0	244
0	3
0	440
0	440
0	404
0	270
0	247
0	205
0	143
0	65
0	56
0	47
0	35
0	54
0	23
0	0
0	1432
0	1499
0	587
0	1096
0	457
0	207
0	279
0	0
0	0
0	10
0	10
0	9
0	1
0	0
0	8
0	2
0	0
0	0
17	325
2	1100
0	1269
0	720
0	478
0	742
0	0
0	0
0	3178
0	1570
0	2549
0	4889
0	3128
0	4076
0	1553
0	4197
0	4092
0	4180
0	708
0	0
0	0
0	0
0	0
0	261
0	300
0	86
0	605
0	582
0	613
0	588
0	601
7	12
0	4
0	0
0	1
0	0
0	0
0	0
0	0
0	4
0	4
0	305
0	258
0	291
0	219
0	51
0	24
2	107
3	160
0	9
1	61
4	11
0	120
0	95
0	37
0	124
0	29
0	28
7	15
0	26
1	64
0	47
0	54
0	17
0	64
0	56
0	38
0	57
0	54
0	54
0	41
0	6
0	1
0	0
0	0
0	0
0	0
0	0
0	0
0	0
0	0
0	4
0	4
0	4
0	4
0	4
0	0
0	4
0	350
0	348
0	363
0	305
0	348
0	107
0	107
0	327
0	350
0	85
0	40
0	24
0	26
0	35
0	20
0	25
0	19
0	1832
0	258
0	537
0	454
29	115
0	35
0	0
0	0
0	0
0	0
0	0
0	0
0	556
0	749
0	763
0	752
0	206
0	98
0	93
0	84
0	56
0	162
0	0
0	0
0	0
0	0
0	0
0	0
0	0
0	0
0	48
0	18
0	7
0	4
0	48
0	49
0	0
0	0
0	0
0	0
0	36
0	5
0	32
0	1
0	23
0	20
1	24
0	8
0	228
0	62
0	34
0	128
0	10
0	9
0	1
0	3
0	5
0	316
0	246
0	8
0	1
0	256
0	225
0	68
0	107
0	138
0	80
1	74
0	7
0	129
0	82
0	34
0	161
0	553
0	565
0	509
0	91
0	116
0	64
0	109
0	80
0	190
0	78
0	57
0	6
0	559
0	4
0	4
0	4
0	1
0	1
0	0
2	43
0	123
0	84
0	0
0	0
0	0
0	0
0	0
0	0
0	0
0	0
0	0
0	0
0	0
0	0
0	0
0	0
0	192
0	457
0	384
0	841
0	4029
0	4015
0	4139
0	419
0	710
0	2284
0	303
0	407
0	493
0	1788
0	896
0	745
0	715
0	4092
0	3402
0	0
0	29
0	318
0	0
0	0
0	0
0	0
0	0
0	262
0	266
0	64
0	159
0	55
0	85
0	251
0	117
0	712
0	698
0	701
0	6
0	4
0	6
0	4
0	4
0	6
0	0
0	268
0	145
0	158
0	244
5	13
1	26
0	24
0	112
12	208
0	31
0	238
0	1514
0	1614
0	1518
0	1511
0	1275
0	1511
0	1512
0	55
0	5
0	5
0	54
3	1
0	0
0	1
0	0
0	1
0	2
0	2
0	1
0	1
7	0
0	0
0	0
0	1
0	895
0	927
0	247
0	2
0	2
0	1166
21	1149
12	863
7	584
0	978
4	234
6	108
28	79
0	71
3	33
4	43
0	83
2	99
0	55
2	77
7	45
4	71
0	491
1	306
0	261
0	249
0	119
0	108
0	13
2	35
3	10
1	3
0	66
0	70
0	525
0	768
0	765
0	2
0	106
5	7
0	4
0	6
0	908
0	1207
0	489
0	268
0	465
0	429
0	143
0	428
0	421
0	297
0	284
0	93
0	401
0	2811
0	139
0	354
0	0
0	0
0	0
0	0
0	0
0	0
0	0
0	0
0	0
0	0
0	0
0	0
0	61
0	44
0	7
0	5
0	50
0	20
0	5
0	0
0	4
0	24
0	808
0	858
0	702
1	154
0	169
0	80
8	40
0	127
0	69
0	231
0	212
0	955
0	894
0	445
4	134
0	358
0	358
0	265
0	534
0	635
5	632
0	145
8	149
1	730
0	161
0	416
2	266
1	194
0	169
0	96
0	354
0	155
2	52
0	41
6	68
0	5
0	6
0	1
0	0
0	0
0	0
0	0
0	0
0	0
0	0
0	0
0	195
0	234
0	180
0	125
0	193
0	193
0	583
0	723
0	241
0	215
3	99
3	134
0	131
0	16
0	0
0	4
0	0
0	0
0	0
0	192
0	1872
0	1592
2	143
4	148
1	1393
0	287
0	245
0	315
0	245
0	367
0	366
0	100
0	149
0	109
0	35
0	65
5	108
0	41
71	92
0	78
0	1
0	1086
0	221
0	104
1	164
0	1
0	1
0	84
3	22
35	22
0	70
0	2
0	54
0	62
1	62
2	43
0	42
4	38
2	35
0	53
0	0
0	1872
0	1273
1	161
0	523
0	599
1	314
0	820
12	468
6	614
0	710
0	157
7	128
17	292
0	102
0	417
0	183
0	235
0	243
0	76
0	94
0	86
0	70
0	21
0	15
0	83
0	183
0	0
0	0
0	1
0	0
0	1
0	0
0	1
0	0
0	0
0	0
0	0
0	0
0	779
0	836
0	472
0	472
0	788
0	296
0	815
0	438
0	69
0	836
0	675
0	640
6	317
2	445
1	447
0	37
0	381
0	26
0	16
0	28
2	18
0	57
0	16
1	73
0	28
0	8
0	8
0	8
0	8
0	1
0	8
0	26
0	23
0	8
0	8
0	8
0	13
0	17
0	23
0	1
8	784
0	44
2	715
2	589
5	573
0	439
0	783
0	37
0	10
0	10
0	0
0	38
0	5
0	2
1	20
0	20
0	20
0	279
0	1
0	1
0	0
0	280
0	563
0	100
0	27
0	278
0	735
0	3924
0	1788
0	0
0	157
0	193
0	908
0	4659
0	4442
0	3205
0	0
0	0
0	2
0	0
0	0
0	151
0	1506
40	197
2	20
12	29
3	84
8	128
1	22
6	606
5	430
0	56
0	1
0	1
0	1
0	1
0	257
0	138
0	226
0	7
0	877
0	545
0	144
0	110
0	18
0	107
0	868
0	38
0	62
0	0
0	0
0	0
0	0
0	0
0	0
0	2
0	1
0	0
0	0
0	403
0	452
18	99
6	15
0	62
0	147
1	384
0	21
0	238
52	386
0	142
1	75
0	226
0	68
0	705
0	692
0	55
13	69
25	77
0	243
0	228
0	105
0	0
0	0
0	0
0	0
0	0
0	0
0	0
0	0
0	0
0	0
0	0
0	0
0	0
0	0
0	0
0	368
0	368
0	348
0	303
0	368
0	111
0	111
2	310
0	368
0	111
0	90
0	1204
6	107
0	89
0	85
0	107
1	176
0	350
0	653
1	90
0	66
0	605
0	3
0	86
0	123
0	128
0	149
0	100
0	66
0	112
0	111
0	47
0	2
1	735
0	70
0	84
0	198
0	570
0	36
0	242
0	490
0	46
0	171
1	0
5	236
3	221
0	207
4	83
0	45
0	96
0	95
0	30
0	56
0	51
0	64
0	70
0	30
0	7
0	3
0	96
0	61
0	60
0	29
0	31
0	109
0	55
0	57
0	0
0	0
0	0
0	0
0	0
0	0
0	0
0	0
0	0
0	0
0	0
0	0
0	0
0	1
0	1
0	1
0	0
0	1341
0	751
0	240
0	463
0	323
0	563
0	0
0	680
0	465
0	694
0	741
0	40
0	103
0	291
0	291
0	0
0	311
0	357
0	352
0	369
26	377
0	113
4	100
1	88
0	85
4	70
0	66
0	56
0	626
1	230
1	605
2	597
0	116
0	114
0	90
0	104
0	107
0	112
1	107
0	58
0	10
0	11
0	14
0	13
0	4
0	4
0	13
0	6
0	12
0	3
0	12
0	3365
0	146
0	3090
0	2962
0	204
0	351
0	214
0	47
0	237
0	323
0	374
0	565
2	467
0	586
0	35
0	92
1	57
0	11
0	13
0	11
0	76
0	61
0	1491
17	55
14	654
2	815
2	184
18	602
0	111
7	199
2	334
0	0
0	0
0	0
0	4029
0	1788
0	973
0	715
0	48
0	7
0	4
0	0
0	0
21	1798
1	136
1	262
2	61
4	109
1	10
0	1366
0	337
0	217
0	234
0	158
0	165
0	102
0	97
1	103
0	0
0	0
0	0
0	0
0	0
0	0
0	119
0	2
0	0
0	0
1	96
0	90
1	98
0	95
1	14
2	25
0	0
0	0
0	0
0	0
0	0
0	0
0	0
0	0
0	0
0	7
0	1
0	6
0	1
0	0
0	3
0	247
0	7
0	3
0	3
0	3
0	0
0	2
0	2
0	2
0	2
0	2
0	2
0	2
0	165
0	2
0	2
0	0
0	0
0	0
216	2160
0	338
0	169
0	2221
0	1608
0	2118
2	332
1	549
0	1267
0	1912
0	2010
0	3
0	0
15	152
0	938
1	51
0	26
0	0
0	0
0	224
0	200
0	216
0	237
0	237
0	234
0	229
0	237
0	237
0	34
0	20
0	34
0	20
0	1037
1	954
0	935
0	817
0	705
0	495
0	358
1	269
0	345
0	177
0	218
0	0
0	0
0	0
0	543
0	132
0	163
0	162
0	97
0	58
0	65
0	83
0	68
0	75
0	30
0	93
4	124
0	125
0	70
0	0
0	4017
0	195
0	210
0	410
0	482
0	180
0	190
0	106
0	50
0	104
0	133
2	30
0	974
0	669
0	9
0	9
0	0
0	9
0	9
0	3
0	4
0	0
0	4
0	0
0	0
0	138
0	7
0	1
0	1
0	0
0	0
0	0
0	0
0	96
0	2
0	2
0	0
0	0
0	0
0	0
0	0
0	0
0	0
0	0
0	0
0	0
0	0
0	165
0	187
0	788
0	763
0	3053
0	2950
0	1160
0	700
0	469
3	51
1	204
0	2
0	1832
0	455
0	0
0	607
0	584
0	615
0	590
0	603
0	62
0	61
0	110
0	30
0	0
0	0
0	0
0	0
0	2
0	2
0	0
0	0
0	0
0	0
0	4
0	210
0	210
0	214
0	217
0	225
0	118
0	119
0	117
0	85
0	63
0	0
0	0
0	0
0	0
0	0
0	4
0	6
0	0
0	0
0	4
0	4
0	5
0	0
0	0
0	0
0	0
0	0
0	0
0	0
0	3144
10	2837
0	5152
0	10444
0	4746
6	664
1	2176
0	280
0	1667
0	1646
0	7620
0	1951
0	1514
0	1482
0	1386
0	313
0	471
0	0
0	0
0	0
0	0
0	0
0	2
0	100
0	166
0	166
0	173
0	55
0	49
0	79
0	162
0	108
0	123
0	262
0	285
0	125
0	80
0	8
0	0
1	0
0	0
0	0
0	0
0	0
0	0
0	0
369	103
6	97
4	23
0	14
0	1
0	2
0	1
0	89
0	97
0	99
0	98
0	97
0	96
0	12
0	5
0	84
0	0
0	2
0	2
0	209
0	209
0	213
0	216
0	224
0	118
0	85
0	0
0	0
0	0
1	305
0	696
2	745
0	5
0	5
0	3
0	120
0	111
0	148
0	151
4	155
0	20
3	1
2	30
1	21
0	71
0	71
0	71
0	71
0	23
0	0
0	0
0	89
0	0
0	0
0	0
0	0
0	0
0	0
0	0
0	1182
0	1177
1	79
0	432
0	149
0	0
0	229
0	210
0	224
0	424
0	45
0	1045
0	704
0	436
0	50
0	49
0	52
0	41
0	41
0	591
1	565
1	570
0	3
0	0
0	0
0	0
0	0
0	0
0	0
0	0
0	0
0	0
0	0
1	258
23	254
0	187
0	107
0	9
1	145
1	45
6	25
0	20
0	346
0	292
0	128
0	148
0	0
0	1182
0	4
0	908
0	828
1	769
0	750
0	699
5	40
4	488
0	321
0	48
1	265
0	172
0	19
0	56
0	574
0	707
0	836
0	777
0	0
0	0
0	0
0	0
0	0
0	0
0	0
0	0
0	0
0	650
0	102
0	195
0	38
0	38
0	0
0	0
0	0
0	0
0	36
0	3
0	3
0	5
0	3
1	3
0	5
0	0
0	471
0	437
0	609
0	280
0	100
0	593
0	5932
0	11652
0	6379
0	7094
0	2267
0	2935
0	9653
0	3140
0	2936
0	3350
0	3255
0	1312
0	1657
0	1786
0	1033
0	1715
0	1484
0	12
0	0
0	0
0	157
0	54
0	11
0	13
0	11
0	28
0	353
0	19
0	326
0	432
0	427
0	31
0	438
0	40
3	434
0	46
0	435
0	427
1	53
0	16
0	47
4	18
0	86
0	788
0	763
0	184
0	0
0	0
0	0
0	0
0	0
0	0
0	0
0	0
0	0
0	0
0	1668
0	1749
0	1475
0	1536
0	1463
0	1666
0	1667
0	1223
0	574
0	894
0	21
0	657
0	208
0	597
0	651
0	602
0	275
0	309
0	209
0	68
0	12
0	140
0	625
0	22
0	622
0	200
0	511
0	80
1	68
0	678
0	188
0	352
0	225
0	207
0	254
0	209
0	619
0	14
0	60
0	82
0	97
0	156
0	247
0	64
0	61
0	61
0	147
0	44
1	105
0	50
0	58
0	59
0	14
0	58
0	0
0	0
0	241
0	340
0	723
0	1316
0	1349
0	1298
0	1254
0	1320
0	1409
0	668
0	543
0	729
0	400
1	0
0	3143
0	5917
0	11530
0	6364
0	7079
0	7072
0	664
0	279
0	2267
0	9504
0	3125
0	2921
0	3335
0	3240
0	1290
0	1642
0	1775
0	1029
0	1484
0	435
0	281
0	120
0	66
5	40
0	127
0	67
0	1
0	0
0	0
0	0
0	0
0	0
0	0
0	0
0	0
0	11
0	13
0	10
0	0
0	0
0	1
0	1
0	1
0	0
0	1
0	1
0	1
0	0
0	0
0	0
0	0
0	0
0	0
0	0
0	638
0	736
0	688
0	636
0	636
0	652
0	0
0	0
0	0
0	0
0	0
0	0
0	0
0	0
0	0
0	224
0	34
0	28
0	18
0	222
0	6
0	157
0	171
0	9689
0	969
0	9752
0	71
0	330
30	389
0	378
0	466
0	68
0	164
0	768
0	1027
0	596
0	469
0	4115
0	1367
33	0
2	610
5	353
3	795
4	2235
0	3581
0	3909
6	1345
97	692
0	1269
0	8
0	3
0	847
0	906
0	895
0	895
0	906
0	64
0	79
0	45
0	186
0	77
1	20
0	284
0	293
0	269
10	37
0	177
0	133
1	87
0	117
5	89
0	0
0	0
0	0
0	32
3	25
0	0
0	0
0	0
0	0
0	0
0	0
0	0
0	0
0	0
0	371
0	54
0	0
0	12
0	0
0	12
0	0
0	0
0	0
0	0
0	0
0	0
0	0
0	0
0	27
0	23
0	5
0	2
0	0
0	0
0	0
0	0
0	0
0	0
0	0
0	0
0	0
0	0
0	0
0	0
0	0
0	0
0	0
0	0
0	0
0	0
0	0
0	0
0	262
0	241
0	1299
0	121
0	1223
0	894
0	0
0	0
0	135
0	113
0	49
3	35
16	39
0	186
0	84
0	74
0	0
0	0
0	0
0	0
0	833
0	68
0	44
0	0
0	3
1	7
0	5
0	0
2	0
0	0
1	0
0	2
0	821
0	34
0	29
0	62
0	1
0	811
0	38
4	296
6	81
0	676
4	27
0	28
1	25
2	11
0	1
0	1
0	1
0	0
0	2
0	0
0	908
0	421
0	93
0	431
0	355
0	359
0	69
0	266
0	359
0	149
0	80
0	600
0	0
0	47
0	583
0	212
0	112
0	129
0	11
0	1
0	0
0	0
0	0
0	0
0	0
0	122
0	276
0	307
0	320
0	329
0	331
0	345
0	196
0	334
0	338
0	196
0	122
0	151
0	143
0	1312
0	660
0	927
18	667
1	661
9	284
0	349
0	347
0	363
0	304
0	347
0	106
0	106
0	84
0	349
0	239
0	0
0	0
0	0
0	0
0	0
0	0
0	0
0	888
0	920
0	639
0	1
0	0
0	0
0	1
0	0
0	0
0	0
0	0
0	0
0	0
0	20
0	20
0	0
0	0
0	14
0	14
0	14
0	0
0	0
0	13
0	2
0	0
0	0
0	633
0	197
0	139
0	68
0	26
0	414
0	360
0	168
0	70
0	192
0	612
0	627
0	279
0	0
0	0
0	0
0	2
0	0
0	0
0	0
0	0
0	0
0	267
0	326
0	326
0	305
0	267
0	186
0	305
0	50
0	48
0	278
0	119
0	129
0	316
0	379
0	0
0	2
0	1
142	1092
0	1091
0	48
0	66
0	38
0	218
0	1
0	0
0	1
0	0
0	0
0	0
0	0
0	0
0	0
0	1
0	1
0	1
0	0
0	1
0	0
0	1
0	1
0	0
0	1
0	1
0	1
0	1
0	1
0	1
0	1
0	1
0	1
0	1
0	1
0	1
0	1
0	1
0	1
0	0
0	0
0	0
0	0
0	164
0	44
0	161
0	111
0	148
0	168
0	181
0	179
0	116
0	282
18	80
0	173
0	129
7	113
0	23
0	0
0	0
0	23
0	0
0	21
0	0
0	0
0	11
0	12
0	11
0	13
0	11
0	2
162	1005
2	959
0	39
0	578
0	44
0	32
0	20
0	227
0	69
0	9712
0	979
0	9775
0	71
0	4
0	4
0	0
0	4
0	4
0	4
0	4
0	53
0	8
0	52
0	0
0	0
0	0
0	3
0	0
0	0
0	0
0	0
0	0
0	0
0	0
1	0
0	0
0	26
0	177
73	535
3	232
3	194
1	381
0	12238
0	6364
0	7079
0	7072
0	2258
0	9510
0	3125
0	2921
0	1715
0	210
0	210
0	214
0	217
0	225
0	118
0	119
0	117
0	85
0	63
36	280
1	266
0	206
1	18
1	278
0	33
1	35
0	40
0	270
0	43
109	74
1	50
0	35
0	47
0	261
0	128
0	67
0	0
427	813
1	765
0	78
0	99
2	84
0	6
0	127
1	127
4	127
0	19
0	114
1	0
1	119
0	5
0	154
1209	189
0	118
2	856
9	856
0	368
0	641
0	211
1	435
6	142
0	647
0	198
0	68
0	26
4	426
0	372
0	168
0	70
0	193
0	624
0	641
0	0
0	0
0	1
0	1
0	1
0	1
0	1
0	1
0	0
0	1
0	1
0	1
0	0
0	0
0	0
0	8068
0	8021
0	7173
0	7773
0	6506
0	6089
0	2
0	0
0	2
0	0
0	0
0	705
0	692
0	243
0	228
2	83
0	30
14	59
0	56
5	16
0	16
88	7
1	20
17	51
4	18
0	3
0	3
0	6
0	6
0	4
0	3
0	3
0	1
0	2
0	1
0	1
0	5
0	6
0	6
0	0
0	0
462	84
2	33
0	12
0	188
0	46
0	0
0	10
0	10
0	10
0	10
0	10
0	10
0	10
0	10
0	0
2	2926
3	1525
742	3474
13	2753
0	1748
0	0
0	2
0	280
0	609
0	593
87	129
3	129
1	80
0	328
1	118
0	154
1	195
0	249
0	298
0	236
0	163
0	174
4	250
12	224
17	180
8	8
0	654
0	67
0	606
0	87
0	128
0	0
0	0
0	0
0	0
0	0
0	0
0	6
0	1
0	5
1	18
0	33
107	94
0	38
1	23
0	0
0	0
0	0
0	26
0	193
0	1
0	1
0	0
0	0
0	0
0	0
0	0
133	6
0	6
0	509
0	7
0	0
0	428
0	0
0	1344
0	842
0	389
0	1244
11	1288
0	562
0	892
7	37
0	19
2	602
0	547
2	123
0	142
0	132
0	98
0	98
2	84
0	95
0	91
0	58
0	36
0	26
0	17
0	20
0	20
0	0
0	637
0	68
0	26
0	417
0	361
0	190
0	631
0	614
0	1159
0	1153
12	107
0	333
0	487
1	607
10	442
0	1159
0	96
0	175
0	95
0	20
0	42
0	93
0	40
0	56
0	27
0	50
0	64
0	70
0	30
0	6
0	2
0	95
5	340
0	340
7	380
0	680
0	238
6	193
3	107
0	179
0	185
0	155
0	3
0	558
0	558
0	5
0	39
0	5
0	26
0	3
8	910
0	910
0	111
0	112
0	51
0	166
0	110
0	111
0	165
0	43
0	0
0	895
0	927
0	642
0	348
20	221
0	52
284	134
0	134
0	6
0	28
0	27
0	2
0	1
0	1
0	1
0	0
0	0
0	0
315	184
0	116
1	12
1	50
7	7
0	559
0	752
0	767
0	755
0	206
0	84
0	56
0	369
0	906
0	897
0	856
0	980
0	826
6	496
6	538
0	556
0	137
3	141
0	45
0	25
0	0
0	0
0	0
0	0
0	0
0	0
0	0
0	190
0	191
0	144
0	10
0	10
0	10
0	10
0	0
0	0
0	0
0	0
0	0
0	0
0	0
0	0
0	0
0	0
0	0
0	0
0	1
0	0
0	0
0	0
0	0
0	0
0	0
0	0
0	0
0	0
0	0
0	0
0	0
0	0
0	2
0	674
0	676
0	684
0	624
0	678
0	664
0	162
0	185
0	21
0	157
0	40
0	366
0	595
0	675
0	665
0	103
0	0
123	52
1	7
0	45
0	1
0	0
0	77
25	403
1	334
0	69
23	191
0	160
0	741
0	222
0	340
0	64
0	291
0	212
0	195
0	0
0	0
0	1
0	1
0	464
5	458
18	389
0	411
3	29
8	39
1	61
0	77
0	56
3	0
181	6517
5	6172
8	5736
106	3751
1	4326
4	2285
14	927
0	458
0	1
0	171
0	172
0	170
0	157
0	17
0	151
0	51
0	45
0	1
0	2
0	2
0	58496
0	2
0	189
0	163
0	223
0	160
0	157
0	71
0	104
0	195
0	436
0	2
0	121
0	1
0	2
10	8
0	2
0	0
0	0
0	0
0	1
0	0
0	0
0	0
59	0
0	1
0	0
0	84
0	74
0	20
0	31
0	22
0	37
0	43
0	76
0	0
0	0
0	0
0	0
0	0
0	0
0	956
0	892
0	694
0	750
0	847
0	590
0	528
0	563
0	956
0	558
4	5
0	288
0	272
1	4
52	320
17	157
0	59
0	9685
0	9748
0	71
0	378
0	460
0	160
0	764
0	1026
0	595
0	470
0	61
0	0
0	0
0	0
0	1901
7	325
0	1766
0	1701
1	1741
18	1273
0	129
4	125
0	1633
0	0
0	0
0	346
0	292
0	128
551	255
8	255
0	0
0	0
0	0
0	0
0	0
0	0
0	0
0	0
0	0
0	0
0	0
0	0
0	908
0	296
4	287
0	711
0	702
0	123
0	131
0	92
0	93
0	79
1	18
1	1
0	1
0	0
0	633
0	26
0	415
0	360
0	70
0	192
0	612
0	627
0	139
0	89
0	802
0	866
0	320
0	81
0	172
0	148
0	200
2	89
1	29
0	12056
3	8039
151	10921
10	6850
17	11737
31	5787
1	7418
9	9816
21	1419
0	1
0	1
0	0
177	72
0	0
597	242
2	166
0	13
0	92
31	206
961	125
3	125
0	11
1	144
0	143
5	101
0	107
4	0
0	253
0	292
0	87
0	276
0	329
3	36
0	0
0	0
0	0
169	72
7	75
0	32
2	158
0	3
0	68
0	67
0	56
0	60
0	65
2	66
0	62
0	58
0	47
0	19
0	19
0	4
0	0
0	0
0	0
10	435
0	128
0	12
0	1
0	3
0	5
0	82
0	423
0	2
1	0
0	3
0	13
0	0
0	13
1	14
0	3
1	13
0	13
0	6
0	0
0	13
0	80
0	70
0	16
0	27
0	18
0	33
0	38
0	72
0	1571
0	1711
0	1705
0	1740
0	703
0	198
0	347
0	290
0	179
0	0
7	120
0	114
2	114
0	115
0	28
0	21
0	20
0	57067
0	55409
268	80
1	80
0	77
1	21
6	151
0	548
1	517
1	18
0	12
1	302
54	392
0	385
0	379
0	268
0	192
0	225
0	188
2	194
0	184
0	19
0	35
0	52
0	7
0	17
10	57
2	13
0	22
0	16
0	0
4	288
0	0
0	0
0	0
0	430
0	0
0	0
0	0
0	0
0	0
0	0
0	0
0	0
0	0
0	0
0	0
0	0
0	0
0	0
0	0
0	0
1	46
0	50
0	21
0	23
0	29
0	13
0	8
0	5
0	3
0	4
0	47
0	47
0	12
0	12
0	8
0	6
0	6
0	4
0	6
0	4
0	10
0	1823
0	0
33	269
3	268
0	0
1	0
0	0
0	0
0	0
0	5
0	2
4	8
0	7
0	2
0	7
0	1
0	0
0	0
0	0
0	0
0	0
0	0
0	0
0	0
0	59
0	14
0	15
0	13
0	11
0	4
0	3
0	53
0	0
0	8
0	8
0	8
0	380
23	567
0	166
0	153
0	194
3	164
604	28
0	28
0	23
0	45
0	89
0	83
0	31
0	42
0	41
1	3
7	14
0	16
1	43
0	16
9	59
352	66
0	20
0	37
0	0
0	1
0	1
0	3
0	1
0	1
0	1
0	1
0	1
0	1
0	2
0	1
0	1
0	1
0	1
0	1
0	1
0	1
0	1
0	1
0	1
0	1
0	1302
0	894
0	2
8	2
0	0
0	3
0	3
2	48
9	76
0	75
0	44
0	71
0	67
0	15
2	25
2	19
0	1843
0	258
1	536
350	61
1	50
0	40
0	5
0	5
0	5
0	5
0	6
0	3
0	3
0	3
0	2
0	3
0	0
0	0
0	0
0	0
0	0
0	0
0	0
0	0
0	0
0	0
0	5
0	0
0	0
0	62
0	61
0	30
0	33
0	110
0	56
0	58
0	808
0	0
871	20
0	20
0	3
0	149
22	796
0	108
0	785
0	48
0	7
0	4
0	48
0	49
0	1842
0	537
0	455
6	7
0	891
0	6288
0	6519
0	6167
1	3299
13	6270
0	4044
0	3755
0	1824
3	1149
0	1883
1	203
0	472
0	438
0	609
0	593
0	288
0	0
2	0
0	10
0	20
0	8
2	2
0	0
0	1
0	18
0	1
0	1
0	1
0	0
0	0
0	0
0	0
0	0
0	0
0	0
0	0
0	0
0	0
0	0
13	1140
0	1165
1	1138
12	1127
1	113
39	175
0	59
0	14
0	15
0	13
0	11
0	58
0	196
0	154
15	131
1	138
0	146
3	40
0	190
0	242
0	250
0	100
0	86
0	15
0	89
0	262
0	285
0	80
0	8
0	0
30	280
9	280
4	9
0	9
1	0
0	0
0	0
0	0
0	188
0	2
0	0
0	545
10	137
9	335
14	498
1	523
0	550
4	315
8	41
2	179
4	121
1	196
0	50
0	70
0	77
8	0
10	29
1	17
0	2
0	513
0	548
0	230
0	0
0	0
0	9579
0	9642
0	162
0	649
0	1023
0	596
0	98
0	144
0	77
0	31
0	87
1	81
0	22
1	15
1	6
0	18
0	10
0	0
0	11969
0	11674
0	644
0	84
0	165
0	5
0	35
1	35
0	45
0	39
0	0
0	0
0	0
0	0
0	69
0	35
0	25
0	47
0	194
0	202
0	200
0	18
0	208
2	9
0	13
3	0
0	594
0	694
0	850
0	710
0	636
1	323
0	485
0	645
4	666
0	487
2	247
0	85
0	29428
0	26804
0	26806
0	26835
2	166
1	163
6	163
0	31
0	11
901	49
3	49
0	0
25	1361
5	824
36	537
0	0
0	0
0	0
0	0
0	371
0	251
0	138
0	80
0	7
0	4
0	4
0	4
0	4
0	4
0	0
0	4
0	0
0	271
30	273
2	275
4	276
0	275
26	140
0	207
0	202
0	13
0	1
1	59
2	1
0	4
0	4
3	137
0	3
3	3
0	8
0	13
5	67
0	202
0	7
0	1
0	1
0	1
0	1
0	1
0	1
0	0
0	1
0	1
0	1
0	0
0	0
82	7
0	7
0	0
0	0
0	53
0	8
0	52
0	0
0	1
0	1
0	1
0	1
0	1
0	0
0	1
0	1
0	0
0	1
0	1
0	0
0	0
0	0
0	0
0	0
0	0
0	2933
1	2907
0	2921
0	2850
0	107
28	474
153	1385
1	495
18	170
2	364
0	762
0	685
7	590
19	121
2	391
0	385
0	712
0	103
0	702
0	688
2	49
1	713
0	21
0	10
1	151
2	133
0	67
0	157
1	19
1	17
0	20
1018	225
3	163
0	49
1	0
0	83
0	56
1	98
0	22
0	37
0	35
0	47
0	53
0	5
5	125
1	1
2	82
0	123
0	110
0	748
0	1035
0	482
0	365
0	333
0	123
0	328
0	276
0	254
0	184
0	11
0	1527
1	1234
1	398
4	737
0	1336
0	914
0	1045
0	119
0	1001
0	1349
0	657
0	580
0	22
0	16
0	4
0	16
0	2
0	149
0	82
0	35
0	163
0	578
0	590
0	523
0	111
0	126
0	129
0	202
0	79
0	58
0	6
0	584
0	74
0	274
0	212
0	201
0	11
0	71
0	14
0	3
0	218
0	466
0	432
0	116
2	972
34	878
0	540
0	294
0	122
0	76
0	66
1	0
0	81
0	81
2	31
0	15
0	31
2	22
10	21
5	15
0	0
0	10811
0	0
0	0
0	129
0	1
2	58
56	58
0	4
0	482
0	384
0	489
0	391
0	11
2	89
0	89
0	168
0	168
0	258
0	270
0	97
0	103
0	31
0	12
0	1
0	1
0	1
0	1
0	0
0	50
0	140
0	308
0	0
0	0
0	2
0	2
0	808
0	858
0	702
0	169
0	127
0	69
0	231
0	212
0	138
0	139
0	24
0	132
0	137
0	131
0	20
0	120
0	22
0	56
0	23
0	23
0	29
0	17
0	12
0	7
0	38
3	8
0	7
3	4
0	18
1	3
0	7
0	5
0	33
0	8
0	35
0	2
2	0
0	3
0	22
0	35
908	4
0	0
0	0
669	279
11	233
4	46
48	1075
0	1001
0	188
8	1035
0	694
0	142
0	1
10	609
0	1390
4	1316
0	1311
40	698
15	59
1	284
722	0
0	880
0	20
0	20
0	0
0	0
0	0
2979	0
2	81
0	1071
3	345
3	85
0	44
2	36
1	2
0	60
0	75
0	121
0	50
0	1039
0	964
0	929
0	19
11	1393
0	1278
465	1536
0	22
2	162
1	672
0	62
0	61
0	110
0	726
0	882
16	374
0	374
1	361
0	0
0	0
0	0
0	0
0	0
0	0
0	0
0	0
0	1
0	1
0	11533
0	6363
0	7078
0	2266
0	9525
0	8
0	8
0	4
10	641
3	536
1	113
0	85
0	1
0	94
0	95
3	215
0	0
0	1
0	1
0	1
0	1
0	1
0	1
0	0
0	0
0	0
0	0
0	0
0	0
0	0
0	0
0	0
0	0
0	0
0	1
9	0
40	54
0	54
0	837
3	981
15	2213
6	5302
0	5538
1	5298
0	445
0	508
0	2234
3	1245
3	1342
2	634
0	5048
0	987
0	991
11	992
0	62
0	22
0	37
0	3
0	38
39	256
2	234
0	19
0	21
0	33
0	16
0	22
0	24
19	85
0	42
0	8
0	293
0	254
3	16
16	28
7	27
5	0
0	3
0	674
0	22
0	553
2	110
0	453
0	83
3	125
0	641
0	667
0	212
0	160
0	135
0	171
0	157
0	108
0	211
0	211
0	400
0	256
0	1
0	96
0	2016
0	227
0	2114
0	1976
0	537
0	121
0	2019
0	188
0	2018
0	0
0	0
0	168
0	184
0	319
0	319
0	316
0	274
0	318
0	319
0	148
0	134
0	148
0	132
0	148
0	50
5	381
0	397
1	375
0	302
5	317
2	58
0	94
7	83
0	148
0	68
0	0
0	0
0	0
0	544
0	468
0	361
0	363
0	12
0	0
0	0
0	0
0	3
0	2
0	1
0	3
0	2
0	7
0	8
0	8
0	4
0	2
0	8
0	5
0	0
0	0
1	2
0	2
0	1
0	0
0	0
0	21
2	19
0	10
0	3
0	12
0	22
0	6
0	210
0	0
0	0
0	0
0	0
0	0
0	0
0	666
0	1247
0	162
0	0
0	0
0	2
0	0
0	1
0	0
0	2
0	601
8	223
1	507
0	559
0	376
1	510
0	74
0	283
0	223
0	865
0	226
4	752
2	204
0	198
12	741
4	447
1	406
0	4
0	0
0	1
0	1
0	0
0	1
0	0
249	2075
5	731
1	1227
0	661
0	657
0	156
0	256
0	9
1	76
1	80
2	11
0	97
1	82
0	97
2	77
1	568
2	61
0	57
0	52
0	0
0	552
0	742
0	754
0	745
0	201
0	97
0	91
0	83
16	3138
0	3696
3	2046
1	2637
0	2998
0	2805
0	2283
0	1145
17	1191
0	1181
0	1013
0	1395
0	1395
0	58
3	71
5	308
2	178
0	1395
0	0
0	0
0	0
0	168
0	48
0	49
0	48
250	22
0	22
0	2
0	4
1	17
0	13
0	844
0	35
384	0
31	1569
4	1462
1	1348
8	1449
3	829
2	174
0	8
0	8
0	8
0	10
0	8
0	2840
0	2523
0	2681
0	2832
0	2228
0	2115
0	399
2	1860
0	1141
0	336
0	264
0	692
0	335
0	39
0	148
0	25
0	2624
0	463
1	485
0	314
0	314
13	26
0	1446
0	0
0	20
0	10
0	1
0	132
0	15
46	133
0	111
0	0
0	14
0	741
0	64
0	291
0	0
0	0
0	0
0	0
0	0
0	32
2	32
0	40
0	41
0	34
0	40
0	34
0	34
0	25
0	9
0	13
0	20
0	1
0	1
0	0
0	0
0	0
0	121
0	154
0	154
1	85
0	23
0	32
3	30
3	29
0	20
8	294
0	4
2	296
0	288
0	309
0	288
0	46
0	105
0	74
0	64
0	10
0	21
0	12
0	27
0	33
0	66
0	0
0	0
0	0
0	0
0	0
95	312
0	130
0	248
0	227
0	241
0	145
0	81
0	59
13	80
0	79
0	70
0	0
0	0
1	1
3	1
0	1
1	0
0	316
0	162
0	355
6	234
0	197
8	135
0	0
0	20
0	0
0	20
0	182
0	234
0	242
0	75
0	94
0	86
0	70
0	21
0	15
0	222
0	17
0	52
53	499
53	575
0	68
1	36
3	39
0	12
0	4
0	23
0	1
0	13
0	468
0	470
5	243
0	1
1	256
0	261
23	32
0	65
0	56
1	230
0	225
0	4
0	20
0	16
0	8
0	15
0	0
0	14
0	0
0	0
0	0
0	0
0	15
0	15
0	9
258	11
0	11
0	210
0	210
0	214
0	217
0	225
0	2
0	2
0	0
0	0
0	176
0	231
0	192
0	194
0	192
0	123
0	14
0	14
0	14
0	0
0	108
1	0
122	27
0	27
0	14
0	1650
0	1731
0	1456
0	1518
0	1463
0	1648
0	1649
0	4029
0	1788
0	537
0	2028
4	2134
0	179
0	86
0	275
0	12
0	2156
0	2131
0	1
0	1
0	1
0	2
0	1
0	2
0	2
0	2
0	12
0	503
0	474
0	70
0	0
0	59
1	54
0	81
12	182
0	66
0	77
9	41
0	39
0	14
0	16
0	55
0	36
0	365
0	2
0	1
0	1
0	1
0	0
0	52
0	0
0	67
10	400
57	400
0	0
2	17
0	118
442	138
0	2
5	19
0	0
0	322
0	21
0	229
0	237
0	17
0	0
0	46
0	38
1	24
0	60
0	654
0	31
0	668
5	661
0	24
0	649
0	435
0	56
0	3
0	48
0	44
0	33
0	45
0	3
0	50
0	36
1	11
0	54
1	42
0	612
0	81
16	522
6	532
26	416
0	65
0	24
0	37
22	0
14	669
5	320
0	613
0	591
0	1513
0	1613
0	1517
0	1510
0	1274
0	1510
0	1511
0	0
0	3924
0	1788
0	2950
0	3152
0	1227
0	484
0	2221
0	566
0	1308
0	1336
0	1267
0	568
0	1356
0	1099
0	900
0	94
0	359
0	22
0	1269
0	274
0	643
0	833
0	1015
0	1050
0	821
0	787
0	800
0	788
0	793
0	760
0	412
0	586
0	179
0	655
163	120
2	685
0	742
0	743
1	0
0	141
56	465
0	125
0	0
0	465
428	123
1	52
18	71
5	10
1	0
0	0
179	658
0	83
0	32
11	106
0	147
31	69
0	18
0	15
16	25
0	481
0	481
0	13
40	659
0	213
0	619
0	1
0	0
0	1
0	1
1	14
50	869
10	14
0	0
1	868
4	129
0	184
6	512
0	63
0	0
0	1
0	1
0	0
0	97
0	22
0	50
0	70
0	30
0	7
0	0
266	136
2	136
3	17
0	257
0	258
0	186
0	187
0	59
0	0
0	245
0	315
0	245
29	111
5	77
12	140
0	140
0	53
0	27
0	34
0	5
0	19
1	129
0	122
0	124
0	99
1	103
0	121
0	30
12	97
2	18
0	61
0	15
0	65
0	78
0	30
0	54
0	57
0	48
0	17
0	12
0	37
0	32
0	16
1	18
0	24
0	20
0	16
0	16
0	16
0	0
1	10
0	0
0	1
0	0
0	0
0	623
0	675
0	663
0	185
0	677
0	673
0	683
0	21
0	7
0	365
0	664
0	674
0	594
0	1
0	1
0	0
0	1
0	1
0	1
0	1
0	1
0	1
0	1
0	1
0	1
8	0
0	0
6	360
0	269
0	366
0	0
0	0
1	4
0	159
0	296
0	55
0	109
0	292
0	112
1	68
0	1
0	2
0	1
0	1
0	4
1	4
0	4
0	4
0	4
0	3
0	0
0	0
0	0
0	0
0	0
1	208
0	0
0	0
0	0
0	0
0	0
0	0
0	0
0	2
0	2
0	3
0	15
0	15
0	3
0	3
0	15
0	12
0	18
0	18
178	32
0	14
0	18
1	9
0	190
0	206
0	180
0	0
0	0
302	140
1	140
0	100
1	81
0	42
2	10
0	0
0	0
0	0
0	0
0	0
0	0
0	0
0	0
4	2
26	13
0	10
1	12
0	1
0	1
0	1
0	0
0	0
0	0
0	0
949	141
0	91
0	111
0	100
0	1183
0	1188
0	433
0	425
0	224
0	45
0	1051
0	1059
0	97
0	95
0	151
0	29
0	0
0	0
0	0
0	54
0	517
0	508
0	7
0	22
6	24
0	71
0	71
0	71
0	44
0	53
0	44
161	5
0	5
0	29
20	6
0	6
0	0
0	80
0	459
0	183
0	107
0	364
0	59
0	397
0	131
0	362
0	188
2	3
0	32
0	25
0	1
1	12
0	1
0	0
0	0
0	7
0	0
0	0
119	0
1	996
0	930
0	944
0	919
3	22
0	3
0	0
0	1
0	1
0	1
0	1
0	1
0	0
0	1
357	281
7	281
0	0
0	0
0	0
0	0
0	0
568	417
0	109
1	424
0	998
122	625
0	761
23	377
5	597
4	5
4	19
1	341
27	302
0	58
0	95
0	116
0	66
0	1
0	5
0	62
0	0
0	3
0	25
0	14
0	25
0	84
1	76
0	8
0	8
0	90
0	96
0	95
0	0
0	0
0	0
0	0
0	0
0	671
0	673
0	681
0	621
0	675
0	661
0	162
0	103
0	185
0	154
0	83
0	87
0	363
0	103
0	672
0	662
0	592
8	4
0	2
0	0
0	2
0	3
0	2
0	57817
0	56159
508	0
1349	0
0	0
1	305
0	311
0	210
0	25
0	7
8	1278
7	1265
0	190
4	51
0	291
0	291
0	284
0	0
0	0
0	0
0	0
0	0
0	36
0	36
0	36
0	36
0	16
1	7
0	5
0	5
0	5
0	1
0	0
0	0
0	0
0	0
0	0
0	0
0	0
0	0
0	0
0	0
0	0
0	0
0	36
0	1
0	0
0	1
0	0
0	0
0	0
0	0
0	0
0	0
0	0
0	0
0	1
0	1
0	29
10	338
0	338
0	181
1	91
0	612
3	190
0	232
0	353
0	27
0	537
0	106
0	244
0	108
0	147
0	161
0	14
0	532
23	624
0	370
0	510
0	1
0	0
0	0
0	0
0	1
0	693
0	743
0	791
0	691
0	691
0	707
0	1161
0	946
0	1183
0	4
0	2
2	64
1	64
0	64
0	62
0	21
0	62
0	0
66	0
0	0
0	695
0	61
0	18
28	715
0	933
0	733
0	952
0	722
0	911
0	38
0	200
3	15
0	119
0	27
0	90
3	73
3	25
3	76
1	38
1	8
0	74
0	74
0	79
0	64
0	5
0	69
0	2
0	4
0	3
1	542
0	644
0	555
0	7079
0	6364
0	2267
0	9525
0	218
0	21
0	198
0	5
0	52
1	0
0	82
0	55
0	8
0	0
0	220
0	191
0	102
0	257
0	288
0	301
0	310
0	312
0	326
0	177
0	315
0	319
0	177
0	106
0	151
0	1
0	1
0	1
0	0
0	0
0	655
0	607
0	3
0	149
0	66
0	112
0	111
0	47
0	0
0	68
0	74
0	63
0	31
0	27
0	71
0	46
0	12
0	17
0	3
0	69
0	564
0	554
0	72
1	39
9	34
0	2
0	1
3	32
4	24
0	217
0	186
0	184
0	184
0	217
0	180
0	200
0	140
0	112
0	108
0	10
4	3
2	25
0	7
0	9
0	2
0	1492
0	633
0	80
0	677
0	0
0	0
0	1
1	1
0	0
0	0
0	0
0	0
147	0
23	589
13	346
0	64
3	33
0	603
0	589
0	27
0	189
0	93
0	238
0	105
0	91
0	35
6	137
1	1512
0	1511
0	1508
3	219
0	18
0	133
0	117
2	69
0	144
0	155
0	87
0	154
0	1500
0	1495
0	1503
0	0
0	1
0	371
0	224
0	33
0	66
0	982
0	340
0	0
0	0
1	990
1	137
54	170
2	997
0	147
0	1
0	62
0	61
0	110
0	398
43	33
0	163
0	178
4	169
6	9
0	8
0	1
0	2
0	2
0	241
319	260
0	39
0	260
0	48
0	7
0	49
0	48
0	3
0	5
0	3
0	7
0	6
0	8
0	5
0	2
79	0
27	608
0	609
11	233
3	611
1	163
0	103
7	103
2	175
0	222
1	1634
3	1511
3	1640
0	1638
0	1642
0	1641
1	1630
0	1677
0	170
0	4
0	1
0	0
0	0
0	4
0	4
0	4014
1	0
0	754
0	766
0	204
0	92
0	55
0	83
492	75
0	31
0	73
0	0
0	1
0	1
0	0
0	197
0	120
0	3950
0	10
0	0
0	42
0	51
0	0
0	71
0	117
0	21
0	71
0	93
0	3608
0	359
0	239
2	3143
0	198
1	372
0	3210
0	362
9	139
20	2621
1	283
1	179
0	246
1	291
0	3950
0	0
0	0
0	1188
1	608
0	153
0	1078
1	1183
0	80
0	0
1	218
0	20
1	94
0	282
0	126
0	200
2	201
0	100
0	105
6	31
0	89
0	94
5	34
0	3
7	2
0	1028
0	0
0	0
8	8763
0	0
0	0
0	1057
0	841
0	5645
0	10335
0	1166
0	246
0	10494
0	593
0	606
0	2244
0	1203
0	4431
0	1128
0	18
0	1280
0	767
0	818
0	450
0	509
0	390
0	11
0	36
6	390
0	0
0	0
0	31
0	287
0	32
28	247
5	217
0	73
0	28
0	67
0	28
467	1173
0	1158
0	782
1	632
0	716
2	624
42	103
0	64
0	375
0	220
0	177
0	175
0	108
0	139
0	77
0	66
0	53
0	13
0	15
0	15
0	23
1	0
0	12
1	15
0	2
0	1
0	2
0	30
0	4
0	7
0	8
0	7
0	3
0	1
0	0
20	43
2	46
0	11
0	11
0	2
0	1
2	8
0	2
0	2
0	2
0	1
0	2
0	531
0	519
0	432
0	70
0	30
0	21
0	66
0	78
0	83
0	5
1	219
0	268
0	46
0	53
2	42
1	50
7	219
7	253
0	38
0	1
0	1
0	3
0	1
0	1
0	1
0	1
0	1
0	1
0	2
0	1
0	1
0	1
0	1
0	1
0	1
0	1
0	1
0	1
0	1
0	1
0	807
0	857
0	701
0	168
12	4
0	2
0	1
0	0
0	0
0	0
0	0
0	0
0	0
1	1
0	1
0	1
0	2
9	97
0	53
0	0
0	0
0	0
0	0
9	0
0	0
0	0
0	0
8	211
2	293
0	968
0	656
0	439
0	109
1	16
0	198
0	654
0	953
0	612
0	14
0	135
8	170
0	132
0	149
0	164
0	45
0	26
26	40
1	4
3	76
26	503
0	122
0	409
0	390
1	384
0	2
0	372
0	288
2	7
0	212
1	1133
0	67
1	103
0	3
0	0
0	1
0	1
3	2
0	0
0	2
1	2
0	0
1	228
0	702
0	689
0	241
0	164
0	245
0	315
0	245
0	654
22	885
0	900
0	677
3	419
0	235
0	421
4	105
1	371
0	263
0	259
0	201
3	152
0	346
2	76
1	210
5	183
0	118
5	165
0	78
0	29
0	34
17	0
5	0
0	1
0	1
0	1
0	0
0	0
0	0
0	0
0	0
0	0
0	0
0	0
0	0
0	0
0	11989
0	2448
0	11942
0	7180
0	11694
0	10203
0	10011
0	3833
138	1182
0	229
1	461
0	93
2	641
0	89
0	18
0	15
0	14
0	14
0	0
0	14
0	14
0	14
0	0
0	0
0	2
1	330
1	0
1	32
0	5
0	337
0	5
0	37
0	91
520	113
0	113
0	98
0	93
0	1
0	1
0	197
0	288
0	64
0	88
3	261
0	314
0	431
0	220
0	262
0	261
0	235
0	261
0	360
0	350
2	267
1	103
1	73
0	98
1	65
2	53
0	158
0	124
0	104
4	94
0	320
0	0
0	0
0	0
0	0
0	0
0	0
0	0
0	0
0	6364
0	7079
0	2267
1	517
0	527
0	164
0	168
0	181
0	34
7	80
0	74
0	39
0	43
0	55
0	22
0	21
42	1475
112	156
0	133
0	76
0	86
0	128
0	86
206	346
0	151
0	174
0	111
0	88
0	23
0	142
3	89
0	63
0	71
0	40
2	35
0	65
1	38
1	30
0	22
9	11
0	10
0	2
0	657
0	84
1	84
0	95
3	90
0	91
0	95
0	95
0	81
0	84
0	36
4	39
0	15
0	21
0	1002
2	948
33	761
0	883
0	585
2	110
0	983
0	2
0	2
0	2
0	0
0	0
0	0
0	0
0	115
1	119
1	5
0	0
0	0
0	0
0	1
0	83
0	83
0	106
0	89
0	66
0	51
0	109
0	0
0	9684
0	9747
0	1025
0	594
30	1439
8	1212
0	1347
75	1185
0	1122
1	1392
0	229
1	105
2	8
0	0
0	65
71	67
0	26
0	6
0	35
0	72
0	66
0	75
1	74
0	57
0	12
0	30
0	6
0	75
0	29
0	72
0	72
0	76
0	72
0	40
0	48
0	21
0	35
0	8
0	8
0	8
0	10
0	8
1	140
0	62
0	39
1	53
0	1186
0	1191
0	1062
0	1054
1	326
3	281
9	157
60	610
0	27
309	583
0	71
0	0
0	0
0	0
0	0
0	0
0	0
8	875
0	1076
0	2094
0	2029
0	160
12	898
5	704
0	363
3	122
7	147
12	103
22	42
18	14
4	256
1	113
0	171
17	74
0	74
0	64
0	0
0	0
0	5
0	1
0	1
628	62
1	33
4	1
0	1
0	1
0	1
0	1
1	0
0	0
0	10
2	77
11	77
0	29
4	117
11	32
0	36
0	118
8	7
0	316
0	379
0	357
4	0
0	46
0	247
0	354
0	39
0	332
0	28
0	292
1	327
0	51
0	13
0	13
0	26
0	32
0	187
0	8
0	29
5	45
0	50
0	27
0	63
4	19
1	37
0	3
7	44
0	355
4	516
24	495
0	551
0	130
0	485
2	39
0	46
15	103
5	600
6	600
1	103
0	7
0	0
0	0
0	0
0	0
0	0
0	0
0	0
0	0
0	0
0	0
0	52
33	157
0	5
0	2
3	38
0	112
1	141
11	32
7	108
332	0
0	352
57	0
2	0
0	126
0	0
0	26
0	389
0	301
1	23
0	29
1	376
0	23
0	404
13	387
0	210
0	43
1	36
0	42
0	58
0	231
1	7
0	3
0	119
0	5
5	13
0	25
1	14
33	0
34	4
0	51
15	119
9	105
0	121
5	378
0	0
0	0
0	0
0	0
0	0
0	0
0	0
0	0
0	0
2432	0
5	560
1	560
0	508
0	29371
0	26747
0	26749
0	26778
0	14
0	12
0	0
0	0
1	4842
0	296
0	312
0	486
0	511
0	508
0	465
0	510
0	511
0	212
0	198
0	187
0	198
0	185
0	55
29	692
0	433
36	673
0	64
1	69
0	21
4	105
0	1491
0	152
0	321
0	13
0	134
0	119
1	111
0	124
0	4
0	116
0	9
2	2
0	316
0	379
7	955
3	999
1	238
0	20
0	20
0	0
0	53
0	52
0	0
0	1
17	4001
27	1070
1	3766
0	3436
0	3890
0	633
0	716
0	1066
0	1530
5	1026
0	1292
0	922
1	801
0	802
0	799
0	248
0	114
5	109
0	3891
0	4001
0	0
0	0
0	0
0	0
0	0
1	64
0	126
1	31
0	28
0	130
0	98
0	43
0	4
0	96
0	0
1015	65
9	52
2	23
0	13
0	0
0	0
0	0
0	0
0	0
0	0
0	0
0	0
0	0
0	0
0	0
0	264
0	267
0	397
0	397
0	394
0	351
0	397
0	397
0	130
0	130
0	130
0	130
0	12
0	0
0	0
0	0
0	0
0	0
0	0
0	688
41	688
0	0
0	0
0	0
0	0
0	0
0	0
0	0
0	0
0	0
0	0
0	3
0	0
0	0
0	0
0	0
0	0
0	0
0	2
0	2
0	2
0	2
0	0
7	44
0	44
0	44
0	0
0	4
0	1223
38	1507
0	1982
3	1580
0	681
5	756
0	682
4	508
0	16
0	0
0	12
0	8
0	40
0	43
0	23
0	42
0	5
0	22
2	3
0	17
0	9
1	6
0	5
2	1
0	2
1	3
0	213
0	582
0	18
0	543
0	506
0	477
0	6
0	300
2	108
1	207
0	34
0	25
2	19
0	570
0	291
165	0
0	0
0	0
0	0
1	0
36	1304
0	321
46	0
0	568
0	390
1	87
0	148
1	87
0	255
2	460
1	374
23	374
0	68
0	228
0	98
2	186
0	0
0	112
0	0
0	0
0	0
0	1321
0	20
0	13
0	13
0	20
2	20
0	14
0	13
0	826
0	0
0	0
0	0
1	455
0	38
0	0
0	212
0	4
0	4
0	4
0	1328
0	0
0	0
0	0
0	0
0	1
0	558
0	0
0	905
0	884
0	894
0	894
0	905
0	110
0	75
0	65
0	40
0	77
5	53
0	24
5	67
0	72
8	1340
1	441
0	0
68	0
1797	165
1	94
0	71
0	0
0	0
0	0
0	0
14	435
0	554
14	529
1	119
3	144
0	154
0	115
1	9
0	77
2	67
0	17
1	13
1	15
0	0
0	0
0	0
0	716
0	0
0	0
12	2362
16	2251
0	877
0	408
2	30
0	391
0	74
0	45
0	85
0	1
16	1211
4	1391
3	699
15	694
0	1074
0	694
0	1544
4	1416
13	556
0	692
0	1059
35	1052
17	46
35	579
0	0
0	0
0	0
0	0
0	280
0	609
0	100
0	27
0	593
0	0
0	0
0	0
0	0
0	14
0	12
14	13
0	2
0	13
0	7
0	5
0	5
0	186
0	5
2	733
3	268
0	25
0	6
0	736
0	582
0	5
0	3
1	3
586	0
831	185
1	185
0	571
0	16
0	208
0	33
0	22
1	207
0	215
0	220
0	100
0	180
0	5
0	37
0	67
0	35
0	35
0	24
0	11
0	3
0	11
0	7
1	625
15	844
33	862
0	1526
0	101
4	69
6	32
60	85
5	0
1	1526
0	48
0	49
0	48
3	0
15	18
0	17
4	18
0	3
0	2
0	8
0	0
0	0
1	598
26	610
7	44
0	27
0	24
0	106
27	0
0	2006
1	1892
0	1158
0	457
0	1688
0	74
1	2006
2	1235
0	3088
0	1620
0	133
0	1136
0	493
0	245
59	66
0	1385
2	513
5	184
0	41
1	37
0	35
0	8
0	5
1	40
0	926
0	1
0	1
368	3
0	0
0	2
0	3
0	0
23	10
1	10
1	7
0	0
0	0
0	62
0	88
5	1274
1	1285
0	112
0	691
0	497
0	8
203	173
0	102
2	1
0	1
0	64
1	28
17	0
0	2
0	2
0	5
0	5
0	5
0	5
0	678
0	678
1	5
0	108
0	102
0	83
0	69
0	36
0	0
0	252
0	291
0	0
2	173
0	1
0	1882
2262	2025
0	1950
0	1452
20	773
9	729
2	1183
2	157
0	0
0	203
0	207
0	190
0	182
0	188
0	178
0	190
0	169
0	187
0	25
0	170
0	156
0	171
0	135
4	34
0	101
1	42
0	56
1	91
2	25
7	1
0	17
6	9
0	3
0	16
0	22
0	24
1	26
0	16
0	6
2	4
0	15
0	14
0	11
0	13
0	11
0	14
0	7
0	193
0	3
0	1
0	1
0	0
0	4
0	0
0	163
0	597
0	530
0	585
0	7
0	209
0	78
0	148
0	129
0	111
0	127
0	82
0	80
0	64
1	373
0	392
0	243
4	372
10	235
0	237
0	328
0	256
0	259
0	124
0	89
2	36
49	156
0	327
1	317
0	254
0	0
0	0
0	0
0	0
0	0
0	0
111	104
1	69
0	104
0	96
0	25
0	23
0	0
0	0
0	0
0	1
0	0
0	0
0	0
0	0
0	0
0	0
0	0
0	0
0	0
0	0
0	0
0	0
0	0
0	0
1	1460
0	0
48	0
1103	0
3	144
9	170
0	141
0	42
1	22
6	71
0	9
0	38
0	47
0	19
0	43
2	34
0	232
42	610
0	227
0	386
0	379
1	338
2	253
2	254
0	295
0	296
0	66
0	1
0	151
0	0
0	0
1	96
0	0
1104	0
0	0
0	0
0	0
0	0
0	1
0	1
0	1
0	0
0	0
576	899
1	37
0	68
0	82
0	82
0	81
192	556
1	561
0	848
1	241
0	553
0	441
3	82
0	89
0	27
0	23
0	187
0	89
0	45
0	22
0	2106
0	194
0	0
0	0
0	0
0	0
0	0
0	0
0	0
0	6376
3	6523
82	2614
0	1393
0	6470
34	6058
4	4310
145	4234
0	5842
4	366
0	2507
91	2021
2	1939
0	1613
1	1343
0	0
0	0
0	0
0	0
91	203
9	203
3	7
0	47
2	3
0	1
0	2
0	2
0	1
0	1
0	1
0	0
123	51
3	20
0	33
3	43
2	31
2	17
0	4
0	4
0	4
0	4
0	0
0	4
13	26
0	341
19	391
0	30
0	395
0	352
1	101
5	49
0	54
13	5
0	5
0	18
0	113
0	57
0	375
0	156
42	1630
11	1641
2	1527
3	973
0	95
0	1552
1	28
1	185
1	235
8	528
1	219
0	361
0	361
0	351
0	220
0	22
1	9
0	6
0	30
0	10
0	162
0	129
0	145
0	145
0	104
0	104
0	83
0	1842
0	130
2	77
0	70
1	65
0	8
0	6
0	0
0	2
0	6
3	6
0	0
0	13
0	31
0	13
0	32
0	204
0	19
0	13
0	224
0	24
0	27
0	38
0	39
0	189
0	57
0	33
0	217
1	122
0	19
0	23
1	26
0	49
0	4
3	0
4	34
0	739
0	212
0	291
0	220
0	338
0	195
0	64
0	1
0	1
0	1
0	0
0	1
0	461
40	358
7	538
0	541
1	528
0	284
0	29
0	193
0	147
0	166
0	149
0	116
0	80
0	44
0	60
0	41
0	46
0	41
11	0
0	5
0	164
2	947
0	935
0	515
0	923
0	174
0	366
0	159
0	577
20	90
42	2343
0	58
0	2335
1	2316
1	27
0	14
1	2239
0	240
6	226
11	220
2	620
1	138
0	260
0	149
0	2337
0	2
0	1
0	1
0	1
0	1
0	3
4	76
0	8
0	12
1	75
0	73
0	74
0	76
0	0
0	0
0	0
0	0
0	0
0	0
0	0
0	0
0	143
9	44
0	239
0	15
0	35
0	162
0	15
1	0
0	34
0	19
0	0
0	0
0	0
0	0
0	0
0	0
0	0
0	0
177	18
0	13
0	12
2	2279
0	2877
4	127
20	753
0	2790
0	856
7	1122
23	332
0	1216
3	679
1	649
0	362
0	67
0	411
17	2300
0	2279
19	82
2	243
0	223
0	0
0	0
0	0
0	0
0	0
0	0
0	0
0	0
0	0
0	0
0	0
0	0
0	0
0	0
0	0
0	0
0	0
0	0
10	801
280	751
2	181
467	788
1	1076
0	220
0	102
0	164
1063	0
0	1476
0	1463
0	1669
0	0
0	0
0	0
0	133
117	160
0	160
0	15
0	46
0	0
0	0
0	0
0	0
0	0
0	0
0	0
0	68
0	19
0	62
0	19
0	0
0	4
193	3260
2	3059
0	2425
0	145
0	2764
0	168
0	198
0	344
0	229
0	74
51	317
0	0
0	0
0	0
0	0
0	0
0	0
0	562
0	0
0	0
0	0
0	0
4	13
0	8
11	13
0	29
0	29
0	1
0	21
0	2
0	4
3	92
0	321
0	252
0	295
0	92
0	220
1	33
0	158
9	35
0	52
2	49
0	45
34	56
0	30
0	1
0	1
0	1
0	0
0	0
0	0
0	0
0	0
0	3
0	3
0	1
0	1
0	0
0	0
0	3
0	0
0	0
0	0
0	0
0	0
0	30
0	0
0	0
0	0
0	0
0	0
0	0
0	0
75	12
0	12
0	0
0	0
0	0
0	0
0	0
0	0
0	0
0	0
0	0
0	0
0	0
0	0
280	0
130	6
5	217
0	13
0	10
0	29
0	42
0	385
0	380
0	43
0	40
0	12
1	10
0	4
261	1268
2	1268
0	0
0	0
2	345
0	339
0	11
0	16
0	304
0	46
8	131
0	263
1	308
0	17
0	12
1	328
1195	0
0	702
0	1943
0	110
3	154
0	89
4	34
1	1837
0	30
0	40
0	86
0	41
0	1861
0	33
0	40
1	32
0	151
0	14
0	16
0	64
86	1646
0	70
0	93
0	179
3	320
0	1686
0	110
0	1943
3	381
6	1
9	410
5	405
0	410
0	239
0	118
0	217
0	420
0	41
0	411
0	421
1	58
0	401
0	398
0	318
0	97
238	274
133	298
0	259
0	86
0	165
60	21
19	295
0	0
0	0
1	3
0	3
0	3
138	194
2	101
1	83
0	93
0	279
0	328
118	301
1	52
1	171
1	238
0	328
193	155
0	29
0	102
0	42
2	42
535	128
1	29
18	6
0	63
0	4
0	0
0	4
0	4
0	0
0	0
0	76
0	276
8	278
1	68
1	78
0	268
0	268
0	35
68	798
0	45
0	30
2	171
1	12
3	0
5	109
0	24
0	30
0	504
0	37
0	51
0	39
0	8
0	35
0	38
1	178
0	515
0	512
1	254
1	231
0	241
4	519
0	151
19	172
4	72
7	48
8	12
3	185
3	182
139	1612
0	1610
3	64
2	66
3	21
6	29
0	36
0	121
6	0
2	754
12	743
0	533
4	111
3	62
0	142
18	139
0	71
0	50
1	103
1	107
0	68
0	47
0	65
4	55
0	50
0	45
0	47
0	1
0	0
0	0
0	0
0	0
0	0
0	0
0	0
17	208
1	128
0	161
1	208
0	2
0	1
0	2
182	188
0	188
1	12
2	98
0	17
2	17
0	12
0	18
0	12
0	0
0	0
0	0
0	0
0	0
0	0
0	1
0	1
0	0
0	0
0	0
2294	3504
0	862
0	2642
0	420
0	95
1	95
0	79
0	380
0	264
2	138
0	198
0	360
0	318
0	0
0	52
0	0
0	0
0	0
32	900
13	904
0	904
0	755
0	0
0	0
0	0
0	64
0	63
0	63
3	4
0	25
0	2
0	2
0	1
0	1
0	0
0	56
0	246
0	27
0	18
0	6
0	155
1	35
0	29
0	10
0	6
0	13
0	20
5	149
2	1
0	0
0	119
0	0
0	0
0	119
0	0
0	1
0	0
0	2
0	54
0	236
0	0
0	584
0	51
0	0
3060	2460
3	2467
0	2346
0	680
0	0
0	0
0	0
0	0
0	0
1	1045
0	1045
1	106
0	201
0	85
0	0
0	0
0	0
0	0
0	0
1	1099
0	795
73	871
107	3
0	5
0	0
1	0
0	2
0	100
0	5
0	20
1	4
1	8
0	99
0	0
0	0
0	0
0	0
0	0
0	2
0	2
0	2
0	2
0	2
3	2
0	129
19	767
0	754
0	437
1	297
0	93
1	142
0	150
0	72
0	0
1	61
0	51
0	716
121	382
385	382
467	0
0	85
0	27
0	83
0	501
0	517
42	412
1	412
5	412
0	4
0	4
0	85
0	87
0	158
0	46
3	26
0	39
1	134
0	0
0	0
0	0
0	0
0	0
0	0
0	0
0	0
0	0
0	0
6	769
32	769
0	155
0	667
4	169
21	111
0	14
0	118
0	118
1	4
0	11
0	28
0	118
0	0
0	1422
0	204
0	269
0	660
3	1327
0	1376
0	1336
0	52
0	136
0	135
0	85
0	185
0	138
0	86
1	89
0	199
0	190
0	190
3	112
7	169
0	187
6	152
0	103
1	175
0	42
0	177
0	104
0	81
0	16
0	0
0	0
0	0
0	0
0	0
0	0
0	20
0	38
0	544
0	57
0	518
0	411
0	48
0	515
0	46
1	277
1	491
0	28
0	373
1	8
0	43
0	27
0	2
2	51
0	18
0	98
0	0
0	0
1	11
0	11
0	0
0	2
0	1
0	1
0	0
0	4
0	0
0	0
0	1
0	1
0	1
0	1
0	1
0	4
1	485
0	484
0	432
0	3
0	2
297	471
74	66
0	56
0	13
1	52
0	27
0	33
0	14
90	209
0	20
0	63
0	205
1	0
284	20
0	9
3	11
0	3
65	5
0	3
0	2
0	0
0	0
26	913
0	105
8	899
1	72
0	61
0	31
5	73
20	7
0	0
0	0
0	0
0	0
2	147
0	18
0	0
0	0
0	0
0	0
0	0
0	0
128	43
0	27
1	24
0	6
0	4
7	3
1	1330
0	25
0	445
2	1305
0	1217
0	1
0	38
0	1305
3	1305
0	65
2	335
0	0
0	0
0	0
0	0
0	301
0	266
0	91
0	30
3	18
0	291
0	0
0	0
13	71
0	58
0	71
0	24
0	5
278	164
0	164
0	1
1	0
0	1
0	0
3	4
0	4
0	0
0	0
0	0
0	0
0	0
0	0
0	0
0	0
0	0
0	0
0	0
0	0
0	0
0	0
0	0
0	0
0	0
0	0
0	0
0	0
0	0
0	0
0	134
44	145
2	0
2	2
0	145
0	141
0	35
0	3
0	23
0	27
0	0
0	0
2	13
0	10
2	8
0	1
0	1
0	0
0	0
0	0
0	0
0	0
0	0
1	0
0	0
29	18
1	15
1	15
0	13
0	11
0	12
0	17
0	13
0	13
0	10
0	14
25	6
6	2
1	30
0	238
6	30
0	40
0	30
0	44
5	256
0	14
0	239
6	269
0	224
33	75
1	256
0	181
1	57
0	80
0	103
0	79
4	259
0	207
0	252
0	150
0	24
0	34
0	124
0	111
1	42
0	103
0	109
12	42
0	0
2	0
10	165
0	166
0	173
0	174
3	31
0	188
0	188
17	603
0	12
0	6
0	566
11	555
0	94
11	382
0	149
1	33
0	2
0	0
0	230
74	231
0	165
0	0
0	27
0	21
0	23
13	0
0	0
0	0
0	0
0	0
0	0
0	37
326	1113
0	94
0	1010
2	742
1	921
2	801
0	798
2	48
1	109
2	156
19	296
0	112
0	65
4	60
0	54
0	36
0	44
0	44
0	26
0	0
2	1
0	241
0	19
0	13
0	186
0	173
0	195
0	6
0	19
2	163
0	198
0	231
0	0
1	618
0	445
36	618
238	413
0	410
0	130
2	3
0	73
0	0
0	66
0	153
0	185
0	208
0	73
0	89
0	82
0	66
0	0
0	0
0	0
0	0
0	0
0	0
0	0
0	0
0	0
0	107
0	107
0	35
0	28
0	23
1	23
1	5
0	0
0	2
0	1
0	1
0	2
0	2
0	1
0	0
0	279
7	258
1	113
403	0
0	0
0	684
2	134
0	664
1	509
1	496
0	438
0	178
0	135
0	664
0	657
0	0
0	0
0	0
0	0
0	0
0	0
0	0
0	0
0	0
0	0
1	489
2	291
0	24
1	37
0	480
36	781
0	684
0	716
0	665
0	689
0	646
0	572
0	597
0	651
0	633
0	742
0	723
0	411
0	321
0	84
0	520
8	318
3	304
1	273
0	0
1338	0
0	1
0	0
0	0
0	0
0	0
0	703
0	0
0	0
0	0
0	0
0	6
431	36
0	32
0	4
0	0
116	792
48	794
1	95
0	0
0	0
0	4
0	2
0	4
0	1
0	0
0	0
3	73
0	58
15	2
0	48
3	69
0	0
0	0
418	1317
0	1259
4	1122
0	961
0	1044
0	1101
0	942
0	119
2	129
0	122
0	0
0	0
0	3
0	11
0	4
0	4
0	6
0	22
0	26
0	26
1	4
1	1
0	4
0	4
0	1
143	106
0	10
1	5
1	25
0	19
0	29
0	21
0	23
3	43
0	49
0	43
0	60
0	43
0	448
0	452
0	31
0	22
0	0
0	0
0	453
0	6
0	1
0	5
3	211
3	1364
9	463
1	222
8	1188
0	1249
0	246
0	313
2	306
5	70
0	1
0	0
0	0
0	0
0	6066
0	126
1	1928
47	4700
0	5970
147	4329
0	126
0	4203
0	655
24	92
19	81
0	379
0	289
0	239
0	267
0	470
39	1111
0	595
10	307
0	683
0	0
0	2
0	3
0	1
0	1
0	2
0	2
0	2
0	0
0	0
0	2
0	1
0	0
0	1
0	1
0	0
0	1
0	0
0	39
0	13
0	2
0	31
0	36
0	38
0	0
8	444
10	444
0	37
0	0
0	0
0	0
1	2
1015	0
2	619
0	43
2	45
0	45
0	2
0	4
0	4
0	2
0	2
0	0
0	0
1	1
0	43
3	1517
0	0
0	0
169	77
2	46
0	67
0	1
0	6
0	3
0	2
0	1
3	0
0	13
10	24
16	0
1	14
0	354
0	284
0	212
0	82
0	121
0	56
0	57
0	42
0	42
7	103
886	796
21	569
4	388
3	104
4	40
0	101
0	110
0	59
0	33
0	167
6	176
0	47
0	9
1	9
1	20
307	148
4	85
30	106
0	33
0	48
2	31
2	10
6	17
0	1
0	12
0	11
0	1
0	1
1	4
0	1
0	1
0	0
0	1
0	0
0	0
0	0
2	80
0	144
6	125
0	100
0	72
0	93
1	41
0	24
0	0
289	193
0	49
0	76
5	131
0	88
0	92
1	90
0	89
0	39
0	24
5	0
27	5
0	3
0	0
0	0
0	0
0	0
6	1
1	41
0	41
0	40
0	41
0	4
0	0
0	0
0	0
0	0
0	1
1	1
0	0
0	1
0	2
0	1
0	0
0	0
0	0
0	0
0	0
0	0
0	0
0	0
0	0
0	0
0	0
0	0
0	0
14	1
1	0
0	29
0	1
0	1
1	1
0	8
0	26
0	2
0	26
0	0
0	0
0	2
0	1
0	0
0	0
0	0
0	0
0	0
0	0
0	0
0	0
0	0
0	0
0	0
0	0
0	0
0	0
0	0
0	0
0	0
181	0
0	44
0	40
0	15009
0	2096
14	1795
0	15017
11	14131
39	4511
0	10490
0	3466
5	1123
0	8425
6	2503
0	7259
0	4490
60	3915
0	3920
8	909
0	914
3	759
0	0
0	0
0	1
0	0
0	0
0	0
0	0
0	0
1	990
0	136
139	481
0	254
0	255
0	39
0	24
0	215
1	143
1	104
0	38
0	67
0	27
0	48
0	45
0	3
0	0
0	0
0	0
0	0
0	194
2036	459
1	0
0	62
1	185
3	82
1	80
176	210
1	176
10	8
1	0
0	183
0	56
0	0
0	0
0	13
0	3
0	3
0	2
0	3
0	3
0	3
0	3
0	1
0	2
0	1
0	1
0	1
0	1
0	0
0	3
0	1
0	53
0	8
0	2
0	2
0	2
0	2
0	0
0	0
0	2
0	0
0	0
0	2
0	0
0	0
0	0
0	2
0	0
0	2
0	0
0	0
0	0
0	0
0	0
0	0
0	0
0	2
0	2
0	0
0	0
0	0
0	0
0	0
0	0
0	0
0	0
434	855
0	861
0	848
0	758
1	727
0	726
0	630
1	703
0	588
0	696
0	685
0	677
3	593
0	201
0	9
0	18
0	0
0	0
0	0
12	265
7	25
0	179
0	12
0	23
0	237
0	8
0	119
0	13
0	16
0	10
0	3969
0	3999
0	1527
0	665
6	2861
114	697
0	3999
4	742
1	646
0	3121
14	1756
0	155
0	142
0	143
0	154
0	46
0	32
0	32
0	25
0	0
2	6
0	23
0	15
0	9
0	6
0	0
460	0
0	0
0	3
0	3
0	0
0	1
0	0
0	0
24	15
0	15
0	0
0	0
0	475
0	539
0	553
0	476
0	369
0	21
0	52
0	109
0	94
0	544
0	0
0	0
0	0
0	7
0	7
0	7
0	3
0	3
0	1
0	0
0	0
0	0
0	0
1	60
0	60
0	0
0	0
0	1438
1	52
0	786
3	103
0	1220
0	747
0	108
2	188
3	255
0	51
7	811
0	359
522	343
3	88
1	182
0	98
2	24
0	73
0	0
0	0
0	0
0	0
0	1128
3	1130
0	128
0	217
0	407
0	953
0	1057
3	231
0	950
0	1109
3	7
177	9
4	2
0	0
0	0
0	0
0	0
0	0
0	0
0	0
0	1
0	1
0	0
0	0
0	0
0	0
0	28
0	94
0	0
0	278
0	259
0	117
1	276
7	9
7	348
2	23
1	15
0	348
17	0
0	0
0	8
0	8
0	8
0	8
0	0
1	0
0	0
0	3
0	0
2	3
0	2
0	2
0	2
5	85
3	106
44	386
4	386
3	117
0	0
675	452
6	204
5	314
9	142
0	0
0	0
17	1001
2	1001
72	383
27	513
4	514
3	30
1	632
0	822
1	102
0	200
8	674
0	158
0	85
1	228
0	556
0	72
1	118
0	101
17	277
5	87
504	1
0	335
0	329
0	349
0	229
0	256
0	260
0	340
0	330
0	286
0	286
0	277
0	55
1	19
0	41
0	41
0	36
0	34
0	20
0	10
0	9
0	0
0	23
0	66
0	192
796	0
1	0
0	0
0	0
1	560
0	656
2	579
11	137
0	598
0	574
9	183
2	5
0	114
0	624
0	572
3	500
0	1505
3	931
0	36
2	953
2	479
0	817
0	617
6	300
2	1
0	408
4	188
0	575
0	576
0	542
0	72
3	14
0	27
0	107
0	113
0	25
0	25
0	162
1	87
6	17
15	0
0	98
110	786
22	174
5	561
1	47
0	37
4	59
0	459
3	62
0	40
13	5
0	14
0	214
0	7
0	7
0	2
0	3
0	2
0	0
0	0
0	1
0	1
0	1
0	7
0	0
0	8
0	14
0	11
0	10
0	25
0	3
2	11
0	12
0	6
0	12
0	13
0	5
0	21
0	22
0	21
0	11
0	26
0	9
2	3
0	9
0	4
0	0
0	8
0	4
0	19
0	7
0	6
0	11
0	2
0	1
0	6
0	11
0	8
0	14
0	14
0	3
0	7
0	13
0	4
0	10
39	238
1	5
0	165
1	166
4	36
0	30
5	92
6	60
0	6
0	155
0	192
12	193
0	119
0	138
2	34
0	16
0	1
0	0
0	0
0	0
0	0
0	0
0	0
0	0
0	0
0	0
0	1698
3	1251
3	432
3	174
5	211
1	1472
0	0
1	26
0	26
0	0
121	162
4	158
1	81
0	23
0	10
0	1
0	4
0	0
0	0
0	3
1	2
0	2
2	18
0	1
4	831
0	921
0	806
10	801
0	70
1	47
0	15
1	17
0	359
0	359
0	25
1	63
0	417
1	91
0	405
1	418
0	417
0	20
2	56
0	58
0	259
0	210
0	46
0	64
0	137
0	86
0	28
0	16
0	14
4	0
0	0
0	0
0	0
0	0
0	0
0	507
35	65
760	1932
1	545
14	1099
0	695
2	486
1	668
24	91
0	91
0	18
0	91
0	158
4	562
11	161
67	551
0	171
1	0
0	11
0	55
0	0
0	0
0	280
0	241
0	100
0	280
0	125
0	285
0	112
0	122
0	320
0	66
0	126
0	235
4	235
0	149
0	59
1	40
2	5
0	5
0	5
0	5
0	0
0	3
0	277
3	4778
61	4627
16	4779
0	363
3	244
1	213
0	0
56	0
0	0
0	0
0	0
0	331
0	217
0	217
0	217
0	54
0	52
0	2
0	144
3	2
0	28
0	1
0	9
0	0
0	0
0	0
0	0
0	0
0	0
0	0
0	393
22	251
2	264
2	129
0	10
1	10
3	288
1	185
0	0
0	0
0	0
0	0
0	753
0	16
0	108
0	87
0	2
12	20
0	127
14	731
0	35
12	632
0	121
5	7
21	106
2	68
0	621
0	2
0	0
0	0
0	2
0	0
0	0
0	0
0	0
0	0
0	0
0	0
0	0
0	0
0	0
0	0
0	0
13	142
0	126
0	126
20	159
0	41
5	34
0	29
0	40
0	28
0	38
2	33
20	39
6	0
0	1
1	0
0	3
0	3
2	3
0	4
0	4
0	4
1	0
0	0
0	3
0	1
0	3
0	206
0	215
0	139
0	199
0	209
1	35
5	94
0	27
0	0
0	0
0	0
0	0
0	0
0	0
1547	3097
4	436
4	1553
5	725
0	1122
0	314
0	2024
0	245
0	205
1	227
0	42
2	48
0	14
0	27
2	8
0	12
0	20
1	8
11	282
2	273
2	193
0	121
0	67
0	59
21	30
42	38
47	171
4	740
1	559
14	788
17	678
103	1733
0	1477
0	1429
0	396
49	736
0	659
1	669
0	411
0	236
0	197
0	125
0	125
0	51
0	775
2	429
0	5
0	7
0	15
0	10
9	27
0	27
0	0
2	2
0	6
0	2083
9	1903
4	4
3	4
40	1796
1	176
0	1088
19	800
1	685
0	685
0	0
0	0
0	374
3	9
0	363
28	26
1	70
7	95
0	85
0	122
87	39
0	66
7	42
1	305
0	0
16	683
0	535
0	634
0	305
0	529
0	259
0	343
0	0
0	43
0	43
0	43
0	43
0	43
0	35
0	2
0	21
0	24
0	33
0	33
0	33
0	33
0	33
0	33
0	33
0	33
0	33
0	33
0	33
0	33
0	33
0	37
0	37
0	37
0	2
0	7
0	4
0	0
0	9
0	2
0	2
1	140
0	125
1	983
3	964
8	59
3	122
0	78
0	77
18	10
16	63
0	47
2	23
2	91
0	166
234	169
0	86
14	31
1	87
45	101
0	108
7	61
6	40
4	0
21	0
12	32
7	94
0	53
0	94
0	87
0	81
3	53
0	83
0	462
0	455
0	418
0	132
0	456
0	466
0	5
1	440
9	446
0	445
0	156
0	464
0	427
0	427
0	87
0	425
0	149
12	475
1	471
0	208
0	427
0	58
92	937
2	937
0	229
0	214
5	33
1	195
0	1
7	0
0	0
0	0
0	0
0	3
0	0
0	4
0	2
0	10
0	7
0	4
0	21
0	8
0	8
0	11
0	12
0	12
0	6
0	5
0	0
0	0
0	0
0	0
0	0
0	0
0	0
0	0
0	0
0	0
0	0
0	0
0	1
0	1
0	0
0	0
368	0
0	0
1	1
0	1
0	0
0	1
0	0
0	0
5	0
477	2058
2	1961
0	830
34	2052
7	2009
17	696
1	750
0	1686
1	0
0	1185
0	112
0	105
0	362
0	575
3	351
0	358
2	166
0	465
0	108
0	59
0	89
0	149
1	57
0	556
0	381
0	343
0	338
0	61
113	227
0	335
0	317
0	56
5	373
1	159
1	169
2	156
0	165
4	99
1	58
0	322
0	0
8	571
0	595
0	198
0	60
26	20
0	19
0	19
0	6
0	0
0	0
0	0
0	0
1	38
0	71
3	50
0	67
0	67
0	67
5	66
0	1
0	0
16	652
0	652
92	775
0	291
6	468
27	210
0	0
1	0
2	1263
0	1387
0	1348
2	68
3	60
0	1311
47	517
0	517
1	417
322	176
0	61
0	134
0	28
6	28
24	0
5	33
4	23
0	37
0	19
0	22
0	2
0	19
0	12
241	1813
1	1335
0	1813
0	163
1	135
0	154
0	0
0	0
0	0
0	99
2	24
0	4
0	155
0	933
0	12
0	218
0	42
0	121
0	796
0	254
1	52
0	459
0	90
0	482
0	522
0	88
0	254
0	254
0	221
0	224
0	224
0	230
0	218
0	229
0	205
0	199
0	113
0	126
0	45
0	71
0	68
0	3
1	34
0	26
0	29
0	14
0	5
0	0
0	0
0	0
0	0
0	5
0	0
0	0
0	0
0	0
0	0
0	0
0	0
0	0
0	0
0	0
0	0
0	0
7	1139
0	0
0	0
0	0
0	0
0	0
3	32
249	156
1	6
1	91
6	91
7	36
0	4
52	174
3	27
27	8
0	153
17	115
12	0
0	307
1	398
0	335
3	477
0	417
0	30
2	35
0	19
0	14
0	7
0	340
1	342
8	343
2	342
1	83
0	76
0	66
0	57
0	58
0	55
1	43
7	50
0	45
1	213
0	234
5	114
0	169
1	29
8	150
5	146
0	565
0	442
0	16
0	496
0	64
0	135
0	527
0	64
4	20
0	182
1	182
0	95
2	123
0	414
1	12351
2	12274
0	3906
4569	7580
8	220
6	2888
12	1349
2	822
3	367
0	364
0	41
0	43
0	42
0	43
0	43
0	43
0	27
0	1
1	42
0	42
0	37
0	60
0	299
0	350
0	127
0	49
1	0
80	75
0	0
2	1
0	1
0	165
0	133
3	37
0	97
0	116
0	138
0	148
2	4
0	22
1	14
0	38
0	10
0	0
0	26
1	159
0	148
0	229
239	1227
1	609
2	527
8	741
4	254
0	0
0	0
0	0
0	0
0	0
0	0
0	0
0	0
345	0
0	482
0	276
0	532
0	1313
0	1288
4	127
0	345
0	297
0	309
0	522
0	1301
0	1412
0	343
0	234
0	444
0	286
0	1436
0	583
2	609
0	678
0	521
0	413
0	271
0	207
0	192
0	193
0	94
1	102
0	112
0	120
1	2
0	91
0	65
0	572
0	1
0	1
0	0
0	0
0	0
0	0
0	1
0	1
0	1
0	1
0	1
0	1
1	1
0	0
0	0
0	0
0	0
0	0
0	0
0	159
0	296
0	55
4	114
0	112
0	109
4	158
0	0
0	0
0	0
0	0
0	0
0	0
0	0
0	0
0	0
116	177
15	52
12	177
0	116
13	3
0	37
203	37
0	997
0	958
0	516
11	570
0	294
574	76
4	74
0	74
4	75
0	0
0	27
0	21
1	27
0	0
0	0
486	1635
6	1635
1	0
0	0
0	0
0	0
1	2
0	1
0	0
0	2
0	578
3	557
0	384
2	93
10	41
19	171
0	43
0	0
0	0
0	0
280	1032
0	171
0	231
137	229
17	171
5	133
10	34
5	45
0	41
8	164
35	677
0	157
1	101
1	66
0	82
0	68
0	4688
0	1426
14	4607
73	1122
0	372
0	147
1	624
0	350
0	0
66	236
0	22
0	233
0	223
22	146
1	103
0	80
0	84
0	20
0	101
1	14
0	56
0	826
0	897
1	161
0	7
1	87
0	0
0	200
4	32
0	71
0	24
0	161
0	31
0	187
0	851
0	303
0	283
5	216
0	74
0	0
0	0
0	0
0	588
5	455
2	570
0	355
0	326
0	76
0	116
0	116
6	67
2	148
0	126
3	11
0	90
0	60
0	54
0	59
1	45
0	581
18	46
0	270
0	92
0	254
0	236
0	116
0	69
1	284
0	253
0	237
0	230
1	197
0	117
1	67
0	70
0	78
0	54
0	3
0	11
0	0
0	0
0	471
1	572
0	1466
193	2107
48	346
3	922
2	10
1	14
0	27
0	26
0	26
0	1
0	0
1	0
0	26
651	877
14	799
0	412
4	78
0	0
0	0
0	0
4	28
44	28
0	1
0	0
0	508
0	641
11	535
4	657
0	752
2	369
0	264
0	84
0	108
1286	0
1	115
0	184
5	62
0	540
1	0
2	450
0	384
0	12
0	12
0	0
2	0
0	0
2	0
0	0
13	426
0	326
3	313
1	57
1	69
10	72
2	10
1	70
0	26
3	4
0	2
0	339
0	57
0	823
2	95
0	492
0	115
0	178
2	104
9	309
10	635
2	49
0	47
0	33
0	121
0	11
0	121
2	19
0	131
0	34
1	43
0	94
2	97
0	55
0	92
12	95
5	84
0	121
0	111
0	111
0	0
0	0
0	0
0	0
0	0
0	0
0	7
0	7
0	7
0	4
0	1
0	3
0	1
24	1016
3	0
0	18
0	879
0	879
0	46
0	1013
0	876
0	169
0	5
0	0
0	169
0	0
0	379
3	366
0	74
28	231
6	61
0	81
6	11
0	4
0	0
0	10
1473	529
2	125
5	91
1	87
1	226
0	9
589	0
1	83
3	3
1	3
0	122
0	120
0	77
0	3
0	10
1	64
0	3
0	3
0	0
0	2
0	0
0	0
0	0
0	0
0	7
0	5
0	7
0	86
0	2
0	21
0	60
0	34
0	6
0	11
0	4
0	3
0	48
2	42
0	120
0	44
32	44
2	19
0	19
0	15
0	3
0	0
0	811
0	801
0	570
0	579
0	607
0	613
0	597
0	498
0	538
1	496
4	373
0	73
0	12
0	7
0	826
0	824
0	806
0	822
0	614
0	783
0	773
0	812
24	113
2	680
0	46
0	45
0	430
0	67
0	57
0	67
0	68
0	56
0	269
2	726
0	323
1	51
0	276
0	266
0	266
0	266
0	278
0	294
0	734
0	749
4	276
1	60
2	57
0	44
0	37
0	18
0	276
0	255
330	102
0	27
0	28
0	21
0	2
0	30
0	32
0	308
0	152
0	157
0	309
0	313
0	307
4	50
0	36
1	294
0	297
1	306
0	132
0	281
1	2
0	312
0	117
0	310
0	305
0	306
1	29
0	292
0	308
0	313
0	249
0	297
0	133
0	316
0	51
0	307
0	126
0	303
0	152
0	298
0	292
0	314
0	119
0	298
0	285
0	22
0	35
1	178
2	33
0	7
0	27
0	3
0	144
0	22
0	165
0	1
0	24
0	23
0	126
0	24
0	70
0	104
0	92
0	106
0	65
0	97
0	92
0	83
0	84
0	13
0	6
0	0
0	0
0	0
0	0
0	14
328	272
0	76
0	99
0	64
0	127
0	95
0	77
0	108
0	105
0	6
0	0
0	0
0	0
0	0
0	0
0	0
0	77
4	80
0	81
0	4
0	81
0	82
30	1013
6	945
3	84
1	54
4	1013
2	83
3	647
0	91
0	165
0	84
0	70
0	0
0	0
0	0
0	0
0	0
0	0
10	56
3	15
0	46
10	45
7	35
0	0
3	546
0	557
0	511
6	119
0	173
0	131
1	77
0	13
7	148
0	10
1	8
0	383
0	340
0	337
0	281
0	329
0	330
1	250
0	320
0	209
1	333
0	256
0	260
0	219
0	172
0	246
0	139
0	131
0	76
0	90
0	69
0	17
3	44
0	39
0	401
1	556
5	1303
0	1277
0	658
0	1200
1	682
0	52
0	88
0	655
0	1238
0	12
1	291
0	339
1	295
0	308
0	336
0	55
5	54
0	179
0	173
0	408
2	111
0	0
0	0
0	0
0	0
0	0
0	0
0	0
0	0
0	0
0	0
0	0
0	0
0	0
0	0
0	0
0	0
0	0
0	0
0	0
0	0
0	358
0	93
0	1725
3	297
0	367
6	421
8	162
0	452
3	678
3	574
3	1571
0	1619
0	1674
0	10
0	106
8	174
0	75
5	114
1	163
0	86
0	70
1	25
3	6
10	53
0	6
0	31
1	5
5916	2289
1	1860
0	0
0	0
7	0
0	0
265	34
0	34
0	226
0	252
5	215
0	130
0	76
4	28
0	27
13	742
0	99
0	592
1	22
0	751
8	882
0	55
0	91
1	34
0	282
34	167
0	0
0	437
7	231
0	67
0	114
0	0
0	771
22	154
0	837
0	68
0	15
0	119
0	147
1	121
0	100
1	792
0	776
0	792
0	26
47	441
0	465
1	160
0	129
0	27
7	118
0	457
0	116
4	79
0	124
0	79
113	1072
0	730
67	948
0	992
72	419
2	553
0	218
0	204
3	162
2	158
0	54
81	250
10	301
0	180
0	194
1	96
0	67
0	125
1	148
24	103
0	138
0	43
0	131
2	16
1	88
9	14
0	28
19	38
1	54
1	14
2	51
0	18
0	251
0	1722
0	603
0	537
8	544
1	213
6	533
4	286
29	567
12	446
2	375
15	350
3	1621
0	0
0	0
0	0
0	0
0	0
0	0
0	0
0	825
0	33
448	0
0	6
0	0
0	0
21	3
0	3
0	1977
56	2049
14	156
0	255
2	1369
18	397
7	0
3	87
2	124
6	120
0	196
88	34
2	730
0	491
0	203
533	721
0	588
1	506
2	273
18	502
37	478
5	109
0	218
36	720
0	66
12	79
0	152
0	233
0	231
0	225
0	230
0	99
0	2
1	6
1	12
0	10
0	17
0	12
0	0
0	0
0	180
766	224
11	225
0	4001
6	915
1	1495
1	10278
1	11218
2	14572
0	1488
8	2105
4	2202
0	2816
0	2895
0	3530
0	10701
1	12797
0	3599
0	2872
0	14196
0	14174
2	8855
0	4631
0	50
8	6214
0	4513
29	9084
5	8958
0	0
10	2
2	2
0	208
0	132
0	33
0	48
1	290
5	307
0	220
0	236
0	74
0	137
0	142
0	137
0	64
0	52
0	36
2	34
0	49
0	14
0	1
0	0
0	0
0	0
0	1
0	1
0	1
16	173
1	173
0	0
0	0
161	121
3	51
0	77
2	76
0	50
2	260
0	271
2	235
0	281
3	301
3	154
3	23
1	0
0	0
0	0
0	0
0	14
0	14
0	1
46	563
0	550
7	56
0	56
1	69
0	550
664	127
0	112
0	71
1	59
0	0
0	510
0	318
13	7
1	261
0	2
0	494
0	485
0	261
2	80
0	71
0	57
6	26
112	1147
1520	1139
0	351
0	132
0	1
0	1
0	493
0	6
6	516
152	202
2	12
0	69
0	0
0	44
0	1
0	0
0	0
0	0
0	0
0	1
0	1
1	0
0	0
0	0
0	0
0	20
1	20
0	45
0	75
0	46
0	1
0	1
0	0
0	1
0	64
0	70
0	61
0	26
0	27
0	32
0	60
7	32
1	58
6	0
0	12
0	26
0	22
0	514
0	0
0	0
0	154
18	154
127	181
7	47
0	81
0	42
0	63
0	37
0	0
0	154
0	154
0	857
3	857
0	35
0	864
0	1
0	34
1402	0
0	0
220	982
0	675
0	183
0	396
1	319
393	1419
4	1420
1	711
0	421
0	0
0	0
0	0
0	0
0	303
0	13
0	327
0	58
0	2
0	142
0	55
0	52
0	33
0	20
0	59
1	116
1	116
0	2
0	14
0	3
1	2
0	19
0	20
0	21
0	19
0	12
0	9
0	10
0	3
0	4
0	2
0	4
0	4
0	3
0	4
0	3
0	21
0	19
0	3
0	3
0	3
0	3
0	200
3	91
0	48
0	36
0	24
1	8
0	196
0	196
0	196
44	1454
0	98
0	1392
0	32
0	135
0	0
0	0
0	0
0	0
0	0
0	0
0	475
0	539
0	551
0	476
0	544
0	59
30	87
24	81
0	52
0	73
0	97
2	56
0	113
0	98
0	66
2	58
4	0
138	0
0	0
1151	1
119	439
1	261
0	103
35	180
16	167
0	79
4270	4437
7	355
0	1260
98	438
0	76
31	219
0	212
0	216
0	209
0	20
0	15
1	23
0	9
1	16
0	9
1	8
0	8
0	5
3	1
0	0
0	0
0	0
0	0
47	234
1	101
0	89
0	133
1856	825
3	196
26	494
1	102
0	192
1	121
6	56
0	33
0	17
1	0
0	4
0	0
0	0
0	0
0	0
0	0
0	0
0	0
0	807
0	626
18	494
0	151
0	120
0	86
1	50
0	0
0	0
0	1301
0	1307
0	4
0	1259
9	657
3	41
0	27
1	37
0	15
1	169
1	163
0	54
0	47
0	72
1	42
0	88
3	245
0	0
0	0
0	2
0	0
0	0
0	0
0	2
0	3
5	1
0	0
0	62
0	0
0	0
2	9
0	9
1	2
0	1
1	0
0	0
0	0
0	0
0	0
0	0
0	0
0	0
0	0
0	0
2	636
0	109
0	299
0	646
0	636
0	183
0	83
0	333
23	0
115	0
5	340
0	342
0	9
1	88
1	78
0	86
0	93
0	92
0	66
0	196
0	202
0	1272
15	70
0	1364
1	174
235	19
0	19
0	177
0	61
0	1
4	166
3	181
0	86
0	181
0	10
0	10
0	9
0	9
0	9
0	0
0	10
0	0
0	9
0	9
0	9
0	0
0	2
0	2
0	0
0	1
0	2
0	8
1	8
0	0
0	1
1	9
0	9
0	0
0	0
0	5
0	2
0	5
0	3
0	5
0	1
1	4
0	23
0	22
0	3
0	22
0	22
0	7
0	11
0	2
0	0
0	23
0	21
0	558
0	560
0	1308
0	1267
0	1386
0	1155
0	1336
0	898
0	359
0	22
0	1
0	1
0	0
0	0
0	980
0	493
1	489
6	1164
0	1076
0	849
0	975
0	832
0	392
0	320
0	128
1	70
0	71
5	4052
0	247
0	275
0	4218
4	720
0	759
0	2203
0	1793
7	791
27	2522
0	2980
0	449
1	1791
0	776
0	623
43	86
1	563
0	646
24	117
0	3920
0	3896
0	0
0	0
0	0
0	0
0	18
0	65
0	0
0	123
0	0
0	112
36	133
0	117
0	0
115	114
0	29
0	43
0	71
0	20
0	16
1	19
0	47
0	15
0	0
0	0
0	11
0	0
0	0
0	1
0	0
0	0
0	0
0	0
0	0
0	0
0	11
0	8
11	270
1	248
0	264
0	268
17	162
19	51
0	90
0	98
0	86
0	94
0	74
0	68
1	44
0	51
0	28
0	11
0	28
0	0
0	0
12	346
0	349
0	282
13	341
0	385
0	418
0	101
0	407
10	137
0	308
0	134
0	348
0	362
0	259
0	368
0	350
0	81
1	290
0	297
0	239
0	256
0	249
0	299
0	2
0	361
0	323
0	346
0	285
2	350
0	282
0	291
1	265
0	293
0	315
0	229
0	289
0	206
0	205
7	208
0	171
13	145
0	161
0	89
0	40
0	92
0	16
0	0
6	0
0	0
0	804
2	225
9	375
6	752
19	293
2	414
0	336
0	271
8	466
1	39
0	122
4	136
0	41
0	122
1	109
0	88
0	71
0	65
2	68
1	62
0	0
0	0
2288	0
86	801
1	589
19	466
0	528
0	512
12	431
0	252
8	449
1	231
1	162
4	136
0	0
23	588
0	186
0	589
1	331
0	584
28	3
0	2
0	1
0	1
0	0
0	0
0	0
26	6515
5	1096
0	709
4	1125
0	663
22	6527
317	790
11	857
37	2998
0	0
0	0
0	0
0	0
0	0
0	1
0	126
0	0
0	0
0	14
0	0
0	0
0	0
0	0
0	0
0	0
0	0
0	0
0	69
0	35
0	34
0	35
0	35
0	34
0	27
0	31
0	35
0	28
1	28
0	28
0	3
2	0
2	19
0	0
20	15
0	3
0	8
0	13
0	7
0	7
2	5
0	29
0	147
0	0
1	56
109	352
0	52
0	202
0	199
0	230
0	65
0	57
0	13
0	24
0	0
0	0
0	0
0	8125
1	1342
0	969
0	8125
2	7585
19	2065
61	5305
4	1726
2	1005
10	1571
0	27
0	0
0	0
0	0
0	0
0	0
0	0
0	0
0	0
0	0
0	0
0	0
0	0
0	0
0	0
0	0
0	0
0	1
0	0
0	0
0	7
0	24
0	4
0	4
0	6
0	6
0	6
0	4
0	4
0	1
0	2
0	1
0	0
0	4
0	11
0	1
0	1
0	1
0	0
0	16
0	22
0	4
0	4
0	0
0	4
0	0
0	4
0	4
0	4
0	4
0	4
0	3
0	0
0	4
0	4
0	4
0	4
0	11
0	11
0	4
0	128
0	133
0	14
0	14
0	9
0	5
1	5
1	0
0	3
780	110
7	110
1	352
0	352
0	352
1	203
0	35
0	42
1	62
1067	1334
2	927
0	87
4	92
20	125
0	53
0	136
0	115
0	15
0	1
1	97
0	840
0	13
2	1
0	357
0	192
1	110
2	116
21	1053
0	0
0	0
0	0
0	0
0	0
0	0
0	0
0	0
0	0
0	0
0	9
0	111
0	66
1	58
0	964
2	223
15	224
0	87
9	81
4	52
0	56
0	8
0	18
0	14
1	6
0	5
0	11
0	3
0	0
0	0
0	3
0	3
0	0
0	0
0	0
0	0
0	3
0	3
0	0
0	3
0	0
0	3
0	3
2	2
0	0
0	0
0	0
0	0
0	0
0	0
0	0
0	0
0	0
0	6
0	1
4	13
0	8
0	4
0	4
0	0
0	2
0	1
0	2
1	0
0	2
0	1
0	4
0	0
0	0
0	2
0	2
0	0
0	12
0	0
0	0
0	0
0	1995
1	444
0	138
0	301
1	481
0	407
0	600
0	257
3	0
0	423
0	1830
0	947
0	0
5	0
0	0
0	575
0	682
6	2447
0	617
24	388
1	1506
545	3422
0	741
0	2217
0	560
88	2534
2	0
0	0
0	452
3	712
39	713
0	113
6	188
2	165
254	28
0	28
0	2
0	479
0	0
3	479
7	76
0	75
0	46
0	1
0	1
0	4
0	50
0	35
0	81
3	113
3	128
1	93
2187	225
0	225
297	213
0	27
0	173
0	20
0	13
10	18
0	4
0	5
0	15
0	105
0	292
535	467
2	419
1	410
1	125
0	8
0	8
0	7
0	0
0	3
0	4
0	2
0	2
0	0
3	2
0	0
0	0
0	3
0	0
0	0
0	0
38	32
0	30
0	31
0	81
0	298
2	297
0	68
0	44
0	80
0	1
0	10
0	10
0	67
0	0
0	4
0	0
14	170
2	170
0	541
0	718
3	718
2	760
1	19
1	57
0	40
0	760
0	0
0	0
0	0
0	0
0	0
0	0
0	0
0	0
0	0
0	95
0	90
0	207
893	129
1	43
0	167
9	154
34	205
0	143
0	100
0	4
0	28
0	0
0	0
0	0
0	0
0	0
0	0
0	0
2	437
4	7
1	5
4	5
0	2
0	2
0	0
0	0
0	0
0	0
0	0
0	0
0	0
0	0
0	0
3	217
0	38
1	62
0	216
0	16
1	4
0	3
0	1
0	33
0	0
0	1
0	0
0	1
0	1
0	0
0	1
0	1
0	1
0	1
0	1
0	1
0	1
0	1
0	0
0	0
0	1
0	0
0	0
1	3038
4	2540
0	2540
0	2843
0	2942
17	2197
0	2535
0	2535
0	2987
0	578
0	728
0	440
6	469
0	440
0	439
18	585
0	730
2	435
0	370
3	439
3	179
0	241
0	26
0	710
1	657
0	583
2	27
1	666
0	697
0	20
0	20
3	22
23	18
0	18
0	0
0	2
0	1
0	0
0	1
0	3
0	0
0	0
0	13
0	12
0	12
0	0
0	0
0	0
0	0
0	0
0	0
0	0
0	0
0	0
0	0
17	13
0	20
0	1
22	20
0	0
0	0
0	0
0	82
3	190
2	59
0	137
2	190
1	93
0	15
0	23
0	20
0	16
0	0
0	0
479	52
1	52
0	16
0	14
0	5
0	14
1	14
0	12
0	14
0	5
0	4
0	9
0	1
10	1
8	53
0	53
0	37
1	0
1	664
12	664
0	0
0	0
0	0
0	0
298	46
0	1
0	1
0	1
16	191
0	217
0	253
0	216
0	89
0	72
3	87
0	51
2	51
0	32
0	25
1	4
0	39
2	25
2	14
0	4
0	4
0	0
0	0
0	54
0	0
0	226
0	296
5	259
0	289
0	47
0	16
0	59
0	35
1	29
0	38
2	34
0	34
0	15
0	64
5	188
0	281
17	880
0	868
0	884
2	868
0	880
3	413
0	326
253	155
0	155
1	86
0	11
0	132
0	226
0	255
0	392
97	328
17	38
0	141
0	146
0	43
0	218
0	55
177	431
0	416
0	392
6	397
0	146
0	370
0	365
0	358
0	333
1	307
0	262
0	257
0	187
0	89
0	76
0	73
3	24
0	24
0	24
2	11
1	7
0	369
1	0
12	231
85	237
0	383
0	85
90	352
0	591
0	576
0	636
0	178
2	473
0	513
0	59
4	91
0	123
0	50
4	74
2	49
0	0
1	9
1	91
0	258
2	27
0	14
0	56
0	86
0	68
0	187
0	13
0	36
0	84
0	114
1	21
0	238
1	32
0	256
0	50
0	50
0	182
0	70
0	101
0	98
0	89
0	173
0	44
0	163
0	25
0	58
0	70
0	30
0	93
0	153
0	38
0	38
0	47
0	58
0	33
0	211
0	113
0	247
0	45
0	82
1	44
0	239
0	45
0	168
0	175
0	292
3	55
5	0
0	0
0	0
0	0
0	0
0	0
0	0
5	1509
29	1517
0	144
4	171
0	562
0	489
0	542
0	486
0	531
3	35
1	177
0	468
3	44
0	448
1	449
0	100
16	339
6	48
0	62
2	17
0	63
0	48
0	98
0	120
0	106
2	6
1	1
9	259
0	259
791	423
0	423
0	122
10	0
0	605
0	605
0	27
0	27
0	29
1	7
0	4
0	27
0	27
1	242
21	204
2	197
9	200
16	42
0	242
0	0
0	0
4	31
0	10
0	261
39	258
5	197
0	252
0	252
2	288
0	32
2	63
3	1548
0	1563
0	1540
1	32
0	945
0	477
0	946
22	579
3	74
0	669
0	783
0	264
1	257
0	264
0	778
8	19
5	597
7	246
3	1
36	0
1	810
1	793
0	812
4	740
0	555
0	427
5	44
33	65
0	869
0	151
224	1358
0	108
0	1255
0	82
0	112
0	1282
2	1168
1	1209
2	136
0	135
0	205
0	1157
0	1160
0	81
0	197
0	63
0	142
2	225
0	258
1	263
0	186
0	381
34	131
4	252
10	314
4	212
5	98
86	643
6	207
41	648
0	105
0	141
1	72
8	174
2	0
0	0
0	5
0	5
0	5
0	5
0	6
823	649
0	138
1	56
0	2
1	58
36	333
0	34
0	76
0	3
1	3
0	2
0	3
0	0
0	0
0	0
0	140
0	43
4	140
0	71
0	4
0	23
0	13
0	0
0	0
0	0
0	0
0	0
0	0
0	0
0	309
0	558
0	525
0	525
0	535
0	25
2	11
0	36
0	131
0	30
0	525
0	535
0	525
0	548
1457	1517
4	44
0	680
4	310
0	247
0	171
1	454
4	373
0	301
0	292
53	3
4	0
0	3
0	2315
0	0
0	2
0	2
0	0
0	98
492	643
0	392
0	274
0	32
1	42
1	28
54	37
5	80
481	104
0	99
48	40
0	38
0	22
1	15
0	14
0	1
0	0
0	0
0	0
3	1
0	1
0	0
0	0
0	0
0	0
1113	0
0	0
0	0
0	0
0	0
0	0
0	0
6	1
0	1
0	0
0	1
1	0
1	0
1	117
2	66
1	51
0	121
0	137
4	48
0	4
0	3
20	3
0	3
0	0
0	0
1	240
0	1037
0	1022
6	33
0	108
0	162
0	467
48	308
0	110
0	811
0	53
0	161
0	455
0	58
189	634
0	490
1	511
1	485
0	426
0	265
0	270
0	0
0	86
2	25
0	476
254	156
0	92
2	84
0	0
0	0
0	0
0	0
0	0
0	0
0	0
0	0
1	37
0	40
0	24
0	1
0	40
0	524
0	571
10	480
0	506
0	432
1	135
6	6
0	525
0	0
0	3
0	1
0	0
0	3
0	0
0	0
0	0
163	62
0	14
0	43
0	11
0	3
1	4
0	4
2	3
7	388
0	432
19	235
1	407
0	453
0	407
0	189
2	143
0	146
0	122
0	89
0	78
2	40
0	376
0	24
0	37
0	33
1	207
0	28
1	12
0	43
1	15
1	185
0	207
0	208
0	207
0	3
0	11
0	13
2	0
0	290
0	3
3	3
0	0
1	0
0	44
9	26
0	292
0	158
8	207
5	70
2	97
0	123
0	145
0	187
1	96
431	347
0	276
1	73
0	283
0	101
1	107
0	16
0	0
0	1
0	0
0	0
0	0
0	0
0	0
590	65
0	15
0	59
2	41
0	39
0	0
0	0
0	0
0	93
2	27
0	79
0	11
0	92
0	40
0	18
0	280
0	212
0	222
7	163
0	133
1	268
0	74
0	144
0	101
0	128
2	170
0	164
0	154
0	165
0	165
5	26
0	11
0	7
0	52
0	17
1	16
0	9
2	48
0	2
0	238
0	169
209	69
0	52
0	143
0	69
10	66
0	153
0	172
0	160
0	367
0	350
0	362
0	358
1	356
0	342
0	346
0	322
0	353
0	306
0	118
0	346
0	324
0	350
0	337
0	323
0	340
0	315
0	324
0	260
0	132
0	275
0	168
0	262
0	277
0	262
6	239
0	0
0	241
0	1
0	19
1	155
0	132
0	135
0	129
1	56
0	93
0	111
0	107
0	72
0	32
0	47
0	51
0	50
0	34
0	27
0	18
0	5
0	3
0	55
82	188
0	59
14	160
0	92
0	196
0	183
3	178
0	46
0	63
0	48
0	51
0	177
0	455
2	426
3	59
1	84
0	51
4	40
3	33
2	228
1	54
0	2
0	3
0	1
0	2
0	3
0	3
0	743
10	1326
1	1287
0	1058
12	1203
1	748
4	88
0	411
0	654
3	163
1	328
0	397
0	188
3	177
0	57
0	112
2	49
1267	115
0	115
0	44
2	592
0	28
0	592
0	1
0	1
0	1
0	1
0	1
0	1
0	1
0	0
0	0
0	1
6	975
5	624
1	755
2	664
31	755
0	0
0	1
0	1
0	0
0	184
2	36
0	19
0	8
369	184
11	17
0	17
0	0
3	10
30	481
5	340
6	513
4	522
0	73
2	117
4	0
0	0
0	0
0	0
0	0
0	0
0	0
0	0
0	0
31	591
393	637
0	357
0	552
0	25
0	73
1	37
0	106
1	116
0	108
0	113
0	101
0	2
320	118
0	102
2	14
1	0
0	0
0	0
0	0
0	999
0	265
0	1001
0	1002
0	280
0	990
0	337
2	86
0	271
0	272
0	998
0	1025
0	1005
0	293
0	975
2	448
0	994
0	1025
0	37
0	996
0	919
0	270
0	1001
0	1028
0	963
0	1024
0	1017
0	66
0	223
0	204
0	43
0	42
0	87
0	19
0	67
0	824
0	235
2	73
1	69
0	723
1	47
0	28
1	58
0	12
1	106
0	651
0	66
0	29
0	44
1	3
0	65
0	67
5	34
13	483
0	509
1	39
0	124
0	392
0	387
2	368
0	81
13	360
0	328
0	66
0	222
0	210
0	210
0	93
1	20
0	2
14	7
0	6
0	0
0	0
0	0
0	0
0	0
0	0
0	0
0	0
0	0
0	0
0	0
0	0
0	0
0	0
0	0
0	0
0	0
0	0
0	0
0	110
58	0
0	286
0	313
0	425
0	344
0	463
0	425
1	155
0	535
0	494
0	373
2	351
0	324
3	175
1	228
1	85
882	69
5	24
7	42
4	1
1	1
0	1
0	1
0	0
0	1
0	1
0	129
8	129
8	0
1	504
8	502
10	431
0	265
0	213
0	283
136	0
0	505
25	1195
1	1187
2	22
4	1084
14	15
0	98
2	134
0	88
0	213
3	208
0	21
0	59
0	34
383	134
0	108
0	114
3	138
0	26
0	4
5	138
0	726
4	724
1	621
0	5
1	39
0	127
0	21
0	127
0	127
0	20
0	19
1	13
0	4
0	4
0	6
0	0
0	6
1	9
0	4
0	2
0	3
0	3
0	4
0	4
0	233
0	37
0	45
2	94
0	116
361	206
0	174
0	89
5	66
3	28
1	75
26	233
0	0
4	1
0	0
0	161
0	57
7	113
0	56
0	45
0	202
0	219
1	84
0	182
2	101
0	13
0	20
3	195
0	56
0	12
1	38
94	510
1	445
5	46
2	383
0	90
0	6
0	6
0	97
0	6
0	129
0	6
0	79
0	129
0	28
0	40
0	11
0	10
0	225
0	1459
0	1320
0	127
0	1342
0	1277
0	1305
0	1329
0	1363
0	775
0	1370
0	734
1	1273
0	817
0	1264
0	1116
0	1402
0	280
0	674
2	75
0	1269
0	816
0	668
6	990
0	358
0	12
0	141
0	227
1	8
0	281
0	5
0	211
1	5
0	24
1	23
0	7
0	11
0	5
0	5381
0	5845
293	6241
0	5481
0	5750
0	5451
0	3795
3	3337
0	3130
17	2817
2	2781
0	2473
0	2013
0	1551
5	1808
0	897
0	448
0	519
0	162
24	211
0	216
288	431
1	410
5	231
0	73
0	38
0	24
0	118
0	129
0	1350
0	157
0	52
0	111
0	52
0	107
0	106
53	267
0	1395
2	1469
5	1379
0	189
0	189
7	51
0	99
0	126
0	85
0	78
3	46
0	41
7	1281
0	1212
0	53
0	65
4	48
1	23
0	927
2	9
1	1118
3	782
0	189
0	1284
0	1361
208	38
0	38
0	3
0	2
3	3
0	2
0	2
1	0
0	1
3	1
0	2
0	2
0	27
0	18
15	37
7	325
0	259
0	0
42	382
8	355
1	41
0	333
0	26
0	338
0	337
0	0
0	370
0	0
0	122
0	0
0	308
0	0
2	103
0	0
76	2
1	0
0	2
0	47
231	487
6	60
0	75
0	108
2	136
0	153
6	93
0	48
0	40
0	573
0	71
0	60
0	65
0	117
0	670
0	620
0	33
0	71
0	58
0	58
0	66
0	10
0	70
0	90
0	51
0	78
0	71
0	82
0	79
0	82
0	68
0	595
0	78
0	72
0	77
0	84
0	83
0	561
0	554
0	100
0	553
0	115
4	352
0	215
4	25
0	10
0	8
0	5
0	8
0	10
0	10
0	8
0	0
0	5
0	9
4	9181
48	755
6	9228
31	4071
3	7849
0	9497
0	1052
17	9193
0	9185
1	3964
5	9185
56	159
1	54
1	25
0	18
0	14
0	11
0	160
0	20
5	3
0	3
0	1
0	0
5	527
1	519
0	451
0	211
0	25
0	75
0	23
0	32
0	14
0	18
2	14
0	7
0	5
0	9
0	0
0	524
0	0
0	281
0	285
0	301
0	256
2	81
0	138
0	109
93	331
1	247
0	65
0	209
7	60
0	75
0	69
1	51
3	27
0	37
0	33
9	26
0	4
0	1
0	1
0	0
0	1
0	4
1	65
0	11
1	1
0	65
0	22
0	10
0	22
9	1836
1	243
0	21
0	158
0	1799
0	1708
0	0
0	0
0	0
0	1
0	0
0	0
0	0
0	1
0	144
0	477
0	551
0	575
0	168
0	158
5	133
2	81
0	56
0	379
2	219
0	519
2	1
0	133
0	566
0	308
0	97
1	21
0	86
1	7
2	6
0	10
1	5
2	356
20	148
0	472
0	413
1	141
0	463
25	62
0	434
4	367
0	300
13	268
0	269
0	240
1	141
0	123
3	114
0	0
0	0
0	0
0	0
0	0
0	0
0	0
0	0
0	0
0	0
0	0
0	0
0	0
0	0
0	0
0	0
0	0
0	0
0	0
0	0
6	1
0	0
0	48
0	165
0	229
1	0
0	0
1	0
0	0
0	0
0	990
88	633
0	964
2	975
0	220
0	441
0	108
0	133
9	4
0	77
0	59
0	85
0	51
0	2946
0	2844
0	2868
5	492
31	239
4	97
0	0
0	0
0	0
0	0
15	214
0	214
1	113
0	0
0	0
0	0
0	0
0	0
0	0
0	0
0	0
0	0
0	0
0	0
0	0
0	0
0	0
0	515
0	529
414	1
0	45
0	0
0	0
25	0
0	57
0	101
0	53
0	310
29	254
0	143
3	283
6	59
0	229
1	225
2	82
0	287
1	275
0	226
1	76
0	40
0	217
1	50
1	327
0	355
0	114
0	282
0	325
1	317
1	126
0	161
4	81
0	159
0	604
0	608
0	532
0	549
3	56
10	59
2	64
0	500
3	21
4	62
2	209
0	57
0	84
3	14
3	256
1	206
0	12
1	12
0	3
1	68
0	8
0	48
2	2
0	255
35	28
0	18
2	26
0	2215
0	505
0	534
0	348
0	154
55	2225
0	196
5	592
0	622
0	527
55	421
4	304
13	128
8	15
0	720
5	114
0	158
0	643
5	137
0	1294
14	1174
0	304
0	1290
0	988
4	288
0	572
1	136
4	57
0	1211
0	1189
0	1207
0	909
0	0
0	0
0	0
0	0
0	26
5	31
0	6
0	2
0	0
0	7
1	154
0	195
0	210
0	21
1	73
0	66
0	155
0	85
0	72
0	3
0	445
0	432
0	383
0	315
1	143
0	57
0	98
0	56
1	58
1	21
0	21
4	0
1	6
0	1
1	152
95	152
0	4
2	0
0	2314
0	2307
0	1376
0	271
0	138
0	443
0	89
1	29
0	0
0	0
0	0
0	0
0	74
0	2
0	8
2	8
0	4
0	8
0	3
0	76
0	0
0	0
0	0
14	265
0	188
0	133
2	53
4	38
0	13
0	0
0	11
0	0
0	288
7	288
190	84
4	34
4	62
0	1462
0	483
0	8
0	7
0	11
3	3
0	1462
1	306
0	1467
1	28
0	558
0	1541
0	564
0	698
0	1578
0	603
0	715
0	552
0	94
0	451
0	339
0	713
4	616
0	870
0	1407
6	1631
0	1759
0	1576
0	298
0	2058
0	1511
0	629
0	784
0	175
0	657
0	546
0	624
0	467
0	359
0	78
0	76
0	50
0	354
0	104
0	302
0	694
0	0
0	0
0	0
0	76
0	84
1	85
0	11
0	9
0	9
1	9
9	30
4	103
0	135
0	107
0	80
2	31
0	92
0	0
1182	191
2	88
0	60
0	60
0	60
0	9
0	63
0	61
0	60
0	58
0	54
0	5
1	14
0	284
0	28
5	105
1	129
0	134
0	118
0	110
0	120
0	22
0	22
2	8
0	25
0	34
2	19
0	12
0	283
0	121
0	202
0	101
0	122
10	1
5	51
0	35
4	35
2	29
0	201
0	48
1	50
0	50
0	36
2	3
5	7
0	4
0	4
0	7
0	7
0	6
0	6
0	6
0	3
0	3
1	1
91	239
0	239
140	12
1	12
0	52
0	318
0	346
0	325
0	277
4	6
0	321
0	341
0	260
0	255
2	39
0	207
0	137
4	29
0	126
0	4
0	1
0	18
1	520
0	648
0	735
0	638
0	730
0	776
2	675
0	835
0	317
0	234
0	86
0	66
2	263
23	58
0	216
3	264
76	301
0	27
0	276
1	191
0	139
0	93
0	448
0	203
0	189
0	198
0	201
1	202
4	74
0	11
0	72
0	61
2	62
0	0
0	59
0	57
0	56
2	47
0	0
18	37
5	39
0	0
0	0
0	0
0	0
0	0
0	0
0	0
0	0
0	0
0	0
0	0
0	0
0	0
0	0
0	0
0	0
1	0
0	0
0	0
0	0
0	0
0	0
0	0
0	0
0	119
47	138
4	35
1	124
0	73
0	30
0	2
0	7
1	1
0	6
0	0
0	0
0	0
0	0
0	138
0	77
0	77
0	102
1	72
0	698
0	388
0	434
0	390
0	164
0	41
1	37
0	20
0	32
0	84
0	473
0	62
0	77
0	72
2	65
14	466
0	55
1	90
0	472
0	207
0	132
0	132
2	217
0	202
0	224
0	199
2	147
0	6
0	16
0	198
2	192
0	131
0	36
0	115
1	82
0	30
0	112
0	723
0	503
76	24
0	37
0	114
6	643
1	68
1	183
1	54
0	83
1	43
0	737
0	35
0	11
9	0
16	51
0	117
0	117
4	3
3	85
22	37
1	51
0	128
0	0
1	35
0	111
0	115
0	21
29	85
1	6
0	33
0	0
5	56
0	3
0	1
0	4
0	2
0	9
0	8
0	5
0	4
0	8
0	8
0	43
0	7
0	30
0	2
1	3
0	44
0	0
0	0
0	0
0	0
0	0
0	0
0	0
0	0
0	0
0	0
0	0
0	0
0	0
0	0
0	0
0	0
0	14
0	62
0	53
0	59
0	100
0	58
0	59
0	63
1	415
0	466
0	29
0	59
7	80
0	91
0	373
5	95
4	249
1	259
4	54
0	35
0	103
1	80
0	70
0	59
0	24
10	631
41	619
0	575
0	531
1	19
0	602
0	428
0	14
1	28
0	51
1	127
0	12
0	137
1	153
0	74
0	64
0	42
1293	776
0	94
11	245
0	324
1	242
6	294
6	34
0	275
0	156
11	338
21	9
0	9
0	393
1	245
0	42
0	521
0	522
39	49
0	138
0	22
8	39
0	276
1	3
0	0
0	237
0	237
0	0
0	16
0	31
0	238
0	0
0	0
0	8
0	226
0	151
0	0
1	36
0	53
0	47
0	3
1	0
0	238
0	238
0	5
0	506
0	505
0	0
0	0
0	0
0	0
0	0
0	0
0	0
0	0
0	0
66	52
0	50
0	31
0	77
3	497
0	48
1	72
0	491
0	31
0	60
1	62
1	0
0	47
0	56
0	69
0	91
1	29
0	76
1	126
0	445
0	65
0	84
0	45
0	44
3	1
15	367
0	64
0	201
3	33
0	71
0	29
0	37
1	4
0	4
0	120
0	109
0	122
0	118
0	111
0	80
0	110
0	13
2	13
0	51
0	46
1	14
0	21
0	0
0	18
0	12
0	13
0	98
0	120
2	0
0	164
0	124
8	155
0	116
0	156
0	121
0	31
1	0
0	0
0	0
9	513
1	3
0	2
0	2
0	2
0	2
0	2
0	52
0	35
0	22
0	10
0	18
9	40
0	18
0	23
0	5
1	8
2	20
1	3
0	5
3	5
1	23
145	83
0	83
10	24
0	0
1	209
0	274
1	70
0	154
3	93
13	90
0	132
6	151
0	42
0	273
7	176
1	172
0	57
0	7
0	1
0	1
0	1
2	43
0	0
0	43
0	0
0	20
0	43
1	37
0	282
0	315
0	166
0	300
0	303
0	276
0	304
0	163
0	261
0	288
0	219
0	230
4	301
0	297
0	303
0	176
0	84
0	126
0	268
1	270
0	244
0	215
0	63
0	24
8	219
0	201
0	219
0	152
0	196
0	88
0	148
0	107
0	195
1	174
0	217
0	211
0	204
0	132
2	180
0	163
0	186
0	86
0	91
0	151
0	170
0	216
1	61
0	196
0	183
0	130
0	106
0	36
8	133
0	82
0	78
0	94
2	104
3	107
0	37
0	23
0	637
0	605
0	61
0	59
1	231
0	12
6	658
0	35
0	8
0	15
0	8
0	26
0	17
0	641
11	55
0	141
0	126
1	128
0	133
0	132
0	136
92	146
0	137
2	88
0	42
0	9
0	2
0	23
0	17
0	7
0	9
3	64
0	399
0	405
0	292
0	6
0	16
12	96
4	11
1	48
0	12
1	194
8	15
0	56
0	0
0	262
0	381
125	395
2	346
0	387
1	224
0	276
0	349
4	168
1	341
15	255
0	28
0	173
1	265
0	13
14	208
0	3
2	15
0	0
0	2
1	15
0	0
0	5
0	1
0	1
0	1
1	7
0	0
0	7
0	8
0	0
0	0
0	1
0	1
0	1
1	3
0	0
0	2
0	0
0	1
0	1
0	0
0	0
0	0
0	0
0	0
0	0
0	1
0	1
1	0
0	5
0	91
0	0
1	93
0	9
1	6
2	0
0	7
25	38
10	92
38	102
2	99
0	3
756	136
0	136
1	0
0	1
1	4
0	1
0	1
0	0
0	4
0	365
13	299
0	101
0	55
0	100
0	63
0	82
0	59
0	49
0	23
0	56
51	17
0	0
0	42
61	42
0	0
0	0
0	0
0	78
0	14
0	7
0	70
0	69
0	66
6	8
0	71
0	61
0	66
0	70
1	60
0	60
0	69
0	64
0	65
0	55
0	63
0	63
0	62
0	55
0	66
0	59
0	62
0	18
0	59
1	48
0	5
91	475
0	401
0	463
0	300
5	174
2	72
0	8
502	0
0	979
0	994
0	504
0	951
0	944
0	967
0	918
0	960
0	236
2	824
3	120
1	47
0	81
5	44
1	77
0	52
0	36
0	35
0	28
0	19
0	7
6	80
174	299
2	297
0	249
0	0
0	0
0	0
0	0
0	0
0	0
0	0
0	0
0	0
0	0
0	0
0	0
0	0
0	0
0	0
0	0
0	0
0	0
0	0
0	0
0	0
3	221
0	531
1	531
0	758
0	737
0	610
0	746
0	518
1	401
0	358
0	491
0	447
0	464
1	202
1	32
0	202
1	241
0	239
2	195
0	75
0	531
0	531
0	531
0	737
288	1213
0	1126
0	1175
0	914
0	551
13	14
3	31
0	20
0	36
1	19
0	0
0	231
0	89
0	45
0	6
0	0
0	0
0	0
0	6
1	35
0	0
0	0
0	0
0	0
0	0
0	0
0	0
0	32
0	895
0	135
22	922
0	45
0	28
0	28
0	82
0	134
0	112
0	94
0	7
0	30
0	110
0	112
3	0
0	0
1	0
0	26
0	25
0	14
0	2
0	0
0	2
0	0
0	0
0	25
0	22
0	0
0	0
0	1
0	33
0	256
14	122
0	16
0	181
0	172
0	168
0	100
0	122
0	118
0	155
0	247
948	281
0	2188
0	2385
0	64
2	188
0	2425
8	2295
120	5
0	6
0	3
0	788
51	788
0	10
0	421
0	420
8	191
150	59
0	19
0	13
4	43
0	22
0	13
6	0
0	358
0	103
12	227
2	250
9	237
0	134
1	27
1	52
9	1
0	8
0	0
0	743
4	1145
0	82
0	65
0	209
0	12
0	1139
0	218
0	1140
0	242
178	528
0	528
1	260
1	322
232	337
3	81
1	1436
5	676
0	1478
0	348
0	577
0	826
0	365
2	149
4	194
0	0
52	17
1	66
0	43
0	62
0	0
0	0
40	9
0	28
0	47
341	644
19	86
0	29
0	18
0	216
0	222
3	29
6	246
0	26
2	28
11	220
0	48
256	269
0	0
2	38
0	256
0	137
118	25
0	5
0	16
0	17
1	9
0	0
0	0
0	0
0	182
1	147
0	147
0	44
0	97
0	54
0	53
0	31
0	12
3	0
0	182
0	182
2	1
0	1
0	0
0	69
0	177
16	32
0	74
0	106
4	176
0	16
0	0
0	50
2	39
0	7
5	2
8	1137
13	973
2	777
1	264
1	315
0	189
1	163
2	89
3	9
0	9
12	30135
1	21282
73	17616
2	17110
2	21616
0	26211
0	21189
0	24631
5	22534
85	27085
0	28327
64	19095
0	12594
0	18773
0	10902
0	6650
0	506
0	147
0	23
2	156
1	2
1	9
0	14
0	11
0	11
0	8
0	78
0	8
2	48
0	5
0	45
0	13
0	13
0	13
0	4
119	795
0	795
0	35
57	170
0	33
0	106
0	132
0	367
0	362
1	3
0	66
2	64
0	48
0	71
1	61
0	2
0	72
0	4
0	5
0	9
0	8
0	6
0	0
0	3
0	2
0	3
0	0
0	1
0	0
0	2
0	0
0	0
0	0
0	2
0	3
0	0
0	0
0	1
0	1
0	6
0	2
0	1286
48	1265
0	412
5	194
0	96
0	51
0	588
0	632
0	92
12	76
0	594
0	595
0	111
0	103
0	74
16	240
0	54
11	118
0	601
0	562
166	366
0	366
0	84
0	44
0	199
0	199
0	479
0	479
1	30
1	17
4	335
0	28
0	199
3	19
1	12
0	18
0	4
0	0
0	0
0	3
28	1
0	14
0	14
0	26
0	25
0	0
0	0
0	3
0	14
0	2
0	22
0	25
9	130
0	175
0	103
2	29
0	13
0	11
0	108
0	2279
6	2065
0	741
2	454
0	62
2	374
0	300
1	35
3	188
4	104
1	2209
0	25
0	13
0	13
0	4
0	5
0	13
0	0
0	25
0	22
0	73
1	137
11	60
3	52
0	66
0	122
2	48
0	14
0	70
0	0
0	0
0	0
0	0
0	0
0	0
0	0
0	0
0	0
0	0
0	0
0	0
0	0
0	0
0	0
0	0
0	0
0	0
0	0
0	0
0	0
0	0
0	0
0	0
0	0
0	0
0	0
0	0
0	0
0	0
0	0
0	0
0	0
0	0
0	0
0	0
0	0
0	0
0	0
1	0
0	0
0	219
0	61
0	268
1	250
0	103
0	38
0	213
0	62
0	91
0	1017
50	0
0	346
2	324
0	330
1	258
0	27
19	271
24	94
0	195
0	137
0	168
1	157
0	136
0	744
0	709
0	79
0	443
0	711
0	714
1	414
0	345
0	127
3	85
1	11
0	214
0	75
0	228
0	14
0	11
0	3
0	0
0	14
0	1
0	9
0	9
0	166
0	166
1	61
0	29
0	20
0	159
39	0
209	1064
0	981
0	744
2	664
3	101
0	935
0	304
6	210
0	661
1	305
0	176
1	179
41	562
1	266
193	418
2	232
0	179
0	146
3	177
3	195
1	111
0	141
0	9
0	114
17	83
5	46
3	37
22	117
0	212
0	76
0	74
0	211
0	4
0	20
1	93
4	138
1	139
1	13
0	65
0	12
0	4
0	98
0	9
5	7
0	6
8	38
5	82
0	88
0	72
0	14
0	34
0	20
2	149
0	155
1	78
0	154
0	144
0	59
0	119
0	39
0	22
0	21
0	30
0	8
0	24
0	24
0	22
0	13
0	270
1	219
0	244
0	515
0	532
1	510
0	415
43	204
0	183
0	260
0	71
0	168
16	54
0	224
0	157
0	137
3	1529
0	96
0	91
0	97
3	38
0	19
0	0
138	25
0	25
0	539
0	1
0	0
0	0
0	1
0	1
0	1
0	0
0	1139
0	1163
5	275
5	137
6	340
1	247
0	1099
0	1075
0	0
0	3996
0	3861
74	370
26	539
52	277
0	2400
3	985
85	275
1	2034
6	2280
457	1943
0	595
6	646
0	1459
2	1126
0	0
0	0
0	0
0	0
0	0
0	0
1	282
0	270
0	249
0	234
3	196
0	41
17	107
1	35
0	102
5	69
0	1
0	1
0	0
0	0
0	0
0	131
0	134
5	50
0	0
0	0
0	0
0	0
0	144
0	0
0	4
0	89
0	168
0	8
0	75
0	82
0	85
0	146
0	161
0	5
0	10
1	6
0	155
0	146
0	150
0	3
0	3
1	1019
0	141
0	160
15	110
0	959
9	1112
6	72
6	1106
2	964
0	316
2	325
7	163
15	673
0	387
22	156
8	140
1	206
0	251
0	221
1	24
0	203
0	266
2	187
3	46
1	70
3	78
2	114
0	45
0	101
0	7
0	100
0	76
1	113
0	67
0	397
10	3
0	2
0	70
0	3
0	14
0	573
1	535
0	567
1	523
0	534
0	120
0	193
1	238
0	100
1	154
0	143
1	143
3	109
0	9
625	392
0	323
0	18
0	0
0	69
0	95
0	100
0	48
0	45
0	47
3	63
0	33
0	56
0	31
0	37
0	0
0	6
0	4
0	7
0	3
0	4
3	3
0	2
0	1
0	2
0	1
0	1
6	0
1	37
0	1
85	116
0	11
1	104
0	35
0	36
2	15
0	14
15	38
0	27
11	19
119	303
0	270
64	288
0	211
8	245
0	248
0	188
0	16
0	30
0	48
0	23
0	9
2	9
0	0
0	0
0	0
0	497
0	301
0	222
0	131
215	126
0	93
0	67
2	68
0	65
0	2
0	2
0	2
0	1
1	1039
3	723
0	900
0	896
3	712
0	286
3	258
14	5
3	4
1	2
0	3
0	2
0	1
53	1956
1	1931
0	0
0	27
0	58
1	84
0	5
0	44
0	47
13	0
0	122
2	76
0	270
11	224
5	1333
2	5
2	347
0	6
17	6
0	138
0	1271
0	522
0	500
0	522
0	505
0	458
0	125
0	459
1	80
0	469
0	168
0	116
0	153
0	49
0	504
0	65
0	157
0	518
0	94
0	96
0	515
0	462
2	456
8	44
0	249
20	40
1	49
2	95
0	174
0	119
0	32
0	130
0	9
0	10
0	10
0	10
0	12
0	11
0	145
0	144
1	20
0	7
0	0
0	0
0	133
1	321
0	311
0	120
3	145
0	145
0	276
0	151
1	74
9	113
107	914
1	430
5	307
1	391
3	203
4	12
2	151
63	377
0	112
4	63
2	46
0	39
9	31
7	125
0	362
0	365
5	200
0	158
1	102
0	49
0	32
0	46
0	47
0	44
0	47
0	35
0	35
0	38
15	592
0	96
0	46
0	42
0	51
0	51
3	576
2	20
2	118
0	59
0	80
0	74
1	32
0	85
0	141
0	731
18	549
10	740
6	474
5	240
4	124
1	19
675	188
0	0
0	159
0	20
0	72
0	12
0	15
4	17
0	1
0	0
0	1
0	1
0	16
0	1
0	4
0	2
283	203
0	175
191	31
0	13
0	0
0	960
0	2
0	2
0	4
0	4
0	434
0	420
0	32
0	27
1	0
0	256
0	5
0	175
0	298
5	603
0	796
0	384
3	305
0	379
0	304
0	390
0	797
0	0
416	180
0	84
2	106
196	488
19	382
0	5
0	5
0	5
0	0
0	0
0	0
4	6
0	6
0	0
6	10
1	40
0	6
0	23
0	6
0	11
3	19
0	32
1	35
0	7
0	5
4	2
0	3
0	2
0	59
0	150
0	0
0	49
0	150
1	151
0	71
0	29
0	3
1	153
0	163
0	156
0	41
2	36
0	54
1	87
0	116
4	150
0	82
0	50
0	149
0	52
7	150
74	147
5	73
0	130
0	0
0	1
0	1
2	1
0	0
0	1
0	0
0	0
2	0
0	102
20	811
0	766
0	135
0	154
3	146
7	17
21	578
0	81
0	189
0	77
2	55
9	374
0	30
3	6
0	377
0	145
0	156
0	156
0	156
0	156
0	36
0	265
0	11
0	48
0	30
0	89
1	80
0	85
2	256
0	40
0	15
0	145
0	34
1	25
0	8
0	41
0	0
0	93
0	160
0	508
0	56
0	827
0	119
1	53
0	517
0	64
0	185
0	517
0	506
0	255
3	18
4	59
0	75
0	777
1	106
4	71
0	4
0	0
0	0
0	0
0	0
0	0
6	260
7	309
0	306
4	65
0	24
0	57
1	30
0	20
1	87
8	140
4	178
0	180
0	180
0	140
0	77
0	155
0	16
0	37
0	58
0	52
0	43
0	15
1	13
0	10
2	8
0	1685
0	1724
0	1784
2	436
0	205
0	162
1	1744
0	304
0	949
36	0
63	0
2	3
0	3
0	1
0	1
0	0
0	0
0	153
0	155
0	155
0	35
0	36
0	27
0	26
1	14
3	18
0	14
0	1
0	2
0	0
1	0
0	0
0	73
219	18
3	21
0	13
1	2
0	2
0	1
0	0
0	2
0	17
0	541
40	716
2	98
18	462
0	78
0	207
5	125
44	145
0	686
0	683
0	451
4	641
0	8347
3	6966
0	6995
3	2421
0	6388
0	3725
3	3847
52	3963
0	1829
0	6610
3	5419
10	4639
0	3970
13	1564
0	1
0	0
0	1
0	421
1	11
1	32
1	25
0	418
506	153
0	127
6	73
0	163
4	162
2	162
0	11
0	120
1	271
0	271
2	127
4	892
0	808
8	330
0	64
0	37
0	15
0	31
2	24
2	12
0	881
0	874
1	3
0	3
0	213
0	7
4	0
0	0
0	7
0	0
0	111
61	111
0	86
1	0
0	0
0	0
0	0
0	0
0	0
0	0
0	209
0	210
1	89
6	32
0	453
388	823
0	25
0	2
0	784
0	45
1	662
1	37
6	12
0	10
0	75
0	398
0	0
0	79
0	203
17	13
0	0
1	1
0	0
0	2
6	4
0	1
0	2
0	0
0	358
0	46
0	328
0	338
0	57
2	340
0	211
0	57
0	66
0	16
0	103
3	245
0	78
0	75
0	74
0	54
0	56
0	29
0	26
0	3
0	12
0	10
0	8
0	7
0	3
0	6
0	9
0	7
1	6
0	6
0	2
0	0
0	70
0	75
0	71
268	0
164	0
10	505
0	497
0	506
1	487
46	360
0	334
0	349
2	325
0	0
42	845
1	769
0	490
91	674
3	395
1	42
0	198
0	182
0	181
14	35
0	42
1	184
0	36
5	538
0	538
18	534
0	36
1	63
0	266
2	10
1	9
0	9
0	9
14	831
1	489
4	151
0	797
0	0
4	924
0	1711
1	1340
0	1245
15	596
15	626
1	1131
9	1162
0	659
2	28
2	392
1	510
0	60
0	64
0	46
1	92
0	73
0	71
3	83
0	71
0	65
0	65
0	0
5	847
0	0
0	0
0	0
0	4
0	4
1	3
0	4
0	4
0	0
0	0
0	0
0	0
0	0
1	245
0	122
0	240
4	248
3	247
0	246
0	39
2	8
24	35
1086	1699
0	1700
2	381
5	10
0	3
2	1
0	4
0	3
0	6
0	0
0	16
59	60
0	55
0	11
0	13
0	9
0	36
0	96
2	103
1	11
11	7
6	7
0	8
0	0
0	0
0	1
0	1
0	0
0	0
101	0
24	259
0	52
0	197
0	15
0	93
0	66
0	29
11	41
0	178
0	192
0	167
23	192
0	46
0	14
0	17
0	38
0	37
11	40
7	41
1	29
0	0
2	0
0	10
16	7
377	261
5	243
0	31
0	1
201	53
23	49
2	4
509	867
0	269
22	703
1	138
0	0
0	435
0	528
1	517
7	80
0	3
0	3
0	2
0	0
0	1
5	829
0	836
0	825
0	825
6	779
0	157
0	46
0	131
0	79
2	353
0	169
0	50
0	14
0	6
7	4
0	7
0	10
0	2
0	5
0	2
1	6
0	2
0	0
0	2
0	2
0	1
0	77
5	77
0	18
6	25
0	5
145	342
6	277
0	302
3	234
180	158
0	135
0	158
37	717
1566	1490
1	779
0	447
7	336
6	575
1	345
213	122
0	47
0	56
0	33
0	58
2	13
0	10
0	0
0	0
43	33
1	24
0	26
0	17
0	566
1	570
9	574
0	183
4	156
0	107
0	545
0	53
0	85
0	84
0	143
0	181
0	458
5	73
29	363
0	15
0	99
11	307
13	2268
1	2251
0	2229
8	1980
0	1120
0	621
0	103
0	2268
0	0
0	45
2	350
0	335
37	324
0	0
0	96
0	60
3	15
70	3
0	0
0	3
1	53
93	53
0	29
0	2
1	0
0	37
4	369
0	234
0	49
0	30
1	47
0	32
0	48
0	199
0	16
1	287
28	747
16	719
1	377
1	268
26	381
6	521
14	518
0	19
0	118
0	233
18	50
0	227
0	59
0	0
0	5
0	185
0	72
0	159
0	162
0	159
0	18
68	149
36	117
1	89
2	16
3	5
0	27
3	0
3	1099
0	756
0	1055
15	187
0	492
0	205
0	55
0	1020
291	32
1	32
61	259
4	249
14	244
24	222
0	247
2	241
2	0
0	0
0	0
68	60
0	29
0	36
0	35
0	21
0	0
0	0
0	56
0	53
1	39
5	1074
0	1102
1	802
1	684
0	93
0	118
1	197
6	554
0	1673
0	1068
1	14
0	11
0	12
0	0
0	0
0	0
0	0
0	0
0	0
0	0
0	0
0	8
0	88
2	6
0	13
0	81
0	0
0	35
1	35
0	9
2	38
0	21
0	17
0	10
0	5
0	35
0	35
0	35
0	475
0	155
37	1465
0	1409
1	415
0	1300
0	1211
1	1162
2	923
1	943
0	201
1	3
0	0
0	0
0	0
0	0
0	0
0	0
0	0
0	0
0	0
0	0
0	16
4	1114
1	1018
0	705
0	609
0	466
1	133
0	129
0	129
0	46
0	43
0	1019
0	0
0	0
0	0
4	158
0	4
0	19
0	9
0	22
0	0
0	0
0	0
0	0
0	398
8	347
0	375
5	113
0	23
16	84
2	20
0	1
4	551
1	551
0	167
0	123
0	551
0	257
0	89
0	135
0	127
0	31
0	17
0	0
29	72
0	10
1	6
0	70
0	1464
0	1467
0	876
0	584
1	0
0	420
0	348
0	59
0	188
0	69
0	1466
0	1443
0	1443
0	89
0	8
0	22
0	599
0	24
0	26
4	15
0	20
3	6
0	48
0	315
0	293
0	507
0	495
0	578
0	52
0	507
4	13
0	298
0	303
0	49
0	48
0	37
0	97
0	39
13	110
1	267
0	34
0	38
0	65
0	383
1	91
0	78
0	68
2	17
0	75
0	47
0	68
0	548
0	291
0	444
1	490
1	287
0	425
0	501
0	498
0	495
0	308
0	164
0	357
0	350
0	119
0	0
0	93
3	37
0	103
0	122
0	105
0	86
0	83
1	59
0	45
0	257
0	543
0	0
0	0
0	0
0	0
0	0
9	12
0	10
0	0
0	0
0	0
0	0
0	91
1	91
0	72
0	89
0	7
0	19
0	9
0	865
145	1645
0	557
0	1369
1	1141
1	1144
0	1413
2	1401
2	754
6	376
0	454
0	595
3	373
1	230
0	288
0	71
791	478
0	478
0	134
1	43
0	117
0	104
0	120
0	54
0	54
0	93
0	144
3	359
0	209
0	149
0	201
0	774
0	867
0	171
0	114
0	49
1	244
0	193
1	71
0	34
221	0
1	217
0	217
0	217
0	217
0	0
0	0
83	201
2	201
1	102
0	0
0	0
0	0
0	43
0	84
0	251
0	333
0	223
0	215
0	295
0	62
0	119
0	125
0	74
0	108
0	60
2	18
0	43
0	160
4	160
0	14
0	0
9	312
0	304
2	188
0	87
3	604
51	834
0	299
0	226
30	634
0	236
57	402
0	200
12	138
0	90
0	343
0	24
52	34
0	5
0	5
0	4
0	4
0	1
0	0
0	1
0	0
0	0
71	19
0	4
0	15
0	0
0	0
0	1717
1	557
83	265
0	1717
1	472
14	970
0	238
0	338
0	775
4	166
1	34
0	55
0	0
0	0
0	0
0	0
0	4571
0	3431
0	5341
0	86
1	78
0	82
0	74
3	55
0	27
0	24
0	26
0	25
1	9
0	17
0	15
0	5
0	11
0	4
0	82
0	84
0	84
0	78
2	177
3	182
2	10
10	56
5	13
2	52
0	13
0	1
0	0
0	1
0	1
0	1
0	1
0	1
0	1
0	67
0	0
0	5
30	38
4	36
0	36
256	1836
20	1826
0	577
4	658
0	91
1	10
0	59
0	162
5	10
0	7
0	3
0	4
0	1
0	0
0	1
0	1
0	0
0	0
155	176
0	166
0	26
1	0
2	1
0	28
0	0
8	106
0	34
0	33
0	4
1	64
0	457
0	477
0	328
0	186
3	232
0	486
0	64
0	34
0	474
0	479
2	219
9	219
1	97
0	92
0	88
0	33
6	43
234	0
0	0
2	37
0	35
0	27
1	27
0	37
0	34
0	32
0	35
0	35
0	28
0	29
0	27
0	12
0	28
0	32
0	25
0	25
0	31
0	5
0	22
0	0
0	6
0	319
9	9
109	68
94	60
0	8
0	0
0	25
0	25
0	26
4	19
0	20
2	19
1	24
0	18
0	17
0	3
0	4
0	3
0	2
0	0
0	0
0	4
0	0
0	0
0	0
0	0
65	0
6	51
1	3
2	1
3	2
1	28
0	46
0	38
0	30
0	54
131	22
3	52
0	10
6	46
0	312
2	52
0	630
0	649
1	368
0	257
0	147
0	270
3	28
1	59
1	241
0	233
0	57
0	213
1	219
0	216
1	119
0	229
0	50
1	25
4	80
0	134
0	76
1	61
1	93
0	57
0	69
0	78
0	41
47	24
0	24
0	18
10	584
0	602
0	382
0	34
0	0
0	77
0	119
1	64
1	54
0	63
0	63
1	54
0	40
0	79
0	62
0	56
1	56
0	53
0	53
0	52
0	0
0	16
0	11
9	16
2	13
0	39
1	5
2	2
12	11
0	12
5	29
1	30
0	38
0	6
0	40
3	8
3	4
0	11
0	5
59	11
0	5
1	10
5	257
0	417
0	277
1	200
0	145
1	17
0	404
0	0
0	0
0	0
0	0
0	0
0	299
0	319
0	185
21	105
0	121
0	68
0	8
0	18
0	30
2	19
3	29
61	1020
137	1299
65	1293
0	0
0	0
0	0
58	216
1	216
0	0
0	935
0	588
0	914
0	0
0	0
0	0
0	0
0	0
0	0
0	0
0	88
0	810
0	59
0	91
26	810
0	73
0	88
0	246
0	207
5	56
4	18
17	494
2	286
0	44
2	24
1	110
0	174
0	172
11	174
3	15
0	597
0	609
0	142
41	576
0	0
3	108
5	425
0	344
0	102
0	376
0	372
0	153
2	1
36	0
0	3
0	3
8	0
0	3
0	3
0	330
0	103
30	100
1	292
0	17
0	107
0	113
1	84
14	207
0	41
0	0
0	7
0	6
1	3
0	4
1	4
0	0
1	0
0	0
0	0
60	74
12	74
0	17
0	0
0	32
30	32
0	8
0	5
1	0
0	22
0	24
1	23
0	8
0	5
0	2
0	1
0	2
0	0
0	3
401	117
0	111
5	6
0	37
519	213
1	87
0	50
0	138
0	83
0	57
961	592
19	46
0	82
0	410
0	27
0	28
0	49
0	24
0	31
6	41
0	39
14	364
1	601
0	597
0	0
0	0
0	1
0	1
0	727
0	696
0	697
0	725
0	728
0	676
0	676
0	697
0	697
0	695
0	713
0	711
0	718
0	699
1	721
0	297
0	345
0	350
0	248
0	205
0	239
0	245
0	243
34	180
0	214
0	29
0	187
0	193
0	198
0	194
0	163
0	185
0	180
0	176
0	187
0	182
0	178
0	208
0	208
0	172
0	147
0	89
0	71
0	54
0	51
0	61
1	23
0	67
0	38
0	62
0	0
0	44
2	63
0	65
0	47
0	38
0	39
0	37
0	46
0	63
0	34
0	39
0	20
0	37
0	32
0	30
0	34
0	50
0	50
0	53
0	0
0	40
1	14
0	12
0	37
0	35
0	30
0	35
0	30
0	13
0	23
0	12
0	18
0	28
0	0
0	11
0	10
0	0
0	5
0	5
0	10
0	0
0	4
0	48
2	48
219	789
0	111
0	97
0	758
2	42
1	414
0	0
1	81
357	105
0	45
6	33
0	36
0	0
0	0
0	72
32	64
9	102
0	22
7	12
0	25
2	38
0	40
0	29
0	111
0	111
8	52
2	12
1	16
4	25
5	0
0	279
0	284
0	425
0	279
0	205
0	420
0	274
0	453
0	599
0	166
0	284
0	259
0	120
6	16
32	16
1	0
0	0
0	176
0	182
0	66
0	71
0	63
0	47
0	47
0	56
1	48
0	47
0	53
0	34
0	47
0	45
0	14
0	16
0	0
0	20
0	24
0	11
0	0
0	157
0	24
2	40
27	40
0	6
0	789
42	234
0	718
1	608
0	319
14	66
0	132
0	426
0	154
0	129
0	120
1	6
0	30
0	127
0	22
0	37
0	37
0	39
4	21
0	41
0	22
0	32
0	12
0	4
1	3
0	339
129	383
0	384
0	340
21	319
0	29
0	2
0	29
0	1
0	29
0	29
2	4
0	8
0	1
1141	1
10	1
1	25
7	37
0	37
0	89
21	42
0	69
0	81
0	98
0	41
0	32
0	21
0	0
0	0
0	0
0	0
117	424
0	45
0	414
0	360
0	134
3	87
0	172
0	369
0	109
1	109
14	52
0	95
0	92
3	1
0	11
0	15
5	51
2	9
0	17
0	28
3	41
0	25
22	411
1	135
3	223
2	411
0	0
0	0
28	0
24	44
0	20
0	36
49	42
0	50
0	44
4	10
0	314
9	204
2	306
1	279
2	100
22	10
0	3
1	9
0	0
0	0
0	0
0	0
0	10
10	103
5	170
0	169
0	401
0	180
0	167
0	264
0	55
0	132
0	2
0	69
0	101
0	54
0	258
0	39
0	127
0	21
0	20
0	42
0	24
2	37
0	45
0	90
0	119
0	28
0	97
0	75
0	75
1	61
2	67
0	18
0	5
1	2
518	425
0	258
0	274
0	59
6	117
0	117
0	117
0	30
0	22
0	15
0	5
0	117
3	0
13	873
0	248
0	192
0	0
0	0
0	1
0	1
0	1
0	0
0	0
0	0
0	0
0	0
0	0
0	0
0	0
1	3
0	0
0	0
28	456
0	375
0	414
0	439
0	350
1	99
2	22
1	103
0	189
2	95
3	70
2	0
25	33
0	41
0	605
0	39
1	23
0	1
0	588
0	5
0	24
0	10
0	15
0	21
0	17
0	6
0	12
0	3
0	18
81	0
0	1
0	1
0	1
0	2
0	1
0	1
0	0
0	0
0	0
0	84
1174	1618
0	359
0	827
4	645
3	343
10	75
11	1138
148	927
0	91
0	363
9	368
0	1108
11	1016
19	945
0	1193
0	311
11	59
1	168
0	529
12	368
14	931
268	519
0	514
0	105
4	2
0	195
1	88
1	30
0	87
0	60
1	640
0	914
0	776
0	776
0	382
0	329
0	107
3	246
1	275
0	32
0	135
0	851
149	315
0	1
3	98
0	150
11	206
11	7
7	397
143	435
0	264
0	67
1	19
77	66
0	53
0	54
0	28
0	0
0	0
0	0
0	0
0	0
0	0
0	14
0	80
124	91
0	39
0	79
397	210
5	210
0	209
0	180
260	307
0	292
0	280
0	275
0	264
1	48
0	248
0	252
0	241
0	13
0	2
0	39
0	24
0	18
218	111
0	9
3	102
0	17
0	36
8	27
0	2
0	0
0	0
0	0
0	0
0	0
0	0
0	0
0	0
0	0
0	0
0	0
0	0
0	0
0	0
0	0
0	0
0	0
0	0
0	0
0	0
0	0
0	0
0	0
0	0
0	0
0	0
0	1
0	0
0	0
0	5
0	5
0	0
0	0
0	0
0	0
0	0
0	90
0	90
56	168
9	168
0	18
0	0
0	0
0	0
0	14
0	14
0	0
0	0
0	0
0	0
0	0
0	0
0	0
421	36
1	1536
306	1457
0	387
0	422
0	205
0	212
0	128
0	136
91	97
0	68
0	13
27	1
0	89
10	253
1	211
0	0
0	0
30	0
252	36
0	395
1	380
0	63
4	17
0	172
1	58
6	77
0	12
0	84
1	55
0	32
0	38
0	32
0	26
3	8
0	12
72	0
512	887
0	113
1	93
0	53
1	41
0	62
9	235
55	427
9	30
6	344
11	344
0	0
2668	1660
0	240
27	1
21	405
8	842
2	260
0	3
0	16
0	66
0	67
2	67
0	67
0	512
3	461
5	289
0	515
63	225
6	344
1	386
0	73
0	33
0	147
1	55
0	24
0	51
0	44
0	24
0	44
0	5
12	33
6	13
0	33
482	1201
8	852
4	464
8	1101
0	983
5	909
0	1176
0	432
0	149
1	135
0	210
0	16
0	68
0	62
0	253
1	20
0	81
13	57
0	25
2	27
17	24
0	12
73	975
13	909
2	573
0	602
2	55
0	0
0	468
0	522
0	41
0	7
0	11
0	10
2	212
2	229
2	207
11	212
0	24
0	509
2	512
0	212
121	0
0	1
0	1
0	1
0	1
0	1
0	1
0	1
0	1
0	1
0	1
0	0
0	0
0	0
0	0
0	0
0	0
0	0
0	0
0	0
0	0
0	0
0	0
0	0
0	0
0	0
0	1
0	1
0	1
0	0
0	0
0	0
0	0
0	913
3	934
21	393
1	833
0	459
0	696
0	593
0	110
0	567
0	222
0	157
0	65
0	80
0	60
0	925
9	295
0	289
0	67
7	1
0	36
0	70
0	41
3	1063
17	1063
0	1
0	1
0	1
0	0
0	1
0	80
1	80
0	80
0	317
24	317
1	165
1	0
0	115
1	90
2	33
2	315
10	1517
0	1497
0	469
7	544
0	761
2	371
0	89
0	520
0	419
0	58
24	837
0	451
4	145
0	657
2	60
27	821
0	837
1	181
0	218
267	121
0	95
45	113
5	0
245	163
7	154
0	9
0	171
27	168
0	40
0	15
0	22
2	4
0	53
0	53
0	56
1	209
1	245
0	255
0	235
0	52
0	54
0	120
0	62
0	50
0	175
1	27
2	12
1	185
0	168
0	151
0	100
0	74
0	95
1	87
2	10
461	479
0	298
0	263
1	214
31	211
21	3
0	3
0	0
0	0
0	0
0	0
0	0
0	0
0	0
1098	99
0	100
5	1
163	133
0	18
2	115
0	9
0	1115
1	1045
3	772
0	710
0	236
0	236
2	1045
0	105
61	476
273	850
3	850
2	92
9	93
2	69
1	35
10	41
3	21
0	50
0	46
0	4
2	0
0	4
0	4
0	4
0	2
0	2
0	4
0	1
0	1
0	3
0	4
0	4
0	4
0	1
0	0
0	0
0	1
0	1
0	1
368	207
9	207
0	42
0	266
0	160
0	90
0	169
0	137
0	264
0	265
0	170
0	138
0	182
4	172
0	8
0	230
0	18
1	71
0	264
0	13
0	166
0	167
0	135
0	135
0	262
0	262
0	206
0	106
0	79
0	149
0	206
0	57
0	163
0	123
0	39
785	187
0	172
0	89
0	0
5	3
1	0
5	241
0	451
0	486
0	267
0	197
0	65
0	185
0	165
0	202
0	224
0	207
0	207
0	135
0	81
0	107
0	123
12	45
0	75
0	85
21	56
2	6
0	5
0	0
0	0
0	1
0	2
0	3
0	2
0	2
0	1
0	3
0	9
0	24
0	47
0	55
0	55
0	16
0	12
0	18
113	146
0	77
0	145
2	0
0	0
0	0
0	0
0	0
1	1199
3	102
3	415
1	382
0	50
23	102
0	300
0	431
0	440
0	583
0	21
0	21
30	205
0	319
2	75
34	239
4	172
0	1199
5	1367
1	1384
7	977
2	95
0	56
6	41
0	0
4	651
31	651
12	30
0	187
4	18
0	0
554	107
0	106
1107	0
34	0
1	207
1	225
3	225
0	42
2	204
0	71
0	0
0	79
39	34
636	790
29	741
0	180
0	219
0	229
0	229
3	229
0	140
0	233
0	18
2	172
10	172
60	2076
0	41
0	2094
2	456
0	364
6	133
1	481
0	206
0	240
0	205
1	103
0	0
0	0
0	0
0	0
0	0
0	0
0	0
0	0
0	0
0	0
0	0
0	0
0	0
8	360
9	326
421	366
0	430
5	70
7	110
0	505
0	527
10	550
2	79
0	17
0	540
28	342
0	533
3	303
0	488
0	74
1	38
0	43
0	73
0	9
0	40
0	59
0	31
0	15
0	514
116	192
2	118
3	52
10	20
0	30
1	30
6	0
1	1875
35	408
16	385
1	197
6	148
0	61
0	25
18	4452
55	3223
5	1584
0	2
0	3
2	3
0	3
0	1
0	2
1127	115
0	278
0	279
17	12
0	0
0	0
0	0
0	0
0	0
0	97
0	97
0	97
0	18
0	0
13	491
2	491
2	365
4	341
171	580
0	278
0	227
0	38
0	0
1	0
0	1
0	1
0	1
0	1
0	0
0	0
0	397
0	361
1	39
0	103
3	381
0	397
0	395
0	391
0	0
67	79
0	73
0	10
0	6
0	71
1	0
0	375
1	42
0	289
0	202
0	520
1	514
0	5
0	86
2	50
1	134
0	515
0	1082
1	1045
0	1238
1	229
3	71
0	130
0	44
6	15
2	15
1646	0
1	575
15	300
10	45
0	161
0	161
0	141
0	574
3	110
109	117
0	85
0	0
963	682
7	204
0	355
0	353
2	369
1	174
1	894
50	2655
1	440
8	914
0	1683
0	1038
6	1507
1	925
0	1183
1	236
0	804
0	1166
3	1052
4	393
0	3208
0	2872
2	660
0	947
16	135
5	171
4	322
1	515
0	782
0	365
0	3208
0	0
0	0
0	0
0	0
0	0
0	8
0	0
0	1
1	2
0	8
144	0
0	61
0	45
0	9
1	9
0	7
0	36
0	36
0	32
0	3
0	3
3	11
1	4
0	12
0	0
0	59
0	98
3	98
0	0
0	0
0	0
0	0
0	0
0	0
0	0
0	0
0	0
0	0
0	0
0	0
0	0
0	0
50	135
0	27
1	32
2	77
0	15
0	8
0	32
1	135
59	148
2	149
5	157
0	29
0	118
0	260
1	126
24	244
0	173
0	97
0	0
418	133
1	68
0	98
0	66
0	34
1	22
207	387
6	222
0	16
83	197
0	365
0	227
0	15
1	54
2	17
0	88
0	32
0	35
0	40
0	0
0	0
0	7
0	0
0	7
0	0
0	25
0	275
4	307
0	218
0	35
0	31
0	206
0	40
1	21
0	23
0	293
0	34
0	25
0	15
0	14
0	8
0	28
0	59
1	320
0	1407
37	1408
0	388
1	1369
0	371
0	0
0	0
0	0
0	0
0	0
0	0
0	0
0	0
0	0
0	0
0	0
1	60
0	6
0	3
0	5
5	4
0	61
0	4
0	2
0	3
78	639
25	599
1	591
0	204
0	316
2	136
15	84
1	64
1	43
0	40
0	31
0	15
1	13
8	252
7	1210
0	1214
0	1107
1	149
141	769
0	39
0	803
0	189
1	31
0	71
83	1
1	225
21	287
0	286
2	271
0	295
0	202
0	33
0	58
0	20
1	53
0	72
0	59
0	46
2	28
0	0
0	0
339	276
1	180
5	95
6	1166
0	1116
0	1109
1	96
1	174
5	1138
343	126
0	126
1581	1198
0	492
7	492
0	259
0	261
0	474
0	611
0	611
0	192
0	125
0	164
0	165
0	615
0	0
0	113
0	6
1	2
0	649
0	663
0	128
2	643
0	614
0	630
0	58
0	88
0	78
3	71
1	100
0	66
0	87
0	55
0	61
1	30
2	3
0	1
0	0
0	1
0	0
0	0
0	0
7	567
0	603
11	531
0	268
0	300
1	102
0	348
0	141
2	201
0	312
0	121
2	67
0	70
0	48
1	37
0	1135
0	475
0	442
0	550
0	103
0	813
0	320
0	1134
0	58
2	0
0	701
0	252
0	50
1	171
0	20
0	237
0	15
0	46
0	19
0	0
0	133
0	1134
0	1133
0	320
1119	0
28	0
0	107
0	179
0	11
0	101
0	162
0	0
0	0
0	0
2	401
0	0
0	0
0	577
121	264
0	2033
0	19
10	1833
0	1590
41	150
0	1644
10	1808
1204	314
1	203
0	113
0	0
0	0
0	0
0	0
0	0
0	0
0	0
0	0
0	12
0	0
0	12
0	12
0	14
0	16
0	16
0	3
0	0
0	3
0	2
0	1
1	0
0	0
49	161
0	161
0	155
3	14
0	23
0	25
0	19
0	5
0	5
0	2568
0	2569
8	1304
0	1330
21	89
39	213
0	520
0	337
2	160
1	155
0	1303
0	1
0	0
0	0
0	0
0	0
0	0
0	1
13	0
0	0
0	20
0	2
1	21
1	0
0	0
0	0
0	0
1	0
0	0
0	0
0	16
0	16
0	18
0	11
1	0
0	1
0	0
0	14
0	9
0	10
0	2
230	0
1	2
1	1
0	2
0	0
0	82
1	545
3	568
0	176
0	89
0	82
0	512
0	124
0	98
0	52
2	33
0	22
0	39
1	0
0	0
7	476
5	385
34	175
0	137
0	84
0	979
4	586
0	805
4	529
0	1
0	112
0	1
11	129
1	140
0	90
1	130
0	126
65	119
36	88
0	15
0	0
0	0
0	0
0	0
0	0
0	0
0	0
0	0
0	0
0	0
0	0
0	0
0	0
1	83
0	69
0	7
3	75
137	293
104	302
0	41
0	384
0	127
3	45
12	153
1	113
3	61
2	61
11	3
0	1
0	2
0	1
0	0
0	0
0	0
2	67
0	65
0	13
0	539
2	3
0	101
1	124
0	474
0	531
0	48
4	20
0	102
0	431
0	847
106	117
2	913
0	517
0	40
0	43
3	353
1	70
0	37
1	419
0	104
0	99
0	0
0	324
0	248
0	290
3	57
1	77
63	247
0	46
0	7
0	53
1125	40
7	40
0	4
995	0
1332	2
214	9
0	9
10	0
948	0
0	0
0	2478
0	1
0	6
0	6
0	9
0	9
1	8
0	1
0	4
0	0
0	1018
0	1022
4	746
21	712
0	780
0	758
0	141
0	154
5	337
1	349
0	182
0	306
1	178
0	49
0	183
0	166
0	167
0	95
0	127
0	103
0	91
0	100
0	100
1	50
3	52
0	46
0	35
0	34
1	7
0	9
7	515
0	510
0	501
0	18
13	5
2	68
232	48
0	48
0	0
0	0
4	76
19	70
0	10
0	57
0	15
0	49
0	78
0	42
77	45
1	78
0	18
0	12
2	16
0	377
3	140
0	97
0	120
0	0
0	0
0	0
344	1
517	38
0	19
0	19
0	0
0	0
2439	0
0	0
0	454
0	482
0	375
0	15
1	11
0	66
194	471
0	471
3	434
0	376
0	0
1088	9
5	8
0	4
0	2
0	4
0	6
1	6
0	3
9	1965
85	2441
1	808
0	301
2	71
0	2
0	0
0	0
0	1
0	1
0	0
0	0
0	2
0	1
2	68
0	84
1	88
7	162
0	115
0	84
0	26
0	8
0	147
7	490
0	703
0	465
9	491
75	11
1	211
0	160
2	69
3	3
0	622
0	0
0	0
0	0
0	0
0	0
0	0
0	0
0	0
0	0
0	0
7	198
54	79
0	225
0	339
0	265
0	320
0	333
0	278
0	343
0	313
0	311
0	341
0	333
0	222
0	252
0	308
0	313
0	330
0	335
0	313
0	332
0	312
0	307
0	240
0	306
0	300
0	237
0	236
0	297
0	325
0	316
0	271
0	292
1	207
0	173
0	242
0	192
0	211
1	242
1	206
0	206
4	47
0	192
0	89
1	107
6	125
0	115
0	117
0	115
0	57
0	89
0	21
3	17
2	2
0	2
0	188
0	0
0	9
0	8
0	9
0	9
0	9
0	9
0	8
0	9
0	9
0	9
0	9
0	8
0	6
0	4
0	3
0	4
0	1
0	0
0	0
0	0
0	350
20	683
0	685
0	10
0	8
0	677
0	613
0	889
0	184
0	760
0	827
0	849
14	235
0	391
0	275
0	199
0	409
0	882
0	766
0	660
3	3151
4	3160
13	2875
0	1791
0	2866
0	3140
0	2831
5	2043
0	1364
0	1969
1	1318
193	473
20	1641
1	1586
0	1146
8	1017
1	961
0	792
0	711
0	644
0	387
0	404
8	395
0	242
0	157
83	24
0	1149
0	708
0	73
0	38
0	49
0	1127
0	1120
0	1113
6	157
11	165
0	276
0	25
1	50
0	44
0	92
3	24
1	308
4	334
0	346
0	72
0	0
0	0
0	0
0	0
0	0
0	0
0	0
0	0
1003	101
1	32
0	69
731	0
0	0
0	0
0	0
1	411
0	643
0	114
0	111
0	59
14	1
0	576
0	575
1	0
1	414
0	133
0	57
10	36
0	22
0	442
220	0
125	986
2	519
0	379
4	343
0	157
0	144
0	866
0	30
2	259
0	42
0	21
0	26
0	259
0	259
0	248
4	5
1	3
0	2
0	2
0	4
0	1
1	2
0	1
0	3
0	0
0	3
1	86
2	3
1	85
0	0
0	1
0	0
0	83
0	0
0	84
0	2
0	5
0	10
0	0
0	0
1	226
3	178
0	192
0	101
1	57
0	37
1	190
2	64
0	20
98	773
0	59
7	23
0	791
0	6
0	137
3	86
9	744
4	824
1	0
0	824
0	14
1	117
0	241
1	732
1	749
0	919
1	97
0	100
0	206
0	501
0	913
0	288
2	271
0	235
15	79
7	21
1	8
3	261
0	12
0	5
0	9
0	2
0	3
1	2
0	12
1183	409
1	198
0	0
1	211
0	0
320	0
0	0
0	0
0	192
0	66
0	0
0	0
12	1651
3	1661
0	338
0	189
29	117
0	148
0	1650
13	9
1	3
0	5
0	7
0	0
0	0
0	0
0	0
0	0
0	0
0	0
0	0
0	49
0	6
0	49
0	1
1	1
0	1
19	0
1	8
0	522
0	529
0	81
0	72
1	58
0	56
0	49
0	42
5	13
0	523
0	17
1	31
122	31
3	0
0	0
9	306
1	201
12	114
18	105
219	100
0	25
1	85
0	38
0	32
0	32
0	26
0	24
0	18
0	9
0	1
0	169
1	174
0	35
3	31
0	20
0	6
0	16
0	1
0	1
0	0
1	0
0	4
0	10
1	4
0	6
1	6
1	0
0	10
1	0
0	0
0	0
11	6748
57	4508
1	5992
1	6586
2	6201
0	6053
0	2737
5	3035
1	2880
3	990
1	885
26	798
18	3
0	3
0	1
0	0
0	0
0	47
0	47
0	14
0	14
0	7
0	7
0	6
0	6
0	47
0	130
472	396
0	39
0	0
0	332
0	31
0	7
0	28
0	28
0	6
0	18
0	17
4	26
0	471
2	415
0	148
19	459
0	367
1	162
0	23
0	118
29	201
5	92
0	75
0	35
0	108
0	117
0	164
0	0
0	0
0	0
0	0
0	0
0	0
0	0
457	540
0	223
10	307
0	542
0	360
4	164
2	38
0	0
0	0
0	0
0	1
0	0
0	1
0	0
0	1
0	4
0	4
0	4
0	4
0	4
0	4
0	2
0	4
0	4
0	4
1	0
0	4
0	4
0	2
0	4
0	3
0	4
0	4
0	4
0	4
0	2
0	0
0	4
0	4
0	4
0	4
0	2
0	2
0	4
0	3
0	3
0	2
0	3
0	3
0	3
0	4
0	4
0	0
0	4
0	4
0	4
0	4
0	4
0	4
0	3
0	0
0	0
0	2
81	47
0	39
1	8
4	6
0	26
0	1622
0	641
0	1623
1	1543
3	78
0	929
0	106
1	61
0	16
0	12
0	13
0	0
1	0
0	16
0	141
0	0
0	24
1	81
0	16
0	18
0	141
0	0
0	0
0	24
0	2
0	0
0	0
0	0
0	0
0	0
0	0
2	176
0	313
1	207
2	16
2	266
2	79
0	96
0	229
0	166
0	163
0	20
0	2
2	24
0	38
0	32
0	29
0	14
1	7
0	10
0	0
0	0
0	0
0	0
0	0
0	0
0	0
0	0
0	0
0	0
0	0
0	0
0	0
0	0
0	0
0	0
0	0
0	0
0	0
0	0
0	0
0	0
128	10
0	10
0	99
0	100
4	28
0	9
0	16
0	17
2	17
0	13
141	230
1	181
0	25
0	71
1	142
0	95
0	15
0	11
0	37
2	62
0	63
0	59
1	1
1	62
0	60
1	55
0	14
10	1264
0	1593
0	1502
0	1556
0	1553
2	1505
0	1438
0	298
0	334
3	233
0	96
28	145
0	125
0	53
1	53
1	231
0	280
0	278
0	230
0	279
0	273
0	299
3	210
0	121
0	121
0	121
0	194
0	414
0	166
0	171
0	340
1	15
1	302
24	375
0	373
0	141
34	183
0	333
0	333
0	128
0	130
0	179
0	296
0	266
0	74
0	295
0	318
0	320
0	255
0	55
0	314
0	49
0	259
0	40
0	248
0	240
0	213
0	223
0	207
0	221
0	459
30	459
0	62
0	604
2	67
3	18
0	56
0	49
2	6
0	18
0	28
0	5
0	15
0	592
0	795
1	795
1	57
4	0
0	103
0	795
0	0
0	0
0	0
0	0
11	39
0	11
4	8
0	11
1	11
0	23
0	31
1	27
1	415
0	140
2	422
32	504
2	75
0	68
0	75
0	0
0	0
0	0
0	0
0	0
0	0
0	0
0	0
0	0
0	0
0	0
0	0
0	0
0	0
0	0
0	0
0	0
0	0
0	1
0	0
0	1
48	30
0	5
0	25
0	3
1	4
0	5
96	6218
0	190
0	3969
0	431
0	665
0	720
1	5309
0	3937
0	3636
0	469
0	3
0	353
0	585
1	3943
1	411
0	630
9	338
3	0
14	27
0	10
0	17
0	4
0	0
9	4043
0	3689
0	2723
28	853
0	822
9	1041
0	19
495	1142
0	778
0	739
0	608
1	608
11	185
2	97
0	1014
169	207
14	207
0	67
0	0
1	0
0	0
0	7
0	44
0	7
0	5
0	24
0	7
0	44
0	12
0	6
0	44
0	44
0	6
0	7
0	3
0	3
0	1133
0	340
0	155
0	149
69	1106
0	244
0	166
0	152
0	135
0	130
0	113
0	109
0	103
0	85
0	31
0	0
0	2
0	3
0	0
1	33
74	346
0	11
0	228
0	84
4	49
0	18
0	20
0	9
0	9
0	9
0	4
0	0
2	12
0	13
0	5
0	1
0	1
0	1
0	1
0	1
0	2
0	1
0	1
0	1
0	0
0	0
0	1
0	0
11	407
0	6
0	288
0	3
0	401
39	19
0	0
0	18
1	10
0	5
0	2
4	2
0	0
0	0
4648	409
2	409
86	528
7	101
1	410
1	178
0	13
0	29
0	7
0	43
1	25
0	259
0	210
0	137
0	86
0	28
0	16
0	14
0	1
0	0
0	1
0	0
83	652
0	38
11	164
0	652
0	28
0	8
0	30
6	130
0	52
0	7
3	5
0	7
0	3
0	3
0	0
0	1
0	1
0	1
0	0
0	0
0	0
0	16
0	9
17	18
0	0
1	3
0	0
0	0
0	0
0	0
0	0
15	721
1	721
0	0
0	0
0	0
0	0
6	478
1375	1653
1	1337
212	154
0	154
0	0
0	0
0	0
0	0
0	1
0	0
0	1
0	0
0	1
0	0
39	5
0	1710
0	1652
1	680
0	68
0	0
31	616
10	616
0	6
0	6
0	5
0	3
0	1
0	1
0	0
0	0
0	0
0	0
0	0
0	0
0	0
0	0
0	0
0	0
3	31
1	12
3	22
8	3632
0	2761
0	3971
0	5140
1	4476
1	3639
14	1974
126	2733
0	1193
0	4096
0	2058
441	323
6	258
1	165
1	725
1	731
2	762
0	140
3	513
2	65
0	51
2	71
1	51
0	68
0	20
7	12
0	9
0	3
0	3
1	41
0	5
0	13
0	3
0	41
0	5
1	196
0	20
0	196
23	0
1	5
21	240
0	239
0	221
0	2
63	3
1	611
10	989
0	997
6	987
13	1000
21	1051
69	1060
2	617
0	12
0	13
0	47
0	13
0	66
0	23
0	6
0	13
0	11
2	64
0	13
0	11
0	13
0	13
0	17
0	14
2	56
0	12
0	8
0	30
0	26
0	26
0	26
0	23
0	14
0	12
0	0
0	0
0	0
0	0
0	0
0	0
0	520
0	62
0	521
1	40
0	44
0	35
1	25
126	165
0	8
76	341
0	4
66	249
0	9
3	0
0	0
0	0
314	1027
0	885
3	115
0	99
0	138
0	141
1	89
0	112
0	95
1	82
0	100
1	71
0	47
0	34
0	26
2	65
6	121
0	693
0	0
0	0
0	263
5	1815
0	160
0	3245
0	1694
0	3258
0	1441
3	755
1	63
8	218
5	125
2	27
16	29
0	27
4	155
0	55
13	72
0	42
0	27
7	13
4	38
0	91
0	47
1	44
0	308
4	241
0	233
308	432
178	208
1	73
4	123
0	89
0	992
0	1082
0	61
4	254
0	946
0	934
0	947
0	943
0	945
0	962
0	1032
1	951
0	789
0	811
0	862
0	1012
0	1060
0	231
0	1023
0	985
0	834
0	245
0	961
0	794
7	100
0	706
0	991
0	484
0	44
0	484
0	484
0	475
0	112
0	16
1	39
0	9
0	25
0	16
0	16
11	16
0	16
0	12
0	4
0	16
15	673
0	693
0	98
19	681
0	263
1	49
1	662
0	2
0	81
0	4
0	81
0	81
0	0
0	0
0	0
0	0
0	56
6	35
0	81
0	4
0	52
0	0
20	55
0	81
0	44
0	50
0	81
0	81
0	75
0	88
0	144
2	144
0	151
2	144
0	144
0	110
0	46
0	18
0	16
3	46
1	53
0	54
0	38
0	28
0	46
0	34
1	18
0	21
0	11
0	3
0	8
0	10
0	12
0	12
5	3
0	141
0	150
0	144
35	3
6	80
96	392
1	370
0	80
0	0
0	0
0	0
0	0
0	0
0	0
0	0
0	0
0	0
0	0
0	0
0	2399
0	170
0	2875
0	2934
4	721
0	2439
0	2911
14	115
0	956
12	311
0	248
11	0
72	292
0	294
1481	0
49	2788
1	140
0	2908
7	1395
2	1612
0	2802
49	2630
0	3014
17	2594
0	2907
1	301
4	227
0	392
0	409
0	2021
0	351
0	145
2	329
0	596
1	862
2	574
9	293
4	8
0	0
0	248
0	250
0	4
4	106
0	100
0	81
0	3
0	0
0	0
529	181
0	54
0	45
1	78
5	4
0	0
0	0
0	0
0	0
0	49
1	136
0	191
2	153
0	187
0	188
0	163
0	160
0	155
0	140
0	156
1	177
0	47
0	157
0	181
0	157
0	102
0	156
0	142
0	138
1	157
0	136
0	38
0	138
0	44
0	101
0	84
0	79
0	24
63	147
4	144
27	31
0	2
2	30
1	27
2	136
0	680
0	665
21	679
2	691
0	681
0	696
0	103
0	87
2	144
2	35
0	31
0	12
0	117
4	50
0	36
11	12
0	1
1	0
0	1
0	1
0	0
0	0
0	1
0	1
0	1
0	0
0	0
0	0
0	0
0	0
0	0
0	0
0	0
0	0
0	0
0	331
0	602
0	598
1	348
0	101
2	91
0	29
1	21
0	27
0	459
2	24
0	23
4	0
0	98
0	445
0	451
0	0
0	0
0	0
0	0
0	0
1	0
0	0
0	0
0	590
0	410
2	412
0	566
0	475
12	563
0	582
0	578
0	484
1	236
0	417
0	438
1	428
2	295
2	75
0	200
0	266
0	169
2	261
0	171
0	93
0	94
0	59
0	75
0	5
0	5
0	0
0	260
13	155
6	253
6	182
1	212
10	211
0	194
8	0
1	66
0	165
1	166
5	65
315	0
5	5034
2	5
6219	21657
311	19485
8	9375
0	0
0	0
0	0
0	0
0	519
961	528
0	163
0	201
7	87
2	226
0	0
0	0
0	0
4	10
0	16
0	11
0	8
1	9
0	7
0	7
402	383
0	389
0	228
0	357
0	208
0	0
0	59
0	29
0	25
0	43
0	41
0	20
0	37
0	28
0	37
0	12
0	34
0	14
0	26
0	27
0	16
1	13
0	13
0	10
0	17
0	7
0	17
1	9
1	0
0	1
2	99
0	1
0	100
0	86
0	71
0	32
85	155
2	75
0	3
0	74
5	28
0	145
0	23
0	60
174	83
1	83
0	107
0	210
2	210
0	1
2	1
0	1
0	1
0	0
0	0
0	0
0	0
0	4
0	2
0	1
0	4
0	0
25	1919
48	2915
6	3298
0	4386
0	4593
0	4517
1	239
5	232
1	308
4	14
0	157
0	158
0	166
0	63
0	167
8	156
1	39
0	36
2	44
0	2
0	9
0	326
2	345
0	5
0	24
0	5
0	76
0	0
0	0
0	0
0	0
0	0
0	0
0	0
0	0
0	0
0	0
0	0
0	0
0	0
0	4
0	209
0	2942
4	327
0	2597
0	1705
0	1790
0	2395
1	1768
0	1774
0	47
0	2538
2	258
0	180
0	594
3	404
1	122
4	356
1	2704
0	0
39	44
0	44
0	7
23	18
30	405
0	31
0	33
0	19
0	10
0	41
0	36
0	146
0	48
0	27
6	334
0	10
0	119
7	42
0	124
0	129
0	220
0	77
0	151
0	142
0	77
1	181
2	78
10	0
0	220
87	1041
1	44
0	1041
0	286
0	140
0	254
1	224
0	62
1	53
0	109
0	45
0	20
0	1
0	285
0	0
0	0
0	0
0	0
0	0
0	85
0	440
1	142
0	153
0	165
8	1280
0	438
0	1220
1	57
73	53
0	53
0	1270
0	440
0	46
0	25
0	6
0	32
0	32
0	1
148	1
3137	1334
0	297
0	293
0	230
0	83
0	7
1	202
0	130
0	176
0	320
0	116
0	75
0	93
1	93
0	76
0	90
0	59
0	63
0	43
0	51
3	49
0	57
0	66
0	57
0	43
0	55
0	36
0	59
0	21
0	8
0	45
0	20
0	11
2	0
0	2183
0	2145
0	1844
16	2359
0	351
16	87
10	370
1	613
4	83
0	2360
429	0
0	17
0	498
9	442
0	463
32	166
7	166
0	188
1	348
3	331
0	57
118	309
0	176
0	0
0	26
0	104
0	429
0	490
0	507
0	572
0	597
0	609
0	597
0	25
0	110
0	404
0	599
1	86
0	0
18	622
15	114
0	572
0	0
0	0
0	0
0	0
0	0
0	0
0	0
0	0
0	0
0	0
0	0
0	0
14	210
2	210
7	30
1	149
0	0
16	88
17	66
157	6
0	5
0	2
0	1
0	0
1	409
0	46
100	564
1	63
0	6
0	410
0	566
12	69
0	176
0	278
40	6
14	6
31	2
3	28
0	266
0	281
0	242
0	213
7	181
2	174
0	30
0	36
0	37
0	19
0	24
0	0
0	26
0	17
0	7
0	7
0	20
0	20
13	30
0	42
1	188
286	700
0	5
0	683
0	35
0	27
0	13
0	12
1	468
0	0
0	35
0	58
0	44
0	210
0	33
0	0
0	0
0	2
0	360
0	0
1	6008
0	3
15	5605
71	6128
0	135
67	109
13	4523
146	6017
0	22
0	0
0	0
0	0
0	0
0	0
4	451
0	382
1	422
1	363
101	162
2	181
3	144
1877	864
0	213
8	712
0	523
0	1
0	1
0	1
0	1
0	0
0	0
0	0
0	1
0	1
0	0
0	0
0	0
0	0
0	0
0	0
0	1
699	676
5	589
0	494
0	671
0	503
6	0
0	0
1	2
0	2
4	63
538	1009
0	1264
34	243
0	880
0	1232
0	900
1	572
0	915
0	578
4	54
3	50
0	321
0	148
13	83
0	82
1	0
0	0
0	0
0	0
0	0
0	0
0	431
1	266
0	575
0	428
3	113
1	31
0	2089
3	2022
0	1949
9	545
0	661
0	1627
0	964
0	1645
0	427
0	754
2	1511
3	697
7	1205
0	1580
0	170
0	199
0	127
1	451
0	430
7	459
3	596
24	1376
8	1376
0	0
0	0
0	0
0	0
0	0
0	0
0	0
0	0
24	548
0	541
0	545
5	536
0	487
1	472
1	41
0	40
0	31
33	59
0	251
3	402
21	421
3	44
0	111
3	145
12	54
0	63
0	34
0	178
0	126
0	136
0	126
0	98
0	510
0	470
0	5
0	244
0	244
0	165
13	48
1	59
0	30
3	16
1	23
0	4
3	16
0	4
0	13
0	10
0	1
0	470
130	2
0	2
0	7
5	7
0	241
0	220
0	204
0	179
0	205
0	220
0	27
0	3
0	195
0	244
6	7
0	13
0	0
0	0
0	1
0	1
0	1
0	1
0	0
0	1
0	1
0	1
0	1
0	1
0	1
0	1
0	0
0	1
34	1870
1	405
1	102
4	206
6	167
89	1403
0	595
0	594
0	177
0	64
1	36
1	5
1	600
0	604
0	594
0	587
7	325
0	206
5	226
19	90
0	168
1	231
0	132
0	223
0	223
0	222
0	0
0	0
99	331
0	24
1	324
0	292
0	140
0	55
4	18
1	42
5	21
0	5
0	1
0	0
0	1
0	1
0	0
0	0
0	0
0	0
294	1254
0	70
0	80
4	31
13	20
3	226
51	835
4	109
5	106
9	135
0	164
0	0
0	2
0	1
0	1
0	0
0	0
0	1
0	0
0	481
0	727
0	336
0	45
0	0
0	0
0	0
0	0
1	76
4	68
0	23
0	6
3	28
3	555
1	171
0	449
0	30
0	144
9	221
0	145
3	205
0	27
17	52
0	43
13	44
2	265
0	142
0	10
0	267
1	141
0	393
0	287
13	427
0	223
0	193
0	190
0	94
0	118
0	58
0	85
0	396
59	319
332	7
0	7
4	150
0	1161
3	2309
8	2288
1	2097
0	2291
7	547
15	667
0	580
8	690
3	52
5	54
5	36
1	29
0	576
0	210
3	220
0	213
0	138
1	146
1	136
0	125
0	114
0	50
8	22
1	31
1	209
2	48
0	45
2	57
17	211
0	211
0	0
0	0
0	0
0	0
0	0
0	0
0	0
0	0
0	0
0	0
0	0
0	0
0	0
0	0
0	0
0	0
0	0
0	0
11	12
319	99
1	19
0	62
0	93
0	20
792	625
0	524
42	604
9	22
17	108
14	31
13	5
0	0
0	5
0	1
0	0
0	3
173	519
19	505
92	443
1	20
0	53
14	14
14	0
0	3042
0	1982
2	806
46	82
10	864
1	740
2	822
28	740
0	953
10	745
25	1811
0	1924
0	1978
0	1923
0	1990
0	1722
0	875
0	818
0	569
0	1584
0	1245
0	122
7	312
8	187
0	219
1	15
0	15
3	185
5	20
0	24
0	21
0	20
2	2724
0	2392
0	1
8	397
0	0
0	6
0	6
0	0
0	1
0	1
1	54
0	54
0	64
0	72
0	136
0	133
1	40
0	71
0	71
0	40
36	24
3	2
0	39
10	35
8	20
17	5
0	5
0	60
0	31
2	48
0	7
0	0
0	0
0	323
1	221
3	201
0	305
0	170
0	314
0	53
0	65
0	28
0	54
0	63
8	178
3	8
3	32
1	48
11	0
1	0
0	636
0	0
0	0
0	0
0	0
0	0
2	0
147	25
1	25
550	22
0	1
0	4
2	4
0	58
0	268
0	81
0	796
3	152
0	186
0	91
0	191
0	98
1	785
0	66
0	196
9	740
0	30
0	727
0	106
0	709
0	73
0	64
0	108
0	621
0	621
0	639
0	125
0	42
5	0
0	0
0	0
0	0
10	715
24	737
14	240
0	0
0	0
0	0
0	0
0	0
195	7
6	280
0	297
0	421
0	307
0	477
0	277
0	14
0	76
0	24
2	37
0	57
0	23
0	26
0	26
0	9
0	20
1	0
0	1
0	7
0	17
0	14
0	19
0	10
0	2
0	167
0	20
0	11
0	308
0	469
0	2570
41	24226
10	16290
0	19360
0	24077
0	1911
0	3979
0	3291
0	101
0	23059
0	0
2	100
0	106
1	104
0	105
0	108
0	24
2	21
0	25
0	18
0	840
0	55
0	830
0	802
0	838
0	810
0	827
0	35
0	729
0	42
0	788
0	35
1	845
0	43
0	95
1	38
2	39
2	190
0	85
12	63
0	13
7	56
0	57
0	25
0	25
0	58
0	27
0	29
0	52
0	9
2	23
0	54
0	2
0	54
0	54
0	27
0	13
0	13
0	15
0	2
0	27
0	985
1	14
0	72
2	865
0	653
0	50
0	544
1	21
2	20
4	36
0	67
0	969
0	52
153	31
0	55
149	417
0	18
9	117
7	272
0	11
0	2596
0	2955
1	21
936	1161
1	948
1	1069
4	118
0	146
2	103
0	5
0	12
0	13
0	5
0	14
0	13
0	2
0	2
0	2
0	9
0	1
0	0
0	3
0	0
0	9
0	13
0	11
0	4
0	9
0	9
0	9
0	7
0	6
0	6
0	6
0	6
0	5
0	0
17	9
0	0
0	0
0	4
0	1
0	1
0	1
0	0
0	1
0	0
0	5
0	13
4	36
0	2
7	15
1	12
0	23
0	29
0	22
0	25
0	3
0	4
0	29
0	2
0	2
0	2
0	2
0	2
0	2
0	0
0	0
0	0
0	0
0	0
0	0
0	0
2	0
0	0
0	400
0	378
0	6
1	115
0	387
0	17
0	142
1	64
0	0
0	0
1	36
0	399
0	37
1	378
0	145
0	0
0	387
0	0
0	23
0	0
0	24
0	23
0	308
0	0
0	27
0	0
0	0
0	0
0	31
0	115
0	251
0	0
0	34
0	0
0	208
1	56
3	140
0	24
0	137
0	37
0	63
0	47
0	122
0	138
0	75
0	137
1	100
0	70
0	137
0	58
0	46
0	51
0	41
0	34
0	10
0	34
0	0
0	42
0	51
0	47
0	7
0	71
0	36
0	48
0	3
0	79
0	78
0	58
0	20
0	22
0	20
0	1
0	416
1	78
0	69
2	384
6	0
0	97
0	90
11	391
0	160
0	267
0	418
6	363
2	46
0	414
234	245
1	0
0	19
3	0
0	130
0	226
0	147
0	136
0	95
0	217
1	15
1	61
99	61
0	27
651	219
0	219
0	173
2	24
0	49
0	189
0	21
0	21
0	0
0	46
0	235
0	308
1	7
0	12
0	0
0	0
0	65
0	4
0	347
0	765
1	754
0	784
0	360
0	730
0	177
0	211
0	241
0	424
0	647
0	151
0	212
1	157
0	120
4	290
5	778
0	139
0	324
0	419
0	166
0	345
0	246
15	699
0	640
0	779
0	739
0	698
0	227
3	198
4	345
0	73
0	212
0	212
0	212
0	212
0	1145
0	279
0	1157
0	1148
0	263
2	248
0	260
0	307
0	248
0	247
0	474
0	266
0	22
2	208
1	11
0	31
0	32
0	10
0	5
0	11
7	10
0	2
0	1
0	4
8	0
0	16
0	43
0	74
6	151
0	2
0	14
0	110
0	71
0	84
0	38
0	55
0	51
0	0
0	21
4	565
0	436
0	456
0	322
0	226
0	73
0	54
0	87
0	46
0	0
0	0
0	0
0	0
0	107
0	27
0	97
0	27
0	90
0	0
0	0
0	2
0	0
0	0
0	0
0	0
0	0
0	0
0	2
0	0
0	0
0	0
0	4
0	9
1	72
2	73
1	114
82	286
266	172
0	1
0	1
0	1
0	0
0	75
0	126
0	46
2	34
0	34
0	19
1	34
0	16
0	21
0	18
0	16
0	70
0	8
0	11
0	9
0	18
0	124
1	4
0	9
0	0
0	120
0	0
0	0
28	197
2	123
0	139
0	63
0	11
2	47
22	0
9	69
13	19
1	19
0	9
0	0
0	0
2	204
4	204
0	0
0	0
0	0
0	0
0	0
0	0
4	43
0	1
0	0
2	0
0	3
0	0
0	2
2	2
0	2
0	0
0	41
0	43
0	247
0	203
0	269
1	285
0	45
0	188
0	151
0	104
0	127
2	94
1	16
0	65
0	6
0	6
0	0
0	334
0	331
0	332
0	797
0	2
0	43
0	32
0	280
6	120
0	795
0	806
0	39
0	800
0	42
0	329
0	118
0	238
8	57
8	33
3	108
0	108
13	1698
10	1699
1	12
0	1686
0	13
0	4
0	10
0	7
0	12
0	379
1	143
66	1594
0	135
38	1814
0	434
0	144
0	115
0	171
105	502
0	483
2	227
0	864
0	216
0	165
27	384
0	469
89	357
0	149
0	285
0	288
12	271
0	118
0	201
0	87
0	59
0	104
0	22
25	2060
98	1990
0	1614
0	1804
3	1101
0	691
0	572
1	542
0	1961
3	1
0	1
0	1
0	1
0	2
698	268
0	268
1	3
0	4
0	4
0	2
0	22
0	21
1	12
0	10
0	6
0	3
0	1
0	2
3	425
13	425
0	16
0	12
0	16
0	106
0	22
506	540
0	83
2	63
0	175
2	160
0	175
0	120
4	76
1	45
0	64
4	35
0	14
0	153
8	45
284	153
2	153
0	232
1	304
0	315
0	90
0	90
0	53
0	21
0	33
1	11
0	0
0	0
0	0
0	0
1	5
602	137
0	64
0	47
0	24
0	59
0	26
1	35
0	0
0	0
0	0
0	0
0	0
0	0
0	0
0	0
0	0
0	0
0	135
13	90
0	118
0	112
0	91
0	63
1	45
0	33
2	31
2	2
0	1
0	30
0	81
0	13
0	49
1	2
0	4
1	5
0	6
0	6
0	81
0	0
0	0
0	2
0	0
0	2
0	1
0	1
0	63
0	928
3	230
0	857
0	67
0	477
23	3
1	22
5	247
0	5
1	22
0	947
5	67
0	43
0	22
0	16
0	65
0	8
0	29
0	37
48	164
1	164
0	9
0	0
0	30
0	30
10	1613
0	12
0	46
4	37
0	5
0	9
0	9
0	14
0	15
0	30
0	9
0	27
86	75
2	3
0	0
0	3
0	1
0	0
0	0
0	0
0	0
0	0
0	0
0	1
0	73
0	157
0	157
0	215
0	215
0	180
0	242
0	206
0	73
0	132
0	136
1	54
0	70
0	361
0	359
0	304
0	108
0	81
1477	3102
0	1286
0	2472
4	1119
5	0
3	26
0	82
3	83
0	1
0	28
0	30
0	32
0	79
1	146
0	59
1	129
0	44
0	61
1	5
0	4
0	0
3	482
1	513
2	43
322	1257
0	1216
4	738
0	570
1	147
1	407
0	229
0	163
532	0
0	0
2	308
5	318
12	142
0	342
1	323
0	344
682	360
0	307
0	309
0	347
0	5
0	113
0	558
0	139
277	568
0	91
2	226
0	161
0	75
0	99
0	72
157	327
0	331
0	150
3	296
0	296
0	30
0	12
0	129
0	13
0	26
0	16
2	1
0	6
0	5
0	0
0	1
0	1
0	0
203	16
1	0
1	16
0	4
0	1
0	4
0	4
0	2
0	1
0	1
0	1
0	1
0	1
0	1
0	1
0	1
0	1
0	1
0	2
0	24
1	0
0	0
0	0
0	0
0	0
0	0
0	0
0	0
0	0
0	0
0	0
0	1
0	10
0	12
3	105
63	54
25	105
0	49
0	13
0	5
0	9
48	181
7	36
5	98
0	108
1	13
22	18
0	14
0	0
0	0
4	23
1	0
0	3
0	0
0	0
0	0
28	1433
0	291
2	263
1	322
18	41
56	844
6	670
8	515
2	298
5	1444
0	1528
0	1437
334	2
0	0
0	0
0	0
0	0
0	0
0	0
0	0
0	0
18	116
3	90
0	113
13	4
6	1002
0	1008
12	1003
3	142
3	308
2	97
1	136
4	26
0	7
0	914
0	29
0	29
0	9
0	6
0	4
0	4
0	2
0	2
0	0
0	0
0	0
513	0
1	5
3	135
164	194
1	33
0	20
1	17
0	4
1	7
0	5
3	5
3	4
0	5
1	33
0	7
0	0
0	0
0	0
0	0
1	44
14	51
0	14
272	1572
0	1572
0	59
0	63
0	63
0	63
0	0
0	11
1	32
0	20
0	2
0	63
3596	0
4	2381
0	560
0	957
0	2223
2	243
0	960
8	113
0	95
1	0
0	127
3	103
0	49
0	937
0	55
0	182
22	0
1	719
0	112
0	409
0	412
5	413
0	382
0	160
0	35
0	95
3	6
0	2223
0	6242
9	7169
647	5076
3	2766
31	2819
3	2274
0	1098
24	1811
0	834
0	1713
3	1356
0	1182
1	1744
11	907
1	1067
1	2
17	148
5	1
0	331
0	321
0	321
0	321
0	242
0	14
0	331
1	329
0	322
5	3
0	147
4	93
1	130
1	109
0	15
1	28
93	2207
24	2207
0	223
0	26
0	162
1	182
0	283
2	201
0	228
0	238
0	397
7	266
4	658
0	0
0	0
0	0
0	0
0	0
0	258
0	217
0	4
0	1605
19	1446
0	1512
0	1681
5	211
0	853
6	6
0	159
3	5
3	211
0	216
0	115
4	2
611	6
0	6
0	645
395	1413
29	403
0	1030
8	60
1	534
0	531
0	274
0	331
2	332
0	292
3	186
0	187
1	3
15	3
2	1289
169	83
4	83
8	105
6	347
0	314
17	279
0	118
0	105
0	43
0	84
0	65
0	47
0	107
0	58
0	65
1	405
0	212
0	438
0	102
0	312
0	147
12	78
0	270
2	170
54	39
27	148
1	52
0	51
0	146
0	100
0	127
0	45
0	32
0	56
0	48
0	56
135	40
7	30
0	42
0	31
4	13
0	29
0	11
0	0
18	137
3	194
439	273
0	133
18	252
15	1529
0	1653
0	271
0	0
1	0
0	0
0	0
23	588
5	691
0	296
0	61
19	500
3	19
0	19
3	69
0	553
0	10
1	319
1	314
0	37
0	48
0	99
1	63
0	50
11	39
0	48
0	42
5	255
0	47
0	41
0	82
1	53
0	72
1	21
0	20
0	10
0	13
0	26
0	0
4	13
3371	0
0	0
0	0
0	0
0	0
0	0
0	0
0	393
1	354
0	147
0	151
0	393
17	113
0	81
1	346
1	113
12	114
1	113
0	349
19	9
0	220
0	356
3	156
0	69
0	326
3	2
0	0
1	0
0	11
0	0
0	11
0	11
0	11
0	10
2	6
1	1
0	11
0	12
0	12
0	1
0	9
0	12
0	7
0	12
0	12
0	0
3	0
0	11
0	3
0	3
0	3
0	3
0	3
0	3
0	2
0	2
0	2
0	1
0	1
0	2
0	1
1	2
0	1
0	370
22	731
0	107
0	253
0	583
1	123
0	199
0	1498
0	1451
11	164
16	112
0	39
1	29
5	301
12	83
9	125
0	170
0	6
0	1652
0	690
290	182
0	18
0	26
0	8
4	49
0	49
0	49
0	9
0	2
0	1
1	1
0	0
0	0
0	0
0	0
0	0
0	0
0	0
0	1
0	1
0	1
0	1
0	0
0	0
0	111
1	48
0	27
1	26
1	0
9	70
193	113
1217	396
4	396
0	143
0	51
0	96
1	96
0	767
0	816
16	709
0	192
2	219
0	467
3	202
0	157
0	816
0	816
1	1804
6	1860
0	1837
4	1844
0	1859
0	1834
0	714
0	60
0	11
0	14
0	10
0	21
192	848
0	78
0	181
0	196
0	258
0	367
32	844
0	524
0	540
0	726
0	100
0	184
0	200
0	359
4	118
0	116
1	160
13	590
8	63
0	1
0	572
4	159
9	142
0	55
1	51
0	1
1	20
0	16
1	16
0	0
0	0
0	0
0	0
0	0
0	0
2	3
0	2
0	0
0	0
0	1
0	0
0	7
0	2
0	77
0	4
0	59
0	58
0	4
0	70
0	62
0	64
0	77
0	61
0	61
0	66
0	65
0	61
0	65
0	67
0	70
0	55
0	66
0	54
0	35
0	66
0	57
0	59
0	4
0	12
0	417
0	96
7	426
9	47
0	0
0	20
0	20
1	18
0	20
0	5
1	13
0	5
0	4
0	13
0	6
0	4
0	256
95	268
0	12
5	94
0	355
0	299
0	388
75	314
4	389
0	372
0	85
0	220
1	208
0	107
4	79
0	30
132	348
0	313
0	328
0	46
0	256
0	239
0	172
1	38
2	155
0	134
1	48
1	80
0	68
0	38
0	29
0	52
0	81
0	60
0	16
0	31
972	829
0	187
138	674
1	558
5	401
1	94
0	389
15	100
0	186
0	100
0	95
0	109
0	109
1	1423
0	1455
29	1011
5	930
0	1040
0	0
0	0
0	0
0	0
0	0
6	821
6	2
87	266
0	32
2	244
2	20
0	8
0	266
1846	0
0	1
0	1
0	0
0	20
0	20
0	19
0	19
0	4253
75	664
0	3300
4	4193
6	4189
0	4193
0	3165
26	1939
2	2448
18	2452
3	0
12	2526
0	45
1	48
0	48
0	33
0	119
0	113
0	111
0	115
0	118
0	116
0	125
0	111
0	117
0	119
0	107
0	110
0	109
0	87
0	90
0	82
0	98
0	88
0	90
0	61
0	60
0	36
0	18
0	44
0	32
0	47
4	10
6	39
1	169
0	168
0	154
0	164
0	93
0	169
0	159
0	69
0	76
0	148
0	79
0	87
0	22
0	242
0	123
2	227
5	227
0	91
0	0
0	0
0	0
0	0
0	0
0	1
0	1
0	0
0	0
0	0
0	0
0	0
0	89
0	2825
90	3753
0	2585
0	2746
0	957
0	3050
0	1799
0	1330
0	3634
0	1818
26	3747
0	3526
0	3250
178	1505
0	1350
2	432
2	1068
0	2878
0	1027
0	434
0	427
0	432
0	7
0	387
0	286
0	270
0	1
0	82
0	37
0	41
1	17
41	435
0	0
0	0
0	0
3	220
8	19
2	0
0	225
0	466
0	466
0	397
0	403
0	467
0	161
0	161
0	464
0	160
0	6
0	0
0	0
0	0
0	0
0	0
0	0
0	0
0	0
0	0
0	0
0	0
0	0
0	0
0	0
0	0
0	440
0	445
0	275
0	252
0	210
0	70
0	35
3	54
0	0
0	0
0	0
0	0
0	0
0	397
0	73
0	396
0	403
0	390
0	397
0	399
0	70
0	20
0	29
0	357
1	372
0	381
0	311
4	190
0	53
4	88
0	64
2	32
2	54
5	661
0	4
0	541
5	561
0	548
0	661
0	656
40	653
1	330
1	70
0	333
1	49
9	30
2	108
0	62
0	61
0	1
0	0
0	1
0	1
0	0
0	1
0	1
0	1
0	210
0	758
0	592
0	603
0	539
0	454
6	751
0	364
0	130
0	500
0	59
3	58
3	25
47	1145
1	1145
0	100
26	166
0	66
0	33
0	7
1	2
0	21
0	10
0	7
0	4
0	0
0	21
0	0
0	0
0	0
0	0
0	0
0	0
0	0
0	0
0	0
0	22
0	31
171	110
0	103
4	14
0	33
0	32
1	24
0	13
0	15
0	22
1	16
0	16
0	16
0	1
0	20
0	1
0	22
0	21
218	0
6	158
0	376
4	192
2	276
0	177
2	50
0	98
3	139
4	31
0	3
2	29
0	35
7	1435
62	1254
0	307
74	781
10	608
0	958
0	760
60	809
0	153
2	599
0	451
10	228
2	30
0	155
0	230
2	12
15	17
0	33
0	11
0	608
0	0
68	155
0	26
0	5
1	80
4	127
0	28
1	14
0	27
0	205
0	209
0	201
3	20
0	13
0	47
0	17
0	33
0	15
22	82
0	3
0	7
0	17
0	28
0	197
1	0
0	82
0	92
0	36
37	7
1	66
74	9
4	62
0	10
3	78
0	72
0	42
0	46
0	36
0	31
0	41
0	74
1	0
0	21
0	2
1	21
0	730
0	180
36	207
11	1
5	183
29	42
0	139
1	128
13	109
0	27
1	31
0	1
0	10
0	0
0	9
0	27
0	36
41	13
0	6
0	0
0	0
0	360
0	153
0	341
0	342
2	347
0	39
1	370
4	71
0	254
0	7
0	28
0	12
0	23
0	3
0	179
0	180
0	20
0	0
0	342
0	0
0	0
0	0
0	0
0	0
0	0
0	14
0	8
0	22
0	21
0	23
0	2
0	13
0	20
341	64
2	7
1	17
0	24
0	20
0	35
199	235
1	223
0	205
0	144
0	60
1	18
1	23
3	0
0	262
0	28
0	329
0	263
125	338
0	205
0	2
0	235
0	54
1	5
0	0
0	2
0	2
0	1
0	2
0	1
0	1
0	14
1	1
0	12
0	12
0	3
0	1
0	1
0	1
0	3
0	0
0	0
0	13
0	14
0	13
0	13
0	12
0	2
0	13
0	10
0	35
0	72
0	73
0	73
0	80
0	22
2	18
0	30
0	24
0	67
0	22
0	6
0	19
0	24
0	1
1	1
0	8
0	74
0	4
0	12
0	26
1	75
0	23
0	72
1	18
0	17
0	5
0	17
1	14
0	59
2	19
0	19
0	72
2	0
0	0
0	0
0	2
0	0
0	0
0	2
311	661
0	498
2	383
2	499
6	281
192	0
0	0
0	50
0	61
0	45
149	0
0	0
0	0
1	495
0	468
0	468
0	468
0	468
0	471
0	473
0	468
0	468
0	468
0	51
1	18
0	29
0	0
939	318
0	40
0	177
0	9
19	204
0	179
0	62
76	178
4	178
0	171
0	22
0	75
0	13
0	105
0	92
0	103
0	81
0	665
1	97
0	663
0	660
3	80
0	61
0	56
0	84
0	645
0	661
0	663
0	79
0	638
0	58
0	88
0	92
0	79
0	527
1	14
0	10
0	41
7	550
0	43
2	71
1	15
0	71
2	59
2	12
0	372
0	32
2	38
0	6
2	2
0	64
0	69
4	358
1	117
26	9
0	8
0	8
0	5
0	2
23	203
0	0
0	140
0	145
0	113
1	8
0	27
0	8
1	9
3	9
0	2
105	93
0	66
1	36
0	31
0	382
0	389
24	382
2	364
26	63
0	384
4	14
0	321
31	0
4	333
0	444
42	491
0	42
2	157
1	40
0	76
14	65
0	29
0	8
0	3
724	2662
2	2313
0	1008
3	2053
0	1042
0	1125
18	363
0	1138
1	809
0	730
1	472
0	413
1382	0
0	8820
10	127
0	8806
0	6683
20	6964
3	8067
8	1094
8	4615
0	1198
1	0
80	188
3	111
0	94
0	21
39	80
0	0
0	1
0	1
0	1
0	1
0	0
23	141
0	434
0	75
2	30
0	16
0	16
0	16
0	377
1	35
0	347
0	63
0	88
0	64
0	87
0	65
0	101
0	98
0	75
1	47
0	35
1	74
0	12
0	340
0	92
0	276
0	228
0	50
1	15
287	83
0	16
0	52
0	0
0	0
0	0
0	0
0	6
471	0
0	825
0	827
3	131
0	51
0	60
148	190
6	181
0	39
9	98
0	67
0	52
0	73
0	558
0	558
0	0
190	670
29	670
0	35
2	35
0	20
0	7
0	6
0	4
0	0
0	0
0	532
0	530
0	0
0	26
5	199
0	207
0	15
0	312
0	0
10	525
0	2
1	46
0	124
1	7
5	10
4	6
12	140
274	419
2	419
0	88
0	24
0	499
7	269
0	475
0	0
0	0
0	0
0	0
0	106
0	99
1	5
2	2
0	6
0	4
0	24
1	17
0	14
0	5
5	2
0	9
0	30
2	260
0	29
5	19
0	265
194	612
0	611
0	614
0	615
0	612
0	27
0	31
0	30
0	26
0	13
1	7
0	11
0	10
0	5
0	1
0	0
0	0
0	0
0	0
0	26
722	0
11	611
0	291
4	673
0	96
0	64
0	16
0	100
0	65
7	145
2	673
0	670
0	383
0	346
0	471
0	95
0	33
0	30
0	37
0	27
0	26
0	19
0	26
0	13
0	13
0	0
0	0
0	0
0	316
0	325
0	661
1	47
4	235
0	163
0	411
0	725
0	1239
1	1172
11	139
1	477
2	110
0	31
43	4
0	4
3	2
0	0
0	0
0	0
209	6766
0	6765
0	683
0	2111
3	208
12	420
1	195
0	435
2	539
1	669
0	602
0	0
0	0
0	0
0	0
0	0
0	0
0	0
0	0
0	0
531	570
4	570
0	0
0	0
1017	98
2	98
0	0
0	0
0	0
0	0
0	0
0	0
573	24
2	24
0	51
2	51
0	23
0	12
0	9
0	6
0	5
3	4
2	0
0	23
0	23
0	23
0	23
0	0
0	0
0	0
0	0
0	0
0	0
0	0
0	0
0	0
0	0
0	340
0	0
0	0
0	0
57	1500
5	1445
5	1268
0	32
7	16
0	17
0	8
0	20
0	0
0	0
0	0
0	0
0	0
0	0
0	0
0	0
0	0
0	0
2	273
0	7
0	11
0	14
0	106
0	20
0	262
0	102
0	13
0	15
0	84
1	31
0	27
6	0
0	262
0	3
0	2
2	366
5	347
4	268
1	8
0	35
2	48
2	14
33	60
0	25
15	18
0	23
0	1
0	210
0	661
0	663
4	558
7	554
0	319
1	545
2	313
0	509
0	553
4	181
0	265
8	176
0	0
0	0
0	0
0	0
0	0
0	0
0	0
0	0
0	0
0	0
0	0
0	0
0	0
0	0
5	88
6	31
2	451
8	360
5	344
1	282
0	344
1	68
0	4
0	54
0	18
0	39
0	22
1	26
0	455
0	0
0	4
0	2
0	21
1	3
0	15
12	21
0	3
0	15
0	4
0	0
0	5
0	2
0	3
0	1
0	1
0	3
0	3
0	21
0	15
0	222
8	235
0	100
0	60
0	40
0	28
1	25
0	29
0	29
0	18
0	15
0	0
2	232
2	232
1	125
0	29
0	42
0	4
0	236
3	232
906	753
3	360
12	169
287	548
2	525
1	63
0	113
0	24
2	22
2	0
0	123
0	50
67	153
0	44
1	14
0	39
0	132
0	36
1	139
0	75
0	8
6	96
2	37
0	38
0	40
43	574
0	588
4	541
110	746
0	269
0	205
0	545
4	40
0	398
0	240
0	68
0	45
0	45
0	0
0	0
1	0
0	0
1	711
0	387
0	607
0	592
0	590
0	584
1	280
1	61
0	29
0	11
0	26
0	1
29	8
0	463
0	461
0	470
0	1
0	47
10	4
1	24
0	27
0	24
0	0
3	11
0	26
0	26
0	11
36	0
72	124
0	85
0	39
8	0
0	182
0	143
0	87
2	192
0	95
1	61
1	55
1	18
0	26
0	46
0	48
0	78
0	44
0	90
0	19
0	81
9	135
0	50
1	37
0	171
0	136
416	134
0	72
0	1
0	136
49	0
7	498
5	239
3	130
0	304
19	333
0	147
6	18
0	0
2	0
72	179
9	14
27	66
9	15
2	34
0	19
1	47
875	827
3	827
58	47
0	2
0	0
0	0
0	1
0	179
0	458
0	376
15	56
0	297
2	158
1	316
41	283
0	343
0	131
1	93
4	0
8	568
0	578
0	487
0	492
2	142
0	51
1	20
1	19
2	24
41	750
0	36
0	461
9	22
0	121
0	74
0	743
0	10
17	306
1	29
0	197
0	30
2	270
0	159
0	3
5	58
6	21
1	4
4	0
0	18
0	18
2	433
1	420
0	419
0	221
0	24
5	28
1	32
0	61
0	8
3	43
0	32
0	19
6	12
5	206
31	1100
0	2126
0	2167
0	2068
0	147
5	297
0	1
0	1
0	1
0	1
0	1
0	1
0	1
8	550
0	555
2	175
0	207
8	85
0	86
39	86
3	418
0	393
0	308
0	239
0	103
0	77
0	5
0	91
0	108
4	104
0	88
0	528
1	440
0	142
2	446
4	424
17	417
1	28
0	1096
0	249
2	286
0	1095
0	874
5	29
0	7
0	27
0	2
1	17
0	6
0	6
0	5
0	4
0	4
0	3
3	97
128	115
3	38
0	55
0	55
3	4
0	2
0	4
5	51
0	51
1166	784
1	596
18	654
0	355
0	0
0	0
0	0
0	0
0	0
0	0
0	0
0	0
0	0
0	0
0	0
0	0
0	0
0	0
0	0
11	3
0	3
2282	149
0	0
0	47
11	102
2	1661
25794	11562
1	1085
4	4657
1	4880
1	2092
22	2445
423	229
1	229
0	8
8	8
0	2
0	6
0	1
0	1
1	0
0	0
0	0
0	47
0	116
508	302
0	11
0	33
0	236
1	215
0	234
29	0
0	74
0	117
3	33
0	45
0	76
0	33
0	12
0	47
0	18
4	7
101	53
0	25
28	12084
0	4
0	7
0	7
0	5
0	7
0	6
0	1
0	2
0	0
0	2
0	3
0	0
0	1
31	0
293	474
0	410
0	174
0	0
0	212
0	26
5	96
106	429
20	367
1	42
0	25
0	36
0	36
1	194
4	8
1	194
0	0
0	579
0	96
7	540
0	56
0	85
0	173
1	492
0	90
1	45
0	579
28	848
2	848
3	11
0	8
0	8
16	15
0	5
4	7
0	7
0	19
0	1
0	4
0	19
0	19
0	3
0	0
1	0
0	0
0	0
0	0
0	0
0	0
0	0
0	1
0	0
0	0
0	0
0	1
0	1
0	0
0	0
0	0
0	0
0	0
0	0
0	3
10	24
0	15
0	0
7	0
0	31
0	34
0	4
1	40
3	84
0	65
0	34
0	31
0	31
0	35
0	27
0	26
0	34
0	12
0	19
0	22
0	10
0	14
0	8
0	20
0	82
0	82
0	59
0	82
0	38
346	216
0	216
0	21
0	21
3	63
1	0
175	136
0	136
0	0
0	0
0	0
0	0
0	0
0	17
19	43
3	41
0	2
0	37
0	4
0	3
0	0
183	159
2	9
0	148
0	151
1	78
850	2699
1	2647
0	2189
0	2445
0	1827
0	521
0	555
0	578
5	20
0	127
0	408
0	364
0	24
2	24
0	21
0	397
0	324
0	15
2	21
4	408
0	22
0	16
0	26
0	27
0	14
0	26
0	19
0	10
0	18
0	2
1	32
0	97
0	16
0	1
0	79
6	136
1	14
0	0
7	6
0	1
0	5
0	6
0	9
0	2
0	45
543	361
33	317
5	210
3	129
93	6
0	6
1	1
164	70
0	27
3	42
0	20
1	4
345	101
3	101
0	0
0	0
0	1
0	674
0	61
0	0
1	0
0	73
0	61
471	1441
0	1414
0	78
0	1313
1	96
0	345
0	67
0	0
0	0
0	807
0	673
0	670
4	613
0	786
4	206
0	125
12	120
12	193
20	93
1	259
0	260
4	162
0	141
0	127
0	113
0	100
0	600
0	668
0	678
0	352
0	348
0	345
0	310
0	345
0	331
0	366
0	327
0	56
0	312
0	302
0	24
2	16
1	83
0	666
0	267
0	285
0	46
0	28
0	25
0	29
0	15
0	2
0	1
3	6
0	64
0	13
0	10
0	25
0	19
0	0
0	4
0	4
7	0
0	0
0	0
0	0
0	0
0	4
0	4
0	1541
1	1411
12	1325
3	1408
15	745
0	1143
1	675
9	298
0	192
0	276
2	99
4	34
151	120
0	94
2	16
0	26
0	0
0	0
0	0
0	48
4	664
32	526
1	480
0	499
7	202
7	44
0	1
1	0
0	2
0	2
0	328
9	328
2	176
0	1
0	0
0	1
0	0
0	1
0	0
0	0
0	0
0	0
439	156
0	13
0	55
0	154
0	3
2	411
17	411
0	66
0	27
1	399
0	5
0	0
0	5
0	0
0	0
1	0
14	16
0	7
0	4
0	6
5	0
0	5
1	0
0	0
1	0
0	0
0	14
0	10
0	10
26	111
0	5
0	9
0	5
0	91
1	185
0	431
0	167
5	50
1	11
0	25
6	402
57	33
0	29
0	28
0	8
0	493
0	110
0	134
2	105
0	76
0	37
0	21
0	463
0	111
1	155
1	90
0	158
0	224
7	329
2	88
0	159
0	90
0	95
1	127
4	431
0	188
1	35
0	176
0	81
0	183
0	87
0	56
1	32
0	25
0	0
0	27
0	30
0	7
0	0
0	10
0	8
0	5
0	2
0	5
0	3
0	3
0	2
0	1
0	0
0	2
0	1
0	0
0	27
0	25
0	0
0	0
9	1106
0	582
14	1740
3	1198
0	215
5	388
3	310
0	138
5	269
0	177
3	106
0	0
0	0
0	0
0	0
0	1
0	0
0	1
0	0
0	0
0	0
2	0
0	1
0	1
84	211
0	208
0	99
15	85
1	1309
0	1047
3	968
6	81
1	577
1	514
3	351
0	273
0	188
0	16
0	1
0	8
0	1
0	30
0	28
0	30
0	29
24	3693
236	3623
45	3434
18	3518
0	73
0	12
0	31
0	33
0	29
0	72
0	17
0	34
0	49
0	14
0	34
0	36
1	10
9	3
19	0
0	1
0	120
0	117
4	38
0	12
0	2
2	6
0	6
0	2
0	2
0	0
0	0
0	88
2	84
0	89
0	20
0	80
0	75
0	74
0	3
0	3
0	4
1	1
0	0
0	19
0	5
0	3
0	0
0	1
0	1
0	1
0	0
0	0
13	225
0	229
0	308
0	70
0	22
7	77
0	47
1	25
0	9
0	274
0	205
0	4
0	4
0	3
0	4
0	2
0	1
0	1
0	2
0	1
0	2
0	2
0	1
0	2
0	2
0	1
0	0
0	1
0	0
66	59
0	35
0	59
0	45
0	1437
602	2084
2	1998
10	39
455	200
0	197
1	169
0	5
0	120
0	124
0	7
0	17
0	25
0	7
1	9
0	3
0	13
0	42
0	11
7	121
0	21
0	9
0	28
0	16
0	76
0	111
0	19
0	31
0	15
0	120
11	191
566	547
0	428
0	52
0	546
96	57
0	57
2	13
13	46
326	162
1	15
0	11
19	47
0	14
6	32
0	21
17	3
1	78
342	0
0	0
0	0
0	0
1	44
3	194
0	12
0	124
5	0
0	193
0	11
0	193
1	95
0	14
0	66
0	180
1	885
2	949
0	831
0	901
0	838
0	841
0	898
0	704
0	69
0	976
13	204
2	885
0	718
0	26
0	281
140	0
2990	0
0	54
0	51
22	14
0	14
156	99
0	88
0	22
0	82
41	0
0	3
0	14
9	14
0	5
0	603
26	518
1	2293
0	2321
5	80
0	64
1	73
0	40
0	48
0	36
0	53
0	30
0	58
0	44
55	6
0	1
0	4
0	5
1	4
4	2
3	2
0	2
0	0
0	0
0	0
0	0
0	0
0	0
0	0
0	0
0	0
0	0
0	0
0	0
0	0
0	0
0	0
0	0
0	0
0	333
3	95
1	97
0	123
0	74
0	73
0	0
0	1810
3	1149
0	2706
0	1220
0	248
0	570
0	977
0	2504
0	1080
0	1031
6	1329
0	388
1	789
0	2609
407	646
3	128
0	555
1	40
0	153
0	63
4	197
0	0
0	0
0	0
0	0
0	0
0	0
0	0
0	0
0	0
0	0
0	661
0	122
0	102
2	598
0	107
0	304
0	91
5	68
0	94
0	72
0	609
0	614
0	184
0	79
0	141
1	74
0	163
0	296
84	542
0	258
18	231
0	2221
0	212
0	2541
0	335
0	214
0	147
0	2226
0	2540
2	411
0	470
0	211
0	297
17	2384
0	303
0	529
0	2276
1	370
0	281
0	338
1	367
0	8
0	0
0	0
0	0
7	520
1	520
0	2
0	2
0	0
0	0
0	0
0	0
0	0
0	0
0	0
0	0
0	0
0	0
0	2645
0	0
440	495
0	483
0	465
0	222
0	49
0	182
0	115
0	84
0	34
11	2
10	17
10	17
1	1
0	1
0	1
0	1
0	0
0	1
2	135
2	147
1	18
9	16
0	15
0	0
0	122
5	0
0	0
0	0
0	0
0	147
0	32
0	697
0	697
5	40
6	31
1	23
0	22
3	2
0	24
0	20
1	250
3	231
0	9
0	241
0	250
89	98
0	236
0	12
1	0
0	0
0	37
0	0
1	0
0	137
0	160
0	150
0	68
8	151
9	130
2	36
0	156
0	160
1	137
0	142
0	127
0	53
0	118
0	68
0	7
0	26
0	159
0	0
268	3
8	3
750	11
0	6
0	5
0	5
0	1
0	1
0	0
0	6
0	0
0	6
424	48
0	39
0	10
0	0
3	0
0	0
0	0
0	0
0	0
0	0
0	0
0	0
0	0
0	0
0	0
0	0
0	0
0	0
0	0
0	348
1	349
8	151
0	112
0	360
0	30
0	19
0	14
0	0
0	50
0	0
0	0
0	0
0	0
0	0
0	0
13	971
0	967
3	18
4	7
0	53
0	38
139	221
0	67
0	221
0	309
0	300
0	57
0	219
0	273
0	0
0	318
0	1219
1	718
2	1202
0	311
26	57
0	44
0	15
6	363
0	42
0	42
0	0
1	26
0	27
0	29
0	20
0	17
0	11
0	17
0	3
0	7
0	29
0	82
0	134
0	146
0	0
0	3
0	12
0	0
0	0
0	64
0	66
0	60
2	10
0	76
1	59
0	21
0	54
0	135
0	42
0	46
31	132
2	305
0	16
0	42
0	353
1	98
1	282
0	52
0	55
0	189
12	189
0	89
2	56
0	986
33	1009
0	205
0	214
7	155
2	117
10	101
0	732
0	337
0	25
0	266
1	267
0	210
0	185
0	183
0	87
0	113
0	111
2	28
0	53
2	49
0	29
0	337
0	9
0	11
0	2
39	0
0	1692
13	1376
0	1692
0	817
2	1394
6	625
1	85
0	1051
4	1036
0	155
1	736
0	1351
0	1429
2	0
0	0
0	0
10	91
0	12
0	91
16	914
1	919
0	361
7	17
0	43
0	43
0	43
6	164
0	221
0	275
0	257
2	177
0	103
0	109
1	94
0	121
0	130
0	120
0	132
0	112
3	92
0	116
0	92
1	81
0	32
0	0
0	0
0	0
0	0
0	0
0	0
0	0
0	0
7	797
16	3
1	1291
0	140
0	70
8	1284
0	134
0	142
0	128
7	1131
7	232
1	93
0	918
3	525
1	488
0	435
0	112
0	108
0	114
4	124
0	119
0	57
0	59
0	14
0	0
378	458
20	216
0	93
0	165
0	401
0	42
2	152
1	45
0	56
0	9
0	8
2	8
0	7
0	4
9	396
900	1520
9	1232
0	36
1	327
0	282
0	285
1	105
4	0
0	111
0	67
0	39
0	51
3	53
0	0
0	0
3	233
0	233
1	233
3	16
0	15
1	7
0	1
0	1
0	1
0	0
0	37
0	3
0	2
0	3
0	13
0	4
71	16
0	7
0	6026
0	6761
1	5738
54	5862
0	5732
0	5728
0	5734
523	5797
57	5785
158	6218
3	5803
23	3195
5	6708
8	3735
4	6663
12	3132
0	3361
71	380
2032	1119
0	913
0	324
1	194
3	102
0	494
0	494
0	489
0	210
0	188
0	210
0	198
0	174
0	172
1	129
0	44
0	45
0	40
0	40
7	27
0	16
0	15
3	0
0	489
132	291
0	212
1	280
0	280
0	165
4	72
0	75
0	115
0	17
0	42
0	26
0	19
5	1
0	1
0	1
0	1
0	1
0	1
0	1
0	1
0	0
0	0
0	0
1	23
0	37
0	47
1	39
0	10
0	11
0	3
8	3
0	8
1	4
0	15
0	14
0	5
0	47
0	68
452	413
2	140
0	94
0	32
0	22
0	44
0	53
0	68
0	67
0	105
0	248
0	128
0	287
0	342
0	288
0	7
0	20
0	96
0	47
0	45
0	1485
6	96
1	198
0	1485
0	22
44	409
0	1335
0	1223
0	1120
61	749
0	476
0	84
1	657
0	244
12	265
0	265
0	25
0	19
0	122
0	0
0	0
0	0
0	0
0	0
0	0
0	0
0	0
0	0
0	57
8	94
0	593
0	55
0	536
0	87
0	74
0	443
0	68
0	52
0	57
0	47
0	77
0	465
0	540
0	419
0	52
1	49
0	60
0	515
0	537
0	63
0	43
0	1
0	0
1	149
0	32
0	78
1	39
0	0
0	0
0	0
0	0
0	92
4	0
0	41
0	49
0	28
0	568
0	574
0	544
0	0
0	0
0	0
0	0
0	0
0	0
0	0
0	0
0	0
0	0
0	0
0	11
22	54
2	2
0	108
0	108
0	108
0	68
0	29
2	0
0	25
0	0
0	108
281	328
0	69
0	191
2	240
0	208
0	108
0	58
919	403
1	364
1	39
0	0
0	0
0	0
624	5148
13	5001
0	269
13	1149
37	988
15	390
0	1508
1	748
3	1291
0	0
0	0
1	1
0	10
3	12
0	2
0	2
0	1
0	0
0	0
0	2
0	2
4	32
193	405
5	9
0	78
0	1
0	384
0	342
0	109
1	32
1	79
11	1106
238	1239
1	1239
0	0
0	77
1	123
2	615
1	57
1	110
0	43
0	0
0	0
0	68
0	73
3	113
0	29
0	63
0	0
0	0
0	0
0	0
0	0
0	0
0	0
0	0
0	0
0	0
0	0
0	0
0	0
0	0
0	0
0	0
0	0
0	0
0	0
0	0
1	0
0	0
0	0
1	51
0	12
0	3
0	351
5	356
0	261
5	351
0	13
0	11
0	12
0	12
0	277
0	26
0	102
284	256
1	256
0	85
0	0
0	0
0	0
0	0
0	0
0	0
12	114
0	103
0	21
0	17
0	68
0	14
0	52
0	29
21	27
0	10
2	14
2	91
0	203
1	203
15	200
1	171
0	72
16	52
0	52
0	5
0	2425
0	2449
0	1082
1	1428
3	1599
0	1420
0	2449
0	2449
0	178
0	178
0	194
0	185
1	225
17	225
0	46
0	18
20	23
0	53
0	0
0	14
1	14
1	0
0	0
175	1764
0	1763
0	68
14	1171
8	101
0	29
3	473
0	43
2	41
14	139
0	46
0	0
0	0
0	0
0	0
0	0
0	0
0	0
141	434
0	104
6	428
0	9
0	153
7	416
2	331
1	86
0	348
0	335
3	7
0	276
0	186
0	35
0	34
0	19
1	31
0	353
0	651
19	495
0	529
11	303
0	103
4	81
0	119
0	128
0	166
2	78
9	77
0	62
0	634
75	361
4	312
0	328
0	367
0	384
0	357
0	293
1	25
0	86
0	201
1	94
1	77
0	23
1	24
0	22
0	21
2	34
2	20
0	19
0	0
246	37
0	169
0	377
0	458
0	387
0	348
0	424
0	46
0	316
0	495
1	415
0	78
0	421
0	353
0	64
12	176
0	314
0	205
1	362
0	74
8	5
76	199
21	251
0	214
0	0
0	0
0	0
0	0
1	0
810	82
0	52
775	613
0	533
24	591
0	2
0	131
2	258
18	86
1	90
0	108
5	272
1	618
0	647
2	83
0	85
0	84
0	469
0	108
0	0
1206	938
14	809
11	688
11	180
8	7
0	3
0	2
0	3
0	1
0	1
0	1
1	2
0	1
14	10
0	9
0	9
0	10
0	8
0	7
0	0
1083	18
10	0
121	2
0	2
209	26
173	5276
0	5383
1	5366
3	2141
57	317
1	2272
2	2441
5	3489
0	3868
27	5234
0	114
0	3380
13	316
3816	17
0	0
87	0
0	4
0	4
0	1281
198	1281
0	9
0	9
0	80
0	78
0	82
0	3
0	2
0	8
0	1
0	0
0	7
0	3
0	6
0	78
0	12
1	7
0	21
0	77
0	4
0	35
0	77
0	4
0	81
1	8
0	6
0	23
0	77
0	4
0	4
0	72
0	1
0	2
0	77
0	79
0	22
0	25
0	6
0	0
0	74
0	4
0	30
0	49
0	3
0	1
0	9
0	64
0	66
0	67
0	0
0	0
0	0
0	0
0	0
0	35
0	50
0	50
0	0
1	1
0	0
0	8
0	4
0	3
0	1
0	1
1	60
0	38
1	10
0	205
290	605
0	106
0	186
1	25
0	27
0	39
4	8
0	69
0	298
0	7
155	2225
0	194
1	69
0	340
1	7
0	2223
3	12
1	309
0	64
19	0
0	74
0	134
1	106
113	134
0	19
0	70
0	95
12	5
0	637
0	86
0	95
0	162
13	648
0	260
0	418
0	636
0	127
0	0
0	0
0	0
0	0
0	0
1164	1517
0	142
0	1381
0	553
8	0
0	65
0	25
0	41
0	41
0	41
0	70
0	41
0	12
0	84
0	579
93	577
0	52
0	74
0	14
0	46
0	67
0	25
0	569
1	21
0	201
0	251
0	222
0	548
2	48
0	126
0	0
427	0
1	51
21	67
7	25
2	13
20	18
1	28
1	264
1	58
0	9
0	5
0	8
0	2
0	147
0	264
1	54
52	251
0	3
4	206
0	13
0	0
0	21
0	9
0	5
0	44
0	0
0	10
13	15
10	16
0	6
0	3
3	1
0	1
3	378
3	448
0	540
0	428
0	518
1	256
0	137
0	203
5	233
0	130
0	110
0	87
0	111
1	85
1314	1226
0	68
0	1180
1	138
0	160
0	80
0	88
1	159
0	187
2	59
0	2
67	80
0	80
3	81
0	341
0	337
2	313
0	338
0	179
0	87
0	27
0	13
0	278
0	275
0	278
2	91
1	130
1	49
0	83
4	52
0	0
0	0
0	0
0	0
0	0
0	0
0	1
0	0
0	0
0	0
0	0
0	0
0	0
0	0
0	0
0	0
0	1
3	0
0	3
0	6
1	18
0	3
0	0
0	2
0	10
719	548
0	479
0	528
3	0
1652	161
0	161
0	23
11	3
0	357
0	356
0	2
0	30
0	226
1	0
2	240
1	207
0	913
0	609
0	47
0	221
0	901
2	15
0	91
0	50
0	0
1	1010
683	1026
1181	303
1	299
2	91
0	4
0	0
0	0
0	0
1560	193
0	0
0	0
0	351
2	9
103	377
15	370
2	2
0	0
0	0
0	0
0	0
0	89
0	0
0	197
0	495
0	68
2	20
3	3
0	205
1	67
0	160
0	100
0	18
0	492
4	69
0	368
5	347
0	0
0	493
0	495
0	271
0	945
4	785
2	50
0	118
0	285
1	41
0	60
37	824
3	330
2	8
0	1
0	1
0	1
0	1
0	0
0	0
0	0
0	0
0	0
0	0
2	417
2	144
0	423
1	126
0	6
0	111
0	9
0	12
0	45
0	29
0	8
0	102
1	19
0	1
0	1
0	1
0	1
0	0
0	0
0	0
0	0
0	0
0	0
0	0
0	0
0	0
0	0
0	0
0	0
0	0
0	0
0	14
0	22
0	2
0	6
0	6
0	1
0	22
0	0
0	25
0	8
48	25
0	1535
0	1491
0	82
0	267
2	974
1	1
0	124
0	96
0	0
0	169
0	72
0	149
0	153
0	48
0	100
1	424
1	0
0	0
0	0
0	0
0	0
0	0
0	0
0	0
0	0
0	0
0	0
0	102
3	14
2	0
4	110
4	25
0	97
0	41
2	6
0	3
0	3
0	3
0	6
0	8
2	0
0	0
0	0
0	0
0	0
0	89
61	96
0	89
0	89
0	23
0	83
0	38
0	17
0	44
1	0
0	0
24	103
0	103
0	59
1	28
0	28
0	19
0	2
0	1
0	0
0	566
0	137
0	566
1	132
0	19
0	46
0	36
1	22
0	50
0	414
1	0
0	11750
0	214
1	258
0	380
1	392
0	104
0	180
0	145
0	109
0	110
0	36
4	57
1	64
0	22
0	0
467	27
38	27
0	0
0	0
0	4
0	2
1	2
0	2
0	2
0	2
0	2
0	4
0	1
0	0
1	0
0	2
0	2
0	4
308	0
249	158
5	85
0	38
2	18
0	53
0	0
0	0
0	0
0	0
59	30
0	27
0	4
0	108
261	0
1	377
3	377
0	9
1	0
0	211
45	254
0	184
5	202
0	113
5	90
1	27
0	70
0	113
0	55
0	0
0	0
5	46
1	23
0	47
1	45
2	45
0	1
3	3
0	2
0	2
0	2
0	2
0	2
0	2
0	2
0	1
0	2
0	1
0	1
0	0
0	0
0	0
0	0
0	0
0	0
0	0
0	0
0	0
0	0
0	0
0	0
0	0
0	0
0	0
0	0
0	0
0	0
0	0
0	0
0	2
0	2
0	2
0	2
29	5
1	4
0	1
2	1489
0	1829
4	1279
0	435
2	309
3	560
0	585
6	917
0	549
1	650
1	860
6	707
1	418
0	1
0	0
0	1
0	0
0	0
19	392
0	231
0	394
6	92
11	27
3	84
0	14
0	9
0	55
9	579
0	26
18	579
0	276
0	0
0	51
0	31
0	0
588	99
0	99
0	11
0	3
0	60
0	7
12	9
0	7
0	7
0	0
0	0
0	0
0	0
0	0
0	19
0	14
0	19
0	0
0	3
0	0
0	0
0	0
0	370
1	330
2	354
4	0
1	215
24	1482
0	16
0	1272
0	47
0	164
0	587
2	51
1	125
0	48
0	1280
0	0
0	0
0	0
369	1948
0	1823
0	665
3	177
5	271
0	866
7	1397
0	802
0	455
2	875
0	48
0	111
0	283
0	0
1	0
0	253
0	238
1	98
0	270
2	10
5	18
0	0
0	0
0	0
0	0
0	0
0	0
0	0
0	0
0	0
0	0
0	5
0	77
0	80
1	77
0	52
0	81
0	81
0	77
0	80
0	0
390	155
4	155
0	162
0	199
0	234
0	2122
1	823
1	1316
2	617
2	85
0	565
11	67
0	767
2	142
6	142
0	346
0	158
0	158
0	3090
1	3035
1	172
0	132
0	265
0	260
0	42
0	259
0	157
24	213
0	396
33	123
48	251
0	726
0	236
3	200
0	248
4	3034
0	0
0	0
0	0
0	0
0	0
68	1962
0	1915
0	1936
0	544
0	250
0	235
1	2773
157	2725
57	2730
4	639
0	426
0	301
9	102
30	51
0	47
0	23
0	12
225	0
7	335
0	340
1	318
1	309
0	131
0	134
0	92
15	49
0	37
0	45
11	0
0	0
131	34
0	13
0	32
1	9
5	1
1	20
0	397
1	397
0	65
1	43
2	185
21	8
0	0
0	8
0	3
29	191
0	118
0	96
16	109
0	560
0	670
3	105
4	23
0	37
1	77
1	29
26	38
5	139
16	33
15	394
1	52
0	44
0	54
0	27
1	4
0	43
0	49
1	632
0	0
0	1
0	1
0	0
5	10416
8	2501
67	10292
0	10261
82	2055
0	0
0	1
0	0
0	1
0	0
0	0
0	0
0	0
0	0
0	1
0	1
0	0
0	1
0	141
0	142
2	142
1	135
0	23
0	62
0	37
1	77
0	91
0	69
0	51
0	51
0	51
0	21
0	21
0	21
1	0
0	0
0	0
0	0
0	0
0	339
1	705
772	702
1	45
0	0
0	0
0	0
0	0
0	0
0	0
0	0
0	0
0	0
0	0
0	0
42	34
0	34
1	32
7	32
1	9
0	2
0	472
11	472
0	0
12	1203
0	1204
1	142
0	229
0	130
0	76
0	100
0	55
55	1031
0	565
0	504
0	770
1	69
0	29
0	726
0	34
0	111
5	264
0	68
0	46
0	80
0	88
0	62
0	0
0	1762
13	353
0	376
1	210
1	256
0	101
13	115
0	74
72	209
0	209
263	0
0	0
0	0
0	0
0	0
2	264
0	267
9	261
0	251
1	53
0	47
0	266
0	246
0	0
0	0
0	0
0	0
0	0
0	0
0	0
0	0
0	0
31	244
0	244
1	266
14	2147
0	2151
5	275
0	1589
0	65
68	617
1	42
1	1455
1	650
0	160
0	153
0	220
1	128
0	98
0	243
0	423
0	16
8	85
0	53
2	3
1	3
0	2
1	631
0	136
0	657
1	631
7	1
1	1
19	0
2	212
0	111
0	632
0	267
30	328
1	327
0	85
33	307
0	283
3	130
0	50
0	246
0	765
0	0
0	0
0	0
0	0
0	0
0	4
0	102
67	102
1	142
0	103
0	65
0	86
2	127
0	63
1	102
0	50
0	58
0	102
0	143
46	344
0	48
0	265
7	59
0	217
0	244
0	67
0	61
0	225
14	92
1	162
2	104
0	73
0	37
1	6
0	17
0	1
9	13
0	5
1	18
14	168
0	168
0	4
2	143
0	6
0	326
0	262
0	335
1	253
0	183
0	233
0	154
0	135
0	158
0	123
0	43
316	0
0	4
0	5
0	2
0	1
1	29
0	58
0	5
0	13
0	20
0	13
0	13
0	5
0	11
0	0
0	1173
92	1173
2	1173
1	1173
1	1173
0	0
0	748
0	440
0	369
1	176
0	105
0	173
0	196
9	31
0	142
0	181
0	188
11	14
0	108
0	118
2	129
3	105
5	105
2	89
0	56
0	60
0	63
0	86
36	39
0	72
0	49
0	75
2	28
0	718
0	632
0	26
0	0
0	1
0	1
0	0
0	0
0	0
0	0
0	2361
0	2312
1	3299
0	729
0	905
4	217
0	2361
54	1936
0	3175
0	1156
17	1993
0	2943
4	419
12	347
0	932
0	829
1	635
1	1100
4	1096
4	677
0	1205
0	1300
0	1259
1	1380
0	317
0	283
3	624
0	531
0	80
0	422
5	97
0	469
12	339
0	320
0	297
1	309
0	204
0	272
2	198
0	646
1	24
0	132
0	216
0	209
0	215
0	215
0	215
0	18
2	926
12	854
1	117
1	147
0	37
0	279
0	236
0	3
3	6
1	4
0	0
43	490
0	490
0	0
0	0
0	0
0	1
0	1
0	0
0	397
1	22
5	6
4	17
2	9
3	0
6	417
6	40
2	7
0	0
4	48
19	313
2	40
4	149
1	124
0	215
0	417
9	0
0	0
0	0
1	0
0	0
0	457
1	67
0	62
5	36
0	418
0	458
0	87
0	80
1	204
0	251
0	10
100	176
0	168
0	8
0	8
0	1
0	6
0	5
0	27
3	236
3	219
0	148
1	96
0	45
1	95
0	183
9	113
11	105
0	102
0	12
0	11
0	266
0	782
0	199
4	780
0	339
1	160
7	727
3	301
0	260
0	118
0	305
3	17
0	17
0	20
27	1250
2	1267
0	167
1	1115
0	835
0	710
1451	2101
17	2113
0	1688
2	719
10	720
47	564
1	400
0	537
0	18
3	96
17	224
4	14
0	210
0	55
0	1
0	0
0	0
0	1
0	38
1	37
0	38
0	10
0	10
0	4
0	15
0	21
0	690
0	7
0	0
0	0
0	0
0	0
2	1181
0	1122
4	1159
0	1170
0	1153
0	909
0	721
0	616
7	689
2	672
0	601
5	104
3	543
4	123
0	41
6	55
1	47
5	19
0	0
0	5
1	5
0	0
0	0
0	0
0	1153
0	1152
0	0
0	3
0	3
0	0
0	1
0	3
0	0
0	0
0	3
0	0
0	0
0	3
0	1
0	0
236	44
0	46
20	1678
1	595
0	73
5	5
0	6
0	6
0	0
0	0
0	0
0	0
391	0
0	0
0	42
0	0
0	0
31	61
0	56
0	35
0	41
32	0
0	95
1	205
0	217
3	151
0	179
1	192
0	106
0	11
0	31
0	48
41	72
0	35
1	231
0	48
0	38
0	37
0	38
3	262
0	38
0	266
0	15
0	12
0	40
0	3
0	0
0	22
2	6
612	0
0	46
0	0
0	46
1677	0
0	373
0	345
0	40
0	289
0	275
0	1
0	30
5	382
0	346
0	35
4	271
0	44
0	37
0	7
0	34
0	43
0	36
0	0
0	0
0	0
0	0
0	601
0	587
1	351
3	144
0	165
0	120
0	71
0	39
2	44
0	39
3	95
9	65
0	0
0	0
0	0
0	0
0	0
0	0
0	0
0	0
2	483
2	741
23	741
0	87
0	789
0	326
0	350
0	819
0	368
3	380
0	3
3	209
0	79
0	65
0	41
2	51
0	86
0	83
0	39
1	70
0	811
0	0
0	0
0	0
0	1
0	1
0	1
0	0
0	0
8	544
1	544
0	38
3	35
0	95
5	114
0	27
0	45
0	133
0	1
2	1
1	1
0	684
0	684
0	1944
36	6159
1	5123
2	5473
1	4970
0	4703
6	3899
24	2933
0	2334
2	5729
5	3469
181	3469
0	889
0	879
5	310
7	598
0	72
0	24
0	42
0	79
0	65
0	82
0	58
0	112
0	126
0	74
0	49
0	93
0	95
0	92
0	94
0	97
0	80
0	86
0	60
0	66
0	49
0	40
0	1
0	7
0	3
769	555
0	538
3	93
1	10
3	157
1	59
8	145
6	75
0	71
0	0
1	0
0	0
0	0
234	289
0	260
0	232
0	252
0	264
0	288
0	262
0	2
0	256
0	1
0	1
2	0
0	0
0	3
0	3
0	2
0	2
0	0
0	0
0	0
0	0
0	347
0	24
2	324
10	327
2	37
0	0
38	1164
15	1368
1	1256
0	475
0	277
0	231
2	106
0	1244
3	156
0	13
0	184
0	1
0	165
4	101
0	1894
0	1978
0	2221
0	2217
0	1995
1	2213
0	627
0	268
0	427
5	265
7	55
0	297
0	266
0	235
2	112
0	112
0	114
0	113
0	86
0	14
0	2199
0	2193
0	2196
0	1978
728	481
0	481
0	67
0	68
0	67
4	70
0	63
0	67
0	8
0	26
0	4
0	1
0	6
0	4
0	0
0	44
0	45
0	2
0	2
0	0
0	0
0	0
0	0
0	0
0	0
0	0
0	0
0	0
0	0
0	0
0	0
0	0
0	0
0	0
0	0
0	0
0	0
0	0
0	0
0	0
0	0
0	0
5	1437
0	187
43	1277
1	424
4	201
0	160
1	282
119	371
0	86
1	124
0	347
0	7
1	0
0	0
0	38
5	324
0	21
0	29
1	0
0	25
0	2
0	28
0	0
9	65
0	58
0	58
0	58
0	56
0	56
0	27
1	58
1	38
0	50
0	13
0	14
0	14
0	1
0	1
0	0
0	5
0	0
0	3
0	5
0	1
161	138
0	48
2	196
0	389
2	9
29	287
0	71
0	366
0	21
0	20
0	48
0	51
459	142
1	118
6	42
79	40
1	40
518	313
0	124
1	76
0	45
1	86
0	39
1139	0
0	171
3	114
0	118
0	94
0	87
0	174
0	166
0	52
0	109
0	169
0	87
0	13
0	13
0	5
0	0
0	61
0	39
0	115
55	205
28	205
7	16
867	639
1	173
0	636
0	524
2	47
8	203
0	200
0	137
0	17
1	75
0	251
0	0
0	0
26	18
0	18
0	8
1	13
0	0
0	0
0	11
0	106
0	11
0	108
0	20
0	19
0	33
0	21
0	15
0	4
0	0
0	2
0	1
0	1
740	2791
9	2945
19	2154
0	0
0	191
1	6
185	191
0	54
3	56
0	42
1	2
1	2
508	0
199	175
0	175
0	34
388	143
0	78
8	141
0	0
0	3
0	17
0	4
0	3
0	5
0	17
0	12
0	4
0	5
0	0
0	2
0	2
0	2
0	3
0	3
0	3
0	1
0	0
0	8
0	0
19	123
0	105
4	39
370	227
0	0
0	0
0	0
0	0
0	0
0	0
0	0
0	0
0	0
0	0
0	0
0	0
0	0
0	0
0	12
0	17
0	24
0	24
0	1
0	0
1	1134
0	740
0	486
0	1116
4	109
0	30
0	204
0	27
0	51
0	79
0	79
0	41
0	29
0	1
0	1
1	0
0	0
0	0
0	0
0	0
0	0
0	47
0	0
720	272
0	162
2	162
0	162
0	85
0	78
0	79
0	49
0	44
0	98
0	134
0	52
0	34
0	72
0	84
0	48
0	18
14	102
8	51
1	52
0	4
0	6
0	2
1	3
0	13
1	11
4	9
0	5
0	4
0	4
2	0
37	313
0	50
0	230
1	194
0	106
10	67
4	52
1	55
610	55
0	48
368	474
0	472
0	474
0	0
0	0
0	0
0	9
2	27
98	183
0	4
1	78
0	4
0	2
1	129
0	9
0	11
1	31
0	18
0	125
167	420
0	59
0	420
18	562
0	2
0	696
0	674
6	286
1	0
0	0
0	0
0	0
0	0
0	0
0	432
0	1064
1515	570
0	6
0	7
8	18
0	18
6	16
0	16
0	10
0	4
0	2
0	4
0	4
0	4
0	4
0	4
0	4
0	4
0	4
0	4
0	2
0	3
0	4
0	4
0	0
0	0
0	0
0	0
0	4
0	4
1	3
0	0
0	39
0	166
0	686
2	153
1	676
0	713
0	332
0	604
0	639
0	570
0	698
0	521
0	43
0	629
0	551
0	562
1	681
0	575
0	240
0	630
0	500
0	87
0	26
5	56
35	84
0	95
0	662
50	86
1	86
0	31
0	13
0	10
0	26
1738	170
13	171
615	0
0	0
0	81
32	328
0	296
7	184
0	0
0	0
0	0
0	0
0	0
0	0
0	790
0	749
0	778
0	790
7	771
0	757
0	778
1	771
0	785
1	772
0	757
0	740
0	623
1	401
0	385
0	86
0	95
1	47
0	59
6	42
0	59
0	71
0	70
0	35
0	41
1	42
0	0
298	144
2	144
0	0
0	0
369	303
0	294
0	0
0	247
0	256
0	72
0	39
37	39
0	210
5	210
0	9
0	84
0	87
0	77
0	70
0	81
4	71
0	57
1	32
0	88
0	785
0	12
0	1032
0	102
0	116
0	708
1	8
0	479
0	57
1	5
3	55
0	3
0	173
0	80
0	132
0	24
0	1002
0	0
0	0
0	0
0	0
0	0
0	0
0	0
0	404
0	503
0	470
0	474
0	327
0	98
5	21
214	0
8	1936
0	119
0	1272
0	757
0	463
0	188
11	446
695	91
2	91
1	479
0	273
0	37
0	103
0	30
0	11
0	0
0	0
485	215
3	196
1	140
0	141
0	29
0	375
0	365
0	434
15	211
0	164
2	111
0	112
0	104
0	121
0	43
0	435
0	2
0	2
0	2
0	2
0	0
0	0
0	0
0	0
0	0
0	88
1	108
2	110
0	102
0	97
0	28
0	4
0	53
0	35
1	41
0	60
0	99
36	76
0	38
4	11
0	18
0	1034
0	949
1	577
8	591
4	574
0	321
1	86
0	109
13	74
6	639
0	612
0	75
5	426
1	33
28	471
0	760
0	733
1	442
0	318
0	550
0	412
1	277
0	199
1	167
15	71
0	25
0	26
0	614
3	0
0	0
0	0
0	178
0	97
0	185
0	24
0	66
0	35
0	7
1	21
0	7
0	0
0	0
0	0
0	186
0	184
0	97
0	176
101	761
0	329
4	90
0	545
0	268
12	493
85	864
4	298
2	674
2	110
0	50
4	0
82	45
3	76
529	679
1	302
1	196
2	434
1	273
92	0
0	20
0	38
8	38
0	28
0	27
0	4
1	5
0	0
0	0
0	53
0	188
0	19
0	43
6	34
2	73
3	203
0	214
0	205
0	221
1	578
12	630
0	187
0	229
0	239
0	94
0	70
0	27
0	15
0	26
0	0
1	1
0	3
0	0
0	0
0	0
0	2
0	2
0	1
0	66
0	443
7	471
21	454
0	473
0	403
0	393
11	365
0	4
0	315
10	345
0	382
72	15
5	15
1	10
15	545
0	122
0	530
0	66
0	70
11	71
0	143
0	156
0	51
34	3
0	3
0	0
0	3
0	3
0	1
0	0
0	0
0	0
0	0
0	3
0	0
4	0
0	0
4	559
13	669
1	61
0	51
10	462
9	33
3	63
2	20
6	84
19	62
3	178
0	7
0	48
1	69
1	139
4	230
7	133
2	195
0	208
0	221
0	45
4	34
0	41
4	2
0	31
1	8
0	37
0	0
0	0
0	0
0	0
0	0
0	0
0	0
0	0
0	0
0	28399
141	24080
2	25407
1	26961
9	21409
0	8833
0	9181
0	8118
3	5500
3	6005
5	2393
0	2727
2	2747
36	2977
77	3137
8	4
8	220
0	190
2	171
2	50
1	191
0	47
0	23
0	4
0	2
0	1
0	2
0	1
0	1
0	1
0	2
0	2
0	1
0	1
0	0
0	1
0	1
0	1
0	1
0	1
0	1
0	1
0	1
0	1
0	0
0	1
896	252
0	136
31	116
10	67
0	992
0	143
0	1446
0	669
3	598
0	933
7	148
1	92
0	0
196	224
0	221
0	99
4	2
0	2
0	1
11	234
1	231
0	234
0	37
0	11
0	10
0	0
0	7
1	0
0	0
0	0
0	0
1	9440
0	884
0	10704
0	9220
32	10631
7	10630
0	9361
3	1077
0	2
0	2
0	2478
0	1879
0	1393
0	972
0	2151
6	0
0	0
0	0
0	1
0	1
0	1
0	0
0	198
0	83
0	114
0	47
0	77
0	96
0	27
0	173
0	172
1	5
0	9
0	16
0	44
0	5
0	1
0	44
3	226
0	466
2	466
0	145
1	78
0	22
1	28
0	6
1	76
0	133
1	59
1	127
0	2
0	533
15	124
0	541
0	48
0	102
13	205
1	175
15	0
0	112
0	82
0	251
1	0
0	0
0	29
0	50
1	21
0	9
0	24
1	25
0	8
0	21
0	21
1	9
0	20
0	19
0	20
0	21
0	22
0	3
0	8
0	4
0	3
0	4
0	3
0	1
0	1
1	1
0	2
0	50
0	50
0	248
34	248
103	24
0	24
113	965
32	965
0	144
0	127
0	203
2	2
0	0
0	0
0	0
0	0
0	0
0	0
0	0
0	0
0	0
0	0
0	0
0	0
0	0
0	1066
0	1143
0	791
0	1058
0	1050
84	158
4	928
0	238
0	438
0	707
0	92
0	374
1	887
16	593
4	430
0	205
78	1086
0	142
0	359
6	642
0	296
2	344
9	173
8	352
6	150
0	417
1	19
0	130
0	321
0	1066
2	354
0	349
0	337
1	337
0	339
0	310
0	311
1	315
0	303
0	272
0	272
0	54
0	15
0	35
0	29
0	27
0	24
4	28
1	15
0	6
2	5
30	303
0	206
0	252
0	208
0	282
7	12
12	206
0	198
2	207
0	199
0	280
0	188
0	269
0	265
1	206
0	261
0	69
0	231
0	152
0	167
0	174
0	187
0	97
0	73
0	65
0	55
0	28
0	55
0	54
0	0
0	0
0	0
0	332
0	152
2	111
1	275
0	291
0	74
0	29
0	18
0	16
0	15
0	7
1	14
0	0
0	0
0	0
0	0
0	0
0	0
0	0
0	0
0	0
0	0
0	0
0	0
0	0
0	0
0	0
0	0
0	0
0	0
0	0
0	486
0	1410
38	1057
7	366
1	174
0	431
0	121
0	267
6	801
0	1290
0	511
0	565
0	137
0	74
0	73
0	111
3	470
0	469
0	598
0	0
27	612
0	602
0	423
0	402
0	456
1	23
8	185
0	595
0	123
0	262
0	285
0	217
0	54
0	96
0	119
0	113
8	1788
1	1652
2	209
0	1521
0	210
0	17
0	123
0	56
5	144
0	633
0	130
0	74
1	0
0	117
1813	159
22	43
0	333
0	332
0	33
3	32
0	13
0	13
0	10
0	5
0	1
2	1
5	0
0	1250
0	119
2	7
0	243
0	1701
0	1678
0	1632
0	1185
0	267
0	331
2	100
0	174
0	94
0	1483
1266	109
1	108
348	764
1	88
0	6
0	207
1	663
2	131
0	107
922	816
18	644
3	72
0	470
10	99
0	91
1	71
89	478
0	478
0	0
0	5
0	5
1	3
0	5
0	1
0	0
0	6
251	300
0	267
0	85
1	42
0	12
0	35
0	6
0	30
0	19
1	3
0	0
0	900
28	892
0	70
0	855
3	235
0	327
0	327
3	234
1	232
0	228
31	18
1	228
0	0
0	0
0	0
0	2980
0	2977
0	2667
0	2959
0	2955
0	2957
0	2777
0	2847
0	2889
0	2894
0	2894
0	560
0	3092
0	2904
0	2885
0	2985
0	2959
0	2801
0	2957
0	2958
25	2995
1	1924
0	622
4	635
0	2938
0	338
0	2961
1	2870
0	690
0	2384
0	2577
0	2240
3	97
7	1280
0	9
0	298
0	294
1	14
0	30
0	10
0	22
0	35
0	15
0	10
0	13
1	0
0	187
4	24
2	33
0	33
0	2
2	22
0	183
0	74
0	61
2	32
1	16
0	3
0	183
0	60
0	0
0	0
0	0
0	0
0	1272
0	1005
0	941
0	868
0	810
0	812
0	827
0	600
2	383
0	407
2	131
0	6
631	126
1	125
0	1
9	3
0	1
0	1
0	0
0	0
0	1
0	0
4	85
0	418
0	407
0	419
0	50
0	95
0	32
0	407
10	856
1	221
0	204
1	797
0	260
0	443
1	677
0	98
1	63
0	0
0	0
30	81
1	84
0	32
0	0
1	0
5	3
0	202
2	185
52	191
0	96
0	80
0	17
0	20
0	81
0	1
0	80
0	81
0	80
0	80
0	81
0	80
0	80
0	0
0	0
0	0
0	0
0	0
0	0
0	0
0	0
0	0
337	0
912	171
5	171
8	172
0	17
1	114
2	116
0	15
2	32
0	16
0	9
0	172
0	140
3	111
2	97
0	95
1	42
0	72
0	106
207	621
9	621
16	128
0	83
1	27
0	10
269	2748
14	2702
4	0
2	854
20	1903
83	1209
0	1860
0	268
0	881
1	349
0	130
0	319
0	57
0	216
1	187
0	158
0	53
6	320
0	320
5	320
0	320
8	2
531	0
0	283
80	283
1	234
101	35
0	9
0	32
6	6
0	0
0	0
0	0
17	310
0	99
0	94
0	208
0	301
9	24
0	85
0	51
0	15
0	13
0	17
0	10
0	9
0	6
0	2
23	43
0	78
9	2
0	55
2	9
0	11
0	121
11	14
0	59
0	14
0	16
0	15
22	67
0	0
2	8
0	78
1	1
0	18
0	112
0	0
0	0
0	0
0	0
0	0
0	0
1	241
0	100
0	289
0	381
0	402
0	487
1	447
2	472
0	289
4	52
0	325
0	479
6	447
0	478
0	390
5	407
0	381
1	331
1	205
0	63
1	88
3	169
0	58
0	107
0	103
269	20
0	20
12	669
0	548
0	669
0	0
0	0
0	0
0	0
0	0
0	0
0	0
0	0
0	0
0	101
0	93
0	76
0	16
1	10
0	0
0	0
0	0
0	0
0	0
0	0
0	0
0	0
0	0
0	0
0	86
0	0
0	0
0	0
0	1
0	0
0	1
0	0
0	0
0	527
1	1325
723	2152
0	47
2	71
1	227
0	423
0	1766
0	1226
2	708
45	756
2	1283
0	1079
0	306
0	435
2	418
2	253
0	1671
1	586
10	615
10	30
2	0
0	683
1586	683
1	125
0	65
6	23
33	69
0	64
0	7
0	6
0	123
0	114
0	114
0	68
0	13
0	30
0	15
0	11
0	1
0	0
0	0
0	0
0	0
0	0
0	0
0	0
0	0
13	0
0	0
0	0
0	162
0	311
0	328
0	305
1	22
2	172
0	63
0	184
0	242
0	199
0	11
0	61
0	39
0	21
0	34
3	25
4	14
4	9
3	34
0	36
25	81
0	80
0	6
0	63
2	30
0	29
0	0
346	188
11	75
2	46
0	45
0	52
0	0
0	0
0	725
0	662
0	28
0	218
5	73
0	218
0	115
0	755
0	346
8	107
49	156
0	735
0	135
0	627
1	160
0	59
7	541
0	588
0	25
0	62
3	184
6	528
0	207
217	218
2	148
2	111
0	62
16	45
0	48
2	26
44	277
1	352
1	317
1	106
0	82
0	64
2	78
0	124
0	160
0	117
0	93
3	106
2	63
8	13
678	118
0	118
1	3554
0	3540
4	3540
3	3516
15	33
0	122
0	151
0	271
0	346
2	283
0	251
0	270
0	5
0	58
0	60
0	14
0	3
0	3
0	26
0	27
0	24
0	1
0	1
0	0
0	3
0	3
0	1
0	3
0	4
0	14
0	2
1	2
0	5
8	0
0	2
0	2
0	4
10	2
0	2
0	1
0	2
0	2
0	0
0	0
0	1
0	0
0	0
3	754
0	66
0	740
0	30
9	281
0	47
19	583
14	540
2	53
0	42
0	99
0	120
1	83
0	70
0	18
4	26
0	85
20	171
0	10
0	93
0	90
0	74
0	74
0	169
0	167
1	470
1	178
1	144
0	172
12	191
0	217
0	206
0	457
0	189
0	41
12	23
0	3
0	18
0	13
0	14
0	2
0	108
0	64
0	121
0	93
0	80
0	8
0	14
0	10
0	34
0	66
0	12
0	53
0	125
0	46
0	106
0	12
0	11
0	38
1	17
0	1188
0	1184
0	832
0	686
1	707
0	561
0	553
0	517
0	523
0	449
0	388
0	366
2	363
0	255
0	239
0	1183
0	34
0	6
0	21
0	1
14	34
9	81
4	80
6	51
0	6
1	5
7	9
0	6
2	7
0	3
0	10
0	32
2	0
0	0
0	485
0	502
0	376
0	293
0	191
1	217
1	207
0	186
0	112
0	0
5	61
3	13
0	13
2	25
0	469
45	1897
46	1719
12	1148
0	180
1	127
0	163
365	152
4	52
0	87
0	94
3	62
0	52
0	40
0	43
2	44
21	1760
7	223
0	220
4	1751
0	242
0	318
0	36
2	98
0	1680
1	15
0	57
0	216
0	250
0	250
0	250
0	249
0	249
0	75
0	0
0	0
0	0
0	0
0	250
0	0
0	0
0	0
0	0
0	0
0	0
0	0
0	0
0	0
0	0
0	0
0	0
0	0
0	0
0	0
0	0
0	0
0	0
0	0
609	403
1	100
0	40
2	73
1	73
0	184
0	406
1	405
0	19
0	40
0	134
4	94
5	2243
0	171
152	2678
0	2135
1129	3002
0	319
0	319
1	79
5	172
0	1463
1	503
3	311
0	91
0	521
0	56
2	11
0	11
0	0
0	0
6007	282
1	282
0	0
0	0
0	0
0	0
1	0
0	0
0	161
4	30
4	47
0	157
2	482
0	504
1	152
6	116
0	62
0	70
0	7
0	468
0	443
0	0
1622	393
33	393
2	136
259	56
1	56
0	2
0	6
2	1
0	166
0	7
0	163
53	43
0	2
0	5
0	16
0	20
0	15
0	12
0	21
1	2
0	14
0	14
0	10
0	10
0	7
0	2
1	431
0	400
0	385
0	233
0	362
0	364
0	350
0	341
0	266
0	317
0	63
0	70
0	46
0	17
1	14
0	19
0	168
0	8
0	102
2	111
0	33
0	34
0	51
0	71
0	44
0	3
0	395
16	147
0	152
0	165
70	197
0	146
0	139
0	111
3	92
0	52
1	20
0	25
0	34
0	50
0	163
2	2
18	6
0	4
25	15
5	19
1	12
1	37
0	27
0	12
16	180
2	34
3	178
2	22
0	0
24	17
0	0
1	13
0	14
2	13
0	7
9	5
0	0
1477	15
11	12
5	58
279	633
0	633
1	44
0	7
0	44
0	1
63	568
0	553
0	560
0	550
0	390
0	346
0	271
4	154
3	198
14	151
3	14
0	137
17	129
0	91
0	71
0	88
1	82
2	92
0	78
0	10
0	13
0	536
0	45
3	3
3	231
4	14
3	225
20	158
1	3
0	10
1	12
0	28
0	155
0	9
0	14
0	150
0	137
0	135
0	88
1	75
3	26
2	8
12	427
0	16
7	428
1	99
0	297
14	713
0	76
0	56
21	739
0	748
0	718
0	676
0	73
2	634
0	106
41	391
0	79
5	1960
1	1921
0	828
28	1761
0	1973
0	119
0	484
0	44
0	454
0	3
1	0
3	383
0	340
0	313
0	196
0	315
0	13
0	11
0	10
0	1
0	24
1	18
0	58
0	51
0	57
0	810
0	162
0	205
0	250
0	93
1	37
2	197
0	248
1	179
0	196
0	75
0	802
251	653
21	562
3	489
0	183
0	10
15	31
1	9
0	21
1	2
0	5
0	3
1	0
0	0
0	0
0	0
0	0
0	0
0	0
0	0
0	0
0	1
0	1
0	1
0	1
0	0
0	0
0	0
0	0
0	1
0	587
0	667
0	633
0	634
5	575
0	559
0	608
0	514
0	570
0	577
0	433
0	434
0	435
0	434
1	357
0	357
0	360
0	303
0	265
1	196
0	0
0	0
0	84
0	24
0	28
0	75
0	98
0	101
0	60
1	70
0	79
0	57
0	35
0	37
1	16
0	28
0	27
401	249
0	78
2	192
1	188
0	58
1	47
1	37
0	35
4	29
0	5
0	0
0	0
0	0
0	0
0	0
0	0
1	817
0	0
0	20
47	882
0	830
1	123
0	190
9	438
4	334
2	109
0	29
5	430
0	346
0	359
0	95
1	102
0	52
0	51
1	51
0	43
0	50
0	51
0	23
0	15
0	17
0	9
0	13
0	1644
0	1924
0	200
7	498
8	489
0	428
0	0
0	0
0	0
0	0
0	0
0	0
0	0
0	0
0	0
158	251
0	251
2	30
0	0
0	29
19	73
0	0
0	1
0	1
0	1
0	0
0	1
0	1
0	0
0	0
0	0
0	0
0	0
396	0
0	0
3	287
0	236
1	36
0	132
0	102
0	11
0	258
1	253
0	1
0	0
0	1
0	0
0	0
0	0
0	0
0	0
0	0
0	0
0	0
0	0
0	0
0	0
0	0
0	0
0	0
0	0
0	0
0	506
238	939
46	861
3	285
92	0
6	8
0	283
0	0
0	0
2	38
0	124
0	92
0	91
701	247
2	70
0	91
0	90
0	245
0	82
2	33
0	9
0	12
0	11
0	8
0	8
0	0
241	50
0	46
0	36
16	69
0	69
0	8
1	10
2	409
0	57
0	0
4	19
0	77
0	47
0	29
2	406
27	1253
0	1115
0	462
1	327
0	699
0	19
35	35
2	4
3	15
0	25
1	2
1	6
0	1
0	1
0	1
0	0
0	0
0	1
0	1
0	1
203	133
2	133
0	9
0	33
1	33
0	33
1	23
0	12
0	7
0	32
0	32
0	6
0	0
0	3
0	3
0	0
0	6
0	21
0	52
0	294
1	190
0	37
3	192
0	34
0	11
0	209
0	28
0	286
0	428
0	2215
0	6043
0	1959
0	3286
0	3547
0	189
0	188
0	2222
0	5974
1	2191
0	187
0	3525
0	89
0	94
0	374
0	507
0	1599
0	498
4	292
0	3514
0	62
5	10
0	9
0	48
0	4
0	15
0	3
0	36
0	11
0	11
0	1
1	11
0	7
0	6
3	39
0	579
0	600
5	545
0	573
0	553
0	518
17	108
0	370
0	445
0	70
0	72
0	79
0	58
3	28
0	14
0	518
0	1
0	1
0	1
0	1
0	1
0	1
0	1
8	305
4	44
0	38
1	12
7	128
7	262
0	236
2	154
1	162
4	218
2	383
1	458
0	942
0	889
1	305
7	105
8	45
36	68
0	165
0	21
0	55
0	30
0	49
0	31
0	48
0	4
0	12
0	28
0	30
0	224
0	109
0	8306
0	8008
0	5348
0	5203
229	1339
27	1339
51	812
1	13
2	727
0	223
2	93
0	118
0	66
4	101
0	1
0	46
3	19
43	873
50	56
3	197
0	869
2	310
7	180
0	334
1	319
0	309
0	77
2	324
0	299
9	257
0	195
0	276
0	312
4	325
0	290
0	251
0	122
0	221
0	78
0	197
0	233
0	153
789	323
0	291
5	68
39	101
5	149
0	150
0	23
1	0
1	244
0	151
0	145
18	11
0	199
0	289
0	233
0	302
0	156
0	192
0	156
0	192
0	90
2	67
0	694
1	27
4	6
0	125
5	2
3	0
9	711
1	2
0	718
0	721
0	0
0	0
0	0
0	0
0	0
0	0
0	0
0	0
2	0
0	45
0	237
20	358
130	552
4	531
0	629
1	572
0	521
2	632
0	137
0	33
0	54
0	63
1	98
0	259
0	56
0	52
0	155
0	92
0	11
0	11
0	0
0	0
0	0
104	2279
1	98
2	1
0	82
0	639
0	523
0	1844
0	509
0	80
0	2222
30	0
556	0
2162	1209
2	857
3	616
423	3
543	81
0	0
0	60
0	21
0	0
0	0
0	12
0	12
0	0
0	0
0	0
436	300
76	283
0	99
3	16
169	144
0	111
2	109
0	134
0	103
0	97
0	85
0	200
0	200
0	199
0	121
0	130
3	36
0	37
0	5
1	6
0	0
0	181
0	0
0	0
0	16
3	26
1	19
8	26
0	4
0	12
0	4
0	4
0	1
0	0
0	0
0	0
0	0
0	0
0	0
0	0
0	0
0	0
0	0
0	0
0	0
0	0
0	0
0	0
0	0
0	0
0	0
0	0
0	0
0	0
0	0
0	1
0	0
0	22
0	2
0	7
0	7
0	2
1	0
0	21
24	130
0	91
0	144
0	149
0	153
0	153
0	49
0	22
0	68
0	27
0	29
1	0
0	0
0	72
742	611
0	368
12	292
3	321
0	251
1	291
2	35
0	3
38	91
1	92
0	67
0	74
0	50
0	57
0	16
0	9
0	6
3	7
0	7
0	8
0	54
0	36
12	52
1	3
0	47
0	5
3	13
0	52
84	89
0	89
0	16
0	3
0	1
0	0
0	0
0	0
0	0
0	0
0	0
9	193
8	140
0	140
0	152
0	154
0	27
23	41
0	36
0	26
1	18
0	1
1	407
0	3
0	195
0	367
15	171
0	256
0	410
0	29
1	4
36	165
0	33
0	578
0	461
68	29
1	29
0	9
0	10
0	10
0	4
2	2
0	3
0	1
6	515
0	730
0	59
0	473
0	72
1	108
1	46
0	718
381	0
0	0
0	0
0	0
0	0
0	577
0	563
0	355
0	556
0	0
0	0
0	0
0	0
0	0
0	4
0	5
0	5
0	4
379	11
0	6
0	5
0	4
2	9
0	7
1	0
0	0
0	0
0	0
0	0
0	229
0	6
7	8
0	1
0	2
0	0
0	0
0	0
0	78
5	1143
0	1220
0	1124
27	763
0	485
0	440
1	257
0	135
0	0
0	0
0	12
0	4
0	137
0	13
0	64
0	65
0	16
0	122
0	9
0	0
0	0
0	0
0	1
0	1
0	1
0	1
0	1
0	1
0	0
0	0
0	1
6	392
41	1035
0	55
0	903
34	0
0	518
0	80
2	392
0	29
1	3
3	86
0	0
0	0
0	0
0	0
0	0
0	0
0	0
1	0
13	6
0	434
2	16
660	432
20	0
0	0
36	0
7	129
2	129
0	119
10	54
207	450
11	376
27	325
0	219
6	44
0	219
6	15
10	1
2	23
3	25
0	189
174	88
3	81
0	7
0	4
1	7
0	17
3	17
0	6
0	4
4	15
0	19
16	41
0	11
990	741
0	586
0	613
0	423
0	522
7	362
2	199
0	1
0	1
1	193
2	0
0	97
0	4
0	11
0	184
0	185
0	96
4	62
15	842
0	821
4	220
3	55
0	22
0	93
0	1
1	15
0	25
0	125
0	140
0	133
0	127
0	148
0	132
0	146
0	22
0	93
28	140
1	3
0	29
0	109
0	29
2	26
1	41
7	19
0	20
0	38
0	0
0	18
0	0
0	1
1	1
0	1
18	12
4	1
1	8
1	2
0	4
0	6
0	657
0	509
1	66
0	671
0	39
1	321
0	20
0	657
1	569
0	122
0	1691
23	1687
1	1635
0	1398
0	1282
2	191
0	458
0	464
0	62
0	461
0	452
0	469
0	56
0	31
0	463
0	463
24	134
0	29
15	144
0	10
18	29
0	30
202	164
0	366
0	506
3	206
0	180
0	300
1	61
4	151
0	546
0	89
0	543
3	62
2	426
20	0
0	167
0	92
0	24
2	28
0	58
1	0
0	112
0	112
2	20
0	43
1	22
0	23
410	537
0	358
1	180
0	340
0	242
0	521
0	160
38	38
1	3097
5	2592
0	796
1	219
0	2301
0	254
2	900
0	200
0	1
500	86
0	22
2	12
1	30
0	35
0	50
0	46
0	40
2	173
0	317
0	15
2	78
1	17
0	317
0	14
8	225
0	5
0	308
0	17
4	338
454	1570
2382	2084
11	980
42	1368
0	441
0	646
107	318
0	112
0	126
0	0
0	4
0	2
0	3
0	4
0	0
0	10
0	10
0	10
0	10
0	6
0	6
0	4
0	3
0	3
0	2
0	2
0	0
0	0
0	0
0	0
0	0
0	0
0	0
0	0
0	0
0	0
0	0
0	0
0	0
0	10
0	10
72	195
11	127
115	108
0	186
0	7
0	18
0	8
0	44
0	723
0	1828
0	1004
0	967
0	516
0	50
0	50
0	95
0	24
0	24
1	116
6	87
0	1811
1	8
0	8
0	78
0	41
0	30
0	30
3	79
0	29
0	31
0	29
0	9
0	10
0	1082
0	1082
1	378
0	1082
0	0
0	0
0	17
0	39
0	41
0	20
0	39
1	32
0	0
0	0
0	0
0	0
7	4404
0	3343
256	4752
7	243
3	1562
1	1579
5	36
205	53
0	51
0	44
0	32
0	19
0	58
116	257
12	242
0	222
2	61
0	146
2	109
0	114
0	72
207	866
6	866
269	1213
0	1142
2	1123
0	1235
6	1168
0	0
0	7
0	5
0	0
0	0
0	43
0	36
0	5
0	26
0	18
0	25
0	36
0	35
0	0
0	43
0	35
0	36
0	36
0	7
0	0
0	0
0	6
0	6
0	5
1	1
0	0
0	2
0	2
0	1
225	79
0	0
0	79
0	0
0	0
0	0
3	1176
778	1175
3	841
6	1
249	825
10	812
7	112
3	207
0	252
0	289
0	53
0	0
0	263
0	156
247	1755
1	577
0	1632
4	1269
6	181
3	155
0	755
21	41
0	19
0	43
0	35
0	0
1	58
42	72
0	716
0	29
1	36
0	447
0	15
0	5
0	426
0	709
0	29
0	236
0	309
2	15
4	74
0	8
203	125
8	30
0	91
0	97
0	67
1	4
298	0
0	0
162	60
0	23
0	0
0	12
0	16
1	21
0	1
39	14
12	14
0	12
27	1
5	1
0	56
1	82
308	160
0	83
0	35
0	37
5	23
0	31
0	6
0	74
0	199
0	53
0	154
1	75
0	211
0	77
0	163
2	125
1	127
0	140
78	105
0	207
0	161
0	180
0	172
0	210
5	183
0	174
0	216
7	49
0	173
0	149
0	187
0	200
0	180
0	140
0	144
0	46
0	138
0	91
0	73
0	1
0	1
0	1
0	1
0	0
0	1
0	0
0	1
649	0
1	0
0	0
0	0
0	1
0	1
0	0
394	463
0	207
3	113
1	271
1	36
0	752
69	1555
0	583
0	1555
23	408
0	3
0	107
0	126
0	405
0	57
1	19
0	53
1	72
0	0
6	5
0	5
0	2
0	2
0	0
0	0
0	0
0	0
0	0
0	703
0	119
0	698
0	97
1	698
0	64
0	125
61	559
0	82
0	35
1	670
0	108
0	128
0	107
0	172
1	44
22	248
0	806
0	0
0	0
0	114
0	27
4	118
1	122
0	128
0	119
282	573
5	84
0	14
11	127
0	107
0	347
0	49
0	93
0	4
0	60
2	86
0	288
0	6
0	15
0	1
0	5
0	15
0	7
0	5
0	4
0	3
1	1
0	16
486	0
0	428
0	3
0	416
1	103
1	99
1	18
0	100
0	131
2	1679
0	1700
1	97
0	12
9	0
3	8
0	13
0	0
0	12
0	13
0	11
0	11
299	348
124	329
3	104
1	47
1	19
0	596
0	571
3	107
0	117
0	526
6	149
0	518
4	112
0	56
0	253
0	154
0	173
2	73
0	115
0	126
10	168
1	50
0	165
0	166
0	64
1	0
1	36
0	0
0	0
0	4
0	6
0	6
0	34
0	34
0	6
1	8
47	73
0	31
0	61
0	34
0	15
4	15
0	15
0	0
0	0
0	4
0	1
0	4
0	1121
0	74
0	68
0	1123
1	39
6	630
0	110
1	0
415	176
2	112
0	31
1	31
0	13
0	27
0	0
0	0
0	0
0	0
0	0
0	0
0	0
0	0
0	972
24	916
0	695
0	937
0	754
0	441
1	10
0	308
0	257
0	167
33	116
1	164
0	197
0	197
6	57
0	114
0	90
0	115
0	73
0	73
0	73
3	104
2	74
0	79
2	18
0	827
0	798
27	0
28	28
6	22
0	3
0	4
0	27
0	3
1	11
0	3
0	4
0	4
0	2
0	0
0	0
0	3
0	2
4	83
0	74
0	78
4	13
0	13
0	0
0	0
0	0
0	0
317	290
0	278
0	7
3	176
12	134
0	19
0	23
1	0
2	172
54	195
0	32
0	142
0	88
1	39
0	76
2	14
6	26
0	52
0	198
0	245
0	134
1	33
0	2
0	0
0	2
0	2
0	0
0	0
0	0
0	0
0	2
45	663
1	14
1	66
1	13
1	40
0	105
7	140
0	152
0	19
1	102
0	215
0	86
0	58
0	95
0	94
0	139
0	109
4	0
9	67
3	505
3	505
0	102
2	85
0	98
3	234
0	242
0	35
5	8
5	240
0	16
3	1090
0	1031
0	970
0	1099
0	1041
0	2
0	2
0	0
0	2
47	448
0	448
336	851
1	43
0	237
14	630
0	787
1	152
10	218
0	455
429	2860
0	183
0	226
0	182
0	334
3	365
14	2444
1	363
0	380
559	0
1304	59
504	254
11	160
0	160
0	94
0	954
3	2653
0	3948
65	4256
26	1671
0	4185
4	2473
0	210
0	1164
0	1164
0	2516
19	2786
0	2168
91	1486
0	77
0	235
0	224
0	117
0	209
0	134
14	94
0	234
4	160
0	103
0	65
0	19
0	85
0	44
0	47
827	354
6	129
0	209
2	111
0	87
0	0
2	0
2	0
1	2
0	3
0	1
760	0
8609	191
2	0
0	0
4	0
0	13
0	13
0	8
0	1
0	96
0	185
0	78
2	14
2	32
0	173
0	1
0	5
0	1
0	5
0	0
1	3
0	1
0	2
0	2
0	1
0	31
0	339
1	10
0	326
28	302
0	280
0	58
10	200
1	43
3	12
0	31
0	264
794	312
3	0
0	0
0	0
0	7
0	7
0	7
0	6
0	7
0	7
0	7
0	8
0	2
1	7
0	8
0	1
181	25
1	24
0	20
0	131
0	131
0	131
2	123
3	207
115	219
0	205
0	125
0	55
0	54
0	49
0	29
0	33
0	47
0	13
0	24
0	13
3	4
0	1
0	14
0	17
2	4
0	2
1	10
0	4
0	4
0	523
0	552
0	535
0	334
0	279
0	523
3	132
0	213
0	189
290	297
43	17
0	69
4	67
0	1
0	1
0	1
0	1
0	0
0	0
0	0
0	0
3	361
1	242
0	87
3	169
0	253
0	81
0	0
0	0
0	0
217	414
22	316
14	98
0	0
0	0
0	0
0	0
0	0
0	0
0	0
0	0
0	0
0	0
0	0
0	0
0	0
9	599
0	315
1	328
0	273
0	107
0	107
0	17
0	16
0	69
0	58
3	49
9	453
1	426
0	256
0	52
14	40
19	73
0	1718
0	0
295	152
0	126
1	108
0	134
0	65
0	0
0	163
441	308
6	306
9	12
71	232
1	81
36	6
0	2
0	2
0	2
0	0
130	127
0	34
0	38
1	19
0	26
0	45
0	49
0	2
0	22
0	1
0	1
0	87
159	1590
0	239
0	327
0	467
0	314
0	273
0	1265
0	62
0	10
0	118
0	1300
0	275
0	247
0	115
0	1298
0	101
0	304
0	340
0	187
0	266
0	1392
0	1207
4	1098
0	814
0	1130
0	638
15	947
13	161
4	92
0	71
0	37
0	372
101	690
0	111
0	187
1	59
1	80
0	178
0	40
0	140
19	127
0	34
0	260
0	24
1	11
0	23
0	52
0	87
0	32
0	14
0	28
0	13
0	10
0	0
0	0
0	256
9	1030
2	68
11	1044
0	21
0	14
15	1
1	11
0	28
2	28
0	1
0	0
3	2497
21	2511
5	2216
0	78
0	929
2	1325
0	139
2	796
0	98
0	169
0	24
2	22
2	19
0	129
2	405
5	383
0	33
0	59
5	23
7	26
0	0
0	0
2	0
1	4
1	45
0	4
0	613
0	781
0	67
0	93
0	83
0	748
0	49
0	784
4	118
0	74
4	9
2	44
1	739
0	53
0	73
1	59
0	82
3	42
0	41
3	17
1	144
0	0
291	50
2	50
1	22
0	633
0	616
0	616
0	252
0	249
0	195
0	87
0	70
0	68
0	37
0	31
0	15
0	7
0	7
2	7
1	2
0	746
0	35
4	739
0	109
1	90
1	74
1	725
0	1058
4	1320
1	91
0	88
0	0
2	2
0	2
0	1
0	1
0	2
0	0
0	2
5	135
0	135
1	115
0	325
1	370
1	309
0	181
0	107
1	104
6	97
0	34
0	32
0	32
0	6
0	5
0	0
0	1
0	3
0	1
0	1
0	4
0	1
0	0
0	3
0	3
0	3
0	2
92	146
0	39
0	118
0	73
2	44
0	26
0	0
0	0
0	0
0	0
0	0
0	0
0	0
0	0
86	36
135	0
139	278
2	298
0	281
0	301
1	281
0	29
0	135
12	52
28	27
0	554
3	546
3	432
2	187
0	164
0	117
0	24
0	96
0	89
1	0
2	0
0	54
0	108
0	73
0	60
0	86
0	88
0	49
0	23
13	1433
3	1433
0	153
0	11
0	4
0	11
0	115
2	111
0	11
2	625
0	22
0	147
0	24
0	210
6	616
0	20
0	187
0	181
1	240
0	83
0	821
0	601
0	790
0	130
0	192
0	377
0	220
0	190
24	285
0	441
0	328
0	88
0	168
1	232
2	77
3	114
4	72
0	98
0	556
0	12
0	2
2	11
3	12
0	2
0	3
0	3
1	0
0	2
3	2
1	11
1	6
0	0
0	252
0	254
0	11
0	33
0	54
2	243
0	108
0	287
2	43
0	40
1	16
1	33
0	21
4	23
0	51
0	38
0	60
0	0
0	204
0	231
16	108
9	108
14	25
0	17
1	29
0	27
0	3
83	2322
0	1949
6	414
230	1962
0	709
0	585
0	172
2	1715
1	177
0	593
0	1366
0	87
0	50
0	2
0	49
0	30
0	51
0	52
0	2
0	1
0	38
0	8
0	6
0	28
155	486
10	411
0	507
1	80
0	24
1	84
0	411
668	445
2	445
0	166
0	97
1	1
0	1
0	1
0	1
0	1
0	1
0	1
0	1
0	0
0	0
0	1
0	1
0	1
0	1
0	356
0	351
0	62
0	69
0	83
2	66
0	48
0	45
0	51
0	55
0	39
0	45
0	45
0	33
0	36
0	42
11	19
0	18
2	144
0	434
0	113
0	382
0	419
0	255
1	37
0	79
0	200
0	273
1	270
0	404
0	36
1	1
0	21
0	107
0	262
0	88
0	16
0	176
0	31
0	31
2	94
0	50
0	18
213	763
4	619
0	411
2	270
0	63
0	60
7	182
1	66
0	178
2	20
0	3
0	3
3	47
30	90
0	62
0	3
0	3
0	0
0	1198
0	1277
0	97
23	1209
0	1189
23	1046
6	71
5	92
2	101
39	444
0	0
0	0
0	0
0	0
0	0
0	0
0	0
0	0
0	2
0	0
17	2
0	0
0	0
2	657
122	658
5	386
29	388
4	169
0	476
7	27
6	202
0	169
1	48
1	48
4	57
7	22
4	22
1	462
431	0
1	392
11	391
4	23
0	55
0	395
357	657
0	157
3	495
0	61
0	285
0	0
0	0
0	0
0	0
0	0
0	0
0	0
0	0
0	0
0	0
0	0
0	0
0	0
0	0
0	0
0	1955
0	240
1	143
0	143
38	34
4	1898
0	1785
0	0
0	0
0	0
0	452
0	1
2	362
0	279
0	320
0	298
0	262
2	52
1	72
0	52
0	57
0	55
0	55
0	54
0	44
0	9
0	0
1	0
82	703
3	654
503	623
11	314
2	426
0	351
0	303
0	249
1	229
9	103
0	5
0	1
0	3
0	3
0	3
0	1
0	0
0	0
0	2
0	0
0	0
0	2
0	0
0	0
0	2
0	2
0	0
0	1
0	1
0	1
0	0
0	0
0	0
138	0
16	54
0	37
1	46
4	5
0	42
0	38
0	29
3	30
8	4
0	153
0	106
0	234
0	263
197	505
0	381
0	70
0	49
0	58
0	280
0	29
536	345
0	82
0	309
11	285
4	46
4	62
0	35
0	52
6	131
0	131
0	68
0	49
0	42
0	36
0	27
0	33
0	25
1	7
0	12
0	3
0	0
0	0
0	65
0	247
4	184
0	127
0	125
0	40
0	978
659	983
0	982
1	695
0	986
179	0
0	20
0	15
0	23
1	165
0	22
0	10
0	39
0	14
0	19
0	14
0	18
0	19
0	160
543	105
1	60
1	45
3	2
0	2
3700	0
0	531
8	5283
0	5567
0	6005
0	1772
1	5283
0	6018
479	0
0	541
0	544
1	110
0	57
3	611
1	1148
0	1133
45	109
0	71
0	92
0	1129
2	1119
2	2
0	1
0	0
0	1
0	0
6	71
0	49
7	137
0	37
0	63
4	2
3	1
23	15
795	30
0	30
24	9
102	35
0	35
0	0
0	152
0	183
0	190
0	104
0	4
0	204
0	105
168	6
0	1
1	4
19	45
0	1
2	18
54	69
3	29
1	41
0	1
1	0
1	2
0	2
0	3
0	3
0	2
0	0
0	1
2	289
4	240
6	156
1	209
0	109
0	396
0	331
0	140
0	297
0	747
0	572
0	165
0	307
0	64
0	304
0	824
0	401
1	65
0	617
0	154
0	36
0	315
0	156
1	375
0	444
1	344
1	0
5	99
5	355
0	747
0	727
0	34
0	2
0	2
0	2
6	21255
0	21296
0	5062
0	6245
0	22
0	121
0	79
81	136
0	109
6	72
0	45
0	14
23	686
4	176
7	666
1	188
4	353
1	64
0	585
1	229
1	1077
56	1098
57	958
25	957
9	1
0	222
0	158
1	110
0	16
1	30
5	57
0	139
0	5
5	1
0	0
0	1
0	0
0	31
2	1043
2	8
0	981
10	972
1	117
0	92
0	972
0	1043
2	11
0	109
0	116
1	106
0	9
0	9
0	7
0	86
5	4095
3	0
0	0
0	1
100	12
1	12
1	369
0	83
2	312
1	48
1	86
0	180
0	263
0	28
0	110
14	272
3	100
0	316
0	96
0	357
0	18
0	63
0	0
1	213
0	169
1	171
0	164
0	66
0	52
0	27
0	29
2	11
1	0
0	348
22	198
0	198
4	16
0	208
0	0
0	9
0	15
0	1
0	10
0	10
2	2
0	1
0	0
0	1
0	0
0	0
0	0
0	0
2	325
0	660
0	928
2	822
0	523
0	886
1	610
0	838
0	71
2	81
0	814
0	271
2	805
1	664
0	868
0	763
0	245
0	201
5	247
0	460
4	137
0	1
0	1
0	1
0	1
0	1
0	1
0	0
0	0
0	0
0	0
0	0
0	0
0	161
3	161
3	8
0	51
328	0
1	547
47	2252
1	897
1	587
0	2651
0	411
0	326
5	278
0	0
0	0
1783	1345
0	1028
2	1141
0	447
1	229
2	521
1	320
7	155
1	65
2	143
2	143
0	0
0	0
0	0
0	10
0	0
0	87
0	87
0	16
2	10
0	0
0	13
0	92
0	88
0	15
0	89
295	57
3	15
6	0
4	42
77	1582
8448	1855
0	725
0	968
2	495
15	273
163	4320
71	1634
0	3558
26	89
18	763
1	4101
27	598
0	808
41	14
0	14
0	0
1	15
0	15
0	14
0	0
2	12
0	14
0	3
0	0
0	10
1	1
0	1
1	3
0	1
0	0
0	414
0	240
0	219
0	110
0	166
0	424
4	94
0	10
0	6
0	643
8	645
0	104
2	64
0	599
0	646
18	585
264	617
4	415
0	437
3	83
1	6
0	93
0	4
0	0
0	5
0	94
0	67
0	12
0	5
0	5
0	5
0	5
2	0
0	14
0	9
0	13
2	8
0	91
0	1
0	941
19	846
1	846
0	889
26	194
0	99
0	0
0	0
0	225
0	1223
0	413
19	31
3	803
0	360
147	574
6	255
1	1054
0	3
3	17
0	13
0	2
0	9
27	1268
29	2740
7	1418
4	142
2	245
1	233
0	136
0	240
0	545
0	519
1	6
6	35
0	41
0	14
0	537
1	526
1	541
0	506
70	0
0	33
0	159
0	72
1	94
29	158
8	1
0	13
1	86
0	33
0	48
0	6
0	6
0	6
0	86
0	5
11	26
0	47
0	20
0	7
0	4
0	3
0	10
0	6
0	2
0	1
0	159
0	581
0	576
0	146
5	7
1	26
0	72
0	77
0	825
0	411
0	818
0	358
0	326
47	204
1	813
0	190
0	338
0	338
3	281
0	523
3	370
5	395
0	209
1	247
0	247
0	477
0	1
0	1
0	0
0	0
0	0
0	0
0	0
0	0
0	0
0	196
0	199
0	199
0	199
0	1
65	48
0	26
0	47
0	4
61	6
0	0
0	0
0	0
0	0
0	0
0	0
0	0
0	2
0	3
0	3
0	1
87	16
27	2
5	2
0	3
0	2
0	3
81	47
11	34
3	20
0	5
35	1892
1	1200
2	963
0	828
0	164
0	0
0	183
0	100
0	147
0	68
0	1810
0	606
438	341
1	240
0	101
1	671
1	777
0	678
39	778
0	784
0	655
0	141
0	176
0	272
0	801
44	77
1	6
0	6
0	65
4	323
0	208
0	293
0	60
0	0
1	0
0	0
0	0
0	242
0	241
0	240
14	145
17	124
1	86
0	123
0	130
42	59
3	13
0	197
38	104
7	4246
56	1962
3	68
0	3940
1369	878
0	849
7	878
8	656
2	508
6	51
0	265
1	102
0	80
0	4
0	479
98	0
0	0
0	0
0	0
0	0
0	0
0	0
0	0
0	0
0	0
0	86
138	208
10	184
0	177
0	170
2	7
3	159
0	42
0	30
0	35
0	54
0	30
0	21271
19	21509
0	4
11	606
0	132
3	16
0	612
0	3
0	302
0	29
102	571
13	571
154	89
7	345
0	125
0	95
0	46
0	247
0	208
1	71
0	166
0	159
0	136
0	96
0	80
0	5
0	120
0	162
2	64
0	7
0	19
2	43
4	130
0	1
0	0
0	0
0	1
0	1
0	0
0	1
0	1
0	1
0	1
0	1
0	0
0	0
0	0
0	0
0	1
0	1
0	1
0	0
0	0
0	1
0	1
0	1
0	1
0	0
0	0
0	1
0	0
0	1
44	254
2	18
5	198
4	238
0	23
50	713
0	524
0	644
0	655
0	208
0	213
0	94
1	39
0	85
2	49
0	44
2	40
1	83
43	78
4	17
0	44
16	35
0	68
0	42
0	38
5	11
4	4
0	0
0	9
5	24
7	3
11	16
0	1
0	1
0	0
0	1
0	0
0	0
0	0
0	4
0	4
0	4
0	4
0	2
0	4
0	4
0	4
0	0
0	0
0	0
0	4
0	4
0	4
0	2
7	30
1379	1192
0	160
0	801
0	582
24	821
0	451
0	0
0	0
0	0
0	4
11	4
0	2025
0	1242
2	91
0	76
9	4
0	46
0	71
2	5
0	65
0	26
0	1492
0	87
0	52
24	34
0	1472
0	291
0	1140
0	228
0	102
0	77
0	116
0	107
0	147
0	1476
0	1335
0	1113
0	140
0	0
0	0
0	0
0	0
0	0
0	0
0	0
0	0
322	40
1	21
0	19
0	28
1	11
0	28
2	810
0	994
17	567
3	123
4	600
11	326
0	665
95	1368
11	640
4	1352
1	1135
5	269
1	79
0	62
0	183
3	55
0	126
6	58
0	32
0	14
138	481
1	372
26	60
0	438
0	54
1	122
0	51
0	49
3	41
0	0
0	0
0	0
2	236
1006	2747
2	186
3	1148
0	2615
1	2440
1	211
0	131
6	108
35	0
4	1
0	1
0	0
0	0
0	166
0	14
1	0
0	148
0	166
0	9
0	19
1	34
0	21
1	17
0	222
0	227
0	108
0	98
0	13
0	111
0	1
0	0
0	111
0	7
0	0
0	2
0	2
0	2
0	0
0	4
0	13
0	38
3	26
0	43
0	45
0	42
0	33
0	10
0	2
22	3
0	1
0	101
0	25
0	8
0	0
0	41
0	101
11	2221
5	319
0	493
1	292
0	486
0	432
0	184
1	140
12	84
2	138
0	155
0	112
1	128
0	90
3	117
0	45
4	284
0	8
5	205
0	284
8	193
0	213
0	0
0	0
0	0
0	0
0	0
0	0
0	0
0	0
0	0
0	0
0	0
0	0
260	23
2	19
0	0
0	0
0	4
0	2
0	28
0	5
0	5
0	4
0	1
0	1
1	2
0	29
0	8
0	38
0	391
9	42
0	52
2	15
0	383
0	383
0	391
8	140
0	150
0	81
0	102
0	55
0	24
0	30
0	31
15	48
48	63
5	14
2	50
0	13
0	22
0	5
0	20
0	15
0	13
0	29
0	591
0	88
1	245
0	210
0	219
0	294
0	259
0	237
0	32
0	252
1	99
0	23
0	0
0	0
0	0
486	962
0	446
1	844
0	157
0	234
1	237
0	39
0	98
3	101
0	240
2	128
3	53
27	354
0	149
1	32
0	3
1	2
0	30
0	8
0	22
0	0
0	22
0	46
0	8
2	0
0	31
0	7
0	7
0	47
0	7
0	4
0	7
1	4
0	2
0	0
0	2
0	17
0	1
0	3
0	16
0	1
0	2
0	3
0	0
0	0
0	12
0	17
0	0
0	8
0	16
0	17
0	0
0	17
0	41
0	40
0	9
2	0
0	312
0	742
1	13
1	283
0	490
0	311
97	148
1	212
1	561
0	302
0	228
0	171
12	374
1	16
10	312
0	401
0	57
4	401
0	410
0	36
0	246
17	354
0	645
0	645
0	602
0	28
0	37
0	63
0	4
0	54
0	13
0	5
10	0
4	0
0	611
0	101
26	1394
0	799
0	1152
2	113
0	0
1	1333
4	1407
0	46
1	111
1	1030
1	400
0	810
0	812
0	282
0	89
0	0
112	726
1	719
0	86
2	100
0	79
0	57
0	34
0	74
4	74
2	74
0	7
0	3
0	0
0	944
0	950
0	4
1	6
0	737
0	307
2	280
0	103
0	42
0	25
0	374
0	377
0	184
0	3
0	18
0	18
0	187
0	15
2	33
0	11
0	14
0	57
0	6
0	1
0	4
0	5
0	5
0	5
0	5
0	1
0	6
0	4
0	1
0	4
0	2
0	7
0	8
0	60
0	0
69	443
0	409
0	389
6	0
0	111
108	111
0	727
0	543
0	102
0	631
9	9
0	562
0	734
0	514
0	0
0	622
1	0
0	622
0	2
0	0
0	37
0	622
0	12
0	3
0	4
0	714
0	622
0	0
0	23
0	0
0	0
0	552
0	550
0	555
0	619
6	174
0	600
0	605
0	55
0	619
0	82
0	552
0	111
0	49
0	19
1	1
0	605
0	574
0	600
0	516
0	588
0	98
0	97
2	342
0	13
0	125
0	524
0	351
0	32
0	314
0	24
0	240
0	223
1	66
3	109
1	151
0	136
1	78
0	116
0	115
0	117
0	53
0	27
0	64
0	63
0	6
2	29
0	36
0	5
0	10
21	65
0	149
0	78
0	102
0	113
0	66
0	78
0	116
0	159
0	121
0	108
0	33
0	52
0	94
0	29
0	40
0	38
0	31
0	19
0	15
0	12
0	25
0	30
0	18
0	21
0	21
0	14
0	13
0	16
0	10
1	12
0	14
0	10
0	9
0	8
0	1
0	38
1	720
0	3
0	723
0	162
0	354
0	300
5	361
0	336
0	342
0	307
8	298
0	304
0	39
4	106
44	64
0	39
3	30
3	11
0	0
0	62
0	13
1	41
0	36
0	60
0	60
0	58
0	15
0	24
0	4
1	11
0	6
0	0
0	0
0	0
0	0
0	0
0	0
670	16
0	16
1	0
1	386
903	388
5	231
3	76
0	98
642	185
2	41
9	82
0	162
0	0
0	0
0	0
0	0
0	145
0	171
0	165
0	131
0	108
0	15
0	45
0	63
0	4
0	86
0	13
0	14
0	10
0	16
0	15
0	7
0	26
1	37
0	8
0	14
0	34
0	21
0	28
0	6
0	9
0	16
0	11
0	9
0	9
0	16
0	7
0	7
0	18
0	17
0	4
1	10
0	8
0	8
0	7
0	8
0	8
0	19
0	8
0	14
0	12
0	13
0	7
0	15
0	9
0	4
0	9
0	7
0	12
0	12
0	13
0	8
0	5
0	1
0	1
0	1
0	32
0	9
0	3
0	8
0	8
0	7
0	8
0	1
0	1
0	2
0	0
0	0
0	0
0	0
0	0
0	0
0	0
0	0
0	258
6	172
2	176
0	176
7	172
0	0
1065	0
0	1172
0	1008
0	0
1	55
865	55
0	88
14	113
0	8
0	82
822	0
37	1618
0	448
0	134
0	14
2	1626
0	111
0	79
0	80
0	78
0	83
0	75
6	76
1	15
7	26
0	4
1	5
3	8
0	18
0	29
0	28
0	30
4	52
0	120
0	80
0	78
2	11
0	11
0	20
0	76
0	11
9	85
0	19
1	4
0	2
0	4
0	3
0	2
0	191
0	64
0	133
1	25
0	53
0	180
0	158
0	124
0	112
0	69
0	25
0	27
2	146
291	809
0	708
4	627
12	547
4	459
0	157
0	35
263	365
12	73
1	297
0	47
0	109
0	174
0	570
116	169
63	153
0	270
1	150
2	541
1	204
69	401
2	0
0	0
1	126
0	124
0	126
0	120
0	130
0	61
0	64
0	60
4	14
0	50
0	45
0	17
0	37
0	20
0	19
0	17
0	58
0	1397
4	540
0	1308
0	358
14	1288
0	377
5	1141
0	1133
1	256
0	1329
7	1309
0	391
2	152
4	302
8	186
0	105
0	91
0	81
7	275
2	121
1	236
0	223
3	79
4	119
3	71
27	30
16	36
8	53
6	116
10	230
57	42
0	7
1	188
13	147
3	78
0	186
0	5
0	23
1	17
0	13
0	3
0	3
0	3
0	1
0	3
0	0
0	0
0	2
0	0
0	0
0	0
8	23
2	27
6	234
4	1
0	229
1	212
0	221
0	117
0	229
0	44
3	28
0	21
0	31
2	10
1	14
0	80
2	99
0	124
0	178
0	229
0	0
0	0
0	0
0	0
0	0
0	0
0	0
1	816
115	4780
0	237
0	573
0	4497
0	652
0	640
0	594
0	38
0	40
0	578
0	0
0	38
0	41
0	48
0	55
0	27
0	54
0	56
1	34
0	45
0	589
0	62
0	0
4	215
0	47
0	204
0	580
0	18
0	32
0	45
8	163
0	173
2	22
6	70
0	26
0	116
2	18
465	118
0	116
0	49
1	56
0	13
1	13
0	4
2	0
0	0
36	632
0	630
0	302
1	162
0	103
0	8
0	8
2	162
0	162
0	339
2	323
22	15
0	260
0	21
0	32
42	244
15	252
67	8
8	671
0	65
0	552
0	12
1	674
0	13
0	16
0	18
0	17
0	1
0	1
0	0
0	44
115	55
2	53
101	236
0	43
10	214
0	16
0	18
0	13
1	12
947	0
323	0
0	0
0	0
0	35
105	58
0	886
0	884
4	884
26	787
0	817
0	110
1	19
2859	0
0	51
0	87
7	2232
2	1900
12	857
0	58
0	1552
7	1306
0	40
0	72
0	88
0	15
0	19
3	15
0	97
0	274
0	16
3	31
2	125
0	777
0	68
0	40
0	83
1	177
0	274
0	329
0	249
0	329
0	288
0	98
5	117
0	137
0	326
0	329
0	324
0	95
0	86
0	70
0	65
2	133
3	227
0	227
1	105
0	66
0	43
0	100
0	29
0	473
0	92
0	480
0	347
2	99
0	357
0	393
0	351
0	51
0	42
0	21
0	33
0	95
1	36
0	130
0	108
0	459
0	436
13	90
0	25
0	19
0	15
0	90
0	2
0	2
3	2
0	2
0	0
0	0
0	0
0	0
0	0
0	0
1	725
0	742
0	598
0	301
0	68
0	24
0	717
0	57
0	150
0	677
1	567
3	23
0	57
0	677
0	67
0	225
0	4
0	549
0	0
0	56
0	50
1	68
0	78
0	64
0	0
0	21
0	32
0	11
0	95
0	677
0	549
0	460
1	452
0	457
0	19
9	532
0	507
1	494
1	30
0	44
2	408
3	25
4	4
2	21
0	522
0	0
0	0
0	0
0	0
1	511
0	500
0	257
3	363
4	120
0	11
0	12
0	12
0	4
0	2
0	0
0	3
0	1
0	2
0	0
1	80
0	142
8	723
0	735
0	690
7	647
2	109
0	107
0	114
17	700
7	717
0	683
0	652
0	697
19	451
0	0
4	1898
0	231
4	280
0	360
0	553
0	1631
36	950
0	387
0	933
0	938
0	872
0	879
0	872
0	879
91	724
0	835
0	864
0	89
0	85
0	614
0	582
2	43
0	578
0	46
0	65
0	76
0	8
0	37
2	0
0	3
0	68
0	44
0	3
15	277
0	560
1	418
0	172
0	244
0	14
0	13
0	16
1	16
0	1
0	14
0	0
4	0
1	0
30	207
2	133
2	69
3	134
0	106
59	552
0	208
0	125
0	429
3	205
7	145
0	2
0	9
0	2
0	7
0	1
0	8
0	6
0	6
0	3
0	3
1	2
0	0
0	9
0	56
0	46
1	1
0	630
0	4
0	531
0	614
0	309
0	7
0	0
0	40
0	541
0	1030
1	996
0	1002
0	938
0	1000
1	48
0	242
0	251
0	157
0	3
14	3
23	0
0	51
0	2112
6	908
0	1103
0	929
0	316
0	316
0	260
2	259
0	189
1	73
0	610
0	357
0	430
0	210
0	151
0	61
0	1597
0	2114
26	214
1	1
17	222
0	26
0	8
0	2
3	82
0	1
0	26
41	160
9	184
0	315
36	223
0	325
0	296
1	165
0	81
0	76
0	74
0	95
0	50
0	94
0	65
0	78
0	329
0	219
0	2
1	0
0	1
0	2
35	121
0	121
2	118
0	25
1	14
0	21
8	94
0	0
0	0
0	0
1	15
77	133
0	3
0	11
0	2
0	1
2	119
0	1583
32	1556
0	1603
0	1117
0	168
26	439
2	325
4	168
0	399
0	1236
2	307
0	195
0	181
61	407
20	404
19	127
53	135
0	158
6	126
0	1571
35	1541
4	1541
13	217
0	640
14	113
15	172
0	49
0	0
0	0
0	0
0	0
0	0
0	0
0	1
0	1
0	1
0	0
0	0
0	0
0	0
0	0
0	0
0	0
0	0
4	421
11	426
6	411
6	1
0	0
0	0
0	2
0	0
0	0
0	0
0	0
371	831
0	664
6	783
1	198
0	280
0	823
4	218
1	574
0	0
0	8
0	1
0	2
0	0
0	6
0	8
0	2
0	8
0	5
0	1
2	5
0	2
0	2
1	4
0	4
0	3
0	2
0	2
0	0
12	189
0	865
3	417
0	595
0	624
22	879
0	76
0	56
0	117
0	160
0	122
15	167
1	90
0	85
0	14
0	22
1	22
0	21
0	13
0	11
0	9
0	9
0	5
0	4
0	3
1	2
0	1
0	1
0	1
0	1
0	1
0	0
0	1
0	1
0	1
0	1
0	1
0	0
0	0
0	0
0	0
0	0
0	0
0	0
0	199
0	23
0	201
0	194
0	193
3	218
0	219
2	225
0	216
0	180
0	29
0	222
0	222
0	186
0	227
0	23
0	209
0	190
0	185
0	17
0	145
5	121
0	31
0	16
0	19
0	20
0	24
0	1
1	50
248	13
2	1
0	13
0	0
0	0
0	0
0	0
0	0
0	0
0	0
0	0
0	0
0	0
0	0
0	0
0	549
2	549
0	219
1	20
0	560
0	20
0	37
0	34
0	397
1	407
1	7
0	25
0	23
1	32
2	3
0	9
1	27
0	549
0	533
0	164
0	147
0	842
0	833
0	780
0	1
0	1
258	775
0	741
8	766
1	22
0	49
0	35
0	14
12	77
1	59
0	48
2	1
0	1
24	15
72	86
1	86
0	0
0	247
0	247
0	157
1	52
0	26
1	50
0	46
0	45
0	35
0	40
1	27
39	8
3	8
0	3
0	143
328	201
0	171
0	171
6	79
1	53
0	9
0	111
0	5
0	86
0	214
0	793
1	0
1	220
2	92
0	97
0	158
0	1
0	149
0	99
0	162
0	146
0	27
0	110
0	111
3	205
0	703
0	9
0	9
0	38
0	31
0	423
339	456
0	262
0	36
1	13
313	411
0	5
1	159
0	140
0	296
1	286
0	306
5	173
0	87
0	86
0	439
0	310
0	38
0	1361
0	1218
8	629
0	233
1	231
27	236
0	1119
0	621
0	226
1	879
1	578
0	786
1	231
0	418
3	240
7	4
0	203
0	361
0	120
12	369
0	223
0	118
4	235
0	240
3	236
0	76
16	36
2	89
746	611
0	82
0	560
0	564
0	582
7	463
14	0
0	406
0	141
2	198
0	449
0	200
0	406
0	136
3	95
0	461
0	0
0	0
399	1957
0	55
2	654
6	632
3	175
0	832
0	514
54	92
0	71
1	91
1	29
0	3
1	10
1	7
0	1
1	7
0	0
1	1
0	48
0	151
7	285
0	289
15	285
0	32
0	3
0	7
0	298
0	138
0	65
1	17
0	43
0	9
0	7
0	28
0	32
0	242
0	279
30	300
0	22
0	12
0	39
0	41
0	7
0	63
1	41
1	34
0	23
1	25
1	22
1	19
0	19
0	19
2	154
0	2
0	30
1	645
0	266
0	68
0	0
0	38
0	5
0	68
0	187
0	49
0	94
0	150
0	643
0	77
0	213
0	137
76	208
1	19
0	0
1	0
0	52
1	52
0	4
961	152
258	705
0	706
1	100
12	171
1	181
0	346
1	43
0	117
0	14
0	346
1277	2425
611	2692
0	2052
1	125
0	233
0	189
0	224
0	278
0	114
0	79
0	197
934	186
0	53
4	5
0	77
0	116
0	35
0	1851
0	1845
0	569
0	136
0	48
0	54
0	52
0	30
0	16
14	1284
0	1561
0	604
3	477
9	115
3	126
0	79
0	105
0	12
0	32
0	34
1	23
3	7
2	134
0	1747
3	1667
0	207
4	293
12	197
0	142
0	138
913	69
0	67
166	3301
5	3155
2	2037
2	222
7	189
15	37
0	317
1	568
2	245
3	283
0	518
0	239
3	181
0	910
0	281
0	273
0	215
0	184
0	22
43	113
10	109
1	12
0	93
0	37
0	1
12	62
0	11
0	51
9	38
16	0
0	36
1	39
1	29
3	13
7	8
3	9
0	16
0	0
0	16
0	3
0	8
0	7
0	3
0	17
0	137
5	1027
5	103
0	20
0	12
0	1116
0	1092
2	6
0	29
0	48
0	26
3	13
0	1144
0	401
0	0
0	0
0	0
0	0
0	0
0	0
0	0
0	0
0	0
0	0
0	3
0	0
0	0
0	3
0	0
0	1
0	0
0	3
420	18
0	17
5	5519
0	5204
0	2795
0	594
0	221
0	398
0	379
0	107
2	146
0	331
2	0
0	5225
4	1591
31	1591
3	86
1	33
1	62
2	33
1	120
2	988
14	987
1	900
0	272
0	245
1	986
1	325
4	594
0	983
0	104
0	305
0	910
0	287
0	984
0	110
0	170
4	5
2	280
0	280
0	289
0	265
1	980
0	359
52	120
0	39
0	35
0	10
0	5
1	0
0	0
0	0
0	0
0	0
0	0
0	0
0	0
0	0
0	0
0	4
0	4
0	1535
0	1602
0	1481
0	686
1	301
2	141
0	130
0	118
2	88
0	84
0	53
0	655
0	588
0	11
0	11
0	0
0	0
0	0
0	0
1	29
0	106
0	1086
0	270
0	130
0	136
4	136
0	127
1	54
1	106
1	106
0	78
1	58
0	460
0	129
2	1
0	48
0	525
0	1058
0	99
0	96
0	974
0	0
0	0
2	84
3	91
1	221
0	236
1	240
0	198
0	10
0	14
10	8
3	22
0	137
1	0
0	0
4	300
7	365
2	137
0	66
0	1
0	1
0	1
0	1
0	0
0	0
0	0
0	1063
0	1063
1	357
3	340
0	422
0	40
0	189
1	109
0	205
0	128
0	90
1	128
0	735
170	863
0	72
0	11
1	6
0	93
0	82
2	55
4	758
14	609
5	186
0	52
16	613
2	89
3	66
12	521
2	93
0	0
0	0
2	1
0	1
0	1
0	1
0	0
0	1
0	1
0	0
0	0
0	0
0	0
0	0
0	0
0	0
0	0
0	0
0	0
0	0
0	0
0	0
0	0
63	202
0	191
2	14
2	137
7	51
0	2
1215	700
1	57
0	41
6	178
0	144
14	552
0	63
1	60
0	54
0	83
0	57
1	90
1781	640
1	166
0	597
0	484
83	1001
0	30
0	7
0	836
0	190
0	399
0	150
0	81
3	138
0	178
73	261
0	74
4	11
0	98
0	33
0	229
0	0
0	34
18	34
2	1010
5	165
4	157
0	160
3	950
0	160
4	142
0	48
0	45
0	11
0	4
0	3
0	3
0	2
0	3
0	4
0	5
0	9
0	2
0	48
0	3
0	3
0	5
0	18
0	9
0	14
0	44
0	11
0	3
0	1
0	5
0	2
0	45
0	12
0	44
0	9
1	8
1	1
0	8
0	8
0	10
0	11
0	45
0	0
0	0
0	0
0	0
0	0
0	0
0	0
0	28
0	0
148	59
0	32
1	35
0	29
0	54
1	6
0	5
0	20
0	0
0	0
0	1
0	1
0	0
0	12
1	11
0	0
0	0
0	0
0	0
0	0
0	0
0	901
22	901
0	260
0	124
0	903
1	171
0	192
0	133
0	200
0	237
2	484
10	677
2	193
13	109
2	60
0	17
4	343
0	26
0	104
0	0
0	0
0	0
0	0
0	0
2	599
4	0
0	0
851	90
1	60
0	79
0	79
0	78
0	58
1	54
2	21
0	2
0	2
0	0
0	0
0	0
3	1
0	0
0	2
0	1
0	1
0	0
0	0
0	0
0	0
0	0
0	0
0	884
1	734
0	813
1	233
0	829
2	727
0	115
0	578
0	0
0	0
0	0
0	0
1	38
0	0
0	0
0	0
1	0
0	0
0	0
0	0
0	0
0	0
0	0
6	152
3	57
1	134
0	16
0	19
0	106
0	7
0	162
2	129
0	91
0	84
0	93
1	99
0	29
0	74
0	27
1	8
0	10
0	151
0	44
0	3
0	4
0	2
1	3
0	43
0	3
0	13
0	40
0	13
1	35
0	7
3	7
0	1
2	2
0	0
0	0
0	0
0	0
1251	2672
20	1503
0	1195
0	1084
3	935
1	570
4	105
0	0
1	2
1	20
0	4
0	18
0	0
0	0
0	70
5	79
0	66
0	7
1	15
0	13
3	533
0	61
0	456
1	518
2	485
1	66
0	21
0	68
0	108
0	36
5	157
0	499
0	1
0	0
674	1330
0	1145
14	212
0	123
0	102
0	155
0	174
0	27
2	16
1	1
0	0
0	0
0	124
9	124
4	79
0	52
0	51
1	49
0	10
0	6
0	3
0	1
0	2
0	31
0	20
0	24
0	17
0	48
0	14
0	21
0	1
0	1
0	1
0	0
691	0
0	0
0	27
0	0
0	0
0	0
0	27
0	0
2	4
0	11
1	0
0	9
0	106
6	846
0	853
0	876
0	815
0	590
24	277
0	0
1	40
19	708
8	299
0	615
0	20
0	51
1	183
0	281
0	83
0	55
0	48
0	26
0	8
1285	329
14	127
3	186
4	16
0	33
9	145
1	147
0	15
1026	6331
3	924
0	6331
3	8
1	1
0	3
0	3
0	7
0	1
0	0
0	0
1	1647
0	1768
2	660
2	175
0	425
0	69
0	74
15	95
14	213
0	588
0	624
13	639
587	0
5	0
210	0
25	145
87	540
0	132
18	417
0	0
0	0
0	220
0	239
0	215
13	213
11	245
0	222
6	77
0	7
0	78
0	6
0	60
0	45
0	358
3	349
0	38
0	26
206	146
1	431
1	383
1	2
2	50
0	17
0	866
25	1336
0	1346
0	109
0	767
0	14
0	165
0	186
0	80
0	207
0	82
0	163
1	34
0	1276
0	235
1	53
0	242
21	269
16	79
0	189
0	247
4	233
0	99
1	127
8	11
1	10
0	14
0	13
0	12
0	9
0	13
0	14
7	15
0	12
0	13
0	14
0	12
0	10
0	10
0	12
0	9
0	9
0	4
0	3
0	3
0	340
0	358
9	304
0	48
6	1
4	206
1	245
0	308
0	287
0	280
0	197
0	170
4	46
0	32
0	64
0	15
0	33
0	56
0	30
2	36
0	10
2	36
1	7
4	25
0	6
0	12
6	13
0	12
0	7
0	279
0	306
11	1827
0	1795
3	1681
0	247
0	202
1	418
1	34
0	138
0	185
0	42
0	1
0	1
0	248
0	247
0	249
0	247
0	241
0	249
0	246
1	247
0	239
0	8
1	32
0	13
0	9
0	89
2	0
0	86
0	8
1	0
0	75
5	74
0	74
0	17
0	1
1	0
0	0
85	144
0	10
0	0
0	76
0	5
0	14
0	71
19	478
88	499
23	42
0	40
0	2
9	1259
1209	1377
0	240
6	256
1	177
18	118
0	25
0	732
15	579
0	128
13	450
1	731
0	84
39	98
0	70
5	3
0	3
0	337
124	1098
2	156
3	533
13	156
0	201
1	287
0	256
3	214
2	552
414	552
2	204
0	117
0	204
0	0
1	0
0	0
0	0
0	0
0	0
0	0
0	0
0	304
0	241
9	253
0	230
1	59
0	108
6	191
1	0
0	293
0	60
0	197
0	192
0	154
0	154
0	156
0	192
0	200
0	32
0	171
4	120
0	106
0	199
0	160
2	23
0	180
0	18
0	57
2	53
0	54
0	100
0	177
0	51
0	22
0	26
0	161
0	14
0	177
0	110
10	158
0	55
1	126
0	0
0	0
1	0
3	184
4	184
633	222
1	18
0	177
0	18
0	0
0	27
2	2
6	254
0	254
1	13
0	21
0	13
0	7
0	143
6	188
23	188
0	14
4	10
7	102
0	76
0	34
0	0
0	0
0	0
0	0
0	0
0	0
0	0
0	0
0	0
0	0
0	0
0	0
0	0
0	0
0	0
0	0
0	0
0	0
0	0
0	0
0	0
0	0
0	0
0	0
0	0
0	0
0	0
0	0
0	0
1	85
0	95
0	95
0	69
0	64
0	73
0	72
0	73
0	63
0	63
4	11
5	24
0	37
6	14
0	27
6	26
0	18
8	13
0	16
0	16
0	5
0	10
0	0
0	0
0	1
0	2
0	1
0	1
0	1
0	1
0	0
0	0
0	0
0	1
0	1
0	1
0	1
4	2985
95	2985
0	81
0	7
0	76
0	29
14	10
0	6
0	86
58	208
0	202
0	161
0	111
0	98
0	54
0	1
0	12
0	11
1	11
0	4
0	8
0	2
0	0
0	2
0	1
0	1
0	0
695	1390
0	1348
8	1396
0	1351
0	1307
0	1386
0	1348
0	1335
0	1318
0	1231
1	234
0	846
1	174
9	178
10	106
0	71
0	51
2	11
0	14
0	3
51	249
43	249
2	31
0	954
0	892
0	143
0	303
1	154
31	657
0	835
0	112
0	424
0	277
0	188
0	335
0	867
0	911
0	723
0	173
0	177
0	209
0	55
0	247
0	209
0	815
0	191
0	327
0	902
0	815
0	798
0	857
0	323
0	158
0	179
0	140
0	127
0	533
1	64
2	5
0	5
0	5
0	4
0	0
0	0
0	2
0	0
0	0
0	0
1	2
5	1
4	1
0	0
0	0
0	1
1	0
0	230
2	232
0	168
0	58
0	58
2	7
0	7
0	16
0	62
0	54
0	53
0	8
5	53
0	0
0	0
85	12
108	158
0	158
0	59
0	3282
0	417
0	539
0	2916
0	3045
74	8
2	8
0	1
0	1
0	1
0	0
0	0
0	1
0	1
0	1
0	0
0	0
0	0
0	0
0	0
0	0
0	0
0	0
0	1
0	1
2	781
23	805
2	221
1	249
0	133
0	238
0	374
5	127
0	214
5	24
1	0
0	24
1	391
0	340
0	203
0	155
0	158
0	184
0	168
0	371
4	123
1	15
0	191
0	87
0	344
0	347
0	0
0	1
0	0
0	1
0	0
1	8
0	8
0	6
0	0
0	1010
23	77
1	163
1	44
0	982
0	922
0	1
0	2
0	2
14	521
0	521
0	510
0	98
5	301
0	79
1	54
0	43
1	3
1	51
0	49
20	91
0	7
0	9
1	4
1	0
1	4
1	27
0	5
0	15
0	24
32	465
0	40
1	460
0	389
1	205
0	13
0	92
0	1
107	139
1	116
0	9
0	8
0	6
0	77
0	271
5	14
0	24
0	23
0	28
0	26
0	80
0	277
0	33
0	77
0	77
0	77
0	112
0	0
0	5
0	10
0	3
0	8
0	5
0	7
0	8
0	3
0	0
0	0
0	6
0	11
0	13
0	16
0	9
0	10
0	8
0	8
0	9
0	9
0	9
0	4
0	4
0	7
0	4
0	2
0	7
0	4
0	4
0	2
0	7
0	0
0	1
0	1
0	0
0	2
0	0
97	61
0	47
4	40
1	0
0	294
0	261
0	299
0	290
0	292
0	314
0	290
2	291
0	294
0	293
0	290
1	293
0	170
0	183
0	102
126	173
7	156
9	150
17	134
1	81
0	89
0	14
0	30
0	13
0	86
1	39
0	24
3	27
0	16
0	14
0	13
0	2
1	3
506	469
0	168
0	184
2	56
26	16
22	68
0	20
0	0
0	57
0	232
0	237
0	0
0	5
0	232
1	219
0	23
17	254
41	199
0	211
3	163
0	1
0	38
1	14
0	5
21	303
0	303
0	143
4	15
0	47
0	0
0	0
0	0
0	0
0	0
0	0
0	2
0	4
3	2
0	0
0	4
0	4
0	4
0	4
0	1
0	1
0	1
0	0
0	1
0	1
0	0
0	1
0	76
0	61
0	250
171	309
0	12
2	26
0	53
0	0
2	360
1	41
0	122
0	366
0	53
3	358
2	83
0	83
5	39
1	39
0	40
1	19
1	8
0	615
0	633
3	613
9	189
0	207
0	58
0	629
0	785
0	0
0	0
0	0
0	0
20	786
176	53
0	7
0	15
0	45
1	14
0	22
2134	4379
7	130
7	2659
0	455
5	105
0	32
0	11
37	282
0	263
0	237
0	187
6	202
4	175
1	191
0	97
4	33
0	58
0	214
0	1
0	50
0	29
23	106
2	105
0	45
0	91
4	22
0	10
11	30
1	511
0	43
1	56
0	479
0	470
0	40
0	137
8	126
0	92
1	124
6	96
9	133
0	502
0	475
0	102
43	856
0	354
0	750
0	63
0	197
0	141
3	57
0	41
2	1
1	91
0	0
0	0
0	23
0	23
0	23
0	23
0	24
0	24
0	24
0	23
0	23
0	23
0	23
0	23
0	23
0	23
0	23
0	23
1	23
0	0
0	0
0	0
0	0
8	240
0	240
0	217
76	1670
0	326
0	136
0	463
2	169
8	1415
0	455
0	145
0	1096
4	190
0	279
0	186
0	1
0	1
0	1
0	1
0	1
0	1
1	0
0	1
3	29
0	29
0	3
0	29
0	17
0	7
0	64
0	62
0	61
0	62
0	61
0	35
0	12
0	27
0	20
0	3
0	3
0	2
0	1
0	2
0	9
0	3
0	5
0	5
0	3
0	62
0	367
0	431
0	468
0	426
8	426
5	413
0	145
3	105
0	235
1	77
1	145
0	102
0	92
3	40
8	10
0	1
3	23
0	23
0	18
0	1
0	9
0	49
0	53
0	16
0	16
0	47
0	8
0	15
0	11
1	2
0	1
0	9
0	0
0	0
0	543
2	279
0	278
0	0
0	2
0	8
0	7
0	545
89	601
7	601
26	633
1	535
3	523
0	140
1	198
0	15
0	15
0	5
0	6
0	15
0	208
3	0
0	209
1	208
0	319
0	334
1	136
0	69
0	27
0	65
0	125
3	34
3	9
1	21
8	12
0	21
1	98
2	3
0	138
1	49
1	49
4	33
1	41
0	66
1	86
0	16
0	66
0	125
0	115
218	125
0	12
0	20
0	19
0	84
0	0
0	0
0	0
0	0
0	0
0	0
303	1924
0	595
2	306
0	1891
0	350
2	92
7	143
2140	374
1	279
3	314
0	3
2	3
0	2
0	3
0	3
0	0
0	1
0	1
0	0
0	1
0	595
0	604
0	623
0	610
0	570
2	603
0	601
0	601
0	518
0	595
0	600
0	388
0	0
31	134
0	7
0	26
1	101
0	125
0	32
0	9
0	10
0	4
0	6
0	0
247	565
0	318
15	376
6	113
0	349
0	191
2	36
0	810
13	781
0	406
8	516
5	47
2	210
9	55
0	23
0	78
0	54
0	84
0	82
0	11
0	11
0	31
0	22
0	12
0	34
0	10
0	13
0	8
0	80
0	70
0	73
13	6
7	1
0	1
0	3
0	2
0	174
22	190
0	109
0	21
0	30
0	26
8	31
39	279
0	242
0	208
0	222
0	228
2	220
12	130
4	162
4	129
0	1
2	26
898	2215
0	2121
0	463
9	415
102	462
1	84
5	133
92	119
0	74
0	15
0	1
0	132
122	227
3	167
111	1185
43	939
2	342
0	60
7	87
15	141
0	40
3	125
0	18
0	53
1	244
1	156
92	306
0	90
30	171
1270	2187
1	2187
2	1843
0	1019
232	431
1	132
6	202
0	50
0	21
1	49
0	39
1	188
0	40
0	29
1	13
0	46
5	44
0	33
4	249
0	242
0	24
0	123
1	9
0	2
0	358
1	27
0	380
12	111
0	258
2	292
0	197
0	54
3	12
0	40
0	20
2	22
0	8
0	4
1	21
0	30
0	32
0	29
43	225
204	122
0	6
3	1
0	16
0	14
0	0
0	15
0	40
0	36
330	249
0	228
10	34
5	21
0	1
4	1
0	2
1	3
0	0
0	1
0	0
0	0
0	0
0	0
0	0
0	0
0	0
0	0
0	0
0	0
0	0
0	0
0	0
0	0
0	202
1	200
0	409
0	179
0	5
0	11
0	5
1	43
0	7
0	0
0	43
0	232
0	246
4	193
15	83
0	99
2	37
0	21
2	668
0	1351
0	431
0	476
0	960
16	1438
4	280
0	1014
0	103
0	126
0	17
1	205
0	209
3	82
0	160
0	219
0	139
1	142
2	77
0	523
0	577
0	551
0	3
1	4
0	109
0	51
3	1
8	22
0	64
0	27
0	26
4	52
0	82
6	242
0	71
0	110
1	953
0	952
0	572
3	929
0	953
0	0
0	0
0	70
88	98
0	79
0	35
0	24
0	6
0	8
0	6
0	6
0	7
0	4
0	0
0	0
0	7
0	4
0	89
0	28
0	26
0	418
0	178
0	272
0	225
0	42
0	20
67	225
0	45
0	30
0	48
0	46
5	20
39	132
0	678
0	676
0	312
0	57
0	185
7	662
1	417
0	233
0	107
0	308
0	279
0	25
0	324
0	123
0	147
0	584
0	146
0	154
1	213
6	47
1	188
0	34
0	34
0	37
0	33
0	31
0	32
0	33
0	36
0	30
0	24
0	20
0	19
0	20
0	19
0	18
0	187
342	0
0	0
0	0
0	0
0	0
0	0
0	0
0	0
0	0
145	559
0	529
0	161
0	129
0	136
0	0
5	12
1	211
0	63
0	120
0	123
0	120
0	2073
3	541
5	2808
0	2779
2	2191
14	953
2	2738
0	2392
1	885
1	1837
1428	2896
0	2826
0	152
1	284
0	393
4	285
1	201
0	167
0	89
0	106
0	97
0	106
0	97
0	50
404	174
0	38
0	136
407	298
0	38
0	79
0	50
5	162
73	81
1	6
0	17
0	17
1	14
0	17
0	8
1	4
0	57
0	29
0	53
3	3
87	331
1	305
0	326
1	83
0	196
0	184
3	40
0	160
0	76
0	29
0	11
0	0
0	0
1	1247
3	437
1	357
0	1247
2	0
0	173
0	163
0	32
0	134
0	68
0	67
0	25
0	30
0	11
0	11
0	172
4	172
0	167
0	167
0	7
0	172
0	28
0	28
0	6
0	8
0	4
0	755
0	744
1	69
0	765
16	1943
0	510
0	371
3	561
0	526
18	572
0	608
0	275
3	343
0	626
2	1952
798	534
2	507
7	14
0	312
0	354
3	141
6	140
33	53
0	50
0	58
0	56
1	0
0	0
0	0
0	0
0	0
0	1
0	0
0	1
0	0
0	0
0	0
0	0
0	0
0	0
0	0
0	0
0	0
0	0
0	0
0	0
0	0
0	0
0	0
0	0
0	0
0	0
0	0
0	0
0	0
0	0
0	0
1	0
206	96
1	85
0	85
0	40
2	24
606	1493
0	1314
0	465
0	2
0	2
0	2
0	378
10	552
0	535
0	0
0	0
0	0
0	0
0	0
0	0
1	0
0	0
0	0
0	0
0	0
0	0
0	0
0	0
0	6
0	246
0	264
5	43
0	14
0	134
0	53
0	157
0	21
2	6
0	30
0	32
1	29
3	90
6	0
0	88
10	1
0	1
0	2
0	3
0	6
0	3
0	3
0	1
0	2
0	2
0	0
0	0
0	1
1	73
31	73
0	934
16	139
284	139
246	0
0	4
0	0
0	0
0	0
0	0
0	0
0	0
0	0
0	0
0	0
0	0
0	0
0	0
0	0
0	0
0	0
0	0
0	0
0	0
0	0
0	4
0	4
0	102
0	20
0	22
0	44
0	75
0	47
0	75
0	35
2	99
0	34
0	78
0	21
0	21
0	0
0	1
0	0
0	2
0	0
1	2
0	0
0	0
0	0
0	0
0	0
0	0
0	1
0	0
0	0
0	2
0	2
0	216
1	216
0	580
31	725
1	539
5	212
0	43
2	60
2	45
0	14
0	0
3	12
0	0
0	0
0	0
0	0
0	2
0	0
0	3
0	2
0	9
0	13
1	10
1	9
0	4
0	62
0	500
0	16
0	46
0	117
0	70
0	63
0	136
0	62
3	53
0	56
0	485
0	67
0	15
0	21
0	57
3	66
0	64
0	47
0	32
4	54
0	0
0	0
0	0
1	357
82	278
0	335
4	299
0	294
0	55
2	106
0	70
0	41
0	44
2	34
0	61
1	72
0	36
0	0
146	944
1	65
0	880
13	885
2	51
3	67
1	87
290	351
0	335
1	77
280	16
0	1
0	1
0	2
5	4
0	4
0	0
0	0
0	4
0	1
0	1
4	1506
9	1453
7	1028
53	1474
157	900
0	98
0	52
0	405
0	72
0	52
0	798
8	29
3	76
0	95
11	440
1822	2617
1	388
0	2622
0	95
4	174
0	1
0	0
0	86
0	15
0	174
0	174
0	168
0	174
0	174
0	166
0	174
0	174
1	203
0	185
1	184
0	167
0	124
2	139
0	146
0	80
0	136
1	107
0	34
0	10
0	27
9	3
0	3
0	1
0	1
0	1
0	1
0	0
0	4499
1309	5619
0	4192
0	3956
9	340
0	171
0	263
0	538
2	315
0	162
8	713
0	5218
0	0
0	6
0	6
0	6
0	7
2	6
0	0
6	8
0	7
0	7
0	8
0	7
0	7
0	1126
2	449
0	141
0	26
0	1126
0	2335
46	2334
0	2299
0	360
0	120
3	1203
7	47
2	157
5	38
26	0
3	10
0	10
0	0
223	0
11	901
0	1397
0	1257
0	1528
1	698
0	778
0	1143
1	138
0	1261
0	584
1	1392
0	1097
0	238
0	458
71	344
0	1270
0	264
0	28
0	1
0	1
0	1
0	50
100	230
0	171
0	107
6	108
15	200
18	5
0	199
6	20
63	184
1	184
0	2295
0	2264
0	1069
0	2256
5	928
8	1451
0	1223
0	1666
0	1030
300	139
0	133
0	98
0	64
2	32
1	70
0	165
0	609
0	833
48	421
4	66
0	789
1	755
3	49
0	26
0	116
0	50
98	0
0	0
0	0
0	0
0	0
0	0
0	0
0	0
0	0
0	0
0	0
0	0
0	0
0	0
0	0
0	0
0	0
0	0
0	0
1	15
8	3192
2	760
22	3187
0	333
0	62
0	380
0	747
16	3188
0	512
13	886
1	13
0	11
0	603
0	781
1	53
0	736
1	383
1	6
0	23
0	23
0	22
0	22
0	21
2	2
0	1
0	1
0	1
130	20
11	199
0	973
0	270
0	521
0	275
27	862
0	966
0	965
0	1
1	1
0	0
0	0
0	0
151	612
0	592
9	455
0	193
0	420
0	416
0	358
0	415
0	303
0	452
0	310
0	357
0	297
0	348
0	357
0	384
2	438
0	88
0	1
0	401
0	448
0	435
0	489
0	413
0	430
0	372
0	459
0	353
0	418
0	63
0	112
0	546
0	379
0	353
0	108
0	308
0	327
0	403
0	374
0	412
0	23
0	189
0	390
0	329
0	102
0	56
0	54
0	25
0	28
0	27
0	181
0	167
0	182
0	14
5	225
0	220
0	232
0	233
2	139
0	43
0	40
0	20
0	16
0	5
0	0
0	0
0	1
0	1
2	2
0	2
0	0
0	1
0	512
3	80
0	131
2	119
2	150
35	483
0	38
277	64
0	29
0	30
0	24
0	81
4	615
1	615
0	623
0	0
0	0
0	0
0	0
0	0
0	0
0	0
0	0
0	0
0	0
0	0
0	0
0	0
73	287
0	475
0	458
0	592
5	210
1	465
0	416
2	342
0	160
0	184
1	143
0	198
3	29
0	111
0	71
0	18
0	1
0	1
1	0
43	0
16	5
0	5
0	5
0	0
0	0
5	16
0	16
0	118
0	201
0	272
0	278
0	207
2	103
10	86
0	14
0	0
0	0
0	0
14	8
0	6
0	18
42	11
2	28
1	24
2	38
56	321
1	287
0	42
0	4
0	12
0	84
0	16
0	6
0	9
2	324
300	190
8	16
2	174
0	0
0	0
0	0
0	0
0	0
0	1232
0	1004
4	899
0	120
0	620
0	90
26	235
0	72
1	6
0	0
0	1283
0	1318
0	1286
0	11
58	49
5	3
0	7
0	6
0	4
0	4
0	0
0	48
2	36
0	36
424	111
7	35
0	76
1	32
0	594
0	139
0	253
28	0
0	537
0	85
0	55
0	467
0	212
28	555
0	158
7	47
0	0
0	8
0	8
0	8
1	0
179	3
0	490
1	51
10	493
0	19
0	19
0	2
1	19
0	0
0	2
0	19
0	19
0	315
2	3
0	17
0	24
0	301
0	128
0	27
0	11
0	26
470	591
0	542
0	387
0	513
0	162
3	114
0	79
0	34
0	10
24	5
0	5
3	386
665	408
4	40
4	92
39	181
1	176
2	163
0	71
0	136
0	24
0	138
0	85
159	137
0	87
2	7
0	31
25	56
0	44
0	49
0	40
1	9
0	33
0	2
0	22
0	22
2	3
0	7
1	2
0	3
0	3
0	0
60	88
43	87
0	38
1	11
0	1
0	1
0	0
0	0
0	0
0	0
0	0
0	0
0	0
0	0
2	0
0	0
0	0
0	9
6	11
0	11
0	0
0	11
0	0
0	0
0	0
0	0
0	1
0	9
0	6
0	16
0	3
0	0
0	1
0	17
0	1
0	0
0	0
0	0
0	1
0	1
0	0
0	0
0	0
0	369
0	318
4	3849
0	269
0	578
5	202
172	548
0	3029
7	437
0	2605
1	2031
0	408
0	283
1	338
2	565
0	742
27	238
6	295
3	69
1	111
7	194
0	3630
137	0
0	102
0	199
7	216
0	212
0	188
9	116
1	178
0	191
1	153
0	119
0	67
2	88
0	165
0	170
1	40
1	18
431	1305
29	1278
0	988
0	491
0	249
0	202
0	208
0	0
0	0
0	0
0	0
0	6
11	238
0	162
0	48
0	127
0	6
0	14
1	21
0	29
1	130
0	154
0	145
7	157
0	26
0	9
0	12
0	16
0	11
0	5
0	140
0	44
0	45
0	9
33	0
1640	729
31	729
0	0
0	0
0	0
0	0
0	0
0	0
0	0
0	0
0	0
0	0
0	0
0	3
0	3
0	3
1	3
0	0
0	3
0	0
0	1
0	0
2	9
0	0
0	0
1	0
0	0
0	3
0	0
0	6
4	5
0	1
0	1
0	2
0	1
0	0
0	0
0	0
69	87
0	47
0	63
0	74
0	59
0	67
2	17
0	18
0	8
0	3
0	8
0	3
0	4
0	4
2	0
0	787
0	745
0	867
0	746
0	711
0	855
6	855
0	129
2	364
1	396
6	324
0	21
0	23
0	192
0	0
0	106
0	23
5	12
29	20
19	0
8	10
0	333
0	377
0	435
323	131
1	131
3	19
1	6
0	101
0	25
1	25
143	247
0	247
0	247
4	9
0	1077
4	1060
0	930
0	949
0	380
0	176
6	362
0	157
1	282
0	174
0	146
1	56
0	55
0	965
0	0
0	0
0	268
0	249
67	889
0	889
0	0
1	1
0	1
0	1
0	1
0	1
0	1
0	0
0	0
0	0
0	0
0	1
6	646
0	605
1	520
0	472
0	449
0	341
0	402
0	44
0	229
0	30
0	188
1	202
0	207
0	105
0	78
2	40
0	0
0	0
0	0
0	0
0	0
1	1
336	180
0	67
1	113
1	0
0	2
0	2
0	2
0	0
0	2
1	2
6	1506
0	0
0	0
0	0
0	1
0	0
0	0
0	131
0	482
0	38
0	442
0	56
0	472
0	56
0	55
0	35
0	36
1	340
0	16
1	169
0	67
2	36
0	16
0	26
0	40
0	77
0	46
0	472
722	0
0	1
0	1
0	0
0	1
0	2
34	2
7	50
0	26
0	41
0	55
0	21
0	22
0	32
69	76
0	29
0	95
1	95
0	20
3	80
0	2
0	6
2	19
64	98
2	23
0	81
1	21
2	47
2	1
0	1
2704	0
215	153
475	111
0	135
0	33
2	1
0	963
0	76
0	914
0	747
1	42
0	985
0	954
0	6
0	35
0	969
0	45
0	44
0	16
0	964
0	980
1	44
0	96
0	44
1	60
0	981
0	92
0	925
0	126
0	973
0	122
9	108
9	183
4	162
0	89
4	53
0	976
0	43
0	444
181	141
14	141
0	46
0	61
0	0
0	0
0	0
0	0
1	289
0	62
24	387
0	177
1	13
0	194
0	238
0	196
0	92
1	331
0	306
0	105
0	181
0	331
1	63
1	58
0	0
0	0
0	35
517	35
141	379
0	379
0	282
0	144
0	148
0	209
14	147
0	640
0	672
5	21
0	71
2	60
3	0
0	0
0	0
1	993
23	581
0	949
1	906
6	1043
0	842
0	829
0	93
0	191
6	129
0	93
0	71
0	67
1	65
0	108
0	71
0	32
0	108
0	88
0	0
0	53
0	62
0	62
0	97
0	97
0	57
0	57
0	57
0	54
0	52
0	33
0	49
0	31
0	28
11	1015
0	1051
0	3218
0	3292
0	2874
2	3064
0	3052
0	3100
0	3051
0	3132
0	3182
0	2102
0	1783
0	1469
0	1217
0	1386
0	530
6	293
3	344
0	261
0	167
4	879
1641	1049
2	867
21	157
0	259
0	1050
1	0
0	1044
0	264
1	61
1	38
2	55
8	1742
0	85
0	73
3	38
0	80
11	1026
0	1730
0	80
0	309
0	1104
0	0
0	72
0	67
0	66
0	1081
0	0
0	83
0	12
0	59
0	103
0	25
0	1076
0	26
0	57
0	102
0	80
0	125
0	45
5	8
0	0
0	8
0	0
5	0
0	0
0	0
2	36
0	344
564	528
1	513
0	413
0	398
1	207
0	38
1	29
2	57
3	1656
0	1551
1	1659
0	1542
0	1320
7	1204
5	588
0	166
6	222
0	406
0	402
0	365
0	416
0	312
0	276
0	356
0	354
0	243
0	247
0	266
0	189
0	257
0	188
0	244
0	197
0	183
0	137
0	188
0	190
0	188
0	166
0	139
0	81
0	76
0	131
0	124
0	101
0	93
1	89
0	96
0	54
0	33
0	7
0	7
0	6
0	115
8	115
61	1456
2	1002
0	187
0	1169
0	393
0	1174
1	327
1	218
0	88
3	46
0	122
0	205
1	383
1	70
0	80
8	180
3	129
1	94
0	56
8	127
2	0
1	83
0	57
1	48
1	36
0	273
3	1168
0	1236
2	369
1	354
0	353
76	240
5	287
13	132
8	214
0	108
0	49
1	52
0	282
1	24
0	28
0	24
10	288
17	250
0	50
1	29
1	25
1	24
16	399
0	57
0	399
17	92
4	261
0	1
0	1
0	1
0	1
0	1
0	1
0	1
0	0
0	0
0	1
1616	808
0	43
0	108
0	766
1	357
0	311
125	10
2	7
0	6
0	0
0	0
2	5
0	5
0	5
45	9047
0	9032
4	6852
2	5131
0	9043
6	9032
0	8126
0	8919
246	3809
0	3193
0	3832
0	2261
1	72
3	73
0	72
0	62
0	68
1	65
0	62
0	11
3	3
0	7
0	6
0	0
0	1
0	1
126	192
0	61
9	91
2	88
0	49
1	29
0	21
1	19
2	20
467	224
0	147
2	115
0	116
0	0
1	197
420	197
0	186
2	35
5	69
0	1491
1	111
0	0
1	0
0	0
0	0
0	0
1	82
0	1780
32	1956
4	0
0	355
0	415
0	332
185	1088
0	279
0	392
0	0
1	2237
0	187
42	2254
2	681
0	88
0	0
9	185
0	158
0	31
1	5
623	0
0	6
0	10
0	10
0	7
0	1
0	0
0	0
81	43
0	43
1	0
0	0
0	0
0	23
0	833
0	72
44	849
0	210
0	5
0	122
0	105
0	850
1	826
6	650
0	581
0	268
0	139
0	114
5	29
152	211
0	18
3	12
0	185
0	14
0	31
0	213
0	2297
0	2765
0	2865
2	3734
0	3747
6	13
1	2891
0	207
2	2271
1	623
3	805
0	1049
0	1938
0	119
1	494
1	649
2	410
0	315
0	249
0	291
42	217
1	555
0	415
3	3
0	3
0	3
0	0
0	0
0	0
0	0
0	0
0	0
0	6
0	6
0	1
157	136
0	136
0	135
5	188
304	2886
1	2183
0	137
0	94
0	2060
8	2166
0	139
1	2722
1	2806
0	2566
0	272
0	1814
1	348
1	136
74	263
1	54
6	1
5	263
7	35
1	49
1	61
0	0
0	2
0	0
0	1
0	0
0	0
0	1
0	2
0	0
0	1
0	2
0	0
19	1159
0	11779
0	8966
19	8974
2	3327
6	10860
8	10861
1	4003
0	10864
0	526
0	525
17	491
2	499
0	293
0	290
0	229
1	228
0	134
0	158
0	117
0	76
0	67
0	55
0	59
0	15
203	756
4	106
0	583
1	142
5	511
3	28
0	578
0	351
0	340
0	354
0	26
0	360
0	346
0	55
0	29
0	34
0	40
0	55
0	56
0	72
0	47
0	72
0	75
0	95
0	55
0	58
0	291
0	6
0	31
0	44
0	985
7	984
9	170
0	847
0	480
0	29
6	313
1	25
0	16
0	0
4	0
1	0
0	0
0	1312
4	619
4	624
1	1
0	61
1	124
2	9
0	94
1	99
0	123
0	433
0	447
0	296
0	378
0	331
0	50
0	19
0	20
1	19
0	19
0	19
0	19
0	19
0	19
0	19
0	17
0	16
0	14
0	0
0	0
0	18
424	125
1	110
0	125
406	391
2	65
0	382
1	15
13	55
0	227
0	20
0	102
1	57
0	66
0	27
0	7
13	597
0	586
0	195
0	17
0	35
0	17
0	17
0	50
0	3
0	12
0	35
0	187
0	181
5	138
1	173
0	93
0	115
0	55
0	64
0	58
1	40
0	46
0	70
0	67
0	68
0	18
2	46
0	14
1	40
0	10
0	25
2	10
0	25
0	4
0	3
0	2
0	25
0	5
0	24
1	24
0	2
0	1
0	2
0	3
1	2
2	1
3	10
2	19
0	46
0	155
4	94
0	493
0	484
0	418
4	65
7	25
0	92
0	25
0	42
1	26
2	42
260	1068
0	1022
0	241
0	216
0	136
0	157
0	42
220	702
0	608
0	702
0	702
0	662
0	170
0	210
0	162
1	126
0	135
0	96
0	95
0	83
0	12
0	10
0	10
1	152
15	1795
8	1394
0	348
0	1795
2	422
0	418
0	106
0	54
0	361
5	22
0	37
1	11
0	8
0	30
0	49
0	45
0	30
0	49
0	66
5	43
0	49
0	43
0	729
24	0
0	0
0	2
0	2
0	1
0	1
0	0
0	0
0	0
0	0
0	0
0	2
0	2
0	2
0	2
0	2
0	1
0	104
294	734
1	453
0	643
0	489
0	494
0	423
1	212
0	426
0	285
0	348
0	441
0	422
0	407
0	9
0	127
1	99
0	104
0	0
0	82
0	39
2	38
3	198
834	685
0	660
1	43
1	95
2	50
0	58
0	66
5	0
0	41
0	39
0	36
0	61
0	1
0	1
0	1
0	0
0	0
0	0
0	736
0	71
0	85
0	199
0	571
0	37
0	243
0	491
0	46
458	0
333	156
0	19
1	22
0	18
0	12
0	0
1	13
1	8
0	38
0	7
0	10
0	35
1	4
0	4
0	0
30	926
5	926
0	24
0	115
0	268
1	35
0	31
615	338
1	112
3	22
2	21
0	750
0	746
1	0
0	0
0	0
0	0
0	0
0	0
0	2
0	97
0	99
8	102
18	162
0	135
1	110
0	102
0	59
27	133
1	93
0	34
2	15
0	29
15	58
0	7
0	37
0	17
0	28
0	23
0	17
4	14
0	10
5	2
11	7
0	31
0	26
0	19
0	7
0	45
0	45
0	7
0	57
0	57
0	57
0	46
0	57
0	45
0	7
0	57
0	57
0	0
3	501
11	502
0	199
0	14
0	46
0	502
0	411
56	1628
0	1079
0	672
0	1632
0	181
14	308
0	153
0	190
1	82
0	240
0	66
0	0
0	37
0	65
13	45
0	49
533	143
0	55
0	93
0	64
0	38
0	38
0	2
0	14
0	0
0	36
0	0
0	12
0	12
0	36
0	9
0	0
0	0
0	0
0	0
0	302
0	318
0	299
1	303
0	284
0	303
3	45
0	45
0	33
4	31
0	24
1	63
0	110
0	83
4	72
0	84
0	67
0	38
0	0
0	0
0	0
0	0
37	0
241	187
0	179
2	22
0	24
91	218
1	218
0	34
5	14
825	66
0	53
0	121
0	71
0	122
1	24
0	0
0	0
0	2
0	2
0	2
0	123
0	0
0	0
0	0
0	2
193	0
268	846
2	846
6	537
0	475
11	24
0	7
0	6
0	0
0	0
176	627
1	600
0	42
2	100
11	109
0	53
0	28
0	59
0	0
0	62
0	90
0	88
0	53
0	41
71	85
0	85
0	24
0	15
0	0
0	6
0	19
1	19
0	10
0	5
1	18
1	0
0	0
0	0
0	0
0	0
0	0
0	0
4	0
1161	0
0	0
138	206
0	203
0	81
0	154
2	82
0	4
24	173
1	144
0	139
0	22
0	9
0	9
1	15
10	75
5	14
0	161
0	1
0	0
0	1
0	1
0	0
0	0
0	0
0	0
0	0
0	0
9	0
6	0
1	0
0	0
0	0
0	0
0	0
630	54
0	0
0	9
0	45
832	2329
1	61
26	2268
1	856
0	80
1	59
0	40
0	855
0	872
0	124
62	29
2	26
0	24
0	902
0	898
0	920
0	366
0	134
0	332
0	155
0	137
0	119
4	7
0	91
3	43
0	17
0	569
0	574
0	267
0	216
0	192
0	289
0	240
0	39
0	46
0	53
0	92
0	65
0	58
0	27
0	69
0	85
0	46
0	82
0	154
0	132
0	55
0	5
1	0
2	5
0	563
3	570
0	587
0	575
1	560
0	558
0	32
0	99
0	85
44	48
3	58
0	33
0	87
0	64
0	38
1	88
47	517
0	519
0	2
0	26
0	16
1	47
0	37
0	996
0	202
0	158
0	964
1	185
0	135
0	188
0	124
0	857
0	10
0	10
0	166
0	47
0	6
0	858
3	140
3	115
3	109
0	98
0	161
0	126
0	0
0	0
0	0
0	0
0	0
0	0
0	0
0	0
0	0
0	0
0	0
0	0
0	0
0	0
0	0
0	0
0	0
0	0
0	0
0	0
0	0
0	0
0	0
0	0
0	734
0	879
8	25
12	357
0	61
0	676
0	79
1	85
1	94
0	113
0	45
1	135
0	287
0	335
0	27
0	204
0	105
0	61
0	510
1	58
0	58
0	57
0	50
12	29
1	402
2178	562
0	541
236	9305
1	9174
0	3026
0	3610
0	8992
9	4481
0	6900
0	4468
2	3590
47	1037
0	1184
0	0
0	0
0	0
2	361
2	790
5	70
0	1038
0	982
1	181
14	100
2	133
1	514
60	901
7	263
0	0
0	0
0	0
0	0
0	0
0	768
0	791
0	262
0	35
0	334
0	59
0	17
0	133
0	778
4	4
1	4
6	4
0	11
6	4
0	11
0	74
0	64
0	24
5	100
0	85
11	94
0	10
112	476
0	54
0	276
0	29
0	52
1	86
0	453
0	71
0	153
0	23
482	241
0	237
0	109
0	111
9	35
0	4
1	5
0	3
11	101
0	98
0	21
0	17
0	16
0	19
0	16
0	8
0	2
0	2
0	0
0	2
0	2
0	2
0	0
0	0
0	2
0	2
0	0
0	0
0	0
5	234
39	402
0	54
0	82
5	168
0	38
0	76
0	72
3	734
0	687
176	49
0	23
12	460
0	52
0	13
4	517
0	21
0	101
0	44
0	30
0	9
0	25
0	49
3	46
0	723
0	723
0	2
0	2
0	115
0	103
0	122
0	0
0	206
0	213
0	223
0	251
0	251
0	249
0	260
0	250
0	266
0	266
0	252
1	277
3	280
0	266
0	266
1	264
0	266
0	167
0	155
0	51
0	77
0	77
0	77
0	77
0	48
0	10
62	551
0	209
12	70
1	248
3	109
1	3
1194	0
0	33
3	0
0	33
56	155
0	124
0	19
0	146
1	42
31	43
0	144
1	21
0	18
0	46
1	112
1	16
0	58
0	15
0	40
4	26
0	0
0	0
0	0
0	0
0	0
0	0
0	0
0	0
0	0
158	9295
0	8791
3	7569
0	1589
9	1002
14	280
0	2212
26	3313
0	3169
0	8236
0	7699
3	1470
13	1039
31	2485
0	32
0	19
6	163
0	112
0	115
8	92
0	92
0	120
4	299
0	315
0	268
11	230
3	101
0	73
0	9
0	54
0	58
0	73
0	66
0	124
0	87
0	127
0	131
1	54
0	18
3	70
2	173
1	78
0	43
0	66
0	69
0	65
1	63
10	22
0	14
1	55
1	115
0	61
0	53
3	94
2	5
0	76
0	32
8	26
1	5
384	383
0	51
0	55
0	0
0	54
0	240
1	8
23	1937
32	1936
0	1962
5	1958
1	94
12	294
248	1923
1	1056
0	0
0	0
8	68
0	64
0	68
0	70
0	37
0	8
0	3
0	1
0	1
0	1
0	0
2	11
0	11
0	3
0	0
11	202
0	684
0	685
5	326
1	322
4	231
10	14
0	102
0	73
0	42
1	61
0	27
0	19
4	139
0	91
12	30
0	20
0	28
0	14
0	7
0	3
0	3
0	4
0	3
0	4
0	3
0	3
0	2
0	0
0	0
0	73
1	674
2	62
1	136
0	82
0	75
0	68
0	42
0	110
0	647
0	163
0	70
3	84
3	51
0	132
9	451
0	154
4	170
0	21
1	110
0	46
0	57
2	0
0	0
22	191
0	218
11	205
0	213
1	29
2	24
0	24
0	185
1	10
13	3
0	6
0	5
1	4
0	1
0	1
0	0
9	574
0	9
25	565
0	22
1	59
1	153
0	177
0	0
2	1
0	0
0	10
0	10
0	10
0	10
0	0
0	0
0	0
6	9
0	2
0	7
0	4
3	13
0	1
0	0
4	0
0	4
0	0
0	4
0	1
0	1
3	1
0	1
0	3
0	1
2	942
0	942
0	26
0	287
0	91
0	286
0	84
0	13
0	62
0	90
12	27
0	287
0	29
0	5
0	4
0	3
12	20
0	12
3	7
0	3
0	3
2	3
0	1
0	29
3	643
0	107
3	34
0	13
0	355
0	645
1	212
0	210
0	206
0	205
0	2
0	206
0	9
59	0
41	0
0	0
0	0
13	131
8	254
3	115
0	85
0	58
5	113
290	35
0	35
0	0
0	0
0	0
6	0
0	0
0	281
8	44
0	272
0	187
0	212
0	223
0	244
0	243
0	215
0	228
1	112
6	198
1	51
0	23
0	107
0	95
0	79
0	22
2	270
9	1
0	1
1	0
0	194
2	160
1	189
0	116
10	59
0	25
4	73
1	26
1	19
0	15
0	65
40	90
0	13
0	41
0	0
3	0
2	419
0	500
0	91
0	438
0	481
0	433
1	13
1	149
0	217
0	100
0	108
4	139
0	48
0	48
0	26
0	24
0	35
0	0
0	0
0	0
0	0
487	266
1	168
2	236
12	157
2	41
0	0
0	9
14	8
0	18
0	22
0	20
0	27
0	22
0	245
0	241
0	255
0	255
0	23
0	34
0	26
19	207
0	36
0	31
0	93
0	139
0	89
0	41
10	23
0	239
0	229
0	1
0	0
41	391
3	118
2	369
0	150
0	106
0	84
0	11
7	270
27	4
205	226
15	314
0	169
0	236
0	281
30	285
1	192
0	57
16	502
1	503
0	34
0	0
0	5
0	5
0	4
0	2
0	3
0	1
0	1
0	0
0	1
0	1
0	1
0	0
0	0
2	0
0	1
30	263
0	240
0	239
0	244
1	4
0	213
1	25
2	19
0	31
0	29
0	14
0	10
0	1279
0	947
0	1249
0	44
195	94
1	52
0	61
0	64
30	109
0	63
0	68
0	26
0	2
2	6710
9	6713
0	2214
1	1226
0	16
0	399
10	386
0	255
0	258
0	85
0	66
0	0
0	195
0	19
1	188
2	61
1	90
3	50
0	8163
0	8145
0	8252
2	7323
75	7330
0	8271
0	7284
22	4380
34	143
0	142
0	11
1	10
0	3
0	8
0	16
0	0
0	0
0	0
0	0
0	0
0	2
0	2
0	2
0	2
5	426
31	522
32	512
4	515
26	154
0	379
0	225
1	1114
0	315
0	397
0	708
0	289
0	1083
0	697
0	10
1	109
0	369
2	5
0	397
0	102
0	266
0	622
0	261
0	1073
2	327
0	115
0	407
0	21
0	40
0	327
0	707
0	670
0	10
0	327
0	1120
0	1129
0	1052
1	328
0	498
0	91
0	715
0	349
2	367
0	374
0	662
0	658
0	39
0	363
0	1084
0	661
4	206
0	394
0	63
0	84
0	323
0	111
0	226
0	795
0	123
0	113
0	226
0	134
0	199
0	97
0	52
0	137
0	795
0	56
0	127
0	194
0	0
10	0
238	21
0	21
1	0
515	968
0	470
1	772
0	445
0	945
0	22
0	22
0	22
0	12
58	418
0	27
0	405
0	35
0	44
0	65
358	346
1	12
1	336
0	319
2	112
0	79
6	59
28	143
0	84
0	0
0	34
2	12
225	213
0	49
0	46
0	0
0	162
1	50
0	842
0	542
0	849
0	587
0	674
0	853
0	283
0	130
0	230
149	3
0	3
0	736
0	765
0	736
0	743
0	66
0	51
2	17
428	144
0	136
0	139
0	145
0	39
1	13
0	53
2	31
0	11
0	13
0	8
2	41
0	1
0	8
0	2323
0	1869
1	2142
29	1099
0	601
1	1140
0	728
0	2412
259	4122
989	1256
0	848
63	865
3	450
2	199
39	461
0	131
140	31
0	8
0	28
1	7
0	20
0	7
109	39
0	39
0	0
0	0
0	0
0	0
0	58
0	58
0	28
2	58
0	0
0	36
0	1
0	8
1	1
0	54
295	298
0	80
0	41
1	49
5	161
0	64
3	0
1	17
0	17
0	10
0	0
0	0
0	0
0	0
776	249
9	98
1	70
0	0
15	65
17	77
0	7
2	343
0	429
0	370
0	478
0	444
0	409
2	2
0	0
0	2
0	2
0	1
0	0
0	0
0	1
0	0
1	0
0	0
0	0
2	1327
1	963
140	358
0	155
0	161
3	58
0	61
0	169
0	167
0	89
8	332
2	68
0	32
23	3507
4	3507
0	0
0	5
3	186
0	65
0	2
2	176
1	66
0	176
0	184
0	79
0	72
0	0
0	0
1	264
5	248
0	76
0	126
0	73
0	1331
0	997
33	1121
0	135
0	1366
2	431
2	1333
4	145
13	475
0	746
6	226
0	391
0	41
40	947
0	1
0	1
0	1
0	1
0	1
23	0
300	266
3	266
0	237
0	209
7	84
26	1602
89	1544
63	76
1	1271
53	340
89	388
114	8
1	8
0	0
1	118
0	197
258	526
13	232
0	33
0	471
1	8
4	530
0	529
0	596
0	517
0	293
5	10
0	596
3	9
3	288
0	521
0	215
2	137
2	57
0	125
4	25
0	4
0	29
0	26
0	6
1	54
0	23
0	97
0	101
1	19
0	2
51	931
38	931
0	621
3	616
0	74
599	168
2	91
1	42
0	61
0	37
1	63
316	368
0	195
0	205
0	2
0	570
0	1
0	276
8	568
0	64
0	149
0	569
1	200
68	132
0	31
0	58
2	192
0	214
0	38
0	0
0	195
1	22
0	59
1	26
2	102
0	320
110	400
1	47
0	2
0	33
0	2
0	32
0	64
0	20
0	51
0	62
0	62
989	978
0	469
2	97
0	4
0	44
0	173
0	479
0	146
16	97
4	29
7	461
0	80
0	69
0	69
0	35
0	42
0	53
0	63
0	89
0	59
3	31
0	56
0	62
0	89
0	338
0	53
0	0
12	5
0	0
0	5
0	0
0	0
0	0
0	0
0	0
1	87
0	0
0	35
0	8
13	93
0	94
0	84
0	33
10	58
18	44
0	9
0	2030
102	2020
4	480
0	407
0	2002
0	0
0	0
0	0
0	9
4	239
0	238
2	0
0	0
0	0
0	43
0	52
0	80
0	44
7	752
0	92
0	767
0	767
0	66
5	28
8	744
0	760
47	731
0	752
0	333
21	829
0	912
0	289
3	534
0	321
68	743
0	507
3	430
10	81
0	153
0	490
1	343
2	56
43	92
19	264
0	627
0	139
2	291
0	51
1	198
3	52
0	0
0	568
0	559
0	557
3	27
0	566
0	268
0	102
1	65
0	371
160	293
2	102
0	62
1	170
3	171
0	4
0	4
0	0
0	0
0	0
0	0
0	0
0	0
0	0
22	159
0	29
5	40
2	44
5	78
0	18
10	13
0	13
0	7
22	284
6	54
19	72
42	221
0	463
0	204
0	11
0	448
0	454
0	438
0	255
0	210
0	438
1	149
0	201
0	106
0	32
0	58
0	45
0	40
0	38
0	38
0	35
0	12
1	21
0	60
3	11
0	5
0	26
0	17
0	8
0	10
0	4
0	4
0	9
0	6
0	7
0	0
0	358
223	777
5	546
0	218
0	279
0	327
1	325
0	241
0	117
0	246
0	13093
1	18052
41	533
0	343
0	178
0	66
0	190
8	943
3	833
2	2
3	937
0	5
0	3
0	0
0	0
0	5
0	5
2	120
166	144
0	56
0	79
0	45
2	36
1	20
0	121
0	118
0	0
1	193
0	205
0	166
0	193
0	11
0	81
0	2
0	50
51	140
0	11
0	21
0	113
0	107
1	144
7	1244
2	3977
0	432
0	20
0	80
0	4760
0	339
0	4761
0	4703
5	310
0	3538
1	621
0	467
0	367
0	423
2	255
0	142
0	1664
0	1621
1	1619
0	1585
0	1458
0	1609
0	1573
2	904
0	1260
9	423
0	63
0	963
0	972
2	303
22	379
1	505
0	36
0	524
9	21
1	194
5	190
0	118
1	215
0	132
0	83
0	44
1	44
0	31
165	1779
0	1867
0	1805
14	1832
0	564
295	461
0	422
0	992
51	599
2	807
0	761
2	460
0	478
9	196
0	157
10	96
0	88
0	23
0	36
0	15
0	15
0	0
250	26
0	26
0	15
237	439
17	345
2	223
0	232
0	146
0	0
0	0
0	0
0	0
0	0
0	96
0	1337
0	78
5	66
1	184
0	2000
0	490
0	967
0	135
0	62
1	483
1	1208
0	156
0	108
0	100
2	691
16	153
0	1899
0	239
0	543
68	523
0	514
0	39
0	20
0	1
2	1
0	206
0	5
0	2
0	5
0	5
0	1
0	2
0	2
89	590
0	590
5	72
1	88
0	15
1	8
0	1638
0	1678
1	356
8	217
29	1706
0	517
1	952
0	228
0	899
6	297
0	255
8	3
0	348
0	82
0	321
0	34
0	257
0	134
1	317
0	229
0	209
0	223
0	87
0	1022
0	190
0	238
0	244
0	99
0	90
2	14
1	238
0	0
0	0
0	0
0	0
0	0
0	0
0	239
2	237
0	56
0	26
0	26
0	18
0	236
0	3
0	2
0	3
0	3
7	0
0	3
0	3
0	1
1	119
0	37
0	38
0	75
1	72
0	83
0	11
0	244
0	260
29	305
0	166
0	137
0	185
3	71
3	42
0	305
0	445
0	421
0	196
0	66
1	53
0	67
4	197
10	29
0	68
0	2
0	72
0	81
0	61
0	55
0	45
0	40
0	42
4	39
0	33
0	22
18	0
531	0
0	70
0	19
0	70
0	3
24	47
0	49
0	47
0	10
0	6
0	0
0	0
0	0
0	0
0	0
62	364
0	361
14	0
0	336
0	288
0	173
3	136
0	113
0	112
0	93
0	18
3	94
0	25
0	65
0	73
0	26
0	13
36	0
7	84
1	84
0	807
0	783
6	87
0	61
0	784
0	474
0	476
0	480
0	483
0	445
198	449
5	483
0	178
0	405
16	380
0	396
1	68
85	1852
267	698
8	1019
0	707
3	247
0	95
0	256
1	40
15	1141
3	112
5	751
0	0
0	0
0	0
0	73
0	7
0	51
0	33
1	58
0	71
41	439
0	332
0	222
0	222
0	60
0	43
0	12
0	12
0	62
0	51
0	29
0	51
1	85
1	35
3	0
210	0
0	147
0	25
5	147
0	148
0	148
0	147
0	10
0	10
1	10
141	45
0	19
0	26
5909	0
6	0
49	228
2	197
1	217
0	105
0	22
4	2
0	21
0	20
0	21
0	8
0	5
1	3
0	0
0	0
801	76
0	76
0	0
0	0
0	0
0	0
0	0
0	0
0	0
2	0
0	0
0	315
2	22
0	320
14	98
0	85
0	12
0	193
0	52
0	126
0	175
0	24
3	118
0	21
0	59
0	103
0	63
0	74
0	48
0	8
0	98
0	67
0	3
0	24
0	18
0	7
1	4
0	11
0	12
0	2
5	65
0	108
82	46
1	10
0	25
3	13
0	1
0	1
0	7
0	6
0	1
0	1
0	1
0	7
0	7
0	0
0	0
0	0
0	0
0	0
0	334
0	77
0	447
0	306
2	457
0	528
44	658
0	427
6	439
0	426
1	565
0	0
0	0
3	0
0	0
0	0
1	0
0	0
15	75
0	116
0	155
0	186
0	336
0	204
1	194
0	229
1	126
0	215
0	269
0	231
0	229
0	122
0	98
0	188
1	58
0	50
0	56
0	55
0	114
0	146
1	134
0	122
0	184
0	181
0	7
0	38
9	18
0	133
0	251
0	130
0	129
0	128
0	98
0	134
0	142
2	177
0	88
0	53
0	10
0	171
0	146
0	36
0	97
0	73
0	90
0	77
0	116
133	109
0	100
0	90
1	81
0	161
0	192
0	160
0	119
0	154
0	225
0	112
0	126
0	103
0	101
0	89
0	68
0	28
13	16
6	8
0	6
0	9
0	4
0	3
0	0
0	1
15	0
0	5
144	296
0	21
0	73
0	86
0	41
0	22
0	35
0	63
0	39
0	22
0	59
0	357
0	239
0	311
0	37
1	225
0	227
0	7
0	100
1	105
1	85
0	51
0	52
0	29
0	28
0	74
0	52
0	52
0	72
0	73
0	83
0	52
0	87
0	76
0	82
0	74
0	65
0	87
0	54
0	87
0	82
0	86
0	53
0	76
0	49
0	76
4	65
0	50
0	45
0	37
0	37
0	7
2	125
0	125
0	2
0	5
0	7
0	5
3	61
3	62
0	0
0	0
0	0
0	0
937	535
1	207
11	529
1	105
8	180
0	163
0	0
0	0
0	0
2	2
0	93
0	192
0	170
0	59
4	50
0	35
0	48
0	93
1	42
0	28
0	44
0	64
0	55
2	67
0	61
1	1
0	185
9	92
0	1
0	1
0	0
0	1
0	1
0	0
0	0
0	0
0	0
0	0
0	0
0	0
0	0
0	0
7	200
0	35
0	51
0	48
4	152
0	708
9	703
0	0
0	0
0	0
0	0
0	0
0	0
0	0
1	12
14	83
0	82
0	20
0	5
0	20
0	0
1	8
627	1033
1	1005
0	15
0	11
634	468
0	286
3	37
19	31
1	284
4	38
4	156
0	135
1	75
0	49
0	25
1	445
0	175
34	419
0	89
0	20
0	45
0	102
0	459
0	91
7	102
0	101
0	88
3	60
1	64
0	0
0	0
0	0
0	0
0	0
0	0
0	0
0	0
0	0
0	0
796	0
0	100
0	100
0	3
0	17
0	4
0	100
0	94
0	2
0	3
0	3
0	3
0	0
0	3
22	826
4	700
0	642
0	236
1	176
1	841
0	1130
14	1091
66	191
1	267
3	27
7	116
0	189
31	61
2	1111
5	9
3	9
0	0
88	157
0	157
0	54
0	246
11	230
6	140
0	192
2	86
0	160
0	34
1	117
0	0
0	164
0	0
0	2
0	0
0	0
0	0
4	0
1	0
0	0
40	537
2	537
0	71
0	987
1	917
0	2044
550	5031
69	2299
1	2442
104	3762
32	2910
9	0
7	0
0	60
7	88
22	29
28	15
78	3055
34	2877
0	2992
1	2718
0	2500
0	1839
0	8
56	345
0	64
0	11
0	103
0	11
0	9
0	338
0	41
0	40
0	13
0	5
0	2
0	2
0	241
0	226
0	94
0	95
0	83
0	64
7	68
0	68
0	62
0	66
0	50
0	57
0	7
0	8
0	7
0	6
0	3
0	0
1	0
0	0
0	0
0	0
0	0
0	0
0	0
0	0
0	0
0	241
0	7
0	3
0	32
0	8
0	1
0	3
0	113
14	1184
1	490
0	123
0	117
5	563
0	1183
0	321
0	361
0	131
0	346
0	135
70	371
0	35
2	81
1	20
0	101
1	94
4	331
2	355
0	84
4	320
2	4
7	98
0	0
0	0
0	0
0	0
0	21
1	19
0	20
0	9
0	8
0	7
0	3
0	1
0	4
0	1
0	2
0	1
0	8
1	8
2	11
0	22
4	47
14	12
47	69
0	6
0	6
0	5
0	52
0	6
0	8
0	7
0	0
0	0
0	0
0	0
1	808
0	806
9	4
0	13
0	3
1	60
0	28
5	4
10	59
12	38
0	801
0	323
1	301
0	321
0	335
0	160
0	12
0	36
0	24
0	27
0	27
0	18
0	29
0	18
0	26
0	2
0	0
0	0
0	0
0	0
0	0
0	0
0	0
0	0
0	0
0	0
0	0
1	3
0	3
0	2
0	2
1	1
0	1
0	1
0	1
0	0
0	1
0	1
0	267
0	170
0	163
0	274
0	303
0	279
0	296
0	135
0	59
0	19
0	15
0	61
0	125
0	50
0	48
0	83
0	76
0	40
2	13
2	12
0	13
1	11
0	6
0	5
0	3
2	4
0	2
0	297
6	45
0	48
2	44
0	46
0	115
1	195
3	217
0	218
1	32
0	1
0	402
0	407
13	422
1	79
0	218
0	179
0	43
0	15
0	36
0	0
0	0
0	0
0	0
0	0
0	0
0	0
0	0
0	0
0	0
0	151
0	151
0	160
0	120
0	154
16	99
0	38
0	25
5	13
1	745
1	743
0	745
0	743
399	0
0	0
0	6
0	9
0	9
0	5
2	5
0	2
0	2
0	408
0	3095
0	5874
3	2616
1	7488
4	7757
90	13443
53	7664
94	3272
0	12687
0	133
2	145
0	145
0	664
0	158
0	129
0	62
1	45
0	587
0	606
0	507
0	492
0	606
0	542
0	542
0	623
0	591
1	101
1	25
5	56
0	36
0	21
0	11
0	61
0	49
0	60
0	19
0	352
5	427
2	252
0	18
0	78
0	77
1	207
0	57
6	10
0	88
1	15
0	195
1	2
0	2
0	0
4	8
0	8
26	207
0	197
0	32
0	16
0	15
1	11
0	9
0	7
0	9
0	3
0	2
0	0
2	2
0	0
0	2
0	0
0	0
0	0
0	231
0	322
0	272
0	322
6	285
0	220
0	281
0	208
0	113
0	93
3	109
0	79
15	21
1	89
0	67
0	65
0	46
0	53
0	56
0	54
9	2
8	1
7	0
1	0
5	517
32	269
0	91
3	25
0	37
0	92
2	103
0	32
0	40
1	30
0	6
4	245
1	0
4	576
1	568
0	277
3	340
0	557
1	505
0	308
1	32
0	95
0	88
0	93
0	81
0	63
1	62
49	19
0	6
0	9
0	9
0	3
195	1103
4	431
6	804
6	538
4	235
4	317
4	131
294	0
0	66
0	0
0	1
0	1
0	0
0	0
0	0
0	0
0	0
264	45
0	15
0	41
0	31
0	33
19	175
3	143
0	176
0	176
323	336
8	43
80	43
0	34
401	0
1	399
0	172
1	8
0	32
0	31
0	14
1	4
0	9
0	5
0	398
74	6
20	0
0	6
0	5
0	0
0	22
0	26
0	28
0	19
0	440
0	18
0	26
1	441
0	48
0	37
0	60
2	123
0	212
0	36
0	69
1	19
0	16
0	19
8	4
0	740
0	338
0	132
1	249
0	53
1	575
0	23
1	159
0	0
1	0
37	2027
7	2027
0	335
0	233
0	208
2	119
0	206
2	190
4	179
0	91
0	139
2	97
2	411
0	232
3	192
0	151
0	231
0	1
1	1
0	1
0	1
0	0
0	0
0	10
0	17
0	11
0	3
0	2
0	1
0	2
0	0
0	33
36	133
0	36
1	117
1	3
1	0
1	2
0	11
2	30
0	0
0	0
0	0
0	0
0	0
0	0
0	0
0	0
0	13
0	76
0	3
0	7
0	4
0	74
0	1
0	1
0	1
0	1
0	7
0	1
0	1
0	7
0	1
0	1
0	0
0	0
0	0
0	0
0	0
5	63
1	0
1	0
2	4
0	63
0	13
0	2
0	2
0	4
0	8
0	7
0	1
3	7
1	2
0	12
55	773
145	483
0	113
0	773
0	14
0	115
0	134
10	117
1	194
0	695
0	114
0	199
4	68
0	306
0	47
1	447
1	211
3	0
3	91
8	146
0	11
0	140
61	279
6	20
305	1148
0	156
0	113
2	38
0	85
0	70
0	94
0	171
1	202
3	729
0	1
0	1
7	525
1	40
0	406
6	1
0	524
2	17
2	1421
3	1433
0	50
0	28
224	26
0	17
0	6
1	3
0	0
0	0
0	0
0	0
0	0
0	5
0	5
3	153
0	484
0	480
2	169
1	107
0	25
0	15
1	35
0	51
0	472
0	0
0	0
0	0
0	0
0	0
0	0
0	0
0	0
0	0
0	0
1	0
0	0
0	0
0	0
0	0
240	50
0	3
0	0
0	0
0	0
0	0
0	0
0	0
0	0
7	411
4	417
0	161
0	330
17	409
2	80
180	135
0	131
0	90
0	67
0	163
0	163
0	10
1	2
0	7
0	6
0	2
0	2
0	3
0	96
0	96
0	75
1	64
0	78
1	28
0	20
1	9
0	7
0	3
0	94
0	3
0	0
0	0
0	0
0	0
0	4
0	37
0	14
0	3
1	30
0	37
0	34
0	5
1	5
0	5
0	1
0	0
2	7
0	2
0	47
0	3
0	1
0	2
1	3
1	0
1	7
1	21
0	10
0	17
1	19
0	2
0	12
2	6
0	5
12	4358
0	4502
0	4323
110	4574
0	4022
1	4493
0	4409
0	4456
17	3844
0	1087
1	1107
0	3643
0	3814
0	3686
9	3261
0	964
76	839
1	573
21	964
0	1815
3	335
13	749
31	51
11	35
1	595
22	1238
0	1148
0	1465
0	1345
0	1093
0	632
2	499
0	389
0	489
0	384
0	369
0	580
0	210
0	417
0	26
0	452
0	23
2	56
0	440
5	438
2	457
0	25
0	3456
0	124
0	3484
0	3380
0	3082
0	3202
0	3267
0	3456
0	3209
0	3445
0	4064
0	3848
0	3329
0	3429
0	3723
1	3650
6	3187
0	3277
0	2998
0	3414
0	3236
0	3313
0	3209
0	3358
0	3373
0	336
0	2799
0	3404
0	3421
1	3152
0	3123
0	3416
4	2622
0	3443
0	3247
0	3382
0	3097
0	2980
0	3424
0	3381
1	3281
0	3483
0	3092
0	3209
2	3401
0	3082
0	3413
0	1251
0	795
0	594
0	632
0	162
0	488
0	276
0	416
4	669
0	1689
0	1584
3	298
0	690
1	455
0	0
0	0
0	0
25	71
0	71
0	13
0	1
0	23
9	1774
3	305
13	363
34	120
1	436
1	282
3	218
1	1529
0	0
0	0
0	0
0	0
0	0
0	0
0	0
0	0
0	0
0	0
0	0
0	0
617	188
1	49
0	68
0	153
0	53
386	182
0	141
0	41
2	128
0	38
0	138
2	118
0	28
0	11
0	0
0	0
0	0
0	0
0	0
0	0
0	0
0	508
0	434
20	468
9	463
0	502
0	410
0	334
7	152
3	153
0	86
0	54
0	28
0	23
0	25
0	24
0	26
0	24
0	24
0	24
0	24
0	24
1	7
0	19
0	19
0	15
240	403
0	365
2	45
0	74
0	16
0	22
0	28
0	75
1	64
0	447
0	409
0	377
0	369
0	293
0	98
0	164
0	74
0	0
1	88
0	46
15	54
0	16
0	10
0	17
1	47
0	9
1	16
0	7
0	0
5	422
0	11
0	0
0	0
0	0
0	0
0	881
0	904
7	798
37	745
0	247
27	108
1	16
4	50
0	70
0	56
0	5
0	8
3	121
0	7
1	13
1	122
0	0
0	0
178	87
1	87
0	524
0	57
0	53
0	49
0	34
0	43
0	509
0	23
2	132
0	52
6	305
0	58
0	48
0	9
81	137
0	103
0	76
0	40
0	43
117	235
0	39
0	234
4	28
0	2
0	28
0	33
1	33
8	233
0	18
2	41
0	41
10	187
0	43
0	79
0	155
0	57
0	36
0	88
0	7
0	4
0	18
0	44
0	45
0	4
0	11
1	8
1	45
1	11
1	43
0	301
0	602
0	546
0	746
0	554
0	817
0	588
0	614
0	604
2	596
0	579
0	789
2	292
0	260
0	422
1	617
0	792
0	815
0	591
0	546
0	68
1	754
4	176
0	283
6	729
0	574
0	595
0	719
1	127
0	582
2	572
0	755
2	220
1	567
0	575
0	538
0	0
0	10
0	375
0	488
8	317
26	504
0	512
0	83
0	229
0	476
5	142
0	7
17	20
0	142
0	36
0	0
0	120
0	20
0	0
0	0
0	26
0	27
0	27
1	27
0	4
1	27
12	22
0	5
0	7
0	14
21	6
0	0
0	0
0	0
0	0
0	1666
3	1581
0	1425
46	1659
0	1587
0	1423
0	1510
14	420
23	240
0	480
6	349
2	366
8	250
0	72
0	59
0	60
0	1664
2	655
26	709
0	648
1	157
0	131
1	108
0	65
1	651
0	177
11	470
0	21
0	216
0	63
0	186
0	327
0	290
0	3954
16	3984
12	5689
0	5742
27	195
0	1758
4	1919
7	1763
8	287
0	331
42	299
0	182
0	123
0	1283
0	301
2	226
8	236
2	161
0	0
0	1
0	0
0	2
0	2
0	1
0	1
0	2
0	0
0	5
0	197
0	26
4	15
3	27
0	7
0	29
0	132
0	11
0	197
464	570
0	6
0	78
0	399
0	172
10	272
9	72
9	261
6	251
0	224
0	126
6	85
0	5
0	0
0	11
0	11
0	3
1	9
0	13
1	9
0	0
0	0
0	1344
7	1292
0	14
0	93
1	1252
0	1264
0	895
0	166
0	166
5	166
0	645
14	894
0	97
0	119
0	68
0	46
0	163
0	10
2	1190
0	3
0	561
0	574
21	377
2	2
0	568
0	45
0	46
0	47
0	7
0	41
0	43
0	39
0	34
0	37
0	35
0	0
0	13
0	3
0	8
0	7
0	2
0	4
0	4
0	4
0	3
0	6
0	4
0	2
0	2
0	1
0	3
0	0
0	0
0	0
0	0
0	4
0	3
0	3
0	3
0	0
0	261
0	1149
0	456
1	367
0	167
3	309
1	92
0	1151
0	1117
0	1457
2	302
2	1198
0	240
0	1317
2	1484
7	0
0	159
0	542
4	1420
0	221
5	94
0	22
15	89
1	84
11	63
0	1502
0	1336
0	240
0	496
0	524
11	1
0	1
0	1
0	261
69	322
3	183
36	321
1	148
0	145
5	233
5	45
67	55
0	55
27	65
10	6
19	63
0	3
0	3
0	0
0	0
0	0
0	0
0	0
39	648
0	296
0	543
8	305
3	289
0	190
150	45
1	40
0	23
1	15
0	0
0	0
0	51
0	5
0	2
29	53
0	26
504	264
0	0
0	30
0	5
11	254
0	58
0	3
0	11
11	60
0	95
0	29
0	275
0	0
0	21
3	73
42	275
0	27
0	271
2	186
0	185
0	162
0	127
0	157
0	84
2	15
0	17
0	14
0	15
0	29
0	11
0	29
0	21
0	104
0	121
0	17
814	714
0	489
1	480
1	261
0	313
0	265
3	132
0	10
8	0
0	11
0	12
0	427
1	329
0	441
0	365
23	380
0	22
0	428
0	206
38	307
1	159
0	3315
0	4061
8	4097
0	3962
1	2193
0	1531
25	2500
0	2371
0	4094
0	3624
48	758
5	1790
0	1790
0	177
0	59
0	94
0	51
1	179
0	180
4	68
0	27
0	42
0	1831
175	304
0	304
0	281
2	10
0	53
0	67
0	599
0	54
1	28
3	36
0	594
8	271
0	271
0	0
0	0
0	864
41	5
0	29
1	18
0	21
1	95
0	29
0	874
0	457
1	18
1	450
0	0
0	44
0	13
0	13
0	3
0	1
0	44
0	44
0	5
9	1096
0	1108
0	970
0	955
214	981
560	1061
188	1061
1	350
2	432
1	2095
2112	2893
3	1648
0	1793
0	2719
1	77
0	2514
0	2518
0	2139
0	1031
14	49
2	176
0	1303
0	359
0	127
0	365
0	174
0	128
4	21
1	1219
0	1164
1	4
4	4
0	0
0	0
1	0
0	0
0	0
0	0
32	256
0	256
0	58
0	151
1	373
0	393
6	343
0	30
0	39
0	41
1	81
0	14
0	21
0	25
0	26
0	18
0	373
0	206
0	154
6	96
0	96
0	81
0	585
2	607
0	725
0	753
1	768
22	736
0	416
0	431
0	88
0	76
1	67
1	15
0	62
1	39
0	40
0	29
1	609
0	0
1	557
0	598
8	197
1	58
1	62
2	294
0	186
0	3
0	138
3	134
2	108
0	33
5	6
0	0
0	0
0	0
0	0
0	0
0	0
0	0
0	0
0	0
0	0
0	0
0	0
0	0
0	0
0	0
0	0
0	0
0	0
0	0
146	246
0	190
1	58
0	109
4	68
0	57
0	63
1	44
95	141
3	22
0	120
0	64
0	80
1	64
0	63
0	31
0	31
0	20
4	0
9	18
1	53
2	53
0	44
77	189
7	189
0	103
0	105
0	110
0	40
0	110
0	105
0	114
0	115
0	103
0	107
0	1
0	1
2	5
0	5
0	4
0	3
49	340
0	372
0	373
5	238
1	119
1	94
0	4
1	75
0	1
0	392
384	20
1	20
0	766
0	1
0	1
0	1
0	0
0	530
0	523
0	400
0	399
0	263
0	68
10	175
0	68
2	160
0	31
0	73
0	17
0	22
0	30
3	199
1	46
0	2265
9	2262
3	2195
0	1996
0	2212
3	376
0	989
0	104
0	135
4	95
0	92
1	274
0	702
9	679
4	528
11	325
0	44
1	137
18	67
0	16
0	2204
0	1987
0	4
5	20
1	19
0	4
6	10
0	217
0	1344
0	1288
0	1221
0	240
0	1363
0	48
0	49
3	51
0	67
0	404
1	0
3	63
6	13
20	147
0	29
0	72
0	3
0	1
0	6
0	147
1	0
0	0
0	0
0	328
10	144
0	11
0	54
0	329
8	55
13	45
1	55
1	20
0	16
0	12
0	11
0	10
1	9
0	10
0	545
24	595
0	91
0	83
0	38
0	103
1	0
0	0
1	0
0	0
274	0
0	0
1017	13
3	13
247	139
0	33
0	45
0	61
43	1776
0	117
0	1637
0	226
1	166
0	295
0	124
5	239
36	158
0	0
0	0
0	0
0	940
0	1033
1	240
0	37
1	989
0	340
0	60
0	841
0	808
1	37
0	82
0	68
21	44
6	310
0	839
0	78
0	90
1	25
1	44
0	59
0	97
0	175
1	122
0	88
0	205
5	33
0	828
0	1
0	262
0	184
0	253
0	255
0	1
5	1
1	1
0	3
0	5
1	190
0	4
0	187
0	183
0	178
0	180
0	183
0	103
0	175
0	44
0	18
0	66
1	16
0	34
0	54
2	10
5	56
0	262
0	184
0	264
185	0
0	44
0	44
0	14
1	9
0	4
0	5
0	81
0	89
0	0
0	0
0	0
564	1863
4	939
1	275
1	116
8	172
2	181
0	255
3	273
1	47
0	10
0	1032
1	1065
1	422
0	579
8	105
0	362
0	299
0	233
0	89
0	28
2933	968
0	418
0	415
0	262
0	326
0	645
2	878
0	1260
0	1017
0	315
0	106
0	223
2	29
0	70
0	133
0	666
3	656
9	70
3	20
0	140
1	204
1	399
1	66
0	156
0	187
1	24
0	100
0	47
0	66
0	1246
35	0
0	0
0	0
0	0
0	0
0	0
0	0
0	79
17	2665
5	274
0	2684
0	196
11	398
0	163
0	149
1	235
0	285
6	114
0	92
0	40
289	0
574	2107
0	2107
0	706
1	552
0	491
0	422
0	8
1	24
4	157
3	156
1	122
1	144
0	29
0	9
2	5
230	66
0	36
0	62
0	0
0	0
0	0
0	0
443	119
0	122
0	107
0	37
0	35
0	0
0	0
1182	0
80	757
2	749
22	749
2	120
0	115
7	94
0	8
0	0
0	0
0	0
0	0
0	0
0	0
0	0
1	116
0	47
0	13
2	39
0	47
0	11
0	3
0	11
1	15
1	1
0	9
0	9
0	400
12	948
0	859
0	172
0	179
0	247
0	147
0	336
0	450
0	275
0	113
0	712
0	677
0	701
0	226
2	21
0	188
0	401
41	303
4	184
8	228
0	468
70	476
0	1
0	5
0	0
0	0
0	0
0	0
0	0
0	5
0	9
0	7
0	5
0	4
0	3
0	0
0	9
0	4
0	0
0	1
0	1
0	0
0	3
0	1
0	1
0	2
0	5
0	0
3	0
0	0
0	0
0	265
1	317
0	25
135	440
1	44
1	33
0	9
4	4
0	32
0	418
0	746
11	8383
25	2998
141	2747
40	7676
7	7600
0	1488
0	1816
26	2926
600	2260
3	1114
2	102
1	0
0	0
0	0
0	0
0	0
0	0
0	0
2	56
1	56
0	29
0	28
0	28
0	0
0	2
0	106
57	149
0	111
0	81
9	328
0	32
0	73
0	328
0	1
0	2
0	2
0	2
0	2
0	1
0	1
0	0
0	0
0	0
1	1378
0	26
0	482
0	435
0	117
0	262
0	33
3	1089
0	92
8	86
0	634
0	1327
0	0
1	519
1	635
0	298
0	164
0	35
2	592
3	136
0	44
0	45
0	546
0	8
2	48
0	116
5	505
0	124
4	87
0	505
1	24
1	17
0	12
1	21
0	6
1	155
0	164
0	156
0	163
0	163
0	162
0	157
0	82
4	35
0	76
1	0
0	66
0	5
0	7
0	14
0	18
0	18
0	17
0	11
0	3
0	2
0	2
16	0
3	263
16	219
37	56
0	108
2	88
69	100
1	74
1	1728
1	1728
0	1748
0	1695
0	493
24	1374
0	1675
0	448
0	10
0	395
0	0
0	0
0	0
0	0
0	0
0	5
0	5
2	5
0	4
19	8
0	8
0	0
0	0
0	0
0	0
0	0
1	47
127	1031
0	44
18	128
0	72
0	66
0	382
1	453
0	92
3	674
0	109
0	16
0	372
0	5
0	5
4	5
1	1
0	0
0	1
0	0
0	1
0	1
0	0
0	0
0	0
0	0
0	229
0	4305
1	4038
0	379
0	405
0	4780
1	332
0	4597
0	1546
0	870
0	4632
0	2901
0	4443
0	2095
0	1101
0	3968
3	122
30	5428
140	3128
0	2489
13	2324
38	1789
0	3
12	693
0	21
0	39
2	42
1	27
0	20
0	21
0	693
0	0
0	0
0	18
0	37
0	48
0	7
3	12
0	20
0	8
0	611
1	103
37	510
13	134
0	38
0	233
0	611
0	0
0	0
0	10
2	103
0	0
0	17
0	106
0	103
0	4
0	7
0	0
0	10
0	18
0	16
0	13
0	0
0	46
0	0
0	1
0	41
0	29
0	9
1	0
0	105
0	67
0	5237
0	4212
0	5281
1	5458
6	5281
0	4216
0	5231
10	4396
0	4626
33	4426
38	879
0	4505
0	3146
22	790
0	3569
0	3463
0	3642
9	2154
0	3246
9	973
12	128
4	65
0	69
5	209
0	244
0	5
0	5
0	4
0	0
0	21
0	65
21	247
0	33
139	1094
0	606
0	892
6	94
90	587
5	23
0	122
1	21
0	93
0	540
0	45
0	198
0	237
0	215
2	173
0	157
0	163
0	109
1	16
0	5
0	0
91	56
1	30
0	41
0	3
0	10
0	6
828	537
0	154
3	414
0	80
0	43
0	8
0	782
6	199
31	195
0	171
0	255
2	743
0	710
4	648
1	606
68	529
0	600
0	555
15	80
0	428
0	299
0	186
0	349
0	204
0	239
0	170
0	198
0	193
0	194
0	96
0	223
0	183
0	11
2	5
220	815
2	813
0	318
1	196
0	132
0	332
0	72
4	102
0	54
0	68
0	80
20	424
1	64
0	328
1	110
1	327
1	0
0	3
2	8
0	1
0	0
0	7
3	109
16	600
0	100
0	600
0	0
0	0
0	0
0	0
0	0
0	0
0	0
0	0
0	0
0	0
0	0
0	0
0	0
0	0
287	426
0	269
1	244
0	316
0	105
0	4
0	43
0	10
0	71
0	88
0	122
0	221
0	84
0	32
0	33
0	21
0	21
0	195
0	204
0	199
0	206
0	0
0	1
0	1
0	1
2125	574
2	49
0	154
1	420
0	459
0	34
0	17
13	456
0	3
2	19
0	502
0	9
2	2
0	442
1	22
0	143
3	14
0	31
2	2
0	19
0	15
0	119
0	42
0	18
0	42
0	160
0	159
0	9
0	62
0	65
0	61
0	2
0	31
0	2
0	31
0	2
8	7
0	2
5	2
0	7
2	61
31	402
0	0
0	192
0	160
0	267
0	254
0	219
0	206
0	202
0	184
0	128
0	259
1	290
0	178
0	141
2	267
58	95
0	40
0	56
0	162
0	68
0	143
0	9
0	11
0	29
0	17
0	18
0	18
0	1
1	5
0	16
0	11
2	5
0	2
0	29
751	685
7	386
0	454
3	492
0	49
0	311
5	279
9	283
1	89
1	35
0	164
1	160
0	128
0	124
0	97
0	43
0	15
0	13
0	0
40	265
0	237
0	117
0	84
0	44
0	51
1	47
0	24
0	284
1	92
0	284
2	207
0	225
0	248
0	26
0	26
1	191
0	6
0	8
0	4
0	4
0	3
0	0
0	5
0	0
0	0
0	3
0	4
0	8
10	10
0	1
0	10
0	0
0	0
1	65
324	560
0	463
0	436
0	172
0	60
0	0
0	169
0	1310
598	1404
0	163
2	996
1	2299
2	1936
0	1146
688	2731
7	2217
0	2114
0	1890
1	431
0	1912
3	421
3	1082
4	1411
56	798
0	5
0	5
0	4
0	6
0	5
0	5
0	1
0	3
0	5
0	2
0	2
0	3
0	0
0	0
0	6
27	534
0	533
1	226
3	165
7	113
192	0
367	0
5	0
4	0
228	217
2	97
5	172
0	60
0	51
0	84
0	1
0	76
0	10
0	193
8	152
0	27
34	24
20	64
6	33
0	0
14	1188
0	1380
0	1379
0	119
1	29
1	188
10	133
0	81
5	176
0	35
140	213
0	168
0	48
7	65
0	0
0	90
0	99
3	147
0	10
0	10
0	4
0	46
0	89
0	0
0	0
0	0
32	70
4	40
1	335
32	390
0	81
0	41
0	29
0	47
0	5
1	15
1	15
1	7
0	67
0	57
0	0
0	48
0	49
7	898
0	856
0	209
0	890
0	36
0	40
0	218
0	57
10	0
0	1
0	0
0	1
0	1
0	1
0	1
0	0
0	1
2	246
0	170
0	253
0	371
117	485
0	390
0	376
3	241
0	232
0	245
0	93
0	259
0	302
0	236
0	207
0	211
8	23
0	93
7	28
7	37
0	96
2	43
0	49
0	13
0	396
0	368
0	383
0	1245
4	221
6	373
0	433
1	1175
3	1148
0	176
83	731
2	247
1	18
0	7
6	4
12	10
0	14
0	12
1	2
2	2
73	6
2	6
1	475
2	250
0	506
0	118
0	2
0	2
0	2
0	2
0	2
0	0
0	0
63	55
0	35
20	1275
8	1273
2	33
2	92
7	393
0	90
0	69
6	252
0	157
2	199
15	351
6	500
5	500
0	62
0	125
1	220
0	83
0	98
0	3
0	0
0	0
0	0
0	0
0	0
0	0
0	0
0	0
3	0
0	6
0	0
0	0
35	96
0	89
0	16
0	64
0	8
0	5
0	95
12	67
0	74
0	46
5	18
0	4
1	13
287	5113
1	5006
0	251
3	379
0	318
0	96
1	90
0	167
0	109
0	41
0	43
1391	1309
16	318
0	256
0	101
21	735
0	168
0	170
0	80
0	28
0	29
1	415
34	386
0	291
0	400
0	80
0	276
0	107
0	119
0	80
12	106
0	65
0	51
18	487
26	319
0	120
0	76
3	19
0	62
0	27
0	484
0	416
0	549
0	545
0	507
0	40
0	148
4	42
0	34
0	69
1	113
0	49
47	0
0	301
0	362
0	447
1	196
0	147
0	28
1	77
30	317
1	233
0	128
0	1
1	5
0	1
0	2
0	16
0	45
1128	587
0	451
0	69
0	183
1	147
272	307
0	126
0	191
0	136
1	43
0	230
14	61
0	111
0	152
0	140
3	106
0	10
0	8
0	65
5	64
0	107
0	4
0	104
10	111
1	8
24	35
0	31
0	1
1	2
0	4
0	0
0	0
1	0
0	61
0	11
38	65
26	5
0	18
0	17
0	20
1	4
0	4
2	0
0	2
1	2
0	0
74	192
0	118
0	46
0	27
0	18
0	23
0	27
0	17
0	10
1	13
0	31
0	27
0	22
0	19
0	20
0	17
0	8
0	0
0	0
0	0
0	6756
0	6738
0	4590
0	5738
4	876
0	688
0	127
1	653
10	391
0	6692
13	67
0	36
0	21
0	19
0	6
0	67
0	73
0	67
34	653
0	653
87	511
4	28
1	33
129	1
22	1629
0	1076
2	29
1	29
5	1
0	0
0	1642
1	422
2	10
1	119
16	252
0	8
0	1124
0	1683
1	880
0	3
0	3
1	0
0	80
0	188
0	158
3	672
2	129
0	353
1	40
1	252
1	111
0	32
0	57
0	1612
1	13
29	29
0	16
0	13
0	13
0	7
0	8
1	0
1	13
0	10
0	0
0	3
1	13
0	13
0	13
0	13
0	4
27	4
2	4
0	6
2	56
1	1493
0	1501
0	1501
0	1142
0	911
0	368
0	205
0	166
0	157
0	368
1	88
0	133
0	121
0	216
0	168
0	195
0	159
0	195
2	187
0	188
0	142
0	35
0	163
0	153
0	149
0	95
0	89
1	0
42	16
0	16
18	1086
4	985
1	181
0	242
1	556
5	220
6	0
25	642
0	645
0	660
2	569
0	89
0	571
0	627
1	128
0	156
0	89
1	22
3	188
0	211
0	127
0	139
0	67
0	123
355	0
0	1
461	327
4	312
4	205
1	139
0	10
0	35
40	31
0	0
0	0
1	1259
155	1542
1	1
0	1
0	786
5	443
2	70
0	4
0	1
8	66
0	1
0	10
0	3
0	4
0	7
0	9
0	32
1	5
177	276
0	186
0	50
0	66
0	14
0	673
0	241
2	265
1	675
0	20
0	84
0	44
0	17
0	18
0	8
0	8
0	0
0	0
962	328
0	87
0	20
2	84
0	118
1	39
0	285
8	290
0	98
0	74
0	30
1	3
1	33
3	28
45	204
2	80
2	25
11	99
0	509
0	7
0	509
0	0
0	0
123	61
0	19
0	44
0	42
1	14
0	6
0	59
27	396
2	396
0	46
0	24
1	58
0	76
9	7
2	399
0	399
0	172
0	7
3	860
55	871
0	871
0	55
152	813
0	801
0	727
1	480
3	733
2	481
15	733
2	723
5	709
39	376
0	162
0	156
0	167
0	110
0	20
0	88
0	0
0	13
0	15
0	158
0	160
0	162
1	0
146	107
0	107
0	15
1	14
0	290
0	10
0	5
0	277
0	217
0	276
0	284
3	271
0	255
0	245
0	249
0	0
0	2
0	2
0	413
0	432
0	399
4	262
0	99
1	97
0	97
0	178
0	159
0	12
0	138
1	15
15	140
6	70
4	13
6	12
0	413
0	1
0	5
0	0
0	4
0	0
0	3
0	1
0	62
0	66
144	471
0	122
7	464
0	1
0	0
0	1
0	0
0	464
0	470
0	40
0	463
0	151
0	170
0	369
0	61
0	430
6	0
0	210
0	152
0	13
0	70
0	23
1	17
2	23
0	2
0	1
0	68
0	66
0	66
2	37
0	4
1	2
0	5
0	46
0	106
159	579
1	117
2	166
0	56
0	150
12	127
2	120
4	125
1	107
1	819
4	884
0	804
0	945
0	466
0	932
0	822
0	469
0	940
0	934
0	940
0	992
0	884
0	936
0	865
0	888
0	908
8	220
2	875
0	924
3	227
0	924
0	931
0	904
0	902
0	249
0	638
0	109
0	395
3	321
0	144
33	393
10	457
0	40
1	24
0	87
0	128
0	107
0	97
0	14
221	364
4	223
0	312
0	223
1	352
0	4
0	0
0	0
0	0
0	0
0	0
31	101
0	8
0	74
0	6
0	67
0	14
0	1
0	2
0	93
0	290
0	239
14	275
0	47
0	62
0	47
0	51
0	47
0	51
0	35
0	38
0	34
0	25
0	9
1	5
0	2
1	5
0	4
0	0
1	0
1	0
1	2
0	0
63	0
2	15
4	26
0	24
1	0
2	8
0	0
0	0
0	0
0	0
42	281
0	23
0	270
0	279
0	281
1	18
0	13
0	36
0	24
0	36
0	6
0	271
1	0
5	150
42	333
12	13
1	44
0	54
17	25
0	81
10	23
0	147
4	18
1	38
1	49
0	41
0	32
0	20
2	3
611	71
1	50
4	21
2	333
101	407
28	74
0	7
0	0
0	0
0	0
0	2
0	0
0	3
0	6
14	123
1	19
2	19
1	118
3	110
0	81
0	17
0	32
25	893
7	863
8	409
0	315
0	767
0	67
2	102
1	121
0	68
14	163
0	83
0	82
0	61
0	61
0	0
0	0
0	0
0	2
458	57
3	11
0	0
0	13
0	18
5	31
5	140
0	137
0	61
0	73
0	58
0	2
4	37
0	48
1	9
0	56
0	53
1	30
0	0
30	1163
1	1163
633	122
1	122
0	0
0	4
35	46
0	2
1	22
0	22
0	7
0	2
0	0
0	2
1	1
0	3
0	1
0	1
0	2
1	12
0	37
0	37
147	0
970	329
0	281
1	272
6	125
0	46
5	1
0	62
2	62
0	50
0	606
0	0
0	0
0	0
0	0
0	0
0	0
0	0
0	0
0	0
0	0
0	0
0	0
0	0
0	0
0	0
0	0
5	0
0	0
0	0
0	0
0	0
0	0
55	15
6	15
0	4
0	0
0	2
0	4
0	2
0	0
0	0
0	3
0	2
0	2
0	2
0	2
0	4
0	6
0	3
0	3
0	4
0	3
0	2
0	0
0	4
0	4
0	3
0	4
0	495
0	487
6	46
3	495
0	16
0	494
0	473
126	40
2378	6095
196	6094
0	5925
1	4652
2	4096
0	2659
0	2648
0	0
0	0
0	0
0	0
0	0
0	0
0	0
0	0
0	0
0	0
0	0
0	0
0	0
0	0
0	0
0	0
0	0
0	0
0	0
0	0
0	2
0	2
0	2
0	2
0	1
0	1
1	1
0	1
0	1
0	539
0	515
6	584
0	558
0	422
5	74
16	507
0	515
0	503
0	496
0	507
0	305
0	117
0	104
0	124
0	357
8	453
0	447
0	119
0	120
0	367
0	489
2	369
0	371
0	93
0	99
7	217
6	183
6	155
1175	87
7	77
0	10
0	583
3	432
3	368
0	503
1	873
3	424
0	905
0	905
0	355
0	358
1	118
0	347
0	371
0	385
0	284
0	5
0	5
0	3
0	4
0	4
2	1211
0	1235
0	1323
2	1074
1	385
0	268
0	570
0	208
1	285
0	435
0	204
9	601
0	307
0	63
1	57
1	166
0	224
0	149
0	1311
0	1029
0	0
0	0
0	3
0	0
0	2
0	0
0	0
0	3
0	0
0	2
0	3
0	1
0	3
129	832
14	26
0	3
0	832
0	74
0	18
0	19
0	39
6	43
0	59
1	31
0	59
0	51
5	32
0	0
3	1
1	270
0	127
0	241
0	132
0	247
0	98
7	247
0	192
0	87
12	52
0	34
0	18
0	18
0	0
0	333
0	0
0	0
0	327
0	28
0	29
0	350
0	340
0	333
0	36
0	358
7	303
6	316
1	338
0	347
1	0
1	70
0	349
0	0
0	0
0	0
0	0
0	0
0	0
0	0
4	2
0	3
1	25
10	2
4	22
0	0
0	0
0	4
0	4
0	898
0	0
0	0
0	0
0	0
0	0
7	338
2	25
5	7
39	130
0	101
13	275
0	376
5	349
0	103
0	237
2	128
2	109
1	90
1	0
23	609
0	568
2	572
3	220
0	237
0	129
0	637
0	630
0	130
0	152
0	480
0	528
1	99
0	105
0	114
0	113
0	73
3	61
0	66
0	0
12	4381
122	4477
2	195
0	188
3	104
1	349
0	165
0	70
0	96
4	86
0	73
0	3
0	346
38	15
0	15
0	14
65	2464
6	2464
36	1292
0	91
4	64
0	2
1	30
1	32
0	4
0	12
0	1
0	3
0	0
0	0
0	7
0	2
0	27
0	13
0	29
0	4
0	4
0	4
0	4
0	4
0	4
4	88
538	453
3	440
13	1802
0	1462
12	1823
6	1253
0	141
0	125
0	57
0	38
0	13
2	12
4	11
0	345
0	345
2	346
0	69
877	287
0	263
4	98
0	28
62	2836
3	3029
1	2446
0	3214
15	3029
0	3062
28	2225
1	975
1	582
6	258
0	0
40	378
0	328
5	368
0	74
1	305
0	29
6	38
0	0
0	0
1	0
0	559
2	494
0	498
0	583
1	533
3	271
0	182
0	113
0	203
3	26
0	137
0	101
3	97
4	60
0	127
0	532
0	351
0	374
0	36
0	249
3	294
4	86
5	450
0	429
0	413
0	309
0	327
0	285
0	267
0	207
0	89
0	55
0	106
0	80
0	77
0	44
0	31
0	75
0	31
0	48
0	36
0	45
0	29
1	29
0	15
382	222
1	22
0	58
3	159
1	16
1	54
4	72
0	49
0	20
0	53
0	57
0	28
0	7
2	6
0	12
0	11
0	0
0	0
6	1790
0	1679
0	1778
0	1681
0	402
0	1651
12	175
6	316
4	1505
3	42
0	1164
9	147
6	144
2	898
0	230
1	253
5	201
13	86
0	321
5	70
0	92
0	165
0	397
4	214
0	313
0	203
0	270
0	257
0	253
0	150
0	219
0	147
2	72
0	210
0	0
3	21
8	134
0	164
0	164
0	106
0	78
0	23
0	0
0	0
274	0
0	1049
38	922
1	912
1	408
2	253
0	131
1	123
0	122
0	39
0	0
0	0
0	0
84	3582
4	3570
4	184
0	284
0	616
0	328
0	72
0	0
0	0
0	1
0	1
0	0
0	0
0	0
10	83
905	302
0	38
0	65
21	107
55	91
0	40
0	39
0	40
1	38
0	31
121	149
2	153
0	55
0	10
0	23
0	64
0	35
0	35
0	35
0	2
0	25
0	36
0	16
0	32
1	30
0	30
0	7
1	32
1	7
0	7
526	85
0	50
0	36
0	21
0	20
2	0
0	160
0	175
0	16
0	50
1	6
0	70
2	0
4	4
0	175
198	1244
7	260
3	397
0	472
1	44
0	118
1	154
0	1281
304	0
0	0
0	0
0	0
0	0
0	0
0	0
0	0
0	0
0	0
0	0
0	0
0	786
0	49
0	274
0	414
0	791
0	451
0	130
0	75
3	1
4	72
0	705
0	71
2	46
5	7
0	399
0	79
0	68
0	68
0	75
0	45
0	34
0	12
0	11
0	0
0	392
18	231
5	231
0	23
0	21
11	22
0	298
0	197
0	231
3	67
0	2434
2	2630
1	116
1	35
0	2629
0	43
496	55
2	55
0	0
4	4
0	4
0	0
0	0
540	28
2	28
6	0
0	0
0	0
0	0
0	0
0	0
0	0
0	0
0	0
0	0
0	0
0	0
0	0
0	0
0	0
0	0
0	0
0	0
0	0
0	0
0	958
0	854
0	264
1	247
1	102
0	533
0	152
0	168
0	250
2	331
0	550
4	459
3	541
0	469
1	179
0	122
6	84
3	482
0	439
0	414
0	315
6	12
0	528
1	0
0	0
0	0
0	0
0	0
0	0
0	0
0	31
0	19
0	71
238	123
0	18
0	4
0	4
0	2
0	4
0	2
0	1
0	1
0	0
0	1
0	1
0	1
0	1
0	0
0	0
0	0
0	0
0	0
0	0
1	15
2	30
1	1
147	0
2	804
0	877
0	869
0	416
0	477
5	138
0	99
0	62
0	70
1	38
2	0
0	91
0	0
635	351
14	122
0	114
0	39
0	60
0	80
1	40
0	36
1	0
0	0
3	207
0	192
0	172
1	141
0	149
0	47
0	10
0	7
0	6
0	6
0	0
1	3
0	8
0	173
5	1018
17	463
44	1302
1	899
0	2070
2	1810
0	1811
0	1810
1	1714
1	1811
0	2136
0	342
0	0
0	0
0	0
0	0
0	0
2	0
0	0
0	0
13	90
0	90
2	14
52	85
0	2
0	11
0	49
0	22
0	5
0	34
2	0
0	2
0	2
0	0
0	0
0	148
0	903
0	566
0	895
0	492
0	0
0	490
1	667
0	6565
0	6867
0	488
0	2
0	157
0	6561
0	0
0	761
0	906
0	477
0	1916
0	6558
0	6367
0	570
0	919
18	282
0	941
0	6834
0	3
0	3
0	1
0	1
1	0
0	1
0	1
0	1
3	0
11	291
0	17
1	23
2	253
0	35
0	12
0	19
0	27
26	1088
18	830
5	424
0	193
9	616
0	285
4	206
0	211
0	2
0	2
0	2
0	2
0	2
0	4
0	3
0	3
0	4
0	1
0	1
0	1
0	0
0	2
0	2
0	2
0	2
0	2
0	2
0	33
10	88
0	52
0	91
0	65
2	14
6	1
0	1
0	0
0	0
0	0
0	0
0	422
0	18
0	114
67	25381
20	22941
0	4391
0	25135
1	21302
1	6824
18	3362
10	11013
5	4558
0	11444
1	6935
15	7902
0	6753
10	6785
0	2359
0	1507
0	0
0	0
1	4
0	3
0	1
0	0
986	0
0	0
0	4
0	0
0	4
0	2
0	1
0	149
2	789
0	682
0	381
0	658
3	650
3	321
0	79
0	467
0	355
0	360
10	107
0	68
0	0
0	0
0	0
0	0
102	158
0	5
0	8
5	145
2	6
5	110
3	33
0	17
0	0
0	0
0	0
0	0
0	0
0	0
0	0
0	0
0	8
2	287
0	284
94	90
0	84
0	83
0	87
0	85
0	84
0	4
0	4
0	4
0	0
0	4
0	2
0	0
0	557
0	593
0	605
0	640
0	611
0	578
0	646
0	486
13	595
0	622
0	589
0	483
0	583
0	502
0	452
0	519
0	550
0	630
0	601
0	615
0	645
0	636
0	642
0	512
0	579
0	622
0	678
0	483
0	426
0	264
0	261
0	562
0	172
0	527
0	388
0	325
0	525
0	260
0	299
0	158
0	447
0	207
0	232
0	362
0	592
0	57
0	582
0	586
0	583
0	366
0	550
0	596
0	610
0	589
0	360
1	381
0	121
0	206
0	66
44	42
0	126
14	286
3	221
1	108
2	195
0	64
0	181
0	59
1	1
2	0
2	2
0	0
0	164
12	296
0	232
0	222
0	218
0	105
0	45
0	32
0	25
0	25
0	24
0	30
0	155
0	119
1	3
0	4
0	144
0	2
0	2
1	0
0	17
26	72
0	21
0	147
0	244
1	42
1	329
0	359
0	66
0	63
14	71
0	147
0	234
0	114
9	113
0	85
0	101
0	32
97	192
0	32
0	11
4	133
2	124
37	0
28	92
0	75
0	73
0	0
0	0
4	153
1	244
0	271
0	190
136	278
0	168
0	243
0	240
0	240
9	232
0	135
0	289
0	0
2	0
0	154
0	0
363	0
0	1447
0	1469
0	1614
0	1593
40	670
24	831
0	22
0	34
0	18
0	8
2	0
0	470
0	354
0	625
1	269
0	232
6	40
1	54
102	54
5	0
435	991
0	906
0	76
0	821
3	290
0	40
0	0
0	0
0	0
671	302
3	106
0	89
6	196
35	1725
2	485
7	1153
2	811
0	1502
0	1181
0	6
0	1
0	6
0	17
0	2
0	1
0	16
0	0
0	18
0	18
0	578
1	567
0	163
1	198
0	176
0	62
0	288
0	897
9	968
0	177
0	9
0	116
12	282
1	228
0	33
0	240
0	5
0	42
1	25
4	57
0	58
0	24
0	948
0	224
0	106
0	224
0	154
1	61
1	224
0	3
0	22
0	22
0	21
0	22
0	15
0	3
0	3
0	8
0	0
0	0
0	0
0	0
0	0
0	0
0	0
0	0
0	28
0	0
0	2
0	2
0	28
0	38
0	38
0	5
0	1
0	1
0	0
0	35
0	0
0	2
0	2
0	1
0	1
0	1
0	33
0	0
0	0
0	0
0	4
0	5
0	32
0	5
0	0
0	32
0	3
0	30
0	29
0	1
0	27
0	30
0	30
0	38
0	28
3	167
148	224
0	28
0	3
0	9
0	13
0	3
5	34
1	22
0	11
0	16
0	11
0	6
0	148
44	876
0	82
1	51
0	30
3	69
0	876
0	12
0	1
0	2
2	11
0	6
0	12
0	0
0	12
0	13
0	9
0	5
0	0
0	0
0	0
0	1
0	1
0	0
0	0
0	0
189	0
0	315
0	42
0	327
0	326
0	399
0	12
0	308
0	14
0	317
0	19
0	41
1	3
1	389
0	220
0	222
0	205
1	25
0	381
0	376
0	209
1	38
0	7
0	76
0	4
0	7
4	51
0	7
0	51
1	76
0	0
0	0
0	0
9	637
6	627
0	674
0	671
0	686
0	87
0	313
1	51
0	71
5	76
3	95
3	17
0	645
0	627
8	616
0	630
0	639
6	35
14	30
27	25
0	89
0	83
0	27
0	20
0	249
0	23
0	31
1	220
36	187
0	214
0	24
0	535
0	655
0	657
0	644
2	589
0	645
0	542
0	391
0	167
0	180
0	120
0	0
0	55
5	59
0	59
2	13
1	0
22	1
0	77
212	202
11	108
0	16
0	202
8	39
0	209
0	35
0	241
2	20
1	123
0	232
0	49
0	85
0	0
0	213
0	2
0	41
0	42
0	35
0	74
0	42
0	90
0	33
0	66
0	9
1	79
0	78
1	25
0	1
0	232
0	256
1	252
30	100
7	102
20	112
1	33
0	41
9	38
0	32
0	1
0	1
0	1
0	1
0	1
0	0
0	0
0	0
0	0
0	0
0	1
0	1
0	1
0	0
0	0
0	0
0	1
0	1
0	0
0	217
1	217
1	85
0	1959
0	2452
0	2589
2	1309
0	2447
78	1806
1	2347
1	1078
1	1622
0	1559
8	315
0	646
6	562
0	775
0	594
12	18
0	160
2	153
0	150
0	19
2	6
5	0
179	21
5	21
0	0
0	1
0	0
0	0
0	0
0	10
0	0
0	181
1	26
1	158
0	77
0	79
4	47
0	73
0	67
0	33
305	501
62	501
386	21277
5	21272
11	21258
0	21275
1	421
0	33
0	13
0	126
0	28
27	431
0	8
0	172
0	109
20	820
0	780
3	692
0	719
2	614
0	1
0	23
0	22
0	5
0	13
0	9
0	9
0	11
0	11
0	6
0	4
0	5
0	2
0	0
4	3
0	3
112	152
0	96
0	147
1	137
0	135
0	87
0	14
0	0
0	290
3	135
0	477
0	321
0	265
0	239
0	78
0	36
0	0
0	0
0	0
1	235
0	605
163	711
0	378
0	430
2	14
0	5
0	20
2	160
0	208
0	140
0	5
0	14
0	208
0	0
0	0
2	3
0	3
0	3
0	0
0	0
0	0
0	0
0	0
0	0
0	0
101	92
0	22
0	41
0	14
0	24
0	20
0	56
0	1
0	29
0	18
0	0
0	0
0	0
0	0
0	0
0	0
0	0
0	0
0	74
0	70
0	75
1	66
0	68
998	32
0	32
0	925
0	921
0	921
0	460
5	56
0	337
0	922
0	73
0	272
0	30
0	9
1	17
1	836
0	1817
12	6811
43	6084
35	395
0	1166
0	950
0	1397
16	1894
1	1558
3	3817
6	969
16	1122
2	532
6	1577
307	61
0	22
0	58
0	251
0	232
0	178
0	209
1	20
0	83
2	18
0	51
0	57
0	34
1	31
1	11
0	28
0	3
0	1281
44	205
10	50
0	251
42	1281
0	438
0	441
0	1121
0	1168
6	1238
0	190
0	1196
0	0
0	0
0	0
2	0
0	1
0	1
0	0
0	0
0	1
454	333
5	164
0	195
3	37
0	153
0	115
2	113
0	133
0	129
0	121
0	31
1	55
0	32
0	24
0	0
0	0
0	0
0	0
0	0
0	0
315	652
28	502
0	472
0	66
223	66
0	83
5	94
0	651
0	505
0	516
3	629
1	75
0	438
0	461
0	63
95	0
0	0
0	0
0	0
0	0
0	0
0	0
0	0
0	0
0	0
0	0
0	0
1	67
0	22
0	34
0	62
177	188
0	173
0	50
0	2
0	1
0	16
0	32
0	19
0	19
81	389
0	102
0	148
0	148
0	225
0	174
1	91
0	187
0	2
0	9
0	8
0	3
0	11
0	127
0	61
0	3
0	0
0	0
0	3
6	5
127	6
2	3
2	1
4	7
118	53
0	1
0	4
0	4
1	1
0	0
0	0
0	1
0	3
0	18
0	17
0	14
0	7
0	4
28	3593
0	4241
20	4116
0	3728
1	3559
6	73
24	798
0	269
0	122
0	193
0	441
0	145
5	148
0	252
3	209
0	135
0	186
0	13
0	20
0	23
0	35
0	36
0	22
0	7
0	5
0	6
1	6
0	3
7	0
4	0
0	0
66	0
1037	0
256	209
0	161
0	79
0	166
0	18
2	1
0	1
0	1
0	1
0	0
0	0
0	0
0	0
1	1179
0	1192
0	1211
0	1263
0	1237
0	1222
0	1184
0	1155
2	1222
3	1107
1	1180
1	1033
0	486
0	299
0	1060
0	201
0	183
1	151
0	106
0	2
1	22
0	17
0	88
0	70
0	87
0	518
0	35
0	384
1	491
0	421
0	225
0	188
0	35
0	50
0	35
0	43
0	29
0	23
0	13
0	6
0	0
0	0
0	0
0	0
0	0
0	0
0	1
0	0
0	1
0	511
6	6
0	6
0	1
0	1
2	159
272	204
1	74
3	45
3	37
0	6
0	6
0	6
0	0
0	0
0	37
0	37
0	4
14	4
0	0
0	0
0	0
0	0
0	0
0	0
0	0
0	0
0	0
0	0
0	21
0	19
0	22
0	21
0	18
1964	1501
0	314
0	588
0	399
1	236
0	139
0	229
0	325
0	243
0	104
1	722
3	276
0	491
8	668
0	222
0	236
0	259
0	357
6	231
923	935
0	224
0	709
0	634
2	183
0	261
0	257
0	117
0	150
122	1291
2	1066
10	1271
0	1283
0	1244
0	821
0	333
0	235
3	62
1	164
0	472
3	201
0	299
0	108
1	152
0	103
0	93
0	120
0	204
11	224
0	80
0	204
0	180
0	155
0	159
0	119
0	114
0	107
0	101
1	121
0	80
1	71
2	0
0	0
0	0
0	0
0	71
337	675
0	164
0	147
0	0
0	0
0	0
0	0
682	0
0	3
0	3
0	3
27	2
0	2
1	2
1	1
0	0
106	35
7	35
0	0
72	0
0	1
0	1
0	1
179	266
1	257
0	125
0	73
0	48
0	26
0	9
0	51
4	52
0	15
0	12
0	5
0	0
44	93
1	4
1	94
0	101
0	26
0	11
0	9
0	8
36	12
0	89
53	429
1	159
0	101
0	43
0	340
0	88
0	115
2	326
3	405
0	84
0	89
1	340
0	100
0	88
0	47
0	106
0	118
0	409
0	125
0	52
0	101
7	245
1	259
0	263
0	234
0	93
0	61
0	63
0	48
1	1255
0	104
0	798
0	128
0	65
1	418
5	39
84	1159
1	53
0	117
14	659
0	101
0	203
0	73
0	0
3	68
28	279
0	96
2	15
2	230
8	221
21	149
1	101
1	96
0	673
0	1677
0	371
0	452
2	464
2	40
0	455
0	320
0	1662
0	1608
0	1674
0	47
21	1368
0	75
1	0
0	1368
48	18
0	1
0	17
0	11
0	6
14	147
0	145
8	42
4	33
0	17
0	82
0	0
0	0
0	0
0	3
0	2
0	3
0	3
4	867
9	864
0	386
0	652
4	141
24	18
2	324
7	96
6	81
0	861
0	160
0	143
0	243
0	109
0	823
6	127
3	105
0	13
4	174
0	96
1	0
0	0
0	0
0	95
0	78
0	95
389	95
2	20
0	16
0	21
0	45
2	50
0	17
0	9
0	9
5	60
5	45
0	32
0	17
0	6
0	10
0	0
0	0
0	29
0	11
0	31
0	0
0	0
0	0
15	559
0	535
0	558
3	30
0	20
0	15
0	35
0	0
0	14
1	48
0	36
1	14
0	23
1	1441
1	968
0	1057
0	63
47	1197
0	101
0	48
0	35
0	232
0	75
1	1441
0	119
14	221
0	224
0	2
0	22
0	7
0	4
0	4
0	125
0	132
0	27
2	1
0	26
0	35
0	15
0	20
0	20
0	9
0	135
0	91
9	672
2	28
0	71
5	355
0	28
1	31
0	42
0	77
0	368
0	344
1	677
0	3
0	216
0	36
16	226
0	40
0	37
0	30
119	687
5	641
7	648
0	673
12	169
2	52
0	74
0	84
244	132
7	46
1	31
1	60
0	35
0	0
0	166
0	162
0	47
1	55
0	14
0	13
0	17
0	18
0	17
0	17
0	7
0	6
0	9
0	5
0	6
0	5
0	4
0	2
0	2
1089	283
11	120
5	161
0	1
0	2
0	2
0	1
0	0
0	1
0	0
0	0
0	0
0	0
0	1
713	8
0	8
17	64
0	30
0	19
0	1
2	32
0	7
0	2
1	5
1	8
0	3
0	3
53	121
0	29
5	92
3	17
0	33
5	41
9	18
0	2
0	10
0	10
0	521
0	2821
0	499
4	2793
0	2
6	360
12	731
67	2685
0	333
0	380
3	652
69	396
0	27
5	138
4	133
4	138
28	37
1833	1959
86	1585
3	374
12	2433
12	2262
1	2351
0	168
0	631
0	96
0	1
3	531
2	97
539	72
0	72
1	75
22	0
0	75
929	2588
0	1755
0	2588
1	31
0	27
0	1
0	4
0	0
0	1
0	31
9	131
8	123
7	35
4	66
1	1
0	18
0	1
227	325
6	212
0	238
1	149
1	40
4	82
0	0
8	0
0	2
0	2
0	0
1	226
12	226
0	14
59	66
0	15
0	51
67	0
27	10
0	10
0	244
0	244
0	156
0	233
0	8
0	9
0	9
0	1
0	14
0	8
0	9
0	7
0	10
0	8
0	3
0	3
0	3
0	5
0	6
0	2
0	8
0	2
0	5
0	2
0	1
0	1
0	0
0	1
0	1
0	1
0	0
0	0
0	1
0	1
0	0
0	1
148	145
3	128
0	122
0	83
0	73
0	53
0	53
0	32
8	8
0	51
1	58
1	45
2	44
0	0
0	0
0	446
2	490
1	483
0	467
4	482
0	363
0	62
0	82
0	63
0	36
0	77
0	16
0	123
0	55
13	49
0	49
3	11
0	3
0	12
0	760
0	40
12	272
0	211
2	208
0	153
0	120
0	111
6	83
0	79
17	60
66	4
0	0
2	1160
27	1239
0	26
0	43
0	18
1	1090
0	766
1	42
0	102
7	631
0	1
0	91
2	26
4	703
4	632
0	126
0	27
0	38
0	126
218	823
0	823
1	110
0	166
0	294
0	162
10	396
18	335
0	717
0	1034
1	813
0	227
1	991
1	790
0	55
0	670
0	452
3	980
0	683
0	75
0	787
0	220
0	93
0	281
0	926
1	288
3	188
1	8
1	268
3	444
22	1026
0	35
0	104
0	0
0	0
46	1442
13	1431
1	209
0	231
0	252
0	199
18	567
0	28
11	509
0	449
0	103
2	11
0	37
0	22
2	60
0	354
6	60
3	249
0	175
1	265
0	2
1	31
0	31
0	30
0	16
0	6
0	4
0	4
0	2
1	2
0	30
0	0
0	0
0	0
0	0
0	0
0	0
0	0
38	8
93	3201
0	147
0	1758
4	3173
0	1943
0	327
1	95
9	492
197	175
0	103
1	175
0	0
0	0
0	0
0	0
0	0
0	0
0	0
0	8
1	872
0	895
0	1033
0	7
0	26
1	977
275	0
0	665
30	278
0	279
0	94
0	38
1	0
0	55
0	637
0	675
0	29
1	29
3	22
0	2
0	5
0	1
10	13
0	9
0	13
0	1
0	1
0	1
0	1
0	1
0	1
0	0
0	0
0	1
0	0
15	0
1	81
0	1351
0	1171
179	1351
0	27
5	1040
5	110
11	16
0	0
0	2196
0	153
1	553
0	1575
0	2235
0	1998
0	543
0	427
0	1843
0	1769
6	139
0	369
0	761
3	403
0	302
0	209
0	433
0	637
0	269
0	405
0	397
0	457
1	195
2	305
0	188
0	0
0	97
0	52
0	8
33	136
0	16
0	66
0	4
0	7
0	1
0	14
0	13
0	1
0	9
0	12
0	8
1	9
0	3
0	13
0	134
0	419
4	411
0	446
0	439
0	165
0	282
1	34
1	116
0	77
0	71
0	72
0	61
3	19
24	8
23	19
0	13
0	13
0	447
0	0
671	0
0	500
3	816
16	760
0	110
3	27
197	312
0	206
0	138
0	1
0	1
0	1
0	0
0	1
1	0
0	0
0	0
0	0
0	1
0	23
5	23
0	17
2	306
69	324
2	51
0	4
0	0
0	0
0	0
0	4
0	0
0	0
0	0
0	2
0	4
2	3
0	4
0	805
0	730
1	657
0	565
0	45
3	59
2	13
2	159
2	172
0	123
0	125
3	120
36	179
2	8
6	97
0	1308
32	1285
0	150
0	146
0	66
4	90
0	185
0	198
2	212
26	91
18	848
55	780
0	1067
0	999
8	301
0	753
3	596
0	179
1	168
0	42
1	119
44	263
1	174
0	151
0	0
0	110
0	221
0	214
0	10
0	0
0	6
0	9
0	7
0	108
0	11
0	16
0	20
0	0
7	875
0	829
0	145
0	322
2	103
1	104
0	107
0	103
0	110
0	79
0	76
0	40
0	15
5	9
0	11
0	22
0	14
0	1
0	14
0	11
0	16
1	4
0	14
0	12
31	371
1	356
0	288
0	39
0	162
14	0
0	156
1	18
8	12
0	197
0	165
0	136
0	116
1	24
1	91
84	1001
4	946
0	672
0	892
0	100
0	28
0	40
0	44
0	9
0	18
0	1
0	1
0	0
0	0
0	0
0	0
8	1411
0	1420
0	1411
2	1136
0	1409
3	869
1	507
5	685
0	683
0	674
0	653
1	504
1	379
0	138
0	0
0	0
0	0
0	0
0	0
0	8
0	8
0	8
0	9
0	8
0	8
0	5
0	4
0	6
0	4
0	3
0	2
0	4
0	3
0	2
0	3
0	2
0	3
0	3
0	1
0	2
0	2
1	33
0	25
73	418
0	305
1	45
13	41
0	18
0	377
1	279
0	117
0	249
27	0
0	7
0	0
0	0
1	91
1	91
0	89
0	91
0	263
84	104
0	104
0	4
0	2
0	0
0	2
0	2
0	2
0	6
0	2
0	5
0	4
154	606
6	594
4	116
10	20
33	23
0	3
0	0
0	0
0	0
0	0
0	0
7	7
0	7
83	26
11	10
0	16
0	7
0	8
0	7
0	4
0	5
6	28
0	26
5	25
2	18
21	1375
68	399
0	123
0	189
0	116
0	143
18	1622
8	181
1	131
0	170
3	293
0	290
8	60
14	77
0	244
2	122
0	167
14	152
0	61
55	362
2	125
0	353
0	194
14	109
0	320
0	7
1	30
1	8
0	6
7	31
0	3
0	0
0	1
6	0
0	118
0	188
0	172
0	205
0	105
0	220
0	203
0	72
0	28
0	24
0	217
0	188
0	198
0	202
0	190
0	155
0	145
0	216
0	140
0	205
0	189
0	201
0	173
0	113
0	185
0	136
0	172
0	128
0	169
0	189
0	209
0	187
0	202
0	168
0	187
0	187
0	170
0	198
0	183
0	142
0	141
0	168
0	187
0	180
0	188
0	203
0	189
0	183
0	174
0	184
0	183
2	18
0	183
0	186
0	170
0	195
0	199
0	212
0	168
0	165
0	179
0	183
0	187
0	158
1	127
0	158
0	188
0	172
0	124
0	170
0	179
0	153
0	151
0	40
1	119
0	183
0	177
0	185
0	156
0	66
6	167
0	165
0	170
0	155
0	93
0	60
0	85
0	64
0	48
0	73
1	70
0	66
0	40
0	20
0	1
0	12
0	27
0	13
0	964
858	1995
0	1557
0	26
2	41
0	55
0	41
0	25
0	18
0	22
1	14
0	6
0	215
398	236
0	47
4	37
0	2
0	2
0	0
0	0
0	0
0	0
0	0
0	1
0	1
11	452
24	684
0	690
1	708
1	451
3	288
5	147
5	120
0	0
0	0
0	0
0	0
0	0
0	0
0	0
0	0
0	0
0	0
0	0
0	0
3	6
0	1
1	78
0	3
1	0
0	2
0	9
0	5
0	4
0	78
73	1864
0	1863
13	78
0	118
11	99
0	78
0	136
0	218
7	72
1	46
0	194
0	48
0	49
1	6
0	7
0	4
21	2
0	2
4	202
0	871
0	874
0	872
1	78
0	12
1	11
0	17
0	11
0	14
0	874
0	872
0	68
83	1
1	1
0	4
1	3
0	2
0	2
0	4
0	4
0	3
0	2
0	1
0	1
0	4
0	22
28	118
0	8
12	114
1	11
0	44
0	41
0	12
4	16
436	30
0	2
0	28
0	18
1	1
1	4
0	3
0	4
2	1
0	1
0	0
0	193
0	185
0	78
0	51
5	115
0	159
0	197
0	114
0	59
0	53
1	10
0	22
0	6
0	198
0	1573
0	1564
3	650
0	1564
6	560
1	1472
6	1368
0	561
0	183
5	248
8	249
0	1
0	1
1	15
1	12
0	125
5	136
0	298
0	889
0	884
0	867
0	371
0	1
0	1
0	0
0	0
0	1
0	0
0	0
0	1
0	1
0	0
79	844
0	868
0	976
0	354
1	90
0	158
5	78
0	194
0	190
2	28
0	114
1	82
0	102
0	86
0	223
0	308
0	274
2	176
0	226
0	143
1	249
0	143
1	210
0	153
0	93
0	143
0	69
0	39
1	910
0	4
0	3
0	1
0	3
0	3
0	0
0	3
0	0
63	0
0	781
0	749
0	60
1	558
0	53
0	54
0	0
0	196
0	171
27	2
0	2
0	0
0	0
72	111
0	111
0	93
0	15
0	73
0	2
0	0
1	106
13	183
477	183
4	535
0	463
0	369
0	109
0	77
0	21
3	20
0	1
0	1
0	0
0	1
0	1
0	1
0	1
0	0
0	0
1	60
123	160
0	0
0	37
0	37
0	20
0	15
0	14
0	15
0	24
12	289
0	316
5	238
0	273
0	93
0	161
0	121
0	94
0	68
0	48
2	26
146	0
0	0
0	0
0	0
12	112
0	10
0	139
8	712
0	172
0	712
7	714
0	129
0	114
0	135
0	120
0	111
0	150
0	343
26	469
0	482
13	319
0	209
15	152
0	122
0	0
0	0
0	0
0	0
0	0
0	0
0	0
0	0
0	0
0	0
0	0
0	0
179	3563
0	3073
21	1077
0	2119
20	1691
0	1499
1	224
0	1083
1	776
0	564
0	3
0	86
0	805
0	849
0	803
1	106
0	407
0	84
1	52
5	473
0	181
0	95
0	33
0	180
0	181
0	176
0	407
0	165
6	388
24	374
0	354
0	304
0	260
0	149
3	200
1	207
3	101
3	46
212	18
0	18
1626	633
0	94
0	21
0	395
2	49
3	0
13	289
3	260
3	96
1	138
0	10
0	0
0	66
0	66
31	2213
3	1475
27	186
66	1472
16	1293
0	0
19	1595
2	329
2	1366
2	679
3	0
0	0
0	0
2	0
0	0
0	0
0	0
363	137
6	0
0	8
0	4
0	19
2	3
0	18
0	38
0	17
0	23
1	24
1	14
716	330
1	95
0	314
11	19
318	161
1	107
1	54
5	45
0	51
0	0
0	0
452	71
0	71
0	106
16	157
0	142
0	121
0	21
0	533
596	991
1	373
0	991
26	213
0	158
0	136
0	15
0	15
0	12
5	7
3	11
4	10
0	2
0	10
0	8
0	8
2	8
0	8
0	8
0	27
0	30
2	31
0	31
1	5
1	8
81	150
0	150
1	115
0	74
0	24
0	4
1063	453
1	453
3	170
0	989
41	948
0	996
1	398
0	660
8	337
0	862
0	237
1	153
0	125
0	299
0	54
4	27
0	65
1	175
5	229
4	121
0	105
1	68
0	74
0	42
0	13
0	269
2	340
1	175
0	311
5	154
3	147
0	0
1859	6783
0	106
0	947
2	3881
5	6490
15	3930
0	0
0	0
2325	373
9	106
9	267
0	0
0	0
16	5
0	1
0	0
5	4
1	79
2	78
0	4
29	1
0	1
0	103
0	86
0	86
0	86
0	87
0	26
0	23
0	22
0	13
0	11
0	12
0	0
0	8
0	16
0	6
0	13
1	5
0	5
0	8
0	9
1	9
0	0
0	0
0	0
0	0
0	8
2	11
0	0
0	0
965	38
7	42
0	4
0	449
4	412
0	428
1	426
6	139
0	299
5	14
0	0
28	0
0	698
0	687
2	208
0	221
43	86
0	698
156	259
1	245
0	34
8	18
0	175
0	131
1	167
1657	1904
1	419
58	702
1	1763
6	28
1	172
7	267
0	82
3	760
0	31
0	758
6	558
28	610
1	759
23	498
0	99
2	655
0	670
0	686
1	381
0	1
0	2
0	2
0	2
0	2
0	2
0	2
0	3
0	1
0	0
0	0
0	0
0	0
0	0
2	214
0	9
1	117
0	12
0	22
0	89
0	29
0	23
0	214
0	0
541	1117
0	257
0	123
1	1052
1	58
0	12
0	905
36	905
0	904
0	608
0	0
874	344
2	344
0	205
0	42
0	271
9	343
0	260
0	2
2	32
1	1
0	58
0	25
0	22
0	11
0	2
1	1
0	0
0	0
0	2
0	0
5	342
0	14
12	14
0	0
0	2
1	1
0	1
245	3415
4	2859
4	3180
18	341
0	0
0	0
0	0
0	0
0	0
0	0
0	0
0	0
0	0
16	55
0	53
0	159
0	172
0	107
0	15
3	0
6	9
2	9
1	0
9	4
0	0
0	4
0	0
0	0
0	0
0	0
0	0
0	0
0	0
0	0
0	0
0	0
0	180
0	208
50	208
0	164
0	110
3	0
0	0
0	166
0	0
0	188
0	177
0	198
0	18
0	110
0	12
0	2
0	22
0	20
0	21
0	3
0	18
0	0
0	1
0	3
0	1
0	2
0	2
0	1
0	1
0	0
0	0
0	0
0	44
1	6
0	45
0	65
0	4
0	9
2	50
22	1
0	0
0	1
5	57
0	10
0	10
0	16
1	33
0	37
0	5
0	33
0	9
1	4
1	7
0	175
0	175
0	171
0	104
3	160
0	164
0	105
0	194
2	196
0	163
0	23
0	105
0	76
0	43
0	65
0	0
0	174
1	547
0	96
0	410
1	199
0	390
5	50
76	1236
1	425
0	5
0	136
0	192
0	1231
0	161
0	137
0	175
19	2
0	229
0	286
1	69
0	53
0	69
0	38
0	11
0	8
0	8
0	6
0	4
0	4
0	2
1	0
0	0
0	0
0	202
2	108
0	64
0	61
0	56
0	37
0	14
0	12
0	2
0	4
0	9
0	9
0	5
0	2
0	1
0	2
0	1
0	0
0	101
0	73
356	73
146	66
1	77
3	77
0	25
0	0
12	0
10	202
10	41
1	119
0	66
1	0
0	149
0	21
3	144
0	180
0	19
0	0
711	0
101	52
0	52
577	0
1849	414
1	86
0	68
0	86
0	807
0	119
0	831
0	55
0	39
0	58
0	122
0	156
0	86
1	822
0	63
0	150
0	46
14	38
1	54
0	79
0	822
0	719
0	212
1	1559
0	1634
0	398
0	206
0	308
0	1623
0	1534
9	119
4	233
17	336
0	352
0	179
0	384
0	177
0	188
0	246
0	162
0	154
1	141
4	99
3	85
0	712
1	731
0	360
0	35
0	810
1	775
0	383
0	0
0	0
0	0
0	0
0	0
1	395
0	1387
12	1201
1	729
2	1110
4	513
0	1852
0	1016
72	1869
21	181
15	316
2	23
14	823
8	64
8	195
5	1032
2	150
4	138
0	1039
6	436
0	434
2	110
3	412
0	527
0	312
0	1039
3	795
0	617
4	804
0	1364
1	614
1	1005
23	1170
1	591
0	0
275	280
0	280
35	0
0	1
0	1
0	1
2	1
3	32
1	8
3	34
0	9
0	3
0	7
0	199
0	318
0	176
0	205
0	265
0	114
0	108
0	90
0	82
1	22
0	22
0	20
0	26
0	38
0	51
0	543
0	26
0	516
4	500
0	534
23	2064
10	1884
0	2023
11	1405
0	1238
19	18
2	275
65	386
1	286
2	376
0	61
19	374
0	376
6	1301
0	1277
0	625
0	693
0	699
4	211
6	189
0	192
0	20
0	291
0	178
0	123
0	101
0	77
0	66
0	50
0	19
0	26
0	1
0	27
0	31
0	33
0	0
0	37
62	39
1	3
0	7
0	0
0	39
0	16
0	0
0	0
0	0
0	0
0	0
0	0
0	0
0	0
0	0
0	0
0	0
0	0
0	0
0	0
0	0
0	0
0	0
0	0
0	0
0	0
0	0
0	0
0	0
0	0
0	0
0	0
28	6
0	6
0	6
0	1
0	1
0	1
1	1
0	1
0	1
0	0
0	1
0	1
1	1
0	0
0	0
0	143
7	159
1	53
0	72
1	17
0	201
0	188
1	182
0	40
0	35
0	27
0	28
1	11
0	11
0	42
0	5
0	27
0	21
0	36
0	17
0	15
0	18
0	15
295	568
0	558
1	20
2	63
0	69
6	59
0	34
0	33
0	42
1	38
53	296
0	154
4	258
8	0
6	267
0	54
0	231
0	105
1	180
1	2
0	21
0	2
224	0
252	0
0	13
7	17
0	13
0	455
0	378
0	0
0	0
283	596
0	508
1	480
0	373
3	109
0	137
1	89
0	53
4	6104
631	6104
79	1628
1	10
277	10
0	0
2	364
0	0
0	0
1	0
160	0
1	1
0	2
0	14
0	22
0	0
0	0
0	0
0	0
0	1
3	15
0	17
0	5
0	0
0	0
0	3
0	0
0	7
0	1
0	1
0	0
0	2
0	7
0	1
15	480
7	356
0	374
0	332
0	42
1	364
1	36
3	82
0	807
2	664
0	704
0	66
0	141
0	724
0	153
11	146
0	633
0	33
0	789
0	750
9	738
1	746
0	215
4	121
0	123
7	215
0	115
0	159
0	27
0	18
4	2
0	468
0	332
0	481
1	15
0	13
0	36
0	62
1	12
2	4
0	480
0	404
1435	0
3	98
0	87
0	1
0	11
1	9
0	0
131	1143
2	76
5	739
0	33
0	1095
0	720
0	378
0	162
2	326
29	2501
0	2522
0	2448
0	2391
0	2477
0	2271
0	2352
0	470
5	227
0	0
2	53
0	67
0	29
0	53
14	136
0	130
0	3
0	9
0	11
0	8
0	4
1	0
0	31
0	1
0	0
0	0
0	0
0	1
0	0
0	0
0	0
0	0
1	778
10	810
0	752
2	2
1	658
0	64
1	241
949	1007
5	933
0	254
0	250
2	155
3	55
1391	213
0	31
4	83
0	23
0	76
0	0
0	0
0	0
0	3748
0	0
0	1
0	1
0	1
0	1
0	0
87	1420
42	1420
5	295
0	154
11	102
0	7
0	8
0	7
0	8
0	4
1	2
0	8
0	8
0	6
0	8
0	1
0	1
0	1
0	1
0	607
0	1
0	0
0	3
0	0
0	2
0	0
0	2
0	2
0	2
0	2
0	2
0	27
0	2
0	1
0	0
0	0
0	0
0	0
0	27
61	430
54	413
3	172
0	200
1	116
0	199
0	129
0	0
0	0
10	184
0	175
0	103
0	68
18	3
0	117
0	61
0	52
0	52
0	42
0	9
0	40
0	7
0	10
0	6
0	10
0	19
0	3
0	17
0	13
0	12
0	14
0	11
0	13
0	11
0	9
0	9
0	8
0	8
0	8
0	8
0	7
0	6
0	4
0	6
0	7
0	4
0	6
0	5
0	2
0	1
0	2
0	2
0	1
0	2
0	2
0	1
0	2
0	2
0	1
0	113
0	115
0	115
0	115
0	113
0	115
0	115
1	7
1	7
28	215
0	30
3	188
0	104
0	74
0	19
0	85
30	85
0	41
0	784
8	713
22	741
0	737
1	787
0	728
0	39
0	267
0	216
5	73
0	77
0	208
0	103
9	98
0	437
0	0
0	0
0	0
0	551
4	401
0	365
0	249
2	72
0	537
0	215
314	2355
13	85
0	2213
1	101
0	107
3	114
1	84
0	92
9	92
3	31
7	23
25	23
0	70
4	697
0	89
0	704
0	13
3	435
0	236
240	249
1	249
0	0
0	0
0	0
0	48
0	260
0	43
1	119
0	267
0	237
0	254
0	7
0	12
0	82
0	257
0	41
0	51
0	272
0	55
0	30
2	48
31	107
36	0
0	0
0	0
0	0
0	0
0	0
0	0
0	0
0	0
18	0
1421	0
0	1
0	3
0	7
0	3
0	1
0	2
0	4
0	7
1	2
0	4
0	243
1	225
13	52
0	184
0	182
0	81
1	57
0	180
0	176
0	121
0	125
0	38
0	21
0	27
0	26
0	26
0	27
0	0
0	0
0	0
0	0
0	0
0	0
0	0
0	0
0	0
0	0
7	9
0	9
0	4
0	9
0	6
0	3
1082	1428
108	1428
16	505
4	230
0	470
2	55
0	84
1	105
0	161
0	382
0	156
0	360
0	281
2	318
0	412
0	218
17	173
2	137
1	204
143	173
0	328
0	244
0	233
0	191
26	171
0	155
0	84
1	45
6	5
0	7
2	66
204	92
0	15
0	53
0	59
0	40
0	43
0	13
13	30
0	322
1	30
5	65
0	90
0	128
0	90
0	277
0	141
0	68
0	31
0	92
1	12
0	46
0	53
6	228
0	2
0	1
0	0
0	0
0	0
0	0
0	0
3	0
0	0
0	0
0	0
0	24
0	19
90	0
0	0
0	2
0	0
0	2
0	1
0	1
0	1
0	0
0	0
0	0
0	0
0	1
186	0
2	981
63	398
0	862
0	999
1	110
0	379
0	689
0	896
0	1
0	1
2	152
0	159
0	46
0	21
0	21
0	18
6	0
1	7
0	26
305	327
0	300
1	0
0	27
0	118
2	107
0	116
4	36
0	7
1	28
1	32
0	13
4	6
1	1
4	1642
0	1736
0	1737
1	2197
0	2148
0	2107
1	1736
0	1737
0	838
6	456
10	481
0	510
0	7
1	0
0	1288
1	175
2	46
66	52
44	188
0	21
0	0
1	0
4	360
9	324
1	79
5	26
0	103
2	94
0	70
108	0
3	1
0	1
28	447
404	444
0	133
1	63
5	65
0	66
0	103
0	132
0	109
1	34
1	14
0	38
0	63
0	22
1	40
2	46
1	6
2	17
1	29
0	2
0	0
0	0
1	349
3	36
190	859
6	749
0	0
0	0
0	102
0	1023
0	1052
0	913
1	239
0	123
0	55
1	188
0	82
0	44
40	130
0	14
0	11
0	3
2	4
0	4
0	0
0	0
0	0
0	9
0	0
0	117
1	1
0	111
0	1
0	2
0	111
0	2
0	5
0	5
0	82
0	1
0	1
0	0
0	0
0	0
0	1
0	1
0	1
0	0
0	1
0	0
0	0
0	1
0	0
0	3
0	3
0	1486
0	1529
116	1516
0	101
2	367
0	364
0	327
0	302
3	111
0	94
1	52
0	3
462	166
1	149
0	141
4	120
0	105
0	25
602	0
0	1713
59	838
1	128
4	1442
3	180
0	40
0	206
0	224
1	179
76	685
3	181
1	140
0	158
1	46
0	1587
0	0
0	0
0	0
0	0
0	0
0	0
0	0
44	546
55	539
2	63
3	8
0	36
0	33
0	218
0	213
0	66
0	37
2	74
1	121
0	210
2	17
0	1094
0	504
0	534
2	100
0	80
0	0
0	348
0	0
0	0
0	0
0	675
0	102
0	142
0	0
0	1094
0	98
0	0
0	0
0	757
0	341
0	290
0	310
0	81
0	65
0	61
0	224
0	134
3	508
0	71
2	355
0	95
8	71
0	73
0	0
0	110
0	0
0	0
1	128
2	8
0	0
0	0
4	283
0	0
0	356
0	0
0	346
0	0
0	0
0	0
3	48
0	0
0	66
0	1
0	79
0	2
0	1
0	0
1	77
0	5
0	7
0	5
1	30
0	31
1	82
0	76
1	26
6	11
0	0
0	114
0	514
0	473
7	361
0	192
0	15
1	371
0	337
0	237
8	103
2	62
0	531
76	408
0	319
9	517
0	365
0	205
0	199
2	96
0	280
2	55
0	34
0	29
0	7
89	0
535	165
2	161
0	126
15	1454
103	581
0	1228
0	1183
0	1107
0	1210
0	855
10	1023
0	355
26	84
0	617
50	531
0	605
0	132
16	265
12	183
0	179
0	0
0	0
0	0
0	99
0	3
0	12
0	101
0	8
1	2
8	99
0	10
0	3
0	8
0	3
0	5
0	19
0	100
0	98
0	35
0	0
0	0
0	0
0	0
0	0
0	0
0	493
11	459
0	36
0	206
0	2
0	363
2	50
0	60
617	816
2	816
3	87
0	86
0	86
0	136
421	1082
3	229
0	83
0	76
0	22
1	103
1	95
6	225
5	563
4	50
4	1
0	11
0	0
0	0
0	0
0	73
6	80
3	88
0	48
0	6
0	6
0	6
0	7
0	6
2	1
0	0
0	0
0	175
114	198
0	142
0	57
3	59
1	13
8	19
0	9
0	0
15	94
1	13
4	20
0	41
74	206
2	66
5	103
0	150
4	49
0	43
0	43
3	15
0	0
0	24
0	201
0	203
0	22
0	13
0	42
0	43
0	43
0	38
0	19
0	0
83	30
0	8
1	22
0	15
0	10
0	0
0	0
0	0
0	0
0	0
4	0
0	0
0	0
39	43
0	43
288	787
18	244
1	245
0	245
10	434
0	8
0	8
0	10
0	8
9	34
0	248
1	45
0	45
0	48
16	271
0	221
0	40
0	0
0	0
0	13
0	15
0	14
0	14
0	14
0	11
0	10
0	4
0	1
0	2
0	2
0	1
0	15
1	259
2	39
0	260
23	167
0	246
0	254
15	223
0	47
0	46
0	36
0	50
0	51
0	11
0	18
0	32
0	7
0	6
0	26
0	37
3	12
0	55
0	52
7	54
0	67
0	53
0	36
0	30
2	17
0	26
0	24
0	27
0	13
2	11
0	10
0	81
426	380
0	53
0	14
0	296
0	0
0	0
0	41
70	242
0	242
0	15
9	15
0	0
0	8
2	12
0	12
0	11
0	796
2	757
1	681
0	765
0	17
1	3099
0	1821
929	1824
0	642
26	1823
1	1289
88	484
0	1
0	0
0	1
0	0
78	76
1	0
0	0
0	0
0	0
0	0
0	0
0	0
0	0
0	0
0	0
86	248
38	248
0	0
0	0
0	0
0	0
0	0
0	0
0	0
0	0
0	0
0	0
0	8
2	482
1	482
0	478
0	17
2	23
0	23
1	0
0	1
1	2
0	0
0	25
0	7
0	21
0	25
0	2
1	11
0	5
0	5
0	5
2	5
0	1
0	1
9	836
0	67
25	834
0	144
7	168
0	90
0	25
1	44
1	44
0	164
0	112
4	95
0	49
1	25
0	136
0	67
0	150
0	156
1	137
0	1087
0	1082
334	719
0	531
0	525
1	525
0	482
0	0
0	0
0	0
53	22
0	22
2	16
0	16
0	622
2	628
0	29
2	51
3	250
37	526
1	44
0	33
0	36
0	632
0	47
0	35
0	28
0	10
4	17
0	12
0	18
0	44
0	47
1	39
230	84
1	84
0	82
0	0
0	0
6	690
1	565
3	52
0	53
33	176
0	33
0	73
1	156
5	91
1	615
0	0
0	0
0	0
0	3
0	3
0	0
0	2
0	0
0	0
0	2
0	5
0	5
1	2
0	3
0	1
2	1
0	1
0	0
0	0
0	0
1	0
1	3078
0	1608
3	632
32	2008
2	1268
0	649
0	1772
200	67
2	27
0	44
3	26
0	1979
194	3957
37	3939
5	94
10	1029
6	48
0	517
0	425
0	517
0	288
0	288
0	50
0	23
0	517
41	17
0	0
1	3309
1	801
0	3699
4	820
0	141
0	3391
0	960
0	874
0	549
3	1238
1	3539
0	1059
1	830
1	773
0	3418
0	2947
0	2
0	2
0	5
0	3
0	1
1	0
0	0
0	3
0	2
14	344
0	330
10	346
0	13
0	0
4	131
0	131
0	5
2	12
0	5
299	857
97	713
0	521
6	115
0	84
0	0
2	0
0	0
20	115
0	115
0	19
0	19
0	0
0	73
0	74
11	74
11	1156
1	1081
1	742
0	775
2	756
0	796
1	158
2	137
0	82
0	0
12	53
2	34
0	0
1	2
40	31
2	29
0	2
0	1
0	0
0	1
0	1
1	288
0	624
1	942
0	942
0	558
0	101
0	58
0	85
4	49
0	4
0	136
0	50
0	1281
9	1246
1	497
0	503
0	432
0	84
0	76
0	48
0	7
0	274
0	0
1	46
0	14
0	1230
0	1256
0	2
0	0
0	0
0	0
0	88
0	30
2	374
21	45
0	28
0	352
0	327
0	315
0	38
0	299
6	175
2	47
0	92
0	366
21	12
0	12
0	7
1	2915
0	3137
0	851
0	574
1	520
0	1593
9	395
2	576
0	1488
0	1452
1	818
4	128
4	131
4	2047
28	3169
1	3020
0	410
6	1612
0	2341
4	1430
0	820
0	2064
0	37
0	2390
0	1562
0	2002
0	1844
0	1748
0	1806
0	29
0	1928
10	486
1	738
0	923
0	0
0	0
0	0
0	0
0	0
0	0
0	0
0	144
0	788
0	16
0	582
0	169
1	74
3	733
5	724
0	733
0	1
0	1
0	1
1	50
29	65
0	61
1	0
5	0
1	0
2	0
0	32
0	32
0	32
0	32
0	0
2	354
0	0
0	0
0	0
22	31
0	30
0	3
0	29
0	27
0	10
0	7
0	2
0	0
0	0
6	288
1	281
0	326
0	321
0	115
0	115
0	157
0	158
0	160
0	129
0	136
0	128
0	125
0	132
0	70
0	60
1	71
0	50
0	50
0	46
1	23
0	37
0	49
2	34
0	0
250	10
3	7
1	12
0	0
0	0
1607	1679
0	250
1	553
0	1615
0	600
2	1385
0	484
96	47
7	47
0	330
0	336
0	350
0	230
0	257
0	261
0	341
0	331
0	287
0	287
0	278
1	8
0	8
1	409
61	608
5	18
0	15
0	602
79	659
2	150
10	521
25	46
41	42
1	146
12	310
0	128
0	109
0	100
0	70
0	69
2	102
1	157
2	77
7	316
2	332
3	261
4	48
9	104
0	201
0	2
0	4
0	4
0	0
0	4
1	483
10	725
571	725
3	49
1	10
4	200
1	12
0	63
125	245
0	0
0	0
0	0
0	0
0	10
0	9
0	4
5	10
0	0
0	7
0	1
0	5
0	1
3	1
0	0
0	0
0	0
6	1
0	0
0	0
1136	0
0	252
17	252
0	13
0	84
32	254
14	254
0	773
0	0
174	236
16	239
0	139
0	70
0	0
10	820
0	791
0	956
0	825
33	624
0	927
4	153
14	123
8	52
0	26
2	142
0	285
0	64
1	23
7	23
0	187
16	533
39	308
0	506
0	165
0	190
0	31
0	0
0	0
0	0
0	338
28	347
64	348
2	286
166	311
0	97
0	311
0	0
0	0
0	0
0	0
0	0
0	0
0	3
0	2
0	3
0	3
0	0
1	0
0	1
0	0
0	0
1	0
164	322
0	0
0	0
0	19
0	2
0	2
3	17
0	2
0	2
0	322
3	158
0	27
0	2
0	1
0	1
0	1
0	826
0	844
8	826
0	856
12	367
0	112
0	71
0	0
0	0
0	0
0	0
0	882
1	1016
2	838
1	329
0	260
1	189
1	1011
1	6
0	6
4	5
0	0
0	0
0	0
0	4
0	0
0	0
0	0
0	5
0	5
0	7
0	8
0	1
0	4
1	782
0	937
33	937
11	409
2	14
1	19
0	7
1	4
1	3
0	2
0	0
0	0
0	0
0	0
0	0
0	0
0	0
0	0
0	0
0	0
0	0
0	0
0	0
0	0
0	0
0	0
0	0
0	0
42	1117
0	124
399	1190
1	1091
3	1116
2	96
0	2
0	2
288	283
0	365
10	425
11	420
323	171
4	152
0	174
0	41
37	32
0	13
0	5
8	21
0	1192
0	94
22	1852
2	1837
0	1708
0	68
6	1325
0	511
2	22
8	124
0	43
1	50
66	2432
0	2399
0	2306
10	2185
0	107
3	150
6	8
0	592
11	748
1	26
0	715
0	33
0	0
1	11
0	51
0	5
0	131
0	3
0	3
0	52
4	36
0	50
0	6
0	2
0	15
1	0
0	3
0	24
0	128
0	0
0	68
10	283
0	355
0	443
4	505
0	524
1	465
0	154
0	181
0	205
0	18
0	181
0	196
1	0
0	442
4	501
3	659
4	698
0	677
0	17
0	107
0	211
0	105
0	227
0	19
0	13
9	21
0	21
11	22
1	17
102	1524
0	847
3	223
0	1291
0	1406
222	457
1	133
0	21
0	54
1	69
3	302
0	15
0	0
445	319
0	150
0	55
0	168
0	0
0	0
92	408
3	359
0	386
1	16
80	206
3	10
0	201
2	11
0	1
7	5
0	36
0	18
0	258
36	153
2	5
2	6
0	6
28	397
2	65
5	333
0	18
0	63
0	0
0	41
0	1
0	1
0	14
1	12
0	21
0	0
0	0
7	0
9	44
0	44
0	11
0	111
0	446
0	477
7	451
0	456
1	310
1	159
0	227
18	124
0	222
0	237
0	409
0	242
0	152
0	192
1	58
21	263
744	0
47	151
0	135
1	103
3	54
0	106
0	69
3	54
0	23
3	32
0	0
0	0
0	0
0	0
0	0
0	0
0	0
0	0
0	0
0	0
0	0
0	0
0	0
0	0
0	0
1	0
470	76
0	24
0	74
15	213
0	80
1	47
0	14
3	39
0	14
1	80
0	8
7	127
1	24
0	9
0	135
0	35
0	138
2	1
0	126
0	2
101	910
13	629
5	625
0	621
0	176
0	156
1	367
0	92
0	311
0	176
0	261
0	135
0	226
0	182
0	168
0	251
1	236
0	160
0	140
0	88
0	151
0	104
1	93
0	93
0	100
0	154
1	157
2	152
0	21
51	161
0	6582
0	6582
98	5444
5	252
241	2599
0	6570
3	5219
15	6366
4	6367
2	2662
1	26
0	6
6	48
0	21
1	5
0	8
0	22
0	4
0	4
0	42
6	173
310	195
1	32
106	63
0	63
0	1787
64	1787
1	1
1	1
1	1
0	0
0	4
0	0
0	0
0	3
0	0
0	2909
0	5549
0	0
0	0
2	0
53	43
0	37
0	33
0	34
0	20
0	18
0	3
0	3
3	629
2	591
6	595
5	148
3	23
0	0
0	0
3	0
2254	316
0	0
1	145
0	157
1	125
1	121
0	32
0	27
1	34
0	155
2	20
2	30
0	39
0	230
0	155
0	200
0	191
0	220
0	107
0	57
1	90
0	85
4	136
0	192
1	31
1	22
0	72
0	65
1	66
1	67
0	55
0	60
0	46
0	1
0	34
0	15
1	0
4	0
2	0
0	12
0	5
0	0
0	0
0	33
242	89
6	32
0	41
0	3
0	57
0	0
0	0
0	0
1	0
0	0
0	2
0	1
0	0
0	0
0	1
0	2
0	0
0	0
0	0
0	0
0	0
0	1
0	0
0	0
0	0
0	2
0	2
0	0
7	23
0	1
0	3
182	3
0	3
0	0
0	0
0	0
0	2
0	0
0	0
0	0
0	0
0	2
0	1
0	0
0	1
0	0
0	8
0	13
0	0
0	14
1	15
0	4
0	1018
0	922
0	806
12	830
1	580
11	565
0	479
0	679
0	725
0	578
1	468
8	238
1	162
8	222
4	97
0	154
0	173
0	108
0	85
0	79
0	79
0	36
0	59
0	69
0	6
0	29
6	29
0	4
0	23
0	25
0	92
0	128
0	222
2	356
15	94
1	331
0	204
0	78
2	176
0	66
3	321
0	127
0	84
0	34
8	111
0	130
0	55
0	30
0	186
0	499
0	4
0	33
0	106
0	474
0	621
0	621
0	476
0	46
0	17
0	5
0	630
0	627
8	79
0	323
0	119
0	58
0	29
0	141
9	0
269	561
11	35
0	496
6	177
4	97
0	24
0	52
22	281
0	43
0	81
0	24
51	75
0	11
0	17
2	63
0	5
0	0
220	121
0	130
7	135
12	100
0	6
103	88
0	84
0	39
0	13
0	11
0	3
0	6
0	13
0	6
0	6
0	5
1	0
0	8
0	6
1	6
0	5
0	0
1	13
2	12
16	352
6	67
0	64
0	8
1	1
0	278
3	675
1	16
0	703
3	813
0	842
1	101
0	808
5	65
0	256
0	195
0	178
0	176
0	176
0	177
0	164
0	13
1	24
4	78
2	8
5	0
0	20
1	4
0	17
0	38
0	23
0	17
1	14
0	189
641	4085
0	143
1	0
9	143
0	44
1	352
49	1534
0	3135
1	195
1	220
0	865
1	863
0	233
2	218
2	209
0	0
0	0
3	1
0	1
0	0
0	0
0	0
0	0
0	0
0	0
0	0
15	0
0	0
0	0
0	0
0	0
0	0
0	0
0	0
0	0
0	0
0	0
0	0
0	0
0	0
10	39
1	14
0	16
0	17
1	13
1	4
2	1
5	197
734	1383
22	816
0	306
1	273
0	123
9	152
0	99
1	94
181	195
0	77
0	138
1	7
0	12
2	12
0	3
0	17
0	19
0	19
1	17
0	6
5	1220
1	134
5	1111
0	218
0	453
0	88
0	660
2	622
1	34
0	0
0	0
0	0
0	1
23	43
1	42
3	3
0	11
0	12
0	12
0	12
0	0
0	11
0	12
1	251
0	186
0	0
0	0
0	0
0	0
0	0
0	1
0	1
0	2
0	1
0	0
0	1
0	2
0	1
0	1
0	362
0	165
0	164
0	80
2	362
10	8
10	33
3	67
0	67
0	0
0	0
0	1
0	1
0	0
0	1
0	0
0	0
0	1
0	0
0	0
0	84
5	2
0	5
128	141
0	7
0	123
17	100
0	26
0	17
0	28
0	0
0	0
0	0
0	0
0	0
0	0
0	0
0	0
0	0
0	260
0	0
0	0
0	0
0	1
0	1
0	0
0	1
0	0
0	7
0	1
0	1
0	1
0	1
0	1
0	1
0	1
0	0
0	0
0	1
0	1
0	1
0	6
0	1
2	47
0	40
4	50
0	4
20	20
0	10
30	30
0	36
31	15
0	10
0	20
0	183
16	186
0	49
0	11
0	185
0	0
921	31
0	30
65	322
0	322
0	39
0	1
0	1
0	1
13	0
8	145
1	135
27	150
0	40
0	27
2	37
0	27
0	8
0	0
0	0
10	77
41	316
0	235
0	28
1	0
2	157
0	24
5	253
0	172
1	80
4	718
0	722
1	716
0	32
2	26
2	35
7	16
0	18
2	66
0	5
0	11
0	218
0	84
129	222
0	39
1	131
0	2
0	2
0	2
0	1
0	0
0	2
0	2
0	2
0	2
0	2
0	2
0	1
0	2
0	2
0	2
0	0
0	2
0	0
0	3
0	0
0	2
0	0
0	2
0	0
0	2
2	867
0	1192
0	1135
0	975
0	1167
0	1325
5	1203
0	1013
0	1075
0	1182
0	1149
0	199
0	199
0	1147
0	1088
0	271
0	467
0	885
10	1009
58	1170
0	1009
0	1068
0	412
0	1149
0	124
0	279
0	868
4	699
0	814
1	748
1	523
1	179
0	91
0	31
0	0
0	7
285	35
1	35
7	53
0	35
47	1135
4	1025
0	428
22	393
0	176
0	338
1	102
1	329
0	299
20	310
0	141
0	20
1	68
0	113
0	11
0	92
1	1
134	1201
1	1200
0	1006
4	504
2	324
1	488
17	69
425	600
3	351
2	276
386	100
4	100
0	0
0	0
0	0
0	0
0	0
0	1
0	3
0	0
0	0
0	1
0	0
0	3
0	0
0	0
0	3
0	0
0	0
0	0
0	0
0	0
0	0
0	2
0	2
0	1
3	37
1	41
0	41
0	18
57	34
10	28
19	13
1	21
102	315
0	31
1	94
0	64
0	215
1	34
3	29
30	40
0	51
0	55
1	57
0	13
0	1
0	0
0	2
1030	163
7	163
1	27
1	0
0	0
0	0
0	0
0	0
0	0
0	0
0	0
0	0
0	0
1	0
0	627
0	0
0	0
0	0
0	682
0	487
6	184
0	627
0	399
0	126
0	240
1	172
0	33
0	21
0	229
2	0
0	129
1	69
0	16
0	10
0	13
0	4
6	3
0	3
1	12
0	0
0	0
0	11
0	13
0	61
0	13
0	13
0	56
0	0
0	50
0	0
245	205
1	157
7	48
0	138
0	20
45	100
0	24
0	49
0	36
0	34
0	35
0	18
0	28
2	19
3	626
0	222
22	222
0	583
0	597
0	627
0	619
3	163
0	619
0	619
2	623
1	625
0	0
0	0
0	0
0	0
0	0
0	0
0	0
0	0
0	0
0	0
0	0
0	0
0	0
0	0
0	0
0	0
0	0
0	0
0	0
0	0
0	0
0	0
0	0
0	0
0	2047
1	775
0	2054
1	9
0	64
0	146
3	423
0	19
0	48
0	110
1	54
0	43
0	153
0	312
0	698
0	82
0	57
0	0
0	88
0	33
0	93
0	66
0	86
0	59
1	5
3	47
0	22
0	13
0	19
2	9
0	18
4	18
0	9
0	19
0	13
0	0
0	3
0	1
0	0
8	12
0	4
0	7
0	6
0	4
0	0
0	21
1154	4350
4	1171
0	500
0	265
0	273
0	841
0	3543
90	3225
1	544
0	2543
1	357
0	587
0	335
0	902
1	261
21	1319
0	683
2	356
8	451
0	1034
0	19
0	724
0	227
443	401
4	322
0	322
0	159
0	603
1	123
5	787
10	5
2	85
0	607
0	613
2	411
16	12
0	593
7	555
0	1
0	389
0	292
0	413
0	596
0	130
0	20
0	596
0	220
0	561
0	495
0	545
261	218
1	3
0	2
0	43
0	16
0	29
0	21
0	27
0	51
1	6
0	11
0	224
0	0
18	167
0	32
0	47
0	68
1	164
0	47
0	75
0	30
0	72
0	13
0	52
0	79
1	0
0	34
0	64
8	146
0	178
0	178
7	0
0	0
0	0
819	0
0	0
0	0
0	0
0	0
0	0
0	0
0	0
0	0
0	0
0	0
0	0
0	57
2	83
0	570
2	57
0	559
0	32
0	79
1	30
0	537
0	232
5	101
0	29
55	253
0	138
0	135
0	208
0	134
88	214
0	229
0	140
0	101
1	35
0	39
0	17
0	4
0	16
0	0
0	16
1553	1562
17	1376
0	65
207	330
0	103
4	47
0	38
7	75
0	91
0	169
0	169
14	251
2	3
0	0
0	1
3	0
0	2
0	30
0	20
1	241
0	242
0	242
0	197
0	111
0	200
6	227
4	154
0	189
0	133
0	27
3	11
4	82
0	0
0	635
62	47
0	9
0	12
0	26
0	96
0	52
0	915
0	377
0	408
0	577
0	39
0	193
0	154
3	255
0	819
14	149
0	1
0	1
0	0
0	0
0	0
0	1
0	0
0	0
0	0
0	0
0	35
0	30
0	35
0	133
0	0
0	0
182	33
0	21
2	12
0	405
0	1204
245	37
1	37
0	0
0	0
0	0
0	0
0	0
0	62
0	849
10	1096
0	0
0	0
0	49
0	170
2	95
0	29
0	98
2	5
1	23
0	109
4	387
1	34
9	23
0	23
0	184
0	460
0	392
0	211
5	92
1	76
0	408
13	0
0	672
5	701
0	715
0	667
0	720
0	655
0	181
0	127
0	344
0	365
0	347
0	281
0	283
1	152
0	148
0	162
0	163
0	140
0	92
0	89
0	91
4	58
0	44
0	1
0	89
0	53
0	60
4	60
0	21
0	24
1	24
0	22
0	60
2	7813
2	7604
12	7604
0	1746
0	4049
2	4063
1	1796
0	2637
1	1947
0	2366
3	2343
1	1748
20	1878
0	1539
0	1542
0	1005
2	733
0	707
0	488
0	218
4	19
0	7803
7	7686
0	186
0	188
0	186
0	185
0	135
0	188
0	14
0	10
1	13
1	15
0	6
0	2
0	2
0	110
0	107
0	0
0	0
0	15
1	5
0	14
5	4
0	323
0	322
1	18
0	19
0	20
0	5
0	322
0	26
0	22
0	22
0	0
1	9
5	209
0	320
0	19
714	0
0	54
61	48
7	33
0	45
1	29
0	34
3	71
0	54
12	40
0	52
0	22
0	20
0	28
0	9
0	19
6	13
1	30
0	14
0	13
0	21
1	13
13	1
0	12
10	19
0	19
0	48
0	0
0	132
0	1537
0	206
1	1588
0	67
1	1454
0	2457
2	1125
0	585
0	764
1	742
0	461
0	147
0	664
0	506
0	117
0	387
0	397
0	149
0	405
0	405
0	353
0	1165
0	980
1	213
0	16
0	31
0	31
0	16
0	3
0	3
0	0
0	0
0	1
0	2
0	1
0	25
0	14
0	90
198	135
0	18
0	86
0	15
0	26
0	7
0	19
0	18
0	96
0	51
0	42
37	281
0	251
0	50
1	30
0	0
0	0
0	406
0	342
0	344
2	344
0	344
2	6
0	6
1	446
0	10
0	367
1	445
0	0
0	0
3	443
1	446
0	82
0	446
4	929
16	483
1	85
0	0
0	0
0	102
0	105
0	54
0	35
0	36
0	8
0	290
0	423
0	1865
2	771
24	1325
56	1205
3	216
3	1189
1	273
4	165
1	401
8	402
0	679
4	392
2	393
0	549
13	385
0	37
0	357
0	2
3	324
1	539
13	2
17	2
1	0
15	330
8	142
0	142
0	318
5	292
2	24
0	31
0	140
0	81
1	59
0	233
0	264
0	602
0	462
0	582
0	584
0	577
0	566
0	331
0	593
3	549
0	557
0	559
0	590
0	600
0	591
0	614
0	593
0	404
0	533
0	584
0	556
0	500
0	302
0	396
0	347
0	395
0	526
0	364
0	467
0	423
0	0
0	0
0	0
0	0
0	0
0	0
0	0
0	0
0	0
0	0
0	0
0	0
0	0
0	0
0	0
0	0
0	0
0	0
0	0
0	11
46	107
2	6
0	103
0	97
3	0
7	192
4	195
8	191
0	2
1	2
0	0
0	0
0	0
0	0
0	0
0	0
4	40
0	85
0	48
25	70
0	0
1	0
0	0
0	0
0	0
0	0
0	0
0	0
0	0
0	0
0	0
0	0
0	0
0	477
0	472
0	431
0	447
0	483
3	417
0	476
5	50
0	446
1	427
0	4
1	427
0	455
0	178
0	388
0	30
1	312
0	18
0	305
0	27
2	23
0	14
0	3
1	13
0	125
0	19
3	53
0	31
0	114
0	13
0	50
2	84
0	0
0	0
0	0
0	0
0	0
3	138
0	406
0	398
0	175
0	331
0	348
0	365
0	179
0	131
0	77
1	114
0	36
0	62
0	19
1	127
0	0
0	0
0	0
0	0
0	0
0	0
0	0
0	0
0	1040
16	136
0	52
0	53
0	518
0	118
0	75
4	177
0	1009
2	1009
0	1008
0	540
3	149
0	874
4	24
3	243
0	54
0	13
0	48
42	237
0	82
1	56
0	2
0	0
0	0
0	2
229	30
2	30
0	17
575	0
0	0
0	0
0	0
0	0
0	0
0	0
0	0
0	0
23	380
212	515
1	168
2	61
38	0
1	41
0	0
0	0
0	0
0	0
0	0
0	42
119	326
33	326
0	263
19	229
0	72
433	72
0	63
0	14
0	21
0	12
0	18
0	1
0	19
0	19
0	0
0	3427
0	3448
0	1591
0	1531
0	316
0	1344
0	2992
0	3124
4	3115
0	3131
0	3131
0	3205
0	2801
0	2334
0	2422
0	2501
1	2287
0	2047
5	1509
0	1947
3	1869
0	2293
0	2016
6	2412
1	1640
1	2032
0	2040
0	2251
0	1638
0	1541
0	1576
3	898
0	753
0	430
0	516
0	64
0	389
0	503
0	445
0	396
0	137
0	322
0	231
5	46
3	266
3	266
4	165
0	132
0	0
2	385
50	386
0	390
0	9
0	0
1	0
0	887
0	1024
0	964
1	170
1	89
6	87
85	199
0	12
5	16
1	46
0	15
0	12
0	35
0	40
1	32
0	27
0	98
0	2
0	8
0	14
0	98
4	3884
0	3855
0	1110
0	592
0	2894
0	3882
1	700
0	986
0	3321
11	3462
0	795
1	788
0	2590
5	465
1	476
30	965
99	2457
0	179
0	56
1	46
2	617
2	308
1	78
4	114
21	1276
0	1050
0	945
7	1053
7	45
41	29
0	30
0	31
0	19
0	2
0	1
0	0
0	0
8	884
48	581
0	98
0	23
0	72
0	153
0	529
5	43
2	16
1	0
1	82
6	70
0	6
0	53
0	125
6	4
6	13
0	91
5	89
0	871
0	886
1	591
1	370
2	426
37	661
1	92
2	53
1	125
1	91
32	671
1	594
1	192
1	24
0	668
0	20
4	234
1	107
0	0
0	0
0	0
396	17
1	17
0	2315
5	3506
1	3125
74	3246
10	3382
0	3401
11	3408
0	3324
0	1744
10	348
8	104
0	1166
0	2651
1	3175
0	2223
0	1882
0	1511
0	741
0	0
0	0
0	0
0	0
0	0
0	0
0	0
0	0
0	0
0	0
0	0
0	2
0	0
0	5
0	1
0	6
0	6
0	5
0	0
64	1830
1	70
1	235
1	218
0	1482
0	1695
0	187
1	88
1	61
35	21
1	446
2	23
0	1572
1	0
0	38
0	15
0	1
0	25
0	9
0	38
0	13
0	26
961	100
5	100
1129	2114
0	2052
3	362
0	1703
4	382
0	1756
0	775
4	414
0	744
1	179
0	187
5	169
0	261
0	306
0	389
0	185
0	378
0	357
0	20
0	50
27	82
0	65
0	6
0	63
1	59
6	63
0	56
5	54
0	4
0	31
0	3
0	11
0	1
3	5
0	0
6	3
0	245
1	1215
39	1856
0	1802
0	107
0	102
0	0
1	90
0	250
1	133
0	241
0	121
0	238
1	42
3	8
3	128
3	215
0	29
0	159
8	146
5	199
0	12
0	18
0	181
0	212
0	31
13	66
0	57
8	3
0	10
0	11
0	1
0	514
86	514
0	46
1	377
4	27
0	71
0	0
0	2
0	0
0	0
0	0
0	1
0	1
0	1
0	2
0	2
107	12
0	158
0	216
0	274
21	49
1	54
0	245
0	191
3	119
0	185
0	134
0	139
0	78
0	140
0	78
0	43
0	0
0	0
0	0
0	0
1	0
0	0
0	0
0	0
0	0
0	0
0	501
2	349
0	1388
0	1454
0	465
0	1175
0	1211
5	120
14	365
16	301
0	508
0	259
0	453
0	322
12	107
401	66
0	66
0	2
28	98
0	415
0	192
4	177
1	59
475	431
1	15
0	98
1	177
0	61
0	1
0	1
0	553
6	511
1	537
2	162
1	113
1	30
0	326
7	25
0	149
1	68
1	2332
26	2374
0	512
1	472
0	243
0	221
0	94
1	12
0	26
0	38
0	1186
8	1206
3	13
10	1155
33	692
0	0
1	1038
20	1098
14	3234
11	1829
2	2130
0	3248
1	526
1	2674
0	1957
10	17
23	0
36	1065
0	581
0	7
0	18
0	0
0	0
0	0
0	0
394	860
5	216
0	327
10	774
0	57
0	229
0	278
0	216
2	102
1	263
151	264
2	19
5	0
0	33
319	5877
251	2730
0	5611
36	4269
0	5651
0	1059
0	2918
0	3327
0	2127
0	1578
0	1155
0	950
0	70
0	125
1	44
0	494
0	105
0	457
468	596
50	122
4	3
1	78
1	243
0	305
0	0
0	252
0	160
0	22
0	632
142	963
0	637
0	641
0	589
0	545
1	629
0	642
5	729
15	26
2	40
1	633
22	64
1	2293
1	2258
267	5383
0	2312
0	4271
0	4938
0	3782
0	2931
0	665
4	717
1	285
0	99
4	99
38	13
0	8
0	54
1	11
0	107
0	94
0	92
0	94
0	66
0	6
0	35
0	0
0	10
0	7
7	55
0	94
0	94
0	83
1	0
3	0
27	1228
1	1016
3	879
1	508
0	658
3	688
2	189
0	495
0	161
2	68
0	0
0	0
0	0
0	0
0	0
0	0
0	0
0	0
0	0
0	0
0	0
0	0
0	0
0	0
0	6
13	351
0	20
0	20
0	353
0	138
0	342
0	0
0	0
0	0
4	70
2	70
1	35
343	35
0	70
0	2
14	2
0	0
1	2
12	427
0	287
0	27
0	37
0	45
0	32
0	13
0	12
0	426
0	425
0	0
0	0
0	0
0	4
0	13
4	1
1	0
44	9
0	671
4	128
0	1037
8	943
0	566
0	497
4	140
2	0
0	1037
0	793
0	843
0	1099
2	693
4	88
7	66
0	51
3	340
7	480
4	431
0	0
0	0
0	0
15	1638
4	608
1	1352
0	1442
3	1557
0	1254
0	855
2	223
0	521
0	286
0	236
1	205
0	167
66	230
0	221
0	122
0	0
0	0
0	0
0	0
0	0
0	0
0	0
2	1419
2	1361
0	1282
0	1359
0	1307
7	449
3	538
10	538
0	1420
0	1321
0	1343
0	1339
0	1355
1	1160
0	1334
0	1370
1	1328
2	1419
0	1330
0	1387
0	1308
0	131
0	1244
0	1327
0	1419
0	1385
0	102
2	144
20	995
7	773
4	657
3	94
484	126
10	98
0	41
0	197
85	49
3	0
0	1
0	1
0	0
0	1
0	2
0	2
0	0
48	0
0	219
12	436
7	60
3	486
0	388
1	400
1	400
0	402
6	19
1	8
3	170
0	32
0	12
1	171
0	16
0	169
6	17
0	161
2	40
3	138
0	0
0	0
0	8309
0	8504
0	7877
0	8450
0	3049
27	2913
0	2849
0	1444
4	1283
84	957
0	672
0	539
32	6
9	185
0	61
0	21
0	3
1	0
0	0
0	171
0	2605
0	2789
0	488
0	2561
1	2523
0	2729
1	1968
0	2364
92	1165
5	2394
0	2725
0	2644
0	2494
0	2649
0	2548
0	2721
0	2280
0	2724
1	2685
1	2712
1	2619
0	2509
0	2576
0	2368
0	2113
0	2203
1	2202
7	1311
0	1388
0	1387
0	1434
0	1161
0	985
0	1046
0	841
0	186
0	469
1	472
0	447
0	336
0	0
2	1
80	0
2	1223
0	1177
3	1112
3	647
1	117
2	66
0	2
0	1148
0	74
0	110
1	495
0	64
3	100
0	166
4	184
2	94
0	86
0	160
0	407
2	56
0	190
10	195
3	138
0	104
0	18
363	37
0	37
0	0
0	0
0	276
0	276
0	31
0	24
0	18
1	12
0	1
0	0
0	292
0	281
2	280
0	113
3	159
1	245
0	161
28	220
0	36
2	17
0	17
27	13
22	98
0	15
0	29
0	37
0	0
0	1
0	1
0	0
15	349
44	341
0	301
18	164
29	51
20	37
0	24
2	1203
21	1123
0	1104
0	1104
0	450
1	434
0	619
0	345
1	270
0	393
0	323
0	72
0	244
0	194
0	135
0	0
0	0
0	0
0	0
0	0
0	0
0	0
0	0
0	40
0	39
0	6
1	2
0	4
0	3
0	0
0	3
11	47
0	38
0	19
0	9
0	4
1	28
2	31
0	7
0	7
0	0
0	5
0	0
0	0
0	0
0	0
0	0
0	15
0	4
0	13
0	3
0	2
2	3
0	3
1	1
0	1
92	768
9	109
6	686
0	0
0	0
0	0
9	0
0	202
3	202
80	202
0	13
0	0
0	0
0	0
0	0
0	0
0	0
0	0
0	0
0	0
111	4
70	0
271	162
8	162
0	0
0	11
25	574
0	476
0	503
0	499
1	290
0	305
1	281
2	341
0	47
28	122
0	103
0	112
0	15
0	62
7	27
0	19
0	19
36	33
0	33
0	0
0	8
0	3
0	8
0	6
0	4
0	3
0	6
0	5
0	0
6	97
0	82
7	62
0	90
2	49
20	15
2	17
0	17
1	15
0	11
1	4
0	84
0	92
96	195
0	146
1	82
0	51
0	85
0	130
0	125
0	127
3	44
0	16
18	0
1	43
0	40
0	0
0	0
0	732
0	252
1	138
0	659
0	87
0	746
0	102
0	218
4	679
12	696
0	914
3	950
4	874
1	432
0	595
3	114
0	79
0	162
3	75
7	59
6	115
3	4
0	852
0	843
0	197
0	198
0	166
0	6
0	196
0	270
2	81
0	104
0	128
1	43
0	89
0	19
0	45
26	63
0	40
2	48
0	2
0	2
0	1
0	2
0	1
0	119
4	49
3	42
438	119
0	4
0	4
12	4
0	7
0	20
281	9218
36	2196
0	2195
26	9118
0	9053
0	3504
1	9102
47	4139
0	4
0	3
0	3
0	0
0	3
0	0
0	1
0	199
0	168
0	203
0	34
0	33
0	28
0	43
0	37
0	4
0	19
0	33
0	25
0	16
0	12
0	23
0	13
1	12
0	10
0	5
5	5
3	2
1	0
0	0
0	0
0	0
0	0
0	0
0	0
48	49
0	26
2	40
0	32
2	18
0	1
1	138
2	384
3	504
7	731
0	795
0	794
2	212
0	711
3	53
0	47
1	157
0	143
0	160
0	159
0	105
0	103
0	77
18	77
1	746
45	447
0	153
10	91
2	188
0	225
1	33
4	264
0	5
0	1
0	3
0	0
0	0
0	1
0	0
0	5
0	2374
0	1887
0	2361
6	2347
12	2381
0	2353
1	545
8	160
2	122
0	340
0	254
0	1742
0	2330
0	165
0	133
0	133
0	244
0	2346
1	2216
0	76
0	103
0	556
24	2136
0	268
24	1544
1	355
0	349
0	53
435	171
0	45
0	40
0	7
0	10
0	0
0	75
0	95
2	2
0	0
0	2
0	2
7	1
0	2
0	2
581	705
1	712
9	548
0	502
0	213
0	27
2	141
4	149
0	0
0	0
0	0
0	0
0	0
0	0
1	2836
1	775
0	856
1	155
6	161
1	138
0	2836
0	1211
1	56
0	57
0	5
0	22
1	5
0	42
0	8
0	14
0	6
0	8
0	5
0	4
615	430
1	290
0	211
1	1
0	0
0	1
5	19
87	11
0	10
1	158
0	2
7	166
0	134
0	99
0	85
0	35
0	16
0	13
0	20
2	17
5	14
0	98
0	34
0	73
1	229
0	239
0	412
0	405
0	0
0	71
0	246
0	180
0	321
9	279
5	216
0	124
0	0
0	0
0	0
0	0
0	0
0	0
0	0
0	101
0	8
0	6
1	78
0	24
0	16
0	21
0	25
0	27
0	20
2	20
0	0
0	0
0	0
0	0
0	0
0	0
0	0
0	0
643	39
0	39
8	427
0	124
6	10
0	16
0	5
35	70
9	359
927	169
0	123
1	88
0	27
0	6
0	0
0	195
0	79
0	224
0	67
2	82
1	204
0	24
1	47
0	69
0	102
6	17
14	47
0	26
10	8
0	12
0	0
0	0
0	0
0	2
0	0
0	2
0	0
0	0
0	183
0	98
50	779
0	151
5	205
1	128
0	120
0	2311
0	2314
0	76
0	76
0	3
2	52
0	56
0	153
21	3
2	3
5	1493
0	171
10	1191
2	672
2	443
1	249
5	48
0	204
1	232
1	52
273	167
3	21
0	108
0	47
1	54
0	36
3	127
3	106
0	139
0	127
12	13
14	12
3	382
8	643
0	649
4	13
5	11
0	34
1	0
0	34
43	178
0	26
0	178
3	20
0	7
0	3
0	16
0	19
0	18
0	8
0	15
0	15
1	19
0	15
0	22
0	7
0	14
0	21
0	15
0	13
0	39
0	0
0	2
0	40
0	41
0	1
0	0
0	29
5	30
0	0
0	2
0	6
0	9
0	14
0	7
0	19
0	0
0	6
0	6
0	21
0	25
0	4
0	4
0	3
0	4
0	1
0	1
0	0
0	1
0	1
0	1
0	1
0	1
0	0
0	0
0	0
0	0
0	0
0	0
0	0
0	0
0	0
0	0
0	0
0	0
0	1
0	0
0	0
0	0
0	0
0	0
0	1
0	1
1236	1382
0	1085
0	833
4	673
1	866
0	296
3	55
0	0
0	0
18	280
0	274
2	23
0	125
0	88
1	114
1	70
0	0
144	766
1	686
0	249
0	185
0	143
5	122
0	90
2	91
0	56
0	59
0	61
0	16
0	0
0	0
0	0
0	0
0	0
0	0
0	0
0	0
61	803
10	2099
0	2184
0	2087
0	243
0	978
1	144
2	129
12	0
48	0
0	229
0	1188
1596	1187
2	1787
4	4421
0	1708
0	4495
0	2524
0	0
0	1
0	0
0	2
0	3
0	9
0	9
0	9
0	0
0	586
1	536
1	440
0	474
0	341
1	273
0	308
2	41
0	66
0	189
1	205
0	219
3	18
9	184
0	113
0	353
0	161
0	36
2	317
0	25
0	179
0	48
6	76
0	2
0	11
0	5
0	13
1	2
0	0
0	13
0	0
0	2
0	13
0	2
0	0
0	0
0	0
0	3
0	4
0	4
0	3
0	2
0	1
0	2
0	1
0	0
0	0
0	0
0	0
0	1
0	0
0	0
0	0
0	0
0	0
0	0
187	76
0	64
0	44
0	0
0	0
0	0
0	0
0	0
2	1
0	1
0	194
0	312
0	335
0	4288
0	2932
0	742
0	204
0	463
0	502
0	503
0	4294
0	2914
0	2462
1	2942
14	564
1	1644
20	595
826	0
0	0
1	0
15	555
15	555
6	523
0	33
3	124
0	2
0	18
0	23
0	18
0	19
0	14
0	28
0	18
0	18
2	12
0	2
0	5
0	3
0	6
0	3
2	3
0	709
29	790
5	153
0	253
2	390
11	82
3	146
8	54
7	39
0	19
0	13
2	39
0	7
4	17
0	0
0	0
1	0
0	0
0	0
0	0
133	141
0	19
1	80
0	138
0	28
0	112
0	2
0	0
45	819
0	699
1	269
16	1
0	1
0	1
0	0
0	0
0	0
0	0
0	0
0	0
0	0
0	0
0	0
0	0
0	0
0	0
1	60
1	60
0	8
0	0
1	14
0	14
0	0
1	3
0	2
5	72
0	73
0	31
0	26
0	59
0	32
0	24
0	14
0	13
0	13
2	208
1	455
2	464
3	53
1	100
1	101
10	96
0	127
0	115
0	86
0	45
0	82
3	235
1	232
1	0
0	0
0	0
0	1
0	105
0	0
0	59
0	0
3	103
0	105
0	9
2	26
0	21
0	23
0	23
0	11
0	9
0	7
2	156
0	165
0	148
0	156
2	212
0	283
6	156
0	307
4	299
1	299
0	350
2	150
0	0
0	80
1	220
0	305
3	0
0	0
13	4760
3	5616
2	3479
129	3271
3	868
0	161
0	0
0	0
442	0
1665	1683
38	1610
0	1250
0	219
4	179
2	169
0	49
0	1
0	1
0	1
0	1
0	1
0	0
0	24
0	889
2	855
2	901
0	937
0	899
2	265
0	839
0	823
0	512
0	270
2	247
0	763
0	626
0	46
0	12
0	552
0	274
0	62
0	60
0	568
6	133
0	226
0	56
0	34
0	97
0	127
5	48
0	791
0	239
15	753
0	693
0	1478
8	1560
0	1479
0	1835
1	735
0	1370
0	1775
0	1686
0	758
0	1002
0	122
2	219
0	827
0	907
0	1161
0	149
0	271
5	262
0	5
0	88
9	33
2	745
0	199
0	173
0	171
0	200
0	169
0	155
0	121
0	116
0	1745
0	83
3	35
6	180
3	113
0	34
1	33
1	14
1	0
0	0
0	20
3	10
0	5
1	3
0	15
0	0
0	357
0	357
0	0
0	0
0	0
0	0
0	5
0	6
3	2
4	2
0	2
0	0
0	0
0	0
0	0
0	0
0	370
0	376
0	0
0	103
0	0
0	156
0	17
0	17
0	98
1	29
0	20
0	20
0	28
0	592
0	512
0	35
0	171
0	51
0	25
1	16
0	27
7	80
0	98
0	300
0	99
0	11
2	458
1	17
0	33
3	3
0	3
354	1
395	1576
0	103
0	121
0	192
0	306
0	317
0	192
0	295
0	299
0	74
0	44
0	84
0	12
0	163
3	481
1	182
13	35
13	79
0	74
0	7
0	4
0	4
0	2
0	0
0	0
0	0
0	0
0	0
0	0
0	0
0	0
0	0
0	0
0	0
0	0
0	0
0	0
0	0
0	0
0	489
0	12
2	509
0	99
0	70
3	17
0	0
1	33
1	45
0	17
1	19
0	11
27	200
0	16
1	68
0	144
0	15
3	6
1	14
5	507
0	546
0	531
0	280
0	251
1	71
0	531
1	370
0	527
0	377
0	161
1	403
1	445
1	412
0	523
0	515
0	295
0	522
1	5
0	0
0	4
0	5
0	0
0	0
0	0
0	0
0	0
1	0
4	123
1	97
0	123
0	0
0	2
2	0
0	0
0	0
0	0
0	0
0	0
0	0
164	1000
0	974
0	695
0	699
2	751
0	676
21	239
1	218
0	148
0	208
0	86
3	104
0	107
0	71
0	31
1	32
0	608
0	468
0	0
0	0
0	0
0	16
0	16
0	642
468	642
5	407
468	251
0	192
0	131
0	224
1	144
0	30
0	47
0	149
1	96
0	1
0	5
0	5
0	0
0	5
0	5
0	5
0	0
0	5
0	5
0	5
0	5
0	5
0	5
0	5
0	5
0	1
0	0
0	1
0	1
0	0
0	1
0	1
0	2
0	680
0	669
0	660
0	53
20	0
479	446
6	136
0	97
0	136
0	19
0	11
0	3
0	12
0	9
0	7
0	4
0	5
0	3
1192	48
0	48
0	15
0	14
0	11
0	11
0	11
0	10
0	2
0	5
0	0
0	4
0	4
0	3
0	1
0	0
0	0
0	0
0	0
0	0
0	0
0	0
0	0
0	0
0	0
0	0
0	0
0	0
0	15
0	0
0	0
0	0
0	0
0	0
0	0
0	0
0	0
0	0
0	0
0	103
0	81
1	51
1	93
0	0
0	0
1	0
0	0
0	0
0	0
0	0
0	0
0	0
17	81
424	139
24	58
6	0
206	0
57	304
6	304
191	255
0	12
0	157
0	34
0	9
0	0
119	2081
11	2080
0	1667
2	558
90	382
0	514
3	0
3	0
1	45
0	46
0	40
2	28
2	22
0	15
0	0
3	8
0	8
0	1
99	92
0	80
0	79
0	13
0	21
0	22
0	13
0	5
0	7
8	1258
0	1222
2	688
0	682
4	751
2	754
5	1244
0	552
0	1207
0	7
0	746
2	385
1	574
0	0
0	0
0	0
0	0
0	0
0	0
0	0
0	1
0	1
0	1
0	0
0	0
0	0
0	0
0	0
0	0
0	0
0	0
15	5898
0	5221
13	2607
1	5006
12	356
0	4039
7	5670
40	1311
0	5896
0	0
0	0
0	0
0	0
0	0
0	0
69	1356
5	267
7	187
0	982
5	311
0	58
19	631
0	341
0	241
0	53
0	60
0	23
106	471
0	51
0	43
0	88
0	40
0	65
1	60
0	100
0	60
4	76
1	304
0	72
5	157
5	255
0	50
2	0
0	67
0	63
0	49
0	65
0	30
0	1
0	0
0	5
0	2
0	1
0	3
0	4
0	0
31	0
0	0
0	0
0	0
0	0
0	0
0	0
0	0
0	901
9	901
2	97
0	0
14	277
0	260
0	268
0	260
24	225
0	257
0	159
0	1
1	1
0	1
0	2
0	63
0	20
0	58
0	41
2	1103
0	64
1	1101
0	0
0	70
2	1105
16	42
0	31
0	25
30	438
0	486
0	269
14	31
1	253
1	7
2	8
0	8
2	4
0	4
0	1456
30	1199
0	578
4	131
0	812
0	205
0	164
3	204
0	112
18	35
0	130
0	137
0	180
0	181
21	163
0	102
0	90
0	54
0	58
4	107
245	82
1	56
1	58
0	0
0	0
0	0
0	0
0	0
0	111
0	170
378	636
0	623
0	130
0	90
0	1417
0	1446
0	403
4	322
0	342
0	279
3	0
1	151
0	151
0	68
2	110
0	16
0	10
0	1
0	1445
0	1417
0	399
0	919
0	964
0	949
0	966
0	100
0	132
7	79
0	101
0	67
0	63
0	63
0	64
0	21
6	16
14	50
3	50
0	34
0	23
0	25
0	26
0	18
12	18
0	22
0	12
1	1
42	35
8	34
0	2
557	1257
0	906
3	808
1	804
0	668
1	586
0	336
584	272
1	119
0	182
0	1
0	1
0	1
0	1
0	1
0	1
0	1
0	0
0	0
0	0
0	22
0	22
1	22
0	22
0	22
0	21
0	2
0	0
0	3
0	9
0	9
0	8
0	6
80	5280
0	3321
102	6222
0	5615
11	4675
0	3146
30	293
19	661
0	256
0	524
0	13
0	182
0	427
0	34
0	427
0	16
0	26
0	15
0	29
0	46
1	24
0	225
1	19
0	64
0	55
0	656
1977	895
0	895
565	525
1	54
25	339
3	449
175	375
0	90
1	42
0	350
2	25
0	29
0	66
0	50
0	11
0	0
2	154
16	45
0	847
0	102
1	57
0	80
0	699
0	109
0	786
9	73
11	656
1	649
6	18
2	70
0	529
0	68
0	82
0	444
0	72
0	154
28	445
11	167
26	2176
0	2423
0	2422
0	315
1	336
0	185
2	227
1	93
1	70
7	14
0	162
0	87
0	86
8	162
0	86
0	44
0	16
0	17
0	0
0	0
0	0
0	289
13	287
0	234
0	245
0	194
33	36
0	1
0	1
0	3
0	3
0	5
0	0
1	3
0	4
0	4
0	1
0	0
0	0
0	0
770	0
7	0
0	25
142	39
0	14
1	1278
0	1279
9	1272
0	1279
0	1262
0	1277
3	1262
4	1075
0	483
0	365
0	261
0	200
1	105
1	26
0	22
0	17
9	13
56	0
463	360
1	91
0	179
1	166
3	15
11	154
0	148
0	145
1	130
2	79
0	0
0	41
0	38
0	135
0	33
0	35
0	11
0	17
0	128
0	116
0	15
0	25
0	0
0	15
2	95
0	115
1	33
0	34
0	113
0	34
0	24
0	24
1	12
0	158
0	0
2	512
0	433
12	492
23	397
2	287
0	0
0	0
0	0
0	0
3	15
0	203
0	16
0	197
0	198
0	195
1	34
0	13
0	21
0	20
0	0
0	35
1	12
0	8
0	6
138	0
139	338
2	87
3	251
0	0
0	0
0	0
0	11
0	492
0	53
0	492
0	478
0	5
0	472
0	9
0	26
0	484
0	177
0	192
0	79
0	64
0	46
0	18
2	22
1	377
1	39
0	56
0	63
1	19
0	246
70	242
0	246
1	908
0	389
2	790
2	196
0	330
1	236
2	277
0	430
22	113
0	307
0	285
0	321
0	278
0	282
0	172
0	113
0	53
60	637
0	468
0	210
0	622
41	565
0	50
0	269
0	90
0	55
1	93
0	109
0	86
1	12
0	13
0	546
0	0
1	1953
0	124
40	2516
0	1749
0	56
0	1784
0	2347
0	173
0	0
2	124
10	41
0	235
0	930
0	216
3	846
16	809
0	940
2	34
232	212
4	148
0	111
7	53
9	116
0	116
0	1001
0	356
0	265
1	74
0	92
0	9
0	1
0	980
4	909
0	0
1	4
0	3
0	3
0	1
0	1
0	4
0	4
0	1
0	16
1	15
0	2
0	7
0	3
0	15
0	0
0	0
0	10
0	0
0	0
0	0
0	0
0	7
0	3
0	124
0	108
0	92
0	67
123	179
0	185
0	172
3	41
0	137
0	0
0	6
0	32
0	36
0	49
0	25
0	36
0	90
0	72
0	2
0	31
0	73
0	18
0	63
1	98
0	5
0	6
2	47
0	96
0	64
0	147
0	111
0	36
0	4
0	19
1	17
40	1974
28	497
0	62
0	1974
0	0
0	8
0	5
0	7
4	6
0	0
128	0
29	956
35	865
5	108
0	380
0	22
32	784
0	1
0	3
1	3
0	1
0	1
0	2
0	1
867	0
2	97
0	57
0	246
0	254
0	276
0	130
0	147
1	48
0	254
0	108
1	73
0	268
0	107
0	70
3	31
12	67
0	35
2	29
0	56
0	8
0	65
0	0
0	0
162	921
0	902
2	598
0	160
2	81
80	824
5	656
0	511
2	839
0	114
9	53
0	69
0	49
6	141
0	532
0	43
0	52
0	548
8	5
0	5
0	0
0	2
0	2
0	2
0	263
0	21
0	26
0	19
0	264
4	12
0	31
0	264
0	263
1613	279
2	254
1	93
19	743
0	2744
159	5272
5	1285
1	231
3	5209
0	297
5	1023
0	1670
0	0
93	797
6	797
5	360
4	24
242	735
14	2
0	32
0	307
16	6
6	78
0	592
0	215
0	209
0	95
0	113
0	104
0	102
0	100
0	85
0	42
0	41
0	29
0	16
2	13
0	28
0	26
0	20
1	16
0	5
0	6
0	5
0	6
0	0
0	205
0	97
311	373
0	292
1	137
0	225
13	42
0	42
0	7
0	2
89	0
1	1262
11	1264
38	1334
0	64
0	103
65	88
0	2
0	2
0	1
0	0
0	0
0	5
3	3
0	5
0	213
0	941
0	66
0	138
0	945
0	873
1	53
0	70
0	122
0	1431
0	68
0	68
0	49
0	131
0	150
0	216
0	207
1	320
0	1313
0	1314
0	276
0	99
0	250
0	141
0	241
0	888
0	35
0	154
0	1333
0	855
0	118
16	238
0	78
0	468
1	425
25	337
0	243
0	0
1	1
0	0
0	0
0	0
0	0
0	0
0	0
0	253
0	246
0	253
0	236
0	269
0	262
45	208
0	238
0	178
0	141
8	61
0	97
1	96
0	97
9	24
1	87
0	65
0	79
1	49
0	38
0	59
0	58
1	77
41	876
4	871
0	78
1	429
37	94
6	871
0	873
0	0
0	0
0	0
0	0
0	0
0	0
0	0
0	0
0	0
0	5
0	3
0	3
0	3
0	0
178	726
0	1542
2	1543
3	941
0	941
39	661
1	504
9	1
4	7
4	7
0	13
0	1
0	2
1	13
0	8
0	2
0	1
0	9
0	0
0	0
0	1
0	2
0	0
17	668
1	668
1	68
9	5654
0	5654
0	4842
0	4602
37	5331
0	4812
0	5279
0	3768
0	4725
11	1689
1	4799
0	240
0	0
0	21
0	20
19	23
0	10
0	0
0	0
0	0
0	759
25	885
20	174
12	658
5	885
13	1256
0	1256
10	1256
0	654
0	52
0	19
10	458
8	458
1	70
0	57
0	2
0	0
0	0
0	0
0	0
0	1
0	2
0	1
0	1
3	17
0	17
0	51
17	175
6	175
3	70
2	74
0	18
0	36
0	28
0	11
0	0
0	0
0	0
0	0
0	0
0	0
0	0
0	0
0	0
0	0
0	0
0	0
0	0
0	0
0	0
0	0
0	0
0	0
0	0
0	0
0	0
0	1414
110	1463
0	186
448	360
1	32
0	327
0	87
1	17
5	226
0	235
8	205
0	135
0	209
0	24
0	81
0	71
493	46
1	0
0	0
0	1
0	1
0	0
0	0
0	0
0	0
313	246
1	246
1	121
0	116
0	120
0	65
0	2
18	8
0	6
0	1
0	3
0	3
0	0
0	0
0	0
0	1
0	2
0	2
0	2
0	2
0	2
0	2
0	1
0	1
0	0
0	0
0	0
0	0
0	0
0	0
0	0
284	486
55	405
4	355
0	194
9	126
2	157
17	215
0	192
0	199
23	162
0	174
0	129
11	13
0	33
0	30
0	22
0	22
0	179
0	58
111	202
0	14
1	26
682	327
143	242
89	289
1	90
0	26
0	457
0	658
3	603
1	4
3	352
0	4
7	2
0	126
0	210
2	229
0	171
0	257
10	65
0	225
0	146
22	153
1	60
0	63
1	18
1	11
0	38
0	49
0	53
0	21
0	34
0	23
0	12
0	12
0	178
55	119
0	239
17	256
5	65
32	12
0	277
0	280
0	189
0	63
0	34
0	23
0	138
40	136
1	136
0	21
32	16
0	22
1	16
0	10
0	27
0	40
0	3
0	3
0	0
0	401
0	0
0	0
0	0
0	0
0	417
0	419
0	18
0	32
0	383
0	29
0	40
0	43
0	56
0	314
0	25
0	129
1141	336
0	336
187	550
3	330
3	129
0	521
0	19
0	29
0	6
5	322
0	24
1	248
0	17
0	12
0	2
0	7
0	10
0	126
0	17
1	20
0	14
0	502
0	126
0	57
0	26
1	11
0	56
0	16
8	16
2	33
0	5
0	4
1	1
0	4
0	1
0	4
4	39
0	325
0	83
3	34
60	527
0	323
0	517
0	233
0	0
0	0
0	0
0	0
0	0
0	0
0	0
0	0
0	0
0	0
0	0
202	931
110	931
22	514
0	291
0	514
0	58
0	179
0	23
0	67
0	27
0	65
0	123
0	181
0	175
120	189
0	109
0	60
0	58
0	45
33	17
0	4
0	87
0	150
0	148
0	8
0	142
0	32
0	225
1	377
640	372
0	20
0	593
0	602
0	577
0	541
0	574
0	580
0	99
0	434
0	438
3	74
0	462
0	556
0	598
5	344
0	2
0	2
0	2
0	2
0	2
0	2
0	2
0	0
0	0
0	0
0	0
0	0
0	0
0	1
3	1
0	1
0	79
0	102
1	34
0	78
4	101
108	238
1	223
0	26
0	26
1	9
0	0
0	0
0	42
3	228
0	277
0	907
1	242
2	248
0	889
2	32
2	243
0	3
0	2
0	3
0	3
0	3
16	118
0	118
0	7
2	5
7	0
2	60
34	120
0	70
0	9
0	225
0	208
1	16
142	266
0	168
0	275
0	21
0	17
0	6
0	27
0	1045
4	974
3	1101
8	13
0	508
1	95
0	139
5	123
13	596
0	1
0	1
0	1
0	0
0	1
0	1
0	1
3	826
414	1355
0	393
0	47
3	545
0	56
2	3
0	81
0	70
1	107
0	48
0	32
0	26
0	15
2	10
0	2
4	409
0	17
0	64
2	31
0	33
0	130
1	2491
8	1918
6	2250
14	270
0	352
24	1546
3	293
0	1600
1	669
0	505
0	189
0	996
8	592
4	1069
1	698
0	5
2	19
1	502
2	57
0	36
0	13
3	42
12	84
0	123
0	74
0	74
0	8
0	13
0	70
0	40
0	88
0	92
10	79
0	260
0	9
1	12
0	217
5	31
0	204
0	16
1	3
0	2
0	11
0	105
0	9
0	84
4	43
0	20
0	20
5	43
0	58
0	58
0	122
242	176
0	53
0	13
0	25
0	14
1	20
0	9
0	24
0	25
0	2
0	24
1	24
0	8
2	156
0	16
0	26
3	156
0	0
0	0
0	0
0	0
0	0
0	0
0	657
0	669
0	661
0	18
0	661
1	396
30	0
2	1
0	1
144	1303
1	1259
1	861
28	1012
13	729
1	841
1	965
5	644
33	645
16	933
0	235
0	956
132	50
1	22
0	26
0	19
2	24
56	201
16	208
0	24
0	109
0	0
0	2
0	0
5	0
0	0
0	1
0	2
0	0
0	2
0	2
0	0
0	0
0	0
0	2
0	2
0	2
0	2
0	0
0	0
0	0
0	0
0	0
0	0
0	2
0	0
0	0
0	0
0	2
0	2
0	2
0	0
0	2
0	2
0	1
0	1
0	1
0	0
0	0
50	585
0	572
0	48
0	64
3	44
7	49
0	43
0	74
0	20
0	139
1	103
1	54
0	84
0	21
0	30
2	16
7	6
0	46
0	25
0	2
0	68
0	22
0	2
0	130
0	135
0	134
0	89
0	85
0	54
1	56
0	24
0	117
331	0
8	1493
2	352
18	261
0	1580
0	1744
0	1630
0	1671
0	1639
5	261
1	1679
0	1643
0	1628
0	1708
0	1531
0	503
0	98
0	30
0	719
19	109
6	256
0	498
0	562
0	397
0	492
1	329
0	348
0	191
0	126
0	0
0	0
0	0
0	0
0	0
0	0
0	5
0	5
1	1
0	0
14	1414
0	648
0	1397
1	1405
27	330
0	59
0	0
0	0
7	58
1	0
1	0
0	13
1	105
0	63
1	42
4	12
4	659
275	123
0	452
0	245
6	54
0	42
0	0
4	32
0	29
0	2750
0	0
5	7
0	103
30	637
0	215
1	20
2	82
0	0
0	0
0	0
0	0
0	1
0	1
0	1
0	1
0	0
0	0
0	0
0	0
0	1
0	0
0	0
0	403
0	13
0	1
0	6
0	0
0	0
0	99
0	1
0	0
0	0
0	0
0	0
0	0
0	0
0	2096
0	2095
0	293
0	2095
3	42
0	8
0	34
0	33
0	31
0	6
2	21
10	924
0	1378
0	1392
0	895
0	650
2	21
0	954
85	1354
0	539
0	954
0	51
0	15
0	16
0	64
9	243
3	179
0	55
8	56
1	144
5	237
0	9
0	14
0	7
0	7
0	10
0	0
0	0
0	0
0	0
0	0
0	0
0	0
0	0
0	0
0	0
0	0
0	2
0	79
338	77
6	0
4	67
0	66
3	16
0	0
0	0
0	0
0	0
0	2
0	2
0	203
43	200
0	155
1	95
0	68
0	102
0	155
0	91
0	14
0	79
1	81
1	74
0	8
6	51
5	42
4	28
582	1001
2	972
0	159
26	219
0	342
0	21
0	21
0	20
0	20
0	11
2	3
0	2
0	14
0	8
0	9
0	3
0	18
0	14
0	11
0	14
0	14
0	13
0	14
0	14
0	12
0	13
0	14
0	14
0	0
0	9
0	0
0	14
0	10
0	13
1	14
0	14
0	15
0	13
0	5
0	14
0	13
0	14
0	8
0	8
0	11
0	13
0	8
0	0
0	5
0	0
0	7
0	4
0	10
0	11
0	5
0	8
0	2
0	3
0	0
0	1
0	4
0	4
0	14
0	21
20	452
2	451
5	74
41	11
0	64
0	63
0	28
0	29
0	24
0	29
0	1
0	51
0	1
11	51
0	50
1	4
40	0
654	1
1	1
0	0
0	0
0	0
0	0
0	0
6	1631
2	195
0	333
38	139
1	244
87	1501
12	285
4	40
0	0
0	0
0	0
21	10
3	22
0	11
135	4512
104	2981
0	4118
1	4402
1	937
8	371
0	823
0	512
0	501
0	425
0	681
0	391
0	328
1	709
0	495
0	475
1	418
0	0
0	1
0	1
0	3
0	1
0	3
0	1
0	1
0	2
858	1753
0	231
5	419
0	963
5	674
1	599
0	187
0	454
0	29
1	30
3	5
0	4
0	11
3	13
0	16
0	13
318	185
0	169
0	143
15	169
0	0
20	1924
71	2564
0	2496
1	1008
0	10
0	269
0	96
0	110
0	140
0	73
0	126
0	134
1	172
0	27
0	0
0	0
0	0
2	6249
0	7997
0	279
1	2849
0	470
0	110
0	391
0	631
2	516
1	412
0	79
12	655
2	338
19	1725
6	7947
31	187
5	187
0	14
1	0
2	231
10	220
0	417
2	211
3	165
0	51
0	32
0	134
0	140
1	95
969	0
32	535
1	508
0	149
0	27
2	152
0	152
0	5
2	9
0	1
1	1
0	1
0	0
0	11
0	4
4	46
0	3
0	8
1	10
0	146
14	1972
2	122
2	8
0	1939
9	183
1	2
0	396
0	398
0	143
1	116
0	0
0	3
0	3
0	0
0	3
0	0
11	0
1	0
155	205
0	25
0	197
0	50
0	0
2	13
0	42
4	5
2	9
3	49
0	36
0	396
0	28
2	24
0	74
0	384
0	41
0	5
0	383
0	395
0	281
0	16
0	41
0	7
2	41
0	34
0	13
1	14
0	17
0	12
2	2
0	1
0	1
0	0
1	0
1	1
0	1
8	419
0	422
1	176
18	115
0	109
3	38
0	329
0	373
0	372
0	322
0	257
0	228
1	90
0	291
0	333
15	760
3	119
1	724
3	352
139	45
0	0
0	0
0	0
0	0
0	0
0	0
1	0
0	0
0	35
0	25
0	34
0	33
0	36
172	68
0	18
0	13
0	32
0	13
0	45
0	55
0	39
0	41
125	936
54	524
9	889
0	311
1	446
0	204
3	895
1	136
43	168
0	126
0	4753
0	4817
0	366
0	4564
0	4753
0	3458
0	3640
28	2937
8	491
0	2637
0	2556
0	528
1	692
0	2290
0	386
0	135
0	258
0	158
1	2027
5	106
1	430
2	116
0	4573
0	2170
0	31
4	20
0	321
0	811
5	1192
0	1192
1	418
0	262
3	57
18	21
0	621
0	74
0	152
0	217
0	619
0	214
33	600
1	112
0	621
0	152
1	0
0	75
2	75
3	209
0	195
0	182
0	164
1	7
0	18
0	15
0	24
0	11
0	208
0	55
8	183
0	169
0	24
1	19
77	161
0	33
0	14
0	161
1	12
2	11
1045	11
7	1
29	84
0	37
0	72
2	26
0	13
0	10
1	0
0	0
180	12
0	12
175	101
0	54
0	38
0	30
1	10
3	1986
4	2030
1	2030
2	210
1	2050
10	1811
1	1785
1	1764
1	155
0	1
0	0
0	0
0	0
0	0
0	0
0	1
0	0
0	0
0	1
0	0
0	1
0	1
0	1
0	0
15	0
0	0
0	0
0	19
0	0
0	3
0	1
0	19
0	144
0	20
0	376
0	13
0	620
0	23
1	647
3	615
0	26
0	115
0	11
0	16
0	37
0	3
0	49
0	53
0	70
0	53
1	123
1	65
0	69
1	116
97	146
3	16
0	91
0	118
3	18
0	1
0	1
0	1
0	1
1	199
1	383
3	213
3	318
2	385
0	241
3	209
0	45
0	40
20	127
0	52
1	51
0	0
0	0
0	0
0	0
17	250
0	100
1	31
0	130
0	150
0	44
0	22
0	250
0	1
0	1
15	174
0	80
50	199
0	153
0	147
1	10
11	48
0	56
3	54
0	65
0	11
2	96
0	99
0	44
1	10
0	5
13	8
154	368
5	346
1	74
0	22
0	0
0	59
0	53
0	51
0	19
0	15
1	2
1	4
0	4
1	5
1	6
0	5
0	1
232	0
0	509
6	717
0	694
0	693
0	758
2	717
8	2
0	92
1	57
0	19
0	64
0	67
1	92
0	0
0	516
0	497
0	472
0	509
1	505
0	107
0	431
0	485
0	56
0	447
6	9
6	274
0	0
0	0
0	0
0	0
0	0
0	0
107	65
0	39
1	48
12	58
0	16
0	8
3	2
0	8
7	261
1	241
0	44
0	542
21	531
0	77
0	307
0	137
11	124
6	113
0	652
0	652
0	652
0	640
0	639
0	123
0	139
33	226
0	170
0	106
0	21
0	4
1	1
0	14
0	0
0	0
0	5
0	5
0	3
0	0
0	0
0	6
1	3
0	6
0	6
2	4
0	4
0	2
0	1
0	0
410	122
1	32
1	6
1	4
0	122
29	1160
2	1593
0	1593
0	384
0	68
0	72
0	1636
0	1593
0	1604
0	8
1	8
0	8
0	1
0	1
0	0
0	0
0	0
3	0
8	142
0	144
3	145
1	134
0	65
464	365
0	229
0	89
0	105
0	168
0	338
0	30
123	358
0	181
9	356
1	37
1	3
0	3
0	0
0	1
0	1
0	1
0	0
0	9
0	9
0	8
0	9
0	9
0	8
0	9
0	10
0	1
0	0
0	0
0	1
0	0
0	0
0	0
0	0
0	480
1	41
0	479
0	129
0	28
0	36
0	17
1	13
0	12521
0	31
0	12538
0	5265
0	5263
0	6015
0	6012
0	5264
0	5265
0	338
0	6013
0	12149
0	269
27	314
1	119
0	596
0	2319
0	10795
0	10977
0	11351
1	11274
0	11277
0	10816
0	11188
0	11578
0	11421
0	11464
0	11108
0	12008
0	12224
0	12074
0	12198
0	12191
0	12139
0	12267
0	11852
0	12118
0	12369
2	183
0	1038
1	3733
0	11321
46	4
0	568
0	10875
0	11474
0	884
0	11403
0	10474
0	6394
1	705
0	10003
0	10801
0	6923
0	12035
0	11776
0	10061
0	11834
0	4632
0	729
0	10520
0	10829
0	193
0	10651
3	2937
0	1131
0	1441
0	7540
0	1552
0	1726
1	1646
0	1733
0	1646
0	1640
0	290
0	410
0	127
0	268
0	127
1	203
0	168
5	29
0	101
0	94
2	58
3	34
0	1646
1	0
1	11
0	5
0	8
0	5
0	5
0	1
0	0
0	1
0	11
0	0
0	6
0	9
0	4
1	19
0	7
0	19
0	13
0	3
0	1
0	0
0	4
0	4
604	5704
0	758
4	1072
0	4438
0	4734
136	62
0	62
2	363
0	364
0	228
0	79
33	1164
10	537
0	669
0	91
0	60
0	100
0	88
9	711
1	45
0	0
0	0
8	19889
36	5196
19	1697
1	1682
0	17080
3	17566
23	7515
57	15072
254	7782
0	0
0	0
46	450
0	50
0	363
30	341
1	57
0	194
0	198
0	206
0	141
0	194
0	199
2	106
0	226
25	146
0	5
0	54
3	46
0	41
38	28
0	1099
0	1081
0	103
0	797
0	1056
0	91
0	1077
1	1074
0	1042
0	1054
0	975
0	238
3	149
0	694
0	743
0	691
0	629
35	260
9	260
0	302
84	302
4	1
0	1
0	0
19	238
22	286
1	96
1	0
1	241
0	284
0	0
0	87
1	101
13	1668
6	1668
18	236
0	165
4	93
0	245
0	279
0	144
20	129
2	1134
27	155
3	864
0	45
76	943
2	30
0	547
6	269
0	54
0	51
0	1
4	2
0	1362
8	1291
0	534
0	769
2	167
2	221
0	154
1	548
0	597
2	312
0	267
0	192
0	166
0	122
0	72
0	106
2	3017
51	7
1	1615
0	3052
0	39
1	1827
6	639
431	31
0	31
0	104
0	996
1	1011
0	72
0	6
2	268
0	258
0	71
0	54
1	79
2	56
42	91
2	45
0	142
1	204
0	246
1	13
7	3
0	5
24	5
0	14
0	3
0	5
0	0
1	0
0	16
0	0
0	1
2	1
0	1
0	13
1	0
0	12
0	1
0	1
0	0
0	0
0	7
0	12
0	0
0	832
0	773
14	725
8	769
31	575
0	374
2	666
0	374
0	251
0	272
14	249
10	197
0	30
0	6
0	6
0	30
0	0
0	2
0	0
0	1
0	1
0	1
1	272
3	272
0	150
0	56
3	4
0	4
1	0
0	0
0	0
0	0
0	0
0	0
0	0
0	0
0	0
2	2
0	0
0	2
1	0
0	0
2	7
0	7
0	3
0	284
0	284
4	273
0	259
0	242
0	65
2	37
1	57
0	10
4	29
2	33
0	29
0	27
93	29108
6	29019
30	12382
4	2855
0	1471
0	3245
4	419
4	1552
0	2395
0	10
0	2
1	2
0	8
0	8
0	3
0	4
0	3
0	2
0	1
3	1
0	6
1	1
1	1
0	0
0	0
13	700
0	679
0	632
8	762
0	794
20	506
0	418
0	307
0	59
0	189
0	3
0	62
1	26
63	26
29	36
0	5
0	9
0	10
718	1022
0	990
0	647
2	215
1	130
80	50
0	50
1	539
0	510
4	379
1	399
1	76
25	186
1	56
0	117
0	27
0	443
0	473
0	412
155	182
0	45
0	129
0	143
20	163
33	171
0	98
0	85
3	61
0	8
0	0
0	457
0	421
0	440
0	539
0	576
0	450
0	582
0	462
0	576
0	454
0	442
0	420
0	457
0	582
4	594
0	534
0	458
0	445
0	579
0	164
0	237
0	130
0	542
0	403
0	14
0	184
0	539
0	541
2	129
1	330
0	206
0	0
0	0
0	0
0	0
0	0
0	0
0	0
1	33
0	35
3	56
0	50
0	54
0	45
0	22
0	10
2	4
0	5
1	22
0	16
0	0
0	0
0	5922
0	4251
59	1652
15	1044
0	5925
0	5539
0	2
0	3
0	3
0	28
0	48
0	155
0	160
0	147
14	108
0	95
1	68
0	34
8	52
0	8
0	8
0	8
0	27
0	41
0	41
0	41
0	782
12	148
4	763
1	0
5	0
0	0
0	0
0	2
0	0
0	1
0	2
0	0
0	2
0	0
27	240
0	16
2	23
3	131
0	18
1	39
0	32
0	70
0	884
0	884
0	495
0	149
1	64
0	8
0	47
1	3
2	55
3	239
13	146
1	80
25	117
2	14
0	0
0	107
5	335
0	1518
0	1503
2	424
17	1503
0	1503
0	1503
1	246
0	1500
0	389
0	546
6	227
0	487
0	508
0	484
0	271
0	474
0	189
0	264
0	404
14	350
0	332
0	334
0	328
0	283
1	185
0	260
5	264
10	165
0	125
0	0
1	0
0	0
0	0
0	0
0	0
0	0
0	0
0	0
0	0
0	0
0	0
0	0
2	0
0	277
9	277
0	278
84	1
0	0
0	0
0	0
0	0
0	0
0	0
0	55
13	55
0	0
0	271
0	385
0	525
0	297
0	453
0	330
0	350
1	275
1	202
0	19
0	41
0	40
0	39
0	36
0	33
0	15
0	41
4	37
0	14
0	15
0	41
0	42
0	43
0	17
0	43
0	41
0	40
0	33
0	19
0	21
0	38
0	39
0	35
0	41
0	20
0	10
0	33
0	9
0	9
1	11
0	20
0	27
0	8
0	17
0	26
0	37
0	18
0	3
0	12
1	0
0	15
0	0
0	0
0	0
0	2
0	31
0	19
0	9
0	1
0	2
0	4
0	5
0	5
0	5
0	21
0	28
0	6
1	369
0	366
0	372
0	368
0	368
3	200
3	43
0	27
0	72
1	14
0	0
0	0
0	0
0	0
0	0
0	0
0	85
6	83
0	68
0	57
0	6
0	13
0	6
0	19
0	1
0	5
0	3
0	1
3	1
0	0
0	0
0	0
0	0
0	0
0	0
0	0
0	98
0	29
0	137
1	129
1	11
0	7
0	4
0	74
0	85
0	63
0	11
0	5
0	73
0	24
0	9
0	16
0	0
0	133
0	133
0	0
0	1116
0	1965
0	1940
1	908
0	811
0	174
0	384
0	71
0	1447
0	1429
0	663
0	410
0	539
0	496
1	43
0	51
0	177
0	194
0	996
0	543
0	268
0	454
1	422
0	395
2	272
0	123
0	310
0	158
0	222
0	145
0	74
0	43
0	53
19	9
0	0
0	0
0	0
0	0
1	553
0	313
0	59
1	26
1	37
399	175
0	24
0	52
0	16
2	74
0	52
0	0
0	0
0	0
0	0
0	0
0	279
7	94
2	98
0	191
0	253
0	209
0	295
0	145
9	49
0	100
0	53
13	15
1	1489
0	1229
0	1365
5	1154
0	257
0	252
0	290
0	72
0	74
0	72
0	74
0	74
0	35
0	30
0	13
0	21
0	5
0	8
0	9
0	5
1	5
0	141
0	5
1	141
0	9
0	39
0	140
0	261
0	252
0	41
0	255
0	256
0	19
0	5
0	13
1	15
0	20
3	7
2	5
0	21
0	8
0	0
873	100
1	24
0	96
0	19
222	179
1	114
0	28
31	96
0	33
0	37
1	44
0	27
17	32
0	25
0	23
0	7
0	1
5	11
0	88
9	87
0	42
0	33
0	4
0	9
0	6
0	80
134	118
0	28
0	6
0	2
0	82
0	77
0	77
0	60
0	20
4	17
0	19
0	10
2	3
94	1526
0	1525
3	193
0	354
4	1437
18	4
4	4
0	90
0	33
0	57
1	51
0	23
0	18
0	76
0	122
0	161
9	75
3	79
0	158
60	185
0	185
0	43
0	120
0	19
0	1
2	26
1	21
4	31
0	299
0	279
0	56
3	35
12	36
0	18
0	39
1	68
0	0
0	0
0	0
0	0
0	0
0	0
365	251
0	251
3	56
408	5942
0	1572
88	0
2	5942
21	537
0	537
32	100
3	100
27	144
28	41
161	101
43	90
0	85
2	58
3	36
0	18
0	18
0	2
0	2
0	1
0	0
0	1
0	0
0	0
0	0
0	18
0	9
0	10
0	10
0	0
0	1
1	1
0	1
0	0
0	0
199	200
0	201
0	199
0	9
0	29
1	43
1	1
0	0
0	0
0	0
0	0
0	0
0	0
0	4
0	4
139	127
7	127
2	17
480	185
11	147
0	57
0	38
0	35
0	17
1	327
90	737
0	99
0	717
0	394
0	0
0	0
0	0
0	8
0	8
55	132
0	109
1	109
1	94
0	103
23	58
4	1014
74	928
1	182
2	188
2	487
93	3348
0	4824
0	3684
0	5531
2	4952
0	4415
1	1184
319	289
0	289
218	117
1	117
1	53
2	33
0	11
0	5
0	0
3	275
42	459
1	205
4	209
514	322
1	177
1	145
34	0
2	649
45	378
10	331
8	335
2	380
0	69
1	109
0	283
6	173
0	137
3	355
0	691
0	738
0	574
0	111
0	131
0	242
0	368
2	324
1	543
0	710
2	762
4	83
0	233
0	74
0	710
0	198
0	116
1	89
0	97
2	63
0	105
0	394
0	156
1	157
0	35
0	24
0	0
0	5
0	133
82	48
11	48
1	29
0	22
36	951
3	418
0	898
1	109
0	14
7	90
4	15
2	39
1	32
2	670
0	0
0	15
0	221
0	72
0	58
1	196
0	125
1	193
0	13
0	216
0	51
1	220
0	35
0	47
0	311
0	73
0	249
28	318
1	44
0	64
0	117
0	70
0	52
10	47
0	61
23	110
0	33
0	61
0	221
0	202
24	450
0	62
29	460
1	122
1	0
140	41
0	37
2	23
9	1
0	14
15	11
1	12
0	12
0	4
0	6
0	0
0	0
0	0
0	0
0	0
0	0
0	130
62	16
0	17
0	17
0	139
0	17
4	121
1	73
0	502
0	1161
2	316
0	339
1	871
0	1563
0	1520
0	454
0	329
0	1519
0	898
1	767
0	454
0	1246
0	1253
49	980
0	816
0	0
0	0
0	0
0	491
0	2021
22	1360
0	1856
5	256
0	474
2	303
0	8
0	0
0	0
3	3
0	8
0	0
0	8
0	0
0	0
0	8
0	0
0	0
0	3
0	225
0	213
1	147
2	187
0	198
0	203
0	42
0	43
5	3
0	27
0	16
0	46
0	21
0	9
3	3
0	17
0	33
0	13
0	9
0	20
76	353
0	41
0	95
0	23
0	54
4	332
0	197
4	22
3	148
1	52
0	63
0	187
1	8
112	89
0	61
0	0
0	28
51	265
0	244
1	93
0	105
0	0
66	0
0	0
0	334
0	975
1	859
30	560
93	983
0	339
0	187
1	157
2	79
8	8
4	9
2	8
2	62
0	72
1	70
0	14
14	6
0	3
0	1
0	4
9	14
0	10
0	7
0	1
4	16
5	67
1	350
20	449
0	102
0	70
0	88
8	37
5	29
11	62
235	246
3	262
1	219
4	6
0	46
0	12
3	46
0	71
0	49
1	42
0	23
0	19
0	19
0	23
0	18
0	19
0	23
0	18
7	25
0	25
0	18
0	13
0	17
0	26
0	17
0	7
0	1076
1	1001
0	652
0	1134
2	1095
16	654
0	234
1	131
0	42
4	99
42	110
5	3
0	37
0	15
0	13
0	13
0	10
2	18
0	31
1	31
0	7
0	22
0	13
0	2
0	8
0	4
0	3
0	5
0	5
0	1
0	0
2	30
0	30
0	5
0	0
0	0
0	0
0	0
0	0
0	0
0	0
0	0
0	0
0	0
0	0
0	0
1	37
0	37
19	14
0	38
0	10
2	6
0	0
0	5
2683	1633
6	191
12	309
40	1370
324	1600
7	251
166	45
0	38
2	14
0	4
0	6
1	64
0	11
0	2
0	64
0	100
23	202
0	65
1	2
0	13
1	9
0	48
0	76
0	8
0	1
0	3
2	4
0	6
0	1
0	1
0	1
0	0
0	0
0	0
0	0
0	0
0	0
0	41
0	44
0	44
0	0
0	0
0	0
0	1
0	0
0	0
0	0
0	5
2	43
0	6
0	7
2	17
0	7
0	2
0	1
0	0
0	0
0	27
0	27
0	27
4	530
0	1467
11	1415
0	1005
0	400
0	484
1	64
8	74
6	220
0	566
2012	0
0	0
0	0
0	0
0	0
0	0
0	0
0	0
0	0
0	0
0	0
0	0
0	0
0	0
0	0
0	0
38	0
65	952
0	905
1	859
16	196
0	156
0	102
0	7
2	0
1	109
0	110
0	3
0	34
0	32
0	17
0	5
0	7
0	6
0	9
0	4
0	54
0	550
0	961
0	562
1	130
5	69
0	761
1	569
1	910
0	889
0	536
0	74
1	257
0	131
0	549
0	34
0	739
0	727
11	104
25	150
0	56
2	515
0	414
0	18
0	172
0	45
0	65
0	36
0	39
2	11
0	2
0	2
0	1
0	2
317	884
0	149
0	720
0	204
0	36
202	0
38	1876
1	1545
16	1876
0	833
0	0
0	0
0	0
0	0
0	0
0	0
0	1342
0	1457
0	1370
0	947
0	1489
0	182
0	1398
0	50
2	168
0	228
38	610
2	157
4	86
0	1
1	4
0	20
2	382
2	234
1	303
0	6
0	2
0	2
0	4
0	4
0	1
0	2
0	2
0	0
0	0
0	0
0	0
1	0
0	0
0	0
0	0
0	0
0	0
0	0
0	0
0	0
0	0
0	0
0	0
246	0
0	0
0	3
0	3
0	0
0	0
0	3
0	0
0	0
0	0
0	0
0	1
0	0
0	0
0	0
0	0
0	0
0	0
0	0
0	0
0	0
178	654
0	90
33	138
14	179
0	455
0	10
0	493
3	375
10	127
0	120
4	126
0	28
1	49
0	38
0	33
0	25
0	1
0	80
0	79
0	35
0	18
0	16
0	8
0	125
0	0
0	0
0	0
0	0
1	0
0	0
0	0
0	0
0	0
0	0
0	0
7	4
11	32
1	32
0	22
0	28
1	0
0	29
0	19
0	24
3	14
0	12
0	9
0	8
0	2
0	3
0	3
0	2
0	1
0	577
2	439
0	63
0	508
0	491
0	485
0	495
0	513
0	538
0	458
1	527
0	520
0	520
0	437
0	390
0	409
0	437
0	332
0	353
0	21
2	42
0	221
0	44
0	25
0	155
0	72
0	79
0	57
0	58
0	52
0	537
350	0
0	156
0	157
0	148
0	151
1	137
0	112
0	151
0	151
0	147
0	133
0	114
0	80
0	82
0	71
0	22
0	2
0	10
2	0
0	0
0	0
0	0
0	0
0	153
0	139
2	40
0	59
0	10
2	55
0	17
0	49
0	55
0	47
0	49
0	48
0	25
0	18
0	9
0	1
0	2
0	0
0	47
0	5
0	5
0	5
0	3
0	3
0	2
0	2
0	1
0	0
0	5
0	770
0	416
0	357
1	10
2	6
0	6
0	3
0	2
0	2
0	0
0	1
0	1
0	0
0	1
0	0
0	1
0	0
0	0
0	0
0	0
0	0
0	0
0	17
210	256
0	165
0	133
1	74
0	47
0	52
0	39
0	66
0	0
0	113
0	103
0	105
1	109
1	11
0	11
1	93
0	45
0	14
0	12
0	0
0	0
0	0
2	100
0	49
0	12
2	7
0	0
0	97
1	983
0	885
0	50
1	27
15	226
0	122
5	81
0	32
0	1
0	0
3	191
0	179
0	29
1	12
0	181
0	212
3	154
0	181
0	188
0	161
0	105
0	74
0	74
0	136
0	47
0	65
0	12
0	0
0	2
0	0
0	2
4	6
0	6
0	4
0	1
0	3
0	0
0	0
10	295
5	258
3	102
1	214
2	102
14	230
0	85
0	77
11	94
0	17
0	10
0	52
0	0
0	0
0	0
2	708
0	708
21	447
928	0
0	573
0	200
0	10
0	601
0	160
0	635
22	19
0	181
1	604
0	611
0	38
2	80
0	0
172	463
0	2
0	2
1191	1111
1	192
0	852
0	527
1	203
0	130
151	93
0	0
0	678
0	619
4	659
1	681
15	808
6	521
7	72
0	178
1	11
0	115
0	116
1	92
2	56
0	58
6	31
2	42
8	21
0	2561
0	2213
0	2351
15	998
0	2103
0	2180
3	1839
0	2131
0	1913
0	1897
0	1353
0	785
0	609
0	623
13	207
0	666
0	79
0	48
1	7
0	663
94	361
0	60
6	291
0	37
0	37
5	19
0	0
0	311
0	171
5	64
0	40
0	24
0	27
0	18
0	23
1	75
0	23
0	18
0	29
1	21
0	47
2	22
0	37
0	146
19	172
1	74
0	201
0	41
0	21
0	171
0	16
0	184
0	27
0	22
0	6
0	72
0	22
0	171
0	0
0	0
0	0
203	19
1	22
30	1403
3	1421
0	49
1	32
1	37
0	64
0	1370
2618	0
3	244
0	245
0	20
1	235
0	153
0	28
438	257
0	43
3	34
0	41
2	35
0	154
5	24
0	27
0	5
0	17
0	7
6	303
0	3
0	3
0	3
1	0
0	1
0	0
0	0
7	1
0	1
0	0
0	19
6	0
65	330
0	275
34	295
0	70
1	16
17	204
4	42
0	51
1	177
0	167
14	171
0	168
0	168
0	9
13	9
160	1495
0	1402
0	566
23	511
0	420
0	509
0	679
0	200
0	502
0	679
0	407
0	369
3	394
3	81
1	124
0	2
0	23
0	0
0	0
355	884
0	6
0	4
0	3
0	2
0	0
0	0
0	2
0	0
0	0
0	1
0	6
0	308
0	23
0	44
0	51
0	33
0	29
0	35
0	11
103	0
0	428
0	141
0	387
0	4
0	215
1	219
0	349
19	0
0	970
2	863
0	896
0	901
0	970
2	892
0	245
2	684
0	566
8	84
0	213
1	115
0	98
0	163
1	162
0	21
0	286
62	293
0	91
0	99
0	700
1	700
126	625
22	454
2	59
0	69
5	102
32	1791
4	625
18	1093
35	261
1	1033
0	0
0	0
1	0
0	0
0	0
7	297
1	153
0	297
0	184
29	99
0	0
852	0
0	0
0	5
0	24
0	28
0	1
74	4478
1	604
0	1629
4	0
16	730
0	4352
0	303
0	630
4	479
0	988
1	1589
0	1
0	450
14	461
1	19
1	438
15	0
0	550
1	551
6	424
0	602
1	340
1	292
5	534
2	299
0	312
10	243
0	287
0	248
0	246
6	200
7	157
23	91
423	6
0	3
0	5
8	80
0	35
0	80
0	3
0	4
0	4
0	3
0	2
0	2
0	4
5	509
0	129
1	199
5	382
0	411
1	282
0	366
4	402
16	89
47	131
19	51
0	1
0	1
0	0
0	0
0	1
0	1
0	0
0	0
0	0
0	0
0	0
0	1
0	1
0	1
0	0
0	0
0	0
0	0
0	126
119	1590
0	37
4	66
2	718
0	856
111	733
0	837
1	1534
15	100
26	451
135	1245
6	177
1	217
0	132
0	285
760	0
2	55
0	219
0	32
0	205
186	231
3	225
1	146
54	39
2	21
0	3
0	3
0	0
0	3
0	3
0	3
4	18
0	18
1	0
0	24
0	9
1	104
28	198
0	32
2	113
0	41
0	83
0	81
1	59
0	19
2	54
12	26
2	29
1	18
1	8
2	1
141	203
0	200
0	3
0	1
0	0
0	0
0	1
14	1
0	0
122	1810
0	1810
1	448
25	357
1	116
0	24
0	24
0	1
1	100
3	788
0	940
0	170
0	412
0	125
0	249
0	157
3	885
3	838
2	116
0	144
0	0
0	0
6	22
8	60
0	485
355	519
0	35
0	88
0	161
0	250
0	0
0	0
0	0
0	0
0	0
0	0
0	0
0	0
304	652
1	72
1	463
0	278
1	95
0	138
0	0
0	315
0	332
0	331
0	317
0	246
0	372
0	357
0	320
0	342
0	327
0	391
0	374
0	313
0	171
0	143
0	311
0	320
0	26
0	332
0	332
0	324
0	320
2	280
0	308
0	182
0	237
0	258
3	171
0	332
0	372
0	332
0	317
0	299
0	207
0	264
0	288
0	301
0	294
0	74
0	60
1	369
1	341
0	371
0	1
0	0
0	0
0	0
0	0
0	0
0	0
0	0
0	0
0	0
0	0
12	421
3	82
0	18
0	0
0	7
0	10
0	5
0	81
486	0
0	0
15	22
1	41
0	52
0	17
0	24
7	31
0	3
0	167
0	171
0	173
0	2
5	29
0	37
0	23
0	15
0	27
0	4
0	0
0	6
0	5
0	6
0	0
0	0
0	0
0	1
0	1
0	1
0	4
0	0
0	10
0	0
0	71
0	87
0	74
0	1
8	50
1	31
1	18
0	1
0	0
0	0
0	0
1	0
0	0
0	0
0	0
5274	1096
0	1096
3	239
0	219
0	213
0	205
0	139
0	151
1	122
0	116
0	88
0	114
0	83
20	77
0	99
5	5
0	4
3	301
0	303
0	178
1	20
3	56
0	31
0	398
150	493
2	444
1	130
0	2
97	371
0	306
0	93
0	212
0	334
0	250
0	342
0	335
0	371
0	90
0	364
0	342
0	328
0	335
23	345
0	87
0	266
0	261
0	248
0	239
0	230
0	264
0	219
0	56
0	203
0	204
1	137
3	182
0	78
0	103
1	54
0	25
0	18
1	10
0	1
0	9
2	396
2	96
1	7
0	467
4	465
0	650
0	0
0	0
0	230
0	543
2	246
0	122
0	116
0	129
0	103
0	93
0	95
0	103
0	133
0	97
0	65
30	49
11	35
41	399
0	10138
0	8040
0	10167
0	6958
16	7270
0	10138
0	8357
0	8561
2	3826
0	2295
0	950
1	1505
10	4726
0	4444
2	2698
0	1581
0	965
3	2078
0	2066
0	1938
1	1832
1	1444
2	1364
3	651
1	0
0	0
1	1
0	65
0	70
21	435
0	448
0	4
0	181
0	368
4	93
0	455
0	18
0	21
1	24
0	26
0	4
0	10
0	26
2	1
0	1
0	1
0	0
0	0
0	0
0	0
0	0
0	0
0	0
0	0
0	0
0	0
0	0
0	88
8	230
0	164
0	182
0	173
0	25
6	62
0	29
0	20
1	4
0	9
0	0
0	0
0	0
48	18
0	18
0	0
0	0
1	0
0	1
0	1
0	1
0	1
0	0
6	1022
0	1022
0	162
6	59
0	128
0	116
0	81
0	208
0	82
0	80
0	714
0	714
250	94
0	94
0	33
33	999
0	988
33	584
3	303
5	978
0	259
0	0
0	1
0	1
0	0
0	95
0	342
0	367
0	368
0	368
0	356
0	14
0	117
0	356
0	368
0	336
0	358
0	374
0	0
0	0
0	0
262	44
0	260
0	262
0	307
0	18
0	46
0	441
0	318
6	408
0	271
3	186
0	305
0	431
0	307
3	306
1	314
2	269
0	269
0	272
0	311
0	27
5	305
0	277
0	26
0	258
0	247
0	317
0	66
0	25
1	51
0	268
0	254
0	125
0	188
0	67
0	165
0	35
1	0
0	0
0	398
0	829
0	81
5	138
0	674
0	815
2	8
12	832
0	298
0	125
3	243
0	202
0	136
0	101
0	130
0	54
1	54
0	29
0	53
2	45
0	0
0	0
0	0
0	0
0	6
4	9
0	3
0	1
0	1
0	0
0	1
0	0
651	2724
214	2724
7	239
695	848
0	858
0	108
2	106
2	52
0	76
0	170
0	177
0	128
0	77
0	82
3	5
24	8
0	8
0	3
1	137
0	268
0	339
0	716
0	533
0	665
0	982
0	1
0	268
1	1083
0	0
0	333
0	286
0	330
1	1158
39	1151
0	1111
1	122
0	246
19	161
0	66
3	59
1	62
1	274
33	565
0	0
15	7
1	260
1	17
0	24
0	466
0	274
131	952
3	72
3	890
0	460
13	477
6	278
0	0
0	0
0	0
0	0
0	0
0	0
0	0
0	15
1	13
0	14
1	6
0	6
0	7
0	2
0	3
0	0
0	1
0	0
0	0
0	1
0	1
0	0
0	0
0	15
0	0
0	0
5	0
0	0
0	0
6	14
352	618
1	526
0	160
0	210
0	180
4	6270
1	6392
0	3907
14	3375
4	3425
60	6495
4	1259
0	1653
0	1501
0	1535
1	935
4	4099
9	867
1	4213
46	3545
0	2457
4	1
0	1
405	166
9	166
0	366
12	204
0	345
0	371
1	55
1	131
0	56
0	80
0	50
2	68
2	133
2	9
98	156
0	7
0	7
0	49
0	57
1	6
0	156
2	36
1	12
0	312
0	142
0	142
0	218
0	206
0	36
15	503
221	503
1	488
0	488
6	34
99	227
0	235
0	236
0	227
0	98
0	67
0	104
0	88
0	44
0	43
0	43
1	5
353	596
2	110
1	197
0	170
0	41
0	235
4	158
6	31
0	123
0	188
0	205
1	91
0	135
0	116
0	154
4	67
0	82
0	67
0	50
3	25
173	118
0	43
0	0
0	0
0	1111
0	1089
0	554
49	168
0	1077
4	1100
5	1037
20	1020
2	915
0	921
0	126
0	769
0	710
1	68
0	294
0	91
0	178
2	152
0	102
0	52
0	102
0	35
0	60
0	58
0	79
0	58
0	70
1	51
0	48
0	420
74	405
0	110
1	407
0	419
0	403
0	109
0	31
0	115
0	88
0	74
0	73
0	59
0	45
0	28
1	44
0	15
0	18
0	13
1	11
0	1294
13	1195
17	228
0	167
0	61
1	46
0	642
39	642
0	357
0	348
0	386
0	372
0	302
23	821
0	583
3	571
12	542
2588	838
0	366
1	10258
0	8804
0	6938
0	4
0	4
0	4
0	4
0	1
0	3
0	1
0	0
0	3
0	0
1	0
0	0
0	0
0	0
1	0
1	0
192	226
0	16
0	174
1	34
1	21
5	49
0	14
0	13
2	34
0	68
307	121
2	33
0	87
0	59
3	34
0	13
0	13
0	0
0	0
0	2
146	197
1	39
0	189
6	26
84	80
0	10
1	13
0	2
0	13
0	17
0	20
0	24
0	4
0	0
0	0
0	0
0	0
0	0
0	0
0	0
0	0
0	0
0	0
0	0
0	0
0	0
0	0
0	0
0	0
0	0
0	0
0	0
0	0
0	104
0	327
0	20
0	17
0	316
0	21
1	20
0	127
2	13
0	16
0	35
0	325
0	16
0	11
0	13
0	27
0	100
3	51
5	92
677	92
0	148
0	120
0	57
0	73
0	22
0	16
0	6
2	64
0	52
0	57
0	98
8	3
0	3
0	3
0	3
304	90
0	90
0	0
0	0
0	0
0	0
0	0
0	0
0	1162
117	1357
0	215
0	948
0	2
6	45
0	34
0	2
0	10
0	0
2	0
1	12
0	4
0	2
1	14
0	0
19	331
3	113
0	55
1	39
0	199
1	28
2	522
0	92
0	0
0	0
0	0
0	0
0	0
0	0
0	0
0	0
0	0
0	0
0	0
0	0
4	893
0	773
0	144
0	213
0	340
2	161
0	1
0	1
0	1
0	1
0	1
0	1
0	1
0	0
0	1
0	1
0	0
1	0
0	0
0	5
0	133
0	449
0	99
4	173
0	494
0	238
0	39
0	40
0	265
1	52
134	188
0	7
10	177
0	110
0	166
0	8
0	1
0	0
20	10
0	2
0	8
0	2
0	2
0	2
0	1
0	1
186	298
0	298
6	94
13	69
0	94
3	57
18	272
1	41
0	279
0	30
5	30
0	41
3	1
0	5
0	50
2	223
539	145
2	145
0	2
0	2
0	0
69	111
0	107
48	7
0	100
0	25
0	0
0	0
0	0
0	0
0	0
0	0
0	1
0	1
0	1
0	1
0	1
0	3275
0	115
11	2352
0	2457
0	2550
27	146
0	281
56	173
6	333
0	1392
0	1302
0	95
18	231
15	206
0	114
1	229
0	225
0	215
0	41
0	31
0	71
0	3232
16	312
167	266
8	220
2	50
0	225
0	173
4	83
4	68
0	71
9	80
15	89
0	86
0	0
0	0
0	0
0	0
0	0
0	0
0	0
0	0
0	0
0	0
0	0
0	0
0	247
1	249
6	749
0	249
0	2
0	221
0	270
1	249
0	249
0	272
0	166
7	142
0	88
0	101
0	292
0	17
0	505
0	167
0	480
0	75
0	480
1	0
0	0
0	0
0	0
0	123
0	669
0	1961
5	2403
0	1180
0	1214
0	1295
1	1399
0	819
0	1261
0	1096
0	247
16	131
1	76
3	673
0	194
0	17
0	17
0	3
0	4
0	0
0	0
0	0
0	5
5	781
0	959
11	386
0	808
0	864
12	26
0	477
0	23
1	242
58	786
2	73
0	182
0	113
0	610
0	14
0	772
0	1
0	1
0	1
0	1
0	0
0	0
5	2
0	1
0	2
4	0
0	0
0	0
0	81
0	97
5	80
5	73
1	93
0	81
1	6
0	0
0	0
0	0
0	0
0	0
0	0
0	0
0	0
0	0
0	0
0	0
0	0
0	0
0	0
0	0
0	0
0	0
0	0
0	0
0	0
0	0
0	12
0	15
0	17
0	9
0	2
0	1
0	1
0	0
0	0
0	6
0	2
0	0
0	0
0	0
7	1674
0	1068
0	664
0	128
0	562
0	632
0	1709
0	1782
1	1679
0	289
1	440
0	928
0	1647
0	75
1	769
0	915
0	659
2	902
0	693
0	354
0	225
102	224
5	225
0	2833
0	1278
0	1637
0	2852
0	45
0	2863
1	2854
0	2854
3	2864
0	56
21	1550
0	311
6	222
6	288
3	193
3	177
0	206
1	235
1	84
0	107
2	61
2	40
1	82
1	32
1	81
2	1
12	0
0	84
0	75
0	44
4	82
0	24
0	22
0	15
0	78
5	67
2	24
5	0
5	0
0	0
0	0
0	0
0	0
0	0
1	61
0	4
0	2
0	0
0	0
0	0
0	0
0	4
0	4
3	266
0	261
3	243
0	279
7	261
0	239
0	263
14	18
0	88
0	92
0	60
0	7
0	4425
218	4259
0	4418
0	4276
1	3356
7	4271
0	4189
11	4251
0	4240
3	3618
1	2291
0	1771
0	1515
0	884
0	2837
0	546
0	508
0	546
0	272
0	222
2	36
0	222
0	26
2	32
6	26
0	113
6	4
0	221
0	181
0	183
0	24
1	10
0	91
0	48
0	511
0	0
0	0
0	0
0	0
0	0
0	0
0	0
0	0
0	0
0	0
0	0
0	0
0	0
0	0
0	0
0	0
0	0
0	0
0	0
0	0
0	0
0	0
0	0
148	318
1	176
4	174
2	120
4	82
0	27
0	79
0	71
0	27
1322	1360
4	1225
1	294
1	1
0	1
0	1
0	0
0	0
0	2
0	0
0	0
0	1
0	1
0	0
0	2
20	491
4	243
1	343
0	417
6	237
0	110
1	106
2	110
0	72
0	0
0	856
2	381
0	113
1	119
0	126
1	42
0	35
0	14
0	18
2	376
217	34
1	34
289	492
0	490
2	446
0	18
1	11
0	72
0	13
1	0
153	37
0	17
0	21
0	25
59	0
0	41
0	43
0	13
0	44
1	9
0	3
0	2
0	1
0	4
0	5
0	1
0	2
0	8
0	5
0	12
0	25
0	6
0	5
0	2
0	11
0	5
0	4
0	8
0	0
44	1717
1	1500
1	1627
2	729
192	424
0	184
0	97
0	21
0	56
0	121
0	43
0	34
0	36
0	15
0	426
161	110
0	107
0	51
0	10
2	3
0	0
0	0
0	0
0	0
0	0
0	0
0	0
35	501
3	375
0	346
0	560
3	562
1	342
0	384
0	90
0	75
4	73
0	91
0	71
0	83
0	33
0	480
0	99
3	173
7	166
0	194
0	8
0	19
1	15
0	8
0	13
1	10
0	10
3	599
0	580
0	470
0	578
0	461
0	582
0	377
0	580
0	449
0	565
0	454
0	318
0	321
6	340
0	281
1	254
0	292
0	11
0	36
0	218
0	267
0	137
0	172
0	93
0	98
0	26
0	48
0	21
0	29
0	16
0	0
0	0
0	0
0	0
0	11
3	244
0	139
3	132
62	96
2	594
0	596
0	424
0	514
0	336
0	268
9	130
0	158
0	48
10	5
11	3
1	222
0	0
0	0
20	324
0	323
0	320
4	294
0	294
1	34
0	103
0	62
0	57
0	58
0	42
0	24
0	24
4	0
0	0
0	0
0	0
128	16
0	10
0	15
1	4
0	15
0	196
25	122
0	299
0	942
0	908
1	257
2	190
37	689
0	0
0	0
0	0
0	0
0	0
0	0
0	0
0	0
0	0
0	0
0	0
0	0
0	0
0	0
0	0
0	0
1	324
0	205
0	13
0	313
8	72
1	79
0	3
0	4
0	207
0	203
113	158
0	60
0	97
0	97
260	606
7	550
0	533
8	45
1	85
0	41
0	559
53	359
0	214
0	267
0	229
0	217
1	170
0	268
0	212
0	68
2	66
4	100
0	98
0	58
0	74
0	67
0	58
0	26
3	21
0	11
0	342
0	95
0	64
325	127
1	66
0	36
1	1826
0	1037
0	1881
7	1910
0	166
0	0
2	130
0	2
0	2
0	0
0	0
46	845
1	696
0	805
0	227
4	73
1	0
56	247
0	51
0	6
0	196
0	16
0	25
0	36
0	180
0	4
129	117
23	540
0	164
23	540
0	235
3	66
249	7
0	7
7	2
0	0
0	87
0	16
0	30
0	91
0	30
1	17
0	3
0	0
0	46
1	23
0	31
1	9
0	38
17	26
1	22
0	7
0	0
0	0
0	1
0	1
0	1
0	1
0	1
0	1
0	1
0	1
0	1
0	1
0	1
0	9
3	7
0	6
1	5
0	1
0	2
1	2
0	1
0	0
0	0
0	0
0	0
0	929
0	0
0	0
0	0
0	0
11	234
0	155
7	215
0	157
0	162
0	157
0	196
3	191
0	152
0	194
0	197
0	166
0	124
0	87
0	120
0	105
0	78
0	41
1	84
0	75
0	78
0	77
0	5
0	44
1	0
0	97
0	0
0	0
0	0
0	0
0	117
0	97
0	100
0	86
0	24
0	100
1	110
458	162
0	13
4	23
0	26
1	23
0	145
23	910
10	1301
0	1104
0	222
8	364
0	385
0	297
0	250
0	418
1	261
0	262
0	333
1	111
1	243
1	4
0	2
0	2
0	2
0	3
0	2
0	3
1	2
0	0
0	0
0	0
0	0
0	0
0	0
0	0
266	149
8	149
16	148
0	61
0	0
0	0
0	0
0	1
0	0
0	4
0	0
0	3
0	0
0	0
0	0
0	0
0	0
0	4
0	4
0	1
0	1
0	4
0	3
0	0
0	0
0	0
0	0
0	0
0	0
0	0
0	0
0	0
0	0
0	0
100	920
0	902
0	883
4	28
1	70
0	836
4	316
0	109
0	107
0	179
2	75
0	17
4	0
0	91
19	6
0	6
989	0
114	212
3	197
2	95
0	39
0	39
0	1
0	1
0	1
0	1
0	0
0	0
0	39
0	92
0	88
1	90
1	91
0	58
0	47
0	33
0	49
0	0
1	49
0	37
0	11
0	29
1	33
0	7
0	5
0	5
5	4
4	5
0	2
0	0
0	0
2	42
0	21
0	35
0	8
234	376
0	0
0	20
0	19
0	21
0	11
0	10
5	21
0	11
1	332
0	0
0	0
0	0
0	0
0	0
0	44
0	0
0	1
0	1
0	0
0	0
426	230
4	143
0	234
2	54
0	230
5	204
2	0
1	69
17	574
1	73
0	572
0	29
0	72
4	178
35	93
0	87
0	86
6	17
2	18
2	0
0	0
0	0
0	0
0	2
0	2
0	2
0	0
0	0
0	0
0	0
0	0
0	1
0	1
0	0
0	0
0	1
0	1
0	0
0	0
0	0
0	0
0	0
0	0
2	664
306	676
2	29
0	1
6	1
0	1
0	1
0	0
0	1220
31	1220
0	1159
0	0
0	0
0	0
0	0
0	0
0	0
0	0
0	0
0	0
0	0
0	0
0	0
0	0
287	246
2	219
1	30
3	47
0	1074
38	783
0	357
10	560
0	896
0	857
0	499
2	175
0	226
1	366
0	150
0	205
0	242
0	287
0	276
0	111
0	260
0	297
1	252
0	99
0	179
0	42
3	113
7	885
6	497
0	849
1	64
0	50
4	120
0	49
5	13
0	0
0	0
0	0
0	0
0	0
0	0
0	0
0	0
0	0
0	0
0	0
0	0
0	1
0	1
0	1
0	1
0	0
6	765
49	697
14	194
0	558
4	60
0	310
2	204
2	179
1	98
0	4
2	740
0	600
0	662
5	325
1	144
0	329
0	456
0	611
1	158
1	208
1	432
2	323
0	69
3	233
0	330
1	330
1	231
1	227
0	144
7	159
0	26
14	34
0	6
0	128
72	781
0	34
0	39
0	74
0	89
1	564
1	23
0	38
21	15
0	12
0	1
0	1
0	1
0	0
0	1
0	0
0	0
0	0
0	0
4	179
0	81
11	115
0	59
170	208
0	53
3	495
0	489
0	47
1	17
0	6
2	60
0	59
0	485
43	203
0	193
0	30
0	0
0	0
0	0
0	0
0	441
0	166
150	2802
0	2803
0	423
2	437
9	437
0	72
3	206
9	224
0	217
14	78
1	32
6	113
2	37
0	11877
0	11950
0	11498
2	10312
29	1641
18	1500
17	1485
100	6678
9	3393
14	1043
17	1679
0	294
0	323
1	291
40	221
3	187
0	207
7	19
3	5
4	89
0	125
0	55
0	130
5	114
0	95
0	36
4	553
0	17
1	16
8	16
23	36
2	17
0	11
1	14
0	9
0	3
0	20
3	87
14	130
31	41
0	35
0	26
5	0
0	17
0	24
0	28
0	7
0	25
0	145
0	138
3	20
0	23
0	13
0	130
1	9
0	11
0	44
0	131
2	7
0	427
14	426
0	198
0	52
0	52
0	82
0	0
0	3
0	2
0	5
0	5
1	1
0	3
1446	0
0	33
4	33
0	1
1	270
32	204
4	178
0	104
5	534
2	519
0	457
0	517
0	519
0	505
0	517
0	517
0	443
0	517
0	516
0	432
0	516
0	446
0	498
0	507
0	509
0	510
0	486
0	500
0	482
0	436
0	474
0	472
0	470
0	372
0	447
0	426
0	442
0	241
0	138
0	70
0	25
0	6
1	5
0	0
0	1
0	0
0	0
0	1
0	653
0	409
0	524
8	339
2	511
0	483
0	216
1	229
0	38
0	105
1	179
53	517
45	612
0	239
0	6
0	91
0	177
0	401
0	389
0	298
0	428
0	542
0	566
0	258
0	18
0	3
0	1
0	0
0	3
0	3
0	1
0	0
0	1
0	1
0	0
0	14
0	5
0	12
0	4
0	1
0	1
0	3
0	1
0	3
0	3
0	2
0	0
0	0
19	298
0	689
3	560
0	442
0	84
0	66
0	106
6	113
11	32
1	168
0	174
0	146
0	123
1	110
0	80
0	87
0	74
0	70
6	30
0	30
0	618
1	1553
0	1645
0	505
1	955
97	1621
0	505
2	682
0	505
0	210
0	440
0	334
0	75
0	976
0	221
0	458
41	935
4	59
11	6475
1	9
0	6812
0	7814
0	5384
0	7414
0	7762
98	4908
0	5747
71	3904
0	7022
2	7092
0	3140
0	0
0	1831
0	1826
0	4
0	218
118	248
0	61
0	124
1	137
5	203
3	231
0	231
0	207
0	231
0	139
2	139
0	227
0	224
0	202
63	150
0	3
0	133
2	56
1	25
0	5604
2	665
1	153
1	391
8	1099
0	1828
0	81
0	4551
0	4957
0	5530
21	1445
1	303
8	620
7	1030
0	36
13	54
0	162
256	202
50	39
0	32
1	10
2	1
0	1
0	0
0	0
0	0
0	0
0	0
0	0
2	2226
1	79
9	2057
0	312
0	57
2	524
11	507
0	2023
5	1622
0	1779
1	1134
0	141
1	94
0	41
0	30
0	33
0	2
2	34
0	26
0	9
0	20
0	136
2	0
7	64
0	47
1	13
1	17
0	3
0	64
400	496
1	11
0	250
1	215
0	15
0	13
0	42
0	62
0	13
15	17
0	24
0	30
15	381
2	381
1	382
1	102
0	53
0	58
2	48
4	52
0	45
1	18
1	14
0	8
16	9
0	38
0	3256
1	3256
160	3255
15	3281
0	3281
1	3258
0	1856
0	1237
0	799
19	371
0	800
15	665
0	119
9	273
2	11
0	4
8	12
0	5
0	4
0	6
0	5
76	123
1	123
1	2
0	2
0	0
0	2
0	1
0	0
0	0
0	0
0	0
0	0
0	0
0	0
0	0
0	0
53	1201
2	121
11	138
0	470
4	1106
0	121
0	164
5	560
0	24
0	26
0	25
0	22
0	24
0	3
0	1
0	3
0	20
0	11
0	0
0	12
0	0
9	0
0	147
0	153
0	26
0	15
2482	3392
22	2465
0	348
0	449
1	668
1	555
2	110
24	29
19	833
26	825
3	791
0	425
2	0
0	11
0	11
0	11
0	11
0	11
0	0
0	0
0	0
0	0
508	388
4	317
3	340
4	180
0	0
0	0
0	0
0	58
0	58
0	55
101	0
0	0
0	0
0	50
250	50
4	5
0	51
1	0
0	39
569	1726
2	1669
5	1255
1	396
0	191
0	0
0	1324
2	409
0	349
0	146
13	221
0	184
0	162
6	163
0	300
0	768
6	617
0	419
19	495
0	329
0	331
7	188
0	281
1	207
2	254
1	169
0	52
0	247
5	258
0	249
3	228
1	17
0	247
3	241
0	68
0	58
0	40
0	30
0	4
32	130
3	113
0	119
0	55
0	28
0	4
234	41
0	41
792	499
0	109
0	157
2	233
11	209
0	55
5391	0
434	196
1	115
1	32
3	36
2	28
2	28
0	18
1690	2
0	2
85	318
0	311
1	231
0	295
1	22
0	15
0	89
1	15
2	80
0	24
4	121
1	433
0	6
0	432
0	14
0	37
0	434
0	0
0	0
0	0
0	0
0	0
0	0
0	0
0	0
0	0
0	0
0	0
0	0
0	0
0	0
0	0
0	0
2	33
0	1
1	23
0	459
6	459
0	8
0	0
1095	0
6	370
3	370
0	5851
0	2390
2	2628
47	3649
0	4873
1	1730
0	879
12	775
1	1152
0	2016
0	2399
0	1502
0	1813
0	1325
3	1436
0	1570
0	1204
156	49
0	9
0	11
0	27
0	14
0	16
1	14
0	11
0	128
0	621
1	1573
0	519
2	891
1	328
39	1392
1	454
35	1
0	179
0	1429
18	1868
2	0
0	36
0	1870
7	1807
1	72
0	1870
2	80
2	264
99	262
0	111
9	139
8	117
0	37
2	131
0	136
0	100
0	2
1	0
0	6
0	6
0	8
0	17
0	17
0	7
0	14
0	0
12	54
0	23
7	175
0	175
1	164
11	17
10	14
4	12
0	114
0	251
0	102
0	213
0	212
0	0
0	0
0	0
0	0
0	0
0	4
0	16
1	16
0	19
1	15
1	17
0	269
0	234
0	730
2	2472
5	431
0	418
0	2473
0	2484
0	42
1	50
1	94
1	29
0	359
0	59
0	199
0	326
12	124
0	152
0	133
0	20
0	95
0	88
0	42
0	45
1	52
0	11
0	13
0	0
0	0
565	2319
4	1892
36	1598
0	1246
0	1270
0	748
0	326
0	488
0	354
1	416
0	16
0	10
0	16
0	12
0	15
0	16
0	12
0	16
0	12
0	8
0	12
7	486
1	451
0	474
0	470
0	458
0	33
0	39
52	283
0	283
2	395
3	398
0	394
2	76
0	116
1	100
1	49
0	43
0	5
0	6
0	393
0	0
4	258
0	32
0	6
1	30
0	475
4	6
0	29
4	21
0	469
0	0
0	0
0	430
3	428
0	440
4	424
0	60
11	165
1	202
1	118
3	94
2	32
0	8
0	5
16	44
0	9
0	12
0	33
0	18
0	11
0	5
0	15
0	7
2663	1
0	170
27	830
0	801
0	152
35	880
2	832
43	896
0	823
0	831
0	855
0	842
0	807
1	851
2	809
0	851
0	832
0	836
0	197
0	207
22	131
0	115
10	62
23	35
4	57
0	58
1	28
10	30
0	8
0	0
0	2
0	6
0	1
0	0
0	8
0	1
0	0
0	2
0	0
0	0
0	0
0	0
0	0
10	30
0	0
0	29
0	11
0	5
0	0
0	3
0	8
0	8
0	8
0	3
0	4
0	4
0	4
0	4
1	3
0	3
0	3
0	198
98	405
1	393
0	207
0	393
1	242
0	41
0	99
6	164
0	0
0	1
2	231
0	278
0	929
0	259
1	1083
0	220
2	1027
0	188
0	195
0	162
3	60
0	230
3	274
0	172
23	198
1	420
0	328
3	201
0	925
0	395
0	385
3	313
1	93
0	66
0	252
1	48
1	32
0	200
0	15
1	40
0	38
0	20
1	51
0	51
1	24
0	510
293	705
0	653
0	454
0	39
0	142
0	161
108	411
0	355
0	153
0	99
0	54
0	56
1	31
0	22
0	22
0	11
0	9
0	0
0	6
0	2
0	3
0	1
0	3
0	0
569	0
0	2
0	18
64	547
3	123
0	113
5	426
5	128
0	330
4	85
3	95
7	0
0	0
0	28
0	28
0	13
0	11
0	3
0	1
0	1
0	1
0	1
0	0
0	1
48	12
0	9
0	8
0	4
1352	418
0	385
2	111
1	182
2	11050
0	11142
0	11098
0	4657
8	1148
33	332
2	1931
14	1255
86	25
0	16
0	9
1	8
3	534
0	534
1	520
0	533
0	533
0	530
0	521
0	33
0	535
0	526
0	528
1	55
0	59
0	105
1	112
3	39
0	473
0	0
1	383
0	416
1	11
10	378
3	2709
0	2814
0	2045
0	327
0	695
0	1249
0	385
0	453
0	0
0	0
0	0
0	0
0	330
0	291
0	298
1	143
1	28
0	329
0	25
0	333
0	321
0	293
0	266
1	86
0	33
2	31
0	2
0	32
5	9
0	43
0	140
0	149
0	0
0	0
1	0
1	900
0	145
0	67
0	41
1	25
0	25
0	869
0	69
12	0
2	25
0	31
0	30
0	31
0	8
0	1
1	0
0	25
560	429
0	362
0	356
0	276
1	354
0	262
0	5
0	352
0	13
1	128
0	170
5	41
0	155
1	0
2	135
0	57
2	72
1	405
3	130
9	54
4	130
1	314
1	300
6	179
0	43
0	65
2	63
0	77
0	38
0	66
78	0
0	209
0	228
0	155
0	98
1	26
0	34
0	33
0	25
0	26
0	8
0	10
0	4
0	5
0	1
0	1
110	37
0	37
0	6
0	0
0	10
0	17
0	17
11	678
0	671
0	669
0	393
0	196
0	165
0	125
0	157
2	152
0	148
0	139
0	123
0	97
0	71
0	55
0	15
7	7
1	29
0	1
1	0
0	669
0	282
0	338
17	362
8	172
0	41
21	33
0	3357
0	3082
0	2744
10	2944
0	3133
0	3012
0	3127
0	2777
1	2809
0	2794
0	2212
0	2683
2	3142
0	2622
3	2805
0	2806
1	2957
0	2808
0	2000
3	3243
0	3126
1	2812
0	3111
0	2288
0	2462
0	2419
0	2535
0	2278
0	1811
0	1820
0	1392
0	1695
0	470
0	1392
0	1636
0	1297
0	1160
0	658
0	642
0	528
0	542
0	680
3	504
0	503
1	121
0	522
0	207
0	349
0	288
51	194
13	13
1542	667
1	165
5	260
2	399
0	11
0	107
6	245
31	744
1	736
0	703
1	712
0	21
0	744
0	83
0	95
0	384
0	74
0	3
0	69
4	367
0	85
0	94
0	92
0	26
3	26
0	151
1	359
0	306
0	43
0	10
1	30
0	63
0	248
0	110
2	69
0	64
0	125
0	393
0	409
0	411
0	395
1	37
0	418
0	9
0	1
0	15
2	20
0	0
0	389
0	333
1	300
0	304
26	44
0	29
2	27
0	39
2	35
0	118
0	14
0	9
0	30
2	64
11	93
19	109
0	23
0	415
0	351
0	278
1	322
0	391
0	171
6	70
0	322
0	269
0	118
2	201
0	120
0	119
0	125
0	40
0	54
1	87
0	65
0	48
0	25
0	21
0	5
0	0
0	0
0	0
0	0
0	0
0	0
0	0
0	0
0	0
0	0
0	0
0	351
0	318
0	5
0	6
0	4
0	1
17	32
0	4
0	23
7	23
0	8
0	8
0	6
0	8
0	9
1	46
1	34
12	326
37	286
41	1259
14	1251
10	8
33	0
0	4
1	3
0	12
0	48
1	45
0	45
0	26
0	23
0	21
0	16
0	8
0	11
0	12
0	11
0	0
0	0
0	0
0	0
0	0
0	0
105	1543
0	130
0	170
0	1556
1	48
1	245
16	140
0	140
0	11
0	0
488	61
0	61
0	0
0	1
0	1
0	360
1	16
1	51
0	56
1	45
0	52
0	47
2	10
3	44
0	11
0	18
2	233
9	506
0	289
0	727
3	289
5	405
1	103
0	1
0	1
0	1
0	1
0	1
0	0
0	0
0	0
0	0
0	0
2	0
743	321
4	321
0	27
8	48
1	120
15	131
0	13
0	127
0	9
0	15
0	2
1	33
42	175
1	19
0	22
0	70
12	85
0	426
0	196
0	368
47	405
0	439
13	237
1	78
0	49
1	79
0	53
0	49
0	46
0	47
0	47
0	35
0	42
0	41
0	40
0	38
4	31
1	31
3	21
12	204
0	159
4	32
1	134
3	103
0	13
0	0
0	18
0	0
0	0
30	0
0	0
0	0
0	0
0	1
0	1
1	61
0	293
1	286
0	274
0	18
0	62
586	296
1	98
0	272
0	699
0	686
0	706
0	1235
0	724
0	1286
0	744
0	1445
4	1424
0	1424
0	726
0	648
0	676
0	663
0	907
2	45
10	346
0	952
0	1424
0	58
0	58
0	54
0	58
0	58
0	55
1	48
0	60
0	58
0	55
0	40
0	45
0	7
0	8
0	5
0	9
0	4
0	1
0	10
0	6
0	6
0	0
0	8
0	2
0	2
0	7
0	8
0	7
0	3
0	4
0	4
0	4
0	5
0	59
0	59
0	54
0	59
0	59
1	2
0	2
0	1
0	1
0	0
0	0
2	1
0	1
15	2318
0	59
0	43
2	36
0	54
0	2368
1	4
0	36
4	14
1	84
3	143
0	35
9	227
0	12
0	12
0	8
0	6
0	4
9	8
0	2
0	8
1	2
0	0
0	61
0	48
0	164
0	164
0	41
3	52
0	172
0	108
0	114
0	166
9	135
0	20
0	164
0	9
5	23
3	75
0	131
0	90
0	82
0	64
0	39
0	77
0	39
0	57
1	97
1	75
0	15
0	5
18	165
0	153
0	72
0	48
0	14
0	34
2	34
1	0
4	22
0	34
0	22
56	36
0	14
0	27
793	56
0	26
0	54
0	31
2	8
0	0
0	0
0	0
0	0
0	0
0	0
0	0
0	0
0	0
1	6
0	1
0	6
0	0
0	0
1112	551
1	109
0	158
0	100
2	57
0	92
0	58
5	164
0	3143
0	1620
3	1113
3	1833
0	981
1	545
0	369
0	352
0	347
379	127
0	127
8	780
1	773
0	795
0	201
8	1
0	784
0	167
1	146
0	209
0	174
0	158
0	163
0	0
0	0
0	0
0	0
0	0
0	0
0	2
0	2
0	2
0	2
0	1
0	0
0	0
0	4
35	27
0	17
0	7
0	20
1	4
2	5
0	7
0	4
0	62
0	61
0	48
2	3
0	0
20	1893
7	1619
12	420
0	1646
0	409
13	211
0	1253
3	1057
0	1091
3	1215
1	945
22	1275
0	1106
0	441
0	43
0	820
0	672
2	905
0	379
0	292
2254	0
0	0
5	3122
7	3425
5	3408
13	2524
9	2850
99	3134
0	305
0	237
0	362
0	362
4	0
0	1
0	0
0	1
0	1
0	0
0	0
0	1
0	1
0	1
6	219
28	219
702	253
0	187
5	69
0	0
0	0
8	882
7	868
145	909
0	1
0	1
0	0
0	0
0	0
0	0
0	0
0	0
0	0
0	72
8	520
2	521
1	109
1	60
0	148
4	446
2	367
15	165
7	149
0	81
0	2
0	0
0	0
0	1
0	2
0	2
2	121
1	457
2	432
5	548
0	268
4	168
0	425
0	337
8	309
0	285
0	820
0	596
0	613
49	820
2	714
0	1334
0	1402
0	1277
3	459
0	5
0	5
0	5
0	5
0	0
9	517
16	177
1	526
3	252
0	91
2	54
8	13
0	128
0	0
0	453
0	477
0	261
2	96
1	131
0	473
0	453
0	167
0	333
0	13
0	222
0	24
0	0
0	9
0	233
0	15
0	235
0	458
0	273
1	64
0	246
0	62
0	259
1	0
1	79
2	99
0	766
0	0
0	0
0	3
0	3
0	0
0	3
0	2
0	1
0	0
0	0
0	0
0	2
0	0
0	0
0	0
0	2
0	1
0	2
0	711
0	528
0	0
0	0
0	1
0	1
36	403
27	350
0	42
0	176
15	45
0	24
454	108
35	47
0	36
0	9
3	26
21	48
0	0
0	0
0	0
0	187
11	195
6	95
0	31
0	27
1	8
0	7
0	79
0	81
0	71
0	73
0	72
0	77
0	54
0	52
0	70
0	68
0	0
0	0
0	0
0	0
0	0
0	0
0	15
0	0
0	0
0	0
0	74
0	0
0	0
0	0
0	4
0	77
0	54
0	0
0	36
0	0
0	0
0	0
0	0
0	0
0	0
0	0
0	0
0	0
0	0
0	0
0	0
0	0
0	0
629	139
3	139
0	0
0	10
0	9
0	9
0	8
0	11
0	11
0	10
0	11
0	11
0	10
0	9
0	3
0	11
0	6
0	9
0	10
0	8
0	6
0	8
0	2
0	0
0	0
0	2
0	0
0	0
0	2
0	3
0	0
0	0
0	2
0	0
0	9
0	4
0	7
0	0
1	0
0	0
0	0
0	0
0	0
0	0
0	0
0	0
0	0
0	0
0	0
0	0
0	0
0	0
0	0
0	0
0	0
0	0
0	1
0	1
0	3
1	4
0	1
0	3
0	3
0	3
0	3
0	1
0	1
0	1
0	28
922	551
2	192
0	551
0	399
4	29
3	141
1	13
0	11
0	11
0	13
0	12
0	10
786	287
0	287
2	36
0	89
0	695
3	774
0	774
0	124
0	4
0	0
69	0
65	69
0	24
0	41
1	50
0	35
10	27
0	0
0	0
0	0
0	0
0	22
9	22
11	112
0	115
0	156
12	121
0	144
0	81
2	153
0	0
0	0
0	0
0	0
0	0
0	0
0	0
0	231
0	1961
3	823
1	1683
1	1956
1	1573
0	199
0	217
0	352
0	208
2	188
0	192
0	151
0	333
12	149
1	650
3	76
0	1
0	0
0	1
0	0
0	142
0	2
0	2
0	2
0	2
0	2
0	23
0	2
0	23
0	23
0	2
0	2
0	1
0	1
0	2
0	2
0	4
0	5
0	2
0	0
0	3
0	8
0	2
0	1
1	143
0	197
7	276
0	214
0	240
1	44
0	250
0	69
2	43
0	38
2	38
5	0
0	22
1	25
0	0
0	0
0	0
0	0
0	0
0	0
0	0
0	0
2	0
10	112
1	112
0	13
0	6
0	0
0	0
45	569
0	253
0	444
2	27
1	27
1	15
0	6
0	12
4	5
0	374
0	1
1	1
0	460
9	131
0	479
13	177
7	125
0	392
0	363
0	412
23	297
0	241
0	161
0	181
0	162
0	61
1	96
0	55
0	1
0	1
0	1
0	1
0	0
0	0
0	0
19	244
1072	309
2	131
0	0
0	0
0	0
1	660
0	1798
0	1651
1	1819
0	1735
0	1659
0	1768
0	1632
0	1587
0	1674
1	214
0	1105
1	111
0	1559
0	165
2	57
2	123
1	16
4	1124
1	455
0	226
4	277
0	147
5	141
5	673
0	247
0	194
0	222
0	220
0	194
0	166
0	152
0	205
0	133
0	160
0	92
0	167
0	96
2	53
0	1674
0	1806
1	424
2	418
0	34
1	2
0	162
3	5
8	4
0	99
1	5
0	379
0	385
510	287
2	106
19	153
6	134
0	134
0	46
405	764
0	187
0	370
0	348
0	393
0	899
467	118
0	190
0	171
1	81
0	51
207	109
0	11
0	98
0	0
0	0
0	0
0	0
6	654
0	730
0	723
2	515
8	729
0	98
0	94
1	13
6	0
0	108
88	278
0	271
3	272
0	168
0	193
0	115
0	172
0	167
0	746
3	1176
2	1176
0	1
0	1
1	1
1	2
0	2
0	0
0	2
0	11
0	1
0	2
6	11
0	0
0	1
0	0
0	0
391	0
0	0
0	0
0	0
0	0
0	216
0	70
56	679
1	492
1	32
18	566
11	609
0	476
6	368
0	390
5	497
0	289
2	601
0	198
0	19
2	720
0	29
21	0
0	57
0	29
0	88
2	14
0	58
0	45
6	81
3	42
0	0
0	0
0	0
0	0
0	0
0	535
0	915
0	1131
0	1115
0	1032
5	1072
0	1045
0	1049
15	992
0	1079
0	1052
0	1058
0	1125
0	1177
0	1101
2	1063
0	1158
0	1157
0	919
0	10
0	751
0	735
0	726
3	568
1	226
0	360
0	366
1	83
0	207
0	162
0	62
2	28
0	89
3	131
0	26
0	33
0	21
0	12
1	0
0	410
3	410
0	40
0	7
0	145
0	141
0	44
1	145
0	33
1	37
0	16
0	35
0	0
0	0
0	0
0	0
0	0
0	0
0	0
0	0
0	0
0	1221
0	631
0	326
1	200
0	198
0	10
2	71
0	144
1	62
5	96
14	36
0	34
0	9
0	1117
0	1201
0	0
80	193
2	87
0	194
0	12
0	0
2	509
0	459
4	56
0	52
0	392
0	0
0	28
0	51
0	38
0	44
0	17
0	241
0	249
0	239
0	26
1	34
0	43
1	31
0	25
0	37
0	40
0	40
0	509
81	468
0	218
1	331
0	45
0	62
0	110
0	32
0	29
0	184
0	6
1	6
1	0
0	0
0	6
0	123
0	483
361	0
0	0
0	0
0	0
0	0
0	0
0	0
0	0
1	422
1027	927
4	585
0	77
1	66
0	82
2	276
0	456
136	644
0	118
0	110
5	494
0	122
1	11
1	1
0	471
3	570
0	476
2	401
1	13
3	111
1	99
0	111
0	90
0	25
0	42
0	23
0	39
1	247
441	428
0	197
0	268
0	447
1	55
1	73
0	42
2	51
0	9
0	65
0	30
876	1775
1	288
9	347
6	175
0	305
0	1385
3	1773
0	180
7	863
0	47
0	65
0	41
0	12
3	53
0	14
0	41
2	24
1	4
0	20
6	1
0	6
0	11
0	5
0	4
0	2
0	1
0	1
0	5
0	7
1	7
1	5
74	2
437	0
0	127
0	0
0	0
0	0
0	0
2174	262
706	261
17	143
18	61
2	67
82	614
8	131
4	538
9	601
0	612
0	430
0	11
0	257
5	257
5	96
0	169
0	75
0	140
0	132
0	58
0	69
0	173
0	113
0	42
0	103
0	25
1	18
0	39
0	69
0	691
3	217
0	565
0	229
0	678
0	683
0	689
12	90
84	697
2	306
0	47
1	324
0	292
9	39
0	862
0	883
35	794
0	796
0	889
0	0
0	4
2	2
0	0
187	2324
4	2037
6	1012
1	1771
0	724
3	967
24	313
31	1372
1	1134
0	1124
0	178
1	832
2	69
0	299
0	510
0	175
0	181
2	111
1	177
0	207
0	30
7	15
12	941
222	2425
0	1969
4	283
0	45
0	389
0	253
0	145
1	9479
0	9317
3	8938
0	9390
0	5103
0	8899
0	8901
0	9377
0	9118
0	9074
0	8706
0	8694
0	9174
0	9131
0	8838
1	2086
0	7435
0	8317
0	9331
0	9037
0	9479
0	8753
0	41
0	9262
0	1938
0	9235
0	9228
0	64
0	1730
0	9346
0	9383
0	3753
0	8790
0	1044
1	2361
2	950
1	5076
0	5076
1	2108
10	8063
0	8
0	0
0	8
0	6
0	6
0	8
0	0
0	0
0	4
0	6
0	0
0	0
0	3
0	2
2	1
0	0
0	0
0	0
0	2
0	2
0	1
0	0
0	2
0	0
0	0
0	0
0	0
1067	0
3	0
0	0
0	0
0	0
1	49
264	93
8	93
0	11
0	11
0	4
439	0
1	796
0	808
0	819
6	778
0	784
1	798
27	775
0	800
0	767
0	741
1	776
1	720
1	733
0	723
0	729
0	645
0	88
1	215
2	26
0	155
0	165
0	78
0	76
0	92
0	118
0	82
1	25
0	112
8	57
0	235
0	213
0	60
0	216
0	69
0	109
0	199
0	64
0	0
0	0
0	0
520	631
0	628
0	129
0	126
0	80
0	18
12	919
2	16
3	582
1	851
0	74
0	67
0	59
0	187
3	50
1	28
0	49
0	0
0	2
0	14
0	5
565	655
0	291
4	288
2	352
0	197
0	162
11	51
0	180
15	197
0	48
0	52
1	37
12	94
1	25
0	135
0	183
3	183
42	91
0	9
0	9
0	93
0	2
0	2
0	2
0	1
428	14
1	14
0	0
15	175
0	150
0	102
0	115
0	4
0	0
0	65
0	61
0	7
0	43
0	6
0	4
7	32
0	2
0	2
0	2
0	2
0	0
0	0
0	0
0	5
4	5
0	6
0	5
0	0
4	0
0	0
634	346
6	346
4	55
0	0
0	0
0	0
0	0
0	0
8	251
0	252
0	169
0	31
0	106
0	102
0	17
0	32
0	32
0	21
0	17
1	13
0	12
0	0
0	0
0	0
0	0
0	0
0	0
0	0
1	0
0	0
0	0
0	0
0	0
0	0
0	0
0	0
0	28
0	0
0	0
0	28
0	10
0	5
0	3
0	7
0	2
1	8
0	7
0	3
0	30
0	28
0	7
0	27
0	130
7	2449
0	2463
1	1699
8	187
3	308
15	215
0	745
5	153
0	75
45	2002
5	50
14	1561
2	125
3	139
1	42
10	1050
0	2462
0	2201
0	2006
13	1946
0	607
0	113
0	43
0	2006
0	983
12	87
0	91
0	150
0	84
0	163
0	97
1	1431
0	1396
0	1416
0	1417
0	836
1	1413
0	1233
7	1371
0	1340
0	1394
1	1393
7	1302
0	1359
0	493
0	43
0	113
0	518
1	37
1	298
0	8
2	73
42	1271
0	344
0	379
3	76
0	61
1	1101
2	455
214	60
4	45
0	15
47	0
0	1
0	1
0	1
1	1
0	1
0	1
0	86
9	780
0	48
1	598
0	399
0	108
0	91
12	96
1	38
0	89
5	5
0	62
0	39
2	41
0	48
0	39
0	18
1	4
0	28
0	5
524	0
0	373
3	698
2	705
10	694
199	5511
3	797
0	834
1	998
0	736
0	4567
0	509
0	738
11	5291
0	751
5	744
9	185
9	156
3	272
4	700
0	745
2	385
2	13
1	13
0	5
51	13
0	5
0	5
4	4
15	351
14	221
11	316
12	50
6	92
0	182
0	100
0	86
19	68
0	49
4	62
0	104
0	20
21	75
0	777
0	762
0	875
3	131
0	52
3	856
0	767
0	72
12	49
359	235
0	21
1	151
0	27
0	28
0	12
0	25
0	2
0	30
0	25
0	3
0	2
0	0
0	6
0	6
0	2
0	1
0	4
0	10
0	4
0	30
0	0
0	0
0	0
11	11
0	37
0	0
0	34
3	15
0	12
0	14
7	23
0	0
0	0
0	1
0	1
0	0
0	0
0	0
3	115
0	143
0	413
0	309
0	198
0	140
284	0
0	6
4	6
2	3
1	4
5	4
1	0
0	1
0	1
0	1
0	0
0	0
0	0
0	0
0	0
0	0
0	0
0	0
0	0
0	0
0	0
0	0
0	0
0	720
3	377
3	654
1	669
0	250
1	134
30	378
0	561
2	547
0	0
0	0
0	0
0	2397
0	2079
0	1995
0	1776
2	2241
0	1497
0	2371
0	2375
0	2395
527	36
55	36
7	27
5	35
1	23
1	11
1	3
3	11
0	0
0	513
1	339
0	196
0	193
0	2
0	11
0	1
0	0
0	456
0	317
11	355
0	115
0	89
0	121
12	229
3	69
3	43
0	57
9	144
0	29
14	30
2	59
0	46
1	50
0	64
58	133
0	70
0	34
0	72
13	1077
0	1109
1	130
2	53
0	202
6	165
1	451
0	40
0	23
0	0
0	0
0	0
0	0
0	0
0	1
3	2
0	2
0	998
0	1735
1	652
0	807
0	7172
6	1543
0	406
0	1230
1	4490
2	1230
0	1495
0	3062
0	1099
4	1629
1	6148
0	7047
0	271
0	713
0	265
0	639
0	266
0	490
0	312
7	51
0	234
0	508
0	158
0	262
0	158
3	95
9	275
0	688
0	261
0	722
0	770
0	153
0	255
0	188
0	260
0	767
0	281
0	821
0	143
0	263
0	111
0	111
0	255
0	612
0	244
0	664
0	113
0	252
0	670
0	192
0	578
0	125
0	245
0	200
0	222
0	108
1	188
0	112
0	220
0	14
0	7
0	211
0	220
1	113
0	185
23	212
2	219
2	74
1	41
106	91
0	5
0	11
0	73
0	2
3	0
0	20
0	16
0	2
0	1253
1	1186
4	1053
2	78
0	510
0	88
0	127
6	172
0	951
0	1082
32	1253
0	1330
4	1112
0	606
10	100
58	787
0	125
3	52
6	1224
0	317
0	886
0	177
0	432
4	771
26	613
0	362
625	175
0	70
0	107
0	108
0	90
0	0
1	262
23	262
0	1759
0	1800
2	799
0	107
0	618
4	524
3	44
0	81
1	120
0	99
0	134
0	90
0	47
0	47
0	23
2	11
1	8
0	1800
0	31
0	31
0	31
0	31
0	13
0	1
5	0
7	262
8	184
2	246
2	207
0	120
4	27
0	292
0	254
0	214
0	298
0	174
0	122
0	102
1	120
0	85
0	75
6	60
3	61
0	70
1	8
0	225
0	250
2	66
104	336
29	78
0	115
2	85
8	54
0	14
0	1
1	1
1	1
0	106
0	106
0	105
18	120
0	115
0	8
1	108
0	29
0	5
0	10
0	7
0	14
0	17
1	20
0	49
1	101
9	25
0	32
0	59
3	54
0	100
0	1
0	0
0	2
0	3
0	19
0	536
1	152
0	591
9	591
0	559
63	6
0	6
185	54
0	23
2	28
0	20
0	15
0	14
0	8
3	5
20	25
0	25
0	41
0	1165
0	1136
0	1158
0	628
7	1132
0	550
0	277
0	187
0	374
0	156
1	162
0	1132
10	263
12	264
0	3
364	622
0	652
0	654
0	630
0	625
0	448
0	445
0	397
0	450
0	182
5	25
7	21
0	16
0	0
0	4
0	4
0	21
0	16
0	329
0	423
0	196
0	269
2	266
0	48
203	322
0	333
1	0
62	398
1	7
0	2
0	21
3	0
0	38
0	0
0	223
1	153
0	244
0	230
0	194
0	137
0	54
4	114
0	54
0	46
0	33
0	49
1	56
0	52
526	3367
0	819
0	109
12	370
39	2091
11	187
0	379
3	79
1	835
670	1315
4	639
0	640
1	61
4	598
0	238
0	0
0	86
0	97
0	51
3	25
1	89
1	25
0	20
28	20
166	1948
0	1718
4	858
6	1338
2	283
0	1938
14	476
8	4410
19	2556
316	3044
0	4334
0	3742
0	3683
36	2494
0	3542
6	1439
0	2777
29	240
0	18
0	1205
1	1204
3	957
0	674
1	628
0	940
1	708
0	221
3	2455
0	1878
0	2463
1	128
0	1836
1	1779
0	1557
0	1415
0	1460
2	34
5	1320
0	217
0	73
7	395
0	137
0	72
1	44
0	16
0	45
2	396
0	76
0	323
0	59
0	67
0	387
0	42
0	0
0	237
0	296
1	285
0	244
0	6
0	67
3	91
0	76
0	135
1	368
0	387
3	0
0	321
0	299
0	320
1	322
4	311
0	333
13	320
0	322
0	300
0	0
0	0
0	0
0	0
0	0
0	0
0	0
0	0
0	0
1302	321
5	309
3	241
3	512
0	540
0	503
3	492
0	554
3	449
1	29
0	44
6	208
1	22
0	4
0	43
10	6
0	155
21	126
0	83
0	111
1	98
14	57
77	0
0	4383
1	4305
0	116
1	100
0	3
0	41
0	45
2	448
0	201
0	65
0	437
0	76
0	153
0	277
8	10
0	436
1	1
1	2
0	1
0	3
0	81
1	129
0	410
0	189
0	441
0	441
0	86
0	120
1	0
1	35
1	102
0	78
0	112
0	165
0	153
0	450
0	83
18	408
0	129
0	84
1	106
0	55
0	5
8	0
0	1
0	232
0	14
6	232
0	51
9	7
2	7
0	1
0	0
0	255
1	2
0	2
0	254
0	255
3	254
4	256
1	141
6	248
0	107
7	97
0	0
0	0
7	5
1	5
0	2
1	1
0	1
0	39
198	167
0	113
0	167
0	0
0	0
873	0
168	505
3	397
7	237
40	453
3	453
26	0
3	176
10	176
0	0
0	0
1	42
51	42
0	12
25	120
2	123
0	121
0	35
0	3
0	7
0	6
1	5
0	6
0	6
0	3
0	4
0	3
0	1
0	1
0	3
0	1
0	1
0	3
0	3
0	4
0	4
0	1
0	1
0	3
0	2
1570	1322
1	18
1	1256
0	339
0	355
0	222
8	137
0	129
0	88
0	66
0	113
0	106
0	116
0	84
0	82
0	5
0	0
11	368
0	365
13	404
1	352
0	347
57	489
0	516
0	268
0	262
0	0
0	995
7	585
0	433
0	374
13	245
0	850
7	149
1	61
2	103
2	2
2	17
11	44
0	1
0	46
0	570
0	0
0	3
0	4
0	42
1	547
0	578
0	453
1	483
0	7
14	390
669	210
2	72
0	101
4	201
3	55
90	1054
2	902
5	561
2	116
0	29
161	152
166	152
0	11
0	1707
5	40
279	97
0	88
0	0
0	82
463	82
0	1
0	1
0	0
0	0
0	22
273	265
2	0
0	83
0	43
0	33
0	258
37	295
6	89
0	44
0	41
0	294
2	74
0	3
0	2
0	4
0	71
0	7
0	7
0	0
0	69
0	7
0	9
3	25
0	1
0	3
0	3
0	6
0	70
0	0
0	0
0	0
0	0
0	0
0	0
0	0
0	0
0	0
5	645
0	30
0	660
0	419
0	27
0	53
0	34
0	380
1	16
5	83
0	38
0	89
0	364
0	380
0	22
0	31
9	560
1	315
0	55
0	39
0	15
2	23
0	49
0	55
1	47
0	42
0	12
0	6
1	1
0	12
0	5
0	2
0	3
5	0
0	55
0	15
0	1000
0	1007
0	86
7	11
7	652
0	1006
0	1007
0	935
0	18
0	28
0	15
0	18
0	12
0	16
0	4
0	0
0	1
0	15
0	15
0	0
0	3
0	1
0	2331
0	2309
39	709
73	1325
0	1738
0	387
0	881
1	391
0	490
1	78
0	445
0	844
3	861
0	139
0	331
0	498
0	121
1	332
1	549
0	386
0	288
1	275
0	193
0	202
791	783
1	270
6	226
0	64
0	83
0	1
0	1
0	2
0	2
0	1
0	2
0	1
1	0
0	0
0	0
0	0
25	248
0	516
1	504
35	492
3	163
0	489
0	357
0	204
2	110
0	38
3	45
0	45
0	61
0	396
0	781
0	766
0	348
7	834
1	838
0	736
0	335
0	802
0	819
0	802
0	805
0	515
0	365
4	92
3	110
0	739
0	75
0	37
0	675
13	105
0	103
0	103
14	34
0	135
1	145
0	1002
0	1052
0	1000
0	888
1	345
1	952
0	1045
0	921
9	456
0	995
0	974
0	963
6	1010
1	864
0	1017
0	1015
0	789
2	22
0	157
1	41
0	44
0	169
32	6
0	0
0	1
0	3
0	2
3	3
2	348
4	350
4	33
0	328
0	310
16	10
1	37
2	20
1	0
966	94
4	21
0	76
0	81
0	101
0	35
0	85
3	130
0	15
0	4629
1	4366
0	4871
0	5
79	1825
5	1562
0	937
1	749
0	575
0	0
60	819
0	819
0	0
0	0
0	34
3	34
0	1546
0	355
0	3
91	1158
4	150
19	357
0	1503
0	25
0	48
0	58
12	168
0	64
0	146
7	153
2	20
0	125
0	50
1	55
0	10
0	0
0	0
0	0
0	0
0	0
0	0
0	0
0	0
0	0
0	0
0	0
0	0
0	0
0	0
1195	887
0	343
0	669
0	63
0	83
3	133
3	106
0	5
1	3
2	5
0	0
0	0
0	0
0	0
0	0
0	0
0	0
0	0
0	0
0	0
0	0
0	0
0	0
0	76
2	332
0	292
0	275
0	15
244	211
0	61
0	57
0	4
0	11
0	7
0	0
0	206
4	650
759	650
3	532
0	19
0	36
0	65
0	168
0	118
0	40
604	2545
4	45
4	733
2	1822
0	2118
6	2421
0	2448
1	610
0	891
2	1465
1	2248
0	321
0	572
0	110
1288	229
0	229
479	483
2	242
2	452
43	491
120	118
3	115
2	487
0	368
0	0
0	503
0	490
15	520
0	356
0	413
0	358
0	75
0	18
1	27
0	28
0	56
2	54
245	70
0	4
4	66
0	0
0	0
0	0
0	0
0	0
0	1
0	0
0	26
2	236
2	653
629	13
0	0
0	0
0	0
0	0
0	0
0	0
0	0
0	0
0	0
0	3
33	3
0	204
0	216
2	193
0	152
0	198
0	95
0	159
1	98
1	21
0	36
0	46
0	46
0	26
0	9
0	332
0	286
0	2
0	2
0	1
0	1
25	323
16	321
1	36
0	32
0	23
0	13
0	15
2	4
0	4
0	7
0	7
0	7
0	0
0	0
0	0
2	58
70	58
0	11
0	100
0	332
0	338
165	427
0	0
0	0
0	0
0	0
0	0
0	0
0	0
0	0
0	0
9	434
0	434
0	430
0	0
196	104
0	117
0	88
308	67
7	67
813	157
0	122
0	70
0	13
0	93
0	35
0	0
0	49
0	13
3	20
7	820
207	849
17	443
2	115
0	2209
0	239
20	1655
0	2010
1	485
0	621
2	317
3	254
7	260
9	0
1	561
0	156
0	186
0	355
0	129
0	144
0	239
1	238
0	70
0	46
137	180
12	105
1	179
0	47
0	42
1	41
0	57
0	0
0	8
0	4
0	4
0	4
0	8
5	7
0	909
0	71
1	1317
0	163
0	818
0	266
1	698
0	274
54	1348
4	943
0	874
0	774
0	181
0	116
0	826
0	135
1	70
0	113
0	214
0	368
0	222
0	37
0	287
0	164
0	155
6	389
0	1374
1	157
0	206
0	1362
3	1252
3	1107
0	1355
5	397
1	96
9	187
34	75
0	477
0	131
0	122
0	187
0	173
0	202
0	133
0	20
7	1216
0	1354
80	212
0	49
12	89
0	190
0	4
0	3
0	4
0	4
0	0
0	0
0	5
0	6
3	8
0	7
0	6
1	71
1	1784
64	2039
0	3
4	454
26	373
0	1650
0	468
0	142
0	1968
0	294
0	591
0	1788
12	156
7	1122
1	173
11	261
0	0
187	584
0	125
0	547
2	369
76	2279
1	2273
8	726
0	1056
0	895
1	643
8	612
3	197
3	447
0	279
0	222
0	2104
0	358
0	343
0	220
0	70
0	100
0	31
0	34
0	487
0	506
2	492
0	340
0	22
1	13
2	218
2	946
0	1141
4	298
0	1138
0	19
4	889
2	70
1	89
0	56
0	0
0	553
0	136
0	0
11	145
0	89
2	14
5	26
3	11
0	25
6	89
0	59
0	62
15	815
0	69
0	751
4	176
0	663
2	1551
0	45
3	109
8	56
4	228
0	98
0	1543
0	0
991	940
12	366
13	745
0	0
190	479
0	171
4	63
0	445
3	29
1	57
0	168
0	0
0	6
0	14
0	14
0	14
0	14
0	14
0	6
1	4
0	3
0	237
0	229
0	502
0	743
0	604
0	733
0	801
0	734
0	600
2	127
0	200
109	99
18	99
0	760
0	646
0	265
1	267
1	149
0	406
0	554
0	549
0	317
0	288
5	157
0	257
0	386
0	7
1	40
0	40
0	35
0	15
0	23
0	174
0	11
0	79
0	22
0	212
0	31
0	118
220	1293
0	364
0	1315
0	145
0	373
0	185
0	962
0	75
0	158
1	32
0	139
0	285
0	668
0	68
0	138
1	133
0	134
0	261
0	1236
0	129
0	1028
5	844
1	119
0	336
0	1214
0	117
0	31
0	146
0	114
0	145
0	130
0	136
0	178
0	1055
0	1285
2	225
0	244
0	51
0	1070
0	350
2	915
0	355
26	921
0	126
0	89
35	443
4	403
4	181
0	470
1	381
13	426
0	189
0	321
0	192
0	266
0	220
3	165
0	169
0	191
0	210
3	61
0	113
0	58
0	88
0	0
0	0
124	17
2	13
0	17
0	115
3	116
0	48
0	14
0	16
0	0
0	0
0	0
0	0
0	0
0	0
0	0
0	0
0	0
0	0
0	0
0	0
0	0
2	4
0	2
0	2
0	0
0	0
1	0
0	0
9	204
0	34
1	91
0	114
0	114
0	198
0	115
1	68
0	193
0	94
0	104
0	28
0	150
6	99
0	9
0	10
0	27
0	8
0	15
0	20
0	15
0	4
1990	302
17	302
5	0
0	0
0	0
0	0
0	0
2	397
0	465
0	196
0	352
0	223
0	21
0	67
0	224
0	219
0	468
0	25
0	22
0	13
0	12
0	1
0	1
0	0
0	0
0	0
0	0
0	2
1	222
0	804
9	724
1	291
0	354
0	870
1	917
0	779
0	75
2	349
0	870
0	128
0	324
0	356
1	193
0	47
0	28
0	24
0	14
0	15
0	5
0	4
0	4
0	4
0	4
0	4
0	4
0	2
0	2
0	2
0	1
0	1
0	1
0	2
0	1
0	0
0	1
0	0
0	0
0	0
0	0
0	0
0	0
0	46
0	47
0	344
0	343
0	41
15	285
0	29
0	41
0	27
0	316
0	121
0	101
0	315
0	28
0	15
0	25
0	27
0	33
0	11
0	4
0	44
0	262
0	143
0	96
0	58
0	29
0	0
54	28
0	28
0	24
1	18
5	61
4	176
5	264
1	46
3	198
10	124
820	300
7	253
0	286
0	159
1	108
17	17
6	10
0	0
0	0
0	0
0	0
0	0
0	0
518	2231
0	458
0	219
0	1737
0	272
0	523
3	438
0	225
0	271
13	707
498	215
160	7
1	0
0	0
1	7
0	0
0	0
2020	253
2	118
1	74
0	75
0	5
0	37
4	28
0	610
0	610
0	502
2	212
0	78
4	264
0	193
1	185
4	41
0	507
8	719
0	534
0	586
0	570
0	675
0	534
27	730
0	552
0	410
1	568
0	497
0	482
0	489
0	442
0	434
0	0
0	0
0	26
0	7
0	16
0	4
5	26
0	80
0	48
275	219
0	219
3	73
31	159
0	33
0	71
0	55
0	0
0	0
1	1880
12	1852
1	74
1	106
17	75
9	64
1	145
0	175
0	165
4	162
2	130
3	57
0	84
2	294
0	357
0	381
0	257
0	190
0	310
0	265
1	0
0	0
107	902
8	411
19	932
1	130
2	374
1	371
102	1681
0	1681
0	46
0	2
0	2
0	0
0	0
0	0
0	0
0	0
0	32
3	65
1	44
0	116
2	12
0	10
35	108
0	7
1	15
0	42
1	15
0	3
0	2
0	2
0	0
268	45
0	45
0	45
0	8
0	0
0	0
0	0
0	0
0	0
0	0
0	0
0	0
0	0
0	0
0	0
0	0
0	0
0	0
0	0
0	0
0	160
0	299
32	276
0	42
0	94
4	81
1	65
0	270
0	222
0	124
0	237
0	250
0	238
0	249
0	214
0	228
0	269
0	243
0	270
0	216
1	251
0	242
0	177
0	136
0	143
0	144
0	140
0	164
0	165
0	19
0	47
0	35
0	165
2	162
0	173
0	158
1	154
0	160
0	131
2	128
0	0
0	69
0	27
0	28
0	23
0	19
0	19
0	0
0	0
0	46
1	80
0	80
1	81
0	44
0	32
0	9
0	2
0	2
0	2
0	0
0	2
0	2
0	1
0	0
0	2
0	0
0	0
0	0
0	0
0	0
0	2
0	0
0	0
0	0
0	2
0	2
0	2
0	18
0	141
30	3
0	175
2	159
0	157
2	156
0	166
6	9
0	32
0	111
0	8
0	9
1	16
0	34
1	24
0	23
0	14
0	12
0	7
0	12
0	32
0	24
0	28
0	29
0	29
0	25
0	27
0	24
0	25
4	25
0	23
0	24
0	23
0	25
0	24
0	18
0	5
0	24
0	23
0	24
0	12
0	1
0	23
0	18
0	23
0	21
0	24
0	25
0	25
0	23
0	23
0	23
0	22
0	24
0	24
0	24
0	22
0	24
0	22
0	18
0	1
0	24
0	24
0	23
0	22
0	23
0	24
0	21
0	25
0	39
0	34
0	34
0	38
0	20
0	17
0	23
0	17
0	36
0	28
1	31
0	36
0	25
0	35
0	25
0	23
0	24
0	24
0	23
0	13
0	24
0	18
0	24
0	4
0	3
0	2
0	2
0	9
0	0
0	2
0	12
0	13
0	4
0	2
0	17
0	17
0	0
0	3
0	0
0	5
0	3
0	0
0	0
4	18
1	18
0	19
0	84
3	84
0	1423
0	1420
0	49
3	54
0	175
0	83
0	74
2	49
3	57
0	19
5	274
0	1393
0	1420
0	96
6	534
0	1384
0	860
0	1319
0	1345
0	1391
0	0
3	175
0	95
1	0
0	40
0	0
0	0
0	0
0	0
0	0
6	1075
4	59
0	0
1	88
0	119
0	118
0	35
0	0
0	103
3	344
0	265
0	0
0	62
0	215
0	5
0	0
4	0
0	185
0	178
0	14
0	2
0	3
0	1
0	4
0	14
0	5
15	152
22	152
4	47
2	35
0	1131
5	1070
23	1123
0	1123
7	786
0	690
0	1117
0	328
0	170
8	99
0	27
0	4
0	22
0	27
0	25
0	4
0	17
0	19
0	19
0	19
0	17
0	16
0	10
0	2
0	0
5	39
1	35
5	51
0	1
1	48
0	50
0	22
0	45
0	19
1	11
0	3
2	499
2	151
0	499
0	228
0	467
1	32
0	22
0	10
1	80
1	56
0	13
1	1
0	1
0	0
0	6350
0	3943
0	6235
0	0
0	0
0	0
0	1
0	1
0	0
0	0
0	0
0	0
0	0
0	0
0	19
0	18
0	18
0	19
0	13
0	12
0	4
0	4
0	1
0	3
0	3
0	1
1	0
0	0
0	0
0	0
0	0
0	1
0	1
0	1
0	0
0	0
0	0
0	2
0	0
0	0
0	0
0	0
0	0
0	0
0	0
0	0
0	0
0	0
0	0
396	450
0	351
12	127
10	44
14	53
4	81
37	186
3	306
2	288
0	278
4	85
0	68
0	80
4	44
14	106
3	94
32	259
0	89
0	124
0	187
0	25
0	7
3	103
0	8
0	0
0	0
0	633
0	627
3	633
0	2
0	0
0	32
0	128
314	1508
8	1208
0	1194
11	110
0	202
2	885
0	110
3	18
0	20
19	71
14	82
78	82
5	82
0	305
5	1
1	72
0	30
0	60
1	73
389	283
0	88
0	61
0	77
17	150
19	62
0	74
0	0
0	0
0	0
0	0
1	4
3	4
0	2
3	17
0	21
0	36
0	16
0	21
0	34
0	5
10	3968
0	3966
17	363
14	241
24	545
1	547
0	257
0	1466
4	342
0	326
76	272
0	3
0	0
5	3
4	3
1	3
0	2
52	79
3	47
1	43
1	32
0	747
1	705
0	715
0	78
1	29
1	0
1	61
0	59
1	78
0	1
0	1
1767	0
2	0
381	54
1	16
0	38
0	300
0	99
0	193
0	139
2	267
0	63
0	42
0	92
16	87
1	209
0	5
0	4
0	4
0	0
0	5
0	5
0	5
0	0
0	0
0	0
0	0
0	0
0	0
0	0
256	175
0	67
0	147
0	35
0	30
0	139
0	31
0	37
0	139
1	63
2	122
10	22
2	11
0	9
17	55
1	35
0	18
0	15
0	16
1003	170
0	7
0	157
0	148
0	153
2762	2318
22	1295
17	541
0	719
0	904
7	887
0	871
0	423
0	415
2	320
145	38
0	7
7	10
0	21
268	105
0	70
1	80
1	23
1	17
0	7
0	4
0	66
0	252
103	664
0	639
0	180
1	508
0	204
1	87
11	79
170	79
0	50
0	143
10	241
0	221
0	209
0	143
1	31
0	15
0	5
0	32
0	41
1	7
2	260
5	52
0	254
0	252
0	255
0	168
0	252
0	53
1	219
2	29
0	77
1	0
4	110
0	1230
0	0
0	200
0	162
0	66
0	1099
5	111
0	1326
0	1388
0	340
1	1183
5	980
0	143
0	482
0	4
3	94
2	214
0	1313
0	1208
0	0
0	1595
32	1249
0	338
0	730
0	1084
8	743
0	423
0	0
3	436
9	17
0	27
0	429
0	17
3	16
4	27
0	16
0	51
0	15
0	27
0	15
1	41
0	433
5	3
0	11
0	327
4	432
1	20
4	1
0	426
0	14
7	6
0	34
1	24
2	317
2	50
0	40
0	62
0	20
3	869
0	871
0	929
0	30
0	339
0	64
1	45
0	69
1	397
0	87
1	82
0	31
11	13
6	48
4	64
1	198
3	54
1	113
0	61
0	60
0	80
1	41
0	111
2	43
0	77
0	917
0	0
0	0
11	26
0	1
0	1
0	24
0	24
0	26
1	26
2	16
0	651
0	17
2	12
0	12
0	589
0	52
0	156
41	639
0	0
0	0
1	36
0	8
0	13
0	7
0	13
0	13
0	6
0	7
0	1
0	1
1	1
0	26
0	2
1	0
0	26
0	35
16	341
2	227
0	343
1	323
9	4
9	320
0	163
2	142
0	136
6	138
0	76
0	6
0	0
0	130
0	52
0	137
1	77
3	3
0	7
0	2
0	2
3	80
0	51
0	3
0	45
0	55
0	1
1	32
0	178
3	157
0	15
0	23
0	13
0	98
0	160
0	2298
0	2298
0	2279
0	1973
0	2299
0	5
0	0
1	0
0	0
0	0
0	0
0	1230
0	1191
1	441
0	290
0	0
3	120
1	87
0	14
0	14
0	7
0	5
0	5
0	4
0	36
0	0
0	0
0	32
0	0
1	6
0	0
0	12
0	0
1	12
0	0
0	9
7	18
0	0
3	0
0	0
0	0
0	0
0	0
0	0
0	0
0	0
0	0
0	0
0	0
1	16
48	16
1	2
0	1
0	1
0	0
0	1
0	434
0	480
0	329
0	466
1	85
0	115
0	57
0	75
40	318
0	98
0	242
0	54
18	242
0	74
0	75
2	150
0	11
925	239
0	209
0	0
0	288
586	401
0	416
8	152
197	88
1	15
0	29
0	60
8	48
0	1252
0	1172
5	137
0	147
1	64
0	124
0	63
0	41
0	2
0	47
0	1
0	1
0	0
0	0
0	0
0	1
1	2
0	0
0	0
0	0
0	0
0	0
0	0
0	0
0	0
0	0
0	2
0	2
0	2
0	2
0	2
0	2
0	2
0	2
0	195
0	200
0	214
0	209
0	188
0	56
0	50
0	152
0	34
0	192
0	23
0	33
0	75
0	1708
16	1678
0	73
206	1708
0	1678
4	114
9	747
1	685
0	51
1	101
0	31
0	26
0	32
0	48
0	1
15	84
0	541
0	4
16	537
0	31
28	12
0	2
0	2
0	1
0	3
0	6
0	1
0	7
0	0
0	6
0	0
0	1
0	2
0	22
0	22
0	1
0	28
3	284
0	284
1	22
1	106
0	21
0	277
0	21
0	21
0	21
0	174
0	200
0	196
0	195
0	219
0	218
0	220
0	218
0	207
0	217
0	217
1	216
0	214
0	219
0	222
0	221
0	222
0	219
0	208
0	226
0	263
0	268
10	70
0	1
0	23
0	184
0	39
12	120
3	17
0	35
1	28
0	42
0	47
0	46
0	47
0	23
0	19
0	1
0	2
0	2
0	1
0	33
5	1498
0	1564
2	208
2	483
1	483
2	934
1	935
0	229
0	71
2	517
4	849
1	357
33	1424
267	0
0	716
4	683
5	133
1	167
0	226
0	90
0	11
3	0
1	2
1	1646
4	1634
0	1700
0	111
0	141
0	149
0	185
0	180
0	257
17	139
0	17
0	0
0	1
0	1
0	1
0	1
0	0
0	0
0	0
0	717
0	456
0	429
0	457
0	513
31	208
0	419
0	426
0	436
0	724
0	57
0	436
0	439
0	447
0	418
0	338
0	368
0	400
0	389
0	365
5	51
1	55
0	34
0	179
0	0
0	76
0	89
4	34
4	5
0	6
0	0
0	0
0	0
0	0
0	0
207	13
0	5
0	5
0	0
0	5
1	5
0	5
0	5
0	5
0	5
0	5
0	4
0	5
0	0
0	4
0	4
0	1
0	1
0	0
0	1
0	1
0	2
0	3
0	3
0	3
0	2
0	2
0	2
0	1
0	0
0	0
0	0
0	0
0	0
1	136
1	137
0	134
0	126
0	126
2	136
0	139
0	7
0	135
0	14
0	126
0	17
0	136
0	141
2	126
0	0
11	0
0	181
0	636
0	579
0	609
0	75
2	619
3	31
0	99
0	121
0	91
0	1
0	2
0	2
0	3
0	1
0	2
18	356
24	268
2	239
0	319
0	331
3	363
0	325
0	339
4	228
0	48
1	24
1	35
0	36
40	240
1	222
14	39
0	0
0	0
11	73
0	58
0	56
0	41
2	19
3	9
0	14
0	14
0	14
0	14
0	0
2	1
0	15
0	15
8	1
0	7
0	6
0	1
2	7
0	6
0	3
0	9
0	7
0	10
0	7
0	2
0	8
5	7
3	6
11	6
0	7
0	5
0	7
0	15
0	15
0	26
0	8
0	12
0	13
0	10
0	3
0	5
0	7
0	6
0	6
0	8
0	14
0	6
0	6
0	5
0	8
0	13
0	8
0	13
0	8
0	4
0	9
0	11
0	3
0	4
1	7
0	3
0	1
0	0
1	12
0	5
0	5
0	8
0	8
0	0
0	1
0	13
0	4
0	8
0	29
0	333
0	357
0	81
0	51
0	51
0	19
0	273
0	926
0	1113
88	61
0	61
3	0
0	226
0	228
0	228
0	231
0	27
0	49
0	13
1	4
0	51
0	23
2	85
0	10
0	14
0	227
15	257
0	92
0	228
0	21
0	135
0	39
0	76
0	66
0	52
5	33
0	23
3	23
0	37
0	227
0	0
0	651
7	630
1	432
0	439
3	446
0	426
3	35
0	516
0	58
3	84
0	46
0	0
2	31
0	52
9	363
2	651
0	0
0	0
0	0
0	1
0	0
0	0
0	0
0	0
0	0
0	0
0	0
234	166
0	49
0	21
1	143
4	132
0	114
0	47
0	102
0	23
0	78
0	123
0	142
0	186
0	197
51	218
0	82
0	41
0	25
1	33
78	10
0	12
0	8
0	9
0	7
0	3
0	0
0	0
0	0
0	0
0	0
1	2085
319	2369
0	2090
0	2142
1	176
0	459
0	2160
0	2263
1	54
0	585
1	132
0	62
0	523
1	362
0	526
3	498
2	167
0	86
1	0
0	0
0	0
16	280
0	265
0	280
0	56
1	56
0	50
0	6
0	2
0	54
0	26
0	28
0	27
0	11
0	13
0	12
0	7
0	4
0	5
0	4
0	2
0	2
0	1
0	1
0	0
0	278
3	278
0	42
0	55
0	9
3	8
0	11
0	29
1	28
0	23
0	14
1	22
0	4
0	0
3	0
12	55
8	55
3	11
1	304
0	1207
0	1161
1	178
0	184
0	1174
0	1160
9	15
415	159
0	146
0	57
3	50
0	1078
0	1117
0	1040
0	123
0	205
0	17
0	16
9	58
0	16
2	965
0	50
0	16
0	31
0	248
4	118
7	0
0	855
3	0
1	66
0	883
0	18
0	771
7	801
0	27
0	662
0	606
3	73
20	15
0	590
5	746
2	11
0	24
1	4
13	607
0	587
1	448
0	207
0	1076
0	10
1	161
10	162
0	162
1	9
17	8
0	8
0	0
0	1
0	1
0	1
0	0
0	1
0	0
1	221
0	7
0	7
0	2
0	1
0	0
0	1
0	2
0	7
0	1
0	2
0	0
0	0
0	0
0	0
0	1
0	6
0	322
0	705
0	900
0	963
0	589
2	196
0	81
0	828
25	826
0	0
0	0
0	147
0	126
0	53
6	47
0	7
101	340
1	215
0	80
0	77
7	126
0	0
0	1
0	0
0	0
0	0
0	0
0	0
0	0
0	1
0	1
0	1
0	1
0	1
0	1
0	0
0	0
0	0
0	0
2	48
0	12
0	11
1	52
0	14
0	13
0	12
9	6
1	6
0	7
13	15
4	45
94	748
0	59
5	17
0	354
0	549
103	8
0	8
1	65
1	75
0	121
2	0
0	118
0	74
0	74
1	54
5	82
0	112
0	4
0	71
4	8
0	8
0	8
0	112
0	87
5	97
0	109
1	109
0	110
0	35
0	15
0	5
0	30
1	2
0	13
3	14
0	11
271	139
0	15
0	11
0	123
2	27
0	24
0	23
0	51
0	63
0	25
0	0
0	0
0	0
0	0
0	0
0	698
7	708
0	604
0	74
2	573
0	561
0	577
1	360
0	15
8	231
0	17
3	20
0	35
0	34
9	1970
53	4160
3	514
2	143
0	3603
17	3024
9	264
0	6
0	1
0	0
0	0
0	1
0	0
0	0
0	0
14	179
0	179
0	157
25	173
4	26
0	31
0	0
0	0
0	232
0	171
0	233
0	230
9	280
33	70
0	229
0	186
10	281
0	200
0	0
1	72
1	156
0	0
0	19
0	0
0	0
18	32
0	0
0	0
0	18
2	16
0	0
0	7
18	107
0	0
0	0
1	1
1	86
0	9
0	6
0	13
0	5
51	170
0	33
12	23
2	27
0	0
0	31
0	88
0	87
0	7
0	40
0	25
0	23
1	14
1	35
7	42
0	83
1	90
3	33
1108	476
1	305
24	222
0	1227
0	1198
0	1147
0	1310
0	725
0	186
0	336
0	235
0	569
0	205
0	629
0	791
0	760
0	758
0	25
0	22
0	68
0	11
1	11
0	3
0	0
0	23
0	6
0	8
0	0
0	9
0	3
0	51
1	2
0	2
0	0
0	0
0	0
0	0
0	0
0	0
0	0
0	0
0	0
0	0
0	0
0	0
0	0
0	0
0	0
0	0
0	0
0	0
0	0
2	33
0	463
0	459
1	47
0	459
0	457
0	458
0	455
1	60
1	163
1	346
0	104
0	451
2	82
2	365
1	2
11	8
129	139
0	135
0	118
0	118
0	127
0	121
0	114
0	7
0	7
1	7
0	110
0	121
0	1
3	1
4	196
0	89
0	17
1	10
0	16
16	171
0	22
0	6
0	30
2	0
1	92
0	1310
6	1450
0	17
5	1468
0	1475
0	51
0	8
0	674
6	69
18	1708
0	1693
7	924
0	1179
4	991
0	1018
1	376
0	375
0	1692
1	2
0	0
0	2
0	1
0	2
0	2
0	2
0	1
0	0
9	36
0	36
0	0
0	0
0	0
0	0
0	0
0	0
0	0
0	0
0	451
0	285
0	329
1	20
0	41
0	251
0	11
0	40
2	133
0	20
0	88
0	51
0	6
0	280
584	965
0	0
0	0
0	0
0	0
0	0
0	0
0	0
0	0
0	0
0	0
0	0
0	0
0	0
4	326
1	987
0	1057
0	1089
4	760
0	659
0	234
0	223
0	129
0	159
0	74
13	412
1	111
4	1
2	67
0	75
0	62
0	59
0	142
0	88
0	51
0	120
0	76
4	87
1	67
1	27
0	1
1	1
117	1164
0	840
0	343
0	288
0	844
0	16
2	279
0	253
0	420
0	420
0	253
0	29
0	167
4	235
0	314
13	355
3	339
0	382
0	183
1	92
40	77
94	88
13	47
0	2
0	20
0	18
0	19
0	19
0	5
1	26
2	26
0	6
2	5
0	1
0	2
0	1
2	302
0	275
7	445
0	461
124	355
0	308
0	215
0	178
1	66
0	35
6	18
1	856
4	1533
0	1678
0	1814
10	1278
19	995
37	1735
0	1167
0	530
26	1320
0	0
0	1
0	0
0	0
0	1
0	143
0	144
0	34
0	31
0	12
0	8
0	8
0	14
0	11
0	30
0	25
0	18
0	10
0	7
0	4
0	1
0	1
395	392
1	338
0	10
1	251
0	306
0	188
0	19
0	83
0	141
0	271
0	93
0	162
0	234
0	232
0	13
0	16
1	3
14	892
7	152
0	643
0	141
0	845
56	653
0	234
0	111
7	109
4	14
29	638
0	526
0	50
301	209
0	214
1	45
43	74
0	49
6	0
1	25
0	25
44	466
1	407
0	165
21	39
0	118
0	131
1	65
234	410
1	46
1	24
0	50
0	12
0	7
0	40
0	54
122	315
0	36
2	29
0	30
0	36
0	36
0	56
0	313
0	15
0	24
3	20
0	39
0	49
0	57
0	39
1	40
0	49
0	42
0	39
0	15
0	39
0	12
1	51
15	22
0	50
0	0
0	0
0	0
11	22
0	3
3	8
0	15
2	3
4	1
97	36
3	7
5	29
0	0
0	0
0	23
0	71
1	84
1	95
0	17
0	87
8	27
2	100
0	51
6	68
17	54
0	70
0	0
0	13
0	13
0	20
0	12
0	15
0	19
0	9
0	3
0	5
0	5
0	11
0	8
0	0
0	22
2	0
0	4
0	436
0	0
0	710
1	297
2	674
3	648
6	214
1	409
0	522
0	109
0	555
0	474
67	461
0	133
0	127
2	257
0	97
0	218
1	167
0	92
12	30
0	144
2	67
207	347
3	347
1	149
0	140
437	169
12	41
0	154
1	60
0	37
0	550
0	668
0	671
0	8
0	668
0	0
0	171
0	491
0	46
0	28
0	508
0	2
0	16
0	8
0	51
0	12
0	387
0	14
0	330
0	21
0	11
0	8
0	219
2	206
0	14
0	29
0	36
0	159
7	146
1	52
610	5131
117	4502
0	10358
0	94
0	10166
0	10179
0	10351
0	10263
0	7243
0	20
0	10350
0	10260
0	10172
0	10158
0	86
0	2276
0	10268
0	85
0	10159
0	10351
0	0
0	0
0	10268
0	10350
0	87
0	10178
0	89
0	10270
0	10349
0	10259
2	10352
0	10391
14	10282
0	10199
0	10350
2	10363
1	10147
2	10361
2	10077
0	10035
0	47
0	199
0	10401
46	10942
44	10851
0	10876
0	11068
0	9667
0	588
0	452
3	10562
0	10355
0	10181
0	10268
0	10349
0	10605
0	10429
0	10550
0	156
0	10313
47	10121
0	6534
0	5254
5	6144
0	9023
0	9043
0	9230
0	9632
0	8610
0	9400
0	8542
0	9641
0	8787
0	10087
0	2511
0	2494
0	2114
0	6537
0	714
0	0
16	8
0	5
1	3
0	95
0	8
0	65
0	0
0	91
1	35
0	9
0	61
109	1844
0	1844
1	0
1	245
0	245
0	249
0	106
0	71
0	67
0	81
0	39
0	42
1	23
3	26
0	40
0	33
0	23
0	1
0	1
0	244
146	267
0	220
0	171
0	35
0	29
419	444
2	259
2	415
0	2
0	2
0	2
0	2
1	603
9	638
0	647
0	253
1	265
51	402
2	19
6	125
45	370
0	35
2	285
2	366
8	13
4	237
8	159
0	20
1	20
0	855
1	60
2	69
0	748
0	740
9	726
0	728
6	136
6	49
0	117
1	179
1458	418
2	404
2	168
0	0
0	0
0	0
1190	0
460	160
1	117
0	41
0	61
0	13
36	98
6	11
2	22
0	84
1	0
2	4
0	21
0	14
4	13
32	26
0	13
0	25
3	7
1	318
2	358
0	300
3	26
2	26
0	5
0	5
0	0
0	0
0	0
0	0
5	2156
0	163
0	180
0	123
3	663
0	21
0	29
0	96
0	13
1	135
1	15
0	2141
0	0
0	0
0	0
0	0
0	123
18	123
0	569
1	568
4	545
0	55
0	543
0	394
0	0
0	180
0	102
2	250
0	139
0	142
0	46
0	55
0	115
1	53
0	23
0	152
0	52
5	6
1	91
0	58
0	81
0	41
1	20
0	461
0	56
17	474
0	178
0	72
0	311
6	22
0	61
0	44
0	206
3	143
7	143
0	138
0	120
1	0
1	41
2	41
7	2028
5	2028
0	685
54	1123
0	66
1	249
1	1049
13	840
2	320
0	127
36	7
0	7
0	0
10	464
0	864
1	411
0	29
0	49
0	29
0	864
0	0
49	332
0	329
0	227
0	332
5	615
8	467
1	114
0	618
4	70
172	5188
0	2751
0	1880
0	674
0	1030
0	1034
0	1081
0	275
0	275
0	4655
0	24
57	397
0	207
0	277
0	64
0	407
0	57
0	72
5	45
0	62
0	22
1	17
7	21
0	83
0	171
0	106
0	33
0	74
4	50
1	67
18	41
0	12
0	406
6	1
0	1
0	46
0	63
0	280
0	293
2	268
0	296
13	60
0	99
5	21
0	18
0	117
0	47
37	208
0	23
0	176
0	35
0	73
0	53
0	61
0	48
0	51
0	113
0	24
0	44
0	53
0	37
0	40
0	29
0	90
0	60
0	28
0	24
0	58
15	21
1	55
0	46
0	54
0	50
0	48
0	35
0	20
6	26
0	108
3	7
5	7
0	0
0	66
6	386
0	60
0	84
0	325
0	0
288	20
0	52
0	217
0	217
0	197
0	106
0	134
0	169
0	252
0	64
0	45
1	21
0	58
0	53
0	56
0	73
11	18
0	66
13	306
1	140
2	17
2	4
1	5
0	20
0	20
0	24
1	0
1	16
0	31
0	306
672	62
18	61
0	0
0	0
0	0
0	0
0	0
0	0
0	0
0	0
0	0
0	0
0	0
0	0
0	0
0	0
1	0
0	1487
0	261
0	1487
0	0
0	0
0	0
0	0
0	0
0	494
0	477
0	493
4	201
0	154
0	145
0	134
0	93
0	42
11	0
777	0
80	472
187	482
0	189
0	120
3	275
0	276
0	195
0	20
0	287
0	289
0	289
0	0
0	0
0	0
0	0
0	0
0	57
0	33
0	0
0	86
0	78
2	33
0	0
0	52
2	87
3	2
1	10
0	14
0	17
0	75
0	70
0	19
0	14
0	23
1	23
172	2576
1	2335
3	842
1	2106
0	1067
3	11
3	652
0	366
2	706
0	285
0	0
0	0
0	0
0	0
0	0
0	0
5	91
1	503
0	526
0	624
1	583
2	33
12	95
2	108
1	66
1	104
1	123
8	310
0	84
0	0
0	0
0	0
0	0
0	0
0	0
0	0
0	0
0	0
0	0
0	0
0	0
0	0
0	0
0	0
0	0
0	0
0	0
0	0
0	0
0	0
0	0
0	0
0	0
1	0
0	0
0	18
0	314
0	295
0	50
0	58
0	58
0	77
0	25
0	5
0	44
0	7
0	8
0	7
5	68
0	0
0	0
0	0
0	273
2	535
16	430
7	41
0	65
1	535
290	1666
2	539
0	638
1	91
3	210
38	802
0	91
87	51
0	4
0	51
0	18
0	19
0	1820
0	1515
0	115
0	131
0	115
0	81
0	968
0	1560
0	1234
16	1388
0	1169
0	34
2	755
0	140
0	115
1	121
0	116
3	117
0	117
0	116
0	17
0	30
0	14
0	5
0	536
0	533
0	45
0	33
2	29
0	19
0	23
0	0
0	0
0	0
7	22
1	23
2	7
0	0
0	23
0	0
0	13
0	13
0	11
0	3
1	15
0	8
0	3
0	1
0	13
0	12
0	0
0	0
0	0
0	0
0	0
0	0
0	0
0	0
0	0
0	0
0	0
0	0
0	0
0	0
0	0
2	425
0	22
1	78
50	418
0	2
0	2
0	2
0	2
0	2
0	2
0	0
0	0
0	2
0	2
0	2
0	2
0	0
0	0
0	0
0	0
0	0
0	2
0	2
607	675
28	301
1	79
0	186
0	137
3	23
0	177
3	27
0	84
0	8
20	13
0	8
2	0
0	0
2	12
732	1801
4	1734
0	821
2	836
3	322
0	199
0	45
0	86
29	150
26	149
0	56
0	62
0	63
3	63
0	7
0	0
2	4
0	1
1	331
1	341
10	300
0	255
0	359
2	168
2	102
1	104
318	460
0	424
0	271
0	3
0	3
0	2
0	0
0	0
0	3
0	805
463	1479
11	791
0	178
0	1171
0	1100
5	518
0	758
0	11
7	48
0	19
0	9
0	14
0	1
0	34
1	10
0	9
0	9
0	5
0	6
0	21
0	25
242	433
1	316
2	5
2	3
0	0
0	418
5	31
1	20
1	7
0	2
0	438
1	394
1	388
0	452
5	445
22	363
1	50
0	71
0	134
0	84
0	42
0	35
17	50
1	22
0	28
2	0
0	0
3	0
0	28
2	5
0	28
0	0
0	0
28	25
1	301
2	9
7	9
0	3
0	548
0	728
1	690
0	612
0	328
3	76
0	63
0	94
0	81
0	622
2	512
0	93
0	162
4	617
5	18
0	68
1	594
1	267
6	117
3	3
7	119
1	81
0	70
11	7
0	64
16	16
0	9
0	15
0	3
645	0
6	23
0	0
0	0
0	0
0	0
0	0
0	0
0	0
0	0
0	0
0	0
40	713
3	389
33	646
0	35
1	212
0	173
0	140
1	0
0	0
1	728
0	744
0	206
0	75
0	338
0	40
1	121
0	54
0	2
75	66
0	12
353	107
0	18
0	37
3	18
7	36
1	12
1	83
0	13
0	17
1605	378
0	57
0	163
0	159
0	1378
0	151
0	151
0	214
4	45
4	28
1	348
0	181
0	200
0	64
4	1074
0	260
0	93
9	1054
15	601
2	601
0	70
0	11
1	2
0	1
2	4
0	2
0	0
0	0
0	2
0	1
0	1
0	0
0	1
0	0
0	0
0	0
0	0
0	0
0	0
0	1
0	0
0	0
0	1
0	1
0	1
0	1
0	1
0	0
0	0
0	1
0	1
0	1
173	3699
24	2793
4	3178
0	3161
1	3429
0	2758
0	2691
0	601
1	383
10	70
0	2
0	1
0	1
0	0
0	0
8	31
3	351
0	343
0	340
102	126
23	207
0	169
0	65
55	4
0	0
0	4
0	0
0	0
0	179
3	181
0	165
0	25
0	23
0	34
0	10
0	17
0	20
0	180
0	13
0	0
0	0
15	0
0	0
1283	2786
5	2658
7	2802
3	2774
2	933
0	247
1	2985
0	2914
0	2904
2	2835
0	2775
0	2384
0	1239
0	727
0	270
0	218
0	208
0	164
51	5957
1	2790
298	4959
0	5075
22	5906
0	4980
1	4982
0	3133
0	4868
77	3145
16	4497
0	396
1	0
1	500
16	496
1	64
22	12
0	41
0	49
9	29
0	42
0	32
0	492
3	2487
2	42
6	179
55	3644
0	3508
51	1410
0	3400
49	1811
3	3649
0	3466
0	25
262	85
0	55
0	38
26	68
13	39
16	0
207	415
0	394
9	317
2	2
0	1
0	2
0	0
0	1
1	0
0	1305
0	158
0	479
0	321
37	263
1	163
0	94
0	260
11	237
0	1174
0	268
5	1174
0	274
0	325
1	1181
0	187
1	184
2	187
0	97
0	52
0	178
0	11
0	10
1	5
0	19
0	14
0	13
0	10
0	35
0	4
0	5
0	3
0	22
0	26
0	22
0	22
0	33
0	34
0	29
8	100
90	217
27	117
0	1547
0	1555
5	1723
6	397
0	119
0	168
0	16
0	210
1	146
0	122
0	113
0	0
0	68
0	34
1	1
0	1739
0	1
0	2
0	1067
1	0
0	903
0	88
0	106
0	222
0	279
0	1069
3	177
0	133
0	157
1	71
5	598
4	459
0	1067
12	8
0	6
0	8
0	3
0	0
0	0
0	0
0	6
0	6
0	2
0	5
0	1
1	0
0	0
0	0
0	0
112	81
3	73
0	50
0	35
4	4
0	36
0	35
0	37
2	37
1	31
0	10
1	23
37	654
0	654
0	154
12	515
0	291
3	139
0	391
3	379
12	83
8	49
0	1
17	9
0	1773
1	3707
0	299
0	585
0	3564
0	3649
0	3334
0	3471
0	942
0	727
0	692
0	692
1	1749
0	347
0	949
0	1250
0	86
0	3622
0	290
0	135
50	3678
0	955
1	755
0	694
0	3572
0	873
0	3577
1	626
0	406
0	1039
7	406
0	3571
0	393
13	714
0	3682
0	0
0	0
0	74
0	77
1	66
2	65
0	67
3	63
146	1928
2	1847
0	347
15	1778
0	1498
0	1504
1	783
0	595
0	227
0	219
0	0
0	0
0	0
0	0
0	0
0	0
0	0
0	0
0	0
0	0
0	0
0	0
0	0
0	0
0	0
0	0
0	0
0	0
0	201
0	217
202	424
0	200
26	0
0	58
0	38
0	37
0	62
0	0
0	0
0	57
0	64
0	57
0	64
0	89
0	0
0	47
0	40
0	39
0	39
0	6
0	26
3	22
4	559
55	435
2	407
0	407
1	273
6	2
0	15
24	249
527	501
0	37
0	30
1	40
3	70
0	129
0	51
0	20
11	39
0	39
0	0
0	1
1	0
597	44
0	44
0	0
0	0
0	0
0	0
0	165
19	153
1	153
6	130
0	22
0	57
89	435
0	46
0	27
0	404
0	94
1	119
0	12
2	0
1	50
0	0
0	4
2	4
0	83
0	6
19	28
0	59
0	46
0	73
0	58
0	70
2	11
0	0
0	0
0	0
0	0
0	0
0	227
0	78
0	69
0	241
0	91
0	115
0	25
0	101
0	228
0	115
0	16
0	7
0	11
1	6
0	6
0	10
0	7
0	7
0	65
0	7
0	0
0	65
0	63
0	8
0	12
2	16
0	7
0	11
0	13
24	10
1	2
0	3
0	0
0	0
0	0
0	0
494	171
4	171
0	9
0	9
0	9
0	6
1	9
0	0
0	0
0	0
1	0
0	60
0	60
0	2
0	1
0	0
0	0
0	0
0	0
0	0
0	0
0	0
0	0
0	0
0	0
0	0
0	0
0	0
0	0
0	0
0	0
0	0
0	0
0	0
0	0
0	0
0	0
0	0
0	0
0	0
0	0
0	0
0	0
0	0
0	0
0	0
0	0
0	0
0	0
0	0
0	0
0	0
0	0
0	0
0	0
0	0
0	0
0	0
0	0
0	0
0	0
0	0
0	0
0	0
0	0
0	0
0	0
0	0
0	0
0	0
0	0
0	0
303	101
0	95
0	95
1	96
0	21
0	22
0	10
0	4
1	1
0	6
0	6
0	6
0	6
1	2
1	0
0	0
17	27
0	5
0	15
0	3
0	16
0	3
0	3
0	3
0	0
0	4
0	0
0	0
0	28
0	38
137	264
3	250
1	158
0	73
0	79
2	60
0	62
0	38
0	23
1	23
0	0
0	0
0	0
0	0
5	112
0	112
0	46
15	192
167	146
9	39
14	48
14	17
0	3
0	3
0	2
0	2
0	2
0	0
0	0
0	0
0	0
0	0
0	1
0	0
0	0
0	0
0	0
0	0
0	0
0	0
0	0
0	0
0	0
0	1114
0	440
0	228
0	100
0	70
0	113
0	103
11	258
1	258
0	143
0	7
0	2
4	2
0	0
0	2
0	2
0	0
370	1854
0	1647
2	1585
12	1213
3	46
0	528
6	5
1	0
0	100
0	98
550	127
0	127
2	0
1	99
0	109
18	76
0	110
1	99
1	74
0	79
0	16
0	18
0	33
1	13
0	7
0	21
0	28
4	1
0	12
4	21
0	12
28	0
0	0
0	0
0	696
176	1319
1	1274
0	43
2	104
0	135
1	119
25	28
0	38
14	88
0	19
0	91
1	19
1	27
0	0
0	95
0	63
0	68
0	59
1	64
0	63
0	13
0	58
0	62
0	34
0	13
1	211
1	208
6	99
0	66
2	212
10	197
0	73
0	211
0	15
0	83
0	0
0	216
0	20
2	497
0	674
1	38
1	533
1	125
0	530
0	63
0	46
21	103
0	615
0	0
0	0
0	0
0	0
0	0
0	0
0	0
0	0
0	851
0	858
3	770
0	508
0	472
0	433
0	67
0	858
2	0
0	0
8	0
8	1111
0	444
1	967
2	966
0	469
18	467
65	285
0	505
0	428
0	638
0	426
0	640
21	461
1	169
0	16
4	296
0	357
3	3
0	2
0	1
0	1
0	0
0	0
742	157
0	157
0	0
20	316
8	419
0	406
0	437
0	225
1	98
0	89
11	56
0	0
0	0
0	0
7	228
24	7860
0	4489
19	9920
53	4083
7	6898
0	6808
1	8041
14	7120
0	6435
36	8879
0	7591
0	3688
0	8964
0	8024
0	3820
6	2740
2	5766
54	3792
0	3396
0	5996
496	224
0	215
1	46
0	13
0	7
7	36
0	36
0	25
0	12
0	0
75	1622
0	1336
0	1498
0	920
0	889
8	624
2	471
2	270
0	1
0	1
0	0
0	0
0	0
0	0
0	0
0	0
0	0
0	0
0	0
0	0
0	0
0	0
0	0
0	0
0	0
0	0
0	0
0	0
0	0
0	0
0	0
0	0
0	0
0	0
0	0
0	0
0	0
117	0
0	200
8	193
1	135
3	114
1	29
1	57
0	16
2	50
6	29
1	1
0	1
2	1
0	1
0	1
2	1
0	2
0	2
0	1
0	0
0	0
0	0
0	0
1	0
0	0
11	1229
0	520
0	1249
5	546
0	211
0	552
0	550
0	56
0	181
15	38
0	32
1	85
0	102
0	53
2	57
0	40
56	19
0	19
0	3
1	9
0	0
0	0
0	0
0	0
0	0
0	0
0	0
0	0
0	0
0	0
0	0
0	0
0	0
0	0
0	0
0	0
0	0
0	0
0	0
0	0
14	6008
4	6008
4	6015
4	883
1	1555
0	1620
3	798
0	1
0	0
0	0
0	0
0	0
0	0
0	0
0	0
0	0
0	0
0	0
0	1
0	0
0	0
0	1
0	0
0	0
0	0
0	0
0	0
0	0
0	0
0	0
0	0
106	200
4	150
0	63
3	131
0	1
28	305
0	11
0	245
0	65
0	302
0	18
0	32
0	311
0	143
5	240
0	37
0	28
8	393
54	213
1	339
11	509
0	467
2	385
5	297
10	154
0	8
0	28
2	26
0	12
1	1
31	22
0	9
10	152
0	26
11	905
36	134
1	699
845	356
0	281
0	69
60	317
2	75
7	291
5	76
0	255
0	132
0	6
0	0
0	0
0	0
0	0
0	0
0	0
0	0
0	0
0	0
0	0
0	14
0	0
0	32
0	8
0	116
0	115
0	115
0	115
1	79
0	4
0	11
2	4
0	13
0	16
0	22
0	22
0	28
0	23
0	20
1	12
0	8
1	2
0	0
0	107
19	125
0	81
0	94
1	111
0	403
0	403
0	403
0	402
1	326
0	390
0	389
0	27
0	27
1	5
1	38
0	38
0	46
0	143
4	7
0	68
0	16
0	9
7	34
0	41
0	18
0	18
0	2
0	0
8	685
980	1196
3	193
4	20
1	90
1	1049
2	0
0	0
0	0
0	0
33	70
0	69
0	11
0	14
0	1
1	0
21	486
0	454
0	70
3	64
0	41
0	0
0	0
0	0
0	9
0	0
0	0
2	536
4	4
0	3
0	0
0	1
0	1
3	709
0	0
0	0
0	0
0	0
0	0
0	0
0	0
0	0
0	0
0	0
0	0
0	0
0	0
0	0
0	0
44	90
0	68
0	87
0	84
0	28
0	0
0	22
0	21
0	22
0	5
0	6
0	0
0	68
0	39
0	5
0	4
9	73
0	83
0	72
0	84
3	85
1	67
0	79
0	21
0	9
0	6
1	20
0	19
3	8
0	9
0	1
0	0
0	2
0	0
0	0
32	115
5	9
0	1
0	1
0	1
0	1
0	1
0	1
45	518
39	426
0	81
3	40
0	76
0	2
49	15
0	2
0	1
0	13
0	13
3	15
0	14
0	0
9	17
0	17
125	0
2	10
0	1
0	0
0	1
0	1
0	1
0	9
0	0
0	9
14	39
1	28
2	35
45	22
0	21
0	22
0	0
0	0
0	0
0	0
0	0
0	2
0	3
0	8
0	8
0	8
0	0
1	4
0	4
0	0
0	0
85	633
0	633
0	248
0	84
2	72
0	111
0	44
0	709
0	711
0	672
0	551
0	598
0	573
0	612
0	559
0	573
0	557
1	74
2	470
0	170
3	92
1	77
0	78
0	71
114	1682
11	1653
1	530
2	533
10	196
424	192
0	6
5	49
0	137
6	28
0	28
62	382
2	213
0	86
0	50
0	78
0	23
1	0
0	0
0	0
0	0
0	1992
14	1992
1	0
0	0
0	0
2	29
56	30
0	1
0	424
1	393
5	399
1	398
0	396
0	374
0	376
4	341
1	190
1	280
0	371
0	390
0	335
0	376
0	344
1	282
0	260
0	220
0	85
0	251
5	31
0	73
0	99
0	49
0	15
1	46
0	30
0	26
0	23
0	41
0	9
0	34
0	10
0	7
0	9
0	22
0	23
0	2
0	2
5	0
0	0
0	11
0	8
0	3
0	1
0	3
0	3
0	0
0	22
0	12
0	0
0	0
0	0
352	0
25	165
0	0
0	0
0	0
0	0
0	0
7	215
0	202
3	151
0	77
26	63
1134	395
0	395
0	0
0	0
0	37
0	8
0	7
0	33
1	21
0	32
0	26
0	0
0	0
0	0
1	1546
0	1471
11	257
2	180
3	148
22	1185
2	621
237	1519
0	488
0	1
0	579
0	508
1	1438
0	1275
1	164
5	144
2	572
0	430
0	168
3	2
0	239
2	313
178	1483
1	13
0	1265
0	474
0	1322
0	236
10	78
0	214
78	639
1	355
18	453
1	0
0	185
0	46
1	206
770	206
0	36
1	17
212	134
48	140
0	121
0	9
0	8
3	11
0	14
196	2116
5	445
7	2078
0	33
0	392
0	387
0	136
0	23
0	20
0	25
0	24
0	167
0	0
0	0
0	0
0	19
0	5
1	318
135	286
5	65
0	58
10	97
1	37
3	464
0	0
0	187
0	897
0	94
0	1056
0	994
1	121
3	1038
0	909
0	0
0	0
0	0
0	0
0	0
1	6
0	6
0	6
0	377
32	407
0	92
0	63
1	26
0	28
0	33
0	97
0	84
0	354
1	115
1	106
1	427
0	721
0	697
0	697
4	50
0	45
0	47
14	21
0	77
0	10
1	6
0	9
2	23
0	472
1	33
0	396
0	425
1	150
0	420
2	396
0	103
0	75
1	65
40	43
0	255
0	94
1	107
0	21
0	15
0	52
2	59
0	3
0	18
0	15
4	44
0	19
0	0
734	8
10	51
0	24
0	9
0	15
0	12
0	0
0	34
0	32
0	33
0	13
2	2
0	1099
0	1112
0	1112
0	1060
0	814
0	1050
0	73
0	700
0	683
0	1005
0	410
0	464
0	823
0	788
14	309
0	767
0	907
1	433
0	350
0	849
0	778
0	424
0	214
0	343
2	194
1	166
0	538
0	132
49	437
0	114
0	300
0	633
0	623
0	620
3	200
0	57
0	70
0	2
0	134
0	22
0	220
0	374
0	273
0	322
0	192
0	218
0	102
0	189
0	29
1	200
0	185
0	166
0	188
0	161
0	160
0	120
0	93
0	34
0	126
0	20
1	13
0	45
0	103
0	68
0	61
0	1
0	56
0	322
4	170
1	12
10	164
28	150
0	0
0	0
0	0
0	1
0	1
0	1
0	0
130	26
4	0
0	26
0	0
0	0
2	3
1	20
0	26
0	11
2	8
0	17
0	17
4	7
2	5
0	15
0	11
0	9
0	11
0	813
116	1164
3	887
0	655
1	58
0	37
0	78
0	91
0	101
0	23
2	0
0	309
2	116
5	13
4	31
1	14
0	271
1390	493
0	493
1	73
5	4
0	56
245	56
0	957
1	42
12	764
0	247
0	131
0	101
0	353
0	963
0	324
11	954
0	470
0	128
0	241
0	176
3	744
0	257
22	196
0	134
3	64
4	188
0	6
0	2
0	128
0	143
0	1
0	1
0	1
0	1
0	1
0	1
0	1
0	1
0	1
0	0
0	1
0	0
0	0
0	0
0	0
0	0
0	0
0	269
0	254
0	245
0	223
0	123
0	138
0	177
0	147
0	156
0	70
0	183
0	68
0	0
0	0
0	0
0	0
0	0
0	0
0	8
0	0
0	0
0	7
0	0
0	8
0	8
0	8
0	8
0	7
0	8
0	0
0	1
0	0
0	0
0	0
0	0
0	2
0	2
9	290
0	281
0	312
6	141
0	166
4	116
0	66
0	355
0	357
0	114
5	105
0	115
0	5
0	5
0	0
0	0
0	0
0	0
0	0
0	0
0	0
0	0
0	0
0	0
0	0
0	0
0	0
1	1038
0	0
0	0
0	0
12	0
0	174
57	591
0	455
2	86
0	156
0	32
1	55
3	166
2	81
1	88
0	38
0	48
0	1
2	1
0	0
0	0
0	0
0	0
0	0
0	0
0	0
169	476
0	475
0	91
0	69
2	2
419	1946
0	1882
4	1584
4	62
0	918
3	108
0	147
0	133
9	390
17	390
79	19
3	0
0	10
1	9
0	3
1	0
3	0
0	0
2	19
0	19
0	1
0	16
0	0
0	0
0	0
0	0
0	0
0	0
0	0
0	0
0	0
0	0
0	0
0	0
0	0
0	0
0	0
0	0
0	0
0	0
0	0
61	159
0	159
0	0
1	14
0	0
0	0
0	0
0	0
0	0
0	0
0	0
0	0
0	0
0	0
0	0
0	0
0	0
0	0
0	843
0	761
0	762
0	759
0	427
7	1015
0	835
0	1066
0	0
0	0
0	0
0	0
337	1850
24	837
2	1076
4	242
105	231
0	231
0	32
0	13
2	96
2	56
1	586
0	28
0	598
0	601
0	589
0	575
0	582
0	9
0	15
0	50
0	41
0	4
2	77
0	64
3	232
0	6
5	0
0	0
5	3
7	131
2	844
1	841
1	483
0	114
0	331
0	546
0	179
0	80
0	84
0	73
1	10
1	7
0	3
0	0
0	0
0	0
0	0
0	0
0	1
24	91
0	91
0	7
0	3
0	14
1	2
1	79
0	75
0	134
12	134
0	0
0	0
0	0
0	0
0	0
0	0
0	0
0	0
0	0
0	0
0	0
1	548
61	548
3	210
8	98
0	57
1	58
0	57
0	20
0	33
2	33
0	13
1	129
0	137
0	77
5	71
0	59
0	58
0	16
1	12
0	41
0	40
0	37
0	43
0	39
0	20
0	3
0	955
2	102
0	749
106	3
0	178
0	58
1	11
1	974
0	1
0	4
0	8
0	4
1	0
0	0
0	0
0	7
0	0
0	3
0	3
1	0
7	15
24	185
0	79
0	0
1	0
0	0
0	0
0	0
0	0
0	0
0	0
0	0
0	0
0	0
0	0
0	0
0	0
0	0
0	0
0	0
0	0
0	0
0	0
0	1864
0	535
3	60
0	1813
1	1775
43	11
0	2
0	5
0	6
4	2
26	448
1	447
0	424
0	23
0	1
0	1
0	1
0	1
0	1
0	0
0	0
0	8
0	10
0	10
0	0
4	9
0	0
0	0
0	0
0	0
0	0
143	55
0	55
8	0
2	9
14	33
0	755
71	755
3	261
0	2
0	2
0	0
0	0
0	2
0	0
0	2
348	50
0	50
3	4
8	46
0	4
0	1
0	46
0	29
0	1138
560	1144
4	199
0	270
2	32
2	94
0	63
1	29
1	78
0	54
0	87
0	7
0	82
2	69
0	11
1	54
0	58
0	18
0	14
0	21
2	7
0	8
0	52
0	8
0	45
1	417
0	166
27	73
1278	942
0	69
3	67
0	235
0	304
9	155
2	78
0	63
0	195
0	0
0	121
7	71
0	158
1	108
0	48
0	51
0	129
0	152
1	82
0	70
0	333
2	94
0	334
4	264
7	164
5	4
0	140
0	182
0	104
1	147
43	131
0	334
11	607
0	606
7	607
0	53
188	18851
9113	18851
0	7
0	7
0	7
0	7
0	7
0	10
0	10
0	10
0	9
0	2
0	0
0	788
1	1185
0	1183
12	568
2	551
8	69
0	308
0	1352
1	1202
1	218
0	1217
0	1232
0	1239
0	1226
0	1295
0	252
1	569
3	7
0	387
2	249
20	67
5	234
5	88
0	1117
3	420
0	423
0	423
0	190
0	135
3	99
0	137
0	139
0	128
0	72
0	65
2	66
0	101
0	70
0	54
0	47
0	41
0	39
0	48
0	51
2	53
7	43
0	53
0	43
14	32
0	29
0	19
6	15
2	4
1257	698
0	698
15	136
13	63
2	167
35	98
0	75
0	125
0	39
0	111
84	71
1	63
0	6
1177	0
0	1291
2	1401
2	13
0	1267
28	1492
1	1247
0	556
0	565
0	1525
0	1307
4	357
0	269
1	511
0	594
313	727
0	10
1	91
0	94
33	54
25	227
221	1159
0	842
4	743
234	405
0	83
1	39
0	363
0	198
0	310
0	130
0	138
270	0
0	1461
0	1385
0	873
0	1001
0	1263
0	176
0	78
1	99
0	85
0	849
0	278
0	608
1	654
0	851
35	927
0	1016
3	75
0	854
0	819
1	136
0	180
6	102
0	126
3	106
0	85
41	19
18	264
0	18
0	0
0	854
0	819
0	1
0	0
0	0
0	0
0	0
0	0
0	0
0	0
0	0
0	0
0	0
0	0
0	0
0	0
1	40
1	42
1	45
1	4
4	561
3	414
0	492
0	94
0	0
0	0
0	0
0	129
0	147
0	395
15	220
0	441
3	408
0	421
0	361
1	298
8	168
0	69
0	116
1	15
0	16
0	13
0	1
0	10
1	12
0	9
0	12
0	11
1	3
0	372
0	195
9	426
2	19
6	256
176	0
2204	1274
18	1274
0	640
0	654
0	626
0	652
1	574
0	657
0	648
1	151
1	72
0	241
3	141
0	117
87	55
1	70
9	40
0	284
0	325
0	236
0	373
10	258
0	2919
0	3953
0	432
0	0
0	610
2	349
0	639
0	3751
0	400
0	196
0	312
0	164
0	318
0	413
0	276
0	356
0	52
0	0
0	360
0	68
0	124
0	417
0	477
0	0
0	39
0	79
0	258
0	84
0	333
0	363
0	124
1	294
0	527
14	815
0	281
0	355
40	1206
0	3868
0	2729
6	0
0	0
0	0
0	0
0	0
0	0
0	0
0	0
0	2108
2	188
0	269
0	190
0	138
23	2108
0	90
0	277
0	266
84	178
0	0
0	0
0	0
0	0
495	577
19	577
8	395
51	12
0	12
0	6
0	1230
4	1214
0	1218
4	281
0	479
0	799
0	440
0	377
0	974
0	434
0	1180
0	246
2	57
0	925
0	72
0	53
0	3
2	32
0	24
0	21
3	5
0	4
0	6
0	3
0	0
0	1
0	1
0	0
0	0
0	0
0	0
0	2
0	2
0	0
0	27
0	27
0	27
2	8
0	7
0	16
1	15
0	6
0	9
0	9
0	2
0	2
6	0
153	84
0	83
0	44
0	79
0	179
262	177
0	10
0	4
0	27
0	0
0	0
0	0
0	2
1	3
0	2
0	0
0	1
0	3
0	0
0	0
0	0
0	0
0	3536
4	282
3	1020
0	1459
14	162
0	2915
0	0
0	0
62	78
40	265
2	32
5	64
0	14
0	23
9	63
40	78
4	20
0	80
763	505
0	455
0	5
7	106
0	22
3	746
0	657
0	656
0	653
0	651
0	541
0	613
2	586
0	459
28	419
0	315
1	280
0	78
0	67
0	65
0	64
0	101
0	4
0	41
0	50
1	37
0	25
0	18
6	11
0	626
0	539
0	638
113	591
11	55
7	55
367	389
42	182
1	99
1	67
0	140
0	427
0	425
0	545
1	543
0	559
1	514
0	557
0	547
0	555
0	565
0	538
0	460
0	0
0	255
0	232
0	45
0	143
0	110
8	66
2	66
3	65
0	143
0	66
0	67
0	67
0	27
2	67
0	55
8	449
1	385
1	100
0	268
214	1169
0	1155
1	1110
0	1118
0	1148
27	982
0	1074
0	1130
0	1179
0	979
2	109
0	297
0	267
0	103
0	171
0	159
0	179
0	176
0	170
1	139
0	68
0	75
0	60
2	77
0	37
0	39
0	0
0	1
0	295
0	419
2	618
0	583
0	71
0	40
1	222
0	68
1	63
0	51
0	32
1	588
0	394
0	155
2	174
3	174
0	174
1	34
0	42
0	11
0	2
0	0
1	9
0	9
0	120
2	157
32	57
20	166
0	0
0	0
0	0
1	3
0	0
0	102
0	515
15	515
0	64
1	93
3	346
0	442
2	393
2	25
1	318
0	215
0	221
0	7
0	32
1	173
0	137
0	62
2	39
0	519
544	0
0	259
2	66
0	66
16	13
0	13
1	0
0	0
0	0
0	0
0	0
0	0
0	0
0	0
0	0
0	0
0	0
0	0
0	0
0	0
0	0
0	0
0	0
35	544
4	114
2	206
0	278
6	386
0	280
0	64
0	52
0	538
0	10
9	220
0	221
0	21
0	19
0	4
3	16
0	19
0	39
0	27
0	16
0	16
0	0
0	4
0	4
0	4
2	0
431	4049
48	4049
0	714
0	714
0	1
0	1
0	1
0	0
0	0
0	0
0	0
0	0
0	0
0	0
0	0
0	0
0	0
0	0
0	0
0	0
0	0
0	0
0	68
0	69
0	39
0	28
0	28
11	1138
0	101
0	0
0	0
0	0
0	0
0	0
0	0
0	0
0	838
8	815
13	422
19	811
0	34
10	301
0	0
0	93
0	838
15	350
0	1161
0	1363
0	1752
39	1479
0	1932
0	2002
0	1151
0	1159
4	746
0	158
0	615
94	271
0	80
5	12
2	357
1	577
1	663
0	211
0	206
1	51
3	135
17	750
22	472
8	528
28	727
12	590
0	670
0	264
0	288
0	178
0	35
1	193
73	0
0	1
0	1
0	1
0	0
0	0
0	0
0	1
0	1
0	473
0	325
1	214
0	75
0	235
2	138
0	143
0	101
0	488
13	490
7	47
0	59
518	443
0	196
3	93
1202	1133
2	1106
0	1137
0	274
0	43
1	27
0	41
2	75
1	63
0	49
0	41
0	26
0	27
0	28
74	38
0	4
0	34
0	34
0	33
0	7
0	26
0	26
0	26
0	1
807	0
0	0
0	0
0	0
0	0
0	0
0	1180
0	624
0	990
0	3443
1	1248
0	3244
12	3955
1	637
0	4211
3	4022
6	4065
0	4025
15	3499
1	3817
756	913
0	92
50	0
943	0
0	3
0	6
0	6
0	5
0	2
0	1101
0	1193
0	210
0	291
0	76
0	142
0	202
0	95
0	96
106	2443
0	2372
13	2371
13	328
0	1136
2	508
0	663
3	581
9	507
0	493
0	591
0	493
5	389
12	244
108	536
0	6
0	6
0	0
0	1
0	1
0	0
0	103
345	102
0	100
126	105
17	376
0	0
0	0
0	1
0	2
0	0
0	1
0	22
0	22
243	327
0	327
0	7
0	38
0	19
0	42
0	40
1	230
0	38
0	231
0	18
0	79
1	230
0	51
0	216
0	81
43	1127
0	965
55	761
22	773
1	442
17	58
59	76
49	75
0	17
0	8
0	8
0	0
1	6
0	1
2	0
0	0
0	0
0	0
0	1
1	2292
0	692
1	720
44	720
11	2248
0	487
0	440
0	321
0	150
0	249
0	41
2	44
0	265
0	509
0	254
0	205
0	446
0	48
5	54
0	58
0	59
0	59
0	11
0	9
0	3
1	5
0	1
0	1
0	0
0	0
0	0
0	1
0	1694
1	257
2	951
0	252
15	16
2	1664
2	132
15	1317
1	72
0	500
0	147
2	192
0	724
2	55
0	1257
0	1351
0	118
0	277
0	1363
22	0
32	56
11	27
1	56
0	0
0	0
0	0
0	0
0	0
4	0
0	0
0	1
0	0
4	4
0	1
0	0
0	1
0	2
0	0
0	1
0	1
0	2
152	1168
0	1142
0	364
0	0
0	71
0	188
0	2081
1	565
1	697
0	731
0	184
0	1852
5	1769
289	315
0	261
4	384
7	63
0	83
5	56
0	101
32	3813
15	4074
57	13
0	302
1	2699
2	2699
2	86
13	3873
0	1571
0	435
0	1490
70	1472
11	1345
4	1149
3	157
0	231
0	207
0	6
0	7
97	92
0	5
0	86
0	85
1	9
0	7
0	5
0	13
2	12
0	8
0	3
0	0
0	1
0	0
0	1
0	0
0	0
0	0
0	0
0	0
72	614
0	275
6	70
152	882
0	751
16	89
0	317
0	316
1	693
1	475
0	790
19	101
1	883
0	27
23	179
0	177
0	49
0	45
0	49
0	98
0	20
0	4
0	7
0	2
1	12
0	57
0	68
0	13
0	9
1	59
374	430
0	430
0	214
8	41
0	36
0	20
0	51
0	23
0	49
1	24
0	20
0	22
1	23
0	14
0	22
0	4
252	571
0	553
0	387
0	67
0	68
8	50
0	45
0	42
0	11
17	90
0	58
0	73
0	0
0	5
1	52
0	9
0	65
0	17
0	18
0	15
0	27
0	3
144	336
2	308
0	241
287	327
0	4
0	11
0	5
0	7
0	7
0	7
1	3
0	2
0	2
0	2
0	2
0	2
0	2
0	0
0	0
0	2
0	2
0	2
0	7
0	2
0	2
1	0
0	0
607	0
5	125
7	125
18	39
131	878
0	878
0	56
0	0
0	7
2	155
0	182
3	77
0	67
0	95
0	80
38	51
0	112
0	94
0	0
0	2
0	2
0	2
0	2
0	2
0	2
0	2
0	0
0	2
1	0
0	2
10	74
57	336
0	195
4	178
2	694
0	1936
0	1936
0	1995
0	1991
0	1969
0	1931
0	1959
0	1672
0	1995
7	2012
0	1911
0	1962
0	2015
0	2005
0	1936
0	1977
1	1892
0	2034
0	1923
44	2026
3	1959
0	2045
4	1944
1	694
0	1888
0	1891
0	1959
0	2008
1	1939
2	1960
0	1900
0	633
2	1884
0	1829
0	1635
0	1859
2	302
0	1903
0	1664
0	1574
0	1570
0	1578
0	1512
0	207
0	93
0	152
5	196
30	1570
0	253
2	226
1	10
3	165
44	1381
0	0
0	0
0	0
0	0
0	0
12	2086
0	1852
0	1881
0	1798
0	2118
0	2086
0	2086
0	1907
0	1883
5	1905
0	2095
0	2071
0	2053
0	1937
4	2040
0	1803
0	1994
0	2008
0	1334
0	1675
1	1704
0	1971
0	1093
0	1291
0	1762
0	1950
1	540
0	1414
0	1199
1	1037
1	197
0	1180
1	380
1	109
0	912
0	296
1	83
0	0
0	0
0	0
0	854
0	30
69	29
1	13
2	259
4	29
14	0
36	842
30	238
4	64
0	64
0	33
0	27
1	28
0	4
0	7
0	5
0	94
0	94
16	75
0	50
0	83
0	80
0	49
0	46
1	31
0	27
0	18
1	16
1	10
0	4
0	1
14	3
0	0
2	0
0	197
26	197
0	26
1	24
161	150
1	133
0	44
0	6695
1	131
0	6788
19	6388
0	567
0	1912
0	3128
10	1253
0	2366
3	1176
2	1021
2	5542
0	2718
1	4005
0	1901
0	2484
0	3170
0	2945
0	479
0	1545
2	1984
7	979
5	1452
0	0
0	0
0	0
0	0
0	0
84	14
0	14
0	91
44	91
1	4
0	26
0	0
0	0
2	1396
3	1483
0	207
0	244
0	163
0	2
0	2
0	0
0	0
37	24
0	5
19	22
0	4
0	1
8	632
0	670
0	820
0	821
0	763
0	681
0	764
0	124
0	181
2	108
3	30
0	29
2	38
1	34
4	328
0	38
0	209
0	326
2	1
0	17
0	25
8	1
2	9
0	35
0	30
0	177
24	250
1	0
0	66
0	27
0	9
1	7
0	2
0	8
0	44
0	9
0	36
0	11
0	6
0	48
362	125
0	125
11	2557
75	2606
0	625
1	514
6	543
1	410
0	1
0	1
0	1
0	0
0	1
0	1
0	372
456	372
54	222
35	11
0	10
1	6
0	2
54	3
0	3
486	63
0	63
0	56
0	28
0	0
0	0
0	0
0	0
0	0
0	0
0	0
0	0
0	0
0	0
0	0
0	0
0	0
0	0
0	0
1981	336
0	43
3	237
1	28
0	104
0	1
0	478
0	396
0	447
0	463
0	414
0	206
0	200
3	30
1	88
0	23
0	36
0	447
195	360
0	346
0	119
1	16
0	5
0	35
1	0
2	0
0	0
0	0
0	2
0	0
0	2
0	0
0	2
53	2
0	21
5	682
8	672
0	60
1	58
0	109
1	152
2	363
1	478
0	146
0	248
0	283
0	310
0	266
0	205
0	20
0	20
0	148
0	76
1	6
0	86
0	9
4	14
1	124
1	76
0	4
29	85
31	59
0	28
2871	655
1	64
2	159
0	9
4	9
0	7
0	3
1	4
4	2
0	2
0	495
0	429
0	239
3	457
0	168
1	130
0	389
0	323
2	276
10	254
2	209
1	17
3	49
6	0
0	43
1	49
0	49
0	345
1	11
0	15
2	13
0	348
0	21
0	19
0	30
1	14
10	8
0	22
0	35
1	46
1	49
0	36
0	8
0	8
3	49
6	30
3	259
0	231
0	0
0	0
0	0
0	194
0	141
0	2221
0	2089
0	2260
0	175
0	164
5	2131
0	178
0	176
0	129
0	190
0	1
0	179
0	263
0	132
0	90
0	994
0	1009
0	903
0	120
0	230
0	139
0	18
78	18
0	1
0	10
0	0
0	9
0	0
0	0
0	7
0	0
0	5
0	5
0	5
0	3
0	3
0	3
0	3
0	0
0	1
0	1
1	0
0	0
6	614
0	14
0	614
0	717
1	1264
0	449
0	362
5	512
2	374
0	1157
1	1236
0	828
0	1182
2	192
11	173
0	626
0	1229
0	140
10	150
0	134
0	137
3	305
0	0
0	0
0	0
0	0
0	1
0	0
0	0
0	0
0	0
0	1
0	0
0	0
0	0
0	0
0	0
0	0
0	0
0	0
0	4
0	2
0	4
0	0
0	1
0	0
0	0
0	3
0	3
0	1
0	0
0	0
0	2
0	0
0	0
0	2
0	248
0	29
0	107
0	1
0	71
0	246
13	86
0	27
2	573
109	353
2	371
13	374
21	370
7	175
19	652
0	659
2	44
35	99
0	662
0	1
0	0
0	16
0	1
0	32
91	67
0	49
0	4
0	4
3	8
0	29
1	29
0	4
0	2
338	720
0	631
0	459
1	425
4	137
0	371
0	3029
0	273
4	2414
0	2250
3	1092
2	219
2	75
0	121
2	350
72	616
0	454
2	375
242	546
7	379
1	186
0	191
0	168
0	106
0	124
1	39
0	53
0	0
0	0
0	0
5	0
0	14
0	528
0	123
0	524
0	5
0	283
0	4
0	36
0	5
1	11
2	20
0	10
765	0
809	0
0	0
0	0
0	0
0	0
0	7
0	5
0	4
0	5
0	0
0	0
0	4
0	6
0	0
0	0
1	0
0	55
0	244
0	241
0	297
1	293
0	294
26	135
0	132
0	56
0	78
0	132
0	105
0	70
3	16
0	29
0	11
0	9
0	11
0	5
29	1574
1	52
0	1558
9	39
0	378
0	20
0	32
0	197
0	225
0	465
1	676
0	592
0	1136
0	233
0	416
0	212
0	720
0	181
0	266
2	328
7	978
0	314
0	243
0	727
2	752
0	21
0	14
0	31
0	476
0	156
0	355
0	317
0	80
1	140
0	207
3	277
0	181
0	254
0	157
0	131
0	88
0	48
6	77
0	110
0	51
329	183
17	46
4	81
0	126
13	10
0	112
15	24
20	22
890	320
14	144
2	238
0	491
3	25
0	36
0	55
0	31
0	0
0	0
0	520
0	1
0	1
0	0
0	1
14	319
1	290
1	12
28	0
146	222
0	111
0	61
0	17
1	8
0	2
0	9
4	2
0	38
0	10
0	24
0	22
0	0
0	0
0	0
0	0
0	3
1	11
0	11
0	2
0	1
0	1
62	1
9	380
0	216
67	333
28	453
0	0
418	91
0	91
0	859
0	799
5	844
0	739
0	738
0	247
3	224
0	2
1	121
0	481
0	467
0	491
0	495
1	263
0	230
0	354
0	0
2	0
3	28
0	28
0	0
0	0
0	0
0	0
583	580
0	535
1	24
1	139
72	0
13	990
0	986
0	241
0	223
0	180
0	130
4	109
0	1018
0	1006
0	1013
0	0
0	0
0	321
1	295
0	124
0	233
0	180
0	226
0	326
78	17
47	19
4	19
5	5
1	1
3	271
14	459
117	459
0	76
44	280
110	312
8	32
0	0
0	0
0	0
0	0
0	0
0	0
0	26
0	26
1	26
0	3
0	23
0	7
0	6
0	5
0	5
0	26
4	382
0	184
23	5
0	0
1	4
0	5
255	464
1	93
0	53
1	120
0	339
2	69
0	49
0	26
0	81
0	74
0	82
0	41
0	59
0	25
0	32
0	26
1	12
15	7
0	20
0	28
0	41
0	44
4	7
0	13
0	61
0	19
1	60
0	14
0	28
0	31
0	8
0	12
0	18
3	7
0	10
0	21
43	19
0	9
1	9
1	32
3	6
0	28
0	13
0	5
0	18
2	0
0	21
1	878
59	883
2	430
0	50
3	46
2	64
0	41
0	0
0	2
0	2
3	46
0	399
4	49
0	382
0	383
0	373
1	270
0	258
0	186
0	179
2	54
0	100
0	94
0	69
0	54
0	27
0	0
0	0
0	0
0	0
0	0
0	0
0	0
0	0
0	0
4	0
0	487
363	497
28	274
6	178
0	481
0	481
6	328
0	481
0	68
0	162
3	55
0	171
1	125
0	63
0	47
0	47
0	0
6	3941
10	652
25	3897
6	806
2	807
24	2552
11	617
0	459
0	618
0	482
6	697
0	917
7	774
0	331
0	542
2	274
9	272
0	264
0	155
0	0
0	0
0	0
0	0
0	0
0	0
0	0
0	0
0	0
0	5
0	5
0	3
0	5
0	4
0	2
0	1
0	1
0	0
0	0
0	0
0	0
305	75
8	9
1	38
0	51
0	673
14	347
0	838
8	846
0	161
0	817
13	1007
0	125
1	80
0	989
0	0
0	0
5	904
0	978
0	278
0	67
0	140
51	618
19	1244
49	1244
0	0
313	507
2	458
0	122
1	121
2918	2324
0	825
21	370
0	979
1	752
0	802
530	297
1	297
0	0
0	0
0	0
0	0
0	0
0	0
0	0
0	0
0	0
0	0
0	0
0	0
0	0
0	0
0	0
0	0
0	0
0	0
15	0
0	6
0	6
0	6
0	6
0	6
0	6
0	3
0	1
0	1
0	1
0	1
0	1
2	413
18	438
0	87
1	5
9	29
0	14
0	228
0	0
0	0
0	0
0	0
8	142
0	148
0	159
1	133
0	158
0	133
0	0
14	265
22	265
4	63
2	27
1	27
6	27
6	48
41	1711
3	1695
0	116
6	283
0	96
0	143
7	1965
0	178
0	1208
0	1323
0	1044
0	646
0	168
0	463
5	276
0	328
3	293
0	122
0	342
0	28
0	129
0	7
0	340
0	26
0	0
0	0
0	9
2	68
0	35
0	193
43	158
0	17
3	153
1	161
0	8
0	12
0	6
1	15
0	17
0	13
1	120
0	10
0	9
1	3
0	0
0	0
0	0
0	1
0	0
0	0
0	3
0	310
0	869
29	907
15	77
1	907
0	975
17	893
0	226
2	173
0	298
196	726
0	67
6	595
0	581
0	73
0	84
0	88
1	232
0	130
0	72
0	276
0	140
2	358
281	270
0	250
1	227
0	239
0	87
0	24
4	0
0	61
156	94
0	42
0	29
0	574
15	66
0	21
0	59
0	66
0	19
0	20
0	2
0	0
0	7
0	4
0	9
0	1366
0	1072
0	138
0	71
0	108
159	159
2	60
2	13
0	9
0	9
0	141
1	4
0	77
0	0
0	109
0	21
0	272
1	253
3	259
3	95
0	21
0	0
0	0
0	0
481	713
1	707
2	123
0	0
0	1
0	1
0	0
0	1
0	1
0	518
0	533
0	6
0	6
0	6
0	33
0	48
0	491
0	131
0	276
6	134
0	31
0	480
0	510
0	6
0	608
0	737
1	583
0	130
0	99
0	437
0	332
0	470
0	405
0	425
0	343
0	130
0	209
1	6
0	73
0	94
0	65
3	406
7	193
2	410
5	49
0	17
0	684
30	72
0	67
1	58
0	48
0	52
0	55
0	46
0	15
0	12
0	3
0	1
0	1
0	0
0	0
0	0
0	0
0	0
0	0
0	0
0	0
0	0
0	72
0	0
17	535
304	712
118	650
0	271
3	31
0	79
0	122
0	14
0	14
1	14
0	4
0	0
0	1
0	1
0	1
0	1
0	1
0	1
0	1
0	0
0	1
62	632
126	744
0	296
0	132
0	328
0	327
1	263
0	130
0	127
0	115
0	55
82	851
0	51
531	800
0	798
25	343
0	632
2	636
2	147
2	272
4	705
2	39
16	705
0	238
0	253
7	78
0	78
0	23
0	14
0	0
0	47
2	49
0	2
0	12
0	45
0	10
0	38
0	21
0	10
0	2
0	11
0	31
0	23
0	7
1	2
1	14
1	104
0	5
0	7
0	105
0	56
0	103
0	40
0	100
0	35
46	8
0	8
0	8
0	0
0	0
121	8
0	5
0	3
0	0
195	0
0	0
0	0
0	0
11	3
7	0
2	3
0	2
0	0
1	1
0	0
0	2
0	3
0	2
0	0
0	84
3	6
0	85
0	0
0	38
1	0
7	945
0	901
2	13
2	111
1	121
1	81
4	104
0	118
2	116
1	89
1	83
3	69
2	54
0	799
0	820
1	237
0	203
0	38
0	49
0	2
0	0
0	0
0	0
0	0
0	40
3	185
0	22
0	198
0	11
5	51
0	144
0	12
6	49
0	126
0	60
0	64
0	152
0	48
0	6
4	7
0	7
2	1020
3	962
0	0
0	921
1	136
0	923
0	0
4	461
3	281
286	455
0	16
5	0
2	1434
1	36
0	1521
0	1524
1	1477
2	52
12	99
2	636
2	33
2	678
0	60
5	21
0	626
0	604
13	518
0	539
4	117
0	45
0	107
4	56
0	677
0	402
0	0
170	0
0	0
0	0
0	0
0	0
0	0
0	0
0	0
0	0
0	0
0	0
0	0
0	0
0	0
0	18
0	18
2	19
0	19
1	0
2	9
0	7
0	8
0	0
0	0
7	0
7	2655
255	5073
26	5064
0	119
0	111
0	12
0	2
3	71
1	8
0	5
0	48
0	3
0	55
0	1
0	27
0	4
0	4
0	1
0	0
0	0
8	60
3	609
34	609
2	78
878	264
0	264
0	0
0	0
0	0
0	0
0	0
0	342
98	261
0	149
0	147
10	90
6	12
4	37
171	41
7	14
0	16
1	14
0	12
1	12
0	0
0	1
0	0
0	1
0	0
0	0
0	0
0	1
0	2
0	1
0	1
0	0
0	47
0	47
0	45
4	17
2	9
0	47
0	1143
69	1142
0	156
0	82
0	120
3	89
0	96
1	40
3	0
0	996
0	845
0	765
0	746
3	461
29	500
10	451
5	184
0	995
0	1
0	1
0	1
0	0
0	0
1	9
0	0
0	1
0	0
1	2
0	1
0	1
0	1
0	31
1	0
0	0
0	2
0	5
0	32
0	3
0	2
0	0
0	3
0	4
0	0
0	30
0	2
0	2
0	2
0	2
0	1
0	1
189	0
729	0
0	0
0	0
0	0
0	0
0	0
0	0
0	0
0	0
1	0
0	0
0	0
2	120
0	0
0	0
0	0
0	88
2	81
0	5
0	2
0	63
0	3
0	39
0	0
0	0
0	7
0	3
0	3
0	2
0	2
0	2
0	8
0	9
0	8
0	6
0	2
0	2
0	6
0	2
0	3
0	5
0	5
0	0
0	0
0	0
0	0
0	0
0	0
0	0
0	64
0	6
1	59
0	9
0	13
0	16
0	64
0	0
0	0
126	533
0	26
3	367
0	487
0	69
35	174
1	174
3	94
4	117
0	8
0	24
0	10
8	1
0	0
0	0
72	583
2	581
0	49
0	232
0	0
736	1
19	101
133	477
1	238
2	208
2	101
1	124
1	138
0	430
0	217
0	29
1	104
0	172
1	216
0	19
0	194
0	61
0	93
0	200
1	54
1	156
0	5
0	5
0	5
0	5
0	0
0	0
0	0
0	0
0	0
1	0
2	555
0	556
1	112
2558	953
4	953
0	187
0	107
2	102
0	97
0	392
0	386
4	109
0	70
0	73
0	16
1	45
0	22
1	28
0	0
0	56
323	2
0	2
3	78
0	820
0	851
0	817
0	807
0	862
0	758
0	652
0	422
0	440
3	335
0	547
2	665
0	629
0	672
0	644
0	564
0	580
0	110
0	109
0	68
7	10
0	182
0	195
0	194
1	40
0	116
0	43
3	57
0	44
0	35
0	57
0	3
0	57
0	5
30	750
13	594
0	525
5	537
22	211
0	63
0	83
0	192
4	112
1	17
4	2
0	4
0	4
0	0
1	2
1	1
0	1
0	0
0	1
0	0
0	0
0	0
0	0
0	0
0	0
0	0
0	0
0	0
0	0
0	0
0	0
0	0
0	0
0	0
0	2
4	2
0	2
0	2
0	0
0	0
0	2
0	2
0	51
13	592
5	588
38	601
0	52
0	81
0	64
0	4
0	4
0	1
0	2
0	2
0	1
0	1
0	2
2	0
0	0
0	0
0	0
0	0
0	0
0	1
0	0
0	0
0	0
0	0
0	1
0	274
0	340
62	368
0	211
0	368
0	65
0	64
46	28
0	1
11	60
5	14
0	30
0	15
0	65
25	85
0	8
0	17
0	8
0	84
1	44
0	9
0	43
0	16
0	3
0	0
0	0
48	0
0	0
9	0
52	321
0	86
0	33
1	30
1	11
125	203
0	168
0	75
0	534
0	96
0	72
1	71
0	83
518	761
2	498
0	563
0	322
0	50
2	0
1	83
2	0
3	61
0	61
202	15
0	15
3	101
11	366
0	58
0	214
0	8
1	251
487	1822
116	1822
0	0
0	31
0	369
0	17
4	90
0	32
0	46
0	10
0	8
0	364
0	1949
0	1971
1	1335
4	183
0	49
0	844
0	90
6	336
0	49
0	127
0	2
0	2
0	2
0	0
0	2
174	0
0	47
0	40
24	40
0	33
5	53
1	46
0	1
0	3
0	1
0	2
0	1
1	2
0	1
0	2
0	6
0	0
0	0
158	1
10	1422
29	98
2	98
1	365
0	465
1	955
3	2533
1	593
1	353
0	87
0	0
5	847
0	150
0	802
0	34
0	55
0	89
0	0
0	64
4	101
0	0
0	392
0	157
6	56
3	1520
1	70
0	0
0	112
0	218
3261	0
0	29
0	26
1	20
0	4
0	4
0	4
0	3
25	242
0	155
0	92
0	100
0	33
2	154
1	95
0	63
0	35
0	6
0	28
10	6
120	33
1	288
0	264
0	144
0	193
2	85
126	930
1	898
0	836
1	255
0	202
5	225
186	16
0	16
0	16
45	8
0	8
204	459
0	115
2	0
5	449
0	1330
3	1105
0	510
0	385
1	298
0	331
1	152
3	214
1	180
1	65
5	248
7	57
1	188
0	224
0	218
0	87
0	67
0	56
0	63
0	80
1	69
0	129
0	57
0	28
0	245
2	253
0	246
0	23
0	31
0	30
0	21
0	9
0	12
1	179
888	179
269	120
2	109
0	11
1	54
0	0
1447	378
1	162
0	121
4	129
0	141
1	449
0	304
0	300
0	290
0	212
0	38
0	44
0	42
0	14
0	1
0	496
8	347
2	7
1	55
15	55
2	59
0	328
0	1033
0	493
6	1007
1	45
1	261
0	60
0	44
2	95
0	96
4	2
0	0
0	0
0	0
139	1116
0	850
1	836
0	150
0	0
0	0
0	1
0	1
0	0
0	0
711	0
0	638
0	605
0	622
0	626
0	645
0	641
0	517
0	213
0	639
0	207
0	171
0	190
0	63
0	28
0	21
0	24
0	19
0	0
296	243
0	243
0	236
0	28
0	53
0	0
0	0
0	0
0	0
0	0
0	0
1	839
0	77
0	145
364	886
1	37
0	189
0	15
0	49
0	38
0	98
1	57
3	32
0	520
0	524
0	516
0	522
170	547
3	441
0	431
0	416
1	151
0	139
0	97
0	58
0	85
0	87
0	55
0	48
0	66
0	56
0	12
3	29
0	33
0	30
2	36
0	29
0	29
1	36
0	35
0	30
3	36
0	26
8	7
0	12
0	83
0	92
3	70
0	75
0	15
0	11
4	15
18	160
0	75
0	16
0	107
0	84
0	69
2	204
25	50
0	15
0	42
0	94
4	115
1	231
0	66
5	2
0	16
9	33
11	172
69	41
6	57
0	42
17	0
239	633
0	631
3	327
0	73
0	97
0	94
0	163
0	140
1	77
2	33
0	248
1	76
0	246
0	5
0	16
0	10
0	25
0	22
0	23
0	25
0	29
0	17
0	13
1	0
1	0
0	243
3	666
6	666
0	32
0	366
206	33
0	26
0	17
0	2
1	7939
1	5134
3	5327
14	1805
0	6610
13	7470
44	2539
2	260
0	238
9	239
1	228
0	72
0	35
0	58
0	0
0	1
0	1
0	1
0	0
0	0
0	0
0	758
0	706
2	256
1	271
1	127
0	96
2	707
1	6
1	17
1	11
2	31
4	865
0	864
0	805
3	715
0	65
1	95
0	0
0	0
1	31
0	1
0	31
1	2
0	9
4	568
34	2250
2	2136
0	1973
0	1181
0	342
18	492
0	359
0	811
0	180
22	7
0	1
0	1
0	5
0	1
0	2
0	0
0	2
0	0
1	2
0	11
2	0
0	7
0	15
0	18
0	0
0	4
0	1
0	0
0	0
0	1
0	1
0	1
0	0
0	0
0	0
0	0
0	0
0	8
0	1
0	8
0	466
8	0
0	103
0	111
0	384
0	120
1	212
4	30
0	69
0	96
0	144
6	62
0	237
0	0
0	0
0	0
0	0
0	0
0	0
0	0
0	0
0	0
0	0
0	0
0	0
0	0
0	0
0	0
0	0
0	1
0	0
0	1
0	2
0	1
0	2
0	0
0	0
0	0
2	406
0	375
0	375
4	387
0	368
0	323
0	272
0	298
7	293
0	280
0	306
0	148
0	198
0	200
0	193
0	73
10	43
0	16
0	1066
0	199
1	177
0	268
0	331
0	253
0	278
4	54
28	887
0	486
0	833
2	870
0	52
11	32
2	80
0	31
0	136
1	26
0	136
1	60
0	229
2	1253
4	63
8	845
48	1178
8	832
5	1253
7	17
2	27
19	224
0	226
0	222
0	222
0	219
0	11
0	49
0	14
0	23
0	2
0	0
0	0
0	0
0	0
0	81
0	79
0	78
0	46
0	67
0	69
0	67
0	67
0	68
0	67
0	68
0	69
0	68
0	68
0	68
0	66
0	68
0	68
0	68
0	69
0	69
0	68
0	69
0	67
0	67
0	67
0	69
0	69
0	74
5	81
0	71
6	12
0	10
0	81
2	11
0	542
0	538
0	10
1	20
0	19
0	27
1	74
0	17
8	295
0	7
0	238
0	8
2	5
1	1
0	12
21	117
5	170
0	96
0	766
65	824
0	659
0	485
0	707
1	54
10	87
0	63
0	87
7	47
1	33
0	50
0	20
0	347
0	0
0	0
0	0
0	0
0	0
0	0
0	0
0	26
59	246
1	58
1	19
4	130
0	91
0	40
0	46
0	158
0	81
1	137
0	39
0	66
0	32
0	33
1	97
0	169
3	30
1	9
1	14
0	34
2	21
0	193
11	91
1	160
3	143
0	132
3	34
0	38
0	12
5	12
1	28
68	54
0	53
0	27
0	49
0	50
0	46
0	14
0	9
0	6
0	5
0	2
2	0
0	2
0	4
0	0
0	0
0	0
0	0
0	0
0	0
0	0
0	0
0	0
0	0
0	0
0	0
0	0
0	3
1	3
0	3
0	0
0	0
0	0
0	559
1	15
2	388
0	77
0	587
0	582
0	0
0	0
0	0
0	0
0	0
0	0
0	0
0	0
0	0
0	0
0	0
0	0
0	0
0	0
0	0
0	0
0	0
0	0
0	0
0	0
0	0
9	7
0	4
0	2
0	2
0	1
0	2
0	2
0	1
4	51
0	477
0	643
0	658
0	52
0	29
0	74
0	10
27	10
0	2
0	2
0	169
44	218
2	142
0	200
0	159
0	1
0	1
0	1
0	1
0	1
0	0
0	1
258	38
5	38
1	9
0	1
0	41
0	52
4	381
0	354
0	650
0	26
0	576
0	652
0	633
0	587
0	410
0	469
0	612
0	525
0	500
0	39
0	568
0	526
0	644
0	34
0	43
0	441
0	26
0	62
0	448
0	38
0	293
3	216
0	247
624	1804
1	1702
0	287
0	45
2	46
3	46
381	386
0	333
0	215
3	163
0	1
0	3
1	3
0	0
0	0
0	1
0	0
0	88
18	90
1	30
1	10
0	66
0	6
5	64
0	50
0	47
0	53
0	54
0	48
0	40
0	49
0	7
20	0
452	189
0	189
0	7
0	24
2	284
0	289
0	207
0	164
0	145
0	16
0	10
0	7
0	287
274	60
0	60
2	0
0	2
1	9
0	16
0	37
3	34
1	36
0	354
1	361
2	281
0	222
3	239
4	51
1	35
2	57
3	6
16	179
0	64
0	67
0	53
0	40
0	11
0	29
0	20
0	18
0	341
3	267
0	373
0	402
0	449
11	34
4	379
6	151
0	39
0	29
0	65
2	72
0	414
1	5
4	8
8	420
0	153
0	7
1	5
1	0
0	10
1	37
0	41
4	321
0	32
0	420
4	0
0	0
0	0
0	0
14	134
108	102
9	0
12	0
4	118
30	107
0	112
0	104
0	13
0	25
0	10
0	93
0	67
9	2
0	51
1	45
0	0
0	0
0	0
0	0
0	0
0	136
0	0
0	0
5	1
107	3
0	31
0	12
0	0
0	7
1	6
0	3
0	14
2	17
0	11
0	273
2	278
0	26
1	21
0	194
6	281
0	199
19	7620
20	7843
0	7630
11	7615
3	2065
2	3725
9	3092
0	0
0	0
0	0
0	0
0	0
0	0
0	0
0	0
0	0
0	0
0	0
0	2387
0	2339
0	1868
0	935
0	674
0	1796
21	624
0	1719
0	2088
0	426
0	729
0	2205
0	15288
1	8765
0	4915
224	4680
0	7828
0	13908
1	2075
0	12653
0	6149
1	9887
0	10405
0	10198
7	13860
0	11445
0	0
0	0
0	86
22	91
0	0
269	91
0	86
0	61
0	7
0	369
0	0
0	0
0	0
0	0
0	0
0	0
0	0
0	0
0	7659
0	7647
1	0
0	0
0	2
0	0
0	2
0	0
5	155
0	150
0	147
0	76
0	77
0	41
0	65
1	5
0	5
0	0
0	0
0	150
0	150
4	195
6	177
3	151
5	43
0	25
0	0
0	0
2	0
0	0
0	0
0	0
0	0
0	0
0	0
0	0
0	0
0	0
0	0
11	11
0	5
0	6
0	5
0	5
0	5
0	5
0	3
0	3
0	0
0	5
0	5
0	0
0	0
0	0
0	0
0	0
0	0
0	1
0	1
0	30
0	30
0	0
0	1
0	14
0	29
0	0
0	0
0	29
0	0
0	0
0	0
0	0
0	11
0	11
0	0
0	1
0	0
0	0
0	0
0	28
0	0
0	0
0	8
0	28
0	27
0	9
0	4
0	7
0	3
3	10
0	2
0	10
909	659
1	546
2	370
1	315
0	1
0	80
26	386
6	278
5	145
0	265
0	33
9	25
0	42
0	37
0	39
0	294
363	880
2	67
0	214
1	0
1	139
3	681
27	109
3	106
0	3
1	49
1	76
4	806
0	51
0	377
0	1
0	790
0	82
0	82
0	91
4	7731
0	7748
0	7756
0	1187
2	7390
5	7733
0	821
0	1544
15	0
19	4769
0	339
0	486
2	982
0	1043
0	74
0	32
0	195
0	102
0	968
0	992
3	60
3	149
0	1014
0	99
0	969
0	99
0	311
0	1014
0	113
0	253
0	14
4	88
0	256
0	91
3	70
3	216
6	187
0	88
861	0
0	30
0	0
0	17
0	325
0	314
0	365
1	309
0	271
0	69
0	343
0	62
0	35
0	62
0	20
0	78
1	168
5	169
2	39
0	366
0	315
314	71
1	50
2	43
4	50
6	24
0	179
0	181
1	79
0	22
7	123
0	370
0	98
0	144
0	178
1	60
0	117
33	151
6	1
0	181
0	286
0	1556
3	1493
1	466
1	466
16	292
0	1545
0	47
0	49
0	42
0	8
0	2
0	2
0	4
2	4
0	0
0	0
0	0
2	0
0	0
0	2
895	35
0	3
0	32
11	11
2	8
0	9
212	191
0	189
0	73
0	18
1	1807
2	1794
1	410
0	74
0	60
0	50
0	44
0	47
0	148
0	46
1	0
0	62
0	82
0	83
0	42
0	24
4	16
0	86
0	98
0	55
2	62
2	38
0	12
0	146
0	130
0	138
0	154
0	121
107	154
0	51
0	3
0	2
0	36
3	17
7	4
0	8
0	8
0	25
0	2
554	1463
1	62
2	111
17	1290
0	0
0	0
0	0
0	0
0	0
0	0
0	0
0	0
0	0
0	0
0	0
0	0
0	0
0	0
0	0
0	0
0	0
0	0
10	1
494	233
0	19
0	17
1	213
0	0
0	2
0	51
0	48
0	44
0	36
0	3
0	7
18	32
2	74
205	98
0	76
1	96
0	1
0	6
284	1076
44	883
0	950
0	315
0	266
0	267
0	73
0	73
0	73
0	3
0	2
0	33
0	73
0	27
0	18
0	7
1	37
14	193
0	23
0	18
1	24
3	26
0	8
0	0
0	24
0	188
0	27
0	27
1	153
0	16
9	53
0	53
2	9
3	13
0	0
0	0
0	0
4	64
1	64
0	11
0	16
0	13
0	1
0	10
0	11
26	1125
2	1125
82	131
365	0
0	395
0	26
0	41
1	35
0	109
0	0
0	306
2	24
0	21
1	357
0	375
14	972
14	1048
0	2016
9	94
0	2187
0	1030
92	135
1	124
0	124
1	124
0	45
3	20
0	0
0	0
0	0
0	0
145	30
0	10
4	19
0	8
3	2
2	15
0	31
0	62
0	82
1	169
0	431
0	152
0	384
0	45
1	63
0	52
1	28
3	17
1	12
0	1
0	402
0	0
0	0
0	0
0	0
0	0
0	0
0	0
0	32
0	8
3	29
0	28
0	20
0	27
3	307
4	99
3	927
0	493
29	413
76	927
0	318
15	161
0	94
3	326
0	390
0	343
0	172
0	52
1	31
3	233
0	0
1	312
2	48
0	289
0	190
0	319
1	82
0	109
0	272
0	279
0	115
2	66
0	2
0	1
0	2
0	0
956	143
3	111
3	51
4	0
2	704
6	30
1	22
15	704
0	35
23	16
0	38
0	51
0	1
0	8
0	30
0	7
0	58
1	0
0	0
0	0
0	0
0	0
0	1
0	1
0	1
0	1
0	1
0	1
255	6
0	6
3	2486
0	2614
2	112
0	174
0	152
397	204
0	2600
3	459
0	394
0	138
7	41
23	272
0	250
21	185
72	423
0	226
52	1
11	131
0	218
0	101
1	196
0	114
0	181
0	22
0	156
2	129
0	21
0	112
0	118
0	111
0	136
0	20
2	7
2	297
28	289
0	270
4	8
218	735
121	735
0	40
0	166
2	216
61	902
0	755
2	130
2	186
0	199
37	274
1	107
0	184
0	178
0	38
0	160
1	108
6	0
106	801
0	610
1	776
0	69
0	82
0	68
0	42
0	516
0	0
2	76
1	56
14	181
24	181
1	84
142	23
0	85
6	110
0	78
0	1
0	0
0	0
0	0
0	0
0	0
0	0
0	0
0	0
0	34
0	145
0	259
0	28
0	151
0	237
0	257
18	137
0	0
0	151
1	163
0	74
0	20
2	17
0	6
0	3
27	8
1	36
0	60
19	114
0	22
21	109
0	1
0	91
0	0
505	0
0	0
1	0
1	0
0	0
0	238
0	67
270	242
0	244
0	17
0	1548
0	560
0	1555
0	585
0	666
0	37
0	36
0	1366
0	484
3	1125
0	1512
0	39
0	39
0	92
1	39
0	39
0	39
0	88
0	0
0	0
0	43
0	45
0	46
0	527
3	406
0	215
1	120
1	133
0	278
0	185
0	562
0	0
0	0
0	178
2	34
2	98
2	147
0	9
0	275
0	152
0	91
0	143
0	373
3	7
0	355
0	369
0	374
1	143
0	15
0	18
0	43
0	118
0	275
0	57
1	21
0	57
0	26
0	4
0	2
0	201
0	2
0	1
0	1
0	1
0	2
0	0
0	0
0	0
0	0
0	0
0	0
335	361
0	359
0	257
5	304
1	110
30	243
0	0
0	0
0	0
0	0
0	0
0	0
0	0
0	7
7	7
14	654
297	710
0	69
21	301
0	711
12	266
2	268
1	256
3	98
1	54
7	68
175	1082
104	1051
0	1078
4	64
1	1254
0	1262
0	96
0	1138
0	202
0	398
0	106
1	0
0	0
0	13
0	15
0	11
4	18
0	9
0	9
0	1
0	2
0	2
0	2
0	2
0	0
0	0
0	2
0	2
0	2
0	0
0	2
0	0
0	295
0	294
0	163
0	98
0	107
0	41
0	68
0	91
0	90
0	88
0	64
0	77
0	77
0	58
0	76
0	73
0	48
0	71
0	68
0	64
0	63
0	62
0	43
0	46
1	40
0	40
0	40
0	42
0	40
0	41
2	41
2	43
0	43
0	2
0	3
0	42
1	5
2	0
0	0
0	0
0	0
0	0
0	0
0	40
1	72
0	81
0	1170
0	511
5	53
2	503
0	1164
0	118
0	47
0	12
66	40
0	27
0	19
0	19
0	18
0	15
0	13
0	3
0	0
2	0
0	0
0	0
0	0
0	0
0	0
0	0
0	0
0	0
0	0
0	0
0	737
290	1347
2	327
0	623
0	602
74	573
3	985
2	902
0	492
0	423
0	237
56	350
1	322
1	330
0	32
2	198
130	54
0	167
0	114
3	116
1	23
2	3
2	704
0	1401
0	1190
0	1349
0	811
0	1135
0	729
241	465
34	249
0	359
17	495
1035	0
3	5
8	345
1	327
32	244
0	15
0	101
0	15
0	15
0	10
0	5
1	0
24	212
0	146
1	212
0	11
745	0
26	0
27	19
2	179
0	531
0	599
2	386
0	449
9	532
0	430
0	414
0	395
27	468
0	312
0	250
0	227
0	230
13	60
1	78
0	38
1	28
0	26
3	56
0	75
0	62
0	36
1	55
0	48
0	79
0	44
0	530
0	555
0	0
0	0
0	0
0	0
0	0
2	31
60	31
4	31
0	29
1	6
0	16
5	16
1	5
0	5
0	0
0	434
139	434
0	401
0	653
4	71
1	16
0	34
1	29
0	81
3	68
5	335
14	659
0	429
37	0
0	516
32	516
0	613
0	504
0	504
16	376
0	0
0	380
0	444
0	510
117	2724
1	2710
0	2161
0	1
0	205
0	2068
0	2313
0	2688
0	2317
0	403
0	2246
0	393
0	16
7	136
8	309
2	647
36	886
1	700
97	115
726	372
0	3
0	4
0	4
0	0
2	2
0	2236
3	240
4	2414
18	2058
0	2236
0	2357
0	2361
0	377
9	1760
0	186
0	1637
0	81
0	344
8	235
1	767
3	139
1	39
0	175
0	343
11	305
0	307
5	17
0	60
1	7
7	0
46	687
0	67
0	39
0	8
0	654
0	36
0	32
2	637
0	35
0	19
0	50
0	35
0	65
5	72
0	24
5	23
0	660
0	592
0	657
37	377
0	320
1	104
0	22
0	48
0	635
0	314
25	26
0	14
0	18
1	5
0	3
0	1
1	8
0	0
0	2
0	0
0	0
0	2
0	1
1	0
0	0
0	0
0	0
0	0
0	0
0	0
0	1
0	4
0	0
0	0
0	0
1	1
0	3
0	470
0	1500
0	1498
3	1496
1	1497
0	352
2	415
1	50
1	181
0	304
0	247
1	248
2	1
1	1751
0	4262
0	5361
0	5232
0	5278
4	5261
114	5348
1	5262
5	5264
0	5265
2	5153
2	5263
0	5159
4	1472
1	4390
8	2363
2	29
0	398
0	433
0	438
21	430
5	415
0	439
0	55
0	153
11	133
9	109
3	98
8	435
82	1064
208	1062
48	837
5	1614
3	313
0	183
4	307
0	620
0	335
0	76
3	102
5	89
0	137
0	156
23	46
6	1614
0	739
0	5132
5	4894
44	538
93	4973
1551	5231
3	4738
16	1014
0	256
0	2618
0	1425
49	231
0	1270
11	841
0	1
0	1
0	1
0	1
0	0
0	0
0	0
2	11
0	4
1	9
0	29
0	20
11	29
1	4
1	0
0	5
3	37
8	63
1	68
0	3
0	8
0	6
7	3
0	7
0	4
0	2
0	20
204	192
1	19
0	20
0	1
0	0
0	8
0	5
0	15
0	4
0	17
1	129
0	0
0	0
0	0
0	0
0	0
0	0
0	0
0	0
0	0
0	0
0	0
0	0
1	0
0	175
0	152
3	22
1	180
0	92
2	81
25	92
20	13
0	13
5	840
18	837
10	809
20	327
0	89
0	199
7	154
19	49
6	224
3	217
16	10
0	1133
816	251
0	83
1	132
2	62
0	36
0	54
0	40
0	51
0	12
0	2
1	0
0	1
0	11
0	14
94	16
0	8
3	12
0	7
0	10
2	2
0	2
0	7
0	12
3	1
0	0
2	5
1	12
3	1541
0	298
9	286
0	10
14	29
1	25
0	14
0	1538
0	91
4	1303
0	1272
0	671
12	829
0	201
0	264
0	141
0	183
0	259
0	240
0	204
0	125
0	125
4	0
6	267
0	256
0	21
0	11
0	42
0	31
0	208
0	1603
0	1477
0	1181
0	1585
0	1580
9	591
0	1191
2	1527
1	1441
0	1500
5	1018
0	552
0	753
0	28
0	2
0	102
0	37
5	90
0	115
0	143
0	143
0	158
1	41
0	128
0	118
1	162
0	135
0	112
0	100
0	110
0	172
0	45
0	36
3	108
0	47
0	38
0	70
1	55
0	136
0	82
0	59
0	98
6	93
0	100
0	104
1	79
1	92
0	81
0	80
0	46
0	51
0	46
0	7
2	4
0	1
4	5
0	1502
265	327
0	327
0	1
0	1
0	0
0	0
0	0
0	0
0	0
0	0
0	0
0	0
0	0
0	0
0	0
0	0
0	0
0	0
0	0
0	0
0	0
0	0
0	343
0	162
0	97
0	244
0	1105
0	234
0	1021
0	238
0	257
0	229
16	298
22	540
2	13
0	13
0	3
0	0
0	0
63	1946
0	970
0	191
0	87
0	73
0	73
0	692
284	554
0	302
0	536
2	23
0	444
0	432
0	446
0	429
0	428
0	447
2	86
0	39
0	53
0	98
2	26
2	59
0	10
306	80
4	89
0	59
0	34
1	24
0	0
0	0
0	0
0	0
0	0
0	0
1	27
10	33
1	6
1	28
0	23
10	23
0	13
0	12
0	13
0	3
4	12
0	1
0	5
0	0
0	1
0	1
0	1
0	0
0	0
0	253
0	50
7	253
0	875
628	895
0	458
0	815
3	26
0	34
3	33
4	8
0	4
8	5
1	8
2	6
2	0
0	1
0	1076
0	1091
1	267
0	129
3	1076
0	1001
12	440
0	250
118	238
0	300
0	157
1	192
0	190
0	198
0	6
1	23
0	29
0	50
0	177
216	55
0	6
0	6
0	42
0	27
0	30
40	103
1	15
0	77
2	18
0	43
4	10
0	3
0	6
334	0
8	6
0	461
6	214
0	546
2	338
1	349
0	360
2	419
0	308
2	326
0	295
0	385
0	258
1	163
2	44
0	206
4	161
0	1268
4	33
0	199
7	1315
1	31
0	31
555	0
0	2048
91	1212
0	1490
8	283
0	1068
6	417
1	159
0	981
0	861
0	110
14	875
1	657
0	333
0	96
0	70
0	216
0	220
0	160
0	0
0	250
0	417
15	449
0	181
5	66
0	354
0	407
4	311
0	371
0	365
0	331
1	333
4	334
0	328
41	327
1	297
0	168
0	255
4	233
0	228
11	235
0	127
6	0
43	8
0	1906
11	709
89	708
0	356
12	41
0	629
0	348
0	594
1	194
9	144
0	144
0	121
2	212
0	503
2	79
0	36
1	91
0	32
0	100
6	358
0	355
2	315
5	273
0	4
0	178
0	169
2	52
0	119
0	109
6	73
5	60
0	1
0	1250
0	1244
0	1214
0	43
4	111
0	43
0	40
4	45
4	96
0	17
1	55
0	74
0	642
0	28
0	44
0	4
0	45
2	209
2	1
0	100
2	75
4	41
0	1087
0	1078
0	32
11	137
0	130
0	58
0	55
0	53
1	30
0	11
0	8
0	20
0	18
0	5
0	0
0	0
2	0
0	0
0	0
1	0
2	0
1	0
1	461
4	461
2	13
9	17
0	3
82	139
0	17
0	154
3	7
0	29
0	37
2	8
0	141
307	142
2	69
0	117
0	110
1	51
5	39
0	84
0	81
17	88
253	208
0	195
0	51
0	70
11	17
0	6
9	1817
304	2902
0	2911
16	988
0	1817
0	1756
13	1817
30	1246
0	0
0	0
0	0
0	39
404	170
0	106
2	3
4	64
0	0
0	0
0	0
0	0
0	0
0	0
0	0
595	2092
0	2034
1	71
2	232
1	30
1	33
0	461
0	23
0	183
1	451
0	489
0	178
3	177
0	61
2	12
4	0
0	114
0	0
0	0
1	4
0	4
0	24
7	24
0	14
0	23
0	2
0	19
0	8
11	1
3	17
0	4
0	4
0	4
0	4
0	4
0	4
0	2
0	3
0	2
0	2
0	0
0	0
0	0
0	0
0	0
0	0
3	0
83	630
52	587
1	28
2	76
0	390
0	128
0	112
14	96
0	91
0	93
1	85
0	71
0	91
0	69
0	20
0	14
0	75
0	65
0	55
0	56
0	56
0	36
2	3
0	15
0	62
49	1466
0	70
0	66
0	110
0	70
0	11
2	4
0	0
0	13
18	1453
4	109
1	95
0	94
0	93
1	23
1	72
1	67
0	56
0	13
2	18
0	18
0	17
0	15
1	13
26	2
0	6
0	6
1	5
1	10
0	337
0	771
0	43
1	387
0	36
0	4
0	43
0	51
7	330
0	39
0	31
0	793
0	786
0	788
0	132
0	132
1458	132
0	1099
0	189
0	179
0	1160
0	1094
0	1184
0	31
41	1173
0	318
0	1163
6	1075
2	1060
0	1007
2	1139
0	9
0	9
0	9
0	7
0	1
0	8
1	7
0	0
2	8
0	0
0	0
0	0
0	1
0	0
0	3
0	1
0	0
0	8
0	7
0	9
0	7
1	4
0	42
3	89
0	94
0	94
0	0
0	0
0	0
0	1
0	5
0	8
0	4
1	5
0	2
0	18
1	19
0	18
0	8
0	12
0	15
4	14
0	6
1	5
1	23
0	307
1	309
0	306
0	49
4	34
0	40
0	109
0	0
0	0
0	0
0	4
2	26
0	27
0	31
0	9
0	20
1	2
0	8
0	2
0	0
0	0
0	0
0	0
0	0
0	1611
7	826
3	614
0	870
3	571
2	0
1	1388
0	978
0	1386
2	250
1	392
1	42
13	391
1614	499
1	38
0	34
1	399
0	200
0	234
0	76
0	62
0	11
0	37
0	0
0	305
0	384
308	133
47	26
0	13
1	13
2	1802
5	240
0	291
0	256
0	411
0	1631
9	308
2	138
1	81
0	0
0	325
0	115
0	41
0	616
0	604
0	615
0	63
2	157
0	609
0	203
0	62
2	91
0	56
0	610
0	210
1	104
0	612
1	534
1	64
0	195
8	45
20	159
1	64
0	116
0	117
1	33
0	115
0	114
0	966
18	378
0	590
0	664
0	517
3	614
0	412
0	210
1	318
52	730
0	577
0	481
0	677
0	255
0	627
141	8
0	6
0	2
0	0
0	0
0	0
0	0
0	0
0	0
0	0
15	2138
4	132
2	2002
0	2151
0	56
0	2092
0	97
0	90
0	2145
1	515
0	529
6	480
0	41
1	0
0	152
6	57
0	123
0	143
0	1
0	8
0	64
0	152
0	67
6	343
1	147
1	24
0	163
0	28
0	16
0	30
0	226
0	40
0	342
69	0
26	0
1	117
2	898
0	604
0	869
0	447
105	748
17	125
0	68
0	122
1	23
0	22
0	2
0	21
0	1
0	0
1	2
0	1
1	56
0	58
0	63
0	6
0	55
0	3
0	93
1	38
15	183
1	183
0	324
30	330
0	268
0	9
0	41
0	7
0	325
0	171
3	18
0	26
1	11
812	0
9	0
0	2
23	32
0	32
0	20
0	18
0	18
0	7
0	4
0	5
0	5
0	4
0	2
0	1
3	6
38	311
1	293
14	398
0	0
1	316
13	35
0	220
1	108
8	206
0	223
0	221
0	88
0	31
3	156
34	214
9	144
8	53
7	212
0	27
1	42
72	318
0	10
0	80
0	34
0	69
0	310
0	30
0	42
0	86
0	33
0	88
0	7
0	90
0	49
0	44
3	76
0	69
0	29
0	74
0	0
4	81
0	0
0	0
0	0
0	0
0	1
0	0
0	0
0	0
0	0
0	0
0	565
162	565
0	457
0	454
1	42
16	139
5	96
22	241
0	104
0	37
0	9
10	298
0	314
0	811
0	847
0	792
2	48
0	121
2	117
2	117
0	829
0	2360
3	1105
2	1125
0	1818
3	1939
2	637
4	1148
7	252
120	435
0	435
0	106
0	200
0	88
1	68
0	58
0	35
0	90
0	99
0	112
0	112
0	21
0	37
0	112
0	92
0	69
0	112
0	21
0	4
0	31
1	75
8	76
0	107
32	45
1	90
0	40
0	84
11	151
89	1568
0	29
0	1530
0	252
5	239
0	485
7	719
2	973
7	256
51	879
11	514
16	367
0	679
0	118
0	83
15	225
2	113
0	107
0	255
26	61
0	97
1	59
0	94
0	249
0	371
0	444
0	13139
15	1966
0	13194
68	3502
71	9421
7	10515
61	11929
0	11888
5	9553
0	7452
0	8181
0	8284
2	8788
0	9583
36	6116
0	7270
1	5119
0	5979
0	6117
0	3107
0	3244
0	3773
0	2612
0	2249
0	2276
0	121
0	13163
0	125
12	133
0	149
0	144
0	121
0	183
0	156
4	117
0	48
0	525
0	560
4	28
0	551
0	11
32	416
3	82
7	38
11	14
0	3
96	133
0	0
1	224
3	1834
0	1759
2	155
1	178
0	377
5	271
0	0
0	4789
0	5010
0	4581
0	4810
0	2810
0	4578
0	935
1	438
2	1671
0	1807
0	438
2	414
3	153
0	0
0	0
0	0
1	1597
39	1613
0	1539
4	735
53	1124
7	453
1	1558
0	8
0	7
2	8
0	1
0	0
0	0
0	0
0	1169
0	0
0	0
0	0
83	511
55	147
0	514
2	310
0	6
96	171
0	168
1	143
0	66
0	34
0	15
0	10
0	0
1	0
4	531
0	556
0	98
18	68
1	69
0	53
4	427
6	335
1	330
0	319
0	226
0	228
2	199
0	128
5	126
0	75
57	131
0	39
3	92
0	450
0	473
0	159
16	93
2	326
9	328
0	389
0	151
0	335
0	458
0	458
0	1899
2	1720
0	370
0	4
0	4
0	4
0	0
0	216
0	99
0	112
0	103
0	22
3	14
0	216
456	2
1	967
138	466
0	797
2	475
1	13
14	813
8	767
0	370
0	0
0	0
1	695
37	695
1	639
0	1
3	1
4	0
0	470
0	523
0	475
0	478
17	429
0	510
1	482
0	544
0	6
1	25
0	60
0	475
1	461
0	43
0	30
2	85
0	12
0	434
0	41
0	349
14	296
0	233
0	100
3	46
0	17
0	13
0	2385
8	2034
10	2310
0	811
5	272
0	139
2	250
0	93
4	242
8	127
1	14
0	2203
1	2120
0	5
0	562
0	28
0	492
0	68
0	551
0	490
0	560
14	50
0	72
0	0
0	0
0	0
0	0
0	0
6	285
5	375
15	411
0	0
11	357
416	466
4	445
0	449
0	416
1	13
1	4
0	10
0	10
0	5
0	4
0	400
0	400
11	400
0	101
0	74
0	98
0	104
0	73
0	102
0	84
0	353
0	353
0	353
0	353
0	353
0	0
0	0
0	0
0	0
0	0
0	0
0	0
0	0
0	9209
0	9194
327	3839
0	2011
0	31
1	25
1	26
0	51
0	48
0	40
0	4
5	27
0	4
0	41
0	5
0	6
0	8
0	9
0	15
0	12
0	10
0	6
0	8
0	8
0	122
2	89
1	122
3	11
13	0
6	20
3	3
31	20
9	13
0	27
2	71
0	124
0	133
0	60
0	21
0	153
1	60
0	115
0	50
0	128
0	126
0	10
0	35
1	27
1	41
1	19
1	121
0	0
0	4
0	4
0	1
0	4
0	3
0	3
0	3
0	2
0	1
0	0
0	0
0	0
0	0
0	0
0	0
0	0
0	0
0	0
2	85
0	74
0	10
0	80
0	74
1	55
0	79
0	74
0	21
0	85
0	13
7	72
0	73
0	87
0	76
0	17
1	10
7	31
44	19
0	16
0	6
1	7
316	105
1	41
0	5
0	1
0	1
0	1
0	14
0	40
0	500
0	432
0	496
0	46
0	89
0	94
2	383
0	400
0	444
0	55
2	41
0	280
0	19
6	213
0	49
0	205
0	248
0	193
0	132
0	139
0	130
0	91
0	39
0	13
0	1359
0	1
0	13
0	13
0	1
0	12
0	3
2	0
0	0
0	0
0	0
0	0
0	0
0	0
0	0
0	0
0	0
0	0
0	0
0	0
0	785
0	783
0	809
0	805
0	51
21	812
0	33
0	782
4	50
0	146
0	89
0	118
0	12
0	245
0	185
0	165
8	99
0	33
0	155
98	274
0	273
0	109
0	271
0	724
0	712
0	529
20	472
1	65
0	77
2	49
3	60
0	44
1	66
0	46
0	126
0	69
0	68
0	95
1	53
1	49
0	49
1	69
0	57
1	37
0	45
0	45
0	21
0	37
0	25
1	1
29	7
0	7
0	0
0	0
0	0
1238	1161
1	1016
13	443
1	168
2	214
0	82
17	86
0	77
0	77
0	62
0	6
0	31
0	45
0	30
0	17
0	39
0	40
0	22
0	22
0	10
4	9
1	82
0	140
87	658
2	241
0	640
4	341
9	227
0	18
0	225
0	166
0	211
1	188
0	436
0	109
1	149
0	156
27	251
0	430
0	426
0	0
0	0
0	6
0	0
0	0
0	6
0	0
0	0
0	6
0	1
0	2
0	4
0	876
2	686
0	855
1	877
0	32
0	821
0	860
0	48
0	24
11	23
0	816
0	265
0	0
5	222
0	1
0	1
0	0
0	1
0	0
12	466
0	85
0	65
3	84
0	399
0	118
1	0
0	0
0	0
0	0
824	257
1	65
0	201
4	14
1	0
1428	5830
2	5830
1	2
0	1
0	2
0	1
1	0
86	1728
0	1705
0	1653
2	135
2	63
0	84
0	104
0	83
0	77
7	90
0	69
0	53
1	50
0	46
1	12
3103	2110
0	22
3	49
4	55
0	3
0	477
106	477
1	249
2	57
0	249
0	82
0	61
0	57
0	98
0	60
0	249
0	74
4	7
1	17
0	10
0	37
0	8
0	0
0	50
0	5
0	23
0	5
0	0
0	22
0	10
23	0
2	155
0	711
0	833
0	855
0	825
0	147
1	174
2	260
0	644
5	43
4	462
0	302
2	269
1	151
0	143
0	711
0	1
0	1
0	0
3631	3303
5	2946
0	2679
0	2777
3	1526
2	977
3	54
0	216
0	179
0	123
0	69
0	179
0	84
16	84
0	41
2	32
0	0
301	404
4	39
15	367
538	795
0	773
0	679
1	534
3	434
0	65
0	129
1	29
0	683
0	750
0	651
0	744
0	760
0	773
3	745
0	792
0	748
3	735
46	725
0	649
0	727
6	545
2	719
1	50
30	664
1	3
3	634
0	61
0	80
0	0
0	0
0	0
0	0
0	0
0	0
0	0
0	0
9	0
210	1121
0	30
3	32
2	50
0	953
0	124
0	37
0	0
0	607
0	590
6	599
0	599
0	629
0	584
0	62
1	229
0	202
1	196
0	120
0	91
0	116
0	73
0	112
0	71
0	2
0	12
1	10
1	24
1711	263
0	2
2	96
0	147
5	109
0	43
0	87
14	78
0	5
2	73
1	51
0	2540
0	436
0	1513
2	305
0	154
0	1461
1	1455
1	139
0	104
0	79
4	1318
0	247
0	137
0	136
0	388
0	204
8	78
5	25
0	0
3	345
0	24
0	164
0	221
0	166
2	486
0	207
0	248
2	2340
0	170
0	7
0	49
1	43
0	124
0	29
1	149
0	178
0	178
0	15
5	214
0	219
0	213
0	213
0	14
2	156
0	2271
0	1437
1	157
1	50
4	1530
2	134
8	1818
4	0
0	133
0	133
291	339
2	28
3	6
0	329
3	232
1	31
0	0
8	31
0	1
0	5
0	9
0	5
0	0
0	1
0	1
0	1
0	1
0	1
0	1
0	1
0	1
0	1
0	0
0	1
0	2
0	10
0	150
0	22
1	3
1	12
0	134
0	20
3	453
0	31
0	624
0	60
0	627
0	626
0	183
0	589
0	399
0	20
0	30
0	4
1	70
0	33
0	135
0	125
0	129
0	145
0	136
0	126
19	308
0	91
0	80
0	272
2	48
0	30
0	17
25	467
0	467
0	1095
0	929
0	991
0	1033
0	981
3	1025
0	969
0	806
15	1048
0	1033
0	188
0	606
0	450
0	223
0	155
0	235
0	636
0	152
6	795
2	17
0	6
0	15
1	14
0	9
0	68
0	77
0	10
0	13
398	88
0	215
8	560
0	140
10	502
0	242
0	564
0	476
0	525
44	1160
0	1060
0	169
17	383
2	22
0	901
0	14
0	117
0	110
0	39
0	24
0	52
0	30
0	30
28	67
2	61
0	20
0	95
0	123
2	18
0	95
0	68
0	22
0	22
0	27
1	8
0	21
0	109
32	134
0	25
1	131
2	8
0	5
0	3
0	0
0	0
0	3
0	1
0	1
0	0
10	110
0	99
2	232
0	190
0	98
0	107
3	4
13	143
0	473
0	109
1	26
0	55
0	198
2	144
0	124
0	78
0	76
0	63
6	75
0	56
0	455
3	504
5	504
1	110
0	139
0	46
1	156
1	112
0	69
0	71
9	18
0	0
0	0
0	0
3	27
1	27
0	0
0	0
0	0
0	0
0	122
33	381
0	186
0	98
0	174
0	212
0	170
0	374
2	114
0	121
0	117
0	196
0	270
0	164
50	59
0	246
0	95
0	233
0	91
0	206
1	372
0	24
0	80
0	134
0	23
0	23
42	6
1	6
112	504
0	60
0	176
2	90
2	320
0	23
0	2
0	0
0	0
0	0
0	2
0	0
0	0
0	0
0	0
0	0
0	83
0	526
0	887
0	92
0	1026
0	1
0	1023
15	826
1	35
0	1009
0	204
0	131
376	0
322	1945
6	160
228	1753
24	281
960	112
0	99
0	22
0	13
18	913
139	231
1	215
0	210
1	27
0	39
0	8
0	51
2	17
0	22
0	22
0	8
3	9
1	22
0	21
0	9
765	0
0	600
153	203
1	75
6	49
0	13
2	11
0	79
0	79
2	11
0	19
0	13
1	79
1	13
0	44
0	0
43	62
7	18
2	39
9	55
4	59
74	8
0	7
0	7
5	0
0	365
5	72
612	176
0	15
0	89
0	0
0	0
0	492
2	194
0	420
0	396
0	340
0	365
0	80
0	258
0	365
0	358
0	366
43	214
0	244
0	288
0	377
0	280
0	193
0	198
0	237
2	99
0	264
1	194
0	103
0	131
0	97
0	148
0	120
0	124
0	98
0	96
1	100
0	82
0	6
0	131
0	131
0	131
0	60
0	56
0	7
0	0
0	0
0	3
0	10
0	9
0	0
5	127
0	331
0	331
28	41
0	60
0	63
0	191
5	5
21	5
0	0
0	0
0	378
0	315
0	246
3	316
8	2
18	126
0	369
0	237
0	318
0	87
1	316
1	0
0	3
0	1
0	2
0	2
0	3
0	2
0	3
0	3
0	2
0	3
0	3
0	3
0	3
0	2
0	2
0	3
0	3
0	3
0	2
0	1
0	1
0	168
9	221
0	115
11	55
0	37
0	24
0	29
2	161
5	134
0	96
0	103
0	8
0	15
0	0
4	92
3	157
0	147
0	188
0	115
0	157
1	65
0	96
4	25
1	13
228	151
0	100
0	142
0	20
0	10
0	5
0	2
0	5
1	4
0	6
0	5
0	5
0	5
0	4
0	1
0	2
0	1
4	990
0	906
0	906
0	406
9	163
0	157
0	89
0	110
0	154
0	5
0	5
0	1286
0	1432
0	1115
0	1270
0	1240
0	223
0	420
2	257
0	420
0	321
4	87
1	204
12	103
0	406
0	404
2	353
0	308
0	340
9	372
0	279
0	261
0	250
0	221
0	284
0	187
0	66
1	138
0	108
0	1206
25	287
0	287
0	21
171	314
4	276
0	215
59	195
2	58
15	0
0	0
0	1
0	268
0	0
1	171
20	280
0	13
0	0
0	15
0	16
10	16
0	25
3	25
0	25
0	14
0	14
0	2
0	3
0	3
0	0
0	30
117	211
1	29
0	115
1	96
0	93
0	503
0	2
0	30
0	21
0	19
0	1228
5	428
24	429
20	639
5	1186
23	1213
0	1175
0	0
0	0
0	0
0	0
0	0
15	33
39	372
0	31
0	30
4	334
0	266
0	104
0	17
0	11
4	1
0	0
41	1354
0	974
0	1347
0	5
29	72
2	23
0	32
4	33
6	38
0	0
0	0
0	0
1	1
0	1
5	0
0	0
2	191
4	1441
5	2070
39	16
0	404
0	2042
0	1993
1	164
1	481
2	202
0	15
0	248
88	86
170	1
0	267
0	263
0	267
3	48
0	7
0	6
0	0
0	0
0	1
0	0
0	0
0	0
0	1
0	0
2	113
191	113
218	145
3	120
2	39
0	0
0	83
0	0
0	0
0	0
0	0
19	469
0	68
0	47
0	52
0	409
0	498
0	66
3	450
0	419
1	77
0	67
0	56
0	54
0	99
0	91
0	66
0	66
0	90
0	3
243	0
6	1108
0	1096
0	1108
3	1108
0	1090
1	1077
0	69
0	1078
1	157
0	5
19	723
0	818
0	760
2	692
0	383
4	175
1	67
0	299
1	103
6	654
1	18
1	462
0	642
0	35
14	639
0	145
11	129
0	34
1	183
24	226
0	60
0	147
1	12
0	0
0	158
0	23
1	45
0	5
0	12
0	12
0	0
44	321
0	317
0	4
0	328
16	3498
0	3523
0	227
0	3531
0	37
0	29
1	110
0	209
0	38
0	3550
0	183
0	235
0	0
3276	173
1	33
4	138
1	166
2	177
9	171
5	560
0	411
1	468
0	343
0	442
0	247
2	325
1	165
1	120
5	98
0	480
62	271
0	384
5	379
0	265
0	293
0	277
4	233
0	68
0	112
1	112
0	81
5	184
0	0
0	14330
0	14424
29	4559
162	2420
25	7787
0	10121
1	10031
16	1560
2	4141
0	9054
0	14349
0	12501
0	16259
0	2605
1	11714
80	14384
0	10578
12	8957
26	8945
0	8149
163	7875
38	6857
0	2186
0	7984
0	5652
0	5970
1	94
0	6590
4	5179
25	6569
0	4754
0	6585
0	1217
0	1229
0	6567
0	666
0	954
0	956
0	979
28	102
0	84
0	280
0	232
0	85
1	17
744	203
0	181
0	141
0	28
0	3
0	3
0	2
0	2
1	0
0	2
208	1104
2	1052
1	64
1	713
3	62
6	226
2	89
1	43
2	12
53	146
0	12
0	15
0	24
16	135
0	0
0	372
0	393
0	388
0	374
0	391
0	393
0	388
0	380
0	68
0	12
0	20
1	62
0	213
2	32
0	168
7	26
1	11
6	26
0	17
1	19
1	15
0	9
0	10
0	5
1	380
0	14
0	384
0	12
1	350
0	35
1	33
0	2
0	527
1	137
0	975
0	84
244	980
0	14
0	48
2	31
0	48
4	108
0	77
0	450
13	444
0	450
2	424
15	6
1	6
1	25
0	27
1	28
0	25
0	28
0	28
5	17
0	80
0	476
0	589
202	782
1	182
1	485
0	546
0	426
0	47
0	958
0	1232
0	1230
0	61
0	413
0	194
112	2652
1	350
0	399
0	686
0	1567
1	259
3	147
37	1437
0	152
0	152
4	23
0	147
0	20
2	1011
0	1461
0	615
0	444
0	1118
0	1406
0	1260
4	650
0	774
0	1373
0	1281
0	651
0	638
4	112
0	797
0	314
0	1242
0	1311
0	713
0	11
0	28
0	3
0	3
0	1
0	25
0	24
156	643
0	35
1	509
0	23
1	206
2	45
3	574
7	55
0	54
0	11
13	39
0	52
0	48
0	40
0	75
0	27
0	0
0	0
0	0
0	0
0	1
0	1
0	0
1	0
0	0
0	0
0	0
0	0
0	43
2	100
8	110
0	60
0	21
0	47
0	1
0	55
0	43
0	132
8	773
2	71
165	773
0	147
2	211
0	243
11	117
0	220
1	15
1	13
0	16
0	11
0	9
2	2
196	2338
0	828
13	121
0	401
48	1439
4	157
0	1
157	687
0	540
0	220
0	140
0	91
0	59
0	46
0	687
3	4
0	4
0	49
0	321
1	104
1	196
0	4
2	204
629	66
0	15
4	51
0	0
0	0
0	0
9	5875
2	4394
0	4618
28	4295
18	2609
334	5172
0	2948
1	3450
0	2
0	2
1	0
0	0
0	0
0	0
0	1589
3	2396
46	2348
7	1858
0	471
1	45
18	241
1	230
0	394
3	128
0	211
0	236
8	61
0	214
0	87
0	3
2	4
1	2
1	17
0	0
0	18
0	2
0	15
0	0
0	11
0	5
0	2
0	2
0	17
0	15
0	17
5	15
0	6
2	3
0	5
0	8
1	5
0	0
1	0
0	3
0	0
0	0
0	1
0	0
0	0
0	1
0	1
0	3
0	2
0	2
0	0
0	0
0	0
0	0
9	93
0	123
1	0
0	2288
0	2235
0	149
0	200
0	2287
0	148
0	154
1	2237
0	2289
0	212
0	231
1	25
3	218
7	51
48	1186
3	160
0	77
9	274
200	165
0	165
9	59
0	455
0	480
14	458
0	436
1	404
0	80
8	104
3	45
0	40
0	51
4	35
0	32
0	23
10	34
1	1777
67	2357
2	349
0	628
21	0
0	387
2	313
1	229
0	1042
0	33
0	37
108	613
3	130
0	207
1	611
1	278
0	114
0	41
0	38
0	86
0	151
0	27
16	0
0	1
0	0
0	0
0	1
0	0
0	0
0	0
0	0
0	0
0	0
0	0
0	0
0	1
0	0
0	0
113	142
0	140
0	1263
0	184
0	197
0	13
0	12
0	13
0	295
44	32
3	70
9	349
1	243
0	323
2	35
5	37
0	189
17	1354
3	823
0	29
0	28
1	23
0	11
0	11
0	29
0	42
0	25
4	528
0	22
1	79
1421	496
0	469
0	461
0	39
0	48
0	17
0	17
0	38
2	13
0	0
0	270
5	251
0	241
0	84
7	208
1	170
0	180
0	32
0	20
0	20
0	8
0	17
0	7
0	258
0	231
883	0
0	0
0	119
0	417
0	35
0	433
0	405
0	27
0	412
0	402
0	422
0	168
0	32
38	445
0	54
0	421
0	108
0	38
870	0
1	4151
0	4249
0	2395
12	682
0	739
3	459
4	886
11	500
0	369
0	150
0	439
0	75
2	234
0	138
84	480
2	212
0	52
0	13
0	0
1	0
0	179
1	1814
8	1164
0	1041
1	122
0	3
0	727
0	33
0	205
0	1644
2	1634
0	0
0	0
0	0
0	0
0	2
0	2
0	0
20	377
0	416
0	351
8	226
0	225
0	69
20	0
0	0
0	184
0	184
0	186
63	555
52	597
1	146
1	192
6	1
7	1
6	1
6	177
3	191
0	26
0	2540
10	2512
0	2547
0	2566
0	2540
3	1280
0	120
4	5
1	3
817	3
1198	12
1	12
0	2
2	0
0	3
1	0
0	0
0	0
0	0
0	0
0	0
0	0
74	224
0	111
0	223
1	1151
0	873
5	1373
0	449
4	98
3	395
0	557
0	525
15	119
0	113
1	438
0	585
0	476
14	91
22	780
0	217
0	531
0	202
0	42
15	0
91	0
0	0
5	0
0	660
2	637
2	384
0	46
8	69
6	90
2	9
0	59
4	407
0	534
17	253
0	393
0	12
0	6
0	11
0	6
0	6
1	9
0	7
0	1
2	593
113	700
17	409
0	68
0	27
1	89
1	18
6	3
0	1
0	4
0	4
0	1
0	4
0	3
0	3
0	3
0	0
0	0
0	4
0	123
0	124
0	130
0	172
0	280
1	34
0	84
1	255
1	88
0	63
3	55
0	196
2	51
0	8
1	9
6	5
0	0
0	0
0	0
0	0
0	0
0	0
0	0
0	174
0	335
0	75
1	40
0	54
0	42
0	67
0	42
0	118
0	111
21	301
0	334
6	42
0	213
0	0
2	0
0	0
0	9
0	10
69	91
0	2
0	4
0	5
0	10
0	91
1	73
0	22
0	8
23	64
0	5
0	3
23	64
0	0
0	0
0	392
0	406
0	105
3	71
1	44
0	46
0	46
0	19
0	7
0	16
0	0
0	0
0	0
0	0
0	0
0	87
0	81
0	52
0	50
0	17
0	6
0	0
2	1
0	0
0	6
0	6
0	1
0	0
0	1
0	5
0	3
0	0
0	1
0	0
0	0
0	0
1	4
0	0
0	0
0	0
0	0
0	0
0	0
0	0
0	0
0	0
0	6
6	19
0	5
0	2
0	2
0	2
0	0
0	0
766	354
1	134
0	314
2	55
30	59
3	131
20	56
0	0
15	143
0	136
0	62
7	55
121	1
0	1
431	0
0	0
0	0
0	0
0	0
1072	0
1	975
98	985
0	101
2	101
9	810
1	164
0	105
8	2
0	814
0	810
0	810
0	0
0	0
0	0
0	0
0	0
0	0
0	0
0	0
0	0
0	0
0	0
0	0
0	0
0	0
0	0
0	0
0	0
0	0
0	0
0	0
0	0
60	0
1	81
0	204
121	389
10	26
0	53
9	80
1	158
0	0
0	81
4	2313
1	1095
0	2131
0	1733
0	7000
148	1976
9	2303
0	1732
0	1952
0	4509
1	4110
0	2021
0	6244
1	314
0	308
0	218
0	17
1	51
0	16
0	21
0	11
0	37
0	19
0	7
0	0
1	0
0	147
0	82
0	0
0	12
0	9
0	9
0	147
1	0
0	2
1	8
0	113
0	8
0	284
1	16
0	15
0	105
0	12
0	168
0	28
0	6
0	276
0	173
0	17
7	171
1	16
0	35
0	16
24	163
28	35
0	20
3	27
0	14
21	134
0	518
0	498
0	498
0	499
0	498
0	498
0	498
0	498
1	498
0	123
0	83
0	23
4	0
1043	571
0	140
6	571
1	128
2	232
0	193
0	128
9	23
1	104
0	1362
1	479
1	227
0	1364
0	362
0	364
0	365
0	365
0	159
10	379
0	155
84	292
6	379
0	243
0	49
0	28
3	1708
0	1
0	3
1	121
0	1680
0	531
0	98
24	46
13	42
0	67
5	211
5	24
0	750
0	0
0	0
30	0
0	1
0	1
0	1
0	1
1	1
0	0
0	0
0	0
0	0
0	0
0	0
0	56
0	144
0	712
0	0
0	0
0	0
0	0
1	0
0	0
2	14
0	188
11	21
0	12
0	179
0	213
0	171
0	20
0	195
0	166
3	20
0	195
0	19
0	25
0	22
0	31
0	16
0	22
0	4
0	179
2	80
1	28
2	950
0	41
0	80
0	981
0	85
0	98
0	474
0	587
1	131
0	549
13	770
0	89
8	731
0	0
1	2121
8	2116
0	2065
9	148
0	802
0	448
1	49
1	3
0	2101
1	1706
0	716
2	542
0	56
0	84
0	24
0	1685
0	1701
0	7
0	7
0	7
0	0
0	6
0	9
0	6
0	6
0	8
0	8
0	3
0	7
0	1
0	0
0	0
0	9
0	7
0	119
0	111
27	16
490	0
1	5
0	5
1	4
0	2
0	18
0	9
2	18
0	2
0	330
0	111
0	96
0	329
0	116
0	213
1	17
15	65
2	283
0	372
24	358
0	315
0	9
0	35
11	67
2	279
0	90
1	175
31	8
13	46
0	34
5	36
0	0
0	0
0	0
0	0
0	0
0	0
0	0
0	0
0	0
0	0
0	0
0	0
0	0
0	0
0	149
0	159
0	152
0	163
0	160
2	161
0	50
0	155
0	19
0	130
0	0
0	26
0	13
1	81
0	5
0	17
0	14
0	9
0	8
0	9
1	9
0	7
0	3
0	0
1	0
0	0
0	0
0	0
0	0
0	1
0	1
97	82
0	82
172	469
3	414
0	132
0	125
0	14
0	25
2	3
0	19
0	6
907	307
7	307
0	0
0	0
0	0
0	0
0	26
0	28
0	8
0	6
0	11
0	6
0	344
0	69
430	316
33	178
65	349
0	62
0	67
0	311
15	6
0	6
0	95
48	2924
0	152
0	2821
0	792
1	668
151	618
0	580
0	229
50	90
39	17
0	329
11	114
289	0
0	269
0	265
0	38
0	37
0	23
5	0
3	12
0	11
0	5
0	10
0	6
0	12
0	10
0	6
0	4
292	538
0	27
0	156
0	89
0	471
0	290
4	0
2	104
14	140
15	44
309	1
0	8
0	10
0	10
2	14
0	57
0	73
0	71
0	72
0	8
0	10
0	21
2	6
13	32
338	997
0	129
0	105
0	709
0	511
1	436
0	120
68	90
0	45
1	10
393	45
0	45
0	1
249	514
0	84
0	70
0	56
0	81
0	57
0	55
0	49
0	65
0	47
0	47
0	54
0	58
4	4
3	4
0	4
0	3
0	3
0	3
0	3
0	2
0	1
0	0
1	40
0	42
1	19
0	10
0	12
0	8
1	8
0	2
307	220
0	192
1	86
0	23
0	15
3	56
11	63
0	73
0	27
3	1
0	0
0	0
0	0
0	0
0	0
0	0
0	0
0	0
0	0
0	0
0	0
0	0
0	0
0	0
0	0
0	0
0	0
0	0
0	0
0	0
0	46
0	525
0	496
0	525
1	86
0	97
0	154
0	213
1	459
0	16
0	4
0	42
0	49
0	491
20	14
0	76
0	76
0	97
0	87
0	93
1	86
1	86
0	31
0	88
11	423
0	38
0	30
0	24
383	79
0	11
0	33
327	603
0	509
0	558
1	168
0	231
0	313
8	287
2	241
0	180
1	57
0	6
159	184
0	171
0	39
0	18
1	164
1	0
0	34
0	26
0	28
0	23
0	20
0	18
0	20
0	45
837	0
0	39
0	0
0	0
0	0
82	0
465	176
3	176
0	9
11	9
4	3
0	0
0	1344
0	1125
0	1289
0	1193
1	974
1	904
0	930
0	889
0	0
0	344
12	70
1	238
1	120
1	197
0	94
0	232
0	58
1	169
0	0
4	7
0	0
0	4
0	2
0	2
0	0
0	2
0	0
0	0
0	2
0	0
0	0
0	0
0	0
0	0
0	0
0	0
0	0
0	0
233	614
0	510
0	360
0	272
0	227
0	101
1	132
0	66
9	23
1	6
0	371
0	11
0	368
0	11
0	10
0	42
1	119
0	112
0	29
0	29
1	15
3	95
0	1707
0	1470
0	1263
1	181
0	1077
0	107
0	164
0	178
0	92
4	0
8	166
0	322
2	348
0	177
0	194
38	1123
9	1131
0	97
6	106
24	459
109	288
0	0
0	0
0	0
0	0
0	0
0	8
0	0
2	3
0	179
180	192
1	118
0	9
1	40
1	53
0	30
0	4
85	178
11	156
1	27
0	2
0	7
657	243
1	51
0	9
0	235
11	51
0	2
0	64
0	221
1855	3290
0	181
1	0
0	105
3	396
3	425
15	578
11	399
0	377
0	861
1	516
3	963
0	29
35	1278
2	748
0	296
0	132
0	46
0	46
0	46
0	44
0	0
0	0
1	12
0	6
0	0
0	0
0	6
0	7
0	6
0	6
0	7
0	6
0	4
0	4
0	3
0	3
0	3
0	3
0	2
0	1
0	1
0	0
0	1
0	1
0	2
0	1
0	1
0	2
0	1
0	1
0	1
0	1
0	1
0	2
0	0
0	0
0	0
0	0
0	0
0	0
0	0
0	0
0	1
0	0
0	0
0	0
0	0
0	0
0	0
0	0
0	0
0	0
0	2
0	1
0	0
0	1
0	0
0	0
0	0
0	1004
0	766
0	864
1	760
101	2125
3	2086
14	605
0	68
0	94
0	89
1	0
0	2097
0	85
0	224
3	89
0	1278
0	4
2	552
0	0
0	0
0	0
0	0
0	0
0	0
0	0
0	0
0	0
0	0
0	0
0	3
20	60
167	583
0	592
5	579
0	371
38	154
0	20
0	146
0	1
0	194
0	197
0	122
0	134
0	130
1	40
0	5
0	24
1	757
15	590
0	755
0	761
0	524
0	686
0	607
0	100
2	84
1	115
0	152
0	59
1	53
2	41
0	61
0	60
0	24
0	72
0	68
0	56
0	51
0	46
0	11
0	131
0	127
0	72
0	22
19	50
0	80
0	86
5	48
0	74
0	79
0	272
123	371
1	220
0	119
10	119
0	148
0	176
0	162
1	94
0	682
0	28
0	28
0	1
0	46
0	373
0	0
5	29
0	29
0	2
0	3
314	152
0	106
0	30
0	12
0	8
0	8
0	5
0	14
0	18
0	9
0	372
0	114
0	78
0	105
0	137
4	266
0	365
0	340
0	84
22	41
0	124
1	84
0	91
4	75
2	25
2	21
0	10
0	73
0	76
0	95
1	13
0	13
0	23
0	69
0	76
1	0
0	3
7	13
0	1111
0	54
0	13
0	54
0	375
2	12
0	373
0	555
0	73
0	521
1	40
0	74
0	64
0	60
0	0
0	56
0	482
0	153
0	77
0	78
0	1022
0	1012
289	32
224	321
0	196
0	247
0	1699
0	1700
0	1603
1	1685
0	1694
0	1475
0	1630
0	1582
0	1650
0	1612
0	1548
0	1606
0	1640
0	1512
0	1617
0	1625
0	1187
0	1618
0	1635
0	1658
1	1623
0	1659
0	1578
0	425
0	1649
0	1659
0	425
0	1546
1	1486
0	1534
0	1649
38	1641
0	1542
0	1659
0	1570
0	72
7	1084
0	94
0	203
0	45
0	773
1	43
4	1384
1056	1384
314	0
2	0
0	22
0	304
108	350
0	314
22	177
91	134
0	7
8	24
0	119
60	8
0	20
0	58
0	18
0	16
0	2
1	2
0	3
0	58
0	31
0	316
0	342
0	111
0	214
0	7
0	36
0	17
0	27
0	10
0	245
0	59
0	28
0	33
0	52
0	15
0	38
0	0
0	0
0	1
0	1
3	3509
1	3371
1	3473
0	24
34	154
0	130
0	52
2	0
83	653
0	643
4	635
0	41
6	11
0	336
0	26
0	215
0	0
0	0
6	164
0	199
0	88
5	85
0	87
24	115
2	110
2	110
0	0
32	18
196	18
34	368
0	368
63	0
136	8
0	4
0	0
0	207
0	314
0	4
0	11
0	0
1	315
0	309
0	245
0	52
5	200
0	38
0	67
0	441
57	1081
0	361
4	478
0	639
0	8
1	8
0	5
0	5
0	3
12	596
0	128
0	87
0	60
0	533
0	474
1	82
0	151
0	243
13	336
3	243
0	130
0	183
0	145
0	98
2	110
0	34
1	42
0	162
0	339
0	334
0	43
1	26
0	58
18	219
0	0
0	0
0	498
40	498
7	43
3	213
0	39
0	0
0	1
0	0
0	0
0	1
0	1
77	264
0	281
23	136
3	265
0	262
1	81
6	32
9	85
0	29
0	29
0	7
0	407
0	40
0	412
1	389
0	390
0	389
1	388
0	214
4	110
0	92
1	116
0	52
0	44
0	0
1	0
0	0
0	0
117	15
5	101
0	107
0	345
5	105
66	530
0	144
25	350
43	125
1	97
0	20
0	15
167	119
2	110
1	7
0	103
5	114
0	21
0	0
0	831
0	830
0	860
0	817
0	794
0	15
0	182
3	0
0	46
0	150
16	876
2	689
23	781
0	960
0	325
0	70
11	137
0	132
0	171
0	31
0	53
0	48
0	36
2	36
0	22
0	77
0	40
0	395
0	525
621	320
2	87
2	62
0	34
0	43
0	50
3	38
0	13
0	252
2	3
0	354
0	986
0	638
1	831
525	1776
0	1330
0	951
245	193
0	143
0	17
0	164
11	529
0	362
0	399
0	557
0	369
0	342
0	346
1	92
0	2
0	55
0	52
0	52
0	52
0	19
0	15
0	1
0	24
0	13
0	519
0	528
598	30
0	8
0	243
0	258
2	32
0	105
0	45
8	18
0	68
0	66
0	47
0	7
0	94
0	1
0	1
668	0
8	68
3	24
2	44
0	2
0	2
0	1
0	2
0	1
0	77
0	77
0	422
0	514
1	2
6	423
0	51
0	1
0	22
0	0
0	3
0	4
0	2
0	3
0	4
0	3
0	0
0	0
0	314
0	162
0	301
0	266
0	260
0	80
4	206
0	187
0	53
0	153
0	276
0	301
0	0
0	1331
6	1299
2	1235
0	391
0	123
0	952
0	59
0	23
0	20
0	2
0	62
1	371
0	67
0	47
0	68
0	80
0	95
0	48
0	542
1	90
0	540
0	105
0	275
0	101
0	114
0	50
0	257
0	20
0	54
0	66
0	27
13	7
0	127
1	4
3	77
4	302
7	110
0	22
0	204
0	207
0	7
2	101
1	131
78	0
0	219
2	275
0	278
2	170
21	95
0	50
0	65
4	1
0	116
0	111
0	68
1	98
0	83
3	18
0	1305
0	1545
0	1377
0	1360
0	750
0	11
0	90
0	14
682	210
0	40
0	166
0	54
0	0
0	37
0	8
0	8
0	2
0	716
0	606
0	832
0	34
0	22
38	1784
0	671
0	1
9	621
0	1809
0	19
0	19
0	88
1	31
0	1800
1	1780
0	897
0	817
0	135
0	0
0	106
4	319
0	38
0	179
0	327
0	1983
13	25
0	2009
1	493
0	292
2	457
0	437
0	381
3	256
0	504
2	408
0	108
0	209
2	29
0	13
0	29
0	26
0	22
1	1
0	1
0	10
5	10
0	10
0	8
0	7
4	321
0	480
250	519
0	215
2	113
0	1
4	0
0	0
1	0
0	0
0	0
107	4
0	4
0	11
0	121
0	39
104	139
0	130
0	125
0	126
0	124
9	137
2	3
0	8
0	56
1	36
1	37
0	21
0	8
0	21
7	18
0	0
0	0
0	0
0	0
0	0
0	0
0	0
0	0
0	0
0	69
1	59
0	13
1	13
0	58
0	58
0	56
1	57
0	15
0	24
0	6
0	12
0	16
1	9
10	6
0	31
5	17
0	2
0	5
2	61
2	294
3	284
0	198
3	143
1	128
1	116
0	33
8	108
0	49
3	22
130	2341
84	78
1	769
1	2318
12	328
38	687
0	152
0	429
2	1663
0	549
0	14
0	551
3	92
0	549
0	12
0	12
0	19
0	12
2	12
0	153
3	1693
14	0
6	274
28	261
0	75
0	267
0	0
0	0
0	0
0	432
0	1472
32	1447
1	1422
1	215
0	122
1	271
1	1322
0	1331
0	657
0	176
2	86
0	66
0	146
0	135
1	100
1	60
0	22
0	407
0	413
0	68
6	316
2	37
5	199
3	35
0	25
0	22
0	15
0	33
0	42
0	40
0	29
2	26
0	28
0	13
0	13
0	8
5	0
0	2
0	1
0	32
0	61
4	61
0	7
0	3
0	0
0	0
0	0
0	0
0	0
0	0
0	0
0	0
0	323
31	175
0	312
0	119
0	311
0	202
0	79
5	15
0	72
4	13
0	128
3	56
0	64
0	65
0	101
0	64
0	30
0	41
163	114
0	39
0	23
0	60
0	50
0	38
1	16
0	0
0	1
0	391
0	774
0	965
1	78
0	222
9	1327
0	202
0	167
6	19
0	24
0	275
0	194
0	909
0	420
0	280
5	0
0	0
0	66
0	839
0	1244
0	39
0	273
0	72
162	872
0	164
0	428
0	107
1	730
3	83
0	309
5	91
1	259
2	177
0	130
17	133
0	95
0	0
0	0
0	0
3	603
42	603
0	13
0	1096
1	966
0	1096
0	963
0	793
2	0
0	58
0	59
0	12
0	8
0	15
0	17
0	16
0	11
0	0
0	13
0	6
0	16
25	19
0	8
0	7
1	65
0	0
0	43
194	147
0	67
2	107
0	77
2	28
0	464
0	469
0	420
3	194
0	69
0	37
6	23
471	908
0	909
0	853
21	54
73	27
0	26
0	21
0	21
150	0
0	19
0	180
0	29
0	177
0	32
0	2
0	0
0	136
0	0
0	0
0	0
0	0
0	13
250	1137
6	244
4	1025
0	446
0	749
5	414
0	625
0	443
2	162
2	167
0	160
3	128
0	46
0	33
0	28
0	7
0	7
2	2
485	4901
0	4364
5	507
0	416
0	3712
1	648
1	3896
14	266
7	1320
0	629
0	63
0	109
0	178
5	157
0	656
0	601
45	617
0	620
5	139
0	51
0	211
0	592
0	114
0	119
0	223
0	191
0	248
0	301
0	124
0	35
6	103
0	325
0	225
0	167
1	343
7	29
0	165
1	254
0	34
0	67
0	35
7	54
0	333
0	151
38	668
0	667
0	671
6	667
4	667
2	667
1	607
0	715
37	716
8	608
0	669
5	519
17	666
0	598
0	655
0	655
0	660
3	598
10	294
0	41
0	66
1	67
1	39
6	34
1	1
0	4
0	3
0	3
0	2
0	2
0	0
0	0
0	1
0	0
0	0
0	0
0	0
0	87
2	160
0	805
1	543
0	395
30	510
377	720
0	703
6	60
0	640
0	15
1	19
15	634
5	111
106	31
0	220
0	47
1	0
3	372
0	387
20	371
0	369
1	369
0	346
448	327
0	218
1	142
0	31
0	14
1711	1497
0	1388
0	0
2	0
0	0
0	0
0	41
0	101
0	106
0	71
0	36
0	9
0	28
15	46
1	42
0	41
0	55
0	71
0	102
0	96
0	101
0	1
0	6
0	39
0	39
0	38
0	39
1	39
0	0
140	62
4	62
0	0
0	1452
0	59
8	1452
0	11
0	5
460	121
0	121
1	48
154	204
0	81
20	154
0	201
0	177
5	11
5	47
0	47
0	27
0	6
0	4
0	169
0	0
0	0
0	0
0	0
0	0
4	355
1025	694
75	51
0	10
2	325
1	333
0	3
0	325
0	321
0	329
0	724
0	253
0	49
0	26
0	81
0	31
3	21
1	725
0	356
3	413
10	1524
0	1572
0	1488
0	614
17	579
0	575
2	555
2	26
0	45
8	22
0	1263
0	0
0	596
9	596
1	59
0	60
9	59
0	9
3	39
4	295
0	299
0	20
2	204
0	35
24	135
0	73
0	47
0	0
7	1
0	42
0	12
0	284
1	0
0	11
33	11
778	0
236	0
1	0
306	139
0	88
2	93
0	32
0	86
0	132
0	75
0	10
1	26
0	75
61	86
0	70
0	16
0	6
0	13
0	29
0	4
0	32
0	4
0	13
0	16
0	21
1	0
34	14
1	14
0	0
0	12
0	11
0	9
0	883
0	827
1	86
8	164
0	31
1	373
2	105
4	373
1	137
0	242
2	216
0	223
0	218
0	215
0	575
1	168
114	575
1	215
2	0
0	0
0	3
0	25
0	1851
17	1838
0	1849
9	1836
18	1847
3	1810
0	1772
0	1837
0	1782
1	1772
0	942
0	1748
0	200
0	155
0	82
1	3
11	136
0	17
0	28
1	37
0	7
0	18
38	71
0	24
0	26
2	31
12	59
0	7
0	27
20	260
2	233
7	162
0	151
0	28
0	6
0	1
0	2
0	0
14	1
69	9
0	8
0	7
0	1
0	1
0	1
0	1
0	0
0	21
0	21
0	12
0	24
0	12
0	23
2	69
0	4
0	6
0	6
0	8
0	8
0	4
0	9
0	10
0	10
0	8
0	4
0	8
0	8
0	3
0	6
0	2
0	3
0	1
0	2
0	0
0	7
1	49
0	0
0	0
0	0
0	0
0	0
2	498
0	500
0	468
1	459
0	518
7	131
1	142
15	150
6	6
0	0
662	97
1	60
0	37
0	4
0	3
1	31
0	31
4	3
0	31
0	0
0	3
0	0
0	3
0	0
0	0
0	8
0	16
1	13
21	249
0	152
2	183
4	117
32	0
25	189
10	189
0	46
0	23
0	18
0	16
0	285
3	491
14	316
0	572
21	31
0	197
0	10
1	173
0	473
0	476
0	216
0	446
0	265
0	155
0	187
0	472
0	143
0	154
0	177
0	310
15	222
0	261
0	183
0	495
0	120
10	246
0	171
0	172
0	147
0	27
0	484
1	62
0	91
1	12
0	155
0	48
0	69
6	13
0	4
0	4
0	4
0	0
0	1
0	0
0	0
0	2
0	3
0	2
0	3
0	2
0	2
0	1
0	1
0	1
0	1
0	1
0	3
417	685
6	685
0	0
4	162
1	23
0	53
0	100
0	107
0	159
1	29
0	38
0	32
0	185
4	189
0	41
0	177
0	70
0	34
0	148
0	138
68	125
0	115
12	618
4	625
7	84
8	14
6	105
2	9
29	0
12	56
0	0
0	0
0	0
0	0
2211	591
0	119
1	82
1	52
0	82
0	101
3	204
5	9
1	50
1	43
0	118
0	303
0	267
0	62
10	78
0	87
18	316
0	219
0	124
0	95
0	147
3	203
52	43
0	17
4	124
0	0
0	0
0	0
0	90
0	113
0	160
0	89
5	167
31	153
0	1
0	67
0	108
3	47
0	63
0	73
6	913
164	1457
104	149
0	1456
0	0
235	170
0	162
7	158
1	54
0	19
1	1447
1	1532
0	1534
0	338
0	1455
3	970
0	1117
0	655
0	1321
0	1517
0	654
0	1329
1	29
0	24
1	1356
0	1433
0	2
5	1298
0	1371
0	167
0	395
0	414
1	1300
0	1038
0	329
3	182
0	4
0	4
0	4
0	0
0	1
0	2
0	66
0	167
0	139
25	217
0	151
0	169
0	167
0	30
0	38
6	25
0	174
1	61
0	65
0	132
0	65
0	85
0	25
0	30
0	22
0	15
0	174
0	24
0	210
1	195
0	121
0	72
86	755
0	553
4	271
0	304
0	82
1	201
0	67
0	5
0	144
0	90
0	28
0	0
0	15
1	5
1	34
2	5
3	156
0	22
0	11
0	26
0	13
0	10
0	3
0	0
2	22
0	18
0	122
0	17
0	21
0	41
0	7
0	31
0	30
0	98
0	113
0	32
1	54
0	591
0	615
0	320
1	136
0	105
0	116
0	43
0	61
6	46
0	46
0	41
0	38
0	43
0	31
0	33
0	32
0	17
14	32
0	29
2	15
7	8
0	8
0	6
0	6
0	0
0	0
0	0
0	0
4	1
107	20
0	22
0	12
0	9
0	11
0	1
0	1
0	1
0	0
0	0
0	0
0	0
0	0
0	0
0	0
0	0
0	0
0	1
0	1
0	1
0	1
0	940
0	920
0	0
0	23
0	11
8	463
0	13
0	17
2	99
0	85
2	134
5	1006
1	6
0	54
0	103
0	873
0	55
0	120
54	131
0	131
0	0
0	0
0	0
0	0
0	0
1	13
0	86
0	139
1	59
0	607
0	68
0	80
59	686
1	39
0	447
3	31
0	201
0	359
2	51
0	62
0	28
0	17
1	30
0	266
0	54
0	40
0	433
0	178
0	168
0	15
0	16
0	451
0	0
0	0
0	0
0	0
0	0
0	0
0	0
0	0
0	0
0	0
0	0
0	732
0	714
0	183
3	154
2	47
0	42
2	20
5	5
0	53
0	1310
2	208
0	1293
0	0
0	0
0	0
0	0
0	0
0	0
0	0
65	371
1	181
0	272
0	289
0	276
0	141
0	93
0	165
0	48
0	158
0	425
0	779
0	640
0	389
4	253
2	329
5	818
0	766
1	763
0	83
13	61
0	98
0	133
0	52
3	1643
1	1619
0	198
0	1359
3	196
1	495
5	653
0	366
0	130
1	510
0	483
0	93
374	515
0	514
0	23
4	19
0	16
0	27
0	28
3	8
0	10
0	7
0	6
0	4
0	6
0	0
0	0
0	0
0	0
0	0
0	0
0	0
38	1259
0	31
0	139
2	38
0	129
0	102
6	62
0	140
0	129
0	112
1	102
3	0
12	20
0	967
0	0
0	2
0	6
0	310
0	305
0	308
0	249
0	6
0	1
0	1
0	1
0	1
0	1
1	0
0	0
284	0
0	1
0	0
0	1
0	0
147	7
0	7
0	0
0	1
0	15
0	15
0	5
0	4
0	5
0	13
0	191
0	214
2	217
0	217
0	84
1	79
0	58
0	59
0	71
0	43
0	32
0	32
13	5
0	0
0	1
0	1
0	1
0	1
0	1
0	1
0	0
0	1
0	0
0	1
0	1
0	0
0	1
0	1
0	1
0	1
0	1
0	30
0	558
0	558
0	143
0	560
0	558
35	129
0	217
0	43
0	84
1	748
0	749
0	521
0	340
0	649
0	59
0	23
37	90
16	61
1	25
0	56
2	65
0	31
0	15
15	2099
0	1333
0	1327
3	121
8	677
0	9
0	661
0	133
0	186
0	100
0	665
0	656
0	642
2	428
1	468
1	400
1	226
0	4
0	596
787	712
1	40
1	104
0	654
1	21
0	235
0	686
4	49
0	280
1	348
1	24
0	0
0	0
0	0
0	0
0	0
0	0
0	0
0	0
0	0
0	0
0	0
0	0
0	533
3	51
0	490
3	209
0	684
48	707
0	115
2	119
0	23
0	111
189	114
0	11
0	30
0	0
18	1124
2	780
1	658
0	372
19	340
0	104
1	237
0	47
41	48
0	0
0	15
0	37
0	6
1	5
5	14
0	6
0	2
0	2
0	3
0	5
1	5
0	0
0	2
1	1
0	1231
0	221
0	141
0	159
1	98
0	126
0	0
2	1205
16	1429
0	292
0	167
0	106
0	15
0	15
0	25
0	15
1	14
0	19
6	76
0	1429
0	399
61	396
0	225
200	223
1	223
0	1706
0	923
0	1513
166	1419
2	62
2	643
0	986
3	290
0	651
0	324
0	159
0	6
0	3
0	0
0	0
0	0
0	3
0	0
0	511
0	511
0	377
0	89
0	114
8	402
8	307
5	315
1	158
0	345
0	354
0	244
0	311
0	194
0	223
0	223
0	245
0	185
3	218
0	176
0	44
0	134
0	106
5	116
5	66
0	98
0	29
2	1
0	611
0	164
0	18
0	521
1	113
0	669
0	43
2	531
13	91
0	619
0	374
0	636
1	49
8	487
3	109
0	29
10	71
1	558
0	550
106	310
0	72
0	60
0	49
0	31
763	801
0	205
0	337
0	158
0	253
0	243
1	202
0	162
9	147
101	43
0	41
0	37
151	395
0	418
0	283
0	201
7	24
3	11
0	89
1	87
151	298
0	283
0	5
0	18
0	5
0	6
0	83
0	78
0	23
0	4
2	1
0	7
0	15
4	14
0	15
0	5
0	4
16	0
0	208
0	241
0	88
0	217
0	224
0	36
0	230
0	68
0	61
0	46
0	193
0	93
1	48
6	123
5	153
0	12
0	11
0	230
0	207
2	205
33	191
4	137
0	166
0	145
0	17
1	0
0	17
0	291
32	96
12	285
44	190
0	32
287	319
0	208
0	132
6	28
0	74
0	77
3	40
2	47
1	24
0	3
0	74
14	237
0	237
0	242
3	240
0	241
0	236
0	233
0	233
0	87
1	18
0	0
0	202
0	144
0	180
0	191
1	36
0	180
1	197
0	221
11	221
0	26
0	516
0	513
0	269
0	222
1	489
7	171
0	569
0	15
0	28
21	606
0	30
0	433
7	43
0	504
0	153
70	289
954	255
3	234
0	212
1	67
0	8
0	8
0	9
1	8
3	10
0	3
0	0
0	6
0	2797
0	2696
0	2344
0	2137
85	1081
3	1895
0	1936
0	1561
0	1602
0	1993
0	1923
2	273
0	1389
0	1631
0	1668
0	759
0	1462
0	1425
0	2834
0	308
0	170
0	151
0	0
0	64
0	2689
25	97
0	502
0	527
0	518
7	492
4	4
0	133
1	147
0	131
0	48
0	100
0	74
0	71
4	58
0	5
10	42
0	42
1	5
0	49
8	86
0	79
0	53
0	11
0	24
1	7
0	7
0	0
0	0
0	0
0	0
0	0
0	0
0	0
0	0
0	0
0	0
0	0
0	0
3	12
0	10
0	132
0	135
0	130
0	132
0	127
0	128
0	28
0	116
0	107
0	88
0	57
0	51
2	36
0	46
0	14
0	26
0	24
0	15
0	12
0	5
0	7
0	3
0	5
0	0
0	5
0	3
7	173
5	174
0	107
66	11
0	81
0	105
0	8
1	14
0	13
0	4
6	4
36	157
1	151
2	22
0	35
0	72
6	108
0	52
1	85
0	23
0	0
627	1602
0	360
0	751
8	1481
0	620
0	483
5	208
0	141
0	213
37	307
702	0
3	15
0	44
1	49
7	30
0	12
1	13
8	13
0	36
2	8
0	7
0	30
102	219
0	71
0	148
2	30
0	3
0	1
0	2
0	1
0	2
4	379
0	113
1	366
4	366
0	15
382	1045
7	237
4	264
0	308
3	470
11	285
3	266
2	250
0	1
0	1
0	0
0	0
0	0
0	0
113	0
0	0
0	0
0	0
0	0
0	0
0	0
0	80
0	82
0	80
0	82
0	79
0	69
0	17
0	10
0	0
0	1
0	0
0	0
1	6
0	6
0	0
23	90
0	90
0	23
0	17
0	5
0	4
0	4
0	41
0	50
0	53
0	53
1	0
0	50
0	14
0	14
0	13
0	9
0	2
103	1120
12	8
1	454
2	1040
1	52
11	578
0	16
2	551
0	565
2	566
3	1645
0	32
20	1689
1	1689
0	49
0	312
0	117
2	111
0	111
0	485
16	376
0	0
0	0
0	0
0	0
0	0
4676	0
0	38
1	1
107	484
2	396
0	20
0	20
0	15
1	11
0	154
0	675
0	663
0	587
0	633
0	602
0	653
0	683
0	679
0	642
0	584
0	508
0	679
0	47
0	500
0	682
0	684
7	621
0	592
0	607
0	164
0	206
0	234
0	551
0	421
0	640
0	678
0	607
0	615
0	631
0	473
0	704
0	639
0	7
0	100
0	374
2	423
0	422
0	599
1	623
0	614
0	573
0	577
0	573
0	575
0	685
0	382
0	629
0	531
2	306
0	154
0	38
6	503
0	33
0	371
0	355
0	301
21	256
0	122
0	49
0	68
0	39
0	1
0	0
5	0
0	0
0	0
0	0
104	179
0	179
0	0
0	0
0	0
0	0
0	0
0	0
0	0
0	0
0	0
0	0
0	0
0	0
0	0
0	1
0	0
0	0
0	1
0	0
0	0
0	1
0	0
0	0
18	201
1	201
1	12
0	44
278	96
0	40
0	52
4	6
0	1
0	6
0	4
0	2
0	2
0	4
0	5
0	2
0	2
0	2
0	1
0	0
0	244
0	34
0	34
0	34
0	3
0	3
0	3
0	20
0	12
0	2
0	0
0	15
0	0
0	4
0	0
2	0
481	322
8	322
0	3
0	3
0	3
0	1
0	10
0	16
0	25
0	25
0	0
0	2
0	14
0	14
0	20
0	9
0	21
1	20
0	19
0	11
4	4
0	1
0	1
0	1
0	1
0	20
0	20
0	20
0	5
0	5
0	5
0	1
0	1257
0	88
0	938
1	1126
0	32
0	131
0	73
3	276
0	1165
0	1162
0	1097
0	1196
0	1283
0	136
0	180
0	1129
3	248
0	110
78	321
4	609
0	228
0	143
140	274
0	12
1	12
0	32
0	25
1	31
2	50
2	221
0	17
0	39
0	36
1	58
0	0
0	0
0	0
0	0
0	0
0	0
0	0
0	0
0	0
0	0
6	0
103	0
204	0
8	243
0	491
0	520
0	180
0	433
0	66
0	26
0	53
0	131
0	336
0	342
0	383
0	335
0	382
0	36
0	358
0	49
0	622
0	32
0	221
1	49
2	618
0	347
0	608
0	341
0	382
0	341
0	382
0	382
0	382
0	23
0	10
1	12
0	10
0	11
0	179
0	162
0	186
0	141
0	129
0	153
1	54
9	255
0	243
1	216
0	261
4	257
1	259
0	47
5	168
0	24
2	13
0	39
2	54
1	61
0	11
4	10
0	4
0	85
0	15
0	11
0	35
0	26
0	710
34	727
0	58
0	376
4	305
3	58
0	727
0	660
532	231
2	128
1	213
0	3
0	3
0	57
4	46
3	23
23	446
0	379
0	91
8	71
0	9
0	169
0	38
0	44
0	0
0	28
0	235
0	228
0	4
2	1
0	17
7	52
1	42
2	461
258	561
0	172
0	385
0	314
3	161
50	196
0	327
0	154
4	216
0	487
0	449
0	191
0	0
0	0
0	0
0	0
0	0
0	0
0	0
74	66
0	55
1	59
1	21
0	0
0	0
0	0
0	0
0	0
0	0
0	0
90	8876
0	3435
3	2876
2	362
4	331
3	104
64	800
40	1670
1	5397
0	0
1	428
0	371
0	441
0	48
0	52
0	116
0	374
0	116
0	68
21	28
0	27
0	10
0	7
0	0
0	0
0	0
0	0
0	0
1	458
0	391
1	404
4	299
0	344
0	409
1	22
0	321
0	393
9	60
5	113
17	364
0	337
0	278
1	286
0	187
0	148
9	0
0	2
7	1
0	188
0	148
0	165
1	74
0	82
1	49
1	92
0	2969
0	2962
3	1622
22	2715
0	193
3	2929
2	102
0	79
1	188
0	146
0	252
0	202
0	357
2	135
4	238
0	754
1	90
0	100
0	708
0	805
0	33
13	320
9	242
0	103
0	215
0	403
0	203
0	773
0	22
16	552
0	47
0	38
2	85
0	229
1	226
1	157
0	31
0	41
0	436
0	715
1	705
0	687
0	694
0	4
0	9
0	69
0	57
0	52
0	28
2	19
0	19
0	28
3	18
4	60
3	13
3	21
9	135
0	436
0	423
0	282
2	167
0	212
0	228
0	204
0	342
0	356
0	148
0	341
1	21
0	36
0	30
0	36
0	20
0	13
0	848
2	719
0	632
0	519
0	228
0	228
1	212
0	142
0	163
0	55
10	77
7	64
1	119
1	145
0	59
0	55
0	58
0	32
0	18
3	1
53	29
0	13
1	3
0	20
0	21
0	14
0	10
0	5
0	3
0	10
0	10
0	5
0	5
0	0
0	0
0	1
0	0
0	4
0	0
0	14
0	19
0	81
0	53
0	20
0	19
0	15
0	9
0	2
0	4
0	0
0	0
0	81
473	0
0	148
0	17
0	26
0	104
45	595
3	0
15	104
0	184
19	104
0	597
0	55
30	15
2	4
0	0
0	0
0	0
0	0
0	0
0	0
0	0
0	0
0	1
70	124
0	37
26	111
2	31
3	48
0	36
0	0
0	0
0	0
1	511
26	511
1	46
0	61
0	0
0	0
0	0
0	412
0	107
0	432
0	0
2	9
0	9
0	204
0	278
100	1042
8	300
5	907
13	102
3	114
59	60
25	160
0	16
0	122
0	119
0	103
0	99
1	98
0	32
0	94
14	27
3	22
0	11
0	0
0	0
0	0
0	0
0	0
0	122
0	4
0	4
0	4
0	0
0	2
0	0
0	1288
0	1265
2	1075
0	1114
2	45
0	673
0	537
0	683
0	806
6	782
0	50
1	21
1	99
0	176
0	14
0	32
0	13
0	13
0	13
0	30
1	25
0	0
1	0
0	2
0	0
0	2
0	2
0	2
0	2
0	1
0	1
0	1
0	0
0	0
0	0
0	0
0	0
0	0
0	0
0	0
0	1
0	18
0	18
0	8
2	1
0	1
0	1
0	8
0	10
0	2
0	0
0	0
1	746
0	290
0	173
0	280
1	479
0	234
0	45
0	122
0	272
0	84
3	40
0	745
0	293
0	315
10	162
3	89
0	161
167	2142
0	239
17	2094
0	453
0	527
21	1523
0	348
0	0
0	0
0	0
0	0
0	0
2	1
0	0
0	1
0	0
0	0
0	0
0	5911
0	270
0	2076
631	5915
2	391
40	1519
1	0
0	0
0	0
0	0
0	0
0	0
0	0
0	0
0	0
0	0
0	1051
0	1245
0	1245
2	270
0	1247
0	591
0	203
2	1236
0	1844
0	1959
0	2745
0	486
0	1195
0	464
0	319
0	184
1	96
0	196
0	213
0	136
0	66
0	2493
0	2242
690	154
0	154
107	1313
6	1088
1	1248
0	416
13	212
0	88
21	3
5	20
0	18
0	22
0	13
0	18
0	5
0	4
0	7
1	10
0	0
0	0
0	0
0	4
0	4
38	17
0	5
0	4
0	4
0	5
0	1
0	4
0	10
2	273
10	504
0	306
0	407
1	1500
0	1454
0	1513
0	1506
1	1480
0	1421
0	1503
0	1469
0	1488
0	1353
0	1519
0	1500
0	1460
0	1470
0	1545
0	1453
0	1562
0	875
0	1527
0	1461
0	658
0	1403
0	1429
0	1446
0	59
0	1344
0	1416
0	1483
0	1384
3	49
0	1189
17	1087
6	141
0	24
0	112
0	378
16	426
0	38
9	148
0	149
2	129
0	30
0	150
0	22
0	573
0	555
0	451
0	573
2	23
0	15
0	48
10	0
0	1176
0	616
0	557
0	557
0	586
0	516
9	434
0	73
0	51
0	51
0	51
1	51
1	51
0	0
0	0
0	1146
0	865
12	6002
53	5652
0	3660
28	2125
0	5546
0	5872
0	5910
0	4884
0	3499
0	870
0	856
0	267
2	0
0	206
0	232
0	78
0	65
7	11
95	225
0	221
11	106
9	16
1	29
2	11
0	11
1	11
0	0
0	0
0	0
0	0
0	2
0	2
0	1
0	1
1	0
0	0
0	1
0	0
0	0
0	0
0	0
0	0
0	0
0	0
0	0
0	49
0	57
0	51
0	56
0	56
0	57
0	55
0	53
0	56
0	54
0	49
0	52
0	54
0	35
0	31
0	31
0	54
0	42
1	37
0	7
0	10
0	12
0	12
0	12
0	10
0	9
0	9
0	115
0	115
12	115
0	27
85	391
9	302
1	213
3	17
2	53
100	500
0	327
0	469
1	374
0	378
7	351
2	302
0	146
0	70
0	7
0	6
5	146
1	147
0	135
0	35
0	19
1	0
0	0
0	0
2	0
0	0
0	0
3	684
0	663
0	681
0	671
0	689
0	0
0	0
0	0
0	0
0	0
0	56
0	4
1	56
0	0
0	0
0	0
0	0
0	0
0	0
0	58
0	42
0	21
20	27
0	22
0	4
0	5
0	0
0	0
0	0
0	0
0	0
0	0
0	0
0	0
0	0
0	0
0	0
18	221
0	202
0	221
0	222
4	53
0	64
0	82
0	69
0	0
0	248
0	240
0	60
0	96
3	44
0	79
0	256
0	256
1	121
0	143
0	155
0	129
2	32
8	58
9	129
0	405
6	381
0	490
22	36
97	563
0	360
0	454
0	376
0	447
0	507
0	321
0	427
0	88
8	197
0	135
5	144
4	118
0	0
0	0
424	0
7	647
0	155
0	625
0	136
0	644
0	625
0	0
0	0
0	0
3	0
0	479
46	1281
0	399
0	459
6	594
0	364
0	1279
0	0
0	0
0	9
0	9
0	7
6	9
0	214
173	345
0	248
4	87
0	16
0	7
12	88
0	0
0	0
0	0
0	0
0	0
0	0
0	0
0	0
0	0
0	0
0	0
0	0
0	0
1	70
0	35
0	73
8	25
0	22
1	60
0	11
366	0
28	599
8	585
25	598
0	465
0	447
0	443
0	294
0	263
0	0
0	0
0	0
0	0
0	0
0	0
0	0
0	0
0	0
0	0
0	0
0	0
0	0
0	0
0	0
0	0
0	0
0	0
0	0
0	17
0	22
0	1
1	21
0	41
0	451
0	242
97	1807
0	405
0	1204
0	956
0	834
0	194
0	974
3	819
0	1692
4	478
0	393
69	1015
0	948
0	1334
0	861
517	402
1	379
3	219
6	160
0	160
1	44
2	105
16	831
20	971
0	380
0	335
0	967
0	148
4	178
0	173
0	297
0	90
5	17
3	118
0	95
0	58
3	78
0	23
0	21
3	6
0	124
0	48
11	69
2	0
0	500
11	0
54	452
0	232
0	235
0	76
0	3
2	54
0	251
0	199
0	92
4	72
0	10
0	12
0	150
0	24
0	1
0	1
0	1
1	0
0	0
0	1
0	4492
0	4476
0	1713
0	4393
4	4252
0	2318
0	2091
0	4014
0	1
0	1
0	1
0	0
0	1
0	1
0	0
0	1
0	1
0	0
0	1
0	1
0	0
0	1
0	1
0	0
115	153
0	14
0	136
0	82
0	29
0	18
0	17
1	16
0	12
0	9
8	272
0	269
0	257
0	177
1	7
1	25
17	17
0	24
0	12
0	16
0	22
0	13
0	0
0	0
0	0
0	0
0	0
0	0
0	0
0	0
0	0
0	0
0	0
0	0
0	0
0	0
0	0
0	0
0	0
0	0
0	0
0	0
0	0
0	0
0	0
175	53
0	53
0	778
0	763
0	762
0	121
1	32
3	8
0	58
0	81
0	37
0	47
1	24
0	0
0	0
0	0
146	599
0	572
0	180
15	143
0	0
0	0
0	0
0	1
0	1
0	0
0	0
0	0
0	0
0	0
0	0
0	0
0	1
0	1
0	56
0	21
0	17
0	25
0	61
0	39
0	137
0	28
0	36
0	2
2	16
0	110
1	388
0	385
7	460
0	468
69	92
0	213
0	270
0	51
0	75
0	22
0	48
0	43
0	28
0	23
0	23
3	4
360	34
0	34
142	6318
4	6318
208	181
2	111
16	25
0	179
7	21
1	0
5	5
0	5
0	128
0	129
0	22
0	21
2	0
0	6
0	9
1	2
0	126
1096	34
15	21
8	32
0	754
0	627
0	794
0	601
0	22
0	783
0	5
0	27
0	11
0	68
0	21
0	36
0	41
0	34
3	30
1	2
0	80
1	146
12	111
0	605
7	118
3	63
16	447
0	76
0	59
0	60
0	88
0	0
0	0
450	1467
6	1185
0	230
1	610
0	110
0	140
0	774
0	107
0	107
0	749
0	773
0	100
0	780
0	48
0	31
0	92
0	104
0	76
0	153
0	66
0	96
0	92
0	771
0	131
2	59
4	133
1	13
0	76
0	98
3	245
0	44
1	253
1	27
16	27
10	20
0	51
0	50
0	148
0	11
0	15
0	3
0	149
153	3
3	3
1	0
0	159
0	220
0	157
0	119
7	103
6	74
0	2
0	23
0	912
6	921
0	38
0	81
0	194
0	30
0	17
0	15
0	0
195	104
5	104
14	0
29	52
1	52
0	0
4	11
0	0
0	0
0	0
0	7
0	4
0	8
0	3
0	3
0	9
0	0
42	753
2	753
0	636
1	634
0	18
0	5
0	5
0	2
0	0
0	0
0	0
0	28
0	8
0	755
6	748
0	71
0	49
1	42
119	22
4	22
6	8
0	8
0	2
0	2
0	0
0	0
0	0
0	0
0	0
0	0
1	13
0	13
0	0
2	4
4	4
0	1
7	357
0	344
6	143
18	142
1	87
0	76
0	44
1	3
2	0
0	0
0	0
0	0
0	0
0	9
0	0
0	0
0	0
0	0
0	0
0	0
0	438
1	424
35	436
0	65
4	64
4	207
0	11
108	11
1	330
0	340
4	22
0	69
0	0
0	0
0	0
0	0
0	212
0	5
7	13
0	175
0	206
0	188
0	381
0	252
0	376
0	55
0	19
0	18
0	44
0	25
0	0
0	0
0	0
7	3
1	288
0	282
9	22
5	48
0	1428
0	1344
0	1227
0	1461
0	192
2	167
14	461
0	1308
0	1460
0	952
1	93
0	301
0	31
0	80
1	80
24	962
0	0
0	0
0	0
1	0
0	0
0	0
0	0
6	7
0	7
14	9122
0	8721
0	3109
20	633
1	7627
21	3510
20	8338
0	4855
0	3521
0	3485
0	5289
63	1386
0	1368
2	1199
0	1440
0	1598
0	22
13	170
0	253
2	1432
0	79
0	31
0	293
0	303
0	95
0	40
0	102
0	77
0	239
0	111
9	197
0	115
0	106
0	6
0	302
2	275
0	50
0	62
0	44
0	5
2	5
2	190
0	5
0	35
5	0
0	45
28	48
51	300
2	173
2	7
6	36
0	299
0	2
0	83
0	5
4	10
0	22
1	213
0	28
0	4
0	0
0	46
1	170
99	9
0	9
23	0
0	1674
0	0
1	2
0	2
0	0
0	0
0	0
0	0
0	0
0	0
0	0
0	1
0	1
1	2
0	0
0	0
0	1
0	0
0	0
0	0
0	0
1	0
0	0
0	988
0	145
1	1502
0	1870
1	1155
0	1358
0	104
0	13
0	0
0	131
6	136
0	8
0	13
0	2
825	1671
4	400
4	598
2	534
10	0
0	1
0	0
0	0
0	0
0	1
0	1
0	1
0	528
0	290
0	501
0	75
2	14
1	17
10	17
0	26
1	6
0	6
0	5
0	204
89	231
0	121
0	96
0	95
0	39
0	29
0	94
0	24
0	49
0	63
0	69
0	29
0	29
0	7
0	7
0	15
0	214
0	22
0	132
0	0
0	21
0	16
0	13
0	212
0	71
102	216
0	154
3	134
2	175
0	80
0	56
0	76
0	83
9	26
0	32
11	57
1	704
0	991
2	756
0	835
0	202
0	641
6	328
0	688
0	877
0	533
0	486
0	810
0	857
0	367
1	796
9	391
0	154
0	160
1	146
0	17
0	41
0	160
5	61
0	43
0	428
243	427
11	44
0	448
15	758
0	757
0	339
0	449
0	538
0	758
1655	1664
39	63
0	1031
1	678
4	459
0	42
0	0
0	1
0	0
0	0
0	1
0	0
0	0
0	0
0	0
0	0
0	0
0	0
0	0
0	0
0	0
162	273
0	140
0	58
0	131
6	324
11	324
0	65
0	96
0	99
0	66
0	42
7	7
0	5
0	4
0	4
0	0
1	1
0	1
0	1
0	0
0	0
0	0
0	1
74	768
0	761
4	152
2	479
1	733
0	751
0	30
0	44
1	642
0	29
1	56
7	45
0	362
1	25
0	45
2	17
0	0
657	733
4	376
0	442
3	682
1	195
10	232
0	107
0	104
0	104
0	107
0	107
0	11
181	131
0	45
0	114
5	1426
0	12
1	993
0	1591
34	1589
17	683
0	0
0	0
5	1
0	1
0	1
0	23
0	36
1	32
0	19
0	10
608	863
0	838
3	816
0	826
0	1
4	243
0	111
0	135
0	106
1	122
119	152
0	147
1	20
0	89
36	5
0	5
0	204
0	70
0	104
0	51
213	1091
0	1018
57	858
0	454
2	362
0	335
2	233
0	178
0	173
0	161
8	81
0	0
0	0
258	420
0	420
0	130
0	85
2	59
2	101
0	574
2	48
1	42
0	42
0	154
0	604
3	43
3	39
0	54
5	131
0	655
1	572
0	49
2	528
0	46
0	123
0	43
0	247
2	24
0	8
85	428
2	126
2	39
2	207
0	44
0	69
2	228
0	618
0	589
0	550
0	432
0	437
0	111
3	0
0	0
0	0
0	0
0	0
0	0
0	0
0	0
0	0
0	0
0	0
0	0
0	0
0	0
0	0
0	0
0	132
307	470
0	315
2	311
0	184
1	62
21	140
1	487
0	487
0	68
0	0
0	3
1	363
0	343
1	362
0	70
0	356
0	24
0	73
0	314
0	314
3	354
0	41
1	194
0	96
0	58
925	986
0	453
8	456
1	605
0	0
0	0
0	2064
12	2039
24	2139
0	2011
0	1583
0	1404
0	1366
0	260
1	36
9	69
3	120
0	122
2	102
21	326
1	35
2	83
0	106
0	87
0	21
0	53
1	0
109	0
0	0
210	0
1	830
0	599
0	856
0	341
0	215
0	810
4	190
0	821
0	199
0	171
0	11
1	80
2	14
0	188
0	62
1	4
0	69
0	69
0	72
0	8
0	4
0	1
0	16
0	175
0	175
0	178
0	210
0	62
0	30
0	209
0	393
6	147
2	35
2	122
1	2
0	96
1	52
1	390
2	112
2	177
2	175
0	34
2	55
1	18
0	2
0	0
0	2
0	0
28	57
0	9
0	8
0	8
9	52
1	33
13	206
74	247
9	52
21	179
10	65
0	0
0	0
0	0
0	0
0	0
0	0
0	0
0	0
0	0
1	1397
0	55
0	11
0	423
1	296
0	47
0	212
9	1363
10	1217
0	43
1	119
0	87
0	65
0	88
1	554
6	60
0	10
12	23
0	165
0	6
1	61
1	78
0	0
0	0
0	2
0	2
0	1
0	0
0	2
0	1
2	4
0	14
0	14
0	5
0	5
0	5
0	5
0	9
0	6
0	9
0	4
0	2
0	1
0	1
0	1
0	0
0	0
0	1
1	1
0	1
0	0
0	0
25	383
0	378
2	367
2	345
1	1
0	4
0	232
3	194
21	40
0	147
7	95
0	0
0	0
0	114
0	192
0	16
0	21
0	51
0	1
0	35
0	2
0	96
1	75
0	161
0	10
0	12
8	82
0	20
1	80
0	137
0	73
0	81
0	92
0	84
0	85
0	12
0	55
0	38
0	8
0	21
0	27
0	0
0	15
0	18
0	7
0	11
0	10
2	11
0	9
0	7
0	9
0	7
0	37
0	9
0	11
0	13
0	14
0	11
1	11
0	12
0	12
0	14
0	14
0	12
0	14
0	10
0	9
0	16
0	14
0	6
0	3
0	12
0	5
0	4
0	5
0	5
0	5
0	3
0	4
0	2
0	2
0	2
0	9
0	2
0	5
0	9
0	3
0	1
0	11
0	1
0	0
0	119
0	131
24	237
267	971
4	697
36	307
0	42
0	32
0	36
0	38
0	158
0	91
1	78
2	14
0	124
0	81
0	59
0	41
0	6
0	6
0	1
0	6
0	6
6	22
3	41
5	257
1	249
0	43
2	18
6	14
0	1
0	84
0	0
0	0
0	0
0	0
0	0
0	0
0	0
0	0
0	0
0	0
15	122
2	122
0	120
1	58
0	67
0	67
0	66
0	65
0	59
0	43
0	44
0	119
2	94
9	105
0	119
0	117
0	101
0	97
4	65
0	14
0	9
0	8
0	0
0	2
0	0
0	0
0	0
0	0
0	0
22	0
45	546
2	447
1	79
2	206
0	29
0	26
2	11
0	8
0	0
0	113
0	12
44	113
0	37
0	7
0	0
0	0
0	0
0	0
0	0
0	0
0	0
0	0
0	0
0	0
0	0
0	0
0	0
0	0
0	0
0	0
0	0
0	0
0	0
0	0
0	0
0	0
0	0
0	0
0	0
0	0
0	0
0	0
0	0
0	0
0	0
0	252
0	110
0	90
0	68
0	207
2	13
0	95
0	38
37	262
3	51
0	68
15	246
0	71
7	82
5	27
0	41
24	38
0	1
0	1
0	1
0	1
2	55
0	1
0	1
0	1
0	1
0	0
0	0
0	2
26	50
0	5
2	41
0	4
0	3
0	9
0	16
0	12
0	10
1	12
0	9
0	2
0	2
0	1
0	1
0	0
0	0
0	1
0	417
0	415
0	552
0	559
0	551
0	540
0	540
0	540
0	551
0	540
0	493
0	540
0	534
0	392
13	412
0	485
0	495
0	524
0	536
0	541
0	540
0	524
0	510
0	338
0	320
0	411
0	494
3	389
0	268
0	325
0	351
0	438
0	437
0	437
0	290
0	275
0	255
0	256
0	206
0	50
1	215
0	41
0	62
0	70
0	96
0	13
0	192
0	76
3	137
0	28
3	82
0	5
0	2
0	0
0	0
0	0
0	0
0	0
0	0
0	0
0	0
0	0
0	0
0	0
0	0
0	0
0	0
0	0
0	0
0	0
0	0
0	0
0	0
0	0
0	0
0	0
0	0
0	0
0	0
0	0
0	0
0	0
0	0
0	0
0	0
0	0
0	0
0	0
0	0
0	0
11	2
0	2
0	2
0	1
3	2
0	1
4	1
0	1
0	1
0	1
0	148
37	1544
1	111
0	104
0	1489
0	299
4	128
4	53
0	192
0	137
0	138
0	341
0	341
0	344
0	350
6	343
0	212
3	38
0	43
0	67
0	0
0	0
0	0
0	0
0	0
0	0
0	0
0	0
0	0
0	0
0	0
0	0
0	0
0	0
0	0
0	955
3	957
1	114
8	356
5	73
2	939
0	9
0	964
0	63
0	955
0	3
0	955
2	706
2	65
0	66
7	42
29	212
0	199
0	9
0	10
2	3
12	7
1	2
1	1
1	6
0	35
0	17
2	17
0	5
1	5
0	111
3	167
0	0
0	0
3	600
3	476
1	598
1	587
0	435
18	391
1	294
0	0
0	0
0	411
10	7
22	25
2	230
19	609
0	385
0	409
0	358
0	171
0	186
1	161
3	81
1	111
1	52
23	1787
0	469
0	1729
0	346
18	457
0	336
4	401
0	296
0	273
0	104
0	236
0	220
0	219
12	55
6	64
0	172
1556	446
13	253
0	342
0	0
0	1
0	1
0	0
0	322
1	317
0	314
0	142
2	302
0	59
0	317
0	312
0	807
664	178
0	2
0	25
0	168
0	148
0	173
0	169
0	316
0	322
0	322
0	155
0	273
0	314
0	804
0	62
2	1
1	1
0	7
0	4
0	12
3	29
0	28
0	0
0	27
0	21
1	0
0	0
0	0
193	85
0	80
0	85
2	26
1	10
0	2
0	2
0	0
0	0
0	0
0	0
0	0
0	0
0	0
0	4
0	4
0	6
0	6
0	1
0	1
0	3
0	1
0	1
0	3
0	1
0	0
0	3400
0	3606
0	3667
0	2679
3	471
3	783
0	620
1	807
72	366
0	0
0	0
0	0
0	592
0	516
0	536
0	572
1	243
0	519
0	565
0	539
0	565
0	633
0	546
0	498
0	569
0	557
0	552
0	448
0	477
0	593
0	415
0	411
0	398
0	361
0	419
0	518
0	508
0	477
0	503
0	508
0	459
0	443
0	391
0	486
0	454
0	485
0	479
0	441
0	435
0	374
0	347
0	161
0	9
0	42
0	179
0	33
0	155
0	90
0	119
0	123
0	125
0	103
0	63
0	156
0	99
0	133
0	89
0	81
0	113
0	135
0	118
0	111
0	105
0	100
0	54
0	58
0	35
0	17
0	6
0	0
0	0
6	247
34	298
0	167
2	21
27	253
1	46
1	112
8	34
0	0
21	282
4	301
0	262
4	245
0	280
9	188
23	187
0	90
0	0
0	0
0	107
0	100
0	107
0	100
0	103
0	90
0	43
0	47
0	0
0	0
0	0
0	0
0	17
0	19
0	17
0	16
0	3
0	0
0	4
0	1
0	10
0	9
0	14
0	14
0	11
0	0
0	0
0	0
0	0
0	0
0	0
0	0
0	0
0	1
0	1
3	2
0	0
1	2
0	0
0	0
0	1
0	0
2	0
0	2244
0	2587
0	1867
1	1996
0	223
1	2466
7	484
0	458
22	329
0	379
0	2289
0	0
0	394
2	44
3	19
1	138
16	27
0	308
2	114
0	334
0	67
0	334
0	28
0	57
0	1
0	0
0	0
1	1
0	0
0	0
0	0
1	1138
41	1496
0	912
0	1127
0	25
0	901
0	1105
3	1
0	1186
0	1067
0	89
1	1057
0	999
0	1125
2	891
0	384
0	758
0	1017
17	1102
0	79
0	1073
0	1072
0	109
0	1181
1	1085
0	998
0	212
0	70
0	1116
0	60
7	79
0	0
0	0
73	27
2	25
3	2
0	75
0	0
0	0
0	9
0	77
0	2
0	63
1	25
0	78
0	77
0	77
0	77
0	14
0	3
0	0
0	2
0	77
101	19
0	19
0	1029
47	1023
0	445
0	619
0	1007
3	156
0	1025
0	213
2	93
0	106
0	107
0	93
0	106
6	68
0	65
1	5
0	9
0	6
0	9
0	5
0	5
0	8
0	2
0	0
0	107
0	0
53	3
0	2300
73	2399
4	2177
7	51
0	221
4	401
0	60
1	233
0	106
1	46
0	3
7	12
0	1
0	0
0	0
0	0
0	0
0	0
152	1140
2	437
5	703
26	62
4	1
0	9
2	8
2	0
1	27
1	7
0	7
128	6384
0	4179
0	5407
0	5917
5	801
1	2330
9	1244
0	1927
0	762
3	693
0	413
0	811
12	940
0	746
1	911
0	479
0	557
27	252
0	769
0	1188
0	1048
0	1090
0	1200
0	1151
0	1164
0	1192
1	1093
1	1142
1	1166
0	1126
0	1012
0	1237
0	1123
0	1124
0	1152
0	1124
0	979
0	1152
0	1131
0	1181
0	1082
0	1012
0	1204
5	1032
0	1186
2	112
0	1121
0	1178
0	894
0	65
0	71
0	336
0	0
0	0
0	0
0	0
0	0
0	0
0	0
1	503
1	44
0	20
1	45
0	3
0	26
1	26
0	43
0	46
0	502
0	2
0	28
0	45
4	136
0	43
0	1674
0	1500
1	335
3	1554
2	644
0	926
0	150
6	805
3	314
0	1519
0	1582
0	3228
14	3336
0	1246
27	1188
22	2660
0	982
0	807
1	242
5	64
0	280
6	23
0	1005
1	487
1	116
25	7
0	136
5	66
0	32
0	20
5	18
4	8
0	7
0	136
1216	0
834	285
2	115
0	170
0	142
2	112
0	0
0	2
4	4
0	0
0	1
0	0
0	4
0	2
0	2
0	2
0	1
0	1
0	2
0	1
0	0
0	75
0	75
0	20
0	23
0	22
0	22
0	19
60	66
5	66
0	38
3	83
248	83
0	58
0	36
1	39
0	36
128	115
0	115
0	60
1	46
0	8
1	3
0	1
175	137
0	5
8	83
0	114
0	0
0	0
0	0
0	25
0	218
0	56
0	57
0	290
0	13
0	65
1	157
4	69
0	298
0	39
1	281
0	44
0	258
0	50
0	156
0	110
0	80
4	85
1	4
2	62
0	76
3	142
4	641
3	205
52	752
1	753
0	186
0	788
0	828
1	839
0	833
0	841
0	787
0	826
1	841
0	704
32	828
0	836
0	833
0	814
0	865
0	264
1	186
0	749
0	39
12	640
0	3
0	0
0	3
0	0
0	3
0	0
0	1
1	1637
1	1599
1	1582
0	1566
2	931
0	1401
9	1306
0	1138
1	168
5	824
1	44
0	146
2	484
0	406
1	327
0	111
0	29
0	94
0	0
0	0
6	3
0	8
0	7
0	133
2	133
0	129
0	133
0	96
0	10
0	8
295	6570
1	1303
19	1892
0	5869
12	121
3	25
69	51
7	759
0	900
22	647
0	384
0	453
1	446
0	435
0	446
0	63
1	14
0	8
0	34
0	1
0	42
0	32
0	3
0	5
1	13
0	4
3	41
0	20
0	41
0	3
0	41
0	41
0	24
0	35
0	894
2	188
1	116
3	874
1	170
0	95
7	48
0	10
5	41
0	193
0	121
0	35
0	24
0	24
0	42
0	885
0	841
0	741
1	646
0	579
0	483
0	331
0	325
3	241
18	0
0	0
0	0
0	0
0	0
0	390
0	55
6	28
0	19
0	47
0	376
2	358
1	30
3	104
0	21
0	54
0	87
1	33
2	43
0	198
21	160
0	178
2	45
3	301
9	234
374	234
2	0
0	128
0	132
7	90
1	82
5	28
8	18
30	118
0	118
0	0
0	0
0	0
0	0
0	0
0	0
0	0
0	0
0	0
0	0
1	0
0	0
0	0
0	0
9	0
0	0
0	0
2	135
0	135
0	76
0	0
0	0
0	128
0	1574
0	1645
0	1673
0	1648
0	877
32	1495
12	1362
0	214
0	246
2	166
127	162
1	24
0	19
0	996
0	992
0	1006
0	955
0	1004
0	1023
0	944
16	645
0	819
0	848
0	1015
0	1013
0	958
0	1002
0	1006
2	1003
0	978
0	1003
0	970
0	990
0	982
0	933
0	952
0	226
0	380
3	425
0	957
0	976
0	912
0	898
0	955
0	982
0	985
0	893
0	957
0	942
0	1028
0	942
0	981
0	409
3	479
0	864
0	857
1	1010
0	968
0	991
0	457
0	454
2	919
0	898
0	973
0	934
0	1035
0	956
1	771
0	843
0	795
0	90
7	304
0	195
0	130
0	16
0	52
0	847
0	282
0	527
0	136
2	242
0	103
0	304
0	300
0	304
19	247
0	304
4	307
0	317
14	342
0	344
0	127
0	247
2	551
0	369
2	49
1	336
3	49
6	254
0	365
0	396
0	62
0	54
0	127
0	191
1	312
2	290
0	284
6	250
0	166
0	0
0	0
0	0
0	0
0	0
0	0
0	0
0	0
0	0
0	0
0	0
0	0
0	0
0	0
0	0
0	0
0	0
3	893
11	442
1	893
0	319
0	350
0	349
0	334
0	340
0	306
0	347
0	350
0	323
0	256
0	313
0	332
1	299
0	350
0	331
0	356
0	314
1	289
0	338
0	345
0	224
0	313
0	289
0	327
0	193
0	297
0	331
0	244
0	286
0	291
0	330
0	206
0	279
0	357
0	102
0	352
0	339
0	251
0	312
0	280
0	300
0	289
0	298
0	355
0	173
0	188
0	153
0	4
1	8
0	37
0	29
0	52
1	30
0	369
0	922
0	919
44	1090
2	1053
1	933
0	1064
0	889
0	1055
0	1049
0	954
0	869
0	188
39	547
2	395
0	473
0	1020
2	599
2	794
0	736
0	838
0	826
0	65
0	444
0	503
0	205
1	484
0	179
20	27
10	420
0	284
0	190
0	223
11	244
0	39
0	108
8	87
0	24
12	1226
4	1211
0	286
1	41
1	78
0	81
0	6
0	27
1	87
294	106
0	106
0	11
0	13
1	0
15	57
0	48
1	0
0	0
0	12
2	17
0	6
0	3
0	4
1	1
0	2
0	8
1	14
0	10
0	5
0	3
0	1
0	1
0	0
17	138
0	47
7	138
0	2212
0	2154
0	2348
4	2253
0	2358
0	2169
0	2231
0	2211
0	2387
0	2359
0	2303
0	1664
0	599
0	2176
0	1995
0	2487
0	2379
0	2305
0	2394
0	2390
0	2368
2	2382
0	2376
28	2370
2	2380
0	2366
0	2389
0	2405
0	365
3	931
0	348
10	639
0	509
775	2349
31	124
1	559
1	512
0	354
0	435
0	544
10	18
26	1934
0	0
0	0
456	25
0	25
178	1096
1	351
0	744
0	0
0	1
0	1
0	0
0	0
0	1
0	0
0	0
0	0
2	6
0	6
0	6
0	6
1	3
8	0
0	0
0	1112
5	402
21	1111
13	43
0	148
15	360
6	0
0	60
0	31
0	259
39	235
0	210
1	89
0	84
0	76
0	90
0	48
1	36
2	71
0	27
1	19
17	36
0	24
12	11
0	141
2	1624
2	1769
0	234
0	143
0	301
0	1758
0	58
0	175
1	215
0	226
1	20
0	532
1	300
3	110
47	450
0	443
8	403
0	330
3	335
1	259
0	182
59	230
1	103
13	94
4	18
0	18
587	374
1	31
2	325
0	21
89	1749
0	556
0	192
0	59
2	28
0	21
0	13
0	39
1	167
0	16
3	148
0	7
2	25
0	587
1	428
0	484
0	531
7	514
1	540
0	561
0	542
0	563
0	462
0	505
0	546
0	494
0	514
0	532
0	170
0	267
0	274
0	227
0	81
0	18
0	0
0	0
0	97
0	2202
0	2012
0	2748
0	2011
0	1948
0	2189
0	201
0	73
7	601
0	1737
0	142
4	32
3	148
1	96
0	2890
0	2490
0	2711
0	2858
0	1645
0	2820
0	381
0	406
17	314
0	353
0	272
0	64
4	49
0	27
0	55
0	49
0	38
3	17
1	1
353	61
0	15
1	46
3	390
4	238
1	180
1	295
0	98
0	253
1	155
14	148
25	39
0	64
1	12
0	61
0	57
3	60
0	62
4	40
1	47
13	25
0	21
0	14
0	8
0	6
0	7
0	10
0	6
0	4
0	3
0	1
85	1
6	41
0	54
67	90
3	41
10	0
6	57
0	0
0	0
0	0
1809	291
54	248
0	170
0	111
7	0
0	0
0	0
0	0
0	202
525	329
0	86
0	222
0	46
0	5
0	4
0	2
0	3
0	2
0	2
0	2
0	2
0	1
98	33
1	33
0	8
0	14
0	68
0	17
0	15
0	4
0	33
0	67
0	68
0	62
0	0
0	4
0	1
0	2
0	0
0	1
0	1
0	2
0	1
0	1
0	1
0	3
0	3
0	1
0	1
0	1
43	817
0	88
0	207
0	80
1	88
0	813
1	176
0	56
3	151
0	79
0	378
0	406
0	393
0	393
6	168
0	34
0	22
0	3
0	4
1	7
0	9
17	54
1	1
0	2
0	15
0	11
0	5
0	1
0	0
0	0
0	0
0	0
2	0
1	1
0	148
0	119
0	140
0	106
0	11
0	7
0	9
0	5
5	0
5	4
0	6
0	140
0	0
0	0
2	1045
0	1045
2	1029
0	1028
0	1028
0	1028
0	0
0	0
0	0
740	167
1	19
7	37
6	106
619	347
5	344
0	53
0	258
0	79
0	166
0	23
0	136
0	57
0	0
0	0
0	0
0	39
0	0
0	33
0	0
0	106
0	161
0	103
0	149
0	83
0	81
0	7
1	1
1	13
0	1933
0	2187
0	1624
3	1256
4	1596
0	1585
3	1110
1	1652
1	821
0	1593
0	512
0	347
8	176
995	124
11	679
0	97
8	614
10	538
0	579
0	607
0	444
4	334
2	223
1	179
0	0
0	0
0	0
0	0
0	0
0	0
0	0
0	0
0	0
0	0
0	0
0	0
0	0
0	0
0	0
0	0
0	0
0	0
0	0
0	0
0	0
0	0
0	0
0	0
0	126
0	45
2	3
1	45
0	3
0	8
1	28
0	20
7	27
0	1
0	315
10	24
0	1070
0	720
0	1
0	14
0	11
0	24
0	222
0	386
0	52
0	32
0	6
0	6
0	32
0	37
0	16
6	101
0	9
0	9
1	2
0	45
0	820
70	289
0	47
2	91
0	145
0	28
0	290
2	34
5	2
18	131
3	839
14	839
2	34
0	25
0	2
1	1
256	0
0	1
0	1
0	1
0	0
0	1
0	0
0	527
19	28
0	518
0	521
0	4
0	508
2	461
0	529
0	58
1	64
5	53
1	261
11	313
0	83
0	95
1	150
0	32
1	5
12	1
1	74
0	0
0	0
0	0
28	1001
2	976
1	604
0	616
1	149
0	133
6	142
3	105
2	14
0	0
1	4357
0	4401
0	1045
0	3909
1	1239
4	278
0	1181
3	706
2	888
3	1106
21	702
8	0
0	0
815	193
5	198
75	5
0	0
0	0
0	0
0	0
0	0
283	21
7	15
7	332
0	295
0	369
0	72
0	119
4	145
2	380
0	40
0	375
0	42
2	123
0	379
12	35
6	51
4	35
6	65
8	62
0	9
0	69
0	208
0	211
0	213
0	12
0	1
0	68
0	48
0	63
0	199
0	194
0	74
0	2
0	0
0	0
0	0
0	14
0	35
0	67
0	206
13	1261
34	1262
11	404
0	351
2	122
19	343
40	341
47	145
20	131
3	156
0	278
0	156
44	31
2	20
1	13
0	146
0	3
3	23
0	108
0	20
0	13
0	15
7	157
0	22
0	73
4	4
2	24
0	41
0	1
0	0
0	16
0	1
0	18
0	0
0	16
0	44
0	44
0	2
0	2
0	2
0	4
0	3
0	3
0	4
0	4
0	4
0	3
0	0
0	32
0	0
0	0
0	0
0	0
2	0
0	0
0	0
0	0
0	4
0	6
4	7
0	5
2	5
0	0
0	378
50	225
1	406
2	38
11	380
1	327
17	150
0	3
0	10
0	9
0	6
0	2
0	0
1	1
0	0
0	0
0	0
0	9
277	104
7	127
0	127
0	62
1	59
2	151
0	522
102	800
1	55
1	774
0	532
0	70
0	99
0	45
12	81
0	49
0	112
0	86
1	422
0	0
0	0
20	0
0	0
0	15
0	16
1	8
0	10
1	4
1	4
0	2
0	188
97	402
1	60
0	197
2	244
4	384
4	150
9	196
8	33
1	52
8	0
1	202
0	211
6	151
0	54
2	55
1	39
4	7
0	179
0	194
0	147
0	128
0	43
0	2041
3	1122
0	1262
6	1065
0	1224
0	1137
0	686
0	49
0	9
0	18
0	1
0	39
3	28
0	24
0	0
0	3
0	203
0	219
0	92
0	14
1	11
0	4
0	11
0	12
17	226
2	679
67	684
0	339
0	363
0	437
0	321
0	299
1	358
0	249
0	383
0	385
0	243
19	346
4	345
31	359
1	179
0	153
10	5
0	5
0	0
0	0
0	0
0	33
0	1
0	1
0	13
0	14
0	14
1	2
0	1
0	3
0	3
0	4
0	0
1	3
0	0
0	5
202	376
0	376
0	223
0	4
91	11
0	7
0	675
2	587
0	213
6	308
0	168
0	223
0	130
1	122
0	33
0	0
1	464
0	446
1	314
0	127
3	369
0	140
0	115
0	101
0	118
6	111
0	368
0	342
0	130
0	55
0	54
19	89
15	88
0	8
0	0
1	0
0	0
0	0
0	0
0	0
0	0
0	0
0	0
0	0
0	0
0	0
0	0
0	0
0	0
826	765
0	62
1	76
6	603
14	673
38	63
15	133
0	5
0	1
0	127
0	38
0	691
1	640
2	38
5	282
0	368
0	64
0	266
0	113
0	36
0	75
0	808
0	698
0	451
0	587
0	546
4	713
0	721
0	688
7	810
0	745
0	776
0	771
1	776
12	776
0	805
0	742
0	740
0	769
0	802
0	418
0	757
0	642
0	486
0	720
0	779
0	768
6	281
30	330
0	666
0	552
0	774
0	666
0	716
0	760
0	744
0	740
0	739
0	764
0	745
0	657
0	799
0	736
0	801
0	670
0	785
0	827
0	810
0	70
0	62
0	763
0	645
0	752
0	772
0	749
0	770
0	757
0	656
0	614
1	15
1	157
0	167
0	171
0	72
0	108
1	296
20	140
0	149
4	150
5	101
0	63
0	6
0	68
0	18
0	2946
0	9003
7	10112
32	8865
7	9824
0	3708
0	9817
0	10113
3	1199
49	9161
3	9412
0	2541
0	2560
0	4701
0	3485
6	825
0	5449
0	2738
1	242
0	49
0	248
0	117
0	238
0	35
0	8
0	99
0	189
0	234
0	235
0	245
0	247
0	255
0	64
0	93
0	92
0	44
3	0
0	144
5	89
0	42
31	26
0	19
10	17
6	20
41	9
0	16
11	1
0	124
0	64
0	63
0	62
0	583
0	590
0	74
0	264
459	574
0	54
0	54
0	393
0	80
6	159
0	1
0	1
0	1
0	1
0	0
0	1
0	1
0	1
0	1
0	1
0	0
0	0
0	0
0	0
0	0
0	0
0	0
16	217
1	275
0	218
0	255
13	274
15	98
0	510
4	120
3	428
21	193
0	319
7	299
0	347
1	90
0	129
0	1
5	1
0	0
0	0
0	0
0	9
2	6
0	2
0	4
0	7
0	10
1	8
0	995
0	1012
0	29
0	38
0	1021
0	486
0	612
0	1012
0	443
0	88
0	24
0	81
0	474
0	43
0	457
0	17
16	5
0	5
0	21
0	66
0	452
440	498
3	339
0	59
0	49
16	178
3	39
0	101
0	87
0	46
0	0
0	1
0	1
15	8
0	7
0	7
28	1797
0	1820
0	1045
0	920
68	1043
0	28
0	272
0	251
0	190
0	195
0	147
0	89
0	70
0	60
0	55
0	31
0	26
1	17
0	20
0	19
0	2
0	23
0	21
0	0
0	0
7	26
0	703
0	651
15	158
0	625
0	673
1	621
0	672
3	724
0	533
0	85
1	32
0	357
5	73
2	100
0	56
0	57
0	91
0	125
0	132
0	162
1	842
0	794
3	769
0	817
0	130
36	741
0	241
5	6
2	5
0	0
0	0
0	0
0	0
0	0
0	0
0	0
0	0
0	0
0	0
0	0
0	0
0	0
0	0
44	9
0	9
0	7
14	8
2	8
0	3
0	0
0	0
0	0
0	1
0	153
2	162
0	6
0	0
0	1
3	10
0	8
0	10
0	7
0	8
0	0
0	0
0	0
0	0
0	0
0	0
0	0
0	0
0	6
1	26
0	821
0	7
0	833
0	829
1	23
0	11
0	7
0	8
0	6
0	11
1	6
0	41
3	6
0	6
0	2
0	18
0	17
1	826
0	19
0	2
0	832
0	21
0	734
0	740
0	17
0	17
1	743
17	966
281	999
0	159
0	360
0	22
0	39
1	42
0	16
0	20
1	24
0	2
0	11
0	3
0	10
0	9
0	13
1	12
1	5
0	3
1	2
3	2
0	19
0	321
0	0
0	0
0	0
0	0
0	0
0	0
0	0
0	0
0	0
0	0
0	0
0	0
0	0
0	0
0	0
0	0
0	0
0	0
0	12
10	12
1	1
2	588
10	596
0	592
2	595
0	189
0	187
5	127
16	125
0	69
0	107
0	393
0	18
0	136
0	57
278	147
1	11
0	113
0	11
0	11
0	36
0	30
0	110
513	447
2	50
5	72
4	61
1	78
0	205
0	53
0	76
0	18
0	44
0	73
0	16
0	6
1	12
0	7
0	418
0	1185
0	1192
11	336
0	11
0	4
3	2
0	1189
0	550
3	4
0	4
0	8
0	8
0	3
0	2
0	1
0	1
0	0
0	0
0	0
2	41
3	43
1	954
0	20
0	953
0	306
0	286
0	305
0	305
0	305
0	0
0	306
0	307
0	306
0	335
0	256
0	310
0	348
0	333
0	319
0	293
0	343
0	324
2	72
0	251
0	267
0	305
0	306
0	296
0	340
0	342
0	298
0	348
0	72
0	10
0	14
0	47
0	287
0	342
0	72
0	64
3	334
0	27
0	335
0	47
0	339
0	311
0	314
0	76
0	39
0	312
0	276
0	42
0	216
3	0
198	0
0	336
0	62
0	318
0	317
10	23
10	82
0	39
1	22
0	0
0	0
0	0
0	0
0	0
2	0
1	33
1	30
0	87
0	102
0	256
0	78
0	309
4	73
0	293
1	112
0	303
1	32
0	24
3	70
0	0
0	7
2	7
0	7
0	7
0	7
2	5
13	398
0	24
0	50
0	328
0	362
0	334
2	99
0	305
8	238
0	362
1186	406
0	406
5	8053
122	8047
0	155
1	218
1	53
0	375
9	204
1	238
0	0
84	456
12	456
7	22
29	87
0	0
0	0
0	0
0	0
0	0
0	0
0	0
0	0
0	0
0	0
0	0
0	0
0	0
49	3880
254	3733
24	3031
2	1902
4	1292
58	1463
147	2792
0	2882
0	1633
1	777
3	675
0	524
0	534
0	91
4	175
0	103
0	380
1	339
4	109
0	179
0	358
0	357
0	307
0	101
9	33
1	137
0	96
0	81
1	295
0	467
0	398
0	85
1	42
4	85
0	224
13	594
20	627
4	495
0	0
0	0
0	0
0	0
0	0
3	0
0	4
0	4
0	4
0	0
0	4
0	3
0	4
0	5
0	5
0	6
0	3
274	130
0	50
3	28
0	121
5	124
2	116
0	124
0	126
0	116
0	117
0	47
0	35
0	36
0	31
4	4
18	32
0	19
0	2
0	2
0	23
0	2
0	19
0	21
0	4
0	22
0	27
0	11
0	19
0	17
0	0
0	0
0	0
0	0
0	0
0	54
0	224
0	35
0	224
1	221
23	231
0	31
1	116
0	43
0	14
0	30
0	52
0	56
0	5
0	8
0	27
0	30
0	27
0	32
2	1
0	3
0	4
0	5
0	56
0	54
90	594
15	594
0	864
0	901
2	171
44	857
1	92
2	0
16	73
29	114
2	240
21	213
6	99
0	155
0	43
0	145
0	3
0	49
0	86
0	64
1	35
0	2
0	4
0	1220
0	107
0	1220
0	256
14	1078
25	1101
2	174
0	774
16	2401
0	2401
0	416
2	155
22	220
1	184
2	48
3	169
3	210
2	184
0	5
1	79
1	0
0	26
0	27
2	137
1	509
534	943
0	0
3	314
0	875
0	7
0	311
0	0
3	371
0	357
2	108
2	2
0	534
0	536
11	144
0	358
0	20
7	413
2	194
0	394
0	29
0	59
0	5
0	15
1	0
0	29
1	29
0	5
2	256
0	276
7	60
1	252
0	178
0	73
0	63
0	44
0	50
44	8
0	8
0	721
0	614
4	22
281	715
10	59
5	19
0	388
0	693
0	35
0	345
11	375
0	54
0	381
0	38
0	225
1	98
0	228
0	118
3	132
8	55
0	128
0	273
2	42
19	70
22	15
0	1
0	15
0	1
0	0
0	0
0	0
0	321
0	93
0	149
9	190
0	64
0	143
0	137
0	95
5	85
6	65
0	653
4	535
0	657
0	638
0	92
1	1
1	171
0	148
2	106
0	108
1	64
2	0
0	1
2	364
0	37
0	22
0	8
0	8
0	3
25	12
461	115
0	102
6	1423
29	525
1	932
6	419
2	241
0	243
0	368
1	187
18	192
0	551
0	1298
390	7
1	7
47	43
0	18
1	33
0	19
2	20
0	9
0	705
0	1327
0	1403
0	2703
3	2680
0	2700
0	1411
0	2624
1	232
45	592
0	102
0	0
0	988
0	824
0	465
0	471
0	467
0	229
0	204
0	180
0	165
0	165
0	156
0	51
0	106
0	76
0	62
2	58
4	54
1	64
1	53
0	47
0	43
1	11
95	28
4	2
0	16
1	3
1	26
0	12
3	10
9	10
0	1
0	17
3	4
6	0
5	12
0	419
0	117
0	758
0	791
0	799
0	800
0	446
1	446
0	788
1	788
0	799
0	76
0	95
0	817
0	773
2	0
0	115
0	408
3	47
0	665
0	28
0	92
4	359
4	27
0	23
0	23
0	11
0	96
0	116
0	16
0	27
0	33
0	19
0	102
0	27
1	34
0	105
0	113
0	25
0	24
0	112
0	55
0	114
0	18
0	27
0	113
0	112
0	24
0	19
0	101
0	79
0	3
0	23
1	22
16	1
0	100
0	113
0	25
0	41
0	47
0	18
0	17
0	22
0	15
0	19
5	80
0	15
0	9
0	45
0	6
0	8
1	79
3	79
0	14
8	73
1	9
0	15
0	1
0	1
1	1
0	1
0	1
2	13
0	13
0	0
7	4
0	13
2	1
0	0
0	0
7	131
0	18
0	121
0	11
0	118
0	10
2	9
0	8
0	110
0	16
0	12
0	31
0	24
0	35
1	4
0	21
1	28
0	323
0	1169
51	1182
6	70
1	136
1	54
5	39
0	37
0	20
2	0
0	0
0	0
0	0
0	0
0	372
0	105
10	519
7	430
4	497
1	145
6	410
0	220
3	184
0	130
0	146
4	93
98	331
0	24
0	7
0	43
3	321
1	50
1	4
0	175
0	16
0	2
0	41
4	2
2	10
2	2
0	10
0	9
0	2
2	10
34	19
9	3
0	10
36	573
1	465
0	350
0	168
0	243
10	498
57	691
0	635
0	845
0	398
1	384
3	22
9	206
50	311
2	677
94	813
22	815
1	68
127	426
3	527
1	359
916	0
2	1
0	0
0	0
0	0
0	0
0	0
0	1
1	0
0	0
1	107
0	189
4	166
3	135
12	79
0	84
0	11
87	1389
2	1084
11	0
10	238
5	423
1	36
0	458
0	235
1	1389
0	97
3	432
0	432
0	440
0	44
1	10
0	23
3	18
0	34
1	21
0	22
0	17
0	45
0	131
2	7
7	46
0	14
0	47
0	634
2	594
0	26
20	589
0	812
0	423
11	655
14	566
1	633
0	633
0	629
0	633
20	0
7	629
40	620
0	353
1	319
0	305
0	346
0	143
0	56
95	1456
0	29
5	820
2	1454
0	1382
0	132
0	181
8	211
0	284
3	274
0	176
0	663
0	939
0	1068
0	454
0	987
4	363
0	14
0	644
0	939
0	46
1	183
0	638
3	53
211	74
2	21
0	2
0	5
0	1093
0	1077
2	375
0	323
5	367
1	334
1	334
0	329
0	29
0	326
0	127
0	183
0	214
0	330
2	42
0	107
3	15
1	41
1	54
0	60
0	85
196	291
4	257
0	247
0	233
4	91
0	56
0	52
4	36
0	15
1	34
10	47
0	30
4	3379
14	3612
1	3552
27	3548
3	3550
12	1720
0	1005
0	532
39	78
4	228
2	159
2	154
0	147
0	143
0	111
0	88
0	71
0	1272
0	1
0	1427
463	1503
0	1250
0	1333
0	55
23	0
247	122
0	132
0	132
0	110
0	1
529	317
0	317
1	41
23	66
0	0
0	0
0	0
0	0
0	0
0	0
0	0
0	0
0	0
0	0
0	0
1	475
8	393
57	401
4	58
0	0
0	52
0	51
2	53
0	50
0	57
0	55
0	55
0	53
0	51
0	1
0	1
0	0
0	0
0	1
0	1
0	1
0	2
0	1
0	2
1	0
0	0
0	0
0	0
0	0
0	0
0	0
0	0
0	0
0	0
0	0
22	273
3	270
0	60
0	61
0	61
0	30
2	22
0	6
0	10
0	0
0	61
0	63
2	63
0	61
3	2
1	2
0	69
0	285
0	415
82	70
0	386
0	156
1	36
0	105
0	85
0	38
0	54
0	109
0	1
1	7
3	7
0	8
3	2
0	0
384	228
42	241
10	52
0	0
0	0
0	0
0	0
0	0
0	0
0	1
0	0
0	0
0	1
0	0
0	0
0	0
0	0
0	0
0	0
0	0
0	0
0	0
0	5
0	0
0	0
0	0
0	0
0	29
1	29
1	3
0	20
3	50
0	12
0	19
1	4
64	42
0	18
0	4
0	4
0	88
0	87
0	73
0	193
0	174
0	177
1	153
0	104
0	123
0	123
6	88
0	82
3	86
1	82
0	42
0	44
1	38
0	189
0	661
0	830
0	898
1	789
4	821
4	407
9	249
0	576
39	278
2	266
0	67
6	49
3	166
0	167
0	67
0	148
0	60
1	11
1	55
0	41
0	39
0	38
0	24
0	21
0	20
0	1
0	0
0	2
1904	11
0	11
0	0
0	0
0	1170
0	1177
0	32
4	576
8	439
2	44
10	0
0	6
0	0
0	0
0	0
0	0
0	0
0	0
0	1
0	2
0	1
225	609
0	616
0	609
0	581
0	586
0	500
60	381
0	200
0	273
0	238
0	216
0	137
0	156
0	155
0	115
0	144
0	99
0	88
0	68
0	95
1	30
0	0
0	3
0	1
0	0
0	0
1	81
0	167
0	278
2	108
1	242
2	111
0	89
0	74
0	0
0	0
0	0
0	0
0	2
0	2
1	186
0	10
0	30
0	88
0	77
0	28
0	20
0	59
0	87
0	7
0	66
0	20
4	29
1	44
0	188
0	19
0	74
0	19
0	16
0	69
0	69
3	1
0	18
0	19
2	68
32	68
0	13
0	19
0	19
0	12
0	0
0	0
0	0
0	0
0	0
0	0
0	0
0	0
0	1
0	1
131	15
6	15
40	0
0	71
0	67
0	67
0	0
51	12629
848	13242
0	4226
4	3226
0	592
1074	57
43	13
0	7
0	6
0	0
71	563
0	564
18	232
0	552
0	233
0	554
0	523
0	161
0	162
0	1087
0	1232
0	1244
0	1258
0	1203
0	1207
0	1045
0	100
0	14
0	1226
0	1119
1	0
0	1
0	2
0	2
0	2
0	2
0	1
0	1
0	1
0	1
0	1
0	1
2	221
0	210
0	89
20	223
0	254
0	224
0	221
0	254
0	224
0	229
0	217
0	229
0	205
0	199
0	113
0	126
0	44
0	67
103	92
0	16
0	2
0	90
398	475
6	475
0	65
0	1
0	0
0	1
0	0
0	1
0	1
0	1
0	0
0	1
0	1
0	0
6	2087
2	15
0	14
4	109
7	213
0	2082
0	2082
402	251
0	45
19	251
7	229
0	229
0	261
0	141
0	43
0	32
13	26
0	11
0	200
60	25
0	13
0	15
0	4
0	5
0	2
0	10
0	26
3	20
0	14
2	3
0	1
0	3
0	1
0	285
0	485
0	400
0	380
0	780
0	399
0	404
0	468
0	380
0	420
0	466
0	361
0	361
0	485
0	425
0	380
0	39
0	104
0	0
0	1
0	1
233	467
1	447
5	248
0	145
1	99
3	115
0	51
0	257
2	212
0	193
0	162
3	185
0	224
2	90
112	118
93	100
0	54
1	40
4	0
6	18
0	46
1	53
7	59
2	20
1	15
0	3
0	2
0	15
0	16
0	5
0	6
0	7
2	900
0	6
0	224
0	1
0	909
1	484
0	34
0	599
0	37
0	6
0	33
0	57
0	472
237	421
1	6
0	421
1	2105
3	2059
0	2427
5	1099
0	2428
88	2429
0	2122
25	2021
23	1808
2	553
0	0
0	1
0	0
0	1
0	0
0	0
0	1
0	1
0	0
0	3
1	0
0	1
0	1
0	1
0	3
0	1
0	1
0	1
0	0
0	0
65	86
0	59
0	58
0	32
0	53
0	33
0	7
0	2
0	7
0	4
0	16
0	12
0	5
0	8
0	7
1	6
0	0
0	4
0	1
0	2
0	80
0	0
0	0
0	0
0	2
0	2
0	2
0	2
0	2
0	2
0	2
0	5
0	5
0	4
0	4
0	4
0	4
0	4
0	4
0	4
0	4
0	0
0	0
0	0
0	0
0	0
0	0
0	0
0	0
0	0
0	0
0	0
0	0
0	0
0	0
695	1252
0	423
0	57
0	621
0	166
1	106
0	296
0	161
47	158
0	142
0	86
0	49
0	19
0	53
0	47
0	14
11	34
39	1
0	1
0	2
0	0
0	0
0	0
0	0
0	0
0	0
0	0
0	0
0	0
0	356
0	357
0	300
3	315
0	328
0	340
0	355
0	351
0	355
0	352
0	328
1	351
0	334
0	329
0	343
0	350
0	353
0	355
0	355
5	282
33	3
0	10
10	26
0	18
14	2
7	81
4	79
0	11
0	13
2	0
915	650
47	650
2805	640
0	640
3	201
2	2
1	0
0	2
0	1
0	1
0	0
0	0
151	136
0	135
0	0
0	0
44	855
0	855
0	0
0	1
0	1
0	0
0	1
0	0
0	0
0	1
0	504
0	1021
0	909
0	546
5	17
0	17
0	1
0	17
21	18
0	14
0	3
0	5
3	21
0	2
0	3
0	12
0	450
0	521
0	249
0	373
1	311
0	225
0	228
3	210
2	207
1	139
4	5
0	136
1	123
9	5
0	0
0	0
0	0
0	0
0	0
0	0
0	0
0	0
0	0
0	0
0	0
0	0
0	0
0	0
0	0
0	0
0	0
41	153
1	57
0	37
4	20
0	40
0	27
1	47
0	41
2	31
0	28
2	411
0	361
5	99
18	149
7	976
0	909
0	333
0	283
0	85
0	146
0	134
0	395
0	306
5	67
1	108
0	494
0	0
0	0
0	0
0	0
0	291
0	205
0	147
0	1142
0	113
0	175
0	186
0	1015
0	192
0	221
0	280
7	48
0	102
0	1137
0	1065
1	1065
0	346
2	0
1	819
0	820
0	816
0	178
5	422
0	124
133	1301
3	1238
0	532
3	301
0	239
5	261
2	367
0	0
0	0
0	0
0	0
0	0
0	0
0	0
0	1
0	1
0	0
11	67
1	8
241	68
0	34
3	6
3	1
0	0
0	1
28	743
0	701
0	546
0	29
0	121
0	204
1	204
2	39
0	39
1	31
0	42
0	39
0	39
0	30
0	25
0	4
0	2
149	284
0	151
0	118
2	212
0	297
0	212
10	270
3	257
0	60
0	55
0	28
18	1414
7	1106
0	600
4	90
1	423
1	1600
3	575
14	1401
5	14
0	0
0	559
2	476
0	396
3	212
4	587
0	1705
10	1670
6	1699
2	1186
2	73
0	91
1	269
15	873
2	250
5	736
2	261
1	75
0	280
0	280
0	280
0	297
0	271
0	195
0	285
0	122
0	309
0	309
0	178
0	236
0	280
0	250
0	289
0	240
0	134
0	199
0	267
1	277
0	185
0	152
0	687
0	734
0	34
1	274
0	163
0	727
0	642
0	43
2	10
0	11
0	117
0	6
0	28
0	85
0	92
0	257
0	226
0	615
0	55
0	193
0	212
0	77
0	34
0	87
0	67
0	166
0	19
0	19
1	173
1	187
0	149
0	188
1	163
0	99
2	56
0	59
0	71
0	98
0	98
0	99
0	50
0	71
0	98
1	7
0	0
0	11
0	6
0	39
0	27
0	3
0	39
1	65
0	67
0	1
0	23
1	65
0	67
0	57
0	1960
0	204
0	1962
0	281
2	106
3	73
0	291
6	133
3	101
24	193
0	8
0	8
87	13
0	16
0	9
0	12
1	14
6	813
1	959
0	1104
5	505
8	83
300	36
0	21
1	27
0	19
1	16
0	36
0	20
24	54
0	17
1	3
0	35
0	36
52	609
4	622
1	612
0	220
0	285
1	358
0	438
12	302
0	313
0	584
305	684
3	294
28	352
0	0
1	0
18	493
0	42
5	135
23	183
7	445
92	99
0	75
0	69
0	81
0	53
0	81
0	81
1	91
82	91
0	56
0	14
0	83
0	17
0	34
0	9
1	467
2	837
3	706
4	533
1	299
3	1
0	1
0	0
0	0
0	0
0	0
0	0
2	6
0	6
0	1
0	15
0	3
0	11
0	6
0	5
0	16
1	6
0	5
2	1
0	0
0	0
0	3
1	0
0	2
0	1
0	1
0	2
0	2
0	2
250	64
0	28
0	36
5	0
0	0
0	35
4	395
0	394
0	21
1	40
9	8
9	169
8	169
26	82
126	21
0	0
0	10397
0	10046
0	7872
0	10204
1	9391
104	10034
0	10177
0	9325
0	9061
0	7533
0	6738
2	6554
0	6632
0	4028
0	8122
0	11269
0	8215
0	6682
0	4010
0	3894
0	6306
2	2451
4	2628
0	3804
0	3142
0	2548
0	2567
0	2431
1	2957
0	1232
7	1124
1	231
0	267
24	170
14	195
0	121
0	23
0	10
0	25
0	1
0	0
0	1
0	0
0	1
0	1
0	1
0	1
28	334
72	334
0	770
0	738
0	768
3	35
0	695
0	763
0	696
0	25
0	576
0	158
0	521
0	502
1	436
0	63
3	48
0	58
0	68
1	23
0	64
9	48
1	59
0	91
0	43
4722	1068
0	1
0	0
0	2
0	0
0	0
0	2
0	0
0	0
336	1193
0	279
0	132
4	179
1	96
0	23
7	134
1	986
0	35
0	44
0	44
0	44
0	44
0	44
0	44
0	1
0	4
0	616
0	604
0	535
0	578
0	578
0	537
0	39
0	58
3	470
0	7
0	94
0	144
0	144
0	79
0	112
0	133
0	88
0	149
0	129
0	74
0	128
0	129
0	124
3	111
0	111
0	98
0	80
0	69
0	29
10	28
18	0
0	62
0	63
0	67
0	70
0	5
0	34
0	28
0	31
0	10
0	4
0	62
0	8
0	14
0	44
18	24
0	24
6	357
0	356
0	189
0	23
0	7
49	520
2	432
1	222
0	104
3	228
13	199
2	114
0	429
0	629
21	490
0	513
0	246
1	112
0	0
263	64
1	63
1	51
0	57
0	1
14	1615
1	398
0	1687
0	304
0	575
0	418
0	216
4	76
4	335
158	208
0	194
1	195
0	24
1	12
1	21
0	14
1	13
6	0
1	122
0	325
0	15
5	0
0	15
5	27
0	35
0	43
0	64
16	123
1	308
0	311
0	325
0	318
0	70
0	80
0	112
0	145
0	3
0	62
0	61
0	62
0	60
0	63
0	60
0	63
0	59
0	7
0	36
0	5
3	138
0	124
0	4
0	125
0	9
0	31
0	13
0	3
0	14
1	14
0	17
0	117
0	117
0	125
0	3
4	414
0	544
0	778
0	810
0	864
4	658
8	456
3	643
0	484
5	59
0	117
1	114
0	216
0	151
0	219
0	268
0	252
2	255
0	244
0	264
0	238
0	190
0	64
0	39
2	54
0	23
0	722
0	728
0	563
0	736
0	725
0	538
0	538
0	41
0	580
0	583
0	51
0	991
0	982
16	987
3	591
0	68
0	364
6	0
0	70
0	547
1	58
0	13
8	357
1	51
129	83
0	9
0	7
0	0
0	4
0	7
0	4
0	70
0	5
0	1915
1	4763
6	4832
0	4832
20	116
0	215
0	124
11	98
0	196
1	385
1	1340
0	108
61	71
0	15
0	94
0	2080
23	199
0	1399
0	1509
31	1670
0	1950
0	2017
0	390
0	761
0	177
0	715
1	2
0	134
0	0
0	0
0	359
0	0
0	0
0	0
0	0
3	154
1	556
0	210
0	0
0	71
0	0
0	420
0	5
0	0
5	0
0	0
0	286
0	259
0	236
0	267
0	252
0	252
0	210
0	196
0	176
0	53
0	0
0	20
0	183
0	166
0	20
0	109
0	33
0	178
0	92
0	142
0	18
0	18
0	18
0	18
0	0
0	0
0	0
0	1
0	0
20	353
0	361
8	39
0	111
0	27
0	493
1	195
0	2059
0	565
208	2070
0	599
1	352
0	290
0	418
1	237
0	626
0	361
0	138
0	206
33	323
1	18
28	66
1	66
0	290
0	309
0	23
6	13
0	9
8	18
0	0
0	0
0	0
1	0
0	326
0	88
0	73
1	34
0	320
0	1
0	1
0	1
0	1
0	0
0	1
0	1
0	1
0	0
4	0
0	0
932	203
0	0
0	0
0	0
0	0
0	0
0	0
0	0
0	0
0	0
0	544
0	538
2	418
0	542
58	173
0	168
2	44
0	35
0	41
1	80
0	14
1	16
0	28
0	14
1	57
1	18
0	70
0	0
0	0
0	0
0	0
0	1659
0	1451
0	410
3	1659
0	289
0	396
0	348
0	559
4	28
19	1041
0	50
0	818
1	1003
0	980
0	596
0	852
1	46
6	22
3	182
4	52
5	208
0	316
3	244
1	308
0	311
1	205
1	312
0	273
0	311
1	173
0	94
3	150
0	0
173	555
49	220
8	195
0	167
0	139
1	94
1	189
3	0
0	0
0	0
0	0
0	0
0	0
0	0
0	0
0	0
0	0
0	0
0	92
50	1113
14	117
0	144
0	466
0	172
0	1080
0	275
0	275
0	254
2	221
7	300
0	101
0	1628
292	1776
4	644
1	439
11	140
9	182
19	269
0	1
2	1314
0	33
0	128
0	56
0	197
1	121
0	221
0	136
0	118
0	30
0	26
0	42
0	111
0	255
0	56
0	121
0	7
1	6
0	36
0	45
0	28
1	43
0	0
0	117
0	40
0	1
4	234
1	29
2	9
0	125
0	30
0	241
0	20
0	32
0	0
0	6
0	9
1	0
0	0
0	0
0	0
0	0
0	0
0	441
0	474
3	389
1	68
0	176
0	74
11	71
3	144
1	90
2	110
7	34
34	14
23	126
0	96
0	68
0	49
0	48
2	27
0	26
0	34
0	15
0	20
0	18
0	15
0	13
0	91
0	85
2	13
1	13
16	1467
8	47
0	1425
0	1355
1	118
18	41
5	80
0	99
8	73
2	399
4	377
0	91
2	241
3	134
0	372
0	62
0	27
1	0
5	221
0	374
0	371
58	142
0	27
2	64
0	58
1	42
0	82
1	65
1	53
1	1031
2	1031
0	1002
30	543
60	549
3	159
1	94
1	273
0	164
0	171
1	82
0	184
0	26
0	19
1	0
0	813
0	836
1	128
0	205
0	0
0	1022
6	1018
0	169
1	50
0	0
0	1
0	0
0	23
0	26
0	46
2	17
1	24
0	8
1	69
0	26
0	12
0	317
0	309
96	1947
0	73
0	87
0	73
0	669
0	0
0	0
0	1
0	1
0	1
0	1
0	0
0	0
0	1479
0	1479
1	1349
0	1320
7	1316
0	319
0	884
3	463
0	427
0	176
0	0
0	0
6	11
0	1
0	6
0	2
0	2
0	3
0	0
0	1
0	0
1	0
0	1
11	12
1	11
230	98
5	97
0	1
0	327
1	1121
0	1131
0	348
0	1169
0	325
0	725
13	562
0	0
2	135
0	156
1	0
0	324
0	51
2	193
2	330
25	21
1	16
0	21
3	62
0	85
1	53
2	0
93	60
6	52
0	22
10	365
0	76
0	232
0	356
8	444
3	76
0	291
5	270
0	52
1	72
0	38
1	40
0	24
1	23
0	58
1	32
1	40
3	17
0	25
1	315
2	354
5	376
0	749
0	746
0	703
0	747
1	747
0	726
0	673
0	649
0	598
0	667
0	733
0	670
0	678
0	652
0	727
0	708
0	673
0	668
0	703
0	600
0	374
0	374
0	306
0	141
0	142
0	48
0	3
0	2
0	2
0	3
0	2
0	3
0	2
0	1
0	0
0	860
0	22
0	395
0	61
0	42
0	35
0	528
14	301
1	38
0	799
0	208
0	13
2	51
36	69
0	146
0	24
0	48
0	42
47	209
13	21
7	56
1	0
0	12
0	13
0	13
0	0
0	10
0	10
0	10
0	11
0	9
0	9
0	9
0	7
0	2
0	5
0	1
0	2
0	2
0	1
0	1
0	1
0	1
0	1
0	0
0	0
0	0
0	0
0	0
0	0
0	0
0	7
0	20
1	18
0	8
1	22
2	7
0	3
4	834
12	878
0	56
0	7
0	113
16	62
0	5
0	217
2	211
1	208
0	17
26	64
0	65
0	3
0	6
0	9
0	6
0	0
0	0
0	0
0	0
0	0
34	617
822	618
7	33
12	987
0	1308
0	1392
36	515
0	1387
0	1142
2	1288
0	535
1	657
0	698
12	110
0	1
0	1
0	1
48	157
7	157
442	0
0	16
0	16
0	15
0	16
0	2
0	2
0	7
0	10
0	3
0	13
0	101
0	89
5	114
0	35
7	32
0	37
0	96
0	24
0	43
0	909
1	96
1	37
0	39
0	918
0	332
0	56
0	34
0	82
0	35
0	37
0	909
0	76
0	897
70	701
0	887
0	2
0	0
0	0
0	0
0	3
0	0
0	1
0	0
0	3
0	0
0	0
0	1
0	0
0	0
1	1
12	92
1	862
0	751
22	851
1	577
1	94
0	94
0	0
0	0
0	0
0	0
0	0
0	0
0	0
0	0
0	0
0	0
0	0
0	0
0	0
0	0
0	0
0	0
0	0
0	0
0	0
0	0
0	0
0	0
0	0
0	0
0	0
0	232
1	140
0	11
0	227
7	35
0	257
0	231
0	103
0	226
3	92
0	55
0	188
5	21
762	258
34	258
119	58
15	18
0	6
1	8
0	45
0	21
1	28
523	389
2	217
0	414
0	296
1	36
3	42
6	26
0	69
1	26
2	23
0	23
0	23
0	0
813	1
0	423
1	194
0	51
4	216
23	5
7	30
0	37
0	13
2	17
665	509
0	157
3	142
1	173
0	125
0	113
36	81
0	2
0	2
0	2
0	1
0	0
0	0
0	0
2	0
360	1558
1	574
0	251
0	37
1	274
1	355
0	363
16	473
2	571
0	779
2	374
47	239
0	20
5	40
0	756
0	29
399	584
0	42
0	135
0	51
0	87
7	71
7	88
0	44
7	175
0	165
0	292
0	0
0	0
0	0
0	2384
0	2368
0	1028
0	448
0	1861
0	116
0	213
0	407
0	565
0	410
0	388
0	258
0	176
0	93
6	57
0	364
22	44
0	363
7	103
0	360
0	155
0	50
0	97
0	56
10	82
1	2
1	16
0	94
0	109
0	94
0	0
0	0
0	0
0	0
0	0
0	0
0	0
0	0
0	0
0	0
0	244
0	299
13	380
3	720
20	720
0	555
0	0
0	0
0	0
130	295
0	288
0	12
0	38
1	9
4	0
0	0
1	1
0	1
0	0
0	0
0	0
0	0
0	1
1	0
3	3
3	2
0	0
0	1
0	1
0	0
78	0
4	41
0	16
0	16
0	9
1	26
2	26
0	26
0	11
14	1034
12	118
1	1115
0	777
0	1028
2	415
31	680
0	1
0	1
0	2
0	2
0	1
0	1
0	0
1	0
1	1
0	1
0	0
0	0
0	3
0	3
0	4
0	2
0	0
0	0
0	0
0	0
0	0
0	0
4	0
0	0
0	0
0	0
0	0
0	0
0	0
0	0
0	0
0	0
0	0
1	6
0	6
0	2
14	342
0	348
0	228
2	4
0	19
2	46
0	321
0	118
0	33
5	273
0	15
429	35
2	26
1	1652
218	1715
0	477
0	939
7	1598
1	8
18	1581
0	571
0	451
2	22
1	172
0	163
0	123
0	0
2	0
0	0
0	0
191	1272
42	20
3	123
7	1129
0	357
1637	822
5	161
0	108
6	1
1	426
53	575
0	378
1	485
0	441
3	173
0	117
13	173
1	173
4	0
0	280
0	200
0	374
38	175
0	279
0	327
1	254
4	22
0	74
0	172
6	80
0	0
0	0
0	0
0	0
0	0
0	0
0	0
0	0
0	0
0	11
0	13
0	11
0	10
0	15
1	1
3	5
1	6
0	13
0	9
0	5
6	6
1	6
0	5
0	2
0	4
41	862
0	877
9	780
0	754
0	1
0	5
0	10
0	10
0	10
0	1
0	0
0	0
0	119
5	184
0	184
0	54
7	52
0	16
2	0
0	0
0	0
0	0
0	0
0	0
0	0
5	5
0	5
0	3
0	4
0	17
1	219
0	657
5	1
0	24
2	19
0	31
259	833
0	286
0	41
0	145
0	28
2	31
3	24
0	29
0	19
0	93
0	335
2	355
0	217
0	114
0	0
0	0
0	0
0	0
0	0
0	473
0	1
0	0
0	0
0	0
0	0
0	0
0	0
0	0
0	2118
0	2119
0	2136
0	2152
0	2189
1	0
5	18
14	138
0	129
13	22
125	189
0	156
0	131
0	14
2	0
0	8
0	77
0	7
0	62
0	33
0	5
0	43
0	36
0	55
0	21
0	17
0	41
0	64
3	95
2	84
0	35
0	68
0	96
1	30
0	16
0	36
0	18
0	27
0	38
0	88
0	9
0	27
0	48
0	38
0	1652
8	1599
15	3091
0	4111
0	3370
1	3065
0	2933
6	3828
0	2543
0	2687
0	1522
0	11
0	7
8	34
2	34
8	4
0	12
0	74
2	74
0	66
2	10
0	14
0	14
0	9
0	12
0	5
11	37
180	0
48	208
0	102
2	43
2	26
9	66
6	51
0	83
0	73
0	64
0	71
0	50
0	58
0	48
0	59
0	14
0	2
5	1
6	1
0	0
0	1
1476	2090
6	647
0	645
1	1895
0	220
1	506
1	481
6	218
27	163
0	558
0	4
0	4
0	5
0	5
0	4
0	4
0	4
0	4
0	7
134	511
0	449
0	47
0	32
1	30
0	0
0	0
0	0
0	0
0	79
1	969
0	826
0	322
6	907
0	79
1	75
0	569
0	44
0	59
0	95
0	55
0	75
9	79
0	0
0	0
0	0
0	0
909	2985
3	2043
1	1575
7	0
0	629
0	253
0	2329
1	258
0	182
0	775
0	1019
0	345
3	560
2	226
4	126
0	681
2	2265
0	96
0	161
6	161
1	39
1	86
0	7
1	105
1	85
2	57
0	25
3	46
0	50
0	378
15	297
14	191
3	350
0	130
1	130
5	112
15	57
19	1728
0	1732
3	1706
0	1645
0	375
0	217
3	74
1	40
0	0
0	406
0	523
0	199
11	88
0	131
1	130
3	482
10	150
0	154
0	181
9	123
28	260
0	364
0	0
0	0
0	0
0	0
0	0
0	0
0	0
0	0
524	32
0	25
0	24
0	139
1	139
2	12
1	12
13	139
1	345
9	680
6	672
0	340
7	45
11	0
1	167
10	658
0	607
23	659
0	603
0	589
4	547
0	562
4	345
0	657
0	0
0	0
0	0
9	149
5	14
0	145
70	287
116	91
0	161
0	90
0	128
1	130
0	97
3	0
1	9
0	9
0	9
1	3
1	130
0	28
0	0
9	1
1	0
0	1
0	0
0	347
207	347
9	32
0	29
0	30
0	6
0	8
0	30
0	4
0	22
0	10
0	17
5	1
0	9
4	23
0	9
0	5
0	4
0	4
0	4
0	4
2	2
0	2
0	2
0	2
1	2
0	137
0	373
0	342
0	344
0	365
0	223
0	134
1	145
0	141
1	136
0	125
0	108
0	65
0	119
0	75
0	87
0	129
0	91
0	105
0	97
0	89
0	98
0	47
0	88
0	115
0	128
0	112
0	106
0	87
0	87
0	94
0	42
0	116
0	19
0	87
0	91
0	76
0	128
0	126
0	88
0	50
0	99
0	66
0	113
0	121
0	75
0	75
0	69
0	37
0	28
0	28
0	9
0	366
79	399
0	43
0	23
7	152
0	70
0	93
1071	1568
39	487
9	1026
0	1041
1	1
0	1
1	2
0	2
0	2
0	1
0	1
0	0
0	0
0	0
0	0
0	2057
0	335
0	709
0	396
0	465
0	477
0	1346
13	2070
0	0
0	0
0	0
0	0
0	0
0	0
0	0
0	0
0	0
0	0
0	0
0	0
0	0
0	0
0	0
1	553
0	367
0	213
0	267
0	59
0	174
0	120
0	14
1	12
0	4
1	1
0	544
4	108
2	0
0	0
0	0
0	3
0	0
0	2
0	0
0	0
0	0
0	3
0	0
0	0
0	0
0	0
0	0
0	0
0	0
0	3
0	2
0	0
0	0
0	0
0	370
0	212
0	152
0	362
3	0
0	56
0	64
0	231
1	307
5	76
4	201
37	104
0	195
1	68
17	44
5	0
5	66
5	24
0	36
0	18
421	0
30	0
201	48
37	62
0	11
1	30
7	18
104	689
2	253
3	370
0	635
0	117
0	97
0	22
3	65
5	65
1	599
0	107
0	649
12	530
0	477
80	442
0	149
0	168
2	118
0	114
0	31
45	80
0	80
0	1284
0	217
0	1085
1	1105
0	28
0	260
14	133
3	195
2	127
1	208
2	190
0	162
12	118
37	146
1	16
27	525
88	522
0	123
0	515
0	317
1	127
14	294
0	294
48	181
0	227
8	258
1	182
0	219
0	57
13	423
1	66
44	447
0	426
0	447
2	63
4	323
0	0
0	0
0	0
0	0
0	0
0	0
0	0
0	0
0	0
0	0
0	0
0	0
0	0
0	0
0	0
0	0
0	0
0	935
12	239
215	935
9	588
0	597
17	575
3	578
0	553
0	244
0	0
0	3
0	1
0	14
2	0
0	31
0	18
0	3
0	50
0	0
0	19
0	49
0	201
758	201
0	0
0	0
0	53
0	42
0	0
0	0
0	251
0	251
1	231
0	31
2	236
0	48
0	98
0	18
0	80
0	146
7	142
0	129
0	23
0	44
1	38
0	30
0	640
0	675
48	21
0	21
0	1
0	1
0	1
218	1819
0	1733
8	1409
0	348
2	60
0	4
0	6
87	12
2	4
2	8
0	0
0	0
0	0
0	0
0	0
0	0
0	0
1	1
0	1
0	459
13	495
0	52
0	47
0	54
0	25
0	9
0	32
1	32
0	23
0	488
0	482
0	131
13	109
0	664
5	588
0	452
23	114
0	383
2	167
5	166
0	144
0	118
14	3
0	2
0	6
0	5
0	4
0	0
0	0
0	0
0	0
0	0
0	0
1	0
3	2
0	7
0	0
0	0
0	0
0	4
1	91
0	92
0	13
0	51
0	94
0	51
2	59
0	67
0	5
0	9
0	12
0	11
0	45
0	0
0	0
0	139
0	142
0	139
0	122
0	27
0	104
0	101
0	40
0	4
4	8
2	55
0	20
1	3
0	19
1	5
2	3
0	3
0	2
1	16
0	0
8	16
0	1041
0	1009
0	1060
0	1036
0	1033
0	1031
40	949
1	890
0	333
0	281
0	259
0	121
0	45
512	5209
63	5022
8	1079
8	964
33	294
17	1521
0	2927
8	436
303	0
0	0
0	0
0	0
0	0
0	256
950	321
0	31
0	267
0	288
261	699
49	685
6	690
7	118
257	253
0	253
1	75
53	963
2	332
0	1173
0	1143
0	917
0	386
3	56
3	98
3	89
5	349
0	163
5	24
199	98
0	28
1	22
0	88
1	56
0	49
10	659
0	530
0	103
0	248
0	60
6	96
0	130
0	113
0	101
4	416
1	217
47	514
0	176
0	389
6	376
0	305
0	241
0	248
0	242
0	237
0	257
0	240
0	223
1	252
0	205
0	196
1	15
0	10
0	17
4	20
2	136
0	16
0	13
0	5
0	71
2	3
1	66
0	11
0	11
0	6
0	45
0	7
0	34
0	73
0	64
0	70
1	13
0	18
0	10
0	6
4	74
0	66
1	241
0	463
0	184
2	426
0	257
0	328
34	224
0	497
0	264
0	267
0	265
0	229
0	196
0	212
0	229
0	260
0	328
0	492
0	6
39	279
0	1236
0	1476
0	664
0	186
54	0
9	107
0	2
0	2
0	0
1	0
0	2
0	0
0	1
0	1
0	1
0	1
0	0
0	0
0	0
0	0
0	0
0	0
0	0
0	775
1	764
0	50
0	24
0	86
212	282
0	283
1	275
1	277
0	121
0	94
6	28
0	757
90	154
0	7
0	32
0	14
0	24
0	111
1	9
3	18
3	9
0	46
2	13
2287	326
0	326
64	5
0	5
0	271
0	249
0	394
0	237
0	265
0	353
0	366
0	273
1	326
0	270
0	343
0	157
0	337
0	1
0	1
0	1
0	3
1	4
1	5
0	0
0	0
0	0
0	0
4	8
27	612
10	428
12	184
0	167
0	131
0	0
0	0
0	0
0	0
0	0
0	0
0	0
0	0
0	0
1	0
0	0
2	3763
0	3815
0	2358
75	2539
2	3232
1	537
1	668
0	3762
0	543
0	0
0	0
0	0
7	0
0	0
0	0
0	0
0	12
0	8
20	12
0	6
0	0
0	0
6	32
0	6
0	30
0	32
0	2
0	2
0	25
1	3
0	0
0	0
0	873
0	1
0	0
0	1
0	2
0	2
0	0
0	0
0	1
0	92
0	2
0	91
0	0
0	0
0	0
0	0
0	242
0	109
0	0
0	863
0	890
0	413
0	155
0	163
0	145
0	154
12	153
0	149
0	166
0	111
0	130
0	142
0	152
0	67
0	62
0	22
1	23
0	19
0	27
0	19
0	6
0	13
0	17
0	7
0	10
0	17
0	5
0	15
0	8
0	10
0	0
0	107
0	12
0	31
113	108
9	3
1	3
3	0
0	15
0	15
0	76
0	212
0	212
0	212
0	5
0	15
0	15
0	15
0	1
10	14
1	13
0	6
239	0
23	14
0	0
0	1149
0	1109
0	932
0	914
0	568
0	838
0	845
0	470
179	74
0	35
15	173
0	0
0	0
0	0
0	0
0	16
1	16
16	52
2	19
0	50
0	24
4	29
0	24
0	4
0	4
0	6
0	3
0	4
1	5
0	6
0	6
0	4
0	2
0	1
0	1
0	0
0	0
0	0
0	0
0	1
0	0
0	0
0	0
0	0
0	0
0	1
0	1
12	36
5	41
0	31
0	31
0	39
0	28
0	19
0	21
0	580
7	586
0	679
0	672
7	666
0	667
1	675
0	195
0	540
0	37
0	17
0	148
2	47
0	14
0	75
0	60
43	942
0	0
0	941
1	0
0	791
0	924
0	941
0	109
1	153
9	800
0	146
3	28
8	62
24	338
1	81
35	137
0	115
0	72
21	101
0	49
0	5
0	0
0	0
1	0
0	4
1	0
0	0
0	0
0	0
0	0
0	4
0	5
0	558
0	612
0	600
0	192
2	169
0	175
9	126
12	170
5	121
0	147
3	92
0	79
0	57
8	28
0	36
0	24
0	37
0	33
0	34
0	30
0	26
0	16
0	13
1	2
1	5
0	238
0	238
0	31
4	45
0	2
3	0
0	0
0	43
3	2094
0	2221
0	2116
0	501
0	2097
0	1076
3	238
2	433
25	1690
230	1245
21	842
0	276
3	284
1	165
2	34
18	25
2	10
6	82
0	50
0	284
6	670
0	1
0	645
1	2233
21	1998
0	1070
0	819
0	810
1	281
2	173
0	155
0	126
12	128
3	15
0	2195
0	2176
5	1
0	1
4524	0
0	14
5	14
4	55
0	55
0	49
0	40
0	39
0	14
0	28
2	1
0	1
0	125
0	114
1	5
13	100
0	44
0	50
0	80
0	41
0	31
0	29
0	31
324	254
0	0
0	1
0	9
2	16
0	85
0	0
0	0
0	0
0	9
0	1
0	9
0	77
0	77
0	77
0	170
0	106
0	152
0	157
0	116
5	824
0	798
0	50
0	755
0	878
0	877
0	86
0	836
0	826
0	813
0	763
0	808
0	783
0	798
0	801
1	758
0	811
0	175
2	830
0	804
0	106
1	808
0	805
0	97
0	717
0	681
2	577
0	603
0	757
4	70
0	127
583	0
0	0
0	0
0	0
0	0
0	0
0	0
0	0
0	0
0	21
0	21
0	21
0	21
0	21
4	259
0	263
0	244
0	211
0	244
0	253
0	253
0	210
0	212
5	280
0	203
0	220
0	0
0	236
20	13
1	325
0	326
0	297
1	242
0	257
39	248
1	257
0	251
0	249
0	150
0	23
1	15
6	18
0	7
1	11
0	16
0	12
0	7
0	4
1	4
0	4
2	12
33	0
31	16
0	15
2	13
0	9
0	7
0	0
0	0
4	250
0	148
7	231
0	850
13	64
0	248
0	161
0	145
0	29
0	839
1	176
0	42
11	92
53	76
0	59
0	519
1	42
3	391
0	462
0	467
28	173
0	143
0	173
0	172
0	74
0	32
0	29
0	32
0	24
0	24
0	20
0	16
0	11
0	13
0	12
0	12
1	9
0	7
0	6
0	4
0	0
0	310
0	310
3	245
0	605
0	671
0	1607
0	1573
0	1457
3	969
0	1598
0	1485
0	1601
0	1567
0	1462
0	1507
0	1449
0	1550
0	1504
0	1536
1	1550
0	1536
0	1432
0	1489
0	1476
0	1291
0	1516
0	1433
0	1467
2	1509
0	1535
0	211
1	236
0	55
0	1124
0	835
0	679
0	799
5	287
0	230
4	8
0	54
0	54
0	54
0	54
3	47
1	8
2	12
0	37
0	8
0	11
0	25
0	32
0	29
0	35
4	4
0	21
0	1
2	2
0	10
0	12
0	9
1	9
0	6
45	139
0	137
0	18
1	18
2	18
0	0
0	0
0	0
0	0
4	2003
0	361
0	331
0	156
20	2016
0	70
0	158
0	241
1	294
0	197
0	242
0	214
0	875
0	1958
0	2195
0	181
0	410
0	68
0	5
1	2
0	227
1	410
1	102
0	72
0	71
0	494
8	175
0	450
24	363
0	453
4	199
51	325
0	325
0	335
14	31
0	8
0	1
0	4
0	1
0	18
0	27440
7	27444
0	26092
0	11181
0	26193
0	26176
0	27885
0	9455
0	25418
0	27418
0	26282
2	26320
0	20192
10	14006
0	11985
0	6104
0	3611
0	4054
0	3143
0	2438
0	2294
0	1624
0	0
0	953
0	990
0	435
0	958
0	930
0	413
0	453
0	82
0	56
0	128
31	17
0	2
0	11
0	14
0	10
1	5
0	5
0	1
0	0
0	0
0	0
5	134
7	128
22	215
0	88
0	679
1	43
1	597
0	565
0	508
1	53
1	660
0	673
0	61
0	711
0	638
0	636
0	2
2	677
1	39
7	657
0	47
3	52
0	83
0	155
102	207
0	41
0	173
0	25
0	1
0	1
0	0
62	703
0	250
0	700
1	199
0	8
0	16
0	28
0	144
0	144
0	198
0	142
0	12
0	28
0	518
3	367
4	106
3	395
0	518
0	285
388	139
2	17
0	134
0	16
0	7
0	7
0	322
17	8
1	7
0	321
0	256
0	135
0	52
0	361
0	283
0	339
1	316
5	31
0	350
0	258
0	314
0	342
0	325
0	323
0	330
0	324
0	333
0	340
0	30
0	94
0	283
0	76
0	230
0	324
0	325
0	282
0	95
0	156
0	158
0	71
0	317
0	197
0	42
0	319
0	277
3	47
0	28
0	224
0	71
0	348
0	302
0	281
1	34
122	5
15	97
0	297
0	278
0	245
0	107
0	68
0	266
0	20
0	42
0	231
0	111
0	41
7	9
0	20
0	28
0	7
0	199
12	80
0	216
0	46
0	196
0	269
0	77
0	254
0	224
0	225
0	223
0	213
0	217
0	220
0	165
0	43
0	33
0	198
0	42
0	191
0	16
0	164
0	98
4	185
0	28
2	170
0	20
6	138
0	111
0	79
0	588
0	142
0	139
1	64
1	84
0	110
0	146
0	0
0	20
0	23
10	2015
9	2015
0	1821
7	1922
0	935
2	646
14	173
1	133
0	387
108	336
10	71
0	10
0	9
0	13
1	13
0	7
1	7
0	3
0	1
0	2
1	2
0	2
0	1
9	799
0	792
0	519
0	778
1	363
0	403
0	6
0	116
0	37
0	64
0	56
0	14
0	792
0	523
594	0
0	1
0	1
0	0
0	0
0	0
0	0
7194	2171
0	302
32	578
2	675
0	616
0	0
33	0
0	0
0	0
166	109
1	109
473	1475
0	259
1	235
0	265
1	1424
0	1
0	1
0	1
0	1
0	690
0	864
0	913
0	861
0	820
0	863
0	895
2	361
0	863
0	835
0	562
0	811
0	491
0	732
0	712
0	892
0	843
0	870
0	904
0	876
0	866
0	874
0	874
0	758
0	841
1	859
0	466
0	318
0	340
0	96
0	295
0	15
0	52
0	228
0	266
0	256
0	104
0	2
0	16
0	2
0	16
0	3
0	16
0	2
0	3
0	32
0	2
0	9
0	9
0	32
6	12
0	1
0	7
0	5
0	5
0	0
0	47
0	436
0	441
0	472
7	68
26	287
0	182
0	342
23	272
2	97
0	74
0	179
3	119
0	84
0	441
0	21
0	25
0	32
3	13
0	1
0	34
0	0
0	1
0	1
0	0
0	0
0	0
0	0
0	516
0	248
0	516
0	516
0	495
0	354
0	54
2	8
4	0
0	0
39	500
0	521
4	262
0	288
0	178
4	0
11	84
0	79
2	32
1	594
0	45
0	17
867	594
0	0
0	83
0	368
0	368
0	345
0	355
0	270
0	192
16	151
0	0
0	0
1	303
0	0
0	0
0	0
0	0
0	0
0	0
0	0
1	25
0	25
0	20
0	10
21	656
1	39
4	851
2	853
0	504
36	378
1	131
0	530
0	364
1	17
3	461
0	73
1	8
0	49
0	0
0	0
0	0
0	0
0	0
0	0
0	0
0	0
0	0
0	0
0	0
0	0
0	0
0	0
0	0
0	0
51	1538
0	238
0	0
1	1
0	115
0	1538
0	1401
0	9
18	423
0	467
4	440
25	317
0	490
1	185
1	290
0	208
2	122
5	66
6	52
9	284
0	174
0	20
0	66
8	40
0	42
0	24
0	287
0	24
4	344
0	584
14	585
1	415
0	55
0	0
0	90
1	73
0	0
83	406
0	517
0	455
1	22
1	70
0	475
0	68
21	0
0	88
0	33
0	24
0	38
417	446
14	23
0	61
0	24
0	60
0	82
0	316
4	34
3	54
1	57
0	1
1	1
0	1
0	0
0	58
0	63
2	4
0	60
0	167
0	210
0	452
0	429
0	421
1	416
0	439
0	13
1	58
0	45
0	34
0	113
0	0
0	0
0	0
0	0
0	0
0	539
699	539
9	304
0	304
0	86
0	220
0	720
0	726
6	54
0	163
1	48
2	94
0	82
0	44
0	76
1	71
0	63
0	57
0	48
0	44
0	15
33	23
0	38
0	41
0	52
2	41
0	41
0	52
0	30
0	18
0	23
0	8
0	11
0	7
0	10
1	302
32	722
0	620
0	76
0	330
0	101
4	143
5	58
0	0
0	0
0	0
0	25
2	93
0	306
0	313
0	101
0	36
1	304
0	302
0	103
0	92
14	57
4	17
0	97
7	535
46	2567
17	2038
0	1386
1	1659
0	781
4	372
316	409
4	56
0	26
0	34
7	369
9	51
8	41
1	256
1	102
0	251
1	223
2	86
0	173
0	1122
41	1389
5	182
14	480
0	34
246	0
0	683
0	684
64	684
0	683
9	143
1	1135
0	1209
28	415
47	578
0	1252
0	193
0	149
0	12
0	26
1	65
0	153
0	161
0	136
7	62
18	17
86	56
0	53
0	3
674	26
0	26
0	115
0	17
0	121
1	22
0	1097
0	1026
0	1110
0	1102
0	67
0	1037
0	50
0	56
0	1051
0	989
0	54
0	26
0	50
0	114
0	130
0	656
0	318
0	57
0	37
0	1105
0	10
1	11
0	33
0	69
0	1
1	43
0	1098
0	173
0	6
2	77
0	91
7	19
119	117
0	132
9	622
3	370
0	170
16	432
0	439
0	421
0	452
0	429
0	114
0	32
0	200
0	83
2	1
0	1
0	3
0	1
0	21
166	38
0	34
1	7
0	2
0	0
0	2
1	324
0	473
0	1017
2	268
6	320
0	884
0	2
0	28
0	771
0	41
0	48
0	45
0	0
0	0
0	0
0	0
2	365
3	146
15	138
0	141
0	94
2	16
1	42
0	139
0	316
60	316
1	306
6	191
0	83
0	90
0	16
0	0
0	0
0	0
0	0
0	0
0	0
0	0
0	0
3	90
0	433
0	480
6	277
0	28
8	246
1	452
0	505
0	6
1	34
0	221
0	143
0	122
0	122
0	398
0	357
0	369
0	78
0	39
0	42
0	41
0	43
0	2
0	32
0	0
0	40
0	115
6	227
1	25
0	214
6	207
0	24
0	24
1	10
0	7
0	8
0	2
1	1
0	1
0	40
0	630
21	355
1	334
0	282
4	336
0	638
0	0
1	58
0	66
0	78
0	110
0	23
2	4
0	55
0	76
0	53
7	10
0	14
0	287
0	27
0	282
0	263
9	291
0	288
32	262
11	260
0	260
44	932
0	932
37	4
51	737
0	721
0	363
7	227
0	198
0	56
0	63
0	1
0	0
6	726
7	584
1	590
1	185
0	483
0	63
0	76
0	3
1	76
2	70
0	115
0	62
0	58
0	57
0	54
0	23
0	25
0	16
0	13
0	12
1	3
0	3
2	0
2	0
0	0
0	0
0	56
0	4
0	9
0	2
0	4
0	4
0	2
0	6
0	1
0	0
0	51
1	139
0	58
37	14
0	14
0	124
0	125
3	35
1	47
0	51
1	9
0	15
0	40
0	52
0	44
0	23
0	10
0	12
2	15
0	9
0	22
0	0
0	0
0	0
0	1
0	1
0	1
0	1
0	1
0	1
0	1
0	49
0	0
1	0
481	28
0	28
0	2110
0	2130
0	25
0	23
3	1992
6	2030
0	2118
0	2098
0	2126
0	2073
0	2075
0	2102
0	2007
1	2031
3	2058
0	2109
0	2145
0	2116
0	2095
0	2122
0	2027
4	381
0	2097
0	2097
5	242
0	1196
2	2076
0	1953
0	0
0	0
0	0
0	12
1	13
1	12
0	12
0	5
1	69
0	69
0	69
0	70
0	12
0	12
0	12
0	12
2	58
0	104
0	88
0	37
0	24
0	46
0	144
1	54
0	70
0	63
0	108
0	94
0	73
0	94
0	54
0	85
0	26
0	177
0	15
0	145
0	0
0	45
0	43
1	76
0	74
0	1386
0	112
0	157
0	17
0	17
0	127
0	0
0	2
0	0
0	88
17	124
0	95
5	137
0	0
0	83
2	87
0	53
0	77
0	142
0	32
0	146
0	6
0	24
0	150
1	193
0	0
0	0
0	169
0	169
0	169
0	637
0	121
0	149
0	126
1	61
0	18
0	99
0	10
0	0
0	0
0	1
0	33
0	93
0	98
0	138
0	257
0	4
0	7
0	175
2	0
0	26
0	116
4	12
25	117
0	30
3	17
0	36
34	11
0	12
0	15
0	3
1	11
0	0
0	0
0	0
0	0
29	1719
0	118
0	65
1	5
0	1695
0	1719
8	164
59	514
5	537
0	384
61	438
0	517
1	425
0	190
0	107
0	66
0	68
0	67
0	0
15	31
2	28
0	31
1	280
3	292
0	105
3	95
0	19
0	251
4	1
8	72
2	71
3	0
0	0
4	51
0	5
0	46
8	4
0	2
0	46
0	46
0	0
0	0
0	0
0	0
0	0
0	0
0	0
0	0
0	0
0	0
0	0
0	0
0	0
0	0
0	0
0	0
0	0
0	0
0	0
0	0
0	0
0	545
21	540
0	174
4	391
0	78
0	37
7	123
5	52
0	80
7	80
1	29
0	28
0	10
0	12
0	0
2	0
0	12
13	353
0	41
120	506
5	139
0	98
0	63
0	209
6	17
1	676
1	73
0	102
0	907
0	129
4	202
0	102
0	629
0	627
0	573
0	747
0	897
0	802
0	95
0	212
0	859
0	101
0	84
7	736
0	158
0	100
3	241
2	296
0	699
0	684
0	697
0	0
0	0
0	0
0	0
1	773
112	773
0	0
0	0
0	0
0	0
0	0
0	0
0	0
0	0
0	0
0	0
0	0
0	0
0	0
0	0
0	0
0	0
0	0
0	0
0	70
1	1
1	0
0	0
0	0
0	1
0	6
0	17
0	17
0	14
0	8
0	3
0	14
0	0
0	0
0	5
1	6
0	1
0	1
0	0
0	0
0	622
0	1043
0	62
0	1095
10	262
0	611
0	300
0	85
1	738
43	325
0	1071
0	105
1	147
0	97
0	254
51	193
0	0
0	0
0	0
0	0
0	0
0	0
4	30
0	31
0	29
1	39
0	42
0	42
0	31
0	22
0	11
0	16
0	2
0	5
6	9
0	8
0	5
0	0
0	3
0	5
1	5
0	8
1	7
0	0
0	0
0	2
0	0
0	2
0	0
0	0
0	1
0	0
0	1
0	1
0	2
0	2
0	0
0	0
0	0
0	0
0	0
0	707
0	660
0	4649
0	3571
44	3901
0	4189
0	3916
0	3874
0	3819
2	2647
3	2837
0	2541
0	2195
0	1993
0	631
0	1085
0	1347
0	961
15	698
0	1137
2	80
0	606
0	790
0	774
0	763
0	843
0	0
0	0
1	4220
0	27
669	102
0	102
0	1
0	26
0	16
0	156
0	20
0	20
1	13
26	845
2	733
0	272
1	84
0	193
3	173
3	299
0	440
0	988
0	944
0	460
0	30
1	52
0	36
0	19
1	49
43	69
31	14
2	1617
0	392
9	637
0	1201
5	811
0	958
7	743
1	628
52	189
1	544
2	629
45	389
0	410
2	218
8	3
0	197
0	214
0	151
0	115
0	14
0	21
0	5
6	16
1	0
8	20
0	184
0	190
20	262
65	262
0	0
0	0
0	0
0	0
0	0
0	5
0	18
0	18
0	11
0	4
0	3
0	13
0	5
0	4
0	5
0	2
0	1
1	3
2	10
0	4
1	7
0	6
0	6
0	3
0	4
318	212
0	165
47	54
39	33
0	0
0	0
0	0
0	0
0	0
0	0
0	0
0	0
0	0
4	1
0	1
0	60
0	44
0	245
25	0
3	245
0	33
7	11
11	13
1	47
0	7
0	7
0	7
0	7
591	780
2	115
0	63
35	602
1	12
2	85
782	0
4	1003
0	901
0	833
0	808
3	155
51	781
1	379
0	787
0	955
0	804
1	66
0	30
4	108
5	18
0	103
0	104
0	179
0	81
2	84
2	31
0	873
0	42
1	36
1	32
0	28
0	8
0	6
3	20
0	17
0	3
0	8
0	1
0	18
0	91
49	284
236	502
181	336
0	127
0	435
2	48
1	60
0	59
1	31
4	56
8	23
1	5
0	28
210	0
0	2135
1	2505
23	2375
5	3691
4	3594
0	3959
0	3862
0	3849
0	3891
0	3926
0	3840
0	4113
1	3936
0	3928
0	3925
0	4009
0	3798
0	3889
4	2231
0	3525
1	3252
1	527
0	2032
9	468
5	170
28	1297
0	1206
0	1130
0	1182
0	734
1	433
0	2232
0	564
0	265
0	768
0	201
20	577
10	760
129	700
17	72
1	382
0	54
13	325
0	74
0	11
0	27
0	396
0	63
1	119
0	500
1	275
6	355
1	109
0	33
0	74
3	393
0	227
2	13
0	13
0	3
1	3
0	1
1	4
0	3
0	1
0	1
0	20
0	4
0	276
0	150
0	497
869	663
0	281
0	192
0	105
2	616
1	131
6	2
0	49
1	38
0	234
109	273
2	231
0	59
0	95
0	21
0	27
0	22
0	19
0	16
0	14
0	11
3	8
3	4
0	1993
0	1286
31	459
0	471
5	1124
3	920
0	599
0	971
4	864
0	860
3	877
17	710
0	655
0	394
3	0
0	0
0	0
0	0
0	0
0	208
0	394
14	129
0	363
4	110
1	149
0	313
0	297
0	101
0	162
6	160
0	134
8	92
4	75
0	872
0	872
0	1221
24	1200
2	123
0	0
0	0
1	0
0	0
0	0
0	0
0	0
0	0
0	0
0	215
0	174
461	1132
1	225
0	111
1	1076
0	94
0	309
1	133
0	193
2	12
2	254
0	243
0	0
0	0
0	2
0	0
2	2
0	0
0	0
195	601
7	601
0	4
0	4
0	4
0	4
0	2
0	2
0	2
0	2
0	2
0	0
0	2
0	2
0	1
0	2
0	1
0	1
0	0
0	1
0	0
3	388
7	748
37	902
0	365
19	36
6	745
3	244
6	555
0	682
0	233
2	416
0	314
2	189
0	511
2	386
2	213
7	263
0	136
15	992
0	992
0	13
0	97
0	0
0	34
0	22
0	91
0	84
98	245
21	31
43	218
89	1719
65	1591
0	1650
0	1553
0	1313
0	1308
0	816
0	42
0	45
3	45
0	12
2	9
1	8
3	0
0	0
2	153
0	17
0	109
1	53
0	15
0	162
0	31
1	158
0	125
0	89
0	0
17	211
5	51
0	36
0	15
1	6
0	62
30	13
0	65
13	18
0	41
0	52
0	29
2	25
1	29
0	53
5	0
0	4
0	5
0	51
0	0
0	0
4	225
6	181
0	127
0	34
0	59
1	56
1	27
4	27
0	234
1	25
0	4
0	234
244	0
1	27
1	23
0	22
1	18
0	9
0	5
10	11
0	5
0	177
155	185
1	90
0	62
0	60
31	92
0	52
12	176
0	152
0	178
0	215
0	213
0	206
0	160
0	173
0	159
0	173
5	155
1	159
0	128
5	87
0	27
0	64
0	0
1	123
0	95
0	0
1	0
0	0
0	0
0	0
0	0
0	0
0	0
0	0
2	179
0	162
0	132
0	75
0	61
0	77
0	8
1	6
0	6
0	0
0	0
0	0
0	0
0	0
0	5
2	10
1	93
0	3
0	94
0	0
0	0
0	0
0	0
0	0
0	0
0	0
0	0
0	0
0	0
0	0
2	176
0	124
5	165
2	3
0	75
8	7
0	32
0	162
0	162
2	160
1	1
0	0
0	0
0	0
0	471
0	56
0	68
0	24
0	250
0	418
1	508
1	298
1	338
1	455
1	235
0	280
1	48
0	884
0	1530
12	1364
0	1529
21	550
0	124
3	71
1	209
0	371
0	338
0	411
0	41
0	484
4	210
0	210
0	439
0	209
0	194
0	262
0	253
193	9
3	9
0	4
26	5
0	3
0	0
0	2
0	0
1	96
0	69
1	79
0	52
0	28
0	79
0	96
0	5
0	1
0	5
0	3
1	4
3	26
0	6
0	7
0	3
2	342
2	351
0	25
0	57
0	38
0	79
2	290
3	349
0	319
1	78
0	104
0	137
0	44
3	48
5	112
5	84
1	48
1	84
0	359
0	328
0	26
0	25
4	23
0	18
0	27
0	16
0	0
0	1
0	0
0	1
1	123
1	141
0	59
0	60
2	51
45	98
0	73
0	4
0	345
0	866
0	7
0	94
0	24
0	80
0	11
0	845
5	834
0	88
0	92
0	83
0	88
0	7
0	6
0	13
0	0
0	0
0	0
0	0
0	0
0	11
0	0
0	0
0	0
0	0
0	11
0	12
0	12
0	5
0	13
0	13
0	76
0	300
0	81
0	137
326	504
1	81
0	113
1	68
63	15
2	18
8	18
20	72
0	13
0	9
0	88
0	4
0	13
0	0
63	50
0	42
1	21
0	13
0	11
0	13
4	373
0	296
2	369
31	372
0	0
0	0
0	0
1	0
0	0
0	0
0	0
0	0
0	0
0	0
0	0
0	0
0	0
0	0
0	0
0	89
0	48
1	89
0	12
0	19
3	19
0	3
0	7
0	0
0	6
0	2
0	0
0	0
0	187
0	186
0	188
0	183
0	188
0	149
0	124
0	95
1	98
0	16
0	13
0	12
0	16
1	8
0	14
0	8
0	0
2	0
0	5
0	5
8	0
0	0
0	407
0	447
2	423
0	70
1	283
31	474
5	439
0	78
0	17
17	109
2	61
2	111
1	0
0	51
3	50
4	44
0	37
0	33
0	33
30	17
0	108
0	101
4	40
1	77
0	17
3	1
0	6
1	56
0	31
0	21
1	20
0	11
3	10
0	4
0	4
0	3
0	0
0	3
0	1
0	0
0	0
1	323
0	224
0	323
0	832
0	826
0	667
0	976
3	457
0	826
0	832
0	224
0	826
0	612
0	1795
0	1787
0	1737
0	1753
0	1745
1	1550
0	805
0	855
0	672
0	520
0	449
0	335
0	195
0	152
1	130
0	621
0	79
0	519
0	612
0	621
0	648
0	627
0	611
0	629
0	640
1	623
0	555
0	600
1	617
0	602
0	603
0	491
0	513
0	423
0	170
0	163
0	64
0	93
0	82
2	13
5	159
117	159
0	13
0	25
0	23
0	23
0	1
0	0
0	3
1	23
0	3
0	7
0	2
0	4
0	4
0	12
0	13
0	0
0	0
0	0
0	0
0	2
0	2
7	3
0	0
2	0
0	415
2	434
2	439
0	119
3	131
3	145
0	71
1	85
3	84
11	64
1	56
2	210
3	199
0	88
0	19
0	30
0	10
0	16
1	0
0	0
0	0
0	0
0	0
0	0
0	0
0	0
1	69
0	25
0	19
0	1
0	0
0	0
0	1
0	25
0	157
12	154
28	62
0	32
0	15
451	78
3	77
2	62
0	2
3	1
0	2
0	0
0	0
0	201
2	204
0	5
24	9
0	218
0	68
0	493
0	246
0	524
2	139
0	207
0	90
19	240
8	254
1	38
0	38
0	0
0	0
0	711
79	436
1	463
1	373
1	706
0	426
4	640
5	368
0	649
0	426
0	93
0	194
0	119
0	194
0	168
0	117
0	149
0	213
0	135
1	89
0	48
0	21
3	61
0	34
0	166
0	161
0	180
1	13
0	278
0	312
0	295
24	231
1	112
1	12
438	528
0	342
7	166
0	184
1	135
0	96
0	50
0	15
0	96
6	221
0	234
0	233
1	261
99	156
4	103
0	160
5	543
1	542
0	286
4	230
0	226
0	0
0	17
0	2
0	3
0	1
0	2
0	2
0	2
1	1
0	17
1	17
0	1585
0	298
1	1
0	0
4	137
0	1419
0	0
0	124
1	545
2	1129
0	103
0	246
0	164
0	61
0	81
1	203
0	25
2	180
0	60
1	0
184	2044
13	1854
16	1097
0	688
6	204
156	0
0	0
0	13
0	168
0	4
0	14
1	168
0	126
2	131
0	0
0	0
0	0
0	0
0	0
0	0
40	1761
0	56
0	37
0	1223
70	1719
0	1718
1	1094
0	500
0	746
1	39
0	39
0	670
8	486
0	41
0	38
0	219
0	658
1	147
0	191
0	26
0	69
0	47
0	40
0	76
0	53
0	20
10	239
1	87
4	58
2	23
519	73
0	34
1	185
0	249
0	7
4	5
0	247
29	247
0	249
0	195
0	240
0	247
0	248
0	7
0	0
2	3
0	3
0	2
0	0
0	0
0	0
0	0
178	352
5	123
5	131
0	97
1	47
1	25
0	349
0	352
0	0
0	0
0	424
0	703
0	402
1	211
0	624
0	241
1	546
0	248
6	295
8	90
0	611
5	107
2	603
12	263
0	231
5	152
14	33
0	158
0	704
0	648
0	624
0	630
0	592
0	22
1	23
0	0
0	4
0	4
8	19
1	0
1	0
0	5
0	5
0	4
0	0
0	0
0	4
0	0
0	0
0	2
0	0
0	1
0	1
0	0
0	1
0	0
2	6
0	209
9	12
3	24
0	40
9	204
0	18
0	1072
121	814
1	788
0	695
0	665
0	165
0	140
0	107
12	239
3	136
79	723
0	577
1	16
0	291
317	217
0	217
0	1
0	1
0	0
1	9
0	271
6	294
0	284
0	133
1	27
0	15
1	18
0	17
0	105
71	172
6	53
0	114
0	1
0	5
1	1
0	16
6	31
2	10
0	1
1	1
1	4170
0	4290
0	525
0	786
0	55
0	328
0	1154
0	211
0	217
2	1
3	247
4	1253
1	1641
72	407
0	146
0	4119
0	895
0	5865
0	4674
0	2766
0	3734
0	2057
0	3368
0	3555
0	3677
0	1746
1	1730
0	1731
26	322
0	1717
7	1584
3	1677
1	193
1	172
0	51
1	13
0	114
76	29
0	49
0	100
0	158
0	11
3	0
2	276
0	322
0	299
0	339
33	110
0	97
0	9
0	0
0	0
0	1
0	0
0	9
0	9
0	0
0	0
0	0
0	0
0	0
0	0
0	0
0	140
0	139
0	120
0	103
1	84
0	25
0	50
0	51
0	26
0	24
0	6198
5	5685
0	5937
0	5133
0	5675
0	6052
0	5800
0	5916
0	5936
0	5938
0	5729
0	6062
0	5149
0	5084
0	5181
336	190
0	176
0	131
0	61
1	45
0	12
0	39
5	0
0	142
9	165
279	48
0	314
0	183
3	314
4	97
2	10
1	19
2	53
0	24
3	17
2	0
0	50
0	32
0	3
0	11
0	51
0	10
0	30
0	4
0	50
0	41
0	273
1336	2493
1	2286
870	703
23	2206
0	416
3	674
1	310
1	414
12	280
1	628
1	571
15	278
0	461
0	147
1	8
1	111
0	85
0	480
1	463
0	47
3	1028
14	835
0	144
2	151
1	52
43	230
0	65
0	17
16	396
1	289
0	97
3	34
3	860
4	82
0	1897
0	419
2	3
10	1533
0	1848
0	1405
0	1539
0	890
0	3
0	1824
0	1316
0	790
0	730
0	659
2	48
3	0
2	523
0	110
406	887
0	254
0	602
0	682
0	0
1	413
0	0
0	0
50	2
33	84
1	84
0	84
0	73
1	4
0	0
0	0
0	5
0	5
1	2
0	2
17	519
0	519
0	18
0	23
0	4
0	90
0	1612
66	1545
0	1652
0	1614
10	1442
11	499
0	419
5	366
0	285
0	213
0	104
2	70
1650	488
0	488
0	3
0	2
0	2
0	2
0	0
0	1
0	0
0	0
0	0
1	0
0	0
0	0
0	0
0	0
0	0
0	0
0	0
0	0
0	0
0	0
0	0
0	0
0	0
1	162
0	170
4	49
0	14
0	31
0	29
0	14
0	0
1	14
0	404
0	385
0	72
0	37
0	30
0	101
1	212
0	219
0	93
5	69
1	178
2	81
0	61
4	10
0	194
0	122
2	108
0	100
0	92
3	55
0	48
1	39
4	21
87	31
0	35
0	23
35	5953
0	5815
0	5671
0	5588
0	5613
0	5503
0	5749
16	901
18	836
1296	836
2	23
0	14
0	8
0	0
0	5398
0	5395
0	4600
0	4697
0	3261
2	13
0	54
10	2
274	222
0	176
25	39
0	10
0	302
2	315
0	316
0	324
0	266
21	164
0	187
5	67
0	23
0	10
0	0
0	0
0	0
13	12
0	7
0	3
0	5
0	27
0	38
0	337
0	40
0	276
0	102
0	59
60	434
0	56
3	82
0	43
4	393
0	30
0	33
1	50
0	102
0	336
0	375
0	27
1	110
6	4
0	51
4	47
2	5
0	38
0	18
0	17
0	5
28	44
0	40
0	13
0	8
0	16
0	224
0	967
34	962
4	644
0	103
1	51
0	21
1	52
0	13
0	0
32	23
0	7
0	16
0	2
0	14
0	4
0	0
0	11
0	11
0	2
1	0
0	0
0	0
0	0
0	0
0	0
0	0
0	0
0	0
0	0
0	0
0	0
3	11
0	11
0	7
0	0
0	9
9	114
2	115
0	118
0	170
0	391
6	341
0	146
3	57
0	211
0	185
8	208
0	126
2	113
0	0
0	0
0	0
0	0
0	0
0	0
0	1685
0	1794
1	2435
0	2559
0	2468
0	2546
0	2547
0	2546
0	2480
0	2547
0	2499
0	2496
0	2516
0	2510
0	2509
0	2548
0	2549
0	2438
0	2439
25	2439
0	2550
0	2480
0	2478
0	2460
0	300
2	1614
17	1664
0	598
0	232
0	304
0	231
0	146
0	65
3	39
0	52
0	0
85	339
1	284
1	73
0	66
0	125
0	64
0	41
0	14
0	0
0	0
0	11
0	18
1	90
46	1086
0	1093
0	167
0	75
1	47
0	46
0	39
1	82
10	236
0	66
0	65
0	65
0	65
0	25
0	21
0	31
0	13
13	10
1	1
58	19
30	18
2	4
0	11
5	6
30	4
0	580
0	582
0	597
0	606
2	267
0	143
0	61
0	71
1	25
2	26
21	120
0	129
0	22
20	449
0	415
19	396
5	393
0	143
0	167
41	458
17	324
0	87
0	350
0	327
5	220
0	244
1	189
0	169
0	37
7	65
0	37
0	15
0	8
0	424
0	373
0	286
0	340
0	344
0	312
19	282
0	152
0	71
0	57
1	0
0	0
0	3
0	3
0	2
0	2
0	1
0	2
0	0
0	0
40	1414
0	1427
0	616
1	181
3	233
0	714
1	317
1	346
0	646
0	457
314	0
0	0
0	0
0	620
0	655
0	661
0	695
0	679
0	645
0	643
1	596
0	677
0	69
0	586
0	532
0	609
2	453
0	365
20	481
5	468
1	246
0	272
2	154
0	197
0	55
119	422
0	400
0	564
0	123
0	431
0	544
1	505
0	0
0	69
0	87
3	58
0	16
0	12
0	21
1	26
3	22
0	0
0	0
0	0
0	0
0	0
0	0
0	0
0	0
0	0
0	0
0	0
0	0
0	0
0	0
0	0
0	0
0	0
0	0
0	0
0	0
0	0
0	0
0	7123
0	6001
0	1066
2	2623
0	787
1	5468
47	7735
51	6242
0	330
0	6133
0	1625
0	1054
0	5604
1	1303
2	6004
4	456
2	379
2	5191
1	987
0	0
1	63
7	2359
0	19
0	18
0	13
0	12
0	2
0	4
0	18
0	0
0	0
0	27
2	338
440	448
1	154
0	22
1	79
0	73
0	63
0	13
0	11
0	9
0	6
0	6
0	0
0	0
0	0
0	0
0	2
0	4
0	3
0	4
0	2
0	2
0	1
0	0
0	0
0	0
0	443
1	444
37	443
0	30
234	268
1	160
1	7
0	5
2	45
0	91
0	63
402	1101
2	357
1	292
0	369
0	153
0	353
0	351
0	250
0	287
0	153
0	64
7	115
0	115
0	23
0	8
0	13
0	8
0	18
0	7
0	20
0	20
136	13
1	13
534	0
0	50
0	22
0	25
1	30
0	20
2	8
0	0
0	0
0	0
1	3
0	0
0	0
0	0
0	2
0	1
0	0
0	0
0	0
0	0
0	268
0	246
1	257
0	258
0	262
0	258
0	257
0	0
0	0
0	0
1	83
19	171
5	130
0	381
0	401
0	330
12	124
0	39
0	121
13	22
31	7
10	31
0	196
36	64
4	390
4	397
0	399
0	401
2	401
0	58
1	63
0	32
0	35
0	25
1	7
0	0
3	1
0	291
0	527
0	519
0	522
0	518
0	416
17	119
3	33
0	72
0	123
0	45
0	142
0	134
0	131
0	370
0	338
0	119
3	137
3	41
0	98
4	110
0	73
2	127
0	240
0	50
6	123
0	115
2	28
0	3
0	1
1	26
1	26
0	2
0	1
0	1
0	0
0	1
0	0
0	2
0	2
0	0
0	0
0	0
0	0
0	3212
1	3408
12	52
0	356
0	3642
7	3327
5	253
1	454
2	2827
0	52
10	552
0	456
4	10
0	44
3	214
0	2519
158	2626
0	162
11	208
5	622
11	582
0	1
0	1
0	1
0	1
0	1
0	1
0	1
0	0
0	1
0	0
0	0
0	0
0	0
0	0
8	3430
33	4296
43	4324
0	3945
0	4
15	885
0	1368
19	2182
6	3129
5	2080
27	1390
373	1051
0	89
0	86
58	976
2	505
0	216
12	5
0	346
0	46
0	218
1	217
3	41
3	121
3	452
0	7
0	78
0	428
0	393
0	419
0	273
0	214
0	303
0	286
0	290
0	275
0	286
0	295
0	217
0	297
0	294
0	287
0	287
0	140
0	187
0	188
0	55
0	126
0	149
0	147
0	97
0	145
0	78
0	78
0	79
0	84
0	45
0	30
0	32
0	1
9	7
0	8
0	2
0	0
59	221
0	76
0	183
0	219
0	183
0	163
1	38
5	38
1	0
0	6
0	5
0	4
0	2
0	2
0	0
0	0
45	789
20	754
0	789
0	300
22	1093
54	1076
0	319
2	343
1	0
0	0
0	0
0	0
0	0
0	0
0	9
3	7
0	8
166	312
3	261
17	283
0	0
1	1
0	1
0	1
1	132
0	388
0	380
0	390
0	425
0	382
0	394
0	382
12	291
0	385
0	345
0	437
0	355
0	325
0	323
3	174
0	289
0	236
0	159
1	191
0	195
0	180
0	149
0	140
0	166
0	138
0	165
7	158
0	131
0	158
0	128
0	154
0	144
0	45
0	97
0	99
7	117
0	61
0	108
0	66
0	103
0	103
0	40
0	62
0	35
0	36
0	36
0	38
0	26
2	10
8	6
0	11
11	19
0	104
68	0
0	0
4	49
13	227
14	211
2	99
0	147
8	57
1	141
11	22
0	31
0	2
0	0
0	0
0	0
0	0
0	0
0	0
0	0
0	0
0	0
0	0
0	63
0	924
0	441
0	85
1	63
0	82
0	7
0	30
0	50
0	10
0	31
6	0
1	913
21	198
0	94
0	96
0	69
6	96
0	96
0	98
0	96
0	92
0	76
0	91
0	34
1	33
1	4
0	0
0	403
164	360
4	95
0	24
0	49
2	24
1	44
3	19
1	28
0	190
0	32
0	35
0	45
1	33
0	61
0	53
0	40
20	7
0	7
804	99
27	22
12	77
2	617
5	11
0	17
0	344
177	0
0	0
0	0
0	0
0	0
0	0
0	0
0	0
0	14
0	3
0	3
0	7
0	4
0	2
0	3
0	14
0	2
0	2
0	6
0	0
0	1
0	0
0	115
0	65
66	197
0	10
1	199
0	74
0	61
0	6
0	20
0	9
0	12
2	1
347	0
0	0
0	0
1	796
0	773
0	519
1	109
0	365
18	236
0	0
1	713
0	816
0	228
0	0
0	607
1	642
0	91
0	187
0	221
1	6
1	532
0	519
0	62
0	140
1	92
2	385
1	357
1	2341
0	2284
0	2343
1	521
0	16
0	29
1	19
1	8
2	2371
0	427
28	2435
3	159
0	201
0	89
0	155
1	130
1	419
0	221
0	235
1	299
0	189
1	233
9	110
0	66
0	359
7	142
0	183
0	178
0	253
4	32
0	88
17	1
0	1
0	19
0	8
0	0
0	212
2	37
0	212
0	212
0	1049
0	358
0	88
0	231
8	138
0	85
0	8
0	8
0	6
0	0
1	6
2	3
0	99
0	100
0	0
0	0
0	305
0	305
0	9
0	4
2	19
0	35
0	16
0	11
0	35
0	24
0	301
0	301
1	0
1	14
0	8
0	23
0	301
12	545
0	543
3	104
0	354
0	154
1	318
0	87
0	72
0	69
0	83
3	284
0	284
0	183
0	250
0	250
0	234
0	247
0	247
0	241
0	121
0	119
0	247
0	247
0	125
1	70
0	4
0	11
0	13
0	1
0	1
0	0
3	252
0	231
0	32
0	5
0	21
0	46
0	210
0	32
0	1551
1	1516
0	194
1	1715
0	1578
265	1851
0	197
0	199
0	526
9	188
0	182
0	235
4	265
0	1787
0	251
10	274
1	268
0	444
0	399
0	158
0	584
3	1772
2	534
2	44
0	209
0	16
5	1268
23	1181
0	222
1	563
0	353
0	3
0	3
15	100
1542	100
0	68
612	81
1	55
10	174
0	174
0	55
0	167
0	174
0	13
0	12
0	12
0	3
0	0
28	868
0	1317
0	664
9	427
0	226
4	202
0	125
0	120
0	101
0	25
0	72
2	661
0	46
0	56
0	614
4	412
0	614
0	615
1	541
1	72
0	55
0	49
1	2
3	58
0	100
0	0
0	47
5	7
2	1
0	0
0	1
0	0
0	0
0	1
0	0
0	0
0	0
2	0
0	0
0	0
0	0
0	0
0	0
0	0
0	0
0	24
0	723
2	697
0	48
0	680
0	729
0	44
0	32
0	722
0	16
0	42
0	35
1	21
0	8
0	8
1	8
0	0
0	94
0	688
0	615
0	76
0	40
2	31
5	52
0	15
0	722
0	0
0	0
0	0
13	2
0	0
0	2
0	0
3	117
0	118
3	50
0	0
0	0
0	0
0	0
2	315
0	482
2	269
1	275
1	356
1	54
21	457
3	44
20	63
102	243
0	230
1	2
0	220
0	36
0	29
0	27
0	6
0	171
0	435
0	684
0	678
0	649
0	504
0	670
0	684
0	679
0	476
0	537
0	419
0	524
0	254
0	451
0	411
0	357
0	370
0	363
0	271
0	334
0	331
0	319
2	76
2	123
1	283
0	108
0	163
0	193
0	80
2	188
0	193
0	162
0	167
0	144
0	118
0	154
1	134
0	90
0	85
1	33
1	57
0	45
0	28
0	2
0	2
4	6
0	6
0	33
0	19
0	34
0	33
0	2
0	2
0	1
975	740
0	263
0	476
0	0
0	0
0	0
0	0
948	573
1	362
0	536
3	242
0	438
0	194
0	119
0	144
0	134
0	135
0	126
0	109
0	55
0	97
0	94
0	93
0	80
0	52
0	1
1	3
0	5
11	16
0	7
0	2
0	3
0	9
0	0
0	0
0	0
0	0
0	184
3	178
1	194
0	46
0	90
0	53
1390	700
1	655
0	247
0	32
0	37
3	32
0	282
0	252
2	277
3	83
0	10
0	0
0	0
0	0
0	0
0	0
0	0
0	0
0	0
0	0
2	310
0	313
0	302
0	91
4	47
2	232
0	0
10	1
0	32
0	0
0	325
1	65
13	52
6	84
13	83
0	112
0	68
0	38
1	21
0	0
482	715
0	693
6	159
1	123
1	89
0	15
1	2
0	2
0	2
3	15
0	15
0	2
2	0
1	1560
0	0
0	0
0	373
0	373
0	27
0	359
0	327
0	352
0	275
0	341
0	319
0	334
0	324
0	316
0	358
0	333
0	327
0	342
0	269
0	326
0	366
0	284
0	351
0	356
0	284
1	61
0	99
0	252
1	216
0	134
0	140
0	181
0	192
0	159
0	170
0	173
0	181
0	173
0	169
0	124
1	148
0	169
0	132
0	60
0	20
0	55
0	72
0	24
1	62
0	5
0	66
0	83
0	60
0	77
0	74
0	88
0	41
0	64
0	35
0	60
0	35
0	40
0	39
0	1
0	0
0	0
0	0
0	0
0	0
0	0
0	0
0	0
0	0
0	0
0	1
0	1
0	1
0	0
0	0
0	0
0	0
0	0
1	0
0	0
0	0
0	0
0	0
0	0
0	1
14	1001
9	1045
18	72
0	344
0	344
0	46
8	129
14	340
0	125
1	18
0	221
0	43
0	99
0	23
0	1028
0	338
12	345
2	256
0	301
1	43
1	18
0	0
1	2
190	91
4	13
1	27
0	22
0	62
0	0
7	1
0	1
0	0
9	452
0	18
1	452
7	19
0	40
0	0
1	196
0	323
0	47
0	38
63	245
9	245
0	22
0	89
0	0
0	0
2	49
0	56
0	79
0	115
7	129
0	225
0	220
0	221
0	501
0	511
0	499
0	500
1	516
0	515
0	496
0	505
0	506
0	496
0	485
0	480
0	511
0	448
1	34
0	12
0	409
0	376
0	49
1	310
0	330
0	287
0	292
2	286
0	288
0	243
0	226
0	180
0	22
0	0
0	0
0	0
0	0
0	0
302	0
0	341
0	483
1	255
1	33
0	43
1	63
0	337
4	418
0	0
0	0
0	0
0	0
0	0
0	0
2	289
2	289
0	0
0	0
0	0
0	321
0	326
0	35
0	33
1	27
0	18
2	20
66	5
0	680
3	680
0	24
0	0
0	0
0	0
0	0
2	0
0	0
11	0
1	0
0	0
1	0
398	0
2	0
7	15
2	15
10	0
0	69
54	69
437	0
0	0
0	18
1	11
0	128
19	172
0	166
0	159
0	52
0	38
0	103
0	66
0	59
1	41
0	66
0	32
0	9
54	18
1	191
206	1347
32	1299
0	395
6	340
0	271
0	0
0	0
0	0
0	0
0	0
0	0
0	0
21	29
0	29
0	2251
8	2371
0	2246
0	922
0	2101
0	1006
0	970
0	734
42	289
0	459
0	343
0	339
0	299
0	289
0	283
0	274
1	186
0	272
8	0
0	301
0	537
0	514
3	417
0	385
0	78
1	294
24	170
1	23
1	24
0	1
0	7
0	203
0	4
5	1112
3140	1361
15	1203
0	194
0	212
0	505
0	10
0	0
1	304
0	306
0	37
0	221
0	36
0	181
0	31
0	304
0	27
1	30
3	10
4	14
0	0
10	1253
0	504
0	1298
13	1293
0	1203
1	1013
0	1268
29	897
0	1175
18	1315
3	908
0	181
0	1093
0	0
0	0
0	65
0	228
0	0
0	106
4	96
0	155
0	109
0	40
0	33
7	34
0	104
0	0
0	0
0	0
0	162
0	143
0	941
9	1026
0	764
0	26
0	1024
0	95
0	0
0	11655
0	7076
0	9657
0	11
0	11
0	11
0	11
0	50
1	50
19	3064
78	3064
9	106
1	440
0	107
0	574
2	304
1	181
28	2
0	2
0	22
0	22
0	22
0	15
9	11
0	0
12	63
1	54
0	243
0	208
8	58
1	161
1	23
0	41
185	60
0	39
0	7
0	11
0	10
0	1299
5	1290
0	85
1	979
0	5905
0	223
1	3822
0	5852
0	4109
0	3541
0	3476
0	3056
0	4839
0	2185
76	193
0	185
0	12
0	17
0	190
0	18
0	19
0	22
0	172
0	187
0	15
0	193
0	18
0	9
1	2
0	16
0	6
0	15
0	25
0	0
0	3
0	2
0	2
0	0
0	4
0	2
0	5
0	0
0	2
0	0
0	26
14	93
0	72
0	72
0	59
0	22
0	6
0	15
0	9
0	5
0	1
0	21
0	17
0	1112
4	37
0	37
1	35
0	10
1	10
0	0
0	932
0	833
3	857
0	739
0	41
0	29
1	171
1	149
0	89
0	111
0	35
0	5
0	5
0	0
0	0
0	29
0	185
2	153
0	0
0	0
0	74
0	4
0	73
0	63
0	24
0	1
0	6
0	46
0	4
0	41
5	1
0	104
3	638
3	319
0	113
2	556
0	130
1	69
0	11
97	99
0	93
0	22
0	14
0	21
2	15
0	0
0	15
0	18
0	13
0	7
1	13
0	0
0	1
115	173
0	35
1	98
1	61
0	26
0	224
0	183
0	219
0	307
0	313
22	234
2	105
1	428
0	105
0	176
0	427
1	417
0	422
456	543
1	505
0	557
3	4
0	41
0	90
0	66
0	61
0	32
0	30
0	33
0	102
1	66
0	32
0	22
0	20
0	20
0	11
0	12
0	11
0	11
0	8
0	9
0	7
1	7
0	1
0	0
1	1
2	1
0	0
0	42
482	232
1	216
1	4
0	28
0	24
1	59
0	82
0	92
1	64
3	76
19	35
0	51
0	65
0	64
0	0
0	0
0	0
0	0
0	0
0	0
0	0
0	40
7	402
0	941
0	928
0	591
0	75
0	26
11	54
0	65
0	6
0	56
0	5
0	35
0	32
0	136
0	143
0	31
2	36
0	143
1	524
38	524
0	152
0	11
2	7
0	7
0	1
22	48
0	213
0	202
150	225
0	25
0	39
0	11
0	33
0	289
0	310
0	289
438	350
3	335
5	76
503	20
10	472
0	472
0	52
4	13
0	126
0	29
309	506
2	0
0	86
12	66
1	24
0	409
45	29
0	29
0	29
0	29
0	29
0	29
0	7
0	3
0	0
0	0
1	0
0	0
0	0
0	0
695	10
0	7397
0	3245
54	2461
0	6214
0	5359
0	7035
0	617
0	4744
0	3623
0	4308
1	2831
0	7423
0	5834
1	1592
0	1335
0	56
337	155
1	125
0	64
0	85
0	30
1	58
0	15
0	5
0	135
0	4
0	3
0	4
0	3
0	137
0	3
0	29
0	135
0	24
6	6
0	0
0	0
5	0
141	15
0	5
1	10
0	1118
0	989
1	260
4	339
2	1058
8	1075
0	1225
1	854
0	890
0	1082
6	656
0	422
0	61
1	234
5	0
0	1075
0	965
0	241
1	181
1	394
0	321
2	333
0	0
0	1
0	1
0	1
0	1
4	133
0	34
860	250
0	46
0	97
4	12
3	1806
0	1572
0	1418
0	1720
0	306
1	481
1	316
0	183
0	82
0	245
0	72
0	136
0	44
3	39
6	18
19	186
10	141
0	1
0	4
164	16
1	12
0	4
0	4
0	4
212	344
0	275
0	288
0	262
0	105
0	50
2	41
0	77
0	326
2	662
0	678
0	317
0	51
0	62
0	63
2	26
0	29
0	0
0	0
0	0
1	123
21	79
46	53
0	144
1	80
0	46
0	90
2	109
5	39
16	63
1	36
0	22
15	0
4	29
0	37
0	30
4	18
24	20
19	43
0	43
0	6
0	0
0	12
0	1
0	1
0	1
0	1
0	1
0	0
0	0
0	1
0	1
0	1
0	1
0	0
0	1
0	0
0	0
0	0
0	0
0	0
0	13
1	13
0	0
706	1211
30	1211
0	82
2	7
0	324
0	134
1	105
135	44
0	28
0	16
0	15
0	21
0	28
94	28
1	93
0	52
0	530
0	276
0	254
7	64
2	51
0	112
1	186
0	135
4	297
0	38
0	476
0	336
0	306
0	387
11	388
25	96
3	166
0	0
0	0
0	0
0	0
0	0
0	1
0	1
0	1
0	1
3	0
0	0
0	0
0	0
0	0
0	0
0	0
0	0
1	542
0	599
0	665
9	572
0	581
0	676
8	47
4	44
0	43
1	141
3	75
0	64
19	74
0	45
6	4
0	122
0	11
0	108
11	88
0	320
0	130
0	127
0	129
3	7
1	66
0	20
1	40
0	312
0	102
3	40
1	48
0	41
0	60
0	65
0	54
1	20
7	10
0	4
0	4
0	13
0	7
0	13
0	13
0	7
0	5
3	39
0	0
1	54
0	46
3	16
0	0
0	0
870	276
0	276
0	1
0	1
0	1
0	1
0	0
0	0
0	1
0	3
0	4
0	3
0	1
0	1
0	0
0	2
0	4
0	0
0	1
0	0
0	1
0	0
0	1
0	0
0	0
0	0
0	0
0	1
0	0
0	1
0	0
0	3
0	0
0	4
0	0
0	4
0	1
0	1
0	1
0	2
0	3
0	0
0	1
0	1
0	1
0	1
0	1
0	1
0	1
0	1
0	0
0	1
0	1
0	0
0	2
0	0
0	0
0	2
0	0
0	1
0	1
0	1
0	0
0	4
0	0
0	1
0	1
0	1
0	0
0	0
0	0
0	0
0	0
0	0
0	0
0	0
0	0
0	0
0	1
0	0
0	1
21	1929
1	1826
0	1653
10	505
0	418
5	131
0	280
0	374
0	483
0	274
2	233
8	83
0	270
0	567
4	66
0	436
0	139
5	220
40	353
0	284
9	269
4	331
2	154
1	126
0	416
0	212
1	133
0	78
0	102
0	67
0	174
3	410
2	1
0	0
0	2
0	0
0	2
0	2
0	2
0	2
503	40
0	74
0	230
0	193
17	284
0	0
0	0
0	24
286	70
0	10
0	54
0	37
0	37
5	21
0	10
0	10
0	605
2	1426
0	1446
0	1446
9	1371
0	1449
0	1450
0	1405
0	1419
0	1434
0	881
1	886
0	117
0	175
1	835
4	884
8	783
0	140
5	556
0	187
0	121
0	147
0	120
1	151
0	59
0	43
0	69
0	95
0	18
0	53
1	14
1	0
0	0
0	1
0	0
0	0
0	0
0	0
0	0
0	13
0	267
0	255
0	19
0	19
0	22
0	4
53	314
0	3
0	6
0	3
0	5
0	5
0	24
0	262
0	22
0	35
0	269
0	307
0	27
2	231
0	220
0	306
0	274
0	276
0	287
1	147
0	278
0	233
0	245
1	191
0	163
0	107
0	2
0	1
0	4
23	4
0	1
0	27
6	50
4	24
10	28
0	28
0	0
0	0
0	0
0	0
0	0
0	0
1	0
4	427
0	450
4	458
37	422
2	425
0	455
8	5
0	0
0	0
56	837
0	4
0	623
0	619
0	603
0	401
1	28
2	235
7	403
0	399
0	62
1	46
0	37
0	3
0	94
0	321
0	332
0	65
1	109
2	64
1	46
0	0
0	95
0	76
6	80
0	59
0	84
32	142
2	69
1	0
0	1
0	1
0	1
0	1
0	0
0	0
0	0
0	0
0	0
0	0
1139	427
1	90
1	104
0	20
2	271
0	1
0	0
0	0
0	1
0	1
0	0
0	1
0	0
0	15
0	16
1	18
67	51
0	24
3	47
2	33
0	33
0	11
172	79
0	79
0	59
0	19
0	0
0	0
0	103
0	359
1	338
2	367
0	85
0	75
0	57
1	53
1	52
6	31
0	41
10	30
0	1569
0	1570
0	415
0	782
0	1403
42	702
0	1378
0	821
1	1372
0	1290
0	1368
0	675
1	448
1	691
0	369
0	1167
0	864
0	105
0	85
1	102
0	704
0	57
0	146
9	837
0	54
0	592
0	136
0	527
0	694
2	11
0	4
0	8
0	8
0	1
0	128
3	53
0	113
0	67
0	13
0	30
0	5
0	19
0	21
0	6
0	5
0	3
0	3
0	3
0	0
0	2
0	258
0	446
0	104
4	478
0	448
1	251
0	355
0	344
0	371
4	275
6	298
0	364
0	349
1	162
0	170
0	0
1	168
0	148
0	192
0	37
0	65
0	3033
1	45
0	377
1	707
0	2281
0	3076
0	660
0	499
0	498
0	467
0	2971
1	1095
3	1001
1	668
2	636
14	344
0	2219
0	363
1	363
6	377
72	298
0	2107
1467	4364
1	169
0	277
1	4056
0	310
0	239
2	1646
0	1298
0	396
5	382
4	0
2	0
4	3
0	0
0	2
0	0
0	1
0	1
0	0
0	26
0	54
0	45
0	38
1	4
0	12
0	7
4	15
0	10
2	8
1	0
0	241
0	210
0	12
0	12
0	31
104	197
0	6
0	18
8	142
4	33
0	446
0	499
0	659
2	662
0	225
3	304
0	239
3	416
0	377
1	87
1	22
0	71
0	63
0	46
0	22
0	587
0	617
0	561
2	231
2	312
26	547
0	536
40	592
0	522
0	271
3	69
0	113
19	41
0	67
0	181
3	6324
0	7562
0	7561
37	7535
4	7654
1	6972
10	5331
5	7555
0	7553
2	8246
0	8245
0	8405
0	7996
0	8156
0	8046
0	8429
0	8427
0	2139
0	8780
0	6730
1	7144
0	7737
26	977
5	7057
0	2432
1	1217
0	6695
0	7485
2	5864
5	1150
0	1476
0	2638
5	1851
0	1944
0	5120
0	1149
0	276
0	562
0	152
0	891
18	559
0	891
0	610
0	580
0	117
0	143
0	75
0	107
0	55
0	287
0	223
3	95
0	5971
0	2230
0	4158
0	88
0	64
78	82
2	67
1	15
0	55
0	18
0	85
0	62
0	0
0	0
0	88
0	1464
0	824
0	246
0	14
0	14
0	12
0	14
0	22
0	4
5	21
0	4
0	4
0	3
0	2
0	0
0	0
0	0
0	0
0	0
13	310
0	193
0	30
1	29
641	72
5	33
2	70
0	30
3	70
112	70
0	7
0	3
0	4
0	3
0	1
0	411
0	320
5	65
1	305
0	374
6	270
0	383
4	41
7	54
0	115
27	177
5	140
0	117
0	111
0	40
0	121
0	75
0	48
0	1820
3	1831
1	467
0	471
0	417
0	200
0	108
0	98
0	67
0	55
0	173
0	166
0	165
0	132
0	79
0	22
2	34
0	34
0	617
0	838
3	730
23	560
0	804
0	854
0	591
28	372
0	290
12	282
0	126
12	27
2	31
4	30
0	0
0	2
0	3
0	2
1	2
1	262
0	3129
0	388
649	4073
43	1011
0	3406
0	4019
0	667
0	371
1	213
12	348
0	547
126	1754
0	716
7	118
8	1160
3	160
58	3300
0	3153
23	3156
63	2478
6	1165
0	0
0	0
0	0
0	0
25	2312
9	3498
0	3627
0	3596
7	344
19	80
0	599
0	566
7	589
42	3498
0	0
0	0
0	0
0	0
0	0
0	0
0	0
0	0
0	0
0	0
0	0
0	0
0	0
0	0
0	0
0	0
0	0
0	0
0	0
314	168
0	141
3	78
2	66
0	35
230	39
0	1391
0	122
13	1065
4	1354
0	72
2	152
1	72
217	219
0	46
2	35
2	60
0	204
0	76
1	198
0	165
0	72
0	36
0	188
0	2
0	53
0	13
0	102
0	0
0	0
0	9
0	10
0	43
1	1
0	43
0	41
0	42
0	9
0	9
0	12
0	7
0	42
0	0
0	0
0	0
0	0
0	0
0	0
0	0
0	0
0	0
0	1155
0	1123
0	351
0	268
0	675
0	692
0	70
0	21
41	26
2	7
2	489
0	1091
0	987
0	1175
61	294
0	280
2	742
2	1223
20	1391
0	1445
0	1409
0	217
7	0
0	256
0	221
0	327
57	960
36	137
4	322
0	311
11	82
1	135
0	150
0	151
0	145
1	45
1467	354
0	83
0	321
0	32
0	87
0	74
0	32
0	52
5	372
0	74
0	30
0	32
0	54
3	90
3	509
0	506
0	79
0	511
0	50
0	33
3	32
0	34
0	77
0	132
0	48
0	1
0	39
21	2
82	387
0	374
9	115
0	34
0	25
0	3
1302	204
2	204
16	48
4363	1111
1	200
1	825
3	216
0	97
0	204
319	1898
1	1897
0	317
1	250
1	427
0	0
0	0
0	0
0	0
0	0
0	0
0	0
0	0
0	0
0	0
0	0
0	0
0	1
0	0
0	0
0	1
0	0
0	0
0	0
0	0
0	0
0	0
0	0
0	0
0	0
0	0
0	0
0	0
0	0
0	0
0	0
0	0
0	0
0	0
1	4444
0	902
0	1349
0	1464
0	1129
0	1092
0	4732
8	646
2	774
30	493
0	1415
3	1196
0	557
9	264
43	604
16	188
148	127
0	4734
0	4429
0	4262
6	24
0	24
2	711
0	137
0	591
0	616
0	108
0	177
0	618
0	608
0	608
0	591
0	542
0	399
0	608
0	617
0	608
0	169
0	608
0	656
0	623
0	599
0	602
0	609
0	588
0	175
0	618
0	93
0	629
0	287
0	181
0	608
0	608
0	616
0	81
11	596
0	181
0	39
0	562
0	593
0	0
0	0
0	0
0	0
0	0
181	0
0	0
0	188
14	319
0	264
0	120
0	199
0	778
0	273
0	305
2	301
24	707
1	710
3	677
3	239
0	419
0	328
0	195
256	222
0	162
0	227
0	221
0	216
0	227
0	226
0	222
0	202
0	203
0	226
0	201
0	210
0	233
0	226
0	245
2	164
0	234
6	239
0	230
0	214
7	16
0	42
0	206
0	224
0	244
0	213
0	229
0	220
0	219
1	14
0	207
0	121
0	162
0	174
0	166
0	175
0	171
0	148
1	176
0	163
0	171
0	169
1	20
0	99
0	0
1	343
0	350
2	395
0	328
0	367
0	132
5	73
0	26
0	65
0	13
0	153
0	163
0	148
3	59
0	21
24	0
0	0
1	147
217	241
7	236
0	79
1	71
1	41
0	32
0	0
0	0
0	1104
0	183
0	171
0	180
0	209
1	111
0	189
0	95
0	165
0	105
0	373
0	285
0	291
0	273
16	535
0	356
0	2
7	116
64	116
0	17
0	19
0	10
0	11
0	36
0	123
8	112
6	155
3	0
0	50
0	21
0	157
0	16
1	32
0	22
0	40
0	12
0	58
0	35
4	39
0	26
0	4
0	6
0	0
2	19
18	31
0	0
0	0
0	0
25	1
0	0
4	63
11	53
33	356
0	345
0	394
1	398
0	425
0	68
0	345
0	399
0	350
11	13
0	2
0	74
23	116
1	170
0	132
0	0
0	144
0	204
0	126
9	58
0	64
0	0
8	86
0	70
2	75
0	0
0	0
2	84
0	102
0	290
0	289
0	251
0	254
3	290
0	134
0	173
1	75
0	104
1	76
3	52
1	2
1	12
0	0
1	11
0	0
2	9
2	8
6	9
0	10
1	7
1	10
0	9
0	5
0	2
0	64
39	300
0	67
0	113
0	71
0	131
6	156
57	29
0	1
0	9
0	30
0	9
0	5
0	3
0	5
0	12
0	0
0	0
379	304
29	304
173	525
0	18
3	507
1	55
194	726
0	648
0	698
0	129
0	55
9	99
0	65
0	56
5	55
0	43
0	25
0	648
0	5
0	5
0	5
0	5
0	3
0	5
0	0
0	2
0	2
0	2
0	2
0	2
0	9
0	5
0	9
0	0
0	4
0	0
0	0
0	7
0	7
0	1
0	6
0	7
0	0
10	21
3	48
0	163
0	99
0	21
2	89
1	22
0	38
0	27
0	22
0	163
0	1
0	1
0	0
0	1
0	0
0	1
0	1
0	0
0	0
0	0
0	0
0	0
0	0
0	63
0	65
0	25
0	26
0	12
0	42
0	8
0	23
0	25
0	36
1	11
0	33
0	13
0	22
1	261
0	261
0	230
0	100
0	13
0	12
0	12
0	16
0	25
0	0
0	25
0	28
0	11
0	12
0	30
0	9
0	22
0	173
0	24
0	40
0	172
4	154
0	146
0	160
0	33
1	34
3	14
0	0
0	14
2	14
0	12
0	2
0	0
0	3
0	8
0	7
0	1
0	7
0	4
0	3
0	1
0	0
0	0
0	0
0	0
0	0
0	0
0	0
0	0
0	0
0	0
0	0
0	0
0	0
0	0
0	0
0	39
0	61
0	267
0	0
0	19
0	312
0	56
0	174
3	202
0	54
0	0
0	0
1	226
5	435
19	381
0	109
27	116
0	162
3	526
142	592
10	6
0	268
1	242
0	27
76	68
6	299
26	9
0	217
0	299
0	589
0	714
0	198
0	108
30	669
0	567
0	116
0	257
3	75
0	10
0	7
0	0
0	257
0	101
159	413
0	234
11	371
0	197
0	163
2	551
0	90
0	989
0	905
0	574
2	280
0	37
0	366
2	55
0	166
0	84
0	0
7	30
0	65
23	1216
21	1226
4	113
0	60
13	18
0	41
0	32
1	70
0	17
2	134
0	135
0	73
2	3493
0	3067
0	3803
0	3893
0	3534
4	3625
0	3507
3	3624
0	3511
1	3354
0	3809
0	3671
0	2544
1	779
0	3731
0	3799
2	2495
0	3510
0	3801
0	3594
0	3748
0	3748
97	3799
0	3203
0	3748
0	3748
0	3538
0	2163
1	1119
0	3274
0	3274
0	3168
2	2874
0	3497
0	3490
0	3206
4	1419
10	3251
3	2144
0	1533
0	140
8	1763
0	374
1	1233
0	1236
0	854
0	1142
0	1035
1	1096
0	270
0	735
0	0
0	0
0	0
0	0
0	0
0	0
0	88
0	18
4	72
7	56
0	17
0	26
3	35
1	38
0	6
2	47
1	5
3	11
0	2
1	1
0	0
0	79
3	0
2	435
1	179
0	153
0	74
104	45
0	26
0	32
0	17
0	0
0	0
1	0
77	142
2	75
0	84
297	33
0	33
0	0
0	0
878	203
2	167
3	47
5	774
0	735
0	656
0	613
0	514
0	107
0	105
0	76
12	75
1	107
1	63
21	38
0	32
0	7
7	18
8	17
2	10
0	9
0	7
0	7
426	736
0	263
0	617
0	65
0	168
0	195
20	58
1	109
1	316
0	443
0	388
0	7
3	333
0	403
0	448
0	376
2	406
0	366
0	394
0	182
0	3
0	0
0	0
0	0
0	28
5	68
0	666
267	640
0	453
0	196
1	71
43	219
0	0
0	0
0	0
0	0
1	325
2	553
0	341
1	504
0	314
8	203
0	193
0	164
0	170
2	129
0	73
0	73
0	0
0	0
0	0
0	0
0	0
0	0
0	891
19	683
1	853
0	244
4	77
0	86
0	86
0	32
0	94
21	699
0	685
0	47
0	52
0	41
4	20
0	66
13	512
0	52
0	60
0	104
2	513
0	658
4	3734
0	3758
14	2687
0	2331
10	815
0	201
6	87
1	100
0	129
816	763
1	374
3	281
1	128
6	133
0	84
0	141
0	144
0	157
0	86
1	77
0	88
8	39
0	6
0	6
1	2
0	0
3	88
0	92
13	36
0	43
0	30
6	19
0	88
0	0
0	0
0	0
0	0
0	0
0	0
0	0
0	270
0	484
0	277
0	340
18	689
0	118
4	169
0	669
0	95
2	92
0	247
0	322
1	42
0	667
0	58
0	73
0	43
0	50
0	37
0	19
0	0
0	0
0	0
0	169
0	162
0	64
0	58
0	165
158	399
0	151
0	148
0	373
0	174
0	172
0	134
0	39
0	28
0	22
0	126
0	0
0	15
0	60
0	54
0	37
0	37
0	9
0	1591
0	0
0	0
0	1591
0	1591
0	0
0	0
0	106
0	0
0	1591
0	0
0	0
0	131
0	1382
36	1597
0	1592
3	815
2	70
0	581
0	570
0	634
0	653
0	607
0	652
0	627
3	648
0	517
0	421
0	458
11	63
0	231
3	91
0	87
6	75
2	79
0	59
45	21
0	0
0	0
0	1
0	1
0	1
0	0
0	1
0	831
0	876
0	239
0	311
0	64
0	55
0	77
0	28
0	26
0	20
0	46
0	53
0	38
0	1
0	1
0	812
40	604
1	604
0	274
0	6
0	7
0	6
0	7
0	6
0	257
0	535
2	533
0	494
0	496
0	495
1	502
0	494
0	495
20	121
0	30
0	53
19	133
0	85
164	0
0	0
0	0
0	0
0	9
0	8
0	17
0	10
0	9
0	9
0	1
0	2
0	16
0	2
0	2
0	1
0	0
0	0
0	1
1	1
0	188
0	90
4	912
5	291
0	22
0	247
2	0
0	901
0	210
0	0
0	0
0	1
0	1
0	1
0	2
0	0
0	0
0	1
0	0
0	1
0	1
66	3102
5	3102
0	147
0	471
2	188
5	96
0	131
6	0
0	0
14	718
0	1245
0	1185
0	1162
0	1200
0	1199
0	1178
0	1186
0	1162
0	1179
0	1207
0	1200
0	1221
0	1215
0	1191
0	1229
0	1221
0	1221
0	1207
0	1229
0	1207
0	1208
0	1215
0	1207
0	1186
0	1188
0	1203
0	1201
0	1226
0	1245
0	1224
0	1138
0	1231
0	1223
0	1231
0	1218
0	1187
0	1215
3	1185
0	1209
0	1224
0	1213
0	1124
0	1207
0	1202
0	1224
0	1182
1	1018
0	1126
0	1197
0	1174
0	1176
0	715
0	711
0	712
0	729
0	718
0	744
0	38
0	0
1	0
0	1
0	1
0	0
0	1
0	0
0	0
0	1
0	0
1	1
0	0
0	0
0	0
0	0
0	0
126	1287
0	1020
0	131
0	95
1	59
0	588
1	141
0	98
0	70
0	34
1	216
0	73
0	35
0	2
0	0
2	446
0	83
10	75
0	85
0	532
0	83
0	498
0	532
0	457
0	0
0	0
0	0
0	0
0	101
0	101
1	6
0	0
0	101
0	1
1	95
0	87
1	98
0	88
0	3
0	1
0	1
0	9
0	8
0	6
0	16
0	13
1	36
0	4
1	151
1	303
0	442
0	9
0	154
4	176
5	0
0	9
1	245
1384	549
1	328
0	247
0	3
0	240
3	226
0	79
0	16
0	1094
86	1100
5	1137
7	1095
16	1092
121	1156
0	100
1	7
0	16
0	2854
0	2822
0	2807
0	104
0	1166
0	2869
0	2
0	0
0	0
5	1456
0	0
0	0
0	2630
0	27
0	45
0	3
40	119
0	93
0	0
0	213
1	121
0	97
0	58
0	0
0	178
1	446
0	166
0	83
0	32
1	28
0	0
9	139
5	58
0	0
11	386
0	368
0	368
1	214
0	31
1	93
71	298
0	82
13	264
0	62
0	64
0	108
0	94
0	67
0	29
1	2
0	284
4	282
0	0
0	0
0	2
0	2
0	0
0	0
0	0
0	0
0	0
8	979
0	4030
0	4140
0	3707
0	3967
2	4079
0	4107
0	4093
0	1116
5	1347
0	305
0	0
0	0
7	1369
2	1270
0	1298
0	804
0	671
0	264
146	550
1	341
0	543
4	336
0	70
0	0
2	9
0	10
0	9
1	10
0	10
0	3
0	3
0	2
0	3
0	1
0	0
0	0
0	0
0	0
0	3
0	13
14	175
0	174
0	2
0	147
0	141
1	162
0	42
0	17
0	12
0	24
0	11
1	49
1	26
0	1
0	19
6	33
1	8
0	23
1	41
638	131
0	128
3	59
0	20
0	0
0	0
0	0
586	145
0	145
7	35
234	98
0	92
2	75
0	90
0	66
0	1
0	0
0	0
0	0
0	0
0	0
1	0
593	382
0	351
11	19
0	80
0	57
0	44
202	2899
0	2670
2	108
0	560
0	353
2	229
1	225
1	224
0	0
0	0
0	0
0	0
0	0
0	0
0	0
2	70
0	32
0	23
0	2
0	1
0	29
0	30
0	3
0	60
0	67
0	30
1	0
0	24
0	68
0	2
0	47
0	31
0	57
0	30
0	64
1	3
0	66
0	65
0	46
0	57
0	13
0	66
0	66
0	4
4	43
1	43
1	37
0	37
0	503
5	474
0	357
0	199
8	110
7	44
1	404
4	410
9	192
0	175
5	43
0	158
0	148
1	95
0	118
0	100
4	114
6	45
0	1
0	1
0	1
0	1
0	396
8	254
0	415
0	387
0	348
70	417
0	119
1	12
0	397
0	337
3	215
1	15
8	30
0	8
0	2
854	401
11	74
5	132
30	170
0	205
0	72
0	23
0	0
0	0
0	0
0	0
0	0
56	437
0	207
0	305
0	242
0	308
0	284
0	24
2	0
254	417
0	417
11	9
0	0
0	616
1	1547
0	1945
0	1416
0	153
0	8
0	110
0	244
0	201
0	150
0	117
0	106
0	106
0	65
0	41
47	3969
33	1081
16	3856
0	3488
0	0
0	1071
0	1084
10	463
0	0
0	0
0	0
1	0
0	0
922	740
0	129
0	151
1	111
2	173
3	194
874	170
3	57
31	113
0	56
0	76
0	45
36	222
0	86
2	170
0	1
0	43
0	83
0	49
0	12
0	31
0	618
42	541
0	647
0	614
0	93
0	430
0	379
0	346
0	185
0	82
0	138
0	153
1	114
5	153
0	122
8	0
65	6288
3	6355
112	3961
226	2010
1	4999
6	41
1	166
10	297
4	133
0	131
0	0
0	0
0	0
0	0
0	0
3	642
0	1211
2	473
1	1127
3	13
5	13
3	145
1	170
463	312
3	280
0	46
0	152
0	0
0	18
0	18
1	15
0	8
0	17
0	16
2	7
1	0
0	179
0	11
0	12
0	25
0	37
0	13
0	155
0	1
0	25
1	19
0	3
0	6
0	0
0	11
0	16
0	0
0	102
0	12
0	0
0	179
0	0
0	0
0	2066
0	3215
3	2695
0	3200
0	3220
9	3152
5	2658
0	1296
0	3141
0	1912
0	2661
7	1924
0	1786
0	1755
0	1212
3	569
1	29
0	25
2	32
0	5
7	29
0	29
0	33
0	14
1	111
0	125
3	220
0	42
0	40
0	176
0	298
0	68
0	36
0	39
0	30
1	27
0	34
0	52
0	12
39	528
0	528
0	1
0	3
0	3
0	1
0	3
0	3
0	3
0	3
0	3
0	2
0	2
0	0
0	2
0	2
0	0
0	0
0	0
0	0
0	0
0	0
0	0
0	0
395	631
0	631
0	0
0	6
290	106
0	10
2	19
1	34
4	35
0	28
0	298
0	110
3	930
5	579
1	824
1	676
5	897
3	1
3	743
0	280
35	194
1	170
1	25
0	0
1	3
0	3
0	3
0	0
0	1
0	324
3	154
0	31
0	0
0	308
0	310
0	306
0	96
0	310
2	0
12	30
0	114
5	106
0	318
0	3
0	4
0	3
0	2
0	3
0	3
0	3
0	0
0	3
0	4
0	3
1	252
62	475
0	112
69	373
0	0
0	78
1	209
0	112
0	175
11	637
2	609
0	641
0	161
0	171
0	73
0	86
0	514
0	623
1	639
0	639
0	346
0	645
0	641
0	639
0	628
0	639
0	641
0	639
0	639
0	634
0	625
0	621
0	380
0	621
0	520
0	324
0	368
0	544
3	616
0	612
0	614
0	606
0	580
0	577
0	468
0	566
0	531
1	347
0	549
0	549
0	510
0	549
0	549
0	549
0	532
0	549
0	549
0	439
0	535
0	545
0	545
0	545
0	527
0	528
0	545
0	426
0	456
0	530
0	530
0	527
4	436
0	510
0	495
0	458
0	460
1	230
0	91
2	73
1	0
0	77
2	122
45	145
0	115
0	8
0	91
0	61
0	61
0	17
4	2
0	2
0	0
0	50
0	440
1	95
0	253
0	408
2	332
0	43
0	132
3	638
6	350
3282	1415
6	137
0	784
1	867
268	502
2	514
3	45
5	275
0	94
0	150
6	74
0	95
0	45
0	146
0	1
0	0
0	1
0	0
0	0
0	0
0	0
0	0
1	0
0	0
0	0
0	0
0	0
0	0
0	0
0	0
0	0
0	0
3	8
0	109
7	426
1	122
9	26
1634	0
1	77
0	48
0	10
85	139
1	114
0	6
0	7
0	30
0	16
12	199
95	0
0	1166
3	292
0	1103
0	666
6	102
43	81
0	173
53	132
0	0
0	0
0	0
0	0
0	0
0	0
0	0
0	0
0	0
0	0
0	0
0	0
0	0
0	0
0	0
0	0
0	0
0	0
0	0
0	647
0	541
2	170
0	640
0	501
11	608
0	520
0	295
0	655
0	498
0	482
0	396
0	648
0	492
0	648
17	497
0	507
0	618
0	692
0	636
0	407
0	379
0	414
0	491
0	604
2	548
0	549
0	351
0	495
0	215
0	642
0	646
0	646
0	499
0	668
0	347
0	570
0	684
0	611
0	614
2	482
0	686
4	636
0	614
0	338
0	433
0	387
1	438
0	534
0	610
0	617
1	587
1	578
0	451
0	300
0	312
0	262
0	186
57	156
2	75
0	5
0	5
0	9
0	604
1	757
0	0
0	0
0	0
0	0
0	0
0	0
0	0
0	0
0	0
0	0
0	0
0	0
0	0
0	0
0	0
314	384
0	36
0	20
0	26
1	306
0	56
0	49
2	66
0	40
0	15
0	21
0	0
1	1305
344	1598
4	164
1	231
0	321
0	332
0	116
19	91
0	90
1	592
49	880
0	0
2	0
3	197
0	211
2	178
0	57
0	44
0	32
5	16
2	23
0	12
0	7
1	49
1	98
1	98
0	98
0	548
0	536
0	39
0	115
1	12
0	79
0	66
0	48
4	167
0	174
0	131
0	131
11	50
8	130
4	1416
0	1711
0	1674
15	1262
1	700
1	499
0	988
0	581
3	411
0	872
0	378
8	144
0	0
1	58
5	153
0	173
2	33
0	174
0	178
2	52
0	95
0	47
7	87
1	52
82	1468
1	1412
1	1412
0	1418
7	497
2	271
1	568
2	241
0	135
0	144
10	29
40	323
0	335
0	288
2	272
15	273
4	255
0	83
9	51
0	112
0	128
5	111
6	79
0	40
0	51
0	29
1	34
0	28
0	24
0	24
0	10
0	10
0	9
0	8
0	2
0	0
3	255
0	252
6	116
0	93
0	150
0	86
0	70
2	67
0	64
0	63
0	55
0	53
1	19
0	5
0	33
0	49
0	502
2	44
0	38
0	31
3	34
7	360
1	417
0	28
11	199
3	73
0	20
7	92
15	96
0	96
0	90
0	16
0	4
1	0
0	1
0	1
0	1
0	1
0	1
0	0
0	1
0	803
35	697
0	701
3	192
1	309
3	52
0	150
52	395
0	69
0	598
0	1158
1	1141
0	1151
0	1133
0	1048
14	1105
1	39
0	556
1	144
0	169
0	422
0	120
0	91
0	58
0	45
0	34
101	204
4	57
0	39
14	120
0	135
0	28
2	41
0	41
0	5
0	7
2	196
0	554
186	213
11	547
0	647
0	495
0	512
0	466
2	78
6	76
0	60
1	1460
2	1457
0	1478
30	1295
18	1036
0	1448
18	868
0	378
2	185
0	199
0	389
0	182
2	100
2	97
0	79
0	18
0	18
0	19
0	20
0	9
0	13
2	124
0	9
0	13
0	9
0	22
0	11
0	109
0	11
0	9
0	59
0	17
0	17
0	0
0	0
9	1050
0	141
0	727
3	650
1	151
0	1009
0	120
0	55
0	169
0	53
0	150
0	114
3	96
0	228
3	177
0	2
16	274
5	171
0	150
0	96
0	154
0	89
0	11
0	35
0	6
0	36
0	38
0	23
0	13
1	7
2	10
1	7
67	510
0	455
0	0
1	510
1	0
0	0
2	18
0	5
38	96
1	90
6	8
2	47
0	83
0	11
12	27
0	10
27	571
1	583
0	345
6	430
3	47
0	178
13	10
5	286
1	26
0	77
0	64
0	43
0	7
4	5
0	0
0	0
4	229
0	249
0	278
2	272
2	23
1	20
4	189
1	147
38	144
0	118
0	117
7	8
0	68
0	30
15	78
1	60
3	183
3	310
7	346
0	294
0	309
0	94
0	49
0	304
3	329
0	101
0	126
0	321
3	136
2	116
0	144
0	0
0	0
1	64
2	65
2	2
4	7
0	2
0	5670
29	3164
0	910
4	844
1	5519
0	3
1	3
0	376
1	56
0	541
0	538
8	133
1	89
0	25
70	5359
500	5965
0	1504
0	1461
0	1052
0	10
0	10
1	1
0	557
0	560
0	114
0	574
0	217
13	223
0	54
1	236
0	190
0	212
0	51
1	85
8	83
0	381
0	145
1	25
0	87
11	73
0	15
57	239
0	66
0	44
5	70
16	70
0	70
0	70
0	0
6	98
0	456
0	428
2	122
0	211
2	457
1	493
0	465
0	507
0	523
0	521
0	115
0	25
3	341
4	275
0	7
801	282
1	282
0	187
467	484
0	221
0	167
1	380
0	469
0	115
2	143
3	4991
8	4084
0	5026
0	4028
53	5006
0	1480
1	3653
0	4091
2	5006
71	4078
6	3863
0	20
3	4020
2	0
0	0
0	0
0	0
18	310
13	320
0	122
0	107
1	136
0	124
8	29
3	15
4	28
1	35
0	5
0	30
0	48
0	756
0	1143
33	56
1	1136
0	1077
0	1108
0	858
3	1119
0	18
0	8
0	1101
0	97
62	1021
0	789
0	58
0	157
0	142
0	415
1	334
0	382
0	417
1	382
1	195
0	437
22	382
1	364
1	40
0	269
2	236
0	257
0	99
0	1
0	21
0	24
0	230
0	237
2	225
0	80
0	160
0	105
2	141
0	103
0	64
0	34
0	90
0	79
0	1597
0	6
0	4
0	4
0	515
0	384
0	0
0	286
0	273
13	160
0	243
0	302
0	278
0	11
0	96
0	252
0	290
0	274
0	263
0	302
0	272
1	299
9	63
0	94
0	260
0	256
0	269
0	241
0	304
0	299
0	74
0	261
0	106
0	282
0	294
0	148
0	277
0	20
0	302
0	145
0	297
0	110
0	289
0	17
0	259
0	139
0	281
0	273
1	97
0	73
0	221
0	5
0	108
0	84
0	76
0	89
0	88
0	116
0	252
24	85
0	60
0	70
0	216
0	216
0	61
2	19
0	194
0	193
2	9
0	162
0	160
0	158
0	157
1	157
0	159
0	160
12	161
0	90
0	132
0	108
3	28
0	90
0	71
0	62
21	56
0	65
0	185
0	134
0	69
0	121
0	0
0	1388
3	967
7	1119
49	361
130	42
13	14
2	10
2	104
0	7
0	0
0	0
0	0
0	0
237	0
0	230
0	273
35	275
0	230
0	272
0	133
0	173
0	0
0	14
0	60
0	70
0	51
2	48
0	8
0	4
0	1
0	1
0	244
0	239
0	211
0	172
0	254
0	275
0	244
0	90
0	97
0	132
23	135
3	85
29	12
2	11
0	22
0	16
6	10
0	15
1	38
0	11
0	0
0	0
0	1
0	0
0	0
0	0
0	0
0	0
0	0
0	51
1	76
0	24
0	960
5	25
0	35
0	439
0	1065
0	547
0	100
1	149
0	66
0	33
0	138
8	141
0	104
0	53
0	94
0	57
0	48
1	44
0	38
0	857
0	304
0	34
0	47
1	78
11	71
0	76
2	73
0	62
0	55
1	24
1	19
6	7
0	13
2	31
0	26
0	21
0	25
0	0
0	25
0	7
0	2
0	3
0	1
0	2
0	5
0	25
0	9
1	7
0	5
0	0
0	0
0	3
0	4
0	1
1	181
0	676
0	692
11	680
0	659
0	367
0	503
0	556
0	667
0	487
5	142
4	55
0	176
0	177
1	84
0	211
0	135
0	199
0	122
0	157
0	188
0	89
0	9
0	78
3	69
3	69
3	36
1	10
9	710
4	70
0	5
0	47
0	44
0	68
0	6
0	32
0	3
2	47
0	35
0	13
0	12
0	6
0	0
0	0
0	0
0	0
0	0
0	0
0	0
0	0
0	0
0	0
0	0
10	159
2	166
0	235
1	235
0	146
0	233
264	250
0	91
0	235
0	139
1	67
11	19
0	0
0	56
0	5
0	73
0	73
0	53
0	53
0	13
0	18
1	8
0	3
5	21
0	44
0	33
0	29
0	2349
0	2349
0	26
0	197
0	183
0	467
0	2349
0	183
0	357
0	932
0	2050
0	1833
0	1878
0	11
0	239
0	1794
0	172
0	254
0	233
20	30
0	1164
0	189
8	202
5	332
862	1676
0	1676
19	6
1	166
0	682
0	3
0	3
0	3
0	19
0	139
0	71
0	76
4	134
0	57
0	45
0	168
0	275
0	19
0	33
0	16
0	222
0	20
0	233
0	272
0	278
0	15
0	259
0	28
0	292
4	33
0	37
84	267
8	1218
12	1230
0	204
0	12
0	11
585	73
0	65
0	54
0	69
0	72
0	6
0	34
0	39
0	31
0	58
0	20
0	47
0	13
0	47
0	39
0	34
0	70
0	32
0	21
0	28
2	3
0	38
0	6
0	0
0	0
85	1045
1	1045
0	328
1	187
0	323
3	227
0	241
10	802
0	95
2	0
405	0
0	1159
0	1148
0	1021
0	799
0	715
0	553
3	274
3	157
0	77
0	352
2	263
0	22
0	218
0	217
0	216
0	33
1	93
270	14
0	14
158	169
0	169
14	1298
44	1302
7	153
0	306
0	157
1	135
0	86
155	139
0	107
1	44
0	0
0	0
0	0
0	0
0	0
0	0
36	37
0	37
0	146
0	143
0	19
5	146
0	146
0	2
1	0
0	0
0	93
0	139
0	139
0	80
0	276
0	136
1	37
0	651
16	710
0	75
0	130
0	60
2	59
1	164
0	177
0	173
0	113
8	157
0	187
0	161
0	88
11	162
0	141
0	85
0	33
0	13
0	29
0	281
0	281
0	270
24	11
2	76
0	276
1	270
3	8
622	0
0	173
1	25
0	190
0	90
4	178
0	178
1	136
16	66
15	76
4	10
156	309
0	33
0	31
3	41
0	108
1455	108
0	1679
0	1481
0	1678
2	311
28	65
0	92
0	1
3	6
0	126
0	27
0	7
0	20
0	13
1	188
0	50
0	85
0	1
0	188
0	43
0	183
0	177
1	25
0	8
0	48
1	43
3	32
0	2
0	14
1	16
1	15
0	15
0	11
0	16
0	1
0	27
245	195
0	127
1	193
0	27
0	96
3	21
0	19
0	0
0	0
0	0
0	0
0	0
0	0
0	89
3	38
0	82
0	41
0	15
0	70
0	54
0	76
1	56
1	4
0	10
0	12
0	15
3	4
0	11
0	9
2	9
0	5
2	0
0	3
0	3
0	3
0	0
0	0
0	0
0	0
0	0
0	0
0	0
0	234
2	313
2	321
1	130
0	137
14	65
6	0
0	1
6	3
1	1
0	1
1	0
0	0
0	2
0	1
394	0
0	62
0	61
0	110
0	58
0	7
0	1
0	0
0	0
0	0
0	1
0	7
0	0
0	1
0	2
0	12
0	8
0	411
0	414
3	456
0	366
0	367
2	361
0	468
0	48
0	47
0	382
1	12
2	290
80	341
0	116
9	336
1	101
2	119
0	3424
0	7
0	3279
0	3243
4	78
0	3416
0	47
34	2281
0	465
2	288
24	192
3	9
0	21
12	26
1	13
0	2
0	1
0	0
20	422
5	422
0	130
0	569
5	1
9	0
0	90
0	565
1	563
0	0
1	0
1	0
0	59
0	0
0	0
0	0
0	0
0	9
0	27
0	28
0	43
0	38
0	0
0	2
0	523
0	441
0	490
0	555
0	503
0	501
0	386
21	298
6	378
0	346
9	28
0	502
0	503
1	505
6	507
17	289
25	597
3	107
0	448
0	443
0	435
1	447
0	346
0	368
1	49
0	29
2	306
2	10
0	88
0	99
7	76
0	82
0	5
1	12011
4	9924
0	11322
175	11440
1	202
0	11955
0	10387
0	2449
12	11954
0	187
0	11292
0	147
0	11964
0	148
0	7183
0	11716
0	10511
18	11052
0	7132
0	10224
0	10031
0	10008
0	1320
0	584
0	586
0	107
9	590
0	392
2	13
0	25
0	13
7	17
5	8
0	23
5	37
0	8
0	4
0	36
0	0
0	36
0	36
0	36
25	359
0	0
0	25
0	359
0	359
0	340
0	63
0	32
0	28
0	0
2	97
150	205
9	215
0	57
0	116
0	226
0	237
3	237
9	237
2	237
19	215
0	12
5	3
0	0
0	3
0	1
0	1
0	0
0	0
0	0
0	0
0	0
0	0
46	0
0	0
0	93
0	93
1	304
0	307
0	456
0	445
0	0
0	0
0	0
2	0
0	0
0	71
2	31
0	545
1	30
10	10
2	518
2	514
12	540
0	526
0	526
0	120
0	54
0	527
0	153
0	173
0	60
0	0
0	0
0	131
5	60
0	26
0	39
5	43
0	38
1	43
0	866
87	988
5	988
0	559
9	875
0	0
0	0
0	0
0	0
0	0
328	105
0	5
2	15
0	38
0	77
4	0
0	0
2	743
0	651
0	421
0	323
2	339
0	178
0	104
76	3253
2	3253
4	121
1	418
0	81
0	33
12	66
11	225
0	831
0	897
0	4
0	12
0	899
0	6
0	34
0	889
0	8
1	897
0	899
0	102
0	897
0	72
0	18
0	871
0	1
0	8
0	932
14	1214
4	1247
0	1204
0	1305
6	20
1	1
0	30
0	162
0	133
0	41
0	162
1143	38
4	19
26	38
0	1030
15	1207
0	1274
3	1330
0	1338
0	823
0	853
5	32
3	673
0	75
4	28
0	47
0	592
0	120
0	38
0	77
3	77
0	60
0	43
0	23
0	0
0	0
0	11
0	22
0	18
0	11
0	11
0	1
0	1
1	11
0	0
0	9
0	9
0	2
0	2
0	0
1	0
0	0
0	0
0	0
0	0
0	0
0	0
0	0
0	0
0	0
0	0
1	26
0	21
0	228
0	21
8	28
1	17
0	25
0	226
0	219
0	35
1	21
0	139
2	17
0	42
1	10
0	21
1	28
0	1
0	1
0	104
0	927
0	100
0	908
0	891
0	117
0	116
0	905
1	920
0	847
1	0
0	8
60	8885
0	3640
928	8881
0	3192
0	4207
18	114
1	3096
0	1205
10	1175
5	99
0	0
0	0
0	0
0	0
1	198
24	198
0	4
10	123
59	131
0	16
0	30
2	18
0	17
0	15
0	19
0	21
0	220
0	211
0	219
0	219
0	194
0	204
3	207
0	212
0	157
0	108
0	110
0	14
0	30
0	11
2	22
0	52
0	46
1	1
0	97
1	0
106	96
1	89
0	9
0	20
0	1
1	1
0	5
0	1
0	5
0	1
0	0
0	1272
18	1272
0	10
1	899
0	4
3	71
3	255
1	253
0	118
0	637
0	650
0	135
0	636
0	659
0	127
0	112
1	582
0	630
0	65
0	70
0	43
243	2
0	0
0	82
2	82
0	3
2	9
0	9
10	1
0	54
0	54
0	5
0	4
0	4
0	4
0	3
0	4
0	3
0	2
0	2
0	0
0	1
0	0
0	0
0	0
0	1
0	0
0	0
0	0
0	0
0	0
36	2092
0	1819
3	1899
0	1485
18	970
7	335
1	886
0	481
6	498
0	331
0	327
0	0
0	0
0	0
0	0
0	0
0	0
0	0
0	0
0	0
0	0
0	0
0	0
0	0
0	57
3	54
0	60
10	57
0	35
1	54
0	14
0	7
0	12
0	20
0	31
3	13
0	30
0	23
0	26
0	20
0	23
5	22
0	10
0	11
0	10
1	0
0	3
0	3
0	0
433	43
3	43
0	1585
5	1762
5	137
0	1676
1	1859
3	2135
7	222
0	1064
3	236
0	1571
0	320
0	130
0	1109
13	1100
0	556
0	264
7	642
0	64
0	424
0	281
0	114
0	72
0	114
0	13
0	317
0	316
0	76
0	104
8	316
0	0
0	568
0	884
0	933
0	175
0	542
0	966
0	790
0	787
0	898
0	440
0	141
0	929
0	866
1	884
1	931
0	910
0	5
0	1
0	638
0	778
0	783
0	891
0	815
0	913
0	120
0	168
0	683
0	522
0	89
0	147
0	224
2	646
2	508
0	51
0	104
0	348
16	196
0	909
0	3087
0	3145
0	3072
0	2967
0	3075
0	3105
0	629
0	3210
0	3148
0	2542
0	2771
2	2995
0	2967
3	2881
0	2942
0	3001
1	2945
2	2832
0	2778
0	1004
0	122
0	1539
0	380
0	593
0	210
0	207
0	209
0	103
2	433
0	69
0	63
0	86
0	68
0	28
0	74
0	73
0	46
2	479
0	67
3	108
0	162
0	454
0	293
0	346
0	428
1	78
0	107
0	11
1	193
0	174
11	382
0	163
0	89
1	90
1	95
1	50
0	23
0	25
0	50
0	49
0	16
0	14
1	18
0	16
0	1
0	0
21	2037
23	578
0	405
0	776
3	2017
0	1748
0	231
0	128
0	295
625	0
1	408
0	59
0	414
7	168
2	41
3	390
0	73
0	92
0	28
0	317
5	46
0	22
0	13
11	21
2	9
5	3
0	78
0	27
0	51
0	61
0	128
0	93
0	52
0	58
0	54
0	27
0	52
1	22
0	142
0	74
0	66
0	183
1	117
0	23
0	31
0	7
0	16
3	6
1	1391
0	1421
0	45
0	338
7	85
0	118
0	76
13	437
0	27
1	32
0	355
0	232
0	379
0	292
0	199
2	136
0	61
0	345
141	150
1	39
0	38
1	7
2	230
0	197
0	187
1	204
0	71
0	97
0	28
1	72
1	28
0	2
389	172
4	83
0	107
0	32
3	65
0	23
9	23
0	5
7	182
26	99
2	89
0	21
0	70
0	49
13	17
4	130
1	290
733	415
0	163
0	131
0	50
4	370
0	41
0	29
0	2393
4	0
14	371
1	354
20	400
0	618
0	590
0	586
1	43
0	65
0	607
0	771
0	612
0	719
8	60
55	732
0	821
15	401
25	98
0	774
46	173
5	281
0	496
119	551
254	398
0	374
0	83
1	214
0	167
4	16
11	0
2	268
2	18
0	18
0	16
0	16
2	94
0	7
0	111
2	90
6	111
1	27
2	0
0	41
0	23
703	1565
14	876
0	379
6	95
2	427
0	0
0	0
0	0
1	0
0	0
0	1
0	0
0	2
0	4
0	4
0	4
0	3
0	0
0	1
0	1
0	727
10	796
0	853
161	784
0	286
0	302
0	781
10	219
8	85
0	251
0	310
0	229
3	0
0	0
0	0
0	1
0	1
0	1
0	1
0	0
0	0
0	0
0	0
0	1
0	0
0	0
0	0
0	0
0	0
0	0
0	0
0	0
0	0
0	0
0	0
0	0
0	0
0	0
0	0
0	0
0	0
0	0
0	0
0	0
0	0
0	0
0	0
0	0
0	0
0	1
0	53
0	274
0	77
0	15
0	72
89	373
0	69
1	25
63	68
0	58
0	10
0	61
1	17
0	52
0	130
39	91
0	119
1	292
0	370
0	366
0	82
0	73
0	357
1	146
1	134
0	104
0	104
0	69
0	48
0	119
1	71
0	82
0	54
0	109
0	112
0	60
4	31
0	0
0	0
0	0
0	0
0	0
10	0
0	179
0	403
11	432
5	68
0	379
0	489
0	301
0	363
0	364
0	364
0	364
2	473
0	284
0	363
0	140
27	359
1	1
0	182
0	182
178	189
0	189
0	20
0	20
0	24
0	20
0	17
1	22
0	675
3	594
1	33
0	674
0	640
14	31
17	105
2	61
1	13
1	388
0	390
0	63
0	63
1	386
0	43
1	23
0	81
0	140
0	136
0	15
1	0
0	35
0	261
3	234
0	121
2	139
1	159
0	37
0	135
0	2
0	63
9	90
1	81
27	139
0	6
0	124
0	0
0	1
0	0
0	0
0	0
0	0
0	0
0	1
1	0
0	1
0	0
0	0
0	0
0	1
3	634
3	637
15	94
1	117
0	14
0	3
1	9
0	147
0	17
0	6
0	7
12	264
1	6
0	18
0	3
0	5
0	186
0	17
0	140
0	11
13	4396
28	4455
89	670
26	3802
83	1338
6	634
28	842
3	1637
1	13
0	269
0	13
0	242
0	152
0	23
0	30
0	123
0	16
0	3
0	196
0	27
0	25
22	68
0	1
0	67
0	674
0	674
0	0
0	0
0	38
0	38
1	38
0	38
0	33
0	35
0	34
0	35
0	33
0	28
0	21
0	0
0	0
0	0
0	388
0	431
21	234
0	364
0	282
1	174
0	167
1	58
0	27
0	31
3	0
0	4
0	0
0	4
0	3
0	27
0	20
0	20
0	8
0	3
0	3
0	7
0	6
0	4
0	3
0	1
0	4
0	0
0	1
0	1
0	1
0	0
0	0
0	2
0	0
0	0
7	207
0	206
5	167
0	64
4	34
2	1215
2	1217
1	474
0	0
0	0
0	0
0	0
0	0
0	0
0	1
0	0
0	1
0	3
0	1
0	3
0	3
0	1
0	3
0	0
0	2
0	2
0	2
0	2
0	1
0	2
0	2
0	1
0	0
0	0
0	0
0	0
0	0
0	1629
0	1136
0	1136
0	1628
0	1136
0	1602
0	486
0	1446
0	295
0	296
4	300
1	288
14	160
0	40
0	174
0	116
0	89
5	149
0	82
3	132
2201	0
0	1617
0	1654
0	1188
2	1615
0	1474
6	1270
2	1552
0	1112
0	1104
0	782
0	0
0	0
0	0
0	0
134	558
1	117
21	491
2	4
4	58
2	104
0	2
1	2
0	0
0	0
0	0
0	0
0	0
0	0
0	0
0	0
0	0
0	0
0	0
0	215
0	84
6	64
0	136
0	101
0	94
0	1
4	186
0	829
2	715
0	699
3	544
0	169
5	400
8	203
11	213
0	119
0	353
0	389
0	118
0	51
0	73
14	158
0	146
4	228
186	114
2	61
4	6
50	2
299	1
0	233
2	323
0	167
0	15
0	46
0	85
0	66
0	100
0	322
0	78
0	70
0	15
0	15
0	86
0	11
0	0
0	401
51	391
0	134
4	343
0	378
1	353
1	52
0	51
73	309
29	427
0	359
0	0
0	0
0	0
12	45
0	45
3	25
1	10
0	339
0	419
0	426
0	542
220	985
6	37
4	426
0	358
0	690
0	360
0	85
18	85
0	0
0	85
2	77
0	17
0	20
0	85
0	10
0	7
0	10
0	10
0	195
0	196
0	208
0	146
0	146
0	205
0	196
0	135
0	8
0	140
0	110
0	71
0	80
0	129
0	116
0	140
2	16
0	33
0	42
0	149
0	103
0	85
0	55
0	134
0	18
0	50
1	41
0	59
0	98
0	92
0	52
2	7575
0	197
0	43
0	10558
0	712
0	6248
0	10358
9	10497
2	675
36	511
0	641
23	49
0	49
0	35
0	30
1	1
2	397
397	828
8	322
0	144
0	284
0	1
0	1
0	1
0	0
0	0
0	0
0	0
1	719
0	823
0	694
0	641
0	746
0	200
0	271
0	239
14	155
0	70
0	216
0	192
0	108
0	162
0	92
0	92
0	93
0	68
2	6
1	2688
0	2614
1	2260
3	2587
6	2454
0	2528
0	2568
0	2472
1	2526
0	1150
0	2372
0	2182
0	2057
0	526
0	1151
0	264
3	106
1	24
0	158
0	1
610	1804
35	605
11	252
0	230
0	294
19	71
4	353
2	164
0	59
0	342
0	172
0	109
11	1011
0	838
0	891
21	196
0	816
2	110
0	281
0	296
0	56
0	299
11	137
5	89
0	1
0	1
16	1508
1	1508
1	422
20	557
3	527
0	361
0	473
83	573
0	398
0	383
0	201
2	270
6	102
0	72
1	116
137	97
0	39
0	87
535	76
0	76
0	197
0	356
1	289
0	341
1	85
0	297
2	314
2	58
0	240
0	209
0	237
0	200
3	250
0	200
0	191
0	215
0	149
0	106
0	92
0	56
0	24
12	671
0	608
0	649
1	656
5	466
0	116
1	97
0	88
2	84
0	53
4	36
1	42
0	25
0	59
0	54
0	41
1	16
0	58
1	58
0	8
0	47
0	54
0	47
0	58
0	36
0	11
0	0
0	0
0	1782
3	1842
0	1330
2	400
3	310
6	1103
0	1155
0	171
62	330
0	184
0	192
6	140
8	5
0	3
0	2
6	5
1	5
2	1
171	362
1	362
0	34
0	682
0	681
14	667
0	689
0	398
132	406
1	139
0	158
0	95
0	16
1	188
0	117
0	73
0	80
1	8
0	7
0	557
0	204
0	15
0	14
0	11
0	14
0	3
0	14
0	12
0	5
0	5
0	7
0	2
0	0
0	1
0	1
0	1
0	1
0	1
5	130
99	131
1	38
0	46
0	10
1	39
1	258
0	302
0	37
0	401
0	422
1	17
0	264
0	82
0	82
0	82
0	82
0	102
0	4
0	4
0	28
0	29
0	36
0	291
0	19
0	24
0	24
0	41
1	259
0	16
0	16
0	16
0	16
0	13
0	8
0	8
0	38
0	8
1	30
0	25
0	17
0	11
0	0
21	131
0	26
0	232
0	11
1	20
0	23
0	0
0	0
0	97
0	92
0	76
0	84
0	198
1	104
3	775
1	366
0	193
24	186
3	760
0	44
0	34
0	37
1	4
0	21
0	0
0	0
0	0
0	0
0	0
0	0
0	0
0	0
0	0
0	0
0	0
0	0
0	0
0	0
0	0
0	18
0	25
2	104
0	32
0	5
0	104
0	108
0	78
1	6
0	98
0	45
0	4
1	33
3	99
3	0
0	35
0	75
0	1061
1	464
12	533
0	1061
18	1097
99	0
0	274
87	145
0	192
3	132
0	132
0	15
0	127
0	22
0	43
2	41
2	33
0	49
2	21
0	542
33	539
0	511
0	199
1	31
5	431
0	443
9	75
0	121
0	115
0	257
0	107
0	110
0	110
0	86
0	125
0	152
0	101
0	139
0	143
0	23
0	127
0	104
0	91
77	292
0	108
0	160
0	96
0	155
1	3
0	3
0	13
8	16
0	15
0	14
0	6
0	5
0	6
0	7
0	4
0	6
0	3
3	13
0	1
5	396
0	1447
0	225
0	273
0	266
0	279
0	282
0	518
0	1206
0	1189
0	218
0	451
0	152
0	178
0	426
8	77
0	101
0	131
0	149
0	158
5	410
151	1018
0	43
55	1014
0	99
0	1028
0	510
0	42
1	2949
0	621
0	8184
0	7818
0	800
0	10757
0	41
1	250
0	960
6	7046
3	10585
0	528
0	729
33	3588
0	644
0	564
0	528
4	2260
0	168
20	8354
0	303
0	5429
0	545
0	1439
49	457
1	488
45	550
0	399
11	81
10	27
0	1297
0	294
2	1209
0	1261
0	892
0	1268
2	1200
0	1304
0	116
0	1245
0	189
1	137
0	102
1	69
0	165
0	476
3	20
0	550
5	24
0	28
1	451
0	475
0	318
0	475
115	644
0	464
0	470
0	222
0	453
0	460
3	458
0	434
1	281
0	282
0	288
0	224
1	230
1	168
2	171
0	150
0	75
1	35
9	2
0	20
9	15
0	477
2	1730
0	8
0	877
0	894
0	983
0	50
28	459
0	1038
6	1616
0	1712
2	748
0	1422
0	1718
0	20
4	1666
0	865
3	537
3	437
7	160
0	1712
370	211
1	171
0	98
1	103
0	95
0	441
2	443
0	182
0	320
2	0
0	453
1	330
0	12
0	12
0	4
0	5
0	4
0	677
0	1039
0	1066
0	669
0	831
0	691
3	842
13	859
18	876
0	873
0	521
3	854
12	233
4	230
2	0
2	24
2	0
0	0
0	0
0	0
0	0
0	0
0	840
22	285
26	1764
1	1290
0	0
0	0
0	0
0	0
0	0
0	0
0	0
0	0
0	0
0	0
0	0
0	0
0	0
0	0
0	0
0	0
0	0
0	0
0	0
0	0
10	41
0	41
1	11
0	8
0	9
4	3
5	181
0	162
1	114
0	58
1	104
0	59
0	44
0	62
1	24
1	5
0	8
0	27
0	3
0	8
0	4
0	0
1	8
0	9
623	2046
5	1961
87	339
0	1
0	8
0	8
0	1
2	7
0	8
0	0
0	0
0	0
0	0
0	0
0	0
0	0
150	3418
0	3418
0	2112
3	144
8	530
14	578
0	16
0	16
0	15
0	13
0	1
0	3
0	5
0	14
0	15
0	1
0	0
0	0
0	1
0	1
0	1
0	0
0	0
0	0
0	0
0	0
0	0
0	0
0	0
0	0
0	0
0	0
0	0
0	0
0	0
0	0
0	0
0	0
1	27
0	9
0	1
0	27
635	388
0	299
2	31
7	93
417	357
0	223
0	238
0	83
1	46
0	39
0	38
0	31
2	18
0	12
144	623
1	142
0	517
0	402
0	401
0	336
0	333
0	332
0	332
1	328
1	325
0	404
0	143
0	75
1	29
0	18
0	21
0	22
0	19
1	9
0	11
0	0
0	0
0	0
0	0
0	0
0	0
0	0
0	192
427	225
1	83
1	113
4	238
0	0
0	0
1	5
9	3
0	2
0	1
0	0
0	0
0	0
0	0
0	0
0	0
0	0
0	0
0	225
4	229
1087	610
11	98
14	561
0	188
0	231
0	150
0	234
0	183
1	163
0	184
0	195
9	54
0	73
10	22
0	143
0	59
0	74
0	26
0	119
0	113
0	123
0	98
6	73
0	48
2	441
19	421
0	448
0	417
0	417
0	437
0	254
0	60
1	58
0	31
0	103
0	52
0	72
0	40
0	38
0	5385
2	415
0	2501
0	5541
0	4498
0	5226
0	2396
0	1211
3	1791
14	405
0	525
25	1607
0	1051
12	147
0	1307
1	381
35	1102
270	32
0	32
2365	1811
2	221
2	52
14	386
14	379
0	135
0	1042
7	68
0	933
16	133
4	9
0	9
1	122
0	126
0	0
0	0
0	0
0	0
0	0
266	150
0	63
1	87
0	872
0	26
0	869
0	374
0	122
0	46
0	73
0	59
0	24
0	22
7	24
0	44
2	8
0	27
0	27
1	25
0	20
0	15
0	9
0	9
0	26
0	257
0	234
11	101
7	7
2	15
4	103
0	215
0	89
0	0
0	0
0	0
0	0
0	0
77	1118
0	1079
0	655
0	504
1	543
0	597
0	320
0	155
0	273
0	280
11	258
3	92
0	81
0	2
0	0
0	0
0	0
0	0
0	290
0	1450
46	389
0	229
0	249
1	61
4	1388
0	787
303	574
0	99
0	132
0	537
0	22
4	49
1	148
11	1
0	0
0	0
0	0
0	1
0	1
0	0
0	0
0	0
0	0
0	0
0	1
530	93
0	53
0	79
0	41
10	27
1	21
0	12
0	2
0	1
0	2
0	0
0	2
0	1
0	1
0	1
0	1
0	1
0	0
0	1
0	1
0	1
0	1
0	1
0	1
0	1
0	1
0	0
0	1
0	0
0	1
0	0
0	0
0	0
0	0
0	0
0	0
0	0
0	0
0	0
108	170
0	96
0	58
0	144
1	69
0	35
3	37
0	13
0	3
2	27
0	29
67	686
0	56
0	115
0	662
0	0
0	0
0	1
0	1
0	0
0	1
0	0
0	1
10	1065
0	805
0	776
0	333
0	148
0	354
1	211
0	40
2	86
5	40
19	14
0	1045
0	90
0	68
0	57
3	655
828	1126
0	669
1	125
3	8
4	258
1	215
0	267
0	64
8	29
1	115
0	6
1	0
0	173
8	175
0	132
0	90
0	43
2	61
0	46
0	1
0	1
0	1
0	0
0	1
0	1
0	1
0	0
126	0
0	608
8	156
0	87
7	89
2	77
54	0
10	687
9	259
7	415
0	44
0	405
0	22
0	39
0	35
0	11
0	64
5	29
0	23
3	70
0	23
6	73
0	73
0	0
0	0
1	0
0	0
11	0
0	16838
0	5900
0	9956
46	16805
0	9598
102	5203
0	7778
0	10151
0	12460
23	11201
22	12475
39	9121
1	10706
4	6149
0	12491
0	16792
2	48
0	52
0	10
0	5
0	5
0	0
0	0
0	0
0	0
0	0
10	147
5	19
1	13
0	52
0	55
7	136
0	52
0	29
0	44
269	90
1	21
0	2
0	29
0	10
0	3
0	69
0	1
0	1
0	1
0	7
0	5
0	2
0	4
18	7
0	8
3	20
0	21
0	7
4	7
0	8
0	10
0	2
7	41
0	41
0	15
1	8
0	10
0	2
2	6
0	1
0	6
0	2
49	0
8	382
60	1737
9	1019
1	41
0	114
145	568
0	115
0	34
0	124
3	74
0	224
0	213
0	41
8	750
0	897
22	862
0	445
1	480
0	293
1	63
1538	2156
0	835
2	446
0	422
0	436
3	176
2	265
8	415
0	191
1	157
4	158
2	91
7	3464
16	2973
0	1440
1	1090
0	518
1	400
236	477
8	477
0	8
0	4
0	8
0	0
0	0
0	0
0	0
0	0
0	172
2	21
0	40
0	32
0	34
0	58
4	170
0	162
1	145
0	32
0	13
0	10
0	32
0	166
0	30
1	7
0	21
0	42
0	13
1	16
0	6
0	162
3	291
936	335
0	79
0	0
0	0
1	440
949	491
0	57
0	0
0	0
0	0
0	0
0	0
0	0
0	0
0	0
0	0
0	0
0	0
0	0
0	0
11	273
1	337
0	335
1	82
0	329
0	12
0	9
0	48
2	10
0	16
4	56
4	10
13	0
2	26
0	47
0	30
2	46
0	9
0	0
0	0
0	667
0	0
0	61
0	60
0	54
0	54
0	55
2	0
0	18
0	16
0	11
0	6
0	0
0	0
0	0
0	0
0	0
0	0
0	0
0	0
0	0
0	0
0	0
0	0
435	2944
73	1523
94	2036
0	2639
4	400
70	782
0	0
2	0
0	0
0	0
0	0
0	0
0	186
2	186
0	170
0	0
1	1
0	0
0	0
0	1
0	1
1	0
0	0
0	0
0	0
0	0
0	0
0	0
0	0
0	0
0	0
0	0
2	1500
3	125
0	614
0	328
0	1511
0	218
33	224
0	1051
0	1236
0	1612
12	1025
219	2
0	47
0	39
0	0
0	0
0	0
0	0
1	14
0	14
0	14
0	5
0	12
0	12
0	1
0	0
0	4
0	0
0	2
1	2
0	2
0	6242
107	6228
78	5927
0	5944
0	6012
2	6018
0	3219
5	2539
14	446
4	358
0	0
0	14
0	129
0	27
0	145
0	170
0	40
0	166
0	149
0	77
0	119
14	109
16	32
0	137
0	104
0	77
0	53
0	121
0	54
1	63
9	106
0	56
0	73
0	0
0	0
0	0
0	0
0	111
0	0
0	0
0	0
0	1250
0	250
0	659
36	693
3	100
0	182
20	1214
0	877
0	272
0	219
0	50
1	182
1	114
2	11
3	180
0	28
21	111
0	106
7	182
1	185
0	34
2	47
0	36
0	24
0	11
3	6
0	0
0	0
0	0
0	23
0	326
0	1015
1	995
0	1020
0	991
0	917
4	55
0	818
0	810
0	27
0	17
1	321
0	9
1	77
0	45
7	216
0	37
0	28
0	1
0	14
0	0
0	0
0	0
0	0
0	0
0	0
0	0
0	0
0	0
0	0
0	0
0	0
0	0
0	0
0	0
0	0
0	0
0	0
0	0
0	0
0	0
0	0
0	0
0	0
0	0
0	0
0	0
0	0
0	0
0	0
0	0
0	0
0	0
0	154
32	0
0	154
0	123
0	155
1	18
0	0
0	154
0	0
0	0
0	0
0	0
71	353
0	250
2	215
2	39
0	90
0	96
0	38
3	29
0	0
0	0
0	0
0	0
0	0
0	0
0	0
0	14
0	14
0	10
0	8
0	0
0	0
0	0
0	0
0	0
0	0
0	0
0	0
0	0
0	0
0	0
0	0
0	0
0	0
0	1
0	1
0	1
0	1
0	1
0	1
0	1
0	1
0	1
0	0
42	1805
4	1805
0	349
2	138
1	270
673	714
0	454
2	458
0	4
3	138
1	53
0	650
0	0
0	5021
0	3421
0	2035
0	8020
0	4035
0	8068
0	6602
0	3414
54	1281
1	4743
2	6416
0	6016
6	6795
0	3385
0	1590
0	249
143	801
0	748
16	51
0	120
5	126
0	106
0	81
3	655
0	634
1	655
1	0
0	55
1	162
0	230
15	108
0	227
0	172
0	134
0	112
8	57
33	24
0	9
0	3
0	0
0	3
0	1
0	3
13	9
0	3
0	1
0	0
0	0
0	0
0	1
13	89
10	109
2	98
0	67
0	127
0	388
0	161
8	34
1	96
0	70
35	73
0	193
19	199
0	200
0	113
3	65
1	133
0	93
0	64
0	477
0	500
0	35
3	483
0	469
0	472
0	493
0	486
0	475
0	463
0	440
0	495
1	469
0	497
0	498
5	498
0	488
0	439
0	503
1	469
0	31
0	470
0	473
0	454
0	474
0	334
2	293
0	186
0	14
0	96
1	95
0	97
0	14
0	90
0	36
0	89
1	29
6	26
0	57
2	34
2	25
0	493
0	75
3	460
0	92
0	152
2	140
6	86
0	161
0	106
0	16
9	19
0	41
6	60
0	60
0	63
0	54
0	45
0	53
0	31
0	24
0	38
0	35
0	35
0	32
0	41
0	34
0	34
0	38
0	38
0	34
0	36
0	34
0	27
0	23
0	1
0	6
0	11
1	0
0	8
0	4
0	4
0	4
0	1
0	2
0	2
0	56
0	26
0	398
0	59
0	0
0	0
0	0
0	0
0	12
0	8
0	10
0	12
0	3
0	0
0	0
0	2
0	0
0	2
0	1
0	0
0	1
0	0
0	4
0	4
0	4
0	0
0	4
0	1
51	80
0	24
0	21
0	17
0	75
0	24
1	29
0	21
2	27
0	23
0	9
0	12
0	5
44	0
55	1380
3	1349
0	1329
3	47
0	263
0	43
1	80
0	48
0	77
0	0
0	589
1	304
19	109
0	256
0	360
2	360
0	198
6	100
0	44
0	58
0	43
1	343
0	279
8	76
0	253
5	1546
281	1955
6	234
0	108
9	546
0	23
0	95
4	141
8	78
0	76
0	394
0	397
0	389
0	397
0	79
0	46
0	11
0	5
2	5
0	0
0	1
1	1
0	0
0	0
0	0
0	0
0	0
0	0
0	0
0	0
0	0
0	0
0	0
0	0
0	9
0	13
6	10
0	167
0	171
1	19
1	15
0	149
0	134
8	2
2	0
0	11
2	37
0	12
3	10
0	10
5	69
0	61
3	1
0	18
1	66
0	8
3	62
0	52
0	52
0	8
0	7
0	7
0	500
0	419
0	473
0	351
0	113
0	85
0	54
0	75
0	83
0	25
0	31
1	30
0	344
0	339
0	330
0	11
0	93
0	76
0	53
2	31
0	85
0	158
2	58
0	94
0	85
27	36
16	172
0	103
27	129
1	94
0	102
0	392
1	395
1	99
1	81
3	3
2	23
4	374
0	137
0	84
0	1
0	144
0	159
0	77
3	141
0	145
0	54
0	74
0	62
0	71
0	0
0	0
148	77
2	31
2	6
0	56
90	0
0	14
3	14
0	7
0	3
1	0
0	22
0	22
0	19
0	6
0	68
205	0
0	1097
1	1076
0	1073
0	97
1	124
0	234
10	610
0	196
30	123
124	124
5	231
0	305
0	280
4	200
14	117
0	120
0	104
7	37
1338	1124
0	83
3	67
0	10
1	19
0	1022
1	164
0	145
3	10
1	81
1	132
1	67
14	356
1	354
0	18
3	48
0	49
2	40
0	157
3	41
1	11
0	0
0	0
0	0
0	0
2	0
2	52
0	519
4	515
0	477
73	478
1	519
0	33
0	84
0	123
1	87
5	61
0	106
0	115
0	44
3	24
2	12
0	13
1	13
0	1
0	0
171	414
1	240
4	240
1	0
0	0
5	22527
19	22094
0	21956
0	10440
8	3379
0	3616
0	3434
0	2286
0	2
0	2
0	7
0	7
0	0
0	5
0	7
0	0
1	4
0	6
0	0
1	0
0	2
0	1
0	1
0	1
0	1
0	0
0	7
0	7
12	2278
8	2321
1	1579
5	519
0	63
57	8182
0	8142
0	7473
71	2177
0	8205
0	7470
0	2152
17	3906
1	4839
160	4326
0	3664
0	2520
0	2415
4	708
0	46
1	180
15	238
0	251
0	250
0	304
0	238
0	276
1	265
0	236
7	265
0	188
0	164
0	84
0	206
0	130
0	89
0	0
0	0
0	0
0	0
55	5
0	5
6	0
0	0
1	0
25	522
4	154
0	507
4	166
2	260
207	27
4	10
0	24
8	20
0	21
0	12
1	12
6	21
0	17
10	14
4	30
373	80
0	79
0	742
0	723
0	609
0	355
0	181
0	355
0	339
1	314
0	328
0	266
0	315
0	316
0	121
5	32
0	93
0	130
0	143
1	41
0	24
0	713
0	244
0	33
2	403
2	37
0	377
0	373
0	360
0	34
0	32
2	15
0	30
0	173
0	41
0	306
2	2525
2	165
0	2359
0	153
0	764
2	206
3	534
17	1081
0	220
0	391
0	109
3	109
0	11
0	9
3	2
1278	922
0	254
2	612
0	491
1	285
0	118
0	113
0	8
0	9
1	19
2	1336
0	23
0	285
0	1377
0	483
0	23
2	9
0	45
0	73
0	46
0	137
0	82
819	338
1	24
2	87
1	117
1	79
1	104
0	13
22	1443
0	1644
3	1639
2	55
0	2
2	50
0	58
0	4
0	57
0	5
0	3
0	9
0	0
0	0
0	14
0	3
0	14
0	8
1	6
0	4
0	6
3	4
0	5
0	8
0	5
4	0
0	10
0	13
0	7
0	10
0	15
6	8
0	59
0	72
0	19
0	31
2	6
2	11
0	334
3	339
0	334
2	108
0	108
0	10
2	70
1	219
0	227
3	208
0	206
0	203
0	221
0	224
0	197
1	224
0	195
0	194
0	213
0	212
0	210
0	173
0	14
0	160
0	46
1	50
0	32
10	31
0	25
3	76607
0	0
0	122459
0	122808
0	112408
0	122273
1	121990
0	121989
0	117141
0	114930
2	122065
0	122007
0	50128
19	117233
0	113071
8	122143
1	122100
0	121934
15	112804
4	110699
0	81639
0	76270
1	8387
0	0
0	464
0	459
0	58
0	271
0	51
0	351
0	0
5	2289
3	1749
0	2344
0	2341
0	2349
0	490
0	2074
5	20
1	72
0	90
1	212
0	75
5	56
12	385
0	32
38	327
0	71
4	161
10	92
0	0
3	521
2	565
0	521
0	176
0	121
0	0
0	0
0	0
0	628
0	624
0	170
0	681
0	648
0	658
0	126
1	592
0	94
0	71
0	612
0	248
0	115
0	687
0	158
4	142
0	199
0	666
0	208
0	214
0	56
3	82
1	157
9	546
6	523
0	536
16	429
0	49
0	40
0	23
4	407
0	28
1	74
4	61
6	34
0	28
0	5
0	38
8	38
0	12
0	6
0	5
0	4
0	4
1	4
0	388
0	231
5	203
2	144
117	315
0	130
12	106
0	101
0	100
0	69
3	35
5	33
0	308
0	6
0	51
0	323
0	36
0	308
0	302
0	327
0	31
0	6
0	26
0	145
0	10
0	49
0	261
0	7
0	270
0	68
0	42
16	38
0	55
0	176
0	61
0	74
0	46
0	70
1	61
0	46
0	324
0	0
0	0
0	0
0	0
0	0
0	49
7	49
8	97
0	100
0	89
0	78
2	67
0	79
1	31
0	21
13	537
0	567
0	637
0	637
0	242
0	616
0	606
1	217
0	426
0	503
0	535
0	322
0	419
1	409
0	296
17	221
0	203
0	70
1	100
0	7
0	7
0	0
0	7
0	13
0	13
0	12
0	12
0	7
0	13
0	13
0	13
0	13
0	13
0	6
0	12
0	13
0	13
0	12
0	13
0	12
0	12
0	13
0	13
0	13
0	13
0	12
0	12
0	13
0	13
0	12
0	12
0	12
0	12
0	11
0	12
0	12
0	10
0	8
0	13
0	13
0	13
0	12
0	9
0	13
0	12
0	12
0	10
0	10
0	11
0	10
0	13
0	11
0	11
0	11
0	12
0	12
0	12
1	7
0	11
0	9
0	12
0	11
0	10
0	11
0	10
0	11
0	12
0	11
0	10
0	9
0	11
0	12
0	11
0	11
0	11
0	12
0	12
0	12
0	11
0	10
0	11
0	10
0	12
0	9
0	12
0	11
0	10
0	11
0	10
0	12
0	11
0	11
0	11
0	10
0	11
0	10
0	11
0	12
0	12
0	12
0	7
0	13
0	12
0	10
0	9
0	11
0	11
0	10
0	11
0	12
0	12
0	11
0	11
0	11
0	10
0	10
0	9
0	6
0	8
0	7
0	6
17	8
0	6
0	6
0	6
0	4
0	4
0	3
0	2
0	5
0	3
0	1
0	1
1	1
0	1
0	0
0	0
0	3
0	2
0	0
0	0
0	3
0	1
0	3
0	1
0	0
0	0
0	1
0	1
0	0
0	1
0	2
0	1
0	2
0	1
0	2
0	2
0	2
0	2
0	2
0	2
0	2
0	2
0	2
0	2
0	1
0	0
0	0
0	0
0	0
0	0
0	1
0	1
0	1
0	0
0	0
0	0
0	1
0	1
0	1
0	1
0	1
0	0
0	1
0	1
0	0
0	0
0	0
0	0
0	0
0	0
0	3773
2	3394
0	1250
3	407
4	913
0	439
9	677
2	287
1	509
0	3041
0	712
0	712
0	712
0	712
2	712
0	712
1	712
0	720
3	626
2	645
0	67
0	21
0	13
0	13
0	4
0	0
0	9
0	2
0	2
0	0
0	8
0	7
0	1
0	0
0	7
0	9
0	1
0	9
0	9
0	5
0	2
0	7
0	1
0	1398
0	1384
0	502
1	140
0	113
0	83
0	138
1	157
0	76
0	438
0	5
0	5
0	2
0	3
0	3
0	2
0	3
0	2
0	2
0	2
0	2
0	2
0	2
0	2
0	2
0	3
0	1
0	1
0	3
0	3
0	8
0	7
0	4
0	4
0	1
0	1
0	2
0	0
0	0
0	0
0	0
0	0
0	0
0	0
0	0
0	45
0	682
0	85
3	46
0	54
0	601
0	45
0	31
0	31
0	0
0	31
0	0
0	0
0	31
0	31
0	31
0	31
0	31
0	31
0	31
0	31
0	31
0	583
0	686
0	639
1	232
3	162
1	338
0	595
3	499
0	636
5	580
1	88
2	106
0	170
1	259
0	20
2	59
0	313
0	80
0	74
7	21
0	65
0	418
0	435
0	413
0	453
0	185
0	193
0	182
0	184
12	146
7	187
0	181
2	39
31	9
1	31
0	62
0	27
1	26
0	26
0	25
0	6
11	882
0	1177
2	1173
1	871
1	64
4	133
0	100
0	44
1	89
0	8
0	32
1	31
0	10
0	2
0	1
0	6
0	5
146	114
0	111
2	3
0	0
0	1
0	1
0	1
0	1
0	1
0	1
0	0
0	0
0	0
0	0
0	0
0	0
0	0
0	0
0	0
0	0
0	0
0	0
0	0
0	0
0	0
0	0
0	0
0	0
0	0
0	0
0	21
0	23
0	20
0	16
1	4
0	103
0	103
0	62
0	6
0	8
0	3
17	3
2	0
0	3
1	442
9	803
63	708
2	858
0	1040
0	833
0	808
6	317
0	658
0	242
0	75
0	462
0	451
1	192
0	77
0	93
0	57
0	95
0	94
0	206
1	172
0	79
0	48
3	124
2	87
0	142
0	1
0	0
0	1
0	818
0	818
0	1015
1	1154
0	1343
0	1791
1	1833
0	2302
1	2297
1	2336
0	2667
0	2727
0	2954
1	2954
0	3400
2	3389
0	3398
0	3386
0	3417
0	3409
0	3368
0	3333
0	3408
0	3400
0	3442
0	3413
0	3424
0	3491
0	3456
0	3472
0	3439
0	1497
0	817
3	86
1	423
0	170
0	294
0	2034
0	319
0	86
0	124
0	980
1	117
0	224
0	1304
1	130
0	1310
0	1118
7	792
0	125
0	208
0	752
1	132
1	49
0	693
0	585
1	87
0	157
0	356
0	341
0	299
0	384
0	300
0	256
11	423
0	576
0	645
2	335
1	335
0	419
1	435
0	183
0	233
0	270
1	179
3	107
0	180
0	211
0	142
0	119
1	104
0	29
0	15
0	71
0	55
0	62
0	14
0	60
0	7
0	28
2	6
0	29
1	19
0	0
0	0
0	0
0	0
0	636
10	554
2	563
0	530
3	174
0	0
0	0
0	0
0	13
1	80
1	146
14	1059
7	489
36	1054
0	1010
0	196
0	110
0	1
0	479
0	69
1	986
3	22
5	72
0	18
2	58
0	19
2	11
1	3
0	1363
0	1253
0	167
3	825
0	196
0	207
0	1365
0	864
0	184
7	1414
0	1446
0	1416
0	1436
0	91
0	1354
0	835
1	1128
0	1236
0	746
0	1395
0	196
0	192
0	624
0	751
0	535
0	1201
0	229
0	1191
1	219
0	687
0	279
0	141
0	382
17	312
0	395
0	809
0	111
0	343
0	120
0	184
0	139
21	577
0	0
0	0
0	0
0	0
0	17
291	514
0	368
10	146
0	172
0	398
1	324
3	232
1	226
2	137
2	267
0	266
0	197
1	94
0	1
1	128
0	106
0	0
0	0
0	0
1	1
0	0
0	0
0	0
0	1
0	0
0	0
0	0
0	0
0	0
0	0
0	1
0	15
0	15
0	0
0	76
0	606
17	1637
0	145
0	955
0	101
0	502
0	251
4	138
0	11
0	21
0	12
0	138
0	132
226	382
2	132
0	179
15	116
0	216
0	123
0	952
0	13
1	22
152	160
0	137
0	101
58	547
1	496
0	24
0	416
0	386
0	9
0	278
0	255
0	62
0	0
0	1480
1	825
17	823
0	1171
796	173
4	109
2	954
2	2389
0	2351
1	1298
1	2010
4	555
0	446
2	619
0	157
2	589
0	619
0	99
5	57
0	10
0	10
2	632
0	6
0	5
0	8
0	2
0	2
0	0
0	2
0	2
0	2
0	2
6	23
0	40
1	56
0	15
0	33
0	9
0	18
0	36
0	27
0	11
0	0
0	2
0	9
86	1087
5	93
0	62
22	472
2	64
0	60
0	60
3	25
2	2
0	4
0	2
0	2
0	2
0	1
503	0
1	0
113	53
83	479
2	183
0	44
0	23
0	919
0	1148
0	389
39	806
0	1119
1	806
2	1148
1	531
0	490
0	59
0	0
0	0
0	0
0	0
0	69
0	69
0	82
0	65
0	63
0	42
0	55
0	63
0	49
1	52
0	39
0	14
0	25
0	9
0	0
1	1
0	0
0	0
0	0
0	0
0	0
0	0
4	121
0	66
3	119
0	62
0	5
0	65
2	576
0	557
2	553
0	578
0	561
0	418
5	423
0	368
0	381
0	402
0	378
0	376
0	286
0	291
0	217
0	280
0	226
0	204
0	59
0	85
0	102
0	113
0	128
0	21
0	19
0	94
0	75
0	0
0	68
0	88
0	48
0	60
0	59
0	58
0	0
0	0
1	54
0	0
0	0
0	0
0	60
0	0
0	19
0	5
0	7
0	0
0	0
0	0
0	0
0	0
0	0
0	0
0	1
0	0
0	0
0	0
1	90
0	492
1	488
0	157
1	256
6	249
1	250
4	115
0	5
42	1834
4	327
0	325
0	1665
0	1665
0	245
0	71
0	161
3	74
0	198
0	239
2	225
0	211
0	48
11	1743
0	903
45	296
26	186
5	157
0	39
0	186
2	52
3	43
2	39
1	33
0	30
0	5
0	25
0	225
0	54
0	594
0	1
0	31
0	23
1	470
1	90
0	503
0	456
3	62
0	52
0	131
0	160
3	1191
9	1162
0	31
1	25
7	885
0	2
0	2
0	2
0	0
0	1
0	0
0	0
0	0
0	0
0	0
0	0
0	0
0	0
9	856
0	933
0	462
37	883
0	922
0	875
0	860
3	749
6	733
0	0
0	0
0	0
0	0
0	0
0	2118
0	2881
359	1953
0	2107
0	2123
0	2882
21	2865
0	2165
0	2269
0	778
4	181
0	674
6	279
6	310
0	376
17	270
49	342
10	143
3	128
1	118
89	122
0	129
1	96
0	168
0	59690
0	59084
0	2
0	1
155	301
0	79
1	41
67	131
0	148
1	65
1	75
2	57
0	64
0	88
0	49
0	29
0	128
0	9
0	9
2	7
3	9
0	131
0	128
0	126
0	312
0	319
3	315
10	15
1	0
1	7
0	17
0	32
0	17
0	24
0	12
0	12
0	3
0	3
0	313
0	130
6	0
0	0
0	0
0	1
0	0
0	0
0	0
0	0
0	0
0	0
0	0
0	0
0	1
0	1
0	0
0	0
0	0
3	252
10	260
0	8
0	51
0	51
0	95
10	0
7	8
0	28
0	1
0	14
19	10
0	1
1	8
0	9
0	4
0	3
0	0
91	19
0	11
0	9
4	14
0	0
0	3
0	3
0	13
0	3
0	1
0	1
0	2
0	9
58	363
0	213
0	189
2	138
0	179
0	48
0	22
11	94
401	309
8	284
1	275
0	43
0	19
0	94
339	593
1	25
0	22
17	559
14	478
13	182
163	897
0	826
0	441
0	275
7	81
0	942
6	1013
11	153
0	19
0	64
3	0
17	25
0	25
0	14
0	2
3	9
12	535
1	535
1	10
0	28
0	833
0	28
1	151
4	151
0	41
0	41
0	142
0	100
0	6
0	124
3	144
0	48
0	18
1	28
0	30
2	59
0	54
0	7
85	40
0	9
0	0
0	0
0	1
0	1
0	0
0	1
5	0
0	0
5	981
220	1095
1	525
1	29
0	193
1	96
3	691
0	416
0	459
1	455
0	369
1	286
0	152
2	178
0	190
0	88
0	108
0	110
0	58
0	52
8	348
1	348
0	158
0	163
8	96
0	330
0	583
3	68
0	65
0	52
0	186
3	120
79	173
0	192
0	186
0	280
1	432
0	380
0	253
22	65
0	370
0	256
1	200
14	349
16	360
0	316
0	77
3	149
0	144
1	23
0	7
1	0
0	4
1	6
0	6
0	6
0	6
0	6
0	6
0	4
0	1
0	3
0	2
0	1
0	1
0	1
0	0
0	0
0	0
0	0
0	0
0	0
0	0
0	1078
2	1041
2	393
2	402
4	392
653	30
10	30
2	20
92	5036
1	2265
2	2548
19	1194
25	2213
2	2184
1	3457
0	4800
0	4729
1	1952
0	1986
0	1920
5	39
7	40
0	20
0	56
0	34
0	58
0	55
0	45
0	50
0	22
0	24
0	43
0	7
0	32
0	23
0	10
6	52
29	53
0	0
0	1
0	747
40	128
0	668
22	485
0	12
0	10
0	30
0	172
0	67
0	467
55	513
4	511
1	10
0	50
34	1
222	609
3	2
0	26
44	0
0	99
12	128
0	24
20	166
0	24
0	0
0	2
4	42
0	43
0	43
0	42
0	41
0	32
1	1
2	15
7	398
0	397
1	247
0	205
0	73
0	101
0	114
0	82
0	68
1	0
1	0
0	0
2	21
0	362
0	366
0	9
2	139
0	224
29	277
24	221
1	251
0	244
1	7
0	89
2	54
1	5
0	5
0	5
0	705
18	677
0	659
0	263
0	318
0	37
0	74
0	40
0	67
0	0
0	589
0	13
0	20
0	13
0	307
3	0
0	10
0	303
1	58
4	107
0	6
0	7
1	8
0	0
0	1
0	0
3	9
2	8
0	4
0	2
2	930
11	904
0	933
0	103
140	550
49	232
225	0
0	263
1	242
0	0
0	84
0	76
0	828
2	1105
1	80
0	113
0	1242
21	475
1	50
0	762
0	8
0	76
0	176
0	128
0	330
0	233
5	170
3	760
0	108
0	737
0	0
0	1
0	1
0	1
0	1
0	1
0	1
0	1
0	1
0	1
175	228
3	166
0	126
1	36
0	151
0	1333
6	66
0	115
0	1341
0	897
2	143
30	147
0	1052
14	1345
8	161
1	267
1	162
0	98
12	3331
0	3348
0	3308
3	2011
0	2088
3	2566
1	2879
0	2211
0	3177
0	3117
0	3151
0	3167
0	3073
0	2945
0	2027
0	3216
0	3086
0	323
26	432
1	20
0	9
5	395
165	401
0	37
0	53
0	45
0	55
0	5
0	39
1	40
0	41
0	14
0	15
0	14
0	14
0	12
0	10
0	12
0	8
1	9
0	11
0	6
1	2
1	0
0	13
6	593
0	5
0	211
0	597
0	1
0	0
1	0
0	8
1	310
2	204
0	234
4	14
0	36
0	44
0	29
0	22
0	41
10	264
0	0
0	0
0	0
0	0
0	0
0	220
2	218
1	228
0	214
0	226
0	226
0	230
0	207
0	104
0	9
12	69
2	69
16	66
0	11
4	66
0	417
0	422
0	463
0	534
0	571
0	490
0	547
3	406
1	14
0	248
0	34
0	77
0	18
0	7
0	11
0	24
5	23
0	35
0	6
0	18
2	18
0	3
0	0
1	13
107	33
1	24
0	11
0	1012
0	978
1	433
0	113
8	271
8	58
46	256
3	224
0	44
1	73
0	64
0	68
0	45
0	44
0	72
0	65
0	66
0	47
0	302
1	45
0	45
0	251
1	30
0	20
0	44
4	279
3	1668
0	665
9	429
0	290
1	239
0	81
0	93
0	0
8	53
0	52
0	1674
0	519
0	1366
0	1459
0	1469
0	1750
0	347
1	1260
1	15
0	13
0	14
0	12
0	12
1	11
0	4
0	4
0	11
0	3
0	4
0	0
0	2
1	1
0	0
570	1507
4	288
4	463
0	108
1	324
0	332
3	557
1	246
4	640
54	308
3	254
0	0
0	268
0	49
0	193
0	290
0	102
0	31
0	70
0	41
4	80
2	76
0	66
0	224
0	250
2	58
0	172
1193	168
1	12
8	25
0	719
0	665
0	706
0	665
0	575
10	656
0	262
0	144
0	136
0	99
0	91
0	109
0	122
0	118
0	122
4	36
0	36
0	49
0	2318
28	2318
0	364
2	281
0	35
19	37
0	115
0	104
0	116
1	106
1	83
2	57
0	6
0	3
0	4
0	13
0	16
0	6935
6	5293
0	7039
18	6280
0	8747
1	8899
0	4420
1	4454
0	8732
1	68
4	596
1	12
1	196
0	526
4	220
0	105
0	346
0	29
1	18
0	0
0	0
0	0
602	329
0	329
4	202
3	113
1	1772
2	1776
0	1787
4	53
1	1119
0	31
7	125
0	573
44	478
0	63
0	454
1	16
0	24
0	37
0	123
0	97
0	129
0	42
0	40
35	161
0	50
0	54
0	92
0	46
0	92
1	34
7	97
0	37
0	63
2	126
0	321
0	309
1	281
4	313
0	447
4	318
0	0
0	0
0	0
0	0
0	0
0	0
0	0
0	0
0	20
0	31
0	31
0	216
0	33
0	47
0	35
3	207
1	21
0	21
0	213
0	214
0	69
0	18
0	21
0	23
0	31
0	17
0	30
2	70
0	71
0	24
0	70
0	2
0	2
1	1
0	0
0	1
0	0
2	3
0	3
0	2
0	2
0	1
0	1
0	0
0	0
0	0
0	0
0	0
0	0
0	0
1	0
0	0
0	1
0	1
0	0
0	0
8	251
16	253
0	124
0	70
0	17
7	75
0	13
0	0
6	0
5	3
7	10
0	0
0	0
0	5
0	5
39	74
104	74
69	48
0	48
0	15
0	5
0	9
0	6
0	4
0	1
0	0
0	0
0	0
0	0
0	1
0	1
0	1
0	0
0	0
0	0
1	7
0	0
0	0
0	0
0	0
0	0
0	1
0	4
0	1
0	1
0	2
0	1
54	27
1	339
0	45
0	30
0	195
0	341
0	320
1	126
3	188
0	26
0	65
0	164
0	160
0	240
0	48
1	73
5	111
7	2
0	4
0	4
6	4
7	604
0	394
8	525
0	572
1	405
0	291
0	199
0	466
0	319
2	271
0	168
0	206
0	105
3	98
0	28
4	87
0	885
0	583
0	873
0	273
0	556
0	3
0	3
0	3
0	3
0	0
0	0
0	0
0	1
0	0
0	0
0	61
0	78
0	79
0	79
0	78
0	78
0	78
0	79
0	78
0	78
0	78
0	78
1	78
0	78
0	46
0	75
0	29
1	25
0	3
18	27
0	1
0	27
2	592
0	1262
2	1152
1	860
0	558
35	848
2	561
0	268
4	251
23	461
20	577
0	728
0	783
0	171
0	152
0	153
3	160
0	39
0	0
1	0
0	0
1	0
0	0
0	0
0	0
0	0
0	0
0	0
0	234
0	201
1207	235
1	121
0	174
2	388
0	403
13	149
0	56
0	55
0	47
0	35
0	0
0	0
0	3
0	3
1	2
0	1
0	3
0	0
0	1
0	1
0	0
0	1
0	1
9	133
0	394
0	382
0	230
4	99
3	230
0	0
0	0
0	0
0	0
0	0
0	0
0	0
0	0
0	0
0	0
0	0
0	0
0	0
0	0
0	0
0	0
0	97
0	7
2	104
0	106
0	100
0	101
0	12
0	85
8	0
4	18
14	0
0	1
0	8
0	1
0	7
0	7
0	1
0	19
1	92
0	75
4	3
0	87
0	5
0	87
0	81
2	77
0	75
0	12
1	17
4	15
2	3
0	15
2	28
0	11
0	90
0	0
0	0
0	0
0	0
0	6
0	0
0	5
0	5
0	6
0	6
180	9
1	9
0	0
366	813
0	494
0	142
3	253
0	166
0	39
0	143
2	132
1	26
0	101
1	136
2	4
0	109
0	82
3	30
21	2
10	263
257	395
12	332
0	144
15	325
2	235
0	34
0	35
2	28
0	5
0	23
0	13
0	34
0	6
0	13
0	161
0	62
0	147
0	190
0	187
0	14
0	261
0	100
0	198
0	103
3	17
0	56
0	240
0	23
47	216
0	235
0	38
0	139
21	116
144	149
10	49
1	100
1	89
0	22
0	26
375	758
0	758
0	1
357	159
0	86
0	157
1	86
11	2
0	0
0	0
0	1
0	1
0	0
0	0
0	1
0	1
0	0
0	0
0	0
0	1
0	1
0	0
0	0
0	0
0	0
0	2
0	2
0	1
0	1
0	1
0	0
0	0
0	0
34	16
0	16
0	11370
0	11370
0	11369
2	5665
0	10584
0	4548
1	1443
21	3765
9	3
1	3286
1994	228
2	228
0	92
0	71
0	343
0	1179
5	1195
1	625
13	29
2	4
1	354
0	343
0	285
1	347
0	89
0	349
0	48
0	245
0	365
11	322
0	308
2	311
0	288
0	37
0	81
0	239
0	340
0	284
0	39
0	159
0	23
0	285
0	297
0	220
0	4
0	343
1	293
0	14
0	238
0	43
0	23
0	60
0	21
0	344
0	25
0	327
0	340
0	290
0	8
0	31
0	295
0	284
0	263
0	1
0	240
6	170
0	34
5	355
0	339
0	220
0	5
27	307
0	279
0	328
0	3
0	3
0	303
0	47
8	10
0	26
0	14
0	48
0	70
3	242
0	30
1	17
1	82
0	1
0	75
0	93
0	0
0	0
0	42
3	33
0	65
0	73
0	52
0	10
0	4
0	0
0	4
0	10
0	0
0	7
0	6
0	4
0	6
0	0
0	31
0	28
0	3
0	5
2	10
0	6
1	1
0	30
0	881
0	127
0	135
0	83
0	104
0	457
0	508
1	475
2	266
2	487
0	498
0	522
1	105
72	563
0	431
0	231
0	331
0	292
1	372
0	436
0	256
0	111
0	329
0	203
0	257
0	225
0	122
5	186
7	174
0	217
4	42
3	69
10	26
0	105
0	6
0	131
0	131
2	136
38	128
0	122
0	56
0	23
0	23
1	8
0	0
0	0
0	0
0	0
0	3
4	2
0	1
0	615
0	290
0	748
0	741
2	738
0	749
0	668
0	705
0	607
0	96
0	171
22	252
0	531
0	682
0	620
1	207
0	636
0	576
0	608
0	32
0	158
0	52
0	90
0	41
1	23
1	61
1	253
0	96
8	562
0	554
0	93
0	46
7	117
0	109
0	179
1	250
0	207
0	16
0	97
0	40
0	89
0	750
0	712
622	232
4	222
10	52
0	40
0	899
0	74
0	90
0	911
0	841
5	902
0	332
0	116
9	94
0	828
41	829
7	25
0	71
0	1021
0	818
0	838
0	843
1	125
19	177
0	171
0	173
0	20
0	178
0	186
0	185
4	394
0	460
0	507
3	428
0	325
5	235
8	11
2	40
0	0
0	14
0	182
0	169
0	178
0	38
1	105
0	174
0	12
0	34
0	72
0	53
0	172
0	177
0	56
0	172
0	177
0	182
0	179
0	13
0	11
0	390
0	221
0	295
0	271
0	863
0	3
2	902
2	643
1	91
6	712
0	1400
0	1399
0	1403
0	1405
0	1402
1	1234
0	1401
0	1400
0	1401
0	1402
0	1402
0	1305
0	1285
0	1399
0	1400
0	1406
0	1225
0	1085
0	1266
0	1399
6	1111
0	1263
0	1404
0	749
0	641
0	477
0	643
0	687
0	423
0	466
4	539
0	533
0	540
0	326
0	416
0	359
2	297
0	297
0	2
0	181
0	177
0	109
1	0
0	8
3	7
0	2
910	0
0	0
10	1101
3	716
1	1083
0	19
0	67
1	7
6	4033
0	4266
0	4189
0	3389
0	4226
0	4280
0	4131
7	3105
1	3189
1	3396
1	2757
0	2852
0	2515
0	2518
0	2721
0	2092
0	2250
0	2636
0	2636
0	2179
0	1956
0	1
42	1
1	30
4	63
15	34
1	14
3	31
1	12
0	71
0	160
0	19
0	11
0	119
0	93
1	147
0	22
0	0
0	10
0	19
0	49
0	500
4	505
0	276
0	301
0	27
0	59
12	126
0	41
7	386
1	383
0	398
5	267
10	295
0	347
1	37
0	59
0	91
2	105
0	256
0	236
0	64
12	110
0	38
0	77
0	47
0	38
2	13
3	34
0	13
2	31
0	200
0	191
2	128
0	203
0	128
0	192
0	259
0	270
0	91
0	46
1	191
0	191
0	19
0	11
1	0
0	16
0	27
0	7
0	1
0	26
0	0
1	23
0	19
0	15
0	10
0	9
0	4
1	2
0	5
0	22
0	447
0	444
0	451
0	295
11	6
0	49
0	21
0	22
0	31
8	31
1	6
5	24
0	21
0	23
0	19
0	23
2	23
0	21
0	20
0	446
0	450
0	6
34	1167
0	1167
2	302
0	38
0	95
11	78
8	139
0	68
0	117
0	117
0	115
0	114
0	106
0	116
0	6
0	8
0	45
0	45
0	46
0	4
0	5
0	105
1	134
1	574
0	223
4	648
0	680
2	95
5	101
0	263
2	146
2	60
1	24
0	1467
78	1469
7	633
0	1132
1	894
6	1280
0	1346
14	209
65	1326
0	1326
10	247
0	191
0	476
1	289
0	230
0	244
0	218
1	272
0	88
0	476
0	496
0	155
0	483
1	75
0	32
1	249
0	111
0	0
0	0
0	0
0	1
0	0
0	0
0	0
0	0
0	0
0	0
0	0
0	236
2	232
0	43
0	96
0	4034
1	4093
15	4007
25	1502
0	2404
0	4092
0	628
0	3918
0	4327
0	3096
1	332
0	4036
0	4034
0	946
2	831
2	829
0	3525
1	3491
0	320
0	327
0	326
0	191
2	4
0	0
0	6
0	148
4	56
0	9
0	9
0	9
0	30
0	3
0	8
0	322
0	317
0	131
0	535
13	73
0	97
6	74
132	537
0	121
1	1426
0	322
0	1425
0	1425
0	1425
1	1105
0	1372
0	1424
0	131
0	1347
0	1287
1	1350
0	1313
0	321
0	93
4	1067
14	13318
0	0
0	18
0	16
1	24
0	14
0	14
0	0
0	1
0	21
5	236
0	698
0	673
0	633
0	620
14	611
7	631
4	346
0	200
0	398
0	612
24	244
0	571
0	615
0	629
0	637
0	612
0	101
0	21
0	26
0	26
0	20
0	8
4	20
1	8
2	23
3	21
1	20
2	20
2	20
1	11
0	5
0	5
0	2
0	4
0	30
0	10
0	4
0	3
0	10
0	1
0	1
0	3
0	0
0	25
5	4
0	227
0	288
0	336
4	25
0	57
0	38
0	208
0	25
0	97
0	414
0	393
1	424
0	28
5	45
0	61
0	58
0	229
0	85
0	181
0	19
1	117
0	39
0	223
1	46
0	320
0	215
1	4
0	4
0	0
0	388
0	388
3	79
3	42
0	44
5	230
0	302
14	162
0	154
8	22
0	104
2	16
2	4
2	28
38	31
0	26
0	2
1	31
6	18
0	6
0	650
0	30
0	27
2	19
4	21
0	0
0	16
0	16
0	16
0	16
0	0
0	0
0	0
0	16
0	16
0	16
0	0
0	0
0	14
0	5
0	22
0	22
0	22
0	22
0	22
0	22
2	22
0	22
2	22
0	22
0	0
0	1
79	21
0	0
0	0
0	0
0	0
8	1115
0	1115
9	867
0	2661
0	2778
0	476
0	2662
0	86
0	134
32	2595
1	2676
2	1650
25	2850
0	2320
0	2781
1	342
0	310
0	2760
5	899
1	123
0	2758
2	151
1	2652
0	2742
6	1909
49	1682
8	157
0	143
3	222
0	0
0	98
0	22
0	3
0	98
0	98
0	0
0	0
0	98
1	0
0	0
0	0
1	0
0	0
0	0
0	2
0	3
0	2
0	71
0	69
0	121
0	100
0	83
0	22
0	0
0	0
0	0
0	0
0	0
0	0
0	0
0	0
0	0
0	0
0	0
0	0
0	0
0	0
0	0
0	0
0	0
0	0
0	0
0	0
0	0
0	0
0	0
0	0
0	0
0	0
0	0
0	0
0	0
0	0
0	0
0	0
0	595
0	615
1	54
0	39
4	0
0	0
0	15
0	54
2	260
0	14
0	37
8	10
0	191
0	37
0	19
0	26
0	19
1	21
5	152
0	41
0	1971
0	0
1	0
0	101
1	116
6	178
0	159
8	42
0	104
0	39
0	76
0	23
0	77
0	76
1	75
0	23
0	5
0	6
0	34
0	28
0	6
0	0
0	28
5	3
1	27
0	25
0	4
2	1
0	0
0	0
0	0
0	0
0	0
0	0
0	0
0	0
0	0
1	3
0	0
0	21
0	21
0	21
0	21
0	21
3	40
0	40
0	0
0	0
0	0
0	839
0	10
0	10
0	10
0	5
0	0
0	1
0	1
0	0
0	2
0	0
0	3
0	3
0	1
0	1
0	0
0	2
0	2
0	1
0	539
0	471
7	504
21	130
6	485
0	288
1	169
1	70
2	99
0	286
1	72
0	184
0	134
0	196
694	433
1	201
3	16
1	79
1	74
0	91
0	109
39	147
0	142
0	93
0	54
0	144
0	190
0	52
0	522
0	449
0	516
0	45
18	465
1	13
5	399
0	319
0	40
0	0
0	0
0	0
0	0
0	0
4	523
0	72
67	521
0	458
13	453
0	113
0	5833
30	56
0	56
0	35
0	18
0	0
0	1
0	1
0	2
0	2
0	2
0	1
0	2
0	0
0	2
0	2
0	3
0	2
0	2
0	2
0	2
0	2
0	1
0	1
0	1
0	1
690	518
0	497
0	56
0	68
4	46
2	24
0	103
840	431
0	300
0	16
4	86
0	250
6	58
0	62
3	292
2	51
0	431
0	103
0	235
0	234
0	83
0	0
0	0
8	234
0	0
48	44
1	7918
0	738
5	597
0	873
0	856
27	6483
0	411
0	1323
2	850
0	7917
0	44
19	434
0	434
0	409
0	197
0	52
0	69
0	90
0	49
1	20
0	17
0	0
0	251
0	274
0	248
0	216
0	17
0	1
0	0
0	274
0	274
0	0
0	2
0	2
0	1
0	1
0	0
8	297
11	316
0	162
0	181
14	160
2	110
0	84
0	0
0	0
0	603
1	107
0	0
0	487
0	478
0	495
0	45
1	30
0	37
0	300
291	27
3	27
89	512
0	499
15	43
0	94
1	39
12	52
0	5
26	0
848	6625
49	5558
0	5693
0	4859
0	2878
26	4879
3	281
0	4528
0	4668
3	4824
0	5037
11	2685
0	578
1	4590
0	2530
0	4765
0	2567
3	3321
1	2652
0	1676
2	1845
0	1405
0	677
0	1045
9	183
7	36
6	1414
2	1414
0	1439
0	286
0	1501
0	342
0	1436
0	1220
0	61
3	69
0	70
5	921
11	1434
0	1437
0	203
0	1412
7	549
0	145
0	1233
2	52
0	0
0	1187
1	1146
0	292
1	575
0	507
10	703
0	3667
2	346
3	671
2	211
0	798
0	3034
0	3203
0	307
0	506
2	553
9	441
7	206
12	301
0	588
3	706
0	670
0	160
0	84
32	96
0	16
0	57
0	101
0	14
0	0
15	289
64	289
0	115
1	105
0	123
2	106
1	115
0	112
6	19
0	19
31	6
0	6
0	5
0	139
0	139
0	492
4	380
0	515
0	411
0	371
0	431
0	473
0	60
0	326
0	378
0	345
1	382
0	290
0	399
0	182
0	294
0	128
0	269
0	42
0	21
0	17
0	6
0	6
0	24
0	24
2	36
0	247
0	243
4	0
0	7
0	32
3	29
0	0
0	0
0	0
0	0
0	0
0	22
0	35
0	53
0	80
0	16
0	0
0	31
0	12
5	1
0	1
0	1
0	13
0	28
0	5
1	1
0	3
0	3
0	20
0	81
1	40
0	59
0	5
0	28
0	44
0	18
0	24
0	21
0	5
1	5
0	5
0	5
0	27
0	11
4	0
1	0
0	201
0	169
1	165
0	13
0	26
0	199
0	127
0	0
0	0
0	0
0	0
0	0
0	42
0	45
1	30
0	3
2	1
0	7
0	17
0	13
0	7
0	3
0	3
629	614
3	614
0	31
0	0
0	1
0	0
0	0
0	1
0	0
0	0
0	0
0	1
0	0
0	31
0	41
0	59
0	60
1	34
0	28
0	5
0	4
0	59
0	273
0	269
0	272
0	116
0	64
0	108
1	53
0	40
0	17
0	144
0	147
0	102
0	119
0	149
0	24
0	103
0	144
0	94
0	96
0	99
0	10
0	13
0	17
0	4
0	14
12	8
20	3110
0	3118
11	203
2	353
5	167
0	221
2	438
4	106
0	293
0	239
0	987
0	62
2	164
4	211
0	187
1	87
0	2878
0	5798
8	11744
21	12103
15	9274
0	12425
0	13610
1	18
0	11121
9	5434
95	6922
18	9427
0	12489
0	12905
0	12239
0	12236
0	10185
0	9641
2	1123
0	974
1	502
0	193
0	179
1	12
0	1247
0	162
1	366
60	327
7	128
0	239
0	171
0	1
0	1
0	1
0	0
0	0
1585	466
0	231
828	795
0	550
0	699
0	453
0	249
10	342
12	1093
94	1093
0	11732
0	11843
4	11649
0	620
6	11206
0	5197
0	5312
0	11131
0	11352
0	5937
0	6150
0	11877
0	11322
0	342
2	87
0	384
0	657
4	10846
4	11775
6	11730
3	610
0	10848
0	5374
0	802
5	25
0	10154
0	730
0	10776
0	936
0	1779
0	397
0	10507
0	1298
3	707
0	336
2	1202
20	1798
0	2545
9	797
11	519
0	0
0	0
3	1
0	0
0	1
0	1
0	1
0	1
0	1
0	2
0	0
0	0
0	0
0	0
0	0
0	0
0	0
0	0
0	0
0	0
0	0
0	0
0	44
3	42
1	40
4	41
0	39
10	17
0	1
0	47
0	34
0	38
0	47
0	5
0	47
0	47
0	38
1	3
0	3
1	2
0	6
1	4
0	0
0	10
2161	0
1425	0
0	2934
0	3187
0	3160
1	11
885	775
0	174
0	223
9	328
0	140
0	183
2	0
6	341
0	286
1	231
0	311
0	209
0	224
0	215
0	225
0	170
0	177
0	111
2	101
0	117
0	109
0	605
0	339
0	113
0	23
0	431
0	575
0	160
0	136
1	391
0	430
0	1098
0	123
1	501
1	633
0	239
0	670
0	436
0	133
15	606
0	1024
5	535
1	279
0	30
0	34
0	23
0	14
0	20
0	11
0	8
0	33
1	7
0	7
0	310
0	55
0	11
0	316
0	67
7	4
2	88
0	116
0	89
0	89
0	6
1	36
0	74
4	2
0	289
1	4
1	84
0	130
3	67
0	1
0	9
0	204
0	97
4	274
61	279
1	135
0	79
0	115
0	44
32	139
1	71
37	106
5	263
0	236
0	460
57	559
24	233
0	301
0	558
13	211
0	113
0	54
0	38
0	127
1	0
0	0
0	0
0	0
0	0
0	0
0	0
0	0
0	0
0	11
62	15
0	6
14	248
0	155
1	28
0	32
0	32
2	26
1	5
114	0
0	0
2	1475
1	1477
0	1480
0	1477
0	1036
17	1009
4	1483
0	1468
1	1454
0	1259
7	300
0	1030
0	1384
0	1381
0	1372
0	480
0	821
0	331
0	826
0	770
0	56
0	215
0	2
0	1
0	2
0	0
0	1
0	0
0	195
0	191
3	377
0	372
0	389
0	219
3	167
1	244
0	176
0	20
0	12
0	16
0	6
0	108
3	68
0	127
0	125
0	111
10	100
0	5
0	28
0	33
0	33
0	31
0	5
0	1
0	2
495	1417
6	1039
5	281
0	853
0	856
1	508
0	0
0	0
0	0
0	0
0	0
0	0
0	0
0	0
0	0
0	0
0	0
0	0
0	0
5	0
0	0
0	0
0	0
0	0
0	0
0	0
0	0
0	0
0	0
0	0
0	0
0	0
0	0
0	0
0	0
2	3
0	281
3	2404
0	2407
0	145
0	62
5	1021
4	220
0	184
0	83
0	91
0	89
0	0
0	1301
6	1267
0	268
2	313
2	136
10	1113
0	413
62	425
0	34
0	61
0	16
0	16
0	2
0	1
0	0
0	0
0	0
0	0
0	0
0	0
0	0
0	449
0	832
0	1434
0	1523
0	1464
0	1438
0	549
0	735
0	409
0	150
4	142
0	50
32	49
2	32
1	7
1	147
0	16
1	3
0	36
4	33
3	14
0	17
0	29
0	30
0	25
1	13
0	20
0	0
0	16
1	14
0	2
0	10
0	0
0	3691
1	2811
0	904
0	1100
4	68
0	159
0	55
56	1353
0	317
1	103
0	636
0	1274
0	20
0	20
14	4
0	3
0	2
0	0
3	2
0	2
3	306
0	61
1	99
349	362
0	76
1	85
4	3
5	0
0	0
2	304
0	0
1	121
0	0
0	121
0	302
0	309
0	273
968	700
363	471
3	620
4	319
2	81
0	30
6	43
0	154
0	122
1	439
0	402
1	280
0	290
2	172
0	161
2	141
0	70
0	23
0	18
0	6
0	0
0	0
0	23
1	22
0	15
0	6
0	11
0	0
1	10
0	597
1	497
0	161
0	15
0	13
0	26
0	531
0	539
0	537
6	438
0	143
19	33
2	8
0	141
0	571
0	758
0	745
2	745
10	329
0	0
21	85
0	0
0	1948
0	759
0	648
23	1159
0	900
0	860
1	546
0	426
0	415
0	1583
0	1
0	1
0	0
0	0
0	2
0	2
0	1
0	0
0	0
5	1659
0	479
4	2045
11	178
0	862
7	3
3	1876
0	1889
0	639
0	0
0	5
19	1897
0	1330
6	150
0	0
0	0
0	56
16	60
0	291
1	64
0	104
1	55
0	35
11	225
0	273
620	1716
0	1716
0	70
0	55
0	67
0	9
0	70
0	17
0	19
1	19
0	19
1	30
0	32
1	47
0	56
1	15
0	68
0	9
0	65
0	7
0	5
0	40
0	9
0	6
1	9
782	542
17	388
1	170
4	400
1	0
0	532
0	130
0	532
0	199
0	159
2	187
0	172
1	167
1	165
4	193
0	184
0	37
0	53
1	10
23	34
0	16
4	43
0	32
0	18
0	19
0	15
0	22
1	22
0	105
0	117
399	275
0	21
0	88
1	170
6	187
3	66
0	84
3	884
1	152
0	944
0	983
0	673
0	715
0	243
0	249
2	938
1	714
15	693
11	125
2	261
3	680
0	57
0	41
133	77
0	63
0	5
3	141
521	141
0	1920
7	1921
7	1063
0	1216
0	918
0	1081
0	1135
13	1778
1	27
0	885
0	25
1	445
0	33
0	1778
0	749
0	641
1	396
1	739
0	732
0	685
0	715
0	729
0	669
0	739
0	673
1	692
0	572
2	335
1	267
0	672
0	625
1	609
0	80
4	119
1	50
0	167
0	307
0	300
0	89
1	22
0	11
0	0
0	0
0	0
0	0
0	4
0	3
0	0
1	19
0	18
0	11
0	2
0	1
0	0
0	1
0	0
0	0
0	0
1	6
1	0
0	0
0	0
0	0
0	0
0	0
0	0
0	0
0	0
0	0
0	1
0	1
0	0
0	1
0	0
2	1
3	4
0	4
0	0
12	4177
0	1135
0	997
0	4255
226	5020
0	4478
3	3987
2	359
56	1177
589	3204
0	249
2	229
0	237
0	18
2	4
0	4
0	1
0	1
0	4
3	758
0	758
0	758
0	758
0	654
0	634
1	564
1	54
0	33
0	30
0	24
0	65
0	47
0	31
0	73
0	37
0	23
0	59
0	55
2	53
0	0
0	0
0	0
0	0
0	0
0	0
0	0
92	724
3	541
0	194
0	57
22	296
0	293
24	76
4	8
0	10
0	9
0	3
0	2
0	0
0	0
0	11
0	9
0	0
0	356
5	356
0	33
0	300
2	338
0	230
0	222
1	136
0	405
401	406
0	0
0	109
0	19
0	32
3	23
4	7
11	32
0	18
5	15
0	20
9	20
1	36
452	3421
0	2885
0	2649
5	1638
0	2890
2	2611
0	2598
0	2098
1	1262
2	1696
6	1137
2	204
15	5
0	0
0	0
0	0
0	0
0	0
0	0
0	0
0	0
0	0
0	0
0	0
0	961
0	1270
1	555
0	535
0	1185
0	1296
0	1320
0	1213
10	1366
0	1272
0	1239
0	544
20	1092
0	117
0	227
0	378
0	364
0	349
0	350
0	364
2	319
0	364
1	36
0	19
0	348
0	55
2	51
0	2268
0	730
0	3465
0	1033
0	1002
0	926
0	2418
39	2160
0	3141
0	1430
29	1019
9	0
0	0
0	1156
0	568
6	1048
0	23
0	1208
0	275
0	1189
0	1199
1	27
0	19
0	1149
0	1189
5	388
0	165
0	304
0	113
0	323
1	57
0	429
0	653
0	1197
1	387
5	132
33	818
0	1428
1	1428
0	127
0	1436
0	1460
0	1390
1	37
0	4
23	0
4	331
35	331
2	41
0	40
0	308
1	298
2	122
0	40
0	6
2	11
0	101
0	106
0	106
0	73
468	155
1	155
315	0
1	0
0	56
243	73
0	12
0	14
17	53
0	8
0	8
35	4150
15	0
7	746
4	778
0	412
0	128
1	2
1	25
8	84
0	65
0	658
4	525
0	660
0	196
2	466
0	324
0	777
3	645
0	204
0	788
2	22
17	163
2	0
32	154
0	10
246	346
1	137
0	52
0	9
0	130
1	290
1	108
1	80
0	61
0	89
0	144
3	151
0	262
7	116
0	109
0	262
0	246
0	144
0	345
3	83
0	179
0	346
0	130
8	340
0	340
233	73
0	18
0	50
2	39
17	95
0	97
0	0
1	55
0	18
5	43
0	5
0	11
2	28
0	7
0	5
0	7
1	0
0	0
0	5
0	5
0	6
0	6
44	698
2	56
0	95
0	700
0	43
0	59
6	13
1	56
0	170
0	635
0	42
2	78
1	31
5	48
2	62
0	51
0	132
24	12
2	29
0	639
50	682
0	646
2	681
0	646
0	416
0	171
0	83
0	13
0	0
1	924
0	48
2	94
0	55
1	102
0	98
0	99
0	0
0	25
0	99
0	24
0	97
3	99
0	99
0	98
0	25
0	22
1	145
43	186
0	100
0	172
8	63
1	371
0	447
0	447
0	426
0	415
0	397
1	38
0	318
0	50
0	123
1	75
0	111
13	79
0	6
0	71
0	45
0	73
0	6
0	16
2	63
0	51
0	33
0	32
0	11
0	11
0	10
0	0
0	14
0	13
0	2
0	0
0	1137
0	2009
12	1117
0	1972
0	1987
0	192
1	40
0	34
11	848
0	26
1	87
2	125
2	67
2	87
0	20
0	453
1	86
1	28
1	17
355	0
64	1391
6	477
0	1267
9	1242
9	1102
0	1529
60	440
5	148
8	65
0	298
10	152
0	25
14	29
0	1
0	5
0	0
0	1
1	4
0	1
0	5
0	4
0	5
0	1
0	3
52	1457
0	361
9	1218
0	1063
11	53
0	389
0	413
0	420
0	419
0	273
0	400
0	388
0	428
0	409
0	423
0	421
0	416
8	238
0	597
0	378
0	375
0	420
0	411
0	398
0	426
0	576
0	437
0	444
0	426
0	381
0	426
0	16
0	51
0	47
0	368
0	337
0	320
1	328
0	329
2	298
0	240
0	220
1	226
0	177
0	134
272	0
0	764
0	764
2	764
0	747
4	22
2	757
0	747
0	755
0	755
3	545
1	544
0	26
123	26
0	20
284	209
10	208
0	0
2	0
0	0
0	0
0	0
0	0
0	0
0	0
0	0
436	575
0	26
2	7
0	42
0	9
0	507
0	13
0	14
0	293
0	247
0	62
0	803
0	656
0	1
0	1
0	0
0	0
0	0
0	0
0	0
371	474
7	191
4	313
0	27
14	34
0	56
3	90
1	161
7	179
0	179
2	4
3	28
0	5
0	85
0	52
129	174
0	97
0	136
2	46
0	142
2	35
0	57
0	32
1	45
0	10
1	58
0	70
0	23
0	41
0	22
0	0
0	0
0	602
0	601
4	513
0	472
0	392
0	207
0	192
0	143
0	132
0	92
0	72
0	120
0	115
0	115
0	105
0	100
0	101
0	102
0	84
0	82
0	82
0	75
0	65
0	46
0	22
0	23
0	0
0	0
0	601
0	0
0	0
0	0
0	0
0	0
0	744
8	969
14	1513
1116	4078
3	337
2	67
0	3996
1	2411
0	473
0	764
0	873
1	446
0	1171
1	0
1	1
0	4
0	0
0	1
0	0
0	12
0	28
0	0
0	3
1	11
0	7
0	3
0	5
0	4
0	1
0	28
0	3
0	2
0	3
0	6
0	28
0	28
0	3
0	1
0	3
0	4
0	0
0	0
0	27
0	4
1	23
0	3
0	2
0	17
0	25
0	1
0	0
0	1
0	1
0	3
0	8
0	6
0	6
1	6
0	3
0	6
0	5
0	0
0	7
0	0
1	0
0	0
0	0
0	4
0	2
0	22
0	135
0	5
0	9
0	23
1	4
0	6
0	132
0	2
0	20
1	29
0	6
0	118
4	131
0	2
0	21
0	109
0	23
0	80
0	9
0	42
0	1
6	0
0	63
0	374
15	403
3	403
0	110
264	110
0	110
0	50
0	142
6	144
21	4
44	2
5	151
0	59
0	36
0	9
0	143
0	468
0	438
0	476
0	440
313	771
11	770
0	321
0	141
2280	0
28	386
1	399
6	219
15	327
4	145
6	255
0	274
25	101
0	1
0	1
0	1
108	1131
0	1131
9	139
1	5
632	134
10	105
0	30
0	190
2	261
1	254
0	250
0	156
0	19
0	43
0	32
3	25
0	92
7	23
8	7
0	32
0	36
0	40
4	28
0	27
0	25
0	24
0	12
0	3
58	0
1	701
0	621
0	655
0	563
3	566
0	161
1	144
1	90
0	78
1	49
0	35
1	21
0	42
2	2
0	425
9	408
0	170
0	3373
18	3174
35	2816
16	1206
3	2848
0	527
7	169
16	186
3	160
3	384
10	393
10	88
12	156
0	438
1	130
0	160
0	902
37	0
0	823
0	154
0	48
0	69
0	372
12	0
52	726
1	1116
0	785
0	960
0	1016
0	1070
1	1086
0	1083
0	274
0	1066
0	1008
0	1132
0	1098
0	1119
0	1034
0	1109
0	1042
0	1130
0	1083
0	1111
0	1021
0	1117
0	1154
6	834
0	995
0	955
0	921
0	840
0	228
0	870
0	837
0	888
0	249
0	158
1	81
0	9
0	260
1	237
0	224
0	290
0	44
0	133
0	144
0	127
0	80
0	80
0	3
0	0
630	770
2	355
0	394
21	71
6	100
0	0
0	0
2	0
0	0
0	1092
0	1238
0	1153
2	567
2	453
0	534
2	562
0	660
0	522
0	427
1	243
0	480
0	53
0	10
0	0
1	10
0	1
0	0
0	0
0	2
0	9
1	2
0	1
2	269
0	268
2	279
0	277
17	279
477	163
0	163
0	151
1	151
0	101
0	96
40	1570
2	219
2	127
0	0
0	0
0	134
1	142
0	34
0	216
0	18
1	109
1	1263
1	2
117	0
0	77
0	225
10	24
0	88
8	650
1	91
0	767
0	726
63	749
2	299
0	121
7	215
0	157
0	185
0	129
1	165
0	30
0	127
0	167
8	185
0	125
0	129
0	70
0	118
0	99
0	2
0	2
0	0
0	0
0	0
0	1
0	2
0	15
0	5
2	9
36	16
0	8
1	106
0	102
123	121
0	34
72	50
3	32
349	949
0	195
0	4
0	175
1	295
1	139
0	234
2	348
0	286
1	437
0	80
4	290
1	548
0	60
0	369
0	100
5	294
4	36
0	337
5	343
0	35
0	51
0	215
0	87
1	83
0	108
0	82
1	14
207	997
0	157
0	317
9	602
9	265
1	1077
0	1034
1	362
0	153
1	195
0	171
6	99
0	136
1	13
0	84
2	56
24	190
0	190
0	142
1	61
0	73
0	2
1	48
0	0
0	64
0	1129
0	398
7	998
1	164
0	138
0	193
5	221
3	194
0	106
559	578
2	7
0	465
2	96
0	410
2	50
3	40
406	1362
4	58
2	1142
1	78
0	132
23	5
0	1172
10	331
17	810
0	0
0	0
0	0
0	0
8	522
2	2
0	41
0	520
0	0
0	505
0	31
0	66
0	0
0	0
0	31
0	1351
0	1548
276	28
0	20
2	8
0	2
0	2
0	0
0	2
0	2
0	0
0	0
0	0
0	0
0	0
0	0
0	2
0	0
0	0
0	0
0	0
0	0
0	0
0	2
0	0
0	2
0	0
0	70
0	1041
0	1090
0	993
1	988
0	897
0	141
0	174
1	185
2	106
0	97
0	68
0	0
0	0
0	0
0	0
0	0
0	0
0	0
0	0
147	498
2	449
0	99
2	270
10	30
1	83
6	358
27	262
8	260
10	251
0	358
26	254
22	2
0	577
0	62
0	0
0	1
0	1
0	1
0	0
0	0
0	112
3	112
0	17
2	3
5	1
0	5
0	3
0	11
0	3
0	3
0	2
0	0
0	0
7	1657
0	1672
3	733
4	135
24	148
0	2
0	1
0	1
0	0
0	0
0	0
0	0
0	0
0	0
0	0
0	0
0	0
0	0
3	4
0	164
0	164
253	551
0	551
0	0
0	0
0	0
0	0
0	0
0	0
0	0
0	0
0	0
0	0
0	0
0	0
0	0
0	391
0	45
0	54
2	336
15	263
4	148
0	170
0	303
0	51
1	498
0	333
5	349
0	353
10	353
19	463
1	181
0	471
73	507
1	357
8	212
0	357
0	498
0	486
0	72
0	233
0	467
0	178
8	181
1	188
0	16
2	150
0	9
14	12
23	251
2251	1382
0	603
0	426
0	302
1	47
1	0
15	75
1	76
0	55
0	1
0	0
0	1
0	0
0	2844
0	2978
16	415
3	1035
0	1723
0	399
0	335
12	205
16	47
67	1218
1	353
1	54
1	83
1	58
0	34
6	76
1	0
0	0
1	94
0	662
23	608
0	278
0	232
0	24
0	23
574	184
0	184
3	182
0	20
0	71
0	172
0	11
1	3
1	756
10	1895
0	2461
4	1721
0	1948
0	1914
0	1192
2	1937
0	1919
0	1341
0	2305
0	2306
0	1408
0	676
0	192
0	0
0	0
0	0
0	0
0	0
0	0
550	56
1	3
5	54
0	21
0	109
1	91
0	116
0	609
2	91
0	140
0	600
0	116
2	58
2	97
103	455
2	114
0	0
23	5
0	5
0	5
0	5
1	109
997	137
2	17
0	16
66	4390
7	7965
199	6558
1	935
37	4341
0	256
0	8224
3	611
0	6
1	6
0	1
0	547
1	525
27	604
0	388
0	551
0	349
566	429
1	66
1	6
0	8
0	1
0	8
0	1
0	8
1	2
0	0
0	0
0	9
0	0
0	5
0	3
0	1
0	4
0	4
0	2
0	1
0	1
0	1
0	0
0	1
0	1
0	1
0	0
0	0
0	1
0	1
0	1
0	1
0	1
0	1
0	1
0	0
0	0
0	0
0	0
0	0
0	0
0	0
0	0
0	0
0	0
0	0
0	508
1	508
0	38
1	9
1	7
0	5
0	5
0	0
0	0
0	0
0	0
0	0
0	1735
10	1205
1	1538
0	1651
1	1214
0	595
0	1711
0	1735
1	1488
1	150
0	1025
0	323
3	403
15	206
0	169
28	4
0	119
0	121
0	8
0	118
0	119
0	96
0	109
0	113
0	53
0	21
0	15
0	18
0	500
3	899
0	935
0	891
0	885
0	23
0	464
6	0
0	202
0	672
0	519
0	850
0	10
0	195
0	18
0	494
1	408
0	889
0	431
2	331
0	317
0	378
0	370
1	198
6	151
0	52
0	57
0	57
2	52
0	44
0	32
0	39
0	7
0	17
0	11
0	7
0	4
0	0
0	1
0	0
0	0
0	0
0	0
0	3
0	5
0	0
0	0
0	5
0	3
1	0
0	3
0	174
0	159
0	20
0	45
1	0
245	142
0	135
1	25
2	8
0	3
0	141
0	20
0	0
0	1
99	470
0	73
0	36
0	24
0	34
0	37
0	32
0	288
0	30
0	3022
2	3235
0	509
3	171
0	3295
0	1469
0	173
0	173
1	348
0	916
0	3291
0	3324
1	156
1	1846
0	0
0	0
0	0
0	0
0	0
0	0
0	7
0	7
0	7
0	7
0	0
0	1
0	0
0	0
0	0
0	0
0	0
0	0
0	0
0	0
0	262
0	207
0	258
5	243
0	120
6	176
0	92
0	128
2	118
0	158
1	131
0	80
0	125
0	126
0	66
0	90
0	39
4	0
895	1901
27	526
11	1619
59	882
0	876
0	619
0	656
0	634
0	575
0	772
0	438
0	1013
0	771
0	94
0	66
0	431
0	935
0	207
0	213
1	203
0	204
0	43
1	177
0	29
0	28
0	9
0	13
0	36
0	91
0	69
0	52
0	46
0	11
0	22
0	19
0	11
5	31
1	1
5	31
13	27
43	27
1	715
0	251
0	12
0	11
6	13
0	4
0	1
0	0
0	2
1	69
0	118
2	178
2	29
0	48
7	129
18	17
0	174
0	64
5	186
5	15
0	0
0	178
0	865
0	857
1	803
0	815
0	874
0	178
0	18
0	107
0	445
0	0
0	0
527	62
2	49
0	12
1	2
543	86
9	89
29	3
0	654
0	6
0	657
1	672
0	18
19	10
0	8
0	10
0	147
0	0
0	0
0	0
0	0
0	0
0	0
0	0
0	0
0	0
261	1198
0	1009
4	495
1	104
2	128
0	132
0	132
0	3
0	102
0	87
0	0
0	11
0	51
1	7
0	3
1	38
0	132
0	102
0	37
0	1
0	593
8	559
0	134
0	182
5	351
0	560
3	47
0	104
0	555
13	145
1	257
2	171
4	13
0	89
0	0
0	0
0	0
0	0
0	0
0	0
0	0
2	0
0	0
0	0
0	0
6	0
0	469
129	469
0	0
0	0
0	0
0	0
0	87
0	85
12	25
0	79
1	78
0	49
4	92
0	93
1	78
0	67
0	33
1	7
0	11
0	33
0	40
0	1
0	17
0	34
0	16
0	42
0	6
1	7
0	1338
0	1356
0	1373
4	21
0	10
0	426
0	62
0	6
0	6
0	6
0	6
0	1
0	1
0	0
0	0
0	1
0	1
0	8
0	37
0	4
0	5
0	50
0	42
0	40
0	3
1	60
2	27
0	32
1	61
0	40
0	1
1	33
0	49
0	28
0	30
0	34
0	0
32	6
0	0
0	6
2	1
0	0
1	61
1	61
0	59
0	54
0	54
0	54
0	4
0	7
0	2
511	0
0	224
3	226
1	211
0	246
0	52
0	139
0	40
0	98
0	51
0	48
0	14
0	65
0	51
0	46
0	43
0	30
0	29
0	3
0	223
0	361
0	348
0	262
0	20
0	52
0	210
0	248
0	162
0	291
0	353
0	14
0	382
0	28
0	105
0	230
0	317
0	18
0	231
0	69
0	308
0	267
0	280
0	283
0	7
0	51
9	13
24	159
0	27
21	118
2	7
0	17
0	6
1	105
0	601
25	1068
0	500
2	701
10	104
2	1434
7	1421
5	1407
12	1435
1	716
0	40
0	273
1	53
0	57
0	125
0	27
0	46
0	34
0	43
0	76
0	93
0	124
1	994
0	935
0	984
0	374
1	917
0	914
0	980
0	1003
0	829
3	563
13	989
32	109
1	778
3	86
0	528
0	0
0	0
0	0
0	0
0	0
0	37
0	37
0	30
0	37
84	52
0	49
0	39
0	36
0	30
9	31
2	46
3	40
0	12
0	0
0	0
663	0
1	3
0	9
0	32
0	116
1	116
0	0
0	9
0	3
0	102
0	1
0	20
0	116
0	26
0	4
1	6
0	12
0	4
0	3
0	3
0	3
0	3
0	3
0	3
0	4
0	2
0	1
0	0
0	0
0	14
0	17
0	16
0	13
0	4
0	2
0	0
0	0
0	0
0	0
0	0
0	0
214	260
57	190
0	9
0	64
0	48
0	35
1	14
0	13
0	14
0	13
0	18
0	17
0	18
23	45
0	20
0	40
0	14
0	17
11	0
1	15
0	14
0	4
1	12
0	0
0	9
0	9
0	9
0	0
0	0
0	0
0	0
8	17
0	17
0	0
0	0
0	0
0	0
15	83
1	42
0	35
0	30
0	19
7	17
0	17
0	12
0	5
0	229
2	280
310	2484
0	154
0	340
0	1904
3	648
0	13
0	13
0	4
0	12
1	0
5	338
0	5
0	11
0	139
0	35
0	333
4	7
0	333
0	5
2	2
0	18
0	3
0	3
0	3
0	3
0	3
0	1
0	0
0	1
0	0
0	1
0	0
0	0
0	1
0	1
0	1
0	0
0	0
0	875
0	878
0	849
0	842
0	851
0	871
0	850
0	840
0	861
0	839
0	836
0	828
1	749
0	874
0	899
0	751
0	802
2	826
0	756
0	384
0	293
0	366
0	94
0	46
6	0
0	26
0	73
0	74
0	75
0	12
0	23
0	62
0	47
0	25
0	17
0	9
1	785
0	67
0	606
0	24
1	509
0	530
0	427
0	632
31	617
61	520
17	232
9	105
2	287
53	498
3	455
0	49
0	154
3	33
2	97
0	23
1	41
0	30
0	3
0	3
0	3
0	3
0	3
0	3
0	3
0	0
0	0
0	1
0	1
0	0
0	1
0	1
0	0
0	0
0	0
0	0
0	345
1798	2825
25	1199
0	320
0	2134
30	926
1	502
9	639
0	370
7	2648
0	2300
0	215
0	133
0	342
5	95
4	572
0	203
7	93
0	420
7	400
9	220
0	583
0	186
17	894
3	118
5	174
0	0
2	10
0	9
0	10
0	10
0	1
0	2
0	0
424	0
0	0
0	0
0	0
0	0
0	0
0	0
0	183
0	180
0	104
0	53
0	58
0	33
0	47
0	41
0	13
0	13
0	13
0	13
1	431
0	362
6	319
0	409
0	0
0	0
0	0
0	0
0	7
0	33
0	31
0	32
2	38
0	33
0	27
1	34
1	1
0	2
0	2
0	3
0	2
0	2
0	2
0	8
0	7
0	0
0	0
0	0
0	0
0	0
0	0
0	0
0	8
0	8
0	8
0	1
0	0
0	2
0	0
0	0
0	0
0	0
1	2
0	2
0	0
0	0
0	0
0	0
0	0
0	0
0	0
0	0
0	0
0	0
0	838
11	262
0	323
1	283
0	199
5	0
0	30
0	32
0	49
0	16
0	802
1	838
0	0
1	504
4	504
0	154
3	417
31	566
0	568
1	304
12	524
0	564
1	508
0	38
1	32
0	85
0	8
0	22
0	53
0	53
0	53
0	53
0	32
0	11
0	32
0	29
0	6
0	46
0	39
0	22
0	0
0	0
0	0
0	0
0	0
0	0
0	0
745	0
0	0
0	12
0	7
0	4
0	3
0	0
20	3356
0	3344
2	1753
4	697
0	589
0	460
0	310
0	390
0	352
0	315
0	291
0	99
0	110
0	0
0	0
0	0
0	1
0	1
0	0
0	0
0	0
0	0
0	0
0	0
0	0
0	0
0	0
0	0
0	1170
4	1142
0	1143
14	468
0	997
0	1007
2	895
0	764
0	704
0	700
0	663
0	131
6	81
0	63
1	207
0	373
0	330
2	311
0	139
0	64
0	67
0	26
0	34
0	42
0	66
0	1
0	1
0	1
0	1
0	0
0	0
0	0
0	0
0	1
0	5
0	3
1	3
0	3
0	69
3	1
0	1
0	10
1	26
0	25
3	14
0	14
1	39
5	55
0	1035
0	1148
0	1035
0	667
0	1035
0	1095
0	1036
0	1093
0	1034
1	1034
4	1092
0	665
3	1033
7	1034
0	1034
0	1032
0	989
0	947
0	594
0	551
3	5
0	4
0	5
0	1
0	0
0	118
0	121
0	102
0	109
0	21
0	102
178	107
1	0
3	4
2	3
55	103
0	0
0	0
0	0
0	56
0	49
0	25
0	44
0	56
0	66
0	58
2	24
5	376
1	376
4	119
0	18
1	418
18	386
0	348
0	381
4	75
0	120
95	355
7	313
11	210
0	752
1	758
0	754
0	438
0	126
0	0
0	33
0	199
0	25
0	9
0	87
0	689
0	657
0	24
0	90
0	86
0	440
0	18
0	0
3	198
0	325
12	676
2	177
0	71
0	450
5	421
2	351
0	194
1	57
0	0
3	45
9	763
2	819
0	210
0	102
0	210
0	210
0	210
0	211
0	198
0	210
0	32
0	7
0	84
0	1
0	1
1	6
0	914
0	945
0	890
0	884
0	902
0	69
2	1983
22	2072
5	394
0	101
0	0
0	0
0	0
0	0
0	0
0	0
0	0
0	0
0	0
0	0
0	0
0	0
0	0
0	949
0	415
0	923
0	888
0	295
0	198
0	283
0	862
2	1
0	5
0	5
0	763
2	675
0	729
0	820
0	928
0	1049
0	766
0	974
0	701
0	241
0	0
0	438
0	267
0	958
0	0
0	48
0	0
0	621
20	54
0	1
0	28
0	0
0	65
0	879
1	860
0	226
0	154
0	0
0	363
0	2
0	0
0	41
0	44
0	43
91	302
17	288
0	71
0	41
0	741
0	2282
0	2412
0	1410
0	835
7	427
0	797
3	171
2	496
0	431
4	31
13	4
2	112
0	129
0	1123
0	1036
0	1011
0	938
18	67
11	112
0	135
2	681
0	659
0	707
0	710
3	645
0	615
0	255
0	275
0	272
0	252
14	88
1	126
1	103
0	172
0	175
0	179
0	155
0	113
0	53
0	41
4	53
0	49
0	18
0	9
0	651
0	675
0	678
0	539
0	21
4	149
8	149
0	36
2	16
28	279
0	263
12	480
0	585
0	209
2	143
0	54
2	26
0	1
0	0
0	0
0	1
0	0
0	0
1	0
0	0
0	0
0	0
0	0
0	1
0	1
0	1
0	0
0	0
0	0
0	0
0	340
0	326
0	337
0	297
18	170
0	235
0	73
0	237
0	214
0	217
0	219
0	183
0	27
0	5
0	33
14	24
15	69
0	28
0	19
0	26
0	22
0	15
0	12
0	3
0	6
70	132
32	67
0	75
1	24
1	58
1	89
0	84
0	26
3	66
0	102
2	46
4	52
0	127
0	68
0	59
0	0
0	0
0	0
0	74
0	78
1	157
0	1
1	1
0	2169
1	573
0	1585
1	1736
23	986
0	686
0	430
2	1600
9	882
0	177
0	772
0	868
0	716
0	563
0	453
10	209
1	66
0	2
0	62
0	324
7	37
0	302
0	12
9	271
1	298
0	232
11	18
2	31
6	64
0	52
11	110
1	100
1	55
16	72
0	37
0	73
8	59
0	12
0	10
0	0
0	8
0	5
0	3
0	1
0	10
0	25
0	23
5	35
0	26
0	36
0	1
0	0
0	0
0	0
0	0
0	0
0	0
0	0
0	0
0	0
0	0
0	0
0	0
1	164
0	407
2	1028
0	91
46	1383
2	325
1	1292
0	165
0	527
8	222
86	519
0	320
5	178
0	689
21	1391
0	1234
0	1239
0	1138
0	1074
0	1379
3	620
0	295
2	1379
2	132
0	1146
1	658
0	0
0	25
0	161
0	26
0	50
0	161
0	139
2	12
0	161
0	55
0	46
0	152
3	27
0	29
0	29
0	90
452	246
13	246
0	23
0	19
0	40
0	296
0	386
0	347
0	393
13	302
0	336
0	353
0	226
0	133
0	178
0	182
0	162
0	64
4	15
1	48
0	36
3	35
0	0
0	0
0	0
0	0
0	0
0	0
0	0
0	0
0	0
0	27
0	6
0	5
2	6
2	0
482	441
3	452
1	64
0	59
2	11
0	0
0	0
0	0
0	0
0	0
0	0
0	0
0	0
0	0
0	0
0	0
0	0
0	50
0	75
0	63
0	68
0	62
0	69
0	61
0	74
0	57
0	33
0	7
0	27
0	23
0	31
0	21
0	0
0	0
0	0
0	0
62	0
2	21
0	180
0	186
13	20
2	146
0	481
38	321
0	487
19	474
0	493
0	154
12	117
0	111
0	11
8	5
0	2374
12	630
0	545
243	130
0	35
2	99
0	130
2	53
1	70
2	39
0	964
0	438
12	1039
1	48
2	62
5	1960
11	1216
0	803
0	599
0	840
0	617
0	29
0	427
1	76
1	617
0	323
0	419
0	87
0	621
1	620
0	404
0	134
1	159
0	323
0	77
0	75
0	618
0	73
0	26
0	25
0	0
0	16
0	5
1	400
0	454
0	541
0	358
1	526
0	2
0	2
0	0
0	0
0	0
0	0
0	0
0	0
0	51
37	518
3	323
1	463
1	53
0	422
1	0
0	13
0	100
4	182
0	188
0	77
0	182
0	157
0	179
0	165
0	159
0	172
0	140
0	131
0	155
0	95
0	167
0	144
0	148
0	96
4	111
0	148
0	63
0	144
0	160
0	147
0	127
0	130
0	108
0	129
0	121
1	104
0	79
0	95
0	97
0	138
0	107
0	120
0	43
1	129
0	100
0	26
0	86
0	58
0	96
0	44
0	84
0	40
0	14
0	42
0	46
0	67
0	18
0	48
0	64
0	26
0	22
0	0
0	0
0	0
0	0
0	0
0	0
0	0
0	376
6	100
0	404
7	96
0	77
2	129
0	48
0	5
0	4
0	2
0	0
0	1
0	0
0	0
0	0
0	0
0	0
0	0
0	0
0	0
283	204
0	204
0	0
0	0
0	0
0	0
0	0
0	0
0	0
0	0
0	0
0	0
0	0
0	0
0	677
0	677
26	409
0	506
4	175
33	184
2	591
0	412
0	364
1	197
1	150
0	385
1	329
0	341
0	235
1	186
0	97
0	144
8	25
0	79
1	0
15	0
0	456
18	354
13	293
8	43
27	973
0	928
0	774
0	589
7	541
0	574
1	269
1	270
0	202
32	270
0	113
0	182
0	96
23	186
0	126
9	105
6	68
0	0
0	399
0	351
0	212
2	250
2	347
0	305
0	163
0	170
1	140
1	142
0	177
2	43
2	0
0	1
0	1
0	1
0	1
0	1
0	1
0	1
0	1
1	94
0	95
0	75
1	95
7	281
0	259
373	1745
0	251
0	794
0	270
0	576
0	7
0	878
0	454
39	281
0	0
0	0
0	0
176	6
0	6
0	0
0	0
0	0
0	0
0	0
0	0
0	0
0	0
0	0
0	0
114	122
0	101
0	101
0	9
0	11
1	37
0	101
0	60
0	58
11	155
1	154
2	12
0	297
1	412
19	7
0	25
17	70
0	475
8	143
0	560
0	555
1	538
0	225
2	58
2	80
0	34
1	6
0	6
0	404
0	409
0	9
0	29
8	358
3	357
6	145
8	302
0	344
50	143
0	50
0	21
1	63
3	24
377	24
0	24
1	15
0	70
0	70
0	70
0	70
0	59
0	33
0	266
7	266
8	273
2	273
0	187
0	1
0	1
0	1
0	1
0	1
0	1
0	0
0	2213
0	2248
0	2116
0	2081
0	2217
0	2117
0	2192
0	2226
0	2272
81	2221
0	2262
0	2212
0	2233
0	2271
0	2338
0	2355
0	2235
0	2367
0	2346
12	700
0	2235
55	2280
0	2216
0	2288
0	2188
0	2252
0	2400
0	2246
0	2112
0	2340
0	2204
0	2239
2	2223
0	2056
1	949
87	1221
30	25
0	25
0	72
1	81
0	74
0	74
0	4
0	0
0	16
1	6
0	0
0	4
0	0
0	0
0	247
0	333
1	310
0	335
5	284
0	43
0	69
0	79
0	2
0	1071
0	1068
0	1068
1	1018
0	1043
0	1060
0	1041
1	679
0	1009
0	1015
1	1002
0	978
0	1031
0	1054
1	1030
0	1026
0	1030
2	128
0	963
2	996
0	1051
0	999
0	100
0	595
1	986
0	991
1	751
13	848
0	545
0	202
0	230
2	200
33	233
0	191
5	28
98	556
2	438
0	81
0	241
80	179
0	168
0	65
0	70
0	45
2	56
0	55
1	33
0	46
0	20
0	2
0	13
0	214
0	157
0	935
1	868
0	816
0	156
0	482
0	157
0	157
0	134
0	4
0	4
0	4
0	2
0	2
0	1
0	1
0	1
0	0
0	0
0	0
0	0
0	0
1	0
0	0
0	2
0	8
0	9
0	4
0	10
0	8
0	67
6	63
0	9
1	1
0	2
0	12
0	11
0	0
0	0
0	0
0	0
0	0
0	0
0	0
0	0
0	3
2	407
0	408
0	221
0	67
0	80
0	78
0	30
3	17
114	171
1	171
5	35
0	44
7	45
0	1
0	15
0	1752
0	7
0	1731
0	518
0	760
0	1679
0	1658
0	1076
1	624
9	1722
0	1688
0	1709
0	1698
3	1163
11	1010
2	1569
0	440
0	1473
0	887
0	1473
0	495
0	847
0	1150
0	24
0	857
0	247
2	243
0	124
0	180
0	32
0	203
0	63
23	190
0	90
3	174
0	112
0	65
0	69
0	65
0	9
0	133
0	1080
0	13
0	1108
0	100
0	393
0	997
0	103
0	121
0	135
0	269
0	0
0	0
0	258
2	258
3	43
3	8
2	259
32	159
0	145
2	459
5	430
0	466
0	623
0	463
0	325
0	596
0	665
0	697
0	607
16	743
0	749
2	558
0	748
0	685
2	545
0	764
0	587
0	580
0	603
2	470
0	122
0	92
0	462
0	603
2	267
0	1377
0	690
114	1463
0	637
0	672
0	1418
0	112
0	129
2	1386
0	311
0	196
0	433
0	453
0	162
0	146
8	53
2	50
2	250
0	74
0	646
0	639
0	737
1	674
1	55
0	181
0	120
0	190
0	93
1	67
5	1
0	1088
0	1057
2	984
0	676
0	587
1	564
0	76
0	151
1	107
0	61
0	12
0	1
1	196
1	205
11	206
282	50
0	50
0	336
37	154
0	601
0	255
0	612
0	619
0	518
0	607
0	646
0	625
0	599
0	79
0	622
7	1
1	22
1	14
0	369
0	329
0	612
0	137
0	5
0	5
7	329
0	329
0	154
2	153
0	18
0	15
2	4
0	6
22	856
64	851
7	0
0	19
0	29
0	15
0	12
0	29
0	0
0	4
0	30
0	16
4	32
0	6
0	10
0	1
0	11
0	1
0	0
0	44
334	110
1	95
0	98
0	14
0	14
0	0
0	0
9	3
0	3
0	3
0	719
0	742
2	308
1	725
53	3
0	58
0	21
0	6
44	122
0	122
0	8
555	130
0	19
3	64
0	116
0	39
0	259
8	259
2	160
0	58
0	17
0	40
0	5
0	165
0	170
0	176
0	176
0	177
2	164
0	166
13	1794
0	1607
0	891
1	439
3	545
5	186
0	276
4	145
0	330
0	253
0	344
3	0
0	511
1	199
0	474
6	410
51	207
0	178
0	2
0	2294
289	2191
12	1287
9	237
0	1011
3	523
0	693
1	444
0	155
1	119
0	119
1226	0
0	0
0	0
0	0
0	0
0	0
0	0
0	0
0	0
0	0
0	0
0	0
0	0
3027	0
0	0
0	6
44	6
0	0
0	0
212	200
1	0
0	0
6	380
0	373
2	227
0	273
3	82
0	30
0	18
0	21
0	1
0	12
0	0
9	219
0	201
0	0
0	6
0	14
0	16
0	14
0	12
0	46
0	18
0	23
0	10
0	6
1	14
0	68
0	23
0	1
0	26
0	35
0	22
1	107
0	12
1	0
0	223
0	124
0	21
0	63
0	107
0	19
0	52
0	12
26	203
20	195
0	56
21	176
0	46
0	17
0	0
1	125
0	51
0	7
0	18
1	116
0	18
0	0
2	80
9	88
24	188
0	170
0	73
4	13
0	0
247	0
2	2
0	90
0	90
0	9
0	437
0	427
50	292
0	301
0	394
0	139
0	33
0	283
0	275
0	264
0	24
0	251
1	31
0	41
0	27
1	17
0	37
0	33
0	42
0	66
0	32
0	37
0	43
0	44
0	39
0	31
0	33
0	22
0	20
0	9
48	178
0	656
1	216
1	608
1	184
13	144
0	30
4	352
8	102
0	311
5	269
2	77
0	328
0	578
0	867
0	771
27	589
12	824
0	447
4	669
1	268
32	655
1	628
1	52
0	664
2	659
0	183
0	661
0	266
4	664
0	687
0	157
0	181
0	660
1	618
3	170
16	8
15	500
3	489
0	2
6	2
7	6
7	6
101	1112
62	1202
5	1194
0	74
0	66
7	16
618	224
0	6
0	224
0	0
0	0
0	0
0	0
0	0
0	0
0	0
0	0
317	623
9	154
16	558
0	7746
2	3789
0	485
2	485
0	7466
85	7727
16	467
0	7746
1051	178
3	179
5	7
0	31
167	96
3	96
24	39
0	33
3	13
3	27
0	0
5	307
1	307
0	307
1	95
0	59
0	71
0	56
0	63
0	54
0	139
0	150
80	226
1	125
27	0
6	6
1	75
0	121
24	209
0	212
43	166
1	0
12	10
0	41
0	65
0	31
4	95
23	99
8	1
0	1
2	0
0	0
0	399
0	377
40	434
0	354
0	449
0	330
0	355
0	333
4	297
4	191
0	104
0	174
0	246
12	155
0	182
10	183
1	159
0	39
2	68
0	53
0	10
0	44
0	25
1	1043
0	901
0	608
0	608
0	699
0	875
0	1031
0	304
0	436
0	1021
20	1055
0	1018
4	1043
0	970
0	919
0	736
2	1065
0	1037
0	343
3	644
0	495
1	132
0	82
0	44
0	6
0	7
0	8
0	6
0	4
0	3
0	128
4	19
0	203
67	423
4	381
0	178
0	341
1	172
2	106
12	59
1	3
0	17
3	13
118	16
0	25
3	9
53	109
0	19
7	18
0	93
2	83
20	236
11	145
20	197
8	119
0	56
0	147
0	1006
0	1688
0	200
3	1558
0	288
0	104
0	191
3	86
22	853
23	5
0	5
261	1348
0	1231
6	1229
0	295
1	475
7	116
1	155
2	885
3	220
0	109
3	17
0	85
0	388
0	206
0	153
4	122
0	57
6	351
587	797
0	700
0	0
0	0
1	1
0	1
16	121
1	30
4	7
1	156
0	157
0	66
0	68
0	39
0	31
0	26
0	25
0	10
0	3
0	3
0	9
0	0
0	0
0	0
0	0
0	0
0	0
0	0
2	553
5	283
14	34
0	544
0	26
1	21
0	29
0	190
3	243
0	374
0	379
0	378
4	116
1	172
0	366
1	69
1	52
0	4
0	4
0	0
0	0
0	0
0	0
0	0
0	5
0	96
0	12
0	20
0	24
0	17
0	0
11	49
4	68
0	417
0	231
2	169
1	35
0	46
0	21
1	74
2	14
0	45
0	41
1	56
0	257
0	132
0	90
0	92
3	22
0	93
1	56
0	55
0	417
0	0
0	0
1	2271
0	119
0	2254
0	2224
1	134
0	2204
0	120
7	198
25	196
0	254
4	245
1	1244
2	183
2	30
0	223
0	256
0	270
4	219
0	200
0	6
1	87
136	196
0	123
1	233
2	36
1	16
1	21
18	91
0	85
0	22
6	16
0	11
0	9
0	1
0	2
0	0
0	6
0	2
0	0
0	16
0	0
0	0
0	0
0	0
0	0
0	0
0	0
0	0
0	0
0	0
0	0
0	0
0	0
0	6
0	2
0	17
0	309
14	316
7	3
15	0
2	1
1	10
0	0
0	91
0	0
2	2
0	93
13	1443
0	1379
0	577
0	1447
1	1092
2	652
2	85
3	75
0	0
0	1
0	1
0	92
0	65
0	1
0	179
0	44
0	173
0	14
0	11
0	48
0	3
8	4
0	29
0	14
0	7
0	17
1	17
3	30
2	47
0	61
0	25
0	120
0	18
3	29
0	70
0	28
0	22
0	19
0	18
0	12
0	22
0	23
0	17
0	12
0	5
0	0
1	0
0	91
0	64
0	2
0	2
0	3
0	3
0	3
0	1
0	0
0	0
0	0
0	91
0	9
0	0
0	0
0	0
0	0
0	0
0	0
0	0
0	0
0	0
0	0
0	0
0	0
11	41
4	40
0	16
0	0
3	90
0	113
0	5
0	24
0	34
0	90
0	19
0	21
0	36
1	49
0	6
0	30
0	298
0	308
0	292
0	176
0	60
4	291
0	301
0	308
0	298
0	301
9	300
0	265
0	292
0	301
0	261
0	271
0	143
1	273
0	254
0	200
0	118
0	60
0	166
0	36
0	77
0	107
0	143
0	143
0	34
0	117
0	84
0	117
0	90
0	121
0	56
0	97
0	82
0	91
0	8
0	85
0	41
0	3
1	4
0	86
0	85
0	84
1	74
0	89
0	89
0	38
0	73
0	89
0	89
0	81
0	72
0	63
0	57
0	63
0	65
0	64
0	70
0	64
0	61
0	55
2	17
0	65
0	64
0	70
0	54
0	70
0	50
0	24
0	65
0	54
0	49
0	39
0	28
3	7
0	0
0	0
0	0
0	0
0	0
0	0
0	0
0	91
0	5
0	96
1	0
0	91
106	76
0	147
0	120
0	6
1	1
0	4
0	12
0	12
0	12
2	1
0	0
0	12
0	12
8	1203
0	1115
0	1117
0	1138
0	1111
0	1118
0	1118
4	1093
3	909
0	453
0	82
3	44
0	4
0	4
0	4
0	3
0	596
0	1155
20	2176
0	1185
0	2187
0	1475
0	2075
0	2010
0	2017
0	1986
0	1936
0	1733
0	1633
0	2004
0	1170
0	274
0	654
0	603
0	157
0	25
1	6
0	97
0	7
87	93
0	3
0	61
0	86
0	50
0	68
0	0
0	0
0	0
0	505
10	498
2	502
0	369
0	3
0	94
0	93
0	157
11	1096
0	439
0	1144
1	200
0	248
0	317
0	193
0	144
4	29
0	287
0	408
0	393
0	394
1	397
0	396
0	384
0	38
0	113
0	95
0	34
1	21
0	0
1	0
0	0
0	0
0	0
0	0
0	0
1	0
0	0
0	0
0	0
0	3
0	99
0	27
0	20
0	10
0	16
0	10
0	4
0	9
1	14
14	12
0	106
0	188
0	211
30	210
2	31
6	1
0	128
2	230
0	119
0	68
1	212
626	275
0	108
0	56
0	56
0	94
0	85
0	3
0	63
0	910
0	72
3	910
0	745
0	4
13	0
0	63
0	274
0	4
1	4
0	1
2	2
0	2
0	144
10	285
16	535
1	328
0	0
12	88
0	117
0	117
0	76
0	78
2	29
0	15
0	5
0	5
4	467
21	60
0	47
0	40
0	323
110	102
0	435
0	65
1	11
0	49
0	20
0	0
0	0
0	22
2	20
0	12
0	16
0	33
2	124
0	1
0	72
0	7
0	13
0	10
0	13
0	22
0	1
0	24
0	0
0	0
0	0
0	1
0	23
0	7
0	0
0	0
0	0
0	0
0	0
0	0
0	0
0	0
0	0
0	0
0	0
0	0
0	0
0	0
0	0
0	0
0	0
0	7
0	7
0	1
0	1
0	1
0	1
0	0
0	0
0	1
4	9
0	0
0	0
0	5
5	5
9	3
0	0
0	0
1	0
0	0
0	0
63	0
6	1457
0	1419
0	1637
0	140
0	89
140	39
0	39
0	177
418	177
12	0
7	130
2	16
4	133
1	48
4	25
0	32
1	34
0	22
0	16
0	9
16	22
0	22
0	47
0	47
0	98
0	5
0	13
1	100
0	5
5	851
2	806
1	874
1	26
0	50
5	23
1	5
0	1656
0	1097
0	1599
0	189
0	693
0	1650
0	1658
0	338
0	1599
0	238
0	1601
0	170
0	256
0	256
0	8
0	8
0	6
0	8
0	10
0	10
0	4
0	3
0	5
7	13
0	6
1	3
0	0
0	0
0	0
0	0
0	0
0	33
0	29
2	33
0	33
0	33
2	38
0	28
7	11
0	34
0	10
30	131
0	70
0	66
0	74
0	95
0	52
0	43
0	38
0	8
0	8
0	1
0	10
0	11
1	51
0	0
0	3
0	0
0	0
0	3
0	3
0	3
1	491
41	656
0	2004
1	273
14	183
8	2093
15	184
0	931
0	603
0	852
0	870
1	698
0	2004
0	301
0	389
0	786
10	651
10	178
24	329
0	492
6	178
15	754
0	11
1	11
0	11
0	1
0	3
1	0
0	2
0	4
0	1
0	6
2	0
0	0
0	44
0	359
0	0
0	37
2	0
0	41
0	338
0	6
0	362
1	353
0	39
0	26
0	353
0	27
0	33
3	36
0	26
0	66
0	77
0	49
0	31
0	12
1	23
3	5
0	53
0	66
17	567
46	389
0	569
1	63
0	149
0	130
0	32
112	1449
0	80
0	62
5	1361
0	1221
0	752
0	80
0	90
0	1288
0	93
0	149
0	168
3	70
0	167
0	315
0	1449
2	1268
0	1419
0	307
1	777
0	1272
0	1154
0	226
0	1227
0	637
3	1332
0	1159
0	396
0	1341
0	283
0	540
0	1375
0	380
0	368
0	1093
0	716
0	61
1	114
0	553
0	51
0	145
0	728
0	46
0	128
0	646
0	380
0	217
0	301
0	80
0	1409
0	1
0	0
0	1
0	0
0	0
0	0
0	0
0	0
0	0
505	0
0	68
0	68
0	34
0	11
3	9
0	0
215	69
0	49
0	47
0	20
0	0
0	0
0	0
0	0
0	0
0	9
1426	1183
1	972
0	1048
0	867
3	385
3	523
0	0
0	0
0	0
0	0
0	0
0	0
0	0
1	11
0	147
10	147
2	21
0	8
0	4
0	6
0	6
0	5
0	4
0	5
0	1
0	1
0	1
0	1
51	1090
0	813
3	935
0	134
0	97
0	92
14	0
1	36
1	2
0	30
0	31
0	30
0	8
0	29
0	29
0	23
0	24
0	21
0	12
0	14
0	13
0	16
0	18
0	19
0	25
0	25
0	24
0	25
0	25
0	25
0	0
0	12
0	0
0	21
0	0
0	22
0	22
0	22
0	20
0	18
0	17
0	17
0	6
0	9
0	15
0	15
0	2
0	12
0	11
0	12
0	11
0	11
0	11
0	9
1	11
0	10
4	11
0	1
1	0
5	9
0	190
0	168
0	210
0	173
0	191
0	188
0	186
1	162
0	171
0	170
0	147
18	152
0	237
4	144
0	155
0	206
0	9
2	54
0	24
0	24
1	13
0	0
0	5
28	5
13	1
0	2
0	0
0	0
0	0
293	67
4	943
0	920
0	1040
0	1093
0	944
0	991
1	1107
40	1040
0	849
0	958
0	1028
0	850
0	994
1	982
0	1086
30	1018
0	888
0	414
0	974
2	1041
0	1040
1	1012
0	1004
0	1043
0	967
0	728
0	157
7	101
43	88
0	83
11	646
0	107
240	882
0	66
0	66
0	77
1	804
0	217
0	197
316	248
3	23
33	35
0	182
2	51
0	80
20	77
0	134
0	5
2	4
0	26
983	305
0	31
0	114
2	155
3	68
0	63
2	494
6	494
1	401
0	15
0	21
0	21
0	260
11	33
0	26
5	80
8	86
1	65
0	49
0	57
0	27
0	47
0	16
12	964
0	800
0	790
0	779
0	30
0	46
0	567
0	599
0	891
0	30
1	53
0	594
97	927
30	1319
16	1269
0	708
7	457
0	125
2	139
6	86
4	123
3	138
16	152
0	150
0	88
2	60
0	21
16	32
1	26
0	9
5	2428
0	2349
4	465
1	388
0	2224
6	1801
0	200
5	274
1	971
0	931
22	994
0	945
0	295
0	864
0	355
4	669
0	177
1	386
0	39
0	39
2	38
1	27
0	30
0	6
0	381
0	381
0	362
21	238
0	364
4	71
1	79
3	28
7	15
0	16
0	26
219	4
2	13
0	106
0	50
0	49
21	530
0	519
0	506
1	509
1	412
0	412
0	428
12	354
1	27
0	43
0	422
0	26
486	2122
5	1891
1	530
1	163
2	101
22	26
0	26
0	18
0	26
0	26
0	26
0	0
0	0
0	0
0	146
0	154
0	50
0	34
0	50
0	46
0	22
0	20
0	26
0	30
0	19
1	16
0	185
0	539
0	434
8	526
1	30
0	39
0	18
1	41
0	40
0	63
1	47
1	18
5	0
0	0
0	0
0	0
0	0
0	0
0	0
0	215
0	3
4	1798
0	1827
1	179
0	264
0	173
0	232
1	97
0	1639
0	1738
2	1738
0	82
0	53
0	146
3	129
2	127
2	86
14	202
0	214
0	25
5	297
5	6
3	8
756	285
1751	190
0	177
0	188
95	0
3	195
177	195
0	194
0	23
2	106
4	10
0	10
0	0
0	0
0	0
0	0
0	0
0	0
1	2
0	2
0	0
0	0
0	0
1	0
0	4
9	4
11	1246
1	914
0	938
0	683
0	272
0	503
0	272
0	0
0	1
0	1
0	1
0	0
0	0
0	0
0	0
0	0
0	15
9	15
0	15
0	7
0	4
1	855
13	851
4	871
0	473
0	51
0	98
0	131
0	125
0	109
0	17
0	0
0	0
0	0
0	0
0	0
1	380
0	430
7	343
1	185
0	293
0	84
0	410
0	163
0	366
1	204
3	69
3	215
2	134
0	319
75	84
0	71
1	13
1	99
0	161
0	13
65	223
0	1
0	109
3	152
6	9
1	130
0	131
0	121
1	221
1	44
1	42
0	9
19	42
8	76
0	36
3	14
3	35
0	16
1	26
1	9
0	5
0	282
0	208
0	262
5	10
0	12
0	15
0	37
0	35
0	31
8	102
1	121
44	739
138	237
42	654
0	371
0	475
2	609
3	145
28	240
0	421
0	128
0	377
0	0
0	0
0	0
0	0
0	0
0	0
0	0
0	0
0	0
0	0
0	0
0	0
0	0
0	23
354	40
2	22
0	41
26	10
3	0
0	0
2	239
0	237
34	202
0	228
0	177
13	4
0	4
0	0
1	7336
0	4897
0	2278
0	7265
0	7366
0	994
0	7376
5	956
165	4703
6	0
0	7516
3	7353
0	1470
0	531
6	7410
0	7319
0	1610
0	353
0	2016
0	1159
7	421
0	1941
0	208
36	1661
0	0
0	0
0	1
0	0
0	1
0	1
0	0
0	1
0	1
0	0
0	0
0	0
1	317
0	1553
1059	1741
0	289
37	1260
657	805
0	618
2	531
0	528
0	288
0	280
2	118
66	519
10	528
19	489
0	235
12	0
24	4
6	6703
0	62
58	5436
4	6749
13	1993
0	6829
0	5303
0	5325
82	383
0	73
3	7
111	640
1	226
2	168
0	483
9	243
1	175
73	203
5	104
4	18
16	299
0	221
10	0
0	114
0	117
0	231
0	96
0	264
13	268
0	265
0	114
0	264
0	49
0	67
1	250
0	23
0	2
11	779
7	301
0	146
0	816
0	372
0	621
0	124
1	86
0	570
1	214
46	290
1	269
7	96
0	1
1	14
0	78
0	48
0	45
0	23
0	16
0	555
0	8
0	23
0	4
0	34
0	0
0	0
0	4
0	4
0	2
0	0
1	1
0	0
0	0
0	0
0	0
0	8
0	19
0	17
0	19
0	0
0	3
0	1
0	3
63	1335
3	1191
0	270
0	72
0	144
0	1336
0	150
0	116
1	491
8	421
0	45
0	39
15	32
0	30
10	131
2	13
0	0
162	12
34	12
0	3
1	37
0	77
0	367
0	403
1	400
8	37
0	35
0	383
846	576
10	13
18	124
5	144
93	875
0	822
0	101
0	740
0	91
0	500
1	30
1	88
0	133
555	507
0	468
0	256
83	280
1	189
0	105
0	0
0	920
0	336
0	203
0	687
0	774
0	57
0	151
0	259
0	112
0	127
0	183
0	258
0	77
0	250
0	257
0	850
0	257
3	268
0	255
0	251
0	263
13	211
0	230
0	24
0	60
2	31
229	0
402	245
0	55
1	116
0	74
1	765
24	902
1	343
0	39
0	469
0	460
0	59
0	65
0	25
0	30
0	66
0	80
23	190
3	126
6	109
0	125
0	128
0	24
0	69
3	35
0	66
0	8
2	45
0	16
4	6
6	29
0	13
0	7
0	224
20	315
0	0
0	2
0	0
0	0
0	0
0	0
0	0
0	0
0	0
0	0
0	0
0	0
0	0
0	0
0	0
0	0
0	0
0	0
0	0
0	0
0	0
0	0
0	0
0	0
0	0
0	0
0	0
0	0
0	0
1	666
0	74
0	61
1	109
0	131
0	114
0	375
0	752
1	109
1	177
5	191
0	124
1	103
5	174
0	0
0	0
0	0
0	0
0	110
0	126
0	277
0	284
0	89
0	123
18	49
0	59
0	43
1	22
0	24
0	823
0	175
0	779
0	756
0	193
0	184
0	194
0	170
1	192
0	170
0	173
0	202
0	91
0	85
0	91
0	169
0	179
0	184
0	179
0	181
0	17
0	82
0	194
0	64
0	76
1	82
0	117
0	7
0	0
0	0
0	0
0	162
0	219
0	214
0	224
0	200
0	201
0	202
0	169
0	198
0	200
0	210
1	79
0	200
0	195
0	191
0	211
0	209
0	202
0	163
0	118
0	204
0	200
0	175
0	199
0	202
0	199
0	207
0	71
0	94
0	206
0	216
0	197
0	224
0	97
0	160
0	202
0	197
0	206
0	204
0	87
0	183
0	185
0	207
1	203
0	132
0	181
0	201
0	115
0	186
0	204
0	178
0	192
0	163
0	177
0	112
0	101
0	173
0	122
0	132
0	123
0	50
0	27
0	127
0	120
0	44
0	91
0	96
0	59
0	3
0	2
0	2
3	3
0	3
0	3
0	1
0	1
0	0
0	0
0	1
0	1
0	2
0	1
0	0
1	261
6	261
3	23
0	0
0	0
0	0
0	0
0	0
0	0
0	0
1	43
7	57
7	57
7	1590
1	1574
0	262
0	292
1	276
0	298
0	271
4	251
1	177
0	44
0	56
89	56
0	54
0	13
0	11
0	13
1	4
0	2
0	2
0	2
1	3
0	5
0	381
0	331
0	499
0	0
0	0
0	0
0	0
1	0
0	0
0	0
0	0
0	0
2	2416
0	2659
270	2776
0	1904
0	1483
4	427
0	2
0	142
0	7
0	5
0	138
0	120
0	1
1	26
0	102
0	125
0	103
0	139
0	115
1	144
0	114
0	108
0	81
0	130
0	9
0	10
2	12
0	130
1	3
0	109
0	101
0	125
0	119
0	131
0	134
0	139
0	132
0	134
0	126
0	131
0	98
0	126
6	123
0	125
0	143
1	110
0	122
0	10
0	14
0	117
0	23
1	70
0	80
0	68
0	4
41	111
0	85
0	44
3	71
2	11
0	80
0	24
0	98
0	102
0	110
0	32
0	80
0	37
14	53
1	26
0	30
0	268
1	1
0	18
0	86
0	18
2	2
0	240
0	11
0	13
0	13
0	11
0	309
20	337
0	349
0	112
0	372
0	99
0	58
1	55
2	30
0	81
1	65
0	85
1	75
0	42
0	82
2	13
0	24
0	24
3	23
0	34
0	28
0	24
1	24
2	18
0	16
0	326
0	1
0	3
0	2
0	2
0	2
4	1935
177	1935
0	11035
7	11249
8	12719
0	4961
0	3305
0	9637
0	6480
0	13856
0	10075
1	11201
0	363
0	9148
0	9851
0	12830
0	10889
0	9429
2	7993
1	3441
0	11633
0	4021
0	793
0	3241
0	279
0	280
0	593
0	608
6	1
0	0
0	1
0	0
0	126
0	547
0	758
0	283
0	26
15	525
0	58
0	79
0	31
1	28
0	230
0	104
0	736
0	733
247	489
2	159
0	449
4	355
0	6
1	171
3	247
1	137
0	89
8	156
3	80
4	80
13	136
0	1280
0	1306
1	235
0	327
0	1355
0	328
0	186
0	543
12	111
1	64
3	332
2	139
0	99
0	259
0	9
0	5
0	38
0	42
0	1
0	2
0	89
0	48
3	75
0	81
6	0
0	39
2	6
3	1
1	8
0	0
1	107
0	856
0	827
0	126
0	629
2	138
19	550
0	146
6	452
0	0
0	0
0	0
0	0
0	223
398	223
180	0
0	0
9	102
0	5
1	4
0	1
0	0
816	3992
6	2973
113	2497
0	2587
2	560
0	413
12	615
0	755
7	438
0	1314
0	1159
0	1076
0	259
0	1210
1	728
0	537
0	552
0	333
0	1292
0	897
0	318
0	42
0	36
1	62
0	36
0	1114
0	686
0	179
33	96
2	18
0	12
0	0
0	1
0	1
0	0
1	586
0	29
0	50
0	605
0	55
0	4
0	15
0	15
0	2
0	15
0	2
0	2
0	0
6	485
0	542
0	546
0	317
0	177
0	110
0	157
1	37
15	348
0	14
0	40
0	348
28	324
0	22
0	63
0	62
0	57
5	16
4	25
10	19
0	22
0	36
0	27
0	39
0	2
0	3
0	2
0	3
0	3
1	386
0	652
3	242
0	265
0	573
0	563
5	570
0	615
0	635
0	645
0	637
0	614
0	637
0	629
0	614
0	640
0	631
0	634
0	620
0	430
5	392
0	298
0	186
179	911
0	911
13	0
0	8
0	1
0	14
0	14
1	3
0	4
0	6
0	4
0	2
0	6
0	14
0	3
0	4
0	4
0	14
0	1
0	12
0	7
0	11
2	733
2	67
0	33
8	79
0	711
1	0
0	0
0	2
0	1
0	1
0	0
0	0
0	0
0	0
0	0
0	0
0	1
0	1
0	1
0	1
0	1
0	0
0	0
0	1
2	32
0	1
0	1
4	44
165	329
3	329
122	573
0	573
1	406
0	0
0	0
0	0
0	0
16	465
7	465
0	1
2	1
0	1
0	0
0	108
1	93
0	86
0	101
0	90
0	96
0	99
0	69
1	49
0	15
4	27
0	15
0	355
4	1
7	163
0	344
4	488
0	328
0	297
0	16
0	467
0	1583
1	6
5	1250
0	85
0	1327
0	103
16	581
0	834
0	84
0	1031
0	771
1	96
0	577
2	604
0	86
2	924
0	1151
0	64
4	1146
0	5
0	8
0	1
0	11
0	12
0	7
0	5
0	5
0	6
0	5
0	3
5	14
0	8
0	5
0	2
0	2
1	2
0	0
0	0
0	89
12	7
0	7
0	18
0	18
0	17
0	17
0	4
0	16
0	17
0	17
0	17
0	17
0	2
0	17
0	2
0	1749
0	1791
0	1815
0	1832
12	1642
2	1756
0	1730
0	1558
0	1567
1	1521
0	1413
0	242
4	4
0	258
0	226
0	174
0	31
0	1420
0	1422
0	1480
0	1235
0	1390
0	1407
4	1409
0	1189
0	1306
4	1375
7	925
1	200
0	134
0	129
0	46
0	119
0	140
0	129
0	67
3	29
0	63
0	20
0	47
0	61
0	37
33	24
0	0
0	32
5	196
0	182
0	9
0	121
0	116
1	121
0	8
0	7
0	7
0	7
0	0
0	0
0	1
7	228
0	309
0	6728
213	6816
1	207
0	49
0	441
0	326
2	1878
7	762
4	245
2	681
0	415
3	482
1	2
1	409
0	103
0	4
0	9
0	7
0	7
0	2
0	0
6	1916
1	1649
0	1716
0	1715
0	1716
0	1729
0	1732
1	1514
0	1595
4	1664
0	1711
0	1814
0	1250
0	1624
0	1607
0	1679
0	987
0	929
0	1657
0	1658
0	1457
0	1725
0	1389
0	1037
0	1087
0	125
0	403
0	4
0	7
0	0
0	7
0	1
0	3
0	254
0	333
0	228
0	252
0	244
0	338
1	197
0	258
0	0
0	0
0	0
0	16
0	64
3	14
2	0
3	64
0	1
0	0
0	1
0	0
0	1
0	0
0	1
0	22
0	105
0	47
2	224
0	10
0	574
9	615
0	620
3	76
0	335
0	37
0	43
1	9
3	61
9	6
0	35
0	81
0	17
0	29
0	67
0	56
18	65
1	29
0	29
0	107
0	98
0	39
0	8
0	30
11	30
0	17
0	0
0	39
0	2
0	2
0	1
0	1
2	0
0	3053
0	3108
11	3038
0	3161
14	2716
0	1704
16	1256
3	20
1	104
0	233
0	22
0	22
0	2
0	3
0	1
0	3
0	2
0	1
0	2
1	4
0	1
65	986
0	626
0	452
18	393
1	131
0	474
0	49
1	103
1	385
0	340
0	386
59	72
12	386
0	370
10	223
13	101
3	155
0	296
0	110
0	249
1	199
0	233
0	111
0	123
0	106
0	166
2	140
666	146
7	146
0	185
0	2
0	2
29	1
0	0
67	260
1	16
2	242
0	23
0	41
0	37
0	15
0	13
0	10
0	3
0	1
1	4
0	4
0	2
0	2
0	2
0	0
1	3
0	2
1	0
0	0
0	0
0	1
0	0
0	1
0	1
0	1
0	2
0	0
0	0
0	0
0	2
0	0
0	0
0	4
0	1
0	0
0	0
0	4
1919	308
6	256
15	50
6	56
626	0
0	0
448	412
3	84
10	121
0	183
9	23
0	40
2	136
1	0
37	476
0	476
0	87
2	27
0	33
0	1
0	1
0	1
0	0
0	0
0	1
0	1954
0	1226
3	503
0	559
9	368
0	299
14	244
0	227
0	1916
1	64
4	102
0	35
0	61
5	348
0	44
1	342
66	239
0	197
0	25
6	145
7	74
0	38
321	95
0	56
7	39
0	1014
3	578
1	495
0	62
0	506
0	1031
0	30
0	15
0	26
4	51
0	209
0	42
190	0
9	466
1052	465
7	77
0	1
0	0
0	6
0	0
8	7
0	2
1	0
1	17
0	11
0	14
0	13
0	3
0	8
717	96
1	46
0	50
3	1290
0	1290
0	1293
0	433
1	345
0	72
0	149
0	54
0	14
0	15
1	15
0	216
1	201
0	25
0	208
0	119
1	190
0	28
2	40
7	230
0	40
2	25
0	38
385	429
1	111
0	141
0	23
0	23
4	11
0	4
16	123
0	0
0	5
0	7
0	4
0	151
12	98
0	841
523	1005
0	887
0	215
0	2
0	0
0	0
0	0
0	0
0	0
0	0
0	0
0	0
5	97
18	118
3	92
0	1023
0	1034
0	1022
0	149
1	28
0	147
13	55
0	1014
0	779
0	801
0	805
0	801
0	426
0	30
0	9
0	9
0	8
0	10
0	7
17	7
5	1
1	1328
2	1151
242	1317
0	1266
33	919
0	104
594	185
0	185
1	18
0	23
0	157
0	19
1	75
22	75
2	7
0	7
0	1
0	483
0	160
0	483
0	0
0	0
0	0
0	0
0	0
0	0
0	0
0	0
0	0
0	0
0	0
0	0
0	0
0	0
0	0
0	0
0	0
0	0
0	4
0	4
0	4
1	2
0	0
0	14
122	45
0	29
0	28
0	13
0	21
0	30
0	28
256	0
0	6
0	3
5	6
0	1
0	2
0	0
0	3
0	2
0	78
0	78
0	74
0	77
0	78
0	78
0	77
0	77
0	77
0	77
0	78
0	41
0	20
0	69
0	31
0	38
0	37
0	38
0	39
0	38
0	37
0	37
0	39
0	38
0	33
0	38
0	39
0	34
0	35
0	38
0	38
0	68
0	69
0	67
0	69
0	67
0	65
0	68
0	73
0	16
0	3
0	0
0	16
2	56
0	8
0	6
0	5
0	45
0	0
0	2
0	1
0	9
0	2
2	7
0	10
0	2
315	0
3	312
0	127
2	318
8	1400
17	1544
16	1922
12	176
0	345
0	762
0	353
0	336
0	350
4	322
0	68
1	11
1	150
12	150
9	105
0	77
0	769
0	644
0	577
0	732
4	494
0	494
0	587
0	587
0	587
0	642
0	716
0	666
0	718
0	408
0	560
0	591
4	699
0	596
0	559
0	577
0	483
1	44
0	212
0	446
0	476
0	405
0	389
12	31
0	419
0	421
0	24
0	177
0	127
0	180
0	156
0	26
0	34
0	18
0	29
0	60
0	21
0	741
0	1465
0	869
0	1222
0	1670
0	10
0	805
0	842
0	610
1	644
0	277
0	100
32	317
0	596
0	365
1	127
3	668
4	262
0	668
0	662
5	3
0	3
8	36
0	1
0	33
0	4
0	0
0	1
0	0
0	1
0	1
0	0
0	1
0	1
32	946
4	118
0	517
21	247
9	722
0	738
0	22
0	4
0	22
341	2275
7	1594
21	2221
0	181
11	167
21	407
2	8
11	14
32	3
11	17
0	540
240	1425
5	272
0	51
1	652
0	171
0	199
0	1369
0	65
3	127
9	895
0	76
6	24
41	165
2	72
0	8
0	20
6	30
0	50
0	34
0	44
0	2
0	60
0	50
0	24
0	0
0	0
0	0
0	0
0	0
14	302
0	263
3	166
0	206
2	141
5	1
0	46
2	30
0	40
1	0
0	29
8	25
0	1
0	0
0	1
0	0
0	1
0	1
0	1051
2	170
1	212
1	656
0	2049
0	2011
0	1891
1	2100
10	2070
2	2008
0	1362
0	2059
0	82
0	2016
1	995
0	1303
0	6
0	49
0	62
5	1322
0	1319
0	0
1	242
0	32
0	71
0	399
0	397
0	46
2	59
0	118
2	378
3	48
0	389
0	133
2	47
1	79
9	4
0	48
1	33
1	15
0	10
4	58
7	150
35	124
1	111
1	114
6	53
0	70
0	94
2	51
0	46
1	39
1	37
37	42
0	33
0	28
0	22
0	22
0	14
0	21
1	12
0	0
0	0
0	0
0	9
0	9
0	9
0	9
0	3
0	0
0	0
877	107
1	107
0	169
18	205
4	37
0	132
0	2
7	0
0	0
0	0
3	465
0	1808
7	1776
0	867
10	1047
0	1695
0	551
0	1230
3	44
2	225
55	1015
1	920
0	194
0	319
110	166
0	104
0	78
0	55
0	0
0	1
0	0
0	1
0	1
0	0
0	0
0	0
0	126
1	766
0	730
5	753
0	581
0	237
0	438
0	336
8	452
0	54
0	135
0	57
0	77
0	291
0	351
1	80
0	648
0	24
0	430
6	1007
357	1007
2	90
0	97
0	77
1	0
20	161
198	417
0	330
10	59
3	23
0	443
0	418
0	417
0	374
0	412
7	123
0	157
0	52
0	22
0	0
0	0
0	0
0	227
0	226
4	229
3	5
0	24
0	29
3	27
0	29
0	17
0	32
0	82
0	65
0	50
0	45
1	28
6	26
0	3
0	31
3	32
0	28
0	26
0	0
0	17
1	9
0	8
1	87
0	314
0	45
0	15
0	64
0	316
0	315
0	8
0	29
0	53
0	320
0	320
0	62
0	45
0	57
0	64
0	66
0	1
0	4
0	2
0	0
0	4
0	5
0	94
0	7
0	7
0	7
0	5
0	11
0	11
0	9
0	5
0	2
146	1041
11	955
9	754
9	826
1	243
0	576
0	519
19	610
1	138
1	108
287	567
0	332
0	568
1	157
0	4
0	26
0	212
0	3
0	191
118	523
0	523
6	6
4	128
2	41
11	255
2	135
12	180
9	104
1	11
24	127
9	2286
0	202
3	215
3	946
0	95
1	2278
3	2291
7	320
0	319
0	192
1	87
0	178
0	179
0	153
0	10
0	35
1	38
3	179
282	246
0	29
0	17
2	210
0	6
0	16
0	140
0	205
4	232
0	241
0	533
0	690
0	728
0	642
37	957
0	1007
0	975
0	940
0	958
0	1001
0	1002
1	988
0	988
0	927
0	959
1	997
0	990
0	734
0	46
1	255
0	224
0	201
0	166
0	180
1	185
0	169
0	57
0	49
0	45
0	45
0	625
0	611
4	580
4	356
0	620
0	318
0	24
3	42
0	19
7	78
0	4
0	4
0	2
0	2
0	1
0	2
0	2
0	2
2	2
1	0
0	1
0	0
0	0
1	1
0	2
0	2
0	1
1	65
1	156
41	156
0	28
1	115
0	5
0	5
0	4
0	0
0	3
0	3
0	0
0	1
0	0
0	0
0	0
0	0
0	5
0	13
0	3
0	5
0	4
0	3
0	14
0	4
0	1
0	1
0	0
0	14
0	202
0	1003
19	1003
0	1
0	1
0	1
0	0
0	72
0	121
0	122
0	122
0	121
0	2
0	93
1	62
8	29
0	10
0	12
0	8
2	33
0	17
9	331
0	325
0	58
1	41
3	39
1	13
5	1
0	11
0	16
72	65
0	65
1	22
0	857
0	857
0	857
0	848
0	0
0	858
0	857
0	857
0	837
0	465
0	34
0	36
0	202
0	97
0	183
0	222
0	224
0	217
0	228
0	842
0	858
0	854
0	847
0	844
0	846
0	840
0	870
0	858
0	860
0	853
0	853
0	817
0	114
0	148
0	815
0	873
0	855
0	842
0	864
0	858
0	852
0	730
0	854
0	837
0	33
0	837
0	857
0	857
0	242
2	220
0	863
0	723
0	743
0	868
0	858
0	854
0	860
0	849
0	800
0	859
0	232
0	189
0	845
0	840
0	846
0	840
0	810
0	854
0	733
0	844
0	859
0	713
0	848
0	819
0	710
0	848
0	839
0	862
0	796
0	730
0	859
0	836
0	850
0	859
0	845
0	816
0	859
0	841
0	38
0	4
2	4
0	85
7	877
0	1027
0	1041
0	1007
25	183
0	225
0	1027
4	1022
0	996
0	874
0	1005
0	871
0	152
1	221
0	389
1	208
0	200
0	85
0	185
0	93
0	61
0	28
2	6
2	0
2	28
0	81
0	81
1	81
0	1
0	0
0	0
336	1166
4	1112
23	113
6	102
1	230
4	133
0	80
0	102
0	707
1	54
2	705
11	91
0	61
0	49
1	289
25	299
0	306
0	147
0	310
0	303
0	83
2	22
0	262
0	283
0	292
0	37
1	198
0	2
0	4
0	276
0	121
0	42
0	2
0	287
0	296
0	66
0	256
0	162
0	45
0	64
1	20
0	33
0	3
0	3
0	0
36	185
0	186
0	89
0	36
0	21
0	9
0	6
0	3
0	3
0	3
0	3
0	4
0	3
0	3
0	60
0	890
1	191
2	12
0	892
0	714
0	17
0	69
1	410
0	8
2	92
0	143
0	80
5	12
0	41
0	836
0	824
0	1667
0	135
0	288
0	1705
0	326
0	811
0	209
4	1082
5	265
0	0
717	0
0	225
3	53
0	8
0	15
1	13
0	9
0	5
0	5
2	9
0	0
1	224
0	26
0	0
159	0
5	0
59	0
0	68
3	402
0	474
7	39
12	22
0	212
0	335
0	392
0	71
0	77
0	177
0	419
38	450
16	33
0	51
0	86
35	343
5	132
0	741
0	741
0	747
0	714
0	77
17	0
0	33
0	0
0	0
0	62
0	50
1	50
15	66
0	11
0	46
2	39
0	10
0	0
0	49
11	14
0	46
5	62
1	25
2	449
1	30
4	21
0	67
0	75
0	544
0	617
2	258
0	392
0	405
0	146
0	85
4	10
0	286
8	170
0	150
0	99
3	209
0	110
1	102
0	77
7	118
0	115
0	11
0	46
0	97
0	58
0	4
1	8
0	1
10	75
0	2
0	19
0	126
0	9
0	3
0	6
0	0
0	944
0	941
0	925
4	945
6	942
5	8
6	51
0	51
0	45
0	20
0	8
0	106
9	101
0	67
0	37
1	34
4	308
0	442
23	455
0	490
0	487
0	496
0	169
0	11
0	155
0	244
1	110
1	172
7	114
0	338
16	10
0	339
0	251
81	614
0	320
212	320
0	1
0	724
0	706
13	638
0	622
17	205
0	448
0	288
190	31
0	46
0	31
19	88
0	74
1	121
1	171
0	8
12	0
5	2
20	4443
0	10172
0	8870
0	10809
1	8001
34	13714
35	13717
0	6920
0	13741
0	10696
0	9850
1	9709
16	6148
0	1731
188	137
2	137
0	90
0	93
0	140
0	536
0	167
0	153
0	574
3	50
0	514
0	79
0	62
0	101
0	106
2	4
0	541
7	98
0	433
1	12
0	107
1	168
0	185
0	189
0	94
1	114
0	135
0	157
0	201
2	131
0	119
0	72
0	7
0	15
1	7
1	5
0	6
0	4
0	0
0	1
0	0
0	1
0	1
0	0
0	1
0	0
0	1
0	16
0	192
0	191
11	110
0	193
0	162
0	207
0	147
0	168
0	139
0	200
0	196
1	70
0	37
0	70
0	30
0	196
0	70
0	196
0	183
0	191
0	191
0	133
1	72
0	127
0	101
55	502
10	455
0	215
15	248
1	186
0	30
60	87
7	2
0	0
0	0
0	0
0	0
0	0
0	0
0	0
0	0
6	17
2	4
3	879
0	835
3	698
0	399
0	502
0	98
0	87
0	4
13	24
0	3
0	8
0	50
0	14
0	14
0	13
0	25
0	44
0	53
0	198
0	226
0	231
312	246
0	227
0	35
2	36
0	24
0	24
4	2
1	14
0	2
0	12
0	10
0	8
0	10
0	3
0	9
0	8
0	2
0	1
0	174
0	156
0	136
1	34
0	133
0	179
0	0
0	0
0	0
0	0
642	517
0	150
4	130
0	139
0	159
0	106
0	106
0	83
0	0
0	0
0	0
0	0
0	0
0	58
0	6647
7	5635
0	219
0	287
18	841
3	4138
0	3119
91	2955
7	6608
38	35
0	2
1	35
0	1
0	0
0	0
0	1
0	0
0	0
0	0
0	0
0	0
30	2594
0	156
11	14
24	70
0	2560
0	1630
0	77
3	1364
0	132
1	0
0	202
0	165
0	1034
0	812
0	16
3	381
1	73
3	141
1	65
0	402
0	40
1	0
4	8
0	251
0	26
2	241
0	16
0	16
0	5
2	244
4	18
0	166
3	19
0	19
0	19
0	114
0	40
0	29
0	28
0	25
0	51
0	32
0	15
0	114
0	26
0	25
0	23
0	78
0	3
0	28
0	11
0	7
0	17
0	13
0	14
0	33
1	17
5	8
0	4
0	5
0	27
51	1223
2	1186
4	1191
0	1169
0	877
8	135
3	79
0	555
2	34
0	58
0	156
4	33
0	128
8	2
0	98
0	93
5	69
2	7
0	6
0	5
0	66
0	65
0	73
0	73
0	15
0	227
0	220
0	201
1	217
97	2
0	2
0	4
3	4
0	0
0	0
0	0
0	1
0	1
0	0
0	1
0	1
0	1
0	1
0	0
0	0
0	1
0	1
0	0
0	0
11	109
0	109
0	1
0	97
0	98
0	32
0	7
5	24
0	26
67	70
0	19
0	2
0	5
0	0
0	5
0	5
0	5
0	5
0	5
0	5
0	1567
0	1251
0	1306
0	0
8	1574
0	1255
0	1580
0	1574
0	1313
0	100
0	89
0	1248
0	1573
0	1335
0	1311
0	77
0	1280
7	121
0	158
17	1166
3	272
2	422
1	176
0	247
90	179
0	127
0	96
0	76
0	107
1	30
0	44
0	0
0	0
0	782
10	710
0	775
0	371
0	126
0	175
0	78
0	76
0	72
0	71
2	81
0	56
0	34
0	16
0	16
0	16
0	16
0	30
0	24
0	23
0	23
1	23
32	23
0	8
0	777
1146	447
0	141
0	86
0	220
0	7
0	108
0	43
0	253
0	240
0	154
0	234
30	215
0	235
0	234
0	233
0	162
1	71
4	0
23	455
3	417
0	333
1	305
8	305
1	164
1	14
0	35
31	307
0	283
0	314
0	33
0	22
0	12
0	25
0	21
1	12
3	5
1	178
0	315
0	2
0	21
0	20
0	21
0	19
0	0
0	4
0	4
0	0
0	0
0	0
0	0
0	0
0	0
0	0
0	287
15	22
0	303
0	22
0	55
0	304
0	21
0	1
0	23
1	15
0	299
0	299
0	228
0	59
0	16
0	304
13	9
9	287
0	13
0	8
0	9
0	9
0	0
0	1
0	0
0	1
1	1
1	133
0	63
0	56
0	1
0	58
0	57
0	111
0	122
0	123
0	124
0	99
0	18
0	88
0	95
0	70
0	87
0	53
0	41
0	24
0	38
0	35
0	18
0	4
0	18
0	36
0	31
0	29
0	16
0	0
0	0
0	0
0	10
0	10
0	19
0	13
0	10
0	0
0	0
0	0
0	2
0	0
0	0
0	0
0	1
0	1
0	18
0	0
0	0
0	0
0	0
0	0
0	0
0	0
0	1
4	2004
0	1684
0	1684
0	1555
3	1230
0	1285
3	1258
2	1542
0	829
2	0
2	369
0	366
0	50
0	44
1	43
0	25
0	18
0	3
2	4
1	21
0	44
0	46
1	2
1	6
0	2
0	10
0	10
2	0
0	0
0	0
0	0
0	1
0	1
0	0
0	0
0	1
0	1
0	1
6	650
1	10
0	57
0	53
1	44
0	450
2	17
0	12
0	36
1	2
1	4
0	7
0	56
0	43
0	50
1	23
0	650
0	211
3	270
16	262
19	1021
0	17
0	42
0	989
0	917
1	42
0	123
5	65
2	50
64	467
0	551
0	169
0	198
2	275
0	272
0	508
1	431
5	174
0	127
3	56
0	114
0	117
1277	373
0	373
0	268
0	0
0	0
7	71
1	156
0	159
9	159
1	155
0	65
0	68
10	638
1	638
0	14
0	451
0	394
0	24
47	4
0	4
2	0
40	168
0	156
0	116
1	29
0	34
0	57
0	27
0	26
0	25
0	15
11	8
0	16
0	25
0	24
0	112
0	113
0	19
0	30
0	25
1	5
5	3
19	0
0	1022
0	1104
0	1094
0	304
0	220
0	123
0	1
0	4
0	4
0	0
0	4
0	0
0	0
0	0
0	0
0	1
1	5
1	2778
66	1583
1	2761
0	2808
9	1760
0	1975
3	446
1	488
3	344
3	135
1	0
0	0
0	0
0	0
0	6
0	0
0	3
0	5
31	20
0	5
0	0
0	1
0	5
0	9
0	3
0	3
0	237
0	254
0	277
0	238
0	277
0	197
0	254
0	266
14	278
0	269
0	254
0	219
0	254
1	229
0	222
0	253
0	277
0	254
0	247
0	260
0	258
0	230
3	280
0	271
0	265
1	267
0	272
0	290
0	277
0	254
0	219
0	242
0	267
0	283
3	238
0	79
0	24
0	43
22	86
0	34
0	35
0	44
8	43
0	34
0	32
0	0
0	0
0	0
0	0
0	0
0	0
0	0
0	0
0	0
0	0
0	217
0	259
0	263
0	265
2	188
5	54
0	130
0	78
1	41
1	48
0	45
0	127
0	127
0	127
0	25
0	25
0	11
0	14
2	7
1	7
0	66
0	613
0	13
8	991
0	92
0	829
0	85
0	47
0	22
0	380
0	21
1	16
1	362
0	118
534	188
1	10
0	6
13	13
0	174
0	273
1	465
0	382
0	837
0	872
0	840
0	1018
0	1059
0	1027
0	1024
0	1033
0	1059
0	15
0	233
0	143
0	0
1	234
0	167
0	157
0	134
108	0
0	4
0	2
0	1
0	1
0	3
1	3
0	2
0	0
0	1
5	0
0	0
0	0
0	0
6	3
0	0
0	0
0	0
0	0
0	15819
1	23424
0	24086
1	15754
8	15797
1	15798
82	15753
0	23635
20	22091
0	22977
4	21424
0	23468
0	23755
68	22208
7	23214
3	22526
1	22897
0	22712
0	23406
0	23006
1	22970
0	24146
0	24416
0	12237
0	16486
0	24223
0	24312
0	23884
0	11395
0	16327
0	15939
0	23646
0	16614
0	16226
0	24037
0	24307
0	23596
0	16553
0	24019
0	24491
0	16022
0	16514
1	16148
0	15751
0	24309
0	16718
0	23556
0	15901
13	11893
1054	589
0	273
0	165
1	153
0	144
0	7
9	20
0	50
0	50
0	52
0	60
0	24
6	24
0	58
11	52
0	60
0	17
0	1
2	23
1	2
0	56
61	853
0	850
1	70
0	9
0	68
0	205
0	107
0	226
0	32
0	850
0	143
0	38
0	54
0	28
2	151
0	73
0	162
0	1815
6	1279
0	2989
0	3040
0	3070
0	194
0	814
7	907
0	954
1	1893
0	2579
0	2631
2	2624
2	2835
0	2828
0	2853
0	2945
0	2950
0	3019
0	2969
0	2997
0	3077
0	558
0	1765
0	462
0	2989
0	682
0	2966
0	2915
0	186
0	3002
0	517
0	42
0	193
1	325
0	208
0	103
0	99
0	117
0	323
2	387
0	82
0	100
0	14
0	301
0	291
0	248
0	174
0	178
0	0
0	112
0	73
187	1611
16	1505
33	503
1	238
4	175
0	534
0	135
77	1436
1	30
3	190
31	908
0	959
1	10
0	109
3	72
0	71
0	616
0	1436
81	0
0	0
4	0
0	8
0	1
0	8
0	14357
0	14357
155	12474
0	14844
16	13048
0	296
7	1716
5	891
1	2130
2	2095
0	2015
17	1589
0	5053
0	1452
1	3197
0	1379
4	2963
4	470
0	298
0	1029
0	986
0	970
4	1168
0	1136
0	1542
0	1062
0	1166
12	1166
1	620
0	424
0	680
0	0
0	0
0	0
2	26
0	6
0	23
0	24
0	24
4	29
0	23
0	3
1	5
1	5
1	7
0	1
1	2
0	0
1	0
0	5
0	1
0	5
0	19
0	146
0	22
6	5
4	35
0	18
1	29
7	16
3	27
0	36
0	136
7	131
0	48
15	85
5	14
2669	4911
1	864
12	1313
0	913
0	1040
36	4307
1	4349
3	2952
0	2099
10	1577
1	1221
0	429
2	507
56	733
0	6249
0	6316
0	6144
0	6237
2	5849
0	6182
0	6150
0	6083
1	6083
1	6052
0	2932
0	3159
1	6117
35	5861
0	6348
0	5988
2	5960
0	6119
0	5830
11	1365
0	1552
2	2822
0	2940
0	3128
0	3033
0	5991
0	6038
1	5920
0	5841
0	6352
0	6112
1	6074
1	5854
0	5971
0	6037
2	1619
0	688
0	321
1	937
0	1422
0	475
1	192
0	718
0	690
4	387
0	716
1	469
1	450
1	399
0	403
0	343
1	210
0	25
0	0
186	454
9	180
0	127
30	374
0	377
0	1343
0	4
27	166
0	1481
1	1592
0	1526
0	1672
0	1528
0	1460
1	110
2	95
5	269
3	697
0	262
2	210
61	304
0	163
65	101
0	270
15	208
0	212
0	163
1	160
0	22
0	3
0	1536
132	1288
1	989
3	1256
0	567
0	245
0	188
2	4
15	18
3	18
0	18
305	498
0	374
12	111
0	325
0	139
408	193
0	52
0	95
0	150
0	0
0	0
0	0
0	0
3	17
1	13
0	16
1	12
9	4
1	1074
0	1069
0	1077
11	1037
0	957
6	151
0	779
0	31
0	26
0	21
1	162
0	1
0	104
0	98
2	65
0	31
0	89
7	92
0	85
1	18
0	72
4	35
1	46
11	28
0	11
1	77
1	0
193	263
2	252
0	144
4	14
0	0
1	212
67	1073
0	483
2	109
6	818
7	4232
0	1143
6113	7129
0	177
5	998
0	1145
0	307
2	3924
2	138
0	937
2	547
1	272
0	5
0	197
0	635
0	464
0	178
0	1104
0	796
0	1255
0	777
7	396
2	494
0	261
0	306
22	402
61	1082
0	385
0	593
0	407
0	26
5883	819
20	391
2	562
0	1
2	0
5	0
0	48
0	842
0	858
3	182
9	131
16	119
0	119
18	49
0	0
0	1
0	1
0	1
0	1
0	0
0	0
0	0
0	0
0	1
0	1
0	1
0	1
0	1
0	0
0	1
0	1
0	0
0	1
0	1
0	1
0	1
0	1
0	0
0	1
0	1
0	0
0	1
0	0
0	1
8	329
53	329
0	0
0	0
1	2453
0	1900
0	1780
0	2203
0	2453
0	2225
0	1760
0	2207
0	1948
37	2132
0	1365
0	1013
0	1492
7	1524
0	1376
24	9
0	4
0	8
0	2
0	6
0	5
0	3
0	2
1	0
0	230
1	571
0	482
5	298
0	342
2	304
2	367
0	0
0	0
0	0
0	0
0	0
0	0
0	0
7	120
0	103
1	0
0	0
0	0
0	0
0	0
0	1
0	9
0	8
0	1
0	2
0	1
0	1
0	4
0	1
11	165
1	472
0	472
0	476
0	4
0	161
0	2
0	20
1	750
0	977
5	960
1	673
14	326
1	2090
0	2114
1	2093
0	735
0	390
0	432
1	215
0	165
0	144
0	61
1	14
5	1392
0	1400
0	572
0	807
0	179
0	148
0	105
0	37
0	104
6	38
0	132
0	81
1	41
0	67
0	330
0	269
0	42
0	42
0	339
0	339
0	82
0	0
0	0
0	87
0	241
0	244
0	213
0	7
0	11
0	57
10	27
0	28
0	241
0	87
0	0
0	0
0	0
1	112
0	113
0	99
0	125
1	43
0	46
0	178
0	31
0	37
1	56
0	83
5	165
0	141
0	69
6	66
0	14
0	0
0	0
0	0
0	0
0	0
0	0
0	0
0	0
0	0
66	137
0	52
1	94
0	58
0	2
1	6
1	12
0	6
0	1
0	100
4	100
0	12
0	1
0	623
1	446
0	620
2	575
0	575
0	546
0	147
0	191
0	163
0	71
0	57
7	14
0	100
0	34
0	28
0	3
0	1
0	0
0	34
4	110
1	28
0	36
0	106
0	50
0	37
0	51
0	0
0	0
0	0
0	0
0	0
0	0
0	0
0	0
0	0
0	577
0	1
0	642
0	575
0	481
0	635
0	624
0	575
0	347
0	409
0	450
0	24
0	492
0	485
0	499
0	516
0	507
0	536
0	496
5	440
0	492
0	199
0	400
8	308
3	181
0	78
0	372
0	51
0	140
0	199
0	113
0	72
0	84
0	108
2	47
0	11
0	9
1	107
0	168
0	172
0	139
0	37
1	35
0	67
0	110
0	66
0	43
0	45
0	36
0	66
0	21
0	10
0	63
0	35
0	0
0	1
0	1
4	12
28	231
17	153
3	5
5	200
1	151
0	91
0	40
1	60
0	58
0	56
0	47
0	46
0	0
0	344
0	107
1	345
0	19
0	4
0	3
0	8
0	6
0	2
0	293
0	469
0	425
0	467
0	493
0	466
0	475
0	434
1	442
0	413
0	474
0	456
0	250
0	392
0	429
0	426
0	284
0	120
0	296
11	289
0	227
0	170
0	191
0	219
0	168
0	189
0	265
0	238
31	319
0	228
0	221
0	231
0	235
0	187
0	264
0	292
1	292
0	106
0	178
0	248
0	288
0	81
0	292
0	252
0	255
0	164
0	239
0	154
0	251
0	278
0	204
0	238
0	92
0	208
0	169
0	257
0	94
0	219
0	198
0	202
7	154
0	239
0	42
0	259
0	145
0	226
0	226
0	225
0	211
0	174
0	41
0	36
0	19
0	37
0	20
0	55
0	52
0	12
0	29
3	3
0	3
0	16
0	4
0	0
0	0
0	0
0	0
0	0
0	0
0	50
0	54
0	54
0	52
587	0
0	0
0	1
0	1
0	1
0	0
0	1
0	3513
4	32
7	853
0	1313
0	298
4	1386
0	3455
0	3492
0	3489
16	1311
0	3467
0	3494
0	1389
0	705
0	1155
0	3455
7	1298
0	306
7	123
0	178
0	1585
0	287
0	90
4	231
22	911
0	225
0	131
1	1863
20	1652
0	124
0	161
236	262
0	200
6	130
1	32
1	267
0	688
2	696
0	360
0	463
0	564
0	676
1	534
2	161
0	36
1	43
0	13
0	3
0	73
2293	4609
4	737
27	61
0	339
2	280
1	1169
14	3198
0	1893
0	7
0	3840
0	3819
0	2759
1	2748
0	2299
0	3922
1	2342
0	2055
0	1973
0	1991
218	1715
3	562
71	578
2	472
0	632
0	621
2	429
0	599
0	599
0	47
15	159
0	6
0	16
0	171
28	34
0	286
0	134
1	154
9	141
0	1
0	1
0	1
0	1
0	0
0	0
0	0
0	0
0	0
0	30
348	184
3	20
1	108
0	120
0	38
0	68
0	69
0	48
0	398
0	165
0	294
1	386
0	132
1	125
0	104
0	196
0	172
2	388
0	139
0	249
0	81
0	82
0	101
0	138
0	143
0	307
0	130
1	192
0	345
0	271
1	49
4	103
1	113
0	40
3	37
0	18
1	121
138	1274
0	146
1	142
0	134
0	152
38	932
0	160
0	161
0	144
1	68
0	71
844	12
5	0
169	1583
4	453
18	524
0	178
0	1487
0	111
4	481
2	214
0	64
87	151
66	1073
14	1073
6	10
117	137
2	137
11	0
5	274
0	45
0	45
1	44
1	274
42	926
0	1426
0	1319
0	1203
0	1152
0	140
2	546
1	743
0	211
0	60
7	147
1	74
0	102
30	102
0	11
16	254
0	152
2	241
1	46
0	0
3	90
0	23
1	0
33	491
0	418
0	54
0	34
0	488
0	23
0	44
0	412
0	10
0	21
0	39
1	54
0	274
0	99
0	12
0	48
0	0
0	0
0	3
0	0
0	0
0	3
0	0
0	3
0	1
0	0
0	3
0	3
0	0
0	0
0	0
0	0
0	0
0	0
0	1
0	0
1	0
0	1
0	0
0	1
0	0
0	0
0	0
0	0
0	0
0	1370
0	1002
0	886
0	211
0	352
0	77
0	1
0	63
0	63
0	46
0	35
2	37
0	5
7	578
0	566
0	583
64	546
3	374
0	160
0	57
1042	474
1	405
1	422
1	116
0	51
0	0
0	0
0	0
1	0
0	0
0	1333
0	778
0	577
2	579
5	743
0	641
0	653
2	135
0	363
0	271
2	318
0	159
0	56
0	50
0	140
0	0
0	98
3	61
2	102
0	85
0	77
0	100
0	78
0	1183
9	110
1	110
58	248
6	275
2	173
0	346
3	355
1	63
0	28
0	32
1	24
3	13
3	14
4	1
0	2021
0	1950
0	1874
4	850
3	857
15	1667
0	69
8	120
0	137
3	4
0	181
0	176
0	42
0	112
0	317
0	92
0	74
0	85
0	86
0	79
0	73
3	67
0	62
0	733
0	830
0	286
0	500
0	545
0	428
1	268
0	347
2	346
0	233
1	15
0	114
0	42
0	34
0	33
1	0
0	1475
0	1464
0	244
0	144
0	148
0	202
1	103
0	358
0	320
7	24
9	1647
0	1711
4	1711
6	125
0	757
18	13605
0	344
0	2240
0	2279
0	2970
0	3415
0	3677
0	7002
0	4517
0	1843
0	330
0	1846
0	1043
0	2893
0	4257
0	4330
35	4256
0	7028
0	10579
0	5983
36	11448
5	7072
3	1167
0	2221
0	4767
31	1613
0	11230
50	677
3	3957
0	7275
2	3084
0	1931
13	1722
0	2846
0	32
0	0
0	4
0	4
0	252
0	42
0	180
0	42
0	252
3	42
0	197
0	287
0	309
30	349
0	331
0	336
0	234
0	337
0	204
0	207
0	173
1	87
0	9
0	20
0	82
13	46
0	60
0	22
0	19
0	36
0	34
1	19
0	4
2	0
0	0
0	0
0	0
0	217
0	9
0	158
0	196
0	204
0	206
0	153
0	42
1	81
0	49
0	44
1	90
1	11
0	49
92	1890
1	1890
1	75
0	61
0	476
0	424
2	457
0	419
0	416
0	412
0	48
0	29
0	74
0	94
0	233
0	61
0	143
0	41
0	48
0	41
0	27
0	29
0	0
0	452
2	1107
0	994
0	1066
0	921
5	1061
4	1101
1	121
2	56
0	102
0	512
10	438
1	372
0	177
0	71
0	72
0	72
0	51
0	60
0	0
0	3
0	2
0	2
0	2
1	3
1	2
0	1
0	2
0	0
0	2
0	531
8	561
0	432
0	66
0	1
0	1
0	1
0	0
0	0
0	0
0	0
0	0
0	15
0	55
3	51
0	11
0	4
0	7
0	7
0	12
3	213
1	267
0	440
3	198
30	35
0	68
0	64
0	33
0	18
0	16
0	20
0	21
1	11
0	4
0	0
0	0
0	0
0	0
0	0
4	20
0	5
0	7
0	11
3	14
1	13
4	4
3	1
0	1
9	228
0	410
2	458
0	420
0	433
0	53
4	374
0	140
0	50
0	44
1	60
0	4
2	31
0	32
0	32
0	2
0	16
0	10
0	4
1	0
0	371
0	34
0	436
0	240
0	21
0	72
0	8
1	8
1	32
15	101
0	301
3	233
0	289
2	213
1	220
16	4
3	15
0	21
0	12
0	81
1	67
63	100
0	2
1	2
0	352
1	96
2	171
1	213
0	703
0	773
0	82
0	111
0	634
0	52
4	115
0	279
9	0
0	467
0	109
0	395
2	566
27	531
0	563
30	523
0	0
0	0
0	0
0	0
0	0
0	0
0	0
0	0
0	0
0	452
0	35
0	38
0	2
0	15
0	35
27	113
0	285
0	31
0	47
0	51
0	232
0	15
0	196
0	320
0	0
2	12
0	36
0	31
0	411
17	38
0	35
0	39
0	58
0	109
5	74
14	76
0	92
0	0
0	0
0	0
0	0
0	0
0	0
0	0
0	0
1	0
0	0
0	0
1	6
0	6
0	2
0	1
1410	722
0	660
0	313
0	471
0	312
1	233
0	371
1	368
17	364
2	5277
2	7014
12	16026
0	16408
0	9035
7	3488
2	4620
0	3059
0	1118
0	18
0	0
0	0
0	0
0	0
5	0
0	0
0	0
0	219
0	239
2	222
0	10
0	62
0	24
0	14
1	15
0	7
0	1
2	7
2	7
1	902
5	905
0	905
4	905
2	876
2	857
0	856
5	118
0	36
0	226
78	1218
0	1177
42	390
2	530
19	179
17	1218
0	1225
0	1174
2	432
1	660
0	440
0	153
0	148
0	148
0	126
1	152
136	152
0	109
2	68
0	125
1	2
0	41
2	46
0	109
0	1
0	36
0	365
0	368
0	365
0	346
0	49
0	0
0	271
0	347
0	60
0	2
0	2
1	82
0	86
0	379
0	13
0	5
0	145
0	289
0	72
0	81
0	114
1	30
0	44
0	71
0	96
0	369
1	0
0	0
0	4
0	4
0	3
0	0
0	3
0	3
0	3
0	4
0	4
0	4
341	905
2	885
55	351
0	375
0	251
0	669
0	115
0	46
0	47
3	88
2	116
0	125
0	105
0	70
0	0
37	847
0	485
0	557
0	37
4	107
0	90
0	46
0	827
9	259
0	3
2	303
10	405
0	355
0	214
3	68
0	24
0	24
0	26
0	25
0	21
0	2
0	22
0	8
0	4
0	21
0	0
0	0
2	22
0	16
0	5
0	2
1	75
3	149
0	144
0	146
0	17
0	149
235	315
0	226
0	0
0	1439
0	1500
0	761
2	157
0	0
0	0
0	388
0	184
0	61
0	23
1	154
1	106
0	204
0	110
0	140
0	63
0	156
0	297
0	19
11	148
0	99
0	24
0	0
1	0
16	170
0	29
259	189
0	54
0	38
0	33
14	26
12	26
0	3
0	728
0	582
1	807
0	470
0	237
3	139
1	170
0	18
0	18
0	0
0	8
0	7
0	18
0	18
11	15
0	1
0	10
0	5
0	21
0	87
0	110
2	88
0	3179
9	23
0	2278
3	176
0	279
1	6
2	58
0	135
0	38
0	33
0	85
2	70
0	3114
0	1379
0	1262
0	1387
0	1517
11	1324
50	1310
1	357
0	0
0	0
0	0
0	0
0	104
0	492
2	495
0	61
0	67
0	115
5	402
1	159
14	303
10	22
13	135
0	53
1	228
0	61
1	76
0	770
10	210
0	292
0	310
0	96
0	760
0	288
0	300
0	282
1	122
0	147
4	38
0	340
0	336
0	114
0	88
2	199
0	84
0	1
0	4
0	6
0	4
0	1
0	3
0	4
0	4
0	4
0	7
0	5
1	11
5	5
0	2
0	0
0	0
2	279
0	1053
2	724
3	1034
9	128
9	100
0	46
0	52
0	53
0	39
0	58
0	29
0	26
0	50
0	60
0	53
2	54
0	57
0	59
0	56
0	61
0	58
0	46
0	52
0	46
0	51
0	59
1	52
0	38
0	49
0	47
0	47
0	47
1	53
0	36
0	7
0	33
0	3
0	5
0	25
0	11
0	2
0	4
0	3
1	19
2	19
0	1
0	3
0	793
13	797
0	248
0	111
0	109
0	128
0	43
1	55
0	41
0	24
2	5
9	1
0	834
5	656
18	739
9	733
0	362
1	342
0	398
19	2316
22	2265
0	132
0	89
0	129
0	193
0	154
1	172
0	142
4	172
4	87
10	1393
0	1120
0	21
0	21
0	0
0	9
1	609
1	565
0	480
0	264
0	9
0	44
0	34
0	23
0	4
0	140
0	163
0	178
0	16
1	29
0	22
0	22
5	11
0	2
0	2
0	1
0	1
37	0
0	9
0	9
0	9
0	9
0	5
0	2
0	5
0	0
0	2
0	0
0	2
0	2
1	2
0	2
0	0
0	0
1	3
1	3
0	89
1	443
0	456
21	136
4	45
1	229
4	411
0	433
3	31
0	39
0	126
0	1
0	1
0	1
0	1
0	0
0	242
1	266
0	186
0	148
24	0
0	0
0	0
0	0
0	0
0	0
0	0
0	0
0	0
0	0
0	0
0	0
0	0
0	0
0	0
62	166
1	122
1	110
17	88
1	61
60	123
142	544
1	36
0	482
1	399
0	364
10	424
0	424
1	95
0	0
0	0
0	0
2	131
0	1138
3	905
3	259
0	953
14	604
13	787
0	440
9	200
1	253
2	196
48	774
0	87
0	695
0	30
1	664
0	664
0	52
0	151
0	157
0	20
0	81
1	40
0	136
0	24
0	16
0	32
0	33
0	18
0	93
0	21
2	12
0	29
0	11
6	18
16	1
1	44
0	179
0	283
0	54
0	63
6	277
0	282
0	281
0	126
0	132
0	129
1	4
16	236
1	223
0	282
0	281
0	1
0	1
0	0
0	151
0	153
0	95
0	24
0	26
0	15
0	17
0	3
0	0
0	3
0	338
5	359
0	329
3	42
0	54
0	25
1	3
0	35
1	13
1	6
0	6
0	2
0	1
0	3
0	4
0	742
0	684
0	679
19	315
0	308
2	81
1133	4
0	0
0	0
0	0
0	0
0	0
0	0
0	0
0	0
0	0
0	0
0	0
0	0
106	2972
60	546
0	341
1	393
290	2859
1	77
4	163
0	198
20	1080
0	3
0	4
6	22
0	11
0	7
17	0
0	536
0	522
0	423
0	78
1	526
0	400
0	388
0	34
0	502
14	38
0	75
0	39
0	39
0	38
0	37
0	29
0	19
0	3
0	1
0	0
0	9
1	4
0	8
0	2
0	2
0	1
0	2
0	2
0	2
0	2
0	2
1	2
0	2
0	1
0	0
0	0
0	2
0	2
3	9
0	7
1	5
0	530
0	503
0	407
0	15
0	34
0	21
0	62
0	29
0	264
0	26
0	231
0	36
0	20
0	27
3	60
2	102
0	39
0	39
0	47
33	7
0	7
0	564
0	478
0	395
0	479
0	423
0	480
3	476
12	273
0	144
0	135
0	102
0	64
0	89
0	61
0	16
1	32
0	2
0	2
0	0
0	2
0	0
0	2
0	0
0	0
0	0
0	0
0	0
0	0
0	0
0	0
0	0
0	0
0	0
0	0
0	0
0	0
0	0
0	0
0	0
0	0
0	0
0	0
0	0
0	0
0	0
0	0
0	107
464	269
3	234
5	207
0	117
0	142
1	28
0	156
3	682
0	94
0	68
0	161
0	708
0	636
0	88
4	212
0	651
17	200
0	247
0	93
0	272
1	189
0	0
0	5
0	5
0	5
0	3
3	2
0	2
0	0
0	5
0	0
14	164
0	84
9	19
0	14
0	13
0	5
0	9
0	94
0	172
0	164
3	60
17	84
0	49
0	1
0	21
0	21
0	9
1	11
0	1
0	91
1	27
0	89
0	0
0	3
0	3
0	170
0	447
0	1734
1	777
1	364
2	54
4	14
0	173
0	272
0	280
2	159
0	87
0	1531
0	0
0	0
0	5
0	6
0	0
0	4
0	6
0	6
0	6
0	0
0	4
0	1
0	2
0	0
0	0
0	0
0	1
0	1
0	1
0	1
0	0
0	0
0	0
0	0
0	0
0	6
11	471
0	47
0	53
4	15
3	11
76	1566
1	1277
0	1152
2	440
1	508
0	1147
13	469
16	1275
15	2204
1	2154
0	826
3	230
3	95
0	99
0	60
0	223
0	198
0	150
0	170
2	40
0	0
0	103
0	756
0	15
0	15
1	14
0	9
0	13
0	5
0	0
0	0
0	1277
22	1276
0	938
0	137
3	119
0	94
0	31
1	1
0	8
57	36
0	36
0	33
0	3
0	3
0	3
0	2
0	2
0	63
360	182
112	185
6	70
0	81
0	0
0	0
0	0
0	0
0	0
5	378
0	381
0	143
0	153
0	91
1	64
3	63
0	0
0	0
0	0
0	0
0	0
0	0
0	0
0	0
0	0
0	0
0	0
0	0
0	1
0	1
0	1
0	1
0	79
0	77
0	87
0	91
0	31
0	57
0	79
0	30
0	60
0	32
0	10
2	14
45	96
4	84
29	60
0	34
0	35
0	30
0	27
0	18
0	12
0	0
0	0
0	0
0	0
0	0
0	0
4	7
0	7
0	0
0	361
0	361
0	369
1	99
12	346
11	31
5	54
0	97
0	74
0	131
0	193
1	152
40	873
6	505
3	193
0	152
0	867
2	108
0	729
4	771
21	0
102	0
0	928
0	989
3	953
0	539
13	675
0	514
7	323
0	559
0	450
7	136
83	299
1	403
0	137
20	1
0	281
0	242
0	278
0	221
0	6
0	10
0	27
0	14
0	14
0	20
0	35
0	10
0	0
0	52
1	1034
95	1058
1	1056
0	694
18	951
0	103
2	171
0	1079
0	1081
1	1121
0	652
1	224
0	772
2	765
0	677
1	136
0	138
1	99
3	1121
0	0
28	0
0	0
0	0
0	0
0	0
0	0
0	0
0	0
0	0
0	0
0	0
0	0
0	167
170	1145
2	3
0	981
7	32
0	137
1	253
0	236
20	270
0	261
0	279
0	270
0	263
0	260
0	264
0	200
0	242
0	186
5	139
0	51
0	31
0	70
0	80
0	39
0	55
13	54
0	45
0	47
0	55
0	36
0	44
0	19
0	57
0	31
0	0
0	0
0	0
0	0
0	0
0	0
0	0
0	0
0	0
0	0
3	310
0	230
0	3
28	262
182	303
0	915
0	927
1	58
0	915
0	858
0	932
0	50
137	204
0	146
0	146
1	34
0	1
0	1
0	0
0	0
0	1
0	0
0	0
0	1
0	0
0	565
0	150
0	499
0	93
0	423
0	319
0	192
0	1860
0	1838
0	1865
0	426
0	1721
5	1759
3	171
2	154
0	134
0	124
205	733
3	435
3	182
1	95
45	231
0	28
2	223
0	82
0	144
0	102
10	46
0	36
0	28
6	16
1	21
1	10
0	0
1	225
0	222
0	102
0	224
0	14
0	17
0	26
0	16
0	13
0	6
0	320
0	18
1	321
0	6
0	169
0	156
0	20
0	90
0	23
1	27
15	95
0	9
2	10
0	22
0	10
0	9
0	320
0	264
0	271
0	262
0	202
0	152
0	145
0	93
0	40
0	39
0	24
0	15
0	17
0	10
0	8
0	1
54	1080
1	86
1	542
0	1120
74	1132
9	94
0	30
22	100
0	148
3	13
0	2
0	2
0	0
0	0
0	0
0	0
0	0
0	2
0	0
12	244
0	3376
0	298
0	348
2	3121
0	2967
0	300
4	3285
3	400
5	323
6	244
0	699
0	0
0	0
0	0
16	327
257	315
1	142
1	60
0	128
0	127
4	394
0	30
0	91
0	86
0	281
0	91
0	41
1	90
0	102
0	69
0	18
0	1
0	3
0	3
0	3
0	0
0	0
0	0
0	0
0	1
0	0
0	614
5	617
14	627
2	617
2	9
5	358
27	329
1	303
0	312
0	269
3	62
0	16
3	17
1	58
7	68
0	19
5	20
0	20
0	18
0	33
0	1081
253	1205
9	325
0	204
20	312
1	165
11	74
0	30
0	30
1	8
0	1
0	88
1	31
0	3
0	2
0	0
0	90
0	2
8	267
1	528
254	540
0	570
3	495
0	260
0	336
0	51
0	180
0	157
3	65
0	73
4	52
0	20
1	14
0	13
0	15
0	15
0	21
0	15
0	9
0	9
1	9
0	9
0	9
0	21
3	10
0	2
0	0
0	323
1	294
0	40
0	743
0	7
3	721
0	402
0	0
0	0
0	0
0	0
0	0
0	0
0	0
0	0
0	0
0	0
0	283
0	14
0	1138
0	602
0	99
0	94
0	257
0	252
0	248
0	8
1	25
0	249
0	0
0	0
0	0
0	0
0	0
0	0
0	0
0	0
0	1309
0	1317
0	1382
0	1322
0	1317
16	1325
0	1309
0	850
0	1305
0	1155
0	751
0	971
0	928
0	846
1	142
2	277
71	26
24	32
0	357
0	797
0	776
0	87
0	362
0	13
0	294
0	362
0	338
0	812
0	332
0	801
0	801
1	369
0	365
0	344
0	68
0	350
0	331
0	41
0	46
1	23
0	124
2	760
5	159
4	626
0	159
3	549
1	511
3	213
3	62
0	86
1	741
71	1044
0	65
0	66
0	111
0	36
0	85
2	69
5	537
6	41
67	0
0	212
0	199
0	72
11	285
0	285
0	61
0	21
0	13
2	14
3	16
0	61
2	383
0	394
3	33
0	33
8	18
0	32
0	19
3	17
0	17
0	69
0	20
3	40
3	49
0	10
0	14
0	224
0	0
0	99
0	0
0	0
0	292
1	100
0	289
0	18
2	66
1	46
0	65
0	36
4	55
0	0
1	0
0	0
0	0
0	0
229	65
0	65
0	39
1	66
0	208
46	208
0	93
0	91
135	66
1	0
3	1657
4	1646
1	1565
0	1483
0	1600
4	1176
1	1627
2	1045
0	1549
1	1547
1	1509
0	1511
0	1137
0	480
36	461
0	314
1	78
2	0
3	333
0	75
0	59
0	31
0	17
8	317
2	1
0	1
0	0
0	0
0	0
0	53
0	56
0	55
0	47
0	55
0	41
0	6
10	14
0	7
1	1
0	7
0	45
0	49
4	27
0	45
3	8
0	19
0	73
23	54
0	2
0	35
0	33
0	25
19	54
0	3
0	15
0	1
0	15
0	3
0	0
1	3
6	40
0	41
1	41
0	656
19	554
3	555
0	195
0	493
0	524
1	297
0	319
0	324
0	426
0	426
1	142
0	421
1	542
0	544
0	60
0	46
0	212
0	112
0	206
0	151
0	73
0	114
0	114
0	109
0	437
0	154
0	150
0	150
41	0
0	11
0	0
0	0
0	0
0	794
5	775
0	795
0	772
0	326
0	83
0	6
0	38
0	0
0	0
0	0
0	255
13	176
14	162
17	238
5	80
0	153
1	6
0	6
0	6
0	1
0	0
0	0
0	1
0	3
0	0
0	3
0	0
2	273
14	222
0	230
0	24
3	452
0	410
17	296
0	448
0	457
0	38
0	19
0	0
0	0
0	0
0	0
0	0
0	0
0	231
0	161
0	3
0	19
0	18
0	22
0	8
0	27
0	22
0	52
0	2
292	55
1	45
0	0
0	0
0	0
0	0
0	83
0	91
0	98
0	88
9	40
0	39
0	4
0	11
0	64
0	66
0	3
0	4
0	15
17	66
0	0
0	4
0	0
0	0
0	4
0	0
0	4
0	2
0	0
0	0
0	2471
0	2437
0	1629
1	380
0	612
0	901
0	732
0	979
17	112
0	242
3	247
0	285
0	274
0	247
0	224
2	220
0	196
0	137
0	59
0	30
0	30
0	0
0	29
0	8
0	13
0	7
0	23
0	5
0	7
1	4
2	26
0	7
0	23
0	4
0	5
0	3
0	5
0	7
0	3
0	378
0	365
0	394
0	26
1	10
0	66
6	0
1	380
0	357
1	342
0	363
0	385
0	2
0	2
0	1
0	1
0	1
0	1
0	0
0	0
0	0
0	0
0	0
0	0
0	0
0	0
0	0
0	0
0	242
0	684
7	691
0	61
0	55
0	54
0	34
0	24
0	48
0	25
0	103
0	32
2	74
6	35
0	99
0	14
1	56
1	7
0	2
0	10
0	2
1	2
0	9
0	15
0	26
0	0
11	12
3	620
0	600
2	559
0	392
0	62
7	38
0	195
0	23
0	10
0	11
0	4
0	2
0	1
0	0
0	2
0	1
0	34
0	34
4	34
2	0
0	0
0	0
0	0
0	0
0	4480
0	7659
5	5864
30	7683
1	7571
2	4063
7	2365
0	5549
7	7389
0	2064
2	4544
41	4491
11	4086
15	1894
204	220
0	220
0	0
0	31
1	58
1	57
0	58
0	53
0	59
0	56
0	57
0	58
0	11
0	9
0	1
0	0
0	54
0	541
1	575
0	570
0	35
0	90
0	49
0	476
0	117
0	37
0	22
0	87
2	143
1	154
0	139
0	77
1	64
0	0
0	0
0	0
0	0
0	0
0	0
2	1025
0	295
0	264
0	56
0	750
36	558
0	241
1	157
0	155
1	322
0	185
14	260
1	25
0	149
250	5356
0	13490
3	12145
0	11635
8	12138
0	7970
237	4453
2	11654
0	8681
2	8552
0	7851
130	799
0	7440
0	208
68	391
3	3790
2	2506
2	1773
0	2498
0	2441
0	2205
2	2024
0	981
0	433
1	19
0	502
0	503
10	342
0	507
18	507
0	499
0	296
0	26
3	72
0	26
0	18
0	20
0	498
0	3
0	3
0	3
0	3
0	3
0	3
0	3
0	3
0	3
0	3
0	3
0	3
1	5
0	5
0	3
0	1
0	1
0	1
0	1
0	1
3	1046
0	168
0	1082
0	1013
0	1009
2	309
0	860
0	699
0	1110
0	794
0	678
0	672
11	13
3	18
1	41
0	311
0	132
0	112
2	1
3	1092
0	973
0	1173
0	1130
0	1046
1	1046
0	991
0	1089
1	679
0	306
0	340
0	384
0	323
0	187
1	139
0	184
0	133
0	98
0	2
0	141
0	137
0	131
0	67
0	81
0	10
0	7
0	0
0	0
0	0
0	0
0	1115
0	245
2	211
0	231
49	254
0	198
1	190
0	192
0	93
0	211
0	0
0	0
0	28
0	1
0	4
0	18
0	0
0	85
0	85
1	6
0	5
1	3238
0	3267
2	3209
0	176
0	140
1	164
0	61
0	70
0	112
0	125
4	194
0	390
0	385
0	143
0	63
0	50
0	34
0	3
0	391
13	391
0	0
0	0
0	0
0	50
0	50
3	16
0	30
0	29
0	30
0	4
0	32
0	732
0	375
0	223
0	335
5	242
0	45
9	0
0	156
0	177
7	133
0	109
0	595
7	82
0	72
0	31
2	74
0	228
0	154
0	233
0	226
0	73
0	86
0	5
0	5
0	78
0	78
0	75
0	75
0	84
0	75
0	60
0	1
0	13
0	13
0	12
0	9
0	0
0	225
0	225
0	8
0	67
81	69
0	0
0	0
0	0
0	0
0	0
1	1
1	0
5	0
129	0
0	0
0	0
4	1
13	164
0	166
0	142
0	129
2	113
0	0
0	0
1	331
6	851
2	851
0	126
0	143
0	103
0	142
0	271
0	193
0	191
40	34
0	1
0	33
4	0
0	77
0	53
4	447
14	377
17	12
61	452
6	296
3	127
0	19
2	0
1	0
28	102
0	292
0	0
0	0
0	462
2	597
16	597
0	1
0	57
0	17
0	1
2	6
1	6
0	5
0	23
0	19
0	23
0	1
0	0
0	0
0	0
0	0
6	302
0	390
3	141
0	269
0	111
1	342
0	68
4	64
0	233
0	63
1	127
0	47
0	1
1	42
0	37
0	41
0	12
0	10
0	7
0	4
0	0
1	0
0	804
0	408
0	849
0	8
0	117
0	25
2	5
0	33
4	811
0	804
5	1401
1	33
0	514
1	1041
0	1298
1	1053
0	1256
0	764
1	841
0	340
4	413
0	662
1	85
4	19
0	35
0	656
0	104
3	69
1	418
0	137
0	51
0	58
0	126
0	107
1	101
0	151
2	26
0	1
0	1
0	1
0	1
0	7
0	327
3	185
0	1035
9	1048
15	694
0	176
0	48
2	125
4	37
0	1048
0	275
0	69
0	54
0	8
1	54
0	286
0	45
0	103
1	258
1	63
1	42
0	74
0	125
1	115
0	160
2	52
0	12
1	58
12	65
0	37
1	19
1	0
13	0
6	17
3	33
0	112
6	753
0	642
0	581
37	645
0	735
1	215
0	572
0	529
0	585
0	694
84	174
0	715
1	238
1	199
0	427
0	34
0	20
7	4
13	127
0	145
12	162
0	67
156	141
0	68
4	123
2	10
0	8
7	11
0	310
0	310
0	210
1	100
16	54
0	37
0	26
35	396
167	727
2	547
8	547
3	398
0	180
2	157
46	1101
0	1151
0	1151
1	734
0	109
0	997
0	1010
3	126
0	82
0	137
0	252
0	350
1	223
0	188
0	151
0	148
11	109
0	101
0	54
0	52
0	64
0	13
0	9
0	18
0	4
0	5
0	14
0	50
0	55
0	43
0	43
0	41
0	28
0	0
0	0
0	0
0	0
0	0
0	0
0	0
0	0
0	0
0	0
0	0
10	650
0	649
1	277
0	369
0	261
0	145
0	0
7	12
0	5
0	0
1	0
0	0
0	0
1	6
0	0
0	0
0	0
0	1
0	7
0	0
0	0
0	158
0	163
0	87
3	75
0	120
0	125
8	30
508	472
0	442
0	88
20	91
0	73
3	37
0	111
0	34
0	152
0	153
0	34
0	0
0	0
0	434
0	6
0	301
0	0
0	0
0	1
0	2
0	1
0	16
0	109
0	14
5	62
0	94
4	433
10	154
1	40
0	138
0	211
0	119
0	6
607	23
0	23
1	22
0	0
0	1
0	0
0	0
0	3
0	19
0	0
0	3
0	0
0	0
0	44
0	45
0	46
0	35
0	35
0	24
0	40
0	0
0	45
0	3
0	21
0	22
0	22
0	3
0	0
0	22
0	20
0	5
0	0
0	0
3	1
0	334
1	1955
231	2042
0	1976
0	1778
39	2078
0	1583
0	1589
1	2024
0	289
16	475
4	114
0	120
0	151
11	313
0	343
0	214
2	183
0	290
1	124
2	77
0	90
0	114
7	1619
4	1602
3	1454
0	1443
0	1555
0	274
0	113
0	291
11	64
0	299
0	272
0	1402
0	189
0	526
0	440
28	613
0	39
0	221
0	233
0	1712
0	1271
1	561
0	223
0	687
0	1614
0	1279
2	237
0	411
0	441
0	869
0	98
7	223
0	432
1	1572
0	1596
0	53
66	787
0	1220
0	308
7	193
0	71
0	29
0	277
0	120
0	33
1	74
0	32
0	28
6	23
2	0
18	119
0	119
0	1
0	2
0	2
0	1
0	1
0	0
0	0
0	0
0	0
0	0
0	0
0	0
0	0
0	0
0	0
0	0
1	0
0	0
0	0
0	0
0	209
1	18
0	243
0	227
0	24
3	8
0	25
0	28
0	14
0	31
0	34
0	36
0	18
9	459
0	321
93	232
0	1367
0	340
12	1060
0	131
0	269
27	269
0	488
0	1314
0	1311
0	79
7	211
0	862
0	112
0	69
6	843
0	865
1	142
0	91
6	251
19	546
0	83
0	138
0	301
0	34
0	3
0	4
0	4
0	4
0	2
0	0
0	4
0	1
0	1
0	1
0	1
0	0
0	0
0	0
0	0
0	0
0	0
0	0
0	138
0	140
3	139
0	145
4	34
2	25
6	37
4	37
185	36
0	36
5	63
0	89
0	65
0	74
0	11
0	58
67	46
1	46
0	349
0	0
0	0
0	0
247	91
4	54
0	0
0	11
0	9
0	17
2	0
29	157
0	134
0	19
0	36
0	27
0	20
0	1
0	4
0	0
0	0
0	0
0	0
0	0
0	0
0	0
0	0
0	0
271	0
0	6
0	0
0	6
0	6
0	6
0	6
0	6
0	4
0	4
0	6
0	0
0	0
0	0
0	0
0	0
0	0
0	0
0	0
0	0
0	0
0	0
0	82
1	2
0	0
0	82
0	15
0	9
0	221
286	368
0	130
1	177
1	6
0	270
0	6955
225	5687
0	6612
0	5169
8	1040
0	729
5	1743
0	541
0	1159
0	1106
0	5571
36	6118
0	4619
0	5435
0	687
0	950
0	1085
0	1486
0	938
0	509
0	519
1	332
61	1155
18	2068
1	3
0	0
0	0
18	35
0	34
0	4
0	32
0	2
0	20
0	7
0	4
0	3
0	0
0	0
0	0
0	0
0	0
0	0
0	0
0	0
0	0
0	0
0	0
0	0
0	0
0	0
0	100
1	0
0	0
0	0
0	0
0	0
0	0
0	0
0	0
0	0
0	0
0	0
0	0
0	0
111	20
0	20
0	7
0	7
0	5
0	5
0	4
0	0
0	0
16	255
0	255
0	5
0	5
0	5
0	88
1	85
2	88
0	53
0	26
0	10
1	7
0	11
0	7
0	11
0	6
0	11
1	8
0	3
0	2
0	3
0	3
0	3
0	3
0	2
0	0
0	0
0	88
0	0
0	3
0	10
0	55
2	11
0	55
0	10
0	14
0	11
0	11
1	6
0	6
0	61
9	0
0	5
530	592
0	120
3	568
0	568
11	528
1	415
0	30
0	70
3	69
0	34
0	175
0	0
0	0
8	1442
0	1466
6	293
0	169
0	130
0	148
3	271
2	280
0	75
0	76
0	75
0	6
0	70
0	69
1	31
3	14
0	0
0	0
0	0
0	0
0	0
0	0
0	0
0	0
2	0
1	153
0	159
0	105
0	1
0	102
0	101
16	0
0	108
3	1
0	2
0	0
0	0
0	0
0	0
0	0
0	0
0	0
0	0
0	0
0	0
0	0
0	0
0	0
0	0
0	0
0	0
1	2
0	2
0	1
5	3
0	3
0	1
2	0
0	0
0	0
0	0
0	0
0	0
0	1
0	1
0	0
0	0
0	0
0	0
0	0
0	0
0	0
0	0
0	12
0	12
0	0
7	11
0	4
0	3
0	126
264	135
8	9
0	68
1	9
0	16
19	1656
0	311
0	1546
0	1461
0	1400
0	1775
0	1705
0	1786
0	1786
0	1836
0	1789
0	1789
0	1775
0	1777
0	1741
0	1836
0	1769
0	1806
0	1765
0	1836
0	1827
1	1715
0	1516
0	1434
1	672
9	746
0	1228
5	1431
0	1318
1	1404
2	1441
0	1168
5	1000
0	1219
0	575
0	1073
0	1174
0	1092
0	1112
0	1081
0	175
0	207
0	704
0	366
0	594
1	694
0	304
0	366
0	36
0	251
0	117
0	292
0	294
0	149
2	97
6	36
0	232
0	40
0	56
0	231
0	58
0	33
34	240
1	32
2	18
0	29
0	13
0	0
0	0
0	0
0	0
0	0
0	0
0	0
0	0
0	0
0	0
0	0
0	0
0	0
0	0
0	0
0	0
0	0
0	0
0	0
0	0
0	0
0	0
0	0
0	0
0	4
0	4
0	4
0	0
0	0
0	0
0	0
0	0
0	0
0	0
0	0
0	0
0	0
0	43
0	50
0	66
0	1133
14	1133
0	1133
0	1131
2	52
0	1133
0	99
0	88
0	32
0	226
0	0
0	145
0	226
0	2
5	4
0	12
0	3
0	106
0	0
0	8
0	17
2	4
7	1
0	42
0	0
0	0
0	0
0	0
0	0
2	49
0	44
1	1
3	30
0	4
0	27
2	4
0	24
13	138
33	446
0	280
13	66
1	339
1	113
0	0
0	0
0	0
0	0
0	0
0	0
0	0
0	0
0	0
0	0
0	0
0	0
0	0
17	238
0	42
2	0
2	42
0	271
0	53
0	33
0	59
0	39
0	88
0	280
0	148
2	132
0	172
29	394
0	3
0	28
0	27
0	16
0	223
0	21
0	30
0	27
0	4
0	25
0	26
0	221
0	0
0	16
0	17
0	0
2	215
0	14
0	17
0	26
0	0
0	13
0	25
0	221
0	28
0	26
0	34
0	221
0	24
0	65
1	1
0	12
0	11
0	20
0	11
0	65
0	71
0	208
0	214
0	220
0	17
0	28
0	22
0	8
0	25
0	28
0	29
0	124
0	14
0	29
0	12
0	27
0	1
0	1
0	161
2	160
11	252
0	964
0	919
21	750
0	376
0	406
0	288
0	339
0	415
0	416
0	307
0	203
0	313
0	349
0	233
0	320
1	311
0	279
0	195
0	67
0	69
29	88
0	137
36	12
17	6
0	0
2	789
0	783
17	613
0	90
0	323
0	265
0	0
2	130
0	134
0	163
0	60
0	16
0	13
0	18
2	9
0	8
0	0
0	193
0	485
0	613
2	202
0	3
0	3
0	3
0	3
0	0
0	0
571	859
6	837
0	807
0	157
0	381
3	555
0	511
0	552
0	720
3	633
5	724
0	538
0	72
0	213
0	595
0	107
1	29
0	517
0	129
0	568
0	122
0	475
0	461
1	32
1	60
15	1846
564	2471
0	861
0	813
0	565
0	239
1	1237
0	748
0	108
2	122
15	77
2	128
6	53
0	79
0	76
0	66
0	51
0	59
0	33
2	7
0	10
0	65
0	77
0	65
3	69
0	75
0	71
0	65
0	66
0	85
1	437
1	443
0	93
1	153
0	68
0	299
0	678
0	261
4	936
0	55
0	71
0	66
1	306
0	906
0	738
0	508
0	340
0	389
3	61
1	92
19	77
5	95
0	72
5	31
0	0
0	0
0	9
52	9
2	7
0	5
0	0
2	0
0	3
1709	899
18	720
1	583
0	722
0	252
0	870
1	103
0	134
0	226
1	189
5	143
0	234
0	111
0	68
4	0
0	4
0	467
0	242
0	30
2	105
0	260
0	515
2	138
0	293
0	359
0	57
14	230
0	199
7	170
5	74
9	91
0	176
2	95
0	59
3	15
53	100
0	41
0	46
0	25
0	0
0	0
0	0
0	14
0	14
0	7
0	10
4	13
0	104
8	147
0	1828
0	78
0	1202
10	49
0	800
0	1863
0	1479
0	1850
1	21
4	5
0	2
0	160
1	50
0	40
0	19
97	80
0	35
2	54
0	5
0	3
0	5
0	0
0	1
0	557
0	270
25	168
1	369
1	255
11	239
2	219
0	57
1	28
5	14
0	549
0	185
0	0
3	0
0	0
74	2332
6	992
17	579
1	375
1	241
0	256
3	144
0	119
0	17
0	167
13	27
0	2332
24	183
1	95
2	81
0	83
0	91
0	84
0	69
0	9
0	8
86	15
1	2
3	0
0	672
0	738
11	577
2	47
0	746
0	383
0	772
0	43
0	791
0	52
0	768
1	657
0	739
0	448
0	64
0	410
0	68
6	734
2	626
0	4
3	4
0	1
0	53
1	1193
1	178
7	1264
0	700
2	79
0	60
0	60
0	97
2	586
3	0
0	134
3	614
0	2
1	1079
0	43
0	0
0	1079
0	573
0	641
0	87
0	156
1	183
0	1056
0	96
0	1028
0	551
0	77
7	49
0	28
1	49
0	12
1	179
1	324
0	382
0	191
25	132
7	219
0	247
19	118
8	365
0	224
3	116
0	321
3	199
0	107
0	173
0	135
0	49
0	0
30	50
0	54
0	54
6	44
0	2
2	4
0	10
6	32
0	8
18	24
0	18
1	1
0	0
0	1
0	0
0	0
6	3577
0	3577
1	3454
0	658
0	605
1	3581
2	3618
4	3577
0	26
538	340
10	98
0	227
0	0
0	0
0	0
0	0
0	0
0	0
0	0
0	0
322	581
7	522
0	506
1	14
2	58
183	579
0	539
31	503
1	534
5	234
0	186
0	149
0	116
0	115
0	97
0	100
0	55
0	65
0	69
7	52
0	27
0	56
0	15
0	53
1	47
0	8
0	1
0	0
0	630
0	252
0	157
0	186
3	154
14	44
1	38
0	23
0	26
0	22
0	633
4	88
4	83
1	53
1	82
0	22
0	1
0	353
36	409
0	155
1	15
0	68
2	317
0	328
0	362
1	55
0	46
0	21
2	518
50	518
0	3
12	24
0	24
2	9
0	12
0	8
4	6
0	6
0	1
0	1
0	4
1	3
0	3
0	6
0	6
0	6
0	6
0	3
0	1
0	0
0	287
1	403
52	414
0	403
0	392
0	392
0	286
0	300
0	299
0	304
0	228
0	228
3	227
0	318
0	181
4	184
0	190
0	194
0	230
0	87
0	208
0	109
0	96
0	190
1	177
0	16
0	22
819	1082
0	19
0	270
1	448
0	279
2	267
2	78
0	80
0	73
0	22
0	21
1	15
0	11
1	2
0	492
0	56
0	520
0	108
1	260
0	136
1	109
0	337
24	108
0	44
9	58
3	120
3	43
0	5049
0	628
0	5313
2	217
0	4747
0	4506
0	4860
0	3891
0	699
0	597
3	312
4	1086
11	949
6	1192
0	109
0	110
0	0
0	0
0	0
0	0
0	0
0	0
0	0
69	145
0	145
0	159
0	166
0	127
0	91
0	41
2	28
0	9
0	11
0	1
0	1
0	1
1	1
0	1
0	28
0	10
0	0
0	10
0	10
0	10
0	1
0	1
0	1
0	1
0	1
0	1
0	1
0	1
0	1
0	1
0	1
0	1
0	1
0	1
0	0
0	0
0	1
0	1
0	1
0	10
0	0
0	10
0	10
0	10
0	0
0	0
0	0
0	0
0	0
0	0
0	0
0	0
0	0
0	0
0	0
0	0
0	0
0	0
0	0
0	136
2	193
0	204
0	41
0	12
1	0
4	98
1	102
0	34
0	12
44	40
0	23
4	0
0	129
0	132
0	150
0	140
0	141
0	146
0	142
0	132
0	137
0	136
20	67
0	146
0	49
0	53
232	134
4	26
0	95
1	20
0	128
1	16
0	205
0	69
0	40
0	87
0	107
5	221
0	179
0	208
0	17
0	8
0	13
0	12
0	12
0	10
0	13
0	11
0	13
0	4
0	8
0	10
0	11
0	12
0	11
0	9
0	12
0	13
0	11
0	8
0	2
0	13
0	10
0	12
0	12
0	12
0	13
0	9
0	9
0	8
0	10
0	6
0	11
0	8
0	10
0	12
0	4
0	5
0	9
0	8
0	12
0	8
0	11
0	10
0	9
0	11
0	10
0	4
0	4
0	5
0	6
0	7
0	8
0	6
0	4
0	4
0	3
0	2
0	664
0	1311
25	558
0	1198
0	1226
0	227
0	206
0	792
459	12
0	12
2	282
0	0
0	200
0	183
0	5
0	22
0	180
0	25
0	572
8	256
4	50
0	149
0	123
0	103
3	72
0	91
0	572
0	515
0	535
55	46
0	43
0	3
2	0
0	0
0	0
0	0
0	0
0	0
0	0
0	443
32	1775
0	1917
0	105
3	1592
6	583
3	0
2	0
1	121
0	213
0	0
0	0
1	102
0	98
0	330
0	468
7	106
0	450
0	356
0	142
0	142
0	7
2	4
0	4
0	215
0	215
0	151
3	42
0	6
0	44
0	127
0	324
0	88
0	157
0	58
0	80
0	227
6	153
0	30
0	55
0	69
0	59
0	67
0	62
0	66
0	63
0	63
0	63
0	63
0	57
0	70
0	64
1	36
0	64
0	64
0	56
0	61
0	29
0	61
0	64
0	29
0	64
0	60
0	58
0	60
0	27
0	58
0	58
0	51
0	45
0	38
0	49
0	40
0	46
0	43
0	46
0	10
0	12
0	102
0	188
0	253
0	475
0	508
0	510
0	509
1	478
0	508
0	516
1	94
0	512
0	508
0	143
0	153
3	163
0	540
0	549
0	569
0	557
1	492
0	161
0	160
0	495
0	501
0	509
4	88
0	545
0	409
0	427
0	135
0	241
1	481
0	484
0	503
0	225
0	58
0	429
0	244
0	18
0	372
0	364
0	388
0	26
0	430
1	430
0	101
0	423
0	288
0	410
0	365
0	14
0	413
0	387
0	374
3	394
5	341
0	18
6	101
0	21
0	20
0	16
0	17
10	32
0	26
0	14
1426	300
0	296
0	0
21	13
0	0
0	0
0	0
0	0
0	12
47	26
2	14
0	338
0	319
0	336
0	341
0	362
0	357
0	319
0	21
0	14
0	5
0	12
24	54
0	0
0	27
0	426
0	9
0	152
0	15
0	426
0	416
5	3106
0	2676
0	3826
0	3826
0	3951
0	3951
0	3826
0	3603
0	3831
0	3954
0	3842
0	3697
0	3730
0	3678
3	3838
0	3855
0	3897
0	3906
0	3956
0	3838
0	3833
0	3838
1	3954
0	3838
0	3964
0	3833
0	3964
0	3965
0	3838
0	3840
0	3963
0	3821
0	3896
0	3570
0	3830
0	3886
0	3576
0	2531
0	2519
0	2548
0	2056
0	2056
0	1406
0	40
0	4
0	186
1	43
0	4
0	482
0	232
0	242
0	426
1	369
0	246
0	505
0	0
1	155
0	39
0	26
0	255
0	85
0	181
0	301
0	185
0	272
0	219
2	106
0	29
0	29
0	29
0	29
0	31
0	32
0	32
0	0
0	2
0	0
0	2
0	0
0	0
0	1
0	0
0	0
0	0
0	0
2	7
0	2
0	2
0	2
0	6
1	430
0	81
0	425
0	435
0	49
10	435
1	183
0	401
0	414
47	612
0	478
1	208
0	424
1	337
11	17
0	17
0	15
0	15
0	8
1	2
0	4
0	0
0	2
0	4
0	0
0	4
0	4
0	0
0	0
0	0
0	0
0	0
0	0
0	0
0	0
0	274
2	627
0	1435
1	1150
0	424
0	2002
0	1863
0	2012
0	17
0	32
0	293
0	2013
1	3
0	311
0	128
0	1957
1	2
0	58
0	51
0	1316
0	1906
0	1247
0	1987
0	1
0	1316
0	1994
0	1193
0	1596
0	2010
0	961
1	98
0	1
0	1088
0	1230
0	1171
0	1746
0	1958
0	454
0	178
0	1760
0	1203
0	1155
0	20
0	137
0	977
0	1496
0	849
0	59
0	70
0	751
0	839
0	1509
0	88
2	684
1	1240
0	601
5	560
11	195
4	133
0	132
3	130
0	132
0	132
0	132
0	132
0	132
0	129
0	72
0	72
0	37
0	25
0	0
0	5
0	2
0	1
0	1
0	0
0	0
0	0
0	0
0	132
0	134
0	132
0	2
0	2
0	3
0	9
0	9
0	0
0	9
0	9
0	8
0	2
0	1
0	1
0	1
0	1
0	0
0	5
0	1
0	0
0	0
0	1
0	1
0	1
0	75
0	75
1	75
0	74
1	18
0	19
0	6
0	339
0	403
0	315
0	31
0	21
1	46
38	449
0	27
0	85
0	277
46	62
56	166
14	48
0	74
0	938
0	210
1	219
0	253
0	947
0	179
0	206
0	185
0	79
1	123
0	90
0	25
0	69
0	745
104	447
0	306
0	421
1	318
0	403
0	180
4	117
2	101
9	133
16	101
159	3601
2	784
0	3574
4	3531
0	232
2	7
5	544
5	129
1	126
20	2120
0	237
0	243
1	304
0	178
5	258
0	211
5	100
0	86
2	55
0	67
1	25
0	10
0	0
2	411
0	61
0	80
0	71
0	46
0	358
85	25
1	25
0	24
2	290
0	294
2	275
0	188
0	177
0	38
0	47
0	34
1	24
0	12
0	27
12	19
0	122
0	113
0	21
5	23
0	34
0	23
0	32
1	22
0	11
0	16
0	14
0	0
0	2
0	63
191	65
0	11
0	2
18	75
0	11
0	1
0	199
0	161
0	157
0	111
2	91
0	39
0	35
0	21
0	55
0	68
0	33
0	162
0	207
0	43
0	96
0	37
0	179
0	31
0	164
0	206
0	183
0	175
0	126
0	12
20	121
0	0
0	0
0	0
77	87
0	91
1	562
0	541
0	252
0	233
0	212
0	113
0	86
0	260
0	285
4	61
0	205
2	32
0	208
0	163
2	35
0	185
0	66
0	78
0	75
2	75
0	70
0	1418
0	27
0	72
0	1420
0	1418
0	1418
0	1422
0	57
0	83
4	1418
0	29
0	52
0	99
0	0
5	1113
0	87
0	3
0	72
0	10
0	2
0	46
0	95
76	298
0	298
3	287
7	71
0	72
0	40
0	23
0	19
9	303
0	265
0	288
0	293
0	297
0	245
0	10
0	309
0	285
0	83
0	2309
0	2343
0	2357
0	2199
165	4
1	4
0	482
0	446
1	69
1	230
3	46
6	160
1	41
0	24
26	924
21	120
10	811
2	298
1	232
0	156
0	434
0	893
20	97
43	371
13	337
0	363
1	6
0	195
2	60
5	609
0	167
0	116
0	226
0	542
3	155
0	145
0	176
1	75
0	153
0	150
8	87
0	170
1	121
799	232
1	88
1	78
1	77
1	39
0	78
0	56
0	43
0	12
20	88
2	462
0	537
21	343
0	318
1	330
0	428
0	7
0	0
0	0
0	0
0	0
7	13
0	481
0	130
0	258
0	520
0	445
0	179
0	244
47	358
0	14
0	113
3	323
0	10
0	25
0	7
0	33
1	12
0	35
0	24
0	34
0	32
0	32
0	33
0	34
0	35
0	35
0	35
0	20
0	20
0	10
0	12
0	23
0	32
1	9
0	24
0	24
0	629
6	629
0	621
0	671
0	193
0	424
0	453
0	443
0	415
0	117
0	102
0	73
0	84
0	64
1	93
0	59
0	64
0	31
0	403
0	519
0	311
11	368
0	357
0	260
0	112
0	142
0	12
33	185
0	70
0	116
2	87
0	116
27	1169
3	850
0	1082
0	1110
7	591
3	718
3	938
0	751
8	179
0	216
0	297
1	139
0	108
3	86
0	287
0	317
0	129
0	211
0	176
0	174
0	118
1	637
4	595
0	637
0	541
8	359
2	130
7	175
2	154
0	49
1	99
13	23
135	156
0	42
0	66
0	64
0	58
0	50
0	29
3	21
0	6
0	12
0	26
0	28
2	10
0	6
0	7
1	0
0	0
0	2
0	1
0	6
0	6
0	6
0	0
0	0
0	1039
1	1052
44	349
0	232
0	231
1	1451
1	4066
4	1076
0	4051
0	728
5	391
0	433
6	534
24	1080
29	1050
31	747
0	458
118	1622
0	1608
0	1603
18	1365
1	596
0	338
15	69
0	727
0	641
0	493
0	688
9	195
178	721
0	387
1	231
2	116
0	117
0	239
0	87
0	29
0	190
0	310
0	24
0	150
0	154
0	304
0	111
0	19
0	5
0	46
0	288
0	21
0	51
0	121
0	44
0	0
2	130
0	3
0	23
0	8
0	57
0	53
0	14
0	28
0	33
0	14
0	7
0	28
0	22
1	21
0	11
0	19
0	10
0	8
0	7
0	6
0	4
0	0
0	2
0	2
0	1
0	5
0	8
0	1
0	1
0	0
0	0
0	0
0	0
0	0
0	2
0	0
0	0
0	9
0	2
0	9
0	0
0	0
0	0
0	23
2	69
0	65
0	45
2	75
0	33
0	24
2	14
0	28
0	22
0	36
0	12
0	10
0	0
0	9
1	26
0	21
0	13
0	13
0	14
0	4
3	225
0	168
0	15
0	81
0	80
0	224
0	8
0	89
0	94
0	0
0	0
0	0
0	0
0	0
0	0
0	0
0	0
0	0
0	0
0	0
0	0
0	0
0	86
0	181
0	176
0	185
0	165
2	142
0	36
2	11
497	91
5	91
46	4
12	40
11	53
0	44
1	36
0	143
1	125
0	103
0	130
0	122
0	115
0	36
0	42
14	186
0	0
0	0
0	0
0	0
0	175
0	177
5	177
0	102
1	0
1	0
11	642
356	962
23	12
26	77
0	72
5	202
2	524
0	86
0	117
0	8
0	22
1	50
0	88
0	135
0	284
0	496
3	13
0	12
0	513
4	484
17	455
0	8
3	40
0	84
0	189
0	42
0	22
2	72
0	340
1	340
0	71
1	21
0	0
0	0
0	22
0	168
1	241
0	241
0	22
0	23
0	242
0	20
0	65
0	29
0	35
0	18
0	12
0	4
0	8
0	8
0	0
0	0
0	28
0	67
1	68
2	45
0	49
380	0
10	28
0	11
0	28
1	26
0	0
0	1
0	0
6	3
0	2420
3	1742
2	1378
2	1008
0	1212
0	999
5	770
2	740
0	510
10	1237
0	93
0	173
0	89
0	4
0	2
0	41
0	40
0	167
0	162
0	150
0	148
0	94
0	47
0	39
0	15
11	38
1	9
0	16
0	10
0	9
0	8
0	7
0	0
0	5
0	5
0	0
0	0
0	0
0	0
0	0
0	0
0	0
7	2946
62	2945
0	196
0	297
0	299
1	26
0	904
178	76
0	73
0	432
0	271
0	37
3	201
0	169
0	67
0	27
0	23
0	32
0	23
0	14
0	17
1	0
0	1075
0	1054
0	121
24	21
1	2
13	50
0	23
6	79
0	23
0	1
0	1
0	87
0	1748
14	164
0	1541
2	275
0	784
0	244
0	137
30	159
1	80
112	178
0	138
0	97
0	11
696	1399
0	1219
6	228
0	631
1	453
0	182
2	256
0	0
0	0
0	0
0	0
0	0
0	0
0	0
0	0
0	0
9	14
0	13
0	349
4	344
4	348
0	106
4	9
0	87
0	85
0	0
0	0
2	0
0	38
2	33
0	2
0	42
5	33
0	28
0	0
0	0
0	96
216	172
0	77
0	97
11	75
0	248
0	63
1	18
0	23
0	218
3	211
0	33
0	219
0	19
0	161
0	187
0	38
1	199
0	230
0	58
0	229
0	4
0	146
0	49
0	9
9	70
0	36
0	11
0	11
0	11
0	11
0	11
0	0
0	0
0	0
0	0
0	0
0	0
111	204
0	204
0	6
6	6
0	1
0	1
0	3
0	80
39	952
0	1027
1	388
1	927
2	44
0	64
0	80
1	52
0	87
0	32
0	18
0	6
0	170
0	68
0	97
0	27
0	28
9	158
1	55
0	8
0	8
0	15
4	2
4	47
2	89
0	64
0	162
1	142
4	94
1	28
6	22
63	562
0	527
0	110
11	46
0	118
0	291
2	54
6	64
0	198
2	161
0	125
0	58
12	555
0	432
1	410
0	326
0	335
0	380
0	291
0	210
9	181
9	154
95	341
0	160
0	39
1	51
0	30
0	153
1	42
0	104
0	55
311	0
0	0
0	0
0	0
0	0
0	0
0	0
0	0
0	16
0	4
0	4
0	2
0	1
0	1
0	2
0	2
0	1
0	325
0	309
0	114
6	234
0	324
0	324
0	254
0	248
0	14
1	88
0	78
0	27
1	26
0	26
5	14
0	4
0	1
0	1
0	0
0	0
0	0
0	0
0	0
0	0
0	0
0	0
0	0
0	0
0	0
1	0
0	0
0	89
0	112
0	63
0	9
2	10
0	18
1	38
5	22
0	32
1	29
0	27
0	11
0	3
0	7
0	145
0	46
13	142
0	30
0	154
0	152
11	147
3	145
0	14
1068	0
19	0
0	9
0	0
0	2
0	2
0	2
0	2
0	4
0	0
0	2
0	5
0	2
0	2
0	1
0	3
0	0
5	117
10	117
3	62
0	0
0	0
0	0
300	554
20	554
0	353
6	263
0	182
0	44
0	244
0	270
0	272
0	20
0	2
0	260
0	246
0	854
16	0
1	923
0	927
13	626
0	71
2	2
407	170
0	170
0	107
9	32
0	0
0	374
0	313
0	90
0	97
0	56
0	52
0	80
0	288
0	388
0	244
0	113
0	52
0	58
1	0
15	68
0	22
0	55
7	45
0	0
0	0
0	0
0	0
0	0
0	0
0	0
0	0
0	0
0	0
0	2
0	2
0	1
0	2
0	0
0	70
0	70
0	105
0	100
1	98
0	102
0	100
13	103
0	17
0	31
0	64
0	20
2	55
0	10
0	6
5	24
0	30
4	6
2	24
0	6
2	1
88	1467
5	1103
32	776
0	110
2	80
7	23
0	189
0	2
0	267
2	66
6	38
1	41
0	82
0	269
1	269
0	68
1	141
0	50
1	23
0	59
0	61
38	101
1	50
0	20
0	24
0	23
0	7
0	1
0	5
0	4
0	0
0	31
420	311
0	46
23	134
0	283
2	4
0	1
0	0
0	1
0	1
1	1
0	17
95	47
0	19
0	39
0	23
0	12
0	35
0	0
0	2
0	0
0	0
0	0
0	0
0	0
0	0
0	2
0	0
0	1
0	1
0	1
0	2
0	0
0	54
2	203
0	3770
0	155
2	151
0	177
0	417
0	480
0	484
7	1613
30	4036
0	4107
0	4100
489	3453
0	1442
0	3761
0	421
0	479
0	616
0	1481
0	1544
5	531
0	364
8	431
60	720
0	343
0	948
5	1
0	1
0	1
0	1
17	693
0	0
0	692
9	675
5	53
3	191
0	716
0	0
0	1
0	1
1	33
0	34
0	33
0	33
0	33
0	33
0	32
0	34
0	33
0	23
0	32
1	49
0	50
0	46
0	50
0	64
0	174
0	174
5	225
3	216
0	69
0	63
0	142
0	145
0	1833
3	461
0	1797
0	1801
12	8
0	0
0	0
0	8
0	3
0	0
2	2
0	1
0	1
0	0
0	1
0	0
1	14
4	180
2	7
3	180
0	22
3	1
2	172
2	863
1	856
0	76
0	38
1	87
0	45
0	57
1	5
0	56
0	670
0	16
0	18
2	34
0	679
0	5
1	9
0	8
0	31
1	13
0	13
1	668
0	11
4	681
0	16
0	0
0	0
1	647
0	488
1	649
0	588
0	651
146	517
2	193
2	92
1	44
0	123
3	30
0	70
0	26
0	14
0	1145
1	1160
5	199
3	1012
12	1116
1	68
0	448
9	102
0	450
3	404
2	323
0	127
0	172
4	119
0	319
0	281
0	207
1	7
0	2
1	2
0	2
180	0
0	322
0	131
12	316
0	171
0	176
13	203
0	296
0	239
1	66
0	49
0	270
0	13
0	18
22	29
2	16
0	19
1	17
4	35
0	55
0	13
3	21
0	20
0	20
0	4
0	5
0	20
0	0
0	0
0	0
0	0
0	12
0	11
0	11
0	1
0	0
0	0
0	5
0	10
0	3
0	1
3	3
0	2
44	9
0	3
0	1
0	3
0	13
0	0
0	1
0	1
0	0
0	1
0	0
0	0
0	7
0	16
1	15
0	7
0	7
0	2
0	7
0	0
1453	459
50	459
0	0
0	1
0	1
7	1435
159	1405
33	54
0	779
0	1380
11	185
7	294
0	17
0	16
0	2
2	1
1	570
15	570
0	40
11	0
84	164
0	9
0	12
0	138
2	18
0	117
2	28
0	38
0	17
0	5
15	663
0	739
2	175
0	438
0	443
5	1215
0	2737
1	1528
2	170
0	1531
0	2762
0	2072
10	1031
6	1568
0	0
7	2747
12	1392
0	1403
0	567
0	1205
1	570
1	257
6	87
8	1015
21	574
14	264
0	78
0	4586
130	4808
0	3126
2	3150
0	1426
0	2521
0	874
1	2925
0	330
0	691
0	776
41	1674
2	879
2	1670
0	1677
0	644
4	793
0	492
0	726
0	384
10	296
2	246
21	36
0	95
0	33
0	96
0	93
8	87
0	66
0	85
0	77
0	50
0	72
0	34
0	35
0	22
0	82
0	96
0	23
7	67
19	26
1	24
0	24
0	91
0	36
0	55
0	20
16	44
100	214
874	434
1	401
0	204
0	33
1	15
0	1
0	1
0	0
0	0
0	0
0	0
0	1
0	1
0	0
1029	0
0	0
0	0
1	0
0	0
0	0
0	0
0	0
0	0
0	0
0	5
0	5
10	14
1	16
38	15
2	55
0	83
0	84
0	79
0	5
0	35
0	42
0	31
0	16
1	10
0	14
0	14
0	9
0	5
0	10
0	8
0	7
0	9
0	4
0	2
0	1271
0	1224
0	173
1	115
74	1223
0	41
0	35
4	0
2	0
0	0
0	0
0	0
0	1
0	5
1	4
13	19
0	0
3	0
0	0
0	158
0	247
0	154
0	245
0	199
0	56
1	21
0	1
2	173
0	10
0	12
0	2
0	3
0	8
1	11
2	4
1	10
14	4
0	4
3	3
0	180
0	234
0	0
0	0
1	7446
0	7194
0	7450
0	7341
0	7340
0	7629
11	7340
0	7499
5	7166
1	7475
7	6990
6	6804
2	7205
167	6514
0	6891
0	264
5	6073
0	992
0	5397
0	3786
0	3660
0	3709
1	808
0	0
0	0
0	0
0	0
2701	6
4	205
12	190
0	0
3	180
0	167
2	130
0	12
0	8
5	52
0	174
0	187
0	200
0	190
2	177
0	197
0	200
0	187
0	190
0	144
0	95
9	15
0	32
4	30
531	0
0	967
0	1077
2	740
0	151
0	1019
0	186
1	79
0	838
0	264
3	222
1	230
0	171
1	62
1	59
5	19
15	0
9	7
0	0
0	0
0	0
0	0
0	0
0	0
0	694
0	792
0	744
0	692
0	692
0	708
0	4
1	3
0	0
0	3
0	1
0	3
0	0
0	1
0	0
0	0
0	0
0	1
0	1
0	0
0	0
0	1
0	1
0	0
0	0
0	0
0	101
3	261
0	260
0	376
1	285
27	351
13	61
21	332
28	47
0	1
0	0
0	0
0	0
10	472
0	467
5	279
1	287
1	178
5	182
0	165
0	129
1	291
2	277
61	1698
0	215
10	1521
0	0
0	0
0	0
0	0
2	0
0	0
0	0
0	0
0	0
0	0
0	0
0	0
0	0
0	0
0	1
0	0
0	0
0	1
1	3
0	3
1	0
0	0
2	0
484	1
0	2
0	2
0	2
0	2
0	2
0	2
0	0
0	2
1	76
66	484
0	30
1	453
0	19
2	52
0	0
0	0
0	0
1	76
0	449
0	697
0	1078
0	88
0	92
1	50
0	642
0	1166
0	739
0	50
1	82
0	110
0	577
0	113
0	557
0	72
0	84
0	49
0	131
4	154
1	89
0	79
0	4
0	2
0	0
0	0
0	0
0	0
0	0
0	0
0	3
0	40
1	6
0	42
0	16
0	3
2	2
0	2
0	2085
0	2084
0	30
0	1697
0	39
1	36
9	181
0	102
0	1004
0	1033
1	1586
3	1504
0	1670
0	1558
0	1038
0	1632
0	127
1	108
0	182
0	146
8	66
0	681
0	91
2	210
13	834
1	98
2	88
1	117
0	2
0	2
0	44
1	42
0	41
0	7
4	9
0	2
1	0
216	87
1	87
0	0
0	106
0	0
0	112
0	110
0	1
0	98
0	57
0	1
5	6
0	0
0	14
0	9
0	111
3	104
7	6
0	2
0	1
1	0
1	93
10	536
0	82
0	10
1	535
0	0
0	52
0	163
4	390
0	43
0	33
0	32
2	23
10	7
0	7
0	6
3	0
0	0
0	0
0	0
0	0
0	2
0	2
0	2
0	0
0	2
8	3135
2	383
0	391
45	3128
6	222
0	195
0	210
1	630
0	178
1	244
1	194
13	149
19	208
0	209
0	22
0	18
0	11
0	18
390	342
0	238
0	220
4	21
1	182
0	336
1	36
0	3
0	4
0	3
0	3
0	1
0	0
0	0
0	0
0	453
0	520
0	492
0	460
0	498
0	516
0	502
2	503
0	503
0	494
0	499
0	517
0	489
0	62
0	438
0	7
0	29
0	18
0	24
0	138
0	389
1	11
0	360
0	35
0	23
0	308
0	290
0	14
0	21
0	18
0	228
0	19
0	204
0	176
1	19
1	144
0	136
0	127
0	116
0	92
0	22
5	0
0	1474
0	1609
1	127
0	344
5	726
0	129
82	883
0	455
0	178
44	530
0	537
0	139
6	439
0	271
0	283
2	474
0	15
0	58
0	55
1	24
1	31
0	30
1	20
0	84
0	404
0	1300
1	1127
0	260
0	233
0	1065
1	539
0	493
0	162
0	484
1	82
0	182
0	180
1	286
4	0
455	0
13	406
0	411
0	405
0	270
0	295
0	298
0	284
1	241
0	241
0	94
0	179
1	164
3	161
1	119
0	9
0	96
0	67
0	4
25	214
0	27
8	44
0	92
2	37
0	146
9	37
7	62
0	18
0	18
0	15
0	12
1	2
0	2
0	8
2	2
2	236
0	191
0	29
0	192
6	28
0	23
0	41
0	27
0	18
0	18
0	0
0	50
0	52
597	52
0	4
0	1
0	2
0	4
0	4
0	7
2	35
0	8
0	7
0	48
0	521
7	19
0	364
0	569
3	1
0	303
5	61
0	117
0	112
0	113
0	115
1	115
0	104
0	9
0	11
2	13
0	651
0	652
0	645
0	90
0	68
5	21
0	7
0	164
1	9
0	188
0	7
0	313
0	289
0	29
0	18
0	24
0	21
0	36
0	237
0	109
1	7
6	237
0	187
3	4
0	110
0	34
1	233
0	37
0	235
0	233
0	102
0	56
0	19
7	231
0	25
0	16
0	4
0	23
0	19
0	81
0	81
0	7
1	73
2	83
1	404
7	372
1	56
0	46
0	18
8	249
1	76
10	913
9	838
35	167
3	18
3	149
10	143
9	114
0	526
0	6904
0	5845
0	99
1	4936
0	5989
0	6503
12	4706
0	4015
0	3967
93	216
0	1784
5	1751
0	5555
0	3203
0	0
0	0
0	0
0	0
0	0
0	0
0	0
0	0
0	0
0	0
0	0
0	0
0	0
0	0
0	0
0	0
0	0
0	0
0	312
0	234
0	0
0	229
18	379
0	288
0	707
0	701
0	668
0	671
0	239
0	105
0	81
0	98
0	34
0	87
0	87
0	83
0	78
0	79
0	83
0	31
0	18
0	2
0	0
0	47
0	212
0	284
0	249
0	256
0	131
14	493
0	526
0	484
0	376
0	366
10	300
0	403
0	157
0	224
0	172
0	174
6	80
0	7
5	71
0	484
0	0
0	0
0	0
504	583
35	463
22	464
0	324
0	444
0	224
0	207
0	268
0	278
0	160
4	4
98	501
126	509
29	395
30	12
0	0
0	162
0	160
0	105
0	13
0	14
0	158
0	87
0	6
0	91
0	6
0	3
0	2
0	2
0	1
0	1
0	1
0	1
0	1
0	1
0	0
0	0
0	0
0	0
0	0
0	0
0	0
0	0
0	0
0	0
0	0
0	0
0	0
0	0
0	0
0	0
0	0
0	0
0	0
0	0
0	0
0	0
0	0
0	0
0	0
0	0
0	0
0	0
0	0
0	0
0	0
0	0
0	0
0	7
125	234
0	54
0	44
7	206
0	25
0	0
1	0
0	0
0	0
0	0
0	0
0	0
0	0
0	0
0	0
0	0
0	0
0	0
853	423
10	423
3	93
8	40
39	913
3	891
0	909
23	114
0	42
0	326
0	171
103	186
95	326
181	555
4	126
0	141
0	122
0	151
40	403
0	6
0	0
0	6
0	0
0	0
0	26
1	86
2	86
0	42
0	24
0	24
0	18
0	10
0	15
0	16
0	2
0	3
0	3
0	0
0	1
2	0
0	3
1	0
0	2
0	4
0	801
37	835
8	394
0	768
8	463
3	840
5	498
0	779
0	348
0	0
0	331
0	14
0	17
0	14
0	195
0	338
0	323
1	83
0	251
0	0
2	45
0	11
0	12
0	181
0	5
0	12
0	18
0	10
0	12
0	15
4	125
0	6
0	0
0	18
37	108
0	0
0	0
0	15
0	0
0	52
0	75
0	1112
5	2627
90	3098
15	2974
9	83
15	38
1	221
0	427
0	509
7	1547
5	219
1	240
314	84
0	78
5	15
0	0
7	191
0	192
0	94
0	136
0	29
108	6
0	6
0	210
0	91
0	203
3	202
0	181
0	189
1	165
0	163
4	37
12	49
21	72
0	51
0	45
2	53
0	19
1	20
0	7
0	1
0	386
0	29
0	28
0	28
1	9
0	10
2	5
0	6
0	4
0	5
0	5
0	4
15	0
0	888
0	884
0	879
0	470
1	878
0	863
0	885
0	892
0	888
5	339
0	525
0	884
0	879
0	851
1	870
0	913
0	881
0	889
1	239
0	41
3	463
0	871
0	14
0	604
0	464
0	526
1	545
21	80
5	297
0	343
0	118
4	88
280	415
41	239
1	319
3	309
0	65
4	305
3	228
1	87
1	86
0	4
0	4
0	42
1	42
0	4
0	4
0	2823
0	666
0	3777
2	76
1	171
0	4439
0	96
0	98
0	54
1	95
0	88
0	91
0	18
1	6
0	0
0	4
8	6
0	7
1	8
0	10
0	8
0	8
0	8
0	7
0	7
0	8
1053	0
0	0
0	0
0	0
0	0
0	0
0	0
0	0
0	0
0	0
0	0
0	0
0	0
0	0
0	0
0	0
0	0
0	0
0	0
0	0
0	0
0	0
0	0
0	0
0	0
0	0
0	0
0	0
0	0
0	0
0	0
0	0
0	0
0	705
0	692
0	689
8	96
0	26
0	161
0	201
0	68
0	119
0	83
4	190
1	58
0	96
0	74
0	50
0	139
15	261
0	182
0	59
0	54
11	17
0	22
0	1773
15	2053
3	1238
1	279
6	0
1	50
0	256
25	547
1	67
2	545
0	107
0	386
1	43
11	220
0	152
0	65
0	80
10	96
0	80
0	93
0	7
0	8
0	3
0	17
0	12
0	8
0	6
0	53
1	23
0	48
0	56
0	23
0	597
14	1309
0	1299
0	568
3	77
3	68
0	53
0	44
41	945
1	720
0	198
0	15
0	215
0	129
0	121
0	55
0	29
0	1
0	0
0	1
0	142
0	141
0	29
2	0
0	129
0	1
5	6
1	41
0	113
0	118
3	18
0	0
0	0
0	0
0	0
0	0
0	160
234	1430
1	1399
0	1266
0	1223
0	1
2	4
0	9
12	11
0	0
0	10
0	4
0	2
0	4
0	2
0	9
0	11
0	2
0	9
0	4
0	2
0	0
0	0
0	4
11	3630
3	1703
1	3466
8	2462
0	3596
1	1154
0	705
0	3307
0	535
0	22
0	462
0	249
0	349
0	499
1	122
3	111
0	404
0	478
0	127
0	63
0	446
0	453
0	246
2	307
0	0
1	27
0	4
0	4
0	1
0	3
0	3
0	3
0	1
0	1
0	1
0	1
0	0
0	0
0	0
0	41
103	41
4	437
0	451
14	434
0	138
0	371
3	61
0	198
1	13
0	188
0	0
0	0
0	0
0	0
0	0
0	0
0	0
0	31
0	36
0	26
0	1
36	26
0	25
20	229
6	229
1	317
2	317
0	338
1	338
0	196
0	3
0	11
1	106
387	106
0	3
0	3
0	0
0	0
0	0
0	196
0	777
0	170
0	836
0	815
0	777
0	821
0	220
0	192
0	166
0	57
0	0
0	0
0	0
0	0
0	1
0	13
0	12
0	143
0	152
0	15
0	16
0	148
0	149
0	38
0	23
0	139
0	148
2	142
0	149
0	147
0	139
0	21
1	10
0	7
0	124
0	33
0	101
0	9
0	32
0	68
9	53
0	148
0	370
0	126
0	110
0	321
0	225
0	249
0	104
1	155
0	83
5	22
0	198
0	49
0	196
0	141
0	206
0	161
1	3
14	98
1	0
38	370
0	362
0	0
0	202
0	225
0	0
9	32
0	25
0	9
0	4
0	23
0	370
1	38
0	35
68	17
0	29
0	32
4	0
0	4
2	6
0	6
0	2
0	34
0	33
0	2
0	34
0	33
0	33
0	1
0	33
0	1
1	32
0	0
0	4
0	8
0	8
0	10
0	0
0	0
0	79
0	4
4	1586
0	1590
0	85
3	257
0	902
0	33
0	404
1	323
1	1357
0	0
0	1
0	2
0	1
0	0
0	1
0	2
0	30
0	32
0	3
0	29
0	32
0	26
0	29
0	2
0	30
0	32
0	32
3	1
0	36
0	1
0	32
0	32
0	0
0	5
0	8
2	10
3	8
0	31
0	78
47	204
0	138
0	44
0	260
13	206
0	152
1	224
0	99
0	172
0	0
0	0
0	0
0	0
0	0
0	0
9	307
0	279
0	210
0	207
0	131
0	166
0	65
0	63
0	36
8	0
0	11
0	3
0	7
0	22
0	15
0	39
0	15
1	3
0	2
0	33
94	999
56	301
1	877
41	367
0	324
72	577
0	92
0	102
0	832
0	1151
0	1150
4	521
0	832
0	832
0	1036
0	1148
13	1146
0	1091
1	854
0	948
0	93
1	947
0	932
0	421
0	6
1	35
0	32
0	125
0	14
0	472
0	297
0	438
0	295
0	287
0	72
0	116
0	123
0	125
0	9
0	9
0	11
0	6
0	120
0	119
1	5
0	114
0	9
0	44
3	34
0	13
0	19
0	381
1	395
0	367
0	366
1	482
0	392
5	1098
0	4846
0	5943
0	2122
0	1170
118	4716
0	397
2	419
0	6001
1	385
0	439
5	442
2	525
1	124
3	128
20	4873
5	160
4	341
1	330
8	295
0	644
0	82
0	125
0	279
98	1446
24	1387
0	851
42	46
0	0
0	0
0	0
0	0
3	32
0	32
0	23
0	28
0	8
0	4
0	110
0	166
0	19
1	18
0	13
0	9
0	18
1	11
437	0
2	30
0	30
0	29
0	14
0	9
0	7
114	0
2	915
2	1094
2	69
3	135
0	168
0	168
4	116
0	23
1	24
5	1262
0	2744
159	2371
74	1441
3	482
0	1892
8	510
0	389
0	415
2	919
5	11
0	913
2	225
2	420
0	966
3	736
0	442
0	183
1	140
0	253
2	258
0	148
0	115
0	113
0	4
0	1517
0	1617
0	1521
0	1514
0	1278
0	1514
0	1515
0	0
0	201
17	944
0	937
0	919
0	911
1	781
1	847
1	495
0	547
0	467
0	271
0	72
0	55
0	74
2	40
0	40
0	1
0	0
0	1
0	0
494	0
0	1
0	1
0	0
0	0
1	1
0	1
0	1
0	1
0	1
0	14
0	15
0	21
4	26
9	35
0	34
1	34
0	2
0	2
0	0
0	170
0	170
0	114
0	65
0	54
0	67
0	63
0	59
1	21
0	481
69	436
0	505
65	477
0	118
2	127
0	126
2	486
1	136
17	130
0	58
1	53
0	56
0	12
0	25
0	0
0	6
0	123
1	277
0	279
0	275
22	26
0	279
0	275
0	277
0	17
0	172
4	12
0	111
0	111
5	6
0	114
0	4
8	1
0	102
0	63
0	97
0	97
26	129
0	110
0	116
0	25
24	1678
0	542
0	1637
0	1485
0	1441
0	995
1	1691
1	152
0	152
0	117
0	37
1	524
0	48
0	371
0	314
0	309
0	283
0	144
0	4
0	611
0	500
0	1
0	0
0	1
0	1
0	0
0	0
0	0
0	1366
9	1274
108	1305
1	219
0	1351
0	1198
0	1191
0	1016
4	231
0	640
3	26
1	246
0	722
0	0
0	0
0	0
0	0
0	0
0	0
0	0
0	0
0	0
0	0
0	0
0	0
0	0
0	0
0	0
0	0
0	0
0	0
0	0
0	0
0	0
0	0
0	0
0	0
0	0
0	0
28	47
1	0
12	51
2	47
3	14
0	15
5	61
0	2
3	8
0	61
952	295
2	295
0	169
1	107
0	10
0	11
0	14
0	13
0	12
0	12
0	6
0	12
0	4
0	4
0	3
0	0
0	0
0	0
0	0
0	0
0	0
284	26
3	27
0	1
0	1
0	0
3	5
0	5
0	2
0	2
0	2
0	2
0	1
0	0
253	20
0	18
0	10
0	2
0	0
0	0
28	258
1	250
0	121
0	114
0	122
0	15
16	192
336	191
1	72
0	51
0	55
1	43
2	47
0	14
3	3
0	3
0	0
1	1024
0	970
1	764
0	555
0	108
0	94
1	239
1	79
0	85
1	85
2	85
0	10
1	3
0	15
2	180
0	9
0	0
0	11
0	181
0	119
0	13
0	1
1	4
0	164
0	16
0	69
0	14
2	10
0	20
0	22
0	8
0	1705
0	1645
2	1120
3	1431
0	1478
1	1477
0	1382
8	791
0	747
2	169
3	26
15	0
615	293
3	21
0	220
0	66
0	36
0	1
0	51
2	163
0	5
0	4
0	6
0	3
0	4
0	3
0	0
0	0
0	1
0	1
0	1
0	0
0	1
0	0
0	1
0	1
0	0
0	0
0	0
0	0
0	0
0	2
0	2
35	374
19	219
0	8
0	247
1	60
1	134
1	164
0	113
0	71
0	22
1	86
0	41
0	217
2	225
0	19
2	217
1	46
2	47
0	20008
0	15429
0	16766
0	15525
0	10455
0	17188
0	10237
0	16489
0	20257
5	15045
39	20199
0	17127
0	16848
1	19202
2	10336
6	19664
0	20749
0	14612
0	2078
2	6047
1	19426
0	19488
1	19463
0	16823
29	18673
2	1314
20	18355
0	17979
0	14745
17	18280
0	8884
0	2637
0	5694
111	89
0	89
0	18
1	3963
0	5977
16	837
3	5686
0	5686
0	5473
0	6016
0	5927
0	5002
0	5966
1	5962
0	476
0	1851
228	5002
28	37
0	221
1	114
109	226
0	212
1	142
2	54
0	155
7	0
1	1
0	0
1	1174
8	872
0	1137
1	87
1	48
0	1028
0	1115
0	910
0	93
0	46
0	57
0	140
0	85
0	103
0	152
0	62
0	45
6	188
0	53
0	145
0	103
0	125
5	34
2	488
0	32
4	487
0	121
0	14
0	12
0	12
0	27
1	27
0	8
0	0
0	0
0	4
0	2
1	31
0	24
0	9
2	26
0	12
0	5
0	1
0	1
0	4
0	4
0	26
12	157
0	20
0	153
3	136
1	42
4	0
0	56
0	56
0	32
3	48
0	21
23	42
2	1345
0	1429
0	627
1	1427
0	1493
0	1429
0	1364
7	238
2	5
0	191
0	394
0	366
8	345
57	422
87	475
1	393
5	372
0	378
0	177
0	15
0	90
0	151
0	135
0	122
0	122
0	101
0	80
0	82
0	79
0	74
0	38
0	48
5	26
0	53
0	36
0	37
0	47
0	40
0	40
3	33
0	5
0	15
0	7
0	16
0	32
0	29
0	13
0	27
1	23
0	21
0	3
0	0
0	2
0	1
0	0
10	190
1	183
0	120
3	90
0	19
0	35
5	22
1	17
2	6
0	3
0	3
0	54
0	70
0	22
1	23
0	17
0	6
0	20
0	35
1	1
4	12
0	12
0	2
3	37
0	579
7	579
0	45
0	97
0	54
2	36
3	0
0	0
0	0
0	0
0	0
10	338
5	326
1	296
0	0
0	39
1	77
0	38
0	57
0	9
0	7
1	51
0	6
0	19
0	9
0	8
0	10
1	5
0	9
0	11
0	8
0	5
0	3
0	0
0	355
1	348
0	336
0	39
3	36
0	316
0	323
1	330
0	331
0	3
0	4
0	4
0	2
0	4
0	0
0	1
0	3
0	3
0	1
0	0
0	0
0	0
0	0
0	0
0	0
0	28
0	5
0	3
0	6
0	10
0	3
0	5
0	2
0	1
0	1
0	0
0	1758
498	1830
14	1829
4	19
4	236
92	907
9	898
3	177
0	158
1	63
1	0
0	66
0	68
0	69
1	18
0	2
0	6
0	33
0	1
0	29
0	16
0	15
0	7
0	35
0	7
0	0
0	0
0	0
0	7
1	48
0	43
0	50
0	32
1	15
0	186
0	198
0	17
0	204
0	52
0	21
0	50
0	28
0	51
0	187
1	12
0	40
0	37
0	45
0	25
0	34
0	16
0	2
0	0
1	2
0	0
0	2
0	2
0	0
1	0
0	7
0	7
0	6
0	2
0	3
1	5
0	2
0	0
1	4
0	2
0	0
0	0
0	4
0	63
0	192
0	60
0	84
0	192
0	53
0	162
0	192
9	76
0	64
2	184
0	161
1	44
0	70
0	5
1	8
0	13
0	52
1	479
0	423
0	48
0	482
0	358
0	440
0	292
1	405
0	243
0	357
0	356
0	453
0	104
0	480
0	433
1	62
0	187
0	373
0	427
1	425
0	178
0	375
0	375
0	131
0	355
312	0
33	1843
1	12
0	12
0	1
0	2
0	2
0	10
0	1
0	10
0	2
0	0
29	142
2	142
0	22
0	122
0	20
0	122
0	122
0	2
0	60
0	142
0	0
0	0
26	1013
0	41
0	980
0	995
0	834
0	296
7	745
0	736
0	386
0	119
9	181
8	388
3	25
1	251
0	339
4	322
1	264
0	434
0	383
2	227
0	218
4	247
0	84
2	104
0	183
0	178
0	93
0	101
0	91
0	94
1	95
0	102
0	48
0	996
0	977
0	0
0	0
0	0
0	0
0	0
0	0
0	0
1	0
0	13
0	13
0	39
0	53
4	19
0	27
0	47
1	4
1	0
0	0
0	0
0	0
0	0
0	0
34	47
2	42
0	27
1	43
0	42
0	15
0	10
4	12
0	7
0	5
1	3
1	57
0	57
0	46
2	37
0	0
1	32
0	71
0	78
0	138
0	109
0	139
0	23
0	129
0	114
0	140
0	121
0	87
0	124
0	116
0	129
0	125
0	123
0	106
0	69
0	96
0	10
0	81
0	149
0	133
0	128
0	83
0	110
0	52
0	38
0	48
0	20
0	20
0	2407
0	2865
0	0
0	0
0	0
0	0
0	0
0	0
0	32
2	11
1869	563
0	246
5	15
2	318
42	251
0	127
0	231
0	230
0	234
0	155
0	47
0	9
0	102
0	67
0	106
0	23
0	1
0	143
0	47
6	140
1	58
0	56
0	132
586	682
2	206
0	170
1	272
0	142
0	267
1	105
0	284
0	282
0	156
0	57
1	390
4	18
0	4
0	3
0	170
0	0
0	2
0	0
0	167
0	44
14	0
0	5
0	55
0	55
0	48
0	8
0	9
0	2
0	0
0	15
0	66
26	86
3	24
3	0
4	39
121	275
0	275
1	38
0	87
0	32
0	328
0	503
0	627
0	873
0	447
3	651
2	847
13	530
0	226
3	12
3	87
1	18
1	45
0	114
0	107
0	105
0	108
0	84
0	79
0	120
0	38
0	54
0	101
1	91
0	119
0	57
0	56
0	92
0	37
0	41
0	94
0	32
0	24
0	53
0	45
0	28
0	32
0	17
0	22
0	24
0	0
0	0
0	0
0	0
0	0
0	0
0	0
0	0
0	1235
0	8737
5	1429
0	2290
0	3459
5	2742
60	2344
0	5309
3	1205
0	2894
0	2409
0	87
3077	591
1	13
3	183
0	320
0	184
0	531
0	610
0	98
0	236
0	24
0	527
6	241
0	100
0	619
0	615
0	382
0	351
0	0
0	0
4	1467
1	246
0	1483
1	10
1	16
65	7115
15	7585
0	7709
45	6323
0	3344
8	3363
0	2464
12	200
3	191
0	240
0	161
0	80
3	146
2	138
0	1396
0	924
1	1659
0	1308
0	913
0	1306
1	665
0	590
2	556
16	1094
0	387
2	727
0	1193
0	1497
0	435
1	904
1	648
0	590
0	877
0	349
0	813
0	1128
2	143
0	1428
0	1192
0	634
2	1293
0	214
0	119
0	62
0	232
0	51
0	81
0	128
0	584
2	577
0	541
0	583
0	590
0	744
0	228
0	392
0	479
0	601
0	546
0	3
1	26
0	12
0	36
0	287
0	79
0	88
0	279
0	49
0	63
0	49
0	10
27	179
0	96
0	8
0	127
0	124
0	109
0	76
3	16
8	46
0	34
0	15
0	12
0	11
293	92
0	55
0	37
9	30
0	25
0	21
0	6
0	8
5	86
16	49
0	105
3	80
0	30
16	82
0	34
0	25
0	19
0	19
0	74
0	667
0	11
0	22
1	177
0	580
0	256
0	675
0	677
2	42
3	655
1	186
1	295
0	720
0	336
0	317
0	594
43	700
4	202
0	61
0	301
0	114
7	344
0	30
0	156
0	27
0	170
704	44
0	28
1	16
0	0
0	0
0	0
0	0
0	0
3	0
0	0
11	234
0	109
0	121
0	164
5	75
0	107
0	20
0	77
0	9
0	95
0	4
3	1
0	1
0	0
0	36
0	179
0	156
0	141
0	157
0	148
0	50
0	31
0	35
0	160
0	0
0	0
0	0
0	0
0	0
0	0
16	863
0	837
1	721
0	704
0	278
11	367
0	141
0	191
0	200
0	292
2	115
0	0
160	0
0	742
0	742
0	746
0	742
0	742
0	746
0	747
0	377
0	325
0	202
1	181
0	179
0	134
0	122
11	72
0	113
0	73
0	53
0	46
2	1
1	786
2454	529
9	262
1	147
0	267
51	655
0	685
0	654
0	132
2	442
1	284
0	117
6	165
0	87
0	192
0	151
0	160
0	25
0	429
0	9
0	32
0	204
4	85
0	9
0	150
0	28
0	195
1	18
0	34
0	44
0	39
0	125
0	78
0	27
1	15
0	18
0	12
0	9
4	64
1	25
0	428
0	429
0	153
0	424
0	470
0	399
0	44
0	107
0	391
6	129
0	87
7	117
0	129
2	139
0	494
4	101
0	428
1	98
0	162
0	43
11	158
0	129
0	395
1	110
1	105
11	102
6	26
0	246
7	59
0	44
0	0
0	0
0	14
0	16
1	0
0	0
0	0
0	0
0	0
0	0
0	0
1	0
0	61
0	70
2	75
0	16
0	60
0	11
0	13
0	67
2	13
0	13
0	142
0	358
0	379
0	852
0	1865
0	1828
0	813
0	1833
0	1737
0	816
0	509
0	1138
0	1786
23	570
0	819
121	1865
2	1898
0	788
0	825
2	406
0	884
0	1878
0	1509
0	1144
52	698
0	265
0	1605
3	466
0	982
0	107
0	544
0	591
0	873
0	113
0	872
0	796
0	782
0	565
0	46
0	871
0	792
0	724
0	759
1	24
0	516
0	762
0	777
0	80
0	728
0	2660
3	704
0	546
0	818
2	736
1	857
1	815
0	861
0	135
0	212
0	129
0	297
0	897
0	777
0	869
0	838
0	124
0	780
11	2691
0	8
1	208
0	772
0	172
0	515
1	691
1	209
1	130
3	266
0	45
0	45
324	355
0	340
0	170
0	153
0	164
0	154
0	155
1	76
0	57
0	58
0	16
0	3
0	3
0	2
0	76
0	0
0	0
0	0
0	4014
0	109
17	2437
0	2385
1	2323
0	2077
0	1997
0	1775
0	136
1	196
0	98
0	123
5	73
0	122
4	227
3	109
2	212
4	137
0	927
0	128
0	122
0	120
0	111
0	11
3	8515
0	7863
0	7789
0	7725
0	7705
0	7757
125	7770
1	7697
0	7688
26	8522
0	7695
0	8511
6	8545
37	6965
0	7664
1	8025
0	4203
2	2500
0	6888
1	3100
0	3968
0	4096
6	2110
3	756
0	1290
0	1096
0	1
0	1
0	5
0	5
0	5
0	2
0	3
0	3
0	3
0	1
1	223
2	461
3	544
0	58
0	983
30	945
0	57
0	5
0	260
0	132
0	404
0	420
4	26775
0	29430
0	26837
31	25756
0	168
0	1327
0	1088
0	383
0	655
10	815
0	196
0	382
0	416
1	295
0	282
3	812
0	301
11	477
0	80
0	192
0	32
3	121
1	73
0	1077
0	1145
3	6821
12	6970
0	6820
1	5330
1	6812
2	6815
2	5776
0	5402
114	239
4	9
0	295
0	245
0	277
0	283
0	293
0	285
0	284
0	273
0	293
0	293
0	266
0	284
0	293
0	293
0	283
0	293
0	282
0	292
0	265
0	253
0	281
0	279
0	267
0	226
0	95
0	92
5	42
0	11
0	0
0	0
0	0
0	1207
0	250
0	510
2	501
1	499
0	256
0	10
319	63
18	63
2	364
9	330
3	330
63	304
2	305
4	250
1	8
0	407
1	203
0	199
0	187
0	451
0	299
0	481
0	466
0	205
0	202
0	644
3	434
0	209
0	223
0	418
0	316
0	116
0	283
0	637
1	476
0	484
1	227
0	190
1	50
1	393
2	29
0	517
21	377
8	68
0	2
0	0
0	0
0	0
0	0
0	0
0	0
0	0
0	125
13	1409
0	1455
0	1416
0	113
0	235
0	156
0	47
6	1381
0	146
0	35
1	162
9	371
0	0
1	193
7	585
0	626
0	623
4	629
2	162
1	51
0	0
0	391
0	412
0	75
0	25
0	25
0	2301
0	5263
0	4916
0	5322
0	4864
0	5197
1	5174
0	5224
3	5093
0	0
0	2360
1	2483
0	3452
0	1061
0	33
0	510
7	421
0	1334
0	1061
0	25
0	594
0	429
0	929
0	1421
0	2075
0	2497
0	2113
0	5412
0	5320
0	5197
4	5125
0	534
5	2575
0	26
0	25
0	0
0	2246
2	119
0	5187
0	5380
1	675
0	0
0	0
0	0
0	0
0	293
0	5
0	0
0	529
0	502
0	660
0	81
0	136
0	276
0	277
0	404
0	289
0	268
0	19
0	1575
0	305
1	266
1	1409
0	308
0	24
0	221
0	288
1	139
0	1087
3	2778
0	1296
0	611
0	611
0	0
0	0
0	0
0	263
19	348
2	159
1	320
0	65
0	159
0	145
5	165
0	84
1	289
0	81
0	0
0	0
0	0
0	0
0	0
0	0
0	0
0	0
0	0
0	0
0	0
0	0
172	32
0	32
8	33
9	33
0	0
0	29
0	29
0	27
0	1
0	6
0	6
0	5
0	4
1	5
801	76
4	43
7	33
0	1300
1	1317
0	324
0	1191
0	1212
0	70
1	6
7	70
0	431
1	409
1	235
2	121
0	286
0	76
0	344
3	198
0	359
0	373
0	364
0	354
0	253
0	212
1	176
0	37
0	30
0	74
0	16
0	74
59	115
1	40
0	126
0	19
0	89
0	84
5	90
1	88
0	1
4	2
0	6
0	4
0	0
0	4
0	207
0	191
0	289
471	289
388	100
0	79
5	1
2	20
0	52
0	90
0	2
0	0
0	0
0	0
0	0
0	0
0	292
0	263
0	314
0	274
0	292
0	294
0	287
0	292
3	265
0	279
0	244
0	291
0	259
0	283
0	271
0	294
0	257
0	133
0	3064
0	3158
6	3226
48	3318
0	3156
17	236
1	99
30	101
0	63
0	182
1	28
0	0
0	0
0	0
0	0
0	0
15	2
0	60
1	0
0	73
34	127
0	106
160	127
0	122
0	16
1	7
3	0
0	179
0	96
7	176
0	40
67	897
0	792
8	223
1	105
2	72
0	20
0	72
7	65
0	63
2	66
0	8
1	50
0	9
0	1299
1	1282
1	70
4	4
0	250
0	258
75	491
0	184
576	346
0	280
2	77
14	49
0	97
0	72
2	66
0	55
0	192
2	180
3	117
0	35
1	100
0	59
0	29
0	53
1	9
0	11
0	428
0	434
0	168
0	214
0	114
1	6
0	87
0	76
0	24
0	30
0	13
0	63
0	0
0	0
0	0
0	0
0	0
0	0
0	0
0	0
0	0
0	0
0	0
0	0
0	0
0	0
0	0
0	0
0	0
0	0
0	344
2	343
0	349
0	253
6	318
0	329
0	325
0	230
0	92
0	20
0	5
0	13
2	54
0	55
0	3
0	3
0	0
0	0
0	2
0	514
0	62
11	177
0	525
0	10
0	40
0	117
2	82
0	113
0	407
0	42
0	76
0	59
0	69
0	202
5	238
1	235
0	273
0	275
0	275
7	66
2	30
0	15
10	30
3	57
1	153
0	38
0	20
7	125
0	106
0	58
0	35
0	32
0	31
1	80
0	19
0	55
0	58
0	47
0	35
1	24
0	0
0	0
0	4
0	2
427	2075
21	1995
0	205
1	166
0	0
0	0
0	25
0	29
0	14
0	53
8	53
1	33
1	13
0	29
7	49
0	1342
0	1023
0	672
0	1078
1	920
1	768
0	1017
1	793
4	796
0	1209
3	661
0	302
0	553
0	1161
0	1061
0	1342
0	795
0	349
0	600
0	1188
0	665
10	196
0	360
0	550
0	677
0	706
0	673
0	0
0	0
0	0
0	0
0	0
0	0
0	0
0	0
0	0
0	0
0	0
0	0
42	0
0	4
0	4
0	2
0	2
0	1
0	0
0	0
2	20
0	57
0	111
0	137
0	138
0	61
0	9
0	26
0	22
0	14
0	126
0	129
0	140
0	22
0	60
0	131
0	131
0	2
0	55
2	70
0	7
2	55
0	19
0	3
0	491
7	495
3	496
0	354
1	60
14	185
1	50
0	48
0	25
0	0
39	1663
0	705
3	1634
0	163
4	507
4	381
9	225
14	212
0	221
0	144
0	245
0	685
0	688
0	61
0	631
0	152
0	691
0	70
1	139
1	267
0	164
0	210
0	672
0	68
0	139
18	51
4	66
3	203
0	251
5	236
0	162
1	24
0	6
8	3
1	80
6	251
0	2357
0	2388
0	2333
0	2292
0	2238
0	520
0	0
0	0
0	0
0	0
0	0
0	595
2	602
0	605
0	603
0	597
0	600
0	596
0	600
0	600
9	614
1	590
0	591
1	595
0	351
0	351
0	329
0	89
2	10
0	4
0	0
0	3
0	4
0	0
1	0
0	3
1	3
0	5
1	5
2	6
0	385
1	356
9	124
1	304
0	69
0	249
0	107
9	218
3	180
4	109
8	1306
2	1321
0	15
0	388
0	940
2	836
0	832
0	872
0	4
0	7
0	65
0	80
0	36
0	11
0	66
0	18
0	1260
0	290
0	302
0	306
0	305
0	258
0	98
5	91
1	88
13	101
0	79
1	401
0	73
0	129
3	356
1	384
0	396
3	378
1	12
1	4
0	250
0	221
0	14
1	12
1	240
0	7
0	11
0	17
0	24
0	14
0	14
0	233
1	0
0	10
0	233
0	233
0	19
0	13
0	35
0	7
0	20
2	195
31	0
2	359
0	556
0	589
0	606
0	658
0	513
4	498
0	498
0	551
2	570
0	505
0	461
0	561
0	234
5	282
0	338
0	68
0	212
0	248
0	160
0	144
0	134
790	492
4	244
9	247
0	8
0	24
0	5
0	5
0	12
0	19
0	18
0	1
0	3
0	3
0	0
0	3
1	0
0	0
0	708
0	716
0	645
2	565
0	552
0	637
0	605
0	541
0	480
0	409
0	0
1	7
0	6
0	4
0	3
0	0
0	0
0	6
0	6
0	1400
0	1362
0	1211
0	1417
1	1353
1	1293
0	1295
0	152
0	10
0	6
0	1310
0	1348
187	19
1	19
42	6713
0	716
0	1239
1	6740
1	144
0	309
0	575
0	494
0	270
0	6678
0	308
2	574
0	639
0	2199
1	6635
10	20
0	638
1	820
0	605
0	679
0	622
0	456
0	909
0	6651
2	8
0	410
0	314
0	596
5	282
0	870
0	843
0	622
0	1
5	30
0	134
0	342
1	930
6	545
2	530
0	402
9	517
3	1170
16	537
4	1343
0	6662
2	369
0	422
0	241
0	1047
0	1043
0	916
0	858
3	998
0	773
0	792
0	420
5	268
0	199
0	0
0	0
0	0
0	0
0	0
0	0
0	0
0	0
70	343
1	121
0	332
2	91
2	63
1	88
0	56
0	38
0	94
50	146
5	38
0	129
1	21
0	9
0	5
0	5
0	5
0	2
0	6
0	21
0	21
0	6
0	5
0	3
0	0
0	0
0	0
0	0
0	0
0	6
0	5
0	6
0	4
0	6
0	4
0	2
0	0
0	2
0	0
2	293
0	293
0	45
448	0
55	106
18	524
0	473
26	458
1	0
0	0
0	0
1235	2489
1	180
0	148
0	2156
0	627
0	696
0	0
0	0
0	0
0	0
3	0
0	4
0	4
0	6052
1	6071
14	4846
0	4854
6	4569
3	4246
0	3605
0	3529
0	2911
7	2521
4	1500
0	1523
3	1243
0	116
0	1237
22	1127
0	1228
0	1270
0	381
7	1138
0	699
20	1042
16	531
18	1113
224	144
1	49
0	46
0	116
4	4
0	10
7	23
0	23
0	0
0	0
0	17
83	86
0	502
49	24
3	293
0	502
3	95
0	502
0	391
0	397
0	290
0	23
1	26
0	70
26	77
10	74
0	192
0	0
0	0
0	0
0	0
0	0
0	0
0	0
0	0
0	0
14	712
0	475
0	655
0	661
0	225
1	170
0	602
0	635
0	633
0	545
0	486
0	633
0	634
0	607
0	519
0	548
0	590
0	544
0	644
0	564
0	533
1	683
0	88
0	70
0	594
0	622
1	600
0	642
0	17
0	470
0	579
0	628
0	320
0	595
1	559
0	501
2	344
0	390
0	606
0	596
0	162
0	479
0	521
0	220
0	443
1	361
0	123
0	139
1	60
0	45
833	257
0	12
2	34
0	139
0	89
4	110
1	61
4	2
0	2
0	0
0	0
0	0
0	1
0	3
0	0
0	0
1	4
0	1
1	761
0	89
23	832
3	770
0	146
0	388
0	154
3	62
0	1
0	1
0	1
0	1
1	0
0	0
0	0
2	76
0	2166
0	2158
6	126
0	28
7	91
0	91
0	28
4	0
0	0
0	0
0	0
27	4
1	4
1	35
0	245
8	272
1	69
0	216
0	140
0	53
10	194
0	67
0	177
0	40
0	19
2	26
0	73
0	83
0	79
3	0
1419	295
0	43
0	181
0	2341
0	2349
1	0
153	983
7	990
4	34
1	760
0	181
2	103
1	113
11	221
10	120
0	97
0	170
0	222
0	123
0	116
0	105
0	81
0	56
0	32
3	33
0	30
0	25
0	0
0	2
8	15
0	18
72	768
0	529
10	509
0	444
0	515
17	478
1	413
0	378
0	107
0	89
0	114
72	77
0	77
0	2
6	6
5	5
0	2
0	2
702	401
0	364
4	223
0	58
19	22
0	22
0	0
1	6
0	4
0	1
0	3
0	322
1	461
66	327
0	469
10	174
0	84
0	651
0	697
43	34
14	9
0	249
4	109
20	546
0	289
1	657
0	731
0	8
0	517
1	220
0	513
0	559
0	394
0	637
0	49
18	8
2	473
0	23
1	23
7	15
0	4
0	4
0	0
0	0
0	0
0	0
0	0
0	0
0	0
0	0
0	0
0	0
0	0
0	0
0	0
0	7
0	7
0	7
0	13
0	13
0	8
0	8
0	1
0	4
0	5
0	4
0	2
0	3
0	2
0	2
0	1
0	0
1	18
0	17
5	120
1315	357
0	237
12	761
0	3897
30	3651
0	3853
2	3661
0	3440
0	1317
0	3624
0	3751
5	3741
0	3702
9	3736
2	3593
0	292
0	330
0	262
0	144
15	94
0	0
0	212
0	208
0	295
0	180
3	267
5	273
1	176
0	169
0	166
0	67
1	116
0	0
0	0
0	0
0	0
0	235
1	239
0	357
1	56
0	362
2	24
0	143
0	140
0	148
0	360
2	139
0	129
0	122
0	23
1	47
1	0
1	7
3	37
0	36
0	31
0	30
0	31
0	3
0	7
0	5
1	3
0	5
0	0
0	0
0	0
5	0
0	126
4	118
0	132
0	184
2	1938
2518	555
2	555
0	170
4	214
0	84
59	0
0	3
0	0
0	0
0	0
0	3
1	0
0	3
6	1221
13	780
0	161
1	60
0	1223
1	158
0	128
0	764
0	1884
0	1722
1	1841
0	1785
0	1756
0	1543
2	1102
0	963
1	139
0	55
1	49
0	57
173	226
0	69
1	33
0	22
0	7
0	197
0	222
0	0
0	19
0	14
7	90
0	35
0	26
0	11
1	11
0	11
0	9
0	9
0	321
0	339
0	369
110	1575
10	559
1	1580
1	1408
0	431
0	128
0	69
0	101
1	366
0	115
1	108
0	108
0	28
0	923
0	507
141	923
0	0
0	0
0	0
289	409
5	156
0	351
0	76
0	208
1	84
0	31
0	217
0	155
1	75
0	926
1	347
0	514
642	942
0	319
0	380
0	306
0	387
0	726
0	731
0	519
26	439
0	223
0	561
0	294
0	6
0	6
0	5
0	1
0	1
0	1
0	1
0	1
0	1
0	1
0	1
0	1
0	1
0	1
0	1
0	1
0	1
0	1
0	1
0	1
0	1
0	1
0	1
0	0
0	0
0	0
0	0
0	0
0	0
0	0
0	0
0	0
0	0
0	0
0	0
0	0
0	0
0	0
0	0
0	0
0	0
0	0
0	0
0	0
0	0
0	0
0	1
0	1
0	1
0	0
0	0
0	0
0	0
0	0
0	0
0	0
0	0
0	0
0	0
0	0
0	0
0	0
0	0
0	0
0	0
0	0
0	0
0	0
0	0
0	0
0	26
0	32
0	24
0	0
1	16
5	38
0	38
0	25
0	26
0	25
0	34
0	10
0	244
0	241
1	433
0	876
0	25
0	56
1	798
0	831
3	151
1	169
0	833
0	105
0	852
1	396
9	233
0	738
0	208
0	43
0	632
0	160
0	140
0	124
5	139
0	286
1	194
0	301
0	300
0	275
0	266
1	220
0	240
0	240
0	198
0	149
0	195
0	131
0	156
0	133
0	132
0	75
0	129
0	111
0	90
0	135
0	136
0	59
0	75
0	79
0	98
0	101
0	49
1	39
0	12
39	12
0	18
0	33
1	8
1	97
0	47
0	369
0	358
3	199
1	48
0	17
0	209
0	209
0	4
0	104
0	8
0	4
0	132
0	112
0	110
15	1941
0	100
2	9
0	13
0	13
0	13
0	0
1	2
0	0
71	0
0	272
0	260
0	268
0	272
2	126
0	25
0	10
0	10
0	160
0	180
0	137
0	193
0	179
2	170
0	75
0	80
0	95
0	28
0	84
0	63
6	63
2	39
0	68
3	76
0	67
0	63
0	92
0	58
8	92
23	351
0	201
19	193
2	40
0	60
2	406
3	384
0	0
16	66
0	32
0	61
0	62
0	62
0	36
0	32
1	41
0	42
0	50
0	60
0	2
0	697
0	714
0	2
0	39
0	63
0	58
0	331
0	248
0	26
2	118
0	214
0	50
0	11
0	37
0	39
0	57
2	195
0	473
1	367
0	310
0	67
0	52
0	0
0	0
0	0
0	0
1	0
0	7
0	15
0	21
0	251
0	1107
0	247
0	213
0	168
2	204
0	463
0	1072
1	185
0	268
0	1094
0	76
0	376
0	360
5	75
0	376
0	140
0	344
0	318
0	340
0	165
3	119
241	98
0	9
1	57
0	18
0	32
61	611
2	493
0	332
0	525
0	41
32	76
0	39
0	31
0	55
1	14
1	12
0	12
93	0
0	630
1	748
0	710
0	741
0	295
0	293
0	241
4	179
2	179
6	134
0	77
0	108
0	118
0	81
0	68
3	95
1	11
0	1
0	1
385	921
18	923
130	923
0	565
3	917
3	917
0	595
599	1016
3	633
0	1021
0	228
14	832
0	446
3	335
0	57
0	296
0	71
0	0
1	183
0	114
0	78
1	72
2	64
0	44
0	39
0	19
0	21
0	9
0	4
0	0
0	0
0	0
49	25
2	16
0	14
117	11
0	4
90	9
0	4
2	5
0	256
0	225
74	19
1	2501
1	4004
446	4115
6	314
1	289
1	250
0	103
0	819
3	143
4	187
0	0
0	0
0	1671
0	1374
0	873
0	32
2	11
0	11
0	23
0	27
1	80
0	38
0	79
3	30
0	125
0	149
0	117
0	150
1	433
2	536
0	0
0	0
0	0
0	0
0	394
0	353
0	363
7	144
0	385
0	158
2	164
1	164
0	1
0	1
0	1
0	1
0	0
0	0
0	0
0	0
0	200
0	201
0	166
0	38
0	16
0	2
0	9
2	9
0	6
0	1
0	8
0	3
0	0
1	0
0	0
2	283
0	242
0	41
0	17
0	277
0	36
0	73
0	30
0	278
0	35
0	48
0	56
7	263
0	33
0	30
0	30
0	269
1	49
6	5058
0	1231
0	5235
13	5012
5	4709
34	325
0	325
0	2704
2	2702
10	2694
45	621
0	2670
136	2696
2	843
0	4802
128	4481
25	3267
88	4747
25	4472
0	223
11	239
0	132
1	247
0	537
0	2
0	2
22	535
0	17
0	3
0	0
0	5
0	12
0	2
0	519
0	287
6	143
0	126
1	273
2	12
0	127
0	117
1	324
0	2
3	359
1	84
2	351
0	84
3	54
1	24
6	18
1	5
0	0
0	0
0	0
17	24
7	34252
0	31195
0	17625
5	33839
0	30157
0	30114
0	33437
91	22840
8	31153
0	29592
0	144
346	135
0	149
2	39
0	6
0	37
0	883
0	857
0	833
0	807
0	416
27	105
0	331
0	120
23	347
0	37
8	92
0	288
0	375
0	1
0	1
0	1
0	0
0	1
0	0
0	0
0	0
0	0
0	0
0	0
0	0
0	0
2	0
9	1
0	1
0	1380
0	1380
0	1381
0	277
0	547
29	1406
5	1309
3	1380
9	157
0	0
0	0
0	0
0	19
1	84
1	31
5	84
0	9
0	8
0	27
0	34
0	2
0	24
13	419
0	377
0	340
30	122
0	59
0	83
6	33
20	81
0	44
80	511
0	79
25	109
27	3
33	570
1	558
0	545
0	27
1	171
9	13
0	0
0	0
2	0
0	0
0	0
0	87
1	89
0	27
0	41
0	54
0	28
1	32
0	14
1	22
0	4
0	10
0	1020
0	1052
8	925
187	216
0	907
0	163
8	711
0	291
3	188
6	43
216	1130
0	1111
0	677
0	36
0	13
0	226
0	15
0	82
0	31
0	0
3	0
0	1
0	1
0	1
0	1
0	1
0	1
0	1
0	1
0	1
0	1
27	764
0	731
0	224
0	8
0	8
0	5
0	6
132	77
0	13
0	64
0	4
0	4
0	4
0	2
0	348
0	7
0	98
1	342
3	5
0	23
12	0
0	217
31	209
2	34
0	27
0	31
11	147
0	47
28	580
3	580
0	25
224	139
1	95
0	77
0	43
815	1434
0	307
11	129
0	151
3	253
0	100
0	281
0	156
0	185
3	160
283	1215
0	62
2	1104
0	196
0	172
0	164
0	275
0	152
1	177
0	0
0	7
117	233
1	147
18	86
0	2
0	0
0	0
0	1
0	0
0	0
0	0
0	0
0	0
0	0
0	0
0	0
0	0
0	2
53	3186
0	3327
0	3253
0	3219
1	3180
1	1895
0	2872
656	659
78	1869
61	437
62	365
0	265
9	373
45	294
1	3
1	11
0	17
1	2
0	1
0	0
0	2
0	2
1	0
0	1
0	17
0	0
0	2
7	1
0	1
0	555
0	505
2	68
0	559
0	604
0	193
0	193
0	90
0	79
0	188
0	162
0	88
0	79
0	190
0	517
0	33
14	404
0	220
0	260
0	147
1	51
0	77
0	99
7	50
8	147
0	0
0	0
0	4
0	4
0	4
0	4
0	0
0	4
0	4
0	4
0	4
0	1694
0	1631
0	1630
1	1607
0	1700
0	1707
2	1700
0	541
0	270
0	1087
0	341
0	93
5	410
4	630
0	477
3	90
0	298
0	213
0	265
0	154
0	154
1	87
7	39
2	370
0	320
0	371
0	173
0	26
4	111
0	31
0	24
0	66
6	78
0	79
0	25
3	2
0	0
0	504
0	569
0	220
0	449
0	164
0	0
0	2
34	3
8	42
9	17
0	35
0	22
603	925
0	917
0	567
0	524
0	819
0	702
0	420
28	358
1	104
5	35
0	0
0	584
0	607
0	621
0	607
0	611
0	601
0	525
1	120
2	271
0	181
0	158
0	33
0	2
0	1
0	0
0	1
0	1
0	2125
0	2060
0	95
0	24
3	169
98	253
0	185
3	187
3	197
9	183
0	85
67	489
0	489
0	197
4	36
2	182
5	1
86	712
0	73
3	13
0	88
0	602
1	639
0	111
1	130
0	8
0	67
1	1
0	43
1	20
1	151
0	86
0	18
648	1233
3	826
0	825
0	69
1	141
0	810
2	164
0	61
0	100
0	218
0	256
3	486
0	0
0	0
0	0
0	0
0	1603
0	483
10	321
0	539
0	522
3	129
1	17
1	86
0	259
0	0
0	0
0	0
0	0
0	0
0	0
0	0
0	0
0	0
0	0
0	0
0	0
0	0
0	0
1	59
0	59
0	83
0	30
1	74
7	83
0	84
3	47
0	60
0	64
0	72
0	66
0	86
2	41
1	4
5	8
0	49
0	58
1	13
1	45
0	46
0	7
0	0
0	12
0	16
0	111
0	109
0	100
0	77
4	55
0	114
3	14
0	86
57	86
0	0
0	0
0	5410
424	4242
0	4303
0	4162
0	4296
0	4137
0	4279
0	2155
0	5400
3	4344
0	0
0	0
0	0
0	1
0	0
0	1
0	0
0	1
0	1
0	1
0	0
0	1
0	0
0	1
0	0
17	68
0	59
10	64
0	53
0	53
0	42
0	33
0	7
0	22
0	9
0	6
0	10
0	13
0	11
0	14
0	0
0	0
1	0
2	1
0	0
0	13
0	1
0	2
0	0
0	0
0	9
0	8
0	1
0	1
0	3
0	4
0	1
0	1
0	1
0	1
0	0
0	0
0	1
0	0
0	0
0	0
0	0
0	1
0	1
0	1
0	0
1	444
0	249
0	457
1	76
0	147
3	147
15	154
0	86
2	158
0	25
0	137
0	34
1	32
0	129
1	30
0	28
8	27
5	26
0	16
10	16
12	25
0	5
1	22
0	28
0	25
0	14
0	6
4	18
1	160
0	160
1	129
0	23
1	47
0	35
2	2005
5	1969
0	2120
10	1903
0	903
0	968
0	673
1	843
0	950
0	988
0	718
1	114
0	596
0	416
2	438
0	357
10	379
0	162
3	91
0	0
0	0
0	302
0	8
0	305
0	271
0	131
6	3
0	4
0	4
5	1
0	36
0	36
0	31
0	1
0	1
0	19
3	73
0	23
2	71
0	54
0	54
0	70
0	16
0	8
2	44
0	2320
0	2338
0	2320
2	2046
0	756
0	174
0	41
0	216
0	30
2	3
3	124
3	143
2	1201
0	1183
1	11
2	247
3	159
0	193
0	29
1	89
0	0
22	395
3	112
0	10
0	438
4	551
11	574
7	517
1	513
15	194
1	165
0	254
0	133
0	0
12	109
0	124
3	63
0	64
0	27
0	47
1	53
0	74
0	61
0	4
1	3
0	4
0	4
0	3
0	1
0	15
3	860
8	860
0	11
0	227
0	4
0	329
0	336
5	299
0	7
0	85
0	68
0	93
0	1
0	1
0	0
0	0
0	0
0	0
0	0
0	0
0	0
0	1
0	1
0	0
0	323
0	330
0	323
0	323
1	307
0	294
0	314
1	175
2	245
0	354
0	359
6	158
0	204
11	294
0	272
8	147
0	267
0	50
1	42
1	48
0	5
0	0
0	0
0	0
0	0
0	0
0	0
0	0
0	0
0	0
0	0
0	0
0	0
0	0
0	0
0	995
0	1172
0	1138
8	1030
0	1086
6	104
3	362
1	120
0	37
2	82
0	119
1	243
0	369
0	402
0	77
2	52
0	76
10	9
8	4
35	168
0	6
0	26
0	0
0	0
6	157
0	159
0	159
1	55
0	0
0	0
0	843
0	821
12	499
2	44
0	12
0	11
0	21
9	117
0	48
0	127
0	0
147	844
2	816
0	48
1	31
0	16
0	7
0	2
3	6
0	0
2	43
0	43
0	25
0	4
0	1
2	1
0	91
0	24
0	0
0	2
41	1051
0	1051
55	0
92	1025
0	845
9	88
0	234
4	185
0	948
0	93
0	170
4	606
2	341
0	353
5	99
0	116
3	182
0	6
0	6
0	9
0	6
0	5
0	5
0	1
0	3
0	0
0	549
19	666
12	541
0	667
1	559
0	504
0	288
0	194
0	227
0	206
0	0
0	0
0	2
0	1
0	2
0	2
1	135
0	894
0	52
0	889
0	22
0	2
5	28
0	142
0	0
1	2
0	10
1	3
1	8
0	2
0	6
0	1
0	81
0	81
4	58
3	396
275	510
1	48
1	33
5	442
1	316
0	5
2	28
7	268
0	268
0	21
15	48
9	44
0	18
0	12
0	10
0	17
0	15
2	14
0	15
0	18
0	11
3	10
0	8
0	14
0	22
19	545
0	542
1	190
3	0
0	0
4	36
0	378
0	49
0	427
0	342
0	172
0	320
2	406
0	407
0	372
0	398
0	427
0	459
0	373
0	390
0	373
0	408
0	425
0	447
0	391
0	118
2	39
0	401
0	448
0	375
0	324
0	100
0	324
1	48
0	430
0	146
0	438
0	428
0	44
0	423
0	430
0	98
0	438
0	424
0	30
1	13
0	329
0	330
0	256
20	252
0	148
0	107
1	3
11	110
0	91
0	90
1	0
0	4
3	15
1	3
0	110
0	185
0	166
0	185
0	182
0	205
0	211
0	208
0	221
0	201
0	220
0	217
0	207
0	28
0	199
0	190
0	202
0	203
12	238
0	171
0	206
0	79
1	168
0	214
0	6906
0	1537
0	0
0	0
0	5
7	29
0	10
0	26
0	13
0	13
0	16
0	39
0	689
0	94
0	622
1	81
35	216
0	406
1	193
3	96
0	101
9	216
0	429
0	211
6	614
1	485
0	368
11	95
9	391
0	139
0	156
1	94
17	222
3	240
0	44
10	170
0	154
0	5514
0	5604
0	5733
0	5759
1	1159
0	5673
0	2298
1	529
0	319
0	1138
0	4617
0	5521
5	2256
0	5650
0	1223
0	2033
0	5525
0	5633
0	5592
2	1953
0	5581
0	5545
0	5436
0	3754
0	954
0	994
0	3734
1	359
0	4677
0	1870
0	2346
0	5494
0	950
0	160
0	661
0	434
0	170
0	161
0	4404
0	4399
0	4180
0	2768
0	576
4	148
0	338
0	437
0	263
0	693
0	162
0	221
6	58
0	1
0	1
0	1
0	67
0	43
1	171
0	216
7	103
361	518
265	491
21	84
0	72
0	117
3	157
0	100
3	40
2	40
0	163
0	129
0	136
0	109
2	102
5	43
0	77
0	76
0	77
3	77
244	0
12	90
0	25
0	28
4	13
0	50
0	0
0	0
0	0
0	0
0	0
0	0
0	0
9	6
1	1
0	0
0	14
0	18
0	12
0	23
0	12
0	25
0	23
0	21
0	15
0	12
0	8
0	4
0	6
0	2
0	4
0	3
0	3
0	1
0	0
0	0
0	0
0	0
0	0
0	0
0	317
0	310
0	315
0	30
0	284
0	56
0	262
0	290
0	82
0	129
0	87
0	83
0	161
0	21
0	42
0	102
0	57
0	115
1	174
0	134
1	304
0	70
0	32
0	317
0	45
0	73
0	316
2	56
0	63
0	117
0	110
0	288
0	93
0	55
0	33
0	34
0	130
0	0
0	0
0	0
0	7
0	458
0	29
0	458
0	461
1	451
1	458
0	452
0	502
0	1751
0	2829
0	2336
1	2561
0	2650
0	2607
0	204
0	2569
0	724
0	2389
0	2384
0	2547
0	2364
0	2213
0	2676
1	2398
0	2638
0	2311
0	2678
0	2629
0	2454
0	2420
0	2159
0	2046
0	922
0	2203
0	1910
0	1491
0	427
0	1574
0	1092
0	1304
0	2108
0	512
0	511
0	1399
1	254
0	62
1	103
0	276
3	114
17	1558
0	307
0	303
10	1063
0	62
34	253
0	3
1	8
0	3
0	61
0	0
11	1
0	1
0	1
0	1
0	1
0	1
0	1
0	0
0	0
0	0
0	0
0	0
0	0
0	0
0	366
0	362
0	346
0	337
0	331
0	332
1	69
0	327
0	0
3	18
1	120
0	111
0	86
0	74
0	64
0	44
1	34
0	40
0	17
0	0
0	0
0	45
0	45
1	2
0	39
0	4
0	8
0	7
0	5
0	4
0	4
0	0
178	329
0	20
55	145
1	221
0	13
0	25
0	5
1	15
0	154
0	20
2	15
2	31
0	28
1	27
0	97
0	42
0	42
0	39
0	26
0	8
3	57
1	15
0	154
1	157
1	191
6	47
2	31
0	45
0	63
0	57
0	13
0	3
0	48
0	687
0	311
0	177
0	20
4	23
0	5
0	4
0	4
0	0
0	2
0	0
0	0
0	1
2	21
0	21
0	0
0	0
0	0
0	0
0	0
0	0
0	0
0	0
524	262
3	262
35	2
0	0
0	2
0	2
0	1
0	0
0	615
0	591
0	459
4	450
0	94
0	56
0	83
0	126
1	250
0	20
0	0
0	0
0	0
0	0
0	0
0	0
0	0
0	0
0	0
1	25
0	28
0	28
0	9
0	27
0	7
0	1
0	5
0	3
0	4
0	3
0	4
0	5
0	0
1	0
7	3514
0	3431
0	3448
0	3433
0	397
2	224
0	3627
6	2696
0	3511
0	74
0	3314
1	232
0	180
0	3457
0	285
7	0
0	0
0	0
0	0
0	0
0	2363
1	2311
19	2311
0	243
1	551
0	66
7	31
0	293
0	92
0	206
3	134
2	117
1	161
3	108
0	242
0	143
5	490
5	191
0	278
0	114
248	195
0	8
0	14
0	173
0	137
0	102
0	132
1	694
1	157
2	668
0	64
0	123
0	76
0	171
0	104
0	92
0	130
0	100
0	94
1	630
0	12
0	666
0	667
0	660
0	666
0	666
0	0
0	0
0	0
10	0
0	0
0	0
0	0
0	0
0	173
266	173
0	4
2	6
0	29
0	19
0	12
0	24
0	19
0	6
0	20
0	10
0	4
0	4
0	4
0	6
0	1
0	6
0	5
0	4
4	335
14	2246
8	305
4	747
8	288
8	561
0	63
2	56
0	1411
0	97
1	133
0	128
1	133
8	16
0	15
2	943
0	54
3	219
0	219
0	143
0	137
0	1
0	0
4	284
0	4077
2	4161
0	177
0	3824
0	495
0	193
0	880
0	2494
0	2973
0	418
0	419
3	662
2	528
0	178
0	195
12	699
1	67
0	218
0	16
0	130
0	23
0	15
0	7
1	1
0	7
0	2
0	698
0	702
17	3
0	3
0	3
0	3
0	0
0	398
0	406
0	407
0	394
0	76
0	57
0	1
0	2
0	15
0	7
0	0
2	68
0	290
3	288
0	263
0	294
1	38
0	220
0	15
8	22
0	28
0	16
0	16
0	15
0	12
0	7
14	0
0	9
0	2
0	20
1	9
0	19
0	22
0	20
0	21
0	10
0	17
1	8
0	1
0	3
0	1
0	730
0	192
1	118
107	1575
0	71
39	91
0	840
0	1323
0	1471
31	14
0	45
7	1372
1	62
0	45
0	165
0	6
0	174
0	38
0	194
0	28
0	51
0	47
2	87
3	65
0	0
2	13
8	18
7	23
10	15
45	24
1	12
0	20
818	340
3	108
0	288
0	105
0	315
32	84
41	15
0	0
0	0
0	0
0	0
0	0
0	0
0	0
0	0
0	0
0	0
0	0
0	0
0	0
0	0
0	0
0	0
0	0
0	0
0	0
0	0
0	0
2	200
0	4155
1	3957
4	4056
4	198
8	428
2	297
3	132
0	39
4	244
8	206
1	215
2	120
0	223
1	109
0	54
3	583
0	603
5	594
0	299
0	63
0	68
0	36
0	12
0	38
0	57
0	32
0	56
0	32
0	43
0	271
1	70
2	67
0	78
4	0
0	188
7	78
10	76
0	184
0	104
6	62
0	9
27	94
5	14
99	2037
2	11
1	1633
1	1674
0	1413
2	330
0	217
1	118
2	138
0	112
1	215
1	234
0	174
1	89
8	98
0	38
0	84
0	77
0	217
82	217
1	2495
0	1903
3	2194
0	179
4	63
0	33
0	93
3	170
176	170
0	28
0	85
3	3
0	13
0	20
0	21
0	0
0	0
865	163
1270	163
1	3
1	3
0	3
0	2
0	0
0	14
0	5
0	5
0	0
0	1
0	0
0	1
0	1
23	14
0	128
0	0
1	114
0	115
1	56
0	64
0	148
0	60
0	28
0	344
0	30
0	44
0	42
0	133
0	217
8	84
0	93
0	145
0	120
0	99
0	83
27	280
0	32
0	64
0	6
1	1
0	1
2	1
45	1188
1	26
0	351
0	364
1	0
2	1127
0	0
0	0
0	0
0	0
0	0
0	0
0	0
0	0
0	0
0	84
0	434
0	425
0	510
2	48
0	147
0	4
0	0
0	0
0	0
0	2
3	2
0	0
0	0
0	0
2874	4934
0	3764
16	3711
0	3284
0	2775
0	1651
0	1842
0	1833
0	1832
0	1429
0	1077
0	1035
18	0
0	3
0	3
0	3
0	3
0	3
0	0
0	0
0	3
0	0
0	0
0	0
0	0
0	0
0	0
0	0
0	0
0	0
0	0
0	0
0	0
0	0
0	0
0	0
0	0
1	926
1	1187
1	1189
0	1236
1	1214
4	1060
0	51
2	1240
0	1240
0	1240
0	0
1	200
0	62
0	54
0	145
0	100
3	96
0	87
716	317
9	34
8	79
2	67
0	47
32	56
2	71
4	124
10	0
555	1097
1	78
0	239
1	0
0	100
0	0
3	160
0	77
0	247
0	24
2	54
50	20
0	102
0	16
2	18
0	39
1	15
0	25
412	180
1	89
2	304
13	410
3	45
1	110
1	47
0	97
0	2
0	1
0	0
0	0
0	244
77	230
0	10
0	32
0	56
38	34
1	0
50	127
4	7
0	127
0	1193
0	1
2	8
0	8
0	0
0	2
0	0
1	0
0	0
0	0
0	0
0	1
0	1
0	0
0	0
0	0
0	0
0	0
0	1
0	0
0	0
0	0
0	1
0	1
0	1
0	0
0	0
0	0
0	1
0	0
0	0
0	0
0	0
0	0
0	1
0	0
0	0
0	0
0	0
15	276
2	276
0	709
0	712
0	707
1	706
0	704
0	707
0	667
0	676
1	678
0	674
0	681
0	679
0	520
0	286
0	289
0	21
0	124
0	42
0	92
0	36
0	831
2	364
0	54
1	101
0	29
0	827
0	139
0	388
0	388
0	343
0	362
0	375
0	391
0	140
0	362
0	365
0	395
0	340
0	391
0	322
0	360
0	360
0	132
0	360
0	389
0	381
0	161
0	390
0	300
0	300
0	384
0	384
0	352
0	397
0	384
0	374
0	347
0	363
0	378
0	328
0	371
0	379
0	383
0	392
0	384
0	408
0	357
0	394
0	387
0	399
0	384
0	404
0	400
0	391
0	400
0	390
0	391
0	382
0	394
0	407
0	421
0	369
0	407
0	361
0	362
0	420
0	386
0	396
0	380
0	353
0	403
0	413
0	405
0	412
0	74
0	409
0	413
0	336
0	376
0	385
0	392
0	405
0	387
0	279
0	300
0	403
0	395
0	383
0	386
0	403
0	374
0	370
0	266
0	145
0	372
0	343
0	300
0	303
0	303
0	304
0	68
0	332
0	110
0	274
0	203
0	165
0	200
0	198
0	209
0	224
0	120
0	41
0	144
0	52
0	59
0	0
0	0
0	0
0	0
0	0
0	0
0	0
0	0
0	0
0	0
2	416
0	31
4	446
1	446
0	10
1	20
0	22
1	136
0	779
0	756
22	806
0	540
0	157
0	71
3	81
9	16
2	401
0	430
0	405
0	16
0	65
0	406
0	43
0	393
0	53
0	14
0	45
1	343
0	62
0	33
2	46
0	38
0	38
0	23
0	31
0	33
0	35
0	35
0	38
0	6
0	6
0	3
0	4
0	3
0	0
0	2
0	3
0	2
0	4
0	1
0	1
0	2
0	3
0	1
0	0
359	217
0	14
4	98
8	165
2	12
0	12
0	213
0	212
13	216
0	43
0	14
0	11
0	201
0	212
0	12
0	213
0	0
0	1035
0	875
0	936
0	1015
0	877
0	533
0	242
7	8365
0	8233
2	5921
0	8089
146	8041
0	7304
26	3884
0	2379
0	1870
0	2135
1	2149
0	2152
6	2152
0	1986
0	1925
3	2096
0	2053
0	2023
2	2037
0	2186
1	1943
2	2112
0	1773
1	606
0	1787
0	547
0	1492
0	1373
0	1429
0	1491
15	1256
0	1074
0	1358
0	385
0	942
0	725
0	209
0	413
0	367
2	254
0	431
0	315
1	279
0	273
4	82
0	0
0	0
0	0
0	0
0	0
0	0
0	0
0	0
0	0
0	0
0	0
0	0
0	0
0	0
0	6
0	9
0	10
0	6
0	6
0	4
0	9
0	4
0	12
0	507
0	242
0	192
0	127
0	99
6	523
9	20
0	235
0	1546
0	1487
0	882
0	1056
18	312
139	292
2	141
90	124
0	152
0	140
0	259
1	120
0	4
0	4
0	4
0	4
0	3
0	4
0	2
0	0
0	0
1	8
1	8
0	636
1	0
0	635
0	396
0	414
0	314
3	285
6	161
0	335
0	347
0	218
0	44
0	109
0	106
0	117
1	65
0	10
16	43
563	2618
8	267
17	1045
17	189
0	148
0	76
0	197
0	30
1	109
2	37
0	225
1	509
0	990
0	66
0	22
1	674
0	9
1	37
0	35
1	41
0	2
0	18
0	3
1	0
0	3
0	38
0	12
0	38
6	39
0	17
0	3
0	5
1	1
0	38
0	21
309	581
0	523
0	136
2	102
17	6
17	0
0	0
0	3271
37	3271
0	669
0	412
0	412
0	413
0	412
0	412
2	413
0	412
0	595
0	595
0	638
0	463
0	631
0	638
0	638
0	638
0	638
0	638
0	638
0	638
0	390
0	285
0	390
1	627
3	389
0	281
0	575
1	312
0	330
0	226
0	140
0	103
0	146
0	106
0	57
7	11
1	0
0	1537
2	1391
0	1422
0	88
0	50
0	88
0	326
0	326
1	500
0	20
0	20
0	56
0	20
0	1
0	47
0	118
0	1
0	87
2	78
0	52
0	52
0	50
0	84
0	87
0	172
0	50
0	0
0	0
0	0
0	0
0	3
0	3
0	0
0	34
0	57
0	3
0	2
0	25
2	370
0	0
0	0
0	0
1	367
1	0
0	26
0	0
0	5
1	5
0	127
0	1
0	1
0	1
1	1
0	47
0	45
0	24
0	0
0	1
0	24
0	127
8	24
0	202
0	23
0	23
0	202
0	70
1	73
0	46
0	46
2	277
0	697
0	150
3	138
18	135
0	182
1	131
0	39
0	301
0	293
0	171
0	218
0	232
1	141
1	204
0	118
1	85
0	136
0	166
0	124
0	131
3	95
0	88
0	89
0	90
0	97
0	91
0	65
0	10
0	7
0	0
0	0
0	164
0	165
0	197
0	186
5	192
0	191
0	187
1	187
1	165
0	179
1	166
0	164
0	149
0	23
1	28
0	4
0	4
0	13
2	10
0	607
3	171
0	564
0	655
1	127
0	187
0	36
0	643
1	559
1	5
1	16
699	118
1	41
0	46
2	15
0	603
0	27
0	91
0	35
6	242
0	15
5	229
4	232
0	180
0	182
6	26
4	6
7	8
0	33
6	3
4	2
1	369
6	372
0	195
3	123
0	142
0	87
0	78
0	37
0	20
0	11
0	1
0	8
0	5
0	17
0	6
0	20
0	40
0	44
0	6
15	1791
0	1764
5	1788
0	1696
0	1910
0	1832
15	593
21	1051
0	1859
0	1778
0	810
0	1702
0	1717
0	1618
0	1808
7	964
1	64
0	918
0	695
17	590
0	568
0	570
0	360
0	565
0	450
0	361
24	111
0	42
1	111
0	567
0	583
2	389
0	572
0	364
0	86
1	309
0	237
0	650
12	110
0	164
0	179
0	0
1	110
3	48
7	116
143	315
5	112
6	66
570	588
0	185
7	245
1	386
1	0
1067	410
2	245
0	165
33	483
1	476
0	26
0	141
0	88
0	70
0	14
0	0
0	0
0	0
0	0
0	0
0	0
0	0
0	0
0	0
419	339
0	62
0	69
0	17
0	284
1	289
4	270
0	8
0	45
0	36
0	16
0	17
0	24
0	331
0	121
0	329
0	338
0	196
0	320
0	267
0	278
0	206
0	216
0	143
1	131
0	325
6	345
5	218
0	116
0	63
0	108
0	79
0	149
0	91
2	164
0	69
4	31
5	931
0	934
0	565
0	0
3	2206
1	1763
0	1776
0	2585
1	2509
0	1013
3	113
0	123
0	173
0	95
6	0
0	9127
1	7085
0	9082
7	9088
501	7051
38	8935
0	8610
0	8541
22	7621
2	2976
0	1943
0	3073
0	983
0	3421
0	2467
0	0
46	2882
0	4101
0	3237
1	2387
39	1333
0	1901
0	1562
0	1425
0	1476
0	1467
0	1444
0	2213
0	1395
1	1192
0	1420
0	1460
0	1621
0	1603
9	1480
23	1491
98	1030
0	1402
0	539
0	1300
0	1099
0	917
0	821
0	456
0	295
0	0
0	177
0	138
0	101
1	1
0	0
0	0
0	0
0	0
0	0
0	0
5	121
0	96
0	22
0	25
0	4413
2	4468
0	4042
0	4224
3	4163
39	3651
19	3684
34	1949
0	2009
0	1620
2	1952
0	1921
0	1247
0	955
4	1190
0	1182
0	1144
1	1081
0	822
0	940
0	673
3	461
0	650
0	750
0	563
0	478
0	652
0	189
0	528
0	402
0	457
0	415
0	372
68	2709
15	2709
16	286
1	226
55	520
4	505
1	57
0	371
0	303
1	75
0	58
9	99
0	38
0	102
4	112
0	17
0	60
0	87
13	201
0	174
0	210
0	33
0	40
1	463
5	59
1	50
2	16
0	39
0	504
0	104
0	47
0	489
0	58
0	148
0	105
2	28
0	34
0	15
0	842
4	843
0	0
1	0
0	68
0	87
0	96
0	71
1	42
0	43
1	8
0	12
0	0
0	3
0	3
0	3
0	0
0	125
0	58
0	553
0	622
0	30
0	1143
0	901
0	349
0	140
0	186
0	568
0	1149
2	1081
0	538
0	349
0	279
4	1046
0	205
0	819
0	0
3	152
4	927
9	200
3	111
1	67
4	243
18	103
0	59
0	58
0	2
0	6
0	6
0	6
0	12
0	8
0	11
0	4
0	2
3	1875
4	1875
2	462
1	142
0	70
13	773
0	160
3	184
0	46
4	84
0	214
0	215
0	215
0	124
0	44
0	18
1	15
0	15
0	3
0	10
0	5
0	10
0	8
0	1
0	4
0	4
105	144
0	73
6	24
1	131
0	1216
14	1985
20	599
0	1165
0	1791
0	1543
10	159
8	201
2	107
0	107
0	17
1	194
0	3
0	0
0	0
0	0
0	0
0	0
0	0
0	0
0	0
1	1169
0	1010
0	977
0	1028
5	850
5	67
3	578
0	306
3	36
1	508
1	232
0	153
0	6
0	3
2	38
0	5
0	30
0	18
0	8
0	5
0	6
0	5
0	61
0	122
63	208
1	58
0	64
0	126
0	50
1	440
9	440
0	121
0	30
0	20
0	0
0	4
0	1045
0	882
7	928
18	718
11	953
0	760
0	844
1	446
1	935
1	780
12	178
0	4
0	0
2	98
0	116
0	79
0	93
2	89
0	120
51	164
0	179
0	167
0	154
0	74
0	142
3	119
0	96
0	102
4	87
2	99
0	74
2	0
0	0
1	0
0	0
0	91
0	92
0	97
0	112
0	27
146	134
0	24
0	26
0	117
0	41
0	6
42	1480
0	1472
1	1473
0	631
0	85
0	60
5	68
0	83
0	87
2	34
0	43
0	24
0	6
1	29
0	4
0	29
13	16
0	11
0	79
2	494
0	503
0	71
0	61
1	70
3	12
8	335
5	333
5	376
0	501
0	506
0	505
2	506
0	509
48	480
0	330
0	7
0	7
0	0
0	0
0	0
0	0
0	0
322	56
0	55
0	34
0	23
13	20
0	13
158	20
0	15
0	0
43	165
3	96
0	148
0	134
0	100
0	80
0	81
0	36
0	44
0	36
0	35
0	3
0	34
0	30
3	7
0	16
0	0
7	2
1	2
0	94
0	849
0	828
0	275
0	183
0	37
0	40
0	18
0	53
0	52
0	42
0	42
0	2
0	6
0	8
0	15
0	4
31	883
0	4095
0	4972
0	4252
3	3656
16	1148
3	4116
3	752
0	1
0	0
0	3
22	2
3	296
12	297
0	98
0	285
0	1227
13	253
0	1070
1	580
0	1112
0	1205
63	321
0	1053
0	1152
1	598
19	201
25	276
0	373
0	145
0	0
0	0
0	0
0	0
3	114
20	158
1	158
1	1
0	0
0	0
1	456
3	474
5	48
0	43
0	230
0	81
2	71
38	325
0	11
0	294
8	15
0	46
2	46
0	5
0	0
0	0
0	74
0	83
0	95
0	92
0	79
0	96
0	85
0	87
0	78
0	74
0	46
0	39
0	37
0	46
0	42
0	25
0	37
0	29
0	29
0	11
2	0
0	8
0	14
0	0
0	14
0	7
1	7
0	1
0	264
0	409
37	2523
1	103
1	1018
0	2262
0	2365
0	2485
0	2423
0	2140
0	2423
0	466
0	2485
1	238
1	105
0	554
0	2487
0	2485
0	278
0	2485
0	409
0	366
0	781
0	572
0	1808
40	1723
4	1260
21	150
9	1481
11	37
0	0
0	0
0	0
0	0
0	0
0	0
0	0
0	0
0	0
0	0
0	10385
0	10389
0	10389
0	10133
0	10329
0	10332
39	7806
0	10023
0	10144
0	9007
0	10237
0	10276
0	10078
0	10168
0	9580
2	10235
14	10246
0	10012
0	9914
0	9564
0	10031
0	10212
0	10405
0	10209
2	1171
0	10384
0	10404
0	10491
0	5354
0	10406
0	10385
0	10394
0	9700
0	4431
2	10384
0	10278
0	9568
0	10086
0	9728
0	9927
0	10392
0	10140
0	10387
0	5647
1	8843
0	505
12972	404
0	404
0	87
328	179
0	177
0	181
14	90
0	83
0	83
0	83
0	90
0	83
0	21
0	9
0	4
0	1010
0	1021
0	885
0	369
0	510
0	637
0	682
0	714
0	707
0	871
0	883
0	895
0	870
0	907
0	891
0	905
0	905
0	894
0	885
0	315
0	163
0	585
0	532
2	548
0	23
1	28
0	31
1	145
0	18
0	36
0	20
0	33
0	18
2	255
0	42
1	141
0	34
0	90
0	27
5	38
205	0
0	105
0	94
0	0
0	105
7	25
0	252
2	31
0	22
2	147
0	107
0	216
28	60
2	202
2	139
633	113
14	46
0	69
60	177
25	902
1	725
0	485
10	528
0	303
0	41
1	9
0	1
0	1
0	0
0	1
0	0
100	1035
0	517
15	94
46	941
13	2175
0	305
15	189
1	283
2	2182
6	211
0	230
0	210
0	216
0	208
3	124
7	97
0	84
0	53
1	29
0	40
0	3
2	33
0	32
19	2
0	0
0	2
0	0
0	0
0	0
0	0
17	21
0	16
0	3
0	5
0	204
0	201
0	175
1	182
0	193
0	201
0	176
0	146
3	195
1	165
0	46
0	33
0	35
0	23
0	27
0	18
0	17
0	13
0	0
0	341
2	162
13	186
3	296
49	167
0	65
10	70
0	61
3	7
4	52
0	6
3	57
0	8
0	127
10	127
1	30
0	19
0	30
0	19
0	16
0	16
2	39
0	0
0	0
0	0
0	0
0	0
0	0
0	0
0	0
0	0
0	0
0	0
0	260
1191	37
0	0
0	1
0	1
0	1
0	1
0	0
0	0
0	0
0	0
0	0
0	0
0	44
112	147
0	69
0	44
0	145
0	26
0	2
1	2
0	6
0	1
1	32
0	208
0	197
0	71
0	28
0	21
0	587
0	799
0	720
1	750
0	683
0	721
6	130
1	321
0	496
0	557
0	149
0	103
0	606
0	85
0	109
1	62
0	560
0	155
0	42
12	138
1	166
6	107
15	26
2	252
12	279
0	0
0	1
0	1
0	1
0	1
0	0
0	1
0	0
0	1
0	1
0	1
0	1
0	1
0	1
0	1
0	1
0	0
0	0
20	1
0	1
0	1
0	0
0	0
100	50
0	8
3	9
0	13
2	26
0	1
0	1
0	1
1	1240
0	1325
0	1314
0	1345
0	1650
0	1661
0	1
0	676
0	0
0	1407
0	1035
2	1642
0	1658
0	1536
0	1654
0	1643
0	1682
0	1641
0	1604
0	1660
1	546
2	547
0	1620
0	1615
1	107
0	1692
2	1487
0	1180
0	72
20	983
0	866
1	361
0	673
19	636
0	56
0	71
0	1623
0	1651
0	0
0	0
0	0
0	0
0	0
0	0
0	0
0	0
0	0
0	0
0	0
0	0
0	0
0	0
0	0
0	0
0	0
0	0
0	28
0	47
0	40
0	43
76	82
1	12
0	33
0	4
0	2
1	24
2	9
0	2879
1	2582
0	2838
0	2836
17	2856
1	874
0	711
9	2881
5	1121
3	8
0	2884
0	3015
0	2829
1	2327
0	1528
1	2687
0	2881
0	118
3	2877
11	2881
3	750
1	220
0	46
1656	210
9	87
0	67
1	47
121	1
2	37
0	143
1	172
0	44
2	57
0	79
0	290
1	242
0	240
0	162
7	251
1	199
2	120
1	47
2	78
0	78
0	78
0	78
1	82
0	78
3	21
0	10
0	2
0	1
0	0
0	0
0	0
0	0
0	0
0	0
0	0
0	0
0	0
0	0
0	0
0	156
23	1360
0	937
0	2
0	1
0	1361
0	7
0	100
0	43
0	1023
0	1336
0	1018
0	33
0	674
0	151
0	174
0	532
1	171
0	125
0	228
2	226
1	153
1	127
0	44
0	190
0	96
0	0
0	0
0	0
0	177
0	160
1	155
10	27
19	36
3	13
0	16
6	38
0	21
1	14
1	22
17	196
0	47
0	182
1	2
0	0
0	0
0	2
0	3494
0	4286
0	4060
0	4013
0	4334
0	528
0	2456
0	4008
2	2455
0	4149
0	3804
0	3894
0	495
0	359
11	1969
0	3172
40	2094
0	341
2	505
3	300
7	26
10	23
0	25
0	1652
0	1657
0	1620
0	154
1	88
0	92
0	18
0	132
0	104
0	1191
1	191
0	779
0	68
0	202
1	41
0	1664
0	11
0	14
26	1
30	0
0	0
0	0
0	0
0	0
0	0
0	0
0	0
0	0
24	0
14	0
0	269
1	851
0	361
0	612
0	766
0	679
0	808
1	924
0	818
0	786
1	934
0	1382
0	758
0	827
0	1401
0	993
0	658
0	920
0	437
4	0
0	0
0	0
1	0
6	0
0	0
0	0
0	488
0	1891
0	1843
0	53
1	67
1	234
0	137
0	642
0	266
0	100
0	64
0	44
1	60
0	46
0	0
0	0
0	424
0	166
0	55
0	105
0	9
0	116
0	0
0	0
4	37
19	52
0	5
0	36
0	1566
0	0
2	1580
93	0
0	92
0	311
0	323
0	57
0	52
0	321
1	50
2	29
0	10
0	36
0	103
0	281
0	37
0	110
0	67
2	13
0	19
0	16
7	14
1	128
21	276
0	174
0	222
2	199
0	208
0	202
0	153
0	136
7	0
0	0
0	0
0	0
15	18
0	18
0	14
2	29
0	20
1	16
0	1
0	95
0	172
90	374
0	333
0	330
0	333
0	222
2	259
0	11
33	25
0	1
0	1
0	1
0	1
0	1
0	1
0	1
0	1
0	1
0	0
0	0
0	1
0	1
0	1
0	1
0	1
0	676
0	617
7	416
0	435
0	24
0	117
0	69
0	231
8	467
0	390
0	205
1	289
25	169
0	81
0	12
0	211
0	0
0	0
0	0
0	0
0	0
3	2334
0	2132
6	588
0	1041
2	971
11	937
0	452
5	15
2	253
7	71
1	77
0	446
141	864
0	69
2	117
4	144
5	138
16	107
0	65
0	108
0	30
0	106
0	166
0	39
0	619
1	612
0	624
12	216
7	217
0	217
0	28
0	118
0	0
0	2
3	132
0	87
2	57
0	339
0	389
1	81
0	30
2	107
0	153
0	37
2	53
0	32
0	362
0	32
4	47
69	259
0	314
0	342
0	327
0	357
0	264
1	300
11	269
0	19
0	30
0	27
0	32
0	25
0	25
0	25
0	15
0	15
0	70
0	25
0	25
0	14
0	25
0	25
0	4
0	25
0	60
0	25
0	13
0	70
0	24
1	47
0	45
0	46
0	69
0	47
0	47
0	44
0	47
0	47
0	0
0	0
11	396
18	253
0	275
0	58
4	69
0	77
0	58
0	79
0	46
3	46
0	230
0	108
0	71
0	373
3	193
6	281
13	282
2	11
0	3
0	11
0	10
6	467
128	209
0	195
16	53
5	23
10	29
0	41
0	22
23	4
3	3
0	9
0	69
1	69
0	68
0	68
0	54
1	48
2	38
0	0
0	0
0	0
0	0
9	777
7	917
0	494
5	74
0	264
0	271
0	266
0	65
0	97
0	101
0	277
2	4
5	247
4	47
0	55
0	30
0	48
0	1168
0	5003
376	146
0	32
0	4
0	20
571	7608
0	7491
5	797
1	1522
0	4177
13	2683
0	812
3	3796
9	858
0	681
0	449
4	676
5	680
0	676
0	652
4	640
0	608
0	662
4	320
1	201
1	70
0	274
0	273
0	256
0	35
0	10
0	16
2	9
2	2
6	8
18	145
2	145
7	33
6	33
1924	0
0	0
0	0
0	0
0	0
0	0
0	0
0	0
0	0
0	0
0	0
0	1292
0	2286
0	3290
0	2714
0	3059
0	3061
16	2461
0	2517
0	1217
0	2503
0	241
0	1733
112	1523
15	1418
0	1334
0	1472
0	1230
0	930
10	708
0	481
0	195
0	195
0	161
0	143
0	1
2	1
0	1
1	1
0	0
0	0
0	98
1	1
0	44
0	108
0	7
0	32
0	213
0	138
0	209
0	19
13	14
84	46
0	71
0	70
0	12
0	20
0	62
2	43
0	0
0	4
0	32
0	62
0	143
18	136
15	19
1	107
4	15
2	44
248	41
1	41
0	822
0	200
0	792
9	799
0	840
0	43
0	753
23	219
1	168
0	98
0	23
13	111
8	64
8	422
6	20
19	23
8	23
232	64
0	56
1	8
3	1266
0	756
0	1293
1	19
0	20
0	61
2	41
5	341
0	25
10	181
2	134
0	55
0	41
0	5
0	504
0	139
5	327
0	452
28	202
0	274
21	382
0	367
0	504
1	59
0	99
66	779
2	653
0	309
16	236
0	202
0	196
0	21
5	57
0	0
0	0
0	0
0	0
0	154
0	15
0	12
0	16
0	8
0	14
3	15
0	17
0	5
0	8
0	6
0	5
0	5
0	455
29	455
2	267
1	217
0	197
3	83
0	388
0	366
17	293
0	109
0	4
0	8
1	11
0	11
0	3
0	9
0	1
0	2
0	0
165	1466
41	1122
0	301
1	198
3	156
16	297
0	297
0	0
0	0
0	0
0	0
0	0
0	0
7	5246
0	5237
3	5474
5	5240
0	3070
5	323
23	5241
8	2871
47	1374
0	2333
0	2399
0	0
0	0
0	151
0	2418
1	2304
0	2345
0	2248
4	2410
3	181
0	2388
0	124
0	1345
0	111
0	25
0	37
1	178
0	73
0	1345
0	2349
0	368
0	1177
0	263
3	42
374	42
0	38
0	29
0	44
0	95
0	7
0	40
0	46
0	127
26	128
0	7
0	45
0	46
0	38
2	2
0	11
1	688
0	776
0	748
0	701
10	334
12	36
34	120
10	119
60	8728
133	8714
1	8661
6	6493
122	8700
170	6156
0	7706
18	2048
0	138
0	201
1	159
0	166
0	168
1	64
0	0
0	1
0	1
0	0
0	15
117	305
0	93
1	85
0	305
0	295
0	15
0	228
0	0
0	9
0	82
21	224
0	58
3	0
0	40
0	41
0	26
0	33
0	40
1	26
0	37
0	32
0	22
1	20
0	22
0	33
0	11
0	8
0	20
0	26
0	26
1	36
0	10
0	3
0	9
0	5
0	1
1	0
0	0
0	0
0	0
0	0
0	9
0	4
0	481
0	262
0	36
0	5
7	81
0	171
0	454
0	464
0	426
0	476
0	483
1	472
0	18
0	50
0	50
0	485
2	485
2	485
0	453
0	326
0	493
0	27
8	38
0	37
2	39
0	81
0	462
1	482
0	37
0	176
0	481
0	481
0	37
0	25
0	25
0	25
0	54
0	60
0	2
0	23
0	31
0	0
0	3
1	20
0	20
9	436
0	59
0	20
0	77
0	32
0	63
0	36
0	24
0	37
0	74
0	12
0	24
0	289
1	49
0	298
4	93
0	90
1	57
0	2
0	11
0	5
3	13
0	12
0	8
0	2
0	8
0	10
0	14
0	8
0	10
0	7
0	9
0	8
2	0
0	0
0	0
16	2
0	0
0	2
0	100
0	26
0	232
0	268
0	410
9	11
0	214
1	412
0	95
0	257
0	161
0	102
0	33
1	229
1	331
0	2098
0	2052
4	2052
1	632
0	483
0	642
3	732
0	829
27	395
3	28
1	312
2	311
0	4
1	4
0	0
0	0
0	1
4	0
0	0
0	0
0	156
0	358
0	273
0	314
0	194
5	96
3	1
0	1
0	0
0	0
0	0
0	0
0	0
0	0
0	0
437	83
0	83
0	559
0	487
45	479
0	506
1	478
4	55
0	171
1	373
0	378
0	8
0	27
0	9
0	144
0	215
0	49
0	21
0	481
0	81
3	388
0	91
0	64
0	362
0	23
2	36
10	63
4	21
9	17
0	9
0	1
0	1
0	1
3	57
0	11
0	83
1	149
0	1
6	149
1	0
4	4
3	54
2	17
0	9
0	673
0	738
0	587
0	737
0	739
0	800
1	879
1	257
0	329
0	27
0	24
0	644
0	836
1	166
0	728
0	769
0	664
0	545
0	312
0	631
0	628
0	728
0	333
0	463
0	691
0	431
0	421
0	237
65	382
0	1051
6	579
0	987
0	1046
5	1055
2	537
0	645
3	32
0	350
1	287
1	144
0	347
0	339
1	320
1	267
1	267
1	283
0	280
0	67
7	186
0	952
0	951
0	833
0	945
0	945
0	949
0	943
0	838
0	811
0	826
0	772
0	915
0	957
0	948
0	917
0	884
0	907
0	952
1	840
0	921
0	799
0	946
0	912
0	942
0	935
0	875
7	468
0	814
0	927
0	777
0	781
0	837
0	795
0	707
0	840
0	803
0	737
0	572
1	666
0	605
0	718
0	480
0	595
0	685
0	664
0	636
0	501
0	627
0	627
0	630
1	470
2	420
1	477
9	126
0	351
1	27
0	272
5	414
3	427
0	16
0	251
0	164
2	160
0	105
0	23
0	100
0	102
0	86
0	57
0	56
0	7
1012	213
0	135
1	78
0	1
0	1
0	0
0	1
0	0
0	25
0	59
0	60
0	81
0	84
0	18
0	50
0	17
0	36
1	15
0	27
0	24
0	16
0	19
2	19
0	21
0	20
0	5
0	0
9	776
30	554
3	276
0	247
0	552
0	410
1	255
0	0
0	0
0	0
0	0
0	0
0	0
0	0
0	0
6	0
3	0
0	66
0	57
66	76
1	1
0	43
0	10
0	28
0	206
2	25
6	11
0	218
0	4
1	90
6	10
11	175
47	124
0	124
0	124
0	89
0	131
0	16
0	12
0	24
0	100
0	127
0	119
0	14
5	5
0	14
1	17
0	7
2	8
2	0
1	5
9	15
0	55
0	0
0	15
0	17
4	12
4	5
0	11
2	26
2	461
1023	728
0	134
2	25
10	387
2	218
1	94
0	186
44	105
0	66
29	5
0	5
132	1306
0	919
6	362
3	279
5	683
0	320
0	1
0	1
0	116
1	116
0	116
0	115
0	117
0	117
991	191
15	78
2	113
0	86
0	79
1	6
141	90
4	49
1	54
0	38
0	0
0	3
0	2
0	2
0	0
0	0
0	0
0	0
0	0
0	0
0	0
0	0
0	0
0	0
0	0
0	0
0	0
0	0
0	0
0	2
0	2
110	64
0	31
1	2
0	31
0	406
0	449
0	418
0	323
0	383
0	390
0	384
0	431
0	348
0	403
0	458
0	399
0	374
0	380
0	404
0	433
0	418
0	448
0	454
0	463
0	433
0	442
0	409
0	409
0	398
0	347
0	48
0	84
0	347
0	353
0	289
0	307
0	391
0	434
1	457
0	403
0	373
0	373
0	356
0	454
0	439
0	369
0	433
0	390
27	469
0	270
0	364
0	392
0	374
0	427
0	394
0	363
0	425
0	378
0	323
0	363
0	454
0	357
0	433
0	295
0	305
0	413
0	422
0	435
0	388
0	459
0	418
0	341
0	427
0	315
0	366
0	294
0	422
0	356
0	333
1	52
0	397
0	60
2	141
0	0
0	1
0	1
0	0
0	0
0	1
0	1
0	0
0	0
0	0
0	1
0	1
0	1
0	1
1	0
0	1111
3	748
0	1005
0	611
0	1011
0	436
1	477
1	750
6	700
11	495
0	575
79	412
5	330
1	382
0	389
4	316
0	147
0	201
0	107
2	1
0	5
0	6766
2	188
0	6957
26	7049
21	7018
0	6908
1	939
0	254
0	73
1	176
0	636
5	1029
0	573
7	466
0	2
0	1061
6	144
3	573
36	511
0	268
16	2894
0	1523
0	1
0	1
0	1
0	2
0	2
0	2
0	2
1	0
0	2
0	2
0	2
0	2
1	34
3	1044
0	201
0	312
0	79
1	27
7	96
0	119
0	346
0	1014
0	1043
0	93
0	33
0	153
0	31
0	30
0	153
0	78
0	666
0	210
0	687
0	73
1	191
0	220
1	202
36	137
0	15
0	106
0	140
4	175
16	308
0	106
10	189
0	90
0	188
0	88
0	170
0	0
0	126
0	111
3	124
0	0
0	66
1	82
6	101
7	384
0	33
0	13
634	683
0	179
9	371
1	108
0	394
0	177
0	105
0	454
12	174
0	11
1	20
4	6
0	9
0	215
0	9
0	146
5	19
1	18
0	428
0	1084
0	1046
0	158
0	1159
0	1144
2	93
0	677
0	621
0	261
0	43
0	953
3	105
0	229
1	0
1219	7507
0	6162
0	416
0	4634
1	337
1	1749
0	1737
6	332
0	1982
6	1642
0	1668
0	1233
12	0
0	8
0	12
0	13
0	5
0	13
0	10
0	9
0	15
0	9
0	11
0	21
0	15
0	4
0	2
0	4
0	13
0	2
0	11
0	1
0	1
0	1
0	5
0	5
0	9
0	0
0	4
0	4
0	7
0	1
1	0
0	0
76	225
0	84
0	95
0	12
0	5
1	119
0	9
0	94
6	4
0	3
3	610
0	277
7	204
72	110
0	386
1652	689
0	196
0	299
0	90
0	0
0	51
0	92
0	35
10	350
0	34
0	320
3	302
0	17
0	36
0	47
0	12
1	19
0	69
2	70
0	60
6	164
24	163
8	450
1	678
0	881
0	557
0	251
1	595
0	538
2	98
0	10
5	100
1	202
0	130
0	96
0	61
0	61
7	60
0	38
0	31
0	1
0	1
0	1
0	1
0	1
0	0
0	0
0	0
0	0
77	2317
0	2317
0	97
0	1510
0	1240
0	88
0	82
3	98
2	94
0	1
0	1
0	0
0	1
15	1513
0	244
3	1510
0	29
15	68
3	368
2	342
95	592
0	351
38	301
1	265
4	188
35	316
0	60
8	58
0	33
0	60
0	8
0	0
4	0
0	28
2	357
0	390
223	610
245	223
0	220
0	180
2	169
0	177
0	51
2	87
4	27
0	4
0	240
0	218
0	239
0	171
0	214
0	244
2	211
0	178
0	144
0	78
5	38
0	91
0	107
0	82
0	91
8	178
0	118
0	8
0	2
0	1
0	2
0	8
4	6
0	2
1	0
0	2
1	816
0	802
3	340
3	47
7	95
0	145
7	183
2	172
0	761
4	273
3	105
0	0
0	148
0	145
0	103
0	91
0	145
0	10159
0	9719
0	5
0	10157
0	166
0	8
0	5
0	4
8	143
1	1452
0	1394
0	1360
0	1398
0	1409
0	1346
0	1386
0	1299
0	1036
0	1034
0	335
0	439
0	139
0	590
0	116
6	596
0	554
4	541
3	60
1	44
0	200
1	123
0	28
0	199
0	194
0	163
0	43
3	63
945	0
1	0
0	1
0	3
0	0
5	3
0	910
1	927
11	175
2	645
0	689
0	47
0	143
2	112
0	8
0	21
0	25
0	29
0	25
2	62
2	464
0	85
0	38
0	225
0	19
3	192
397	1083
3	153
0	174
3	726
0	175
0	0
0	0
3	154
1	147
0	156
8	14
0	14
0	12
0	17
2	69
24	36
0	136
12	337
0	310
0	73
1	66
0	56
0	38
0	52
1	6
0	6
1	5
0	5
0	2
0	0
0	0
0	0
12	37
0	28
6	9
90	34
0	42
3	35
0	15
0	22
0	13
0	19
0	10
0	13
5	10
0	3
2	46
0	46
2	7
0	2
0	1
1	23788
11	20851
0	20866
144	18497
0	21197
0	20211
0	19416
0	21736
0	2925
0	22918
0	4698
23	14467
0	21435
17	7016
2	4584
0	1706
8	17734
0	0
4	909
1	2050
0	18865
0	964
1	21749
0	9165
4	4351
2	4415
0	1711
0	2082
0	5
0	81
0	732
0	93
0	732
0	511
0	504
0	589
0	509
0	0
0	571
0	506
0	503
0	378
0	735
0	0
0	859
0	1833
0	0
0	1713
2	1711
0	1708
0	99
0	0
0	0
0	571
0	577
0	848
0	553
0	743
0	592
0	902
0	0
0	71
0	657
0	1769
0	0
0	0
0	1312
0	831
0	0
0	1
0	64
0	52
0	35
0	19
0	72
0	73
0	99
0	0
0	0
10	773
0	163
0	0
0	99
0	19
0	5
0	5
1	13
0	4
0	2
0	10
0	1
0	0
0	1
0	0
0	1
0	1
0	1
0	0
0	0
0	0
0	0
0	0
0	0
0	0
1	1
0	0
0	1
0	1
0	0
0	0
0	0
0	0
0	0
0	0
5	7
0	7
1	211
0	215
2	38
0	30
0	34
3	19
0	0
0	0
0	0
0	0
286	1003
0	147
0	716
0	930
9	44
0	43
0	161
2	181
0	520
0	704
0	745
0	38
0	122
0	44
0	199
0	4
0	287
5	89
0	349
0	26
0	85
0	59
0	100
0	164
0	194
3	1
0	194
10	1
0	1707
12	1708
0	1695
13	923
5	776
1	2
0	192
0	250
1	155
0	57
0	14
3	1
7	2761
13	2569
0	2573
2	2816
0	2550
3	2608
4	2232
0	2528
1	174
18	592
1	161
3	35
0	0
0	1966
0	306
2	165
0	523
4	378
13	1273
0	1194
1	204
0	102
0	200
0	171
1	510
0	393
66	1009
1	981
3	306
0	487
0	99
4	195
0	150
0	33
0	68
600	716
0	17
0	17
1	171
13	204
1	134
10	42
11	88
9	329
0	308
5	137
10	165
0	139
0	55
0	105
1	0
0	0
0	0
0	4
1	22
0	197
0	170
1	107
128	189
0	93
0	1228
0	1052
1	1018
0	1042
0	1133
0	1056
0	1222
0	1068
2	1170
0	1079
10	1171
0	1201
0	1175
1	948
0	1085
0	1075
0	1108
0	1171
0	1228
0	1253
0	1181
0	1172
2	1199
0	1183
0	1148
0	1158
0	1132
0	822
13	939
0	79
0	638
0	148
0	174
0	177
0	94
0	235
0	286
0	187
0	258
10	259
0	35
0	118
0	35
68	234
0	51
0	41
0	86
9	188
0	44
0	52
0	71
0	8
0	44
2	23
0	96
75	106
0	95
0	100
3	33
3	47
0	12
0	24
0	4
0	2065
9	1826
0	1768
2	1201
2	870
0	16
1	135
0	1843
0	1961
3	75
1	139
1	145
2	264
13	249
0	217
0	225
2	241
0	41
70	451
0	466
1	359
0	65
0	58
0	225
0	15
3	5
0	108
0	90
0	79
0	69
0	55
0	39
3	22
0	28
0	8
0	0
0	0
0	0
0	0
0	0
29	9
11	7
1	7
1	2
0	327
1	238
399	445
5	264
8	447
3	486
0	98
0	212
0	218
0	163
0	124
0	111
0	56
0	54
0	35
0	50
0	15
1	32
29	28
0	2
0	0
0	1
0	1
0	0
0	0
0	0
0	0
0	1
0	1
0	0
0	0
0	540
0	512
1	497
0	498
0	136
0	523
0	416
2	76
0	1016
0	1018
0	783
1	750
2	14
2	18
0	473
0	469
0	2
0	445
0	444
0	482
0	468
0	455
0	461
0	466
0	477
0	52
0	208
0	456
0	470
0	465
0	457
0	473
0	452
0	468
0	27
0	232
0	334
0	475
0	442
0	445
0	469
0	466
0	444
0	465
0	479
0	474
0	473
0	495
0	476
0	450
0	460
0	489
0	453
0	477
0	464
0	485
0	482
0	464
0	460
0	461
0	476
0	167
0	456
0	462
0	26
0	455
0	457
0	0
0	466
0	457
0	24
0	113
0	470
0	447
0	463
0	479
0	462
0	470
0	454
0	24
0	228
0	474
1	0
0	31
0	348
0	458
0	322
1	121
0	1
0	479
0	474
0	463
0	484
0	54
0	29
0	66
0	0
0	8
0	22
0	175
0	471
0	160
0	7
0	66
0	185
0	8
0	122
0	339
0	352
0	370
0	370
0	357
0	204
0	355
0	348
0	357
0	352
1	10
0	315
0	325
0	330
0	54
0	71
0	303
0	319
0	59
0	278
0	18
0	14
0	19
0	1
0	84
3	230
0	232
0	88
0	212
0	220
0	203
0	5
0	19
0	42
0	0
0	52
0	46
1	50
0	1
0	4
0	1
0	1
0	22
0	15
0	5
0	3
0	5
0	5
0	21
0	389
0	333
0	59
0	165
1	311
0	333
0	388
338	78
0	22
0	0
0	0
0	0
0	0
0	63
0	1339
0	1339
50	1243
0	1337
0	111
1	0
0	1
1	112
3	196
0	83
0	105
4	353
0	380
0	83
1	6
228	33
3	4
1	32
0	246
0	1021
3	1044
0	1
0	2
0	558
0	78
0	31
0	844
0	1020
0	1
0	1
5	1
3	2
4	349
210	393
0	264
3	306
0	254
0	97
0	0
0	2
1	2
0	0
11	781
0	266
0	652
15	424
4	298
1	242
0	172
8	32
2	124
0	122
0	1232
0	1237
0	141
0	224
3	87
0	108
0	401
5	191
0	395
12	21
2	169
4	127
0	102
0	229
3	2
3	103
0	223
0	224
0	123
0	64
5	37
0	75
5	60
7	68
1	23
0	0
0	2
1	0
0	0
0	0
0	5
0	5
0	0
0	2
7	88
9	55
0	81
0	48
0	12
0	10
0	21
0	16
0	49
0	17
0	18
0	13
0	0
0	28
1	31
0	0
0	15
0	7
0	28
0	3
0	3
0	29
0	22
0	9
0	16
0	1
0	1
0	3
0	0
0	0
0	4
0	6
0	4
0	0
0	0
0	4
0	4
0	4
0	0
0	0
24	60
36	111
0	105
2	5
1	5
520	292
0	292
0	81
0	4
0	4
0	0
0	4
0	3
0	0
0	0
8	542
14	426
8	9
0	17
1	436
0	11
0	9
0	10
0	10
0	1
0	619
8	76
0	555
3	86
6	105
0	55
1	32
0	74
0	63
0	38
1	38
1	29
0	61
0	3
0	40
0	5
41	255
0	133
1	255
1	63
0	100
1	0
0	25
0	56
0	43
1	53
0	43
0	8
27	31
0	41
0	27
0	11
0	6
0	6
0	6
0	6
0	6
0	6
0	6
0	6
0	6
0	6
0	3
0	0
0	0
0	0
0	0
135	507
3	427
0	451
2	412
0	65
0	426
0	0
0	0
237	99
1	71
9	28
1	189
0	487
0	447
0	453
26	61
0	493
0	460
2203	2043
0	130
1	622
23	1038
3	672
4	242
0	0
0	1
0	1
0	0
3	0
0	0
0	0
0	0
1	0
66	0
0	5
0	5
1	42
0	42
0	41
0	70
0	42
0	5
0	5
0	42
0	69
0	69
0	37
0	37
0	37
0	37
0	37
0	44
0	37
0	0
2	7
0	0
0	0
0	0
0	0
0	0
0	0
0	508
292	508
0	40
0	0
0	0
0	0
0	0
0	0
0	0
31	299
0	1258
0	1265
34	1262
1	0
0	0
0	0
0	0
0	0
0	0
0	466
3	435
0	191
0	84
0	21
4	22
0	76
8	221
2	18
1	16
1	16
0	115
1	3
0	2
0	0
3	2
0	0
0	0
0	0
0	0
0	0
0	0
0	0
0	5742
6	3321
34	16583
0	8097
2	667
0	10809
1	514
0	764
0	15008
0	14864
1	11888
0	11507
0	10651
0	13705
2	11330
0	10363
0	12750
0	11087
2	6112
5	4850
0	12142
0	9261
0	4114
0	9303
2	6564
0	1970
0	4234
2	2861
0	2699
4	2410
0	2962
1	514
0	467
0	1033
0	1252
68	1037
0	1435
3	660
1	1348
12	811
0	1248
0	1371
0	667
1	1175
7	1312
8	1187
2	1305
0	1227
0	1057
0	524
0	726
0	802
0	238
0	624
1	128
0	48
1	420
0	372
0	195
0	420
12	193
0	67
0	227
11	136
19	136
0	12
0	5
0	5
0	5
0	0
0	0
0	0
0	0
0	0
0	0
0	0
0	0
0	0
0	0
0	0
0	0
0	0
0	0
0	0
0	0
0	0
0	0
0	0
0	0
0	0
0	0
0	0
0	0
0	0
0	0
0	0
0	0
0	0
0	0
0	0
0	0
0	0
0	0
0	0
0	0
0	0
0	1
0	0
0	1
0	1
0	1
0	1
0	1
0	1
0	1
0	395
1	129
0	1
0	1
1	261
7	374
0	313
0	339
2	134
0	295
0	302
0	332
0	312
0	334
0	329
0	288
1	305
0	328
2	336
0	212
3	190
24	92
0	0
0	0
0	0
0	0
0	0
0	0
0	0
0	0
0	0
0	0
0	0
0	0
0	0
0	0
0	0
0	324
21	319
1	30
0	48
0	324
1	70
0	180
0	61
0	47
2	114
5	77
1	10
0	71
0	113
3	36
0	73
6	72
0	218
0	17
9	37
5	21
0	4
0	4
0	4
0	4
0	4
0	0
0	4
0	463
0	144
0	495
0	207
0	35
0	158
0	136
1	112
4	16
0	83
1	0
0	21
3	71
0	28
4	1
0	1
0	1
0	1
0	1
0	0
0	0
0	343
0	736
0	699
0	306
0	2454
147	2394
6	580
0	321
101	1032
5	36
0	0
44	1269
0	583
3	537
0	737
1	736
115	238
3	90
0	94
0	228
8	114
0	908
1	907
3	946
41	687
2	55
0	102
0	64
0	65
2	40
1	34
0	872
0	872
0	888
0	896
0	55
0	55
0	54
1	54
4	0
0	51
0	423
0	423
0	466
0	493
0	156
0	411
0	512
0	182
6	396
11	34
0	512
0	0
0	110
11	30
6	227
21	91
0	549
0	603
0	603
2	505
0	564
0	573
0	556
0	600
1	547
1	472
0	571
6	512
5	198
1	195
0	252
0	237
0	204
0	1252
0	1419
3	129
0	1417
2	73
1	1297
0	631
0	1331
1	132
0	328
0	182
0	215
8	0
0	157
5	23
1	17
0	137
1	88
2	40
1	132
0	72
3	939
0	831
1	769
0	262
0	181
1	90
31	482
0	127
0	129
0	133
0	0
0	0
0	0
0	0
0	3
0	8
0	6
0	5
2	8
0	2
0	2
0	0
0	1
321	144
0	66
0	67
0	58
0	23
0	0
6	110
4	462
0	510
0	432
1	333
6	244
12	324
13	116
0	207
0	99
2	74
0	32
0	216
0	142
0	1632
0	1550
0	1432
0	169
8	1948
0	66
0	590
7	41
5	0
0	1778
0	1940
0	170
0	224
0	1
14	1
1	87
1	19
0	225
0	52
363	1103
39	549
0	898
1	18
0	278
11	733
157	399
1	81
3	160
2	736
0	226
0	1
0	0
0	1
0	1
0	0
0	1
2	390
2	689
2	355
14	369
4	299
3	382
0	100
0	97
0	0
0	80
0	81
0	82
0	78
2	28
0	81
0	55
4	6
0	2212
85	2227
7	862
2	140
3	872
17	197
7	372
0	104
1	79
3	525
0	531
0	505
0	525
0	267
0	329
3	431
1	431
0	22
0	396
5	165
0	235
2	344
1	365
0	144
0	129
1	2
0	0
0	2
0	2
7	117
17	101
0	119
20	10
0	27
0	90
0	32
0	96
0	22
0	68
1	9
0	79
0	47
0	48
0	26
0	15
3	24
0	0
0	0
0	11
0	176
0	157
0	54
0	310
0	287
0	106
1	2
0	2
0	1
1	1
1	1
0	11
0	163
9	36
1	157
1	15
0	162
0	3
4	12
0	19
5	12
0	2
0	634
11	467
0	266
0	194
0	182
114	358
0	72
30	358
3	139
0	0
0	0
0	0
0	0
0	0
0	0
0	0
0	0
0	124
5	133
0	118
0	71
0	22
0	40
1	17
0	7
0	23
42	2
0	2
0	0
0	0
103	28
0	2
0	25
0	8
0	0
0	1
0	0
0	1
0	0
0	0
1	815
2	815
0	790
0	874
0	853
0	769
0	878
0	631
0	225
1	846
0	753
1	819
0	854
0	894
0	853
0	898
0	762
0	790
0	810
0	810
0	866
0	756
0	660
0	784
4	755
0	878
0	315
0	821
0	785
0	878
0	705
0	878
0	760
0	905
0	782
0	904
0	852
0	905
0	840
0	857
0	850
0	840
0	811
0	845
0	789
0	725
0	677
0	787
0	841
0	879
0	704
0	771
0	741
0	697
1	175
1	746
4	481
0	417
0	334
1	109
0	6
1	906
2	796
0	858
0	622
0	913
0	854
0	911
0	907
24	783
2	238
0	239
0	209
77	162
0	216
0	191
0	240
0	295
0	307
0	286
1	184
0	174
20	111
0	121
0	69
0	41
0	53
0	33
0	18
0	15
1	10
0	142
0	8
0	25
0	111
2	134
0	41
0	22
0	147
0	7
0	28
0	20
0	31
0	110
1	14
0	11
1	72
28	229
0	229
0	117
0	144
0	138
0	20
0	1781
0	1810
0	182
1	121
1	1271
0	258
1	289
9	478
5	478
1	131
0	94
0	55
0	462
0	451
0	0
0	0
0	0
0	0
0	1
0	1
0	1
0	0
0	0
0	2671
5	253
0	2542
0	977
5	406
8	1634
0	2189
0	1813
3	88
0	107
79	0
0	0
0	1
0	0
0	0
0	1
0	1
102	16
0	3
0	1
0	6
1	10
0	417
0	408
1	156
147	161
0	113
1	79
0	61
4	18
0	553
13	547
0	554
0	527
2	554
3	474
0	53
1	36
0	151
0	251
0	146
0	65
2	110
0	91
0	65
0	64
2	99
0	98
0	101
3	74
0	46
0	87
0	69
0	755
0	722
0	19
0	744
0	576
0	142
0	760
0	725
0	771
0	766
0	544
0	697
0	543
0	124
0	180
0	22
0	187
2	187
0	14
5	187
24	8
0	8
0	389
0	61
0	388
0	375
0	395
1	376
0	385
0	387
131	405
0	31
0	382
0	400
1	32
0	168
0	121
0	8
0	390
0	393
0	102
0	382
0	46
0	394
0	88
0	198
0	327
0	392
0	0
2	13
1	361
0	32
0	293
10	355
0	270
1	329
0	39
16	182
2	73
0	272
0	203
0	42
0	288
10	243
0	31
0	39
0	22
11	103
2	15
0	50
0	49
0	0
1	0
0	0
0	0
0	0
7	17
0	16
0	14
0	16
0	17
0	0
2	10
0	9
0	3
0	2
0	1
0	9784
0	9721
0	980
0	331
0	775
0	1029
0	597
0	0
0	0
0	17
0	16
0	11
1	13
0	12
0	0
0	7
0	17
0	17
0	13
0	12
0	12
0	17
0	14
0	17
0	17
0	0
0	14
0	0
0	16
0	9
0	17
0	14
0	13
0	15
0	12
0	13
0	16
0	16
0	12
0	9
0	14
0	6
0	7
0	11
0	1697
0	1649
9	1271
1	1185
0	1121
0	0
0	0
0	100
0	120
0	142
0	171
63	225
14	133
0	175
0	150
0	168
3	115
0	57
24	119
0	120
0	48
0	77
0	72
0	18
0	42
0	37
4	1
0	0
0	1
0	1
0	0
0	0
0	0
0	0
1	0
0	0
0	1
0	1
0	3
0	0
0	0
0	0
0	0
0	0
0	0
0	0
0	106
0	2
29	110
0	70
0	86
0	6
0	71
4	48
1	1
55	41
0	41
0	4
0	7
0	7
0	3
1	327
0	259
0	425
1	312
0	133
11	128
0	10
2	17
2	238
0	362
0	175
815	1503
0	236
1	77
8	80
1	26
0	584
0	1500
1	180
0	210
0	284
0	100
0	307
0	120
0	215
0	160
1	283
11	200
0	194
0	371
0	217
91	1404
0	0
0	66
3	112
4	140
1	90
2	97
0	196
0	0
0	0
2	41
3	163
0	124
0	150
0	123
5	102
15	111
0	104
0	113
0	153
0	153
9	46
0	120
0	147
0	114
0	75
0	53
7	13
0	41
0	19
9	16
2	10
0	40
28	1
3	1
0	58
0	70
0	37
0	1
27	10
1	31
1	28
0	0
1	15
3	51
0	53
0	40
5	33
0	31
0	22
2	3
0	126
0	370
5	113
0	194
0	302
0	314
0	207
6	283
0	291
0	358
0	368
10	301
0	122
5	113
11	91
0	0
0	0
0	381
6	344
2	252
0	330
0	417
0	421
0	130
2	0
0	12
0	2
0	11
0	11
0	0
0	0
0	0
0	9
0	10
0	9
0	0
0	7
0	0
0	0
0	3
0	247
25	0
0	101
0	877
21	102
0	386
0	751
1	499
1	72
0	455
1	32
0	309
0	798
0	380
8	366
3	363
0	20
0	22
0	37
0	35
0	4
0	12
0	10
0	11
0	0
0	0
0	0
0	0
0	0
0	0
13	187
0	282
0	353
0	367
0	346
0	376
0	361
1	409
0	392
4	370
0	256
0	318
0	294
0	353
0	345
0	309
4	271
0	57
0	248
2	120
0	261
0	13
2	208
21	114
0	106
0	198
1	165
1	152
0	175
0	98
4	143
0	99
0	96
0	86
0	74
0	1996
0	1232
0	401
0	413
2	92
0	0
2	296
0	455
0	1203
29	255
180	1878
0	102
0	288
0	419
0	135
2	144
0	1993
0	1087
0	1988
0	0
0	0
0	0
0	0
0	0
0	0
0	0
0	0
1	265
0	1626
0	1680
0	1802
0	1619
0	0
0	1008
2	1799
1	196
0	923
0	1124
0	683
0	552
0	429
1	490
0	665
0	379
426	0
538	746
0	237
7	251
3	259
0	133
0	1969
0	382
1	190
0	180
0	545
3	521
0	1704
0	321
0	14
0	1200
0	205
0	532
0	14
0	296
0	180
1	246
0	344
0	341
1	239
0	306
0	312
0	244
1	257
0	268
0	303
0	318
0	312
0	269
0	240
0	237
3	223
0	224
0	189
8	110
1	56
0	108
0	108
0	87
1	71
0	70
0	0
0	0
0	0
212	75
3	75
535	0
0	739
28	789
0	179
2	145
23	0
0	11
0	11
16	729
2	632
1	649
1	413
1	181
2	86
2	2
0	1
0	1
218	777
17	721
0	649
2	0
7	624
26	624
3	493
2	182
1	427
0	822
86	843
0	511
0	236
0	482
1	740
1	263
0	246
0	81
0	128
0	254
0	115
2	382
0	377
0	374
1	265
0	179
0	15
0	17
0	38
0	28
0	28
0	24
0	24
0	2
0	1
0	1
2	1
0	33
48	91
0	71
0	6
0	19
1	11
1	6
1	23
0	0
0	1
0	1
0	1
0	63
0	40
0	431
0	454
1	431
94	447
0	431
0	478
0	52
0	46
1	37
0	31
0	36
0	40
7	32
0	39
0	31
5	17
0	1448
0	139
0	10
2	52
0	29
7	133
0	109
0	31
6	30
15	1458
1	0
1214	0
1	21
38	21
0	5
92	544
1	544
1	56
7	4
0	9
0	115
0	89
0	21
0	8
382	42
3	42
1	32
0	21
84	17
4	297
5	299
1	32
1	7
0	14
1	14
10	3376
145	325
308	4177
17	656
16	1546
10	318
0	447
1	657
0	225
125	217
519	4253
110	3995
15	1423
0	458
59	2352
0	850
0	548
0	353
0	71
0	483
0	442
83	286
0	392
0	360
0	94
0	146
0	123
0	75
0	104
0	110
0	68
0	60
0	85
0	85
0	85
0	80
0	50
0	38
0	2
0	2
0	0
0	1
0	1
0	1
3	349
1	174
1	132
0	175
0	163
0	212
0	260
1	692
0	723
0	725
0	738
1	703
0	719
0	157
1	134
0	682
2	720
1	697
0	704
1	38
3	766
0	733
0	35
3	140
1	152
4	169
0	43
0	431
1	113
0	142
0	393
10	346
0	311
0	300
0	238
0	256
0	227
0	220
1	217
0	217
3	29
0	142
0	713
0	500
4	112
0	475
0	719
0	469
0	451
1	500
0	501
0	468
0	622
0	172
0	118
2	142
0	0
0	0
0	0
0	0
0	0
0	0
0	0
0	0
0	0
0	0
0	0
0	0
0	14
0	54
1	44
1	38
0	49
0	14
1	12
0	7
0	56
1	2
0	1
0	0
0	0
0	0
0	0
0	1
0	1
0	0
0	0
0	1
0	15
5	61
0	59
0	55
102	512
0	490
1	120
0	92
4	22
251	576
0	545
0	542
0	573
3	109
0	159
4	89
17	41
1	0
894	127
0	127
0	206
0	232
0	80
0	140
7	35
4	527
1	1259
0	1253
2	1287
0	373
1	0
0	85
0	428
0	119
0	524
0	524
0	33
0	33
0	84
0	41
0	28
0	37
0	33
0	84
0	574
0	526
0	595
0	574
0	575
0	540
0	583
1	581
0	213
0	579
0	544
0	542
0	562
0	566
0	526
0	32
0	429
0	453
0	445
0	429
3	34
0	23
0	25
0	14
0	228
0	41
0	180
1	0
1	171
2	232
0	227
1	58
19	124
3	66
0	32
3	40
0	35
0	25
0	23
89	203
0	182
1	8
2	30
3	29
0	27
0	22
0	31
0	258
2	133
3	129
1	237
0	267
17	134
1	177
0	211
0	77
1	47
0	46
2	4
23	0
1	29
0	43
0	46
0	17
0	23
0	32
0	36
0	31
0	32
0	0
0	1124
21	685
9	747
0	1164
0	1187
5	169
1	214
4	146
0	202
0	71
0	150
4	105
0	89
0	34
0	83
0	6
0	4
0	4
0	6
0	4
0	4
0	6
0	6
0	4
0	6
0	0
500	0
0	1
0	1
6	2
0	12
0	55
0	270
1	2
0	263
0	261
2	11
0	259
0	272
0	356
0	290
8	301
1	90
1	319
0	891
1	870
0	286
0	11
0	97
8	95
1	16
3	33
0	12
0	10
0	99
0	449
0	427
23	438
1	30
0	23
0	11
0	169
0	444
4	11710
171	8063
4	11824
10	11748
8	11736
3	10282
0	8
0	58
10	112
0	112
24	0
276	406
0	25
1	27
3	103
0	47
9	337
1	1
0	143
3	114
0	19
0	20
0	27
0	12
0	61
6	70
0	24
0	105
1	1969
0	1969
0	1525
0	99
0	170
0	505
0	481
0	481
3	7
4	0
0	2955
0	229
0	1877
0	2143
0	1958
0	2899
0	226
0	1851
0	2060
0	2944
1	2142
30	409
0	100
50	1241
1	155
4	1819
0	185
4	159
0	339
0	143
0	370
44	224
0	59
1	267
0	291
0	296
0	103
0	100
0	98
0	84
2	67
0	55
22	652
0	664
0	615
100	579
22	576
13	428
2	744
2	748
0	301
0	227
4	52
12	59
0	54
1	14
0	57
0	76
0	1
2	0
0	769
90	644
14	78
0	597
0	2
0	3
0	2
0	2
0	3
0	0
0	0
0	0
0	0
0	0
0	0
0	0
0	0
0	0
0	1
0	0
80	527
0	152
0	256
1	278
0	311
3	384
0	188
6	101
0	408
0	248
0	925
0	448
0	34
0	19
0	26
0	27
0	38
0	38
1129	272
4	80
12	117
2	75
7	161
0	0
0	0
0	0
0	0
0	0
0	0
0	0
3	304
0	135
0	496
0	488
0	558
0	602
0	519
0	544
1	467
0	514
0	493
0	476
0	468
0	487
0	545
0	468
0	471
0	488
0	461
0	251
0	303
0	453
5	243
0	450
0	451
0	471
0	153
0	103
0	198
0	410
0	338
0	397
0	337
0	325
0	408
0	294
0	112
0	105
0	57
0	258
0	232
0	346
0	263
0	149
0	7
0	9
5	13
1	8
15	35
0	35
0	1361
0	1361
5	412
2	25
0	84
0	1361
0	29
1	78
0	54
0	51
6	73
0	307
0	304
0	307
0	144
1	288
2	37
0	185
0	174
0	98
0	108
0	107
0	85
0	11
5	20
0	21
0	11
0	222
6	256
0	308
0	541
1	0
105	261
7	385
0	391
0	391
0	43
13	26
3	2
0	0
0	0
0	1706
0	1710
3	1731
0	1540
0	1656
0	1671
0	1507
0	1559
0	1067
1	1398
0	1658
0	1631
0	1368
0	198
0	1525
1	1472
2	1278
0	1265
1	1496
0	67
0	135
1	112
0	176
0	1330
3	75
1	233
1	170
0	4
0	619
0	1672
1	1666
0	0
0	0
0	0
0	0
0	0
0	0
2	0
0	0
0	0
0	47
0	47
14	47
0	12
0	9
0	5
0	86
1	44
0	61
0	61
0	39
0	58
0	24
2	48
0	17
0	20
0	1
0	7
0	5
2	38
0	10
0	2
0	6
1	12
0	12
0	436
0	78
0	1430
0	1434
0	818
0	86
4	1527
0	1396
0	1098
0	1094
0	457
1	305
1	132
0	247
0	0
0	0
0	0
0	0
0	60
11	60
18	216
0	191
0	274
0	179
0	188
0	187
0	187
0	198
2	201
0	117
0	75
0	63
0	78
0	40
20	44
0	42
0	31
0	66
9	44
0	26
0	20
0	0
0	0
0	0
0	0
0	0
0	0
0	0
0	0
0	0
0	0
2	2
1	1
1	0
2	0
0	10
0	137
400	148
7	28
0	140
0	108
0	131
0	108
1	131
0	88
0	50
2	14
5	26
0	15
0	17
0	13
1	7
1	7
0	20
0	14
0	18
0	22
0	11
0	108
0	0
380	0
0	0
0	0
0	0
0	0
0	0
0	0
260	88
1	77
1	3
14	11
6	0
0	305
0	307
0	285
0	285
0	292
0	144
0	19
0	10
0	84
0	170
210	1470
0	283
8	181
2	247
0	149
0	162
2	103
0	195
1	27
4	291
0	270
3	334
3	336
0	252
0	30
1	24
0	29
1	29
0	30
0	2
1	2
5	170
0	1
2	177
34	11
97	179
1	501
5	537
10	26
0	513
0	252
0	22
0	35
0	547
0	12
92	28
5	6
9	536
0	19
55	1657
0	3014
0	1643
0	2956
40	2871
0	532
10	90
1	9
0	500
0	482
4	90
1	426
0	366
0	92
0	420
0	53
0	37
0	376
0	349
0	275
0	98
0	120
0	504
0	456
0	360
0	419
0	127
3	176
0	101
0	1954
0	1982
0	1924
0	403
4	443
40	256
0	300
0	494
0	1963
3	133
2	206
0	240
0	99
0	60
8	104
22	212
11	1906
1	226
0	1
0	3
0	7
0	5
0	0
0	3
0	3
0	0
0	44
71	45
0	45
0	203
0	193
0	187
2	24
0	14
0	54
0	82
0	137
0	136
0	4
5	6
9	30
0	43
6	36
4	4
0	6
0	5
2	4
1	6
0	5
0	6
0	5
0	0
0	0
0	0
0	0
0	0
0	0
0	0
32	11
0	8
0	1
6	11
0	8
0	11
0	11
0	10
0	10
0	10
0	0
0	28
0	772
0	23
0	26
0	36
0	743
0	44
0	28
0	12
0	70
0	744
0	0
0	0
0	0
0	0
0	0
0	0
0	0
0	122
0	8
0	161
0	160
0	157
0	97
3	18
0	84
2	11
0	434
5	5
0	61
0	422
0	12
0	27
0	35
0	73
3	432
0	436
0	88
200	3401
0	3375
0	3305
0	119
1	129
0	196
0	325
10	200
16	98
8	495
0	158
8	428
0	351
0	145
2	89
3	93
0	442
0	467
0	425
0	532
1	536
0	0
0	0
0	0
0	0
0	863
0	882
8	863
0	792
0	595
0	624
0	518
0	547
9	360
0	456
0	427
1	282
0	294
0	88
0	188
0	99
2	0
0	90
0	127
1	80
0	80
0	110
0	92
0	0
0	0
0	0
0	0
0	0
0	0
0	0
0	0
0	0
0	0
0	0
0	0
0	0
0	0
0	0
0	3
0	2
0	11
0	11
0	11
0	0
0	6
0	1
0	1
0	1
0	25
1	22
0	24
5	34
0	12
0	13
0	1
0	0
0	0
0	1
0	2
0	0
0	1
0	2461
0	154
0	1367
0	179
0	124
0	67
0	155
0	194
0	250
0	248
0	179
0	236
0	302
0	230
0	237
0	1844
0	2517
0	2461
1	1327
1	2425
0	32
0	52
0	114
10	346
63	139
1	632
0	634
0	636
0	645
0	402
0	594
0	565
0	567
0	636
0	9
2	9
0	12
0	14
0	15
0	10
54	8308
0	8317
0	5519
0	5397
5	3639
10	6168
5	7400
14	5997
10	849
0	3168
0	4909
0	4889
0	4193
0	4088
0	1558
0	4124
0	0
0	0
0	0
0	0
0	0
0	539
0	539
0	539
0	226
0	340
0	254
0	234
0	2
0	1
0	0
0	0
0	0
0	0
0	0
0	0
0	0
0	0
0	0
0	0
0	539
0	539
2	2131
0	243
0	343
0	43
275	2200
10	8
3	1165
1	87
4	150
0	290
0	217
0	268
0	151
0	117
0	164
0	150
18	118
0	66
37	17
0	0
0	0
0	0
0	0
1	2967
263	2967
5	22
5	73
0	74
0	92
2	235
7	117
18	266
4	105
17	337
0	59
0	0
0	0
0	0
0	0
1	51
37	366
0	24
0	30
0	42
3	319
1	133
23	556
1	467
0	286
3	556
1	224
3	57
7	194
0	15
0	41
0	5
1	7
0	1
0	1
0	1
0	1
0	0
0	0
0	0
0	0
0	2
0	3
0	0
0	1
0	3
0	0
0	0
0	1
0	7
0	7
0	8
0	1
0	1
0	0
0	0
0	0
0	20
0	0
0	956
0	966
1	570
1	198
2	822
1	338
0	478
0	747
0	895
0	969
0	944
0	966
1	755
1	698
0	647
2	312
3	151
0	551
0	307
0	498
0	1
0	1
0	1
0	1
0	1
0	883
13	885
0	184
2	383
3	22
0	375
2	22
3	18
1	31
0	867
0	0
0	0
3	0
0	0
0	0
0	0
0	0
0	0
0	0
0	212
0	92
0	184
0	179
0	0
0	0
0	0
0	0
0	0
0	0
0	0
0	0
0	0
0	0
0	0
0	0
0	0
0	0
1	3
102	215
1	48
2	206
173	198
2	31
0	121
0	129
0	7
90	27
0	9
0	19
0	0
0	1
0	0
0	1
0	0
0	257
0	260
0	130
1	53
0	176
0	277
0	238
1	232
0	453
1	494
0	232
0	405
0	332
3	357
0	189
3	306
16	174
0	228
1	191
0	77
4	282
0	261
0	184
0	25
1	221
0	171
23	42
0	157
0	66
0	113
31	141
0	73
0	107
0	366
0	70
0	355
2	11
0	70
0	38
0	34
1	34
0	35
1	93
0	64
0	27
0	65
2	42
0	30
0	0
0	4079
0	4545
0	4233
0	4165
10	3895
4	4267
0	4457
0	711
0	444
2	2792
13	861
8	192
0	896
46	823
19	424
2	379
1	396
0	230
86	345
0	144
0	343
9	11
0	27
0	27
0	1348
0	1076
0	193
0	145
0	285
2	28
2	12
0	137
0	148
0	135
0	127
5	48
0	76
0	11
0	9
0	71
4	9
0	13
1	1428
121	0
1663	480
0	470
1	450
0	180
0	692
0	8957
15	535
1	8550
1	849
0	8550
1	339
6	867
0	888
7	334
1	0
0	277
0	331
1	36
0	72
0	28
0	28
0	36
1	331
1	36
1	20
15	38
0	24
0	36
1	39
3	34
0	333
0	740
0	674
6	735
1	5
0	54
0	5
0	734
1	8
0	735
0	5
1	165
3	669
0	2
4	19
0	5
0	82
0	634
3	29
0	10
3	26
0	34
2	99
2	99
2	2912
0	2974
2	946
15	2977
1	215
0	132
14	98
0	163
1	87
0	195
1	255
2	17
0	87
0	92
0	111
0	89
0	38
1	2565
0	2050
0	0
0	0
0	0
0	0
0	0
0	0
0	0
0	87
1	87
0	65
0	29
0	1
0	1
238	149
1	149
0	130
0	148
0	61
0	24
0	22
0	0
0	27
0	0
0	610
0	0
0	602
0	609
0	612
2	565
0	36
0	4
1	22
2	10
0	21
0	15
0	11
0	9
2	2
0	4
0	4
1	0
0	17
0	62
12	62
1	57
0	1
0	1
0	1
0	0
0	0
0	0
0	0
0	0
0	0
0	0
0	0
0	60
58	73
3	35
0	40
0	0
0	0
0	0
0	0
0	0
0	1178
1	1180
0	1180
8	1008
0	910
0	729
2	615
0	168
43	280
1	74
0	77
1	62
1	45
0	29
0	128
0	198
0	3
0	218
11	492
0	72
0	236
0	209
0	483
0	408
0	393
0	394
0	389
0	361
0	315
0	296
0	43
0	230
0	138
18	246
0	236
0	250
0	51
0	178
0	30
0	116
0	16
0	37
0	49
0	86
0	24
0	17
0	104
0	39
3	17
1	108
0	20
0	0
0	0
0	0
8	767
0	736
0	498
0	467
0	158
0	220
0	331
0	21
0	384
0	369
2	160
1	334
0	399
0	384
7	317
0	202
35	22
0	196
0	150
0	17
0	23
0	11
2	8
0	31
0	31
0	33
0	33
0	33
0	34
0	34
2	0
0	76
0	79
0	68
0	77
0	69
0	11
0	8
1	12
0	9
0	6
0	2
0	0
0	0
0	0
0	0
0	0
0	129
0	0
0	0
0	0
0	1
0	0
0	1
0	0
0	1
0	0
0	0
0	0
0	0
0	0
0	0
0	1
1	1707
0	1710
17	1668
0	1662
1	1735
0	152
0	1093
0	1036
2	994
1	792
0	836
5	95
1	41
1	58
0	2
0	1679
0	1633
13	1659
0	420
0	962
0	86
4	39
13	79
0	160
0	118
1	73
0	1650
0	157
0	133
6	44
0	168
0	55
0	48
0	38
0	51
0	144
0	152
0	75
0	1511
0	2225
0	2219
0	515
0	1849
0	338
250	13854
36	3127
6	13683
7	13687
0	13686
0	13670
7	13703
5	12890
14	424
3	84
0	245
0	268
0	657
0	1269
2	931
0	662
2	502
0	124
10	242
0	86
0	60
0	85
2	324
10	586
0	390
0	602
0	587
0	530
2	214
206	392
0	298
1	5
0	1
37	171
1	58
0	154
0	104
0	20
0	0
0	471
7	622
0	19
0	210
0	474
0	498
0	221
6	60
0	372
0	63
1	31
3	56
0	121
1	38
0	602
0	516
0	37
0	36
0	38
0	12
0	13
0	18
0	19
0	36
0	6
0	36
0	36
0	0
0	0
0	0
0	0
0	0
0	0
0	25
2	22
0	25
68	75
1	76
3	6
0	18
0	20
0	143
6	432
0	448
0	13
1	418
0	453
0	376
0	357
0	434
0	136
0	134
0	47
1	31
0	448
0	49
0	9
0	3
1	3
0	48
0	49
0	48
0	0
6	359
0	349
0	318
5	60
0	35
0	1
0	1
0	1
0	1
0	0
0	1
0	182
269	786
45	44
0	235
0	75
0	206
0	308
0	610
2	79
0	243
0	161
39	158
1	209
0	262
2	42
12	350
4	152
0	136
7	42
0	20
0	4
0	10
0	136
0	136
0	136
0	510
4	510
3	9
256	74
0	37
1	7
3	32
0	25
0	32
0	33
0	30
0	4
0	22
0	18
0	25
0	23
0	27
0	22
0	27
0	2
0	2
0	0
0	2
0	5
0	8
0	4
0	1
0	3
0	3
0	2
0	2
0	0
2	0
0	1
0	21
0	28
0	3011
34	2909
79	2721
0	750
3	669
1	190
32	169
0	12
0	4
0	4
5	12
0	5
0	12
0	4
0	3
0	5
0	3
0	4
0	3
0	4
0	4
0	5
0	5
0	2
0	2
0	1
0	3
0	1
0	3
0	2
0	2
0	2
0	4
0	2
0	3
0	0
0	12
0	12
1	4
0	7
0	9
0	2
0	0
0	2
0	2
0	2
0	0
0	0
0	0
0	0
0	0
428	53
2	53
0	22
0	2
0	2
0	2
2	2
0	2
0	2
0	1
0	1
0	1
0	1
0	1
0	1
1	0
0	0
0	0
0	0
0	0
0	118
0	120
0	123
0	120
0	103
0	96
0	88
1	0
0	21
2	9
0	3
0	0
0	0
0	0
0	0
0	0
0	0
0	0
0	0
0	0
0	0
0	0
0	0
0	0
0	0
0	0
0	0
0	0
0	0
0	0
0	0
0	0
0	0
0	0
0	0
0	0
0	0
0	0
0	0
0	0
0	0
0	0
0	0
0	0
0	0
0	0
0	0
0	0
0	0
0	0
0	0
0	0
0	0
0	0
0	0
0	0
0	0
0	0
0	0
0	0
0	0
0	0
0	0
0	0
0	0
0	0
0	0
0	0
0	0
0	0
0	0
0	0
0	0
1	0
0	0
0	0
0	0
0	0
0	0
0	0
0	404
4	268
0	9
1	9
0	9
0	9
0	0
0	0
0	0
0	0
1	0
0	0
0	0
0	0
0	0
0	0
0	0
0	0
0	0
0	0
0	0
0	0
0	0
0	86
0	92
3	107
0	99
0	111
0	21
0	24
0	18
0	3
0	918
11	1249
0	365
0	1005
0	1216
0	1207
2	420
8	770
0	1240
0	1162
3	1102
0	358
0	673
0	1165
0	1200
0	417
0	1104
0	369
0	426
0	1081
0	1160
0	1230
0	335
0	1236
0	1215
3	1189
0	1184
0	1190
0	1097
0	1085
0	154
0	643
0	123
0	189
0	734
0	98
0	562
0	132
6	400
0	404
29	175
0	121
1	199
0	485
1	308
0	415
0	480
9	187
0	365
25	31
1	231
0	478
0	164
0	76
0	15
54	15
0	54
0	56
5	22
1	0
0	0
0	2
0	1
0	2
1	5
34	486
0	345
0	338
0	424
0	15
5	49
22	111
0	185
0	466
0	173
0	187
0	336
0	258
0	332
0	50
0	0
0	2
0	1269
7	0
0	1892
0	54
15	1865
1	1163
2	1350
0	1308
0	829
0	799
39	490
0	772
0	824
0	843
0	82
0	63
0	210
0	6
69	302
0	114
0	123
1	125
1	138
0	32
0	657
1	12
0	13
0	11
0	12
6	220
3	222
0	229
2	241
0	227
0	232
0	228
0	217
0	182
0	22
0	6
0	15
0	0
0	0
4	0
0	858
0	1092
0	1219
15	945
0	147
0	851
0	108
0	122
0	41
1	91
4	127
1	118
0	225
0	533
0	436
0	107
0	102
0	92
1	83
0	92
0	72
0	63
0	45
0	7
0	0
0	21
0	38
0	3
0	1
0	1
0	3
0	4
0	4
0	3
0	1
0	1
0	1
0	0
0	0
0	0
0	1
0	0
0	1
0	0
0	0
0	0
0	1
0	1
0	11
1	9
0	3
0	3
0	4
1	3
0	9
0	7
1	7
0	1
0	0
0	0
0	0
0	4
0	5
0	5
0	4
0	5
0	3
0	3
0	2
0	133
0	39
1	148
0	259
0	799
1	782
0	259
2	162
0	102
1	50
1	22
0	10
0	18
0	43
2	11
0	100
0	135
0	37
1	41
0	0
0	120
0	35
0	45
0	134
10	0
0	42
0	34
0	41
0	131
0	17
0	15
0	30
1	18
1	0
0	39
0	144
0	134
0	148
0	11082
1	114
0	120
9	37
0	39
0	119
0	22
0	68
0	92
0	19
0	17
0	11
2	120
1	14
2	15
0	322
5712	1608
9	527
0	0
0	0
2	137
1	52
0	329
0	12
1	0
0	736
0	339
0	290
0	211
0	194
0	18
0	18
0	17
0	17
0	0
0	18
0	18
0	77
0	145
0	115
0	101
0	114
0	35
0	102
0	68
0	98
0	86
0	82
0	12
0	14
0	78
0	15
0	44
0	3
0	3
0	3
0	2
0	2
0	2
0	1
0	1
0	1
0	1
0	1
0	1
0	1
0	1
0	1
0	1
0	0
0	0
0	0
0	0
0	0
0	0
0	0
0	2598
0	1637
1	2432
9	2431
16	2425
1	2592
0	1597
0	1
0	1
0	5
0	2
0	2
0	2
0	1
0	4
0	0
0	1
0	1
0	1
0	1
0	1
0	0
0	0
0	0
0	0
1	3
0	3
0	3
0	0
0	0
0	0
0	0
0	0
0	0
301	55
0	53
6	45
9	5
0	544
0	558
0	1
0	0
0	0
0	1
0	1
0	0
0	0
0	0
0	0
0	0
0	0
0	377
0	16
4	16
0	2283
9	203
0	2278
5	429
0	1278
2	979
33	1015
1	499
0	166
0	2283
0	3364
0	3089
0	2961
0	93
0	323
1	587
1	145
0	3363
0	3091
0	1079
0	1
0	0
0	0
0	1
0	0
0	0
1	17
2	0
0	16
2	16
0	0
0	0
0	0
0	0
0	0
0	0
0	0
0	31
0	1
3	32
0	30
0	2
0	32
0	31
0	30
0	0
0	4
1	23
0	2
0	1
0	10
1	13
0	13
900	877
1	558
1	804
3	814
7	515
9	561
0	444
3	529
1	334
0	98
0	23
0	23
0	21
0	11
4	6
0	1
0	0
0	0
0	278
0	0
0	171
0	866
1028	906
0	164
0	688
0	688
0	34
5	239
0	334
0	210
0	364
0	551
1	946
7	951
0	988
0	161
0	351
0	362
0	218
16	332
2	409
0	125
0	236
0	80
0	64
2	94
0	34
74	0
0	5632
0	5502
0	5301
0	5218
0	5495
0	5119
0	5607
0	5607
0	3550
0	5099
0	5331
0	5102
0	5495
0	1391
2	1266
0	3349
0	5331
0	5499
4	1087
0	1295
6	791
1	4805
0	835
0	4501
5	1144
0	3989
0	535
0	1347
0	1160
1	495
0	1053
1	1070
2	1252
1	30
1	864
0	1730
0	1802
0	1029
0	786
0	511
0	1045
0	1129
0	659
0	230
0	506
0	785
0	785
1	738
0	731
5	175
1	186
0	774
0	80
1	89
1	588
24	604
0	53
0	583
9	541
0	350
0	499
4	472
0	497
54	265
0	216
0	237
0	233
3	227
0	233
1	211
0	222
0	220
7	183
1	170
0	213
0	225
0	229
0	217
0	221
1	4
2	109
0	167
0	148
0	104
6	139
7	108
1	55
0	27
0	58
0	47
0	37
1	34
0	14
0	24
0	32
5	12
0	12
0	0
0	0
4	6523
14	282
0	279
9	2
6	134
7	54
4	146
0	585
0	550
0	574
4	47
13	318
0	134
0	59
2	81
0	370
0	371
0	3
0	0
0	3
0	6
0	5
0	0
0	3
0	3
0	0
0	2
0	1
0	2
0	1
0	1
0	0
0	1182
0	1177
0	1053
0	1045
0	1975
0	1975
1	446
0	1337
0	450
1	1404
1	578
0	635
4	432
0	355
0	440
3	1
0	2
0	2
0	17
1	17
0	1
0	16
1	0
0	0
0	0
675	120
0	119
5	217
300	408
0	322
0	408
0	291
0	88
1	194
0	38
0	53
0	68
0	19
0	34
0	56
0	43
0	43
0	50
0	52
0	50
0	31
0	29
0	344
0	468
0	591
0	450
0	458
0	380
0	490
0	453
0	448
0	432
0	416
0	405
0	421
0	155
0	385
0	153
0	139
2	7
0	94
1	62
0	136
0	72
0	46
0	62
0	62
0	118
0	70
0	41
0	62
0	92
0	119
0	97
1	97
0	111
0	121
0	111
0	97
0	104
0	75
0	115
0	7
0	80
1	15
0	247
0	109
0	48
2	43
20	402
0	214
5	57
1	47
1	310
6	329
0	330
0	248
0	0
0	0
0	0
0	149
0	0
44	527
96	523
1	274
3	83
0	107
0	100
0	0
0	0
0	234
0	2
1	8
0	238
0	6
0	12
0	89
0	233
0	234
0	37
0	81
0	221
0	68
0	7
0	50
0	14
1	399
0	242
0	394
6	45
0	192
0	404
0	171
7	358
1	37
1	151
0	175
0	19
0	86
1	85
0	70
1	73
2	17
3	27
0	8
2	29
2	7
0	11
0	1163
0	22
0	2254
1	2247
93	2118
0	722
18	2252
0	690
0	0
4	146
1	138
0	133
0	14
0	6
5	10
0	5
0	0
0	0
0	0
0	0
0	0
0	0
0	0
0	0
0	0
592	422
0	428
1	359
0	193
0	57
0	49
0	115
0	40
0	9
2	11
0	26
0	45
56	93
0	37
0	24
0	9
0	15
0	0
8	17
0	17
1	15
0	4
1	16
0	9
0	4
6	6
10	2
6	5
0	95
0	92
0	95
2	61
0	24
0	26
0	58
2	59
2	73
0	0
0	0
1260	619
0	97
0	426
8	199
7	70
0	0
0	0
0	0
0	0
0	0
0	0
0	0
0	19
215	244
0	226
1	7
0	0
1	34
0	103
0	67
0	48
0	30
1	25
1	109
0	72
0	34
354	438
5	212
4	438
5	68
0	86
0	72
0	87
0	0
0	0
1	325
16	94
5	87
0	439
0	381
21	428
41	390
0	230
0	410
1	210
0	106
4	108
0	0
0	0
0	0
0	0
0	0
0	0
0	0
0	2155
0	169
0	2053
0	2106
2	2065
0	2120
0	258
0	2175
1	2189
1	2111
0	2257
0	1952
0	2204
0	1900
0	1513
0	2202
71	2072
0	108
0	2199
0	2127
0	57
0	2183
1	2183
0	2022
0	2138
0	2135
0	2116
0	2093
3	2035
0	2128
0	1
0	370
0	61
0	1697
0	1937
0	1894
0	1865
0	1897
0	1868
0	203
3	1662
0	405
0	227
0	774
8	413
0	975
12	848
0	482
0	239
0	619
0	364
0	16
8	644
0	1473
0	1474
12	1478
0	180
0	112
24	245
4	243
13	271
10	334
17	153
0	365
0	239
0	244
1	229
0	240
0	49
0	134
0	91
0	38
1	64
0	59
0	56
0	43
0	47
1	24
0	43
0	32
4	25
0	25
0	13
0	11
0	4
0	522
0	525
0	463
0	387
0	131
0	66
0	67
14	49
0	20
0	0
0	0
0	0
0	0
0	0
0	0
0	0
0	0
0	0
0	0
0	0
0	0
0	1083
0	0
0	0
0	0
0	0
0	0
0	0
0	0
0	0
0	0
0	0
0	0
0	0
0	0
5	36
0	0
0	0
0	1
0	0
2	1
29	2965
0	2964
0	2668
0	260
0	0
0	2964
0	2966
0	2964
0	185
0	283
0	290
0	233
0	133
0	7
0	0
4	93
0	95
0	113
0	112
0	7
4	2
0	1506
0	504
0	2
0	8
1	12
0	48
0	47
0	2
0	6
1	3
0	8
0	28
0	12
0	23
0	26
0	27
0	12
0	7
0	5
0	8
0	1
0	2
0	3
19	13
0	10
0	11
0	5
8	23
0	23
0	22
0	5
0	0
32	40
0	39
0	35
0	23
0	1
1	13
0	7
0	0
14	131
1	131
3	131
0	6
0	0
0	17
0	63
0	17
0	26
1	7
0	64
0	102
0	102
0	54
0	53
0	10
0	36
0	19
0	5
0	0
0	0
0	102
0	17
28	64
0	25
0	4
5	91
0	2
0	0
0	832
0	88
0	1266
0	125
0	1266
0	287
6	472
12	371
0	31
0	114
1	257
0	261
0	22
0	228
0	63
0	29
0	68
1	64
1	188
1	28
2	207
2	37
0	28
9	39
0	834
0	808
3	507
0	811
0	775
0	870
0	953
0	484
0	483
0	429
0	318
0	268
0	193
0	185
0	29
0	174
0	166
0	196
1	189
0	189
0	43
0	116
0	187
0	196
0	154
0	186
0	181
0	182
0	197
0	188
0	200
0	201
0	181
0	187
0	200
0	174
0	186
0	150
0	185
0	162
0	177
6	104
0	85
0	61
6	34
0	22
0	38
0	67
1	38
0	49
0	44
0	38
0	15
0	17
0	12
0	17
0	0
0	12
0	14
0	0
0	7
0	8
0	14
0	8
0	8
0	9
0	6
0	8
0	6
0	0
2	0
0	0
0	3
0	2
0	3
0	0
0	0
0	2
0	0
0	0
0	2
5	2
0	470
0	453
0	16
0	39
0	75
29	242
0	25
0	18
27	46
0	4
0	35
0	44
2	162
0	20
0	4
3	12
7	17
1	21
2	23
3	40
0	78
0	4
5	14
0	25
19	10
0	8
0	2
0	0
0	0
0	0
0	0
0	0
0	0
0	0
0	0
0	0
0	0
0	0
0	0
1	255
0	425
0	383
0	362
0	345
0	355
0	368
0	360
0	356
0	341
0	386
0	358
0	370
4	392
5	387
0	384
0	187
0	26
0	40
1	64
0	0
1	144
0	136
1	64
0	97
0	77
9	85
0	86
0	60
0	70
0	27
1	24
0	41
48	48
0	21
0	26
0	24
0	26
0	29
0	19
0	24
0	20
0	1
0	0
0	2
0	1
0	1
0	1
0	1
0	0
0	1
0	0
0	1
0	1
0	1
0	0
0	0
16	92
0	274
0	74
0	274
0	177
5	174
0	176
3	266
0	212
0	0
0	0
0	0
0	0
0	0
0	0
0	0
0	0
0	0
0	0
2	0
0	272
0	201
0	190
0	0
0	0
0	0
0	0
0	0
0	0
0	0
0	0
0	0
0	0
2415	1186
19	900
0	603
2	117
0	374
2	64
0	0
0	108
0	208
0	68
0	101
0	126
0	439
1	432
0	432
1	182
0	68
0	408
0	615
0	283
0	601
0	275
0	265
1	16
5	29
0	20
3	44
0	44
0	0
0	0
0	2
0	2
1	33
4	15
0	13
0	18
0	37
0	2
0	34
0	9
0	10
0	3
0	7
0	9
0	66
5	31
32	179
3	209
0	73
1	126
4	80
0	94
0	97
5	161
0	169
0	73
1	574
0	561
0	570
0	574
0	573
1	563
0	587
0	562
0	563
11	545
7	315
0	12
0	50
0	320
3	576
0	552
0	556
0	590
0	552
0	6
0	315
0	474
0	509
0	582
0	535
0	582
0	246
0	36
0	567
0	36
0	3
0	28
0	12
1	566
0	83
0	512
0	7
0	18
0	84
0	82
0	250
1	36
0	36
0	38
0	38
0	47
0	12
0	12
0	21
0	1
0	19
0	37
0	30
0	49
0	23
0	28
1	36
0	3
0	24
0	27
0	61
0	132
0	0
0	38
0	257
0	28
0	45
0	0
0	132
0	132
0	132
0	1017
0	1024
0	952
0	1038
0	1019
0	1003
0	998
0	928
0	100
146	1109
1	1003
2	343
0	70
1	52
0	595
0	131
2	22
2	29
0	125
0	521
0	521
3	576
0	880
0	480
0	844
0	848
1	440
0	518
0	470
0	812
0	448
0	817
0	830
0	837
0	630
0	541
4	521
0	494
0	507
0	471
0	457
0	469
0	492
1	75
0	376
0	245
0	270
0	96
0	63
5	102
0	69
0	109
4	30
2	11
3	3
0	1
0	3
0	2
1	81
0	185
0	214
0	169
1	184
0	207
0	205
0	205
0	207
2	202
0	202
0	106
0	94
0	92
0	105
0	105
0	117
0	69
0	27
0	3
0	23
0	20
40	36
0	36
0	2832
0	2834
0	2830
11	289
0	1395
48	657
2	806
10	534
0	629
1	448
0	368
0	470
0	424
0	320
0	206
1	229
0	236
0	328
0	319
0	307
0	214
0	186
0	186
0	147
0	184
0	105
418	0
7	22
0	21
0	9
0	0
0	0
0	0
4	4511
0	4745
0	199
0	456
0	4541
0	2102
0	4392
11	103
1	4553
2	299
0	2496
1	331
0	158
0	201
0	246
0	373
6	509
2	2674
0	299
11	184
5	162
1	177
0	173
0	71
2	47
0	88
0	56
0	68
0	58
1	51
0	54
10	113
1	112
2	0
0	112
0	22
0	5
0	13
3	98
0	117
0	20
0	12
0	25
0	302
0	59
1159	727
1	548
9	332
2	355
0	208
1	65
0	0
0	0
0	9164
0	12634
209	12696
0	1963
0	1485
7	9389
0	7790
8	1597
0	1160
6	6787
0	1687
0	1282
2	274
7	4567
121	4383
0	1255
69	642
1	622
1	114
1	278
0	235
4	318
0	108
3	48
4	112
62	2057
0	591
36	1371
0	1777
1	1917
0	2199
0	237
0	252
0	2199
1	285
0	408
0	281
3	81
0	0
357	178
0	126
2	116
0	10
0	79
0	87
1	87
6	0
0	87
0	88
0	85
0	177
0	0
0	0
0	0
0	0
0	0
0	0
0	0
0	214
1	181
0	87
2	292
2	87
2	99
0	84
0	64
0	917
4	940
0	388
0	364
0	283
0	106
0	173
0	40
0	137
0	562
10	593
1	28
42	53
2	3
0	1
0	2
0	2
8	137
61	71
6	122
14	10
0	283
42	284
0	283
6	61
7	137
0	132
0	44
0	28
0	15
0	6
4	24
1	23
2	22
1	4
0	4
0	1
0	0
0	1
1	1
1	101
3	120
273	311
0	289
77	29
5	11
0	443
2	433
27	340
3	221
4	288
0	5
0	5
0	8
0	8
2	293
0	17
0	17
0	5
0	27
0	27
0	282
1	683
0	26
0	667
0	398
0	371
0	391
1	255
0	1
0	160
0	106
1	57
0	6
0	0
0	75
219	334
0	91
0	138
0	882
0	2
553	2007
2	409
0	602
1	659
2	820
3	197
0	776
2	206
0	60
0	103
0	4
0	109
0	94
0	191
0	90
1	179
0	68
1	42
0	100
0	100
0	78
0	67
1	102
0	19
0	24
2	2
0	2
0	165
0	111
0	391
0	96
0	106
0	129
28	496
0	185
0	44
2	85
0	75
0	141
1	51
0	107
0	148
2	68
0	156
5	120
0	128
0	152
0	103
0	21
0	38
0	6
0	23
7	6
3	4
0	70
2	43
0	126
0	59
0	15
3	0
0	358
0	358
4	164
0	44
0	57
0	67
0	45
22	210
0	14
5	106
0	112
1	144
1721	482
2	343
140	500
271	335
7	332
32	305
41	195
0	208
96	2145
0	1998
2	1716
8	176
15	166
8	252
13	105
1	78
6	58
0	58
0	0
0	0
2	0
0	0
0	0
0	1089
0	129
1	1089
1	560
0	10
0	10
0	11
0	10
0	11
0	10
0	1
0	0
2	7
0	3
0	4
2	0
0	0
0	0
0	0
0	0
0	0
0	0
0	0
0	0
0	0
0	0
0	0
0	0
0	90
0	0
0	79
0	54
1	89
0	77
0	79
0	78
0	90
1	88
0	90
0	70
516	197
3	38
0	32
1	86
0	49
2	36
2	212
0	191
0	211
13	95
0	188
0	191
0	195
4	204
0	26
3	45
2	3
0	32
2	11
0	20
0	17
0	17
0	15
3	855
8	856
0	850
0	784
1	160
1	151
0	61
12	1421
1	1244
1	930
0	731
0	323
0	1
0	1
0	1775
5	1097
0	1707
0	1717
0	1795
0	1387
0	447
1	337
1	195
2	776
21	628
0	500
0	456
0	1
1	11
2	27
0	12
1	33
0	9
0	0
0	1
0	0
0	0
0	1
0	1
0	0
0	0
0	0
0	0
0	0
0	434
0	436
0	209
0	357
2	407
0	422
0	416
0	378
0	419
0	338
1	439
0	393
0	378
0	156
179	333
0	226
0	231
0	98
0	254
0	169
0	58
0	31
0	0
0	0
0	0
0	145
37	143
0	141
1	136
0	96
0	143
0	85
0	25
0	30
0	31
6	52
0	49
0	42
15	3897
0	2
101	1161
18	1032
1	1035
0	965
7	155
0	917
0	3
0	3
0	3
0	3
0	2
0	2
0	3
0	2
0	3
0	2
0	3
0	2
0	0
0	0
0	0
0	0
0	155
0	147
0	71
3	108
0	16
0	117
0	0
0	0
0	26
1	26
0	26
0	26
1	1
0	20
0	20
0	20
0	26
0	1100
0	3345
0	3394
0	2872
0	2502
4	269
0	267
30	192
0	355
156	2160
0	299
22	78
13	263
1	252
1	287
0	357
21	1205
0	6937
0	6949
0	5076
10	5311
0	5566
2	1296
0	5578
0	6245
0	5129
0	6245
4	7030
0	7073
20	7301
0	7207
0	7495
0	7214
1	7209
9	7219
0	7214
31	4561
0	883
0	0
0	0
0	0
0	0
0	0
0	0
0	0
0	1048
0	1054
0	324
0	10
6	1069
2	945
2	269
1	815
0	691
0	199
0	512
1	423
6	0
45	1083
18	257
0	342
2	348
3	242
0	246
36	257
0	255
0	224
0	261
0	252
0	26
0	141
1	1
0	0
0	0
0	1
0	0
0	0
0	0
0	0
0	0
95	284
2	284
0	199
1	97
1	95
1	8
0	24
0	19
0	1
0	0
15	345
5	357
0	372
0	179
16	19
0	59
4	49
1	78
0	1
0	1
0	1
0	1
0	0
1	0
0	0
0	0
0	4
0	0
1	5
0	2
0	787
0	44
281	773
0	200
4	134
0	154
0	390
2	356
5	333
0	233
2	136
0	119
0	3068
16	3411
0	3351
285	3447
8	122
0	3443
8	967
0	3377
2	2938
19	3398
1	3411
1	2948
4	1796
1	1428
0	187
3	142
11	402
0	170
11	404
2	99
0	160
0	125
0	245
0	250
0	225
0	120
1	135
1	226
0	128
1	12
0	162
9	53
0	13
0	29
0	232
0	85
0	186
59	217
3	196
31	66
0	55
0	13
0	196
0	30
8	46
3	46
29	15569
0	15722
17	10651
1	5591
4	3090
0	3743
0	3173
0	3176
0	2797
0	2723
0	2645
0	2272
0	502
0	794
0	212
0	265
0	256
0	8
0	4777
0	4932
0	5017
0	4777
0	5011
0	654
0	3065
1	153
28	378
1	520
0	508
0	174
8	481
0	348
0	160
0	478
0	436
0	317
11	10
0	1
0	308
2	120
0	135
4	132
2	105
0	87
0	59
0	31
2	26
0	1
0	308
0	45
13	127
3	54
0	814
14	92
0	695
0	767
21	18
1	68
0	136
0	131
0	65
2	90
0	139
13	94
14	83
0	288
28	198
1	45
2	116
0	310
0	3
0	312
0	5
8	313
0	40
0	174
0	313
0	177
37	1192
0	1153
10	12
3	926
0	107
0	54
0	926
0	316
0	9
0	0
0	311
2	5
0	0
0	1
0	6
1	6
0	2
0	0
2	313
0	6
210	293
0	233
0	54
1	312
18	6
0	2
0	310
0	156
0	533
0	74
0	57
0	44
0	56
0	316
0	62
0	43
6	134
13	20
9	37
0	32
0	41
0	76
23	61
0	72
0	87
0	563
0	459
0	30
1	109
0	568
3	468
32	391
0	430
0	441
0	503
0	129
0	469
0	130
9	92
14	134
0	166
0	185
0	187
0	113
105	352
1	112
3	74
0	151
6	85
3	42
0	110
0	45
12	97
0	8
0	315
0	0
0	307
1	313
0	6
0	0
0	0
0	0
0	0
0	0
0	0
0	0
0	0
0	0
0	0
0	0
2	7
0	313
0	25
0	25
5	8
1	22
0	6
0	678
0	674
0	665
0	654
0	624
0	695
0	615
0	654
0	647
0	644
0	636
0	625
0	662
0	669
0	669
0	689
0	669
1	660
0	678
0	641
0	668
0	668
1	367
19	427
0	634
0	649
0	631
0	625
0	666
0	614
0	626
0	638
0	669
0	646
0	684
0	563
0	601
0	656
0	690
0	697
0	579
0	590
1	652
0	638
0	588
0	641
0	626
0	277
0	699
0	658
0	646
0	673
0	680
0	668
0	679
0	695
0	657
0	856
0	662
2	675
0	266
0	650
0	641
0	622
0	414
0	677
0	601
0	612
0	670
0	648
0	674
0	780
0	672
0	833
0	795
0	627
0	446
0	85
0	686
0	631
0	692
3	633
0	671
0	625
0	564
0	627
1	479
1	122
0	202
0	267
0	144
0	153
0	168
0	13
1	64
25	10
30	957
0	950
0	728
1	447
3	83
0	4
1	20
2	5
0	312
0	11
0	318
5	68
2	376
0	91
0	44
0	258
0	258
0	259
0	254
0	253
0	244
0	2
0	6
0	5
0	3
0	308
0	1
128	34
0	26
1	16
0	14
0	3
0	3
0	2
1	180
0	494
1	314
0	57
0	43
0	62
0	21
0	81
0	0
0	0
1	0
0	146
5	146
8	145
0	4
0	1
0	2
0	16
0	10079
0	9309
3	9311
0	11423
0	11827
0	11942
0	11511
0	11740
0	10475
0	10156
0	12171
0	10076
0	10075
0	10103
0	10099
0	9353
0	9773
2	11197
0	10905
0	8877
0	11937
0	8527
8	8630
0	11047
0	8160
0	2359
0	1733
0	1908
0	1762
0	1251
0	1372
0	1708
0	1033
0	1560
0	1896
1	1752
0	1634
0	1582
0	1379
0	1507
0	8
349	56
0	27
2	39
1	30
0	29
2	32
0	7
0	11
0	0
0	0
0	0
0	7
0	0
0	7
0	1
0	2
0	2
0	2
0	2
0	2
0	2
0	0
0	1
0	2
0	1
0	415
8	77
3	409
0	408
4	27
0	23
8	367
28	263
0	34
0	62
0	26
0	19
0	22
1	29
0	413
0	14
182	574
0	400
1	119
4	380
0	364
0	9
1	316
0	2
1	90
7	2
0	73
0	75
0	73
0	73
0	73
1	75
1	75
1	73
0	73
1	2
0	308
0	1
0	15
10	3
0	0
1	3
0	0
1	841
0	2307
0	2280
0	2260
0	2228
0	2259
0	834
0	806
0	1826
0	170
0	140
3	94
0	161
0	121
0	646
0	350
0	75
0	72
0	2
0	4
0	3
4	70
0	12
0	9
0	7
0	2
1	1
15	86
1	60
0	68
2	81
2	64
0	12
0	2
0	16
0	7
0	11
1	1
0	89
0	50
0	39
0	62
1	69
2	142
0	158
0	148
0	13
98	34
0	44
4	4
0	13
0	8
355	23
0	102
9	333
2	344
2	79
0	217
0	704
0	910
0	117
6	642
2	841
0	61
0	90
2	214
32	175
1	123
273	251
0	41
0	32
0	23
0	223
0	28
37	194
0	104
0	15
0	397
56	473
0	399
0	62
4	44
0	24
0	109
0	8
1	18
1	19
0	122
0	1103
0	1044
0	1135
1	146
0	201
1	3
0	460
0	1103
0	121
1	1096
2	165
4	13
6	468
20	79
1	127
1	6
0	65
0	4
0	4
0	26
0	22
1	1
0	22
2	73
0	0
0	4
0	4
0	85
2	24
0	115
1	107
0	55
0	23
1	115
0	3
0	5
0	5
5	0
1	266
3	266
0	115
0	638
8	580
0	777
0	593
4	169
0	523
0	795
0	609
0	674
0	716
0	689
0	312
3	504
0	479
0	498
1	432
2	294
1	168
0	201
0	82
11	1194
0	1248
1	572
1	298
9	263
6	177
0	176
17	146
0	49
1	311
7	313
4	79
1	204
17	51
0	52
22	15
154	529
6	529
0	67
0	23
0	47
20	114
0	179
1	176
0	27
15	61
1	19
1	8
0	1164
0	1096
0	1085
0	1019
14	862
0	1021
3	1128
1	371
0	206
0	185
1	608
0	679
0	680
0	281
0	257
1	116
23	37
5	248
0	124
5	88
0	1
0	1
0	1
0	1
0	1
0	0
0	0
310	357
1	56
0	19
0	103
1	104
1	120
20	156
2	968
0	772
0	944
0	815
0	793
0	25
0	882
0	884
0	961
0	1003
0	958
0	1020
0	1011
0	1026
1	179
0	246
0	1038
2	993
0	26
0	117
0	1048
0	864
0	956
0	1017
0	870
0	1048
0	539
0	33
6	148
0	0
0	139
0	458
15	1011
1	176
0	0
0	21
0	13
0	65
0	0
0	0
0	0
0	0
0	0
0	61
0	0
1	35
0	0
0	5
7	12
0	6
0	5
0	6
0	5
0	49
0	0
0	1
0	0
0	0
0	0
1	0
0	0
12	140
0	0
0	0
0	0
0	17
0	12
0	53
0	232
0	657
0	3
0	0
0	38
0	120
0	85
5	43
4	92
0	40
0	53
0	40
0	41
0	136
0	176
0	154
0	0
0	15
0	21
0	14
0	32
0	31
0	0
0	9
0	7
0	16
0	38
0	258
0	170
0	169
0	226
0	169
0	154
3	414
0	313
37	361
31	439
0	110
17	91
0	99
0	103
1	148
0	116
20	284
0	83
0	74
0	87
1	84
0	61
0	31
0	62
0	224
12	582
0	565
0	601
0	257
0	243
0	200
0	197
17	240
0	198
0	226
0	197
0	50
0	32
0	36
0	0
0	0
0	0
0	0
0	0
0	0
0	0
0	0
0	0
0	0
0	0
0	0
0	0
0	0
0	0
0	0
0	0
0	0
30	1992
0	501
96	434
0	1925
186	293
161	402
13	103
1	401
0	76
2	0
4	2199
0	51
3	358
0	0
1	865
0	625
0	555
0	828
1	845
1	760
0	837
2	688
0	680
4	529
3	316
2	340
0	519
0	143
2	232
0	166
0	81
0	20
0	70
3	57
0	11
0	13
0	801
0	8
0	8
0	6
7	323
2	54
0	54
98	198
0	801
0	2
0	2
609	1859
9	81
12	569
0	470
1	1135
6	1130
3	901
0	574
1	30
0	83
3	67
0	442
0	44
0	56
1	12
0	47
0	66
1	20
0	48
0	66
0	28
2	1
0	10
0	10
0	35
0	0
1	972
0	1060
0	957
0	1115
0	1122
0	0
0	1017
0	960
0	1017
0	981
0	1030
0	35
0	1002
0	1020
0	62
0	41
0	35
0	51
0	66
2	64
0	987
0	903
0	137
1	123
0	788
6	113
0	104
1	179
0	379
0	213
0	48
389	364
0	15
0	118
57	114
18	32
0	136
0	1119
0	1283
0	1630
0	1674
0	1728
2	468
0	749
9	1631
0	1603
0	1672
0	1682
0	1619
0	999
0	1576
0	1669
0	1521
0	1507
0	1627
1	1052
0	0
0	0
0	0
0	0
0	0
0	0
0	1
0	1
0	1
0	1
0	1
0	0
0	1
0	1
2	424
0	436
5	424
0	435
0	424
0	165
0	150
1	61
0	82
0	0
0	0
0	0
0	0
0	0
0	0
0	0
0	0
0	0
0	0
19	25
11	17
9	11
0	11
1	5
0	232
3	771
0	81
0	646
0	108
0	361
0	776
4	944
28	942
0	99
1	247
2	126
7	40
0	102
1	95
0	950
152	277
0	67
0	87
0	45
0	14
0	39
0	59
0	38
0	13
0	38
0	26
0	30
149	182
163	182
0	2
0	51
0	126
0	1
0	0
0	126
0	103
4	131
0	131
7	133
0	49
1	113
27	60
0	41
0	16
0	27
3	570
0	558
0	192
23	30
0	0
0	290
0	291
0	219
6	29
13	243
6	71
0	74
0	12
6	23
0	4
0	8
0	17
1	12
4	8
2	12
0	1062
5	658
3	14
0	1165
4	198
7	1034
0	1102
0	1219
0	126
3	289
0	92
0	200
0	501
4	276
0	2
0	481
9	150
1	366
1	496
0	454
0	477
0	42
0	363
11	362
1	75
0	370
0	698
0	346
0	250
0	40
0	38
0	187
8	54
0	762
0	832
0	125
0	762
0	48
0	48
0	49
16	50
0	768
1	716
0	787
0	13
4	32
47	701
7	334
14	695
0	237
0	2087
0	1805
0	2121
0	2154
0	2183
0	2176
3	2140
0	2165
4	2125
20	1482
0	2156
0	2114
0	2114
4	2060
0	2121
0	2102
0	34
0	336
0	1984
0	2120
0	2180
13	1859
0	2117
0	2187
0	2001
0	1630
0	122
0	771
0	824
0	1772
0	1535
0	1769
0	1604
0	263
0	1099
0	547
44	1297
0	528
4	189
12	44
0	31
0	10
4	20
0	8
0	115
0	108
0	152
0	112
0	160
4	33
0	32
0	33
0	25
0	26
0	24
0	9
0	22
0	5
0	8
0	8
0	0
0	8
0	8
0	4
0	4
0	7
0	7
0	5
0	4
0	7
0	8
0	8
0	8
0	7
0	7
0	7
0	7
0	8
0	8
0	4
0	9
0	8
0	0
0	3
0	3
0	2
0	3
0	3
0	3
0	2
0	0
0	1
0	2
0	2
0	1
0	1
0	1
1	23
240	340
255	411
1	71
0	59
0	232
0	117
0	3
0	135
0	146
0	1
2	118
0	12
0	2
5	33
0	73
0	14
2	16
0	142
0	146
0	127
0	448
1	474
0	610
0	295
2	402
0	525
1	72
0	283
0	286
0	25
0	362
7	70
0	324
0	379
1	154
42	190
0	190
2	12
1	29
1	28
2	22
0	20
1	0
0	0
0	0
2163	0
0	2673
0	2743
1	2069
5	737
0	1544
0	1570
1	1568
0	2570
0	2614
0	2743
0	2622
0	391
1	2657
0	2701
0	1075
0	407
1	1573
0	359
0	214
0	764
0	767
0	745
0	763
0	224
0	41
0	47
0	35
0	0
2	97
0	22
0	32
2	336
0	86
5	10
0	68
2	35
0	1
0	97
0	14
10	106
0	17
0	10
0	32
92	29
0	24
0	16
0	15
0	15
3	13
0	10
1	6
0	0
4	423
0	13
0	4
2	406
0	2468
15	1005
0	1780
1	2402
0	2203
0	233
0	2060
1	263
1	110
0	229
0	171
0	258
2	158
0	106
2	17
3	233
1	65
2	109
2	68
1	135
0	35
0	18
0	798
0	22
0	63
0	61
0	805
0	186
0	11
1	67
0	295
1	31
0	336
0	4
0	4
0	15
0	44
0	33
0	41
1	41
0	12
0	21
0	21
0	41
0	40
0	32
1	0
0	0
0	716
0	19
0	16
0	51
0	8
0	109
0	0
0	0
0	0
0	4
0	42
0	2
0	2
0	22
0	6
0	26
0	15
0	37
0	32
0	2
0	9
10	561
0	6
0	5
0	5
1	41
0	41
0	5
0	26
0	9
0	12
0	39
0	12
0	12
0	0
0	0
0	0
0	0
0	0
0	0
0	18
0	12
0	17
0	12
0	12
0	17
0	1
0	639
0	841
7	865
6	1444
0	1819
0	1824
0	1814
0	1577
0	239
0	0
0	0
0	121
0	210
5	274
0	29
0	147
0	362
0	41
7	30
0	45
12	919
22	1001
0	257
45	397
6	140
0	25
21	28
1	17
0	3
0	14
70	117
5	8
8	94
270	136
0	117
0	78
0	131
0	83
3	93
0	32
1	35
0	5
0	10
0	1
0	16
0	17
0	1
0	17
0	12
0	1
0	17
0	18
0	0
0	1
0	3
0	16
0	16
0	17
0	16
0	0
0	2
0	1
0	0
0	1
0	11
0	4
0	9
0	2
0	2
1	4
0	0
695	0
71	418
0	393
5	176
0	180
0	139
0	98
0	73
0	59
0	22
4	27
0	28
0	28
0	28
0	27
0	28
0	26
4	0
1	0
4	0
0	2
0	14
0	14
0	2
0	11
0	9
0	5
0	4
0	2
0	1
0	14
0	12
0	12
0	0
0	0
872	2229
0	2105
0	639
0	253
48	190
4	101
0	740
0	691
1	428
2	51
0	5
0	5
0	5
0	2
0	1
0	0
0	1
0	0
0	0
0	0
0	0
0	0
0	0
0	0
7	888
0	917
1	899
3	31
23	325
1	54
2	2
0	0
0	0
0	0
0	0
0	0
0	0
0	0
0	0
0	0
0	0
0	520
0	528
0	11
3	34
0	42
0	56
0	8
4	16
0	3
0	7
5	43
0	57
0	34
0	15
0	16
1	5
0	201
0	1026
2	20
1	0
0	76
1	45
1	55
0	39
0	46
0	28
0	79
0	280
3	232
7	1009
0	1
0	1
0	1
0	0
0	0
0	0
0	0
0	1311
4	1331
0	8
9	1193
15	1198
0	1206
0	178
0	275
0	141
0	41
38	1047
0	1043
0	735
0	550
0	790
0	1120
0	1060
4	21
0	66
3	837
1	361
8	0
0	68
0	6
0	107
0	103
0	106
1	6
0	85
0	67
0	107
0	62
2	62
0	106
0	106
0	37
0	0
0	10
0	9
0	927
4	948
0	926
0	926
0	30
8	414
0	356
0	645
1	136
0	116
3	17
0	60
0	152
0	136
0	110
0	100
14	20
0	21
0	1
0	0
0	0
0	0
0	0
0	0
0	0
2	0
0	0
0	0
0	0
0	0
0	0
0	0
0	0
0	0
11	2981
483	2981
0	17
2	84
0	90
0	88
4	353
0	150
0	151
5	140
0	69
0	68
2	10
0	7
0	20
1	19
0	25
0	3
0	0
0	5
0	0
0	4
0	0
0	0
0	0
0	1
0	3
0	4
0	5
0	5
0	5
0	5
0	4
0	4
0	4
0	4
0	4
0	1
0	5
0	4
0	1
0	4
0	4
0	4
0	4
0	245
0	203
0	249
0	246
1	134
0	243
0	247
0	252
0	212
0	151
0	156
0	162
0	61
0	64
0	103
0	149
0	247
0	164
1	248
0	199
0	219
0	200
0	161
0	162
0	40
0	123
1	9
0	0
0	0
0	0
0	0
2	207
4	121
0	104
0	123
15	25
0	167
1	181
0	55
0	28
0	28
1	50
1	56
1	76
4	77
0	16
0	14
6	15
1	56
1	33
0	38
0	20
15	20
0	3
0	5
0	3
0	3
0	353
0	314
3	312
0	266
11	336
0	298
0	353
0	297
0	306
2	116
0	134
8	133
0	328
0	296
0	310
1	289
0	255
3	64
0	252
0	216
0	47
0	38
7	144
0	8
0	167
0	97
0	180
0	19
0	101
0	35
0	12
13	324
674	739
1	663
0	537
33	105
0	108
0	104
0	108
0	106
466	193
7	84
47	161
8	665
2	708
17	719
343	10
10	20
0	10
0	20
14	183
0	20
4	30
0	29
0	34
0	33
0	33
0	20
8	28
2	16
1	6
0	0
0	0
0	431
0	390
0	222
0	131
0	81
0	84
0	0
0	315
0	340
1	27
0	344
0	354
0	288
0	348
0	29
0	14
0	36
1	54
0	338
0	197
3	317
1	16
0	1
0	0
0	1
0	1
0	1
0	0
0	1
0	1
0	1
0	1
0	1
0	0
0	437
0	730
4	649
0	626
25	689
2	697
0	615
1	585
5	58
0	103
2	39
2	40
0	18
0	35
1	26
0	35
1	84
0	151
0	124
0	3
0	437
17	45
0	45
29	796
2	155
0	497
1	206
0	579
1	2478
2	29
0	0
22	6
1	40
0	40
10	26
2	40
1	26
0	19
0	9
0	35
1	141
0	155
0	365
1	396
0	2
0	741
2	180
0	1
0	1
1	8
5	7
0	4
0	4
0	5
0	3
0	3
0	3
0	0
0	1
0	3
0	0
0	0
0	3
0	3
0	0
0	3
0	0
1	3
0	0
0	527
1	579
30	609
0	577
0	526
0	579
0	554
0	326
0	71
3	119
0	67
0	32
0	30
0	75
1	49
0	71
0	17
0	14
0	29
0	16
0	0
0	0
0	0
0	8
3	1
1	5
0	9
1	632
0	6714
6	6706
0	7249
0	7071
0	7044
0	6124
0	6500
0	6995
1	7102
0	7083
0	7267
0	1859
0	2498
3	6761
0	7187
3	7154
0	305
0	1636
0	6690
0	7169
0	7145
2	7141
0	7392
0	7173
0	6554
0	1609
3	7085
0	7152
0	7151
5	5292
1	703
0	1889
0	3040
0	1423
0	1411
0	897
0	1260
0	913
1	856
0	1173
2	1167
0	993
0	588
0	967
0	346
47	432
0	514
0	508
0	398
3	398
1	228
0	81
1	105
0	1281
4	127
0	432
0	127
0	2
1	30
0	1283
0	1270
1	63
0	61
0	53
0	0
3	6
0	0
0	90
8	56
0	37
2	30
0	9
0	0
94	105
5	125
0	22
0	125
0	104
109	166
15	69
2	40
0	111
0	29
0	6
14	6
0	0
0	283
0	289
0	275
6	291
0	227
0	260
0	149
0	215
19	129
0	135
0	98
13	59
0	91
0	57
2	303
0	305
0	259
4	21
0	80
0	30
19	915
74	242
0	916
5	126
3	33
2	373
0	90
6	40
5	21
9	98
8	150
0	127
2	0
0	0
1	129
10	675
0	586
0	89
1	58
0	677
1	41
0	83
0	79
12	0
6	11
0	83
0	86
0	77
0	31
0	437
17	718
8	116
4	116
0	36
0	31
0	2
0	3
0	23
5	0
0	272
0	1
0	1
1	0
0	70
0	58
0	80
0	72
0	80
0	76
0	75
0	0
0	2
0	14
0	51
0	92
7	73
0	74
2	50
0	47
0	19
0	7
0	13
0	18
0	12
0	16
0	8
0	0
0	0
0	0
0	0
0	0
0	0
0	0
4	1512
0	1764
5	1498
1	1523
3	1456
0	1043
0	403
0	989
1	644
0	613
0	364
0	379
993	420
4	60
1	159
1	0
0	0
0	0
0	0
0	0
0	0
0	0
0	0
0	0
0	0
11	0
0	0
781	487
15	484
0	293
10	155
15	113
2	236
3	227
0	89
12	630
0	602
9	23
0	39
60	359
0	9
0	621
1	7
0	3
0	5
0	6
1	2
0	0
0	1
0	1
0	0
0	0
0	1
0	0
1	1
0	1
0	1
0	675
0	1315
0	1284
0	1316
0	1284
0	1244
0	439
0	708
0	1269
0	1268
0	1083
4	359
0	1294
0	1263
0	1330
0	1279
0	1255
0	1330
0	361
1	1295
0	1315
0	371
0	1355
13	727
0	1212
7	805
0	259
0	379
0	987
9	63
1	892
0	859
0	932
0	920
0	882
0	934
13	917
0	871
0	52
0	801
0	780
0	15
0	1
0	0
0	1
0	58
0	0
0	58
0	58
0	58
0	0
0	58
1	0
0	10
0	1
0	4
0	10
0	9
0	2
0	2
0	2
0	2
0	2
0	0
0	0
1	1
0	0
0	0
0	5
0	4
2	3
0	3
0	1
0	1
0	1
0	1
0	1
0	0
0	0
0	0
0	0
0	0
0	0
0	0
0	0
0	0
1	1
0	0
924	5011
7	3816
23	1627
0	1976
0	2029
0	2014
7	2010
0	0
0	0
13	1026
0	2048
0	14
1	64
5	0
8	1687
1	18
0	58
0	32
1	32
0	26
0	26
0	26
2	49
2	13
0	61
0	27
0	2
0	2
0	0
0	0
0	0
0	0
0	0
0	0
0	0
0	0
0	0
1	118
0	754
3	274
2	0
0	716
3	271
0	152
3	135
0	689
25	651
2	205
0	103
0	63
0	204
3	210
0	337
1	138
2	9
32	397
6	125
1	67
0	124
0	106
0	94
0	89
6	33
0	194
0	155
0	190
0	186
0	112
0	75
0	60
0	45
0	40
4	39
5	36
0	206
0	77
2	195
0	204
0	154
15	17
1	111
0	85
0	218
0	118
0	722
0	668
863	813
0	357
11	211
8	466
1	537
3	0
49	189
0	189
0	46
0	0
0	459
0	267
0	149
0	248
0	0
0	0
21	88
0	88
0	91
0	63
0	21
0	16
0	22
0	0
0	20
1	12
0	98
0	112
0	46
0	107
0	13
0	5
0	72
0	71
0	49
0	57
0	53
0	61
0	54
0	44
0	43
0	3
0	26
0	29
0	25
0	0
0	0
0	584
5	106
0	437
20	253
0	776
0	508
0	36
6	186
2	98
0	104
0	37
0	186
0	559
2	96
0	28
0	29
0	81
0	0
0	10
0	531
0	66
0	57
0	788
0	822
0	823
0	801
1	537
5	812
0	796
0	418
0	440
0	148
1	103
0	84
0	435
0	43
15	29
0	64
0	59
0	37
0	86
0	93
2	68
0	29
0	51
0	42
0	353
0	562
18	99
0	334
0	539
0	338
0	123
0	371
0	162
0	1
5	1
1953	642
20	444
11	82
2	0
0	156
0	196
0	1253
4	1233
0	1124
10	35
11	17
2	308
0	39
0	380
0	274
0	317
0	356
0	16
0	118
0	202
0	202
33	267
0	72
1	24
24	40
0	24
6	36
0	358
1	54
1	262
0	268
0	37
0	17
0	17
0	7
0	36
0	9
0	17
0	15
2	24
0	13
0	18
19	244
3	246
6	183
0	41
0	61
0	9
0	7
0	53
0	158
1	531
8	508
127	531
20	384
0	487
1	36
6	149
0	64
0	80
0	31
10	76
0	10
0	76
0	19
1	1412
3	674
0	742
0	1339
0	1107
0	1325
0	1083
0	1326
0	1292
0	1255
0	1382
0	1315
0	1288
0	1363
0	1399
0	1397
0	1360
0	869
0	1005
1	743
0	57
0	126
9	727
0	563
0	582
0	186
0	56
0	77
0	377
0	37
0	394
0	393
0	461
0	418
0	364
0	16
0	86
6	221
0	175
0	176
0	173
0	145
9	47
0	26
0	26
7	472
1	6
0	439
1	9
0	0
1	110
1	91
0	0
0	32
0	36
0	252
1	79
3	14
0	92
0	301
0	20
2	237
3	305
0	292
0	104
0	311
1	117
0	138
0	119
1	126
11	127
0	117
0	0
0	0
0	315
0	277
0	281
0	290
0	312
0	45
0	47
0	10
0	10
0	5
0	7
7	5370
0	5478
0	4983
0	5527
68	5332
16	4340
1	5498
0	5861
0	1190
0	542
0	1
0	113
42	121
0	104
0	89
0	7
0	4
1	20
0	265
0	254
0	21
2	247
0	76
0	197
0	215
0	233
0	242
20	230
7	21
2	5
3	24
0	42
0	3
168	1104
2	1034
0	591
22	617
0	545
0	436
0	441
0	33
0	149
0	146
1	107
0	104
0	961
0	9
0	30
14	121
0	11
6	60
1	123
7	107
0	8313
1	7044
1	7601
0	2822
7	7776
5	7269
0	2827
3	2769
0	1350
0	1924
8	2233
0	1272
4	1228
0	1478
0	1445
22	61
1	411
0	0
32	532
1	329
2	521
0	591
0	576
0	168
0	78
0	119
0	148
2	213
20	155
0	138
0	88
0	19
0	65
0	162
0	678
0	68
0	51
0	33
0	61
0	604
0	76
1	8
0	30
0	49
0	40
0	87
0	674
0	83
0	42
0	90
0	61
0	71
1	0
0	56
0	27
0	78
0	680
0	674
0	87
0	167
0	688
0	16
0	47
0	421
0	50
0	493
0	60
0	103
0	72
0	61
0	90
0	95
1	11
0	469
0	74
0	74
0	54
0	7
0	0
0	42
0	0
0	0
0	0
0	0
0	0
0	0
0	0
0	0
0	0
0	0
0	0
0	0
0	0
0	0
0	0
0	0
0	0
0	0
0	0
0	0
0	0
0	420
0	18
0	173
0	422
0	160
0	245
1	282
4	426
0	177
0	174
0	422
20	394
0	411
41	540
0	1142
70	1064
0	848
4	120
9	497
0	391
116	329
0	291
0	256
11	253
0	204
0	154
2	199
0	131
0	95
0	113
2	91
0	100
0	38
0	39
0	785
0	809
17	800
0	245
1	788
0	831
0	809
0	848
0	839
0	221
0	845
0	414
0	811
4	579
1	842
1	38
0	97
0	852
3	749
0	802
0	884
0	779
12	420
0	804
0	872
77	816
0	529
5	433
8	342
2	283
0	82
0	339
20	338
2	338
0	346
0	334
0	92
1	69
0	96
0	91
0	61
0	42
0	12
8	0
0	5
0	4
0	4
1	2
3	4
0	11
9	280
0	330
0	333
0	347
3	319
11	128
5	57
0	234
1	171
7	155
8	69
8	132
0	136
9	13
2	78
0	17
0	0
0	0
0	0
0	0
0	0
0	0
0	0
0	0
0	0
0	0
6	76
0	76
0	69
0	18
0	18
0	0
0	0
0	0
0	0
0	0
0	0
0	0
0	0
0	0
0	0
0	0
0	0
0	0
0	0
0	6
1	2
1	5
0	6
0	6
0	9
0	6
0	1
0	4
0	0
0	0
0	0
0	0
0	0
0	0
0	0
0	0
0	0
0	0
0	0
0	0
0	0
0	40
0	1818
2	2125
1	2123
0	2170
0	1923
0	1130
0	435
0	428
0	310
0	59
0	104
0	0
0	0
0	0
0	0
0	0
0	1
0	3
0	3
0	2
0	1
0	1
0	1
0	0
0	1
5	0
0	0
23	125
1	71
5	96
0	50
1	22
0	16
0	0
0	0
0	0
774	78
3	78
0	0
0	943
0	940
0	673
0	670
0	698
0	724
0	631
0	656
0	647
0	143
0	10
0	96
0	641
0	906
0	0
0	582
0	66
2	519
0	525
0	550
0	472
1	25
41	253
0	0
0	0
76	7
0	7
360	0
0	0
0	22
0	1
0	859
0	0
0	0
37	216
4	216
2	74
0	779
5	729
1	120
6	319
0	323
3	234
4	45
5	236
0	141
0	161
0	166
24	65
1	575
0	517
0	575
0	47
0	60
1	60
0	153
0	153
0	153
0	145
0	17
0	0
0	0
0	0
0	0
0	0
0	0
0	0
6	5
0	477
0	1902
3	1165
60	1254
0	1927
1	280
2	377
1	1797
0	1904
0	888
0	327
134	1185
1	264
0	198
61	102
21	216
1	234
0	256
0	261
0	259
0	198
2	199
0	262
3	140
0	199
4	50
0	175
3	29
1	18
0	126
1	121
0	78
0	32
0	0
0	0
0	0
0	0
0	0
0	0
0	0
0	0
0	0
0	0
0	0
0	0
0	0
0	0
0	0
0	0
0	0
0	0
0	0
0	0
0	0
0	0
0	0
0	0
0	0
0	0
0	0
0	0
0	0
0	0
0	0
0	0
0	0
0	0
0	274
0	274
0	274
0	274
0	283
1	81
0	26
0	10
0	0
0	0
0	0
0	0
0	0
0	0
0	0
0	0
19	0
0	705
0	18
0	18
0	6
0	0
0	0
0	0
2	0
0	0
0	2
0	1
0	1
1	2
0	1
0	0
93	613
0	344
0	575
0	119
0	233
1	393
4	273
7	0
0	13382
0	12103
0	10012
0	13220
0	13265
0	10316
0	13248
18	13077
0	13284
0	8829
0	12907
0	7818
15	6461
0	0
0	0
0	0
0	0
0	0
0	0
0	0
0	33
0	33
0	4
0	4
0	0
0	3
0	1
0	3
0	2
0	2
0	2
0	1
0	1
1	1
0	1
0	0
0	0
0	0
0	0
0	0
0	0
11	426
11	303
0	239
0	395
1	409
0	338
0	206
0	190
0	170
0	289
0	177
0	135
0	48
0	290
0	112
0	1449
0	768
0	139
0	1495
0	797
14	76
0	85
0	1495
0	110
0	117
0	746
2	3
0	269
10	1080
14	78
3	122
2	62
3	52
4	67
0	78
19	77
0	70
0	53
0	54
0	4520
0	4842
1	1092
0	70
0	308
1	53
11	212
1	153
2	199
1	236
0	2994
0	3012
0	2072
0	2982
2	2983
0	2983
11	2983
32	2744
0	2871
0	416
1	1487
0	1475
0	1023
3	189
1	24
0	200
0	189
7	99
0	12
0	30
0	1
0	16
0	1
1	0
0	10
0	1
0	1
0	1
1	1
0	1
0	1
0	0
0	0
0	30
0	104
0	105
0	104
0	97
0	16
0	4
0	104
0	104
0	3
0	4
0	103
0	4
0	11
0	31
0	106
0	103
0	106
0	104
0	104
0	102
0	33
0	4
0	40
0	52
0	106
0	4
1	27
0	104
0	104
0	15
0	103
0	104
0	104
0	11
0	13
0	6
0	64
3	1
0	5
1	0
4	201
0	147
0	0
0	1
0	1
0	1
0	1
0	1
0	1
0	1
0	1
0	1
0	1
0	1
0	0
0	0
0	0
0	0
0	0
0	0
0	0
0	0
0	0
0	0
0	0
0	0
0	0
0	0
0	0
0	0
0	4
0	2
0	3
2	3
0	1
0	0
0	0
0	1
0	1
0	1
1	12
0	3
0	2
0	2
0	3
0	1
0	0
0	8
0	3
0	3
0	3
0	1
0	0
0	1
0	0
0	2
0	1
0	2
0	1
0	1
0	2
0	2
0	1
0	1
0	1
0	0
0	1
0	1
0	0
0	0
0	0
0	1
0	0
0	2
0	2
0	0
0	10
0	8
0	7
1	7
1	5
0	1
1	1
0	11
28	17
0	17
0	13
0	10
0	1
0	1
0	2
48	198
1	195
0	92
1	66
0	1453
1	673
0	1353
0	1627
8	532
0	201
0	577
0	260
0	192
8	38
2	116
3	200
0	279
0	0
0	0
0	0
0	0
0	0
0	0
0	0
0	0
0	0
0	0
0	1
0	0
0	1
0	0
0	0
1	108
0	108
0	0
0	0
0	55
0	46
1	107
0	72
0	50
0	72
0	108
0	93
0	237
0	83
0	23
0	138
2	136
0	19
1	238
0	146
0	209
0	131
0	172
0	48
0	95
8	235
0	12
0	116
0	16
0	42
0	126
2	68
1	27
0	116
1	111
1	119
5	124
0	508
0	520
2	242
0	59
0	7
0	203
0	56
0	547
17	603
0	56
0	57
0	98
1	8
4	47
1	356
0	0
0	0
0	0
0	0
0	0
0	0
0	0
1	4
26	359
0	359
0	121
0	134
2	132
0	128
0	46
0	69
3	34
0	0
0	0
0	0
0	0
0	0
0	588
0	226
0	219
0	0
0	1702
0	655
0	204
0	1705
0	103
0	2019
0	2060
0	0
31	817
0	1206
0	2117
1	236
30	261
0	654
0	103
9	262
1	1198
0	229
2	93
0	111
7	10
0	151
0	2065
0	2120
0	1990
0	2069
0	2
0	2
0	2
0	0
0	0
0	0
0	4
0	181
0	93
0	179
0	146
0	159
0	93
0	8
0	55
0	170
0	151
2	60
0	104
0	32
1	57
4	22
0	89
0	170
0	43
0	157
1	36
0	0
0	0
0	0
0	0
42	2
0	34
8	34
1	1
0	2
0	5
0	6
0	6
0	2
0	322
0	317
1	319
0	316
0	230
0	296
0	295
0	44
0	172
0	37
0	14
0	0
2	550
0	284
0	11
0	553
0	2
0	2
0	2
0	1
0	0
0	0
0	110
0	189
0	209
0	208
5	170
4	26
5	0
0	0
0	0
0	0
0	0
0	0
0	0
0	0
0	0
0	0
0	0
0	0
0	0
0	5
1	1467
0	1467
0	1467
0	1257
7	1435
0	1247
0	157
2	97
2	271
9	35
0	158
0	105
4	58
0	105
11	80
0	0
0	3576
0	3668
29	3420
0	206
0	971
86	629
136	286
1	221
0	63
3	64
0	64
2	23
0	11
0	3
0	0
0	0
0	0
0	0
0	0
0	0
0	0
12	506
0	518
3	521
18	489
1	504
2	541
5	479
17	76
0	14
3	20
18	63
0	83
0	79
0	14
1	17
0	26
0	15
0	15
0	12
3	15
0	9
0	0
0	0
0	0
0	0
0	0
0	0
0	0
0	0
0	0
554	142
4	125
0	0
0	0
0	0
0	0
0	0
0	320
5	373
1	754
0	500
0	823
0	14
0	418
0	513
0	474
0	320
0	794
0	805
0	805
0	0
0	1415
0	1480
0	1480
0	1158
1	744
1	925
0	925
1	747
0	665
0	449
0	413
0	347
0	15
2	190
0	518
2	39
0	113
0	670
5	609
3	642
4	9
1	86
1	57
0	29
8	67
0	489
0	619
0	333
1	483
1	353
5	0
18	510
2	44
1	0
2	0
0	2
0	3811
9	3902
130	3159
21	3801
0	1346
0	970
0	1070
0	653
0	662
0	647
0	478
3	3806
0	3787
1	5
0	157
0	155
0	69
0	69
0	18
0	4321
0	4342
0	4413
1	4364
0	4368
0	4391
0	4440
0	4409
0	4314
2	300
0	4349
0	4251
0	4377
0	3950
0	3916
0	4369
5	4405
0	2617
0	3818
0	3445
0	3296
0	3367
0	3343
0	3049
0	3181
0	1320
0	3085
0	1954
0	2882
0	2990
0	3030
0	2778
1	792
0	102
0	2637
0	2636
0	2520
0	313
0	295
0	2542
2	1180
1	2380
0	2081
0	1117
1	148
0	912
0	941
4	400
0	1005
0	1107
1	260
0	316
2	10
0	32
2	73
0	13
0	8
0	23
380	89
0	0
6	450
0	396
0	29
0	63
0	374
0	398
0	363
0	340
0	367
0	156
0	375
1	374
0	374
0	407
1	231
0	407
0	399
0	399
0	399
0	98
0	348
0	366
0	406
0	347
1	41
0	188
1	376
2	312
2	700
0	735
0	726
0	736
0	132
0	462
3	136
0	96
0	118
0	106
1	97
0	80
0	83
0	69
0	75
0	70
1	42
0	66
0	45
0	36
0	4
0	18
0	13
0	8
0	10
0	2
0	23
0	26
0	598
0	603
0	541
0	618
0	613
0	113
9	119
0	131
0	89
0	102
4	57
0	322
1	0
0	272
0	218
0	221
0	225
0	209
0	206
0	213
0	214
0	211
0	210
0	209
0	212
0	213
1	4
6	204
0	20
12	318
0	0
4	3
0	0
0	1
0	1
0	0
0	0
0	163
0	6
0	186
0	151
17	184
0	166
12	35
0	79
0	0
0	0
0	1
0	1
0	0
6	64
14	126
1	99
10	30
0	0
0	0
0	0
0	0
0	0
0	0
1	151
0	107
3	98
0	54
0	25
2	27
0	18
0	1
27	11
0	80
0	0
0	0
0	0
0	8
0	20
0	36
0	69
0	76
0	31
0	13
0	85
0	24
1	9
1	7
1	0
21	51
0	8
0	8
1	4
1	7
0	8
1	1
0	0
0	0
0	0
0	0
0	0
0	0
0	0
0	0
0	0
0	0
0	0
0	0
184	2078
8	1203
10	587
3	395
0	489
3	122
13	136
12	165
0	0
0	33
0	149
13	155
0	108
1	72
0	46
1	36
0	104
0	43
0	102
0	40
1	6
0	74
0	51
0	46
0	16
0	20
0	28
0	31
0	32
0	11
0	0
0	0
1	11
1	60
0	330
0	31
3	78
0	140
0	212
0	391
0	423
0	190
0	60
5	434
0	92
0	4
0	386
0	51
0	30
0	68
13	235
0	65
1	44
0	72
3	22
2	80
0	39
3	73
0	2
0	2
0	2
0	2
0	0
0	931
4	53
0	1015
0	561
4	379
0	681
0	659
1	654
1	339
3	95
0	199
0	37
0	36
0	4
0	2
0	0
0	0
0	128
0	124
0	64
0	7
0	17
0	8
0	10
0	5
0	6
2	5
0	22
0	21
2	18
0	33
0	7
0	0
0	3
0	3
0	1
0	3
0	3
0	3
0	0
1	2
0	0
7	1
3	1
0	0
0	0
0	0
0	0
0	0
0	1
0	0
0	0
0	0
0	0
0	1
0	0
0	0
0	1
0	0
0	0
0	1
0	1
0	0
0	0
1	13
1	52
0	52
0	43
0	52
0	43
0	52
0	13
0	5
0	11
0	1
0	9
0	8
0	5
0	5
0	4
0	1
0	0
0	0
12	323
0	271
0	216
0	500
0	299
18	187
2	53
1	45
0	51
1	53
0	7
0	4
0	4
0	5
0	7
1	1
0	3
0	3
0	899
0	372
0	983
0	416
0	399
2	369
1	206
3	151
0	138
0	109
0	88
1	87
0	77
8	11
1	48
3	50
0	4
0	7
0	7
0	0
3	3
0	3
0	5
0	1
0	3
0	3
0	2
0	2
0	2
5	594
6	591
0	592
0	579
0	579
2	571
1	231
1	520
2	321
0	59
59	15
58	3
5	0
0	0
0	916
0	765
0	700
0	646
0	612
0	839
0	916
0	898
0	871
1	2
1	17
0	10
0	17
0	7
0	2
0	17
7	17
0	2
2	467
1	358
14	357
0	467
0	0
0	0
0	0
0	0
0	0
0	0
0	0
0	0
0	0
0	966
6	810
0	928
0	929
0	756
0	304
0	89
0	805
6	65
0	36
4	11
14	336
0	65
0	74
0	10
0	295
0	50
1	62
8	151
0	313
0	152
0	276
3	130
0	100
1	246
0	281
0	50
1	175
1	680
0	832
0	832
15	832
1	14
0	384
0	37
7	294
0	294
0	95
0	1
0	3
0	6
0	8
14	815
0	2
7	92
0	1927
0	1918
6	1905
0	2
0	45
1	37
0	69
0	554
0	37
9	396
20	48
0	94
0	130
0	27
0	89
6	55
0	17
399	186
8	6
1	42
0	177
0	22
1	177
0	26
1	0
0	0
0	0
0	0
0	0
0	0
0	0
0	0
0	0
0	0
0	0
0	0
0	0
0	0
0	0
0	0
0	0
0	0
0	855
1	477
0	212
0	204
0	72
0	32
0	54
0	38
0	855
0	0
0	0
1	0
0	1
0	1
0	1
0	1
0	1
0	0
0	0
0	0
0	0
0	0
0	0
0	0
0	0
0	0
0	0
0	0
0	0
0	0
0	0
704	115
2	115
0	2
0	5
0	5
0	5
0	4
0	1
0	1
0	1
0	0
1	0
0	0
0	0
0	0
0	0
0	0
0	0
0	0
42	95
0	95
0	0
3	7
0	8
399	3476
0	2041
0	895
0	1581
1	771
7	1434
3	1904
10	1476
6	1301
0	623
0	45
0	10
0	9
0	10
0	5
0	1
0	3
0	1
0	1
0	0
0	0
0	0
0	0
0	0
0	0
0	0
0	0
0	0
0	0
0	0
0	0
1	0
0	0
1	0
0	0
0	0
0	0
0	0
0	0
0	0
0	0
0	0
0	0
0	0
0	0
0	168
5	122
2	168
0	128
0	172
0	166
0	166
0	118
0	89
0	20
0	7
0	16
0	58
0	19
0	37
0	41
0	28
0	30
0	30
0	24
0	26
0	4
0	9
0	5
0	5
0	0
0	0
0	0
0	0
0	0
0	27
0	2
0	0
0	0
4	4
4	11
0	10
0	155
0	157
0	29
0	11
0	133
0	142
0	155
0	15
0	136
0	105
0	122
0	132
0	103
0	135
20	141
0	140
0	121
0	70
0	154
0	142
0	111
0	119
0	114
0	138
0	150
0	115
2	70
0	76
0	67
0	99
0	84
0	42
0	118
0	101
0	119
0	148
0	139
0	100
0	17
2	112
5	7
6	26
0	14
56	34
0	23
0	22
10	15
0	2
0	3
0	2
0	2
0	1
0	0
58	0
0	0
0	396
0	389
1	324
0	213
0	102
0	27
2	17
4	17
0	147
1	481
0	0
4	0
0	1
0	1
0	0
0	554
0	23
1	121
0	33
286	680
112	2325
2	2308
0	1717
0	1023
4	591
0	0
0	0
0	0
99	205
0	38
0	183
29	5
0	69
110	160
4	144
0	93
82	48
8	29
127	134
0	3
2	3
0	0
173	212
0	198
0	202
0	35
0	76
0	22
0	30
1	75
0	30
0	0
0	6
1	6
0	6
0	0
0	0
0	0
0	4
0	4
3	0
0	0
0	0
0	0
0	0
0	0
3	199
0	305
11	197
0	138
0	191
0	17
0	195
0	303
0	0
0	0
0	4
0	0
0	0
0	4
0	0
0	1
1	1
0	1
0	1
0	1
0	1
0	4
0	6
0	6
0	0
0	0
0	454
4	454
0	237
0	0
0	0
0	0
0	0
0	0
0	0
0	0
0	145
0	98
0	206
3	742
1	271
0	865
0	109
0	137
0	93
0	646
57	466
2	72
4	199
0	0
0	0
0	0
2	314
2	522
0	489
3	203
0	359
3	0
0	85
0	103
0	148
0	142
0	30
1	32
2	31
0	26
0	15
0	0
0	0
0	0
0	0
0	0
0	0
0	0
0	0
0	0
0	0
0	428
0	412
0	408
0	356
0	428
0	357
101	449
0	410
0	407
0	393
0	371
0	399
0	226
0	215
0	209
0	259
6	111
0	178
0	136
0	138
0	102
0	0
0	0
0	616
0	606
0	501
4	16
0	29
4	16
0	33
1	25
0	6
2	16
3	70
2	38
0	15
0	33
2	156
0	19
0	13
0	6
0	612
0	615
0	643
1	587
0	652
0	288
17	225
1	258
39	268
0	268
30	68
0	0
0	0
0	33
0	72
32	761
1	205
0	6
0	191
0	341
0	0
0	69
0	190
0	190
1	188
0	362
0	1
0	56
0	0
0	64
0	40
21	437
0	696
0	708
0	90
0	107
0	107
0	89
3	24
0	87
0	22
2	23
1	12
0	1234
0	1376
2	1366
3	145
0	343
59	92
2	107
0	128
0	96
0	14
0	58
0	32
0	46
0	34
2	27
0	15
0	2252
11	2085
33	142
15	885
5	1564
3	1175
7	273
0	979
4	264
1	798
0	182
0	458
0	10247
0	10348
3	10348
0	10346
0	10347
0	10421
0	10166
0	3989
0	1740
0	1591
0	0
11	0
1	839
0	871
0	340
0	298
5	96
5	22
0	40
0	60
0	51
0	22
3	37
0	18
2	0
0	0
0	13186
0	0
0	13186
0	1552
2	2033
0	3516
22	13316
2	11282
0	173
0	936
0	971
0	967
0	910
0	974
6	257
0	462
0	281
0	139
0	174
6	113
0	145
0	161
36	631
0	836
0	43
0	1
1	20
0	7
1	31
3	39
0	17
2	8
0	24
0	40
0	187
0	127
0	140
26	111
0	7
0	109
0	80
0	67
0	49
0	0
0	17
0	20
0	14
0	9
0	1
0	1
0	0
0	0
0	0
4	527
1	500
2	563
2	548
0	731
8	267
12	197
5	536
2	0
0	3928
2	3978
0	1500
0	1739
1	1650
0	0
4	24
0	3
0	3
0	0
0	19
0	21
9	92
0	86
1	88
0	72
0	30
0	19
1	16
0	16
0	11
1	10
0	2
0	0
0	11
0	4
0	8
2	1
0	8
0	101
48	740
20	733
82	0
0	0
0	1070
0	352
4	1054
0	327
0	52
0	264
0	298
0	204
19	276
0	298
2	44
0	40
0	73
0	45
68	44
0	34
0	14
0	14
0	0
0	0
0	0
0	0
0	0
0	0
0	0
0	0
0	325
0	170
1	172
2	167
0	175
170	274
7	258
0	118
0	139
0	52
2	60
16	338
28	912
0	217
0	48
1	525
1	64
9	67
0	25
0	922
2	93
42	723
5	305
22	269
0	220
6	753
0	157
0	339
0	273
3	240
0	321
14	439
0	325
0	219
1	58
1	363
150	271
1	260
0	122
0	619
1	609
0	64
4	307
4	309
3	292
5	630
0	597
0	36
111	1
1	946
0	924
0	924
1959	1889
0	1448
15	1668
16	370
1	559
0	116
1	12
0	271
4	261
1	200
0	261
0	9
0	2
0	272
0	343
0	1083
0	2795
0	3089
0	120
0	2964
0	1345
0	2943
0	3137
0	226
26	2407
29	2813
5	678
0	2544
0	3080
0	3075
0	3094
0	1165
0	240
100	1015
0	239
0	2723
0	127
0	549
0	99
0	552
0	2224
0	435
0	559
0	409
0	1915
3	129
6	146
0	297
22	639
0	964
4	12
47	62
2	65
0	30
0	29
0	13
5	3356
0	3356
6	225
1	506
8	344
0	0
0	0
0	0
0	0
0	0
0	1
0	2
0	0
0	0
0	2
0	2
0	155
0	26
0	58
0	27
0	26
2	185
0	26
0	21
0	42
0	185
0	185
0	185
0	185
0	185
0	0
0	0
0	0
0	0
0	0
0	0
0	0
0	0
0	0
0	0
0	0
0	0
0	0
0	0
0	2
0	2
0	2
0	2
0	2
0	2
0	2
0	2
0	2
0	2
0	2
0	2
0	2
0	1
0	2
0	0
0	0
0	0
0	0
0	1
0	1
0	0
0	0
0	0
65	0
15	158
4	89
0	142
1	19
3	0
0	0
0	0
0	2
0	2
0	2
0	2
0	194
323	194
0	28
0	8
3	67
1	147
224	979
6	171
2	219
2	502
1	115
0	27
0	403
0	378
0	41
0	31
2	28
0	7
0	9
0	4
0	5
0	6
0	399
0	822
0	777
0	545
4	153
0	98
0	343
0	0
0	0
0	0
0	0
0	0
0	0
4	136
0	14
0	18
5	14
0	23
0	11
0	18
0	30
0	17
2	23
0	21
0	39
0	20
1	121
0	47
0	31
0	141
0	464
6	101
0	26
0	101
6	0
0	63
2	12
0	6
0	12
0	119
0	14
0	78
0	96
0	111
0	96
0	110
0	84
0	109
0	116
0	4
0	32
0	90
0	106
0	82
0	102
0	110
0	28
0	114
0	32
0	90
0	114
0	106
0	105
0	90
0	95
0	110
0	107
0	9
0	7
0	114
0	86
0	17
1	7
0	11
0	117
0	62
0	106
0	97
1	113
0	84
0	95
0	99
1	18
0	25
0	17
0	56
0	24
0	32
0	24
0	49
0	48
0	7
0	16
0	52
0	60
0	50
0	64
0	53
0	89
0	80
0	80
0	98
0	96
0	73
0	36
0	0
0	86
0	61
0	76
0	83
0	32
0	44
1	36
0	8
2	5
1	30
1	18
0	63
0	74
0	76
0	61
0	78
0	439
0	103
4	413
0	274
0	98
2	328
0	87
2	81
0	44
0	439
0	0
0	0
22	335
0	223
0	247
0	233
0	74
0	53
0	29
0	18
0	18
0	112
0	92
0	117
2	67
2	73
4	41
2	18
0	54
0	63
0	15
10	42
0	21
0	17
0	21
0	36
0	15
0	4
0	0
0	0
0	0
0	0
0	0
0	0
0	0
0	0
0	65
0	74
0	238
0	427
0	390
0	402
0	360
0	103
0	320
2	186
0	165
0	315
0	232
0	379
0	161
0	331
0	87
0	108
0	286
3	349
0	351
0	232
0	168
0	198
0	131
1	368
3	312
0	378
0	379
5	168
13	89
1	132
0	35
0	35
0	35
0	27
0	27
0	27
0	24
0	20
0	20
0	28
0	20
0	29
0	9
0	25
0	15
0	7
0	18
0	7
0	7
0	23
0	15
0	12
0	11
0	7
0	0
0	0
0	0
0	0
0	0
0	0
0	0
0	0
0	0
0	0
0	0
0	0
0	0
0	0
0	0
0	0
0	0
0	0
0	0
0	0
0	0
0	0
0	0
0	0
0	0
0	0
0	0
0	0
0	0
0	0
0	0
0	0
0	0
0	0
0	0
0	0
0	0
0	0
0	0
0	0
0	0
0	0
6	449
0	514
0	525
0	523
0	534
0	33
0	31
1	74
0	27
0	22
0	21
0	1641
0	1543
2	129
31	1644
0	133
0	56
0	117
1	655
0	166
7	79
7	46
43	308
0	18
0	48
113	302
0	226
7	100
0	52
17	51
14	228
0	126
0	89
0	86
0	61
0	44
0	81
60	356
0	109
0	85
0	118
0	69
0	13
0	39
0	87
0	94
0	310
1	314
0	91
5	28
0	314
2	82
0	6
0	7
0	13
0	73
0	73
0	11
0	57
1	62
1	15
1	2
0	0
0	4
0	59
4	50
1	9
0	18
0	34
0	22
0	20
0	18
0	9
0	13
0	7
0	12
0	0
1	220
835	220
0	0
2	173
0	5
0	5
0	19
0	177
0	22
0	178
0	6
0	21
1	173
1	9
0	25
4	24
0	51
6	177
4	18
1	145
0	39
0	34
23	31
0	2
0	30
0	38
1	23
0	30
0	14
0	16
0	21
0	12
0	3
0	0
2	281
0	259
0	134
0	13
0	282
0	16
0	264
0	0
0	0
0	0
0	0
0	0
0	0
0	0
0	0
2	178
0	7
0	0
1	0
0	5
0	178
0	179
1	121
0	46
0	2
0	5
3	160
0	12
1	450
1	0
5	0
0	90
0	73
0	37
1	442
0	12
0	461
18	22
0	40
0	295
0	436
0	386
0	419
29	413
6	89
1	99
1	9
0	373
2	447
0	61
0	0
0	5
0	0
0	5
0	0
0	0
0	0
0	0
0	0
0	478
4	458
1	272
2	413
0	411
0	461
0	373
1	379
0	180
0	95
0	21
0	59
0	39
0	2406
0	2300
0	2405
46	1976
3	60
0	15
0	8
0	63
1	11
0	63
0	0
0	0
0	0
0	0
0	0
0	0
0	0
0	0
0	0
0	0
0	1050
0	0
1	0
0	0
0	0
0	0
0	2530
1527	3112
1	1137
13	450
4	686
2	160
17	235
0	1
0	0
0	1
0	1
0	1
0	0
316	1532
22	1532
0	11
0	0
0	2
1	8
0	18
0	272
5	268
0	64
25	185
0	188
0	27
2	4
0	60
0	22
9	33
2	8
0	38
0	71
15	721
1	708
1	264
0	196
0	250
8	208
0	2013
0	2014
13	1767
3	178
5	1171
1	1183
15	88
0	970
2	69
0	141
12	227
0	176
0	157
0	233
4	168
0	133
0	107
5	52
0	20
0	19
0	19
0	20
0	17
0	17
0	0
0	0
0	9
0	10
0	1
0	346
0	60
3	29
25	57
1	25
4	144
0	150
4	136
0	345
3	61
3	27
0	41
12	116
3	186
0	53
17	8909
3	5167
11	8439
175	8852
8	4079
99	3175
0	78
12	899
95	1007
4	56
1	68
5	78
1	127
3	45
1	119
1	142
9	316
2	10
8	54
1	22
0	40
0	63
0	188
6	10
23	46
11	134
0	29
8	242
0	134
11	27
0	2585
0	2687
7	353
21	2314
7	214
0	210
9	166
0	106
0	117
0	109
0	758
5	120
0	179
0	178
0	250
0	475
0	475
0	136
0	140
0	283
0	177
0	187
0	390
0	393
0	128
0	147
0	130
0	15
0	17
0	3
0	10
1	16
0	0
0	16
0	13
0	8
0	9
1	29
0	5
0	5
3	33
0	22
0	5
1	23
0	0
0	11
0	11
0	13
0	12
0	4
0	12
0	11
0	9
0	9
0	4
0	6
0	7
0	2
0	2
0	3
0	1
29	39
0	2
0	33
0	39
11	17
3	6
0	120
0	106
0	31
0	118
1	44
0	122
0	120
90	126
0	32
0	0
0	2
0	121
0	76
0	51
1	8
0	33
0	32
0	113
0	62
0	129
0	6
0	42
0	56
0	16
5	83
6	727
0	282
26	2166
0	0
0	186
5	2166
1	154
0	2120
0	98
15	1635
0	19
0	2132
0	17
4	0
191	15
8	13
0	16
0	0
0	0
0	0
0	0
0	0
0	0
0	25
0	44
0	281
0	40
0	37
1	21
4	288
0	283
1	282
2	151
0	26
1	207
0	76
2	31
1	657
0	708
2	16
32	491
2	445
0	480
7	604
18	63
0	113
0	33
0	42
9	86
0	89
1	10
0	19
13	14
2	595
1	72
0	68
0	48
5	36
5	14
1	10
1	8
9	1
0	585
0	596
3	78
164	112
0	88
0	74
1	16
0	0
0	16
0	7
0	7
0	35
1	29
0	35
3	10
0	34
0	23
1	33
0	26
0	5
0	4
1	22
0	23
2	19
0	6
269	0
107	69
0	69
0	60
0	0
0	6
0	0
0	0
0	0
0	0
0	0
0	0
0	0
0	0
11	1449
0	1433
0	1440
0	1443
0	1393
1	1387
0	1380
0	1345
0	1430
0	1417
0	1432
0	1418
0	1381
0	1410
0	1411
0	1405
0	1417
0	1404
0	1344
0	1356
0	1263
0	1337
0	1366
0	1369
0	1365
0	1385
0	283
1	310
0	309
0	284
0	963
1	997
0	985
0	999
0	958
0	972
0	839
0	869
3	834
0	814
2	78
9	240
0	695
0	97
0	136
0	411
2	0
1	340
0	74
1	5
0	0
5	1765
39	2334
0	1024
0	2756
0	2562
0	1451
5	1318
1	1238
0	2666
0	2065
0	2860
2	1504
0	2129
22	2173
0	1268
0	538
0	1653
2	1559
0	2105
0	677
2	1
0	0
3	46
4	52
0	378
0	40
0	321
0	376
0	0
28	0
0	0
2	52
0	38
0	43
0	5
0	46
0	43
0	36
0	36
0	33
1	18
0	8
1	6
1	3
0	3
0	2
1	3
7	123
2	1
1	130
1	147
0	272
0	24
0	27
0	274
1	29
3	23
65	20
192	389
0	22
18	25
4	42
6	346
0	0
0	0
0	0
0	0
0	0
0	0
0	0
0	0
0	0
0	0
0	0
0	0
0	0
0	0
0	0
1	149
238	164
1	30
3	18
0	0
0	0
2	31
0	74
1	1
0	0
0	1
0	1
0	1
0	1
0	0
0	0
0	0
3	33
0	33
0	28
1	3
0	2
0	2
0	33
0	35
1	41
0	20
0	27
0	12
0	9
416	444
1	30
0	58
4	97
4	310
0	3
0	3
0	0
0	2
0	1
1	1
0	1
0	1
4	110
1	98
0	93
1	132
4	34
0	48
0	17
0	244
0	10
4	13
0	13
0	0
217	1429
0	1381
0	1240
0	1204
0	1333
1	98
7	278
1	113
0	105
8	191
0	182
0	163
1	28
0	84
0	65
7	128
0	348
0	523
0	551
3	105
0	550
0	126
0	362
5	55
0	424
12	433
0	327
0	472
720	559
0	251
0	19
0	8
0	8
63	219
0	200
0	137
0	196
0	141
0	3
0	61
0	168
0	5
0	26
0	739
0	0
0	0
0	755
0	713
2	619
28	663
0	327
0	423
1	279
10	673
0	369
5	138
20	194
226	82
5	34
0	10
0	10
0	2
0	1
0	0
0	65
0	114
0	116
0	9
0	9
1	8
0	9
0	8
0	3
0	0
0	0
0	0
0	0
0	0
0	0
0	0
0	0
0	0
0	0
0	0
0	0
0	0
0	0
56	234
5	228
8	218
0	2
6	22
1	37
0	34
0	34
0	30
0	29
0	21
0	29
0	18
0	15
0	17
2	16
4	2
0	2404
0	3032
0	3296
0	3016
0	2367
0	3155
0	2746
0	3250
428	3155
0	2599
0	331
0	0
1	4
0	4
0	3
0	0
0	0
1	0
0	0
0	0
0	0
0	0
0	0
0	0
0	0
0	0
2	936
0	868
0	904
0	997
0	935
0	573
1	394
11	176
0	0
0	0
0	0
0	0
0	0
0	0
0	0
0	0
0	0
0	0
0	0
0	0
2	0
6	306
8	306
0	0
0	0
0	0
1	227
0	242
0	249
0	199
0	223
10	125
0	222
0	222
0	244
0	215
0	228
0	238
0	235
0	223
0	203
0	242
10	173
8	170
0	192
0	223
0	216
0	206
0	196
0	251
0	242
4	215
0	233
0	236
0	148
0	201
0	231
0	199
0	216
1	180
0	132
0	133
0	181
0	232
0	193
0	246
0	217
0	214
0	234
0	244
0	241
0	184
0	194
0	166
0	222
0	218
0	214
0	201
0	225
1	201
0	251
0	225
1	62
0	373
0	377
0	381
0	376
3	361
0	172
0	32
0	33
0	0
2	13
0	15
0	11
0	11
0	4
2	5
0	1
1	195
0	14
0	58
0	192
0	122
0	182
0	58
0	55
0	158
1	23
0	25
0	111
0	878
0	323
0	52
3	821
0	72
11	236
0	86
1	238
0	166
1	205
0	67
0	62
0	63
0	139
1	184
0	99
0	184
0	147
0	2
0	6
0	6
0	9
0	16
1	17
0	10
0	69
0	14
0	13
2	15
0	6
0	1
0	5
0	2
5	653
0	638
2	474
0	495
0	247
2	80
0	94
0	111
0	149
0	118
5	108
0	47
29	21
0	179
2	20
0	175
4	172
2	32
0	62
2	19
0	29
0	64
0	164
0	21
5	77
2	5
2	85
0	43
0	292
0	2
0	306
0	306
0	306
0	306
0	306
0	306
0	306
0	299
0	317
0	311
0	65
0	289
0	268
0	272
0	266
0	79
0	109
0	226
0	218
0	212
0	0
2	104
0	123
0	106
0	75
0	10
0	24
0	18
0	20
0	15
0	20
0	18
0	18
1	9
0	14
0	13
0	14
0	8
0	1
0	7
0	0
0	6
0	26
0	24
0	24
0	26
4	18
0	8
2	349
2	378
14	1076
4	416
0	1206
0	1075
0	1248
0	782
0	11
18	270
1	171
1	28
0	226
75	118
1	75
0	69
12	150
2	73
0	1252
3	159
0	122
0	25
0	171
1	162
1	1
2	46
1	17
0	28
0	19
0	1
0	12
0	12
0	0
0	0
0	0
0	0
0	0
0	0
0	0
0	0
0	0
0	0
0	0
1	0
2	99
0	194
4	190
0	199
0	190
38	15
2	39
0	17
0	22
0	17
0	17
0	17
0	4
0	4
0	81
1322	296
0	212
1	52
0	28
1	37
7	33
0	19
0	6
0	3
0	3
0	7
0	8
0	80
44	72
1	32
0	47
0	14
2	44
0	91
0	268
0	266
2	275
4	246
5	80
1	9
618	452
1	17
0	91
1	153
21	138
14	209
0	63
14	0
7	0
0	55
1	60
0	56
1	31
3	23
0	258
21	49
2	88
0	218
0	33
11	116
0	247
0	233
0	46
11	21
3	233
0	116
28	78
0	34
15	12
25	1399
3	1353
0	10
0	13
0	12
0	10
0	10
0	5
105	17
0	17
0	0
169	128
0	97
0	113
1	122
0	122
0	116
3	15
0	67
0	17
0	40
2	18
0	16
0	24
1	12
0	12
0	2
0	4429
0	4739
0	4652
0	648
0	2835
26	1542
0	1230
11	167
1	1291
3	344
0	558
0	469
2	563
0	802
1	834
0	850
0	504
0	363
0	585
0	726
2	717
1	727
0	777
0	481
0	462
3	477
2	296
0	207
3	83
0	16
0	42
0	41
0	23
1	153
0	157
0	155
12	94
4	16
0	7
0	17
0	4
0	15
5	10
0	17
0	15
0	14
0	10
0	4
0	6
0	4297
0	729
0	91
0	4303
0	3189
1	293
0	4383
0	286
15	2570
69	2556
658	3794
0	454
0	541
2	2037
2	3029
0	906
2	574
19	829
3	245
0	2141
3	138
3	172
48	330
65	417
0	213
1	442
13	9
5	57
1	57
4	150
0	9
0	5
0	104
0	0
0	16
0	143
0	131
0	91
0	85
0	15
0	0
0	62
0	13
0	12
0	15
0	0
0	0
0	0
0	247
0	0
0	0
0	0
0	85
0	232
1	557
0	555
1	13
0	2
1	432
7	15
2	0
0	20
0	35
2	27
4	268
0	37
0	557
0	555
2	217
29	202
1	161
7	59
0	44
0	0
0	0
0	0
0	0
0	0
0	0
0	0
0	0
0	0
0	0
0	0
0	0
0	0
0	0
0	0
0	0
0	0
0	0
0	0
0	0
0	0
8	1320
0	2100
19	1140
3	1050
0	393
5	1718
0	1106
0	27
1	0
6	489
0	1252
5	286
0	1076
0	456
0	344
0	481
0	413
0	121
0	0
0	1069
0	948
0	499
1	126
0	1069
0	1021
0	155
35	369
0	397
1	1025
0	98
15	72
0	334
0	295
0	290
0	283
0	324
0	358
0	63
0	280
0	327
1	340
26	901
1	502
2	447
0	382
6	137
11	202
5	68
0	222
0	233
16	3
0	228
0	74
0	82
0	38
1	106
0	70
4	362
2	64
0	78
0	21
6	227
0	339
0	353
0	32
0	32
0	135
4	119
0	278
1	471
0	172
0	131
2	181
14	385
27	224
0	245
0	237
1	146
1	131
9	63
0	159
0	206
0	164
2	102
2	172
0	155
0	135
0	157
1	104
0	131
0	76
0	119
0	150
1	88
7	30
2	63
0	44
0	37
0	43
0	33
0	24
0	14
0	19
0	8
0	14
0	22
0	13
0	10
0	10
0	20
0	10
0	15
0	14
0	10
40	425
13	425
295	215
0	0
0	0
0	0
0	0
0	0
0	0
1	1119
8	1119
0	0
11	220
5	3
0	619
0	581
0	581
0	277
0	189
0	2
18	542
0	209
0	287
0	296
0	288
52	257
0	252
0	261
0	271
0	287
0	265
0	46
0	42
0	22
4	72
0	64
0	43
0	36
0	8
0	7
0	48
1	27
1	29
0	28
0	207
0	207
4	207
0	0
0	0
0	722
0	730
5	128
0	21
12	135
13	17
1	681
0	680
0	683
0	678
32	408
0	672
0	672
5	79
3	40
0	38
0	99
6	9
2	50
8	287
0	28
0	21
0	73
9	20
0	47
1	41
1	47
0	560
11	143
0	93
2	0
795	0
0	0
0	0
0	0
0	1292
0	1260
0	1278
0	1314
0	1263
1	306
1	96
0	134
2	36
10	2
0	94
0	33
0	81
0	26
0	19
0	231
0	402
0	89
0	350
0	258
56	229
5	218
0	250
0	397
1	270
0	240
0	339
0	353
0	109
0	74
6	75
0	304
0	90
0	110
0	79
0	70
0	75
0	231
0	16
1	33
0	177
0	110
0	110
0	152
0	139
0	140
0	10
1	3
0	115
0	249
0	257
88	284
0	198
0	108
0	118
1	104
0	61
0	61
0	46
0	30
8	9
0	399
0	391
0	258
0	260
0	56
5	53
8	51
0	0
0	0
2272	1193
0	87
0	163
0	48
12	830
0	890
21	529
0	165
2	196
24	23
0	94
4	57
0	0
0	0
0	0
0	0
0	0
0	0
0	0
0	0
0	0
0	0
0	0
0	0
0	0
0	1
0	1
0	0
0	1
0	1
160	1041
1	46
0	55
0	68
0	9
0	11
2	9
0	217
0	214
0	209
0	211
0	207
24	182
34	211
0	207
0	138
13	139
0	95
1	63
0	82
0	18
0	37
0	12
0	0
0	0
0	0
0	0
0	0
0	0
79	69
0	70
4	66
0	10
0	403
104	415
5	130
3	110
1	381
3	363
0	453
0	455
0	444
0	476
0	463
0	465
0	462
1	460
0	441
0	407
0	401
0	335
0	269
0	239
0	303
0	36
2	21
0	96
1	32
6	25
2	12
0	57
0	41
0	934
3	924
0	925
0	16
11	12
0	3
0	52
0	52
0	25
29	88
0	54
0	22
0	69
0	62
0	14
3	7
3	1
0	11
7	3
3	9
0	6
4	3
0	0
0	0
0	0
0	0
0	0
0	0
0	0
0	0
0	0
0	0
0	0
0	27
0	13
0	184
0	11
0	129
0	119
0	13
0	14
0	59
0	7
0	48
0	46
5	535
0	551
1	156
4	100
4	138
1	171
0	126
0	116
0	94
3	977
0	927
0	902
1	304
1	178
6	140
7	92
1	106
1	56
0	74
2	60
0	60
0	0
0	0
0	0
0	0
0	0
0	0
0	0
1	0
0	0
12	347
23	336
0	344
0	279
207	471
1	464
17	198
0	225
0	237
0	229
0	225
3	214
0	221
0	507
2	490
0	612
0	516
0	745
0	650
0	311
0	304
0	529
0	221
0	239
0	434
2	351
0	211
0	251
0	178
0	178
1	146
2	0
0	0
0	0
0	0
0	0
0	0
0	0
0	0
0	0
49	2
0	2
3	3136
0	3161
0	3055
8	2745
0	2355
0	2666
0	260
12	230
0	160
1	111
0	43
3	245
6	840
1	108
0	377
5	164
1	136
0	134
1	161
1	58
0	0
0	0
0	0
0	0
0	0
0	0
0	0
2	603
7	18
0	256
0	446
2	505
0	101
0	157
1	630
0	655
1	114
0	34
0	48
8	348
0	31
0	48
0	53
0	63
1	14
0	120
0	0
0	644
0	633
0	92
0	179
73	293
0	151
1	289
0	22
0	11
0	35
1	38
2	167
1	75
0	164
0	167
5	169
0	162
0	34
0	51
0	26
1	53
2	28
6	31
0	46
0	12
364	1014
3	978
1	274
5	273
0	136
5	98
1	97
2	122
0	4
0	5
1	26
0	29
0	29
0	5
0	1
0	3
0	5
0	3
0	0
0	198
449	277
0	228
3	15
0	240
0	156
0	123
0	278
0	14
0	91
0	2
0	2
0	0
0	0
0	0
2	0
0	0
0	0
0	0
0	0
1	0
0	0
0	0
0	1058
0	384
0	272
0	846
0	174
0	1025
0	962
0	1018
19	945
7	47
0	47
0	12
0	15
0	48
2	5
0	45
0	2
0	0
0	13
0	33
0	18
0	5
0	39
0	18
0	0
0	43
0	38
0	38
0	21
1	30
0	31
0	14
0	32
0	10
0	9
0	21
1	12
0	11
0	0
0	2
0	5
0	3
0	105
66	239
0	203
0	21
1	17
0	524
0	17
0	18
0	30
0	526
0	5
1	39
0	503
0	30
0	24
0	493
0	516
0	84
0	365
7	482
0	107
1	114
0	94
0	37
2	48
0	139
0	58
0	26
0	0
0	111
0	27
0	121
0	57
0	0
3	97
0	1
0	0
0	116
1	155
0	77
1	157
5	135
0	156
0	140
0	114
0	34
0	4
0	27
0	15
0	40
0	13
0	13
0	15
0	37
0	99
0	26
3	150
0	106
0	19
0	17
2	21
1	3
0	34
0	21
0	16
0	48
0	155
0	114
1	22
0	22
0	131
0	146
8	0
0	17
4	25
0	43
24	809
0	829
0	831
0	697
0	558
0	612
0	244
40	120
24	85
14	0
0	19
0	18
0	37
0	43
0	46
0	42
0	44
0	47
0	45
0	36
0	41
0	46
0	36
0	51
2	167
0	169
0	52
0	19
0	0
0	6
0	159
0	43
0	156
0	457
0	1942
0	1008
3	172
0	1931
1	1153
3	63
1	598
9	0
0	308
16	218
0	1678
0	1899
8	61
1	490
0	29
0	51
366	1560
0	439
0	184
1	139
0	32
0	438
3	250
0	122
5	564
0	434
2	105
0	177
1	393
22	411
0	306
0	276
0	230
0	165
0	49
0	136
318	172
0	40
0	64
0	842
5	958
0	477
3	516
0	903
1	980
0	486
0	1012
0	570
2	58
0	1034
1	1036
0	298
7	650
0	0
28	56
380	121
2	124
1	26
4	1
2	32
1	14
0	3
0	7
0	6
0	6
0	4
0	0
0	1
0	2
0	10
0	11
1	8
0	7
0	0
0	8
0	0
2	173
0	179
0	288
2	387
13	132
0	361
0	357
20	287
1	156
6	102
0	15
0	81
2	45
1	56
0	12
0	21
0	0
147	398
1	386
0	379
0	25
0	395
0	287
0	207
2	215
0	128
0	0
0	0
0	0
0	0
0	0
0	0
0	0
0	0
15	356
0	540
0	515
1	532
2	72
0	37
1	65
1	46
0	11
0	54
2065	882
0	41
0	811
3	272
0	105
127	173
0	140
0	107
7	114
0	73
0	30
0	132
0	900
0	931
1	141
0	529
6	525
0	101
17	430
0	54
0	70
1	42
1	71
4	46
3	56
1	135
0	15
0	41
0	51
0	48
2	34
0	42
0	14
0	0
2	0
0	1987
2	89
0	368
0	482
0	25
0	1935
18	1919
0	52
0	672
0	111
0	58
0	411
3	107
2	168
0	850
2	1784
1	468
0	47
0	201
3	152
0	101
0	338
0	143
1	101
0	522
0	522
0	509
0	383
0	472
0	507
0	463
0	525
0	527
0	502
1	534
0	518
0	507
0	483
0	462
1	424
0	472
0	491
0	479
0	453
0	470
0	457
0	302
0	52
0	40
0	48
0	98
0	46
9	84
0	93
0	87
0	62
0	60
0	29
0	17
0	22
0	16
0	106
0	17
0	105
0	106
0	104
0	11
5	492
222	556
3	38
9	437
6	424
2	376
1	370
0	543
0	142
196	308
0	168
0	47
3	201
14	110
0	238
0	99
5	17
22	688
0	21
0	297
1	16
3	77
0	723
34	723
2	722
1	722
4	719
3	546
0	66
3	521
1	523
0	512
0	505
2	447
0	323
0	191
6	42
6	16
0	77
0	69
0	21
0	4
0	20
0	15
6	5
0	38
0	35
0	44
0	46
0	46
0	28
0	17
1	13
0	12
1	1
3	12
0	1362
5	1375
0	1378
9	691
0	230
0	674
0	700
0	617
0	153
4	17
0	31
0	50
0	60
0	65
0	72
0	8
0	59
0	4
0	39
0	29
0	28
0	18
0	13
0	12
0	0
0	0
0	699
0	461
1	428
4	115
0	434
0	427
0	442
0	428
0	441
136	130
0	144
0	97
8	54
0	200
0	169
0	198
0	193
1	189
16	64
0	187
0	187
2	74
0	127
1	25
22	218
0	51
2	218
12	300
0	940
0	768
2	66
2	548
5	119
0	0
0	1
2	1056
0	1
0	606
0	0
0	172
0	207
8	489
0	1136
0	238
0	0
0	219
3	10
15	797
8	107
0	0
0	146
0	135
0	133
10	140
0	146
9	67
0	57
3	9
885	344
0	344
0	84
22	380
0	17
0	29
0	58
0	282
1	34
0	59
20	229
23	52
1	196
4	0
3	1049
7	67
0	1109
0	1015
3	292
2	1036
1	119
16	98
1	856
15	74
0	182
14	153
0	119
0	7
0	40
0	15
0	10
0	3
0	1
0	15
0	12
0	15
0	15
0	23
0	23
0	6
0	11
0	5
0	6
0	878
0	976
0	731
2	617
2	713
0	828
10	793
324	1478
0	1379
0	300
0	414
0	109
0	70
2	147
0	794
0	242
0	0
0	0
484	249
0	249
1	2
0	1
0	0
0	1
1	182
4	182
0	36
0	23
0	268
0	270
3	253
0	251
0	132
1	209
0	109
2	64
2	68
3	79
0	36
6	46
0	54
0	10
2	21
2	2
0	60
1	41
43	61
11	1631
572	1625
0	163
0	0
0	0
0	123
1	31
0	122
0	100
0	48
3	88
0	52
0	27
2	6
0	113
0	110
0	207
0	111
0	105
0	108
0	48
0	9
1	110
0	44
0	110
0	60
0	110
0	111
0	111
0	10
0	158
0	4
0	62
0	6
0	3
0	0
0	0
0	0
0	0
0	0
0	0
0	0
0	0
0	0
0	0
1	0
0	0
0	0
0	0
0	0
12	1276
0	1278
1	1222
1	315
2	123
15	50
0	98
73	786
7	196
0	35
0	505
1	257
0	0
0	80
0	528
0	0
3	27
12	563
0	57
0	72
2	525
0	17
0	253
0	111
0	465
0	519
0	209
1	195
1	58
43	19
0	860
0	864
0	801
1	769
0	215
0	65
4	0
13	197
0	82
0	28
4	656
5	1653
30	1654
0	233
3	7
0	881
65	689
1	1046
0	1119
0	309
26	811
1	479
0	558
0	527
2	131
0	244
7	176
0	142
146	443
2	443
0	1025
0	1061
0	698
0	733
0	638
0	634
5	208
0	583
1	464
2	217
1	273
0	300
0	216
5	203
1	53
0	57
0	67
15	92
19	24
0	1030
0	264
2	262
0	242
0	84
0	191
1	175
0	192
0	204
0	211
0	169
0	44
0	97
0	109
2	3
1	9
0	105
0	105
0	105
0	58
0	31
0	4
0	22
0	8
0	21
2	6
0	10
0	3
0	4
0	8
0	2
0	3
0	6
0	4
0	2
0	16
0	17
0	4
1	17
1	15
0	17
0	5
0	3
0	0
0	1
0	9
0	0
0	0
0	0
0	0
1	0
0	0
0	0
51	18
0	18
0	0
0	0
0	174
4	172
0	143
2	173
0	204
4	25
0	165
0	168
0	66
1	86
0	87
0	79
1	59
0	34
0	94
0	38
0	22
73	0
9	50
3	45
2	19
0	0
0	0
0	0
0	0
0	0
0	0
0	0
0	0
0	0
0	0
0	0
0	0
0	209
0	0
4	0
0	0
0	165
0	481
0	466
0	475
1	419
0	428
0	439
0	37
3	411
0	114
0	426
3	3
0	34
0	6
0	61
0	38
0	12
0	14
3	48
0	44
0	128
0	138
0	134
1	13
0	10
0	128
0	118
0	114
0	111
1	86
0	85
1	15
0	23
0	10
90	109
0	98
0	23
0	39
0	26
0	23
0	15
5	10
1	12
0	12
0	7
0	1
0	4
0	5
1	97
0	90
0	95
1	97
2	9
0	7
0	0
0	1
0	1
0	0
0	0
0	413
0	474
15	476
0	564
0	578
0	569
0	603
0	413
0	112
0	165
0	371
0	467
0	413
0	610
0	611
0	492
0	360
0	617
0	403
0	617
1	360
0	413
8	361
0	480
0	402
0	412
0	385
0	581
0	616
0	412
0	617
0	360
0	360
0	369
0	49
0	603
51	615
0	379
0	165
0	538
0	587
0	600
0	172
0	365
0	371
0	370
0	82
0	130
1	242
1	230
0	142
0	225
0	234
0	149
0	53
0	145
1	17
0	112
0	103
0	22
0	1
0	38
0	17
0	25
0	25
0	17
0	13
0	2
2	2
0	2
0	0
8	75
0	73
0	75
0	0
0	0
0	0
0	777
12	777
18	778
0	661
0	648
0	621
0	466
12	385
0	463
1	476
0	456
0	411
0	298
0	123
0	169
1	160
3	80
6	0
0	780
1	2
0	0
0	2
0	0
0	1
64	7
0	6
0	7
0	1
0	0
0	0
0	62
0	79
0	4
0	0
0	4
0	17
0	78
0	9
0	75
0	7
0	8
0	0
0	69
0	1
0	3
0	75
0	10
0	11
0	39
0	7
0	7
1	3
0	11
0	4
0	4
0	22
0	8
0	0
0	0
0	0
0	0
0	0
0	0
2	50
0	33
1	2
1	7
0	1
2	37
1	6
0	37
0	17
0	0
0	1
0	0
0	0
0	0
0	0
1	0
0	1
0	1
0	1
0	16
4	17
0	5
0	32
0	17
0	4
0	32
1	2
0	15
0	17
0	2
0	0
1	69
0	435
0	434
0	438
1	348
0	368
0	257
0	754
0	753
1	549
0	516
0	680
0	731
2	402
0	347
0	322
0	31
0	42
0	67
0	113
0	60
0	68
0	47
0	59
3	36
0	66
0	53
0	25
2	24
1	26
0	25
7	16
0	0
9	84
18	47
1	42
0	58
0	55
0	6
0	44
0	31
4	22
1	8
0	9
0	0
0	0
0	0
1	303
0	227
0	303
2	211
1	205
0	166
1	1
0	0
0	0
0	0
1	0
35	3
0	2
0	2
0	215
0	232
0	79
0	14
141	503
0	499
22	420
0	4
0	1
0	5
0	5
0	2
0	1
0	1
0	1
0	1
0	1
0	1
0	1
0	1
0	0
2	2
0	2
0	0
0	323
1	140
321	924
0	183
0	199
1	135
0	193
1	87
8	451
0	0
145	815
3	362
2	463
3	229
0	490
0	214
9	290
0	864
0	864
42	493
0	501
31	795
0	29
0	72
0	125
0	100
1	46
0	49
28	18
0	47
6	62
0	0
0	0
0	199
0	1166
0	1253
0	1133
5	53
0	124
0	108
0	384
3	1103
0	204
0	13
15	424
0	3
0	3
1	0
47	268
1	268
0	131
0	251
39	287
1	3
2	3
0	928
1	928
18	926
0	926
3	709
0	108
0	107
0	17
0	0
0	53
0	36
0	5
0	2
0	0
0	147
0	11
0	93
0	8
0	155
5	24
0	0
0	0
0	0
0	0
0	0
63	972
0	4
0	808
0	833
0	305
0	154
0	155
1	25
1	54
0	122
0	258
0	592
0	65
0	567
0	46
0	85
0	82
0	572
0	30
0	187
0	544
0	490
0	0
0	128
27	250
12	233
0	203
3	47
2	109
2	68
0	0
0	4
0	4
0	2
0	4
0	3
0	664
0	642
0	659
0	599
0	657
10	0
0	11
0	75
1	106
0	88
0	90
0	100
0	102
0	96
2	94
0	63
0	910
0	753
0	958
0	960
0	955
0	839
8	126
0	122
0	445
13	96
1	109
1	46
41	35
0	329
0	166
0	113
0	174
0	179
1	56
2	45
0	0
0	0
0	0
0	0
0	0
0	0
0	0
0	0
0	0
0	0
0	0
0	0
0	0
0	0
3	760
0	35
0	779
2	33
0	15
3	55
2	57
3	44
7	140
0	0
0	0
0	0
0	0
0	0
0	0
0	0
1	3257
0	934
1922	3752
2	916
0	771
0	709
0	2845
0	513
0	219
15	2393
3	582
1	3212
0	429
0	561
1	824
2	425
1	1074
7	1153
4	636
0	0
0	0
0	0
0	0
0	0
0	15
0	150
0	21
4	159
13	6
0	5
0	3
1	11
0	2
0	11
0	3
0	141
1	0
2	11
0	9
0	0
0	1
0	10
1	7
9	97
0	0
1	0
0	0
0	19
0	89
0	64
0	62
0	0
1	31
0	8
0	0
0	0
0	0
0	0
0	2
0	2
0	2
0	2
0	2
0	1
0	1
0	0
0	0
0	0
0	0
0	1389
0	1140
1	1069
3	1166
0	937
1	1381
3	333
3	65
2	85
0	123
0	38
3	153
0	148
2	95
0	86
0	86
0	326
0	544
0	526
0	7
2	222
0	331
3	348
3	109
0	25
19	140
0	5
0	57
0	40
31	1
0	0
0	1
4	1082
0	1082
0	98
0	3718
6	23
0	75
0	904
0	61
7	95
0	69
28	995
0	3
0	6
0	7
0	9
0	21
0	1
0	4
1	17
0	20
0	8
8	14
0	7
0	2
0	2
0	0
0	0
0	0
0	0
0	1
0	1
0	0
0	0
0	0
0	0
0	0
0	1
0	0
0	1
0	0
0	518
5	417
0	322
0	334
1	277
26	279
0	194
15	234
1	234
2	156
0	227
3	214
0	157
1	94
15	0
20	1055
1	91
0	1075
0	135
0	1055
0	36
0	33
0	23
1	41
0	40
0	40
0	40
0	34
0	39
0	30
0	30
0	21
1	14
3	16
0	17
0	1
0	150
0	20
1	14
0	138
0	14
0	7
0	103
0	10
0	147
12	16
0	101
0	515
1	24
10	228
15	243
1	73
135	515
0	105
0	12
0	113
0	12
7	7
0	5
1	5
0	68
2	72
0	13
0	12
0	19
0	197
0	13
3	261
0	264
0	259
0	2
0	11
0	5
0	9
0	8
1	1
28	0
0	267
0	260
6	251
0	233
0	8
0	185
0	184
1	3
0	2
0	1
0	0
0	0
0	5
0	11
0	11
0	4
0	0
0	0
242	45
0	11
0	27
0	28
0	1
0	0
0	1
1	1
0	0
1	175
27	167
0	172
0	102
0	106
0	13
0	176
62	816
0	133
0	95
0	93
2	102
0	339
1	678
0	639
0	845
0	45
0	90
0	157
0	162
6	126
8	52
18	226
0	610
1	619
19	251
0	601
0	591
1	219
0	45
2	46
0	13
0	7
0	0
0	0
0	0
0	0
0	37
0	59
1	78
0	47
0	41
2	27
0	0
0	0
0	0
0	0
0	0
0	0
0	0
0	213
0	256
0	303
0	294
1	308
0	256
0	333
0	294
0	332
0	341
0	305
0	335
0	354
0	90
7	245
0	23
0	291
0	174
2	149
0	286
0	304
0	306
0	343
0	303
0	302
0	192
0	273
0	89
0	305
0	62
0	245
0	261
0	269
0	145
0	85
0	28
0	152
1	34
0	69
0	49
0	47
0	81
0	72
0	62
0	41
2	26
9	18
1	292
0	356
0	356
0	444
0	380
0	168
0	321
0	331
0	326
0	341
0	432
0	448
0	416
3	412
0	268
0	330
0	279
0	313
0	306
1	65
0	338
0	387
3	936
0	947
0	957
0	971
0	962
0	948
0	20
0	372
0	177
0	666
0	676
0	670
0	622
9	416
0	621
0	703
0	605
0	625
0	662
0	518
0	591
0	609
2	451
0	571
29	520
0	422
0	291
0	190
0	86
0	74
8	301
330	473
7	383
0	0
11	211
1	74
0	144
0	144
0	144
9	147
3	24
0	131
0	50
0	109
0	137
0	131
0	132
0	147
0	135
0	153
0	60
0	103
0	137
3	120
0	3
0	18
17	34
3	5
0	0
0	0
0	0
0	106
0	93
0	253
0	250
0	96
0	134
0	54
0	61
0	92
0	1
0	0
0	114
0	302
0	306
1	62
0	274
1	54
40	171
0	99
0	99
6	98
15	0
1	139
0	139
3	61
0	133
2	35
0	68
0	113
31	37
0	79
0	0
430	319
5	88
4	95
0	49
0	47
0	40
0	5
0	91
0	37
0	75
10	0
1	68
63	38
0	61
1	142
2	23
0	673
0	159
1	280
353	784
0	231
0	137
0	3
0	88
18	0
0	7
0	41
0	50
0	18
0	21
3	28
1	43
0	22
0	43
0	47
0	25
3	33
0	16
0	15
4	11
0	13
0	35
0	31
0	30
0	26
3	35
0	19
0	20
4	30
0	4
0	21
4	13
1	306
0	128
0	384
0	157
1	159
1	178
0	337
1	341
0	401
2	331
0	137
0	135
1	137
1	180
0	227
0	327
0	349
1	407
0	456
0	534
0	288
0	233
2	291
0	72
0	98
5	393
0	113
0	25
0	279
1	1061
0	159
21	1265
1	573
147	584
0	1617
1	584
136	608
0	1032
0	1602
0	751
0	747
1	583
0	1008
0	625
19	1592
7	612
17	19
0	6
1	14
0	8
3	574
0	578
1	428
5	23
0	15
18	30
0	422
100	397
2	0
0	0
0	0
0	23
0	21
0	9
0	11
0	0
0	507
15	481
0	509
1	494
1	58
0	179
0	170
0	141
0	145
0	130
0	52
0	67
0	37
0	493
0	489
0	351
0	354
17	350
0	313
0	10
0	34
0	10
19	266
8	474
6	102
12	349
0	351
0	363
4	52
0	30
0	158
0	54
9	34
0	24
5	20
1	20
0	5
0	6
0	6
0	1
0	6
0	0
0	2
0	5
0	5
0	1
0	2
0	0
0	6
0	6
0	6
0	6
0	6
0	0
0	0
0	104
0	104
0	74
0	61
1	60
1	12
1	18
0	11
1	15
7	6
0	0
0	6
144	28
1	23
0	15
2	13
0	1
0	0
0	1
0	180
0	179
0	8
0	1
0	12
0	57
0	0
4	59
0	52
0	0
0	12
0	10
0	11
0	12
0	12
0	11
0	0
0	0
0	0
0	0
0	0
0	0
0	0
0	0
0	0
0	0
0	0
3	36
0	39
0	38
0	38
0	2238
55	533
0	2250
1	2248
0	2221
0	2196
52	2195
0	148
0	114
0	195
15	441
12	0
13	934
0	934
0	933
0	934
0	910
0	933
1	761
0	434
0	452
0	340
0	71
0	96
0	60
0	67
0	67
0	67
0	36
0	58
0	43
0	27
0	0
0	784
0	792
0	794
1	623
3	797
0	832
0	325
0	828
0	34
3	28
0	185
0	109
3	115
0	101
0	94
0	92
0	47
0	32
0	22
0	19
0	22
0	798
0	319
1	304
0	336
0	77
0	20
0	112
0	332
2	13
0	20
0	0
0	0
0	0
0	357
0	386
0	387
0	39
0	384
4	19
0	385
0	65
0	384
0	381
0	363
0	11
0	57
0	0
0	373
0	21
0	34
0	0
0	0
0	0
0	0
0	0
0	0
0	0
0	0
0	0
0	0
0	0
0	0
0	0
0	0
0	0
0	0
0	0
0	0
0	0
0	0
0	0
0	0
0	0
0	0
0	0
0	0
0	0
0	0
0	0
0	0
1	0
0	0
0	0
0	0
2	0
12	2165
2	2291
0	312
16	314
0	201
0	44
0	42
0	673
4	78
0	183
1	31
0	41
0	669
0	195
0	49
0	38
0	43
0	28
0	28
0	7
0	25
0	24
0	0
0	19
0	14
0	3
0	10
0	1
0	28
0	4
0	12
0	10
1	3
0	10
0	7
0	0
0	0
0	0
0	0
2	42
2	15
0	548
0	62
1	575
0	544
0	15
0	0
0	0
0	0
0	0
0	0
0	0
0	0
0	0
0	0
0	0
271	82
1	82
0	0
0	0
0	0
85	461
0	435
0	346
0	348
0	279
0	275
0	259
0	208
0	196
0	150
0	156
0	105
0	114
0	88
0	85
0	56
0	33
18	28
2	16
7	6
0	8
0	5
0	0
0	175
0	164
12	119
0	170
2	61
0	50
12	190
3	80
0	35
0	109
0	25
0	3
0	17
0	24
11	30
1	53
0	26
0	41
1	36
0	15
0	25
0	18
0	22
3	13
1	23
0	32
0	17
0	17
6	22
0	10
0	39
42	93
2	86
0	84
0	8
6	15
0	11
0	0
1	0
0	0
0	0
0	1
0	1
0	1
0	1
0	0
0	0
0	0
0	0
0	0
0	0
0	0
0	0
0	0
0	452
0	524
8	409
0	191
0	452
0	444
0	407
5	288
0	405
5	353
0	459
0	188
1	152
0	186
0	186
0	148
0	0
0	0
0	0
0	78
0	899
0	892
6	512
0	829
1	831
0	869
0	220
6	189
18	478
2	361
2	126
3	316
0	234
0	145
0	145
0	112
0	136
0	0
0	18
0	16
1	17
0	0
0	0
0	0
0	0
0	0
0	0
0	638
0	28
0	37
0	38
0	65
0	170
0	79
1	100
0	819
0	847
1	0
0	610
0	14
1	53
0	68
0	22
0	106
0	204
1	63
2	48
0	341
0	341
14	62
0	45
0	38
0	23
0	12
1	0
158	0
0	86
0	89
4	264
0	240
4	297
1	243
3	257
0	220
6	30
0	2264
0	2264
0	465
9	566
69	4367
0	13877
0	13647
53	4066
0	4752
15	4340
0	6232
35	6056
2	5969
2	3595
1	3530
0	3260
39	2971
4	788
0	79
0	729
4	719
0	324
34	78
5	239
0	487
3	33
0	232
0	15
0	50
25	106
6	54
0	54
3	32
5	16
12	218
9	12
0	38
0	55
30	135
0	43
0	8
6	103
1	20
10	36
1	40
0	17
0	2
13	3
0	301
5	301
5	262
0	134
5	49
0	286
2	7
120	364
5	332
1	299
0	98
0	71
0	68
0	0
0	2
0	2
31	18
0	641
0	685
4	537
5	11
0	32
0	58
0	469
1	0
8	220
0	14
0	61
0	0
1	310
0	624
0	544
0	59
952	1132
0	516
1	977
0	218
3	181
1	48
0	1
0	1
0	1
0	1
0	0
0	0
0	1
0	1
2	234
2	339
0	339
0	339
0	296
0	389
2	72
0	343
2	355
0	306
27	85
0	27
3	324
0	311
2	203
1	1814
4	1818
0	1835
0	1471
0	1550
0	1364
0	1291
0	1299
3	95
1	110
1	245
3	75
0	260
4	327
0	116
506	539
1	423
0	14
0	64
0	0
0	0
0	0
0	0
0	0
0	0
0	0
1669	4519
6	422
0	329
0	4310
0	2159
1	0
0	0
0	700
0	16
0	16
0	3
0	0
2	307
0	327
2	309
0	0
0	0
0	328
6	293
1	302
0	21
4	301
0	601
10	615
0	638
0	214
2	148
0	102
2	383
1	355
7	915
0	15
1	81
0	37
1	267
0	23
2	81
0	915
0	24
0	579
0	54
1	111
0	5278
8	4935
0	5138
1	5024
0	5112
4	618
2	256
0	4446
16	2679
0	159
4	135
2	999
0	31
5	1311
0	65
1	202
0	224
1	267
3	183
0	7
1	334
0	14
7	347
2	347
2	24
0	39
0	682
45	961
1	937
0	937
0	937
8	937
1	264
1	282
0	137
4	241
12	231
0	148
2	0
0	0
0	9
0	27
0	145
0	72
0	166
0	109
0	141
0	90
0	68
0	43
1	31
1	7
0	2
0	5
0	1035
7	1056
3	1048
0	1059
0	1030
0	1044
0	1026
1	992
2	439
3	20
0	6
0	34
0	0
0	0
0	0
13	1
0	112
0	111
0	111
0	19
0	996
1	1006
6	1050
2	1273
0	1318
0	1159
2	1161
0	1273
0	1242
0	1366
0	190
0	1284
0	1255
0	1256
0	1132
0	1117
0	2
0	2
0	0
0	0
0	1
0	1
0	1
0	1
0	0
0	21
0	20
0	4
0	7
0	22
0	21
0	19
0	18
0	21
0	3
0	10
0	13
0	17
0	20
0	21
0	21
0	21
0	22
0	18
0	22
0	22
0	18
0	22
0	21
0	18
0	23
0	20
0	16
0	21
0	21
0	20
0	21
0	20
0	22
0	19
0	23
0	22
0	19
0	22
0	22
0	19
0	19
0	21
0	20
0	13
0	20
0	21
12	19
0	22
0	21
0	20
0	22
0	21
0	19
0	22
0	21
0	20
0	18
0	21
0	21
0	22
0	9
0	21
0	16
1	2
0	6
0	10
0	2
0	0
0	18
0	7
0	20
0	13
0	20
0	16
0	3
0	2
0	8
0	9
0	0
0	6
0	0
0	3
0	12
0	5
0	4
0	8
0	9
0	8
0	7
1	8
0	4
0	0
0	7
0	6
0	1
2	7
0	2
0	2
0	1
0	2603
0	2602
1	2633
2	825
0	2657
0	1424
0	214
0	205
0	287
0	2599
0	2671
0	2557
45	523
0	2459
0	2392
0	2599
0	86
0	2630
0	66
0	183
0	2612
0	2629
0	2713
0	2631
0	2631
0	2660
0	219
0	2437
0	198
6	2182
79	2043
5	1384
0	1287
0	4
0	0
52	4
0	0
0	0
0	0
0	0
0	0
0	0
0	0
0	0
71	586
0	573
0	522
4	144
0	3
0	38
0	61
0	82
0	41
0	28
0	48
0	49
0	47
0	36
0	30
0	28
0	27
1	6
0	1743
0	1419
0	1696
0	1406
0	252
0	1748
0	1426
0	86
0	149
0	97
0	161
1	158
0	120
0	430
0	389
0	1182
0	904
0	1687
0	329
0	204
0	1222
1	2
0	220
0	126
1	60
5	43
0	62
6	88
8	158
2	258
26	1870
0	1870
0	873
1	81
10	633
0	1006
0	59
1	1034
2	111
0	602
0	928
0	172
0	138
5	107
81	760
0	116
1	76
0	11
0	12
0	12
0	0
0	281
232	5400
0	4127
0	2285
38	3948
0	3880
0	1743
1	1954
1	2220
0	2109
0	1660
3	177
0	982
0	1291
0	1060
1	621
5	937
0	570
0	405
0	569
7	354
2	390
0	187
13	397
0	258
2	182
14	448
1	299
2	27
0	368
0	204
4	221
2	161
0	187
0	153
0	134
0	128
0	78
0	0
0	0
3	2038
0	2033
0	61
0	2084
0	85
0	2027
1	147
5	95
1	94
0	40
0	18
0	24
0	14
0	16
0	0
0	14
0	4
0	3
0	0
1292	733
1	183
2	550
1	33
0	76
0	86
0	6
0	35
0	51
0	49
0	87
1	67
0	76
0	79
0	79
2	85
0	6
0	8
1	80
0	51
0	27
0	74
0	27
0	33
0	18
0	82
0	76
0	16
0	17
0	30
0	37
1	32
2	5
0	5
0	520
0	542
0	432
1	471
0	148
0	321
0	565
0	463
14	549
0	457
0	307
0	126
0	541
0	434
0	534
0	329
0	543
0	118
1	442
0	208
4	446
1	37
45	280
0	69
0	295
0	399
0	336
0	52
0	90
0	130
0	206
2	207
0	277
0	203
0	217
1	142
0	264
0	205
0	286
1	293
0	178
0	384
1	123
0	213
0	31
1	155
0	141
66	625
0	625
0	624
0	625
8	23
2	96
2	93
0	99
0	97
0	0
0	1
0	1
0	1
0	1
0	0
0	92
0	56
13	5
0	4
0	180
0	123
0	144
0	671
0	145
0	267
0	739
15	32
0	287
0	212
0	188
0	456
4	701
0	74
0	140
0	737
1	202
0	207
1	153
3	731
44	666
0	192
14	597
106	226
0	206
0	206
7	203
0	215
0	62
0	90
0	162
4	30
4	110
0	5
0	99
6	11
0	105
0	99
0	48
1	17
1	0
0	97
0	0
11	98
5	1
0	97
0	97
0	0
0	10
7	492
0	266
1	218
3	174
8	503
0	476
1	155
1	56
0	29
1	133
0	378
0	84
34	133
45	441
0	127
33	376
2	124
4	50
0	59
10	8
0	235
0	273
0	22
0	288
10	284
0	84
3	85
2	76
0	36
2	74
0	22
0	0
9	292
0	42
136	327
17	150
2	150
19	7
6	2523
0	6686
5	6686
313	5701
0	6291
0	5405
1	2110
14	1378
0	821
1	956
0	956
0	954
1	2
1	0
2	4
0	73
0	418
3	452
0	987
0	282
14	153
0	201
0	405
1	893
1	317
30	772
26	591
1	165
0	0
0	380
1	545
0	581
3	45
2	489
1	489
0	654
0	534
2	460
0	260
1	155
0	21
0	132
182	2247
1	693
0	2099
0	356
1	433
0	238
0	290
6	78
0	367
0	274
0	151
5	36
0	473
1	276
0	372
0	953
2	218
5	342
6	515
0	440
0	133
6	359
0	368
0	0
0	0
0	0
0	51
1	35
0	30
0	9
0	51
0	49
0	60
0	45
0	16
0	1636
23	1503
26	1362
3	1456
3	646
0	1548
0	568
2	294
0	527
0	354
0	0
0	0
0	0
0	0
0	0
16	280
18	279
11	297
0	295
0	282
0	30
6	63
0	61
0	110
0	85
0	81
0	105
0	70
0	54
0	60
0	38
0	48
0	42
0	18
0	4
0	14
0	2
0	1
0	2
0	1
0	2
0	2
0	3
0	1
0	3
0	2
0	1
0	0
0	0
0	0
0	0
0	0
0	0
0	0
0	0
0	0
0	1
0	685
0	739
0	752
1	712
0	751
0	716
0	709
0	354
0	733
0	666
0	661
0	337
0	374
0	496
0	629
0	669
0	661
0	704
0	700
4	363
1	71
0	298
6	131
76	40
0	40
0	1
4	1
0	613
8	479
0	1834
0	473
0	95
0	1698
2	65
4	180
0	1
0	2
0	2
3	172
0	1
0	25
721	305
1	298
0	47
0	75
0	1568
10	1459
0	1636
7	1585
0	1602
0	1601
1	1526
1	1555
0	261
7	122
0	133
0	3774
0	3604
0	3013
132	3415
0	162
0	353
0	883
0	3279
0	3809
0	3487
6	3017
0	2877
4	481
7	337
0	1791
1	1094
0	296
0	1301
29	1236
0	1097
0	71
0	159
0	1222
0	1276
0	161
0	1068
0	1211
0	52
0	1134
1	137
0	459
0	44
0	62
0	124
0	204
0	69
0	138
0	1165
1	3
0	192
2	829
0	714
11	895
0	940
0	899
0	975
0	567
16	474
0	586
0	306
0	346
0	328
0	124
0	278
0	174
0	186
0	146
0	127
0	82
0	121
0	9
201	289
2	88
0	82
11	255
0	74
0	37
0	34
0	1
41	826
0	531
0	770
4	125
0	628
0	841
1	529
0	84
2	777
2	142
1	41
1	29
2	99
11	15
1	299
0	440
0	13
0	20
0	24
0	329
0	330
0	300
0	343
37	434
0	29
0	43
1	92
2	30
0	78
0	27
0	8884
10	15153
68	12027
59	959
88	15078
19	11513
152	1736
12	6055
3	0
1	852
0	524
0	837
0	827
0	48
0	126
0	800
0	446
0	404
0	27
1	45
0	105
0	181
0	93
3	89
2	24
1	43
1	18
0	13
2	7
0	41
45	224
804	243
4	47
0	0
0	0
0	0
0	0
1	21
0	16
0	11
28	18
0	2
0	2
2	9
0	6
0	7
2	0
0	4
0	40
9	40
0	0
0	0
0	0
0	0
1	0
0	0
0	0
0	1
0	1
0	0
0	0
0	1
0	0
65	506
1	513
0	266
1	22
12	472
1	202
0	136
1	164
0	96
0	96
0	0
0	148
0	144
0	153
0	131
2	40
6	846
0	918
0	667
0	652
0	47
0	13
0	53
1	918
0	22
0	23
0	21
0	21
0	21
0	892
0	23
0	47
0	21
0	23
0	22
0	29
0	84
0	74
0	113
0	142
0	145
0	22
1	26
3	105
0	4
0	3
0	7
3	9
8	17
0	468
0	35
0	578
1	521
0	257
0	26
0	502
3	230
0	503
0	23
4	359
0	20
0	57
0	356
0	325
0	52
0	84
0	71
2	62
1	0
7	1
0	0
0	1
0	0
0	671
0	588
0	642
1	335
1	237
0	120
0	164
1	43
0	112
3	83
0	114
0	45
0	24
0	7
0	3
18	221
3	306
125	306
3	104
0	106
3	23
0	18
1	28848
0	25378
0	28848
0	26319
2	28268
0	28301
0	28248
0	24887
0	24829
0	23700
30	27676
0	24204
0	24482
2	24799
0	27645
0	27668
2	28068
0	27607
0	25895
2	27974
0	14306
0	15755
0	14081
0	15714
1	15723
0	402
0	129
0	533
11	137
0	468
5	449
1	463
0	97
0	284
0	470
7	519
0	281
0	529
0	239
0	296
0	201
0	259
1	328
0	298
3	244
1	198
0	231
0	171
0	441
0	264
8	31
39	60
22	676
0	677
1	113
0	153
1	582
0	539
0	585
0	581
2	187
0	682
0	44
0	101
0	40
0	68
2	178
1	154
19	184
1	145
4	11
0	0
0	0
0	0
0	0
0	0
0	0
0	0
0	0
0	0
0	0
0	0
0	0
0	0
0	0
0	0
0	0
0	0
0	0
0	0
0	0
0	0
0	0
759	166
4	118
1	58
1	23
0	30
1	1002
0	162
0	3
0	2
0	2
0	1
2	322
1	120
0	104
0	75
48	195
26	112
0	131
0	67
0	2368
0	1990
0	84
0	2341
0	2397
0	2331
0	2236
0	2360
0	2225
0	2306
0	2358
0	1958
0	2274
0	1987
0	1900
0	2283
0	2332
0	2343
0	2179
0	2312
0	2254
0	2303
0	1929
5	2262
0	2306
0	2351
0	2159
0	2245
0	1834
1	2351
0	2302
0	1268
0	2070
0	2305
0	2265
0	2329
0	2248
0	132
5	290
0	2293
5	1970
0	1931
1	127
1	1575
0	1557
1	309
0	1615
0	1583
0	1491
2	1567
0	1345
0	121
0	3994
0	4050
0	4007
0	3978
0	2177
0	3958
0	4120
0	3682
0	3948
0	3101
0	3710
0	3958
0	3872
0	4126
0	3825
0	3845
0	3928
0	3890
2	3956
4	2917
0	3066
0	3277
0	3739
0	1997
0	2276
0	3389
0	3600
0	3985
0	3776
0	2897
0	2933
47	3732
0	3524
0	3949
0	3494
0	3707
0	3807
0	4017
0	3361
0	3638
0	3799
1	3677
0	3901
0	3732
0	3821
0	3887
0	3969
0	3600
0	3690
0	3883
0	3476
0	3693
0	3318
0	2218
0	3646
0	3514
0	3565
0	3773
0	3684
0	3552
0	3475
0	3224
0	3457
0	2586
0	1309
0	1501
0	952
0	1107
0	990
0	1038
0	1261
1	645
0	768
0	734
0	731
2	212
1	180
14	189
1	88
0	79
3	63
0	0
11	15
522	15
0	13
0	0
5	23
7	23
0	0
0	0
2	3
0	3
0	3
0	0
0	1
0	0
0	0
0	0
0	0
0	0
0	0
0	57
745	57
0	0
0	0
0	0
0	34
0	32
0	34
0	5
0	2
1	0
0	1255
14	167
0	111
0	1141
0	1595
6	1633
0	1054
0	1179
0	172
0	145
0	82
3	124
1	88
9	54
5	96
2	121
0	78
1	128
3	248
0	91
0	724
8	114
82	552
0	552
0	275
329	2709
1	2652
1	78
1	164
0	124
0	0
0	3
0	3
0	3
0	0
0	0
0	44
0	1504
1	125
1	0
0	125
0	238
2	235
19	97
0	227
0	162
0	63
0	84
0	28
0	16
0	4
0	109
0	110
0	120
0	103
0	130
0	127
0	104
0	135
0	104
0	159
0	108
0	123
0	120
0	159
0	139
0	128
0	131
0	111
0	104
0	115
0	131
0	136
0	48
0	85
0	70
0	136
0	124
0	127
0	65
0	110
0	103
0	152
3	71
0	82
0	82
0	160
0	121
0	109
0	154
0	111
0	151
0	42
0	103
0	104
0	110
0	99
0	101
0	141
0	57
0	106
0	51
0	48
0	52
0	38
0	98
0	106
0	128
0	119
0	102
0	103
0	98
0	95
0	96
0	105
0	108
0	121
0	59
7	109
0	119
0	14
0	68
0	49
10	48
0	60
1	811
0	1309
1	242
6	245
0	1502
0	1451
2	78
4	1152
0	315
0	322
1	57
2	122
0	142
2	406
0	421
0	20
0	94
0	64
0	422
0	412
0	411
0	213
0	121
0	0
0	0
0	0
0	0
0	0
0	0
0	0
0	0
0	0
0	0
0	0
0	0
0	0
0	0
827	205
0	168
7	135
3	9
4	51
0	293
2	365
0	399
1	133
0	191
0	135
0	116
0	81
0	122
0	18
0	136
0	114
0	23
0	76
24	1402
8	1172
0	1423
0	730
3	161
0	37
0	40
0	24
0	16
0	2
0	5
0	9
0	3
0	9
0	33
6	21
18	381
61	414
0	413
2	128
0	73
3	106
0	0
0	0
0	0
0	0
0	0
0	0
0	0
0	0
0	0
363	1231
0	428
1	1166
3	981
5	506
0	1588
0	1667
0	1692
0	1683
0	1675
0	1524
1	1770
0	627
1	1614
0	131
0	1460
0	1507
0	1564
2	919
0	182
1	3270
0	4811
2	4428
2	2936
0	117
2	591
0	230
8	281
0	175
20	1831
0	67
1	8
2	8
0	8
28	89
0	89
5	9
0	6
1	155
0	166
12	139
0	36
2	44
0	30
0	823
2	808
21	63
0	367
1	312
0	329
0	322
37	352
0	295
0	191
0	311
0	33
0	39
0	69
0	0
0	53
3	144
0	147
2	34
0	31
0	60
0	87
0	47
1	47
3	749
0	815
0	818
2	321
0	231
0	152
5	206
1	103
3	38
0	93
0	190
0	93
0	99
1	82
0	348
0	77
1	351
1	290
2	338
0	303
0	315
0	315
0	7
0	304
0	240
0	235
0	165
0	347
0	337
0	181
0	348
0	349
0	174
0	68
0	57
0	227
0	171
0	337
0	201
0	337
0	337
0	221
2	236
0	269
0	199
0	158
0	62
0	37
20	337
6	330
0	236
1	142
0	119
1	13
2	19
0	32
0	35
1	35
0	28
0	35
0	14
0	6
0	17
1	0
0	10
0	21
0	15
0	11
0	5
2	11
0	8
0	8
0	3
0	5
0	1
0	0
0	0
0	1
1	1408
3	362
0	361
0	779
0	890
7	655
1	658
2	223
0	615
0	598
0	251
0	271
0	285
0	286
0	566
0	581
0	578
0	38
0	180
0	218
0	218
0	166
0	360
0	117
0	50
0	150
2	5
23	114
0	66
2	68
0	42
0	0
0	19
0	5
0	20
0	8
1	15
353	1051
2	118
11	244
0	331
0	534
0	732
0	188
0	944
0	779
4	433
200	929
1	202
0	587
5	345
0	233
23	298
0	242
0	225
2	24
0	15
0	306
1	347
0	347
0	150
0	102
28	1016
32	1007
1	312
0	256
0	230
0	171
4	31
2	105
1	100
1	101
1	98
0	14
0	87
0	0
2	984
0	984
15	895
0	898
16	884
0	529
1	234
0	215
0	483
0	302
0	314
0	237
0	122
1	15
1	38
0	9
0	0
0	0
0	0
0	0
0	0
0	0
0	8
7	10
0	5
1	0
3	4
0	4
1	3
0	3
0	11
6	311
0	316
0	299
0	4
0	300
0	32
1	59
0	110
0	290
0	246
0	121
0	146
8	138
3	69
0	78
17	2
3	84
0	5
0	2
0	4
0	1
2	4
0	2
0	0
0	0
0	0
7	2
0	1
0	0
159	145
1	85
2	72
0	83
350	0
104	749
1	328
0	318
1	438
1	86
10	0
1	67
6	44
6	11
3	32
2	48
0	1022
28	1126
0	1145
2	28
1	1
5	584
1	34
1	551
0	118
1	231
0	63
2	104
5	548
2	89
4	72
16	126
0	946
0	5
1085	667
0	512
2	317
7	291
2	203
2	373
0	379
0	6
1	339
0	116
0	110
0	77
0	28
1	34
4	20
0	19
2	12
0	0
0	0
0	0
0	116
0	32
0	45
0	0
0	0
0	0
0	0
1	0
0	0
0	0
0	0
0	0
0	0
0	0
0	1
0	1216
3	1193
0	330
0	360
0	238
0	196
0	845
1	847
0	439
5	267
2	210
2	128
3	128
2	428
0	321
0	336
1	145
0	299
0	353
0	394
3	106
0	102
4	123
0	2906
1	2863
21	1720
0	1722
0	2758
0	2547
0	2493
0	2386
0	336
4	914
0	263
0	359
0	593
0	236
0	684
8	16
0	726
0	627
0	655
0	111
0	48
0	12
0	43
0	417
17	258
0	449
0	370
3	202
2	168
0	96
0	1
0	0
0	8
0	8
0	126
5	10
2	13
0	107
0	130
0	11
0	93
0	111
0	13
0	64
0	101
0	126
0	98
0	126
0	2
0	8
0	2
1	15
0	4
0	68
1	0
0	71
1	68
1	60
0	5
0	59
0	73
1	55
0	6
0	1
0	1
0	0
0	0
0	0
0	0
0	0
0	0
0	0
677	371
0	88
0	327
0	114
0	59
1	63
0	18
0	18
0	14
0	3
0	0
2	4
0	4
0	0
5	2
0	4
0	124
0	6
0	114
4	12
0	2
0	123
3	120
0	166
0	47
0	107
0	637
0	689
0	92
0	35
0	29
0	648
0	67
0	265
0	103
0	490
1	518
0	43
0	585
0	86
1	607
0	45
0	553
4	632
14	541
0	29
0	9
0	676
0	134
0	25
0	156
0	671
0	140
0	124
0	161
0	214
0	238
0	144
1	63
0	129
0	547
0	92
264	17
0	16
0	13
3	89
57	87
2	50
0	0
0	55
112	55
0	22
0	205
1	182
0	205
0	183
0	205
0	195
1	41
0	105
0	182
73	345
2	77
0	339
0	216
3	70
1	78
0	1
0	5
10	9
0	1
0	3
0	3
0	1
207	176
0	172
1	160
0	116
2	112
0	128
0	115
0	84
0	66
1	60
0	32
0	24
0	1
1	14
0	1
0	10
0	11
0	1
0	12
0	2
0	3
0	2
2	14
0	49
0	90
0	15
0	40
0	98
3	1
0	92
0	56
0	90
0	14
3	55
0	6
2	49
0	96
1	15
0	41
0	96
0	42
0	1
0	41
0	15
0	48
0	21
1	8
0	98
1	8
77	516
1	386
0	392
7	24
1	1
0	33
0	43
0	45
0	24
0	0
0	33
0	36
0	21
0	16
0	1
0	0
0	30
2	0
0	0
0	3
0	1
0	2
0	11
0	2
0	11
0	1
0	23
0	0
0	5
0	25
0	4
0	6
1	16
0	2
0	10
4	28
2	121
5	122
0	19
3	119
0	20
3	24
0	0
0	1
0	1
0	1
0	1
0	1
0	0
0	0
0	0
0	0
0	0
0	0
0	1
0	1
0	1
0	1
0	1
0	0
0	0
0	0
0	0
0	0
0	0
0	0
334	0
0	0
0	0
0	0
0	0
0	0
0	0
0	0
0	0
0	372
1	62
3	30
0	25
2	414
4	70
9	22
0	53
1	145
1	15
0	283
0	274
0	314
1	34
1	41
12	91
0	153
4	16
0	35
0	0
0	2309
0	560
0	184
0	557
0	2043
0	2155
1	2044
0	376
1	1783
39	2250
0	553
0	2285
0	2350
0	373
15	745
0	543
3	693
0	2150
0	2168
0	728
0	784
0	776
0	800
0	1981
0	516
0	2096
1	1880
2	2164
0	1194
0	195
2	0
19	309
0	496
20	863
0	681
0	1369
0	1332
0	1338
0	1290
0	1282
0	600
0	1334
0	1326
0	191
0	55
0	83
0	60
0	53
0	767
0	41
0	52
2	52
0	422
1	61
0	79
8	101
0	401
0	656
6	683
0	159
0	1
2	526
0	98
0	468
0	468
0	469
3	440
0	72
6	20
48	1298
2	1298
6	60
0	23
0	118
39	140
3	27
5	519
0	254
0	160
0	122
0	128
0	0
0	0
0	0
0	0
0	569
7	569
0	107
0	30
0	56
0	53
9	0
9	0
42	705
0	700
1	470
0	38
3	174
2	130
0	12
3	33
1	68
0	20
0	66
0	0
0	0
0	0
0	1
0	0
0	0
0	1
0	0
0	0
0	0
0	0
0	0
0	0
0	0
1092	294
5	294
1	112
5	0
0	72
0	566
0	57
0	283
0	78
0	106
0	16
0	516
0	442
0	122
0	244
0	218
0	274
0	287
0	272
1	149
0	187
0	33
0	59
0	62
0	34
0	197
0	222
0	216
0	199
0	215
0	21
0	197
0	215
1	214
2	141
0	4
0	38
0	203
0	203
0	196
0	39
0	132
0	156
1	149
1	144
0	151
0	137
0	117
0	130
0	141
0	110
0	120
0	44
0	21
0	21
0	47
0	20
0	26
1	29
1	19
0	25
3	28
0	21
0	2
0	9
7	7
6	2
0	2
0	0
0	0
0	0
0	0
29	165
0	8
0	76
0	16
0	12
0	71
0	2
0	71
0	66
0	164
0	76
0	5
0	56
0	3
0	87
0	57
0	76
2	38
1	42
0	38
0	1
0	13
0	12
0	19
0	11
0	2
0	10
0	2
3	32
0	14
0	12
0	3
0	4
0	656
0	606
0	653
0	757
0	597
0	66
0	692
0	585
0	693
0	56
2	70
0	671
0	656
2	757
0	127
0	126
0	115
0	160
0	614
0	684
0	537
0	701
2	677
0	703
0	675
0	631
0	571
0	691
0	609
0	696
0	573
0	615
0	705
0	383
0	605
0	228
0	580
0	556
0	640
0	681
0	178
0	106
0	202
0	93
0	512
0	70
1	10
0	218
0	418
1	44
1	331
0	516
9	433
0	62
5	161
0	172
0	157
1	515
5	1642
2	1591
0	1946
0	29
0	1944
8	153
0	1
1	65
18	1334
3	1332
5	112
0	1429
4	144
3	217
5	301
62	74
0	179
0	0
0	0
0	0
0	0
0	0
0	0
0	0
0	0
0	0
0	0
0	0
0	0
0	0
1	56
241	149
0	57
0	47
0	139
0	3
0	2
0	1
0	1
0	0
0	0
0	0
0	0
80	320
0	293
1	34
0	39
1	128
6	32
0	32
0	32
0	32
0	32
0	27
25	28
0	12
0	8
0	4
0	8
0	6
1	4
0	0
3	0
0	0
0	0
9	459
0	1
0	727
0	17
3	784
0	723
0	557
3	778
0	518
335	807
0	312
3	148
1	230
0	114
0	121
0	114
0	25
0	69
2	3
0	26
2	9
0	2
0	7
0	7
0	25
1	1
0	14
0	6
0	6
0	27
0	6
0	5
0	5
0	5
0	3
0	4
0	3
0	0
0	1
0	1
0	2
0	1
0	2
0	0
0	0
0	0
0	0
0	0
0	0
0	2
0	2
0	2
0	15
0	2
0	2
0	10
1	250
0	0
0	0
16	55
1	175
73	179
0	194
0	215
9	68
6	129
0	86
6	47
0	0
0	0
0	0
0	0
0	0
0	0
27	121
1	121
1	974
3	1012
10	1051
0	1046
2	973
0	1054
0	1043
40	1015
2	1000
0	787
0	1033
21	928
15	404
0	355
0	321
0	225
0	102
0	102
4	372
35	1061
0	177
0	65
0	75
0	62
1	614
2	31
21	70
5	26
5	39
0	46
19	19
3	181
426	1101
0	205
2	949
0	892
0	0
0	0
0	0
0	0
0	0
0	0
41	388
4	143
0	67
2	145
0	102
0	41
1	83
0	44
0	85
2	63
0	42
0	33
0	0
1	36
3	36
0	565
0	563
0	398
0	655
5	505
19	137
19	47
2	19
0	60
0	33
113	243
0	143
1	218
0	191
0	166
0	100
0	141
0	54
0	0
0	0
0	0
0	0
0	0
0	0
0	0
0	0
0	0
3	546
3	80
5	101
91	616
0	200
1	264
0	281
0	177
0	97
0	204
0	54
1	202
4	1
0	42
0	98
0	93
0	36
0	22
0	73
0	76
0	9
0	17
2	8
0	8
0	41
1	172
0	784
0	904
0	893
0	162
0	169
3	218
0	262
20	486
0	898
1	874
0	872
0	893
0	743
0	498
0	463
10	407
2	90
0	21
0	299
0	19
0	28
0	6
0	268
0	39
1	42
7	163
0	67
595	37
1	45
29	251
5	261
0	194
1	171
18	11
49	172
0	156
0	123
0	138
0	121
0	135
0	87
0	27
1	16
1	46
0	39
0	28
1	4
44	1303
0	1020
0	1255
5	454
0	418
7	502
0	199
0	199
0	95
0	34
0	1
2	1
0	2
0	2
8	2
9	1175
0	719
0	388
0	732
0	341
0	535
0	491
0	633
4	670
9	684
0	547
0	235
0	412
2	525
15	681
0	526
0	602
0	634
0	508
0	283
0	298
0	253
0	259
1	250
0	271
0	263
0	278
0	257
0	277
0	24
0	284
0	269
0	155
2	21
0	17
0	54
0	14
0	37
0	32
2	220
0	5
0	5
2	104
0	65
0	93
0	30
0	15
0	108
1	73
0	44
0	38
0	650
0	822
13	480
1	433
0	172
13	482
0	515
0	411
0	508
0	520
1	342
0	374
0	331
0	344
0	223
0	99
0	47
0	18
7	3
0	1
0	4
1	0
0	3
0	4
0	5
1	684
2	691
0	19
3	377
0	39
0	24
1	23
0	30
11	23
3	6
27	1475
0	6382
84	6175
1	6179
16	6144
613	300
1	300
0	66
0	746
0	743
0	173
0	170
221	150
2	126
0	113
2	57
15	16
0	595
0	597
2	611
0	593
0	419
4	315
0	346
0	368
0	74
1	30
1	81
0	272
0	26
0	187
0	167
0	134
0	83
0	94
1	87
0	62
19	2029
0	1823
4	1805
0	1822
0	1367
4	1079
0	303
0	0
1	406
0	234
0	264
1	135
0	3
1	88
0	85
427	281
2	122
2	281
7	788
0	7
8	788
0	0
1	0
0	137
0	231
0	585
0	498
0	540
0	539
1	469
0	300
0	125
0	133
2	167
0	163
0	192
0	171
2	142
0	144
0	104
0	59
0	101
1	1
0	5
4	826
4	982
0	1013
0	986
0	925
1	992
0	992
0	935
0	912
0	976
1	936
0	975
0	969
1	853
0	906
0	907
0	41
0	771
0	331
2	756
0	71
0	117
0	506
0	295
1	190
6	130
0	0
0	0
0	1
0	0
0	38
0	40
0	43
0	34
0	8
0	17
2	11
0	0
0	217
5	78
0	291
5	111
14	68
0	217
0	100
0	62
0	92
9	102
10	129
0	74
0	518
5	7
0	532
4	3
0	78
82	686
0	778
0	276
0	141
0	574
3	3715
0	3735
3	81
0	385
0	720
1	423
0	3758
0	3589
1	3719
0	399
0	25
3	1115
0	285
8	96
5	1731
0	473
10	1277
2	914
0	391
2	367
447	29
0	29
9	762
55	922
15	41
4	33
12	879
0	1154
0	1138
0	1143
12	1135
1	787
1	582
3	128
0	42
0	74
2	32
0	60
0	41
0	47
0	26
5	36
0	23
0	303
3	296
0	295
2	300
0	300
0	303
0	298
0	295
2	23
0	78
186	1550
29	1521
14	146
11	828
1	32
1	793
0	90
0	20
1	113
145	113
0	0
0	0
0	12
26	71
72	251
0	78
55	227
3	125
0	122
0	82
0	86
0	50
0	70
0	6
0	10
5	27
4	4
0	14
2	3
0	22
11	39
0	8
0	8
0	2
10	1
1	5
3	127
0	1
0	6
0	6
0	118
0	6
0	0
0	4
0	58
0	57
0	121
0	6
0	42
0	55
0	6
0	6
3	0
0	6
0	122
0	33
0	8
0	11
0	6
0	28
0	6
0	27
0	30
0	4
0	13
0	28
0	6
0	19
0	28
0	18
0	30
0	25
0	25
0	30
0	14
0	2
0	74
0	1
0	66
0	5
0	54
0	72
0	59
0	12
0	47
1	0
2	1
0	8
3	216
0	112
18	746
0	222
0	62
0	263
0	747
0	275
0	91
148	315
0	293
0	264
3	241
0	242
0	0
0	110
0	0
228	0
0	2
1	2
0	1
0	0
0	0
0	1
0	0
1	14
0	915
2	830
0	892
0	893
0	866
0	870
0	851
51	928
0	812
0	365
0	876
0	912
2	857
0	523
0	879
0	819
1	880
1	120
0	61
0	67
5	151
0	110
1	371
1	14
0	1022
0	1024
0	1027
2	666
0	32
0	39
9	65
2	17
2	45
1	6
5	108
0	11
2	31
1	95
0	17
0	13
0	7080
0	7126
222	7041
0	6960
0	694
2	1128
0	345
0	8
0	346
0	201
0	460
0	459
0	542
0	210
20	73
0	0
2	73
0	38
0	29
0	4
0	9
0	7
0	1253
0	657
8	513
0	496
5	169
0	0
0	0
0	0
0	0
3	1414
0	586
0	1391
0	1385
4	1390
0	1534
0	1234
0	564
6	869
0	681
1	805
0	662
0	1355
0	438
1	105
1	1343
0	838
4	790
0	829
1	249
1	5
130	202
2	113
0	1
1	199
0	0
0	0
0	0
0	0
0	0
0	0
0	0
0	0
15	83
0	69
0	2
0	75
0	35
0	1
0	37
0	40
0	37
0	76
0	71
0	38
0	71
0	37
1	2
1	77
0	76
4	72
45	249
15	397
0	1337
30	1591
2	8
0	534
5	1309
0	0
0	0
0	0
0	0
0	0
0	0
0	0
0	1
0	0
0	0
1	666
51	564
0	522
4	537
0	35
0	479
0	490
0	490
0	12
0	41
0	27
0	21
0	9
0	838
0	317
0	382
7	841
0	124
0	356
0	354
1	431
0	58
18	927
0	41
0	28
0	946
0	41
0	39
0	646
0	39
1	0
0	60
0	818
3	872
0	40
0	49
5	50
0	81
1	21
2	76
0	101
6	125
2	50
3	47
1	49
1	53
0	111
0	56
1	359
0	183
0	129
0	81
0	67
0	28
1	2
0	1
0	2
0	2
1	2
0	1
990	140
1	71
0	51
1	18
0	33
0	33
0	34
0	33
0	33
0	33
0	0
0	1
0	38
0	38
0	35
0	39
0	2
0	38
0	34
0	33
0	33
0	7
0	5
0	2
0	7
0	4
0	9
0	7
1	1
0	1
0	1
0	0
0	0
0	0
0	0
10	1
0	1
0	0
35	0
11	750
37	4327
0	6123
4	6115
26	3007
464	7189
43	7160
1	5708
5	1883
21	5018
0	4
0	11
0	1
0	0
0	1
0	11
4	11
0	0
0	1
0	3
0	6
2	10
0	3
2	9
0	2
0	93
0	94
0	78
0	96
0	18
0	74
0	31
1	13
4	103
1	158
16	1112
4	1079
8	835
0	281
2	270
11	139
3	53
0	217
0	118
1	434
2	132
489	414
0	180
3	40
2	0
0	0
0	0
0	0
5	0
1	1372
0	3960
0	782
1	990
5	751
3	3910
0	479
8	834
0	193
3	451
10	822
3	276
0	414
0	2801
1	70
0	74
0	54
4	110
0	2256
0	2262
14	159
2	1171
0	2308
1	2334
3	1130
0	2742
9	2042
44	102
0	1102
0	2724
0	109
0	1923
0	1186
0	158
0	1430
2	1597
2	115
3	1332
13	324
11	474
1	160
0	96
0	250
4	200
0	202
0	68
0	64
2	0
0	0
15	0
3	3
0	2
0	3
45	317
0	272
3	27
3	89
0	6
0	4
0	36
0	2
0	0
0	2
0	0
0	25
0	29
0	29
0	25
0	28
0	28
0	28
0	29
0	4
0	5
0	5
0	3
0	0
0	1
0	1
0	0
0	514
2	226
2	217
4	591
0	611
0	593
18	38
0	364
0	254
23	533
0	42
0	59
29	1258
0	1296
0	848
0	871
2	909
3	803
4	199
4	42
0	72
0	116
5	435
0	172
1	46
1	39
0	148
0	62
1	105
0	14
0	953
9	953
0	673
0	542
0	149
1	258
2	672
0	237
9	447
0	676
0	178
0	492
0	224
0	119
0	546
0	680
3	159
1	172
169	1015
0	584
0	898
0	663
0	881
0	389
0	461
0	587
0	15
0	325
0	164
0	587
0	451
3	18
0	572
0	468
0	483
0	545
2	444
1	485
0	487
0	488
0	586
0	108
0	144
0	569
0	209
0	474
0	448
0	36
8	174
0	11701
0	11152
0	11664
0	11664
0	10379
106	10272
0	11051
0	11666
0	11666
0	11666
32	10369
0	10599
0	9441
27	10373
1	11232
0	11205
0	11023
0	10383
0	11668
1	11666
0	11664
11	3188
0	2936
0	3024
1	44
2	303
0	301
0	145
0	138
0	27
0	269
0	27
0	2
0	37
0	31
0	270
0	39
1	57
0	172
18	174
0	40
1	29
0	5
1	28
0	1
0	29
1	131
5	767
0	767
2	352
0	152
0	16
0	28
0	231
2	65
1	58
1	53
0	0
0	0
0	0
7	277
0	267
0	267
0	267
0	267
0	250
15	35
0	35
0	23
0	267
0	240
4	251
0	837
0	908
0	836
16	27
0	790
2	772
11	47
0	95
0	294
0	165
0	245
0	262
3	862
50	155
1	293
5	258
33	73
207	535
0	467
0	511
1	40
1	64
0	215
6	361
2	6
3	362
1	9
0	0
0	0
0	0
4	216
0	234
0	231
8	240
25	170
0	112
12	1335
21	687
2	366
0	334
12	370
0	995
0	377
1	16
64	195
0	360
0	232
10	211
0	952
0	756
0	1174
0	544
2	383
0	261
1	1206
0	1176
0	551
124	307
0	594
1	1209
0	332
11	525
0	1145
2	530
0	593
3	299
1	544
13	568
0	277
5	45
0	45
0	2
0	2
0	4
1	38
0	34
10	34
0	3
0	25
0	8
0	21
0	6
0	0
18	207
0	281
0	361
0	335
0	396
0	326
0	404
1	361
0	315
4	192
21	157
0	268
244	252
1	99
0	292
172	294
0	192
0	0
0	0
0	0
0	0
0	0
0	0
0	0
0	0
0	0
0	0
0	0
0	0
0	0
0	0
0	0
0	0
0	0
0	0
0	0
0	747
1	213
7	373
0	130
1	620
10	238
0	530
0	747
0	350
0	482
0	518
3	79
1	438
0	500
0	525
0	261
0	504
3	56
1	550
0	1
1	88
1	181
1	13
0	243
0	1
0	1
0	0
0	0
0	0
1	1
0	934
0	964
0	932
0	942
0	902
0	887
4	617
0	846
0	154
0	919
0	127
0	33
0	114
0	103
0	141
0	122
0	3
0	0
0	295
0	0
0	0
0	0
0	589
0	197
1	589
0	515
30	235
0	112
0	214
6	74
3	43
10	249
4	73
0	160
0	108
0	117
0	73
0	0
0	0
103	174
2	86
0	75
0	140
4	39
0	105
2	20
0	435
0	99
0	38
0	77
2	15
0	14
0	32
3	325
0	0
0	0
0	0
1	0
0	0
0	0
0	0
0	0
13	6
6	0
0	798
0	752
0	830
6	795
0	226
0	276
0	50
0	248
0	225
5	129
2	136
2	65
0	95
0	2
0	2
0	2
0	6
0	0
0	0
0	0
0	0
0	3
0	2
0	4
0	0
1	1
1	2
0	0
0	0
0	228
0	439
0	428
0	338
0	94
0	923
4	131
1	38
0	679
0	934
0	4
0	69
7	105
0	929
0	692
0	903
0	97
0	125
0	114
0	121
0	78
0	235
32	671
0	948
0	881
0	906
0	895
0	961
6	253
65	363
1	360
2	23
0	26
2	25
0	7
0	0
0	0
0	13
0	11
0	14
0	5
0	15
0	7
0	12
18	17
0	5
0	147
0	720
0	744
1	203
0	119
0	139
2	47
5	21
87	54
152	54
1727	2377
0	938
1	185
7	998
0	817
0	1537
6	467
0	145
0	97
9	1053
0	591
0	428
0	495
0	552
0	524
0	123
0	75
0	811
0	672
2	546
0	669
0	400
0	914
0	495
0	899
0	851
0	946
1	826
0	453
1	400
0	59
3	67
0	254
0	384
0	209
0	475
0	774
0	21
0	23
0	23
0	22
1	23
1	21
0	23
0	22
0	22
0	22
0	22
0	21
0	17
0	11
0	12
0	7
0	10
0	9
0	9
0	2
0	2
0	0
0	0
9	0
0	0
0	0
0	3025
0	3155
1	3026
0	2813
0	2938
15	1989
0	2006
0	788
3	526
82	1123
0	941
0	266
5	288
0	240
0	256
1	156
9	253
1	287
0	262
0	25
0	27
6	0
0	0
0	0
0	0
0	2416
0	2416
0	2416
0	2269
0	2200
0	2257
0	2077
0	2319
0	2331
0	2332
0	2403
0	2270
13	1391
0	2416
3	2301
0	2261
0	2331
0	2055
3	2046
2	1902
0	2332
2	2142
0	2319
2	2103
0	0
0	0
0	0
0	0
0	0
0	1381
0	3275
0	3162
0	2870
1	248
20	71
0	382
1	148
18	491
0	262
2	358
0	183
2	2908
0	3273
0	104
0	104
0	104
0	104
0	104
0	104
0	0
0	104
0	104
0	104
0	104
0	0
0	28
0	28
0	28
0	0
0	0
0	0
0	0
0	0
0	0
0	0
0	0
0	0
0	0
0	0
0	0
0	0
0	0
0	82
1	84
1	54
0	4
0	6
0	8
0	4
0	0
0	2
0	0
0	0
0	0
0	0
0	144
0	128
4	125
0	128
0	128
0	128
0	115
0	104
0	50
0	50
1	48
0	37
0	41
0	38
0	40
0	44
0	12
0	14
0	0
0	6
0	6
0	6
1	7
1	0
0	342
0	492
0	492
0	478
0	486
0	512
0	529
13	523
0	306
0	491
0	478
0	28
2	191
0	195
12	187
5	107
0	63
0	51
0	51
0	44
0	18
1	14
0	15
0	75
0	60
1	76
1	81
0	52
2	41
0	21
0	21
0	132
159	561
1	303
5	338
5	593
0	170
0	192
0	237
0	190
0	51
40	29
10	0
3	5
1	35
1	796
0	376
0	794
0	158
0	273
2	53
0	1164
0	1067
4	992
4	7
0	8
1	223
0	12
0	446
0	235
1	235
0	238
0	268
1	35
0	0
0	687
3	112
287	1296
0	1287
5	115
1	89
0	150
1	139
0	102
1	48
0	42
1	6
1	140
0	39
0	1
3	26
8	16477
1	12290
23	15758
0	15294
1	15819
0	16006
4	15673
0	15672
4	15722
14	14371
0	15449
1	15325
0	15640
0	14520
0	12937
0	14579
0	14849
1	13898
0	13903
3	13454
10	12119
0	2385
0	4938
3	495
427	910
0	811
0	53
0	147
0	436
0	76
3	54
0	339
0	35
0	55
5	16
3	42
0	939
15	502
2	718
39	718
0	202
2	207
2	0
0	0
0	0
0	0
0	0
0	0
0	0
0	0
0	0
0	0
0	0
0	0
0	0
0	0
0	0
0	0
0	0
0	0
0	0
0	0
0	0
0	0
0	0
0	50
0	50
0	50
0	50
0	51
0	37
0	25
0	7
0	0
0	0
3	1167
0	1169
0	1167
3	438
0	1134
3	1189
0	1157
1	1085
0	1166
0	1166
0	1144
0	451
0	368
0	186
0	115
0	29
0	6
0	0
0	0
0	0
0	0
0	0
0	0
0	0
2	1182
0	1155
0	1146
0	1040
0	83
4	69
0	408
1	248
0	423
12	311
0	315
0	155
8	132
0	134
8	157
4	26
0	1145
4	121
1	120
0	7
2	27
83	108
0	81
0	19
1	16
0	17
0	19
0	17
0	15
0	13
0	15
75	0
0	10499
0	15397
0	8352
0	14710
1	14664
0	14944
0	15364
1	15085
0	15074
0	8805
0	13670
0	8416
0	13015
2	13741
1	15138
0	14346
0	9074
0	10163
0	3564
0	1798
0	105
0	31
2	234
1	31
2	0
0	18
0	11
0	72
0	10
0	67
0	208
1	67
0	162
0	42
0	202
1	42
0	21
0	69
0	9
0	7
0	2
0	0
0	7
0	0
0	1
0	9
0	0
0	0
0	122
0	82
2	1270
0	2135
0	149
2	2135
0	2136
0	23
41	2144
0	123
0	165
0	723
1	127
0	1041
0	146
12	2145
0	170
0	113
0	143
0	0
0	2128
0	165
0	209
0	113
0	333
0	902
0	268
0	146
0	395
0	165
0	1806
2	562
0	375
1	562
0	947
0	217
0	949
0	253
0	300
0	28
0	198
0	393
0	1805
0	142
0	237
0	197
2	164
4	171
0	0
0	0
1	0
0	2
0	2
0	1269
7	901
0	257
22	240
2	141
0	90
0	0
0	0
0	1225
0	8
0	7
0	8
0	3
0	0
0	0
0	0
0	0
0	0
0	0
0	1
0	1
0	0
0	0
1	0
0	8
0	8
0	2
0	363
0	361
0	356
0	27
0	366
0	359
0	361
0	71
0	116
0	345
0	358
0	345
0	2
0	58
0	4
0	280
2	11
0	260
0	265
0	264
0	60
0	243
0	37
0	28
0	68
0	20
0	2
0	5
0	192
0	11
0	198
0	11
0	12
3	21
0	9
0	5
0	82
2	137
0	126
0	133
0	129
0	135
0	23
0	129
0	117
0	127
0	129
0	118
0	32
0	104
0	22
0	93
0	75
0	77
376	104
0	87
1	52
42	42
2	429
12	440
2	77
0	89
2	0
0	13
4	295
4	296
67	298
0	2
1	208
0	11
0	71
2	44
0	196
0	0
0	0
0	8
0	20
0	19
0	20
0	5
0	2
1	5
0	2
0	0
0	17
0	157
0	551
0	794
0	551
6	551
0	700
1	808
0	855
0	915
2	645
0	1112
0	1122
0	807
0	763
0	1097
0	1123
0	699
4	303
0	785
0	694
0	760
0	728
0	598
0	16
0	688
0	522
0	717
0	1061
0	676
0	668
0	592
1	295
2	551
2	556
0	556
0	449
0	866
0	402
0	552
0	555
0	816
0	709
0	870
0	555
0	277
0	237
0	0
0	0
0	0
0	32
0	32
0	3
0	7
0	1
0	4
0	3
0	0
0	0
0	32
0	8
0	32
0	35
50	166
0	117
4	60
0	57
0	162
0	59
2	17
78	0
0	0
0	0
0	0
0	0
77	144
0	144
0	130
0	66
0	180
0	68
0	178
1	35
45	74
22	21
0	40
64	936
24	410
6	836
0	78
1	48
0	119
0	34
11	2171
3	2171
1	1851
0	1969
0	2049
0	2031
0	869
2	900
0	1086
0	73
0	948
2	465
0	291
35	27
0	25
1	21
3	6
1	44
0	49
0	343
0	45
0	92
0	670
0	456
0	69
0	74
0	658
0	160
0	71
0	658
0	519
0	0
0	0
0	0
0	0
0	0
0	0
0	0
0	0
0	0
0	0
0	0
0	0
0	0
0	0
0	9
0	9
0	9
0	9
0	6
0	8
0	1
0	148
0	137
0	111
0	13
0	15
3	148
0	1669
3	1027
0	1679
8	24
1	28
7	1077
0	139
0	112
0	57
6	169
0	69
7	3
0	237
0	64
0	81
0	77
0	44
0	1643
0	4
0	5
0	59
0	48
0	119
0	254
0	27
0	72
1	79
15	228
0	252
0	71
1	213
0	140
0	50
1	65
3	75
7	10
0	39
0	24
1	26
0	20
0	18
2	6
2	6
0	293
0	145
205	145
3	131
0	116
0	0
0	0
0	0
0	0
0	0
0	0
0	1
0	0
0	1
0	0
0	0
0	0
1	474
0	595
0	432
4	474
0	471
34	502
0	528
0	456
0	538
0	456
0	495
0	470
0	556
0	570
1	478
0	462
0	560
0	472
26	333
0	421
0	405
2	499
0	487
0	450
0	536
0	514
0	515
0	397
0	393
8	197
0	247
0	83
0	96
0	75
5	109
0	66
9	143
0	145
0	56
0	127
0	10
0	10
0	21
0	9
0	8
0	1
1	0
1	2
0	1
0	1
0	1
1	1
0	1
0	0
0	0
0	0
0	7
0	2
0	0
2	6
0	0
0	0
0	0
0	0
0	0
0	0
0	0
0	0
0	0
0	167
0	569
42	686
0	1078
0	613
0	655
0	180
0	250
0	209
0	157
3	1020
1	292
0	1078
27	695
0	134
0	109
0	24
0	77
3	364
0	374
1	374
0	368
0	367
0	367
0	358
0	360
1	367
0	31
0	11
0	377
6	310
0	25
0	218
0	149
0	47
0	364
1	241
2	357
6	44
4	23
11	65
0	112
0	111
0	70
0	24
3	7
1	50
0	1
0	1
0	1
0	260
0	259
0	258
45	268
0	34
2	51
0	29
1	37
7	10
1	9
0	14
1	14
3	8
0	44
1	47
1	41
0	18
0	11
0	34
14	28
0	32
7	35
0	36
1	15
0	20
0	8
0	7
0	15
0	0
0	0
0	0
0	0
0	0
3	193
0	3
0	170
0	206
0	31
0	121
0	95
0	76
0	45
76	94
1	71
0	79
0	54
0	31
4	50
2	60
1	24
0	0
0	178
0	213
1	55
0	188
0	50
0	23
3	21
2	13
0	25
0	54
2	63
0	70
1	39
0	2
1	208
278	119
1	60
0	47
0	36
0	471
0	0
212	24
0	0
0	0
0	0
1	0
0	0
0	0
0	0
0	1053
0	871
11	936
1	934
0	934
0	932
1	468
3	227
0	409
0	0
0	0
0	0
0	0
0	0
0	14771
0	0
0	0
0	0
0	0
0	0
0	0
0	0
0	0
0	5
0	5
0	5
0	3
0	3
0	3
0	3
0	3
0	3
0	2
0	1
0	1
0	0
0	0
0	0
0	0
0	0
1	1349
16	1325
0	1325
1	441
0	67
4	48
5	948
33	959
0	941
0	587
0	544
0	419
0	107
0	79
0	85
0	53
0	70
0	70
0	4
0	4
0	4
0	10
7	2280
0	2175
0	2356
3	2314
0	2190
0	969
0	1652
0	1716
0	1852
0	2383
0	2238
0	2132
0	2313
0	2311
0	2408
0	2255
0	2367
0	2044
0	2297
23	2105
0	2466
0	2279
3	396
0	1358
0	2305
1	2397
0	267
1	1476
0	271
0	2
5	120
0	760
0	146
0	195
6	86
0	11
2	264
2	134
1	134
0	13
0	39
0	39
0	7
0	5
0	1
0	229
0	229
0	0
0	0
0	0
0	0
0	0
0	0
0	37
0	9
0	69
1	192
1	273
0	161
0	44
4	309
1	9
0	16
0	191
0	153
0	192
4	85
1	50
0	37
2	0
0	1
0	1
0	0
8	0
0	296
0	0
0	0
0	0
0	0
0	0
0	0
0	0
0	0
0	0
0	0
0	0
0	0
0	0
0	0
0	0
0	0
0	21
1	15
10	23
0	17
2	4
7	17
0	9
0	10
0	9
0	8
5	0
10	60
0	17
0	58
0	10
1	0
0	8
0	10
0	38
0	4
0	0
0	0
0	0
0	0
1	2098
0	2448
0	2444
3	1960
0	2454
0	1307
5	1702
0	1744
8	1371
0	194
1	251
0	266
0	207
0	58
0	157
3	134
0	194
0	86
0	160
0	387
1	289
0	174
0	97
0	40
2	6
0	0
0	27
0	9
19	40
0	27
0	18
0	11
0	25
0	1
0	1
0	1
0	1
0	3
32	5
0	2
0	2
0	1
0	0
0	2
0	2
0	0
0	0
0	0
0	1
0	2
0	0
0	0
7	1245
0	2283
0	2179
10	2015
0	577
0	436
5	47
2	335
0	61
4	2
2	58
1	323
0	75
0	76
0	95
0	56
0	2275
94	671
1	652
1	86
1	146
0	95
0	103
0	0
0	605
0	91
0	162
0	153
39	98
0	23
0	145
1	83
0	116
0	69
11	17
0	37
152	352
5	344
3	17
0	44
1	157
0	157
357	337
0	91
0	318
0	234
3	27
0	40
1	56
2	38
0	59
0	0
324	444
0	4
9	30
0	410
0	19
0	0
0	0
0	0
0	0
0	0
154	72
0	19
0	7
0	37
0	35
0	28
0	24
0	33
0	11
0	4
0	35
1	8
1	0
0	3
0	2
0	2
0	7
0	0
0	598
0	0
0	9
0	5
0	5
0	12
0	32
0	14
0	21
0	0
0	0
0	6
0	598
7	2175
0	2019
0	545
2	433
0	710
2	546
1	31
31	337
0	495
8	243
4	306
1	364
0	368
0	340
0	245
1	310
0	359
1	218
0	310
0	339
0	324
0	331
0	343
0	372
0	351
0	348
0	356
0	371
0	358
1	276
0	334
0	365
0	358
0	342
0	344
0	318
0	327
0	341
0	355
0	366
0	286
0	339
1	313
0	133
0	221
0	336
0	216
0	286
0	151
0	191
0	99
3	68
0	96
0	43
0	5
0	199
0	210
1	38
0	16
3	137
0	541
0	838
0	103
0	92
5	910
0	2192
0	134
0	103
0	67
1	1289
1	686
2	31
0	129
0	134
0	129
0	89
0	390
0	93
0	55
0	8
0	1171
0	14
0	78
0	2220
0	1
0	1
0	1
0	128
49	29
0	5
0	16
0	65
0	6
0	6
0	3
1	6
0	7
0	6
0	1
0	3
0	1
1	1
0	2
0	65
0	66
0	65
11	302
0	3
4	298
8	249
1	97
0	92
1	65
1	29
0	43
0	9
2	14
33	585
1	86
3	550
0	94
1	74
0	25
3	96
7	71
1	185
25	200
0	30
0	34
14	46
0	30
0	31
0	32
0	30
0	29
0	14
0	9
0	21
0	13
0	9
0	20
0	18
0	3
0	14
0	14
0	12
0	13
0	4
176	341
0	329
3	118
0	104
0	69
1	135
0	16
1	112
9	0
0	580
0	760
0	1407
0	1902
0	1880
0	1746
0	1937
0	1315
2	1868
1	249
7	247
0	1518
0	1876
0	564
0	1921
0	1902
0	1928
0	1282
1	1427
0	197
2	411
0	194
0	0
0	0
0	0
0	0
0	0
0	0
0	0
0	0
0	0
0	0
0	0
0	0
0	0
0	0
0	0
0	0
0	0
0	0
0	0
0	0
0	0
0	0
0	0
0	0
0	0
0	0
0	0
0	0
0	0
0	0
0	0
0	0
0	0
0	0
0	0
0	0
0	0
0	0
0	0
0	0
0	0
0	0
0	0
0	0
0	0
0	0
0	0
0	0
0	0
0	0
0	0
0	0
0	0
0	0
0	0
0	0
0	0
0	961
0	980
0	559
0	316
0	320
0	424
2	442
0	429
0	430
1	230
0	230
0	276
0	225
0	80
0	85
0	38
0	106
0	33
0	12
5	42
5	4
0	1
0	2
0	2
5	6
0	1209
6	1191
0	1206
0	1159
0	1200
0	1170
0	1170
1	1177
2	1069
0	1231
0	1196
0	1117
0	413
1	520
0	592
0	1182
0	1186
0	1156
0	1133
0	1156
0	1180
0	1173
0	1173
1	105
0	893
0	805
0	757
0	225
0	173
0	216
0	67
0	806
0	805
0	771
2	170
0	278
0	133
1	746
0	180
0	184
0	403
0	703
0	223
1	55
9	499
0	196
2	527
0	216
0	251
0	104
0	141
0	20
0	144
0	108
1	52
1	89
2	17
172	441
0	156
0	78
0	12
2	426
0	13
0	136
0	123
0	65
21	167
0	151
1	146
0	161
19	159
0	21
1	8
1	0
4	7
0	86
2	87
86	986
0	310
0	165
0	927
0	211
0	3
5	3
0	14
4	59
0	111
86	155
0	126
0	42
0	125
0	35
0	160
0	60
0	158
0	158
0	158
0	158
0	160
311	720
1	639
4	86
1	151
0	62
0	67
0	0
0	8
0	0
0	8
1	2
0	6
0	2
7	853
191	853
0	19
2	388
0	34
0	388
0	18
0	389
0	0
0	0
0	0
0	0
0	0
0	0
0	0
0	0
0	0
0	0
0	6
0	6
0	7
0	15
0	0
0	0
0	8
0	2
0	1
0	6
0	11
0	19
8	1
0	1
2	3675
7	0
6	3677
3	493
0	3677
1	266
2	373
0	3676
16	1486
1	577
1	3478
6	201
2	204
0	733
2	10
14	4
3	0
0	7595
0	7205
0	7757
0	8311
0	6975
0	7946
0	2818
0	6566
9	1109
0	3068
13	447
0	6360
1	713
0	6716
0	6302
0	6220
14	2903
0	5145
0	1036
49	5244
15	506
67	2016
0	3713
1	336
201	2618
0	2008
0	1234
0	1206
0	961
9	1333
0	0
0	0
1	2
0	7
0	5
0	1
0	5
0	6
0	5
0	0
0	0
0	1
0	0
0	0
0	5
0	7
0	32
0	0
0	0
0	13
0	0
0	0
0	7
3	0
3	32
0	6
0	20
0	18
0	16
0	10
0	21
0	2
0	6
1	3
0	0
1	0
0	30
0	29
0	31
0	40
0	37
0	221
11	168
1	117
0	388
1	20
5	11
7	33
0	364
0	39
0	72
3	30
21	139
0	51
5	90
0	23
0	206
0	183
41	137
0	186
0	186
0	186
0	40
435	4610
2	4434
0	1034
0	702
0	1096
1	905
0	871
0	613
0	39
1	133
0	107
0	103
0	46
0	30
4	5
0	1097
0	0
0	0
0	0
0	0
0	0
0	0
6	145
0	79
0	23
0	1
0	145
0	34
0	182
1	13
0	65
7	13
0	170
0	8
0	83
0	54
0	20
7	106
0	119
0	10
0	8
0	6
0	5
0	168
0	183
0	566
0	242
2	557
0	360
0	454
0	559
0	487
1	385
0	528
0	130
8	155
0	19
0	7
0	35
0	148
0	20
0	15
7	157
0	3
0	11
0	13
0	14
0	113
1	86
0	20
2	62
0	17
1	63
0	44
0	63
0	1
0	84
0	84
20	57
0	19
0	69
2	62
0	2
0	7
1	5
0	3
0	0
4	44
0	12
0	19
1	19
0	18
0	34
0	291
0	3
0	2
0	17
0	30
0	2
0	314
0	931
0	845
0	35
0	18
1	19
0	503
0	57
0	19
0	30
0	951
0	0
0	0
0	0
0	0
0	0
0	0
4	336
2	311
1	152
0	351
0	139
10	67
0	282
0	21
3	106
0	105
0	158
0	86
0	63
5	288
0	283
0	305
0	272
4	82
2	17
2	50
5	122
29	961
310	958
50	1162
4	1119
226	1122
0	489
0	510
0	530
0	52
1	505
0	167
0	208
0	132
0	89
0	71
0	29
1	22
0	0
0	643
0	651
1	640
0	649
1	73
0	481
0	53
0	16
0	24
0	47
0	9
0	23
0	668
471	441
0	159
33	429
2	73
1	0
0	171
0	3
2	2
0	4
0	4
1	2
0	0
131	4703
3	1834
0	4716
0	281
0	3012
2	110
0	334
1	250
7	301
8	97
21	540
1	9
0	10
3	483
0	533
0	0
6	550
0	60
0	40
5	9
11	543
0	404
6	55
0	71
1	5
0	13
0	14
0	3
0	3
0	2
0	0
0	0
0	0
0	1
0	0
0	0
0	13
1	133
0	383
4	480
1	214
0	488
0	85
11	71
0	22
0	76
0	93
0	3
1	3
0	133
2	163
154	586
0	583
0	24
0	92
0	34
0	29
0	53
0	63
0	66
0	24
0	4
0	28
0	69
0	28
0	54
0	13
1	31
1	13
0	70
0	3
12	3
30	167
1	14
1	15
1	127
0	32
0	50
3	17
0	28
4	15
0	11
0	16
0	14
0	19
2	18
6	50
0	28
0	49
0	22
0	6
0	5
0	5
0	9
0	21
0	17
0	13
0	13
1	1
0	12
1	16
0	15
0	48
1	0
0	0
0	22
0	2
0	6
0	4
0	29
0	35
0	23
0	18
0	11
0	2
0	27
0	32
1	25
0	25
0	25
0	30
0	32
0	32
0	27
0	30
0	26
0	33
0	25
0	17
1	18
0	6
0	5
0	4
0	0
0	1891
7	1868
60	1868
0	1920
0	1864
0	1819
3	1453
5	412
0	7
0	6
0	7
0	2
0	7
0	1
0	0
0	2
0	0
0	0
0	8
0	64
0	61
0	58
0	64
0	64
3	4
0	4
0	28
0	8
1	36
1	111
1	116
0	120
0	36
1	55
2	34
0	8
0	3
0	8
0	24
0	29
2	0
0	13
0	24
0	17
0	15
0	10
0	15
0	0
0	115
0	70
0	62
0	67
0	14
8	0
1	415
0	934
0	338
1	25
2	348
5	934
0	21
0	26
0	23
1	18
0	12
1	8
9	165
0	165
0	384
0	114
0	202
2	433
0	56
15	121
0	118
0	404
0	0
0	80
0	121
0	113
0	98
4	28
0	96
0	47
0	1196
6	1691
0	1955
0	1696
0	1103
0	374
0	171
2	48
2	50
0	38
0	2192
0	303
1	303
0	141
0	51
0	31
0	17
0	0
0	0
1	0
0	0
1278	0
0	106
0	24
0	148
7	584
0	128
1	165
1	164
5	1209
570	1839
67	1270
47	94
9	237
8	210
79	2389
4	2255
0	1580
1	555
0	2123
1	863
2	418
0	561
1	407
5	48
0	42
2	37
2	6
0	25
0	7
0	5
1	6
0	3
0	3
1	45
0	9
0	1
1	3
0	45
0	2
2	2
1	9
4	107
0	544
0	531
0	548
3	64
0	30
1	61
0	43
0	18
0	18
0	548
1040	138
12	138
0	50
0	75
0	75
0	73
26	96
1	74
1	25
0	16
0	12
0	9
0	4
0	4
0	9
0	2
0	75
0	0
0	0
0	0
0	0
0	0
287	270
1	75
0	7
0	8
0	7
0	48
0	0
0	10
1	52
0	3
0	37
0	16
31	28
117	0
316	132
0	30
1	19
0	102
1	25
0	53
2	53
0	0
0	0
0	0
0	0
0	0
0	0
0	0
0	0
0	0
0	0
0	72
0	127
0	63
0	40
0	111
4	39
0	9
0	36
0	45
0	49
0	32
7	31
0	191
0	279
52	378
0	95
0	136
1	325
3	9
0	41
0	9
1	57
1	89
1	249
6	132
3	109
8	1203
1	854
3	212
0	739
3	23
1	454
1	121
4	439
3	69
0	57
0	87
0	78
3	61
0	12
0	1202
0	1213
0	0
0	1
0	0
0	0
0	1
0	0
1	0
0	0
0	444
0	301
0	297
0	305
2	440
0	295
0	261
1	18
0	10
3	17
0	12
0	185
0	72
0	62
0	22
0	4
0	253
0	243
1	153
18	266
0	86
0	243
0	29
0	243
0	243
0	80
0	58
1	106
1	1004
1	71
6	194
0	67
0	65
0	799
0	1233
0	75
1	117
0	1273
0	59
1	435
0	79
0	1223
0	839
0	278
1	204
0	193
0	111
0	172
3	14
0	154
0	176
0	159
1	141
0	2
0	109
0	1255
0	12
0	12
0	0
0	233
0	127
1	226
1	109
0	226
59	164
0	5
1	229
0	16
1	4
0	1471
0	84
0	40
0	1407
0	1
0	29
0	17
0	7
0	10
22	34
0	60
0	65
0	78
0	1416
0	1492
0	521
0	1387
0	12
1	1377
1	0
0	153
1	67
0	651
2	19
0	9
0	17
0	21
0	33
0	106
0	1298
0	1319
0	1321
0	0
0	0
0	1319
0	1319
0	1296
0	1286
1	75
1	62
10	907
0	66
0	60
0	76
0	374
0	0
0	202
2	357
0	31
9	0
27	119
0	518
0	418
0	536
0	444
88	445
16	491
4	35
2	289
0	124
1	265
1	19
0	411
0	332
0	0
1	433
2	443
2	103
0	63
24	153
0	433
9	160
0	71
10	37
17	186
0	32
0	2
0	27
0	0
0	0
0	1
0	0
0	1
0	31
1	0
0	0
0	2
0	15
1	15
2	2
0	2
0	6
0	3
0	32
4	0
3405	141
1	140
0	2
0	0
0	2
0	2
0	2
0	0
0	2
0	0
0	0
0	2
0	0
0	2
0	1
0	2
0	2
0	12
0	11
0	0
0	98
0	27
0	0
0	11
1	94
0	12
0	13
0	12
0	88
0	88
0	87
0	0
0	11
109	109
0	9
0	11
0	7
0	13
0	7
0	1
0	8
0	5
0	2
0	19
0	50
0	5
0	8
0	2
0	0
0	0
0	0
0	0
0	4
0	99
0	2
0	1
0	2
0	1
0	1
0	6
0	0
0	1
0	6
2	2
0	1
0	1
0	0
0	1
0	540
0	968
13	982
39	958
0	972
2	115
0	988
0	983
0	486
0	976
0	976
1	438
0	548
0	556
0	830
0	139
0	185
0	180
0	80
0	1
0	2
0	2
0	2
0	0
0	0
14	490
0	1544
0	1558
0	1411
0	1291
2	221
0	1007
0	285
11	141
1	118
2	0
0	80
0	45
0	295
0	299
0	290
0	131
0	67
0	58
0	53
0	41
0	14
0	29
0	35
0	1563
0	1437
0	1601
23	632
0	812
61	970
2	84
3	201
8	505
0	517
28	474
3	202
39	84
15	0
26	243
4	277
7	63
1	241
0	4
1	133
0	38
6	109
0	36
0	4
0	69
0	4
2	58
0	0
0	0
0	0
0	0
2	333
0	242
0	19
0	27
9	344
0	0
0	0
0	0
0	0
0	0
0	0
0	92
0	181
42	184
0	170
38	165
0	0
17	111
14	12
0	0
0	0
0	17
0	17
8	869
0	872
0	426
0	24
1	22
9	25
0	496
0	128
28	121
0	113
0	102
0	84
0	92
2	92
0	81
0	86
0	70
0	56
0	68
0	47
0	15
0	14
1	9
1	8
36	129
0	1586
0	191
0	134
0	49
0	2
0	172
0	1671
0	139
30	1732
1	1535
0	1700
0	1590
0	1711
0	1571
0	1562
6	700
0	1642
0	53
0	1594
0	1663
0	1551
1	879
0	1541
3	1605
0	70
0	1325
2	241
2	62
0	49
0	134
1	654
3	599
0	958
22	1003
3	888
14	883
0	863
5	339
0	381
24	277
0	338
0	151
0	44
0	44
0	46
0	7
0	6
0	3
0	5
0	7
0	5
0	5
0	5
0	3
6	0
0	1
0	1
0	152
0	152
0	154
0	0
0	0
0	0
0	0
0	0
1	0
0	0
0	0
0	2
0	2
0	3
0	3
0	1
0	1
0	0
1	32
0	9
0	9
0	8
0	5
0	4
23	5
0	0
21	77
0	80
0	20
0	12
0	5
0	11
0	3
0	19
0	0
0	44
0	2
0	5
0	0
1	29
0	28
0	12
0	12
3	16
0	3
0	44
3	1272
0	1203
0	0
2	428
5	195
0	285
0	301
0	335
1	88
0	198
0	88
0	143
0	0
0	0
475	0
0	0
0	179
1179	410
5	250
1	62
0	0
0	1497
0	1476
1	1235
0	1422
2	1452
0	1474
2	1422
3	1378
0	1444
0	1470
0	1325
0	1105
0	308
0	320
0	197
0	179
0	183
0	113
0	102
0	0
0	0
0	0
0	0
0	0
0	0
0	0
0	0
0	0
0	1
1	58
0	57
0	41
0	57
0	65
1	53
0	0
0	0
1	65
27	576
0	637
2	525
0	449
0	2046
0	155
0	1990
0	251
0	36
1	229
2	279
0	368
0	353
2	97
0	1
3	1
0	0
0	0
0	0
0	0
0	0
0	0
0	0
2	2
1	308
0	3
831	488
5	260
0	265
3	38
0	10
24	8
0	77
0	10
0	77
2	4
0	0
2	464
8	764
96	931
0	259
0	939
6	899
0	333
0	155
0	306
0	306
0	195
0	106
0	101
0	76
1	11
1	62
0	11
0	14
0	14
0	6
0	3
0	1
1	3
0	3
0	0
4	0
6	103
0	149
0	155
0	155
0	155
0	145
0	158
0	155
0	155
0	152
0	156
0	156
0	156
0	156
0	155
0	114
0	136
2	32
0	14
0	32
0	11
0	9
0	9
0	14
0	14
1	8
0	11
0	8
0	0
3187	0
3	13
0	10
1	9
0	12
0	12
1	5
0	5
0	819
1	454
1	739
0	661
1	34
0	64
2	1
9	283
0	0
0	199
0	45
0	7
3	6
0	7
3	6
0	1
17	698
0	713
0	371
2	621
0	126
52	559
4	68
11	79
0	140
0	140
0	1410
28	1408
5	1338
0	1376
0	1061
18	582
1	542
9	996
3	694
56	553
0	660
0	441
0	273
0	208
20	167
9	126
0	127
0	139
2	130
0	97
0	139
0	116
0	25
0	81
406	687
6	687
1	42
0	62
0	55
1	42
0	42
0	363
0	385
0	363
0	363
0	373
0	370
0	356
0	346
0	366
9	367
0	10
0	24
0	11
0	18
0	11
0	11
0	28
0	66
2	93
0	41
0	2
0	28
0	106
0	27
0	41
0	25
0	155
0	37
1	51
13	58
0	14
0	144
0	138
2	57
0	173
0	215
0	198
0	18
0	97
0	170
0	196
0	174
0	157
0	1102
0	795
0	91
0	324
0	593
0	174
8	743
0	149
1	69
0	284
0	0
0	1
0	1
0	0
11	371
0	3
11	374
0	91
0	16
0	363
0	308
2	210
0	260
0	206
1231	274
5	238
0	220
5	182
0	13
2	13
0	2
0	3
0	8
0	0
0	8
0	3
0	22
0	0
0	16
0	19
0	22
0	2
0	2
0	23
0	2
0	2
0	5
0	1
0	3
0	13
0	10
0	3
0	9
0	0
0	0
0	1
0	5
0	2
202	89
0	89
7	57
1	34
0	2465
0	2512
0	2463
0	1773
9	1621
0	2510
15	2472
0	456
0	1985
0	2251
0	2305
10	2786
0	1834
0	2316
0	135
2	996
0	2217
1	2250
9	1769
0	1301
0	1305
0	0
0	63
0	7
5	63
6	48
6	19
0	4
0	7
1	7
0	7
0	4
0	0
0	0
5	60
0	27
1	80
117	229
0	132
0	36
1	15
3	12
0	7
1	19
16	24
0	20
0	22
2	11
0	19
0	16
0	14
362	565
9	559
4	481
0	366
0	52
1	9
1	26
0	32
0	33
1	30
0	116
0	1182
0	135
0	19
0	280
0	246
0	256
1	293
0	246
0	318
0	282
0	272
0	245
0	217
0	261
0	295
0	270
0	307
1	238
0	303
0	269
0	308
0	181
0	98
0	295
0	235
0	292
0	305
0	303
0	251
0	224
0	278
0	255
0	269
0	232
1	294
0	312
0	299
0	315
0	313
0	242
3	92
3	92
0	269
0	268
0	258
0	260
0	275
1	262
0	298
0	235
0	277
0	198
0	310
0	276
0	312
1	291
0	294
0	308
0	241
1	5
26	211
0	119
1	146
2	44
0	37
0	1570
5	1976
0	1670
17	991
0	3405
3	2146
0	1305
8	2545
0	2726
0	1137
7	1403
0	506
1	566
0	444
0	610
0	817
27	219
3	287
8	111
1	178
11	485
0	1271
1	38
51	1270
2	106
22	344
0	3
15	50
0	330
0	61
1	61
0	61
0	47
1	59
0	45
0	0
0	36
0	48
2	42
0	54
3	38
0	17
0	12
0	3
0	3
0	10
0	16
0	14
0	3
0	15
0	1
0	13
0	13
0	1
0	0
0	2
0	5
46	1201
2	758
94	1007
33	183
56	443
2	230
0	30
1	186
17	213
0	8
0	741
2	1753
0	1416
0	1169
0	731
0	112
0	329
0	206
2	209
1	1
0	5
680	210
1	134
2	76
0	52
0	160
0	156
0	142
19	77
0	466
0	497
0	489
4	488
0	87
0	466
2	469
16	535
0	168
3	124
16	144
2	283
4	256
0	156
0	207
1	135
0	0
0	0
0	0
0	0
0	0
931	40
6	40
0	0
0	0
0	0
0	0
0	0
0	0
0	4
1	4
462	421
351	418
0	73
0	40
0	0
0	0
0	0
0	0
1104	27
0	27
0	0
0	0
0	0
59	18
0	18
0	18
0	0
0	231
0	2
0	2
0	2
0	2
0	2
0	1
2	1987
1	2079
20	2226
0	1913
0	67
4	104
1	525
2	36
0	949
0	0
0	0
12	516
0	1331
0	221
0	1060
0	436
0	484
23	979
1	398
0	0
0	0
0	0
0	0
0	0
12	234
0	265
0	88
0	110
1	86
0	29
0	365
0	340
0	347
0	360
0	365
0	279
0	344
0	73
0	220
0	203
5	77
5	26
1	153
1	25
0	15
1	12
0	77
0	134
0	61
0	87
34	28
0	98
0	42
0	94
0	90
0	88
0	47
0	65
0	1
0	25
2	24
0	336
0	336
0	336
12	113
0	79
0	112
0	79
0	84
2	68
0	27
0	31
0	65
0	29
0	1
2	451
0	31
0	472
0	459
2	10
0	26
0	71
0	26
0	10
0	13
10	17
7	27
0	28
6	18
1	214
1	40
0	1370
0	1376
6	1402
0	28
0	1289
0	1317
0	517
3	320
1	315
0	134
4	55
0	111
0	262
35	329
2	320
0	5
0	17
0	60
0	0
0	46
0	44
0	7
0	53
0	44
1	38
0	37
0	282
0	41
0	41
4	41
0	8
0	2
1	2
0	10
0	8
0	0
0	1
0	1
1	0
2	5
1	2
15	420
5	420
1	360
4	0
11	49
415	195
2	9
0	47
0	93
2	18
9	84
1	33
0	693
0	570
2	49
3	80
0	643
0	41
0	681
0	96
0	31
0	84
0	91
0	66
0	28
11	35
8	159
0	41
0	37
0	45
0	98
1	69
0	117
0	68
0	114
0	346
0	65
0	611
0	593
0	111
0	145
20	158
0	414
0	95
1	177
0	71
0	74
0	102
1	233
0	129
13	1088
133	1007
0	203
50	652
1	573
1	683
1	193
4	79
4	595
1	250
0	103
0	113
8	109
0	101
2	57
0	45
0	20
0	224
0	844
0	816
0	525
9	244
0	164
0	944
0	820
0	869
16	321
1	120
9	91
0	801
0	1
0	1
0	1
0	1
0	1
0	0
0	0
0	0
0	0
0	0
0	0
0	1275
4	1587
4	1663
52	1663
0	187
4	104
3	141
3	82
16	3
1	60
0	221
2	214
28	67
0	74
0	13
2	57
1	78
0	25
0	33
0	23
3	22
5	24
0	6
0	468
0	193
0	472
10	472
0	314
0	0
1	35
0	20
0	6
0	26
2	74
5	51
2	31
0	16
0	16
0	49
0	40
0	18
0	73
2	74
1	156
0	154
0	100
0	101
0	101
0	11
0	8
2	10
0	7
1	0
0	118
2	82
0	105
0	102
8	116
2	101
5	101
0	110
0	104
0	106
0	106
0	105
0	40
0	25
0	17
4	12
0	22
0	11
4	13
0	10
0	288
1	130
0	173
0	380
0	240
0	393
0	221
0	195
0	165
0	69
0	0
0	0
253	692
5	633
1	620
0	637
2	359
1	18
0	0
0	0
0	0
0	0
0	0
0	0
0	0
0	0
0	1
1	207
0	193
0	187
0	204
0	198
0	212
0	180
0	198
0	212
0	197
0	161
0	108
0	132
0	132
0	108
0	116
0	118
0	102
0	104
0	104
2	103
0	108
0	104
0	80
0	105
0	99
0	87
1	90
0	60
0	56
0	57
0	60
0	65
0	52
0	48
0	48
0	59
0	49
0	30
0	34
0	51
0	38
0	36
0	42
0	42
0	51
0	55
0	49
0	43
0	46
0	41
0	25
0	27
1	46
0	37
0	28
0	35
0	13
0	0
0	15
0	29
0	13
0	15
2	16
0	10
0	11
0	10
0	7
0	5
1	1
0	0
0	6
1	2
0	2
0	0
0	0
0	0
0	0
0	0
62	3
1	3
0	0
0	0
0	0
0	0
0	458
208	0
13	22
0	22
0	1
0	5
4	4
1	3
0	2
0	2
0	2
0	1
0	1
0	1
0	1
1	1
0	0
0	0
0	207
0	84
0	158
0	5
0	35
3	32
0	10
0	49
15	45
0	30
1	12
0	26
0	33
1	23
0	240
2	1725
0	1709
22	687
25	229
8	1167
4	1017
0	294
1	826
0	960
0	839
0	954
0	1028
0	964
0	915
23	84
0	165
0	80
0	49
0	240
0	83
0	85
0	166
2	197
2	152
0	49
0	16
0	15
415	0
1	164
0	353
1	114
0	257
37	426
374	742
5	740
0	348
15	302
0	1
0	1
0	7
0	991
0	1010
0	991
4	991
0	990
0	124
0	46
1	33
1	132
0	22
0	1334
0	1289
2	1197
3	683
6	26
0	258
3	169
0	112
1	247
0	131
4	119
0	193
17	277
0	242
2	237
8	143
0	0
0	1359
0	1437
0	1427
2	140
2	70
0	53
3	33
29	36
1	24
0	24
31	6314
0	5787
0	6508
24	1058
0	1898
6	974
2	1298
0	832
0	54
0	297
0	951
0	1031
1	1012
0	1017
0	910
48	1002
0	977
0	661
4	1003
0	497
0	609
1	698
0	796
6	540
0	190
0	204
0	426
0	430
2	433
0	279
0	15
1	261
1	121
0	112
0	118
4	22
0	0
0	0
0	0
0	0
0	32
0	28
0	6
2	8
2	6
0	0
0	0
0	0
0	0
0	0
0	0
0	0
0	0
0	0
0	0
0	0
0	0
0	0
0	0
0	0
0	0
0	0
0	0
0	0
0	0
0	0
0	0
0	0
0	0
0	0
0	0
0	0
0	0
0	0
0	0
0	0
0	0
0	0
0	1
0	0
0	0
0	0
0	0
0	0
0	0
0	0
0	1
3	77
0	24
5	79
0	9
0	0
0	64
14	217
0	214
163	217
0	219
1064	896
0	895
2	265
0	10
0	9
0	3
0	0
0	0
0	0
0	0
0	0
0	0
0	0
0	1
0	0
374	367
1	367
0	8
4	1
9	34
0	163
0	42
2	138
6	20
0	21
5	24
0	127
12	1915
0	179
1	1056
0	2
0	1915
27	1908
0	10
0	0
0	283
0	122
0	33
1	50
0	1144
1	913
0	74
0	63
2	61
15	310
0	146
2	191
28	442
3	389
0	1
0	1
0	0
0	0
0	0
0	0
0	0
0	5
0	0
0	0
0	0
0	0
0	0
0	0
0	0
0	6
0	0
0	0
0	0
1	2
0	2
0	2
0	1
0	2
0	1
0	0
0	0
0	0
0	0
2	199
23	200
1	14
5	28
6	19
0	24
0	3
0	1
1	0
0	0
1	0
0	0
0	0
0	252
0	252
0	7
9	0
0	249
0	0
0	0
0	0
0	0
0	0
0	19
0	1582
1	1582
0	1328
0	1582
8	13
0	13
0	86
0	82
0	83
0	83
0	86
0	81
0	86
3	82
479	148
0	152
0	53
173	352
4	352
320	1953
1	1942
4	1935
74	1513
6	463
3	161
0	283
1	180
0	277
0	198
2	254
0	205
0	199
0	205
0	240
0	85
0	52
0	42
1	33
0	43
2	25
0	0
0	0
0	0
4	5631
1	14149
0	8467
4	18646
193	16563
12	5846
63	16250
1	12651
15	3311
4	9865
8	0
19	1591
0	771
0	627
1	322
0	766
0	642
0	621
16	634
1	11
0	616
0	616
0	1172
0	1076
0	624
0	496
0	320
0	354
29	252
11	300
0	436
0	396
2	129
2	167
0	197
0	0
0	0
6	0
0	0
0	0
0	0
0	0
0	0
0	0
0	0
0	0
0	0
1	26
0	224
1	28
0	94
0	43
0	98
0	225
10	95
0	95
0	5
0	13
0	17
0	6
0	3
6	6
0	4
0	11
0	3
0	3
0	0
0	0
0	0
0	3
0	0
0	3
0	0
0	3
0	0
1	0
0	0
0	0
0	0
0	0
0	0
0	0
0	0
0	0
0	0
0	0
48	12
7	12
424	702
0	441
0	440
0	296
0	150
0	115
0	104
0	69
0	0
0	0
0	0
0	0
0	0
0	0
0	0
0	0
0	0
0	0
0	0
0	0
0	2
0	1
0	0
0	0
0	0
0	0
0	0
0	0
0	0
0	0
0	1
0	1
0	0
0	0
0	0
0	0
0	0
0	0
0	0
0	0
0	0
0	0
0	0
0	17
0	13
0	16
1	14
0	6
0	13
0	6
5	2
0	4
5	60
0	525
0	523
0	45
0	0
2	34
0	375
179	34
0	159
0	7
5	35
0	21
0	523
3	175
13	54
0	171
0	169
0	173
0	163
8	158
0	133
0	130
1	128
0	20
0	124
0	110
0	109
0	95
0	44
0	44
0	42
1	39
0	29
0	27
0	18
0	13
0	3
30	793
2	793
0	0
0	0
0	0
0	0
0	0
0	0
0	0
0	0
0	0
0	0
0	0
0	0
1495	0
0	3154
83	1900
0	6886
3	700
2	6475
2	2270
1	3714
0	2748
2	4981
8	6476
0	1934
0	2005
0	2008
0	1719
0	1952
0	1848
0	927
3	691
4	250
8	562
1	50
2	176
1508	53
0	53
0	7
4	11
0	5
0	759
542	1137
0	1137
0	383
3	78
0	147
1	171
0	191
0	201
0	843
0	976
0	985
0	1007
0	874
0	792
0	94
2	92
0	397
0	120
0	157
0	183
0	40
3	107
0	118
7	69
0	80
1	71
0	40
0	2
0	315
34	318
0	266
0	298
0	269
0	299
0	80
3	39
0	18
6	48
2	160
0	144
0	107
28	150
3	24
0	120
0	84
0	70
1	72
0	39
0	38
0	220
8	668
0	991
20	522
1	633
11	409
8	28
0	54
25	45
243	0
0	285
1	263
1	281
0	2329
1	1210
0	1251
0	417
0	776
1	645
0	649
0	855
4	925
0	824
11	2535
0	3069
0	3068
0	3142
0	2458
17	2328
0	1354
0	2251
0	2336
0	2347
0	2281
0	2291
0	2251
0	2368
5	1219
0	1585
0	134
0	1746
0	88
0	331
0	109
0	31
0	208
11	374
0	110
0	853
0	502
0	480
0	98
1	139
1	459
0	236
0	1
0	1
0	1
0	1
0	0
0	0
0	0
0	0
0	0
0	0
0	0
0	0
0	0
0	0
0	293
0	303
0	27
0	68
9	277
2	10
0	83
0	18
2	42
0	27
0	32
32	113
0	24
0	54
0	297
0	27
0	52
0	37
0	54
0	72
17	32
1	114
3	93
0	129
0	112
1	150
3	21
0	146
0	52
17	77
0	117
0	29
0	27
0	11
0	63
0	72
0	10
0	60
0	68
0	705
1	698
7	979
0	773
0	104
0	704
4	71
0	601
1	70
2	266
0	284
5	9
0	103
6	25
3	1958
5	1504
15	1959
1	255
4	111
0	100
0	87
0	61
10	9
2	10
0	8
0	2
0	2
0	4
0	8
0	1
77	766
0	727
4	230
6	131
0	71
1	85
0	74
0	259
0	205
1	60
3	59
0	110
31	134
0	113
2	93
0	206
0	269
3	14
0	161
0	140
387	292
3	171
0	55
0	193
0	216
0	17
0	68
0	290
3	158
0	252
3	913
946	1989
0	1511
0	1222
0	1060
0	1209
1	606
43	1689
1	1378
0	1006
0	110
0	963
0	761
0	948
32	561
71	53
0	61
2	8
0	6
0	14
0	14
0	14
0	5
0	10
0	0
0	1
0	0
0	1
522	220
0	220
1	57
2	466
0	550
0	561
1	498
0	214
0	299
0	165
0	145
1	134
0	121
0	84
1	53
0	6
0	0
0	0
0	0
0	0
0	0
0	0
0	0
0	0
30	57
1	50
0	7
0	155
0	159
0	133
2	121
0	11
0	7
2	993
0	854
1	598
0	545
19	250
1	274
0	1
0	805
29	3262
0	3069
0	3032
0	3411
42	3221
1	773
0	853
13	0
1	6449
13	6465
4	1937
0	3412
0	2681
0	1546
1	1003
0	2421
0	1760
0	6404
0	87
0	1531
0	1795
7	606
0	0
0	0
0	0
18	521
3	570
0	552
21	516
0	117
0	149
7	143
0	461
8	455
3	459
1	242
1	172
7	171
0	0
0	3
0	0
2	10
0	10
0	2
0	2
0	6
13	215
0	207
0	220
0	327
0	352
0	378
0	295
0	215
0	298
0	292
0	297
1	289
0	291
0	306
1	297
0	298
1	290
0	294
1	296
0	219
0	301
0	292
0	161
0	172
0	7
0	99
0	96
0	95
0	16
0	7
0	7
0	87
0	92
7	84
0	927
0	1032
0	1033
0	989
0	904
0	991
7	574
0	964
0	946
0	945
1	114
0	948
0	537
0	86
0	7
0	24
0	35
0	43
0	41
0	65
0	54
0	119
0	62
0	41
0	14
1	185
0	15
5	0
12	415
2	415
0	53
76	422
0	501
2	95
18	17
138	152
3	30
0	0
0	0
0	0
0	0
0	0
1	15
0	46
0	43
0	26
0	45
0	31
0	0
0	0
0	0
0	0
29	487
0	4115
1	554
2	560
2	573
5	634
35	486
0	665
0	628
0	444
5	558
3	561
2	417
0	522
0	605
0	563
0	8
0	449
0	443
0	464
0	3
0	299
11	25125
5	9819
17	20367
17	9084
593	0
1	0
3	0
0	3
0	3
0	2
0	1
0	2
0	1
0	393
0	390
0	398
11	391
1	366
0	70
2	54
0	95
6	11
2	55
0	50
0	103
0	30
9	43
1	0
0	0
0	0
0	0
0	0
101	123
0	75
4	9
0	72
0	100
1	97
0	317
0	314
1	291
5	300
3	76
0	66
0	39
0	8
0	27
0	23
4	2
0	0
0	707
0	700
0	52
5	127
2	208
0	48
7	42
0	5
0	5
0	5
0	0
1	340
0	347
445	383
4	344
0	350
0	89
0	68
0	64
0	33
0	44
0	9
0	3
0	1
0	0
0	0
0	0
0	0
0	0
0	0
0	0
0	0
0	0
0	8
0	7
0	8
0	3
0	2
0	0
0	3
0	1
0	2
0	4
0	4
0	4
0	4
1	1
0	0
0	2
0	0
0	2
0	1
0	0
0	0
0	0
0	0
0	0
0	0
0	0
0	3
0	3
0	4182
556	4182
0	1214
0	1223
0	1228
1	1215
0	1214
0	1209
0	1180
0	1222
0	1221
0	1215
0	410
0	1205
2	35
1	7
0	28
5	21
0	474
0	3014
0	2861
1	2714
1	958
11	1786
2	1919
5	311
4	417
1	213
2	103
0	111
14	132
2	251
206	0
0	0
0	0
2	47
0	125
1	129
0	119
0	102
5	97
12	268
4	5
40	185
0	67
2	2104
13	2104
18	228
0	243
2	243
9	605
0	784
1	806
0	588
1	548
0	183
1	95
2	51
0	95
0	96
0	83
3	102
0	77
1	72
0	28
12	157
2	5
0	48
0	64
5	82
0	52
0	130
0	65
0	128
0	83
1	28
4	44
1	0
0	6
0	0
0	6
0	1
0	1
0	1
0	6
0	6
0	0
0	1
0	1
0	1
0	5
0	0
0	40
0	383
4	411
0	348
0	348
0	320
5	18
8	49
13	30
1	2980
0	812
28	770
0	726
0	619
15	899
1	690
133	1914
0	108
18	376
0	576
6	598
0	599
0	599
0	577
0	600
0	578
0	599
1	576
0	577
0	576
0	598
0	8
0	6
4005	0
3	0
7	0
0	0
1	0
0	17
227	19
3	8
7	3
0	2
0	1
0	2
5	0
0	1
0	2
0	2
0	2
0	1
0	1
0	33
0	35
0	36
0	33
0	26
0	24
0	19
0	21
2	4
0	7
0	1
0	1
0	1
0	1
0	1
0	0
0	1
0	0
0	0
0	0
18	123
0	3206
0	3763
0	3526
0	3253
0	3763
0	2360
0	3763
0	2957
0	3149
0	3371
0	3403
0	1424
0	3333
0	3479
1	2229
0	3730
0	2661
0	2894
0	3490
0	2962
0	3469
0	2231
0	2521
0	2519
0	2516
0	3011
0	3490
0	2378
4	3528
1	3373
2	2519
0	3223
4	2965
0	2363
23	2322
1	2963
0	2495
29	2572
0	3733
0	2907
0	1646
1	1671
0	1073
5	1287
0	30
0	30
0	30
0	29
0	33
5	21
0	24
0	32
0	30
0	31
0	30
0	28
0	26
0	26
0	27
0	9
0	10
0	5
0	4
4	8
0	5
0	5
0	6
0	1
0	2
0	1
0	1
0	1
0	1
0	0
4	0
0	0
2	708
0	727
11	727
0	795
0	795
0	703
1	249
0	547
0	2604
0	2613
0	2533
21	1833
0	562
0	186
0	469
1	401
0	4
71	4
0	28
0	28
89	2166
217	2010
9	994
2	275
2	426
13	354
0	29
2	13
0	303
6	313
0	98
0	85
0	151
10	95
3	48
0	153
0	127
5	19
0	116
0	116
0	118
0	91
5	40
1	42
0	26
0	13
0	1
180	221
0	1528
0	1497
1	1359
0	367
1	290
0	161
96	422
0	18
1	381
4	354
1	30
0	61
0	11
0	183
15	2962
0	2874
4	1407
0	2656
4	932
0	2022
5	136
0	1118
20	1064
1	247
1	329
0	282
0	236
0	54
7	65
0	78
0	30
0	204
0	38
0	45
0	31
0	42
0	187
0	238
0	212
0	213
0	221
2	211
0	64
0	48
0	47
0	68
0	54
0	43
2	81
0	63
0	51
0	46
0	6
0	68
0	172
4	30
0	12
0	60
0	116
0	72
3	28
0	276
0	272
0	269
8	70
0	259
0	257
1	257
0	145
0	131
0	142
0	134
0	128
0	232
0	38
0	38
0	30
2	101
5	72
384	0
0	997
0	1119
8	919
0	1103
0	1172
0	1247
0	987
1	1171
0	1109
4	254
4	800
1	661
0	316
0	63
0	48
0	65
4	29
1	3
0	0
0	29
0	4
0	5
0	8
0	0
0	43
0	60
0	54
0	327
0	1066
0	1029
0	1007
0	1047
0	1047
0	1065
0	1054
2	1026
0	22
0	203
0	30
0	28
0	28
0	46
0	71
0	19
0	91
0	153
0	23
0	0
0	0
0	0
0	0
0	0
0	0
0	0
0	0
0	0
0	0
0	0
0	0
2	44
0	47
0	21
405	43
24	59
0	244
5	608
0	608
7	191
0	17
0	19
0	5
0	0
27	136
0	136
108	0
11	675
0	675
0	285
1	384
1	136
4	2
0	0
0	245
0	137
0	137
3	137
0	135
0	127
0	78
1	75
0	77
1	72
0	9
0	5
85	63
0	21
0	46
0	15
0	65
0	4
0	1
0	0
0	65
0	1
0	59
0	63
0	54
0	9
0	16
0	12
0	15
0	11
0	11
0	20
0	20
0	8
0	1
0	1
0	1
1	1
1	0
0	590
0	567
0	187
0	94
0	48
2	19
0	5
0	5
0	5
0	5
0	5
0	5
0	0
0	0
0	0
0	0
0	0
0	0
0	0
0	0
0	0
0	0
0	279
0	93
0	0
0	0
0	0
0	0
0	0
0	0
0	0
0	321
0	325
17	162
0	190
3	164
0	58
0	113
3	143
1	111
0	76
0	78
0	20
0	12
0	25
0	28
0	20
0	2
0	4
0	2
0	0
0	2
0	2
0	1
0	2
0	1
0	0
0	0
683	738
0	691
2	348
4	399
0	208
0	33
13	9
1	9
0	1
0	1
0	0
0	0
0	0
0	1
0	4
0	4
0	4
1	1
0	4
0	1
0	1
1	3
0	210
0	34
0	28
3	206
296	206
0	135
0	91
0	244
0	57
0	82
4	228
0	139
0	240
15	161
0	2
0	31
0	201
7	129
0	172
6	85
0	18
7	14
0	7
1	11
0	1
1	2
1	6
2	1
5	495
0	495
1	489
0	278
0	380
0	268
1	279
0	235
0	193
0	195
6	114
0	291
16	349
0	396
3	305
2	331
0	201
8	24
0	244
0	0
0	0
0	0
0	0
0	0
0	0
0	0
0	0
0	0
0	0
0	0
0	682
13	504
2	704
1	133
0	0
0	569
0	479
1	52
0	28
0	833
0	1060
0	1120
3	879
0	113
0	51
0	43
0	50
0	28
0	43
0	19
0	6
1062	1721
4	1354
1	1527
0	651
26	1543
23	1543
0	721
1	1182
150	283
1	257
9	256
0	454
0	490
5	112
1	122
3	488
0	170
0	487
0	466
3	111
137	306
0	26
0	60
42	102
0	80
1	46
1	66
1	15
0	42
300	35
0	12
0	7
0	32
0	16
0	2
1	2
0	1
0	2
0	0
0	0
0	0
0	0
0	0
0	2
1	3
0	1
0	0
0	0
0	3
0	3
0	2
0	1
0	2
0	0
0	0
0	2
0	0
0	2
0	2
0	0
0	0
0	0
0	0
0	0
0	1
0	1
0	1
0	1
0	1
0	47
1	102
0	209
1	119
0	194
0	129
6	16
0	137
0	193
1	59
1	44
6	19
11	71
3	573
1	573
0	494
0	163
0	197
0	59
0	33
0	124
1	177
0	104
0	0
0	0
0	0
0	0
0	0
0	0
0	0
0	1427
5	239
2	28
0	1410
1	242
4	0
0	173
0	24
1	76
67	79
0	7
0	20
0	12
0	9
1	1
0	0
0	0
0	0
0	0
0	236
9	242
0	238
14	270
0	287
0	154
0	129
0	76
0	34
0	99
0	43
0	19
0	0
0	6
0	6
0	0
0	0
0	0
0	0
0	0
0	0
5	39
2	980
2	1212
0	255
0	209
1	235
1	295
1	661
0	0
0	207
0	420
0	285
0	161
0	1338
0	1339
0	1206
0	145
0	150
0	330
0	1247
2	14
0	237
0	587
0	218
0	131
0	1318
0	13
0	285
0	1306
11	1346
0	153
0	1232
47	687
22	430
0	250
0	363
34	1067
0	830
1	874
4	624
0	572
0	25
0	29
0	50
3	91
0	46
0	84
0	20
0	2
0	2
0	2
0	2
0	2
0	0
0	0
2	0
0	4778
1	4778
0	5233
2	8021
0	2664
0	12143
0	11426
0	11840
0	11379
10	5227
0	10934
0	11158
0	11818
0	11494
0	11774
5	4110
0	11781
0	3330
0	1438
1	500
2	338
2	6513
0	725
0	1071
0	570
2	455
0	1441
8	1397
0	270
50	805
15	1009
0	470
0	486
1	244
0	426
0	142
0	92
2	568
0	801
0	646
10	562
2	241
0	168
0	1226
0	1274
0	1075
0	1275
0	268
0	1108
0	790
0	1108
0	1117
0	1114
0	1126
0	1063
0	1121
0	1191
0	1130
0	1041
0	1147
1	954
0	935
0	1049
0	1021
0	1142
0	1002
0	1212
0	1052
0	1192
0	1113
0	1107
0	1197
0	895
0	1226
0	1281
0	966
0	1226
2	1252
0	1164
0	1232
0	1274
0	1206
0	912
0	659
0	985
0	836
0	884
0	918
0	969
0	1095
0	810
0	1083
0	1003
0	1164
0	1152
0	1125
0	1144
0	770
0	1067
0	1118
0	1173
0	637
0	977
0	1007
0	864
0	1028
0	1045
0	998
0	939
0	981
0	898
0	826
0	990
0	1042
0	1050
0	911
0	1280
1	29
0	1037
0	1025
0	534
0	678
0	1132
0	1257
0	1146
0	1122
1	655
0	272
1	886
0	908
0	967
0	152
78	5677
0	5677
2	342
8	591
0	478
0	0
0	164
6	257
0	0
0	0
0	0
0	0
0	0
0	0
0	0
0	0
0	0
0	0
0	0
1	100
546	181
0	183
0	28
0	154
0	181
0	179
1	156
0	157
0	27
0	15
5	15
0	0
0	162
0	162
1	175
0	10
0	2
0	0
10	40
0	70
0	15
0	0
192	99
0	26
0	146
4	27
0	21
0	46
1	22
1	2
0	36
1	5864
9	5859
0	5852
26	5860
0	2874
144	5866
0	1947
0	4985
0	1837
39	1073
0	5807
3	720
1	1672
0	96
2	524
1	861
0	581
4	840
0	3698
0	1983
0	1107
7	1504
0	3648
0	217
0	4218
404	3120
707	3120
1	2423
4	929
15	1153
9	746
0	0
0	0
0	0
0	0
0	0
0	0
0	0
0	1
0	2
0	0
0	0
0	0
0	1
0	0
0	0
0	0
0	0
0	8
0	9
0	9
0	7
0	3
0	1
0	0
0	0
0	0
0	0
0	0
0	0
0	0
0	0
1	0
0	0
1	0
0	2
0	0
0	0
0	0
0	2
0	0
0	2
0	1
0	1
0	0
0	1
0	1
0	0
0	1
0	1
0	1
0	0
0	0
0	0
1	2424
0	2481
0	528
5	85
0	201
0	239
2	175
1	161
0	178
0	133
19	96
1	103
19	37
0	3
4	3
0	3
0	3
0	3
0	1
1	2
0	0
0	0
0	25
0	26
3	7
0	6
0	8
1	6
1	2
0	5
1	8
4	0
0	0
0	0
0	0
0	46
0	34
0	35
0	41
1	1
0	1
0	13
0	59
0	52
0	76
32	254
2	46
0	78
14	211
0	84
0	244
3	59
10	773
0	1851
7	1829
0	294
0	215
2	181
0	205
13	198
0	100
7	431
1	355
0	372
0	275
3	182
0	5
0	310
0	105
0	45
0	144
0	27
0	22
0	161
0	4
0	315
0	186
0	1858
0	1787
0	1887
2	1818
0	1860
0	1876
6	1877
0	1886
0	613
1	920
1	433
0	28
0	324
0	156
282	291
2	291
0	0
1	0
1	23
1	22
0	4
0	11
1	19
0	19
0	3
0	2
0	2
0	0
1	1080
0	980
0	1076
3	1089
0	1077
1	1085
3	1077
0	269
0	249
0	43
0	2
0	3
0	1
0	3
0	3
0	3
0	2
0	3
0	2
0	2
0	2
0	2
0	3
0	3
0	3
0	2
0	3
0	0
0	0
0	0
0	0
0	1
0	0
0	0
0	0
0	0
0	0
0	0
0	0
0	0
0	0
0	1285
1	1401
0	1282
0	1457
0	1406
0	1427
0	1407
0	1437
0	1441
0	1437
0	1457
1	1350
0	1424
1	1362
4	147
0	98
0	309
1	1239
0	49
0	50
0	89
2	182
2	1039
0	829
0	360
0	961
0	247
0	563
0	43
0	97
0	851
0	959
0	778
0	816
0	713
0	738
2	519
2	519
0	530
0	488
0	514
0	54
0	97
0	331
0	27
0	94
0	673
16	929
95	636
0	933
2	84
0	206
0	144
0	486
1	643
1	456
2	219
0	295
0	492
0	352
5	266
0	267
17	0
0	732
0	353
0	719
0	624
1	414
0	725
0	613
0	581
0	532
0	500
0	505
0	501
0	499
0	502
0	398
0	384
0	199
0	445
1	7
1	9
0	9
0	23
0	3
0	2
0	12
0	350
0	9
0	2
0	41
0	7
0	7
0	1
0	220
0	7
0	8
0	7
0	122
0	23
0	22
0	0
0	96
0	0
0	0
0	0
0	9
0	24
0	1
0	2
0	1
0	1
0	1
0	1
0	422
0	483
0	88
0	755
0	438
3	148
0	773
0	55
0	774
0	1
0	1
0	0
0	0
0	1
0	1
0	1
0	0
0	0
0	0
1	1
0	0
0	0
3	634
0	571
0	618
0	22
0	281
0	92
0	118
0	132
0	127
1	21
0	12
1	12
0	642
2	12717
20	11739
0	12832
0	7103
2	2716
15	940
1	1844
1	1220
0	0
0	0
0	0
0	12
0	1
0	301
0	254
0	318
4	346
0	364
0	18
4	17
0	53
2	21
0	62
1	20
7	62
4	85
3	36
5	18
0	37
0	25
2	73
0	32
0	31
0	34
4	373
0	1540
0	979
0	225
0	1572
0	766
15	97
0	307
0	272
0	209
0	70
0	128
0	167
2	134
0	200
0	199
0	148
0	151
2	93
0	162
0	94
0	124
0	0
17	263
0	263
1	888
0	896
0	363
0	368
3	30
0	367
0	892
2	96
1	6
0	540
0	590
0	198
0	236
2	170
0	287
0	18
0	46
0	83
0	30
2	16
0	3
0	0
0	283
1	31
0	53
0	57
0	51
46	61
0	52
2	40
0	32
0	39
0	0
0	8
0	4
2	14
0	51
0	53
0	5
0	5
0	4
0	2
0	5
0	28
0	26
0	65
0	71
0	68
0	10
0	9
0	3
0	94
1	431
0	439
0	454
0	439
1	429
0	39
0	35
0	18
0	20
0	98
0	107
0	106
0	134
0	140
0	107
10	111
0	69
0	32
0	50
0	31
1	18
0	34
0	21
0	9
0	11
0	0
0	0
1	0
0	0
0	0
0	0
0	0
0	0
0	0
0	51
0	51
0	14
1	6
0	3
3	1767
5	923
0	904
0	945
2	88
0	84
0	54
2	474
0	231
1	1737
168	28
0	12
0	5
0	4
0	0
0	7
0	19
0	59
8	65
0	50
0	31
0	38
51	26
0	26
6	25
0	19
0	7
0	4
0	60
40	128
0	294
0	274
2	184
0	282
0	262
0	174
1	16
1	4
0	18
7	1
1	871
9	990
461	197
4	160
12	0
5	14
0	0
0	0
0	54
0	54
1	1056
0	462
0	1063
0	230
0	530
0	531
0	482
4	471
0	229
5	74
0	333
0	42
0	0
57	2
3	3
0	0
0	1
0	0
0	0
0	1804
0	1758
0	98
0	2393
2	2405
1	450
0	1772
1	25
5	647
2	4
0	4
1	1
0	22
2	19
0	22
0	8
3	285
4	274
2	297
2	28
1	28
17	28
214	273
0	256
0	241
0	258
0	869
0	1333
0	1313
0	28
0	998
0	772
5	11
18	106
2	47
2	787
32	622
0	783
3	530
1	467
0	390
4	106
0	20
2	80
1	0
33	10
0	7
0	1
0	4
0	4
0	96
1	51
0	28
0	12
0	15
0	19
0	5
1	4
0	0
0	95
2	29
0	28
0	80
0	188
0	198
0	42
5	195
0	194
0	267
0	35
5	549
0	547
0	550
0	17
0	135
0	137
0	20
0	8
0	114
0	107
6	104
0	1739
0	1649
0	1577
0	1739
0	1609
0	1670
0	1701
1	62
0	714
0	733
19	76
0	105
1	293
0	314
0	155
0	86
0	48
0	94
0	42
0	44
0	27
4	230
0	182
0	1196
0	188
0	3526
13	3474
0	2103
0	20
0	3840
6	1924
0	3263
0	3557
0	2973
0	155
1	85
1	2
0	2
0	2
0	0
0	29
0	47
0	48
0	190
0	190
2	182
0	192
0	170
0	163
0	20
0	68
0	64
0	182
4	395
1	387
0	289
0	167
0	136
1	92
0	97
0	29
0	46
445	52
0	20
0	52
0	34
2	709
362	712
26	410
0	88
1	56
0	0
0	0
0	0
0	0
4	19
0	76
0	59
0	70
3	39
0	45
0	39
0	4
0	39
0	5
0	12
0	33
1	32
1	4
0	14
0	8
29	165
66	82
1	3488
0	3181
1	624
0	747
1	210
0	774
0	647
0	3494
0	1934
0	3374
0	3486
0	780
0	792
0	630
0	734
0	119
0	1076
2	1091
7	454
2	319
8	169
14	308
16	185
5	51
0	31
10	232
1	6
0	0
0	117
0	942
73	934
1	31
0	854
0	8
10	47
32	124
0	24
0	36
0	37
10	103
0	1016
0	984
0	983
0	983
0	952
0	952
0	1026
0	547
0	21
0	1026
0	1
0	1
0	1
0	1
0	0
0	682
0	563
0	746
0	738
0	68
0	92
0	51
0	39
0	174
0	64
0	51
0	189
0	1583
0	758
1	820
15	1106
0	1707
3	1858
0	1804
0	1802
1	1862
10	1839
0	1900
0	1847
0	1853
0	1862
0	1862
0	1790
1	1873
1	308
0	1724
1	1881
0	1590
0	1882
0	1907
0	1860
0	1860
0	1860
0	188
0	1860
0	1860
0	1851
0	100
1	242
0	27
0	249
0	126
0	269
23	253
5	414
21	171
14	267
11	103
0	40
0	1165
0	1015
0	1074
85	707
3	631
0	429
0	203
5	1074
0	251
0	246
1	192
0	158
0	58
0	3
0	73
0	133
0	123
0	81
0	120
9	115
1	74
0	27
0	20
0	15
0	13
29	443
0	443
0	385
1	332
0	120
8	104
0	111
0	49
1	205
0	10
14	480
36	50
2	53
0	409
1	80
0	434
1	212
0	26
0	83
0	28
0	183
0	1741
0	1773
1	407
0	112
0	1741
0	1748
0	1790
0	1637
0	1605
0	1822
0	1780
19	1458
0	1672
0	49
0	109
0	145
0	124
0	116
0	47
0	138
0	0
0	138
1	135
0	86
0	68
1	68
0	64
0	0
12	1385
0	1254
0	1190
0	1129
0	1030
0	1040
0	1040
0	1040
0	317
1	39
0	4
2	40
2	17
2	3
0	498
0	460
0	243
0	176
0	275
0	150
0	478
55	177
0	239
42	183
0	127
1	123
5	120
4	75
12	6285
3	6642
0	4928
0	6714
1	6892
11	7038
0	6741
1	7337
0	7527
3	7126
0	6892
0	7588
0	7097
1	7514
0	7511
0	7010
0	7568
1	7562
0	7529
0	7576
0	7356
0	6777
1	7533
0	7794
0	7523
0	7518
0	7213
0	7540
5	7392
0	7652
0	7052
1	7512
2	7936
23	7424
9	7470
0	5156
0	2618
0	6345
0	3812
1	7475
0	7310
10	6996
0	6487
0	4705
0	1111
6	804
0	495
0	156
0	645
1	274
4	12
28	515
0	510
0	298
0	189
0	105
0	86
1	103
0	64
0	106
0	62
1	5
1	8
1	51
0	0
0	0
0	0
0	0
0	0
0	0
0	0
0	0
0	0
0	0
0	107
1	102
1	17
0	70
2	26
0	26
0	57
0	42
0	50
0	50
0	50
0	47
0	33
0	46
0	46
0	49
0	54
0	41
0	78
0	54
0	96
0	52
0	49
1	88
0	23
0	71
0	2495
0	757
0	747
0	818
1	760
0	740
0	2556
19	971
0	1092
0	1837
0	1015
0	748
0	2549
0	837
21	862
0	790
0	612
0	790
2	710
0	2575
0	791
0	837
0	808
0	1065
0	774
0	708
6	669
0	786
0	634
0	408
0	330
0	147
4	86
0	58
0	387
0	39
0	141
3	1711
0	90
0	1
0	313
0	311
0	276
0	276
2	226
1	140
0	219
0	17
0	74
0	11
0	10
0	12
1	16
0	45
0	29
0	23
0	18
2	18
0	21
0	6
0	4
0	4
1	10
0	9
1	80
0	44
0	47
0	13
0	6
0	14
0	6
0	6
0	3
0	8
0	16
0	117
0	108
0	446
19	547
0	506
0	505
0	499
0	504
17	515
0	506
0	497
2	495
0	513
5	3
0	415
0	410
1	427
0	422
0	407
10	416
0	505
0	471
1	148
1	50
0	405
0	321
0	284
0	26
0	237
1	53
0	113
9	12
0	13
0	8
0	8
0	1
0	7
0	5
0	7
0	2
0	0
0	2
0	0
471	101
3	101
0	25
0	26
0	17
0	158
2	24
0	65
0	610
0	588
0	117
0	136
0	148
0	187
11	97
0	0
0	0
0	0
0	0
0	0
0	2
0	2
0	1
0	0
0	2
2	2040
0	2313
0	3633
1	3091
0	2553
0	1026
2	223
0	95
0	1261
0	1277
2	1150
4	252
0	43
30	575
3	577
0	360
1	212
0	7
4	1132
5	707
0	1124
0	595
0	592
1	250
0	255
2	157
0	242
1	162
0	72
4	25
4	10
0	8
0	80
0	91
3	79
0	11
0	78
0	4
0	34
0	26
0	15
0	78
0	10
0	29
0	57
1	94
0	14
0	14
0	50
0	81
0	17
0	9
75	70
0	54
0	27
0	5
0	3
0	3
0	2
0	3
0	3
0	3
0	1
0	2
0	1
1	0
0	0
0	1
0	0
1	10
0	9
0	10
0	9
0	11
0	6
0	6
0	7
0	5
0	8
0	7
0	5
0	3
0	5
0	4
0	3
0	1
0	1
0	0
0	611
0	634
5	634
1	631
7	340
1	32
0	5
0	7
0	0
0	7
0	14
1	2
0	14
0	5
0	0
0	0
0	1
0	1
0	1529
0	1530
4	1537
0	456
0	2
0	1
0	2
0	2
0	2
0	1
0	0
0	0
0	1
0	1
0	1
0	658
0	586
3	301
0	641
0	657
0	659
0	417
1	300
0	429
1	652
0	658
0	657
0	653
0	647
0	648
0	621
0	643
1	654
0	502
0	643
0	645
2	634
0	641
0	647
0	279
0	271
0	297
0	406
0	424
0	640
0	654
0	642
0	644
0	634
0	647
0	655
0	642
0	630
0	640
0	615
0	535
0	263
0	403
2	152
1	470
0	499
0	401
0	390
0	402
0	65
0	355
8	354
0	344
0	125
0	87
0	19
0	240
0	226
0	226
0	191
0	216
0	44
0	225
5	18
10	165
0	168
0	168
0	161
0	151
0	167
0	166
0	148
0	52
0	32
0	17
0	5
0	5
0	5
0	3
0	2
0	1
0	1
0	0
0	35
0	36
0	8
0	17
0	1
0	1
0	1
0	0
0	0
0	300
0	311
0	299
0	314
0	275
0	286
0	78
0	13
1	11
2	6
0	6
0	24
0	8
0	10
0	25
0	18
1	5
0	0
0	0
0	0
0	0
0	0
0	0
0	0
1	89
0	98
1	95
0	90
0	1
0	1
0	8
0	1
0	7
0	6
0	6
4	13
0	8
0	7
0	6
0	11
0	10
2	14
0	1
0	3
0	0
0	6
0	5
0	6
0	14
0	157
0	44
0	234
0	233
0	28
1	18
0	45
0	233
46	35
0	35
0	0
0	0
0	3
0	0
0	2
0	0
0	3
1832	0
0	65
0	11
0	11
0	10
1	36
0	44
3	46
0	26
0	51
0	140
0	8
0	11
0	31
1	3
0	3
0	0
0	61
0	59
0	61
0	48
0	25
0	4
0	1489
69	1489
0	150
0	2945
0	3053
1	2945
0	2957
0	2945
15	1015
1	9
0	10
0	9
0	8
0	8
0	9
0	5
0	6
0	611
4	698
0	701
3	698
0	1510
0	305
0	218
1	530
0	1507
0	1506
0	1522
0	1527
1	156
0	1557
0	701
0	1498
0	1497
0	720
0	1394
0	265
0	982
0	1469
0	1503
0	679
0	676
196	2848
6	1121
110	2662
0	0
0	781
40	66
45	193
0	204
16	48
7	60
22	6
1	33
6	624
14	126
0	640
2	68
0	638
2	150
1	114
0	156
1	8
0	8
0	8
0	0
0	3
0	172
0	180
0	48
0	21
0	17
0	7
1	4
0	2
0	2
0	2
1	748
71	689
66	732
1	509
2	33
3	25
0	29
0	578
15	585
1	403
1	528
1	87
26	82
0	65
0	43
0	79
0	164
0	36
0	42
0	52
0	574
0	559
0	538
0	553
0	23
1	27
2	22
1	9
0	20
54	169
1537	403
1	278
17	344
75	299
0	121
0	29
0	0
0	38
186	0
611	1103
5	1004
0	601
0	311
0	2
0	2
0	751
2	1580
0	2342
23	1957
2	564
4	866
1	862
0	852
0	868
0	844
0	846
0	823
0	838
2	822
1	829
0	851
1	849
0	857
0	837
1	610
0	837
0	352
0	951
0	941
2	927
7	973
3	380
0	295
0	153
2	192
0	0
0	75
0	160
0	52
0	0
0	916
4	887
0	919
0	896
0	117
0	36
1	0
0	0
0	0
0	0
0	0
0	0
0	0
0	0
0	0
1	0
0	0
0	0
0	532
72	179
2	457
0	45
0	517
0	502
0	73
6	47
0	67
0	3
0	43
0	0
0	33
0	43
0	13
0	0
0	1
1	6
0	26
0	1
1	26
0	2
0	3
0	2
0	1
14	795
0	795
0	724
0	188
0	100
0	4
0	0
0	2
0	2
0	2
0	2
0	2
0	2
0	0
0	0
0	0
0	0
0	0
0	0
0	0
0	0
0	1
0	2
0	2
0	2
0	2
0	2
0	1
0	1
0	1
0	1
0	1
0	0
0	0
0	1
0	2
0	1
0	2
0	0
0	1
0	1
0	1
0	1
0	0
0	0
0	0
0	0
0	0
640	760
0	122
0	89
1	36
4	210
19	9
0	447
1	6784
0	3864
0	7225
20	0
6	412
1	7198
11	4249
0	439
18	5841
1	1324
1	2
0	1
0	2
0	0
0	0
1	31
0	33
0	8
0	20
0	23
0	17
0	16
0	0
44	13
0	4821
0	4905
0	4970
1	4969
0	4995
0	4737
0	4935
0	4859
0	5109
0	4939
2	5088
0	5092
3	5080
0	5008
12	2792
59	3811
0	5055
0	4971
0	4938
0	5069
0	5069
0	5069
0	4952
0	4909
0	2960
2	136
0	1208
0	1052
0	1193
0	181
0	167
0	76
19	57
195	144
7	135
0	742
0	741
11	697
0	44
4	45
2	103
0	544
3	76
3	49
3	33
4	52
2	55
6	62
1	21
1	13
1	220
0	1
0	0
1141	1797
11	225
0	1551
0	1775
0	1772
0	1207
0	1254
0	999
21	594
0	831
8	280
0	245
0	25
0	71
0	4
0	0
0	4
0	3
0	0
1	15
0	148
9	17
0	184
0	201
27	277
0	309
0	277
0	303
0	271
0	271
0	303
4	121
0	59
0	77
1	6
2	0
0	1
0	1
0	1
2	876
0	906
2	671
30	876
1	862
0	919
0	465
1	100
1	376
0	363
0	326
14	212
0	144
0	0
0	1
0	0
0	0
0	1
0	0
0	0
0	0
0	1
0	1
0	0
0	0
0	0
0	0
0	0
0	0
0	0
0	0
0	0
0	0
0	0
0	0
0	0
0	0
0	0
0	594
0	425
0	456
0	563
0	152
0	146
1	191
0	120
503	239
0	5
0	234
0	43
0	1231
0	1254
0	1027
0	744
0	52
0	408
0	376
0	252
0	367
0	376
0	360
0	359
0	368
0	340
0	261
1	279
0	273
0	310
1	279
0	365
1	239
0	265
1	389
0	277
1	313
0	108
0	287
0	398
0	320
1	315
1	360
0	67
0	350
0	122
0	391
0	328
4	288
0	158
3	143
0	4
1	59
4	8
0	794
9	800
0	145
4	71
0	39
0	149
0	20
0	14
0	24
0	7
0	5
0	1
1	5
0	1
0	1
0	3
0	2
0	2
0	2
0	3
0	2
0	3
0	0
0	0
0	1
0	1
0	3
0	1
0	2
0	40
327	80
5	22
0	48
1	12
0	39
0	8
0	1
0	1
0	1
0	1
0	8
0	233
0	145
18	316
1	36
10	58
0	20
0	121
0	192
0	541
0	523
0	537
0	532
0	524
0	526
0	530
0	520
1	166
0	223
1	470
0	460
0	460
0	448
0	439
0	439
0	439
0	428
0	50
0	34
0	383
0	371
0	353
6	22
0	339
0	327
0	319
0	320
1	320
0	317
2	304
10	17
0	183
0	13
0	1
0	183
0	73
10	150
567	0
0	0
0	0
0	0
0	0
0	33
0	32
0	32
0	0
0	0
0	1
0	2
1	1
0	32
0	32
0	606
0	747
0	465
0	533
2	533
0	570
0	447
0	549
1	609
151	773
0	455
4	452
29	452
0	449
0	122
0	536
0	608
10	451
0	619
1	619
0	82
0	81
9	81
0	19
0	2
0	22
0	19
0	772
4	762
0	690
0	4
0	208
0	409
0	711
0	812
0	828
0	887
0	805
0	776
0	739
0	909
0	880
0	772
0	816
0	861
0	877
0	919
0	808
0	789
0	935
0	858
0	890
0	919
0	966
0	807
0	875
0	894
0	934
0	756
0	919
0	827
0	740
0	819
0	865
0	837
0	549
0	695
0	129
0	334
0	788
0	914
0	969
1	952
0	666
0	695
0	155
0	742
0	669
1	378
0	610
0	792
0	926
1	114
0	667
1	848
0	913
0	572
0	184
0	538
0	23
0	170
0	116
0	1667
0	1668
0	1746
0	1446
0	1801
0	1756
0	1266
32	1316
0	1543
13	1760
0	1425
0	1774
0	1736
1	1552
0	356
6	222
2	250
2	160
1	291
0	277
0	306
1	550
1	88
0	104
0	84
69	350
2	144
26	1323
3	684
3	297
0	437
0	103
29	1459
3	352
1	831
47	1357
1	889
0	663
0	348
16	109
76	494
27	0
218	152
0	143
1	0
0	63
0	58
1	23
0	21
0	11
5	7
0	4
0	0
0	144
1	8
0	151
10	2
0	145
0	105
0	14
0	19
0	101
0	56
0	19
0	142
0	42
0	69
0	69
0	69
0	1
0	1
0	1
0	1
0	1
0	1
0	1
0	1
0	0
0	0
0	0
0	1
0	0
0	3
0	3
0	3
0	2
0	3
0	3
0	2
0	0
0	1
0	1
0	0
0	0
0	22
0	25
0	21
12	36
0	33
0	3
2	3
8	379
2	379
0	354
0	114
1	23
0	18
0	25
0	25
0	25
0	215
3	225
0	90
0	12
0	12
3	12
0	27
0	9
0	23
0	20
1	18
0	16
0	17
0	8
0	11
0	14
0	11
0	12
1	10
0	10
0	4
0	225
1	1
0	0
0	1
0	0
1	2142
3	2142
18	792
1	366
0	561
2	502
0	568
0	328
0	396
0	279
0	303
0	386
0	309
0	297
0	273
0	93
0	109
0	148
0	43
5	85
516	0
0	630
0	342
7	622
0	593
2	18
6	15
0	31
0	5
0	471
0	5
0	282
0	45
0	15
0	40
0	14
0	333
0	330
0	203
3	278
53	639
1	488
6	450
3	175
4	231
36	0
0	351
0	275
0	508
0	482
0	477
0	469
0	499
1	497
0	28
0	334
1	469
0	450
0	457
0	467
0	449
0	445
0	422
0	433
0	430
0	447
0	433
0	438
0	438
0	445
0	444
0	461
1	443
0	431
0	451
0	457
0	450
0	375
0	358
1	397
0	408
0	29
0	389
0	409
0	360
0	445
0	420
2	414
0	449
0	346
0	42
0	458
0	457
1	449
1	10
0	43
0	58
0	44
0	11
0	92
0	99
11	594
0	1616
0	1590
0	1000
2	1545
1	618
0	273
0	296
0	21
1	46
0	45
0	3
1	40
1	0
0	0
0	0
1	0
0	0
0	0
0	0
0	0
0	0
0	0
0	0
3	2
0	4
0	3
0	7
2	9
0	5
0	1
136	146
0	145
0	141
0	142
0	139
1	0
12	1839
2	1516
0	722
0	638
0	1333
0	1465
0	1437
2	416
0	426
0	481
23	212
0	129
0	72
8	57
0	42
0	8
0	29
0	3
34	351
0	322
0	332
2	262
1	273
1	6
0	112
0	41
0	0
191	4550
20	3545
5	868
1	652
7	131
4	183
0	169
0	162
0	4
6	4
0	165
0	4
0	12
0	10
0	2
0	3
0	5
0	1
0	3718
0	320
0	1080
0	61
0	98
8	421
24	467
0	422
0	419
0	451
0	423
0	424
0	416
0	428
4	226
0	61
2	521
1	579
0	397
0	203
0	167
0	38
3	38
0	924
0	863
44	943
0	163
0	863
13	1241
0	162
2	617
0	810
5	851
9	87
12	137
0	171
0	192
4	80
158	846
1	846
8	21
4	50
0	299
0	257
0	253
0	208
0	196
0	167
0	161
8	99
4	57
0	42
1	71
0	18
11	37
0	27
7	32
1	955
0	843
0	1178
0	717
1	788
4	470
0	1083
0	887
0	1039
0	711
0	1034
0	1038
0	1038
0	1034
0	755
0	1167
0	1104
0	723
0	642
0	495
0	188
20	120
0	441
8	442
1	429
1	437
0	155
0	243
1	327
0	91
521	688
0	622
0	411
0	197
0	345
0	342
9	58
0	56
90	201
0	229
2	252
0	294
0	241
0	60
0	148
8	27
245	778
23	486
1	82
0	155
1	71
0	117
0	87
0	0
2	6
0	0
0	0
0	6
0	0
0	0
0	0
0	0
0	0
0	0
0	0
0	0
0	83
229	141
0	69
0	118
1	67
53	72
0	36
0	22
0	120
1	3
0	62
0	22
0	32
0	62
0	48
7	80
0	31
0	18
1	21
0	24
0	57
1	12
0	49
0	49
0	0
280	0
1	384
0	384
0	314
0	127
4	521
110	924
35	917
6	254
0	213
0	211
0	313
13	367
0	191
0	86
4	100
0	169
3	55
0	57
0	14
5	93
8	35
1	336
12	577
4	577
0	360
4	204
5	139
32	6698
0	6209
4	6149
2	4796
0	3018
39	1052
8	2279
0	1960
0	1175
3	1487
0	187
0	38
2	70
0	28
0	189
3	36
0	168
0	76
0	69
0	15
0	65
0	13
0	8
0	577
401	1299
0	298
9	523
0	902
5	132
15	444
0	62
0	63
0	62
1	23
0	15
0	1
0	0
0	0
0	0
0	0
0	0
1100	475
0	363
0	379
0	408
27	600
0	600
0	602
15	594
0	614
1	612
1	1325
0	1489
0	53
2	25
2	233
3	118
3	32
0	119
0	26
86	234
2	158
22	228
1	25
0	19
0	15
1	18
0	19
0	303
0	71
0	153
0	96
3	125
0	140
3	292
0	134
7	226
6	28
0	1
0	0
0	1
0	0
0	1
1	0
1	1
2	0
0	157
0	146
0	150
0	155
38	146
0	150
4	160
0	44
0	114
1	52
0	33
0	37
0	15
0	13
1	8
0	10
0	5
0	6
1	2
70	0
398	491
0	109
1	37
0	86
0	80
1	111
2	151
0	75
0	115
0	103
0	2
0	7
0	25
0	8
4	121
0	27
0	4
0	5
0	3
0	7
0	6
0	15
0	55
0	59
0	4
0	16
0	21
0	14
0	195
0	308
0	331
0	320
0	320
0	315
2	291
0	258
0	269
0	250
0	102
0	55
0	62
4	124
35	96
0	33
0	103
0	38
0	35
0	35
0	32
0	964
0	2978
0	1032
0	2816
0	503
0	2765
0	2747
0	427
0	941
0	2882
0	2820
0	1173
0	2835
0	2776
0	2868
0	1174
0	2861
0	2007
0	2760
0	2845
0	2596
0	2866
2	1067
0	2816
2	1001
9	422
0	2842
0	534
2	2717
0	510
14	1945
1	700
0	2641
0	2612
0	2480
0	2747
0	342
0	1850
0	2610
0	2661
0	2308
0	451
0	487
0	2235
0	2398
0	160
0	1497
1	342
0	2312
0	961
4	226
0	109
0	95
0	245
2	1709
0	1023
2	1591
2	1463
0	1457
0	1409
0	1145
0	1077
0	968
0	1030
0	279
5	817
1	147
0	52
0	252
0	183
0	198
0	645
0	646
0	48
0	547
0	347
0	357
0	387
0	313
0	334
0	495
16	311
0	9
1	116
10	43
8	55
34	947
1	74
6	1043
21	1043
7	48
369	119
21	141
6	50
0	36
0	52
0	53
0	46
0	39
441	270
0	250
4	229
9	106
0	154
0	144
0	129
0	120
0	144
0	147
0	146
0	139
0	136
0	144
0	140
0	135
0	118
0	145
0	88
0	117
5	143
0	147
0	121
0	120
0	135
0	113
0	143
0	146
0	147
0	146
0	144
0	130
0	123
0	137
0	113
0	140
0	115
0	138
0	151
0	139
0	129
0	139
0	147
0	141
0	145
0	144
0	149
0	144
0	149
0	108
0	137
0	122
0	122
0	105
0	63
0	104
0	76
0	25
0	17
0	52
0	41
0	50
0	6
0	20
0	19
0	20
0	12
0	18
1	10
0	10
0	14
0	4
0	4
9	159
193	549
0	131
3	547
1	37
0	0
0	0
0	2
0	2
0	2
0	0
0	0
0	0
0	0
0	0
0	0
0	0
0	0
0	2
0	0
0	0
0	0
0	0
0	0
0	2
0	0
0	0
0	0
0	0
26	4446
2	4240
9	1647
45	2212
0	213
0	51
0	220
8	197
0	76
0	208
0	58
2	205
0	70
518	1032
2	1009
0	19
0	58
0	59
0	21
0	378
0	50
0	231
0	188
3	149
0	31
0	52
5	98
1	39
1073	1149
1	1084
0	237
0	262
0	234
0	75
0	239
1	178
0	194
2	163
0	217
4	117
0	125
0	7
1	9
67	42
0	16
0	29
0	2
0	1
0	5
0	2
0	15
0	3
0	965
0	860
0	950
0	880
0	893
0	943
0	837
0	800
0	914
0	931
0	937
0	702
1	871
0	931
0	852
0	866
1	873
0	871
0	840
0	86
1	715
166	0
1	0
20	13175
27	15980
5	7263
2	5519
37	4261
3	7488
121	4392
7	6302
59	5371
17	0
3	2734
420	0
0	45
0	279
0	260
0	256
0	285
516	168
0	67
8	56
0	44
0	1441
0	1518
0	220
0	208
0	1578
0	278
1	844
6	884
1	854
0	268
0	7
0	356
7	211
20	493
8	607
1	513
0	314
1	73
16	36
0	96
0	357
1	36
0	367
0	8
0	10
2931	1
0	109
0	96
0	18
0	13
0	14
0	36
0	24
3	18
0	18
0	13
0	14
0	5
0	4
0	0
0	91
0	91
0	90
0	1
0	1
0	0
0	0
28	3727
0	3718
551	3295
1	551
17	287
2	671
9	877
8	387
235	442
8	445
5	171
0	108
2	232
12	43
0	1004
0	996
0	914
0	349
1	80
0	96
0	185
0	89
1	122
0	38
0	123
1	94
2	29
1	160
17	42
0	171
5	145
0	99
6	108
1	74
0	811
0	805
1	493
0	626
0	55
0	394
0	403
1	281
0	69
0	92
0	49
0	34
0	28
0	25
0	54
0	48
0	47
0	54
0	26
0	54
0	54
0	54
0	54
0	54
0	54
0	54
0	5
0	4
3	13
1	10
0	0
0	0
1	1
0	20
0	27
0	28
0	0
0	11
0	0
0	0
1	31
17	25
0	15
0	0
1	3
0	5
0	4
1	4
0	1
0	0
0	0
0	0
2	0
0	0
0	0
0	0
0	355
0	433
11	242
3	426
1	250
0	145
0	109
2	949
0	1017
0	333
1	89
1	35
1	1
0	60
0	144
0	52
2	51
14	50
0	37
0	37
0	56
1	37
1	307
0	637
0	612
0	31
1	59
0	54
0	38
0	101
2	81
8	5
0	75
9	25
0	39
1	7
8	84
0	75
0	6
0	3
0	14
4	109
0	90
6	22
3	24
0	111
0	90
0	1008
0	652
0	662
0	506
0	507
0	1029
0	513
0	972
0	992
0	634
0	970
0	904
0	936
0	977
0	1026
0	496
0	1013
1	979
0	958
0	909
0	982
0	990
0	756
0	164
0	604
0	975
0	748
0	988
0	412
0	460
0	989
3	408
0	680
0	654
0	985
0	951
0	442
0	1016
0	985
0	961
0	964
0	930
0	978
0	922
0	448
0	453
0	531
0	521
0	650
0	980
0	1005
0	1024
0	516
0	500
3	133
0	369
0	974
0	906
0	988
0	427
0	910
0	971
0	994
0	1016
0	341
0	968
0	935
0	899
9	634
0	25
0	22
0	142
0	142
0	131
0	128
4	93
0	136
0	127
0	50
2	12
6	1
0	8
0	14
0	4
0	9
0	1
0	1
0	2
0	1
0	2
0	14
0	9
0	0
0	5
0	1
0	0
0	1
0	0
0	1
41	28
0	28
0	22
0	19
0	197
0	196
0	197
0	177
0	189
0	182
0	196
3	91
0	108
0	108
1	140
0	184
0	183
5	196
0	182
0	189
0	196
0	197
0	196
0	190
0	141
0	24
1	23
0	23
0	14
0	103
0	56
0	2
0	53
0	3
19	107
2	8
0	304
0	741
11	408
16	201
59	6
0	299
0	299
0	793
1	504
245	39
5	78
2	0
0	61
1	119
0	106
2	68
357	391
18	391
7	0
454	0
687	725
0	672
2	0
0	0
18	218
47	218
5	194
9	169
233	63
0	0
0	0
0	0
0	0
93	0
2	114
12	139
0	98
2	99
0	0
0	5
0	13
2	111
1	111
0	0
0	7
0	33
105	0
48	0
0	148
0	150
0	82
0	78
1	10
10	0
0	9
2	93
2	91
0	93
0	3806
159	3806
0	379
10	333
28	542
0	486
0	486
0	477
0	302
0	114
0	215
0	114
0	37
0	72
1	10
1	52
0	39
0	29
0	25
0	21
0	19
0	17
0	15
0	15
0	15
0	5
0	1
0	2
0	1
0	0
0	0
0	0
0	0
0	840
0	824
1	823
18	637
0	770
0	396
2	388
1	309
0	181
0	246
0	194
1160	247
0	247
240	245
0	214
0	58
0	77
0	73
0	41
1	32
0	23
1	10
0	27
1	2
0	1
2	1
0	1
0	1
0	0
0	1
0	24
0	22
0	7
0	5
0	7
0	6
0	7
0	8
0	6
0	4
0	3
0	3
0	2
0	3
0	3
0	3
0	3
0	3
0	119
0	322
0	306
0	46
0	362
4	47
8	322
0	7
0	117
0	43
0	53
0	10
0	18
0	134
0	26
2	38
0	110
0	247
0	81
0	43
0	272
0	143
11	1015
0	908
0	158
0	228
0	172
0	159
2	7
0	1
3	3
0	7
0	1
0	3
0	7
0	1
0	0
0	227
2	183
24	159
2	125
2	136
0	80
0	71
2	67
2	64
0	627
3	611
0	669
4	287
21	127
17	165
0	161
30	0
0	1680
0	2104
0	2057
0	108
2	1665
0	1209
0	389
1	909
0	923
0	826
0	829
0	769
2	1451
0	1309
38	834
0	272
1	144
6	47
1	12
0	50
1	49
0	48
0	48
3	9
2	8
0	6
0	7
5	46
1	146
37	1827
35	209
3	0
0	107
1	1689
1	121
0	565
0	520
0	6351
123	521
41	6059
4	2432
7	5898
22	540
1	1688
1	4
0	4
170	143
1	35
0	3
6	27
57	56
3	62
5	16
0	21
0	14
1	11
5	81
0	1038
0	1056
0	1053
1	25
0	74
0	991
0	1043
0	68
0	783
11	145
0	8
0	125
1	87
1	84
0	794
0	94
0	57
0	140
1	25
4	0
0	0
0	279
0	947
0	899
0	1059
56	1224
14	52
0	430
0	230
1	123
0	121
0	0
0	0
0	0
2	245
1	54
0	246
0	245
2	24
0	0
176	4
0	4
0	35
1	365
0	15
0	3
0	36
0	367
0	31
1	7
7	7
2	21
0	21
0	47
1	16
0	62
1	17
1	1020
0	3948
0	1592
1	1520
0	2108
1	544
3	1080
0	1196
0	5321
0	1818
2	1127
0	2998
0	1936
0	1252
0	1459
0	1688
0	1062
0	1698
4	339
0	988
0	881
0	894
0	506
1	410
0	431
0	270
0	84
0	695
0	1322
0	926
0	410
18	245
1	161
0	472
0	304
0	148
17	86
0	85
14	17
0	1
0	1
0	0
0	14
0	2
0	10
0	5
3	10
0	9
0	9
0	8
0	122
0	500
0	218
6	897
0	746
0	263
0	925
0	293
2	765
2	378
0	671
13	847
0	842
0	142
1	250
0	261
0	432
0	862
0	62
3	63
0	100
0	680
0	378
0	276
11	400
21	353
2	184
0	0
0	0
7	0
0	0
12	676
598	1620
3	375
3	436
1	901
4	363
2	2195
4	2349
60	909
1	95
31	201
0	290
1	119
0	64
32	16
2	197
0	215
0	0
0	0
0	0
0	437
498	744
0	698
0	417
0	450
0	182
0	111
0	211
147	498
1	442
3	58
9	20
0	351
0	525
0	1141
0	369
0	231
1	799
19	792
2	730
0	116
0	151
2	149
0	593
0	123
0	77
0	62
0	67
7	2
0	3
0	7
0	7
17	12
13	3
0	119
0	117
0	119
0	118
0	55
0	66
0	67
0	20
0	60
0	61
0	3
0	0
0	18
0	6
0	5
0	11
0	10
0	1
0	1
0	5
0	2
0	2
0	0
0	0
0	0
0	0
0	0
0	0
0	0
0	0
0	0
0	0
0	0
0	0
0	0
0	0
110	689
0	689
0	222
0	136
0	6
0	28
0	12
0	325
0	314
0	314
5	192
2	3
0	36
0	49
1021	752
0	602
0	280
0	363
36	165
1	161
0	4
0	178
1	176
0	104
0	170
0	164
0	166
51	242
0	156
0	166
0	160
0	165
0	73
0	167
0	92
0	175
0	175
0	177
0	157
0	169
0	169
0	163
0	105
0	144
0	168
1	93
1	177
0	176
0	174
0	144
0	161
2	161
0	170
0	179
0	158
0	122
0	118
0	26
0	33
0	64
0	39
0	61
1	18
1	18
0	63
0	22
8	655
0	719
2	921
668	1082
3	371
0	49
0	11
0	6
2	11
0	2
0	5
1	7
0	8
0	8
0	4
0	2
0	5
0	5
0	5
0	4
0	2
0	355
1	354
0	194
2	243
0	176
0	190
0	101
0	33
1	15
0	13
0	21
0	20
3	35
0	9
0	12
0	11
1	32
60	12
0	3
0	9
0	5
0	8
1	4
0	0
0	0
0	1
0	0
0	0
0	0
0	0
0	508
35	674
0	612
0	94
0	1
0	6
0	1
0	1
0	1
0	1
0	4
0	6
0	0
0	0
0	0
0	0
0	0
0	3
0	2
0	1
0	0
0	0
0	0
0	0
3	368
0	392
0	85
9	48
1	377
0	374
1	45
1	47
1	15
0	344
0	412
0	199
1	46
0	303
0	324
0	47
0	201
0	32
0	23
1	2
1	1
0	1
0	0
1	0
0	0
0	2
0	2
0	1
0	2
0	2
0	2
0	2
0	0
0	0
0	0
0	0
0	14
0	14
0	6
0	14
0	2
0	21
114	118
0	99
0	103
0	93
0	81
0	94
3	6
0	22
0	11
0	89
0	86
0	82
0	32
2	60
0	54
0	11
0	28
0	0
0	70
0	19
0	70
0	72
0	72
1	38
0	33
0	71
0	65
0	32
0	70
0	70
0	72
0	69
0	70
0	5
0	8
0	3
0	3
30	0
14	1594
0	3172
9	1313
4	2952
1	2717
0	2605
2	2757
12	1389
0	1038
7	822
0	1033
3	162
16	298
2	93
1	4179
0	1969
0	70
0	332
0	562
0	556
0	548
0	550
0	303
0	29
0	86
2	21
0	11
0	62
0	9
1	3
0	9
2	0
0	8
0	7
0	9
0	6
0	2753
116	3007
0	2065
28	1115
4	407
5	714
0	580
0	950
0	872
0	334
0	971
0	804
0	618
0	573
0	489
0	470
0	473
0	497
0	236
0	0
0	1
1	1
2	103
0	8
2	1058
0	1075
0	457
0	1070
87	1074
1	1004
2	1061
0	406
0	1059
0	1043
2	129
0	532
6	63
0	516
0	75
0	70
0	0
0	1541
0	1539
0	1543
1	115
0	1484
0	960
4	43
3	13
4	1219
3	1205
0	1215
1	626
1	326
0	92
2	149
1	50
2	131
2	42
2	100
0	0
0	0
0	0
0	0
0	0
0	0
0	0
0	22
0	22
0	10
0	9
0	4
0	1
0	0
0	0
0	0
0	0
76	594
0	588
0	598
0	189
3	45
8	820
22	817
0	437
2	762
2	51
0	104
0	314
0	326
1	225
10	101
0	272
4	96
0	112
1	153
1	283
0	285
0	295
0	79
0	303
1	317
1	219
3	118
0	54
1	26
0	6
12	21
0	6
0	17
11	14
0	563
0	572
0	561
0	44
3	168
0	102
0	290
0	238
0	101
0	186
1	127
6	97
2	74
0	45
1	2
1	38
1	33
1	9
0	19
0	175
0	57
3	155
0	171
0	87
0	85
0	175
0	174
112	165
0	149
5	40
0	46
1	10
0	10
0	7
0	5
0	5
0	5
0	4
0	5
0	5
0	5
0	4
0	0
0	0
0	0
0	0
0	153
0	149
0	149
1	155
0	61
0	153
0	51
0	149
0	137
0	9
0	70
0	26
0	28
0	1
0	0
0	0
0	0
0	1
0	1
0	0
2	85
0	286
0	262
0	256
0	249
0	277
0	260
0	295
0	268
0	297
0	241
0	272
0	238
0	18
0	19
0	163
0	263
0	276
0	282
0	292
0	279
0	322
0	289
3	278
0	152
0	285
0	279
0	26
0	277
0	261
0	312
0	143
0	286
0	284
0	302
0	156
1	250
0	309
0	276
8	292
0	258
0	278
0	276
2	236
0	20
0	257
0	225
0	37
0	0
0	0
0	0
0	0
0	0
0	0
0	0
0	0
0	0
0	0
0	813
6	130
0	572
0	725
0	761
0	637
0	572
0	570
7	521
0	761
0	761
0	572
0	1416
16	1034
0	1346
0	1372
0	1275
5	1380
0	1382
0	1401
3	1339
0	1357
2	1380
0	1337
1	1321
0	1356
0	1381
6	653
0	446
3	407
0	311
6	340
0	331
0	212
0	316
0	255
0	122
1	173
0	729
0	2
193	1300
2	1297
0	1266
25	637
0	1270
0	117
1	7
0	40
0	8251
9	8148
37	8290
8	4890
0	5823
0	755
0	811
0	406
1	402
0	856
1	297
0	867
8	891
2	1142
1	620
0	369
0	1396
0	458
0	361
0	356
0	343
0	335
0	1526
3	497
0	824
0	1202
0	1175
0	569
0	860
0	776
0	763
0	670
0	418
0	330
1	432
0	415
0	237
0	289
0	308
0	256
0	144
0	132
0	112
1	14
1	8
1	0
0	7547
0	46
0	116
1	23
0	23
0	18
0	18
0	21
0	15
0	20
0	8
0	5
0	2
0	114
1	114
0	2
0	2
0	2
0	1
0	0
0	645
0	29
0	28
0	660
0	93
0	646
0	406
0	504
0	658
0	645
0	496
0	654
25	408
0	373
0	421
0	611
0	645
0	267
0	407
0	496
0	415
0	651
0	645
0	496
0	75
0	496
1	250
0	259
0	507
0	251
1	38
16	880
0	919
105	443
0	855
2	798
32	891
1	891
0	0
0	11
0	0
0	11
0	2
3	0
0	0
0	0
0	0
0	0
0	0
1	0
0	0
0	0
0	0
0	0
0	0
0	0
0	0
0	0
0	0
0	0
0	0
0	0
0	0
0	0
0	0
0	0
0	0
0	0
0	0
0	0
0	0
0	0
0	0
0	0
0	0
0	0
0	2
0	2
0	0
0	0
0	0
0	0
0	0
0	420
0	406
0	418
0	41
0	175
0	147
0	240
0	152
13	356
16	339
0	420
0	0
0	0
0	0
0	0
0	4
0	4
0	4
0	0
0	3
0	0
0	2
0	1
0	0
86	621
2	20
0	536
8	113
0	0
1	714
9	646
0	261
1	288
0	556
0	0
0	0
0	0
0	0
1	0
0	0
0	0
0	0
0	3
0	3
0	1
21	235
0	661
0	657
0	595
0	42
0	35
9	8
0	644
0	649
0	613
0	654
1	304
0	525
0	534
7	147
3	317
0	405
4	364
2	239
0	218
0	168
0	101
0	28
2	9
23	14
0	1
0	2
0	0
0	673
0	422
0	294
0	56
0	673
0	336
8	1231
1	1231
0	0
0	0
28	2243
86	2243
0	505
3	562
0	569
0	563
0	562
0	569
0	532
0	563
0	562
0	569
0	59
0	9
0	70
0	69
0	56
0	18
0	1
2	3
0	1
0	2
0	4
1	0
0	5
0	1
0	0
0	0
16	395
2	366
0	173
3	80
2	140
12	412
0	585
0	536
0	253
0	49
4	2
2	566
15	451
1	363
0	561
79	517
0	370
5	221
1	228
21	1448
0	1446
25	1448
33	678
109	121
0	1448
0	1103
25	371
1	349
0	57
2	15
0	0
0	0
0	0
0	0
0	0
0	0
0	0
0	222
0	1281
0	1184
0	369
1	214
1	362
1	358
1	119
0	57
0	315
0	258
0	176
0	326
0	35
0	57
2	96
0	287
0	91
3	2
0	2
0	2
0	2
0	0
0	0
0	0
0	0
0	0
0	0
0	0
0	0
0	0
0	18
0	17
0	17
0	17
0	17
0	18
0	17
0	17
0	17
0	17
0	17
0	1
0	2
0	11
0	2
0	1
0	1
0	1
0	1
0	823
1	764
2	319
10	476
0	234
0	190
1	140
0	144
0	199
1	128
10	81
0	5
0	6
0	5
10	7
0	8
0	4
0	4
0	1
0	4
33	323
1	372
0	369
0	412
1	429
0	463
0	447
2	460
0	324
1	137
2	63
0	55
0	55
0	31
0	8
0	0
0	1
0	1
0	1
0	1
0	1
0	1
0	0
0	0
1	0
0	0
0	0
179	456
4	492
89	352
27	74
40	56
5	1232
0	1132
0	177
0	180
0	1186
0	1171
0	761
6	1139
3	940
0	1048
0	1069
1	803
0	906
8	447
0	413
2	195
2	48
0	22
0	0
0	0
0	0
0	1
0	1
0	0
0	1
11	898
7	919
28	914
14	185
1	196
1	138
0	2
0	2
0	2
0	2
1	2
0	41
0	3
0	23
0	5
0	41
0	41
0	16
0	41
0	0
0	0
9	84
16	78
0	74
1	11
0	64
0	6
0	26
0	29
10	2068
0	2104
2	598
0	782
0	48
1	48
0	48
0	1
0	33
0	50
0	33
0	34
0	34
0	43
0	2
0	44
0	19
0	47
0	48
0	3
0	30
0	41
0	3
0	25
0	2
0	15
0	3
0	20
1	3
0	2
0	11
1	14
0	0
0	0
0	0
0	0
0	0
0	0
0	0
0	0
0	0
0	0
0	0
0	0
0	0
0	0
0	0
0	0
0	0
0	0
0	0
0	0
0	0
0	0
0	0
0	0
0	0
0	0
0	0
0	0
0	0
1	0
0	0
0	0
0	0
0	0
0	0
0	0
0	0
0	0
0	0
0	0
0	0
0	0
0	0
0	0
0	0
0	0
1	18
0	22
2	461
1	7
0	48
3	48
0	7
0	48
0	277
2	27
0	5
0	11
0	210
0	214
0	209
0	263
0	14
0	0
0	17
0	67
0	3923
0	274
1	280
1	26
0	363
0	362
1	158
8	81
0	64
0	76
0	129
0	40
0	56
0	31
0	27
0	55
0	37
0	49
0	41
1	23
0	17
0	12
0	11
0	16
0	3
0	14
0	7
2	16
0	15
0	12
2	10
0	0
0	8
0	12
173	4
0	4
0	903
0	903
0	775
3	447
17	0
0	0
0	0
0	18
0	22
0	18
0	0
0	0
0	0
0	0
0	0
17	118
0	118
0	5
0	105
3	109
0	24
0	20
4	21
0	73
1	12
0	1385
0	357
35	1385
0	197
9	203
1	187
0	190
0	197
0	197
0	197
1	187
1	190
1	187
0	8
15	165
3	59
0	7
0	160
0	157
1	19
1	13
0	59
0	53
3	122
0	302
0	294
0	60
0	151
0	277
8	53
0	255
7	57
0	140
0	296
5	313
16	41
23	14
0	34
0	252
12	270
0	280
0	109
0	313
0	0
0	2
0	0
0	0
0	0
0	1
0	2
0	0
0	0
0	2
2	26
5	150
0	150
3	150
0	0
0	0
0	0
0	0
0	0
0	0
0	0
0	248
11	139
1	14
4	14
11	100
0	105
0	101
1	0
0	20
0	6
0	0
0	0
0	0
0	0
0	6
0	25
0	55
0	12
0	31
0	61
0	62
0	117
0	3
0	119
0	12
0	18
0	10
0	3
0	22
0	0
0	119
1	15
0	21
3	87
1	2
0	4
0	4
0	7
0	41
0	10
1	12
2	2
0	883
0	3
0	884
0	614
1	29
2	861
1	30
0	10
0	876
4	882
0	113
0	102
0	95
0	83
0	97
0	96
0	53
0	0
12	48
0	17
0	9
1	30
0	23
3	17
0	18
0	0
0	97
0	99
0	79
0	100
0	114
0	0
0	0
0	0
0	0
2	69
0	68
0	62
1	11
0	0
0	1
1505	0
0	265
0	262
1	268
0	152
1	7
0	3
0	4
2	70
0	3
0	11
0	18
0	3
0	57
0	19
0	5
0	57
0	50
0	22
0	1
0	7
0	0
0	1
0	0
0	7
0	6
0	7
0	1
0	57
0	926
0	1080
0	1047
0	984
0	1034
0	1013
1	51
0	619
0	643
0	1077
0	107
0	54
1	42
0	44
0	72
2	29
0	65
2	0
1	0
0	41
3	45
0	48
0	16
0	15
2	3
0	45
6	576
0	278
2	14
0	46
0	39
0	11
1	14
0	0
0	14
0	7
0	4
0	586
0	0
0	0
0	0
0	0
0	0
0	0
0	0
0	0
0	0
0	0
1	1078
0	1138
0	1188
0	1171
0	804
0	1176
0	524
0	229
1	254
0	43
0	68
0	22
0	50
4	20
7	0
1	294
354	727
4	91
0	238
2	263
0	189
0	136
0	119
0	145
0	140
0	92
0	12
0	13
0	11
0	12
0	12
0	13
0	14
0	14
0	13
0	14
0	14
0	14
0	14
0	12
0	8
0	4
0	2
0	0
0	669
0	203
0	688
1	34
0	688
2	459
0	53
0	671
0	695
0	38
0	71
0	0
0	0
0	0
0	0
0	0
0	0
12	65
645	706
0	646
0	2799
1	226
0	660
0	174
145	128
5	93
5399	2650
0	0
0	0
3	505
0	441
7	79
1	253
1	129
0	1
373	359
0	248
1	111
25	176
0	176
0	176
7	8
11	524
0	514
0	526
0	67
0	28
0	44
0	23
1	7
0	0
0	0
0	0
0	0
0	0
0	0
0	0
0	0
0	0
0	0
0	0
0	0
75	0
9	0
0	0
0	0
0	76
0	29
0	145
0	144
0	144
0	144
0	141
0	144
0	152
0	149
0	152
0	152
0	152
0	68
0	25
1	136
0	92
0	88
0	66
0	104
0	126
0	86
4	98
14	82
0	56
0	39
0	51
0	17
0	44
0	53
0	51
0	47
0	46
0	50
0	43
0	30
0	43
0	42
0	25
0	43
0	42
0	30
0	42
0	32
0	21
10	10
12	2
0	0
0	0
0	152
140	152
5	39
0	19
0	0
0	0
0	0
0	0
2	4776
0	625
0	653
0	4785
0	4759
0	190
3	102
0	4703
0	76
0	10
0	2766
47	2017
4	387
4	93
0	0
0	0
0	0
0	0
0	0
0	0
0	8
0	14
0	10
0	11
0	12
3	13
0	6
0	14
0	14
0	10
0	0
0	14
0	8
0	6
0	5
0	3
0	3
0	1
0	4
0	5
0	5
0	0
0	5
0	0
0	1
2	3
0	3
0	2
0	0
0	0
0	45
0	51
0	245
0	204
0	236
1	54
1	4
0	20
0	15
8	14
0	11
0	49
0	45
1	22
0	70
0	55
1	0
0	5
0	5
0	5
0	5
0	1
0	1
0	1
0	12
0	0
0	12
0	0
0	7
0	12
0	5
22	28
0	28
0	18
0	18
0	18
0	18
0	18
1	17
0	18
0	5
0	18
0	18
0	18
0	18
0	18
0	18
0	0
0	7
0	4
1	7
0	5
0	2
4	7
0	6
0	9
0	7
0	0
0	0
0	0
0	4
0	4
0	4
0	4
0	3
1	0
474	136
0	136
0	0
0	0
0	0
0	0
6	51
0	49
0	5
0	45
1	4
0	32
0	30
0	3
0	16
0	2
10	24
0	16
0	23
0	12
0	14
0	14
0	2
1	5
0	9
0	3
0	2
0	1
0	0
0	0
0	0
0	0
0	0
0	0
0	0
0	0
0	0
0	0
0	0
0	0
0	0
0	0
0	0
0	0
0	0
0	0
220	199
4	172
1	3
31	201
8	78
2	142
0	62
1	96
1	132
5	113
22	121
4	147
0	133
3	86
28	70
5	68
3	10
0	0
0	0
0	0
2883	0
0	18391
0	17392
0	17241
0	17967
0	15956
4	16024
0	16911
10	2314
0	12335
29	2889
6	1116
0	2074
1	1448
0	848
1	1683
0	1095
0	1094
0	1050
0	1784
0	1760
2	137
0	119
3	85
0	101
0	150
0	93
0	81
1	44
0	0
0	0
0	0
0	0
0	0
0	0
0	10
0	153
0	180
0	165
0	200
0	177
0	171
0	213
0	133
0	173
33	212
0	181
0	149
0	126
2	15
0	178
0	31
10	150
0	99
0	2
1	112
0	101
4	91
4	67
0	41
0	0
0	0
0	0
0	0
0	0
0	0
0	0
0	0
0	0
0	0
0	0
0	0
0	0
0	0
0	0
0	0
0	0
0	0
0	0
0	0
0	0
0	0
0	0
0	0
0	3
0	3
0	3
0	3
0	3
0	3
0	2
0	3
2	3
0	3
0	3
7	3
1	2687
419	1930
0	2764
20	251
0	240
0	172
3	958
0	128
1	109
2	56
0	1036
2	125
13	325
10	482
1	1006
0	239
0	154
0	900
0	88
1	107
4	60
45	234
5	20
0	81
12	572
2	943
0	1940
0	2270
0	2449
46	2434
0	656
0	970
0	721
0	86
2	592
3	255
1	508
0	270
1	1
5	1
0	160
0	623
0	70
2	590
0	105
0	134
0	348
2	123
2	587
1	451
0	492
1	5
0	5
0	5
0	2
0	0
0	1
0	0
19	6
0	6
1	2
1	1165
0	1137
0	1162
58	704
0	396
0	194
0	106
713	0
4	191
2	175
5	200
0	207
2	155
0	142
6	10
1	45
1039	0
0	96
0	96
0	2
0	20
0	5
0	25
0	32
0	21
0	45
0	11
0	9
0	10
1	550
1	172
0	557
59	549
2	36
0	25
3	482
6	325
0	463
1	483
0	505
7	440
3	442
0	56
0	1
0	1
0	1
0	1
0	0
0	1
0	1
0	1
0	0
0	0
0	6
5	74
0	74
1	70
0	17
0	43
0	5
2198	219
1	115
0	198
0	58
144	830
0	1899
0	1179
0	1872
0	803
0	1565
3	1556
0	1554
1	0
0	48
0	83
0	82
0	325
0	31
0	1442
25	1185
0	1374
0	1234
0	1308
1	85
0	318
0	361
1	1
0	1
4	0
93	1215
1	901
0	349
500	136
6	150
0	150
0	148
0	152
0	138
0	151
0	149
2	17
0	13
0	156
0	19
0	136
0	28
1	18
0	13
0	152
1	108
0	9
0	142
3	132
0	7
0	4
0	125
0	15
2	7
0	12
6	38
0	47
0	43
1	33
0	21
0	15
1	969
1	997
8	50
3	920
2	73
5	1345
0	274
0	147
0	1301
0	1216
0	146
9	156
7	87
0	236
1	245
0	21
0	0
6	0
0	0
0	0
0	0
0	0
0	0
0	0
0	0
0	0
0	0
0	0
0	0
0	0
0	0
0	0
0	27
1	20
0	13
0	19
0	5
0	3
0	0
1	6
0	11
0	3
1	0
0	0
0	0
0	0
0	0
0	0
0	0
0	0
0	0
0	0
0	0
0	0
0	0
0	0
0	0
0	0
0	0
0	0
0	0
0	0
0	0
0	0
0	0
0	0
0	0
0	0
0	0
0	0
0	0
0	0
0	0
0	0
0	0
0	0
0	0
0	0
0	0
0	0
0	0
0	0
0	0
0	0
0	0
0	0
0	0
0	0
0	0
0	0
0	0
0	0
0	0
0	0
0	0
0	0
0	3564
0	3542
25	1821
0	509
3	294
2	211
0	392
0	153
0	34
1	223
0	413
0	299
0	285
0	418
4	244
2	105
0	278
1	231
0	382
0	122
31	27
54	16
0	2
0	2
1	8
0	42
4	62
0	11
0	9
0	0
0	0
272	179
0	179
1	170
2	3
0	68
0	171
0	0
1041	1102
2	860
1	32
1	759
4	294
0	0
0	38
4	38
5	12
0	31
0	27
0	28
0	146
4	149
0	144
0	149
2	144
0	142
0	113
0	22
0	11
0	0
0	0
0	0
0	139
107	0
0	5
0	1
0	5
1	89
0	814
0	80
0	57
3	15
0	21
0	48
0	52
0	814
223	165
0	59
2	43
0	128
0	26
1	31
0	133
0	66
1	1155
0	0
0	0
0	233
0	69
0	16
0	41
0	217
14	167
2	44
0	56
1	74
2	1
2	825
0	1095
1	49
51	1085
6	5654
0	3264
0	4728
0	4829
2	2670
1	0
0	567
7	538
0	134
4	97
0	4
4	263
17	276
1	213
0	67
0	0
1	0
0	0
0	0
11	6
0	3
2	4
0	21
3	19
0	6
0	0
0	2
1	2
0	0
0	0
0	1352
9	908
0	1678
13	1621
0	1576
0	1146
7	1528
2	383
1	238
12	202
5	79
0	372
0	172
0	185
4	447
2	0
0	0
0	0
0	63
1	648
0	2
1	2
5	601
0	645
2	5
0	627
0	601
1	618
0	636
1	642
0	627
0	605
0	594
0	618
0	547
0	644
0	621
0	606
0	645
0	26
0	137
0	646
0	596
0	666
0	631
0	117
0	636
0	82
0	479
0	198
0	486
0	486
0	167
0	485
0	91
0	149
1	239
0	89
0	8
0	3
0	2
1	2
0	1455
0	1397
0	1403
0	103
0	6
0	118
0	1396
0	4
4	0
1	6
0	4
0	1454
1	107
0	146
0	6
0	6
0	10
0	61
0	148
0	1352
0	6
0	0
0	1327
0	74
192	89
0	1009
0	34
0	90
0	14
0	437
24	110
0	388
0	335
0	37
0	55
3	16
0	150
0	280
0	3501
0	2010
11	1956
31	48
3	231
97	146
352	94
0	0
0	0
0	0
0	0
68	70
1	36
0	0
0	7
0	5
0	2
0	8
0	2
0	1
0	2
0	0
0	0
0	5
0	6
0	3
0	0
0	0
0	0
0	0
0	0
0	0
0	0
2	5051
0	5008
15	5046
3	1165
0	1570
0	5068
0	916
1	459
35	1557
1	1220
8	2107
3	0
0	0
0	0
0	0
0	0
0	0
0	0
0	0
6	0
0	0
0	1377
0	1020
0	270
1	255
0	403
0	77
1	286
6	0
0	71
182	1364
17	136
0	71
0	685
0	973
0	1196
0	136
0	85
0	174
0	669
0	336
0	47
0	121
0	91
10	78
3	26
11	52
0	50
1	46
1	15
0	11
0	210
0	87
0	223
0	209
10	211
2	6
0	24
0	215
0	193
0	12
0	478
14	622
170	164
1	93
1	121
2	73
1	204
2	29
25	124
0	56
0	32
133	283
0	179
0	124
0	61
0	14
85	69
0	48
1	24
1	22
4	23
1	78
6	49
0	34
0	162
0	2
0	128
1	15
0	39
0	2
0	165
0	0
0	9
0	0
3	12
1	320
1	154
0	187
12	194
3	139
0	348
0	15
0	4
8	35
0	6
0	5
1	4
0	1
0	2
0	3
0	3
1	6
3	201
1	188
0	182
0	204
0	208
5	202
0	206
17	195
0	120
1	245
0	217
0	217
0	148
1	67
0	81
0	61
1	22
32	11
14	249
24	192
0	249
1	207
0	38
0	26
0	249
0	0
0	0
1	114
0	163
46	53
0	116
0	16
0	11
5	40
0	6
1	20
0	19
0	87
0	77
0	90
0	89
3	345
0	6
0	30
1	6
0	59
0	28
0	18
0	331
0	489
1	5
0	5
0	5
0	1
0	4
0	1
0	0
0	0
0	0
0	0
0	0
0	0
0	0
0	0
0	0
0	170
3	43
6	101
0	144
0	89
0	0
0	267
0	308
7	267
1	308
3	308
0	1
0	0
0	0
0	0
0	0
0	0
0	0
0	1
0	1
0	1
0	14
0	4
0	2
0	13
0	15
0	342
0	365
6	124
0	30
0	158
0	152
0	4
1	3
1	6
0	6
0	158
0	157
1	0
0	0
0	27
1	83
0	3
0	3
2	3
0	0
0	6
0	0
0	6
0	6
0	0
0	0
0	66
0	8
10	43
0	58
0	25
0	5
0	102
0	10
0	40
0	99
0	86
0	94
0	2431
1	2405
0	643
0	657
7	2432
0	699
7	2339
0	1355
2	989
0	2
0	741
0	328
2	307
0	2467
0	0
0	0
2	485
1	6
21	482
0	30
2	490
1	36
0	152
2	279
0	65
2	73
0	4326
0	4482
1	4403
5	4490
0	2486
0	4492
0	0
0	0
0	0
0	0
0	0
0	0
0	0
0	0
0	0
0	0
0	0
0	0
0	9
0	9
0	9
0	1
0	3
0	3
0	3
0	3
0	2
0	0
0	1
0	1
0	0
0	0
0	0
0	0
0	0
0	0
0	0
0	0
0	5400
9	2385
4	189
0	133
0	97
4	57
0	5385
0	5374
0	782
1	710
31	574
8	250
0	186
0	146
0	151
1	96
6	816
1	104
3	94
3	86
0	45
15	8
27	0
0	0
0	0
0	0
0	0
0	0
0	0
0	0
0	7
0	7
1	3
382	0
0	1
0	1
0	0
2	756
8	888
0	927
0	992
27	827
0	702
2	605
2	12
0	175
22	121
0	402
8	1706
0	1785
0	254
6	1726
6	1717
1	221
3	121
0	341
1	397
0	992
3	159
2	225
4	375
12	51
0	1
0	373
2	22
0	0
0	812
1	715
0	799
0	792
0	805
0	813
0	341
0	98
0	118
1	110
3	11
0	11
0	0
0	0
0	0
3	4037
0	4777
0	4860
2	4672
6	4708
0	4746
0	4595
2	1190
0	4358
6	404
0	1
0	1235
0	1235
0	597
20	366
0	175
0	1
82	47
0	0
0	0
0	0
0	0
0	0
0	0
0	0
0	17
3	17
0	16
0	13
0	16
0	16
1	1
0	1
0	5
0	5
0	4
0	5
0	5
0	3
0	14
0	15
0	13
0	8
0	8
0	2
0	2
0	2
0	2
0	0
0	0
7	262
0	260
0	251
0	249
1	250
40	253
0	0
0	0
0	0
0	0
0	0
0	1691
0	1309
0	1681
541	819
4	1469
0	919
250	244
50	509
2	109
28	485
21	350
0	77
20	109
2	92
0	3
0	50
0	51
0	59
0	46
4	10
19	908
0	953
0	931
0	952
0	133
1	125
2	103
0	11
6	192
135	192
2	26
0	15
0	40
2	124
2	116
3	36
0	108
1	72
0	17
1	9
0	39
1	45
0	6
541	651
30	722
4	494
0	722
0	0
0	0
0	0
2	0
0	0
0	0
0	0
0	0
0	0
0	0
0	0
0	0
1	0
0	0
0	0
1	31
0	31
0	0
0	0
0	0
0	0
0	0
0	0
0	0
0	0
0	0
0	0
0	0
0	0
0	0
1	0
0	0
0	0
1	0
0	0
0	0
0	0
0	0
0	0
0	0
0	0
0	0
0	0
0	0
0	0
0	0
3	0
0	0
0	0
0	0
0	0
0	0
0	0
0	0
0	0
0	0
0	0
0	0
0	0
0	2
0	2
0	0
0	0
0	0
0	0
0	0
0	0
0	1
0	0
0	0
0	0
0	0
0	1
0	0
0	0
0	0
0	0
0	0
0	0
0	0
0	0
0	0
0	0
0	0
0	0
0	0
0	0
0	0
0	0
0	0
0	0
0	0
0	0
0	0
0	0
0	0
0	0
0	0
0	0
0	0
0	0
0	0
0	0
0	0
0	0
0	0
0	0
0	0
0	0
0	0
0	0
0	0
0	0
0	0
0	0
0	0
0	0
0	0
0	0
0	0
0	0
0	0
0	0
0	0
0	0
0	0
0	0
0	0
0	0
0	0
0	0
0	0
0	0
0	0
0	0
0	0
0	0
0	0
0	0
0	0
0	0
0	2
0	0
0	0
0	0
0	0
0	0
0	0
0	0
0	0
0	0
0	0
0	0
0	0
0	0
0	0
0	0
0	0
0	0
0	0
0	0
0	2
0	0
0	0
0	0
0	0
0	0
0	0
0	0
0	0
0	0
0	0
0	0
0	0
0	0
0	0
0	0
0	0
0	0
0	0
0	0
0	0
0	1
0	0
0	0
0	1
0	0
0	0
0	0
0	1
0	0
0	0
0	0
0	0
0	0
0	0
0	0
0	0
0	0
0	0
0	1
0	0
0	0
0	0
0	1
0	0
3	0
0	0
0	0
0	0
0	0
0	0
0	0
0	0
0	0
0	0
0	0
0	0
0	0
0	0
0	0
0	1
0	0
0	0
0	0
0	0
0	0
0	0
0	0
0	0
0	0
0	0
0	2
0	0
0	0
0	0
0	0
0	0
0	0
0	0
0	0
0	0
0	0
0	0
0	0
0	0
0	0
0	0
0	0
0	2
0	0
0	0
0	0
0	0
0	0
0	0
0	0
0	0
0	0
0	0
0	0
0	0
0	0
0	0
0	0
0	0
0	0
0	0
0	0
0	0
0	0
0	0
0	0
0	0
0	0
0	0
0	0
0	0
0	0
0	0
0	0
0	0
0	0
0	0
0	0
0	0
0	0
0	0
0	0
0	0
0	0
0	0
0	0
0	0
0	0
0	0
0	0
0	0
0	0
0	0
0	0
0	0
0	0
0	0
0	0
0	0
0	0
0	0
0	0
0	0
0	0
0	0
0	0
0	0
0	0
0	0
0	0
0	0
0	0
0	0
0	0
0	0
0	0
0	0
0	0
0	0
0	0
0	0
0	0
0	0
0	0
0	0
0	0
0	0
0	0
0	0
0	0
0	0
0	0
0	0
0	0
0	0
0	0
0	0
0	0
0	0
0	0
0	0
0	0
0	0
0	0
0	0
0	0
0	0
0	0
0	0
0	0
0	0
0	0
0	0
0	0
0	0
0	0
0	0
0	0
0	0
0	0
0	0
0	0
0	0
0	0
0	0
0	0
0	0
0	0
0	0
0	0
0	0
0	0
0	0
0	0
0	0
0	0
0	0
0	0
0	0
0	0
0	0
0	0
0	0
0	0
0	0
0	0
0	0
0	0
0	0
0	0
0	0
0	0
0	0
0	0
0	0
0	0
0	0
0	0
0	0
0	0
0	0
0	0
0	0
0	0
0	0
0	0
0	0
0	0
0	0
0	0
0	0
0	0
0	0
0	0
0	0
0	0
0	0
0	0
0	0
0	0
0	0
0	0
0	0
0	0
0	0
0	0
0	0
0	0
0	0
0	0
0	0
0	2
0	0
0	0
0	0
0	0
0	0
0	0
0	0
0	0
0	0
0	0
0	0
0	0
0	0
0	0
0	0
0	0
0	0
0	0
0	0
0	0
0	0
0	0
0	0
0	0
0	0
0	0
0	0
0	0
0	0
0	0
0	0
0	0
0	0
0	0
0	0
0	0
0	0
0	0
0	0
0	0
0	0
0	0
0	0
0	0
0	0
0	0
0	0
0	0
0	0
0	0
0	0
0	0
0	0
0	0
0	0
0	0
0	0
0	0
0	0
0	0
0	0
0	0
0	0
0	0
0	0
0	0
0	0
0	0
0	0
0	0
0	0
0	0
0	0
0	0
0	0
0	0
0	0
0	0
0	0
0	0
0	0
0	0
0	0
0	0
0	0
0	0
0	0
0	0
0	0
0	0
0	0
0	0
0	0
0	0
0	0
0	0
0	0
0	0
0	0
0	0
0	0
0	0
0	0
0	0
0	0
0	0
0	0
0	0
0	0
0	0
0	0
0	0
0	0
0	0
0	0
0	0
0	0
0	0
0	0
0	0
0	0
0	0
0	0
0	0
0	0
0	0
0	0
0	0
0	0
0	0
0	0
0	0
0	0
0	0
0	0
0	0
0	0
0	0
0	0
0	0
0	0
0	0
0	0
0	0
0	0
0	0
0	0
0	0
0	0
0	0
0	0
0	0
0	0
0	0
0	0
0	0
0	0
0	0
0	0
0	0
0	0
0	0
0	0
0	0
0	0
0	0
0	0
0	0
0	0
0	0
0	0
0	0
0	0
0	0
0	0
0	0
0	0
0	0
0	0
0	0
0	0
0	0
0	0
0	0
0	0
0	0
0	0
0	0
0	0
0	0
0	0
0	0
0	0
0	0
0	0
0	0
0	0
0	0
0	0
0	0
0	0
0	0
0	0
0	0
0	0
0	0
0	0
0	0
0	0
0	0
0	0
0	0
0	0
0	0
0	0
0	0
0	0
0	0
0	0
0	0
0	0
0	0
0	0
0	0
0	0
0	0
0	0
0	0
0	0
0	0
0	0
0	0
0	0
0	0
0	0
0	0
0	0
0	0
0	0
0	0
0	0
0	0
0	0
0	0
0	0
0	0
0	0
0	0
0	0
0	0
0	0
0	0
0	0
0	0
0	0
0	0
0	0
0	0
0	0
0	0
0	0
0	0
0	0
0	0
0	0
0	0
0	0
0	0
0	0
0	0
0	0
0	0
0	0
0	0
0	0
0	0
0	0
0	0
0	0
0	0
0	0
0	0
0	0
0	0
0	0
0	0
0	0
0	0
0	0
0	0
0	0
0	0
0	0
0	0
0	0
0	0
0	0
0	0
0	0
0	0
0	0
0	0
0	0
0	0
0	0
0	0
0	0
0	0
0	0
0	0
0	0
0	0
0	0
0	0
0	0
0	0
0	0
0	0
0	0
0	0
0	0
0	0
0	0
0	0
0	0
0	54
0	12
0	0
0	5
245	1044
8	1044
3	771
9	573
0	767
1	0
1	0
0	0
0	0
0	0
0	0
0	0
0	0
0	0
0	0
0	0
0	0
0	0
0	0
0	0
0	8
1	9
0	6
0	7
0	8
0	0
0	0
1	1
0	1
0	0
0	0
0	15
0	3
0	2
0	10
0	11
4	12
0	0
0	0
1	0
0	0
0	1
0	4
0	1
0	4
2	4
0	0
0	0
0	0
0	0
0	0
0	0
0	0
0	0
0	0
0	0
0	0
0	0
0	0
0	0
0	0
0	0
0	16
0	21
8	21
7	26
182	6
1	22
0	5
1	12
13	2
0	2
0	2
0	1
0	1
0	3
0	2
0	1
0	2
0	1
1	0
0	1
0	1
0	0
0	0
0	0
0	0
0	0
0	0
0	0
1	8
0	7
0	8
1	8
0	7
1	6
0	0
0	0
0	0
0	0
0	15
0	15
0	15
0	7
1	248
0	48
0	641
0	521
0	666
0	1558
0	411
0	29
0	780
0	40
0	834
1	919
1	1245
1	1170
0	496
0	683
0	627
0	577
0	823
5	1019
0	622
0	139
0	262
0	86
1	719
0	628
24	171
0	517
0	70
0	0
0	0
0	3
0	5
1	6
0	7
0	4
0	6
0	8
0	3
1	1
0	0
0	2
0	5
0	2
0	0
0	3
0	3
1	2
0	0
0	51
0	51
0	0
0	0
0	0
6	685
0	526
0	493
0	583
0	938
11	753
5	785
0	739
186	588
0	573
0	587
0	1
0	23
0	693
0	736
0	773
0	253
0	756
0	756
0	0
0	0
0	0
0	0
0	0
0	0
0	0
0	2
0	2
0	0
0	0
0	0
0	1
0	1
0	0
0	1
0	0
0	0
0	0
0	0
0	0
0	0
0	1
0	1
0	0
19	0
0	0
0	0
0	0
0	0
0	0
0	0
0	0
0	0
0	0
0	0
0	0
0	0
0	0
0	0
0	0
15	37
0	0
0	1
0	1
0	0
0	0
0	0
0	0
0	0
0	0
0	0
0	0
0	0
0	0
0	0
0	0
0	0
0	0
0	0
0	0
0	0
0	0
0	0
0	0
0	0
0	0
0	0
0	0
5	0
0	0
0	0
0	0
0	0
0	0
0	0
0	0
0	0
0	0
0	0
1	7
0	0
2	2
0	2
0	0
0	0
0	0
0	0
0	0
0	0
0	0
0	0
0	0
0	0
0	0
0	0
0	0
0	0
0	0
0	1
0	1
0	1
0	1
0	0
0	0
0	0
0	0
0	0
0	0
0	0
0	0
0	0
0	0
0	0
0	0
1	0
0	0
0	0
0	1
0	0
0	0
0	0
1	1
0	0
0	1
0	48
2	95
0	47
5	20
0	13
0	21
8	23
0	57
3	6
0	5
0	2
3	6
0	7
0	3
1	3
2	8
0	0
0	1
0	1
2	4
0	4
0	0
0	0
1	0
0	0
0	0
0	0
0	0
0	0
0	0
4	1
0	0
0	0
2	1
0	0
0	0
0	0
0	0
0	0
0	0
0	2
0	2
0	3
0	2
0	2
0	2
0	3
0	2
0	1
0	0
0	0
0	0
0	0
0	0
0	0
0	7
0	7
0	0
0	0
0	0
0	7
0	4
1	3
0	2
0	6
0	4
1	6
1	1
6	0
0	0
1	4
0	4
2	2
0	3
0	3
0	3
0	2
0	0
0	0
0	0
0	0
0	0
0	0
0	0
0	179
12	149
13	121
3	121
2	159
435	307
4	124
1	30
0	83
0	241
1	47
0	22
5	195
8	28
0	0
0	0
0	0
0	0
0	0
0	0
0	0
0	0
1	0
0	0
2	0
0	0
0	0
1	0
0	0
0	0
0	0
0	0
0	0
4	11
32	134
6	29
0	63
10	105
0	137
0	154
1	21
0	1929
19	1904
5	1678
0	859
0	884
1	900
0	869
0	72
0	658
0	770
15	574
2	325
13	222
5	0
0	0
0	0
0	1
0	1
0	2
0	0
0	0
0	0
0	1
0	0
0	0
0	0
1	1
0	0
0	0
0	0
0	0
0	0
0	0
0	0
0	0
0	0
0	14
0	14
0	1
0	2
0	0
0	2
1	3
0	0
0	0
0	3
5	1
0	1
0	0
0	0
4	7
0	7
0	0
0	2
0	13
0	1
16	13
0	11
0	5
0	0
0	0
0	0
1	0
1	0
2	4
0	8
8	1
0	5
1	4
0	0
0	0
0	16
0	30
0	331
0	17
0	335
0	326
12	7
2	345
3	93
7	58
0	45
0	56
0	81
0	275
6	42
9	275
0	0
0	0
0	0
0	0
1	0
0	0
1	0
0	0
0	0
0	0
0	0
0	0
0	0
0	0
0	0
0	0
0	0
1	0
0	0
0	0
0	0
0	0
53	108
0	15
0	28
0	122
0	5
0	16
13	5
25	4
0	11
1	15
0	122
0	5
0	98
7	29
5	80
0	0
0	0
0	0
0	0
0	0
0	0
0	0
0	0
0	0
1	0
4	0
0	0
0	0
0	0
0	0
0	0
0	0
0	8
0	0
0	0
0	0
0	14
0	15
0	13
0	12
1	10
0	2
0	0
0	0
0	0
0	0
0	0
0	0
0	0
0	0
0	0
0	0
0	2
0	2
0	2
0	0
1	2
0	2
0	0
0	0
0	0
0	0
0	0
0	0
0	0
0	0
0	0
0	0
0	0
0	0
0	0
0	0
0	0
36	168
0	161
0	21
1	11
0	13
0	7
0	7
0	4
0	3
0	5
0	3
0	1
1	0
0	12
0	0
0	15
0	17
0	1
2	1
8	13
1	10
0	7
1	6
0	0
0	0
0	0
0	0
0	0
0	0
0	0
0	0
0	0
0	0
0	0
0	0
0	0
0	0
0	0
0	0
0	0
0	0
0	0
0	0
0	0
0	0
0	0
0	0
0	0
40	47
0	43
16	33
0	30
1	18
1	0
0	0
0	1
0	1
0	0
0	0
0	0
0	0
0	0
0	0
0	0
0	0
0	0
0	0
29	10
0	9
0	10
0	0
0	0
0	0
0	0
0	0
0	0
0	0
0	0
0	0
2	0
0	0
0	0
0	0
5	5
0	5
0	1
0	4
1	1
0	1
0	0
1	0
0	0
0	0
0	0
0	0
0	0
0	0
0	0
0	0
0	1
0	0
0	448
0	69
146	701
1	189
0	673
7	694
0	606
0	407
0	417
3	11
0	146
0	85
5	165
0	72
0	44
0	0
0	0
0	0
0	0
0	0
1	0
0	4
0	3
0	3
0	3
0	0
0	0
0	0
0	0
0	0
0	0
0	0
0	0
0	0
0	0
0	153
0	0
0	436
0	71
0	0
0	0
0	0
0	1
0	0
0	0
0	0
0	41
0	52
0	44
0	24
0	0
0	1
0	0
0	0
0	0
0	0
0	0
0	0
0	0
0	0
0	0
0	0
0	0
0	0
0	0
0	0
0	0
0	442
2	19
0	0
0	1
0	0
0	0
0	0
0	0
0	0
0	0
0	2
0	2
0	0
0	0
0	0
0	0
0	0
0	0
0	0
0	0
0	0
0	0
0	0
0	0
0	0
0	0
0	0
0	0
0	0
0	0
0	0
0	0
0	0
0	0
0	1
0	0
0	0
1	0
0	17
0	19
0	16
1	1
3	13
0	25
0	80
11	1932
0	1331
0	701
2	900
0	414
0	726
0	546
1	420
0	648
0	267
0	126
0	0
0	0
0	2
0	2
0	2
0	9
0	0
0	0
0	126
0	0
0	18
0	17
0	1815
0	2254
0	115
0	2
0	68
2	35
0	190
0	0
0	0
0	0
0	1
0	191
0	59
3	55
2	40
0	1
2	26
0	0
0	0
0	0
0	0
0	0
16	405
0	129
2	6
0	0
0	13
1	96
0	473
0	134
0	163
0	119
0	74
0	75
0	0
0	2
0	0
0	0
9	54
0	11
0	15
20	2
0	0
0	0
0	0
0	0
0	0
0	0
0	0
0	126
0	33
0	101
0	76
0	77
0	56
0	174
18	45
0	45
14	7
0	3
0	1
0	5
0	0
0	1624
13	129
14	982
126	366
0	25
0	0
0	6
0	6
0	37
3	21
0	11
0	5
0	11
0	0
0	0
0	0
0	0
0	142
0	0
0	0
0	1
0	1
0	3
0	1
0	4
0	1
0	3
0	1
0	4
0	0
2	0
0	0
0	251
0	325
0	343
0	225
0	15
0	0
0	0
0	0
0	0
0	0
0	0
0	0
0	3
0	0
0	0
0	58
0	48
0	59
0	57
0	60
0	3
0	2
0	0
0	2
0	2
0	0
0	0
0	0
0	0
0	0
0	0
0	0
0	2
0	1
0	0
0	0
0	1
0	1
0	69
0	20
0	0
0	0
0	0
0	604
2	752
0	103
0	69
0	22
0	5
6	26
0	241
1	0
0	78
67	411
0	1532
0	520
0	0
0	0
0	0
0	0
0	0
0	1
0	1
0	1
0	1
0	1
0	1
0	1
0	0
0	59
0	745
35	1301
4	149
0	85
0	484
0	0
0	0
0	0
0	0
0	0
0	0
0	0
0	0
0	0
0	0
0	0
0	0
1	0
0	3
31	0
0	0
0	0
0	0
0	0
0	0
0	0
0	0
0	0
0	0
0	0
0	0
0	0
0	0
0	0
0	0
0	0
0	0
0	0
0	0
0	0
0	0
0	0
0	0
0	0
0	0
0	16
0	13
0	1
0	1
0	0
0	0
0	0
0	0
0	0
0	0
0	0
0	0
0	0
0	0
0	0
0	0
0	0
0	0
0	64
0	16
0	0
0	0
0	0
0	0
0	0
0	0
0	0
0	0
0	0
0	0
0	0
0	0
0	0
0	0
0	0
0	0
0	0
0	0
0	0
0	0
0	0
0	0
0	0
0	3
0	1
0	3
0	1
0	4
0	0
0	0
0	0
0	0
0	0
0	0
0	0
0	0
0	0
0	0
0	0
0	0
0	0
0	2
0	0
0	0
0	0
0	0
0	0
0	0
0	0
0	0
0	2
5	1
0	2
5	2
0	2
0	1
0	0
0	17
0	0
0	0
0	48
0	44
0	29
4	94
0	7
0	83
1	42
0	22
0	22
0	39
0	2
0	1
0	3
0	2
0	2
0	3
0	4
0	67
0	20
0	18
3	4
0	3
0	1
2	0
1	1
0	0
0	0
0	0
1	2
7	1
7	2
0	0
5	65
0	52
0	2
0	0
1	1
0	1
1	1
0	0
0	0
0	96
6	0
0	0
4	514
5	68
0	124
3	0
0	0
0	1
0	0
0	0
0	0
0	0
0	0
0	1
0	3
0	1
0	10
0	2
0	0
0	0
0	0
0	0
0	0
0	0
0	0
0	0
0	0
0	9
13	21
99	28
1	12
0	12
0	6
3	16
0	13
0	0
0	1
0	1
0	0
0	0
0	1
1	20
0	16
0	13
0	20
1	22
1	26
0	15
0	7
0	15
1	12
0	9
0	0
0	0
0	2
0	0
0	2
0	0
0	69
0	518
0	815
1	477
0	735
0	892
0	669
0	550
0	563
8	79
0	1
0	46
0	64
1	50
0	16
0	2
0	36
0	242
0	244
0	18
0	27
0	27
0	254
0	544
0	195
0	0
0	0
0	0
0	0
183	23
0	23
5	19
9	4
3	7
0	4
15	10
11	17
12	14
0	12
0	15
0	14
0	0
0	0
0	0
0	0
0	2
0	0
0	2
0	0
0	0
2	2
14	1
0	2
11	10
1	1
0	2
0	1
2	0
8	3
0	0
0	0
0	0
0	0
0	0
0	0
0	0
90	101
0	13
2	30
1	56
1	25
0	1
0	3
0	0
0	0
0	0
0	0
0	0
0	0
1	14
1	52
0	67
0	14
0	23
2	0
0	24
0	23
7	23
11	21
9	29
4	14
9	16
0	15
15	16
0	16
13	46
25	13
0	18
2	90
0	57
0	51
0	0
0	0
0	0
0	0
0	1
0	0
0	0
0	0
0	0
0	0
0	1
0	0
0	0
0	0
0	0
0	0
0	0
0	0
0	0
0	0
0	0
0	5
0	1
0	1
0	1
0	1
0	3
0	0
0	0
0	0
0	0
0	23
0	27
0	27
0	2
0	2
0	4
0	0
0	4
0	0
0	0
0	0
0	0
0	34
0	23
0	0
0	0
0	0
0	0
0	0
0	0
0	0
0	19
58	32
1	8
0	12
0	10
9	5
6	2
0	7
0	0
0	0
0	0
1	0
0	12
0	1
0	5
0	0
0	0
0	0
0	0
0	0
0	0
0	147
1	154
0	154
0	72
2	27
0	26
7	8
0	0
0	0
0	0
0	0
0	0
0	0
0	0
0	0
0	0
0	752
0	671
0	190
1	0
0	0
0	0
0	0
1	169
11	28
0	28
0	71
0	41
1	159
0	170
14	169
0	26
0	89
0	39
9	167
0	171
174	25
0	0
0	0
0	0
1	1
0	1
0	1
0	0
0	0
0	0
0	1
1	1
0	0
0	0
0	0
0	0
0	0
0	0
0	0
0	0
0	0
0	24
0	0
0	0
0	24
0	141
0	183
0	75
0	18
2	2
1	62
0	0
0	4
10	56
0	57
0	24
10	146
0	145
0	0
0	0
0	0
0	0
0	0
0	0
0	0
0	0
0	0
0	0
1	0
0	0
0	0
0	0
0	0
0	0
0	8
3	12
0	49
97	958
0	1
0	0
0	5
0	0
266	181
0	175
0	1
0	1
0	1
0	0
0	0
0	0
0	0
0	0
0	1
0	1
0	0
0	0
0	0
0	0
0	0
0	1
0	0
0	1
0	0
0	0
0	9
0	0
0	0
0	0
0	0
0	42
0	97
0	0
0	41
12	522
1	213
0	0
0	7
0	6
0	14
0	3
0	1
0	0
0	0
0	48
2	106
0	131
5	346
0	853
8	831
0	708
0	4
0	6
0	1
0	0
0	0
8	46
3	45
0	46
23	211
0	194
1	1
0	3
0	4
2	2
15	4
0	2
0	1
0	0
0	0
18	428
20	428
134	592
0	422
1	49
0	6
0	1
0	115
0	312
0	0
0	0
0	1
0	1
0	1
0	0
0	0
0	1187
0	0
0	12
0	22
0	0
0	0
0	0
0	0
8	14
0	1
1	11
0	5
0	0
0	68
0	33
0	3
0	5
1	0
9	4
1	4
1	0
0	1
0	0
0	0
44	30
0	27
3	13
1	7
8	85
1	20
36	48
0	0
0	0
0	1
0	0
0	0
0	0
0	0
0	1
0	0
1	0
0	2
0	0
0	0
0	0
0	0
4	312
2	298
0	153
0	0
0	0
0	0
0	0
10	28
4	4
3	3
0	0
0	68
0	19
2	14
0	0
1	1
0	1
1	1
0	19
0	0
0	0
0	2
0	2
1	0
0	0
0	0
0	2
0	1
0	2
0	2
0	0
0	0
0	2
1	60
0	59
5	5
0	10
0	27
0	2
0	0
0	0
8	256
0	0
0	0
0	0
2	35
0	5
0	17
8	17
0	14
0	0
0	0
0	0
0	1
0	1
0	0
0	0
0	1
0	0
0	0
7	0
0	1
0	48
0	20
0	19
0	11
2	0
0	0
5	0
0	0
0	0
0	1
0	1
0	0
0	0
0	0
0	1
0	0
0	0
0	0
0	1
2	0
0	2
1	49
20	46
2	1
1	1
2	148
0	127
0	150
0	0
0	0
0	0
0	2
0	2
0	744
0	1086
0	373
21	573
1	75
1	19
0	0
0	0
1	0
0	0
0	0
0	0
0	0
0	0
0	0
0	0
0	0
0	0
0	1
0	0
0	0
0	0
0	21
0	69
0	19
18	219
0	245
0	90
0	0
0	0
0	0
0	0
0	0
0	0
0	0
0	86
0	88
0	0
0	0
0	0
0	3
0	3
0	5
0	7
0	35
10	50
0	7
19	46
0	494
0	375
0	395
0	286
2	285
4	256
16	44
1	303
0	274
10	59
0	71
21	0
0	49
1	70
127	0
18	66
0	1862
4	2286
0	114
0	132
7	44
0	145
0	80
0	3
0	0
0	0
2	0
0	1
0	0
1	2175
0	2175
0	2013
0	13
0	1
0	0
0	0
0	0
0	0
0	0
0	0
0	0
0	1558
0	107
0	143
0	20
0	72
0	159
0	105
0	59
0	25
2	28
1	25
14	15
0	6
0	12
0	0
0	0
0	0
0	0
0	0
0	0
1	0
0	0
0	0
0	0
0	0
0	0
0	0
0	0
0	12
0	0
0	12
0	0
0	14
0	0
0	0
0	12
0	12
0	0
0	0
0	8
0	8
0	0
0	6
0	10
0	0
0	0
0	0
5	24
0	24
11	3
0	3
71	30
2	77
16	88
0	9
103	401
0	56
18	4
0	0
0	0
0	1465
3	67
0	106
0	103
12	116
0	0
0	0
85	0
0	0
0	0
0	0
0	6
0	358
0	41
1	4
0	4
0	91
0	197
2	199
1	94
3	25
0	33
0	75
3	2
4	2
0	0
2	6
2	39
0	39
0	2
0	1
0	1695
0	0
0	0
0	8
0	724
0	1388
0	1271
1	1352
1	1379
13	480
0	77
0	192
0	113
6	126
0	141
2	86
3	116
0	5
0	0
0	0
0	0
0	0
0	0
0	0
0	0
0	0
0	0
0	0
0	0
0	0
9	4
0	4
0	0
1	1
0	1
0	1
0	1
0	0
0	0
0	2
0	0
0	2
0	23
56	180
0	137
9	166
8	17
22	67
0	117
2	37
0	64
0	14
2	14
0	9
0	0
0	30
7	15
4	36
39	27
4	69
0	0
0	0
6	10
6	63
0	164
0	132
0	27
344	594
0	463
0	175
0	307
2	280
1	74
0	431
0	15
0	14
0	0
58	126
7	95
0	70
0	0
0	0
1	1
6	1
0	0
0	22
0	0
0	0
0	43
0	174
3	1
0	61
0	216
2	106
27	30
0	30
5	22
0	0
0	0
0	0
0	0
0	0
0	154
0	154
0	0
0	0
0	0
0	2839
0	5739
3	1523
0	3813
0	3502
0	267
0	934
0	2
0	445
0	515
0	670
3	93
0	939
0	483
3	75
0	69
0	0
1	0
0	0
134	143
1	258
0	66
1	297
0	313
0	281
0	26
43	165
0	163
0	618
0	617
0	188
0	2
1	3
0	1
0	0
1	33
0	33
0	29
11	4
0	4
0	21
0	2
0	337
0	166
0	33
0	107
1	55
0	274
1	283
0	51
0	75
2	75
0	312
0	588
0	199
0	0
0	0
0	0
4	74
1	67
3	74
0	20
0	12
0	28
191	9
0	0
0	0
0	0
0	0
0	1
0	1
0	33
0	0
1	189
0	166
0	13
2	102
2	141
0	48
0	0
0	1
0	1
0	1
0	1
0	0
0	0
0	0
0	0
0	1225
0	1148
0	0
0	0
0	0
0	0
9	127
4	123
3	124
0	0
1	63
0	23
0	3
0	2
0	14
0	315
1	34
0	128
38	37
0	315
13	103
0	0
0	0
0	0
1	207
2	221
0	209
164	176
0	53
0	0
0	0
0	3
0	0
0	2
0	0
0	0
0	0
0	0
0	4
0	37
0	0
0	64
0	37
0	36
0	11
0	0
0	217
0	203
0	220
0	154
0	145
0	169
0	140
0	43
2	10
9	1
7	1
0	0
5	0
0	0
0	16
0	15
0	0
1	26
0	2
1	2
1	0
0	2
0	0
0	0
0	0
0	0
0	0
0	0
0	0
0	0
0	0
0	0
0	0
0	0
0	0
0	0
0	0
0	100
2	0
0	0
10	29
43	35
0	6
0	0
0	0
0	0
0	0
0	0
0	0
0	1
0	23
0	25
3	11
0	2
0	0
0	0
0	0
0	0
0	0
0	0
5	93
0	92
0	0
0	0
0	52
23	156
5	40
4	6
1	3
0	0
0	0
0	0
0	0
0	155
0	182
0	195
53	173
0	111
0	7
0	35
1	41
11	49
0	90
0	2
0	5
0	10
1	128
0	0
0	0
1	0
0	0
27	84
0	47
2	44
0	46
0	8
0	16
0	12
0	4
0	2
3	1
0	0
0	0
0	0
0	0
0	0
0	0
0	0
0	0
0	0
0	0
36	112
10	145
30	65
4	534
19	406
9	272
16	14
0	285
0	0
1	8
0	10
0	24
0	28
1	22
2	23
0	1
0	0
0	0
1	0
0	0
0	29
0	28
0	8
80	158
2	152
1	39
0	26
0	0
0	0
0	17
18	106
5	108
0	108
0	1
0	1
0	0
0	77
2	0
0	0
0	0
0	0
0	0
0	0
0	0
0	0
0	0
0	0
0	0
0	0
0	0
0	0
0	0
0	0
0	0
0	0
0	0
0	0
1	0
0	0
0	2
0	2
0	6
0	13
0	4
0	22
0	6
0	3
0	0
0	2
0	3
1	3
1	0
0	0
1	2
0	2
1	2
0	0
0	0
0	0
0	0
0	0
0	0
0	0
0	0
0	0
11	70
0	50
0	6
0	4
28	194
1	2
0	90
2	2
0	78
0	0
0	0
0	0
0	0
2	1
0	0
0	0
0	0
0	0
0	0
0	0
0	0
0	0
0	0
0	0
0	0
0	0
1	0
0	3
5	2
2	1
0	0
0	0
0	0
0	1
0	0
0	8
0	8
0	251
0	325
7	135
0	1
0	0
0	0
2	1
0	6
4	5
0	3
0	0
0	0
3	37
0	37
0	0
0	0
6	59
8	39
1	9
0	2
0	2
0	0
0	0
0	0
0	0
2	222
11	195
0	45
0	216
0	8
0	8
0	0
0	0
0	0
0	0
0	0
0	0
0	0
0	0
0	0
0	0
0	0
0	0
0	0
0	0
0	0
0	0
0	0
0	0
0	0
0	0
0	1
0	1
0	0
0	0
0	6
36	5
0	5
0	2
0	4
0	3
0	0
0	0
0	0
0	0
2	56
0	57
3	55
2	2
0	4
0	0
0	0
0	0
0	0
0	0
0	0
0	0
0	1
0	1
0	0
0	0
0	0
0	0
0	0
12	41
2	48
0	48
0	41
0	43
0	23
0	6
0	7
0	0
38	291
14	98
31	95
0	79
97	195
27	12
0	44
0	15
0	0
0	0
0	0
0	0
0	0
0	0
6	0
0	119
20	130
408	217
0	2
1	14
0	17
0	10
0	0
0	0
0	3
0	0
0	0
0	3
0	2
0	2
0	22
0	5
101	25
0	9
0	3
0	2
1	26
12	6
0	2
6	0
0	0
0	0
0	0
0	0
0	336
0	0
0	9
0	246
1	115
0	138
0	57
0	87
2	2
0	0
0	0
0	0
23	347
0	266
3	13
0	21
0	24
0	0
1	0
0	0
0	0
0	0
0	0
0	0
0	0
0	0
0	0
0	0
0	0
0	0
169	179
0	0
0	0
0	75
1	154
0	0
0	0
0	0
0	0
0	0
0	0
0	0
0	0
0	0
0	0
0	0
182	217
15	202
1	165
2	13
1	22
0	73
33	161
3	49
74	188
0	195
3	138
4	184
0	0
0	0
0	0
0	0
0	0
0	0
0	0
0	0
0	0
0	0
0	0
0	0
1	0
0	0
0	0
0	0
10	3
7	31
0	1102
0	191
0	138
0	289
0	623
0	0
0	0
0	0
0	23
0	27
0	27
0	2
0	2
0	4
0	0
0	0
0	0
0	0
170	1007
9	930
21	578
3	233
0	1
3	135
2	117
8	17
0	0
0	0
0	0
0	0
0	0
0	0
0	0
0	0
0	1
1	0
0	0
0	0
1	3
4	6
8	6
0	1
0	1
0	0
0	1
0	1
0	1
6	2
307	812
0	2
0	474
0	132
0	163
0	126
0	74
0	75
0	0
0	0
0	0
0	1
16	126
0	147
0	2
0	0
0	14
1	11
0	19
4	20
2	11
8	29
17	41
0	10
0	0
0	0
0	0
0	1
0	1
0	1
0	139
0	139
0	0
0	0
1	0
0	0
0	0
0	0
1	64
9	50
0	37
3	31
0	75
12	33
25	36
0	7
0	37
0	24
0	0
0	0
1	0
17	37
0	165
5	6
7	34
0	127
170	130
0	125
12	60
0	3
0	23
0	25
0	37
0	80
0	9
0	5
0	0
0	0
0	0
0	0
0	0
0	15
1	16
0	8
4	3
9	12
0	0
5	474
13	288
0	79
0	0
0	0
0	0
0	34
3	154
1	46
0	43
1	768
0	0
0	0
0	0
0	0
0	0
0	0
0	0
0	0
0	0
0	1
0	0
0	1012
8	14
10	85
1	14
0	57
0	30
0	5
0	24
1	50
0	30
2	0
17	3
1	14
11	4
3	114
0	204
0	0
0	0
0	0
0	0
0	0
0	14
1	10
0	3
0	5
0	0
0	0
0	0
0	0
0	0
4	2
3	6
0	1132
0	371
0	23
0	240
0	210
0	138
0	119
106	29
0	0
0	0
0	0
0	0
0	0
1	0
11	156
5	156
2	253
12	90
0	0
0	0
0	0
0	126
0	25
0	96
1	40
0	1
0	0
0	0
0	349
0	1
0	7
0	23
0	4
0	23
0	0
0	0
0	10
0	4
0	10
0	10
0	1
0	15
0	8
1	1005
9	19
0	1227
1	352
0	1207
0	167
0	196
0	129
0	0
0	14
0	9
0	6
0	0
0	0
0	0
77	106
11	19
65	9
0	7
0	23
0	23
0	4
0	4
0	0
3	998
2	253
5	663
0	0
0	0
0	0
0	0
0	0
0	0
0	0
0	0
0	0
0	0
0	0
0	0
0	0
1	22
0	21
0	0
0	0
0	0
0	0
0	0
0	0
0	0
0	76
0	81
16	57
2	71
0	11
4	37
0	18
0	22
0	3
0	1
0	2
0	2
0	1
0	14
0	0
0	4
0	4
0	5
0	5
0	3
0	4
0	0
0	31
0	5
0	46
0	28
0	74
0	0
0	0
1	0
1	1
0	0
0	1
0	1
0	1
1	1
12	57
5	63
2	12
5	8
2	60
0	35
0	0
0	0
0	0
0	0
0	1
0	0
0	0
0	0
2	3
1	8
0	5
0	7
2	7
1	0
0	0
0	1
4	15
0	2
0	15
1	0
0	0
0	0
0	0
2	79
0	88
7	61
2	2
0	52
1	47
0	1
0	1
0	0
3	26
0	21
34	63
67	3
0	0
0	0
0	0
0	0
0	0
0	0
1	15
17	62
3	67
0	5
1	7
4	39
0	6
0	292
0	295
0	225
0	244
0	237
1	95
0	0
0	0
1	0
1	14
1	14
0	2
0	1012
44	1007
0	0
0	0
0	0
146	68
19	43
1	30
0	45
0	5
12	60
0	10
0	1
0	3
0	1
0	153
0	0
0	0
60	120
0	117
0	151
0	151
0	69
2	143
0	142
0	91
1	159
5	36
4	70
1	152
0	102
0	0
5	129
0	130
1	79
0	125
0	122
1	88
0	97
2	91
0	74
0	33
0	22
3	1
12	477
1	55
3	69
1	28
0	79
3	2
2	25
13	74
1	241
2	216
3	91
0	85
0	75
0	5
0	13
0	5
0	45
0	65
2	5
30	68
0	58
0	28
3	0
0	0
0	0
22	5
0	5
1	4
0	49
0	1
7	48
0	48
0	48
0	1
0	1
3	0
0	40
0	8
6	3
0	44
4	8
0	3
0	1
1	15
2	27
2	15
9	9
3	688
0	10
0	0
0	0
0	0
0	0
2	0
0	0
0	0
0	0
0	84
0	7
0	48
0	51
4	13
1	3
1	2
0	2
0	4
0	3
0	59
0	0
0	2
0	0
0	0
0	0
0	14
0	15
0	1
0	1
0	14
0	19
0	18
9	18
0	15
17	119
1038	1331
0	1330
0	1055
0	221
0	160
0	333
0	321
7	115
0	137
0	312
15	115
0	7
0	107
0	0
0	6
0	6
11	200
0	3
5	89
0	93
0	0
0	0
0	24
0	24
0	0
12	9
0	7
0	4325
0	2952
6	5197
0	5020
0	0
0	0
3	1
0	1
1	0
0	0
0	0
0	0
0	0
0	0
0	0
0	0
0	0
0	0
0	0
0	0
0	0
0	0
0	3
0	3
0	8
0	2
0	0
0	0
0	17
0	4
0	0
0	0
0	0
0	0
0	0
0	0
0	0
0	0
0	0
0	0
0	0
0	0
0	0
0	0
0	0
0	0
0	3
0	3
0	11
0	3
0	0
0	3
0	0
0	0
0	8
0	8
1	2
0	0
2	1
0	2
0	0
0	3
0	0
0	0
0	0
0	0
0	0
2	0
0	0
0	0
0	0
2	7
4	15
0	40
0	24
17	20
24	82
0	82
31	0
0	32
1	3
0	2
0	8
136	11
0	12
0	12
0	144
0	143
6	16
0	0
0	0
3	0
0	14
0	14
2	0
0	0
2	18
0	0
0	0
0	0
0	0
2	1
0	7
0	9
0	7
0	1
0	4
0	3
0	0
5	2
2	0
0	2
0	2
0	360
0	42
0	100
4	363
0	78
0	240
15	377
0	28
5	25
0	26
0	39
0	184
0	0
0	0
0	0
0	0
0	0
379	234
4	19
0	20
0	218
0	114
1	117
122	202
3	202
8	122
0	158
0	0
4	3
23	5
10	105
10	72
2	0
0	25
0	1
0	0
0	0
0	1
0	1
0	0
0	0
0	0
0	0
0	1
0	0
5	11
86	1437
0	97
0	0
0	0
0	0
2	0
0	0
0	0
0	0
0	0
0	0
1	0
0	0
0	0
0	0
0	15
5	227
48	263
0	141
47	220
10	168
0	201
0	0
0	0
0	0
0	0
0	0
0	0
0	0
0	0
0	0
0	0
0	0
0	0
0	0
0	0
0	0
0	0
0	0
0	0
0	0
0	648
0	415
0	727
0	16
0	16
87	160
26	160
0	22
13	86
21	78
18	201
0	77
0	0
0	0
0	0
0	0
0	5
0	0
0	12
0	12
0	553
0	170
0	0
2	0
9	1
5	320
6	307
0	216
0	21
4	29
118	102
13	22
1	43
0	22
4	53
13	46
1	49
0	77
0	105
1	77
17	45
1	12
7	6
0	4
0	0
0	0
41	224
77	189
0	229
0	115
1	81
6	81
0	15
0	22
3	7
2	7
0	5
0	3
0	3
0	32
0	18
0	18
0	20
0	0
0	0
25	42
1	38
28	294
0	0
0	0
0	0
1	42
7	91
47	19
0	77
0	77
0	46
5	60
0	17
0	11
0	20
0	1
0	175
0	172
5	153
0	181
0	82
21	92
1	4
0	0
0	0
0	96
3	9
0	63
0	96
0	43
1	14
0	37
1	4
0	4
0	159
0	31
0	1
0	23
0	35
0	6
0	6
0	33
1	160
0	0
0	0
0	0
0	0
0	0
0	1
0	1
6	6
37	6
0	10
0	10
0	0
27	25
0	24
0	25
0	18
3	0
0	0
17	211
0	16
0	119
0	23
0	23
0	4
0	44
0	20
0	7
0	0
0	0
0	0
0	0
0	0
0	0
0	0
2	42
5	26
1	15
3	40
29	63
73	53
15	199
0	75
0	70
0	19
0	25
7	2
0	0
11	2
0	0
0	0
0	37
2	11
3	104
0	36
3	75
0	0
2	0
0	0
6	0
0	0
0	2
0	2
0	0
0	4
0	7
0	4
0	2
0	4
13	620
3	31
0	405
0	0
0	0
0	0
0	0
0	0
0	0
0	0
0	10
0	10
0	22
0	3
1	0
0	12
0	2
0	10
0	0
0	0
0	3
0	3
0	3
0	3
22	545
0	219
0	0
0	0
0	0
0	0
0	0
0	0
0	0
0	0
0	0
0	0
8	2
21	202
0	2
0	12
0	12
15	12
0	0
0	0
0	0
0	0
0	0
0	0
0	0
0	0
11	13
0	0
0	20
0	0
0	0
0	0
12	1186
0	11
0	2
0	0
0	0
180	519
87	1116
0	17
1	4
0	2
1	0
0	0
0	4
0	4
0	4
0	2
0	0
105	168
0	161
32	151
1	41
3	29
5	36
0	14
0	7
0	0
0	0
0	0
0	0
0	0
0	0
0	1
0	1
37	7
0	5
0	0
0	0
0	8
0	9
0	0
0	0
0	35
0	4
1	49
0	3
5	13
0	23
0	6
0	27
0	4
0	0
0	0
1	0
0	0
0	0
285	698
0	16
0	238
6	238
0	1
0	1
0	0
0	0
0	0
3	0
0	3
0	1
0	6
4	18
0	2
0	1
0	12
6	12
0	12
0	0
0	0
0	0
0	0
0	0
0	0
0	0
1	0
0	0
0	0
0	34
0	23
0	7
1	15
2	22
2	23
0	34
5	20
4	81
80	61
0	0
30	22
10	405
14	30
0	413
1	68
0	140
0	108
2	64
0	2
0	0
0	0
0	0
1	96
0	138
0	53
74	189
4	113
7	193
0	67
1	2
0	182
0	259
2	223
0	230
52	184
18	372
1	317
1	333
0	381
0	319
4	213
117	617
0	425
41	367
0	366
0	297
0	2
0	1
0	70
0	185
0	185
89	593
0	267
0	202
0	198
0	252
0	88
0	95
0	264
0	305
0	4
10	0
0	0
0	0
17	386
17	1
0	247
0	90
1	13
9	13
0	1
0	0
0	0
0	0
0	0
25	41
16	26
19	48
1	5
0	7
0	0
1	0
0	0
0	1
0	0
0	32
0	28
0	34
23	16
0	13
8	11
5	10
1	4
0	4
0	0
0	0
0	0
1	0
0	0
0	0
0	0
0	4
0	0
0	0
0	0
0	0
0	0
0	0
0	4
0	1
0	0
0	3
0	3
0	4
0	3
0	7
0	0
0	0
0	0
0	56
0	0
0	23
0	13
0	0
0	0
0	0
0	0
0	0
0	0
0	0
0	1
0	4
0	4
0	0
0	4
0	2
0	297
0	294
1	293
0	301
6	298
0	165
0	84
1	49
1	0
0	0
0	0
2	0
2	2
0	3
5	3
0	0
0	2
5	4
0	0
141	5
5	5
0	27
0	28
0	0
0	0
0	0
37	1557
0	0
0	0
0	0
0	0
0	0
0	0
32	0
0	0
7	3
12	5
3	2
0	0
0	0
0	0
0	0
0	0
0	0
0	0
0	0
0	0
0	0
0	0
0	0
0	0
0	0
0	0
0	0
0	0
0	0
0	0
0	0
0	0
0	0
0	0
0	0
0	0
0	0
0	0
0	0
0	0
0	0
7	5
0	2
0	5
0	0
0	0
0	0
0	0
0	1
0	1
0	0
0	0
0	0
0	0
0	0
0	0
0	1
0	0
0	0
0	0
0	0
0	0
0	0
0	1
0	0
0	0
0	0
0	11
0	11
0	2
0	0
0	0
0	1
0	0
0	0
0	0
0	0
1	0
0	0
0	0
30	22
0	18
0	0
0	0
0	0
4	0
0	1
0	52
2	6
2	45
0	51
0	30
9	2
0	32
0	28
0	261
0	38
4	308
2	17
0	233
0	0
0	78
0	286
2	106
0	86
1	54
0	35
0	182
0	81
0	103
0	0
0	5
0	3
0	0
0	2
0	62
0	45
0	47
0	329
0	55
1	99
171	48
0	24
3	42
0	29
0	19
0	5
6	66
0	75
18	75
0	30
0	0
0	0
0	0
0	0
25	22
0	19
0	17
0	23
6	8
0	87
0	35
1	35
0	79
1	79
0	74
0	33
1	67
0	28
1	10
0	0
0	0
1	0
0	0
0	0
0	0
0	0
0	0
0	0
0	0
0	0
0	0
0	0
0	0
0	0
4	17
1	22
0	19
0	17
21	0
0	0
0	0
0	0
0	0
0	0
0	0
0	0
127	2060
0	97
3	12
0	12
0	0
1	64
4	64
0	64
2	1
2	45
2	41
0	0
1	14
0	0
0	10
1	0
0	30
2	18
0	0
0	0
0	22
6	29
46	168
3	251
7	121
0	1
0	18
0	1
0	3
7	41
1	73
0	2
0	42
0	13
2	1
0	0
0	0
0	0
0	0
0	0
316	116
0	89
449	121
0	95
1	53
1	19
1	38
2	39
0	36
3	74
0	12
0	15
0	171
3	201
3	42
1	16
12	50
0	59
0	7
0	6
0	1
0	0
0	0
0	6
0	2
38	72
3	59
0	76
2	17
1	5
1	4
2	422
1	527
32	585
38	598
28	320
61	268
14	96
0	8
0	2
0	1
0	1
0	0
0	0
0	21
0	29
0	33
0	35
0	5
0	3
2	224
41	25
0	222
0	167
0	0
0	0
0	0
0	0
0	0
0	0
0	0
0	0
1	0
0	0
0	0
0	0
0	0
2	0
0	0
0	0
0	0
0	0
0	0
0	0
0	4
0	0
0	67
0	0
0	0
0	0
0	2
0	0
1	1427
0	0
0	693
0	0
0	0
0	0
0	10
0	0
0	0
0	72
0	0
0	68
0	3
0	238
0	0
0	0
0	10
0	0
0	0
0	3
1	3877
0	27
0	14
0	0
0	0
0	554
0	0
0	17
0	0
0	0
0	0
0	0
0	120
0	0
0	5
0	0
0	0
0	0
0	8
0	0
0	0
0	0
0	0
0	0
0	11
0	0
0	66
0	0
0	0
0	0
0	0
0	0
0	0
0	0
0	3
0	0
0	0
0	0
0	0
0	0
0	0
0	0
1	19
0	0
0	4
0	0
0	0
0	479
0	0
0	0
0	0
0	1
0	730
0	0
0	0
0	0
0	0
0	14
0	1
0	0
0	66
0	1
0	1
0	0
0	17
0	0
0	39
0	8708
0	0
0	0
0	2
0	281
0	172
1	15
0	15
0	1
0	0
0	0
0	0
0	0
0	0
0	0
0	3687
0	7
0	0
0	30
0	0
1	8
0	0
0	0
0	0
0	0
0	0
0	0
0	1
6	0
0	0
0	23
0	22
2	0
0	0
0	0
0	0
0	0
0	4
0	0
0	0
0	0
0	2594
0	0
0	0
0	0
0	0
0	0
0	0
0	0
0	1
0	0
0	0
0	0
0	37
0	0
0	4
0	0
0	0
0	16
0	15
33	1324
0	0
0	0
0	15
0	0
0	0
0	0
0	0
0	0
0	30
0	5
0	366
0	7
1	5
3	0
0	0
0	1394
0	898
0	0
1	0
0	0
0	4
0	0
0	0
0	0
0	53
0	0
0	0
0	1
0	0
0	0
0	0
0	0
0	0
0	0
0	57
0	0
0	0
0	0
0	0
0	0
0	0
0	0
1	0
0	0
0	0
0	444
1	4
0	0
0	6
0	0
0	0
2	1873
0	1
0	0
0	0
0	0
0	5
0	0
0	0
0	0
0	0
0	0
0	0
0	0
0	554
0	0
0	1
0	0
0	4
0	10
0	0
0	0
0	0
5	2
0	0
0	0
0	0
0	0
0	0
0	0
0	0
0	7
0	0
0	0
0	0
0	0
0	0
0	0
0	144
0	0
0	0
0	0
0	0
0	0
0	0
0	0
0	217
0	2
0	22
0	0
0	0
0	0
0	0
0	0
0	0
0	1968
0	0
0	0
0	0
0	1
0	0
0	0
0	1
2	0
0	0
0	2325
0	0
0	2
0	0
0	0
0	0
0	1
0	0
0	0
0	0
0	0
0	0
0	0
0	0
0	4
0	0
1	0
0	0
0	0
0	0
0	2
0	0
0	0
0	0
0	0
0	0
0	0
0	0
0	0
0	1
0	0
0	0
0	0
0	0
0	0
0	0
0	0
0	0
0	0
0	0
0	0
0	0
0	0
0	0
0	19
0	0
0	0
0	0
0	0
0	0
0	0
0	0
0	0
0	15
0	0
0	0
83	0
0	0
0	4
0	0
0	0
0	0
0	0
0	0
0	0
0	0
0	0
0	0
0	0
0	3
0	0
0	0
0	0
0	0
0	0
0	0
0	0
0	0
0	0
0	350
0	0
0	0
0	0
1	0
0	0
0	0
0	0
0	346
0	0
0	0
0	4
0	0
0	0
0	0
0	0
0	0
0	3
0	0
0	0
0	0
0	0
0	24
0	0
0	0
0	0
0	0
0	0
0	0
0	0
0	0
0	0
0	3
0	0
0	0
0	0
0	0
0	0
0	0
0	0
0	0
0	0
0	0
0	0
0	20
0	0
0	0
0	0
0	0
0	0
0	0
0	0
0	0
0	0
1	411
0	0
0	0
0	11
0	0
0	0
0	8
0	4
13	154
0	1
0	0
0	0
0	0
0	9
0	0
1	200
0	2
0	31
0	0
0	327
0	0
0	0
0	36
0	0
0	0
0	0
1	3113
0	44
0	0
0	0
0	0
0	0
0	4
0	0
0	0
0	0
6	1
0	0
0	11
0	0
2	0
0	0
0	0
0	7658
0	0
0	0
0	100
0	0
0	2
0	0
0	0
0	0
0	0
0	0
0	0
0	0
0	0
0	0
0	6
0	0
0	5
1	0
0	16
1	220
0	15
0	0
0	7
0	0
0	10
0	1
0	1
0	0
0	0
1	0
0	0
0	0
0	11
0	2
0	1
0	29
0	0
0	0
0	0
0	0
0	0
0	0
0	0
0	6
0	0
0	0
0	0
0	0
0	0
0	0
1	0
0	0
1	3
0	0
0	0
0	0
0	0
0	0
0	0
0	0
0	0
0	0
0	0
0	0
0	31
0	0
1	0
0	0
0	0
0	0
0	549
0	0
0	0
0	0
0	4
0	0
0	0
0	79
0	0
0	0
0	0
4	0
16	0
0	54
0	0
0	0
0	0
0	0
0	0
0	0
0	0
0	0
0	0
0	0
0	0
0	0
0	0
0	0
5	0
0	0
0	0
0	32
0	0
0	0
0	0
2	0
0	0
0	23
0	0
0	0
0	0
7	292
0	0
0	0
0	0
0	0
0	0
0	1
0	0
1	0
0	0
0	0
0	0
0	1403
0	0
0	0
0	807
0	0
0	0
0	1
0	0
0	180
0	915
1	5502
0	0
0	0
0	90
0	0
0	0
0	0
0	0
0	0
0	11
0	89
0	0
0	0
0	0
0	2
0	4
0	0
0	0
0	496
0	4
0	0
0	0
0	0
0	0
1	0
0	0
0	0
0	0
0	6
0	0
0	0
0	218
0	0
0	0
0	0
0	19
0	0
0	0
0	0
0	0
0	78
0	0
14	3
0	0
0	0
0	0
0	0
0	0
0	0
1	0
0	0
0	0
0	0
0	0
0	0
0	0
0	0
0	0
0	0
0	0
0	0
0	0
0	0
0	0
0	0
0	0
0	0
0	0
0	10
0	0
0	0
0	0
0	1
0	0
0	0
0	1
0	0
0	0
0	0
0	2325
0	52
0	0
0	0
0	0
0	1
0	0
0	0
0	159
0	0
0	0
0	0
0	0
0	0
0	5
0	0
0	0
0	0
0	0
0	0
0	0
0	29
0	0
1	0
0	2
1	0
0	0
0	0
0	0
0	0
0	0
0	0
0	0
0	0
0	0
0	0
0	0
0	0
0	0
0	0
0	0
0	0
2	0
0	23
0	0
0	0
0	0
0	798
0	0
0	34
0	0
3	0
1	0
0	0
0	0
0	0
0	0
0	0
0	0
0	0
0	0
0	0
0	0
0	0
0	0
0	0
1	0
0	0
0	409
0	0
0	0
0	0
0	0
0	173
0	31
2	0
0	0
0	4
0	0
2	37
0	0
0	0
0	0
0	0
0	70
0	661
0	4
0	15
0	1
0	0
0	71
0	0
0	988
0	0
0	310
0	0
0	1
0	0
0	0
0	113
1	856
0	0
1	0
0	0
0	0
0	0
0	0
0	281
0	0
0	0
0	0
0	0
0	0
0	11
0	0
0	0
0	0
0	1496
0	0
0	0
0	0
0	0
0	2323
0	25
0	0
0	0
0	0
0	1634
0	70
0	0
0	0
0	0
0	0
0	0
0	14
0	0
0	0
0	0
0	0
1	4
0	0
0	0
0	0
0	0
0	0
0	0
0	2
2	0
0	0
0	0
0	0
0	0
0	1986
0	23
0	0
0	0
0	0
0	0
0	0
0	0
1	0
0	0
0	0
1	0
0	0
0	0
0	0
0	0
0	0
0	54
0	0
0	0
0	1
0	0
0	0
0	0
0	46
0	0
0	0
0	1
0	1
0	0
1	254
0	0
0	0
0	0
2	1
0	0
0	0
1	0
0	0
0	42
1	38
0	0
0	0
0	0
0	0
0	0
0	0
0	0
0	0
0	3
0	0
0	5
0	0
0	0
0	0
0	0
2	0
0	0
0	0
0	19
0	0
0	0
0	0
0	35
0	0
0	0
0	0
0	0
0	0
0	3
0	0
0	0
0	0
0	0
0	0
0	0
0	0
0	0
0	0
0	9
0	0
2	0
0	0
0	0
0	497
0	0
8	0
0	1480
0	0
0	0
0	0
0	0
0	0
1	551
0	0
0	0
0	0
0	0
0	0
0	1
0	0
0	0
0	0
0	0
0	0
0	0
0	0
0	0
1	0
0	0
0	3
0	0
0	0
0	0
0	0
0	0
2	1
0	0
0	0
0	2
1	0
0	0
0	0
0	0
0	0
0	397
0	0
0	0
0	182
0	4
0	10
0	0
0	0
0	0
0	0
0	0
0	0
0	0
0	32
0	19
0	0
0	0
4	7
0	0
0	0
0	0
0	9
3	0
0	0
0	0
1	0
0	0
0	0
0	0
0	0
0	0
0	0
0	0
0	0
0	0
0	0
0	0
0	1
0	0
0	0
0	0
0	0
0	1
0	0
0	0
0	0
0	0
0	0
0	0
0	0
0	3
0	0
0	1
0	0
0	0
0	5
0	2
0	3
0	0
0	60
0	0
0	0
0	0
0	0
0	0
0	0
0	62
1	4117
0	0
0	0
0	0
0	0
0	0
0	0
0	0
0	0
0	551
2	0
0	0
0	1
0	965
0	0
0	0
0	0
1	61
0	0
0	0
0	11
0	0
0	0
0	0
0	0
0	0
0	0
0	0
0	0
1	4
0	282
0	0
0	0
0	0
0	22
0	31
0	0
0	0
0	0
0	0
0	0
0	0
0	0
0	0
0	0
0	0
0	65
0	0
0	0
0	5
0	335
0	0
0	143
0	0
0	0
0	0
7	88
0	0
0	0
0	0
0	0
0	0
0	0
0	0
0	0
0	0
0	0
0	0
0	0
0	0
0	0
0	0
0	0
0	2
0	2
0	1
0	0
0	0
0	7
0	0
0	1
0	0
0	0
0	27
0	0
0	0
0	0
0	43
0	0
3	131
1	0
0	0
0	446
0	0
0	0
0	0
0	0
0	0
0	0
0	0
0	0
0	0
0	0
0	46
0	0
0	11
0	0
0	0
0	1
0	0
0	0
0	0
0	0
0	0
0	0
0	0
0	0
0	0
0	0
0	0
1	0
0	0
0	258
0	0
0	0
0	2
0	94
0	6
0	0
0	0
0	0
0	0
0	0
0	0
2	416
0	0
0	0
0	2
0	0
0	0
6	0
0	0
0	0
0	0
0	0
0	0
0	3
0	0
0	0
0	0
0	0
0	0
0	0
0	0
0	15
0	0
0	0
0	0
0	0
0	1085
0	0
0	1
0	0
0	0
0	0
0	0
0	0
0	0
0	0
0	0
0	0
0	0
0	0
0	0
0	0
0	0
0	0
0	0
0	579
0	0
0	0
0	0
0	0
0	0
0	0
0	0
0	178
0	0
0	0
0	0
0	0
0	621
0	0
0	0
0	0
0	0
1	192
0	0
0	960
0	0
1	10814
0	0
0	0
0	19
0	0
0	0
0	1
0	0
0	1629
0	0
0	0
0	0
0	0
0	0
0	0
0	0
0	0
0	480
0	0
0	0
0	0
0	0
0	0
0	4022
0	0
0	0
2	3
0	0
0	0
0	60
0	0
0	0
0	0
0	0
0	0
0	0
0	0
0	0
0	0
0	0
0	0
0	0
0	0
0	0
0	0
0	0
0	0
0	0
3	0
0	0
0	0
0	0
0	0
0	0
0	7
0	0
1	49
0	0
0	0
0	0
0	0
0	0
0	0
0	0
0	0
0	0
0	0
0	37
0	0
0	2
1	0
0	3
0	0
0	0
0	0
0	0
0	0
0	0
0	0
0	0
1	1087
0	0
0	0
0	1
0	6
0	0
24	65
0	0
0	0
0	0
0	0
0	0
0	0
0	0
0	0
0	0
0	0
0	129
0	0
1	0
0	728
0	0
0	0
0	21
0	0
0	170
0	0
0	4
0	0
0	9
0	0
0	0
0	0
0	0
0	0
0	0
0	0
0	0
0	0
0	0
0	0
0	0
0	89
0	0
0	2
0	462
0	0
0	1
0	0
0	11
0	0
0	0
0	0
0	0
0	0
0	0
0	0
0	0
0	0
0	0
0	0
0	567
0	0
0	0
0	0
0	0
0	0
0	0
0	0
0	0
0	0
0	69
0	0
0	0
0	0
0	0
0	0
0	4490
0	38
0	0
0	0
0	5
0	0
5	4423
0	0
0	11
0	0
1	0
0	0
1	0
0	0
0	0
0	0
0	891
0	0
2	0
0	0
0	80
0	0
0	0
0	0
0	0
0	167
9	0
1	0
0	0
0	0
0	0
3	8
11	0
0	0
0	0
0	0
0	4
0	0
7	0
2	1868
0	0
0	0
0	0
0	0
0	0
0	31
0	0
0	460
0	0
0	0
0	1
0	0
0	0
0	46
0	0
0	0
0	0
0	0
0	0
0	0
0	201
0	0
0	0
0	0
0	0
0	0
0	0
0	0
0	0
0	0
0	0
0	1
0	0
0	0
1	0
1	1
0	0
0	0
0	34
0	8
0	0
0	0
0	117
0	448
0	0
0	0
0	2
0	276
0	197
0	0
0	0
0	0
0	69
0	0
0	0
0	0
0	0
0	2
0	3
0	0
0	0
0	0
0	0
1	0
0	0
0	0
0	0
0	108
0	1865
0	0
0	0
0	0
0	0
0	0
0	0
0	0
0	0
0	0
0	0
0	0
0	0
0	0
0	0
0	0
0	0
0	0
0	1951
0	0
0	0
0	0
0	0
0	0
0	0
0	0
0	0
0	0
0	0
0	2
0	1
0	0
0	0
0	0
0	0
0	0
0	0
0	0
1	30
0	0
0	0
0	0
5	157
5	0
0	0
0	0
0	0
0	0
0	0
0	0
0	0
0	0
0	0
0	7
0	0
0	0
0	0
0	0
0	2
0	0
0	0
0	0
0	697
1	0
0	0
0	2802
0	0
0	6004
0	0
0	0
0	0
0	0
0	3
0	0
0	0
0	0
0	0
0	0
0	0
0	1
1	0
0	10
0	0
0	0
0	0
0	0
0	0
0	0
0	0
0	0
0	0
0	0
2	4
0	0
0	0
0	0
0	0
0	1
0	0
0	0
1	9222
0	0
0	1
0	3421
0	1
0	0
0	0
0	0
0	0
0	0
0	0
0	0
0	2
0	8
0	0
0	1002
0	0
0	7
0	4
0	0
0	0
27	318
0	0
0	0
2	1
0	0
0	0
0	108
0	106
0	0
0	0
1	830
0	0
0	0
0	0
0	0
0	0
0	0
0	0
0	219
0	0
0	0
0	0
0	0
0	0
0	0
0	0
0	0
0	0
0	0
0	0
0	0
1	506
0	0
0	0
0	0
0	103
0	0
0	0
50	12
0	109
0	0
0	0
0	0
0	0
0	0
0	0
0	0
0	763
0	0
0	0
0	0
4	40
0	1
0	5
0	0
0	0
0	123
0	0
0	4
0	0
0	0
0	0
0	0
1	0
0	0
0	0
0	0
0	0
0	0
0	182
0	2
0	0
0	0
3	1
1	968
0	0
0	0
0	0
0	0
0	0
0	1
0	0
0	0
0	0
0	0
0	0
0	0
0	0
0	0
0	0
0	0
0	0
0	0
0	1
0	0
0	170
0	0
0	0
1	42
0	1
2	12
0	0
0	80
0	0
0	1043
0	0
0	0
0	0
1	0
0	0
0	0
0	0
0	1
0	0
0	0
0	0
0	0
0	0
0	0
0	0
0	0
0	0
1	11
0	0
0	0
0	0
0	0
0	0
0	0
0	0
0	0
0	0
0	0
0	0
0	0
0	0
0	0
0	0
0	0
0	1
0	0
0	0
0	0
1	0
0	0
0	0
0	0
0	277
0	0
0	0
0	0
0	1552
0	0
0	0
0	0
0	0
0	0
1	0
0	1970
0	0
0	0
0	0
0	0
0	0
0	0
0	0
0	0
0	28
0	0
1	0
0	0
0	0
0	0
0	2
0	1002
0	522
0	2679
0	0
0	0
0	0
0	0
4	0
0	0
0	0
0	0
0	0
0	0
0	113
0	0
0	0
0	0
0	625
0	4
0	0
0	0
0	0
0	0
0	0
0	0
0	19
0	3922
0	0
0	0
0	0
0	0
0	90
0	0
0	0
0	0
0	0
0	0
0	0
0	0
1	93
0	0
0	0
1	2
0	0
0	0
0	0
0	0
0	0
0	2
0	0
0	0
0	0
0	0
0	0
0	47
0	0
0	0
0	0
0	0
0	0
0	0
0	0
0	0
0	0
0	0
0	6
0	0
0	148
0	0
0	0
0	0
0	73
0	0
0	0
0	0
0	15
0	148
0	2
0	0
0	0
0	0
0	0
0	38
0	3
0	0
0	2
1	0
0	0
0	0
1	255
2	0
0	0
0	0
1	40
0	0
0	0
0	0
0	806
0	0
0	0
0	0
0	23
0	0
0	0
0	34
0	1
0	3
0	0
0	0
0	0
0	584
0	0
0	0
0	78
0	0
0	0
0	0
0	0
0	0
0	0
0	0
0	0
0	0
0	0
0	0
0	0
0	0
1	2207
0	0
0	0
0	0
0	90
3	0
0	0
0	0
0	0
0	2
7	1
0	0
0	0
0	45
0	0
0	28
0	0
0	0
0	0
1	5015
0	127
0	0
0	46
0	0
3	0
0	11
0	0
0	0
0	0
0	17
4	0
0	0
0	0
0	814
0	662
0	0
0	0
0	0
0	0
0	0
0	22
0	0
2	0
0	0
1	4
0	0
0	0
0	0
0	0
0	0
0	0
0	0
1	5851
0	0
2	1164
0	0
1	242
0	0
0	2
0	0
0	0
0	0
0	1
0	4
0	0
0	0
0	0
0	0
0	0
0	0
0	0
0	0
0	0
0	0
0	3
0	0
0	0
0	0
0	1
0	0
0	2
0	0
1	3
0	0
0	0
0	0
0	4
0	0
0	0
0	2
0	0
0	0
1	0
0	0
0	0
0	0
0	0
0	2
0	0
0	0
0	36
0	0
0	0
0	0
0	0
0	0
0	0
0	1
0	0
0	0
0	0
0	0
0	0
0	0
0	5
0	1586
0	0
0	0
0	0
0	0
0	0
0	0
0	0
0	0
0	0
0	4
0	0
0	0
0	0
0	515
0	0
0	0
0	0
0	0
12	79
0	0
0	103
0	0
401	0
0	0
0	0
0	478
0	0
0	1282
0	0
0	0
0	0
0	50
0	0
0	0
0	0
0	0
0	0
0	0
0	0
0	0
0	0
0	0
0	9
0	0
0	0
1	0
0	23
0	407
0	0
0	0
0	0
0	0
0	5
0	446
0	0
0	0
0	0
0	0
0	0
0	11
0	0
0	0
1	0
0	0
0	0
0	0
0	1
0	0
0	0
0	0
0	0
0	0
0	0
0	0
0	0
0	520
0	0
0	0
0	0
0	0
0	0
0	0
1	0
0	0
0	0
0	0
0	1
0	0
0	0
1	0
0	0
0	0
0	0
0	0
0	0
0	0
60	0
0	0
0	0
0	1
1	0
0	4
0	0
0	0
0	0
0	0
0	0
0	0
1	0
0	0
0	71
0	0
0	0
0	0
1	0
0	0
0	0
0	1
0	7
0	0
0	0
1	0
0	24
0	0
0	0
0	0
0	0
0	0
0	0
0	0
0	0
0	0
0	0
1	2
0	0
0	0
0	0
0	105
0	14
0	17
0	0
2	3
0	0
0	234
1	0
0	34
0	0
0	1
0	3
0	0
0	0
1	157
1	0
0	0
0	1
0	0
0	0
0	0
0	0
0	0
0	0
0	0
0	0
0	0
0	37
0	0
1	0
0	0
0	0
0	0
0	0
0	0
0	1
0	0
3	0
0	0
0	0
0	0
0	0
0	0
0	5792
0	0
0	0
0	0
0	0
0	59
0	0
0	0
0	0
0	2
0	0
0	2
0	3
0	0
0	0
1	17
0	0
0	0
1	0
0	0
0	0
0	0
0	0
0	0
0	0
0	0
0	0
0	0
3	23
0	0
0	1
0	186
0	0
0	8
0	0
0	8
0	0
0	0
0	0
1	112
0	0
0	0
1	419
0	0
0	0
0	0
0	0
0	0
0	171
0	22
0	0
0	0
0	0
0	0
0	0
0	0
0	0
0	0
0	28
0	20
0	13
0	0
0	2
0	137
0	61
0	0
0	0
0	0
0	0
2	0
0	59
1	0
0	0
0	0
2	0
0	0
0	0
0	0
0	0
2	46
0	0
0	0
0	0
0	28
0	0
4	0
0	2
0	1
0	1
0	0
0	0
0	0
0	0
0	0
0	0
0	0
0	0
0	0
0	0
0	2
0	0
0	0
0	3
0	351
0	0
0	50
0	0
0	146
0	0
0	0
0	0
0	0
0	0
0	0
0	0
0	1
0	60
0	0
0	0
0	0
0	0
0	0
0	0
0	0
4	2
0	0
0	0
0	0
0	153
0	0
0	185
0	2
0	1
0	0
0	0
0	0
0	0
0	0
0	0
0	0
1	6846
0	0
0	0
0	0
0	0
0	0
0	0
0	0
0	0
1	693
0	0
1	0
0	3
0	0
0	0
0	0
0	0
0	0
0	2
0	108
0	4
0	0
0	0
0	4
0	52
0	3
0	0
0	0
1	613
0	0
0	0
0	2
0	0
0	0
0	0
0	173
0	0
0	0
0	0
0	0
0	0
0	0
1	0
0	0
0	0
0	0
0	0
0	0
0	0
0	0
0	0
0	0
0	9
1	0
0	16
0	0
0	0
0	0
4	0
0	0
0	0
1	0
0	13
0	0
0	0
0	0
0	87
0	0
0	0
0	0
1	461
0	0
0	2
0	0
0	0
0	0
0	1
0	0
0	0
0	211
0	0
0	0
0	0
0	0
0	0
0	0
0	694
0	0
2	4709
0	0
0	249
4	0
0	0
0	0
2	9040
1	138
1	0
0	212
0	0
0	0
0	0
0	0
0	0
0	2
0	0
0	0
0	0
0	0
0	0
0	0
0	0
0	7
0	0
0	0
0	0
0	0
0	0
0	60
0	0
0	0
0	0
0	0
0	0
0	2
0	0
4	0
0	0
0	17
0	0
0	1
0	0
0	3
0	139
0	729
0	0
0	0
0	0
0	0
0	0
0	4
0	0
0	0
0	0
0	1
0	0
0	1807
0	0
0	0
0	0
0	0
0	0
0	0
0	0
0	0
0	0
0	0
0	3
0	0
0	0
0	0
0	0
0	20
0	0
0	0
0	0
0	0
0	0
0	0
0	0
0	0
0	48
0	0
0	0
0	0
0	0
0	0
0	0
0	0
0	0
0	29
0	17
0	1
0	0
0	0
0	0
0	0
0	96
0	0
0	20
0	0
0	0
0	1
0	37
0	0
1	0
0	3
0	0
0	0
0	0
0	0
1	0
0	21
0	0
0	0
0	4
0	0
0	0
0	0
0	0
0	0
0	0
0	0
0	0
0	0
0	0
0	0
0	0
0	0
0	0
0	0
0	0
2	0
0	0
0	0
0	0
0	0
1	4
0	0
0	0
0	0
0	0
0	336
0	0
0	0
0	0
0	0
1	27
0	0
0	0
0	0
0	0
0	0
0	0
0	0
0	0
0	0
0	0
0	6
0	0
0	0
0	0
0	41
0	0
0	0
0	11
0	0
0	8318
0	0
9	0
0	0
0	0
0	0
0	0
0	10
2	423
0	0
0	0
0	0
0	0
0	0
0	0
6	0
0	0
0	219
0	0
0	0
0	0
0	0
0	0
0	0
0	0
0	0
0	0
0	0
0	1
0	0
0	0
0	0
0	0
0	0
0	0
0	0
0	3
0	0
0	0
0	6
17	0
0	9
0	0
0	0
0	1149
0	0
0	0
0	2
0	0
0	0
0	0
0	0
0	32
0	0
0	0
0	661
0	0
2	19
0	0
0	1
0	0
0	0
0	0
0	0
0	0
0	0
0	0
0	0
0	0
0	0
0	0
0	0
0	11
1	1956
0	6
0	0
0	0
0	0
0	1408
0	0
0	200
0	882
0	0
0	0
2	3349
0	0
0	0
0	0
0	0
0	0
0	0
1	1
0	0
0	0
0	0
0	0
0	0
0	0
0	0
0	11
0	0
0	0
0	0
0	0
0	0
5	1
12	135
0	0
0	0
0	0
0	0
0	1
0	0
0	0
0	87
0	0
0	0
0	0
0	3
0	0
0	0
15	0
0	18
0	0
0	0
0	898
0	1046
0	37
0	0
0	0
0	0
0	4901
0	0
0	0
0	0
0	0
0	0
0	0
0	3085
1	2
0	2
0	0
0	0
0	50
0	0
0	13798
0	0
0	0
5	4
0	0
0	0
0	0
0	333
0	0
0	0
0	0
0	0
0	0
0	0
0	0
0	0
0	0
0	0
0	0
0	0
0	0
0	0
0	0
0	0
0	0
0	0
0	0
0	0
0	0
0	0
0	226
0	0
0	0
1	0
0	0
0	0
0	0
0	0
0	1024
0	1
0	0
0	610
0	0
0	0
0	0
0	0
0	0
0	0
0	0
0	6010
0	0
0	0
0	1
0	0
0	0
0	0
0	0
0	9
2	0
0	369
0	0
0	0
0	0
0	0
0	0
0	1
0	52
0	0
0	3
0	0
0	0
0	0
0	0
0	0
0	720
0	0
0	12
0	0
0	0
0	0
0	1
0	0
1	0
0	0
24	0
0	0
0	0
0	0
0	0
0	0
0	0
0	0
0	0
0	0
0	0
0	0
0	0
0	0
0	0
0	1
0	0
1	1
0	0
0	0
0	0
0	0
0	0
0	0
0	0
0	0
0	25
0	0
0	0
0	0
0	0
0	0
0	0
0	7
0	0
1	1899
0	0
0	0
0	0
0	0
0	0
0	0
0	0
0	10
0	0
1	27
0	1
0	0
0	0
2	1
0	0
0	0
4	24
0	0
0	0
0	0
1	0
0	0
0	0
0	0
0	1
0	1
0	0
0	0
0	0
0	1
0	0
0	0
0	0
0	0
1	0
0	0
0	0
0	1120
0	0
0	0
0	0
0	0
2	3916
0	3
0	0
4	12
0	0
0	0
0	0
0	0
0	0
0	0
0	0
0	2
0	0
0	0
0	1
0	0
0	0
0	0
0	87
0	0
0	0
7	90
0	3
2	1
0	0
0	0
0	0
0	0
0	0
0	0
0	84
0	0
0	0
0	0
0	11
0	0
0	0
0	0
0	0
0	0
0	0
0	4884
0	0
0	0
0	0
0	6
0	0
0	0
0	0
0	0
0	1754
0	38
0	4
0	0
0	0
0	0
0	0
0	2
0	28
0	0
29	0
0	0
5	0
0	0
0	0
1	0
0	0
1	106
0	0
1	0
0	0
0	0
0	0
0	741
0	0
0	0
0	0
0	0
0	140
0	0
0	6
0	0
19	1
0	0
0	1
0	0
0	0
0	0
0	5
0	0
0	0
0	0
0	0
0	0
0	0
0	368
2	282
1	449
0	0
0	0
0	0
0	0
0	253
0	0
0	0
0	0
0	17
0	0
0	0
0	0
0	0
0	0
0	0
0	0
0	96
0	1993
0	0
0	0
1	0
0	0
2	10355
0	0
0	0
0	0
0	0
0	3
0	0
0	0
0	0
0	224
0	0
0	0
0	71
0	0
0	0
0	0
0	0
0	0
0	0
0	0
0	1
0	0
0	1
1	287
0	0
3	0
0	0
0	2
0	0
0	0
0	0
0	10
0	0
0	0
0	0
0	0
0	0
0	0
0	0
0	0
0	1055
0	0
1	0
0	1
0	101
0	1425
0	0
0	0
0	0
0	0
0	0
1	9
2	0
0	0
0	0
0	2
0	0
0	0
0	25
0	0
0	0
0	0
0	0
0	0
3	3
0	0
0	0
0	175
0	1
0	0
0	0
0	7
0	0
0	0
0	0
0	0
0	0
0	0
1	0
0	0
0	0
1	4
0	0
0	0
0	0
0	0
0	0
0	94
0	2028
0	0
0	0
0	10
1	1
0	0
0	0
0	0
0	0
0	143
0	12
1	11
2	0
0	0
0	0
0	0
0	0
0	0
1	0
0	1260
0	90
0	0
0	71
0	0
4	1
0	0
0	0
9	0
0	0
0	0
0	0
1	12
0	0
0	487
0	0
0	0
1	0
0	0
0	0
0	0
0	0
0	0
0	1
0	0
0	0
0	0
0	0
0	0
0	11
0	97
0	0
0	0
0	0
0	3
0	0
0	0
0	0
0	0
0	0
0	0
0	0
0	0
0	0
0	0
0	19
0	0
0	0
0	0
3	14
0	0
0	0
0	0
0	0
0	0
0	0
0	0
0	0
0	0
0	0
0	939
0	0
0	0
0	0
0	0
0	0
0	0
0	238
0	2
0	0
0	0
0	0
0	0
0	0
0	830
0	0
0	0
0	3
0	0
0	0
0	0
0	0
0	0
0	0
0	0
0	0
0	0
0	2
0	0
0	0
0	0
0	0
0	1007
0	0
0	0
0	0
0	0
0	0
0	0
0	0
0	0
0	0
0	1273
0	1797
0	0
0	5
0	0
1	0
0	0
0	0
0	0
0	0
0	0
0	0
0	0
0	0
0	0
0	0
0	0
0	7
0	0
0	0
0	0
0	0
0	3
0	0
0	0
0	0
0	8
0	0
0	0
0	0
0	0
0	0
0	0
0	0
0	0
0	1603
0	286
0	0
0	0
0	0
0	0
0	11
0	0
0	0
0	0
0	0
0	0
0	0
0	0
0	0
12	1
0	25
0	0
0	0
0	0
0	0
0	1
0	0
0	0
0	0
0	72
0	0
1	73
0	0
0	2
0	0
0	35
0	0
0	0
0	0
0	0
0	0
0	0
0	0
0	0
0	623
0	0
0	0
0	1
0	0
0	0
0	98
0	0
0	0
0	0
0	0
0	0
0	0
0	0
0	0
0	19
0	9
0	3026
0	0
0	5
0	0
0	0
0	0
0	0
0	293
0	0
0	0
0	0
0	0
0	0
0	0
0	232
0	0
0	1713
0	0
0	0
0	0
0	0
0	0
0	0
0	0
0	0
0	0
1	0
0	16
0	7
0	0
0	0
0	0
0	1
0	0
0	0
0	0
0	1
0	0
0	8
0	456
0	0
0	1
0	0
0	0
0	0
0	0
0	0
0	0
1	55
0	0
0	0
0	40
0	0
0	0
0	0
0	0
0	414
0	985
0	0
0	0
0	2
0	65
0	582
0	0
0	2
0	0
0	0
0	0
2	0
0	0
0	83
0	0
0	0
0	22
0	0
0	0
0	0
0	0
0	0
0	0
0	0
0	1
0	0
1	1685
0	0
0	18
0	0
0	0
0	0
0	0
0	0
0	0
0	0
1	186
0	49
0	1
0	0
0	0
0	0
0	0
0	0
0	163
0	1
0	0
1	226
0	21
0	1
0	0
0	0
0	116
0	0
0	0
0	0
0	0
0	0
0	0
0	0
0	0
0	0
0	0
0	0
0	0
0	1
1	0
0	0
0	0
0	202
0	0
0	0
0	0
0	0
0	0
0	0
0	0
0	7
1	0
0	0
0	6
7	0
0	0
0	57
0	0
0	0
0	522
0	0
0	0
0	0
0	0
0	0
0	0
0	0
0	0
0	0
0	0
0	0
0	0
0	0
0	0
0	0
0	0
0	571
0	0
0	0
0	40
0	42
0	0
0	0
0	0
0	0
0	20
0	0
0	0
2	1248
0	0
0	0
0	0
0	0
0	0
0	0
0	0
1	0
0	0
2	0
0	6
0	177
0	0
0	0
0	7
0	0
0	0
0	0
0	0
0	0
0	0
0	0
0	0
0	66
0	0
0	0
0	0
0	0
0	0
0	0
0	0
0	0
0	22
0	3
0	281
0	0
0	0
0	12
0	0
0	0
0	0
0	0
1	0
0	0
1	0
0	0
0	0
0	1
0	9
0	0
0	1
0	0
0	0
0	436
0	0
0	0
0	0
0	0
0	0
0	0
0	4
0	0
0	0
0	0
0	352
0	0
0	0
0	0
0	0
0	0
0	0
0	0
0	0
0	19
0	6
1	71
0	0
0	0
0	0
0	0
0	0
0	0
0	0
0	0
0	0
0	0
0	0
0	0
0	0
0	0
0	0
0	0
0	0
0	0
0	0
0	0
0	3799
0	0
0	0
0	0
0	0
0	0
0	0
0	83
0	0
0	0
0	0
0	0
1	58
0	0
0	42
0	3
0	0
0	1
0	0
0	1
0	0
0	0
1	18
0	7
0	0
0	0
0	0
0	0
0	0
7	2
0	0
0	0
0	0
0	213
0	0
0	0
0	0
0	0
0	0
0	0
0	0
0	0
0	0
0	2
0	0
0	0
2	1267
0	0
0	0
0	1041
1	0
0	41
0	0
0	0
0	0
0	0
0	0
0	0
0	0
0	0
0	0
0	0
1	0
0	0
0	0
0	0
0	0
0	0
0	0
0	0
0	0
0	0
1	0
0	0
0	0
7	34383
0	0
14	360
1	1
0	0
0	0
0	0
0	0
0	0
0	20
0	0
0	0
0	0
0	1378
0	0
28	2
0	0
0	0
0	0
1	0
0	1
57	813
0	55
0	0
0	0
5	0
0	0
1	0
5	0
1	0
10	0
0	0
0	0
0	0
0	0
0	0
0	680
0	345
0	0
0	0
0	0
0	0
0	0
0	0
0	1
0	0
0	0
0	0
0	0
0	0
0	0
0	32
0	0
0	0
0	0
0	0
0	0
0	0
0	0
2	7
0	0
0	0
0	0
0	0
0	8
0	0
0	0
0	0
0	0
1	0
0	0
0	0
0	0
0	0
2	0
0	0
0	0
0	0
0	0
0	0
0	0
2	4201
0	0
3	1006
0	401
0	0
0	0
0	0
0	0
0	0
1	0
0	0
0	2
0	0
0	0
0	0
0	120
0	0
0	0
0	0
0	0
3	15
0	2359
0	0
0	0
0	0
0	1
0	0
0	33
2	0
0	0
0	0
0	0
0	0
0	0
0	0
0	0
0	0
0	0
0	0
0	0
0	0
0	0
0	0
0	0
0	0
0	0
0	0
0	0
0	0
0	0
0	0
0	0
0	2
0	0
0	0
0	18466
0	0
0	0
0	0
0	0
0	0
0	0
0	0
0	0
0	0
0	3
1	0
0	0
0	0
0	0
0	23
0	0
0	0
0	0
0	0
0	0
0	0
0	0
0	0
0	0
0	0
0	0
0	0
0	0
0	0
0	0
0	0
0	0
1	0
0	0
0	0
0	0
0	6
0	0
0	0
0	0
0	0
0	0
0	0
0	0
0	0
0	1
0	148
0	11
0	0
0	0
0	0
0	0
0	0
0	0
1	3
0	0
0	0
0	0
0	0
0	0
0	0
0	14
0	0
0	0
0	44
0	0
0	0
0	0
1	0
0	0
0	0
0	0
0	0
0	9
0	33
3	13
0	0
0	0
0	0
0	0
0	0
0	0
0	0
0	0
0	0
0	0
0	0
0	0
0	1
0	0
0	0
0	0
0	0
0	0
0	0
0	0
0	0
0	557
0	2
0	1
0	0
0	0
1	178
0	0
0	0
0	0
0	0
0	1
0	0
0	101
0	0
0	17
0	0
0	1
0	0
0	0
0	0
0	0
0	0
0	0
0	0
0	0
0	0
0	0
0	0
0	0
0	0
0	0
0	1
0	181
0	3
0	4
0	0
0	0
0	0
0	0
9	0
0	0
0	0
2	0
0	0
0	0
3	6717
0	0
2	0
0	0
0	0
0	0
0	0
0	79
0	0
0	0
0	293
0	0
1	0
0	0
0	0
0	0
0	0
0	0
0	0
0	0
1	2843
0	0
0	0
0	0
0	0
1	0
0	0
1	0
0	0
0	0
0	0
0	0
0	0
0	0
0	0
0	0
0	0
1	52
0	0
0	0
10	0
0	0
0	1177
0	680
0	0
0	0
0	0
0	0
0	0
0	7
0	0
0	0
0	0
0	0
0	0
0	0
0	0
0	0
0	3962
0	0
0	0
0	0
0	0
0	0
0	0
0	0
0	1
0	0
0	0
0	0
1	12184
0	0
0	0
0	0
0	0
0	2
0	3549
0	1
0	0
0	0
0	0
0	6
0	0
0	0
0	0
0	0
0	0
1	0
0	77
0	0
0	0
0	0
0	0
0	0
2	209
0	0
0	0
0	0
0	57
0	0
0	0
0	0
0	0
0	0
0	0
1	119
0	67
0	0
0	0
0	0
14	0
0	0
0	25
0	0
1	92
0	0
0	0
0	0
0	0
0	0
0	0
0	0
0	0
1	553
0	0
0	0
0	0
0	0
0	0
0	0
0	0
0	0
0	0
0	2
1	1
0	0
2	183
0	0
0	0
0	0
0	0
0	0
0	0
0	0
0	0
0	0
0	0
0	0
0	0
0	2
0	0
0	0
0	0
0	0
0	0
0	0
0	0
0	79
0	0
2	8
0	0
0	0
0	0
0	0
2	0
0	110
0	0
0	0
0	54
0	0
0	0
0	0
0	0
0	0
0	503
0	0
0	0
0	0
0	0
0	0
0	0
0	0
0	0
1	0
0	0
0	0
0	0
0	0
0	0
0	1
0	0
0	0
0	8
0	0
0	0
0	0
0	3
0	0
0	0
0	0
2	5
0	26
12	4
0	0
0	4
0	0
1	0
0	0
0	0
1	7
0	0
0	0
0	0
0	0
0	0
2	5
0	0
0	0
0	0
0	18
0	0
0	0
0	0
0	0
0	0
0	0
0	1
0	1
0	0
0	0
0	0
0	0
1	0
0	2
0	0
0	0
0	0
0	0
0	0
3	267
0	0
0	0
0	0
0	0
0	0
0	0
0	0
0	821
0	0
0	0
0	3
1	16
0	64
0	4
0	0
5	30
0	139
0	13
0	0
0	0
0	1
0	0
0	0
0	0
0	0
0	0
0	747
0	0
0	0
0	0
0	0
0	0
0	0
0	0
0	0
0	0
0	0
0	0
0	0
0	1
2	1864
0	0
0	0
0	0
0	0
1	0
0	0
0	1
0	0
1	1127
0	0
0	0
1	220
3	24
0	0
0	0
0	2
0	0
1	1753
0	0
0	0
0	0
0	0
0	0
1	1780
0	0
0	131
0	0
0	0
0	0
0	0
0	0
0	0
0	0
0	51
0	0
0	0
2	0
0	3
0	9
0	0
0	0
0	0
0	0
0	0
0	0
0	26
0	0
0	0
0	0
0	0
0	0
0	0
0	5
0	0
0	0
0	0
0	1
1	1697
1	40
0	0
0	0
0	0
0	14
0	183
0	408
0	0
0	1
0	0
0	0
2	2
0	0
0	0
0	4
0	4
0	4
0	0
2	39
3	1
0	0
0	0
0	0
0	0
0	0
0	0
0	0
2	1376
0	0
0	0
1	0
0	1
0	0
0	1
0	0
0	0
0	0
0	51
0	0
0	0
0	0
0	0
0	0
0	0
0	0
0	0
0	0
0	0
0	0
0	0
0	207
0	0
0	0
0	574
0	1
0	0
0	0
0	0
0	0
0	0
0	0
0	0
0	3
0	0
0	23
0	0
0	0
0	0
0	2
0	0
0	3
0	0
0	0
0	28
0	0
0	0
0	0
0	0
0	3
2	0
0	0
0	129
0	158
0	0
0	28
0	0
0	1
0	0
0	0
0	0
0	0
0	0
0	0
0	0
0	0
0	0
0	0
0	0
0	0
0	1
0	0
0	0
0	0
0	0
0	90
0	0
0	0
0	0
0	0
0	0
0	0
0	0
0	0
0	0
0	1
0	0
0	0
0	0
0	4
0	0
0	0
0	0
0	0
2	412
0	0
0	2
0	0
0	0
0	0
0	87
0	0
0	19
0	0
0	0
2	112
0	0
0	0
0	0
0	0
0	0
0	0
1	24
0	0
0	0
0	0
5	74
0	0
0	1851
0	0
0	0
0	0
0	0
0	0
0	2
0	67
0	311
0	0
1	1
0	0
0	0
0	554
0	0
0	577
0	1
0	0
0	0
0	16
0	0
0	0
0	1
0	1
3	14
0	0
0	0
0	537
0	0
0	0
0	0
0	0
0	0
7	35
0	0
0	0
0	0
0	0
0	0
0	24
0	0
0	0
0	0
0	0
0	0
0	0
0	0
0	0
0	0
0	0
0	0
0	0
0	0
0	2
0	198
0	0
0	0
0	0
0	0
0	0
0	0
0	0
0	0
0	0
0	0
0	0
54	167
0	0
6	0
0	0
0	0
0	0
0	0
0	0
0	0
0	0
0	0
0	0
0	227
0	0
1	1688
0	0
0	0
0	0
0	0
2	6
0	0
0	0
0	0
0	149
0	0
0	0
1	9
0	0
0	0
0	0
0	0
0	0
0	0
0	4
0	0
0	689
0	840
0	0
0	2
1	0
0	0
6	0
0	0
1	0
0	0
0	0
0	0
19	13904
1	1284
0	5423
0	4270
0	0
1	11
0	2080
0	0
0	0
0	0
0	0
0	0
0	0
0	0
1	0
0	0
0	0
0	0
0	2
0	0
1	0
0	0
0	0
0	0
0	0
0	0
0	0
0	0
0	5
0	0
0	0
0	0
0	0
6	0
0	0
0	0
0	0
0	0
0	0
1	69
0	0
0	19
0	0
0	0
1	0
0	0
0	0
0	0
0	0
0	0
0	0
0	0
0	0
0	0
0	0
0	0
0	0
1	0
0	0
0	26
0	0
0	4
0	0
0	0
1	1
0	0
0	135
0	269
0	0
0	0
0	0
0	0
0	0
0	0
0	0
0	0
0	6
0	1
0	0
0	0
0	0
0	0
0	0
0	186
0	0
0	2253
0	0
0	0
0	0
0	0
0	38
0	0
0	0
0	0
0	0
0	0
0	4
0	0
0	0
0	0
0	67
0	0
2	0
0	0
0	0
14	0
0	0
0	4
0	0
0	0
0	0
0	0
0	0
0	0
0	4
0	0
0	0
0	0
0	0
0	0
0	0
0	0
0	0
0	0
0	0
0	0
0	0
0	156
0	0
0	0
0	0
0	0
0	0
0	0
0	3068
1	32
0	562
1	0
0	0
0	0
0	0
0	0
0	0
0	0
0	0
0	0
0	0
0	0
0	0
0	0
0	0
1	1
1	17
4	99
0	1
0	43
0	0
0	0
4	0
0	0
0	0
0	0
0	0
0	0
0	7
0	4
0	0
0	0
2	0
0	46
0	0
0	0
0	0
0	0
0	0
0	0
0	0
1	0
0	0
0	0
0	115
0	0
0	0
0	0
0	0
0	0
0	243
0	7
0	0
0	0
0	0
0	0
1	1
0	4
0	0
0	0
0	0
0	0
0	229
0	0
0	0
0	0
0	0
0	0
0	0
1	18
0	0
0	0
0	0
0	13
8	0
0	0
0	132
0	0
1	706
1	0
0	0
0	349
0	0
0	0
0	0
0	0
0	64
0	0
0	0
0	0
0	0
0	0
0	0
0	0
6	0
0	0
1	7001
0	0
2	2
0	0
0	0
0	0
0	0
1	799
0	0
0	0
0	0
0	0
0	0
0	0
0	0
0	0
0	0
0	0
0	0
0	1560
0	0
0	0
0	0
0	0
1	4660
1	19
0	0
0	3
0	0
0	21
0	0
0	0
0	0
3	0
0	0
0	0
0	1654
0	0
0	0
0	167
0	0
0	12
0	0
1	1
0	0
0	0
0	3
0	7
0	0
4	0
0	0
0	0
0	0
0	0
0	0
0	0
0	0
0	0
0	2
0	2
0	0
0	0
0	0
0	0
0	58
0	1
0	0
1	0
0	0
0	0
0	0
0	0
0	14
0	0
0	0
0	3
0	17
0	0
0	270
0	0
2	759
0	0
0	0
0	0
1	0
0	17
0	0
0	0
0	0
0	0
0	0
0	0
0	0
0	9
0	0
2	4056
0	0
0	0
0	4
0	0
0	0
0	0
0	0
0	0
0	0
0	1
0	0
1	0
0	0
0	0
0	0
0	0
0	0
0	0
0	0
0	85
0	0
0	0
1	0
0	0
0	0
42	1
0	0
17	0
0	0
0	0
0	0
0	0
0	0
0	0
0	0
0	0
1	0
0	0
0	1
0	0
0	0
1	0
0	0
0	0
1	40
0	0
0	0
0	0
0	0
0	0
0	0
1	451
0	223
0	0
0	0
0	0
0	401
0	0
0	0
0	0
0	0
1	877
0	0
0	0
2	0
0	0
0	4
0	0
0	0
0	98
0	0
0	0
0	0
0	0
1	2099
7	1
0	0
0	0
0	6
0	0
0	77
2	365
0	0
0	0
0	0
0	0
0	0
0	0
0	0
0	2
0	0
0	0
0	4
0	0
0	0
0	0
0	0
0	354
0	0
3	1101
0	0
0	28
0	0
0	0
0	6
0	0
0	0
0	1
0	0
0	2472
0	2046
0	0
0	20
2	0
0	0
0	0
0	0
0	2
0	0
0	0
0	0
0	0
0	0
0	0
0	0
0	0
0	0
1	0
0	0
0	0
0	1
0	0
0	0
0	0
0	0
1	0
1	1
0	6
0	0
0	0
0	0
0	0
0	7
0	244
0	0
0	0
0	0
0	0
0	0
0	0
0	0
10	124
0	0
0	1
0	0
0	812
0	0
1	0
0	0
0	0
0	0
0	0
0	31
0	0
0	0
0	153
0	0
0	0
0	0
0	1
0	385
0	0
0	0
0	0
0	0
0	0
0	4261
0	2909
0	0
0	1
0	0
0	0
0	0
0	0
0	0
0	33
0	202
0	2
0	0
0	0
0	0
0	0
0	0
0	0
0	0
0	0
0	0
0	0
0	0
0	6
0	0
1	424
0	240
0	0
0	0
3	3
0	0
0	0
0	0
0	0
0	22
0	0
0	0
0	0
0	0
0	0
0	0
0	0
0	0
0	0
1	0
0	0
0	5243
0	0
0	0
0	0
0	0
0	0
0	0
0	0
0	21
0	0
0	0
0	0
0	0
0	0
0	1
0	4
0	0
0	105
0	0
0	0
7	353
0	0
0	0
0	0
0	0
0	0
0	0
0	0
0	0
0	0
2	0
0	0
0	22
0	0
0	0
0	0
0	0
0	0
0	745
0	0
0	0
0	354
0	0
0	0
0	0
0	0
0	0
0	0
0	0
0	0
0	0
0	0
0	0
0	0
0	0
0	0
0	0
0	0
0	0
0	0
0	0
0	0
0	27
0	0
0	1
0	100
0	0
0	0
0	0
0	0
0	0
0	0
0	0
0	0
0	0
0	0
0	0
0	0
0	0
0	0
0	0
0	0
0	0
0	0
0	0
1	0
0	0
0	0
0	1
0	50
0	0
0	0
0	0
0	0
0	0
0	0
0	0
0	0
0	0
1	96
0	0
0	0
0	0
1	228
0	0
0	0
0	0
0	0
0	0
0	0
0	0
0	63
0	2
0	0
0	0
0	0
0	4
0	1
0	0
0	0
0	87
0	2
0	0
0	0
0	0
0	10
0	0
1	1
0	0
0	0
0	0
0	0
0	0
0	0
1	98
0	0
0	0
0	89
0	1
0	0
0	0
0	0
0	0
0	0
0	0
0	0
0	0
0	0
0	0
0	99
0	0
0	920
0	0
0	0
0	0
0	0
0	1008
0	0
0	0
1	1079
0	0
0	0
0	0
2	0
0	0
0	0
0	0
2	0
0	0
0	0
0	0
0	0
0	1
0	0
0	0
0	0
0	0
0	0
0	0
3	19
0	0
0	0
0	0
0	0
0	0
0	0
0	0
0	0
0	0
4	4013
1	0
0	8593
0	0
0	0
0	0
0	0
0	11
0	0
0	1068
0	376
0	0
0	0
0	0
0	0
0	0
0	0
0	0
0	0
0	0
0	0
0	0
0	0
0	0
0	0
0	0
0	0
0	0
2	1
0	0
0	0
0	0
0	9
0	2
0	0
0	0
0	0
0	1
0	0
0	0
0	0
0	0
0	0
2	106
0	0
0	0
0	0
0	0
0	0
0	6
0	133
0	0
0	0
0	0
1	0
0	85
0	0
0	0
0	0
0	1
0	0
0	0
0	0
0	0
0	0
0	0
0	0
0	3
0	0
4	0
0	0
0	0
0	0
0	0
0	0
0	0
0	0
0	0
0	0
0	0
0	1504
0	0
0	0
0	0
0	0
2	8830
0	0
0	0
0	0
0	20
0	0
0	0
0	0
0	0
0	0
0	0
0	0
0	0
0	0
0	0
0	0
0	0
0	0
0	0
0	0
0	0
0	0
0	0
0	0
0	0
0	0
0	136
0	0
0	0
0	705
1	0
1	0
0	0
0	0
0	0
0	0
0	0
0	0
0	0
0	950
0	0
0	3943
0	0
0	88
0	0
0	0
0	0
0	0
0	0
0	0
0	0
0	176
0	0
0	0
0	0
0	0
0	0
0	0
0	0
0	2
2	0
0	0
0	0
0	0
1	911
0	0
0	0
0	0
0	0
0	0
0	0
0	0
0	0
0	0
0	0
0	0
0	0
0	0
0	0
0	0
0	0
0	0
0	0
0	0
1	0
0	0
0	40
0	0
0	114
0	0
0	0
0	0
0	0
0	0
0	0
0	44
0	0
0	0
0	0
0	0
0	0
0	0
0	0
0	0
0	0
0	0
0	0
0	0
0	0
0	0
0	0
0	0
0	0
0	1
0	0
0	2
0	0
0	0
0	0
0	0
0	0
0	15
0	0
0	0
0	1
1	0
0	0
5	2
0	0
0	0
0	66
0	1626
0	0
0	0
0	0
0	0
0	0
0	0
0	135
0	0
1	28
0	0
0	4
0	0
0	0
0	0
0	0
0	0
0	0
0	0
0	0
0	0
0	0
0	0
0	0
0	0
0	1
0	0
0	0
0	0
0	0
0	1643
0	0
1	0
1	5
0	2
0	0
0	1
0	2135
0	0
0	0
0	0
0	0
0	0
0	0
10	0
0	0
10	0
0	0
0	0
0	0
0	0
0	0
0	0
0	0
0	0
0	0
0	0
0	0
0	0
0	0
0	0
0	0
1	422
0	21
0	0
0	0
0	0
0	0
0	0
0	0
0	0
0	4
0	0
0	0
0	0
0	0
0	107
0	0
0	0
0	0
0	0
0	0
0	0
0	0
0	0
3	0
1	73
1	43
0	0
0	0
0	0
0	0
2	2
0	0
1	1648
0	0
0	113
0	0
0	0
0	0
0	0
0	0
0	0
0	7
0	0
0	15
0	0
0	0
0	1024
0	0
0	0
0	0
1	82
1	0
0	0
0	0
0	0
0	377
0	0
0	0
0	0
0	0
0	0
0	0
0	0
0	1
0	0
0	0
0	0
2	1
0	0
0	0
0	0
0	0
0	10
0	669
0	0
0	0
0	0
0	0
0	0
0	0
0	0
0	0
0	0
0	0
0	0
0	0
0	0
0	0
0	0
0	0
0	0
0	0
0	10131
0	0
0	0
0	0
0	0
0	0
0	37
0	0
0	6
0	0
1	162
0	0
0	0
0	0
0	0
0	0
0	0
0	0
0	0
0	0
0	1
0	0
0	0
0	0
0	0
1	0
0	4
0	0
0	0
0	0
0	0
0	0
4	0
0	0
0	0
0	0
0	35
0	0
0	0
0	0
0	196
0	0
0	6
0	0
9	0
0	4
0	0
0	0
0	0
0	0
0	0
0	0
0	0
0	0
0	0
0	12
0	0
0	0
0	0
0	0
0	0
0	0
0	0
0	0
0	0
0	239
0	0
0	0
0	9
0	5
0	0
0	0
0	0
0	2
3	0
0	0
1	1
0	0
0	26
0	0
1	711
0	0
0	0
0	0
0	0
0	0
1	0
0	0
0	0
0	0
0	0
0	0
0	0
0	1
0	0
0	1
0	0
0	0
0	0
0	0
0	0
0	0
0	0
0	0
0	0
0	0
0	0
0	0
0	23
0	2
0	0
0	0
0	0
0	0
0	0
0	0
0	0
0	0
0	48
0	0
0	129
0	0
0	40
2	6212
0	311
0	0
0	0
0	0
0	0
0	153
0	6
0	0
0	24
0	2
0	0
0	0
0	2
1	0
0	4
2	0
0	0
0	0
0	0
0	0
0	0
0	0
0	0
0	0
0	0
0	61
0	0
0	0
0	0
0	0
0	0
0	0
0	0
0	4
0	0
0	0
0	0
0	0
0	1
0	0
0	0
0	0
0	0
0	0
0	0
0	0
0	0
0	0
0	0
0	0
0	0
0	0
0	0
0	0
0	0
0	0
0	0
0	0
0	0
0	0
0	0
3	23
0	1898
0	0
0	0
0	10
0	0
0	2
0	0
0	0
0	0
0	0
0	0
1	1
0	0
0	0
0	0
0	0
0	0
0	0
0	0
0	0
0	0
0	160
0	55
0	0
0	15
0	0
0	5
0	0
0	13
0	0
2	178
0	0
0	0
0	0
0	0
0	0
0	0
0	0
0	0
0	50
0	4
4	0
3	0
0	0
0	0
0	0
0	0
0	0
0	2458
0	4
0	18
0	137
0	242
0	0
0	377
0	0
0	0
0	0
0	0
0	4
0	1
0	0
0	0
0	0
0	0
0	0
0	0
4	166
0	0
0	0
0	84
0	0
0	0
0	103
0	0
0	0
0	2
0	4
0	0
0	0
0	0
0	0
0	1
0	0
0	0
0	0
0	4630
0	0
0	0
0	0
0	0
0	0
0	0
0	0
0	361
1	12
0	0
0	0
0	1
0	0
0	0
1	3422
1	0
0	0
0	0
0	0
0	1133
0	0
0	1
0	0
1	3924
0	0
0	1
0	0
0	0
0	0
0	0
0	0
0	0
0	0
0	347
0	12
0	0
0	37
0	0
0	0
0	1650
0	0
0	0
0	82
0	0
0	4775
0	1342
0	1
0	6
0	0
0	802
0	850
0	0
0	0
0	0
0	0
0	1
0	0
0	0
0	0
0	0
0	0
0	0
0	0
0	0
0	2
0	0
0	0
0	0
0	51
0	0
0	0
0	0
0	0
0	0
0	0
0	0
0	0
0	0
0	312
0	0
0	0
0	0
0	1
0	3
0	0
0	0
0	9
0	0
0	0
0	0
0	0
0	0
0	0
0	0
0	0
0	0
0	0
0	0
0	0
0	0
1	431
0	0
0	0
0	0
0	0
0	0
0	1
0	0
5	33
0	185
0	0
1	3
0	0
0	0
0	0
0	0
0	0
0	0
0	0
0	55
0	0
0	0
0	0
0	0
0	4
0	48
0	0
1	15
0	0
0	0
0	5
0	0
0	0
0	0
0	0
0	0
0	2
0	0
0	0
0	0
0	0
0	0
0	0
0	0
0	0
0	3
0	3
0	0
0	0
0	0
0	0
0	1
0	0
0	0
0	0
0	0
1	1559
0	0
0	0
0	0
0	0
0	0
0	0
0	0
0	181
5	0
0	0
2	5
0	0
0	0
0	0
0	0
0	12
0	0
3	0
0	0
4	0
0	436
1	3
0	0
2	0
0	0
0	0
0	0
0	0
0	0
0	0
0	10
0	0
0	0
0	0
0	0
0	0
0	0
0	0
1	29
0	0
0	0
0	0
0	11
0	66
0	0
0	0
0	0
0	1926
0	0
0	0
0	0
0	0
0	0
0	0
0	0
0	15
0	0
0	0
0	0
0	0
0	0
0	0
0	10
10	0
0	0
0	0
0	0
0	0
0	2
0	0
0	0
0	675
0	0
0	0
0	0
0	3
0	0
0	0
0	43
0	0
0	0
0	0
0	0
0	0
0	0
0	0
0	0
0	241
0	0
0	0
0	0
0	0
0	0
0	0
0	0
0	0
0	8
0	7
0	0
2	0
0	0
0	0
0	0
0	0
0	0
0	0
0	0
0	0
0	0
0	0
0	0
0	0
0	0
0	54
0	0
0	0
0	0
0	0
0	224
0	143
0	0
1	0
0	0
0	0
0	0
0	0
0	0
0	0
0	0
0	0
0	0
0	253
0	0
0	97
0	0
3	0
0	0
0	92
0	0
0	0
0	0
0	0
0	0
0	0
0	0
0	0
0	0
0	0
0	1
0	0
0	0
0	0
0	0
0	0
3	0
0	0
0	0
0	0
0	0
0	48
0	0
0	0
0	0
0	0
0	1
3	326
0	41
0	0
0	0
0	0
0	0
0	0
0	0
0	0
0	0
1	0
0	0
0	0
0	0
0	0
0	2
0	0
0	0
0	0
0	0
0	0
0	0
2	15
0	0
0	0
0	0
0	0
0	0
0	4
0	0
0	0
0	0
0	0
0	0
0	0
0	0
0	0
0	535
0	0
0	0
0	7
0	0
0	0
0	0
0	0
0	0
0	0
1	8
0	0
0	0
0	0
0	0
0	0
0	0
0	0
0	0
0	0
0	4
0	0
0	0
0	59
2	3044
0	0
0	0
0	0
0	0
0	97
0	0
0	0
0	1
0	0
0	189
0	0
0	0
0	0
0	0
0	0
0	0
15	3
0	0
0	0
0	0
0	0
0	0
0	0
0	36
0	0
0	0
0	0
0	8
0	0
0	0
0	0
0	0
0	0
0	0
2	0
0	0
0	0
0	0
0	0
0	0
1	123
0	0
0	1
1	0
0	0
0	0
0	0
0	0
0	0
0	0
0	0
0	0
0	0
0	318
0	0
0	0
0	0
0	0
0	0
0	0
0	0
0	596
2	91
1	0
0	1
0	0
0	0
0	10
0	0
0	0
0	646
7	19
0	0
0	4
0	0
0	0
0	748
0	0
0	0
0	0
0	2611
0	0
0	0
0	0
0	0
0	0
0	0
0	357
0	0
0	16
0	0
0	0
0	202
0	34
0	1
0	0
1	0
0	0
0	0
0	0
0	0
0	0
0	0
1	0
0	1
0	0
0	3
0	0
0	0
3	8
0	0
0	1
0	0
0	0
0	0
0	0
0	0
0	0
0	0
0	12
0	1
0	0
0	0
0	0
0	0
0	0
0	10707
0	0
0	0
0	0
0	0
0	0
0	0
0	0
0	0
0	1
0	0
0	19
0	0
0	116
0	0
0	0
0	0
0	0
8	3
0	0
0	0
0	1
0	0
1	0
0	0
0	0
0	0
0	0
0	0
0	0
0	0
0	0
0	0
0	0
0	0
0	0
0	0
0	0
1	1
0	1
0	0
0	0
1	0
3	2
0	679
2	1803
0	0
0	0
0	0
0	0
0	2
0	0
0	0
0	0
0	0
0	0
0	0
1	1645
0	0
0	0
0	0
0	1
0	0
0	0
0	0
0	0
0	0
0	5
0	0
1	35
0	0
0	0
0	0
0	0
5	20094
0	87
0	0
0	0
0	0
0	0
0	0
0	0
1	0
0	0
0	0
0	0
0	0
0	0
0	0
0	0
0	0
4	15490
0	0
0	0
0	0
0	0
0	778
0	0
0	0
0	0
0	0
0	0
0	0
0	0
0	0
0	14
0	0
0	0
0	0
0	0
0	0
0	2
0	0
0	0
0	0
0	2
1	18
0	0
0	0
0	0
0	0
1	0
0	0
0	3
0	0
0	0
0	1
0	0
0	0
0	28
0	0
0	0
0	1
1	0
0	0
0	30
0	0
0	0
0	0
0	0
0	0
0	15
0	0
0	503
0	1213
0	0
0	0
0	0
0	0
0	0
0	0
0	0
0	0
0	0
0	0
0	174
0	0
0	0
0	0
0	0
0	0
0	0
0	2
0	1
0	0
0	0
0	0
0	0
0	0
0	0
0	0
0	0
0	0
0	0
0	0
0	0
0	0
0	0
0	0
1	1393
0	0
0	0
0	0
0	0
0	0
0	0
0	0
0	1
1	0
0	0
0	0
0	0
0	0
0	0
0	1
0	0
0	0
0	0
0	17
0	0
1	14
0	1
0	2
0	0
0	0
0	0
0	885
0	0
0	0
0	0
0	0
0	0
0	0
0	0
0	0
0	0
0	0
0	0
0	0
0	0
0	0
0	61
0	0
1	0
0	0
0	0
0	51
0	0
0	0
0	0
0	0
0	0
0	0
0	0
0	0
0	0
0	292
0	0
0	0
0	0
0	0
1	0
0	0
0	0
0	0
0	0
0	0
0	0
0	0
0	0
0	0
0	0
0	0
1	36
0	0
0	0
0	0
0	0
0	0
0	10
0	0
0	0
0	0
0	0
0	0
0	1
0	0
0	0
0	0
1	0
0	0
0	0
0	0
0	0
0	39
0	0
0	0
0	9
0	0
0	0
0	1
0	0
0	0
0	0
0	0
0	0
0	0
0	0
0	0
0	0
0	0
1	0
0	0
0	0
0	0
0	0
0	0
0	0
0	0
36	3960
0	423
0	0
0	0
0	0
0	0
0	0
0	0
0	0
0	1
1	0
0	0
0	0
0	0
0	0
0	0
0	0
0	0
0	0
0	0
0	0
0	0
0	0
0	1
0	0
0	0
0	0
0	0
0	0
0	0
0	0
0	0
0	0
0	0
0	0
0	0
0	0
1	47
0	0
0	0
0	0
0	0
0	0
0	0
0	0
0	0
0	0
0	48
0	7925
0	15
0	0
0	0
0	0
0	17
0	0
1	0
0	35
0	0
0	8
0	0
0	0
0	0
7	34
0	1
0	0
0	0
0	0
0	48
0	332
0	4
0	0
0	0
0	224
0	3
0	0
0	0
0	26
0	0
0	0
0	0
0	0
0	0
0	538
0	0
0	37
0	68
0	0
0	0
0	0
0	0
0	0
0	0
0	6
0	325
0	0
0	0
0	0
0	0
0	0
0	0
0	0
0	0
0	0
0	248
0	0
0	0
0	0
0	0
0	4
0	0
0	0
5	13
0	297
0	0
0	0
0	0
3	1369
0	0
0	0
0	0
2	8
0	0
0	7
0	0
0	0
0	0
0	84
0	71
0	1
0	0
0	5
0	0
0	0
0	54
0	0
0	0
0	0
0	162
0	0
0	0
0	251
0	0
0	0
0	0
0	1
0	0
0	0
0	0
0	1
1	3032
0	0
0	0
0	26
2	692
0	0
0	403
0	0
0	12
0	3
0	0
0	0
0	0
0	0
0	0
0	0
0	0
1	563
0	0
0	0
1	0
0	0
0	5406
0	0
0	0
0	0
0	0
0	0
0	0
0	0
1	1
0	0
0	0
0	0
0	51
0	0
0	0
0	0
0	237
0	0
0	1
1	3867
0	0
0	0
0	0
0	0
0	0
0	0
0	0
0	0
0	0
0	0
0	0
0	0
0	0
0	11
0	0
0	36
0	0
0	0
0	0
0	0
0	109
0	0
0	0
0	3112
0	1723
0	1
0	0
0	0
0	0
0	0
0	0
0	0
1	8132
0	0
0	0
0	0
0	0
0	0
0	0
0	0
0	0
0	0
0	0
0	0
0	0
0	0
1	0
0	0
0	0
0	1
0	0
0	0
1	2
0	0
0	0
0	0
0	3
0	0
0	1
0	0
0	0
0	0
0	0
1	0
0	0
0	0
0	0
0	0
1	8
0	0
0	0
0	3005
0	0
0	1
0	0
0	0
0	0
2	0
0	0
0	0
0	0
0	0
0	0
0	4
0	472
0	4896
0	0
0	0
0	0
1	0
0	0
0	0
1	14333
0	0
0	0
0	0
0	0
0	0
0	0
0	0
1	2
0	0
1	0
0	8
0	0
0	0
0	0
0	0
0	0
0	0
0	0
0	0
0	0
0	0
0	0
0	0
0	0
0	0
0	0
0	0
0	0
0	0
0	0
0	0
0	0
0	12
0	0
0	0
0	0
0	15
0	0
0	0
0	0
0	0
0	0
0	6
0	0
0	0
0	22
0	0
0	1
0	0
0	0
0	0
0	1
1	0
0	0
0	3
0	0
0	0
0	78
0	0
0	0
0	0
0	0
0	0
0	0
0	0
0	0
0	16
0	0
0	0
1	0
0	0
0	0
0	0
0	0
1	1
0	0
0	0
0	0
0	0
0	0
0	4
0	0
0	73
0	0
0	3
0	4
0	0
0	0
0	0
0	0
0	0
0	0
0	0
0	4
0	0
0	0
0	0
0	0
0	0
0	0
0	0
0	0
0	0
0	88
0	0
0	4136
0	0
0	0
0	0
0	0
0	0
0	0
0	0
0	17
0	1
0	0
0	0
0	0
0	0
0	0
0	0
0	0
0	0
0	0
0	0
0	0
0	102
0	0
0	0
0	0
0	15
0	0
0	0
2	0
0	345
0	0
0	0
0	0
0	0
0	0
0	0
0	0
0	0
0	670
0	0
0	0
0	0
0	0
0	56
1	0
0	151
0	0
1	4
0	0
0	0
0	0
0	0
2	17
0	2
0	3
0	29
0	0
0	0
0	5454
0	2
0	0
0	0
0	0
0	0
0	0
0	0
0	0
0	1
0	0
1	0
0	0
0	277
0	105
0	0
0	17
0	56
0	0
0	0
0	50
0	0
0	0
0	0
0	0
0	0
0	0
1	1
0	0
0	0
0	0
0	0
0	1732
1	0
0	0
0	0
0	0
0	0
0	0
0	3
1	0
0	0
0	0
0	1
0	3
0	0
0	0
0	1
0	201
0	0
0	0
0	0
0	0
0	0
24	0
0	0
0	22
0	0
0	0
0	123
0	0
0	0
0	0
0	0
0	0
0	0
0	813
0	0
0	117
0	0
0	0
0	0
0	0
28	19726
9	1
0	0
0	2546
0	0
0	30
0	0
0	35
0	0
1	0
0	0
0	0
0	0
0	0
0	244
0	0
3	29
0	0
0	111
0	0
0	0
0	0
0	0
0	0
0	0
0	0
0	0
0	0
1	0
0	0
0	0
0	0
0	0
0	0
0	0
1	0
0	0
0	0
0	0
1	0
0	0
0	0
0	0
0	9
0	0
0	2620
0	0
0	0
0	0
0	0
0	0
0	0
0	1
0	243
0	1
0	0
0	3
0	0
0	0
0	2
0	76
0	0
0	0
0	0
0	0
0	168
0	0
0	0
0	2
0	0
0	0
0	0
0	0
0	0
0	0
1	6
0	0
0	0
0	0
0	0
0	0
0	0
0	1
0	96
0	0
0	0
0	0
0	0
1	0
0	0
0	0
0	0
0	0
0	0
0	4
0	0
5	1024
0	0
0	0
0	0
0	0
0	0
0	0
0	0
0	0
0	0
0	0
5	26
0	0
0	0
0	0
0	0
0	0
0	0
0	0
0	0
1	0
0	0
0	0
0	0
0	0
0	0
0	0
0	1
0	0
0	0
0	0
0	0
0	0
0	0
0	0
0	0
0	0
0	0
0	0
0	0
0	0
0	0
0	8
0	0
0	0
0	1
0	0
0	0
0	0
0	0
0	0
0	0
0	0
0	0
0	1
0	0
0	0
0	0
0	0
0	0
0	0
0	0
0	1
0	0
0	0
6	733
0	0
0	0
0	0
0	0
2	0
3	0
0	4
0	0
0	0
0	0
2	0
0	0
0	0
0	0
0	0
0	0
0	0
0	0
0	0
1	0
0	0
0	0
0	0
0	0
0	0
0	0
0	0
1	0
0	0
5	0
0	0
0	0
0	0
0	0
0	0
0	0
1	13396
0	0
0	0
0	0
0	0
0	0
0	0
0	624
0	0
0	0
0	56
0	0
0	0
1	0
0	0
0	0
0	0
0	0
0	0
0	0
0	0
0	0
0	110
0	35
0	0
2	1575
0	0
0	6
0	0
0	0
0	0
0	0
0	0
0	0
1	975
0	1
19	0
0	3
0	0
0	0
0	0
0	0
0	0
0	0
0	0
0	63
0	0
0	0
0	0
0	0
0	0
2	0
0	10
0	0
0	0
0	0
0	0
0	0
0	136
0	0
0	0
0	0
0	0
3	0
0	627
1	0
0	0
0	23
0	0
5	1543
1	0
2	0
0	0
1	2759
0	511
0	0
0	0
0	0
0	0
0	0
0	45
0	0
0	0
0	3
0	27
0	168
0	0
0	0
0	0
0	0
0	194
0	0
0	0
0	0
0	239
0	1
0	0
0	4
0	0
0	0
0	22
1	0
0	0
0	0
0	395
0	0
0	0
0	663
0	0
0	0
0	0
0	0
1	0
0	3
0	0
0	1
0	0
0	1
0	12
0	0
0	0
0	0
0	0
0	0
0	0
0	0
0	0
0	0
0	317
0	0
0	0
0	2450
3	0
0	0
0	0
0	0
0	0
0	0
0	0
0	0
0	0
0	33
0	0
1	9647
0	64
0	0
0	19
0	0
0	0
0	0
0	0
0	0
0	0
0	0
0	0
0	0
0	74
0	0
0	187
0	0
0	0
0	0
0	0
0	0
0	0
0	0
0	0
0	0
0	0
0	0
12	0
0	0
0	0
0	0
0	46
0	0
0	0
0	0
0	0
0	0
0	1
0	0
0	0
0	0
10	0
44	0
0	0
0	17
0	0
0	0
0	1141
0	0
0	0
0	0
0	0
0	0
0	0
0	0
0	0
0	0
0	1
0	0
2	0
0	0
0	15
1	0
0	0
0	0
0	0
0	0
0	4
0	0
0	0
0	0
0	0
0	0
0	0
0	1
0	0
52	4
0	0
0	0
0	0
0	0
1	1
0	0
0	0
0	0
0	0
0	0
0	0
0	0
0	191
0	618
0	9
0	0
0	0
0	9
0	0
0	0
0	0
0	0
0	0
0	24
0	0
0	0
0	0
0	0
3	0
0	0
0	0
0	30
0	158
0	0
0	0
0	0
0	63
0	0
0	0
0	987
0	0
0	27
0	0
0	0
0	0
1	77
0	0
0	0
0	0
0	0
0	0
0	0
0	0
0	1
0	0
0	0
0	0
0	4
0	3
0	1
0	0
0	0
0	0
0	294
0	0
0	0
0	18
0	0
3	0
0	0
0	0
0	0
0	44
0	0
0	0
0	0
0	0
0	0
0	0
0	0
1	0
0	0
0	0
0	0
1	0
0	1111
0	0
0	0
0	0
0	0
0	160
0	0
0	0
0	0
0	0
0	0
0	0
0	0
0	0
0	0
0	0
0	0
0	271
0	0
0	4
0	0
0	0
0	0
0	2918
0	0
0	1665
0	297
0	0
0	0
0	521
0	0
0	0
0	0
0	0
0	0
0	0
0	0
0	0
0	0
0	5
0	32
0	0
0	0
0	0
0	0
0	0
1	340
0	69
1	0
0	0
0	0
0	0
0	0
0	3
0	0
1	35
0	0
1	1
0	3
0	69
0	0
0	0
0	0
0	0
1	7
0	0
1	13
0	0
0	0
0	0
0	0
0	0
0	0
0	115
0	0
0	0
0	0
0	0
0	0
0	0
0	0
0	13
0	0
0	0
1	3
0	0
0	0
0	0
0	471
0	0
0	0
0	0
0	0
0	0
0	2
0	0
0	0
0	0
0	0
0	0
0	58
0	0
0	0
0	0
12	0
0	0
0	0
0	0
0	0
0	0
0	0
0	0
0	397
0	0
0	0
0	430
0	0
0	0
0	0
0	476
11	0
0	0
0	0
0	0
0	0
0	0
0	0
0	2
0	0
0	0
0	0
0	0
1	0
0	0
0	0
0	0
0	0
1	0
0	0
0	0
0	0
7	144
0	0
0	0
0	0
1	0
0	0
0	0
0	0
0	0
0	5
0	1
0	0
0	0
0	0
0	0
0	18
2	958
0	0
0	0
0	0
0	28
0	0
0	141
0	240
0	1
0	161
11	0
0	0
0	0
0	0
0	122
0	0
0	0
0	0
0	0
2	9
0	0
0	0
0	0
0	0
1	1
1	40
0	0
0	27
0	0
0	0
0	0
0	0
0	0
0	1
0	0
1	0
0	0
0	18
0	0
0	0
0	0
0	0
0	0
0	390
0	0
0	0
0	0
0	0
0	0
0	2
0	0
1	2625
0	0
0	1
0	0
0	0
0	0
0	0
0	0
0	0
1	0
1	0
3	0
0	0
1	0
0	371
0	101
0	0
0	0
0	0
0	0
0	0
0	0
0	0
0	55
0	0
0	0
0	0
0	0
0	2
0	2
0	678
1	0
0	0
0	290
0	0
0	0
0	0
3	0
0	89
0	0
0	30
0	0
1	42
0	0
1	4
0	103
1	0
0	0
1	0
0	0
0	0
1	21
0	0
0	0
0	3
0	4
0	0
0	36
0	403
0	7
0	0
0	0
0	0
0	0
0	0
0	0
0	0
4	0
0	0
0	0
0	0
5	0
0	0
1	0
0	0
0	0
0	0
0	0
0	0
0	0
0	0
0	0
0	0
0	1
0	56
0	0
0	0
1	11
0	0
0	0
0	0
0	0
0	35
0	0
0	0
0	0
0	0
0	0
0	0
0	88
0	0
0	2
0	0
1	0
0	0
0	0
0	0
0	0
0	0
0	0
0	0
0	0
0	29
0	0
0	0
0	0
0	0
0	0
0	0
0	0
0	0
0	0
0	3
0	0
15	0
0	0
0	0
0	0
0	0
0	540
0	0
0	0
0	101
0	0
0	274
0	1
0	0
0	5
0	2
0	0
0	0
0	14
0	0
2	100283
0	0
0	0
0	5
0	66
0	0
0	0
0	0
0	0
0	0
1	0
0	0
0	0
0	0
0	0
0	0
0	0
0	58
0	0
0	91
1	21
0	0
0	0
0	0
0	2935
0	0
0	0
0	0
2	0
0	3
0	219
0	2
0	0
0	0
0	0
0	0
1	30
0	0
2	118
1	0
0	0
4	0
0	0
0	0
0	0
0	7
0	0
0	0
3	0
0	0
0	0
0	0
0	361
0	0
0	0
0	0
0	0
0	0
2	0
0	0
0	0
7	3
10	8
0	0
0	0
0	0
0	0
0	0
0	438
0	0
0	0
0	0
0	879
0	0
0	0
0	0
0	0
0	0
0	0
0	0
0	0
0	0
0	0
0	0
0	0
0	0
0	0
0	0
0	0
1	0
0	0
0	0
0	49
0	31
0	9
1	0
0	0
2	5474
0	0
0	0
9	207
0	460
0	0
0	0
0	2
1	1
0	0
0	2121
0	0
0	0
0	0
0	0
0	5
0	196
0	0
1	0
0	0
0	53
0	0
1	327
0	0
0	0
1	3397
0	0
1	0
0	1
0	0
0	0
0	0
0	0
0	0
0	0
1	0
0	0
8	563
0	0
0	0
0	0
0	8
0	10
0	17
0	561
0	0
0	0
0	0
0	0
0	0
0	0
0	0
0	0
1	0
0	34
0	0
1	1
1	0
0	0
0	0
0	0
0	0
0	0
0	0
1	447
0	1
0	0
6	0
5	0
0	0
0	0
0	0
0	7529
0	0
0	0
1	470
0	0
0	0
0	0
0	0
5	33
0	0
0	0
0	0
0	0
0	0
0	0
0	0
0	0
0	0
0	2
3	124
0	31
0	4
1	444
0	0
0	0
0	1
0	0
0	20
0	0
0	2
1	1
0	0
0	0
0	1
1	36
0	0
0	171
1	0
5	0
0	0
1	0
0	0
0	0
0	0
0	0
0	0
1	184
0	0
0	0
0	41
0	0
0	0
0	0
0	311
0	0
0	0
0	1
0	0
0	0
3	2839
1	24
0	0
0	0
0	0
0	0
0	0
0	1
0	0
0	0
0	0
5	2
0	2
0	0
1	413
0	0
0	0
0	0
0	0
0	1
5	804
0	0
0	0
0	0
0	0
0	0
0	9
0	1090
0	0
0	0
0	0
0	0
0	2
0	0
0	0
0	0
0	0
0	0
0	0
0	0
0	0
0	0
0	0
0	0
0	3
1	2370
0	0
0	0
0	0
2	0
0	0
0	23
0	86
0	2
0	2
0	0
0	0
1	3
0	1
0	0
3	0
0	0
0	0
0	0
0	0
0	0
0	0
0	131
0	0
0	0
2	1
0	2
1	0
0	0
0	0
0	351
1	3
0	0
4	0
0	9
0	0
0	62
0	0
0	0
4	1
0	0
0	0
0	15
0	0
0	0
2	0
0	0
0	0
0	0
0	0
0	0
0	1
0	0
0	21
2	65
0	0
0	0
0	0
0	0
1	0
0	0
0	0
0	0
0	0
0	0
0	4
1	527
0	0
0	0
0	97
0	0
0	0
0	0
0	0
0	37
0	0
0	0
0	0
0	0
0	231
0	0
0	15
0	0
0	1031
0	1334
0	645
0	0
0	0
0	0
0	0
0	0
0	0
0	3
0	0
0	0
0	0
0	0
0	0
0	0
0	255
0	0
0	1
0	7
0	0
0	1
0	84
1	68
0	0
0	0
0	2
0	0
0	0
0	0
0	0
0	0
0	0
0	0
0	0
0	0
1	0
0	1
0	0
0	0
0	0
0	0
1	0
0	0
0	0
0	0
0	0
0	0
0	0
0	0
0	0
0	1
0	0
0	111
0	0
0	0
4	291
0	15
0	0
0	0
0	401
0	0
0	1
0	0
0	0
0	0
0	0
1	0
0	0
0	0
0	37
0	0
0	0
0	0
0	0
0	0
0	0
0	0
0	0
0	0
0	0
0	0
0	0
0	0
0	0
0	0
0	0
0	0
0	2
14	0
6	0
0	1
0	0
0	0
0	0
0	0
0	0
0	0
2	0
0	1
0	0
0	0
0	0
0	0
0	0
0	1195
0	0
0	0
0	0
0	0
0	0
0	0
0	0
0	1
0	0
0	0
0	0
0	30
0	0
0	0
0	0
0	0
0	0
0	0
0	696
0	310
0	0
0	0
0	0
0	0
0	0
0	0
0	0
0	0
0	3
2	0
0	38
0	0
0	0
0	0
0	0
0	0
0	0
0	0
0	0
0	0
0	0
0	0
0	0
0	4
0	0
0	0
0	0
0	0
0	0
0	0
0	0
4	182
0	1
0	0
0	126
0	0
0	19
0	191
0	0
0	1
0	0
0	0
0	1
0	0
0	0
1	0
0	0
0	0
0	7
0	0
0	22
0	651
0	0
0	0
0	0
0	0
0	0
0	0
0	0
0	0
0	1
0	0
0	0
0	0
0	0
0	0
0	8
0	0
0	0
0	0
0	0
0	0
0	15
0	26
0	0
0	0
0	0
0	0
0	2
0	0
0	0
0	0
0	44
0	0
0	70
0	0
1	1
0	0
0	0
0	12
0	0
0	0
0	0
0	1
0	0
0	0
0	0
0	0
0	0
0	0
0	2
0	0
0	0
0	0
0	12
0	0
0	1
0	0
0	0
1	0
0	0
0	0
0	0
0	0
0	0
0	0
0	0
0	0
0	0
0	0
4	0
0	0
0	0
0	0
2	81
0	103
0	0
0	0
0	0
2	552
0	0
0	0
0	3101
0	0
0	6
0	0
0	0
0	229
0	0
0	0
0	0
0	0
13	62
0	0
0	8
0	108
2	0
0	0
0	0
0	0
0	0
65	404
25	87
0	0
111	92
1	4
0	0
0	0
0	0
2	0
0	0
0	0
0	0
0	0
0	0
0	1
0	0
0	0
0	26
0	0
0	0
0	0
0	3904
0	0
0	119
0	0
0	6058
0	25
0	0
0	18
20	0
10	84
0	0
0	0
0	0
0	0
0	0
0	0
0	3
0	0
3	286
0	0
0	1
0	0
0	0
0	0
0	0
0	0
0	0
0	0
0	0
0	0
0	0
0	0
0	0
0	0
0	0
0	3157
0	0
0	25
0	0
0	0
0	4
0	0
0	2
0	198
0	0
0	0
1	685
0	3
0	0
0	0
1	0
0	0
0	0
0	0
0	0
0	0
0	0
0	0
21	2
0	0
0	0
0	0
0	0
0	0
0	0
0	0
0	0
0	0
0	0
0	1
0	0
0	0
0	0
0	0
0	0
0	0
0	0
0	0
1	3
0	0
0	0
0	11
1	6
1	1
0	0
0	0
0	0
0	0
0	0
4	6783
0	153
0	0
0	0
0	23
3	1
0	325
0	0
0	0
0	0
0	61
0	0
0	0
1	0
1	8
0	0
1	13
0	0
0	0
0	0
0	0
0	0
0	0
0	0
0	0
0	0
0	0
0	622
0	0
0	0
0	0
7	0
0	1
0	0
0	1
0	0
0	0
0	19
0	0
0	0
0	0
0	0
0	0
0	13
1	1
0	0
0	0
0	0
0	0
0	0
0	0
0	154
0	0
0	0
0	0
0	0
0	0
0	0
0	0
0	0
0	1
0	0
4	0
0	0
0	0
0	0
0	0
0	0
0	1
0	0
0	0
0	0
0	0
0	0
9	0
0	1
0	5
0	138
4	0
0	0
0	0
0	0
0	62
0	0
1	234
0	0
0	0
0	0
0	0
0	0
0	871
1	0
0	0
0	0
1	0
0	0
0	0
0	0
0	0
0	0
0	0
0	0
2	0
0	0
0	0
0	0
0	0
0	0
0	1
4	84910
0	0
0	0
0	0
0	0
0	0
1	244
0	0
0	0
0	4
0	0
0	2
0	0
0	0
0	0
0	1
0	0
0	0
0	22
0	0
0	0
0	0
0	0
0	0
0	0
0	0
0	0
0	0
0	105
0	8
0	0
0	0
0	0
0	0
0	0
0	0
0	1
0	0
0	0
0	0
0	0
0	0
0	0
0	0
0	5
0	94
4	117
0	0
0	0
1	0
0	257
0	0
0	0
0	0
0	0
0	0
0	0
1	0
0	0
0	0
1	4905
0	0
0	16
1	0
1	3
0	0
0	0
0	0
0	0
1	94
0	0
0	0
0	0
2	0
0	0
0	0
0	0
0	0
0	0
0	0
0	0
0	1
0	0
1	0
0	0
0	0
0	0
0	0
0	0
0	3
0	0
1	5
1	2528
0	0
0	0
0	0
1	0
0	0
0	34
2	583
0	0
0	0
0	6
0	0
0	0
0	0
0	1
0	0
0	0
0	0
0	167
0	0
0	0
0	0
0	2
0	0
0	0
0	38
0	0
0	0
0	2
0	1091
2	7
0	0
0	0
0	0
0	0
0	0
0	0
0	0
0	0
0	0
0	0
0	0
0	0
0	0
0	0
1	0
0	0
0	0
0	0
0	0
0	0
0	0
1	0
0	0
0	0
0	0
0	117
0	0
0	0
0	0
0	2
1	2777
0	0
0	0
0	0
0	0
0	0
0	0
7	0
1	256
0	0
0	0
1	1
0	0
0	21
0	1
0	184
0	0
0	0
0	5
0	0
0	0
0	0
0	0
0	0
11	0
0	0
0	0
0	0
0	2
0	0
0	0
0	0
0	0
0	4
0	0
0	52
0	164
0	0
0	29
0	0
1	0
0	0
0	0
0	0
0	0
1	0
0	0
0	0
1	0
0	0
0	1
0	0
0	0
0	0
0	167
0	0
0	0
0	0
1	7281
0	0
0	0
0	0
0	0
0	0
0	481
0	0
1	0
0	0
0	0
0	0
0	0
11	0
0	0
0	0
0	61
0	0
0	0
1	24
0	0
0	0
0	0
0	0
0	1
0	0
0	0
0	0
0	1042
0	0
0	0
0	0
0	1
1	0
1	0
0	1
0	1
0	0
0	33
0	0
0	0
0	4390
0	0
0	0
0	0
1	0
0	0
0	0
0	53
0	3
0	0
0	0
0	0
0	203
0	0
0	0
0	0
0	0
0	0
0	0
0	0
0	0
0	0
0	23
0	0
0	2
0	0
0	0
0	0
0	8
0	0
0	0
0	0
3	199
0	0
0	0
0	0
0	0
0	444
0	234
0	0
0	0
0	0
0	0
0	25
0	0
0	4
0	0
1	0
0	599
0	0
0	0
0	0
2	75
0	0
0	2420
0	0
0	0
0	0
0	0
0	0
0	0
0	0
0	112
0	0
0	362
0	0
0	0
0	21
0	0
0	23
0	6
0	0
0	0
0	0
0	0
0	0
0	0
1	698
0	0
0	20
0	0
0	0
0	0
0	0
1	0
0	0
0	6
0	0
0	0
0	1
0	91
0	0
1	187
0	0
0	50
0	0
2	18037
0	377
0	640
0	0
0	0
0	119
0	0
0	0
0	1
0	0
0	0
0	1
0	0
0	0
0	0
0	21
0	8
0	343
0	0
0	0
0	0
3	214
0	0
0	0
1	4780
0	0
2	3
0	0
0	0
0	0
0	0
0	0
0	5
0	0
0	0
0	0
0	0
0	0
0	1
0	0
0	0
0	3352
1	3412
0	0
0	471
0	0
0	0
0	0
0	0
0	0
0	0
0	0
0	0
0	0
0	0
0	0
0	0
0	0
1	0
1	2871
0	0
0	0
0	0
0	75
0	88
0	28
0	0
0	3889
0	0
0	4
0	0
0	0
0	0
0	1
0	22
0	0
3	54
0	0
0	0
0	0
0	0
0	0
3	1781
0	0
0	0
0	1108
0	1
0	1
0	0
0	0
0	0
0	0
0	0
1	106
0	0
0	0
0	0
0	14
9	0
0	0
0	0
0	0
0	0
0	0
0	2
1	0
0	0
1	54
0	0
0	0
0	1
0	0
0	0
0	2
0	0
0	0
0	0
0	0
0	0
0	0
0	6
0	0
0	13
0	0
0	7
38	0
0	0
0	0
3	0
0	0
0	0
0	0
0	0
1	8
0	0
0	0
0	0
0	0
1	1277
0	0
0	0
3	9
0	0
0	0
4	0
0	0
0	0
0	2351
7	0
0	3
0	0
1	0
0	8
0	0
0	7
0	10
0	0
0	0
0	0
0	0
0	2
0	0
0	0
2	1085
0	0
0	0
0	0
0	0
0	0
0	0
0	11
0	7201
0	0
0	0
2	2772
0	0
0	0
0	0
0	0
0	0
0	21
0	236
0	0
0	0
0	43
0	0
0	0
0	0
0	0
0	618
0	0
3	12212
0	91
0	0
0	0
0	0
0	0
0	0
0	0
0	2
0	1
0	0
0	2
0	25
0	0
0	0
0	0
5	1579
0	0
0	51
5	333
0	0
0	0
0	0
0	1
0	0
0	0
0	0
0	0
0	0
0	277
0	0
0	1
0	0
0	0
0	0
2	3
0	41
0	0
0	0
0	0
0	0
0	0
0	0
0	0
0	0
7	15
0	80
0	0
0	0
0	0
5	0
0	0
0	0
0	122
0	0
0	0
1	0
0	0
0	0
0	0
0	0
0	0
0	0
0	0
0	1
0	0
0	7092
0	0
0	82
0	0
0	0
0	0
0	10
0	0
0	0
0	0
1	0
0	4
0	0
0	0
2	46
0	115
0	144
0	0
0	6
0	0
1	1
2	0
0	0
0	0
0	0
0	0
0	0
0	14
0	0
0	0
0	0
0	9
3	0
0	5
0	0
0	0
0	0
0	0
0	0
0	0
0	0
0	0
0	1
0	0
0	0
0	0
0	0
0	0
0	15
0	0
3	73
1	1
0	0
0	0
0	0
0	0
0	0
0	6
4	2
0	0
0	0
0	0
0	50
0	0
0	0
0	0
0	0
0	0
0	0
0	0
0	0
0	0
0	5085
0	0
0	0
1	0
47	13
0	0
0	0
0	0
0	3
0	0
0	0
0	0
0	0
0	4
0	1
1	1
0	0
0	0
0	0
0	0
2	0
0	0
0	0
0	0
0	0
0	0
1	0
0	0
0	0
0	0
0	4
0	0
0	0
0	0
0	0
0	0
0	0
0	0
0	0
0	0
0	0
0	25
0	0
1	0
0	0
0	0
0	0
0	0
0	0
0	1
0	0
0	0
0	1
0	0
0	0
0	0
0	0
0	0
0	0
0	0
0	221
0	1
0	0
0	0
0	0
0	0
0	0
0	0
0	4646
0	174
0	0
0	1
0	9
0	0
0	0
0	30
0	0
0	0
0	0
0	0
0	0
0	0
0	0
0	0
0	0
0	0
0	301
0	1
0	2
0	0
0	0
0	0
0	0
0	0
0	0
0	0
0	1033
0	0
0	0
29	0
0	47
0	0
0	2592
0	0
0	0
0	10
0	0
0	0
1	1558
0	0
0	0
0	0
0	0
0	0
2	0
0	0
0	0
0	518
0	0
0	0
1	0
0	0
0	0
0	0
0	0
0	0
4	80
1	10
0	0
0	243
0	0
2	4
0	2
0	0
0	0
0	0
5	46
0	10
0	0
0	0
0	0
0	0
1	0
0	155
0	0
0	47
4	27
9	0
0	0
0	0
0	146
0	0
0	251
0	0
1	89
0	5
0	0
0	0
0	0
0	0
1	0
0	0
0	0
0	0
0	0
1	1
0	356
0	2
0	0
0	0
0	0
0	0
0	2
0	0
0	0
0	0
4	0
0	0
0	0
0	0
0	0
0	3
0	0
0	0
0	0
0	0
0	897
0	0
0	0
1	0
8	0
1	0
0	0
0	0
0	36
8	88
0	0
3	59
0	0
0	136
0	0
0	0
0	0
0	0
0	0
0	0
0	0
0	177
1	1025
0	0
0	0
0	0
0	0
0	0
0	0
0	0
0	0
0	0
1	2255
0	4
0	0
0	0
0	0
0	0
0	0
0	0
0	0
1	4
0	0
0	0
0	0
0	1
0	0
0	0
0	0
0	0
0	47
0	0
0	15
0	0
0	0
0	0
0	0
0	0
0	0
0	0
0	1
2	27
0	0
0	0
0	0
0	1
1	3
0	0
0	59
0	0
0	209
0	0
0	0
0	0
0	0
0	0
0	0
0	4
0	0
0	0
1	23
0	0
0	0
0	0
0	0
0	0
0	0
0	0
0	0
0	0
0	0
0	0
1	35
1	6
2	3
0	44
0	0
1	0
0	0
0	0
0	0
1	1033
0	5
0	0
0	0
0	0
0	0
0	0
0	0
0	0
0	0
0	0
0	0
0	41
0	0
0	0
0	0
0	0
0	0
0	0
0	0
0	0
0	0
2	0
1	0
0	0
0	0
0	525
0	0
0	0
0	7570
0	51
0	0
0	0
0	0
0	218
1	1569
0	0
0	26
0	0
0	0
0	0
0	0
1	57
0	0
0	0
0	0
4	0
0	0
0	0
0	0
0	0
0	0
0	680
15	0
0	0
0	0
0	3
0	0
0	1
0	0
0	0
0	0
0	7
0	0
0	0
1	294
0	0
0	0
0	0
0	0
0	1
0	0
0	0
0	0
0	0
0	0
1	1799
0	4
0	0
0	0
0	0
1	0
0	0
0	60
0	0
1	22
0	0
0	0
0	0
0	0
0	0
0	0
0	0
0	0
0	0
0	0
1	0
0	0
0	23
0	0
0	0
0	0
0	0
0	0
3	0
0	0
1	0
0	1
0	0
0	0
0	0
0	0
0	3
1	47
0	0
0	0
0	0
0	0
0	0
1	0
14	0
0	0
0	0
0	0
0	0
0	0
0	0
0	0
0	0
3	134
0	0
0	0
0	0
0	0
0	0
0	0
0	333
0	0
0	0
0	0
0	0
0	0
0	2688
0	27
0	2505
0	4
0	0
1	0
0	0
3	0
0	0
99	0
0	1
0	13
0	88
0	0
0	0
0	0
0	0
0	0
0	0
0	0
0	2
1	2
0	0
0	0
0	0
0	0
0	0
0	0
0	10
0	0
0	12
0	477
0	0
4	1604
0	0
1	6
0	117
0	0
0	0
0	0
0	54
0	0
0	17
0	0
0	0
0	30
0	49
0	0
0	0
0	44
0	0
0	0
0	0
0	0
0	0
0	0
0	1
0	1
0	0
0	0
2	0
0	0
0	0
0	0
0	7
0	0
0	2
0	0
0	0
0	0
1	12
2	0
0	0
0	0
0	0
0	0
0	0
0	0
0	0
0	1
0	0
1	0
0	1147
1	1
1	0
0	0
0	0
0	0
0	0
0	84
4	0
3	0
0	3
0	0
0	0
0	0
1	6
0	0
0	0
0	0
0	0
0	0
0	14
0	0
0	0
0	0
0	35
0	255
0	0
0	0
0	0
1	459
0	339
0	0
0	0
1	25
0	0
0	0
0	1
0	0
0	0
0	158
0	0
0	1
0	0
0	0
0	0
0	0
0	0
0	0
0	0
0	0
0	0
0	18
0	0
0	0
1	1
1	0
0	0
0	0
0	51
0	10
0	1
0	4
0	0
0	0
1	2562
0	0
1	0
1	11
0	0
0	0
1	522
0	1
0	0
0	2
0	0
1	0
1	0
0	0
0	0
0	0
0	0
0	0
0	0
0	0
0	0
0	2
0	0
0	0
0	0
0	0
0	14
0	0
0	0
0	0
0	873
0	1
3	0
0	0
0	3174
0	0
0	0
0	0
2	0
0	1757
0	0
0	0
0	0
0	0
0	6
0	0
0	0
2	0
0	0
0	0
4	0
2	0
0	0
0	0
0	156
0	0
0	0
1	1
0	0
0	0
0	148
0	171
0	0
0	7
0	0
0	0
0	0
0	0
0	0
0	0
0	0
0	0
0	0
0	0
0	0
0	1289
0	0
0	0
0	0
0	0
0	0
3	15
0	0
1	0
1	0
0	0
0	0
0	0
0	0
0	0
0	0
0	0
0	0
0	0
0	0
0	0
0	1
0	198
0	76
0	0
0	0
2	18
6	0
0	0
0	0
0	195
0	0
0	1
0	649
0	1487
0	0
0	0
0	0
0	0
0	0
0	0
0	0
0	6
0	0
0	0
0	0
0	0
1	0
0	0
0	0
0	0
1	0
0	0
0	0
0	0
0	0
0	0
0	0
0	0
0	0
0	0
0	0
0	0
0	0
0	0
0	0
0	0
0	0
0	0
0	0
0	0
0	0
0	0
0	0
0	0
0	0
0	0
0	0
0	0
0	0
3	0
0	0
0	0
0	0
0	0
0	0
0	0
0	0
0	0
0	0
0	0
0	0
0	0
0	0
0	0
0	0
0	0
0	0
0	0
0	0
0	0
0	62
0	0
0	0
0	0
0	0
0	0
0	0
1	0
0	0
0	0
0	0
0	0
0	0
0	0
0	0
0	0
0	0
0	0
0	0
0	0
0	0
0	3
0	3
0	1
0	1
0	1
1	0
0	0
0	0
0	0
0	0
0	0
3	0
0	0
0	0
0	0
0	0
0	0
0	0
0	0
0	0
0	0
0	0
0	0
0	7
0	2
0	0
0	0
0	8
0	8
0	8
0	8092
0	5510
0	6845
0	19
0	4
0	2
0	0
0	39
0	39
0	1
0	1
0	3
1	0
2	4
1	156
0	0
0	1
0	1
0	0
0	0
0	0
0	0
0	0
0	0
0	0
0	0
0	4
0	0
0	0
0	10
0	0
0	0
0	0
0	0
0	0
0	0
2	0
0	0
0	0
1	0
0	1
8	4
0	4
0	11514
0	9377
0	3886
0	3927
0	104
0	1
0	1
0	0
0	0
0	0
0	3
0	86
0	29
0	1
0	0
0	1
0	0
0	0
4	4892
0	1799
0	0
0	0
0	0
0	0
0	0
0	0
0	0
0	0
0	0
4	0
0	0
0	0
0	1
0	0
1	1
0	1
0	0
0	0
0	0
0	0
0	0
1	0
0	0
0	0
0	0
0	2
0	5
0	4
0	0
0	0
50	2
0	0
0	0
0	0
0	0
0	0
0	0
0	0
212	11
486	201
0	90
0	16
0	65
0	46
0	109
0	8
0	7
12	4
1	0
0	0
0	585
0	388
1	173
0	0
0	0
0	0
0	0
1	346
0	0
0	0
0	6
0	0
8	360
0	224
114	361
0	322
0	104
0	112
1787	290
0	219
20	77
3	46
18	232
0	225
0	321
0	670
0	58
7	387
388	0
0	103
0	0
0	0
0	105
3	6
3	60
0	0
1	2
0	0
0	0
0	0
0	0
0	0
0	0
0	0
0	0
0	24
67	15
61	0
0	0
0	0
0	0
0	0
0	0
11	7
1	7
0	7
8	218
3	222
0	1
0	2
0	814
0	0
0	0
8	70
0	70
8	0
1	11
15	6
0	11
0	0
0	0
0	0
0	0
0	0
0	19
0	7
0	7
0	4
0	5
1	4
1	18
0	20
444	296
0	207
4	111
15	102
0	0
0	0
0	0
0	0
0	0
0	44
0	40
0	25
0	0
0	0
2	1
0	0
0	0
0	0
0	0
0	0
3	1
0	1
0	0
0	0
29	4
0	4
0	295
0	289
0	234
0	203
0	182
30	24
0	0
0	0
0	0
0	0
0	0
0	0
0	0
0	0
0	0
1	11
2	86
0	6
0	7
0	1
0	13
0	12
0	12
5	6
0	11
0	10
13	77
0	7
0	0
0	9
0	57
0	7
0	14
0	0
0	0
0	0
2	0
19	73
0	73
0	1
0	1
1	0
0	0
0	0
0	0
18	5
33	13
0	0
0	0
0	44
0	44
0	109
0	65
0	0
0	2488
0	3215
3	1
0	12
0	8
22	12
1	12
0	11
0	0
0	0
1	0
1	1
0	1
0	0
0	0
0	0
0	0
0	9
0	6
0	54
0	0
4	1
0	1
0	0
0	0
0	0
0	0
0	0
0	0
0	0
0	0
0	0
0	0
0	0
0	0
0	0
0	0
0	130
0	56
0	0
0	3
0	0
0	0
0	3
0	2
0	0
0	0
1	2288
0	0
13	91
3	51
0	72
1	74
0	12
20	55
0	43
0	0
0	0
0	0
0	0
0	0
0	0
6	5
1	5
0	0
0	0
0	34
0	116
0	0
0	0
0	0
0	0
0	0
0	0
0	0
0	2458
0	1834
0	0
0	0
1	0
0	0
0	0
0	0
0	0
0	0
1	0
0	1
0	0
0	0
0	3
2	0
0	0
0	465
0	465
0	0
0	0
0	0
1	0
0	965
0	0
21	43
5	57
0	1
0	0
0	0
0	0
0	0
0	0
2	11
0	9
0	0
0	0
0	51
0	51
0	0
0	0
0	8
0	7
0	0
0	0
0	0
0	0
0	0
211	16
0	16
0	44
0	0
0	0
0	0
0	0
0	0
0	0
0	0
0	0
0	161
0	161
1	7283
0	4676
0	0
0	0
2	0
0	3
0	3
0	0
0	0
1	17
0	0
0	0
0	0
0	0
0	0
0	13
0	0
0	0
0	0
0	0
0	6035
0	5688
0	0
0	0
0	0
0	0
0	0
0	0
0	0
0	0
0	0
0	0
0	0
1	0
0	0
0	0
0	6
0	6
0	6
2	459
0	444
0	1
0	1
7	8
0	6
0	0
0	6
0	4
0	0
0	0
0	118
0	116
3	0
0	0
0	0
0	0
2	0
0	0
0	0
0	0
0	0
2	0
0	0
8	527
0	518
1	0
0	0
0	0
0	0
1	15
0	15
0	15
0	15
0	15
0	0
0	0
0	0
0	0
0	0
0	0
0	0
0	0
0	0
0	0
0	0
0	0
0	97
263	907
153	448
0	232
0	0
0	0
0	0
0	0
0	0
0	0
0	0
0	0
9	0
0	0
36	28
0	28
1	561
0	363
0	0
0	0
5	3
0	3
0	0
0	298
0	213
0	0
0	0
0	0
0	0
8	0
0	0
0	1
0	1
6	39
10	11
2	525
0	0
0	0
0	0
0	0
0	2
0	0
0	0
0	0
0	0
0	0
3	164
0	82
0	0
0	0
0	0
0	0
0	0
0	0
0	0
0	0
1	2
0	2
0	17
0	17
0	0
0	0
2	0
0	0
0	0
0	0
0	0
0	0
0	723
0	722
3	373
2	1
11	5584
0	0
0	0
0	0
0	0
0	0
2	0
0	2
0	2
0	17
3	16
0	1
4	0
0	0
0	0
0	0
0	0
0	0
1	0
0	0
0	0
0	0
1	0
0	0
0	0
0	53
0	0
0	12
0	0
0	0
34	0
0	0
0	2
0	2
0	0
0	0
0	0
1	0
0	0
0	0
0	5
0	0
0	1
0	1
0	1
0	0
0	1
0	2
0	0
0	0
0	2
0	0
0	0
0	2
0	1
0	2
0	0
0	0
0	0
0	0
1	0
0	2
0	0
0	0
0	0
0	0
0	0
0	2
0	2
0	1
0	1
0	0
0	0
0	0
0	0
0	0
0	0
0	0
0	0
0	0
0	5
0	1
0	0
0	2
0	0
0	0
3	0
0	0
0	0
0	61
3	293
0	238
0	0
0	0
0	0
0	0
0	4
0	0
0	4
0	4
0	0
0	0
0	0
0	1080
0	1062
0	0
0	0
0	107
0	3
0	0
0	0
0	0
0	0
0	0
0	0
0	0
0	0
0	0
0	0
0	0
0	0
0	14
0	0
0	12
0	11
0	9
0	7
0	7
0	5
1	3
0	5
1	7
0	0
0	9
0	0
1	8
0	6
0	5
0	5
0	1
0	0
0	0
0	0
0	0
0	0
0	0
0	1
0	1
0	0
5	1
1	6
2	181
2	5
0	202
0	0
0	0
0	74
0	0
0	72
0	0
0	0
5	0
0	0
0	0
0	0
0	3
0	1
0	0
0	0
0	0
0	1
1	5
0	3
27	431
0	253
0	182
1	14
0	0
0	0
12	25
50	135
0	145
0	25
0	18
0	0
0	0
2	1
0	1
0	0
0	0
0	0
0	1
3	12
0	0
0	0
0	0
0	0
0	0
0	0
0	0
0	0
0	0
0	0
0	0
0	0
0	0
0	0
0	0
0	0
0	0
0	0
0	0
8	40
0	40
0	0
0	0
2	1
0	1
2	0
0	0
2	0
1	0
0	0
0	0
2	1
0	1
0	0
0	0
0	0
0	0
0	1184
17	320
0	237
9	1
0	1
0	2
0	0
0	0
0	0
0	0
0	0
0	0
0	0
0	2
0	1
0	1
0	1
0	1
0	0
0	59
0	0
0	0
0	0
0	0
0	0
0	1
0	1
0	1
0	0
2	1
0	1
0	0
0	4
0	4
0	0
0	1
0	1
0	1
0	1009
0	179
0	179
0	179
0	0
0	0
0	0
0	2
0	0
10	8
0	8
10	0
0	122
1	657
112	1023
0	26
0	0
0	0
0	0
1	4
0	1
0	0
0	0
0	0
0	2
5	4
0	4
0	0
0	0
4	785
2	582
0	2928
0	0
0	18
0	0
0	0
0	0
0	0
0	3
0	1
0	1
0	11
0	0
0	249
0	185
0	0
0	0
0	0
0	0
0	0
0	0
0	0
4	2
1	6
8	4
4	0
1	3
0	29
0	27
0	0
0	0
1	32
0	9
2	1
1	15
0	20
0	0
0	17
0	0
0	0
0	6
0	0
0	500
0	247
0	0
0	0
0	0
0	0
1	28
0	30
0	27
0	24
0	4
0	5
0	3
0	2
0	2
0	2
0	2
0	1
0	1
0	1
5	0
0	4
0	16
0	5
1	3
89	71
0	71
0	2
1	8
0	5
0	1
0	0
0	0
0	0
0	0
0	0
0	56
0	38
2	6
0	6
0	148
0	0
0	0
2	49
19	17
0	17
1	1
0	0
0	0
0	0
0	0
0	0
0	0
0	0
0	0
0	0
0	0
1	0
0	1
0	0
1	3
0	3
4	0
0	0
0	0
0	0
0	0
0	0
0	0
0	0
0	17
0	0
0	0
0	0
0	0
0	0
0	0
0	0
0	0
0	5
0	5
0	0
0	0
18	16
0	16
7	765
1	765
0	663
0	0
0	0
2	4
0	4
0	0
0	0
13	3
40	3
0	3
13	19
4	5
0	6
0	1
0	0
0	0
0	0
0	0
0	0
5	0
0	0
0	1694
0	71
6	820
13	20
7	1295
0	0
0	0
0	0
0	0
0	0
0	0
42	92
2	92
0	0
0	0
0	0
1	5925
0	3706
0	0
0	0
0	0
3	0
0	0
0	0
0	0
0	0
1	0
0	0
0	0
0	0
0	1
0	1
0	0
0	0
1	0
0	0
0	0
0	0
0	0
0	0
17	43
0	27
0	0
10	0
2	0
1	0
1	0
11	0
0	0
0	0
0	0
3	146
0	135
5	11
3	0
0	351
0	0
28	58
0	39
0	0
0	0
0	0
0	0
0	0
0	11
0	57
0	118
0	7
0	0
0	0
0	0
0	0
0	0
1	0
0	0
0	32
1	11
0	0
0	0
0	0
0	0
0	1
0	0
0	0
91	32
0	32
0	0
0	0
1	141
0	0
0	0
1	0
0	0
0	1
0	1
0	578
1	0
0	1
4	3
3	5
0	0
0	1
39	42
6	0
2	42
0	3
0	0
0	0
3	2
0	2
0	0
0	2778
0	0
0	0
0	87
0	159
40	0
3	0
0	0
0	74
0	0
0	0
0	0
0	0
0	0
0	0
0	0
0	0
0	0
0	0
0	0
0	0
0	0
0	0
0	0
0	0
0	0
0	0
0	0
0	0
0	0
0	0
0	0
0	0
0	7
0	0
0	0
0	0
0	0
0	0
0	0
0	0
0	0
0	0
0	0
0	37
0	7
0	0
0	0
0	0
0	10
1	0
0	0
0	0
0	0
1	0
0	0
0	7
0	0
0	207
0	192
0	226
0	0
0	8
0	0
0	0
0	1
0	0
0	0
0	3
0	0
0	8
0	0
0	0
0	2
0	0
0	0
0	0
0	8
0	0
0	2
0	0
0	0
0	0
0	3
0	169
0	0
0	0
0	0
0	0
0	0
0	310
0	310
0	77
0	156
0	0
0	15
0	0
0	0
0	0
0	0
0	0
0	0
0	0
0	0
0	0
0	0
0	0
0	0
0	0
0	0
0	0
0	0
0	5
0	0
0	3
0	5
0	6
0	3
0	0
0	0
0	0
0	0
0	0
0	0
0	0
0	1
0	0
0	0
0	0
0	0
0	0
0	0
0	0
0	0
0	0
0	0
0	0
0	0
0	2
0	0
0	0
0	0
0	132
0	0
0	0
0	0
0	0
0	3
0	0
0	0
0	0
0	0
0	0
0	0
0	0
0	0
0	8
0	2
0	3
0	0
0	0
0	90
0	0
0	0
0	0
0	0
19	804
0	0
0	0
0	0
0	1
0	0
0	3
0	710
0	0
0	0
0	0
0	0
0	2
0	0
0	0
0	0
0	0
0	0
0	0
0	0
0	0
0	0
0	0
0	3
0	0
0	0
0	0
0	0
0	0
0	0
0	0
0	0
0	0
0	7
0	0
0	150
0	0
0	0
0	0
0	0
0	0
0	0
0	0
0	131
1	0
0	0
0	0
0	0
0	0
0	15
0	10
0	0
0	0
0	0
0	0
0	0
0	0
0	0
0	0
0	0
0	0
0	0
0	1
0	0
0	2
0	0
0	0
0	0
0	0
0	0
0	0
0	10
0	0
0	0
0	0
0	0
0	0
0	0
0	4
0	0
0	0
0	0
0	710
0	0
0	1
0	219
0	0
0	0
0	0
0	0
0	0
0	0
0	0
0	0
0	0
0	0
0	0
0	0
0	0
0	1
0	1
0	0
0	0
0	0
0	3
0	0
0	0
0	0
0	7
0	0
0	0
0	0
0	0
0	0
0	0
0	0
0	0
0	0
0	0
0	0
0	0
0	3
0	0
0	0
0	1
0	30
0	0
0	172
0	0
0	15
0	0
0	0
0	0
0	292
0	0
0	0
0	5
0	0
0	0
0	0
0	0
0	0
0	8
0	0
0	0
0	0
0	0
0	0
0	0
0	0
0	0
0	0
0	0
0	0
0	4
0	0
0	0
0	0
0	4
0	0
0	0
0	0
0	0
0	0
0	0
0	0
0	0
0	0
0	0
0	0
0	0
0	0
0	0
0	0
0	0
0	0
0	0
0	13
0	0
0	0
0	0
0	0
0	0
0	0
0	0
0	0
0	0
0	0
0	0
0	0
0	0
0	0
0	0
0	0
0	0
0	10
0	0
0	0
0	0
0	1
0	0
0	0
0	0
0	0
0	0
0	0
0	0
0	0
0	0
0	0
0	0
0	0
0	0
0	0
0	0
0	0
0	0
0	0
0	0
0	5
0	0
0	0
0	0
0	0
0	0
0	0
0	5
0	0
0	0
0	0
0	14
0	0
0	0
0	0
0	0
0	0
0	7
0	0
0	0
0	0
0	0
0	0
0	0
0	0
0	4
0	0
0	0
0	0
0	0
0	0
0	0
0	0
0	0
0	0
0	0
0	0
0	0
0	0
0	0
0	0
0	0
0	0
0	0
0	0
0	0
0	0
0	0
0	0
0	0
0	1243
0	0
0	1
0	0
0	0
0	0
0	0
0	7
0	1
0	0
0	0
0	0
0	0
0	0
0	0
0	0
0	0
0	0
0	0
0	0
0	13
0	0
0	0
0	0
0	0
0	0
0	0
0	0
0	0
0	0
0	0
0	0
0	13
0	0
0	0
0	0
0	10
0	12
0	0
0	0
0	1
0	4
0	3
0	0
0	0
0	0
0	0
0	0
0	0
0	0
0	0
0	0
0	0
0	0
0	0
0	0
0	0
0	0
0	0
0	0
0	0
0	0
0	0
0	0
0	0
0	0
0	0
0	0
0	0
0	0
0	0
0	0
0	0
0	0
0	0
0	0
0	0
0	0
0	0
0	0
0	2
0	0
0	0
0	0
0	0
0	0
0	0
0	1
0	0
0	0
0	0
0	0
0	0
0	0
0	923
0	0
0	1
0	88
0	18
0	0
0	0
0	0
0	0
0	0
0	0
0	0
0	12
0	0
0	10
0	55
0	9
0	9
0	0
0	0
0	0
0	2
0	132
0	0
0	0
0	0
8	26
0	0
0	0
0	0
0	0
0	169
0	0
0	1
0	0
0	1
0	7
0	0
0	0
0	0
0	1
0	0
0	0
0	38
0	0
0	1
0	0
0	0
0	0
2	0
0	0
0	0
0	0
0	0
0	0
0	0
0	0
0	0
0	0
0	0
0	0
0	3
0	0
0	0
0	0
0	0
0	0
0	3
0	0
0	0
1	28
0	2
0	0
0	1
0	7
0	0
0	1
0	0
0	1
0	0
0	0
0	0
0	0
0	0
0	0
0	0
0	0
0	0
0	0
0	1
0	0
0	0
0	0
1	0
0	0
0	0
0	0
0	0
0	0
0	20
0	0
0	0
0	0
0	0
0	1
0	0
0	0
0	7
0	0
0	0
0	4
0	0
0	0
0	0
0	0
0	41
0	0
0	0
0	0
0	0
0	0
0	0
0	12
0	1
0	0
0	0
0	0
0	0
0	19
0	0
0	0
0	0
0	0
0	0
0	1
0	3
0	0
0	0
0	0
0	7
0	0
0	0
0	0
0	0
0	0
0	0
0	0
0	38
0	0
0	0
0	0
1	0
0	24
0	0
0	1
0	0
0	0
0	0
0	0
0	0
0	0
0	1
0	0
0	0
0	0
0	0
0	0
0	0
0	1
0	10
0	0
0	7
0	0
0	0
0	0
0	0
0	0
0	0
0	1
0	0
0	0
0	0
0	0
0	3
0	0
0	0
0	0
0	5
0	0
0	34
0	0
0	0
0	0
0	0
0	0
4	0
0	0
0	0
0	0
0	0
0	0
3	31
0	0
0	0
0	0
0	0
1	35
4	4
0	0
0	0
0	0
0	0
0	0
0	0
0	0
0	0
2	6
0	1
0	0
0	0
0	0
0	0
0	0
0	0
0	0
0	0
0	0
0	0
0	0
0	1
0	0
0	0
0	3
0	0
0	4
0	0
0	0
0	0
0	0
0	0
0	0
0	4
0	0
0	6
0	0
0	0
0	0
0	0
0	0
0	0
0	0
0	0
0	0
0	0
2	26
0	0
0	0
0	0
0	0
0	5
0	0
0	0
0	0
0	0
0	4
0	0
0	5
0	0
0	0
1	0
0	0
0	0
0	0
0	0
0	0
0	0
0	0
0	0
0	11
0	0
0	6
0	0
0	0
0	0
0	0
0	6
0	0
0	0
0	0
0	0
0	0
0	0
0	0
0	0
0	0
0	0
0	0
0	0
0	0
0	0
0	0
0	0
0	0
1	0
0	0
0	0
0	0
0	0
0	0
0	0
0	7
0	0
0	0
0	0
0	55
0	0
0	0
0	0
0	0
0	0
0	1
0	1
0	0
0	0
0	0
0	6
0	0
0	0
0	0
0	0
0	0
0	0
0	0
0	0
0	0
0	0
0	0
0	0
0	0
0	6
0	0
0	0
0	0
0	648
0	0
0	0
0	0
0	1
0	0
0	0
0	0
0	0
0	0
0	0
0	0
0	0
0	0
0	0
0	0
0	0
0	0
0	9
0	0
27	253
0	0
0	0
0	0
0	29
0	0
0	0
0	0
0	0
0	48
0	0
0	39
0	0
0	0
0	0
0	0
0	0
0	0
0	0
0	24
0	1
0	4
0	64
5	8
0	0
0	0
0	0
0	20
0	6
0	0
0	1
0	1
0	0
0	0
0	6
0	0
0	0
95	724
0	6
0	0
1	3
0	0
0	4
0	1
0	5
0	74
1	0
19	24
1	645
0	0
2	0
0	0
0	0
0	0
0	0
0	0
0	0
0	0
0	0
3	0
0	0
0	0
0	0
0	0
0	0
1	4
0	0
0	0
0	0
0	0
0	0
0	0
0	0
0	0
0	0
0	0
0	0
0	0
0	0
0	0
0	0
0	0
0	0
0	0
0	0
0	0
0	0
0	0
0	0
0	0
0	2
0	0
0	0
1	2
0	19
0	0
0	0
0	0
0	0
0	0
0	0
20	7
0	4
0	0
0	7
0	0
0	6
0	5
0	16
0	0
86	905
0	0
0	0
0	0
0	0
1	0
0	90
0	0
0	0
0	0
0	0
0	1
0	1
0	10
0	0
0	1
0	0
1	1
1	3929
4	18427
0	1
0	0
0	0
0	0
0	1
0	0
0	25
0	0
36	10856
0	0
2	0
0	0
0	0
0	0
0	0
0	0
0	0
0	0
0	20
14	75640
0	0
0	0
0	3
0	4
0	0
1	76
0	0
0	0
0	0
0	0
0	0
0	0
0	0
0	0
0	16
3	14464
0	0
0	0
0	0
0	0
0	1
0	5
1	0
0	0
0	0
0	0
0	0
0	0
0	0
0	0
0	0
0	0
0	0
0	0
0	0
0	0
0	0
0	0
0	0
0	0
0	0
0	8
0	0
0	0
0	0
0	0
0	0
0	0
0	0
0	0
0	0
0	0
0	0
0	0
0	0
0	21
0	0
0	4
0	1
0	0
0	0
0	0
0	0
0	0
0	0
0	0
0	0
0	0
0	0
1	0
0	0
0	0
0	528
0	0
0	26
0	0
0	156
0	0
0	0
0	0
0	0
0	0
0	0
0	0
0	0
0	0
0	0
0	0
0	3
0	0
0	0
0	0
0	0
0	0
0	0
0	0
0	0
0	0
0	0
0	1
0	0
0	0
0	28
0	0
3	20
0	0
6	0
0	0
0	0
0	0
0	0
0	0
0	3
0	55
0	0
0	51
0	0
0	0
0	0
0	0
0	0
0	0
0	4
0	0
0	0
0	0
0	1
0	0
0	0
0	0
0	0
0	0
0	0
0	0
0	0
0	0
0	0
0	0
0	0
0	0
0	0
0	3
0	127
0	3
0	5
0	4
0	0
0	0
0	1
0	0
0	0
0	8
0	0
0	9
0	0
0	2
0	0
0	0
0	0
0	0
0	0
0	0
0	0
0	0
0	0
0	1
0	0
0	0
0	0
0	0
0	3
0	0
0	0
0	20
0	0
0	0
0	75
0	0
0	0
0	0
0	0
72	23037
0	0
0	0
0	0
0	29
0	0
0	35
0	0
0	0
0	0
2	1
0	0
0	1
0	0
0	0
0	1
0	8
0	0
0	0
0	0
0	0
0	0
0	0
1	0
0	11
0	0
0	0
0	0
0	1
0	0
0	0
0	0
0	95
0	2
0	0
0	0
0	58
0	0
0	4
0	0
0	0
0	5
0	0
0	7
0	43
0	3
0	0
0	0
0	0
0	1
0	0
0	0
0	0
0	0
0	0
2	915
0	0
0	0
0	1
0	0
0	0
0	0
0	0
0	0
0	0
0	1
0	0
0	0
0	3
0	0
0	0
1	1
0	0
0	0
0	0
0	7
0	0
0	0
0	0
0	0
0	0
0	0
0	6
0	3
0	0
0	0
0	0
0	0
0	0
0	0
0	0
0	0
0	0
0	0
0	0
0	0
2	0
0	0
0	0
1	0
0	3
0	0
0	0
0	0
0	0
0	2
0	0
0	0
0	0
0	0
0	0
0	0
0	0
0	0
0	0
0	0
0	0
0	0
0	0
0	0
0	1
0	0
0	0
0	0
0	0
0	7
0	0
0	0
0	0
0	0
0	5
0	0
0	0
0	0
0	18
0	34
0	0
0	8
0	0
0	0
1	0
0	0
0	0
0	0
0	0
0	5
0	2
0	0
0	0
0	1
0	0
2	0
0	1
0	0
0	0
0	0
0	0
0	5
1	0
0	0
0	0
0	0
0	25
0	14
0	0
0	0
0	1
0	2
0	0
0	0
0	0
0	0
0	2
0	0
0	0
0	0
0	0
0	0
0	0
0	0
0	0
0	0
0	66
0	0
0	0
0	83
0	0
0	7
0	0
0	0
0	0
0	0
0	0
0	0
0	0
0	0
4	16
0	0
0	0
0	0
0	0
0	25
0	0
0	0
0	0
0	0
0	0
0	0
0	0
0	0
0	15
0	0
0	320
0	0
0	0
0	0
0	0
0	0
0	62
0	0
0	0
0	0
0	0
0	42
0	0
0	0
0	1
0	0
0	0
0	2
17	0
0	0
0	0
0	0
0	0
0	0
0	0
0	0
0	0
0	0
0	0
0	0
0	6
0	0
0	0
0	6
0	0
0	0
0	0
0	0
0	0
0	0
0	0
0	0
0	0
0	0
0	0
0	1
0	0
0	0
0	7
0	15
0	0
0	0
0	46
0	38
0	0
0	0
0	0
0	0
0	33
0	0
0	986
0	0
2	4
0	0
1	1
11	0
0	0
0	0
0	0
0	0
0	0
0	6
0	0
0	0
0	0
0	0
0	0
0	0
0	0
0	8
0	0
0	0
0	1
3	0
0	0
0	0
0	0
0	0
0	0
0	0
0	32
6	37
0	0
3	40
0	0
0	0
0	0
0	0
0	0
1	0
0	0
0	0
0	0
0	0
0	0
0	0
0	0
0	45
0	0
0	0
0	0
0	0
0	0
0	0
0	0
1	123
0	0
0	0
0	0
0	0
0	0
0	0
0	0
0	0
0	0
1	1
0	0
0	0
0	13
0	0
0	0
0	0
0	0
0	0
0	0
0	0
0	0
0	4
0	0
0	1
0	0
0	0
0	0
1	0
0	0
0	0
0	0
0	38
0	0
0	0
0	314
0	0
0	0
0	0
0	47
0	0
0	0
0	0
0	0
0	0
0	0
0	1
0	3
0	0
0	0
0	0
0	0
0	0
0	0
0	0
0	0
0	0
0	0
0	0
0	1
0	0
0	0
0	0
0	0
0	30
0	0
2	2
0	0
0	0
0	1
0	0
0	0
0	0
2	0
0	0
0	1
0	348
0	0
0	9
0	0
0	0
0	0
0	2
0	0
0	0
0	0
0	0
0	0
0	2
0	9
0	1
0	0
0	2
0	0
0	0
0	12
0	1
0	0
0	0
0	0
0	0
0	0
0	0
0	0
0	0
0	0
0	0
0	0
0	0
0	0
0	0
0	0
0	0
0	0
0	0
0	0
1	0
0	0
0	2
0	0
0	0
0	0
0	0
0	0
0	21
0	0
0	41
0	1
0	9
0	0
0	1
0	0
0	0
0	0
6	0
0	0
0	0
0	0
0	1
0	0
0	0
0	0
0	0
0	0
1	0
0	0
0	0
0	0
0	1
0	0
0	0
0	0
0	0
0	0
21	55
0	0
0	0
0	0
0	0
0	0
0	0
0	0
0	0
1	1
0	0
0	0
0	0
0	0
0	0
0	0
0	0
2	46
0	0
0	0
0	5
0	0
1	0
0	1
0	0
0	0
0	0
0	226
0	0
0	0
0	0
0	0
0	0
0	0
0	0
0	40
0	0
0	0
0	0
0	0
0	0
0	21
0	0
0	0
0	0
0	0
0	1
0	172
0	0
0	0
0	6
0	0
1	0
0	0
0	0
0	0
0	0
0	4
0	0
0	0
0	27
0	6
0	0
0	0
0	1
0	0
0	0
0	0
0	0
0	0
0	38
0	0
0	0
0	0
0	0
0	0
0	0
0	0
0	0
0	0
0	0
0	0
0	0
0	0
0	0
0	0
0	0
0	0
0	0
0	0
70	115
0	0
0	0
0	36
0	0
0	0
0	0
0	0
0	0
0	0
0	0
0	0
0	0
0	0
2	0
0	0
0	0
0	0
4	60
0	0
0	0
0	0
0	0
0	0
0	23
0	0
0	0
0	0
3	0
0	0
0	0
0	0
0	0
0	0
0	0
0	1
0	6
0	0
0	42
2	621
0	17
0	0
0	0
0	0
0	0
0	0
0	0
0	0
0	0
0	0
0	0
0	0
0	93
0	0
0	0
0	0
0	2
0	13
0	0
0	0
0	0
0	309
0	0
0	0
0	0
0	0
0	0
0	0
0	0
0	0
0	0
0	0
0	0
0	0
0	0
0	0
0	0
0	321
0	0
0	0
0	1
0	0
0	0
0	0
0	92
0	0
0	0
0	3
0	0
0	0
0	0
0	17
1	1
0	150
0	0
0	0
0	0
0	0
0	0
0	0
0	293
0	0
0	85
0	17
0	0
0	0
0	0
0	0
0	0
0	0
0	7
0	0
0	0
21	63
0	2
0	2
0	0
0	0
0	0
0	0
1	0
0	0
1	1
1	11
0	0
1	1094
0	0
0	0
0	0
0	0
0	0
0	0
0	0
0	0
0	0
0	0
0	0
0	1
0	0
0	0
0	0
0	0
0	1
0	1
0	0
0	0
0	0
0	1
0	0
0	0
0	0
0	0
0	0
0	0
0	0
0	123
0	1
2	696
0	1
0	0
0	0
0	1
0	0
0	0
0	2
0	0
0	2
0	0
0	4
0	0
0	0
0	3
0	0
0	1
0	0
0	0
0	1
0	0
0	0
0	0
0	0
0	0
0	0
0	0
0	0
0	0
0	0
0	0
0	0
0	0
0	0
0	0
0	0
0	0
0	0
0	0
0	0
0	0
0	0
0	0
0	0
0	0
0	3
0	0
0	0
0	31
0	17
0	1
0	0
0	0
0	0
0	0
0	0
0	0
0	0
0	0
0	0
0	0
0	0
0	0
0	0
0	0
0	0
0	14
0	0
0	0
0	0
0	0
0	17
0	0
0	0
9	8
0	0
0	0
0	0
0	0
0	0
0	0
0	0
0	0
0	0
0	0
0	3
0	0
1	0
0	0
0	0
0	0
0	0
0	0
0	0
0	0
0	0
0	0
0	0
0	0
0	0
0	0
0	0
0	17
0	12
1	0
0	0
0	0
0	0
0	0
0	0
0	0
1	75
0	0
0	0
0	0
0	0
0	0
0	0
0	0
0	0
0	0
1	231
0	0
0	0
0	0
0	38
0	0
0	116
0	0
0	0
3	0
0	0
0	0
0	0
0	0
0	0
0	0
4	0
0	0
0	4
0	0
0	0
1	1
0	0
0	0
0	0
0	0
0	0
1	0
0	0
0	0
0	0
0	0
0	0
0	0
0	0
0	0
0	234
0	0
0	1
0	0
0	0
0	0
0	0
0	0
0	0
0	0
0	0
0	0
0	0
0	0
0	0
0	0
0	0
0	0
0	0
0	0
0	0
0	0
0	0
0	0
0	0
0	0
0	0
0	0
0	0
0	28
0	0
0	0
0	3
0	7
0	29
0	0
0	0
0	0
0	0
0	0
0	0
0	0
1	8
0	12
0	0
0	0
0	0
0	0
0	0
0	877
0	0
0	0
0	40
0	0
0	0
0	1
0	0
7	0
0	0
0	0
0	1
0	0
0	0
0	0
0	1
0	37
0	0
0	0
0	0
0	0
0	0
0	1
0	0
0	0
0	0
1	7
0	0
0	0
0	0
0	0
2	364
0	0
0	0
0	0
0	0
0	237
0	0
0	0
0	0
0	0
0	0
0	0
0	0
0	0
0	0
0	2
0	0
0	0
0	0
0	2
0	1
0	0
0	0
0	0
0	0
0	0
0	27
4	0
0	0
0	2
0	0
0	0
0	0
0	1
0	0
0	50
0	0
0	0
0	0
0	0
0	0
0	0
0	21
0	27
0	2
0	0
1	0
0	0
0	0
0	0
0	0
0	0
0	0
0	2
0	0
0	0
0	0
0	0
0	0
0	0
0	0
0	0
0	0
0	0
0	0
0	0
0	0
0	0
0	0
0	0
0	9
0	0
0	0
0	634
0	0
0	0
0	0
1	0
0	0
0	0
0	0
0	0
1	23
0	0
0	0
0	0
0	0
0	0
0	0
0	0
0	0
0	0
0	1
0	0
0	0
0	0
0	1
0	0
0	0
0	0
0	0
0	0
0	0
0	0
0	0
0	0
0	0
0	23
0	0
0	1
0	0
0	0
0	0
0	0
0	0
0	4
0	354
0	0
0	0
0	0
0	0
0	0
0	0
17	12
0	0
1	2
0	0
0	0
0	0
0	0
0	0
0	0
0	10
0	13
0	13
0	10
0	19
0	3
0	0
0	0
0	0
0	0
0	0
0	5
0	3
0	0
1	0
0	0
0	0
0	0
0	0
0	0
0	0
0	0
0	0
0	0
0	0
0	0
0	0
0	0
0	0
0	0
0	0
0	0
0	5
0	0
0	0
0	0
0	0
0	0
0	0
0	0
0	0
0	0
0	0
0	0
0	0
0	0
0	0
0	0
1	7
0	0
0	0
4	9
1	12
0	0
0	0
0	0
0	0
0	0
0	0
0	0
0	0
1	64
0	3
0	68
0	6
0	0
0	2
0	12
0	0
0	0
0	0
0	0
0	0
0	0
0	0
0	0
0	0
0	0
0	0
0	0
0	0
0	0
0	0
0	0
0	0
0	0
0	0
0	0
0	0
0	0
0	0
0	0
0	0
0	0
3	1
0	13
0	0
0	0
0	1
0	0
0	0
0	0
0	0
0	0
0	512
0	2
0	0
0	1
0	0
0	0
0	0
0	0
0	0
0	0
0	0
0	0
4	104
0	167
0	4
0	0
0	1696
0	1333
1	0
0	237
0	0
0	0
0	2
0	36
0	0
0	0
0	0
0	0
0	0
0	0
0	0
0	0
2	0
0	0
0	0
0	0
0	0
1	0
0	0
0	0
0	0
0	0
0	0
0	0
0	0
0	0
0	55
0	7
0	20
0	3
3	0
0	0
0	0
0	1
0	0
0	0
0	0
0	0
1	0
1	12
0	0
0	0
0	0
0	129
0	0
0	0
0	0
0	0
0	0
0	0
0	0
0	0
0	0
0	0
0	0
0	0
0	0
0	0
0	0
0	0
0	0
0	0
0	0
0	0
0	0
0	0
0	0
0	0
0	0
0	0
0	0
0	0
0	0
0	0
0	0
0	0
0	0
0	0
0	0
0	0
0	0
0	0
0	0
0	0
0	55
0	0
0	49
0	0
0	0
0	0
0	0
0	30
0	4
0	0
0	10
0	0
0	0
0	0
0	9
0	0
6	0
0	0
0	0
0	0
0	7
0	0
0	0
0	0
0	0
0	0
0	0
0	0
0	0
0	0
0	0
0	0
0	1
0	0
0	0
0	0
0	0
0	0
0	0
1	0
0	0
0	0
0	0
0	0
0	0
0	4
0	0
0	0
1	0
0	0
0	0
0	5
0	0
0	5
0	0
0	3
0	0
0	0
0	0
0	0
0	0
2	0
0	0
0	0
0	0
0	0
1	939
0	0
0	0
0	0
0	0
0	0
0	0
0	0
0	0
0	0
0	0
0	0
0	0
0	0
2	8
0	0
0	0
3	75
0	0
0	0
1	0
0	0
0	0
0	48
0	0
0	0
0	0
0	708
0	0
0	0
0	0
0	0
0	0
0	1
0	0
0	0
0	0
0	0
0	613
0	0
0	0
0	0
0	0
0	0
0	0
0	0
0	0
0	0
0	0
0	0
5	1401
0	0
0	3
0	0
1	8
0	0
0	0
0	0
0	0
0	122
0	8
0	116
0	114
0	126
0	0
0	73
0	0
0	0
0	0
0	0
0	0
0	0
0	0
0	0
0	0
0	0
1	922
0	0
0	92
0	0
0	62
0	0
0	0
0	0
0	0
0	0
1	0
0	0
0	0
0	0
0	0
0	0
0	0
0	0
0	0
0	0
0	0
0	0
0	0
0	0
0	0
0	0
0	0
0	0
0	0
0	0
0	0
0	0
0	0
0	11
0	0
0	0
0	0
0	0
0	0
0	0
0	0
0	0
0	226
1	0
0	0
0	0
0	0
0	0
0	0
0	0
0	0
0	0
0	0
0	0
0	23
0	0
0	0
8	619
0	0
0	0
0	0
7	0
0	0
0	0
0	0
0	0
0	0
0	0
0	0
0	0
0	0
0	0
0	0
0	0
0	0
0	0
0	1
1	37
0	0
0	0
0	10
0	1
0	0
0	0
0	0
0	0
0	0
0	0
0	0
0	0
0	0
0	0
0	0
0	0
0	0
0	0
0	0
0	1
0	1
0	1
0	0
0	50
0	203
0	0
0	0
0	0
0	0
0	0
0	0
0	0
0	13
0	0
0	0
0	25
0	0
0	0
0	0
0	0
0	0
0	0
0	0
0	0
0	0
0	0
0	0
0	0
0	0
0	0
0	0
0	0
0	3
0	0
0	0
0	0
0	0
0	0
0	5
0	0
0	0
0	0
0	0
0	0
0	0
0	549
0	0
0	0
0	0
0	1
0	0
0	87
0	0
0	0
0	2
0	0
0	6
0	34
0	0
0	0
0	0
0	0
0	0
0	5
0	0
0	0
0	0
0	0
1	39
0	0
0	0
1	0
0	0
0	0
0	0
0	0
0	0
0	0
0	0
0	0
0	506
0	0
0	0
0	0
0	0
0	0
0	0
0	0
0	0
0	0
0	0
0	0
0	0
0	56
0	0
0	0
0	0
0	0
0	3
0	1
0	0
0	0
0	5
0	7
1	0
0	0
0	0
0	0
0	26
0	7
0	0
0	0
0	0
0	0
0	0
0	0
0	0
0	0
0	0
0	0
0	0
0	0
0	0
0	13
0	0
0	712
0	0
0	0
0	0
0	2
11	26
0	5
0	4
0	0
0	0
0	0
0	0
0	0
0	0
0	0
0	0
0	0
0	0
0	0
0	0
0	0
0	0
0	0
0	0
0	0
0	0
0	0
0	0
0	0
0	0
0	0
0	0
0	0
0	0
0	0
0	0
0	0
0	0
0	0
0	0
0	0
0	0
0	0
0	0
0	0
0	0
0	0
0	0
0	0
0	0
0	0
0	0
0	0
0	0
0	0
0	0
0	0
0	0
0	0
0	0
0	0
0	0
0	0
0	0
0	0
0	0
0	0
0	0
0	0
0	0
0	0
0	0
0	0
0	0
0	0
0	0
0	0
0	0
0	0
0	0
0	0
0	0
0	0
0	0
0	0
0	0
0	0
0	0
0	0
0	0
0	0
0	0
0	0
0	0
0	0
0	0
0	0
0	0
0	0
0	0
0	0
0	0
0	0
0	0
0	0
0	0
0	0
0	0
0	0
0	0
0	0
0	0
0	0
0	0
0	0
0	0
0	0
0	0
0	0
0	0
0	0
0	0
0	0
0	0
0	0
0	0
0	0
0	0
0	0
0	0
0	0
0	0
0	0
0	0
0	0
0	0
0	0
0	0
0	0
0	0
0	0
0	0
0	0
0	0
0	0
0	0
0	0
0	0
0	0
0	0
0	0
0	0
0	0
0	0
0	0
0	0
0	0
0	0
0	0
0	0
0	0
0	0
0	0
0	0
0	0
0	0
0	0
0	0
0	0
0	0
0	0
0	0
0	0
0	0
0	0
0	0
0	0
0	0
0	0
0	0
0	0
0	0
0	0
0	0
0	0
0	0
0	0
0	0
0	0
0	0
0	0
0	0
0	0
0	0
0	0
0	0
0	0
0	0
0	0
0	0
0	0
0	0
0	0
0	0
0	0
0	0
0	0
0	0
0	0
0	0
0	0
0	0
0	0
0	0
0	0
0	0
0	0
0	0
0	0
0	0
0	0
0	0
0	0
0	0
0	0
0	0
0	0
0	0
0	0
0	0
0	0
0	0
0	0
0	0
0	0
0	0
