UniqueCount	AmbigCount
0	0
0	0
0	0
0	0
0	0
0	0
0	0
0	0
0	0
0	0
0	0
0	0
0	0
0	1
0	0
0	0
0	0
0	0
0	0
0	0
0	0
0	0
0	0
0	0
0	0
0	0
0	0
0	1
0	0
0	0
0	0
0	0
0	0
0	0
0	0
0	0
0	0
0	0
0	0
0	0
1	0
0	0
0	0
0	0
0	0
0	0
0	0
0	0
0	0
0	0
0	0
0	0
0	0
0	0
0	0
0	0
0	0
0	0
0	0
0	0
0	0
0	0
0	0
0	0
0	0
0	0
2	0
2	1
2	0
1	1
0	0
0	0
1	0
0	0
0	0
0	0
0	0
0	0
0	0
0	0
0	0
0	1
0	0
0	0
0	0
0	0
0	0
0	0
0	0
0	0
0	0
0	0
0	0
2	0
0	0
0	1
0	0
0	0
0	0
0	0
0	0
0	0
0	0
0	0
0	0
0	0
0	0
0	0
0	0
0	0
0	0
0	0
0	0
0	0
0	1
0	0
0	0
0	0
2	0
0	0
0	0
0	0
1	0
0	0
0	0
1	0
0	0
0	0
0	0
0	0
0	0
0	0
0	0
0	0
0	0
0	0
0	0
0	0
0	0
0	0
0	0
0	0
0	0
0	0
0	0
0	0
0	0
0	0
0	0
0	0
0	0
0	0
0	0
0	0
0	0
0	0
0	0
0	0
0	0
0	0
0	0
0	0
0	0
0	2
0	4
0	5
0	4
0	0
0	1
0	5
0	4
0	5
0	5
0	0
0	4
0	5
0	0
0	3
0	3
0	0
0	0
0	0
0	0
0	0
0	0
0	0
0	0
0	0
0	1
0	4
0	4
0	3
0	4
0	9
0	4
0	0
0	0
0	0
0	0
0	0
0	0
0	0
6	0
0	1
0	4
0	4
0	3
0	4
0	9
0	4
0	10
0	0
0	5
0	0
0	3
0	5
0	5
0	0
0	0
0	0
0	0
0	0
0	0
0	0
0	0
0	0
0	0
0	0
8	13
0	44
0	0
0	44
0	0
0	0
0	0
0	0
0	0
0	0
0	0
0	0
0	0
0	0
0	0
0	0
0	0
0	0
0	0
0	0
0	0
0	0
0	0
0	0
2	0
0	0
0	0
0	0
0	0
0	0
0	0
0	0
0	1
0	0
0	0
0	0
0	0
0	0
0	0
0	0
0	0
0	1
0	1
0	1
0	1
0	0
0	0
0	0
0	0
0	0
0	0
0	0
0	0
0	0
0	0
0	0
0	0
0	0
0	0
0	0
0	0
0	0
0	0
0	0
0	0
0	0
0	0
0	0
0	0
0	0
0	0
0	0
0	0
0	0
0	9
0	1
0	0
0	1
0	1
0	0
0	0
0	0
0	0
0	0
0	0
0	0
0	0
0	0
0	0
0	0
0	0
0	0
0	0
0	0
0	0
0	0
0	0
0	0
0	0
0	0
0	0
0	0
0	0
0	0
0	0
0	0
0	0
0	0
0	0
0	0
0	0
0	0
0	0
0	0
0	0
0	0
0	0
0	0
0	0
0	0
0	0
0	0
0	0
0	0
0	0
0	4
0	1
0	0
0	0
0	0
0	0
0	0
0	0
0	0
0	0
0	0
0	0
0	0
0	0
0	0
0	0
0	3
0	4
0	1
0	0
0	0
0	0
0	0
0	0
0	0
0	0
0	0
0	1
0	0
0	0
0	0
0	0
0	0
0	0
0	0
0	0
0	0
0	0
0	0
0	0
0	0
0	0
0	0
0	0
0	0
0	0
0	0
0	0
0	0
0	0
0	0
0	0
0	0
0	0
0	0
0	0
0	0
0	0
0	0
0	0
0	0
0	0
0	0
0	0
0	0
0	0
0	0
0	0
0	0
0	0
0	0
0	0
0	0
0	0
0	0
0	0
0	0
0	0
0	0
0	0
0	0
0	0
0	0
0	0
0	0
0	0
0	0
0	0
0	0
0	0
0	0
0	0
0	0
0	0
0	0
0	0
0	0
0	0
0	0
0	0
0	0
0	0
0	1
0	0
0	0
0	0
0	1
0	0
0	1
0	0
0	0
0	0
0	0
0	0
0	0
0	0
0	0
0	0
0	0
0	0
0	0
0	0
0	0
0	0
0	0
0	0
0	0
0	0
0	0
0	0
0	0
0	0
0	0
0	0
0	0
0	0
0	0
0	0
0	0
0	0
0	0
0	0
0	0
0	0
0	0
0	0
0	0
0	0
0	0
0	0
0	0
0	0
0	0
0	0
0	0
19	0
2	1
0	0
0	0
0	0
0	0
0	0
0	0
0	0
0	0
0	0
0	0
0	0
0	0
0	0
0	0
0	0
0	0
0	0
0	0
0	0
0	0
0	0
0	0
0	0
0	0
0	0
0	0
0	0
0	0
0	1
0	0
0	1
0	0
0	0
0	0
0	0
0	0
0	0
0	0
0	0
0	0
0	0
0	0
0	0
0	0
0	0
0	0
0	0
0	0
0	0
0	0
0	0
0	0
0	0
0	0
0	0
0	0
0	0
0	0
0	0
0	0
0	0
0	0
0	0
0	0
0	0
0	0
0	0
0	0
0	0
0	0
0	0
0	0
0	0
0	0
0	0
0	0
0	0
0	0
0	0
0	0
0	0
0	0
0	0
0	0
0	0
0	0
0	0
0	0
0	0
0	0
0	0
0	0
0	0
0	0
0	0
0	0
0	0
0	0
0	0
0	0
0	0
0	0
0	0
0	0
0	0
0	0
0	0
0	0
0	0
0	0
0	0
0	0
0	0
0	0
0	0
0	0
0	0
0	0
0	0
0	0
0	0
0	0
0	0
0	0
0	0
0	0
0	0
0	0
6293	2470
4480	5994
46240	54370
15399	10033
1390	6
9679	14248
31821	13360
1011	0
4920	2
50623	2863
15573	10
306	6
19626	5
0	3087
5	2064
0	1351
0	2019
7	0
0	1226
0	938
41	1047
0	846
0	937
0	170
0	516
24	34
2	525
0	515
0	37
0	0
0	0
0	0
0	0
0	0
0	0
0	0
0	0
0	0
0	0
0	0
0	0
0	0
0	0
0	0
0	0
0	0
0	0
0	0
0	0
0	0
0	0
0	442
0	225
1	44
0	485
1	58
44	33
7	42
6	58
2	13
0	91
4	341
0	293
0	276
0	0
0	0
0	0
0	0
0	0
0	0
0	0
0	0
0	0
0	0
0	0
0	0
0	0
0	0
0	0
0	0
0	0
0	0
0	0
0	0
0	0
0	0
0	0
0	0
0	0
0	0
0	0
0	0
0	0
0	0
0	0
0	0
0	0
0	0
0	0
0	15
0	18
0	0
0	0
0	0
0	0
0	0
0	0
0	0
0	3
0	13
0	0
0	2
0	13
0	0
0	0
0	0
0	1110
0	0
0	0
0	0
0	0
0	0
0	0
0	0
0	0
0	0
0	0
0	0
0	0
0	0
0	0
0	0
0	0
2	39
0	35
0	25
8	44
0	31
0	20
0	13
0	7
0	6
0	7
0	8
0	9
0	8
0	14
0	3
0	2
1	5
0	1
0	1
0	0
0	0
0	0
0	1
0	1
0	1
0	1
0	0
0	0
0	0
0	0
0	0
0	0
0	0
0	0
0	0
0	0
0	0
0	0
0	0
0	0
0	0
0	0
0	0
0	0
0	0
0	0
0	0
0	0
0	0
0	0
0	0
0	0
0	0
0	0
0	0
0	0
0	0
0	0
0	0
0	0
0	0
0	0
0	0
0	0
0	0
0	482
0	0
0	0
0	1
0	3
1	11
0	90
0	80
0	80
0	19
0	8
0	15
0	1
0	0
0	0
0	0
0	0
0	0
0	0
0	0
0	0
0	0
0	0
0	0
0	0
0	0
0	0
0	0
0	0
0	0
0	0
0	0
0	0
0	0
0	0
0	0
0	0
0	0
0	0
0	0
0	0
0	0
0	0
0	0
0	0
0	0
0	0
0	0
0	0
0	0
0	0
0	0
0	0
0	0
0	0
0	0
0	0
0	0
0	0
0	0
0	0
0	0
0	0
0	0
0	0
0	0
0	0
0	0
0	0
0	0
0	0
0	0
0	0
0	0
0	0
0	0
0	0
0	0
0	0
0	0
0	0
0	0
0	0
0	0
0	0
0	0
0	0
0	0
0	0
0	0
0	0
0	0
0	0
0	0
0	0
0	0
0	0
0	0
0	0
0	0
0	0
0	0
0	0
0	25
0	25
0	25
0	20
7	18
0	8
0	0
0	0
0	0
0	1
0	77
0	43
0	43
0	43
0	0
0	225
0	134
0	8
0	13
0	0
0	781
0	556
9	676
0	837
0	378
4	288
0	498
0	93
0	25
1	31
0	38
0	0
0	22
0	143
0	77
0	115
0	55
0	1
0	143
0	0
0	0
0	25
0	0
0	17
0	14
0	32
2	16
1	16
0	131
0	16
0	26
0	102
0	115
0	0
0	0
0	0
0	0
0	2
0	0
0	0
0	0
0	0
0	0
0	0
0	0
0	0
0	0
0	0
0	0
0	0
0	0
2	5
0	10
0	29
0	0
0	0
0	0
0	0
0	0
0	0
0	0
0	0
0	0
0	0
0	0
0	0
0	0
0	0
0	0
0	0
0	0
0	0
0	0
0	0
0	0
0	0
0	0
0	0
0	2
0	13
0	13
0	0
0	0
0	0
0	0
0	11
0	37
0	38
0	38
0	38
0	38
0	38
0	38
0	8
0	45
1	19
0	19
0	25
0	10
0	0
0	0
0	0
0	2
0	0
0	0
0	0
0	0
0	0
0	0
0	0
0	0
0	0
0	0
0	0
0	0
0	0
0	0
0	0
0	0
1	273
0	2
0	2
0	0
0	0
0	0
0	0
0	0
0	0
0	0
0	0
0	0
0	0
0	0
0	33
0	33
0	52
1	40
1	1326
0	1137
0	1341
4	619
0	285
0	274
0	160
0	137
22	2
0	0
0	0
0	172
2	67
0	419
3	5
0	313
0	196
0	5
0	21
0	17
0	360
0	332
0	348
6	64
1	20
0	124
0	27
0	30
0	29
0	28
0	354
0	0
0	0
0	133
0	133
0	126
0	12
0	0
5	8073
0	8017
0	7015
1	4540
0	6749
42	3230
0	6301
0	5632
0	2033
0	0
0	0
0	0
0	0
0	0
0	0
0	0
0	0
0	0
0	0
0	84
0	19
0	31
0	49
0	18
0	0
0	0
2	1560
0	160
0	1205
0	496
0	1260
0	219
0	265
0	204
0	188
0	12
0	522
0	0
0	45
0	0
0	0
0	103
0	115
0	85
0	87
0	67
0	65
0	65
0	65
0	66
0	63
0	46
0	6
0	6
0	3
0	2
0	0
0	0
0	115
0	2
0	2
0	12
4	53
0	56
0	1
0	1
0	0
0	3
0	0
0	0
0	0
0	0
0	0
0	0
0	0
0	0
0	0
0	0
5	8
170	63
0	25
0	221
0	571
0	571
0	160
1	79
0	47
0	23
0	44
0	70
0	66
0	31
0	0
0	17
0	0
0	17
0	0
0	0
0	0
0	0
0	71
0	71
0	70
1	83
0	7
0	90
0	101
0	104
0	47
0	777
0	286
0	881
0	97
0	29
0	72
2	149
0	136
0	171
3	28
0	54
0	186
0	35
0	1
0	0
0	0
0	0
0	0
0	0
0	1
0	2
0	2
0	0
0	0
0	0
0	0
0	71
0	82
0	702
0	718
0	38
0	0
0	0
0	0
0	0
0	0
0	0
0	0
0	0
0	7
0	7
0	9
0	290
0	48
0	289
0	0
0	0
1	369
0	136
0	147
0	62
0	76
0	0
0	0
0	0
0	0
0	0
0	0
0	13
0	82
0	44
0	211
0	377
0	482
0	32
3	100
0	213
0	0
0	522
0	1016
0	359
0	925
0	953
0	151
0	127
0	216
0	153
0	599
0	626
11	0
0	0
1	154
0	251
0	123
0	73
0	341
0	66
0	13
0	54
0	48
0	0
0	0
0	165
0	109
1	194
0	205
0	204
0	681
0	725
0	710
0	706
0	697
0	61
0	235
2	19
0	290
0	237
0	3
0	20
2	10
0	90
0	51
0	39
0	46
1	402
0	364
1	74
0	103
0	125
0	180
0	50
0	183
0	121
0	91
0	15
0	201
2	89
0	137
0	107
0	61
0	45
0	34
0	23
0	0
0	5
0	17
0	17
0	17
0	17
0	5
0	1
0	5
0	0
0	0
0	4
0	1
0	4
0	2
0	15
0	2
0	15
0	19
1	0
0	5
0	2
0	1
0	1
3	1615
0	109
0	991
0	1092
0	873
0	256
0	505
0	411
3	295
0	123
3	161
0	8
1	19
0	13
0	44
0	45
0	54
0	54
0	0
0	0
0	0
0	0
1	0
0	0
0	0
0	0
0	0
0	0
0	0
0	0
0	0
0	2
0	0
0	2
0	48
0	4
0	41
0	25
0	12
0	30
0	12
0	10
0	21
0	7
0	7
0	289
0	288
0	13
0	2
0	0
0	0
3	0
0	2
0	2
0	2
0	2
0	0
0	0
0	0
0	0
15	356
0	0
0	685
0	685
2	58
8	48
0	0
0	67
0	29
0	4
1	13
2	56
0	70
1	22
0	28
0	9
3	12
0	3
0	41
9	5
0	14
10	55
3	7
0	7
0	46
0	45
0	42
6	48
0	2
0	39
0	10
0	0
0	140
0	473
0	471
0	472
0	270
0	37
0	0
0	460
0	460
4	222
0	0
0	0
0	11
0	11
0	0
2	1
0	5
0	2
0	2
0	2
0	145
0	388
0	387
0	263
0	325
0	57
0	41
0	23
0	9
0	1
2	201
0	284
8	116
0	3
0	3
0	6
0	3
0	153
0	133
3	23
0	82
8	56
0	0
0	0
0	0
0	0
0	0
0	0
0	0
0	0
0	3
0	3
0	3
0	3
0	3
0	3
0	3
0	3
0	3
0	0
0	0
0	0
0	0
0	0
0	358
0	320
0	30
0	16
0	20
1	18
0	13
5	34
1	23
0	23
0	266
2	32
5	295
0	23
2	17
0	258
0	40
2	65
0	8
0	24
0	14
0	541
23	128
11	587
0	519
33	522
2	467
1	251
0	533
5	527
0	553
0	536
0	140
0	221
0	229
1	166
0	213
0	170
0	127
0	100
12	145
0	75
2	35
0	23
0	26
0	565
0	179
0	530
7	3
0	3
0	3
0	0
0	0
0	0
0	0
0	0
0	0
0	0
0	0
0	0
0	0
0	1
0	0
0	1
0	1
0	0
0	0
0	0
0	0
2	378
0	26
0	74
0	20
0	16
0	0
0	0
0	1
0	7
0	9
0	9
0	2
0	3
0	1
0	104
0	0
0	0
0	0
0	0
0	0
0	0
0	1
0	1
0	1
0	1
0	1
0	1
0	1
0	1
0	0
0	0
0	0
0	943
5	809
1	115
0	40
0	1
0	231
0	6
0	269
0	240
3	66
0	186
0	64
0	112
0	179
1	210
0	197
0	68
0	0
1	96
0	211
0	231
0	170
0	170
0	12
0	2
0	231
0	178
0	0
0	0
0	0
0	0
0	0
0	9
0	0
0	0
0	0
0	4
1	0
0	307
0	260
6	158
0	140
0	98
0	98
0	75
0	33
0	1
0	0
0	144
0	144
0	144
0	83
0	86
0	26
0	0
0	0
0	1
0	1
0	1
0	0
0	0
0	0
0	0
0	0
0	49
0	60
0	66
0	58
0	24
0	56
2	30
0	72
0	53
0	8
0	33
0	6
0	25
0	19
0	71
0	66
0	0
0	0
0	885
0	489
1	159
1	479
0	453
0	153
0	0
0	868
0	706
0	512
0	897
0	35
1	81
0	121
0	0
0	0
0	0
0	9
0	11
0	11
0	2
0	3
0	1
0	11
0	0
0	0
0	832
0	520
0	832
0	33
0	131
0	364
0	453
0	428
0	129
0	59
0	17
1	6
0	82
0	70
0	73
0	60
1	45
0	24
0	14
0	15
0	71
0	71
0	44
0	57
0	60
2	85
0	27
0	48
0	42
0	8
0	7
0	0
0	0
0	0
0	0
0	0
0	0
0	0
0	166
0	320
0	336
0	348
0	186
0	293
0	157
0	90
0	0
0	342
0	358
0	0
0	771
0	777
11	755
0	759
217	545
0	124
53	97
0	0
0	0
0	0
0	0
0	0
0	0
0	0
0	0
0	0
0	1
0	1
0	1
0	1
0	1
0	1
0	1
0	1
0	1
0	0
0	0
0	0
0	0
0	0
0	0
0	2
0	3
0	0
0	5
0	0
0	1
0	0
0	0
0	0
0	0
0	0
0	0
0	0
0	0
0	0
0	0
0	0
0	1
0	0
0	2
0	3
0	6
0	0
0	0
0	0
0	3
0	0
0	1
0	0
0	0
0	61
0	62
0	471
0	422
0	309
1	107
1	41
0	26
4	20
0	64
2	139
2	57
0	10
0	14
0	3
0	483
0	469
0	555
0	155
0	24
0	0
0	0
0	0
0	0
0	0
0	95
0	103
0	91
0	20
0	96
0	92
0	7
0	22
0	0
0	0
0	0
0	0
0	0
0	0
0	0
0	0
0	0
0	0
0	0
0	0
0	1
0	0
0	1
0	0
0	0
0	0
0	1
0	0
0	0
0	0
0	0
0	0
0	0
0	0
0	0
0	359
0	1018
0	958
0	400
0	345
0	466
0	112
0	500
0	629
0	0
0	0
0	0
0	0
0	0
0	0
0	0
0	0
0	0
0	0
0	0
0	0
0	427
0	372
0	344
1	1184
1	1137
0	865
0	0
0	0
0	0
0	0
0	0
0	0
0	0
0	0
0	0
0	0
0	0
0	0
0	0
0	0
0	0
0	0
0	0
0	0
0	0
0	0
0	0
0	0
0	0
0	0
2	231
0	641
1	597
0	436
10	402
0	241
0	204
2	197
11	60
0	0
0	105
0	14
0	0
0	0
0	150
0	112
0	83
0	163
0	467
0	289
0	459
0	430
0	433
0	63
0	59
0	91
0	95
0	155
0	134
0	123
5	72
2	131
0	89
0	34
0	11
0	385
0	401
0	2
0	2
0	175
6	151
0	0
0	0
0	30
0	36
0	185
0	185
0	58
0	189
0	47
0	19
3	16
0	18
0	178
3	14
1	162
0	181
2	179
0	0
0	0
0	0
0	0
0	0
0	0
0	235
0	259
0	77
4	256
0	0
0	0
0	11
0	52
0	284
0	227
1	7
0	17
0	78
0	64
1	53
0	0
0	0
0	0
0	5
0	0
0	0
0	0
0	0
0	374
0	2
0	2
0	146
1	3
0	0
0	24
0	0
0	0
0	0
0	0
0	0
0	0
0	8
0	8
0	8
0	0
0	0
0	0
0	0
0	0
0	0
0	205
20	144
0	31
0	25
0	1
0	1
0	0
0	0
0	0
0	0
0	0
0	0
0	1
0	1283
0	3988
0	3976
0	2543
0	1301
0	1276
0	2494
0	3429
0	2151
1	1358
0	3415
0	3340
0	3326
0	4008
0	2464
0	0
0	0
0	0
0	966
4	789
13	951
0	1119
1	577
3	335
3	126
1	228
10	281
0	426
29	9
0	1
0	1
0	1
0	1
0	1
0	1
0	1
0	1
0	1
0	1
0	1
0	0
0	0
0	1
0	4023
0	0
0	0
0	0
0	0
0	0
0	0
0	2
0	2
0	7
0	7
0	7
0	6
0	6
0	0
0	0
0	0
0	0
0	0
0	0
0	0
0	0
0	0
0	0
0	0
0	0
0	0
0	0
0	0
0	0
0	0
0	0
0	0
0	0
0	0
0	0
0	1241
2	1154
9	1099
8	88
32	105
0	35
0	83
0	3
0	3
0	2
0	6
0	0
0	0
0	0
0	0
0	0
0	0
0	0
0	0
0	1
0	0
0	1
0	0
0	0
0	0
0	0
0	6
0	0
0	0
0	0
0	0
0	0
0	0
0	0
0	0
0	262
0	1
0	9
0	11
0	11
0	2
0	3
0	1
0	754
0	771
0	1
0	1
0	1
0	1
0	0
0	0
0	0
0	0
0	417
0	0
0	0
0	0
0	0
0	0
0	0
0	0
0	3
0	0
0	0
0	0
0	0
0	0
0	0
0	0
0	0
0	0
0	0
0	0
0	0
0	0
0	0
0	0
0	0
0	0
0	2
0	2
0	0
0	9
0	351
0	342
0	427
0	446
0	108
0	251
0	201
0	146
0	92
0	75
0	95
0	59
0	53
0	0
0	0
0	0
0	0
0	0
0	0
0	0
0	0
0	0
0	0
0	0
0	0
0	0
0	0
0	123
0	68
0	16
0	1327
0	284
0	220
0	152
0	7
0	17
0	12
0	16
0	7
0	35
0	29
0	29
0	34
0	25
0	44
0	2
1	2
0	1
0	0
0	0
0	1
0	1
0	1
0	1
0	1
0	0
0	1
0	0
0	0
0	0
0	0
0	0
0	0
0	0
0	0
0	0
0	0
0	0
0	0
0	0
0	0
0	129
1	431
0	429
0	241
0	123
0	286
0	409
1	117
0	409
0	408
0	236
4	116
1	1382
8	31
0	1380
44	1387
0	1070
0	1396
0	1375
0	51
0	1189
0	1057
0	43
0	1357
0	71
0	1357
0	145
0	29
0	141
0	69
5	68
4	34
0	0
0	0
0	0
0	0
0	0
0	0
0	0
0	0
0	0
0	0
0	0
0	0
0	0
0	0
0	0
0	0
0	0
0	0
0	0
0	0
0	0
0	0
0	0
0	0
0	0
0	111
0	589
0	113
0	298
0	0
0	0
0	0
0	0
0	0
0	0
0	0
0	0
0	4025
0	2533
0	1283
1	2649
0	3359
0	3445
0	4003
24	2137
0	3369
0	3991
0	1273
0	3383
1	44633
0	39185
0	7
0	7
0	0
0	7
0	7
0	0
0	0
0	0
0	0
0	614
0	616
0	606
0	330
0	57
0	29
1	84
0	385
0	608
0	285
0	93
0	33
0	213
0	612
0	530
0	1504
0	1584
0	1603
0	997
0	203
0	262
0	0
0	0
0	0
0	92
0	379
0	766
1	149
0	2
0	4
0	3
8	2
0	2
0	14
0	12
0	0
0	1
0	1
0	0
0	0
0	0
0	0
0	0
0	0
0	0
0	0
0	0
0	0
0	0
0	0
0	0
0	249
0	1
0	1
0	0
0	1
0	1
0	1
0	1
0	0
0	0
0	1
0	7
0	9
0	9
0	3
0	2
0	1
9	76
0	19
0	3
0	0
0	237
0	238
0	230
0	11
0	19
0	71
0	20
3	82
0	193
0	20
0	2
0	3
0	3
0	25
0	238
0	71
0	0
0	162
0	128
0	269
0	126
0	238
5	93
0	12
0	0
0	0
0	1
0	18
0	7
0	174
0	223
0	200
1	214
0	24
0	6
0	59
0	53
0	0
0	0
0	0
0	0
0	0
0	0
0	0
0	0
0	3
0	3
0	3
0	3
0	3
0	3
0	3
0	3
0	3
0	0
0	759
0	746
0	694
0	731
0	816
7	3056
32	2298
1	1750
0	24
0	120
0	24
0	24
0	27
0	0
0	0
0	0
0	0
0	0
0	0
0	0
0	1768
0	22
1	40
1	128
1	129
0	0
0	8
0	9
0	33
0	47
1	24
0	0
0	0
0	0
0	0
0	0
0	0
0	0
0	0
0	0
0	0
0	0
0	0
0	0
0	0
0	0
0	0
0	0
0	0
0	0
1	21
0	82
0	32
0	35
0	2
0	2
0	166
0	137
0	152
0	157
0	3
1	0
6	56
2	8
0	42
0	24
0	28
0	29
0	32
0	44
0	13
0	0
0	20
0	6
1	9
0	19
3	43
0	50
0	32
0	9
0	8
39	8
0	23
1	56
0	59
0	62
1	0
0	0
0	0
0	0
0	0
0	548
0	136
0	141
0	160
0	180
0	23
3	179
0	81
0	3
0	0
0	0
0	0
0	0
0	0
0	4
0	0
0	0
0	1
0	127
0	129
0	195
0	206
0	68
0	77
0	29
0	11
0	11
0	7
1	1270
0	545
0	608
0	517
0	937
0	472
0	533
0	427
0	6
0	665
0	879
0	9
0	710
0	1119
0	2
0	7
1	6
0	1
0	1
1	1
0	1
0	1
0	0
0	0
0	0
0	1
0	153
0	33
0	196
0	168
0	131
0	111
0	192
0	194
0	0
0	0
0	0
0	0
0	0
0	0
0	0
0	0
0	2
0	2
0	1
0	0
0	1
0	38
0	0
0	0
0	4
0	0
0	4
0	6
1	6
0	9
0	10
0	9
0	3
0	1
0	33
1	7
0	7
0	2
1	1524
0	57
10	30
2	114
0	50
2	145
0	111
0	639
0	5
2	43
0	5
0	33
0	43
0	43
0	43
0	43
0	31
0	36
0	0
0	0
0	0
0	0
0	0
0	0
0	0
0	0
0	0
0	0
0	8
0	8
0	0
0	0
0	1
0	2
0	1
0	0
0	0
0	0
0	0
0	0
0	0
0	0
0	0
0	0
0	112
0	6
0	14
0	92
1	4
0	74
0	81
0	14
0	175
0	105
0	9
0	11
0	5
3	10
0	80
0	0
0	0
0	0
0	58
0	62
0	19
0	5
0	8
0	12
0	12
0	11
0	8
0	70
0	70
0	0
0	0
0	1
0	0
0	3
0	3
0	0
0	0
0	0
0	395
0	141
0	407
0	162
6	94
0	146
0	326
0	338
9	22
0	10
0	44
0	132
0	222
0	0
0	0
0	0
0	0
0	0
0	0
0	0
0	0
0	0
0	0
0	0
0	0
0	0
0	0
0	0
0	0
0	0
0	0
0	0
0	0
0	0
0	0
0	0
0	0
0	1
0	1
0	1
0	2
0	3
0	5
0	2
0	2
0	0
0	0
0	0
0	0
0	261
0	213
0	116
0	17
0	7
1	105
0	105
0	70
0	45
0	21
0	41
0	11
0	213
0	152
0	139
0	133
0	34
0	186
0	77
0	34
0	131
0	52
0	61
0	89
0	154
0	179
0	165
0	110
0	44661
0	32800
0	128
0	25
0	26
0	27
0	21
0	313
0	922
0	1107
1	923
0	2
0	1
0	1
0	1
0	2
0	0
0	2
0	1
0	1
0	2
0	2
0	0
0	0
0	2
0	1
0	1
0	0
1	418
0	409
2	390
3	388
1	466
0	1
0	10
0	12
0	8
0	4
0	0
0	0
0	0
0	0
0	0
0	0
0	0
0	0
0	0
0	132
0	182
0	108
0	173
0	178
0	138
0	166
0	56
0	133
0	166
0	258
0	0
0	0
0	0
0	0
0	0
0	0
0	0
0	0
0	0
0	0
0	0
0	0
0	0
0	0
0	7
0	4
0	9
0	5
0	2
0	0
0	0
0	0
0	0
0	0
0	0
0	0
0	0
0	1
0	0
0	21
3	21
0	21
0	21
0	22
0	2
0	10
0	15
0	15
0	14
0	4
0	2
0	0
0	0
0	16
0	0
0	0
0	0
0	0
0	0
0	1031
0	267
7	42
0	75
0	178
0	0
0	0
0	0
0	0
0	0
0	2
0	2
0	2
0	2
0	2
0	0
0	0
0	0
0	0
0	0
0	0
0	0
0	14
0	16
0	14
0	5
1	732
0	178
1	588
0	510
0	678
0	0
0	0
0	0
0	0
0	0
0	0
0	0
0	0
0	2
0	2
0	0
0	1
0	1
0	1
0	2
0	0
0	0
0	0
0	0
0	0
0	0
0	0
0	165
0	53
0	178
0	138
0	166
0	180
0	171
0	106
0	256
0	169
0	1
0	1
0	1
0	0
0	0
0	0
0	0
0	0
0	0
0	0
0	0
0	0
0	0
0	0
0	0
0	0
0	0
0	0
0	0
2	0
0	0
0	643
0	643
1	190
0	638
0	274
0	325
0	272
0	337
0	286
0	306
0	247
0	243
0	248
0	133
1	14
0	22
0	120
5	9
0	11
6	66
0	9
0	41
0	7
0	30
0	41
0	0
0	2
0	2
0	245
0	0
0	0
0	6497
1	6484
3	435
0	241
6	380
9	608
1	289
0	31
0	2324
1	143
0	318
2	306
4	115
1	139
0	0
0	0
0	0
0	0
0	0
0	0
0	0
0	0
0	0
0	0
0	0
0	0
0	0
0	0
0	0
0	0
0	0
0	0
0	0
0	0
0	0
0	0
0	0
0	0
1	176
1	208
0	194
0	167
0	184
2	182
0	209
0	217
0	217
0	0
8	2
0	2
0	0
0	0
0	0
0	0
0	0
0	304
0	281
0	63
0	278
0	241
0	287
0	11
0	66
0	98
0	0
0	0
0	0
0	0
0	0
0	0
0	0
0	0
0	0
0	0
0	0
0	51
0	29
0	276
0	80
0	274
1	28
0	279
0	26
0	268
0	47
0	270
0	0
0	177
0	82
0	81
0	49
0	57
0	71
0	43
0	57
0	50
0	0
0	1
0	0
0	12
0	101
0	0
0	1201
0	1271
0	1210
0	1202
0	1027
0	1202
0	1201
3	233
2	174
0	2388
0	2963
0	176
0	1464
0	771
0	441
1	431
0	401
0	712
2	3
4	622
2	344
0	0
0	0
0	0
0	98
0	8
0	95
0	93
0	72
0	41
0	10
0	10
0	7
0	87
0	81
0	259
0	387
0	495
14	198
0	263
0	18
0	18
0	0
0	0
0	0
0	50
0	35
0	0
0	0
0	0
0	65
0	91
0	140
0	143
0	149
0	27
0	22
0	45
0	32
0	61
0	42
1	7
0	11
0	135
1	0
0	304
0	3
0	180
0	2
0	211
0	11
0	229
0	1
1	0
0	17
0	4
0	2
0	15
0	1
0	0
0	12
0	3
1	4
0	1
0	1
0	3
0	2
0	0
0	0
0	0
0	0
0	15
0	41
0	0
0	0
0	1
0	209
0	233
0	77
0	0
0	0
0	0
0	0
0	0
0	0
0	0
0	0
0	0
0	0
0	0
0	0
0	0
0	0
0	0
0	0
0	0
0	0
0	0
0	0
0	0
0	2
0	20
0	1
0	1
0	26
0	79
0	54
0	10
0	25
1	25
0	6
0	0
0	21
0	27
0	21
0	25
0	0
1	0
0	0
2	4
0	2
0	20
0	2
0	24
0	0
0	0
0	0
0	0
0	0
0	0
0	10
0	5
0	5
0	12
0	3
0	6
0	110
0	190
0	213
0	155
0	133
0	203
0	220
0	122
0	116
0	89
0	0
0	0
0	558
0	648
0	611
0	561
0	561
0	566
0	764
0	778
0	759
0	107
0	0
0	0
0	0
0	0
0	0
0	0
0	0
0	0
0	0
0	0
0	0
0	0
0	0
0	0
0	0
0	0
0	0
0	0
0	0
0	0
0	0
0	0
0	0
0	0
0	0
0	0
0	0
0	0
0	0
0	0
0	557
0	546
0	133
0	62
15	96
0	0
1	55
3	4
0	51
0	0
0	0
0	0
0	0
0	0
1	0
0	1262
0	133
0	46
0	8
0	143
0	883
0	133
0	116
0	395
0	326
0	407
0	338
0	0
0	0
0	0
0	0
0	1
0	1
0	0
0	0
0	0
0	0
0	0
0	0
0	0
0	0
0	0
0	0
0	0
0	0
0	0
0	0
0	0
0	0
0	0
0	0
0	0
0	8
0	8
0	6
0	6
0	6
0	6
0	0
0	0
0	0
0	0
0	14
0	15
0	2
0	11
1	1
0	0
0	0
0	0
0	0
0	0
0	0
0	0
0	0
0	0
0	0
0	0
0	0
0	0
0	0
0	1
0	0
0	3
0	650
0	611
0	557
0	549
0	133
0	10
0	5
0	5
0	12
0	2
0	6
0	0
0	0
0	0
0	0
0	0
0	0
0	0
0	0
0	0
0	0
0	0
0	0
0	0
0	0
0	15
0	8
0	0
0	0
0	0
0	376
0	357
0	332
0	112
0	292
0	234
0	19
2	8
3	4
0	0
0	15
0	190
0	68
0	68
0	22
0	31
0	25
1	13
0	28
3	24
0	2
0	0
0	0
0	0
0	0
0	0
5	305
1	317
0	223
1	193
0	164
0	154
0	140
0	309
0	0
0	0
0	0
0	0
0	0
0	0
0	0
0	0
0	0
0	0
0	0
0	0
0	54
0	52
0	23
0	15
0	7
0	8
0	6
0	2
0	3
0	3
0	1
0	3
0	2
0	2
0	1
0	1
0	1
0	2
0	0
0	0
0	11
0	13
0	583
0	585
0	575
0	300
0	57
0	355
0	577
0	284
0	92
0	183
0	106
0	196
0	30
0	3
0	5
0	0
0	0
0	0
0	0
0	0
0	4
0	0
0	1
0	1
0	4
0	0
0	1
0	5
0	1
0	4
0	4
0	4
0	4
0	1
0	1
0	129
0	0
0	20
0	551
0	30
0	523
0	545
0	11
0	412
0	88
0	557
0	530
0	118
0	117
0	566
0	401
0	398
2	79
0	111
0	129
0	504
0	555
0	260
0	242
0	90
0	72
0	70
0	30
6	38
0	6
0	7
0	2
0	6
0	6
0	1
0	4
0	1
0	0
0	0
0	1
0	6
0	6
0	3
0	0
0	0
0	279
0	324
0	106
0	284
0	230
0	19
0	189
0	14
0	68
0	22
0	29
0	25
0	28
0	124
0	168
0	140
0	143
0	140
0	86
0	5
0	0
0	0
0	0
0	0
0	5
0	5
0	0
0	0
0	0
0	0
0	0
0	1
0	1
0	1
0	1
0	0
0	0
0	1
0	1
0	0
0	0
0	0
0	0
0	0
1	0
0	105
0	0
0	0
0	0
0	0
0	94
0	95
0	39
0	160
0	24
0	44
0	0
0	362
0	3
0	0
0	0
0	1
0	1
0	0
0	1
0	1
0	1
0	2
0	0
0	0
0	0
0	2
0	0
0	480
72	1142
0	1497
0	1721
0	1459
1	1699
0	1597
3	1297
0	1363
0	1415
0	902
0	1123
0	1044
0	1084
0	1065
0	912
0	830
0	873
0	514
0	369
4	214
0	236
17	75
31	84
0	100
0	96
0	87
0	63
11	61
0	67
0	50
0	47
0	46
0	34
0	32
0	14
0	6
0	19
0	27
0	24
0	16
0	17
0	17
0	1381
0	1653
0	1592
0	1725
0	247
0	243
0	248
0	133
0	120
0	41
0	2
0	245
0	2
0	0
0	0
0	0
0	232
0	23
0	172
2	54
0	97
0	2
0	34
0	456
0	448
0	452
0	431
0	235
0	231
0	290
0	78
0	2
0	93
1	59
3	64
0	85
0	40
0	86
0	85
0	16
0	8
0	160
0	48
0	175
0	135
0	161
0	170
0	161
0	96
0	246
17	472
0	40
4	0
0	227
0	70
0	17
0	2
0	12
0	3
1	3
0	0
0	0
0	0
0	0
0	31
0	0
0	0
0	0
0	0
0	0
0	0
0	0
0	148
0	44
0	128
0	0
0	0
0	1031
0	75
0	178
0	2
0	10
0	14
0	14
0	13
0	4
0	2
0	7
0	5
0	4
0	3
0	2
0	0
0	0
0	2
0	2
0	77
0	87
0	4
0	44
0	40
0	92
0	87
0	51
0	23
0	60
0	91
0	53
0	77
0	16
0	6
0	0
0	341
0	0
0	0
0	0
0	0
0	0
0	0
0	0
0	333
0	244
0	236
0	2
0	7
0	2
0	2
0	2
0	2
0	106
0	122
0	248
0	286
0	121
0	50
0	971
0	82
0	945
0	943
0	869
0	50
0	140
0	454
0	402
0	16
0	29
0	40
0	19
0	116
0	932
0	0
0	3167
6	590
16	353
9	230
1	4
3	102
0	62
0	53
0	128
0	0
0	0
0	25
5	0
0	0
0	0
0	0
0	535
0	528
0	525
0	124
0	513
0	115
0	93
1	488
0	509
0	47
0	124
0	47
0	62
0	48
0	30
3	0
0	2
0	1
0	2386
0	175
0	2933
0	1462
0	0
0	0
0	0
0	0
0	8
7	495
0	519
0	487
2	476
0	129
0	69
0	82
1	44
5	35
0	62
1	18
0	43
0	493
0	756
0	124
0	860
0	585
0	724
50	832
5	605
4	855
3	858
8	584
0	644
0	786
0	897
0	35
0	121
0	7
0	1
0	1
0	0
0	434
2	251
0	453
0	358
0	94
0	146
0	26
0	104
0	58
0	120
0	141
0	351
0	130
0	272
0	241
0	0
0	1639
0	375
0	400
0	289
0	318
0	314
0	136
2	48
0	288
0	259
0	210
0	133
3	118
0	100
0	145
0	627
0	135
0	665
0	653
0	630
0	176
0	147
0	153
0	23
0	24
0	49
0	665
0	0
0	340
0	289
0	313
0	476
0	439
0	807
0	767
0	727
0	639
0	602
0	106
0	148
0	111
0	114
0	164
0	126
0	225
0	101
0	259
0	107
1	158
0	100
0	94
0	95
0	39
0	159
0	24
0	3
0	4
0	3
0	3
0	3
0	2
0	0
0	1
0	0
0	1
0	0
0	0
0	1
0	1
0	0
0	0
0	0
0	0
0	0
0	36
0	36
0	17
0	18
0	66
0	42
0	46
0	13
0	0
0	0
0	294
0	314
0	345
0	0
0	0
0	23
0	144
0	145
0	12
0	49
0	142
0	130
0	40
0	42
0	15
0	149
0	33
0	42
0	37
5	22
0	0
0	0
0	0
0	0
0	0
0	0
0	0
0	0
0	0
0	0
0	0
0	0
0	0
0	274
0	268
0	47
0	276
0	80
0	51
0	279
0	270
0	1
0	438
0	445
0	377
0	434
0	287
0	282
0	436
0	45
0	5
0	0
0	0
0	15
0	55
0	83
0	193
0	51
0	59
0	73
0	46
0	59
0	84
0	0
0	1
0	194
0	208
0	194
0	186
0	181
0	0
0	0
0	0
0	0
0	0
0	0
0	114
0	124
0	101
0	1212
0	0
0	0
0	0
0	0
0	28
0	64
0	7
0	18
0	25
0	28
0	33
0	9
2	13
0	24
0	17
0	7
0	10
0	824
0	65
0	170
0	131
1	63
1	27
0	55
0	132
0	45
1	79
0	219
0	93
0	72
0	0
0	0
0	0
0	0
0	0
0	0
0	0
0	0
0	0
0	0
0	259
0	109
0	114
0	101
0	222
1	160
0	100
0	276
0	80
0	274
0	279
0	268
0	47
0	270
0	112
0	48
0	248
0	127
0	12
0	61
1	56
0	114
0	201
0	86
0	80
0	219
0	84
0	12
0	163
3	298
0	121
4	189
0	99
0	59
0	26
2	168
0	55
0	23
0	46
0	863
0	706
0	512
0	902
0	121
1	11840
3	8849
0	11248
0	3695
0	3676
4	3997
2	2135
0	2006
0	2619
1	1667
1	72
0	0
1	0
0	8
0	8
0	19
0	3
0	9
0	226
0	241
0	124
0	53
0	236
0	3053
0	3047
0	3149
0	234
0	572
0	307
0	519
0	1857
0	260
0	349
0	416
0	374
0	268
0	1457
2	200
0	727
0	824
0	734
5	826
0	820
0	796
0	897
0	612
0	607
0	596
0	599
0	371
0	477
0	416
0	3163
0	2616
0	849
0	846
0	467
0	71
0	52
0	41
0	54
0	56
0	22
0	21
0	3
0	3
0	3
0	1262
0	883
0	133
0	116
0	3
0	3
0	3
0	3
0	3
0	3
0	3
0	3
0	3
0	0
0	0
0	0
0	0
0	0
0	0
0	0
0	0
1	0
0	3
0	199
0	199
0	173
0	173
21	121
0	127
0	100
0	124
0	35
0	609
0	702
0	671
1	696
4	677
0	403
0	426
1	603
16	421
0	566
0	0
0	710
0	739
0	501
26	83
0	24
0	192
0	610
0	64
0	0
0	7
0	47
0	3
0	100
0	101
1	11
0	58
12	8
0	71
0	14
1	62
0	0
0	367
4	381
32	394
0	713
0	802
0	784
0	777
0	796
0	129
3	70
0	58
0	89
0	12
0	307
0	258
0	40
0	38
5	7
0	0
0	0
0	0
0	0
0	0
0	0
0	0
0	0
0	6
0	6
0	7
0	3
0	6
0	3
0	0
0	533
0	479
0	0
0	0
0	0
0	490
0	73
0	138
0	4
0	6
0	3
0	309
6	303
0	284
0	159
0	76
0	19
0	11
0	11
0	28
0	0
0	0
0	0
0	0
0	0
0	0
0	0
50	67
17	58
0	42
0	0
0	163
2	148
0	151
0	115
0	65
3	9
0	30
0	18
0	4
0	0
0	0
0	0
0	1
0	0
0	0
0	0
0	0
1	0
0	1855
2	813
0	348
0	1430
0	336
0	91
3	608
9	440
3	416
0	169
0	628
0	443
0	448
0	284
0	299
0	276
0	255
0	187
0	63
0	131
0	1854
0	23089
0	20896
0	20900
0	20926
0	0
0	0
0	0
0	0
0	0
0	0
0	1069
0	238
0	1058
0	10
0	991
0	498
0	1264
0	1230
0	1178
0	1178
0	1178
0	1
0	1
0	0
0	0
0	0
0	0
0	0
0	0
0	0
0	44696
0	32835
0	377
0	338
0	307
0	259
0	335
0	201
0	165
5	356
0	183
0	108
0	377
0	0
0	0
0	0
0	1
0	1
0	221
0	24
0	28
0	15
0	5616
0	0
0	0
0	0
0	0
0	0
0	0
0	0
0	0
0	0
0	0
0	0
0	0
0	3
0	3
0	498
0	1029
0	446
0	928
0	1003
0	1001
0	131
0	23
0	47
0	29
0	16
0	140
0	82
0	1010
0	2
0	4
0	0
0	3
0	0
0	1
0	0
0	0
0	759
0	267
0	863
0	31
0	73
0	167
0	35
0	2
0	0
0	3
0	58
0	63
0	53
0	552
0	0
0	0
0	0
0	0
0	0
0	0
0	0
0	2717
0	497
0	308
0	264
0	165
0	174
0	2368
0	2480
0	522
0	1000
0	113
0	0
0	0
0	0
0	0
0	0
0	0
0	0
0	0
0	0
0	0
0	7
0	20
0	4
0	22
0	0
0	5
0	9
1	5
3	1
0	1354
0	1442
0	1408
0	187
1	63
0	2
0	1
0	0
0	2
0	1
0	3164
0	1
0	1
0	0
0	0
0	283
0	297
0	328
0	343
0	169
0	35
0	34
0	17
0	18
0	64
0	42
0	46
0	2
0	2
0	2
0	2
0	2
0	719
0	439
0	293
0	118
0	191
0	96
0	59
0	26
0	168
0	55
0	23
0	0
0	0
0	0
0	0
0	81
0	93
1	204
0	211
0	207
0	60
0	129
0	120
0	96
0	73
0	78
0	73
0	46
0	19
1	34
4	13
0	630
0	36
0	231
0	276
0	429
0	452
0	446
0	450
0	6
0	219
0	42
0	28
0	279
0	232
0	109
0	108
0	62
0	59
0	1
0	1
0	0
0	1
0	1
0	1
0	1
0	1
0	1
0	1
0	0
0	2
0	0
0	0
0	0
0	0
0	0
0	0
0	0
0	0
0	16
0	1
0	1
0	216
0	31
0	27
1	27
0	0
0	0
0	0
0	0
0	0
0	0
0	0
0	119
0	1862
0	5605
0	9086
0	7888
0	7723
0	3020
0	1436
0	1391
0	2493
0	1646
0	9302
0	9326
0	41
0	46
0	49
0	27
0	15
0	3
0	3
0	1
0	4
0	4
0	0
0	0
0	0
0	0
0	17
0	18
0	17
0	7
0	12
0	7
0	1
0	5
0	6
0	2
0	8
0	6
0	6
0	0
0	136
0	136
0	144
0	29
0	129
0	216
0	248
0	847
0	1056
0	558
0	350
0	450
0	1060
0	346
0	359
0	357
0	1059
0	0
0	1455
0	1431
0	1409
0	1455
0	1266
1	837
0	443
0	648
0	694
0	511
1	285
0	375
0	220
0	328
9	136
0	264
0	225
3	42
0	142
0	105
2	99
0	1466
0	1433
0	1420
0	1
0	1
0	1
0	1
0	0
0	1
0	1
0	1
0	213
0	220
0	122
0	316
0	323
0	1114
0	97
0	31
0	3
0	0
0	223
0	0
0	54
0	2
0	20
0	0
0	0
0	0
0	9328
0	162
0	1857
0	9304
0	5632
0	9120
0	7885
0	7725
0	3017
0	1383
0	2505
0	1658
0	0
0	947
0	451
0	187
2	543
0	479
1	82
0	10
0	11
0	23
0	102
0	100
0	93
0	984
0	1030
0	1047
0	430
0	413
0	297
0	131
0	431
0	406
0	412
0	349
2	336
0	333
0	32
0	28
1	131
0	189
0	3
0	6
0	169
0	31
0	32
0	15
0	49
0	22
1	53
1	42
0	15
0	7
0	0
0	0
0	0
0	0
0	0
0	18
0	23
0	25
0	25
0	0
0	0
0	0
0	0
0	77
0	835
0	83
0	15
0	41
0	0
0	576
0	1374
0	1065
0	877
0	561
0	93
0	256
0	165
0	0
0	0
0	0
0	0
0	183
6	93
0	140
3	124
0	87
0	0
0	0
0	0
0	0
0	0
0	78
0	45
0	78
1	15
0	54
0	26
0	19
0	37
0	13
0	49
0	61
0	4
0	21
0	78
0	45
0	8
0	23
0	173
0	0
0	0
0	0
0	0
0	0
0	0
0	0
0	0
0	0
0	0
0	93
0	92
0	0
0	0
0	0
0	0
0	21
0	326
0	317
0	52
0	0
0	0
0	142
0	139
0	184
0	1031
0	267
0	366
0	101
0	163
0	7
0	67
0	290
0	111
2	106
0	0
0	510
0	393
1	398
0	251
0	45
0	74
0	64
0	116
0	34
1	35
0	145
0	81
0	9
0	48
0	23
0	242
0	450
2	461
0	452
0	451
1	67
0	452
0	212
0	140
0	353
0	93
0	384
0	317
1	72
0	207
5	2
0	1
0	0
0	1
0	0
0	0
0	0
0	0
0	3
0	4
0	4
0	0
0	0
0	5
0	0
0	1
0	0
0	0
0	0
1	5
0	3
0	1
0	8955
0	8690
0	7538
1	6448
0	7108
0	8752
31	3028
4	3933
0	22
0	37
2	170
0	35
0	25
0	168
0	189
5	24
1	34
0	170
1	28
3	177
0	25
33	85
3	26
0	47
0	8
0	8
0	4
0	4
0	8
0	8
0	1
1	2
1	4
0	2
0	2
0	6
0	5
0	4
0	0
0	0
0	0
0	0
0	6
0	6
0	3
0	3
0	3
0	2
0	0
0	1
0	0
0	1
0	0
0	0
0	0
0	0
0	0
0	0
0	0
0	0
0	0
0	472
0	623
0	638
0	632
0	157
0	71
0	76
0	60
0	43
0	0
0	58
0	49
0	8
0	17
0	12
0	21
0	35
0	50
0	3
0	0
0	0
0	0
0	0
0	0
0	0
0	0
0	13
0	29
0	2
0	10
0	11
0	11
0	0
0	0
0	0
0	1
0	123
0	16
0	16
0	2
0	3
0	5
0	863
0	745
0	0
0	0
0	0
0	62
0	63
0	0
0	0
0	1264
0	1178
0	1178
0	146
0	256
0	251
0	252
0	193
0	58
0	80
0	81
1	1
0	143
0	82
0	237
1	69
0	252
0	252
0	252
0	252
0	252
0	12
0	1
0	242
0	7
0	12
0	15
0	14
0	16
0	21
0	19
0	5
0	4
0	1
0	9
0	6
0	19
0	16
0	14
0	10
0	2
0	10
0	9
0	1
0	0
0	885
0	489
0	0
0	153
0	2
0	4
0	7
0	1
0	5
0	3
0	65
0	91
0	140
0	143
0	149
0	27
0	22
0	45
0	11
0	135
0	153
0	635
0	142
0	673
0	373
0	661
0	637
0	184
0	155
0	352
0	161
0	30
0	67
0	96
0	673
0	1031
0	1432
0	1390
0	1422
0	860
0	1063
3	354
1	55
0	219
0	78
0	71
0	78
3	38
0	446
0	16
0	113
1	27
0	42
0	47
0	52
4	16
0	25
0	0
0	13
0	9
0	13
0	17
0	3
0	13
0	5
4	13
0	22
0	24
0	13
0	8
0	7
2	6
0	4
2	4
0	22
0	0
0	0
0	45505
0	33644
0	8
0	8
0	21
0	3
0	1
0	0
0	37
0	21
0	119
1	703
0	85
0	525
0	92
0	484
0	560
0	124
0	0
0	0
0	0
0	0
0	0
0	0
0	0
0	0
0	0
0	0
0	1
0	0
0	3
116	3
0	2410
0	2268
0	630
2	272
0	937
0	1755
0	387
0	0
0	9
0	17
0	20
0	103
0	0
0	9
0	9
0	17
0	8
0	8
0	7
0	6
0	7
0	111
1	2
0	8
0	2
3	108
0	58
0	7
0	106
0	7
0	7
0	21
0	115
1	6
0	22
0	0
0	115
9	464
0	208
0	162
0	112
0	90
0	206
0	115
0	0
0	0
0	0
0	0
0	0
0	0
0	0
0	117
0	220
0	594
0	473
0	182
0	94
0	157
1	165
1	72
0	119
0	78
0	0
0	0
0	0
0	0
0	0
0	0
0	269
0	235
0	100
0	114
0	22
0	8
0	8
0	0
0	0
0	0
0	0
0	0
0	0
0	0
0	0
0	0
0	356
11	135
0	110
0	154
7	169
2	52
0	53
0	85
0	93
0	93
0	86
0	12
1	11
0	125
0	244
0	251
0	234
0	38
0	92
0	2
0	2
0	0
0	0
0	0
0	0
0	0
0	0
0	0
0	0
0	0
0	0
0	0
0	0
0	0
0	0
0	0
0	0
0	0
0	1363
0	1297
0	1341
0	1024
0	955
0	195
0	65
0	138
0	525
0	1173
0	68
0	124
6	113
0	110
2	120
0	115
0	116
1	111
0	114
1	114
0	121
0	76
0	7
0	14
20	14
0	0
0	0
0	1
0	1
0	1
0	1
0	1
0	1
0	1
0	1
0	1
0	1
0	1
0	1
0	2
0	0
0	2
0	1755
0	44872
0	14
0	14
0	13
0	2
0	2
0	2
0	2
0	391
0	221
0	383
0	261
1	130
0	1267
0	1344
0	1128
0	215
3	752
0	1197
0	72
0	1266
0	1266
0	424
0	877
0	877
0	111
0	183
0	440
0	15
0	85
10	57
0	79
0	69
51	192
15	455
0	116
0	0
0	0
0	0
0	0
0	0
0	0
0	0
0	0
0	180
0	254
0	254
0	393
0	17
2	14
0	13
1	3
0	13
0	5
0	11
0	2
0	2
0	1
0	4
0	154
0	926
0	888
0	1018
0	133
0	92
0	108
0	0
0	0
0	0
0	0
0	0
0	1033
0	1009
0	80
6	216
1	418
0	1022
0	59
3	45
0	614
0	616
0	606
0	330
0	33
0	608
0	385
0	285
0	93
0	0
0	134
0	134
0	134
0	385
0	285
0	608
0	606
0	614
0	615
0	235
0	431
0	230
0	107
0	202
0	5
0	335
1	335
0	300
0	201
0	171
0	129
0	91
0	43
0	45
0	46
0	33
0	32
0	10
0	0
0	1184
0	1233
0	480
0	870
0	367
0	141
0	241
0	0
0	0
0	7
0	7
0	8
0	0
0	0
0	5
0	4
1	0
0	0
9	256
1	936
0	1063
0	584
0	394
0	640
0	0
0	0
0	2543
0	1299
0	2166
0	4003
0	2494
0	3346
0	1274
0	3444
0	3357
0	3430
1	514
0	0
0	0
0	0
0	0
0	235
0	259
0	77
0	460
0	455
0	496
0	462
0	470
7	8
0	1
0	0
0	0
0	0
0	0
0	0
0	0
0	1
0	1
0	253
0	219
0	235
0	179
0	31
0	17
0	85
1	128
0	4
0	53
7	11
0	100
0	70
1	30
0	112
0	31
0	28
4	12
0	38
0	44
0	45
0	35
0	20
0	58
0	43
0	39
0	53
0	50
0	50
0	36
0	5
1	1
1	0
0	0
0	0
0	0
0	0
0	0
0	0
0	0
0	1
0	1
0	1
0	1
0	1
0	0
0	1
0	318
0	314
0	332
0	275
0	311
0	90
0	89
0	298
0	318
0	72
0	28
0	18
0	25
0	33
0	13
0	24
0	17
0	1562
0	238
0	504
0	413
26	116
0	29
0	0
0	0
0	0
0	0
0	0
0	0
0	474
0	626
0	641
0	635
0	157
0	71
0	76
0	60
0	43
0	113
0	0
0	0
0	0
0	0
0	0
0	0
0	0
0	0
0	44
0	20
0	6
0	2
0	44
0	45
0	0
0	0
0	0
0	0
0	41
0	11
0	32
0	1
0	26
0	18
6	30
0	7
0	174
0	49
0	32
0	134
0	16
0	16
0	2
0	3
0	5
0	254
0	199
0	12
0	0
0	171
0	154
0	62
0	82
0	105
0	58
0	54
0	5
0	87
0	52
0	31
0	161
0	449
0	460
0	423
0	52
0	80
0	48
0	70
0	52
0	140
0	38
0	66
0	3
0	455
0	0
0	0
0	0
0	0
0	0
0	0
1	40
0	90
0	56
0	0
0	0
0	0
0	0
0	0
0	0
0	0
0	0
0	0
0	0
0	0
0	0
0	0
0	0
0	132
0	315
0	315
0	653
0	3131
0	3125
0	3227
0	307
0	518
0	1856
0	259
0	346
0	415
0	1457
0	734
0	612
0	599
0	3241
0	2695
0	0
0	24
0	246
0	0
0	0
0	0
0	0
0	0
0	213
0	208
0	52
0	123
0	47
0	64
0	195
0	91
0	628
0	607
0	610
0	7
0	6
0	7
0	6
0	6
0	7
0	1
0	205
0	103
0	110
0	190
1	10
0	14
0	19
0	76
9	152
1	25
0	181
0	1202
0	1272
0	1211
0	1203
0	1028
0	1203
0	1202
0	34
0	4
0	4
0	34
0	1
0	4
0	3
0	2
0	1
0	6
0	5
0	5
0	5
8	4
0	4
0	4
0	5
0	712
0	741
0	185
0	1
0	1
0	934
14	921
8	700
4	479
0	763
3	192
4	106
27	60
0	56
5	20
1	53
0	86
0	88
0	37
1	58
6	25
6	53
0	377
1	209
1	210
0	204
0	107
0	92
0	9
1	28
4	8
2	1
0	62
0	60
0	406
0	612
0	606
0	2
0	71
2	8
0	3
0	6
0	784
0	1006
0	443
0	247
0	394
0	362
0	131
0	350
0	368
1	263
0	221
0	96
0	368
0	2380
0	133
2	299
0	1
0	1
0	1
0	1
0	1
0	1
0	1
0	1
0	1
0	1
0	1
0	1
0	41
0	35
0	8
0	5
0	39
0	17
0	6
0	0
0	6
0	18
0	600
0	625
0	517
1	111
0	125
0	69
4	24
0	88
0	48
0	153
0	139
0	790
0	737
0	331
0	149
0	253
0	299
0	227
0	410
0	526
5	522
0	132
4	136
0	624
0	134
1	316
1	239
0	172
1	123
0	80
0	280
1	113
1	35
0	35
4	57
0	4
0	4
0	1
0	0
0	0
0	0
0	0
0	0
0	0
0	0
0	0
0	143
0	168
0	124
0	86
0	140
0	140
0	461
0	578
0	183
0	181
3	75
6	124
0	123
0	11
0	0
0	2
0	0
0	0
0	0
0	164
0	1507
0	1309
0	122
1	127
1	1095
0	235
0	196
0	251
0	196
0	293
0	291
0	70
0	117
0	83
0	28
0	53
0	80
0	35
60	66
0	53
0	2
0	834
0	156
1	74
0	140
0	0
0	0
0	70
2	17
24	18
0	56
1	1
0	42
0	51
2	53
0	30
0	37
2	26
2	25
0	50
0	2
0	1403
0	1011
0	135
0	410
0	450
0	237
0	645
11	396
4	484
0	563
0	154
6	134
25	241
1	84
1	293
0	160
0	222
0	224
0	72
0	89
0	77
0	75
0	26
0	15
0	80
0	160
0	0
0	0
0	0
0	0
0	0
0	0
0	0
0	0
0	0
0	0
0	0
0	0
6	636
0	673
0	390
0	390
0	639
0	239
0	661
0	369
0	67
0	673
0	531
0	494
5	246
2	346
0	348
0	29
0	294
0	17
0	10
0	14
0	16
0	32
1	7
0	70
0	25
1	4
0	4
0	4
0	4
0	0
0	4
0	20
0	16
0	2
0	2
0	2
0	4
0	11
0	14
0	1
1	639
0	53
2	555
1	443
5	421
0	358
0	639
0	21
0	8
0	8
0	3
0	21
0	7
0	1
2	9
0	10
0	10
0	232
0	0
0	0
0	0
0	238
0	459
0	68
0	24
0	236
0	574
0	3053
0	1457
0	0
0	153
0	190
0	764
0	3652
0	3469
0	2448
0	0
0	0
0	0
0	0
0	0
0	136
0	1258
28	173
2	23
8	33
4	72
4	110
2	21
8	470
8	321
0	39
0	0
0	0
0	0
0	0
0	171
0	105
0	154
0	5
0	689
0	435
0	107
0	79
0	7
0	65
0	683
0	27
0	55
0	0
0	0
1	0
0	0
0	0
0	0
0	0
0	0
0	0
0	0
0	351
0	397
14	88
7	21
0	49
0	133
1	325
0	14
0	209
37	328
0	113
0	58
0	154
0	62
0	643
0	623
0	48
15	61
20	63
0	219
0	200
1	91
0	0
0	0
0	0
0	0
0	0
0	0
0	0
0	0
0	0
0	0
0	0
0	0
0	0
0	1
0	0
0	325
0	325
0	312
0	271
0	325
0	99
0	99
1	275
0	325
0	99
0	83
0	819
3	74
0	76
0	68
0	60
1	105
0	250
0	550
0	81
0	61
0	483
0	1
0	72
0	93
0	103
0	113
0	84
0	67
0	109
0	102
0	59
0	1
0	587
0	56
0	80
0	173
0	457
0	37
0	200
0	401
0	37
0	144
0	0
0	196
1	171
0	150
3	62
0	35
0	84
0	83
0	25
0	51
0	51
0	60
0	68
0	24
0	6
0	2
0	84
0	36
0	36
0	17
0	18
0	66
0	42
0	46
0	0
0	0
0	0
0	0
0	0
0	0
0	0
0	0
0	0
0	0
0	0
0	0
0	0
0	4
0	4
0	4
0	0
0	1137
0	585
0	193
0	346
0	247
0	459
0	0
0	508
0	346
0	512
0	576
0	32
0	72
0	223
0	223
0	0
0	241
0	286
1	284
0	286
24	296
0	81
5	93
0	62
0	60
2	51
1	40
1	27
0	508
1	180
0	490
0	481
0	111
0	85
0	69
0	68
0	77
0	66
2	61
0	26
0	14
0	16
0	21
0	19
0	5
0	4
0	19
0	6
0	14
0	1
0	16
0	2747
0	110
0	2502
0	2390
0	174
0	254
0	165
0	34
0	209
0	275
0	310
1	465
1	395
0	513
1	12
0	74
1	51
0	10
0	12
0	8
0	61
0	45
0	1147
24	30
15	526
1	645
0	164
12	423
0	93
10	155
2	263
0	0
0	0
0	0
0	3131
0	1457
0	797
0	599
0	44
0	6
0	2
0	0
0	0
25	1378
1	114
0	191
2	39
4	91
1	3
0	1035
0	290
0	153
0	159
0	117
1	126
0	78
0	73
2	78
0	0
0	0
0	0
0	0
0	0
0	0
0	106
0	2
0	1
0	0
0	62
0	56
0	60
0	57
0	8
2	22
0	0
0	0
0	0
0	0
0	0
0	0
0	0
0	0
0	0
0	4
0	1
0	3
0	1
0	0
1	0
0	225
0	7
0	2
0	2
0	2
0	0
0	0
0	0
0	0
0	0
0	0
0	0
0	0
0	156
0	0
0	0
0	1
0	1
0	1
172	1720
1	277
0	133
0	1770
0	1307
0	1671
0	250
0	424
0	1022
0	1523
0	1624
0	3
0	0
7	127
0	745
3	63
2	34
0	0
0	0
0	146
0	174
0	184
0	199
0	200
0	200
0	198
0	200
0	200
0	26
0	16
0	25
0	16
2	875
1	815
0	798
0	720
0	620
0	466
0	344
0	283
0	337
0	194
0	217
0	0
0	0
0	0
0	447
0	65
0	98
0	104
0	46
0	33
0	37
0	56
0	38
0	42
0	26
0	61
2	72
0	66
0	38
0	0
0	3167
0	173
0	188
0	349
0	422
0	149
0	153
0	95
0	38
0	75
0	88
0	18
0	860
0	585
0	4
0	4
0	0
0	3
0	3
0	0
0	0
0	0
0	2
0	0
0	1
0	105
0	5
0	1
0	1
0	0
0	0
0	0
0	0
0	84
0	0
0	0
0	0
0	0
0	0
0	0
0	0
0	0
0	0
0	0
0	0
0	0
0	0
0	156
0	183
0	557
0	548
1	2208
0	2135
0	866
0	473
0	318
4	46
1	141
0	1
0	1562
0	413
0	0
0	461
0	456
0	498
0	463
0	471
0	36
0	36
0	66
0	23
0	0
0	0
0	0
0	0
0	0
0	0
0	0
0	0
0	0
0	0
0	3
0	171
0	167
0	171
0	173
0	179
0	96
0	98
0	96
0	67
0	55
0	0
0	0
0	0
0	0
0	0
0	0
0	0
0	0
0	0
0	0
0	0
0	0
0	0
0	0
0	0
0	0
0	0
0	0
0	0
0	2544
12	2268
0	4107
0	8550
0	3760
4	520
0	1786
0	255
0	1355
0	1333
0	6365
0	1563
0	1214
0	1200
0	1134
0	235
0	353
0	0
0	0
0	0
0	0
0	0
0	0
0	91
0	140
0	143
0	149
0	45
0	32
0	61
0	135
0	99
0	115
0	223
0	257
0	97
0	62
0	13
0	0
1	0
0	0
0	0
0	0
0	0
0	0
0	0
251	77
2	76
1	25
1	8
0	0
0	0
0	0
0	73
0	76
0	73
0	71
1	71
0	72
0	5
0	4
0	66
0	0
0	0
0	0
0	171
0	167
0	171
0	173
0	179
0	96
0	67
0	0
0	0
0	0
1	255
0	540
0	587
0	4
0	4
0	1
0	115
0	107
0	130
1	133
6	138
0	20
8	3
8	22
0	18
0	37
0	37
0	37
0	37
0	6
0	0
0	0
0	57
0	0
0	0
0	0
0	0
0	0
0	0
0	0
0	931
0	929
3	69
0	344
0	117
0	0
0	191
0	171
0	138
0	349
0	31
0	831
0	616
0	385
0	25
0	26
0	27
0	21
0	21
3	477
3	459
2	464
0	3
0	0
0	0
0	0
0	0
0	0
0	0
0	0
0	0
0	0
0	0
2	221
14	218
0	155
0	106
0	9
1	78
0	29
0	14
0	11
0	282
0	233
0	111
0	108
0	0
0	931
0	1
0	703
0	642
0	586
0	576
0	510
4	35
6	369
0	243
0	42
4	183
0	100
0	17
0	30
0	424
0	572
0	673
0	638
0	0
0	0
0	0
0	0
0	0
0	0
0	0
0	0
0	0
0	494
0	74
0	141
0	27
0	27
0	0
0	0
0	0
0	0
0	21
0	1
0	1
1	3
0	2
0	4
0	4
0	0
0	390
0	369
0	484
0	239
0	69
0	478
0	4680
0	9481
0	5061
0	5630
0	1825
0	2342
0	7985
0	2490
0	2342
0	2662
0	2596
0	1020
0	1273
0	1406
0	817
0	1355
0	1160
0	8
0	0
0	0
0	111
0	50
0	10
0	12
0	8
0	25
0	263
0	14
0	240
0	320
0	316
0	18
0	320
0	35
2	318
0	36
0	320
0	318
0	40
0	18
0	35
3	17
0	58
0	556
0	547
0	132
0	0
0	0
0	0
0	0
0	0
0	0
0	0
0	0
0	0
0	0
0	1266
0	1343
0	1127
0	1196
0	1137
0	1265
0	1265
0	931
0	424
0	699
0	26
0	538
0	174
0	488
0	532
0	494
0	228
0	262
0	179
0	59
0	16
0	125
0	519
0	29
0	516
0	167
0	427
0	77
0	60
0	557
0	162
0	287
0	190
0	179
0	203
0	178
0	512
0	22
0	58
0	78
0	85
0	121
0	201
0	55
0	54
0	40
1	112
1	23
0	80
0	39
0	44
0	41
0	6
0	39
0	0
0	0
0	192
0	265
0	594
0	1118
0	1142
0	1079
0	1050
0	1112
0	1191
0	568
0	445
0	628
0	335
0	0
0	2543
0	4672
0	9393
0	5052
0	5621
0	5608
0	520
0	254
0	1824
0	7864
0	2482
0	2334
0	2654
0	2588
0	1007
0	1265
0	1400
0	813
0	1160
1	310
0	207
0	81
0	46
5	28
0	89
0	60
0	0
0	0
0	0
0	0
0	0
0	0
0	0
0	0
0	0
0	14
0	14
0	13
0	0
0	0
0	0
0	0
0	0
0	0
0	0
0	0
0	0
0	0
0	0
0	0
0	0
0	0
0	0
0	0
0	506
0	598
0	559
0	509
0	509
0	514
0	0
0	0
0	0
0	0
0	0
0	0
0	0
0	0
0	0
0	209
0	24
0	28
0	15
0	208
0	16
0	128
0	142
0	7506
0	787
0	7555
0	57
0	304
27	280
1	279
0	332
0	50
0	125
0	644
0	835
0	484
0	387
0	3432
0	1063
35	0
0	487
4	313
3	615
2	1809
1	2983
0	3274
2	1053
79	545
2	1128
0	4
0	2
0	734
0	802
0	784
0	777
0	796
0	58
0	89
0	41
0	153
0	68
0	17
0	249
0	269
0	242
5	30
0	142
0	114
0	59
0	120
1	92
0	0
0	0
0	0
0	27
3	24
0	0
0	0
0	0
0	0
0	0
0	0
0	0
0	0
0	0
0	296
0	44
0	0
0	10
0	2
0	10
0	0
0	0
0	0
0	0
0	0
0	0
0	0
0	0
0	25
0	23
0	3
0	3
0	0
0	0
0	0
0	0
0	0
0	0
0	0
0	0
0	0
0	0
0	0
0	0
0	0
0	0
0	0
0	0
0	0
0	0
0	0
0	0
0	213
0	191
0	1002
0	94
0	931
0	699
0	0
0	0
0	129
0	111
0	49
1	32
11	40
0	201
2	77
1	82
0	0
0	0
0	0
0	0
0	713
0	46
0	28
0	0
0	2
0	5
0	3
0	0
0	2
0	1
1	1
0	0
0	630
0	30
1	28
0	42
0	2
0	616
0	31
4	237
7	65
0	501
2	15
0	15
0	14
2	8
0	0
0	1
0	1
0	0
0	0
0	0
0	784
0	368
0	96
0	358
0	306
0	304
0	76
0	243
0	305
0	159
0	85
0	503
0	0
0	55
0	480
0	204
0	124
0	131
0	16
0	3
0	0
0	0
0	0
0	0
0	0
0	101
0	228
0	253
0	260
0	270
0	262
0	278
0	179
0	283
0	278
0	148
0	112
0	120
0	101
0	1039
0	578
1	706
15	526
1	445
5	173
0	317
0	313
0	332
0	274
0	310
0	89
0	88
0	71
0	317
0	228
0	0
0	0
0	0
0	0
0	0
0	0
0	0
0	707
0	736
0	498
0	0
0	0
0	0
0	1
0	0
1	1
0	0
0	0
0	0
0	0
0	10
0	10
0	0
0	0
0	4
0	4
0	4
0	0
0	0
0	4
0	1
0	1
0	0
0	469
0	132
0	96
0	44
0	24
0	325
0	278
0	129
0	50
0	144
0	457
0	466
0	232
0	0
0	0
0	0
0	0
0	0
0	0
0	0
0	0
0	0
0	222
0	260
0	262
0	248
0	225
0	146
0	252
0	50
0	44
0	229
0	106
0	122
0	248
0	286
0	0
0	0
0	0
129	866
0	862
0	30
0	46
1	23
0	196
0	2
0	0
0	2
0	0
0	0
0	0
0	0
0	0
0	0
0	2
0	2
0	2
0	0
0	1
0	0
0	1
0	1
0	0
0	1
0	1
0	1
0	1
0	1
0	1
0	1
0	1
0	1
0	1
0	1
0	1
0	1
0	1
0	1
0	0
0	0
0	0
0	0
0	127
0	53
0	140
0	95
0	100
0	128
0	142
0	133
0	90
0	218
11	55
0	105
1	79
6	70
0	16
0	2
0	2
0	16
0	0
0	16
0	2
0	2
0	10
0	14
0	10
0	11
0	7
0	4
126	725
3	691
0	40
0	447
0	27
0	20
0	11
0	154
0	62
0	7521
0	791
0	7570
0	57
0	1
0	1
0	0
0	1
0	1
0	1
0	1
0	38
0	4
0	36
0	0
0	0
0	0
0	5
0	0
0	0
0	0
0	0
0	0
0	0
0	0
0	0
0	0
0	31
0	162
49	448
2	202
3	171
0	320
0	9960
0	5053
0	5621
0	5607
0	1820
0	7880
0	2482
0	2334
0	1355
0	170
0	166
0	170
0	172
0	178
0	95
0	97
0	95
0	66
0	54
22	197
0	181
1	134
0	18
0	188
0	24
0	24
0	25
0	182
0	25
75	64
0	45
0	39
0	34
0	193
0	93
0	54
0	0
346	646
0	599
1	71
0	70
1	54
0	10
0	108
0	108
0	108
0	13
0	109
0	3
1	110
0	4
0	133
837	168
0	99
0	674
5	674
0	279
0	503
0	154
0	331
3	98
0	481
0	132
0	44
0	25
1	338
0	290
0	129
0	50
0	146
0	469
0	478
0	0
0	2
0	0
0	0
0	0
0	0
0	0
0	0
0	0
0	0
0	0
0	0
0	0
0	0
0	0
0	6307
0	6283
0	5637
0	6099
0	5060
0	4704
0	2
0	0
0	2
0	0
0	0
0	643
0	623
0	219
0	200
3	62
0	23
11	43
0	47
3	11
0	14
66	3
0	19
12	40
7	7
0	1
0	1
0	4
0	5
0	4
0	5
0	0
0	0
0	1
0	0
0	0
0	4
0	4
0	4
0	0
0	0
353	81
1	26
0	8
0	160
0	28
0	0
0	8
0	8
0	8
0	8
0	8
0	8
0	8
0	8
0	0
1	2447
1	1394
578	2884
9	2264
0	1343
0	2
0	2
0	239
0	485
0	479
99	127
3	127
1	65
1	244
4	88
2	135
3	155
0	192
2	220
0	171
0	116
2	147
1	191
16	172
23	138
3	5
0	550
0	61
0	483
0	72
0	103
0	0
0	0
0	0
0	0
0	0
0	0
0	5
0	0
0	4
1	16
0	29
88	74
0	30
1	13
0	0
0	0
0	1
0	25
0	146
1	0
0	0
0	0
0	0
0	0
0	0
0	0
91	6
0	6
0	423
0	4
0	1
0	364
0	0
1	1242
0	760
0	338
0	1156
6	1193
0	513
0	836
2	41
0	20
3	530
0	499
4	116
0	119
0	116
0	83
0	89
2	75
0	84
0	83
0	41
0	39
0	29
0	15
0	10
0	10
0	0
0	474
0	44
0	24
0	331
0	283
0	145
0	471
0	462
0	881
0	879
5	83
0	284
0	365
0	498
4	343
0	881
0	53
0	128
0	83
0	14
0	26
0	82
0	37
0	50
0	13
0	51
0	60
0	68
0	24
0	6
0	2
0	83
2	224
0	224
8	247
0	499
1	157
4	134
1	81
0	154
0	165
0	124
0	0
0	461
0	461
0	10
0	30
0	10
0	18
0	6
14	701
1	701
0	94
0	95
0	39
0	158
0	94
0	95
0	160
0	44
0	1
0	712
0	741
0	501
0	285
23	163
0	40
231	82
0	82
0	3
0	14
0	14
0	2
0	2
0	2
0	2
0	0
0	0
0	0
229	129
0	76
1	13
1	38
1	6
0	475
0	626
0	642
0	635
0	157
0	60
0	43
0	286
0	758
0	745
0	730
0	815
0	685
8	397
2	420
0	437
1	96
2	118
0	42
0	22
0	0
0	0
0	0
0	0
0	0
0	0
0	0
0	166
0	166
0	128
0	9
1	9
1	9
1	9
0	1
0	1
0	1
0	1
0	1
0	1
0	1
0	1
0	1
0	1
0	1
0	1
0	0
0	1
0	1
0	1
0	1
0	1
0	1
0	1
0	1
0	1
0	1
0	1
0	0
0	0
0	1
0	546
0	550
0	565
0	517
0	560
0	536
0	95
0	180
0	16
0	134
0	34
0	329
0	466
0	559
0	537
0	61
0	0
113	32
1	4
0	28
0	0
0	0
0	67
15	279
0	217
0	74
16	154
0	140
0	567
0	181
0	265
0	63
0	191
0	134
0	131
0	0
0	0
0	0
0	0
0	365
4	360
10	324
0	326
0	14
6	29
0	38
0	53
0	59
0	0
154	4795
4	4554
1	4278
93	2853
0	3275
7	1687
10	693
1	367
0	0
0	144
0	145
0	142
0	130
0	15
0	147
0	42
0	37
0	0
0	0
0	0
0	44633
0	1
0	152
0	139
0	186
0	133
0	131
0	61
0	89
0	154
0	385
0	0
0	100
0	0
0	0
3	7
1	3
0	0
0	0
0	0
0	0
0	0
0	0
0	0
38	0
0	0
0	0
0	66
0	57
0	16
0	25
0	20
0	29
0	43
0	58
0	0
0	0
0	0
0	0
0	0
0	1
0	812
0	772
0	606
0	643
0	728
0	476
0	439
0	462
0	812
0	469
1	4
0	206
0	192
1	3
33	226
11	99
0	44
0	7502
0	7551
0	57
0	279
0	330
0	122
0	641
0	831
0	480
0	387
0	44
0	0
0	0
0	0
0	1390
5	232
0	1286
1	1258
0	1268
10	929
0	90
4	91
0	1203
0	0
0	0
0	282
0	232
0	111
430	183
6	183
0	1
0	1
0	1
0	1
0	1
0	1
0	1
0	1
0	1
0	1
0	1
0	1
0	784
0	230
8	222
0	557
0	549
0	90
0	87
0	63
0	61
0	55
0	22
1	1
0	1
0	0
0	470
0	24
0	327
0	279
0	50
0	145
0	458
0	467
0	119
0	72
0	590
0	647
0	280
0	70
0	147
0	123
1	168
2	72
1	18
0	10265
4	6729
110	9257
2	5672
6	9994
20	4726
0	6428
3	8402
23	1505
0	0
0	0
0	0
99	46
0	0
382	172
0	105
0	7
0	56
25	145
685	109
1	109
0	12
0	99
0	98
4	70
0	74
6	0
0	224
0	248
0	77
0	228
0	270
1	26
0	0
0	0
0	0
132	59
3	60
3	19
2	105
0	4
0	44
0	45
3	35
0	41
0	44
0	45
0	41
0	41
0	35
0	13
0	12
0	1
0	0
0	0
0	0
11	317
0	134
0	16
0	3
0	3
0	5
0	62
0	327
0	0
0	0
0	2
0	7
0	0
0	7
1	6
0	1
0	7
0	7
0	3
0	0
0	7
0	58
0	49
0	8
0	17
0	12
0	21
0	35
0	50
0	1285
0	1379
0	1375
0	1409
0	558
0	144
0	263
0	244
0	154
0	0
5	124
0	123
0	115
0	121
0	27
0	28
0	20
0	43354
0	42118
187	62
0	62
0	41
0	10
0	106
0	418
2	407
0	17
0	21
1	252
26	294
0	283
0	282
0	194
0	146
0	165
1	143
1	146
0	134
0	13
0	28
0	37
0	5
1	10
14	39
1	8
1	20
0	19
0	0
6	217
0	0
0	0
0	0
0	352
1	0
0	0
0	0
0	0
0	0
0	0
0	0
0	0
0	0
0	0
0	0
0	0
0	0
0	0
0	0
0	0
1	40
0	41
0	23
0	21
0	26
0	10
0	6
0	3
0	1
0	1
0	40
0	40
0	2
0	2
0	2
0	2
0	1
0	0
0	0
0	0
0	1
1	1558
0	3
22	197
5	194
0	0
1	0
0	0
0	0
0	0
0	7
0	1
2	8
0	6
0	0
0	6
0	1
0	0
0	0
0	0
0	0
0	0
0	0
0	0
0	0
0	41
0	6
0	9
0	10
0	9
0	3
0	1
0	36
0	0
0	5
0	5
0	5
0	301
21	431
0	116
0	111
0	144
0	118
446	17
0	17
1	21
0	37
0	61
0	56
2	13
0	25
0	31
1	5
5	13
0	9
1	33
0	3
7	56
252	60
0	19
0	28
0	0
0	0
0	0
0	0
0	0
0	0
0	0
0	0
0	0
0	0
0	0
0	1
0	0
0	1
0	0
0	0
0	1
0	0
0	0
0	0
0	0
0	0
0	1002
0	699
0	4
3	4
0	0
0	0
0	0
1	55
6	86
0	84
1	49
0	83
0	83
0	22
0	41
0	27
0	1574
0	238
0	504
264	42
0	33
0	22
0	3
0	3
0	3
0	3
0	3
0	0
0	0
0	0
0	0
0	0
0	0
0	0
0	0
0	0
0	0
0	0
0	0
0	0
0	0
0	0
0	3
0	0
0	0
0	35
0	35
0	17
0	18
0	65
0	42
0	46
0	600
0	0
685	16
0	16
0	6
0	104
23	549
0	78
0	544
0	44
0	6
0	2
0	44
0	45
0	1574
0	504
0	413
3	4
0	711
1	4706
0	4860
0	4627
1	2496
11	4694
0	3156
0	2885
0	1411
1	860
0	1397
0	137
0	390
0	369
0	484
0	478
0	222
0	0
4	0
0	11
0	17
1	5
1	1
0	1
2	0
0	16
0	1
0	1
0	0
0	0
0	0
0	0
0	0
0	0
0	0
0	0
0	0
1	0
0	0
0	0
11	800
0	814
3	795
12	791
2	87
16	131
0	41
0	6
0	9
0	10
0	9
0	39
0	156
0	131
10	120
0	115
4	126
0	31
0	167
0	229
0	231
0	92
0	77
0	15
0	83
0	223
0	257
0	62
0	13
0	0
32	240
5	240
1	10
0	10
0	1
0	1
0	1
0	1
0	184
0	0
0	0
0	401
5	85
8	235
5	365
0	390
0	412
3	218
7	26
2	150
4	82
1	151
1	30
0	46
2	51
1	0
4	19
2	6
0	0
0	373
0	409
0	183
0	0
0	0
0	7399
0	7448
0	125
0	528
0	833
0	483
0	130
0	183
0	98
0	45
0	123
1	108
0	32
2	18
1	7
1	27
0	16
0	1
0	9326
0	9118
0	473
0	53
0	128
0	6
0	23
0	24
0	33
0	27
0	0
0	0
0	0
0	0
0	63
0	25
0	20
0	30
0	138
0	141
0	143
0	10
0	146
0	9
0	6
1	0
1	458
0	522
0	635
0	558
0	466
1	230
1	337
0	479
4	491
0	376
5	187
0	83
0	23078
0	20885
0	20889
0	20915
0	132
0	130
5	129
0	27
0	13
631	43
5	43
0	1
19	1152
3	699
38	453
0	0
0	0
0	0
0	0
0	298
0	170
0	105
0	58
0	5
0	1
0	1
0	1
0	1
0	1
0	0
0	1
0	0
0	185
24	184
0	186
4	186
0	186
19	123
0	164
0	161
0	16
0	4
1	50
0	3
0	4
0	4
4	107
0	2
3	1
0	7
0	7
9	41
0	161
0	17
0	0
0	0
0	0
0	0
0	0
0	0
0	0
0	0
0	0
0	0
0	0
0	0
68	9
0	9
0	0
0	0
0	38
0	4
0	36
0	0
0	0
0	0
0	0
0	0
0	0
0	0
0	0
0	0
0	0
0	0
0	0
0	0
0	0
0	0
0	0
0	0
0	0
0	2392
0	2367
0	2381
2	2305
0	95
22	377
157	1119
0	431
14	146
0	317
0	597
0	534
2	449
21	93
1	278
0	266
3	529
2	67
0	525
1	514
2	39
0	535
0	13
0	8
0	111
2	104
0	38
0	120
0	13
0	22
0	17
684	158
4	125
0	35
0	3
0	60
0	39
0	76
0	14
0	25
0	22
0	40
0	42
0	3
3	106
0	4
1	58
0	101
0	89
0	626
0	885
0	437
0	327
0	293
0	107
0	282
0	251
0	233
0	154
0	10
0	1130
1	915
2	293
5	572
0	981
0	689
0	789
0	105
0	728
0	997
0	533
0	479
0	11
0	17
0	2
0	13
0	3
0	106
0	52
0	33
0	162
0	470
0	481
0	433
0	71
0	86
0	89
0	148
0	39
0	67
0	3
0	476
0	54
0	217
0	160
0	148
0	1
0	55
0	11
1	4
0	196
0	382
0	361
0	96
5	735
33	673
0	434
0	233
0	94
0	53
0	42
0	0
0	62
0	61
1	23
0	16
1	24
4	14
14	19
0	10
0	0
0	8690
0	0
0	0
0	136
0	3
0	42
34	42
0	7
0	395
0	326
0	407
0	338
0	7
0	58
0	59
0	153
0	155
0	221
0	230
0	69
0	76
0	25
0	9
2	0
0	0
0	0
0	0
0	0
0	33
0	128
0	249
0	0
0	0
0	0
0	0
0	601
0	626
0	518
0	125
0	88
0	50
0	154
0	140
0	112
0	113
0	12
0	107
0	110
0	105
0	19
0	117
0	28
0	35
0	13
0	13
0	13
0	8
2	10
0	3
0	29
3	8
0	10
2	8
0	20
0	7
0	10
0	4
0	28
0	10
0	29
0	5
6	2
0	6
0	12
0	29
591	1
0	0
0	0
507	228
12	199
2	29
28	780
0	731
0	122
9	828
0	550
0	117
0	0
8	456
1	1045
6	996
0	977
33	504
13	33
2	242
518	0
0	659
0	10
0	10
0	0
0	0
0	0
2027	0
0	53
0	799
0	225
3	56
1	40
1	27
1	5
0	46
0	66
0	93
0	46
0	776
0	832
1	813
0	14
14	1135
0	1072
349	1243
0	25
1	112
1	588
0	36
0	36
0	66
0	644
0	786
13	295
0	295
0	289
0	0
0	0
0	0
0	0
0	0
0	0
0	0
0	0
0	0
1	0
0	9398
0	5052
0	5621
0	1824
0	7892
0	8
0	8
0	5
7	456
4	382
2	84
1	61
0	0
0	71
0	72
1	162
0	0
0	0
0	0
0	0
0	0
0	0
0	0
0	0
0	0
0	0
0	0
0	0
0	0
0	0
0	0
0	0
0	0
0	0
0	0
11	0
28	51
0	51
0	608
1	739
13	1746
3	4114
0	4284
0	4112
0	369
1	428
0	1752
1	960
7	1042
2	493
3	3918
0	740
0	742
14	750
0	54
0	25
0	21
0	1
0	21
32	204
0	193
0	8
1	13
0	16
0	10
0	10
0	24
13	60
0	23
0	3
0	249
0	225
4	11
9	15
4	15
1	0
0	2
0	530
1	26
0	425
0	95
0	351
0	86
0	114
0	514
0	521
0	195
0	150
0	123
0	167
0	144
0	110
0	190
0	190
0	315
0	193
0	0
0	72
0	1469
0	173
0	1559
0	1433
1	432
0	113
0	1468
0	135
0	1469
0	0
0	0
0	141
0	151
0	274
0	273
0	273
0	245
0	273
0	273
0	132
0	122
0	131
0	124
0	131
0	54
5	332
0	341
0	320
0	260
2	274
2	48
0	90
2	71
0	108
0	59
0	0
0	0
0	0
0	438
0	377
0	287
0	282
1	12
0	0
0	0
0	0
0	4
0	2
0	0
0	5
0	2
0	6
0	8
0	8
0	6
0	4
0	7
1	4
0	0
0	0
0	0
0	0
0	2
0	0
0	0
0	22
0	23
0	10
0	5
0	12
0	21
0	4
0	171
0	0
0	0
0	0
0	0
0	0
0	0
0	522
0	1000
0	113
0	1
0	1
0	2
0	0
0	2
0	0
0	2
0	463
6	170
0	404
0	426
0	285
3	389
0	41
0	214
0	165
1	738
2	192
0	630
1	184
0	189
6	644
4	385
1	319
0	3
0	0
0	0
0	0
0	0
0	0
0	0
205	1696
8	649
0	966
0	582
0	547
0	140
0	198
0	8
0	49
0	72
0	14
0	77
1	55
0	101
2	88
2	494
0	60
1	44
0	40
0	0
0	475
0	626
0	642
0	635
0	157
0	71
0	76
0	60
8	2540
0	3049
1	1678
0	2129
0	2469
0	2359
0	1961
0	979
23	1033
0	1026
0	876
0	1018
0	1018
0	37
1	48
0	278
0	161
0	1018
0	0
0	0
0	0
0	128
0	44
0	45
0	44
205	19
0	19
0	2
0	2
0	4
0	3
0	751
0	19
331	0
17	1195
4	1110
1	1020
3	1089
0	609
7	160
0	3
0	3
0	3
0	5
0	3
0	2334
0	2072
0	2198
0	2336
0	1829
0	1727
0	320
0	1513
0	962
1	276
1	218
0	569
0	269
0	36
0	118
0	23
0	2147
0	329
2	351
0	241
0	241
17	19
0	1102
0	0
0	6
0	5
0	2
0	87
0	6
23	86
0	80
0	1
0	4
0	567
0	63
0	191
0	1
0	2
0	2
0	1
0	2
0	26
4	26
0	33
0	34
0	28
0	33
0	28
0	29
0	23
0	10
0	8
0	15
0	0
0	0
0	0
0	0
0	0
0	100
1	146
0	146
0	77
1	23
0	31
1	25
3	25
1	19
9	217
0	4
3	217
0	243
0	250
0	233
0	38
0	91
0	56
0	47
0	6
0	15
0	10
0	19
0	33
0	48
0	0
0	0
0	0
0	0
0	0
63	238
1	101
0	198
0	184
0	189
0	129
0	71
0	59
4	74
0	76
0	66
0	0
0	0
0	3
3	3
0	0
1	0
0	202
0	109
0	219
1	146
0	110
9	80
0	0
0	10
0	0
0	10
0	157
0	219
0	221
0	72
0	89
0	77
0	75
0	26
0	15
0	205
0	16
0	40
31	367
42	437
0	52
1	27
0	40
0	10
0	5
1	18
0	2
0	16
0	349
5	350
2	157
0	6
2	174
0	181
24	28
1	53
0	49
1	151
0	152
0	5
0	16
0	20
0	6
0	9
0	0
0	14
0	0
0	0
0	0
0	0
0	14
0	15
0	11
181	9
0	9
0	170
0	166
0	170
0	172
0	178
0	0
0	0
0	0
0	0
0	122
0	166
0	139
0	141
0	139
0	85
0	8
0	8
0	8
0	0
0	91
2	0
91	19
0	19
0	10
0	1261
0	1338
0	1122
0	1191
0	1140
0	1260
0	1260
0	3131
0	1457
0	356
1	1582
7	1664
0	168
0	86
0	227
0	5
0	1689
0	1663
0	1
0	1
0	1
0	2
0	1
0	1
0	1
0	1
0	8
0	334
0	317
0	31
0	0
0	27
0	21
0	36
7	148
0	41
0	52
2	31
0	30
0	18
1	14
0	57
0	42
0	236
0	0
0	1
0	0
0	0
0	0
0	40
0	0
0	53
13	313
59	313
0	0
3	7
0	91
401	104
0	2
8	14
0	0
0	258
0	24
0	198
0	200
0	12
0	0
0	54
0	34
1	13
0	69
1	468
0	34
0	494
4	494
0	25
0	482
0	319
0	64
0	3
0	57
0	48
0	30
0	42
0	5
0	44
1	28
0	9
0	44
0	34
0	442
1	50
11	380
1	384
19	289
0	46
1	15
0	25
18	0
11	457
3	227
0	417
0	400
0	1200
0	1270
0	1209
0	1201
0	1026
0	1201
0	1200
0	0
0	3053
0	1457
0	2268
0	2410
0	937
0	387
0	1755
0	510
0	1027
0	1068
0	1018
0	493
0	1088
0	883
0	728
0	63
0	294
0	19
0	1022
0	198
0	563
0	704
0	857
0	911
0	702
0	675
0	685
0	675
0	660
0	660
0	346
0	516
0	141
0	564
113	127
4	602
0	640
0	640
0	0
0	104
28	316
0	88
0	0
0	316
322	72
0	35
25	37
2	2
4	0
0	0
151	498
0	56
1	25
3	102
0	116
17	60
0	17
0	11
7	18
0	368
0	368
1	11
28	497
0	177
0	467
0	0
0	0
0	0
0	0
0	13
43	613
6	13
0	0
0	612
2	89
0	135
5	359
0	35
0	0
0	1
0	1
0	0
0	84
0	15
0	51
0	68
0	24
0	6
0	0
231	101
4	101
3	13
0	217
0	217
0	154
0	154
0	63
0	0
0	199
0	254
0	199
32	94
1	67
9	114
0	114
0	49
0	19
0	27
0	4
0	17
1	102
0	99
0	100
0	68
0	78
2	94
0	27
9	83
0	15
0	39
0	12
0	41
0	68
0	12
0	50
0	53
0	43
1	15
1	14
0	30
0	25
0	17
1	15
0	24
0	18
0	17
3	17
0	17
1	1
1	10
0	0
0	6
0	0
0	0
0	516
0	549
0	535
0	179
0	560
0	545
0	565
0	16
0	4
0	329
0	536
0	559
0	465
0	0
0	0
0	0
0	0
0	0
0	0
0	0
0	0
0	0
0	0
0	0
0	0
3	0
1	0
3	251
0	192
0	267
0	0
0	0
1	3
0	101
0	230
0	41
0	74
0	229
0	65
0	63
0	0
1	2
0	0
0	1
3	2
0	2
0	2
0	2
0	2
1	0
0	0
0	0
0	0
0	0
0	0
0	200
0	0
0	0
0	0
0	0
0	0
0	0
0	0
0	0
0	0
0	3
0	8
0	8
0	3
0	0
0	11
0	8
0	12
0	12
151	21
0	11
0	10
0	7
0	138
0	141
0	124
0	0
0	0
226	99
0	99
2	80
2	56
1	26
0	3
0	0
0	0
0	0
0	0
0	0
0	0
0	0
0	0
5	5
14	11
0	9
0	11
0	0
0	0
0	0
0	0
0	0
0	0
0	0
728	99
0	61
0	80
0	68
0	940
0	941
0	345
0	350
0	138
0	31
0	841
0	848
0	78
0	77
0	143
0	27
0	0
0	0
0	0
0	47
0	364
0	356
0	4
0	19
4	21
1	37
0	37
0	37
0	21
0	31
0	22
142	1
0	1
0	15
16	2
0	2
1	0
0	90
1	392
0	132
0	67
0	332
0	36
0	353
0	124
0	325
0	168
0	4
1	25
0	20
0	0
2	11
0	0
0	0
0	0
0	4
0	0
0	0
82	0
2	734
0	678
0	692
2	678
6	21
0	1
0	1
0	1
0	1
0	1
0	1
0	1
0	0
0	0
270	217
2	217
0	0
0	0
0	0
0	0
0	0
426	342
0	81
5	346
0	773
122	475
0	586
14	297
4	466
1	7
1	13
0	259
18	224
0	43
0	81
0	88
0	40
0	2
0	4
0	53
0	0
0	3
0	9
0	4
0	10
0	76
0	68
0	9
0	9
0	76
0	82
0	81
0	0
0	0
0	0
0	0
0	0
0	543
0	547
0	562
0	514
0	557
0	533
0	95
0	53
0	179
0	132
0	40
0	51
0	326
0	61
0	556
0	534
0	463
2	4
0	4
0	2
1	2
0	4
0	0
0	43896
0	42660
362	0
1069	0
0	0
0	221
0	227
0	165
0	20
0	6
2	1053
13	1041
0	171
3	45
0	223
0	223
0	217
0	0
0	0
0	0
0	0
0	0
0	36
0	36
0	36
0	36
0	10
0	9
0	6
0	6
0	6
0	3
0	0
0	0
0	0
0	0
0	0
0	0
0	0
0	0
0	0
0	0
0	0
0	0
0	36
0	0
0	0
0	1
0	0
0	0
0	0
0	0
0	0
0	0
0	0
0	0
0	1
0	1
0	35
6	254
0	254
1	130
0	60
0	469
3	129
0	155
0	265
1	18
0	415
0	62
0	177
0	77
0	93
0	106
0	5
0	414
15	476
0	310
0	389
0	0
0	0
0	0
0	0
0	1
0	556
0	609
0	646
0	559
0	559
0	564
0	868
0	706
0	901
0	3
0	3
0	37
0	37
0	37
0	37
1	15
0	37
0	1
64	0
0	0
0	526
1	40
0	17
20	542
0	728
0	551
0	738
0	556
0	697
0	25
0	128
2	11
0	82
0	25
0	59
2	47
1	14
4	72
1	25
0	3
0	59
0	58
0	61
0	50
0	8
0	52
0	2
0	2
0	2
1	407
0	483
0	406
0	5622
0	5053
0	1825
0	7892
0	167
0	14
0	155
0	3
0	41
0	0
0	62
0	42
0	5
0	0
0	169
0	148
0	85
0	211
0	236
0	246
0	253
0	248
0	264
0	165
0	269
0	264
0	134
0	99
0	119
0	1
0	1
0	0
0	0
0	0
0	550
0	483
0	1
0	113
0	67
0	109
0	102
0	59
0	0
0	70
0	76
0	65
0	30
0	33
0	73
0	45
0	16
0	21
0	4
0	71
0	421
1	408
1	56
0	38
5	30
0	1
0	1
1	29
4	20
0	163
0	137
0	136
0	136
0	163
0	140
0	150
0	113
0	92
0	96
0	12
1	2
0	24
0	6
0	8
3	4
0	1178
1	487
0	62
0	519
0	0
0	0
0	1
0	1
0	0
0	0
0	0
0	0
122	0
20	500
10	313
0	70
0	40
0	509
0	501
0	21
0	167
0	92
0	203
0	75
0	87
0	30
7	110
2	1068
0	1068
0	1068
3	140
0	11
0	101
0	80
0	48
1	96
0	100
1	62
0	104
0	1065
0	1059
0	1065
0	0
0	4
0	298
0	186
0	34
0	52
0	816
0	263
0	0
0	0
1	751
0	100
37	127
2	754
0	111
0	0
0	35
0	34
0	64
0	333
49	40
0	161
0	173
0	163
6	11
0	12
0	0
0	0
0	0
0	190
223	198
1	42
2	198
0	44
0	6
0	45
0	44
0	1
0	1
0	1
0	2
0	3
0	5
0	2
0	2
58	0
17	452
0	452
5	175
3	454
3	124
0	80
6	77
0	144
4	171
0	1261
0	1173
1	1267
0	1269
0	1267
0	1267
1	1257
0	1280
1	141
0	1
0	0
0	0
0	0
0	1
0	1
0	3165
0	0
0	635
0	641
0	156
0	76
0	42
0	59
364	72
0	40
0	69
0	0
0	1
0	0
0	0
0	176
0	103
0	3086
0	8
0	0
0	45
0	56
0	0
0	66
0	102
0	25
0	66
0	84
0	2824
0	284
0	196
3	2477
0	176
0	289
0	2516
0	283
11	110
13	2053
3	259
0	173
1	222
1	249
0	3086
0	0
0	0
0	911
0	459
0	119
0	832
0	913
0	58
1	0
1	187
0	11
0	75
0	216
0	101
0	149
4	150
0	72
0	63
6	21
0	52
2	65
1	23
0	1
3	0
0	784
0	0
0	0
7	6623
0	0
0	0
0	796
0	610
0	4544
0	8033
0	887
0	192
0	8199
0	512
0	420
0	1769
0	977
0	3648
0	905
0	14
0	1044
0	618
1	649
0	377
0	458
0	272
0	12
0	24
4	272
0	3
0	1
0	18
0	184
0	22
14	164
6	141
0	55
3	18
0	48
0	15
334	813
0	795
0	582
0	473
0	543
1	497
28	78
0	46
0	275
0	162
0	138
1	120
0	70
0	85
0	59
1	50
0	21
0	12
0	14
0	23
0	5
0	1
0	15
0	20
0	0
0	4
0	0
0	31
0	4
0	7
0	7
0	5
0	4
0	2
0	1
10	30
2	32
0	14
2	14
0	3
0	0
1	11
0	0
0	0
0	0
0	0
0	0
0	429
2	415
0	348
0	61
0	21
0	10
0	43
0	54
0	78
0	2
0	171
0	212
0	46
0	47
1	39
1	44
2	170
7	201
0	37
0	0
0	0
0	0
0	0
0	0
0	0
0	0
0	0
0	0
0	0
0	1
0	0
0	1
0	0
0	0
0	1
0	0
0	0
0	0
0	0
0	0
0	601
0	626
0	518
0	125
5	5
0	2
0	2
0	0
0	0
0	0
0	0
0	0
1	0
0	1
0	1
0	0
0	2
12	98
0	41
0	0
0	0
0	0
0	0
6	0
0	0
0	0
0	0
6	186
0	272
0	844
0	561
0	394
0	91
1	22
0	173
0	567
0	827
0	537
0	12
0	97
7	127
1	97
0	104
0	114
1	38
0	11
19	29
2	2
4	49
8	371
0	100
0	288
0	276
0	270
0	1
0	268
0	206
2	3
1	149
0	903
0	38
1	95
0	5
0	2
0	3
0	2
1	2
0	1
0	3
1	4
0	0
3	164
0	643
0	623
0	192
0	131
0	196
0	251
0	196
0	489
33	709
0	719
0	523
1	317
0	188
0	286
5	67
3	273
0	173
0	189
0	150
2	101
0	284
1	41
1	158
5	168
0	97
6	143
0	75
0	30
0	44
21	0
4	0
0	1
0	1
0	0
0	0
0	0
0	0
0	0
0	0
0	0
0	0
0	0
0	1
0	0
0	9350
0	1874
0	9326
0	5649
0	9142
0	7912
0	7747
0	3035
90	999
0	211
0	401
0	73
1	524
0	91
0	19
0	7
0	6
0	6
0	0
0	6
0	6
0	6
0	0
0	0
0	3
2	262
0	1
0	28
0	8
0	263
0	6
0	26
0	57
418	106
0	106
1	95
0	85
0	1
0	1
0	161
0	225
0	72
0	91
4	227
0	247
0	340
0	186
0	226
0	226
0	196
1	227
0	277
0	273
1	194
0	84
1	51
0	80
2	68
1	50
0	135
0	98
0	80
0	63
0	263
0	0
0	0
0	0
0	0
0	0
0	0
0	0
0	0
0	5051
0	5620
0	1823
0	397
0	406
0	129
0	143
0	152
1	30
1	71
0	54
0	33
0	19
0	46
0	27
0	27
47	1164
76	120
0	111
0	68
0	75
0	128
0	94
200	322
0	135
0	163
0	116
0	94
0	21
0	133
1	83
0	66
0	49
0	24
4	20
0	40
1	25
0	22
0	14
9	12
0	4
1	1
0	533
0	65
0	65
0	71
1	81
0	74
0	78
1	75
0	68
0	63
0	30
4	29
0	11
0	11
0	744
0	723
28	580
0	654
0	431
1	83
0	735
0	0
0	0
0	0
0	0
0	0
0	0
0	0
1	86
1	87
1	1
0	1
0	0
0	0
0	0
0	77
0	72
0	103
0	90
0	65
0	56
0	103
0	0
0	7502
0	7551
0	831
0	480
25	1129
9	957
0	1061
47	903
3	863
2	1079
0	175
2	84
3	8
0	0
0	45
55	49
0	12
1	5
0	28
0	58
0	47
0	61
0	61
0	45
0	12
1	27
0	3
0	61
0	26
0	50
0	49
0	51
0	49
0	29
0	36
0	10
0	27
0	2
0	2
0	2
0	4
0	2
0	129
0	44
0	25
0	56
0	939
0	940
0	847
0	840
3	248
2	199
9	114
42	494
0	22
284	472
0	60
0	0
0	0
0	0
0	0
0	0
0	0
3	699
0	864
0	1666
0	1625
0	118
8	727
6	571
0	264
2	123
6	138
9	106
36	53
11	9
5	182
1	78
0	154
7	74
0	74
0	70
0	3
0	0
0	5
0	0
0	0
468	40
2	20
3	0
0	0
0	0
0	0
0	0
0	0
0	0
0	6
0	56
7	56
0	26
4	116
12	30
0	39
0	117
4	10
0	248
0	286
0	325
13	0
0	31
0	217
0	325
0	24
0	310
0	19
0	275
1	302
0	38
0	9
0	8
0	23
0	31
0	178
0	10
0	35
0	51
0	39
0	31
0	39
3	5
0	46
0	3
2	38
0	325
1	408
12	393
0	429
0	104
0	389
1	36
0	41
4	85
3	465
5	464
0	85
0	2
0	0
0	0
0	0
0	0
0	0
0	0
0	0
0	0
0	0
0	0
0	40
26	114
0	5
0	2
1	25
0	79
0	111
10	32
5	74
264	0
0	256
37	0
1	0
0	102
0	0
0	25
0	323
0	247
0	28
0	33
1	294
0	22
0	330
12	310
0	170
1	31
0	33
0	25
0	33
0	173
0	11
0	1
0	93
1	8
8	18
0	26
3	11
24	0
24	4
0	45
20	97
7	81
0	98
7	312
0	0
0	0
0	0
0	0
0	0
0	0
0	0
0	0
0	0
1785	0
8	448
2	448
0	369
0	23039
0	20846
0	20850
0	20876
0	10
0	9
0	0
0	0
1	3910
0	259
0	269
0	428
0	445
0	445
0	411
0	445
0	445
0	186
0	176
0	167
0	178
0	166
0	62
21	565
0	340
22	541
0	42
0	59
0	17
2	84
0	1178
0	123
0	256
0	9
0	101
0	88
0	83
0	94
0	3
0	87
2	3
0	3
0	248
0	286
3	760
3	802
1	200
0	10
0	10
0	0
0	38
0	36
0	0
0	0
16	3150
13	797
0	2977
1	2734
0	3054
0	539
0	590
0	872
0	1247
4	840
0	1043
0	742
3	652
1	654
0	648
0	202
0	100
4	99
0	3055
0	3150
0	0
0	0
0	0
0	0
0	0
2	49
0	98
0	18
0	13
0	101
0	77
0	27
0	2
0	80
0	0
744	38
7	35
0	8
0	3
0	0
0	0
0	0
0	0
0	0
0	0
0	0
0	0
0	0
0	0
0	0
0	222
0	224
0	329
0	329
0	329
0	295
0	329
0	329
0	107
0	105
0	107
0	105
0	12
0	0
0	0
0	0
0	0
0	0
0	0
0	569
31	569
0	0
0	0
0	0
0	0
0	0
0	0
0	0
0	0
0	0
0	0
0	0
0	0
0	0
0	0
0	0
0	0
0	0
0	0
0	0
0	1
0	1
0	0
2	39
0	39
0	39
1	0
0	4
2	997
32	1159
0	1556
1	1228
0	526
3	596
0	527
5	377
0	15
0	0
0	6
0	11
0	42
0	45
0	27
0	44
0	4
0	23
1	6
0	12
0	7
1	6
0	6
0	1
0	3
2	3
0	170
0	475
0	14
0	450
0	405
0	367
0	7
0	243
0	74
0	182
0	36
1	19
0	17
0	471
0	237
153	0
0	0
0	0
0	0
2	0
16	998
0	234
36	0
0	426
0	279
0	57
0	111
1	78
3	192
2	348
1	306
13	306
0	42
0	204
0	75
9	172
0	0
0	68
0	0
0	0
0	0
0	1023
0	20
0	14
0	14
0	20
4	20
0	15
0	14
0	643
0	0
0	0
0	0
0	355
0	17
0	0
0	185
0	6
0	6
0	6
0	1003
0	0
0	0
0	0
0	0
0	0
0	393
0	0
0	802
0	776
0	784
0	777
0	797
0	68
0	55
0	48
0	25
0	55
4	43
0	18
9	48
0	53
8	1032
0	333
0	0
57	0
1344	147
1	87
0	60
0	0
0	0
0	0
0	0
9	352
0	448
6	426
0	109
1	112
0	124
0	101
3	7
0	58
3	55
0	17
0	8
1	8
0	0
0	0
0	0
0	609
2	1
0	1
6	1747
13	1650
0	642
0	320
1	21
1	307
0	55
0	30
1	79
0	1
8	923
3	1060
1	528
10	523
0	800
0	523
0	1169
3	1055
5	426
0	517
0	784
32	811
15	23
22	447
0	0
0	0
0	0
0	0
0	239
0	485
0	69
0	24
0	479
0	0
0	0
0	0
0	0
0	11
0	10
12	19
0	0
0	17
1	12
0	2
0	5
0	145
0	6
1	583
1	205
0	25
0	5
0	579
0	466
0	1
0	1
0	0
452	0
619	117
0	117
0	439
0	18
0	162
0	23
0	14
3	182
0	185
0	189
0	106
0	159
1	4
0	38
0	49
0	25
0	34
0	30
0	10
0	3
1	17
0	12
0	464
18	608
22	620
0	1148
0	90
1	39
3	16
33	71
2	1
1	1148
0	44
0	45
0	44
3	0
8	26
0	21
3	26
0	8
0	3
1	4
0	1
0	0
1	447
12	454
4	26
2	22
0	26
0	64
25	0
0	1471
0	1404
0	817
0	318
0	1206
0	65
0	1471
0	1045
0	2546
0	1323
0	108
0	867
0	415
0	199
32	52
0	1114
3	409
4	138
0	38
0	37
0	35
0	2
0	1
0	36
0	740
0	0
0	0
246	4
0	0
0	4
0	3
0	0
26	5
1	5
1	1
0	0
0	0
0	43
0	49
2	971
2	976
0	89
0	513
0	365
0	2
143	119
0	61
1	1
2	0
1	36
0	33
11	0
0	0
0	0
0	3
0	3
0	3
0	5
0	467
0	467
0	3
0	71
0	67
0	55
0	40
0	29
0	4
0	222
0	246
0	0
2	101
0	0
0	1362
1611	1445
0	1404
0	1006
14	503
4	479
1	815
1	120
0	0
0	166
0	168
0	155
0	141
0	152
0	149
0	153
0	129
0	149
0	34
0	127
0	120
0	128
0	99
6	28
0	65
0	24
0	39
3	65
5	12
15	3
0	15
7	16
3	8
0	11
0	16
0	15
1	16
0	13
0	4
1	4
0	10
0	8
0	6
0	7
0	7
0	8
0	3
0	156
0	0
0	0
0	0
0	0
0	3
0	0
0	162
0	492
0	444
0	481
0	3
0	159
0	39
0	106
0	89
0	71
0	89
0	52
0	52
0	48
3	316
0	326
0	205
8	316
5	194
0	199
0	271
0	212
0	240
0	112
0	90
1	36
55	124
0	281
1	267
0	231
0	0
0	0
0	0
0	0
0	0
0	0
86	78
0	55
0	79
2	72
0	19
0	15
0	0
0	0
0	0
0	0
0	0
0	0
0	0
0	0
0	0
0	1
0	1
0	0
0	0
0	0
0	0
0	0
0	0
1	0
0	1142
0	0
35	0
853	0
2	112
9	135
0	110
0	22
0	21
3	59
0	10
0	41
0	48
0	16
0	33
0	24
0	179
41	469
0	176
0	311
0	293
0	262
2	190
1	193
0	231
0	233
0	56
2	0
0	115
0	0
0	0
0	69
0	0
827	0
0	0
0	0
0	0
0	0
0	0
0	0
0	0
0	0
0	0
440	665
1	34
0	57
0	64
0	64
0	59
156	407
1	421
0	638
0	175
0	406
0	330
3	59
0	70
0	25
0	23
0	160
0	68
0	28
0	16
0	1688
0	160
0	0
0	0
0	0
0	1
0	1
0	0
0	0
0	5285
4	5459
78	2141
2	1226
0	5396
21	5048
1	3658
127	3557
0	4806
5	386
0	2015
91	1631
2	1564
1	1334
1	1078
0	0
0	0
0	0
0	0
54	154
4	154
4	7
0	49
0	2
0	0
0	2
0	0
0	1
0	0
0	2
0	0
99	39
1	10
0	21
5	30
2	16
0	10
0	1
0	1
0	1
0	1
0	0
0	1
7	14
0	239
15	290
1	16
0	292
0	248
5	74
7	36
0	33
5	1
0	1
0	14
0	101
0	46
0	278
0	137
32	1200
10	1203
0	1134
2	747
1	73
0	1147
0	23
0	122
1	196
17	387
0	145
0	260
0	259
0	252
0	164
0	19
0	3
0	2
0	24
0	13
0	106
0	85
0	95
0	97
0	72
0	70
0	67
0	1574
0	105
5	62
0	52
2	42
0	7
0	3
0	0
0	4
0	7
7	6
0	0
0	7
0	26
0	6
0	27
0	168
0	15
0	7
0	179
0	17
0	24
0	21
0	25
0	137
0	35
0	17
0	170
0	82
0	14
0	27
0	23
0	46
3	8
1	0
4	24
0	566
0	134
0	191
0	180
0	264
0	131
0	63
0	0
0	0
0	0
0	0
0	0
0	362
27	269
4	411
0	419
1	408
0	219
0	25
0	166
0	128
0	144
0	129
0	103
0	80
0	54
0	54
0	39
0	55
0	48
18	2
0	5
0	114
1	676
0	673
0	378
0	662
0	119
0	252
0	118
0	396
11	78
23	1713
0	47
0	1704
0	1678
0	31
0	16
2	1617
1	152
6	165
0	150
1	493
2	97
1	185
0	94
0	1705
0	0
0	0
0	0
0	0
0	0
2	3
5	43
0	3
0	4
0	42
0	43
0	42
0	44
0	0
0	0
0	0
0	0
0	0
0	0
0	0
0	0
0	98
9	42
0	177
0	13
0	31
0	132
0	18
0	0
0	22
0	8
0	0
0	0
0	0
0	0
0	0
0	0
0	0
0	0
131	17
0	13
0	12
1	1901
0	2236
3	112
11	595
1	2166
0	634
5	829
16	244
0	937
2	536
2	506
0	268
0	58
2	317
16	1830
0	1787
12	77
1	224
0	182
0	0
0	0
0	0
0	0
0	0
0	0
0	0
0	0
0	0
0	0
0	0
0	0
0	0
0	0
0	0
0	0
0	0
0	0
3	645
210	617
2	164
350	631
0	826
0	155
0	73
0	140
872	0
0	1128
0	1137
0	1266
0	0
0	0
0	0
0	104
77	121
0	121
0	9
0	31
0	0
0	0
0	0
0	0
0	0
0	0
0	0
0	52
0	8
0	48
0	11
0	0
1	0
141	2479
3	2347
0	1844
0	116
0	2102
0	122
0	156
0	260
0	177
0	60
33	242
0	0
0	0
0	0
0	0
0	0
0	0
0	479
0	0
0	0
0	0
0	1
2	13
0	11
11	13
0	34
1	35
0	2
0	21
0	2
0	8
4	85
0	256
0	205
0	232
0	72
0	179
2	18
0	119
7	25
1	36
4	34
0	34
33	33
0	14
0	0
0	0
0	0
0	0
0	0
0	0
0	0
0	0
0	3
0	1
0	1
0	0
0	0
0	1
0	3
0	0
0	1
0	0
0	0
0	0
0	17
0	0
0	0
0	0
0	0
0	0
0	0
0	0
60	13
0	13
0	0
0	0
0	0
0	0
0	0
0	0
0	0
0	0
0	0
0	0
0	0
0	0
206	0
114	6
2	191
0	7
0	4
0	22
0	30
1	320
0	315
0	44
0	39
0	16
0	11
0	3
195	979
0	979
0	0
0	0
1	289
0	287
0	3
0	6
0	239
0	45
5	96
0	175
0	224
0	24
0	7
2	227
867	0
0	592
0	1578
0	101
1	147
0	73
0	36
5	1505
0	33
0	40
0	112
0	42
0	1496
2	34
0	48
0	34
0	151
0	24
0	21
0	73
51	1281
0	51
0	74
1	140
3	231
0	1356
0	101
0	1578
4	305
7	1
11	325
10	321
0	311
0	191
0	96
0	168
0	331
0	35
1	328
0	333
1	55
0	318
0	313
0	228
0	88
207	191
115	243
0	183
0	75
0	104
46	15
12	209
0	0
0	0
4	2
0	2
0	2
89	145
0	75
1	56
0	70
0	222
0	261
84	239
0	45
2	141
2	193
0	261
129	130
0	23
2	94
2	30
0	30
367	124
1	35
10	4
0	75
0	1
0	0
0	1
0	1
1	0
0	0
0	52
0	182
2	179
0	38
0	49
0	177
0	177
0	28
61	622
0	27
0	21
0	139
1	11
2	0
1	69
0	9
0	29
0	405
0	31
0	50
0	43
3	5
0	27
0	25
0	126
0	374
0	381
1	167
4	157
0	165
2	390
0	111
11	121
5	45
19	30
8	12
4	163
4	159
111	1292
0	1290
5	42
0	43
1	21
5	29
0	32
0	97
3	0
0	604
13	599
0	422
8	95
2	58
0	127
14	122
0	56
0	33
2	86
0	85
0	50
0	47
0	57
1	46
0	46
0	43
0	43
0	1
0	0
0	0
0	0
0	0
0	0
0	0
0	0
9	181
1	111
0	136
1	181
0	2
0	1
0	2
125	170
0	170
1	13
2	92
2	13
0	14
0	16
0	15
0	7
0	0
0	0
0	0
0	0
0	0
0	0
0	0
0	0
0	0
0	0
0	0
1751	2602
0	648
0	1954
0	327
0	90
0	71
0	62
3	297
0	212
0	91
0	137
0	280
1	254
0	0
1	45
0	0
0	0
0	0
25	741
10	744
0	744
0	629
0	0
0	0
0	0
0	57
0	56
1	56
0	2
0	15
0	2
0	2
0	1
0	1
0	0
0	48
0	189
0	34
0	22
0	1
0	129
0	21
0	28
0	9
0	3
0	7
0	10
2	126
0	2
0	0
0	111
0	4
0	2
0	106
0	1
0	0
0	0
0	4
0	44
0	180
0	1
0	407
0	40
0	1
2361	1984
4	1989
3	1884
0	482
0	1
0	1
0	0
0	0
0	0
2	843
0	843
2	74
1	166
1	63
0	0
0	0
0	0
0	0
0	0
1	890
0	643
74	700
75	5
0	5
0	0
1	0
0	0
1	78
0	7
0	24
5	2
0	9
0	77
0	0
0	0
0	0
0	0
0	0
1	2
0	2
0	2
0	0
0	1
1	2
0	103
14	560
0	548
0	333
1	219
0	61
0	114
0	119
0	75
0	4
0	63
0	54
0	503
98	280
257	280
390	0
0	77
0	29
0	84
0	439
0	452
40	356
0	354
1	353
0	1
0	0
0	77
0	98
0	164
0	54
1	31
0	36
0	79
0	0
0	0
0	0
0	0
0	0
0	0
0	0
0	0
0	0
0	0
2	621
36	623
0	145
1	550
0	154
31	91
0	9
0	97
0	96
0	4
1	7
0	19
0	98
0	0
0	1202
0	153
1	222
0	569
2	1116
0	1166
0	1134
0	41
0	122
0	134
0	74
0	162
0	125
1	88
1	62
0	168
1	157
0	170
2	105
4	168
0	179
4	148
0	102
1	146
0	30
0	146
0	85
0	62
2	6
0	0
0	0
0	0
0	0
0	0
0	0
0	11
0	33
0	431
0	45
0	411
0	327
0	51
0	406
0	40
1	227
0	389
0	21
0	298
0	7
0	43
2	23
0	6
0	43
1	12
0	76
0	0
0	0
2	10
0	8
0	2
0	2
0	2
0	2
0	1
0	2
1	1
0	0
0	0
0	0
0	0
0	0
0	0
0	2
1	353
0	353
0	318
0	3
1	2
215	335
60	49
0	39
1	7
0	44
0	28
0	29
0	11
68	151
0	13
0	57
0	144
0	0
213	20
2	13
5	7
0	0
27	1
0	1
0	0
0	0
0	0
21	744
0	72
4	737
0	47
0	44
0	21
1	72
10	8
0	0
0	0
0	0
0	0
0	108
0	11
0	0
0	0
0	0
0	0
0	0
0	0
122	34
0	27
0	20
0	3
2	4
3	1
0	1043
0	32
0	344
0	1023
0	950
0	1
1	41
1	1030
0	1029
0	51
0	277
0	0
0	0
0	0
0	0
0	238
0	211
1	68
2	19
2	12
0	229
0	0
0	0
14	59
0	34
0	59
0	15
0	5
232	114
0	114
0	2
0	2
0	2
0	2
1	1
0	1
0	0
0	0
0	0
0	0
0	0
0	0
0	0
0	0
0	0
0	0
0	1
0	0
0	0
0	1
0	0
0	0
0	0
0	0
0	0
0	0
0	0
0	0
0	94
28	99
2	0
1	4
0	99
0	96
0	25
0	4
0	20
0	22
0	1
0	1
0	11
0	8
0	7
0	0
0	0
1	0
0	0
0	0
0	0
0	0
0	0
0	0
0	0
19	5
0	6
0	5
0	5
0	7
0	5
0	5
0	5
0	7
0	3
0	4
19	6
1	2
0	24
0	160
7	24
0	17
2	24
0	28
4	167
1	8
0	156
4	241
0	212
25	73
2	217
0	172
1	59
0	82
0	93
0	78
4	220
0	190
0	219
0	123
3	35
0	33
0	89
0	84
1	29
0	75
1	78
11	37
0	0
0	0
7	129
0	133
0	130
0	130
1	26
0	140
0	140
15	476
0	5
0	3
0	456
7	430
0	76
9	341
0	131
0	23
0	3
1	0
0	170
52	195
0	143
0	0
0	22
0	20
2	32
12	0
0	0
0	0
0	0
0	0
0	0
2	31
236	824
0	52
0	763
0	577
0	703
1	583
0	565
1	25
1	88
0	117
12	198
1	93
1	52
2	45
0	47
1	32
0	41
0	40
0	20
0	0
2	0
0	213
0	21
0	14
0	162
0	154
0	166
0	8
0	20
0	157
0	173
0	205
0	0
2	484
1	330
24	484
155	296
0	296
0	120
1	0
0	42
0	0
0	55
0	135
0	140
0	166
0	42
0	63
0	58
0	37
0	0
0	0
0	0
0	0
0	0
0	0
0	0
0	0
0	0
3	100
0	105
0	35
0	42
0	19
0	19
0	6
0	0
0	3
0	0
0	3
0	0
0	3
0	3
0	0
0	184
3	170
2	79
273	0
0	0
0	510
2	110
0	492
0	374
1	360
0	310
0	122
0	90
0	492
0	488
0	0
0	0
0	0
0	0
0	0
0	0
0	0
0	0
0	0
0	0
1	421
1	253
0	7
1	31
0	413
29	575
0	482
0	542
0	476
0	503
0	494
0	447
0	418
0	468
0	456
0	535
0	538
0	302
0	232
1	69
0	383
1	230
2	219
2	200
0	0
975	0
0	0
0	0
0	0
0	0
0	0
0	539
0	0
0	0
0	0
0	0
0	5
302	18
0	18
0	0
0	0
78	625
34	626
1	52
0	0
0	0
0	3
0	2
0	1
0	2
0	0
0	0
1	54
0	50
7	2
0	38
7	61
0	0
0	0
353	1026
0	986
6	878
0	777
0	837
0	877
0	766
0	106
0	95
0	93
0	0
0	0
0	3
0	9
0	3
0	3
0	8
0	13
0	15
0	17
0	5
0	4
0	3
0	2
0	5
106	114
0	16
0	4
0	28
0	29
0	30
0	21
0	27
2	44
0	48
0	44
0	58
0	44
0	337
0	341
0	22
0	18
0	1
0	2
1	342
0	5
0	0
0	7
0	171
0	1044
11	339
1	169
10	907
1	964
0	177
0	233
1	273
5	70
0	1
0	0
0	0
0	0
0	4525
0	100
4	1451
30	3497
0	4446
122	3232
0	99
0	3176
0	524
13	75
15	67
0	321
0	238
0	210
0	230
0	371
25	817
0	472
10	265
0	518
0	0
0	1
0	1
0	1
0	1
0	1
0	1
0	1
0	0
0	0
0	1
0	1
0	0
0	0
0	0
0	0
0	1
0	0
0	33
0	11
0	6
0	26
0	30
0	29
0	0
6	325
13	325
0	20
0	0
0	0
0	0
0	3
868	0
1	507
0	40
2	42
0	42
0	4
0	3
0	2
0	1
0	1
1	0
0	1
0	1
0	40
6	1239
0	0
0	0
140	79
2	49
0	67
0	3
0	4
0	1
0	1
0	1
1	0
0	8
9	18
20	0
0	12
0	242
0	184
0	131
0	42
0	78
0	33
0	49
0	37
0	37
7	97
678	610
11	468
3	298
0	82
4	43
1	69
0	77
0	41
0	28
0	128
2	137
0	40
1	9
1	12
1	11
249	139
4	82
24	104
0	35
2	46
2	26
1	8
3	9
0	0
0	2
0	1
0	2
0	0
0	0
0	0
0	0
0	0
0	0
0	0
0	0
0	0
1	83
0	133
1	115
0	89
0	59
1	83
0	34
0	14
0	0
233	145
0	45
0	53
6	90
0	85
0	89
0	86
0	85
0	35
0	26
2	0
15	3
0	2
0	1
0	1
0	2
0	0
2	1
0	36
0	36
0	36
0	38
0	1
0	1
0	1
0	2
0	1
0	1
0	1
1	0
0	1
0	1
0	1
0	0
0	0
0	0
0	1
0	2
0	1
0	1
0	2
0	2
0	1
0	1
0	1
0	1
21	3
0	0
0	11
0	3
0	3
0	2
0	2
0	10
0	1
0	10
0	0
0	0
0	1
0	2
0	0
0	0
0	0
0	0
0	0
0	0
0	0
0	0
0	0
0	0
0	0
0	0
0	0
0	0
0	0
0	0
0	0
156	0
0	34
0	33
1	12506
0	1815
11	1562
0	12517
6	11800
38	3727
0	8642
0	2867
4	1027
0	7032
4	2041
0	5986
0	3652
52	3262
0	3261
3	798
0	796
0	660
0	0
0	0
0	0
0	0
0	0
0	0
0	0
0	0
0	774
0	76
118	427
0	230
0	225
0	37
0	24
0	192
0	135
0	98
0	42
0	63
0	18
0	28
0	26
0	2
0	0
0	0
0	0
0	0
0	104
1473	294
1	0
0	30
0	127
0	55
0	63
131	163
0	142
7	14
2	0
0	124
0	36
0	0
0	0
0	8
0	0
0	0
0	0
0	0
0	0
0	0
0	0
0	0
0	0
0	0
0	0
0	0
0	0
0	0
0	0
0	0
0	41
0	9
0	2
0	1
0	2
0	2
0	1
0	1
0	2
0	0
0	0
0	1
0	0
0	0
0	0
0	1
0	0
0	1
0	0
0	0
0	0
0	0
0	0
0	0
0	0
0	0
0	0
0	0
0	0
0	0
0	0
0	0
0	0
0	0
0	0
343	629
0	631
0	623
0	575
0	551
0	544
0	477
1	526
0	455
0	515
0	502
0	499
3	432
0	162
0	3
0	15
0	0
0	0
0	0
4	197
5	7
0	126
1	9
0	21
0	187
0	8
0	96
0	10
0	7
0	1
1	3155
0	3173
0	1192
0	473
7	2222
93	491
0	3173
3	552
0	558
0	2561
7	1413
0	124
0	111
0	118
0	116
0	30
0	23
0	23
0	12
0	0
0	0
0	9
0	6
0	6
0	2
0	0
332	0
0	0
0	1
0	1
0	0
0	1
0	0
0	0
11	12
0	12
0	0
0	0
0	385
0	447
0	458
0	380
0	316
0	18
0	45
0	94
0	75
0	451
0	0
0	0
2	0
0	8
0	8
0	8
0	6
0	5
0	4
0	4
0	2
0	2
0	1
2	47
0	47
0	1
0	1
0	1007
1	42
0	543
2	87
0	878
0	514
1	82
0	141
3	191
1	38
6	573
0	307
446	254
5	64
0	154
0	102
1	23
0	36
0	0
0	0
0	0
0	0
1	814
0	818
0	96
0	163
0	306
3	679
1	755
0	179
0	685
0	803
4	1
157	2
3	1
0	0
0	0
0	0
0	0
0	0
0	0
0	0
0	0
0	0
0	0
0	0
0	0
0	0
0	13
0	82
0	0
0	220
0	205
0	97
1	220
1	7
7	261
0	17
2	8
0	261
7	0
0	0
0	2
0	2
0	2
0	2
0	0
0	0
0	1
0	2
0	0
0	1
0	0
0	0
0	0
2	51
1	64
32	287
1	287
1	89
0	0
542	371
9	178
2	259
9	124
0	0
0	0
13	836
5	835
55	311
23	378
1	381
1	26
1	492
0	636
1	79
0	130
8	544
0	99
0	64
3	176
0	453
0	52
1	91
0	88
14	225
4	60
363	0
0	275
0	274
0	273
0	197
0	221
0	225
0	274
0	265
0	237
0	237
0	220
1	38
0	16
0	28
0	28
0	27
0	26
0	16
0	9
0	8
0	0
0	3
0	70
0	143
652	0
0	0
0	0
0	0
0	465
0	531
3	478
18	110
0	497
0	464
7	156
1	5
0	103
0	511
0	460
4	378
0	1178
0	712
0	19
0	791
4	410
0	668
1	454
3	248
4	0
0	332
3	151
0	459
0	460
0	442
0	44
0	9
0	30
0	71
1	74
0	13
0	13
0	132
3	48
3	18
13	0
0	65
74	636
15	136
6	472
1	26
1	44
1	53
0	387
2	54
0	41
11	4
0	12
0	122
0	1
0	1
0	0
0	0
0	0
0	0
0	0
0	0
0	0
0	0
0	1
0	0
0	5
0	8
0	3
0	7
0	16
0	1
0	3
0	6
0	2
0	6
0	8
0	2
0	10
0	12
0	9
0	5
0	16
0	6
0	2
0	6
0	3
0	1
0	5
0	5
0	11
0	6
0	4
0	7
0	1
0	1
0	5
0	5
0	6
0	7
0	7
0	1
0	2
0	5
0	1
0	4
46	205
0	4
0	153
0	137
1	26
0	32
5	64
1	37
0	5
0	123
0	155
2	158
1	98
0	112
1	30
0	12
0	3
0	0
0	0
0	0
0	0
0	0
0	0
0	0
0	0
0	0
0	1403
0	1032
6	379
4	149
8	198
0	1190
0	0
0	22
0	22
0	0
119	155
2	152
0	86
0	14
0	10
0	3
0	3
0	0
0	3
0	3
1	1
0	1
0	26
0	0
3	597
0	648
0	570
9	566
0	50
1	31
0	10
1	12
0	277
0	272
0	16
0	46
0	320
0	74
3	309
0	320
0	320
1	12
4	44
1	39
0	190
0	167
0	33
0	34
0	99
0	68
0	28
0	12
0	15
4	0
0	0
0	0
0	0
0	0
0	0
1	380
32	49
568	1583
3	457
18	957
0	586
0	362
1	530
18	82
0	82
1	18
0	82
0	118
9	449
6	117
31	441
0	122
0	0
0	6
0	39
0	3
0	0
0	203
0	181
0	68
0	202
0	92
0	207
0	90
0	80
0	244
0	47
0	94
0	145
5	145
0	90
0	31
0	20
0	4
0	6
0	6
0	3
0	0
3	4
0	238
4	3570
40	3441
8	3570
0	314
3	227
1	188
0	0
34	0
0	0
0	0
0	0
0	259
0	171
0	171
0	171
0	49
0	44
0	1
0	111
1	3
0	22
0	3
0	4
0	0
0	0
0	0
0	0
0	0
0	0
0	0
0	291
10	183
1	201
5	93
0	6
5	6
3	210
2	136
0	0
0	0
0	0
0	0
0	555
2	8
1	53
0	44
0	0
6	8
1	74
17	537
0	21
14	539
0	104
1	10
4	106
1	76
1	525
0	2
0	1
0	0
0	3
0	0
0	0
0	0
0	0
0	0
0	0
0	0
0	0
0	0
0	0
0	0
0	0
9	118
0	95
2	95
9	128
1	28
6	27
1	15
0	40
0	26
0	23
0	20
9	25
7	0
1	2
0	1
0	4
0	4
0	4
0	4
0	4
0	4
0	1
0	1
0	3
0	0
0	2
0	168
0	178
1	121
0	164
0	174
1	24
4	61
0	13
0	0
0	0
0	0
0	0
0	0
0	0
1149	2342
2	350
1	1198
1	574
0	851
0	248
0	1496
0	198
0	152
0	188
0	21
1	55
0	7
0	36
0	15
0	25
0	22
0	3
7	229
4	219
0	148
0	98
0	50
0	44
14	20
24	35
28	170
0	602
1	490
8	639
4	573
87	1356
0	1132
1	1100
0	332
46	603
2	549
0	550
1	327
0	160
0	136
0	78
0	76
0	26
0	627
0	316
0	3
0	6
0	13
0	9
1	22
1	23
0	0
0	4
0	5
0	1661
11	1520
2	2
1	3
39	1429
1	151
0	864
9	600
2	556
0	556
0	1
0	1
0	302
7	8
0	291
21	18
0	68
4	79
0	65
0	97
46	26
0	58
4	39
2	233
2	0
13	561
0	432
0	511
0	251
3	427
0	213
0	262
0	0
0	48
0	44
0	45
0	48
0	47
0	41
0	4
0	20
0	22
0	41
0	40
0	41
0	41
0	41
0	40
0	40
0	41
0	40
0	41
0	40
0	41
0	41
0	39
0	39
0	39
0	0
0	6
0	0
0	0
0	15
0	1
0	1
0	98
0	94
3	801
0	790
7	33
0	95
0	47
0	78
16	6
17	43
3	46
2	13
2	87
0	144
188	143
0	67
13	30
4	81
36	92
0	104
6	57
7	44
1	0
23	0
6	34
2	72
0	43
0	72
0	66
0	60
1	40
0	60
0	348
0	349
0	324
0	104
0	347
0	349
0	2
0	330
12	334
0	334
0	116
0	352
0	325
0	328
0	61
2	326
0	112
2	355
0	354
0	150
0	342
0	41
82	739
0	739
0	165
0	145
7	28
0	155
0	0
4	0
0	0
0	0
0	0
0	2
0	0
0	1
0	0
0	5
0	7
0	1
0	10
0	3
0	3
0	4
0	4
0	3
0	3
0	2
0	0
0	0
0	0
0	0
0	0
0	0
0	0
0	0
0	0
0	0
0	0
0	0
0	0
0	0
0	0
0	0
294	0
0	0
0	2
0	2
0	1
0	1
0	0
0	0
7	0
404	1639
6	1563
0	634
25	1629
10	1522
12	529
0	533
0	1250
0	0
0	896
0	74
0	73
0	277
0	462
4	265
0	277
1	115
0	372
0	68
0	36
0	56
0	121
0	50
0	440
0	291
0	262
0	256
0	46
77	190
0	260
0	231
1	40
6	289
0	138
1	121
0	109
1	117
4	65
2	37
0	237
0	0
0	430
0	449
1	147
0	59
22	18
0	18
0	18
0	1
0	1
0	0
0	0
0	0
0	34
0	80
1	54
0	69
0	70
0	70
2	69
0	0
0	0
11	534
0	534
79	641
1	255
6	381
21	163
0	0
1	0
0	963
0	1027
0	1003
1	62
2	40
0	968
40	374
0	374
1	300
286	153
0	54
0	119
0	35
4	11
12	0
4	32
1	25
3	43
0	19
0	28
0	0
1	19
0	15
219	1370
2	1078
0	1370
0	140
0	118
0	128
0	0
0	0
0	0
0	83
0	28
0	5
0	129
0	752
0	7
0	186
0	45
0	117
0	701
0	220
0	49
0	407
0	85
0	430
0	449
0	82
0	184
0	183
0	160
0	166
0	167
0	173
0	167
0	172
0	148
0	157
0	95
0	97
0	37
0	55
0	33
0	3
0	25
0	22
0	25
0	8
0	5
0	0
0	0
0	0
0	0
0	6
0	0
0	0
0	0
0	1
0	0
0	0
0	1
0	1
0	0
0	0
0	0
0	0
7	914
0	0
0	0
0	0
0	0
0	0
0	29
174	163
0	7
0	94
3	93
15	39
0	4
45	135
2	27
13	8
0	122
11	90
9	0
0	203
0	287
0	219
0	330
0	295
1	25
1	27
0	17
1	10
0	4
0	257
0	259
6	263
1	259
0	72
0	67
0	53
0	44
0	45
1	44
1	48
7	48
0	46
0	191
0	210
10	106
0	145
1	25
6	126
5	125
0	423
0	334
0	15
0	367
0	55
0	113
0	395
0	63
3	8
0	103
0	103
0	51
2	62
0	318
0	9611
3	9557
0	3024
3401	5859
6	167
3	2228
10	992
1	584
0	325
0	318
0	35
0	38
0	37
0	38
0	38
0	37
0	27
2	2
0	37
0	37
0	34
0	58
0	240
0	274
0	112
2	51
0	0
56	49
0	0
2	0
0	0
0	92
1	63
4	16
0	52
0	52
0	66
0	78
0	3
0	14
0	21
0	16
0	3
0	0
0	14
1	88
0	86
0	195
184	1009
1	517
0	445
5	607
8	193
0	0
0	0
0	0
0	0
0	0
0	0
0	0
0	0
251	0
0	341
0	192
0	374
0	970
0	952
2	84
0	247
0	207
0	226
0	368
0	964
0	1051
0	259
0	155
0	332
0	201
0	1074
0	441
3	462
0	507
1	399
0	331
1	208
0	178
0	143
0	139
0	74
1	79
1	87
0	81
0	5
0	58
1	47
0	429
0	1
0	1
0	1
0	0
0	0
0	0
0	0
0	0
0	0
0	0
0	0
0	0
0	0
0	0
0	0
0	0
0	0
0	0
0	0
0	101
0	230
0	41
5	69
0	66
0	74
2	98
0	0
0	0
0	0
0	0
0	0
0	0
0	0
0	0
0	0
118	122
20	31
16	122
0	90
18	6
2	34
147	34
0	766
0	736
1	396
6	425
0	228
444	60
1	58
0	59
2	59
0	0
0	24
0	22
1	24
0	1
0	1
396	1143
3	1143
0	0
0	0
0	0
0	0
2	4
0	4
0	1
0	4
0	454
0	440
0	311
1	63
10	33
10	130
0	40
0	0
0	0
0	0
234	857
0	161
0	211
138	210
10	156
2	109
10	30
5	37
0	21
6	113
30	504
0	126
1	89
0	81
0	71
0	51
0	3527
0	1180
7	3455
72	905
1	285
0	97
1	480
0	265
0	0
54	189
1	24
0	184
0	176
20	101
0	73
0	55
0	57
0	16
0	68
2	11
0	47
0	648
0	693
0	115
0	13
1	72
0	2
0	153
2	39
0	68
1	27
0	123
0	29
0	128
0	654
0	218
0	203
1	157
0	47
0	0
0	0
0	0
0	503
2	381
0	488
0	300
0	274
0	50
0	100
0	100
3	52
2	131
0	112
3	8
0	88
0	56
0	50
0	55
1	33
1	494
35	28
0	233
3	69
0	220
1	207
0	82
0	63
1	268
3	241
0	207
0	194
0	184
0	104
0	59
0	82
0	85
0	55
0	2
0	4
1	1
0	1
1	392
2	458
0	1164
186	1714
38	297
0	772
2	9
1	22
0	21
0	19
0	19
0	1
0	1
3	0
0	21
463	678
11	624
0	296
9	54
0	0
0	0
0	0
0	18
28	18
0	0
0	0
1	391
0	494
6	413
0	529
0	599
0	298
1	209
0	53
1	77
1024	0
0	81
0	144
1	47
0	413
0	0
0	344
0	303
0	16
0	16
0	2
0	2
0	2
2	0
1	2
8	331
0	257
4	253
0	51
2	43
12	59
1	4
0	55
0	25
2	8
0	8
0	284
0	47
0	617
2	90
0	386
0	116
1	150
0	114
7	242
11	451
3	44
0	22
0	15
0	68
0	6
1	68
4	9
0	73
0	16
0	19
0	52
0	58
0	38
0	54
8	56
12	51
0	68
0	63
0	63
0	0
0	0
0	0
0	0
0	0
0	0
0	0
0	0
0	0
0	0
0	0
0	0
0	0
13	792
3	0
0	32
0	677
0	677
0	56
0	784
0	670
0	162
0	10
0	0
0	162
0	1
0	289
1	262
0	64
24	172
5	30
0	53
11	16
0	3
0	0
0	16
1126	381
0	101
4	59
0	55
2	166
0	6
452	0
2	69
6	1
1	1
0	94
2	94
0	67
0	3
0	10
0	61
0	3
0	3
0	0
0	1
0	0
0	0
0	0
0	0
0	14
0	11
0	12
0	54
0	4
0	14
0	33
0	22
0	2
0	3
0	3
0	1
3	26
1	23
0	94
0	30
23	30
1	13
0	15
1	8
3	1
0	0
0	623
0	618
0	450
0	455
0	485
0	482
0	478
0	378
0	427
0	395
6	315
0	62
0	11
0	3
0	630
0	630
0	617
0	628
0	486
0	603
0	596
4	587
19	89
1	491
0	23
0	18
1	293
0	37
0	31
0	38
1	39
0	31
0	193
2	573
0	227
0	45
0	194
0	181
0	180
0	180
0	190
0	202
0	578
0	588
3	192
1	35
2	45
0	28
0	28
0	9
0	193
0	171
248	80
0	19
0	16
0	15
0	2
0	28
0	26
0	229
0	124
1	131
0	235
0	236
0	229
2	41
0	26
0	227
0	219
1	228
0	103
0	214
0	0
0	236
0	86
0	236
0	227
0	235
0	24
0	222
0	228
0	237
0	179
0	225
0	103
0	238
0	41
0	228
0	100
0	226
0	128
0	221
0	206
0	236
0	88
0	225
0	211
0	16
0	35
0	130
0	31
0	4
0	21
0	2
0	98
0	32
0	112
0	0
0	12
0	12
0	95
1	12
0	53
0	82
0	73
0	82
0	50
0	75
0	78
0	70
0	69
0	18
0	7
0	0
0	0
0	0
0	0
0	14
231	244
0	69
1	89
0	53
1	118
0	89
0	76
0	95
0	93
0	1
0	0
0	0
0	0
0	0
0	0
0	0
0	75
0	84
0	85
0	7
0	82
0	85
23	785
9	752
1	74
0	59
3	786
1	70
2	474
0	80
0	128
0	53
0	48
0	1
0	1
0	1
0	1
0	0
0	0
1	41
5	8
0	32
14	35
9	20
0	0
2	418
0	423
0	394
5	81
0	124
0	101
0	65
1	14
4	126
1	10
0	4
0	285
0	266
0	254
0	215
0	257
0	245
5	182
0	237
0	142
0	241
0	192
0	186
0	151
0	111
1	188
0	112
0	87
0	47
0	54
0	66
0	17
0	30
0	35
0	268
0	369
3	911
2	893
0	449
1	851
0	451
0	38
0	63
0	438
0	864
1	16
0	205
0	234
0	208
0	216
0	233
0	35
4	36
0	127
0	123
0	269
1	62
0	0
0	0
0	0
0	0
0	0
0	0
0	0
0	0
0	0
0	0
0	0
0	0
0	0
0	0
0	0
0	0
0	0
0	0
0	0
0	0
0	324
1	120
0	1330
5	273
0	323
7	357
8	104
1	307
1	528
1	456
8	1229
0	1252
0	1301
0	8
1	54
6	91
0	32
6	52
0	89
0	50
0	36
0	15
5	7
2	38
0	3
0	26
0	4
4270	1647
1	1323
0	0
0	0
9	0
0	0
202	20
0	20
1	191
0	201
2	178
0	84
0	55
1	23
0	13
10	570
0	74
0	452
0	18
0	567
9	649
0	41
0	70
2	26
0	212
26	149
3	0
0	329
12	180
0	59
0	96
0	0
0	606
11	114
0	646
1	42
1	5
0	98
0	124
0	112
0	90
2	618
0	609
1	618
0	21
53	365
1	384
0	135
0	106
0	23
2	91
0	368
0	96
1	74
0	108
0	65
57	761
0	505
52	672
0	699
41	308
2	407
0	169
0	155
1	124
0	113
0	48
75	231
8	266
0	142
0	164
0	67
2	42
0	110
0	134
25	96
0	129
2	30
0	125
5	14
1	84
16	12
0	29
17	33
3	40
0	11
0	46
0	12
0	235
1	1456
1	575
1	483
3	478
1	162
0	461
5	267
29	432
5	329
2	271
10	274
2	1380
0	0
0	0
0	0
0	0
0	0
0	0
0	0
0	680
0	30
310	0
0	7
0	0
0	0
19	0
0	0
0	1537
42	1583
15	88
0	167
1	1056
11	328
10	0
6	97
4	84
6	76
0	119
73	25
1	548
0	388
0	167
380	580
0	475
0	394
0	204
13	366
27	343
3	83
0	144
25	580
0	48
3	66
0	130
0	184
0	184
0	176
0	183
0	92
0	12
1	17
0	8
0	10
0	11
0	5
0	0
0	0
0	168
639	198
14	198
0	3294
2	751
2	1234
2	8362
0	9119
5	11879
0	1216
7	1699
1	1760
1	2370
0	2349
0	2894
0	8747
1	10379
1	2939
0	2389
0	11586
0	11568
1	7274
0	3832
0	69
3	5170
0	3750
16	7438
3	7302
0	1
6	3
0	3
0	178
0	114
0	31
0	47
1	243
3	252
0	182
0	192
0	79
0	129
0	140
0	131
0	65
0	45
0	30
1	41
0	48
0	19
0	0
0	0
0	0
0	0
0	0
0	0
0	0
14	135
1	135
0	0
0	0
142	89
3	43
0	65
0	65
1	37
4	201
0	198
1	173
0	216
0	227
2	115
3	14
0	0
0	0
0	0
0	0
0	12
0	12
0	0
26	426
0	409
5	24
0	24
1	41
0	409
513	111
1	99
1	65
0	51
0	0
0	420
0	260
14	6
1	215
0	0
0	409
0	399
1	220
3	62
0	58
1	52
3	23
88	946
1108	940
1	310
0	143
0	0
0	0
0	445
0	6
15	464
116	180
1	15
0	67
0	0
0	35
0	0
0	0
0	0
0	0
0	0
0	0
0	0
0	0
0	0
0	0
0	0
0	20
2	20
0	37
0	59
0	46
0	0
0	0
0	0
0	0
0	52
0	54
0	46
0	20
0	22
1	28
0	61
6	15
0	33
2	0
1	5
0	20
0	17
0	462
0	0
0	0
0	142
12	142
97	168
4	53
0	77
0	45
0	64
0	36
0	0
0	142
0	142
0	703
2	703
0	44
0	712
0	1
0	35
1018	0
0	0
172	681
0	476
0	131
0	289
0	217
253	1089
3	1090
0	538
0	298
0	0
0	0
0	0
0	0
0	238
0	12
0	262
1	54
0	7
0	93
0	36
0	26
0	16
0	16
0	38
1	62
0	62
0	1
0	7
0	2
1	5
0	17
0	18
0	15
0	13
0	10
0	11
0	10
0	5
0	9
0	6
0	5
0	7
0	10
0	4
0	3
0	18
0	16
0	8
0	8
0	6
0	8
0	138
0	71
0	31
0	18
0	6
3	3
0	135
0	135
0	135
47	1001
0	53
0	965
0	14
0	88
0	0
0	0
0	0
0	0
1	0
0	0
0	386
0	448
0	458
0	381
0	452
0	55
32	69
8	69
0	45
0	60
0	82
2	29
0	93
0	78
0	61
1	53
3	0
101	0
0	0
883	0
95	358
2	210
0	100
24	148
13	132
0	64
3122	3256
4	179
1	916
81	318
0	60
22	171
0	170
0	169
0	161
0	10
0	23
0	26
0	10
0	11
0	7
1	7
0	6
0	3
2	1
0	0
0	0
0	0
0	0
41	193
1	79
0	64
1	114
1379	654
3	147
25	384
2	84
0	168
2	95
2	43
0	22
0	15
2	1
0	1
0	0
0	0
0	0
0	0
0	0
0	0
0	0
0	623
1	479
16	366
0	117
0	82
1	88
0	54
0	0
1	0
0	990
0	996
2	3
0	963
5	511
5	32
1	18
2	34
0	12
0	128
0	130
1	30
0	42
0	57
2	33
0	51
1	196
0	0
0	0
0	0
0	0
0	0
0	0
0	0
0	0
0	0
0	0
0	56
0	0
0	0
0	9
0	10
1	4
0	0
0	0
0	0
0	0
0	0
0	0
0	0
0	0
0	0
0	0
0	0
1	508
0	70
0	224
0	517
1	508
0	141
0	71
1	252
21	0
97	0
1	265
0	268
0	8
5	88
2	81
0	85
1	88
1	86
1	61
0	146
0	155
0	939
4	52
0	1005
3	129
174	20
0	20
0	164
0	60
0	3
3	158
4	171
0	87
0	173
1	4
0	4
0	4
0	3
0	4
0	0
0	3
0	1
0	4
0	4
0	3
0	0
0	0
0	0
0	0
0	0
0	0
0	9
1	9
1	0
0	3
2	8
0	5
0	1
0	0
0	6
0	1
0	3
0	1
0	6
0	1
0	1
0	5
0	5
0	1
0	5
0	4
0	1
0	1
0	0
0	0
0	5
0	5
0	505
0	489
0	1027
0	1019
0	1116
0	937
0	1068
0	731
0	294
0	19
0	1
0	1
0	0
0	0
0	678
0	330
0	378
2	807
0	738
0	610
0	675
0	602
0	297
0	205
0	68
3	68
0	67
6	3395
0	202
0	212
0	3539
5	576
0	603
0	1815
0	1471
4	570
30	2073
0	2458
4	298
0	1509
0	673
0	553
33	56
1	433
0	534
20	124
0	3291
0	3290
0	0
0	0
0	0
0	0
0	17
0	52
0	3
0	84
0	3
0	72
33	93
0	78
0	0
82	77
0	23
0	38
0	41
1	8
1	8
4	9
0	29
0	7
0	0
0	0
0	4
0	0
0	0
0	0
0	0
0	0
0	0
0	0
0	0
0	0
1	11
0	8
7	215
3	196
1	212
0	214
13	118
13	29
0	89
0	89
0	87
0	87
0	63
0	59
0	39
0	46
0	19
0	5
0	18
0	0
0	0
8	241
0	235
0	201
8	249
0	256
0	271
0	82
0	271
5	109
0	208
0	73
0	233
0	231
0	181
0	237
2	236
0	67
0	199
0	203
0	156
0	184
0	152
0	208
1	1
0	227
0	210
0	227
0	196
0	229
0	194
0	193
1	181
0	195
0	211
0	140
0	192
0	122
0	121
4	126
0	109
9	91
0	99
0	62
0	31
0	48
0	14
0	0
2	0
0	0
0	625
1	158
5	280
3	581
17	213
1	316
0	245
0	195
14	361
2	31
0	84
2	107
0	37
0	104
1	96
0	83
0	68
0	55
1	56
0	57
0	0
0	0
1690	0
72	650
0	500
13	402
0	450
0	422
9	367
1	229
2	368
1	164
0	128
1	109
1	0
14	475
0	143
0	476
3	273
0	474
11	0
0	0
0	0
0	0
0	0
0	0
0	0
19	5228
3	875
0	592
2	905
0	568
37	5243
262	656
10	726
37	2349
0	0
0	0
0	0
0	0
0	1
0	0
0	94
0	0
0	0
0	6
0	0
0	0
0	0
0	0
0	0
0	0
0	0
0	0
0	49
0	31
0	28
0	30
0	29
0	28
0	21
0	26
0	29
0	27
2	25
0	24
0	4
2	2
3	12
0	1
30	14
0	5
0	3
0	8
0	7
0	4
4	2
0	20
0	96
1	0
0	52
100	268
0	26
1	139
0	138
0	169
0	43
0	39
0	11
0	15
0	0
0	0
0	0
0	6132
1	962
0	679
0	6132
3	5700
10	1546
51	3946
1	1326
1	804
4	1200
0	8
0	0
0	0
0	0
0	0
0	0
0	0
0	0
0	0
0	0
0	0
0	0
0	0
0	0
0	0
0	0
0	0
0	0
0	1
0	0
0	5
0	19
0	7
0	7
0	5
0	5
0	5
0	2
0	3
0	1
0	2
0	0
0	1
0	2
0	6
0	0
0	1
0	0
0	0
0	12
0	15
0	1
0	1
0	0
0	2
0	0
0	1
0	1
0	1
0	1
0	1
0	1
0	0
0	1
0	1
0	1
0	1
0	6
0	6
0	1
0	90
0	93
0	11
0	12
0	6
0	4
0	4
0	0
0	1
577	83
4	83
4	355
0	355
1	355
0	211
0	31
0	42
0	54
773	982
4	682
0	61
3	64
7	91
0	41
0	117
0	82
0	8
0	1
0	74
0	622
0	5
1	1
1	230
0	154
0	111
1	109
22	751
0	0
0	0
0	1
0	1
0	1
0	1
0	1
0	0
0	0
0	0
0	3
0	87
0	36
0	47
0	794
1	193
12	194
1	76
9	73
6	48
0	48
0	6
0	13
0	11
2	2
0	2
0	2
0	10
0	0
0	0
0	10
0	10
0	0
0	0
0	0
0	0
0	10
0	10
0	0
0	10
0	0
0	10
0	10
0	9
0	0
0	0
0	0
0	0
0	0
0	0
0	0
0	0
0	0
0	5
0	1
9	8
0	8
0	1
1	1
0	0
0	5
0	1
0	5
0	2
0	5
0	3
0	2
0	0
0	0
0	1
0	1
0	0
0	4
0	0
0	0
0	0
0	1511
3	363
0	115
1	246
1	373
0	324
0	432
0	191
2	0
0	304
1	1371
0	773
0	0
4	0
0	0
0	493
0	543
7	1920
0	493
14	287
0	1234
426	2572
0	593
1	1775
0	434
72	1876
0	0
0	0
0	307
6	492
28	492
0	87
3	130
2	116
217	7
0	7
0	6
0	376
0	0
3	375
14	65
0	62
0	46
0	1
0	1
0	3
0	26
0	17
1	49
2	75
4	84
1	66
1602	156
0	156
222	161
0	28
0	123
0	15
0	10
24	12
0	6
0	5
0	8
0	61
0	198
381	357
4	307
3	311
0	118
0	9
0	9
0	8
0	1
0	2
0	1
0	2
0	2
0	0
0	1
0	0
0	1
0	6
0	1
0	1
0	0
24	29
0	26
0	29
0	53
0	211
2	211
1	48
0	26
0	53
0	2
0	5
0	5
0	48
0	0
0	1
0	0
16	118
1	118
0	426
0	564
4	564
0	598
0	11
1	42
2	33
0	598
0	0
0	0
0	0
0	0
0	0
0	0
0	0
0	0
0	0
0	77
0	73
0	150
720	110
2	41
0	132
10	117
39	149
0	106
0	79
0	2
0	19
0	0
0	0
1	0
0	0
0	0
0	0
0	0
5	338
5	3
0	2
1	2
0	0
0	1
0	0
0	0
0	0
0	0
0	0
0	0
0	0
0	0
0	0
0	178
0	35
0	49
0	178
1	8
0	6
0	3
1	3
0	21
0	0
0	0
0	0
0	0
0	0
0	0
0	0
0	0
0	0
0	0
0	0
0	0
0	0
0	0
0	0
0	0
0	0
0	0
0	0
2	2544
3	2152
0	2152
0	2389
0	2461
10	1826
0	2147
0	2147
0	2459
0	467
0	544
0	327
4	357
0	328
0	327
15	438
0	557
1	321
0	266
1	303
3	133
0	177
0	24
0	604
2	561
0	482
1	28
0	575
0	599
0	11
0	11
1	11
15	9
0	14
0	0
0	0
0	1
0	0
0	6
0	6
0	3
0	4
0	7
0	6
0	6
0	0
0	0
0	0
0	0
0	0
0	0
0	0
0	0
0	0
0	0
6	13
0	24
0	1
8	24
0	0
0	0
0	0
0	69
0	129
0	57
0	102
0	129
0	54
0	14
0	19
0	10
0	8
0	0
0	0
378	39
1	39
0	5
0	4
0	1
0	5
0	7
0	5
0	5
0	2
0	2
0	5
0	1
10	1
6	38
0	36
1	30
0	0
3	509
6	509
0	0
0	0
0	0
0	0
229	49
0	0
0	0
0	0
14	142
0	189
0	212
0	189
0	66
0	58
0	55
0	39
5	39
0	29
0	25
1	5
2	30
0	14
0	16
0	5
0	6
0	4
0	0
0	43
0	0
0	169
0	226
0	202
0	220
0	31
0	11
0	45
1	37
0	24
0	35
1	32
0	36
0	19
0	45
3	164
0	221
12	672
0	664
0	676
1	664
0	672
0	289
1	241
195	119
0	119
0	67
0	12
0	106
0	188
0	228
0	358
94	303
14	29
0	118
0	118
0	35
0	192
0	52
126	331
0	318
0	305
2	301
0	106
0	314
0	308
0	305
0	291
1	258
1	221
0	234
0	171
0	87
0	78
0	64
0	19
0	19
0	19
2	6
1	4
0	314
0	0
5	187
55	210
0	314
0	52
92	320
1	508
0	495
0	538
0	150
0	375
0	389
0	31
7	64
0	75
0	28
0	59
3	28
0	0
1	4
0	93
0	185
3	16
0	8
0	33
0	48
0	51
0	124
0	8
0	20
0	54
0	101
1	11
0	181
1	20
0	183
1	30
0	29
0	156
0	46
0	74
0	70
0	68
0	150
0	48
0	145
0	14
0	52
0	58
0	18
0	93
0	135
0	21
0	21
0	26
0	52
0	37
0	157
0	113
0	191
0	47
0	70
0	49
1	183
0	53
1	116
0	150
0	216
2	45
1	0
0	1
0	0
0	0
0	0
0	0
0	1
5	1094
35	1097
0	118
6	143
0	452
0	396
0	430
0	391
0	419
1	34
3	147
0	377
4	40
0	359
0	365
0	96
22	269
0	51
0	49
2	23
0	56
0	43
0	75
0	90
0	76
0	4
0	0
9	203
2	203
608	313
0	313
0	81
4	0
0	487
0	487
0	16
0	16
0	17
0	7
1	3
0	16
0	16
3	197
28	166
4	162
0	165
15	28
0	196
0	0
0	0
3	38
2	12
0	184
35	181
0	126
0	177
1	177
2	191
1	30
1	41
4	1208
0	1223
0	1207
0	23
0	722
0	356
0	759
18	471
5	59
0	529
0	640
0	209
0	206
0	209
0	630
6	25
1	468
7	188
4	0
24	0
0	675
0	667
0	687
3	627
0	468
0	369
1	39
38	56
0	727
0	120
213	977
0	81
0	907
0	63
0	83
0	927
2	841
2	886
0	106
0	106
0	147
0	814
0	820
0	63
0	150
0	46
0	101
1	152
0	183
2	164
0	139
0	264
24	104
1	174
10	210
2	147
1	72
49	501
4	158
38	500
0	80
0	92
1	82
3	155
1	0
0	0
0	7
0	7
0	7
0	7
0	7
665	570
0	111
0	42
0	2
0	44
33	302
0	36
1	72
1	12
0	11
0	9
1	5
0	0
0	0
0	0
0	140
1	49
5	140
0	74
1	5
0	22
1	12
0	0
0	0
0	0
0	0
0	0
0	0
0	0
0	214
0	392
0	374
0	374
0	379
0	21
0	4
0	18
0	111
0	20
0	374
0	379
0	374
0	387
1113	1272
1	37
1	536
1	294
0	230
1	154
0	376
2	328
0	258
0	251
42	1
4	0
0	1
0	1796
0	0
0	3
0	3
0	1
0	74
389	511
0	275
0	242
0	22
2	36
0	35
33	39
3	60
359	72
2	69
36	54
0	46
0	32
2	22
0	5
0	0
1	0
0	0
0	0
4	1
0	1
0	0
0	0
0	0
0	0
902	0
0	0
0	0
0	0
0	0
0	0
0	0
5	1
0	0
0	0
0	0
1	0
0	0
1	84
0	46
0	28
3	76
0	94
2	30
0	4
0	8
31	8
0	8
0	0
0	0
0	160
0	752
0	742
7	19
1	71
0	104
0	348
36	212
0	76
0	576
0	33
0	132
0	305
0	40
143	486
1	368
1	374
1	363
0	293
0	203
0	205
0	0
0	83
1	27
0	356
222	139
0	80
0	80
0	0
0	0
0	0
0	0
0	0
0	0
0	0
0	0
1	25
0	27
0	15
0	1
0	27
0	398
0	456
13	343
0	385
0	371
2	98
5	8
0	401
1	0
0	6
0	1
0	0
0	6
0	0
0	0
0	0
141	38
0	9
0	25
0	4
3	1
0	4
0	4
2	1
4	331
0	386
13	211
0	369
0	406
0	369
0	179
0	136
0	153
0	127
0	75
1	75
4	50
0	330
0	15
0	23
0	20
2	154
0	17
1	7
0	28
1	10
2	141
0	154
0	154
0	154
2	1
0	3
0	13
3	0
2	217
1	0
4	0
0	0
2	0
0	31
7	19
0	217
0	138
7	176
10	53
0	74
0	98
0	123
0	154
1	92
341	299
0	222
0	71
0	239
0	75
1	92
0	22
0	0
0	0
0	0
0	0
0	0
0	0
0	0
436	47
1	11
0	36
1	30
0	26
0	3
0	3
0	0
0	89
2	26
1	73
0	11
0	87
1	37
0	12
0	215
0	142
0	171
4	111
0	87
1	201
0	53
2	107
0	70
0	112
0	152
0	150
0	148
0	146
0	133
2	28
0	10
3	8
0	52
0	17
0	19
0	13
1	50
0	3
0	190
0	124
165	50
0	41
0	100
0	50
16	49
0	103
0	136
0	115
0	274
0	262
0	266
0	263
0	261
0	253
0	251
0	236
0	260
0	230
0	78
0	250
0	238
0	261
0	256
0	241
0	255
0	230
2	251
0	194
0	102
0	216
0	134
0	205
0	209
0	199
5	191
0	5
0	194
1	2
0	23
0	123
0	101
0	103
0	95
0	43
0	72
0	84
0	81
0	55
0	23
0	31
0	37
0	35
0	24
0	26
0	16
0	4
3	8
0	57
77	148
0	46
15	125
0	71
0	190
0	184
6	163
0	39
0	49
1	44
0	45
0	164
2	310
3	295
0	29
2	47
0	24
2	19
1	22
1	171
0	36
0	2
0	2
0	2
0	2
0	2
0	2
0	586
7	1037
0	1000
0	837
9	928
0	567
4	59
0	323
0	527
2	128
0	271
0	331
1	136
0	128
2	49
0	80
2	37
925	81
0	81
0	53
1	443
0	26
0	444
0	2
0	3
0	3
0	2
0	2
0	2
0	2
0	0
0	0
0	3
3	787
3	526
1	596
0	523
45	583
0	0
0	0
0	0
0	0
0	135
1	28
0	18
0	8
258	135
6	25
2	24
0	1
0	16
8	383
2	258
2	403
2	417
0	58
2	91
0	0
0	0
0	0
0	0
0	0
0	0
1	0
0	0
0	0
20	435
320	472
0	262
1	409
0	14
0	63
0	31
0	68
0	78
0	75
1	80
0	81
0	1
193	83
0	72
3	9
1	0
0	0
0	0
0	0
0	827
0	214
0	839
0	833
0	233
0	826
0	270
1	69
0	224
0	223
0	833
0	856
0	840
0	238
0	810
5	381
0	825
0	850
0	29
1	833
0	769
0	221
0	832
0	855
0	803
0	851
0	840
0	52
0	182
0	169
0	28
0	27
0	76
0	12
0	58
0	691
0	199
1	63
0	57
0	611
0	46
0	35
1	38
0	5
1	98
0	556
0	69
0	33
1	41
3	7
0	72
0	73
5	34
9	417
0	443
3	39
0	128
0	330
0	321
0	300
0	58
6	290
0	269
0	44
0	158
0	163
0	179
0	74
0	8
0	0
10	5
0	5
0	0
0	0
0	0
0	0
0	0
0	0
0	0
0	0
0	0
0	0
0	0
0	0
0	0
0	0
0	0
0	0
0	0
0	0
0	0
0	94
38	0
0	265
2	278
0	369
0	305
0	412
0	366
0	120
0	460
0	414
0	330
1	309
0	270
1	168
0	189
0	83
663	51
5	24
1	24
1	0
0	0
0	0
0	0
0	0
0	0
1	0
0	114
6	114
8	0
1	389
12	387
14	341
0	189
0	152
1	195
107	0
0	390
17	905
0	904
0	14
4	841
13	10
1	81
1	98
0	89
0	182
3	178
1	26
0	51
0	17
317	104
0	88
0	81
4	97
2	20
0	4
1	97
0	502
3	502
1	424
0	9
1	29
1	88
0	5
0	88
1	88
0	8
0	9
1	7
0	1
0	1
0	2
0	0
0	12
0	12
0	11
0	2
0	4
0	7
0	8
0	4
0	224
0	36
0	42
3	110
0	115
262	182
0	160
0	75
1	54
0	22
4	64
25	226
0	0
2	0
0	0
0	150
0	52
9	111
0	50
0	44
0	186
0	204
0	83
0	166
1	96
0	10
1	20
1	179
0	61
0	10
2	26
82	386
3	318
0	32
3	314
0	64
0	9
0	9
0	76
0	9
1	106
0	9
0	60
0	105
0	19
1	35
1	10
0	6
0	199
0	1098
0	975
0	93
0	1025
0	990
0	970
0	977
1	1025
0	575
0	1039
0	570
0	959
0	612
0	972
0	809
0	1044
0	213
0	488
3	56
0	942
0	644
0	553
1	714
0	264
0	11
1	124
0	210
0	6
0	236
0	5
0	154
0	6
1	38
0	37
0	17
0	20
0	15
0	4270
0	4588
202	4879
0	4343
0	4492
2	4321
0	3045
1	2701
0	2552
18	2310
1	2250
0	2004
0	1708
1	1312
3	1504
0	672
0	340
0	403
0	109
14	160
0	158
204	336
1	318
5	155
1	51
0	28
0	21
0	87
0	107
0	1015
0	135
0	43
0	87
0	43
0	84
0	81
48	236
1	1078
1	1141
1	1058
0	168
0	168
7	43
0	65
0	92
0	82
0	80
0	40
0	48
8	962
0	926
0	68
0	71
5	42
0	15
0	733
0	9
2	837
0	573
0	168
0	970
0	1034
134	35
0	35
0	3
0	4
7	5
0	1
0	2
0	0
0	1
6	0
0	2
0	2
1	32
0	16
14	41
8	258
0	207
0	0
49	248
3	293
1	36
0	271
0	28
0	269
0	264
0	0
1	241
0	0
0	120
0	0
1	242
0	0
1	105
0	0
53	1
1	1
0	0
0	43
174	380
1	55
0	48
1	76
1	99
0	116
13	81
0	31
0	17
0	474
0	38
0	36
0	54
0	83
0	566
0	527
0	17
0	51
0	36
0	38
0	47
0	6
0	55
0	58
0	35
0	43
0	54
0	61
0	59
0	49
0	37
0	486
0	46
0	54
0	45
0	51
0	64
0	462
0	463
0	69
0	459
0	86
1	316
0	188
4	25
2	5
0	5
0	5
0	4
0	5
0	5
0	3
0	0
0	5
0	5
1	7823
38	635
3	7854
23	3399
1	6606
0	8105
0	901
23	7832
0	7824
1	3278
4	7823
38	173
0	61
0	24
0	12
1	18
0	15
0	173
0	11
7	5
0	5
0	1
0	1
2	425
2	417
0	377
0	176
0	39
0	53
0	10
0	31
0	11
0	15
4	15
0	12
0	6
1	6
0	0
0	423
0	0
0	248
0	251
1	265
0	213
0	63
0	114
0	72
89	257
2	210
0	52
0	153
13	46
0	57
1	46
0	39
2	14
0	28
0	22
9	17
0	3
0	0
0	0
1	0
0	0
0	3
0	51
0	5
0	0
0	51
0	17
0	2
0	17
10	1328
0	194
0	26
0	137
0	1308
0	1215
0	1
0	1
0	1
1	1
0	0
0	0
0	0
0	0
0	111
0	314
0	376
0	401
2	126
0	112
0	94
2	69
0	50
0	275
0	158
0	341
2	1
0	102
0	390
0	222
0	74
1	14
2	59
0	4
1	7
0	7
0	4
3	269
16	103
0	339
0	303
2	113
0	336
13	48
0	320
6	265
0	233
14	209
0	196
0	173
0	111
0	99
1	86
0	0
0	1
0	0
0	0
0	0
0	0
0	0
0	0
0	0
0	0
0	1
0	0
0	1
0	0
0	0
0	0
0	0
0	1
0	0
0	0
6	2
0	0
0	50
2	130
1	182
2	0
0	0
1	2
0	1
0	1
0	809
55	565
0	785
2	797
0	187
0	326
0	61
0	92
5	5
0	48
0	49
0	62
0	40
0	2251
1	2164
0	2160
1	319
14	192
7	67
0	1
0	0
0	1
0	0
11	152
0	152
0	82
0	1
0	1
0	0
0	0
0	0
0	1
0	0
0	0
0	0
0	0
0	0
0	0
0	0
0	0
0	427
0	437
309	0
0	50
0	0
0	0
20	0
0	53
0	104
0	64
0	268
21	197
0	101
0	227
1	36
0	196
1	192
0	71
0	232
0	218
0	204
1	74
0	37
0	202
0	46
0	265
0	283
3	90
0	212
0	266
3	256
0	98
0	134
2	84
0	142
0	518
0	522
0	446
0	473
7	61
5	80
0	86
0	428
3	28
1	38
3	156
0	42
2	59
0	17
6	210
0	175
0	5
0	5
0	7
0	49
0	1
0	44
1	2
0	210
31	23
0	14
0	23
0	1642
0	378
0	403
0	289
0	117
42	1658
0	134
13	455
0	482
1	399
41	310
4	218
5	108
8	17
0	508
3	84
0	104
0	461
0	82
0	1067
17	975
0	276
0	1072
0	813
3	241
0	499
3	119
4	47
0	999
0	988
1	1003
0	740
0	0
0	0
0	0
0	0
0	15
3	18
0	2
0	2
0	2
0	4
1	120
0	142
0	154
1	15
0	63
0	49
0	116
0	64
0	57
0	7
0	336
0	326
0	285
0	242
0	119
0	38
0	80
0	49
0	38
0	18
0	18
0	0
5	2
0	0
0	128
69	128
0	3
2	0
0	1776
0	1769
0	1053
0	195
0	102
0	359
1	81
0	24
0	0
0	0
0	0
0	0
1	63
0	1
0	3
0	2
0	1
0	1
0	0
0	56
0	0
0	0
0	0
17	181
0	135
0	99
2	35
4	26
0	8
0	0
0	5
0	0
0	212
5	212
128	64
4	32
6	40
1	1226
0	430
0	6
0	2
1	4
4	3
0	1227
2	270
0	1229
0	14
0	492
0	1299
0	506
0	590
0	1329
0	527
0	613
0	495
0	80
0	381
0	307
0	627
2	539
0	719
0	1197
5	1365
0	1487
0	1324
0	251
0	1750
0	1282
0	579
0	654
0	173
0	598
0	495
0	555
0	414
0	309
0	75
0	70
0	65
0	292
0	90
0	274
0	617
0	0
0	0
0	0
0	56
0	64
1	64
0	6
0	3
0	3
1	3
11	25
1	106
0	113
2	93
0	80
3	40
0	73
0	0
826	159
3	69
0	34
0	34
0	34
0	6
0	32
0	34
0	34
0	26
0	24
0	4
0	6
0	209
0	23
6	69
0	78
0	82
0	76
0	73
0	74
0	16
0	16
1	4
0	14
0	25
1	11
0	10
0	204
0	75
0	149
0	80
0	97
4	2
2	51
0	31
4	29
4	23
0	148
0	41
0	46
0	43
0	30
1	3
3	5
0	4
0	4
0	5
0	4
0	5
0	4
0	4
0	3
0	3
1	1
69	135
2	135
122	15
0	15
0	38
0	246
0	260
0	240
0	186
4	10
0	250
0	273
0	218
0	208
0	28
0	146
0	81
0	14
0	82
0	13
0	4
0	12
1	433
1	530
0	597
0	528
0	599
0	598
0	557
0	656
2	244
0	184
0	78
0	42
0	177
23	55
0	175
2	182
43	203
0	24
0	176
1	116
0	87
0	72
0	349
0	150
0	141
0	150
0	150
0	146
1	47
0	4
1	49
0	40
0	42
0	0
0	37
0	36
0	38
0	30
0	0
11	22
7	27
0	0
1	0
0	0
0	0
0	0
0	0
0	0
0	0
0	0
0	0
0	0
1	0
0	0
0	0
0	0
2	0
0	0
0	0
0	0
0	0
0	0
0	0
0	0
0	0
0	82
34	103
6	24
2	89
0	57
0	16
0	3
0	13
0	3
0	13
0	0
0	0
0	0
0	0
0	120
0	58
0	58
0	95
0	53
0	559
0	316
0	350
0	318
0	142
0	29
1	32
0	13
0	27
0	60
0	383
0	50
0	57
0	54
2	54
9	383
0	61
4	62
0	383
0	173
0	109
0	109
1	158
0	150
1	163
0	143
2	107
0	11
0	15
0	138
1	140
0	103
0	25
0	75
6	56
0	20
0	79
0	627
1	409
68	25
0	30
0	105
2	551
0	61
2	151
0	53
0	74
1	31
0	638
0	30
0	9
3	0
11	49
0	105
2	105
3	2
2	65
31	34
0	27
3	93
0	0
0	19
0	100
0	101
0	7
25	46
0	4
0	21
0	0
11	63
0	2
0	9
0	10
0	5
0	8
0	8
0	6
0	6
0	10
0	4
0	31
0	10
0	22
0	3
1	8
0	37
0	0
0	0
0	0
0	0
0	0
0	0
0	0
0	0
0	0
0	0
0	0
0	0
0	0
0	0
0	0
0	0
0	9
0	42
0	28
0	36
0	67
0	32
0	36
0	43
2	291
0	324
0	16
0	37
2	46
0	58
0	265
6	64
4	174
3	180
2	29
0	28
0	68
2	60
1	43
0	35
1	17
6	520
34	505
0	473
0	455
0	9
0	483
0	359
0	9
0	11
0	65
0	79
1	11
0	107
0	116
0	54
0	39
0	35
933	579
0	90
4	170
0	220
1	150
4	200
5	16
1	193
5	111
5	261
20	6
0	6
0	285
1	180
0	25
0	363
0	363
33	39
0	98
0	14
0	25
0	201
0	4
0	0
0	174
0	175
0	0
0	9
1	19
0	176
0	0
0	0
0	11
0	169
0	124
0	0
0	20
0	47
1	40
0	2
0	0
0	152
0	153
1	1
0	351
0	351
0	0
0	0
0	0
0	0
0	0
0	0
0	0
0	0
0	0
37	38
0	38
0	28
0	60
6	420
0	50
0	60
0	413
0	22
0	48
0	53
1	4
0	39
0	40
0	57
0	73
2	20
0	61
1	116
0	365
1	58
0	68
0	37
0	39
1	1
12	323
0	62
0	186
3	32
0	55
0	24
0	31
0	4
0	4
0	89
0	86
0	86
0	86
1	77
0	58
0	82
0	6
4	13
0	48
0	43
0	9
0	28
0	0
0	17
0	10
0	6
0	76
0	89
6	0
0	104
0	81
12	94
0	76
0	95
0	84
0	26
1	0
0	0
0	0
4	342
1	0
0	0
0	0
0	0
0	0
0	0
0	25
1	13
0	8
0	4
0	8
4	14
0	8
0	10
1	2
0	4
0	7
0	1
1	1
4	3
2	13
95	52
0	52
7	19
0	0
0	155
0	205
0	50
0	113
2	69
13	64
0	93
2	105
0	42
0	203
9	129
0	129
0	44
1	1
0	0
0	0
0	0
0	33
0	1
0	32
0	0
0	16
0	32
2	25
0	211
0	221
0	113
0	215
0	214
0	190
0	215
0	117
0	176
0	202
0	160
0	168
4	214
0	214
0	214
0	132
0	66
0	83
0	190
0	187
0	158
0	146
0	37
0	12
10	149
0	144
0	149
0	109
0	134
0	54
0	110
0	79
0	137
0	122
0	162
0	159
0	156
0	106
2	126
0	120
0	135
0	67
1	69
0	103
0	126
0	147
1	40
0	137
0	135
0	83
0	86
0	45
6	98
0	62
0	52
0	73
0	77
0	77
0	36
0	25
0	495
0	472
0	56
0	45
2	191
0	10
3	496
0	24
0	8
0	8
0	6
0	19
0	7
0	489
16	55
0	112
0	94
0	98
0	104
0	101
0	104
77	117
0	107
0	57
3	24
0	5
0	2
0	23
0	20
0	8
0	9
1	56
0	376
0	377
0	264
0	6
0	6
21	74
3	7
1	31
0	12
0	192
6	24
0	51
0	0
0	208
0	303
70	319
3	283
1	317
0	173
0	212
0	275
1	129
2	266
10	204
0	26
0	133
1	214
0	18
8	164
0	2
2	11
0	0
1	2
0	10
0	0
0	3
0	5
0	4
0	3
0	5
0	1
0	5
0	6
0	1
0	1
0	1
0	0
0	1
0	2
1	2
0	0
0	0
0	0
0	0
0	0
0	0
0	0
0	0
0	0
0	0
0	0
0	0
1	0
0	2
0	69
0	0
0	71
1	6
0	3
0	0
0	6
16	14
10	46
15	53
0	50
1	3
523	139
0	139
1	0
0	0
0	1
0	0
0	0
0	0
0	1
0	285
7	236
0	74
1	51
0	84
0	52
0	59
0	41
0	46
0	12
0	56
76	14
0	0
0	19
71	19
0	0
0	0
0	0
0	74
0	16
0	14
0	72
0	72
0	62
5	10
0	63
0	57
0	66
0	61
0	55
0	55
0	59
0	61
0	62
0	49
0	57
0	57
0	59
0	49
0	57
0	55
0	58
0	26
0	53
1	40
0	2
71	341
0	286
0	331
0	221
5	134
0	54
0	10
372	0
0	848
0	871
0	446
0	828
0	827
0	837
0	828
0	833
0	193
4	739
1	76
1	35
1	85
2	32
4	64
0	47
0	36
1	35
0	33
0	12
0	5
8	52
144	235
0	233
1	184
0	0
0	0
0	0
0	0
0	0
0	0
0	0
0	0
0	0
0	0
0	0
0	0
0	0
0	0
0	0
0	0
0	0
0	0
0	0
0	0
0	0
2	169
0	423
1	422
0	630
0	611
0	513
1	625
0	411
0	318
0	278
0	392
0	363
0	384
0	177
2	30
0	175
3	210
0	207
2	162
0	80
0	422
0	423
0	422
0	611
205	925
0	870
0	899
0	701
2	405
5	8
4	18
0	12
0	22
2	13
0	0
1	194
0	65
0	42
0	7
0	1
0	0
0	0
0	7
2	32
0	1
0	0
0	1
0	0
0	1
0	0
0	1
0	17
0	611
0	87
11	643
0	32
0	18
0	20
0	83
0	129
0	114
0	92
1	7
0	42
0	110
0	114
3	0
1	0
0	0
0	22
0	21
0	11
0	2
0	1
0	1
0	1
0	0
0	21
0	23
0	0
0	0
0	3
0	28
1	203
8	102
0	16
0	142
0	141
0	123
0	82
0	90
0	87
0	122
0	203
621	222
0	1606
0	1766
0	46
3	155
0	1793
17	1688
99	2
0	2
0	1
0	690
41	690
0	17
0	343
1	340
4	176
120	51
0	19
0	13
6	32
0	24
0	13
4	0
0	290
0	84
11	181
1	203
5	192
0	106
0	12
2	33
16	0
0	5
0	0
0	523
3	804
0	62
0	43
0	140
0	10
0	793
0	165
0	790
0	170
139	423
0	424
1	192
1	258
157	264
0	59
3	1209
2	582
0	1225
0	310
0	483
0	672
0	297
1	120
3	152
0	0
46	11
0	46
0	26
0	44
0	0
0	0
33	4
0	23
0	26
250	509
14	84
0	34
0	12
1	188
0	188
4	34
4	210
0	22
2	21
10	135
1	44
204	215
0	2
3	31
0	205
0	102
89	14
0	4
0	10
0	12
1	4
0	0
0	0
0	0
0	137
0	120
0	120
0	36
0	69
0	44
0	30
0	13
0	5
2	0
0	138
0	137
2	1
0	2
0	1
0	42
0	131
10	25
0	51
0	85
4	130
0	7
0	0
0	35
1	22
0	6
9	1
7	865
9	729
0	633
0	211
0	219
0	138
1	119
1	63
2	14
0	14
11	24585
3	17225
42	14427
3	13947
1	17664
0	21270
0	17141
0	19978
3	18448
71	22221
0	23020
44	15437
0	10118
1	15424
0	8827
0	5176
0	454
3	122
0	22
1	129
2	3
0	13
0	13
0	11
0	8
0	4
0	74
0	5
9	43
0	8
0	42
0	11
0	14
0	12
0	2
87	642
0	642
1	33
34	134
0	38
0	64
0	117
0	288
0	284
0	2
0	58
0	57
0	53
0	64
0	51
0	2
0	66
0	0
0	0
1	0
0	0
0	1
0	0
0	0
0	0
0	0
0	0
0	0
0	0
0	0
0	0
0	0
0	0
0	0
0	0
0	0
0	0
0	0
0	0
0	1
0	0
0	972
48	956
0	338
1	171
1	70
0	42
0	435
0	460
0	62
4	51
0	420
0	441
0	73
0	77
0	55
7	181
0	35
9	107
0	456
0	400
122	305
0	305
0	80
0	52
0	137
0	137
0	385
3	384
0	25
1	14
4	281
0	36
0	138
0	17
2	7
0	13
0	3
0	0
0	0
0	8
19	3
0	11
0	11
0	22
0	21
0	0
0	2
0	5
0	11
0	1
0	23
0	21
4	119
0	151
0	83
0	25
0	8
0	6
0	85
0	1670
5	1517
0	572
3	332
0	49
2	311
0	242
1	31
5	165
1	80
0	1620
0	15
0	7
0	7
0	1
0	2
0	8
0	0
0	15
0	15
0	63
1	122
2	55
3	53
0	60
0	115
2	46
0	10
0	63
0	4
0	4
0	4
0	1
0	1
0	2
0	3
0	3
0	4
0	3
0	2
0	4
0	4
0	4
0	4
0	1
0	2
0	4
0	4
0	4
0	4
0	2
0	4
0	4
0	2
0	1
0	4
0	3
0	4
0	1
0	4
0	4
0	1
0	4
0	2
0	1
0	2
0	1
0	1
0	3
0	3
2	146
0	35
0	172
1	159
1	59
1	20
0	145
1	38
0	63
0	925
36	0
0	308
4	291
0	301
0	222
0	19
9	231
12	86
0	159
0	112
2	141
2	131
0	117
0	559
0	535
0	68
0	331
0	527
0	542
0	294
0	224
0	81
5	84
0	4
0	155
0	65
0	169
0	7
0	6
0	1
0	0
0	4
0	0
1	7
0	8
0	122
1	122
0	41
0	26
0	6
0	113
36	0
163	836
0	775
0	592
2	524
7	90
0	723
0	222
2	150
0	524
3	226
0	131
1	145
25	443
1	226
147	243
2	152
0	109
0	90
0	99
1	97
2	60
1	76
0	6
1	65
15	44
6	19
1	16
15	90
0	185
0	42
0	43
0	185
1	2
1	22
0	102
0	131
1	127
0	13
0	68
0	10
0	3
0	91
0	12
8	10
1	8
3	32
8	66
0	71
0	58
0	13
1	30
0	16
2	112
0	114
0	61
0	107
0	98
0	49
0	78
0	25
1	16
0	18
0	21
0	6
0	18
0	19
0	17
0	9
0	205
0	166
0	178
0	371
0	384
0	369
1	328
47	155
0	129
0	168
0	52
0	112
13	34
0	147
0	103
0	87
1	1086
0	94
0	90
0	95
11	38
0	21
1	1
118	21
0	21
0	465
0	0
0	0
0	0
0	0
0	0
0	0
0	0
0	895
0	928
1	215
2	116
1	279
0	169
0	884
0	851
0	0
0	3381
0	3276
61	325
25	458
54	246
0	1996
5	888
71	248
6	1628
5	1827
396	1579
0	527
2	563
0	1202
1	903
0	0
0	0
0	0
0	0
0	0
0	0
0	224
0	212
0	192
0	180
0	157
2	23
16	86
2	20
1	93
3	42
0	0
0	0
0	0
0	0
0	0
0	109
0	111
9	40
0	0
0	0
0	0
0	0
0	115
0	0
0	5
0	71
0	136
0	5
0	62
1	70
0	68
0	111
0	128
0	8
0	12
0	10
0	120
0	120
0	118
1	0
0	0
2	775
0	94
1	126
14	89
0	734
2	836
3	46
10	830
3	736
0	246
4	254
5	131
18	511
0	304
9	113
3	113
0	152
0	175
0	157
0	20
0	155
0	180
0	135
3	25
1	44
3	67
1	93
0	27
1	74
0	15
0	76
2	61
1	87
0	52
1	303
10	1
0	0
1	50
0	2
0	7
0	413
1	387
0	412
0	375
0	396
1	84
1	131
0	179
0	75
0	128
0	133
1	133
4	96
0	6
442	304
0	262
0	19
0	0
0	42
0	84
0	100
0	39
0	48
0	44
1	68
0	29
0	51
0	28
0	39
0	0
0	4
0	5
0	5
0	3
0	3
0	3
0	3
0	3
0	1
0	0
0	1
2	1
0	28
1	2
80	90
0	14
0	75
0	26
1	28
1	17
0	16
8	28
1	22
1	9
98	205
0	187
52	191
1	140
11	163
0	167
0	117
0	11
0	20
0	25
0	15
0	5
1	5
3	0
1	0
0	0
0	379
0	244
0	171
1	104
178	88
0	65
0	38
1	39
0	44
0	0
0	0
0	0
0	0
1	846
4	608
0	729
0	729
0	569
0	238
3	203
12	5
5	4
0	3
0	3
0	1
0	1
30	1499
1	1480
0	0
0	23
0	45
0	71
0	5
0	21
0	35
7	0
0	98
0	64
0	212
7	173
3	1046
4	3
1	317
0	3
16	3
0	120
0	983
0	402
0	387
0	402
0	388
0	334
0	89
0	332
2	55
0	361
1	135
0	86
0	143
0	37
0	389
0	50
0	130
0	399
0	63
0	77
0	405
0	343
0	350
9	34
1	203
23	35
3	59
2	78
0	106
0	100
0	36
0	91
0	7
0	7
0	7
0	7
0	10
0	8
0	112
0	110
1	21
0	2
0	0
0	0
0	100
4	223
0	215
1	83
1	96
0	96
0	194
0	100
2	49
9	81
95	747
0	344
4	245
0	320
1	159
6	15
0	119
37	309
0	87
0	38
0	26
3	33
5	29
8	108
0	267
0	272
15	136
0	110
0	77
0	41
0	23
0	39
0	40
0	35
0	40
0	30
0	27
0	26
16	440
0	74
0	30
0	28
0	32
0	32
5	428
0	14
3	85
0	40
0	43
0	53
0	17
0	65
0	127
2	545
9	390
18	557
8	373
4	208
0	101
5	14
532	133
0	0
0	105
2	23
2	44
1	14
0	7
6	8
0	0
0	0
0	0
0	0
0	8
0	0
0	3
0	3
241	153
0	132
121	24
0	11
0	1
0	757
0	3
0	2
0	2
0	3
0	369
0	357
0	29
1	29
0	0
0	186
0	3
0	135
2	247
2	487
0	646
0	323
6	256
0	322
0	258
0	337
0	648
0	0
315	141
1	85
2	114
139	409
29	295
0	3
0	3
0	3
0	0
0	0
0	0
1	0
0	0
0	2
5	9
7	36
0	5
0	11
0	5
0	7
2	10
0	31
0	36
0	4
0	4
6	0
0	7
0	5
0	39
0	104
0	0
0	28
0	104
0	104
0	55
0	16
0	0
1	104
0	114
0	107
0	25
0	21
1	31
0	63
0	76
3	104
0	62
0	28
0	104
0	28
6	104
49	111
2	58
0	99
0	0
0	0
0	0
1	0
0	0
0	0
0	0
0	0
0	0
0	91
13	634
0	592
0	108
0	131
3	131
8	23
16	429
1	77
0	135
0	52
0	40
9	264
0	26
3	8
0	267
0	132
0	134
0	134
0	134
0	134
0	26
0	218
0	9
0	33
0	22
0	78
3	68
0	75
1	206
0	32
0	14
0	132
0	26
0	30
0	10
0	25
0	0
0	74
0	113
0	393
0	41
1	647
0	95
0	40
0	410
0	47
0	135
4	401
0	393
0	192
1	13
3	43
0	58
0	613
1	82
4	51
0	3
0	1
0	0
0	0
0	1
0	0
4	187
5	221
0	218
2	46
0	17
0	31
0	17
0	14
0	71
7	113
3	137
0	138
0	138
0	113
0	62
0	108
2	13
0	30
0	37
0	30
2	27
0	14
1	12
0	10
0	7
0	1278
0	1287
0	1340
1	323
0	165
0	149
0	1306
0	221
0	720
26	0
55	0
1	2
0	2
0	1
0	1
0	0
0	0
1	100
0	100
0	101
0	22
1	21
0	15
0	14
0	7
2	10
0	9
0	2
0	1
0	0
2	0
0	0
0	58
194	7
1	8
0	5
2	0
0	0
0	0
0	0
0	0
0	18
0	383
27	515
1	68
17	351
0	60
0	144
5	91
49	106
0	480
0	499
0	325
3	484
0	6697
1	5640
0	5661
4	2099
0	5170
0	3111
3	3258
39	3356
0	1650
0	5328
2	4163
12	3582
0	3090
11	1253
0	0
0	0
0	0
0	336
1	3
0	33
1	25
0	336
415	93
0	72
4	61
0	128
5	126
1	126
1	9
0	75
0	204
0	204
0	108
3	641
0	568
3	232
0	45
0	19
0	10
0	24
3	8
1	12
0	618
0	626
3	2
0	2
0	169
0	1
3	0
0	1
0	2
0	0
0	94
36	94
1	85
0	1
0	0
0	0
0	0
0	1
0	0
0	1
0	214
0	216
6	84
6	40
0	365
264	589
0	18
0	8
0	553
0	36
1	474
0	29
6	9
0	7
0	58
0	266
0	0
0	45
0	152
3	9
0	0
0	1
0	0
0	2
4	4
0	1
0	2
0	2
0	273
0	44
0	247
1	256
2	49
0	259
1	166
0	58
0	54
0	8
0	92
3	179
0	69
0	65
0	64
0	46
0	52
0	27
0	21
0	1
0	14
0	13
0	8
0	4
0	10
0	12
0	10
0	9
0	4
0	6
0	2
0	0
0	60
0	63
0	56
186	0
102	0
5	338
0	334
3	339
0	330
25	224
0	208
0	216
1	201
0	1
37	670
3	606
1	397
79	539
5	318
1	43
0	147
1	136
0	143
6	38
0	40
1	135
0	31
2	390
0	390
16	390
2	23
1	55
1	223
1	14
0	12
0	8
0	9
12	658
0	388
2	135
0	639
0	0
2	721
1	1359
4	1084
0	959
5	486
12	502
2	874
14	898
0	538
0	22
1	320
0	408
0	47
0	53
0	34
0	80
0	50
0	46
0	54
0	46
2	43
0	42
0	0
4	690
0	0
0	0
0	0
0	0
0	0
0	0
0	0
0	0
0	0
0	0
0	0
0	0
0	0
1	190
0	94
0	185
3	188
1	188
0	182
0	41
2	7
15	26
740	1168
0	1172
4	294
4	12
0	2
0	6
0	7
0	3
0	4
0	1
0	11
38	38
0	34
0	8
0	11
1	4
1	27
0	64
0	72
0	7
4	8
6	8
1	8
0	0
0	0
1	0
0	0
0	0
0	0
77	0
17	210
0	38
0	167
0	15
0	94
0	59
0	36
13	23
0	139
0	149
0	132
15	148
0	30
0	10
0	13
0	22
0	22
10	19
4	20
3	16
0	0
0	2
0	19
17	9
253	200
0	192
0	22
0	3
162	66
26	56
4	10
384	666
0	206
18	534
0	116
0	0
0	343
0	416
0	394
15	50
0	0
0	0
3	0
0	0
2	0
3	615
0	619
0	611
0	611
2	578
0	121
0	30
0	112
0	60
2	252
0	115
0	41
0	8
0	3
0	2
0	3
0	6
0	1
0	2
0	1
0	5
1	3
0	1
0	1
0	0
0	1
0	61
1	61
0	11
6	16
2	1
96	281
3	212
0	244
2	191
153	145
0	125
0	145
31	576
1131	1129
1	642
0	366
5	280
2	411
0	225
176	98
0	49
0	39
0	24
0	39
0	4
0	4
0	0
0	0
34	24
0	15
2	15
0	6
0	474
0	476
9	480
0	151
4	157
0	82
0	449
1	58
0	53
0	62
0	124
0	173
0	399
6	70
28	300
0	12
1	64
14	253
21	1767
1	1758
0	1738
3	1527
0	867
0	457
1	88
0	1766
0	0
0	30
2	288
0	278
30	264
0	0
0	83
0	59
4	10
51	2
0	0
3	2
0	46
65	46
0	18
0	5
0	0
0	38
4	251
0	170
0	26
0	18
0	27
0	18
0	29
0	154
0	18
1	193
23	571
14	546
0	255
1	188
20	312
2	413
9	411
0	12
0	67
0	206
27	46
0	204
0	53
0	0
0	2
0	173
0	65
0	145
0	145
0	145
0	14
57	115
18	87
0	71
0	12
0	7
0	19
4	0
2	770
0	543
0	728
11	130
0	342
0	119
1	34
2	728
216	26
1	26
55	208
1	203
9	200
24	174
1	198
2	188
0	0
0	0
0	0
44	48
0	19
0	24
0	24
2	22
0	0
0	1
0	43
0	39
1	18
3	769
0	802
0	575
1	486
0	58
0	88
1	151
3	383
0	1211
0	772
0	8
0	5
0	8
0	0
0	1
0	1
0	0
0	0
0	0
0	1
0	1
0	12
0	79
2	4
0	10
0	75
0	0
0	22
2	22
0	5
1	25
0	14
1	11
0	7
0	5
0	22
0	22
0	22
0	360
0	124
33	1133
0	1097
1	344
0	1008
0	928
1	899
0	702
0	712
0	148
0	0
0	0
0	0
0	0
0	0
0	0
0	0
0	0
0	0
0	0
0	0
0	10
3	875
0	790
0	567
0	504
0	386
0	117
0	112
0	112
0	49
1	38
0	790
0	0
0	0
0	0
0	105
0	1
0	9
0	7
0	9
0	0
0	0
0	0
0	0
0	297
3	265
0	278
7	85
0	23
8	63
0	16
0	0
3	447
1	447
1	125
0	84
0	447
0	203
0	76
0	116
0	129
0	37
0	14
0	0
25	44
0	8
2	6
0	40
1	1129
0	1131
1	647
0	422
2	1
0	322
0	261
0	42
0	156
0	75
0	1130
0	1248
0	1245
0	60
0	8
0	15
0	532
0	19
0	28
2	12
1	19
1	12
0	21
0	288
0	257
0	448
0	455
0	520
0	27
0	448
9	13
1	270
0	284
0	30
1	31
0	31
0	112
0	69
4	105
0	269
1	24
1	40
0	52
0	338
1	89
0	81
0	44
1	18
0	72
0	50
0	55
0	411
0	225
0	315
0	365
1	228
7	329
0	381
0	384
0	374
0	241
0	142
0	257
0	249
0	75
0	0
0	55
4	22
0	74
0	82
0	71
0	51
0	58
0	36
0	28
0	181
0	409
0	0
0	0
0	0
0	0
0	0
9	12
0	12
0	0
0	0
0	0
0	0
0	73
0	73
0	62
0	72
1	12
0	10
0	3
0	666
92	1278
1	393
0	1061
0	894
1	897
0	1111
0	1091
0	574
7	283
0	327
0	423
1	287
0	185
0	222
0	56
549	346
0	345
0	89
2	36
1	84
0	90
1	87
0	37
0	37
0	69
0	118
2	296
0	180
0	123
0	168
0	584
0	647
0	147
0	98
0	43
0	204
0	157
0	57
0	35
134	0
0	166
0	166
0	166
0	166
0	0
0	0
69	158
3	158
0	98
0	0
0	0
0	0
0	49
0	77
0	205
0	282
1	181
0	180
0	257
0	68
1	89
0	94
1	49
1	83
2	50
0	20
0	32
0	121
2	121
1	12
0	0
7	248
1	242
2	161
1	56
4	512
48	692
0	253
0	188
29	538
0	189
43	309
0	153
7	101
0	67
0	255
0	6
37	20
0	3
0	11
0	0
0	0
0	0
0	0
0	0
0	0
0	0
46	10
0	1
0	9
0	0
0	0
2	1249
4	396
64	204
0	1249
1	399
11	855
0	180
0	287
0	708
4	163
0	32
0	69
0	0
0	0
0	0
0	0
0	3520
0	2620
1	4132
0	81
2	77
0	68
0	61
1	46
0	26
0	21
0	23
0	21
1	12
0	23
0	18
0	4
0	15
0	3
0	68
0	76
0	76
0	65
2	142
0	143
0	3
6	49
1	9
0	31
0	9
0	0
0	0
0	0
0	0
0	0
0	0
0	0
0	0
0	53
0	0
0	10
24	29
2	28
0	25
222	1467
18	1460
0	479
2	534
1	98
1	7
1	45
0	124
1	10
0	8
0	3
0	2
0	1
0	1
0	1
0	0
0	1
0	0
105	104
0	101
0	14
4	1
1	1
0	19
0	2
13	86
1	28
0	24
0	2
1	53
0	314
0	331
0	228
0	122
5	147
0	342
1	45
0	31
0	331
0	336
0	181
3	181
0	86
0	83
0	80
0	31
2	36
237	0
0	0
0	24
0	23
0	22
0	22
0	24
0	24
0	23
0	23
0	23
0	21
0	22
0	21
0	12
0	21
0	22
0	21
0	20
0	21
0	7
0	17
0	0
0	2
0	279
13	12
74	51
67	47
0	4
0	1
0	17
0	17
0	17
1	14
0	16
2	14
0	21
0	15
0	10
0	3
0	1
0	1
0	0
0	0
0	0
0	4
0	0
0	0
0	0
0	0
62	0
5	33
0	0
1	0
0	0
0	14
0	33
0	24
0	18
0	34
107	17
0	39
0	7
1	33
0	226
0	40
0	476
0	484
0	278
1	186
0	96
0	198
3	25
0	39
0	176
0	169
0	45
0	149
0	159
0	157
1	92
0	171
0	36
7	22
4	53
0	97
0	54
0	39
1	65
0	46
0	48
0	54
0	32
35	31
0	31
1	23
8	416
0	437
0	272
2	34
0	0
0	63
0	86
0	54
2	47
0	56
0	56
0	46
0	25
1	54
0	47
1	42
1	42
1	40
0	41
0	40
1	0
0	8
0	5
11	9
0	6
1	44
1	3
3	3
5	5
0	6
3	24
0	43
0	44
0	3
0	45
5	19
4	10
0	3
0	1
56	3
0	1
0	2
1	202
0	353
0	230
1	158
0	134
1	22
0	346
0	0
0	0
0	0
0	0
0	0
0	230
0	251
0	146
16	86
0	108
0	48
0	2
0	14
2	25
1	17
1	25
59	839
93	1052
40	1052
1	0
0	0
3	0
51	186
0	186
0	0
0	740
0	461
0	716
0	0
0	0
0	0
0	0
0	0
0	0
0	0
0	61
0	579
0	46
0	70
22	579
0	63
0	59
0	179
0	159
4	34
1	6
19	369
1	197
0	26
0	12
1	84
0	152
1	147
9	152
4	10
1	521
0	529
0	134
23	507
0	0
0	96
6	359
0	287
0	94
0	317
0	312
0	125
0	3
21	0
0	7
0	7
12	2
0	7
0	7
1	288
0	73
22	64
1	247
0	7
0	72
0	96
0	80
14	197
1	25
0	0
0	6
0	5
0	0
0	4
0	4
0	3
2	0
0	0
0	0
40	60
12	60
0	11
0	0
0	25
27	26
0	5
0	6
0	1
0	15
0	17
0	15
0	7
0	2
0	6
0	6
0	4
0	2
0	0
314	78
0	70
1	8
1	29
401	154
0	53
0	35
0	90
0	49
0	54
736	429
9	32
0	61
0	287
0	13
0	17
0	36
0	20
0	39
1	29
0	34
18	324
2	502
0	501
0	0
0	0
0	0
0	0
0	536
0	503
0	514
0	529
0	538
0	491
0	491
0	514
0	514
0	509
0	518
0	532
0	522
0	517
0	536
0	222
0	264
0	270
0	202
0	164
0	188
0	195
0	204
19	156
0	181
0	31
0	158
0	166
0	168
0	161
0	135
0	160
0	153
0	146
0	168
0	155
0	151
0	173
0	176
0	142
0	118
0	53
0	71
0	55
0	31
0	77
0	26
0	76
0	31
0	71
0	0
0	60
0	71
0	77
0	59
0	54
0	55
0	49
0	55
0	69
0	43
0	45
0	26
0	42
0	40
0	40
0	34
0	50
0	50
0	48
0	0
0	35
0	13
0	13
0	31
0	31
0	27
0	28
0	26
0	10
0	20
0	9
0	15
0	22
0	0
0	8
0	10
0	0
0	3
0	3
0	6
0	0
0	2
0	37
3	37
157	581
0	63
0	66
0	560
1	22
1	360
2	0
0	66
263	63
0	25
4	24
0	17
0	0
0	0
0	63
28	52
12	82
0	11
7	12
0	25
3	31
0	26
0	14
0	79
0	81
10	37
5	8
2	5
1	18
1	0
0	223
0	231
0	329
0	229
0	173
0	327
0	221
0	345
0	451
0	127
0	241
0	221
0	103
4	14
31	14
0	0
1	0
0	118
0	122
0	42
0	43
1	41
0	32
0	35
0	37
4	32
0	35
0	34
0	25
0	31
0	30
0	11
0	10
0	1
0	11
0	11
0	7
0	0
0	110
0	11
1	25
26	25
0	3
0	721
45	228
0	636
1	551
0	325
11	82
0	130
0	365
0	121
0	79
0	76
0	2
1	17
0	80
0	25
0	33
0	35
0	36
0	17
0	36
0	13
0	24
0	16
0	5
2	10
0	245
99	268
0	268
0	245
6	227
0	29
0	3
0	29
0	2
0	30
0	29
0	3
0	6
0	1
880	1
8	1
0	33
2	45
0	41
0	83
8	42
0	68
0	77
0	90
0	28
0	28
1	17
0	0
0	0
0	0
0	0
103	350
0	30
0	338
0	296
0	111
4	85
0	136
0	320
2	64
0	64
13	23
0	56
0	52
2	0
0	10
1	16
0	35
0	8
0	18
0	18
3	23
0	11
13	294
5	104
1	149
0	294
0	0
0	0
21	0
13	35
0	19
0	30
47	33
0	42
0	37
1	6
0	265
13	171
4	252
2	234
1	63
16	6
0	1
0	6
0	0
0	0
0	0
0	0
0	6
5	83
2	110
0	116
0	311
0	125
2	114
0	186
0	33
0	75
0	2
0	37
0	56
0	24
0	194
0	20
0	88
0	10
0	8
0	22
0	15
2	32
1	36
0	87
0	110
0	26
0	86
0	60
0	59
2	53
1	48
0	18
0	3
0	3
448	340
0	213
0	253
0	43
2	96
0	96
0	96
0	25
0	18
2	7
0	1
0	96
3	0
5	719
0	215
0	144
0	0
0	0
0	1
0	0
0	0
0	1
0	0
0	0
0	0
0	0
0	1
0	1
0	0
0	3
0	0
0	0
21	406
0	326
0	368
0	387
0	315
0	92
2	24
3	92
0	161
0	86
0	60
5	0
30	28
0	39
0	483
0	34
0	23
0	2
0	470
0	7
0	19
1	12
0	13
0	18
0	18
0	6
0	8
0	7
0	18
81	0
0	0
0	0
0	0
0	0
0	0
0	0
0	0
0	0
0	0
1	52
827	1346
0	305
2	699
4	592
1	271
8	46
7	1003
118	819
0	36
0	291
12	286
0	896
8	799
15	752
0	960
1	242
10	45
4	131
0	423
13	309
9	743
170	384
1	379
1	81
1	2
0	156
0	68
0	18
0	66
3	48
0	478
0	679
0	591
0	591
0	307
0	254
0	111
2	183
0	200
0	28
0	93
0	636
136	266
2	1
2	102
1	127
10	146
7	7
4	330
90	363
0	204
0	63
0	14
64	65
0	54
0	56
0	32
0	0
0	0
0	0
0	0
0	0
0	0
0	6
0	77
97	75
0	30
0	54
309	170
1	169
0	169
0	148
208	241
0	230
0	224
0	231
0	222
0	42
0	209
0	210
0	198
0	11
1	4
0	29
0	22
0	15
169	77
0	7
2	70
0	11
0	29
3	25
1	1
0	0
0	0
0	0
0	0
0	0
0	0
0	0
0	0
0	0
1	0
0	0
0	0
0	0
0	0
0	0
0	0
0	0
0	0
0	0
0	0
0	0
0	0
0	0
0	0
0	0
0	0
0	0
0	0
1	0
0	1
0	1
0	0
0	0
0	0
0	0
0	0
0	71
0	71
32	146
8	146
0	4
0	0
0	0
0	0
0	11
0	11
0	0
0	0
0	0
0	0
0	0
2	0
0	0
297	28
0	1212
237	1159
1	346
0	366
0	173
0	185
0	98
0	97
63	70
0	59
0	7
27	2
2	74
4	185
0	149
0	0
0	0
22	1
175	28
0	294
0	278
0	44
2	11
0	140
1	47
7	52
0	7
1	56
1	32
0	15
0	26
0	24
0	17
0	1
0	5
48	0
384	710
0	91
1	65
0	38
3	25
0	39
3	181
57	358
3	26
8	223
8	223
0	0
2187	1396
0	210
19	1
18	348
9	715
1	184
0	7
0	30
1	40
0	43
2	43
0	43
0	452
4	391
8	231
0	453
48	198
6	296
5	351
1	73
0	35
1	136
0	48
0	29
1	64
1	38
0	29
0	38
0	12
8	34
2	12
0	34
323	919
3	658
0	332
6	842
0	782
3	714
0	835
0	269
0	80
0	69
2	129
0	6
0	56
0	41
0	161
0	12
0	57
8	40
0	18
1	19
11	19
0	9
37	710
11	654
1	383
0	409
2	31
0	0
2	367
0	403
0	37
1	4
0	8
0	6
2	171
0	186
1	171
8	161
0	21
0	399
0	396
0	171
98	1
0	0
0	1
0	1
0	1
0	1
0	1
0	1
0	1
0	1
0	1
0	0
0	1
0	0
0	0
0	0
0	0
0	0
0	0
0	0
0	0
0	0
0	0
0	0
0	0
0	0
0	3
0	3
0	2
0	0
0	0
0	0
0	0
1	694
1	708
18	281
0	620
0	325
0	522
0	456
0	70
0	435
0	142
0	124
0	51
0	68
0	45
0	697
5	193
0	187
0	41
7	3
0	22
1	46
0	29
3	856
16	856
1	0
0	0
0	0
0	0
0	0
0	46
0	47
0	46
0	207
13	207
0	98
0	0
0	80
0	71
0	33
1	227
9	1251
0	1232
0	419
5	410
0	584
1	275
2	71
0	413
0	340
1	63
9	699
0	364
1	106
0	526
0	46
15	679
1	699
0	146
0	185
155	109
0	93
31	103
3	0
235	120
5	104
0	16
0	126
20	125
0	32
0	13
0	20
0	5
0	34
0	34
0	37
2	159
0	199
0	210
0	180
0	34
0	37
0	128
0	66
0	38
0	141
1	41
3	15
1	159
0	139
0	112
0	71
0	54
0	65
0	56
2	7
394	384
0	237
0	194
0	142
21	163
11	5
0	5
0	0
0	0
0	0
0	0
0	0
0	0
0	0
813	83
0	84
2	1
154	113
0	13
0	100
0	6
0	814
2	762
2	586
0	537
0	183
0	183
0	762
0	78
55	334
237	673
1	673
3	91
3	92
5	61
2	27
3	41
0	13
0	50
0	44
0	7
0	0
0	6
0	6
0	6
0	5
0	5
0	5
0	0
0	0
0	5
0	6
0	6
0	6
0	0
0	0
0	0
0	0
0	0
0	0
300	150
6	150
0	62
0	260
0	171
0	125
0	174
0	154
0	258
0	259
0	175
0	155
0	190
1	182
0	23
0	233
0	32
2	100
0	257
0	23
0	165
0	164
0	144
0	144
0	248
0	248
0	191
0	131
0	72
0	118
0	176
0	39
0	117
0	84
0	26
697	180
0	165
0	82
0	0
3	0
2	0
3	152
0	294
0	316
0	180
0	138
0	41
0	161
0	148
0	175
0	190
0	176
0	170
0	133
0	69
0	89
0	123
6	45
0	92
0	70
10	46
6	7
0	3
0	1
0	0
0	1
0	1
0	1
0	0
1	0
0	0
0	3
0	6
0	20
0	49
0	53
0	50
0	13
0	10
0	28
72	125
0	71
0	124
4	0
0	0
0	0
0	0
0	0
2	914
3	96
6	300
0	302
0	53
25	95
0	231
0	352
0	330
0	467
0	8
0	9
14	147
0	219
3	61
32	162
6	115
0	915
10	1039
2	1052
6	757
1	64
0	33
5	40
0	0
3	520
27	520
7	32
0	167
3	11
0	0
416	86
1	86
839	0
26	0
1	175
0	189
1	189
0	25
1	173
0	56
0	0
0	63
42	29
472	576
21	543
0	110
0	138
0	146
0	146
2	147
0	76
0	145
6	10
6	98
5	98
38	1727
0	33
0	1743
1	398
0	301
5	111
0	412
0	173
0	213
0	190
0	97
0	0
0	0
0	0
1	0
0	0
0	0
0	0
0	0
0	0
0	0
0	0
0	0
0	0
3	283
8	253
289	288
0	347
1	64
7	64
0	435
0	423
5	464
2	58
1	10
1	453
25	235
0	406
0	209
0	366
1	46
0	19
0	35
0	74
1	11
0	31
0	55
0	37
0	6
0	382
101	119
0	79
1	36
4	19
0	10
0	19
6	0
2	1379
26	282
7	271
0	132
4	97
0	43
0	18
21	3789
37	2848
5	1222
0	1
0	1
0	1
0	1
0	0
0	0
871	101
1	226
1	226
6	11
0	0
0	0
0	0
0	0
0	0
0	73
0	73
0	73
0	11
0	1
9	407
0	408
2	286
4	276
163	465
0	231
1	180
0	29
0	0
0	0
0	0
0	0
0	0
0	0
0	0
0	0
0	313
1	288
1	30
0	79
1	305
0	312
0	310
0	308
1	0
51	60
0	52
0	7
0	8
0	49
1	0
0	314
0	33
0	264
1	177
0	455
1	449
0	2
1	76
1	47
0	105
0	449
0	834
0	799
0	962
0	185
2	43
1	99
0	36
4	7
1	7
1262	0
0	418
14	240
2	39
1	106
0	106
0	95
0	418
2	77
99	80
0	60
0	0
770	547
5	163
0	275
0	274
6	314
1	143
1	700
33	2030
1	354
9	717
0	1293
0	808
2	1154
0	725
0	913
0	187
0	590
1	887
2	800
2	299
0	2632
1	2330
2	513
1	744
12	114
1	129
2	302
7	423
0	640
0	365
0	2632
0	0
0	0
0	0
0	0
0	0
0	7
0	2
0	0
0	1
0	6
101	0
0	46
0	33
0	6
1	7
0	3
0	20
0	20
0	20
0	3
0	4
0	6
0	0
0	6
0	0
0	44
0	82
5	82
0	0
0	0
0	0
0	0
0	0
0	0
0	0
0	0
0	0
0	0
0	0
0	0
0	0
0	0
35	112
0	26
1	32
2	58
1	20
0	4
0	24
0	112
28	128
2	130
6	137
0	28
0	104
1	209
1	111
20	188
0	130
0	73
0	0
324	124
0	58
0	88
0	56
0	33
0	20
158	237
4	140
0	8
50	121
0	230
0	143
0	3
0	26
0	12
2	54
2	21
0	19
0	23
0	2
0	0
0	10
0	0
0	10
0	0
0	26
0	202
3	222
0	157
0	30
0	28
0	152
0	39
1	24
0	22
0	205
0	34
1	27
2	17
0	15
0	7
0	32
0	60
0	218
1	1123
34	1123
0	295
2	1100
0	283
0	0
0	0
0	0
0	0
0	0
0	0
0	0
0	0
0	0
0	0
0	0
0	60
1	5
0	4
0	9
3	8
0	60
3	3
0	2
0	1
47	490
16	455
0	454
0	167
0	234
0	88
7	64
1	44
0	37
0	31
0	23
0	10
0	13
11	211
6	985
0	987
0	907
0	114
105	633
1	40
0	659
0	170
0	30
0	51
59	0
1	238
21	289
0	288
2	267
0	295
0	208
0	22
0	48
0	23
1	56
0	59
0	44
0	48
3	20
0	0
0	0
271	204
1	129
2	75
0	952
0	889
0	886
0	86
0	130
3	932
286	109
0	109
1273	918
0	344
13	344
0	160
0	164
0	326
0	483
0	484
0	159
0	106
0	131
0	131
0	484
0	0
0	83
0	12
1	6
0	537
0	554
3	98
1	533
0	518
0	529
0	63
0	63
0	54
2	51
0	86
0	62
0	75
0	46
0	48
2	24
0	6
0	3
0	4
3	4
0	3
0	3
0	1
2	467
0	496
9	426
0	226
0	242
1	85
0	286
0	115
5	163
1	256
0	110
0	45
0	50
0	38
0	25
0	829
0	357
0	320
0	388
0	90
0	598
0	233
0	835
0	34
1	0
1	507
0	187
0	42
0	126
0	11
0	179
0	18
0	42
1	18
0	0
0	94
0	829
0	835
0	233
781	0
18	0
5	90
0	140
0	13
0	75
0	124
0	0
0	0
0	0
1	326
0	0
0	0
0	515
99	252
0	1593
0	21
4	1431
0	1235
26	120
0	1287
3	1410
894	241
1	137
0	109
0	0
0	0
0	0
0	0
0	0
0	0
0	0
0	0
0	13
0	0
1	13
0	13
0	16
0	18
0	18
0	2
0	3
0	1
0	3
0	3
0	0
0	0
32	110
0	107
0	101
0	11
0	17
0	20
0	16
0	4
0	7
0	1870
0	1868
9	928
0	947
14	78
21	174
0	356
0	210
3	100
3	96
0	934
0	1
0	0
0	0
0	0
0	0
0	0
0	1
10	0
0	0
1	13
0	1
1	14
0	1
0	1
0	0
0	0
0	0
0	0
0	0
0	10
0	12
0	14
0	10
0	0
0	1
0	0
0	10
0	9
0	5
0	4
178	0
0	1
1	0
0	1
0	0
0	41
0	414
2	431
0	125
0	65
0	63
0	400
0	94
0	80
0	34
3	25
0	22
0	37
0	0
0	0
1	380
3	304
37	120
0	125
0	66
0	711
2	464
0	576
7	347
0	0
0	84
0	0
9	104
1	109
0	72
1	90
0	89
46	86
34	70
0	21
0	0
0	0
0	0
0	0
0	0
0	0
0	0
0	0
0	0
0	0
0	0
0	0
0	0
3	76
0	64
0	5
6	72
108	240
77	234
0	17
0	312
4	108
2	37
10	133
0	93
3	42
5	42
16	2
0	1
0	1
0	0
0	0
0	0
0	0
3	35
0	35
0	5
0	410
0	3
2	82
2	95
0	357
0	406
0	38
2	17
0	75
0	325
0	620
80	74
3	659
0	374
0	29
0	44
3	240
0	55
0	21
1	295
1	67
0	67
0	0
0	283
0	229
0	248
0	53
1	78
67	202
0	45
0	7
0	48
818	23
4	23
0	3
834	0
972	1
135	4
0	4
1	0
729	0
0	0
0	1971
0	0
0	0
0	0
0	1
0	1
0	1
0	0
0	1
0	0
0	811
0	818
1	576
17	558
0	611
0	602
0	121
0	119
2	274
0	284
1	129
0	250
0	162
0	51
0	154
2	143
1	145
0	74
0	112
1	96
0	80
0	88
0	88
0	41
0	40
0	39
0	23
0	21
0	12
0	13
9	401
0	399
0	384
0	15
13	5
4	46
158	56
0	56
0	0
0	0
2	69
10	74
0	9
0	52
0	13
0	56
0	48
0	26
55	28
0	48
0	12
0	6
1	9
0	319
1	115
0	78
0	105
0	1
0	1
0	0
257	1
420	27
0	15
0	12
2	0
0	0
1792	0
0	0
0	362
0	386
0	293
0	15
0	7
0	52
165	366
0	366
7	338
0	288
1	1
767	9
5	10
0	8
0	3
0	6
0	6
0	3
0	2
5	1561
70	1951
0	668
0	258
0	52
0	3
0	1
0	1
0	2
0	1
0	2
0	1
0	3
0	3
0	43
0	53
0	54
5	109
0	79
0	52
0	15
0	4
0	99
6	378
0	539
0	370
9	385
64	7
1	159
0	111
1	55
8	3
0	486
0	2
0	0
0	0
0	0
0	0
0	0
0	0
0	0
0	0
0	0
6	162
43	65
0	188
0	278
0	215
0	257
0	275
0	216
0	278
0	263
0	258
0	277
0	275
0	183
0	202
0	260
0	259
0	273
0	276
0	271
0	275
0	261
0	261
0	201
0	265
0	254
0	201
0	198
0	256
0	269
0	266
0	239
0	258
0	172
0	141
0	193
0	154
0	177
0	193
0	175
0	160
3	37
0	160
0	81
0	105
12	117
0	98
0	103
0	97
0	59
0	68
0	9
4	7
0	2
0	2
0	156
0	0
0	9
0	8
0	9
0	9
0	9
0	9
0	9
0	8
0	9
0	9
0	8
0	10
0	6
0	5
0	5
0	5
0	1
0	0
0	1
0	0
0	275
11	524
0	530
0	13
0	9
0	522
0	450
0	674
0	149
0	592
0	638
0	629
2	175
0	277
0	190
0	148
0	308
0	663
0	603
0	491
3	2467
1	2469
10	2260
0	1395
0	2248
0	2460
0	2223
2	1599
0	1085
0	1536
0	984
123	387
21	1308
0	1271
0	927
6	763
0	697
0	577
0	540
0	483
0	306
0	324
3	317
0	179
0	101
63	17
0	846
0	538
0	64
0	28
0	40
0	824
0	824
0	809
2	115
8	129
0	201
0	25
0	44
0	38
0	61
0	19
1	238
2	258
0	270
0	51
0	0
0	0
0	0
0	0
0	0
0	0
0	0
0	0
778	83
0	21
1	62
540	0
0	0
0	0
0	0
0	287
0	483
0	58
0	90
0	62
15	1
0	434
0	445
0	0
0	320
0	142
0	62
5	40
0	9
1	339
162	0
94	668
2	377
0	264
1	253
0	115
1	104
0	581
0	20
1	187
0	35
0	14
0	18
0	187
0	188
0	182
4	2
1	2
0	2
0	2
0	2
0	2
0	0
0	1
0	2
0	0
0	2
0	61
0	0
1	61
0	0
0	0
0	0
1	62
0	2
0	61
0	0
0	2
0	6
0	1
0	0
1	180
0	134
0	159
0	81
0	51
1	28
0	156
1	57
0	20
83	618
0	53
9	20
0	642
0	5
0	94
4	59
6	538
6	597
1	0
0	597
0	12
0	99
0	181
2	643
1	655
0	779
0	70
1	73
0	156
0	458
0	774
0	234
3	215
1	196
24	62
8	31
2	12
4	219
0	4
0	2
0	3
1	1
0	1
0	0
0	4
923	358
0	157
0	0
0	201
0	0
235	0
0	1
0	1
0	143
0	70
0	0
0	0
7	1218
0	1229
0	248
0	132
29	85
2	110
0	1214
14	4
0	0
0	2
0	4
0	0
0	0
0	0
0	0
0	0
0	0
0	0
0	0
0	27
0	9
0	27
0	0
0	0
0	0
16	0
0	15
0	413
0	423
0	72
0	65
0	53
0	51
0	44
0	36
5	12
0	414
0	18
1	25
117	25
3	0
0	0
9	273
0	179
7	106
3	88
179	79
0	20
0	61
0	29
0	26
0	26
2	24
0	22
0	12
0	5
0	1
0	120
1	123
0	24
1	29
0	12
0	5
0	17
0	3
1	0
2	0
0	0
0	2
0	4
0	2
0	2
0	0
0	0
0	15
1	0
0	0
0	0
9	4826
47	3120
0	4212
1	4742
7	4442
0	4360
0	2018
3	2273
3	2196
2	713
0	725
19	613
17	3
0	2
0	1
0	1
2	1
0	53
0	50
0	23
0	15
0	3
0	3
0	1
0	3
0	53
0	114
359	341
0	34
0	0
0	289
0	27
0	2
0	22
0	22
0	9
0	23
0	16
2	25
0	375
0	327
1	130
6	355
0	303
1	120
1	18
0	100
19	152
4	70
0	59
0	34
1	92
0	86
0	120
0	0
0	0
0	0
0	0
0	0
0	0
0	0
408	395
0	157
3	217
0	393
0	254
1	108
1	33
0	0
0	0
0	0
0	0
0	0
0	0
0	0
0	0
0	4
0	4
0	4
0	4
0	4
0	4
0	3
0	4
0	4
0	4
0	0
0	4
0	4
0	4
0	4
0	4
0	4
0	4
0	3
0	4
0	4
0	0
0	4
0	4
0	4
0	4
0	4
0	2
0	4
0	4
0	4
0	2
0	4
0	4
0	4
0	4
0	4
0	0
0	4
0	3
0	4
0	4
0	4
0	4
0	2
0	0
0	1
0	1
64	36
0	30
2	6
3	5
0	20
0	1214
0	481
0	1218
3	1151
0	85
0	695
0	101
3	39
0	13
0	13
0	10
0	4
0	0
0	12
0	99
0	2
0	19
0	70
0	9
0	18
0	100
0	0
0	2
0	17
0	3
0	1
0	0
0	0
0	0
0	0
0	0
0	147
1	292
0	186
3	12
1	246
1	68
0	84
0	184
0	135
0	130
0	18
0	2
0	11
0	36
0	27
0	27
0	34
0	13
0	17
0	0
0	0
0	0
0	0
0	0
0	0
0	0
0	0
0	0
0	0
0	0
0	0
0	0
0	0
0	0
0	0
0	0
0	0
0	0
0	0
0	0
0	0
135	8
0	8
0	58
1	58
5	21
0	9
0	9
0	9
0	9
0	5
92	193
0	156
0	30
0	59
1	114
0	74
0	15
0	4
0	20
1	50
0	50
0	45
1	1
0	49
0	43
0	43
0	15
9	1060
0	1362
0	1286
0	1331
0	1329
1	1290
0	1213
1	265
0	254
9	192
0	85
22	121
0	105
1	46
2	46
0	142
0	174
0	174
1	141
0	173
0	173
0	206
4	130
0	66
0	66
0	66
0	119
0	270
0	97
0	96
0	234
1	5
1	207
14	263
0	259
0	97
20	143
0	237
0	237
0	91
0	95
0	136
0	208
0	190
0	55
0	210
0	221
0	225
0	187
0	48
0	224
0	33
0	170
0	19
0	162
0	160
0	148
0	156
0	147
0	152
0	306
23	306
0	44
0	446
1	41
3	20
0	49
0	39
0	6
0	14
0	30
0	5
0	11
0	435
1	643
0	643
1	47
7	0
0	80
0	643
1	0
0	0
0	0
0	1
9	30
0	7
7	5
0	7
0	6
0	22
0	25
1	15
2	271
0	76
2	311
22	359
0	36
0	31
0	43
0	0
0	0
0	0
0	0
0	0
0	0
0	0
0	0
0	0
0	0
0	0
0	0
0	0
0	0
0	0
0	0
0	0
0	0
0	0
0	0
0	0
43	28
1	3
0	27
1	3
0	7
1	4
88	4706
0	148
0	3052
0	351
1	465
0	558
2	4048
0	3032
0	2806
0	328
0	6
0	238
0	395
2	2895
0	293
0	499
4	245
0	0
11	15
0	7
0	8
0	4
0	0
6	3045
0	2777
0	2033
30	684
0	576
16	793
0	16
371	884
0	595
0	588
0	518
0	492
2	140
1	75
0	734
141	137
13	137
0	34
0	0
0	0
1	0
0	7
0	28
0	7
0	4
0	15
0	6
0	28
0	6
0	5
0	28
0	28
0	5
0	6
0	0
0	0
0	916
0	305
0	151
0	149
57	900
2	223
0	145
0	134
0	121
0	109
0	91
0	89
0	85
0	74
0	28
0	0
0	0
0	2
0	0
0	20
56	269
0	3
0	198
0	64
2	34
0	14
0	17
0	7
0	7
0	7
0	2
0	0
2	9
0	8
0	4
0	2
0	2
0	0
0	1
0	1
0	2
0	1
0	1
0	1
0	1
0	0
0	1
0	0
10	285
0	8
0	214
2	4
0	280
36	16
0	0
1	14
1	9
0	6
0	0
1	0
1	0
0	0
3315	310
0	310
71	399
3	93
0	316
0	153
0	12
0	20
1	11
0	24
2	15
0	190
0	167
0	99
0	68
0	28
0	12
0	15
0	0
0	0
0	0
0	0
71	478
0	19
1	120
0	478
0	12
0	3
0	28
3	83
0	47
0	1
3	0
0	1
0	1
0	1
0	0
0	0
0	1
0	1
0	0
0	0
0	0
0	8
0	3
14	8
0	0
0	3
0	0
0	0
0	0
0	0
0	0
9	470
0	470
0	0
0	0
0	0
0	0
5	439
1031	1320
0	1065
113	136
0	136
0	0
0	0
0	0
0	0
0	0
0	0
0	0
0	0
0	0
0	0
24	2
0	1359
0	1317
0	599
0	44
0	0
27	421
8	421
0	6
0	6
0	6
0	1
0	0
0	1
0	1
0	1
0	0
0	0
0	0
0	0
0	0
0	0
0	0
0	0
3	37
2	12
1	30
8	3084
0	2256
0	3293
0	4221
1	3732
0	3016
15	1667
107	2366
0	1045
0	3410
0	1740
345	276
0	213
1	150
0	622
1	636
0	652
0	108
0	449
4	62
0	54
4	72
0	52
0	68
0	18
9	16
0	10
0	0
0	0
0	21
0	4
0	7
0	2
0	21
0	4
1	160
0	20
2	160
17	0
0	5
15	169
1	173
0	153
1	0
40	3
0	504
8	738
0	753
1	743
19	759
23	797
37	804
5	507
0	6
0	11
0	30
0	9
0	44
0	14
0	7
0	13
0	5
0	47
0	10
0	8
0	13
0	13
0	13
0	14
11	38
0	7
1	4
0	24
0	21
0	21
0	21
0	20
0	13
0	9
0	0
0	0
0	0
0	0
0	0
0	0
0	420
0	43
0	423
2	29
0	29
0	21
1	24
93	124
0	9
53	264
3	6
46	197
1	15
2	0
0	0
0	0
216	766
1	647
1	89
0	67
0	102
0	104
0	65
0	109
0	92
0	73
0	93
1	53
0	40
0	32
0	26
0	42
3	85
0	491
0	0
0	0
0	181
2	1263
0	127
0	2273
0	1174
0	2261
0	1001
2	532
0	40
5	142
3	83
3	27
11	23
0	25
7	133
0	48
6	68
1	41
3	26
4	6
3	38
0	75
0	33
2	32
0	262
1	212
0	177
198	361
145	196
1	58
1	114
0	83
0	748
0	815
0	34
1	200
0	716
0	698
4	705
0	699
0	716
0	726
0	778
0	705
0	596
0	618
0	639
0	767
0	801
0	180
0	767
0	733
0	646
0	193
0	734
0	601
0	73
0	529
0	748
0	331
0	37
0	335
0	331
0	329
0	77
0	8
0	26
1	8
0	16
0	11
0	10
3	10
0	7
0	5
0	2
0	11
10	577
0	591
0	69
24	584
2	201
1	40
0	566
0	0
0	68
0	2
0	68
0	64
0	0
0	0
0	0
0	0
0	45
8	33
0	64
0	2
0	52
0	0
12	48
0	68
0	44
0	40
0	66
0	66
0	65
0	79
1	108
10	114
0	123
0	113
0	117
0	86
0	37
0	10
0	14
4	44
0	33
0	42
0	30
0	18
0	38
0	26
1	6
0	14
0	10
1	9
1	16
0	17
0	19
0	20
1	9
0	111
0	124
0	118
17	3
2	68
69	312
3	284
0	76
0	0
0	0
0	0
0	0
0	0
0	0
0	0
0	0
0	0
0	0
0	0
1	1775
0	139
0	2157
0	2196
5	619
0	1822
0	2191
12	105
0	676
14	258
0	183
7	0
67	202
0	204
1187	0
47	2240
0	119
0	2299
1	1175
2	1352
0	2235
32	2095
0	2377
9	2114
0	2311
0	235
1	177
0	365
0	372
1	1569
2	285
0	111
0	246
0	448
0	601
1	420
2	185
0	7
0	0
0	175
0	177
0	2
0	75
0	70
0	53
0	2
0	0
0	0
393	131
0	39
0	39
1	50
5	3
0	0
0	0
0	0
0	0
0	56
0	89
0	139
1	108
0	133
0	134
0	112
0	110
0	110
0	102
0	113
0	125
1	23
0	110
0	128
0	112
0	74
0	114
0	107
0	103
0	121
0	106
0	28
0	113
0	40
0	81
0	63
0	61
0	23
38	111
3	112
12	23
0	2
1	23
1	23
0	104
0	579
0	567
20	573
0	581
0	580
0	589
0	88
0	76
1	106
1	33
1	24
0	17
0	83
1	35
0	29
4	10
0	1
0	2
0	0
0	2
0	0
0	0
0	0
0	1
0	0
0	1
0	0
0	0
0	1
0	0
0	1
0	0
0	1
0	1
0	0
0	223
0	470
0	467
1	241
0	71
0	67
0	21
1	9
1	16
0	344
0	22
0	12
2	0
0	79
0	331
0	338
0	0
0	0
0	0
0	0
0	0
0	0
0	0
0	0
0	510
0	389
0	370
0	486
0	394
6	462
0	492
0	489
0	395
1	206
0	387
0	376
0	358
0	246
2	60
0	178
0	192
0	144
0	199
0	154
0	59
0	67
0	25
0	50
0	8
0	10
0	0
0	259
14	129
0	186
6	127
5	151
10	151
0	136
4	0
2	53
3	111
0	111
2	50
276	0
7	3925
1	2
4969	17715
208	16083
13	7973
0	0
0	0
0	0
0	0
0	406
791	398
0	136
0	169
4	52
1	151
0	0
0	0
0	0
3	6
0	7
0	6
0	5
0	8
0	5
0	5
276	323
0	326
0	191
0	286
0	177
0	0
0	43
0	21
0	17
0	34
0	35
0	17
0	32
0	24
0	27
0	6
2	25
0	7
0	23
0	21
0	15
1	10
0	8
0	4
0	7
2	1
0	6
0	3
0	0
0	1
6	73
0	0
0	73
0	63
0	60
0	18
70	129
0	65
0	0
0	66
2	18
0	116
0	22
0	48
126	77
0	77
0	106
1	183
1	183
0	2
0	2
0	0
0	2
0	0
0	0
0	0
0	1
0	5
1	1
0	1
0	4
0	0
20	1464
40	2261
2	2472
0	3378
0	3506
0	3448
0	147
8	168
2	226
6	23
0	151
0	148
0	156
0	50
0	155
6	148
0	24
0	36
0	36
0	2
0	10
0	280
2	296
0	2
0	18
0	2
0	55
0	0
0	0
0	0
0	0
0	0
0	0
0	0
0	0
0	0
0	0
0	0
0	0
0	0
0	7
0	127
0	2195
5	197
1	1908
0	1225
0	1303
0	1774
0	1267
0	1271
1	33
0	1888
1	181
0	130
0	463
9	289
5	107
1	280
1	2032
0	0
33	42
0	42
4	5
15	20
15	296
0	34
1	27
0	21
0	11
0	34
0	37
0	119
0	44
0	27
1	236
0	2
0	102
2	40
0	97
0	105
0	177
0	62
0	115
0	113
1	62
2	147
2	63
4	0
0	177
46	799
1	33
1	799
0	206
0	103
0	188
2	170
0	56
0	46
2	95
0	27
0	14
0	0
0	206
0	0
0	0
0	0
0	0
0	0
0	49
0	378
1	98
0	101
0	114
0	1017
0	357
0	978
2	62
62	43
0	44
1	1016
0	378
0	30
0	12
0	2
0	23
0	23
0	1
99	1
2413	1123
0	268
0	267
0	163
0	73
0	11
0	154
0	114
0	170
0	272
0	106
0	35
0	54
0	52
0	38
0	51
0	28
0	28
0	23
0	27
2	24
0	27
0	37
0	25
1	25
0	29
0	23
0	38
0	7
0	4
0	31
0	4
0	10
4	0
0	1778
0	1743
0	1509
11	1916
0	309
13	80
9	321
0	466
6	60
0	1911
392	0
0	15
0	423
1	378
0	386
22	132
12	132
0	150
0	294
1	292
0	37
70	270
1	170
1	1
0	16
0	109
1	351
0	394
0	408
0	451
0	467
0	472
0	468
0	18
0	106
0	333
0	467
0	71
0	0
9	486
9	94
0	451
0	3
0	0
0	1
0	0
0	1
0	3
0	0
0	1
0	1
0	0
0	0
0	0
7	118
1	118
6	17
1	85
0	0
7	92
11	62
101	4
0	1
0	0
0	3
0	0
0	298
0	35
61	445
0	41
0	2
0	314
0	447
11	52
0	124
0	216
27	2
4	2
17	2
2	28
0	178
0	195
0	172
0	146
3	119
2	110
0	11
0	15
0	13
0	12
0	17
0	1
0	26
0	8
0	6
0	6
0	14
0	14
11	27
0	40
0	174
187	565
0	8
1	545
0	26
0	30
0	14
0	16
0	358
0	0
0	30
0	37
0	36
1	148
0	22
0	0
0	0
0	4
0	236
0	0
1	4690
0	3
28	4354
65	4811
0	135
53	108
11	3493
145	4696
1	19
0	1
0	1
0	1
0	0
0	0
3	386
0	312
3	359
0	318
81	145
6	158
4	112
1363	639
2	158
4	515
0	378
0	0
0	0
0	0
0	0
0	0
0	0
0	0
0	0
0	0
0	0
0	0
0	0
0	0
0	0
0	0
0	0
567	471
6	413
0	354
0	463
0	356
3	0
0	0
2	0
0	0
3	29
480	830
0	1023
34	201
0	692
0	987
0	641
0	403
0	657
0	431
3	38
2	29
0	229
0	89
7	45
0	51
5	1
0	1
0	0
0	0
0	0
0	0
0	396
2	271
2	522
0	378
2	104
1	28
0	1603
0	1585
0	1502
1	451
0	529
0	1257
0	780
0	1271
0	312
0	608
1	1212
2	563
6	951
0	1231
0	146
0	144
0	75
2	328
0	320
4	354
4	465
18	1126
8	1126
0	0
0	0
0	0
0	0
0	0
0	0
0	0
0	0
23	458
0	458
0	461
3	451
0	409
1	402
1	34
0	43
1	36
21	38
0	173
7	313
15	321
3	33
4	78
1	91
5	43
1	43
0	24
0	152
1	109
1	113
0	104
0	83
0	453
0	406
2	2
0	190
0	190
0	149
8	40
0	56
0	32
2	16
0	27
0	8
3	19
1	6
0	14
0	6
0	0
0	406
99	5
0	5
1	9
3	6
0	209
0	174
0	170
0	147
0	165
0	174
0	19
1	8
0	158
0	210
0	10
0	11
0	0
0	0
0	0
0	0
0	0
0	0
0	0
0	0
0	0
0	0
0	0
0	0
0	0
0	0
0	0
0	0
19	1419
0	304
0	69
0	170
3	145
61	1053
0	515
1	511
0	160
0	76
1	34
6	8
0	517
0	514
0	514
0	508
12	275
0	169
8	194
16	81
0	144
2	189
0	118
0	194
0	192
0	193
0	0
0	0
59	252
1	25
0	243
0	223
0	110
3	47
3	18
0	37
5	11
1	5
0	2
0	0
0	2
0	2
0	0
1	0
0	0
0	0
178	861
0	54
0	56
5	22
7	13
1	177
24	580
1	90
4	89
8	115
0	120
0	0
0	2
0	1
0	1
0	0
0	0
0	2
0	0
0	365
0	555
0	295
0	47
1	0
0	0
0	0
0	0
0	56
3	50
0	18
0	2
0	16
1	424
0	128
1	333
0	19
1	107
2	185
1	125
1	168
1	28
9	45
0	39
11	37
1	175
0	99
0	12
0	176
0	99
0	334
0	266
13	363
0	206
0	181
0	178
0	86
1	108
0	50
0	71
0	338
42	209
274	1
0	1
1	100
0	868
2	1893
7	1871
1	1696
0	1873
5	434
9	526
0	468
5	547
6	30
4	55
7	30
0	26
0	466
0	180
3	186
0	177
0	121
0	127
1	120
0	114
0	101
0	38
2	18
0	23
0	178
4	40
0	35
3	41
12	162
0	162
0	0
0	0
0	0
0	0
0	0
0	0
0	0
0	0
0	0
0	0
0	0
0	0
0	0
0	0
0	0
0	0
0	0
0	0
11	4
241	64
2	8
0	47
0	63
0	12
532	516
0	437
23	503
4	15
18	101
9	27
13	5
0	0
1	6
0	1
0	0
0	4
131	412
11	394
69	343
0	11
0	44
10	18
14	0
0	2486
0	1607
3	680
41	70
8	718
1	624
1	678
9	616
0	831
6	677
29	1539
0	1564
0	1647
0	1560
0	1663
0	1421
0	716
0	648
0	469
0	1277
0	1016
0	79
5	228
5	129
0	153
0	7
0	8
0	142
2	18
0	16
0	16
0	15
2	2070
0	1806
0	1
9	318
0	0
0	5
0	7
0	2
0	2
0	0
0	37
0	37
0	45
0	61
0	103
0	98
0	24
0	59
0	49
0	24
36	9
4	3
0	23
7	40
9	20
12	1
0	1
0	39
0	16
2	35
0	3
0	0
0	0
0	243
1	174
2	144
0	222
0	124
0	228
0	41
0	48
1	26
0	44
0	47
12	128
1	8
2	15
1	43
8	0
0	0
0	579
0	0
0	0
0	0
0	0
0	0
0	0
120	17
2	17
366	20
0	1
0	1
1	1
0	48
0	228
0	74
0	729
2	129
0	161
0	74
0	163
0	90
0	715
0	55
0	181
16	687
0	35
0	668
0	89
0	652
0	66
0	54
2	65
1	425
0	424
1	433
0	75
0	27
4	0
0	0
0	0
0	0
10	512
9	537
15	163
0	0
1	0
0	0
0	0
0	0
137	2
6	192
0	206
0	286
0	214
0	329
0	203
0	9
0	50
1	14
1	27
0	44
0	14
0	17
0	25
0	15
0	23
0	0
0	0
0	9
0	15
0	12
0	16
0	7
0	1
0	113
0	16
0	6
0	214
0	326
0	2063
45	18469
5	12493
1	14891
0	18325
0	1458
1	2839
0	2371
0	90
0	17548
0	0
0	80
0	83
0	80
0	81
0	74
0	15
2	13
0	15
0	19
0	700
0	39
0	699
0	660
0	699
0	666
0	697
0	37
0	617
2	45
0	629
0	37
2	693
0	45
0	80
1	42
3	40
3	153
0	64
16	42
0	5
12	34
0	42
0	23
0	24
0	41
0	23
0	28
0	39
0	4
1	17
0	39
0	2
0	37
0	37
0	24
0	13
0	13
0	16
0	3
0	11
0	769
0	10
0	42
0	697
0	490
0	36
0	420
1	14
2	13
3	19
1	36
0	757
1	49
119	22
1	50
102	354
0	10
6	92
3	241
0	15
0	1953
0	2234
0	16
731	965
0	792
3	911
4	98
0	151
4	63
0	2
0	6
0	7
0	1
0	7
1	6
0	1
0	1
0	0
0	6
0	0
0	0
0	1
0	0
0	12
0	10
0	10
0	6
0	10
0	8
0	9
0	7
0	8
0	8
0	7
1	8
0	8
0	0
11	8
0	0
0	4
0	3
0	4
0	4
0	4
0	4
0	4
0	4
0	5
0	6
3	28
0	0
4	7
0	5
0	21
0	22
0	16
0	21
0	2
0	1
0	22
0	0
0	0
0	0
0	0
0	0
0	0
0	0
0	0
0	0
0	0
0	0
0	0
0	0
1	0
0	0
0	367
0	346
0	8
0	109
0	359
0	18
0	128
1	67
0	0
0	0
1	31
0	365
0	33
0	352
0	129
0	0
0	358
0	0
0	23
0	1
0	24
0	12
0	290
0	0
0	30
0	0
0	0
0	0
0	33
0	116
0	233
0	0
0	31
0	0
0	190
0	54
0	121
0	25
0	120
0	43
0	66
0	51
0	115
0	122
0	76
0	125
0	89
0	73
0	123
0	64
0	51
0	55
0	46
0	43
0	11
0	43
0	0
0	49
0	56
0	50
0	8
0	72
0	32
0	52
0	16
0	46
0	45
0	31
0	16
0	16
0	14
0	0
1	346
3	67
0	67
0	318
4	0
1	101
0	82
9	322
0	133
1	240
0	344
7	296
0	36
0	340
195	216
0	0
1	15
1	0
1	102
0	201
0	129
0	120
0	79
0	180
1	7
0	44
84	43
0	19
490	181
0	181
0	141
1	21
0	52
0	164
0	20
0	20
0	0
0	32
0	159
0	204
0	8
0	5
0	0
0	0
0	51
0	0
0	272
0	633
1	617
0	648
0	276
0	604
1	136
0	166
0	189
0	333
0	534
0	117
0	166
0	113
0	89
4	229
7	646
0	100
0	249
0	342
0	123
0	268
0	177
9	565
1	526
0	644
0	621
0	584
0	172
0	150
4	310
0	66
0	178
0	178
0	178
0	178
0	872
0	226
0	889
0	886
0	212
0	196
0	210
0	235
0	204
0	203
0	379
0	210
0	17
1	178
2	6
0	28
0	27
0	3
3	1
1	6
3	6
0	0
0	0
0	1
7	0
0	13
0	45
1	61
3	148
0	2
0	6
0	104
0	50
0	70
0	38
0	59
1	53
0	0
0	13
5	452
0	350
0	366
0	230
0	163
0	55
1	37
0	66
0	42
0	0
0	0
0	0
0	0
0	72
0	16
0	66
1	16
0	63
0	0
0	0
0	2
0	0
0	0
0	0
0	0
0	0
0	0
0	2
0	0
0	0
0	0
0	2
0	8
1	76
2	77
0	108
78	243
221	139
0	0
0	0
0	0
0	0
0	70
0	113
0	37
1	37
1	37
0	14
0	32
0	18
0	28
0	14
0	18
0	61
0	9
0	12
0	13
0	19
0	113
0	5
0	11
2	4
0	109
0	0
0	0
14	171
2	111
0	118
0	49
0	15
1	32
18	0
12	63
15	17
0	17
0	5
0	0
0	0
4	142
1	142
0	0
0	0
0	0
0	0
0	0
0	0
1	37
0	0
0	1
1	3
0	0
0	0
0	0
0	1
0	1
0	2
0	35
0	37
0	201
0	145
0	219
0	218
0	31
0	144
0	108
0	85
0	108
0	62
0	18
0	46
0	5
0	5
0	0
0	263
0	255
0	255
0	612
2	0
0	40
0	36
0	221
7	94
0	611
0	622
0	37
0	612
0	39
0	253
0	72
0	179
14	50
2	36
1	77
0	77
12	1240
13	1240
0	12
1	1227
0	17
0	9
0	13
0	7
0	15
1	269
0	97
44	1223
0	97
31	1405
0	325
0	92
0	76
1	129
57	378
0	350
2	150
0	619
0	157
0	128
22	289
0	340
67	287
0	123
0	225
0	245
7	230
0	97
0	159
0	75
0	56
0	88
0	23
11	1592
89	1568
0	1294
0	1373
4	885
0	521
0	454
0	477
0	1542
1	3
0	3
0	3
0	3
0	6
494	166
0	166
0	1
0	1
0	1
0	0
0	21
0	20
0	14
0	10
0	8
0	4
0	0
0	0
2	359
8	359
0	5
0	11
0	18
0	93
0	19
404	477
1	67
2	55
0	135
2	120
0	135
0	92
0	52
0	26
0	44
1	29
0	12
0	121
2	45
267	136
2	136
0	192
0	227
0	235
0	58
0	58
0	42
0	24
0	19
4	10
0	0
0	0
0	0
0	0
1	10
488	110
0	61
0	34
2	17
0	32
2	17
2	27
0	0
0	0
0	0
0	0
0	0
0	0
0	0
0	0
0	0
0	0
0	100
16	74
0	84
1	80
0	56
0	37
0	25
0	24
1	18
0	4
0	1
0	19
0	52
1	5
0	34
1	3
0	3
0	2
0	3
0	3
0	52
0	0
0	0
0	0
0	0
0	0
0	0
0	0
0	35
0	723
0	169
0	664
0	49
0	397
16	2
0	21
3	215
1	2
0	17
0	743
6	53
0	36
0	19
0	9
0	53
0	5
0	27
0	35
38	112
0	112
0	2
0	0
0	12
0	12
11	1133
0	3
0	33
2	16
0	1
0	2
0	2
0	5
0	5
0	12
1	2
0	10
98	55
1	0
0	0
0	0
0	0
0	0
0	0
0	0
0	0
1	0
0	0
0	0
0	67
0	126
0	126
0	180
0	180
0	150
0	200
1	169
0	66
0	115
0	102
0	31
0	68
0	309
0	308
0	255
0	95
1	71
1177	2476
0	1044
0	1950
4	913
2	2
4	24
0	58
2	58
0	0
0	21
0	22
0	30
0	57
3	138
0	46
2	124
0	21
0	53
0	6
1	6
0	0
5	345
1	373
0	35
226	848
0	809
0	483
0	392
0	75
1	298
0	181
0	133
360	0
0	0
1	248
8	261
8	121
0	280
0	263
0	284
544	289
0	260
0	248
0	280
0	1
0	94
0	381
0	85
208	393
0	60
0	155
0	127
0	65
0	62
0	51
127	274
0	289
0	115
0	251
0	251
0	22
0	13
0	126
0	13
0	23
0	23
0	0
0	2
0	2
0	0
0	0
0	0
0	0
177	14
0	4
0	10
0	3
0	0
0	1
0	1
0	2
0	0
0	0
0	1
0	0
0	0
0	0
0	0
0	0
0	1
0	1
0	1
0	20
1	0
0	0
0	0
0	0
0	0
0	0
0	0
0	0
0	0
0	0
0	0
0	6
1	12
0	13
3	108
68	61
28	108
0	55
0	11
0	7
0	5
28	138
5	36
2	68
0	79
0	7
14	18
0	5
0	2
0	0
5	20
1	0
0	0
0	0
0	0
0	0
20	1137
0	240
0	206
3	255
5	40
28	662
2	520
8	389
0	218
3	1139
0	1201
4	1137
243	0
0	0
0	0
0	0
0	0
0	0
0	0
0	0
0	0
12	90
3	66
0	84
8	4
6	688
0	704
11	691
2	113
0	211
3	56
0	85
0	23
0	4
0	619
0	27
0	27
0	10
1	9
0	8
0	3
0	4
0	6
0	4
0	0
0	0
430	0
0	8
1	140
150	193
0	45
0	14
1	20
0	4
0	8
0	5
1	3
3	2
0	6
0	29
0	9
0	0
0	0
0	0
1	0
1	32
16	36
2	9
224	1167
2	1167
0	44
0	47
0	46
0	47
0	1
0	12
0	19
0	15
0	1
0	47
2739	0
7	1801
0	439
0	739
0	1658
0	196
0	756
1	103
1	93
0	0
3	114
0	88
1	51
1	709
0	43
1	127
13	0
3	533
0	88
0	326
0	322
2	323
0	308
0	126
0	21
1	75
1	1
0	1659
0	4767
7	5543
498	3924
4	2175
29	2210
3	1747
0	881
14	1432
0	697
0	1346
1	1088
0	895
0	1388
8	691
0	772
0	1
8	86
3	0
0	241
0	231
0	231
0	231
0	182
0	8
0	241
1	239
0	231
1	6
0	125
4	86
0	115
0	98
0	13
3	34
70	1666
7	1666
0	142
0	11
0	129
0	147
0	226
2	151
0	189
0	173
2	313
4	192
6	522
0	0
0	0
0	0
0	0
0	0
0	236
0	205
0	1
0	1326
11	1186
0	1244
0	1377
11	151
1	658
2	4
0	116
5	5
6	160
0	158
0	82
0	1
487	11
0	11
0	495
303	1177
31	318
0	876
5	47
0	430
0	447
0	217
0	267
0	269
0	254
4	162
0	156
1	12
16	12
6	1001
122	57
1	57
8	99
2	297
0	280
15	257
0	72
0	71
0	28
0	79
0	57
0	66
0	97
0	59
0	48
1	357
0	189
0	374
0	89
0	281
0	124
14	58
1	222
0	135
36	23
33	117
0	43
0	38
0	117
0	93
0	109
0	47
0	32
1	55
0	43
0	57
119	43
2	25
0	41
0	29
3	14
0	28
0	9
0	1
13	97
6	150
356	227
1	92
8	204
10	1188
0	1278
1	209
0	1
0	1
0	0
0	0
13	439
4	506
1	211
0	52
9	348
3	17
0	17
2	63
0	392
0	4
0	201
0	213
0	39
0	29
0	54
0	42
0	33
7	24
0	28
0	30
4	179
0	26
0	30
0	58
0	35
0	49
0	14
1	23
3	8
0	12
0	21
0	0
1	12
2500	0
0	0
0	0
0	0
0	0
0	0
0	0
0	333
4	306
0	121
1	125
0	333
6	96
0	67
0	286
0	93
8	96
0	95
0	285
10	16
0	187
0	297
8	121
0	48
0	257
6	0
0	1
0	0
0	8
0	0
0	8
0	8
0	8
0	8
2	6
1	3
0	8
0	6
0	6
0	0
0	5
0	6
0	3
0	6
0	6
0	0
0	0
0	6
1	3
0	3
0	3
0	3
0	3
0	3
0	3
0	0
0	2
0	0
0	0
0	0
0	0
0	3
0	0
0	257
25	523
1	72
0	180
0	415
0	77
0	121
0	1095
0	1048
5	110
11	80
0	23
1	17
1	205
14	68
11	74
0	148
0	8
0	1217
0	498
235	146
1	16
0	18
0	7
1	33
0	33
0	33
0	13
0	3
0	2
0	1
0	0
0	0
0	0
0	0
0	0
0	0
0	0
0	0
0	1
0	1
0	0
0	0
0	0
0	94
1	34
1	18
2	19
0	1
5	44
157	81
849	309
0	309
3	91
0	47
0	96
0	96
0	620
0	652
14	570
0	150
1	171
0	373
4	155
0	129
0	652
0	652
1	1331
5	1372
0	1365
2	1358
0	1357
0	1351
0	559
0	53
0	14
0	8
0	11
0	12
177	710
0	56
0	137
1	151
0	212
0	308
24	705
1	459
0	474
0	631
0	75
0	149
0	169
0	320
9	82
0	89
2	125
9	472
7	58
0	0
0	454
0	124
3	114
1	38
0	38
0	0
0	16
0	15
1	16
0	0
0	0
0	0
0	0
0	0
0	0
1	8
0	4
0	0
0	0
0	4
0	0
0	2
0	1
0	58
0	0
0	46
0	40
0	0
0	49
0	47
0	50
0	57
0	47
0	45
0	48
0	49
0	49
0	51
0	51
0	53
0	46
0	52
0	40
0	22
0	54
0	46
0	46
0	1
0	11
0	294
0	60
5	294
1	28
0	0
0	19
0	20
2	20
0	19
0	4
1	13
1	2
0	2
0	14
1	2
1	6
1	198
97	210
0	12
1	66
0	300
0	261
0	316
65	281
1	317
0	298
0	57
0	184
4	158
0	69
4	50
0	33
114	211
0	185
0	200
0	18
0	144
0	157
0	113
1	17
0	93
0	85
2	27
1	57
0	52
1	29
0	26
8	42
0	57
0	39
0	9
1	16
682	609
0	124
89	514
0	442
3	301
0	87
0	264
2	81
1	136
0	67
1	61
3	87
0	87
0	1146
0	1189
29	820
5	746
1	822
0	0
0	0
0	0
0	0
0	0
1	677
4	2
75	216
0	36
2	194
3	29
0	14
0	216
1339	0
0	1
0	1
0	0
1	19
0	19
0	18
0	18
0	3395
67	549
3	2669
1	3335
8	3334
0	3334
1	2462
19	1506
3	1925
16	1924
2	0
3	2041
0	40
0	43
0	44
0	28
0	89
0	83
0	82
0	84
0	89
0	83
0	103
0	81
0	97
0	88
0	74
0	80
0	94
0	71
0	82
0	69
0	88
0	70
0	74
0	48
0	49
0	33
0	15
0	38
0	28
0	47
5	11
1	35
1	147
0	143
0	132
0	143
0	81
0	142
0	140
0	54
0	63
0	125
0	67
0	77
0	23
0	196
0	98
3	186
2	186
0	70
1	0
0	0
0	0
0	0
0	0
0	0
0	0
0	0
0	0
0	0
0	0
0	0
3	65
0	2086
68	2800
0	1920
0	2032
0	707
0	2263
0	1356
0	1001
0	2713
0	1357
20	2793
0	2617
0	2400
148	1103
0	1010
2	308
2	796
0	2148
0	779
1	341
1	337
0	342
0	6
0	301
0	240
0	223
0	2
0	68
0	22
0	32
2	20
40	342
0	0
0	0
0	0
0	175
6	20
2	0
0	181
0	421
0	421
0	362
0	367
0	422
0	146
0	146
0	419
0	145
0	5
0	0
0	0
0	0
0	0
0	0
0	0
0	0
0	0
0	0
0	0
0	0
0	0
0	0
0	0
0	0
0	335
0	345
0	211
0	181
0	139
0	53
0	33
3	32
0	0
0	0
0	0
0	0
0	0
0	312
0	57
0	313
0	304
0	301
0	313
0	313
1	55
0	30
0	38
0	284
0	282
1	296
0	252
1	154
0	26
0	84
0	61
1	31
1	53
7	574
2	9
0	451
8	475
0	469
0	571
0	561
31	561
1	304
3	76
0	312
0	51
8	17
0	97
0	63
0	62
0	0
0	0
0	0
0	0
0	0
0	0
0	0
0	0
0	171
0	645
0	484
1	504
0	427
1	353
5	630
0	267
0	72
0	392
0	54
1	39
0	28
41	920
0	920
1	101
17	154
0	53
0	24
0	6
0	1
0	10
0	4
0	3
1	1
0	0
0	10
0	0
0	0
0	0
0	0
0	0
0	0
0	0
0	0
0	0
0	21
0	30
167	92
0	85
4	12
0	31
0	33
0	23
2	16
0	5
0	11
0	6
0	9
0	8
0	1
0	9
0	1
0	11
0	9
170	0
8	121
0	278
2	151
0	219
0	143
3	39
0	84
2	91
0	31
0	1
2	28
0	32
13	1127
46	974
1	224
42	609
17	477
0	784
0	588
44	632
0	123
2	506
0	373
11	197
0	15
0	133
0	203
1	13
23	17
0	27
0	12
0	522
0	0
56	107
1	9
0	0
0	62
0	97
0	17
0	8
0	20
0	156
0	160
0	155
0	11
0	3
0	23
0	9
0	18
0	18
13	74
0	5
0	5
0	8
0	20
0	151
0	0
0	78
0	95
0	41
31	14
0	57
55	11
7	46
0	11
3	72
0	55
0	37
0	35
0	44
0	29
0	28
0	88
4	0
0	19
0	2
1	19
0	602
0	136
38	168
8	0
2	156
20	36
0	113
1	105
10	83
1	25
0	25
0	0
0	4
0	0
0	4
0	24
0	27
23	10
0	4
0	0
0	0
0	272
0	107
0	258
0	259
1	258
0	25
1	280
2	44
0	190
0	6
0	17
0	13
0	15
0	0
0	135
0	136
0	8
0	0
0	260
0	1
0	1
0	0
0	0
0	0
0	1
0	3
0	2
0	11
0	11
0	11
0	3
0	9
0	21
276	53
3	7
0	8
0	21
0	9
0	22
171	167
0	161
0	147
0	99
1	45
0	15
0	24
1	0
1	203
0	17
0	263
0	198
109	268
0	167
2	0
0	181
0	55
0	9
0	0
0	0
0	0
0	1
0	1
0	1
0	1
0	10
0	1
0	7
0	8
0	3
0	2
0	3
0	1
0	3
0	1
0	0
0	10
0	9
0	10
0	8
0	8
0	1
0	8
0	2
0	19
0	46
0	48
0	48
0	48
0	9
4	7
0	18
0	20
0	38
0	9
0	1
0	8
0	9
0	0
1	0
0	3
0	46
0	2
0	5
0	11
1	46
0	10
0	44
0	7
0	7
0	1
0	7
0	6
0	40
1	16
0	16
0	46
0	1
0	1
0	0
0	0
0	0
0	0
0	0
246	530
0	387
4	337
4	389
7	253
138	0
0	0
0	54
0	62
0	47
113	0
2	0
0	0
2	396
0	368
0	368
0	368
1	368
0	371
0	375
0	368
0	368
0	368
0	54
0	20
0	24
0	0
683	261
1	16
0	167
0	8
15	173
0	147
0	58
90	145
2	145
0	136
0	28
0	74
0	13
0	96
0	79
0	94
0	73
0	555
0	87
0	551
0	551
2	77
0	59
0	47
0	76
0	543
0	549
0	552
0	73
0	527
0	53
0	83
0	84
0	72
0	434
0	17
0	3
0	33
3	453
0	34
3	52
4	20
0	53
2	54
2	18
0	301
0	37
2	33
0	3
7	4
0	48
0	58
5	285
1	79
17	8
0	8
0	7
0	7
0	3
21	146
0	0
0	109
0	101
0	74
0	10
0	16
0	1
0	3
2	3
0	1
62	60
0	41
2	20
0	15
0	283
0	299
15	286
1	280
22	60
0	297
4	9
0	236
25	0
2	308
0	398
27	422
0	45
2	119
1	23
0	61
20	37
0	14
0	5
0	3
595	2057
2	1785
0	790
1	1565
1	812
0	847
11	267
0	846
0	624
0	524
0	354
0	325
1145	0
0	6984
6	139
0	6972
0	5340
10	5454
2	6399
4	890
3	3553
0	971
4	0
66	165
0	112
0	82
0	19
36	61
0	0
0	0
0	0
0	0
0	0
0	0
19	120
1	369
0	78
0	26
1	15
0	15
0	16
0	317
0	41
0	294
0	58
0	75
0	61
0	76
0	61
0	83
0	83
0	68
1	47
0	43
0	61
1	20
0	274
0	67
0	217
2	194
0	32
1	13
213	56
0	7
1	36
0	0
0	0
0	0
0	0
0	5
359	0
0	620
4	622
2	80
0	32
0	43
95	143
11	139
0	17
5	80
0	67
0	30
0	57
0	460
0	460
1	0
127	496
23	496
0	22
2	23
0	11
0	3
0	2
0	1
0	0
0	0
0	421
2	423
0	0
0	16
1	163
0	171
0	10
0	263
0	0
3	422
0	5
0	39
0	96
0	7
5	9
1	4
13	118
225	361
0	361
0	74
0	16
0	372
14	195
0	352
0	0
0	2
0	1
0	2
1	88
0	82
0	6
0	4
0	4
0	4
0	19
0	14
0	5
0	1
5	1
0	5
0	23
0	208
0	22
5	15
0	222
157	516
3	515
0	518
0	519
0	516
0	23
0	28
0	27
0	22
0	11
0	5
0	7
0	9
0	3
0	3
0	0
0	0
0	0
0	0
0	22
495	0
3	435
0	202
0	483
0	64
1	41
1	11
0	71
0	63
4	105
1	484
0	515
0	299
0	271
0	354
0	67
0	19
0	17
0	25
0	17
0	16
0	14
0	18
0	11
0	12
0	1
0	1
0	0
0	245
0	246
0	508
0	38
2	186
0	138
0	301
0	595
0	959
2	913
11	112
0	360
1	87
1	32
26	1
0	1
2	1
0	0
0	0
0	0
177	5299
0	5299
0	570
0	1716
2	194
19	346
0	145
0	305
5	422
0	572
0	522
0	0
0	0
0	0
0	0
0	0
0	0
0	0
0	0
0	0
384	425
7	425
0	0
0	0
763	90
1	90
0	0
0	0
0	0
0	0
0	0
0	0
476	32
3	32
0	44
0	43
0	19
0	11
0	2
0	2
0	2
0	4
0	0
0	11
0	12
0	11
0	12
0	0
0	0
0	0
0	0
0	0
0	0
0	0
0	0
0	0
0	0
0	275
0	0
0	0
0	0
51	1137
8	1081
1	960
0	18
9	16
0	13
0	9
0	9
0	0
0	0
0	0
0	0
0	0
0	0
0	0
0	0
0	0
0	0
4	191
0	2
0	2
0	6
0	78
0	13
0	187
0	76
0	9
0	11
0	69
0	27
0	14
1	1
0	187
1	0
0	0
4	357
8	347
5	262
2	14
0	30
1	45
3	11
23	52
0	25
16	13
0	13
0	1
0	204
0	534
0	534
1	434
2	435
0	233
0	436
1	229
0	408
1	435
1	144
0	229
4	147
0	0
0	0
0	0
0	0
0	0
0	0
0	0
0	0
0	0
0	0
0	0
0	0
0	0
0	0
7	77
8	18
0	339
8	262
3	257
0	235
0	286
1	73
0	1
0	51
0	9
0	34
1	14
0	19
0	339
0	0
0	2
0	6
0	17
0	3
0	16
13	18
0	5
0	15
0	5
0	0
0	7
0	2
0	0
0	1
0	0
0	0
1	0
0	17
0	14
0	157
3	169
0	74
0	47
0	25
0	15
0	14
0	22
0	23
0	16
1	15
0	0
1	158
3	158
1	83
0	18
0	20
0	1
0	159
4	158
682	627
2	301
9	115
254	437
0	420
0	52
0	100
0	25
0	23
0	0
0	91
3	46
39	125
5	31
1	9
0	27
0	108
0	29
0	112
0	51
0	7
4	84
0	29
2	31
0	33
28	428
0	443
4	420
88	571
0	219
0	169
0	422
3	40
0	311
0	178
0	60
0	38
0	35
0	0
0	0
0	0
0	0
0	548
0	290
0	442
0	443
0	435
0	424
1	221
1	47
0	29
0	11
0	24
0	0
14	7
0	377
0	378
0	381
0	3
0	42
6	2
3	22
0	19
0	22
0	0
0	3
0	13
0	13
0	3
37	0
54	89
0	57
0	32
5	0
0	132
0	99
0	74
1	147
0	83
0	45
0	38
3	19
1	19
0	33
0	34
0	78
0	25
0	62
6	13
0	59
14	122
0	38
1	27
0	137
0	122
345	113
0	60
0	0
0	122
48	0
5	350
6	161
2	86
0	209
16	244
0	115
1	17
0	1
0	0
37	141
8	14
27	55
4	15
5	38
0	15
0	39
677	673
0	673
55	33
2	0
0	0
0	0
0	0
1	142
0	335
0	267
12	38
0	211
0	104
1	216
31	236
0	253
0	80
4	58
3	0
6	467
0	470
0	407
0	386
0	122
0	53
1	27
3	28
2	28
38	587
0	31
0	356
8	18
0	91
0	63
0	581
0	18
12	212
0	29
0	156
1	29
0	179
0	122
0	4
3	44
3	16
2	1
0	0
0	11
0	11
1	358
0	349
0	344
0	187
0	15
3	25
0	30
0	38
0	6
0	27
1	27
1	5
2	3
4	168
23	830
0	1677
0	1705
0	1624
0	118
8	242
0	0
0	0
0	0
0	0
0	0
0	0
0	0
11	449
0	454
0	168
0	185
5	55
1	73
37	73
6	368
0	340
0	287
1	211
0	75
0	53
0	6
0	62
0	72
1	67
0	58
0	403
1	336
0	84
5	333
2	327
13	321
0	18
0	781
0	168
4	178
0	779
0	609
4	18
0	6
0	16
0	1
0	10
0	5
0	6
0	4
0	3
0	3
0	3
0	61
115	77
1	25
0	65
0	66
2	4
2	5
2	3
4	59
0	65
911	615
0	465
8	500
0	261
0	0
0	0
0	0
0	0
0	0
0	0
0	0
0	0
0	0
0	0
0	0
0	0
0	0
0	0
0	0
6	3
0	3
1679	116
0	0
0	35
6	81
0	1423
20086	9340
2	868
0	3777
1	3975
2	1605
16	1893
320	184
0	184
0	3
7	5
0	0
0	5
0	1
0	1
1	0
0	0
0	0
0	40
0	78
376	226
0	12
0	18
0	181
0	175
0	181
35	0
0	51
0	81
0	36
0	32
0	52
0	35
0	10
0	24
0	19
4	14
71	40
0	12
43	9502
0	2
0	3
0	2
0	2
0	3
0	2
0	0
0	1
0	0
0	1
0	1
0	0
0	0
17	0
198	365
0	316
0	137
0	0
0	167
0	19
9	81
68	329
13	273
1	30
0	22
0	33
0	32
1	146
1	8
1	146
0	0
0	403
0	80
1	384
2	40
0	69
0	143
0	350
0	68
1	26
0	403
24	726
4	726
5	13
0	3
0	13
8	19
0	8
5	3
1	3
0	17
0	1
1	0
0	17
0	17
0	3
0	0
0	0
0	0
0	0
0	0
0	0
0	0
0	0
0	0
0	0
0	0
0	0
0	0
0	0
0	0
0	0
0	0
0	0
0	0
0	0
0	3
3	15
0	11
1	2
12	0
0	25
0	22
0	4
0	32
5	66
0	46
0	30
0	31
0	22
0	23
0	24
0	15
0	23
0	7
0	13
0	19
0	3
1	13
0	7
0	15
0	56
0	55
0	38
0	63
0	28
259	190
0	190
0	18
0	21
0	54
2	0
160	96
0	96
0	0
0	0
0	0
0	0
0	0
0	12
10	46
1	46
0	5
0	39
0	3
0	3
0	0
158	109
2	4
0	101
0	103
0	55
671	2067
1	2018
0	1690
0	1872
0	1357
1	320
0	343
0	458
2	15
0	85
0	307
0	279
0	11
0	12
2	13
0	297
0	240
0	9
2	11
2	307
0	12
0	12
0	16
0	23
0	10
0	15
1	12
0	16
1	19
0	0
0	18
0	77
0	20
0	2
0	77
3	106
0	12
1	0
2	1
0	1
0	0
0	4
0	4
0	0
0	33
438	300
36	261
0	182
1	110
96	8
0	8
0	5
119	49
0	25
1	27
2	10
3	0
273	106
2	106
0	0
0	0
0	2
0	513
0	58
0	0
0	4
0	75
0	60
393	1104
0	1093
0	79
0	1000
0	82
0	268
0	67
0	0
0	0
0	646
0	543
2	540
12	468
0	630
0	145
0	75
13	72
8	156
36	67
1	212
1	231
2	139
0	123
0	110
1	98
1	86
0	455
0	496
0	501
0	265
0	265
0	251
0	224
0	247
0	242
0	269
0	243
0	61
0	219
0	218
0	24
0	9
0	50
0	486
0	207
0	219
0	30
0	15
0	15
0	21
0	10
0	3
0	3
0	3
0	45
0	18
0	11
0	24
0	15
0	0
4	2
0	2
2	7
0	1
0	1
0	7
0	0
0	0
0	0
0	1329
1	1234
2	1121
3	1233
18	656
0	996
2	574
4	256
0	181
0	247
0	84
2	29
149	99
2	75
4	20
0	24
0	0
0	0
0	0
0	42
0	564
26	454
1	426
0	425
13	158
2	40
0	1
0	1
0	2
0	2
1	271
4	271
2	150
0	0
0	0
1	0
0	0
0	0
0	0
0	0
0	0
0	0
361	108
0	12
0	39
0	106
0	4
0	295
19	295
0	37
0	18
0	280
0	2
0	0
0	2
2	0
0	0
0	0
18	18
0	8
0	5
0	7
1	0
0	6
0	0
0	0
0	0
0	0
0	16
0	11
0	8
19	75
0	3
0	6
0	5
0	57
0	148
1	322
0	144
6	40
0	10
0	26
8	293
51	31
1	27
0	21
0	6
0	417
0	95
0	113
4	99
0	78
0	40
0	19
1	385
1	105
0	138
2	79
0	140
0	203
14	288
2	75
0	146
0	82
0	77
0	116
3	353
0	168
3	30
0	158
0	72
0	142
0	78
2	53
0	26
0	24
0	0
0	23
0	25
0	7
0	0
0	7
0	6
0	4
0	3
0	6
0	4
0	3
0	1
0	6
0	0
0	4
0	4
0	0
0	23
0	24
1	0
1	0
13	881
0	454
21	1382
0	933
1	173
5	292
1	238
0	99
2	191
1	126
3	87
0	0
0	0
0	0
0	0
0	0
1	0
0	0
0	0
0	0
0	0
0	0
0	0
0	0
61	171
0	167
0	86
8	70
1	1009
0	804
2	717
4	56
1	445
2	403
0	227
1	205
0	146
0	26
0	0
0	6
0	0
0	35
1	34
0	35
0	35
14	2957
172	2910
54	2725
10	2781
0	65
1	7
1	28
0	26
0	24
0	65
0	12
0	33
0	42
0	8
0	33
0	35
0	6
2	1
15	1
1	1
2	107
0	105
2	33
0	4
0	4
3	8
1	8
0	5
0	4
0	0
0	0
0	49
4	51
0	52
0	11
0	44
0	44
0	44
0	1
0	0
0	3
1	2
0	4
0	3
0	3
0	2
0	0
0	0
0	0
0	0
0	0
0	0
19	220
0	223
0	294
0	57
0	22
11	65
0	41
2	27
0	9
0	264
0	206
0	2
0	2
0	2
0	2
0	0
0	0
0	0
0	0
0	0
0	0
0	0
0	0
0	0
0	0
0	0
0	0
0	0
1	0
44	45
0	31
0	45
0	35
1	1141
488	1621
0	1543
5	26
346	140
1	138
1	125
0	7
0	103
0	106
0	10
0	16
0	20
0	8
0	10
0	6
0	13
0	30
0	10
3	100
0	17
0	12
0	18
0	12
0	66
0	91
0	20
0	29
1	11
0	103
8	150
396	415
0	326
0	50
0	414
77	52
0	52
1	19
17	44
228	112
0	18
0	18
11	46
0	19
4	30
0	9
10	4
3	51
282	0
0	0
0	0
0	0
0	31
1	143
0	13
0	96
2	1
0	140
0	12
0	140
0	77
0	8
0	26
0	103
4	685
0	723
0	664
0	692
2	666
0	655
0	707
0	550
0	35
0	750
7	123
2	675
0	595
0	13
0	244
120	0
2356	0
0	35
0	35
22	11
0	11
104	66
0	55
0	19
0	50
20	0
1	6
0	8
4	8
0	6
0	497
19	427
4	1791
1	1818
4	46
0	42
0	42
0	31
0	32
0	19
0	34
0	17
0	31
0	28
27	11
0	1
0	7
0	10
2	8
0	1
4	0
0	0
0	5
0	4
0	0
0	0
0	0
0	0
0	0
0	1
0	0
0	0
0	1
0	0
0	0
0	0
0	0
0	1
0	1
0	242
0	63
1	68
0	81
0	54
0	54
0	0
0	1424
4	855
0	2116
1	906
1	155
0	420
0	741
0	1998
0	801
0	760
5	989
0	281
1	622
0	2040
316	543
3	106
1	468
0	31
0	114
0	56
4	158
1	0
0	0
0	0
0	0
0	0
0	0
0	0
0	0
0	0
0	0
0	560
0	110
0	90
2	505
1	94
0	248
0	78
8	57
0	81
0	68
0	519
0	530
1	153
0	63
0	121
2	59
0	139
0	238
88	473
0	239
13	216
0	1829
1	159
0	2099
0	285
0	161
3	113
0	1832
0	2100
3	347
0	399
0	172
0	265
12	1965
0	255
0	450
0	1884
0	314
0	231
0	295
0	306
0	9
0	0
0	0
0	0
2	409
1	409
0	0
0	0
0	1
0	1
0	1
0	1
0	0
0	0
0	1
0	0
0	1
0	1
0	2317
0	0
320	386
0	372
0	353
0	174
0	39
0	133
0	92
0	67
0	38
8	4
10	19
8	19
2	8
0	8
0	8
0	7
0	2
0	7
0	141
2	147
0	14
7	22
0	6
0	0
0	127
0	0
0	0
0	0
0	0
0	98
0	16
0	602
0	602
3	34
3	21
1	30
0	25
0	4
1	23
0	21
0	203
1	186
0	11
0	199
0	202
89	62
0	191
0	8
0	0
0	0
0	36
0	0
0	0
0	93
0	109
0	104
0	43
3	102
3	90
2	29
0	104
0	111
0	88
0	88
0	78
0	26
0	74
0	51
0	7
0	26
0	111
0	0
202	2
6	2
567	13
1	12
0	8
0	10
0	3
0	4
0	0
0	2
0	0
0	2
318	39
0	32
0	8
0	0
0	2
0	1
0	1
0	1
0	1
0	1
0	1
0	0
0	0
0	0
0	0
0	0
0	2
0	0
0	2
0	271
2	270
7	114
1	79
0	289
0	22
0	13
0	16
0	0
0	35
0	0
0	0
0	0
0	0
0	0
0	0
9	727
0	723
3	5
4	3
0	34
0	22
83	147
1	37
0	147
0	228
0	221
0	36
0	175
1	197
0	0
1	285
0	901
0	566
3	887
0	280
12	49
2	48
1	15
4	246
0	30
0	39
0	2
2	20
0	25
0	27
0	21
0	16
0	12
0	16
0	1
0	5
0	27
1	64
0	102
0	114
0	2
0	2
0	12
0	2
0	2
0	43
0	48
0	41
0	9
0	51
0	44
0	14
0	32
1	95
0	36
0	35
29	96
4	255
1	6
0	36
0	285
0	80
0	235
0	54
0	41
0	148
3	148
0	69
2	48
0	774
26	804
0	160
0	166
2	149
2	92
6	58
0	549
0	255
0	15
0	206
4	207
0	153
0	133
0	139
0	68
0	68
0	68
4	24
0	47
1	37
0	23
0	255
0	2
0	4
0	3
29	0
0	1286
15	1066
0	1285
0	675
1	1080
2	514
0	89
0	836
4	801
0	155
0	548
0	1004
0	1067
1	0
0	0
0	0
7	85
1	10
0	85
8	642
3	643
0	241
7	8
0	31
0	31
0	31
6	143
0	176
0	226
0	216
0	125
0	83
0	89
0	82
0	99
0	99
0	98
0	122
0	89
2	71
0	109
0	94
0	81
0	40
0	0
0	0
0	0
0	0
0	0
0	0
0	0
0	0
12	687
10	0
1	1077
0	114
0	61
15	1069
0	112
1	122
0	98
3	931
5	217
1	96
0	748
1	428
1	397
0	355
0	83
0	81
0	88
5	90
0	100
0	33
0	61
0	18
0	0
315	338
14	173
0	75
1	115
2	292
1	26
1	102
2	28
0	32
0	11
0	8
0	7
0	5
0	4
7	343
649	1230
3	992
0	20
1	252
0	214
0	246
0	96
11	0
0	99
1	61
0	33
0	45
3	43
0	0
0	0
1	198
0	198
3	198
0	12
0	11
0	6
0	0
0	0
0	0
0	0
0	29
0	2
0	1
0	0
0	9
0	2
63	14
0	6
0	4807
0	5387
0	4637
34	4709
0	4634
0	4629
0	4634
447	4682
38	4675
123	4978
3	4670
34	2671
3	5343
5	3117
1	5315
12	2623
0	2684
47	273
1561	822
0	584
3	227
4	104
1	107
0	359
0	360
0	352
0	126
0	117
0	132
0	123
0	105
0	107
0	80
0	32
1	27
0	28
0	29
8	19
0	13
0	9
4	0
0	353
89	241
0	162
6	237
0	235
0	147
3	63
0	57
0	97
0	19
0	42
0	29
0	16
2	6
0	5
0	4
1	7
0	5
0	5
0	5
0	5
0	3
0	2
0	0
0	17
0	35
0	38
1	33
1	4
0	5
0	1
6	1
1	7
1	2
0	15
0	15
0	7
0	38
0	61
291	335
1	102
0	77
0	27
0	10
3	36
1	40
0	61
0	61
0	81
0	203
3	125
0	235
0	288
0	237
0	3
0	10
0	90
0	51
0	39
1	1222
8	85
0	152
0	1222
2	24
43	327
0	1106
0	1002
0	916
64	609
0	392
0	59
0	534
0	214
6	218
0	218
0	24
1	17
0	89
0	0
0	0
0	0
0	0
0	0
0	0
0	0
0	0
0	0
0	51
4	91
0	467
0	47
0	418
0	73
0	64
0	354
0	61
0	41
0	51
2	45
0	82
0	351
0	423
0	342
0	44
0	43
0	54
0	397
0	417
1	53
0	37
0	3
0	0
1	112
1	32
0	75
0	45
0	0
1	0
0	0
0	0
0	66
0	0
0	23
1	35
0	24
0	441
0	450
0	421
0	0
0	0
0	0
0	0
0	0
0	0
0	0
0	0
0	0
0	0
0	0
0	15
29	44
0	7
0	85
0	85
0	85
1	54
0	25
1	0
0	22
2	0
0	85
213	228
0	45
0	139
0	169
0	145
0	66
0	45
636	314
2	287
1	27
0	0
0	0
0	0
440	3927
8	3817
0	214
6	767
13	822
12	349
1	1165
2	578
5	991
0	0
0	0
2	0
0	8
2	10
0	2
0	2
0	0
0	0
0	0
0	2
0	2
3	30
121	256
7	6
0	43
1	0
0	245
0	224
0	83
2	14
2	51
5	837
156	963
1	963
0	0
0	62
3	113
1	493
0	48
0	96
0	36
0	0
0	0
0	53
0	58
4	95
0	30
0	34
0	0
0	0
0	0
0	0
0	0
0	0
0	0
0	0
0	2
0	0
0	0
0	0
0	0
0	2
0	2
0	0
0	0
0	2
0	0
0	0
1	2
0	0
0	1
0	29
0	9
0	1
0	294
3	302
1	207
0	294
0	4
0	2
0	3
0	3
0	243
0	16
0	54
201	180
1	180
0	73
0	0
0	0
0	0
0	0
0	0
0	0
10	127
0	117
0	17
0	21
0	68
0	9
0	64
0	40
14	30
0	8
1	19
4	96
0	166
0	166
16	160
0	138
0	73
9	50
0	50
0	3
0	1789
0	1809
0	789
1	1080
4	1188
0	1071
0	1809
0	1809
0	119
0	119
0	138
0	133
3	151
9	151
0	37
0	11
15	22
0	41
0	0
0	4
2	4
0	0
0	0
137	1342
0	1339
0	29
13	928
3	81
0	22
2	387
0	26
0	42
8	116
0	30
0	2
0	0
0	2
0	1
0	1
0	0
0	1
111	332
3	77
3	326
0	9
0	116
8	322
3	264
1	72
0	253
0	245
3	3
0	194
0	133
0	12
0	22
0	18
0	18
0	323
0	554
20	430
0	464
10	254
0	97
3	66
0	105
0	105
0	138
0	69
5	59
0	43
0	533
65	286
3	249
3	267
0	289
0	302
0	281
0	227
0	18
0	66
0	145
0	68
0	57
0	17
0	17
1	15
0	15
0	23
3	17
1	19
0	0
192	26
0	129
0	291
0	335
0	301
0	269
0	342
5	40
0	241
0	376
1	326
0	42
0	316
0	262
0	48
12	148
0	247
0	137
1	273
0	58
18	0
63	155
18	185
0	163
0	0
0	0
0	0
0	0
0	0
523	81
0	58
619	495
1	408
23	484
0	0
0	107
0	222
14	73
1	78
3	95
1	227
7	485
1	522
0	72
0	73
0	72
0	396
0	79
1	0
790	743
11	640
4	550
7	160
2	5
0	1
0	3
0	3
0	1
0	1
0	1
2	1
0	1
11	4
0	2
0	2
0	3
0	2
0	0
0	0
835	20
8	0
89	0
0	0
156	19
115	4274
0	4346
0	4336
3	1761
49	242
1	1808
1	2013
1	2865
1	3098
20	4245
0	99
0	2750
11	293
2772	13
0	0
67	0
0	1
0	1
0	957
150	957
0	6
0	7
0	51
0	50
1	52
0	3
0	6
0	4
0	1
1	2
0	7
0	2
0	6
0	50
0	7
0	6
0	18
0	50
0	4
0	28
0	49
0	4
0	52
0	6
0	5
0	18
0	47
0	2
0	4
3	43
0	3
0	0
0	49
0	50
0	17
0	20
0	5
0	0
0	49
1	3
0	20
0	35
0	1
1	0
0	6
0	44
0	41
0	44
0	0
0	0
0	0
0	0
0	0
0	39
1	45
0	45
0	0
0	5
0	0
0	2
0	2
0	1
0	1
0	1
0	56
0	43
5	7
0	168
243	476
0	91
0	156
1	20
0	25
0	37
0	6
2	58
0	226
1	4
103	1728
1	161
0	65
0	254
0	16
0	1724
6	13
0	252
0	63
9	0
0	52
0	94
0	74
72	92
0	13
0	55
0	71
5	12
0	519
0	58
0	80
0	120
15	532
2	251
1	369
0	518
0	104
0	0
0	0
0	0
0	0
0	0
907	1084
0	118
0	1001
0	398
7	0
0	55
0	31
0	49
0	46
0	47
0	63
0	45
0	14
0	77
0	401
71	397
0	49
0	68
0	12
1	42
0	55
0	27
0	387
0	19
0	132
0	167
0	142
0	367
2	26
0	83
0	0
339	0
2	33
7	47
8	24
1	17
30	13
0	23
4	202
0	39
0	4
0	6
0	6
0	1
0	122
0	202
0	48
52	219
0	6
1	178
0	14
2	0
0	18
0	6
0	0
0	40
0	0
0	10
1	11
9	16
0	4
0	1
1	0
0	0
1	274
4	325
0	387
0	317
0	374
1	209
0	114
0	149
3	172
0	88
0	79
0	71
2	72
0	46
1007	1007
0	48
0	966
0	94
0	145
0	70
0	59
1	128
0	125
4	44
0	0
57	49
0	48
2	75
0	273
0	261
0	239
0	272
0	144
0	81
0	28
1	12
0	188
0	183
0	188
0	60
1	83
0	36
0	54
1	31
0	0
0	0
0	0
0	0
0	0
0	0
0	0
0	0
0	0
0	0
0	0
0	0
0	0
0	0
0	0
0	0
0	0
4	0
1	6
0	7
2	16
0	5
0	0
0	2
0	7
546	467
0	427
0	449
1	0
1310	135
0	135
0	15
5	2
0	277
0	277
0	2
0	30
0	172
2	0
1	202
1	149
0	668
0	469
0	42
0	195
0	657
1	15
0	50
0	32
0	0
0	776
518	785
916	237
0	232
6	74
0	4
0	0
0	0
0	0
1188	187
0	0
0	0
0	243
0	11
52	270
11	259
1	5
0	0
0	0
0	0
0	0
0	67
1	0
0	133
0	364
0	58
0	24
3	1
0	156
0	58
0	120
0	75
0	22
0	362
0	57
2	257
3	258
0	0
0	362
0	362
0	187
0	744
7	622
1	41
1	106
1	197
1	33
0	42
35	663
1	266
2	8
0	2
0	2
0	2
0	2
0	1
0	1
0	1
0	0
0	0
0	0
1	370
1	136
0	374
1	109
0	8
1	98
0	13
0	4
3	41
0	24
0	10
0	90
0	14
0	0
0	0
0	0
0	0
0	0
0	0
0	0
0	0
0	0
0	0
0	0
0	0
0	0
0	0
0	0
0	0
0	0
0	0
0	13
0	34
0	7
0	12
0	12
2	0
0	34
0	0
0	22
1	9
43	22
0	1125
0	1087
0	83
0	202
3	673
0	1
0	98
0	83
1	0
0	135
0	30
0	62
0	78
0	24
0	45
0	310
0	0
0	0
0	0
0	0
0	0
0	0
0	0
0	0
0	0
0	0
0	0
0	69
3	5
1	0
2	88
4	12
0	84
0	33
2	1
0	2
1	1
0	1
0	1
0	2
1	0
0	0
0	0
0	0
0	0
0	62
36	71
0	62
0	62
0	16
0	63
0	33
0	9
0	42
1	0
0	0
20	71
0	71
0	48
0	27
0	28
0	14
0	5
0	2
0	0
0	387
0	102
0	382
1	96
0	19
0	54
0	40
0	28
0	44
0	274
0	0
0	9195
1	186
1	182
0	283
1	291
0	75
0	128
0	108
0	84
0	88
0	20
1	37
0	30
2	12
0	0
395	17
44	22
0	0
0	0
0	2
0	2
0	1
0	1
0	1
0	1
0	0
0	0
0	0
0	0
1	0
0	0
0	2
0	2
228	0
193	118
2	64
0	32
2	11
0	33
0	0
0	0
0	0
0	0
49	20
0	18
0	5
0	89
254	0
0	341
1	341
0	13
0	0
2	180
55	213
0	156
1	170
0	93
1	80
0	22
0	64
0	104
0	51
0	0
0	0
1	35
1	11
0	36
2	31
4	31
0	2
0	4
0	0
0	0
0	0
0	0
0	0
0	0
0	0
0	0
0	0
0	0
0	0
0	0
0	0
0	0
0	0
0	0
0	0
0	0
0	0
0	0
0	0
0	0
0	0
0	0
0	0
0	0
0	0
0	0
0	0
0	0
0	0
0	0
0	0
0	0
0	0
13	12
3	12
0	1
3	1067
0	1364
4	977
0	363
1	265
5	405
0	423
0	672
0	416
0	448
0	630
8	515
1	308
0	0
0	0
0	0
0	0
0	0
9	287
0	174
0	289
6	71
13	29
3	65
0	12
0	8
0	33
7	400
0	20
17	400
0	192
0	0
0	33
0	12
0	0
393	64
0	64
0	7
0	6
0	50
0	2
12	3
0	2
0	2
0	0
2	0
0	0
0	0
0	0
2	19
0	18
0	18
0	3
0	4
0	2
0	1
0	0
0	273
2	245
0	265
1	0
1	196
20	1179
0	19
0	1015
0	39
0	126
0	447
1	39
0	111
1	29
0	1017
0	0
0	0
0	0
295	1459
0	1376
1	467
4	113
4	175
0	624
3	1076
0	637
0	404
2	748
0	30
2	62
0	193
1	0
1	0
0	171
1	160
0	51
0	182
1	4
2	11
0	0
0	0
0	0
0	0
0	0
0	0
0	0
0	0
0	0
0	0
0	4
0	45
0	47
0	46
0	36
0	46
0	48
0	45
0	47
1	0
260	144
0	144
0	128
0	168
0	219
0	1736
1	717
0	1068
3	490
3	81
0	426
8	90
0	545
1	93
7	93
1	245
0	121
1	122
0	2345
0	2310
0	152
1	101
0	179
0	186
1	33
0	187
0	117
13	154
0	294
24	69
30	178
0	575
0	194
3	135
1	189
5	2309
0	0
0	0
0	0
0	0
0	0
57	1551
0	1524
0	1521
0	378
0	180
0	169
2	2175
118	2153
50	2155
1	500
0	360
0	238
12	67
22	36
0	33
0	18
0	4
169	0
5	280
0	284
2	263
1	261
0	86
0	87
0	55
25	29
0	24
0	41
17	3
0	3
102	35
0	12
1	29
0	4
5	3
3	15
0	277
1	277
0	46
3	36
3	126
10	12
2	0
0	12
0	6
23	144
0	103
0	73
14	84
0	408
0	512
2	67
2	20
0	33
1	48
2	25
23	27
7	72
12	19
18	320
0	37
0	41
0	36
0	26
0	7
0	41
2	43
0	482
0	0
0	0
0	0
0	0
4	8263
6	2061
61	8158
0	8127
72	1678
0	0
0	2
0	0
0	2
0	1
0	0
0	1
0	1
0	1
0	0
0	0
0	0
0	2
0	129
0	126
0	126
2	120
0	32
0	56
0	37
0	57
0	69
0	44
0	36
0	34
1	33
0	19
0	19
0	18
0	2
0	0
0	0
0	0
0	0
0	267
0	557
626	552
0	23
0	0
0	0
0	0
0	0
0	0
0	0
0	0
0	0
0	0
0	0
0	0
37	28
0	28
0	23
1	23
0	12
0	0
1	367
10	367
0	0
9	909
0	910
1	109
0	176
0	86
0	62
0	67
0	38
30	800
0	412
2	368
0	605
2	64
0	25
0	569
1	33
1	87
1	214
0	68
0	41
0	46
0	55
0	38
0	0
0	1372
11	274
0	301
0	181
1	213
0	74
8	85
0	42
44	152
0	152
190	0
0	0
0	0
0	0
0	0
0	188
0	193
12	186
1	182
0	36
0	29
0	192
0	178
0	0
0	0
0	0
0	0
0	0
0	0
0	0
0	0
0	0
22	170
0	170
2	193
6	1639
0	1635
6	198
0	1195
0	41
46	477
0	44
0	1095
0	479
0	116
0	112
0	177
0	107
0	68
0	182
0	308
0	8
5	64
0	42
3	2
0	2
0	2
0	531
0	114
0	559
1	528
3	2
0	2
14	0
1	181
0	85
0	530
0	223
27	231
1	231
0	64
27	253
0	232
1	94
0	50
0	205
0	642
0	0
0	0
0	0
0	0
0	0
0	6
0	82
48	83
3	115
0	84
0	54
0	75
4	100
0	51
0	79
0	38
0	33
0	88
0	116
36	286
0	41
0	219
3	35
0	186
0	191
0	45
0	48
0	195
14	78
0	154
0	100
0	54
0	26
1	17
0	14
0	1
4	7
1	5
0	12
17	143
0	143
0	5
0	128
0	2
0	274
0	218
0	285
4	212
0	153
0	199
0	146
0	126
0	143
0	117
0	38
264	0
0	3
0	3
0	1
0	1
1	12
0	26
0	1
0	5
0	11
0	7
0	8
0	1
0	4
0	0
0	906
67	906
0	906
0	907
0	907
0	0
0	645
0	365
0	311
0	136
0	101
0	153
0	154
11	14
0	127
0	150
0	163
8	12
0	97
0	107
3	114
1	95
5	95
1	85
0	59
0	50
0	65
0	83
26	48
0	64
0	49
0	68
0	36
0	615
0	557
0	35
0	0
0	0
0	0
0	1
0	1
0	1
0	1
0	1925
1	1862
1	2670
0	608
0	760
3	192
0	1924
42	1544
0	2549
0	965
12	1617
0	2399
14	342
13	288
0	779
0	688
2	516
1	865
3	854
7	531
0	1008
0	1066
0	990
1	1128
0	285
0	237
1	550
0	466
0	62
0	345
2	86
0	403
10	308
1	263
0	247
1	253
1	177
0	219
5	175
0	552
1	10
0	85
0	151
1	145
0	151
0	151
0	151
0	6
2	720
8	665
0	96
0	131
0	32
0	206
1	160
0	1
2	7
0	7
0	0
30	381
0	381
0	0
0	0
0	0
0	3
0	2
1	1
0	298
1	28
2	11
2	23
1	11
0	1
9	312
3	28
0	5
0	5
5	29
20	236
2	29
5	118
0	94
0	173
0	312
6	0
0	0
0	0
1	0
0	0
0	349
0	50
0	36
4	19
0	322
2	351
0	67
0	54
2	179
0	205
0	11
82	125
0	116
0	4
0	4
0	0
0	2
0	2
0	19
3	208
1	200
0	122
0	73
0	30
0	66
0	153
8	93
8	69
2	69
0	8
0	6
0	230
0	613
0	160
3	609
0	282
1	137
7	576
4	252
0	216
0	103
0	255
4	4
0	16
0	19
24	967
4	978
0	141
0	948
0	715
1	614
1034	1611
6	1602
0	1302
0	580
7	582
23	449
0	296
0	434
0	10
1	84
25	175
5	7
0	161
0	39
0	2
0	2
0	2
0	2
0	21
0	21
0	21
0	8
0	8
0	1
0	8
0	12
0	599
0	2
0	0
0	0
0	0
0	0
3	947
0	904
1	934
1	939
0	932
0	730
0	593
0	489
3	552
0	540
0	496
2	81
1	434
2	109
1	29
13	41
1	40
1	13
0	0
0	4
0	3
1	0
0	0
0	0
0	928
0	931
0	0
0	1
0	3
0	0
0	0
0	3
0	0
0	0
0	3
0	0
0	0
0	3
0	0
0	0
188	42
0	44
18	1320
0	494
0	68
9	8
0	6
0	6
0	1
0	0
0	0
0	1
284	0
0	1
3	41
0	0
0	0
17	61
0	54
0	38
0	40
18	0
0	67
0	135
0	153
8	106
0	131
1	136
0	75
0	8
0	29
0	43
36	57
0	34
3	189
1	30
0	26
0	35
0	26
0	228
0	26
0	230
0	13
0	12
0	33
0	5
0	0
0	14
1	4
416	0
0	29
0	0
0	29
1288	0
0	285
1	262
0	32
1	223
0	203
0	0
0	24
2	294
0	258
1	29
0	214
0	38
0	26
0	8
0	25
0	34
0	26
0	0
0	0
0	1
0	1
0	468
0	461
0	273
0	99
0	117
0	117
0	56
1	38
1	43
0	20
1	96
3	45
0	0
0	0
0	0
0	0
0	0
0	0
0	0
0	0
3	342
2	555
23	555
0	73
0	626
0	254
0	268
0	654
0	285
3	297
0	2
1	162
0	67
0	46
0	32
0	31
0	51
0	78
0	51
6	69
0	656
0	0
0	0
0	0
0	0
0	0
0	0
0	0
0	0
12	354
0	354
0	22
1	27
0	86
2	92
0	15
0	47
1	83
0	0
2	0
0	0
1	525
1	525
0	1500
29	4806
0	4004
2	4274
0	3926
2	3676
5	2974
23	2309
0	1852
0	4445
5	2660
197	2660
0	700
0	696
1	271
8	441
0	61
0	16
0	36
0	44
0	35
0	48
0	36
0	79
0	105
0	55
0	37
0	68
0	68
0	71
0	67
0	69
0	61
0	60
0	45
0	51
0	39
0	24
0	5
0	8
0	2
638	493
0	466
0	66
1	5
2	135
1	72
9	142
6	54
0	45
0	0
0	2
0	2
0	0
180	222
0	208
1	186
0	195
0	212
0	217
0	207
0	0
0	207
0	1
0	1
2	0
0	0
0	1
0	1
0	1
0	0
0	0
0	0
0	0
0	0
0	255
0	24
0	233
8	239
0	24
0	0
18	932
15	1082
0	1018
0	382
0	221
0	184
6	88
0	977
4	139
0	14
0	163
1	0
0	143
1	92
1	1479
0	1556
0	1728
0	1724
0	1565
0	1717
1	505
1	216
0	324
3	204
4	55
0	227
0	200
0	163
2	86
0	87
0	85
0	88
0	60
0	10
0	1709
0	1703
0	1703
0	1554
507	364
1	364
0	67
0	67
0	64
5	74
0	62
0	67
0	12
0	35
0	14
0	0
0	5
0	8
0	0
0	32
0	32
0	2
0	2
0	0
0	0
0	0
0	0
0	0
0	0
0	0
0	0
0	0
0	0
0	0
0	0
0	0
0	0
0	0
0	0
0	0
0	0
0	0
0	0
0	0
0	0
0	0
3	1107
0	151
30	1009
0	329
1	155
0	98
0	227
83	298
0	45
1	76
0	284
0	4
0	0
0	0
0	44
3	251
0	12
0	15
0	0
0	14
0	0
0	14
0	0
6	45
0	38
0	40
0	41
0	39
0	41
0	19
0	40
0	27
0	34
1	8
1	8
0	8
0	1
0	1
0	1
0	2
0	0
0	2
0	2
0	0
107	110
0	50
2	162
0	327
2	12
21	245
0	57
0	304
0	18
0	18
0	35
0	30
360	85
0	64
5	31
80	34
1	34
403	272
0	111
1	63
0	37
0	71
0	32
905	0
0	148
6	126
0	92
0	100
0	99
0	148
0	145
0	49
0	123
0	145
0	97
0	12
0	12
1	4
0	2
0	40
0	27
0	89
46	178
14	178
6	13
658	454
0	108
0	463
2	395
2	30
0	155
0	157
1	105
0	15
0	52
0	181
0	2
1	2
14	12
0	19
0	7
1	10
0	0
0	0
0	9
0	89
0	7
0	89
0	16
0	16
0	30
0	15
0	10
0	4
0	2
0	1
0	4
0	1
587	2374
6	2491
16	1892
0	0
0	159
2	10
132	159
0	46
2	38
1	29
0	0
0	0
383	0
155	157
0	157
0	35
294	81
1	44
7	76
0	0
0	0
0	11
0	0
0	0
0	0
0	11
0	9
0	0
0	0
0	0
0	0
0	0
0	0
0	0
0	0
0	2
0	3
0	1
0	7
0	0
17	96
0	89
8	27
294	158
0	0
0	0
0	0
0	0
0	0
0	0
0	0
0	0
0	0
0	0
0	0
0	2
0	2
0	2
0	13
0	21
0	31
0	31
0	6
0	0
1	920
0	569
0	368
0	914
2	81
0	21
0	160
0	23
0	44
0	71
0	67
0	32
0	25
0	0
0	0
0	0
1	0
0	0
0	0
0	0
0	0
0	33
0	0
539	165
0	92
0	76
0	76
0	50
0	44
0	60
0	33
1	37
0	64
0	86
0	43
0	24
0	49
0	62
0	43
0	16
3	65
4	54
0	56
0	7
0	12
0	4
0	6
0	23
3	17
7	13
0	4
0	3
0	6
3	0
37	269
0	51
0	193
1	165
0	91
4	56
2	41
0	40
463	40
0	39
312	371
0	370
0	370
0	0
0	0
0	0
0	2
1	19
75	131
0	3
1	53
0	1
0	2
0	99
0	3
0	4
4	26
0	18
0	113
92	342
0	68
1	342
10	479
0	0
0	531
0	514
4	215
0	0
0	0
0	0
0	0
0	0
0	0
0	359
1	831
1080	441
0	3
0	3
6	16
1	16
4	15
0	15
0	11
0	3
0	3
0	5
0	3
0	5
0	4
0	3
0	2
0	2
0	2
0	2
0	0
0	0
0	2
0	1
0	0
0	0
0	0
0	1
0	4
0	4
0	4
0	0
0	31
0	143
0	571
1	137
1	565
0	598
0	311
0	512
0	550
0	500
0	574
0	456
0	28
0	548
0	470
0	478
1	557
0	505
0	226
0	552
0	455
0	89
1	26
5	64
16	87
0	76
0	554
25	60
0	60
0	27
0	2
0	2
0	22
1359	127
17	128
429	0
0	0
1	45
14	229
1	191
6	140
0	0
0	0
0	0
0	0
0	0
0	0
0	577
0	555
0	571
0	577
1	565
0	558
0	572
0	565
0	570
0	561
0	546
0	537
0	461
1	321
0	315
0	62
1	85
1	30
0	35
1	19
0	47
0	52
0	50
0	17
0	23
0	23
0	1
233	116
1	116
0	0
0	0
303	218
0	216
0	0
0	180
0	182
0	55
1	35
26	35
0	173
3	173
0	17
0	65
0	69
0	59
0	56
0	62
1	54
0	49
4	25
1	69
1	617
0	7
0	825
1	62
0	81
0	573
0	6
0	398
0	40
1	2
0	39
1	5
0	145
1	48
0	94
0	20
0	794
0	0
0	0
0	0
0	0
0	0
0	0
0	0
0	262
0	372
1	343
0	349
0	222
0	75
5	25
154	0
8	1625
0	112
0	1077
0	590
0	346
3	134
5	335
531	65
6	65
1	377
0	194
0	25
0	76
0	21
0	16
0	0
0	0
394	178
1	167
0	105
0	96
0	20
0	323
0	317
0	362
5	173
0	131
3	82
1	83
0	82
0	89
0	26
0	373
0	0
0	0
0	1
0	1
0	0
0	0
0	0
0	0
0	0
0	78
0	89
1	95
0	84
1	80
0	16
0	2
0	47
0	25
0	42
0	56
0	79
33	60
0	21
2	17
0	14
0	787
0	721
1	433
6	449
3	431
0	214
1	63
0	80
10	54
8	423
0	408
0	41
0	289
2	20
16	318
4	556
0	537
1	306
0	209
0	398
0	284
3	184
0	147
1	115
22	58
0	19
0	19
1	441
3	0
0	0
0	0
0	148
0	82
0	145
0	20
0	51
0	29
0	5
0	25
0	11
0	0
0	0
0	0
0	149
0	150
0	82
0	155
79	617
0	309
3	75
0	430
1	232
11	386
51	671
1	229
4	512
1	77
0	36
0	0
50	37
3	66
440	547
2	246
0	156
1	347
2	221
64	0
0	29
0	50
3	50
0	21
0	26
0	5
1	4
0	0
0	1
0	45
0	153
0	22
0	35
2	28
2	53
4	167
1	176
0	172
0	178
0	479
10	516
0	143
0	177
0	191
0	65
0	63
0	28
0	15
0	18
0	0
0	2
0	6
0	0
0	0
0	0
0	4
0	3
0	2
0	52
2	341
6	370
13	351
0	373
0	310
0	271
11	239
0	3
0	239
2	220
1	293
38	13
3	13
1	9
8	375
0	88
0	361
0	46
0	51
7	50
0	100
0	107
2	35
28	5
0	5
0	0
0	0
0	0
0	0
0	0
0	0
0	0
0	0
0	0
0	0
4	0
0	0
2	435
8	498
1	57
0	41
6	347
5	21
4	47
0	18
4	53
11	53
0	145
0	12
0	43
0	56
0	108
3	154
2	93
2	126
0	138
0	146
0	31
0	25
0	23
4	0
0	34
0	10
2	26
0	1
0	0
0	0
0	0
0	0
0	0
0	0
0	0
0	0
0	23559
127	19964
5	21203
0	22420
6	17785
0	7180
0	7711
0	6790
5	4733
2	4922
5	1976
0	2226
2	2238
33	2522
70	2653
3	3
8	148
0	127
4	116
5	37
1	129
0	34
0	13
0	2
0	0
0	0
0	0
0	0
0	0
0	0
0	0
0	0
0	0
0	0
0	0
0	1
0	1
0	2
0	2
0	1
0	2
0	0
0	0
0	0
0	0
0	0
719	166
1	100
16	68
8	41
0	749
0	113
0	1107
0	525
0	477
0	700
1	102
2	65
0	0
156	162
0	160
0	71
1	1
0	1
0	1
11	214
1	210
0	215
0	42
0	6
0	9
0	0
0	7
0	0
0	0
0	0
0	0
1	7478
0	652
0	8402
1	7341
40	8333
4	8332
0	7402
1	831
0	0
0	0
0	1869
0	1477
0	1083
0	760
0	1636
1	0
0	0
0	0
0	0
0	0
0	0
0	0
0	151
0	67
0	89
0	44
0	57
0	78
0	22
1	135
0	135
0	4
0	7
0	11
0	33
0	6
0	1
0	33
1	182
0	353
4	353
0	119
0	66
0	20
0	26
0	7
0	56
0	106
0	38
1	103
0	2
0	439
17	92
0	446
0	44
0	75
10	170
1	149
7	1
0	109
0	88
0	212
0	0
0	0
0	12
1	35
1	6
0	2
0	7
0	7
0	2
0	7
0	7
4	2
0	7
1	5
0	6
0	7
0	7
0	1
0	1
0	1
0	1
0	0
0	1
0	0
0	0
0	0
0	0
0	36
0	40
0	229
37	229
63	13
0	13
90	689
27	689
0	105
0	90
0	147
4	0
0	0
0	0
0	0
0	0
0	0
0	0
0	0
0	0
0	0
0	0
0	0
0	0
0	0
0	833
0	880
0	607
0	827
0	791
69	133
1	706
1	184
0	360
0	581
1	67
0	294
0	685
16	468
2	380
0	153
69	851
0	100
0	284
2	456
0	228
2	305
3	140
12	296
5	134
0	322
1	24
3	73
0	226
0	833
0	287
0	283
0	273
1	273
0	274
0	250
0	253
0	255
0	242
0	218
0	218
0	49
0	10
0	34
0	26
1	24
0	18
2	21
0	11
0	4
1	3
27	239
0	167
0	203
0	167
0	221
4	10
0	167
0	160
1	167
0	160
0	225
0	155
0	213
0	218
1	167
0	210
0	51
0	187
0	104
0	138
0	144
0	158
0	85
0	60
0	49
0	43
0	26
0	46
0	43
0	2
0	2
0	2
0	287
0	130
0	116
2	246
0	254
0	56
0	21
0	13
0	20
0	22
0	7
0	18
0	0
0	0
0	0
0	0
0	0
0	0
0	0
0	0
0	0
0	0
0	0
0	0
0	0
0	0
0	0
0	0
0	0
0	0
0	0
0	346
0	996
22	769
5	282
0	116
0	303
0	96
0	199
10	554
0	903
0	457
2	496
0	144
0	60
0	57
0	109
1	368
0	366
0	452
0	0
12	463
0	458
0	328
0	313
2	352
1	18
11	152
0	452
0	111
1	226
0	239
0	180
0	57
0	85
0	99
0	87
2	1257
0	1148
0	154
0	1077
0	150
0	17
0	77
0	29
1	100
0	447
0	99
0	70
0	0
0	74
1418	99
16	25
0	275
0	273
0	21
1	21
0	12
0	13
0	12
1	6
0	1
0	1
5	0
0	1003
0	109
0	7
0	199
0	1347
0	1320
0	1276
0	934
0	246
0	283
0	65
0	138
0	65
0	1152
943	94
2	91
270	612
2	64
0	5
0	170
0	544
2	104
0	68
706	636
7	510
4	50
0	389
6	71
1	73
3	54
72	381
0	381
0	0
0	10
0	9
0	8
0	10
0	0
0	0
0	4
200	231
1	197
0	83
1	51
0	12
0	25
0	5
0	24
0	15
0	2
1	0
0	688
12	679
0	65
0	647
1	185
0	307
0	307
3	177
0	176
0	175
27	16
0	175
0	0
0	0
0	0
0	2267
0	2260
0	2026
0	2244
0	2240
0	2240
0	2148
0	2138
0	2204
0	2167
0	2213
0	435
0	2356
0	2242
0	2233
0	2263
0	2245
0	2131
0	2239
0	2242
29	2261
0	1439
0	441
2	444
0	2210
1	283
0	2242
0	2167
0	474
0	1818
0	1958
0	1723
2	54
5	1004
0	9
0	252
0	251
0	17
0	25
0	12
0	21
0	46
0	7
0	11
0	10
1	0
0	169
4	24
6	32
0	30
0	1
1	21
0	146
0	61
0	53
4	30
0	14
0	2
0	144
0	49
1	0
0	0
0	0
0	0
0	1022
0	796
0	790
0	745
0	704
0	699
0	714
0	505
0	320
0	354
1	108
0	4
545	89
0	88
0	1
6	7
0	0
0	0
0	0
0	3
0	3
0	0
7	60
0	316
0	308
0	316
0	36
0	83
0	17
0	308
5	621
0	152
0	145
0	557
2	218
0	332
1	489
0	64
1	38
0	0
0	0
31	45
1	45
0	16
0	1
0	1
1	0
0	162
1	135
39	157
0	62
0	66
0	23
0	23
0	66
0	2
0	66
0	66
0	66
0	67
0	66
0	67
0	66
0	0
0	0
0	0
0	0
0	0
0	0
0	0
0	0
0	0
280	0
667	126
1	126
2	140
0	15
1	91
1	92
0	12
0	32
0	19
1	13
0	140
0	100
0	76
3	78
0	67
0	30
0	50
0	77
162	497
2	497
15	114
0	75
0	22
0	11
221	2048
11	2002
1	0
3	631
17	1498
56	888
0	1449
0	191
0	741
3	279
0	92
0	291
0	47
0	207
1	163
0	138
1	40
7	221
0	220
0	220
1	221
2	3
409	0
0	177
62	177
1	152
91	32
1	12
0	26
8	6
0	0
0	0
0	0
10	246
0	86
0	81
0	183
0	243
4	28
0	55
0	39
0	16
0	14
0	17
0	11
1	7
0	6
0	1
23	27
1	61
8	1
2	49
0	7
0	7
0	116
7	10
0	56
0	10
0	13
0	5
19	57
0	1
0	6
0	75
1	2
0	24
0	110
0	0
0	0
0	0
0	0
0	0
0	0
1	194
0	91
0	228
0	299
0	303
0	362
2	333
2	356
0	227
1	47
0	246
0	356
2	327
1	355
0	296
5	294
0	290
0	247
1	159
0	59
4	64
0	116
0	43
0	87
1	82
237	12
0	12
7	530
0	434
0	530
0	0
0	0
0	0
0	0
0	0
0	0
0	0
0	0
0	0
0	79
0	77
0	55
0	13
0	8
0	0
0	0
0	0
0	0
0	0
0	0
0	0
0	0
0	0
0	0
0	71
0	0
0	0
0	0
0	1
0	0
0	1
0	0
0	0
0	381
1	968
531	1592
0	34
3	49
2	185
0	310
0	1335
0	892
0	499
32	555
1	938
0	793
0	224
0	330
5	285
3	197
0	1248
5	469
14	488
3	19
0	0
2	532
1219	532
0	78
0	44
7	16
50	61
0	55
0	7
0	6
0	76
0	70
0	70
3	50
0	2
0	15
0	7
0	9
0	0
0	0
0	0
0	0
0	0
0	0
0	0
0	0
0	0
13	1
0	1
0	2
1	139
0	276
0	291
0	277
1	17
1	155
0	44
0	160
0	223
0	186
0	9
0	62
0	37
0	24
0	38
3	31
3	16
4	14
3	36
1	40
26	61
0	61
0	5
0	44
5	21
0	21
0	0
276	138
6	45
3	40
0	47
0	31
0	0
0	0
0	573
0	541
1	20
0	167
2	54
0	141
0	90
0	606
0	254
2	87
25	110
0	596
1	90
0	510
0	112
0	47
7	452
0	496
0	19
0	46
2	158
5	455
0	163
170	149
0	94
2	78
0	49
10	28
0	29
1	20
30	217
0	281
0	250
0	83
0	66
0	54
3	61
0	103
2	125
0	83
0	66
2	76
0	47
7	9
526	103
0	103
2	2802
0	2793
8	2793
3	2777
10	25
2	104
0	128
0	229
0	271
0	229
0	201
0	194
2	1
0	40
0	41
0	6
0	0
0	0
1	12
0	12
0	12
0	0
0	0
0	0
0	0
0	0
0	0
0	0
0	1
0	6
0	1
0	0
0	1
3	1
0	1
0	0
0	5
5	0
0	7
0	0
1	7
0	7
1	2
0	1
0	0
0	0
0	0
4	637
0	50
0	621
0	23
10	228
0	42
12	500
6	464
1	53
0	30
3	58
0	80
0	52
1	48
0	13
2	19
0	81
21	150
0	6
0	84
0	83
0	72
0	71
0	148
0	148
0	385
0	132
1	107
0	133
13	151
0	165
0	164
0	374
0	148
0	38
13	19
0	3
0	17
0	14
0	14
0	0
0	81
0	62
0	107
0	65
0	73
0	11
0	14
0	6
0	36
0	68
0	13
0	37
0	115
0	28
0	81
0	14
1	6
0	32
3	16
0	938
0	935
0	639
0	529
1	551
0	432
0	421
0	394
0	395
0	332
0	276
0	265
0	259
0	173
0	170
0	934
0	30
0	12
0	17
1	10
5	30
5	65
4	70
5	59
0	9
1	12
6	10
0	4
3	2
0	7
2	7
0	25
0	0
0	0
0	407
0	422
0	336
0	272
0	180
0	186
2	186
0	177
0	99
0	0
5	53
2	9
0	15
2	15
0	386
49	1373
27	1262
9	838
1	130
2	85
0	97
270	105
8	24
0	45
0	67
0	29
0	24
0	32
0	45
2	38
15	1223
2	167
0	164
5	1215
0	173
0	231
0	23
2	75
0	1163
0	11
0	54
0	164
1	188
0	188
0	188
0	188
0	188
0	56
0	0
0	0
0	0
0	0
0	188
0	0
0	0
0	0
0	0
0	0
0	0
0	0
0	0
0	0
0	0
0	0
0	0
0	0
0	0
0	0
0	0
0	0
0	0
0	0
434	282
2	54
0	22
0	44
0	38
0	106
0	283
0	283
0	13
1	20
0	88
3	66
4	1845
0	124
95	2158
0	1777
895	2413
0	231
0	231
0	68
2	120
0	1209
1	438
0	232
0	74
0	404
0	38
0	5
0	5
0	0
0	0
4546	224
6	224
0	0
0	0
0	0
0	0
0	0
0	0
0	101
5	23
3	37
0	97
1	408
0	436
0	135
1	113
0	69
1	62
0	4
0	408
0	383
0	0
1238	277
21	277
1	122
215	49
0	49
1	3
0	5
0	2
1	92
0	6
0	89
42	37
0	7
0	4
1	5
0	11
0	5
0	4
0	12
0	1
0	11
2	9
0	4
0	4
0	3
0	2
0	288
0	277
0	271
1	164
1	252
0	243
2	232
0	237
1	188
0	213
0	38
0	44
0	37
0	16
0	12
0	19
0	115
0	6
0	74
2	71
0	24
0	21
0	36
0	49
0	33
0	1
0	279
7	116
0	127
0	146
46	169
1	113
1	118
0	101
0	76
0	51
1	22
0	31
0	36
0	46
0	144
0	1
15	8
0	7
15	16
3	22
1	11
0	30
0	26
3	11
15	142
1	26
9	138
7	16
0	0
18	13
0	0
3	11
0	9
1	12
0	4
12	7
1	0
1107	23
7	16
4	49
207	504
0	504
1	49
0	12
0	49
0	1
64	470
0	457
0	465
0	457
0	331
0	294
0	230
3	134
1	152
9	112
7	11
0	98
15	96
0	62
0	48
0	60
0	55
0	62
0	49
0	7
0	11
0	449
0	36
0	0
3	194
5	10
2	189
18	123
0	2
2	5
3	14
1	25
0	99
0	6
0	9
0	94
0	84
0	87
0	51
0	48
1	21
1	10
7	355
0	13
0	355
1	95
0	266
8	610
0	56
0	55
18	642
0	647
0	610
0	562
0	66
2	549
0	91
27	335
0	75
1	1599
0	1550
3	637
15	1413
0	1608
1	134
3	397
0	39
0	362
1	3
0	0
3	300
0	269
0	235
0	171
0	248
0	13
0	15
0	7
0	0
0	22
1	12
0	42
0	36
0	41
0	644
0	124
0	174
0	212
1	69
0	24
0	141
0	190
0	135
0	149
0	68
0	628
183	503
11	440
1	416
1	141
0	4
8	21
0	4
0	16
0	0
0	7
0	5
1	0
0	0
0	0
0	0
0	0
0	0
0	2
0	2
0	0
0	3
0	3
1	1
0	0
0	0
0	0
0	0
0	0
0	3
0	439
0	510
0	486
0	484
5	442
0	435
0	460
0	388
0	430
0	428
0	329
0	330
0	330
0	329
0	276
0	275
0	278
0	246
1	198
1	145
0	0
0	0
0	56
0	16
0	20
1	46
0	75
0	78
0	38
0	47
0	57
0	41
0	21
0	20
0	12
0	15
0	20
346	210
0	65
0	162
0	158
0	51
0	40
0	34
0	28
3	21
0	3
0	0
0	0
0	0
0	0
0	0
0	0
0	626
0	0
0	9
39	669
0	629
0	88
0	115
3	334
4	286
1	88
0	26
6	348
1	282
0	287
0	85
0	85
0	37
0	37
0	36
0	24
0	35
0	35
0	19
0	11
0	16
0	8
0	11
0	1341
0	1539
0	164
6	379
3	370
0	326
0	1
0	1
0	1
0	1
0	1
0	0
0	0
0	0
0	0
118	179
0	179
0	15
0	0
0	34
14	68
0	0
0	1
0	1
0	1
0	0
0	0
0	0
0	0
0	0
0	0
0	0
0	0
299	0
0	0
3	258
0	202
0	36
0	115
0	88
0	12
0	231
2	216
0	1
0	1
0	1
0	0
0	0
0	0
0	0
0	0
0	0
0	0
0	0
0	0
0	0
0	0
0	0
0	0
0	0
0	0
0	0
0	444
171	811
49	759
2	258
90	0
13	13
0	248
0	0
0	0
2	16
0	105
0	64
0	64
553	195
0	74
0	62
0	62
0	193
0	61
1	13
0	6
0	6
0	4
0	4
0	4
0	0
177	49
0	43
0	33
9	61
0	58
0	10
1	14
1	332
0	47
0	0
1	12
1	57
0	37
0	22
0	327
19	953
0	868
0	358
1	233
0	486
0	12
35	25
1	3
1	10
1	23
4	1
0	5
0	0
0	0
1	0
0	0
0	0
0	0
0	0
0	0
176	110
0	110
3	3
0	29
3	29
0	28
0	21
0	4
0	6
0	29
0	29
0	4
0	2
0	1
0	1
0	0
0	4
0	12
1	35
0	217
0	148
0	25
3	146
0	26
0	9
1	158
0	19
0	213
0	329
0	1652
0	4522
0	1474
0	2491
0	2646
0	148
0	164
0	1655
0	4484
5	1642
1	153
0	2655
0	84
0	79
0	283
0	389
0	1176
0	363
4	186
0	2650
0	52
4	9
0	9
0	30
0	5
0	15
0	4
0	20
0	10
0	9
0	3
0	7
0	4
0	6
2	33
0	417
0	435
5	400
0	412
0	394
0	362
11	97
0	257
0	307
0	51
0	48
0	52
0	35
2	15
1	8
0	447
0	0
0	0
0	0
0	0
0	0
0	0
0	0
9	248
0	33
0	30
1	7
6	105
11	220
0	195
0	125
0	135
5	176
2	330
0	394
0	758
0	728
0	276
5	96
2	39
27	38
0	116
0	18
0	44
1	22
1	43
0	18
0	23
0	1
0	8
0	19
0	25
0	196
0	91
0	6784
0	6490
0	4359
1	4199
217	1006
20	1006
33	685
0	11
2	601
0	176
0	84
0	100
0	60
2	94
0	0
1	50
3	16
34	610
29	50
0	157
0	606
2	227
6	140
0	249
0	238
0	232
0	63
0	234
0	212
12	182
1	146
0	198
1	227
1	231
0	211
0	167
0	89
0	163
0	58
0	139
0	169
1	116
566	236
0	213
1	51
20	67
2	102
0	104
0	21
1	0
0	218
0	118
0	117
10	5
0	167
0	244
0	198
0	256
0	129
0	184
0	129
0	164
0	59
0	54
0	449
0	21
0	10
0	81
2	0
0	0
11	456
0	0
0	464
0	465
0	0
0	0
0	0
0	0
0	0
0	0
0	0
0	0
0	0
1	39
2	197
16	290
102	436
2	437
0	508
2	469
0	411
5	495
0	119
0	27
0	49
0	57
4	82
1	206
0	42
0	36
0	138
0	79
0	6
0	6
0	0
0	2
0	2
85	1657
4	91
0	0
0	77
0	442
0	347
0	1324
0	348
1	73
1	1595
15	0
482	0
1687	956
1	701
0	474
258	6
401	73
0	0
0	54
0	19
0	0
0	0
0	13
1	13
0	0
0	0
0	0
335	227
53	212
0	80
7	14
140	105
4	84
3	84
0	99
2	75
0	68
1	62
0	184
0	185
0	187
0	130
0	128
0	33
0	33
0	5
0	4
1	0
0	174
0	0
0	0
0	11
2	18
1	15
4	18
0	3
0	8
0	9
0	9
0	0
0	2
0	2
0	3
0	2
0	0
0	0
0	0
0	0
0	0
0	1
0	0
0	0
0	0
0	0
0	0
0	1
0	0
1	1
0	1
0	0
0	0
0	0
0	3
0	0
1	18
0	3
0	6
1	6
0	4
6	4
0	19
22	89
0	63
0	91
0	95
0	99
0	99
0	28
0	11
0	48
0	12
0	12
0	0
0	0
1	41
591	459
0	290
22	217
3	241
0	199
0	219
2	21
1	1
23	64
0	66
2	51
0	56
0	35
0	38
0	14
0	8
0	4
3	1
1	1
0	4
0	45
0	36
12	44
0	5
0	44
0	1
2	14
0	44
56	72
0	72
0	8
0	1
0	1
0	0
0	0
0	0
0	0
0	0
0	0
3	204
11	125
0	165
0	170
0	172
1	18
22	51
1	42
0	23
1	15
0	0
0	352
0	1
0	160
0	313
13	144
0	240
0	344
0	40
2	1
28	146
0	52
0	445
0	335
53	31
0	30
0	6
0	6
0	10
0	7
0	2
0	4
0	0
10	414
0	556
0	41
0	369
0	58
2	90
0	37
0	545
289	0
0	0
0	0
0	0
0	0
1	438
0	432
0	258
0	421
0	0
0	0
0	4
0	0
0	4
0	5
0	9
0	13
0	7
340	18
0	7
0	7
0	4
1	11
0	9
0	0
0	0
0	0
0	0
0	0
0	168
0	9
3	9
0	1
0	0
0	0
0	0
0	0
0	56
1	908
0	997
0	907
26	569
0	384
0	351
0	237
0	96
0	0
0	0
0	9
0	2
0	90
0	8
0	47
0	48
0	10
0	83
0	10
0	0
0	0
0	0
0	2
0	2
0	2
0	2
0	1
0	1
0	0
0	0
0	2
4	290
19	852
0	37
0	769
16	0
1	451
0	44
3	339
0	30
0	1
2	86
0	0
0	0
0	0
0	0
0	0
0	0
0	0
1	0
13	6
1	320
3	11
509	318
10	0
0	0
25	0
0	84
0	84
0	81
4	49
171	314
5	253
29	224
0	165
3	41
0	167
7	10
16	0
2	22
1	23
0	144
122	79
5	67
0	5
0	5
0	12
0	14
3	24
0	3
0	2
0	11
0	13
11	38
0	2
742	513
0	410
0	412
0	291
0	379
4	246
2	132
0	2
0	2
2	159
3	1
0	81
0	4
0	5
0	156
0	156
0	81
3	35
11	572
0	565
2	167
0	51
0	12
0	67
0	3
0	11
0	13
0	98
0	102
0	106
0	99
0	113
0	101
0	105
0	18
2	65
26	108
0	7
0	15
0	79
0	21
3	14
1	33
7	13
0	13
1	35
0	0
0	20
0	0
0	0
0	0
0	0
12	16
0	1
0	10
2	0
0	10
0	6
0	446
0	342
1	47
0	462
0	32
0	208
0	20
0	446
0	395
0	88
0	1272
17	1266
0	1228
0	1044
1	979
1	129
0	381
0	379
0	46
1	377
0	374
0	383
0	48
0	31
0	385
0	385
16	133
0	24
13	134
0	5
9	10
0	11
153	155
0	314
0	437
2	202
0	131
0	207
0	40
0	114
0	348
0	66
0	349
2	46
1	269
17	0
0	130
0	50
0	17
0	19
0	56
0	0
0	109
0	109
0	15
1	29
0	18
0	46
318	413
0	256
0	159
0	271
0	206
0	404
0	124
31	42
1	2306
4	1958
2	504
1	148
2	1646
2	184
0	719
0	153
0	3
347	68
0	13
1	11
2	21
0	29
0	34
0	33
0	29
0	170
0	293
0	16
1	89
0	12
0	293
0	13
4	189
0	9
0	288
1	12
1	249
318	1132
1880	1505
15	683
41	970
2	308
0	459
69	223
0	70
1	101
0	1
0	1
0	0
0	1
0	2
0	0
0	14
0	14
0	13
0	13
0	11
0	10
0	9
0	5
0	5
0	5
0	5
0	0
0	2
0	0
0	0
0	0
0	0
0	0
0	0
0	0
0	0
0	0
0	0
0	0
0	13
0	13
77	137
9	90
63	75
0	133
0	10
0	16
0	9
0	33
0	578
0	1461
0	784
0	749
0	410
0	38
0	38
0	65
0	17
0	17
0	84
4	77
0	1452
1	10
0	10
1	63
0	20
0	17
0	17
1	63
0	16
0	16
0	16
0	5
0	8
0	813
1	813
1	281
0	813
0	0
0	0
0	11
0	31
0	31
0	18
0	31
0	21
0	0
0	0
0	0
0	0
4	3225
2	2390
213	3487
5	184
0	1214
0	1205
4	20
157	27
0	34
0	26
0	17
0	17
0	40
70	212
7	201
0	188
1	52
0	99
1	68
0	73
0	37
162	658
4	658
209	937
0	870
0	852
0	959
4	895
0	0
0	8
0	6
0	0
0	0
0	45
0	40
0	8
0	31
0	21
0	27
0	40
0	35
0	0
0	45
0	34
0	39
0	38
0	8
0	0
0	0
0	13
0	13
0	6
0	0
0	1
0	4
0	5
0	4
189	54
0	0
0	54
0	0
0	0
0	0
1	909
578	909
0	612
5	3
172	654
11	647
6	82
6	138
0	167
0	192
0	32
0	0
0	173
0	107
183	1278
1	442
0	1189
1	888
2	151
0	111
1	541
19	34
2	22
0	35
0	31
0	0
0	41
31	50
0	570
0	24
1	31
0	348
0	11
0	2
0	336
0	569
0	22
0	185
0	236
2	7
5	68
0	4
181	102
0	23
0	69
0	79
0	60
0	2
211	0
0	3
134	66
0	24
0	3
0	7
2	14
0	28
0	2
38	18
13	18
0	16
33	1
3	1
0	40
0	79
235	132
0	80
0	23
0	29
3	18
0	27
1	6
1	50
0	161
0	33
0	118
4	54
0	170
0	57
0	133
1	85
4	101
0	115
76	91
0	170
0	136
1	159
0	148
0	170
2	141
0	154
0	173
2	60
0	152
0	141
0	159
0	156
0	146
0	93
0	100
0	38
0	95
0	62
0	53
0	0
0	0
0	0
0	0
0	0
0	0
0	0
0	0
523	0
0	0
0	0
0	0
0	0
0	0
0	0
302	422
3	208
3	99
0	225
4	24
0	550
62	1083
0	431
0	1084
15	318
0	4
0	63
0	77
0	314
0	31
0	13
0	31
2	44
0	1
6	4
0	4
2	3
0	3
0	0
0	0
0	0
1	0
0	0
1	550
0	85
0	547
0	77
0	533
0	50
0	87
58	415
0	64
0	30
2	532
1	81
0	97
0	82
0	115
0	47
14	196
0	621
0	0
0	0
0	102
0	27
2	106
1	105
0	113
0	106
233	438
3	57
0	8
12	92
0	83
0	275
1	44
0	67
0	2
2	34
3	66
0	222
0	3
0	16
0	1
0	5
0	15
0	7
0	5
0	6
0	2
0	1
0	16
377	0
0	339
0	0
0	336
1	89
0	83
0	8
0	84
0	104
3	1258
0	1279
1	77
0	7
4	0
2	7
0	10
0	1
0	9
0	10
0	7
0	7
223	292
86	275
5	91
0	38
2	16
0	498
0	478
8	104
0	114
0	437
9	124
0	426
2	86
0	47
0	189
0	138
0	136
2	52
0	105
0	89
4	136
0	19
0	145
0	144
0	70
0	0
3	25
0	0
0	0
0	6
0	7
0	7
0	23
0	24
1	7
1	7
37	45
0	21
0	30
0	24
0	16
5	17
0	17
0	0
0	0
0	3
0	1
0	2
1	975
1	71
0	68
0	974
0	33
5	555
3	103
3	0
312	110
5	77
0	14
0	16
1	11
0	14
0	0
0	0
0	0
0	0
0	0
0	0
0	0
0	0
0	769
20	734
0	535
0	746
0	591
0	333
3	7
0	233
0	185
0	119
16	74
0	115
0	146
0	149
0	35
0	101
0	78
0	101
0	64
0	63
0	63
1	87
1	63
0	63
3	21
0	636
0	624
20	0
12	27
3	22
0	2
0	3
0	26
0	2
0	8
0	1
0	2
0	4
0	1
0	1
0	2
0	2
0	0
6	47
0	40
0	44
3	7
1	7
0	0
0	0
0	0
0	0
203	235
1	231
0	8
2	151
6	125
0	13
0	17
0	0
3	132
45	149
0	32
1	107
0	81
4	42
0	49
4	16
3	27
0	39
1	150
0	167
0	89
1	26
0	1
0	0
0	1
0	1
0	0
0	0
0	0
0	0
0	1
21	527
1	7
0	48
2	7
0	29
0	86
5	100
0	123
0	23
0	84
0	162
0	71
1	52
0	88
0	59
1	109
0	86
4	0
5	65
2	420
2	420
0	90
2	72
0	74
2	185
0	192
0	13
4	6
3	189
1	4
0	861
0	821
0	777
0	867
0	827
0	1
1	1
0	0
0	1
40	330
0	330
254	623
0	34
0	177
6	464
0	562
0	111
10	158
0	336
293	2025
0	128
0	160
0	127
0	252
0	275
8	1723
3	275
0	248
458	1
974	30
441	209
5	143
0	143
0	66
0	712
5	2037
0	2990
61	3265
16	1301
0	3207
5	1961
3	133
1	892
1	891
1	1992
16	2162
0	1600
75	1146
0	67
0	198
0	182
0	91
0	178
0	120
9	77
1	177
3	129
0	106
0	60
0	30
0	52
0	32
0	33
627	276
4	91
1	174
0	104
0	70
0	0
0	2
3	1
0	2
0	2
1	2
562	0
6921	141
1	1
0	1
9	0
0	4
0	4
0	1
0	0
0	86
0	139
0	80
1	23
1	27
0	128
0	0
0	9
0	0
0	9
0	0
0	2
0	1
0	2
0	2
0	1
0	22
0	233
6	5
0	222
14	207
0	188
0	32
8	142
0	41
2	11
0	29
0	178
661	215
3	0
0	0
0	1
0	5
0	5
0	5
0	5
0	5
0	5
0	5
0	7
0	3
0	7
0	7
0	2
136	19
1	18
0	14
0	110
0	111
0	110
2	94
2	196
98	205
0	190
0	97
0	42
0	47
0	42
0	16
0	23
0	38
0	17
0	23
0	11
2	2
0	1
0	21
0	24
3	5
1	2
0	13
0	6
0	6
1	419
0	439
0	434
3	247
0	214
0	427
5	117
0	198
0	171
244	283
25	13
0	80
7	67
0	2
0	0
0	2
0	2
0	0
0	0
0	0
0	0
6	246
1	173
0	58
3	118
0	172
0	61
0	1
0	1
1	0
120	322
12	252
4	70
0	0
0	0
0	0
0	0
0	0
0	0
0	0
0	0
0	0
0	0
0	0
0	0
0	0
8	458
0	231
1	243
0	191
1	72
0	72
0	11
0	12
0	49
0	41
2	41
6	393
0	356
0	246
0	58
5	40
12	80
0	1340
0	0
210	115
0	88
0	74
0	101
0	51
0	0
0	98
356	223
5	219
7	12
59	163
3	48
37	1
0	0
0	1
0	0
0	0
91	66
0	14
0	12
0	11
0	10
0	24
0	32
0	2
0	10
0	1
0	2
0	49
124	1246
0	202
0	272
1	350
0	274
0	235
0	1007
0	56
0	17
0	98
0	1032
0	238
0	207
0	119
0	1031
0	108
0	264
0	294
0	166
0	236
0	1095
0	952
2	860
0	630
0	868
1	464
7	722
9	105
3	72
2	60
0	27
1	309
64	558
0	101
0	149
1	44
0	67
0	141
0	35
0	97
17	90
0	14
0	180
0	9
1	4
0	13
2	26
0	56
0	26
0	14
0	26
0	21
0	7
0	0
0	0
0	175
6	740
3	51
8	752
0	14
0	12
5	0
1	14
0	28
0	27
0	0
0	1
2	1853
16	1870
3	1674
0	53
0	653
2	1057
0	107
0	583
2	84
0	144
1	24
2	21
3	18
0	76
6	260
3	241
0	14
0	37
7	15
15	23
0	0
0	0
3	0
1	4
1	39
0	4
0	462
0	604
0	46
0	78
0	79
0	584
0	36
0	606
2	94
0	53
2	4
0	31
1	561
0	50
0	78
1	58
2	62
0	21
0	21
2	13
0	121
0	0
239	27
2	27
0	25
0	468
0	451
0	451
0	185
0	183
0	144
0	56
0	44
1	51
0	26
0	22
0	12
0	10
0	13
1	14
0	5
0	654
0	24
5	651
0	79
0	69
0	67
1	642
0	786
5	994
0	72
0	72
0	0
1	6
0	6
0	0
0	0
0	0
0	0
0	0
1	130
0	130
0	91
0	240
0	272
1	221
0	130
1	80
2	80
1	72
0	25
0	31
0	33
0	9
0	9
0	0
0	0
0	6
0	1
0	3
0	2
0	0
0	0
0	0
0	1
0	1
0	0
73	123
0	30
0	100
0	60
3	39
0	25
0	0
0	0
0	0
0	0
0	0
0	0
0	0
0	0
81	40
106	0
135	192
0	206
0	193
0	203
0	189
0	22
0	89
13	37
17	13
0	513
2	505
1	370
2	157
0	138
0	95
1	22
0	77
0	71
3	0
4	0
0	38
0	104
0	111
0	93
0	99
0	84
0	52
0	23
13	1056
2	1056
0	108
0	4
1	2
0	4
3	81
4	80
0	4
1	412
0	15
0	92
0	17
1	132
9	427
0	14
0	116
0	114
0	147
0	61
0	591
0	407
0	567
0	85
0	117
0	220
0	162
1	118
30	175
0	272
0	220
0	65
0	95
0	163
1	40
4	100
12	53
0	60
0	452
0	16
0	7
1	13
0	16
0	3
0	5
0	7
2	0
0	7
2	6
0	14
0	3
0	0
0	201
0	210
0	9
0	22
0	37
0	206
0	87
0	228
2	40
0	38
1	15
0	25
0	20
4	18
0	40
0	25
0	61
0	0
0	163
0	187
14	90
7	90
13	7
0	4
0	13
0	11
0	6
53	1776
0	1513
3	316
184	1537
0	554
0	474
0	130
2	1331
2	130
0	469
0	1034
0	67
0	35
0	1
0	33
0	21
0	33
0	35
1	4
0	3
0	30
0	9
0	3
0	21
110	393
6	335
0	404
0	63
0	18
0	72
0	335
437	344
6	344
0	125
0	74
0	0
0	0
0	1
0	0
0	1
0	0
0	1
0	1
0	0
0	0
0	1
0	1
0	0
0	1
0	300
0	298
0	65
0	74
0	88
3	69
0	51
0	47
0	41
0	47
0	41
0	45
0	44
0	31
0	34
0	36
5	21
0	23
0	129
0	320
0	105
0	281
0	303
0	206
2	30
0	62
1	174
0	221
0	218
3	296
1	28
1	0
0	20
0	84
0	171
0	73
0	15
0	106
0	34
1	18
0	51
0	27
0	16
168	544
7	397
0	331
0	183
0	42
0	45
4	126
2	47
0	121
0	16
0	3
0	3
1	30
33	77
0	56
0	3
1	3
0	3
0	989
0	1047
0	64
16	1005
0	982
17	853
13	60
2	66
1	72
30	379
0	0
0	0
0	0
0	0
0	0
0	0
0	0
0	0
0	1
0	0
9	1
0	0
0	0
1	469
108	469
4	309
19	310
2	122
0	355
5	17
7	145
0	126
0	38
1	38
8	42
2	20
3	15
0	347
302	0
5	260
14	260
1	13
0	41
0	261
305	524
0	139
4	406
0	38
0	221
0	2
0	1
0	2
0	2
0	1
0	0
0	0
0	0
0	0
0	0
0	0
0	0
0	0
0	0
0	0
0	1509
0	210
0	125
0	125
33	28
0	1458
0	1371
0	0
0	0
0	0
0	395
0	1
1	294
0	221
1	258
0	236
0	216
0	44
1	48
0	41
0	39
0	38
0	38
0	38
0	30
0	4
2	0
1	0
99	535
1	509
394	486
6	254
0	346
0	298
0	224
0	179
1	163
14	72
1	3
0	2
0	2
0	2
0	3
0	2
0	0
0	0
0	0
0	0
0	0
0	0
0	0
0	0
0	0
0	0
0	0
0	1
0	0
0	1
0	0
0	0
0	0
116	0
16	36
0	24
2	28
4	0
0	24
1	26
0	18
5	19
2	3
0	121
0	78
0	192
1	232
149	420
0	298
0	52
0	45
0	54
0	240
0	30
427	285
1	58
0	261
2	243
4	48
0	52
1	34
0	43
7	101
0	101
0	57
0	44
0	37
0	34
0	29
0	30
0	27
0	3
0	10
0	2
0	2
0	0
0	57
1	204
8	143
0	111
0	112
0	41
0	765
500	771
0	773
0	548
0	774
144	0
0	14
0	10
0	17
0	131
0	14
0	7
0	19
0	10
0	16
0	12
0	14
0	13
0	129
418	93
2	53
0	40
3	0
0	0
2653	0
0	447
4	4294
0	4552
0	4841
0	1447
5	4294
0	4840
365	0
0	454
0	456
0	105
1	64
0	424
0	840
0	827
26	89
1	55
0	63
0	816
0	824
3	0
0	0
0	0
0	0
0	0
1	56
0	21
3	100
0	24
0	55
0	2
1	1
12	23
590	37
0	37
21	13
85	28
0	28
0	1
0	108
0	127
1	136
0	90
0	5
0	150
0	90
127	13
2	1
1	10
12	33
0	0
2	8
32	43
1	16
0	27
0	4
0	2
1	1
0	2
0	0
0	1
2	0
0	0
0	0
3	228
5	199
6	109
0	156
0	96
2	297
0	271
0	127
0	243
0	576
1	452
0	134
0	259
0	65
0	244
0	637
0	298
0	61
0	461
0	129
0	40
1	255
0	140
0	314
0	348
1	274
1	0
7	60
6	272
0	576
0	538
0	32
0	3
0	3
0	3
4	16746
0	16780
1	4001
0	4760
0	21
0	90
0	68
67	108
0	82
5	66
0	23
0	19
23	559
3	145
9	519
0	165
6	283
0	37
0	480
2	198
0	708
45	721
33	630
15	630
6	0
0	163
0	123
4	57
0	5
0	29
4	36
0	93
0	4
8	0
0	0
0	0
0	0
0	20
3	840
1	5
0	787
8	778
0	87
0	61
0	778
0	840
0	9
0	95
0	103
1	98
0	13
0	12
1	6
0	78
3	3137
3	1
0	1
1	2
75	13
0	13
4	310
0	66
3	268
1	47
0	65
0	162
0	223
0	30
0	90
9	242
1	89
0	252
0	85
0	296
0	15
0	46
0	1
0	186
0	143
0	145
0	136
0	65
0	56
0	13
0	15
1	6
1	0
0	282
17	140
0	140
5	5
1	159
1	0
0	10
0	15
0	0
0	8
0	8
0	3
0	3
0	0
0	0
0	0
0	0
0	0
0	0
1	249
0	529
0	754
7	669
0	421
0	715
1	490
1	670
0	76
4	85
0	664
0	237
0	639
1	504
0	697
0	591
0	214
0	166
5	171
0	335
2	109
0	0
0	0
0	0
0	0
0	0
0	0
0	0
0	0
0	0
0	0
0	0
0	0
1	150
1	150
5	6
0	48
236	0
1	425
47	1873
0	690
0	417
0	2154
1	316
0	336
2	214
0	0
0	0
1411	1036
0	793
0	873
0	367
0	186
7	399
4	267
1	122
1	55
3	122
0	122
0	0
0	0
0	0
0	7
0	0
0	68
0	68
0	12
0	8
0	0
3	9
0	72
0	69
0	10
0	68
199	34
2	3
4	0
9	31
49	1175
6549	1388
0	510
0	716
1	369
11	213
126	3236
55	1234
0	2674
25	63
7	594
1	3083
19	545
0	682
30	10
0	10
0	0
1	13
0	13
0	13
1	0
0	13
0	15
0	1
0	1
0	15
1	1
0	1
0	2
0	1
0	0
1	343
0	198
0	178
0	77
0	134
0	364
2	71
0	11
0	8
0	518
10	522
1	76
2	61
0	472
0	522
6	422
215	447
2	290
1	292
1	56
0	2
0	76
0	1
0	1
0	3
0	75
0	50
0	6
0	2
0	3
0	3
0	4
3	0
0	6
0	7
0	5
2	2
0	75
0	1
0	738
20	685
2	684
2	720
31	171
0	62
0	0
0	0
0	170
0	861
0	311
13	19
1	602
2	263
116	429
3	192
0	752
0	2
0	7
0	6
0	0
0	4
21	1081
20	2215
9	1081
6	92
2	185
0	170
0	85
0	194
0	494
0	478
4	3
11	33
0	35
0	19
0	483
1	471
0	489
0	465
65	0
0	28
0	121
0	57
1	74
29	119
9	0
0	12
0	63
0	29
0	40
0	3
0	3
0	3
0	63
0	2
6	25
0	39
0	9
1	3
0	1
0	1
0	6
0	2
0	0
0	2
0	121
0	419
0	418
0	102
4	9
1	23
0	42
0	43
0	631
0	338
2	625
2	278
0	242
41	146
1	615
0	159
1	258
0	258
3	206
0	381
0	292
2	309
0	155
1	183
0	163
0	351
1	0
0	0
0	0
0	0
0	0
0	0
0	0
0	0
0	0
1	166
0	168
0	168
0	168
0	1
43	36
0	22
0	35
1	2
43	6
0	0
0	0
0	0
0	0
0	0
0	0
0	0
1	4
0	2
0	4
0	2
61	16
32	2
4	2
0	1
0	1
0	1
71	33
6	29
0	12
0	3
25	1430
5	872
1	722
2	654
0	146
0	0
0	161
0	82
0	122
0	55
0	1378
0	471
342	248
2	186
0	62
0	501
0	572
0	518
33	576
0	590
0	481
0	103
0	129
0	213
0	601
21	64
0	3
2	8
0	60
0	247
0	145
0	223
0	52
0	0
0	0
0	0
0	0
0	184
1	184
0	183
9	118
14	103
2	72
0	110
0	105
21	48
2	8
0	170
24	78
9	3226
49	1449
2	32
0	2975
1088	602
0	577
4	601
10	462
2	343
12	26
1	193
0	76
0	50
0	3
0	319
75	0
0	0
0	0
0	0
0	0
0	0
0	0
0	0
0	0
0	0
0	56
141	160
8	139
1	136
0	138
1	8
1	130
0	34
1	15
0	23
0	47
0	19
0	16772
8	16952
0	6
16	447
0	113
3	17
0	448
0	0
0	233
0	29
84	406
10	406
135	64
1	250
0	95
0	65
0	33
0	176
0	140
0	52
0	140
0	128
0	126
0	81
0	65
0	3
0	92
0	137
0	52
3	12
0	12
0	31
3	99
0	0
0	0
0	0
0	0
0	0
0	0
0	0
0	0
0	0
0	0
0	0
0	0
0	0
0	0
0	0
0	0
0	0
0	0
0	0
0	0
0	0
0	0
0	0
0	0
0	0
0	0
0	0
0	0
0	0
31	164
1	13
5	114
8	151
0	12
30	490
0	346
0	447
0	452
0	131
0	144
0	73
1	33
0	59
5	42
0	37
1	34
0	59
36	53
3	16
0	24
16	30
0	49
0	23
0	25
3	9
1	3
2	0
0	10
2	20
12	2
8	11
0	1
0	1
0	0
0	1
0	0
0	0
0	0
0	4
0	3
0	3
0	4
0	2
0	4
0	4
0	3
0	1
0	0
0	0
0	3
0	3
0	4
0	2
4	31
973	880
1	127
0	608
0	429
20	602
0	321
0	0
0	0
0	0
0	4
6	4
0	1546
0	952
2	63
0	47
10	8
0	34
0	53
3	8
0	48
0	16
0	1162
0	55
0	37
17	19
0	1133
0	205
0	874
0	164
0	60
0	54
6	73
0	86
0	115
0	1143
0	1036
0	848
0	111
0	0
0	0
0	0
0	0
0	0
0	0
0	0
0	0
235	26
1	16
1	10
1	13
1	5
0	12
0	648
0	855
12	532
1	144
4	545
5	330
0	587
97	1005
13	488
1	988
1	833
11	192
0	71
0	50
0	164
5	45
0	82
3	45
0	15
2	6
104	391
1	322
23	47
0	370
0	38
0	109
0	49
0	48
3	19
0	0
0	0
1	0
4	223
705	2148
1	145
0	865
0	2040
1	1929
0	149
0	118
4	99
30	0
3	0
0	0
0	0
0	0
1	158
0	18
0	0
1	144
0	158
0	12
0	20
0	28
0	15
1	18
0	149
0	151
0	65
0	66
0	8
0	71
0	0
0	1
0	71
0	7
0	0
0	3
0	4
0	2
0	0
0	6
0	5
0	24
0	17
0	27
0	28
0	26
0	22
0	12
0	3
15	10
0	7
0	99
1	30
0	3
0	0
0	43
0	99
9	1770
2	245
0	372
0	224
0	373
0	326
0	138
0	108
6	53
2	105
0	121
0	80
1	105
0	68
7	90
0	42
4	223
0	9
2	167
0	223
7	157
0	182
0	0
0	0
0	0
0	0
0	0
0	0
0	0
0	0
0	0
0	0
0	0
0	0
184	21
1	14
0	3
0	0
0	4
0	3
0	25
0	5
0	5
0	4
0	0
0	1
0	1
0	25
0	6
0	38
0	322
6	32
0	41
7	10
0	317
0	315
0	319
9	89
0	97
0	52
0	61
0	33
1	21
0	22
0	34
6	51
23	51
6	15
0	38
0	8
0	11
0	12
0	20
0	17
2	14
0	26
0	477
0	80
0	208
0	173
0	189
0	247
0	211
2	206
0	23
0	221
3	83
0	23
0	0
0	0
0	0
389	734
0	320
3	638
0	123
1	160
2	190
1	36
0	81
1	57
0	181
0	105
2	47
42	281
0	108
0	15
0	3
1	2
0	27
0	2
0	18
0	0
0	18
0	42
0	2
0	0
0	27
0	2
0	2
0	44
0	2
0	1
0	2
0	1
0	0
0	0
0	0
0	17
0	0
0	0
0	15
0	0
0	0
0	2
0	0
0	0
0	6
0	17
0	0
0	3
0	17
0	17
0	0
0	17
0	42
0	40
0	4
0	0
1	263
0	587
2	9
1	231
0	393
0	238
87	120
0	190
2	446
0	247
1	202
0	143
8	276
0	15
7	240
0	322
0	39
0	324
0	330
0	32
3	208
11	315
0	581
0	581
0	526
0	25
2	39
0	79
0	4
0	57
0	15
0	5
5	0
3	0
0	534
0	87
18	1052
0	628
2	885
1	94
0	0
1	999
2	1123
2	41
0	86
0	801
1	335
0	650
0	655
0	219
0	59
0	0
96	550
0	534
0	70
0	71
0	62
0	47
0	26
0	57
5	57
0	57
0	13
0	4
0	0
1	686
0	686
0	2
1	4
0	545
0	236
5	216
2	78
0	21
0	12
0	282
0	261
0	125
0	3
0	15
0	15
0	116
0	10
0	15
0	6
0	13
0	34
0	6
0	2
0	4
0	4
0	5
0	5
0	7
0	2
0	9
0	5
0	2
0	3
0	2
0	5
0	3
0	35
0	0
43	336
1	299
0	286
2	0
0	87
97	87
0	512
0	373
0	86
0	443
3	6
0	390
0	515
0	353
0	0
0	437
0	0
0	437
0	4
0	0
0	25
0	437
0	5
0	5
0	5
0	502
0	437
0	0
0	13
0	0
0	0
0	382
0	395
0	389
0	432
3	103
0	421
0	426
0	36
0	432
0	45
1	387
0	62
0	36
0	11
1	0
0	426
0	399
0	421
1	367
0	409
0	56
0	60
0	219
0	7
0	101
0	380
0	251
0	38
0	226
0	16
0	158
0	147
0	33
0	75
0	115
0	101
0	66
0	81
0	81
0	82
0	30
0	13
0	45
0	51
0	6
4	20
1	26
0	2
0	6
16	59
0	120
0	62
2	91
0	103
0	56
0	62
0	106
0	129
0	110
0	69
0	30
0	39
0	88
0	26
0	25
0	24
0	27
0	15
0	13
1	8
1	28
0	28
0	20
0	24
0	26
0	17
0	20
0	24
0	15
0	16
0	16
0	13
1	13
0	14
0	3
1	46
0	493
0	2
0	494
0	119
0	292
0	255
6	292
0	279
0	277
0	263
6	252
0	268
0	20
4	66
40	44
0	38
0	22
3	11
0	0
0	48
0	8
2	30
0	28
0	44
0	44
0	47
0	10
0	17
0	1
0	11
0	4
0	1
0	1
0	1
0	1
0	0
0	1
518	17
0	17
0	0
1	294
730	300
4	188
3	71
0	72
527	166
2	45
3	77
0	144
0	0
0	0
0	0
0	0
0	115
0	140
0	135
0	103
0	89
0	8
0	35
0	48
0	3
0	80
0	10
0	16
0	9
0	11
1	12
0	1
0	18
0	40
0	11
0	14
0	35
0	24
0	30
0	10
0	9
0	13
0	13
0	9
0	10
0	9
0	4
0	2
0	9
0	9
1	4
1	3
0	4
0	4
0	3
0	4
0	4
0	12
0	4
0	12
0	9
0	9
0	4
0	12
0	7
0	2
0	10
0	8
0	11
0	9
0	11
0	9
0	6
0	0
0	0
0	0
0	32
0	9
0	3
0	9
0	1
0	1
2	1
0	1
0	0
0	1
0	0
0	1
0	0
0	1
0	0
0	0
0	0
0	0
1	221
14	141
4	141
0	141
4	141
0	0
853	0
0	863
0	743
0	0
0	34
688	35
0	75
5	100
0	10
0	70
571	0
29	1205
0	336
1	96
1	20
2	1208
0	74
1	65
0	68
0	70
0	72
0	66
2	67
6	12
2	13
0	6
2	1
3	2
0	14
0	19
0	19
0	19
4	32
0	76
0	56
0	52
0	8
1	8
1	10
0	51
0	2
5	56
0	14
0	4
0	2
0	5
0	4
0	4
0	131
0	41
0	87
1	17
0	35
0	115
0	121
4	97
0	79
0	49
0	15
0	22
2	111
247	684
0	593
0	523
6	451
2	371
1	124
0	25
193	280
5	48
3	235
0	38
0	91
0	130
1	441
105	124
33	113
0	230
1	105
2	425
1	176
45	316
1	0
0	0
0	120
0	116
0	119
0	111
0	125
0	58
0	66
0	60
1	24
0	41
0	37
0	7
0	24
0	7
0	13
0	11
0	58
0	1253
3	480
0	1184
0	342
19	1142
0	348
4	1042
0	1018
1	249
0	1211
4	1188
0	363
0	114
4	309
11	182
0	105
0	96
0	72
4	226
1	93
0	228
0	217
2	90
19	110
4	74
22	25
18	22
6	47
7	116
10	204
39	36
2	10
3	116
11	87
1	44
0	115
0	2
0	13
0	12
0	5
0	2
0	4
0	4
0	2
0	3
0	2
0	2
0	0
0	0
0	0
0	0
8	22
0	25
1	171
2	2
0	164
0	148
0	151
0	77
0	164
0	26
2	21
0	20
0	32
3	12
1	13
0	50
2	65
0	96
0	126
0	164
0	0
0	0
0	0
0	0
0	0
0	0
0	0
0	636
105	3721
0	178
0	468
0	3506
0	528
0	515
0	468
0	19
0	25
0	490
0	0
0	21
0	25
0	25
0	28
1	15
0	40
0	30
0	18
0	22
0	495
0	45
0	0
2	155
0	34
0	152
0	492
0	14
0	29
0	45
13	122
0	135
2	20
4	57
3	26
0	88
1	20
340	90
0	90
0	30
0	38
1	18
1	18
0	1
0	3
0	3
28	485
0	483
0	254
0	147
0	100
1	14
0	14
5	132
0	132
0	253
0	247
11	6
0	182
0	27
0	27
38	221
18	226
49	5
7	506
0	63
1	407
0	4
0	506
0	10
0	14
0	14
0	14
0	0
0	0
0	0
0	27
85	34
2	26
84	180
1	33
3	163
0	14
2	23
0	11
0	8
746	0
258	0
0	0
0	0
0	40
73	50
0	719
0	709
0	709
12	599
0	624
0	98
1	16
2054	0
0	37
0	51
12	1718
0	1466
8	671
0	69
0	1206
1	1001
0	16
0	69
2	71
0	15
0	19
2	14
1	65
0	194
0	10
1	28
1	91
0	612
1	45
0	37
1	75
3	153
0	184
0	270
0	209
0	270
1	230
0	98
5	119
0	124
0	276
0	270
0	265
1	104
0	80
0	69
0	72
0	91
4	169
0	169
3	74
2	44
0	29
0	75
0	25
0	325
0	72
0	332
0	221
0	80
0	234
0	257
0	220
0	46
0	34
0	18
1	28
0	54
0	18
0	85
0	67
0	317
0	291
19	76
0	10
0	22
0	16
0	76
0	2
0	2
0	2
0	2
0	1
0	1
0	0
0	1
0	0
0	0
0	612
0	621
0	496
0	263
0	55
0	22
0	596
2	63
0	111
0	545
0	461
1	15
0	41
0	544
0	48
0	188
0	3
0	432
0	0
3	49
0	49
1	47
0	65
0	60
1	0
0	30
0	25
4	13
1	84
0	545
0	432
0	369
3	361
0	364
0	13
9	408
0	384
1	369
2	24
0	31
0	309
2	13
2	0
1	17
0	402
0	0
0	0
0	0
0	0
0	417
0	406
0	206
1	292
4	97
2	13
0	12
0	12
0	0
0	0
0	0
0	1
0	1
0	1
0	0
1	74
0	121
8	580
0	588
0	559
6	524
0	88
0	79
0	68
18	612
5	566
0	562
0	521
0	550
20	391
0	0
3	1584
0	195
1	198
0	274
0	436
0	1368
34	776
0	278
0	711
0	697
0	652
0	639
0	652
0	639
98	530
0	616
1	646
0	84
0	75
0	492
0	459
0	31
0	473
0	33
0	55
1	67
0	3
0	34
1	0
0	0
0	46
0	28
0	2
17	209
0	446
0	344
0	115
0	229
0	6
0	5
0	5
1	5
0	0
0	6
0	0
6	0
0	1
36	162
0	109
0	64
7	106
0	95
37	463
0	209
0	136
2	326
3	143
4	101
0	2
0	6
0	0
3	4
0	1
0	6
0	4
0	5
0	3
0	3
0	2
0	0
0	6
0	40
0	44
1	1
0	550
0	3
0	471
0	544
0	287
0	3
0	0
0	37
0	474
0	853
6	832
0	822
1	773
0	831
0	44
0	176
0	183
0	135
0	6
16	6
26	0
0	36
0	1688
8	734
0	887
0	748
0	248
0	248
0	205
1	205
0	154
2	55
0	472
0	260
0	337
0	146
0	93
0	48
0	1293
0	1689
15	155
0	2
13	159
0	12
0	5
0	2
2	47
0	4
0	12
47	141
13	157
0	279
28	202
0	284
0	248
4	133
0	62
0	61
0	59
0	81
0	46
0	74
0	45
0	74
0	290
0	192
0	0
0	0
0	0
0	0
36	80
0	80
1	78
0	19
0	11
0	15
6	63
0	0
0	0
0	0
2	12
62	99
0	1
0	9
1	2
1	3
1	84
0	1266
25	1252
0	1285
0	914
0	157
20	401
1	296
4	154
0	382
0	939
2	225
0	177
1	160
45	304
28	306
30	99
37	106
0	127
5	104
0	1261
16	1230
2	1230
4	163
0	495
15	74
8	149
3	40
0	0
0	0
0	0
0	0
0	0
0	0
0	0
0	0
0	0
0	0
0	0
0	0
0	0
0	0
0	0
0	0
0	0
4	387
9	390
4	378
4	5
0	0
0	0
0	0
0	0
0	0
0	0
0	0
253	661
0	516
4	626
1	165
0	232
0	656
0	180
0	451
0	2
0	6
0	2
0	0
0	0
0	2
0	6
0	3
0	6
0	6
0	2
1	6
0	0
0	0
7	8
2	11
0	6
0	2
0	1
0	3
8	132
0	685
4	322
0	462
1	498
23	696
0	59
0	53
0	100
0	131
0	102
7	125
2	59
0	60
0	11
0	17
0	17
0	17
0	10
0	7
0	4
0	5
0	3
0	2
0	2
2	0
0	0
1	0
0	0
0	0
0	0
0	0
0	0
0	0
0	0
0	0
0	0
0	0
0	0
0	0
0	0
0	0
0	0
0	0
0	153
1	14
1	162
0	150
0	152
1	169
0	170
0	170
0	170
0	137
0	19
0	170
0	170
2	148
0	176
0	16
0	160
0	146
0	139
0	14
0	116
2	79
0	13
0	7
0	9
0	12
0	16
0	1
0	51
182	8
0	1
0	7
0	0
0	0
0	0
0	0
0	0
0	0
0	0
0	0
0	0
0	0
0	0
0	0
0	442
0	443
0	153
0	18
0	452
0	18
0	29
0	29
0	299
0	317
0	4
0	20
0	18
1	19
1	3
0	16
0	17
0	442
0	416
1	118
0	99
0	647
0	646
0	608
0	2
0	2
162	614
0	589
5	606
0	14
0	41
0	31
1	15
9	57
1	47
0	41
4	3
2	3
20	10
60	55
0	54
0	0
0	196
1	196
0	123
0	39
0	24
0	36
0	33
0	33
0	29
0	23
1	16
19	9
1	1
1	6
0	123
245	183
0	140
0	141
5	73
1	38
1	4
0	113
1	3
0	82
1	153
0	580
0	0
0	171
0	90
0	97
1	138
0	0
0	131
0	98
0	133
0	108
0	27
0	97
0	99
1	121
0	507
0	9
0	8
0	33
0	24
0	338
279	359
0	173
0	31
4	15
233	300
0	7
3	114
0	99
0	226
3	221
0	225
3	125
1	79
0	73
0	335
0	229
0	34
0	1107
1	996
7	523
0	202
1	203
18	206
0	911
1	516
0	197
0	735
1	470
0	610
3	190
0	329
5	220
5	7
1	160
0	279
0	107
6	280
1	190
0	102
7	185
0	194
1	187
0	39
19	35
1	43
496	397
0	43
0	362
0	368
0	378
5	282
12	0
0	337
0	106
0	164
0	392
0	167
0	338
0	115
1	87
0	394
0	0
0	0
330	1537
0	32
3	536
9	466
3	113
0	656
0	420
36	88
0	77
0	81
0	22
0	3
1	6
1	6
0	2
2	5
1	2
0	2
0	34
0	94
1	192
1	193
11	192
0	20
2	1
0	11
0	225
0	92
0	45
2	7
0	32
0	7
0	5
0	18
0	30
0	183
0	212
24	236
0	17
0	8
0	24
0	32
0	5
0	57
1	37
2	25
0	20
3	21
0	12
1	20
2	20
1	20
2	94
0	1
0	14
1	427
0	180
0	34
0	1
0	18
0	4
0	34
0	121
0	20
0	73
0	93
0	427
0	37
2	161
0	97
63	155
0	9
0	0
1	0
0	43
1	43
0	3
836	146
203	539
0	539
0	65
11	140
0	169
0	305
0	32
0	90
1	13
0	305
1090	1934
431	2152
0	1651
0	125
0	206
0	162
0	193
0	228
0	93
0	56
1	159
744	150
1	35
2	4
0	63
3	95
0	34
0	1432
0	1422
0	446
0	113
0	42
0	52
0	47
0	25
0	13
6	1079
0	1325
0	555
1	433
9	110
2	103
0	77
1	80
1	8
1	24
0	24
2	18
2	5
0	115
1	1361
5	1290
3	165
2	220
10	142
0	114
0	104
674	48
0	47
128	2576
3	2481
0	1586
1	166
3	150
8	28
0	256
2	473
4	205
1	256
0	416
0	187
0	157
0	758
0	210
1	202
0	174
0	151
0	22
30	117
10	116
0	9
0	89
0	35
3	4
8	56
0	14
0	49
3	32
11	0
0	31
3	33
3	24
2	11
13	5
3	9
2	13
0	0
0	13
0	0
0	3
0	1
0	2
0	18
0	125
0	816
2	87
0	24
0	12
0	863
0	839
0	12
0	32
0	41
0	31
0	9
0	893
0	346
0	1
0	1
0	0
0	0
0	1
0	0
0	0
0	0
0	1
0	0
0	0
0	0
0	0
0	0
0	0
0	0
0	0
0	0
315	15
0	15
5	4296
0	4067
0	2236
1	429
1	175
0	319
0	290
1	108
3	108
0	253
0	0
0	4075
5	1340
22	1340
6	68
0	28
0	42
5	34
2	87
4	883
11	884
1	806
0	210
0	187
0	884
0	256
1	497
0	881
0	77
0	235
0	815
0	210
0	881
0	82
0	136
1	7
1	209
0	208
0	222
0	203
2	879
0	327
31	120
1	29
0	26
0	5
0	5
0	0
0	0
0	0
0	0
0	0
0	0
0	0
0	0
0	0
0	0
1	2
0	2
0	1187
0	1239
0	1141
0	530
0	234
0	108
0	108
0	92
3	59
0	63
0	53
0	513
0	461
1	11
0	11
0	0
0	0
0	0
0	0
0	22
0	86
0	829
0	196
1	89
0	110
2	110
0	98
0	44
0	84
0	84
0	60
0	45
0	363
0	90
0	1
0	37
2	394
1	805
0	83
0	60
0	762
0	0
0	0
1	68
2	74
0	181
0	199
4	206
0	170
3	10
0	12
8	15
1	17
0	114
1	0
0	0
4	237
4	278
2	95
0	42
0	0
0	0
0	0
0	0
0	0
0	0
0	0
0	767
0	767
0	232
2	236
0	318
0	29
0	142
0	84
0	143
0	92
0	65
0	92
0	517
139	736
0	64
1	17
1	8
0	76
0	66
0	46
4	633
14	530
5	146
2	43
25	515
2	67
4	47
8	448
0	79
0	0
0	0
2	0
0	0
0	0
0	0
1	0
0	1
0	1
0	1
0	0
0	0
0	0
0	0
0	0
0	0
0	0
0	0
0	0
0	0
0	0
0	0
0	0
45	151
0	143
2	10
0	106
1	27
0	0
875	547
0	50
0	28
3	112
0	88
16	420
0	54
0	54
0	48
0	77
0	42
1	67
1332	382
0	115
0	342
4	412
76	794
0	24
0	5
0	648
0	128
0	324
0	137
1	74
3	149
0	162
49	222
0	77
1	13
0	71
0	23
0	202
0	0
0	22
14	22
0	750
2	123
2	118
1	117
2	698
0	133
1	86
0	44
0	46
0	5
0	2
0	1
0	5
0	0
0	0
0	1
0	2
0	5
0	3
0	45
0	1
0	3
0	2
0	10
0	5
0	6
0	43
0	4
0	0
0	0
0	2
0	1
0	45
0	6
0	44
0	4
0	9
0	1
0	7
0	10
0	10
0	7
0	45
0	0
0	0
0	0
0	0
0	0
0	0
0	0
0	28
0	0
89	58
2	23
0	32
0	23
0	58
0	7
0	8
0	17
0	0
0	0
0	0
0	0
0	0
0	6
4	6
0	0
0	0
0	0
0	0
0	0
0	0
0	699
20	699
2	204
0	108
0	699
0	152
0	163
0	110
0	165
0	171
7	339
7	504
3	165
12	91
3	48
0	19
3	299
0	20
0	79
0	0
0	0
0	0
0	0
0	0
0	464
9	0
0	0
743	52
0	40
0	49
0	49
1	48
0	39
0	37
1	4
1	1
0	1
0	0
0	0
0	0
0	5
0	1
0	1
0	1
0	0
0	2
0	1
0	1
0	1
0	0
0	0
0	684
0	550
0	621
3	210
1	633
2	541
0	115
0	411
0	1
0	1
0	1
0	0
0	24
0	0
0	0
0	0
0	0
0	0
0	0
0	0
0	0
0	0
0	0
6	125
4	55
2	100
0	11
0	14
0	79
0	8
0	127
0	105
0	52
0	50
0	56
0	60
0	16
0	45
0	16
0	5
0	5
0	115
0	39
0	4
0	2
0	3
1	6
0	39
1	1
0	7
0	35
0	9
0	32
0	6
4	10
0	1
1	3
0	0
0	1
0	1
0	1
958	2088
22	1208
0	941
0	891
3	771
0	435
2	89
0	0
0	1
2	8
0	2
0	7
0	0
0	0
0	58
0	62
1	49
0	11
0	22
0	15
2	388
0	47
0	320
0	378
0	345
0	46
0	9
0	50
0	90
0	29
2	100
0	344
0	1
0	1
507	999
0	856
15	133
0	107
0	64
0	108
0	138
0	19
1	10
0	0
0	0
0	1
0	98
8	98
5	65
0	46
0	46
1	40
0	7
0	8
1	5
0	2
1	3
1	24
0	13
0	19
0	11
0	40
0	11
0	19
0	0
0	0
0	0
0	0
500	0
0	2
0	25
0	1
0	0
0	0
0	25
1	0
1	0
0	8
0	0
0	8
0	71
7	721
0	725
0	740
0	698
0	512
13	203
0	0
3	41
7	535
3	229
0	476
0	19
0	45
1	153
3	216
0	67
0	41
0	32
0	19
0	5
980	249
9	93
4	141
1	15
0	31
8	117
2	117
0	2
708	4715
1	677
0	4715
3	7
0	1
0	1
0	2
0	6
0	1
0	2
0	0
0	1252
0	1352
0	498
3	137
0	324
0	60
0	55
18	77
6	172
0	422
0	450
12	470
393	0
9	0
150	0
29	117
56	414
1	102
8	309
0	0
0	0
0	182
0	195
0	183
11	176
7	194
1	185
3	52
0	6
0	68
0	5
0	42
0	29
0	286
8	277
0	34
0	18
172	118
0	310
1	274
1	3
1	24
0	13
0	585
30	946
0	958
0	74
0	508
0	12
0	113
0	127
0	56
1	134
1	47
0	111
1	34
0	907
0	190
0	30
0	201
14	225
5	59
0	172
0	200
1	188
0	84
2	104
16	6
0	7
0	7
0	8
0	8
0	8
0	8
0	9
2	11
0	9
0	7
0	8
0	7
0	7
0	6
0	7
0	3
0	3
0	2
0	4
0	4
0	243
0	259
5	201
1	34
3	1
7	130
0	170
0	225
0	206
0	203
0	154
0	134
0	29
0	23
0	55
0	9
2	25
0	53
0	30
0	30
0	12
3	30
1	13
6	34
1	5
0	10
4	15
0	11
0	8
0	195
0	217
13	1328
0	1295
3	1224
0	177
0	133
2	275
0	30
0	109
0	143
0	39
2	0
0	1
0	158
0	157
0	159
0	160
0	154
0	159
0	158
0	157
0	151
0	5
1	21
0	5
0	3
0	54
0	0
0	54
0	5
0	1
0	46
3	40
0	40
0	10
2	3
0	2
1	0
68	107
1	14
0	0
1	53
0	5
0	4
0	54
22	406
89	426
16	34
1	31
1	4
5	990
952	1099
0	183
5	204
0	161
13	109
0	28
0	542
16	417
1	109
7	363
0	535
1	51
40	85
0	45
7	2
0	2
0	273
96	876
3	156
3	461
12	156
0	177
2	238
0	221
0	147
1	392
260	392
0	146
0	85
0	146
0	0
0	0
0	0
0	0
0	0
0	0
0	0
0	0
0	212
1	162
8	161
0	151
0	51
1	89
2	125
0	0
0	201
0	63
0	200
0	206
0	162
0	165
0	165
0	198
0	199
0	50
0	171
7	108
0	126
0	198
3	154
5	45
0	184
0	36
0	72
1	46
0	67
0	122
0	174
0	57
0	11
0	14
0	150
0	4
0	162
0	115
16	149
0	61
1	125
0	0
0	0
1	0
0	146
0	146
440	158
1	14
0	127
0	14
0	0
0	19
0	2
0	245
0	245
0	9
0	11
1	9
0	12
0	133
5	154
24	154
0	13
5	8
16	61
0	44
0	21
0	0
0	0
0	0
0	0
0	0
0	0
0	0
0	0
0	0
0	0
0	0
0	0
0	0
0	0
0	0
0	0
0	0
0	0
0	0
0	0
0	0
0	0
0	0
0	0
0	0
0	0
0	0
0	0
0	0
0	77
0	85
0	85
2	63
0	59
0	68
0	68
0	67
0	51
0	58
3	9
2	27
0	32
4	21
0	26
3	26
0	14
5	19
0	19
0	18
0	7
0	9
0	0
0	0
0	0
0	0
0	0
0	0
0	0
0	0
0	0
0	0
0	0
0	0
0	0
0	0
0	0
3	2350
71	2350
0	77
0	12
0	66
0	19
15	10
0	6
0	82
38	147
2	138
0	130
0	96
0	76
0	46
0	0
0	3
0	8
0	8
0	0
0	4
0	1
0	0
0	2
0	1
0	1
0	0
531	1074
2	1050
8	1080
0	1048
0	1027
0	1073
0	1048
0	1043
0	1029
0	945
3	153
0	641
0	127
5	158
3	101
0	57
0	44
0	10
0	12
0	4
42	180
28	180
0	16
0	896
0	835
0	112
0	259
0	115
34	650
0	795
0	94
0	369
0	242
0	155
0	267
0	798
0	852
0	632
0	133
0	142
0	171
0	35
0	209
0	170
0	735
0	148
0	276
0	840
0	756
0	746
0	800
0	261
0	121
0	143
0	118
0	113
0	523
2	79
1	4
0	1
0	4
0	1
0	0
0	0
0	1
0	0
0	0
0	0
1	1
2	1
4	1
0	1
0	0
0	1
2	0
0	188
0	191
0	148
0	32
0	34
7	8
0	4
1	15
0	49
2	46
0	38
0	6
2	39
1	0
0	1
45	5
74	126
0	126
0	63
0	2692
0	353
0	472
0	2360
0	2472
55	4
2	4
0	4
0	4
0	2
0	1
0	0
0	4
0	4
0	4
0	1
0	0
0	0
0	0
0	0
0	0
0	0
0	0
0	1
0	1
1	628
15	651
0	181
1	207
0	129
0	202
0	314
1	122
0	178
7	12
0	0
0	12
0	267
0	240
0	141
0	114
0	115
0	126
0	126
0	252
4	85
3	14
0	124
0	63
0	247
0	248
0	0
0	0
0	0
0	0
0	0
0	8
0	8
0	4
0	0
0	818
14	81
0	158
0	49
0	794
0	735
0	1
0	1
0	5
12	400
1	401
0	397
0	71
4	229
0	63
0	46
0	51
0	1
0	38
2	32
15	54
0	8
0	6
0	5
1	0
0	0
1	14
0	2
0	2
0	8
27	372
0	38
1	367
0	312
1	165
0	7
0	73
0	0
83	120
0	101
0	7
0	9
0	3
0	63
0	189
1	10
0	16
0	21
0	22
0	21
0	63
0	193
0	27
0	62
0	62
0	61
0	87
0	0
0	6
1	16
0	3
0	7
0	6
0	8
0	7
0	3
0	0
0	0
0	4
0	7
0	12
0	20
0	7
0	11
0	4
0	6
0	9
0	8
0	9
0	5
0	5
0	4
0	1
0	2
0	13
0	5
0	2
0	0
0	12
0	0
0	0
0	0
0	0
0	2
0	0
77	61
0	55
1	42
0	0
0	257
0	232
0	264
0	255
0	256
0	275
0	254
0	259
0	263
0	256
2	254
1	254
0	154
0	157
0	84
104	134
5	122
5	104
20	106
0	55
0	64
0	12
0	25
0	12
0	62
0	30
1	19
1	15
0	14
0	11
0	12
0	2
1	5
412	351
0	129
2	129
0	36
13	15
11	49
0	9
0	0
0	50
0	219
0	225
0	3
0	9
0	219
0	213
1	22
15	239
18	187
0	197
2	165
0	0
0	36
2	15
0	7
8	292
0	292
0	162
6	16
0	37
0	0
0	0
0	0
0	0
0	0
0	2
0	3
0	6
7	4
0	2
0	6
0	6
0	6
0	6
0	0
0	0
0	0
0	0
0	0
0	0
0	0
0	0
0	61
0	45
0	151
144	218
0	8
0	25
0	62
0	0
1	272
0	21
0	89
0	283
1	24
2	275
0	56
0	56
2	18
0	18
0	18
0	16
0	5
0	563
2	576
2	559
6	184
0	197
0	61
0	575
0	642
0	0
0	0
0	0
0	0
18	639
114	43
0	6
0	8
0	37
1	8
0	13
1826	3653
2	108
6	2236
0	355
6	94
3	16
0	10
28	193
0	179
0	162
0	122
5	132
2	120
1	131
0	63
3	35
0	47
0	147
0	1
0	40
0	25
25	91
1	90
0	32
0	82
1	16
0	10
9	36
0	411
0	56
0	71
0	384
0	374
0	54
0	138
2	124
0	70
0	71
5	52
7	87
0	403
0	379
0	70
45	639
0	246
0	565
0	38
0	143
0	117
2	61
0	56
0	2
4	56
0	0
0	0
0	11
0	11
0	11
0	11
1	11
0	11
0	11
0	11
0	11
0	11
0	11
1	11
0	11
0	11
0	11
0	11
0	11
0	1
0	1
0	0
0	0
4	187
0	188
0	175
66	1392
0	253
0	111
0	389
1	131
9	1222
0	411
0	126
0	960
5	172
1	249
0	177
0	1
0	1
0	0
0	0
0	0
0	0
0	0
0	0
1	32
2	32
0	7
0	30
0	14
0	2
0	38
0	37
0	37
0	38
0	35
0	24
0	5
0	19
0	17
0	2
0	4
0	5
0	4
0	4
0	3
0	1
0	2
0	2
0	0
0	38
0	285
1	359
0	384
0	361
5	342
1	330
0	104
2	81
1	209
0	64
0	130
0	95
0	103
0	38
5	13
1	3
0	18
0	18
0	17
0	0
1	9
0	42
4	46
0	18
0	17
0	39
0	10
0	17
0	11
1	4
0	0
0	9
0	1
0	2
0	447
1	227
1	226
0	0
0	0
1	3
0	3
0	413
64	458
4	458
31	545
1	447
0	447
0	112
2	184
0	7
0	7
0	2
0	4
0	8
1	137
2	0
0	138
1	137
0	264
0	273
2	118
0	51
0	13
0	47
0	107
0	38
3	13
0	26
7	16
2	24
0	86
0	5
0	115
1	31
3	31
6	19
1	25
0	56
1	71
0	10
1	56
0	127
0	120
167	127
1	10
0	16
0	14
0	70
0	0
0	0
0	0
0	0
0	0
0	0
231	1440
0	425
1	219
0	1413
0	251
2	89
10	104
1688	301
1	218
0	242
0	2
0	3
0	1
0	3
0	2
0	1
0	1
0	1
0	1
0	1
0	437
0	450
0	457
0	448
0	432
0	439
0	440
0	438
0	371
0	436
0	437
1	258
0	0
40	129
0	6
0	35
3	88
0	121
0	40
0	17
0	16
0	12
0	13
0	0
219	428
0	259
9	264
3	63
0	246
0	139
1	24
0	630
16	604
0	306
7	384
4	40
0	171
4	41
1	20
0	52
0	45
0	55
0	53
0	5
0	5
2	16
0	15
0	8
0	16
0	8
0	9
0	2
0	54
0	54
0	45
4	7
4	1
0	1
0	4
0	2
0	123
3	133
0	74
0	15
0	24
0	17
4	23
23	236
0	189
0	157
0	170
0	177
2	169
9	100
5	128
0	107
0	2
2	18
689	1763
0	1699
0	364
1	327
100	358
0	60
4	96
65	84
0	51
0	14
0	1
0	96
93	189
1	136
92	894
39	719
2	261
0	36
3	53
7	80
0	21
1	72
0	9
0	26
1	198
1	136
103	236
0	68
36	142
952	1596
1	1596
1	1365
0	753
192	345
1	104
7	187
0	53
0	20
0	40
0	27
5	147
0	35
0	24
0	11
0	32
2	33
0	25
5	214
0	209
0	24
0	103
1	21
0	4
0	282
1	20
0	303
11	80
1	208
0	234
0	157
0	39
3	8
0	32
1	18
0	19
0	6
1	3
0	11
0	17
0	21
0	11
24	193
222	97
1	6
3	1
0	12
0	8
0	1
1	14
0	38
0	22
252	193
0	181
7	28
7	12
0	3
3	3
0	1
0	1
0	0
0	0
0	0
0	0
0	0
0	0
0	0
0	0
0	0
0	0
0	0
0	0
0	0
0	0
0	0
0	0
0	146
0	153
0	288
0	123
0	4
1	6
0	4
1	34
0	5
0	0
0	34
0	147
0	154
0	120
11	43
0	57
2	32
3	21
0	542
0	1068
0	348
0	384
0	764
22	1131
0	219
0	797
0	89
0	109
0	10
0	180
0	184
0	76
0	140
0	195
0	90
0	124
2	66
0	409
0	457
0	437
0	1
1	3
0	94
0	41
4	0
9	15
0	58
0	21
0	8
3	38
0	50
3	200
2	77
0	67
0	708
0	707
0	448
4	692
0	708
0	0
0	0
0	57
64	78
1	66
0	25
0	19
0	5
0	3
0	1
0	1
0	4
0	0
0	0
0	0
1	4
0	0
0	72
0	22
0	21
0	340
0	158
0	223
0	190
0	39
1	18
44	170
0	26
0	27
0	41
0	39
4	19
31	110
0	542
0	539
0	229
0	39
0	134
2	529
0	305
0	163
0	74
0	226
0	204
0	17
0	243
0	82
0	112
0	451
0	107
2	136
0	193
3	47
1	121
0	20
0	20
0	21
0	17
0	19
0	19
0	19
0	20
0	16
0	15
0	13
0	10
0	10
0	12
0	12
0	121
245	0
0	0
0	0
0	0
0	0
0	0
0	0
0	0
1	0
117	429
0	400
0	113
0	93
0	99
0	0
6	8
0	175
0	44
0	95
0	95
0	94
0	1664
4	461
3	2215
0	2201
0	1707
15	793
2	2170
0	1922
0	735
1	1454
1123	2314
0	2271
0	133
0	217
1	333
4	225
0	130
0	121
1	58
0	70
0	63
0	70
0	63
0	43
338	133
0	31
2	102
271	230
0	38
0	58
0	39
3	113
35	76
0	2
0	8
0	8
1	7
1	8
1	1
1	1
0	46
0	24
0	42
1	1
83	279
1	260
0	278
1	70
0	159
0	152
2	29
0	133
0	64
0	16
0	8
0	1
0	1
0	899
0	325
2	283
0	899
1	0
1	141
0	126
0	22
0	102
0	49
0	48
1	25
0	31
2	15
0	15
0	142
1	153
0	141
0	144
0	11
0	150
0	20
0	21
0	4
0	4
0	3
0	628
0	626
2	52
0	636
24	1502
0	404
0	314
5	447
0	414
12	445
0	468
0	221
1	276
0	519
0	1510
555	464
3	441
10	11
0	266
0	296
3	125
1	122
30	43
1	41
0	44
0	44
2	0
0	0
0	0
0	0
0	0
0	0
0	0
0	0
0	0
0	0
0	0
0	0
0	0
0	0
0	0
0	0
0	0
0	0
0	0
0	0
0	0
0	0
0	0
0	0
0	0
0	0
0	0
0	0
0	0
0	0
0	0
1	0
144	82
0	73
0	75
0	31
1	15
487	1180
0	1021
0	376
0	1
1	1
0	1
0	293
10	426
0	421
0	0
0	0
0	0
0	0
0	0
0	0
0	0
0	0
0	0
0	0
0	0
0	0
0	0
0	0
0	6
0	203
0	217
1	39
0	10
1	108
0	48
0	131
0	21
1	6
0	26
0	29
1	23
0	78
2	0
0	75
7	0
2	0
2	3
0	3
0	2
0	1
0	0
0	0
0	1
0	0
0	1
0	0
0	0
3	67
27	67
1	711
10	115
219	115
192	0
0	2
0	0
0	0
0	0
0	0
0	0
0	0
0	0
0	0
0	0
0	0
0	0
0	0
0	0
0	0
0	0
0	0
0	0
0	0
0	0
0	2
0	2
0	99
0	11
0	12
0	30
0	68
1	33
1	69
0	21
2	98
0	27
0	83
0	12
0	15
0	0
0	1
0	0
0	1
0	0
0	1
0	1
0	1
0	0
0	0
0	0
0	0
0	0
0	0
0	0
0	0
0	1
0	172
0	172
0	449
28	530
1	413
1	143
0	42
0	47
1	29
0	9
0	0
4	8
0	0
0	0
0	0
0	0
0	0
0	0
0	0
0	2
1	9
0	11
1	5
0	7
0	2
0	49
0	346
0	10
0	42
0	106
0	46
0	45
0	94
0	49
0	40
0	44
0	336
0	54
0	18
0	19
0	47
2	53
0	52
0	28
2	20
1	32
0	1
0	2
0	2
0	293
54	217
0	280
1	262
0	246
0	55
2	101
0	60
0	30
0	29
1	36
0	45
5	60
0	23
0	1
120	711
1	51
0	655
5	673
1	39
5	60
1	78
211	263
0	253
1	67
212	10
0	2
0	3
0	4
4	5
0	5
0	2
0	1
0	5
0	2
0	5
2	1169
2	1136
5	805
35	1153
135	606
0	66
0	36
1	294
0	47
0	33
0	533
12	25
4	56
0	75
3	284
1286	2012
1	278
0	2018
0	84
9	130
0	3
0	0
1	60
0	12
0	130
0	130
0	125
0	130
0	130
0	124
0	130
0	130
0	136
0	129
0	119
0	113
0	68
1	99
0	107
0	54
0	83
0	62
0	24
0	13
0	22
7	3
1	1
0	0
0	0
1	2
0	0
0	1
0	3378
1003	4234
0	3138
0	2934
6	222
0	106
0	178
0	371
3	253
0	142
9	567
0	3906
0	0
0	7
0	7
0	7
0	8
0	7
0	0
5	7
0	7
0	7
0	7
0	8
0	8
1	960
2	409
1	116
0	22
1	960
0	1880
28	1879
0	1847
0	283
0	104
5	963
5	36
1	136
4	29
25	0
0	3
0	3
0	0
178	0
10	714
0	1021
0	924
0	1159
2	580
0	648
0	873
0	143
0	967
4	458
0	1020
0	849
0	168
0	311
39	246
0	931
0	251
0	35
0	0
0	0
0	0
0	31
99	156
0	119
0	85
5	87
24	179
15	7
0	177
8	17
49	167
0	167
0	1888
0	1859
0	897
0	1847
2	729
0	1150
0	942
0	1339
0	794
229	105
1	102
1	69
0	41
1	21
0	51
0	119
0	500
2	665
45	364
3	54
0	626
0	583
4	33
0	19
1	81
1	40
95	0
0	0
0	0
0	0
0	0
0	0
0	0
0	0
0	0
0	0
0	0
0	0
0	0
0	0
0	0
0	0
0	0
0	0
0	0
0	19
9	2568
3	596
19	2559
0	260
0	57
0	293
0	579
13	2559
0	400
4	700
1	11
0	10
0	509
0	635
2	29
0	614
0	294
1	9
0	19
0	22
1	22
0	22
0	17
3	0
0	0
0	0
0	0
118	17
3	177
0	776
3	223
0	412
0	188
17	674
0	828
0	828
0	0
0	0
0	0
0	0
0	0
135	488
0	478
6	388
0	167
0	308
0	298
0	227
0	285
0	211
0	320
0	199
0	234
0	189
0	234
0	244
0	272
1	305
0	47
0	0
0	264
0	318
0	310
0	346
0	299
0	299
0	263
0	326
0	264
0	288
0	38
0	61
0	381
0	272
0	223
0	58
0	201
0	208
0	285
0	269
0	290
0	16
0	101
0	300
0	256
0	66
0	50
0	46
0	27
0	23
0	31
0	161
0	147
0	156
0	18
6	184
0	180
0	185
0	185
1	120
1	32
0	27
0	15
0	14
0	6
0	0
0	0
0	5
0	5
1	8
0	4
0	0
0	2
0	429
1	64
0	117
1	95
3	132
28	398
1	37
229	54
1	25
0	25
0	26
0	69
8	496
4	496
0	501
0	0
0	0
0	0
0	0
0	0
0	0
0	0
0	0
0	0
0	0
0	0
0	0
0	0
67	234
1	403
2	390
0	494
2	166
0	392
0	345
1	284
0	127
0	149
2	110
0	160
2	19
0	91
0	60
0	14
0	0
0	0
0	0
37	0
21	12
0	12
0	10
0	2
0	0
5	5
0	5
0	98
0	158
0	211
0	221
0	167
3	72
10	66
0	15
2	0
0	2
0	2
11	2
0	2
1	20
26	12
0	30
0	17
0	33
50	264
0	231
0	26
0	2
0	7
0	44
0	9
0	1
0	7
2	232
233	181
10	14
4	167
0	0
0	0
0	0
0	0
0	0
0	916
0	759
1	666
0	101
0	450
0	68
24	159
2	46
0	2
0	0
0	950
0	986
0	953
0	6
45	32
5	1
1	4
0	4
0	1
0	3
0	0
0	32
1	30
0	30
408	107
3	33
1	74
0	33
0	461
0	113
0	206
23	0
0	425
0	67
0	33
0	378
0	162
22	437
0	122
5	50
1	0
0	7
0	7
0	6
0	0
128	5
0	320
0	35
7	325
0	13
0	13
0	0
1	12
0	1
0	0
0	12
0	13
0	237
2	4
0	17
0	21
0	225
0	102
0	20
0	13
0	26
317	440
0	404
0	287
0	368
0	123
2	92
0	57
0	34
1	6
27	7
0	7
2	328
524	346
0	33
1	72
20	156
1	156
1	144
0	66
0	131
0	21
0	133
1	86
127	131
0	94
0	8
0	31
21	50
0	38
0	47
0	42
0	6
0	34
0	7
0	23
0	23
0	4
0	9
0	3
1	4
0	1
0	0
37	68
28	65
0	22
0	12
0	0
0	0
0	0
0	0
0	0
0	0
0	0
0	0
0	0
0	0
0	0
0	1
0	1
0	9
5	9
0	9
0	1
0	8
1	0
0	1
0	1
0	1
0	0
0	5
0	3
0	13
0	3
0	0
0	1
0	13
0	2
0	0
0	0
0	0
0	1
1	0
0	0
0	0
0	0
0	272
0	229
0	2946
1	203
0	425
1	163
114	407
0	2300
9	319
0	1991
1	1496
0	296
0	194
0	277
1	423
0	502
10	163
4	194
1	51
3	93
9	169
0	2759
122	0
0	75
0	142
5	164
0	159
0	128
3	88
2	126
0	130
1	114
0	93
0	40
0	68
0	108
0	118
0	26
2	24
324	910
16	893
0	677
0	300
0	131
0	101
1	150
0	0
0	0
0	0
0	0
0	10
9	175
0	128
0	35
0	98
0	3
0	20
1	4
0	22
0	110
0	130
0	117
11	132
0	31
0	12
0	15
0	30
0	17
0	8
0	103
0	32
2	33
0	3
30	0
1173	428
28	428
0	0
0	0
0	0
0	0
0	0
0	0
1	0
0	0
0	0
0	0
0	0
0	0
0	0
0	0
1	0
0	0
0	0
0	0
0	0
0	0
3	5
0	0
0	0
0	0
0	0
0	1
0	0
1	4
1	1
0	1
2	1
0	0
0	0
0	0
0	0
0	0
53	65
0	24
1	41
0	57
0	41
0	52
0	13
0	19
0	6
0	3
0	10
0	3
0	4
0	4
0	0
0	596
0	580
0	662
0	580
0	545
0	651
3	651
0	113
0	302
0	322
1	253
0	11
0	26
0	146
0	0
1	86
0	38
3	10
20	27
12	0
10	7
0	270
0	312
0	310
267	110
0	110
0	9
1	1
0	76
0	18
2	18
134	209
0	208
0	209
1	7
0	872
1	852
0	771
0	775
0	324
0	161
5	306
0	140
0	243
0	130
0	126
0	61
0	54
0	783
0	0
0	0
0	205
0	190
53	585
0	585
0	1
1	3
0	3
0	2
0	2
0	2
0	2
0	1
0	0
0	0
0	0
0	3
3	496
0	468
1	396
0	358
0	338
0	264
0	306
0	22
0	184
0	25
0	144
0	157
0	160
0	78
0	58
0	27
0	0
0	0
0	0
0	0
0	0
0	0
253	144
0	64
0	80
0	0
0	0
0	0
0	0
0	1
0	0
0	0
7	1258
0	0
0	0
0	0
0	0
0	0
0	0
0	68
0	327
0	12
0	293
0	28
0	317
0	26
0	22
0	20
0	14
0	244
0	13
2	111
0	38
0	21
0	9
0	13
0	30
0	65
0	43
0	318
561	0
0	1
0	1
0	0
0	1
0	2
18	2
4	46
1	30
0	37
0	34
0	35
0	36
0	51
49	78
0	34
0	97
0	97
0	33
4	60
0	2
0	4
3	11
50	69
0	13
0	62
3	17
2	31
1	0
0	0
2037	0
161	115
402	75
0	102
0	33
5	5
0	793
0	57
0	754
1	643
1	36
0	819
0	794
0	11
0	32
0	802
0	44
0	42
0	13
0	796
0	812
0	37
0	90
1	37
2	52
0	810
0	74
0	757
0	90
0	801
0	102
13	104
5	163
1	101
1	63
3	34
0	804
0	35
0	321
124	108
7	108
0	34
0	38
0	0
0	0
0	1
0	1
0	227
0	40
24	320
0	174
1	11
0	157
0	203
0	178
1	80
0	277
0	259
0	105
0	146
0	276
0	50
1	41
0	0
0	0
0	19
393	19
118	303
0	303
0	191
0	88
0	92
0	147
14	89
2	449
0	469
0	17
0	55
1	42
2	0
0	0
0	0
0	796
22	459
0	766
1	715
7	828
0	698
0	686
0	78
0	145
5	86
0	69
0	49
0	48
1	46
0	76
0	55
0	23
1	71
0	74
0	0
0	52
0	44
0	44
0	71
0	71
0	42
0	42
0	41
0	38
0	34
0	27
1	33
0	23
0	21
9	796
1	840
0	2522
0	2594
0	2242
0	2404
0	2393
0	2432
0	2391
0	2465
0	2503
0	1581
0	1344
0	1076
0	959
0	1089
0	446
1	250
6	284
0	204
0	135
2	671
1271	795
2	666
14	112
0	243
0	843
3	0
0	833
0	253
2	60
2	44
2	40
4	1423
0	95
0	72
3	37
0	94
4	865
0	1411
0	94
0	242
0	924
1	0
0	75
0	73
0	71
0	899
0	0
0	95
0	14
0	60
0	107
0	26
0	891
0	36
0	69
0	93
0	58
0	81
0	33
3	5
0	1
0	5
0	0
2	0
0	0
0	0
0	42
0	323
410	483
0	460
0	411
1	365
0	204
0	47
0	31
1	64
2	1272
0	1191
0	1271
0	1183
0	1047
1	955
4	472
1	138
5	186
0	329
0	330
0	294
0	327
0	249
0	219
0	274
0	269
0	186
0	185
0	218
0	149
0	213
0	160
0	196
0	164
0	149
0	110
0	155
0	154
0	154
0	131
0	101
0	61
0	57
0	98
0	94
0	81
0	78
0	76
0	82
0	45
0	25
0	4
0	5
0	9
0	98
4	98
48	1089
1	699
0	103
0	847
0	254
0	850
0	228
0	141
0	69
4	44
0	93
0	156
0	320
0	54
0	72
8	158
3	103
1	80
0	42
3	98
4	0
0	68
0	40
1	35
1	28
0	230
3	927
0	973
3	275
0	278
0	276
52	208
3	252
10	114
6	201
0	112
0	44
1	48
0	243
0	21
0	24
0	21
5	207
18	175
0	37
1	29
4	21
0	21
9	326
0	40
0	326
12	90
2	220
0	0
0	0
0	0
0	0
0	0
0	0
0	0
0	0
0	0
0	0
1353	680
0	32
0	91
0	650
0	314
0	277
98	9
0	7
0	5
0	0
0	0
2	2
0	2
0	2
32	7231
1	7219
3	5445
1	3937
0	7227
2	7217
0	6488
0	7129
169	2996
0	2439
0	3221
0	1854
0	57
0	57
0	58
0	52
0	54
1	52
0	54
0	10
3	2
0	1
0	1
0	0
0	0
0	0
73	150
0	47
7	72
1	68
0	38
0	30
0	24
1	24
4	25
384	201
0	124
1	95
0	109
0	0
1	168
335	168
0	158
1	25
1	68
0	1147
0	93
0	0
0	0
0	0
0	0
0	0
2	64
0	1338
19	1463
10	0
0	251
0	281
0	257
128	844
0	193
0	281
0	0
0	1632
0	140
31	1657
1	530
0	78
0	0
8	107
1	97
0	19
0	3
442	0
0	7
0	10
0	11
0	8
0	0
1	0
0	0
62	31
0	31
0	0
0	0
0	0
0	9
0	608
0	41
34	630
0	140
0	3
0	74
0	74
0	630
1	620
3	450
0	408
0	177
0	97
0	69
8	19
122	142
0	24
1	7
0	113
0	6
0	21
0	165
0	1736
0	2068
0	2132
3	2797
0	2813
0	18
0	2167
0	192
0	1717
0	476
0	560
0	770
0	1429
0	89
2	366
0	504
1	325
0	264
0	209
0	202
27	155
3	415
0	294
0	1
1	1
0	1
0	0
0	0
0	0
0	0
0	0
0	0
0	10
0	10
0	2
139	100
0	100
0	100
5	158
238	2265
4	1693
0	95
0	85
0	1601
10	1680
0	89
0	2147
0	2224
2	2024
0	214
0	1394
0	261
1	98
63	210
2	24
8	0
1	210
1	19
0	22
0	30
0	0
0	1
0	0
0	1
0	0
0	0
0	1
0	1
0	0
0	1
0	1
0	0
14	947
0	9504
0	7020
24	7317
3	2830
7	8734
6	8736
0	3175
0	8742
0	458
1	457
6	431
1	447
0	255
0	245
1	171
1	173
0	110
0	116
0	87
0	61
0	51
0	39
0	51
0	8
186	616
3	93
0	463
2	124
3	400
0	22
0	452
0	288
0	282
0	294
0	22
0	296
0	284
0	47
0	23
0	30
0	32
0	39
0	41
0	55
1	34
0	57
0	60
0	83
0	39
0	56
0	247
0	8
1	33
0	38
0	696
6	687
6	123
0	587
0	350
1	24
1	211
0	21
0	11
0	0
4	0
0	0
0	0
0	1039
4	490
1	493
0	1
0	38
0	84
2	2
2	59
0	81
0	118
0	389
0	400
0	266
0	341
0	289
0	33
0	29
0	29
0	29
0	29
0	29
0	29
0	29
0	29
0	29
0	27
2	27
0	20
0	0
0	0
0	27
323	89
0	70
0	89
324	333
0	56
0	324
0	8
5	51
0	195
0	25
0	68
0	47
0	54
2	29
0	9
4	502
0	485
0	179
0	20
0	17
0	18
1	16
0	43
0	0
0	8
0	38
0	195
0	191
3	147
0	189
0	104
0	132
1	71
0	81
0	74
0	47
0	57
0	79
0	75
0	78
0	21
0	52
0	21
0	44
0	12
0	19
2	8
0	31
0	9
0	3
0	2
0	30
0	12
0	30
0	27
0	3
0	5
0	3
0	5
1	0
2	1
1	20
1	28
0	52
0	126
2	82
0	373
0	374
0	321
1	52
5	14
0	71
0	36
1	50
0	36
2	51
190	860
0	810
0	211
0	185
0	122
0	150
0	50
181	549
0	464
0	548
0	548
0	520
0	129
2	164
0	123
1	98
0	128
0	87
0	86
0	75
0	8
0	7
0	7
0	108
15	1337
6	1034
0	279
0	1338
3	293
0	291
1	92
1	42
0	247
8	24
0	14
1	13
0	3
0	8
0	22
0	19
0	14
0	31
0	41
4	26
0	30
0	22
0	624
25	0
0	0
0	0
0	0
0	0
0	0
0	0
0	0
0	0
0	0
0	0
0	0
0	0
0	0
0	0
0	0
0	0
0	114
247	622
0	379
0	552
0	422
0	431
0	384
3	217
0	384
0	241
0	298
0	380
0	357
1	342
3	8
0	91
0	75
2	77
1	0
0	64
0	38
1	40
4	135
612	544
0	532
2	37
0	70
0	33
0	43
0	46
5	0
0	32
0	32
0	28
0	46
0	0
0	0
0	0
0	0
0	0
0	0
0	587
0	56
0	80
0	173
0	457
0	37
0	200
0	401
0	37
390	0
272	129
0	12
0	20
0	10
0	23
0	0
1	20
0	4
0	39
0	2
0	4
0	28
2	3
0	3
0	0
23	653
9	653
0	9
0	92
0	198
0	29
0	46
467	272
2	79
1	33
1	28
0	596
0	587
1	0
0	0
0	0
0	0
0	0
0	0
0	1
0	71
0	73
3	72
18	119
0	99
0	77
0	72
0	51
21	101
0	68
0	30
1	9
0	23
10	42
0	3
0	29
0	12
0	24
0	23
0	14
4	16
0	7
3	3
10	4
0	24
0	21
0	12
0	7
0	42
0	42
0	13
0	53
0	53
0	53
0	45
0	53
0	42
0	12
0	53
0	53
0	1
2	423
14	423
2	148
0	8
0	39
0	423
0	339
36	1302
0	869
0	559
0	1303
0	126
13	223
0	112
0	144
0	59
1	179
0	54
0	0
0	29
0	45
6	31
0	35
450	109
0	49
0	64
0	46
0	29
0	28
0	1
0	11
0	0
0	27
0	0
0	7
0	4
0	27
0	4
0	0
0	0
0	0
0	0
0	232
0	242
0	222
0	232
0	215
0	234
4	27
0	28
0	20
4	23
0	16
2	58
0	81
0	71
2	59
0	60
0	56
0	37
0	0
0	0
0	0
0	0
40	0
169	166
0	155
0	16
0	20
80	157
10	157
0	23
1	13
637	56
0	49
0	92
0	50
0	92
0	25
0	2
0	2
0	2
0	2
0	2
1	96
0	0
0	0
0	0
0	4
173	0
211	698
0	699
1	430
0	392
11	31
1	8
0	6
1	0
0	0
136	474
1	456
1	21
0	70
6	82
0	37
0	23
0	60
0	0
0	59
0	68
0	64
0	46
0	31
61	55
0	55
0	9
0	6
0	2
0	2
1	18
0	18
0	5
0	1
0	15
1	0
0	0
0	0
0	0
0	0
0	0
0	0
0	0
980	0
0	0
124	156
0	153
0	44
0	105
2	59
0	2
9	130
0	101
0	101
0	26
0	8
0	10
0	6
4	51
7	9
0	120
0	0
0	0
0	0
0	0
0	0
0	0
0	0
0	0
0	0
0	0
8	0
1	0
0	0
0	0
0	0
0	0
0	0
515	41
0	1
1	7
0	33
658	1884
0	45
10	1839
2	738
0	71
1	66
0	43
0	616
1	639
0	98
56	22
1	19
0	18
0	693
0	698
0	713
0	294
0	128
0	243
1	126
0	105
0	81
1	4
0	72
1	38
0	12
0	430
0	443
0	180
0	149
0	134
0	218
0	164
0	26
0	34
0	34
0	54
0	38
0	36
0	19
0	40
0	50
0	34
0	54
0	127
0	115
0	54
0	1
0	0
0	4
0	422
5	437
0	453
0	442
2	430
0	425
0	33
0	98
0	87
48	41
0	51
1	29
0	89
1	56
0	32
0	90
38	384
1	385
0	1
0	26
0	13
1	36
0	28
0	783
1	173
0	128
0	750
0	167
0	109
0	165
1	114
0	670
0	6
0	5
0	159
0	41
0	10
0	670
3	122
2	70
1	63
0	64
1	109
0	90
0	0
0	0
0	0
0	0
0	0
0	0
0	0
0	0
0	0
0	0
0	0
0	0
0	0
0	0
0	0
0	0
0	0
0	0
0	0
0	0
0	0
0	0
0	0
0	0
0	528
0	651
11	24
11	272
0	39
0	488
0	51
2	74
0	74
0	90
0	28
0	83
0	220
0	254
1	23
0	162
0	82
0	54
0	374
1	54
0	55
0	49
0	48
9	19
1	263
1786	392
0	367
188	7431
1	7319
0	2650
0	2733
3	7095
4	3654
0	5531
0	3593
0	2948
48	811
0	1036
1	0
0	1
0	1
0	268
4	582
1	63
0	795
0	756
0	152
7	80
1	108
1	386
56	680
1	192
0	0
0	0
0	0
0	0
0	0
0	598
0	618
1	220
0	42
0	273
2	52
0	16
0	86
0	602
0	2
0	2
4	2
0	4
3	2
0	4
0	51
0	48
1	22
6	80
0	66
9	75
0	3
88	333
0	50
1	198
0	24
0	38
0	74
0	322
0	58
2	116
0	19
387	176
0	173
0	78
0	80
2	34
0	1
1	1
1	1
9	80
1	79
1	9
1	10
0	10
0	19
0	17
0	11
0	1
0	2
0	1
0	2
0	2
0	2
0	0
0	1
0	2
1	2
0	0
0	0
0	0
8	185
48	292
1	45
1	64
4	107
0	18
0	61
0	61
6	592
0	574
110	35
0	22
13	378
0	48
0	11
1	423
0	18
0	103
0	30
0	27
0	7
1	18
1	44
7	31
0	502
0	502
0	2
0	2
0	92
0	83
0	99
0	0
0	168
0	175
0	178
0	194
0	191
0	189
0	199
0	181
0	204
0	204
0	199
0	210
2	213
0	204
0	204
0	200
0	204
0	122
0	114
0	45
0	62
0	62
0	62
0	62
0	32
0	6
58	486
0	183
10	54
0	228
3	84
0	3
955	1
2	39
3	0
0	39
49	121
0	98
0	23
1	115
0	31
15	31
0	109
0	25
0	16
0	32
0	83
0	11
0	37
1	10
0	29
0	14
0	1
0	1
0	1
0	0
0	0
0	0
0	0
0	0
0	0
139	7190
0	6765
0	5961
0	1307
4	768
5	230
0	1658
22	2567
0	2410
0	6400
0	5959
1	1096
10	803
26	1952
0	29
0	18
9	105
0	67
0	68
9	70
0	70
0	96
3	222
0	241
0	201
9	169
2	76
0	75
0	9
0	57
0	59
0	73
0	69
0	121
0	73
0	111
0	125
2	42
0	15
3	65
1	152
2	71
0	30
0	64
0	60
0	65
0	60
8	18
0	11
0	54
2	112
0	57
0	53
7	79
0	2
0	71
0	24
7	18
1	2
236	312
0	48
0	45
1	0
0	41
1	192
4	11
16	1438
31	1438
0	1470
5	1461
0	59
9	200
186	1436
4	794
0	0
0	0
4	45
0	44
0	44
0	45
0	22
0	2
0	1
0	0
0	0
0	0
0	0
1	9
0	9
0	1
0	0
11	139
0	518
0	514
5	237
0	231
4	163
4	12
0	74
0	52
0	30
0	42
0	21
0	13
2	117
0	72
6	20
0	7
0	17
0	10
0	7
0	5
0	2
0	5
0	2
0	5
0	2
0	2
0	2
0	1
0	1
0	53
1	532
1	46
0	98
0	66
0	47
0	48
0	35
0	82
0	517
0	125
0	48
4	67
3	29
0	118
11	359
0	129
1	145
0	16
1	87
1	32
1	65
0	0
3	0
8	173
0	186
6	175
0	175
1	10
2	10
0	28
0	164
0	4
14	2
0	3
0	1
0	2
0	0
0	0
1	0
8	430
0	2
23	423
0	22
0	43
0	104
0	122
0	0
1	0
0	0
0	6
0	8
0	8
0	6
0	0
0	0
0	0
2	6
0	1
0	5
0	1
1	15
0	2
0	0
2	2
0	5
0	0
1	4
0	0
0	0
0	0
0	0
0	2
0	1
7	751
0	751
0	23
0	210
0	80
0	210
0	75
0	8
0	52
0	80
8	24
0	211
0	27
0	4
0	4
0	3
12	21
0	9
0	3
0	2
0	3
1	3
0	0
0	27
1	453
0	87
0	24
0	20
0	239
0	455
1	139
0	138
0	135
0	134
0	0
0	135
0	4
51	0
25	0
0	0
0	0
11	107
7	203
1	105
2	67
0	64
5	85
236	37
0	37
0	0
0	0
0	0
5	1
0	0
0	212
1	39
0	202
0	146
0	170
0	170
0	193
0	190
0	174
0	189
0	64
1	144
0	28
0	14
0	96
0	90
0	74
1	27
0	205
5	3
0	3
1	0
0	170
0	148
1	162
0	110
6	56
0	27
10	52
3	12
0	18
1	11
0	35
29	59
0	12
0	25
0	0
0	0
2	322
0	389
0	70
0	335
0	378
0	347
2	9
0	126
0	163
0	68
0	74
5	89
0	42
0	40
0	27
0	25
0	33
0	0
0	2
0	0
0	0
371	242
2	156
3	215
8	146
0	23
0	0
0	6
6	6
0	9
0	10
0	10
0	13
0	13
0	158
0	154
0	167
0	167
0	13
0	18
0	15
17	152
0	21
0	29
0	71
0	111
0	64
0	22
8	14
0	155
0	147
0	0
0	0
30	291
3	84
2	271
1	105
0	69
0	57
1	18
7	191
26	1
170	159
11	220
3	126
0	169
0	195
22	198
0	134
0	43
16	412
1	413
0	26
1	0
0	12
0	12
0	9
0	7
0	9
0	2
0	0
0	0
0	3
0	3
0	1
0	0
0	0
0	0
0	3
27	211
0	182
0	191
0	199
3	7
0	162
0	22
1	22
0	30
0	28
0	14
0	9
0	980
0	731
3	956
0	35
164	70
0	38
0	39
1	39
25	79
0	37
0	49
0	20
0	3
1	5005
11	5007
0	1718
0	902
0	12
0	320
8	311
0	193
0	203
0	68
1	47
0	0
1	152
0	21
0	135
2	44
0	77
2	42
0	6737
2	6708
0	6788
0	6054
57	6065
0	6874
0	6009
14	3597
36	124
0	124
0	15
0	15
0	10
0	8
0	11
0	0
0	0
0	0
0	0
0	0
0	1
0	1
0	1
0	1
2	340
24	427
26	415
3	420
20	98
0	322
0	192
0	862
0	265
0	341
0	559
0	242
0	849
0	541
0	6
0	89
0	303
0	1
0	334
0	84
0	212
0	487
0	207
0	847
0	277
0	90
0	347
0	18
0	39
0	277
0	555
0	531
0	10
0	277
0	881
0	882
0	827
0	266
0	388
0	59
0	540
0	279
2	306
0	314
0	504
0	496
0	26
0	305
0	834
0	505
1	162
0	312
0	62
0	81
0	260
0	109
0	186
0	617
0	114
0	110
0	186
0	128
0	163
0	92
0	50
0	128
0	615
0	45
0	94
0	130
0	1
7	0
196	4
0	4
3	0
388	825
1	378
1	660
0	395
0	800
0	16
0	16
0	16
0	11
41	312
0	23
0	304
0	17
0	34
1	49
280	279
1	9
0	271
0	256
0	88
0	59
9	53
14	102
0	52
0	0
0	33
1	10
163	168
0	50
0	46
0	4
0	112
4	47
0	702
1	431
0	709
0	468
2	537
0	725
0	272
0	94
0	185
114	1
0	1
0	550
0	563
0	539
0	556
0	39
0	28
2	10
344	114
0	114
0	112
0	109
0	36
1	6
0	48
2	34
2	5
0	9
0	5
3	41
0	3
0	15
0	1669
0	1382
2	1577
19	809
0	467
0	812
0	520
0	1840
188	3073
753	959
0	647
58	604
3	309
5	154
28	321
1	97
106	24
0	10
0	20
2	6
0	13
0	1
80	18
0	18
0	0
0	0
0	0
0	0
0	37
0	37
0	22
0	37
0	1
0	29
0	1
0	3
0	1
0	34
198	249
0	57
0	31
1	51
4	143
0	66
3	0
0	22
0	22
0	9
0	0
0	0
0	0
0	0
568	191
7	84
0	62
1	0
9	46
10	52
0	5
2	271
0	351
1	290
0	383
0	346
0	320
0	1
0	0
0	1
0	1
0	0
0	1
0	1
0	1
0	0
0	0
0	0
0	0
0	1075
0	805
96	283
0	88
0	116
0	55
0	32
1	101
0	119
1	74
6	270
0	59
1	26
27	2681
5	2681
1	0
0	7
1	161
0	73
1	5
0	144
0	74
0	144
0	156
0	61
0	54
0	0
0	0
0	205
6	190
0	56
1	90
0	56
2	1076
2	796
27	924
0	111
0	1108
1	322
2	1022
2	88
6	355
0	551
4	174
0	275
0	27
28	735
0	0
0	0
0	0
0	0
0	0
21	0
251	161
5	161
0	218
0	163
9	87
30	1350
68	1280
70	76
2	1078
62	298
82	307
88	6
0	6
0	0
0	79
0	136
175	370
9	157
0	29
0	322
0	6
2	452
0	463
0	506
1	433
1	249
4	10
0	506
0	7
0	250
0	437
0	181
1	108
1	40
0	114
2	28
0	2
0	22
0	20
0	7
0	28
0	7
0	54
0	61
1	16
0	1
44	744
32	744
1	431
3	428
0	48
516	127
0	60
0	31
0	46
1	27
1	56
255	270
0	132
0	155
0	0
1	488
0	0
0	231
1	488
0	52
0	123
0	488
1	155
66	114
0	27
0	60
1	154
0	161
0	30
0	0
1	139
0	22
0	48
2	16
0	86
0	252
70	308
1	39
0	3
0	24
1	2
0	15
0	44
0	11
0	38
0	44
0	44
713	725
0	344
0	69
0	5
0	25
0	124
0	348
0	96
14	69
2	19
8	333
0	54
0	40
0	40
0	22
0	25
0	27
0	46
0	62
0	36
4	20
2	28
0	37
0	50
0	256
1	36
0	1
15	5
0	0
0	4
0	1
0	1
0	1
0	0
0	0
0	74
0	0
0	25
0	3
7	75
0	76
0	73
0	18
14	57
17	48
0	8
0	1401
78	1392
3	308
0	259
0	1385
0	0
0	0
0	0
0	2
3	168
0	167
0	0
0	0
0	0
0	35
0	36
0	50
0	34
6	593
0	68
0	603
0	606
0	56
7	22
2	591
0	595
42	582
0	593
0	244
29	623
0	694
0	200
2	410
0	238
50	592
0	420
2	330
8	58
0	107
0	374
0	252
2	41
29	89
17	217
0	488
0	121
0	262
0	57
0	175
3	57
1	0
0	443
0	430
0	425
1	25
0	438
0	182
0	58
0	31
0	254
122	239
3	108
0	52
2	106
3	114
0	2
0	3
0	1
1	1
1	0
0	1
1	1
0	1
1	0
14	109
0	33
4	44
6	49
1	51
0	13
4	4
0	4
0	4
9	217
5	36
26	67
20	172
0	341
0	148
0	8
0	327
0	330
0	312
0	186
0	157
0	314
1	112
0	139
0	78
1	21
0	36
0	31
0	29
0	26
0	26
0	26
0	8
0	15
0	40
1	11
0	6
0	15
0	17
0	6
0	9
0	7
0	5
0	5
0	5
0	5
0	0
0	262
151	615
4	446
0	179
0	228
0	241
0	245
0	197
0	84
0	198
0	10484
0	14278
25	404
1	255
0	132
2	37
0	149
4	773
2	687
8	3
1	768
0	2
0	0
0	0
0	0
0	2
0	2
0	86
123	114
0	39
0	53
0	34
1	37
0	18
0	98
0	94
0	0
0	153
0	161
0	129
0	154
0	8
0	76
0	2
0	46
27	105
0	5
0	15
0	87
0	81
0	89
13	914
3	2867
1	336
1	14
0	50
0	3409
2	211
0	3408
0	3380
2	194
0	2564
0	449
0	348
0	232
0	276
0	162
0	87
0	1242
0	1216
1	1203
0	1193
0	1088
0	1210
1	1175
6	651
0	937
8	321
0	52
0	766
0	768
1	229
18	307
0	409
1	43
0	419
8	23
0	145
0	140
0	92
0	166
0	95
0	63
0	31
0	31
0	21
91	1359
0	1461
0	1400
8	1427
2	398
207	309
0	319
0	788
46	464
1	647
0	605
0	359
0	358
6	141
0	137
6	88
0	74
0	24
0	39
0	14
0	13
0	1
180	22
0	21
0	10
160	309
12	243
4	153
0	150
0	90
0	0
0	0
0	0
0	0
0	0
0	72
0	996
0	69
3	57
0	133
0	1460
0	373
0	792
0	103
2	56
1	364
0	904
0	117
0	80
0	73
0	570
10	121
0	1386
0	173
0	443
69	463
0	451
0	32
0	16
0	0
2	0
0	168
0	2
0	0
0	2
0	2
0	0
0	1
0	0
62	432
0	432
7	51
2	54
0	10
0	7
0	1217
0	1229
0	248
7	167
18	1260
0	395
0	690
0	170
0	642
1	226
0	161
7	1
0	265
0	55
0	209
1	34
0	152
0	73
0	220
0	142
0	134
0	167
1	75
0	721
0	167
0	191
0	193
0	78
0	59
0	4
0	191
0	0
0	0
0	0
0	0
0	0
0	0
1	181
0	181
0	45
0	22
0	22
0	15
1	180
0	4
0	1
0	4
0	3
1	0
0	4
0	3
0	2
0	96
0	28
0	28
0	56
0	64
1	69
0	2
0	210
0	221
31	263
0	151
0	110
0	150
2	71
3	34
0	263
0	354
0	333
0	146
0	39
0	33
0	40
1	156
6	27
0	59
0	4
0	72
0	70
0	46
0	45
0	40
0	31
1	31
2	30
1	26
0	9
22	0
397	0
0	48
0	16
0	49
0	6
21	38
0	38
0	37
0	5
0	1
0	0
0	0
0	0
0	0
0	0
43	287
0	284
15	0
0	264
0	218
0	134
2	106
0	89
0	89
0	76
0	7
3	76
0	15
0	56
0	61
0	20
0	9
37	0
3	72
0	72
0	604
0	593
3	58
0	26
0	591
0	374
0	378
0	379
0	384
0	357
178	366
7	384
0	145
0	330
18	299
0	314
0	59
63	1504
217	576
4	837
0	555
3	180
0	78
0	212
0	26
7	916
7	83
4	649
0	0
0	0
0	0
0	59
0	4
0	39
0	22
0	50
0	53
33	384
0	303
0	182
0	182
0	49
0	43
0	10
0	19
0	65
0	38
0	25
0	48
0	54
1	34
0	0
186	0
0	126
0	19
0	126
1	126
0	126
0	126
0	14
0	14
0	14
110	37
0	13
0	24
4330	0
5	0
37	170
0	145
4	161
0	72
0	21
0	3
0	20
0	18
0	18
0	6
0	5
0	4
0	0
0	0
597	58
1	58
0	2
0	0
0	2
0	2
0	2
0	0
0	0
0	0
0	0
0	231
2	18
0	232
7	61
0	47
0	6
0	126
0	29
0	77
0	115
0	15
2	130
0	18
0	61
0	116
2	74
0	70
0	51
0	6
1	113
0	74
0	2
0	16
0	16
0	6
0	3
0	15
0	10
0	5
8	77
0	115
50	27
2	3
0	15
0	10
0	0
0	0
0	7
0	6
0	4
0	3
0	2
0	6
0	6
0	0
0	0
0	0
0	0
0	0
0	261
0	66
0	345
0	241
4	343
0	419
29	525
2	334
6	349
0	333
1	452
0	0
0	0
3	0
0	0
0	0
1	0
0	0
9	64
0	110
0	135
0	142
0	265
0	160
0	147
0	190
0	122
0	169
0	221
0	187
0	182
0	99
0	70
0	146
0	47
0	43
0	50
0	51
0	72
0	110
0	102
0	82
0	149
0	146
0	18
0	42
5	18
0	99
0	192
0	102
0	103
0	102
0	67
0	104
0	122
2	119
0	63
0	63
1	6
0	115
0	107
0	39
0	63
0	47
0	59
0	49
0	67
77	66
0	62
0	52
1	46
0	95
0	132
0	117
0	85
0	120
0	159
0	71
0	90
0	67
0	75
0	59
0	61
0	22
15	10
7	8
0	11
0	16
0	4
0	5
0	1
1	0
13	0
0	12
116	262
0	17
0	75
0	90
0	43
0	27
0	25
0	62
0	26
0	18
0	58
2	281
0	226
0	254
0	25
0	178
0	179
0	12
0	74
1	84
0	71
0	45
0	45
0	25
0	24
1	62
0	46
0	46
0	60
0	61
0	69
0	47
0	73
0	61
0	69
0	68
0	57
0	70
0	49
0	70
0	69
0	70
0	47
0	69
0	45
0	61
3	51
0	45
0	41
0	33
0	33
0	7
1	89
0	87
0	8
0	2
0	8
0	5
2	31
1	44
0	0
0	0
0	0
0	0
751	390
0	157
4	386
1	52
3	135
0	99
0	0
0	0
0	0
0	2
0	73
0	132
0	115
0	37
1	40
0	22
0	30
0	60
0	28
1	20
0	31
0	45
0	36
4	37
0	38
0	0
0	131
5	73
0	2
0	0
0	0
0	2
0	2
0	0
0	0
0	0
0	0
0	0
0	0
0	0
0	0
0	0
2	135
2	31
0	47
0	43
3	91
0	512
4	507
0	0
0	0
0	0
0	0
0	0
0	0
0	0
0	8
6	64
0	64
0	17
0	5
0	17
2	0
1	6
461	826
0	806
0	8
0	8
469	356
0	207
2	21
8	17
0	231
9	34
1	120
0	95
0	54
0	43
0	16
0	324
0	123
30	310
0	56
1	16
0	42
0	76
0	335
0	60
10	67
0	67
0	61
3	46
3	50
0	0
0	0
0	0
0	0
0	0
0	0
0	0
0	0
0	0
0	0
644	0
0	108
0	108
0	2
0	14
0	2
0	108
0	106
0	0
0	1
0	1
0	1
0	0
0	1
36	559
8	490
0	434
0	168
2	126
0	706
0	923
6	885
40	142
1	220
1	29
4	93
0	193
24	71
1	903
5	12
1	12
0	0
61	139
1	139
0	35
0	182
7	168
6	117
0	122
2	50
0	102
0	33
0	68
0	0
0	105
0	0
0	1
0	0
0	0
0	0
3	1
0	1
0	0
32	421
1	421
0	44
1	814
0	758
0	1588
352	3751
59	1766
1	1759
89	2844
16	2171
8	0
6	0
0	35
3	52
18	17
18	10
77	2288
16	2143
0	2238
0	2024
0	1845
1	1355
0	7
34	258
1	60
0	6
0	80
0	6
0	5
0	250
1	31
0	25
0	6
0	2
0	2
0	1
0	197
0	185
0	77
0	80
0	69
0	59
2	56
0	55
0	46
0	51
0	38
0	45
0	5
0	8
0	5
0	5
0	0
0	0
0	0
0	0
0	0
0	0
0	0
0	0
0	0
0	0
0	0
0	197
0	5
0	1
0	22
0	4
0	0
0	2
0	96
8	974
1	435
0	106
0	98
10	461
0	974
0	241
0	264
0	103
0	271
0	99
51	281
0	22
3	63
1	10
0	68
0	65
2	258
1	266
0	65
0	239
1	6
0	80
0	0
0	0
0	0
0	0
0	12
0	10
0	11
0	6
0	9
0	9
0	5
0	1
0	3
0	2
0	1
0	2
0	8
0	7
0	11
0	14
1	31
7	14
32	47
0	5
1	7
0	7
0	33
0	4
0	7
0	6
0	0
0	0
0	0
0	0
3	642
0	635
5	5
0	14
1	4
0	42
0	25
4	3
5	54
9	34
0	635
0	234
0	219
0	229
0	238
0	93
0	5
0	36
0	24
0	30
0	26
0	23
0	25
0	18
0	18
0	1
0	0
0	2
0	0
0	2
0	2
0	0
0	0
0	0
0	0
0	0
0	0
3	1
0	1
0	0
0	0
0	0
0	0
0	0
0	0
0	0
0	0
0	0
0	186
0	140
0	130
0	190
0	220
0	186
0	216
0	117
0	60
0	13
0	10
0	30
0	61
0	17
0	17
0	41
0	43
0	14
0	10
1	10
0	9
0	8
0	6
0	6
0	4
1	6
0	1
0	219
5	35
1	40
0	37
0	38
1	80
1	152
3	167
0	166
0	12
0	0
1	329
0	329
5	342
0	60
0	178
3	149
0	43
0	18
0	39
0	0
0	0
0	0
0	0
0	0
0	0
0	0
0	0
0	0
0	0
0	114
1	114
0	122
0	92
0	119
17	83
0	24
0	13
3	12
2	616
2	614
0	616
0	614
291	0
0	0
0	6
0	7
0	7
0	4
0	4
0	1
0	1
1	322
0	2602
0	4669
5	2172
1	6022
6	6204
62	10481
47	6131
72	2439
0	9903
0	111
2	120
0	120
0	525
0	122
0	103
2	51
0	43
0	464
0	467
0	388
0	389
0	467
0	418
0	418
0	480
0	468
3	84
1	25
3	46
0	27
0	24
0	9
0	47
0	37
0	49
1	12
3	287
7	355
6	200
0	11
0	68
0	63
1	166
0	48
3	11
2	64
0	17
0	155
1	1
0	1
0	0
4	8
0	8
29	160
1	150
0	12
0	5
0	4
1	11
1	10
1	7
0	11
0	4
0	1
0	0
1	0
0	0
0	0
1	0
0	0
0	0
0	189
0	289
0	245
0	290
7	252
0	196
0	241
0	197
2	95
1	77
0	115
0	85
17	28
0	99
0	82
0	73
0	48
0	60
0	64
0	68
13	1
6	1
12	1
0	0
5	427
17	218
0	71
0	21
0	15
0	80
0	78
0	24
1	25
0	21
0	7
2	211
0	2
0	448
5	441
0	200
17	250
0	434
1	390
1	245
1	16
0	83
0	73
0	76
0	65
0	53
2	52
39	14
0	2
0	7
0	8
0	2
180	825
3	345
4	629
10	427
7	178
2	235
3	78
233	0
0	59
0	0
0	0
0	0
0	0
0	0
0	0
0	0
0	0
216	37
0	13
0	34
0	24
0	30
9	114
0	96
0	114
1	114
252	228
3	32
62	32
0	23
350	0
1	326
0	150
0	14
0	27
0	28
0	12
0	3
0	7
0	7
0	322
41	15
12	0
0	15
0	14
0	0
0	20
0	20
0	23
1	19
0	365
0	18
0	20
0	365
0	29
0	42
1	47
3	111
0	176
1	16
1	46
3	26
3	19
3	26
3	4
0	534
0	220
0	82
1	169
0	37
2	428
0	13
0	103
0	0
0	0
16	1594
19	1594
0	268
0	184
0	158
3	92
1	151
1	147
0	153
0	76
2	102
2	69
0	306
0	151
2	137
0	92
0	198
0	0
0	0
0	0
0	0
0	0
0	0
0	3
0	7
0	2
0	0
0	0
0	0
0	2
0	0
0	22
34	119
0	34
2	107
2	3
4	0
0	2
0	6
0	32
1	1
0	0
0	0
0	0
0	0
0	0
0	0
0	0
0	15
0	70
0	4
0	9
0	8
0	67
0	2
0	2
0	2
0	2
0	9
0	2
0	2
1	9
0	2
0	3
1	0
0	0
0	0
0	0
0	0
3	36
0	0
0	0
0	5
4	36
0	8
0	0
0	3
0	4
0	5
0	5
0	2
2	4
0	2
0	8
49	633
126	399
0	93
0	632
0	12
0	93
0	103
7	93
2	172
0	573
0	91
0	163
3	58
0	258
0	37
0	361
1	159
3	0
0	68
5	112
0	13
0	139
83	230
8	13
284	960
2	111
0	88
2	33
0	65
0	64
0	67
3	149
0	190
1	627
0	0
0	0
9	401
1	28
0	307
4	0
0	401
0	13
4	1062
11	1066
0	28
0	18
160	18
0	12
0	6
0	0
0	0
0	0
0	0
0	0
0	0
0	3
0	4
2	107
0	343
0	337
1	117
3	82
0	15
0	12
0	22
0	22
1	331
0	0
0	0
0	1
0	1
0	0
0	0
0	0
0	0
0	0
0	0
3	0
0	0
0	0
0	0
0	0
161	42
0	9
0	0
0	0
0	0
0	0
0	0
0	0
0	0
8	344
9	346
0	147
0	259
13	343
1	59
127	93
0	90
0	57
0	49
0	145
0	146
0	6
0	5
0	7
0	7
0	6
0	1
0	3
0	102
0	101
0	82
0	74
0	77
2	35
0	12
1	11
0	5
0	2
0	100
0	9
0	0
0	1
0	1
0	0
0	3
0	35
0	14
0	2
1	31
0	33
0	32
0	3
0	3
2	2
0	3
0	4
0	3
0	2
0	45
0	4
0	2
0	2
2	4
2	0
0	1
3	19
0	9
0	13
0	18
0	0
0	8
0	3
1	1
4	3281
0	3418
0	3279
97	3489
0	3024
0	3386
1	3329
0	3396
15	2937
0	765
1	793
0	2787
0	2921
0	2860
5	2522
0	673
55	599
0	373
19	618
0	1333
0	231
7	595
22	40
4	24
0	460
14	945
0	887
0	1171
0	1119
0	886
0	502
0	424
0	326
0	403
0	329
0	317
0	501
0	205
0	328
0	27
0	344
0	8
2	28
0	333
6	343
2	368
0	28
0	2683
0	83
0	2705
0	2628
0	2422
0	2504
0	2553
0	2685
0	2508
0	2677
0	3102
0	2948
0	2581
0	2667
0	2856
1	2794
2	2483
0	2561
0	2337
0	2653
0	2523
1	2591
0	2508
0	2608
0	2629
0	255
0	2187
0	2645
0	2661
0	2464
0	2454
0	2665
5	2056
0	2679
0	2536
0	2636
0	2433
0	2328
0	2661
0	2633
0	2564
0	2698
0	2428
0	2515
0	2641
0	2404
1	2652
0	959
0	634
0	489
0	489
0	112
0	380
0	226
0	336
4	514
0	1309
0	1205
2	260
0	485
0	313
0	0
0	0
0	0
20	55
0	55
0	13
0	1
0	20
6	1374
1	254
7	278
30	106
0	345
0	220
2	170
1	1185
0	0
0	0
0	1
0	1
0	1
0	1
0	0
0	0
0	0
0	0
0	0
0	0
492	138
0	22
0	31
0	121
0	43
306	136
0	97
0	27
3	102
0	21
0	103
1	91
0	16
0	4
0	0
0	0
0	0
0	0
0	0
0	0
0	0
0	395
0	340
21	356
8	361
0	389
0	331
0	269
5	107
1	110
0	65
0	34
0	19
0	22
0	16
0	16
0	16
0	16
0	16
0	16
0	15
0	15
0	7
0	14
0	12
0	8
188	298
0	270
0	25
1	41
0	22
0	34
1	21
0	41
4	38
0	319
0	283
0	273
0	255
0	211
0	88
0	124
0	57
0	0
2	63
0	28
22	51
0	25
0	10
0	26
0	35
0	9
1	25
1	9
0	0
8	305
1	15
0	0
0	1
0	1
1	1
1	675
1	688
6	599
22	559
1	190
20	79
0	18
3	42
0	52
1	32
0	2
0	8
2	105
0	6
0	12
2	105
0	0
0	0
125	55
1	55
0	398
0	50
0	28
0	39
0	26
0	30
0	385
0	22
2	111
0	40
2	240
0	35
0	28
0	6
55	83
0	59
0	51
2	32
0	38
77	194
0	33
0	183
0	27
1	0
0	23
0	28
0	28
6	183
1	11
0	41
0	38
6	137
0	38
0	54
0	117
0	46
0	33
0	67
0	2
1	0
2	23
0	41
0	43
1	2
0	16
0	9
0	43
1	14
1	42
0	230
0	481
0	398
0	574
0	417
0	646
0	444
0	475
0	466
2	462
0	451
0	625
1	227
0	203
0	329
4	479
0	630
0	646
0	456
0	414
0	55
0	605
0	133
0	221
5	585
0	445
0	464
0	563
2	98
0	448
0	442
0	581
4	166
0	443
2	446
0	420
0	0
0	16
0	295
0	379
3	239
20	401
0	415
0	75
0	167
0	375
4	114
0	6
12	23
0	113
0	27
0	0
0	115
0	20
0	0
0	0
0	31
0	35
0	34
3	36
0	7
2	31
10	21
0	9
0	7
0	11
5	7
0	0
0	0
0	0
0	0
0	1366
2	1285
0	1155
36	1352
0	1281
0	1152
1	1213
10	317
17	187
2	408
10	315
1	329
3	213
0	72
0	63
0	57
1	1367
0	512
15	561
0	505
0	140
1	116
2	95
1	46
0	514
0	142
9	355
1	12
0	157
0	50
0	137
0	237
0	207
1	3014
11	3048
20	4299
0	4356
32	165
0	1288
6	1506
6	1374
3	202
0	247
28	230
1	127
0	86
0	1037
0	213
1	153
7	152
0	100
0	0
0	4
0	0
0	3
0	3
0	3
0	1
0	1
0	0
0	5
0	154
0	26
0	12
0	28
0	4
0	20
0	99
0	7
0	154
331	449
0	1
0	38
1	324
0	127
13	235
6	54
8	196
3	187
1	180
0	98
3	54
0	5
0	0
0	2
0	2
0	1
0	15
0	17
1	7
0	0
0	0
0	1150
3	1099
3	15
0	88
1	1054
0	1071
0	771
0	139
0	140
6	143
0	554
9	787
0	65
1	94
0	65
0	44
0	125
0	3
1	1011
0	0
0	411
0	417
9	299
1	0
0	406
0	35
0	35
0	35
0	8
0	34
0	35
0	34
0	31
0	28
0	26
0	0
0	11
0	2
0	6
0	4
0	1
0	3
0	2
0	2
0	1
0	2
0	2
0	0
0	0
0	2
0	2
0	0
1	0
0	0
0	0
0	2
0	2
0	2
0	2
0	0
0	242
0	906
1	341
1	288
0	125
9	257
0	92
0	906
2	877
0	1042
0	231
3	866
0	187
0	965
1	1066
5	2
0	125
0	403
1	1018
0	158
0	61
1	12
16	57
4	66
6	51
0	1081
0	965
0	187
0	369
0	396
7	0
0	0
0	0
0	247
44	314
1	169
25	312
0	128
0	127
4	217
9	46
51	30
0	30
16	46
5	0
23	46
0	6
0	6
0	0
0	0
0	1
0	0
0	0
29	479
4	232
1	416
6	193
1	181
1	125
112	42
0	35
0	20
0	16
0	0
0	0
0	20
0	1
0	1
21	20
0	8
337	192
0	0
0	24
0	3
6	187
0	33
1	1
0	10
4	41
0	69
0	24
0	198
0	1
0	24
4	58
29	198
0	24
0	190
4	159
0	158
0	137
0	109
0	137
0	71
2	11
0	11
0	3
0	8
1	20
0	10
0	28
0	24
0	83
0	93
0	14
691	603
0	402
4	411
1	236
0	290
0	235
2	129
1	8
1	0
0	8
0	8
0	339
5	247
0	350
0	277
12	290
0	17
2	345
0	152
22	228
3	124
0	2742
0	3323
6	3361
0	3256
1	1851
0	1298
24	2038
0	1950
0	3361
0	2964
31	601
4	1272
1	1291
0	124
0	60
0	60
0	44
1	127
0	131
3	49
1	20
0	33
0	1308
104	249
0	251
0	238
3	9
0	38
1	43
0	407
0	43
0	12
5	25
0	405
6	221
0	221
0	0
0	0
0	543
35	3
0	24
0	17
0	22
1	76
0	30
0	548
0	347
0	20
0	342
0	0
0	36
0	14
0	14
0	0
0	1
0	36
0	36
0	3
14	902
0	919
0	823
0	807
166	757
425	813
123	812
1	258
3	357
0	1658
1536	2262
2	1239
0	1407
0	2130
2	50
0	1961
0	1967
0	1676
0	858
17	49
3	141
0	981
0	240
1	99
1	254
0	125
0	83
5	11
0	911
0	883
0	3
3	3
0	0
0	0
0	1
0	0
0	0
0	1
22	222
0	221
0	59
0	137
0	299
0	313
1	268
0	16
0	16
0	23
0	59
1	7
0	18
0	19
0	19
0	13
0	299
0	151
0	120
3	74
0	74
0	61
0	453
4	470
0	566
0	577
1	598
8	567
0	377
0	391
0	83
0	62
0	62
0	14
1	53
0	38
0	30
0	19
0	464
0	0
0	441
0	485
9	178
1	54
0	47
1	218
0	141
0	0
0	99
1	91
12	77
0	13
0	3
0	0
0	0
0	0
0	0
0	0
0	0
0	0
0	0
0	0
0	0
0	0
0	0
0	0
0	0
0	0
0	0
0	0
0	0
0	0
118	172
0	126
0	32
0	76
2	45
0	36
0	49
0	30
65	131
2	14
0	118
0	70
0	78
0	68
0	68
0	32
0	34
0	12
5	0
10	12
0	45
0	45
0	38
48	148
1	148
0	71
0	76
1	77
0	27
0	77
0	71
0	79
0	80
0	71
3	75
0	0
0	0
1	5
0	4
0	5
0	3
41	297
0	309
0	323
3	230
1	100
2	86
2	1
0	63
0	1
0	304
324	14
3	14
0	638
0	0
0	0
0	0
0	0
0	371
0	362
1	282
0	282
0	208
0	45
5	123
1	46
0	116
0	21
0	49
1	18
0	24
0	23
1	139
0	36
0	1735
7	1744
1	1709
0	1550
0	1704
4	293
0	734
0	89
0	117
2	69
1	67
0	201
0	529
7	506
8	411
7	239
0	46
0	108
14	50
0	10
0	1698
0	1543
0	2
6	26
3	26
0	3
5	17
0	168
0	1098
0	1064
0	1021
0	180
0	1107
0	29
0	47
2	32
1	58
1	364
0	0
8	68
5	21
16	138
0	25
0	77
0	3
0	4
0	11
0	138
0	0
0	0
0	0
0	270
3	119
0	12
0	47
0	272
2	47
17	43
0	44
2	12
0	8
0	6
0	5
0	3
1	2
0	1
0	474
26	507
0	109
0	89
0	42
0	100
2	4
0	0
0	0
0	0
210	0
1	0
822	19
4	19
232	125
0	30
0	37
0	58
36	1361
1	71
0	1268
0	141
0	101
0	194
0	83
1	185
23	126
0	0
0	0
0	0
1	710
0	772
2	166
0	29
0	739
0	193
0	39
0	555
0	531
0	26
0	55
0	43
14	25
2	169
0	565
0	55
0	56
0	14
3	23
0	24
0	56
0	93
0	71
0	52
1	120
3	22
0	549
0	0
0	166
0	120
0	161
0	161
0	0
1	1
0	1
0	0
0	9
2	122
0	6
0	116
0	119
0	111
0	113
0	119
0	68
0	108
0	30
0	17
0	46
1	9
0	19
0	33
1	9
6	35
0	166
0	120
0	168
158	0
0	36
2	36
0	7
0	7
4	4
0	5
0	71
0	83
0	0
0	0
0	0
442	1409
0	687
0	233
2	85
4	130
1	121
0	204
0	209
0	56
0	14
0	783
0	822
3	351
0	469
8	81
0	282
0	222
0	185
1	73
0	18
2273	764
0	333
0	334
0	218
0	272
0	522
3	703
0	896
0	732
0	213
0	87
0	153
0	20
1	51
0	93
0	469
3	478
8	46
3	11
0	94
0	151
1	298
0	48
0	135
0	135
6	18
0	72
0	34
0	41
0	886
30	0
0	0
0	0
0	0
0	0
0	0
0	0
0	67
13	2122
6	236
0	2132
0	159
19	312
0	133
0	106
1	156
0	231
2	74
0	89
1	42
229	0
443	1550
2	1549
0	521
0	394
0	342
0	343
0	7
0	19
2	143
0	143
1	114
0	136
0	26
0	14
2	11
198	53
0	35
0	47
0	0
0	0
0	0
0	0
355	111
0	112
0	108
0	36
0	35
0	0
0	1
853	0
65	642
2	628
14	628
0	91
2	104
2	77
0	14
0	0
0	1
0	1
0	1
0	1
0	1
0	1
1	96
0	29
0	8
0	21
1	27
1	6
0	3
0	10
0	15
0	2
0	12
1	11
0	322
11	810
0	733
0	132
0	141
0	179
0	120
0	278
0	368
0	203
0	95
0	598
0	569
0	593
0	176
5	22
0	148
0	328
32	245
1	126
6	176
0	365
64	413
0	0
0	5
0	0
0	0
0	0
0	0
1	0
0	0
0	1
0	3
0	2
0	0
0	1
0	0
0	4
1	2
0	0
0	1
0	1
0	0
0	3
0	0
0	0
0	0
0	5
0	0
0	0
0	0
0	0
0	219
0	261
0	12
106	354
1	28
0	16
0	4
0	2
0	21
0	342
1	542
19	6541
19	2343
111	2116
23	6033
10	5962
0	1183
0	1531
24	2321
470	1823
1	886
4	72
0	0
0	0
0	0
0	0
0	0
0	0
0	0
2	44
2	45
0	27
0	19
0	25
0	0
0	2
0	75
40	131
0	76
0	67
7	304
0	31
0	67
0	304
0	1
0	3
0	3
0	2
0	2
0	0
0	0
0	1
0	1
0	0
0	1056
2	21
0	380
0	337
5	102
0	220
0	30
4	837
0	77
10	62
0	487
0	1029
0	0
3	392
1	486
1	249
2	136
1	23
1	462
0	120
1	27
0	49
0	430
1	8
0	47
0	99
6	423
0	103
3	85
0	423
3	27
0	18
0	10
0	21
0	5
0	132
0	134
0	132
0	134
0	134
0	135
1	126
0	65
3	27
0	63
0	0
0	51
0	5
0	3
0	13
0	9
0	9
0	9
0	9
0	3
0	1
0	0
16	0
7	201
17	163
36	45
1	77
2	61
57	72
3	48
1	1462
1	1460
0	1480
1	1440
0	394
20	1162
0	1407
0	345
1	11
0	353
0	1
0	1
0	0
0	0
0	0
0	7
2	7
0	7
0	5
9	5
0	5
0	0
0	0
0	0
0	0
0	0
0	45
104	760
0	38
17	109
1	56
0	49
0	274
0	342
0	78
2	501
0	76
0	12
0	283
0	4
0	4
4	4
5	4
0	2
0	4
0	0
0	0
0	0
0	0
0	0
0	0
0	0
0	175
0	3530
1	3332
0	341
1	355
0	3875
2	265
0	3733
0	1286
0	672
0	3739
0	2303
0	3581
0	1650
0	961
0	3285
2	91
20	4382
115	2564
0	2043
10	1910
30	1518
1	3
7	577
0	22
0	36
0	41
1	26
2	13
0	12
0	577
0	0
0	0
0	13
0	34
0	44
0	5
0	15
0	22
0	6
0	489
0	85
32	409
7	109
0	24
1	185
0	490
0	0
0	0
0	3
1	75
1	0
0	11
0	76
0	75
0	5
0	6
0	0
0	8
0	10
1	6
0	4
0	0
0	40
0	0
0	0
0	31
0	20
0	8
2	0
0	75
0	47
0	4026
0	3223
0	4068
0	4198
7	4062
0	3227
0	4022
6	3410
0	3549
23	3412
28	690
0	3443
1	2398
14	672
1	2710
0	2629
0	2770
5	1575
0	2435
5	776
11	84
6	37
0	30
6	165
0	202
0	3
0	3
0	4
0	0
0	19
0	48
5	206
0	29
118	867
0	478
0	715
10	82
69	468
4	24
0	88
3	13
0	68
0	428
1	28
0	160
0	209
1	190
1	127
0	123
0	142
0	95
1	17
0	7
0	0
55	40
0	24
0	26
0	3
0	4
0	4
617	404
0	125
2	316
2	48
0	42
0	8
1	693
5	192
23	189
0	153
0	239
1	664
0	643
4	593
0	540
48	459
0	549
0	505
9	66
0	383
0	287
1	153
0	311
0	199
1	221
0	171
0	182
2	181
0	190
0	105
0	203
0	174
0	19
1	1
155	611
4	611
0	240
0	159
1	110
0	227
0	50
2	71
0	44
0	44
0	47
13	313
2	40
0	224
2	78
2	249
0	1
0	8
0	12
0	4
0	2
0	8
3	113
12	504
0	88
0	503
0	0
0	0
0	0
0	0
0	0
0	0
0	0
0	0
0	0
1	0
0	0
0	0
0	0
0	0
206	301
0	172
0	162
0	225
0	61
0	10
0	21
0	13
0	92
0	102
0	122
0	230
0	81
0	42
0	25
0	24
0	14
0	205
0	220
1	193
0	210
0	1
0	1
0	1
0	0
1568	404
2	38
0	104
0	300
0	358
0	16
0	13
15	357
0	3
2	19
0	394
1	8
1	4
0	346
3	26
0	121
3	7
0	29
5	0
0	18
2	16
0	103
0	35
0	20
0	39
0	139
0	136
0	7
0	45
0	47
0	40
0	2
0	19
0	1
0	19
0	2
5	2
0	2
3	2
0	0
0	62
25	263
0	0
0	144
0	118
0	209
0	198
0	166
0	154
0	142
0	138
0	90
0	204
0	235
0	132
0	109
1	216
51	72
0	23
0	39
0	136
0	47
0	130
1	4
2	15
0	37
0	31
0	30
0	28
0	3
0	8
0	22
2	15
4	6
0	1
0	36
561	550
6	305
0	331
0	378
0	30
0	261
0	236
4	231
0	68
1	29
0	145
2	137
0	111
0	103
0	79
0	38
0	20
0	18
0	0
26	203
0	174
0	81
1	71
0	31
0	39
0	35
0	16
0	210
0	85
0	210
1	124
2	144
0	161
0	19
0	27
0	121
0	5
0	6
0	5
0	5
0	4
0	1
0	6
0	1
0	0
0	3
0	1
0	6
9	8
1	1
0	8
0	0
0	0
0	39
240	418
1	343
0	326
0	120
1	44
2	0
0	114
0	947
432	1057
1	109
2	764
1	1656
0	1430
0	828
472	1989
6	1646
0	1575
0	1379
1	332
0	1421
3	330
1	799
4	999
42	588
0	3
0	3
0	2
0	3
0	3
0	3
0	1
0	3
0	3
0	0
0	0
0	1
0	0
1	0
0	3
21	390
0	390
0	188
2	131
2	79
113	0
278	0
6	0
6	0
183	168
0	82
4	135
0	40
0	26
4	49
0	0
0	55
0	4
0	163
5	138
0	24
24	20
16	47
4	27
0	0
13	926
0	1092
0	1092
1	83
0	20
0	141
3	102
0	61
3	144
0	30
98	157
1	133
0	49
6	49
1	0
0	71
0	84
2	112
0	7
0	7
0	2
0	28
0	71
0	0
1	0
0	0
21	49
2	25
1	287
34	336
0	66
0	34
0	25
0	46
0	4
0	17
0	11
0	5
0	65
0	48
0	0
0	33
0	33
2	656
0	619
0	151
0	648
0	26
0	24
0	180
0	41
3	0
0	0
0	0
0	0
0	0
0	0
0	0
0	0
0	0
1	210
0	140
1	227
0	347
91	453
0	355
0	351
0	219
0	184
0	211
3	73
0	239
0	275
0	214
0	178
0	167
7	18
2	70
6	21
7	27
0	93
1	49
0	56
2	19
0	368
0	333
0	366
0	958
3	161
1	283
0	314
1	898
2	890
0	115
54	570
3	218
3	17
0	6
2	5
5	10
0	14
0	11
0	1
2	3
61	2
0	2
2	368
1	181
0	381
1	95
0	0
0	0
0	0
0	0
0	0
0	0
0	0
41	39
2	34
15	1058
3	1054
2	29
1	90
11	337
0	95
2	61
9	206
0	139
2	148
17	281
8	419
2	419
0	33
0	111
1	190
0	71
0	90
0	0
0	0
0	0
0	0
0	0
0	0
0	0
0	0
0	0
2	0
0	6
0	0
0	0
28	80
1	72
0	7
2	61
1	4
0	3
0	95
11	61
0	79
0	40
0	13
0	11
1	23
232	3955
0	3868
0	222
2	305
1	260
0	85
0	72
0	133
0	69
0	19
0	36
958	983
12	213
0	203
0	73
10	567
0	143
0	149
0	79
1	27
0	23
3	331
14	322
0	242
0	332
0	74
0	244
0	97
0	80
0	55
8	86
0	78
0	63
12	378
26	241
0	87
0	58
1	38
0	72
0	31
0	373
0	357
0	484
0	480
0	452
1	33
0	123
5	39
0	24
0	64
1	120
0	44
33	0
0	225
2	321
0	377
0	151
0	123
0	25
0	80
30	239
1	170
2	100
0	6
1	6
0	9
0	2
0	15
0	36
857	476
0	344
0	63
0	137
1	101
207	223
0	97
0	144
2	120
0	31
0	187
12	52
0	90
0	134
0	124
2	86
0	13
0	10
0	50
6	50
0	84
0	2
0	83
9	85
0	10
15	33
0	29
0	1
0	2
0	4
0	0
0	0
1	0
1	43
0	4
36	44
24	2
0	21
0	21
1	25
0	1
0	1
3	1
0	4
0	5
0	1
68	152
5	99
0	33
0	26
0	7
0	17
1	21
0	13
0	13
0	14
0	24
0	25
0	4
0	15
0	13
0	11
0	3
0	0
0	0
0	0
0	5375
0	5358
0	3622
1	4538
1	626
0	545
0	103
0	470
14	302
0	5318
4	41
0	24
0	18
0	17
0	8
0	42
0	44
0	41
18	511
0	511
71	388
1	33
0	36
94	2
22	1298
0	878
0	31
0	31
3	0
0	0
0	1299
2	330
1	15
1	111
12	199
3	14
0	909
0	1329
1	723
0	2
0	3
0	0
0	80
0	180
0	142
0	542
1	106
0	275
3	29
0	210
0	89
0	35
0	38
0	1286
0	7
16	21
0	14
0	10
0	10
0	2
0	4
2	0
0	11
0	10
3	2
0	3
2	11
0	11
0	8
0	10
0	3
18	3
0	4
0	9
1	49
0	1218
1	1223
0	1218
0	938
0	765
0	315
0	171
0	150
1	141
0	323
0	84
0	125
0	102
0	174
0	130
0	161
0	121
0	157
1	146
0	146
0	98
0	22
0	126
0	118
1	117
0	86
0	82
0	0
33	14
0	14
18	784
4	689
1	157
0	210
0	373
4	137
7	1
16	501
0	502
0	523
2	472
0	77
2	449
0	509
0	95
0	103
0	67
1	17
0	164
0	187
0	115
0	130
0	76
0	104
289	0
2	4
294	253
3	226
1	147
0	111
0	2
0	33
22	38
0	0
0	0
3	1042
150	1357
2	0
0	0
0	734
3	363
0	60
1	2
0	1
4	56
0	2
1	4
0	1
0	5
0	3
1	10
1	27
0	5
132	213
0	143
0	35
0	47
0	10
0	471
0	184
0	204
1	472
0	23
0	68
0	38
0	15
1	12
0	5
0	5
0	0
0	0
686	253
0	77
0	11
1	65
0	91
1	19
0	238
10	243
0	69
0	62
0	18
0	9
0	30
2	27
42	160
0	69
0	20
13	71
0	359
0	4
2	359
0	0
0	0
94	50
0	11
0	41
0	37
1	11
0	2
0	39
14	285
1	285
0	23
0	9
0	40
0	64
8	6
3	356
0	356
0	132
0	6
0	678
41	684
1	684
0	42
114	561
0	552
0	500
1	352
3	503
2	352
7	503
0	498
9	485
18	257
0	129
0	126
0	133
0	94
0	24
0	70
0	0
0	12
0	13
0	123
0	125
0	129
1	0
107	95
0	95
0	14
0	14
0	228
0	10
0	5
0	228
0	182
0	227
0	228
0	216
0	208
0	203
0	202
0	0
2	0
0	0
0	312
0	322
0	297
7	211
0	75
0	52
0	57
0	108
1	83
0	9
0	80
1	13
13	79
4	48
3	18
3	18
0	308
0	1
0	4
0	0
0	3
0	1
0	2
0	2
0	49
0	63
112	370
0	117
12	354
0	0
0	0
0	0
0	0
1	324
0	327
1	22
2	314
0	108
0	114
2	251
1	38
0	303
10	0
0	136
0	110
0	11
0	53
0	13
0	9
1	13
0	1
0	0
0	50
0	50
0	50
0	17
0	2
0	0
0	2
0	43
0	96
128	460
0	99
0	140
0	57
0	107
8	85
0	78
0	110
1	92
5	630
0	697
0	635
0	746
0	397
0	740
0	647
0	399
0	745
0	737
0	739
0	789
0	699
0	744
0	680
0	705
0	727
10	185
1	681
0	733
6	196
0	721
0	733
0	709
0	709
0	217
3	476
0	103
0	274
4	220
0	119
26	315
9	354
0	31
0	30
0	59
0	76
0	59
1	57
0	14
164	291
3	173
0	237
0	173
0	283
0	1
0	1
0	0
0	1
0	0
0	0
26	90
0	8
0	63
0	2
0	64
0	15
0	0
0	3
0	82
0	263
0	223
12	250
0	58
0	41
0	28
0	36
0	41
0	41
0	30
0	31
0	23
0	20
1	10
0	6
0	3
0	8
0	4
0	2
2	2
1	0
0	4
0	0
49	0
4	16
1	26
0	24
0	1
0	3
0	0
1	0
0	1
0	0
42	264
0	16
0	251
0	259
0	262
0	24
1	15
0	36
0	21
0	36
0	16
0	256
1	0
0	102
35	258
6	12
2	36
0	51
17	16
0	85
1	28
1	132
6	23
0	26
0	46
0	37
0	22
0	17
0	2
485	43
0	34
1	9
1	295
83	364
17	69
0	0
0	0
0	0
0	0
0	0
0	0
0	0
0	0
9	80
1	22
0	22
2	77
2	65
0	45
0	15
2	19
16	723
8	690
3	330
0	250
0	589
0	55
9	73
5	85
0	44
7	123
0	65
0	71
0	40
1	44
0	0
0	0
0	0
0	2
324	33
0	12
0	0
0	5
0	11
2	15
6	92
0	86
0	38
0	51
0	44
0	0
5	23
0	26
0	4
1	32
0	26
0	16
0	0
30	955
0	955
418	121
5	121
5	0
0	5
24	30
1	1
0	11
1	18
0	5
0	4
0	1
0	3
0	1
0	0
0	0
1	0
0	2
1	9
0	30
0	30
100	0
793	300
0	264
1	247
4	124
2	54
2	0
0	46
5	46
0	39
0	443
0	0
0	0
0	0
0	0
1	0
0	0
0	0
0	0
0	0
0	0
0	0
0	0
0	0
0	0
0	0
0	0
8	0
0	0
0	0
0	0
0	0
0	0
49	10
8	10
0	5
0	0
0	1
0	5
0	4
0	0
0	0
0	2
0	1
0	1
0	1
0	1
0	5
0	6
0	2
0	2
0	4
0	1
0	3
0	0
0	4
0	5
0	4
0	5
0	365
0	361
4	38
3	365
0	12
0	362
1	345
106	27
1799	4918
143	4917
0	4799
0	3866
3	3490
0	2332
0	2326
0	0
0	0
0	0
0	0
0	0
0	0
0	0
0	0
0	0
0	0
0	0
0	0
0	0
0	0
0	0
0	0
0	0
0	0
0	0
0	0
0	2
0	2
0	2
0	2
0	2
0	0
0	0
0	0
0	0
0	385
0	371
4	423
0	405
0	302
1	47
15	370
0	377
0	365
0	363
0	365
0	220
0	69
0	65
0	89
1	239
2	320
0	331
0	80
0	76
0	268
0	353
4	257
0	269
0	78
0	66
2	160
12	135
5	116
873	69
1	57
0	12
0	394
0	270
1	232
0	313
1	568
2	260
0	596
0	592
0	218
0	217
1	82
1	207
0	230
0	242
0	181
0	6
0	6
0	4
0	5
0	5
3	907
0	888
0	945
5	792
2	257
0	180
0	366
0	120
1	178
0	292
0	176
10	479
0	272
1	54
0	44
0	148
0	176
0	109
0	962
0	761
0	0
0	0
0	11
0	0
0	4
0	0
0	0
0	11
0	0
0	6
0	11
0	6
0	1
105	642
7	27
0	1
0	642
0	56
0	19
0	19
0	39
5	24
0	37
1	20
0	37
0	31
1	20
0	0
1	1
0	199
0	96
0	171
1	98
1	168
0	68
5	174
0	133
0	62
8	49
0	22
1	14
0	13
0	0
0	277
0	0
0	2
0	267
0	24
0	18
0	286
0	282
0	276
0	36
0	292
1	235
5	261
0	263
0	285
0	0
0	85
0	283
0	0
0	0
0	0
0	0
0	0
0	0
0	0
7	1
0	2
1	30
5	3
3	30
0	0
0	1
0	6
1	7
0	765
0	0
0	0
0	0
0	0
0	0
6	270
1	20
1	5
25	100
0	71
14	199
0	292
5	268
0	70
0	196
0	105
0	88
2	77
1	1
24	490
0	465
0	466
3	169
0	181
0	99
0	519
0	506
0	100
0	118
0	394
1	456
1	84
0	92
0	93
0	102
0	70
4	59
0	60
0	0
6	3342
101	3398
0	172
0	155
1	59
1	300
0	133
1	70
0	83
2	71
0	55
0	4
0	296
30	14
0	14
2	12
73	1936
7	1936
29	1032
1	81
5	53
0	2
0	24
0	24
0	3
0	19
0	1
0	6
0	0
0	0
0	6
0	0
0	21
0	21
0	22
0	2
0	1
0	1
0	2
0	2
0	2
2	54
425	326
1	315
4	1402
1	1109
8	1414
2	943
0	114
0	107
0	42
0	31
0	10
0	7
3	8
0	242
2	242
6	242
0	44
615	190
0	173
2	71
0	17
39	2125
6	2289
0	1884
0	2459
7	2308
0	2330
16	1654
1	747
2	448
3	232
0	0
23	252
0	224
3	247
0	43
2	197
0	25
8	26
0	0
0	0
1	0
0	435
1	391
0	378
0	452
0	394
0	229
0	143
0	96
0	165
6	29
0	102
0	73
2	61
3	39
1	94
0	401
0	289
0	303
0	27
0	209
2	235
13	60
1	364
0	351
0	341
0	270
0	266
0	238
1	220
0	182
0	80
1	44
0	80
1	56
0	53
0	35
0	24
0	55
0	18
0	33
0	32
0	31
0	16
0	16
0	7
312	180
3	26
0	42
2	120
0	6
0	52
5	61
0	42
0	23
1	27
0	29
0	3
2	1
4	6
0	9
0	6
0	0
0	0
3	1475
0	1374
0	1452
0	1392
0	315
0	1345
15	125
1	251
3	1233
4	37
0	968
9	134
0	116
4	742
1	182
1	211
1	155
6	61
0	284
2	63
0	76
0	122
0	329
5	166
0	261
0	187
0	231
0	228
0	224
0	151
0	199
2	148
2	83
0	176
0	0
0	19
5	110
0	132
0	134
0	86
0	50
0	14
0	0
0	0
214	0
0	848
31	764
0	717
0	362
0	155
0	98
1	76
0	75
0	29
0	0
0	0
0	0
53	2700
2	2688
2	142
0	216
0	492
0	256
0	56
0	1
0	0
0	0
0	0
0	0
0	0
0	0
9	73
598	272
0	35
0	63
20	94
59	76
1	31
0	31
1	31
1	37
0	30
127	127
4	129
0	46
0	10
0	19
0	50
0	25
0	22
0	22
0	1
0	15
0	25
0	16
0	29
0	31
0	32
0	5
0	34
0	7
0	7
363	78
0	44
0	30
0	16
0	16
0	0
1	105
0	126
2	10
1	34
0	3
1	48
2	0
3	2
0	126
157	886
0	180
4	266
0	306
2	37
1	91
2	102
0	917
288	0
0	0
0	0
0	0
0	0
0	0
0	0
0	0
0	0
0	0
0	0
0	0
0	628
0	28
0	231
0	354
0	634
0	381
0	113
0	50
1	0
6	45
0	576
0	59
1	43
1	12
0	293
0	75
0	61
0	61
0	71
0	42
0	36
0	18
0	15
0	0
0	282
23	208
3	208
1	24
0	14
5	24
0	260
0	165
0	188
5	68
0	1712
1	1871
1	81
0	24
0	1871
0	43
373	53
1	53
0	0
11	3
0	1
0	0
0	1
430	13
1	13
4	0
0	1
0	1
0	0
0	0
0	0
0	0
0	1
0	0
0	1
0	1
0	0
0	0
0	1
0	1
0	0
0	0
0	0
0	0
0	0
0	693
0	617
0	173
0	172
0	70
0	458
0	138
0	125
0	185
3	277
0	463
3	410
2	456
0	395
0	140
0	98
6	75
1	410
0	371
0	360
0	263
3	14
0	459
2	0
0	0
0	0
0	0
0	0
0	0
0	0
0	26
0	13
0	52
161	92
0	19
0	0
0	0
0	0
0	0
0	0
0	0
0	0
0	0
0	1
0	1
0	0
0	1
0	0
0	0
0	0
0	0
0	0
0	0
1	8
0	32
0	0
112	0
0	585
0	637
0	630
0	327
0	372
3	117
1	63
0	43
0	50
0	18
8	0
0	56
0	0
490	316
14	114
0	91
0	41
0	56
0	71
2	42
0	29
0	0
0	0
1	154
0	144
0	131
0	112
0	111
0	39
0	5
0	11
0	11
0	5
0	0
0	3
0	8
0	135
1	757
17	390
33	1005
0	662
0	1624
3	1411
3	1411
0	1411
0	1332
0	1411
0	1671
0	240
0	0
0	0
0	0
0	0
1	0
0	0
0	2
0	2
16	60
4	60
1	8
40	68
0	2
0	6
0	31
0	14
0	3
0	37
4	1
0	0
0	0
0	0
0	0
0	103
0	742
0	446
0	732
0	403
0	1
0	402
0	518
0	5414
0	5642
0	401
2	2
0	113
0	5416
0	4
0	646
0	747
0	393
0	1591
0	5412
0	5273
0	494
0	767
16	244
0	809
0	5620
0	1
0	1
0	0
0	0
0	0
0	0
0	0
0	0
3	0
11	221
0	10
0	22
1	190
0	28
1	8
0	8
0	17
19	802
28	620
3	317
0	122
10	441
1	210
3	147
0	159
0	3
0	3
0	4
0	4
0	4
0	2
0	2
0	2
0	2
0	0
0	2
0	1
0	0
0	0
0	0
0	0
0	0
0	0
0	0
0	20
8	58
0	23
0	54
0	37
0	5
4	5
0	1
0	4
0	0
0	0
0	0
0	357
0	7
0	116
52	19900
9	17834
3	3466
1	19687
1	16684
1	5322
15	2372
8	8521
7	3580
0	8989
1	5419
14	6205
0	5288
8	5316
0	1814
0	1093
0	0
0	0
7	0
0	0
1	0
0	0
730	0
0	0
0	0
0	0
0	0
0	0
0	0
0	105
3	643
0	575
0	309
0	559
2	549
4	249
0	52
0	414
0	328
0	309
4	93
1	66
0	0
0	0
0	0
0	0
83	153
1	4
1	9
7	140
1	2
4	104
3	24
0	9
0	0
0	0
0	0
0	0
0	0
0	0
0	0
0	0
0	3
2	179
2	178
80	49
0	46
0	45
0	42
0	44
0	42
0	2
0	2
0	3
0	1
0	1
0	1
0	0
0	436
0	464
0	465
1	505
0	492
0	467
0	507
0	367
15	489
0	483
0	481
0	367
0	470
0	371
0	348
0	409
0	444
0	506
0	478
0	488
0	512
0	513
0	505
0	431
0	467
0	506
0	537
0	364
1	324
0	199
0	191
0	444
0	151
0	408
0	301
0	224
0	415
0	187
0	222
0	127
0	372
0	147
0	153
0	273
0	466
0	53
1	456
0	464
0	476
0	266
0	427
0	476
0	484
0	470
0	263
0	310
0	79
0	152
0	54
40	34
1	95
10	250
0	206
1	75
2	177
0	52
0	168
1	50
0	4
0	2
5	3
0	1
0	118
11	192
0	153
0	147
0	145
0	71
0	25
0	25
0	19
0	16
0	16
0	12
0	124
2	101
1	6
0	7
0	106
0	1
0	1
0	0
0	10
18	59
0	14
0	118
0	173
0	29
0	241
0	267
0	53
0	49
9	50
0	96
0	170
0	76
3	66
0	49
0	74
0	24
84	117
0	27
0	5
6	74
1	71
29	0
23	52
0	38
0	43
0	0
0	0
0	112
3	176
0	203
0	142
123	209
0	130
0	183
0	178
0	178
6	176
0	105
0	223
0	1
0	0
0	115
1	0
293	0
0	1110
0	1123
0	1242
3	1230
24	511
25	623
0	27
0	36
0	22
0	5
1	0
0	354
1	296
0	500
1	241
0	208
8	30
0	35
104	35
2	0
320	763
0	694
0	65
0	630
2	196
0	22
0	0
0	0
0	0
471	238
1	87
1	54
1	151
28	1394
2	344
5	948
6	617
2	1218
1	925
0	8
0	2
0	10
0	16
0	9
0	2
0	11
0	1
0	15
0	17
0	452
1	442
0	140
0	160
0	144
0	42
0	262
0	676
4	721
0	136
0	16
0	106
6	234
0	165
2	31
0	181
0	7
1	31
1	15
1	51
2	39
0	31
0	707
0	171
0	85
0	188
0	135
0	51
1	188
0	4
0	20
0	22
0	21
0	22
0	16
0	2
0	4
0	8
0	0
0	0
0	0
0	0
0	0
0	0
0	0
0	0
0	17
0	0
0	4
0	4
0	17
0	13
0	13
0	2
0	0
0	0
0	0
0	13
0	0
0	2
0	1
0	1
0	1
0	1
0	12
0	1
0	0
0	0
0	1
0	0
0	12
2	0
0	0
0	12
0	0
0	15
0	15
1	0
0	12
0	15
0	13
0	13
0	12
2	155
126	210
1	31
2	1
0	12
0	17
1	10
2	24
0	12
0	7
0	10
2	5
0	2
0	131
44	642
0	59
0	35
0	24
2	47
0	642
0	11
0	2
0	3
3	6
0	3
0	11
0	0
0	8
0	8
1	4
0	3
0	0
0	0
0	0
1	0
0	0
0	0
0	0
0	0
178	0
0	264
0	35
0	282
0	272
0	310
0	13
0	254
0	17
0	271
0	16
0	29
0	1
0	307
0	184
0	192
0	169
0	19
0	305
0	301
0	173
0	36
0	7
0	41
0	0
0	2
1	25
1	1
1	25
1	40
2	0
0	0
0	0
7	491
7	488
0	504
0	504
0	513
0	67
0	254
1	47
0	71
5	73
2	68
1	8
0	493
0	484
9	470
0	484
0	496
6	28
10	21
27	17
0	74
0	70
0	21
0	13
0	206
0	22
0	26
0	178
26	137
0	170
0	22
0	409
0	509
0	509
1	499
5	462
1	496
0	421
0	312
0	138
0	157
0	101
1	0
1	47
1	49
0	58
1	18
2	0
18	0
0	68
179	181
13	106
0	14
0	181
4	29
0	156
0	25
0	181
0	22
3	93
0	176
0	32
0	61
0	0
0	161
1	3
0	33
0	28
0	23
0	50
0	35
0	63
0	23
0	52
0	8
2	54
0	52
0	23
0	0
0	178
0	190
1	184
19	70
11	79
15	87
1	23
1	29
8	36
0	31
0	0
0	0
0	0
0	0
0	0
0	0
0	0
0	0
0	0
0	0
0	0
0	0
0	0
0	0
0	0
0	0
0	0
0	0
0	0
2	166
1	166
1	46
0	1494
0	1862
0	1961
3	1047
0	1865
33	1321
2	1790
3	861
2	1280
0	1239
10	293
0	540
0	466
0	612
0	474
6	8
1	127
1	125
0	125
0	20
0	2
1	0
115	19
7	19
0	0
0	0
0	0
0	0
0	0
0	10
0	0
0	171
0	24
0	152
0	73
0	92
12	42
0	63
0	62
1	29
293	417
44	417
366	17479
4	17473
9	17452
0	17477
0	294
0	21
0	11
0	102
0	18
20	300
0	1
0	109
0	77
9	649
0	629
3	564
0	575
0	485
0	7
0	26
0	23
1	6
0	11
0	7
0	7
0	6
0	5
0	4
0	0
0	2
0	1
0	1
2	2
0	2
92	123
0	77
0	119
1	115
0	117
0	81
0	5
0	0
0	198
0	92
1	349
0	233
0	188
0	164
0	48
0	15
0	0
0	0
0	0
1	179
0	460
112	547
1	280
1	331
0	22
0	4
0	31
1	138
0	173
0	125
0	3
0	28
0	172
0	0
0	0
0	3
0	3
0	2
0	0
0	0
0	0
1	0
0	0
0	0
0	0
75	85
0	18
0	37
0	12
0	20
0	14
0	51
0	0
0	30
0	23
0	0
0	0
0	2
0	2
0	0
0	0
0	0
0	2
0	66
0	60
0	69
0	62
0	65
700	18
0	18
0	671
0	670
0	668
0	360
3	39
0	242
0	666
0	68
0	171
0	14
0	4
0	19
0	663
0	1427
6	5464
38	4879
36	297
0	904
0	766
0	1130
14	1585
1	1293
1	3039
7	782
10	945
0	411
2	1175
240	52
0	25
1	50
1	183
0	160
0	139
0	163
1	16
0	64
0	16
0	25
0	43
0	22
0	22
0	11
0	15
1	7
0	940
26	165
3	35
0	216
32	940
0	326
0	314
0	822
0	875
2	902
0	152
0	892
0	1
0	0
0	0
0	0
0	0
0	0
0	0
0	0
0	0
332	260
2	119
0	160
0	34
0	138
0	99
2	99
0	130
0	116
1	109
3	29
0	56
0	29
0	21
0	1
0	0
0	1
0	1
0	1
0	1
271	456
32	357
0	331
0	53
155	53
0	65
2	59
1	487
0	392
0	402
0	470
1	58
1	321
0	353
0	36
82	0
0	0
0	0
0	0
0	0
0	0
0	0
0	0
0	0
0	0
0	0
0	0
0	56
0	16
0	26
0	52
129	145
0	133
1	40
1	1
0	3
0	18
0	29
0	14
0	14
58	286
0	75
0	117
0	118
0	155
0	135
0	68
0	161
0	5
0	5
0	5
0	0
0	8
0	99
0	50
0	3
0	0
0	0
0	0
6	0
106	0
4	0
5	0
6	4
78	46
0	0
0	7
0	6
1	0
0	0
0	0
0	0
0	3
0	19
0	13
0	10
0	4
1	1
22	2916
0	3409
15	3317
0	2990
1	2863
4	64
11	617
0	200
1	106
0	184
2	321
0	113
3	118
0	185
2	143
0	129
0	201
0	5
0	9
0	11
0	17
1	25
0	15
0	4
0	4
0	4
0	8
0	1
7	0
5	0
1	1
59	0
818	0
208	180
0	140
0	69
0	149
0	20
1	2
0	2
0	1
0	1
0	0
0	0
0	0
0	0
0	824
0	831
0	847
0	887
0	863
0	856
0	819
0	801
0	852
5	763
1	825
0	705
0	356
0	222
0	722
0	154
1	147
1	111
0	74
0	3
1	20
0	20
0	58
0	51
0	70
0	413
0	41
3	307
0	398
0	334
0	187
0	152
0	11
0	34
0	28
0	42
0	27
0	20
0	10
0	5
0	0
0	0
0	0
0	0
0	0
0	0
0	1
0	1
0	1
0	404
1	11
0	11
0	2
0	1
1	89
194	121
0	32
1	32
3	27
0	6
0	5
0	7
0	1
0	1
0	27
0	26
0	1
9	1
0	0
0	0
0	0
0	0
0	0
0	0
0	0
0	0
0	0
0	0
0	14
2	7
0	11
0	9
0	6
1509	1169
0	273
0	466
0	335
1	177
0	93
1	179
0	256
0	204
0	80
1	531
1	166
0	377
9	508
0	142
0	149
0	213
1	305
7	205
712	751
0	182
0	572
0	512
3	133
1	236
0	235
1	117
0	117
110	1012
0	844
9	1011
0	1021
0	987
0	663
0	248
0	163
2	42
0	102
0	390
0	153
0	236
0	79
2	130
0	109
0	107
0	123
0	161
12	187
0	89
0	161
0	148
0	115
0	114
0	86
0	68
0	70
0	59
1	98
0	49
0	43
4	0
0	0
0	0
0	0
0	53
278	531
1	119
0	125
0	0
0	0
0	0
0	0
546	0
0	3
0	2
0	3
30	2
1	0
0	0
0	2
0	0
82	30
1	30
0	0
50	0
0	0
0	0
0	0
149	193
0	189
0	90
0	53
0	34
0	17
1	7
0	49
1	49
0	15
0	11
0	3
0	0
50	68
0	7
1	64
0	72
0	22
1	10
0	9
0	8
35	16
0	61
48	347
1	125
1	74
0	35
1	270
0	59
0	109
0	258
5	326
0	54
0	64
1	292
0	74
0	59
0	35
0	75
0	96
0	343
0	97
0	36
0	81
5	244
2	217
0	233
0	207
0	76
1	52
0	63
1	51
2	1093
1	81
0	688
0	90
0	56
0	336
2	32
59	1007
1	51
0	82
13	602
0	81
0	180
0	74
0	0
3	58
21	272
0	90
4	12
1	188
8	183
11	110
0	94
0	90
0	571
0	1310
0	308
0	363
1	373
0	33
0	387
0	276
0	1302
0	1269
0	1309
0	33
16	1010
0	53
0	1
0	1010
42	20
0	0
0	22
0	14
0	9
14	153
1	151
9	53
2	30
1	14
0	53
0	0
0	0
0	0
0	6
0	5
0	2
1	2
2	656
3	651
0	291
0	497
6	128
11	13
4	238
7	64
1	55
0	669
0	112
0	85
0	205
0	67
0	647
6	93
1	82
0	16
3	152
0	78
3	1
0	0
0	1
1	87
0	75
0	87
349	87
0	16
0	25
0	23
0	40
2	41
0	17
0	10
0	13
0	52
4	37
0	26
0	16
0	7
0	9
0	0
0	0
0	23
0	9
0	22
0	0
0	0
0	0
5	410
0	394
0	409
2	21
0	16
0	7
0	29
1	0
0	13
1	35
0	38
0	16
0	19
0	1109
1	781
0	841
0	46
29	951
0	97
1	52
0	24
0	188
0	66
0	1109
0	90
15	163
0	163
0	1
0	10
0	4
0	1
0	1
0	68
0	72
0	12
0	0
0	9
0	14
0	6
0	11
0	10
0	6
0	74
0	44
8	487
2	19
0	37
2	263
0	19
0	19
0	24
0	48
0	285
0	262
1	492
0	6
0	165
0	29
10	177
0	17
0	17
0	13
104	512
1	485
7	489
0	502
10	117
2	38
0	63
0	72
190	105
5	33
0	33
1	51
1	26
0	0
0	167
0	165
1	46
0	57
0	9
0	7
0	8
0	10
0	8
0	8
0	5
0	2
0	4
0	4
0	5
0	3
0	4
0	1
0	1
930	216
7	77
4	138
0	1
0	1
0	1
0	0
0	0
0	1
0	0
0	0
0	0
0	0
0	1
573	4
2	4
8	67
0	33
0	20
0	0
4	39
0	13
0	2
1	3
1	3
0	2
0	2
64	97
0	30
3	67
1	13
1	19
1	28
4	13
0	3
0	10
1	10
0	442
0	2205
0	405
3	2180
1	7
11	300
6	579
60	2095
1	278
0	309
4	502
65	321
0	22
4	94
2	91
2	94
16	18
1367	1610
53	1260
3	350
18	1789
13	1673
0	1726
0	142
0	477
1	57
0	0
2	372
1	62
393	50
0	50
0	64
5	0
0	64
699	2055
0	1459
0	2055
0	21
0	21
0	0
0	1
1	0
0	0
0	21
7	107
1	94
3	31
1	51
0	0
0	15
0	2
175	271
0	182
0	197
1	124
0	24
0	75
0	0
5	0
0	0
0	0
1	0
1	155
6	155
0	14
47	42
0	10
0	32
38	0
15	6
0	6
0	167
0	167
0	96
0	162
0	7
0	6
0	7
0	0
0	12
0	6
0	6
0	5
0	7
0	8
0	3
0	2
0	3
0	6
0	3
0	3
0	6
0	5
0	6
0	6
0	2
0	1
0	2
0	0
0	1
0	2
0	1
0	0
0	2
0	1
0	1
0	0
117	112
2	93
0	89
0	71
2	61
0	52
0	47
0	28
3	7
0	43
1	47
1	38
2	36
0	0
0	0
0	346
5	374
0	368
0	349
2	367
0	262
0	54
0	70
1	54
0	36
0	63
0	19
0	108
0	32
8	28
0	28
0	13
0	3
1	16
0	663
0	46
8	200
1	159
2	161
0	110
1	90
0	82
6	67
0	60
12	36
61	4
0	1
0	1045
29	1103
2	28
1	44
0	14
3	975
0	674
0	39
0	74
9	554
0	3
0	56
1	12
5	664
3	499
0	103
0	33
0	31
0	105
160	563
0	563
0	84
0	137
0	223
0	138
2	295
8	261
2	588
0	870
1	664
0	155
1	824
3	652
0	28
1	561
1	347
9	822
0	553
0	39
0	653
0	148
0	67
0	209
0	794
0	263
0	151
1	13
1	221
2	396
15	789
0	30
0	100
0	0
0	0
23	1081
16	1071
0	177
0	189
0	205
1	147
17	421
0	27
10	374
0	309
0	81
0	6
0	42
0	17
0	53
0	291
5	53
2	225
3	133
6	206
2	2
0	19
0	19
0	19
0	10
0	4
0	1
0	0
0	1
0	0
0	19
0	0
1	0
0	0
0	0
0	0
0	0
0	0
31	7
61	2444
0	128
0	1356
4	2427
0	1499
0	239
0	61
6	383
115	162
0	74
0	162
0	0
0	0
0	0
0	0
0	0
0	0
0	0
0	10
3	626
0	646
0	742
0	2
0	16
2	707
259	0
0	496
22	207
0	204
0	78
1	33
1	0
0	29
0	480
0	507
0	23
0	22
2	13
0	2
0	9
0	5
10	14
0	10
0	11
0	0
0	0
0	0
0	0
0	0
0	0
0	0
0	0
0	0
0	0
9	0
1	57
0	1062
0	905
124	1062
0	23
5	790
3	80
13	19
0	0
1	1667
2	108
1	351
0	1171
0	1695
0	1533
0	401
0	277
0	1419
0	1373
3	88
0	291
0	616
2	319
0	239
0	174
0	361
0	499
0	241
0	338
0	337
0	374
0	177
0	237
0	151
0	1
0	89
0	49
0	15
21	108
0	18
0	55
0	4
0	4
0	0
0	12
0	12
0	1
0	5
0	5
1	5
0	12
0	3
0	15
0	106
0	332
2	335
0	365
0	356
0	139
0	222
4	37
1	77
0	61
0	62
0	64
0	61
1	15
16	7
14	15
0	10
0	10
0	365
0	0
507	0
0	397
2	643
8	602
0	115
6	32
143	274
0	159
0	143
0	0
0	0
0	0
0	0
2	2
0	0
0	0
0	0
0	0
0	2
0	12
4	12
0	14
1	264
37	275
1	47
0	7
0	2
0	2
0	2
0	7
0	2
0	2
0	0
0	3
0	5
0	3
0	7
0	602
0	545
1	497
0	424
0	24
1	37
0	9
2	138
4	149
1	95
0	98
2	91
24	157
1	8
1	69
0	1027
23	1004
0	99
0	122
0	49
2	65
0	127
0	139
2	194
25	78
16	665
58	599
0	829
0	783
4	237
1	616
1	484
0	165
0	137
0	36
0	109
28	212
0	148
0	129
0	0
0	109
0	188
0	182
0	10
1	1
0	6
0	7
0	8
0	109
0	12
0	19
0	22
0	0
4	736
0	704
0	114
0	293
0	119
0	71
0	75
0	74
0	74
0	61
0	57
1	25
0	7
5	3
0	5
0	14
0	16
0	2
0	14
0	14
0	18
1	4
0	13
0	13
29	275
0	267
0	225
0	26
0	128
12	0
0	123
1	14
4	11
0	146
0	131
0	100
0	95
1	15
0	71
92	737
3	700
0	486
0	647
0	72
0	19
0	25
0	32
0	6
0	13
0	1
0	1
0	0
0	0
0	0
0	0
11	1188
0	1198
0	1188
1	960
0	1187
1	750
2	446
0	549
0	545
0	541
0	529
0	414
0	319
0	115
0	1
0	1
0	0
0	1
0	0
0	7
0	7
0	7
0	7
0	7
0	7
0	4
0	4
0	4
0	3
0	1
0	1
0	1
0	1
0	0
0	0
0	0
0	0
1	0
0	0
0	0
0	0
0	35
0	27
47	294
0	228
0	31
11	15
2	9
0	279
1	233
0	110
0	205
10	0
0	3
0	1
0	1
0	67
1	67
0	66
0	67
3	217
67	75
0	75
0	4
0	0
0	0
0	0
0	3
0	0
0	4
0	4
0	3
0	4
104	465
3	457
2	91
5	15
14	15
0	0
0	0
0	0
0	0
0	0
0	0
2	6
0	6
64	21
5	8
0	13
0	14
0	15
0	14
0	7
0	8
2	30
0	27
3	25
6	12
13	1142
50	350
0	103
0	163
0	103
0	115
23	1380
9	154
0	116
0	149
2	238
0	267
9	56
11	76
0	209
1	97
0	126
13	134
0	37
67	279
2	99
0	256
0	163
11	85
0	238
0	2
1	30
0	11
0	6
7	31
0	5
0	2
0	0
1	1
0	89
0	141
0	134
0	148
0	80
0	163
0	150
0	51
0	23
0	15
0	161
0	135
0	151
0	153
0	138
0	121
0	109
0	161
0	106
0	154
0	136
0	146
0	128
0	87
0	136
0	100
0	134
0	102
0	124
0	142
0	154
0	137
0	146
0	121
0	136
0	137
0	125
0	150
0	130
0	109
0	109
0	122
0	140
0	133
0	134
0	151
0	141
0	130
0	125
0	132
0	136
1	12
0	129
0	136
0	123
0	138
0	145
0	157
0	123
0	129
0	125
0	129
0	136
0	112
2	96
0	110
0	131
0	128
0	92
0	120
0	135
0	109
0	109
0	23
2	89
0	128
0	125
0	137
0	116
0	53
4	128
0	126
0	129
0	114
0	77
0	43
0	62
0	51
0	38
0	58
0	49
0	46
0	28
0	16
2	2
0	6
0	16
0	8
4	721
624	1498
0	1190
0	22
4	38
0	54
0	45
0	27
0	27
0	17
0	12
0	8
1	135
291	155
0	30
3	26
0	9
0	9
0	2
0	1
0	0
0	2
0	2
0	0
0	0
16	371
20	554
0	567
0	573
1	369
4	222
1	121
10	106
0	0
0	0
0	0
0	0
0	0
0	0
0	0
0	0
0	0
0	0
0	0
0	0
2	10
0	1
2	61
1	1
0	1
0	2
0	2
0	6
0	2
0	61
52	1440
0	1440
10	57
0	105
5	72
0	64
0	114
0	156
12	50
1	29
0	136
0	39
0	40
0	4
0	5
0	3
17	0
0	0
1	132
0	591
0	593
0	593
0	51
0	8
0	3
0	20
0	8
0	10
0	593
0	593
0	51
56	1
1	1
0	2
0	2
0	2
0	2
0	2
0	1
0	1
0	1
0	0
0	0
0	2
0	26
11	86
0	5
5	79
0	15
0	48
0	37
0	8
4	13
359	23
0	4
0	21
0	11
1	1
2	3
0	3
1	4
1	1
0	1
0	0
0	152
0	143
1	49
0	41
17	92
1	128
0	158
0	83
1	48
0	50
0	4
0	27
0	12
0	156
0	1329
0	1310
3	544
0	1310
7	486
0	1244
3	1150
0	450
1	146
1	192
4	194
0	0
0	0
1	10
0	7
1	86
4	91
0	198
0	607
0	606
0	597
0	251
0	0
0	0
0	0
0	0
0	0
0	0
0	0
0	0
0	0
0	0
82	655
0	692
0	778
0	258
0	66
0	116
2	77
0	166
1	152
0	21
0	96
1	58
0	77
0	57
0	175
0	252
0	228
1	157
0	197
0	125
0	202
0	120
0	164
0	127
0	70
0	113
1	64
0	34
1	729
0	2
0	0
0	0
0	0
0	0
0	0
0	0
0	0
51	0
0	672
0	650
0	44
0	476
0	43
0	44
0	0
0	173
1	168
10	0
0	0
0	0
0	0
42	86
0	86
0	78
0	11
2	62
0	1
0	0
0	89
5	143
309	143
4	412
0	365
0	283
0	96
0	72
0	22
1	15
0	1
0	1
0	0
0	1
0	1
0	1
0	1
0	0
0	0
0	52
72	130
0	0
0	34
0	28
0	16
0	15
0	13
0	14
0	16
4	224
0	238
3	190
0	214
0	63
0	132
0	89
0	83
0	58
2	41
0	24
116	0
2	0
0	0
0	0
10	84
0	9
0	117
7	603
0	151
0	603
6	610
0	106
0	96
0	114
0	103
0	94
0	98
0	282
19	364
0	385
6	286
0	150
4	111
0	92
0	0
0	0
0	0
0	0
0	0
0	0
0	0
0	0
0	0
0	0
0	0
0	0
116	2751
0	2386
24	798
0	1651
12	1328
0	1194
0	186
2	851
3	600
1	412
0	0
0	53
0	606
0	632
1	604
0	70
0	345
0	65
0	49
3	319
0	144
0	77
0	32
0	144
0	144
0	142
0	343
0	132
4	327
17	317
0	300
0	256
0	217
0	120
4	176
0	177
3	96
2	26
184	17
0	17
1183	453
1	66
1	12
0	293
0	45
1	0
7	221
2	190
1	68
0	92
0	13
0	0
0	54
0	54
31	1800
2	1241
35	158
46	1246
12	1088
0	0
22	1242
3	278
1	1054
0	523
1	0
0	0
0	0
1	0
0	1
0	0
0	1
305	122
1	0
0	8
0	2
1	20
0	3
0	16
0	35
0	18
0	10
1	21
1	16
544	249
0	63
0	244
9	14
248	115
1	80
0	40
3	37
0	36
0	0
0	0
327	47
0	47
0	107
9	136
0	114
0	110
0	16
0	444
485	838
1	315
0	838
18	160
2	121
0	104
0	11
0	11
1	8
3	5
3	6
2	6
0	0
0	5
0	5
0	5
1	6
0	5
0	8
0	20
0	23
0	24
0	22
0	1
0	0
56	105
0	105
0	82
0	56
0	21
0	5
840	296
0	296
2	117
0	728
36	691
0	736
1	259
0	468
8	222
0	641
0	136
1	96
0	87
0	228
1	58
3	35
0	44
2	136
8	173
1	100
0	94
0	70
0	77
0	37
0	16
0	218
0	291
0	130
0	261
9	114
4	114
0	0
1367	5703
0	94
1	854
1	3313
3	5463
12	3361
0	0
0	0
1752	285
2	87
5	198
0	0
0	0
17	7
0	2
1	2
4	5
1	37
3	37
0	2
30	2
0	2
1	74
0	67
0	63
0	63
0	58
0	11
0	17
0	17
0	12
0	8
0	11
0	1
0	10
0	14
0	7
0	10
0	4
0	5
0	7
0	7
1	6
0	0
0	0
0	0
0	0
0	13
0	21
0	0
0	0
745	36
4	39
0	3
0	343
3	304
1	325
1	319
3	81
0	239
1	8
0	1
17	0
0	504
0	496
3	146
0	148
31	54
0	504
117	167
2	156
0	18
7	15
0	128
0	99
0	107
1229	1355
3	284
45	477
1	1259
6	22
0	118
1	191
0	63
3	557
0	30
0	554
6	415
12	469
0	556
18	335
0	80
1	496
0	500
0	506
0	254
0	2
0	2
0	1
0	2
0	1
0	1
0	2
0	3
0	2
0	2
0	2
0	1
1	1
0	0
2	166
0	7
0	98
0	9
0	12
1	80
1	23
0	15
0	167
0	0
407	766
0	177
0	82
0	730
0	46
0	12
0	691
26	691
0	691
0	465
0	0
602	265
0	265
0	149
0	35
0	208
7	261
0	193
0	4
0	21
4	0
0	39
0	16
0	10
0	5
0	0
0	0
0	0
0	0
0	1
0	0
3	259
0	12
7	12
0	0
0	2
0	2
0	0
211	2671
2	2240
0	2438
12	286
0	0
0	0
0	0
0	0
1	0
0	0
0	0
0	0
0	0
13	44
1	43
0	141
0	150
0	103
0	22
6	2
7	13
1	9
3	0
13	2
0	0
0	2
0	0
0	0
0	1
0	0
0	0
0	0
0	0
0	0
0	2
0	2
0	137
0	158
39	158
0	117
0	89
3	0
0	0
0	168
0	1
0	146
0	138
0	152
0	15
0	82
0	7
2	1
0	14
0	14
0	13
1	0
0	12
0	0
0	1
2	2
0	1
0	2
0	0
0	0
0	0
0	0
0	0
0	0
0	35
2	3
0	35
0	54
0	1
0	8
1	45
14	0
0	0
3	0
3	51
0	4
1	6
0	17
0	24
0	30
0	5
0	29
0	10
0	2
0	7
0	127
0	127
0	124
0	79
1	110
0	117
0	79
1	135
9	138
0	118
0	24
0	82
0	49
0	31
0	45
1	0
0	127
1	488
0	83
1	379
0	174
0	338
3	62
62	968
2	334
1	3
0	106
0	122
0	966
0	125
0	106
0	136
15	1
0	155
1	206
0	60
0	55
1	60
0	41
0	12
0	9
0	6
0	4
0	3
0	2
0	2
0	0
0	0
0	0
0	167
0	110
0	66
0	61
0	62
0	39
0	17
0	14
0	2
0	6
0	6
0	6
0	5
0	4
0	3
0	3
0	3
1	3
0	106
0	53
305	53
113	57
0	63
0	63
0	14
0	0
7	0
12	146
12	30
4	74
0	45
0	0
2	100
0	7
1	95
0	135
0	19
0	0
505	0
83	38
0	38
402	0
1345	313
0	60
0	48
0	60
0	593
0	76
0	615
1	37
0	29
0	42
0	69
0	93
0	60
3	605
0	30
1	90
0	30
9	18
0	40
0	56
0	606
0	533
0	155
0	1103
0	1166
0	264
0	144
0	223
0	1165
0	1088
3	71
4	158
15	275
0	259
1	134
0	326
0	138
2	138
0	216
0	153
0	141
1	117
2	75
0	61
1	549
0	556
0	280
0	25
0	628
0	599
0	303
0	0
0	0
0	0
0	0
0	0
2	309
0	1120
7	969
0	618
2	912
3	418
0	1274
0	722
61	1288
8	107
20	220
1	16
13	609
5	46
5	142
4	655
3	87
6	78
1	792
6	292
4	310
6	69
8	277
0	376
0	228
0	792
4	637
0	532
2	643
0	1074
2	529
0	856
30	910
2	486
0	0
201	224
1	224
20	0
0	0
0	0
0	0
0	0
1	30
0	12
5	30
0	9
1	3
0	3
0	153
0	249
0	141
0	161
0	199
0	101
0	97
0	79
0	73
0	13
0	13
0	25
0	27
1	36
0	36
0	471
0	18
0	451
2	433
0	460
23	1528
4	1408
0	1497
4	1048
0	922
8	14
1	233
47	302
0	198
1	309
0	46
19	308
0	309
5	1067
0	1043
0	499
0	554
0	556
1	136
5	161
1	177
0	21
1	244
0	145
0	108
0	92
0	63
0	58
0	47
0	18
0	17
0	0
0	16
0	23
1	24
0	0
0	30
74	31
0	3
0	6
0	0
0	31
0	16
0	0
0	0
0	0
0	0
0	0
0	0
0	0
0	0
0	0
0	0
0	0
0	0
0	0
0	0
0	0
0	0
0	0
0	0
0	0
0	0
0	0
0	0
0	0
0	0
0	0
0	0
16	2
0	2
0	2
0	1
0	0
0	1
0	1
0	1
0	0
0	0
0	2
1	2
2	0
0	0
0	0
0	108
8	125
1	36
3	65
0	21
0	176
0	166
2	163
0	23
0	20
0	15
0	16
0	5
0	5
0	30
1	2
0	25
0	19
0	48
0	10
0	7
0	9
0	7
199	415
0	405
1	15
1	42
0	47
3	40
0	21
0	24
0	34
2	31
48	222
0	121
2	206
2	0
2	203
0	57
0	172
1	82
0	127
1	3
0	17
0	3
168	0
191	0
0	6
4	11
0	10
0	372
0	309
0	0
0	0
214	485
0	422
2	384
0	305
3	86
0	109
0	67
0	41
2	4436
489	4436
72	1166
1	5
213	5
0	0
7	303
0	0
0	0
0	0
124	0
0	0
0	0
0	8
0	11
0	0
0	0
0	0
0	0
0	0
0	10
0	9
0	6
0	1
0	1
0	0
0	0
0	4
0	0
0	0
0	0
0	0
0	4
0	0
22	351
2	264
0	274
0	247
0	23
1	268
1	24
5	70
0	618
0	526
0	535
0	69
0	116
0	549
0	130
12	127
0	498
0	29
0	605
0	571
6	561
1	561
1	174
0	114
0	116
5	174
0	107
1	134
0	20
0	12
2	4
0	333
0	236
0	345
1	10
0	13
0	31
0	41
0	9
0	5
0	343
0	299
1175	0
8	81
0	73
0	0
0	8
1	8
0	0
81	911
3	68
0	580
0	34
0	859
0	560
0	293
2	132
0	262
18	1919
0	1905
0	1877
0	1844
0	1898
1	1756
0	1798
0	338
11	157
0	0
0	24
0	39
0	18
0	34
7	86
0	76
0	0
0	7
0	6
0	4
0	0
0	0
0	32
0	1
0	0
0	0
0	1
0	0
0	0
0	0
0	0
0	0
5	616
9	644
1	598
1	3
0	524
0	57
0	169
698	763
4	701
0	204
0	216
2	141
0	49
1054	177
0	33
1	51
0	21
0	72
0	0
0	0
0	0
0	3056
0	2
0	0
0	2
0	0
0	2
0	2
76	1208
33	1208
7	267
2	119
14	62
0	18
0	20
0	17
0	21
0	9
1	6
0	20
0	19
0	17
0	21
0	1
0	4
0	3
1	1
0	509
0	3
0	1
0	8
0	0
0	6
0	0
0	5
0	5
0	4
0	0
0	0
0	18
0	3
0	1
0	0
0	0
0	0
0	0
0	18
56	397
33	380
0	169
0	201
1	127
0	196
0	135
0	0
0	0
8	155
2	148
0	90
0	58
14	3
0	74
0	33
0	25
0	25
0	23
0	7
0	21
0	7
0	5
0	1
0	5
0	7
0	1
0	6
0	4
0	4
0	5
0	4
0	5
0	5
0	4
0	4
0	4
0	3
0	3
0	2
0	2
0	2
0	2
0	3
0	2
0	1
0	2
0	1
0	0
0	0
0	0
0	1
0	0
0	0
0	1
0	0
0	0
0	0
0	0
0	73
0	74
0	74
0	73
0	73
0	74
0	74
0	5
0	5
25	177
0	17
0	162
0	107
0	52
0	17
0	63
35	63
0	27
0	641
6	584
18	605
0	606
1	639
0	595
1	41
0	194
1	162
3	55
0	61
0	163
1	78
15	72
0	354
0	1
0	0
0	0
0	443
9	323
0	284
0	192
3	64
0	424
0	160
256	1847
8	70
1	1740
1	68
2	72
1	97
2	44
0	50
0	50
2	25
4	23
24	23
0	65
6	506
0	75
0	510
0	7
0	315
0	169
173	191
2	191
0	0
0	0
0	0
0	37
0	199
0	31
0	96
0	215
0	196
2	202
0	16
0	24
0	74
0	193
0	39
0	45
0	215
0	38
0	21
3	39
19	74
22	0
0	0
0	0
0	0
0	0
0	0
0	0
0	0
0	0
9	0
1167	0
0	1
0	2
0	7
0	2
0	2
0	2
1	0
0	8
0	0
0	2
0	172
0	158
8	42
0	135
0	132
0	59
0	52
0	130
0	128
0	84
0	85
0	25
0	9
0	16
0	13
0	13
0	14
0	0
0	0
0	0
0	0
0	0
0	0
1	0
0	0
0	0
0	0
3	10
0	11
0	3
0	10
0	6
0	4
809	1136
65	1136
9	405
5	187
0	395
2	28
0	49
1	56
0	95
0	253
0	101
0	238
1	209
2	218
0	291
0	126
8	95
0	98
0	144
113	121
0	251
0	186
0	155
0	148
19	143
0	125
0	64
0	34
5	3
0	5
1	52
123	97
0	22
0	48
0	55
0	50
0	48
0	14
8	36
0	288
0	39
3	59
0	79
0	129
0	93
0	241
0	129
0	58
0	35
0	83
0	16
0	48
2	36
6	197
0	0
0	0
0	0
0	0
0	0
0	0
0	0
0	0
0	0
0	0
3	0
0	23
0	24
44	0
0	0
0	1
0	1
1	1
0	0
0	0
0	0
0	0
0	0
0	0
0	0
0	0
176	0
1	771
53	289
0	674
0	788
0	87
0	292
0	557
0	716
0	0
0	0
1	112
0	116
0	28
0	12
0	12
0	12
0	0
1	8
0	25
233	245
1	225
0	0
1	20
0	99
4	94
0	99
3	18
0	3
0	33
0	34
0	5
2	3
0	0
3	1257
0	1325
0	1325
1	1654
0	1622
5	1591
0	1325
0	1325
1	663
7	367
2	387
1	380
0	4
0	0
0	966
4	133
2	43
57	46
30	144
0	13
0	1
0	1
3	321
12	282
0	101
1	43
0	75
3	70
0	56
91	0
5	0
0	0
24	326
339	324
0	84
0	35
6	51
0	45
0	81
0	95
0	84
0	18
1	13
0	28
0	50
0	16
0	37
1	42
0	2
1	20
2	25
1	5
0	0
0	0
0	205
0	22
154	596
10	518
0	0
0	2
0	70
0	704
0	724
0	614
1	157
0	81
0	32
0	127
0	64
0	30
50	92
0	11
0	7
0	1
3	3
0	3
0	0
0	1
0	0
0	10
1	0
0	82
0	0
0	76
0	0
0	1
0	79
0	5
0	9
0	2
1	55
2	1
0	1
0	0
0	0
0	0
0	0
0	0
0	1
0	1
0	0
0	0
0	0
0	0
0	0
0	3
0	3
0	1128
0	1152
95	1143
1	84
0	305
0	305
0	282
1	256
1	103
0	72
5	49
0	0
353	117
0	105
0	102
7	83
0	75
1	16
457	0
0	1265
64	648
1	98
2	1070
2	140
0	36
2	133
0	146
0	115
65	472
2	129
0	97
0	114
0	32
0	1168
0	0
0	0
0	0
0	0
0	0
0	0
0	0
30	406
56	403
0	51
1	3
0	26
0	28
0	174
0	173
0	49
0	26
1	57
2	91
0	173
1	3
0	811
0	377
0	398
1	58
0	49
0	0
0	247
0	0
0	0
0	0
0	517
0	59
0	89
0	0
0	809
0	57
0	0
1	0
0	565
0	244
0	198
1	240
0	69
0	56
0	56
0	194
0	124
0	408
1	59
0	300
0	75
1	61
0	62
0	0
0	101
0	0
0	0
0	96
5	4
0	0
0	0
8	199
0	0
0	258
0	0
1	252
0	0
0	0
0	0
1	71
0	0
0	78
0	0
0	59
0	0
0	0
0	0
0	60
0	5
0	4
0	4
1	19
0	22
1	63
0	56
2	18
2	15
0	0
0	96
0	388
0	362
7	275
0	155
0	11
0	256
0	240
0	183
2	77
2	39
0	412
53	315
0	242
4	402
0	291
0	161
0	165
0	79
0	206
0	42
0	34
0	26
0	13
77	0
389	114
0	108
0	76
13	1136
63	426
0	961
0	924
0	877
0	988
0	664
5	803
0	297
22	77
0	485
37	467
0	501
0	130
12	230
7	157
0	153
0	0
0	0
0	0
0	85
0	0
0	7
0	83
0	2
1	2
12	85
0	11
0	2
0	7
0	4
0	0
0	19
0	82
0	83
0	27
1	0
0	0
0	0
0	0
0	0
0	0
0	402
8	364
0	31
0	187
1	1
0	282
2	43
0	53
510	651
1	651
4	83
2	79
0	81
0	107
322	871
6	175
0	48
0	42
0	18
1	80
0	72
2	205
10	452
0	41
3	2
1	8
0	0
0	0
0	0
0	60
10	76
5	82
0	49
0	5
0	5
0	5
0	5
0	5
0	1
0	0
0	0
0	122
80	142
1	108
0	34
4	39
0	14
4	21
1	9
0	0
15	72
1	8
5	10
0	30
56	192
0	62
1	93
1	142
1	52
0	48
0	42
6	14
0	0
0	14
1	181
0	180
0	14
0	22
0	18
0	18
0	18
0	17
0	12
0	0
88	12
0	0
1	12
2	10
0	6
0	0
0	0
0	0
0	0
0	0
1	0
0	0
0	0
41	26
0	26
195	646
13	221
0	221
0	220
1	334
0	3
0	3
0	5
0	3
5	37
0	207
0	30
0	45
0	46
8	221
0	176
0	46
0	0
0	0
0	10
0	10
0	10
0	9
0	9
0	7
0	6
0	3
0	1
0	0
0	0
0	0
0	10
2	230
2	39
0	230
26	179
0	224
0	240
15	221
0	47
1	50
0	41
0	75
0	49
0	15
0	11
0	37
0	10
0	9
0	17
0	43
0	15
0	36
0	51
8	57
0	48
0	51
0	47
0	28
3	23
1	24
1	30
0	30
0	12
3	6
0	6
0	76
305	302
0	52
0	7
0	227
0	0
0	0
0	28
52	169
0	169
0	16
10	17
0	0
0	7
3	9
0	11
0	9
0	570
0	541
0	478
0	551
0	12
2	2451
0	1408
635	1379
0	503
20	1378
1	963
61	330
0	0
0	0
0	0
0	0
54	57
0	0
0	0
0	0
0	0
0	0
0	0
0	0
0	0
0	0
0	0
52	204
44	204
0	0
0	0
0	0
1	0
0	0
0	0
0	0
0	0
0	0
0	0
0	6
2	328
2	328
0	328
0	13
3	32
0	32
0	1
0	4
1	8
0	0
0	17
0	7
0	15
0	16
0	0
0	8
1	6
0	2
0	0
0	2
0	1
0	1
7	617
0	51
12	616
0	95
25	111
0	73
0	20
1	37
3	37
0	109
0	76
1	46
0	26
2	24
1	119
0	46
0	93
0	104
1	88
0	825
0	823
261	586
0	455
0	452
1	451
0	414
0	0
0	0
0	0
29	23
3	23
4	12
0	12
0	435
1	443
0	19
0	36
4	177
27	380
0	32
0	23
0	41
0	442
0	34
1	26
0	20
1	8
0	13
0	11
0	15
0	31
0	34
0	31
154	67
0	67
0	64
0	0
1	0
4	594
2	496
2	49
0	53
34	134
0	28
0	56
0	152
1	71
1	527
0	1
0	0
0	1
0	2
0	3
0	0
0	1
0	0
0	0
0	2
0	3
0	3
1	3
0	1
0	0
0	0
0	0
0	0
0	0
0	0
0	0
0	2570
0	1260
1	510
26	1751
0	1115
0	514
0	1395
165	58
3	21
0	34
2	23
0	1481
137	2989
29	2974
8	67
10	789
2	31
0	384
0	316
0	384
0	210
0	210
1	49
0	19
0	384
32	13
0	0
1	2465
2	585
0	2751
3	610
0	113
0	2528
0	715
0	650
2	415
2	875
1	2618
0	743
0	609
0	576
0	2540
0	2208
0	3
0	3
0	5
0	3
0	1
0	0
0	0
0	3
0	3
10	294
0	273
9	295
0	14
0	0
4	117
0	116
0	7
5	8
0	6
282	696
93	577
2	406
10	91
0	75
0	0
4	0
0	0
18	74
0	74
0	16
0	16
0	0
0	44
0	46
10	46
5	930
0	889
1	590
0	591
1	582
0	610
1	102
3	77
2	54
0	0
2	31
0	25
0	0
1	1
29	28
0	28
0	1
0	0
0	0
0	0
0	0
0	275
0	553
4	858
0	858
3	497
0	66
0	66
1	71
2	63
0	9
0	123
0	33
0	897
2	878
1	337
0	340
1	298
0	45
0	42
0	42
0	6
0	196
0	0
1	29
0	16
0	859
0	877
0	4
0	0
0	0
0	0
0	62
0	13
1	297
20	28
1	12
0	276
0	260
0	249
0	28
0	246
4	128
1	26
0	67
0	288
19	11
0	11
0	4
1	2215
0	2428
0	666
0	431
0	404
0	1215
4	336
0	442
0	1148
0	1124
0	673
12	126
3	98
2	1476
30	2311
0	2180
0	296
11	1148
1	1654
9	1026
2	605
0	1499
0	32
0	1696
0	1158
0	1463
0	1328
0	1266
1	1304
2	18
0	1418
7	323
1	496
0	624
0	0
0	0
0	0
0	0
0	0
0	0
0	0
0	129
0	630
0	15
0	457
0	149
1	65
4	574
1	573
0	574
0	0
0	0
0	0
2	36
23	41
0	37
1	0
1	0
0	0
3	0
0	19
0	19
0	18
0	18
0	0
6	282
0	0
0	0
0	0
15	18
1	17
0	3
0	14
0	13
0	3
0	1
0	1
0	0
0	0
5	208
0	222
0	249
0	246
0	102
0	97
0	139
0	136
0	131
0	116
0	102
0	107
0	103
0	107
0	72
0	62
0	72
0	54
0	56
0	43
0	24
0	36
0	45
1	28
0	0
183	7
2	3
0	9
0	0
0	0
1139	1248
0	186
0	447
2	1206
0	491
4	990
1	385
75	46
9	46
0	274
0	275
0	273
0	197
0	221
0	225
0	274
0	265
0	237
0	237
0	220
0	5
0	5
1	315
37	448
1	23
0	24
0	442
73	480
1	108
11	387
17	43
22	39
1	91
7	221
0	103
0	86
0	79
0	61
0	60
1	72
1	132
1	64
3	260
6	269
2	213
0	44
10	78
0	165
0	1
0	1
0	1
0	0
0	1
1	370
9	532
439	532
3	30
1	15
0	162
1	17
0	59
97	196
0	1
0	1
0	0
0	1
0	4
0	4
0	2
5	5
0	2
0	3
0	0
0	0
0	1
2	1
0	0
0	0
0	0
8	1
0	0
0	0
871	0
0	214
5	214
0	17
0	64
39	212
13	212
0	649
0	0
148	179
9	179
0	107
0	53
0	0
4	625
0	598
0	733
0	637
43	472
0	704
0	114
8	88
3	39
0	16
1	111
0	228
0	48
0	25
1	25
0	173
11	393
24	181
0	369
1	149
0	172
0	31
0	0
0	0
0	0
0	272
18	288
38	287
1	236
146	269
0	83
1	269
0	0
0	0
0	0
0	0
0	0
0	0
0	4
0	3
2	4
0	4
0	1
1	0
0	0
0	1
0	0
0	0
107	241
0	0
0	0
0	11
0	0
0	0
0	9
0	0
0	0
0	241
2	133
0	24
0	2
0	0
0	0
0	0
0	650
0	681
3	666
0	685
5	298
0	88
0	56
0	0
0	0
0	0
0	0
0	735
2	863
0	681
1	297
0	191
1	134
1	856
2	9
1	9
3	7
0	0
0	0
0	0
0	3
0	2
0	1
0	1
0	7
0	5
0	6
0	6
0	2
0	1
0	596
0	726
20	726
7	330
1	7
1	18
0	7
3	2
0	1
0	0
0	1
0	1
0	0
0	0
0	0
0	0
0	0
0	0
0	1
0	1
0	1
0	0
0	0
0	0
0	0
0	1
0	1
0	1
27	828
0	92
272	887
0	803
0	831
0	66
0	2
0	2
250	244
0	333
4	382
7	375
278	157
3	144
0	174
0	30
38	20
0	8
0	2
10	24
1	941
0	83
8	1457
2	1447
0	1353
0	56
3	1078
0	392
4	14
4	107
3	35
1	39
42	1914
0	1891
1	1828
8	1720
0	75
0	119
0	9
0	490
6	648
0	20
0	588
2	18
0	0
0	9
0	28
0	2
0	80
0	3
0	2
0	30
0	18
0	28
0	4
0	4
0	4
0	0
0	2
0	12
0	77
0	0
0	60
13	234
0	296
0	351
4	390
0	400
1	367
0	115
0	137
0	161
0	12
0	124
0	140
0	1
0	351
2	391
0	480
3	517
2	508
0	5
1	101
0	199
0	78
0	205
0	8
0	14
1	10
0	21
5	24
0	16
63	1128
0	657
1	152
0	933
0	1015
169	331
0	84
0	13
0	34
0	44
6	230
1	10
0	0
307	272
0	113
0	50
0	156
1	0
0	0
59	348
2	310
0	325
1	12
62	135
2	4
0	135
1	11
1	1
7	5
1	18
0	20
1	250
41	139
0	9
1	9
0	9
23	304
0	50
5	255
0	21
0	48
0	0
0	35
0	2
0	2
1	19
4	17
0	18
0	0
0	0
7	0
8	29
1	29
0	7
0	111
0	362
0	391
2	366
0	366
5	276
0	154
0	211
20	124
0	210
0	202
0	325
0	206
0	142
0	153
0	45
25	185
626	0
39	130
0	124
0	94
3	53
0	99
0	57
2	33
2	17
1	14
0	0
0	0
0	0
0	0
0	0
0	0
0	0
0	0
0	0
0	0
0	0
0	0
0	0
0	0
0	0
0	0
357	41
0	17
0	41
20	164
1	58
0	31
0	18
4	29
0	18
0	58
0	13
5	91
0	11
0	9
0	104
0	17
0	98
1	0
0	104
0	3
74	710
16	507
2	478
0	485
0	142
0	135
0	277
0	77
0	234
0	123
1	186
0	101
0	161
0	140
0	113
0	178
0	166
0	105
0	94
1	63
0	102
0	67
0	58
0	59
0	65
0	138
1	142
2	135
0	9
44	145
0	5241
0	5241
70	4328
11	242
186	2140
0	5236
0	4116
8	5040
7	5039
5	2009
0	12
0	6
10	24
0	11
0	3
0	3
0	10
0	0
0	6
0	28
1	144
198	152
0	32
61	43
3	43
1	1393
48	1393
1	0
0	1
0	1
0	1
0	9
0	3
0	0
0	9
0	6
1	2389
0	4437
0	0
0	0
1	0
50	34
0	34
0	19
0	27
0	14
0	8
0	0
0	0
3	523
3	482
7	498
4	117
3	30
0	0
0	0
2	0
1677	256
1	0
0	129
0	142
0	114
1	115
0	30
0	24
0	28
0	143
1	19
1	19
0	34
0	170
0	127
0	147
0	143
0	166
0	86
0	48
2	60
0	54
4	113
0	135
1	21
1	17
0	44
0	37
0	35
1	36
0	34
0	33
0	23
0	0
0	16
0	7
1	0
2	0
2	0
1	21
0	1
0	1
0	1
0	24
171	93
6	41
0	29
0	4
0	52
0	0
0	0
0	0
0	0
1	0
0	0
0	0
0	0
0	0
0	0
0	0
0	0
0	0
0	0
0	0
0	0
0	0
0	0
0	0
0	0
0	0
0	0
0	0
11	24
0	2
0	2
189	1
0	1
0	0
0	0
0	0
0	7
0	3
0	1
0	2
0	3
1	6
0	0
0	2
0	6
0	3
0	10
0	12
0	1
0	9
0	7
0	2
0	774
0	680
0	590
3	619
1	422
7	406
1	342
0	497
0	537
0	413
1	353
3	182
0	109
1	160
3	56
0	107
0	136
0	74
0	56
0	75
2	69
0	33
0	53
0	62
0	6
0	23
8	23
0	4
1	17
0	17
0	50
0	79
0	141
3	227
15	51
0	217
2	124
0	48
0	111
0	35
1	210
0	79
0	38
0	18
9	74
0	87
0	37
0	22
0	110
0	434
0	0
0	44
0	94
0	404
0	514
1	510
0	393
0	58
0	24
0	9
0	521
1	510
7	73
0	293
0	84
0	57
0	42
0	115
11	0
193	490
6	19
0	422
10	181
3	96
0	38
0	47
14	260
0	40
0	71
0	32
35	48
0	3
0	13
0	42
1	3
0	0
190	93
0	81
6	89
12	59
0	8
70	92
0	83
0	39
0	6
0	5
0	6
0	3
0	7
0	3
0	3
0	1
0	0
0	5
0	5
0	2
0	3
0	3
0	5
2	4
10	301
7	50
0	43
0	6
0	0
0	245
1	580
4	15
0	588
3	664
0	686
2	70
3	673
3	59
0	231
0	165
0	136
0	138
0	137
1	140
0	133
0	10
2	15
2	75
0	8
2	1
0	18
0	7
0	14
0	37
0	28
0	18
0	18
0	155
440	3080
0	112
0	0
5	128
2	39
0	293
34	1170
0	2282
0	139
2	170
0	693
2	693
0	166
0	156
0	164
0	0
0	0
0	0
0	1
0	0
0	0
0	0
0	0
0	0
0	0
0	0
7	0
0	0
0	0
0	0
0	0
0	0
0	0
0	0
0	0
0	0
0	0
0	0
0	0
0	0
11	31
1	17
0	13
0	16
2	15
4	7
0	2
5	113
573	1020
20	554
0	186
0	227
2	107
5	112
0	75
0	81
153	156
0	53
0	122
0	7
1	2
2	3
0	0
0	5
0	5
0	5
1	5
0	1
4	914
0	117
5	835
0	190
0	360
0	70
0	498
0	461
2	19
0	1
0	1
0	1
0	0
16	21
1	21
2	2
0	11
0	11
0	11
0	11
0	0
0	11
0	11
0	234
0	162
0	1
0	0
0	0
0	0
0	1
0	2
0	2
0	2
0	2
0	2
0	1
0	2
0	2
0	1
0	281
0	134
0	134
0	59
1	281
8	8
6	33
1	61
0	61
0	0
0	0
0	1
0	1
0	0
0	0
0	0
0	1
0	0
0	0
0	0
1	88
2	3
0	9
86	116
0	12
1	111
15	104
0	18
0	4
0	34
0	0
0	0
0	0
0	0
0	0
0	0
0	0
0	0
0	0
0	200
0	0
0	0
0	0
0	1
0	1
0	1
0	1
0	1
0	8
0	1
0	1
0	1
0	1
0	0
0	0
0	0
0	0
0	0
0	1
0	1
0	1
0	8
0	1
1	49
1	41
2	49
0	6
10	19
0	8
29	38
0	39
30	20
0	14
0	17
0	164
16	165
0	37
0	8
0	165
0	0
730	28
0	28
42	231
0	231
1	24
0	0
0	0
0	0
10	0
0	106
3	93
14	109
0	38
0	26
1	37
0	25
0	8
0	0
0	0
4	48
34	267
0	193
0	18
0	0
1	134
0	13
2	232
0	157
1	74
3	531
0	538
0	531
0	26
0	15
3	25
3	9
0	15
0	57
0	3
0	14
0	154
0	84
99	152
1	48
0	85
0	7
0	7
0	7
1	5
0	5
0	7
0	7
0	7
0	7
0	5
0	5
0	4
0	7
0	7
0	7
0	2
0	5
0	1
0	6
0	1
0	6
0	0
0	5
0	0
0	3
3	724
0	946
0	908
0	778
0	934
0	1035
1	924
0	802
0	854
0	930
0	929
0	167
0	168
0	928
0	866
0	220
0	379
0	724
10	747
33	915
0	748
0	798
0	336
0	902
0	134
0	253
0	664
3	581
0	641
0	573
0	378
0	131
0	68
0	14
0	0
0	4
217	30
1	30
16	41
0	25
38	907
2	827
2	325
13	296
1	130
0	277
0	80
0	270
0	242
12	240
0	104
0	18
1	49
0	78
0	9
1	83
1	0
111	955
1	954
0	794
1	383
0	275
0	345
14	69
276	445
1	266
1	211
280	77
2	77
0	0
0	0
0	0
0	0
0	0
0	4
0	5
0	3
0	3
0	3
0	3
0	4
0	0
0	4
0	4
0	0
0	1
0	3
0	3
0	0
0	3
0	0
0	1
0	0
2	40
0	46
0	45
0	17
46	35
4	29
7	15
2	15
107	282
1	39
1	66
0	54
0	197
1	23
3	21
38	33
0	40
0	42
1	43
0	14
0	0
0	1
0	1
703	134
6	134
1	23
0	0
0	0
0	0
0	0
0	0
0	0
0	0
0	0
0	0
0	0
0	1
0	511
0	0
0	0
0	0
2	495
0	375
3	131
0	447
0	294
0	99
5	207
0	141
0	19
0	25
0	162
0	0
0	76
2	37
1	13
0	11
0	8
0	5
2	5
0	5
0	5
0	0
0	0
0	10
0	10
0	52
0	10
0	10
0	49
0	0
0	38
0	0
186	147
0	105
8	29
0	108
0	18
44	93
1	26
0	47
0	34
0	31
0	31
0	13
0	20
0	15
0	492
1	195
21	195
0	454
0	471
0	493
0	485
5	148
0	485
0	487
1	491
2	493
0	0
0	0
0	0
0	0
0	0
0	0
0	0
0	0
0	0
0	0
0	0
0	0
0	0
0	0
0	0
0	0
0	0
0	0
0	0
0	0
0	0
0	0
0	0
0	0
0	1554
1	648
0	1568
0	7
0	49
0	122
1	370
0	16
0	50
0	92
0	54
0	43
1	132
0	251
0	581
0	67
0	52
0	0
0	72
0	36
0	77
0	52
0	62
0	57
1	7
1	53
0	20
0	13
0	17
0	8
0	17
1	17
0	7
0	16
0	14
0	1
0	3
0	2
0	0
14	15
0	4
0	4
0	4
0	3
0	1
0	17
971	3456
2	935
0	376
0	217
0	232
0	633
0	2801
68	2575
1	405
1	2042
0	271
0	422
1	230
0	713
1	256
16	1046
1	531
0	308
5	383
0	828
0	14
0	553
0	192
366	266
4	200
0	213
0	107
0	473
2	91
4	618
13	6
0	69
0	476
0	479
4	352
13	9
0	466
8	435
0	0
0	336
0	242
0	373
0	528
0	101
2	13
0	528
2	175
0	502
0	440
0	495
190	174
0	6
0	0
0	39
0	15
0	32
0	22
0	29
0	36
0	9
0	7
0	180
0	0
11	169
0	23
0	40
0	59
0	161
0	33
0	51
0	28
0	57
0	9
0	43
0	66
0	0
0	44
0	78
7	140
0	158
0	158
6	0
0	0
0	0
641	0
0	0
0	0
0	0
0	0
0	0
0	0
0	0
0	0
0	0
0	0
0	0
0	51
2	86
0	487
0	52
0	481
0	34
0	80
1	31
0	465
2	182
1	86
0	26
28	176
0	94
0	88
0	149
0	87
42	153
0	158
1	99
0	83
0	24
0	25
0	13
0	3
0	12
0	1
0	12
1248	1112
11	990
0	40
165	278
0	61
5	27
0	22
8	44
0	54
0	136
0	148
22	228
2	2
0	0
1	0
1	0
1	2
0	33
0	13
1	202
0	202
0	202
0	138
0	89
0	163
7	178
2	100
0	149
1	78
0	34
0	13
9	71
0	0
0	526
43	52
0	15
3	13
0	24
0	98
0	41
0	719
0	253
1	297
0	447
0	31
0	167
0	96
0	230
0	639
16	136
0	2
0	1
0	1
0	1
0	0
0	1
0	0
0	0
0	0
0	0
0	28
0	22
0	28
0	88
0	0
0	0
128	30
0	19
0	11
0	285
0	819
226	54
0	54
0	0
0	0
0	0
0	0
0	0
0	44
0	712
13	878
0	0
0	0
0	41
0	126
1	97
0	35
0	43
1	1
0	19
0	74
2	334
2	27
2	24
0	24
0	124
0	325
0	290
0	162
5	56
0	37
0	298
11	1
0	575
1	592
0	604
0	570
0	610
0	561
0	175
4	131
0	325
0	339
0	314
1	242
1	251
1	133
0	123
0	136
0	133
0	113
0	74
0	73
0	71
3	51
0	40
0	1
0	66
0	47
0	46
3	42
0	20
0	24
0	23
0	16
0	39
1	5614
3	5463
9	5461
0	1285
0	2888
0	2890
1	1322
0	1944
0	1492
0	1759
0	1748
0	1333
13	1415
0	1118
0	1119
0	745
4	536
0	515
0	342
0	170
2	13
0	5602
3	5527
0	162
0	164
0	163
0	162
0	109
0	164
0	12
0	8
0	13
1	14
0	4
0	1
0	0
0	92
0	91
0	0
0	0
0	11
0	9
0	6
0	2
0	259
0	253
1	11
0	5
0	5
0	0
0	254
0	10
0	8
0	9
1	0
0	2
17	170
0	252
0	11
625	0
0	55
58	50
7	38
0	47
0	31
0	39
1	61
0	51
3	39
3	38
0	19
0	17
0	24
0	8
0	13
5	13
3	23
0	12
0	11
1	12
0	6
10	1
1	7
7	10
0	13
0	50
0	2
0	114
0	1173
0	192
1	1214
0	69
0	1136
0	1860
0	858
0	440
0	566
0	568
0	357
0	131
0	494
0	407
0	75
0	295
0	303
0	92
0	300
0	300
0	274
0	883
0	772
2	185
0	9
1	20
0	19
0	6
0	0
0	0
0	1
0	0
0	0
0	2
0	2
0	17
0	17
0	79
146	129
0	16
0	76
0	19
0	24
0	8
0	13
0	13
0	95
0	45
0	34
37	216
0	193
1	42
3	23
0	1
0	1
0	364
0	288
0	290
0	290
0	290
5	0
0	0
0	390
0	1
0	300
1	379
0	0
0	0
0	387
1	390
2	81
0	390
2	769
12	379
0	85
0	1
0	1
0	60
1	71
0	39
0	19
0	29
0	7
0	264
0	351
0	1472
1	568
19	1025
48	1001
2	164
3	990
1	205
1	162
2	307
6	317
0	494
7	308
2	311
0	396
6	306
1	30
0	283
0	3
2	214
0	391
15	4
14	4
0	0
17	243
4	117
0	116
0	230
6	215
2	20
1	23
0	100
0	62
0	47
0	142
0	175
0	422
0	325
0	401
0	411
0	405
0	390
0	227
0	415
6	383
0	388
0	390
0	412
0	423
0	411
0	432
0	411
1	273
0	382
0	422
0	394
0	355
0	205
0	258
0	234
0	257
0	364
0	245
0	329
0	293
0	0
0	0
0	0
0	0
0	0
0	0
0	0
0	0
0	0
0	0
0	0
0	0
0	0
0	0
0	0
0	0
0	0
0	0
0	0
0	6
27	75
1	4
1	75
2	71
1	0
5	132
1	135
2	133
0	1
0	1
0	0
0	0
0	0
0	0
0	0
0	0
1	39
0	76
0	44
26	62
0	0
0	0
1	0
0	0
0	0
0	0
0	0
0	0
0	0
0	0
0	0
0	0
0	0
0	369
0	362
0	319
0	341
0	375
0	306
0	364
4	45
0	346
0	326
0	3
0	310
0	343
0	121
0	283
0	24
0	255
0	12
0	247
0	19
1	15
0	8
0	6
0	12
0	100
0	15
1	44
0	29
1	89
0	8
0	34
3	60
0	0
0	0
0	0
0	0
0	0
0	108
0	323
0	308
0	137
0	277
0	255
0	282
0	132
0	82
1	57
2	106
0	22
0	43
0	28
0	94
0	0
0	0
0	0
0	0
0	0
0	0
0	0
0	0
0	788
11	102
2	41
0	29
1	406
0	101
0	71
2	133
0	754
0	722
0	722
0	377
2	107
0	623
2	14
4	201
0	56
0	17
0	60
44	206
0	59
0	67
0	3
0	0
0	0
0	3
180	22
2	22
0	15
463	0
0	0
0	0
0	0
0	0
0	0
0	0
0	0
0	0
22	274
155	355
0	111
0	41
27	0
1	26
0	0
0	0
0	0
0	0
0	0
2	30
96	249
16	249
0	211
7	178
0	57
330	47
1	39
0	11
0	16
0	11
0	10
0	1
1	19
0	18
0	0
0	2589
0	2613
0	1189
0	1143
0	225
0	999
0	2247
0	2367
1	2355
0	2377
0	2373
0	2405
0	2116
0	1754
1	1836
0	1868
0	1706
0	1547
6	1129
0	1459
2	1411
0	1713
0	1513
7	1800
1	1228
0	1509
0	1514
0	1671
0	1243
1	1144
0	1162
3	658
0	545
0	300
1	381
0	36
0	305
0	354
0	311
0	299
0	88
2	236
0	174
15	41
0	214
2	214
0	122
1	93
1	0
0	257
41	258
0	261
0	6
0	0
2	0
0	654
0	780
0	734
0	140
0	57
2	50
64	169
0	16
0	18
0	34
0	13
1	7
0	18
0	27
2	20
0	16
0	80
1	2
0	6
0	9
0	80
0	2994
0	2979
0	858
0	464
0	2194
0	2994
1	577
1	764
1	2519
10	2657
0	639
1	599
0	1975
0	388
0	416
23	752
85	1929
2	144
1	33
1	35
1	488
2	232
1	63
11	98
15	1004
0	786
0	691
4	782
4	28
28	16
0	13
0	14
0	6
1	3
0	1
0	1
0	1
12	668
35	411
0	78
1	12
0	52
0	102
0	387
9	30
0	13
3	0
2	59
12	47
0	3
0	28
0	87
5	5
2	8
0	77
9	82
0	648
0	662
2	450
0	271
3	319
27	496
1	65
2	41
0	94
0	69
26	549
1	487
3	155
0	17
0	547
0	14
2	153
0	52
0	0
0	0
0	0
300	6
0	6
1	1854
3	2785
0	2517
42	2602
8	2661
0	2701
5	2716
0	2648
0	1420
4	270
6	78
0	974
0	2048
1	2517
0	1730
0	1523
0	1111
0	506
0	0
0	0
0	0
0	0
0	0
0	0
0	0
0	0
0	0
0	0
0	0
0	0
0	0
0	4
0	0
0	4
0	4
0	4
0	0
57	1472
1	89
0	232
0	221
0	1195
0	1346
0	171
1	85
0	54
25	32
0	357
4	10
0	1284
1	0
0	26
0	4
0	0
0	22
1	11
0	26
0	14
0	13
692	77
0	77
834	1549
0	1495
1	293
0	1238
1	271
0	1279
0	564
3	269
0	566
0	136
0	148
2	136
2	192
0	237
0	299
0	142
2	294
0	277
1	14
0	37
22	48
0	42
0	4
0	38
0	37
1	32
0	27
1	26
0	7
0	12
0	1
0	4
0	0
1	2
0	0
7	1
0	204
0	872
36	1321
1	1275
0	86
0	91
0	0
1	73
0	191
2	122
0	200
0	115
0	199
0	38
1	6
3	120
2	144
0	18
0	107
10	110
1	159
0	11
0	18
0	138
0	168
0	21
6	41
0	37
9	4
0	9
1	7
0	0
0	418
58	420
0	38
1	319
3	21
0	62
0	0
0	0
0	0
0	0
0	0
0	1
0	1
0	1
0	0
0	0
79	7
0	126
0	157
0	202
13	43
0	47
2	177
0	140
1	96
0	133
0	98
0	110
1	62
0	93
0	62
0	38
0	0
0	0
0	0
0	0
0	0
0	0
0	0
0	0
0	0
0	0
0	384
3	257
0	1109
0	1171
0	339
0	959
0	978
0	93
25	256
15	234
0	448
0	208
0	363
0	255
11	87
309	44
0	44
0	0
19	88
0	347
0	165
2	153
0	57
307	359
0	18
1	88
0	151
0	53
0	0
0	0
0	406
3	368
0	395
0	113
1	92
0	15
1	244
2	22
0	106
0	47
3	1680
23	1713
0	395
0	348
0	189
0	178
0	76
0	5
0	17
0	19
0	905
3	919
1	5
6	895
24	553
0	0
0	828
16	866
12	2523
20	1392
4	1679
0	2545
3	494
1	2150
1	1611
10	9
25	0
23	840
0	496
1	8
0	14
0	1
0	1
0	0
0	1
304	655
7	190
0	289
2	596
0	34
0	214
0	248
0	185
1	75
0	171
113	172
1	16
6	0
0	27
254	4616
201	2059
0	4313
39	3226
0	4379
0	768
2	2206
0	2584
0	1709
0	1202
0	906
0	798
0	50
0	83
3	36
0	399
0	72
0	356
376	460
38	82
7	1
0	52
0	172
0	240
0	1
0	184
1	108
0	26
0	507
108	773
0	512
0	510
0	489
0	453
2	482
0	507
2	570
6	14
0	37
1	534
18	50
3	1814
2	1602
210	4170
0	1921
0	3389
0	3932
0	3116
0	2423
0	573
0	610
0	248
0	78
2	75
27	13
0	9
0	38
1	9
0	80
2	69
0	64
0	60
0	44
0	3
0	25
0	0
0	6
0	5
10	32
0	61
0	68
0	60
1	0
1	0
27	914
0	749
0	653
0	366
0	487
3	521
3	143
0	370
0	124
1	51
0	0
0	0
0	0
0	0
0	0
0	1
0	1
0	1
0	1
0	0
0	0
0	0
0	0
0	1
1	6
15	312
0	19
0	19
0	314
0	112
0	302
0	0
0	0
0	0
4	51
1	51
0	36
257	36
1	51
0	6
13	6
0	3
0	6
6	321
1	230
0	22
0	33
0	47
0	36
0	17
0	17
0	322
0	322
0	0
0	0
0	0
0	4
0	13
4	1
0	0
33	8
0	516
0	98
3	792
2	717
1	447
1	381
0	110
1	0
0	792
0	534
1	569
0	762
0	474
3	57
6	43
0	34
4	244
5	348
0	303
0	0
0	0
0	0
7	1288
4	481
0	1060
1	1129
1	1230
3	980
1	705
7	186
0	393
0	214
3	189
2	151
0	134
51	186
0	176
0	95
0	0
0	0
0	0
0	0
0	0
0	0
0	0
2	1107
0	1058
0	999
0	1059
0	1023
4	337
10	413
5	413
0	1105
0	1038
0	1049
0	1035
0	1059
0	900
0	1039
0	1072
1	1046
0	1108
0	1048
0	1070
0	1024
1	86
0	971
0	1045
0	1107
0	1077
0	66
2	111
14	788
11	611
3	523
1	71
364	97
7	73
0	25
1	146
45	33
2	0
0	0
0	0
0	0
0	0
1	1
0	1
0	0
44	0
0	181
11	355
11	65
2	378
1	273
0	284
1	284
0	280
4	12
2	6
2	107
1	30
0	12
1	156
0	11
0	158
3	12
0	148
3	35
0	127
0	0
0	0
0	6498
0	6698
1	6181
0	6614
0	2303
21	2216
0	2219
0	1070
2	1042
71	747
0	588
0	485
35	9
9	153
0	45
0	13
0	3
1	0
0	0
0	145
1	2089
0	2241
0	393
0	2052
1	2044
0	2210
0	1526
0	1909
83	975
3	1916
0	2204
1	2105
0	2018
0	2123
0	2064
0	2206
0	1841
0	2204
0	2156
0	2186
0	2115
0	1988
0	2086
0	1920
0	1693
0	1784
1	1747
5	1010
0	1092
0	1090
0	1109
0	902
0	752
0	802
0	641
0	143
0	370
1	379
0	345
0	282
0	0
1	0
67	0
0	930
0	898
2	843
1	471
1	78
1	44
0	4
0	867
0	63
0	87
3	405
1	52
4	70
0	122
3	154
1	71
1	73
0	136
0	321
0	44
1	143
11	141
4	108
0	71
0	18
283	21
0	21
0	1
0	0
0	211
0	213
2	24
0	20
0	18
1	7
4	4
0	0
0	280
0	266
1	241
0	96
5	147
0	234
1	145
18	189
0	38
0	18
0	18
21	10
19	99
0	12
0	36
0	38
0	0
0	0
0	0
0	0
4	283
42	276
1	235
13	121
25	42
11	56
0	34
0	887
27	843
0	804
0	803
0	402
1	371
0	502
0	301
0	184
1	294
0	246
0	55
0	206
0	161
2	117
0	0
0	0
0	0
0	0
0	0
0	0
0	0
0	0
0	35
0	35
0	12
1	5
0	2
0	2
0	0
0	0
8	34
0	27
0	16
0	7
0	0
1	24
5	24
0	6
0	6
0	0
0	4
0	0
0	0
0	0
0	0
0	0
1	4
0	1
0	4
0	1
0	0
0	2
0	0
0	2
0	1
59	538
2	78
1	480
0	0
0	0
0	0
12	0
1	139
1	139
71	139
0	3
0	0
0	0
0	0
0	0
0	0
0	0
0	0
0	0
0	0
77	8
43	2
204	138
6	138
1	0
0	4
16	378
0	315
0	322
0	318
0	177
1	207
0	186
1	216
0	39
10	117
0	102
0	101
2	17
0	52
11	15
0	10
0	11
29	30
0	30
0	0
0	4
0	1
0	1
0	2
0	2
0	7
0	7
0	4
0	0
9	77
0	71
6	50
0	67
0	36
16	13
0	5
0	5
0	11
0	5
1	5
0	75
0	71
87	165
0	125
0	76
0	55
0	80
0	111
0	107
0	107
0	31
0	16
15	2
0	29
0	26
0	0
0	0
0	591
0	215
0	132
0	530
0	84
0	604
0	74
1	192
8	544
9	575
0	744
4	771
3	712
0	363
0	500
1	105
0	73
0	146
1	63
6	37
7	81
0	7
0	701
0	693
0	185
0	188
0	157
2	7
0	188
0	242
0	87
0	105
0	121
4	35
0	66
0	16
0	35
16	57
0	28
1	43
0	0
0	0
0	0
0	0
0	0
0	89
5	55
1	50
372	89
0	5
0	5
6	4
0	4
0	18
253	7477
15	1863
1	1863
15	7370
0	7308
0	2789
3	7358
39	3299
0	0
0	1
0	2
0	0
0	1
0	1
0	0
0	150
0	133
0	157
0	22
0	21
0	18
0	31
0	28
0	4
0	10
0	24
0	9
0	11
0	18
0	15
0	12
0	6
0	9
0	2
5	4
2	3
0	0
0	0
0	0
0	0
0	0
0	0
0	0
29	34
0	17
0	23
0	26
2	19
0	0
0	107
3	310
0	389
2	605
0	656
0	656
2	156
0	582
2	43
0	46
0	125
0	126
0	143
0	142
0	84
0	76
1	65
9	62
0	610
39	328
0	128
11	82
0	154
0	175
0	25
0	183
0	1
0	0
0	0
0	0
0	0
0	1
0	0
0	1
0	1748
0	1434
0	1738
5	1735
14	1766
0	1742
0	397
4	99
3	68
0	246
0	174
0	1336
0	1718
0	105
0	94
0	98
0	167
0	1734
1	1642
0	54
0	50
0	444
27	1598
0	210
19	1128
0	269
2	279
0	33
339	114
0	29
1	20
0	4
1	5
0	0
0	53
0	60
5	5
0	3
0	1
0	1
4	1
0	1
0	5
380	467
1	469
9	373
2	339
0	168
0	26
2	122
3	128
0	0
0	0
0	0
0	0
0	0
0	0
0	2053
2	577
1	608
0	102
6	102
0	88
0	2058
0	862
0	34
0	36
0	2
0	14
0	4
0	29
0	2
1	4
0	2
0	6
0	4
0	2
452	315
1	228
0	132
2	0
1	0
0	0
5	9
64	16
2	16
0	115
0	0
7	122
0	102
0	66
0	59
0	26
0	17
0	18
0	22
1	17
0	16
0	75
0	24
0	76
0	191
0	203
0	338
0	331
0	0
0	57
0	201
0	137
0	266
4	235
3	168
0	96
0	0
0	0
0	0
0	0
0	0
0	0
0	0
0	79
0	10
0	8
0	60
0	19
1	12
0	14
0	14
0	23
0	15
0	15
0	0
0	0
0	0
0	0
0	0
0	0
0	0
0	0
472	20
0	20
9	351
0	93
3	8
0	11
0	2
30	54
5	302
663	124
0	78
0	84
0	20
0	1
0	0
0	157
0	60
0	173
0	41
1	74
1	153
0	16
0	36
0	51
0	78
5	8
12	36
0	26
7	9
0	11
0	2
0	2
0	2
0	2
0	1
0	0
0	0
0	0
0	164
0	90
35	590
0	133
3	152
0	117
1	108
0	1686
0	1686
0	55
0	55
0	0
1	46
0	46
0	110
17	1
0	4
5	1067
0	80
5	865
2	508
1	327
0	183
2	45
0	161
2	177
4	41
193	120
6	10
0	65
0	36
0	44
0	27
2	105
0	92
0	113
0	105
9	9
2	8
1	284
2	485
0	491
1	14
2	13
0	24
0	2
0	36
25	150
0	28
0	151
4	14
0	6
0	3
0	21
0	22
0	22
0	15
0	21
0	21
0	23
0	21
0	24
0	6
0	21
1	23
0	20
0	7
0	33
0	0
0	1
0	31
0	33
0	2
0	2
0	16
2	24
0	1
0	2
0	3
0	4
0	8
0	3
1	16
0	0
0	4
0	3
0	17
1	19
0	1
0	2
0	2
0	2
0	1
0	0
0	0
0	2
0	0
0	0
0	0
0	1
0	0
0	0
0	1
0	1
0	0
0	0
0	0
0	1
0	1
0	0
0	0
0	0
0	2
0	4
0	4
0	4
0	2
2	4
0	4
0	4
982	1066
0	850
0	644
0	540
0	670
1	216
1	37
0	0
0	0
17	224
0	222
0	17
0	88
0	52
0	81
1	76
0	0
106	531
1	482
0	154
0	116
0	75
3	76
0	57
0	60
0	40
0	41
0	30
1	9
0	0
0	0
0	0
0	0
0	0
0	0
0	0
0	0
54	663
10	1688
0	1752
0	1675
0	202
0	780
1	105
0	111
10	0
30	0
0	178
0	840
1216	840
2	1341
0	3232
0	1209
0	3270
0	1773
0	0
0	2
0	0
0	2
0	4
0	7
0	7
0	7
0	0
0	467
6	438
0	343
0	360
0	254
0	193
0	218
3	25
0	65
0	156
3	144
0	153
1	18
9	128
0	73
0	285
0	113
0	33
0	249
0	21
1	145
0	33
6	61
0	1
0	6
0	2
0	8
0	2
0	0
0	8
0	0
0	1
0	8
0	1
0	0
1	0
0	0
0	4
0	7
0	7
0	6
0	4
0	5
0	4
0	2
0	2
0	0
0	0
0	0
0	0
0	0
0	0
0	0
0	0
0	0
0	0
145	47
0	33
1	27
0	0
0	0
0	0
0	0
0	0
1	1
0	1
0	143
0	230
0	248
0	3446
0	2433
0	558
0	146
0	359
0	358
0	394
0	3446
0	2347
0	1994
3	2392
11	447
3	1417
10	517
607	0
0	0
0	0
17	452
10	452
4	424
0	18
0	94
0	2
0	13
0	15
0	13
0	20
0	11
0	25
0	13
0	13
5	13
0	1
0	3
0	2
0	3
0	2
0	2
0	598
26	647
3	129
0	221
2	324
9	62
1	143
7	38
6	33
0	20
0	14
2	33
0	6
0	15
0	0
0	0
1	1
0	1
0	1
0	1
106	109
0	10
0	54
0	102
0	19
0	88
1	0
0	0
36	634
0	535
0	229
8	2
0	2
0	1
0	0
0	0
0	0
0	0
0	0
0	0
0	0
0	0
0	0
0	0
0	0
0	0
1	40
0	39
0	5
0	0
0	18
0	19
0	0
0	8
0	0
4	53
1	53
0	18
0	16
0	47
0	24
0	17
1	14
0	11
0	11
1	187
0	388
1	399
2	52
0	83
0	73
4	74
0	99
0	84
0	66
0	30
0	56
3	171
3	171
0	1
1	1
0	0
0	1
0	81
0	1
0	37
0	0
0	79
0	81
0	5
1	24
0	20
0	23
0	24
0	6
0	3
0	1
1	113
0	114
0	97
0	113
1	139
0	196
3	100
0	205
2	203
1	198
0	240
2	94
0	0
2	62
0	146
0	203
6	2
0	2
18	3787
11	4478
1	2809
98	2565
4	617
0	95
0	0
0	0
344	0
1150	1371
26	1330
0	1009
1	192
2	161
0	161
2	56
0	0
0	0
0	0
0	0
0	0
0	0
0	26
0	668
1	634
3	679
0	718
1	674
0	178
0	605
0	609
0	383
2	198
2	189
0	553
0	478
0	32
0	15
0	422
0	231
0	62
0	47
0	435
5	109
0	183
0	57
0	25
1	82
0	91
4	34
0	592
0	207
9	562
0	521
0	1150
3	1221
0	1153
0	1419
1	555
0	1055
0	1384
0	1317
0	586
0	795
0	101
1	173
0	660
0	729
0	925
0	119
0	230
1	217
1	6
0	70
2	31
3	595
0	137
0	111
0	107
0	177
0	160
0	148
0	121
0	105
0	1350
0	63
3	32
4	150
1	86
0	34
0	33
0	16
0	2
0	0
0	16
1	8
0	8
1	5
0	9
0	0
0	337
2	337
0	0
0	0
0	0
0	0
1	3
0	4
1	0
3	1
0	1
0	0
0	0
0	0
0	1
0	1
0	267
0	270
0	0
0	63
0	0
0	103
0	10
0	10
0	59
0	17
0	8
0	9
0	18
0	431
1	383
0	16
0	111
0	31
0	10
0	4
0	15
1	53
0	76
0	223
0	71
0	6
5	345
0	17
0	23
1	2
0	2
257	1
306	1241
0	72
0	96
0	145
0	217
0	228
0	139
0	244
0	269
0	55
0	22
0	71
0	10
0	139
3	383
0	108
5	26
13	63
0	55
0	4
0	2
0	2
0	2
0	0
0	0
0	0
0	1
0	0
0	0
0	0
0	0
0	0
0	0
0	0
0	0
0	0
0	0
0	0
0	0
0	476
0	7
1	484
0	75
0	68
2	14
0	5
0	18
1	33
0	6
1	18
0	15
20	167
0	13
1	43
0	130
0	17
0	5
0	9
1	429
0	452
0	443
2	267
0	225
0	70
0	435
1	334
0	433
0	291
0	163
9	328
1	366
0	338
0	428
0	423
0	284
0	437
0	6
0	3
0	5
0	6
0	1
0	1
0	0
0	1
0	1
0	1
8	121
1	92
0	121
0	2
0	3
0	0
0	0
0	0
0	0
0	0
0	0
0	0
114	792
0	741
0	537
0	543
0	573
1	520
12	171
0	151
2	108
0	189
0	69
0	82
0	91
0	66
0	33
0	36
0	466
0	349
0	0
0	0
0	0
0	22
0	22
0	494
345	494
3	306
342	183
0	140
0	97
0	146
1	104
0	19
0	32
0	94
0	55
0	0
0	4
0	4
0	0
0	4
0	4
0	4
0	2
0	4
0	4
0	4
0	2
0	2
0	2
0	4
0	2
0	0
0	0
0	0
0	0
0	0
0	0
0	0
0	3
0	541
0	527
0	521
0	44
12	0
402	326
2	83
0	65
0	82
0	10
0	6
0	2
0	3
0	5
0	3
0	0
0	3
0	3
900	23
2	23
0	8
0	7
0	1
0	6
0	6
0	5
0	1
0	1
0	1
0	1
0	0
0	1
0	1
0	0
0	0
0	0
0	0
0	0
0	0
0	0
0	0
0	0
0	0
0	0
0	0
0	0
0	8
0	0
0	0
0	0
0	0
0	0
0	0
0	0
0	0
0	0
0	0
1	60
0	49
0	31
1	56
0	1
0	2
0	2
0	2
0	2
0	1
0	1
0	0
0	0
15	71
346	113
19	42
2	0
179	0
40	256
8	256
125	203
0	10
0	134
1	25
0	7
0	0
70	1567
9	1567
0	1274
1	390
85	286
0	376
1	0
2	1
0	30
0	33
0	29
0	16
0	15
0	8
0	0
3	8
0	8
0	0
57	77
0	67
0	68
1	11
0	26
0	22
0	13
4	3
0	6
3	946
0	924
0	518
0	504
2	554
1	560
4	939
0	412
0	903
1	5
1	552
2	260
1	443
0	0
0	0
0	0
0	0
0	0
0	0
0	0
0	4
0	3
0	4
0	0
0	0
0	0
0	0
0	0
0	0
0	0
0	0
7	4772
0	4175
8	2181
1	4069
11	330
0	3235
5	4563
24	975
0	4771
0	0
0	0
0	0
0	0
0	0
0	0
45	1069
3	206
0	145
2	785
4	269
0	58
14	483
0	258
1	181
0	39
0	48
0	16
83	344
0	41
0	24
1	53
0	39
0	51
0	46
0	59
0	44
1	36
1	219
0	48
2	114
3	197
2	34
1	0
1	41
0	60
0	48
0	61
0	25
0	2
0	0
0	0
0	0
0	0
0	0
0	0
0	0
16	0
0	0
0	0
0	0
0	0
0	0
0	0
0	0
0	790
12	790
2	89
0	0
19	226
0	205
0	210
0	207
19	161
0	203
0	120
0	0
0	0
1	0
0	3
1	54
0	8
0	56
0	30
2	782
0	51
2	779
0	0
1	43
0	780
8	37
0	26
0	24
25	426
0	459
0	246
3	31
1	227
0	11
0	11
0	8
0	4
0	6
0	1128
20	928
0	414
0	81
1	586
0	129
0	127
2	158
0	88
8	30
0	116
0	123
0	151
0	149
19	140
0	79
0	79
0	48
0	48
4	80
188	54
1	39
0	42
0	0
0	0
0	0
0	0
0	0
0	80
1	134
306	475
0	460
0	99
0	87
0	1108
0	1123
0	309
2	255
0	260
0	226
3	0
1	123
0	122
0	63
1	91
0	17
0	10
0	4
0	1123
0	1110
0	306
0	727
0	763
0	734
0	757
0	78
0	95
6	59
0	76
0	44
0	50
0	51
0	41
0	21
4	19
9	30
5	30
0	16
0	8
0	10
0	9
0	17
6	16
0	10
0	7
0	0
28	28
4	28
1	1
442	1024
1	734
3	643
0	648
1	547
0	486
0	290
441	192
1	80
1	121
0	0
0	0
0	0
0	0
0	0
0	0
0	0
0	0
0	0
0	0
0	21
0	21
0	21
0	21
0	21
1	21
0	4
0	1
0	7
0	4
0	3
0	3
0	3
71	4324
0	2725
68	5164
0	4695
8	3872
0	2481
15	230
17	486
0	178
0	361
0	12
0	129
0	304
0	34
0	305
0	12
0	25
0	15
0	16
0	46
0	25
0	185
0	18
0	46
0	49
0	482
1608	705
0	704
414	416
1	48
24	263
4	347
175	340
1	88
2	42
0	314
1	19
0	39
0	48
0	35
0	11
0	0
3	121
17	37
0	693
0	88
0	45
0	55
1	571
0	80
0	630
4	67
9	540
2	532
6	21
0	62
2	438
0	62
0	50
0	376
0	66
0	123
18	380
12	141
21	1636
1	1823
0	1824
0	254
1	249
0	143
3	163
0	70
0	56
4	12
0	134
0	63
0	62
7	134
0	53
0	24
0	13
0	12
0	0
0	0
0	0
0	211
4	211
0	161
0	166
0	150
23	14
0	1
0	1
0	2
0	3
0	4
0	0
0	4
0	2
0	3
0	0
1	1
0	0
0	0
604	0
4	0
0	17
114	31
0	14
0	965
0	960
3	952
0	960
0	950
0	965
2	948
2	808
0	380
0	285
0	222
0	162
0	84
2	10
0	9
0	6
0	5
57	0
337	269
0	65
0	127
0	120
1	5
16	93
0	92
0	85
0	72
1	40
1	0
0	28
0	26
0	115
0	21
0	23
0	7
0	14
0	107
0	95
0	11
0	21
0	0
0	8
1	85
0	95
1	30
0	34
0	94
0	36
0	20
0	27
0	19
0	152
0	0
2	390
1	336
14	372
13	315
2	222
0	0
0	0
0	0
0	0
1	7
0	170
0	7
0	164
0	166
0	162
0	26
0	8
0	17
0	17
0	0
0	25
0	15
1	12
0	11
83	0
110	251
3	67
4	184
0	0
0	0
0	0
0	13
0	381
0	74
0	388
0	381
3	5
0	378
0	11
0	31
0	385
1	178
0	194
0	86
0	72
0	52
0	11
0	12
2	266
0	25
0	31
0	33
0	11
0	169
75	167
0	164
1	686
2	280
0	567
1	157
2	279
0	212
6	197
0	303
28	107
0	242
0	218
0	270
0	214
0	240
0	153
0	93
0	45
48	503
0	388
0	183
0	489
30	398
0	33
0	186
0	71
0	50
2	55
0	55
1	39
0	9
0	3
0	383
0	0
0	1541
0	85
36	1950
0	1387
0	39
0	1406
0	1818
0	132
0	0
0	83
14	45
0	181
0	750
0	173
1	664
14	652
0	743
2	22
185	166
2	113
0	87
8	45
4	109
1	109
0	752
0	263
0	194
0	54
0	64
0	9
0	1
0	735
3	683
0	0
0	2
0	2
0	2
0	0
0	0
0	2
0	2
0	0
0	15
0	15
0	2
0	15
0	2
0	14
0	4
0	2
0	10
0	0
0	0
0	0
0	2
0	0
0	4
0	101
0	80
0	84
0	71
94	152
0	167
0	147
1	48
0	117
0	7
0	14
0	42
0	34
0	52
0	32
0	37
0	70
0	57
0	12
0	38
0	82
0	28
1	57
0	101
0	14
0	14
0	49
0	100
0	70
0	124
0	121
0	38
0	10
0	18
0	21
31	1420
24	337
0	59
0	1420
0	0
0	6
0	4
1	5
6	5
0	0
89	0
20	710
21	657
3	89
1	280
1	32
19	570
0	1
0	1
3	1
0	1
0	0
0	1
0	1
677	0
0	58
0	42
0	215
0	206
0	231
1	93
0	109
0	37
3	218
0	71
0	34
0	220
0	67
0	43
7	15
16	57
0	45
2	37
0	57
0	15
0	56
0	0
0	0
118	715
1	694
1	474
0	124
0	80
82	715
5	565
0	435
6	724
0	75
7	31
0	39
0	21
2	100
0	453
0	32
0	40
0	469
3	8
0	8
0	0
0	0
0	0
0	0
0	174
0	14
0	11
0	8
0	173
3	8
0	17
0	173
0	173
1181	206
3	168
0	72
16	529
1	2111
94	3960
2	959
1	168
1	3914
1	215
1	790
1	1256
0	0
60	628
6	628
5	297
3	22
162	577
14	1
0	43
0	246
17	11
4	67
0	453
0	175
0	173
0	89
0	102
0	92
0	97
0	95
0	79
0	47
0	39
0	30
0	24
2	18
0	30
0	21
0	20
0	18
0	8
0	11
0	8
0	10
0	0
0	163
2	63
210	261
1	214
2	71
1	145
4	33
0	33
0	10
0	6
66	0
1	917
5	905
34	959
1	36
0	105
37	73
0	1
0	1
0	1
0	1
0	0
0	2
0	2
0	0
0	173
0	873
0	61
0	102
0	877
0	809
2	53
0	79
0	108
0	1244
0	62
0	54
0	47
0	109
0	114
0	174
0	170
1	284
0	1159
0	1128
0	225
0	88
0	217
0	111
0	214
0	815
0	30
0	111
0	1164
0	786
0	90
18	217
0	80
0	429
0	389
17	313
0	234
0	0
1	0
0	0
0	0
0	0
0	0
0	0
0	0
0	206
0	203
0	205
1	187
0	218
0	215
39	165
0	198
0	147
2	128
7	46
0	91
0	85
0	84
1	19
0	76
0	56
0	69
1	41
0	35
0	51
0	51
2	71
33	677
4	672
0	63
0	330
31	61
7	672
0	672
0	0
0	0
0	0
0	0
0	0
0	0
0	0
0	0
0	0
0	2
0	2
0	2
0	2
0	0
139	648
0	1261
4	1263
7	718
0	720
23	602
0	461
3	2
6	2
3	2
1	6
0	0
0	2
0	6
0	5
0	1
0	1
0	1
0	0
0	0
0	2
0	1
0	0
8	489
0	489
0	52
4	4553
0	4553
0	3941
0	3659
32	4333
0	3927
0	4310
1	3000
0	3842
12	1433
0	3899
0	211
0	1
0	20
0	19
12	20
0	8
0	0
0	0
1	0
0	582
15	690
10	153
8	500
1	690
4	943
0	943
14	943
0	469
0	40
0	14
4	379
6	379
0	58
0	56
0	0
0	0
0	0
0	0
0	0
0	0
0	0
0	0
0	0
1	17
0	15
0	39
21	134
2	134
2	61
1	64
0	15
1	24
1	19
0	6
0	1
0	1
0	1
0	1
0	1
0	1
0	1
0	1
0	1
0	1
0	0
0	0
0	0
0	0
0	0
0	0
0	0
0	0
0	0
0	0
0	0
0	1166
76	1196
0	155
382	289
1	30
0	259
0	73
0	19
2	185
0	194
4	175
0	120
0	178
0	20
0	77
0	61
387	26
0	0
0	0
0	0
0	0
0	0
0	0
0	0
0	0
255	189
1	189
1	83
0	92
0	102
0	62
0	6
7	16
0	11
0	1
0	4
0	3
0	0
0	0
0	0
0	0
0	0
0	0
0	0
0	0
0	0
0	1
0	0
0	0
0	0
0	0
0	0
0	0
0	0
0	0
0	1
195	355
56	290
1	247
0	122
9	81
2	105
19	149
0	124
1	142
20	117
0	120
2	90
9	12
0	15
0	13
1	14
0	14
0	97
0	28
90	110
0	11
1	16
451	257
107	183
58	218
2	64
0	20
0	373
0	520
5	461
2	7
0	264
0	2
9	0
0	93
0	168
0	197
0	145
0	217
22	50
0	185
0	108
8	109
4	44
0	47
2	12
0	11
0	27
0	38
2	38
0	15
0	32
0	26
0	9
1	9
0	145
40	69
0	167
12	180
9	36
24	6
0	215
0	223
0	147
0	53
1	17
0	10
0	114
22	145
0	145
0	15
8	4
0	15
0	5
0	6
0	14
0	28
0	0
0	0
0	0
0	280
0	0
0	0
0	0
0	0
0	297
0	302
1	13
0	15
0	267
0	12
0	23
0	34
0	22
1	224
0	10
0	103
855	275
0	275
149	353
5	224
0	76
0	343
0	18
0	24
0	1
4	205
0	17
1	163
0	11
0	10
0	0
1	6
0	6
0	75
0	19
0	14
0	7
0	332
0	75
0	42
0	24
0	11
0	41
1	13
4	13
0	29
0	4
1	0
0	3
0	2
0	2
0	2
8	28
0	244
0	72
2	28
44	396
0	241
0	386
0	185
0	0
0	0
0	0
0	0
0	0
0	0
0	0
0	0
0	0
0	0
0	0
159	730
78	730
11	373
2	206
2	373
0	48
0	121
0	25
0	54
0	21
0	51
0	83
0	116
0	119
84	125
0	74
0	45
0	47
0	40
22	22
0	4
0	52
0	91
1	90
0	11
0	88
0	16
0	160
0	258
452	255
0	15
0	486
0	490
0	470
0	411
0	469
0	448
1	70
0	370
0	370
4	64
0	392
0	428
0	491
3	275
0	0
0	0
0	0
0	0
0	0
0	0
0	0
0	0
0	0
0	0
0	0
0	0
0	0
0	2
2	2
0	2
0	66
0	86
0	32
0	63
2	84
94	144
0	135
0	17
0	17
0	4
0	1
0	1
0	37
1	166
0	205
0	683
0	181
0	187
0	674
2	27
4	176
0	2
0	2
0	2
0	2
0	2
8	109
0	109
3	9
2	7
5	0
2	43
30	82
0	53
0	6
0	224
0	202
1	11
101	219
0	159
0	226
0	23
0	20
0	5
0	25
0	811
9	769
1	855
6	17
0	380
0	72
0	116
2	89
6	475
0	0
0	0
0	0
0	0
0	0
0	0
0	0
0	621
319	972
0	317
2	50
3	344
0	40
0	3
0	55
0	45
0	62
0	28
0	16
0	8
0	17
1	14
1	5
4	275
0	18
0	38
0	19
0	28
0	91
1	1923
8	1461
8	1758
5	234
1	292
17	1238
4	244
0	1258
3	492
0	346
0	142
0	751
7	436
1	854
0	561
0	5
3	18
2	406
3	32
0	23
0	8
0	20
1	50
0	93
0	42
0	63
0	7
0	17
0	62
0	42
0	78
0	80
7	66
0	237
0	8
2	13
0	196
2	31
1	181
0	6
0	3
0	1
0	10
0	109
0	7
0	88
6	33
0	18
0	17
0	47
0	66
0	66
1	121
151	180
0	55
0	8
0	14
0	7
0	9
1	4
0	13
1	13
0	3
0	13
1	13
1	3
1	126
0	17
0	26
1	127
0	0
0	0
0	0
0	0
0	0
0	0
0	495
0	502
0	495
0	20
0	496
1	282
32	0
1	1
0	1
99	921
0	898
0	648
26	703
7	559
4	652
0	655
3	472
17	468
6	688
0	160
0	700
106	30
1	14
0	14
0	12
0	16
47	159
13	165
0	26
0	84
0	0
0	2
0	0
3	0
0	0
0	1
0	3
0	0
0	2
0	2
0	0
0	0
0	0
0	2
0	2
0	1
0	1
0	0
0	0
0	0
0	0
0	0
0	0
0	1
0	0
0	0
0	0
0	1
0	1
0	1
0	0
0	1
0	1
0	1
0	1
0	1
0	1
0	1
69	480
0	472
2	46
0	52
0	43
1	41
0	35
0	51
3	16
0	117
0	87
3	34
0	64
0	28
0	34
3	6
4	7
0	36
5	22
0	3
0	61
0	21
0	2
0	108
0	115
0	117
0	72
0	61
0	37
3	39
0	20
0	95
251	0
11	1227
2	293
14	202
0	1303
0	1414
0	1326
0	1357
0	1333
4	202
1	1373
0	1338
0	1330
0	1392
0	1280
0	407
0	70
0	28
2	578
12	100
11	186
0	443
0	478
3	369
0	405
1	259
0	260
0	123
0	83
3	0
0	0
0	0
0	0
0	0
0	0
2	0
0	0
1	0
0	0
5	1004
0	457
0	991
0	999
20	237
0	43
0	0
0	0
5	32
0	0
0	0
0	8
1	81
1	42
1	36
2	11
2	480
178	98
0	327
0	184
1	46
0	27
0	0
5	22
0	11
0	2062
0	0
4	4
0	91
31	524
0	202
2	18
3	95
0	0
0	0
0	0
0	0
0	0
0	0
0	0
0	0
0	0
0	0
0	0
0	0
0	0
1	0
0	0
0	332
0	3
0	0
0	0
0	0
0	0
0	68
0	1
0	0
0	0
0	0
0	0
0	0
4	0
0	1649
0	1649
2	251
0	1646
0	36
0	9
0	31
0	29
0	30
0	10
1	18
5	756
0	1062
0	1075
1	721
0	490
4	18
0	778
68	1046
0	393
0	750
0	30
0	13
0	15
0	62
3	208
4	153
0	42
2	40
1	111
1	205
0	2
0	6
0	6
0	2
0	1
0	0
0	1
0	1
0	0
0	0
0	1
0	1
0	1
0	0
1	1
0	0
0	2
0	49
255	47
7	0
0	36
0	35
2	8
0	0
0	0
0	0
0	0
0	1
0	1
0	134
27	133
0	93
1	64
0	46
0	65
0	95
2	54
0	9
1	49
1	42
0	43
0	9
3	29
3	23
1	11
451	843
0	806
0	137
10	153
0	252
0	13
0	13
0	13
0	13
0	3
0	2
0	1
0	5
0	1
0	1
0	1
1	9
0	5
0	5
0	5
0	5
0	5
0	5
0	5
0	4
0	5
0	5
0	5
0	0
0	4
0	1
0	6
0	1
0	5
0	5
0	5
0	7
0	5
0	0
0	5
0	5
0	5
0	1
0	2
0	3
0	5
0	2
0	1
0	3
0	1
0	3
1	2
0	2
0	6
0	2
0	1
0	1
0	0
0	1
0	0
0	3
0	3
0	5
0	13
10	319
0	319
4	56
47	8
0	60
0	60
0	34
0	32
0	26
0	31
0	2
0	50
0	6
7	48
0	43
1	6
25	0
477	1
2	1
0	0
0	0
0	0
0	0
0	0
1	1302
2	154
0	241
26	91
0	174
68	1198
11	207
3	31
0	0
0	0
0	0
18	5
2	9
0	2
109	3435
74	2272
0	3134
1	3346
1	735
3	336
0	681
0	413
0	399
0	331
0	529
0	313
0	254
0	541
0	383
0	368
2	315
0	0
0	0
0	0
0	0
0	0
0	0
0	0
0	0
0	0
657	1375
0	165
5	334
0	753
2	532
1	473
0	146
0	376
0	35
0	35
7	5
0	4
0	13
3	19
0	27
0	15
220	128
0	119
1	100
14	115
0	0
13	1500
50	1974
0	1915
4	793
0	7
1	200
1	57
0	90
0	124
1	54
0	109
0	97
0	123
0	19
0	0
0	0
0	0
6	4699
0	6018
0	216
0	2138
0	371
0	82
0	290
0	460
1	372
0	328
0	59
7	510
2	281
15	1309
4	5963
22	151
4	151
0	16
0	0
2	178
8	159
0	312
2	157
3	144
0	44
0	29
0	106
0	107
0	66
741	0
26	390
0	367
0	116
0	24
1	138
0	138
1	3
1	7
0	0
0	0
0	0
0	0
0	13
0	1
1	45
0	3
0	14
0	7
0	131
16	1531
0	79
1	6
1	1506
3	136
0	1
0	317
0	319
0	105
0	81
0	0
0	2
0	2
0	0
0	2
0	0
9	0
0	0
95	157
0	31
0	148
0	46
0	0
2	8
0	34
1	1
1	7
2	40
0	40
0	322
0	27
2	17
0	75
0	310
2	33
1	5
0	309
0	320
0	233
0	12
0	31
0	8
0	25
0	17
0	3
0	9
0	12
0	8
2	4
0	2
0	2
0	1
0	0
1	1
0	1
5	349
1	353
1	172
10	71
0	71
3	28
0	247
0	270
0	275
0	249
0	201
1	165
0	77
0	230
0	246
17	615
1	89
0	584
1	313
138	44
0	0
0	0
0	0
0	0
0	0
0	0
0	0
0	0
3	30
0	26
1	29
0	29
0	30
124	54
0	14
0	12
0	28
0	12
0	31
0	42
0	26
0	29
97	738
51	409
5	694
0	249
1	349
0	167
11	707
0	107
38	133
0	122
0	3402
0	3473
0	290
0	3288
0	3407
0	2556
0	2698
16	2175
7	386
0	2007
0	1946
0	419
3	542
0	1773
0	306
0	104
1	214
0	144
2	1521
10	81
0	332
2	85
0	3284
0	1649
0	21
3	20
0	236
0	613
0	893
0	892
0	301
0	196
1	64
6	18
0	438
0	59
0	129
0	178
0	438
0	163
16	423
1	72
0	438
0	129
1	0
0	50
4	50
2	177
0	158
0	159
0	143
2	4
0	19
0	16
0	28
0	8
0	171
0	33
7	136
0	120
0	33
1	26
42	112
0	18
0	6
0	112
1	8
0	7
722	7
4	1
11	75
0	28
1	70
1	15
0	16
0	13
0	0
0	0
138	9
0	9
124	84
0	35
0	21
0	26
3	10
4	1507
5	1534
1	1534
3	152
1	1546
2	1383
0	1368
3	1345
1	137
0	0
0	0
0	0
0	0
0	0
0	0
0	0
0	0
0	0
0	0
0	0
0	0
0	0
0	0
0	0
9	0
0	0
0	0
0	13
0	0
0	3
0	0
0	13
0	123
0	27
0	321
0	21
0	485
0	29
0	494
1	466
0	20
0	103
0	19
0	29
1	40
1	6
0	40
0	55
0	64
0	54
0	99
1	56
0	61
1	83
97	120
0	13
0	72
0	101
2	22
0	2
0	1
0	2
0	1
0	135
1	263
4	149
0	220
1	266
0	167
3	131
0	34
0	20
8	79
0	24
1	32
0	0
0	0
0	0
0	0
11	189
0	94
0	23
0	104
0	116
0	41
0	10
0	189
0	0
0	0
15	123
0	59
37	143
0	112
0	111
0	8
3	35
0	41
3	35
0	57
0	5
2	73
0	75
0	37
0	7
0	8
6	5
97	242
2	222
0	54
0	20
0	0
0	52
0	49
0	44
0	23
0	16
1	4
4	5
0	4
0	4
1	3
0	2
0	2
177	1
0	440
2	618
0	602
0	597
0	645
7	618
5	1
0	73
1	44
1	15
0	49
0	51
0	73
0	0
0	412
0	392
1	366
0	398
0	401
0	77
0	340
1	397
0	46
0	357
1	7
7	209
0	0
0	0
0	1
0	0
0	0
0	1
97	52
0	27
0	34
12	48
0	16
0	14
7	5
0	14
3	231
0	208
1	52
0	467
9	460
0	68
0	289
0	121
7	104
1	80
0	473
0	473
0	473
0	465
0	465
0	99
2	103
26	192
0	133
0	95
0	12
0	4
1	0
0	6
0	0
0	0
0	9
0	10
0	5
0	3
0	2
0	2
0	1
0	2
0	2
3	1
0	1
0	1
0	0
0	0
298	84
1	19
0	5
0	4
0	84
21	861
0	1179
1	1179
0	273
0	38
0	49
0	1203
0	1179
0	1182
0	5
0	5
0	5
0	5
0	1
0	1
0	0
0	0
1	0
4	130
0	130
1	131
0	124
0	61
355	236
0	153
1	52
1	63
2	101
0	224
0	31
99	295
0	143
8	295
0	35
1	4
0	6
0	2
0	2
0	3
0	3
1	1
0	3
0	3
0	2
0	3
0	3
0	2
0	3
0	2
0	0
0	0
0	0
0	0
0	0
0	0
0	0
0	0
0	428
0	40
1	420
0	118
0	13
0	20
0	17
0	7
0	9549
0	24
0	9556
0	4058
0	4057
0	4596
0	4593
0	4057
0	4057
0	260
0	4596
0	9261
0	215
17	229
2	109
0	453
0	1864
0	8217
1	8355
0	8698
0	8621
0	8627
0	8240
0	8534
0	8844
0	8724
0	8763
0	8426
0	9185
0	9322
0	9195
0	9266
0	9323
0	9237
0	9338
0	9027
0	9235
0	9425
0	153
0	848
0	2868
0	8674
39	0
0	456
0	8331
0	8792
0	716
0	8730
0	8029
0	4922
1	557
0	7572
0	8278
0	5297
0	9170
0	8931
0	7622
0	9027
0	3541
0	602
0	7994
0	8222
0	174
0	8094
1	2231
2	863
0	1064
0	5688
0	1180
0	1250
3	1200
0	1253
0	1200
0	1190
0	222
0	303
1	96
0	193
0	97
0	136
0	110
3	21
1	70
0	68
1	37
1	21
0	1200
0	0
2	6
0	2
0	4
0	1
0	1
0	0
0	0
0	1
0	5
0	0
0	4
0	6
0	2
0	12
0	5
1	13
0	10
0	3
0	1
0	0
0	2
0	3
440	4254
0	584
2	803
0	3268
0	3494
92	68
0	68
3	254
0	254
0	144
0	52
26	811
7	354
0	426
0	68
0	46
0	69
0	50
10	501
4	37
0	0
0	0
10	15749
23	3912
12	1288
0	1266
2	13376
1	13949
12	5701
58	12202
188	6396
0	0
0	0
37	333
0	33
0	268
22	273
0	62
1	185
0	198
0	205
0	140
0	185
0	186
1	102
0	222
16	129
2	2
0	42
4	52
0	42
33	29
0	806
1	792
0	88
0	592
0	782
1	78
0	793
1	791
0	775
0	763
0	717
3	181
6	96
0	534
0	569
0	528
0	484
38	195
7	195
0	246
62	246
3	1
0	1
0	0
21	165
15	208
1	55
2	0
3	166
0	207
0	0
0	60
1	76
8	1310
5	1309
13	218
0	136
3	72
0	208
0	235
0	137
17	109
5	845
16	116
3	649
0	22
56	716
2	23
0	422
12	195
0	24
0	37
0	0
9	0
0	1080
10	1047
0	413
0	591
3	147
0	159
0	116
1	427
0	449
2	252
1	223
0	187
2	159
0	114
0	69
0	81
3	2319
33	10
2	1298
0	2352
0	36
3	1463
5	499
309	20
0	20
0	85
0	800
1	811
2	61
1	4
0	205
1	196
0	63
2	49
0	69
1	48
28	68
2	38
0	111
1	158
0	201
0	15
8	4
0	2
16	4
0	16
0	1
0	7
0	3
0	0
0	17
0	0
0	0
0	0
0	2
0	12
0	0
0	10
0	0
0	0
0	0
0	0
0	7
0	10
0	0
0	678
0	617
23	585
8	613
19	451
0	285
0	530
0	279
0	214
0	238
7	215
4	164
0	25
0	11
0	11
0	25
0	1
0	3
0	0
0	1
0	1
0	1
0	220
3	220
0	112
1	35
1	2
0	2
0	0
0	0
0	0
0	0
0	0
0	0
0	0
0	0
0	0
2	3
0	0
0	3
0	3
0	3
3	8
1	8
1	1
0	245
0	245
3	246
0	231
0	211
0	49
0	47
3	51
5	8
2	33
0	29
0	30
0	24
88	21494
2	21398
18	9069
6	1868
1	1167
0	2443
2	313
0	1288
0	1790
1	5
0	3
0	2
0	8
0	7
0	1
0	2
0	1
0	0
0	1
1	2
0	6
0	2
0	2
0	0
0	2
10	604
1	591
0	557
18	645
0	672
11	431
1	330
2	227
0	37
0	126
0	1
0	42
1	21
75	21
17	23
0	4
1	7
0	2
498	801
2	779
0	509
0	179
0	90
40	30
0	30
0	423
0	395
3	315
0	327
0	57
15	150
0	66
0	83
0	21
0	339
0	368
0	325
111	187
0	51
0	120
0	153
31	174
18	176
0	98
0	95
2	71
1	10
0	0
0	338
0	323
0	334
0	404
0	441
0	335
0	441
0	344
0	441
0	341
0	334
0	322
0	340
0	440
2	455
0	419
0	345
0	337
0	443
0	117
0	188
0	106
0	412
0	303
0	10
0	133
0	409
0	410
2	93
1	248
0	158
0	0
0	0
0	0
0	0
0	0
0	0
0	0
0	23
0	25
0	36
1	25
1	34
0	28
0	16
0	11
0	5
0	1
2	11
1	6
1	0
0	1
0	4883
0	3508
49	1381
9	857
0	4885
0	4607
0	1
1	2
0	2
0	18
0	29
0	117
0	126
0	112
13	81
0	67
0	47
0	34
3	49
0	8
0	8
0	8
0	18
0	45
0	45
0	45
0	597
12	113
4	584
0	0
3	0
0	0
0	0
0	0
0	0
0	0
0	0
0	0
0	0
0	0
15	170
0	9
4	7
0	91
0	14
2	22
0	21
0	41
0	708
0	708
0	380
0	147
2	69
0	10
1	42
1	7
0	43
0	184
5	110
4	62
10	87
3	17
0	0
0	110
3	292
0	1181
1	1165
0	346
11	1165
0	1165
0	1165
0	186
0	1161
0	357
0	473
11	199
0	434
0	448
0	416
0	251
1	411
0	173
0	224
0	349
15	307
0	288
0	287
0	282
0	253
0	176
0	220
5	225
8	146
0	101
2	0
0	0
0	0
0	0
0	0
0	0
0	0
0	0
0	0
0	0
0	0
0	0
0	0
0	0
0	206
6	201
0	206
65	0
0	0
0	0
0	0
0	0
0	0
0	0
0	55
22	55
0	0
0	231
1	282
0	407
0	209
0	356
0	276
0	282
0	234
1	158
0	17
0	28
0	30
0	28
0	24
0	21
0	16
0	25
1	34
0	15
0	15
0	30
0	30
0	27
0	15
0	27
0	30
0	25
0	23
0	17
0	13
0	28
0	28
0	24
0	36
0	9
0	5
0	24
0	9
0	9
1	10
0	14
0	21
1	6
0	10
0	20
0	26
0	16
0	1
0	10
0	0
0	12
0	0
0	1
0	1
0	0
0	24
0	15
0	6
0	2
0	3
0	4
0	5
0	4
0	4
0	19
0	23
0	7
3	299
0	299
0	305
0	298
0	301
2	130
1	34
0	25
0	48
2	21
0	0
0	0
0	0
0	0
0	0
0	0
2	88
4	86
1	77
0	59
0	7
0	16
0	7
0	16
0	0
1	8
0	4
1	2
2	2
0	0
0	0
0	0
0	0
0	0
0	0
0	0
0	76
0	30
0	109
0	102
0	14
0	7
0	7
0	65
0	75
0	55
0	16
0	10
0	65
0	21
0	10
0	16
0	0
0	106
0	103
0	0
0	817
0	1427
0	1412
0	681
0	544
0	118
0	276
0	54
0	1043
0	1017
0	494
0	306
0	404
0	383
2	27
0	26
0	141
0	110
0	734
1	438
0	215
0	368
0	339
0	324
3	231
0	102
0	258
0	127
0	186
0	112
0	71
0	32
0	37
8	8
0	0
0	0
0	0
0	0
0	498
0	279
0	51
1	15
1	25
291	116
0	19
0	37
0	11
0	54
0	30
1	0
0	0
0	0
0	0
0	0
0	238
3	92
0	91
0	156
0	223
0	169
0	262
0	123
8	52
0	60
0	32
6	7
0	1237
0	1016
0	1105
5	932
1	210
0	215
0	234
0	57
0	67
0	56
0	62
0	59
0	28
0	26
0	7
0	19
0	7
0	5
0	5
0	6
0	6
0	99
0	6
6	99
2	3
0	22
0	99
0	202
0	197
0	32
0	197
0	202
0	19
0	5
0	10
0	8
0	12
0	6
2	3
0	30
0	15
0	0
665	91
2	24
1	87
0	20
214	163
1	92
0	27
34	85
1	25
0	34
1	38
0	24
17	26
0	20
0	25
0	7
0	2
1	8
0	68
13	70
0	39
3	28
0	2
0	10
0	4
0	65
100	98
0	24
0	8
0	4
0	63
0	60
0	60
0	54
1	17
4	16
0	12
0	5
0	3
70	1194
0	1188
0	158
0	252
2	1125
9	12
4	12
0	78
0	29
0	36
1	36
0	23
0	26
0	72
0	112
0	136
9	69
2	68
0	137
37	130
0	130
0	12
0	74
0	17
0	1
1	29
0	17
4	38
0	212
0	181
0	66
6	29
5	39
0	15
0	52
1	69
0	0
0	0
0	0
0	0
0	1
0	1
295	204
0	204
2	46
340	4754
0	1298
71	2
2	4754
27	393
0	393
28	84
0	83
23	134
29	29
149	104
41	72
0	67
1	46
0	21
0	8
0	9
0	0
0	0
0	0
0	0
0	1
0	0
0	1
0	0
0	8
0	13
0	15
0	15
0	3
1	2
0	1
0	1
0	2
1	1
132	157
0	157
0	158
0	8
0	26
0	50
0	8
0	0
0	0
0	0
0	0
0	0
0	0
0	1
0	1
99	122
4	122
2	14
384	162
15	121
0	55
2	40
0	38
0	24
0	243
70	538
1	74
0	522
0	296
0	0
0	0
0	0
0	3
0	7
43	100
0	84
1	85
0	66
0	81
22	55
3	791
48	732
0	139
2	148
4	372
75	2711
0	3921
0	2970
0	4536
3	4002
0	3617
1	991
271	262
0	262
131	87
0	87
0	36
3	27
0	12
1	2
0	0
5	227
30	433
0	217
1	222
386	221
1	121
0	100
42	0
2	441
32	247
12	233
7	224
6	268
0	45
0	79
0	199
8	125
0	94
3	298
0	585
0	623
0	471
2	84
0	101
0	204
0	302
0	267
0	448
0	580
0	635
3	61
0	174
0	54
0	595
2	144
0	126
0	85
1	94
2	47
0	75
0	334
0	137
0	112
1	22
0	16
0	2
1	5
0	98
54	24
8	24
1	14
0	16
24	741
2	328
2	687
1	86
0	17
2	61
4	10
5	30
0	24
2	529
0	0
0	15
0	203
1	71
0	63
1	183
0	126
1	177
0	21
0	199
0	50
0	201
0	32
0	38
2	277
0	61
0	228
30	298
0	44
0	41
0	110
0	82
0	56
9	48
0	58
20	111
0	39
0	58
0	203
0	142
19	318
0	40
24	333
0	97
2	0
118	32
0	30
6	20
16	1
0	7
15	10
0	4
0	4
0	0
0	1
0	0
0	0
0	0
0	0
0	0
0	0
0	72
42	8
0	8
1	8
0	72
1	11
0	68
0	52
0	400
0	973
0	250
0	279
0	669
0	1303
0	1252
0	344
0	253
0	1249
0	698
1	612
0	345
0	1024
0	1000
28	815
1	715
0	1
0	1
0	1
0	363
0	1526
19	1029
0	1394
1	182
0	351
1	221
0	11
0	1
0	2
1	6
0	11
0	2
0	11
0	0
0	2
0	9
0	0
1	0
0	2
0	175
0	166
3	118
2	153
0	153
0	160
0	28
0	27
5	1
0	11
0	7
0	31
0	15
0	3
1	10
0	11
0	21
0	7
0	11
0	12
66	267
0	32
0	66
0	15
0	40
0	254
0	164
1	21
1	109
0	31
1	47
0	155
1	9
71	83
0	60
0	0
0	23
54	244
0	225
1	90
0	90
0	0
36	0
0	0
0	256
0	742
0	653
34	396
104	754
0	259
0	135
1	135
1	70
3	4
3	4
0	4
4	55
0	60
2	59
0	11
7	4
0	4
0	4
0	2
8	11
0	6
0	5
0	2
3	13
2	51
0	309
19	382
0	84
0	56
0	81
5	34
2	29
11	42
184	178
4	186
1	151
7	4
0	32
0	12
4	26
0	44
0	47
0	41
0	25
0	19
0	17
0	26
0	17
0	20
0	21
0	18
2	22
0	21
0	16
0	11
0	15
0	22
0	19
0	7
0	856
3	805
0	513
0	894
2	863
15	507
0	164
0	91
1	24
4	75
51	84
8	5
0	27
0	18
0	11
0	14
5	6
0	20
0	32
1	32
0	5
0	25
0	17
0	1
0	7
0	4
0	3
0	4
0	4
1	2
0	0
0	28
0	28
0	6
0	0
0	0
0	0
0	0
0	0
0	0
0	0
0	0
0	0
0	0
0	0
0	0
1	40
1	40
13	12
0	44
0	22
5	14
0	0
0	4
2028	1292
5	192
9	308
35	1042
275	1224
10	217
143	24
0	24
1	5
0	1
0	5
0	55
0	7
0	1
0	53
0	67
20	147
1	53
1	5
0	13
1	10
0	40
0	55
0	3
0	3
0	1
0	2
1	0
0	2
0	2
0	2
0	0
0	0
0	0
0	0
0	0
0	0
0	36
0	40
0	40
0	0
0	0
0	0
0	0
0	0
0	0
0	0
0	1
0	40
0	1
0	1
1	19
0	4
0	1
0	1
0	0
0	0
1	23
0	23
1	23
3	414
0	1116
10	1068
0	768
0	277
0	361
3	50
2	77
11	178
0	447
1739	0
0	0
0	0
0	0
0	0
0	0
0	0
0	0
0	0
0	0
0	0
0	0
0	0
0	0
0	0
0	0
19	0
57	760
0	728
0	676
7	155
1	111
0	72
0	11
4	0
0	95
1	97
0	3
1	30
0	24
0	11
0	5
0	5
0	8
0	9
0	7
0	43
0	436
0	755
0	442
2	96
4	58
0	589
0	440
0	723
0	699
0	425
0	55
2	197
0	93
0	431
0	24
0	579
0	569
8	95
25	115
2	40
1	394
0	323
0	6
1	120
0	30
0	39
0	18
0	23
0	7
0	1
0	1
0	0
0	1
252	619
0	117
0	494
0	161
0	37
165	0
47	1475
2	1210
9	1475
0	598
0	0
0	0
0	0
0	0
0	0
0	0
0	1020
0	1116
0	1053
0	693
0	1138
2	142
0	1055
0	45
0	111
0	157
40	455
0	107
2	56
1	1
1	4
0	15
0	298
1	154
1	243
0	1
0	0
0	1
0	3
0	3
0	0
0	1
0	0
0	0
0	1
0	1
0	0
1	0
0	0
0	0
0	0
0	0
0	0
0	0
0	0
0	0
0	0
0	0
0	0
200	0
0	0
0	0
0	0
0	0
0	0
0	0
0	0
0	0
0	0
0	0
1	1
0	0
0	0
0	0
0	0
0	0
0	0
0	0
0	0
0	0
134	473
2	78
27	113
14	124
0	337
0	16
0	360
1	275
7	99
0	92
2	92
0	23
0	44
0	33
0	28
0	18
0	0
0	51
1	54
0	19
0	13
0	11
0	12
0	92
0	0
0	0
0	0
0	0
4	0
0	0
0	0
0	0
0	0
0	0
0	0
1	6
10	25
0	25
0	18
0	23
2	0
0	23
0	15
0	18
3	12
0	10
0	6
3	6
0	3
0	4
0	3
0	2
0	0
0	449
1	337
0	33
0	408
0	394
0	373
0	384
0	406
0	421
0	358
0	411
0	401
0	403
0	352
0	296
0	310
1	340
0	248
0	256
0	18
0	38
0	174
0	32
1	17
0	125
0	55
1	62
1	40
0	40
0	39
0	414
304	0
0	88
0	90
0	77
0	80
1	74
0	51
0	87
0	87
0	86
0	80
0	61
0	40
0	42
0	38
0	9
0	7
0	13
1	0
0	0
0	0
0	0
0	0
0	83
0	82
5	37
0	49
1	11
3	42
0	10
0	38
0	42
0	31
0	33
0	31
0	13
0	12
0	4
0	3
0	3
0	0
0	31
0	4
0	4
0	4
0	1
0	1
0	4
0	4
1	1
0	0
0	4
0	643
0	325
0	270
7	11
0	9
0	7
0	4
0	3
1	4
0	1
0	1
0	3
0	1
0	3
0	1
0	3
0	0
0	0
0	0
0	0
0	0
0	0
0	7
213	181
0	131
0	82
0	42
0	23
0	32
0	28
0	52
0	0
0	115
0	104
0	113
1	103
1	12
1	21
1	89
2	44
3	7
0	7
0	0
0	0
0	0
2	94
0	52
0	14
3	11
0	0
0	92
0	784
1	715
0	61
0	24
20	188
0	104
2	68
0	24
0	1
0	0
1	177
0	170
0	24
4	7
1	107
1	134
1	100
0	115
0	121
0	92
0	68
0	46
0	45
1	93
0	22
0	42
0	4
0	0
0	1
0	0
0	1
3	8
0	7
0	1
0	0
0	0
0	1
0	0
10	256
5	227
0	84
0	180
4	101
9	205
0	73
0	69
6	76
0	14
0	8
0	48
0	0
0	0
0	0
1	586
0	586
27	363
807	0
0	468
0	182
0	12
0	486
0	148
0	513
17	9
0	158
0	487
0	496
0	33
2	73
0	0
164	378
1	0
0	0
858	840
0	132
0	666
0	420
0	158
0	102
88	74
0	0
0	492
0	504
5	479
1	491
13	634
5	441
8	51
0	129
2	1
0	82
2	81
1	55
1	44
0	45
7	14
4	34
5	12
0	2060
0	1799
0	1897
9	808
0	1657
1	1740
1	1456
0	1682
0	1529
0	1513
0	1049
1	605
0	487
0	502
19	172
1	511
0	44
0	47
2	7
0	507
72	320
0	53
3	228
0	50
0	49
2	32
1	1
0	230
0	138
3	59
0	34
0	26
0	28
0	17
0	25
0	69
0	16
0	11
0	24
0	23
0	46
0	25
0	35
0	113
16	130
0	61
0	156
0	36
0	19
0	137
0	14
0	150
0	25
0	25
0	7
0	62
0	28
0	137
0	0
0	0
0	0
158	9
0	9
19	1031
0	1044
0	46
0	20
1	11
0	45
0	1010
2072	0
1	211
1	211
0	15
0	206
0	140
0	26
299	197
0	26
0	18
1	26
5	26
0	126
7	24
0	32
0	1
0	7
0	4
1	209
0	4
0	2
0	3
0	2
0	1
0	0
0	0
8	2
0	2
0	0
2	4
7	0
50	240
0	215
21	218
1	64
1	15
14	152
0	25
0	26
2	128
0	121
10	127
0	114
0	120
0	2
6	2
148	1158
2	1074
1	479
22	433
0	347
0	412
0	547
0	172
0	392
0	547
0	330
0	319
1	329
1	66
1	103
0	1
0	16
0	0
0	0
291	748
0	5
0	5
1	5
0	4
0	1
1	0
0	0
0	0
0	0
0	0
0	5
0	262
0	17
0	38
0	43
0	32
0	26
0	27
0	10
80	0
0	385
2	127
0	359
1	4
0	215
0	203
0	320
15	0
0	736
0	653
0	681
0	683
0	738
1	677
0	153
3	489
0	438
7	58
0	180
0	101
0	69
0	133
1	130
0	18
1	203
53	213
0	61
0	68
0	504
1	504
90	448
24	288
1	46
0	65
2	95
14	1332
1	472
20	819
17	216
1	747
0	0
0	0
0	0
0	0
0	0
6	209
5	115
0	209
0	130
13	71
0	0
667	0
0	0
1	4
0	26
0	30
0	0
76	3675
1	501
1	1324
1	0
11	594
3	3583
0	245
0	521
3	356
0	773
0	1346
0	0
0	350
9	356
3	21
1	345
13	0
0	360
0	363
4	297
0	398
0	213
1	181
6	354
2	188
0	216
6	168
0	188
0	163
0	164
2	139
3	100
13	68
316	9
1	7
0	4
2	61
0	29
0	61
0	1
0	1
0	1
0	0
0	1
0	1
0	1
6	417
0	115
0	174
4	334
0	326
3	238
0	297
7	339
13	70
24	94
21	52
0	1
0	1
0	0
0	0
0	0
0	0
0	0
0	0
0	0
0	0
0	0
0	3
0	3
0	1
0	1
0	0
0	0
0	1
0	83
92	1260
0	33
6	58
2	544
0	663
72	513
0	646
0	1201
14	60
13	306
96	1001
5	113
1	187
0	117
1	213
576	0
1	35
0	145
0	20
0	138
155	228
1	227
1	128
33	39
0	26
0	1
0	1
0	0
0	1
0	1
0	1
2	14
0	14
0	0
1	20
1	7
3	83
21	163
0	13
0	110
0	33
0	87
0	86
0	65
0	25
0	53
10	33
3	22
1	17
4	9
1	4
104	146
0	145
0	1
0	0
0	0
0	0
0	1
10	1
0	0
88	1400
0	1400
0	339
20	266
0	81
1	21
0	30
0	0
0	92
6	584
0	691
0	106
0	306
0	86
0	169
1	111
1	647
0	622
0	75
0	104
0	0
0	0
9	22
5	53
0	353
223	371
0	33
0	67
0	116
2	192
0	0
0	0
0	0
0	0
0	0
0	0
0	0
0	0
212	538
2	64
2	377
0	241
0	67
0	115
0	0
0	252
0	267
0	265
0	256
0	207
0	302
0	291
0	261
0	281
0	276
0	308
0	289
0	260
0	136
0	114
0	248
0	255
0	24
0	265
0	264
0	253
0	253
2	236
0	242
0	142
0	196
0	208
2	141
0	264
0	299
0	264
0	253
0	230
0	169
0	227
0	231
0	239
0	235
0	59
0	55
0	251
0	233
0	252
0	3
0	0
0	0
0	0
0	0
0	0
0	0
0	0
0	0
0	0
0	0
9	363
4	59
0	21
0	0
0	4
0	10
0	10
0	58
352	0
0	0
14	24
0	40
0	45
0	11
0	22
0	25
3	5
0	169
0	176
0	177
0	2
2	14
0	26
0	18
0	10
0	25
0	6
0	0
0	7
0	4
4	5
0	0
0	0
0	0
0	0
0	0
0	0
0	3
0	0
2	10
0	0
0	39
0	58
0	51
0	0
3	25
1	18
2	12
0	1
0	0
0	0
0	0
0	1
0	0
0	1
0	0
4093	919
0	919
0	206
0	189
0	190
0	180
0	116
0	126
2	107
0	96
1	74
0	93
0	71
21	66
0	83
2	7
0	3
1	232
0	235
0	146
0	22
2	52
0	36
0	339
129	409
3	380
0	117
0	0
85	308
0	248
2	83
0	192
1	279
0	221
0	276
0	287
0	307
0	79
0	298
0	282
0	280
0	280
15	289
0	74
0	228
0	230
0	223
0	209
0	195
0	223
0	201
0	55
0	192
0	188
6	136
5	166
0	75
0	96
0	53
0	19
0	10
1	8
0	0
0	7
2	292
1	52
0	5
0	344
8	344
0	478
0	0
0	0
0	202
0	422
3	196
2	86
1	98
0	94
0	74
0	65
0	81
0	74
0	103
0	70
0	36
21	41
4	20
49	312
0	7670
0	6046
0	7702
0	5351
15	5527
0	7670
0	6330
0	6444
2	2841
0	1688
0	683
1	1179
1	3620
0	3374
7	2034
0	1207
0	714
0	1550
0	1541
0	1442
2	1371
0	1048
6	988
4	490
0	0
0	0
0	0
0	60
0	64
14	325
0	339
0	2
0	129
0	271
2	72
0	343
0	11
1	16
0	21
0	22
0	5
0	8
0	22
0	0
0	0
0	0
0	0
0	0
0	0
0	0
0	0
0	0
0	0
0	0
0	0
0	0
0	0
0	70
4	187
0	129
0	141
0	136
0	19
2	49
0	16
0	16
0	6
0	5
0	0
0	0
0	1
51	10
0	10
0	1
0	1
0	0
0	0
0	0
0	0
0	0
0	0
3	843
0	843
0	103
6	39
0	105
0	86
1	65
0	139
0	41
0	39
1	586
0	586
174	99
0	99
0	36
14	866
0	846
26	503
1	283
5	833
0	199
0	0
0	0
0	0
0	0
0	94
0	289
0	317
0	318
0	317
0	301
0	17
0	110
0	301
0	317
0	284
0	302
0	323
0	0
0	0
0	0
233	41
0	216
0	216
0	262
0	18
0	40
0	366
0	266
5	330
0	228
2	153
0	265
0	355
0	258
5	257
0	263
1	227
0	225
0	228
1	263
0	31
3	257
0	235
0	32
0	224
0	225
0	266
0	52
0	22
0	43
0	224
0	209
0	84
1	162
0	56
4	130
0	30
1	0
3	0
0	317
0	701
0	68
3	120
0	573
0	693
0	12
19	710
0	243
0	106
1	194
0	178
0	111
0	95
0	108
0	52
2	58
0	22
0	48
0	37
0	0
0	0
0	0
0	0
0	0
1	1
0	1
0	0
0	0
0	0
0	0
0	0
532	2097
180	2097
2	173
597	637
0	659
0	93
2	60
0	26
0	56
0	112
0	132
0	84
0	45
0	64
4	11
15	9
1	9
0	5
0	86
0	204
0	251
0	510
0	373
0	485
0	685
0	2
0	191
0	747
0	0
1	253
2	217
0	255
0	887
39	882
0	854
0	114
0	190
13	121
0	41
1	35
4	49
1	217
23	435
1	0
9	13
3	212
2	10
1	10
0	353
0	217
112	757
0	49
2	719
0	309
4	323
3	242
0	0
0	0
0	0
0	0
0	0
0	0
0	0
0	8
0	8
0	8
0	2
0	2
0	2
0	0
0	0
0	0
0	0
0	0
0	0
0	0
0	0
0	0
1	0
0	8
2	2
0	2
1	0
0	0
0	0
2	15
269	456
1	387
0	122
1	162
0	143
1	5167
1	5272
0	3247
11	2882
1	2906
49	5345
0	991
0	1321
0	1189
0	1215
0	730
4	3371
8	648
1	3455
20	2961
0	1956
1	0
0	0
312	142
4	142
0	302
14	171
0	285
0	308
0	35
0	105
0	43
0	70
0	57
3	44
0	104
3	9
83	112
0	7
0	9
0	43
0	42
0	7
0	112
2	33
0	3
0	277
0	104
2	104
0	210
0	201
0	28
6	409
157	409
0	396
0	396
3	38
58	195
0	204
1	203
0	199
0	76
0	58
1	82
1	70
0	41
2	42
0	42
0	4
280	459
3	78
0	180
0	122
0	37
1	193
4	108
1	25
0	90
0	136
0	150
0	71
0	97
1	82
0	101
0	40
1	48
0	43
0	36
4	16
110	103
0	24
0	0
0	0
0	779
0	766
0	355
40	107
0	761
3	778
4	720
13	713
0	644
0	649
0	86
0	561
0	519
0	35
0	232
0	91
0	151
0	132
0	85
0	38
0	73
0	27
0	45
0	43
1	57
0	41
1	53
1	37
0	33
3	338
44	321
0	89
0	329
0	337
0	319
0	73
0	27
0	87
0	63
0	64
0	58
0	44
0	40
0	29
1	36
0	17
0	19
0	15
0	14
0	1070
10	993
7	173
0	119
1	49
1	34
0	426
20	426
0	222
0	213
1	253
0	237
0	188
14	586
0	386
2	372
6	395
1967	616
0	265
0	8072
0	6815
0	5328
0	2
0	2
0	2
1	2
0	1
0	2
2	1
0	1
0	1
0	0
0	0
1	0
0	0
0	0
1	0
1	0
156	196
0	5
0	163
1	24
0	13
1	44
0	28
0	26
2	35
0	57
259	92
0	23
0	62
0	41
0	30
0	14
0	14
0	0
0	0
0	2
95	107
5	23
0	105
6	21
68	63
0	8
0	14
0	5
0	14
0	11
0	9
2	17
0	1
0	0
0	0
0	0
0	0
0	1
0	0
0	0
0	0
0	0
0	0
0	0
0	0
0	0
0	1
0	0
0	0
0	0
0	0
0	0
0	0
0	65
0	273
0	12
0	12
0	265
0	16
0	13
0	88
2	8
0	12
0	18
0	269
0	8
0	6
0	6
0	18
0	58
5	34
0	60
528	60
0	126
0	108
0	49
0	61
0	16
0	8
0	7
0	66
0	48
0	56
0	95
4	2
0	2
0	2
0	1
259	78
0	78
0	1
0	1
0	1
0	1
0	1
0	1
0	924
83	1054
0	171
0	717
0	6
5	37
0	37
0	4
0	14
0	0
2	0
0	8
0	3
0	2
0	13
0	0
13	228
1	84
0	43
1	25
0	163
0	18
0	426
0	88
0	0
0	0
0	0
0	0
0	0
0	0
0	0
0	0
0	0
0	1
0	0
0	1
2	718
0	622
0	124
0	168
0	284
3	135
0	0
0	0
0	0
1	1
0	1
0	1
0	3
0	1
0	3
0	2
0	1
2	1
0	0
1	3
0	92
0	299
0	83
1	125
0	327
0	173
0	31
0	31
0	205
0	45
108	164
0	6
7	153
0	101
0	151
0	3
0	1
0	0
15	1
0	0
0	1
0	0
0	0
0	0
0	0
0	0
145	211
0	211
5	66
3	42
0	61
2	33
14	191
0	33
0	194
0	27
2	27
0	32
3	1
0	5
0	39
1	158
400	91
4	91
0	1
0	1
0	1
56	93
0	84
42	7
0	87
0	17
0	0
0	0
0	0
0	0
0	0
0	0
0	1
0	1
0	1
0	1
1	1
0	2544
0	87
11	1860
0	1931
0	2001
16	129
0	270
45	150
6	249
0	1048
0	994
0	62
17	133
12	165
0	76
0	199
0	184
0	170
0	41
0	31
0	67
0	2505
15	242
126	242
8	188
0	37
0	211
0	150
2	90
0	63
0	34
9	38
5	46
0	44
0	0
0	0
0	0
0	0
0	0
0	0
0	0
0	0
0	0
0	0
0	0
0	0
0	185
0	185
8	581
0	185
0	0
0	168
0	205
1	185
0	185
0	206
0	125
8	103
0	65
0	71
0	222
0	15
0	401
0	131
0	377
0	59
0	377
3	2
0	0
1	1
0	0
0	108
0	520
0	1394
5	1756
0	902
0	917
0	981
1	1028
0	617
0	955
0	817
0	194
17	90
0	61
2	486
0	114
0	17
0	15
0	1
0	5
0	1
0	0
0	1
0	5
2	615
0	708
12	262
0	629
0	659
12	37
0	379
0	24
0	206
23	581
0	44
0	142
0	82
0	456
0	9
0	572
0	1
0	0
0	1
0	0
0	1
0	0
1	0
0	0
0	0
2	1
0	1
0	0
0	52
0	72
0	63
3	60
1	81
0	73
0	5
0	0
0	0
0	0
0	0
0	0
0	0
0	0
0	0
0	0
0	0
0	0
0	0
0	0
0	0
0	0
0	0
0	0
0	0
0	0
0	0
0	0
0	18
0	17
0	20
0	14
0	0
0	0
0	1
0	0
0	1
0	6
0	1
0	1
0	0
0	0
8	1366
0	839
0	529
1	109
0	447
0	482
0	1400
0	1462
0	1367
0	225
0	349
0	723
0	1333
0	78
2	625
0	755
0	517
0	707
0	528
0	269
0	173
75	169
9	171
0	2331
0	1076
0	1364
0	2355
0	38
0	2353
3	2346
0	2346
3	2358
0	35
29	1314
0	288
1	199
1	204
2	144
4	131
0	167
2	158
1	48
0	99
0	54
1	32
1	66
0	29
0	64
6	2
15	0
0	73
0	57
0	39
0	62
0	30
0	17
0	19
0	63
1	57
1	22
2	1
2	0
0	0
0	0
0	0
0	0
0	0
0	61
0	4
0	0
0	3
0	1
1	1
0	0
0	3
0	5
1	210
0	201
0	191
0	225
6	209
0	193
0	215
15	17
0	65
2	72
0	44
0	10
0	3423
147	3292
0	3422
0	3300
0	2632
1	3299
0	3254
12	3292
1	3284
2	2810
4	1780
1	1390
0	1130
0	663
0	2197
0	443
0	417
0	441
0	237
0	198
3	22
0	197
0	17
1	22
10	13
0	70
1	3
0	189
0	162
1	168
0	27
1	11
0	79
0	35
0	417
0	0
0	0
0	0
0	0
0	0
0	0
0	0
0	0
0	0
0	0
0	0
0	0
0	0
0	0
0	0
0	0
0	0
0	0
0	0
0	0
0	0
0	0
0	0
102	220
1	140
7	111
0	101
3	51
0	16
0	47
0	41
0	16
1133	1165
3	1051
2	259
3	0
0	0
0	0
0	0
0	0
0	1
0	0
0	0
0	1
0	1
0	1
0	1
11	358
0	160
1	247
1	301
3	192
0	97
0	78
0	93
2	67
0	0
0	720
2	314
0	112
0	120
0	122
0	44
1	37
0	9
0	14
1	307
150	26
0	27
198	358
0	357
2	321
0	10
3	6
0	54
0	7
1	0
118	29
0	13
0	15
0	17
64	0
0	27
0	26
0	8
0	28
2	5
0	1
0	4
0	2
1	1
0	6
0	1
0	2
0	5
0	0
0	6
0	9
0	1
0	1
0	1
0	3
0	1
2	0
0	1
0	0
35	1322
0	1156
2	1241
2	537
141	315
0	138
0	70
0	14
0	30
1	88
0	22
0	22
1	27
0	8
0	312
148	71
0	68
0	37
0	13
0	3
0	0
0	0
0	2
0	1
0	0
0	0
0	1
22	366
0	264
0	259
0	391
0	398
1	256
1	264
0	64
0	41
4	40
0	70
0	63
0	65
2	32
0	348
0	81
1	138
7	129
0	156
0	8
0	16
0	16
0	12
2	18
1	9
0	9
0	512
0	492
0	406
0	490
0	388
0	498
0	301
0	502
0	386
0	476
0	387
0	252
0	259
4	273
0	239
0	209
0	229
0	13
0	41
0	166
0	200
0	117
0	149
0	86
0	96
0	35
0	43
0	19
0	30
0	14
0	0
0	0
0	0
0	0
0	11
1	192
0	115
3	105
34	82
0	488
0	491
0	327
1	419
0	273
3	252
8	107
0	137
0	54
8	0
3	0
0	182
0	0
1	0
26	257
1	256
0	255
0	228
0	228
0	30
0	78
0	53
1	52
0	45
0	36
0	19
0	19
1	1
0	0
0	1
0	0
123	9
1	6
0	9
0	1
0	9
0	185
14	123
0	248
0	788
0	743
1	223
1	167
20	540
0	0
0	0
0	0
0	0
0	0
0	0
0	0
0	0
0	0
0	0
0	0
0	0
0	0
0	0
0	0
0	0
2	234
0	145
0	10
0	213
4	56
1	49
0	2
0	5
0	146
0	145
87	110
0	42
0	68
1	68
171	470
1	424
0	408
5	33
1	58
0	39
0	426
51	324
1	203
0	246
0	210
0	200
2	149
1	240
0	202
1	59
1	50
3	97
0	98
0	57
0	78
0	66
0	62
0	30
4	26
0	13
0	310
0	95
2	66
273	117
0	52
0	25
3	1350
1	743
0	1394
1	1417
0	137
0	0
0	99
0	0
0	0
0	0
0	0
21	669
3	550
0	640
0	177
4	76
4	0
51	175
0	32
0	6
0	125
0	15
0	22
0	27
0	131
1	4
119	89
17	462
0	142
24	462
0	211
1	54
206	8
0	8
3	3
0	1
0	62
0	8
0	21
0	65
0	21
0	11
0	2
0	0
1	37
0	14
0	17
2	6
0	27
12	24
0	21
0	9
0	0
0	0
0	0
0	0
0	0
0	0
0	0
0	0
0	0
0	0
0	0
0	0
0	0
0	6
2	6
0	5
0	2
0	0
0	0
0	0
0	0
0	0
0	0
0	0
0	0
0	798
0	0
0	0
0	0
0	0
8	206
0	136
6	174
0	137
0	141
0	129
0	181
1	175
0	137
0	178
0	159
0	126
0	96
0	68
0	88
0	78
0	58
0	22
0	77
0	61
0	63
0	76
0	7
0	46
1	0
0	71
0	2
0	2
0	0
0	0
0	86
0	77
0	79
0	69
0	20
0	79
1	86
350	133
0	10
1	18
1	23
1	18
0	119
15	790
3	1137
0	955
2	200
7	289
0	333
0	260
0	219
3	378
0	238
0	239
0	299
0	107
1	211
1	6
0	1
0	4
0	4
0	5
0	4
0	3
0	4
0	1
0	1
0	0
0	0
0	0
0	0
0	0
212	105
5	105
12	104
0	43
0	0
0	0
0	0
0	0
0	0
0	2
0	0
0	0
0	0
0	0
0	0
0	0
0	0
0	2
0	2
0	0
0	0
0	2
0	2
0	0
0	0
0	0
0	0
0	0
0	0
0	0
0	0
0	0
0	0
0	0
67	675
0	658
0	650
1	19
0	54
0	607
2	211
1	58
0	82
0	143
1	63
1	6
4	0
0	70
18	3
0	3
714	0
70	156
0	148
1	74
0	34
0	34
0	0
0	0
0	0
0	0
0	0
0	0
0	34
0	71
0	62
0	69
1	71
0	35
0	38
0	25
0	38
0	0
1	37
0	30
0	11
0	23
0	25
0	9
1	6
0	6
3	5
2	7
0	3
0	0
0	0
0	25
0	16
0	22
0	5
155	286
0	0
0	21
0	14
0	15
0	9
0	8
2	15
0	14
5	244
0	0
0	0
0	0
0	0
0	0
0	26
0	0
0	1
0	1
0	1
0	0
386	200
1	131
0	202
1	49
0	200
6	180
1	0
1	64
15	416
0	51
0	413
0	17
0	57
3	120
26	60
0	58
0	52
2	17
2	16
1	0
0	0
0	0
0	0
0	0
0	0
0	0
0	0
0	0
0	0
0	0
0	0
0	0
0	0
0	0
0	0
0	0
0	0
0	0
0	0
0	0
0	0
0	0
0	0
2	542
248	547
1	18
0	3
0	6
0	4
0	5
0	0
0	852
28	852
0	787
0	1
0	1
0	1
0	0
0	0
0	0
0	1
0	1
0	1
0	1
0	1
0	0
2	1
224	147
2	135
0	19
1	27
0	864
39	622
1	256
15	435
0	735
0	702
0	417
2	168
0	188
1	315
0	145
0	167
0	203
1	240
0	232
0	100
0	209
0	232
0	208
0	93
0	142
0	31
1	85
8	685
3	397
0	665
1	49
0	31
4	86
0	47
1	18
0	0
0	0
0	0
0	0
0	0
0	0
0	0
0	0
0	0
0	0
0	0
0	0
0	0
2	2
0	0
0	2
0	0
7	628
39	558
12	155
0	453
0	53
0	249
2	169
0	144
0	73
0	8
2	636
0	524
1	562
1	268
0	120
0	276
0	382
0	511
0	157
0	184
0	385
3	300
0	74
3	209
0	303
0	303
0	211
1	194
0	131
4	159
0	27
9	34
1	3
0	99
53	564
0	27
0	29
0	55
1	61
1	404
2	28
0	31
26	15
0	9
0	1
0	3
0	2
0	0
0	1
0	0
0	0
0	0
0	1
1	128
0	58
10	81
1	30
119	148
0	37
3	401
0	386
0	48
1	23
0	17
1	46
0	45
0	384
24	132
0	128
0	21
0	0
0	0
0	0
0	0
0	282
0	106
120	1997
0	2000
0	357
0	369
9	369
1	61
3	172
3	191
0	181
14	84
0	27
6	96
3	15
0	9297
0	9373
0	8964
1	8023
18	1369
16	1254
10	1223
47	5125
2	2615
9	790
10	1294
0	255
0	276
0	252
24	210
4	177
0	189
5	20
0	10
1	52
2	82
0	37
0	85
4	78
0	61
0	17
1	414
0	11
0	11
6	11
19	27
1	10
0	5
1	6
0	2
0	4
0	16
5	67
10	103
18	36
1	26
0	20
2	0
0	12
0	20
0	23
0	7
0	20
0	120
0	119
1	12
0	17
1	9
0	108
0	6
2	8
0	30
0	113
2	3
0	372
7	372
0	160
0	36
0	36
0	78
0	0
0	1
0	0
0	1
1	1
5	0
0	1
1104	1
1	26
2	26
0	4
0	237
23	158
5	135
0	76
2	417
3	405
0	353
0	405
0	402
0	391
0	404
0	405
0	344
0	404
0	404
0	343
0	404
0	345
0	390
1	399
0	396
0	400
0	381
0	395
0	377
0	342
0	373
0	373
0	373
0	290
0	356
0	340
0	348
0	179
0	103
0	59
0	23
0	6
1	1
0	0
0	0
0	0
0	0
0	0
0	494
3	303
0	403
4	275
1	383
0	345
0	160
1	173
0	25
1	85
0	138
31	408
33	470
0	186
1	9
0	81
0	139
2	289
0	286
0	226
0	365
0	420
0	436
0	194
0	18
0	7
0	2
0	0
0	6
0	6
0	2
0	3
0	3
0	3
0	0
0	15
0	3
0	15
0	3
0	1
0	2
0	2
0	2
0	7
0	1
0	2
0	0
0	0
6	259
1	560
6	440
0	350
0	77
0	62
1	88
7	90
3	25
0	124
0	132
0	108
0	99
2	89
0	70
0	74
0	66
0	62
3	30
0	30
0	482
0	1199
0	1209
0	402
1	699
85	1191
0	402
0	538
0	401
0	145
0	335
0	242
0	56
0	705
2	156
0	321
43	718
2	34
9	5398
0	6
0	5655
0	6462
0	4391
0	6172
0	6418
69	4100
0	4657
47	3173
0	5814
0	5737
0	2502
0	0
0	1482
0	1478
0	2
0	202
98	221
0	55
0	133
0	132
4	178
1	159
0	160
0	154
0	162
4	107
5	107
0	157
0	162
0	143
42	119
0	6
0	97
6	31
0	16
0	4420
1	566
2	130
3	331
5	892
0	1460
0	65
0	3620
0	3944
0	4354
10	1129
1	231
5	524
2	761
0	46
11	67
0	142
187	170
31	17
0	21
0	8
2	0
0	0
0	2
0	2
0	2
0	2
0	0
0	0
4	1714
0	87
10	1530
3	323
0	53
5	419
16	344
0	1503
1	1196
0	1360
0	821
0	130
0	75
0	33
0	28
0	29
0	6
2	25
0	22
0	5
0	18
0	126
1	0
8	35
0	22
0	5
0	4
0	0
0	35
253	395
2	8
0	213
0	152
0	20
0	14
0	33
0	48
0	9
11	13
0	26
0	32
6	300
0	300
0	302
0	72
0	36
0	40
3	31
4	37
0	29
0	16
2	11
0	7
13	4
1	36
0	2502
0	2502
119	2502
9	2539
0	2539
0	2503
0	1499
0	1015
0	657
20	283
0	668
15	550
0	108
7	224
1	4
0	0
5	6
0	4
0	6
0	10
0	2
72	77
0	77
0	2
0	1
0	0
0	1
0	0
0	0
0	0
0	0
0	0
0	0
0	0
0	0
0	0
0	0
33	829
1	105
6	108
1	348
1	743
0	106
0	138
2	362
0	23
0	24
0	23
0	23
0	22
0	2
0	1
0	5
0	20
0	18
0	3
0	8
0	0
4	0
0	111
0	112
0	15
1	7
1858	2647
20	1930
0	246
0	345
0	521
2	428
0	92
17	19
13	664
10	652
0	625
1	349
0	0
0	9
0	9
0	9
0	9
0	9
0	0
0	0
0	0
0	0
347	288
3	213
1	263
1	150
0	0
0	0
0	0
0	51
0	51
0	49
68	0
0	0
0	0
0	47
192	47
3	5
0	47
2	5
0	31
448	1256
4	1211
0	954
3	278
0	149
0	0
0	944
1	273
0	234
0	78
15	136
3	104
0	93
5	97
0	196
0	612
3	510
0	344
22	396
0	276
0	238
6	166
0	218
1	174
3	198
0	102
0	34
0	179
7	188
0	181
0	173
0	14
0	180
0	176
0	57
0	50
0	33
0	25
0	3
29	110
1	95
0	97
0	55
1	31
1	3
202	54
0	54
539	362
0	73
1	122
1	167
7	141
0	37
4002	0
336	171
0	108
0	21
1	35
0	20
1	22
0	19
1223	2
0	2
68	263
1	251
2	181
0	239
0	22
0	18
0	75
2	14
0	63
1	26
2	125
0	386
0	3
0	386
0	20
0	34
0	387
0	0
0	0
0	0
0	0
0	0
0	0
0	0
0	0
0	0
0	0
0	0
0	0
0	0
0	0
0	0
0	0
1	14
0	0
0	10
1	341
3	341
0	5
0	1
769	0
10	293
3	293
0	4632
0	2001
0	2177
34	2958
0	3865
0	1420
0	727
14	616
1	836
0	1484
0	1830
0	1139
0	1435
0	1023
5	1130
0	1253
0	921
137	43
0	6
0	8
0	23
0	13
0	15
0	9
0	10
0	83
0	509
0	1164
0	407
2	701
0	285
38	1035
2	395
17	1
1	166
0	1033
14	1392
1	2
0	30
0	1399
4	1337
1	40
0	1399
1	77
4	246
64	242
1	105
12	123
16	120
0	44
0	121
0	125
0	86
0	4
1	0
0	3
0	4
0	3
0	18
0	18
0	6
0	7
0	0
9	43
0	14
7	162
0	162
2	156
10	21
7	18
4	12
0	95
0	196
0	85
0	155
0	158
0	1
0	0
0	1
0	0
0	0
0	2
1	14
0	14
0	16
0	13
0	11
0	230
1	205
0	575
3	2048
5	346
0	337
0	2050
0	2056
0	34
1	38
0	71
0	23
0	242
0	36
1	138
0	230
7	86
1	104
0	80
0	10
0	63
0	65
0	30
1	34
5	39
0	7
0	11
0	0
0	0
425	1722
4	1425
29	1211
1	925
0	944
0	532
0	234
0	341
0	231
1	284
0	18
0	7
0	17
0	14
0	17
1	16
0	13
0	18
0	13
0	7
1	16
9	366
1	340
0	355
0	344
0	342
0	42
0	44
40	203
0	203
1	310
6	316
1	307
2	52
0	91
1	85
1	48
0	41
0	7
0	7
0	307
0	0
10	196
0	27
0	6
0	21
0	340
4	4
0	22
1	21
0	335
0	0
0	0
1	345
1	340
0	356
4	344
0	52
8	138
0	157
1	92
0	75
2	20
0	12
0	6
16	46
0	8
0	12
0	34
0	21
0	11
0	3
0	18
0	6
1898	0
0	110
26	643
0	613
0	104
25	677
0	641
26	687
0	644
0	648
0	656
0	651
0	630
0	666
1	633
0	655
0	648
0	631
0	181
0	172
13	122
0	99
11	59
12	25
2	38
0	42
2	25
8	24
0	6
0	0
0	1
0	5
0	0
0	0
0	7
0	1
0	0
0	2
0	2
0	2
0	0
0	2
0	2
12	29
0	2
0	27
0	10
0	3
0	0
1	0
0	5
0	5
0	5
1	1
0	1
0	0
0	0
0	0
3	0
0	0
0	0
0	151
86	326
6	322
1	163
3	323
2	193
0	29
2	76
4	133
0	0
0	0
2	201
0	243
1	793
0	227
2	922
1	197
1	871
0	182
1	166
0	150
2	57
1	170
0	217
0	139
18	175
0	374
0	284
0	181
0	787
0	327
1	316
2	252
0	89
0	58
0	205
0	45
0	31
0	148
0	13
0	41
0	37
0	9
0	33
0	30
1	8
0	473
213	642
0	598
0	429
0	38
0	139
0	154
82	375
0	334
0	147
0	99
0	51
0	50
0	31
0	10
0	10
0	4
0	3
0	0
0	6
0	0
0	0
0	0
0	0
0	0
397	0
0	2
0	21
65	497
0	112
0	120
4	388
5	135
0	299
6	64
3	97
4	3
0	3
0	14
0	12
0	9
0	11
0	1
0	0
0	1
0	1
0	1
0	0
0	1
48	4
0	4
0	1
0	0
1054	342
0	298
5	85
5	173
1	8679
0	8753
0	8722
0	3567
6	908
26	271
5	1453
11	1005
72	26
0	17
0	10
0	7
1	439
0	439
3	429
0	439
0	439
0	439
0	432
0	21
0	442
0	433
0	436
0	32
0	38
0	80
0	86
1	20
0	397
0	0
0	316
0	346
1	12
12	307
2	2053
0	2133
1	1555
0	249
0	553
0	973
0	307
0	334
0	0
0	0
0	0
0	0
0	264
0	222
0	233
0	120
2	21
1	273
0	15
0	279
0	268
0	251
0	223
0	76
0	26
0	26
0	2
0	32
3	7
0	30
1	115
0	124
0	0
0	0
1	0
0	719
0	106
0	73
0	42
0	23
1	28
0	686
0	68
11	0
0	20
0	23
0	23
0	23
0	9
0	0
1	0
0	20
399	313
0	272
0	253
0	199
2	279
0	203
0	18
0	270
0	10
0	83
0	119
3	18
0	124
0	0
5	112
0	47
3	55
1	307
3	76
9	40
2	80
1	243
0	233
15	138
0	49
0	60
0	52
0	55
0	41
0	49
55	0
0	151
0	163
0	116
0	68
1	13
0	37
0	35
0	32
0	33
0	13
0	13
0	2
0	5
1	1
0	1
98	25
0	25
0	6
0	1
0	4
0	6
1	6
9	553
0	545
0	542
0	321
0	169
0	140
0	102
0	126
1	123
0	119
0	114
0	99
0	77
0	52
0	39
0	8
4	8
0	18
0	1
0	0
0	544
1	222
0	282
15	279
2	136
0	29
32	40
2	2634
0	2426
0	2147
11	2289
0	2471
0	2383
0	2437
0	2254
0	2204
0	2213
0	1717
0	2103
2	2481
0	2123
0	2199
0	2208
0	2348
0	2212
0	1610
1	2557
0	2451
2	2208
2	2415
0	1792
0	1926
0	1985
0	2005
0	1818
0	1487
0	1473
0	1100
0	1318
0	319
0	1103
0	1270
0	1016
0	927
0	563
0	535
0	454
0	466
0	566
5	431
0	426
0	103
0	441
0	201
0	307
1	214
47	139
3	12
1073	447
2	107
5	155
1	269
0	7
0	69
1	174
19	579
0	572
0	543
0	557
0	17
0	579
0	52
0	69
0	310
0	59
0	4
0	38
3	300
0	54
0	68
0	65
0	12
3	12
1	100
2	280
0	266
0	40
0	9
0	21
0	59
0	191
0	84
1	43
0	39
0	105
0	315
0	328
0	328
0	315
0	38
0	336
0	9
0	3
0	23
3	24
2	0
0	303
0	261
0	229
0	236
37	35
0	21
2	19
0	30
0	26
0	91
1	8
0	1
1	26
0	54
17	72
20	68
1	29
0	318
0	272
0	220
0	248
0	300
0	139
2	52
0	246
1	214
0	98
2	158
0	86
0	85
0	88
0	31
0	45
1	63
0	50
0	38
0	18
0	18
0	9
0	0
0	0
0	0
0	0
0	0
0	0
0	0
0	0
0	0
0	0
0	0
0	272
0	245
0	1
0	1
0	0
0	0
10	30
0	4
0	22
6	25
0	7
0	6
0	1
0	14
0	5
0	33
0	19
6	220
23	189
33	897
7	888
3	9
33	0
0	2
1	2
0	13
0	33
0	30
0	36
0	16
0	15
0	15
0	12
0	11
0	9
0	9
0	5
0	0
0	0
0	0
0	0
0	0
0	0
87	1197
1	99
0	144
0	1206
4	49
0	207
26	125
0	125
0	4
0	0
394	41
2	41
0	0
1	0
0	0
0	282
2	15
1	38
0	43
3	33
0	45
0	39
2	12
0	34
1	12
0	15
0	170
8	384
0	196
0	560
1	196
0	338
0	93
0	2
0	1
0	1
0	2
0	0
0	0
0	0
0	0
0	1
0	2
0	1
549	208
4	208
0	39
3	53
0	119
2	126
0	13
0	123
0	13
0	11
1	8
2	37
43	141
3	6
0	23
2	55
6	64
0	300
2	124
0	248
31	273
0	309
8	159
0	57
0	31
2	54
0	35
0	35
0	34
0	35
0	34
0	26
0	31
0	27
0	25
0	21
1	19
0	19
0	13
21	158
0	132
4	27
0	91
3	79
3	14
0	0
0	15
0	0
0	0
28	2
0	2
0	0
0	0
0	0
0	0
0	42
0	204
1	199
0	192
0	15
1	55
440	214
2	77
0	192
0	538
0	524
0	540
0	953
0	547
0	987
0	570
0	1094
2	1083
0	1083
1	550
0	499
0	515
0	500
0	724
0	45
10	250
0	765
0	1084
0	59
0	59
0	54
0	59
0	59
0	54
1	50
0	59
0	59
0	54
0	42
0	45
0	7
0	9
0	5
0	5
0	2
0	2
0	9
0	3
0	3
0	0
0	6
0	1
0	1
0	6
0	6
0	6
0	5
0	4
0	1
0	1
0	1
0	59
0	59
0	54
0	59
0	59
0	4
0	4
0	3
0	3
0	0
0	0
1	1
0	3
4	1832
0	52
1	42
3	45
0	51
0	1854
0	7
0	26
0	11
0	72
3	111
0	30
7	183
0	2
0	2
0	2
0	2
0	0
6	11
0	3
0	11
1	3
0	2
0	38
0	29
0	123
0	123
0	25
2	32
0	131
0	91
0	95
0	127
4	88
0	13
0	123
0	9
2	11
1	49
0	93
0	61
0	51
0	40
2	13
0	50
0	13
0	39
0	75
1	61
0	13
0	6
6	122
0	116
0	58
0	37
0	13
0	24
0	28
1	0
6	19
0	28
0	19
48	32
0	12
0	22
568	52
1	23
1	51
2	36
0	3
0	0
0	0
0	0
0	0
0	0
0	0
0	0
0	0
0	0
2	2
0	0
0	2
0	0
0	0
879	490
0	116
0	123
0	68
1	38
0	71
0	60
2	145
0	2453
7	1287
4	807
2	1370
0	750
0	447
0	324
0	299
0	301
261	104
0	104
1	516
0	495
0	520
0	133
8	1
0	510
0	118
1	93
0	147
0	119
0	96
1	119
0	0
0	0
0	0
0	0
0	0
0	0
1	3
0	3
0	3
0	3
0	3
0	0
0	0
1	4
32	20
1	14
0	6
0	14
0	5
0	5
1	2
1	2
0	48
0	48
0	36
4	5
1	3
14	1532
4	1352
12	309
0	1363
0	298
7	147
0	1070
1	901
0	950
1	992
0	828
21	1068
0	955
0	403
0	52
0	742
0	624
1	752
0	343
1	258
1844	0
0	0
6	2372
0	2622
1	2592
6	1973
9	2227
81	2430
0	254
0	205
0	312
0	310
1	0
0	1
0	0
0	1
0	1
0	0
0	0
0	1
0	1
0	1
6	195
18	195
508	200
0	154
5	50
0	0
0	0
3	636
6	631
120	658
0	0
0	0
0	0
0	0
0	0
0	0
0	0
0	0
0	0
0	55
8	340
8	341
0	77
3	48
0	124
2	387
1	330
12	143
6	119
1	89
0	0
0	0
0	0
0	0
0	0
0	0
3	109
0	376
2	349
3	465
2	246
9	154
0	355
0	271
10	230
0	214
0	615
0	432
0	448
36	615
0	488
1	882
0	953
4	874
4	313
0	1
0	1
0	1
0	1
0	0
6	402
9	139
0	411
3	191
0	61
8	36
4	15
0	99
0	0
0	397
0	411
0	260
0	91
2	126
0	407
0	398
0	144
0	271
0	7
1	190
1	30
0	0
0	8
0	186
2	17
0	189
0	402
0	193
4	37
0	178
0	51
0	193
1	1
1	62
5	82
0	611
0	0
0	0
0	1
0	3
0	0
0	3
0	2
0	2
0	0
0	0
0	2
0	2
0	0
0	0
0	0
0	1
0	0
0	1
0	562
0	411
0	0
0	0
0	0
0	0
29	337
15	283
0	35
0	149
12	43
0	23
328	64
32	39
0	27
0	11
1	11
7	28
0	0
0	0
0	0
0	138
9	141
2	86
0	26
0	27
0	3
0	3
0	58
0	58
0	52
0	52
0	52
0	55
0	38
0	37
0	50
0	51
0	0
0	0
0	0
0	0
0	0
0	0
0	12
0	0
0	0
0	0
0	54
0	0
0	0
0	0
0	8
0	61
0	45
0	0
0	25
0	0
0	0
0	0
0	0
0	0
0	0
0	0
0	0
0	0
0	0
0	0
0	0
0	0
0	0
544	130
2	130
0	0
0	9
0	9
0	6
0	3
0	10
0	9
0	4
0	8
0	9
0	9
0	7
0	6
0	8
0	8
0	6
0	7
0	4
0	2
0	4
0	6
0	0
0	0
0	6
0	0
0	0
0	5
0	5
0	0
0	1
1	3
0	0
0	12
0	2
0	6
0	0
1	0
0	0
0	0
0	0
0	0
0	0
0	0
0	0
0	0
0	0
0	0
0	0
0	0
0	0
0	0
0	0
0	0
0	0
0	1
0	1
0	4
0	7
0	1
0	6
0	6
0	6
0	4
0	2
0	3
0	3
0	27
651	434
5	145
1	433
0	303
5	24
0	118
1	15
0	10
0	10
0	13
0	11
0	11
560	189
0	189
0	21
1	51
0	509
0	581
0	581
0	113
1	4
0	0
56	0
36	60
0	29
0	43
0	46
0	22
3	17
0	0
0	0
0	0
0	0
1	8
16	8
6	100
0	101
0	141
15	108
0	126
0	81
0	132
0	0
0	0
0	0
0	0
0	0
0	0
0	0
0	186
1	1529
6	647
1	1312
0	1524
1	1231
0	155
0	176
0	286
0	165
1	145
0	147
0	104
0	252
9	142
0	517
2	43
0	4
0	1
0	3
1	0
0	125
0	1
0	1
0	1
0	1
0	1
0	14
0	1
0	14
0	14
0	0
0	0
0	1
0	1
0	1
0	0
0	0
0	0
0	0
0	0
0	0
2	2
0	0
0	0
1	103
0	147
19	222
0	168
0	195
0	26
0	195
0	60
1	37
0	28
1	28
1	0
0	19
1	13
0	0
0	0
0	0
0	0
0	0
0	0
0	0
0	0
3	0
3	87
0	87
1	10
0	12
0	0
0	0
27	402
0	176
0	313
1	20
1	20
0	12
0	4
0	7
0	0
0	293
0	0
0	0
0	359
6	83
0	366
13	126
10	82
0	297
0	279
0	309
15	230
0	180
1	145
0	164
0	144
0	66
2	74
0	53
0	0
0	0
0	0
0	0
0	0
0	0
0	0
10	173
830	222
0	93
0	0
0	0
0	0
0	528
0	1385
0	1267
1	1407
0	1351
0	1279
0	1367
0	1253
0	1240
0	1301
1	169
0	895
1	90
0	1213
0	151
2	50
0	114
1	14
2	852
0	357
0	160
2	194
0	104
1	101
6	495
0	184
0	113
0	132
0	131
0	111
0	91
0	85
0	119
0	75
0	94
0	42
0	95
0	71
1	40
0	1291
0	1399
1	305
1	297
0	17
0	5
0	95
0	3
4	1
0	59
0	0
0	269
0	277
400	234
4	104
3	106
6	110
0	110
0	36
352	530
0	146
0	256
0	258
0	273
0	692
384	99
0	160
2	147
1	56
0	38
170	81
0	11
0	70
0	0
0	0
0	0
0	0
8	514
0	570
0	560
3	419
10	564
0	78
0	65
0	14
2	0
0	81
64	201
0	191
1	190
0	112
0	138
0	78
0	120
0	126
2	570
0	863
1	863
0	0
0	1
1	1
2	3
0	2
0	3
2	2
0	13
0	2
0	1
4	13
0	0
0	0
0	0
0	0
352	0
0	0
0	0
0	0
0	0
0	169
0	43
51	558
2	420
1	20
31	446
11	491
0	406
4	287
0	344
2	422
0	245
3	478
3	158
1	15
0	608
1	27
16	0
1	63
0	35
0	87
0	21
0	58
0	47
2	76
3	38
0	0
0	0
0	0
0	0
0	0
2	412
0	683
0	864
0	863
0	782
7	836
0	798
0	825
11	785
0	855
0	829
0	832
0	886
0	907
0	869
0	814
0	904
0	904
0	703
0	7
0	552
0	550
0	532
2	428
2	153
0	244
0	248
1	57
0	143
0	104
0	51
0	23
0	52
2	80
0	27
0	28
0	12
0	10
0	0
1	345
3	345
0	21
0	4
0	106
0	102
0	25
1	106
0	17
0	21
0	8
0	21
0	0
0	0
0	0
0	0
0	0
0	0
0	0
0	0
0	0
0	832
0	445
0	249
1	148
0	159
0	4
1	60
0	115
1	45
7	73
10	20
0	30
0	3
0	748
0	817
0	0
65	140
4	57
0	144
0	14
0	0
1	408
2	376
2	43
0	34
0	324
0	0
0	21
0	41
0	34
0	37
0	12
0	204
0	215
0	208
0	18
0	41
0	46
0	27
0	29
0	33
0	39
0	25
0	407
55	347
0	174
1	240
1	35
0	45
0	95
0	29
0	26
0	117
0	7
0	11
2	5
0	1
0	6
0	92
0	376
258	0
0	0
0	0
0	0
0	0
0	0
0	0
0	0
0	327
766	700
4	439
2	59
1	47
0	57
0	200
0	342
104	469
0	103
1	84
7	324
0	82
0	6
1	0
1	407
10	460
0	397
0	351
0	8
2	89
1	74
0	89
0	73
0	15
0	31
0	20
0	21
2	214
315	355
0	164
0	221
0	363
5	41
0	34
0	30
1	39
0	9
0	51
1	26
681	1294
0	270
6	305
3	172
0	271
0	1024
2	1288
0	124
5	608
0	26
0	46
0	31
1	15
4	35
0	11
1	20
2	10
0	1
1	9
2	0
0	0
0	7
0	0
0	0
0	0
0	0
0	0
0	5
0	7
0	7
1	5
55	2
336	0
0	78
0	0
0	0
0	0
0	0
1679	173
605	193
7	118
12	41
3	44
79	450
6	73
3	387
5	442
0	435
1	309
0	7
0	204
8	204
7	81
0	139
0	54
0	103
0	94
0	43
0	60
0	134
0	94
0	29
1	90
0	20
0	18
1	22
0	67
0	540
0	186
0	460
0	198
0	522
3	537
0	537
9	79
60	552
2	256
0	42
5	266
0	237
6	37
0	658
0	682
29	606
0	608
0	688
0	1
0	1
0	3
0	0
133	1783
1	1557
3	809
1	1368
0	568
3	749
13	254
17	1089
0	921
0	904
0	151
4	655
0	55
0	219
0	406
1	127
0	142
0	77
1	132
0	152
0	26
4	13
8	807
220	2042
0	1631
4	217
0	35
0	330
0	217
0	126
0	7561
0	7410
1	7098
0	7484
0	4054
0	7097
0	7097
0	7454
0	7275
0	7193
0	6959
0	6944
0	7289
0	7264
0	7028
1	1576
1	5953
0	6644
0	7422
0	7170
0	7561
0	6964
0	38
0	7373
0	1437
0	7350
0	7343
0	59
0	1414
0	7441
0	7467
0	2970
0	6953
0	817
0	1815
0	769
1	4024
0	4024
0	1705
7	6473
0	2
0	0
0	2
0	2
0	2
0	2
0	0
0	0
0	2
0	2
0	0
0	0
0	3
0	2
2	3
0	0
0	1
0	0
0	0
0	0
0	0
0	0
0	2
0	0
0	0
0	1
0	1
783	0
1	0
0	0
0	0
0	0
5	42
163	90
13	90
0	9
0	9
0	3
289	0
3	644
0	661
0	674
4	635
0	649
2	651
15	634
0	654
0	618
0	606
0	637
3	595
1	601
0	598
0	608
0	521
0	59
0	189
1	20
0	137
0	133
0	69
0	74
0	78
0	94
0	67
0	18
0	100
4	51
0	222
0	213
0	57
0	210
0	64
0	95
0	188
1	54
1	0
0	0
0	0
397	467
0	466
0	122
0	120
0	72
0	15
10	627
0	16
3	406
0	571
0	59
1	57
0	51
0	126
3	46
1	26
0	46
0	0
0	7
0	12
0	5
404	569
0	257
3	236
0	318
1	176
1	149
4	44
0	139
22	147
0	41
0	47
0	15
2	74
0	25
0	98
0	148
2	148
39	62
0	11
0	11
0	67
0	0
0	2
1	2
0	0
353	16
0	15
0	0
9	155
0	143
0	103
0	102
0	1
0	0
0	41
0	40
0	4
0	29
0	4
0	3
6	17
0	0
0	0
0	0
0	0
0	0
0	0
0	0
0	4
0	3
0	4
0	4
0	0
2	2
0	1
463	292
2	292
0	38
0	1
0	1
0	0
0	0
0	0
8	174
0	177
1	122
1	20
0	81
0	79
0	14
0	28
0	30
0	20
0	15
1	12
0	10
0	1
0	1
0	1
0	1
0	1
0	1
0	1
0	0
0	0
0	0
0	0
0	0
0	0
0	0
0	0
0	13
0	1
0	0
0	13
0	5
0	2
0	1
0	4
0	2
0	4
0	5
1	1
0	19
0	16
0	5
0	17
0	105
6	1889
1	1904
0	1291
6	160
4	256
12	181
0	559
0	126
0	62
29	1531
2	35
16	1196
0	88
1	119
2	32
8	827
0	1901
0	1680
0	1419
9	1379
1	441
0	102
0	34
0	1419
0	702
14	67
0	73
0	116
0	66
0	125
0	75
0	1079
0	1045
0	1069
0	1068
0	636
0	1067
0	938
7	1027
1	1015
0	1056
0	1054
7	973
0	1032
0	414
1	30
0	79
0	376
1	29
0	196
0	4
3	51
62	1013
0	283
0	322
3	59
0	41
1	882
1	359
154	35
5	28
0	7
48	0
0	2
0	2
0	2
0	2
0	2
0	0
0	67
5	581
1	32
0	449
1	297
1	89
0	74
5	82
0	36
0	72
2	8
0	45
0	33
0	42
0	49
0	25
0	5
1	4
0	33
0	7
424	0
0	289
3	563
0	571
6	559
121	4148
0	618
0	626
0	797
0	590
1	3425
0	436
0	593
9	3996
0	598
3	569
3	126
8	114
3	201
12	507
0	553
0	291
1	5
0	6
0	5
47	6
0	4
0	3
3	3
13	319
6	191
8	280
3	43
5	95
0	162
0	83
0	79
13	56
1	51
1	62
0	76
1	22
20	49
0	597
0	589
0	675
4	100
0	42
1	650
1	585
0	53
2	40
239	185
0	15
0	116
0	24
0	26
0	7
0	21
0	2
0	26
0	21
0	1
0	1
0	0
0	3
0	10
0	4
0	1
0	3
0	6
0	3
0	26
0	0
0	0
0	0
8	21
0	43
0	1
0	29
2	16
0	17
0	16
5	23
0	0
0	0
0	0
0	0
0	0
0	0
0	0
2	108
0	172
0	419
0	324
2	203
0	150
231	0
0	4
5	4
2	1
0	3
2	3
1	0
0	2
0	2
0	2
0	2
0	2
0	2
0	1
0	0
0	0
0	0
0	0
0	0
0	0
0	0
0	0
0	0
0	586
0	316
4	514
0	528
0	210
1	108
21	292
0	460
2	438
0	0
0	0
0	0
0	1850
0	1586
0	1534
0	1402
0	1707
0	1154
0	1825
0	1825
0	1850
425	29
46	29
5	18
4	27
0	13
1	4
0	0
2	9
0	2
0	383
0	262
0	152
0	137
1	3
0	12
0	0
0	0
0	337
0	279
4	301
0	85
0	67
0	75
4	202
2	53
3	48
0	44
12	110
1	21
22	22
0	33
0	32
0	41
1	50
63	98
0	46
0	23
0	48
7	839
0	851
1	126
1	46
0	181
2	143
0	371
0	36
0	17
0	0
0	0
0	0
0	0
0	0
0	0
0	0
0	0
0	794
0	1341
1	536
1	665
0	5609
11	1229
1	369
0	957
3	3416
2	988
0	1284
0	2406
0	859
1	1365
1	4758
0	5478
0	237
0	557
0	198
0	501
0	197
0	385
0	228
7	36
0	162
0	401
0	123
0	195
0	122
1	73
6	198
0	535
0	192
0	555
0	591
0	117
0	197
0	135
0	180
0	591
0	207
0	632
0	115
0	199
0	80
0	65
0	193
1	483
0	175
0	520
0	86
0	176
0	517
0	135
0	458
0	96
0	182
0	144
0	158
0	80
0	132
0	73
0	173
0	9
0	8
0	137
1	139
1	77
0	119
22	133
1	139
0	46
1	27
70	70
0	5
0	11
2	64
1	1
0	0
0	8
0	6
1	2
0	940
0	891
2	777
0	49
0	366
0	54
0	93
8	129
0	686
0	796
31	944
1	1024
5	847
2	451
15	94
50	627
0	96
0	39
2	954
0	249
0	683
0	154
1	321
3	591
21	471
0	280
417	170
0	72
0	106
0	98
0	95
0	0
1	179
14	179
0	1299
0	1328
5	612
0	74
0	469
2	408
2	20
0	61
0	102
0	62
0	90
0	61
0	33
0	33
0	11
0	7
0	2
0	1328
0	22
0	22
0	22
0	22
0	14
0	0
5	1
7	190
2	134
4	176
3	151
0	90
11	20
0	229
0	195
0	150
0	219
0	126
0	86
0	69
0	104
1	78
0	69
6	48
0	42
0	35
2	12
0	158
0	228
0	63
89	311
20	73
2	132
1	109
3	38
0	14
0	0
2	4
0	4
0	76
0	76
0	75
14	81
0	80
0	5
0	77
0	20
0	1
0	9
0	6
0	7
0	9
0	12
0	32
0	74
14	16
0	23
0	44
1	38
1	69
0	4
0	4
0	4
0	2
2	17
0	398
0	143
0	441
8	441
0	417
31	1
0	1
120	49
0	19
0	27
1	21
0	18
0	19
0	5
1	4
14	20
0	20
0	35
0	891
1	865
0	882
0	523
11	860
0	439
0	229
0	155
0	299
0	137
1	136
0	860
7	238
10	241
0	6
254	525
0	541
0	544
0	520
0	504
0	372
0	367
0	335
0	376
0	169
7	28
9	24
1	18
0	0
1	6
0	2
0	26
0	21
0	290
0	383
0	175
0	245
1	245
0	50
167	293
0	299
2	0
43	340
1	12
1	0
0	21
5	0
0	25
0	0
0	155
2	104
0	168
0	162
0	135
0	95
0	32
1	85
0	46
0	36
0	27
0	38
0	31
0	35
379	2574
0	644
0	82
6	254
32	1613
9	169
0	302
1	58
1	659
549	1006
1	488
0	469
1	42
4	448
0	164
0	0
0	74
0	86
0	37
1	14
0	82
1	14
0	14
25	14
112	1509
0	1326
3	621
5	985
0	216
0	1506
9	398
5	3507
13	2021
250	2443
0	3462
0	2971
0	2931
28	1973
0	2819
5	1170
0	2194
33	205
0	15
0	989
4	982
4	762
0	604
0	561
0	739
1	547
0	168
1	1796
0	1373
0	1797
1	120
0	1303
0	1264
0	1118
0	1015
0	1065
2	35
1	933
0	138
0	38
2	278
0	113
1	60
1	36
0	13
0	22
0	236
1	36
0	192
0	33
0	39
0	228
0	29
0	4
0	143
0	166
1	165
0	141
0	3
1	42
0	53
0	42
0	73
0	217
0	230
7	0
0	232
0	220
0	230
1	231
1	227
0	239
9	230
0	231
0	219
0	0
0	0
0	0
0	0
0	0
0	0
0	0
0	0
0	0
1023	270
0	258
3	219
2	351
0	379
0	356
1	344
0	387
0	307
0	23
0	28
3	145
0	9
0	0
0	27
4	5
0	111
8	93
0	57
0	78
3	72
5	37
47	0
0	3226
3	3157
0	76
0	67
0	1
0	33
0	33
0	312
0	134
0	43
0	309
0	51
0	99
0	199
4	7
0	307
0	1
0	2
0	2
0	5
0	61
0	98
0	284
0	126
0	310
0	311
0	61
0	88
2	1
0	33
0	61
0	46
0	79
0	124
0	126
0	316
0	63
18	289
0	97
0	52
0	73
0	44
1	6
10	1
0	1
0	165
0	9
12	165
0	36
6	6
0	5
0	1
0	0
0	184
0	3
0	3
0	181
0	184
3	181
1	187
1	107
1	180
0	75
5	69
0	0
0	0
7	4
0	4
0	0
0	0
0	0
0	40
180	133
0	92
0	134
0	0
0	0
668	0
115	377
4	313
3	157
30	396
3	396
31	0
1	160
7	160
0	0
0	0
0	31
40	31
0	10
14	105
2	105
0	108
2	34
0	4
0	7
0	7
1	7
0	7
0	7
0	4
0	4
0	3
0	2
0	3
0	2
0	3
0	2
0	4
0	4
0	3
0	3
0	1
0	1
0	2
0	2
1136	1000
0	13
1	946
0	275
0	294
0	174
4	104
0	99
0	73
0	50
0	85
0	82
0	87
0	65
0	62
2	2
0	0
7	305
0	298
8	324
1	290
0	289
46	394
0	412
0	224
0	203
0	0
0	769
7	434
0	336
0	281
14	200
0	652
3	132
2	41
0	73
5	1
1	12
5	31
0	0
0	32
0	419
0	0
0	2
0	2
0	29
0	405
0	424
0	318
0	355
0	3
8	279
467	151
7	74
1	63
2	147
0	60
89	764
1	655
0	438
0	90
0	25
130	120
110	120
0	6
0	1327
5	33
216	74
0	70
0	0
0	73
365	73
0	3
0	3
0	1
0	0
0	15
207	206
1	0
0	65
0	33
0	24
0	197
25	213
2	65
0	27
0	31
0	212
0	61
0	2
1	4
0	5
0	59
0	5
0	8
0	0
0	50
0	9
0	4
0	20
0	3
0	0
0	0
0	1
0	53
0	1
0	1
0	1
0	1
0	1
0	0
0	0
0	0
0	0
1	486
1	31
0	505
0	311
0	20
0	49
0	27
0	288
1	12
5	80
0	33
0	69
1	248
0	285
2	23
0	33
8	399
1	206
0	39
0	23
0	6
2	18
1	44
0	54
0	42
0	37
0	16
0	7
0	2
0	13
0	8
1	2
0	1
6	0
0	49
0	19
0	733
2	737
0	82
7	8
7	450
0	734
0	737
3	691
0	22
0	21
0	16
0	20
0	13
0	14
0	6
0	0
0	0
0	8
0	8
0	0
0	2
0	0
0	1893
1	1875
41	595
69	1101
0	1408
0	331
0	713
0	331
1	416
2	74
0	366
0	662
3	689
0	116
0	246
0	368
0	94
0	260
2	434
0	313
0	245
0	229
0	157
0	153
607	635
2	241
4	198
0	47
2	65
0	0
0	0
0	0
0	0
0	0
0	0
0	0
0	0
0	0
0	0
0	0
18	178
0	324
0	303
14	291
1	116
0	291
0	231
0	136
0	72
0	34
1	41
0	41
0	38
0	252
0	517
0	510
0	227
4	555
0	556
0	489
0	205
0	529
0	541
0	534
0	539
1	360
0	239
1	51
0	69
1	549
0	35
0	27
0	512
9	65
0	64
0	64
14	19
0	87
0	99
0	836
0	890
1	856
0	768
3	287
0	812
0	891
1	806
3	385
0	861
0	842
1	816
4	860
0	749
0	863
0	862
1	686
2	10
0	157
0	32
0	34
0	140
20	3
0	2
0	1
0	0
1	0
2	1
1	342
4	344
8	24
0	327
0	315
11	8
2	32
1	21
0	0
720	70
2	22
0	53
2	58
0	81
0	19
0	54
2	91
0	12
0	3575
0	3434
0	3789
0	5
67	1342
11	1148
0	674
4	533
0	407
0	0
60	612
0	612
0	0
0	0
4	19
1	19
0	1294
0	264
0	4
68	960
0	129
34	304
0	1260
0	17
0	35
0	42
12	125
0	41
0	101
10	108
0	19
0	94
0	35
1	52
0	5
0	0
0	0
0	0
0	0
0	0
0	0
0	0
0	0
0	0
0	0
0	0
0	0
0	0
0	0
947	698
0	274
0	517
0	48
0	65
1	121
3	93
0	1
3	1
4	2
0	0
0	0
0	0
0	0
0	0
0	0
0	0
0	0
0	0
0	0
0	0
0	0
0	0
0	66
1	259
0	214
0	222
0	19
202	190
0	65
0	56
0	12
0	17
0	10
0	5
0	189
6	506
547	506
1	410
0	12
0	25
1	57
0	114
0	98
1	30
463	2021
1	37
3	553
0	1419
0	1684
3	1909
0	1947
3	507
0	708
3	1200
1	1763
0	271
0	479
1	77
972	182
0	182
425	339
5	161
0	313
30	416
101	105
0	105
5	415
0	308
0	0
0	396
0	382
9	406
0	275
0	311
0	263
0	56
1	18
0	32
0	29
0	46
2	28
166	54
0	5
5	49
0	2
0	2
0	0
0	0
0	0
0	1
0	1
0	10
1	184
4	531
409	17
0	0
0	0
0	0
0	0
0	0
0	0
0	0
0	0
0	0
0	1
27	1
0	155
0	209
1	187
0	143
0	192
0	103
0	151
0	98
0	25
0	36
0	36
0	40
0	19
0	4
0	271
0	222
0	4
0	4
0	0
0	0
27	218
8	215
0	11
0	11
0	10
0	8
0	8
3	4
0	4
0	10
0	10
0	10
0	0
0	1
0	0
3	49
39	49
0	8
0	87
0	214
0	218
102	299
0	0
0	0
0	0
0	0
0	0
0	0
0	0
0	0
0	0
10	393
0	392
0	386
0	0
160	59
0	64
0	54
230	57
8	57
619	127
0	85
0	43
0	10
0	70
0	42
0	0
0	35
0	10
6	12
12	643
180	662
5	351
0	88
0	1689
0	178
19	1274
0	1528
0	368
0	497
5	229
0	205
4	207
6	0
0	420
2	117
0	147
0	279
0	106
0	117
0	173
0	169
0	49
0	36
78	141
2	78
1	137
0	46
0	42
1	40
0	49
0	1
0	6
0	3
0	2
0	3
0	6
3	3
0	690
0	78
0	1007
0	101
0	623
0	204
0	534
0	200
44	1038
6	709
1	669
0	588
1	126
0	94
0	620
0	109
0	52
2	79
0	152
0	277
0	168
0	38
0	208
0	112
0	100
4	296
0	1164
0	124
0	159
0	1142
3	1069
3	949
0	1133
6	290
2	86
13	120
30	71
0	447
0	130
0	122
0	178
0	129
0	153
0	109
0	14
5	1014
0	1132
63	162
0	39
2	73
0	139
0	4
0	4
0	6
0	6
0	0
0	0
1	2
0	3
0	7
0	6
0	4
1	52
0	1355
52	1543
1	3
1	340
24	298
1	1259
1	363
1	125
0	1474
0	233
1	462
0	1345
5	115
3	855
0	130
7	195
0	0
167	438
0	84
1	414
0	284
47	1786
0	1783
3	566
0	874
1	757
1	537
0	464
5	163
2	334
0	221
0	161
0	1669
1	295
0	280
0	193
0	70
1	104
0	30
0	22
0	337
0	358
2	345
0	238
0	10
0	12
0	180
4	809
0	977
5	238
0	971
0	13
6	771
0	52
0	76
1	49
0	0
0	485
0	103
3	0
3	122
0	53
5	7
5	16
6	5
0	16
8	87
0	41
0	59
10	596
0	56
0	545
3	117
0	462
0	1188
1	39
3	70
8	51
2	154
0	86
0	1173
0	0
721	733
9	299
9	576
1	0
164	377
0	143
3	49
0	351
1	29
0	43
0	124
0	0
0	6
0	10
1	10
0	9
0	9
0	12
0	7
0	4
0	4
0	163
0	164
0	400
1	580
0	483
0	556
0	617
0	558
4	460
2	88
0	166
73	89
7	89
0	547
0	456
0	180
2	204
1	119
0	323
0	425
0	420
0	253
0	222
5	126
0	200
0	284
0	14
0	20
0	24
0	27
0	13
0	25
0	124
0	13
0	55
0	15
0	148
0	22
0	70
139	957
0	271
0	970
0	98
0	258
0	121
0	742
0	49
0	94
0	21
1	87
0	192
1	453
0	42
0	77
1	73
0	86
0	188
0	910
0	72
0	770
7	597
0	67
0	236
0	906
0	64
0	17
0	100
0	68
0	85
0	105
0	92
1	116
0	789
0	946
3	149
0	231
0	49
0	803
0	281
0	715
1	290
16	720
0	95
0	88
24	309
2	279
2	103
0	326
0	256
7	288
2	141
0	220
0	129
0	178
0	156
0	122
0	151
0	160
0	159
0	47
0	86
0	38
0	75
0	0
0	0
107	28
0	23
0	28
0	114
0	114
0	44
0	15
0	18
0	0
0	0
0	0
0	0
0	0
0	0
0	0
0	0
0	0
0	0
0	0
0	0
0	0
2	3
0	2
0	1
0	0
0	0
0	0
0	0
8	173
1	30
0	62
0	86
1	86
0	172
0	86
0	52
0	170
1	75
0	76
0	29
0	134
5	97
0	9
0	7
1	31
0	5
0	25
0	21
0	15
0	3
1568	203
10	203
4	0
0	0
0	0
0	0
0	0
4	354
0	410
0	172
0	321
0	198
0	18
0	56
0	197
0	194
0	416
0	18
0	14
0	10
0	10
1	0
0	0
0	0
0	0
0	0
0	0
0	6
0	170
1	654
9	599
3	248
0	294
0	731
0	745
0	662
0	72
3	287
0	674
0	96
0	270
0	298
1	165
0	46
0	27
0	22
0	12
0	11
0	6
0	7
0	5
0	5
0	5
0	5
0	5
0	3
0	3
0	3
0	3
0	3
0	3
0	3
0	3
0	0
0	0
0	0
0	0
0	0
0	0
0	0
0	0
0	46
0	46
0	266
0	266
0	23
16	227
0	19
0	28
0	16
0	256
0	112
0	79
0	256
0	19
0	8
0	15
0	18
0	20
0	4
0	4
0	36
0	212
0	131
0	83
0	50
0	25
0	0
54	17
0	15
0	12
1	12
6	64
2	177
2	250
0	47
1	191
3	120
603	206
6	171
0	197
0	103
0	65
7	12
8	5
0	0
0	0
0	0
0	0
0	0
0	0
416	1692
0	340
0	178
0	1310
0	201
0	362
2	335
0	164
2	176
11	581
401	183
130	3
0	0
0	0
1	3
0	1
0	1
1586	174
2	78
1	51
0	53
0	6
0	27
2	22
0	497
0	496
1	403
2	181
0	44
3	219
0	168
2	169
3	39
1	425
1	572
0	432
0	477
0	456
0	523
0	445
27	572
0	437
0	336
0	452
0	390
0	388
0	394
0	359
0	365
0	0
0	0
0	19
0	4
0	14
0	0
5	20
0	65
0	36
208	161
0	160
0	55
24	127
0	25
0	61
0	45
0	0
0	0
1	1550
8	1531
0	56
2	63
23	78
15	64
0	131
1	142
0	136
5	136
1	107
1	46
0	72
0	228
0	285
0	301
0	199
0	157
0	254
0	219
0	0
0	0
50	676
7	321
11	710
0	91
2	293
0	286
91	1376
0	1376
0	39
0	2
0	2
0	1
0	0
0	0
0	0
0	0
0	20
3	41
1	28
0	70
0	11
0	9
45	65
0	5
1	9
0	19
0	14
0	3
0	2
0	3
0	1
197	44
0	44
1	44
0	8
0	0
0	0
0	0
0	0
0	0
0	0
0	0
0	0
0	0
0	0
0	0
0	0
0	0
0	0
0	0
0	0
1	114
0	219
34	199
0	31
0	69
7	67
0	51
0	203
0	174
0	76
0	173
0	196
0	183
0	194
0	152
0	178
0	198
0	188
0	202
0	171
1	197
0	186
0	134
0	83
1	94
0	94
0	88
0	105
0	106
0	12
0	28
1	23
0	106
0	101
0	104
0	99
0	98
0	106
0	83
2	81
0	0
0	44
0	17
0	17
0	15
0	14
0	12
0	0
0	0
0	28
1	75
0	75
2	75
0	45
0	20
2	6
0	2
0	3
0	1
0	0
0	1
0	1
0	1
0	0
0	1
0	1
0	0
0	1
0	0
0	0
0	1
0	0
0	1
0	1
0	1
0	0
0	0
0	13
0	126
28	2
0	143
1	136
0	121
0	132
0	141
4	2
0	21
0	106
0	16
0	9
5	12
0	17
0	10
0	9
0	5
0	4
0	3
0	4
0	15
0	19
0	25
0	26
0	26
0	18
0	26
0	17
0	24
1	25
0	22
0	17
0	22
0	24
0	24
0	16
0	8
0	17
0	17
0	23
0	12
0	0
0	21
0	15
0	17
0	19
0	22
0	23
0	23
0	22
0	22
0	21
0	22
0	23
0	24
0	23
0	23
0	18
0	16
0	15
0	0
0	17
0	16
0	17
0	18
0	17
0	22
0	22
0	24
0	47
0	38
0	38
0	45
0	16
0	15
0	20
0	27
0	41
0	34
0	34
0	41
0	33
0	40
0	20
0	23
0	24
0	23
0	23
0	11
0	23
0	16
0	20
0	8
0	2
0	1
0	2
0	5
0	0
1	2
0	6
0	8
0	3
0	1
0	8
2	13
0	1
0	1
0	0
0	1
0	0
0	1
0	0
2	12
2	12
2	13
0	92
3	92
0	981
1	977
0	32
1	41
0	122
0	55
0	54
0	35
4	40
0	10
3	198
0	1063
0	1086
0	74
5	388
0	1045
0	646
0	999
0	1022
0	1058
0	0
3	124
0	67
0	0
0	16
0	0
0	0
0	0
0	0
0	0
3	829
1	40
0	0
0	83
0	102
0	95
0	16
0	0
0	88
4	279
0	219
0	0
0	41
0	160
0	12
0	0
2	0
0	124
0	121
0	4
0	1
0	1
0	0
0	2
0	4
0	2
11	126
15	126
0	52
1	23
0	858
5	805
16	853
0	853
9	608
0	519
0	845
0	254
0	131
3	84
0	22
0	3
0	16
0	20
0	20
0	2
1	18
0	18
0	18
0	18
0	16
1	14
0	6
0	0
0	0
2	29
0	20
2	43
0	1
0	41
1	42
0	17
0	36
0	9
1	7
0	3
1	415
3	106
0	416
2	158
1	387
2	35
0	23
0	6
1	70
4	49
0	15
6	1
0	0
0	1
0	4966
0	3184
0	4846
0	0
0	0
1	0
0	0
0	0
0	0
0	0
0	0
0	0
0	0
0	0
1	12
0	11
0	12
0	12
0	7
0	7
0	2
0	2
0	1
0	2
0	2
0	1
0	0
0	0
0	0
0	0
0	0
0	0
0	0
0	0
0	0
0	0
0	0
0	0
0	0
0	0
0	1
0	1
0	1
0	0
0	0
0	1
0	1
0	1
0	1
293	384
0	302
2	103
6	25
10	40
3	63
28	157
0	193
2	183
0	177
2	50
1	38
0	49
2	23
12	63
0	61
27	207
0	66
0	98
0	154
0	12
0	1
3	87
0	9
0	0
0	0
0	486
0	485
7	488
0	1
0	2
0	22
0	101
249	1114
5	877
0	896
10	90
0	152
2	642
0	88
4	8
0	23
17	45
11	68
36	68
1	67
0	253
5	1
0	65
0	30
0	47
1	65
319	265
0	79
0	53
0	74
16	137
18	53
0	67
0	0
0	0
0	0
0	0
0	0
0	0
0	0
1	10
0	14
0	22
0	11
0	10
0	20
0	4
7	3280
0	3279
16	282
8	203
19	441
1	442
0	222
0	1164
1	314
0	298
69	254
0	2
0	0
1	4
3	4
0	3
0	2
40	71
0	43
0	41
1	28
0	592
0	550
0	578
0	62
2	27
1	0
0	49
0	49
2	57
1	1
1	0
1422	0
2	0
254	61
0	15
0	46
0	204
0	58
0	117
0	105
0	171
0	33
2	29
0	60
13	64
0	154
0	4
0	3
0	3
0	0
0	4
0	4
0	4
0	0
0	0
0	0
0	0
0	0
0	0
0	0
177	135
0	46
0	116
0	25
0	21
0	103
1	23
0	26
0	103
0	54
4	101
3	16
0	20
0	18
17	41
2	26
0	16
1	12
0	7
774	121
0	4
1	118
0	109
0	114
2162	1839
16	1021
6	419
0	577
3	721
3	709
0	691
0	316
0	313
0	263
102	45
0	7
7	11
0	27
191	69
0	46
2	51
1	12
0	8
0	6
0	3
0	52
0	198
71	524
2	515
0	152
1	386
1	172
0	74
2	65
123	55
0	31
0	107
4	179
0	161
0	157
0	105
2	27
0	17
0	10
0	32
0	29
0	2
3	201
4	41
0	191
0	195
0	194
0	110
0	191
0	43
1	169
0	32
0	62
0	0
0	92
0	971
0	0
0	165
0	108
0	52
0	861
5	78
0	1017
0	1092
0	249
0	944
5	761
0	105
0	421
1	1
6	75
1	196
0	1036
0	949
1	0
0	1229
27	944
4	307
0	616
0	906
8	599
1	314
0	0
2	327
15	18
0	30
0	323
0	18
4	9
7	30
0	17
0	27
0	10
1	17
0	9
0	16
0	316
1	4
0	7
0	234
3	317
0	9
4	1
2	311
0	6
6	2
0	10
2	11
1	236
2	25
0	23
0	28
0	13
5	682
0	679
0	744
0	12
0	252
0	52
1	21
0	33
0	353
0	100
1	83
0	46
6	14
9	42
8	43
0	191
2	59
0	95
0	58
0	58
0	60
0	43
1	87
0	29
0	56
0	730
0	0
0	0
11	12
0	3
0	2
0	12
0	12
0	12
0	12
3	5
0	500
0	7
0	5
0	4
0	466
0	40
1	137
35	495
0	0
0	0
0	28
0	3
0	10
0	3
0	5
0	9
0	1
0	1
0	1
0	0
1	0
0	25
0	1
2	1
0	24
0	29
19	215
0	159
0	207
1	193
4	2
7	190
0	92
1	79
0	73
6	73
0	41
1	5
0	0
4	92
0	33
0	95
1	53
3	1
0	5
0	0
0	0
3	58
0	40
0	4
0	34
0	42
1	0
1	24
0	145
0	136
1	10
0	14
0	14
0	71
0	136
0	1671
0	1671
0	1650
1	1463
0	1672
0	6
0	0
1	0
0	0
0	0
0	0
0	882
0	852
0	279
0	191
0	0
2	96
0	80
0	17
0	18
0	12
0	11
0	11
0	11
0	34
0	0
0	1
0	24
0	1
0	7
0	0
1	11
0	0
0	14
0	0
0	14
6	19
0	0
2	0
0	1
0	1
0	1
0	0
0	0
0	0
0	0
0	0
0	0
0	0
0	23
52	23
0	2
0	1
0	1
0	1
0	1
0	335
0	359
0	247
1	355
2	51
0	88
0	30
0	44
33	246
0	52
1	204
0	49
21	202
0	71
0	64
2	117
0	15
722	207
0	181
0	0
0	223
466	299
0	308
2	127
143	67
1	10
0	23
0	52
4	35
0	996
0	921
2	112
0	120
0	59
1	110
0	39
0	36
0	1
1	55
0	2
0	2
0	0
0	1
0	0
0	1
0	2
0	0
0	0
0	0
0	0
0	0
0	0
0	0
0	0
0	0
0	2
0	2
0	2
0	2
0	2
0	2
0	2
0	2
0	163
0	171
0	178
0	170
0	152
0	43
0	46
0	143
0	36
0	171
0	23
0	22
0	59
0	1422
12	1389
0	72
163	1422
0	1390
0	95
10	590
0	540
0	32
2	93
0	24
0	31
0	17
0	39
0	1
8	69
0	392
0	0
8	390
1	26
20	10
0	2
0	2
0	0
0	2
0	4
0	1
0	7
0	0
0	6
0	0
0	0
0	0
0	13
0	13
0	0
0	19
6	225
0	225
0	13
5	72
0	13
0	219
0	13
0	13
0	13
0	129
0	173
0	170
0	170
0	185
0	180
0	183
0	183
0	175
0	179
0	181
0	182
0	181
0	185
0	183
0	184
0	178
0	177
0	167
0	188
0	204
0	211
4	52
0	6
0	11
0	150
0	30
12	111
1	11
4	22
0	23
0	49
0	22
0	22
1	22
0	15
0	13
0	0
1	0
0	0
0	0
0	38
4	1184
0	1234
0	178
3	362
1	365
3	721
0	723
0	161
0	55
0	399
3	638
0	300
26	1116
198	0
0	532
4	514
4	117
0	128
0	164
1	80
0	13
2	0
4	2
0	1142
2	1138
0	1168
0	79
0	115
0	121
0	144
0	142
0	177
7	104
0	10
0	0
0	0
0	1
0	1
0	0
0	0
0	1
0	0
0	565
0	347
0	331
0	380
0	406
23	150
0	334
0	367
0	338
0	573
0	34
0	336
0	343
0	341
0	330
0	269
0	304
0	321
0	330
0	289
1	41
0	46
0	27
0	164
0	1
0	52
0	64
2	25
3	4
0	5
0	1
0	0
0	0
0	1
0	1
163	11
0	4
0	4
0	1
0	4
0	5
0	5
0	4
0	4
0	5
0	5
0	4
0	4
0	0
0	0
0	1
0	0
0	0
0	0
0	1
0	0
0	3
0	3
0	3
0	3
0	3
0	0
0	0
0	0
0	0
0	0
0	0
0	0
0	0
0	99
0	100
1	94
0	90
0	90
2	95
0	101
0	4
0	95
0	12
0	90
1	9
0	95
0	102
4	89
0	1
11	0
1	153
0	486
1	433
0	479
2	77
0	463
1	21
0	110
0	107
1	96
0	1
0	1
0	1
0	0
0	0
0	0
6	239
19	173
3	142
0	255
0	254
2	244
0	259
0	258
2	149
0	33
0	16
0	26
0	25
19	177
2	163
6	25
0	0
0	0
5	51
0	39
0	34
0	22
0	14
0	6
0	3
0	3
0	3
0	3
0	0
0	0
0	4
0	4
4	1
0	1
0	0
0	0
0	1
0	3
0	1
0	7
0	5
0	7
0	6
0	0
0	5
5	6
5	5
1	6
0	7
0	6
1	6
0	17
0	19
0	21
0	7
0	6
0	6
0	6
0	4
0	4
0	13
0	6
0	5
0	5
0	8
0	11
0	6
0	7
0	14
0	15
0	14
0	18
0	4
0	5
0	14
0	4
0	6
0	8
1	6
0	0
0	3
2	0
1	6
0	5
0	10
0	18
0	14
0	0
0	2
0	16
0	8
0	14
0	21
0	238
0	251
0	50
0	33
3	33
0	11
0	194
0	733
0	877
78	73
0	73
1	4
0	210
0	209
0	207
0	209
0	26
0	56
0	12
0	3
0	53
0	23
2	84
0	11
0	17
0	208
12	224
0	91
0	209
0	22
0	124
0	47
0	69
0	70
0	46
5	37
1	26
2	15
0	30
0	207
0	0
0	490
6	477
0	330
0	339
1	341
0	328
1	23
0	383
1	51
0	66
0	43
0	0
3	20
0	32
6	271
3	490
0	4
0	3
0	2
0	3
0	1
0	2
0	1
0	0
0	2
0	3
0	2
190	110
0	39
0	17
1	86
3	93
0	61
0	44
0	68
0	18
0	42
0	77
0	89
2	143
0	155
27	165
0	75
2	27
0	21
0	27
68	15
0	15
0	12
0	11
0	9
0	2
0	1
0	1
0	1
0	1
0	0
2	1550
242	1768
0	1559
0	1588
0	158
0	343
0	1611
0	1677
3	41
0	437
0	119
0	54
2	503
1	354
0	502
2	484
2	161
0	73
0	0
0	0
0	0
8	205
0	198
0	207
0	45
1	45
0	40
0	5
4	3
0	38
0	12
0	14
0	13
0	4
0	6
0	8
0	6
0	4
0	4
0	4
0	2
0	2
0	0
0	0
0	0
1	212
2	212
0	19
0	31
1	4
3	7
0	16
0	25
0	24
0	23
0	10
0	20
0	5
0	3
0	2
5	56
3	56
3	9
2	227
2	977
0	952
0	132
0	146
0	952
0	938
11	20
261	119
0	106
0	58
1	57
1	800
0	836
0	776
1	88
0	141
0	20
0	20
15	50
0	19
0	748
1	45
0	11
0	20
0	178
1	75
8	0
0	657
3	0
0	40
0	666
0	13
0	582
3	618
0	18
0	533
0	491
6	62
12	13
0	484
3	587
1	8
0	25
1	4
9	466
0	450
1	366
0	186
0	797
0	7
0	141
13	142
0	142
0	5
10	12
0	12
0	2
0	1
0	0
0	3
0	3
0	2
0	0
0	163
0	15
0	15
0	6
0	3
0	0
0	1
0	5
0	14
0	3
0	5
0	2
0	0
0	0
0	1
0	2
0	13
0	256
0	554
0	701
0	738
1	448
0	163
0	64
0	632
13	645
0	0
0	0
0	108
1	99
1	44
2	26
2	3
89	269
0	150
0	65
0	55
2	120
0	0
0	0
0	1
0	0
0	0
0	1
0	0
0	0
0	0
0	1
0	1
0	1
0	0
0	0
0	0
0	0
0	0
0	0
0	38
0	5
0	8
1	43
0	7
0	5
0	5
1	6
2	6
0	6
10	5
2	33
57	608
0	57
8	20
0	300
2	430
70	5
0	5
0	63
2	71
0	99
0	0
0	103
0	67
0	67
2	37
2	56
1	96
0	1
0	70
0	5
0	3
0	5
0	103
0	79
5	86
0	102
0	99
0	99
0	36
0	14
0	7
0	33
0	7
0	24
0	19
0	9
200	91
0	11
0	5
1	79
1	16
0	14
0	7
0	33
0	40
0	15
0	0
0	0
0	0
0	0
0	0
0	553
4	555
0	461
2	54
2	433
0	428
0	435
0	249
0	9
3	180
0	17
3	21
1	28
0	34
5	1617
47	3334
4	443
1	113
0	2859
10	2393
10	231
0	1
0	1
0	0
0	0
2	1
0	0
0	2
0	2
5	122
0	119
1	100
22	109
0	18
0	16
0	0
0	0
0	182
0	139
0	183
0	181
8	226
40	52
0	180
0	148
6	229
0	169
0	0
0	56
1	122
0	0
1	15
0	0
0	0
18	22
0	0
0	0
0	20
2	14
0	0
1	10
19	88
0	0
0	0
0	1
6	75
0	6
0	6
0	7
0	2
50	139
0	29
16	17
3	23
2	0
0	24
0	79
0	80
0	6
0	27
0	21
0	15
2	5
0	26
3	45
0	67
0	69
0	33
883	338
1	241
20	154
0	957
0	925
0	886
0	1012
0	571
0	127
0	246
0	162
0	440
0	153
0	500
0	629
0	599
0	599
0	14
0	12
0	41
0	5
1	3
0	0
0	0
0	15
0	3
0	3
0	0
0	3
0	0
1	33
0	0
0	0
0	0
0	0
0	0
0	0
0	0
0	0
0	0
0	0
0	0
0	0
0	0
0	0
0	0
0	0
0	0
0	0
0	0
0	0
0	0
1	24
0	358
1	361
3	42
0	360
0	355
0	359
1	354
0	51
2	114
2	280
2	75
0	351
3	55
1	267
1	0
12	4
115	117
0	115
0	106
0	105
0	102
0	97
0	96
0	7
0	7
0	6
0	95
0	96
0	1
1	1
5	126
0	56
0	9
0	7
0	7
15	109
0	13
0	6
0	16
4	0
1	62
0	931
5	1046
0	8
7	1055
0	1057
3	36
0	3
0	508
3	53
14	1169
0	1152
7	617
1	799
2	664
0	713
1	234
0	232
0	1150
0	0
0	0
0	0
0	0
1	1
0	1
0	2
0	1
0	1
13	27
0	27
0	0
0	0
0	0
0	0
0	0
0	0
0	0
0	0
0	346
0	224
0	242
0	8
2	38
0	201
0	4
0	24
5	105
1	7
0	68
0	32
0	2
0	216
470	790
0	0
0	0
0	0
0	0
0	0
0	0
0	0
0	0
0	0
0	0
0	0
0	0
0	0
2	275
0	749
0	788
0	818
3	536
0	484
1	180
0	160
0	107
2	104
0	50
8	305
0	87
4	0
2	60
2	86
1	57
0	61
1	121
0	102
1	69
0	90
0	80
1	64
1	46
0	18
0	4
2	0
96	903
0	651
1	244
0	235
0	645
0	21
0	192
0	170
0	296
0	296
0	169
0	23
0	142
4	194
0	262
11	288
1	269
0	320
0	145
0	70
32	68
90	74
11	40
0	0
0	16
0	15
0	15
1	15
0	2
2	12
1	12
0	1
1	1
0	0
0	2
0	1
1	250
0	213
3	350
0	372
77	300
0	258
2	196
0	139
1	61
2	34
1	19
2	680
1	1227
0	1344
0	1435
8	1026
16	794
23	1376
0	957
3	417
13	1058
0	0
0	3
0	3
0	3
0	3
0	134
0	134
0	30
0	26
0	4
0	8
0	7
1	13
0	11
0	34
0	32
0	22
0	15
1	9
0	9
0	2
0	1
296	293
0	240
0	15
2	172
0	200
0	136
0	9
0	52
0	98
0	167
0	66
0	99
0	178
0	179
0	7
0	8
2	5
17	724
5	120
0	522
0	116
0	676
59	525
0	201
0	106
4	113
1	21
18	505
0	430
0	44
230	173
0	178
1	36
42	67
0	42
0	0
1	25
0	25
28	380
3	337
0	152
28	28
0	114
0	126
0	52
209	338
0	43
1	23
0	48
0	14
0	10
0	28
0	46
105	241
0	23
2	12
0	14
0	20
0	19
0	30
0	234
0	8
0	12
2	11
0	21
0	30
0	37
0	27
0	29
0	28
0	37
0	33
0	8
0	23
0	5
0	31
14	11
0	38
0	0
0	0
0	0
11	30
0	12
2	15
1	16
2	2
3	0
76	43
1	7
3	36
2	0
0	0
0	26
0	64
1	72
0	74
0	21
0	67
6	26
2	74
0	52
4	64
13	42
0	49
2	0
0	5
0	5
0	9
0	5
0	5
0	9
0	3
0	1
0	3
0	3
0	6
0	3
0	2
0	9
0	0
0	1
0	341
0	0
0	559
0	243
2	537
1	495
0	178
5	315
0	399
0	90
0	425
0	360
57	354
0	105
0	103
0	196
0	82
0	179
0	137
0	72
13	18
0	106
0	44
164	270
1	270
5	118
1	110
362	148
13	30
0	118
1	66
0	37
0	413
0	500
0	500
0	13
0	500
0	0
0	139
0	377
0	33
0	28
0	374
0	2
0	6
0	6
0	34
0	12
0	291
0	13
0	238
0	10
0	8
0	4
0	153
1	144
0	15
0	16
0	24
0	108
5	103
0	41
568	4234
127	3649
0	7955
0	80
0	7807
0	7785
0	7949
0	7905
0	5554
0	14
0	7950
0	7900
0	7777
0	7802
0	75
1	1806
0	7900
0	74
0	7805
0	7953
0	0
0	0
0	7904
0	7949
0	78
0	7788
0	80
0	7902
0	7949
0	7899
1	7951
0	7975
18	7910
0	7827
0	7950
0	7957
0	7801
4	7956
0	7701
0	7708
0	34
0	174
0	7998
45	8458
29	8340
0	8390
0	8538
0	7513
0	498
0	382
4	8142
1	7953
0	7785
0	7902
1	7949
0	8160
1	7993
0	8116
0	131
0	7935
40	7755
0	4987
0	4059
3	4688
0	6913
0	6942
0	7102
0	7366
0	6582
0	7191
0	6554
0	7400
0	6765
0	7740
0	1977
0	1979
0	1712
0	4903
0	614
0	0
10	4
0	4
0	0
0	67
0	1
0	42
0	0
0	61
1	29
0	12
0	53
80	1337
0	1337
2	3
0	186
0	186
0	190
0	67
0	42
0	38
0	55
0	31
0	33
1	14
5	19
0	34
0	28
0	14
0	0
0	1
2	185
101	227
0	185
0	160
0	33
0	28
339	338
1	195
0	315
0	2
0	2
0	2
0	2
4	456
7	489
0	489
0	197
1	221
48	333
2	19
4	107
30	314
1	37
0	244
1	298
4	16
0	192
8	140
2	12
0	12
0	668
0	63
3	72
0	592
0	582
3	582
0	570
4	102
8	40
0	87
1	122
989	313
0	304
0	133
0	0
0	0
0	0
984	0
323	162
0	115
0	43
1	60
0	17
35	63
0	4
2	17
1	63
1	0
1	5
0	9
0	13
5	9
18	35
3	6
0	35
2	5
0	311
0	333
0	272
1	18
2	18
0	2
0	2
0	0
0	0
0	0
0	0
4	1693
0	149
0	155
0	97
2	533
0	16
0	28
0	91
1	10
3	97
0	15
0	1680
0	0
0	0
0	0
0	0
0	104
7	104
0	471
3	471
7	459
0	39
0	456
0	322
0	0
0	142
0	83
5	206
0	126
0	122
1	32
4	47
0	105
0	45
0	9
0	128
0	71
2	10
0	78
0	55
0	62
0	41
0	26
0	372
0	59
17	390
0	153
2	45
0	247
6	17
0	61
0	42
0	166
1	108
3	108
0	102
0	97
1	0
0	43
0	43
5	1559
4	1559
0	535
40	713
1	49
2	152
0	657
13	543
0	216
0	67
39	3
0	3
4	0
10	337
0	623
1	316
0	26
1	47
0	19
0	623
0	0
38	272
0	270
0	188
0	272
4	519
3	401
0	82
3	520
5	51
119	3763
0	1974
0	1393
0	542
0	820
0	846
0	881
0	254
0	254
0	3320
0	34
40	337
0	161
0	208
0	44
0	346
0	39
0	61
5	33
0	46
1	23
3	21
3	23
0	60
0	135
0	80
0	18
0	60
4	36
0	50
8	38
0	10
0	349
1	0
0	0
1	44
0	65
0	298
0	311
1	281
0	317
10	64
0	104
6	31
3	21
0	149
0	65
31	227
0	32
0	178
0	47
0	109
0	69
0	70
0	48
0	47
0	100
0	27
0	38
0	42
0	26
0	25
0	24
0	79
2	68
0	38
0	24
0	50
13	31
1	53
0	54
0	60
0	39
0	42
0	22
0	13
6	18
0	137
0	7
4	7
0	1
0	49
1	320
0	39
1	55
0	276
0	0
245	17
0	36
0	174
0	183
0	183
0	96
0	128
0	157
0	225
1	63
0	50
0	19
0	46
0	41
0	56
0	51
20	23
0	57
11	222
1	104
1	24
2	7
0	9
0	13
0	12
0	11
0	0
2	9
0	25
0	222
478	64
9	64
0	0
0	0
0	0
0	0
0	0
0	0
0	0
0	0
0	0
0	0
0	0
0	0
0	0
0	0
0	0
0	1063
0	191
0	1063
0	0
0	0
0	0
0	0
0	0
1	338
0	325
0	339
2	131
0	110
0	101
0	94
0	50
0	29
7	2
629	0
56	387
123	377
0	128
0	100
4	233
0	232
0	170
0	13
0	242
0	236
0	236
0	0
0	0
0	0
0	0
0	0
0	36
0	26
0	0
0	66
0	64
3	26
0	0
0	38
4	68
1	3
1	11
0	8
0	9
0	51
0	49
0	9
2	9
0	13
0	13
135	1970
4	1767
0	637
2	1644
0	820
0	5
7	518
0	240
2	550
0	241
0	1
0	0
0	0
0	1
0	0
0	0
7	68
0	418
0	439
0	520
0	489
1	23
11	93
0	95
3	63
0	83
4	108
12	270
2	85
0	0
0	0
0	0
0	0
0	0
0	0
0	0
0	0
0	0
0	0
0	0
0	0
0	0
0	0
0	0
0	0
0	0
0	0
0	0
0	0
0	0
0	0
0	0
0	0
0	0
0	0
1	13
0	214
0	200
0	26
0	31
0	31
0	55
0	18
0	5
0	34
0	4
0	6
0	6
1	53
0	0
0	0
0	0
0	178
0	447
18	360
7	40
0	57
0	447
252	1200
0	369
2	434
0	57
1	141
42	609
0	67
64	49
0	1
0	49
0	26
0	30
0	1500
0	1209
0	115
0	125
0	99
0	63
0	760
0	1280
0	1011
19	1161
0	978
0	27
2	617
0	130
0	98
2	103
0	98
3	99
0	99
0	98
0	11
0	23
0	13
0	3
0	395
0	384
0	49
0	35
2	20
0	18
0	14
0	0
0	0
1	0
5	26
1	26
2	6
1	1
0	26
0	0
0	8
0	8
0	8
0	2
0	7
0	2
0	1
0	0
0	8
0	7
0	0
0	0
0	0
0	0
0	0
0	0
0	0
0	0
0	0
0	0
0	0
0	0
0	0
0	0
0	0
3	305
1	15
1	53
53	302
0	0
0	0
0	0
0	0
0	0
0	0
0	0
0	0
0	0
0	0
0	0
0	0
0	0
0	0
0	0
0	0
0	0
0	0
0	0
464	540
20	249
0	71
1	121
0	85
2	9
0	157
2	33
0	71
0	8
28	12
0	7
0	1
0	0
0	10
582	1329
0	1249
0	590
2	609
1	232
0	128
0	40
0	63
19	117
14	117
0	40
0	41
0	45
1	45
0	3
0	0
1	4
0	3
0	244
3	248
13	225
0	189
0	264
5	107
1	68
1	69
210	350
0	318
0	221
0	2
0	2
0	1
0	0
0	0
0	2
0	604
356	1137
11	611
1	122
0	894
0	853
11	386
0	570
0	10
8	38
0	17
0	10
0	11
0	3
0	26
0	10
0	7
0	10
0	3
0	6
0	14
0	18
201	373
2	274
1	4
5	4
1	0
0	361
4	33
2	15
0	4
0	3
0	351
0	328
0	310
0	358
3	352
14	304
0	60
1	75
0	122
0	75
0	33
0	27
3	41
1	17
0	25
0	0
0	0
1	0
0	25
3	3
0	25
0	0
0	0
23	21
1	236
3	8
6	8
0	2
0	423
0	554
1	539
0	456
0	236
2	52
0	48
0	69
0	61
0	528
0	440
0	66
0	116
5	522
1	14
0	54
1	497
2	227
5	109
4	12
5	120
1	88
0	72
14	6
0	65
19	11
0	3
0	10
0	0
501	0
6	13
0	0
0	0
0	0
0	0
0	0
0	0
0	0
0	0
0	0
0	0
38	598
1	323
40	551
0	23
1	172
1	168
0	140
2	1
0	1
1	517
0	530
0	153
1	39
1	243
0	36
0	67
0	45
0	1
58	57
1	12
272	79
1	11
0	25
0	13
6	24
0	7
1	61
0	7
0	10
1190	294
0	48
0	134
0	107
0	1033
0	151
0	162
0	169
2	60
2	39
0	287
1	168
0	176
0	44
6	754
0	180
1	69
5	734
9	480
1	480
0	57
0	15
0	2
0	1
1	2
0	1
0	0
0	0
0	1
0	0
0	1
0	1
0	0
0	0
0	0
0	0
0	0
0	0
0	0
0	0
0	0
0	0
0	3
0	6
0	3
0	5
0	2
0	1
0	1
0	2
0	0
0	6
120	2859
9	2200
2	2504
0	2452
2	2650
0	2181
0	2064
0	446
2	304
4	56
1	0
0	0
0	0
0	0
0	0
4	18
0	261
0	254
0	266
88	78
15	164
0	148
0	40
51	3
0	0
0	3
0	0
0	0
0	152
1	154
0	139
1	27
0	16
0	27
0	10
0	11
0	17
0	154
0	11
3	0
0	4
10	4
2	0
1008	2217
2	2122
19	2229
1	2205
0	744
0	188
0	2304
0	2240
0	2243
2	2179
0	2169
0	1845
1	971
0	582
0	222
1	180
0	175
0	89
27	4956
6	2308
214	4155
0	4247
12	4890
2	4186
0	4187
1	2571
0	4059
35	2575
8	3699
0	309
0	0
2	374
15	369
2	45
19	10
0	31
0	36
6	18
0	26
0	23
0	368
1	1850
1	30
4	136
42	2719
0	2627
36	1031
0	2550
37	1382
0	2724
0	2585
0	20
203	83
0	53
0	30
15	60
17	26
8	0
159	296
0	267
5	240
2	6
0	5
0	5
0	2
0	2
1	1
0	1022
0	129
0	370
1	243
37	215
0	140
0	74
0	217
10	195
0	911
0	234
5	922
0	237
1	274
0	920
0	169
0	169
1	163
0	98
0	47
0	161
0	23
0	22
0	4
0	21
0	5
0	16
0	13
0	35
0	8
0	5
0	3
0	18
0	24
0	18
0	16
0	26
0	20
0	20
10	93
86	186
22	93
0	1130
0	1135
5	1257
3	298
0	89
0	113
0	12
0	136
0	96
0	85
0	82
0	0
0	47
0	31
1	1
0	1267
0	3
0	3
0	863
0	1
0	764
0	60
0	83
0	177
0	216
0	864
7	140
0	111
0	139
0	66
4	453
15	321
0	863
2	5
0	5
0	5
0	0
0	0
0	0
0	0
0	5
0	5
0	4
0	5
0	4
0	0
0	0
0	0
0	0
102	62
4	57
0	36
0	14
3	5
0	14
0	15
0	14
0	17
1	10
0	7
0	6
27	555
0	555
0	141
6	417
0	239
1	102
0	311
1	295
8	58
8	38
3	1
13	8
0	1447
1	3006
0	243
0	478
0	2899
0	2967
0	2705
0	2830
0	735
0	578
0	553
0	552
0	1427
0	279
0	742
0	1002
0	62
0	2939
0	234
0	128
47	2981
0	746
0	606
0	554
0	2909
0	700
0	2911
0	478
0	326
0	826
3	325
0	2909
0	309
10	642
2	2986
0	1
0	1
2	56
0	57
0	54
6	54
2	54
1	47
94	1451
0	1397
0	226
9	1339
0	1168
0	1088
0	651
1	500
0	179
0	184
0	0
0	0
0	0
0	0
0	0
0	0
0	0
0	0
0	0
0	0
0	0
0	0
0	0
0	0
0	0
0	0
0	0
0	1
0	151
0	174
155	384
0	150
22	0
0	38
0	29
0	38
0	70
0	0
0	0
0	57
0	69
0	57
0	67
0	98
0	0
0	54
0	32
0	40
0	40
0	10
0	33
0	20
3	456
44	346
1	333
0	335
1	231
3	2
0	19
21	182
417	340
0	22
0	19
0	26
1	49
0	69
0	23
0	13
3	31
1	31
0	2
0	1
2	0
485	30
0	30
0	0
0	0
0	0
0	0
0	86
24	82
0	81
7	67
0	8
4	60
55	358
0	60
0	36
0	329
1	93
1	98
0	11
2	6
1	47
0	0
0	0
2	1
0	63
0	1
11	22
0	44
0	31
0	60
0	42
0	57
1	5
0	0
0	0
0	0
0	0
0	0
0	152
0	60
0	43
0	166
0	72
0	74
0	28
0	69
0	153
1	83
0	16
0	7
0	8
0	4
1	5
0	9
0	9
0	9
0	74
0	9
0	2
0	74
0	71
0	10
0	13
1	11
1	5
0	7
0	30
12	26
1	2
2	6
0	0
0	0
0	0
0	0
409	133
3	133
0	6
0	6
0	7
0	5
2	6
0	0
0	0
0	1
0	0
0	54
0	54
0	5
0	0
0	0
0	0
0	0
0	0
0	0
0	0
0	0
0	0
0	0
0	0
0	0
0	0
0	0
0	0
0	0
0	0
0	0
0	0
0	0
0	0
0	0
0	0
0	0
0	0
0	0
0	0
0	0
0	0
0	0
0	0
0	0
0	0
0	0
0	0
0	0
0	0
0	0
0	0
0	0
0	0
0	0
0	0
0	0
0	0
0	0
0	0
0	0
0	0
0	0
0	0
0	0
0	0
0	0
0	0
0	0
0	0
0	0
195	59
0	58
0	58
0	60
0	9
0	11
0	6
1	3
1	2
0	1
0	1
0	1
0	1
1	0
0	0
0	0
12	19
0	4
0	11
0	2
0	12
0	2
0	2
0	2
0	3
0	4
0	0
0	0
0	24
1	34
87	229
5	225
0	137
0	70
0	65
0	55
0	50
0	33
1	23
0	24
0	0
0	0
0	0
0	0
6	79
0	79
0	35
8	160
145	125
13	26
11	34
8	9
0	4
0	4
0	3
0	3
0	0
0	1
0	1
0	0
0	1
0	0
0	0
0	0
0	0
0	0
0	0
0	0
0	0
0	0
0	0
0	0
0	0
0	844
0	313
0	166
0	74
0	44
0	75
0	77
6	180
2	180
0	101
0	6
0	1
5	1
0	0
0	1
0	1
0	0
268	1349
0	1182
1	1158
11	824
3	42
0	346
11	7
1	0
0	93
0	89
437	109
0	109
1	0
0	85
0	93
13	59
0	88
0	79
0	57
0	65
0	11
0	19
0	31
0	13
0	3
0	12
0	24
2	2
0	6
4	15
0	7
21	0
0	0
0	0
0	519
101	971
0	937
0	21
0	69
0	105
2	74
20	19
0	27
6	65
0	12
0	66
0	12
2	20
1	0
0	71
0	42
0	43
0	37
2	35
0	42
0	12
0	37
0	38
0	22
0	5
0	160
1	157
9	71
0	46
5	161
10	156
0	58
0	160
1	8
3	50
0	0
0	166
0	7
1	393
0	538
0	18
1	412
1	111
0	436
0	42
0	36
24	96
0	490
0	1
0	1
0	1
0	1
0	1
0	1
0	0
0	0
0	704
0	707
1	663
0	435
1	384
0	341
0	60
0	707
4	0
0	0
6	0
7	927
0	389
1	809
3	839
0	378
13	376
67	250
0	408
0	358
1	491
0	359
0	537
24	387
1	127
0	17
4	272
0	330
3	1
0	1
0	0
0	0
0	0
0	0
644	147
0	147
0	0
17	254
4	326
0	320
1	342
0	202
0	65
0	54
18	31
0	0
0	0
0	0
11	149
14	6261
0	3719
24	8047
32	3317
3	5637
1	5547
0	6404
15	5795
1	5198
29	7110
0	5998
0	2956
0	7180
0	6561
0	3056
1	2154
2	4601
45	3065
0	2790
0	4756
390	159
0	151
0	25
0	11
0	8
10	24
0	23
0	17
0	4
0	2
42	1232
0	1003
0	1127
0	665
0	639
8	440
1	388
2	218
0	0
0	1
0	0
0	1
0	1
1	1
0	0
0	0
0	0
0	0
0	0
0	0
0	0
0	0
0	0
0	0
0	0
0	0
0	0
0	0
0	0
0	0
0	0
0	0
0	0
0	0
0	0
0	0
0	0
82	0
0	164
2	158
1	117
2	95
0	42
0	60
0	31
0	40
2	24
1	0
0	0
7	0
0	0
0	0
0	0
0	1
0	1
0	0
0	0
0	0
0	1
0	0
2	0
0	0
6	915
0	406
0	930
9	433
1	165
0	434
0	430
0	49
0	144
8	29
0	21
0	52
2	73
2	31
4	39
0	35
33	10
0	10
0	2
0	5
0	0
0	0
0	0
0	0
0	0
0	0
0	0
0	0
0	0
0	0
0	0
0	0
0	0
0	0
0	0
0	0
0	0
0	0
0	0
0	0
7	4563
5	4564
5	4559
8	695
3	1193
2	1244
7	671
0	1
0	1
0	0
0	1
0	1
0	1
0	1
0	1
0	1
0	1
0	1
0	1
0	0
0	1
0	1
0	1
0	1
0	1
0	1
0	0
0	0
0	0
0	0
0	0
74	154
2	113
0	51
1	105
0	1
22	227
0	11
0	187
0	54
0	221
0	11
0	30
0	232
0	110
4	175
0	40
0	35
8	309
36	160
4	260
22	403
0	373
1	301
2	246
4	137
0	17
0	38
0	36
0	21
0	4
26	19
0	6
7	114
0	19
7	724
30	112
0	567
566	276
0	220
0	53
59	263
4	49
6	240
6	49
0	214
1	117
1	3
0	0
0	0
0	0
0	0
0	0
0	0
0	0
0	0
0	0
0	0
0	21
0	3
0	31
0	9
0	108
0	107
0	107
0	107
0	77
0	6
0	15
3	3
0	9
0	17
0	17
0	17
0	22
0	16
0	14
2	8
0	7
2	3
0	0
0	71
11	81
0	54
0	61
0	73
0	317
0	319
0	319
0	317
0	250
0	313
0	309
0	39
0	30
2	13
0	23
0	19
0	32
1	127
0	7
0	53
0	9
0	1
6	36
0	39
0	17
0	18
0	1
0	0
8	437
719	825
1	112
3	18
1	58
1	723
6	0
0	0
0	0
0	0
20	51
0	50
0	12
0	8
0	0
1	0
10	385
0	347
0	59
0	69
0	43
0	0
0	0
0	0
0	7
0	0
0	0
0	457
2	2
0	2
0	0
1	0
1	0
2	491
0	0
0	0
0	0
0	0
0	0
0	0
0	0
0	0
0	0
0	0
0	0
0	0
0	0
0	0
0	0
41	78
0	56
0	65
0	71
0	26
0	0
0	10
0	14
1	17
0	2
0	0
0	0
0	65
0	32
0	9
0	6
7	53
0	65
0	54
0	70
1	69
0	50
0	63
2	17
0	12
1	2
0	9
0	9
2	10
0	12
2	1
0	0
0	3
0	0
0	0
35	84
6	4
0	1
0	1
0	1
0	1
0	0
0	1
39	355
27	311
0	59
3	34
0	51
0	8
41	16
0	2
0	8
1	8
1	4
3	5
0	4
0	0
12	16
0	16
104	0
4	6
0	0
0	4
0	2
0	4
0	1
0	6
0	0
0	9
11	35
2	25
0	29
36	23
0	16
0	19
0	1
0	2
0	0
0	0
0	0
0	6
0	4
0	9
0	9
0	9
0	3
0	4
0	2
0	0
0	0
70	510
0	510
0	193
0	60
0	52
0	79
1	21
0	531
0	529
0	500
0	433
0	451
0	436
0	459
0	430
0	436
1	424
0	50
0	370
0	143
2	73
1	46
0	55
0	55
95	1187
4	1166
2	405
1	387
8	129
311	143
0	13
5	30
0	100
6	23
0	23
41	248
0	133
0	64
0	38
0	50
0	17
1	0
0	0
0	0
0	0
0	1609
8	1609
1	0
0	0
0	0
1	22
56	25
0	3
0	278
0	248
1	257
0	250
0	256
0	235
0	240
0	226
1	111
4	171
0	234
0	250
0	211
0	239
0	215
0	173
0	180
0	146
0	53
0	170
3	18
1	54
0	66
0	26
1	10
1	26
0	24
0	18
0	21
0	32
0	8
0	26
0	7
0	7
2	4
0	20
0	19
1	1
0	3
4	0
0	0
0	10
0	7
0	2
0	0
0	4
0	5
0	2
0	19
0	12
0	0
0	0
0	0
271	0
14	106
0	0
0	1
0	0
1	1
0	0
12	150
0	147
0	97
0	47
9	42
869	316
1	316
0	0
0	0
0	30
0	6
0	0
0	28
1	18
0	28
0	24
0	0
0	0
0	0
0	1130
0	1054
6	214
0	143
1	99
20	835
2	438
184	1225
0	365
0	1
0	408
0	395
1	1156
0	986
0	111
9	130
1	494
0	350
0	146
2	2
0	218
0	272
136	1213
0	11
0	1040
0	366
0	1080
0	196
9	67
0	174
55	532
1	285
17	349
0	0
0	159
0	41
0	167
464	167
0	28
2	16
158	109
43	116
0	100
0	10
0	7
0	10
0	7
125	1647
2	351
14	1622
0	36
1	294
0	291
0	93
0	12
0	22
0	15
0	11
0	125
0	0
0	0
2	0
0	22
0	8
2	251
161	224
6	47
0	43
12	60
0	30
2	344
0	1
0	144
0	720
0	74
0	833
0	789
0	87
3	815
0	726
0	0
0	0
0	0
0	0
1	3
0	4
0	1
0	0
0	306
15	331
0	58
1	45
0	15
0	17
0	18
0	60
0	54
0	291
0	73
1	78
1	306
0	581
0	553
0	553
3	48
0	49
0	52
12	24
0	77
0	7
0	5
0	10
0	16
0	373
0	27
0	315
0	339
0	118
0	338
0	314
1	80
0	54
3	59
34	34
2	211
0	72
0	90
0	10
0	8
0	36
1	38
0	5
0	14
0	8
4	27
0	18
0	2
636	0
6	42
1	19
0	4
0	18
0	5
2	0
0	22
1	21
0	22
0	7
0	1
0	850
0	857
0	858
0	821
0	636
0	818
0	65
0	552
0	532
0	774
0	334
0	362
0	634
0	607
11	240
0	602
0	700
2	323
0	271
0	643
0	593
0	331
0	138
0	266
1	166
0	118
0	393
0	105
32	342
0	83
0	245
0	489
0	478
0	476
0	156
0	51
0	52
0	2
1	101
1	14
0	163
0	278
0	205
0	248
0	150
0	165
0	88
0	146
0	22
1	166
0	137
0	130
0	145
0	127
0	132
0	91
0	70
0	30
0	108
0	14
0	8
0	34
0	83
0	58
1	47
0	1
0	46
0	251
2	151
0	15
4	144
22	126
0	0
0	0
0	0
1	0
0	0
0	0
0	0
109	22
1	0
2	22
0	0
0	0
1	4
1	10
0	21
0	14
0	12
0	6
0	8
5	6
0	2
0	8
1	4
1	2
0	3
0	611
76	829
1	653
0	480
0	63
0	40
0	45
0	49
0	53
1	8
3	0
0	208
5	88
2	13
1	28
0	14
0	182
996	357
0	357
1	41
4	1
0	26
191	26
1	799
4	41
13	653
0	208
0	118
0	100
0	309
0	808
0	282
11	798
0	411
0	116
0	206
0	157
3	610
0	218
16	160
0	105
2	63
2	157
0	5
0	0
0	103
0	116
0	1
0	0
0	0
0	1
0	1
0	1
0	1
0	1
0	1
0	0
0	0
0	0
0	0
0	0
0	0
0	0
0	1
0	255
0	233
0	232
0	208
0	109
0	144
0	177
0	152
0	151
0	78
0	177
0	80
0	0
0	0
0	0
0	0
0	0
0	3
0	4
0	2
0	3
0	0
0	3
0	1
0	1
0	4
0	1
0	1
0	1
0	0
0	0
0	0
0	0
0	0
0	0
0	3
0	3
5	224
0	213
0	250
7	103
0	111
2	78
0	58
0	271
0	272
0	100
0	90
0	102
0	4
0	4
0	0
0	0
0	0
0	0
0	0
0	0
0	0
0	0
0	0
0	0
0	0
0	0
0	0
1	731
0	0
0	0
0	0
11	0
0	175
49	496
0	359
0	74
0	107
0	42
2	66
6	139
4	77
2	53
0	20
1	28
0	0
3	0
0	0
0	0
0	0
0	0
1	0
0	0
0	0
120	379
2	378
0	67
0	59
3	8
296	1485
0	1440
1	1230
2	75
0	685
4	71
0	101
0	93
3	285
11	285
71	16
3	0
0	10
3	6
0	1
1	0
0	0
0	0
0	21
0	21
0	1
0	18
0	0
0	0
0	1
0	0
0	0
0	0
0	0
0	0
0	0
0	0
0	0
0	0
0	0
0	0
0	0
0	0
0	0
0	0
0	0
31	103
1	103
0	0
0	14
0	0
0	0
0	0
0	0
0	0
0	0
0	0
0	0
0	0
0	0
0	0
0	0
1	0
0	0
0	679
2	600
0	595
0	609
0	352
1	803
0	658
0	833
0	0
0	0
0	0
0	0
271	1415
28	635
0	826
1	187
87	149
0	149
0	21
0	3
0	66
2	51
0	467
0	28
0	470
0	472
0	469
0	453
0	460
0	9
0	7
0	28
0	20
1	4
1	73
0	55
3	193
0	4
8	0
0	0
1	1
4	80
0	650
2	643
3	366
0	60
0	227
0	454
0	129
0	69
0	73
0	70
0	12
0	8
0	1
0	0
0	0
0	0
0	0
0	0
0	0
16	66
0	66
0	9
0	4
0	12
0	4
0	54
0	47
0	93
7	93
0	0
0	0
0	0
0	0
0	0
0	0
0	0
0	0
0	0
0	0
0	0
1	432
38	432
1	168
5	91
1	54
2	55
0	55
0	17
0	32
0	32
0	16
1	88
0	107
0	74
4	48
0	38
0	37
0	13
0	10
0	20
0	19
0	18
0	22
0	20
0	11
0	0
0	678
0	86
0	521
72	1
0	119
0	40
0	8
0	682
0	0
0	4
1	8
0	3
0	1
0	1
0	3
0	8
0	0
0	9
0	7
3	0
5	20
16	164
0	73
0	0
0	3
0	0
0	3
0	0
0	0
0	0
1	0
0	0
0	0
0	0
0	0
0	0
0	0
0	0
0	0
0	0
0	0
0	0
0	0
1	1392
1	458
2	57
1	1354
1	1333
25	13
0	6
0	5
0	2
5	0
19	337
0	335
0	329
0	23
0	0
0	0
0	0
0	0
0	0
0	0
0	0
0	4
0	5
0	6
0	0
1	3
0	0
0	0
0	0
0	0
0	0
120	38
1	38
2	0
0	4
8	22
0	602
43	602
3	215
0	0
0	0
0	0
0	0
0	0
0	0
0	0
281	33
0	33
3	1
4	33
0	0
0	0
0	33
0	26
0	782
439	784
2	153
0	173
3	28
2	51
0	40
0	17
1	54
0	34
0	57
0	0
0	55
0	41
0	3
0	32
0	38
0	15
0	11
0	11
2	3
0	4
0	31
0	13
0	44
2	324
0	122
14	71
942	735
0	63
2	30
0	195
0	234
10	124
3	52
1	58
0	147
0	0
0	81
5	56
0	132
2	97
0	32
2	36
0	96
0	124
1	63
0	55
0	201
0	52
0	201
0	166
3	99
9	5
1	92
0	112
1	63
0	95
38	77
0	201
10	424
1	423
8	423
0	47
122	14523
6754	14523
0	3
0	3
0	3
0	3
0	9
0	10
0	10
0	10
0	6
0	2
0	1
0	622
1	935
0	937
14	450
0	458
3	70
0	233
0	1059
1	933
0	171
0	954
0	953
0	947
0	953
1	1002
0	199
3	454
2	14
0	322
2	193
14	60
14	176
0	72
2	872
1	372
0	370
0	373
0	173
0	130
4	94
0	127
0	139
0	121
0	64
0	63
2	65
0	88
2	61
0	52
0	44
0	40
0	37
0	52
0	59
0	55
6	47
0	61
0	42
7	34
0	36
0	22
4	12
2	6
966	553
0	553
9	113
12	58
1	137
26	85
0	66
0	106
0	31
0	93
53	54
0	48
0	2
897	0
0	1029
2	1113
3	21
1	1014
19	1191
0	984
0	431
0	442
0	1212
0	1054
3	280
0	208
1	414
0	468
229	565
1	6
0	65
0	71
33	38
28	187
184	964
0	696
5	603
164	313
0	81
0	28
0	289
0	143
0	221
0	80
0	88
209	0
0	1137
0	1090
0	722
0	809
0	993
0	134
0	73
1	90
0	61
1	663
0	248
0	493
1	524
0	681
22	712
0	777
3	57
0	635
0	605
2	84
0	135
2	75
0	104
1	101
0	73
40	8
15	199
0	10
0	0
0	635
0	605
0	2
0	0
0	0
1	0
0	1
0	2
0	2
0	1
0	1
0	1
0	0
0	1
0	1
0	0
0	36
1	38
2	40
0	4
1	443
1	329
0	368
0	89
0	1
0	0
0	0
2	99
0	112
0	329
10	169
0	367
0	334
0	346
0	308
1	243
3	130
0	51
0	114
0	13
0	14
0	13
0	1
0	12
0	10
0	10
0	12
0	9
0	0
0	284
0	139
11	317
0	11
7	210
136	0
1578	965
7	965
1	558
0	574
0	538
0	568
3	495
0	576
0	564
1	140
1	48
0	216
0	111
0	108
76	51
0	70
8	37
0	222
0	255
0	165
1	291
5	183
0	2168
0	2982
0	327
0	0
0	464
3	272
0	472
0	2803
0	295
0	150
0	194
0	116
0	203
0	276
0	184
0	258
0	28
0	0
0	256
0	34
0	73
0	274
0	328
0	0
0	23
0	41
0	155
0	42
0	233
0	219
0	73
1	215
0	440
4	635
0	209
0	233
39	912
0	2903
0	2079
5	0
0	1
0	1
0	1
0	0
0	0
0	0
0	0
0	1719
1	150
0	220
0	155
0	112
10	1719
0	70
0	231
0	217
75	136
0	0
0	0
0	0
0	0
382	455
10	453
5	303
46	5
0	5
0	4
0	945
5	934
0	930
0	215
1	391
0	627
0	352
0	310
0	765
0	361
0	903
0	177
0	47
1	707
0	55
0	51
0	1
0	20
0	16
0	13
3	3
0	3
0	5
0	0
0	2
0	3
0	3
0	1
0	0
0	0
0	0
0	2
0	2
0	1
0	21
0	20
0	19
5	5
0	4
0	14
1	8
0	6
0	5
0	4
0	0
0	0
4	0
122	54
0	54
0	32
2	44
0	149
172	147
0	4
0	0
0	12
0	0
0	0
0	0
2	3
2	3
0	3
0	0
0	0
0	2
0	0
0	0
0	0
0	0
0	2907
1	231
1	891
0	1302
25	131
0	2383
0	0
0	0
49	60
39	206
1	26
3	43
0	12
1	26
7	53
41	60
1	9
0	55
559	333
1	297
0	2
9	75
0	20
2	595
0	525
0	525
0	523
0	521
0	426
0	488
0	462
0	355
24	334
0	237
0	213
0	57
0	46
0	34
0	34
0	86
0	2
0	25
1	46
0	39
0	24
0	14
5	7
0	494
0	425
0	511
78	462
9	45
3	45
299	330
34	166
3	79
1	53
0	111
0	314
0	321
0	413
1	422
0	430
2	386
0	427
0	416
0	422
0	431
0	401
0	345
0	0
0	194
0	177
0	38
0	118
0	94
7	52
0	52
1	52
0	118
0	52
0	45
2	46
0	17
0	46
0	43
5	356
3	317
0	71
0	225
148	823
0	812
0	779
0	785
0	811
24	672
0	744
0	797
0	830
0	695
3	69
0	227
0	201
0	82
0	109
0	98
0	120
0	126
0	122
0	100
0	55
0	57
0	53
0	56
0	38
0	23
0	0
0	1
0	226
0	328
1	563
0	543
0	48
0	43
0	193
0	42
1	38
0	31
0	28
0	521
0	363
0	112
6	127
2	128
0	127
0	35
0	22
0	7
0	4
0	1
2	1
1	2
0	89
0	138
18	58
12	148
1	0
0	2
0	2
2	5
0	1
0	82
0	431
14	431
0	56
0	74
4	254
0	340
4	297
2	17
0	243
0	203
0	208
0	8
0	27
1	161
0	122
0	52
2	35
3	451
457	0
0	275
0	45
0	45
9	7
0	7
0	0
0	0
0	0
0	0
0	0
0	0
0	0
0	0
0	0
0	0
0	0
0	0
0	0
0	0
0	0
0	0
0	0
18	407
1	101
1	172
0	207
3	284
0	199
0	43
1	35
0	398
0	7
4	131
0	131
0	20
0	18
0	7
2	13
0	10
0	21
0	13
0	10
0	11
0	0
0	2
0	2
0	1
2	0
302	3122
35	3122
0	524
0	524
1	0
0	0
0	0
0	0
0	0
0	0
0	0
0	0
0	0
0	0
0	0
0	0
0	0
0	0
0	0
0	0
0	0
0	0
0	37
0	37
0	25
0	20
0	25
9	839
0	86
0	0
0	0
0	0
0	0
0	0
1	0
0	0
0	653
5	638
8	347
9	632
0	33
4	222
3	0
0	64
0	652
9	293
0	918
0	1085
0	1380
47	1194
0	1513
0	1593
0	925
0	932
1	556
2	120
1	492
104	237
0	56
4	9
1	282
0	474
1	531
0	163
0	180
1	59
2	102
14	557
17	371
5	401
16	552
9	443
0	566
0	214
0	236
2	150
0	30
0	136
47	0
1	0
0	0
0	0
0	0
0	0
0	0
0	0
0	0
0	410
0	267
1	200
0	63
0	192
0	131
0	147
0	95
0	419
10	421
1	37
1	73
441	354
0	132
0	103
775	842
1	824
0	842
0	237
0	34
0	26
0	46
0	64
1	56
0	38
0	29
0	19
0	27
0	27
54	33
1	1
0	32
0	32
0	28
0	12
0	27
0	27
0	27
0	4
733	0
0	0
0	0
0	0
0	0
0	0
0	892
0	472
3	746
1	2672
1	952
0	2512
12	3035
0	461
0	3228
2	3072
5	3120
0	3072
5	2731
2	2945
590	642
0	77
43	1
697	0
0	1
0	1
0	1
0	1
0	1
0	819
0	878
0	163
0	209
0	63
0	114
0	151
0	54
0	70
94	1948
0	1890
10	1889
12	248
0	926
0	401
0	542
0	471
7	413
0	404
0	478
0	404
7	312
13	185
68	457
0	3
0	2
0	0
1	1
0	0
0	0
0	82
273	81
4	80
78	84
6	283
0	1
0	0
0	3
0	3
0	0
0	2
0	23
0	23
142	244
0	244
0	6
0	30
0	25
0	29
0	26
1	159
0	21
0	159
0	11
0	55
0	161
0	28
0	157
1	55
43	941
0	792
37	647
22	613
1	368
12	42
51	72
26	72
0	11
0	13
0	13
0	0
0	4
0	2
0	0
0	0
0	0
0	0
0	0
5	1636
0	532
1	564
29	564
7	1614
0	366
0	327
0	245
0	107
0	188
0	28
0	32
0	206
1	395
0	197
0	160
0	290
0	32
3	37
0	41
0	41
0	41
0	6
0	11
0	3
1	4
0	0
0	1
0	1
0	1
0	1
0	1
0	1457
1	220
0	860
0	220
9	16
1	1429
4	89
19	1053
0	40
0	391
0	96
2	119
0	562
2	37
0	1010
0	1080
0	78
0	222
0	1084
11	0
23	40
5	15
1	40
0	0
0	0
0	0
0	0
0	0
2	0
0	0
0	1
0	0
1	2
1	0
0	0
0	1
0	2
0	1
0	1
0	1
0	0
104	870
0	868
0	267
0	0
0	55
0	122
0	1616
1	431
2	519
0	558
0	153
0	1451
1	1373
243	261
0	221
1	316
9	54
0	65
3	43
0	86
35	3137
15	3369
33	5
1	286
0	2187
2	2186
0	95
11	3189
0	1201
0	338
0	1122
59	1115
12	980
5	877
4	124
0	197
0	177
1	0
0	3
70	82
0	2
1	78
0	77
1	10
0	5
0	4
0	8
0	10
0	9
0	4
0	0
0	0
0	0
0	0
0	0
0	0
0	0
0	0
0	0
55	448
0	194
5	44
134	645
0	523
11	63
0	227
0	214
2	496
0	347
0	567
8	73
0	647
0	18
15	125
0	118
0	40
0	32
0	43
0	62
0	11
0	2
0	5
0	1
1	6
0	33
0	37
0	5
0	4
1	38
308	330
0	329
1	178
2	28
0	25
0	30
0	49
0	13
0	38
2	16
0	12
0	11
1	11
0	5
0	11
0	2
223	497
0	480
0	344
0	63
0	63
9	43
0	44
0	48
2	4
18	64
1	43
2	53
0	0
0	7
0	39
0	8
0	45
0	11
0	10
0	9
4	19
0	4
108	282
0	262
0	184
263	276
1	3
0	6
0	6
0	6
0	6
0	6
0	4
0	0
0	0
0	0
0	2
0	2
0	1
0	2
0	2
0	2
0	2
0	2
0	4
0	1
0	1
0	1
0	0
442	0
3	104
3	104
22	39
107	695
1	695
0	40
1	0
0	12
3	130
0	162
3	68
0	73
0	90
0	67
33	54
0	96
0	68
0	0
0	2
0	2
0	1
0	1
0	2
0	2
0	2
0	0
0	1
0	0
0	2
16	57
56	241
0	139
3	104
1	531
0	1474
0	1465
0	1520
0	1526
0	1495
0	1475
0	1490
0	1263
0	1522
4	1526
0	1450
0	1496
0	1534
0	1530
2	1473
0	1504
1	1448
0	1546
0	1470
43	1545
0	1490
0	1562
2	1486
0	533
0	1447
0	1447
0	1497
0	1538
1	1482
2	1497
0	1457
0	483
0	1449
0	1397
0	1257
0	1418
0	217
0	1446
0	1270
0	1213
0	1210
0	1209
0	1161
0	171
0	83
0	117
4	149
33	1189
1	185
1	167
0	6
2	117
59	1051
0	0
0	0
0	0
0	0
0	0
10	1465
0	1308
0	1320
0	1251
0	1495
0	1464
0	1464
0	1332
0	1319
4	1375
0	1464
0	1450
1	1450
0	1381
5	1437
0	1269
0	1397
0	1436
0	929
0	1182
1	1214
0	1398
0	772
0	915
0	1221
0	1372
1	387
0	1004
0	842
2	758
0	131
0	844
0	284
1	91
0	651
0	234
1	79
1	0
0	0
0	0
0	646
0	23
64	22
0	6
5	238
5	20
17	0
27	637
19	225
1	50
0	50
0	29
0	22
0	23
0	3
0	5
0	5
0	81
0	81
11	71
0	37
0	62
0	61
0	42
1	43
2	31
0	26
0	21
3	20
0	6
1	2
0	2
13	1
0	0
0	0
0	169
22	169
0	20
1	27
132	133
0	121
0	38
0	5114
0	90
0	5203
16	4951
0	390
0	1409
0	2435
6	945
0	1839
2	877
0	760
1	4296
0	2061
0	3176
1	1494
0	1904
0	2468
0	2319
0	311
0	1122
0	1586
5	804
6	1196
0	0
0	0
0	0
0	0
0	0
59	2
0	2
0	58
29	58
1	7
0	17
0	0
0	0
1	960
1	1022
2	147
0	161
0	105
0	0
0	0
0	0
0	0
42	19
0	12
16	18
0	4
0	0
9	505
0	541
0	650
0	643
0	601
0	540
0	594
0	112
0	148
0	96
1	23
0	32
0	38
0	29
2	270
5	38
0	169
0	273
3	3
0	13
0	24
5	3
1	5
0	37
0	30
0	154
22	213
1	0
0	42
0	12
0	6
1	3
0	3
0	3
0	32
0	2
0	27
1	2
0	0
0	32
271	111
0	111
9	2040
62	2096
0	520
1	455
6	452
0	338
0	0
0	0
0	0
0	0
0	0
0	0
0	298
342	298
59	180
28	11
0	10
1	3
0	1
41	0
1	0
403	39
1	37
0	32
0	6
0	0
0	0
0	0
0	0
0	0
0	0
0	0
0	0
0	0
0	0
0	0
0	0
0	0
0	0
0	0
1412	221
0	31
5	151
0	20
0	65
0	6
0	328
0	274
0	305
0	324
0	289
0	129
1	133
3	22
2	62
0	23
0	28
0	306
149	301
0	296
0	95
1	22
0	4
0	36
0	0
2	0
0	0
0	0
0	0
0	0
0	0
0	0
0	0
29	0
1	23
1	537
7	526
0	62
0	60
0	107
0	135
0	274
0	359
0	109
0	196
0	215
0	256
0	198
0	148
1	15
0	13
0	111
0	50
0	3
0	59
0	11
0	12
1	92
1	73
0	4
11	76
15	55
0	28
2038	462
0	57
3	100
0	3
5	3
0	3
0	3
1	2
7	3
0	0
0	385
0	348
0	201
0	364
0	140
1	108
0	309
0	239
0	211
11	186
1	163
1	14
0	49
3	0
0	47
0	49
0	49
0	289
0	13
1	23
4	18
0	300
0	23
0	19
0	32
0	16
8	10
1	28
0	32
0	33
0	36
0	31
0	5
0	1
5	36
5	24
6	212
3	192
0	0
0	0
0	0
0	184
0	114
0	1832
0	1699
0	1871
0	174
0	152
2	1754
0	175
0	174
0	103
0	179
0	0
0	127
0	197
0	86
0	53
0	774
0	786
0	712
0	92
1	169
0	113
1	20
41	20
0	0
0	8
0	1
0	7
0	1
0	1
0	6
0	0
0	4
0	0
0	0
0	0
0	0
0	0
0	0
0	1
0	0
0	0
0	1
0	1
6	455
0	12
0	454
0	525
0	1008
1	362
0	319
5	414
0	297
0	932
0	986
0	655
0	919
1	152
8	163
0	461
0	959
0	122
17	127
0	120
0	122
0	231
0	0
0	0
0	0
0	0
0	1
0	0
0	0
0	1
0	0
0	1
0	0
0	0
0	0
0	0
0	0
0	0
0	0
0	0
0	1
0	1
0	1
0	0
0	0
0	0
0	0
0	0
0	0
0	0
0	0
0	0
0	0
0	0
0	0
0	1
0	184
0	21
0	93
0	1
0	46
0	182
10	64
0	22
1	439
128	286
0	278
10	294
27	294
11	147
16	526
0	529
1	41
15	68
0	526
0	4
0	0
0	10
0	2
0	20
86	46
1	36
0	4
1	4
2	6
0	25
1	25
0	3
0	0
283	579
1	523
0	369
1	352
5	94
0	256
2	2336
1	201
3	1870
0	1678
1	854
1	188
8	61
0	106
1	285
52	421
0	322
1	265
211	395
6	274
0	133
0	134
0	122
0	75
0	93
1	31
0	44
1	0
0	0
0	0
2	0
2	14
0	393
1	118
0	392
0	11
0	216
0	4
0	24
0	3
0	7
1	28
0	8
549	0
625	0
0	0
0	0
0	0
0	0
0	2
0	1
0	1
0	1
0	0
0	0
0	1
0	2
0	0
0	0
3	0
1	48
0	208
0	202
0	247
3	245
0	241
24	117
0	115
0	52
0	75
0	112
0	82
0	53
3	8
0	22
0	16
0	11
0	19
0	6
33	1145
2	64
1	1121
1	40
0	267
0	13
0	31
0	151
0	178
0	312
0	476
0	436
0	842
0	184
2	272
0	165
0	534
0	134
0	195
1	209
1	738
1	236
0	156
0	539
0	577
0	32
0	13
0	39
0	395
0	114
0	258
0	212
2	79
1	108
0	136
3	198
0	132
0	168
0	87
0	69
0	48
0	22
2	65
0	92
0	31
271	142
17	28
2	50
0	93
12	6
0	94
14	24
19	14
655	250
12	122
0	181
0	337
3	17
0	24
0	37
0	18
1	3
0	3
0	363
0	1
0	1
0	0
0	1
12	275
2	244
1	12
18	0
86	178
0	85
0	56
0	9
0	4
0	2
0	1
2	5
0	28
0	10
0	17
0	19
0	0
0	0
0	0
0	0
0	4
0	7
0	7
1	2
1	1
0	1
49	1
2	312
0	175
60	275
18	370
0	0
328	85
0	85
0	698
2	647
7	670
0	619
0	590
0	197
3	210
2	0
1	114
1	397
0	402
0	388
0	398
1	206
0	178
0	251
0	0
3	0
1	18
0	18
0	0
0	0
0	0
0	0
434	430
0	406
0	13
0	100
77	0
7	766
0	769
0	187
0	161
0	132
0	94
1	79
0	790
0	786
0	791
0	0
0	0
0	235
0	227
0	108
0	195
0	136
0	173
0	247
59	14
32	14
1	17
0	3
0	0
5	228
9	365
93	365
0	41
39	241
94	260
7	19
0	0
0	0
0	0
0	0
0	0
0	0
0	27
0	25
0	28
0	2
0	23
0	3
0	7
0	6
0	6
0	27
1	322
0	153
20	2
0	2
0	0
0	0
192	351
0	67
0	43
1	92
1	260
3	82
0	47
0	20
0	48
0	45
1	64
0	41
1	38
1	31
0	38
0	30
0	20
13	9
0	18
0	27
0	41
0	46
6	8
0	21
0	61
0	22
1	58
0	17
0	28
0	30
0	5
0	11
0	25
3	6
0	10
0	26
31	17
0	5
0	10
0	30
7	2
0	17
0	13
0	6
0	14
0	0
0	12
0	640
48	645
0	315
2	37
1	51
0	54
0	27
0	0
0	0
0	0
3	46
0	305
0	33
0	291
0	291
0	285
0	186
0	183
0	127
1	121
1	49
0	70
0	55
0	28
0	23
0	15
0	0
1	0
0	0
0	1
0	1
0	1
0	1
0	1
0	1
3	1
0	325
249	331
20	194
2	98
1	328
0	327
8	238
0	327
0	50
0	90
1	18
0	98
4	81
0	39
0	27
0	27
0	0
8	3059
7	556
50	3015
11	601
2	585
18	1979
11	492
0	348
2	498
0	398
3	507
0	707
3	571
0	244
0	409
3	195
3	194
0	192
0	113
0	0
0	0
0	0
0	0
0	0
0	0
0	0
0	0
0	0
0	2
0	3
1	1
0	2
0	4
0	2
0	3
0	2
0	0
1	0
0	1
0	1
248	74
4	5
0	33
0	54
1	562
12	269
0	669
9	675
0	116
0	650
8	816
0	106
0	59
0	800
0	0
0	0
4	648
0	701
0	220
1	53
0	95
51	402
25	871
41	871
0	0
262	408
0	352
0	121
0	113
2112	1726
0	616
15	271
0	729
0	553
2	593
395	220
3	220
0	0
0	0
0	0
0	0
0	0
0	0
0	0
0	0
0	0
0	0
0	0
0	0
0	0
0	0
0	0
0	0
0	0
0	0
14	0
0	4
0	4
0	4
0	4
0	4
0	3
0	0
0	0
0	0
0	0
0	0
0	0
2	354
10	378
0	78
0	7
4	27
0	12
0	189
0	0
0	0
0	0
0	0
4	99
0	101
0	116
0	92
1	113
0	92
0	0
19	192
19	192
3	50
0	19
0	17
8	18
2	27
31	1291
3	1272
0	95
2	244
0	87
0	103
3	1618
0	113
0	990
0	1091
0	872
1	507
0	123
0	360
3	214
0	262
2	227
0	92
0	246
0	19
0	98
1	4
0	244
0	19
0	0
0	0
0	9
1	62
0	32
2	124
20	98
0	15
2	96
0	92
0	5
0	6
0	4
0	10
0	11
0	18
0	62
0	15
0	15
0	3
0	0
0	0
0	0
0	0
0	0
0	0
0	3
0	216
0	772
28	790
11	62
0	801
0	848
11	786
0	186
0	145
0	236
152	657
0	63
3	510
0	499
0	63
0	77
0	83
3	206
0	121
0	85
0	229
0	126
2	297
250	182
0	165
0	153
0	159
0	57
0	21
0	0
0	38
141	60
0	37
0	15
0	461
16	38
0	13
0	35
0	38
0	10
0	10
0	2
0	0
0	5
0	1
0	2
0	1028
0	803
0	112
0	44
0	89
150	92
1	43
3	5
0	3
0	3
0	86
0	2
0	53
0	0
0	57
0	21
0	235
4	223
1	221
2	100
1	21
0	1
0	1
0	0
409	599
1	590
5	91
1	0
0	2
0	1
0	1
0	2
0	0
0	419
0	428
0	7
0	7
0	7
0	34
0	33
0	396
0	95
0	222
1	118
0	26
0	379
0	411
0	7
0	483
0	562
0	462
0	107
0	73
0	375
0	279
1	374
0	330
0	369
0	290
0	112
1	181
0	7
0	59
0	90
0	57
0	312
5	168
2	294
3	33
0	15
0	516
21	68
0	66
1	61
0	43
0	56
0	56
0	40
0	13
0	8
0	10
0	2
0	0
0	0
0	0
0	0
0	0
0	0
0	0
0	0
0	0
0	0
0	68
0	0
6	429
215	569
104	516
2	231
2	32
0	60
0	96
0	11
1	12
2	11
0	7
1	3
0	1
0	1
0	1
0	1
0	1
1	1
0	0
0	0
0	0
40	417
103	495
0	176
0	82
0	212
0	210
0	163
0	79
0	72
0	64
0	35
61	633
0	29
421	604
0	637
22	290
0	514
2	508
0	134
1	192
7	536
0	33
19	536
1	165
0	181
4	44
0	44
0	14
0	9
0	0
0	36
2	43
0	10
0	14
0	29
0	12
0	28
0	17
0	9
0	7
0	9
0	25
0	17
0	6
1	1
0	9
0	96
0	7
1	8
0	97
0	44
0	85
0	26
0	84
0	25
42	6
1	6
0	6
0	0
0	0
96	5
0	2
0	2
2	0
146	0
0	0
0	0
0	0
12	1
6	1
0	1
0	2
0	2
1	2
0	1
0	1
0	1
0	1
0	0
0	51
7	4
0	54
0	1
0	21
0	0
8	713
0	677
1	15
1	95
6	109
3	50
2	83
1	111
1	109
0	85
1	77
2	43
1	35
0	706
0	716
1	206
0	200
0	34
0	40
0	1
0	1
0	1
0	0
0	0
0	15
1	152
0	10
0	155
0	5
6	19
0	133
0	3
11	19
0	107
1	35
0	37
0	127
0	28
0	8
0	3
0	3
0	856
0	805
0	0
0	778
0	108
2	778
0	0
3	346
1	212
230	344
0	9
1	0
6	1154
0	32
1	1243
0	1247
0	1214
0	49
7	89
0	524
1	26
1	570
0	39
10	15
0	518
0	503
15	426
0	446
3	93
0	37
1	85
5	43
0	570
0	321
0	0
86	0
0	0
0	0
0	0
0	0
0	0
0	0
0	0
0	0
0	0
0	0
0	0
0	0
0	0
0	28
0	28
1	22
0	22
0	0
0	8
0	6
0	7
0	1
0	0
7	0
4	2178
220	4030
32	4024
0	89
0	87
0	9
0	0
8	44
1	4
0	5
0	38
0	2
0	42
0	0
1	16
0	2
0	2
0	0
0	0
0	0
3	61
4	527
25	527
1	64
635	196
0	196
0	0
0	0
0	0
0	0
0	0
0	297
73	230
1	132
0	126
8	70
2	13
0	41
127	43
0	12
0	17
0	12
0	10
0	10
0	0
0	0
0	0
0	0
0	0
0	0
0	0
0	0
1	0
1	0
0	0
0	0
0	45
0	45
0	43
9	10
2	12
0	45
0	827
57	825
0	106
0	65
0	82
1	49
0	68
0	39
3	0
2	707
0	556
0	504
0	515
4	338
23	364
4	343
8	129
0	706
0	2
0	1
0	2
0	2
0	0
0	7
0	0
0	0
0	0
0	4
0	0
0	0
0	0
0	16
0	0
0	0
0	1
0	4
0	16
1	1
0	1
0	1
0	2
0	2
0	0
0	14
0	2
0	3
0	3
0	0
0	1
0	0
140	0
600	0
0	0
0	0
0	0
0	0
0	0
0	0
0	0
0	0
0	0
0	0
0	0
0	114
0	0
0	0
0	0
0	75
0	72
1	3
0	2
0	73
0	7
1	47
0	0
0	0
0	9
0	2
0	6
0	2
0	2
0	3
0	8
0	9
0	7
0	9
0	4
0	4
0	6
0	0
0	2
0	4
0	3
0	0
0	0
0	0
0	0
0	0
0	0
0	0
0	48
0	8
0	48
0	4
1	5
0	19
0	48
0	1
0	1
78	411
0	23
1	277
0	376
4	53
27	131
0	131
1	78
2	103
0	9
0	23
1	11
7	0
0	1
0	1
56	414
1	414
0	34
0	174
0	0
575	0
12	83
106	413
1	215
2	192
5	83
3	116
0	125
0	368
0	175
1	16
1	70
0	134
0	178
0	18
0	158
0	48
0	64
0	162
2	36
0	132
0	5
0	5
0	5
0	4
0	2
0	0
0	0
0	0
0	0
1	0
4	428
0	429
0	87
1844	734
1	734
1	133
0	71
5	77
0	69
0	293
0	290
5	87
2	48
0	49
2	10
1	32
0	15
3	26
0	0
0	36
193	2
0	2
1	53
0	607
0	624
0	598
0	594
0	628
0	546
0	470
0	311
0	326
3	233
0	407
1	473
0	449
0	473
0	452
0	401
0	413
1	64
0	77
0	61
1	17
0	153
0	139
0	133
0	35
1	75
3	31
1	36
0	30
0	24
0	27
0	1
0	27
0	2
25	593
13	449
0	381
1	409
16	184
0	63
1	68
0	171
3	100
1	15
2	1
0	2
0	2
0	0
0	1
0	1
0	0
0	0
0	0
0	1
0	0
0	0
0	0
0	0
0	0
0	0
0	0
0	0
0	0
0	0
0	0
0	0
0	0
0	0
0	4
1	5
0	4
0	5
0	3
0	1
0	5
0	4
0	38
8	461
2	457
33	466
0	48
0	63
0	50
0	6
0	6
0	4
0	4
0	2
0	0
0	2
0	2
1	0
0	0
0	0
0	0
0	0
0	0
0	0
0	0
0	0
0	0
0	0
0	0
0	220
0	266
35	285
0	159
0	285
0	48
0	50
37	23
0	3
8	50
3	14
0	16
0	8
0	50
34	61
0	4
0	8
0	5
0	59
0	36
0	9
0	37
0	13
0	5
0	0
0	0
34	0
0	0
2	0
49	281
4	66
0	26
0	19
0	10
91	179
0	163
0	64
0	389
0	73
0	58
0	50
0	49
345	552
1	362
0	414
0	247
0	52
2	0
1	61
0	0
0	52
0	52
144	16
0	16
1	74
14	299
0	49
0	165
0	5
0	220
377	1464
97	1464
0	0
1	29
0	311
0	16
1	74
0	29
0	45
0	15
0	4
0	307
1	1313
0	1335
0	894
5	94
0	24
0	604
0	66
9	250
0	30
0	92
0	2
0	3
0	3
0	0
0	2
153	0
0	34
0	30
24	25
0	21
2	31
1	26
0	0
1	1
0	0
0	0
0	0
2	1
0	0
0	1
0	3
0	0
0	0
121	0
9	1105
28	62
2	62
1	261
0	347
0	708
1	2006
1	459
2	275
0	62
0	0
3	647
0	117
1	612
0	22
0	35
0	64
0	0
0	50
3	65
0	0
0	299
1	135
8	47
3	1236
0	62
0	0
0	66
0	186
2456	0
0	21
0	18
0	17
0	4
0	2
0	2
0	1
24	189
0	113
0	78
0	73
1	28
2	129
1	65
0	47
0	41
0	3
0	37
5	8
117	27
0	236
0	214
0	108
0	136
1	74
82	691
0	664
0	609
0	170
1	134
5	166
110	11
0	11
0	11
42	10
0	10
143	359
0	82
1	0
7	353
0	1057
3	884
0	381
0	292
0	225
0	307
1	143
2	196
0	168
2	42
1	217
5	45
0	155
0	200
1	180
0	76
0	55
0	48
0	52
0	73
0	67
0	120
0	42
0	27
0	193
4	201
0	192
0	27
0	34
0	35
0	20
0	7
0	12
1	159
588	159
191	95
4	81
0	14
1	39
0	0
1104	324
0	138
3	99
4	123
1	122
0	301
0	210
0	212
0	194
0	133
1	22
0	20
0	20
0	4
1	1
0	341
7	273
0	9
3	63
28	51
4	53
1	254
0	741
0	348
3	723
0	37
0	205
0	49
0	36
1	83
0	84
1	2
0	0
0	0
0	0
120	863
1	663
0	660
0	109
0	0
0	0
0	2
0	0
0	1
0	0
494	0
0	565
0	540
0	549
0	555
0	572
0	566
0	471
0	169
0	565
0	161
0	140
0	157
0	42
0	29
0	22
0	19
0	8
0	0
269	191
1	191
0	218
0	28
0	43
0	0
0	0
0	0
0	0
0	0
0	0
4	650
0	79
0	131
318	692
2	55
0	147
0	13
0	43
0	38
1	81
1	42
2	29
0	390
0	386
0	388
0	386
110	403
3	336
0	326
0	310
0	91
0	90
0	65
0	28
0	54
0	56
1	28
0	21
0	49
0	27
0	5
1	34
0	31
0	28
1	33
0	27
0	27
0	31
0	32
0	29
1	33
0	24
10	8
0	9
0	55
0	60
1	49
0	70
0	11
0	13
8	13
12	122
0	70
0	13
0	92
0	86
0	63
1	178
14	52
0	10
0	37
0	99
2	107
0	208
0	58
6	6
0	14
5	33
17	151
46	43
2	59
0	33
9	0
219	489
0	486
2	278
0	54
0	89
0	82
1	145
0	116
0	61
2	32
0	206
0	73
0	208
0	2
0	16
0	11
0	15
0	15
0	18
0	22
0	18
0	12
0	12
0	0
0	0
0	201
2	460
2	460
0	21
1	258
174	30
0	23
0	12
0	6
1	6101
1	3971
1	3971
9	1438
0	5096
17	5756
22	2044
2	188
0	173
6	172
0	161
1	35
0	35
0	46
0	0
0	0
0	0
0	0
0	0
0	0
0	0
0	614
0	561
0	209
1	222
1	88
0	89
0	563
1	7
0	21
1	11
5	44
4	608
0	606
0	554
0	489
0	46
1	49
0	0
0	0
0	27
1	0
0	28
0	6
0	9
7	457
36	1674
0	1554
0	1472
0	856
0	261
5	418
1	248
0	572
0	128
27	10
0	1
0	1
0	9
0	2
0	0
0	0
0	0
0	0
1	0
0	6
2	0
0	7
0	7
0	10
0	2
0	9
0	5
0	0
1	1
0	6
0	6
0	5
0	0
0	4
0	0
0	2
0	1
0	10
0	5
0	10
0	367
9	0
0	92
0	114
1	298
0	71
4	165
4	42
0	63
0	53
0	101
6	41
0	198
0	0
0	0
0	0
0	0
0	0
0	0
0	0
0	0
0	0
0	0
0	0
0	0
0	0
0	0
0	0
0	0
0	2
0	0
0	0
0	2
0	2
0	0
0	1
0	0
0	0
1	333
2	305
0	307
1	303
0	282
0	262
0	230
0	257
6	245
0	237
0	251
0	121
0	163
0	171
0	160
0	70
2	43
0	11
0	813
0	176
1	160
0	180
1	200
0	157
0	169
6	38
18	694
0	412
0	661
8	679
0	56
11	19
5	53
1	36
0	96
1	17
0	107
0	62
0	186
3	1008
1	66
5	667
37	943
4	654
9	1007
3	20
1	24
12	184
0	187
0	183
1	183
0	175
0	6
0	35
0	7
0	19
0	4
0	0
0	0
0	0
0	0
0	66
0	64
0	61
0	33
0	59
0	57
0	53
0	55
0	52
0	54
0	58
0	56
0	57
0	58
0	57
0	53
0	58
0	59
0	58
0	58
0	56
0	57
0	57
0	54
0	59
0	55
0	57
0	56
0	60
4	66
0	60
4	4
0	11
0	66
2	9
0	513
0	513
0	9
8	13
0	13
0	33
1	69
0	17
11	304
0	8
0	259
0	4
0	10
0	6
0	9
17	127
1	177
0	111
0	619
70	666
2	545
1	385
0	588
0	38
10	68
0	50
0	69
6	35
0	23
0	45
0	19
0	307
0	1
0	1
0	1
0	1
0	1
0	1
0	1
0	28
33	204
1	65
1	20
2	124
1	82
0	47
0	47
0	148
0	63
0	120
0	40
0	67
0	32
0	36
0	84
0	130
4	33
1	5
2	13
0	27
0	21
1	157
10	70
2	124
1	118
0	106
4	19
0	22
0	21
1	18
1	26
46	43
0	42
0	21
0	38
0	38
0	34
0	10
0	8
0	3
0	3
0	3
0	0
0	3
0	4
1	0
0	0
0	0
0	0
0	0
0	0
0	0
0	0
0	0
0	0
0	0
0	0
0	0
0	0
0	0
0	0
0	0
0	0
0	0
0	415
0	19
2	286
0	49
0	440
0	432
0	0
0	0
0	0
0	0
0	0
0	0
0	0
0	0
0	0
0	0
0	0
0	0
0	0
0	0
0	0
0	0
0	0
0	0
0	0
0	0
0	0
9	2
0	2
0	0
0	0
0	0
0	0
0	0
0	0
3	35
0	324
0	427
0	433
0	37
0	27
0	58
0	6
25	6
0	0
1	1
0	135
28	182
3	110
0	170
0	129
0	3
0	3
0	0
0	0
0	0
0	0
0	3
190	37
6	37
0	7
0	2
0	27
0	38
2	254
0	224
0	429
0	15
0	369
0	427
0	421
0	381
0	266
0	314
0	409
0	362
0	336
0	30
0	368
0	351
0	426
0	24
0	39
0	266
0	13
0	36
0	287
0	23
1	199
3	149
0	182
497	1360
0	1283
0	214
2	35
1	36
1	36
279	284
0	242
1	149
1	102
1	0
0	0
0	0
0	0
0	0
0	0
0	0
0	72
15	73
0	24
1	13
0	47
0	5
1	50
0	43
0	39
0	46
0	52
0	42
2	39
0	48
1	6
9	0
316	132
0	132
0	2
0	14
1	229
0	232
0	153
0	113
0	118
0	27
0	17
0	6
0	227
175	39
0	39
0	0
1	3
3	6
0	14
0	27
1	27
2	24
0	275
2	286
0	221
0	187
1	197
3	42
0	25
4	42
2	4
19	141
0	48
0	48
1	39
0	26
0	18
0	26
0	20
0	12
0	270
5	233
0	312
0	325
0	366
6	38
2	297
6	115
0	36
0	20
0	46
2	45
0	340
1	7
3	6
4	364
0	118
2	6
0	2
1	2
0	14
0	31
0	31
3	289
2	38
0	363
2	3
0	3
0	3
0	0
21	93
84	82
5	2
13	0
3	88
28	86
0	88
0	74
0	13
0	21
0	12
0	70
0	53
4	2
0	42
0	31
0	0
0	0
0	0
0	0
0	0
0	112
0	0
0	0
10	0
79	0
0	18
0	8
0	0
0	4
0	4
0	0
0	6
4	10
0	13
1	239
0	246
0	18
1	26
0	179
5	249
0	189
12	6023
20	6229
0	6028
8	6027
1	1712
0	2938
3	2442
0	0
0	0
0	0
0	0
0	0
0	0
0	0
0	0
0	0
0	0
0	0
0	1936
0	1927
0	1531
0	755
0	555
0	1445
16	511
0	1415
0	1691
0	335
1	610
0	1799
1	12215
4	7007
1	3920
180	3800
0	6295
1	11097
1	1660
0	10163
0	4847
2	7716
0	8303
1	8117
1	11059
0	9088
0	0
0	0
0	47
12	57
0	0
207	55
0	48
0	34
0	3
0	298
0	0
0	0
0	0
0	0
0	0
0	0
0	0
0	0
0	6076
0	6075
0	2
0	0
2	4
0	0
0	2
0	0
3	134
0	131
0	122
0	68
0	74
0	43
0	63
0	7
0	15
0	4
0	0
0	130
0	130
3	174
7	157
1	132
5	43
0	18
0	0
0	0
0	0
0	0
0	0
0	0
0	0
0	0
0	0
0	0
0	0
0	0
0	0
9	7
0	2
0	4
0	4
1	3
0	2
0	3
0	1
0	1
4	0
0	5
0	5
0	0
0	0
0	0
0	0
0	0
0	0
0	0
0	0
0	23
0	23
0	0
0	1
0	15
0	23
0	0
0	0
0	23
0	0
0	0
0	0
0	0
0	10
0	10
0	0
1	1
0	0
0	1
0	0
0	23
0	1
0	0
0	9
0	22
0	21
1	8
0	1
0	7
0	5
1	11
0	0
0	11
701	492
0	413
1	289
3	243
0	0
0	62
20	329
9	236
10	118
0	236
0	26
9	18
0	50
1	47
0	35
0	248
290	659
0	45
0	143
1	0
2	93
2	510
22	68
8	68
0	2
1	33
0	58
2	587
0	36
0	273
1	5
0	583
0	51
0	69
0	74
4	6181
0	6192
0	6186
0	973
0	5869
4	6179
0	691
0	1291
9	0
7	3836
1	273
0	411
0	777
0	816
0	59
0	29
0	165
1	103
0	817
0	841
4	62
1	125
1	868
0	91
0	817
0	84
0	278
0	868
0	101
0	233
0	8
4	79
0	207
0	89
3	54
3	144
4	183
0	106
653	0
0	22
0	0
0	12
0	275
0	267
0	304
0	263
0	220
0	68
0	285
0	58
0	23
0	56
0	17
0	63
0	122
4	140
3	21
0	304
0	267
241	47
1	34
3	32
1	34
4	19
0	123
0	122
3	57
0	12
5	88
0	278
0	71
0	97
1	122
0	41
0	83
24	113
3	1
0	122
0	218
0	1158
5	1125
0	343
1	343
11	214
0	1155
0	23
0	25
0	22
0	5
0	2
0	1
0	0
4	0
0	0
0	0
0	0
0	0
0	0
0	2
631	19
0	1
1	18
10	10
1	6
0	6
154	155
0	151
0	59
0	22
1	1374
2	1367
0	272
0	58
0	48
0	41
0	33
0	34
0	111
0	34
1	0
0	56
0	56
0	68
0	27
1	17
1	14
0	59
0	76
0	51
0	55
0	38
0	17
0	106
0	91
0	104
0	117
0	95
65	117
0	33
0	2
0	1
0	25
0	16
12	5
0	8
0	8
0	22
0	1
413	1061
0	46
0	79
10	936
0	0
0	0
0	0
0	0
0	0
0	0
0	0
0	0
0	0
0	0
0	0
0	0
0	0
0	0
0	0
0	0
0	0
0	0
7	2
422	194
0	11
0	10
0	181
0	4
0	5
0	37
0	29
0	26
0	25
0	4
0	6
12	28
0	67
162	88
0	71
3	84
1	1
0	8
195	844
40	699
3	736
0	255
0	216
0	215
0	59
0	59
0	59
0	0
0	4
0	26
0	59
0	19
0	18
0	5
0	27
7	141
0	24
0	20
2	14
0	23
0	7
0	0
0	21
0	139
0	19
0	19
0	111
0	13
10	39
0	39
0	5
6	8
0	0
0	0
0	0
5	55
0	55
0	8
0	18
0	16
0	1
0	15
0	14
13	915
1	915
62	95
298	0
0	352
0	26
0	48
0	33
0	95
0	0
0	272
0	31
1	10
0	326
0	332
12	767
16	847
0	1579
11	90
0	1722
0	826
59	98
0	79
0	79
0	79
0	48
1	15
0	1
0	1
0	1
0	0
111	28
0	9
2	19
0	9
1	0
2	10
0	31
0	53
0	66
1	137
0	324
0	125
0	285
0	36
0	45
0	38
1	17
3	7
2	5
1	1
0	296
0	0
0	0
0	0
0	0
0	0
0	0
0	0
0	28
0	4
2	27
0	23
0	21
0	24
0	234
0	81
0	755
0	372
13	323
70	753
0	252
8	154
0	84
5	258
0	298
0	257
0	136
0	42
0	24
1	196
0	1
0	251
1	49
1	231
0	178
0	265
0	64
0	92
0	220
0	226
1	85
0	52
0	1
0	0
0	1
0	0
689	94
0	72
8	30
1	0
2	474
1	15
0	8
7	474
0	29
16	14
1	24
0	31
0	2
3	1
0	15
1	1
1	36
1	0
0	0
0	0
0	0
0	0
0	0
0	0
0	0
0	0
0	0
0	0
240	1
0	1
1	1862
2	1950
1	93
0	150
0	116
297	166
1	1939
0	371
0	320
0	122
2	39
24	231
0	205
17	137
44	326
0	188
41	0
6	123
0	200
0	85
0	180
0	110
0	169
0	25
0	145
1	119
0	11
0	108
0	109
0	105
0	127
0	23
1	7
2	212
15	208
0	190
3	2
176	587
121	587
2	22
0	115
1	153
38	745
1	615
4	92
2	133
0	159
20	205
0	76
1	133
0	131
0	28
0	117
1	79
5	0
76	533
0	406
1	514
2	45
0	50
1	33
1	22
0	349
0	0
0	59
2	35
13	141
19	141
0	73
97	19
1	75
9	88
0	60
1	0
0	0
0	1
0	1
0	1
0	1
0	1
0	0
0	0
0	28
0	108
0	200
0	24
0	114
0	183
4	196
21	106
0	0
1	109
0	123
0	62
0	14
0	18
0	5
0	3
21	8
0	24
0	42
16	99
0	20
19	89
0	2
0	79
0	0
394	0
0	0
0	0
0	0
0	0
0	133
0	46
194	147
0	143
0	4
0	1167
0	451
0	1172
1	485
0	531
0	36
0	29
0	996
0	373
2	817
0	1136
1	25
0	25
0	68
0	25
0	25
0	25
0	66
0	0
0	0
0	31
0	37
0	37
0	412
2	297
3	148
0	85
0	98
0	220
0	150
0	435
0	1
0	0
1	153
0	39
2	111
1	136
0	5
0	245
0	144
2	95
0	137
0	315
4	5
0	282
0	314
0	314
0	128
0	9
0	13
0	43
0	126
0	245
0	56
0	21
0	55
0	24
0	1
0	1
0	155
1	8
0	1
0	1
0	1
0	8
0	0
0	0
0	0
0	0
0	0
0	0
234	281
0	279
1	185
1	218
0	72
24	171
0	0
0	1
0	1
0	1
0	1
0	0
0	1
0	1
3	1
6	487
230	529
0	51
15	248
0	528
18	200
1	200
0	188
5	74
1	46
5	43
123	830
94	803
2	826
4	42
0	882
0	882
0	71
0	781
0	123
0	276
0	75
3	1
0	1
0	10
0	10
0	8
5	11
1	5
0	6
0	2
0	3
0	2
0	2
0	4
0	3
0	3
0	0
0	1
0	0
0	0
0	0
0	0
0	264
0	258
0	119
0	68
0	66
0	28
0	50
0	60
0	57
0	52
0	43
0	48
0	47
0	38
0	43
0	43
0	35
0	46
0	41
0	37
0	37
0	38
0	35
0	31
2	29
0	29
0	28
0	32
0	28
0	32
0	33
2	42
0	42
0	8
0	9
0	40
4	13
0	0
0	0
0	0
0	0
0	0
0	0
1	36
2	54
0	52
0	776
0	355
4	44
0	350
0	774
0	76
0	38
0	10
50	29
0	20
0	16
0	14
0	13
0	12
0	9
0	3
0	0
0	0
0	0
0	0
0	0
0	0
0	0
0	0
0	0
0	0
0	0
0	0
0	627
239	1086
0	227
0	448
0	430
81	456
3	804
0	712
0	363
0	324
0	188
29	238
0	215
0	220
4	20
8	133
122	32
0	115
1	76
8	84
1	13
3	0
3	528
0	1131
0	947
0	1090
0	634
1	951
0	617
233	367
38	193
0	286
19	422
796	0
0	3
6	251
0	242
37	185
0	12
0	78
0	16
0	6
0	4
0	1
1	0
16	202
0	136
1	202
0	10
543	0
25	1
22	19
1	136
0	375
0	436
0	274
0	313
6	385
0	318
0	286
0	271
33	336
0	235
0	186
0	173
0	163
7	41
0	57
0	31
0	22
0	26
0	54
0	55
0	43
0	36
1	29
0	38
0	55
0	40
0	381
0	401
0	0
0	0
0	0
0	0
0	0
2	24
53	24
1	24
0	23
1	5
2	12
3	9
0	2
0	8
0	0
0	300
100	300
0	316
0	531
7	62
0	15
0	20
0	25
1	79
2	44
4	252
11	538
0	329
25	0
0	387
34	387
0	454
0	370
1	371
19	277
0	0
0	296
0	289
0	340
78	2033
1	2006
0	1647
0	1
0	128
0	1544
0	1721
0	1990
0	1715
0	307
0	1647
0	257
0	2
6	118
8	248
4	496
30	647
4	478
70	91
605	264
3	2
0	3
1	3
0	0
3	2
0	1714
1	237
3	1845
12	1562
0	1714
0	1784
0	1784
0	302
6	1319
0	157
0	1203
0	66
0	261
9	176
0	525
1	89
1	33
0	151
0	271
4	243
0	243
8	15
1	45
0	8
8	0
30	487
0	38
0	28
0	5
0	471
0	28
0	23
2	465
0	26
0	12
0	40
0	35
0	48
2	52
0	15
2	10
0	430
0	379
0	427
24	261
0	240
1	68
0	15
2	42
0	402
0	235
18	24
0	17
0	15
1	7
1	1
0	0
0	13
0	0
0	0
0	0
0	0
0	0
0	0
0	0
0	0
0	0
0	0
0	0
0	0
0	0
0	3
0	5
0	0
0	0
1	0
0	1
0	4
0	360
0	1190
0	1184
1	1186
0	1189
0	269
2	316
4	53
0	133
0	222
0	191
0	197
1	8
0	1392
0	3361
0	4079
0	4004
0	4026
2	4019
91	4077
3	4021
2	4022
0	4024
2	3927
1	4013
0	3947
3	998
0	3467
5	1857
8	27
0	315
0	332
0	337
9	332
5	316
0	335
1	41
0	107
7	99
7	78
1	67
3	332
64	840
148	836
38	655
2	1228
4	259
0	165
3	245
0	475
0	247
1	49
2	87
7	64
0	99
0	102
19	24
7	1229
0	563
0	4043
7	3852
24	419
62	3911
1246	4132
2	3731
14	794
0	205
0	2082
0	1114
45	174
1	964
5	645
0	1
0	1
0	1
0	1
0	0
0	0
0	0
1	2
0	2
0	2
0	20
0	9
2	20
0	7
0	1
0	6
0	27
3	35
1	44
0	5
0	8
0	5
6	7
0	6
0	4
0	1
0	15
189	154
0	14
0	18
1	2
0	2
0	9
0	5
0	9
0	1
0	18
0	105
0	0
0	0
0	0
0	0
0	0
0	0
0	0
0	0
0	0
0	0
0	0
0	0
1	0
0	147
0	134
3	20
1	152
1	80
1	67
17	79
11	6
0	6
5	649
16	643
8	624
12	254
0	61
0	148
2	117
11	36
2	175
0	174
9	8
0	903
533	198
0	61
6	106
0	58
0	31
0	35
0	30
0	34
0	7
0	2
0	0
0	0
0	16
0	16
65	16
0	12
2	14
0	11
0	13
0	3
0	3
0	13
0	16
1	2
3	0
2	9
0	16
0	1173
0	243
4	237
0	18
5	25
0	14
2	17
0	1163
0	58
8	1025
0	994
0	494
9	654
0	153
0	237
0	135
1	143
0	228
0	206
0	175
0	109
0	114
6	0
6	182
0	171
0	8
0	3
0	26
0	29
0	136
1	1166
0	1097
0	827
0	1153
2	1151
11	393
0	836
1	1122
0	1041
0	1094
2	771
2	383
0	566
0	26
0	0
3	59
0	23
1	47
0	67
1	91
1	87
0	109
0	37
0	126
0	98
0	124
0	98
0	95
0	83
0	83
0	144
0	27
0	23
3	92
0	40
0	32
0	63
1	36
0	103
0	62
0	38
0	70
3	62
0	63
0	69
2	62
0	62
0	61
0	57
0	33
0	39
0	30
0	4
0	0
0	1
11	6
0	1112
210	254
0	254
0	0
0	0
0	0
0	0
0	0
0	0
0	0
0	0
0	0
0	0
0	0
0	0
0	0
0	0
0	0
0	0
0	0
0	0
0	0
0	0
0	271
1	126
2	92
0	188
0	833
0	192
0	768
1	177
0	191
0	167
17	214
22	402
1	12
0	12
0	0
0	0
0	0
55	1571
0	748
0	135
0	73
0	51
0	51
0	575
201	434
0	227
0	411
2	18
0	350
0	332
0	355
0	327
0	327
0	355
0	55
0	23
0	28
0	72
1	17
1	63
0	11
211	92
3	99
1	55
0	39
2	30
0	0
0	0
0	0
0	0
0	0
0	0
1	17
9	22
0	6
0	17
0	13
8	14
0	6
0	6
0	4
0	1
6	4
0	2
0	3
0	0
0	0
0	0
0	0
0	0
0	0
0	173
0	31
9	173
0	634
463	645
0	326
0	588
0	22
2	19
3	18
4	2
0	3
2	8
1	8
3	2
0	1
0	0
0	876
0	883
0	203
0	96
0	875
0	807
8	357
0	241
83	192
0	246
0	114
0	141
0	137
0	147
0	5
0	14
0	26
0	45
0	130
150	30
0	7
0	4
0	19
0	15
0	21
24	68
1	6
0	54
0	10
0	37
4	4
0	4
0	6
252	0
7	6
0	333
2	139
0	391
3	241
0	237
0	247
4	294
2	219
2	229
0	211
0	286
0	187
2	127
1	32
0	127
0	124
0	930
5	32
0	155
6	973
1	31
0	32
395	0
0	1763
89	1032
0	1284
2	197
0	884
5	311
1	115
0	829
0	692
3	70
7	735
0	556
0	302
1	93
0	60
0	194
0	189
1	145
0	0
2	238
0	345
12	379
0	164
3	78
0	305
0	340
1	250
0	301
0	291
0	253
0	256
1	259
0	247
38	247
1	225
0	150
0	185
1	171
0	166
12	171
1	105
6	2
33	8
0	1632
7	534
67	536
0	281
4	34
0	469
0	251
0	440
0	137
5	100
0	100
0	78
4	168
0	368
2	65
0	31
1	81
0	29
0	74
9	257
0	250
2	221
2	205
0	3
0	128
0	120
2	37
0	88
0	76
4	54
10	42
0	0
1	1012
0	972
0	985
0	41
1	103
0	56
0	59
2	41
1	81
0	22
1	40
0	57
0	505
0	19
0	30
0	8
0	43
0	169
0	0
0	92
1	75
2	34
0	867
0	865
0	36
8	119
0	104
0	39
0	61
1	61
1	34
0	13
0	8
0	23
0	18
0	5
0	0
1	1
0	0
0	3
0	0
0	0
1	2
1	1
1	404
3	404
3	15
7	23
0	4
48	117
0	17
0	121
2	12
0	32
0	37
1	10
0	110
224	114
0	54
0	101
0	92
2	29
2	25
1	73
0	75
7	79
171	177
0	166
0	50
1	61
4	22
0	8
14	1671
242	2539
0	2545
14	775
0	1668
1	1629
17	1675
35	1121
0	0
0	0
0	0
0	28
317	131
0	78
0	1
2	53
0	0
0	0
0	0
0	0
0	0
0	0
0	0
416	1598
0	1549
0	49
0	152
0	14
2	28
0	395
2	14
1	182
2	321
0	352
5	123
1	130
0	47
0	9
0	0
0	70
1	0
0	0
1	1
0	1
0	22
4	22
0	15
0	23
0	1
0	20
0	6
3	0
2	17
0	5
0	6
0	5
0	6
0	5
0	5
0	2
0	3
0	2
0	4
0	0
0	1
0	1
0	1
0	0
0	1
6	0
79	454
42	412
0	24
2	51
0	276
0	96
0	88
10	78
0	69
0	71
1	69
0	59
0	70
0	61
0	24
0	15
0	52
0	40
0	30
0	38
0	38
1	25
0	3
0	10
0	48
43	1207
0	53
0	50
0	88
0	53
0	14
0	7
0	0
0	13
14	1195
3	91
0	78
0	76
1	76
3	15
0	63
0	60
0	45
0	13
0	14
0	12
0	14
0	10
0	9
22	2
0	0
0	0
0	5
2	4
0	247
0	583
0	36
1	284
0	34
0	0
0	41
0	34
5	242
0	37
0	31
0	601
0	596
0	599
0	87
0	87
1068	87
0	862
0	165
0	142
0	897
0	859
0	920
0	27
36	901
0	249
2	902
8	844
1	800
0	771
8	874
1	5
0	5
0	5
0	5
0	1
0	3
2	5
0	0
5	4
0	0
0	0
0	0
0	0
0	0
0	0
0	1
0	0
0	4
0	5
0	5
0	5
2	5
0	30
0	65
0	65
0	65
0	0
0	0
0	0
0	3
0	3
0	4
0	3
0	1
0	3
0	6
0	6
0	6
0	4
0	6
0	6
1	9
0	2
0	5
0	14
0	236
3	234
0	236
0	44
3	19
1	28
0	87
0	0
0	0
0	0
0	4
0	25
0	27
0	29
0	6
0	22
0	2
0	5
0	0
0	0
0	0
0	0
0	0
0	0
0	1267
8	647
4	470
0	711
1	427
3	0
1	1074
0	765
0	1092
1	185
0	303
1	31
17	302
1264	406
2	23
0	14
2	343
0	166
0	195
0	73
0	51
0	11
0	18
0	0
0	248
0	341
233	93
32	14
0	7
0	7
0	1392
4	178
1	223
0	193
0	316
0	1253
4	252
2	123
3	54
0	0
0	278
0	110
0	42
0	567
0	553
0	566
0	68
1	151
0	565
0	179
0	66
1	95
0	59
0	566
0	185
2	105
0	553
1	501
2	73
0	168
2	49
13	130
1	47
0	109
0	110
2	28
0	109
0	108
0	701
10	278
0	448
0	486
0	347
1	444
0	267
0	129
4	221
32	555
0	438
0	334
0	519
0	155
0	472
102	23
0	7
0	16
0	0
0	0
0	0
0	0
0	0
0	0
0	0
7	1727
2	124
0	1584
0	1735
0	41
0	1666
0	74
0	79
1	1722
0	411
0	419
1	390
0	21
2	0
0	113
3	34
0	90
0	101
0	0
0	6
0	62
0	113
0	38
2	293
0	114
0	15
0	126
0	15
0	7
0	24
0	177
0	31
0	290
60	0
18	0
0	96
2	669
0	452
0	653
1	336
95	571
14	106
0	52
0	78
5	16
0	15
0	1
0	16
0	2
0	2
0	1
0	0
1	44
0	46
0	54
0	10
0	54
0	5
0	73
0	28
15	132
0	132
0	279
16	281
0	219
1	6
0	42
1	2
0	276
3	126
2	12
0	17
0	15
604	0
6	0
0	1
18	23
0	23
0	14
0	10
0	10
0	3
0	2
0	2
0	0
0	0
0	0
0	0
0	6
31	260
0	241
15	336
0	0
0	270
8	16
0	187
0	90
13	187
0	203
0	191
0	83
1	25
2	151
31	187
6	138
4	39
2	195
0	22
0	32
49	254
1	11
0	65
0	27
1	44
0	244
0	24
0	29
0	59
0	27
0	61
0	4
0	65
0	31
0	42
4	72
0	68
0	33
0	69
0	1
6	73
0	0
0	0
0	0
0	0
0	1
0	0
0	0
0	0
0	0
0	0
0	423
121	423
0	316
0	311
0	27
14	99
2	69
13	164
0	82
0	22
0	6
7	200
0	209
0	567
0	602
0	559
1	31
0	86
2	75
2	82
0	589
0	1969
1	861
4	891
0	1482
1	1589
1	438
9	971
6	235
99	328
0	328
0	98
0	165
0	86
0	60
0	47
0	28
0	78
0	83
0	94
1	94
1	22
0	25
0	94
0	78
0	53
0	94
0	22
0	1
0	15
1	69
3	62
0	91
15	35
0	83
0	27
0	71
13	109
60	1199
0	20
0	1164
0	185
2	181
0	358
6	542
0	758
10	213
41	720
3	437
9	307
0	548
0	114
1	92
6	185
2	94
1	83
0	198
25	50
0	69
1	27
0	54
0	193
0	313
0	386
0	10515
14	1469
0	10559
40	2784
55	7504
6	8354
42	9517
0	9497
6	7722
0	6029
0	6542
0	6672
1	7022
0	7669
34	4828
0	5799
0	4049
0	4740
0	4851
0	2441
0	2536
0	2965
0	2021
0	1755
0	1785
0	109
0	10541
0	91
11	97
0	108
0	102
0	89
0	129
0	112
2	73
0	30
0	455
0	489
1	30
0	482
0	12
33	354
2	83
7	34
17	9
0	0
63	93
0	0
0	179
1	1471
0	1401
0	132
1	156
0	314
5	202
2	0
0	3872
0	4038
0	3693
0	3885
0	2311
0	3683
0	694
3	329
8	1394
0	1486
0	361
0	342
0	112
0	0
1	0
0	0
0	1233
26	1251
0	1186
6	587
32	861
9	349
1	1202
1	8
3	6
0	8
0	2
0	0
0	0
0	1
0	947
0	0
0	0
0	0
57	405
51	114
0	407
1	268
0	10
78	134
0	137
0	120
0	50
0	19
1	8
1	2
0	0
1	0
4	413
0	425
0	64
15	49
0	49
0	38
11	331
3	260
1	255
3	232
0	182
0	188
0	148
0	106
3	116
0	57
46	112
0	48
1	64
0	389
0	409
0	140
10	66
0	282
7	272
0	329
0	133
0	289
0	392
0	394
0	1393
1	1272
0	263
0	1
0	1
0	1
0	0
0	176
0	92
0	105
0	95
1	23
0	10
0	176
347	1
1	809
106	411
0	686
1	430
1	9
4	687
9	651
0	343
0	0
0	0
3	581
37	581
2	541
1	0
2	0
0	0
2	342
0	387
0	343
0	354
11	305
0	362
0	324
0	396
0	11
0	26
0	53
0	344
0	345
0	32
0	26
1	70
0	13
0	301
0	24
0	229
2	208
1	179
0	64
1	50
0	12
0	21
0	1966
6	1650
12	1913
1	704
6	224
0	135
1	193
0	96
4	174
8	95
2	14
0	1847
0	1769
0	7
0	465
0	32
0	411
0	59
1	450
0	411
0	465
4	36
0	55
0	0
0	0
0	0
0	0
0	0
2	208
4	262
6	293
0	0
3	256
305	357
2	339
0	339
1	307
0	16
0	5
0	5
0	4
0	4
0	4
0	311
0	312
2	310
0	78
0	68
0	71
0	80
0	46
0	78
0	49
0	284
0	283
0	283
0	283
0	284
0	0
0	0
0	0
0	0
0	0
0	0
0	0
0	0
0	7228
0	7218
225	2941
0	1550
0	14
0	14
1	11
0	30
0	24
0	16
1	3
3	12
1	3
0	21
0	2
0	1
0	1
0	4
0	12
0	12
0	11
0	6
0	9
0	8
0	116
0	86
0	116
2	9
10	2
4	21
4	2
35	25
13	12
0	19
1	40
0	74
0	81
0	36
1	13
0	95
1	39
0	65
1	32
0	86
0	72
0	7
0	14
0	14
0	26
2	6
0	84
0	0
0	0
0	0
0	0
0	0
0	0
0	0
0	0
0	0
0	0
0	0
0	0
0	0
0	0
0	0
0	0
0	0
0	0
0	0
0	81
0	70
0	7
0	74
0	70
1	54
0	65
0	70
0	15
0	73
0	11
5	62
0	67
0	74
0	70
0	10
2	10
7	25
40	17
0	16
0	9
1	6
247	68
0	20
0	2
0	0
0	0
0	0
1	9
1	29
0	441
0	391
0	441
1	40
0	84
0	111
0	350
0	354
0	390
0	69
0	47
0	227
0	10
5	170
0	48
0	173
1	205
1	165
0	114
0	115
0	105
0	67
0	30
0	9
2	970
0	5
0	7
0	7
0	5
0	7
1	1
0	0
0	0
0	0
0	0
0	0
0	0
0	0
0	0
0	0
0	0
0	0
0	0
0	0
0	728
0	728
0	738
0	729
0	41
6	739
0	23
0	728
4	46
0	112
0	65
0	90
0	9
0	213
0	159
2	131
8	82
0	35
0	137
75	233
0	233
0	87
0	229
0	599
0	594
0	451
19	433
0	71
0	83
0	46
5	63
0	42
0	65
0	32
0	105
0	66
0	50
0	75
0	38
0	37
0	41
1	65
0	57
0	16
0	42
0	42
1	18
0	13
0	19
2	0
16	5
0	5
0	0
0	0
0	0
896	849
1	742
4	307
0	104
0	139
0	88
17	93
0	82
0	83
0	70
0	12
1	36
1	46
0	30
0	18
0	39
1	43
0	27
0	16
0	12
4	11
0	82
0	108
37	509
2	195
1	487
5	266
4	157
0	21
0	182
0	125
0	161
1	139
1	300
1	85
0	118
0	115
18	156
0	291
0	289
0	0
0	3
0	7
0	0
0	3
0	7
0	3
0	3
0	7
0	2
0	1
0	3
0	690
0	549
0	679
2	687
0	24
0	633
2	676
0	30
0	18
8	17
0	654
0	203
0	0
6	179
0	2
0	2
0	0
0	1
0	0
2	325
0	46
2	35
5	45
0	282
0	68
0	0
0	0
0	0
0	0
567	196
0	37
1	152
5	14
0	0
1167	4406
1	4406
0	1
0	0
0	1
0	1
0	0
69	1378
1	1348
0	1315
0	124
1	46
1	72
0	80
0	60
1	55
8	84
0	57
0	38
1	31
0	40
2	14
2135	1524
0	19
0	38
3	43
0	2
0	344
88	345
0	214
1	48
0	215
0	61
0	45
0	42
0	75
0	43
0	215
0	65
3	8
0	23
0	18
1	40
0	15
0	0
0	45
0	5
0	20
1	7
0	1
0	15
1	10
20	0
0	151
0	658
0	772
0	799
0	763
4	101
1	141
1	237
0	636
2	50
5	462
0	316
1	277
1	157
0	148
0	658
0	0
0	0
0	0
2682	2568
4	2292
3	2050
0	2127
1	1150
0	782
0	40
0	181
0	154
0	122
0	71
0	140
0	58
6	58
1	32
4	23
1	1
220	272
3	31
13	243
413	650
0	632
0	561
0	428
2	370
0	51
0	112
0	20
0	572
0	621
0	540
1	595
0	613
0	635
2	604
0	643
0	630
1	593
38	590
0	544
0	589
5	467
0	564
0	44
21	548
0	0
1	509
0	57
0	65
0	0
0	1
0	1
0	0
0	0
0	0
0	0
0	0
7	0
138	818
0	41
0	42
2	38
1	657
0	87
0	20
0	0
0	454
0	434
8	446
0	445
0	467
0	428
0	47
3	154
0	146
1	143
0	83
0	59
1	74
0	44
0	68
0	44
0	2
0	7
4	8
0	16
1346	188
0	0
2	68
1	105
7	79
0	30
0	70
11	68
0	4
1	65
1	49
0	1822
0	308
1	1121
1	199
0	108
0	1087
0	1084
0	103
0	85
0	68
3	1012
1	147
0	82
0	82
0	272
0	113
5	38
4	14
0	0
2	268
0	13
0	141
0	183
0	141
1	390
0	168
0	185
1	1653
0	121
0	12
0	22
1	36
0	95
0	17
0	102
0	123
0	123
0	10
5	148
0	150
0	148
0	146
0	9
1	110
0	1768
0	1088
1	144
1	31
0	1192
1	92
14	1384
3	0
0	90
3	90
206	249
5	16
0	2
0	241
5	166
3	16
0	0
6	16
0	1
0	4
0	7
1	3
0	0
0	1
0	1
0	1
0	0
0	0
0	0
0	0
0	0
0	0
0	0
0	0
0	0
0	8
0	115
0	14
0	3
1	8
0	104
0	17
0	337
0	50
0	463
1	73
0	469
0	467
0	151
0	414
0	270
0	12
0	18
0	4
0	60
0	12
0	75
0	66
0	71
0	80
0	75
0	71
11	216
0	58
0	49
0	194
1	25
0	16
0	17
21	354
0	354
0	851
0	721
1	766
0	809
0	770
1	805
0	760
0	630
12	809
0	807
0	146
0	451
0	369
0	178
0	122
0	187
0	524
0	128
2	639
3	14
0	11
0	14
1	6
0	3
0	66
0	72
0	14
0	23
296	89
0	171
5	432
0	109
6	383
0	180
0	437
0	363
0	405
29	942
0	879
0	158
8	314
0	21
0	735
0	14
0	94
0	91
0	33
0	26
0	45
0	30
0	26
20	65
5	56
0	19
0	73
0	103
0	15
0	69
0	58
0	25
0	21
0	21
2	7
0	18
0	90
30	123
0	20
1	122
0	6
0	5
0	4
0	0
0	0
0	2
0	0
0	4
0	2
11	86
0	78
2	174
0	139
0	78
0	76
0	3
5	122
0	369
0	102
1	15
1	27
0	158
2	112
1	100
0	61
0	58
0	43
2	59
0	38
0	349
3	464
5	464
1	101
1	115
0	40
0	110
0	100
0	86
1	77
6	11
0	1
0	1
0	1
0	19
1	19
0	0
0	0
0	0
0	0
0	96
23	320
0	173
0	87
0	162
0	166
0	163
0	318
1	92
0	95
0	97
0	160
0	236
0	146
59	57
0	202
0	62
0	185
0	57
0	175
0	317
0	28
0	72
0	125
0	17
0	17
28	4
0	4
77	363
0	45
0	135
1	63
3	219
1	20
0	2
0	0
0	0
0	0
0	2
0	0
0	0
0	0
0	0
0	0
1	63
0	447
0	726
0	94
0	812
0	1
0	813
15	663
0	37
0	804
0	163
0	105
301	0
242	1502
3	125
194	1346
15	213
662	68
0	57
0	8
0	11
16	642
114	174
0	160
0	152
2	26
0	33
0	8
0	37
1	6
0	7
0	7
0	2
1	3
1	7
0	7
2	2
586	0
0	455
113	167
1	77
10	35
1	13
1	9
0	65
0	64
3	9
1	16
0	11
0	63
7	10
0	39
0	0
34	54
4	7
1	28
6	44
4	51
75	7
0	5
0	6
3	2
1	294
2	54
519	127
0	13
0	60
0	0
0	0
0	431
6	145
0	371
0	337
0	286
1	333
0	72
0	227
0	322
0	300
0	326
20	166
2	226
0	260
0	333
0	252
0	153
0	156
0	196
1	70
0	224
2	143
0	82
0	115
0	78
0	127
0	114
0	123
0	104
0	95
0	93
0	67
0	5
0	126
0	133
0	131
0	56
0	48
0	13
0	0
0	0
0	4
0	4
0	3
0	0
5	99
0	307
0	307
26	35
0	52
0	53
0	170
2	3
17	3
0	0
0	0
0	241
0	199
0	174
1	200
12	2
21	84
1	233
0	166
2	202
0	48
0	201
1	0
0	1
0	1
0	1
0	1
0	1
0	1
0	1
0	1
0	1
0	1
0	1
0	1
0	1
0	1
0	1
0	1
0	1
0	1
0	1
0	0
0	0
0	164
6	194
0	121
11	56
0	31
1	13
3	16
2	128
4	111
0	69
1	73
0	1
0	4
1	0
1	77
2	145
0	125
1	170
0	103
0	145
1	56
0	86
2	19
0	7
167	132
0	98
0	122
0	12
0	10
0	3
0	1
0	3
0	3
0	4
0	4
0	3
0	4
0	3
0	0
0	2
0	0
8	718
0	656
0	656
0	272
11	132
0	132
0	80
0	83
0	131
0	8
0	4
0	977
0	1110
1	855
0	983
2	969
0	178
0	366
2	222
0	348
0	281
3	68
0	164
2	90
0	308
0	302
0	268
0	217
0	253
7	261
0	189
0	176
0	161
0	146
0	195
0	118
0	55
0	93
0	71
0	922
25	236
1	236
0	22
131	250
6	220
0	169
40	165
1	49
17	0
0	0
0	1
0	226
0	0
0	145
11	234
1	9
0	1
0	18
0	18
5	18
0	17
2	17
0	18
0	14
0	12
0	6
0	4
0	4
0	1
0	25
81	162
0	32
0	92
1	59
0	64
0	389
0	2
0	25
0	14
0	11
0	965
4	332
10	335
10	491
3	922
21	945
0	908
0	0
0	0
0	0
0	0
0	0
10	14
34	268
0	20
0	27
5	248
0	199
0	59
3	14
0	11
1	1
0	1
22	1039
1	737
0	1033
0	2
22	47
0	17
0	19
1	15
4	28
0	0
0	0
0	0
0	1
0	1
1	0
0	0
7	139
3	1134
4	1618
37	15
0	310
0	1591
0	1553
2	114
0	366
0	161
0	11
0	193
81	66
159	0
0	225
0	216
0	225
0	35
0	6
1	5
0	0
0	0
1	3
0	0
0	0
0	0
0	3
0	0
0	86
138	86
163	115
3	88
5	37
0	0
0	63
0	0
0	0
0	1
0	2
13	355
0	53
0	44
0	47
0	327
0	379
0	51
1	344
0	324
0	54
0	77
0	46
0	49
0	71
0	65
0	40
1	40
1	54
0	2
209	0
12	834
0	832
0	834
0	834
0	812
0	810
0	59
0	810
1	113
0	3
16	580
0	635
0	606
9	556
0	331
2	150
0	54
1	219
0	75
3	496
5	13
0	345
0	489
1	25
8	484
0	124
5	126
1	32
1	155
11	197
0	47
0	128
0	12
0	0
0	140
0	18
2	29
0	3
0	11
0	12
0	0
35	239
0	235
1	4
0	232
22	2684
0	2695
0	168
0	2697
0	29
0	27
2	71
0	162
0	26
0	2719
0	135
0	158
0	0
2391	138
0	28
0	110
4	129
0	133
6	120
3	378
0	276
0	311
0	217
0	286
0	137
0	226
1	122
0	94
0	83
0	376
61	259
0	324
2	320
0	215
0	246
2	254
1	172
2	68
0	102
1	69
0	53
8	122
0	0
0	11611
0	11700
24	3770
101	1926
18	6506
1	8256
3	7952
9	1344
0	3344
0	7432
0	11528
0	10175
0	13137
0	2125
0	9322
76	11659
1	8375
11	7235
25	7213
0	6609
134	6295
59	5534
0	1750
0	6217
0	4576
0	4643
3	74
0	5223
0	4116
11	5212
0	3791
0	5220
0	926
0	933
0	5212
0	535
0	748
0	762
0	773
16	72
0	60
0	187
0	144
0	54
1	10
576	153
1	141
0	96
0	19
2	1
1	1
0	1
0	0
3	0
0	0
191	858
3	822
0	50
1	521
1	43
2	189
1	75
0	43
2	10
39	111
0	10
0	7
0	15
14	107
0	0
0	352
0	377
0	371
0	359
0	377
0	377
0	371
0	358
0	66
0	7
0	15
0	54
0	229
0	25
0	184
2	19
4	10
3	26
0	12
1	18
0	21
0	17
0	16
0	9
2	287
1	11
0	296
0	8
0	256
0	31
1	22
0	5
0	370
0	85
0	722
1	45
160	729
0	11
0	36
0	19
1	48
3	73
1	68
0	417
16	391
0	417
1	378
10	6
0	6
0	7
0	7
1	8
2	7
0	8
0	8
1	5
0	62
0	357
1	466
129	602
0	123
0	366
0	445
0	316
2	39
0	708
0	938
0	938
0	41
0	337
2	135
79	2035
2	283
0	329
0	549
0	1264
0	227
2	128
29	1060
0	127
0	127
1	25
0	125
0	22
2	760
0	1114
0	484
0	358
0	852
0	1059
0	946
3	534
0	574
0	1052
0	991
0	450
0	442
4	67
0	529
0	203
0	970
0	1017
0	586
2	3
0	13
0	1
0	2
0	1
0	12
0	12
93	553
0	27
1	428
0	25
2	166
0	46
1	493
0	45
3	38
0	11
6	26
1	39
0	34
0	25
0	62
0	20
0	0
0	0
0	0
1	0
0	0
0	0
0	0
0	1
0	1
0	1
0	0
0	0
0	49
2	97
4	115
0	64
0	16
0	47
0	5
0	56
0	49
0	106
5	602
0	74
130	602
0	107
9	156
1	170
7	85
0	155
2	10
1	10
0	13
0	12
0	8
2	1
134	1795
0	600
4	84
0	330
25	1138
4	131
1	0
112	565
0	448
0	178
0	108
0	79
0	53
0	47
0	565
1	5
0	2
0	54
0	277
2	78
1	169
0	1
5	182
442	48
0	14
0	34
0	0
0	0
0	0
10	4876
2	3607
0	3855
26	3595
18	2118
297	4345
0	2428
3	2719
0	1
0	1
0	0
0	0
0	0
0	0
0	1129
2	1768
35	1734
3	1369
0	356
2	36
20	171
0	193
0	313
5	95
2	159
0	185
10	48
0	171
0	64
0	6
2	6
0	2
0	21
0	3
0	21
0	2
0	17
0	3
2	11
0	5
0	5
0	6
0	19
0	18
0	15
3	18
0	2
2	5
0	4
0	6
1	4
2	0
0	0
0	1
0	0
0	0
0	0
0	0
0	0
0	0
0	0
0	1
0	1
0	1
0	0
0	0
0	0
0	0
4	52
0	87
0	0
0	1868
0	1829
0	124
0	162
0	1868
0	125
0	128
0	1828
0	1867
0	158
0	177
0	17
6	157
2	69
48	947
1	107
0	56
10	235
163	136
0	136
14	51
0	403
0	423
8	406
0	393
2	361
0	81
9	96
1	43
0	38
0	36
0	33
0	22
0	15
4	32
0	1336
49	1752
1	299
0	537
16	0
1	302
1	229
0	185
0	715
0	30
0	31
94	458
1	110
0	155
0	458
0	202
0	101
0	36
0	32
0	62
0	109
0	21
6	0
0	0
0	0
0	0
0	0
0	0
0	0
0	0
0	0
0	0
0	0
0	0
0	0
0	0
0	0
0	0
78	127
0	126
0	935
2	159
0	165
0	9
0	8
0	9
0	233
31	29
2	57
5	268
0	192
0	247
5	32
5	24
0	140
22	966
3	563
0	16
0	14
0	16
0	11
0	8
2	25
0	35
0	9
5	394
0	12
1	35
1024	363
0	329
0	333
0	19
0	61
0	23
1	22
1	31
0	15
0	0
0	195
3	169
0	168
0	47
10	153
2	122
0	127
1	18
0	27
0	30
0	17
1	18
0	8
0	188
0	180
651	0
0	0
0	89
0	355
0	25
0	358
0	335
0	22
0	344
0	340
0	358
0	142
0	27
20	368
0	47
0	348
0	78
1	28
668	0
3	3191
0	3276
0	1775
7	520
0	570
3	380
0	693
6	379
0	278
0	84
0	291
0	54
0	142
2	80
52	320
0	140
0	29
0	8
0	0
2	0
0	128
0	1363
8	861
0	770
0	96
1	2
0	537
0	33
0	168
0	1257
1	1248
0	0
0	0
0	0
0	0
0	1
0	1
0	0
22	319
0	349
1	281
2	171
0	181
0	48
9	1
0	1
0	122
0	122
1	128
43	443
44	481
0	98
3	126
2	0
7	0
6	0
8	117
0	126
0	19
0	1840
10	1827
0	1837
0	1864
0	1829
2	947
1	85
2	1
0	1
611	3
938	5
2	5
0	2
1	0
0	1
2	0
0	0
0	0
0	0
0	0
0	0
0	0
45	177
0	115
2	174
0	961
0	734
3	1144
0	407
2	83
2	316
1	457
0	449
11	100
0	99
0	338
0	512
0	362
7	75
13	690
1	229
0	455
0	170
0	39
12	1
76	0
2	0
3	0
0	525
2	515
0	312
1	51
4	62
10	86
0	15
1	56
2	342
0	439
21	206
0	323
0	8
0	3
0	8
0	6
0	5
0	5
0	3
0	0
0	448
79	534
11	331
0	63
0	29
0	71
0	17
3	1
0	1
0	3
0	3
0	0
0	1
0	2
0	1
0	2
0	0
0	0
0	3
0	79
0	83
1	87
0	111
0	194
0	27
0	57
0	177
2	58
0	43
2	37
0	140
0	36
0	9
2	10
2	6
0	0
0	0
0	0
0	0
0	0
0	0
0	0
0	124
0	273
0	49
0	36
0	42
0	37
0	48
0	37
0	82
0	82
29	249
0	273
4	38
0	166
0	0
1	0
0	0
0	6
0	6
47	68
0	6
0	3
0	7
0	4
0	72
6	41
0	23
0	7
16	56
0	4
0	2
18	56
0	0
0	0
2	301
0	314
0	81
2	65
0	30
0	26
0	26
0	6
0	2
0	15
0	0
0	0
0	0
0	0
0	0
0	71
0	66
0	47
0	46
0	14
0	7
0	0
1	0
1	0
0	6
0	6
0	2
0	1
0	2
0	6
0	3
0	1
0	0
0	0
0	0
0	0
0	3
0	0
0	0
0	2
0	2
0	1
0	0
0	0
0	0
0	0
0	1
6	13
0	2
0	0
0	0
0	0
0	0
0	0
625	274
1	114
3	230
2	49
30	54
8	107
15	39
0	0
21	118
0	112
0	55
6	51
97	3
1	3
342	0
0	0
0	0
0	0
0	0
822	0
1	683
102	688
0	63
3	96
12	613
0	167
0	98
2	1
0	616
0	613
0	613
0	0
0	0
0	0
0	0
0	0
0	0
0	0
0	0
0	0
0	0
0	0
0	0
0	0
0	0
0	0
0	0
0	0
0	0
0	0
0	0
0	1
39	1
0	59
0	146
103	296
7	16
0	38
10	48
2	119
0	0
1	73
8	1849
1	911
1	1681
0	1333
0	5657
129	1537
0	1821
0	1339
0	1571
0	3541
0	3186
0	1570
0	5054
0	250
0	244
0	165
0	18
1	37
0	4
0	11
0	2
0	17
0	10
0	3
0	0
0	0
1	122
0	73
1	1
0	14
0	12
0	8
0	116
0	0
0	2
3	8
0	87
0	8
0	215
1	10
0	10
0	84
0	10
0	155
0	33
0	6
0	212
0	154
0	25
4	148
0	23
0	44
0	11
14	135
24	25
0	11
0	16
0	10
10	107
0	401
0	388
0	388
0	387
0	387
0	387
0	388
0	388
0	387
0	87
0	64
0	14
1	0
728	455
0	87
6	455
0	94
1	148
0	123
1	94
7	8
0	91
0	1059
0	366
2	172
0	1061
0	300
0	300
0	301
0	301
0	158
8	275
0	102
75	213
10	275
0	163
0	39
0	28
1	1241
0	0
0	4
0	105
0	1217
0	420
0	95
17	33
6	31
0	55
2	157
5	23
2	511
0	1
0	0
17	0
2	0
0	0
0	0
0	0
1	0
0	3
0	3
0	0
0	0
0	0
0	1
0	41
0	102
0	630
1	0
0	0
0	0
0	0
0	0
0	0
0	13
0	135
9	22
0	13
0	134
0	156
0	120
0	21
0	141
0	116
1	15
0	141
0	18
0	23
0	20
0	25
0	17
0	20
0	5
0	129
0	59
0	28
2	793
0	26
0	58
0	834
0	54
0	96
1	427
0	514
1	107
2	499
17	643
0	83
11	627
0	0
5	1595
7	1583
0	1528
10	113
0	590
0	320
0	33
1	5
0	1568
0	1154
0	484
2	371
0	31
0	63
0	17
0	1137
0	1143
0	6
0	7
0	7
0	0
0	5
0	5
0	5
0	4
0	4
0	4
0	0
0	3
0	0
0	0
0	0
0	5
0	6
1	97
0	92
15	13
348	0
0	2
0	2
0	2
0	2
0	14
0	8
1	17
0	1
0	273
0	78
0	70
0	273
0	90
0	166
0	15
10	61
0	194
0	268
20	257
0	214
0	5
0	32
6	57
1	204
0	57
1	116
25	13
7	28
1	24
6	14
0	0
0	0
0	0
0	0
0	0
0	0
0	0
0	0
0	0
0	0
0	0
0	0
0	0
0	0
0	114
0	120
0	117
0	125
0	121
1	124
0	22
0	115
0	9
0	104
0	0
0	14
0	11
0	78
0	11
0	15
0	15
0	6
0	6
0	6
0	6
0	5
0	1
0	0
0	0
0	0
0	0
0	0
0	0
0	0
0	0
60	68
0	68
144	349
1	302
0	105
0	98
0	10
1	22
1	2
0	17
0	5
660	240
10	239
0	0
0	0
0	0
0	0
0	13
0	15
0	3
0	1
0	8
0	4
0	284
0	55
354	255
23	155
45	303
0	56
0	52
3	236
12	7
0	7
2	74
54	2407
0	132
0	2316
0	691
0	517
125	550
3	508
0	205
43	86
22	24
2	294
9	101
291	0
0	255
0	249
0	47
0	28
0	14
5	0
6	10
0	9
0	1
0	11
0	8
0	9
4	8
0	1
0	3
221	442
0	18
1	113
2	64
0	364
0	230
2	0
1	88
7	99
20	30
241	0
0	3
1	8
0	8
8	11
0	45
0	61
0	60
0	64
0	2
0	8
0	18
0	6
10	29
240	705
0	82
2	83
0	521
0	382
1	277
0	75
57	71
0	38
3	8
309	35
0	35
0	0
194	372
0	56
0	46
0	38
1	44
0	39
0	36
0	29
0	36
0	21
0	21
0	29
0	32
5	2
0	2
0	2
0	2
0	2
0	2
0	2
0	1
0	1
0	0
0	32
0	36
0	21
0	7
0	10
0	6
1	10
0	2
226	154
0	140
1	65
1	24
0	16
2	44
12	44
0	54
0	20
1	0
0	0
0	0
0	0
0	0
0	0
0	0
0	0
0	0
0	0
0	0
0	0
0	0
0	0
0	0
0	0
0	0
0	0
0	0
0	0
0	0
0	36
0	407
0	382
0	406
0	62
0	71
1	124
0	178
6	342
0	6
0	0
0	32
0	38
0	368
19	4
0	54
0	55
0	77
0	73
0	72
0	62
0	62
0	31
0	82
14	326
0	27
0	31
0	16
328	71
0	9
0	21
273	469
0	357
0	418
0	114
2	163
0	244
6	246
0	183
0	170
1	60
0	3
117	145
0	126
0	26
0	15
0	128
3	0
0	22
0	15
0	17
0	23
0	15
0	12
0	17
0	49
691	0
1	30
0	0
0	0
0	0
61	0
380	156
0	156
1	6
10	6
2	2
0	0
0	1111
0	917
0	1066
0	976
5	796
0	747
0	745
0	742
2	0
0	289
7	38
1	210
2	102
0	177
0	87
2	189
1	47
4	157
0	0
4	8
0	0
0	2
0	0
0	0
0	2
0	2
0	1
0	2
0	2
0	0
0	0
0	0
0	1
0	1
0	1
0	0
2	0
0	0
175	490
0	395
2	292
0	228
0	182
0	92
1	93
0	39
3	20
0	4
0	272
0	6
0	270
0	7
0	7
0	34
0	103
0	80
0	12
0	12
0	9
3	84
0	1266
0	1100
0	960
3	133
0	803
0	96
1	130
0	146
0	66
0	0
10	123
0	235
0	256
0	131
1	150
30	929
10	933
0	71
7	115
19	396
95	223
0	0
0	0
0	0
0	0
0	0
0	6
0	0
4	2
0	118
170	130
0	79
0	6
0	21
0	39
0	15
1	2
69	146
9	130
0	32
0	7
0	5
513	207
0	43
0	7
2	200
7	52
0	4
0	57
2	161
1471	2575
0	129
3	2
0	69
2	327
3	329
8	417
8	304
0	319
0	685
0	406
1	766
0	24
28	979
5	585
0	242
0	80
0	48
0	48
0	48
0	48
0	0
0	0
1	9
0	5
0	1
0	0
0	2
0	4
0	4
0	4
0	4
0	3
0	3
0	3
0	3
0	2
0	2
0	2
0	2
0	2
0	2
0	0
0	2
0	2
0	2
0	2
0	2
0	2
0	2
0	2
0	2
0	2
0	2
0	2
0	0
0	0
0	2
0	2
0	2
0	2
0	2
0	2
0	2
0	2
0	0
0	0
0	2
0	0
0	0
0	0
0	0
0	0
0	0
0	0
0	0
0	0
0	0
0	0
0	0
0	720
0	520
0	607
2	507
72	1549
3	1525
12	420
0	41
0	94
0	56
3	1
0	1525
0	70
0	177
2	91
0	980
0	2
0	415
0	0
0	0
0	0
0	0
0	0
0	0
0	0
0	0
0	0
0	0
0	0
0	3
12	60
124	440
0	452
1	439
0	286
32	115
0	10
3	114
0	1
0	156
0	160
0	102
0	104
0	105
0	32
0	3
0	18
1	591
7	472
0	595
0	595
0	440
0	551
0	470
1	94
0	89
1	75
0	96
0	43
1	39
2	32
0	45
0	45
0	22
0	48
2	45
0	37
0	36
0	28
0	9
0	113
0	105
0	57
0	19
4	42
0	63
0	69
3	42
0	60
0	70
0	212
93	287
4	163
0	83
2	86
0	110
2	125
0	137
0	81
0	509
0	21
0	21
0	0
0	25
0	295
0	0
4	17
0	17
0	1
0	1
204	101
1	70
0	9
0	5
0	3
0	6
0	5
0	10
0	9
0	5
1	309
0	87
0	64
0	83
0	115
1	237
0	315
0	277
0	78
13	44
0	109
4	83
0	76
3	47
1	13
0	20
0	3
0	70
0	66
0	85
0	16
0	13
0	25
1	62
0	69
4	1
0	6
9	8
0	839
0	39
0	8
1	38
0	277
0	7
0	294
0	420
0	58
0	391
4	24
0	72
0	62
0	49
0	1
0	56
0	369
0	118
0	60
0	62
0	753
0	741
215	14
185	264
0	176
0	209
0	1375
0	1375
0	1307
0	1369
0	1379
0	1226
0	1333
0	1304
0	1347
0	1313
0	1288
0	1289
0	1337
0	1241
0	1278
0	1296
0	939
0	1279
0	1326
0	1350
0	1325
0	1353
0	1279
0	353
0	1331
0	1333
0	361
0	1266
0	1147
0	1205
0	1331
50	1334
0	1241
0	1341
0	1251
0	62
5	849
0	63
0	140
0	48
0	573
0	32
12	1057
810	1057
269	0
0	0
0	26
0	256
85	292
1	262
20	145
80	95
0	7
6	18
0	80
70	3
1	11
0	46
0	10
0	14
0	1
1	0
0	0
0	46
0	18
1	250
0	269
0	84
0	167
0	8
0	24
0	15
0	18
0	8
0	193
0	37
0	16
0	33
0	47
0	16
0	20
0	0
0	0
0	1
0	1
2	2600
0	2517
2	2558
1	17
39	121
0	104
1	42
2	0
83	512
0	500
2	492
0	41
2	2
0	253
0	17
0	162
0	0
0	0
6	169
0	201
0	96
6	70
0	79
18	123
2	115
2	128
0	0
22	11
158	11
26	273
0	273
45	0
100	3
0	6
0	0
0	132
0	226
0	6
0	13
0	0
0	226
0	220
0	182
0	33
4	122
0	25
0	61
0	346
38	855
0	291
2	377
0	499
0	5
1	5
0	3
0	2
0	1
10	493
0	128
1	72
0	61
0	424
0	392
1	63
0	102
0	165
10	244
5	195
2	91
0	125
0	118
0	78
2	87
1	19
2	31
0	118
0	223
0	214
2	26
1	21
0	37
9	130
1	0
0	0
0	359
27	359
3	30
4	150
0	39
0	0
0	0
0	0
0	0
0	0
0	0
61	206
0	221
18	101
0	207
0	204
0	69
3	36
7	66
0	14
0	14
0	3
0	325
0	51
0	327
0	300
0	299
0	309
0	316
3	174
1	90
1	63
1	78
0	36
1	37
0	0
0	0
0	0
0	0
91	9
4	69
0	74
0	244
3	76
50	394
0	100
13	240
39	87
0	66
1	15
0	8
119	93
1	71
3	2
0	65
5	74
0	10
0	0
0	676
0	683
0	697
0	662
0	654
4	11
0	155
3	0
0	38
0	112
9	604
0	500
13	551
0	677
0	219
0	58
8	88
0	75
0	97
0	16
0	34
0	32
0	27
9	27
0	20
0	39
0	10
0	255
0	365
456	229
0	56
0	44
0	33
0	19
0	54
2	39
0	4
0	219
1	0
0	276
0	721
0	478
0	649
426	1280
0	970
0	680
176	159
0	121
1	12
1	139
11	378
0	254
0	285
0	402
0	255
0	237
0	244
1	57
0	9
0	25
0	23
0	23
0	23
0	10
0	6
0	1
0	25
0	19
0	374
0	375
439	25
0	12
0	187
0	200
3	28
1	83
0	35
6	14
0	54
1	54
0	31
0	2
1	65
1	0
0	0
522	2
13	51
1	16
2	35
0	2
0	2
0	2
0	2
0	0
0	63
0	63
0	327
0	392
1	0
7	298
2	42
0	0
1	26
0	0
0	5
0	7
0	1
0	5
0	7
0	3
0	0
0	1
0	255
2	150
0	248
0	213
0	222
0	79
2	151
0	145
0	44
0	122
0	230
0	240
0	0
0	1010
9	987
0	924
0	306
0	108
0	704
0	39
0	30
0	16
0	2
0	44
1	267
0	54
0	24
0	57
0	64
0	70
1	33
0	416
0	75
0	403
0	89
0	201
0	81
0	98
0	38
0	174
0	19
0	33
0	47
0	25
12	7
0	92
0	2
2	60
4	228
3	84
0	18
0	153
0	152
0	5
0	76
8	99
53	0
0	181
3	213
0	213
0	127
13	92
1	27
0	51
6	1
0	66
0	75
0	43
0	64
0	58
9	16
0	970
0	1137
3	1027
0	1009
0	564
1	13
0	77
0	11
521	185
0	34
0	151
0	54
0	0
0	31
1	6
0	6
0	0
0	599
0	505
1	682
0	27
0	10
29	1361
1	540
0	0
2	515
0	1383
0	9
0	9
0	61
0	26
1	1383
0	1359
0	736
0	679
0	108
0	0
0	87
2	250
0	39
1	119
0	220
0	1545
10	15
0	1575
1	424
0	268
3	363
0	384
0	350
7	155
0	402
1	375
2	116
0	199
1	35
0	14
0	35
0	34
0	32
2	2
0	5
4	16
5	16
0	15
0	12
0	7
2	246
0	355
224	392
0	150
2	93
2	2
3	0
0	0
0	0
0	0
0	0
65	4
0	4
0	9
0	74
0	30
59	93
0	92
3	77
0	101
0	101
5	109
1	2
0	7
0	44
0	37
0	24
0	14
0	5
0	10
7	7
0	0
0	0
0	0
0	0
0	0
0	0
0	0
0	0
0	0
0	60
2	52
0	14
0	14
0	52
0	54
0	50
1	54
0	13
0	19
0	7
1	11
0	15
2	4
2	2
0	29
2	18
0	0
0	5
0	55
0	225
1	214
0	141
2	101
1	91
0	77
0	36
14	76
0	37
2	21
103	1844
47	70
1	596
2	1829
14	250
31	563
0	126
0	361
0	1275
0	436
0	11
0	439
0	80
0	436
0	8
0	8
0	17
0	8
2	8
0	110
1	1295
3	0
3	186
17	176
4	57
0	186
0	0
0	0
0	0
2	345
0	1135
30	1118
3	1100
1	170
1	93
5	197
2	1019
0	1022
1	537
0	152
0	87
0	57
0	114
1	106
2	77
0	41
0	16
0	326
0	337
0	51
4	257
1	37
5	171
3	30
0	21
0	16
1	12
0	21
0	22
0	20
0	12
0	11
0	14
0	2
0	4
0	11
1	0
0	1
0	0
0	24
0	46
2	46
0	2
0	0
0	0
0	0
0	0
0	0
0	0
0	0
0	0
0	0
0	275
21	138
0	263
2	81
0	261
0	178
0	76
3	13
0	60
2	15
0	99
4	44
0	56
1	61
0	75
0	43
0	32
0	29
164	97
0	27
0	15
0	43
0	32
0	39
1	16
0	0
0	2
0	320
0	601
0	746
0	56
0	193
4	1013
0	157
0	139
1	17
0	21
1	219
0	173
1	692
0	339
0	234
4	0
0	2
0	51
0	670
0	952
1	34
0	231
0	68
114	670
2	127
1	340
0	56
2	557
1	66
0	250
4	72
0	194
3	138
0	95
8	102
0	78
0	1
0	1
0	1
1	398
22	398
0	16
0	812
1	732
0	808
0	720
0	604
3	0
0	47
0	47
0	14
0	12
0	22
0	23
0	15
0	16
2	1
1	17
1	10
0	15
21	18
0	10
0	5
0	63
0	0
0	48
139	154
0	67
6	117
0	99
2	36
0	321
0	327
0	289
2	146
0	62
2	37
3	13
386	738
1	738
0	707
22	32
54	22
0	21
0	12
1	13
107	0
0	8
0	139
0	26
0	137
0	18
0	5
0	0
0	93
0	0
0	0
0	0
0	0
0	4
190	906
2	177
2	812
0	327
0	621
6	361
0	503
1	326
1	96
0	95
0	94
3	78
0	33
0	19
0	10
1	5
0	4
0	1
418	3850
0	3373
11	418
3	339
0	2839
0	500
2	3040
9	197
9	938
1	568
0	66
0	100
0	164
8	153
0	605
0	549
53	581
0	579
0	112
0	52
0	171
0	542
0	102
0	93
0	190
0	173
0	216
0	280
0	104
0	22
3	84
0	268
0	195
0	139
2	252
6	30
0	116
2	172
0	30
1	61
0	36
3	24
0	246
0	108
24	513
0	516
0	515
4	511
3	511
2	511
0	473
0	536
37	536
4	474
0	514
4	418
6	513
1	474
1	507
0	502
0	497
2	468
6	205
0	23
0	42
0	42
0	38
0	34
2	3
0	4
0	1
0	1
0	0
0	0
0	1
0	3
0	0
0	0
0	0
0	0
0	1
0	74
2	138
0	618
0	395
0	323
23	365
265	549
0	538
4	45
3	495
0	5
1	18
8	468
7	76
60	19
0	163
0	21
0	0
3	264
0	271
13	266
1	265
4	264
0	251
336	225
0	138
1	106
0	28
0	12
1400	1201
0	1118
0	0
0	0
0	0
0	0
0	19
0	59
0	64
0	40
0	16
0	5
0	22
9	34
0	20
0	16
0	33
0	39
0	61
0	54
0	59
0	0
0	5
0	30
0	30
0	30
0	30
0	30
0	1
141	62
4	62
0	0
1	1133
0	48
6	1133
0	4
0	11
373	101
0	101
0	46
129	186
0	69
19	143
0	179
0	163
3	18
4	42
0	43
0	22
0	7
0	5
0	158
0	1
0	1
0	1
0	0
0	0
6	242
767	553
34	28
0	7
7	220
0	226
0	4
0	218
0	216
0	222
2	582
0	193
0	32
1	22
0	65
0	19
1	11
0	583
0	258
6	310
10	1129
0	1152
0	1096
1	469
8	454
0	449
1	438
3	27
0	23
4	15
0	912
0	0
1	444
4	444
0	57
0	57
9	57
0	9
1	24
6	208
0	212
0	14
0	163
0	18
21	112
0	65
0	38
0	0
4	4
0	38
0	11
0	199
1	0
0	6
40	6
564	0
186	0
0	0
221	83
0	36
0	46
0	17
0	40
1	82
1	40
0	8
0	18
0	29
53	38
0	32
0	10
0	3
0	8
0	26
0	5
2	31
0	7
0	15
0	16
0	22
2	0
32	15
0	12
0	0
0	14
0	12
0	9
0	706
0	643
1	77
6	158
1	18
0	287
0	92
4	287
0	105
0	198
0	179
0	184
0	180
0	177
1	417
1	103
79	416
0	162
3	0
0	0
0	1
1	23
0	1389
8	1385
0	1390
5	1384
9	1385
3	1366
0	1327
0	1382
0	1346
0	1333
0	673
0	1319
0	159
0	159
0	82
0	5
14	117
0	16
0	19
1	27
0	8
0	14
30	66
0	12
0	13
0	35
8	55
0	9
2	25
14	214
1	189
4	144
0	121
0	30
0	9
0	0
0	0
0	0
15	0
60	6
0	6
0	5
0	5
1	5
0	5
0	5
0	3
0	17
2	17
0	5
0	14
0	4
0	12
3	49
0	1
0	2
0	4
0	6
0	7
0	3
0	7
0	7
0	8
0	7
0	3
0	6
0	6
0	5
0	5
0	4
0	5
0	3
0	1
0	0
0	5
0	40
0	0
0	0
0	0
0	0
0	0
2	413
0	415
1	398
1	391
0	429
7	112
0	99
10	106
0	12
0	0
545	82
0	43
0	39
0	1
0	1
1	27
0	27
0	2
0	27
0	0
0	1
0	0
0	1
0	3
0	0
0	3
0	15
4	12
16	187
0	111
1	125
5	98
25	0
26	140
5	140
0	43
0	20
0	15
0	9
0	206
4	372
8	238
0	417
16	18
3	154
0	5
0	126
0	361
0	348
0	168
0	345
0	191
0	127
0	148
0	347
0	110
0	120
0	131
0	223
10	160
0	183
0	141
0	356
0	91
7	175
0	137
0	126
1	115
0	29
0	367
1	48
0	76
0	9
0	119
0	41
0	46
5	14
0	2
0	2
0	2
0	1
0	0
0	0
0	0
0	0
0	1
0	0
0	1
0	0
0	1
0	1
0	1
0	1
0	1
0	1
0	1
252	505
4	505
0	0
1	141
0	23
0	65
0	87
0	89
0	134
0	31
0	48
0	45
0	154
1	166
0	58
0	155
0	82
0	53
0	106
0	95
55	94
0	84
10	426
7	437
9	52
7	22
2	59
2	14
18	0
16	34
0	0
0	0
0	0
0	0
1878	477
0	108
0	56
0	41
1	78
0	90
1	156
7	7
1	38
3	33
0	76
0	231
0	207
0	39
7	48
1	50
22	245
0	178
1	90
0	68
0	119
2	152
27	34
0	11
0	104
0	0
0	0
0	0
0	64
0	78
0	114
0	60
5	122
46	109
0	4
0	43
0	76
2	35
1	50
0	55
8	678
142	1070
91	98
0	1070
0	1
173	121
0	115
3	113
1	22
0	13
1	1169
1	1248
0	1248
0	257
0	1194
1	803
1	934
0	521
0	1085
0	1239
0	539
1	1091
1	37
0	33
4	1100
0	1160
0	1
0	1051
0	1117
0	136
0	300
0	301
0	1068
0	845
1	278
0	142
1	11
0	11
0	11
0	2
0	0
0	2
0	57
0	130
0	100
18	171
0	118
0	130
0	128
0	28
0	38
7	23
0	136
1	50
0	60
0	104
0	57
0	71
2	21
1	23
0	26
3	16
0	131
0	20
0	176
0	160
0	110
0	49
50	620
0	465
1	231
0	268
0	87
1	158
0	49
0	4
0	109
0	71
0	17
0	0
0	13
0	5
0	23
6	5
4	90
0	14
0	8
0	17
0	9
0	6
0	2
0	0
0	13
0	10
0	69
0	10
0	11
0	21
0	6
0	13
0	16
0	53
0	57
0	20
3	42
0	437
0	458
0	238
1	106
0	87
0	101
1	45
2	61
3	42
0	34
0	34
3	32
0	34
0	29
0	27
0	27
0	20
8	26
0	24
4	8
2	4
1	4
0	5
0	5
0	0
0	0
0	0
0	0
2	3
99	11
0	9
0	5
0	4
0	5
0	1
0	0
0	1
0	0
0	0
0	0
0	0
0	0
0	0
0	0
0	0
0	0
0	1
0	1
0	1
0	1
0	690
0	663
1	0
0	17
0	2
11	349
0	14
0	14
2	51
0	76
0	120
2	717
3	7
0	34
0	82
0	623
0	41
0	76
43	120
0	120
0	0
0	0
0	0
0	0
0	0
1	10
0	65
0	93
0	68
0	459
0	58
0	67
50	522
2	46
0	357
3	29
0	179
0	292
0	32
0	66
2	16
0	12
0	26
0	207
0	52
0	36
0	339
0	145
0	133
0	15
0	15
0	347
0	0
0	0
0	0
0	0
0	0
0	0
0	0
0	0
0	0
0	0
0	0
0	558
1	542
0	145
0	119
1	28
0	31
0	15
5	4
2	35
0	956
0	138
0	947
0	1
0	1
0	1
0	1
0	0
0	0
0	0
46	323
1	157
0	218
0	251
0	229
0	126
0	87
0	136
0	64
0	135
0	342
0	629
0	523
0	324
2	197
1	262
4	621
0	592
0	571
0	57
9	48
1	71
0	100
1	40
4	1254
0	1235
0	128
0	1019
4	155
2	365
1	501
0	257
1	105
0	387
0	360
1	79
288	370
5	370
0	25
4	19
0	16
0	33
0	35
3	6
0	8
2	10
0	8
0	5
0	8
0	0
0	0
0	0
0	0
0	0
0	0
0	0
36	1050
2	28
0	117
2	34
0	113
0	76
10	45
0	98
0	91
1	77
0	63
1	0
8	11
0	819
0	0
0	1
0	8
0	209
0	202
0	209
0	165
0	8
0	3
0	3
0	1
0	0
0	3
0	0
0	0
224	0
0	0
0	0
0	0
0	0
124	7
0	7
0	0
0	0
0	3
0	3
0	1
0	0
0	0
0	3
1	171
0	183
5	184
0	182
0	74
2	70
0	54
0	61
0	54
0	44
0	29
0	29
15	4
0	0
0	1
0	1
0	1
0	1
0	1
0	1
0	0
0	0
0	1
0	1
0	1
0	1
0	1
0	1
0	1
0	1
0	0
0	25
0	452
0	452
0	114
0	454
0	452
29	97
0	176
0	38
0	63
0	641
0	638
0	446
0	301
0	563
0	67
0	34
34	91
20	58
0	26
0	54
5	62
0	38
2	12
12	1724
0	994
0	986
0	93
9	446
0	16
1	432
0	96
0	138
0	77
0	434
0	426
0	449
0	300
0	330
0	283
1	160
0	2
0	409
681	587
0	32
0	99
0	537
0	14
0	191
0	578
2	46
0	228
0	283
0	17
0	0
0	0
0	0
0	0
0	0
0	0
0	0
0	0
0	0
0	0
0	0
0	0
0	386
1	37
2	359
3	162
0	511
42	529
0	82
5	82
2	17
0	66
150	72
0	12
0	13
0	0
17	869
3	626
2	487
0	286
18	273
0	55
1	177
0	34
58	34
0	0
0	5
0	22
0	6
0	7
2	12
0	8
0	4
0	3
0	0
0	0
0	0
0	0
0	0
0	1
0	966
0	174
0	140
0	147
0	93
0	87
0	0
0	947
12	1030
0	210
0	120
0	77
0	13
0	7
0	13
1	6
2	6
0	25
5	52
0	1030
0	332
52	328
0	196
161	177
0	177
0	1424
0	711
0	1241
128	1152
4	57
1	478
0	803
1	215
0	524
0	291
0	145
1	4
0	4
0	1
0	0
0	0
0	4
0	1
0	424
0	424
3	305
0	60
0	94
10	346
7	252
1	249
1	120
0	289
0	297
0	191
0	271
1	166
0	203
0	199
0	208
0	172
1	181
0	163
0	49
0	104
0	71
3	77
3	45
0	61
0	19
0	2
0	478
0	147
0	16
0	401
1	109
0	534
0	38
2	423
5	85
1	483
1	333
0	510
1	47
4	372
5	105
0	23
5	54
0	438
0	418
97	245
0	51
0	34
0	29
1	17
570	543
0	144
0	204
1	99
0	190
1	181
1	151
1	110
8	105
74	37
0	36
0	33
98	356
0	370
0	246
1	158
9	19
0	9
0	74
4	73
103	256
0	243
0	1
0	14
0	7
0	8
0	61
0	59
0	17
2	15
1	12
0	5
0	5
1	5
0	7
0	1
0	0
16	0
2	138
0	162
0	54
0	145
0	141
0	17
0	153
0	37
0	42
0	39
0	124
0	50
0	26
15	89
4	117
0	7
0	7
0	153
0	134
0	139
22	167
3	129
0	150
0	137
0	7
1	0
0	19
0	218
15	58
5	215
38	158
0	20
209	272
0	198
0	96
4	18
0	68
0	73
1	42
2	52
0	14
0	2
0	68
4	167
0	167
0	173
3	172
0	173
0	167
0	164
2	164
0	74
0	15
0	0
0	145
0	141
0	173
0	181
0	42
2	173
2	136
0	161
11	161
0	18
0	387
0	385
0	225
0	180
4	371
0	153
0	426
0	19
0	20
26	461
0	35
0	320
7	37
0	374
0	118
51	190
654	221
2	211
0	185
1	48
0	8
0	7
0	8
0	7
1	6
0	0
0	0
0	6
1	2128
0	2060
0	1739
0	1573
56	817
0	1396
0	1448
0	1183
0	1204
0	1502
0	1443
0	201
0	1072
0	1214
0	1237
0	614
0	1075
0	1051
0	2152
0	248
0	115
0	97
0	0
0	49
0	2052
15	63
0	369
0	393
0	385
2	370
3	0
0	128
7	127
0	125
0	40
0	100
3	64
0	52
3	37
0	2
12	25
0	24
0	11
0	33
9	66
0	61
0	46
0	9
1	17
0	4
0	5
0	0
0	0
0	0
0	0
0	0
0	0
2	0
0	0
0	0
0	1
0	1
0	0
2	14
0	10
1	95
0	100
0	95
0	101
0	95
0	93
0	28
0	85
0	72
0	56
0	44
0	43
0	28
1	37
0	9
0	21
0	20
0	12
0	13
0	7
0	6
0	5
0	4
0	0
0	3
1	5
5	124
5	126
0	72
46	12
0	59
0	70
0	2
0	6
0	9
0	3
4	2
29	91
0	88
3	9
0	28
0	49
1	83
1	44
1	66
0	15
0	0
460	1175
0	270
2	544
3	1082
0	439
0	362
2	154
0	114
0	151
24	225
561	0
8	6
0	18
0	18
9	9
0	6
0	11
3	13
0	17
2	7
1	6
0	9
74	135
0	52
0	83
1	11
0	0
0	0
0	0
0	0
0	0
2	306
1	91
1	293
0	287
0	8
270	842
7	188
1	225
0	243
0	372
15	234
0	212
0	206
0	2
0	1
0	0
0	1
0	1
0	0
88	0
0	1
0	1
0	0
0	1
0	0
0	0
0	62
0	63
0	62
0	63
0	62
0	52
0	23
0	17
0	0
0	0
0	0
0	0
5	2
1	3
0	1
19	63
2	63
1	14
0	16
0	4
0	1
0	4
0	30
0	30
0	32
0	32
0	1
0	29
0	6
0	5
0	7
0	5
0	0
73	910
13	6
1	399
0	843
3	34
10	404
0	12
0	377
2	393
0	387
7	1228
0	27
11	1270
1	1268
0	39
1	256
0	102
1	94
1	71
0	338
23	271
0	0
1	0
0	0
0	0
0	0
3720	0
0	18
2	0
100	436
1	355
0	29
0	27
0	14
0	11
0	129
0	501
0	500
0	424
0	479
0	448
0	488
0	511
0	514
0	466
0	439
0	373
0	494
0	30
0	363
0	513
0	507
6	480
0	448
0	454
0	156
0	182
0	207
0	411
0	310
0	474
0	519
0	452
1	459
0	470
0	347
0	523
0	473
0	7
0	89
0	292
1	326
1	326
0	442
0	464
0	461
0	416
0	437
0	420
0	421
0	499
0	260
0	471
0	402
0	243
0	129
0	35
8	362
0	21
0	254
0	244
0	207
9	182
0	78
0	33
0	38
0	29
0	3
0	1
2	1
0	0
0	0
0	0
63	140
0	140
0	0
0	0
0	0
0	0
0	0
0	0
0	0
0	0
0	0
0	0
0	0
0	0
0	1
0	2
0	1
0	1
3	1
0	0
0	1
0	2
0	0
0	0
16	139
0	139
2	9
0	38
227	80
0	31
0	42
4	7
0	1
0	7
0	5
0	1
0	0
0	4
0	5
0	4
0	0
0	3
0	0
0	0
0	193
0	23
0	23
1	21
0	1
0	1
0	1
0	8
0	3
0	1
0	0
0	7
0	0
0	2
0	0
0	0
354	268
10	268
0	3
0	3
0	3
0	3
0	6
0	16
0	30
0	30
0	0
0	4
0	25
0	24
0	17
0	8
0	17
0	17
0	17
0	12
0	5
0	2
0	1
0	1
0	1
0	17
0	17
0	17
0	3
0	3
0	3
0	3
0	966
0	54
0	721
0	880
0	29
0	87
0	43
0	199
0	878
0	878
0	843
0	908
0	989
0	98
0	139
0	886
0	208
0	86
65	265
1	444
0	172
1	103
110	223
0	8
1	18
0	37
1	38
0	35
1	45
4	171
0	19
0	33
0	25
0	38
0	0
0	0
0	0
0	0
0	0
0	0
0	0
0	0
0	0
0	0
6	0
74	0
189	0
7	217
0	408
0	429
2	162
0	349
2	67
0	25
0	36
0	104
0	220
0	223
0	252
0	220
0	252
0	28
1	230
0	31
0	385
0	14
0	141
1	27
4	383
0	229
0	384
0	223
0	252
0	223
0	252
0	252
0	252
0	13
0	10
1	10
0	10
0	9
0	155
0	138
0	165
0	114
0	110
0	137
1	39
1	216
0	199
0	178
0	224
1	220
0	223
0	35
3	138
0	19
0	16
0	27
0	39
0	43
0	7
0	13
0	6
0	82
0	10
0	9
0	23
0	25
0	542
11	551
0	37
0	316
3	271
0	62
0	551
0	491
394	161
3	73
0	150
0	3
0	3
0	55
0	43
2	24
11	365
2	318
0	84
4	63
0	3
0	140
0	23
0	30
0	0
0	28
0	198
0	193
0	12
0	8
0	18
1	38
1	28
4	377
176	459
3	161
0	328
0	271
2	155
28	186
0	293
1	138
4	211
0	425
0	365
0	171
0	0
0	0
0	0
0	0
0	0
0	0
0	0
54	52
0	33
1	44
0	12
0	0
0	0
0	0
0	0
0	0
0	0
0	0
78	7095
0	2717
0	2270
0	300
2	281
1	100
47	617
30	1329
1	4349
0	0
0	377
1	331
0	383
0	30
0	37
0	88
0	333
0	92
0	50
17	19
0	16
0	12
0	10
0	1
0	0
0	0
0	0
0	1
0	370
0	313
0	324
4	235
0	272
0	328
1	20
0	245
0	304
5	49
6	100
13	291
0	256
0	225
0	224
0	124
0	103
6	0
0	0
7	0
0	139
0	90
0	131
1	65
0	71
0	31
2	79
0	2389
0	2369
1	1323
10	2236
0	175
3	2339
3	110
0	64
2	148
0	112
1	211
0	193
1	313
7	103
2	198
0	587
0	69
0	72
0	491
0	556
0	30
8	207
7	163
0	73
0	141
0	271
0	131
0	538
0	18
14	388
0	29
0	20
0	53
0	166
0	155
0	105
0	28
0	29
0	385
0	633
1	616
0	607
0	613
1	12
1	6
0	62
0	65
0	31
0	20
1	15
0	14
0	19
2	7
0	53
4	4
1	12
4	106
0	356
0	347
0	214
2	129
0	159
0	174
0	161
0	283
0	294
0	121
0	286
0	28
1	27
0	17
0	25
0	14
0	14
0	675
4	590
0	489
0	394
0	180
0	191
0	169
0	117
0	131
0	53
1	69
5	59
0	73
1	116
0	52
0	60
0	51
0	41
0	19
2	4
31	17
0	11
0	7
0	6
0	7
0	5
0	2
0	2
0	3
0	15
0	13
0	7
1	7
0	1
0	1
0	4
0	0
0	1
0	0
0	6
0	9
0	73
0	37
0	10
0	11
0	7
0	3
0	3
0	5
0	1
0	0
0	73
389	0
0	85
0	9
0	16
0	67
43	409
3	0
20	69
0	112
12	67
0	406
0	28
17	5
2	6
0	3
0	0
0	0
0	0
0	0
0	0
0	0
0	0
2	0
53	101
1	30
15	88
1	19
2	40
0	33
0	0
0	0
0	0
1	364
22	364
1	33
1	46
0	0
0	0
0	0
0	299
2	69
0	313
0	0
1	6
0	4
0	151
1	207
87	778
10	257
3	676
7	86
1	64
39	39
17	118
0	13
0	104
0	99
0	91
0	76
0	80
0	24
0	79
10	21
0	24
0	3
0	0
0	0
0	0
0	0
0	0
0	103
0	2
0	2
0	2
0	0
0	0
0	0
1	915
0	903
2	780
0	805
1	32
0	507
0	405
0	514
0	593
8	579
0	44
0	24
0	71
0	134
0	9
0	27
0	12
0	11
0	11
0	25
0	21
0	0
0	0
0	5
0	0
0	4
0	2
0	4
0	6
0	5
0	4
0	3
0	0
0	0
0	0
0	0
0	0
0	0
0	0
0	0
0	0
0	13
0	13
0	8
0	1
0	1
0	2
0	7
0	8
0	1
0	0
0	0
1	549
0	228
0	126
0	201
0	358
0	181
0	33
0	100
0	214
0	70
1	31
0	552
0	236
0	249
5	132
2	61
0	126
117	1640
2	186
12	1598
0	327
0	380
21	1125
0	292
0	0
0	0
0	0
0	0
0	0
0	1
0	1
1	1
0	1
1	0
0	0
0	4846
0	179
0	1704
519	4847
1	291
24	1199
0	3
0	1
0	1
0	2
0	1
0	2
0	2
0	2
0	2
0	0
0	814
0	941
0	941
2	204
0	947
0	429
0	168
1	927
0	1322
1	1394
0	2006
0	374
0	884
0	336
0	241
0	171
0	86
0	161
0	180
0	110
0	55
0	1784
1	1783
455	98
2	98
83	1019
7	858
0	990
0	320
9	178
0	88
27	6
2	23
0	20
0	26
0	17
0	18
3	0
0	6
0	9
0	10
0	0
0	0
0	0
0	2
0	3
21	16
0	3
0	2
0	3
0	3
0	3
0	5
0	9
0	211
7	383
0	240
0	313
0	1136
0	1089
0	1120
0	1132
0	1110
0	1071
1	1132
2	1112
0	1093
0	1023
0	1147
0	1124
0	1104
0	1103
0	1141
0	1092
1	1160
0	658
0	1144
0	1093
0	493
0	1060
0	1084
0	1095
0	47
0	1011
0	1072
0	1100
2	1041
1	36
0	908
7	825
1	112
0	26
0	98
1	265
10	283
0	36
8	119
1	120
1	100
0	23
1	120
0	19
0	476
0	463
0	384
0	476
0	19
0	7
0	31
3	0
0	813
0	443
0	424
1	424
0	441
0	392
2	344
0	64
0	41
0	41
0	41
0	41
0	41
0	0
0	0
0	793
0	611
13	4958
36	4652
0	3025
24	1733
0	4535
0	4827
0	4860
0	4029
1	2910
0	596
0	586
0	201
0	0
0	159
0	170
0	56
0	47
12	9
74	187
0	179
9	78
6	6
0	20
2	16
0	8
1	11
0	0
0	0
0	0
0	0
0	1
0	1
0	1
0	1
2	1
0	0
0	0
0	0
0	0
0	0
0	0
0	0
0	0
0	0
0	0
0	37
0	43
0	38
0	43
0	43
0	44
0	41
0	44
0	45
0	41
0	43
0	41
0	41
0	26
0	31
0	31
0	40
1	24
2	21
0	8
0	12
0	11
0	10
0	10
0	7
0	9
0	9
1	103
0	108
9	108
0	31
61	313
18	248
0	164
2	13
0	49
70	394
3	281
0	373
1	310
0	321
2	301
3	270
0	122
2	54
3	8
0	4
7	136
0	137
0	133
0	40
4	16
1	3
0	0
0	0
0	3
0	0
0	1
3	553
0	549
0	556
0	551
0	558
0	0
0	0
0	0
0	0
0	0
0	46
0	10
1	46
0	0
0	0
0	0
0	0
0	0
0	0
0	47
3	30
0	21
21	19
0	14
1	2
0	5
0	0
0	0
0	0
0	0
0	0
0	0
0	0
0	0
0	0
0	0
0	0
7	172
0	157
0	172
0	174
3	39
0	51
0	66
0	57
0	0
0	226
0	222
0	43
0	75
2	30
0	64
0	234
0	234
2	103
0	120
0	131
1	123
2	23
4	51
12	127
0	350
5	319
0	416
20	39
62	462
0	311
0	386
0	305
0	365
0	422
0	271
0	320
0	67
9	146
0	113
4	119
4	104
0	0
0	0
343	0
1	495
0	133
0	474
0	122
0	492
0	474
0	0
0	0
0	0
1	0
0	345
39	939
2	285
0	325
6	446
1	268
0	936
0	0
0	0
0	9
0	9
0	9
3	5
0	202
141	303
0	217
1	84
0	21
0	6
3	57
0	0
0	0
0	0
0	0
0	0
0	0
0	0
0	0
1	0
0	0
0	0
0	0
0	0
2	66
0	35
0	71
4	25
0	22
1	57
0	12
241	0
17	476
5	462
27	476
0	367
1	352
0	350
0	233
0	202
0	0
0	0
0	1
0	1
0	0
0	0
0	0
0	0
0	0
0	0
0	0
0	0
0	0
0	1
0	0
0	0
0	0
0	1
0	0
0	15
0	18
0	1
1	17
0	30
0	314
0	189
71	1465
0	280
0	945
0	727
0	590
0	149
0	738
1	577
0	1353
2	341
0	269
69	873
0	735
2	1064
1	758
372	286
2	271
4	166
3	103
1	103
0	37
1	81
10	681
30	791
0	282
0	235
0	789
0	108
2	134
0	126
0	226
0	73
4	9
1	101
0	89
0	57
0	72
0	29
1	22
1	4
0	107
0	28
12	42
1	0
1	413
6	0
49	380
0	201
0	202
0	57
0	5
1	38
0	214
0	125
0	55
2	53
0	10
0	13
0	97
0	11
0	1
0	1
0	1
0	0
0	0
0	1
1	3676
0	3664
0	1499
0	3602
2	3474
0	1956
0	1788
0	3226
0	0
0	0
0	0
0	0
0	0
0	0
0	0
0	0
0	0
0	0
0	0
0	0
0	0
0	0
0	0
0	0
77	105
0	9
0	94
1	54
0	23
0	13
0	12
0	10
0	11
0	5
5	276
0	268
2	252
0	180
3	7
0	24
12	20
0	22
0	18
0	21
0	16
0	8
0	0
0	0
0	0
0	0
0	0
0	0
0	0
0	0
0	0
0	0
0	0
0	0
0	0
0	0
0	0
0	0
0	0
0	0
0	0
0	0
0	0
0	0
0	0
128	51
0	51
0	597
0	593
0	590
1	77
1	25
0	8
0	42
1	80
0	29
0	44
0	17
0	0
0	0
0	0
87	424
0	413
0	140
13	92
0	0
0	0
0	0
0	0
0	0
0	0
0	0
0	0
0	0
0	0
0	0
0	0
0	0
0	0
0	57
0	27
0	26
0	24
0	61
0	44
0	130
0	30
0	42
0	7
0	15
2	103
1	264
0	258
4	318
0	323
51	74
0	127
0	173
0	36
0	35
0	19
0	37
0	35
0	28
0	25
0	25
4	2
269	35
0	35
113	4972
4	4972
141	149
3	94
17	21
0	145
3	22
0	0
6	1
0	1
1	91
0	91
0	34
0	31
0	0
0	9
0	9
2	2
0	89
827	20
10	11
4	19
1	660
0	538
0	690
0	517
0	19
0	685
0	11
0	29
0	12
1	65
0	31
0	42
0	34
0	21
9	18
1	1
0	73
0	145
8	114
0	547
1	108
2	58
7	389
0	72
0	68
0	45
0	64
1	0
0	0
331	1195
3	973
0	217
1	471
0	97
0	117
0	610
0	96
0	96
0	589
0	609
0	92
0	617
0	30
1	36
0	86
0	99
0	79
0	130
0	73
0	92
0	89
0	609
0	101
2	49
2	90
2	13
0	54
1	72
4	189
0	38
2	200
1	14
11	14
5	11
0	26
0	26
0	92
0	11
0	7
1	1
0	92
110	6
5	6
0	0
1	131
0	175
0	118
0	99
4	72
4	54
0	6
2	13
0	658
10	666
0	23
0	46
0	143
0	24
0	12
1	9
0	0
167	83
5	83
19	0
35	56
1	56
1	0
2	7
0	0
0	3
0	4
0	4
0	0
0	2
0	0
0	0
0	2
0	0
43	535
0	535
0	460
0	460
0	11
0	2
0	2
0	0
0	0
0	0
0	0
0	20
1	2
0	537
10	535
0	45
0	46
2	40
62	9
1	9
6	6
1	6
0	0
0	0
0	1
0	0
0	1
0	0
0	1
0	1
2	5
0	5
0	0
0	5
1	4
0	2
2	268
0	253
6	99
10	84
0	60
0	58
1	36
0	1
1	1
0	1
0	0
0	0
0	0
0	7
0	0
0	0
0	0
0	0
0	0
0	0
0	310
0	295
24	309
0	52
1	45
1	150
0	8
72	8
1	263
0	268
5	23
0	44
0	0
0	0
0	0
0	0
0	133
0	7
1	11
0	123
0	137
0	121
0	296
0	159
0	289
0	30
0	9
0	15
0	24
0	28
0	0
0	0
0	0
4	7
1	215
1	214
7	20
2	27
0	1107
0	1045
0	958
0	1129
0	163
3	111
12	368
0	1001
0	1130
0	809
1	91
2	282
0	28
0	48
0	48
7	814
0	0
0	0
0	0
0	0
2	0
0	0
0	0
4	6
1	6
9	7142
0	6816
0	2192
5	451
0	6041
37	2606
17	6513
0	3616
0	2912
0	2557
0	3942
57	974
0	1093
0	952
0	1168
0	1298
0	22
8	148
0	208
2	1161
0	60
0	30
0	236
0	240
0	81
0	31
0	90
0	57
0	200
0	88
12	151
0	95
0	82
0	6
0	240
1	212
0	41
0	45
0	33
1	3
0	2
0	136
0	6
0	26
0	0
0	35
22	27
35	261
1	159
2	9
8	43
0	264
0	6
0	82
1	3
2	13
1	25
1	173
0	21
0	3
0	1
0	40
1	140
61	5
0	5
19	0
0	1291
0	0
1	1
0	1
0	0
0	0
0	0
0	0
0	0
0	0
0	0
0	1
0	1
1	1
0	0
0	0
0	0
0	0
0	0
0	0
0	0
1	0
0	0
3	707
0	113
0	1078
0	1334
5	850
0	979
0	97
0	14
0	0
0	126
4	129
0	6
0	12
0	3
607	1288
1	288
6	450
3	412
4	1
0	0
0	0
0	0
0	0
0	0
0	0
0	0
0	447
0	267
0	425
0	67
4	11
2	20
7	15
0	28
1	5
0	4
0	4
0	146
74	168
0	101
0	84
0	84
0	25
0	25
0	83
0	12
0	51
0	60
0	68
0	29
0	24
0	6
0	8
2	10
1	162
0	14
0	92
0	0
0	19
0	10
0	8
0	159
0	63
79	190
1	149
3	118
1	161
0	89
0	59
1	65
0	67
3	17
0	22
7	55
3	557
0	815
0	632
1	673
0	162
0	519
4	277
2	531
0	727
0	440
0	376
0	642
0	706
0	333
0	647
6	309
0	131
0	133
0	125
0	21
1	40
3	133
7	51
0	19
0	335
208	335
13	36
0	352
14	578
1	577
0	270
0	352
0	396
0	578
1299	1169
28	47
0	723
0	458
2	316
1	24
0	1
0	0
0	0
0	0
0	0
0	0
0	0
0	0
0	0
0	0
0	0
0	0
0	0
0	0
0	1
104	218
1	128
0	55
0	86
4	264
8	264
0	79
0	75
0	69
0	43
0	27
4	7
0	4
0	6
0	6
0	1
0	1
0	1
0	1
0	0
0	0
0	0
0	1
74	597
0	592
7	140
0	365
1	579
0	581
1	27
0	39
0	484
0	24
0	36
1	28
0	287
0	19
0	38
0	16
1	0
455	531
8	280
0	332
1	486
0	130
12	151
0	80
0	76
0	77
0	78
0	78
0	4
140	104
0	20
0	100
2	1062
0	14
0	733
0	1184
19	1176
10	512
0	0
0	0
5	1
0	1
0	0
0	18
0	27
4	25
0	6
0	6
418	629
0	613
0	617
1	606
0	0
4	169
0	86
0	95
0	88
0	108
78	107
0	99
1	21
0	50
20	6
0	6
0	161
0	58
0	82
0	47
159	831
0	772
42	630
0	362
0	293
0	271
1	206
0	145
0	144
0	138
5	52
0	0
0	0
186	318
1	318
0	75
0	41
1	28
0	75
0	500
1	57
0	49
0	49
0	148
0	511
0	46
4	44
0	55
4	106
1	562
0	508
0	55
1	460
0	49
1	100
0	24
1	225
1	22
1	9
66	301
0	93
0	22
1	148
0	38
1	49
2	160
0	507
0	485
1	453
0	361
0	366
0	97
2	0
0	0
0	0
0	0
0	0
0	0
0	0
0	0
0	0
0	0
0	0
0	0
0	0
0	0
0	0
0	0
0	84
227	331
1	200
0	216
1	135
0	49
17	90
1	366
2	366
0	53
0	0
0	2
0	252
0	248
1	254
0	55
0	251
0	25
0	57
0	231
0	231
1	247
1	23
0	143
0	71
0	31
730	779
0	341
0	327
1	490
0	0
0	0
0	1651
14	1628
19	1695
0	1597
0	1237
0	1138
0	1103
0	177
0	24
7	45
1	86
0	94
4	75
8	236
0	28
1	63
0	72
0	58
0	23
0	32
1	0
80	0
0	0
167	0
2	630
0	466
0	649
0	276
0	167
0	613
6	149
0	625
0	163
1	153
0	18
1	48
0	7
1	119
0	42
1	5
0	45
0	46
0	46
0	6
0	1
0	0
0	14
0	111
0	112
0	112
0	160
0	40
0	19
2	154
0	290
3	96
3	24
4	99
2	0
0	81
1	35
1	289
0	90
4	150
5	143
0	25
3	51
1	27
0	0
0	0
0	0
0	0
23	56
0	8
0	8
0	8
7	52
1	14
4	126
65	157
6	34
18	104
8	40
0	0
0	0
0	0
0	0
0	0
0	0
0	0
0	0
0	0
2	1004
0	26
1	6
0	296
1	225
2	34
0	154
4	979
4	893
0	32
0	81
0	77
0	60
0	67
3	382
0	61
0	11
3	24
0	102
0	6
0	41
0	39
0	0
0	0
0	3
0	3
0	0
0	0
0	3
0	0
1	3
1	16
0	17
0	6
0	6
0	4
0	6
0	10
0	6
0	10
0	3
0	3
0	2
0	3
0	3
0	0
0	1
0	2
0	2
0	2
0	1
0	0
13	284
0	279
8	274
1	250
0	2
0	7
0	166
4	140
23	33
0	116
0	48
0	0
1	0
0	91
0	172
0	15
0	15
0	36
0	2
0	31
0	2
0	79
0	56
1	152
0	5
0	2
12	88
0	23
2	56
0	101
0	59
0	66
0	69
0	64
0	67
0	6
0	49
0	32
0	6
0	14
0	20
0	0
0	8
0	9
0	4
0	6
0	5
1	9
0	5
0	4
0	5
0	4
0	29
0	5
0	10
0	13
0	14
0	7
0	7
0	8
0	7
0	10
0	11
0	8
0	11
0	8
0	10
0	11
0	10
0	4
0	3
0	10
0	6
0	3
0	5
0	5
0	4
0	3
0	1
0	1
0	3
0	3
0	6
0	1
0	3
0	6
0	2
0	1
2	6
0	1
0	0
0	82
0	101
14	162
199	705
9	494
35	220
0	40
0	27
1	30
0	30
0	141
0	81
1	67
2	13
0	112
0	46
0	38
0	21
0	1
0	1
0	0
0	1
0	1
1	16
2	37
6	178
3	175
0	20
1	13
2	12
1	1
0	86
0	1
0	1
0	1
0	1
0	0
0	0
0	0
0	0
0	0
0	0
10	104
1	101
0	101
2	56
0	56
0	56
0	55
0	54
0	46
0	43
0	43
0	115
5	89
4	102
0	112
0	113
0	105
0	93
2	61
0	11
0	6
0	10
0	2
0	1
0	1
0	1
0	0
0	1
0	1
20	0
33	441
3	345
1	67
0	176
0	31
0	30
2	22
0	15
0	1
0	74
0	5
28	74
0	12
1	3
0	0
0	0
0	0
0	0
0	0
0	0
0	0
0	0
0	0
0	0
0	0
0	0
0	1
0	0
0	0
0	0
0	1
0	0
0	0
0	0
0	0
0	0
0	1
0	0
0	0
0	0
0	1
0	0
0	0
0	0
0	0
0	207
0	105
1	76
0	53
0	161
1	9
0	77
0	29
22	207
2	29
0	61
15	202
0	67
7	71
1	30
4	33
22	21
0	1
0	1
0	1
0	1
0	43
0	1
0	0
0	0
0	0
0	0
0	0
0	2
14	43
0	1
0	36
0	6
0	4
0	7
0	8
0	8
0	8
1	8
0	5
0	0
0	0
0	0
0	0
0	0
0	0
0	3
0	338
0	333
0	426
0	436
0	430
0	424
0	424
0	424
0	430
0	424
0	388
0	424
0	419
0	322
17	335
0	382
0	390
0	420
0	421
0	431
0	424
0	412
0	399
0	253
0	242
0	305
0	373
2	318
0	217
0	274
0	289
0	345
0	341
0	343
0	233
0	226
0	210
0	211
0	174
0	49
0	178
0	50
1	70
0	80
0	95
0	23
0	147
0	47
1	98
0	19
0	62
0	9
2	2
0	0
0	0
0	0
0	0
0	0
0	0
0	0
0	0
0	0
0	0
0	0
0	0
0	0
0	0
0	0
0	0
0	0
0	0
0	0
0	0
0	0
0	0
0	0
0	0
0	0
0	0
0	0
0	0
0	0
0	0
0	0
0	0
0	0
0	0
0	0
0	0
0	0
7	3
0	3
0	0
0	1
0	3
0	0
4	2
0	2
0	2
0	1
1	99
25	1176
0	89
0	66
0	1136
0	247
1	106
5	47
0	146
0	101
0	109
0	270
0	270
1	286
1	288
5	286
0	169
0	28
0	31
0	66
0	0
0	0
0	0
0	0
0	0
0	0
0	0
0	0
0	0
0	0
0	0
0	0
0	0
0	0
0	0
0	716
2	719
2	83
4	282
1	54
2	714
0	10
0	724
0	51
0	716
3	2
0	716
0	524
2	50
0	50
3	33
36	185
0	175
0	13
0	13
0	4
11	10
2	1
1	1
2	8
0	40
0	24
3	23
0	6
0	8
0	83
2	131
0	0
1	0
3	511
1	384
0	510
0	495
0	359
8	324
1	239
0	0
0	0
0	334
3	4
17	20
1	187
13	493
0	314
0	341
0	292
0	141
0	133
0	122
2	65
2	87
0	39
17	1362
0	397
0	1317
0	295
21	380
0	251
2	303
0	237
0	224
0	75
0	192
0	180
0	180
11	46
2	59
0	143
1185	355
10	194
0	289
0	0
0	0
0	0
0	0
0	242
1	240
0	238
0	99
1	226
0	43
0	240
0	236
0	616
559	111
0	0
0	14
0	124
0	111
0	126
0	106
0	238
0	241
0	241
0	116
0	206
0	237
0	612
0	42
0	0
0	0
0	3
0	2
1	14
3	15
0	14
0	0
0	14
0	7
0	0
0	0
0	1
166	72
1	71
1	72
1	23
0	10
0	1
0	1
0	0
0	0
0	0
0	0
0	0
0	0
0	0
0	3
1	8
0	8
0	5
0	0
0	3
0	4
0	2
0	0
0	5
0	0
0	0
0	2543
0	2680
0	2719
0	1986
1	392
0	637
0	498
1	620
47	303
0	0
0	0
0	0
0	479
0	427
0	439
0	467
0	218
0	428
0	464
0	442
0	464
0	513
0	452
0	413
1	466
0	454
0	450
0	378
0	398
1	479
0	355
0	346
0	337
0	311
0	358
0	437
0	408
0	389
0	407
0	410
0	372
0	365
0	313
0	395
0	363
1	396
0	386
0	352
0	348
0	310
0	272
0	123
1	5
0	31
2	134
0	23
0	119
0	68
0	88
0	96
0	97
0	69
1	51
0	120
0	72
0	101
0	60
0	56
0	83
0	99
0	86
0	83
0	74
0	74
0	37
0	43
0	23
0	5
0	4
1	0
0	0
3	234
33	273
0	152
2	15
14	239
3	46
0	105
3	39
0	0
9	229
8	234
0	220
1	202
0	220
12	162
12	142
0	67
1	0
0	0
0	93
0	89
0	93
0	89
0	92
0	72
0	56
0	55
0	0
0	0
0	0
0	0
0	23
0	27
0	23
0	17
0	4
0	2
0	5
0	0
0	10
0	10
0	16
0	18
0	11
0	0
0	0
0	0
0	0
0	0
0	0
0	0
0	0
0	1
0	1
1	2
0	0
0	3
0	0
0	0
0	0
0	0
0	0
0	1777
0	2047
0	1473
1	1562
1	196
1	1962
8	403
0	348
17	247
0	293
0	1815
0	1
0	333
0	41
7	19
1	112
10	23
0	215
3	82
0	290
2	83
0	290
0	42
0	61
0	0
0	0
0	0
0	0
0	0
0	0
0	0
0	821
31	1060
0	637
0	818
0	17
0	636
0	765
8	0
0	883
0	805
1	57
0	785
0	734
0	845
4	619
0	289
0	536
0	773
7	836
0	49
0	814
0	813
0	88
0	879
1	787
0	757
0	138
0	72
0	839
0	48
4	62
0	0
0	0
64	24
5	16
3	8
0	70
0	0
0	0
0	2
0	76
0	1
0	47
1	16
0	76
0	72
0	71
0	71
0	4
0	4
0	2
0	8
0	71
95	17
0	17
0	837
42	839
0	360
0	488
0	811
5	117
0	816
0	168
1	58
0	71
0	71
0	67
0	73
4	38
0	36
0	4
0	8
0	7
0	11
0	9
0	7
0	7
0	4
0	0
0	71
0	0
43	7
0	1795
63	1898
10	1730
9	49
0	182
2	355
0	55
2	193
0	71
0	35
0	7
6	9
0	4
0	0
0	0
0	0
0	0
0	0
122	871
3	319
12	552
24	38
3	0
0	7
1	11
1	0
1	18
0	3
0	3
97	4879
0	3211
0	4155
4	4517
2	609
0	1876
6	919
1	1446
0	577
15	519
0	308
0	615
15	731
0	570
1	696
0	338
0	416
16	193
0	666
0	987
0	837
0	891
0	978
0	953
0	944
0	972
0	901
4	921
1	967
3	923
0	858
0	1014
0	949
0	928
0	948
0	923
0	802
0	953
0	938
0	970
0	930
0	858
0	985
2	822
0	965
3	91
0	907
0	965
0	762
0	50
0	57
0	247
0	0
0	0
0	0
0	0
0	0
0	0
0	0
3	381
1	20
0	9
1	21
0	2
0	11
0	12
0	19
0	25
0	381
0	1
0	19
0	21
4	104
0	32
0	1228
0	1082
0	266
4	1139
3	519
0	700
0	116
9	523
1	190
0	1126
0	1159
1	2597
16	2672
0	1067
24	1012
22	2160
2	836
1	678
1	198
4	52
1	218
1	13
0	767
0	374
0	97
16	13
0	84
5	49
0	20
1	23
2	19
4	14
0	12
0	84
981	0
593	250
3	100
0	150
0	124
1	98
0	0
0	3
1	4
0	1
0	4
0	0
0	4
0	4
0	4
0	4
0	3
0	3
0	4
0	3
0	0
0	68
0	68
0	22
0	22
0	22
0	22
0	22
29	34
4	34
0	26
6	67
202	67
2	50
0	25
0	29
0	29
94	95
3	91
0	47
0	40
0	7
2	5
1	1
142	126
0	8
4	78
0	89
0	0
0	0
0	0
0	11
0	162
0	45
0	40
0	224
0	12
0	49
1	125
1	56
1	223
0	24
0	215
0	28
0	195
2	44
0	119
0	84
0	69
2	67
2	3
0	47
0	63
3	98
3	490
1	168
37	560
0	565
0	166
0	657
0	702
1	705
0	703
1	706
0	654
0	700
0	706
0	574
24	703
0	702
0	704
0	680
0	734
0	231
0	165
1	642
0	32
4	535
0	2
0	1
0	2
0	0
0	2
0	0
0	0
2	1295
1	1277
2	1258
1	1252
0	733
0	1125
2	1037
2	881
2	132
3	644
0	26
1	114
2	401
2	347
4	256
0	97
1	29
0	72
0	0
0	0
6	1
0	2
0	2
0	108
4	109
0	106
0	109
0	74
0	11
0	4
219	5158
0	1124
14	1553
0	4672
7	119
6	19
41	43
5	628
0	749
17	574
0	297
0	357
1	352
0	347
0	353
0	53
0	14
0	9
0	19
0	0
0	30
0	14
0	2
0	5
0	9
0	3
0	26
0	12
0	30
0	3
0	30
0	30
0	17
0	25
0	666
0	147
1	98
2	654
0	135
0	71
4	32
2	5
2	26
0	133
0	85
0	33
1	24
1	24
0	47
0	661
0	663
0	581
1	539
0	477
0	368
0	251
0	264
4	201
12	0
0	0
0	0
0	0
0	0
0	365
0	60
1	21
0	14
0	41
0	349
0	334
0	25
4	105
0	16
1	39
0	74
1	27
0	32
0	175
11	141
0	151
0	51
6	203
6	173
247	173
6	0
1	87
0	91
5	62
0	57
1	15
0	19
28	96
0	96
0	0
0	0
0	0
0	0
0	0
0	0
0	0
0	0
0	0
0	0
0	0
0	0
0	0
0	0
8	0
0	0
0	0
3	99
0	99
0	57
0	0
0	0
0	92
0	1191
0	1245
0	1273
0	1254
0	699
26	1128
6	1020
0	177
0	173
2	126
90	98
3	9
1	6
0	763
0	760
0	781
0	749
0	770
0	785
0	732
5	514
0	648
0	648
0	785
0	784
0	737
0	779
0	771
0	765
0	753
0	764
0	754
0	752
0	746
0	713
0	733
1	184
0	293
2	332
0	738
0	767
0	695
0	677
0	723
0	747
0	748
0	673
0	745
0	728
0	792
0	720
0	747
0	316
0	365
0	682
0	657
0	782
0	738
0	763
0	355
0	354
0	709
0	687
0	747
0	733
0	803
0	737
1	592
0	637
0	595
0	80
7	224
0	164
0	93
0	17
0	38
0	639
1	208
0	412
0	100
2	208
0	111
0	224
0	226
0	224
15	184
0	224
2	229
0	237
11	253
0	268
0	91
0	184
4	398
0	269
4	48
0	238
1	41
6	172
2	253
1	264
0	37
0	32
0	81
0	123
2	215
1	198
0	194
3	169
0	120
0	0
0	0
0	0
0	0
0	0
0	0
0	0
0	0
0	0
0	0
0	0
0	0
0	0
0	0
0	0
0	0
0	0
3	653
7	335
1	653
0	271
0	290
0	285
0	279
0	283
0	263
0	271
0	294
0	256
0	212
0	253
0	271
0	242
0	293
0	265
0	294
0	246
0	227
0	283
0	287
0	196
0	252
0	228
0	275
0	176
0	246
0	274
0	219
0	222
0	238
0	271
0	164
0	253
0	289
0	99
0	287
0	270
0	205
0	246
0	252
0	255
0	255
0	241
0	241
0	118
0	123
0	103
0	0
0	3
0	29
0	23
0	48
0	21
0	253
0	711
0	709
37	854
1	838
0	768
0	834
0	699
0	820
0	828
0	746
0	698
0	155
26	423
1	333
0	378
0	805
2	431
2	601
0	603
3	652
0	654
0	58
0	366
0	404
0	196
0	389
0	172
12	19
3	358
0	220
1	142
0	156
3	174
0	17
3	95
8	50
2	21
5	881
2	868
0	188
1	31
0	60
0	55
0	7
0	24
0	59
200	102
0	102
0	6
0	10
0	0
5	47
0	41
1	1
0	0
0	8
4	18
0	2
0	2
0	10
0	8
0	7
0	12
0	28
0	24
0	8
0	3
0	0
0	1
0	1
10	115
1	33
6	115
0	1680
0	1648
0	1784
2	1716
0	1778
0	1673
0	1696
0	1691
0	1817
0	1785
0	1738
0	1239
0	463
0	1679
0	1499
0	1900
0	1802
0	1774
0	1818
0	1840
0	1813
1	1802
0	1798
16	1815
0	1821
0	1803
0	1810
0	1822
0	245
1	681
0	264
7	515
0	393
631	1876
26	102
1	398
1	389
2	240
1	320
0	363
2	17
11	1573
0	0
0	0
325	19
0	19
151	841
2	261
0	580
0	0
0	0
0	0
0	0
0	0
0	0
0	0
0	0
0	0
0	6
0	4
0	4
0	6
0	3
14	1
0	1
0	888
0	291
16	888
10	35
1	107
18	263
3	2
0	39
0	17
0	197
28	180
0	169
0	80
0	48
0	44
0	49
0	26
1	19
1	56
0	19
1	24
15	24
0	26
4	5
0	103
1	1232
0	1365
0	195
0	106
0	234
0	1354
0	53
0	152
0	142
0	165
2	16
0	398
0	215
0	76
37	409
0	399
5	363
0	297
2	292
0	214
1	164
48	198
0	94
10	76
3	14
1	14
450	272
0	21
5	237
0	18
78	1449
0	514
0	141
0	38
3	26
0	9
0	12
0	29
2	173
0	11
0	131
0	7
0	24
0	450
1	321
0	362
0	401
7	393
0	403
0	427
0	407
0	424
0	351
0	379
0	422
0	365
0	388
0	406
0	120
0	195
0	207
0	178
1	62
0	12
0	0
0	0
0	85
0	1744
0	1603
0	2178
0	1577
0	1551
0	1725
1	175
0	77
3	477
0	1367
0	131
2	35
4	112
5	59
0	2290
0	1983
0	2165
0	2272
0	1307
0	2247
0	349
0	360
11	287
0	316
0	231
0	53
1	61
0	28
0	43
0	33
1	29
5	8
0	0
264	34
0	10
0	24
1	291
1	199
1	152
2	198
0	81
0	180
0	143
8	106
21	24
0	54
1	11
0	54
0	50
0	53
0	54
0	47
2	45
7	16
0	12
0	12
0	12
0	6
0	6
0	7
0	7
0	4
1	1
0	3
70	1
3	34
0	47
38	81
0	37
5	0
3	50
0	0
0	0
0	0
1220	207
51	169
0	136
0	66
5	0
0	0
0	0
0	0
0	152
355	285
4	84
0	203
0	40
0	0
0	0
0	0
0	0
0	0
0	0
0	0
0	0
0	0
78	18
0	18
0	4
1	26
0	61
0	15
0	12
0	3
0	30
0	61
0	61
0	52
0	0
0	6
0	2
0	2
0	1
0	2
0	0
0	1
0	1
0	1
0	1
0	4
0	4
0	2
0	2
0	2
43	603
0	80
2	158
0	59
1	66
0	600
0	127
0	55
4	106
1	45
0	302
0	339
0	318
0	318
6	128
0	34
0	30
1	4
0	5
0	7
0	13
15	68
0	0
0	3
0	17
0	9
0	5
0	1
0	0
0	0
0	0
0	0
0	0
2	1
0	111
0	77
0	103
1	72
0	7
0	2
0	5
0	4
6	1
2	1
0	1
1	103
0	0
0	0
2	824
1	824
1	817
1	817
0	817
0	817
0	0
0	0
0	0
517	127
0	12
4	22
4	87
460	258
7	257
1	60
0	169
0	54
0	105
0	21
0	99
0	39
0	0
0	0
0	0
0	39
0	0
0	28
0	0
0	86
0	127
1	78
0	110
0	61
0	58
0	6
0	1
0	11
2	1481
0	1693
0	1271
5	1054
4	1331
0	1324
9	938
1	1415
0	708
0	1334
0	413
0	288
5	180
779	109
3	528
0	80
7	472
9	414
2	455
0	468
0	347
1	262
1	178
0	147
0	0
0	0
0	0
0	0
0	0
0	0
0	0
0	0
0	0
0	0
0	0
0	0
0	0
0	0
0	0
0	0
0	0
0	0
0	0
0	0
0	0
0	0
0	0
0	0
0	111
0	48
2	4
1	45
1	3
0	9
2	29
0	15
9	27
0	2
0	265
5	35
0	813
0	540
0	3
0	14
0	10
0	13
0	176
0	268
0	38
0	12
0	7
0	5
0	16
0	21
0	12
2	87
0	5
0	7
2	2
0	31
0	611
65	201
0	44
5	64
2	102
2	19
0	198
3	31
4	0
19	88
5	715
2	715
1	27
3	38
0	6
1	5
186	0
0	2
0	2
0	2
0	0
0	2
0	1
0	402
18	21
0	394
0	389
0	1
0	374
2	340
0	405
0	40
1	54
0	48
0	182
9	231
0	65
0	73
3	91
0	25
0	7
7	2
0	58
0	0
0	0
0	0
22	811
2	793
1	507
0	517
1	105
0	115
9	121
0	94
2	20
0	0
0	3518
1	3558
0	807
0	3154
0	1027
1	230
0	981
3	611
0	723
1	889
22	542
2	0
0	0
669	151
2	153
58	2
0	0
0	0
0	0
0	0
0	0
212	16
3	12
6	323
1	284
0	350
0	64
0	105
5	121
0	358
0	37
0	356
0	36
2	109
1	359
6	29
11	48
0	29
7	72
4	67
0	7
1	69
0	159
0	162
0	162
0	6
0	1
0	53
0	36
0	50
0	151
0	148
0	57
0	1
0	3
0	0
0	0
0	12
0	28
0	51
0	155
12	1070
27	1070
10	376
0	315
0	99
16	296
35	274
25	118
11	112
5	126
0	230
0	105
35	16
0	14
1	6
0	135
0	2
3	12
0	83
0	12
0	7
0	9
3	142
0	21
2	60
3	5
4	29
0	40
0	0
0	0
0	12
0	0
0	19
0	0
0	13
0	28
0	28
0	3
0	0
0	0
0	5
1	5
0	6
0	5
0	5
0	6
0	4
0	0
0	23
0	0
0	0
0	0
0	0
2	0
0	0
0	0
0	0
0	6
0	10
1	12
0	9
0	9
0	3
0	297
22	157
0	322
1	30
9	302
0	267
15	134
0	2
0	4
0	8
0	4
0	1
1	0
1	1
0	0
0	1
0	1
0	3
191	73
6	94
0	93
0	44
0	43
0	101
0	396
79	586
6	37
0	565
1	401
0	46
0	63
0	23
3	44
0	36
0	78
0	66
1	305
0	1
0	0
17	1
0	0
0	18
0	18
1	16
0	14
1	3
1	0
0	0
0	170
84	320
0	38
0	150
0	217
5	310
2	123
8	130
9	24
1	31
4	0
0	135
1	144
3	112
2	33
4	37
0	17
0	4
0	128
0	136
0	101
0	89
0	24
0	1618
2	945
0	1071
3	912
0	1063
0	853
0	538
0	21
0	7
0	14
0	1
0	12
6	5
0	5
0	0
0	10
0	155
0	167
0	62
0	4
0	2
0	2
0	9
0	7
6	194
1	547
68	533
1	247
0	287
0	326
0	233
0	222
0	270
2	175
0	357
1	358
1	233
12	312
7	312
29	331
0	176
0	125
5	4
0	2
0	2
0	1
0	1
0	25
0	0
0	0
0	10
0	12
0	12
0	6
0	2
0	3
0	2
0	6
0	0
0	2
0	0
0	4
148	322
1	322
0	169
1	1
61	10
0	9
0	535
0	463
0	187
2	261
0	151
0	170
0	104
0	102
1	35
0	0
0	366
0	348
1	256
0	83
0	305
0	95
0	82
0	72
0	90
6	78
0	305
0	282
0	96
0	50
0	27
10	60
16	60
0	9
0	2
1	1
0	1
0	1
0	0
0	1
0	0
0	0
0	0
0	0
0	0
0	0
0	0
0	0
0	0
618	593
1	51
2	63
2	465
9	528
25	51
16	124
0	6
0	2
0	113
0	36
0	521
0	485
2	23
0	218
0	282
0	43
1	198
0	115
0	34
0	37
0	634
0	546
0	365
0	461
0	440
2	577
0	561
0	533
6	637
0	608
0	615
0	608
1	615
5	625
0	635
0	604
0	585
0	591
0	638
0	307
0	607
0	548
0	402
0	599
0	626
0	613
3	222
15	279
0	537
0	458
0	604
0	514
0	570
0	596
0	576
0	570
0	586
0	595
0	574
0	506
0	613
0	590
0	638
0	514
0	620
0	648
0	628
0	44
0	41
0	605
0	506
0	586
0	608
0	577
0	613
0	604
0	513
0	477
0	8
1	117
0	130
0	146
0	67
0	67
0	244
8	122
0	133
5	131
4	95
0	70
0	7
1	60
0	25
0	2318
0	7393
3	8279
19	7232
11	8094
0	2901
0	8120
0	8351
4	902
29	7533
2	7699
0	1933
0	2022
0	3834
0	2895
10	748
3	4557
0	2265
1	191
0	35
0	208
0	93
0	200
0	26
0	3
0	74
0	148
0	194
0	193
0	209
0	209
1	213
0	53
0	71
0	75
0	32
1	0
0	127
0	69
0	30
28	17
0	13
7	10
6	11
29	6
0	3
13	4
0	96
0	54
0	52
0	52
0	488
0	497
0	73
0	215
315	491
0	46
0	45
0	332
3	65
9	152
0	0
0	0
0	0
0	0
0	0
0	0
0	0
0	0
0	0
0	0
0	0
0	0
0	0
0	0
0	0
0	0
0	0
14	181
1	241
0	182
0	218
13	240
12	77
0	381
2	104
7	305
13	131
0	227
13	207
0	243
4	49
0	83
0	0
0	0
0	0
0	0
0	0
0	15
3	7
0	6
0	6
0	5
0	9
0	11
0	684
0	700
0	18
1	28
0	709
0	367
1	390
0	699
0	339
0	60
0	19
0	62
0	362
0	39
0	354
0	18
11	3
0	3
0	23
1	58
0	368
329	416
1	287
0	56
0	45
20	132
1	18
0	87
1	93
1	44
0	3
0	4
0	4
11	7
0	7
0	6
27	1496
0	1522
0	902
0	797
42	903
1	23
0	250
0	214
0	174
0	173
0	136
0	75
0	61
0	55
0	49
0	44
0	32
0	11
0	9
0	22
2	2
0	26
0	19
0	0
0	0
5	18
0	610
0	557
8	139
0	545
0	570
0	531
0	581
2	634
3	451
0	71
0	32
0	309
2	70
5	93
0	54
0	56
0	80
0	108
0	110
1	117
0	601
0	569
4	555
0	585
0	86
24	515
0	165
3	1
0	1
0	0
0	1
0	0
0	0
1	0
0	0
0	1
0	1
0	0
0	1
0	0
0	0
0	0
0	0
45	3
0	2
0	1
8	2
0	3
0	1
0	1
0	1
0	0
0	0
0	106
1	111
0	3
0	1
0	2
2	7
0	3
1	7
0	3
0	6
0	0
0	0
0	0
0	0
0	0
0	0
0	0
0	0
0	4
0	20
0	623
0	7
0	629
0	621
3	15
0	8
1	5
0	6
0	4
0	9
0	5
0	26
2	5
0	6
0	1
0	10
0	8
0	617
0	9
0	1
0	621
0	14
0	544
0	554
2	13
0	11
2	540
14	721
243	734
0	128
0	269
0	20
0	30
0	44
0	15
0	18
1	28
0	5
0	13
0	3
1	15
0	11
0	10
1	7
0	3
0	1
1	2
2	2
0	13
0	256
0	0
0	0
0	0
0	0
0	0
0	0
0	0
0	0
0	0
0	0
0	0
0	0
0	0
0	0
0	0
0	0
0	0
0	0
0	10
9	10
1	1
0	429
17	435
0	431
0	434
0	156
0	155
2	127
14	122
0	60
0	104
0	270
0	10
0	79
0	32
183	86
0	8
2	66
0	8
0	7
0	23
0	17
0	62
346	323
0	30
0	57
0	48
0	47
0	148
0	36
0	65
1	13
0	34
0	44
0	7
0	1
1	5
0	1
0	310
0	946
0	958
10	288
0	5
0	3
2	3
1	949
0	453
1	4
0	4
0	2
0	2
0	2
1	1
0	0
0	0
0	0
0	0
0	0
2	28
5	32
0	790
0	15
0	790
0	220
0	193
0	220
0	219
0	219
0	0
0	220
0	220
0	220
0	246
0	173
0	217
0	258
0	245
0	225
0	211
0	250
0	230
0	66
0	175
0	188
0	212
0	221
0	198
0	250
0	249
0	199
0	255
0	66
0	6
0	7
0	41
0	195
0	249
0	67
0	55
2	241
0	23
0	247
0	41
0	241
0	219
0	219
0	70
0	33
0	217
0	202
0	43
0	141
2	0
175	0
0	256
0	58
0	237
0	237
6	21
3	62
0	37
1	23
0	0
0	0
0	0
0	0
0	0
1	0
1	25
0	26
0	72
0	72
0	232
0	66
0	274
3	65
0	265
0	76
0	272
1	31
0	23
1	42
0	0
0	4
0	4
0	4
0	4
0	4
0	4
6	283
0	25
1	43
0	243
0	250
0	233
0	71
0	212
8	170
0	250
859	350
0	350
6	6020
70	6017
0	94
0	170
0	42
0	258
7	134
2	201
0	0
47	358
13	358
1	15
11	67
0	0
0	0
0	0
0	0
0	0
0	0
0	0
0	0
0	0
0	0
0	0
0	0
0	0
37	2959
172	2842
20	2319
0	1478
3	1047
51	1189
108	2219
0	2307
0	1267
1	601
1	499
0	383
0	396
0	101
2	176
0	105
0	277
0	243
1	83
0	126
0	255
0	257
0	216
0	76
11	29
1	95
0	59
0	66
0	243
1	365
1	316
0	71
0	36
0	68
0	176
9	541
18	565
4	464
1	0
0	0
0	0
0	0
0	0
2	0
0	2
0	2
0	2
0	0
0	2
0	2
0	2
0	4
0	3
0	4
0	2
215	125
0	39
0	18
0	106
4	101
1	92
0	105
0	99
0	102
0	99
0	30
0	22
0	20
0	20
0	7
14	33
0	17
0	4
0	3
0	25
0	5
0	17
0	20
0	7
0	20
0	26
0	13
0	17
0	10
0	0
0	0
0	0
0	0
0	0
0	41
0	192
0	34
0	193
0	187
14	196
0	27
2	99
0	27
1	8
0	27
0	45
0	51
0	4
0	6
0	26
0	26
0	29
0	36
2	2
0	3
0	2
0	5
0	48
0	48
84	485
18	485
0	669
1	700
4	128
30	662
0	59
0	0
12	58
25	114
2	217
22	206
6	104
0	111
0	16
0	102
0	0
1	54
0	76
0	46
0	20
0	2
0	5
1	969
0	66
0	977
0	240
10	857
14	899
2	143
0	598
4	1956
0	1956
0	355
2	159
12	176
1	146
0	31
1	129
2	159
2	144
1	0
0	49
0	0
0	17
0	17
2	116
1	386
398	704
0	0
0	232
0	655
0	5
0	230
0	0
0	281
0	267
2	78
1	0
0	377
0	377
5	112
0	257
2	16
3	282
4	141
0	264
0	16
0	41
0	7
0	12
3	0
1	11
1	11
0	2
0	180
0	201
1	39
1	180
0	122
0	46
0	52
0	40
0	44
37	7
0	7
0	565
1	495
5	13
237	566
5	46
2	17
1	327
0	545
0	40
0	304
10	331
0	63
0	345
0	47
0	201
1	101
0	210
1	95
3	126
13	57
0	118
0	235
2	54
8	90
17	11
0	1
0	11
0	1
0	0
0	0
0	0
0	227
0	76
0	112
13	149
0	44
0	101
0	86
0	72
5	62
3	45
0	559
2	460
3	562
0	547
0	70
0	3
1	161
0	116
5	82
0	85
0	53
2	0
0	2
1	334
0	30
0	24
0	4
0	4
0	1
16	7
380	96
0	89
8	1119
29	403
5	750
1	345
0	197
0	181
0	317
0	163
17	167
0	435
0	1028
270	4
1	4
39	30
0	15
1	26
0	13
0	15
2	7
0	535
0	944
0	1012
0	1969
6	1945
0	1968
0	1014
0	1926
2	176
40	426
0	79
0	0
0	740
0	593
1	317
0	321
0	316
0	156
0	141
0	118
0	106
0	105
0	96
0	33
0	69
2	51
0	46
0	40
1	40
0	41
0	36
0	32
2	26
1	4
81	15
6	1
0	10
2	1
0	11
1	4
3	5
12	12
0	7
0	7
2	0
10	0
3	4
0	332
0	93
0	580
0	603
0	605
0	607
0	351
1	351
2	599
0	599
0	612
0	54
0	78
0	623
0	585
5	0
0	94
0	327
8	39
0	508
1	23
0	69
3	256
2	12
0	10
0	11
0	5
0	86
0	102
0	6
0	15
0	17
0	11
0	89
0	13
0	23
0	97
0	99
0	12
0	11
0	98
0	46
0	98
0	5
0	12
0	97
0	97
0	12
0	10
0	95
0	76
0	2
0	19
0	14
8	3
0	86
0	98
0	10
0	41
0	46
1	11
0	15
0	16
0	23
0	14
4	59
0	22
0	13
0	51
1	6
0	15
2	56
2	56
0	20
2	41
0	2
0	22
0	2
0	3
1	2
0	3
0	3
1	7
0	7
1	0
6	4
0	7
1	4
0	3
0	1
4	117
0	18
0	104
0	6
0	108
0	5
0	7
0	5
1	106
0	16
2	11
1	38
0	22
0	34
1	3
0	19
1	20
0	290
0	980
29	987
3	61
2	129
0	56
2	44
0	39
0	24
0	0
0	0
0	0
0	0
0	0
0	298
1	87
13	407
5	340
1	403
0	132
10	332
0	180
3	146
0	112
0	116
8	63
67	243
1	14
0	5
0	32
2	238
0	36
0	8
0	125
0	11
0	5
0	31
9	2
3	3
0	1
0	2
0	2
0	0
5	4
26	7
4	1
0	4
32	471
1	385
1	293
0	125
0	196
6	367
36	531
0	497
0	649
0	311
0	300
1	17
4	173
29	238
2	526
68	616
18	620
1	53
102	348
5	404
0	293
700	0
3	0
0	0
0	0
0	0
0	0
0	0
0	0
0	0
0	0
2	86
0	160
2	139
0	106
9	68
0	74
0	6
62	1069
2	815
7	0
8	201
0	357
2	48
0	390
0	181
1	1069
0	86
5	384
0	385
0	391
0	34
2	11
2	13
3	11
0	23
0	15
0	15
1	12
0	28
0	105
6	9
15	29
0	12
0	31
0	495
3	498
0	23
11	492
0	637
0	359
3	511
13	474
0	495
0	495
0	493
4	495
21	0
6	494
24	490
0	247
1	230
0	223
0	246
0	93
0	37
43	1165
0	19
6	643
2	1157
0	1100
0	116
0	140
13	153
0	238
3	219
0	135
0	510
0	718
0	808
0	346
0	750
3	277
0	8
0	499
0	712
0	37
0	151
0	491
8	33
190	52
2	19
0	2
0	3
0	787
0	780
4	285
0	245
3	277
0	248
0	258
0	257
0	26
0	248
0	97
0	136
0	151
0	246
0	24
1	88
1	18
0	31
0	45
0	34
0	57
148	224
4	204
0	194
0	177
3	76
0	35
0	36
1	21
0	8
3	20
16	35
0	18
5	2715
13	2882
3	2845
41	2845
4	2843
8	1347
0	787
0	424
31	49
1	160
1	119
0	111
0	112
0	109
0	84
0	73
0	54
0	1016
0	0
0	1130
331	1191
0	1001
0	1063
0	45
9	0
230	103
0	106
0	106
0	96
0	0
424	268
0	268
1	34
5	47
0	0
0	0
0	0
0	0
0	1
0	1
0	1
0	1
0	1
0	0
1	0
0	416
4	324
38	339
3	49
0	1
0	74
0	74
3	76
0	73
3	76
0	76
0	76
0	72
0	72
0	2
1	2
0	1
0	2
0	1
0	0
0	0
0	0
0	0
0	0
0	0
0	0
0	0
0	0
0	0
0	0
0	0
0	0
0	0
0	0
0	0
23	179
0	178
0	38
0	37
0	31
0	18
1	14
1	9
0	3
0	3
0	45
0	47
1	46
0	45
5	5
1	5
0	44
0	234
0	322
63	44
0	301
1	125
1	23
0	84
1	81
0	38
0	55
0	79
2	4
0	8
1	7
0	7
6	2
0	1
338	162
49	173
10	38
0	0
0	0
0	0
0	0
0	0
0	0
0	0
0	0
0	0
0	0
0	0
0	0
0	0
0	0
0	0
0	0
0	0
0	0
0	0
0	10
0	0
0	0
1	2
0	0
0	27
1	27
1	4
0	20
1	43
0	11
0	19
1	6
37	31
0	19
1	4
0	4
1	55
0	45
0	74
0	153
0	130
0	129
8	114
0	92
0	69
0	68
6	55
0	46
1	43
1	43
0	35
0	32
1	26
0	142
0	561
0	728
0	780
0	676
1	717
5	344
13	195
0	510
45	275
0	248
0	55
7	41
2	147
0	147
0	53
1	134
0	61
0	4
1	52
0	33
0	31
0	31
0	19
0	16
0	16
1	0
0	0
0	0
1410	3
0	3
0	0
0	0
0	877
0	887
0	20
0	464
5	358
1	60
2	0
0	7
0	1
0	1
0	1
0	0
0	0
0	0
0	0
0	0
0	0
209	494
0	476
0	491
0	487
0	475
0	404
65	309
0	189
0	234
0	213
0	162
1	97
0	120
0	113
0	83
1	117
0	71
0	58
0	52
0	69
0	13
1	0
0	3
0	1
0	1
0	1
1	61
0	150
0	244
1	102
3	215
2	106
2	72
0	62
0	0
0	0
0	0
0	0
0	0
0	0
1	161
0	8
0	20
0	49
0	46
0	19
0	15
0	36
0	49
0	5
0	39
0	13
0	19
0	29
0	163
0	13
0	51
0	11
0	10
0	46
0	49
1	1
0	12
0	13
0	46
27	46
0	9
0	16
0	11
0	10
0	0
0	0
0	0
0	0
0	0
0	0
0	0
0	0
0	0
0	0
94	14
7	14
29	0
0	80
0	70
0	70
0	0
34	9738
727	10224
0	3315
1	2541
0	446
816	25
57	12
0	7
0	5
0	4
39	458
1	454
14	193
1	450
0	195
0	451
2	418
0	132
0	128
0	962
1	1080
0	1079
0	1090
0	1029
1	1057
0	898
0	104
0	12
0	1070
0	982
1	0
0	0
0	0
0	0
0	0
0	0
0	0
0	0
0	0
0	0
0	0
0	0
1	185
0	176
0	82
20	188
0	184
0	166
0	160
0	183
0	167
0	173
0	167
0	172
0	148
0	157
0	95
0	97
0	37
0	33
80	54
0	9
0	0
0	54
321	384
6	384
0	54
0	1
0	0
0	1
0	1
0	0
0	1
0	1
0	0
0	1
0	1
0	1
4	1486
4	10
0	11
3	65
8	135
0	1484
0	1483
300	196
1	26
17	196
20	157
0	157
0	216
0	109
1	32
0	24
7	16
0	9
0	162
45	21
0	15
0	15
1	8
0	1
0	5
0	11
0	15
1	13
0	4
2	1
0	0
0	1
0	0
0	235
0	408
1	347
0	318
0	629
0	346
0	352
0	396
0	318
0	357
0	395
0	295
0	295
0	407
0	342
0	318
0	52
0	88
0	0
0	0
0	0
196	385
1	367
5	175
0	125
1	90
0	92
0	51
0	236
4	181
0	186
0	140
1	125
0	163
0	70
106	66
78	100
0	51
0	35
0	0
4	9
5	49
1	45
5	49
2	9
2	4
0	2
0	3
0	10
0	10
0	10
1	6
0	7
1	661
0	7
0	168
0	1
0	669
0	380
0	24
0	428
0	30
0	4
0	29
0	28
0	370
134	321
1	7
0	321
0	1588
0	1552
0	1842
5	830
0	1842
64	1843
0	1620
18	1557
22	1364
2	386
0	0
0	1
0	0
0	1
0	0
0	0
0	0
0	1
0	0
0	1
0	0
0	0
0	0
0	0
0	1
0	0
0	0
0	0
0	0
0	0
59	102
0	68
0	57
0	41
0	65
0	48
0	11
0	6
0	11
0	8
0	6
0	12
0	3
0	9
0	3
0	5
1	0
0	0
0	0
0	0
0	87
0	0
0	0
0	0
0	3
0	3
0	3
0	3
0	3
0	3
0	3
0	3
0	3
0	0
0	0
0	0
0	0
0	0
0	0
0	0
0	0
0	0
0	0
0	0
0	0
0	0
0	0
0	0
0	0
0	0
0	0
0	0
0	0
0	0
0	0
560	911
0	320
0	37
1	413
0	111
1	93
0	217
0	91
34	93
0	82
0	67
0	39
0	16
0	31
0	32
0	5
5	17
47	0
0	0
0	0
0	1
0	1
0	0
0	1
0	1
0	1
0	0
0	0
0	0
0	276
0	275
1	241
0	248
0	256
0	264
0	274
0	267
0	274
0	269
0	256
1	267
0	266
0	261
0	271
0	270
0	268
0	274
0	274
2	223
36	3
0	6
8	19
0	14
13	1
5	52
2	52
0	5
1	5
0	0
750	511
53	511
2126	566
0	566
1	157
0	0
0	0
0	0
0	0
0	0
0	0
0	0
154	102
0	101
0	0
0	0
30	606
0	606
0	0
0	2
0	2
0	0
0	0
0	0
0	0
0	0
0	402
0	778
0	688
0	428
3	26
0	25
1	3
0	25
15	25
0	22
1	4
0	4
2	25
0	1
0	4
2	12
0	372
0	419
0	218
0	299
0	261
1	168
0	167
0	162
2	155
0	97
2	1
0	95
1	93
9	2
0	0
0	0
0	0
0	0
0	0
0	0
0	0
0	0
0	0
0	0
0	0
0	0
0	0
0	0
0	0
0	0
0	0
26	113
0	55
0	43
2	14
0	29
0	15
0	36
0	29
0	22
0	24
3	309
0	284
1	86
10	111
4	799
0	739
0	264
0	243
0	80
0	128
0	118
0	306
0	259
4	48
0	86
0	416
0	1
0	1
0	0
0	0
0	227
0	159
0	121
0	876
0	98
0	147
0	134
0	802
0	146
0	173
0	214
1	38
0	93
0	869
0	809
0	810
0	282
3	0
2	652
0	657
0	656
0	126
2	311
0	102
92	980
0	938
0	393
3	245
0	178
0	190
0	269
0	0
0	0
0	0
0	0
0	0
0	0
0	0
0	2
1	2
0	0
15	68
1	6
177	69
0	32
4	10
3	2
3	0
1	1
26	587
0	552
0	430
0	18
0	86
0	175
0	175
2	41
0	38
0	31
0	41
0	35
0	35
0	26
0	25
0	2
0	1
117	211
0	122
0	81
3	221
0	277
0	222
1	241
5	229
0	68
0	53
0	29
13	1146
5	897
0	514
3	64
1	368
0	1316
0	492
12	1134
5	6
0	0
0	483
4	427
0	358
1	192
4	422
0	1333
10	1303
1	1329
2	937
0	46
0	80
4	211
20	639
2	191
4	545
6	194
1	52
0	203
0	203
0	203
0	224
0	195
0	135
0	207
0	80
0	233
0	233
0	126
0	176
0	203
0	196
0	213
0	180
0	101
0	143
0	196
0	194
0	126
2	120
0	576
0	612
0	31
1	238
0	132
0	603
0	547
0	43
4	9
0	9
0	103
0	13
1	32
0	69
0	70
0	211
0	183
0	508
0	55
0	162
0	173
0	61
1	37
0	70
0	54
0	135
0	13
0	13
0	139
2	149
0	126
0	148
1	136
0	92
6	48
0	44
0	54
0	66
1	66
0	67
0	40
1	52
0	65
2	8
0	2
0	2
0	3
0	22
0	14
1	1
0	28
0	44
1	47
0	0
0	16
0	44
0	47
0	41
0	1520
0	170
0	1521
0	241
2	87
4	59
0	197
5	122
4	76
26	116
0	2
0	3
55	5
0	14
0	8
0	9
0	11
1	701
2	855
0	968
9	419
7	66
257	33
0	18
1	29
0	18
1	20
0	37
0	24
8	48
0	21
0	3
0	27
0	37
44	529
2	545
1	513
0	173
0	217
2	297
0	382
8	246
0	250
0	498
239	571
4	232
25	267
0	0
0	0
15	352
0	29
4	96
19	119
3	329
55	73
0	68
0	61
0	72
0	50
0	72
0	71
0	76
63	76
0	53
0	7
1	74
0	17
0	37
1	6
2	373
0	677
0	566
4	444
4	258
2	2
1	2
0	0
0	0
0	1
0	1
0	1
1	7
0	7
1	1
0	22
1	6
0	18
0	13
1	10
0	22
2	13
0	9
1	2
0	1
0	0
0	3
0	0
0	1
0	0
0	0
0	0
0	0
0	0
189	51
0	21
0	30
4	0
0	0
0	43
5	313
0	311
0	10
3	26
6	4
11	149
7	149
19	58
97	18
0	0
0	7932
0	7753
0	5996
0	7837
1	7176
68	7709
0	7823
0	7241
0	6990
0	5946
1	5348
0	5203
0	5170
0	3220
0	6405
0	8635
0	6492
0	5275
0	3190
0	3080
0	4950
1	1934
2	2057
0	2924
0	2423
0	1983
0	2003
0	1883
0	2280
0	908
3	839
0	168
0	184
11	133
5	152
0	102
0	16
0	6
0	19
0	0
0	0
0	0
0	0
0	0
0	0
0	0
0	0
17	285
64	285
2	629
0	600
0	628
4	18
1	576
0	624
0	575
0	13
1	487
1	129
0	426
0	403
0	350
0	51
6	39
0	47
0	53
0	20
0	48
10	37
1	54
0	78
0	35
3903	869
0	0
0	0
1	2
0	0
0	0
0	2
0	0
0	0
278	1006
0	245
0	105
1	149
1	82
0	14
5	115
6	843
0	36
0	42
0	42
0	42
0	42
1	42
0	42
0	1
0	4
0	503
0	492
0	446
0	471
0	471
0	446
0	34
0	67
4	365
0	4
0	67
0	99
0	99
0	39
0	66
0	81
0	63
0	106
0	82
0	56
0	94
0	89
0	89
0	75
0	77
0	69
0	52
0	50
0	24
8	30
23	0
0	39
0	44
0	51
0	53
0	6
0	23
0	25
0	19
0	3
0	7
0	38
0	4
0	8
0	30
16	18
1	18
1	248
0	249
0	123
0	18
0	1
45	408
1	336
0	178
0	73
1	163
7	140
2	89
1	333
1	492
16	353
0	401
0	209
0	82
0	0
181	48
0	47
1	43
0	43
0	1
8	1270
0	284
0	1338
0	217
1	428
0	303
1	176
1	70
3	275
115	121
0	116
0	114
0	12
1	8
0	13
0	8
2	7
3	0
1	76
0	204
0	14
4	0
0	8
0	20
0	33
0	37
0	48
10	77
0	187
0	192
0	201
0	202
0	42
0	57
0	66
0	91
0	3
0	42
0	42
0	44
0	40
0	44
1	45
0	45
0	41
0	2
0	25
0	4
0	97
0	89
0	4
0	90
0	4
0	21
0	6
0	0
0	10
0	17
0	10
0	89
0	89
0	90
0	0
5	320
0	411
0	580
0	608
0	681
3	493
7	371
1	478
0	369
2	53
0	96
1	97
0	186
0	134
0	193
0	232
0	212
1	212
0	205
0	225
0	195
0	152
0	58
0	29
4	50
0	22
0	523
0	532
0	411
0	537
1	528
0	394
0	394
0	29
0	413
0	410
0	37
0	716
0	706
7	708
2	407
0	46
3	273
2	0
0	52
0	383
1	44
0	5
10	269
0	42
79	64
0	5
0	2
0	0
0	4
0	4
0	1
0	58
0	2
1	1574
0	3805
5	3861
0	3859
16	98
0	155
2	94
4	76
1	189
2	329
0	1046
0	94
42	48
0	15
0	88
0	1805
24	192
0	1203
0	1310
40	1435
0	1683
1	1753
0	347
0	699
0	148
0	641
1	1
0	123
0	0
0	0
0	296
0	0
0	0
0	0
0	0
0	151
5	479
0	170
0	0
0	63
0	0
0	364
0	8
0	0
7	0
0	0
0	256
0	245
0	220
0	244
0	234
0	234
0	212
0	193
0	181
0	62
0	0
0	29
0	176
0	165
0	29
0	117
0	40
0	175
0	94
0	131
0	16
0	16
0	16
0	16
0	0
0	0
0	0
0	3
0	0
16	300
0	303
2	38
0	81
0	31
3	377
1	160
0	1728
0	462
175	1737
0	460
0	273
0	226
0	327
3	184
0	488
0	273
0	117
1	164
16	273
0	13
26	54
0	54
0	259
0	276
0	23
7	15
0	15
5	11
0	0
0	0
0	0
2	0
0	242
0	73
0	58
0	32
0	233
0	2
0	2
0	1
0	0
0	1
0	0
0	1
0	0
0	1
0	0
0	0
668	146
0	0
0	0
0	0
0	0
0	0
0	0
0	0
0	0
0	0
0	501
0	499
3	401
1	499
57	116
0	111
2	38
0	27
0	38
2	85
0	15
2	21
0	33
2	18
1	56
2	15
0	66
0	0
0	0
1	0
0	0
0	1119
0	987
0	261
3	1119
0	195
0	250
0	219
0	400
0	24
13	792
0	41
0	620
0	766
0	737
0	462
0	642
1	49
3	13
1	122
0	37
3	156
0	239
4	191
1	223
0	225
1	152
2	230
0	205
0	230
0	139
0	70
2	132
0	0
129	430
32	159
6	144
0	149
0	92
1	57
0	139
0	0
0	0
0	0
0	0
0	0
0	0
0	0
0	0
0	0
0	0
0	0
0	75
40	804
11	95
0	114
0	311
0	129
0	781
0	207
0	207
0	190
1	168
4	196
3	89
0	1362
183	1475
1	522
0	377
14	126
6	155
9	232
0	1
2	1098
0	27
0	101
0	44
0	164
1	96
0	184
0	105
0	92
0	22
0	21
0	37
0	92
0	216
0	47
0	96
0	3
1	3
0	34
0	34
0	20
0	36
0	0
0	96
0	34
0	1
2	192
0	27
6	14
0	98
0	28
0	206
0	20
0	27
0	0
0	8
1	8
0	0
0	0
0	0
0	2
0	2
0	2
0	392
0	416
2	361
0	51
0	139
0	59
8	58
0	119
0	71
2	78
4	24
40	10
16	94
0	68
0	47
1	41
0	40
1	12
0	16
0	24
1	4
0	28
0	28
0	26
0	19
0	56
0	56
1	16
1	14
12	1198
4	41
0	1162
0	1103
2	105
11	41
3	66
0	65
7	50
3	315
7	305
0	67
0	182
4	117
0	325
0	38
0	20
0	1
1	186
0	326
0	324
51	101
0	18
0	48
0	32
2	26
0	46
0	40
1	36
1	714
0	717
2	697
25	371
40	378
0	109
1	73
0	153
0	89
0	82
0	37
0	119
0	25
0	22
0	0
0	578
0	584
1	87
0	146
0	0
0	749
6	750
0	124
3	38
0	0
0	1
0	0
0	14
0	18
0	33
1	11
0	21
0	5
0	53
0	17
0	6
0	224
0	221
68	1570
0	51
0	73
0	51
0	555
0	0
0	0
0	0
0	0
0	0
0	0
0	0
0	0
0	1162
0	1161
1	1054
0	1008
3	1056
0	252
0	720
1	361
0	335
0	135
0	0
0	0
11	11
0	0
0	4
0	0
0	0
0	1
0	0
0	1
0	0
0	3
0	2
8	17
1	17
190	75
13	75
0	0
0	324
1	953
0	959
0	328
0	983
0	324
0	608
3	447
0	0
2	125
0	128
1	0
0	265
0	37
3	155
3	269
9	10
0	13
0	19
1	51
0	73
0	48
1	0
80	48
2	44
0	13
7	314
0	76
0	206
0	310
12	386
1	76
0	263
5	239
0	56
0	68
0	32
7	35
0	17
0	18
0	52
1	27
0	42
4	16
1	19
0	230
5	268
5	283
0	593
0	594
0	546
0	588
1	588
0	567
0	548
0	525
0	475
0	537
0	583
0	538
0	535
0	527
0	576
0	555
0	527
0	533
0	559
0	492
0	284
0	278
0	223
0	125
0	124
0	49
0	3
0	0
0	0
0	3
0	1
0	2
0	1
0	2
0	1
0	680
0	25
0	313
0	54
0	34
0	21
0	407
11	229
1	34
0	641
0	164
1	8
1	24
23	34
0	113
0	13
0	25
0	24
44	161
6	13
8	32
2	0
1	4
0	5
0	5
0	2
0	6
0	6
0	6
0	6
0	5
0	6
0	6
0	4
0	1
0	2
0	2
0	2
0	1
0	1
0	1
0	1
0	1
1	1
0	1
0	0
0	0
0	0
0	0
0	0
0	0
0	16
0	24
0	23
0	16
0	27
0	6
0	7
2	691
11	717
0	40
1	5
0	67
10	47
0	2
0	170
1	162
2	157
0	15
23	49
0	49
0	5
0	3
0	8
0	6
2	0
0	0
0	0
0	0
0	0
36	487
596	487
6	18
12	872
0	1181
0	1240
39	448
0	1213
0	1032
4	1124
0	470
0	560
0	609
11	89
1	1
0	1
0	1
31	100
5	100
354	0
0	17
0	18
0	13
0	17
0	7
0	7
0	5
0	6
0	2
0	8
0	79
0	66
4	99
0	20
6	14
0	19
0	76
0	15
0	24
0	660
0	76
2	23
0	21
0	668
0	265
0	43
0	34
0	58
1	20
0	20
0	662
0	60
0	655
45	535
0	650
0	1
0	1
0	0
0	0
0	5
0	1
0	1
0	0
0	4
0	0
0	0
0	4
0	0
0	0
1	4
7	54
3	692
0	596
16	684
0	459
2	71
0	56
0	0
0	0
0	0
0	0
0	0
0	0
0	0
0	0
0	0
0	0
0	0
0	0
0	0
0	0
0	0
0	0
0	0
0	0
0	0
0	0
0	0
0	0
0	0
0	0
0	0
0	190
0	118
0	6
0	187
1	30
0	198
0	190
0	83
0	188
7	78
0	43
0	145
1	14
571	208
30	208
96	50
10	16
0	3
0	10
2	40
0	17
2	24
378	296
0	176
0	318
0	213
0	29
1	27
4	16
0	63
1	24
1	21
0	23
0	23
0	0
616	0
1	294
4	148
0	40
3	165
22	7
11	23
0	29
0	7
4	15
546	412
0	137
1	123
0	123
0	94
1	82
24	66
0	1
0	1
0	1
0	1
0	1
0	0
0	0
2	0
285	1127
3	399
0	181
0	24
0	213
2	274
0	278
9	364
0	389
0	618
0	303
32	196
2	15
7	32
0	603
0	25
294	493
3	25
0	116
0	39
0	64
8	48
1	64
0	32
4	145
0	167
2	237
0	2
0	0
0	0
0	1858
0	1859
2	817
0	348
0	1430
0	91
0	169
0	319
0	448
0	299
0	276
0	187
0	131
0	63
6	28
0	268
18	23
0	268
8	73
0	264
1	99
0	42
2	66
0	34
5	56
0	4
1	28
0	84
0	96
2	82
0	0
0	0
0	0
0	0
0	0
0	0
0	0
0	0
0	0
0	0
0	192
0	224
12	286
2	684
21	684
3	503
0	0
0	0
0	0
130	204
3	199
1	5
1	18
1	5
4	0
0	1
0	4
0	4
0	0
0	0
0	0
0	1
0	1
0	1
2	0
3	0
0	0
0	0
0	0
0	0
55	0
2	17
2	12
0	12
0	3
0	31
1	32
0	32
0	13
10	857
11	142
0	935
0	671
0	850
0	382
19	571
0	0
0	0
0	1
0	1
0	0
0	1
0	0
0	0
0	1
0	0
0	0
0	0
0	6
0	6
0	6
0	2
2	1
0	0
0	0
0	0
0	0
0	0
6	0
0	0
0	0
0	0
0	0
0	0
0	0
0	0
0	0
0	0
0	0
2	4
0	4
0	0
8	258
0	266
1	159
1	7
0	14
1	27
0	252
0	99
0	40
1	207
0	10
330	28
1	20
0	1301
163	1339
0	344
0	709
7	1262
1	7
12	1119
0	365
0	284
1	22
1	98
0	105
0	66
0	0
0	0
0	0
0	0
151	996
34	12
3	76
6	908
0	293
1264	714
2	138
0	85
6	1
0	360
42	490
0	308
0	398
0	363
1	115
0	110
8	136
1	136
0	0
0	231
0	157
0	317
23	139
0	227
3	275
0	205
3	17
0	77
0	150
4	75
0	1
0	1
0	0
0	0
0	0
0	0
0	0
0	0
0	0
0	10
0	9
0	11
0	11
0	11
0	1
6	2
1	6
0	8
0	6
0	3
1	4
1	3
0	2
0	3
1	2
27	684
0	694
5	618
0	606
0	2
0	4
0	8
0	8
0	7
0	1
0	1
0	0
0	85
10	147
0	147
0	45
12	47
0	24
1	0
0	0
0	0
0	0
0	0
0	0
0	0
5	4
0	4
0	3
0	2
0	16
0	166
0	520
0	0
0	13
2	13
0	32
197	651
0	207
0	33
0	107
0	25
1	18
2	14
0	26
0	13
0	72
1	227
1	241
0	162
1	75
0	0
0	0
0	0
0	0
0	0
0	309
0	0
0	0
0	0
0	0
0	0
0	0
0	0
0	0
0	1515
1	1515
1	1528
0	1548
0	1572
3	0
0	16
13	125
0	118
14	21
107	186
0	141
0	141
0	7
0	0
0	9
0	65
0	6
0	58
0	30
0	9
0	28
1	26
0	41
0	23
0	9
0	29
0	66
3	90
1	71
0	33
0	53
0	86
0	19
0	13
0	39
0	13
0	24
0	31
0	81
0	10
0	25
0	42
0	34
0	1386
6	1346
9	2519
0	3364
0	2765
6	2496
0	2403
11	3113
0	2071
0	2213
0	1265
0	3
0	5
8	36
3	36
6	8
0	25
0	59
0	59
0	54
0	10
0	9
0	10
0	6
0	11
0	7
4	28
122	0
41	164
0	90
2	33
2	19
6	53
8	50
0	61
0	57
0	49
0	57
0	35
0	42
0	29
0	43
0	12
0	5
1	0
4	0
0	0
0	0
1099	1595
3	526
1	505
0	1454
0	179
1	412
2	354
5	191
15	147
0	427
0	1
0	0
0	0
0	0
0	0
0	0
0	0
0	0
0	0
103	420
0	370
0	32
0	24
1	26
0	0
0	0
0	0
0	0
0	68
0	798
0	694
0	254
5	753
0	67
0	64
1	504
0	40
0	55
0	68
0	49
0	72
12	74
0	1
0	0
0	0
0	1
666	2329
5	1624
0	1215
7	0
0	489
0	175
0	1662
0	189
0	131
0	611
0	799
0	258
1	448
2	180
1	94
0	457
4	1625
0	78
1	169
0	169
0	28
0	79
0	7
0	92
1	79
1	51
0	17
2	42
1	49
0	289
14	223
6	128
7	274
0	116
1	114
4	109
10	61
21	1314
1	1316
7	1296
0	1243
0	292
0	161
3	58
0	37
0	0
0	375
0	455
0	154
8	78
0	113
0	123
2	412
10	126
0	138
0	166
7	113
16	235
0	319
0	0
0	0
0	0
0	0
0	0
0	0
0	0
0	0
421	29
0	27
0	23
1	111
0	111
2	15
1	15
10	111
0	259
10	506
2	495
0	254
3	32
16	0
3	111
8	522
0	488
19	523
0	483
0	471
0	452
0	459
1	257
0	522
0	1
0	0
0	1
6	129
2	10
0	127
53	226
80	64
0	131
0	79
0	111
0	84
0	64
0	0
0	9
0	9
0	9
0	6
0	84
0	15
0	0
0	1
2	1
0	1
0	0
0	244
154	244
7	29
0	27
0	29
0	4
0	2
0	29
1	3
0	27
0	4
0	11
2	1
0	2
6	16
0	3
1	3
0	0
0	0
0	0
0	0
1	5
0	1
0	4
0	4
2	3
0	97
0	286
0	268
0	257
0	282
0	165
0	96
1	106
0	96
0	92
0	81
0	66
0	51
0	75
0	56
0	55
0	89
0	60
0	75
0	71
0	48
0	71
0	30
0	55
0	84
0	89
0	73
0	64
0	56
0	56
0	60
0	33
0	80
0	19
0	56
0	60
0	42
0	89
0	90
0	56
0	43
0	68
0	44
0	73
0	85
0	49
0	58
0	47
1	31
0	28
0	29
0	10
0	359
55	386
0	39
0	18
7	137
0	60
0	93
888	1190
25	378
6	755
0	768
2	0
0	1
2	4
0	2
0	4
0	0
0	0
0	2
0	0
0	2
0	2
0	1621
1	286
0	593
0	330
0	360
0	372
1	1060
8	1627
0	0
0	0
0	0
0	0
0	0
0	0
0	0
0	0
0	0
0	0
0	0
0	0
0	0
0	0
0	0
1	388
0	256
0	145
0	182
0	41
0	124
0	80
0	9
0	9
0	5
0	2
0	378
1	98
2	0
0	0
0	0
0	2
0	0
0	1
0	0
0	0
0	0
0	2
0	0
0	0
0	0
0	0
0	0
0	0
0	0
0	2
0	2
0	0
2	0
2	0
0	266
1	157
0	119
0	256
1	0
0	41
0	52
0	171
0	216
6	53
3	162
23	84
0	158
4	55
13	31
17	1
4	54
3	28
1	32
0	14
329	0
26	0
162	20
44	34
0	5
0	14
4	16
75	579
2	199
3	310
0	531
0	107
1	83
0	23
0	55
1	55
1	495
0	105
0	555
11	475
0	426
50	378
0	140
0	133
1	99
0	122
0	25
38	63
0	63
0	989
0	175
0	858
0	846
0	30
0	205
10	107
2	135
1	76
0	137
3	148
0	127
9	82
25	117
1	14
29	406
65	401
0	97
0	396
0	274
0	113
19	255
0	255
28	140
0	176
4	202
0	138
0	182
0	43
8	330
1	62
32	356
0	332
0	358
3	59
1	245
0	0
0	0
0	0
0	0
0	0
0	0
0	0
0	0
0	0
0	0
0	0
0	0
0	0
0	0
0	0
0	0
0	0
0	650
16	199
151	650
5	423
0	467
9	450
2	455
1	435
0	200
0	0
0	3
0	5
3	17
0	0
0	30
0	18
0	2
0	42
0	0
0	23
0	40
0	147
529	147
0	0
0	0
0	37
0	32
0	1
0	1
0	178
0	180
1	166
0	34
2	161
0	50
0	89
0	17
1	47
0	118
6	115
0	102
0	14
0	34
1	27
0	21
0	494
0	531
36	15
0	15
0	0
0	0
0	2
142	1434
0	1358
9	1081
0	268
1	48
0	5
0	4
55	16
0	5
4	11
0	0
0	0
0	0
0	0
0	0
0	0
0	0
3	0
0	0
0	309
15	332
0	41
0	38
1	41
0	18
0	7
1	23
0	20
0	18
0	331
0	325
0	106
12	73
0	528
5	482
0	364
19	70
0	317
0	149
9	146
2	132
0	100
10	4
0	0
0	7
0	6
0	5
0	0
0	0
0	0
0	0
0	0
0	0
4	0
2	0
0	7
0	0
0	0
0	0
0	2
0	47
0	57
0	13
0	43
0	57
0	39
1	45
0	50
0	1
0	3
0	11
0	10
0	33
0	0
0	0
0	105
0	106
0	103
0	89
0	18
0	75
0	76
0	27
0	7
4	7
0	40
0	21
1	2
0	18
0	4
0	5
0	5
0	1
1	18
0	0
4	18
0	843
0	831
0	866
1	838
1	842
0	841
33	771
0	735
0	287
0	237
0	209
2	94
0	22
392	4314
35	4162
10	838
12	779
21	221
19	1296
0	2465
4	391
198	0
0	0
0	0
0	0
0	0
0	222
722	268
0	15
0	241
0	253
182	548
34	539
4	536
3	95
164	193
0	192
0	70
29	833
3	264
0	970
0	933
0	753
0	295
1	44
2	78
1	62
1	322
0	130
4	16
161	69
0	19
0	18
0	68
0	43
0	42
7	474
0	377
0	84
0	181
0	31
4	83
0	110
0	79
0	84
3	312
1	160
39	360
0	130
2	296
2	287
0	238
0	176
0	181
0	177
0	172
0	189
0	176
0	167
1	184
0	150
0	145
1	11
1	8
2	19
1	16
0	98
0	9
0	8
0	4
0	45
0	3
0	43
0	15
0	9
0	3
0	33
0	7
0	24
0	48
1	45
0	51
1	7
0	8
0	5
0	3
1	48
0	44
1	170
0	359
0	132
1	332
0	185
0	272
29	150
0	393
0	204
0	206
2	205
0	174
0	130
0	158
0	177
0	184
0	271
2	389
0	4
29	236
0	1037
0	1250
0	595
0	157
45	2
8	86
0	3
0	3
2	0
1	2
0	1
0	1
0	0
0	0
0	0
0	0
0	0
0	1
0	1
0	1
0	0
0	0
0	1
0	580
0	567
0	35
0	25
0	52
160	193
0	196
0	193
1	194
0	79
2	69
4	14
0	571
96	130
0	8
3	31
0	16
0	15
0	89
0	6
1	9
0	6
0	44
0	11
1679	258
0	258
39	8
0	8
0	207
0	191
0	309
0	177
0	199
0	282
0	291
0	208
0	259
0	205
0	272
0	125
0	270
0	1
0	1
0	1
0	1
0	4
0	4
0	0
0	0
0	0
0	0
3	7
17	439
11	306
14	133
1	127
1	86
0	2
0	2
0	2
0	0
0	1
0	0
0	2
0	0
0	0
0	0
0	0
1	3013
0	3051
0	1904
57	2056
1	2559
3	416
2	551
0	3007
0	459
0	0
0	0
0	0
6	0
0	0
0	0
0	0
0	15
0	11
17	15
0	10
0	0
0	0
0	27
0	8
0	25
0	26
0	2
0	0
0	23
2	3
3	0
0	0
0	702
0	0
0	0
0	0
0	0
0	0
0	0
0	0
0	0
0	69
0	0
0	71
0	0
0	0
0	0
0	0
0	202
0	81
0	0
0	691
0	718
0	348
0	105
0	111
0	93
0	103
13	98
0	100
0	111
0	76
0	87
0	96
0	108
0	48
0	45
0	22
0	18
0	22
0	28
0	21
0	6
0	10
0	10
0	6
0	9
0	10
0	5
0	10
0	7
0	9
0	0
2	82
0	14
0	25
95	81
6	2
0	1
2	1
1	19
0	19
0	57
0	158
0	158
0	158
0	4
0	11
0	11
0	10
1	0
8	5
0	4
0	7
181	0
15	8
1	0
0	832
0	810
0	675
0	676
0	452
0	622
0	619
0	365
146	45
1	29
11	109
0	0
0	0
0	0
0	0
0	5
2	5
14	51
0	19
1	49
0	13
1	35
0	29
0	1
0	1
0	2
0	1
0	1
0	2
0	2
0	2
0	1
0	0
0	0
0	1
0	0
0	0
0	0
0	0
0	0
0	0
0	0
0	0
0	0
0	0
0	0
0	0
5	31
1	28
0	20
1	14
2	28
0	18
0	19
0	21
0	502
3	498
1	551
0	544
18	549
0	549
0	554
0	134
0	414
0	27
0	16
2	125
2	49
1	12
0	86
0	74
29	811
1	0
0	812
1	1
0	705
0	791
0	811
0	106
0	141
4	680
0	128
1	13
4	63
16	262
0	73
19	110
0	87
0	58
20	77
0	35
0	2
0	0
0	0
0	0
0	2
0	0
0	0
0	0
0	0
0	0
0	2
0	2
0	424
0	454
0	448
0	145
2	117
0	125
11	81
7	121
5	73
0	105
0	67
0	63
0	49
5	25
0	32
0	26
0	31
0	25
0	29
0	21
0	18
0	12
0	14
3	0
0	5
1	176
0	176
0	28
2	26
0	1
4	1
0	0
1	24
6	1625
0	1737
0	1642
0	405
0	1645
0	819
5	192
0	342
20	1343
187	988
24	676
0	283
1	293
0	176
7	29
14	36
2	6
1	80
0	42
0	289
4	554
0	2
0	524
1	1757
20	1590
0	830
0	630
0	635
1	246
0	147
0	143
0	115
6	109
0	14
0	1732
0	1705
0	1
0	1
3536	0
0	11
3	11
5	29
0	29
0	25
0	17
0	21
0	8
0	10
1	0
0	0
3	73
0	65
1	5
14	66
0	23
0	30
1	54
0	19
0	20
0	23
0	19
194	187
0	0
0	0
0	5
1	14
0	67
0	0
0	0
0	0
0	5
0	0
0	5
0	60
0	60
0	60
1	115
0	62
0	102
0	102
0	96
3	700
0	679
0	39
1	612
0	744
0	728
0	51
1	715
0	707
0	660
0	629
0	696
0	665
0	677
0	671
0	636
0	669
0	137
1	688
0	692
0	98
0	682
0	685
0	78
0	635
0	612
2	504
0	510
0	669
5	62
0	115
486	0
0	0
0	0
0	0
0	0
0	0
0	0
0	0
0	0
0	10
0	10
0	10
0	10
0	10
2	217
0	217
0	205
0	172
0	205
0	210
0	210
0	172
0	173
2	222
0	164
0	179
0	0
0	202
31	6
1	246
0	247
0	215
0	187
0	193
24	205
0	193
0	200
0	199
0	113
0	18
2	7
7	10
0	7
0	7
0	10
0	9
0	6
0	3
0	3
1	3
0	7
18	0
22	15
0	13
0	11
1	8
0	10
0	0
0	0
2	182
0	120
1	181
0	631
7	55
0	181
0	134
0	114
0	27
0	629
0	135
0	37
5	69
25	57
0	35
0	391
0	22
2	293
0	356
0	365
15	108
0	91
0	108
1	106
0	46
0	23
0	17
0	20
0	14
0	14
0	13
0	13
0	9
0	12
0	12
0	11
1	9
0	9
0	9
0	6
0	0
0	247
0	246
1	177
0	491
0	518
0	1238
0	1216
0	1130
5	723
0	1231
0	1159
0	1233
0	1196
1	1103
0	1160
0	1141
0	1185
0	1146
0	1207
0	1194
0	1181
0	1113
0	1161
0	1151
0	953
0	1160
0	1118
0	1140
1	1164
0	1163
0	164
1	191
0	46
1	845
0	649
0	555
0	614
3	246
0	198
2	6
0	55
0	57
0	57
0	57
4	48
0	8
2	14
0	42
0	13
1	13
1	29
0	28
1	31
0	26
1	1
0	22
0	7
0	2
0	5
0	13
0	12
0	10
0	3
44	136
0	132
0	22
2	18
0	18
0	0
0	0
0	0
0	0
5	1596
0	280
0	293
0	111
22	1605
1	59
0	141
1	192
0	228
0	169
0	196
0	157
0	668
0	1576
0	1775
0	154
0	334
0	52
0	2
2	2
1	181
0	348
0	77
1	62
0	50
0	393
4	116
0	353
28	313
0	367
3	171
29	277
0	242
0	257
9	27
0	7
0	3
0	3
0	0
0	14
0	20993
11	20999
0	20072
0	9023
0	20112
0	20068
0	21360
2	7348
0	19556
0	20982
0	20181
10	20207
0	15151
7	10527
0	9041
0	4658
0	2662
0	3024
0	2368
0	1811
0	1695
0	1180
0	0
0	711
0	738
0	331
0	715
0	702
0	323
1	332
1	75
0	40
0	107
10	24
0	6
0	17
0	19
0	10
0	6
0	6
0	3
0	2
1	1
0	2
3	131
0	105
15	196
0	69
0	572
0	25
1	518
0	481
0	438
0	42
0	546
1	564
0	38
0	587
0	525
0	525
0	1
1	572
1	22
2	566
1	34
0	35
0	65
0	140
81	166
1	26
0	134
0	19
0	0
0	0
0	0
40	523
0	201
0	521
0	160
0	3
0	13
0	27
0	125
0	122
0	150
0	119
0	13
0	13
0	400
1	259
8	92
1	281
0	400
0	202
276	86
0	14
1	84
0	8
0	9
0	9
0	278
8	12
2	12
0	275
0	224
0	122
0	65
0	325
0	269
0	304
2	284
1	41
0	315
0	261
0	288
0	319
0	299
0	299
0	296
0	300
0	304
0	306
0	40
0	92
0	247
0	76
0	210
0	299
0	297
0	256
0	91
0	140
0	128
0	80
0	291
0	177
0	48
0	264
0	250
10	53
0	22
0	192
0	68
0	296
0	256
0	249
1	34
95	0
13	71
0	253
0	240
0	213
0	67
0	33
0	224
0	11
0	30
0	204
0	84
0	29
7	7
0	15
0	16
0	6
0	179
7	57
0	177
0	27
0	183
0	230
0	53
0	223
0	207
0	206
0	206
0	199
0	201
0	203
0	135
0	35
0	29
0	179
0	28
0	179
0	9
0	158
0	83
2	176
0	26
1	164
0	18
1	140
0	98
0	66
0	477
1	116
0	114
0	46
1	67
0	104
0	122
0	0
0	24
0	25
4	1606
5	1606
0	1453
3	1515
0	733
0	497
12	128
0	105
0	277
78	240
5	42
0	16
0	16
0	17
0	16
0	11
0	10
0	6
0	3
0	5
1	5
0	5
0	0
7	663
0	661
0	450
0	641
1	317
0	340
1	8
0	97
1	35
0	55
0	39
0	9
0	660
0	453
415	0
0	0
0	0
0	0
0	0
0	0
0	0
5619	1711
1	278
16	478
0	517
0	438
0	0
34	0
0	0
0	0
146	84
2	84
360	1209
0	209
0	182
0	215
3	1165
0	0
0	0
0	0
0	0
0	420
0	559
0	594
0	560
1	546
0	563
2	586
2	215
0	566
1	538
1	331
1	526
0	309
0	455
0	444
0	581
3	546
0	573
0	587
0	558
0	566
0	575
0	557
0	516
0	541
2	556
0	287
0	200
0	255
0	67
0	233
0	12
0	39
0	189
0	210
0	203
0	66
0	3
0	15
0	3
0	15
0	5
2	15
0	3
0	5
0	27
0	0
0	6
0	4
0	27
3	7
0	0
0	3
0	3
0	4
0	1
0	38
0	393
2	393
0	426
1	60
28	267
0	144
0	291
21	240
0	98
1	74
0	154
3	112
0	74
0	393
0	23
0	23
0	23
1	7
2	2
0	28
0	0
0	0
1	0
0	0
0	0
0	0
0	0
0	448
0	200
1	448
0	448
0	432
0	327
0	57
2	7
2	0
0	0
32	411
0	422
0	198
0	243
0	150
2	2
8	61
0	53
2	22
0	466
0	35
2	15
756	467
0	0
0	65
0	267
0	269
0	242
0	248
0	180
1	126
11	104
0	0
0	0
1	236
0	0
0	0
0	0
0	0
0	0
0	0
0	0
1	30
0	30
1	27
0	17
26	482
0	30
1	593
1	594
0	352
28	246
1	112
0	376
0	233
1	19
3	317
0	56
0	8
0	44
0	0
0	0
0	0
0	0
0	0
0	0
0	0
0	0
0	0
0	0
0	0
0	0
0	0
0	0
0	0
0	0
37	1206
0	179
2	0
1	0
1	104
0	1206
0	1100
0	13
16	314
0	340
3	328
19	243
0	359
0	129
0	250
0	145
1	100
5	49
2	34
9	214
0	147
1	20
0	43
3	25
0	26
0	17
0	219
0	17
2	257
0	436
17	436
0	307
1	33
0	0
0	74
1	54
0	0
69	335
0	402
1	361
4	15
0	43
0	354
0	67
13	0
0	72
0	29
0	24
0	32
338	404
9	34
0	48
0	22
0	41
0	61
0	285
0	35
1	54
0	45
0	1
1	1
0	1
1	0
0	45
0	48
2	3
0	42
0	154
0	167
0	365
0	361
0	341
1	355
0	375
0	10
1	51
0	33
0	34
0	88
0	0
0	0
0	0
0	0
0	0
2	463
497	463
3	253
0	253
0	50
0	152
0	516
0	519
5	30
0	121
0	42
3	69
0	70
0	25
0	51
1	45
0	39
0	35
0	34
0	33
0	9
13	20
0	25
0	28
0	36
4	25
0	29
0	33
0	17
0	12
0	14
1	5
0	8
0	6
0	9
0	248
34	585
0	519
0	54
0	270
1	69
0	123
2	41
0	1
0	1
0	1
0	27
0	89
0	261
0	262
0	98
0	38
0	257
0	257
0	102
0	95
15	58
8	24
2	96
1	440
33	2007
12	1579
0	1024
2	1300
0	595
8	297
234	322
0	38
0	20
0	28
6	296
9	46
7	40
0	203
1	79
0	199
0	161
0	69
0	133
0	886
25	1101
7	150
8	370
0	24
181	0
0	571
0	572
51	572
0	572
12	123
0	906
0	968
19	326
47	451
0	1001
0	172
0	130
0	8
0	17
0	58
2	135
2	150
0	123
1	67
19	19
59	32
0	30
0	2
512	23
0	23
0	84
0	8
0	95
0	14
0	832
0	760
0	844
0	842
1	59
0	804
0	29
0	54
1	782
0	761
0	43
0	19
0	52
0	90
0	79
0	483
0	251
0	58
0	43
0	837
0	12
1	13
0	38
0	58
0	2
1	45
0	832
0	122
0	8
1	71
0	83
5	25
101	91
2	102
10	460
1	287
0	112
7	331
0	375
0	341
0	365
0	361
0	89
0	30
0	161
0	83
0	0
0	0
0	5
0	1
0	23
112	33
0	29
0	9
0	2
0	1
0	2
1	255
0	382
0	787
1	190
8	232
0	679
0	2
0	10
0	610
0	24
0	38
0	30
0	0
0	0
0	0
0	0
0	318
2	132
16	141
0	109
0	75
1	23
0	16
0	108
0	231
56	231
1	225
3	151
0	60
0	67
0	9
0	0
0	0
0	0
0	0
0	0
0	0
0	0
0	0
0	59
0	318
2	361
3	203
0	22
9	188
0	351
0	384
0	2
0	25
0	165
0	115
0	90
0	90
0	325
0	287
0	292
0	61
0	24
0	27
0	28
0	28
0	3
0	17
0	0
0	31
0	76
4	183
1	21
1	173
6	170
0	21
0	21
1	5
0	3
0	4
0	3
0	1
0	1
0	39
0	503
20	254
0	262
0	211
3	244
0	513
0	0
0	29
0	42
0	50
0	85
2	16
1	4
0	36
0	54
0	31
3	3
0	18
0	240
0	18
0	235
0	207
4	240
0	241
26	216
8	220
0	220
37	792
0	792
34	2
54	535
0	526
0	270
3	172
0	142
0	52
0	53
0	1
0	0
13	595
4	477
2	484
0	137
3	353
0	46
1	47
0	1
0	49
1	46
0	84
0	33
0	37
0	33
0	39
0	25
0	19
0	18
0	12
1	14
0	8
0	5
0	0
2	0
0	0
0	0
1	35
0	4
0	6
0	1
0	1
0	1
0	1
0	2
0	1
0	0
0	34
0	115
0	48
18	12
0	12
0	94
0	94
3	28
0	37
0	36
0	6
0	8
0	23
0	41
0	32
0	13
0	8
0	12
1	6
0	5
0	12
0	0
0	0
0	1
0	1
0	1
0	0
0	1
0	1
0	0
0	0
1	46
0	0
0	0
376	20
0	20
0	1662
0	1679
0	28
0	23
1	1561
3	1604
0	1678
0	1667
0	1671
0	1646
0	1638
0	1656
0	1604
0	1604
2	1641
0	1663
0	1700
2	1689
0	1646
0	1668
0	1616
2	327
0	1654
0	1654
1	193
0	949
1	1636
0	1520
0	0
0	0
0	0
0	8
0	8
1	8
0	8
0	4
0	42
0	42
0	42
0	42
0	8
0	8
0	8
0	8
0	53
0	91
0	78
0	33
0	18
0	39
0	84
0	38
0	63
0	49
0	92
0	70
0	50
0	71
0	36
0	57
0	14
0	153
0	12
0	131
0	0
0	37
0	31
0	72
0	66
1	1100
0	102
0	132
0	18
0	17
0	93
0	0
0	1
1	0
0	84
18	101
0	74
1	115
0	0
0	77
0	80
0	50
0	65
0	106
0	31
0	109
0	6
0	16
0	118
0	138
0	0
0	0
0	112
0	112
0	112
1	506
0	90
0	112
0	88
0	38
0	17
0	68
0	11
1	0
0	0
0	1
1	28
0	76
0	79
0	125
0	227
0	8
0	10
0	154
5	0
0	17
0	79
1	12
11	81
0	20
3	13
3	20
37	18
0	19
0	19
0	5
0	7
0	0
0	0
0	0
0	0
17	1287
0	98
0	59
0	2
0	1267
0	1287
3	141
54	425
1	454
0	341
57	369
0	430
0	339
0	162
0	91
0	46
0	49
0	48
0	0
9	24
4	20
1	24
0	224
2	232
0	76
2	68
0	16
2	198
0	3
6	49
2	49
1	0
0	0
4	34
0	6
0	28
7	3
0	1
0	34
0	34
0	0
0	1
0	0
0	0
0	1
0	1
0	0
0	1
0	0
0	0
0	0
0	0
0	0
0	0
0	0
0	0
0	0
0	0
0	0
0	0
0	0
0	396
12	393
0	160
3	292
1	59
0	32
6	114
2	37
0	62
7	61
0	33
0	19
0	11
0	12
1	0
2	0
0	12
8	285
0	39
93	400
1	102
0	72
0	49
0	178
1	19
0	577
0	48
0	86
0	766
0	94
0	147
0	88
0	556
0	546
0	482
0	626
0	750
1	667
0	67
0	161
0	717
0	75
0	58
5	626
0	137
0	88
2	216
1	252
0	559
2	546
0	556
0	0
0	0
0	0
0	0
0	625
78	625
0	4
0	2
0	4
0	3
0	4
0	4
0	4
0	0
0	0
0	0
0	4
0	4
0	2
0	4
0	2
0	2
0	0
0	0
0	82
0	1
0	1
0	1
0	0
0	0
2	3
0	17
0	17
0	13
0	5
0	5
0	17
0	0
0	2
0	2
1	11
0	1
0	1
0	0
0	0
0	479
0	750
0	62
0	799
6	204
1	490
0	237
0	73
0	573
35	244
0	768
0	75
2	107
0	80
0	191
41	158
0	0
0	0
0	0
0	0
0	0
0	0
0	25
0	25
0	22
0	31
0	34
0	34
0	24
0	21
0	14
0	16
0	3
0	5
5	7
0	6
0	5
0	1
0	5
0	5
0	7
1	7
1	6
0	0
0	0
0	0
0	0
0	1
0	0
0	0
0	0
0	0
0	0
0	0
0	1
0	1
0	0
0	0
0	0
0	0
0	0
0	578
0	523
0	3624
1	2739
37	3036
0	3240
0	3029
0	3007
0	2970
7	1999
2	2252
0	2046
0	1768
0	1627
0	497
0	878
0	1103
0	776
6	571
0	947
3	71
0	496
0	676
1	659
0	661
0	683
0	0
0	1
0	3282
1	17
515	77
1	78
0	1
0	29
1	16
0	111
0	14
0	12
1	12
22	668
1	593
0	205
1	69
0	141
4	164
6	269
0	357
0	724
0	706
0	328
0	32
0	37
0	27
0	14
1	33
20	50
22	5
1	1302
0	278
10	485
1	955
0	674
0	815
10	635
3	519
34	171
1	449
0	500
39	286
0	316
1	166
7	10
0	167
0	187
0	130
0	87
0	10
0	12
0	4
3	11
0	0
6	18
0	147
0	153
20	205
61	205
0	0
0	0
0	0
0	0
0	0
0	9
0	14
0	12
0	15
0	5
0	5
0	6
0	6
0	5
0	9
0	2
1	2
0	3
2	5
0	1
0	1
0	0
0	0
0	0
0	1
247	142
0	119
39	29
43	18
0	3
0	0
0	3
0	3
0	0
0	0
0	0
0	0
0	0
4	0
0	0
0	40
0	35
1	225
16	1
4	225
1	31
4	17
3	13
1	45
0	5
0	5
0	5
0	5
479	613
0	103
0	45
32	469
1	11
0	69
563	0
0	681
0	595
0	562
0	530
3	103
32	521
5	224
0	528
0	661
0	532
0	34
0	23
3	65
5	10
0	63
1	73
0	132
0	54
1	77
1	19
0	575
0	39
0	32
0	35
0	22
0	10
0	2
0	20
0	13
0	2
0	10
0	1
0	7
0	78
25	221
164	404
126	261
0	100
0	358
4	47
1	57
0	54
4	26
3	62
4	21
4	6
0	37
134	0
0	1598
0	1876
25	1784
2	2723
3	2681
0	2949
0	2866
0	2851
0	2913
0	2941
0	2874
0	3081
0	2931
0	2940
0	2927
0	2994
0	2821
0	2892
2	1686
0	2635
0	2430
0	398
0	1531
5	329
7	124
18	991
0	921
0	845
0	896
0	536
0	358
0	1728
0	436
0	204
0	628
0	181
12	478
5	620
105	586
5	63
0	305
2	44
9	256
0	77
0	10
0	27
0	316
0	62
0	116
0	412
0	228
3	314
0	76
0	29
0	76
8	316
0	176
0	16
0	16
0	2
0	3
0	4
0	3
0	2
0	2
0	2
0	20
0	4
0	175
0	91
1	333
596	471
1	204
0	129
1	63
3	422
1	103
4	1
0	42
0	26
0	205
73	239
1	203
0	77
0	73
1	13
0	17
0	14
0	12
0	15
0	11
0	11
0	4
1	2
0	1551
2	983
23	343
0	355
1	883
2	720
0	459
0	786
2	658
0	669
0	674
15	512
0	494
0	315
7	0
0	0
0	0
0	0
0	0
0	146
0	334
12	124
0	303
1	93
1	129
1	274
0	260
0	102
0	148
8	115
0	91
10	76
4	65
0	719
0	717
0	1017
25	1009
3	90
0	0
0	1
0	1
0	1
0	0
0	1
0	0
0	1
0	0
0	160
0	131
349	914
3	164
0	80
0	860
0	89
0	227
0	100
0	176
0	9
0	210
1	219
0	0
0	0
0	1
0	0
0	2
0	0
0	1
156	427
6	427
0	0
0	0
0	0
0	0
0	0
0	0
0	0
0	0
0	0
0	0
0	0
0	0
0	0
0	2
0	0
0	0
0	1
0	2
0	1
7	345
2	667
30	773
1	323
17	44
1	612
2	222
7	510
0	604
0	252
0	329
2	255
0	159
0	407
2	294
2	148
5	190
0	97
7	795
0	795
3	15
0	81
1	6
0	29
0	10
0	55
0	97
66	205
26	25
44	182
94	1309
49	1214
0	1263
0	1204
1	1024
0	1021
0	622
1	30
0	40
1	39
0	9
0	8
0	10
3	2
0	2
1	143
0	23
0	93
0	48
0	19
0	154
1	31
1	143
0	109
0	96
0	0
18	221
7	40
0	28
0	20
0	4
1	52
15	12
0	45
12	8
0	51
1	55
0	19
0	18
1	15
0	33
3	0
0	2
0	3
0	30
0	0
0	0
1	172
4	139
1	90
0	27
0	53
3	46
2	23
2	23
0	165
1	17
0	3
0	165
196	0
1	21
0	18
0	16
0	14
0	5
0	3
10	11
0	8
0	114
132	118
0	58
0	41
0	41
18	58
0	34
2	109
0	135
0	168
0	205
0	205
0	195
0	148
0	167
0	164
0	167
0	164
2	156
0	141
0	102
0	30
0	71
0	0
1	97
0	87
0	1
0	0
0	0
0	0
0	0
0	0
0	0
0	1
0	1
0	154
1	140
0	114
0	69
0	41
0	62
0	5
1	3
0	2
0	0
0	1
0	1
0	0
1	0
0	2
1	11
0	73
0	5
0	73
0	0
0	0
0	0
0	0
0	0
0	0
0	0
0	0
0	0
0	0
0	0
1	127
0	89
3	125
4	4
0	59
2	6
0	23
1	143
4	143
3	142
0	0
0	0
0	0
0	0
0	362
0	63
0	51
0	20
1	201
0	329
0	401
1	225
0	265
0	363
1	184
0	212
0	41
0	718
0	1225
11	1099
0	1225
12	421
0	83
2	50
3	180
0	306
0	275
0	313
0	29
0	364
3	163
0	163
2	333
1	162
0	153
0	196
0	189
130	10
3	10
0	4
18	9
0	5
0	0
0	1
0	0
0	67
0	49
1	51
0	35
0	23
0	52
0	67
0	1
0	0
0	2
0	2
0	5
0	17
0	2
0	0
0	1
2	246
2	249
0	15
0	35
2	21
0	51
1	218
0	257
0	232
1	48
0	71
0	88
0	36
4	31
5	71
5	48
0	32
0	59
0	264
0	255
0	14
0	14
1	13
0	11
0	14
0	11
0	0
0	0
0	0
0	0
0	108
3	119
0	40
0	38
1	38
49	73
0	66
0	6
0	270
0	622
0	6
0	76
0	20
0	64
0	8
0	605
1	593
0	70
0	77
0	75
0	77
0	7
0	9
0	16
0	0
0	0
0	0
0	0
0	0
0	14
0	1
0	1
0	1
0	1
0	16
0	18
0	15
0	7
0	16
0	16
1	39
0	233
1	44
0	101
272	390
0	68
0	72
0	48
63	20
1	15
8	21
8	60
0	10
0	8
0	68
0	5
0	10
0	0
50	25
0	24
1	10
0	16
0	14
0	18
3	272
0	230
0	270
20	265
0	0
0	0
0	0
0	3
0	0
0	0
0	0
0	0
0	0
0	0
0	0
0	0
0	3
0	2
0	2
0	44
0	19
1	44
0	15
2	15
1	15
0	0
0	3
0	0
0	2
0	2
0	0
0	0
0	145
0	141
0	147
0	141
0	147
0	113
0	105
0	75
2	80
0	11
0	10
0	13
0	18
0	9
0	16
0	9
0	0
2	0
0	6
1	6
8	0
0	0
0	273
0	285
0	277
0	37
1	192
17	306
0	285
0	42
0	2
12	83
1	44
0	66
1	0
0	42
0	41
3	39
0	33
0	23
0	24
25	15
0	85
0	78
1	32
1	63
0	17
1	0
0	5
0	36
0	28
0	14
0	12
1	5
4	7
0	5
0	5
0	5
0	3
0	2
0	0
0	1
0	1
1	237
0	155
0	237
0	600
0	596
0	473
0	711
2	330
0	596
0	599
0	156
1	596
0	448
0	1470
0	1455
0	1409
0	1433
0	1424
1	1268
0	650
0	696
0	511
0	375
0	328
0	264
0	157
0	120
0	122
0	531
0	81
0	457
0	529
0	527
0	549
0	532
0	524
0	534
0	538
0	522
1	472
0	507
0	516
0	514
0	510
0	426
0	449
0	384
0	154
0	141
0	54
0	74
1	56
1	7
6	115
80	115
0	8
0	9
0	11
0	16
0	1
0	0
0	1
0	16
0	1
0	3
0	4
0	3
0	3
0	5
0	5
0	0
0	0
0	0
0	0
0	1
0	1
5	4
0	1
0	0
0	303
1	311
1	316
0	80
2	97
1	113
0	69
3	68
3	62
15	52
1	48
1	152
1	139
1	54
0	14
0	27
0	11
0	15
0	0
0	0
0	0
0	0
0	0
0	0
0	0
0	0
0	80
0	33
0	33
0	1
0	0
0	0
0	1
0	33
0	168
3	165
17	73
0	42
1	16
359	55
1	58
0	50
0	2
0	1
0	2
0	0
1	0
1	155
3	157
0	2
16	5
0	148
0	54
0	348
0	179
0	360
1	97
0	149
0	62
16	172
2	177
0	25
0	25
0	0
0	0
0	579
66	361
3	376
1	308
5	574
1	349
2	517
3	303
0	528
0	349
0	55
1	134
0	93
0	134
0	130
0	93
0	112
0	147
0	99
0	53
0	20
0	8
3	38
0	21
0	119
0	107
0	120
0	14
0	229
1	268
0	242
9	206
0	98
0	6
314	426
2	278
3	152
0	144
0	103
0	74
0	42
0	6
0	61
7	165
1	176
0	175
0	189
66	107
2	73
0	112
3	395
0	394
0	215
2	184
0	176
0	0
1	10
0	1
0	1
3	1
0	0
0	0
1	0
0	0
0	10
1	10
0	1179
3	238
2	4
0	0
1	113
0	1040
0	0
0	112
8	438
1	857
1	93
0	195
0	137
0	63
0	70
0	162
1	26
0	108
2	44
0	0
164	1455
15	1353
16	779
0	472
1	154
108	0
0	0
0	9
1	130
0	2
1	7
0	130
0	93
1	99
0	2
0	2
0	2
0	1
0	2
0	0
25	1379
0	40
0	27
0	941
60	1349
0	1353
1	904
0	431
0	555
0	33
0	37
0	528
6	381
0	38
0	32
1	152
0	519
0	106
0	124
0	23
0	46
0	48
0	34
0	63
0	32
1	26
15	201
2	93
2	37
0	9
411	44
1	23
0	156
0	228
3	11
2	7
0	226
30	225
0	229
0	172
0	218
0	226
0	229
0	11
0	1
0	2
0	2
0	2
0	1
0	1
0	0
0	0
143	285
1	101
4	105
0	92
1	50
0	10
0	283
0	285
0	0
0	0
0	370
0	595
0	365
1	158
0	526
0	181
0	492
0	223
0	232
5	81
2	546
7	96
0	537
6	230
0	185
2	112
17	23
0	135
0	596
0	565
0	526
0	524
0	527
0	21
0	22
0	1
0	5
0	4
8	17
0	1
0	1
0	3
0	3
0	2
0	0
0	0
0	2
0	0
0	0
0	0
0	0
0	1
0	1
0	0
0	1
0	0
2	2
0	170
2	3
0	17
0	29
1	170
0	8
0	823
79	622
0	602
0	531
0	505
4	105
0	89
0	74
16	218
0	118
51	494
0	410
0	10
0	177
263	161
1	161
0	0
0	0
0	0
1	2
2	191
2	198
0	196
0	114
0	15
0	16
0	7
0	5
0	86
67	149
2	47
1	100
0	1
0	1
2	0
0	14
8	22
2	16
0	1
1	1
1	3314
0	3395
0	415
0	626
0	44
0	246
0	883
0	173
0	173
2	0
2	203
3	939
3	1324
49	342
0	119
0	3396
0	714
0	4796
0	3879
0	2314
0	3101
0	1751
0	2800
0	2956
0	3060
0	1340
0	1324
0	1326
26	243
0	1240
9	1144
3	1212
1	155
0	127
1	29
0	16
0	71
52	23
0	41
0	58
0	114
1	4
2	0
1	239
0	287
0	269
1	303
13	114
0	103
0	7
0	0
0	0
0	1
0	1
0	7
0	7
0	0
0	0
0	0
0	0
0	0
0	0
0	0
0	117
0	117
0	101
0	95
3	77
0	17
0	39
0	38
0	23
0	15
0	5196
0	4700
0	5012
0	4274
0	4784
0	5069
0	4789
0	4890
0	4968
0	4992
0	4802
0	5017
0	4305
0	4181
0	4328
244	147
0	139
0	103
0	44
2	44
0	16
1	29
3	0
6	96
1	108
246	34
0	246
0	145
4	251
4	79
1	6
1	13
0	49
0	19
1	15
2	0
0	39
0	32
0	4
0	6
0	40
0	4
0	27
0	8
0	39
0	35
0	205
963	1818
1	1683
598	515
13	1584
0	316
2	528
0	249
0	346
7	219
1	506
4	432
6	213
0	388
0	117
0	5
1	70
1	52
0	408
0	395
0	54
1	764
13	645
0	83
0	75
0	43
31	193
0	63
0	20
16	282
0	208
0	82
2	29
3	621
3	78
0	1435
1	315
0	1
8	1162
0	1396
0	1063
0	1157
0	643
0	1
0	1385
0	994
0	549
0	506
0	464
2	35
0	0
3	425
0	96
398	688
0	194
1	465
0	543
0	0
1	339
0	0
0	0
50	4
31	73
1	73
0	73
0	60
0	3
0	0
0	0
1	1
0	1
0	0
0	0
6	445
0	445
0	6
0	10
0	0
0	65
0	1168
51	1096
0	1202
1	1174
7	1038
10	384
0	325
2	300
0	224
0	166
0	73
2	53
1141	371
0	371
0	0
0	2
0	2
0	2
0	2
0	0
0	1
0	1
0	0
0	0
0	0
0	0
0	0
0	0
0	0
0	0
0	0
0	0
0	0
0	0
0	0
0	0
0	0
0	160
0	164
7	40
0	14
0	25
0	25
0	13
0	0
0	13
0	268
0	267
2	51
0	19
0	15
0	81
1	177
0	177
0	74
1	38
0	151
3	43
0	37
4	4
0	161
0	120
8	86
0	72
0	81
1	45
0	49
0	32
2	27
81	23
0	30
0	27
24	4598
0	4490
0	4353
0	4301
0	4307
0	4209
0	4425
10	670
19	704
1038	705
1	20
0	7
0	0
0	0
0	4476
1	4472
0	3869
0	3958
0	2717
0	6
1	27
13	1
214	137
0	115
27	18
0	8
0	251
0	268
1	267
0	281
0	226
14	122
0	135
11	57
0	12
0	12
0	2
0	2
0	0
7	4
0	4
0	3
0	0
0	27
0	31
0	262
0	34
0	205
0	100
0	56
64	345
0	54
1	81
0	41
5	318
0	29
0	37
1	44
0	97
0	260
0	293
1	25
0	64
4	5
1	46
4	43
0	3
0	37
0	23
0	26
0	8
24	35
0	33
0	10
0	9
0	5
0	180
0	739
24	733
2	483
0	92
0	39
0	26
1	38
0	3
0	1
21	11
0	1
1	6
0	0
0	6
0	0
0	0
0	6
1	6
0	1
0	0
0	0
0	0
0	0
0	0
0	0
0	0
0	0
0	0
0	0
0	0
0	0
2	4
0	4
0	0
0	0
1	4
12	82
2	82
0	95
0	130
0	333
4	282
0	112
2	49
1	187
0	165
2	186
0	103
0	90
0	0
0	0
0	0
0	0
0	0
0	0
0	1324
0	1414
0	1869
0	1975
0	1893
0	1964
0	1967
0	1965
0	1907
0	1965
0	1922
0	1930
0	1942
0	1937
0	1932
0	1965
0	1967
0	1910
0	1910
16	1911
0	1968
0	1908
0	1906
0	1892
0	249
0	1271
18	1310
1	460
0	183
0	230
0	184
0	118
0	56
2	28
0	38
0	0
63	278
0	242
1	46
0	39
0	80
0	35
0	29
0	14
0	0
0	1
0	8
0	12
0	69
31	807
0	812
0	134
1	64
1	37
1	32
1	24
0	59
5	141
0	40
0	37
0	35
0	37
0	17
0	11
0	19
0	5
8	5
0	3
46	16
16	13
1	2
0	10
6	4
8	2
0	426
0	428
0	444
1	451
1	174
0	87
0	44
0	50
2	34
0	35
15	93
0	99
0	19
17	345
0	314
17	294
5	293
0	117
2	136
36	339
11	245
0	57
0	246
0	230
2	161
0	189
1	136
0	128
0	35
1	47
0	35
1	11
0	8
0	317
0	275
0	221
0	251
0	259
0	237
12	204
0	120
0	58
0	41
4	0
0	0
0	3
0	3
0	3
0	3
0	1
0	3
0	0
0	0
17	1175
0	1186
0	490
0	114
1	186
0	588
0	282
1	296
0	532
0	388
224	0
0	0
0	0
0	442
0	448
0	459
0	476
0	479
0	463
0	440
0	395
0	456
0	55
0	409
0	366
0	416
0	321
0	254
17	351
1	338
0	191
0	202
1	120
0	148
1	44
83	342
0	323
0	442
0	97
0	341
0	420
0	398
0	0
0	45
0	85
0	45
0	20
0	17
0	12
0	15
0	13
0	0
0	0
0	0
0	0
0	0
0	0
0	0
0	0
0	0
0	0
0	0
0	0
0	0
0	0
0	0
0	0
0	0
0	0
0	0
0	0
0	0
0	0
0	5519
0	4688
0	807
1	1971
0	571
0	4265
33	5988
28	4867
0	236
0	4764
0	1211
2	806
0	4392
0	977
3	4690
2	297
0	276
0	4101
4	760
0	0
0	52
2	1844
0	12
0	12
0	12
0	13
0	4
0	2
0	13
0	0
0	0
0	24
1	257
368	338
0	116
0	13
0	53
0	50
3	40
0	7
0	7
0	4
0	3
0	3
0	0
0	0
0	0
0	0
0	0
0	2
0	2
0	2
0	0
0	0
0	0
0	0
0	0
0	0
0	322
0	322
42	323
0	24
148	221
1	138
0	8
0	1
0	37
0	61
0	48
261	820
0	258
0	229
0	277
0	116
0	258
0	257
0	178
1	207
0	107
0	36
8	85
0	84
0	13
0	2
0	9
0	10
0	14
0	5
0	15
0	15
87	13
4	13
409	0
0	27
0	21
0	14
0	11
0	4
0	3
0	0
0	0
0	0
1	3
0	1
0	1
0	0
0	1
0	0
0	0
0	0
0	0
0	0
0	269
0	250
4	264
0	261
0	261
0	250
1	259
0	0
0	0
0	0
0	60
10	123
4	101
0	326
0	349
0	290
20	120
0	40
0	118
8	16
27	8
10	37
0	171
33	49
0	295
0	305
0	307
0	305
1	305
0	45
2	49
2	24
0	31
0	21
0	5
1	0
3	5
0	233
0	410
0	407
0	409
0	405
0	331
13	89
0	29
0	53
0	92
0	40
0	110
0	108
0	99
0	322
0	289
0	94
1	112
3	34
0	91
4	90
0	65
1	94
0	227
0	53
3	118
3	118
3	20
0	5
0	5
0	16
0	17
0	0
0	0
0	0
0	0
0	0
0	0
0	0
0	0
0	0
0	0
0	0
0	0
0	2525
1	2708
14	45
1	293
0	2880
6	2635
2	201
1	396
1	2228
0	56
7	451
0	393
3	14
0	50
4	165
1	1950
105	2062
0	155
1	169
5	518
8	483
0	4
0	2
0	2
0	4
0	4
0	4
0	2
0	2
0	2
0	4
0	0
0	2
0	2
0	2
5	2640
37	3350
35	3384
1	3019
0	0
13	764
0	1230
7	1902
4	2326
7	1787
21	1221
249	860
0	75
0	71
36	798
2	443
0	172
10	3
0	291
0	42
0	167
0	173
3	33
2	99
0	400
0	4
0	54
0	327
0	308
0	314
0	210
0	157
0	217
0	208
0	214
0	199
1	215
0	224
0	173
0	227
0	219
0	218
0	214
0	104
0	122
0	123
0	34
0	87
0	107
0	96
0	68
0	95
0	57
0	58
0	52
0	66
0	29
0	27
1	26
0	3
6	12
0	10
2	1
0	0
49	159
0	60
0	130
0	159
0	129
0	110
0	29
1	29
0	0
0	6
0	5
0	5
0	5
0	4
0	0
0	0
31	663
18	634
0	663
1	256
10	926
49	916
0	227
2	285
0	0
0	0
0	0
0	0
0	0
0	0
0	11
2	9
0	11
116	288
0	232
13	257
0	0
0	0
0	0
0	0
0	80
0	279
0	278
0	282
0	321
0	279
0	288
0	284
12	236
0	281
0	244
0	324
0	255
0	239
0	229
0	151
0	195
0	161
0	113
0	128
0	124
0	105
0	91
0	91
0	112
0	85
0	97
11	97
0	98
0	100
0	76
0	95
0	88
0	28
0	53
0	67
2	75
0	33
0	69
0	38
0	68
0	62
0	26
0	46
0	24
0	26
0	29
0	24
0	23
4	11
4	9
0	9
10	23
0	59
68	0
0	0
6	42
7	161
8	142
6	68
0	93
10	30
1	83
6	21
0	31
0	0
0	0
0	0
0	0
0	0
0	0
0	0
0	0
0	0
0	0
0	0
0	47
0	620
0	306
0	70
0	59
0	71
0	2
0	25
0	38
0	8
0	20
7	0
4	615
14	145
0	75
1	78
0	48
2	71
0	96
0	98
0	93
0	93
0	74
0	91
0	47
7	25
0	6
0	3
0	325
157	270
5	91
0	16
0	42
2	24
1	27
0	6
0	10
0	132
0	32
0	27
0	33
1	16
0	39
0	30
1	32
18	7
0	7
636	46
18	6
7	40
2	501
0	12
0	19
0	257
147	0
0	0
0	0
0	0
0	0
0	0
0	0
0	0
0	20
0	6
0	6
0	7
0	5
0	5
0	6
0	20
0	4
0	4
0	8
0	3
0	3
0	1
0	80
0	59
39	168
0	13
1	170
0	68
0	54
1	8
0	18
0	9
0	13
0	7
264	0
0	0
0	0
0	621
0	604
0	404
0	85
0	277
20	183
0	0
1	620
0	670
0	181
0	0
0	444
0	470
0	65
0	124
1	161
1	2
0	365
0	358
0	42
0	93
0	61
2	279
1	260
1	1788
0	1746
2	1790
1	385
0	10
0	15
0	10
3	3
1	1743
0	304
31	1814
1	126
0	145
0	64
0	119
1	119
2	322
3	154
0	180
4	238
0	150
1	183
6	90
0	57
0	281
7	107
0	144
0	120
1	174
4	28
0	92
17	1
0	1
0	21
0	5
0	2
0	165
3	27
0	169
0	169
0	833
0	309
0	70
0	191
5	122
0	77
0	4
0	4
0	6
0	0
1	6
1	3
1	105
0	107
0	0
0	0
0	205
0	207
0	9
0	5
0	12
0	26
0	12
0	7
0	24
0	14
2	202
0	203
0	1
0	5
0	3
0	13
0	202
7	370
0	364
1	88
0	266
0	132
0	236
0	66
0	68
0	61
0	53
3	207
1	207
0	138
0	174
0	173
0	165
0	170
0	172
0	168
0	98
0	97
0	172
0	171
0	88
2	47
0	6
0	3
0	5
0	4
0	2
0	1
3	180
0	172
0	16
0	1
0	19
0	36
0	159
0	28
0	1182
0	1175
0	152
2	1313
0	1230
190	1415
0	153
0	157
1	383
8	147
0	142
0	172
6	180
0	1451
0	182
11	194
2	192
1	311
0	307
0	98
0	448
6	1444
3	412
0	28
0	145
0	7
5	1072
18	984
0	177
0	456
0	285
0	4
0	4
11	83
1272	83
0	35
530	42
2	29
9	169
1	169
0	49
0	161
0	169
0	3
0	3
0	3
0	2
0	0
27	670
0	1062
0	562
3	365
0	204
3	180
0	117
1	112
0	82
0	24
0	54
1	458
0	40
0	43
2	416
4	283
0	420
0	426
1	361
1	40
0	44
0	48
2	3
5	43
0	71
0	0
1	33
1	3
0	0
0	0
0	0
0	0
0	0
0	0
0	0
0	0
0	0
1	0
0	0
0	0
0	0
0	0
0	0
0	0
0	0
0	30
0	556
2	547
0	33
2	530
0	557
0	32
0	39
0	558
0	20
0	33
0	38
0	23
0	2
1	3
1	3
0	1
0	72
1	517
0	454
0	49
0	30
0	23
5	32
0	20
0	556
0	0
0	0
0	0
11	3
0	0
0	3
4	0
4	85
0	85
5	31
0	0
0	0
0	0
0	0
1	228
0	383
0	232
1	236
0	269
1	49
21	363
3	35
15	41
80	164
0	150
1	1
0	146
0	21
0	16
0	19
0	3
1	119
0	365
0	565
0	560
0	538
0	421
0	548
0	566
0	561
0	403
0	444
0	339
0	426
0	231
0	373
0	353
0	311
0	318
0	309
0	228
0	292
0	293
0	281
1	82
0	111
0	220
0	86
0	133
0	162
0	74
0	157
0	163
0	124
0	134
0	117
0	100
0	113
0	102
0	69
0	66
1	22
1	53
0	38
0	26
0	0
0	0
1	5
0	5
0	32
0	19
0	32
0	32
0	1
0	1
0	0
793	661
2	213
0	447
0	0
0	0
0	0
0	0
731	470
3	280
0	425
4	183
0	345
0	144
0	96
2	126
1	111
1	111
0	101
0	89
0	52
0	75
1	74
0	71
0	64
0	39
0	1
1	1
0	2
7	2
0	1
0	0
0	1
0	1
0	0
0	0
0	0
0	0
1	151
7	143
2	153
0	38
0	73
0	53
1114	544
0	509
0	181
1	26
0	30
5	26
0	206
0	180
1	197
1	66
1	12
0	0
0	0
0	0
0	0
0	0
0	0
0	0
0	0
0	0
0	263
0	262
0	249
0	76
6	47
0	185
0	0
4	1
0	18
0	0
0	250
3	48
10	42
3	71
6	73
0	96
0	58
1	28
0	23
2	0
375	571
0	555
4	120
1	86
0	60
1	8
0	1
0	1
0	1
6	20
0	18
0	3
3	2
0	1226
0	0
0	0
0	300
0	300
0	24
0	285
0	261
0	282
1	235
0	265
0	248
0	260
0	252
0	242
0	288
0	256
0	249
0	271
0	220
0	246
0	290
0	242
0	288
0	288
1	226
0	48
0	79
0	198
1	159
0	111
0	105
0	149
0	158
0	118
0	127
0	133
0	140
0	133
0	135
0	99
0	126
0	153
0	119
0	52
0	18
0	43
0	61
0	25
0	67
0	6
0	45
2	70
0	38
0	65
0	59
0	76
0	52
0	55
1	23
0	56
0	25
2	31
0	31
0	3
0	0
0	0
0	0
0	0
0	0
0	0
0	0
0	0
0	0
0	0
0	0
0	0
0	0
0	0
0	0
0	1
0	2
0	2
0	2
0	0
0	0
0	1
0	2
0	1
0	0
7	748
9	773
17	80
0	280
0	280
0	50
7	125
11	276
0	118
0	20
0	174
0	43
0	55
0	15
0	759
0	231
9	236
0	170
0	198
0	18
0	16
0	0
1	3
160	67
3	13
0	18
0	11
0	47
0	1
1	4
0	4
0	0
8	343
0	8
5	343
2	21
0	29
0	0
1	134
0	240
0	10
0	9
46	192
2	192
0	18
0	70
0	1
0	0
1	38
0	49
0	70
0	98
4	107
0	172
0	171
0	175
0	373
0	378
0	370
0	374
2	381
0	380
0	367
0	372
0	376
0	370
0	359
0	359
0	373
0	317
0	21
0	7
0	291
0	265
0	36
0	226
0	238
0	204
0	207
0	205
0	204
0	167
0	160
0	116
0	21
0	1
0	1
0	1
0	0
0	0
250	0
0	331
0	427
0	258
1	24
0	30
1	50
0	324
7	375
0	0
0	0
0	0
0	0
0	0
0	0
0	189
2	189
0	0
0	0
0	0
0	243
0	252
0	28
0	24
0	29
0	16
0	24
42	9
0	587
5	587
0	27
1	0
0	0
0	0
0	0
1	0
0	0
5	0
5	0
0	0
0	0
320	0
1	0
2	4
1	4
8	0
1	46
36	46
332	0
0	0
0	14
0	11
0	132
11	155
0	163
0	159
0	58
0	22
0	105
0	64
0	62
0	37
0	69
0	29
0	12
36	11
0	130
163	1077
19	1032
1	326
4	284
0	233
0	0
0	0
0	0
0	0
0	0
0	0
0	0
26	33
0	33
0	1701
10	1808
0	1733
0	672
0	1612
0	729
0	706
0	537
23	229
0	359
0	271
0	255
0	233
0	226
0	222
0	213
0	123
0	176
3	0
0	259
0	356
0	340
2	279
1	263
0	49
3	196
14	110
0	20
1	21
0	2
0	6
2	173
0	10
1	823
2375	995
11	879
1	153
0	148
0	372
0	13
0	0
0	253
0	255
0	25
0	185
0	29
0	149
1	26
0	253
0	18
0	20
1	14
3	18
0	0
5	1040
0	430
0	1081
4	1079
0	1011
1	858
0	1041
26	780
0	984
8	1093
4	771
0	147
2	908
0	0
0	0
0	56
0	188
0	0
0	73
1	106
1	136
0	97
0	47
0	42
2	52
0	71
0	0
0	0
0	0
0	118
0	98
0	676
6	739
1	550
0	21
0	739
0	59
0	0
0	9485
0	5610
0	7990
0	16
0	16
0	16
0	16
0	32
2	32
25	2311
51	2311
10	86
1	395
0	86
0	427
1	228
0	114
11	1
0	1
0	16
0	16
0	14
0	13
7	5
0	0
3	52
0	45
0	200
0	177
3	49
3	128
2	13
0	30
171	35
2	21
0	6
0	8
0	6
0	934
1	931
0	65
2	727
0	4888
0	173
0	3161
0	4841
0	3416
0	2935
0	2877
0	2565
0	4065
0	1868
73	150
0	138
0	13
0	15
1	150
0	12
0	17
0	19
0	139
0	149
0	15
0	151
0	14
0	10
0	0
0	8
0	4
0	12
0	19
0	0
0	3
0	3
0	3
0	0
0	5
0	3
0	5
0	0
0	3
0	0
0	34
5	90
0	72
0	71
0	55
0	22
1	14
0	11
0	9
0	7
0	1
0	18
0	14
0	954
2	29
0	29
0	25
0	6
0	7
0	1
0	779
0	710
1	728
0	616
0	22
0	25
0	142
1	116
0	77
0	88
2	33
0	6
0	7
0	1
0	1
0	33
0	176
0	145
0	0
0	0
1	51
1	1
0	52
0	47
0	17
0	6
1	11
0	40
0	7
0	29
1	1
0	88
5	480
1	240
0	85
0	410
1	106
0	55
0	12
44	61
0	59
0	11
0	9
0	14
0	10
0	0
0	14
0	16
0	14
0	6
3	8
0	0
0	0
108	140
0	23
2	70
0	46
1	19
0	186
0	158
0	182
0	250
0	246
10	180
2	91
2	313
0	81
0	144
0	316
1	311
0	310
300	386
4	366
0	393
6	0
0	44
0	58
0	38
0	37
0	19
0	16
2	19
0	113
0	90
0	23
0	15
1	20
0	20
3	8
1	8
0	8
0	8
0	8
0	8
0	6
0	7
0	2
0	2
0	2
0	0
0	0
0	52
357	211
4	205
1	5
0	26
0	28
0	39
0	70
0	65
1	41
4	65
11	31
0	37
0	46
0	58
0	0
0	0
2	0
0	0
0	0
0	0
0	0
0	28
4	272
0	658
0	648
2	414
0	50
0	14
3	31
0	49
1	4
0	44
0	6
0	22
0	21
0	94
0	96
0	27
2	25
0	96
2	442
28	442
0	118
0	5
0	4
0	4
0	0
10	41
0	133
0	122
109	145
0	18
0	35
1	7
0	25
0	244
0	251
0	234
330	296
2	281
0	75
420	14
10	371
0	371
0	37
1	12
0	100
0	20
246	378
2	0
0	60
10	51
2	16
0	335
35	20
0	20
0	20
0	20
0	20
0	20
0	5
0	3
0	1
0	0
0	0
0	0
0	0
0	0
526	2
0	5858
0	2541
54	1989
0	4918
0	4294
0	5559
0	516
0	3740
0	2839
0	3509
0	2239
0	5852
0	4648
0	1379
2	1151
0	37
269	113
0	89
0	44
0	59
0	17
0	42
1	12
0	3
0	77
0	3
0	2
0	4
0	4
0	77
0	2
0	17
0	77
0	11
3	8
0	0
0	0
2	0
104	9
0	3
2	6
1	816
0	716
0	199
3	246
0	772
4	801
0	895
0	628
1	659
0	792
1	475
0	314
0	36
1	170
3	0
0	801
0	726
0	157
1	124
0	291
0	243
1	242
0	0
0	0
0	0
0	0
0	2
3	107
0	19
675	179
1	37
0	61
2	4
4	1392
0	1218
1	1090
2	1336
0	227
0	366
1	253
0	146
2	58
0	180
0	61
0	90
1	36
4	34
2	23
28	132
9	112
0	1
0	0
114	5
0	5
0	0
0	0
0	0
162	279
0	228
1	239
0	216
1	80
2	48
3	37
0	41
0	246
0	452
0	479
0	231
0	35
0	36
0	48
2	18
0	15
0	0
0	0
0	0
0	94
27	60
29	44
0	114
0	57
0	36
1	84
2	86
2	34
22	46
2	24
1	14
8	0
0	10
0	16
0	16
6	12
20	13
17	24
0	24
0	6
0	1
0	2
0	0
0	0
0	0
0	0
0	1
0	1
0	0
0	0
0	0
0	0
0	0
0	0
0	0
0	0
0	0
0	0
0	0
0	0
0	19
0	19
0	0
469	911
16	911
0	61
2	6
0	268
0	109
3	72
102	39
0	18
1	17
0	16
0	24
0	25
69	25
1	69
3	31
0	386
0	225
0	169
7	42
3	29
0	80
1	140
0	102
2	232
0	35
0	354
0	243
0	219
0	275
4	278
16	76
9	123
0	0
0	0
0	0
0	0
0	0
0	2
0	3
0	4
0	4
3	0
0	0
0	0
0	0
0	0
0	0
0	0
0	0
7	407
0	437
0	484
2	417
0	434
0	490
3	39
2	29
0	28
1	89
2	47
0	29
16	46
0	22
3	5
0	108
0	8
0	93
6	72
0	250
0	123
0	118
0	121
1	4
0	52
0	18
1	28
0	231
0	101
0	33
0	36
0	28
0	42
0	44
0	39
0	9
5	5
0	1
1	5
0	5
1	3
0	5
0	5
0	3
0	3
3	27
0	1
0	36
0	31
3	11
0	0
0	0
667	179
0	179
0	1
0	1
0	1
0	1
0	0
0	0
0	1
0	1
0	2
0	1
0	1
0	1
0	0
0	1
0	2
0	0
0	1
0	0
0	1
0	0
0	1
0	0
0	0
0	0
0	0
0	1
0	0
0	1
0	0
0	1
0	0
0	2
0	0
0	2
0	1
0	1
0	1
0	0
0	1
0	0
0	1
0	1
0	1
0	1
0	0
0	1
0	1
0	1
0	0
0	1
0	1
0	0
0	0
0	0
0	0
0	0
0	0
0	1
0	1
0	1
0	0
0	2
0	0
0	1
0	1
0	1
0	0
0	0
0	0
0	0
0	0
0	0
0	0
0	0
0	0
0	0
0	0
0	0
0	0
16	1532
0	1445
0	1306
10	423
0	352
4	112
0	168
0	236
0	332
0	171
1	154
4	51
0	168
0	394
2	51
0	300
0	98
4	151
22	223
0	171
4	167
0	228
1	103
0	84
0	300
0	156
1	107
0	61
2	72
0	55
0	120
4	296
0	1
0	0
0	2
0	1
0	1
0	2
0	2
0	1
445	34
2	56
0	172
0	141
7	219
0	0
0	0
0	23
234	64
0	14
0	47
0	31
0	42
2	15
0	11
0	13
0	466
1	1095
0	1101
0	1103
4	1069
0	1108
0	1107
1	1061
0	1082
0	1090
0	633
0	636
0	69
0	119
0	611
4	664
2	601
0	112
6	414
0	134
0	84
0	114
0	95
1	122
0	42
0	29
1	71
0	84
0	10
1	54
1	6
0	0
0	0
0	0
0	1
0	1
0	1
0	1
0	1
0	19
0	235
0	224
0	18
0	16
0	22
0	9
37	265
0	2
0	3
0	2
0	3
0	3
0	24
0	236
0	18
0	32
0	241
1	258
0	24
0	201
0	190
0	264
0	226
0	231
0	246
0	118
0	244
0	204
0	221
2	172
0	150
0	96
0	1
0	1
0	3
7	5
0	2
1	23
9	41
4	20
10	18
0	18
0	0
0	0
0	0
0	0
0	1
0	1
0	0
4	334
0	356
4	359
26	331
0	332
0	357
2	5
0	0
0	0
41	694
0	5
0	473
0	461
0	445
0	326
1	29
0	199
5	327
0	315
0	54
0	41
0	29
0	1
0	103
0	276
0	286
0	63
1	84
2	71
2	44
0	0
0	105
0	81
3	85
0	46
0	77
20	112
0	50
1	0
0	0
0	0
0	0
0	0
0	0
0	0
0	3
0	3
0	1
0	0
853	340
0	61
0	81
0	13
0	223
0	4
0	0
0	1
0	3
0	3
0	1
0	0
0	0
0	8
0	8
0	9
49	49
0	24
1	42
0	25
0	30
0	5
145	76
0	76
1	64
1	26
0	0
0	0
2	80
0	285
0	271
0	289
0	61
0	62
0	39
0	35
1	35
0	16
0	20
10	29
0	1194
0	1194
1	295
0	577
0	1047
34	490
0	1069
0	575
0	1069
0	1006
0	1059
0	491
0	352
0	504
0	233
0	864
0	618
0	66
0	59
2	59
0	530
0	36
0	111
4	653
0	33
0	456
0	106
0	413
0	563
2	8
0	1
0	7
0	7
0	2
0	104
6	41
0	89
0	62
0	6
0	15
0	4
0	15
0	12
0	3
0	3
0	1
0	1
1	0
0	0
0	0
1	214
0	371
0	112
3	396
0	369
2	225
0	307
0	287
0	291
0	230
1	250
0	293
0	275
1	142
0	133
1	1
1	121
0	111
0	136
0	28
0	38
0	2367
1	46
0	308
0	555
0	1780
0	2407
0	491
1	425
0	423
0	384
2	2312
0	865
0	765
0	504
1	504
5	299
0	1749
0	308
1	310
4	320
53	235
0	1652
1232	3520
0	132
0	216
3	3272
0	285
0	210
3	1392
2	1088
0	300
1	293
3	0
4	0
0	1
0	1
0	1
0	0
0	0
0	0
0	0
0	14
0	41
0	34
0	30
1	0
3	13
0	14
5	15
0	8
1	5
1	0
0	191
0	171
0	17
0	17
0	36
90	195
0	5
0	11
6	143
3	42
0	360
0	404
1	495
1	495
0	173
2	209
0	184
1	315
0	288
1	63
2	15
1	49
0	46
0	27
0	18
0	525
0	552
0	513
1	215
0	280
17	501
0	497
21	545
0	479
0	234
2	64
4	118
14	42
0	53
1	106
6	4836
0	5821
0	5820
17	5814
5	5916
0	5426
6	4180
3	5811
0	5809
1	6298
0	6410
0	6470
0	6145
0	6291
3	6183
0	6452
0	6452
0	1648
0	6738
0	5132
0	5495
0	6002
23	731
1	5447
0	1901
0	917
0	5221
0	5805
1	4568
7	941
0	1184
0	2024
1	1444
0	1438
0	3946
0	903
0	195
0	390
0	120
0	726
14	459
0	726
0	509
0	478
0	92
0	110
0	63
0	83
0	49
0	244
0	181
1	76
1	4950
0	1919
0	3489
0	76
1	54
56	73
0	57
0	10
0	45
0	10
0	73
0	60
0	0
0	0
0	77
0	1140
0	629
0	199
0	6
0	6
0	4
0	6
0	14
0	2
2	14
0	1
0	2
0	2
1	1
0	0
0	0
0	0
0	0
0	0
8	252
0	154
0	23
0	22
443	56
10	26
0	54
0	26
1	47
76	47
0	2
0	1
0	1
0	0
0	0
0	385
0	293
3	65
0	282
0	338
2	251
0	358
3	36
7	56
0	104
31	163
5	122
0	117
0	92
0	40
0	96
0	72
0	47
0	1366
5	1391
1	392
0	389
0	323
0	165
0	93
0	85
0	73
0	47
0	149
0	140
0	142
0	114
0	61
0	15
2	38
0	35
4	515
0	704
1	611
5	499
1	697
0	745
0	497
19	313
0	244
13	238
0	113
7	24
1	23
1	23
0	0
0	0
0	0
0	0
0	0
0	168
0	2389
0	293
446	3213
31	765
3	2655
0	3164
0	506
0	260
0	144
13	218
0	433
83	1284
0	570
8	85
9	899
2	134
30	2716
0	2607
20	2607
44	2074
3	1043
0	0
0	0
0	0
0	0
21	1865
4	2750
0	2843
1	2833
5	282
9	68
4	476
0	461
3	466
32	2770
0	0
0	0
0	0
0	0
0	0
0	0
0	0
0	0
0	0
0	0
0	0
0	0
0	0
0	0
0	0
0	0
0	0
0	0
0	0
239	105
0	84
0	41
1	54
0	27
158	31
1	977
0	95
3	748
0	949
1	56
1	112
0	48
156	195
0	48
0	36
0	61
0	172
0	76
1	161
0	148
0	79
0	36
2	165
0	2
0	42
0	12
0	106
0	0
0	0
0	11
0	14
0	43
1	2
0	42
0	41
1	40
0	11
0	11
0	17
0	12
0	40
1	1
0	0
0	0
0	0
0	0
0	1
0	1
0	1
0	1
0	919
0	901
0	267
0	194
0	556
0	566
0	57
0	11
22	19
3	10
1	414
0	913
0	799
0	957
65	245
0	229
1	604
3	1016
11	1107
0	1164
0	1112
1	168
3	0
0	212
1	194
0	271
53	797
33	131
9	256
3	268
10	72
2	99
0	117
0	111
0	109
0	33
1182	292
0	74
3	274
0	16
0	83
0	74
0	37
0	57
3	304
0	72
0	36
1	39
0	57
1	86
0	458
0	456
0	75
0	460
0	54
0	40
4	38
0	39
0	63
0	75
0	23
0	3
0	41
12	1
59	281
0	270
8	77
0	29
0	24
0	10
1056	162
0	163
13	29
3402	880
1	169
0	655
1	147
0	50
0	146
228	1391
0	1391
1	246
2	180
1	322
0	0
0	0
0	0
0	0
0	0
0	0
0	0
0	0
0	0
0	0
0	0
0	0
0	0
0	0
0	0
0	0
0	0
0	0
0	0
0	0
0	0
0	0
0	0
0	0
0	0
0	0
0	0
0	0
0	0
0	0
0	0
0	0
0	0
0	0
0	3490
0	659
0	988
0	1095
0	837
2	791
0	3665
4	529
2	597
23	403
0	1069
5	879
0	440
12	203
27	492
28	103
134	75
0	3666
0	3439
0	3361
8	30
0	30
2	559
0	110
0	472
1	500
0	114
0	168
0	500
0	493
0	490
0	483
0	437
0	347
0	490
0	500
0	490
0	167
0	493
0	526
0	501
0	489
0	486
0	494
0	468
0	174
0	500
0	97
0	502
0	246
0	178
0	490
0	490
0	498
0	75
8	484
0	179
0	46
0	436
0	468
0	0
0	0
0	0
0	0
0	0
155	0
1	2
0	136
15	268
0	210
0	95
0	165
0	640
0	203
0	235
0	235
12	561
2	566
1	556
1	192
0	339
0	271
0	160
243	191
0	138
0	163
0	161
0	157
0	163
0	163
0	162
0	146
0	141
0	160
1	142
0	155
0	168
0	163
0	176
0	109
0	170
1	170
0	168
0	150
5	13
2	34
0	146
0	158
0	187
0	155
0	168
0	155
0	157
1	11
0	153
0	76
0	108
0	115
0	111
0	115
0	109
0	97
0	115
0	108
0	119
0	114
3	11
0	80
0	1
0	262
0	274
1	310
0	252
0	280
0	115
5	67
0	26
0	64
0	8
0	109
0	129
0	114
0	59
0	32
18	0
0	0
0	127
146	208
4	201
0	68
0	65
0	35
3	27
0	0
1	0
0	821
0	141
1	129
0	120
0	154
0	79
1	144
0	63
0	126
0	75
0	281
0	220
0	231
0	224
9	402
0	274
0	1
7	93
52	93
0	15
0	22
0	11
0	14
0	33
0	99
7	79
6	121
0	2
0	40
0	18
0	123
1	10
0	15
0	7
0	20
0	7
0	55
0	25
4	39
0	19
0	1
0	10
0	6
1	10
13	24
0	0
0	0
0	0
33	1
0	0
1	47
12	46
32	331
0	292
0	350
0	342
0	367
0	52
0	287
0	353
0	323
19	11
0	0
0	71
24	78
0	126
0	129
0	0
0	143
0	192
0	104
4	47
0	60
0	1
7	73
0	62
1	64
0	0
0	0
2	56
2	68
0	220
0	218
0	197
0	197
1	216
0	98
0	121
1	48
0	70
0	45
1	29
0	3
1	12
0	0
0	10
0	0
0	8
0	12
5	5
0	10
0	4
0	8
0	9
0	4
0	1
0	40
36	198
0	52
0	83
0	57
0	77
3	103
35	26
1	1
0	3
0	26
1	14
0	6
1	5
0	5
0	13
0	0
0	0
294	201
20	201
143	432
3	22
0	410
0	33
138	576
0	515
0	561
1	89
0	59
5	73
0	48
0	46
3	39
2	31
0	15
0	516
0	7
0	8
0	8
0	7
0	4
0	4
0	0
0	0
0	1
0	1
0	1
0	1
0	5
0	2
0	5
0	0
0	2
0	0
0	1
0	5
0	5
0	1
0	3
0	4
0	0
6	24
2	41
0	127
0	69
1	22
0	71
1	24
0	34
0	29
0	22
0	125
0	0
0	0
1	0
0	0
0	0
0	0
0	0
0	0
0	0
0	0
0	0
0	0
0	0
0	66
0	67
0	40
0	25
2	17
0	21
0	3
0	13
0	16
0	17
2	4
1	14
1	6
0	8
2	250
0	250
0	202
0	104
0	19
0	19
0	19
0	21
0	33
0	0
0	24
0	23
0	9
1	7
0	28
1	8
0	12
0	145
0	12
0	33
0	144
5	137
0	124
0	135
0	20
0	35
2	9
0	0
0	14
2	14
0	13
0	3
0	0
0	2
1	5
0	3
0	1
0	4
0	2
0	2
0	0
0	0
0	0
0	0
0	0
0	0
0	0
0	0
0	0
0	0
0	0
0	0
0	0
0	0
0	0
0	0
0	29
0	49
0	175
0	0
0	17
0	213
0	48
0	125
2	159
0	46
0	0
0	0
0	200
2	378
15	338
0	82
14	108
1	135
1	403
109	453
2	10
0	203
0	174
0	19
43	50
5	221
21	9
0	160
0	221
0	412
0	484
0	152
0	83
19	459
0	395
0	97
1	180
0	63
0	21
0	8
0	0
0	173
0	56
120	287
0	171
9	244
0	109
0	101
1	456
0	67
0	817
0	744
1	518
1	251
0	37
1	337
0	53
0	136
0	66
0	0
8	25
0	41
9	948
22	959
7	83
0	41
7	34
1	36
1	22
0	45
1	18
0	101
0	101
0	62
0	2616
1	2246
0	2810
0	2900
0	2632
3	2692
0	2632
2	2694
0	2614
0	2496
1	2810
0	2709
0	1884
0	587
0	2762
0	2806
1	1856
0	2611
0	2812
0	2695
0	2767
0	2767
65	2797
1	2368
0	2767
0	2767
0	2646
0	1619
0	910
0	2463
0	2463
0	2365
0	2145
0	2602
0	2598
1	2420
1	1119
6	2430
3	1605
0	1104
0	115
1	1291
0	253
0	899
2	968
0	682
0	873
0	779
1	845
0	190
0	564
0	0
0	0
0	0
0	0
0	0
0	0
0	80
0	18
2	68
5	56
0	14
1	23
4	31
2	35
0	13
5	42
2	3
1	6
0	1
0	0
0	0
0	75
6	0
1	304
0	103
0	83
1	65
71	35
0	17
0	30
0	17
1	0
0	0
3	0
73	104
1	50
0	65
220	28
0	28
0	1
0	1
600	149
0	120
0	38
4	603
0	584
0	522
0	480
0	400
0	82
0	82
1	60
14	67
5	83
0	47
22	30
0	26
0	3
4	19
7	17
3	9
0	4
1	9
0	9
305	568
1	191
0	489
0	46
1	139
0	131
7	45
2	70
0	212
0	296
0	258
0	3
3	237
1	280
0	301
0	264
3	275
1	254
0	261
0	136
0	2
0	0
0	2
0	2
0	30
6	65
0	545
219	513
0	397
0	146
0	48
46	195
0	1
0	1
0	1
0	1
0	255
0	451
0	268
0	413
0	257
7	163
0	139
0	131
0	133
5	103
0	48
0	53
0	0
0	0
0	0
0	0
0	0
0	0
0	708
11	539
1	680
0	192
4	60
1	73
1	73
0	28
0	74
18	457
0	437
0	28
0	28
0	23
2	14
1	73
4	361
0	30
0	61
0	72
0	334
0	417
5	2744
0	2758
21	2080
1	1807
12	596
0	167
4	42
1	77
0	97
614	625
4	311
8	263
0	111
2	120
1	77
0	89
0	87
0	99
0	68
2	55
0	53
1	35
0	7
0	6
2	5
0	0
0	66
0	74
14	26
0	36
0	21
2	8
0	73
0	0
0	0
0	0
1	0
0	0
0	0
0	0
0	208
0	402
0	214
0	251
14	580
0	94
0	153
2	570
0	78
3	77
0	189
0	259
0	47
0	564
0	61
0	69
0	43
0	49
1	35
0	19
0	0
0	0
0	0
0	125
0	121
0	55
1	43
0	120
115	311
0	100
0	94
0	293
0	137
0	137
0	96
0	21
0	15
0	15
0	84
0	0
0	3
0	45
0	45
1	35
0	36
0	9
0	1255
0	0
0	0
0	1255
0	1255
0	0
0	0
0	66
0	0
0	1255
0	0
0	0
0	85
0	1090
23	1260
0	1258
0	641
0	55
0	463
0	454
0	489
0	506
0	477
1	506
0	493
1	506
0	396
0	335
0	360
8	46
0	169
1	71
0	69
1	58
7	59
0	44
41	9
0	0
0	0
0	0
0	0
0	0
0	0
0	0
0	658
0	687
1	220
0	246
0	42
0	41
0	59
0	25
0	19
0	11
0	26
0	38
3	29
0	2
0	2
0	646
25	396
1	396
0	181
1	6
0	6
0	6
0	6
0	6
1	186
0	449
0	443
0	400
0	403
0	401
0	414
1	400
0	403
24	142
0	40
0	64
13	104
1	73
124	0
0	0
0	0
0	0
0	2
0	2
0	11
0	2
0	2
0	2
0	0
0	0
0	11
0	0
0	0
0	0
0	0
0	0
0	0
0	0
0	160
0	68
5	683
3	234
1	20
1	200
1	0
0	674
0	168
0	0
0	0
0	0
0	0
0	5
0	5
0	0
0	0
0	4
0	1
0	2
0	1
39	2184
5	2183
0	99
0	317
0	113
3	72
1	80
2	0
0	0
6	520
0	885
0	830
0	822
0	850
0	846
0	837
0	838
0	826
0	831
0	847
0	840
0	859
0	855
0	843
0	867
0	859
0	859
0	847
0	868
0	847
0	859
0	856
0	861
0	852
0	854
0	857
0	846
0	867
0	883
0	866
0	824
0	871
0	872
0	873
0	869
0	845
0	857
5	849
0	863
0	874
0	857
0	812
0	861
0	858
0	876
0	838
0	695
0	796
0	850
0	837
0	831
0	508
0	516
0	511
0	520
0	511
0	546
0	42
0	0
1	0
0	0
0	0
0	0
0	0
0	1
0	1
0	3
0	3
0	3
0	1
0	0
0	1
0	1
0	1
94	968
0	767
0	91
0	82
0	39
0	417
0	105
1	93
0	53
1	33
1	165
0	45
0	24
0	0
0	0
2	357
0	69
1	58
0	68
1	407
0	62
0	377
2	407
0	362
0	0
0	0
0	0
0	0
0	74
0	74
1	2
0	0
0	74
0	0
0	73
0	68
0	74
0	71
1	1
0	2
0	3
0	8
0	7
0	0
0	8
0	8
1	27
0	2
2	135
0	261
0	371
1	12
0	138
2	143
1	0
0	10
0	177
1003	402
0	242
3	177
0	0
0	170
1	164
0	54
0	17
0	903
91	907
9	944
5	904
8	901
96	960
0	78
0	9
0	15
0	2326
0	2302
0	2297
0	91
0	947
0	2331
1	3
0	0
0	0
2	1177
0	0
0	0
0	2120
0	26
0	20
0	2
40	81
0	66
0	0
0	170
0	94
0	80
1	54
0	0
1	128
0	325
0	116
1	79
1	16
2	19
0	0
16	127
2	53
0	0
12	339
0	328
0	328
0	185
0	25
1	67
43	226
0	60
14	203
0	40
0	49
0	71
0	84
0	49
0	25
0	1
0	245
4	244
0	0
0	0
0	4
0	4
0	0
0	0
0	0
0	0
0	0
4	758
0	3132
0	3228
0	2892
0	3070
0	3175
0	3195
0	3242
0	795
3	941
0	260
0	0
0	0
4	1010
3	934
0	947
0	638
0	547
0	217
119	417
0	276
0	411
2	234
0	56
0	0
1	5
0	5
0	4
1	4
0	4
0	2
0	2
0	0
0	2
0	0
0	0
0	0
0	0
0	1
0	2
0	8
7	141
0	140
0	3
0	111
0	105
2	130
0	20
0	7
0	4
0	10
0	7
0	55
1	33
0	8
0	19
4	26
0	11
1	19
2	41
470	104
0	100
5	47
1	18
0	1
0	1
0	1
433	121
0	121
2	29
202	83
0	81
2	67
0	73
0	57
0	2
0	0
0	0
0	0
0	0
0	0
0	2
429	292
0	274
9	10
0	74
0	60
0	32
140	2391
0	2203
1	74
0	458
0	323
1	188
1	184
0	184
0	0
0	0
0	0
0	0
0	0
0	0
0	0
2	51
0	20
0	12
0	0
0	0
0	20
0	21
0	8
0	40
0	50
0	20
1	0
0	19
0	51
0	4
0	32
0	26
0	35
0	24
0	46
0	9
0	53
0	48
0	28
0	39
0	5
0	47
0	47
1	10
2	47
0	48
0	43
0	42
0	405
8	379
0	262
0	152
20	85
8	26
0	354
0	360
6	159
0	144
4	21
1	115
0	120
0	88
0	99
5	81
3	90
4	32
0	0
0	0
0	0
0	0
0	311
4	195
0	328
0	300
0	265
59	328
0	94
0	14
0	311
0	254
4	170
0	7
3	19
0	4
1	0
683	338
11	51
10	116
31	161
0	195
0	76
0	13
0	1
0	1
0	1
0	1
0	0
47	351
0	175
1	249
1	181
0	229
0	208
0	20
0	0
206	306
1	306
6	6
0	0
1	464
1	1196
0	1517
0	1127
0	133
1	14
0	71
0	203
0	186
0	140
0	103
0	92
0	92
0	48
0	45
42	2898
21	808
13	2805
0	2521
0	0
0	800
0	810
12	317
0	0
0	0
0	0
0	0
0	0
723	591
0	93
1	113
0	107
2	151
1	147
633	135
2	45
8	90
0	44
0	62
0	37
28	176
0	69
1	118
0	0
0	30
1	65
0	51
0	11
0	37
0	439
36	380
0	470
0	426
0	73
0	345
0	319
0	290
0	117
0	52
0	90
0	99
0	81
3	120
0	93
2	0
52	4786
1	4859
96	2864
169	1410
2	3714
13	40
0	160
13	276
4	121
0	119
0	0
0	0
0	0
0	0
0	0
5	508
0	903
0	364
0	827
2	7
1	24
1	102
0	150
289	261
1	225
0	44
0	131
0	0
0	15
0	15
0	12
0	9
0	15
0	14
0	9
0	0
0	164
0	13
0	17
0	28
0	41
0	21
0	147
1	3
0	24
0	21
0	3
0	10
0	0
0	13
0	17
0	0
0	83
0	13
0	0
0	164
0	0
0	0
0	1556
0	2445
8	2046
0	2445
0	2454
4	2405
4	2035
0	985
0	2399
0	1469
0	2039
3	1466
0	1349
0	1351
0	939
1	441
3	10
0	9
2	10
0	1
2	13
0	9
0	14
0	2
1	74
0	84
3	170
0	33
0	35
0	130
0	225
0	49
0	34
0	34
0	27
0	24
0	26
0	38
0	13
39	443
0	443
0	0
0	3
0	3
0	2
0	3
0	3
0	3
0	2
0	2
0	1
0	1
0	0
0	1
0	0
0	0
0	0
0	0
0	0
0	0
0	0
0	0
0	0
292	425
0	425
0	0
0	8
234	112
0	11
1	25
0	38
1	32
0	19
0	248
0	65
2	755
5	459
1	675
0	546
1	732
1	0
1	612
1	244
37	196
1	169
3	30
0	0
1	1
0	1
0	1
0	0
0	1
0	274
3	136
0	26
0	0
0	268
0	268
0	265
0	87
0	268
3	0
9	28
0	98
5	110
0	270
0	2
0	2
0	2
0	1
0	2
0	2
0	2
0	0
0	1
0	3
0	2
0	176
49	363
0	83
62	286
0	0
0	69
0	155
0	79
0	127
14	508
1	494
0	511
0	136
0	136
0	62
0	80
0	429
0	497
0	519
0	519
0	268
0	522
0	519
0	521
0	501
0	519
0	519
0	519
0	519
0	519
0	512
0	509
0	298
0	510
0	440
0	261
0	293
0	436
0	509
0	504
0	503
0	502
0	482
0	480
0	363
0	474
0	447
0	295
0	466
0	466
0	423
0	466
0	466
0	466
0	452
0	465
0	466
0	394
0	446
0	464
0	464
0	467
0	446
0	445
0	464
0	382
0	384
0	453
0	452
0	446
1	352
0	429
0	416
0	387
0	387
0	193
0	61
2	73
0	0
0	41
1	81
29	96
0	80
0	4
0	69
1	52
0	52
0	14
3	2
0	2
0	1
0	40
0	374
4	78
0	210
0	338
1	288
0	43
0	111
3	588
5	350
2608	1196
3	141
1	585
0	678
222	408
6	430
3	32
4	234
0	79
0	120
5	66
0	74
0	33
0	107
0	0
0	0
0	0
0	0
0	0
0	0
0	0
0	0
0	0
0	0
0	0
0	0
0	0
0	0
0	0
0	0
0	0
0	0
0	3
0	89
2	329
1	104
4	23
1294	0
0	58
0	47
0	5
68	113
0	96
1	7
0	6
0	20
0	11
7	166
75	0
0	946
4	235
0	901
0	521
3	70
21	61
0	133
51	127
0	0
0	0
0	0
0	0
0	0
0	0
0	0
0	0
0	0
0	0
0	0
0	0
0	0
0	0
0	0
0	0
0	0
0	0
0	0
0	526
0	459
0	145
0	523
0	405
5	481
0	418
0	240
0	532
0	412
0	390
0	310
0	513
0	426
1	525
8	407
0	415
0	502
0	560
0	521
0	325
0	306
0	333
0	404
0	500
1	443
1	444
0	298
0	410
0	188
0	518
0	508
0	525
0	411
0	543
0	283
0	463
0	549
0	492
0	494
0	390
0	549
0	504
0	495
0	270
0	352
1	321
0	361
0	433
0	501
0	505
2	474
1	475
0	371
0	270
0	251
0	217
0	133
40	121
1	63
0	4
1	7
0	11
0	503
0	614
0	0
0	0
0	0
0	0
0	0
0	0
0	0
0	0
0	0
0	0
0	0
0	0
0	0
0	0
0	0
265	286
0	34
0	15
0	22
1	219
0	29
1	24
1	40
0	37
0	10
0	16
0	0
0	1070
270	1266
2	127
7	167
0	232
0	240
0	93
11	91
0	76
3	499
43	682
0	0
0	0
0	163
1	164
0	138
0	47
0	32
0	21
5	10
3	10
0	10
0	9
0	34
1	80
1	80
0	79
0	453
0	443
1	40
0	96
1	10
0	73
0	69
0	56
6	112
0	124
0	86
0	105
4	54
3	125
5	1093
0	1308
0	1277
14	965
2	493
0	355
0	753
0	442
0	283
0	675
0	271
3	131
0	0
1	48
1	136
0	153
0	40
0	156
0	158
0	50
0	85
0	48
3	71
3	48
70	1251
1	1189
0	1220
1	1212
4	434
0	266
0	479
1	209
1	103
0	129
1	31
21	269
0	267
0	247
2	217
1	239
4	218
0	72
5	49
0	95
1	114
6	98
4	73
0	39
0	54
0	34
0	38
0	33
0	21
0	25
0	7
0	7
0	8
0	5
0	4
0	0
3	176
0	167
2	95
0	77
0	96
0	51
0	46
2	45
0	42
0	49
0	38
0	36
1	16
0	8
0	20
0	37
0	417
0	36
0	25
1	19
2	20
1	305
0	350
0	27
5	179
7	75
0	14
5	82
8	71
0	71
0	64
0	12
0	7
0	0
0	1
0	4
0	6
0	1
0	1
0	2
0	5
0	668
26	586
0	590
2	183
0	283
3	52
0	123
30	320
0	58
2	379
0	842
0	833
0	840
0	824
0	763
6	817
1	26
0	355
0	82
0	113
0	290
0	84
0	69
0	38
0	34
0	25
81	202
1	56
1	37
11	119
2	125
3	30
2	35
2	35
0	2
0	6
0	175
1	439
158	169
3	415
0	509
0	398
0	415
0	384
1	64
13	64
0	50
0	1246
0	1248
0	1264
13	1114
16	889
0	1236
11	744
2	315
1	168
0	174
0	342
0	156
2	103
4	86
0	72
0	5
0	8
0	6
0	10
0	5
0	8
2	131
0	3
0	8
0	6
0	22
0	4
0	106
0	11
0	12
0	78
0	24
0	13
0	0
0	0
6	843
0	139
0	583
3	537
0	148
0	802
0	115
0	45
0	141
0	44
2	128
0	94
3	84
1	187
0	137
0	2
14	233
7	132
0	121
0	74
0	112
0	76
0	12
0	26
0	10
0	19
0	35
0	16
0	15
0	6
1	8
0	3
44	411
2	362
1	0
0	411
0	0
0	0
2	9
0	2
18	64
1	59
2	1
0	36
1	60
0	8
16	17
0	9
17	390
1	399
0	259
4	300
5	33
0	131
7	14
0	180
1	14
0	45
0	36
0	29
0	4
4	4
0	0
0	0
0	234
1	248
0	274
1	279
6	21
0	17
0	179
2	146
34	138
0	121
0	116
13	12
0	60
0	37
24	84
2	61
0	181
5	260
11	291
0	255
0	267
0	99
0	35
0	248
0	273
1	105
0	126
0	269
3	149
0	124
0	94
0	0
0	0
2	44
0	44
4	4
3	7
0	3
0	4601
16	2556
0	726
6	681
0	4491
0	0
1	0
0	316
1	49
0	471
0	471
6	124
1	75
0	15
76	4230
425	4729
0	1198
1	1117
0	798
0	10
1	10
1	5
0	426
0	430
0	74
0	442
3	140
6	143
0	36
1	155
0	118
0	151
0	33
0	50
6	59
0	319
0	130
1	15
1	91
6	80
1	14
37	213
0	69
1	42
3	52
9	50
0	50
0	50
0	0
2	67
0	296
0	277
9	81
0	135
0	300
1	317
0	289
0	321
0	331
0	329
1	79
2	13
9	213
5	165
0	1
617	235
0	235
0	128
394	343
0	174
0	126
0	271
0	330
0	100
2	108
4	4038
4	3314
0	4091
1	3267
38	4054
0	1215
1	2968
0	3319
1	4054
53	3279
4	3137
0	13
0	3217
0	0
0	0
0	0
0	0
11	256
6	257
0	84
0	77
3	107
0	103
2	28
2	5
0	13
0	25
0	1
0	28
0	46
1	537
0	839
25	40
1	894
0	831
0	870
3	672
0	881
0	18
0	6
0	859
0	88
54	784
0	619
0	44
0	129
0	105
0	376
2	316
0	349
0	377
0	335
0	180
0	395
16	333
1	315
1	24
2	222
2	214
0	234
0	82
0	0
0	20
0	21
0	164
0	173
1	162
0	56
0	110
1	70
1	100
0	76
1	46
0	22
0	74
0	62
0	1225
0	4
0	3
0	1
0	408
0	317
0	0
0	227
0	217
11	130
1	179
0	244
0	218
0	7
1	89
0	203
0	235
0	218
0	198
0	249
0	215
1	248
9	49
0	82
0	203
0	200
0	208
0	181
0	249
0	232
0	65
0	210
0	99
0	227
0	230
0	130
0	223
0	18
0	250
0	142
0	244
0	95
0	228
0	19
0	200
0	138
0	214
0	214
0	85
0	69
0	161
0	2
0	103
0	73
0	70
0	77
0	71
0	106
0	192
10	94
0	64
0	70
0	168
0	168
0	63
1	17
1	150
0	148
0	10
0	115
0	111
0	109
1	110
0	113
0	114
0	113
9	113
0	52
0	75
0	83
2	18
0	66
0	44
0	42
18	37
0	50
0	140
0	112
1	59
0	91
0	0
0	1062
2	749
2	879
40	263
100	23
6	16
3	6
1	81
0	8
0	0
0	0
0	0
0	0
144	0
0	181
0	221
30	225
0	180
0	219
0	93
0	135
0	0
0	24
0	52
0	65
1	44
2	40
0	5
0	7
0	0
0	0
0	197
0	197
0	155
0	133
0	203
0	220
0	201
0	89
0	93
0	111
29	92
1	84
22	11
2	15
0	31
0	15
2	6
0	10
0	20
0	15
0	1
0	0
0	0
0	1
0	0
0	0
0	0
0	0
0	1
0	49
2	70
0	16
0	790
0	18
0	30
0	330
0	867
0	460
0	91
1	125
0	59
0	26
0	110
12	112
0	81
0	50
0	76
0	47
1	41
0	37
0	34
0	707
0	239
0	24
0	31
2	61
9	51
0	62
1	58
0	40
0	37
4	24
2	19
6	10
0	15
1	33
0	28
0	24
0	27
1	0
0	28
0	5
0	1
0	1
0	1
0	1
0	5
0	26
0	5
0	2
0	1
0	1
1	2
2	3
0	2
0	0
1	122
2	570
0	585
11	543
0	558
0	305
0	411
0	467
0	560
2	421
4	139
5	56
0	138
0	130
5	50
0	188
2	117
0	176
0	105
0	144
0	143
2	85
0	5
0	61
1	52
1	53
1	23
0	12
8	510
3	46
0	4
0	22
0	26
0	43
0	7
0	20
0	1
3	32
0	21
0	5
1	9
0	3
0	0
0	0
0	0
0	0
0	0
0	0
0	0
0	0
0	0
0	0
0	0
11	116
3	132
0	188
0	184
0	111
0	181
197	192
1	65
0	182
1	107
0	48
3	15
1	0
0	63
2	7
0	64
0	64
0	40
0	40
1	14
0	18
3	5
0	3
1	14
0	38
0	29
0	27
0	1899
0	1899
0	40
0	168
0	135
0	405
0	1897
0	136
0	262
0	809
0	1717
0	1544
0	1578
0	6
0	198
0	1509
0	147
0	217
0	161
7	32
0	905
0	185
11	186
5	249
652	1271
0	1268
18	3
0	126
0	534
0	1
0	1
0	1
0	15
1	108
0	54
0	61
4	102
0	45
0	33
0	153
0	232
0	22
0	42
0	20
0	197
0	24
1	201
0	232
0	225
0	19
0	212
0	21
0	246
5	41
0	27
83	223
4	908
13	918
0	143
0	17
0	8
388	52
0	35
0	46
0	63
0	67
0	12
0	29
0	34
1	20
0	51
0	11
1	39
0	9
0	29
0	29
0	26
0	61
0	27
0	18
0	24
0	8
0	25
0	7
0	0
0	0
76	834
4	834
0	257
1	128
0	252
7	171
0	210
11	658
0	100
0	0
303	0
0	875
0	865
0	799
0	647
0	565
0	432
0	220
2	132
1	69
0	240
1	183
0	13
0	145
0	141
0	140
0	19
2	71
166	4
0	4
102	137
1	137
20	996
31	998
11	113
0	215
0	89
1	109
0	64
102	112
0	86
0	36
0	0
0	0
0	0
0	0
0	0
0	0
32	46
0	46
0	119
0	116
0	19
3	120
0	122
0	6
2	0
0	0
0	61
0	93
0	93
0	54
0	194
0	87
0	28
0	471
15	511
0	62
0	98
0	51
0	46
0	125
0	137
0	133
0	97
6	116
0	142
1	128
0	72
7	124
0	112
0	60
0	27
0	7
0	20
0	187
0	187
0	181
15	6
2	51
0	183
1	181
2	3
478	0
0	137
2	25
0	151
0	69
4	140
0	140
2	111
13	72
8	84
2	12
118	273
0	26
0	24
3	32
0	90
1127	90
0	1318
0	1156
0	1318
0	244
17	57
0	95
1	1
1	6
1	99
0	25
0	9
0	20
0	13
0	153
0	36
0	67
2	0
0	149
0	28
0	147
1	146
0	14
0	5
1	39
1	36
1	23
0	5
0	11
1	12
1	12
0	11
0	8
0	12
0	0
0	14
164	127
0	70
0	124
0	13
2	60
0	11
0	11
0	0
0	0
1	0
0	0
0	0
0	0
0	79
2	34
0	71
0	30
0	18
0	57
0	36
0	58
1	51
2	5
0	8
0	6
0	6
0	1
0	5
0	4
0	4
0	3
0	0
0	3
0	3
0	3
0	1
0	1
0	0
0	0
0	1
0	1
0	1
1	174
1	235
3	242
1	99
0	104
7	46
6	0
0	2
2	9
0	0
0	0
0	1
0	1
1	5
0	1
281	0
0	36
0	36
0	66
0	45
0	6
0	0
0	0
0	0
0	0
0	0
0	6
0	0
0	0
0	2
2	8
0	5
0	327
0	327
0	357
0	301
0	303
0	293
0	363
0	37
0	36
0	307
1	7
1	247
53	341
0	103
14	340
0	88
2	98
0	2621
0	4
2	2495
0	2494
0	83
0	2616
0	35
24	1716
0	362
1	183
15	146
1	11
0	19
12	26
1	9
0	1
0	1
0	0
20	348
6	348
0	117
1	408
4	4
6	3
0	70
0	407
1	406
1	3
0	2
3	2
0	48
0	1
0	0
0	0
0	0
0	8
0	19
0	26
0	29
0	34
0	0
0	0
0	404
0	352
0	402
0	439
0	387
0	381
0	274
13	214
4	269
0	242
9	26
0	379
0	381
1	388
15	387
12	203
19	453
0	93
0	402
0	400
0	395
0	397
0	312
3	348
2	47
0	24
4	297
0	9
0	102
0	118
5	103
0	106
0	9
2	9367
2	7681
0	8831
146	8904
0	162
0	9329
0	8087
0	1875
17	9329
0	153
0	8813
0	123
0	9343
0	123
0	5651
0	9159
1	8219
19	8646
0	5558
0	7928
0	7763
0	7749
0	1034
0	394
0	396
0	72
4	403
0	273
1	8
0	13
0	17
2	21
2	16
0	19
3	19
0	18
0	7
0	21
0	0
0	21
0	21
0	21
16	253
0	0
0	11
0	253
0	253
0	241
0	32
0	20
0	16
0	0
4	79
116	164
8	172
0	52
0	105
0	204
0	212
0	212
12	212
2	212
8	191
0	11
2	1
0	1
0	0
0	0
0	0
0	0
0	0
0	0
0	0
0	0
0	0
37	0
0	0
0	57
2	57
2	242
3	245
0	339
0	324
0	0
0	0
0	0
10	0
0	0
3	38
1	19
0	389
1	13
6	5
2	374
2	374
17	383
0	374
0	372
2	81
0	55
0	373
0	117
0	138
0	43
0	0
0	2
0	95
1	34
0	23
0	35
4	25
0	38
0	35
2	617
89	734
2	734
0	442
19	652
0	0
0	0
0	0
0	0
0	0
230	73
1	10
2	12
1	27
0	49
5	0
0	0
7	551
1	492
0	304
1	239
2	246
0	116
0	72
65	2434
0	2434
0	71
0	343
0	69
0	26
10	58
4	185
0	652
0	613
0	2
0	8
0	613
0	6
0	26
0	609
0	8
2	611
0	613
0	85
0	613
0	57
0	15
0	590
0	2
0	10
0	839
4	1098
6	1132
0	1111
0	1183
5	13
0	1
0	28
0	135
0	110
0	31
0	135
918	48
6	14
17	47
0	707
6	838
0	883
1	920
0	926
0	600
0	577
3	23
0	466
0	70
4	31
0	34
0	384
0	81
0	27
0	39
0	48
1	33
0	26
2	14
0	0
0	0
0	8
0	13
0	8
0	7
0	7
0	2
0	2
0	8
0	1
0	5
0	5
0	0
0	0
0	1
0	0
0	0
0	0
0	0
0	0
0	0
0	0
0	0
0	0
0	0
0	0
1	14
0	8
0	167
0	6
6	9
0	14
0	23
0	166
0	167
0	11
0	13
0	96
1	7
0	37
0	10
0	13
0	22
0	0
0	0
0	79
0	667
0	74
0	654
0	647
1	82
0	81
0	651
0	661
0	611
0	0
0	4
56	7046
0	2801
695	7052
0	2504
0	3298
20	90
3	2437
0	933
12	914
3	75
0	0
0	0
0	0
0	0
4	132
10	132
1	2
9	87
57	94
0	14
0	25
0	14
0	4
0	12
0	17
0	10
0	167
0	157
0	164
0	164
0	149
0	157
0	159
0	159
0	125
0	93
0	81
0	9
0	16
0	6
1	12
0	39
0	38
2	2
0	70
3	1
72	70
1	63
0	12
0	16
0	0
0	1
0	2
0	0
0	1
0	0
0	0
1	1104
10	1104
0	6
0	851
0	4
1	85
3	223
0	229
0	92
0	528
0	525
0	125
0	513
0	535
0	116
0	93
1	488
0	509
0	47
0	48
0	30
206	0
0	1
0	60
1	60
0	0
2	5
0	5
13	0
0	34
0	33
0	3
0	2
0	2
0	2
0	2
0	2
0	2
0	0
0	0
0	0
0	0
0	0
0	0
0	0
0	0
0	0
0	0
0	0
0	0
0	0
22	1599
0	1364
3	1460
0	1149
7	748
5	257
0	653
0	367
3	409
0	266
0	265
0	0
0	0
0	0
0	0
0	0
0	0
0	0
0	0
0	0
0	0
0	0
0	0
0	0
0	35
0	41
0	44
8	45
0	29
1	41
0	16
0	6
0	8
0	10
0	20
0	6
0	15
0	9
0	17
1	17
0	11
3	11
0	6
0	7
0	6
0	0
0	2
0	4
0	0
356	34
2	34
0	1273
6	1429
3	134
2	1362
1	1502
5	1716
4	202
0	875
3	192
1	1248
0	264
0	94
0	860
16	848
0	442
0	214
16	501
0	58
2	338
0	202
0	77
0	55
0	77
1	14
0	214
0	213
0	50
0	69
5	213
0	0
0	472
0	689
0	740
0	133
0	411
0	756
0	609
0	648
0	695
0	327
0	124
2	735
0	679
1	679
1	731
1	706
0	9
1	2
0	495
1	630
0	641
0	700
0	652
0	715
0	97
0	138
0	524
0	398
0	82
2	121
0	165
0	499
4	400
0	33
0	77
0	301
15	170
2	705
0	2382
0	2425
0	2396
0	2291
0	2399
1	2382
0	483
0	2476
1	2429
0	1985
0	2151
4	2312
0	2292
3	2203
0	2281
0	2314
0	2254
2	2199
0	2108
0	730
0	85
0	1179
1	265
0	449
0	190
0	188
0	219
0	105
0	298
0	53
0	49
0	63
0	53
0	24
0	57
0	56
0	33
4	409
0	53
2	80
0	134
0	383
0	236
0	286
0	365
0	69
0	93
0	10
0	163
0	138
9	331
0	137
2	70
0	80
0	82
4	37
0	21
0	22
0	35
0	29
0	5
0	7
0	11
0	7
0	0
0	0
14	1608
24	470
0	284
1	546
2	1585
2	1341
0	191
3	104
1	193
554	0
0	389
0	61
0	393
3	187
6	45
5	361
0	80
1	93
0	33
2	296
3	53
0	14
0	20
4	34
5	17
7	3
1	50
0	13
0	33
0	37
0	105
0	64
0	33
0	40
0	34
0	15
0	39
0	11
1	118
0	64
0	40
0	152
0	93
0	10
0	26
1	4
0	11
1	1
0	1072
0	1090
0	32
0	261
3	63
0	85
0	58
10	312
0	21
0	31
0	250
0	183
0	276
0	217
0	141
0	94
0	54
0	241
117	125
1	39
0	32
0	4
1	198
0	179
0	166
1	178
1	58
0	73
0	29
1	50
0	20
0	2
254	133
0	50
1	98
0	15
1	63
0	12
4	12
0	8
8	163
24	93
1	86
1	17
0	67
0	41
9	14
4	113
0	215
522	323
0	132
0	113
1	36
0	282
1	28
0	28
1	1980
2	0
12	270
2	266
14	292
0	498
0	473
0	466
1	35
0	65
0	476
0	655
0	538
0	625
10	63
39	638
0	710
4	368
11	100
0	669
41	146
1	258
0	426
92	480
180	301
0	289
0	50
3	166
0	148
3	9
10	0
0	201
7	14
1	14
2	12
1	10
0	70
0	12
0	88
2	64
2	89
2	30
3	0
0	36
0	25
507	1258
13	700
0	306
3	70
0	369
0	0
0	0
0	0
0	0
0	0
0	1
0	0
0	1
0	2
0	2
0	2
0	1
1	0
0	0
0	0
1	580
2	624
0	655
141	604
0	236
1	253
0	591
7	135
2	56
0	205
0	238
0	161
1	1
0	1
0	1
0	0
0	0
0	0
0	0
0	0
0	0
0	0
0	0
0	0
0	0
0	0
0	0
0	0
0	0
0	0
0	0
0	0
0	0
0	0
0	0
0	0
0	0
0	0
0	0
0	0
0	0
0	0
0	0
0	0
0	0
0	0
0	0
0	0
0	0
0	0
0	45
0	206
0	57
0	15
0	56
68	288
0	57
0	15
43	50
0	54
0	9
0	44
1	11
0	47
0	117
32	68
0	85
2	246
0	304
0	297
0	75
0	76
0	285
0	111
0	93
0	73
0	91
0	59
1	43
0	107
0	64
0	64
0	45
0	100
0	102
0	53
2	32
0	0
0	0
0	0
0	0
0	0
4	0
0	124
0	299
5	318
7	48
0	280
0	351
0	231
1	256
0	255
0	256
0	256
0	344
0	194
0	255
0	94
18	292
1	0
0	164
0	164
148	164
0	164
0	15
0	17
0	17
0	10
0	7
2	26
0	567
4	514
0	27
0	562
0	552
8	27
18	87
0	49
0	16
0	272
0	274
0	39
0	39
0	273
0	33
0	25
0	55
0	82
0	94
0	9
0	1
1	31
0	180
3	155
0	74
0	79
1	114
2	26
0	94
0	1
0	52
6	68
0	63
19	92
0	8
0	78
0	1
0	4
0	1
0	2
0	3
0	1
0	0
0	4
0	1
0	2
0	0
0	0
0	0
0	4
0	565
0	568
5	67
1	90
0	7
0	3
0	7
0	128
0	12
0	5
0	3
8	243
0	4
0	19
0	1
0	4
0	181
0	21
0	132
0	10
8	3257
20	3303
64	493
20	2766
81	985
1	499
31	650
1	1209
0	19
1	235
0	18
0	221
0	152
0	29
0	28
0	101
0	16
1	7
0	170
0	32
1	20
11	71
0	1
0	70
0	521
0	521
0	1
0	1
0	24
0	23
0	24
0	24
0	20
0	20
0	21
0	20
0	20
0	17
0	16
0	0
0	0
0	0
0	293
0	334
20	158
0	274
0	202
3	134
0	107
0	43
0	12
1	15
0	0
0	2
0	0
0	2
0	1
0	13
0	11
0	11
0	7
0	4
0	3
0	4
0	3
0	2
0	2
0	0
0	3
0	1
0	1
0	2
0	2
0	0
0	0
0	1
0	1
0	1
6	153
0	152
4	126
0	32
2	18
5	959
0	959
0	371
0	1
0	1
0	0
0	1
0	0
0	1
0	0
0	0
0	1
0	1
0	0
0	1
0	1
0	0
0	0
0	0
0	1
0	1
0	0
0	1
0	0
0	0
0	0
0	0
0	0
0	0
0	0
0	0
0	0
0	1339
0	893
0	892
0	1338
0	892
0	1322
0	393
0	1167
2	239
1	239
5	243
2	229
6	114
0	39
1	132
0	82
0	55
1	106
0	58
5	88
1599	0
0	1304
0	1334
0	973
3	1301
0	1162
2	999
3	1238
0	919
0	914
0	632
0	0
0	0
0	0
0	0
86	413
0	89
11	364
2	5
0	42
3	66
1	0
2	0
0	0
0	0
0	0
0	0
0	0
0	0
0	0
0	0
0	0
0	0
0	0
0	155
0	61
7	45
0	98
0	70
0	73
0	2
3	133
1	702
0	598
0	603
5	485
0	137
7	376
3	170
7	199
0	85
0	320
0	348
0	81
0	34
0	75
10	157
1	134
2	209
162	87
3	43
1	5
44	0
200	0
0	169
1	261
0	157
0	15
0	45
1	69
0	62
0	91
0	256
0	66
0	64
0	15
0	15
0	70
0	14
0	0
0	320
38	308
2	111
1	282
0	301
1	272
1	35
0	35
86	221
30	311
1	256
0	0
0	0
0	0
10	39
0	39
3	18
1	8
5	237
0	316
0	316
0	373
169	726
0	33
2	321
0	249
0	517
0	298
1	53
12	77
0	0
0	72
0	71
0	8
0	13
0	72
0	3
0	2
0	3
0	7
2	162
0	164
0	185
0	119
0	125
0	178
0	163
0	116
0	8
0	120
0	103
0	66
0	73
0	108
0	101
0	125
0	8
0	33
0	46
0	132
0	89
0	82
0	61
0	123
0	24
0	45
1	37
0	50
0	81
0	70
0	54
1	5865
0	178
1	46
1	7985
0	586
1	4833
0	7855
7	7950
1	521
20	417
0	522
16	44
0	44
1	34
0	33
1	1
0	295
329	659
16	234
0	130
0	235
0	0
0	0
0	0
0	0
0	0
0	0
0	0
1	607
0	689
0	580
0	534
0	611
1	162
0	206
0	178
13	122
1	55
0	187
0	151
0	97
0	132
0	77
0	78
0	80
2	48
2	12
2	2101
1	2046
1	1792
1	2034
3	1929
1	1982
0	2023
1	1945
1	1973
0	868
0	1846
0	1724
1	1562
0	381
0	912
0	202
2	62
2	31
0	123
2	2
515	1352
32	486
23	186
0	168
0	203
16	49
0	240
2	103
0	51
0	270
2	135
0	81
5	793
1	682
0	703
13	150
0	645
6	76
0	214
0	229
0	40
0	249
8	118
4	66
4	0
0	0
17	1092
0	1092
0	319
11	482
2	479
2	313
0	422
91	506
0	356
0	348
0	170
1	228
3	86
0	71
3	104
148	62
0	33
0	57
409	78
0	78
0	151
0	263
0	206
0	244
0	73
0	211
3	236
1	51
0	167
0	139
0	163
0	129
3	170
0	131
0	118
0	149
0	114
0	77
1	65
0	49
0	16
4	530
0	480
0	515
0	516
1	381
1	87
0	71
0	65
0	61
1	42
3	32
1	38
3	23
0	47
0	41
0	33
1	15
0	44
0	46
0	5
0	32
0	39
0	37
0	44
0	28
1	15
0	2
0	2
0	1318
0	1350
0	970
0	305
4	244
6	854
0	844
0	116
70	229
0	137
0	122
3	80
8	4
0	3
0	1
6	1
0	1
2	0
143	346
0	346
0	38
0	506
0	506
6	498
0	508
0	288
110	299
1	101
1	124
0	68
0	8
0	146
1	91
0	66
0	67
0	6
0	2
0	452
3	161
0	20
0	19
0	14
0	18
0	1
0	19
0	17
0	11
0	11
0	14
0	7
0	0
0	0
0	0
0	2
0	2
0	2
2	102
85	104
1	43
0	31
0	11
1	26
0	201
0	230
0	23
0	309
0	334
0	15
0	197
0	56
0	56
1	56
0	56
0	72
0	8
0	8
0	18
0	21
0	30
0	235
0	15
0	22
0	22
0	37
0	206
0	16
0	16
0	15
0	15
0	9
0	8
0	8
0	41
0	8
0	36
0	18
0	11
0	6
0	1
12	106
0	13
0	178
0	3
1	29
0	32
0	0
0	0
0	75
0	66
0	52
0	54
0	149
1	87
2	610
2	290
0	148
8	142
0	600
0	28
0	27
0	26
0	0
0	19
0	1
0	1
0	1
0	1
0	1
0	1
0	1
0	1
0	1
0	1
0	1
0	1
0	1
0	1
0	1
0	13
0	17
0	96
0	19
0	0
0	99
0	100
0	72
0	0
0	86
2	35
0	1
0	35
2	87
3	0
2	40
0	58
0	864
2	346
9	432
0	864
17	885
94	0
0	238
62	136
0	166
4	107
0	107
0	3
0	97
0	25
0	39
2	37
1	28
0	43
2	12
0	447
28	443
0	406
0	149
0	43
2	359
1	367
8	51
0	65
0	81
0	202
0	69
0	86
0	89
0	66
0	76
0	126
0	80
0	108
0	84
0	18
0	75
0	80
0	56
75	219
0	74
0	127
0	58
0	119
0	2
0	2
0	7
8	11
0	7
0	11
0	7
0	6
0	7
0	8
0	5
0	4
0	3
8	8
0	0
0	334
0	1178
0	200
0	237
0	231
0	243
0	245
0	450
0	988
0	970
0	190
0	386
0	135
0	148
0	365
13	74
0	91
0	113
0	128
0	136
2	357
139	836
0	47
58	815
0	80
0	818
1	383
0	34
0	2292
0	498
0	6115
1	6043
0	678
0	8109
0	34
0	216
0	758
3	5367
2	7977
1	427
0	594
17	2749
0	525
0	453
0	428
3	1740
1	114
16	6260
2	216
0	4236
0	425
0	1110
26	354
1	380
30	420
0	294
16	48
5	12
0	1157
0	257
0	1081
0	1126
0	817
0	1134
1	1081
0	1168
0	101
0	1103
0	166
0	116
0	86
0	64
0	142
0	412
2	23
0	482
4	27
0	27
1	388
0	412
0	271
0	412
99	488
0	359
0	359
0	178
0	340
0	353
4	340
0	326
2	204
1	205
0	207
0	166
0	172
2	123
3	118
0	106
0	55
5	20
3	0
1	12
10	10
0	402
1	1377
0	2
0	735
0	717
0	798
0	35
13	382
0	843
15	1306
0	1361
1	618
0	1140
0	1368
0	10
8	1332
0	693
2	435
1	335
10	126
0	1361
286	191
0	143
0	85
0	93
0	79
1	331
2	337
0	155
0	238
2	0
1	338
4	241
0	15
0	15
0	6
0	6
0	5
0	554
0	846
1	880
0	542
0	679
0	571
3	678
9	709
10	713
0	718
0	436
3	698
8	167
1	175
0	0
0	28
0	0
0	0
0	0
0	0
0	0
0	0
0	699
14	240
24	1386
0	1037
0	0
0	0
0	0
0	0
0	0
0	0
0	0
0	0
0	0
0	0
0	0
0	0
0	0
0	0
0	0
0	0
0	0
0	0
0	0
0	0
6	18
0	18
1	5
0	3
0	6
2	3
2	150
0	143
0	102
0	46
0	79
0	53
0	41
0	57
0	23
1	6
0	5
0	21
1	0
0	10
0	7
0	2
0	4
0	4
536	1591
3	1519
69	303
0	3
0	14
0	14
0	2
1	13
0	14
0	0
0	0
0	0
0	0
0	0
0	0
0	0
133	2736
0	2733
0	1684
1	108
5	421
14	459
0	17
0	17
0	13
0	12
0	1
0	3
0	6
1	15
0	16
0	1
0	0
0	0
0	1
0	1
0	1
0	0
0	0
0	0
0	0
0	0
0	0
0	0
0	0
0	0
0	0
0	0
0	0
0	0
0	0
0	0
0	0
0	0
1	16
0	8
0	2
0	16
496	231
0	186
1	17
2	46
330	303
2	167
0	186
0	64
0	37
0	51
0	49
0	37
0	25
0	13
117	490
1	100
1	407
0	278
0	278
1	240
0	239
0	238
0	238
1	237
1	237
0	279
0	97
0	53
0	21
0	16
0	15
0	17
0	14
0	10
0	9
0	2
0	0
0	0
0	0
0	0
0	0
0	0
0	129
318	150
0	60
0	74
6	159
0	0
0	1
4	6
8	4
0	3
0	2
0	1
0	0
0	1
0	1
0	1
0	1
0	0
0	0
0	201
3	203
916	551
5	75
9	510
0	199
0	235
0	134
0	241
0	188
0	150
0	194
0	191
9	50
0	67
5	30
0	161
0	60
0	80
1	24
0	105
0	116
0	117
0	94
5	70
0	48
3	383
21	368
0	389
0	366
0	366
0	379
0	235
0	49
0	46
0	25
0	79
0	38
0	48
0	34
1	36
0	4154
3	330
0	1987
0	4306
0	3467
0	4037
1	1894
0	962
1	1414
10	319
0	423
27	1281
0	788
11	104
0	953
2	261
22	775
222	36
0	36
1829	1384
0	184
3	40
10	300
8	274
0	82
0	789
9	47
0	723
6	94
11	8
0	8
1	84
2	89
0	0
0	0
0	0
0	0
0	0
227	115
0	40
5	75
0	681
0	19
1	682
1	314
0	96
0	37
0	41
1	36
0	21
1	9
3	22
0	28
0	4
0	31
0	31
0	30
0	27
0	25
0	10
0	4
0	28
0	225
0	208
14	83
4	9
1	16
3	95
0	179
0	78
0	0
0	0
0	0
0	0
0	0
53	872
0	833
0	492
0	396
0	429
0	459
0	249
0	150
0	182
0	190
13	172
1	75
1	64
0	2
0	0
0	0
0	0
0	0
0	226
0	1119
46	336
0	201
0	221
0	48
1	1043
0	622
242	462
2	67
0	93
0	431
0	14
4	44
0	117
6	0
0	0
0	0
0	0
0	2
0	2
0	0
0	1
0	1
0	1
1	0
0	2
429	78
0	41
1	65
1	38
7	22
0	11
0	14
0	2
0	0
0	0
0	0
0	2
0	0
0	2
0	0
0	0
0	0
0	0
0	2
0	2
0	2
0	2
0	0
0	0
0	0
0	0
0	0
0	0
0	0
0	0
0	0
0	0
0	0
0	0
0	0
0	0
0	0
0	0
0	0
93	131
0	77
0	51
0	108
0	59
0	31
5	32
1	5
0	0
0	11
0	26
62	523
2	43
0	93
1	491
0	0
0	0
0	0
0	0
0	0
0	0
0	0
0	0
13	795
0	619
0	588
2	276
0	125
0	254
1	150
1	33
0	67
2	22
16	10
0	783
0	64
1	54
0	35
2	476
675	819
0	491
2	86
5	11
1	206
1	182
0	215
0	50
3	19
1	101
0	6
1	0
0	137
1	141
1	111
0	74
0	38
3	62
0	40
0	1
0	1
0	1
0	0
0	1
0	1
0	1
0	0
117	1
0	454
2	130
0	72
10	65
1	56
62	0
3	560
1	221
8	344
0	37
0	310
0	30
0	41
0	22
0	11
0	50
5	12
0	15
1	46
2	27
2	61
0	61
0	1
1	2
0	1
0	1
10	0
0	13164
0	4766
0	7815
47	13144
0	7487
82	4147
0	6049
0	8095
0	9902
13	8887
27	9916
38	7204
1	8474
3	4949
0	9933
3	13131
0	31
1	36
1	7
0	6
0	4
1	0
0	0
0	0
0	0
0	0
10	113
6	12
0	11
0	38
0	40
6	107
0	38
0	25
0	31
239	64
2	16
0	4
0	19
0	5
0	0
1	48
0	0
0	0
0	0
0	2
0	2
0	1
0	1
15	2
0	6
9	16
0	16
0	5
5	2
0	3
0	6
0	1
3	33
0	35
0	16
1	2
0	2
0	3
3	0
0	0
0	0
0	0
49	0
4	313
42	1404
6	817
0	32
0	93
107	439
0	93
0	34
2	91
0	61
0	171
0	164
0	41
7	546
0	674
15	653
0	339
2	383
0	218
1	68
1164	1640
2	549
0	362
0	333
0	363
1	151
0	224
4	350
0	150
0	121
1	121
1	67
7	2731
10	2346
0	1140
0	877
0	410
1	291
183	350
9	350
0	11
0	2
0	12
0	2
0	0
0	0
0	0
0	0
0	130
1	18
0	35
0	30
0	30
0	49
2	130
0	123
0	112
0	30
0	7
0	8
2	29
0	126
0	22
0	5
0	16
0	34
0	6
0	13
0	8
0	123
2	215
786	250
0	57
0	0
0	0
0	371
717	403
2	39
0	0
0	0
0	0
0	0
0	0
0	0
0	0
0	0
0	0
0	0
0	0
0	0
0	0
7	240
2	302
0	301
0	63
0	297
0	9
0	10
0	45
5	10
0	11
2	50
3	10
10	0
0	23
0	49
0	23
0	46
0	11
0	0
0	0
2	519
3	0
0	69
1	70
0	49
1	50
0	61
0	0
0	33
0	25
1	18
0	3
0	0
0	0
0	0
0	0
0	0
0	0
0	0
0	0
0	0
0	0
0	0
0	0
339	2373
42	1234
78	1647
1	2127
7	296
46	626
0	0
1	0
0	0
0	0
0	0
0	0
0	142
0	142
0	126
0	2
0	3
0	0
0	0
0	3
0	3
1	0
0	0
0	0
0	0
0	0
0	0
0	0
0	0
0	0
0	0
0	0
1	1153
2	105
0	456
0	254
0	1161
0	150
27	164
0	787
0	975
0	1252
11	807
181	0
0	50
1	39
0	0
0	0
0	0
0	0
2	4
0	4
0	4
0	1
0	3
0	3
0	2
3	2
0	0
0	0
0	0
0	0
0	0
0	4608
66	4596
74	4397
0	4413
0	4422
5	4431
0	2528
2	1979
7	388
2	313
0	0
0	12
0	87
0	23
0	94
0	121
0	27
0	106
0	98
0	59
0	96
8	80
13	21
0	104
0	78
0	57
0	31
0	93
0	38
0	36
2	74
0	29
0	56
0	0
0	0
0	0
0	0
0	84
0	0
0	0
0	0
2	1008
0	191
0	502
22	547
0	80
0	137
14	973
0	717
1	215
0	165
0	48
1	135
0	122
0	7
0	155
0	23
21	104
0	92
10	156
0	159
0	34
0	37
1	17
0	13
0	3
0	4
0	0
0	0
0	0
0	11
0	221
0	740
0	724
0	751
0	721
0	688
4	50
0	594
0	591
0	13
0	8
2	229
0	9
0	57
0	33
0	148
0	35
0	20
0	0
0	9
0	0
0	0
0	0
0	0
0	0
0	0
0	0
0	0
0	0
0	0
0	0
0	0
0	0
0	0
0	0
0	0
0	0
0	0
0	0
0	0
0	0
0	0
0	0
0	0
0	0
0	0
0	0
0	0
0	0
0	0
0	0
0	0
0	0
0	131
19	0
1	137
0	103
0	139
0	11
0	0
0	137
0	0
0	0
0	0
0	0
49	268
0	188
2	148
0	33
0	60
1	71
1	17
3	10
0	0
0	0
0	0
0	0
0	0
0	0
0	0
0	13
0	13
0	12
0	2
0	0
0	0
0	0
0	0
0	0
0	0
0	0
0	0
0	0
0	0
0	0
0	0
0	0
0	0
0	1
0	1
0	1
0	1
0	0
0	0
0	0
0	0
0	0
0	0
38	1365
4	1365
0	250
0	121
1	204
525	514
0	311
0	313
0	5
2	89
0	29
0	470
0	0
0	4045
1	2704
0	1645
0	6394
0	3202
0	6448
0	5288
0	2776
51	1073
0	3833
2	5180
0	4859
5	5443
0	2795
0	1304
1	228
119	629
0	576
11	42
0	95
2	101
0	99
2	58
4	509
0	492
1	509
2	0
0	37
2	116
0	177
10	84
0	174
0	133
0	99
0	95
5	50
25	12
0	6
0	5
0	1
0	4
0	0
0	5
8	6
0	4
0	1
0	1
0	0
0	0
0	0
19	45
1	52
1	55
0	33
0	79
0	282
0	95
5	27
2	84
0	54
36	69
0	147
12	165
1	162
0	92
0	56
0	88
0	67
2	49
0	376
0	388
0	26
7	380
0	361
0	365
0	389
0	387
0	372
0	364
0	350
0	379
0	361
0	381
0	387
3	384
0	382
0	350
0	396
0	365
2	25
0	376
0	370
0	361
0	372
1	252
0	202
1	134
0	8
0	98
0	96
0	95
0	10
0	92
0	40
0	91
0	31
2	32
0	46
6	27
0	22
0	371
0	61
4	348
0	70
0	127
1	115
7	63
0	125
0	82
0	20
13	16
0	34
2	45
0	53
0	53
0	53
0	41
0	47
0	24
0	19
0	29
0	29
0	29
0	26
0	39
0	25
0	28
0	29
0	31
0	24
0	32
0	28
0	22
0	21
0	0
0	4
0	13
2	2
0	5
0	4
0	4
0	3
0	0
0	2
0	2
0	48
0	24
2	351
0	52
0	0
0	0
0	0
0	0
0	4
0	3
0	5
0	5
0	1
0	0
0	0
0	0
0	0
0	0
0	0
0	0
0	0
0	0
0	7
0	7
0	7
0	0
0	7
0	2
42	79
0	17
0	15
0	13
0	78
0	22
0	23
0	25
0	27
0	23
0	11
0	13
0	6
44	0
50	1143
1	1108
0	1093
1	38
0	235
0	37
1	63
0	53
0	55
0	0
0	515
0	214
12	88
0	192
0	264
1	262
0	143
5	82
0	40
0	35
0	42
1	254
0	205
9	59
0	177
4	1189
184	1507
7	193
0	86
7	413
0	18
0	71
3	105
7	66
0	54
0	278
0	279
1	277
1	280
0	71
0	40
0	5
4	3
1	5
0	0
0	0
0	2
0	0
0	0
0	0
0	0
0	0
0	0
0	0
0	0
0	0
0	0
0	0
0	0
0	7
0	9
8	8
0	129
0	131
0	15
0	10
0	121
0	109
3	0
0	1
0	5
2	26
0	6
2	4
1	8
7	61
0	52
2	3
0	17
4	56
0	3
5	32
0	26
0	24
0	3
0	3
0	3
0	378
0	323
0	363
0	266
0	85
0	62
0	33
0	46
0	59
0	12
0	30
0	23
0	274
0	262
0	257
0	14
0	96
0	74
1	51
0	33
1	63
0	132
4	63
0	75
1	58
27	27
11	144
0	95
34	116
6	79
0	82
0	330
1	335
0	77
0	44
0	1
1	14
2	313
0	109
2	85
0	0
0	116
0	135
0	59
2	119
0	127
0	33
0	71
0	61
0	65
1	0
0	0
114	59
0	30
1	14
0	47
54	0
0	16
0	16
0	6
1	5
0	0
0	21
1	18
1	20
1	2
0	47
158	0
0	923
0	906
0	901
0	87
0	119
0	213
7	505
1	174
34	92
114	102
3	192
0	254
0	237
6	171
8	105
0	108
1	93
5	34
1108	884
0	59
2	46
0	13
0	18
0	807
1	121
0	128
3	11
2	67
0	95
2	44
14	292
6	291
0	16
1	35
0	30
0	29
0	123
0	27
0	9
0	0
0	0
0	0
0	0
1	0
1	35
0	440
0	439
0	401
79	411
1	437
0	18
0	68
0	115
0	87
4	55
1	97
0	94
0	48
5	26
5	14
0	14
0	14
0	3
0	3
139	291
1	159
3	175
0	0
0	0
1	18317
18	17952
0	17829
0	8551
11	2711
0	2930
0	2776
0	1801
0	1
0	1
0	8
0	8
1	4
0	9
0	9
0	2
3	0
0	4
0	1
2	0
0	2
0	3
0	3
0	3
0	2
0	1
0	9
0	9
17	1688
6	1720
0	1205
1	414
1	74
27	6644
0	6606
0	5983
46	1729
0	6667
0	5980
0	1713
10	3020
0	3948
108	3576
0	2956
0	2152
0	2059
1	663
0	43
0	167
13	207
0	211
0	225
0	263
0	206
1	235
0	230
0	205
7	230
0	182
0	146
0	86
0	178
0	94
0	69
0	0
0	0
0	0
0	0
43	1
0	1
2	0
0	0
0	0
33	431
1	124
0	415
6	145
0	238
174	21
1	13
0	18
1	20
0	16
0	11
1	11
4	16
2	10
11	6
4	18
272	60
0	60
0	520
0	514
0	414
0	260
0	110
0	253
0	248
0	228
0	242
0	185
0	228
0	234
0	73
6	36
0	77
0	96
0	96
0	32
0	19
0	503
0	178
0	31
0	328
2	27
0	319
0	301
0	296
0	36
0	19
0	20
0	17
0	142
0	38
1	227
2	1846
0	144
0	1747
2	107
0	464
2	133
2	352
17	762
0	165
1	300
0	89
3	89
0	9
0	4
4	1
1069	796
0	209
2	531
0	452
0	262
0	128
0	108
0	10
0	6
0	13
1	1027
0	23
0	220
0	1058
0	376
0	23
2	5
0	37
0	51
0	39
0	111
2	71
562	233
1	10
7	60
0	90
1	48
0	76
0	12
11	1140
0	1293
6	1287
3	50
0	5
1	42
0	52
0	2
0	50
0	5
0	4
1	14
0	0
0	0
0	14
0	5
0	14
0	8
0	10
0	6
0	7
1	5
0	7
0	8
0	7
4	0
2	7
0	6
1	5
0	7
0	8
2	4
0	41
0	60
0	15
0	21
1	2
1	13
1	261
2	262
3	261
1	86
0	92
1	10
1	55
1	187
0	196
2	172
0	167
0	177
0	184
0	188
0	164
0	194
0	177
0	163
0	181
0	180
0	176
0	154
0	17
2	136
0	32
0	37
0	27
3	22
0	17
5	60288
1	0
0	96743
0	97103
0	88889
0	96563
3	96355
0	96355
0	92607
0	91205
6	96445
0	96366
0	40445
13	92783
0	89399
8	96551
1	96520
0	96329
12	89631
5	87660
0	64778
0	59945
0	6485
0	0
1	319
0	315
0	32
0	190
0	25
0	228
0	0
1	1637
2	1217
0	1669
0	1679
0	1691
0	343
0	1440
3	16
1	42
0	67
6	168
0	53
3	51
4	271
0	13
23	229
0	51
4	114
5	57
1	0
1	422
1	456
0	421
0	131
0	91
1	0
0	0
0	0
0	563
0	564
0	173
0	628
0	610
0	615
0	109
0	536
0	86
0	76
0	554
0	254
0	124
0	631
0	149
1	143
0	206
0	616
0	218
0	211
0	56
1	95
0	150
8	481
3	442
0	470
7	335
0	42
0	36
0	19
5	311
0	21
0	60
5	48
5	26
0	22
0	10
0	34
11	34
0	11
0	7
0	7
0	7
0	7
1	6
0	315
0	175
15	141
0	128
106	283
0	109
20	112
1	110
0	112
0	72
5	42
6	39
1	233
0	5
0	48
0	233
0	22
0	222
0	215
0	237
0	29
0	2
0	13
0	109
0	9
0	44
0	185
0	4
0	196
0	57
0	31
9	32
0	41
0	130
0	49
0	53
0	31
0	51
0	47
0	37
0	233
0	1
0	1
0	0
0	1
0	0
0	30
3	30
11	93
0	97
0	87
0	76
2	66
0	76
1	23
0	20
11	337
1	362
0	415
0	415
0	156
0	400
0	388
0	143
0	284
0	334
0	355
0	208
1	291
1	267
0	184
6	136
0	122
1	50
0	67
0	3
0	3
0	0
0	3
0	11
0	11
0	13
0	13
0	3
0	11
0	11
0	11
0	11
0	11
0	5
0	11
0	12
0	11
0	10
0	10
0	10
0	12
0	10
0	9
0	9
0	9
0	9
0	11
0	9
0	9
0	9
0	12
0	9
0	9
0	11
0	9
0	9
0	11
0	7
0	9
0	9
0	9
0	11
0	9
0	9
0	11
0	9
0	11
0	10
0	9
0	11
0	9
0	11
0	11
0	11
0	9
0	9
0	9
0	7
0	9
0	11
0	9
0	9
0	11
0	9
0	11
0	11
0	9
0	9
0	9
0	11
0	9
0	9
0	11
0	11
0	11
0	9
0	9
0	9
0	9
0	11
0	11
0	11
0	9
0	11
0	9
0	11
0	10
0	11
0	11
0	10
0	11
0	10
0	9
0	10
0	8
0	10
0	10
0	9
0	8
0	8
0	6
0	9
0	8
0	10
0	7
0	8
0	10
0	10
0	8
0	8
0	8
0	7
0	6
0	6
0	6
0	7
0	5
0	4
0	4
0	3
0	5
9	7
0	2
0	2
0	2
0	2
0	2
0	2
0	2
0	2
0	1
0	1
0	1
0	1
0	1
0	0
0	0
0	0
0	0
0	0
0	0
0	0
0	0
0	1
0	0
0	0
0	0
0	0
0	0
0	0
0	0
0	0
0	0
0	1
0	0
0	0
0	0
0	0
0	0
0	0
0	1
0	0
0	0
0	0
0	0
0	0
0	0
0	0
0	0
0	0
0	0
0	1
0	0
0	1
0	0
0	0
0	0
0	0
0	0
0	0
0	0
0	0
0	0
0	0
0	0
0	0
0	0
0	0
0	0
0	0
0	0
0	2765
0	2454
0	974
1	302
4	744
0	343
4	565
2	204
5	411
1	2145
0	603
0	603
0	603
0	603
6	604
0	603
0	604
0	608
5	532
0	544
0	49
0	18
0	14
0	12
1	4
0	0
0	5
0	1
0	2
0	0
0	5
0	4
0	1
0	0
0	5
0	3
0	0
0	5
0	2
0	3
0	2
0	4
0	0
0	991
0	983
0	348
3	101
2	85
0	60
0	97
0	111
0	53
0	287
0	2
0	2
0	1
0	1
0	1
1	1
0	1
0	0
0	0
0	0
0	0
0	0
0	1
0	1
0	1
0	1
0	1
0	0
0	1
0	1
0	4
0	4
0	3
0	2
0	0
0	0
0	0
0	0
0	0
0	0
0	0
0	0
0	0
0	0
0	0
0	39
0	447
0	66
1	46
0	46
0	373
0	26
0	21
0	20
1	1
0	20
0	0
0	0
0	20
0	20
0	20
0	20
0	20
0	20
0	20
0	20
0	20
0	466
0	548
0	512
6	164
2	117
0	242
0	461
0	392
0	511
3	474
0	68
0	97
0	154
0	207
0	13
0	39
1	254
0	65
0	55
2	11
2	49
0	362
0	352
0	351
0	379
0	202
0	197
0	179
0	188
17	142
9	164
0	175
0	24
24	8
0	44
0	57
0	23
2	23
0	23
1	23
0	4
10	596
0	795
2	785
1	598
5	52
5	97
0	73
0	34
0	58
0	6
0	25
3	24
0	12
0	5
0	5
2	3
0	4
129	90
0	86
0	6
0	0
1	0
0	1
0	1
0	1
0	1
0	0
0	1
0	1
0	1
0	0
0	0
0	0
0	0
0	0
0	0
0	0
0	0
0	0
0	0
0	0
0	0
0	0
0	0
0	0
0	0
0	0
0	15
0	16
0	12
0	12
0	2
0	65
0	65
0	40
0	5
0	6
0	4
11	4
0	0
0	3
2	330
5	584
50	559
1	656
0	822
0	608
0	600
1	234
0	481
0	178
1	60
0	346
0	345
0	162
0	50
0	78
0	61
0	74
0	79
0	138
0	117
0	51
0	31
3	85
1	59
0	88
0	0
0	0
0	0
1	673
0	672
0	784
3	902
0	1051
0	1412
0	1442
0	1798
1	1798
0	1817
0	2068
1	2110
0	2263
0	2263
0	2656
0	2668
0	2671
0	2662
0	2674
1	2671
0	2651
0	2626
0	2677
0	2671
0	2693
0	2677
0	2678
0	2735
0	2711
0	2720
1	2691
0	1199
0	671
4	70
3	368
0	130
0	254
0	1565
0	275
0	59
1	83
0	732
2	82
0	168
0	1026
0	104
0	1014
0	883
4	612
0	87
0	145
0	627
5	89
1	40
0	582
0	507
0	45
0	100
1	319
0	313
0	272
0	338
0	285
0	234
7	364
0	495
0	548
2	288
1	295
0	366
0	363
0	168
0	193
0	233
0	150
1	95
0	165
1	176
0	114
0	104
1	73
0	16
0	14
0	73
0	66
0	69
0	16
0	63
0	8
0	19
10	3
0	26
0	26
1	0
0	0
0	0
0	0
0	547
13	485
0	464
5	466
1	165
0	0
0	0
0	0
0	15
2	74
2	130
7	792
4	360
27	786
0	747
0	160
0	89
0	1
0	360
0	60
0	717
0	20
4	72
0	14
0	61
1	23
0	10
0	3
0	960
0	894
0	126
0	595
0	148
0	159
0	966
0	620
0	135
10	1000
0	1044
0	1027
0	1030
0	67
0	952
0	606
0	854
0	920
0	519
0	1007
2	147
0	145
0	446
0	556
0	363
0	862
1	135
0	848
0	134
0	470
0	157
0	80
0	300
12	263
0	309
0	620
0	88
0	225
2	80
0	109
0	72
10	415
0	2
0	1
0	2
0	0
0	17
245	434
0	317
11	117
0	122
0	327
1	258
1	186
2	179
1	102
0	220
0	220
0	181
2	76
0	3
0	104
0	89
0	0
0	0
0	0
1	0
0	0
0	0
0	0
0	0
0	0
0	0
0	0
0	0
0	0
0	0
0	4
1	15
0	15
0	0
0	61
0	522
16	1418
0	132
0	790
0	93
0	399
0	205
1	118
0	9
0	20
0	11
0	118
0	111
179	269
1	94
0	142
10	58
2	159
0	107
0	831
0	2
1	11
105	108
0	97
1	73
32	370
3	323
1	12
0	280
1	263
0	8
0	176
0	179
2	46
1	0
0	1122
0	593
17	599
0	895
617	152
2	92
0	736
0	1785
0	1750
1	965
1	1491
5	412
0	315
0	383
0	114
7	401
0	420
1	58
0	33
1	11
0	2
2	507
0	5
0	3
0	5
0	0
0	2
0	0
0	0
0	1
0	2
0	2
2	12
0	31
1	38
0	8
0	26
0	8
0	9
0	25
0	23
0	7
1	0
0	1
0	7
54	859
5	78
0	42
12	367
5	71
0	68
0	68
8	24
1	8
1	3
0	0
0	0
0	0
0	0
411	0
1	0
81	37
51	385
1	151
0	29
0	18
0	678
0	837
0	299
22	563
1	815
0	591
1	838
0	408
0	383
0	43
0	0
0	0
0	0
0	0
0	47
0	47
0	66
0	42
0	62
0	31
0	51
0	51
0	50
1	42
0	39
0	6
0	29
0	10
0	0
0	1
0	0
0	0
0	0
0	0
0	0
0	0
3	74
0	41
1	74
0	38
0	4
0	43
0	391
0	374
4	366
0	394
0	376
0	291
3	301
0	255
0	271
0	291
0	274
0	272
0	223
0	216
0	167
0	212
0	181
0	162
0	52
0	81
0	84
0	89
0	96
0	23
0	24
0	61
0	44
0	0
0	42
0	59
0	28
1	45
0	44
0	44
0	0
0	0
1	39
0	0
0	0
0	0
0	44
0	0
0	16
0	4
0	10
0	0
0	0
0	0
1	0
0	0
0	0
0	0
0	0
1	0
0	0
0	0
0	85
0	406
2	398
1	129
1	187
4	182
1	180
0	100
0	4
24	1312
5	266
0	266
0	1205
0	1206
0	190
0	60
1	134
1	37
0	144
0	144
2	150
0	154
0	34
13	1244
0	684
41	234
17	180
1	159
0	34
0	180
1	49
4	32
4	37
0	30
0	28
0	10
0	22
0	175
0	44
0	466
0	1
0	25
0	20
2	364
0	55
0	383
0	339
3	49
0	33
0	106
0	135
2	932
6	911
0	13
2	10
8	709
0	2
0	2
0	2
0	0
0	1
0	0
0	0
0	0
0	0
0	0
0	0
0	0
0	0
8	695
0	740
0	390
23	717
0	743
0	698
0	676
0	592
3	577
0	0
0	0
0	0
0	0
0	0
0	1742
0	2365
325	1613
0	1744
0	1768
0	2364
21	2347
0	1794
0	1849
0	644
2	133
1	561
6	221
8	239
0	321
18	241
50	295
16	127
4	116
1	104
75	108
0	116
3	107
0	128
0	45499
0	44870
0	3
1	0
127	244
0	65
0	32
49	92
1	122
0	45
2	67
2	40
0	72
0	89
0	57
0	40
0	115
0	11
0	10
4	9
4	9
1	117
0	107
0	107
0	277
0	285
0	278
11	24
1	0
0	10
1	23
0	35
0	15
0	23
0	14
0	11
0	3
0	2
0	277
0	115
1	1
2	1
0	0
0	0
0	0
0	0
0	0
0	0
0	0
0	0
0	0
0	0
0	0
0	0
0	0
1	0
0	0
0	214
4	217
0	3
1	53
0	53
0	85
6	0
4	4
0	19
0	4
0	13
10	13
0	4
2	7
0	9
0	6
0	4
1	0
76	14
0	9
0	6
8	21
0	2
0	5
0	6
0	18
0	9
1	0
3	1
0	5
0	10
37	258
0	149
1	148
2	106
0	146
0	47
0	21
9	56
254	207
10	189
0	175
0	33
0	20
0	58
286	479
0	24
0	29
12	444
13	382
8	119
128	685
0	644
0	344
0	239
8	40
0	774
4	831
12	131
2	7
0	59
2	0
16	24
0	24
0	6
0	3
1	9
15	424
0	424
0	18
0	31
0	713
0	23
0	124
0	124
0	25
0	41
1	114
0	86
0	4
0	103
2	119
0	51
0	19
0	23
1	31
1	45
0	38
0	4
70	25
0	5
0	0
0	3
1	6
0	5
0	1
0	2
0	0
3	0
2	804
164	894
1	402
0	23
0	155
0	74
2	527
0	320
0	350
0	329
0	276
2	211
0	127
1	141
0	160
0	57
1	82
0	87
1	54
0	40
7	240
1	239
1	94
0	97
5	93
0	261
0	432
0	66
0	64
0	37
0	153
2	107
61	134
0	147
0	138
0	212
2	315
0	285
0	176
17	58
0	262
0	189
1	143
6	249
16	263
0	241
0	51
0	103
0	99
0	17
0	7
2	0
0	6
0	7
0	8
0	7
0	7
0	7
0	7
0	5
0	2
0	3
0	4
0	1
0	2
0	1
0	1
0	0
0	0
0	0
0	0
1	0
0	0
1	783
2	760
4	268
1	270
0	265
503	50
5	50
2	32
52	4212
0	2021
3	2303
13	1084
15	2042
2	2014
0	2801
0	3973
0	3898
3	1780
0	1799
0	1745
2	29
2	44
0	23
0	62
0	33
0	61
0	60
1	46
0	50
0	18
0	20
0	38
0	11
0	31
0	17
0	12
2	34
27	35
0	0
0	1
0	607
32	97
0	543
21	345
0	11
0	11
0	22
0	125
0	44
0	329
27	383
5	383
1	3
0	38
21	1
135	456
5	0
0	19
33	0
0	69
4	93
0	24
12	120
0	24
0	0
0	0
1	40
1	40
0	28
0	40
0	40
0	25
0	0
0	13
8	367
0	363
0	206
0	193
0	71
0	84
1	96
0	72
0	47
1	1
0	0
0	1
0	26
0	317
0	321
0	9
4	130
0	177
33	234
29	194
0	220
0	202
0	12
0	65
0	56
0	6
0	6
0	6
0	499
18	474
0	460
0	196
0	228
1	27
2	57
0	30
0	54
0	0
0	412
0	15
0	16
0	5
1	234
0	2
0	8
0	229
1	41
0	81
0	4
0	11
0	11
0	0
0	0
0	0
3	11
1	10
0	6
0	7
1	664
6	643
0	661
0	75
85	402
25	171
142	0
0	189
0	171
0	0
0	68
0	73
0	695
4	935
1	77
0	92
0	1026
19	362
0	49
0	646
1	10
0	73
0	136
0	113
0	261
0	181
2	140
1	609
2	97
0	638
0	0
0	0
0	1
0	0
0	2
0	0
0	0
0	0
0	0
0	1
143	149
3	115
0	79
2	27
0	103
0	1163
3	47
0	83
0	1163
0	768
0	103
29	101
0	924
14	1178
8	145
1	231
0	141
0	99
6	2707
0	2726
0	2691
1	1588
1	1655
1	2038
2	2317
0	1769
0	2578
0	2520
0	2568
0	2572
0	2481
0	2369
0	1604
0	2613
1	2533
0	275
17	391
1	20
0	16
3	339
121	347
0	22
0	35
0	41
2	47
0	3
0	34
0	48
0	42
0	14
0	18
0	17
0	16
0	16
0	18
0	19
0	8
1	12
1	6
1	2
3	0
0	0
0	8
1	437
0	6
1	158
0	441
0	0
0	0
2	2
0	6
0	212
3	151
0	159
2	7
0	21
0	37
0	18
0	16
0	34
6	194
0	0
0	0
0	0
0	0
0	0
0	174
1	170
1	178
0	166
0	176
0	176
0	182
0	163
0	80
0	6
11	51
0	49
11	50
0	7
2	48
0	278
0	286
0	311
0	368
0	382
0	329
0	361
2	274
3	16
2	144
0	28
0	66
0	21
1	4
0	10
0	27
1	25
0	20
0	3
0	5
0	5
0	0
1	0
0	9
61	23
0	15
0	8
0	772
0	736
0	318
0	93
7	207
5	41
24	200
2	190
0	38
0	52
0	53
0	51
0	32
0	33
0	64
0	58
0	57
0	28
0	212
1	22
0	29
0	185
0	21
0	14
0	26
5	232
0	1209
0	493
6	319
0	236
2	194
1	90
0	64
0	0
3	47
0	47
0	1209
0	362
0	1041
1	1079
1	1118
0	1344
0	257
1	989
0	21
0	18
0	21
0	17
0	18
0	18
0	7
0	7
0	17
0	6
0	9
0	0
0	6
0	0
0	1
445	1152
1	187
1	326
0	65
1	210
0	241
5	424
7	193
5	499
36	252
0	196
0	1
0	213
0	39
0	157
0	226
0	79
0	25
0	66
0	37
3	60
2	59
0	52
0	192
0	199
3	59
0	145
953	143
0	15
9	16
0	548
0	513
0	546
0	511
0	454
12	514
0	217
0	103
0	92
0	61
0	60
0	78
0	80
0	78
0	79
6	38
0	38
0	40
0	1911
21	1911
1	300
4	187
0	40
16	42
0	106
0	99
0	99
4	92
1	74
1	50
0	6
0	6
0	5
0	14
0	12
0	5827
2	4464
0	5821
10	5036
0	7200
0	7340
0	3515
0	3756
0	7180
1	44
4	475
0	7
0	160
0	431
4	195
0	112
0	273
0	33
0	19
0	0
0	0
0	0
430	265
2	265
1	174
2	80
0	1399
1	1403
0	1411
0	39
0	878
0	32
14	88
0	448
49	364
0	63
0	346
0	10
0	18
0	25
2	99
0	80
0	104
0	29
0	27
26	141
0	34
1	52
1	76
0	32
0	77
1	31
6	81
0	26
0	60
1	83
1	255
0	238
1	228
4	274
0	376
4	254
0	0
0	0
0	0
0	0
0	0
0	0
0	0
0	0
1	14
0	20
0	19
0	168
2	21
0	35
0	22
1	149
1	21
0	17
0	166
0	171
0	42
0	13
0	13
0	17
0	20
1	13
0	19
1	44
0	61
0	18
0	60
0	2
0	2
2	0
0	1
0	2
0	0
3	1
1	1
0	1
0	1
0	1
0	1
0	1
0	1
0	0
0	0
0	0
0	0
0	0
0	1
0	1
0	0
0	0
0	0
0	0
8	233
8	239
0	115
0	76
0	12
4	67
0	7
0	0
4	0
6	2
7	9
0	2
0	0
0	2
0	6
23	58
76	58
58	45
0	45
0	20
0	11
0	16
0	11
0	12
0	8
0	1
0	0
0	2
0	3
0	1
0	2
0	1
0	1
0	0
0	0
0	8
0	1
0	0
0	0
0	3
0	0
0	1
0	2
0	0
0	0
0	1
0	1
33	22
0	280
0	36
0	23
0	157
0	278
0	267
1	103
7	148
0	19
0	58
0	139
0	141
0	193
0	37
0	65
5	86
1	5
0	6
0	6
3	6
2	472
0	301
2	423
0	432
0	324
0	241
0	146
0	352
0	229
0	203
0	114
1	143
0	90
0	81
0	19
7	60
0	611
0	374
0	607
0	186
0	409
0	4
0	4
1	4
0	4
0	0
0	3
1	4
0	4
0	0
0	0
0	47
0	50
0	50
0	50
0	50
0	50
0	50
0	50
0	50
0	50
0	50
0	50
1	50
0	50
0	36
0	47
0	15
0	12
0	4
20	20
0	0
0	20
0	476
0	930
4	850
2	595
0	410
37	583
0	356
0	183
1	161
13	362
24	461
0	579
0	621
1	144
0	122
0	121
1	134
0	30
0	0
0	0
0	0
0	0
0	0
0	0
0	0
0	0
0	0
0	0
0	164
0	131
940	164
0	66
1	112
1	317
0	327
8	115
0	55
0	54
0	33
0	25
0	0
0	0
0	0
0	0
0	0
0	0
0	0
0	0
0	0
0	0
0	0
0	0
0	0
8	122
0	333
0	325
0	184
2	77
2	184
0	0
0	0
0	0
0	0
0	0
0	0
0	0
0	0
0	0
0	0
0	0
0	0
0	0
0	0
0	0
0	0
0	52
0	10
2	67
0	67
0	62
0	61
0	12
0	47
9	0
2	11
12	0
0	3
0	10
0	2
0	11
0	11
0	4
0	9
1	66
0	53
2	3
0	63
0	2
0	62
0	58
0	51
0	55
0	6
0	9
7	7
0	2
0	13
2	27
0	9
0	65
0	1
0	1
0	0
0	1
0	4
0	0
0	3
0	3
0	4
0	4
113	13
0	13
0	4
295	617
0	375
1	134
1	224
0	131
0	36
0	120
1	106
0	24
0	81
0	113
0	6
0	89
0	77
1	37
9	0
7	226
212	354
13	283
0	135
12	276
3	196
0	21
0	20
0	15
0	5
0	9
0	6
0	21
0	3
0	6
0	126
1	59
0	122
0	136
0	156
0	17
0	207
1	77
0	160
0	77
5	19
0	40
0	185
0	25
37	169
0	178
0	27
0	106
13	78
123	132
3	43
0	89
0	75
0	20
0	22
301	615
0	615
0	5
299	116
0	69
0	112
1	76
10	3
0	0
0	0
0	0
0	0
0	0
0	0
0	0
0	0
0	0
0	0
0	0
0	0
0	0
0	0
0	0
0	0
0	0
0	0
0	0
0	0
0	0
0	0
0	0
0	0
0	0
34	21
1	21
0	9382
0	9382
0	9382
3	4550
0	8691
0	3673
1	1176
16	3022
12	5
1	2717
1492	199
3	199
0	85
0	64
1	241
0	881
2	889
0	458
14	22
4	4
0	275
0	270
0	230
0	271
0	77
0	272
0	37
0	205
0	293
15	274
0	243
4	241
0	229
0	32
0	71
0	189
0	268
1	227
0	34
0	128
0	16
0	229
0	233
0	173
0	2
0	270
0	225
0	10
0	191
0	31
0	21
0	51
0	19
0	269
0	21
0	260
0	262
0	234
0	8
0	23
0	233
0	225
0	210
0	1
0	211
3	128
0	25
5	275
0	264
0	184
0	4
19	236
0	219
0	260
0	2
0	2
0	243
0	38
5	7
0	18
0	10
0	40
0	51
1	191
0	22
0	11
0	63
0	2
0	59
0	74
0	0
0	0
0	34
2	23
0	52
0	58
0	43
0	9
0	3
0	1
0	3
0	7
0	1
0	3
0	3
0	3
0	3
0	0
1	38
0	35
0	3
0	10
2	9
0	6
0	2
0	36
0	681
0	94
0	111
0	72
1	89
1	377
0	402
1	367
2	201
4	387
0	409
0	415
0	89
59	442
0	346
0	168
0	256
0	225
0	288
0	358
0	192
0	89
0	263
1	142
0	205
0	174
0	107
5	136
12	128
0	168
0	22
5	62
10	23
0	85
0	5
0	86
0	86
1	90
29	81
1	79
0	33
0	11
0	15
1	8
0	0
0	0
0	0
0	0
0	0
3	0
0	0
0	518
0	251
0	594
0	598
0	591
0	594
0	538
2	567
0	485
0	74
0	144
18	230
0	427
0	544
0	494
0	160
0	524
0	490
0	509
0	30
0	146
0	44
0	82
0	35
5	16
1	64
1	212
0	95
3	454
0	451
0	77
0	45
2	95
0	64
0	130
0	197
0	150
0	15
0	73
0	39
0	74
0	595
0	572
505	200
2	187
8	40
0	35
0	676
1	57
0	63
0	687
0	638
3	677
0	288
0	104
6	69
0	627
40	615
4	20
2	63
0	847
0	702
0	682
0	705
1	101
15	145
0	140
0	141
0	19
0	147
0	152
0	153
1	325
0	406
0	441
0	377
0	256
4	202
4	13
0	32
0	0
0	15
0	176
0	157
0	173
0	29
2	95
0	167
0	13
0	27
0	52
0	38
0	161
0	163
0	42
0	161
0	163
0	176
0	172
0	12
0	14
0	342
0	198
0	255
1	239
0	687
0	1
3	726
0	564
1	76
8	560
0	1186
0	1186
0	1193
0	1195
0	1193
0	1032
0	1190
0	1191
0	1191
0	1188
0	1191
0	1109
0	1088
0	1185
0	1189
0	1196
0	1024
0	904
0	1076
0	1189
9	885
3	1098
0	1192
0	580
0	494
0	381
0	540
0	573
0	328
0	388
1	455
0	444
0	454
0	247
0	344
0	298
0	255
0	257
0	6
0	172
0	169
0	110
0	0
0	11
0	10
0	6
656	0
0	0
11	869
3	598
0	861
0	18
1	80
2	5
5	3133
0	3313
0	3252
0	2615
0	3286
0	3330
0	3208
6	2412
0	2485
2	2655
0	2170
0	2250
0	1992
0	1977
0	2137
0	1625
0	1789
0	2073
0	2071
0	1676
0	1513
0	6
47	6
7	22
5	50
8	30
1	13
2	24
0	11
2	47
0	115
0	16
0	5
0	82
0	70
2	105
1	14
0	2
0	7
0	15
0	38
0	386
3	390
0	220
0	240
0	16
0	36
10	107
1	46
8	339
0	347
0	356
8	234
7	247
0	312
1	37
0	60
0	81
2	86
0	236
0	222
1	57
10	113
0	37
0	90
0	54
0	39
0	13
5	18
0	14
3	24
0	167
0	156
3	116
0	167
2	115
0	154
1	163
0	172
1	51
0	27
0	126
0	131
0	13
0	7
0	0
0	10
0	16
0	9
0	4
0	25
0	0
2	10
0	18
0	11
0	3
0	3
0	0
0	0
0	2
0	31
0	386
0	383
0	390
0	255
4	8
0	50
0	14
0	24
0	35
6	31
2	0
2	25
0	25
0	30
0	26
0	26
2	21
0	22
0	19
0	387
0	390
0	5
14	893
0	893
1	206
1	22
0	64
5	57
2	117
0	73
0	84
0	84
0	84
0	83
0	81
0	83
0	1
0	3
0	46
0	46
0	45
0	1
0	3
0	78
0	97
1	409
0	170
7	462
0	478
1	82
3	79
0	210
1	129
2	50
1	16
0	1083
50	1084
7	491
0	818
1	659
11	953
0	1023
8	150
60	1154
0	1154
7	194
0	149
1	433
0	259
0	195
0	251
1	230
0	276
2	54
0	385
0	392
0	101
0	381
1	56
0	28
0	203
0	76
0	0
0	0
0	0
0	0
0	0
0	0
0	0
0	0
0	0
0	0
0	0
0	166
2	162
0	22
0	62
0	3084
1	3131
6	3095
22	1146
0	1897
0	3126
0	478
3	2988
0	3319
0	2415
1	224
0	3084
0	3084
0	708
3	638
0	657
0	2702
3	2679
0	266
0	268
0	269
0	159
0	6
1	0
0	8
0	114
3	41
0	12
0	12
0	12
0	22
0	2
0	5
0	267
0	267
0	123
0	450
9	67
0	94
5	63
109	447
3	106
0	1096
0	272
0	1096
0	1096
0	1095
0	830
0	1053
0	1095
0	117
0	1034
0	990
0	1043
0	1010
0	259
0	76
6	794
9	10836
0	3
0	14
0	14
0	15
0	12
0	10
0	2
0	1
0	8
5	182
0	612
0	587
0	555
0	537
13	542
0	550
1	266
0	154
0	335
0	542
13	202
0	498
0	540
0	549
3	567
0	547
0	116
0	27
0	24
0	24
0	19
0	10
0	19
0	1
2	17
2	13
0	13
1	13
0	12
3	7
0	1
0	1
0	0
0	5
0	24
0	7
0	4
0	1
0	8
0	0
0	0
0	4
0	0
1	18
5	0
0	166
0	223
0	279
3	23
0	52
0	31
0	170
0	23
0	75
0	335
0	321
1	345
0	25
3	42
0	52
0	44
0	172
0	77
0	142
0	16
1	89
0	42
0	183
0	55
0	253
2	159
1	2
0	2
0	0
0	336
0	336
3	48
1	34
0	43
5	236
0	284
8	110
0	106
8	15
0	71
1	11
2	6
1	14
33	32
0	23
0	0
1	38
4	27
0	7
0	494
0	38
0	34
0	24
2	27
0	0
0	8
0	8
0	8
0	8
0	0
0	0
0	0
0	8
0	8
0	8
0	0
0	1
0	3
0	6
0	19
0	19
0	19
0	19
0	19
0	19
1	19
0	19
1	19
0	19
0	0
0	1
73	18
0	0
0	0
0	0
0	0
6	767
0	767
2	700
0	2099
0	2187
3	375
0	2105
0	84
1	120
27	2055
0	2119
0	1301
23	2249
0	1822
1	2186
2	279
0	240
1	2159
2	732
1	96
1	2159
0	122
4	2075
0	2144
3	1485
54	1313
6	110
0	94
0	205
0	1
0	90
0	15
0	2
0	90
0	90
0	1
0	1
0	90
0	1
0	1
0	1
0	1
0	1
0	1
0	2
0	1
0	1
0	69
0	62
1	102
0	82
0	78
0	17
0	0
0	0
0	0
0	0
0	0
0	0
0	0
0	0
0	0
0	0
0	0
0	0
0	0
0	0
0	0
0	0
0	0
0	0
0	0
0	0
0	0
0	0
0	0
0	0
0	0
0	0
0	0
0	0
0	0
0	0
0	0
0	0
0	456
0	498
2	50
1	33
0	0
0	0
0	13
1	50
0	204
0	11
1	35
6	10
0	148
3	32
2	14
1	23
2	18
6	13
1	116
0	29
0	1524
0	0
2	0
0	80
0	95
13	143
0	137
8	34
0	82
0	29
0	53
0	13
0	52
0	53
0	52
0	13
1	4
0	3
0	22
0	17
0	4
0	1
0	23
4	7
1	22
0	18
0	1
1	2
0	0
0	0
0	0
0	0
0	0
0	0
0	0
0	0
0	0
0	6
0	0
0	19
0	19
1	19
0	19
0	19
5	39
1	39
0	0
0	0
0	0
0	732
0	8
0	8
0	8
0	0
1	0
0	3
0	3
0	1
0	0
0	0
0	4
0	4
0	1
0	1
0	1
0	0
0	0
0	0
0	461
0	416
3	435
10	111
1	415
0	282
2	159
0	70
0	110
0	251
4	60
0	151
0	111
0	152
601	334
6	137
3	12
3	54
1	50
0	78
1	104
20	140
0	137
1	83
2	56
0	140
0	146
0	31
0	407
0	361
0	395
0	26
18	364
0	7
0	310
0	255
0	20
0	0
0	0
0	0
0	0
0	0
1	403
1	51
49	402
1	361
15	337
0	91
1	4806
14	42
0	42
0	23
0	14
0	0
0	3
0	1
0	2
0	4
0	4
0	1
0	2
0	1
0	4
0	3
0	4
0	4
0	2
0	4
0	4
0	2
0	1
0	1
0	3
0	1
536	433
0	415
0	52
1	63
0	42
0	26
0	73
609	300
0	209
0	16
3	54
0	175
2	45
0	49
3	208
3	34
0	301
0	73
0	223
0	221
0	63
0	0
0	0
7	222
0	3
48	29
1	6143
0	550
1	457
1	645
0	638
13	5023
0	350
0	1018
5	699
0	6142
0	30
7	331
0	331
0	315
0	141
1	32
0	55
0	70
0	27
0	23
0	9
0	0
0	209
0	229
0	188
0	168
0	12
2	2
0	2
0	229
0	227
0	0
0	1
0	1
0	1
0	1
0	0
8	225
8	241
0	131
0	144
6	124
3	67
0	61
0	0
0	0
0	489
1	90
0	0
0	370
1	352
0	378
0	46
2	31
1	21
0	246
227	17
1	17
85	456
0	449
17	36
0	102
0	47
7	43
0	9
21	0
662	5024
42	4135
0	4294
0	3727
0	2105
23	3636
7	216
0	3336
0	3472
0	3649
0	3831
10	2058
0	432
0	3491
0	1859
0	3565
0	2047
3	2501
0	1953
0	1354
1	1408
3	990
0	432
0	817
4	190
8	51
8	1109
1	1109
0	1144
0	218
0	1193
0	241
0	1137
0	963
0	66
1	45
0	46
3	716
8	1137
0	1144
0	139
0	1114
7	389
0	103
0	982
2	33
0	1
0	962
2	957
0	238
2	477
0	400
15	551
0	2999
1	284
1	507
1	167
0	670
0	2497
0	2629
0	256
0	442
3	446
7	350
3	161
4	289
0	462
6	553
0	514
1	115
0	81
16	107
0	19
3	63
1	109
0	11
0	2
7	209
35	209
0	89
0	75
0	92
1	80
1	87
0	80
2	8
0	13
25	1
0	1
0	0
0	118
0	118
0	420
5	323
0	429
0	343
0	317
0	375
0	394
0	46
0	286
0	323
0	306
1	321
0	245
1	335
0	152
0	246
0	106
1	243
0	38
0	19
0	17
0	10
0	10
0	26
0	26
1	34
0	207
0	199
1	3
0	7
0	31
1	26
0	0
0	1
0	0
0	0
0	0
0	17
0	29
0	47
0	71
0	15
0	0
0	26
1	7
2	2
0	2
0	2
0	16
0	20
1	5
0	6
0	8
0	8
0	17
0	81
0	43
0	52
0	6
0	26
0	32
0	19
0	11
0	10
0	2
0	2
0	2
0	2
0	17
0	7
3	0
0	0
0	171
0	155
0	145
1	11
0	34
0	169
0	108
0	0
0	0
0	0
0	0
0	0
0	26
0	26
1	11
0	0
1	1
0	2
0	7
0	6
0	6
0	7
0	4
470	414
0	414
1	19
0	0
0	0
0	0
0	0
0	0
0	0
0	0
0	0
0	0
0	0
3	23
0	27
0	45
0	46
0	24
0	21
2	3
0	2
0	53
0	223
0	210
0	222
0	89
0	53
0	81
1	40
0	24
0	16
0	93
0	101
0	64
0	81
0	103
0	20
0	64
0	97
1	56
0	53
0	59
0	9
0	10
0	6
0	3
0	7
3	6
12	2297
0	2301
8	170
1	268
6	117
0	176
3	368
6	81
0	234
0	187
0	760
0	42
0	119
0	188
2	115
0	51
0	2505
0	4915
9	9616
13	9899
15	7928
0	10187
0	11368
0	23
0	9396
1	4599
86	6047
15	7814
0	10209
0	10533
0	10008
0	10030
0	8360
0	7962
0	916
0	826
4	412
3	120
0	111
0	14
0	1000
0	113
1	285
36	250
3	105
1	186
0	134
0	1
0	1
0	1
0	0
0	0
1140	330
0	169
613	619
0	444
0	550
0	374
0	237
15	249
9	824
74	824
0	9327
0	9438
5	9276
1	493
3	8920
0	4049
0	4139
1	8838
0	8981
0	4612
2	4764
0	9450
0	9042
0	274
3	74
1	298
0	474
2	8566
4	9374
10	9316
2	452
0	8578
0	4181
0	611
6	18
0	8084
0	584
0	8674
0	741
0	1448
0	344
2	8406
0	1019
4	558
1	281
1	1026
19	1591
0	2197
5	663
13	447
0	0
0	0
0	0
0	0
0	0
0	0
0	0
0	0
0	0
0	0
0	0
0	0
0	0
0	0
0	0
0	0
0	0
0	0
0	0
0	0
0	0
0	0
0	29
2	23
0	25
3	26
0	26
7	8
0	0
0	39
0	23
0	25
0	39
0	2
0	39
0	39
1	25
0	2
0	4
1	2
0	2
0	2
1	0
0	7
1674	0
1100	0
0	2255
0	2431
0	2415
2	5
732	607
0	139
1	183
5	248
0	129
0	137
3	0
9	246
0	205
1	173
0	227
0	154
0	174
0	165
0	173
0	124
0	131
0	84
0	78
0	80
0	73
0	540
0	283
0	101
0	21
0	394
0	514
0	177
0	144
0	344
0	406
0	947
0	134
3	460
1	568
0	219
0	591
0	401
0	126
9	508
0	882
6	443
0	243
0	29
0	33
0	27
0	14
0	23
0	12
0	8
0	29
1	6
0	5
0	222
0	37
2	10
0	226
0	39
10	2
0	63
0	74
0	60
0	55
0	8
1	26
0	42
3	3
0	209
0	6
0	51
0	90
1	34
1	0
0	9
0	155
0	67
5	204
51	203
0	89
0	77
0	83
0	32
25	105
1	47
27	81
2	183
0	181
0	360
38	431
24	193
0	242
0	431
10	160
0	82
0	41
0	28
0	90
0	0
0	0
0	0
0	0
0	0
0	0
0	0
0	0
0	0
0	11
55	17
0	11
10	196
0	112
0	28
0	28
0	28
1	17
0	4
90	0
0	0
0	1185
0	1180
0	1182
0	1178
0	863
13	834
1	1190
0	1180
0	1164
0	1001
0	246
0	836
0	1107
0	1115
0	1112
0	388
0	630
0	291
0	622
0	570
1	32
0	175
0	6
0	2
0	6
0	0
0	2
0	2
0	146
0	135
5	277
0	271
0	292
1	172
0	111
2	171
0	131
0	14
0	15
0	11
0	3
0	73
2	41
0	85
0	82
0	76
5	70
1	1
0	19
0	38
2	39
0	31
0	6
0	1
0	4
403	1167
7	896
5	202
0	672
1	671
1	431
0	0
0	0
0	0
0	0
0	0
0	0
0	0
0	0
0	0
0	0
0	0
0	0
0	0
7	0
0	0
0	0
0	0
0	0
0	0
0	0
0	0
0	0
0	0
0	0
0	0
0	0
0	1
0	0
0	1
6	3
0	242
1	1890
0	1900
0	129
1	57
6	758
1	160
0	136
0	60
0	74
0	72
0	0
1	1021
8	997
0	208
2	266
1	103
3	901
0	279
40	330
0	20
0	68
1	31
1	31
0	3
0	1
0	0
0	0
0	0
0	0
0	0
0	0
0	0
0	374
0	703
0	1233
0	1301
0	1252
0	1228
0	446
0	629
0	341
0	92
4	85
0	30
27	34
0	25
0	5
1	89
0	19
1	1
0	36
4	37
1	16
0	20
0	27
0	31
0	21
0	13
0	19
0	1
1	18
0	19
0	1
0	6
0	0
0	2618
0	1979
0	636
0	822
2	61
0	134
0	53
48	1037
0	223
0	71
0	483
2	984
0	15
0	15
15	8
0	5
0	1
0	2
1	3
0	4
2	249
0	48
0	79
287	291
0	58
1	69
5	2
3	1
0	1
0	230
0	0
1	95
2	0
0	95
0	231
0	269
0	235
720	542
298	365
1	485
5	252
0	63
0	40
3	52
0	118
3	94
1	307
0	280
0	206
0	206
0	114
0	108
0	93
0	47
0	10
0	9
0	1
0	0
0	0
0	30
0	29
0	26
0	12
0	13
0	0
1	8
0	418
2	340
0	100
0	9
0	11
0	11
0	378
0	386
0	375
0	318
0	94
11	6
2	6
0	91
0	408
0	569
0	566
2	563
13	229
0	0
15	71
0	1
0	1485
0	596
0	535
7	872
0	691
0	655
0	400
0	311
0	310
0	1219
0	0
0	0
0	0
0	0
0	1
0	1
0	1
0	0
0	0
4	1385
1	375
1	1645
6	156
0	687
7	2
3	1504
0	1514
0	499
0	0
0	4
15	1507
0	1099
3	126
0	0
0	0
0	34
16	45
0	230
2	57
0	77
2	33
0	18
14	181
0	213
547	1322
0	1322
0	42
0	39
0	42
0	9
0	42
0	13
1	16
0	16
0	18
2	27
0	27
0	32
0	39
0	13
0	42
0	12
0	40
0	6
0	5
0	22
0	4
0	2
0	5
615	497
12	344
2	135
2	390
2	0
0	433
0	106
1	433
1	171
0	130
3	176
0	165
2	171
1	171
3	193
0	176
0	38
0	45
4	6
31	37
0	19
2	43
0	34
0	18
0	25
0	16
0	22
0	22
2	80
1	82
310	213
1	23
0	68
3	119
6	149
5	48
0	60
0	688
1	113
0	726
0	759
0	537
0	565
0	192
0	183
0	722
2	559
16	539
14	104
5	192
3	519
0	46
0	37
80	61
0	51
0	1
1	129
417	129
3	1343
13	1344
6	758
1	875
0	678
0	784
0	828
5	1232
0	20
0	612
1	17
0	308
0	21
0	1232
1	566
0	497
0	317
1	562
0	554
0	527
0	550
0	556
0	518
0	562
0	520
0	541
0	451
2	279
4	206
0	514
0	471
0	464
0	61
13	96
0	37
1	122
0	228
0	218
0	55
0	25
0	17
0	0
0	0
0	0
0	0
0	3
0	1
0	0
3	22
0	22
0	10
0	6
0	6
0	5
0	5
0	5
0	2
0	0
0	2
0	1
0	0
0	1
0	0
0	0
0	0
0	0
0	0
0	0
0	0
0	0
0	0
0	0
0	0
0	0
0	0
2	0
0	0
0	0
11	3279
0	905
0	767
0	3301
186	4052
0	3461
1	3147
2	282
45	905
535	2621
0	237
1	212
0	227
0	18
8	5
0	5
0	1
0	1
0	4
0	636
0	636
0	636
3	634
0	539
0	521
0	458
0	45
0	21
3	36
0	19
0	52
0	41
0	25
0	60
0	21
0	6
0	42
0	38
0	34
0	0
0	0
0	0
0	0
0	0
0	0
0	0
74	552
6	401
0	158
0	36
13	242
0	240
9	69
1	3
0	3
0	4
0	0
0	0
0	0
0	0
0	4
0	4
0	0
1	260
5	260
0	28
0	212
1	238
0	200
0	191
1	117
0	298
281	299
1	0
0	77
1	14
0	25
3	17
3	3
5	25
2	18
6	13
2	14
8	14
0	24
312	2668
3	2211
0	2062
2	1263
0	2200
0	2044
0	1979
0	1558
0	938
3	1241
4	807
0	171
16	1
0	0
0	0
0	0
0	0
0	0
0	0
0	0
0	0
0	0
0	0
0	0
0	781
0	1003
3	436
0	422
0	928
0	1021
0	1035
0	975
5	1053
2	1024
1	998
0	421
16	880
0	78
0	192
0	274
0	268
0	259
0	259
0	265
1	242
0	267
0	21
0	13
0	259
0	34
0	42
0	1870
0	607
0	2751
0	852
0	825
0	754
0	2030
21	1767
0	2463
0	1156
21	826
4	2
0	2
0	853
0	451
4	760
0	13
0	879
0	229
0	875
0	874
1	19
0	13
0	844
0	868
1	307
0	131
0	242
0	84
0	257
0	43
0	331
0	511
0	876
0	307
2	97
21	580
0	1124
0	1124
1	110
0	1120
0	1149
0	1086
1	44
0	4
23	0
0	219
34	219
0	42
0	42
0	261
0	251
1	117
3	42
0	7
0	6
0	78
2	77
0	77
0	59
367	139
0	139
230	0
0	0
1	54
171	65
0	4
0	10
12	53
0	1
0	3
29	3524
10	0
2	594
3	622
0	338
0	111
1	1
1	22
1	50
0	49
1	514
6	413
0	496
0	133
0	363
1	258
0	624
1	520
0	175
0	635
1	17
15	157
3	0
30	95
0	5
196	259
0	105
0	34
0	5
0	91
0	200
0	78
0	60
0	37
0	66
0	96
0	117
0	197
7	90
1	87
4	193
0	166
0	128
0	259
1	74
0	120
0	259
0	88
4	263
0	263
181	63
0	7
0	47
0	25
14	69
0	70
0	0
0	31
0	8
0	19
0	3
0	3
0	12
0	4
0	2
0	4
2	1
0	1
0	4
0	4
0	2
0	4
31	539
2	45
0	77
0	540
0	34
0	44
3	11
0	48
0	128
0	489
0	36
2	67
1	21
6	28
4	48
0	40
0	107
18	9
0	20
0	491
43	599
0	568
0	599
0	566
0	364
0	149
0	65
0	15
0	0
0	693
0	40
0	67
0	48
0	78
0	64
0	64
0	0
0	10
0	64
1	15
0	64
2	64
0	64
0	64
0	10
0	9
0	112
25	135
0	84
0	127
7	37
1	274
0	342
0	342
0	322
1	307
0	298
1	37
0	230
0	40
0	97
0	62
1	86
8	64
1	2
0	37
1	23
0	37
0	2
0	5
2	33
0	26
0	19
0	18
0	12
0	10
0	9
0	0
0	17
0	10
0	8
0	7
0	909
0	1601
10	887
0	1565
0	1583
0	158
1	48
0	29
10	690
0	21
0	78
1	89
1	43
0	44
0	12
0	368
1	71
0	23
0	18
278	0
56	1056
2	351
0	946
7	928
8	808
0	1160
45	315
1	107
7	36
0	205
14	123
0	27
12	25
0	0
0	6
0	0
0	0
0	2
0	0
0	6
0	6
0	6
0	0
0	3
48	1117
0	286
14	937
0	797
7	55
0	328
0	342
0	359
0	364
0	227
0	351
0	343
0	361
0	345
0	362
0	357
0	349
2	213
0	524
0	316
0	326
0	360
0	340
0	329
0	361
0	506
0	372
0	373
0	354
0	319
0	361
0	20
0	51
0	45
0	304
0	281
0	282
0	292
0	282
1	242
0	219
0	181
1	187
0	141
0	124
228	0
0	609
0	609
0	609
0	597
2	9
4	607
0	597
0	604
2	607
1	457
1	457
0	24
82	25
1	20
211	172
12	172
0	1
0	1
0	0
0	0
0	1
0	1
0	1
0	1
0	0
333	437
0	19
1	2
3	37
0	9
0	381
1	11
0	4
0	204
0	206
0	48
0	594
0	473
0	0
0	0
0	1
0	0
0	0
0	0
0	1
268	317
1	130
3	206
0	18
12	43
0	26
5	62
0	111
8	165
0	165
2	2
0	31
0	1
0	77
0	55
98	157
0	79
0	109
2	50
0	134
0	40
0	52
0	36
0	41
0	6
0	56
1	60
0	21
0	32
0	12
0	0
0	0
0	458
0	457
3	372
2	340
0	291
0	145
0	135
1	106
0	91
0	65
0	50
0	75
0	77
0	73
0	71
0	72
0	70
0	67
0	52
0	45
0	44
0	42
0	38
0	29
2	14
0	13
0	0
1	0
0	458
0	0
0	0
0	0
0	0
0	0
0	616
11	781
16	1180
836	3054
6	322
0	58
0	2976
1	1806
0	414
0	626
0	618
2	344
0	925
0	0
3	1
0	3
0	3
0	2
0	3
0	28
0	40
0	3
0	4
0	18
0	9
0	2
0	4
0	3
0	1
0	38
0	2
0	2
0	2
0	9
0	38
0	38
0	2
0	1
0	2
0	3
0	0
0	0
0	38
0	3
1	24
0	3
0	6
0	31
0	25
0	2
0	2
0	3
0	3
0	5
0	10
0	3
0	5
2	3
0	3
1	11
0	13
0	0
0	3
0	0
0	0
0	0
0	0
1	4
0	2
0	15
0	107
0	5
0	5
0	17
0	3
0	2
0	104
0	2
0	14
0	25
0	2
0	87
2	105
0	3
0	16
0	86
0	16
0	60
0	6
0	40
0	2
5	0
0	43
0	277
9	298
2	298
0	81
193	81
0	81
0	37
6	105
8	107
26	7
33	5
2	114
0	41
1	31
0	8
0	108
0	348
0	327
0	352
1	332
238	580
9	580
0	250
0	120
1833	0
26	315
0	318
4	177
9	270
2	127
11	209
0	221
19	70
0	0
0	0
0	0
93	960
0	960
5	98
2	3
418	96
8	73
0	18
0	133
3	243
0	240
0	227
0	144
1	19
0	40
0	26
0	15
0	75
8	23
6	9
0	35
0	35
0	29
2	24
0	34
0	27
0	29
0	9
1	4
35	0
1	559
0	501
0	522
0	459
0	458
1	128
0	104
5	85
0	66
1	42
0	23
0	10
0	34
4	0
0	333
1	324
0	114
0	2544
17	2389
19	2133
11	929
5	2128
0	387
7	119
20	141
2	128
2	306
3	313
11	74
9	131
0	385
2	101
0	132
0	743
40	0
0	685
0	126
0	45
0	66
0	330
21	0
41	595
1	876
0	609
0	744
0	799
0	839
0	844
0	845
0	221
0	843
0	788
0	884
0	855
0	877
0	783
0	873
0	799
0	883
0	846
0	862
0	776
0	876
0	909
5	654
0	780
0	735
0	704
0	646
0	166
0	664
2	645
0	683
0	186
0	107
0	67
1	2
0	217
1	197
0	184
0	234
0	29
0	107
0	133
0	117
0	74
0	74
0	2
0	0
474	631
1	285
0	307
21	76
2	83
0	0
0	0
0	1
0	0
0	906
0	1006
0	944
1	457
1	359
0	439
0	450
0	524
1	419
0	347
0	215
0	388
1	47
0	4
0	0
1	4
0	0
0	1
0	0
0	0
0	3
2	2
0	1
3	164
0	166
4	171
0	166
12	173
360	137
0	137
0	127
2	127
0	89
0	86
23	1167
0	163
0	79
0	1
0	1
0	85
0	91
0	35
0	145
0	12
0	79
0	949
0	2
66	0
0	48
0	175
5	19
0	61
12	518
1	63
0	616
0	575
45	600
1	222
0	100
14	184
0	131
0	133
0	101
1	128
3	18
0	99
0	129
1	128
0	97
0	96
0	43
0	92
1	66
0	0
1	0
0	0
0	0
0	0
0	0
0	3
0	23
0	9
2	18
29	25
0	18
2	68
0	61
122	76
3	24
52	38
8	26
281	769
0	161
0	5
0	137
2	253
0	116
0	193
1	259
0	220
3	360
0	54
3	192
0	377
0	31
0	277
0	59
0	250
2	22
0	255
5	269
0	21
0	45
1	171
0	71
1	67
0	55
0	59
0	9
172	688
1	96
0	202
15	435
8	181
1	894
0	853
2	308
0	134
0	167
0	142
7	79
0	115
3	11
0	64
2	43
21	129
0	129
0	98
1	43
0	52
1	2
1	28
0	0
0	50
2	837
0	287
1	741
1	126
0	104
0	136
2	175
2	158
1	87
429	517
1	6
0	424
1	89
0	386
0	52
1	52
298	1079
5	54
2	893
2	73
0	126
10	9
0	899
5	243
12	628
0	0
0	0
0	0
0	0
4	386
2	0
0	32
0	386
0	0
0	378
0	15
0	46
0	0
0	0
0	15
0	1074
0	1217
232	25
0	16
2	9
0	3
0	3
0	0
0	1
0	3
0	0
0	0
0	0
0	0
0	0
0	0
0	3
0	0
0	0
0	0
0	1
0	0
0	0
0	2
0	0
0	2
0	0
0	61
0	794
0	825
1	760
0	750
1	702
0	102
0	131
2	151
2	98
0	72
0	40
0	0
0	0
0	0
0	0
0	0
0	0
0	0
0	0
97	399
0	351
0	75
0	230
2	32
0	54
4	302
18	217
3	214
4	202
1	305
19	208
19	3
0	431
0	41
0	0
0	0
0	0
0	0
0	0
0	0
1	106
2	106
0	11
0	3
0	1
0	0
0	2
0	9
0	2
0	2
0	2
0	0
0	0
10	1318
0	1329
2	559
4	114
22	106
0	1
0	0
0	0
0	0
0	2
0	0
0	0
0	1
0	2
0	0
0	2
0	2
0	1
3	1
0	128
0	128
237	483
0	483
0	0
0	0
0	0
0	0
0	0
0	0
0	0
0	0
0	0
0	0
0	0
0	0
0	0
0	292
0	27
0	34
2	283
15	228
6	121
0	141
0	210
0	43
0	375
0	242
4	254
0	259
7	259
12	345
1	146
0	353
37	381
2	259
4	181
0	285
0	379
0	370
0	64
0	198
0	349
0	147
5	149
0	127
0	10
2	89
0	5
10	10
22	180
1830	1098
0	530
0	312
0	233
1	43
3	0
13	67
0	66
0	48
0	0
0	0
0	0
0	0
0	2163
0	2273
13	344
9	830
2	1337
0	336
0	292
7	176
20	53
37	913
1	236
0	46
2	58
5	40
0	31
5	57
0	0
0	0
1	67
0	489
13	452
0	218
0	194
0	21
0	21
428	139
0	139
0	141
1	13
1	58
0	135
0	7
1	2
0	685
12	1545
0	2028
4	1374
0	1619
0	1589
0	942
0	1604
0	1582
0	1086
0	1905
0	1904
0	1148
0	543
0	174
0	0
0	0
0	0
0	0
0	0
0	0
413	27
1	1
2	26
0	16
0	84
0	76
2	88
0	529
2	76
0	111
0	517
0	87
7	55
3	78
90	402
1	93
0	0
7	2
1	2
0	2
0	2
0	83
706	113
3	17
0	21
48	3716
6	6709
153	5566
2	890
27	3495
0	214
0	6497
1	523
0	7
0	7
0	4
0	388
0	371
28	429
6	265
0	391
0	246
461	314
1	52
0	4
0	7
0	1
0	7
1	0
0	7
0	0
0	0
0	1
1	7
0	1
0	8
0	8
0	1
0	4
0	1
0	1
0	1
0	0
0	2
0	0
0	2
0	2
0	2
0	0
0	0
0	2
0	1
0	2
0	2
0	2
0	2
0	2
0	0
0	0
0	0
0	0
0	0
0	0
0	0
0	1
0	1
0	0
0	0
0	374
1	373
0	23
0	8
1	1
0	0
0	0
0	0
0	0
0	0
0	0
0	0
0	1301
8	928
1	1172
0	1263
1	919
1	483
0	1275
0	1301
0	1124
1	105
0	785
0	256
0	304
15	170
0	143
13	7
0	93
0	95
0	6
0	92
0	90
0	71
0	80
0	86
0	41
0	10
0	7
0	15
1	386
0	767
0	798
0	763
0	756
0	21
0	360
3	0
0	176
0	546
0	410
0	739
0	5
0	155
0	15
0	382
0	324
0	758
0	369
3	333
0	293
1	336
0	363
0	210
2	157
0	44
0	48
0	46
0	44
0	35
0	26
0	28
0	5
0	7
0	3
0	3
0	2
0	0
1	3
0	2
0	0
0	2
0	2
0	2
0	5
0	1
0	1
0	4
0	1
1	0
0	2
0	136
0	125
0	13
0	30
1	0
169	118
0	117
1	10
5	6
1	0
0	114
0	13
0	0
0	0
73	405
0	47
0	29
0	28
0	38
1	28
0	32
0	260
0	29
0	2433
1	2584
0	467
2	171
1	2630
0	1164
0	173
0	173
1	332
0	776
0	2624
0	2655
0	154
0	1494
0	0
0	0
0	0
0	0
0	0
0	0
0	11
0	11
0	11
0	11
0	0
0	3
0	1
0	0
0	0
0	0
0	0
0	0
0	0
2	0
1	232
0	189
0	232
4	221
0	93
3	147
0	83
0	117
1	111
0	136
0	111
2	69
1	97
0	110
0	56
0	74
0	32
1	5
657	1602
31	407
8	1372
67	678
1	674
0	486
0	526
1	514
0	472
0	629
0	373
0	809
0	617
0	76
0	65
0	356
0	747
0	174
0	181
2	173
0	164
1	37
0	136
1	21
0	21
0	6
0	15
1	19
0	70
0	55
0	47
0	36
0	6
0	19
1	18
0	17
2	28
5	7
1	28
10	36
46	36
1	592
0	212
0	7
0	4
4	9
0	2
0	0
0	0
0	0
0	55
0	83
0	138
3	20
0	36
4	92
12	13
0	134
0	45
9	137
2	7
0	0
0	139
0	680
1	667
0	625
1	634
0	686
0	139
0	7
0	65
0	369
0	0
0	0
460	57
1	47
0	10
0	0
433	67
8	75
18	8
0	497
0	6
0	500
0	508
0	12
17	10
1	6
0	10
0	112
0	0
0	0
0	0
0	0
0	0
0	0
0	0
0	0
0	0
189	846
0	695
3	341
3	99
1	108
0	109
0	109
0	3
0	86
0	75
0	1
0	4
0	33
0	5
0	5
2	23
0	109
0	86
0	27
1	0
1	478
8	443
0	96
0	141
0	263
0	442
6	39
0	73
0	437
6	136
3	195
2	141
6	5
2	70
0	0
0	0
0	0
0	0
0	0
0	0
0	0
4	0
0	0
0	0
0	0
2	0
0	394
77	394
0	0
0	0
0	0
0	0
0	96
0	91
12	23
0	85
4	88
0	54
3	100
0	102
0	84
0	76
0	44
0	5
0	15
0	43
0	56
0	2
0	20
0	31
0	17
0	40
0	9
1	7
0	1069
0	1081
0	1102
0	21
0	8
0	318
0	50
0	2
0	2
0	2
0	2
0	0
0	1
0	0
0	0
0	1
0	1
0	3
0	28
0	2
0	3
0	37
0	33
0	32
0	0
1	46
1	23
0	25
0	48
0	32
0	0
0	24
0	38
0	24
0	25
0	24
0	0
20	8
0	1
1	6
2	1
1	1
0	51
0	51
0	50
0	46
0	45
0	41
1	0
0	3
0	1
418	0
0	175
0	172
0	159
0	193
0	48
0	123
0	43
0	93
0	43
0	38
0	20
0	50
0	45
0	40
0	37
0	22
0	28
0	4
0	173
0	303
0	295
0	213
0	16
0	40
0	169
0	205
0	121
1	232
0	300
0	7
0	329
0	17
0	75
0	190
0	262
0	9
0	199
0	52
0	260
0	239
0	234
0	240
0	2
0	39
4	12
24	150
0	21
24	103
1	10
0	18
0	12
0	88
0	537
30	914
0	415
2	633
14	82
1	1034
4	1029
4	1020
12	1038
1	500
0	37
0	233
2	49
0	48
0	103
0	19
0	38
0	30
0	32
0	64
0	73
0	108
1	839
0	799
0	830
0	305
1	783
0	762
2	829
0	851
1	699
1	479
16	846
27	85
0	661
1	72
2	431
0	0
0	0
0	0
0	0
0	0
0	36
0	32
0	29
0	32
71	44
1	48
0	40
0	38
0	31
3	28
0	40
5	44
0	11
0	0
0	0
487	0
0	7
0	7
0	42
0	113
1	113
0	0
0	6
0	7
0	102
0	2
0	33
0	113
0	38
0	3
2	9
0	8
0	2
0	1
0	2
0	2
0	2
0	2
0	1
0	3
0	1
0	0
0	1
0	0
0	11
0	16
0	12
0	9
1	4
0	2
1	1
0	1
0	1
0	1
0	1
0	1
179	193
33	126
0	2
0	65
0	49
0	34
0	8
0	6
0	9
0	8
0	12
0	7
0	10
10	36
0	15
0	34
0	11
0	13
10	0
1	7
0	7
0	4
0	7
0	1
0	6
1	7
0	7
0	0
0	2
0	1
0	1
6	14
0	14
0	0
0	0
0	0
0	0
20	61
0	32
0	28
0	22
0	19
6	9
0	9
0	8
0	4
0	188
2	241
270	1901
0	123
0	288
1	1411
1	476
1	8
0	8
0	3
0	6
0	0
1	271
0	2
0	11
0	116
1	35
0	269
1	10
0	269
0	8
1	1
0	9
0	3
0	3
0	0
0	0
0	0
0	0
0	0
0	0
0	0
0	0
0	0
0	0
0	0
0	0
0	0
0	0
0	0
0	621
0	624
0	608
0	600
0	610
0	620
0	609
0	599
0	611
0	599
0	596
0	589
1	529
0	632
0	646
0	529
0	569
0	584
0	537
0	258
0	194
0	246
0	71
0	32
2	0
0	40
0	84
0	84
0	84
0	13
0	24
0	69
0	56
1	34
0	29
1	17
2	653
0	45
2	488
0	21
0	423
0	454
0	372
0	533
11	520
43	411
9	173
10	68
1	260
39	397
1	354
0	43
0	126
3	17
2	86
0	16
0	32
0	30
0	3
0	3
0	3
0	2
0	1
0	2
0	2
0	0
0	0
0	0
0	0
0	0
0	0
0	0
0	0
0	0
0	0
0	0
0	284
1285	2196
19	994
0	282
1	1641
23	768
0	438
10	556
0	307
6	2022
0	1761
0	174
0	113
0	277
2	84
0	460
0	155
6	77
0	327
2	288
5	159
0	400
0	119
13	658
1	105
7	131
0	0
2	7
0	5
0	6
0	7
0	2
0	3
0	0
315	0
0	0
0	0
0	0
0	0
0	0
0	0
0	127
0	126
0	79
0	38
1	41
0	17
0	31
0	29
0	14
0	16
0	16
0	14
0	313
0	266
8	219
0	295
0	0
0	0
0	0
0	0
0	8
0	32
0	32
0	31
1	34
1	30
0	30
0	32
0	0
1	2
0	2
0	2
0	1
3	2
0	2
0	9
0	3
0	0
0	0
0	0
0	0
0	0
0	0
0	0
0	14
0	14
1	14
0	2
0	0
0	2
0	1
0	0
0	0
0	0
2	2
0	2
0	0
0	0
0	0
0	0
0	0
0	0
0	0
0	0
0	0
0	0
0	687
13	206
0	271
0	225
0	142
8	0
1	18
0	26
0	25
0	8
0	648
0	690
0	0
0	371
7	371
0	116
0	325
24	427
0	429
2	208
13	391
1	420
1	395
0	27
0	25
0	59
0	3
0	10
0	49
0	49
0	49
0	49
0	39
0	4
0	28
0	26
0	7
0	37
0	33
0	20
0	1
0	0
0	0
0	0
0	0
0	0
0	0
535	0
0	0
0	5
0	2
0	2
0	2
0	0
22	2507
0	2493
0	1261
1	511
0	457
0	380
0	257
0	330
1	275
0	249
0	227
0	69
0	91
2	0
0	0
0	0
0	0
0	0
0	0
0	0
0	0
0	0
0	0
0	0
0	0
0	0
0	0
0	0
0	903
0	892
0	896
14	385
1	775
1	786
0	726
0	610
0	549
0	532
0	505
0	109
2	69
0	53
0	160
0	273
0	224
0	226
0	124
0	46
0	46
0	16
0	21
0	31
0	39
0	1
0	0
0	1
0	1
0	0
0	0
0	0
0	0
0	0
0	1
0	1
0	1
0	0
0	62
8	2
0	1
0	5
2	17
0	15
3	7
0	8
3	32
9	47
0	769
0	843
0	769
0	504
0	769
0	819
0	770
0	817
0	767
0	767
2	794
0	502
2	767
6	767
0	767
0	766
0	743
0	699
0	455
0	419
3	0
0	0
0	0
0	1
0	0
0	95
0	103
0	96
0	91
0	20
0	92
137	91
0	0
1	6
0	4
43	85
0	0
0	0
0	0
0	64
1	50
3	37
0	48
0	62
0	67
0	55
2	36
6	304
0	304
1	91
1	11
0	299
18	267
0	252
0	273
0	53
0	98
98	297
3	259
9	180
0	537
0	540
0	539
0	355
0	95
0	5
0	17
0	180
1	20
0	13
0	75
0	474
0	457
1	24
0	76
0	75
0	303
0	17
0	0
2	146
0	215
10	477
1	119
0	41
0	307
5	285
2	231
0	131
2	41
0	0
3	35
4	525
2	551
0	147
0	75
0	147
0	147
0	148
0	151
0	133
0	147
0	22
1	1
0	77
0	1
1	1
2	5
0	710
0	725
0	681
0	697
0	706
0	61
1	1554
22	1620
4	318
0	80
0	0
0	0
0	0
0	0
0	0
0	0
0	0
0	0
0	0
0	0
0	0
0	0
0	0
0	752
0	346
0	722
0	691
0	235
0	149
0	241
0	688
1	0
0	1
0	1
0	626
0	533
0	578
0	645
0	732
0	826
0	629
0	774
0	564
0	196
0	0
0	384
0	232
0	766
0	0
0	32
0	0
0	505
13	67
0	0
0	27
0	0
0	52
0	726
1	699
0	197
0	148
0	0
0	329
0	2
0	2
0	36
0	39
0	36
70	255
14	249
0	62
0	34
0	559
0	1845
0	1975
0	1134
0	611
3	301
0	579
0	134
2	385
2	355
4	18
12	6
1	98
0	123
0	949
0	872
0	842
0	788
14	69
5	70
0	106
1	496
0	478
0	526
0	529
3	476
0	441
0	205
0	221
0	218
0	202
9	56
0	82
1	61
1	117
0	114
0	116
0	96
0	65
0	44
0	38
1	43
0	41
0	14
0	7
0	470
0	497
0	500
0	400
1	12
2	127
11	127
0	29
0	13
18	228
0	211
14	393
0	475
0	153
4	117
0	52
0	24
0	1
0	0
0	1
0	1
0	0
0	0
0	0
0	0
0	0
0	0
0	0
0	0
0	0
0	1
0	0
0	0
0	0
0	1
0	267
0	255
1	263
0	236
12	133
0	189
0	47
0	193
0	178
0	171
0	181
0	164
0	31
0	9
0	25
18	18
13	55
0	23
0	25
0	20
0	20
0	17
0	10
0	10
0	13
44	102
32	31
0	50
0	23
1	48
2	61
0	53
0	25
4	53
0	72
1	36
1	38
0	93
0	51
0	45
0	0
0	0
0	0
0	64
0	70
0	117
0	2
1	2
0	1717
1	489
0	1302
0	1400
19	813
0	570
1	379
1	1225
10	666
0	122
0	574
0	671
0	544
1	450
0	364
1	178
0	50
1	1
0	34
0	266
5	26
1	257
0	5
8	208
0	255
2	207
7	19
3	17
7	56
0	48
5	102
1	86
3	48
18	71
1	37
0	56
9	44
0	13
0	5
0	0
0	5
0	1
0	3
0	2
0	5
0	22
0	18
2	20
0	11
0	26
0	2
1	0
0	0
0	0
0	0
0	0
0	0
0	0
0	0
0	0
1	0
0	2
0	2
0	110
0	297
3	801
0	72
37	1101
2	223
0	1029
1	111
0	428
1	186
68	429
0	268
2	132
0	572
24	1144
0	1022
0	1024
0	946
0	895
0	1133
0	502
0	254
1	1135
2	115
0	954
1	569
0	0
0	17
0	120
0	17
0	31
0	120
0	106
1	10
0	120
0	33
0	26
0	116
0	19
0	23
0	22
0	63
325	170
12	170
0	17
0	15
0	41
0	267
0	332
0	318
0	351
16	265
0	304
0	321
0	209
0	121
0	158
0	132
0	122
0	43
6	9
0	30
0	24
1	24
0	0
0	0
0	0
2	0
0	0
0	0
0	0
0	0
0	0
0	25
0	6
0	5
0	0
0	0
354	339
2	341
0	52
0	51
0	2
0	0
0	0
0	0
0	0
0	0
0	0
0	0
0	0
0	0
0	0
0	0
0	0
0	49
0	71
0	62
0	66
0	58
0	66
0	54
0	72
0	53
0	33
0	6
0	25
0	16
0	27
0	19
0	0
0	0
0	0
0	0
51	0
0	21
0	178
0	180
10	21
3	139
0	397
41	246
0	399
10	390
0	407
0	147
7	101
0	99
0	10
11	4
0	1957
10	523
0	413
215	105
0	27
1	73
0	104
4	41
4	51
3	30
0	733
0	317
8	784
0	34
1	45
10	1443
7	877
0	608
0	472
0	615
0	475
0	24
0	334
0	63
0	472
0	258
1	325
0	53
0	476
0	477
0	319
0	98
0	118
0	259
0	64
0	61
0	475
0	57
0	20
0	18
0	0
0	11
0	5
1	323
0	369
0	426
0	295
2	413
0	1
0	1
0	1
0	1
0	1
0	0
0	0
0	0
0	42
24	437
3	279
0	387
2	56
0	339
0	0
3	15
0	92
0	177
0	185
0	91
0	177
0	161
0	171
0	156
0	164
0	169
0	131
0	117
0	143
0	109
0	164
0	139
0	147
0	101
3	109
0	147
0	69
0	135
0	149
0	146
0	126
0	129
0	111
0	117
0	117
0	91
0	80
0	84
0	88
0	142
0	105
0	108
0	49
1	117
0	91
0	28
0	97
0	55
0	85
0	24
0	68
0	36
0	8
0	29
0	53
0	45
0	23
0	46
0	45
0	22
0	23
0	0
0	0
0	0
0	0
0	0
0	0
0	0
0	317
4	75
1	334
2	73
2	59
3	96
0	30
0	5
0	4
0	2
0	1
0	2
0	0
0	0
0	0
0	0
0	0
0	0
0	0
0	0
223	166
0	166
0	0
0	0
0	0
0	0
0	0
0	0
0	0
0	0
0	0
0	0
0	0
0	0
0	573
0	573
35	361
4	414
0	138
22	163
0	504
0	354
0	311
1	171
4	141
0	335
0	280
0	286
0	198
0	132
0	81
0	127
1	21
0	72
1	0
11	0
0	462
30	340
13	303
3	22
21	760
0	718
0	620
0	468
7	423
0	436
1	225
0	223
0	172
25	224
0	122
1	131
0	60
23	131
0	82
7	70
2	49
1	0
0	295
0	272
2	148
1	181
5	242
1	209
0	113
0	110
0	88
1	91
0	139
0	26
1	0
0	0
0	0
0	0
0	0
0	0
0	0
0	0
0	0
3	87
0	87
0	68
1	87
4	219
0	200
272	1340
0	204
0	638
0	212
0	478
3	3
0	659
2	338
23	191
0	0
0	0
0	0
142	3
0	2
0	1
0	1
0	1
0	1
0	1
0	1
0	0
0	0
0	0
0	0
73	94
0	80
0	78
0	15
0	15
1	38
2	80
0	43
0	36
15	151
0	151
1	5
1	255
0	361
17	1
0	13
17	54
0	419
6	122
0	489
0	482
0	473
0	196
1	57
0	59
0	25
1	9
0	2
0	359
0	366
0	11
0	26
8	336
0	331
1	153
2	270
1	323
33	148
0	60
2	33
0	68
4	18
250	18
2	18
0	8
0	70
0	70
0	70
0	70
0	62
0	24
0	236
11	236
4	241
2	241
1	171
0	1
0	1
0	1
0	1
0	1
0	1
0	0
0	1766
0	1809
0	1715
0	1672
0	1769
0	1715
0	1760
2	1781
0	1842
57	1791
0	1833
0	1793
0	1799
0	1842
0	1862
0	1890
0	1799
0	1893
0	1887
14	549
1	1807
27	1843
0	1757
0	1849
0	1738
0	1805
0	1934
0	1790
0	1694
0	1862
0	1748
0	1791
5	1777
0	1640
1	720
70	997
18	16
0	16
0	39
0	47
0	40
0	40
0	6
0	2
0	8
0	3
0	0
0	4
0	0
0	0
0	185
0	258
0	229
0	261
1	216
1	43
0	53
0	58
0	2
0	829
0	826
0	826
4	782
0	806
1	819
0	802
1	518
0	766
0	774
0	787
0	782
0	819
0	806
0	810
0	774
0	806
7	104
0	775
3	759
0	803
0	765
0	87
0	461
1	752
0	758
0	560
17	646
0	423
1	165
0	188
1	161
29	194
0	158
1	27
80	424
2	337
0	54
0	177
77	132
0	127
0	56
0	61
0	42
3	50
0	45
0	28
0	40
0	18
0	4
0	11
0	169
0	132
0	726
1	662
0	634
0	131
0	367
0	132
1	132
0	106
0	0
0	0
0	0
1	0
0	0
0	0
0	0
0	0
0	0
0	0
0	0
0	0
0	0
1	0
0	0
0	0
0	4
0	2
0	2
0	4
0	4
0	45
0	44
0	2
0	1
0	1
0	5
1	4
0	0
0	0
0	0
0	0
0	0
0	0
0	0
0	0
0	4
3	315
0	316
0	155
3	53
0	69
0	54
0	29
2	9
103	144
0	144
2	36
0	30
2	25
0	3
0	23
0	1329
0	4
0	1312
0	416
0	596
0	1291
0	1273
0	843
2	490
2	1307
1	1275
0	1294
0	1297
2	901
5	797
0	1189
0	341
0	1116
0	683
0	1098
0	367
0	635
0	864
0	20
0	637
0	168
0	175
0	97
0	151
0	23
0	163
0	57
21	119
0	58
3	98
0	60
0	32
0	46
0	38
0	10
0	101
0	889
0	15
0	903
0	102
0	307
0	798
0	77
0	90
0	104
0	174
0	0
0	0
0	169
4	165
1	33
1	9
0	168
26	107
0	101
2	339
2	322
0	352
0	484
0	343
0	242
2	455
0	506
0	535
0	471
15	567
0	578
0	426
0	573
0	520
0	427
0	586
0	454
0	448
0	465
1	372
0	101
0	80
0	353
0	455
0	182
1	1003
0	458
94	1066
0	443
0	460
0	1034
0	94
0	108
1	1005
0	216
0	141
0	296
0	307
0	109
0	105
3	46
0	32
0	163
0	48
0	528
0	531
0	603
2	543
0	51
0	170
0	93
0	149
0	80
0	50
1	2
0	789
0	778
1	697
0	453
0	382
2	397
0	70
0	89
0	73
0	44
0	12
0	2
2	130
1	135
14	135
203	49
0	49
0	267
26	122
0	465
0	198
0	474
0	491
0	402
0	475
0	508
0	489
0	465
0	45
0	485
3	2
1	14
1	13
1	315
0	274
0	468
0	107
0	6
0	6
2	252
0	252
0	131
1	128
0	17
0	20
0	9
0	10
23	610
36	626
3	0
0	18
0	29
0	17
0	16
0	29
0	0
0	4
0	29
0	18
6	32
0	6
0	12
0	0
0	4
0	0
0	0
0	45
257	102
0	87
0	91
0	14
0	14
0	0
0	0
7	6
0	6
0	4
1	656
0	669
0	251
0	652
33	6
0	52
0	18
0	4
60	88
2	88
0	5
435	93
0	21
4	47
0	82
0	23
0	200
2	198
1	110
0	54
0	12
0	35
3	4
0	184
0	198
0	199
0	199
0	200
2	189
0	185
3	1486
2	1353
0	719
0	338
1	426
1	121
0	224
5	128
0	292
0	216
0	297
6	0
0	414
0	180
0	393
8	339
44	157
0	135
0	0
0	1877
226	1803
6	968
7	140
0	765
1	389
0	575
1	393
0	129
0	111
0	106
915	0
0	1
0	1
0	1
0	1
0	1
0	1
0	0
0	0
0	0
0	0
0	0
0	0
2327	0
0	0
0	4
43	4
0	0
0	0
137	129
0	0
0	0
0	294
0	298
0	189
0	229
0	74
0	22
0	21
0	23
0	4
0	13
0	0
8	185
0	164
0	0
0	12
0	17
0	19
0	17
0	13
0	42
0	17
0	23
0	12
0	8
0	7
0	42
0	21
0	1
0	21
0	23
0	21
1	82
0	6
1	0
0	171
0	90
0	12
0	33
1	74
0	18
0	21
0	14
25	155
9	143
0	30
9	138
0	22
0	19
0	0
1	99
0	50
0	5
0	14
0	92
0	15
0	0
0	67
9	70
16	161
0	148
0	68
1	13
0	0
187	0
10	0
0	53
0	53
0	7
0	372
0	367
41	259
0	264
0	351
0	115
0	29
0	240
0	231
0	222
1	20
0	217
2	30
0	47
0	19
1	15
0	27
0	46
0	17
0	47
0	16
0	21
0	22
0	26
0	20
0	18
0	20
0	11
0	16
0	9
30	121
0	560
4	176
4	523
3	159
12	137
0	22
3	318
14	101
0	259
7	213
0	59
0	217
0	433
0	624
0	544
29	431
4	590
0	280
5	480
3	204
36	535
0	521
0	41
0	534
2	533
0	119
0	535
0	203
2	533
0	551
0	104
0	117
0	533
0	501
1	146
4	4
9	428
4	413
0	5
0	5
4	8
1	8
83	929
32	987
3	980
0	69
0	41
2	11
495	186
1	8
0	186
0	0
0	0
0	0
0	0
0	0
0	0
0	0
0	0
221	502
5	120
6	458
0	6009
4	3039
0	371
4	371
1	5788
74	5991
21	332
0	6009
799	118
1	118
2	9
0	40
118	113
7	113
12	57
0	50
4	8
5	34
0	0
6	250
0	250
0	250
0	66
0	52
0	64
0	55
0	50
0	47
0	109
0	119
63	196
0	102
23	0
2	4
0	55
0	83
20	181
0	182
31	121
0	0
13	12
0	29
1	44
0	26
3	68
17	93
6	1
0	1
0	0
0	0
0	316
0	292
16	333
0	275
0	357
0	251
0	283
0	249
4	234
6	148
0	82
0	134
0	187
4	114
0	140
11	137
0	120
0	28
0	62
0	41
0	1
0	31
0	14
1	798
0	689
0	491
0	491
0	576
0	678
0	783
0	231
0	344
0	782
13	806
0	780
1	797
0	743
0	697
0	562
2	811
0	783
0	300
1	476
0	357
1	81
0	47
0	34
0	7
0	7
0	4
0	4
0	3
0	3
0	78
0	15
0	177
57	371
2	340
0	155
0	288
2	140
0	88
12	62
0	0
0	13
4	12
112	13
0	17
2	4
33	84
0	12
4	12
1	76
2	69
18	196
7	129
19	154
10	93
0	65
0	103
0	777
0	1280
0	156
3	1167
0	217
1	70
0	142
5	84
19	611
14	3
0	3
210	1070
0	978
2	976
1	221
0	332
11	78
1	94
1	726
3	157
0	86
1	16
0	74
0	332
0	172
1	116
0	100
0	42
4	273
387	644
3	567
0	0
0	0
0	0
0	0
12	97
0	35
1	7
0	126
0	128
0	66
0	67
0	39
0	33
0	26
0	21
0	5
0	3
0	2
1	6
0	0
0	0
0	0
0	0
0	0
0	0
0	0
1	431
0	202
18	31
0	425
0	21
1	20
1	18
0	149
3	188
0	289
0	300
0	295
3	76
3	140
0	280
0	48
0	30
0	4
0	4
0	1
0	0
0	0
0	0
0	0
1	3
0	80
0	13
0	22
0	25
0	22
0	0
5	35
4	46
0	289
0	146
4	117
1	20
0	31
0	17
0	62
2	14
1	43
0	37
0	49
0	188
0	103
0	64
0	73
5	25
0	76
1	50
0	44
0	289
0	0
0	0
1	1813
0	97
0	1811
0	1776
4	111
0	1771
0	106
5	157
36	154
0	220
1	224
1	958
0	156
2	19
2	179
0	170
0	219
3	192
0	164
0	8
0	69
110	160
0	92
0	182
2	17
0	12
1	17
13	69
0	58
0	19
5	8
0	6
0	5
0	1
0	3
0	3
0	3
0	0
0	0
1	8
0	0
0	0
0	0
0	0
0	0
0	0
0	0
0	0
0	0
0	0
0	0
0	0
0	0
1	7
1	6
2	13
1	196
8	204
8	6
11	2
2	2
1	6
0	1
0	78
0	1
1	2
0	79
6	1050
0	1013
1	399
0	1058
0	804
0	522
1	67
2	55
0	0
0	1
0	1
0	78
0	50
0	1
0	138
0	37
0	136
0	10
1	9
0	42
1	2
8	2
0	20
3	14
0	6
0	7
0	7
7	21
3	31
0	41
1	21
0	82
0	12
3	20
0	50
0	30
0	22
0	21
0	16
0	6
0	30
0	30
0	18
0	2
0	1
0	1
0	0
0	77
0	49
0	3
0	3
1	3
0	3
0	3
0	0
0	0
0	0
0	0
0	77
0	11
0	0
0	0
0	0
0	0
0	0
0	0
0	0
0	0
0	0
0	0
0	0
0	0
9	29
1	29
0	8
0	0
3	63
0	76
0	3
1	14
0	21
0	57
0	12
0	13
0	32
0	34
0	2
1	25
0	229
0	238
0	228
0	153
0	47
1	227
0	238
0	239
0	229
0	237
3	232
0	225
0	228
0	237
0	210
1	211
0	113
2	221
0	205
0	156
0	114
0	58
0	126
1	48
0	81
0	93
0	114
0	114
0	34
0	83
0	53
0	86
0	60
0	84
0	51
0	64
0	57
0	63
0	10
0	52
0	32
0	2
3	5
0	56
0	54
0	53
0	44
0	52
0	52
0	25
0	42
0	52
0	52
0	48
0	46
0	34
0	31
0	32
0	39
0	37
0	35
0	37
0	29
0	27
2	9
0	37
0	35
0	35
0	25
0	37
0	22
0	20
0	30
0	20
0	28
0	16
0	9
1	2
0	0
0	0
0	0
0	0
0	0
0	0
0	0
0	77
0	6
1	83
0	0
0	77
66	71
0	126
0	110
0	3
1	0
0	2
0	14
0	14
0	14
1	3
0	0
0	14
0	14
10	974
0	904
0	907
0	912
0	899
0	907
0	907
2	878
2	739
1	379
0	68
0	40
0	2
0	2
0	2
0	2
0	433
0	876
22	1717
0	920
0	1725
0	1146
0	1664
0	1594
0	1597
0	1583
0	1551
0	1365
0	1324
0	1591
0	914
0	200
0	531
0	484
0	119
0	19
2	5
0	83
0	6
57	80
0	2
0	48
1	74
0	55
0	74
0	0
0	0
0	0
0	384
10	379
6	380
0	287
0	1
0	78
0	77
0	96
11	776
0	308
0	817
1	136
0	163
0	210
0	138
0	79
2	25
0	254
0	353
0	337
0	337
0	345
0	339
0	326
0	28
0	89
0	78
0	28
1	12
0	1
0	0
0	0
0	0
0	0
0	0
0	0
0	0
0	0
0	0
0	0
0	3
0	59
0	19
0	15
0	7
0	13
1	8
0	0
1	7
0	15
13	12
0	63
0	129
0	151
21	148
0	22
1	3
0	94
2	185
0	95
0	61
0	172
495	214
0	89
0	49
0	49
0	78
0	63
0	1
0	41
1	776
0	51
1	776
0	624
0	8
11	0
0	44
0	241
0	3
0	3
0	1
2	1
0	1
0	102
7	228
15	421
1	261
0	0
14	67
0	106
0	106
0	83
0	83
1	31
0	19
0	7
0	7
3	390
13	49
0	43
0	41
1	282
73	69
0	343
1	51
5	8
0	33
1	10
0	0
0	0
1	19
4	19
0	12
0	11
0	21
1	98
0	0
0	58
0	11
0	12
0	9
0	13
0	17
0	4
0	18
0	1
0	0
0	1
0	1
0	17
1	4
0	0
0	0
0	0
0	0
0	0
0	0
0	0
0	0
0	0
0	0
0	0
0	0
0	0
0	0
0	0
0	0
0	0
1	6
0	6
1	1
0	1
0	1
0	1
0	1
0	0
0	1
1	11
0	0
0	1
2	5
1	5
2	5
0	0
0	0
0	0
0	0
0	0
66	0
2	1126
1	1101
0	1275
0	104
0	76
94	26
2	26
0	142
284	142
7	0
1	91
2	7
8	95
0	28
4	13
0	21
5	20
0	24
0	7
1	19
12	17
0	17
0	32
0	32
2	72
0	9
0	7
0	74
1	8
4	739
1	716
2	764
0	16
0	47
5	25
0	1
0	1289
0	859
0	1244
0	143
1	543
0	1274
0	1290
0	248
0	1238
1	166
0	1246
0	158
0	213
0	216
0	15
0	15
0	12
0	15
0	15
0	12
0	3
0	4
0	4
6	8
0	3
4	2
0	0
0	0
0	0
0	0
0	0
0	27
0	26
3	27
0	27
0	24
7	24
1	16
6	11
0	23
0	7
30	85
0	52
0	47
0	48
0	66
0	42
0	38
0	28
0	7
0	8
0	4
0	7
0	9
0	34
0	0
0	0
0	0
0	0
0	0
0	0
0	0
1	410
36	528
0	1606
0	218
13	140
3	1685
11	144
0	780
0	493
0	668
0	726
0	566
0	1612
0	239
0	318
0	621
5	537
13	138
20	261
0	357
6	133
11	584
0	10
0	10
0	10
0	2
0	2
0	1
0	3
0	1
0	1
0	3
0	0
0	0
0	37
0	295
0	1
0	29
0	0
0	34
1	290
0	8
0	295
0	289
0	30
0	15
1	297
0	15
0	24
2	43
0	21
2	66
0	73
0	35
0	27
0	16
0	16
0	6
0	59
0	61
15	462
25	315
0	464
0	58
0	121
0	109
0	28
93	1144
0	70
0	57
4	1057
0	969
0	559
0	76
0	65
0	1000
0	61
0	103
0	133
4	53
0	115
0	211
0	1145
0	1010
0	1083
0	199
2	517
0	981
0	902
0	163
0	950
0	436
1	1015
0	873
0	292
0	1024
2	214
1	379
0	1050
0	281
0	243
0	821
0	535
0	34
1	71
0	451
0	40
0	117
0	574
0	36
0	101
0	529
0	322
0	174
0	253
0	78
0	1059
0	0
1	0
0	0
0	0
0	0
0	0
0	0
0	0
0	0
378	1
0	64
0	64
0	38
0	17
0	14
0	0
172	48
0	38
0	36
0	8
0	0
0	0
0	0
0	0
0	0
0	4
1053	951
2	785
1	860
0	718
2	313
1	438
0	0
0	0
0	0
0	0
0	0
0	0
0	0
1	6
1	106
8	106
1	19
3	7
0	7
0	7
0	7
0	5
1	7
0	7
0	5
0	0
0	0
0	0
59	859
0	664
0	741
0	106
0	84
1	75
3	0
5	31
0	2
0	35
0	36
0	36
0	8
0	31
0	36
0	28
0	29
0	27
0	20
0	24
0	24
0	25
0	21
0	26
0	32
0	31
0	31
0	32
0	32
0	34
0	0
0	22
0	0
0	28
0	1
0	27
0	28
0	28
0	25
0	23
0	22
0	23
0	10
0	12
0	17
0	17
0	6
0	17
0	12
0	12
0	10
0	10
0	9
0	3
0	6
0	6
0	9
0	0
0	0
2	8
0	123
0	102
0	138
0	111
0	125
0	122
0	124
0	97
0	108
1	106
0	90
13	114
0	184
6	106
0	122
0	164
0	3
1	47
0	21
0	21
1	12
0	1
0	8
10	8
6	4
0	5
0	2
0	1
0	1
227	39
2	749
0	741
0	812
0	848
0	747
1	791
0	843
36	810
0	691
0	731
0	794
0	690
0	805
0	742
0	853
19	797
0	728
0	332
0	771
0	815
0	813
3	809
0	783
0	815
0	785
0	585
0	118
2	72
43	70
0	67
7	464
0	64
202	651
0	46
0	46
2	51
0	596
0	154
0	130
247	177
1	9
34	23
0	139
5	41
0	55
12	52
0	94
0	3
1	4
0	17
786	221
0	18
0	85
1	110
0	51
0	44
10	458
4	458
1	375
0	13
0	15
0	23
2	240
6	32
0	18
3	66
13	73
0	41
0	36
0	56
0	28
0	43
0	17
11	707
0	580
0	567
0	557
0	25
1	35
0	431
0	462
0	643
2	21
1	40
0	419
81	688
20	1003
18	961
0	517
5	326
1	83
2	108
5	73
0	102
3	113
9	123
0	120
0	69
0	49
0	14
26	19
0	15
0	3
2	1739
0	1652
2	307
0	238
0	1577
6	1297
0	116
3	156
0	705
0	675
9	811
0	788
0	218
0	697
0	331
1	517
0	160
1	316
0	28
0	28
2	25
0	21
0	23
0	5
0	312
0	312
0	303
14	205
0	295
2	65
2	73
1	26
7	16
0	11
0	27
207	4
0	11
0	85
0	39
0	39
9	422
0	417
0	405
1	406
0	332
0	329
0	340
8	268
0	19
0	35
0	332
0	31
322	1587
1	1382
1	445
4	147
5	93
23	8
0	8
0	7
1	20
0	20
1	18
0	0
0	0
0	0
0	106
0	118
0	44
0	32
0	33
0	41
0	10
1	21
0	27
0	29
0	14
0	14
0	146
0	406
0	336
7	394
1	21
0	21
0	13
2	41
0	21
0	60
0	49
0	13
3	0
0	0
0	0
0	0
0	0
0	0
0	0
0	163
0	3
5	1438
0	1459
0	140
1	189
0	137
1	173
1	71
0	1316
0	1389
0	1389
0	77
0	58
0	134
3	99
4	90
1	71
10	158
0	171
0	21
4	221
3	1
4	8
542	211
1325	149
0	138
0	145
67	0
1	143
159	143
0	143
0	27
1	71
1	12
0	12
0	0
0	0
0	0
0	0
0	0
0	0
1	3
0	3
0	0
0	0
0	0
0	0
0	3
7	3
6	937
3	671
0	706
0	547
0	205
0	416
0	205
0	0
0	0
0	0
0	0
0	0
0	0
0	0
0	0
0	0
0	11
10	11
0	11
0	10
0	3
0	686
12	680
3	690
0	346
1	49
0	43
0	65
0	72
0	62
0	15
0	0
0	0
0	0
0	0
0	0
0	305
0	342
3	285
1	138
0	228
0	57
0	330
0	124
0	298
0	169
3	58
2	164
2	105
0	245
69	59
0	44
0	15
0	86
1	140
0	16
64	183
0	1
0	102
0	139
6	14
0	121
0	102
2	102
1	182
0	37
1	28
0	4
13	31
6	54
0	32
2	9
3	31
0	11
1	26
0	7
0	3
0	205
1	195
2	233
3	11
0	7
1	13
0	44
0	31
0	28
5	76
0	104
51	555
88	205
36	495
0	292
0	346
1	471
0	117
25	166
0	322
0	82
0	297
0	0
0	0
0	0
0	0
0	0
0	0
0	0
0	0
0	0
0	0
0	0
0	0
0	0
0	14
258	32
1	13
0	30
8	10
3	5
0	5
0	179
0	180
38	150
2	171
0	140
9	4
0	2
0	0
0	5590
0	3778
0	1683
0	5523
0	5596
0	776
0	5621
2	737
120	3637
8	0
0	5715
0	5599
1	1095
0	463
2	5627
0	5555
0	1176
0	283
0	1568
1	875
5	319
0	1593
0	175
36	1367
0	0
0	0
0	1
0	0
0	1
0	1
0	0
0	1
0	1
0	1
0	0
0	0
0	234
0	1154
878	1298
0	225
20	939
441	584
0	455
1	399
0	398
0	207
0	206
1	91
70	446
2	454
14	411
0	209
8	0
13	7
2	5422
0	52
41	4369
8	5480
10	1612
0	5541
0	4277
0	4274
62	314
1	40
7	5
95	525
1	192
0	114
0	386
4	188
1	122
50	179
1	105
2	14
14	267
0	195
9	0
0	93
0	96
0	205
0	84
0	226
17	231
0	228
2	91
0	228
0	40
0	62
0	214
0	9
0	1
4	581
5	242
0	115
0	609
0	277
0	449
0	97
2	63
0	414
0	161
34	261
0	248
10	101
0	2
1	11
0	50
0	32
0	30
0	14
0	11
2	472
0	6
0	20
0	7
0	22
0	0
0	0
0	1
0	1
0	0
0	0
0	1
0	0
0	0
0	0
0	0
0	8
0	22
1	16
0	22
0	1
1	3
0	0
0	3
55	997
2	889
0	199
0	57
0	91
1	997
0	107
0	86
2	416
3	360
0	27
0	34
4	23
0	21
5	103
2	5
0	0
122	16
19	16
0	6
0	37
0	62
0	282
0	306
4	299
4	47
0	36
0	338
755	508
6	3
15	106
4	127
76	643
0	608
0	95
0	556
0	80
0	351
3	13
0	71
1	93
408	404
0	360
0	173
82	203
1	128
0	72
0	0
0	663
0	247
0	152
0	489
0	566
3	49
0	103
4	185
0	78
0	90
0	128
0	193
0	64
0	186
0	189
0	616
0	199
4	209
0	200
2	196
0	205
9	160
0	180
0	24
0	60
3	36
158	0
288	204
0	50
1	96
0	58
0	491
26	579
2	224
3	30
0	311
0	305
0	45
1	49
1	18
0	10
1	40
0	56
11	148
2	94
8	86
0	95
0	95
0	18
0	54
4	27
1	53
0	9
2	28
1	14
4	5
3	21
0	7
0	2
0	180
17	260
0	0
1	5
0	0
0	0
0	0
0	0
0	0
0	0
0	0
0	0
0	0
0	0
0	0
0	0
0	0
0	0
0	0
0	1
0	0
0	0
0	0
0	0
0	0
0	0
0	0
0	0
0	0
0	0
0	0
0	543
0	71
2	58
0	101
0	124
0	113
0	343
0	625
0	101
0	162
17	187
1	112
0	109
7	155
0	0
0	0
0	0
0	0
0	81
0	93
0	211
0	207
0	60
0	96
28	33
0	37
0	23
0	19
0	20
0	588
0	98
0	563
0	555
0	143
0	136
0	144
0	134
0	145
0	134
0	122
0	154
0	82
0	71
0	78
0	133
0	126
0	137
0	126
0	131
0	18
0	75
0	144
0	63
0	67
0	74
0	80
0	4
0	1
1	1
0	1
0	131
0	175
0	173
0	181
0	161
0	164
0	164
0	137
0	156
0	158
0	169
2	73
0	164
0	156
0	158
0	170
0	174
0	164
0	132
0	104
0	169
0	164
0	143
0	157
0	163
0	157
0	170
1	81
0	87
0	167
0	174
0	162
0	181
0	91
0	131
0	163
0	156
0	169
0	168
0	86
0	146
0	150
0	171
0	168
0	115
0	150
0	161
0	98
0	151
0	165
0	155
0	161
0	137
0	150
0	95
0	83
0	134
0	88
0	92
0	86
0	32
0	19
0	89
0	86
0	24
0	61
0	71
0	44
0	1
0	1
0	1
0	1
0	1
0	1
0	2
0	2
0	0
0	0
0	2
0	0
0	2
0	0
0	0
1	193
11	193
4	14
0	0
0	0
0	0
0	0
0	0
0	0
0	0
1	38
9	49
10	49
4	1138
1	1132
0	207
1	207
1	197
0	220
0	202
4	193
0	141
0	39
0	47
79	52
0	49
0	10
0	4
0	5
0	1
0	1
0	1
0	0
0	1
0	2
0	296
0	254
0	393
0	3
0	3
1	2
0	3
0	3
1	3
0	3
0	0
0	0
0	1945
0	2125
159	2223
0	1529
0	1189
0	330
0	0
0	94
0	4
0	7
0	90
0	82
0	1
0	20
0	60
0	81
0	67
1	94
0	80
1	97
0	71
0	69
0	48
0	82
0	3
0	8
0	8
0	91
0	2
0	74
0	67
0	82
0	78
0	88
0	92
0	91
0	82
0	84
0	86
0	83
0	59
0	79
5	78
0	82
0	94
0	76
0	75
0	8
0	7
0	77
0	15
0	40
0	49
0	43
0	0
29	88
0	58
0	31
1	49
2	15
0	52
0	23
0	85
0	81
0	88
0	31
0	55
0	32
7	53
0	16
0	20
0	199
0	3
0	24
0	54
0	15
5	7
0	178
0	10
0	12
0	12
0	8
0	232
17	251
0	266
0	76
0	290
0	98
0	55
0	49
0	17
0	65
1	58
0	68
1	63
0	36
0	74
0	10
1	21
0	21
0	22
0	33
0	25
0	26
0	26
1	18
0	14
0	243
1	0
0	0
0	0
0	0
1	0
3	1548
113	1548
0	8965
8	8988
5	10110
0	3941
0	2607
0	7533
0	5068
0	11083
0	7858
0	8972
0	279
0	7342
0	7951
0	10198
0	8611
0	7518
1	6329
0	2513
1	9294
0	3260
0	651
0	2376
1	240
0	240
0	479
0	485
3	4
1	0
0	4
0	1
0	105
0	409
0	567
0	224
0	26
15	396
0	33
0	67
0	30
0	24
0	166
0	92
0	554
0	554
192	341
0	121
0	311
1	257
0	7
1	120
0	177
3	107
0	64
3	113
3	42
1	50
7	85
0	955
0	970
0	164
1	252
0	1011
0	253
0	125
1	410
5	98
0	35
3	248
0	97
0	77
1	192
0	9
0	4
0	35
0	37
0	1
1	1
0	75
0	41
2	59
0	61
8	4
0	29
1	3
2	3
0	8
0	0
1	66
0	661
1	631
0	79
1	492
0	106
18	411
0	119
6	351
0	0
0	0
0	0
0	0
0	173
337	173
132	0
0	0
5	80
0	3
1	1
1	0
0	0
672	2984
3	2209
89	1860
0	1927
1	450
0	295
9	451
0	581
6	361
0	993
0	896
0	801
0	167
0	930
0	471
0	365
0	374
0	245
0	967
0	665
0	235
0	21
0	20
1	50
0	23
0	824
0	561
0	135
26	71
6	15
0	10
0	2
0	1
0	1
0	0
0	461
0	21
0	37
0	473
0	34
1	3
0	14
0	14
0	0
0	14
0	0
0	0
0	1
8	390
0	436
0	436
1	231
2	128
1	74
0	175
0	28
5	270
0	9
0	36
0	270
19	254
1	23
0	48
0	43
0	39
7	12
3	17
5	14
0	14
0	30
0	22
0	23
0	6
0	6
0	3
0	6
0	7
1	273
0	491
0	162
1	182
0	430
0	424
2	422
0	460
0	471
0	482
0	482
0	453
0	478
0	467
0	458
0	478
0	468
0	469
1	463
0	342
1	315
0	241
0	153
153	734
1	733
8	0
0	12
0	0
0	16
0	16
2	3
0	4
0	7
0	4
0	2
0	6
0	16
0	3
0	4
0	3
0	15
0	1
0	11
0	6
0	9
3	477
2	35
0	18
1	49
0	467
0	1
0	0
0	2
0	2
0	0
0	0
0	0
0	0
0	1
0	1
0	1
0	3
0	2
0	3
0	2
0	3
0	2
0	1
0	3
0	20
0	3
0	3
5	27
138	233
0	233
90	407
0	407
0	305
0	0
0	0
0	0
0	0
7	319
7	319
0	2
5	2
0	2
0	0
0	80
0	64
0	66
0	77
0	63
0	82
0	82
1	60
1	41
0	8
4	24
0	18
0	282
1	1
3	143
0	278
2	364
0	254
0	244
0	21
0	346
0	1241
0	7
3	1041
0	103
0	1113
0	110
16	484
0	704
0	101
0	847
3	648
0	102
0	495
0	516
0	72
2	728
0	933
0	50
3	930
0	2
0	6
0	2
0	7
0	8
0	4
0	5
0	3
1	3
0	5
0	2
1	10
0	6
0	3
0	0
0	0
0	0
0	0
0	0
0	62
12	7
0	7
0	26
0	26
0	26
0	26
0	1
0	25
0	26
0	25
0	26
0	26
0	3
1	26
0	3
1	1308
0	1345
0	1365
0	1379
10	1225
1	1318
0	1298
0	1154
0	1167
0	1129
0	1101
0	190
4	5
0	217
0	174
0	162
1	21
1	1111
1	1112
0	1162
0	964
0	1079
0	1111
1	1111
0	929
0	1040
3	1090
1	724
2	184
0	120
0	117
0	39
0	122
0	139
0	131
0	52
1	36
0	54
0	16
0	36
0	83
0	43
22	36
0	0
0	23
4	160
0	146
0	6
0	93
0	85
1	93
0	10
0	4
0	4
0	4
0	0
0	0
0	1
1	183
2	237
0	5634
180	5714
0	177
0	37
0	366
0	273
0	1564
6	624
16	218
3	584
1	348
1	385
3	2
0	325
0	88
0	2
0	13
0	12
0	12
0	3
0	0
5	1519
1	1338
0	1376
0	1375
0	1376
0	1390
0	1392
3	1210
0	1265
1	1325
0	1371
0	1407
1	1014
0	1319
0	1286
0	1350
0	797
0	745
0	1335
0	1335
0	1169
0	1387
0	1153
0	861
0	860
0	111
0	323
0	4
0	5
0	0
0	5
0	1
0	3
0	186
0	242
0	173
0	184
0	183
0	247
0	156
0	188
0	0
0	0
0	0
0	12
0	31
1	10
1	1
0	32
0	0
0	0
0	0
0	0
0	0
0	0
0	0
0	21
0	86
0	29
0	186
0	4
0	434
3	466
0	464
1	51
0	273
0	25
0	31
1	11
4	42
8	15
0	32
0	72
0	15
1	21
0	51
0	29
18	62
0	22
0	22
0	89
0	85
0	34
0	14
0	27
4	21
0	14
0	0
0	26
0	0
0	0
0	1
0	1
1	0
0	2209
0	2260
7	2195
0	2303
11	1966
0	1229
7	934
3	25
0	93
1	167
0	15
0	30
0	1
0	1
0	0
0	1
0	1
0	0
0	0
0	1
0	1
57	810
0	539
1	409
7	346
0	101
0	352
0	35
0	85
1	285
0	247
0	297
41	54
8	290
0	261
15	171
12	82
4	130
0	216
0	91
0	189
0	164
0	172
0	101
0	93
0	83
0	109
1	87
473	82
5	82
0	165
1	1
0	1
18	0
0	0
46	194
0	7
2	186
0	18
0	31
0	27
1	9
0	10
0	11
0	11
0	2
0	4
0	3
0	1
0	1
0	0
1	4
0	6
0	0
0	0
0	0
0	0
0	0
0	0
0	1
0	1
0	1
0	1
0	0
0	0
0	0
0	1
0	0
0	0
0	1
0	1
0	0
0	0
0	1
1488	243
3	206
12	39
1	41
495	0
0	0
388	325
1	54
6	66
0	176
9	32
0	47
0	98
0	0
34	416
0	416
0	101
4	41
1	41
0	0
0	0
0	0
0	0
0	0
0	0
0	1562
0	955
2	383
0	456
1	321
0	262
5	214
1	190
0	1525
0	60
3	85
0	24
1	50
7	250
0	37
0	248
60	160
0	142
0	16
1	108
6	44
0	35
237	81
0	60
1	21
0	823
0	476
1	421
0	51
0	428
0	830
0	26
0	13
0	17
2	40
0	144
0	29
146	0
4	392
908	390
2	80
0	5
0	2
0	6
0	1
7	8
1	7
1	4
1	17
0	12
0	15
0	14
0	4
0	8
567	92
0	47
1	45
1	1000
0	1000
0	1000
0	353
0	272
0	57
1	123
0	34
0	11
0	11
0	11
1	150
0	137
0	17
0	139
0	79
1	127
0	18
0	25
5	157
0	29
1	17
0	28
281	345
0	99
4	103
0	17
0	19
2	10
0	6
7	94
0	1
1	9
0	6
0	6
0	141
9	88
0	630
392	737
0	641
0	149
0	1
0	0
0	0
0	0
0	0
0	0
0	0
0	0
0	0
1	88
26	107
3	74
0	793
0	798
0	793
0	111
0	24
0	110
10	32
0	778
1	547
0	563
0	566
0	563
0	286
0	28
1	8
0	8
0	8
0	5
1	3
8	3
5	1
1	971
0	831
195	956
0	915
27	646
0	85
495	162
0	163
0	15
0	19
0	140
1	17
5	65
28	65
2	6
0	6
0	1
0	391
1	143
0	391
0	1
0	1
0	1
0	1
0	1
0	1
0	0
0	0
0	0
0	0
0	0
0	0
0	0
0	0
0	0
0	0
0	0
0	0
1	4
0	4
0	4
0	0
0	0
0	6
76	28
0	19
0	19
0	7
0	12
0	22
0	19
183	0
0	3
0	0
4	3
0	0
0	0
1	0
0	0
0	0
0	60
0	55
0	58
0	56
0	53
0	54
0	59
0	55
0	56
0	57
0	59
1	35
0	23
0	53
0	22
0	37
0	37
0	34
0	33
0	38
0	38
0	31
0	34
0	35
0	19
0	39
0	39
0	30
0	35
0	38
0	37
0	57
0	52
0	56
0	52
0	52
0	52
0	57
0	52
0	21
0	1
0	1
0	17
0	48
0	12
0	6
0	5
0	37
0	4
0	2
0	1
2	11
0	0
0	6
1	8
0	0
178	0
1	234
1	99
3	238
8	1223
12	1339
12	1683
10	159
0	312
0	738
0	295
0	285
0	294
6	279
0	64
1	14
0	121
8	120
7	78
0	62
0	520
0	435
0	407
0	496
6	320
0	320
0	394
0	394
0	394
0	431
0	484
0	450
0	485
0	256
1	355
0	398
9	478
0	402
0	353
0	368
0	316
3	25
0	127
0	298
0	323
0	277
0	260
9	29
0	291
0	296
0	14
0	110
0	76
0	123
0	111
0	16
0	21
0	13
0	23
0	42
0	19
0	546
0	1120
0	608
0	938
0	1271
0	6
0	666
0	712
0	498
0	512
1	202
0	95
21	232
0	480
0	285
3	121
9	529
3	215
1	532
0	530
4	3
0	3
4	39
0	2
0	37
0	10
0	0
0	0
0	0
0	0
0	0
0	0
0	0
0	0
16	748
3	94
0	396
19	181
5	573
0	560
0	22
0	7
0	22
255	1714
7	1203
9	1673
0	141
13	111
16	313
0	7
6	8
29	4
8	12
0	428
214	1034
1	234
0	34
0	508
0	129
0	153
0	988
1	45
0	92
11	613
0	63
3	29
38	136
0	60
0	8
0	19
7	20
0	42
0	31
0	35
0	4
0	41
0	39
0	18
0	0
0	0
0	0
0	0
0	0
13	208
0	180
1	115
0	128
0	82
1	4
0	29
0	21
0	28
1	0
0	19
4	16
0	1
0	0
0	1
0	0
0	1
0	1
0	735
1	137
0	156
1	463
0	1407
0	1394
0	1310
0	1440
6	1420
2	1376
0	949
0	1425
0	64
0	1378
0	702
0	919
0	5
0	32
0	41
2	886
0	886
0	0
0	167
0	34
0	52
0	272
0	270
0	38
2	48
0	95
1	251
1	39
0	278
0	92
0	37
0	63
5	6
2	39
0	22
0	18
0	14
0	38
10	97
29	71
0	75
0	69
0	43
0	57
0	56
1	40
0	34
0	21
0	24
25	22
0	19
0	14
0	11
0	8
0	7
0	7
2	6
0	0
0	0
1	0
0	4
0	4
0	3
0	3
0	0
0	0
0	0
685	61
0	61
0	102
18	123
2	21
0	75
0	4
2	0
0	0
0	0
0	373
0	1499
10	1472
0	736
5	878
0	1384
0	464
1	1011
2	37
3	177
49	801
2	732
0	139
0	255
72	136
0	80
0	67
0	50
0	0
0	0
0	0
0	0
0	0
0	0
0	0
0	0
1	96
3	594
0	564
3	586
0	455
0	194
0	356
0	257
5	366
0	42
0	113
0	49
0	52
0	220
0	270
0	57
0	500
0	14
0	349
9	798
275	798
1	59
0	77
0	50
0	0
13	109
155	285
0	229
8	53
1	18
0	393
0	363
0	360
0	341
0	366
3	125
2	149
0	41
0	26
0	0
0	0
0	0
0	168
0	167
3	170
2	7
0	17
0	21
5	18
0	16
1	15
0	27
0	61
0	44
0	35
0	33
0	28
2	25
0	3
0	23
1	26
0	24
0	21
0	0
0	14
0	10
0	9
0	75
0	242
0	37
0	14
0	52
2	242
0	243
0	9
0	25
1	42
0	246
0	244
0	49
0	39
0	46
0	51
0	56
0	1
0	7
0	2
0	0
0	5
0	6
0	67
0	7
0	7
0	6
0	6
0	10
0	10
0	9
0	6
0	4
102	849
10	768
4	640
8	666
0	212
0	452
0	409
19	468
0	118
1	92
206	408
1	255
0	410
0	123
0	3
0	15
1	156
0	1
1	141
89	366
0	367
2	4
2	77
2	31
4	178
3	100
9	113
3	69
1	7
14	94
7	1760
0	136
7	159
2	683
0	75
0	1757
3	1761
7	238
0	235
0	126
0	60
0	130
0	133
2	117
1	7
0	23
0	25
0	128
231	222
0	28
2	31
4	174
0	4
0	14
0	83
0	124
11	146
0	160
1	360
0	498
0	514
1	457
30	693
0	718
0	703
0	669
1	692
0	718
0	720
0	705
0	707
0	665
0	680
0	710
0	716
0	543
0	42
1	193
0	159
0	149
0	119
0	127
1	127
0	118
1	29
1	26
0	17
1	17
0	553
0	547
8	510
2	305
0	538
0	264
0	22
2	30
0	14
8	67
0	6
0	6
0	4
0	4
0	4
0	4
0	4
0	4
1	3
0	1
0	1
0	1
1	0
0	1
0	1
0	1
0	1
2	44
0	122
28	122
0	19
0	86
0	3
0	3
0	1
0	0
0	1
0	1
0	0
0	0
0	0
0	0
0	0
0	0
0	3
0	19
0	5
0	10
0	7
0	6
0	20
0	7
0	0
0	0
1	0
0	20
0	165
0	805
14	805
0	1
0	1
0	1
0	0
0	55
0	102
0	103
0	103
0	102
0	0
0	66
0	48
5	20
0	6
0	8
0	3
0	36
0	8
12	247
0	234
0	40
0	20
2	28
0	16
9	2
0	10
1	25
54	41
0	41
1	15
0	579
0	580
0	580
0	572
0	1
0	580
0	580
0	579
0	566
0	324
0	25
0	25
0	144
0	66
0	134
0	158
0	158
0	155
0	159
0	570
0	576
0	579
0	577
0	569
0	569
0	575
0	592
0	581
0	581
0	579
0	579
0	560
0	85
1	102
0	560
0	596
0	579
0	575
0	586
0	579
1	578
0	491
0	578
0	566
0	23
0	561
0	579
0	579
0	172
0	156
0	585
0	493
0	505
0	592
0	582
0	588
0	581
0	577
0	550
0	583
0	161
0	140
0	576
0	570
0	572
0	570
0	553
0	574
0	494
0	577
0	584
0	482
0	571
0	562
0	483
0	572
0	570
0	583
0	549
0	495
0	583
0	563
0	575
0	583
0	572
0	563
0	579
0	578
0	27
0	0
5	0
0	61
4	750
1	871
0	884
0	861
30	186
0	189
0	870
2	874
1	843
0	745
0	858
0	737
0	104
0	154
0	357
1	180
0	156
0	99
0	173
1	84
0	53
0	28
1	4
2	0
2	28
1	48
1	48
1	48
0	2
0	0
0	0
274	969
1	905
20	119
3	87
0	187
7	122
0	76
2	65
0	542
1	54
2	541
11	66
0	43
0	37
0	240
15	247
0	255
0	102
1	260
0	248
0	80
0	22
0	219
0	235
0	240
0	24
0	151
0	5
0	5
0	229
0	92
0	36
0	5
0	239
0	244
0	48
1	209
0	126
0	45
0	54
0	13
0	27
0	0
0	0
0	0
37	165
0	168
0	72
0	34
0	16
0	9
0	10
0	5
0	7
0	7
0	7
1	7
0	7
1	5
0	48
0	627
0	148
0	15
0	630
0	521
1	12
0	57
0	263
0	5
1	61
0	105
0	60
1	7
0	26
0	591
0	587
0	1162
0	97
0	210
1	1200
0	248
0	597
0	154
2	760
7	179
0	0
517	0
0	150
2	41
0	2
0	11
0	7
0	6
0	3
0	3
1	5
0	0
0	150
0	26
1	0
145	0
5	0
53	0
0	54
0	297
0	354
3	35
5	26
0	171
0	247
0	305
0	44
0	58
3	135
0	316
35	347
12	14
0	44
0	82
35	253
0	91
0	507
0	506
0	521
0	490
0	65
9	0
0	19
0	0
0	0
0	44
0	32
0	43
8	50
0	8
0	37
1	43
0	12
0	0
0	25
7	10
0	48
3	50
1	24
0	290
0	25
1	13
0	53
0	35
0	424
0	479
5	215
0	320
0	327
0	132
0	83
4	22
0	227
5	145
0	128
0	83
3	166
0	95
0	81
1	65
4	111
0	106
0	6
0	43
0	98
0	56
0	5
1	6
0	7
8	81
0	2
1	14
0	114
0	5
0	1
0	6
0	1
0	694
0	692
1	682
3	694
3	693
3	7
2	60
0	60
0	53
0	18
0	8
0	83
0	81
2	54
0	35
1	33
9	261
0	322
14	311
0	349
0	344
0	355
0	120
0	12
0	115
0	183
0	73
2	126
12	79
1	270
10	10
1	266
0	178
52	556
0	273
160	273
0	0
0	540
0	529
3	486
0	464
16	159
0	321
1	219
176	32
1	35
0	32
16	59
0	57
1	90
9	145
3	12
9	0
6	2
9	3611
0	8325
0	7212
2	8826
1	6377
26	11094
15	11095
0	5533
1	11110
1	8616
0	7810
2	7828
11	4928
0	1365
148	134
2	134
0	87
3	97
0	106
0	492
1	138
0	127
0	524
6	33
0	469
0	47
0	44
0	78
0	74
2	3
0	503
3	96
0	436
0	16
0	98
0	133
0	184
0	193
2	85
1	103
0	158
0	146
1	190
0	141
0	132
1	65
0	4
0	20
0	3
0	1
0	2
0	1
0	0
0	0
0	0
0	0
0	0
0	0
0	0
0	0
0	0
0	26
0	149
0	152
13	102
0	157
0	147
0	165
0	131
1	129
0	107
0	155
0	154
0	73
0	40
0	73
0	34
0	154
0	73
0	154
0	139
0	137
0	137
0	97
0	57
0	87
0	71
45	393
6	366
0	177
18	210
1	137
0	45
41	76
3	1
0	0
0	0
0	0
0	0
0	0
0	0
0	0
0	0
5	21
2	1
4	654
0	625
3	533
0	310
0	389
1	60
1	66
0	6
8	14
0	0
0	5
0	38
0	9
0	9
0	9
0	19
0	37
0	41
0	159
2	182
0	187
238	208
0	195
0	31
1	30
1	19
0	19
3	0
2	10
0	0
0	10
0	6
0	6
0	6
0	1
0	6
0	6
0	0
0	0
0	133
0	124
1	103
1	29
0	94
0	133
0	1
0	1
0	1
0	0
443	389
0	123
1	111
0	121
0	102
0	68
0	66
0	63
0	0
0	0
0	0
0	0
0	0
0	42
0	5252
10	4481
0	173
0	235
15	730
2	3295
0	2422
64	2308
3	5229
37	35
3	6
1	34
0	1
0	0
0	0
0	0
0	0
0	0
0	0
0	0
1	0
20	2160
0	114
6	14
8	54
0	2145
0	1323
0	51
5	1142
0	125
1	0
1	150
0	140
0	884
0	669
1	15
1	333
0	67
3	152
2	85
0	327
0	32
0	0
0	7
0	214
0	26
3	207
1	17
0	18
0	4
0	208
5	19
0	134
2	19
0	14
0	20
0	98
0	34
0	26
0	22
0	21
0	40
0	31
0	23
0	91
0	26
0	25
0	27
0	59
0	5
0	22
0	14
1	14
0	17
0	18
0	19
0	18
1	13
2	4
0	7
0	1
0	12
44	1012
2	969
5	978
0	969
0	752
6	112
6	62
0	439
0	19
0	68
4	135
4	23
0	119
8	5
0	79
0	68
2	48
0	6
0	5
0	5
0	57
0	54
0	63
0	64
0	14
0	143
0	136
1	125
0	137
60	4
0	4
0	6
0	6
0	0
0	0
0	0
0	1
0	0
0	0
0	1
0	0
0	1
0	1
0	1
0	1
0	0
1	0
0	0
0	0
7	96
0	96
0	0
0	85
0	87
0	19
0	2
6	9
0	17
45	70
0	18
0	6
0	9
0	2
0	10
0	9
0	8
0	7
0	10
0	8
0	1196
0	1005
0	1034
0	0
5	1211
0	1015
0	1221
0	1203
0	1041
0	67
0	66
0	1006
0	1213
0	1073
0	1049
0	45
0	1033
0	101
0	114
10	910
2	221
0	345
0	144
0	207
62	151
1	108
0	87
0	66
1	92
0	29
0	26
0	0
0	0
0	640
5	561
0	641
0	309
0	108
0	162
0	64
0	63
0	60
0	59
1	66
0	43
0	28
0	22
0	10
0	11
0	19
3	21
1	21
0	21
0	21
0	22
24	22
0	0
0	638
879	335
0	102
0	73
0	160
0	5
0	102
0	34
1	218
0	193
0	135
0	189
29	190
0	194
0	189
0	184
2	137
3	66
0	0
16	346
1	324
1	256
0	226
8	244
1	124
0	10
0	19
38	274
0	243
0	284
0	18
0	30
2	21
1	29
0	14
1	15
1	8
0	160
0	285
0	0
0	17
0	16
0	17
0	15
0	0
0	3
0	3
0	0
0	0
0	0
0	0
0	0
0	0
0	1
0	222
8	19
0	235
0	19
0	42
0	235
0	19
0	2
0	23
1	8
0	231
0	231
1	176
0	43
1	15
0	236
7	7
9	221
0	15
0	5
0	6
0	5
0	1
0	1
0	1
0	2
0	1
1	120
0	55
0	51
0	2
0	50
0	49
0	90
0	109
0	116
0	115
0	95
0	18
0	88
0	90
0	75
0	84
0	51
0	48
0	27
0	47
0	48
0	20
0	10
0	28
0	44
0	44
0	41
0	12
0	0
0	0
0	0
0	10
0	10
0	31
0	20
0	22
0	0
0	0
0	0
0	2
0	0
0	0
0	0
0	4
0	4
0	9
0	0
0	1
0	0
0	0
0	0
0	0
0	0
0	0
5	1651
0	1391
0	1392
0	1265
1	955
0	1030
5	990
2	1239
0	750
1	1
0	297
0	293
0	33
0	29
0	24
0	10
0	8
0	5
2	5
0	22
0	40
0	46
0	1
0	14
0	4
0	11
0	11
0	0
0	0
0	0
0	0
0	0
0	0
0	0
0	0
0	0
0	0
0	0
2	547
1	11
0	30
0	25
0	37
0	414
0	12
0	9
0	43
0	5
0	8
0	5
0	35
0	32
0	30
0	15
0	547
0	142
0	189
5	197
18	659
0	7
1	15
0	637
0	582
3	29
0	91
6	46
1	33
67	362
0	398
0	131
0	143
2	232
0	234
0	372
0	334
2	135
0	108
1	42
0	113
0	113
878	309
0	309
0	223
0	2
0	2
1	64
1	130
0	132
3	132
1	130
2	68
0	70
6	581
4	581
0	14
0	336
0	303
0	21
28	3
0	3
1	0
35	130
0	118
0	92
0	26
1	24
0	42
0	26
0	20
1	22
0	14
3	3
0	12
0	17
0	12
0	83
0	88
0	20
0	24
0	15
0	8
2	6
8	0
0	739
0	809
0	800
0	243
0	172
0	95
0	2
0	3
0	3
0	1
0	3
0	0
0	0
0	0
0	0
0	1
3	4
0	2134
44	1258
0	2117
0	2159
4	1382
0	1507
3	354
3	383
6	262
0	107
0	0
0	0
0	0
0	0
0	14
0	0
0	1
0	8
21	23
0	3
0	0
0	1
0	3
0	7
0	3
0	0
0	229
0	236
0	246
0	221
0	245
0	194
0	235
0	235
8	246
0	239
0	235
0	209
0	235
0	216
1	196
0	228
0	245
0	235
0	225
0	230
0	230
0	208
0	242
0	243
0	238
0	225
1	239
0	251
0	245
0	235
0	208
0	219
0	241
0	253
0	222
0	70
0	21
1	45
16	61
0	30
0	33
0	36
8	37
0	29
0	28
0	0
0	1
0	1
0	1
0	0
0	1
0	0
0	0
0	0
0	1
0	157
0	202
1	197
0	206
0	145
5	46
0	102
0	74
0	42
2	34
0	26
0	109
0	109
0	109
0	30
0	30
0	12
0	15
3	3
0	3
0	53
0	422
0	18
3	688
0	63
0	585
0	42
0	31
0	17
1	260
0	21
0	13
0	250
0	78
451	151
0	11
0	7
11	8
0	139
0	228
8	361
0	310
0	742
0	760
0	740
0	888
0	920
0	900
0	902
0	902
0	920
0	9
0	175
0	107
0	0
1	190
0	148
0	127
0	115
80	0
0	3
0	3
0	3
0	2
0	4
0	3
0	1
0	1
0	2
2	1
0	1
0	1
0	0
5	3
0	0
0	0
0	0
0	0
0	12210
2	18014
0	18567
0	12181
8	12194
1	12193
43	12172
0	18199
10	17015
0	17653
8	16427
0	18047
0	18295
47	17001
7	17965
3	17253
0	17753
0	17449
0	17981
0	17648
1	17641
0	18604
0	18842
1	9261
0	12742
0	18626
1	18689
0	18351
0	9092
0	12591
0	12332
0	18200
0	12839
0	12580
0	18509
0	18747
0	18103
0	12810
0	18578
0	18864
0	12391
0	12749
0	12507
0	12183
0	18756
0	12886
0	18018
2	12301
10	8967
794	433
0	176
1	125
4	133
0	126
0	6
4	17
0	37
0	37
0	47
0	56
0	22
1	23
0	54
6	46
0	55
0	18
1	1
2	22
1	2
0	36
43	682
0	682
0	53
0	3
0	53
0	147
0	78
0	162
0	20
0	682
0	103
0	28
0	39
2	22
1	115
0	58
2	137
0	1410
7	1013
0	2358
0	2417
0	2430
0	179
0	643
6	722
0	769
0	1484
0	2029
0	2064
4	2068
0	2225
0	2228
0	2293
1	2309
0	2331
0	2371
0	2350
1	2374
0	2426
0	452
1	1384
0	360
0	2363
0	539
0	2355
0	2322
0	179
0	2376
0	406
1	46
0	164
0	257
0	179
0	90
0	86
0	83
1	304
0	282
1	70
0	78
0	11
0	239
0	244
0	204
0	164
0	158
0	0
0	112
1	70
136	1155
19	1081
30	370
4	156
1	119
0	395
0	103
69	1102
1	26
2	152
33	665
0	690
1	14
0	57
4	44
0	43
3	419
0	1102
53	0
0	0
1	0
0	11
0	4
0	11
0	11189
0	11188
122	9719
0	11559
16	10255
0	257
3	1303
2	611
1	1580
2	1624
1	1638
13	1274
0	4037
0	1212
1	2543
0	1124
3	2372
6	394
0	249
0	846
0	801
0	792
2	959
0	880
0	1194
4	882
0	925
10	905
1	502
0	312
0	507
1	0
0	0
0	0
1	20
0	5
0	20
0	20
0	18
5	22
0	20
0	1
0	4
1	5
1	8
0	0
0	1
0	0
2	0
0	4
0	0
0	4
0	19
0	122
0	19
4	6
3	29
0	16
0	27
4	18
0	21
0	33
0	112
11	114
0	43
7	82
2	16
1941	4001
1	781
5	1105
0	816
0	904
27	3560
0	3471
5	2478
0	1822
8	1373
4	1057
0	416
2	384
34	621
0	4899
0	4941
0	4817
0	4885
0	4622
0	4819
0	4805
0	4763
0	4744
0	4768
0	2318
1	2527
4	4767
31	4583
0	4985
1	4685
1	4679
0	4798
0	4626
12	1093
1	1261
2	2243
0	2333
0	2460
1	2401
0	4676
0	4690
0	4638
0	4583
0	4999
0	4794
1	4764
2	4561
0	4648
0	4745
3	1230
0	515
0	245
0	728
0	1090
0	347
0	139
0	562
0	528
1	308
0	558
0	364
0	336
0	298
0	300
1	251
0	171
0	13
0	0
165	397
0	171
0	110
12	325
0	330
2	1038
0	6
25	138
0	1157
3	1237
0	1184
0	1296
0	1186
2	1134
0	97
0	93
1	230
2	535
0	217
3	137
39	208
0	100
55	67
0	179
25	137
0	149
0	124
0	129
0	16
1	1
0	1188
100	965
0	726
3	932
0	427
0	198
0	142
1	4
5	8
0	9
0	9
231	415
0	284
9	76
0	265
0	129
288	183
0	41
0	78
0	146
1	0
0	0
0	0
0	0
4	10
0	9
0	12
1	11
6	4
2	746
0	752
0	757
3	727
0	676
8	118
0	547
0	24
1	20
0	22
0	107
0	0
0	90
0	88
2	47
0	13
0	78
2	82
0	84
0	20
0	53
0	27
0	29
4	12
0	6
0	61
0	0
143	154
0	146
0	76
4	5
0	0
0	160
44	780
0	371
2	77
1	598
6	3246
0	848
4635	5525
0	163
6	820
0	850
0	251
1	2972
3	137
0	719
8	435
0	210
2	7
0	166
1	451
1	353
0	137
0	863
0	591
0	1012
0	610
4	330
0	428
0	221
0	256
16	354
61	960
0	342
0	504
0	330
0	12
4516	734
18	350
3	507
0	0
2	1
2	1
0	44
0	604
0	608
3	146
8	98
13	79
0	80
9	45
0	0
0	2
0	2
0	2
0	2
0	0
0	2
0	0
0	0
0	2
0	0
0	0
0	2
0	0
0	2
0	2
0	0
0	0
0	2
0	2
0	2
0	2
0	2
0	2
0	2
0	2
0	0
0	1
0	0
0	0
7	257
53	257
0	0
0	0
2	1908
0	1429
0	1376
0	1715
0	1908
0	1741
0	1342
0	1734
0	1506
35	1657
0	1034
3	807
0	1151
9	1166
0	1031
15	13
0	11
0	8
0	5
0	7
0	2
0	1
0	1
0	0
0	176
0	438
1	370
0	224
0	257
3	218
2	286
0	0
0	0
0	0
0	0
0	0
0	0
0	0
7	95
0	85
1	0
0	0
0	0
0	0
0	0
0	3
0	7
0	7
0	2
0	2
0	2
0	1
0	1
0	2
9	120
1	354
0	346
0	359
0	4
0	119
0	3
0	19
0	613
0	788
2	774
2	554
13	290
0	1525
0	1536
3	1525
0	540
0	274
2	363
1	170
0	127
0	94
0	38
1	6
5	1057
0	1067
0	415
0	618
0	150
0	102
0	84
0	40
0	87
1	26
0	103
0	69
0	32
0	51
0	222
0	170
0	37
0	37
0	228
0	229
0	42
0	1
0	1
1	75
0	179
0	183
0	165
0	11
1	20
0	37
4	22
0	18
0	182
0	75
0	0
0	0
0	0
0	100
0	99
0	87
0	112
0	43
0	33
0	139
0	29
1	34
1	50
0	73
4	125
1	108
0	62
2	55
0	6
0	0
0	1
0	1
0	1
0	1
0	0
0	0
0	1
0	0
62	98
0	44
1	58
0	34
1	2
3	3
1	10
0	2
0	0
0	97
1	97
0	18
0	1
1	502
0	358
0	501
0	463
0	463
0	427
0	109
0	149
2	127
0	49
0	43
3	15
0	85
0	31
0	23
0	3
0	1
0	0
0	28
1	86
1	27
0	29
0	82
0	40
0	28
0	40
0	3
0	0
0	0
0	0
0	0
0	0
0	0
0	0
0	0
4	496
0	1
0	550
0	498
0	420
0	550
0	540
0	504
0	314
0	363
0	402
0	25
0	427
0	433
0	446
0	457
0	446
0	466
0	438
0	387
0	438
1	178
0	355
14	253
1	150
0	85
0	336
0	48
0	104
0	178
0	83
0	59
0	71
0	114
1	40
1	9
0	8
2	125
0	164
0	169
0	140
0	35
0	49
0	79
0	117
0	80
0	60
0	56
0	50
0	65
0	15
0	9
0	52
0	27
0	0
0	0
0	0
0	10
18	176
13	111
4	4
1	150
0	114
0	74
0	28
0	49
0	43
0	40
0	36
0	36
0	0
0	273
0	90
0	273
0	13
1	3
0	6
0	10
0	8
0	6
0	227
0	324
0	282
0	324
0	338
0	324
0	320
0	283
0	291
0	276
0	319
0	318
0	170
0	266
0	299
0	297
0	194
0	106
0	217
4	212
0	167
0	131
0	138
0	164
0	130
0	137
0	187
0	171
23	245
0	178
0	177
0	167
0	169
0	140
0	196
0	216
0	216
0	92
0	128
0	197
0	221
0	74
0	217
0	185
0	193
0	130
0	170
0	126
0	177
0	202
0	155
0	167
0	81
0	171
0	133
0	186
0	84
0	164
0	164
0	145
6	118
0	181
0	43
0	192
0	111
0	174
0	173
0	159
0	156
0	127
0	23
0	23
0	15
0	21
0	15
0	46
0	46
0	9
0	24
2	1
0	2
0	15
0	3
0	0
0	0
0	0
0	0
0	0
0	0
0	24
0	27
0	27
0	25
442	0
0	0
0	0
0	0
0	0
0	0
0	0
0	2717
4	24
3	670
0	1024
1	245
1	1116
0	2681
0	2702
0	2700
16	1021
0	2685
0	2705
0	1117
0	548
0	913
0	2673
0	1042
1	232
6	101
3	136
3	1210
0	220
0	70
2	192
22	709
0	190
0	108
0	1407
9	1270
0	103
0	121
202	225
2	169
1	121
0	27
0	251
0	566
1	573
0	338
0	412
0	467
1	564
0	422
1	145
0	30
1	33
0	20
0	2
0	57
1654	3667
4	550
33	44
0	252
1	208
1	924
17	2616
0	1628
0	9
0	2820
0	2762
0	2025
1	2031
0	1700
0	2864
1	1737
0	1497
0	1453
0	1487
145	1226
1	432
56	433
0	342
0	469
0	461
2	324
0	448
0	449
0	36
10	124
2	14
0	16
0	126
21	24
0	215
0	89
3	110
14	107
0	1
0	1
0	1
0	1
0	0
0	0
0	1
0	0
0	0
0	24
337	118
0	16
3	58
0	71
0	27
0	28
0	46
0	33
0	328
0	131
0	260
0	321
1	100
1	89
0	80
0	156
0	133
1	320
1	122
0	218
0	57
0	57
0	82
0	105
0	114
0	266
0	99
0	177
0	286
0	230
2	32
0	87
2	117
0	56
3	26
0	7
5	83
72	1004
0	107
1	102
0	108
0	125
37	748
0	141
0	146
0	134
0	63
0	61
580	6
6	0
112	1178
0	337
21	375
0	126
0	1100
1	87
5	357
3	155
1	61
56	126
58	970
17	970
0	11
78	115
3	116
10	1
4	169
0	31
0	27
0	25
1	169
26	724
0	1153
2	1069
0	961
0	914
0	124
4	446
1	620
0	183
0	62
11	123
4	65
0	87
22	87
0	10
12	203
0	119
4	189
0	27
0	0
5	77
0	21
0	0
33	363
0	304
0	36
0	18
0	360
0	17
1	38
0	309
0	10
0	18
0	31
0	43
0	201
0	64
1	4
0	33
0	0
0	1
0	3
0	0
0	1
0	2
0	0
0	3
0	3
0	0
0	3
0	3
0	1
0	0
0	0
0	0
0	0
0	1
0	1
0	1
0	1
0	2
0	0
0	1
0	0
0	0
0	0
0	0
0	0
0	1004
0	728
0	645
0	141
0	277
0	62
0	1
0	61
1	61
0	42
0	32
2	35
0	5
8	433
0	431
0	437
40	408
1	300
0	120
2	37
808	387
3	318
1	341
1	97
0	44
0	0
0	1
0	1
1	1
0	1
0	1036
0	605
0	458
2	444
2	564
0	492
2	493
1	108
0	268
0	200
0	247
0	123
0	46
5	28
0	108
0	0
1	81
0	49
1	79
0	55
1	55
0	69
0	56
0	924
10	76
0	76
64	192
4	208
4	138
0	294
2	293
2	57
0	23
0	22
0	10
1	6
3	7
3	0
0	1465
0	1408
0	1377
3	626
1	606
8	1214
0	42
2	78
0	110
1	2
0	138
0	109
0	30
0	60
0	227
0	73
0	54
0	56
0	72
0	50
0	46
5	55
0	46
0	513
0	597
0	205
0	380
0	394
0	320
0	194
0	265
2	258
1	169
1	9
0	89
0	45
0	34
0	33
0	0
0	1186
0	1166
0	200
0	130
0	134
0	177
2	96
0	261
0	225
2	17
6	1252
0	1316
0	1316
2	109
0	663
15	11009
0	301
0	1729
0	1780
0	2325
0	2688
0	2987
0	5649
0	3670
0	1396
0	289
0	1401
0	845
0	2245
0	3362
0	3450
24	3403
0	5768
0	8664
0	4863
25	9341
3	5680
0	874
0	1707
0	3815
26	1242
0	9173
31	532
3	3223
0	6023
1	2576
0	1633
9	1418
0	2365
0	29
0	1
0	3
0	3
0	173
1	34
0	120
0	34
0	175
1	36
0	134
0	236
0	241
11	271
0	259
0	267
0	172
0	262
0	165
0	178
0	145
2	75
0	6
2	19
0	65
2	31
0	46
0	15
1	11
0	31
0	25
0	18
0	4
7	2
0	0
0	0
0	0
0	163
0	8
0	158
0	188
0	194
0	196
0	155
0	31
1	79
2	49
0	42
2	87
0	15
0	37
61	1417
0	1417
0	63
0	63
0	371
0	318
1	358
0	332
0	326
0	325
0	28
1	18
0	52
0	69
0	190
0	33
0	114
0	34
0	47
0	40
0	31
0	26
1	0
0	354
1	855
0	765
0	806
0	707
4	804
0	849
0	96
4	53
0	74
0	404
3	335
0	293
0	140
0	39
0	38
0	39
0	29
0	33
0	0
0	0
0	0
0	0
0	0
1	0
1	0
0	0
0	0
1	0
0	0
0	429
4	450
0	348
0	43
0	1
0	1
0	0
0	0
0	0
0	0
0	0
0	0
0	13
0	27
0	26
0	8
0	1
0	3
0	3
0	5
3	181
0	204
0	338
0	162
29	27
0	49
0	46
0	28
0	14
0	14
0	14
2	19
2	8
0	8
0	0
0	0
0	0
0	0
0	0
5	21
0	6
1	7
0	12
2	17
0	14
0	6
0	0
0	3
5	143
0	274
7	317
0	278
0	292
0	35
4	248
0	91
0	43
0	35
0	52
0	7
1	24
1	26
0	26
0	3
0	11
0	4
0	4
2	0
0	325
0	32
0	388
0	204
0	20
0	68
0	10
4	10
1	21
6	85
0	271
1	213
0	269
0	192
3	195
10	5
0	13
0	21
0	8
1	70
2	72
67	97
0	0
0	0
0	267
0	78
1	136
2	169
0	476
0	528
0	55
0	77
0	425
1	40
3	95
0	208
5	0
0	326
0	93
0	291
1	363
18	350
0	365
20	330
0	0
0	0
0	0
0	0
0	0
0	0
0	0
0	0
0	0
0	371
0	20
0	20
0	0
0	5
0	20
19	82
0	238
0	23
0	35
0	38
0	210
0	24
0	164
0	263
0	0
2	12
0	42
0	23
0	344
15	39
0	41
3	42
0	59
0	110
6	80
15	80
0	98
0	0
0	0
0	0
0	0
0	0
0	0
0	0
0	0
0	0
0	0
0	0
1	7
0	7
0	1
0	0
1103	560
2	516
0	257
1	377
0	254
0	188
1	289
0	281
6	283
5	4171
2	5505
5	12520
0	12869
0	7021
6	2570
2	3537
0	2386
1	1023
0	15
0	1
0	1
0	1
0	1
1	1
0	1
0	0
0	157
0	176
1	166
0	13
0	42
0	16
0	10
0	11
1	2
0	1
1	2
2	2
0	688
9	688
0	688
0	688
2	673
0	657
0	648
3	94
0	29
0	177
68	956
0	921
45	290
0	407
15	125
8	953
0	959
0	914
1	353
0	538
0	376
0	140
0	91
0	91
0	82
0	99
94	99
0	76
1	51
0	79
1	1
0	27
0	31
3	64
0	1
0	26
0	261
0	262
0	263
0	251
0	44
0	0
0	210
0	253
0	50
0	1
0	4
1	57
0	65
0	272
0	12
0	7
0	107
0	222
0	51
0	54
0	83
0	11
0	42
0	65
0	76
0	263
0	0
0	0
0	0
0	0
0	0
0	0
0	0
0	0
0	0
0	0
0	0
0	0
259	680
1	673
43	274
0	297
0	193
0	497
0	79
0	32
0	35
1	64
0	89
0	88
0	84
0	61
0	0
33	668
0	390
0	451
0	34
6	91
0	92
1	39
0	654
4	163
2	3
1	191
5	276
1	228
0	131
3	49
0	13
0	15
0	16
0	13
0	10
0	1
0	12
0	4
0	1
0	10
0	0
0	3
1	11
0	4
0	1
0	1
1	51
3	116
0	113
0	113
0	13
0	116
207	227
0	150
0	0
0	1181
0	1233
0	584
1	116
0	0
0	0
0	299
0	141
0	41
0	18
1	96
0	79
0	149
0	94
0	115
0	52
0	128
0	215
1	15
5	123
2	90
0	20
0	0
0	0
15	130
0	16
209	140
0	35
0	18
0	12
12	19
8	19
0	1
0	580
0	464
2	630
0	382
0	189
1	98
4	108
0	20
0	14
0	0
0	6
0	8
0	20
0	18
6	18
0	0
0	12
0	9
0	10
0	76
0	86
2	35
0	2261
6	22
0	1633
2	135
1	204
2	6
0	40
0	103
0	25
0	24
0	70
1	58
0	2246
0	1091
0	1030
1	1100
0	1216
6	1058
45	1041
0	285
0	0
0	0
0	0
0	0
0	86
0	378
1	378
0	45
0	58
0	75
7	305
0	111
17	245
3	12
12	93
1	40
1	191
1	40
0	70
0	622
6	170
0	251
0	255
0	78
0	608
0	228
0	241
0	237
0	91
0	108
2	28
0	272
0	267
0	100
0	73
1	169
0	79
0	4
0	6
0	6
0	6
0	2
0	4
0	6
0	6
0	6
0	6
0	5
2	6
3	4
0	2
0	0
0	0
3	197
0	816
0	549
2	801
7	92
11	98
0	38
0	43
0	43
0	28
0	46
0	22
0	22
0	44
0	46
0	40
0	45
0	49
0	47
0	44
0	47
0	50
0	38
0	42
0	38
0	43
0	43
0	37
0	26
0	37
0	32
0	33
0	32
0	37
0	26
0	2
0	22
0	5
0	5
0	21
0	6
0	3
0	5
0	6
2	19
3	19
0	4
0	5
0	576
10	582
1	178
0	79
0	78
0	84
1	31
0	52
0	35
0	21
0	6
5	0
0	609
4	502
13	557
6	544
1	286
2	261
1	310
12	1767
14	1730
0	116
1	50
0	78
0	119
0	100
0	104
0	90
2	123
6	70
11	1080
0	876
1	13
0	13
0	0
0	3
0	518
1	491
1	411
0	214
0	10
0	42
0	30
0	21
1	2
0	117
0	148
0	156
0	8
3	14
0	10
0	26
0	7
2	1
0	1
0	1
0	0
43	0
0	8
0	8
0	8
0	8
0	6
0	0
0	3
0	1
0	3
0	2
0	2
0	1
0	1
0	1
0	0
0	0
3	1
1	1
0	61
0	356
0	365
17	103
5	24
1	211
0	375
0	392
2	41
0	42
0	98
0	3
0	2
0	3
0	3
0	2
0	175
0	189
0	128
0	105
13	0
1	0
0	0
0	0
0	0
0	0
0	0
0	0
0	0
0	0
0	0
0	0
0	0
0	0
0	0
62	158
2	120
1	94
12	77
0	54
49	91
101	380
0	23
0	329
0	291
0	258
9	340
0	340
0	83
0	0
0	0
0	0
2	101
0	987
4	794
1	225
0	834
26	502
14	666
0	357
7	191
3	196
0	163
33	533
0	81
0	459
0	33
1	423
0	423
1	42
0	125
0	126
0	21
0	66
1	25
0	113
0	23
1	16
0	27
0	26
0	10
0	78
0	10
2	7
0	15
0	9
8	16
11	0
1	41
1	146
0	221
0	51
0	60
1	217
1	220
0	220
0	101
0	111
0	110
0	9
12	180
1	165
0	221
0	220
0	0
0	0
0	0
0	130
0	131
0	89
0	16
0	12
0	3
0	7
1	3
0	0
0	3
0	240
1	250
0	229
0	26
1	44
1	19
0	0
0	31
0	8
0	2
0	2
0	2
0	1
0	1
0	1
0	612
0	538
0	536
18	258
0	277
4	75
881	4
0	0
0	0
0	0
0	0
0	0
0	0
0	0
0	0
0	0
0	0
0	0
0	0
83	2274
51	472
2	304
0	367
248	2180
1	66
5	155
0	176
20	842
0	2
0	5
8	14
1	7
0	2
14	0
1	422
0	411
0	338
0	62
0	409
0	318
0	308
0	25
0	393
9	29
0	57
0	31
0	31
0	31
0	32
0	24
0	21
0	4
0	1
0	1
0	8
1	3
0	6
0	1
0	1
0	0
0	1
0	1
0	1
0	1
0	1
1	1
0	1
0	0
0	0
0	0
0	1
0	1
4	4
0	2
0	3
1	470
0	445
0	351
0	25
1	28
1	11
0	69
3	34
0	240
0	26
0	226
0	22
0	19
2	21
0	48
2	99
0	45
0	39
0	49
29	6
0	6
0	421
0	351
0	279
0	351
0	291
0	351
0	349
4	201
0	106
0	115
0	75
0	65
0	76
0	52
0	22
0	22
0	2
0	2
0	1
0	1
0	0
0	2
0	0
0	0
0	0
0	0
0	1
0	1
0	0
0	0
0	0
0	0
0	0
0	0
0	0
0	0
0	0
0	0
0	0
0	0
0	0
0	0
0	0
0	0
0	0
0	0
0	83
385	190
3	158
5	156
0	85
0	94
1	23
0	153
1	547
0	62
0	41
0	136
0	568
0	519
0	90
1	182
0	529
22	169
0	190
1	73
0	211
0	157
0	1
0	3
0	3
0	3
0	0
2	1
0	0
0	0
0	3
0	0
11	122
0	59
12	14
2	9
0	8
0	7
0	6
0	65
0	124
0	122
7	41
21	57
0	31
0	1
0	14
0	15
0	4
0	10
0	4
0	75
1	15
0	74
0	0
0	3
0	3
0	188
0	408
0	1293
0	635
1	297
3	48
5	16
0	118
1	170
0	165
2	93
0	50
0	1171
0	0
0	0
0	3
0	3
0	0
0	3
0	3
0	3
0	3
0	0
0	3
0	0
0	1
0	0
0	0
0	1
0	0
0	1
0	1
0	1
0	1
0	0
0	0
0	0
0	0
0	10
5	401
0	48
0	48
3	11
1	8
65	1148
0	903
3	820
0	297
0	413
1	805
10	370
13	900
7	1738
3	1693
0	671
5	194
3	87
0	103
0	58
2	175
0	153
0	120
0	125
1	25
0	0
0	84
0	621
0	9
0	10
0	8
0	6
0	6
0	3
0	0
0	0
0	959
18	959
0	719
1	114
3	94
0	55
0	35
0	0
0	7
44	38
0	38
0	38
0	1
0	1
0	1
0	0
0	0
0	56
288	165
83	166
4	65
0	76
0	0
0	0
0	0
0	0
0	0
2	293
0	294
0	135
0	121
0	66
4	40
2	54
0	0
0	0
0	0
0	0
0	0
0	0
0	0
0	0
0	0
0	0
0	0
0	0
0	0
0	0
0	0
0	0
0	70
0	70
1	76
0	78
0	23
0	46
1	67
0	22
0	55
0	33
0	6
1	13
25	65
2	59
36	49
0	30
0	30
1	26
0	30
0	10
0	5
0	0
0	0
0	0
0	0
0	0
0	0
6	12
0	10
0	0
0	295
0	295
0	309
0	97
8	296
7	38
2	33
0	73
0	59
0	97
0	143
1	112
23	665
2	381
4	143
0	112
0	660
0	74
0	584
5	620
14	0
88	0
0	779
0	818
2	762
0	400
13	552
0	434
7	265
0	430
0	342
11	117
57	232
3	289
0	113
19	6
0	198
0	176
0	197
0	163
1	4
1	4
0	9
0	4
0	4
0	5
0	21
0	7
0	0
0	29
1	836
76	852
0	852
0	552
19	794
0	105
0	142
0	822
0	822
0	852
0	482
2	156
0	596
0	595
1	529
0	118
0	102
0	78
1	852
0	0
19	0
0	1
0	0
0	0
0	0
0	0
0	0
0	0
0	0
0	0
0	0
0	0
0	123
157	835
1	3
0	716
4	14
0	106
1	203
0	203
10	235
0	225
0	232
0	221
0	211
0	225
0	218
0	180
0	205
0	163
0	106
0	38
0	37
0	73
0	76
0	33
0	58
10	52
0	50
0	41
0	59
0	37
0	52
0	21
0	55
0	37
0	0
0	0
0	0
0	0
0	0
0	0
0	0
0	0
0	0
0	0
1	269
0	180
0	1
37	241
128	267
0	692
0	723
0	64
0	692
1	643
0	724
0	49
92	189
3	130
0	137
0	21
2	0
0	0
0	0
0	0
0	0
0	0
0	0
0	0
0	0
0	429
1	106
0	367
1	67
0	304
0	225
0	149
0	1429
0	1416
0	1432
0	305
1	1339
1	1354
8	105
1	127
1	108
0	104
183	565
6	357
6	147
3	59
21	159
0	23
2	155
0	57
0	110
1	82
12	51
1	31
6	26
8	17
1	17
0	2
0	0
0	158
0	155
0	82
0	154
0	8
0	13
0	17
0	12
0	8
0	6
0	261
0	14
1	260
0	6
0	145
0	134
0	16
0	82
0	20
0	22
11	83
0	8
4	10
0	24
0	11
2	8
0	260
0	226
0	224
0	221
0	169
0	116
0	114
0	73
0	23
0	23
0	17
0	12
0	12
0	7
1	2
0	0
41	834
0	83
2	431
0	838
48	856
11	71
0	28
11	76
0	115
4	13
0	4
0	4
0	0
0	1
0	1
0	1
0	0
0	3
0	0
7	221
0	2758
0	264
0	258
2	2551
0	2447
0	264
2	2671
4	280
6	264
2	223
0	570
0	0
0	0
0	0
7	226
174	217
0	123
0	49
2	102
0	102
1	289
0	25
0	75
0	77
0	216
0	77
0	39
1	75
0	89
0	65
0	14
0	1
0	3
0	3
0	2
0	1
0	1
0	0
0	0
0	1
0	0
0	512
5	515
0	518
4	512
1	5
1	299
30	289
0	266
0	279
0	234
0	39
0	23
5	28
0	49
10	70
1	16
5	18
0	17
0	11
0	17
0	751
167	858
1	251
0	158
14	238
0	118
5	59
0	17
0	17
0	4
0	0
0	75
0	20
0	2
0	1
0	0
1	76
0	1
10	201
1	364
200	384
0	402
1	340
0	201
0	256
0	46
0	133
0	129
2	56
0	59
1	32
0	13
1	9
0	8
0	8
0	8
0	13
0	8
0	4
0	4
0	4
0	6
0	4
0	13
5	7
0	2
0	0
0	275
0	249
0	47
0	560
0	2
4	548
0	332
0	0
0	0
0	0
0	0
0	0
0	0
0	0
0	0
0	0
0	0
0	237
0	18
0	750
0	389
0	63
0	64
3	176
0	177
0	174
0	7
0	13
0	175
0	0
0	0
0	0
0	0
0	0
0	0
0	0
0	0
0	1027
0	1036
0	1082
0	1042
0	1035
11	1045
0	1024
0	677
0	1013
0	897
0	566
0	752
0	705
0	637
0	119
1	202
34	18
15	18
2	253
0	625
0	610
0	74
0	265
0	4
0	196
0	265
0	248
0	633
0	228
0	630
0	630
2	261
0	258
0	243
0	64
0	261
0	242
0	39
2	36
0	11
0	87
1	521
3	107
4	432
0	97
0	382
1	345
1	137
4	64
0	85
1	621
51	889
0	67
0	60
0	85
0	32
2	60
1	45
3	465
6	34
40	0
0	175
0	167
0	76
6	239
1	239
0	47
0	20
0	9
3	12
1	12
1	47
1	319
0	326
3	18
0	19
3	12
0	25
0	16
2	17
0	11
1	50
0	10
0	40
3	50
0	10
1	16
0	161
0	0
0	79
0	1
0	1
0	246
0	96
0	240
0	15
1	56
0	34
0	53
0	24
3	48
0	0
1	0
0	0
0	0
0	0
214	25
0	25
0	17
1	52
0	152
25	152
0	76
0	62
90	52
3	0
2	1276
10	1265
1	1199
0	1142
0	1238
4	888
1	1261
2	776
0	1187
0	1207
0	1167
0	1167
0	880
0	383
17	370
0	253
1	57
2	0
1	264
0	48
1	51
0	24
0	13
1	249
0	3
0	3
0	0
0	0
0	0
0	45
0	49
0	49
0	45
0	42
2	32
0	5
3	12
0	10
1	0
0	8
2	33
0	40
0	24
6	38
2	5
0	10
0	75
25	48
0	6
0	23
0	25
2	15
14	49
0	2
0	16
0	1
0	16
0	2
0	1
1	2
4	34
0	34
1	34
0	566
12	479
1	487
0	191
0	438
0	466
0	201
0	217
0	220
0	304
0	303
0	111
0	297
1	444
2	439
0	36
1	29
0	174
0	84
0	147
0	111
0	55
0	92
0	90
0	84
0	364
0	115
0	125
0	131
35	0
0	8
0	0
0	0
0	0
0	570
6	567
0	572
0	565
0	229
0	47
0	5
0	17
0	0
0	0
0	0
0	229
14	171
9	157
11	213
3	71
0	131
0	4
0	4
0	3
1	1
0	0
0	0
0	3
0	12
0	0
0	12
0	0
2	249
10	170
0	176
0	15
2	386
0	326
18	231
0	344
0	352
0	39
0	24
0	0
0	0
0	0
0	0
0	0
0	0
0	220
0	152
0	7
0	17
0	12
0	16
0	7
0	34
0	25
0	44
0	2
236	44
0	37
0	0
0	0
0	0
0	0
1	62
0	66
0	70
0	59
8	22
0	22
0	6
0	7
0	47
0	78
0	2
0	10
1	17
12	78
0	0
0	2
0	1
0	0
0	2
0	0
0	1
0	0
0	0
0	0
0	1903
0	1882
0	1253
0	330
0	453
0	734
1	618
0	803
5	91
0	193
4	197
0	216
0	221
0	200
0	182
1	182
0	165
0	125
0	44
0	14
0	13
0	0
0	14
0	2
0	6
0	2
0	11
0	3
0	2
1	2
2	14
0	3
0	10
0	0
0	2
0	2
0	2
0	6
0	2
0	309
0	307
0	325
0	17
2	6
0	47
6	0
0	313
0	290
0	292
0	298
0	315
0	1
0	0
0	0
0	0
0	0
0	0
0	1
0	1
0	1
0	1
0	0
0	0
0	0
0	1
0	1
0	0
0	177
0	513
7	511
0	45
0	33
0	41
0	36
0	24
0	29
0	20
0	76
0	29
2	50
4	30
0	77
0	8
1	59
1	3
0	5
0	6
0	2
0	2
2	5
0	10
0	27
0	0
8	8
1	506
0	490
1	450
0	310
0	37
0	36
0	152
0	16
0	7
0	8
0	5
0	4
0	2
0	0
0	2
0	1
0	20
0	20
4	20
0	1
0	0
0	0
0	0
0	0
0	3650
0	6208
1	4791
25	6205
0	6115
6	3274
3	1962
0	4565
5	5951
0	1666
3	3714
39	3687
7	3301
13	1609
166	148
0	148
0	0
0	15
0	25
2	47
0	46
0	42
0	48
0	44
0	45
0	45
0	13
0	6
0	0
0	0
0	44
0	379
0	394
0	393
0	31
0	73
0	49
0	325
0	78
0	33
1	22
0	81
0	78
2	96
0	77
0	42
0	40
0	2
0	2
0	2
0	1
0	0
0	0
2	803
0	233
0	198
0	48
0	588
32	453
0	178
2	119
0	119
0	256
0	141
14	206
1	17
0	134
228	4493
0	11155
4	10127
0	9637
2	10123
0	6701
203	3787
0	9703
1	7144
2	7039
0	6471
93	593
0	6059
0	190
44	373
1	3164
3	2069
2	1525
0	1979
0	1935
0	1722
5	1563
0	753
0	303
2	15
0	376
0	385
7	250
0	383
15	383
0	380
0	223
1	20
2	49
0	25
0	15
0	18
0	378
0	9
0	7
0	9
0	9
0	7
0	9
0	9
0	8
0	7
0	7
0	9
0	7
0	13
0	13
0	7
0	3
0	3
0	2
0	2
0	2
11	788
0	121
0	825
0	775
0	752
1	256
0	664
0	518
0	843
0	609
0	509
0	510
12	9
4	26
0	30
0	233
0	112
0	103
0	1
0	818
0	722
0	891
0	851
0	795
0	795
0	747
0	835
0	535
0	242
0	275
0	320
0	279
0	159
0	122
0	158
0	117
0	85
1	3
0	118
0	116
0	109
0	56
0	67
0	7
0	7
0	0
0	0
0	0
0	0
0	835
0	178
3	145
0	166
23	192
0	155
1	140
0	147
0	61
0	145
0	0
0	0
0	20
0	0
0	1
0	6
0	0
0	59
0	59
0	1
0	2
0	2527
0	2550
2	2500
0	128
0	110
0	133
0	64
1	39
0	87
0	74
0	154
0	282
0	278
0	143
0	59
0	48
0	39
0	3
0	282
3	282
0	0
0	0
0	0
0	24
0	24
0	12
0	18
0	17
0	17
0	2
0	17
0	579
0	306
0	185
1	267
6	199
0	41
5	0
1	121
0	136
13	99
0	89
2	473
6	70
0	63
0	18
4	64
0	194
0	136
0	202
0	192
1	58
0	75
0	7
0	7
0	62
0	62
0	55
0	63
0	65
0	61
0	47
0	2
0	6
0	14
0	11
0	8
0	0
0	193
0	192
0	5
1	56
68	58
0	0
0	0
0	0
0	0
0	0
0	0
1	0
7	0
103	0
0	1
0	1
0	1
8	132
0	136
0	112
0	101
2	83
0	0
0	0
0	248
4	633
4	633
0	101
0	104
0	76
0	113
0	204
0	132
0	130
31	27
0	0
0	27
0	1
0	65
0	39
3	360
11	302
7	8
24	363
5	208
2	85
0	10
0	0
0	0
24	69
0	208
0	0
0	0
0	340
0	431
10	431
0	1
0	35
0	14
0	0
2	7
0	7
0	5
1	16
0	16
0	16
0	0
0	0
0	0
0	0
0	0
4	226
0	292
0	115
0	206
0	84
0	247
0	59
3	48
0	155
0	53
1	86
0	31
0	1
0	28
0	20
0	27
0	4
0	1
0	6
1	3
0	0
0	0
0	615
0	272
0	633
1	4
0	74
0	12
1	13
1	34
1	607
0	615
6	1048
0	13
0	315
0	746
0	981
0	785
0	956
1	522
2	603
0	217
2	270
0	518
1	66
2	9
0	28
0	551
2	88
2	45
2	371
0	124
0	51
0	41
0	110
0	80
0	87
0	130
2	20
0	1
0	1
0	1
0	1
0	10
0	259
2	140
0	790
7	789
13	514
0	134
0	31
1	82
2	39
0	798
0	227
0	53
0	50
0	6
1	47
0	236
0	37
0	73
0	203
1	60
0	42
0	53
0	90
0	89
0	116
2	47
0	16
0	41
5	55
1	26
0	11
1	0
10	0
2	7
2	17
0	115
6	639
0	535
0	491
27	556
0	631
0	181
0	496
0	467
0	507
0	579
72	152
0	614
0	194
0	155
0	355
1	29
0	15
12	2
10	116
0	116
15	134
0	60
87	103
0	50
6	84
1	2
0	9
2	8
0	300
0	300
0	228
0	123
23	77
0	48
0	44
25	332
120	671
1	479
3	478
1	361
0	193
2	175
50	770
0	814
0	814
5	543
0	71
0	695
0	713
2	88
7	55
0	115
1	167
0	226
0	143
0	137
0	99
0	97
15	88
0	84
0	50
0	50
0	52
0	9
0	8
0	11
0	0
0	3
0	15
0	37
0	41
0	32
1	33
0	28
0	16
0	0
0	0
0	0
0	0
0	0
0	0
0	0
0	0
0	0
0	0
0	0
4	470
0	470
1	205
0	284
0	203
0	110
0	0
5	10
0	2
0	0
0	0
0	2
0	0
0	8
0	2
0	0
0	0
0	3
0	6
0	0
0	0
0	138
0	142
0	68
3	66
0	107
0	111
12	19
340	333
0	300
0	72
5	68
0	55
1	24
0	70
0	30
0	103
0	105
0	26
0	1
0	1
0	361
0	11
2	268
0	1
0	1
0	3
0	2
0	0
0	13
0	108
0	12
3	65
0	99
2	355
6	150
0	39
0	134
0	160
0	92
0	3
537	13
0	13
2	23
0	0
0	0
0	0
0	0
0	6
0	21
0	0
0	6
0	2
0	2
0	43
0	45
0	44
0	28
0	29
0	24
0	36
0	0
0	45
0	5
0	21
0	19
0	19
0	4
0	0
0	23
0	23
0	1
0	0
0	0
3	1
1	228
0	1467
185	1565
0	1482
2	1317
23	1597
0	1214
0	1219
1	1511
1	262
11	347
5	82
0	73
0	103
6	232
0	249
0	159
0	139
0	223
0	92
0	73
0	79
0	94
5	1213
8	1195
2	1082
0	1065
0	1159
0	227
1	95
0	212
6	75
0	191
0	217
0	1145
0	154
0	458
0	350
21	534
0	37
0	159
1	172
0	1366
1	1044
0	478
0	170
0	575
0	1300
0	1051
1	179
0	389
0	405
0	702
0	70
1	165
2	372
4	1265
0	1285
0	33
38	623
0	1020
0	233
5	140
0	49
0	15
0	203
0	84
0	26
0	66
0	23
1	27
7	21
0	0
14	111
0	111
0	0
0	1
0	1
0	1
0	0
0	0
0	0
0	0
0	0
0	0
0	0
0	0
0	0
0	0
0	0
0	0
0	0
0	0
0	0
0	0
0	139
0	12
1	175
0	159
0	17
3	5
0	15
0	18
0	13
0	22
0	25
0	24
0	8
5	317
0	268
74	208
0	1142
0	291
13	875
1	114
0	226
13	226
0	380
0	1086
0	1088
0	72
7	193
1	711
0	90
0	55
3	698
0	716
0	126
0	80
3	196
13	451
0	67
1	128
0	259
0	23
0	2
0	3
0	2
0	2
0	0
0	0
0	3
0	0
0	0
0	0
0	0
0	0
0	0
0	0
0	0
0	0
0	0
0	0
0	84
0	85
0	85
0	89
2	24
1	18
4	28
3	28
134	26
1	26
4	45
0	58
1	50
0	45
0	4
0	37
42	41
1	41
0	273
0	0
0	0
0	0
223	78
3	43
0	0
0	10
0	12
0	13
2	0
15	137
0	121
0	22
0	31
0	25
0	18
0	3
0	2
0	0
0	0
0	0
0	0
0	0
0	0
0	0
0	0
0	0
193	0
0	10
0	7
0	8
0	10
0	10
1	7
0	9
0	8
0	9
0	8
0	3
0	0
0	0
0	1
0	0
0	0
0	0
0	0
0	0
0	0
0	0
0	50
0	1
0	0
0	50
0	6
0	4
0	140
217	241
0	79
1	105
0	3
0	174
8	5538
174	4540
0	5121
0	4040
5	859
2	586
2	1383
0	415
0	839
0	815
0	4326
29	4781
0	3772
0	4342
0	598
0	682
0	849
0	1098
0	671
0	352
0	414
4	280
42	945
14	1610
1	5
0	0
0	0
9	38
0	36
0	3
0	27
0	3
0	13
0	1
0	5
0	3
0	1
0	0
0	0
0	0
0	0
0	0
0	0
0	0
0	0
0	0
0	0
0	0
0	0
0	0
0	84
1	0
0	0
0	0
0	0
0	0
0	0
0	0
0	0
0	0
0	0
0	0
0	0
0	0
73	26
0	26
0	4
0	3
0	2
0	1
0	1
0	0
0	0
11	176
0	176
0	2
0	2
0	2
0	75
0	65
2	76
0	36
0	30
0	14
0	5
0	16
1	3
0	15
0	1
1	13
0	12
0	12
0	11
0	9
0	9
0	7
0	6
0	5
0	4
0	0
0	76
0	0
0	0
0	7
0	52
1	8
0	52
1	7
0	15
0	10
0	11
2	8
0	6
0	59
14	1
2	5
399	422
0	95
1	395
2	404
6	370
0	284
0	17
0	64
0	61
0	33
0	141
0	0
0	0
2	1159
0	1174
4	195
1	120
0	124
0	100
0	191
6	195
0	42
0	45
0	48
0	7
0	46
0	43
1	21
1	12
0	0
0	0
0	0
0	0
0	0
0	0
0	0
0	0
0	0
0	128
0	130
0	86
0	1
0	89
0	90
6	0
0	89
3	0
0	3
0	0
0	0
0	0
0	0
0	0
0	0
0	0
0	0
0	0
0	0
0	0
0	0
0	0
0	0
0	0
0	0
0	0
0	1
0	0
4	1
0	1
0	1
2	0
0	0
0	0
0	0
0	0
0	0
0	2
0	2
0	1
0	0
0	0
0	0
0	0
0	0
0	0
0	0
0	8
0	8
0	0
2	8
2	4
0	2
0	101
218	108
6	8
0	58
4	9
0	10
11	1289
0	247
0	1203
1	1159
1	1097
0	1384
0	1341
0	1383
0	1383
0	1438
0	1389
0	1388
0	1371
0	1373
0	1382
0	1438
0	1365
0	1404
0	1378
0	1436
0	1424
0	1356
0	1195
0	1124
5	504
4	530
0	960
3	1126
0	1069
0	1114
1	1140
0	896
4	725
0	957
1	419
0	834
0	951
0	882
0	902
0	895
0	117
0	171
0	629
0	336
0	532
0	620
0	265
0	334
0	39
0	215
0	115
0	243
0	243
0	117
0	65
7	22
0	158
0	28
0	39
0	164
0	39
0	21
28	160
2	12
3	16
0	21
0	9
0	0
1	0
0	0
0	0
0	0
0	0
0	0
0	0
0	0
0	1
0	0
0	0
0	0
0	1
0	1
0	0
0	0
0	0
0	0
0	1
0	0
0	1
0	1
0	0
0	2
0	6
0	6
0	1
0	0
0	0
0	0
0	0
0	0
0	0
0	0
0	0
0	0
0	26
0	35
0	50
0	881
9	881
0	881
0	881
2	37
0	881
0	78
1	70
0	21
0	175
0	0
0	125
0	175
0	0
1	5
1	7
0	2
0	86
0	0
0	4
0	10
2	8
4	5
0	22
0	0
0	0
0	0
0	0
0	0
3	51
0	39
0	1
2	33
0	4
0	24
1	5
0	20
12	133
23	394
0	251
7	53
1	280
2	72
0	0
0	0
0	0
0	0
0	0
0	0
0	0
0	0
0	0
0	0
0	0
0	0
0	0
10	186
1	20
2	0
0	20
0	214
0	33
0	20
0	47
0	31
0	69
0	219
1	105
2	91
0	120
17	331
0	2
0	21
0	21
0	12
0	194
0	14
0	30
0	23
0	8
0	19
0	19
0	194
0	2
0	13
0	12
0	1
2	179
0	11
0	13
0	20
0	1
0	14
0	19
0	193
0	21
0	19
0	34
0	192
0	20
0	61
2	2
0	12
0	8
0	13
0	12
0	62
0	66
0	177
0	175
0	186
0	10
1	20
0	20
0	7
0	19
0	26
0	24
1	110
0	14
0	25
0	18
0	16
0	1
0	0
0	137
5	131
9	216
0	768
0	725
18	587
0	302
0	313
0	217
0	258
0	314
0	314
0	236
0	179
3	240
0	270
0	170
0	250
0	232
0	207
0	151
0	50
0	45
33	48
0	88
24	7
5	0
0	0
0	667
0	665
10	515
0	79
0	266
0	233
0	0
2	106
0	109
0	159
0	59
0	14
0	14
0	15
0	13
0	13
0	0
0	136
0	369
0	544
6	160
0	1
0	1
0	1
0	1
0	0
0	0
397	609
12	597
0	581
0	109
0	285
1	420
0	392
0	428
0	557
1	489
9	559
0	417
0	59
4	143
0	460
0	91
1	27
0	396
0	103
0	432
0	79
0	364
1	346
0	23
0	44
14	1375
395	1859
0	626
0	587
0	414
0	161
1	956
0	551
3	77
0	87
7	48
2	117
8	49
0	54
0	66
0	50
2	39
0	48
1	30
0	13
0	15
0	48
0	60
0	50
1	57
0	61
0	56
0	49
0	50
0	69
1	403
2	420
0	73
0	133
0	50
1	286
0	629
0	242
5	820
0	48
0	61
0	59
0	268
0	822
0	656
2	430
0	318
0	362
11	61
0	90
15	76
5	97
1	69
3	40
0	0
0	0
1	7
54	6
0	7
0	3
0	0
1	1
0	1
1280	695
10	570
0	477
0	568
0	170
0	665
0	70
0	98
0	164
0	167
3	120
0	176
0	70
0	46
0	0
0	3
0	383
1	187
0	24
1	89
1	205
0	423
0	112
0	248
0	289
0	51
14	170
0	140
3	114
4	62
5	66
0	129
2	70
0	47
1	6
52	66
0	27
0	27
0	16
0	0
0	0
0	0
0	12
0	12
0	5
0	7
1	9
1	86
10	117
0	1431
1	54
0	930
12	42
0	676
0	1464
0	1159
0	1460
0	10
2	7
0	1
0	153
1	38
0	28
0	9
65	70
0	38
0	46
0	2
0	0
0	2
0	0
0	1
0	410
0	215
21	131
4	258
0	163
6	153
1	145
1	38
0	24
1	9
0	406
0	151
0	0
9	0
1	0
43	1640
4	683
4	390
0	252
1	147
0	175
1	113
1	90
0	12
0	121
15	20
0	1640
26	156
0	87
3	81
0	83
0	87
0	88
0	63
0	4
0	2
60	11
0	1
0	4
0	585
0	637
9	506
3	41
0	630
0	322
0	635
1	31
0	659
0	35
0	633
3	535
0	588
0	355
0	55
0	333
0	63
2	600
2	526
1	1
2	1
0	0
0	49
0	978
0	165
8	1026
0	587
0	84
0	55
0	52
0	87
0	497
1	2
0	119
0	502
0	2
0	849
0	39
0	0
0	847
0	462
0	512
0	92
0	147
0	149
0	828
0	76
0	820
0	444
0	58
1	43
0	24
0	42
0	13
1	172
2	303
0	354
0	178
18	117
3	196
1	221
14	90
12	341
0	201
1	95
0	305
0	200
0	100
0	145
0	117
0	36
0	0
25	35
0	38
1	38
2	32
0	3
0	4
0	11
6	25
1	9
13	10
0	7
2	1
0	0
0	1
0	0
0	0
6	2869
0	2869
1	2784
0	525
0	474
0	2872
2	2901
7	2869
0	22
360	216
11	68
0	138
0	0
0	0
0	0
0	0
0	0
0	0
0	0
0	0
272	477
3	421
1	411
0	11
2	42
127	455
0	419
21	394
0	421
5	173
0	135
0	109
0	78
0	78
0	63
0	73
0	44
1	53
0	57
2	48
1	25
0	34
1	11
0	33
3	27
0	3
0	2
0	0
0	528
0	246
0	139
0	174
1	137
10	39
0	37
0	22
0	24
0	18
0	530
4	71
4	65
0	34
2	62
0	10
0	3
0	257
18	315
0	105
0	12
0	48
4	244
2	256
1	276
0	40
0	39
0	11
2	369
51	369
0	2
7	18
0	19
0	7
0	5
0	2
4	5
0	5
0	0
0	0
0	4
1	2
0	2
0	5
0	5
0	5
0	5
0	1
0	0
2	1
0	196
0	286
34	282
0	284
0	274
0	276
0	214
0	233
0	228
0	235
0	161
0	164
0	169
0	207
0	127
1	133
0	137
0	140
0	155
0	81
0	151
0	102
0	95
0	139
0	127
0	11
0	7
562	819
0	18
0	219
1	305
0	201
2	238
1	74
0	72
0	66
0	24
0	26
1	13
0	10
0	1
3	380
0	41
0	397
0	91
0	198
0	108
1	86
0	251
22	88
0	23
6	40
3	99
4	40
0	3720
0	502
0	3915
1	174
1	3457
1	3349
0	3567
0	2904
0	556
0	507
1	251
3	758
10	684
4	836
0	86
0	86
0	0
0	0
0	0
0	0
0	0
0	0
0	0
72	106
0	106
0	111
0	117
0	96
0	65
0	32
3	15
0	2
0	5
0	1
0	1
0	1
0	1
0	1
0	15
0	3
0	0
0	3
0	3
0	3
0	0
0	0
0	0
0	0
0	0
0	0
0	0
0	0
0	0
0	0
0	0
0	0
0	0
0	0
0	0
0	0
0	0
0	0
0	0
0	3
0	0
0	3
0	3
0	3
0	0
0	0
0	0
0	0
0	0
0	0
0	0
0	0
0	0
0	0
0	0
0	0
0	0
0	0
0	0
0	119
2	153
0	155
1	23
0	5
0	1
1	73
0	68
0	26
0	11
37	16
0	9
2	1
0	118
0	122
0	140
0	130
0	134
0	140
0	131
0	121
0	129
0	130
24	62
0	135
0	37
0	42
156	116
0	21
0	76
1	13
0	107
0	12
0	172
0	56
0	35
0	73
0	91
4	199
0	151
0	180
0	16
0	4
0	9
0	7
0	4
0	6
0	7
0	6
0	6
0	4
0	3
0	4
0	8
0	10
0	8
0	7
0	9
0	9
0	8
0	6
0	1
0	8
0	5
0	9
0	6
0	9
0	12
0	6
0	5
0	6
0	6
0	6
0	8
0	3
0	3
0	8
0	4
0	3
0	4
0	2
0	8
0	8
0	6
0	7
0	6
0	4
0	8
0	1
0	2
0	3
0	2
0	5
0	8
0	4
0	3
0	4
0	5
0	2
0	522
0	1014
19	407
0	926
1	954
0	149
0	153
0	629
367	3
0	3
2	211
3	0
0	149
0	132
0	1
0	21
0	141
0	20
1	448
4	182
2	28
0	115
0	88
0	68
1	42
0	76
0	446
0	399
0	419
33	43
0	41
0	2
1	1
0	1
0	1
0	1
0	1
0	0
0	0
0	385
23	1504
0	1628
0	95
1	1356
2	506
4	0
0	0
0	103
0	186
0	0
0	0
0	79
0	78
0	280
0	389
10	79
0	381
0	278
0	112
0	112
0	5
4	10
0	10
0	224
0	224
0	148
1	44
0	5
1	45
0	99
0	268
0	60
0	133
0	25
0	55
0	160
3	108
0	25
0	47
0	60
0	51
0	58
0	56
0	52
0	57
0	57
0	55
0	55
0	54
0	63
0	58
0	35
1	57
0	58
0	52
0	51
0	22
0	49
0	57
0	21
0	57
0	49
0	54
0	50
0	15
0	49
0	46
0	42
0	42
0	36
0	39
0	43
0	41
0	35
0	40
0	7
0	10
0	83
0	167
0	225
0	382
0	398
0	399
0	401
0	372
0	398
0	404
0	73
0	402
0	397
0	100
0	110
1	118
0	410
0	420
0	433
0	415
1	393
0	121
0	118
0	383
0	393
0	403
2	68
0	416
1	339
0	330
0	111
0	218
0	373
0	378
0	382
0	210
0	43
0	344
0	204
0	18
0	301
0	286
0	307
0	23
0	340
2	340
0	95
1	333
0	241
0	315
0	285
0	11
0	322
0	292
0	292
1	308
4	271
0	10
1	66
0	12
0	14
0	8
0	8
10	16
0	15
0	9
1005	228
0	223
1	9
11	7
0	0
0	0
0	0
0	0
0	6
27	15
1	9
0	254
0	239
0	250
0	258
0	276
0	269
0	244
0	24
0	22
0	8
1	9
10	28
0	0
0	19
0	315
0	8
0	90
0	11
0	315
0	304
3	2281
0	1939
0	2820
0	2820
0	2895
0	2895
0	2820
0	2650
0	2812
0	2895
1	2826
1	2729
0	2710
0	2714
0	2826
0	2787
0	2874
0	2878
0	2895
0	2824
0	2823
0	2823
0	2898
0	2824
0	2900
0	2822
0	2899
0	2903
0	2827
0	2828
0	2902
0	2813
0	2878
0	2633
3	2836
0	2869
0	2633
0	1905
0	1899
0	1928
0	1552
0	1552
0	1017
0	35
0	4
0	167
0	35
0	3
0	353
0	165
1	172
0	304
0	263
0	174
0	382
0	2
0	102
0	42
0	16
0	168
0	87
0	153
0	252
0	134
0	223
0	173
0	95
0	32
0	32
0	32
0	32
0	33
0	35
0	35
0	0
0	0
0	0
0	0
0	0
0	0
0	1
0	0
0	0
0	0
0	0
1	3
0	0
0	0
0	0
0	5
0	325
0	55
0	272
0	285
0	35
7	285
1	165
0	339
0	346
36	516
0	392
1	177
0	357
0	268
15	12
0	12
0	12
0	11
0	7
0	4
0	4
0	2
0	3
0	5
0	2
0	1
0	1
0	0
0	0
0	0
0	0
0	0
0	0
0	0
0	0
0	239
0	547
0	1258
0	1027
0	378
0	1636
0	1528
0	1662
0	14
0	27
0	237
0	1660
0	3
0	269
0	76
0	1619
0	1
0	58
0	39
0	1174
0	1559
0	1120
0	1646
0	0
0	1179
0	1647
0	1037
0	1362
0	1667
0	836
1	60
2	1
0	999
0	1103
1	1043
0	1461
0	1601
0	380
0	175
0	1482
0	1061
0	1054
0	25
0	126
0	870
0	1222
0	780
0	47
0	63
0	684
0	753
0	1234
0	57
1	626
1	1004
0	565
7	509
9	152
0	113
0	112
1	110
0	112
0	112
0	112
0	112
0	112
0	109
0	56
0	63
0	33
0	26
0	1
0	5
0	2
0	2
0	1
0	0
0	0
0	0
0	0
0	112
0	113
0	112
0	1
0	1
0	1
0	1
0	1
0	1
0	1
0	1
0	0
0	0
0	0
0	0
0	0
0	0
0	0
0	0
0	0
0	0
0	0
0	0
0	0
0	0
0	74
0	74
2	74
0	74
0	12
0	10
1	12
0	272
0	311
1	254
0	15
0	18
0	38
34	348
0	17
0	62
0	221
38	45
45	151
15	39
0	53
1	676
0	154
0	157
0	179
0	680
0	121
0	142
0	151
0	45
1	79
0	59
1	23
0	47
0	558
96	349
1	233
0	326
0	245
1	306
0	146
0	108
3	67
18	95
17	67
101	2714
0	568
0	2705
3	2668
0	171
1	9
6	409
1	113
0	100
16	1566
0	187
0	172
0	230
0	117
0	222
0	160
1	86
0	68
4	47
0	48
3	18
1	1
0	0
4	321
0	51
0	62
0	54
0	36
0	271
59	20
0	20
0	20
0	219
0	222
1	212
0	140
0	126
0	26
0	38
0	33
0	22
2	9
0	11
9	5
0	101
0	99
0	13
0	19
0	27
0	17
0	22
0	7
0	5
1	7
0	6
0	0
0	2
0	35
135	37
0	2
0	1
14	49
0	15
0	4
0	175
2	132
0	137
0	100
5	81
0	34
0	35
0	17
0	47
0	56
0	25
0	147
0	186
0	38
1	80
0	31
0	165
0	22
0	148
0	186
0	172
0	157
0	115
1	14
16	107
0	0
0	0
0	0
69	59
0	65
0	434
0	423
0	224
0	202
0	185
0	96
0	77
0	195
0	214
0	52
0	146
0	21
0	145
0	117
0	33
0	133
0	49
0	44
0	40
0	40
0	40
0	1109
0	38
0	74
0	1110
0	1110
0	1110
0	1111
0	65
0	81
1	1110
0	43
0	61
0	87
0	1
1	883
0	82
0	2
0	62
0	14
1	1
0	57
0	83
61	242
0	242
2	235
6	55
0	55
0	19
0	14
0	8
2	222
0	200
0	214
0	225
0	223
0	185
0	7
0	229
0	213
0	53
0	1817
0	1817
0	1833
0	1723
117	4
0	4
0	316
0	295
0	45
2	134
1	35
6	100
0	21
0	16
16	780
23	85
10	696
1	262
1	170
0	121
0	356
0	765
21	82
33	354
6	317
0	349
5	6
0	148
2	50
2	478
0	146
0	95
0	173
0	435
1	123
0	113
0	157
0	57
0	123
2	116
17	83
0	136
1	90
565	169
0	78
0	66
1	60
0	23
0	53
0	41
0	27
0	5
16	66
2	382
0	458
18	296
0	271
2	274
2	346
0	5
0	0
0	0
0	0
0	1
2	3
0	366
0	99
0	184
0	396
0	359
0	116
0	179
36	301
0	12
0	95
4	264
0	6
0	22
0	4
0	25
2	12
0	27
0	18
0	24
0	26
0	25
0	27
0	25
0	26
0	26
0	25
0	16
0	18
0	7
0	8
0	16
0	27
0	3
3	24
0	24
0	515
12	514
0	509
0	525
0	160
0	333
0	355
0	352
0	330
0	91
0	72
0	48
0	63
1	47
4	72
0	46
0	49
0	22
0	278
0	355
0	217
12	246
0	229
0	169
1	76
0	100
0	9
37	126
0	45
0	83
1	58
0	74
18	914
6	709
0	862
0	878
8	516
7	619
1	760
0	609
2	160
0	163
0	224
1	106
1	80
1	73
0	199
0	214
0	110
0	134
0	122
0	121
0	71
0	494
2	464
0	494
0	433
4	282
2	89
6	134
1	128
1	45
0	71
11	17
99	104
0	36
0	35
0	34
0	33
0	28
0	20
3	12
0	5
0	7
0	28
0	28
1	4
0	2
1	2
0	0
1	0
1	0
0	0
0	3
0	3
0	0
0	0
0	0
0	717
1	743
48	259
0	167
0	166
1	1108
1	3059
4	815
0	3009
1	541
7	295
0	327
4	391
25	859
27	772
26	558
0	318
99	1179
0	1158
0	1145
10	982
2	447
1	232
16	42
0	549
0	456
0	362
0	489
7	165
111	532
0	281
2	166
2	92
0	88
0	179
1	71
0	17
0	130
1	207
0	11
0	96
0	111
0	204
0	71
0	20
0	5
0	37
0	181
0	25
0	40
0	78
0	33
1	0
0	87
0	5
0	20
0	7
0	46
0	45
0	8
0	25
0	29
0	14
0	4
0	20
0	17
0	17
0	10
0	13
0	9
1	11
0	11
0	10
0	6
0	1
0	6
0	5
1	3
0	4
0	6
0	2
0	1
0	0
0	0
0	0
0	0
0	0
0	2
0	0
0	0
0	4
0	1
0	7
0	0
0	0
0	0
0	23
0	88
0	63
0	50
4	98
0	29
0	24
2	18
0	42
0	18
0	30
0	11
0	21
0	3
0	12
3	24
0	21
0	15
0	12
0	5
0	15
3	155
0	113
0	12
1	53
0	51
0	153
0	7
0	54
0	57
0	0
0	0
0	0
0	0
0	0
0	0
0	0
0	0
0	0
0	0
0	0
0	0
0	0
0	81
0	165
0	160
0	172
0	151
0	140
0	36
0	12
423	76
2	76
38	2
9	27
4	36
0	28
2	38
0	95
1	79
0	67
0	87
0	80
0	70
0	19
0	28
8	135
0	0
0	0
0	0
0	0
0	106
0	112
2	112
0	64
0	5
1	0
14	483
331	712
15	6
28	57
0	52
6	165
0	388
1	81
0	81
0	6
0	12
0	42
0	79
0	110
0	222
0	394
5	19
0	15
0	407
6	386
14	359
0	10
2	22
0	56
0	136
0	17
0	12
1	61
0	269
0	269
0	56
0	21
0	0
0	0
0	31
0	147
2	198
0	198
0	31
0	31
0	200
0	31
0	52
0	21
0	32
0	18
0	13
0	4
0	11
0	11
0	0
0	0
0	14
0	48
1	52
1	35
0	33
270	0
9	24
0	11
0	24
0	22
0	0
0	1
0	0
2	2
0	1804
1	1311
3	1040
1	776
0	933
0	761
4	614
1	557
0	374
7	945
0	59
0	110
0	51
0	2
0	2
0	25
0	23
0	108
0	108
0	130
0	127
0	73
0	45
0	36
1	17
4	38
2	9
0	10
0	11
0	12
0	13
1	8
1	0
0	8
0	8
0	0
0	0
0	0
0	0
0	0
0	0
0	0
8	2257
57	2254
0	140
1	237
0	241
1	26
0	718
124	50
0	49
1	328
0	215
0	23
0	138
1	117
0	53
0	21
0	18
0	23
0	19
0	10
0	8
3	2
0	915
2	893
0	102
14	14
0	4
7	45
0	12
3	91
0	21
0	1
1	1
0	50
0	1296
9	96
0	1173
0	171
0	637
0	217
0	113
31	138
1	58
85	159
0	122
0	99
0	12
566	1093
0	954
6	165
0	491
3	339
0	144
2	198
0	0
0	0
0	0
0	0
0	0
0	0
0	0
0	0
0	0
5	11
0	10
0	262
3	260
3	262
0	75
6	6
0	60
0	62
0	0
0	0
0	0
0	23
1	19
0	1
0	23
0	18
0	16
0	0
0	0
1	66
174	125
0	59
0	70
4	49
0	175
0	46
0	18
1	20
0	153
0	135
0	26
0	153
0	14
0	118
0	139
0	22
0	135
0	160
0	45
0	160
0	5
0	111
0	37
0	12
4	53
0	31
0	9
0	9
0	9
0	9
0	9
0	0
0	0
0	0
0	0
0	0
0	0
83	131
1	131
3	11
2	10
0	3
0	1
0	6
0	88
33	787
0	861
0	331
2	750
0	34
0	47
0	68
0	52
0	84
0	29
0	13
0	7
0	141
0	48
0	73
0	15
0	15
8	134
1	39
0	2
1	3
0	5
5	3
2	38
3	80
0	45
0	139
0	98
8	87
1	23
5	19
34	452
0	422
0	117
6	41
0	90
0	222
2	46
2	53
0	149
1	124
0	92
0	44
18	437
0	356
0	339
0	262
0	266
0	304
2	231
0	168
5	147
10	127
55	277
0	131
0	34
0	52
1	23
0	127
1	35
1	73
0	49
253	0
0	0
0	0
0	0
0	0
0	0
0	0
0	0
0	17
0	1
0	2
0	1
0	0
0	0
0	1
0	1
0	0
0	216
0	198
0	80
5	161
0	211
0	207
0	172
0	157
1	15
3	51
0	39
1	12
1	19
0	19
4	9
0	1
0	0
0	0
0	0
0	0
0	0
0	0
0	0
0	0
0	0
0	0
1	0
0	0
0	0
0	0
1	0
0	62
0	77
0	46
0	17
0	15
0	14
0	33
5	17
0	23
1	24
0	20
0	7
0	8
0	3
0	84
0	23
6	83
0	15
0	92
0	91
4	88
2	84
0	9
850	0
15	0
0	13
0	1
0	1
0	1
0	1
0	1
0	2
0	0
0	1
1	2
0	1
0	1
0	1
0	1
0	0
2	111
21	111
1	58
0	0
0	0
0	0
225	424
16	423
0	264
5	200
0	141
0	36
0	161
0	187
0	189
0	15
0	2
0	177
0	163
0	650
14	3
3	700
0	696
11	476
0	60
5	0
297	110
0	110
0	67
4	22
1	0
0	349
0	309
0	73
0	110
0	45
0	43
0	60
0	287
0	364
0	248
1	96
0	45
0	46
0	0
11	52
0	23
0	66
11	48
0	1
0	1
0	1
0	1
0	1
0	1
0	1
0	1
0	0
0	0
0	3
0	3
0	1
0	3
0	1
1	56
0	56
0	82
0	79
1	78
0	82
0	79
4	81
0	15
0	31
0	51
1	19
0	45
0	4
0	3
2	15
0	19
0	11
3	9
0	7
0	0
77	1207
3	882
30	662
0	110
0	109
2	18
0	135
0	5
0	181
1	45
3	26
0	32
0	63
0	180
1	180
0	44
0	97
0	31
1	22
0	45
0	43
23	75
0	34
0	9
0	20
0	19
1	6
0	0
0	4
0	4
0	0
2	25
301	267
0	41
21	126
1	247
1	2
0	2
0	1
0	1
0	2
0	1
0	13
78	30
0	9
0	24
0	14
0	6
0	21
0	0
0	0
0	0
0	0
0	0
0	0
0	0
0	0
0	0
0	0
0	0
0	0
0	0
0	0
0	0
0	52
1	163
0	2802
2	115
0	111
0	142
0	302
0	341
2	349
5	1214
23	2958
0	3059
0	3050
360	2566
0	1076
0	2790
0	313
0	337
0	416
0	1146
0	1171
3	410
0	295
3	338
34	534
0	261
0	720
1	1
0	1
0	1
0	0
10	539
0	0
0	533
4	519
4	43
2	138
0	559
0	1
0	2
0	2
1	34
0	36
0	35
0	35
0	35
0	35
0	34
0	34
0	32
0	30
0	29
0	38
0	38
0	38
0	39
0	39
0	137
0	137
4	181
5	180
0	35
0	38
0	121
2	136
0	1417
0	409
0	1387
0	1376
15	10
0	0
0	0
0	11
0	4
0	5
0	1
0	2
0	2
0	2
1	0
0	0
0	8
3	132
2	5
2	130
0	16
2	3
0	123
3	611
1	600
0	48
0	18
0	50
0	39
0	35
1	4
0	52
0	519
0	17
0	18
0	21
0	521
0	2
3	3
0	5
0	30
0	5
0	6
0	514
0	7
3	530
0	16
0	0
0	0
0	472
0	351
6	461
0	419
0	470
124	372
1	153
1	63
0	35
0	89
2	24
0	58
2	16
0	10
1	934
1	952
2	163
0	839
18	928
1	59
0	357
11	93
0	381
6	340
0	273
0	108
0	139
4	101
0	261
0	227
1	179
2	5
0	1
0	3
0	3
155	0
0	306
0	128
14	304
0	161
0	172
14	199
0	293
0	226
0	60
0	36
0	262
0	17
0	23
30	19
3	18
0	18
0	17
3	29
0	51
0	23
0	20
0	8
0	8
0	1
0	3
0	10
0	0
0	0
0	0
0	0
0	8
0	6
0	6
0	2
0	0
0	0
0	1
1	1
0	0
0	0
0	2
0	4
19	10
0	2
1	2
0	2
0	12
0	2
0	2
0	3
0	1
0	2
0	1
0	0
0	8
0	8
0	5
0	6
0	4
0	0
0	2
0	0
1133	347
31	346
0	0
0	0
0	0
5	1061
126	1036
17	40
0	584
0	1021
14	142
7	240
0	7
4	7
0	1
2	0
0	410
14	410
0	35
8	0
73	129
0	14
0	11
0	101
0	14
0	79
1	22
0	23
0	19
0	10
8	551
0	597
6	121
0	395
0	353
0	895
0	2182
0	1175
4	135
0	1180
0	2217
0	1639
4	769
9	1220
1	3
7	2190
9	1051
0	1070
0	415
0	890
0	408
1	189
5	77
11	848
8	484
10	215
0	72
0	3414
101	3617
0	2377
2	2419
0	1154
0	1933
0	694
1	2124
0	226
0	486
0	553
39	1269
2	682
7	1274
0	1279
0	499
7	618
0	363
0	521
0	286
8	214
1	206
13	36
0	79
0	31
0	68
0	77
14	66
0	56
1	69
0	59
0	36
0	62
0	28
1	23
1	19
0	60
1	79
0	14
5	57
10	20
0	26
0	13
0	77
0	21
0	42
0	18
11	47
83	161
621	334
1	311
0	131
0	25
0	22
0	0
0	0
0	0
0	0
0	0
0	0
0	0
0	0
0	0
762	0
1	0
0	0
0	0
0	0
0	0
0	0
0	0
0	0
0	0
0	5
1	5
4	15
3	18
26	16
2	44
0	62
0	62
0	56
0	4
0	19
0	30
0	19
0	8
0	7
0	6
1	7
0	5
0	2
0	7
0	5
0	6
0	6
0	3
1	2
0	993
0	965
4	134
1	78
49	964
2	28
0	15
1	0
7	0
0	0
0	0
0	0
4	0
0	3
1	3
7	11
0	0
2	0
0	0
0	154
0	232
0	145
0	231
0	181
0	47
1	12
0	0
1	155
1	4
0	9
0	2
1	2
0	8
1	11
1	8
0	9
11	3
0	3
1	2
0	124
0	168
0	0
0	0
1	5910
0	5715
0	5912
0	5865
0	5870
0	6096
8	5856
0	5955
2	5713
0	5940
2	5648
2	5404
1	5733
151	5185
0	5492
0	234
2	4839
0	731
0	4313
0	2971
0	2903
0	2910
1	678
0	0
0	0
0	0
0	0
1983	4
1	179
6	163
0	2
0	160
0	156
0	133
0	8
1	9
0	59
0	140
1	149
0	156
0	154
0	142
0	152
0	156
0	145
0	154
1	126
0	69
5	16
0	16
4	23
407	0
0	766
0	835
0	563
1	121
0	794
0	156
1	79
0	675
0	180
1	148
1	190
0	152
3	58
0	62
1	33
10	0
5	3
0	0
0	0
0	0
0	0
0	0
0	0
0	556
0	646
0	609
0	559
0	559
0	564
0	1
1	0
0	0
0	0
0	0
0	0
0	0
0	0
0	0
0	0
0	0
0	1
0	1
0	0
0	0
0	0
0	1
0	0
0	0
0	0
0	70
1	212
0	212
0	300
1	228
27	275
16	37
10	270
22	39
0	1
0	0
0	0
0	0
7	402
0	385
0	224
0	256
1	175
3	175
0	153
0	121
0	215
2	190
58	1200
2	133
7	1078
0	0
0	0
0	0
0	0
0	1
0	0
0	0
0	0
0	0
0	0
0	0
0	0
0	0
0	0
0	2
0	0
0	0
0	2
1	1
0	1
0	0
0	0
0	0
354	0
0	0
0	0
0	2
0	1
0	1
0	0
0	0
0	2
4	84
52	402
0	42
1	371
0	30
0	29
0	0
0	0
0	0
2	48
1	340
0	557
0	828
1	66
0	71
0	40
0	507
0	900
0	586
0	32
0	62
0	87
0	454
0	66
1	437
0	36
0	57
0	60
0	106
4	120
1	55
0	78
0	2
0	2
0	0
0	0
0	0
0	0
0	0
0	0
0	2
0	40
1	3
0	41
0	14
0	6
1	4
0	2
0	1641
0	1637
0	25
0	1296
0	27
0	21
7	145
0	67
0	742
0	798
2	1228
1	1143
0	1275
0	1199
1	804
0	1252
0	98
0	77
0	124
0	103
3	55
0	548
0	99
1	155
15	615
0	86
0	89
0	89
0	2
0	1
0	28
4	29
0	23
1	2
0	9
0	1
1	0
159	68
0	68
0	0
0	86
0	0
0	92
0	87
0	2
0	77
0	38
0	2
3	8
1	0
0	11
0	5
0	86
3	83
4	2
0	1
0	3
0	1
1	62
9	400
0	56
0	5
0	399
0	0
0	36
0	121
0	295
0	41
0	20
1	30
1	25
15	2
0	0
0	0
0	2
0	2
0	1
0	1
0	2
0	2
0	2
0	2
0	0
0	1
6	2445
1	304
0	310
52	2440
2	160
0	173
3	188
0	549
0	141
0	212
1	163
20	129
6	113
0	114
0	15
0	15
0	12
0	14
314	269
4	185
0	168
0	24
2	144
0	266
0	44
0	1
0	1
0	1
0	1
0	0
0	0
0	0
0	0
0	325
0	367
0	344
0	320
1	348
0	353
0	347
0	356
0	354
0	350
0	346
0	362
0	339
0	53
0	308
0	14
0	20
0	3
0	14
0	107
0	278
0	10
0	262
0	24
0	18
0	215
0	205
0	6
0	12
0	15
0	162
0	16
0	139
0	121
0	15
1	103
0	99
1	93
0	85
0	69
0	16
0	0
0	1148
0	1266
1	114
0	266
7	592
0	99
64	649
0	358
0	142
25	412
0	416
0	131
3	340
0	198
0	214
4	350
0	14
0	40
0	38
0	30
0	29
0	27
2	12
0	61
0	315
0	1070
0	940
0	219
0	174
0	877
0	417
0	353
0	120
0	362
0	65
1	152
1	120
0	221
9	0
299	0
15	319
0	317
0	319
0	197
0	238
0	242
0	230
0	211
0	211
1	85
0	165
0	155
4	154
0	119
0	10
0	83
0	69
0	0
13	182
0	17
9	31
0	110
2	22
0	124
3	22
7	70
0	17
0	17
0	15
0	7
2	0
0	1
1	6
3	1
3	197
0	170
0	22
1	173
4	16
0	11
0	29
0	14
0	10
0	13
0	2
0	36
0	40
447	39
0	9
0	4
0	5
0	0
0	4
0	4
2	22
0	4
0	5
0	30
0	419
8	22
0	283
0	461
3	3
0	265
3	50
0	111
0	106
0	107
0	110
0	110
0	98
0	8
0	4
0	3
0	482
0	484
0	479
0	75
0	55
4	14
0	8
0	112
0	6
0	136
0	5
0	241
0	226
0	23
0	10
0	23
1	15
0	26
0	190
0	75
0	7
2	190
0	146
6	1
0	82
0	26
0	189
0	29
0	192
0	189
0	74
0	36
0	24
3	185
0	23
0	20
0	3
0	25
0	19
0	51
0	52
0	10
0	41
2	45
4	314
8	289
0	38
0	42
0	13
8	198
0	45
6	620
7	577
26	114
2	27
1	96
9	82
6	68
0	367
0	5407
0	4567
0	75
2	3914
0	4734
2	5047
6	3659
0	3132
0	3086
79	197
0	1484
2	1468
0	4404
0	2547
0	0
0	0
0	0
0	0
0	0
0	0
0	0
0	0
0	0
0	0
0	0
0	0
0	0
0	0
0	0
0	0
0	0
0	0
1	258
0	193
0	0
0	191
7	321
0	263
0	580
0	579
0	553
0	565
0	236
0	101
0	70
0	95
0	33
0	101
0	101
0	98
0	90
0	91
0	90
1	38
0	24
2	5
0	0
0	53
0	189
0	227
0	193
0	192
0	113
11	342
0	358
0	334
0	253
0	263
3	198
0	281
0	125
0	163
1	133
0	133
2	55
0	5
4	48
0	334
0	0
0	0
0	0
363	390
27	311
14	311
0	230
0	312
0	155
2	146
0	173
0	193
0	107
4	5
68	417
125	422
25	325
11	10
0	0
0	143
1	142
1	84
0	6
0	8
0	140
0	96
0	6
0	98
0	6
0	16
0	1
0	1
0	0
0	0
0	0
0	0
0	0
0	0
0	0
0	0
0	0
0	0
0	0
0	0
0	0
0	0
0	0
0	0
0	0
0	0
0	0
0	0
0	0
0	0
0	0
0	0
0	0
0	0
0	0
0	0
0	0
0	0
0	0
0	0
0	0
0	0
0	0
0	0
0	0
0	0
0	0
1	5
84	147
0	30
0	22
2	128
3	19
0	0
1	0
0	0
0	0
0	0
0	0
0	0
0	0
0	0
0	0
0	0
0	0
0	0
601	365
9	365
2	65
6	43
36	749
2	738
0	747
9	102
0	33
3	287
0	140
113	157
64	287
140	478
2	90
0	116
0	97
0	128
32	357
1	4
0	0
0	4
0	0
0	0
0	19
0	73
2	73
0	32
0	18
0	18
0	14
0	13
0	15
0	15
0	4
0	7
0	3
2	0
0	3
0	1
0	2
0	0
0	2
0	1
1	628
38	664
5	307
0	587
9	350
8	648
9	374
0	630
0	275
0	1
0	254
0	14
0	15
0	15
0	150
0	261
0	246
1	71
1	194
0	0
2	45
0	11
0	7
0	134
0	1
0	10
0	12
0	6
0	7
0	7
3	91
0	2
0	0
1	14
25	87
0	0
0	0
0	12
0	0
0	43
0	67
0	869
7	2110
65	2476
13	2399
6	71
16	31
0	186
0	352
0	404
8	1252
1	162
1	219
210	71
0	67
11	7
0	0
5	145
0	146
0	75
0	99
0	22
79	8
0	8
0	204
0	93
0	192
1	193
0	154
0	182
0	168
0	157
6	37
6	63
13	77
0	39
0	36
1	41
0	12
0	12
0	6
0	3
0	309
0	37
0	36
0	34
0	13
0	12
0	8
0	9
0	6
0	6
0	5
0	5
13	0
0	589
0	590
0	583
0	307
0	586
0	569
0	586
0	593
0	592
0	218
0	355
0	606
2	586
0	573
0	584
0	616
0	588
0	594
1	146
0	22
0	303
1	578
0	3
0	413
0	326
0	349
0	368
17	72
1	183
0	214
0	92
2	46
189	319
27	188
1	248
2	234
0	55
4	234
0	179
2	70
1	71
0	2
0	3
1	30
1	30
0	2
0	2
0	2386
0	562
0	3205
2	80
0	176
0	3829
0	82
0	79
0	43
0	79
0	69
0	75
0	11
3	9
0	2
0	2
4	3
0	6
3	5
0	7
0	4
0	4
0	4
0	6
0	6
0	6
775	0
0	0
0	0
0	0
0	0
0	0
0	0
0	0
0	0
0	0
0	0
0	0
0	0
0	0
0	0
0	0
0	0
0	0
0	0
0	0
0	0
0	0
0	0
0	0
0	0
0	0
0	0
0	0
0	0
0	0
0	0
0	0
0	0
0	643
0	623
0	625
4	83
0	21
0	155
1	182
0	61
0	99
0	85
6	179
2	49
0	86
0	61
0	45
0	133
10	253
0	174
0	51
0	49
8	25
0	27
0	1235
14	1424
2	841
1	192
3	0
3	43
0	199
18	420
0	44
0	418
0	67
0	286
0	34
9	181
0	119
0	54
0	66
12	78
1	67
0	80
0	10
0	3
0	3
0	14
0	12
0	9
0	3
0	36
1	22
0	43
4	39
0	16
0	425
7	983
0	973
0	453
3	54
2	55
0	41
0	39
40	744
0	566
0	154
0	12
0	158
0	110
0	98
1	49
0	26
0	0
0	0
0	0
0	116
1	117
0	21
1	0
0	108
2	1
0	3
0	30
0	94
0	86
2	10
0	0
0	0
0	0
0	0
0	0
0	161
170	1185
1	1141
0	1062
0	1024
0	0
0	0
0	4
9	4
0	0
0	4
0	1
0	0
0	1
0	0
0	4
0	4
0	0
0	4
0	0
0	0
0	0
0	1
0	2
15	2791
5	1323
3	2677
10	1913
0	2770
2	952
0	640
0	2562
0	436
0	15
0	360
0	158
0	269
1	385
0	96
7	99
0	300
1	370
0	75
0	51
0	311
1	319
0	155
3	186
1	0
0	12
0	3
0	3
0	2
0	2
0	2
0	2
0	1
0	1
0	1
0	0
0	0
0	0
0	0
0	33
79	33
4	322
0	329
3	316
0	111
0	275
0	41
0	148
1	8
0	184
0	0
0	0
0	0
0	0
0	0
0	0
0	0
0	22
0	21
0	22
0	0
28	22
0	20
21	186
3	192
1	269
3	269
0	284
0	284
0	162
0	2
0	10
0	94
287	94
0	3
0	4
0	2
0	2
0	0
0	153
0	635
0	142
0	673
0	661
0	638
0	672
0	184
0	155
0	141
0	49
0	0
0	0
0	0
0	0
0	0
0	13
0	11
0	117
0	127
0	16
0	11
0	122
0	124
0	27
0	18
0	117
0	124
0	118
0	122
0	124
0	119
0	18
0	11
1	8
1	103
0	32
0	85
0	18
0	21
0	53
6	43
0	124
0	284
0	88
0	76
1	254
0	183
0	191
0	98
1	134
0	90
3	15
0	151
0	48
0	154
0	107
0	168
0	122
1	2
11	76
0	0
29	286
0	280
0	0
0	168
0	193
0	0
2	20
0	21
0	7
0	2
0	25
0	286
1	41
0	38
45	16
0	32
0	31
2	0
2	4
1	5
0	4
0	2
0	27
0	26
0	3
0	27
0	27
0	26
0	2
0	26
0	2
1	26
0	1
0	8
0	7
0	7
0	14
0	1
0	2
0	61
0	3
4	1174
0	1177
1	62
2	180
0	697
0	34
0	311
1	240
0	989
0	0
0	0
0	3
0	0
0	0
0	0
2	7
0	22
0	20
0	4
0	19
0	20
0	17
0	20
0	5
0	19
0	21
0	20
3	5
0	22
0	4
0	19
0	21
0	1
0	2
0	5
3	3
0	4
0	17
0	58
27	158
0	102
0	34
0	210
13	161
0	125
3	180
0	77
0	141
0	0
0	0
0	0
0	0
0	0
0	0
9	216
0	194
0	147
0	146
1	92
0	115
0	59
0	54
0	36
7	0
0	10
0	0
0	1
0	14
0	13
0	25
0	13
2	0
0	3
0	29
64	734
51	231
6	643
21	254
0	223
43	440
0	76
0	97
0	642
0	928
0	924
1	386
0	641
0	641
0	827
3	922
9	920
0	874
0	691
0	760
0	79
0	763
0	741
0	364
0	5
0	27
1	25
0	84
0	15
0	390
0	239
0	369
0	254
0	241
0	70
0	96
0	103
0	105
0	8
0	8
1	9
0	7
0	100
0	100
0	7
0	98
0	8
0	29
5	37
1	17
0	22
0	272
2	279
0	256
0	269
2	364
0	300
6	816
0	3539
0	4294
0	1500
0	864
96	3432
0	278
0	314
0	4328
0	305
0	346
1	315
2	380
2	106
4	97
12	3496
2	113
3	234
2	237
7	210
0	447
0	62
0	81
1	188
62	1139
14	1099
0	662
42	48
0	0
0	0
0	0
0	0
1	19
0	19
0	15
0	17
0	3
0	2
0	94
0	160
0	11
0	11
0	6
0	2
1	9
0	8
379	0
0	24
0	24
0	21
0	13
0	10
1	6
71	0
1	711
0	834
6	41
0	109
0	130
0	130
2	82
0	13
0	11
3	898
0	2111
146	1806
66	1082
2	421
0	1431
4	444
0	362
0	295
2	701
2	18
0	645
1	143
0	319
0	707
0	528
3	319
1	138
2	113
2	196
0	197
0	123
0	93
1	82
0	3
0	1203
0	1273
0	1212
0	1204
0	1029
0	1204
0	1203
0	0
0	150
7	691
0	715
1	678
0	665
0	568
0	607
1	379
0	434
0	355
0	222
1	76
0	45
0	48
5	20
0	20
1	0
0	0
0	0
0	0
421	0
0	0
0	0
0	0
0	0
0	0
0	0
0	0
0	0
0	0
0	9
0	18
0	19
5	23
3	28
1	27
0	27
0	6
0	4
0	1
0	133
0	133
0	79
0	53
0	46
0	56
0	50
0	50
1	11
0	398
37	362
0	421
64	405
0	86
0	107
0	93
1	400
0	89
17	110
0	40
0	36
0	46
0	7
1	16
0	0
0	2
0	108
2	241
0	244
0	240
13	15
0	244
0	240
0	241
0	11
0	164
0	13
0	101
0	95
8	4
0	100
0	5
8	2
0	89
0	59
0	86
0	82
18	106
0	96
0	98
0	24
21	1325
0	427
0	1302
0	1178
0	1133
0	818
0	1328
3	146
1	146
0	98
0	23
0	400
0	31
0	287
0	227
0	224
0	207
0	124
0	4
0	482
0	389
1	0
0	0
0	0
0	0
0	0
0	0
0	0
0	1030
11	939
84	977
0	158
0	1010
0	916
0	891
0	767
4	164
0	547
2	23
4	148
0	610
0	0
0	0
0	0
0	0
0	0
0	0
0	0
0	0
0	0
0	0
0	0
0	0
0	0
0	0
0	0
0	0
0	0
0	0
0	0
0	0
0	0
0	0
0	0
0	0
0	0
0	0
22	35
0	4
7	32
0	31
1	6
0	7
5	63
0	3
1	11
0	63
715	210
2	210
0	117
0	65
0	14
0	16
0	21
0	19
0	14
0	16
0	6
0	19
0	5
0	4
0	1
0	0
0	0
0	0
0	0
0	0
0	0
189	27
4	27
0	0
0	0
0	0
1	4
0	2
0	4
0	2
0	0
0	0
0	0
0	0
199	17
2	16
0	3
0	0
0	0
0	0
27	163
1	156
0	77
0	69
0	76
0	10
10	150
241	149
0	58
0	40
0	40
0	31
0	34
0	10
2	4
0	4
0	0
4	843
0	800
2	658
1	443
0	111
0	105
0	221
0	82
0	83
0	83
1	83
0	11
0	9
0	20
0	134
0	7
0	0
0	12
1	133
0	79
0	19
0	6
0	4
1	114
0	5
0	54
0	9
0	3
0	15
0	17
2	9
0	1225
0	1175
2	814
1	1045
0	1083
0	1086
0	1014
2	580
0	562
0	109
3	22
20	0
402	217
0	20
0	145
0	43
0	13
0	1
0	26
1	133
1	5
0	4
0	6
0	4
0	4
0	4
0	0
0	0
0	0
0	0
0	0
0	0
0	2
0	0
0	0
0	1
0	0
0	1
1	1
0	1
0	1
0	3
2	2
29	329
24	206
0	5
0	198
0	58
0	112
0	121
0	89
2	50
0	9
0	68
0	41
0	171
0	172
0	21
1	166
2	31
2	32
1	15097
1	11820
0	12911
0	11818
0	7876
0	13217
0	7734
0	12596
0	15344
4	11517
32	15331
0	13283
1	13054
0	14698
5	8070
4	14902
0	15824
0	11104
0	1658
6	4716
3	14726
0	14883
2	14691
0	12843
19	14288
3	1090
17	13950
0	13568
0	11417
8	13898
0	6533
0	1827
0	4285
93	62
0	62
0	22
0	3102
0	4741
13	671
2	4511
0	4512
0	4331
0	4752
0	4694
0	3959
0	4707
1	4702
0	371
0	1495
195	3959
27	51
0	215
1	97
73	202
5	202
1	112
4	65
0	127
9	0
0	1
0	0
0	960
11	705
0	928
1	74
0	43
1	858
0	922
0	751
0	75
0	39
0	32
0	87
0	61
0	86
0	115
0	60
0	30
11	162
1	56
0	105
0	65
0	105
1	22
2	405
0	33
4	405
0	83
0	7
0	7
0	5
0	19
1	19
0	3
0	0
0	0
0	1
0	1
0	23
0	18
0	8
0	21
0	5
0	3
0	0
0	1
0	3
0	3
0	25
15	148
0	21
0	147
4	137
1	26
2	0
0	37
0	39
0	20
0	29
0	17
20	23
2	957
0	997
1	444
4	1007
0	1050
0	1008
0	956
4	167
6	4
0	147
0	292
0	262
9	247
41	310
97	364
1	289
0	272
0	279
0	121
0	15
0	84
0	117
0	104
0	93
0	99
0	74
0	56
0	61
0	63
0	67
0	31
0	50
6	25
0	54
0	36
0	40
0	41
0	38
0	37
2	36
0	6
0	20
0	5
0	15
0	44
0	24
0	22
0	24
0	21
0	16
2	1
0	1
0	0
0	1
0	0
10	146
2	138
0	93
0	65
0	23
0	40
3	21
0	16
0	2
0	2
0	3
0	61
0	83
0	25
0	22
0	20
0	8
0	14
0	48
2	1
3	5
1	12
0	0
2	50
0	443
2	443
0	37
0	67
1	43
2	27
1	0
0	0
0	0
0	0
0	0
14	314
6	307
2	273
0	0
0	23
0	53
0	23
1	41
0	5
0	2
0	37
0	2
0	5
0	5
0	2
0	2
2	2
0	12
0	12
0	6
0	6
0	5
1	0
0	272
2	270
0	244
0	22
1	17
0	247
0	252
1	253
1	255
0	0
0	0
0	0
0	0
0	0
0	0
0	0
0	0
2	0
0	0
0	0
0	0
0	0
0	0
0	0
0	0
0	33
0	9
0	2
0	6
0	10
2	2
0	6
0	2
0	0
0	0
0	0
0	1294
379	1325
6	1324
3	18
1	171
63	700
5	695
3	129
0	109
3	45
3	0
1	43
0	44
0	44
0	13
0	1
0	1
0	20
0	1
0	20
0	8
0	8
0	2
0	25
0	7
0	0
0	0
0	0
0	2
6	40
0	37
0	40
0	27
0	11
0	154
0	174
0	16
0	176
0	45
0	15
0	36
0	23
0	47
0	156
1	11
0	29
1	28
0	41
0	18
0	26
0	3
0	7
0	3
0	7
0	1
0	7
0	6
0	1
0	1
0	5
0	7
0	5
0	5
0	4
0	3
1	0
0	0
1	0
0	0
0	0
0	0
0	0
0	60
1	185
0	56
0	77
0	184
0	44
0	146
0	184
8	77
0	58
0	172
0	147
1	38
0	81
0	10
2	11
0	7
0	38
0	371
0	340
0	51
0	377
0	284
0	353
0	223
0	316
0	195
0	290
0	289
0	353
0	84
0	375
0	342
0	35
0	161
0	299
0	342
0	345
0	155
0	289
0	289
0	103
0	275
238	0
40	1574
0	12
0	12
0	0
0	8
0	0
0	3
0	0
0	3
0	0
0	0
34	126
2	126
0	20
0	106
0	20
0	106
0	107
0	0
0	47
0	126
0	0
0	0
19	727
0	30
0	698
0	708
0	604
0	220
7	535
0	535
0	278
0	98
6	143
14	306
4	12
0	170
0	256
2	227
0	198
0	292
0	259
2	149
0	140
4	152
0	55
0	59
0	103
0	97
0	56
0	79
0	52
0	70
2	70
0	80
0	33
0	701
0	683
0	0
0	0
0	0
0	0
0	0
0	0
0	0
1	0
1	19
0	18
0	48
0	57
3	20
1	32
0	23
0	3
0	1
0	0
0	2
0	2
0	0
0	0
28	34
3	27
2	11
1	27
0	27
0	14
1	11
1	11
0	4
0	7
0	3
0	55
0	56
0	47
4	40
1	4
1	29
0	60
0	64
0	113
0	102
0	118
0	23
0	107
0	96
0	117
0	116
0	90
0	112
0	110
0	116
0	111
0	112
0	98
0	47
0	93
4	13
0	54
0	120
0	112
0	113
0	58
0	94
0	54
0	25
0	36
0	10
0	10
0	1955
0	2370
0	0
0	0
0	0
0	0
0	0
0	0
0	23
2	4
1480	434
0	199
5	21
1	237
30	178
0	82
0	162
0	171
0	164
0	104
0	35
0	7
0	65
2	52
0	71
0	18
0	1
0	103
0	47
7	114
0	28
1	51
0	109
410	535
0	161
0	125
1	203
0	110
0	185
0	79
0	217
0	213
0	117
0	43
0	319
4	15
0	2
0	2
0	136
0	0
0	2
0	0
0	134
0	35
11	0
0	1
0	41
0	41
0	37
0	4
0	3
0	3
1	0
0	15
0	56
17	75
1	25
1	1
1	31
143	181
0	181
3	42
0	59
0	21
0	257
0	381
0	474
0	636
0	347
0	488
0	611
9	404
0	171
3	13
4	58
0	20
0	38
0	101
0	92
0	85
0	88
0	77
0	54
0	97
0	29
0	32
0	69
0	83
0	97
0	44
0	31
0	92
0	15
0	32
0	85
0	26
0	30
0	53
0	47
0	27
0	34
0	18
0	26
0	26
0	0
0	0
0	0
0	0
0	0
0	0
0	0
0	0
0	1040
0	6889
5	1192
0	1736
0	2796
6	2197
61	1851
0	4184
2	1018
2	2306
0	1856
0	65
2212	472
0	17
2	148
0	260
0	148
0	383
0	449
0	62
0	167
0	15
0	378
6	185
3	76
0	455
0	450
0	288
0	247
0	0
0	0
5	1139
0	180
0	1148
2	14
0	9
63	5485
6	5877
0	5983
24	4827
1	2592
16	2581
0	1911
12	143
0	134
0	171
0	120
0	70
5	93
0	90
0	1008
0	688
0	1185
0	939
0	680
0	939
1	487
0	426
3	414
11	789
1	264
3	549
0	864
0	1065
0	299
0	674
3	474
0	442
0	651
0	245
0	615
0	822
0	110
0	1037
0	854
0	490
0	928
0	174
0	104
0	72
0	195
0	47
0	68
0	113
0	408
1	400
0	362
0	394
0	402
0	497
0	148
0	258
0	319
0	398
0	394
0	5
0	19
0	8
1	30
0	201
0	45
0	47
0	198
0	31
0	29
0	20
0	5
18	139
1	68
0	9
1	106
1	101
0	80
0	49
0	8
3	43
0	32
0	20
0	18
0	19
226	70
1	45
0	25
0	38
0	35
0	25
0	4
0	5
6	84
11	46
0	98
1	77
2	20
12	64
4	42
0	33
0	28
0	20
0	62
0	513
0	11
0	22
0	136
0	442
0	204
0	525
0	526
1	29
2	505
0	146
0	224
0	556
0	240
0	240
0	463
34	536
2	130
0	50
0	217
1	81
10	293
0	26
0	128
0	19
0	148
506	31
0	19
0	12
0	0
0	0
0	0
0	0
0	0
0	0
0	0
14	191
0	74
1	86
0	124
2	49
0	77
0	9
0	72
0	11
0	81
0	1
5	3
0	1
0	0
0	26
0	143
0	124
0	106
0	128
0	111
0	39
0	26
0	25
0	130
0	0
0	0
0	0
0	0
0	0
0	0
9	710
1	686
0	598
0	582
0	254
13	307
0	112
0	173
0	158
0	241
0	87
0	0
139	0
1	573
0	569
0	570
0	571
0	571
0	570
0	571
0	277
0	230
0	121
0	110
0	112
0	82
0	73
10	38
0	73
0	46
0	28
0	29
1	1
0	691
1925	411
5	194
2	98
0	217
41	549
0	561
0	537
0	113
1	388
4	219
0	87
4	134
0	74
0	163
0	129
0	136
0	19
0	334
0	3
0	19
0	171
4	72
0	3
0	128
0	23
0	159
1	18
0	30
0	33
0	28
0	90
0	61
0	20
0	9
0	11
0	5
0	4
1	43
1	10
0	334
0	334
0	128
0	331
1	376
0	331
0	44
0	94
1	336
5	113
0	79
9	103
0	105
1	119
0	390
4	101
0	372
0	94
0	148
0	41
2	153
0	115
0	317
1	94
0	103
6	72
2	19
7	173
4	50
0	44
0	0
0	0
0	11
0	12
1	0
0	0
0	0
0	0
0	0
0	0
0	0
1	1
0	52
0	59
0	62
0	12
0	54
0	8
0	11
0	57
0	13
0	13
0	130
0	277
0	285
0	669
0	1356
0	1319
0	640
0	1336
0	1264
0	663
0	378
0	863
0	1295
9	453
0	662
93	1358
0	1402
0	629
0	666
0	311
0	665
0	1380
1	1121
0	866
38	543
0	195
0	1155
2	363
0	685
0	80
0	389
0	430
0	651
0	81
0	651
0	614
2	596
0	415
1	34
1	648
0	604
1	535
0	571
0	26
0	376
0	584
0	589
0	56
0	542
0	2039
1	537
0	406
0	610
2	566
0	638
0	616
0	645
0	98
0	163
0	95
0	230
0	664
0	591
0	645
0	626
0	90
2	574
4	2054
0	5
2	159
0	590
0	141
0	373
0	529
1	153
2	92
0	202
0	32
0	32
226	303
0	288
0	157
0	143
0	153
0	143
0	143
2	76
0	54
0	54
0	16
0	4
0	4
0	3
0	76
0	0
0	0
0	0
0	3158
0	62
11	1806
0	1786
0	1718
0	1544
0	1503
0	1327
0	104
1	139
0	88
0	89
2	47
0	82
2	164
5	77
3	161
1	99
1	690
0	103
0	93
0	88
0	85
0	9
1	6614
0	6071
0	6027
0	6039
1	6024
0	6035
123	6057
2	5984
0	5974
33	6709
0	5984
1	6607
1	6613
36	5359
0	5963
2	6205
0	3407
1	1964
2	5266
0	2447
0	2981
0	3141
10	1653
5	660
0	939
1	767
0	0
0	0
0	3
0	3
0	3
0	1
0	1
0	1
0	1
0	1
0	169
0	347
4	404
0	47
0	730
30	703
0	48
0	4
0	179
0	103
4	296
0	303
10	20862
0	23082
0	20908
15	20009
0	139
0	1062
0	857
0	327
0	508
3	656
0	160
0	311
0	341
0	213
0	212
6	671
0	252
3	391
0	58
0	160
1	38
4	66
1	45
0	835
0	940
2	5629
12	5775
1	5621
2	4509
0	5616
3	5616
0	4717
2	4427
86	221
6	14
0	234
0	185
0	215
0	220
0	233
0	220
0	226
0	211
0	233
0	233
0	208
0	226
0	233
0	233
0	226
1	236
0	220
0	232
0	206
0	189
0	216
0	215
0	209
0	171
0	90
0	88
3	37
0	7
0	0
0	0
0	0
0	1006
0	204
0	381
0	380
1	377
0	207
0	10
227	48
22	48
2	259
5	238
2	238
41	224
2	225
0	182
0	2
0	301
1	148
0	143
0	151
0	333
0	250
0	360
0	351
0	152
0	147
0	483
2	322
0	140
0	158
0	313
0	267
0	102
0	199
0	476
0	359
0	364
1	162
0	122
0	65
0	276
1	42
0	401
13	283
3	69
0	3
0	0
0	0
0	0
0	0
0	0
0	0
0	0
0	81
9	1125
0	1175
1	1145
0	76
0	172
0	102
0	25
1	1114
0	113
0	29
0	137
5	305
0	0
2	151
9	498
0	535
0	526
9	536
1	150
0	46
0	0
0	302
0	311
0	57
0	17
0	16
0	1713
2	3808
0	3527
0	3830
0	3470
0	3756
0	3771
0	3757
0	3645
0	0
0	1761
0	1869
0	2565
0	747
0	23
0	399
4	320
0	957
0	747
0	16
0	464
0	304
0	699
0	1035
0	1531
0	1878
0	1523
0	3910
0	3842
0	3755
1	3670
0	388
5	1946
0	16
0	16
0	0
0	1693
0	101
0	3703
0	3874
0	489
0	1
0	0
0	0
0	0
0	225
0	3
0	0
0	394
1	342
0	457
0	48
0	92
0	192
0	196
0	298
0	208
0	163
0	10
1	1161
0	183
0	252
0	993
0	229
0	20
0	195
0	263
0	160
0	763
3	1921
0	982
0	530
0	530
0	0
0	0
0	0
0	215
10	276
0	139
0	250
0	61
0	132
0	127
3	135
0	86
2	245
0	84
0	0
0	0
0	0
0	0
0	0
0	0
0	0
0	0
0	0
0	0
0	0
0	0
123	24
0	24
2	24
12	24
0	1
0	17
0	17
0	17
0	2
0	1
0	1
0	0
1	0
0	0
625	60
4	37
2	23
0	1026
1	1043
0	256
0	955
0	974
0	53
0	9
9	40
0	330
2	356
0	197
0	91
0	216
0	56
0	296
1	155
0	312
0	315
0	305
0	305
0	210
0	160
0	123
0	33
0	30
0	51
0	14
0	51
61	87
3	41
0	88
0	14
0	53
0	50
2	56
1	53
0	1
1	2
0	7
0	5
0	0
0	5
0	142
0	139
0	246
372	246
274	94
0	68
3	1
5	27
1	44
0	54
0	0
0	0
0	0
0	0
0	0
0	0
0	226
0	200
0	239
0	216
0	226
0	228
0	221
0	226
1	206
0	226
0	197
0	233
0	214
0	216
0	218
0	223
0	192
0	105
0	2373
0	2448
4	2503
52	2576
2	2454
10	192
0	80
18	82
0	56
1	147
0	22
0	0
0	0
0	0
0	0
0	0
19	1
0	38
4	0
1	47
31	77
2	68
119	78
1	76
0	11
4	4
3	0
1	145
0	74
3	143
0	19
57	665
0	567
1	172
0	98
2	67
0	16
0	59
4	61
0	57
1	60
1	4
1	48
0	13
1	1106
2	1086
1	73
3	6
0	170
0	194
47	440
0	144
435	232
0	193
2	60
11	37
0	61
0	42
1	41
0	34
0	152
2	147
1	92
0	42
0	84
1	52
0	35
0	53
0	7
1	8
0	343
1	351
0	128
0	155
0	95
1	3
2	65
0	58
0	16
0	17
0	8
0	46
0	0
0	0
0	0
0	0
0	0
0	0
0	0
0	0
0	0
0	0
0	0
0	0
0	0
0	0
0	0
0	0
0	0
0	0
0	239
4	238
0	240
0	170
3	221
0	220
0	219
0	169
0	86
0	11
0	3
0	12
0	33
0	34
0	2
0	2
0	0
0	0
0	1
1	411
0	54
11	132
0	420
0	14
0	33
0	92
1	61
0	98
0	336
0	33
0	70
0	41
0	52
2	189
3	237
0	213
0	256
0	257
0	257
13	51
1	26
0	8
9	18
1	35
2	152
0	32
0	17
7	136
0	113
0	60
0	34
0	26
0	37
0	90
2	33
0	63
0	64
0	52
0	41
0	31
1	0
0	0
0	2
0	1
291	1560
12	1513
0	134
2	115
0	0
0	0
0	17
0	20
0	11
0	41
11	41
0	21
0	9
0	20
9	29
1	1048
1	819
0	553
0	864
0	737
0	586
0	807
0	640
8	642
0	968
1	540
0	229
0	433
0	928
0	853
0	1047
0	639
0	265
0	471
0	939
1	544
2	139
0	271
0	421
0	521
0	566
0	552
0	0
0	0
0	0
0	0
0	0
0	0
0	0
0	0
0	0
0	0
0	0
0	0
43	0
0	1
0	1
0	0
0	0
1	0
0	0
0	0
2	27
0	66
0	107
0	132
0	134
0	69
0	12
0	27
2	26
0	13
0	123
0	124
0	128
0	21
0	62
0	121
0	120
0	3
0	42
0	53
0	9
0	32
0	18
0	2
0	326
8	337
3	335
0	245
1	46
11	119
1	39
0	27
0	14
0	0
23	1398
0	620
1	1370
0	165
2	415
2	298
15	183
16	171
1	168
0	109
0	183
0	515
0	506
0	40
0	459
0	102
0	515
0	43
0	111
2	194
0	103
0	149
0	495
0	49
1	95
17	51
1	58
0	134
0	181
1	169
0	120
0	17
0	7
9	4
2	45
3	181
0	1830
0	1873
0	1838
0	1809
0	1774
0	396
0	0
0	0
0	0
0	0
0	0
2	416
0	424
0	431
1	425
0	417
0	424
0	421
0	424
0	424
5	442
0	410
0	415
1	421
0	267
0	267
0	256
0	82
0	12
0	2
0	0
0	1
0	2
0	0
1	0
0	1
1	2
0	1
0	2
1	2
0	320
0	301
15	105
2	244
0	63
1	197
0	94
5	172
3	139
0	94
4	990
3	992
0	10
0	319
0	723
3	640
0	652
0	692
0	4
0	10
0	43
0	71
0	28
0	6
0	54
0	10
0	957
1	239
0	241
0	239
0	240
0	217
0	79
1	65
1	86
9	100
0	76
0	296
1	53
0	107
1	254
1	284
0	293
2	274
1	6
0	2
0	185
0	164
0	9
0	10
0	181
1	2
0	5
0	9
0	20
0	12
0	12
0	177
0	0
0	5
0	177
0	177
0	17
0	12
0	32
0	3
0	16
1	147
35	0
2	289
0	437
0	459
0	489
0	522
0	410
7	400
0	394
0	440
0	432
0	389
0	352
0	417
0	167
3	208
0	278
4	46
0	170
0	200
0	127
0	102
1	96
600	352
3	179
7	171
0	2
0	22
0	7
1	7
0	6
0	15
0	15
0	0
0	1
0	2
0	0
0	2
1	0
0	0
0	555
0	560
0	500
1	422
0	410
0	494
0	459
0	400
0	363
0	308
0	0
0	4
0	4
0	4
0	1
0	0
0	0
0	4
0	4
0	1080
0	1061
1	958
0	1109
2	1043
1	1012
0	1013
1	92
0	3
0	7
0	1020
0	1039
154	9
1	9
23	5041
1	554
0	934
0	5062
0	119
1	238
0	448
0	382
0	222
0	5025
0	232
4	453
0	490
0	1739
0	4982
2	26
0	484
0	613
0	462
0	506
0	456
0	338
0	685
0	5000
2	8
0	324
0	217
0	445
1	210
0	670
0	637
0	465
0	1
4	22
0	96
0	277
0	693
3	418
4	419
0	317
11	398
0	903
6	441
7	947
0	4999
3	276
0	311
0	203
0	784
0	778
0	652
0	659
7	742
0	595
0	599
0	313
7	206
0	127
0	0
0	0
0	0
0	0
0	0
0	0
0	0
0	0
58	258
0	80
0	248
0	61
4	42
1	74
0	38
2	33
1	54
37	80
0	16
1	68
0	10
1	5
0	3
0	3
0	2
0	0
0	4
0	9
0	9
0	5
0	2
0	0
0	2
0	0
0	0
0	0
0	0
0	3
0	2
0	3
0	1
0	3
0	1
0	0
0	0
0	2
0	0
1	170
0	170
0	41
396	0
46	94
16	392
0	338
17	318
1	0
0	0
0	0
953	1935
2	155
0	132
0	1642
0	426
2	505
0	0
0	0
0	0
0	0
4	0
0	2
0	2
0	4948
0	4963
13	3985
0	3945
3	3717
0	3481
0	2951
0	2902
1	2381
5	2046
3	1225
0	1285
2	1051
2	120
0	1042
19	946
0	1036
0	1080
1	372
7	975
0	613
23	867
17	489
16	928
150	106
0	27
0	26
0	89
5	3
0	1
3	16
0	18
0	0
0	0
0	13
54	71
1	403
38	15
9	243
0	403
2	80
0	403
0	316
0	326
0	243
2	18
1	24
0	53
12	55
6	59
0	148
0	0
0	0
0	0
0	0
0	0
0	0
0	0
0	0
0	0
15	637
0	429
0	596
0	565
0	217
0	174
0	547
0	577
0	577
0	487
0	462
0	578
0	578
0	547
0	493
0	488
0	520
0	506
0	583
0	526
0	495
3	589
0	101
0	92
0	531
0	561
0	549
0	571
0	12
0	411
0	499
0	538
0	272
0	507
0	482
0	442
4	313
0	330
0	523
0	518
0	145
0	399
0	448
0	193
0	392
1	320
0	104
0	119
1	49
0	46
561	212
0	11
3	34
0	127
0	84
0	104
1	37
3	4
0	4
0	0
0	0
0	0
0	0
0	0
0	0
0	0
0	1
0	0
1	545
0	41
12	586
4	541
0	85
0	276
0	111
5	43
0	1
0	1
0	1
0	1
1	0
0	0
0	0
0	82
0	1732
0	1716
0	112
0	23
5	73
0	73
0	24
1	2
0	2
0	1
0	1
28	0
0	0
0	33
0	175
5	199
0	56
1	158
0	104
0	41
4	148
2	51
0	122
0	25
0	12
1	21
0	49
0	53
0	57
3	0
1030	218
0	34
0	132
0	1714
0	1717
3	0
108	711
7	714
1	19
0	551
1	111
0	58
3	105
7	174
4	98
0	83
0	137
0	173
0	102
0	98
0	90
0	61
0	44
0	31
7	31
1	31
2	26
1	0
0	1
8	10
2	11
53	635
0	424
7	429
0	399
0	449
13	419
1	344
1	329
0	77
0	66
0	67
51	54
0	54
0	6
5	9
4	8
0	2
0	2
498	327
0	295
1	185
0	57
9	25
0	25
0	0
3	1
0	0
0	0
0	1
0	263
3	324
52	202
0	330
5	100
0	78
0	516
0	542
27	35
10	8
0	167
4	62
6	398
0	248
1	557
0	621
0	4
0	420
2	188
0	435
1	441
0	348
0	536
0	37
11	4
0	406
0	17
1	19
9	12
0	7
0	7
0	0
0	0
0	0
0	0
0	0
0	1
0	1
0	0
0	1
0	1
0	1
0	1
0	0
0	1
0	1
0	1
0	2
0	2
0	2
0	2
0	1
0	1
0	0
0	0
0	0
0	0
0	1
0	1
0	1
0	0
0	17
3	16
8	101
957	299
0	198
11	603
0	2972
27	2777
0	2923
6	2782
0	2592
0	1013
0	2751
0	2864
8	2838
0	2812
2	2834
2	2750
0	269
0	293
4	226
0	145
13	104
0	0
0	179
0	178
0	262
0	155
1	236
5	249
1	153
0	149
1	134
0	47
0	112
0	0
0	0
0	0
0	0
0	203
1	210
0	256
0	40
0	256
1	15
0	115
0	115
0	117
0	256
2	113
0	103
0	102
0	13
0	38
0	0
0	1
3	29
0	29
0	28
2	26
0	26
0	5
0	4
0	0
3	1
0	1
0	0
0	0
0	0
6	0
0	111
6	104
0	114
0	162
1	1554
2048	457
3	455
0	141
8	207
0	88
51	1
0	1
0	0
0	0
0	0
0	1
0	0
0	1
6	781
12	505
0	112
2	40
0	782
0	113
0	86
0	484
0	1474
0	1337
1	1454
0	1405
0	1380
0	1210
3	872
0	776
0	111
0	58
0	53
0	59
121	207
0	74
0	33
1	27
0	6
0	189
0	203
0	0
0	24
0	7
6	76
0	40
0	31
0	8
0	8
0	8
0	8
0	8
0	272
0	292
0	323
84	1221
17	456
0	1226
1	1094
0	344
0	97
0	56
0	74
0	265
0	88
0	81
0	81
0	18
0	662
0	362
120	661
0	0
0	0
0	0
241	290
9	92
0	253
0	64
0	146
2	79
1	30
0	137
0	110
1	53
0	722
0	243
0	384
481	727
0	244
1	295
0	258
0	296
0	564
0	570
0	402
13	355
0	193
0	440
0	228
0	7
0	7
0	3
0	0
0	0
0	0
0	0
0	0
0	0
0	0
0	0
0	0
0	0
0	0
0	0
0	0
0	0
0	0
0	0
0	0
0	0
0	0
0	0
0	0
0	0
0	0
0	0
0	0
0	0
0	0
0	0
0	0
0	0
0	0
0	0
0	0
0	0
0	0
0	0
0	0
0	0
0	0
0	0
1	0
0	0
0	0
0	0
0	0
0	0
0	0
0	0
0	0
0	0
0	0
0	0
0	0
0	0
0	0
0	0
0	0
0	0
0	0
2	0
0	0
0	0
0	0
0	0
0	0
0	0
0	0
0	18
0	22
0	17
0	0
0	10
9	28
0	28
0	18
2	18
0	17
0	25
0	7
1	200
0	175
0	342
0	682
2	17
0	35
1	622
0	645
4	111
0	121
0	649
0	86
0	664
0	318
12	186
0	564
0	163
2	23
0	486
0	128
0	117
0	103
1	133
0	213
1	145
0	241
0	216
0	199
0	204
0	175
0	188
0	180
0	155
0	120
0	156
0	104
0	115
0	101
0	106
0	52
0	103
0	91
0	71
0	108
0	107
0	46
0	55
0	56
0	73
0	70
0	38
0	27
1	15
29	15
0	13
1	31
4	7
1	86
0	45
0	253
0	247
3	161
0	34
0	17
4	157
0	155
0	5
0	80
0	4
0	3
0	114
0	102
0	99
22	1556
1	110
1	5
0	8
0	8
0	8
0	1
0	3
0	0
46	0
0	206
0	198
0	206
0	206
0	96
0	15
0	8
1	7
0	129
0	136
0	100
0	145
0	131
0	128
0	47
1	74
3	81
1	25
0	71
2	57
2	57
2	37
0	61
3	74
0	61
0	62
0	85
0	59
10	67
29	308
0	171
33	159
0	39
0	52
1	364
2	340
0	0
8	68
0	27
0	57
0	59
0	59
0	43
0	36
0	45
1	43
0	52
0	67
0	0
0	523
0	538
0	1
0	40
0	70
0	27
0	219
0	183
0	28
0	61
0	126
0	52
0	8
0	30
0	39
0	64
3	156
0	345
1	277
0	207
0	34
1	29
0	0
0	0
0	0
0	0
1	0
0	5
0	6
0	11
0	151
0	777
0	167
0	138
0	111
0	142
0	303
0	761
4	124
0	175
0	771
0	59
0	247
0	241
2	56
0	236
0	96
0	230
3	194
0	220
0	110
0	74
147	84
0	11
0	49
0	14
0	24
58	520
2	424
0	273
0	454
2	39
15	63
0	29
0	20
4	41
1	14
0	13
0	8
65	0
0	499
0	627
0	598
0	622
1	228
0	271
0	229
4	182
1	175
8	127
0	80
0	96
0	94
0	66
0	66
1	74
0	3
0	0
1	0
270	754
16	757
107	756
0	461
1	754
2	754
0	504
473	748
1	457
0	758
0	183
9	630
0	299
0	242
1	42
0	224
0	74
0	0
0	126
0	73
0	50
0	46
0	52
0	34
0	28
0	11
0	11
0	14
0	8
0	0
0	0
0	0
41	25
3	16
0	10
86	15
0	9
57	6
0	4
1	2
0	193
3	177
63	12
2	1937
0	3161
358	3256
5	239
0	192
3	200
0	74
1	631
3	103
4	175
0	0
0	0
0	1282
0	1056
0	713
0	29
6	3
0	15
0	21
1	20
0	60
0	27
0	48
1	23
0	106
0	114
0	94
0	115
1	337
1	419
0	0
0	0
0	0
0	0
0	317
0	280
0	300
4	127
0	315
0	106
2	114
2	112
0	1
0	1
0	1
0	1
0	0
0	0
0	0
0	0
0	164
0	164
0	139
0	28
2	11
0	3
0	10
0	10
0	8
0	0
0	9
0	2
0	0
2	0
0	0
3	232
0	190
0	36
0	26
0	224
0	36
0	69
0	34
0	224
0	38
0	42
0	51
4	217
0	37
0	38
0	37
0	222
1	40
8	3922
0	928
0	4039
12	3870
1	3661
34	261
0	261
1	2169
0	2168
4	2161
35	529
0	2134
106	2162
0	637
2	3801
109	3548
14	2574
64	3753
12	3545
0	209
12	220
0	105
1	219
0	436
0	0
1	0
17	432
0	20
0	5
0	0
0	8
0	18
0	0
0	417
0	234
2	123
0	113
1	223
3	14
0	113
0	98
0	247
0	1
3	278
0	59
1	268
0	61
3	41
1	12
4	9
1	4
0	0
0	0
0	0
9	24
3	27987
0	25402
0	14180
4	27534
0	24582
0	24498
0	27198
55	18670
9	25159
1	23950
0	127
220	132
0	136
0	42
0	8
0	28
0	669
0	653
0	616
0	600
0	298
14	71
0	244
0	98
18	248
2	25
9	65
0	200
0	272
0	0
0	0
0	0
0	0
0	0
0	1
0	1
0	1
0	0
0	0
0	0
0	0
0	0
0	0
11	1
0	1
0	989
0	989
0	989
0	167
0	361
21	1012
7	957
3	989
5	82
0	0
0	0
0	0
0	9
2	68
1	15
1	68
0	0
0	1
0	15
0	26
0	0
0	19
8	324
0	296
1	268
18	93
0	50
0	72
3	37
13	69
0	41
56	412
0	82
22	108
22	0
9	446
0	437
0	424
0	35
0	110
5	8
0	1
0	1
4	2
0	1
0	1
1	87
0	89
0	29
0	33
0	49
1	23
0	30
0	17
1	26
0	5
0	8
0	771
0	804
4	696
138	133
0	683
0	124
6	555
0	252
1	150
1	62
135	810
0	802
0	513
0	28
1	9
0	165
2	22
1	58
0	29
0	1
3	1
0	1
0	0
0	0
0	1
0	1
0	1
0	0
0	0
0	0
0	0
14	591
0	573
0	171
0	8
0	8
0	3
0	5
83	66
0	19
0	47
0	2
0	2
0	2
0	0
0	303
1	4
0	77
5	299
6	4
0	22
7	0
1	158
30	143
2	12
0	26
0	25
3	142
0	49
24	447
6	447
1	23
171	130
0	88
0	70
1	42
611	1081
0	237
6	115
0	125
1	203
0	89
0	222
1	111
0	135
0	121
261	900
0	50
1	799
0	126
0	122
0	119
0	215
0	132
0	152
1	0
0	9
77	172
0	100
20	72
0	1
0	0
0	0
0	1
0	0
0	0
0	0
0	0
0	0
0	0
0	0
0	0
0	0
0	1
31	2466
0	2573
0	2532
0	2476
0	2467
1	1484
0	2257
420	444
67	1440
45	330
46	298
0	246
6	305
34	264
0	10
0	16
1	17
2	9
0	2
0	1
0	2
0	2
0	0
0	1
0	10
0	0
0	0
4	2
0	2
0	460
0	409
0	55
0	462
0	512
0	150
1	135
0	57
0	61
0	133
0	137
0	80
1	61
0	146
0	435
0	32
14	340
0	178
0	206
0	113
0	46
0	70
0	60
12	44
4	101
0	0
0	0
0	1
0	1
0	0
0	1
0	0
0	0
0	1
0	1
0	1
0	1287
0	1257
0	1256
0	1210
0	1287
0	1296
1	1279
0	437
1	206
0	779
0	272
0	86
2	277
3	427
0	334
3	66
0	231
0	156
0	209
0	115
0	123
1	56
5	21
2	298
1	248
0	302
0	157
0	26
4	115
0	22
0	26
1	59
3	84
0	88
0	37
0	1
0	0
1	383
0	439
0	163
1	365
0	158
2	2
0	2
16	4
6	32
5	10
0	24
0	18
455	737
1	729
0	426
0	443
1	660
2	576
0	321
13	300
2	79
2	23
0	0
0	485
0	505
0	516
0	505
0	509
0	503
0	445
0	96
2	251
0	158
0	134
0	31
0	1
0	1
0	1
0	0
0	0
1	1690
0	1649
0	93
0	23
3	114
88	202
0	136
1	131
1	148
4	142
0	69
57	373
0	373
0	139
3	26
0	128
2	3
50	531
0	55
0	13
0	68
0	429
0	473
0	95
0	109
1	4
0	64
3	0
0	42
0	21
0	94
0	77
0	11
560	1021
0	682
0	682
0	67
1	116
0	671
5	160
0	55
1	95
1	197
0	249
2	387
0	0
0	0
0	0
0	0
0	1301
0	366
12	242
0	413
0	397
0	99
0	10
2	65
0	205
0	0
0	0
0	0
0	0
0	0
0	0
0	0
0	0
0	0
0	0
0	0
0	0
0	0
0	0
0	56
0	56
0	86
1	28
0	52
9	62
1	63
1	41
0	59
0	59
0	69
0	59
0	85
1	29
0	8
4	3
0	39
0	54
2	11
0	38
0	32
0	11
0	0
0	9
0	15
0	79
0	76
0	78
0	71
2	50
0	81
4	15
0	60
45	60
0	0
0	0
0	3991
324	3140
0	3159
0	3052
0	3175
0	3024
0	3132
0	1629
0	3985
5	3205
0	1
0	1
0	0
0	0
0	0
0	0
0	0
0	0
0	0
0	0
0	0
0	0
0	0
0	0
0	0
14	60
0	53
12	56
0	46
0	46
0	32
0	26
0	1
0	19
0	10
0	11
2	15
0	17
0	13
0	18
1	0
0	2
1	0
0	1
0	1
1	14
0	0
0	2
0	1
0	1
0	9
0	6
0	1
0	3
0	1
0	2
0	1
0	0
0	0
0	1
0	1
0	0
0	0
0	0
0	0
0	0
0	0
0	0
0	0
0	0
0	0
1	340
0	188
0	347
3	54
0	112
1	108
14	110
0	61
4	110
0	24
0	97
0	19
1	14
0	101
0	30
0	19
4	20
10	20
4	12
5	11
7	19
0	9
0	25
0	34
0	33
0	20
0	12
2	15
3	114
0	114
0	102
1	20
0	36
0	32
2	1498
6	1483
0	1600
9	1475
0	720
0	785
0	574
2	682
0	788
0	808
0	582
0	94
2	486
0	322
1	337
0	279
7	302
0	130
0	70
0	0
0	0
0	231
0	6
0	267
0	238
0	110
5	8
0	8
0	8
6	0
0	42
0	42
0	32
0	4
0	1
0	20
1	65
0	19
3	64
0	48
0	47
0	63
0	12
0	5
1	42
0	1807
0	1826
0	1808
1	1602
0	598
1	141
0	26
0	188
0	51
1	3
0	108
1	115
1	911
0	892
0	8
0	188
1	129
0	157
1	26
0	56
0	0
13	292
6	98
0	9
0	376
2	466
9	476
6	432
0	430
7	165
2	141
0	211
0	113
0	0
11	93
0	96
5	48
0	50
0	23
0	33
0	43
0	63
0	54
0	4
0	4
0	3
0	4
0	3
2	0
0	23
8	682
11	682
1	20
0	209
0	10
0	284
0	299
2	260
0	12
1	57
0	47
0	72
0	0
0	0
0	0
0	0
0	0
0	0
0	0
0	0
0	0
0	0
4	1
0	0
0	250
0	258
1	249
3	249
2	238
0	235
0	247
0	150
1	202
0	279
0	287
17	126
0	168
10	240
0	228
7	116
0	211
0	30
0	22
1	37
0	2
0	0
0	0
0	0
0	0
0	0
0	0
0	0
0	0
0	0
0	0
0	0
0	0
0	0
0	0
0	728
0	861
0	849
5	783
0	808
1	73
3	284
3	90
0	25
0	69
3	88
2	177
0	320
0	344
0	46
0	37
0	55
6	6
4	4
17	187
0	11
0	35
0	0
0	0
0	162
0	161
3	170
1	59
0	0
0	0
0	659
0	639
14	383
0	41
0	6
0	6
0	19
6	112
0	21
0	69
0	0
119	605
1	586
0	30
0	17
0	10
0	8
0	6
2	8
0	3
2	25
0	25
0	15
0	1
0	2
0	0
0	74
0	17
0	3
0	0
20	754
0	754
37	0
81	827
0	680
8	82
0	167
4	152
0	762
1	75
0	118
5	477
0	253
0	294
3	86
0	95
0	160
0	8
0	6
0	9
0	8
0	5
0	1
0	0
0	1
0	0
0	412
7	506
7	369
0	512
0	390
0	363
0	215
0	173
0	171
0	144
0	0
0	0
0	1
0	0
0	1
0	1
4	88
0	626
0	46
0	620
0	15
0	1
1	7
0	120
0	0
0	5
0	9
0	2
0	4
0	0
0	3
0	0
0	60
0	61
0	38
2	302
170	378
1	29
1	21
3	333
0	238
0	2
5	23
8	254
0	254
0	20
11	41
10	36
0	13
0	19
0	7
0	21
0	18
0	19
0	14
0	17
0	16
6	13
0	18
2	11
0	14
10	426
0	424
1	148
2	2
0	2
3	28
0	302
0	58
0	316
0	262
0	131
0	242
2	302
0	301
0	276
0	301
0	316
0	344
0	291
0	301
0	287
0	312
1	312
0	334
0	286
0	82
3	25
0	286
0	321
0	269
0	243
0	77
0	253
0	42
0	312
0	115
0	327
0	321
0	40
0	308
0	311
0	73
0	325
0	317
0	25
0	5
3	245
0	244
0	184
12	182
2	118
0	83
0	8
7	85
0	74
0	73
1	3
0	7
3	7
0	1
0	90
0	143
0	129
0	137
0	140
0	152
0	159
0	157
0	164
1	151
0	166
0	164
0	160
0	34
0	163
0	158
0	167
0	167
11	181
0	127
0	148
0	48
1	123
0	154
0	5589
0	1177
0	0
0	0
0	3
2	25
0	9
1	22
0	8
0	6
0	11
0	36
0	583
1	82
0	523
0	70
25	166
0	350
0	142
2	81
0	85
11	164
0	348
0	160
4	518
0	407
0	302
5	81
4	343
0	97
0	118
0	77
15	212
2	228
1	48
3	163
0	150
0	4620
0	4668
0	4787
0	4792
0	934
0	4754
0	1855
0	425
0	253
0	899
0	3850
0	4589
4	1829
0	4720
0	983
0	1628
0	4619
0	4664
0	4695
1	1609
0	4608
0	4607
0	4535
0	3087
0	748
0	757
0	3094
1	286
0	3849
1	1502
0	1881
0	4548
0	742
1	143
0	494
0	326
0	116
0	130
0	3677
0	3685
2	3509
0	2302
0	454
1	115
0	298
1	358
0	235
0	640
0	115
0	191
7	59
0	0
0	0
0	0
0	56
1	34
3	136
0	179
3	69
261	398
182	392
18	62
0	53
0	85
12	117
0	87
1	26
1	23
1	140
0	108
0	94
0	89
1	73
3	44
0	57
0	60
0	59
0	58
224	0
17	83
2	22
1	36
0	14
0	39
0	0
0	0
0	0
0	0
0	0
0	0
0	0
4	3
1	0
0	0
0	12
0	17
0	14
0	19
0	13
0	17
0	14
0	13
0	14
0	5
0	11
0	7
0	6
0	8
0	2
0	10
0	6
0	6
0	0
0	0
0	0
0	0
0	0
0	0
0	211
0	209
0	204
0	25
0	193
0	43
0	168
0	195
0	62
0	92
0	68
0	72
0	123
0	19
0	28
0	65
0	52
0	84
1	124
0	101
0	198
0	52
0	27
0	211
0	39
1	63
0	216
2	45
0	50
0	101
0	84
0	193
0	77
0	43
0	32
1	30
0	88
0	0
0	0
0	0
0	11
1	370
0	32
0	369
0	371
0	359
1	370
0	364
1	399
0	1457
0	2288
0	1856
1	2086
0	2140
0	2062
0	151
0	2115
0	576
0	1930
0	1954
0	2070
0	1967
0	1862
0	2174
1	1966
0	2166
0	1922
0	2165
0	2143
0	2008
0	1988
0	1815
0	1701
2	828
0	1808
0	1597
0	1260
0	326
0	1296
0	931
0	1155
0	1773
0	413
0	391
0	1043
0	213
0	56
3	77
0	208
4	92
6	1156
0	251
0	235
9	769
0	48
20	193
0	1
1	6
0	4
0	48
0	0
9	0
0	0
0	0
0	0
0	0
0	0
0	0
0	0
0	0
0	0
0	0
0	0
0	0
0	0
0	297
0	298
0	283
0	270
0	271
0	268
0	52
1	254
0	0
3	16
1	78
0	71
0	60
0	53
2	50
0	34
1	24
0	30
0	11
0	0
0	0
0	39
0	39
0	2
0	29
1	2
0	4
0	2
0	2
0	0
0	0
0	0
107	254
0	21
60	119
1	164
0	11
0	11
0	12
1	14
0	113
0	10
2	9
2	15
0	16
0	17
2	71
0	28
0	28
0	24
0	24
0	11
1	45
0	11
0	113
0	118
7	144
8	48
0	32
0	37
0	54
0	43
0	10
0	1
0	41
0	484
0	211
0	117
1	15
1	17
0	5
0	3
0	3
0	1
0	1
0	0
0	0
0	0
0	13
0	13
0	0
0	0
0	0
0	0
0	0
0	0
0	0
0	0
370	199
1	199
18	2
0	0
0	3
0	3
0	0
0	0
0	485
0	463
0	367
0	392
0	82
0	43
0	71
1	118
0	212
0	22
0	0
0	0
0	0
0	0
0	0
0	0
0	0
0	0
0	0
1	15
0	17
0	17
0	5
0	14
0	6
0	0
0	2
0	1
0	5
0	4
0	3
1	2
0	0
0	0
7	2679
0	2615
0	2643
0	2616
0	275
0	135
0	2764
8	2016
0	2673
0	51
0	2528
0	168
0	121
1	2630
0	196
4	0
0	1
0	1
0	1
0	1
0	1766
1	1730
15	1725
0	170
2	381
0	37
3	21
0	250
0	72
1	156
2	111
1	104
2	109
2	68
0	157
0	98
4	376
8	127
0	190
0	79
158	159
0	12
0	29
1	126
0	100
2	81
0	90
2	480
1	96
0	465
0	50
0	79
0	54
0	112
0	71
0	61
1	82
0	67
0	63
0	439
0	10
0	465
0	466
0	460
0	465
0	465
0	0
0	0
0	0
3	0
0	0
0	0
0	0
0	0
1	135
201	135
0	1
0	4
0	34
0	14
0	9
0	28
0	16
0	0
0	21
0	8
0	3
0	2
0	4
0	4
0	0
0	4
0	2
0	4
6	223
11	1792
3	198
1	603
4	243
8	480
0	67
0	42
0	1126
1	76
0	81
0	78
2	81
4	3
0	3
0	736
0	51
5	149
0	149
0	103
0	100
0	0
0	0
0	202
0	3122
0	3187
0	138
0	2932
0	375
0	145
1	707
0	1881
2	2274
0	328
0	330
1	470
0	351
0	141
0	156
10	532
1	52
0	161
0	15
0	90
0	30
2	19
0	7
0	4
0	7
0	3
0	531
0	539
18	1
0	1
0	1
0	1
0	0
0	300
0	301
0	304
0	297
0	60
0	45
0	0
0	1
0	12
0	3
0	0
1	45
1	206
4	207
0	191
0	210
0	30
0	161
0	12
8	25
2	21
0	25
0	23
0	23
0	15
0	10
7	3
0	14
0	2
0	16
0	11
0	15
0	16
0	15
0	15
3	15
0	14
0	6
0	2
0	4
0	1
0	555
0	141
1	85
85	1180
0	63
19	71
0	612
0	967
0	1081
37	11
0	31
5	1016
1	48
0	28
0	123
0	11
0	126
0	28
0	137
0	16
0	36
0	31
0	58
1	41
0	0
2	13
5	20
2	25
2	7
26	15
0	5
0	14
563	243
2	77
0	193
0	81
0	218
22	61
32	7
0	0
0	0
0	0
0	0
0	0
0	0
0	0
0	0
0	0
0	0
0	0
0	0
0	0
0	0
0	0
0	0
0	0
0	0
0	0
0	0
0	0
1	164
0	3313
1	3117
2	3235
5	156
4	342
2	232
1	81
1	17
3	170
5	155
3	182
0	94
0	196
0	125
0	37
2	472
0	483
0	474
0	234
0	40
0	45
0	21
0	7
0	21
0	38
0	19
0	46
0	32
0	37
0	205
1	47
0	38
0	64
1	0
0	162
12	55
15	54
4	152
0	89
8	61
0	11
19	51
5	10
78	1480
0	7
0	1124
0	1239
0	1040
1	248
0	176
0	90
0	86
0	108
0	180
0	192
0	140
2	70
0	82
0	27
1	75
4	66
0	142
88	142
0	2125
0	1603
6	1848
0	143
7	43
0	28
0	74
1	131
137	131
0	27
0	72
4	6
0	15
0	10
0	16
0	0
0	0
628	113
902	113
4	0
0	5
0	5
1	2
0	1
0	4
0	2
0	2
0	0
0	0
0	0
0	0
0	0
14	4
0	120
0	0
1	97
0	106
4	52
0	48
0	141
0	44
0	17
0	295
0	19
0	36
0	25
0	115
0	183
3	58
0	83
0	136
0	103
0	91
0	76
35	232
0	29
2	51
0	8
0	0
0	3
0	3
51	841
0	25
0	245
0	253
3	0
4	794
0	2
0	1
0	1
0	0
0	0
0	0
0	1
0	0
0	0
2	80
0	354
0	344
0	407
1	34
0	129
0	3
0	0
0	0
0	0
0	0
0	0
0	0
0	0
0	0
2206	3740
0	2839
19	2802
0	2460
0	2112
0	1264
0	1477
0	1483
0	1473
0	1138
0	830
0	763
8	0
0	0
0	0
0	0
0	0
0	0
0	0
0	0
0	0
0	0
0	0
0	0
0	0
0	0
0	0
0	0
0	0
0	0
0	0
0	0
0	0
0	0
0	0
0	0
0	0
0	722
0	917
0	923
0	956
2	934
1	819
0	48
3	954
0	954
0	954
0	0
1	149
1	66
0	41
0	105
0	68
0	65
1	62
600	217
6	34
10	45
7	29
0	22
25	25
2	44
4	90
2	0
339	843
0	52
0	166
2	0
0	63
0	0
0	101
2	53
0	189
0	12
4	44
36	12
0	88
0	11
4	17
0	37
4	8
0	20
320	140
0	89
0	228
7	329
1	42
1	109
0	42
0	66
0	1
0	1
0	0
0	0
0	189
67	173
0	12
0	30
0	42
40	25
1	0
40	81
3	10
0	81
1	911
0	3
0	8
0	8
0	1
0	1
1	0
0	2
1	1
0	0
0	1
0	0
0	0
0	0
0	0
0	0
0	0
0	0
0	0
0	0
0	0
0	0
0	0
0	0
0	0
0	0
0	0
0	0
0	0
0	0
0	0
0	0
0	0
0	0
0	0
0	0
0	0
0	0
0	0
10	242
0	241
0	563
0	572
0	560
0	560
0	564
0	560
0	526
0	537
0	533
0	534
0	542
0	542
0	403
0	254
0	250
0	8
0	114
0	37
0	95
0	37
0	638
0	266
0	28
1	74
0	27
0	632
0	92
0	271
0	273
0	243
1	259
0	256
0	272
0	90
0	259
0	249
0	285
0	234
0	272
0	221
0	257
0	247
1	111
0	266
0	290
0	288
0	128
0	294
0	226
0	228
0	298
0	299
0	281
0	296
0	299
0	288
0	269
0	278
0	288
0	255
0	291
0	293
0	293
0	299
0	285
0	306
0	268
0	297
1	288
0	300
0	288
0	294
0	304
0	286
0	301
0	294
0	298
0	292
0	294
0	302
0	314
0	272
0	305
0	271
0	274
0	310
0	295
0	301
0	286
0	269
0	302
0	309
0	307
0	308
1	65
0	302
0	312
0	261
0	288
0	279
0	293
0	301
0	293
0	211
0	240
0	307
0	300
0	298
0	300
0	305
0	292
0	275
0	200
0	117
0	252
0	242
0	210
0	225
1	224
0	226
0	45
0	239
0	83
0	200
0	157
0	122
0	147
0	146
0	152
0	158
0	93
0	26
0	97
0	37
0	48
0	0
0	0
0	1
0	0
0	0
0	0
0	1
0	0
0	0
0	1
1	349
0	22
6	385
0	383
0	5
1	23
0	21
0	98
1	568
0	556
12	583
0	398
0	105
0	53
1	54
6	10
0	316
0	328
0	313
0	11
0	55
0	317
0	30
0	300
0	54
0	9
0	47
0	253
0	56
0	22
2	34
0	28
0	28
0	14
0	23
0	24
0	25
0	25
0	27
0	3
0	3
0	2
0	2
0	1
0	0
0	2
1	2
0	2
0	2
0	0
0	0
0	0
0	4
0	3
0	0
336	190
0	10
7	79
12	150
3	4
0	4
0	161
0	155
7	155
2	38
0	13
0	9
0	147
1	155
0	4
0	159
0	0
0	875
0	762
0	801
0	852
0	761
0	497
0	246
10	6923
0	6779
1	4902
0	6679
129	6624
0	5887
28	3256
0	1977
0	1496
0	1689
0	1695
1	1698
1	1698
0	1587
0	1526
1	1642
2	1621
0	1598
1	1607
0	1726
1	1534
1	1693
0	1420
0	505
0	1438
0	435
0	1107
0	1004
0	1049
0	1108
20	926
0	779
0	1024
0	293
1	682
0	536
0	151
0	302
0	248
0	180
0	300
0	218
0	212
0	213
0	68
0	1
0	1
0	1
0	0
0	0
0	0
0	0
0	0
0	0
0	0
0	0
0	0
0	0
0	0
0	0
0	7
1	1
0	0
0	0
1	1
0	5
0	0
0	7
0	411
0	203
0	171
0	109
0	88
4	421
4	12
0	198
0	1252
0	1203
0	694
0	851
13	255
83	218
2	110
57	103
0	126
0	105
0	204
0	87
0	5
0	5
0	5
0	5
0	5
0	5
0	4
0	0
0	0
6	6
0	6
0	503
1	0
0	502
0	271
0	286
0	202
0	192
8	120
0	242
0	247
0	133
0	40
0	72
0	56
0	65
1	45
0	11
11	25
433	2047
5	205
10	846
13	151
0	113
0	51
0	166
0	20
0	70
4	33
0	199
2	374
0	734
0	51
0	11
3	511
0	13
0	31
0	27
1	36
0	3
0	15
0	4
2	1
0	4
0	32
0	7
0	39
8	39
0	16
0	8
0	2
1	0
0	43
0	12
277	477
0	429
0	118
0	79
13	4
17	0
0	0
0	2535
37	2535
1	547
0	308
0	308
0	308
0	308
0	309
2	309
0	309
0	479
0	479
0	515
0	354
0	519
0	518
0	515
0	515
0	515
0	515
1	515
0	515
0	291
3	205
0	291
1	511
0	291
0	203
0	462
1	280
0	299
0	210
0	135
0	97
0	132
0	86
0	46
4	13
0	0
0	1140
3	1028
0	1034
0	60
0	22
0	60
0	231
0	231
5	360
0	9
0	9
0	47
0	15
0	0
0	24
2	66
0	1
0	46
2	49
0	35
0	35
0	29
0	54
0	59
0	128
0	29
0	0
0	0
0	0
0	1
0	1
0	1
0	1
0	24
1	41
0	3
0	1
0	21
3	284
0	1
0	0
0	0
0	280
1	1
0	23
0	0
0	6
1	6
0	116
0	2
0	2
0	2
0	2
0	45
0	44
0	22
0	0
0	0
0	20
0	105
7	20
0	152
0	20
0	20
0	164
0	61
0	55
0	40
0	40
1	210
0	549
0	112
6	99
7	96
0	139
2	92
0	30
0	241
0	249
0	148
0	177
0	185
2	114
0	175
1	111
3	76
0	104
0	116
0	86
0	88
1	68
0	66
0	66
0	66
0	68
0	65
0	47
0	3
0	3
0	0
0	0
0	116
0	117
0	172
0	163
3	165
0	167
0	167
0	166
0	149
1	166
0	152
0	151
1	134
0	27
0	22
0	4
0	2
0	11
1	6
0	483
0	149
0	466
0	550
0	94
0	158
0	36
0	523
1	454
0	6
1	18
523	94
3	35
0	31
1	10
0	509
0	21
0	87
0	30
1	205
0	11
3	187
1	191
0	147
0	148
3	28
0	5
12	16
0	26
5	1
3	3
2	246
2	253
0	127
0	89
0	100
0	66
0	52
1	19
0	9
0	5
0	0
1	10
0	2
0	11
0	10
0	13
0	33
0	34
0	6
13	1361
0	1356
1	1428
0	1312
0	1490
0	1412
10	463
13	836
0	1447
0	1363
3	630
0	1300
0	1327
0	1250
0	1399
6	747
1	45
0	677
0	521
13	429
0	440
0	446
0	286
0	446
0	365
0	310
14	81
0	32
0	81
0	444
0	446
1	314
0	446
0	317
0	99
0	277
0	219
0	502
5	81
0	154
0	162
0	0
0	92
1	35
3	82
96	213
1	75
8	48
365	454
0	123
4	179
0	306
1	0
799	287
0	177
0	110
18	381
0	374
0	18
0	108
0	59
1	50
0	12
0	0
0	0
0	0
0	0
0	0
0	0
0	0
0	0
0	0
289	256
0	48
1	63
0	16
0	218
0	218
7	199
0	6
0	36
0	22
1	10
1	12
0	9
0	267
0	102
0	270
0	273
0	179
0	258
0	221
0	225
0	189
0	180
0	101
2	93
0	272
2	294
1	187
0	109
0	48
0	95
0	74
0	134
0	76
2	146
0	73
3	33
4	701
0	704
0	414
0	0
1	1796
1	1433
0	1419
0	2145
2	2092
0	864
1	99
0	95
0	139
0	75
5	0
0	6900
2	5420
0	6862
3	6872
426	5396
20	6757
0	6499
0	6495
15	5803
1	2203
0	1455
0	2378
0	718
0	2672
0	1879
0	0
39	2210
0	3199
1	2438
0	1850
28	1028
0	1471
0	1143
0	1047
0	1157
0	1147
0	1090
0	1667
0	1080
0	927
0	1046
0	1070
0	1252
0	1232
9	1117
35	1160
70	754
0	1089
0	470
1	1000
0	843
0	709
0	640
0	359
0	256
0	1
0	160
0	129
0	114
2	1
0	0
0	0
0	0
0	0
0	0
0	0
5	81
0	63
0	21
0	18
0	3407
1	3484
0	3085
0	3256
3	3215
18	2765
18	2863
20	1503
0	1568
0	1200
5	1492
0	1462
0	942
0	710
4	882
0	880
0	840
0	799
0	606
0	737
0	546
5	339
0	554
0	595
0	474
0	410
0	539
0	142
0	443
0	352
0	424
0	397
1	322
59	2192
16	2192
7	264
0	177
57	441
3	430
0	45
0	318
0	267
3	57
1	50
6	80
0	31
0	89
3	91
0	8
0	58
1	73
8	193
0	154
0	193
0	24
0	34
0	338
4	42
0	37
1	13
0	32
0	368
0	84
0	37
0	357
0	38
0	131
0	103
0	32
2	37
0	21
0	657
0	657
2	0
2	0
0	56
0	74
1	83
0	64
0	34
0	37
0	3
0	10
0	0
0	0
0	0
0	0
0	0
0	105
1	58
0	426
0	468
0	26
0	873
0	678
1	255
0	114
2	160
0	417
1	876
0	831
0	378
1	255
0	208
1	801
0	172
0	644
0	0
4	113
4	713
11	126
2	66
4	49
4	190
14	91
0	41
0	39
0	3
0	3
0	3
0	7
0	7
0	7
0	9
0	3
0	1
8	1353
1	1353
1	309
0	95
0	48
7	549
0	114
1	145
0	45
5	57
0	134
0	135
0	136
0	84
0	30
0	10
0	11
0	10
0	4
0	10
0	8
0	10
0	7
0	0
0	5
0	3
81	99
0	54
3	20
0	80
0	1006
10	1569
17	484
0	974
0	1416
0	1225
11	122
3	189
0	82
0	85
0	18
0	156
0	1
0	0
0	0
0	0
0	0
0	0
0	0
0	0
0	0
1	886
0	733
0	710
0	748
3	636
4	36
4	444
0	225
2	23
1	363
0	188
0	126
1	5
0	2
1	15
0	1
1	12
0	7
0	3
0	1
0	3
0	2
0	48
0	104
36	162
0	39
0	56
0	100
0	45
1	308
8	308
0	94
0	25
0	19
0	0
0	2
0	769
0	662
8	695
18	527
8	687
0	556
0	610
1	350
1	678
0	553
6	126
0	3
0	0
3	85
0	95
0	86
0	83
3	73
0	103
52	151
0	165
0	164
0	142
0	85
0	141
0	105
0	86
0	83
2	68
0	80
0	60
0	0
0	0
1	0
0	0
0	59
0	60
0	61
0	69
0	13
104	82
0	16
0	12
0	79
0	20
0	4
32	1086
0	1082
1	1082
0	446
1	65
1	43
2	46
0	61
0	65
1	22
0	34
0	20
0	6
1	21
1	3
0	16
10	12
1	14
0	58
3	399
0	404
0	61
0	48
0	44
3	10
10	253
4	244
3	276
0	364
0	365
0	364
0	365
0	369
37	347
0	253
0	2
0	2
0	0
0	0
0	0
0	0
0	0
237	46
0	44
0	32
0	22
8	22
1	12
107	10
0	6
1	0
30	127
5	68
0	112
0	103
0	79
0	72
0	63
0	25
0	41
1	27
0	36
1	0
0	27
0	25
6	8
0	19
0	0
10	1
0	1
0	79
0	690
0	675
0	234
0	169
0	31
0	28
0	21
0	38
0	36
0	31
0	31
0	3
0	3
0	3
0	9
0	3
23	714
0	3323
0	3992
0	3426
3	2874
14	927
3	3303
4	530
1	0
0	0
0	1
21	1
2	216
3	219
0	78
1	209
0	924
10	174
0	822
0	435
0	831
0	911
35	235
0	757
0	877
0	432
14	166
33	197
0	283
0	113
0	0
0	0
0	0
0	0
4	98
6	139
1	139
1	3
2	0
0	0
2	330
1	339
3	25
0	22
2	180
1	58
2	46
29	247
1	7
1	213
3	7
0	34
3	34
0	2
0	0
0	0
1	63
0	72
0	73
0	71
0	64
0	80
0	66
0	71
0	57
0	60
0	22
0	29
0	39
0	38
0	28
0	20
0	28
0	18
0	18
0	13
0	0
0	10
1	14
0	0
0	14
0	5
1	5
0	1
0	187
0	312
33	1857
0	83
1	743
0	1702
0	1766
0	1829
0	1788
0	1561
2	1788
0	399
1	1829
0	190
2	86
0	401
0	1830
0	1829
0	212
0	1829
0	312
0	255
0	580
0	430
0	1344
28	1282
1	950
15	102
16	1104
16	22
0	1
0	1
0	0
0	0
0	0
0	0
1	0
0	0
0	0
0	0
0	8073
0	8073
0	8073
0	7869
0	8021
0	8029
36	6178
0	7790
1	7888
0	6989
0	7994
0	8011
0	7833
0	7936
0	7458
4	7990
20	7978
0	7813
0	7696
1	7476
0	7844
0	7977
0	8089
0	7976
3	929
0	8072
0	8089
0	8197
0	4296
0	8096
0	8072
0	8079
0	7581
0	3650
2	8074
0	8021
0	7495
0	7856
0	7618
0	7774
0	8079
0	7876
0	8076
0	4547
1	6887
0	451
9987	298
0	298
0	72
205	137
0	132
0	136
12	74
0	69
1	68
0	70
3	74
0	69
0	19
0	7
0	4
0	740
0	752
0	630
0	262
0	374
0	483
0	485
0	511
0	507
0	625
0	639
0	643
0	627
0	671
0	641
0	648
0	648
0	636
0	642
0	221
0	135
0	427
0	398
1	407
0	17
0	26
0	29
1	105
0	9
0	28
1	18
0	25
0	16
0	179
0	30
0	101
1	24
0	63
0	14
6	21
155	0
0	81
0	67
0	0
0	81
3	34
0	213
6	36
1	27
4	126
0	92
0	179
17	54
4	163
0	117
522	76
12	31
0	45
54	134
15	708
1	574
0	370
19	387
0	206
0	18
0	3
0	0
0	0
0	0
0	0
0	0
83	868
1	428
8	80
34	785
18	1625
0	238
12	138
1	236
3	1633
5	159
0	158
0	136
0	153
0	148
0	64
9	53
0	54
3	33
2	42
0	25
0	5
2	22
1	24
12	2
1	0
0	2
0	0
0	0
0	0
0	0
19	20
2	14
0	7
1	5
0	169
0	164
0	152
0	153
0	158
0	166
0	154
0	132
3	156
0	128
0	38
0	39
0	39
0	29
0	32
0	23
0	21
0	20
0	0
0	281
2	134
8	151
1	258
35	141
1	68
7	69
0	67
1	11
6	57
0	10
5	52
0	7
0	92
3	92
0	24
0	10
0	24
0	17
0	14
0	9
2	29
0	1
0	1
0	1
0	1
0	1
0	0
0	0
0	0
0	0
0	0
0	0
0	208
890	37
0	0
0	2
0	2
0	2
0	2
0	0
0	0
0	0
0	0
0	0
0	0
0	35
70	113
0	59
0	35
0	107
0	29
0	1
0	1
0	11
0	5
0	33
0	187
0	171
1	53
0	38
0	17
0	397
0	537
0	486
0	498
0	469
0	469
2	83
1	205
0	323
0	457
0	129
0	95
0	513
0	71
0	85
0	61
0	485
0	138
0	47
8	112
2	134
3	88
9	26
1	219
8	235
0	0
0	0
0	0
0	0
0	0
0	0
0	0
0	0
0	0
0	0
0	0
0	0
0	0
0	0
0	0
0	0
0	3
0	3
8	3
0	2
0	4
0	1
0	0
82	51
0	7
4	15
1	14
4	21
0	0
0	0
0	0
0	981
0	1049
0	1041
0	1050
0	1311
0	1319
0	0
0	566
0	0
0	1110
0	794
4	1289
0	1317
0	1203
0	1291
0	1284
0	1320
1	1288
1	1259
0	1302
0	400
0	404
0	1294
1	1293
1	94
0	1326
1	1189
0	940
0	55
9	810
0	714
0	278
0	556
14	529
0	34
0	62
0	1283
0	1312
0	0
0	0
0	0
0	0
0	0
0	0
0	0
0	0
0	0
0	0
0	0
0	0
0	0
0	0
0	0
0	0
0	0
0	0
0	11
0	25
0	17
0	22
51	48
1	5
0	13
0	4
0	1
1	13
0	9
1	2402
0	2164
0	2386
0	2384
5	2420
3	717
0	564
8	2425
11	935
2	9
0	2410
0	2529
0	2357
0	1947
0	1302
0	2269
0	2404
0	106
0	2402
9	2404
1	616
2	197
0	47
1220	190
10	66
0	55
0	33
106	1
1	29
2	126
1	140
0	26
3	35
0	40
0	219
1	173
0	182
0	122
12	193
0	138
2	80
0	35
3	56
0	59
0	59
0	59
2	63
0	58
2	32
0	13
0	3
0	1
0	0
0	0
0	0
0	0
0	0
0	0
0	0
0	0
0	0
0	0
0	0
0	117
20	1072
0	769
0	0
0	1
0	1073
0	8
0	71
0	30
0	826
0	1061
0	825
0	28
0	576
0	115
0	127
0	415
0	120
0	87
0	160
2	166
0	125
1	95
0	26
0	128
0	58
0	0
0	0
0	0
0	157
0	149
0	140
4	22
12	24
2	17
0	24
4	29
0	22
1	10
1	19
7	115
0	28
0	106
0	1
0	0
0	0
0	1
0	2738
0	3329
0	3172
0	3147
0	3354
0	393
2	1897
0	3101
2	1894
0	3226
0	2959
0	2995
0	337
0	262
11	1567
0	2492
48	1630
0	285
1	336
3	196
10	11
6	10
0	10
0	1255
0	1266
0	1234
0	142
4	56
0	55
0	18
0	121
0	94
0	938
4	176
0	588
0	68
0	159
0	30
0	1262
0	2
0	8
15	0
20	0
0	0
0	0
0	0
0	0
0	0
0	0
0	0
0	0
15	0
6	0
0	214
1	689
0	270
0	511
0	596
1	555
0	641
1	730
0	662
2	639
0	730
0	1081
0	615
0	665
0	1088
0	780
0	557
1	724
0	317
1	0
0	0
0	0
0	0
10	0
1	0
0	1
0	413
0	1436
0	1404
0	49
2	61
0	195
0	123
0	527
0	223
0	93
0	52
0	43
0	53
0	44
0	0
0	0
0	334
0	130
0	51
0	103
0	3
0	103
0	0
0	0
0	31
15	44
0	10
0	33
0	1153
0	0
1	1160
74	0
0	52
0	239
0	244
0	36
0	40
0	249
1	27
2	22
0	8
0	23
0	73
0	212
0	25
0	78
0	37
1	8
1	8
0	9
9	7
0	99
16	215
0	135
0	167
3	146
0	156
2	150
0	124
0	104
4	0
0	0
0	0
0	0
13	9
1	9
0	9
2	25
0	20
0	9
0	1
0	51
0	91
54	255
0	230
0	227
0	230
0	131
4	165
0	16
14	14
0	0
0	1
0	1
0	0
0	0
0	1
0	0
0	1
0	1
0	0
0	1
0	1
0	1
0	1
0	1
0	1
0	531
0	484
6	329
0	347
0	19
0	112
0	70
1	186
9	364
0	308
0	171
1	233
24	131
0	75
0	12
0	163
0	0
0	0
0	0
0	0
0	0
6	1919
0	1772
7	497
0	873
5	788
10	762
0	377
2	20
0	220
9	53
0	55
0	332
100	633
0	48
1	92
4	104
2	94
16	68
0	50
0	87
0	16
0	87
0	107
1	29
0	495
0	485
0	496
3	185
3	181
0	181
0	21
0	95
0	0
0	2
1	107
0	77
7	44
0	279
0	323
0	61
0	20
0	106
0	140
0	21
3	42
0	41
0	303
0	21
1	32
69	220
0	224
0	248
0	230
0	262
0	203
0	215
2	198
1	11
1	32
0	18
0	30
0	17
0	17
0	17
0	8
0	8
0	55
0	17
0	17
0	8
0	17
0	17
0	6
0	17
0	46
0	17
0	8
0	54
0	17
0	36
0	35
0	36
0	55
0	36
0	36
0	32
0	36
0	37
0	0
0	0
1	228
7	141
0	157
0	34
4	41
0	45
0	33
0	43
1	24
1	25
0	133
0	65
0	40
0	295
2	168
5	235
9	242
4	11
0	3
0	11
3	11
5	390
115	175
0	163
9	43
9	22
16	19
0	51
0	23
12	10
1	3
0	6
0	54
2	54
0	51
0	51
0	46
2	34
0	27
0	0
0	0
0	0
0	0
3	601
1	717
2	392
4	59
0	239
0	222
0	216
0	43
0	90
0	76
0	237
1	2
1	216
3	37
0	39
0	21
0	44
0	868
0	3804
294	128
0	30
0	10
0	17
381	5666
0	5606
5	568
2	1194
0	3175
10	2107
0	673
4	2863
4	661
0	498
0	348
0	488
7	496
0	488
0	474
5	474
0	440
0	485
5	229
0	136
3	52
0	211
0	210
1	204
0	20
0	8
0	11
0	5
4	1
2	5
9	93
0	93
9	18
6	18
1646	0
0	0
0	0
0	0
0	0
0	0
0	0
0	0
0	0
0	0
1	0
0	1021
0	1853
0	2602
0	2172
0	2438
0	2444
15	1973
1	2019
0	959
0	1976
0	187
0	1405
81	1230
6	1160
0	1086
0	1187
0	1022
0	748
14	532
0	373
0	178
0	178
0	149
0	128
0	3
0	4
0	3
0	4
0	0
0	0
1	66
0	0
0	27
0	74
0	8
0	24
0	179
1	120
1	176
0	16
7	10
63	43
0	64
0	64
0	3
0	11
0	62
1	45
1	0
0	9
0	36
0	57
0	112
9	107
6	20
1	72
1	7
4	40
189	38
0	38
0	714
0	137
0	686
5	707
0	739
0	40
1	672
11	159
0	122
1	68
0	20
14	102
2	53
6	399
14	33
12	12
7	12
178	37
0	28
0	9
0	935
0	546
0	958
1	11
0	19
0	55
0	39
2	262
0	20
7	124
2	86
0	39
0	29
0	0
0	348
0	104
5	223
1	311
20	153
0	199
15	268
0	245
0	347
0	42
0	67
65	547
2	467
0	218
9	164
0	139
0	136
3	28
1	46
0	0
0	0
0	0
0	0
0	116
0	9
0	8
0	8
0	7
0	8
0	8
0	8
0	2
0	1
0	0
0	0
0	1
0	341
21	341
8	201
0	159
0	156
0	86
0	290
1	261
11	204
0	73
0	3
0	8
0	10
0	10
0	4
0	7
0	1
0	0
0	0
123	1140
32	908
0	191
0	137
0	115
11	234
0	234
0	0
0	0
0	0
0	0
0	0
0	0
7	4010
1	4007
2	4212
2	4009
0	2438
2	276
18	4009
7	2117
38	1032
0	1832
0	1871
0	0
0	0
0	131
0	1888
1	1789
0	1839
0	1749
4	1878
2	124
2	1847
0	83
0	1054
0	94
1	19
0	33
2	127
1	47
0	1052
1	1831
0	246
0	911
0	203
0	35
294	35
0	35
0	25
0	38
0	81
0	5
0	30
0	44
0	114
13	107
0	3
0	33
0	43
0	29
1	0
0	2
0	560
0	627
0	592
0	581
10	296
8	30
26	111
6	85
69	7075
121	7060
0	7022
8	5231
80	7060
125	5052
1	6107
13	1652
1	103
0	170
1	122
0	134
0	132
0	36
0	1
1	1
0	1
0	0
0	8
73	219
0	54
0	52
0	218
0	215
0	10
0	179
0	0
0	9
0	77
13	202
0	57
8	0
0	38
0	34
1	13
0	26
0	40
0	19
0	27
0	26
0	17
0	14
0	12
0	34
0	9
0	7
0	6
0	26
0	19
0	29
0	2
0	0
0	0
0	6
0	6
0	6
0	5
0	0
0	0
0	0
0	11
0	5
0	339
0	184
0	25
0	2
8	57
0	127
0	322
0	322
0	304
0	348
0	347
0	342
0	10
0	34
1	33
0	338
0	337
1	338
0	315
0	229
0	347
0	19
5	26
0	26
0	29
0	57
0	322
0	340
0	24
0	118
0	339
0	339
0	24
0	17
0	17
0	17
0	41
0	44
0	3
0	22
0	24
0	0
0	2
1	11
2	11
8	304
0	41
0	11
0	46
0	20
0	42
0	31
0	20
0	28
0	53
0	9
0	13
0	206
0	38
0	212
5	75
0	73
1	53
1	5
0	13
0	5
0	16
0	11
0	13
0	5
0	8
0	5
1	10
0	8
0	6
2	6
0	2
0	2
1	0
0	0
0	0
15	1
0	0
0	1
0	74
0	29
0	177
0	226
0	319
7	18
0	165
1	322
0	92
0	196
0	114
1	76
0	13
0	171
1	267
0	1649
2	1621
7	1621
0	519
1	419
1	489
0	537
0	648
28	340
0	34
1	219
7	219
0	1
0	1
0	1
0	0
0	0
1	1
0	1
0	0
0	128
0	310
0	243
0	254
0	185
2	74
0	1
0	0
0	0
0	0
0	0
0	0
0	0
0	0
0	1
335	64
0	63
1	415
0	379
27	359
0	396
0	370
4	46
0	112
0	319
0	320
0	19
4	23
0	9
3	106
0	153
0	32
0	14
0	398
0	61
6	326
0	64
0	56
0	316
0	24
1	38
12	51
1	15
4	8
0	7
0	0
0	0
0	0
0	47
0	10
3	68
0	121
0	4
4	121
1	3
4	10
1	41
5	15
2	8
0	527
0	571
0	468
0	574
0	572
0	610
0	658
1	191
0	264
3	22
0	19
0	503
0	634
0	131
0	562
0	589
0	506
0	422
0	240
0	479
0	498
0	558
0	248
0	364
0	525
0	326
0	322
1	184
52	297
0	825
3	434
0	786
0	817
5	819
0	404
1	517
2	28
0	288
0	249
1	129
0	287
0	282
0	274
0	225
0	225
5	245
0	241
0	71
2	142
0	721
0	714
0	628
0	707
0	710
0	716
0	706
0	636
0	613
0	618
0	577
0	682
0	714
0	712
0	688
0	657
0	680
0	708
0	631
0	693
0	606
0	714
0	688
0	708
0	705
0	650
10	345
0	620
0	698
0	594
0	589
0	635
0	608
0	533
0	627
1	601
0	553
0	433
1	503
1	461
0	548
0	350
0	451
0	509
0	499
0	493
0	383
0	479
0	476
0	483
0	365
0	331
1	375
5	98
0	277
0	23
0	212
4	321
1	330
0	16
0	190
0	129
1	140
0	86
0	20
0	74
0	78
0	61
0	46
0	44
0	4
844	178
0	104
2	74
1	0
0	0
0	0
0	0
0	0
0	15
0	50
0	50
0	62
0	66
0	12
1	45
0	10
0	37
0	14
0	30
0	28
0	14
0	11
0	12
0	13
0	14
0	3
1	0
13	606
20	467
4	211
0	190
0	444
2	317
1	186
0	0
0	0
0	0
0	0
0	0
0	0
0	0
0	0
5	0
0	0
0	59
0	48
47	65
0	0
0	40
4	7
0	23
0	161
0	18
7	16
0	166
1	11
0	67
12	8
5	128
44	96
0	96
1	96
0	76
0	102
1	12
0	9
0	18
0	87
0	100
0	97
0	12
10	4
0	14
0	22
0	10
1	5
1	0
0	3
9	5
0	36
0	0
0	5
0	24
0	16
3	6
0	15
2	15
0	341
773	589
0	96
3	20
6	292
3	205
1	83
0	167
29	115
0	69
31	1
0	1
130	1008
0	708
8	284
5	221
7	549
0	220
0	0
0	0
0	101
0	101
0	101
0	101
0	103
0	102
689	148
15	68
2	97
0	80
0	56
1	3
124	67
3	33
0	39
0	29
0	0
4	0
0	0
0	0
0	0
0	0
0	0
0	0
0	0
0	0
0	0
0	0
0	0
0	1
0	1
0	1
0	0
0	0
0	0
0	0
0	0
61	33
0	18
0	0
1	15
0	319
0	347
0	323
0	255
0	293
0	299
0	291
0	321
0	273
0	308
0	354
0	306
0	292
0	296
0	296
0	334
0	317
0	339
0	343
0	356
0	335
0	348
0	312
0	312
0	306
0	269
0	34
0	60
0	267
0	271
0	219
0	236
0	301
0	336
0	347
0	306
0	286
0	286
0	286
0	349
0	332
0	282
0	328
0	290
26	360
0	212
0	286
0	313
0	286
0	330
0	301
0	286
0	304
0	295
0	243
0	280
0	349
0	276
0	328
0	235
0	239
0	321
0	328
0	321
0	297
0	347
0	321
0	273
0	341
0	247
0	280
0	233
0	317
0	270
0	255
0	38
1	305
0	58
0	105
0	0
0	1
0	1
0	0
0	0
0	1
0	1
0	0
0	0
0	0
0	1
0	0
0	0
0	1
0	0
0	841
4	596
0	768
0	485
0	771
0	337
0	384
1	581
11	517
13	367
0	432
58	309
5	260
0	282
0	290
0	227
0	105
0	153
0	61
1	0
0	3
0	5237
1	134
0	5381
11	5462
17	5443
0	5350
1	746
0	188
0	64
0	127
0	486
5	789
0	441
5	362
0	1
0	840
7	109
3	458
17	418
0	199
19	2300
0	1211
0	2
0	2
0	2
0	2
0	2
0	2
0	2
0	1
0	2
0	0
0	2
0	2
2	35
2	796
0	157
0	247
0	67
0	31
1	87
0	106
0	273
1	772
0	795
0	83
0	37
0	114
0	29
0	29
0	137
0	72
0	501
0	170
0	515
1	68
0	139
0	177
1	151
9	101
1	12
0	67
0	84
5	112
21	251
1	67
11	151
1	86
0	151
0	63
0	132
0	0
1	93
0	81
0	92
0	0
0	73
0	92
5	95
3	341
0	41
0	14
492	559
0	173
5	272
4	107
0	343
0	151
0	86
0	322
6	122
0	4
0	17
2	4
1	6
0	139
0	3
0	88
3	12
3	12
0	305
0	786
1	756
0	114
0	824
0	808
1	51
0	494
1	452
0	185
0	28
0	694
0	71
0	149
0	0
919	5931
0	4830
0	250
0	3612
0	291
0	1374
0	1422
6	227
0	1592
5	1293
0	1356
0	1039
12	0
0	3
0	11
0	10
0	2
0	14
0	14
0	10
0	11
0	7
0	11
0	15
0	11
0	2
0	1
0	2
0	9
0	1
0	9
0	1
0	1
0	1
0	6
0	6
0	5
0	2
0	6
0	5
0	6
0	3
0	0
0	0
54	173
0	67
0	83
0	9
0	7
2	79
0	5
0	75
6	2
0	2
2	512
0	255
5	160
49	90
0	303
1268	570
0	150
0	254
0	77
0	0
0	39
0	80
0	38
8	273
0	28
0	236
2	231
0	7
0	33
0	44
0	7
2	16
0	62
1	64
0	53
7	109
33	109
7	347
2	530
0	672
0	413
0	192
1	451
0	395
2	89
0	3
3	79
1	165
0	98
0	73
0	46
0	43
5	45
0	32
0	23
0	5
0	5
0	5
0	5
0	0
0	0
0	0
0	0
0	0
68	1867
0	1867
0	65
0	1202
0	959
0	71
0	63
5	97
3	85
0	1
0	1
0	0
0	1
10	1272
1	197
2	1270
0	14
8	77
2	275
4	261
90	440
1	261
42	232
2	200
1	138
18	249
0	51
10	49
0	24
0	50
0	11
2	1
7	0
0	20
1	289
0	278
172	463
181	202
2	199
0	168
0	149
2	160
1	50
4	77
5	25
0	1
0	202
1	196
0	200
0	141
0	193
0	199
1	182
0	148
0	123
0	68
1	29
0	80
0	94
0	74
0	81
4	180
0	110
2	5
0	0
0	1
0	0
0	5
1	2
0	0
1	0
0	1
0	625
0	613
1	247
6	26
7	60
0	116
4	125
1	118
0	582
1	215
5	78
0	0
1	100
0	98
1	59
0	45
0	100
0	8338
1	7997
1	6
0	8334
0	130
0	11
4	4
1	4
10	98
0	1078
0	1032
0	1008
0	1038
0	1042
0	996
0	1020
0	971
0	766
0	768
0	226
0	328
0	83
0	465
0	83
5	471
0	435
5	432
2	43
3	43
0	161
0	99
2	24
0	166
1	149
0	135
1	36
2	54
712	0
0	0
0	4
0	6
0	1
4	4
0	623
1	635
14	108
0	448
0	484
0	34
0	103
1	77
0	9
0	21
0	16
0	23
0	18
4	47
0	325
0	67
0	26
1	136
0	11
2	112
286	819
2	125
0	132
2	536
0	146
0	0
0	0
0	129
1	131
0	134
11	9
0	8
0	5
0	9
1	59
14	34
0	101
10	265
0	237
0	53
0	54
0	47
0	32
0	37
1	5
1	5
1	10
0	10
0	0
0	1
0	0
0	1
6	25
0	14
0	12
90	18
0	22
1	22
0	8
0	13
0	7
0	13
0	8
0	4
4	2
0	1
2	53
0	54
0	4
0	2
0	1
0	18728
8	16470
0	16404
133	14357
0	16574
0	15849
0	15141
0	17172
0	2376
0	17958
0	3837
24	11681
0	16910
10	5426
0	3533
0	1448
6	13828
0	0
7	777
0	1522
0	14667
0	722
1	17183
0	7213
3	3432
2	3480
0	1400
0	1736
0	7
0	72
0	651
1	86
0	646
0	456
0	449
0	524
0	454
1	0
0	506
0	451
0	447
0	340
0	645
0	0
0	759
0	1564
0	0
0	1451
1	1450
0	1450
0	96
0	0
0	0
0	507
0	504
0	747
0	478
0	649
0	515
0	731
0	0
0	57
0	469
0	1482
0	0
0	0
0	1060
0	740
0	0
0	0
0	65
0	54
0	32
0	20
0	77
0	83
0	96
0	0
0	0
7	583
1	161
0	0
0	96
0	20
0	7
0	7
0	8
0	7
0	3
0	4
0	3
0	3
0	3
0	0
0	3
0	3
0	3
0	1
0	2
0	2
0	2
0	2
0	2
1	1
0	0
0	0
0	0
0	0
0	0
0	0
0	0
0	0
0	0
0	1
6	2
0	1
0	188
0	192
5	32
0	26
0	24
3	13
0	0
0	0
0	0
0	0
204	782
0	118
0	557
0	732
3	46
0	44
0	115
0	171
0	388
0	529
0	563
0	40
0	97
0	45
0	147
0	3
0	234
2	58
0	265
0	24
1	72
0	41
1	67
0	123
1	145
5	0
0	146
17	2
0	1245
6	1245
0	1230
5	694
1	617
4	5
0	158
0	193
1	134
0	47
0	17
0	3
4	2200
11	2025
0	2033
3	2241
0	2018
0	2059
3	1760
0	1995
1	149
14	462
2	159
1	32
0	2
0	1600
1	258
3	128
0	399
5	290
10	1000
2	926
1	177
1	88
2	162
0	129
0	400
0	303
53	795
0	786
4	256
0	366
0	66
2	139
0	116
0	41
0	62
516	501
0	25
0	25
0	108
6	161
1	93
9	40
13	75
13	208
0	202
3	79
13	100
0	83
0	38
0	62
1	0
0	0
0	0
1	4
1	26
0	129
1	119
1	74
95	131
2	70
0	1006
0	869
1	821
0	847
0	948
0	862
0	999
0	881
3	950
0	892
8	952
0	980
0	952
0	762
0	897
0	884
0	916
0	956
0	1002
0	1024
0	961
0	956
1	980
0	964
0	937
0	942
0	914
0	689
4	756
0	80
0	536
0	130
0	126
0	170
0	93
0	203
0	243
0	158
0	209
10	187
0	22
0	99
0	17
62	167
0	39
0	46
0	73
13	137
0	23
0	44
0	64
0	6
0	23
3	15
0	68
48	87
0	68
0	71
0	23
1	34
0	11
0	25
0	1
0	1408
6	1245
0	1205
1	825
1	544
1	9
0	137
0	1257
0	1338
1	48
1	112
0	123
1	221
11	197
0	164
0	179
0	192
0	22
44	355
1	363
2	294
0	53
0	56
0	183
0	20
0	2
0	69
0	60
0	55
0	49
0	38
0	29
5	22
0	22
0	5
0	0
0	0
0	0
0	0
0	0
18	12
11	8
0	8
0	4
2	238
0	158
255	341
6	176
8	319
2	340
0	76
0	172
0	175
0	144
0	105
0	96
0	48
0	49
0	29
0	40
0	15
0	17
21	16
0	0
0	1
0	0
0	1
0	0
0	0
0	0
0	0
0	0
0	1
0	0
0	0
0	404
0	380
0	377
0	379
0	113
0	403
0	302
0	72
4	765
0	769
0	601
0	578
1	7
0	9
0	405
0	400
0	1
0	375
0	376
0	411
0	397
0	386
0	395
0	396
0	399
0	46
0	185
0	390
0	401
0	396
0	390
0	394
0	385
0	389
0	20
1	205
0	287
0	401
0	376
0	386
0	390
0	380
0	380
0	381
0	407
0	402
0	398
0	411
0	391
0	381
0	387
0	402
0	386
0	395
0	393
0	404
0	400
0	395
0	394
0	391
0	398
0	146
0	390
0	393
0	17
0	385
0	393
0	0
0	399
0	389
0	19
0	106
0	396
0	379
0	394
0	398
0	394
0	392
0	388
0	18
0	203
0	397
0	0
0	27
0	315
0	392
0	276
0	114
0	0
0	401
0	396
0	397
0	402
0	48
0	22
0	61
0	0
0	2
0	12
0	156
0	385
0	130
0	9
0	67
0	164
0	5
0	100
0	278
0	288
0	304
0	304
0	293
0	180
0	290
0	283
0	293
0	292
0	5
0	257
0	268
0	269
0	42
0	67
0	258
0	262
0	57
0	229
0	14
0	19
0	15
2	0
0	76
0	180
0	187
0	80
0	166
0	181
0	161
0	2
0	17
0	38
0	0
0	43
0	40
0	40
0	0
0	3
1	3
0	1
1	14
0	10
0	4
0	3
0	3
0	3
0	13
0	309
0	266
0	42
0	147
1	256
0	267
0	309
226	74
0	27
0	0
0	0
0	0
0	0
0	43
0	1084
0	1084
37	1011
0	1083
0	79
0	0
0	0
0	75
4	155
0	94
0	90
5	288
0	305
0	70
0	1
184	27
0	2
2	26
0	210
0	797
1	809
2	1
0	1
0	463
1	70
0	32
0	689
0	798
0	1
0	1
5	1
2	1
3	312
138	335
0	214
2	273
0	227
0	82
0	0
0	3
0	3
0	0
3	622
0	212
1	521
6	347
0	239
2	189
0	150
7	24
2	109
0	108
0	899
0	904
0	101
2	146
0	70
0	76
0	262
1	134
0	256
6	11
1	106
1	86
0	98
0	218
0	3
4	100
0	208
0	216
0	128
0	75
5	29
1	69
3	65
8	62
0	16
0	0
0	2
2	0
0	2
0	0
0	0
0	0
0	0
0	2
3	76
5	46
0	69
0	42
0	6
0	6
0	11
0	7
0	39
0	13
0	14
0	8
0	0
0	20
0	30
0	0
0	12
0	3
0	26
0	2
0	1
0	27
0	22
0	8
0	15
0	3
0	3
0	11
0	0
0	0
0	4
0	8
0	4
0	0
0	0
0	4
0	4
0	4
0	0
0	0
17	44
23	90
0	82
0	6
1	6
439	190
0	190
1	56
0	0
0	0
0	0
0	1
0	1
0	0
0	0
6	423
5	344
11	10
0	12
1	326
0	28
0	9
0	9
0	10
0	0
0	503
10	52
0	460
1	62
4	69
0	38
1	33
0	58
0	47
0	29
0	29
0	23
0	42
0	1
0	25
0	0
27	170
0	95
0	170
0	39
0	68
0	0
0	26
0	48
0	40
1	41
0	40
0	7
24	18
0	49
0	21
0	5
0	7
0	7
0	7
0	6
0	7
0	7
0	7
0	7
0	7
0	6
0	1
0	2
0	0
0	0
0	0
91	404
2	335
1	364
2	297
0	37
1	336
0	0
0	0
203	69
0	48
8	21
4	164
2	432
0	422
0	409
22	70
0	435
0	416
1704	1559
1	121
4	483
15	780
3	510
1	195
0	0
0	2
0	2
0	2
2	0
0	0
0	0
0	0
5	0
56	0
0	6
0	6
0	37
0	37
0	37
0	69
0	38
0	6
0	6
0	37
0	67
0	67
0	31
0	31
0	31
0	31
0	31
0	35
0	31
1	0
4	4
0	0
0	0
0	0
0	0
0	0
0	0
0	373
249	373
0	39
0	0
0	0
0	0
0	0
0	0
0	0
20	258
0	1005
0	1007
20	1006
2	1
0	0
0	0
0	0
0	1
0	0
0	399
1	361
0	141
0	71
0	19
5	19
0	75
6	199
5	17
0	17
3	17
0	87
4	5
0	5
0	0
0	4
0	0
0	0
0	0
0	0
0	0
0	0
0	0
0	4267
4	2696
31	12568
0	6133
3	508
0	8259
4	397
0	574
0	11345
0	11244
10	8954
0	8605
0	8034
0	10372
3	8557
0	7792
0	9677
0	8425
0	4654
3	3735
0	9259
0	6947
0	3231
0	7087
0	4857
0	1579
0	3088
2	2092
0	1987
1	1727
1	2160
0	402
0	370
0	743
0	918
32	746
0	1120
6	466
0	1053
12	581
0	984
0	1073
0	481
3	879
10	1017
8	892
1	1005
0	964
0	819
0	382
1	598
0	644
0	193
1	521
1	85
0	42
0	385
0	306
0	160
0	385
6	157
0	56
0	227
3	136
23	136
0	11
0	3
0	3
0	3
0	0
0	0
0	0
0	0
0	0
0	0
0	0
0	0
0	0
0	0
0	0
0	0
0	0
0	0
0	0
0	0
0	0
0	0
0	0
0	0
0	0
0	0
0	0
0	0
0	0
0	0
0	0
0	0
0	0
0	0
0	0
0	0
0	0
0	0
0	0
0	0
0	0
0	1
0	0
0	1
0	1
0	1
0	1
0	1
0	1
0	1
0	322
1	107
0	1
0	1
0	180
3	272
0	231
0	247
1	96
0	203
1	210
0	241
0	232
0	242
0	241
0	212
2	223
0	226
0	236
0	141
2	128
14	59
0	0
0	0
0	0
0	0
0	0
0	0
0	0
0	0
0	0
0	0
0	0
0	0
0	0
0	0
0	0
0	259
17	271
0	32
1	47
0	259
0	57
0	165
0	57
0	41
0	98
3	65
0	10
0	59
1	96
2	36
0	62
6	63
0	164
2	10
11	25
6	12
0	1
0	1
0	1
0	1
0	1
0	0
0	1
0	377
0	133
0	402
0	198
0	25
0	157
0	142
0	125
3	10
0	103
2	0
0	19
4	69
0	31
4	0
0	0
0	0
0	0
0	0
0	0
0	0
0	250
1	567
0	527
0	211
0	1993
97	1954
3	443
0	254
83	792
8	24
1	0
34	956
0	451
2	377
0	512
0	567
73	192
0	65
0	68
0	181
5	100
2	683
2	682
1	713
25	533
1	51
0	83
0	53
0	56
2	41
0	32
0	651
0	651
0	671
0	671
0	51
0	51
0	51
1	52
1	1
1	49
0	356
0	356
0	368
0	380
0	99
1	314
0	394
0	117
8	313
12	22
4	394
0	0
0	71
6	12
1	185
12	79
0	447
0	487
0	488
3	397
0	457
0	470
0	448
0	491
1	441
0	369
0	461
1	422
2	141
0	139
0	194
0	184
0	159
0	990
0	1089
2	96
0	1088
0	58
1	1021
0	485
1	1038
2	96
0	209
0	118
0	139
5	0
0	149
2	17
0	11
0	134
4	71
0	37
1	131
1	70
3	750
0	671
1	614
0	204
0	147
0	81
21	393
1	97
0	100
0	87
0	0
0	0
0	0
0	0
0	2
0	9
0	9
0	9
0	9
0	6
0	4
0	3
0	4
252	98
0	46
1	39
0	44
0	12
0	0
5	99
3	394
0	436
0	371
0	288
9	217
6	295
7	93
1	163
0	82
3	62
0	22
0	158
0	102
0	1233
0	1182
0	1086
0	115
6	1409
0	31
0	495
14	43
6	0
0	1285
0	1402
0	150
0	192
0	3
11	1
1	74
0	21
0	192
0	41
282	867
36	419
1	729
0	11
0	194
8	528
103	271
0	82
8	146
3	544
0	171
0	0
0	0
0	0
0	0
0	0
0	1
1	296
2	563
0	284
6	313
3	267
3	282
0	80
0	77
0	0
0	72
0	73
0	76
0	73
0	30
0	75
0	41
3	4
0	1683
59	1696
8	672
1	116
4	682
13	166
2	288
0	76
3	63
7	392
0	399
0	386
0	392
0	189
1	243
4	326
1	326
0	23
0	310
8	136
0	183
0	269
0	285
0	121
0	104
0	0
0	0
0	0
0	0
7	63
9	47
0	66
18	4
2	18
0	40
0	21
0	42
1	14
0	40
1	8
0	39
0	10
0	26
0	22
0	17
4	23
0	0
0	0
0	12
0	163
0	112
0	48
0	248
0	219
0	84
1	4
0	4
0	2
2	1
4	1
3	9
0	160
17	31
1	145
3	18
0	157
0	12
0	13
0	20
7	6
0	8
0	562
6	391
1	237
1	190
0	155
78	287
0	59
25	286
4	107
0	0
0	0
0	0
0	0
0	0
0	0
0	0
0	0
0	107
3	116
0	97
0	48
0	15
0	31
1	17
0	12
0	15
37	0
0	0
0	0
0	0
81	29
0	6
0	25
0	6
0	0
0	0
0	0
0	0
0	0
0	0
0	614
0	614
0	588
0	654
0	628
0	562
0	663
0	463
0	165
0	621
0	550
2	599
0	625
0	671
0	624
0	672
0	556
0	577
0	610
0	611
0	657
0	555
0	504
0	574
6	559
0	659
0	244
0	608
0	582
1	659
0	507
0	662
0	579
0	681
0	570
0	683
0	631
0	680
0	632
0	644
0	627
0	635
0	612
0	644
0	588
0	537
0	502
0	586
1	622
1	656
0	516
0	567
0	567
0	519
0	142
1	569
4	343
0	294
0	258
2	93
0	6
0	692
1	616
0	651
0	454
0	694
0	649
0	698
0	692
15	586
2	190
0	194
0	170
53	121
0	173
0	158
0	202
0	236
0	251
0	230
0	143
0	146
17	92
0	100
0	73
0	39
0	56
0	34
0	9
0	7
0	4
0	109
0	6
0	15
0	91
0	101
0	24
0	12
0	110
0	6
0	14
0	12
0	16
0	87
1	11
0	10
2	44
15	163
0	163
0	86
0	93
0	93
0	12
0	1519
0	1554
0	146
0	121
1	1077
3	227
2	241
13	334
3	334
1	87
0	71
0	43
0	391
0	383
0	0
0	0
0	0
0	0
0	4
0	4
0	2
0	1
0	0
0	2233
1	258
0	2102
0	824
4	352
11	1412
0	1829
0	1470
2	78
0	114
63	0
0	3
0	6
0	3
0	3
0	6
0	6
61	15
0	8
0	1
0	2
0	5
0	317
0	309
1	142
123	130
1	103
0	62
1	64
4	11
1	462
11	449
0	463
0	430
1	463
0	418
0	54
1	40
0	140
2	217
0	117
0	63
3	113
0	73
0	63
0	63
0	89
0	82
0	85
6	64
0	37
0	74
0	64
0	551
0	523
0	11
0	545
0	412
0	88
0	557
0	530
0	555
0	566
0	401
0	504
0	398
0	111
0	129
0	22
0	170
1	170
1	8
5	170
17	9
0	9
0	265
0	44
0	270
0	264
0	268
0	262
0	266
0	266
112	274
0	17
0	261
0	274
1	18
0	98
0	74
1	6
0	265
0	267
0	66
0	264
0	25
0	268
0	55
0	117
0	227
0	261
0	0
3	8
0	250
0	22
0	204
5	247
4	188
1	227
0	22
7	187
4	64
1	243
0	184
0	36
0	253
6	197
0	31
0	32
0	16
1	65
3	13
0	26
0	27
0	0
0	1
0	1
0	0
0	1
4	15
0	15
0	15
0	14
0	15
0	0
0	7
0	7
0	3
0	1
1	0
0	7574
0	7525
0	803
0	307
0	645
0	835
0	484
0	0
0	0
0	18
0	15
0	16
1	10
0	9
0	1
0	8
0	17
0	16
0	10
0	9
0	9
0	16
0	14
0	16
0	16
0	0
0	16
1	0
0	17
0	7
0	16
0	14
0	12
0	10
0	9
0	9
0	16
0	12
0	9
0	8
0	16
0	7
0	2
0	9
0	1323
0	1287
4	980
0	901
0	849
0	0
0	0
1	53
1	68
0	93
0	112
58	150
14	76
0	118
0	97
0	115
2	78
0	44
19	88
0	82
0	43
0	63
0	56
0	17
0	31
0	30
1	0
0	0
0	0
0	0
0	0
0	0
0	0
0	0
0	0
0	2
0	2
0	0
0	3
0	0
0	0
0	0
0	0
0	0
0	0
0	0
0	86
0	3
20	92
0	61
0	72
1	11
0	61
7	38
1	2
41	26
0	25
0	7
0	2
0	3
0	2
0	214
0	164
0	261
0	203
0	84
10	84
0	1
0	9
1	217
0	302
1	128
657	1169
1	167
2	47
6	61
1	25
0	415
0	1175
0	127
0	150
1	195
0	69
0	271
0	91
0	196
0	149
1	202
10	187
0	180
0	308
0	208
59	1088
0	0
0	47
0	86
1	91
1	52
0	72
4	146
0	0
1	0
1	40
0	128
0	92
1	109
0	96
5	79
8	82
0	79
0	93
0	123
0	120
12	43
0	100
0	110
0	92
0	54
1	40
2	11
0	35
0	12
8	16
2	11
1	26
28	1
4	1
0	45
0	55
0	28
0	0
20	6
3	32
0	22
0	0
0	17
1	54
0	57
0	44
8	19
0	18
0	8
1	1
0	113
0	309
3	99
0	174
0	253
0	263
0	175
6	249
0	243
0	298
0	306
8	263
0	100
7	99
9	79
0	1
0	1
0	339
3	298
1	228
1	290
1	358
0	353
0	108
1	0
0	12
0	5
0	12
0	12
0	0
0	0
0	3
0	7
0	8
0	7
0	0
0	3
0	0
0	0
0	3
0	180
16	1
1	102
0	703
21	100
0	369
0	634
0	417
3	76
0	394
1	38
0	298
0	632
0	274
5	304
1	262
0	17
0	18
0	30
0	29
0	2
0	10
0	11
0	12
0	0
0	1
0	0
0	0
0	0
0	1
11	148
0	225
0	268
0	279
0	268
0	292
0	278
4	319
0	303
3	283
0	198
0	238
0	224
0	264
0	266
0	232
3	213
0	42
0	189
0	101
0	202
2	18
5	151
13	87
1	79
0	158
1	128
0	126
0	146
0	80
0	130
0	63
0	68
0	70
0	42
0	1471
0	905
0	341
0	322
2	94
0	0
1	255
0	342
0	875
32	233
120	1366
0	107
0	247
0	323
1	101
4	94
0	1467
0	779
0	1463
0	0
0	0
0	1
0	0
0	1
0	1
0	1
0	1
1	205
0	1211
0	1269
0	1373
1	1232
1	0
0	771
0	1366
0	163
0	703
0	807
0	569
0	458
0	319
1	390
0	546
0	292
344	0
421	585
2	182
0	203
1	205
0	99
0	1633
0	297
1	157
0	131
0	413
2	406
0	1374
0	238
0	9
0	992
0	159
0	412
0	8
2	223
0	108
0	192
1	273
0	269
0	181
2	243
0	239
0	189
2	200
0	211
0	240
0	250
0	255
0	226
1	202
0	188
0	180
1	180
0	149
3	96
0	44
0	94
0	94
0	74
0	64
0	60
0	0
0	0
0	0
164	73
3	73
402	0
0	513
21	559
0	117
0	112
13	0
1	15
1	15
14	563
0	495
1	509
0	323
2	156
1	61
5	2
0	1
0	1
177	631
6	587
0	532
4	0
5	453
13	453
2	345
0	127
1	289
0	563
74	576
0	351
0	147
0	331
0	519
0	169
0	153
0	44
0	74
0	184
0	83
2	286
0	282
0	279
1	195
0	130
0	10
0	12
0	33
0	23
0	21
0	18
0	16
0	3
0	0
0	0
0	0
0	18
29	66
1	60
0	4
0	18
0	8
2	7
0	19
4	0
0	1
0	1
0	1
0	49
0	38
0	295
0	316
0	294
73	312
0	294
0	334
0	47
0	50
0	40
0	23
0	39
0	40
5	38
0	41
0	36
4	9
0	1131
0	108
0	12
0	37
0	24
4	129
0	88
1	26
6	25
20	1140
1	0
912	0
0	15
19	15
0	1
69	432
0	432
1	58
5	7
3	7
0	81
0	62
0	15
1	7
286	33
1	31
0	25
3	16
50	11
1	217
2	219
0	30
2	13
0	13
1	13
9	2613
109	236
246	3180
5	500
10	1180
5	281
0	350
3	465
0	160
116	162
406	3282
81	3073
5	1105
2	345
51	1798
0	622
0	430
0	286
0	45
0	381
0	350
58	236
0	317
0	294
0	82
1	109
0	96
0	59
0	86
0	89
0	50
0	49
0	66
0	66
0	66
0	52
0	39
0	31
0	2
0	2
0	0
0	1
0	1
0	1
1	265
2	105
0	77
0	106
0	91
0	139
0	175
4	524
0	567
0	553
0	568
0	548
1	548
1	97
0	75
0	537
0	577
1	537
0	541
2	18
2	596
0	570
0	26
1	115
2	134
2	152
1	51
0	364
0	85
0	100
0	319
4	276
0	244
0	260
1	219
0	210
0	206
0	198
0	191
0	189
2	29
0	122
0	521
0	383
3	90
0	351
0	521
2	363
0	340
0	384
0	384
0	351
0	446
0	135
0	90
2	120
0	0
0	0
0	0
0	0
0	0
0	0
0	0
0	0
0	0
0	0
0	0
0	0
0	6
1	31
0	30
0	26
0	32
0	12
3	8
0	4
0	33
0	1
0	1
0	0
0	0
0	0
0	0
0	0
0	0
0	0
0	0
0	0
0	7
2	56
0	54
0	50
88	449
0	436
2	107
1	79
3	13
174	434
0	424
0	441
0	451
4	101
0	131
5	56
14	47
0	0
684	112
1	112
0	183
0	200
0	64
0	131
3	42
1	378
1	973
0	973
1	996
0	269
0	2
0	66
0	301
0	88
0	375
0	373
0	31
0	31
0	70
0	29
0	22
0	27
0	31
0	70
0	445
0	406
0	455
0	446
0	442
0	408
0	439
0	444
0	150
0	436
0	423
0	417
0	430
0	433
0	406
0	31
0	340
0	352
0	346
0	340
3	31
0	19
0	28
0	14
0	165
0	44
1	133
1	1
0	128
0	204
0	198
2	61
11	100
2	55
0	27
1	31
0	21
0	22
0	15
71	158
0	138
0	10
3	21
3	21
0	25
0	14
0	20
4	179
3	101
4	100
0	166
0	191
16	110
1	126
0	144
0	57
1	30
0	30
0	4
26	0
0	17
0	30
0	33
0	10
0	16
0	23
0	22
0	17
0	17
0	0
0	920
22	530
7	579
0	962
1	980
3	118
0	172
0	110
0	161
0	41
0	124
5	105
0	89
0	32
0	88
0	6
0	5
0	5
0	6
0	5
0	5
0	6
0	6
0	5
0	6
0	1
370	0
0	0
0	0
8	4
1	13
0	37
0	198
0	4
0	192
0	191
0	11
0	187
0	198
0	269
2	233
2	237
2	74
0	248
0	748
0	736
0	233
0	11
1	69
4	70
1	7
4	30
0	6
0	5
0	69
0	326
0	318
14	324
1	18
0	8
0	5
0	140
1	326
6	9228
135	6326
5	9343
5	9263
5	9251
3	8096
0	6
0	43
9	81
0	81
19	0
229	310
0	27
0	29
0	74
0	39
6	245
0	3
0	124
3	97
1	24
0	24
0	28
0	6
0	48
3	61
0	21
0	91
2	1588
0	1588
0	1258
0	85
0	123
0	428
0	409
0	408
5	3
2	0
0	2262
0	163
0	1406
0	1658
0	1479
1	2203
0	166
0	1383
0	1566
0	2222
1	1637
17	315
0	71
29	957
1	112
3	1420
0	127
3	121
0	315
0	134
6	305
31	192
0	53
0	254
1	278
0	284
3	91
0	90
0	90
0	77
1	54
0	49
22	504
0	512
0	472
85	457
25	432
12	308
8	588
5	590
0	270
0	217
6	45
9	46
0	42
0	9
0	45
0	62
0	7
2	0
0	609
55	566
18	63
0	528
0	4
0	4
0	4
0	3
0	4
0	3
0	1
0	0
0	1
0	1
0	1
0	0
0	0
0	0
0	0
0	0
77	403
0	116
0	197
4	198
0	235
5	281
0	138
2	76
0	311
0	190
0	765
0	401
0	21
0	11
0	19
0	23
0	28
0	28
944	214
3	56
11	82
0	60
3	133
0	0
0	0
0	0
0	0
0	0
0	0
0	0
0	193
0	74
0	352
0	346
0	369
0	406
0	344
0	368
0	323
0	362
0	349
0	321
0	320
0	345
0	384
0	319
0	320
0	346
0	327
0	162
0	193
0	317
5	126
0	322
0	301
0	328
0	90
0	49
0	117
0	293
0	247
0	266
0	264
0	241
0	301
0	243
0	95
0	88
1	56
0	195
0	179
0	239
0	177
0	105
0	4
0	8
4	17
0	12
5	32
0	32
0	1032
0	1032
0	319
1	25
0	62
0	1032
0	29
1	54
0	38
0	37
5	52
0	259
0	263
0	259
0	100
1	255
1	37
0	181
0	173
0	111
1	117
0	117
0	102
1	13
10	25
0	27
1	8
0	191
7	239
0	258
0	469
5	2
68	240
3	260
0	262
2	262
0	24
8	17
0	1
0	0
0	0
0	1310
0	1314
3	1330
0	1199
1	1277
0	1289
0	1175
0	1213
0	820
3	1063
0	1278
0	1254
0	1045
0	147
0	1185
0	1140
2	957
0	958
0	1161
0	51
0	105
0	88
0	144
0	1018
2	64
1	179
0	99
0	3
0	481
0	1280
0	1277
0	0
0	0
0	0
0	0
0	0
0	0
3	0
0	0
0	0
0	42
0	46
10	46
0	10
0	3
0	2
0	67
0	37
0	41
0	41
0	24
0	39
0	14
2	36
0	15
1	18
0	0
0	6
0	6
2	25
0	8
0	3
0	5
0	13
0	13
0	361
0	74
0	1201
0	1186
0	703
0	78
4	1249
0	1139
0	872
0	867
0	367
0	253
0	94
0	177
0	0
0	0
0	0
0	0
0	33
9	33
5	214
0	200
0	275
0	189
0	193
0	184
0	184
0	207
2	200
0	130
0	85
0	52
0	83
0	47
21	53
0	63
0	43
0	77
10	50
0	23
0	28
0	0
0	0
0	0
0	0
0	0
0	0
0	0
0	0
0	0
0	0
2	1
4	1
2	0
2	0
0	4
0	118
311	130
7	18
0	126
0	90
0	114
0	98
0	115
0	86
0	40
0	7
5	19
0	20
3	18
0	5
1	6
0	11
0	18
1	16
0	17
0	18
0	7
0	91
0	0
303	0
1	2
0	0
0	0
0	0
0	2
1	0
177	37
0	34
0	4
6	3
2	0
0	229
0	230
0	213
0	216
0	221
0	100
0	16
0	10
0	85
2	139
165	1203
0	209
20	145
2	176
0	125
0	137
4	79
1	179
0	29
5	256
0	214
1	240
3	242
0	230
0	20
0	17
0	18
1	20
0	20
3	0
0	0
1	114
0	0
1	116
22	14
71	119
0	368
3	386
7	26
0	375
0	182
0	15
0	18
0	395
0	10
74	16
1	7
9	386
0	21
52	1274
0	2360
0	1244
0	2320
27	2257
0	405
8	75
0	12
0	385
0	366
1	75
0	330
0	281
0	79
0	325
0	38
0	34
0	268
0	269
0	207
0	72
0	84
0	387
0	340
0	278
1	324
0	103
0	119
0	97
0	1652
0	1660
0	1591
0	306
0	353
34	233
0	243
0	398
0	1626
6	130
1	174
0	233
0	65
0	52
12	73
15	179
18	1582
1	148
0	2
0	4
0	7
0	5
0	0
0	2
0	2
0	0
0	24
54	24
0	24
0	134
0	134
0	128
2	18
0	21
0	36
0	48
0	80
0	76
0	2
4	6
9	38
0	40
3	36
2	0
0	4
0	4
5	2
0	4
0	4
0	4
0	4
0	0
0	0
0	0
0	0
0	0
0	0
0	0
21	11
0	9
0	0
2	7
0	8
0	7
0	11
0	6
0	6
1	6
0	0
0	26
0	596
1	21
0	31
0	37
0	569
0	45
0	26
0	12
0	59
0	572
0	0
0	0
0	0
0	0
0	0
0	0
0	0
0	84
0	4
0	119
0	119
0	114
1	61
1	20
1	66
4	6
0	337
6	5
0	44
0	321
0	9
0	23
0	32
0	54
1	338
0	334
0	65
142	2745
0	2720
0	2671
2	79
0	85
2	150
0	278
7	170
15	66
3	388
0	128
3	329
0	272
2	127
0	76
3	66
0	358
0	379
0	349
0	432
1	453
0	0
0	0
0	0
0	0
0	650
0	666
6	650
0	586
0	438
0	468
0	399
0	425
5	253
0	362
0	332
1	207
0	241
1	71
0	160
0	74
1	0
0	88
0	125
0	80
0	85
0	105
0	89
0	0
0	0
0	0
0	0
0	0
0	0
0	0
0	0
0	0
0	0
0	0
0	0
0	0
0	0
0	0
1	1
0	3
0	10
0	10
0	10
0	1
0	5
0	0
0	0
0	0
0	16
0	14
0	14
3	22
0	8
2	8
0	2
0	1
0	1
1	2
0	2
0	2
0	2
0	1987
0	123
0	1113
0	155
0	94
0	57
0	131
0	158
0	208
0	209
0	157
0	222
0	273
0	171
0	176
0	1509
0	2028
0	1986
0	1062
0	1968
0	34
0	50
0	97
5	314
40	129
1	540
0	457
0	459
0	468
0	278
0	431
0	414
0	417
0	463
0	9
1	9
0	16
0	16
0	16
0	11
55	6623
0	6635
0	4347
0	4242
2	2779
2	4840
2	5923
7	4818
3	723
1	2533
0	4023
0	4003
0	3446
0	3359
0	1274
0	3384
0	0
0	0
0	0
0	0
0	0
0	443
0	443
0	443
0	192
0	283
0	211
0	190
0	4
0	1
0	1
0	1
0	1
0	1
0	0
0	0
0	0
0	0
0	0
0	0
0	442
0	443
1	1527
0	187
0	237
0	28
190	1569
13	5
4	840
0	72
1	91
0	245
0	179
0	218
0	103
0	84
0	128
0	132
4	105
0	41
38	5
0	0
0	0
0	0
0	0
1	2366
217	2366
5	19
4	60
1	54
0	96
1	171
3	93
11	236
3	87
17	275
2	60
0	0
0	0
0	0
0	0
0	34
29	254
0	14
0	12
0	23
1	232
0	100
19	381
0	327
0	202
3	381
0	150
0	42
3	130
0	12
0	23
0	1
3	2
0	1
0	1
0	1
0	0
0	0
0	0
0	0
0	0
0	2
0	5
0	2
0	2
0	5
0	1
0	0
0	0
0	2
0	2
0	3
0	0
0	0
0	0
0	0
0	0
0	10
0	0
0	713
0	722
1	439
2	155
0	630
1	261
1	363
2	556
0	675
0	727
0	701
0	722
0	565
0	520
0	480
1	210
1	116
0	404
0	202
0	360
0	1
0	1
0	0
0	0
0	0
0	665
8	670
0	137
1	313
5	12
0	307
0	20
3	18
1	25
0	649
0	0
0	0
3	1
0	1
0	1
0	1
0	0
0	0
0	0
0	191
0	88
0	168
0	168
0	0
0	0
0	0
0	0
0	0
0	0
0	0
0	0
0	0
0	0
0	0
0	0
0	0
0	0
0	1
69	167
0	24
2	158
130	153
1	16
0	105
0	111
0	8
67	24
0	8
0	15
0	0
0	0
0	0
0	0
0	0
0	200
0	201
0	92
0	46
0	142
0	210
1	181
1	215
0	384
1	427
0	215
0	371
0	298
0	332
0	193
4	283
13	173
0	201
0	174
0	64
6	220
0	219
0	153
0	26
3	178
0	140
17	30
0	105
0	52
0	87
24	96
0	55
0	83
0	301
0	61
0	288
0	4
0	69
0	28
2	36
0	34
0	33
1	74
0	51
0	10
0	59
0	37
0	26
0	0
0	3166
0	3536
0	3294
0	3232
13	2987
5	3317
0	3449
0	509
0	305
1	2171
4	571
7	129
0	742
29	688
10	342
2	330
1	344
0	211
58	312
0	98
0	261
7	4
0	8
0	8
0	1019
0	817
0	152
0	115
0	202
0	21
3	18
0	110
0	105
0	86
0	75
4	47
0	59
0	10
0	9
0	53
0	10
1	9
0	1070
110	0
1210	373
0	359
2	360
0	148
0	567
0	7064
11	404
1	6786
0	698
1	6786
1	318
4	721
0	730
1	314
0	0
0	197
0	235
0	33
0	51
0	29
0	29
0	33
1	235
1	34
0	17
11	31
0	27
0	34
0	34
4	21
0	234
0	519
0	455
7	514
0	1
0	41
1	1
0	512
0	1
0	517
0	1
0	87
5	457
0	2
5	18
0	2
1	35
0	445
0	13
0	9
3	14
1	20
1	68
0	68
3	2394
0	2439
1	806
11	2442
1	168
0	110
16	96
2	133
1	66
0	155
1	199
2	3
1	82
0	75
0	94
0	73
0	33
0	1832
0	1465
0	0
0	0
0	0
0	0
0	0
0	0
0	0
0	63
0	62
0	51
0	22
0	2
0	3
186	120
1	120
0	97
0	113
0	56
0	16
0	21
1	0
0	21
0	0
0	488
0	0
0	482
0	486
1	488
0	454
0	39
0	8
0	20
2	11
0	20
0	8
0	8
0	7
1	0
0	1
0	5
1	1
0	12
0	59
17	59
2	53
0	0
0	0
0	0
0	0
0	0
0	0
0	0
0	0
0	0
0	0
0	0
0	64
54	78
1	44
0	52
0	0
0	0
0	0
0	0
0	0
0	929
0	934
0	934
2	784
2	732
0	585
1	481
2	143
33	199
1	67
1	76
2	50
0	39
0	25
0	95
0	145
0	1
0	165
11	377
0	61
0	186
0	156
0	363
0	318
0	283
0	291
0	295
0	276
0	237
0	219
0	32
0	175
0	107
14	196
0	187
0	192
0	33
0	143
0	11
0	88
0	13
0	35
0	39
0	71
0	25
1	18
0	87
0	41
2	22
1	96
0	16
0	0
0	0
0	0
3	566
0	540
0	343
0	317
0	127
1	185
0	277
0	19
0	311
1	304
1	142
1	279
0	326
0	309
2	261
1	173
22	21
0	168
0	128
2	13
0	19
0	9
8	9
0	13
0	13
0	15
0	15
0	15
0	16
0	16
2	0
0	52
0	56
0	46
0	58
0	46
0	9
0	8
1	10
1	7
0	4
0	5
0	0
0	0
0	0
0	0
0	0
0	136
0	0
0	0
0	0
0	1
0	0
1	1
0	0
0	1
0	0
0	0
0	0
0	0
0	0
0	0
0	1
0	1218
0	1220
10	1204
2	1199
2	1232
0	142
0	734
0	703
1	665
1	548
0	558
4	49
0	30
2	38
0	1
0	1212
0	1180
14	1206
0	282
0	689
0	67
3	34
8	71
1	133
1	87
0	62
0	1198
0	134
0	116
1	45
0	141
0	52
0	41
0	35
0	41
0	128
0	127
0	55
0	1063
0	1551
0	1548
0	411
0	1251
0	232
210	10966
32	2581
2	10803
5	10808
0	10807
0	10797
3	10820
10	10140
14	383
3	65
0	197
0	213
0	523
0	1042
2	772
0	524
4	380
0	95
4	184
0	85
0	60
0	80
2	254
4	484
0	313
0	499
0	484
0	437
0	180
150	313
0	246
0	3
0	0
24	161
1	69
1	133
0	82
0	26
0	1
0	397
13	539
0	27
0	180
0	397
0	410
0	211
10	70
1	323
0	62
1	34
2	60
0	108
3	18
0	518
0	426
0	29
0	31
0	32
0	11
0	11
0	16
0	16
0	32
0	10
0	31
0	32
0	0
0	0
0	0
0	0
0	0
0	0
1	19
12	17
0	20
65	65
3	68
5	5
0	15
0	19
2	107
4	309
0	326
0	8
0	308
0	325
0	275
1	269
0	317
1	93
0	92
0	31
1	23
0	326
0	45
0	9
0	6
3	2
1	42
1	43
0	41
0	0
6	271
0	260
0	223
3	40
0	28
0	1
0	1
0	1
0	0
0	0
0	1
0	154
188	646
38	37
0	218
0	61
2	175
2	254
0	505
0	71
0	208
0	126
22	132
1	177
0	195
1	38
10	267
5	116
0	82
5	34
0	13
0	2
0	6
0	82
0	87
0	83
0	341
0	341
2	1
193	52
0	26
0	4
0	23
0	20
0	34
0	34
0	29
0	4
0	17
0	16
0	22
0	21
0	26
0	22
0	25
0	2
0	2
0	1
0	1
0	3
0	6
0	1
0	4
0	1
0	1
0	4
0	4
0	0
1	0
0	4
0	23
0	30
0	2278
21	2208
76	2070
0	581
4	550
1	183
19	123
0	9
0	0
0	0
2	9
0	1
0	8
0	1
0	0
0	1
0	0
0	0
0	2
0	1
0	1
0	1
0	2
0	0
0	1
0	2
0	1
0	0
0	1
0	0
0	1
0	1
0	2
1	0
0	1
0	0
0	10
0	10
0	1
0	9
0	9
0	1
0	0
0	1
0	1
0	1
0	0
0	4
0	4
0	0
0	0
317	55
1	55
0	25
0	2
0	1
0	1
0	1
0	1
0	1
0	0
0	0
0	1
0	0
0	1
0	0
0	0
0	0
0	0
0	0
0	0
0	94
0	94
0	96
0	94
0	83
0	78
0	72
0	1
0	10
1	5
0	3
0	1
0	1
0	1
0	1
0	1
0	1
0	1
0	1
0	1
0	1
0	1
0	1
0	1
0	1
0	1
0	1
0	1
0	1
0	1
0	1
0	1
0	1
0	1
0	1
0	1
0	1
0	1
0	1
0	1
0	1
0	1
0	1
0	1
0	0
0	0
0	0
0	0
0	0
0	0
0	0
0	0
0	0
0	0
0	0
0	0
0	0
0	0
0	0
0	0
0	0
0	0
0	0
0	0
0	0
0	0
0	0
0	0
0	0
0	0
0	0
0	0
0	0
1	0
0	0
0	0
0	0
0	0
0	0
0	0
0	343
10	244
0	12
0	12
0	11
0	11
0	0
0	0
0	0
0	0
0	0
1	0
0	1
0	0
0	0
0	1
0	1
0	0
0	0
0	0
0	0
0	0
0	0
0	71
0	82
2	102
0	86
0	102
0	22
0	25
0	8
0	1
0	736
10	1035
0	324
0	823
0	1015
0	1010
0	371
4	641
0	1024
0	977
2	924
0	323
0	580
0	981
0	997
0	367
0	933
0	336
0	370
0	913
0	973
0	1013
0	282
0	1014
0	1002
2	968
0	973
0	967
0	922
0	880
0	132
0	513
0	112
0	130
0	596
0	67
1	476
2	88
5	345
0	345
25	136
1	101
0	150
0	368
1	229
4	318
0	368
5	150
0	292
20	26
0	175
0	366
0	133
0	69
0	23
30	23
0	49
0	50
2	17
0	0
0	0
0	1
0	1
0	0
0	5
20	380
0	247
0	249
0	322
0	14
8	27
12	73
0	128
0	364
0	126
0	131
0	260
0	187
0	242
0	37
0	2
0	2
0	1063
3	0
0	1549
0	73
18	1523
1	989
3	1077
0	1065
0	636
0	588
41	344
0	586
0	617
0	630
1	61
0	46
0	142
0	2
58	260
0	109
0	83
0	90
2	91
0	27
0	533
0	8
0	9
0	6
1	6
5	188
11	194
0	202
5	208
0	197
0	203
0	198
0	188
0	143
0	20
0	9
0	10
0	0
0	0
2	0
0	626
0	866
0	964
15	727
0	139
0	668
0	92
0	106
0	37
0	86
4	128
0	99
0	146
0	364
0	289
0	59
0	75
1	69
1	56
0	64
0	50
0	38
0	32
0	2
0	0
0	12
0	29
0	4
0	0
0	1
0	4
0	4
0	4
0	4
0	3
0	3
0	3
0	0
0	2
0	2
0	3
0	2
0	3
1	2
0	0
0	2
0	1
0	3
0	8
1	7
0	2
0	2
0	2
2	2
0	7
0	2
0	2
0	0
0	0
0	0
0	0
0	0
0	0
0	0
0	0
0	0
0	0
0	0
0	0
0	110
0	34
1	118
0	200
0	609
1	586
0	200
4	111
1	98
0	52
1	21
0	6
0	19
0	37
1	6
0	91
0	124
0	31
0	35
1	0
0	107
0	27
1	37
0	119
14	0
0	37
0	24
0	36
0	119
0	18
0	14
0	27
0	14
0	0
3	35
0	128
0	121
0	133
0	8952
3	125
0	132
8	33
0	34
0	125
0	17
0	60
0	98
0	21
0	16
0	8
0	132
0	12
1	29
0	258
4248	1176
2	397
0	0
0	0
1	97
0	42
0	258
0	8
0	0
0	563
0	265
0	191
0	134
0	131
0	17
0	19
0	16
0	16
0	0
0	17
0	19
0	67
0	120
0	92
0	87
0	92
0	36
0	87
0	62
0	85
0	68
0	63
0	10
0	10
0	60
0	11
0	31
0	0
0	0
0	0
0	0
0	0
0	0
0	0
0	0
0	0
0	0
0	0
0	0
0	0
0	0
0	0
0	0
0	0
0	0
0	0
0	0
0	0
0	0
0	0
0	2108
0	1361
0	1942
6	1938
16	1933
1	2100
1	1219
0	0
0	1
0	2
0	2
0	2
0	2
0	2
0	1
0	0
0	1
0	1
0	1
0	1
0	1
0	1
0	0
0	0
0	0
0	1
0	1
0	1
0	0
0	0
0	0
0	0
0	0
0	0
226	43
1	40
5	37
7	4
0	438
0	445
0	0
0	0
0	0
0	2
0	1
0	1
0	2
0	2
1	0
0	0
0	0
0	296
0	14
4	14
0	1854
2	170
0	1851
2	365
0	1064
1	779
29	858
0	403
0	160
0	1854
0	2746
0	2501
0	2389
0	63
0	275
0	475
0	110
0	2746
0	2501
0	928
0	3
0	0
0	0
0	0
0	3
0	3
0	9
3	0
0	4
0	4
0	1
0	0
0	0
0	1
0	1
0	0
0	0
0	28
0	4
1	28
0	23
0	0
0	28
1	28
0	24
0	1
1	3
1	20
0	2
0	2
0	9
1	12
0	9
722	657
1	394
0	590
2	601
3	355
6	398
0	332
5	387
0	270
0	83
0	14
0	14
0	13
0	8
0	2
3	0
0	1
0	1
0	203
0	0
0	121
0	653
794	677
0	129
0	480
0	480
0	34
7	190
0	261
0	173
0	304
0	423
1	701
6	700
0	726
0	118
0	269
1	256
0	147
12	227
1	278
0	98
0	216
0	86
0	68
2	89
0	29
60	0
1	4565
0	4461
0	4303
0	4261
0	4482
1	4166
0	4539
0	4539
0	2918
0	4185
0	4341
0	4170
0	4458
0	1119
1	1020
0	2743
0	4327
0	4439
3	858
0	1052
2	619
0	3910
0	706
0	3654
2	923
0	3217
0	434
0	1120
0	920
0	412
0	836
0	826
0	1013
0	35
3	713
0	1386
0	1429
0	851
1	678
1	446
0	840
0	907
0	496
0	213
0	376
0	648
0	648
0	616
0	609
8	117
4	127
0	637
0	64
1	69
0	494
23	508
0	54
0	469
14	435
0	275
0	404
3	377
0	405
35	176
0	148
0	156
0	144
0	148
0	143
0	137
1	151
0	150
9	104
1	113
0	130
0	154
1	155
0	131
0	158
0	4
2	83
0	118
0	97
0	76
1	106
8	80
0	32
0	13
0	49
0	33
0	26
4	33
0	7
0	15
0	31
5	6
0	6
0	0
0	0
1	5459
14	232
0	227
10	4
8	122
6	39
2	116
0	484
0	459
1	475
1	24
14	291
0	104
0	30
1	39
0	297
0	298
0	3
0	0
0	4
0	7
0	6
0	0
0	3
0	3
0	1
0	1
0	0
0	1
0	0
0	1
0	1
0	936
0	935
0	843
0	836
0	1353
0	1351
1	322
0	909
0	335
2	948
2	416
0	474
5	313
1	223
0	360
0	0
0	0
0	0
0	17
2	17
1	0
0	17
0	0
0	0
0	0
547	82
0	82
4	167
234	319
0	248
0	317
0	222
0	64
0	144
0	23
0	42
0	55
0	14
0	24
0	35
0	30
0	28
0	33
0	43
0	33
0	21
0	21
0	262
0	366
0	496
0	357
0	360
0	309
0	386
0	348
0	348
0	317
0	306
0	289
0	337
1	120
0	319
0	131
0	119
0	4
0	107
0	73
0	144
0	65
0	43
0	61
0	61
0	115
0	77
0	42
0	61
0	85
0	112
0	93
0	92
0	117
0	112
0	118
0	98
0	96
0	75
0	108
0	4
0	75
0	24
0	216
0	101
1	34
1	33
10	319
0	197
4	40
2	31
1	246
6	242
0	243
0	182
0	0
0	0
0	0
0	117
0	0
40	427
78	460
2	234
3	68
0	80
0	112
0	0
0	0
0	161
0	1
0	2
0	168
0	2
0	7
0	69
0	165
0	166
0	30
0	67
0	154
0	49
0	8
0	42
0	14
5	368
0	234
0	368
4	58
0	199
0	370
0	167
2	338
2	18
3	129
0	139
0	16
0	74
1	73
0	60
1	58
5	12
0	21
0	8
0	24
3	3
0	11
0	885
0	14
0	1839
0	1832
81	1736
0	623
14	1832
0	571
0	1
0	94
1	80
1	84
0	19
0	9
3	15
0	5
0	0
0	0
0	0
0	0
0	0
0	0
0	0
0	0
0	0
436	354
1	356
2	297
0	170
0	41
0	36
0	78
0	30
0	8
0	9
0	21
0	28
40	69
0	32
0	17
1	8
0	23
0	0
9	25
0	25
0	23
0	4
0	24
0	16
3	9
3	7
15	4
5	4
0	74
1	73
0	74
6	54
2	22
0	22
0	52
2	53
0	51
0	0
0	0
1058	413
0	52
1	302
4	120
9	58
0	0
0	0
0	0
0	0
0	0
0	0
0	0
0	20
142	192
0	180
0	6
0	0
5	26
0	66
0	48
2	35
1	18
0	15
2	92
0	69
0	32
265	376
7	186
2	379
3	50
0	89
0	69
1	66
0	0
0	0
0	265
22	72
3	68
0	353
1	303
9	348
47	304
0	194
0	331
3	183
1	102
5	83
0	0
0	0
0	0
0	0
0	0
0	0
0	0
0	1741
0	140
0	1645
0	1696
0	1695
0	1677
0	208
0	1742
3	1762
1	1649
0	1813
0	1522
0	1774
0	1483
0	1229
0	1775
48	1649
0	94
0	1765
0	1701
0	43
0	1752
0	1753
0	1642
0	1711
0	1722
0	1705
0	1690
1	1649
0	1706
0	0
0	300
0	57
0	1326
0	1561
0	1514
0	1498
0	1524
0	1504
0	147
1	1349
0	292
0	155
0	674
5	340
0	832
8	717
0	419
0	182
0	548
0	314
0	12
4	496
0	1154
1	1154
8	1167
0	132
0	79
15	196
5	207
16	243
4	258
11	113
0	245
0	172
0	173
0	170
0	173
0	35
0	103
0	66
0	28
0	51
0	42
0	40
0	33
0	39
0	24
0	33
0	24
1	10
0	10
0	7
0	4
0	2
0	430
0	433
0	361
0	328
0	92
0	50
0	50
10	34
0	11
0	0
0	0
0	0
0	0
0	0
0	0
0	0
0	0
0	0
0	0
0	0
0	0
0	832
0	0
0	0
0	0
0	0
0	0
0	0
0	0
0	0
0	0
0	0
0	0
0	0
0	1
6	57
0	0
0	0
0	0
0	0
0	0
30	2438
0	2437
0	2192
0	233
0	0
0	2437
0	2440
0	2437
0	152
0	248
0	267
0	181
0	112
0	8
0	0
2	74
0	73
0	91
0	93
0	9
3	4
0	1141
0	351
0	1
0	8
0	13
0	45
1	44
0	1
0	4
0	3
0	1
0	28
0	8
0	19
0	25
0	25
0	6
0	15
0	12
0	4
1	2
0	1
0	0
12	10
0	5
0	7
0	5
9	21
1	20
0	20
0	4
0	0
23	31
0	29
0	26
0	19
1	0
1	9
0	6
0	0
8	84
1	84
1	84
0	12
0	0
0	12
0	59
0	10
0	20
1	5
0	59
0	95
0	93
0	50
0	50
0	6
0	32
1	20
0	5
0	0
0	0
0	95
0	18
22	50
0	21
0	4
6	82
0	3
1	0
0	649
0	81
0	1056
0	95
0	1055
0	270
4	374
10	303
0	29
0	93
1	212
0	214
0	27
0	188
0	46
0	29
0	65
0	56
1	176
1	28
2	180
2	29
1	23
7	20
0	696
0	664
1	430
0	669
0	607
0	693
0	777
0	432
0	432
0	382
0	281
0	242
0	186
0	181
1	34
0	164
0	169
0	193
0	194
0	189
0	43
0	106
0	186
0	200
0	150
0	188
0	176
0	189
0	193
0	181
0	203
0	202
0	182
0	185
0	202
0	178
0	184
0	147
0	177
0	151
0	179
3	103
0	80
0	58
5	30
0	15
0	37
0	49
0	28
0	48
0	37
0	39
0	28
0	31
0	15
0	26
0	0
0	12
0	14
0	0
0	8
0	8
0	14
0	8
0	8
0	7
0	3
0	5
0	4
0	0
1	1
1	1
0	1
0	0
0	5
0	0
0	3
0	2
0	0
0	0
0	2
5	3
0	415
0	401
0	10
0	29
0	61
18	203
0	17
0	10
16	27
0	6
1	27
0	31
1	137
0	14
1	1
0	8
1	14
1	15
5	23
2	43
0	67
0	2
1	17
0	23
14	1
1	0
0	1
0	0
0	0
0	0
0	0
0	0
0	0
0	1
0	1
0	0
0	1
0	1
0	1
3	205
0	368
0	323
1	317
0	298
0	305
0	309
0	305
0	299
0	290
0	331
0	297
0	328
2	339
5	337
0	319
0	153
0	31
0	45
1	52
0	0
0	133
0	123
0	68
0	92
0	77
12	57
0	61
0	42
0	54
0	25
2	18
0	31
41	34
0	18
0	20
0	18
0	18
0	27
0	16
0	12
0	17
0	0
0	0
0	0
0	0
0	0
0	0
0	0
0	0
0	0
0	0
0	0
0	0
0	0
0	0
0	0
9	70
0	217
0	54
0	217
0	129
2	130
3	132
1	213
0	159
0	0
0	0
0	0
0	0
0	0
0	0
0	0
0	0
0	0
0	0
0	0
0	214
0	148
0	143
0	0
0	0
0	0
0	0
0	0
0	0
0	0
0	0
0	0
0	0
1839	925
17	709
0	500
0	98
0	305
0	57
0	1
0	93
0	195
0	67
0	90
0	109
0	393
0	389
0	391
1	152
0	69
0	292
0	397
0	201
0	398
0	192
0	189
2	20
5	18
0	19
3	30
2	34
0	0
0	0
0	1
0	1
0	31
0	16
0	14
0	19
0	35
0	2
0	32
0	3
0	4
0	0
0	1
0	2
1	31
9	27
34	140
3	156
0	43
2	86
3	51
0	53
0	56
0	125
0	155
0	65
0	459
0	447
0	452
0	455
0	455
3	448
0	466
0	445
0	447
4	430
5	255
0	6
0	43
0	256
0	451
0	445
0	440
0	468
0	444
1	5
0	256
0	381
0	400
0	458
0	431
0	458
0	208
0	32
0	437
0	28
0	3
0	17
0	8
0	436
0	39
0	408
0	4
0	6
0	56
0	56
0	198
0	28
0	28
0	28
0	28
0	39
0	16
3	18
0	25
0	1
0	10
1	34
0	22
0	42
0	12
0	18
0	22
0	1
0	18
0	16
0	47
0	107
0	0
1	20
0	196
0	20
0	32
0	0
0	107
0	107
0	107
0	768
0	773
0	708
0	780
0	768
0	761
0	756
0	701
0	73
112	849
0	751
4	261
0	44
2	44
0	433
1	95
1	11
1	31
0	106
0	416
0	416
1	454
0	669
0	333
0	650
0	648
0	307
0	371
1	318
0	601
0	301
0	628
0	635
0	632
0	482
0	436
1	416
0	394
0	407
0	388
0	353
0	386
1	393
1	57
0	310
0	205
0	222
0	68
0	33
3	79
0	44
0	83
1	16
7	5
5	1
0	0
0	1
0	1
0	80
0	149
0	168
0	139
0	148
0	168
0	163
0	163
0	162
1	164
0	163
0	92
0	84
0	83
0	90
0	90
0	102
0	65
0	26
0	5
0	15
0	16
25	32
0	32
0	2111
0	2112
0	2115
5	251
0	1049
37	466
1	606
12	381
0	465
0	327
0	272
0	351
0	330
0	237
3	158
0	169
0	189
0	264
0	263
0	259
0	176
0	150
0	153
0	124
0	153
0	101
362	0
7	16
0	15
0	7
0	0
0	0
0	0
6	3282
0	3450
0	144
0	357
0	3324
0	1541
0	3190
3	81
4	3302
0	200
0	1830
0	231
0	117
0	145
0	206
0	283
4	340
0	1937
0	228
19	160
9	144
0	159
0	140
0	56
3	37
0	68
0	40
0	50
0	45
3	39
0	45
1	92
0	91
1	0
0	91
0	20
0	2
0	13
2	80
0	94
0	15
1	9
0	27
0	252
0	45
829	509
0	384
6	205
1	227
0	123
0	22
0	0
0	0
0	7375
0	10180
153	10235
2	1571
0	1169
6	7567
0	6314
13	1288
0	912
3	5458
0	1323
0	1023
6	182
10	3671
83	3515
0	1041
74	541
1	533
2	79
0	218
0	180
1	246
0	83
4	44
1	101
48	1581
0	449
32	1052
0	1432
1	1517
0	1702
0	185
0	193
0	1701
0	208
0	244
2	199
0	58
0	0
254	114
0	85
1	76
0	2
0	57
0	71
0	69
10	1
0	69
0	70
1	70
0	148
0	0
0	0
0	0
0	0
0	0
0	0
0	0
0	176
0	152
0	72
4	245
0	71
1	82
0	65
0	66
0	688
6	704
1	292
0	272
0	216
0	64
0	134
0	22
0	108
1	413
23	439
0	20
30	50
0	5
0	0
0	2
0	5
10	130
65	71
2	121
10	17
0	227
35	227
0	227
4	54
4	102
0	101
0	36
0	30
0	18
0	8
2	13
1	13
0	11
0	5
0	5
0	4
1	0
0	3
1	3
1	79
1	85
236	246
0	237
70	18
0	21
0	377
1	368
27	310
3	202
6	249
0	8
0	8
0	10
0	10
0	229
0	22
0	22
0	9
0	29
0	29
0	206
1	458
0	29
0	447
0	285
0	251
0	275
0	168
0	0
0	104
0	78
0	39
0	8
3	0
0	50
177	220
0	48
1	95
0	663
1	4
408	1596
0	278
0	511
0	467
6	661
3	180
0	633
2	193
0	41
0	76
0	3
1	80
0	73
0	151
0	56
0	144
0	47
1	19
0	70
0	69
0	56
0	47
0	74
0	11
0	24
5	0
0	0
0	149
0	93
0	366
0	99
0	89
0	119
19	438
2	172
0	30
1	88
0	70
0	134
0	48
0	82
0	125
4	45
0	141
12	108
0	119
0	134
0	97
0	19
0	40
0	12
1	19
7	9
3	8
1	36
2	16
0	89
0	50
0	10
2	0
0	280
0	280
3	120
0	44
0	42
0	49
1	36
18	142
0	16
1	86
0	95
1	107
1341	376
0	296
113	403
210	279
6	260
33	241
25	173
0	169
81	1645
0	1548
2	1296
9	143
9	145
7	163
6	70
0	68
4	48
0	48
0	0
0	0
0	1
1	0
0	1
0	784
1	91
1	783
1	363
0	2
0	2
0	2
0	2
0	2
0	2
0	1
1	0
2	3
0	3
0	0
0	0
0	0
0	0
0	0
0	0
0	0
0	0
0	0
0	0
0	0
0	0
0	0
0	0
0	71
0	0
0	68
0	33
0	75
0	70
0	76
0	72
0	76
4	70
0	76
0	66
390	180
0	33
0	30
0	80
0	51
1	26
3	183
0	174
0	183
8	80
0	159
0	174
0	178
2	172
0	33
2	37
5	5
1	25
3	10
0	16
0	16
0	16
0	11
0	748
9	744
0	740
0	673
0	136
0	104
1	40
5	1091
1	951
3	708
0	523
0	231
0	0
0	0
0	1420
1	899
0	1395
0	1407
0	1435
0	1126
0	393
0	274
2	137
1	594
30	487
0	394
0	369
0	0
0	9
2	20
0	8
1	14
0	4
0	0
0	0
0	0
0	0
0	0
0	0
0	0
0	0
0	0
0	0
0	0
0	385
0	382
0	163
0	291
1	349
0	372
0	367
0	326
0	360
0	280
0	380
0	337
0	326
0	114
141	292
0	219
1	212
0	78
0	229
0	164
0	63
1	39
0	1
0	1
0	1
0	116
34	113
0	115
1	108
0	75
0	120
0	79
0	33
0	36
0	34
13	44
0	43
0	38
10	2748
0	4
77	831
24	704
8	704
1	643
2	85
0	606
0	0
0	0
0	0
0	0
0	0
0	0
0	0
0	1
0	0
0	0
0	0
0	0
0	0
0	0
0	0
0	0
0	109
1	102
0	55
8	82
1	13
0	84
0	0
0	0
3	20
0	20
0	20
0	20
0	0
0	12
0	12
0	12
0	20
0	822
0	2547
0	2583
0	2175
0	1909
5	190
0	189
28	140
0	262
120	1690
0	221
11	65
14	201
1	189
5	238
5	270
15	952
0	5448
0	5458
0	4016
7	4110
0	4328
2	989
0	4334
0	4865
0	4045
0	4984
2	5478
0	5573
12	5684
0	5620
0	5840
1	5624
3	5618
5	5628
0	5625
31	3720
0	672
0	0
0	0
0	0
0	0
0	0
0	0
0	0
1	838
0	843
0	246
0	4
2	850
0	737
0	189
0	645
0	553
0	130
0	419
1	347
8	0
41	858
6	179
0	260
3	279
3	169
0	168
24	190
0	180
0	169
0	184
0	181
0	23
0	103
1	0
0	0
0	0
0	0
0	0
0	0
0	0
0	0
0	0
68	257
0	257
0	166
1	87
3	86
0	7
0	26
0	17
0	4
0	0
7	287
6	287
0	305
0	145
6	15
0	45
7	40
2	70
0	1
0	1
0	1
0	1
0	0
0	0
0	0
0	1
0	4
0	0
0	5
0	3
0	597
0	40
222	580
0	150
4	85
0	108
0	332
3	299
1	284
0	202
8	106
0	90
0	2270
9	2607
0	2571
203	2658
6	106
1	2641
16	777
0	2576
1	2161
10	2601
0	2606
0	2173
3	1438
1	1142
0	166
2	116
8	333
0	139
12	332
1	84
0	141
0	112
0	213
0	213
0	205
0	116
2	124
0	201
0	111
0	14
0	143
8	49
0	14
0	29
0	152
0	45
0	139
53	178
2	140
20	35
0	31
0	21
0	135
0	30
7	46
1	41
20	12125
0	12252
13	8320
2	4399
4	2358
0	2909
0	2491
0	2468
0	2162
0	2109
0	2039
0	1752
0	463
0	718
0	167
0	189
1	185
0	8
0	4063
0	4203
0	4263
0	4065
0	4260
0	519
0	2581
1	124
30	327
0	433
0	421
0	136
2	392
0	285
0	116
1	397
0	384
1	252
6	10
0	1
0	243
0	87
0	101
0	97
1	82
0	67
0	43
0	26
0	19
0	2
0	244
0	31
7	116
1	59
0	639
9	71
0	535
0	592
15	17
0	53
0	95
0	93
0	40
4	74
0	96
7	75
5	65
0	228
16	157
1	35
2	90
0	251
0	9
0	250
0	8
7	267
0	36
0	129
0	267
0	133
37	939
0	914
3	8
1	721
0	89
0	53
0	721
0	253
1	11
0	0
1	245
0	2
0	0
0	2
0	4
1	4
0	0
0	0
0	248
0	6
149	219
0	159
0	53
1	250
6	9
0	2
0	244
0	127
0	391
1	68
0	60
0	42
0	37
0	251
0	49
0	33
1	97
15	14
4	27
0	26
2	26
1	50
22	42
0	51
0	59
0	416
0	328
0	26
1	87
0	417
1	339
35	281
0	304
0	309
0	362
0	101
0	331
0	102
5	68
12	113
0	140
0	133
0	133
0	87
73	244
0	85
0	68
0	139
4	81
2	29
0	97
1	42
28	83
0	6
0	247
0	2
0	243
0	247
0	5
0	0
0	0
0	0
0	0
0	0
0	0
0	0
0	0
0	0
0	0
0	0
0	4
0	245
0	34
0	34
7	14
2	33
0	8
0	551
0	536
0	531
0	543
0	498
0	567
0	494
0	544
0	520
0	539
0	515
0	505
0	529
0	553
0	552
0	545
0	553
0	534
0	555
0	514
0	546
0	546
2	303
9	342
0	518
0	537
0	528
0	502
0	553
0	501
0	507
0	524
0	551
0	519
0	560
0	455
0	496
0	537
0	562
0	569
0	463
0	471
0	532
0	529
0	487
0	511
0	513
0	240
0	569
0	530
0	534
0	551
0	557
0	545
0	556
0	566
0	525
0	691
0	542
4	543
1	226
0	530
0	530
0	511
0	344
0	544
0	498
0	510
0	533
0	518
0	538
0	616
0	541
0	666
0	625
0	508
0	365
0	79
0	551
0	525
0	562
3	499
0	535
0	502
0	462
0	495
1	374
1	96
0	153
0	223
0	122
0	123
0	147
0	10
0	64
22	6
27	709
0	682
1	531
0	355
0	62
0	2
1	17
0	4
0	246
1	6
0	248
14	61
4	303
0	75
0	38
0	235
0	235
0	235
0	236
0	236
0	228
0	2
1	6
0	6
0	3
0	242
0	0
84	27
0	19
0	19
1	14
0	3
0	2
0	0
0	128
0	379
1	251
0	42
0	40
0	50
0	23
0	47
0	0
0	0
0	3
0	144
1	144
2	144
0	3
0	0
0	0
0	12
0	7575
0	7004
7	7004
0	8685
0	8991
0	9062
0	8758
0	8927
0	7864
0	7632
0	9228
2	7571
0	7571
0	7582
0	7582
0	7041
0	7338
1	8441
0	8265
0	6685
0	9039
0	6472
12	6652
0	8395
0	6151
0	1730
0	1260
0	1444
0	1380
0	1057
0	1062
0	1332
0	814
0	1097
0	1376
0	1261
0	1154
0	1119
0	955
0	1041
0	6
282	41
0	24
1	29
0	19
0	18
0	19
0	8
0	8
0	0
0	0
0	0
0	6
0	0
0	6
0	0
0	0
0	0
0	0
0	0
0	0
0	0
0	0
0	0
0	0
0	0
0	332
8	68
1	326
0	323
5	20
0	15
9	286
22	197
0	20
0	49
0	20
0	15
0	21
1	20
0	329
0	7
133	435
0	304
1	115
3	300
0	283
0	13
1	255
0	1
0	55
7	0
0	56
0	58
0	56
0	56
0	56
1	58
0	58
0	56
0	56
0	0
0	243
0	1
0	5
7	2
0	0
0	0
0	0
1	690
0	1857
0	1838
0	1820
0	1806
0	1819
0	686
0	663
0	1454
0	125
0	107
0	104
0	185
0	134
1	490
0	272
0	57
0	62
0	0
0	6
1	2
6	44
0	12
0	10
0	5
0	6
1	3
10	53
1	42
0	46
2	52
0	42
0	5
0	0
1	5
0	3
0	4
1	0
0	57
0	51
0	26
0	60
0	66
0	102
0	120
1	108
0	13
66	20
0	32
4	3
0	15
1	11
270	19
0	89
11	254
1	266
2	71
0	174
0	557
0	710
0	74
1	545
2	667
0	44
1	70
3	202
18	128
1	89
217	201
0	38
0	33
0	31
0	178
1	18
22	146
0	79
0	15
0	305
47	362
0	308
0	48
5	42
0	21
0	88
0	5
1	15
0	20
3	89
2	864
0	808
0	892
0	119
0	157
3	0
0	366
0	867
0	104
1	863
1	147
1	12
9	359
12	67
1	85
1	4
0	60
0	1
3	1
0	31
0	31
0	1
0	30
0	73
0	0
0	5
0	10
3	63
1	24
0	90
0	82
0	37
1	22
0	89
0	0
0	4
2	4
1	0
0	214
3	214
0	93
0	514
12	463
0	615
0	483
3	119
0	399
0	623
0	491
0	520
0	577
0	543
0	249
0	399
0	387
2	402
0	343
1	239
0	132
0	164
0	77
8	937
0	968
0	453
1	236
7	227
2	142
0	120
13	104
0	38
1	233
3	232
3	44
1	144
16	43
1	36
23	13
118	397
2	397
0	50
0	17
0	41
20	94
0	151
1	150
0	19
9	53
0	19
0	7
0	951
0	898
1	875
0	842
14	680
0	832
1	930
1	321
0	159
0	131
1	490
0	534
0	530
0	206
1	202
0	79
14	24
7	207
0	82
5	93
0	0
0	0
0	0
0	0
0	0
0	0
0	0
239	291
1	36
0	12
0	83
4	93
1	108
11	136
1	782
0	636
0	769
0	646
0	639
0	13
0	708
0	729
0	785
0	811
0	784
0	834
0	829
1	844
0	154
0	204
0	857
3	809
0	26
0	92
0	860
0	718
0	778
0	831
0	727
0	863
0	466
0	27
5	122
0	0
0	127
0	393
15	844
0	161
0	0
0	27
0	22
0	57
0	0
0	0
0	0
0	0
0	0
0	53
0	0
0	31
0	0
0	10
4	17
0	11
0	9
0	9
0	9
0	49
0	0
0	0
0	0
0	0
0	0
0	1
0	1
6	135
0	0
0	0
0	0
0	19
0	9
0	63
0	191
0	551
0	2
0	0
0	43
0	100
0	63
1	47
5	59
0	23
0	35
0	23
0	23
0	77
0	113
0	104
0	0
0	12
0	17
0	12
0	26
0	23
0	0
1	14
0	10
0	10
0	46
0	226
0	136
0	137
0	178
0	137
0	130
3	352
0	269
24	289
27	373
0	116
12	98
0	101
0	107
3	153
1	113
18	223
0	80
1	80
0	98
3	93
0	65
0	26
0	57
1	167
6	427
0	393
1	439
0	182
0	190
0	145
0	142
15	167
0	126
0	166
0	142
0	37
1	22
1	23
0	1
0	1
0	1
0	1
0	1
0	1
0	1
0	1
0	1
0	1
0	0
0	0
0	0
0	0
0	0
0	0
0	0
0	0
21	1490
0	392
89	336
0	1432
158	222
115	356
11	95
0	356
0	68
0	0
2	1673
1	23
1	266
0	1
3	692
0	490
0	438
0	656
0	677
1	607
0	668
1	545
0	529
2	413
4	226
3	260
0	413
0	116
1	196
1	157
0	64
1	18
0	76
1	70
0	4
0	4
0	657
0	1
0	1
0	1
7	257
4	43
0	53
72	153
0	657
2	0
0	0
495	1423
5	58
25	428
0	336
0	865
2	863
0	684
0	428
4	29
0	48
2	29
0	345
0	56
0	33
0	9
0	31
0	43
0	7
0	30
0	43
0	14
1	1
0	8
0	6
0	26
0	0
1	735
0	814
0	720
0	847
0	849
0	0
1	782
0	741
0	776
0	763
0	778
0	26
0	779
0	773
0	42
0	27
0	26
0	36
0	49
0	44
0	764
2	652
0	84
0	87
0	631
7	84
0	75
0	162
0	300
0	165
0	54
306	268
0	17
0	78
48	90
14	24
2	83
0	826
0	943
0	1175
0	1229
0	1255
2	361
0	586
6	1198
0	1169
0	1215
0	1217
0	1165
0	703
0	1125
0	1212
0	1094
0	1071
0	1193
3	734
0	0
0	0
0	0
0	0
0	0
0	0
0	3
0	2
0	2
0	2
0	2
0	1
0	1
0	3
1	386
1	390
5	386
0	388
1	385
0	170
0	133
0	50
0	69
0	0
0	0
0	0
0	0
0	0
0	0
0	0
0	0
0	0
0	1
14	25
1	20
4	11
0	17
4	3
0	160
2	570
0	66
1	458
0	87
0	277
0	574
5	721
11	720
0	81
0	212
2	103
8	32
0	86
0	84
0	716
144	206
1	60
0	76
0	29
0	12
0	31
1	39
0	21
0	10
0	23
0	14
0	19
112	117
119	117
1	3
0	53
0	106
0	0
0	0
0	107
0	88
7	111
0	109
4	105
0	40
0	91
19	57
0	33
0	24
2	34
2	417
0	396
0	146
18	18
0	0
0	216
0	224
2	146
12	27
13	177
7	72
1	69
0	20
2	33
0	5
0	8
1	19
4	17
0	13
2	5
0	820
7	522
5	6
0	919
5	183
4	798
0	851
0	952
0	113
4	267
0	79
0	170
0	386
1	253
0	3
0	386
3	121
3	276
1	376
0	324
0	347
0	25
0	260
7	269
2	52
0	282
0	584
0	249
1	182
0	35
0	38
0	148
1	57
1	648
0	700
0	125
0	648
0	59
0	60
0	60
11	56
0	661
0	623
0	670
0	15
1	30
40	586
1	243
16	582
0	169
0	1666
0	1437
0	1663
0	1693
0	1714
0	1712
3	1686
0	1701
5	1671
10	1159
0	1704
0	1655
1	1655
4	1613
0	1648
0	1668
0	27
0	291
0	1525
0	1646
0	1711
13	1434
0	1678
0	1717
0	1584
0	1268
0	87
0	564
0	672
0	1390
0	1200
0	1389
0	1262
0	183
0	853
0	396
41	1036
0	442
11	136
8	36
0	15
0	5
6	9
0	6
0	94
0	85
0	131
0	87
0	133
0	32
0	30
0	30
0	19
0	22
1	20
0	12
0	24
0	2
0	4
0	4
0	0
0	4
0	4
0	0
0	1
0	2
0	2
0	2
0	1
0	3
0	4
0	4
0	4
0	4
0	3
0	3
0	2
0	4
0	4
0	0
0	4
0	4
0	1
0	2
0	2
0	1
0	2
0	2
0	2
0	1
0	0
0	1
0	0
0	2
0	1
0	1
0	1
0	15
177	276
178	330
1	63
0	38
0	180
0	127
0	0
0	137
0	143
0	0
4	119
0	11
0	3
6	42
0	54
1	6
0	12
0	142
0	145
0	104
0	348
2	376
0	489
1	250
1	331
0	417
0	58
0	233
0	222
0	22
0	294
6	62
0	247
0	301
0	121
36	156
0	156
1	9
0	27
0	24
1	19
0	16
0	0
0	0
0	0
1603	0
0	2114
0	2176
0	1672
10	616
0	1256
0	1319
3	1263
0	2065
0	2060
0	2176
1	2098
0	359
2	2103
0	2134
0	867
0	339
0	1282
0	322
0	183
1	526
0	533
1	515
1	525
0	173
0	24
0	27
0	27
1	0
1	51
1	14
1	27
2	234
1	58
6	16
0	54
1	34
0	2
0	74
0	18
6	81
0	16
0	12
0	20
79	39
0	36
1	19
0	16
0	16
2	16
0	13
3	12
1	0
0	348
0	9
0	2
1	330
0	1939
4	725
0	1358
0	1850
0	1727
1	176
0	1602
1	203
0	81
0	150
0	114
0	180
2	103
0	77
2	16
6	214
0	66
0	86
2	41
0	108
1	25
0	13
1	650
0	18
0	60
0	51
0	654
0	150
0	12
1	63
0	254
0	25
0	298
0	2
0	2
1	8
0	39
0	19
0	24
0	29
0	6
0	13
0	13
0	28
0	29
1	18
0	0
0	0
0	579
0	16
0	16
0	39
0	8
0	97
0	0
0	0
0	0
0	8
0	49
0	0
0	0
0	32
0	7
0	21
0	13
0	36
0	30
0	0
0	7
5	444
0	8
0	7
0	7
0	39
0	39
1	7
0	24
0	7
0	8
0	42
1	9
0	8
0	0
0	0
0	0
0	0
0	1
0	0
0	11
0	9
0	11
0	9
0	9
0	11
0	0
0	534
0	700
6	704
2	1141
0	1457
0	1488
0	1454
0	1269
0	196
0	0
0	0
0	96
0	171
5	244
0	21
0	127
0	310
0	27
2	16
1	34
4	738
24	814
2	209
43	317
0	113
0	24
9	24
0	23
0	1
0	7
55	96
5	5
9	77
205	113
0	97
0	65
0	104
0	75
2	77
0	33
0	27
0	6
0	11
0	3
0	22
0	27
0	3
0	22
0	22
0	2
0	25
0	25
0	0
0	4
0	4
0	20
0	20
0	23
0	21
0	0
0	1
0	3
0	2
0	3
0	7
0	3
0	7
0	1
0	0
0	8
0	0
543	0
72	328
0	309
5	141
0	149
0	100
1	91
0	72
0	46
1	23
3	23
0	24
0	23
0	24
0	23
0	23
0	22
2	1
0	0
1	0
1	4
0	9
0	9
0	4
0	4
0	3
0	3
0	2
0	1
0	1
0	7
0	7
0	5
0	0
0	0
727	1941
0	1824
4	542
0	223
57	162
5	77
0	628
0	592
1	328
1	42
0	0
0	0
0	0
0	0
0	0
0	0
0	0
0	0
0	0
0	0
0	0
0	0
0	0
0	0
4	659
0	676
0	668
5	29
24	242
0	48
4	2
0	0
0	0
0	1
0	0
0	1
0	0
0	1
0	1
0	0
0	1
0	408
0	410
0	17
5	17
0	20
0	25
0	5
0	8
0	3
0	3
5	39
0	44
1	25
0	12
0	6
0	7
0	106
0	708
1	13
0	0
0	44
0	13
0	31
0	22
0	41
0	14
0	45
0	181
1	146
9	701
0	3
0	3
0	3
0	1
0	1
0	0
0	0
0	989
1	1012
0	6
7	901
39	919
0	920
0	128
0	200
0	106
0	50
26	911
0	908
0	637
1	484
0	675
0	970
1	910
3	18
0	61
1	743
0	328
6	0
0	68
0	1
0	105
0	104
0	106
0	1
0	84
0	66
0	105
0	53
0	53
0	105
0	105
0	34
0	2
0	10
0	18
0	718
2	741
0	727
0	727
0	33
10	331
0	284
0	488
0	105
0	109
1	14
0	43
0	110
0	95
0	81
0	65
16	8
1	12
0	1
0	0
0	0
0	0
0	0
0	0
0	0
7	0
0	0
0	1
0	1
0	1
0	1
0	1
0	1
0	1
7	2156
357	2156
1	8
1	59
0	85
0	83
0	240
0	112
0	116
3	109
0	43
0	43
1	2
1	8
0	16
0	16
0	16
0	1
1	1
0	5
0	0
0	4
0	1
0	1
0	2
0	3
0	2
0	3
0	4
0	3
0	3
0	3
0	3
0	2
0	2
0	3
0	3
0	2
0	3
0	2
0	1
0	2
0	2
0	2
0	2
0	154
0	145
0	156
0	154
0	98
0	157
0	157
0	157
0	145
0	80
0	123
0	122
0	48
0	46
0	59
1	79
0	155
0	123
0	156
0	135
0	144
0	141
0	102
1	120
0	27
0	90
0	4
0	0
0	0
0	0
0	0
1	177
0	117
0	88
1	103
11	24
0	132
3	142
0	56
0	26
0	26
0	47
0	56
0	70
3	67
0	18
0	16
7	13
0	43
0	24
0	26
1	19
14	19
0	5
0	8
0	0
0	0
0	264
0	245
0	246
1	211
12	259
1	230
0	263
0	234
0	246
0	98
0	108
10	104
0	263
0	233
0	244
0	232
0	215
3	52
0	206
0	176
0	29
0	28
4	117
0	5
0	135
0	78
0	146
0	16
2	79
0	32
0	14
13	250
555	567
1	518
1	432
26	74
0	75
0	74
0	76
1	76
340	157
4	90
32	121
4	530
2	564
12	579
239	6
7	21
0	9
0	20
10	153
0	19
1	24
0	24
0	25
0	25
0	25
0	10
6	24
0	18
0	12
0	0
0	0
0	326
0	286
0	160
0	100
0	61
1	72
0	0
0	219
0	245
2	23
0	248
0	252
0	197
0	248
0	34
0	12
0	37
1	52
0	240
0	141
1	218
3	15
0	0
0	0
0	0
0	0
0	0
0	0
0	0
0	0
0	0
0	0
0	0
0	0
0	303
0	540
5	501
0	474
19	524
0	519
0	470
0	443
1	54
0	72
1	36
1	31
1	17
0	18
1	12
0	34
0	67
0	91
0	76
0	6
0	303
14	36
0	36
28	620
1	119
1	368
0	174
0	462
0	1767
1	28
0	0
12	4
2	34
0	34
4	18
0	35
1	24
0	13
0	10
0	32
1	107
0	125
0	283
0	302
0	2
0	556
2	135
0	2
0	1
0	11
4	11
0	5
0	7
0	10
0	3
0	2
0	2
1	0
0	0
0	5
0	2
0	2
0	5
0	5
0	1
0	5
0	2
0	4
0	2
0	444
2	478
15	496
1	475
0	442
0	484
0	449
0	279
0	66
5	98
0	64
0	38
0	43
0	72
4	43
0	74
0	30
0	28
0	30
0	17
0	6
0	6
1	0
1	9
1	4
0	4
2	9
0	462
0	5401
0	5394
0	5878
0	5760
0	5733
0	4909
0	5302
0	5687
0	5773
0	5772
0	5896
0	1455
2	1938
1	5509
0	5816
0	5819
0	218
0	1292
0	5470
0	5836
0	5818
0	5817
0	5999
0	5834
0	5308
0	1271
2	5742
0	5816
0	5816
8	4322
1	546
1	1631
0	2606
0	1194
0	1199
0	735
0	1080
0	794
0	714
0	986
0	985
0	835
0	488
0	829
0	310
39	395
0	465
0	458
0	371
0	373
1	220
0	85
2	75
0	1029
2	95
0	309
0	96
0	6
0	22
0	1026
1	1012
0	49
0	46
0	35
1	0
0	6
0	2
0	77
8	47
0	32
1	25
0	4
0	0
85	88
6	116
0	21
0	116
0	83
84	129
9	58
0	33
0	83
0	27
0	10
4	9
0	0
0	236
0	226
1	218
8	257
0	179
0	219
0	129
0	206
12	103
0	91
0	78
19	41
0	82
0	32
0	221
0	225
0	176
1	17
0	72
0	28
7	680
65	164
0	681
3	75
1	17
3	267
0	73
9	27
11	18
10	85
6	100
0	86
2	0
0	0
0	85
4	478
0	435
0	63
0	45
0	486
0	24
0	54
0	56
11	0
1	8
0	58
0	52
0	36
3	21
0	326
6	522
11	89
4	89
0	30
0	28
0	0
0	1
0	18
5	0
0	204
0	2
0	2
0	1
0	52
0	46
0	62
1	56
0	61
0	61
0	59
1	1
1	5
1	8
0	38
0	75
7	56
0	60
1	36
0	38
0	20
0	5
0	13
0	19
0	13
0	17
0	7
0	0
0	0
0	0
0	0
0	0
0	0
0	0
6	1173
0	1372
2	1159
2	1187
4	1147
0	813
1	349
0	775
0	470
2	459
0	261
0	284
828	341
6	40
1	127
0	0
0	0
0	0
0	0
0	0
0	0
0	0
0	0
0	0
0	0
13	0
0	0
577	368
19	367
0	248
5	150
12	101
0	203
0	201
0	85
10	436
0	425
7	21
0	20
34	258
0	15
0	433
1	8
0	3
0	2
0	5
0	5
0	1
0	2
0	1
0	0
0	0
0	0
0	0
0	0
0	1
0	1
1	499
0	1021
0	1002
0	1022
0	989
0	940
0	328
0	509
0	994
0	999
0	831
2	261
0	1003
0	982
0	1043
0	998
0	979
0	1036
0	245
0	1009
0	1012
0	272
0	1061
14	529
0	931
1	625
0	196
0	286
0	777
2	34
2	710
0	678
0	740
0	742
0	690
0	750
8	730
0	708
0	48
0	627
1	604
3	2
0	0
0	0
0	0
0	46
0	0
0	46
0	46
0	46
0	0
0	46
0	0
0	17
0	0
0	3
1	18
0	4
1	1
0	1
0	1
0	1
0	1
0	0
0	0
0	0
0	0
0	0
0	5
0	1
1	4
0	4
0	4
0	2
0	1
0	1
0	1
0	1
0	0
0	0
0	0
0	0
0	0
0	0
0	0
0	0
1	1
0	0
622	3825
2	2955
12	1228
0	1544
0	1582
0	1573
2	1563
0	0
0	0
9	803
0	1596
0	10
0	61
6	0
8	1324
2	18
0	48
0	27
0	27
0	26
0	26
0	26
0	26
1	10
0	41
0	27
0	1
0	1
0	1
0	1
0	1
0	1
0	1
0	1
0	1
0	0
0	0
0	100
0	711
0	274
1	0
0	667
4	263
1	127
0	112
3	632
21	608
2	180
0	119
0	82
0	215
1	185
0	312
1	121
4	8
17	372
1	118
3	74
0	115
4	94
1	78
0	74
5	22
0	157
0	128
0	158
0	141
2	95
0	75
0	53
0	37
0	34
5	36
1	31
0	147
0	58
2	145
3	143
0	109
12	13
1	80
4	64
0	168
0	107
0	558
0	522
638	619
0	266
8	159
13	346
0	401
0	0
24	134
0	134
0	30
0	0
0	356
0	226
0	109
0	212
0	0
0	0
20	66
0	67
0	68
0	44
0	15
0	12
0	17
0	0
0	10
1	7
0	65
0	77
0	34
0	75
1	12
0	1
0	49
0	49
0	33
1	38
0	36
0	41
0	35
0	28
0	31
0	5
0	16
0	15
0	17
0	0
0	0
0	482
2	92
0	325
12	182
0	611
0	393
0	29
4	136
1	70
0	93
0	24
0	154
0	444
2	82
0	26
0	28
0	63
0	0
0	7
1	420
0	52
0	46
0	652
0	687
0	686
0	659
3	436
7	693
0	663
0	349
0	370
0	114
2	69
0	73
0	376
0	37
13	23
0	47
0	54
0	29
0	87
0	85
3	65
0	31
0	48
0	38
0	271
0	439
12	78
0	256
0	423
0	261
0	100
0	283
0	115
0	4
4	2
1551	580
12	381
7	83
0	0
0	158
0	155
0	1036
2	1022
0	903
12	30
5	26
0	235
0	22
0	299
0	207
0	255
0	277
0	17
0	84
0	159
0	163
18	211
0	59
0	20
17	24
0	23
2	28
0	283
0	36
0	204
0	207
0	25
0	18
0	15
0	4
0	24
0	11
0	18
0	18
2	26
0	10
0	16
11	203
3	208
4	157
0	34
1	51
0	14
0	11
0	35
1	126
1	432
8	412
95	432
9	309
0	403
0	24
7	118
0	63
0	76
0	22
3	73
0	8
0	74
0	10
1	1100
1	548
2	594
0	1053
0	867
0	1047
0	871
0	1041
0	1013
0	981
0	1073
0	1017
0	1011
0	1073
0	1093
0	1093
0	1061
0	732
0	803
1	587
0	38
0	98
6	539
0	417
0	445
0	156
0	61
0	68
0	266
0	31
0	286
0	285
0	329
0	304
0	258
0	10
0	67
8	151
0	125
0	125
0	124
0	104
3	30
0	21
0	22
8	337
0	3
0	296
0	5
0	0
0	76
0	64
0	0
1	18
0	25
0	204
0	58
1	7
0	63
0	218
0	8
1	187
1	240
0	224
0	88
0	246
0	103
1	92
0	84
0	91
5	85
0	82
0	0
0	0
0	219
0	190
0	198
0	202
0	218
1	40
0	40
0	8
1	8
0	5
0	5
6	4109
0	4254
1	3841
1	4291
54	4093
11	3332
2	4264
0	4541
0	934
2	427
0	3
1	106
30	110
0	92
0	79
0	3
0	3
2	20
0	207
0	196
0	21
2	197
0	63
0	162
0	175
0	186
0	186
18	181
5	20
1	10
0	17
0	33
0	6
117	910
3	853
0	477
18	533
0	458
0	364
0	393
1	23
0	146
0	146
2	101
0	99
0	771
2	3
2	10
8	97
0	5
6	34
0	98
6	90
0	6522
3	5498
1	5963
1	2222
5	6110
1	5718
0	2267
2	2178
0	1107
0	1526
9	1771
0	990
3	964
0	1181
0	1151
26	44
1	322
0	0
23	416
1	254
0	399
0	458
0	439
0	112
0	65
0	109
0	129
3	181
17	125
1	103
0	71
0	5
0	35
0	95
0	560
0	36
0	31
0	20
0	27
0	481
0	41
0	6
0	15
0	24
0	19
0	44
0	546
0	40
0	19
0	44
0	35
0	37
0	1
0	28
0	16
0	38
0	551
0	546
0	44
0	98
0	565
1	9
0	32
0	351
1	29
0	396
0	26
0	53
0	37
0	26
0	44
1	47
0	2
0	392
0	40
0	51
0	32
1	6
0	0
0	54
2	0
0	1
0	1
0	2
0	2
0	1
0	1
0	0
0	0
0	0
0	0
0	0
0	0
0	0
0	0
0	0
0	0
0	0
0	0
0	0
0	0
0	394
0	17
0	150
0	390
0	140
0	233
0	276
5	392
0	166
0	158
0	392
30	356
0	382
35	449
0	972
43	927
0	764
5	94
2	471
1	382
90	264
0	220
0	208
8	208
0	155
0	128
0	152
0	111
0	70
0	87
3	79
0	92
0	35
1	30
0	594
0	611
11	612
0	161
2	601
0	626
0	616
0	650
1	637
0	144
0	643
0	278
0	614
3	421
0	628
0	30
0	70
0	644
0	594
0	603
0	688
0	587
7	280
0	624
0	675
46	613
0	418
2	354
5	285
0	229
0	53
0	277
18	274
1	273
0	278
0	274
0	67
0	57
0	71
1	69
0	48
0	32
1	14
8	2
0	3
0	3
0	2
0	0
0	1
0	12
6	281
0	320
0	323
1	331
4	305
12	136
9	77
0	239
1	148
7	140
12	61
3	113
0	116
14	17
4	65
0	17
0	0
0	0
0	0
0	0
0	0
0	0
0	0
0	0
0	0
0	0
5	63
0	63
0	58
0	19
1	13
0	0
0	0
0	0
0	0
0	0
0	0
0	0
0	0
0	0
0	0
0	1
0	0
0	0
0	1
0	2
2	0
0	1
0	2
0	2
0	2
0	2
0	0
0	0
0	0
0	0
0	0
0	0
0	0
0	0
0	0
0	0
0	0
0	0
0	0
0	0
0	0
0	40
0	1419
0	1679
0	1678
0	1714
0	1496
0	936
0	343
0	334
0	263
0	43
0	78
0	0
0	0
0	0
0	0
0	0
0	1
0	2
0	2
0	0
0	0
0	0
0	0
0	0
0	0
4	0
0	0
18	104
2	56
12	77
0	34
2	25
0	17
0	0
0	0
0	0
660	63
0	63
0	0
0	708
0	719
0	483
0	465
0	486
0	511
0	449
0	460
0	454
0	90
0	4
0	60
0	455
0	669
0	0
0	414
0	46
2	351
0	363
0	390
1	334
0	25
36	176
0	0
0	0
57	8
0	8
304	0
0	0
1	28
0	0
0	668
1	1
0	0
33	198
1	198
0	52
0	606
2	575
0	105
3	232
0	229
1	165
0	38
1	168
0	99
1	122
0	127
14	51
1	416
0	374
0	416
0	33
0	43
0	43
0	134
0	134
0	134
0	124
0	21
0	0
0	0
0	0
0	0
0	0
0	0
0	0
7	8
0	401
2	1466
2	880
53	985
0	1503
0	242
4	317
0	1399
0	1474
1	684
0	242
86	894
1	186
0	141
46	71
21	164
1	163
0	183
0	182
0	180
0	134
0	134
0	184
2	101
0	131
2	43
0	117
1	31
1	10
0	72
3	63
0	39
0	22
0	0
0	1
0	0
0	0
0	0
0	0
0	1
0	1
0	0
0	0
0	0
0	0
0	0
0	0
0	0
0	0
0	0
0	0
0	0
0	0
0	0
0	0
0	0
0	0
0	0
0	0
0	0
0	0
0	0
0	0
0	0
0	0
0	0
0	0
0	279
0	279
0	279
0	279
0	286
0	81
0	25
0	9
2	0
0	0
0	0
0	0
0	1
0	1
0	1
0	0
8	0
0	578
0	14
0	14
0	5
0	0
0	0
0	0
3	1
0	1
0	4
0	2
0	2
0	4
0	2
0	2
80	473
0	272
0	442
0	94
1	162
1	276
2	198
4	0
0	10816
0	9886
0	8182
0	10675
0	10710
0	8410
0	10690
12	10525
0	10726
0	7247
0	10424
0	6308
12	5341
0	1
0	1
0	1
0	1
0	1
0	1
0	1
0	26
0	26
0	4
0	4
0	0
0	3
0	1
0	3
0	2
0	3
0	2
0	2
0	2
1	1
0	2
0	0
0	0
0	0
0	0
0	0
0	0
4	335
9	233
0	183
0	306
0	314
0	258
0	174
0	152
0	135
0	233
0	132
0	97
0	31
0	234
0	81
1	980
0	534
0	100
0	1019
0	554
11	56
0	61
0	1019
0	80
0	86
0	522
3	5
0	178
8	693
6	36
2	69
2	48
1	38
2	53
0	65
14	65
0	56
0	39
0	38
0	3674
0	3910
1	828
1	56
1	197
0	42
5	160
0	110
1	176
2	225
0	2355
0	2368
0	1639
0	2345
2	2345
1	2345
13	2345
31	2162
0	2265
0	306
0	1176
0	1168
0	807
1	168
1	19
0	151
0	145
3	73
2	7
0	22
0	1
0	11
0	1
0	0
0	8
0	1
0	2
0	1
1	1
0	1
0	1
0	0
0	0
0	22
0	88
0	89
0	89
0	79
0	10
0	1
0	89
0	89
0	0
0	1
1	88
0	0
0	7
0	24
0	89
0	89
0	87
0	86
0	86
0	86
0	25
0	0
0	36
0	42
0	89
0	0
1	20
0	87
0	86
0	11
0	88
0	89
0	88
0	9
0	10
0	5
3	53
7	0
0	2
1	0
5	174
0	140
0	0
0	0
0	0
0	0
0	0
0	0
0	0
0	0
0	0
0	0
0	0
0	0
0	0
0	0
0	0
0	0
0	0
0	0
0	0
0	0
0	0
0	0
0	0
0	0
0	0
0	0
0	0
0	0
0	1
0	1
0	1
2	1
0	1
0	1
0	1
0	1
0	0
1	0
4	10
0	3
0	4
0	4
0	3
0	1
0	1
0	9
0	4
0	4
0	3
0	4
0	1
0	0
0	0
0	0
0	0
0	0
0	0
0	0
0	0
0	0
0	0
0	0
0	0
0	0
0	0
0	0
0	0
0	0
0	0
0	0
0	0
0	0
0	0
1	0
0	11
0	6
0	6
0	5
1	6
0	1
0	2
0	12
21	8
0	8
0	8
0	8
0	2
0	1
0	0
38	158
1	157
0	83
0	47
0	1112
0	504
0	1034
0	1242
9	415
0	147
0	421
2	204
0	160
9	32
1	84
1	181
0	203
0	0
0	0
0	0
0	0
0	0
0	1
0	1
0	1
0	0
0	0
0	1
0	1
0	1
0	0
0	1
0	102
0	101
0	0
0	0
0	44
0	35
1	100
0	71
0	51
0	71
0	101
0	62
0	177
0	66
0	18
3	117
0	98
0	14
2	175
0	104
0	146
1	96
0	121
0	38
0	57
7	174
0	9
0	76
0	17
0	17
0	88
2	55
1	21
1	83
0	76
2	85
3	87
0	507
0	514
0	248
0	57
0	7
0	174
0	45
1	470
9	519
0	50
0	51
0	97
2	9
0	46
2	303
0	0
0	0
0	0
0	0
0	0
0	0
0	0
0	8
25	294
0	288
1	105
0	114
0	103
0	100
0	45
0	52
3	16
0	0
0	0
0	0
0	0
0	0
0	432
1	180
0	129
0	0
0	1282
0	484
0	153
0	1276
1	75
0	1538
0	1569
0	0
17	619
0	901
0	1622
0	172
25	202
0	503
2	99
4	190
2	908
0	177
0	52
0	67
3	2
0	132
0	1579
0	1627
0	1518
0	1585
0	1
0	1
0	1
0	0
0	0
0	0
0	3
0	147
0	71
0	148
0	128
0	124
0	64
0	15
0	44
0	126
0	121
0	56
0	76
0	26
2	43
4	26
0	65
0	140
0	30
0	129
0	37
0	0
0	0
0	0
0	0
35	5
0	25
1	25
1	0
0	2
0	1
0	1
0	1
1	0
2	286
1	280
2	280
0	281
0	220
0	251
0	270
0	42
0	167
0	31
0	9
0	1
6	482
0	236
0	4
0	487
1	2
0	2
0	2
0	0
0	0
0	0
0	108
1	154
0	166
0	164
2	136
3	15
2	0
0	0
0	0
0	0
0	1
0	0
0	0
0	0
0	0
0	0
0	0
0	0
0	0
0	2
3	1164
0	1164
0	1165
0	1004
7	1133
0	996
1	134
7	72
1	215
7	36
0	113
0	80
3	46
1	80
3	63
0	0
1	2799
0	2865
38	2657
0	146
1	705
82	511
126	206
1	156
0	45
3	50
0	50
0	13
2	4
0	1
0	0
0	0
0	0
0	0
0	0
0	0
0	0
7	406
0	401
2	419
8	389
1	399
1	422
4	395
16	46
0	21
2	24
11	51
0	73
0	70
0	21
2	13
0	23
0	11
0	4
0	1
0	8
0	5
0	0
0	0
0	0
0	0
0	0
0	0
0	0
0	0
0	0
440	89
3	80
0	0
0	0
0	0
0	0
0	0
0	242
4	286
1	570
0	391
0	636
1	8
0	318
0	401
0	386
1	257
0	616
0	627
0	627
0	0
0	1114
0	1156
2	1157
0	922
0	611
0	721
0	720
0	584
0	502
1	355
0	319
0	257
2	13
1	156
0	406
1	23
0	84
0	537
6	491
0	517
3	8
0	54
5	29
0	17
7	63
0	387
0	497
0	250
1	398
0	264
11	0
19	397
1	39
3	0
0	0
0	3
0	3005
11	3070
95	2523
18	3010
0	1065
0	723
0	849
0	526
0	529
0	526
0	387
0	3004
0	2989
0	2
0	118
0	118
0	53
0	53
0	11
0	3524
0	3541
0	3583
2	3583
0	3556
0	3598
0	3598
0	3580
0	3507
0	249
0	3525
0	3468
0	3550
0	3244
1	3216
0	3540
2	3577
3	2172
0	3129
0	2800
0	2699
0	2754
0	2696
0	2507
0	2587
0	1092
0	2485
0	1616
0	2380
0	2416
0	2444
0	2238
0	660
0	87
0	2077
0	2098
1	2015
0	269
0	260
0	1981
1	923
0	1900
0	1615
0	850
6	92
0	752
0	734
8	292
0	789
0	878
0	219
0	264
1	3
1	18
4	48
0	9
1	1
0	13
283	56
1	0
3	322
0	319
0	15
0	37
0	307
0	321
0	297
0	282
0	294
0	116
0	303
0	303
0	305
0	329
0	172
0	327
0	318
0	318
0	318
0	79
0	291
0	294
0	329
0	284
2	28
0	151
0	306
0	267
0	511
0	534
0	527
0	537
1	91
1	328
0	83
0	62
0	88
0	77
0	73
0	63
0	68
0	59
0	56
0	55
0	33
0	54
2	41
0	35
1	7
0	9
0	7
0	6
0	7
0	2
0	9
0	11
0	458
0	467
0	410
0	465
0	456
0	81
16	111
0	114
0	75
0	76
2	40
0	249
1	2
1	208
0	173
0	178
0	179
0	171
0	166
0	177
0	173
0	168
0	171
0	171
0	176
0	176
0	8
5	146
0	18
4	248
1	0
2	0
0	0
0	0
0	0
0	0
0	0
0	151
0	8
0	166
0	128
16	169
0	149
5	36
0	87
0	0
0	0
0	0
0	0
0	0
4	37
1	91
0	72
17	20
0	0
0	0
0	0
0	0
0	0
0	0
1	103
0	75
2	59
0	31
1	12
1	20
0	13
0	0
21	14
0	59
0	0
0	0
0	0
0	4
0	14
0	24
0	55
0	60
0	23
0	9
0	63
0	14
1	4
1	3
0	1
17	44
0	2
0	2
0	1
0	2
0	2
0	1
0	0
0	0
0	0
0	0
0	0
0	0
0	1
0	0
0	0
0	0
0	0
0	0
151	1629
9	911
3	509
2	287
0	409
8	113
8	130
5	164
0	5
0	18
0	100
13	105
0	72
2	54
0	28
0	20
0	71
0	29
1	82
0	28
1	4
0	58
0	48
0	44
0	12
0	17
0	26
0	24
0	26
0	10
0	0
0	0
3	11
1	50
0	262
0	23
1	69
0	108
0	175
0	317
0	352
0	150
0	52
13	365
1	78
1	4
0	311
0	43
0	21
0	59
13	190
0	55
0	40
0	63
4	25
2	59
0	33
0	65
0	0
0	0
0	0
0	0
0	0
0	704
6	43
0	776
0	417
7	317
0	553
0	529
3	527
0	254
2	84
1	192
0	39
1	28
0	1
0	0
0	4
0	4
0	106
0	104
0	63
0	8
0	14
0	4
0	12
0	7
0	7
1	5
0	15
1	13
0	8
0	24
0	6
0	0
0	3
0	2
0	2
0	3
0	3
0	3
0	1
1	1
0	0
9	2
0	2
0	0
0	0
0	0
0	0
0	0
0	0
0	0
0	0
0	0
0	0
0	0
0	0
0	0
0	0
0	0
0	0
0	0
0	0
0	0
0	0
0	12
0	42
0	41
0	32
0	41
0	32
0	42
0	10
0	4
0	10
0	1
0	9
0	7
0	7
0	7
0	6
0	0
0	0
0	0
13	242
1	208
0	159
0	362
0	213
24	129
2	62
2	48
0	52
0	62
0	9
0	11
0	10
1	12
0	5
0	0
0	5
0	4
0	700
2	291
0	781
0	321
0	311
0	283
1	178
1	123
0	120
0	105
0	70
1	67
0	73
10	3
1	36
3	37
0	1
0	3
0	3
0	0
0	2
0	0
0	2
0	1
0	1
0	2
0	0
0	1
0	1
2	420
4	417
0	416
1	408
1	408
3	403
0	179
0	366
1	225
1	42
24	13
48	0
9	0
0	0
0	644
0	545
0	507
0	468
0	435
0	571
0	641
0	622
0	612
0	3
0	23
0	12
0	23
0	7
0	3
0	24
3	23
0	4
1	361
5	271
11	271
0	361
0	0
0	0
0	0
0	0
0	0
0	0
0	0
0	0
0	0
0	827
3	693
0	789
3	797
0	662
1	249
0	79
0	694
6	50
0	20
7	12
21	288
0	85
0	68
0	6
0	237
0	40
0	49
5	116
0	252
0	118
0	213
0	106
0	83
0	182
0	214
0	48
0	135
1	537
0	645
0	645
15	645
1	16
1	323
0	28
4	242
1	242
2	93
0	3
0	4
1	7
1	9
10	650
0	6
4	74
0	1574
0	1569
3	1564
0	6
0	36
1	31
0	51
0	484
0	27
2	307
15	41
0	88
0	119
1	22
1	79
5	47
0	10
256	135
7	2
0	32
0	131
0	14
1	131
0	16
0	0
0	0
0	0
0	0
0	0
0	0
0	0
0	0
0	0
0	0
0	0
0	0
0	0
0	0
0	0
0	0
0	0
0	0
0	608
1	351
1	159
1	153
0	59
0	20
0	44
0	36
0	608
0	0
0	0
0	0
0	2
0	2
0	0
0	2
0	0
0	2
0	0
0	0
0	0
0	0
0	0
0	0
0	0
0	0
0	0
0	0
0	0
0	0
0	0
507	73
0	73
0	4
0	6
0	6
0	6
0	6
0	3
0	2
0	0
0	0
0	0
0	0
0	0
0	0
0	0
0	0
0	0
0	0
49	63
0	63
0	0
0	4
0	8
304	2683
0	1598
0	678
0	1226
2	591
6	1102
2	1515
6	1192
6	1056
0	531
1	47
0	9
0	9
0	9
0	4
0	1
0	0
1	0
0	0
0	0
0	0
0	0
0	0
0	0
0	0
0	0
0	0
0	0
0	0
0	0
0	0
1	0
0	0
0	0
0	0
0	0
0	0
0	0
0	0
0	0
0	0
0	0
0	0
0	0
0	0
0	153
7	100
0	153
0	121
0	154
0	150
0	144
0	106
0	72
0	12
0	9
0	13
0	45
0	11
0	29
0	25
0	16
0	22
0	20
0	14
0	15
0	2
0	2
0	1
0	1
0	0
0	0
0	0
0	0
0	0
0	19
0	0
0	0
0	0
1	2
3	11
0	9
0	135
0	141
0	26
0	12
0	122
0	132
0	140
0	15
0	121
0	101
0	118
0	123
0	98
0	125
18	129
0	124
1	115
0	55
0	132
0	129
0	103
0	108
0	103
0	116
0	136
0	98
2	69
0	70
0	68
0	97
0	87
0	38
0	99
0	89
0	120
0	134
0	114
0	95
0	20
1	93
2	12
0	24
0	13
34	27
0	20
0	17
4	13
0	2
0	2
0	1
2	1
0	0
0	0
43	0
0	0
0	321
0	318
0	269
0	160
2	66
0	17
0	16
1	11
1	121
2	389
0	0
7	0
0	0
0	0
0	0
0	414
0	24
0	106
0	27
202	524
90	1828
2	1813
0	1348
1	816
6	479
0	0
0	0
0	0
84	167
0	36
1	145
17	8
0	42
90	107
9	99
0	68
64	43
8	20
91	95
0	2
4	2
0	1
148	184
0	171
0	177
0	33
0	53
0	18
0	27
0	51
0	23
0	0
0	4
0	5
0	5
0	0
0	0
0	1
0	1
0	0
3	0
0	0
0	0
0	0
0	1
0	0
0	163
0	227
7	159
0	112
0	155
1	11
0	156
0	224
0	0
0	1
0	4
0	0
0	1
0	3
0	0
0	0
0	1
0	1
0	1
0	0
1	0
0	3
0	4
0	4
0	0
0	0
1	328
2	328
0	174
0	0
0	0
0	0
0	0
0	0
0	0
0	0
0	110
0	89
0	183
2	615
0	250
0	730
0	77
0	93
0	95
0	533
37	373
5	62
5	176
0	0
0	0
0	0
3	205
2	383
0	367
7	144
0	246
3	0
0	63
0	75
0	120
0	122
0	22
0	43
0	43
0	25
0	16
0	0
0	0
0	0
0	0
0	0
0	0
0	0
0	0
0	0
0	0
0	364
0	352
0	343
0	308
0	364
0	309
88	375
0	344
0	351
0	345
1	317
0	346
0	219
0	192
0	203
0	240
3	103
0	173
0	132
0	113
0	88
0	0
0	0
0	470
0	459
0	388
2	18
0	25
1	16
1	24
1	20
1	3
0	11
2	61
1	34
0	15
0	21
4	98
0	18
1	7
0	2
0	467
0	468
0	467
0	435
0	472
0	205
7	165
1	173
25	202
0	202
23	39
0	0
0	0
0	20
0	47
19	604
0	156
1	3
0	135
0	268
0	0
0	44
0	130
0	130
1	126
0	276
0	0
0	28
0	0
0	33
0	20
10	361
0	558
0	563
1	84
0	105
3	105
0	83
2	25
0	85
0	25
2	10
0	16
0	951
0	1114
2	1107
3	131
0	244
45	65
0	83
0	93
0	69
0	13
2	35
0	28
0	32
0	30
3	26
0	21
0	1782
10	1647
23	96
14	707
5	1236
2	883
3	215
0	800
6	237
0	655
1	172
0	354
0	8597
0	8659
3	8660
0	8658
0	8662
0	8728
5	8509
0	3225
0	1418
0	1307
1	0
1	0
0	671
0	715
0	295
0	236
2	58
11	15
0	27
1	54
0	47
0	31
1	37
0	11
0	0
0	0
0	10723
0	0
0	10719
0	1314
4	1671
0	2967
18	10835
1	9114
0	105
0	721
0	760
0	756
0	713
1	753
11	219
0	358
0	229
0	124
0	150
4	95
0	123
0	135
23	509
0	649
0	39
0	1
0	15
0	7
2	32
5	40
0	15
2	10
0	14
0	20
0	125
0	84
0	104
28	71
0	6
1	69
0	60
0	45
0	45
0	0
0	18
0	22
0	17
0	13
0	0
0	0
0	1
0	1
0	1
7	458
2	442
0	512
2	493
0	646
7	269
6	154
7	473
2	2
2	2975
1	3021
7	1183
0	1312
0	1241
0	0
0	20
0	2
0	5
1	0
1	14
0	18
7	67
3	57
1	63
0	46
0	18
0	17
0	10
0	11
0	8
5	8
1	0
0	0
0	5
0	3
0	3
1	0
0	3
0	70
32	547
16	543
81	0
0	0
0	941
1	332
10	922
0	305
0	40
0	185
0	214
2	144
25	199
0	215
0	42
0	39
1	64
1	36
62	39
0	31
0	13
0	14
0	0
0	0
0	0
0	0
0	0
0	0
0	0
0	0
1	252
1	120
4	131
3	129
0	129
128	217
6	196
0	112
0	129
0	55
0	54
6	282
17	785
0	182
0	48
2	441
0	61
7	48
0	18
0	796
1	91
27	598
7	251
23	228
0	174
5	630
0	138
0	286
0	227
2	232
2	248
12	338
0	266
2	172
1	50
0	302
135	207
0	203
0	102
0	490
1	475
0	52
1	212
0	212
2	205
4	493
0	473
0	20
100	0
0	652
0	633
0	632
1410	1334
0	982
13	1193
20	248
2	398
0	72
0	6
0	208
2	203
0	160
0	203
1	5
1	1
0	208
0	239
0	758
0	2155
0	2378
1	94
0	2286
0	951
0	2294
0	2418
0	181
24	1825
15	2188
5	491
0	1926
1	2371
0	2363
0	2385
0	844
0	184
64	708
0	172
0	2124
0	87
0	402
0	55
0	403
0	1787
0	304
0	401
0	288
0	1549
0	83
2	110
0	246
8	543
1	795
3	9
17	47
1	56
0	29
0	20
0	11
3	2834
0	2834
3	189
0	432
12	295
0	1
0	1
0	1
0	0
0	1
0	3
0	2
0	0
0	1
0	3
0	3
0	139
0	26
0	44
0	32
0	26
3	154
0	26
0	19
0	36
0	154
0	154
0	154
0	154
0	154
0	0
0	0
0	0
0	0
0	0
0	0
0	0
0	0
0	0
0	0
0	0
0	0
0	0
0	0
0	1
0	1
0	1
0	1
0	1
0	1
0	1
0	1
0	1
0	1
0	1
0	1
0	1
0	1
0	1
0	0
0	0
0	0
0	0
0	0
0	0
0	0
0	0
0	0
51	0
15	122
3	62
0	111
0	14
0	0
0	0
0	0
0	0
0	0
0	0
0	0
1	126
261	126
0	11
0	2
3	49
1	130
155	746
3	125
4	137
1	387
1	82
0	14
0	315
0	297
0	31
0	24
0	16
0	6
1	7
0	4
0	6
1	6
0	313
5	674
2	636
1	443
2	132
0	89
0	266
1	0
0	0
0	0
0	0
0	0
0	0
2	108
0	12
1	14
5	7
0	14
0	7
0	16
0	18
0	9
0	15
2	12
0	24
0	20
0	84
1	32
0	18
0	105
0	365
3	68
0	24
1	68
2	0
0	39
0	2
0	6
0	10
0	115
0	10
0	86
0	93
0	111
0	99
0	111
0	89
0	111
0	114
0	3
0	35
0	96
0	104
0	91
0	103
0	108
0	26
0	109
0	37
1	91
0	112
0	106
0	107
0	94
0	89
0	112
0	107
0	9
0	6
0	107
0	86
0	12
2	3
0	8
0	106
1	57
0	103
0	99
0	111
0	93
0	86
0	104
1	10
0	20
0	16
0	50
0	29
0	31
0	27
0	35
0	43
0	6
0	22
0	51
0	57
0	49
0	71
0	56
0	97
0	83
0	88
1	102
0	103
0	79
0	42
0	1
0	88
0	72
0	76
0	85
1	34
0	51
0	40
0	12
3	6
0	24
0	16
0	62
0	68
0	75
0	62
0	85
0	339
0	91
4	314
0	216
1	72
4	251
0	61
2	61
0	31
1	339
0	0
0	0
20	282
0	207
0	194
0	184
0	38
0	42
0	17
0	17
0	16
0	95
0	83
0	100
3	55
0	60
2	42
0	26
0	46
0	48
0	14
10	36
0	21
0	20
0	23
0	28
0	8
0	3
0	0
0	0
0	0
0	0
0	0
0	0
0	0
0	0
0	32
0	35
0	170
0	310
0	285
0	295
0	282
0	55
0	240
0	108
1	126
0	220
0	162
0	288
0	126
0	255
0	86
0	93
0	221
3	273
0	269
0	169
0	130
0	150
0	107
0	280
1	232
0	288
0	288
5	130
7	60
0	112
0	32
0	32
0	30
0	26
0	26
0	26
0	23
0	17
0	15
0	21
0	15
0	18
0	6
0	16
0	8
0	5
0	11
0	2
0	2
0	12
0	8
0	8
0	6
0	5
0	0
0	0
0	0
0	0
0	0
0	0
0	0
0	0
0	0
0	0
0	0
0	0
0	0
0	0
0	0
0	0
0	0
0	0
0	0
0	0
0	0
0	0
0	0
0	0
0	0
0	0
0	0
0	0
0	0
0	0
0	0
0	0
0	0
0	0
0	0
0	0
0	0
0	0
0	0
0	0
0	0
0	0
5	296
0	345
0	349
0	351
0	355
0	18
0	22
1	42
0	17
0	12
0	16
0	1292
0	1225
1	109
31	1299
0	105
0	43
1	94
0	506
0	145
5	55
2	43
40	280
0	13
0	50
94	280
0	213
2	99
0	55
8	43
9	189
0	100
0	71
0	65
0	52
0	40
0	71
71	281
0	93
0	66
0	92
1	52
0	20
0	34
0	64
0	74
0	248
0	249
0	72
4	24
0	248
1	71
0	1
0	3
0	12
0	67
0	67
0	11
0	46
0	60
1	18
2	7
0	2
0	4
0	43
1	39
1	8
4	11
0	24
0	17
0	16
0	15
0	6
0	13
0	10
0	11
0	0
5	156
635	156
0	0
0	148
0	5
0	4
0	11
0	152
0	13
0	154
0	10
1	22
1	148
1	10
0	20
2	23
0	47
7	151
1	15
0	124
0	30
0	29
19	25
0	2
0	25
0	27
1	21
0	27
0	12
0	11
0	12
0	10
0	3
0	0
5	259
0	240
0	146
0	9
0	264
0	14
0	247
0	0
0	0
0	0
0	0
0	0
0	0
0	0
0	0
3	138
0	12
2	0
0	0
0	1
0	138
0	139
0	91
0	42
1	0
0	8
0	116
0	5
0	367
0	3
2	3
0	67
0	65
2	29
0	354
0	5
0	369
7	13
0	41
0	234
0	324
0	293
0	319
26	321
4	64
3	76
0	2
0	304
2	359
0	47
0	0
0	2
0	0
0	2
0	0
0	0
0	0
0	0
0	0
2	408
1	388
0	269
1	352
0	363
0	391
0	328
3	330
0	132
0	74
0	16
0	60
0	45
0	1995
1	1918
0	1995
26	1639
0	30
0	8
2	4
0	31
1	6
0	31
0	0
0	0
0	0
0	0
0	0
0	0
0	0
0	0
0	0
0	0
0	766
0	1
0	0
0	0
0	1
0	1
0	1927
1237	2366
1	843
14	352
1	493
2	90
17	195
0	0
0	0
0	0
0	0
0	0
0	0
259	1171
18	1171
1	6
0	5
0	5
0	4
0	11
0	225
0	215
0	52
22	161
0	165
0	25
1	2
0	46
0	12
10	15
0	5
0	33
6	49
18	633
0	628
1	237
0	177
0	216
2	174
0	1645
0	1631
7	1440
0	126
5	957
0	969
17	51
0	808
0	67
0	126
12	169
0	116
1	120
0	205
3	168
0	95
0	82
7	48
0	14
0	14
0	14
0	14
0	12
0	9
0	0
0	0
0	5
0	5
0	1
0	274
0	51
3	30
18	48
2	17
2	117
0	123
5	120
0	275
0	51
2	27
0	36
3	93
6	149
0	54
16	7230
1	3997
7	6871
126	7178
9	3137
80	2571
0	44
6	707
87	799
4	36
1	67
1	74
0	90
4	47
1	79
0	125
5	248
0	12
4	60
1	24
0	36
0	46
0	137
6	9
19	47
10	88
0	34
10	183
1	99
9	24
0	2005
0	2079
5	275
16	1792
9	158
1	151
9	145
0	83
0	90
0	82
0	592
9	82
0	119
0	120
0	168
0	374
0	375
0	93
0	99
0	192
0	115
0	120
0	297
0	301
0	83
0	101
0	76
0	8
0	12
0	4
0	13
1	17
0	5
0	9
0	12
0	7
0	8
0	28
0	3
0	4
3	26
0	17
0	4
0	17
0	0
0	10
0	10
0	13
0	11
0	6
0	13
0	11
0	2
0	2
0	0
0	5
0	7
0	1
0	1
0	6
0	6
16	26
0	3
0	23
0	26
11	12
4	4
0	109
0	87
0	26
0	108
0	35
0	111
0	110
69	121
0	28
0	1
0	2
0	112
0	63
0	36
0	3
0	28
0	28
0	101
0	41
0	109
0	0
0	33
0	41
0	15
2	82
2	544
0	234
18	1602
0	2
0	157
2	1601
1	130
0	1556
0	93
5	1230
0	10
0	1570
0	13
5	0
165	13
4	12
0	14
0	0
0	0
0	0
0	0
0	0
0	0
0	16
0	24
0	198
0	24
0	22
0	22
3	210
0	199
0	200
1	122
0	18
0	159
0	62
1	22
1	477
1	498
3	8
27	372
2	342
0	358
3	413
22	43
0	74
0	22
0	30
11	83
0	83
0	5
0	17
5	9
0	486
2	58
0	59
0	51
4	41
2	12
0	9
1	8
12	0
0	481
1	486
4	53
134	91
0	66
0	55
1	11
0	0
0	11
0	9
0	8
0	45
0	43
0	44
2	15
0	44
0	30
0	40
0	32
0	6
0	4
0	27
0	18
4	29
0	7
222	0
75	53
0	54
0	44
0	2
0	7
0	0
0	0
0	0
0	0
0	0
0	0
0	0
0	0
15	1152
0	1135
0	1145
0	1151
0	1094
0	1121
0	1108
0	1083
0	1131
0	1131
0	1131
0	1133
0	1110
0	1131
0	1134
0	1122
0	1135
0	1114
0	1078
0	1086
1	1022
0	1079
0	1100
0	1086
0	1098
0	1107
0	226
1	255
0	252
0	226
0	759
0	783
0	768
0	775
0	745
0	762
0	646
0	677
2	648
0	639
3	77
9	161
0	528
0	56
0	88
1	345
0	0
0	294
0	67
6	9
0	0
8	1450
32	1898
0	819
0	2242
2	2088
0	1197
10	1033
0	992
0	2189
0	1654
0	2343
2	1236
0	1722
13	1762
0	1038
0	386
1	1354
0	1286
0	1717
0	536
2	1
0	0
2	52
2	65
0	299
1	51
2	246
0	299
0	0
22	0
0	0
0	30
0	23
0	26
0	5
0	29
1	27
0	21
0	21
0	20
1	8
0	3
1	3
0	1
0	1
0	1
0	6
5	106
0	1
0	108
3	120
0	197
1	22
0	30
0	199
2	27
2	18
52	23
120	293
0	23
10	19
2	25
5	259
0	0
0	0
0	0
0	0
0	0
0	0
0	0
0	0
0	0
0	0
0	0
0	0
0	0
0	0
0	0
0	109
187	121
1	23
0	13
0	0
0	0
0	17
0	49
0	2
0	0
0	1
0	1
0	0
0	1
0	0
0	0
0	0
0	20
0	20
0	17
1	1
0	1
0	0
0	16
0	16
1	19
0	10
0	11
0	6
0	2
266	325
0	13
1	31
3	64
0	252
0	1
0	1
0	0
0	0
0	0
2	2
0	2
0	2
2	85
0	74
0	71
0	100
11	36
0	42
0	15
0	199
0	9
3	9
0	10
0	1
175	1162
0	1128
0	1019
0	1000
0	1087
1	107
7	241
1	121
0	81
8	159
0	132
0	124
5	27
0	66
2	47
5	85
0	259
0	352
0	373
2	64
0	369
0	81
0	260
0	38
0	294
5	298
0	246
0	387
562	452
2	190
0	17
0	9
0	9
48	161
0	138
0	104
0	136
0	106
0	2
0	52
0	133
0	10
0	29
0	571
0	0
1	0
0	578
0	545
2	493
21	516
0	251
0	328
2	230
12	519
0	264
7	80
16	167
140	84
2	33
1	9
0	9
2	1
0	1
0	1
0	45
1	95
0	97
0	14
0	12
1	6
2	8
0	9
0	1
0	0
0	0
0	2
0	2
0	2
0	2
0	0
0	0
0	0
0	0
0	0
0	0
0	0
0	0
41	194
4	196
5	180
0	4
4	22
0	15
0	9
0	9
0	9
0	8
0	6
0	8
0	5
0	5
0	6
0	6
1	0
0	1958
0	2428
0	2636
0	2418
0	1929
0	2512
0	2202
0	2592
302	2512
0	2081
0	277
0	0
3	2
0	2
0	1
0	0
0	0
1	0
0	0
0	0
0	0
0	0
0	0
0	0
0	0
0	0
1	676
0	633
0	691
0	748
0	676
0	403
3	285
8	121
0	0
0	0
0	0
0	0
0	0
0	0
0	0
0	0
0	0
0	0
0	0
0	2
0	2
3	199
3	199
0	0
0	0
0	0
0	157
0	163
0	172
0	155
0	170
8	82
0	155
0	161
0	165
0	146
0	153
0	157
0	150
0	155
0	131
0	159
8	120
3	118
0	142
0	164
0	157
0	148
0	137
0	177
0	169
2	146
0	157
0	161
0	115
0	160
0	173
0	155
0	148
0	126
0	94
1	97
0	137
0	159
0	131
0	170
0	151
0	146
0	155
0	168
0	162
0	138
0	147
1	133
0	169
0	162
0	160
0	154
0	175
2	146
0	176
0	144
2	58
0	314
0	316
0	321
0	317
2	308
0	156
1	38
1	25
0	0
3	5
0	6
0	4
0	3
0	2
6	0
0	1
2	155
0	3
0	44
0	154
0	101
0	152
0	54
0	47
0	133
1	25
0	26
0	95
0	680
0	260
0	53
4	618
0	55
4	162
0	36
0	143
0	100
2	129
0	53
0	36
0	35
0	114
0	172
0	82
0	172
0	134
0	2
0	3
0	6
0	10
0	12
0	10
0	11
0	72
0	16
0	20
2	21
0	6
1	6
0	7
0	1
1	593
0	575
4	426
0	439
0	208
4	63
0	99
0	108
0	137
0	117
4	91
0	38
16	14
0	143
0	14
0	139
3	136
1	28
0	77
0	23
0	30
0	59
0	128
0	19
2	52
2	5
2	54
0	29
0	216
0	2
0	249
0	249
0	249
0	249
0	249
0	249
0	249
0	243
0	255
0	250
0	58
0	238
0	225
0	219
0	217
0	64
0	95
0	177
0	175
0	169
0	0
1	78
0	87
0	76
0	50
0	7
0	12
0	7
0	12
0	5
2	9
0	7
0	7
2	3
0	7
0	6
0	7
0	2
0	0
0	1
0	0
0	1
0	13
0	11
0	11
0	13
3	10
0	2
3	316
2	338
4	795
4	389
0	920
0	792
0	914
0	624
1	10
9	220
0	125
0	22
0	174
63	89
0	61
0	54
8	114
1	54
0	917
3	122
0	93
0	13
0	126
0	121
2	1
2	27
1	16
0	18
2	13
0	7
0	7
1	7
0	0
0	0
0	0
0	0
0	0
0	0
0	0
0	0
0	0
0	0
0	0
0	0
0	89
0	153
5	148
0	152
0	142
20	12
0	33
0	13
0	16
0	12
0	10
1	12
0	3
0	3
0	65
1126	224
0	154
2	29
0	17
0	27
6	24
0	12
0	2
0	0
0	2
0	3
0	10
1	50
32	45
0	24
0	33
0	10
2	28
0	57
0	209
0	209
4	214
3	200
1	54
1	3
537	364
3	16
0	71
0	120
19	115
11	166
0	57
4	1
4	3
0	38
0	39
0	54
1	21
0	20
0	201
24	43
4	76
1	173
0	15
7	86
0	189
0	182
0	34
9	13
1	180
0	102
28	74
0	22
10	10
22	1287
6	1257
0	8
0	11
0	9
0	8
0	8
0	5
76	7
0	7
0	0
141	122
0	92
0	108
0	116
0	116
0	116
3	16
0	68
0	22
0	39
2	18
0	19
0	17
0	11
0	11
0	2
0	3539
0	3790
0	3726
0	531
0	2296
16	1176
0	965
8	153
1	1030
2	266
0	432
0	387
0	449
0	610
0	648
0	640
0	368
0	280
0	453
0	546
0	535
0	554
0	574
0	382
0	355
0	380
0	234
0	200
0	91
1	12
0	48
0	49
0	34
0	130
0	136
2	135
4	79
4	16
0	7
0	14
0	2
1	11
1	8
0	13
0	12
0	12
0	10
0	2
0	6
0	3152
2	557
0	71
0	3155
0	2346
0	245
0	3226
0	229
12	2025
49	2037
495	3040
0	352
0	418
0	1595
2	2458
1	715
0	443
9	642
3	188
0	1783
1	134
1	158
35	237
48	376
0	181
0	322
8	9
3	32
0	32
0	107
0	11
0	8
0	75
0	0
0	12
0	96
0	86
0	57
0	53
0	5
0	0
0	35
0	4
0	8
0	5
0	0
0	0
0	0
0	235
0	0
0	0
0	0
0	77
0	222
0	467
0	470
0	15
1	0
0	350
7	14
0	0
0	18
0	33
1	17
5	202
0	39
0	465
0	468
3	204
35	197
1	159
5	57
0	50
0	0
0	0
0	0
0	0
0	0
0	0
0	0
0	0
0	0
0	0
0	0
0	0
0	0
0	0
0	0
0	0
0	0
0	0
0	0
0	0
0	0
9	1084
0	1734
11	975
6	897
0	300
2	1382
0	922
0	25
1	0
6	385
0	946
9	240
0	822
0	373
0	248
0	351
0	296
0	83
0	0
0	941
0	831
0	450
1	117
0	941
1	904
0	147
23	331
0	367
1	908
0	95
9	45
0	281
1	260
1	269
0	250
0	289
0	318
0	57
0	248
0	285
1	298
29	789
1	456
1	388
1	326
5	121
10	181
7	62
0	158
0	162
17	2
0	176
0	65
0	44
0	34
1	75
0	62
1	290
2	58
0	70
0	14
2	164
0	274
0	283
0	36
1	13
0	122
3	84
0	249
0	391
0	133
0	97
0	133
12	320
23	174
0	187
0	208
0	148
1	97
16	47
0	117
0	154
0	117
5	71
0	139
0	116
0	105
0	138
1	75
0	109
0	60
0	101
0	105
3	71
10	18
0	35
0	36
0	35
0	28
0	26
0	22
0	9
0	13
0	4
0	8
0	29
0	7
0	11
0	12
0	19
0	10
0	15
0	8
0	7
35	333
13	333
240	165
0	0
0	0
0	0
0	0
0	0
0	0
0	763
1	763
0	0
5	189
0	5
0	497
0	462
0	462
0	246
0	164
0	4
10	426
0	175
0	232
0	236
0	232
46	195
0	209
0	214
0	214
0	231
0	219
0	35
0	29
0	13
0	63
2	69
0	45
0	36
1	10
0	9
0	39
0	28
3	26
0	26
1	161
1	161
7	161
0	0
0	0
0	579
0	584
5	120
0	11
4	120
10	11
0	634
0	621
0	633
0	628
21	367
0	624
0	624
12	73
2	27
0	34
0	102
7	9
1	56
8	269
0	24
0	15
0	69
13	17
0	55
4	48
0	41
0	425
9	126
0	74
2	0
530	0
0	0
0	0
0	0
0	1069
0	1041
0	1056
0	1076
0	1029
3	239
0	94
0	92
6	23
14	1
0	71
1	30
0	70
0	26
0	18
0	216
0	330
0	82
0	326
0	247
29	235
3	205
1	236
0	327
2	261
0	231
0	277
0	284
0	111
0	81
2	65
0	240
0	79
0	119
0	83
0	70
0	70
0	154
0	17
1	33
0	122
0	80
0	81
0	93
0	78
0	80
0	8
0	3
0	79
0	164
0	194
69	220
0	127
0	51
0	81
0	65
0	52
0	29
0	43
0	19
4	10
0	327
0	318
0	246
0	212
0	44
7	43
6	40
0	0
0	0
1727	855
2	78
0	129
0	31
17	576
0	617
7	378
0	120
5	138
18	24
0	76
3	48
0	0
0	0
0	0
0	0
0	0
0	0
0	0
0	0
0	0
0	0
0	0
0	0
0	0
0	0
0	0
0	0
0	0
0	0
122	804
0	30
0	37
1	48
0	8
0	8
2	7
0	194
0	195
0	187
0	188
0	188
15	166
19	188
0	190
0	121
16	117
0	73
2	43
0	78
0	21
0	46
0	25
0	0
0	0
0	0
0	0
0	0
0	0
62	52
0	54
3	52
0	6
0	271
68	279
4	98
2	91
3	253
4	281
0	365
0	366
0	354
0	381
0	365
0	367
0	367
0	367
0	345
0	327
1	330
0	262
0	200
0	182
0	241
0	34
9	10
0	91
0	27
19	21
2	12
0	40
0	31
0	760
4	756
0	756
0	7
11	5
1	4
1	32
1	47
0	27
27	55
0	36
0	15
1	40
0	36
1	7
0	4
0	0
0	9
0	8
1	12
0	4
4	0
0	0
0	0
0	0
0	0
0	0
0	0
0	0
0	0
0	0
0	0
0	0
0	17
0	9
0	133
0	6
0	88
0	82
0	9
0	4
0	42
1	1
0	38
0	25
4	385
0	390
0	110
2	81
1	100
0	120
2	70
0	59
1	42
7	711
0	672
0	657
0	230
1	113
4	104
4	66
1	78
0	39
0	54
1	47
0	48
0	0
0	0
0	0
0	1
0	1
0	1
0	1
0	0
0	0
10	262
24	251
0	256
0	214
148	382
0	373
9	173
0	177
0	187
0	181
0	174
0	168
0	181
0	444
0	431
0	540
0	465
0	650
0	565
0	276
0	269
0	450
0	172
0	196
0	348
0	275
0	171
0	200
0	133
0	132
1	104
3	0
0	0
0	0
0	0
0	0
0	0
0	0
0	0
0	0
39	0
0	0
3	2446
0	2461
0	2391
3	2159
0	1810
0	2099
0	193
10	190
0	119
0	83
1	42
4	214
3	709
0	99
0	348
6	159
0	118
1	117
2	141
0	58
0	0
0	0
0	0
0	0
0	0
0	0
0	0
0	573
10	16
0	238
0	420
0	477
0	98
0	133
1	598
0	616
0	108
0	33
0	43
6	332
0	36
0	41
0	62
1	71
3	11
0	111
0	0
0	611
0	601
0	65
0	134
47	208
0	103
0	204
1	17
0	8
0	30
0	27
0	144
1	60
0	139
0	140
3	141
3	134
0	18
0	30
0	13
1	49
1	17
2	24
0	37
0	11
249	770
6	741
0	185
3	184
2	103
2	80
3	85
0	97
0	1
0	1
1	19
0	23
0	23
0	1
0	0
0	7
0	6
0	3
0	0
1	177
323	231
0	193
1	17
0	204
0	144
0	89
0	235
0	17
1	65
1	3
0	0
0	0
0	0
0	2
1	2
0	2
1	1
0	1
0	1
0	1
0	0
0	0
0	799
0	298
0	230
0	645
0	121
0	777
0	728
0	781
19	721
2	31
0	31
0	5
0	8
0	33
1	5
0	30
0	2
0	0
1	7
1	27
0	17
0	4
0	32
0	19
0	1
0	32
0	28
0	30
0	21
0	26
0	27
0	14
0	26
1	12
0	11
0	18
0	3
0	4
0	0
0	3
0	3
0	0
0	88
43	212
0	176
0	15
1	12
0	448
0	13
0	13
0	20
0	448
0	5
0	32
0	422
0	20
0	22
0	414
0	440
0	58
0	285
9	407
0	77
0	81
0	61
0	27
0	43
0	115
0	45
0	20
2	0
0	116
0	24
0	122
0	50
4	0
4	105
0	3
0	0
0	104
2	122
0	68
0	123
8	139
0	123
0	116
0	86
0	35
0	4
0	20
0	6
0	33
0	16
0	8
0	5
0	22
0	67
0	16
3	125
0	68
0	10
0	5
0	9
2	3
0	20
0	9
0	6
0	27
0	122
0	77
0	10
0	8
0	111
1	119
6	2
0	15
0	19
0	34
30	722
0	733
0	743
0	610
0	507
0	529
3	216
27	103
21	68
18	0
0	13
0	11
0	24
0	30
1	30
0	26
0	30
0	32
0	31
0	25
0	29
0	31
0	21
0	36
0	117
1	119
0	37
0	11
0	0
0	6
0	113
0	27
1	111
0	429
0	1642
0	810
4	175
0	1632
0	937
3	58
0	532
4	0
0	316
7	176
0	1369
0	1598
5	53
0	413
0	26
0	37
287	1303
0	383
0	174
1	136
0	37
0	336
2	182
0	86
4	507
0	407
2	94
0	145
0	345
13	358
0	227
0	214
0	178
0	133
1	34
0	104
215	133
0	44
0	55
0	675
2	766
0	366
3	398
0	729
0	790
0	386
0	815
0	443
2	56
0	826
0	827
0	232
5	528
0	0
16	52
264	105
1	109
0	22
2	1
1	24
0	9
0	2
0	5
0	2
0	10
0	7
0	0
0	1
2	0
0	6
0	6
0	3
0	3
0	0
0	3
0	1
0	138
0	139
0	249
5	318
15	95
0	285
0	285
5	249
0	120
5	90
0	11
0	63
2	37
2	42
0	14
0	15
0	0
106	322
0	302
0	310
0	26
1	321
0	232
0	179
0	185
1	113
0	0
0	0
0	0
0	0
0	0
0	0
0	0
0	0
8	338
0	504
1	480
1	488
3	72
0	35
0	65
0	38
2	7
1	30
1382	623
0	19
0	571
2	209
0	70
76	101
1	82
0	52
7	58
0	36
0	22
0	100
1	649
0	674
2	107
0	405
7	400
0	77
17	310
1	41
0	69
0	44
2	60
1	34
6	33
3	117
0	11
1	30
1	37
0	28
1	32
0	22
0	11
0	0
0	0
0	1559
2	70
0	293
0	402
1	18
0	1505
9	1505
0	39
0	547
0	85
0	37
0	333
2	82
2	137
0	665
2	1379
1	402
0	34
1	166
1	118
0	74
0	266
0	104
1	83
0	454
0	456
0	439
1	345
0	418
0	441
0	409
0	453
0	453
0	436
0	481
0	452
0	441
0	428
0	407
2	399
0	416
0	426
0	427
0	408
0	430
0	414
0	289
0	53
0	29
0	36
0	81
0	36
7	72
0	77
0	70
0	40
0	51
0	21
0	12
0	27
0	19
0	82
1	16
0	82
0	84
0	82
0	3
0	368
170	401
0	25
5	305
9	313
2	288
0	285
0	397
0	94
147	239
0	135
0	45
3	167
7	79
0	186
0	72
2	17
28	499
0	6
0	213
1	7
2	57
0	527
15	527
1	526
2	526
2	524
1	394
0	50
2	412
0	412
0	397
0	398
0	345
0	255
0	157
3	31
4	12
0	78
0	61
0	27
0	10
0	22
0	18
5	3
0	30
0	29
0	36
0	36
0	38
0	20
0	14
1	9
0	9
1	4
7	9
0	982
1	991
0	993
6	566
0	187
0	533
0	570
0	500
0	105
2	13
0	19
0	39
0	43
0	48
0	72
0	8
0	31
0	2
0	20
0	27
0	25
0	17
0	12
0	11
0	2
0	0
0	568
0	345
0	328
1	102
0	323
1	315
0	328
0	317
0	327
121	106
0	107
0	72
8	43
0	143
0	120
0	140
0	132
2	129
14	30
0	129
0	125
1	35
0	90
1	21
19	161
0	38
3	161
15	225
1	677
0	562
2	61
4	386
3	82
0	0
0	2
1	863
0	2
2	522
0	2
0	135
0	169
6	417
0	935
0	221
0	0
1	194
2	10
8	652
3	97
0	0
0	136
0	135
0	130
6	131
0	134
3	54
0	47
0	8
646	276
0	276
1	52
10	291
0	14
0	24
0	52
3	231
0	34
0	51
23	183
18	34
1	159
0	0
2	849
1	44
1	895
0	794
2	223
3	827
1	105
12	80
1	685
8	61
0	166
14	132
0	112
0	4
0	39
0	9
0	7
0	0
0	0
0	24
0	13
0	18
0	16
0	23
1	18
0	5
0	9
0	2
0	8
0	718
0	825
0	587
6	503
7	615
0	694
8	554
284	1075
0	1019
0	221
0	309
0	82
0	71
1	128
0	604
2	203
0	0
0	0
449	240
0	240
5	1
0	1
0	0
0	3
5	193
4	193
0	34
0	26
0	221
0	229
0	208
1	208
0	94
3	177
0	73
3	42
2	70
2	78
0	48
0	50
0	58
0	9
1	16
3	9
0	55
0	40
24	55
5	1366
423	1363
0	142
0	0
0	0
0	100
0	25
1	97
0	76
0	33
4	61
0	40
0	25
6	10
0	83
0	99
0	166
0	97
0	97
0	100
0	51
0	14
0	99
0	42
0	99
0	65
0	99
0	99
0	99
0	10
0	115
0	3
0	50
0	12
0	6
0	0
1	1
0	0
0	0
0	1
0	0
0	0
0	0
0	0
0	0
1	0
0	0
0	0
0	0
0	0
13	1010
0	1009
0	979
0	258
3	115
13	36
0	70
48	633
8	146
0	29
0	439
1	220
0	1
0	67
0	457
0	0
1	20
16	485
0	50
0	61
1	443
1	12
0	213
0	96
0	386
0	448
0	176
0	186
0	63
29	18
0	683
0	681
0	636
1	599
2	192
0	73
3	1
8	162
0	81
0	26
2	535
1	1179
18	1182
0	154
2	7
0	727
63	536
1	852
0	913
0	234
17	660
0	379
0	460
0	427
0	115
0	209
5	141
0	89
84	309
1	309
0	776
0	815
0	515
0	521
0	470
0	447
6	160
0	397
2	316
0	135
0	165
0	181
0	126
2	121
1	39
0	49
0	51
14	61
21	14
0	783
0	214
3	206
0	178
0	59
0	150
0	144
0	146
0	155
0	155
1	135
0	35
0	77
0	92
4	1
3	2
0	122
0	122
3	122
0	68
0	52
0	1
0	29
0	7
0	25
1	10
0	15
0	9
0	9
0	3
0	3
0	1
0	0
0	0
0	0
0	19
0	20
0	8
0	19
2	19
0	21
0	7
0	0
0	1
0	1
0	6
0	0
0	0
0	0
0	0
0	0
0	0
0	0
38	17
0	17
0	0
0	0
0	138
3	136
0	124
2	133
0	158
3	26
0	127
0	131
0	47
0	87
0	63
0	70
1	51
1	32
0	75
0	26
0	11
54	1
6	39
3	35
0	19
0	0
0	0
0	0
0	0
0	0
0	0
0	1
0	0
0	1
0	1
0	0
0	0
0	185
0	0
1	0
0	0
0	122
0	373
0	365
0	364
2	331
0	345
2	336
0	28
0	322
1	94
0	334
0	6
0	37
0	7
0	45
0	37
0	6
0	5
0	36
0	28
0	115
0	121
0	114
0	14
1	7
0	109
0	104
0	95
0	95
0	80
0	82
1	13
0	19
0	9
59	87
0	80
0	17
1	40
0	36
0	26
0	11
3	7
0	6
0	6
0	4
0	1
0	2
0	2
0	62
0	53
0	62
0	62
0	5
0	3
0	0
0	2
0	2
0	0
1	0
0	335
0	391
8	394
0	452
0	475
0	462
0	488
0	336
0	89
0	125
0	298
0	391
0	336
0	495
1	496
0	412
0	295
0	501
0	323
0	501
0	295
0	336
1	296
0	393
0	321
0	334
0	328
0	475
0	499
0	334
0	500
0	295
0	294
0	296
0	38
0	488
31	500
0	304
0	126
0	449
0	466
0	481
0	137
0	286
0	306
0	303
0	59
0	103
0	187
0	172
1	109
0	191
0	204
0	129
0	28
0	127
0	17
0	97
0	91
0	20
0	5
0	22
0	14
0	19
0	22
0	18
0	17
0	1
3	2
0	2
0	0
3	71
0	71
1	71
0	0
0	0
0	0
0	580
7	581
22	580
0	473
0	473
0	446
0	342
8	273
0	348
1	358
0	343
0	304
0	221
0	105
0	130
0	123
3	50
5	0
0	581
0	2
0	0
1	3
1	1
0	2
43	3
0	2
0	2
0	2
0	0
0	1
0	70
0	84
0	4
0	1
0	2
0	17
0	82
0	8
0	80
0	7
0	9
0	0
0	75
0	1
0	3
0	78
0	10
0	13
0	47
0	5
0	10
1	7
0	9
0	5
0	1
1	24
0	13
0	0
0	0
0	0
0	0
0	0
0	2
1	51
0	37
0	3
0	9
0	1
2	42
0	2
0	36
0	20
0	1
0	1
0	1
0	1
0	1
0	0
0	0
0	0
0	1
0	1
0	11
1	11
0	4
0	23
0	11
0	3
0	23
0	1
0	13
0	14
0	2
0	4
0	63
0	366
0	366
0	354
1	311
0	328
0	214
0	635
0	635
2	463
0	432
0	562
0	601
1	338
0	303
0	287
0	34
0	44
0	59
0	94
0	42
0	60
0	43
0	59
1	38
0	55
0	46
0	22
1	14
0	22
0	16
3	12
1	0
7	67
9	42
0	30
0	44
0	43
0	6
0	30
0	19
5	21
0	7
0	7
0	1
0	1
0	1
1	206
0	145
0	206
2	133
0	130
0	122
2	0
0	0
0	0
0	0
0	0
25	4
0	4
0	0
0	165
0	174
1	64
0	17
128	454
0	453
22	387
0	4
0	2
0	5
0	5
2	3
0	2
0	2
0	2
0	2
0	2
0	2
1	2
0	2
0	0
2	9
2	9
0	1
0	243
2	115
237	698
0	145
0	165
1	83
0	145
1	66
2	343
0	0
112	637
1	286
1	352
2	178
1	375
1	169
11	232
0	642
0	642
34	377
0	385
36	569
0	16
0	48
2	101
0	77
2	28
0	34
19	8
0	39
12	52
0	0
0	0
0	150
0	952
0	1034
0	952
2	45
0	90
0	98
0	369
1	913
1	165
0	20
12	358
0	2
2	2
0	0
34	222
2	222
0	96
1	193
40	216
1	2
0	2
0	748
2	748
17	745
0	745
0	541
0	103
1	101
0	15
0	1
0	51
0	37
0	9
0	4
0	1
0	102
0	12
0	56
1	8
0	106
3	14
0	0
0	0
0	0
0	0
0	0
63	783
0	5
0	642
0	683
0	249
0	142
0	148
1	20
0	55
0	92
0	199
0	433
0	42
0	419
0	28
0	60
0	57
0	415
0	20
0	138
0	394
0	366
0	0
0	80
26	169
18	161
0	151
7	36
1	83
0	48
0	1
0	1
0	1
0	1
0	0
0	0
0	533
0	523
0	532
0	477
0	528
13	0
2	20
0	58
0	81
0	58
0	68
0	85
0	79
0	76
3	74
1	49
0	642
0	534
0	676
0	680
0	679
0	609
8	97
1	104
3	334
15	81
0	88
0	42
27	27
0	229
1	117
0	78
0	125
0	127
3	45
1	33
0	0
0	0
0	0
0	0
0	0
0	0
0	0
0	0
0	0
0	0
0	0
0	0
0	0
0	0
2	640
0	31
0	658
1	27
0	9
2	50
2	70
8	27
11	112
0	0
0	0
0	0
0	0
0	0
0	0
0	0
1	2522
0	706
1401	2892
4	675
0	589
0	505
0	2209
0	391
0	163
11	1866
1	419
1	2493
2	334
0	425
0	703
0	313
0	950
1	989
2	555
0	0
0	0
0	0
0	0
0	0
0	11
0	132
0	8
2	154
5	12
0	8
0	8
0	7
2	5
0	6
0	4
0	124
0	0
1	4
0	1
0	0
2	2
1	4
0	6
16	80
1	0
0	0
0	0
0	16
0	81
0	76
0	59
0	0
0	33
0	9
0	0
0	0
0	0
0	0
0	1
0	1
0	1
0	1
0	1
0	2
0	2
0	2
0	0
0	0
0	0
0	1123
0	932
0	851
3	936
0	756
1	1119
4	237
3	54
4	66
0	77
0	33
3	130
0	130
0	84
0	72
0	72
0	277
0	413
0	398
0	10
6	178
1	240
2	255
2	88
0	16
16	89
0	6
0	34
0	26
23	2
0	2
2	0
0	816
0	816
0	109
0	2645
2	35
0	78
0	635
0	43
9	73
0	49
31	683
0	0
0	2
0	2
0	3
0	12
0	0
0	0
0	6
1	12
0	3
8	12
0	5
0	1
0	0
1	0
0	0
0	0
0	0
0	2
0	2
0	0
0	0
0	0
0	0
0	1
0	1
0	0
0	1
0	0
0	448
3	366
0	284
0	295
0	261
29	264
2	198
16	220
1	221
0	147
0	210
1	186
0	119
2	59
20	0
15	835
5	53
0	846
0	86
0	833
0	22
0	21
0	17
5	25
0	24
0	24
0	24
0	21
0	23
0	16
0	15
0	10
0	8
2	8
0	9
0	1
0	121
0	8
0	4
1	116
0	6
1	6
0	83
0	3
1	118
6	7
1	78
0	389
0	22
6	193
9	203
0	60
95	389
0	75
0	6
0	87
0	6
3	6
0	3
0	3
0	29
1	32
0	9
0	8
0	17
0	165
0	9
1	189
0	189
1	184
0	2
0	5
1	4
0	4
0	9
1	2
24	2
0	200
0	194
0	184
0	177
0	10
0	159
1	159
0	2
0	1
0	1
0	0
0	0
0	11
0	19
0	18
0	4
0	4
0	0
217	37
0	11
0	19
0	18
0	1
0	1
0	1
3	2
0	0
6	130
25	124
0	133
0	74
0	81
0	20
0	118
50	594
0	76
0	55
0	55
2	77
0	253
1	500
0	468
0	610
0	29
0	51
0	96
0	118
1	73
7	33
15	163
0	471
0	479
17	180
0	467
0	458
0	191
0	40
0	39
0	4
0	3
0	0
0	0
0	0
0	0
0	26
0	45
0	66
0	38
0	39
2	29
0	0
0	0
0	0
1	1
0	1
0	0
0	0
0	173
1	203
0	228
0	218
0	236
0	194
0	249
0	218
0	249
0	251
0	217
1	253
0	261
0	86
3	194
0	23
0	211
0	154
0	146
0	225
0	238
0	236
0	253
0	235
1	234
0	163
0	208
0	82
0	215
0	53
0	169
0	193
0	198
0	115
0	63
0	24
0	107
0	23
0	39
0	43
0	39
0	45
0	40
0	29
0	19
2	11
1	8
0	224
0	279
0	285
0	347
0	287
0	140
0	255
0	260
0	255
0	284
0	342
0	366
0	336
0	317
0	218
0	260
0	227
0	235
0	245
1	68
0	276
0	303
1	637
0	646
0	659
0	668
0	646
0	635
0	23
0	242
0	112
1	429
0	443
0	441
0	410
3	263
0	409
0	458
0	395
0	403
0	429
0	351
2	382
0	394
1	319
0	372
19	347
0	263
0	206
1	110
0	58
0	47
12	217
254	370
6	302
3	2
6	148
1	60
0	112
0	112
0	105
11	112
2	21
1	91
2	42
0	78
0	109
0	96
0	105
0	117
0	101
0	119
0	51
0	75
0	100
1	81
0	1
0	8
8	24
0	3
0	0
0	0
0	0
0	92
0	88
0	194
0	187
0	93
0	118
0	46
0	51
0	84
0	0
0	0
0	109
0	271
0	278
1	50
0	254
0	55
28	143
0	80
0	80
4	97
12	0
0	99
0	103
10	33
0	88
0	22
0	42
0	86
27	28
0	53
0	0
311	232
7	65
2	68
0	25
0	39
0	23
1	6
0	63
0	21
0	55
7	0
2	45
52	24
0	46
3	100
0	22
0	512
0	124
0	214
256	597
0	169
0	97
0	3
0	60
7	0
0	8
0	46
0	48
0	12
0	21
0	20
2	43
0	21
1	38
0	44
0	23
1	31
0	17
0	7
7	17
0	16
0	36
0	32
0	33
0	33
0	40
0	11
0	27
10	46
0	10
0	29
8	21
1	240
1	97
0	273
0	125
0	127
1	139
0	253
0	242
0	299
3	243
0	101
0	106
1	101
1	134
0	186
0	234
0	256
1	297
0	339
0	406
0	207
0	174
0	228
0	53
0	70
4	291
0	75
0	12
0	195
0	763
0	122
20	925
2	436
109	463
0	1190
0	463
82	483
0	802
0	1184
0	561
0	573
5	462
0	782
0	491
12	1171
1	432
15	13
0	13
4	20
0	9
1	448
0	455
0	347
5	10
0	7
13	14
0	349
84	327
0	0
0	0
0	0
0	18
0	16
0	11
0	11
0	2
0	429
8	399
0	429
1	417
1	41
2	175
0	163
1	130
0	127
0	112
0	47
0	56
0	34
0	386
0	386
0	274
0	277
15	284
0	248
1	7
0	46
3	8
14	202
5	343
10	79
14	262
0	263
0	270
1	43
2	23
0	109
0	36
6	20
0	16
5	13
1	13
0	5
0	5
0	5
0	0
0	5
0	0
0	0
0	4
0	5
0	0
0	0
0	0
0	5
0	6
0	5
0	6
0	5
0	1
0	2
0	67
1	67
0	71
0	58
1	50
1	7
0	9
0	10
0	13
8	0
0	0
0	0
95	27
1	27
0	10
0	9
0	0
0	0
0	0
0	118
0	120
0	2
0	1
0	8
0	42
0	0
4	47
0	41
0	1
0	8
0	4
0	6
0	10
0	9
2	5
0	0
0	0
0	0
0	0
0	0
0	0
0	0
0	0
0	0
0	0
0	0
5	39
0	44
0	42
4	41
0	1702
42	398
0	1711
0	1706
0	1674
0	1658
60	1658
0	105
0	88
0	175
14	310
12	0
14	789
0	791
0	788
0	793
0	773
0	788
1	626
0	378
0	392
0	308
1	69
0	87
0	53
1	63
0	61
0	61
0	36
0	53
0	43
0	26
0	1
0	651
0	647
0	658
6	551
0	656
0	685
0	271
0	682
0	42
4	18
0	123
0	79
1	87
0	71
0	65
0	65
0	32
0	21
1	13
0	22
0	21
0	664
0	283
0	268
0	293
0	64
0	27
0	94
0	286
0	14
1	21
0	0
0	0
0	0
0	286
0	309
0	308
1	44
0	305
4	13
0	307
0	67
0	304
0	305
0	291
0	13
0	65
0	0
0	296
0	23
0	15
0	0
0	0
0	0
0	0
0	0
0	0
0	0
0	0
0	0
0	0
0	0
0	0
0	0
0	0
0	0
0	0
0	0
0	0
0	0
0	0
0	0
0	0
0	0
0	0
0	0
0	0
0	0
0	0
0	0
0	0
0	0
0	0
0	0
0	0
0	0
13	1646
1	1748
0	265
19	248
2	137
0	36
0	31
0	478
2	55
0	133
0	25
0	31
0	473
0	140
1	37
0	29
0	30
0	24
0	23
0	2
0	20
0	20
0	0
0	18
0	11
0	5
0	5
0	0
0	24
0	11
0	16
0	12
0	1
0	16
0	12
0	0
0	0
0	0
0	0
2	37
0	16
0	446
0	41
0	466
0	438
0	15
0	0
0	0
0	0
0	0
0	0
0	0
0	0
0	0
0	0
0	0
206	56
1	56
0	0
0	0
0	0
60	333
0	299
0	240
0	240
0	194
0	190
0	178
0	147
0	140
0	112
0	119
0	78
0	94
0	86
3	78
1	38
0	26
21	26
4	14
9	7
0	7
0	6
0	0
0	147
0	136
11	108
0	145
1	48
0	55
6	150
5	60
0	29
0	95
0	24
0	4
0	14
0	17
15	27
1	53
0	20
0	29
2	27
0	17
0	19
1	19
0	10
9	5
0	19
0	20
0	13
1	15
9	20
0	14
0	29
28	68
2	65
0	61
0	7
1	4
0	4
0	0
0	0
0	0
0	0
0	0
0	0
0	5
0	5
0	0
0	0
0	0
0	0
0	0
0	0
0	0
0	0
0	0
0	365
0	423
1	329
0	155
0	372
3	362
0	321
1	218
0	323
4	271
0	354
0	145
1	118
0	143
0	143
2	111
0	0
0	1
0	1
0	81
0	770
0	759
1	432
0	711
0	709
0	727
0	193
3	167
11	428
2	315
0	114
4	278
1	223
0	138
1	136
0	105
0	127
0	0
0	13
0	12
9	13
0	2
0	0
0	1
0	2
0	2
1	0
0	479
0	38
0	42
0	31
0	58
0	159
0	73
0	93
0	592
1	616
0	0
0	466
0	16
3	38
0	40
0	16
0	77
0	140
0	44
3	39
0	307
0	308
8	53
0	34
0	29
0	19
0	16
2	0
107	0
0	61
1	64
0	184
0	171
4	202
1	166
3	177
0	151
1	17
0	1661
0	1661
0	368
3	415
48	3363
0	11121
0	10935
52	3368
0	3909
15	3382
0	4972
27	4829
0	4800
3	2871
1	2806
0	2562
32	2358
2	661
0	56
1	598
7	595
0	241
31	52
4	204
1	428
2	15
2	154
1	6
0	25
23	72
6	25
0	25
3	14
7	7
11	164
8	3
0	23
0	35
21	99
0	32
0	5
3	72
0	12
7	30
0	35
0	12
1	2
7	4
0	243
4	243
6	204
1	116
3	42
0	203
1	11
65	270
1	232
0	211
0	76
0	56
1	52
0	0
1	0
0	0
18	7
0	463
0	495
4	405
2	4
0	19
0	31
0	338
0	0
7	173
0	6
0	45
0	0
0	206
0	455
0	416
0	52
730	877
1	432
0	747
0	159
4	119
0	50
0	0
0	0
0	0
0	0
0	0
0	0
0	0
0	0
1	198
2	284
0	285
0	283
0	235
0	340
1	69
5	290
1	298
0	260
22	84
0	36
2	271
0	250
1	167
2	1454
2	1458
0	1470
0	1173
0	1243
0	1089
0	1023
0	1031
5	79
0	85
0	182
0	57
0	184
7	219
0	81
475	435
0	354
3	15
0	54
0	0
0	0
1	0
0	0
0	0
0	0
0	0
1209	3373
5	330
2	277
2	3231
0	1579
0	0
0	0
0	571
0	14
0	15
0	7
0	0
2	246
0	256
0	247
0	0
0	0
0	257
4	236
0	235
0	21
0	240
0	445
8	453
0	471
0	160
1	107
0	66
1	279
3	260
4	668
0	9
2	62
1	24
2	197
0	17
0	63
0	668
0	18
0	440
0	42
2	70
0	4139
4	3905
0	4023
0	3969
0	4000
2	433
1	216
0	3526
18	2204
0	142
1	122
4	815
0	22
5	1065
0	91
0	158
0	203
2	226
2	134
0	14
0	255
0	13
4	284
1	284
3	16
0	19
0	602
38	833
0	810
0	809
0	808
9	808
1	225
3	236
0	132
2	209
10	188
0	100
2	0
1	0
0	9
0	15
0	78
0	39
0	125
0	74
1	115
0	64
0	44
0	33
1	24
1	8
1	3
0	4
0	766
8	778
1	777
0	782
0	765
0	774
0	764
0	736
1	300
2	20
0	2
0	27
0	0
0	0
0	0
10	1
0	91
1	91
0	92
0	12
0	771
0	767
8	798
2	981
1	987
1	893
3	867
0	972
0	932
0	1035
0	160
0	972
0	930
0	935
0	832
0	839
0	1
0	1
0	0
0	0
0	0
0	0
0	0
0	0
0	0
0	24
0	24
0	2
0	7
0	25
0	24
0	24
0	18
0	24
0	2
0	9
0	14
0	14
0	24
0	25
0	25
0	21
0	25
0	24
0	25
0	24
0	24
0	24
0	25
0	23
0	25
0	24
0	20
0	25
0	24
0	25
0	24
0	24
0	24
0	22
0	25
0	25
0	21
0	25
0	25
0	23
0	23
0	25
0	24
0	15
0	24
0	24
5	24
0	25
0	24
0	23
0	25
0	24
0	22
0	25
0	24
0	23
0	24
0	25
0	25
0	24
0	12
0	25
0	18
0	2
0	5
0	8
0	2
0	0
0	25
0	7
0	24
0	20
0	23
0	21
0	2
0	3
0	12
0	15
0	4
0	13
0	1
0	3
0	11
0	9
0	1
0	12
0	12
0	12
0	11
0	10
0	8
1	1
0	8
0	5
0	0
2	7
0	5
0	3
0	1
0	2121
0	2120
0	2143
14	610
1	2157
2	1112
0	156
0	149
0	210
0	2117
0	2170
0	2084
44	391
0	2014
0	1976
0	2115
1	67
0	2143
0	52
0	142
0	2142
0	2141
0	2201
0	2139
0	2141
0	2144
0	159
0	2007
0	157
2	1802
53	1699
3	1186
0	1094
0	4
0	0
38	4
0	0
0	0
0	0
0	0
0	0
0	0
0	0
0	0
49	461
0	450
0	401
3	114
0	1
0	36
0	36
0	79
1	26
0	20
0	54
0	53
0	61
0	47
0	32
1	27
1	27
1	10
0	1320
0	1098
0	1289
0	1042
0	150
0	1321
0	1049
0	55
0	96
0	64
0	101
2	95
0	73
0	293
0	255
0	881
0	687
0	1287
0	226
0	126
0	917
1	1
0	173
0	103
0	51
7	35
0	56
6	77
6	138
7	213
12	1369
0	1369
0	679
0	74
8	505
0	773
0	55
3	797
1	86
0	469
0	721
0	133
0	101
4	82
70	567
0	96
1	45
0	5
0	5
0	5
0	0
0	222
198	4334
0	3285
0	1867
41	3174
0	3100
0	1344
0	1556
2	1708
1	1692
0	1310
1	154
0	736
0	974
0	809
1	498
7	680
0	448
0	319
0	451
4	274
0	303
0	134
15	303
0	198
1	134
11	331
2	227
1	17
0	269
0	153
3	162
2	122
0	146
0	112
0	112
0	102
0	56
0	0
0	0
2	1482
2	1471
0	54
0	1514
0	73
0	1465
0	103
6	84
0	84
0	18
0	10
0	27
0	18
0	15
0	0
0	14
0	4
0	0
0	0
1039	535
0	120
1	415
2	20
0	60
0	67
0	10
1	33
0	40
0	35
0	65
0	52
0	60
1	62
0	62
1	67
0	10
0	11
2	60
0	40
0	22
0	59
0	26
0	24
0	12
0	58
0	57
0	13
1	11
0	24
0	29
0	23
3	4
1	4
0	417
0	432
0	344
0	377
0	106
0	271
0	449
0	381
7	435
0	370
2	258
2	93
0	436
0	339
0	432
0	269
0	435
0	88
0	363
0	158
1	367
3	37
33	237
0	61
0	282
0	344
0	302
0	46
0	67
0	95
0	168
0	167
0	203
0	183
0	142
0	90
0	217
0	168
0	224
0	264
0	129
0	336
0	81
0	195
1	29
1	163
0	111
58	502
0	502
0	502
0	502
4	29
1	74
1	71
0	77
0	76
0	2
0	3
0	3
0	1
0	0
0	0
0	74
1	43
10	2
0	1
0	144
0	94
0	116
0	537
0	113
0	200
0	581
19	25
0	229
0	177
0	141
0	337
1	559
0	57
0	114
0	580
2	147
0	157
1	115
3	575
32	532
0	151
9	466
85	199
0	190
0	170
5	176
0	186
0	53
1	88
0	139
3	25
1	97
1	10
0	74
10	12
0	70
2	80
0	36
0	14
0	1
0	81
0	0
8	83
1	1
0	82
0	82
0	2
0	11
5	417
0	220
3	197
1	135
10	428
0	395
1	118
1	48
0	23
1	128
0	321
0	58
26	109
22	372
0	88
24	313
0	87
9	38
0	52
6	10
0	216
0	242
0	33
0	264
6	263
1	71
0	72
0	81
0	34
1	70
0	13
0	0
6	213
0	41
138	247
5	111
3	111
23	7
0	1847
0	4961
9	4957
232	4254
0	4662
0	4002
0	1549
11	988
0	630
2	824
0	824
0	823
0	2
1	0
1	0
0	41
0	348
2	398
0	853
0	224
8	110
0	155
0	351
1	764
1	276
34	668
11	529
3	160
0	0
0	289
0	449
0	471
1	49
1	396
0	396
0	556
1	436
4	357
0	225
3	138
0	12
0	103
154	1760
0	529
0	1656
0	245
2	312
0	177
0	242
7	56
0	285
0	203
0	126
1	39
0	406
3	221
0	301
0	773
1	187
1	273
9	398
0	357
0	116
6	303
0	294
0	0
0	0
0	0
0	37
0	28
0	18
0	6
0	32
0	32
0	43
0	36
0	18
0	1259
22	1164
24	1060
5	1124
1	468
0	1195
0	422
3	217
0	431
0	284
0	0
0	0
0	0
0	0
0	0
15	220
15	211
8	243
0	225
0	225
0	31
12	45
0	44
0	70
0	51
0	47
0	58
4	36
0	35
1	32
0	36
0	29
0	33
0	14
0	5
0	7
0	0
0	1
0	1
0	2
0	2
0	2
0	2
0	2
0	2
0	1
0	0
0	0
0	0
0	0
0	0
0	0
0	0
0	0
0	0
0	0
0	0
0	554
0	622
0	625
1	604
0	626
0	607
0	567
0	301
0	615
0	564
1	562
0	279
0	304
0	418
0	511
0	572
0	533
0	592
0	585
3	309
0	58
0	248
7	116
53	28
0	28
1	2
2	2
0	489
2	375
0	1429
0	371
2	73
0	1328
0	36
11	128
0	0
0	0
0	0
5	171
0	0
0	21
607	237
5	233
0	29
0	57
1	1265
6	1202
0	1314
5	1279
0	1298
0	1298
0	1247
0	1245
0	229
6	95
0	100
0	3048
0	2893
0	2421
84	2768
0	109
0	287
0	734
0	2635
0	3076
0	2798
5	2420
0	2243
8	455
5	293
0	1447
3	893
0	251
0	1042
20	989
0	872
0	62
0	137
0	987
0	1017
0	126
0	848
0	964
0	46
0	911
1	125
0	374
0	36
0	49
0	90
0	175
0	54
0	107
0	927
0	0
0	169
0	647
0	604
6	747
0	798
0	772
0	829
0	496
19	413
0	511
0	281
0	311
0	299
0	98
0	240
0	161
0	161
0	117
0	103
0	68
0	90
0	1
168	226
1	74
0	65
18	199
0	59
0	36
0	25
0	1
34	659
0	411
0	612
1	77
0	473
0	677
0	403
0	53
0	609
0	99
1	37
2	29
2	86
12	14
0	228
0	323
0	14
0	11
0	29
0	233
0	237
0	216
0	255
28	317
2	13
0	28
1	68
6	19
0	66
0	18
0	7095
6	12114
63	9625
56	829
73	12049
23	9174
124	1344
7	4820
3	0
1	637
0	379
0	620
0	610
0	36
0	76
0	592
0	330
0	293
0	13
1	38
0	84
0	152
0	59
1	55
1	21
2	28
2	15
0	14
2	11
0	39
34	178
625	188
7	34
0	1
0	0
0	1
0	0
0	32
0	25
0	17
35	22
1	6
0	5
1	15
0	5
0	8
0	0
0	1
0	32
7	32
0	0
0	0
0	0
0	0
0	0
0	0
0	0
0	0
0	0
0	0
0	0
0	0
0	0
59	434
0	434
0	213
1	17
10	410
1	173
0	122
0	153
1	93
0	93
0	0
0	127
0	125
0	130
0	113
1	28
2	637
0	706
2	489
0	482
0	27
0	5
0	31
0	704
0	12
0	12
0	12
0	12
0	12
0	675
0	12
0	35
0	14
1	12
0	17
0	17
0	57
0	48
0	83
0	92
0	95
0	12
0	13
0	66
0	5
0	4
0	2
0	13
5	23
0	359
0	33
0	435
1	402
0	185
1	22
0	388
2	159
0	388
0	20
0	288
0	14
0	46
0	281
0	258
0	29
0	60
0	52
0	47
1	0
5	0
0	0
0	0
2	0
0	527
4	443
0	498
0	259
0	198
0	89
0	135
1	28
0	102
3	78
0	105
0	39
0	18
0	3
0	0
12	170
3	226
90	226
0	60
0	71
3	23
0	11
1	22511
0	19621
0	22509
0	20366
0	22048
0	22067
0	22030
0	19235
0	19176
1	18375
18	21542
0	18652
0	18943
3	19154
0	21530
0	21543
2	21899
0	21554
0	20246
0	21808
0	11260
0	12328
1	10887
0	12298
0	12305
0	383
0	112
1	477
5	121
0	424
1	397
1	413
0	91
0	272
0	431
1	466
0	262
0	469
0	246
0	267
0	191
0	245
2	307
0	295
1	230
0	191
0	205
1	181
0	402
0	228
4	42
21	66
15	484
0	484
0	73
0	107
0	403
0	389
0	407
0	416
0	140
0	486
0	31
2	79
0	21
0	50
1	111
0	97
21	116
1	108
1	7
0	0
0	0
0	0
0	0
0	0
0	0
0	0
0	0
0	0
0	0
0	0
0	0
0	0
0	0
0	0
0	0
0	0
0	0
0	0
0	0
0	0
0	0
564	114
3	84
1	43
0	12
0	23
1	768
0	127
0	1
0	1
0	0
0	0
2	258
0	95
3	83
0	67
35	160
18	98
0	100
0	60
0	1843
0	1550
0	86
0	1824
0	1877
0	1827
0	1748
0	1839
0	1736
0	1802
0	1837
0	1557
0	1779
0	1585
0	1517
0	1776
0	1819
0	1830
0	1700
0	1804
0	1764
0	1791
0	1545
4	1778
0	1799
0	1840
0	1685
0	1751
0	1466
0	1840
0	1799
0	979
0	1637
0	1811
0	1780
0	1817
0	1762
0	93
7	176
0	1780
5	1566
0	1540
0	105
0	1227
0	1232
1	221
0	1269
0	1243
0	1160
2	1225
0	1034
0	91
0	3203
0	3258
0	3227
0	3234
0	1739
0	3175
0	3315
0	2986
0	3185
0	2562
0	3015
0	3211
0	3146
0	3316
0	3102
0	3094
0	3170
0	3133
0	3178
5	2367
0	2506
0	2663
0	2968
0	1606
0	1815
0	2735
0	2939
0	3194
0	3056
0	2347
0	2340
43	3018
1	2847
0	3191
0	2838
0	3033
0	3067
0	3221
0	2715
0	2892
0	3047
1	2947
0	3122
0	3020
0	3038
0	3131
0	3171
0	2897
0	2988
0	3086
0	2806
0	2982
0	2682
0	1756
0	2930
0	2817
0	2894
1	3023
0	2929
0	2835
1	2779
0	2608
0	2748
1	2060
0	1034
0	1175
0	769
0	885
0	772
0	824
0	989
0	485
0	650
1	628
1	626
0	177
1	139
6	139
0	75
0	65
0	45
0	0
12	11
336	11
0	11
0	0
2	21
4	21
0	0
0	0
0	1
0	1
0	1
1	0
0	0
0	0
0	0
0	0
0	0
0	0
0	0
1	53
564	53
0	0
0	0
0	0
0	32
0	29
0	32
0	6
0	4
2	0
0	961
13	149
0	74
0	856
0	1259
6	1277
0	796
0	913
0	123
0	131
0	67
2	102
0	73
4	40
6	74
1	89
0	54
0	116
1	197
0	56
0	553
8	69
61	450
0	450
0	237
236	1997
2	1966
0	41
2	137
0	104
0	0
0	0
0	0
0	0
0	0
0	0
0	48
0	1132
2	94
0	0
0	94
0	233
0	232
17	97
0	218
0	155
2	56
0	84
0	34
0	20
0	4
0	99
0	96
0	104
0	87
0	100
0	99
0	94
0	112
0	97
0	132
0	98
1	107
0	101
0	129
0	113
0	114
0	113
0	97
0	86
0	101
0	111
0	114
0	38
0	59
0	47
0	106
0	113
0	112
0	43
0	93
0	91
0	117
0	46
0	62
0	60
0	121
0	102
0	96
0	120
0	101
0	124
0	24
0	90
0	100
0	101
0	83
0	86
0	117
0	33
0	95
0	26
0	35
0	39
0	27
0	74
0	88
0	108
0	88
0	92
0	93
0	90
0	82
0	87
0	90
0	94
0	103
0	63
6	92
0	98
0	13
0	69
0	56
3	49
0	60
1	620
0	966
0	187
3	210
0	1133
0	1103
1	65
1	850
0	223
0	268
2	49
3	77
0	102
4	311
0	327
0	18
0	72
0	47
0	323
0	309
0	308
0	155
0	91
0	0
0	0
0	0
0	0
0	0
0	0
0	0
0	0
0	0
0	0
0	0
0	0
0	0
0	0
643	150
2	118
5	90
3	13
4	38
0	251
0	310
0	332
0	110
0	169
0	132
0	107
0	80
0	111
0	17
1	111
0	92
0	20
2	61
39	1077
4	892
0	1090
0	525
1	112
0	29
1	32
0	18
0	10
0	2
0	4
0	10
0	3
0	8
0	27
0	15
15	345
37	374
0	371
3	122
0	71
3	100
0	0
0	0
0	0
0	0
0	0
0	0
0	0
2	0
0	0
286	1075
0	441
1	999
4	880
0	400
0	1269
0	1337
0	1342
0	1336
0	1347
0	1210
2	1409
0	530
0	1274
0	84
0	1155
0	1178
0	1228
3	721
0	157
0	2578
0	3722
0	3409
1	2302
0	82
2	420
0	176
3	238
1	130
24	1406
0	56
3	7
0	7
0	4
13	72
0	72
3	8
0	5
1	100
0	109
8	87
0	30
0	38
0	26
0	676
0	660
25	49
0	304
0	266
0	279
0	274
22	296
0	249
0	171
0	272
0	36
2	33
0	74
1	0
0	36
0	99
0	108
1	23
0	29
0	45
0	62
0	39
0	34
0	602
0	671
0	663
1	285
0	202
1	94
9	133
1	58
0	19
0	56
2	149
0	84
0	76
1	63
0	270
0	56
0	278
1	208
2	264
0	246
0	249
0	249
0	7
0	241
0	200
0	189
0	133
0	270
0	263
0	145
1	270
0	271
0	144
0	47
0	40
0	183
0	138
0	263
0	168
0	263
0	263
0	169
0	200
0	211
0	155
0	110
0	48
0	34
17	228
3	223
1	152
0	93
0	74
1	12
1	17
0	32
0	37
0	37
0	32
0	37
0	11
0	4
0	18
1	1
0	12
0	15
0	11
0	8
0	5
2	10
0	8
0	6
0	3
0	4
0	0
0	0
0	0
0	0
5	1156
5	278
0	277
1	678
0	747
3	548
0	569
2	228
0	456
0	450
0	195
0	214
0	211
0	208
0	417
0	420
0	434
0	35
0	151
0	154
0	159
0	118
0	249
0	96
0	50
0	106
0	11
21	77
0	45
1	47
0	29
0	0
0	16
0	3
1	19
0	7
1	15
243	772
5	78
7	153
1	254
3	408
0	495
0	171
1	773
2	634
1	352
145	770
0	168
0	480
5	293
0	195
12	252
0	205
0	164
4	16
0	9
0	252
0	285
0	286
0	119
0	72
15	831
23	824
0	256
0	177
0	165
0	128
7	9
0	86
2	76
0	85
1	81
0	8
0	78
1	0
0	776
0	776
14	723
0	728
22	697
0	433
0	206
0	174
0	386
0	233
0	241
1	193
0	101
0	18
0	24
0	8
0	0
0	0
0	1
0	1
0	0
0	0
0	1
7	9
0	8
1	0
3	8
3	8
5	2
0	1
0	16
6	269
0	274
0	266
0	5
0	260
0	22
0	41
0	91
0	251
0	217
0	91
0	116
9	112
4	59
0	62
12	5
3	71
0	4
0	1
0	4
0	1
1	4
0	4
0	1
0	0
0	4
3	5
0	2
0	0
102	159
5	81
0	85
0	84
281	0
72	589
2	257
0	260
3	338
0	46
3	0
0	43
3	41
3	4
3	22
1	39
0	755
24	854
0	874
1	31
0	2
2	459
0	29
1	427
0	88
1	163
0	53
1	81
6	398
3	62
5	51
10	85
0	720
0	5
823	501
0	397
5	224
4	226
1	165
0	312
0	318
0	2
0	282
0	99
0	91
0	68
0	28
1	33
1	15
0	13
0	11
0	0
0	0
0	0
0	108
0	21
0	36
0	2
0	4
0	4
0	3
0	3
0	4
0	2
0	1
0	1
0	1
0	1
0	0
0	885
1	873
1	226
0	260
0	153
0	128
0	712
0	715
0	389
4	239
9	185
4	111
0	95
0	340
0	275
0	279
1	126
1	218
0	274
0	318
1	88
0	80
2	113
0	2532
3	2494
17	1492
0	1506
0	2378
0	2193
0	2152
0	2067
0	301
3	757
0	236
0	289
0	526
0	179
0	530
8	18
0	548
0	481
0	499
0	71
0	35
3	5
0	34
3	367
17	215
0	386
0	307
1	169
4	145
0	78
0	3
0	0
0	9
0	7
0	94
1	9
0	14
0	86
0	99
0	6
0	64
0	88
0	14
0	49
0	82
0	94
0	69
0	94
0	3
0	3
0	1
0	7
0	1
0	48
0	0
1	52
1	50
0	39
0	2
0	42
0	54
0	38
0	3
0	0
0	0
0	0
0	0
0	0
0	0
0	0
0	0
0	0
538	292
0	89
2	267
0	83
0	44
2	40
0	11
0	11
0	8
0	2
0	0
3	3
0	2
0	0
1	1
0	3
0	112
1	3
0	91
3	21
1	1
1	112
2	104
0	139
0	33
0	71
0	477
0	507
0	56
0	35
0	19
0	472
0	40
0	211
0	73
0	369
0	388
0	30
0	432
0	59
0	455
0	31
0	406
2	451
13	412
0	19
0	9
0	497
0	94
0	14
0	125
0	491
0	100
0	105
0	127
0	164
0	168
0	103
0	33
1	89
0	415
0	83
218	21
0	21
0	17
0	66
41	66
2	29
0	0
0	44
83	44
0	17
0	158
1	145
0	158
3	147
0	158
0	154
4	26
1	75
0	145
42	257
1	41
0	251
0	130
2	42
0	71
0	0
0	1
5	3
0	1
0	1
0	1
0	2
159	163
0	161
3	143
0	93
1	94
0	107
0	95
0	85
1	70
0	54
0	30
0	30
0	5
0	18
0	4
0	14
0	16
0	2
0	19
0	4
0	5
0	4
4	10
0	37
0	83
0	16
0	30
0	95
4	0
0	84
0	44
0	92
0	16
6	44
1	5
1	38
0	94
2	16
0	38
0	94
0	33
0	0
0	26
0	17
0	37
0	23
0	13
0	95
1	13
56	370
0	268
2	284
2	12
2	3
0	37
0	47
0	47
0	29
0	4
0	37
0	42
0	27
0	22
0	0
0	0
0	33
0	1
0	0
0	4
0	5
0	4
0	14
0	3
0	12
0	4
0	20
1	0
1	5
1	20
3	0
0	7
0	18
0	2
0	11
1	17
5	79
4	78
0	13
2	75
0	15
0	14
0	1
0	0
0	1
0	1
0	1
0	1
0	1
0	1
0	1
0	1
0	0
0	0
0	0
0	0
0	0
0	0
0	0
0	0
0	0
0	0
0	0
0	0
0	0
0	0
239	0
0	0
0	0
0	0
0	0
0	0
0	0
0	0
0	0
0	276
1	47
2	20
0	21
1	309
3	50
11	24
0	47
1	113
3	13
0	210
0	193
0	236
2	32
0	29
6	57
0	119
2	15
0	34
0	0
0	1896
0	450
0	193
0	498
1	1719
0	1776
1	1674
0	361
0	1482
26	1849
2	498
0	1852
0	1922
0	358
7	645
0	478
1	618
0	1770
0	1783
0	633
0	675
0	661
0	660
0	1580
1	407
0	1675
0	1531
2	1719
0	931
0	150
1	0
7	256
0	427
7	694
0	497
1	1029
0	999
0	1009
0	968
0	968
0	445
0	1000
1	997
0	130
0	47
0	59
0	44
0	35
0	582
0	28
0	30
5	30
0	296
2	47
0	62
5	61
0	298
0	499
0	524
0	103
0	1
1	425
0	86
0	377
0	377
0	377
1	347
0	54
1	28
36	966
2	966
2	40
0	17
1	103
28	122
4	33
3	414
0	200
0	126
1	82
3	95
0	0
0	0
0	0
0	0
0	470
13	470
0	70
0	33
5	46
0	36
9	0
8	0
34	476
0	470
0	319
0	26
2	107
0	97
0	9
0	20
0	48
0	20
0	44
0	0
0	0
0	0
0	0
0	0
0	0
0	0
0	0
0	0
0	0
0	0
0	0
0	0
0	0
835	191
1	191
3	57
6	0
0	40
0	415
0	31
0	228
0	47
0	61
0	14
0	405
0	355
0	91
0	213
0	161
0	215
0	239
0	217
0	125
0	156
0	23
0	44
0	51
0	23
0	158
0	192
0	190
0	167
0	185
0	20
0	158
0	177
1	182
2	113
0	4
0	40
0	173
0	174
0	168
0	40
0	108
0	121
0	115
0	106
0	119
0	107
0	97
0	105
0	113
0	78
0	85
0	46
0	21
0	17
0	40
0	10
0	38
1	39
0	27
0	36
1	37
0	32
0	0
0	11
2	12
4	12
0	12
0	0
0	0
0	0
0	0
18	129
0	5
0	55
0	18
0	13
0	52
0	1
0	50
0	44
0	129
0	55
0	6
0	45
0	3
0	61
0	34
0	55
1	25
0	27
0	21
0	1
0	10
0	10
0	14
0	10
0	2
0	10
0	2
0	22
0	10
0	9
0	3
0	5
0	585
0	510
0	581
0	626
0	515
0	78
0	567
0	527
0	601
0	59
0	66
0	585
0	585
1	641
0	101
1	116
0	80
0	164
0	535
0	590
0	465
0	616
1	593
0	581
0	601
0	571
0	533
1	587
0	518
0	583
0	504
0	555
0	581
0	319
0	522
0	214
0	463
0	468
0	551
0	566
0	124
0	84
0	169
0	48
0	431
0	51
4	4
0	194
0	364
1	35
0	292
0	468
4	372
0	43
4	131
0	144
0	126
0	428
2	1352
1	1299
0	1576
1	37
0	1583
12	137
0	0
1	62
14	1100
0	1100
1	78
1	1129
2	108
0	161
1	262
40	61
0	154
0	0
0	0
0	0
0	0
0	0
0	0
0	0
0	0
0	0
0	0
0	0
0	0
0	0
0	39
192	111
0	54
0	32
0	104
1	3
0	1
0	0
0	1
0	0
0	0
0	0
0	0
47	244
0	222
0	30
0	38
4	92
4	22
0	22
0	22
0	22
0	22
0	19
25	18
0	11
0	7
0	6
0	3
0	2
1	1
1	0
1	0
0	0
0	0
3	343
0	1
0	554
0	17
2	602
0	556
0	458
3	606
0	382
250	629
0	228
3	132
0	185
0	96
0	99
0	96
0	27
0	54
1	1
3	26
1	3
0	0
0	5
0	4
0	16
0	0
0	7
0	5
0	5
0	18
0	5
0	4
0	4
0	6
0	4
0	4
0	4
0	0
0	1
0	2
0	1
0	1
0	1
0	0
0	0
0	0
0	0
0	0
0	0
0	0
0	0
0	0
0	11
0	2
1	1
0	7
1	164
0	0
0	0
13	42
2	145
62	139
0	149
0	169
5	52
4	112
0	68
2	37
0	0
0	0
0	0
0	0
0	0
0	0
21	81
2	81
0	794
2	843
4	865
0	859
0	802
0	869
0	859
34	820
0	807
0	652
0	850
17	771
11	352
0	306
0	257
0	178
0	78
0	78
4	321
17	892
0	128
0	49
0	73
0	59
0	530
2	21
18	58
9	11
1	33
1	47
6	18
1	126
351	838
0	127
2	733
0	665
0	1
0	2
0	1
0	2
0	2
0	1
33	302
2	101
0	47
2	104
3	94
0	43
1	73
1	28
0	80
3	62
0	42
0	34
0	0
0	45
1	45
0	466
0	467
0	337
0	533
4	399
26	128
18	33
1	12
0	47
0	18
79	211
0	128
1	197
0	176
0	151
2	85
0	117
0	47
0	0
0	0
0	0
0	0
0	0
0	0
0	0
0	0
0	0
1	445
0	80
11	96
71	514
0	192
0	203
0	206
0	140
0	78
0	152
0	43
0	164
6	3
0	28
0	84
0	83
2	22
0	27
0	75
0	71
0	15
0	20
4	14
0	17
0	44
0	118
0	636
0	749
0	741
2	109
0	111
1	160
0	189
21	377
0	744
0	727
0	723
0	741
0	602
0	407
0	395
9	364
1	87
0	15
0	280
0	28
0	26
0	4
0	242
0	25
1	23
15	162
0	77
437	25
0	32
20	177
1	181
0	136
0	110
26	6
33	107
0	100
0	79
0	87
0	78
0	83
0	63
0	26
1	7
2	27
0	17
1	15
0	4
32	1032
0	835
0	1022
2	364
0	315
2	383
0	177
0	176
0	79
2	29
0	2
1	2
0	2
0	2
4	2
7	896
1	568
0	307
0	579
0	275
0	428
0	391
0	480
0	525
6	544
0	465
0	190
0	306
0	439
12	527
0	440
0	467
0	524
0	407
0	205
0	244
0	176
0	183
0	159
0	192
0	188
0	197
0	181
0	191
0	9
0	204
0	192
0	99
3	6
1	14
0	39
0	7
0	33
0	26
1	164
0	5
0	5
1	56
0	51
1	76
0	35
1	18
0	66
0	40
0	26
0	22
0	456
0	581
13	341
2	306
0	116
13	409
0	440
0	351
0	436
0	451
4	282
0	314
0	275
0	288
1	191
0	78
0	46
0	22
4	3
2	0
0	3
1	0
0	3
0	3
0	3
0	587
3	590
0	6
4	334
1	36
2	22
0	24
0	27
11	35
5	3
20	1301
0	4920
54	4699
0	4702
6	4684
450	259
0	259
0	60
0	521
0	532
0	131
0	142
168	94
1	75
0	72
0	29
7	10
0	439
0	439
1	452
0	442
0	315
5	247
0	272
0	283
0	57
0	32
0	61
0	199
2	15
0	138
0	127
2	100
0	66
0	73
1	72
0	51
22	1676
0	1505
1	1495
1	1512
0	1127
3	917
0	233
0	0
2	322
0	195
1	216
1	118
0	4
0	80
3	76
352	228
0	106
2	228
3	658
0	13
10	658
0	0
1	0
0	100
0	189
0	465
0	407
0	436
0	434
1	371
0	254
0	119
4	110
3	134
0	128
0	141
0	132
0	114
0	113
0	74
0	42
0	68
0	0
0	5
0	643
0	771
0	793
0	769
0	730
0	773
0	773
0	723
0	730
1	773
0	733
0	757
0	745
1	660
0	711
0	712
1	37
2	601
0	256
4	583
0	58
0	101
1	399
0	222
1	155
1	115
0	0
0	0
0	0
0	0
0	43
0	47
0	50
0	39
1	18
0	21
2	15
0	0
0	178
5	55
0	235
8	82
10	58
0	175
0	96
0	51
0	75
4	79
3	107
0	57
0	366
2	10
0	378
0	6
1	55
64	506
0	566
0	200
0	95
0	451
6	2814
0	2827
0	92
0	304
0	587
0	348
0	2853
0	2742
0	2819
0	318
0	33
0	890
0	234
7	90
8	1369
0	379
11	1001
8	718
1	324
1	297
372	31
0	31
5	600
35	740
14	21
1	15
12	718
0	885
0	864
0	877
3	869
1	589
2	438
2	103
0	35
0	58
0	23
0	40
0	30
0	45
0	22
7	33
0	12
1	239
0	237
0	238
2	238
0	237
0	242
0	236
0	233
4	22
1	54
130	1195
34	1181
13	103
9	637
1	21
1	635
0	86
0	15
2	116
148	116
0	0
0	0
0	8
18	54
54	170
0	55
43	159
3	87
0	88
0	56
0	59
1	37
0	45
0	16
0	7
3	28
3	5
0	12
1	2
0	19
10	47
0	9
0	9
0	2
1	0
0	6
0	91
0	2
0	2
0	2
0	79
0	2
0	1
0	0
0	31
0	31
0	84
0	2
0	16
0	31
0	2
0	2
0	0
0	2
0	84
0	12
0	3
0	5
0	2
0	20
0	2
0	16
0	20
0	2
0	6
0	21
0	1
0	12
1	20
0	15
0	20
0	17
0	21
0	20
0	11
0	6
0	60
0	1
0	54
0	3
0	48
0	64
0	48
0	13
0	37
0	1
0	2
0	9
3	200
0	99
16	644
1	188
1	55
0	235
0	649
0	231
2	79
104	243
0	221
0	207
0	196
0	194
0	0
0	82
0	4
200	0
0	1
2	1
0	1
0	1
0	1
0	1
0	0
1	10
0	737
0	669
0	744
0	744
0	690
0	705
0	689
33	758
0	644
0	275
0	712
0	744
0	705
0	443
0	739
0	672
1	739
1	100
0	51
0	66
3	98
0	81
0	299
1	10
0	788
0	792
0	794
0	518
1	33
0	46
7	45
1	11
6	28
0	5
4	88
0	11
0	30
0	84
0	11
0	11
0	5288
0	5317
171	5255
0	5185
0	584
2	880
0	268
0	7
1	236
0	148
0	337
0	341
0	400
0	167
19	63
1	0
0	62
0	35
0	28
0	4
3	12
0	11
0	983
0	481
8	363
0	361
7	148
0	0
0	0
0	0
0	0
0	1287
0	572
0	1262
0	1255
4	1260
0	1399
0	1123
0	516
5	818
0	689
0	776
0	652
0	1229
0	411
0	94
5	1212
0	791
3	678
0	697
3	217
2	2
114	158
0	71
0	0
0	157
0	0
0	0
0	0
0	0
0	0
0	0
0	0
0	0
17	82
0	66
2	3
0	74
0	34
4	1
0	36
0	36
0	38
0	76
1	72
0	37
0	73
0	35
0	2
0	79
0	74
2	73
30	200
19	305
0	997
25	1196
0	5
0	428
4	971
0	0
0	0
0	0
0	0
0	0
0	0
0	0
0	0
0	0
0	0
0	534
35	530
0	498
1	505
0	29
1	456
0	474
0	474
0	11
0	36
0	26
0	25
0	13
0	642
0	256
1	305
3	645
0	91
0	278
1	274
0	351
0	36
10	741
0	24
1	13
0	745
0	20
0	36
0	533
0	18
1	0
0	38
0	668
4	687
0	35
0	41
1	35
0	57
0	10
9	66
0	92
7	110
0	56
2	50
3	53
3	53
0	91
0	46
1	270
4	128
0	89
0	53
0	55
0	17
0	1
0	0
0	1
0	1
0	1
0	1
733	94
1	39
0	43
1	12
0	40
0	37
0	38
0	36
0	36
0	37
0	0
0	3
0	41
0	41
0	43
0	43
0	4
0	39
0	41
0	40
0	40
0	11
0	6
0	0
0	7
0	1
0	15
0	5
0	0
0	1
0	6
0	4
0	0
0	0
0	0
8	3
0	2
0	1
32	2
9	687
28	3430
0	4777
6	4773
21	2540
367	5722
43	5686
1	4528
4	1611
15	3904
0	1
0	11
0	0
0	0
0	0
0	11
7	11
0	0
0	0
0	0
0	2
3	11
0	0
0	11
0	0
0	55
0	54
0	42
0	60
0	13
0	36
0	26
1	12
1	55
2	111
15	849
4	833
10	628
0	238
2	228
12	103
5	36
0	164
0	94
1	358
1	98
340	340
1	162
2	32
4	0
0	0
0	0
0	0
1	0
4	980
0	2862
2	575
1	754
2	541
3	2814
0	365
5	589
1	144
1	312
6	530
0	175
0	333
0	2165
0	66
1	66
0	45
1	88
0	1744
0	1763
11	135
0	897
0	1788
1	1797
2	876
0	2113
6	1608
31	91
0	823
0	2097
0	95
2	1498
3	877
0	113
0	1094
1	1233
0	85
0	1032
12	239
9	353
3	139
1	85
0	213
4	169
0	178
0	65
0	69
0	0
0	0
19	0
1	3
0	1
0	3
31	220
0	185
3	17
0	67
0	8
0	7
0	23
0	1
0	2
0	0
0	1
0	19
0	24
0	25
0	20
0	22
0	24
0	22
0	24
0	2
0	3
0	3
0	1
0	0
0	3
1	3
0	0
1	381
1	172
0	163
6	447
0	468
0	454
17	35
0	292
0	182
18	395
0	40
0	53
18	1009
0	1047
0	689
0	704
1	754
0	650
4	150
5	38
2	56
0	98
0	363
0	136
0	30
1	37
0	149
0	54
2	69
0	20
3	756
5	756
0	514
0	412
0	113
0	190
2	512
0	176
11	342
0	514
0	136
0	373
0	166
0	85
0	412
5	515
4	115
1	135
109	752
0	406
0	655
0	496
0	641
0	280
0	350
0	448
2	8
0	241
0	125
1	422
0	311
2	9
0	413
0	316
0	345
1	384
0	288
0	326
0	327
0	327
0	423
1	72
0	113
0	416
1	155
0	323
0	309
0	20
7	113
1	9081
1	8637
0	9045
1	9045
0	8032
73	8067
0	8581
0	9047
2	9047
0	9047
20	8091
0	8321
1	7402
16	8146
1	8697
0	8683
0	8554
0	8034
1	9047
0	9047
0	9045
10	2522
0	2128
0	2237
0	28
0	206
0	205
0	101
0	97
0	14
0	189
0	15
0	0
0	23
0	29
0	191
0	24
0	44
0	114
12	117
0	27
1	22
0	4
1	12
0	0
0	14
1	93
4	531
0	531
3	257
0	104
0	17
0	13
0	132
0	48
0	41
0	24
0	0
0	0
0	0
4	209
0	206
0	206
0	206
0	206
0	199
8	18
0	18
0	11
0	206
1	204
5	205
0	661
0	718
0	669
13	23
0	602
4	586
9	40
0	62
0	231
0	110
0	196
0	219
3	684
36	140
2	234
11	204
21	61
178	369
1	321
0	361
0	26
1	33
0	176
5	245
0	6
1	245
0	13
0	0
0	0
0	0
2	160
0	182
0	182
8	186
7	129
0	90
16	1001
9	501
0	256
0	221
5	262
1	751
0	291
2	6
51	183
0	265
0	147
13	142
0	783
0	633
0	950
0	410
1	283
0	200
0	985
0	965
0	419
97	246
0	477
2	987
0	264
10	420
0	942
3	402
0	484
6	278
0	471
15	459
0	221
2	38
0	35
0	1
0	0
0	2
1	27
0	33
4	31
0	3
1	15
0	7
0	12
0	5
0	1
17	152
0	206
0	256
0	230
0	286
0	256
0	305
1	262
0	241
4	147
18	109
0	212
189	191
1	68
0	227
136	228
0	132
0	0
0	0
0	0
0	0
0	0
0	0
0	0
0	0
0	0
0	0
0	0
0	0
0	0
0	0
0	0
0	0
0	0
0	0
0	0
0	554
2	149
1	290
0	89
0	465
3	172
0	396
0	554
0	268
0	367
0	379
0	54
0	324
0	354
0	392
1	180
0	377
0	41
1	408
0	0
1	53
0	159
1	12
0	187
0	2
0	2
0	1
0	0
0	0
0	2
0	711
0	733
0	716
0	713
0	696
1	663
4	451
0	655
0	103
0	707
0	100
1	26
0	92
1	80
2	121
0	104
0	2
2	0
0	236
0	0
0	0
0	0
0	398
0	162
0	398
0	329
17	153
0	64
1	124
0	39
3	22
4	145
7	37
0	102
0	72
0	73
0	44
0	0
2	0
62	133
0	54
0	42
1	92
4	48
0	67
1	17
0	333
0	79
0	36
0	58
1	14
0	11
1	22
2	239
0	0
0	0
0	0
0	0
0	0
0	0
0	0
0	0
5	2
5	0
0	577
0	536
0	606
7	580
0	181
0	208
0	32
1	190
0	175
5	93
1	108
2	44
0	72
0	2
0	2
0	2
0	2
0	1
0	0
0	0
0	0
1	1
0	0
0	0
0	0
2	1
0	0
1	0
0	0
0	172
0	364
0	335
0	295
0	85
0	674
4	117
0	30
0	481
0	682
2	12
0	47
8	99
0	665
0	512
0	643
0	79
0	87
0	76
0	83
0	34
0	145
21	463
0	690
0	649
0	652
0	641
0	698
2	217
53	300
1	300
3	16
0	18
3	18
0	3
0	1
0	1
0	19
0	15
0	18
0	8
0	20
0	7
0	15
13	25
0	8
0	127
1	570
0	592
1	164
0	97
0	98
2	41
5	11
80	40
139	40
1323	1703
0	695
1	128
0	724
0	608
0	1109
2	321
0	114
0	64
5	761
0	432
0	295
0	328
0	418
0	399
0	75
0	57
0	583
0	504
0	381
0	493
0	276
0	669
0	340
1	659
0	614
0	697
0	594
0	311
0	276
0	43
7	33
0	175
0	283
0	149
0	301
0	523
0	13
0	16
0	16
0	15
0	16
0	13
0	17
0	16
0	17
0	15
0	15
0	16
0	13
0	8
0	9
0	4
0	9
0	7
0	7
0	1
0	2
0	2
0	1
5	2
0	2
0	1
1	2486
0	2588
1	2483
0	2322
0	2416
9	1658
0	1666
0	643
0	402
56	917
0	773
0	228
8	250
0	224
0	228
2	151
16	247
0	259
1	219
0	17
0	29
5	0
0	0
0	0
0	0
0	1885
0	1885
2	1885
0	1789
0	1764
0	1804
0	1690
0	1833
0	1822
0	1823
0	1875
0	1783
7	1107
0	1885
2	1772
0	1717
0	1823
0	1617
0	1653
1	1503
0	1822
0	1686
0	1812
4	1667
0	0
0	0
0	2
0	0
0	2
1	1138
0	2537
0	2481
1	2264
6	209
8	80
0	325
0	114
8	414
0	203
2	291
0	127
0	2299
0	2536
0	58
0	58
0	58
0	58
0	58
0	58
0	0
0	58
0	58
0	58
0	58
0	0
0	17
0	17
0	17
0	0
0	0
0	0
0	0
0	0
0	0
0	0
0	0
0	0
0	0
0	0
0	0
0	0
0	0
0	46
1	49
0	23
0	2
0	2
0	1
0	5
0	0
0	4
0	0
0	0
0	0
0	0
0	121
0	105
1	104
0	109
0	109
0	104
0	101
0	86
0	37
0	37
0	30
0	22
0	27
0	28
0	30
0	29
0	11
1	10
0	0
0	1
0	7
0	8
2	8
0	0
0	278
0	411
0	411
0	410
0	409
0	425
0	442
8	435
0	246
0	418
0	410
0	24
1	163
0	175
14	160
5	89
0	51
0	45
0	44
0	36
0	11
1	15
0	15
0	70
0	46
0	62
0	65
0	43
0	35
0	23
0	21
0	109
109	420
2	249
3	279
3	449
0	131
2	145
0	183
0	146
0	41
26	26
9	0
4	2
2	37
0	605
0	295
0	602
0	125
0	197
0	33
0	932
0	686
3	645
0	11
0	6
0	121
0	12
0	255
0	141
0	141
0	142
0	149
0	25
0	0
0	562
1	103
237	1071
0	1065
8	105
0	82
0	125
0	111
0	80
2	36
1	31
1	3
0	115
0	19
0	4
1	14
9	12779
2	9432
12	12213
0	12007
1	12271
0	12375
3	12093
0	12093
1	12141
15	11294
1	12030
1	11870
0	12098
0	11189
0	10299
0	11196
1	11512
1	10620
0	10632
1	10322
19	9359
0	1814
0	3645
1	405
315	684
0	605
0	48
0	104
0	330
1	43
2	31
0	288
0	41
0	36
4	12
6	35
0	736
20	379
0	536
29	556
1	170
1	158
2	0
0	0
0	0
0	0
0	0
0	0
0	0
0	0
0	0
0	0
0	0
0	0
0	0
0	0
0	0
0	0
0	0
0	0
0	0
0	0
0	0
0	0
0	0
0	38
0	38
0	38
0	38
0	38
0	26
0	19
2	5
0	0
0	0
0	941
0	945
0	941
1	362
0	902
4	958
0	928
2	880
0	941
0	941
0	915
0	328
0	298
0	128
0	67
0	26
0	13
0	2
0	0
0	0
1	1
0	0
0	0
0	0
0	935
0	915
0	906
2	814
0	52
2	67
0	335
4	214
0	337
5	245
0	251
0	117
5	90
0	92
4	113
1	24
0	911
2	98
0	97
0	2
2	21
85	70
0	49
0	16
0	15
0	15
0	16
1	15
0	15
0	14
0	15
47	0
0	8183
0	11940
0	6510
0	11426
1	11376
0	11520
0	11903
1	11645
0	11616
0	6930
0	10652
0	6585
0	10175
1	10694
0	11691
0	11103
0	7149
1	7873
0	2734
0	1378
0	83
0	18
2	183
1	19
1	0
0	14
0	6
0	56
0	4
0	54
0	163
0	53
0	130
0	33
0	160
0	38
0	16
0	52
0	5
0	2
0	0
0	0
0	2
0	0
0	0
0	5
0	0
0	0
0	85
0	57
1	1006
2	1693
0	109
0	1695
0	1695
0	25
38	1697
1	87
0	121
2	530
0	89
0	806
0	105
6	1700
0	132
0	76
0	102
0	0
0	1688
0	114
0	146
0	76
0	250
0	723
1	185
0	95
0	282
0	114
0	1442
1	429
0	270
1	431
0	762
0	144
0	762
0	177
0	205
0	22
0	134
0	281
0	1442
0	90
0	167
0	149
2	132
2	149
0	0
0	0
0	0
0	2
0	2
0	1005
8	699
0	196
16	199
7	137
0	82
0	0
0	0
0	948
0	4
0	3
0	4
0	3
0	2
0	1
0	1
0	0
0	0
1	0
0	0
0	0
0	0
0	0
0	0
0	4
0	4
0	1
0	272
0	270
0	268
0	20
0	270
0	266
0	270
0	68
0	76
0	262
0	265
0	263
0	1
0	60
0	5
0	199
1	11
0	182
0	178
0	180
0	40
0	170
1	28
1	27
0	59
0	19
0	5
0	3
0	140
0	5
0	139
0	6
0	7
1	23
0	8
0	5
0	56
0	93
0	89
0	90
0	89
0	91
0	15
0	83
0	79
0	82
0	83
0	80
0	17
0	70
0	10
0	60
0	54
0	56
288	78
0	60
1	41
27	31
1	334
5	338
1	55
0	55
1	0
0	13
7	207
2	207
68	209
0	1
4	147
0	2
0	47
0	32
2	136
0	0
0	0
0	23
0	31
0	21
0	31
0	10
0	10
1	12
0	0
0	0
1	27
0	140
0	464
0	663
0	464
1	464
0	602
2	701
0	747
0	797
1	563
0	978
0	979
0	703
0	693
0	968
0	978
0	631
2	285
0	673
0	629
0	656
0	639
0	503
0	11
0	607
0	463
0	635
0	929
0	597
0	592
0	514
0	250
2	464
0	468
0	468
0	389
0	741
0	352
0	465
0	468
0	697
0	615
0	741
0	465
1	233
0	195
0	0
0	0
0	0
0	24
0	24
0	0
0	5
0	1
0	2
0	1
0	4
0	0
0	24
0	8
0	24
0	27
43	147
0	90
0	56
0	49
0	136
0	59
1	16
49	0
0	0
0	0
0	0
0	0
65	112
0	112
0	105
0	58
0	145
1	48
0	147
0	25
38	49
20	16
2	26
50	699
27	308
3	636
0	61
1	35
0	78
0	23
8	1720
2	1722
7	1503
0	1600
0	1634
0	1625
0	669
5	702
0	861
0	43
0	748
0	353
0	237
29	30
0	31
0	27
7	7
0	25
0	39
0	290
0	40
0	104
0	498
0	379
0	61
0	53
0	488
0	105
0	85
0	488
0	377
0	0
0	0
0	0
0	0
0	0
1	0
0	0
0	0
0	0
0	0
0	0
0	0
0	0
0	0
0	5
0	5
0	5
0	5
0	4
0	4
0	1
0	103
0	98
0	79
0	9
0	6
2	103
0	1318
1	830
0	1321
8	22
5	24
9	848
0	120
0	95
0	47
7	140
0	57
6	3
0	172
0	48
0	56
0	61
0	45
0	1303
1	9
0	10
0	54
0	43
1	103
0	210
0	26
0	66
0	67
14	193
0	205
0	64
2	175
0	100
0	45
0	49
1	55
3	9
0	30
0	26
0	27
0	24
0	20
2	3
0	3
0	240
0	97
161	97
2	92
0	85
0	0
0	0
0	0
0	0
0	0
0	0
0	2
0	0
0	0
0	1
0	2
0	2
0	398
0	513
0	361
3	393
0	392
18	420
0	450
0	382
0	459
0	386
0	414
0	403
0	483
0	490
0	409
0	389
0	486
0	393
25	288
0	356
0	347
1	428
0	428
1	400
0	470
0	448
0	439
0	332
0	330
7	172
0	209
0	61
0	90
0	72
6	105
1	66
6	104
0	106
0	43
0	99
0	6
0	5
0	15
0	5
0	3
1	5
1	1
0	0
0	0
0	0
0	0
0	0
0	0
0	1
0	0
0	0
0	7
0	0
0	0
4	4
0	0
0	0
0	0
0	0
0	0
0	0
0	0
0	0
0	0
0	127
0	474
29	561
1	874
0	523
0	535
0	171
0	209
0	178
0	122
1	827
6	241
0	875
12	574
0	118
0	95
0	24
0	68
5	340
0	354
0	355
0	350
0	349
0	349
0	345
0	345
0	350
0	35
0	14
0	354
5	302
0	25
0	213
2	133
0	47
0	338
2	235
0	340
11	37
4	19
6	45
0	103
0	99
0	56
0	16
3	4
3	38
0	0
0	0
0	0
0	252
0	243
0	250
40	247
1	31
4	32
0	31
0	44
2	9
0	13
0	15
0	15
6	15
1	26
2	30
0	29
0	10
0	9
2	28
12	21
0	28
2	24
0	28
0	9
0	21
0	3
1	2
0	15
0	0
0	0
0	0
0	0
0	0
4	189
0	1
0	176
0	202
2	22
1	124
0	103
0	86
0	54
57	71
1	60
0	60
0	38
0	25
1	33
0	44
0	14
0	0
0	152
0	188
1	44
2	157
0	48
0	28
2	17
0	7
0	15
0	47
2	47
0	56
2	39
0	0
0	179
219	115
2	56
0	43
0	35
0	374
0	0
163	18
0	0
0	0
0	0
0	0
0	0
0	0
0	0
0	750
0	612
10	668
1	666
0	664
0	661
0	342
1	154
0	292
0	0
0	0
0	0
0	0
0	0
0	11840
0	0
0	0
0	0
0	0
0	0
0	0
0	0
0	0
0	4
0	4
0	4
0	3
0	3
0	2
0	2
0	2
0	2
0	0
0	0
0	0
0	0
0	0
0	0
0	0
0	0
0	996
4	984
1	984
0	343
0	76
5	39
1	849
26	857
0	846
0	467
0	428
0	311
0	71
0	70
0	52
0	41
0	57
0	65
0	3
0	3
0	3
0	4
12	1746
0	1664
0	1784
1	1772
0	1677
0	724
0	1249
0	1289
0	1411
0	1804
0	1706
0	1644
0	1755
0	1762
0	1835
0	1714
1	1792
0	1559
0	1745
16	1609
0	1868
0	1733
0	279
0	1060
0	1745
1	1817
0	218
0	1137
0	216
0	0
2	84
0	585
0	128
0	166
4	58
0	14
2	179
0	95
1	95
0	19
0	25
0	26
1	2
0	1
0	0
0	188
0	188
0	0
0	0
0	0
0	0
0	0
0	0
0	29
0	8
0	35
0	126
0	198
0	115
4	40
2	221
0	4
0	13
1	127
0	108
0	126
2	66
1	27
0	20
2	0
0	2
0	2
1	0
5	1
0	214
0	0
0	0
0	0
0	0
0	0
0	0
0	0
1	0
0	0
0	0
0	0
0	0
0	0
0	0
0	0
0	0
0	21
0	13
7	22
0	17
1	5
2	17
1	14
0	10
0	9
1	6
7	0
6	52
0	19
0	49
0	6
2	0
0	1
0	4
0	29
0	3
0	2
0	0
0	2
2	1
2	1612
0	1872
0	1865
5	1503
0	1878
2	1007
11	1307
0	1345
4	1094
0	169
2	189
1	212
1	168
0	61
0	126
2	101
1	155
1	59
0	109
0	275
1	220
0	137
0	79
1	35
2	5
0	2
1	28
0	4
13	35
0	15
0	15
0	12
1	22
0	0
0	0
0	0
0	0
0	2
24	2
0	0
0	1
0	0
0	0
0	1
0	1
0	0
0	0
0	0
0	1
0	1
0	0
0	0
6	1074
0	1877
0	1794
2	1614
1	420
0	322
2	33
4	293
0	46
2	4
1	48
0	229
0	52
0	63
0	81
0	40
0	1882
71	568
0	556
0	47
1	119
0	54
0	66
0	0
0	523
0	50
0	149
0	136
31	70
0	17
0	124
0	77
0	93
1	61
4	13
0	28
118	268
1	261
0	11
0	24
0	111
0	111
293	237
0	62
0	227
0	165
3	20
1	27
2	44
3	34
0	45
0	0
257	369
0	8
6	27
0	334
0	22
0	0
0	0
0	0
0	0
0	0
99	57
0	14
0	7
0	30
0	30
0	25
0	21
0	25
0	12
0	10
0	31
0	14
0	6
0	14
0	7
0	7
0	12
0	4
0	451
0	6
0	3
0	1
1	1
0	9
0	20
0	9
0	14
0	0
0	0
0	4
0	450
7	1660
0	1561
0	403
4	324
0	526
1	399
0	24
17	215
2	324
10	181
5	219
1	265
0	271
0	240
0	183
0	215
0	273
3	156
0	215
0	240
0	242
0	245
0	243
0	275
0	274
0	255
0	273
0	274
0	278
0	205
0	249
0	270
0	277
0	260
0	268
0	244
0	239
0	251
0	268
0	278
0	210
0	260
0	224
0	90
0	139
0	236
0	150
0	229
0	94
0	137
0	82
2	54
0	84
0	50
0	6
0	158
0	165
0	23
0	11
5	117
0	421
0	664
0	77
0	77
2	734
0	1688
0	86
0	74
0	51
2	1031
1	532
0	17
0	82
0	86
0	83
0	67
0	296
0	70
0	43
0	1
0	944
1	12
0	65
0	1702
0	0
0	0
0	0
0	81
37	23
0	3
0	13
0	30
0	1
0	1
0	1
0	2
0	4
0	2
0	2
0	3
0	2
0	1
0	1
0	30
0	29
0	30
8	219
0	5
2	211
5	174
0	77
0	67
0	43
2	18
0	26
0	3
2	18
20	418
1	70
2	389
0	79
0	62
0	21
2	70
5	57
1	119
25	117
0	26
0	34
14	41
0	30
1	33
0	32
0	31
0	28
0	25
0	20
0	27
0	21
0	21
0	24
0	25
0	6
0	13
0	6
0	5
0	6
0	3
123	248
0	241
0	91
0	71
0	72
0	69
0	19
3	59
7	0
0	468
0	625
0	1123
0	1488
0	1473
0	1358
0	1510
0	1032
1	1457
0	228
3	229
0	1162
2	1460
0	448
0	1490
0	1477
0	1495
0	1009
1	1143
0	163
2	321
0	157
0	0
0	0
0	0
0	0
0	0
0	0
0	0
0	0
0	0
0	0
0	0
0	0
0	0
0	0
0	0
0	0
0	0
0	0
0	0
0	0
0	0
0	0
0	0
0	0
0	0
0	0
0	0
0	0
0	0
0	0
0	0
0	0
0	0
0	0
0	0
0	0
0	1
0	0
0	0
0	0
0	0
0	1
0	1
0	1
0	1
0	0
0	1
0	0
0	1
0	1
0	1
0	1
0	0
0	0
0	0
0	0
0	0
0	726
0	746
0	446
0	258
0	271
0	356
0	374
0	355
0	364
2	177
0	177
0	236
0	183
0	70
0	86
0	46
0	96
0	41
0	14
2	38
3	4
0	3
0	2
0	2
3	5
0	903
0	896
0	907
0	864
0	918
0	892
1	882
2	876
0	789
0	924
0	898
0	828
0	281
0	385
0	425
0	883
0	892
0	863
0	842
0	876
0	894
0	881
0	881
0	63
0	694
0	634
0	593
0	185
0	143
0	181
0	75
0	634
0	633
0	604
0	143
0	232
0	113
2	584
1	147
0	154
0	328
0	553
0	185
0	46
12	409
0	165
4	403
0	176
0	183
0	91
0	121
0	15
0	125
0	103
0	50
1	59
1	18
129	341
0	143
0	72
1	18
1	333
0	17
0	116
0	102
1	58
15	114
0	152
1	144
0	161
26	159
0	15
1	10
0	1
3	3
0	75
2	76
75	763
0	254
0	116
0	708
0	153
0	1
1	1
0	8
0	40
0	81
68	120
2	93
0	30
0	89
0	29
0	115
0	43
0	113
0	113
0	113
0	113
0	115
293	566
1	480
2	48
2	144
0	54
0	65
0	0
0	7
0	1
0	7
0	3
0	4
0	1
6	658
161	658
0	14
9	327
0	24
0	327
0	14
0	327
0	0
0	0
0	0
0	0
0	0
0	0
0	0
0	0
0	0
0	0
0	0
0	1
0	0
0	7
0	0
0	2
1	5
0	2
0	0
0	4
0	1
0	8
4	2
0	2
1	2789
2	2
7	2789
6	383
0	2788
0	202
1	283
0	2787
10	1138
1	443
0	2628
9	164
1	167
0	586
2	10
15	7
0	0
0	5964
0	5662
0	6140
0	6492
0	5460
0	6235
0	2253
0	5109
5	786
0	2414
5	341
0	5018
1	532
0	5267
0	4942
0	4911
8	2183
0	4068
0	856
48	4162
9	424
62	1587
0	2888
3	283
182	2065
0	1571
0	939
0	923
0	715
5	1021
0	0
0	0
0	1
0	2
0	0
0	0
0	0
0	0
0	0
0	0
0	0
0	0
0	0
0	0
0	1
0	2
0	27
0	0
0	0
0	2
0	0
0	0
0	6
3	0
0	27
0	1
0	15
0	7
0	7
0	6
0	24
0	0
0	4
2	4
0	1
0	2
0	27
0	29
0	29
0	21
0	26
0	162
7	113
1	67
0	282
3	16
3	7
10	26
0	266
0	34
0	51
0	14
7	114
0	37
2	65
1	7
0	170
0	156
22	103
0	163
0	163
0	163
0	29
358	3411
3	3280
1	715
0	504
0	880
1	727
0	704
0	470
1	34
0	101
0	88
0	82
2	30
0	31
4	6
2	883
0	0
0	0
0	0
0	0
0	0
0	0
6	106
0	59
0	7
0	2
0	106
0	18
0	143
1	7
0	45
7	7
0	140
0	7
0	71
0	39
0	22
2	89
0	94
0	8
1	9
0	3
0	2
0	139
0	144
0	460
0	169
3	454
0	306
1	384
0	453
1	389
0	336
0	435
1	102
7	116
0	13
0	6
0	21
0	112
0	13
0	8
3	118
0	6
0	2
1	12
1	13
0	96
1	67
0	15
0	59
0	15
0	60
0	45
0	60
0	2
0	85
0	83
10	60
0	16
0	66
5	61
0	2
0	8
1	4
0	4
0	0
2	51
0	7
0	7
0	8
0	10
0	39
1	251
0	4
1	3
0	13
0	29
0	0
0	271
0	724
0	673
0	49
0	27
1	29
0	409
0	69
1	29
0	25
0	739
0	0
0	0
0	0
0	0
0	0
0	0
3	315
0	315
2	170
0	334
0	126
5	52
0	285
0	22
3	99
0	131
0	197
0	100
0	76
2	294
0	299
0	313
0	268
5	86
3	25
4	48
4	87
18	751
216	751
39	1029
1	987
192	1009
0	434
1	465
0	477
0	37
1	435
0	151
0	163
0	111
0	77
0	59
0	33
1	30
0	0
0	522
0	535
1	528
0	526
0	63
1	375
0	40
0	11
0	10
0	44
0	12
0	18
0	544
325	327
0	140
18	319
2	52
0	0
0	149
0	2
3	1
0	1
0	1
0	0
0	0
82	3573
2	1489
0	3589
0	217
0	2225
4	85
0	238
0	230
6	260
2	74
24	455
5	12
0	12
1	403
0	442
0	0
12	462
0	48
0	27
6	5
4	480
0	380
12	51
0	44
1	3
0	8
0	9
0	2
0	0
0	1
0	0
0	0
0	0
0	1
0	0
0	0
0	8
0	117
0	300
0	381
1	180
0	383
0	71
7	62
0	15
0	65
0	70
0	2
0	2
0	97
0	127
126	465
0	460
0	21
0	72
0	22
0	17
0	37
0	39
0	44
0	10
1	5
0	21
0	53
1	21
0	45
0	11
0	25
1	11
0	56
0	0
10	0
36	168
1	22
0	20
0	127
1	33
0	53
4	22
0	29
2	19
0	5
0	13
0	9
0	22
1	18
3	44
0	27
0	44
0	18
0	7
0	3
0	3
0	7
0	10
0	6
0	4
0	7
0	3
0	4
1	5
0	5
0	44
0	0
0	0
0	30
0	7
0	10
0	8
0	41
0	48
0	21
0	25
0	12
0	6
0	27
0	30
0	22
0	22
0	23
0	22
0	27
0	30
0	27
0	22
0	24
0	29
0	26
0	13
3	14
0	7
0	7
0	4
0	0
0	1498
12	1482
53	1479
1	1527
1	1475
0	1423
0	1133
3	343
0	3
0	2
0	3
0	1
0	3
0	0
0	2
0	1
0	0
0	0
0	3
0	52
0	51
0	49
0	53
0	52
0	9
0	2
1	23
0	2
0	44
1	98
1	101
0	109
0	46
0	54
3	43
0	12
0	7
0	3
0	13
0	15
0	2
0	7
0	10
0	5
0	5
0	3
0	5
0	0
0	102
0	66
0	48
0	54
0	6
2	0
0	317
0	710
0	258
3	21
10	259
1	710
0	16
0	17
1	18
0	11
0	4
0	2
5	121
3	121
0	326
0	89
0	185
1	376
0	43
10	103
0	99
0	347
0	0
0	68
1	118
0	103
0	78
1	31
0	92
0	48
0	898
6	1274
0	1435
0	1270
0	844
0	239
0	128
0	33
1	29
0	29
0	1623
0	249
4	249
0	127
0	40
0	23
0	24
0	0
0	0
0	0
0	0
917	0
0	100
0	37
0	152
4	461
0	136
1	157
0	155
1	931
395	1415
43	980
43	71
6	181
7	167
58	1803
3	1700
0	1186
5	419
1	1596
0	664
0	335
0	433
0	302
2	36
0	32
0	27
1	5
0	24
0	6
0	6
2	8
0	1
0	1
2	31
0	11
0	4
0	3
0	31
0	2
1	2
0	9
5	95
0	452
0	444
0	457
7	60
0	31
0	60
0	41
0	19
0	16
0	456
858	107
4	107
0	43
0	51
0	49
0	52
20	63
0	51
1	16
0	16
0	8
0	4
0	3
0	3
0	4
0	4
0	52
0	0
0	1
0	0
0	0
0	1
274	226
0	67
0	12
0	2
0	1
0	36
0	0
0	5
1	41
0	3
0	27
0	21
34	34
90	0
248	107
0	23
2	15
0	84
0	21
0	19
2	19
0	0
0	0
0	0
0	0
0	0
0	0
0	0
0	0
0	0
0	0
0	41
0	93
0	46
0	27
0	88
5	35
0	9
0	32
0	39
0	41
0	25
1	12
0	165
0	206
42	277
2	83
0	129
0	236
1	8
3	40
0	8
1	54
0	81
0	155
5	108
2	70
6	938
0	674
0	160
0	589
0	13
0	364
0	97
5	343
1	45
0	40
0	56
0	53
4	58
0	1
0	938
0	939
0	0
0	0
0	0
0	0
0	0
0	1
0	0
0	0
0	349
0	235
0	236
0	238
1	343
0	231
0	219
0	17
2	5
1	18
0	17
0	154
0	61
0	46
0	11
1	4
0	193
0	177
1	125
21	200
0	54
0	185
0	24
0	185
0	185
0	61
0	45
0	80
1	709
5	55
4	167
0	55
0	53
0	592
1	913
1	52
2	84
0	923
2	43
0	327
0	62
0	905
0	627
0	213
2	162
0	126
0	76
0	122
0	2
0	105
1	137
0	112
2	91
0	2
0	85
0	916
0	7
0	7
0	0
0	193
0	109
0	192
1	99
0	182
34	139
0	5
0	185
0	6
1	3
0	1097
0	60
0	32
0	1052
0	1
0	12
1	8
0	6
0	3
18	15
0	56
0	56
0	58
0	1058
0	1109
0	413
0	1039
0	5
1	1040
0	0
0	89
0	55
0	493
3	15
0	3
0	7
0	10
0	16
0	82
0	990
0	1008
0	1008
0	0
0	0
1	1008
0	1008
0	990
0	976
0	67
0	60
10	670
0	62
0	55
0	67
0	292
0	0
0	150
0	278
0	29
10	0
23	103
1	433
0	342
0	451
0	363
51	364
11	416
1	36
1	244
0	104
5	224
1	31
0	329
0	256
0	0
0	379
1	389
1	78
0	51
13	120
0	378
8	138
0	59
15	27
15	159
0	24
0	6
0	24
0	3
0	4
0	2
0	3
0	0
0	20
1	3
0	3
0	1
0	6
0	6
3	1
2	1
0	3
0	0
0	25
2	0
2688	117
1	117
0	2
0	1
0	1
0	1
0	2
0	1
0	1
0	2
0	1
0	1
0	2
0	1
0	0
0	0
0	0
0	11
0	10
0	0
1	104
0	26
0	0
0	10
2	113
0	12
0	18
0	11
0	98
0	99
0	97
0	0
0	12
88	128
0	7
0	17
0	7
0	18
0	6
0	0
0	10
1	6
1	2
1	16
0	59
0	5
0	3
0	2
0	0
0	0
0	0
1	0
2	2
0	104
0	0
0	0
0	0
0	0
0	0
0	1
0	0
0	0
0	1
0	0
0	0
0	0
0	0
0	0
0	379
0	699
11	704
34	693
0	697
0	88
0	699
0	700
0	338
0	703
0	701
3	300
0	384
0	384
0	594
1	109
0	132
0	133
1	56
0	0
0	0
0	0
0	0
0	0
0	0
11	382
0	1216
0	1228
0	1127
0	1034
0	163
0	799
0	223
6	99
1	104
1	0
0	86
0	48
0	225
0	228
0	223
0	93
0	45
0	44
0	40
0	32
2	5
3	25
0	44
0	1245
0	1132
0	1282
17	533
0	633
54	758
5	69
3	156
7	399
0	405
9	375
3	176
30	77
9	1
32	201
6	217
7	68
1	203
0	5
0	86
0	21
4	91
0	35
0	4
1	50
0	1
1	45
0	1
0	0
0	0
0	0
1	243
1	180
0	21
0	18
6	247
0	0
0	0
0	0
0	0
0	0
0	0
0	78
0	129
48	128
0	120
37	122
0	0
13	91
8	12
0	1
0	1
0	18
0	18
2	749
0	751
0	369
1	18
0	11
2	12
0	424
0	107
30	106
0	90
0	84
0	74
0	79
0	77
0	63
0	71
0	58
1	40
0	48
0	31
0	22
0	23
1	16
1	13
37	99
0	1164
0	168
0	118
0	45
0	1
0	154
0	1244
2	129
23	1290
1	1144
0	1256
0	1179
0	1259
0	1161
0	1161
6	565
0	1227
0	43
1	1158
1	1245
1	1161
0	690
0	1128
3	1199
0	59
0	939
2	174
1	50
0	44
1	114
2	446
1	403
0	703
22	738
6	626
18	648
0	629
2	250
0	249
21	179
0	246
0	104
0	38
0	36
0	36
0	8
0	5
0	1
0	5
1	6
1	5
0	5
0	5
0	3
1	0
0	1
0	1
0	105
0	104
0	105
0	0
0	0
0	0
0	0
0	0
0	0
0	0
0	0
0	0
0	2
0	2
0	2
0	2
0	2
0	0
1	24
0	6
0	6
0	6
0	4
1	4
13	4
0	0
19	57
0	60
0	23
0	14
0	7
0	9
0	2
0	14
0	0
0	40
0	5
0	7
0	0
0	22
0	27
0	10
0	10
10	18
0	5
0	40
1	1049
0	986
0	0
0	369
3	146
0	233
0	241
0	261
3	64
0	173
2	73
0	117
0	1
0	1
427	0
0	0
0	143
900	312
5	198
0	52
1	0
0	1238
0	1221
0	1009
1	1154
0	1202
0	1215
0	1151
2	1123
1	1196
0	1213
0	1079
0	950
0	280
0	295
0	209
0	162
0	168
0	108
0	103
0	0
0	0
0	0
0	0
0	0
0	0
0	0
0	0
0	0
0	1
3	43
0	42
0	29
0	42
0	47
3	40
0	0
0	0
1	47
22	454
0	499
6	417
0	376
0	1658
0	96
0	1609
0	182
0	30
1	197
1	227
0	322
0	294
1	87
0	1
0	1
0	0
0	0
0	0
0	0
0	1
0	1
0	1
2	0
0	244
0	1
522	352
2	219
0	213
4	16
0	9
27	8
0	67
0	9
0	67
0	3
0	0
0	380
5	657
72	794
0	215
0	803
4	776
0	323
0	143
0	232
0	232
0	156
0	98
0	94
1	69
0	13
2	57
0	11
0	13
0	13
0	8
0	2
0	2
0	2
0	2
1	0
5	0
1	82
0	137
0	139
0	139
0	139
0	124
0	141
0	139
0	139
0	138
0	140
0	140
0	140
0	140
0	139
0	99
0	127
1	33
0	13
0	21
0	11
0	10
0	9
0	16
0	16
0	7
0	9
0	7
0	0
2449	0
2	6
0	7
0	7
0	7
1	5
0	3
0	1
0	589
1	328
1	551
0	499
0	28
1	51
1	1
4	207
0	1
0	152
0	28
0	7
2	5
0	7
1	5
0	2
17	493
0	506
0	254
0	446
0	90
28	417
4	58
7	58
1	102
0	97
0	1117
22	1143
2	1065
0	1080
0	849
24	454
0	432
4	765
2	552
57	472
0	540
0	319
0	206
0	145
19	113
7	93
0	83
0	115
0	90
1	84
0	115
1	90
0	20
0	63
304	553
2	553
0	33
0	47
0	28
0	38
0	36
0	307
0	317
0	307
0	309
0	306
0	311
0	305
0	284
3	301
11	312
1	7
0	14
0	8
0	15
0	15
0	14
0	20
0	47
0	85
0	28
0	5
0	31
0	101
0	25
0	37
0	25
0	127
0	35
1	44
24	49
0	7
1	111
0	103
0	33
0	123
0	169
0	154
0	17
0	74
0	123
0	147
0	143
0	126
0	928
0	647
0	62
0	276
0	517
0	166
11	628
0	122
3	60
0	205
1	1
0	1
0	1
0	0
11	292
0	2
13	291
0	93
0	17
0	294
0	255
3	158
0	192
0	157
916	230
0	198
0	176
3	163
0	14
2	14
0	2
0	3
0	8
0	2
0	8
0	3
0	22
0	2
0	15
0	21
0	22
0	3
0	2
0	20
0	2
0	2
0	3
0	2
0	2
0	11
0	9
0	4
0	3
0	0
0	0
0	3
0	3
0	1
142	66
0	65
2	38
1	26
0	1947
0	1982
0	1947
0	1369
5	1322
0	1983
13	1958
0	368
0	1529
0	1775
0	1831
4	2205
0	1467
0	1839
0	115
0	825
0	1748
0	1774
9	1375
0	1005
2	1005
1	0
0	65
0	10
4	65
6	53
0	18
1	4
0	6
3	4
0	4
0	3
0	0
0	0
1	67
0	18
0	87
86	218
0	126
0	32
0	12
1	6
1	8
0	17
23	16
0	20
0	19
0	13
0	22
0	9
0	17
318	426
5	422
1	371
1	277
0	42
0	4
0	15
0	30
0	31
2	14
0	81
0	931
0	103
0	17
0	225
0	202
0	211
0	238
0	202
0	268
0	231
0	228
0	207
0	180
0	223
0	255
0	227
0	261
0	208
0	255
0	226
0	263
0	152
0	67
0	256
0	202
0	251
0	256
0	250
0	210
0	196
0	231
0	212
0	226
0	194
1	252
0	259
0	252
0	264
0	265
0	205
0	67
2	67
0	214
0	208
0	211
0	214
0	228
0	213
0	251
0	188
0	225
0	166
0	251
0	223
0	257
0	254
0	257
0	261
0	223
0	5
15	184
0	113
0	130
3	26
0	22
0	1385
3	1657
1	1460
21	852
0	2792
0	1815
0	1142
6	2140
0	2268
0	999
1	1183
0	445
3	484
2	396
0	502
0	631
23	147
1	218
13	79
3	124
7	367
0	1008
1	37
37	1005
1	83
14	260
0	2
18	44
0	282
2	47
0	47
0	44
0	36
0	44
0	29
0	0
0	23
0	36
0	31
0	40
9	28
1	12
0	5
0	1
0	1
0	6
0	14
0	12
0	1
0	12
0	1
0	13
1	11
0	0
0	1
0	2
0	5
40	798
3	538
73	685
35	109
52	262
0	137
0	21
0	120
14	137
1	8
0	576
1	1377
0	1066
0	878
0	562
0	93
0	256
0	165
1	211
0	0
0	4
571	167
0	92
0	75
0	55
0	165
2	161
1	109
10	63
0	353
1	378
0	376
2	372
0	88
0	353
1	348
8	411
0	158
7	116
8	119
1	179
5	158
0	98
0	142
0	89
0	0
0	0
0	0
0	0
0	0
730	20
9	20
0	0
0	0
0	0
0	0
0	0
0	0
0	1
1	1
384	313
260	310
0	48
0	32
0	0
0	0
0	0
1	0
858	16
0	16
2	0
1	0
0	0
40	12
0	12
0	12
0	0
0	220
0	0
0	0
0	0
0	0
0	0
0	0
0	1577
0	1635
17	1743
2	1523
0	58
6	97
0	399
1	20
0	720
0	0
0	0
12	395
0	1030
0	187
0	846
1	366
0	358
14	747
0	282
0	0
0	0
0	0
0	0
0	0
9	185
0	207
0	85
0	63
0	55
0	15
0	292
0	267
0	279
0	287
0	292
0	209
0	276
0	59
0	167
0	162
2	56
0	22
1	122
0	27
0	13
0	13
0	60
0	112
0	44
1	79
26	18
1	78
0	29
0	77
0	70
0	69
0	26
0	57
1	1
0	19
1	17
0	248
0	248
0	248
7	79
0	58
0	79
0	56
0	63
5	59
0	28
1	27
0	55
1	16
0	0
3	401
0	20
0	411
0	398
0	2
0	20
0	75
0	19
0	13
0	13
7	24
6	24
0	31
5	10
0	186
0	29
0	1116
0	1117
4	1135
1	15
0	1045
0	1064
0	443
2	269
4	264
1	113
3	39
0	91
0	232
25	261
2	252
0	4
0	10
0	28
0	1
0	16
0	15
3	4
0	22
0	15
0	12
0	10
0	242
1	43
0	43
11	43
1	8
0	2
0	1
0	8
0	6
0	1
0	0
0	0
0	0
0	3
2	2
9	309
8	309
1	268
5	0
8	40
345	160
0	5
0	39
0	65
1	21
14	79
4	29
0	578
0	487
0	44
0	78
0	528
1	41
0	567
0	90
3	20
0	76
0	92
0	74
0	29
9	38
7	141
0	40
0	39
0	48
0	80
0	58
0	88
0	58
0	91
0	278
0	51
0	481
0	470
0	80
0	105
12	130
1	326
0	72
2	153
0	56
0	48
0	77
0	173
0	103
20	874
96	815
0	151
33	539
0	466
0	558
0	160
1	64
0	483
0	219
1	79
0	88
2	90
0	74
3	50
0	27
1	11
0	184
0	670
0	646
0	434
11	211
0	135
0	745
0	663
0	697
13	258
0	91
6	69
0	631
0	11
0	11
0	2
0	2
0	4
0	0
0	0
0	0
0	0
0	0
0	0
1	951
2	1210
3	1265
46	1265
0	140
5	67
0	111
2	75
5	3
0	50
0	178
0	171
23	67
0	66
0	15
2	49
1	73
0	29
0	35
0	24
2	18
2	23
3	8
0	362
1	168
0	364
5	364
0	229
0	0
0	20
0	18
0	6
0	21
0	46
0	34
0	24
0	8
2	11
1	40
1	32
0	14
0	68
0	71
1	141
0	139
0	84
0	91
0	93
0	13
0	11
2	10
0	7
1	0
0	111
2	71
0	102
0	95
15	112
1	103
4	100
0	107
0	91
0	99
0	101
0	93
0	39
0	20
0	11
2	10
1	13
0	4
3	9
0	8
1	206
1	88
0	125
0	294
0	175
0	294
0	143
0	132
1	128
0	42
0	0
0	0
200	541
3	499
0	486
0	509
0	258
0	11
0	0
0	0
0	0
0	0
0	0
0	0
0	0
0	0
0	0
0	154
0	143
0	140
0	155
0	144
0	156
0	136
0	145
0	154
0	147
0	119
0	77
0	98
0	97
0	80
0	87
0	86
0	78
0	79
0	78
0	79
0	83
0	77
0	63
0	77
0	74
0	64
0	65
0	40
0	36
0	38
0	36
0	43
0	31
0	27
0	27
0	34
0	29
0	17
0	22
0	33
0	23
0	23
0	29
0	33
0	35
0	43
0	39
0	33
0	32
0	33
0	17
0	16
0	31
0	30
0	20
0	34
0	12
0	0
0	8
0	27
0	10
0	16
0	17
0	10
0	13
0	5
0	3
0	7
0	4
0	1
0	3
0	3
0	3
0	0
0	0
0	0
0	0
0	0
60	6
0	6
0	0
0	0
0	0
0	0
0	391
167	0
15	5
0	5
1	2
0	7
1	6
1	7
0	6
0	2
0	4
0	4
0	0
1	2
0	0
1	0
0	0
0	0
0	171
1	65
0	130
0	3
0	22
2	24
0	5
0	55
13	53
0	36
1	16
0	25
0	32
0	23
0	206
1	1401
0	1389
22	527
26	191
11	899
4	798
0	230
2	667
0	748
0	629
0	750
0	785
0	740
0	687
16	49
2	103
0	40
0	30
0	180
0	64
0	98
0	150
0	195
3	94
1	32
0	15
4	15
331	0
1	158
0	315
1	98
0	216
40	315
296	570
1	569
0	272
21	242
0	0
0	0
0	5
0	723
0	733
1	723
0	721
0	723
0	102
0	37
1	23
3	89
1	16
0	1067
0	1037
0	979
3	569
7	25
0	235
1	152
0	110
0	223
0	132
3	108
1	160
24	198
0	172
4	167
9	95
0	0
0	1025
0	1082
2	1074
1	87
0	59
0	45
0	22
18	27
0	18
0	18
13	4891
0	4487
0	5049
23	861
1	1573
3	831
1	1081
0	671
0	40
0	240
0	726
0	790
2	774
0	778
0	707
30	766
0	758
0	497
1	770
0	373
0	464
1	531
1	622
6	427
0	144
0	163
0	350
0	341
0	339
0	239
0	22
0	224
0	106
0	80
0	74
1	15
0	0
0	0
1	0
0	0
0	29
0	23
0	11
0	9
4	13
0	2
0	0
0	0
0	0
0	0
0	0
0	0
0	0
0	0
0	0
0	0
0	0
0	0
0	0
0	0
0	0
0	0
0	0
0	0
0	0
0	0
0	0
0	0
0	0
0	0
0	1
0	1
0	0
0	0
0	0
0	0
0	0
0	0
0	3
0	0
0	0
0	0
0	0
0	0
0	0
0	0
0	0
0	69
0	22
7	68
0	14
0	0
0	60
7	179
0	169
133	174
0	179
770	696
0	696
1	212
0	7
0	7
0	0
0	0
0	0
0	0
0	0
0	0
0	0
0	1
0	1
0	1
322	305
7	305
0	6
1	0
4	31
0	117
3	38
1	106
1	26
0	26
6	15
0	83
7	1544
0	125
1	834
0	1
0	1544
19	1527
0	8
0	0
0	242
0	103
1	15
0	54
5	921
3	749
0	60
0	49
0	54
6	230
0	121
0	147
21	344
1	302
0	0
0	0
0	0
0	0
0	0
0	0
0	0
0	4
0	0
0	0
0	0
0	0
0	0
0	0
0	0
0	4
0	0
0	0
0	0
1	2
0	2
0	2
0	2
0	2
0	0
0	0
0	0
0	0
0	0
2	144
18	144
2	3
7	19
1	8
0	13
0	2
0	0
0	0
0	0
1	0
0	0
0	0
0	235
1	235
0	3
5	0
0	235
0	1
0	1
0	1
0	0
0	0
0	15
0	1126
0	1126
0	931
0	1126
2	12
0	12
0	34
0	32
0	32
1	32
1	34
0	32
0	34
0	32
397	145
1	148
0	38
142	284
2	282
235	1584
0	1572
4	1564
51	1272
4	413
2	124
0	244
0	147
0	244
0	174
2	210
0	176
0	174
0	174
0	205
0	85
0	68
0	55
0	45
0	52
2	28
0	0
0	0
0	0
5	4675
1	11323
0	6886
6	14707
167	13242
6	4422
31	13009
0	10133
13	2655
5	8112
6	0
14	1117
0	618
0	505
0	239
0	617
0	515
0	497
10	515
1	15
1	497
0	503
0	913
0	825
0	502
1	375
0	220
0	240
25	178
11	221
0	311
0	292
1	83
3	123
0	144
0	0
0	0
1	0
0	0
0	0
0	0
0	0
0	0
0	0
0	0
0	0
0	0
0	21
0	178
0	24
1	70
1	31
0	84
0	181
2	81
0	82
0	7
0	7
0	13
0	9
0	2
4	8
0	4
0	9
0	1
0	1
0	0
0	0
0	1
0	1
0	1
0	1
0	1
0	1
0	0
2	1
0	0
0	0
0	0
0	1
0	0
0	1
0	1
0	1
0	1
0	1
41	9
5	9
285	525
0	346
0	314
0	228
1	135
0	94
0	84
0	49
0	0
0	0
0	0
0	0
0	0
0	0
0	0
0	0
0	0
0	0
0	0
0	0
0	2
0	1
0	1
0	0
0	1
0	0
0	0
0	0
0	0
0	0
0	0
0	1
0	1
0	1
0	1
0	0
0	0
0	0
0	0
0	0
0	0
0	0
0	0
0	25
0	22
0	19
0	12
0	16
0	12
0	8
11	4
0	7
1	54
0	468
0	460
1	45
0	2
0	27
1	333
126	22
0	151
0	4
2	40
0	27
0	467
6	160
10	48
0	157
0	150
0	153
0	141
4	137
0	116
0	108
0	105
0	12
0	105
0	87
0	99
0	86
0	35
0	41
0	33
0	34
0	26
1	23
0	17
0	14
0	0
23	599
2	599
0	0
0	0
0	0
0	0
0	0
0	0
0	0
0	0
0	0
0	0
0	0
0	0
1121	0
0	2492
58	1546
1	5147
3	551
2	4838
1	1840
0	2648
0	2182
1	3763
4	4837
0	1536
0	1605
0	1627
0	1348
0	1575
0	1493
0	709
3	591
4	215
8	493
0	48
1	160
1159	32
1	32
0	1
4	8
0	7
1	522
356	831
0	830
2	251
3	66
0	91
0	115
0	123
0	134
0	661
0	771
0	773
0	789
0	678
0	616
2	74
1	69
3	299
0	110
0	150
0	172
0	35
1	105
0	117
1	70
0	55
3	51
0	35
0	2
0	253
27	254
0	233
0	244
0	234
0	245
0	81
2	33
0	19
2	35
0	117
0	110
0	71
28	108
3	15
0	80
0	68
0	57
0	44
0	19
0	17
0	139
2	427
0	738
20	437
3	518
1	294
5	23
0	21
13	44
176	0
0	220
0	211
1	217
0	1808
1	931
1	966
0	325
0	607
4	471
0	514
0	657
4	725
0	625
4	1954
0	2287
0	2303
0	2374
0	1914
21	1837
0	1059
0	1738
0	1815
0	1829
0	1776
0	1760
0	1758
0	1838
7	952
0	1266
0	100
0	1419
0	78
0	255
0	97
0	22
0	168
6	299
0	88
0	647
0	384
0	383
0	75
1	106
0	328
0	179
0	4
0	4
0	4
0	4
0	1
0	0
0	0
0	0
0	0
0	1
0	1
0	0
0	0
0	0
0	260
0	267
0	26
0	61
12	250
0	13
0	78
0	19
3	42
0	29
0	33
24	98
0	18
0	52
0	266
0	21
0	43
0	31
0	51
0	61
12	29
1	108
0	90
0	109
0	113
1	159
5	20
0	132
0	45
20	77
0	118
0	19
0	36
0	22
0	64
0	70
2	6
0	62
0	60
0	571
1	594
3	814
0	664
0	93
0	571
0	58
0	512
5	72
0	228
0	248
5	7
0	87
3	25
1	1448
1	1109
14	1452
0	192
4	82
0	87
0	65
0	52
6	3
4	3
0	4
0	1
0	0
0	2
0	4
0	0
50	607
0	564
0	157
3	81
1	41
6	52
0	69
0	243
0	194
1	53
2	52
2	112
13	130
0	118
0	72
0	147
0	192
5	3
0	103
0	100
284	224
7	126
0	36
0	137
0	153
0	10
1	30
0	208
3	108
0	176
2	734
804	1569
0	1166
0	947
0	818
0	957
1	476
29	1364
0	1134
0	795
0	118
3	777
0	580
0	763
22	466
65	44
1	51
1	7
0	3
0	7
0	7
1	6
5	1
1	7
0	0
0	1
0	0
0	1
419	157
0	157
1	52
3	389
0	445
0	456
0	413
0	160
0	248
1	124
0	106
0	94
0	85
0	68
0	39
0	14
0	4
0	4
0	4
0	2
0	1
0	2
0	1
0	0
20	35
1	30
0	3
0	109
0	113
0	88
0	79
0	4
0	3
0	791
0	677
0	477
0	436
17	196
0	216
0	1
0	627
21	2363
0	2244
1	2218
0	2493
34	2363
4	574
0	675
6	0
0	5097
9	5111
2	1473
0	2746
0	2134
1	1221
1	836
0	1944
0	1379
0	5072
0	66
0	1211
0	1395
10	521
0	0
0	0
0	0
24	463
6	489
0	484
11	456
0	93
0	102
8	127
0	311
4	308
1	310
1	179
2	120
1	122
0	0
0	0
0	1
2	3
0	2
0	0
0	0
0	1
7	198
0	189
0	200
0	276
0	290
2	318
0	250
0	189
0	248
0	249
0	253
0	250
0	248
1	254
1	251
0	261
0	247
0	247
0	247
0	198
0	260
0	249
0	119
0	128
0	10
0	66
0	73
0	70
0	8
0	7
0	1
0	69
0	73
8	63
0	785
0	867
0	873
0	835
0	758
0	830
5	478
0	814
0	804
0	795
1	91
0	799
0	436
0	63
0	3
0	23
0	28
0	41
0	32
0	50
0	43
0	102
0	50
0	31
0	9
0	193
0	10
6	0
9	339
2	339
0	33
52	365
1	432
0	86
16	8
121	141
0	25
0	1
0	1
0	1
0	1
0	0
1	9
0	40
1	40
0	12
0	40
0	25
0	0
0	0
0	0
0	0
27	410
0	3432
0	435
0	458
2	465
4	510
27	397
0	518
0	510
0	368
3	440
1	430
1	327
0	397
0	460
0	443
0	1
0	371
0	342
0	354
0	4
2	251
8	19325
9	7403
11	15823
8	6874
545	0
3	0
0	0
0	1
0	1
0	0
0	1
0	1
0	0
0	317
0	310
0	321
12	315
2	291
0	60
0	43
0	80
4	10
2	44
0	43
0	68
0	29
4	42
1	0
0	0
0	0
0	0
0	0
59	105
1	68
2	5
0	59
0	86
2	84
0	235
0	235
0	216
13	228
0	56
0	47
2	27
0	12
0	24
0	17
3	4
0	2
0	573
0	568
0	45
2	94
8	159
3	44
12	36
0	4
0	4
0	4
0	0
1	247
0	241
316	272
3	249
0	245
0	71
0	55
0	58
0	38
0	39
0	10
0	1
0	0
0	0
0	0
0	0
0	0
0	0
0	0
0	0
0	0
0	0
0	10
0	8
0	8
0	1
0	4
0	2
0	3
0	0
0	1
0	3
0	3
0	3
0	3
0	1
0	1
0	1
0	0
0	0
0	0
0	0
0	0
0	0
0	0
0	0
0	0
0	0
0	0
0	0
0	3254
449	3254
1	948
0	946
0	954
0	944
0	944
0	933
1	915
0	949
0	949
0	946
0	294
0	935
1	23
0	9
0	40
0	12
0	379
0	2303
0	2155
0	2030
0	706
11	1351
4	1470
1	235
3	372
0	202
5	106
0	116
8	122
2	229
142	0
0	0
0	0
2	32
0	91
0	94
0	88
0	81
1	71
12	214
2	2
40	151
0	55
3	1563
7	1563
13	194
0	214
2	213
11	449
0	568
2	583
0	422
0	388
0	122
2	64
2	49
0	96
0	85
0	77
1	71
1	43
0	37
2	15
3	117
1	9
0	42
0	47
2	52
0	32
0	97
0	50
0	98
0	62
1	23
3	36
1	0
0	4
0	1
0	4
0	2
0	1
0	1
0	3
0	4
0	1
0	1
0	1
0	1
0	4
0	0
0	36
0	324
4	344
0	276
0	276
0	256
2	19
7	38
11	22
5	2416
0	639
22	598
1	564
0	502
14	698
4	522
114	1595
0	98
6	333
0	476
4	500
0	505
0	502
0	481
0	501
0	477
0	506
0	477
0	482
0	476
0	500
0	8
0	9
3287	0
0	1
7	1
1	2
1	2
0	11
177	14
2	3
5	6
0	4
0	0
0	4
0	0
0	0
1	4
0	0
0	1
0	1
0	0
0	20
0	25
0	26
0	22
0	20
0	19
0	16
0	20
2	9
0	6
0	1
0	1
0	1
0	1
0	1
0	1
0	1
0	0
0	0
0	0
6	112
0	2512
0	2974
0	2746
0	2516
0	2974
0	1805
0	2974
0	2273
0	2517
0	2703
2	2717
0	1132
0	2606
0	2781
2	1788
0	2926
0	2108
0	2302
0	2758
0	2348
0	2763
0	1740
0	1996
0	1994
0	1989
0	2357
0	2753
0	1834
5	2770
0	2670
1	1989
0	2506
3	2370
0	1809
10	1814
0	2311
0	1942
28	2022
0	2929
0	2288
0	1254
1	1302
0	852
3	1019
0	25
0	25
0	25
0	25
0	30
6	19
0	25
0	27
0	25
0	25
0	25
0	23
0	22
0	22
0	22
0	14
0	12
0	10
0	8
2	8
0	6
0	6
0	6
0	0
0	0
0	0
0	1
0	1
0	1
1	0
2	0
0	0
1	552
0	566
10	562
0	632
0	632
0	545
4	221
0	447
0	2007
0	2024
0	1957
15	1480
1	487
0	192
0	383
0	339
0	7
51	7
0	19
0	19
53	1784
146	1691
4	804
1	211
3	321
6	294
0	34
3	15
0	298
9	301
0	105
0	83
0	137
7	91
3	46
0	141
0	124
8	23
0	105
0	105
0	105
0	90
2	37
0	41
1	20
0	11
0	0
169	141
1	1200
0	1169
2	1090
0	319
0	250
0	132
63	338
0	16
0	295
6	281
0	16
0	43
0	6
0	149
13	2294
0	2230
3	1149
1	2065
3	667
0	1612
4	124
0	825
14	792
1	182
1	207
0	197
0	167
1	37
4	54
0	60
0	23
0	159
0	28
0	35
0	20
0	39
0	147
0	184
0	164
0	166
0	168
0	163
0	55
0	52
0	39
0	60
0	48
0	38
0	61
0	54
0	43
0	36
0	10
0	47
1	124
6	16
0	6
0	42
0	85
0	55
5	25
0	210
0	208
0	206
4	61
0	193
0	191
1	197
0	105
0	100
0	110
0	104
0	106
0	178
0	37
0	21
1	12
0	87
7	63
292	0
0	782
0	889
7	724
0	869
0	919
0	992
0	765
2	936
0	866
3	192
2	636
0	535
0	241
4	58
1	42
0	57
3	28
0	4
0	1
0	26
0	4
2	4
1	4
0	0
0	25
0	34
0	32
0	228
0	769
0	748
0	724
0	752
0	757
0	778
0	763
1	743
0	6
0	147
0	10
0	12
0	13
0	34
0	49
0	7
0	69
0	112
0	8
0	1
0	1
0	0
0	0
0	0
0	0
0	0
0	0
0	0
0	0
0	0
0	0
0	35
0	38
0	14
330	37
11	52
0	230
4	399
0	399
3	110
0	8
0	5
0	5
0	0
18	90
0	90
67	1
9	512
0	512
0	226
0	314
1	121
1	3
0	0
0	232
1	102
1	102
1	102
0	99
0	93
0	58
1	60
0	58
0	54
0	6
0	4
80	59
0	21
0	40
0	11
0	57
0	2
0	0
0	0
0	57
0	0
0	51
0	52
0	44
0	3
2	8
0	13
0	19
0	13
0	13
0	14
0	14
0	6
0	2
0	1
0	1
0	2
0	0
0	501
0	476
0	158
0	84
0	45
1	23
0	3
0	3
0	3
0	3
0	3
0	3
0	0
0	0
0	0
0	0
0	0
0	0
0	0
0	0
0	0
0	0
0	245
0	82
0	0
0	0
0	0
0	0
0	0
0	0
0	0
0	250
0	257
20	125
0	140
7	124
0	47
0	80
3	114
2	79
0	64
0	46
0	12
0	8
0	19
0	17
0	15
0	3
0	2
0	2
0	0
0	2
0	3
0	3
0	3
0	2
0	0
0	0
520	553
0	510
0	268
2	316
0	139
0	24
9	4
0	4
0	1
0	1
0	0
0	0
0	0
0	1
0	4
0	4
0	3
2	1
0	4
0	2
0	1
0	2
0	191
0	24
0	28
4	181
243	181
1	123
0	77
0	219
0	49
1	71
5	208
0	124
0	218
10	134
0	4
0	32
0	178
3	115
0	153
7	71
0	9
4	2
0	0
1	3
3	2
0	0
1	1
0	2
3	351
0	352
0	349
0	210
0	264
0	206
0	191
0	160
0	137
0	131
8	86
0	238
10	261
0	308
2	240
3	263
0	159
9	24
0	232
0	2
0	0
0	0
0	0
0	0
0	0
0	0
0	0
0	0
0	0
0	0
0	579
23	438
2	605
1	114
1	0
0	483
0	413
1	44
0	12
0	619
1	737
0	800
1	660
1	87
0	47
0	31
0	41
0	25
0	40
0	16
0	3
743	1300
4	1003
0	1124
0	468
28	1248
18	1248
0	563
0	962
106	188
0	164
7	173
0	344
0	377
1	95
0	97
5	375
1	128
0	375
0	358
4	99
100	237
0	31
1	49
45	92
0	71
0	50
0	62
0	10
0	34
220	30
0	11
0	10
0	28
0	19
0	6
0	0
0	0
0	0
0	0
0	0
0	0
0	0
0	0
0	1
1	3
0	0
0	0
0	1
0	2
0	4
0	1
0	4
0	1
0	0
0	0
0	1
0	0
0	1
0	1
0	0
0	0
0	0
0	0
0	0
0	0
0	0
0	1
0	1
0	1
0	26
1	93
0	156
1	102
0	151
1	84
3	10
0	90
0	148
4	33
0	38
18	11
11	70
1	445
1	446
1	397
0	118
0	160
1	45
0	17
1	104
0	121
1	75
0	1
0	1
0	1
0	0
0	0
0	0
0	0
0	1154
1	209
1	18
0	1137
3	211
3	0
0	164
0	18
0	61
61	67
0	3
0	16
0	13
0	13
0	2
0	0
0	0
0	0
0	0
0	231
16	245
0	240
16	266
0	286
0	148
0	128
0	68
0	29
0	104
0	33
0	25
1	0
0	2
0	2
0	0
0	0
0	0
0	0
1	0
0	0
3	40
4	828
2	989
0	190
0	153
1	195
1	231
1	517
0	0
0	203
1	386
0	242
0	165
0	1124
1	1119
0	1025
0	131
0	151
0	296
0	1075
2	16
0	221
0	524
0	191
0	138
0	1096
0	19
0	244
0	1078
9	1133
0	152
0	1057
36	588
15	345
0	191
0	281
17	833
1	665
0	683
4	480
0	439
1	22
0	24
0	47
3	76
0	42
0	64
0	18
0	3
0	3
0	3
0	4
0	4
0	0
0	0
1	0
0	3888
0	3889
0	4266
0	6542
0	2086
0	9903
0	9289
0	9637
0	9317
4	4255
0	8949
0	9022
0	9634
0	9353
0	9556
13	3275
0	9597
0	2753
0	1134
2	348
2	285
4	5305
0	589
1	818
0	474
2	394
1	1148
7	1115
0	239
52	706
17	822
0	405
0	442
0	199
0	345
0	152
0	82
0	453
0	611
0	490
6	414
0	183
0	126
0	990
0	1029
0	879
0	1029
0	218
0	903
0	667
0	903
0	908
0	908
0	891
0	861
0	909
0	956
0	918
0	866
0	927
0	789
0	789
0	852
0	826
0	928
0	835
0	977
0	876
0	972
0	903
0	919
0	971
0	739
0	990
0	1036
0	781
0	990
0	1012
0	942
0	997
0	1028
0	978
0	743
0	573
0	820
0	692
0	721
0	783
0	802
0	905
0	700
0	893
0	834
0	958
0	946
2	910
0	932
0	650
0	875
0	919
0	962
0	513
0	810
0	836
0	713
0	851
0	859
0	831
0	798
0	825
0	765
0	717
0	825
0	864
0	878
0	773
0	1035
0	19
0	844
0	825
0	437
0	581
0	908
0	1017
0	946
0	918
0	569
0	245
0	714
0	723
0	780
0	140
50	4478
0	4475
4	277
9	480
0	381
0	0
2	142
4	217
0	0
0	0
0	0
0	0
0	0
0	0
0	0
0	0
0	0
0	0
0	0
0	91
410	150
5	148
0	34
0	138
0	148
0	145
0	127
0	125
0	29
0	17
4	11
0	0
0	164
0	164
0	175
0	13
0	0
0	0
7	40
0	61
0	19
0	0
169	89
0	16
0	145
4	33
0	30
0	45
0	25
3	4
0	36
0	4356
6	4352
0	4344
13	4350
0	2011
151	4357
2	1398
0	3930
0	1275
39	809
0	4578
4	504
2	1208
0	72
0	362
0	637
0	450
3	609
0	2867
0	1450
0	872
7	1223
0	2802
0	147
0	3224
361	2420
543	2421
1	1832
5	775
7	988
6	541
0	0
0	0
0	0
0	0
0	0
0	0
0	0
0	0
0	0
0	0
0	0
0	0
0	0
0	0
0	0
0	0
0	0
0	5
0	5
0	5
0	3
0	1
0	2
0	1
0	0
0	0
0	0
0	0
0	0
0	0
0	0
0	0
0	0
2	0
0	2
0	0
0	0
0	0
0	2
0	0
0	2
0	1
0	0
0	0
0	0
0	2
0	1
0	2
0	2
0	1
0	1
0	1
0	1
4	1947
0	1986
0	447
1	72
1	163
0	186
1	146
1	135
0	149
0	123
16	78
1	77
21	22
0	7
3	7
0	7
0	7
0	7
0	5
1	2
0	0
0	2
0	18
0	19
2	9
0	2
0	9
2	2
4	1
0	2
0	8
2	0
0	0
0	0
0	0
0	42
0	38
0	36
0	41
0	0
0	3
4	5
1	55
0	46
0	74
16	221
1	50
0	77
8	178
0	75
0	209
1	54
10	659
0	1497
5	1481
0	233
0	172
4	141
0	140
7	147
3	86
6	322
4	257
0	274
0	202
5	134
0	6
0	256
0	75
0	37
0	104
0	25
0	19
0	115
0	1
0	260
0	141
0	1388
0	1348
0	1415
2	1366
0	1391
0	1400
3	1402
0	1414
0	427
0	668
2	314
0	27
1	230
1	116
235	211
2	211
0	0
0	0
0	12
0	12
0	1
0	7
0	11
0	11
0	0
0	1
0	0
0	0
2	844
0	773
0	840
3	850
0	839
1	847
4	840
0	209
0	187
0	41
0	0
0	0
0	0
0	0
0	0
0	0
0	0
0	0
0	0
0	0
0	0
0	0
0	9
0	9
0	9
0	8
0	9
0	6
0	2
0	2
0	5
0	5
0	2
0	3
0	0
0	0
0	1
0	1
0	0
0	1
0	0
0	962
0	1040
0	957
0	1083
1	1060
1	1078
0	1057
0	1062
0	1083
0	1093
0	1099
0	1019
0	1078
0	1016
0	106
0	80
0	237
0	950
1	34
0	36
0	55
2	140
0	786
0	668
0	282
0	784
0	196
0	433
0	38
0	62
0	690
0	782
0	636
0	638
0	575
0	591
1	426
2	413
0	420
0	366
0	416
0	46
0	82
0	256
0	26
0	82
0	541
15	757
82	477
0	759
0	68
0	151
0	103
0	390
0	495
0	364
0	168
0	223
0	394
0	292
5	224
0	224
11	0
0	558
0	260
0	552
0	477
0	300
0	555
0	489
0	469
0	420
0	395
0	396
0	392
0	393
0	397
0	318
0	314
0	151
0	363
1	12
2	9
0	9
0	21
0	2
0	0
0	5
0	282
0	3
0	1
0	30
0	5
0	5
0	1
0	195
0	1
0	2
0	1
0	101
0	30
0	28
0	0
1	73
0	0
0	0
0	0
0	7
0	22
0	7
0	8
0	7
0	7
0	7
0	7
0	321
0	361
0	59
0	603
0	333
3	104
0	623
0	48
0	620
0	0
0	0
0	0
0	0
0	0
0	0
0	0
1	0
0	0
0	0
0	0
0	0
0	0
4	504
0	453
0	494
1	23
0	230
2	88
0	98
0	85
0	86
0	18
1	11
2	11
0	510
1	9444
22	8771
0	9484
0	5629
2	2029
8	728
1	1344
0	1095
0	0
0	0
0	0
0	16
0	2
0	232
0	209
0	256
1	275
0	292
0	19
6	23
0	36
2	18
0	43
4	17
1	49
6	63
3	25
6	10
0	23
0	17
0	49
0	22
0	25
0	23
3	302
0	1266
0	781
0	206
0	1283
0	611
13	99
0	225
0	186
1	144
2	61
0	90
0	112
3	89
0	125
0	125
0	95
0	91
1	63
0	99
0	56
0	70
0	0
20	241
0	242
0	641
0	644
0	295
0	298
3	24
0	291
0	637
0	96
2	6
0	390
0	439
0	146
0	171
0	130
1	225
0	29
0	15
0	44
0	36
0	13
0	2
1	1
0	221
1	27
0	34
0	36
0	35
42	43
0	34
0	26
0	19
0	26
0	4
0	7
0	4
3	13
0	35
0	34
0	2
0	2
0	2
0	0
0	8
0	37
0	42
0	70
0	72
0	73
0	15
0	15
0	1
0	81
0	376
0	376
0	392
0	386
0	367
0	38
0	31
0	18
0	20
0	93
0	102
0	100
0	130
0	136
0	102
11	118
0	75
0	30
0	49
0	28
3	13
0	27
0	18
1	12
0	6
0	0
0	0
0	0
0	0
0	0
0	0
0	0
0	0
0	0
0	42
0	40
0	16
0	6
0	1
5	1248
3	664
3	661
1	687
2	55
0	52
0	31
0	325
0	163
1	1223
117	17
0	4
0	5
0	1
0	2
0	9
0	13
0	38
3	41
0	32
0	22
0	25
47	15
0	13
3	15
0	12
0	8
0	7
0	39
19	85
1	221
0	214
1	141
0	208
0	201
0	131
1	9
2	2
0	20
1	0
1	711
5	815
343	158
1	131
14	1
6	12
0	0
0	0
0	43
0	43
1	710
0	347
0	716
0	206
0	385
0	379
0	331
2	322
0	173
4	57
1	231
0	30
0	0
35	2
1	2
0	0
0	0
0	0
0	0
0	1271
0	1238
0	92
0	1659
9	1664
0	273
0	1244
0	11
2	460
2	3
0	3
0	1
0	10
1	8
0	10
0	4
4	259
3	251
3	270
2	28
1	28
20	28
180	195
0	184
0	187
0	198
0	655
0	1020
0	1007
0	27
0	749
0	604
8	10
23	68
3	51
1	614
26	473
0	617
0	404
2	362
0	310
7	83
1	8
0	55
1	0
29	14
0	13
0	2
0	3
0	3
0	74
2	39
0	13
0	5
0	7
0	10
0	2
0	3
0	0
0	73
0	15
0	18
0	74
1	152
0	161
0	40
3	159
0	153
0	218
0	42
1	451
0	448
0	453
0	9
0	93
0	94
0	13
1	5
0	81
0	76
10	74
0	1394
0	1328
0	1269
0	1398
0	1301
1	1348
0	1372
0	45
0	563
0	577
14	54
0	82
0	236
0	254
0	112
0	80
0	46
0	76
0	36
0	41
2	25
5	174
0	119
0	842
0	151
0	2495
11	2447
0	1486
0	12
0	2714
4	1379
0	2294
0	2516
0	2110
0	117
2	64
1	0
0	1
0	1
0	0
1	23
2	35
0	36
0	149
0	149
0	144
0	151
0	137
0	128
0	10
0	47
0	54
0	143
2	312
0	306
0	244
0	143
0	120
2	86
0	85
0	15
1	38
322	44
0	15
0	44
0	28
1	537
248	538
26	311
0	56
1	51
1	1
0	1
0	1
0	1
4	8
0	59
0	39
0	56
1	18
0	28
0	30
0	3
0	30
0	4
0	13
0	26
0	27
0	5
0	16
0	6
27	137
51	73
0	2657
0	2419
0	474
0	572
1	166
0	599
0	485
0	2656
0	1489
0	2569
0	2656
0	609
0	623
0	477
0	568
0	86
0	830
3	832
26	324
1	259
4	141
7	248
11	151
0	44
0	25
14	178
0	5
0	0
0	89
0	703
67	693
1	17
0	623
0	2
12	19
31	108
0	17
0	22
1	25
5	93
0	816
0	793
0	793
0	793
0	767
0	767
0	824
0	449
1	10
0	824
0	0
0	0
0	0
0	0
0	0
0	490
0	415
0	519
0	514
0	41
0	69
0	35
0	29
0	119
0	59
1	36
0	149
0	1221
0	568
1	623
5	874
0	1238
2	1371
0	1310
0	1323
3	1364
9	1346
0	1394
0	1386
0	1362
1	1371
0	1371
0	1312
1	1407
1	212
0	1288
0	1388
0	1213
0	1389
0	1434
0	1403
0	1403
0	1376
0	136
0	1403
0	1377
0	1394
0	71
0	192
0	22
0	238
0	115
1	204
19	191
8	330
15	135
5	210
9	78
0	30
0	920
0	801
0	847
62	548
3	477
0	372
0	139
0	847
0	212
0	200
0	169
0	139
0	40
0	3
0	55
0	105
1	98
0	63
0	93
6	84
0	66
0	20
0	19
0	12
0	10
32	360
0	360
0	310
2	278
0	102
3	92
0	96
0	47
2	170
0	12
11	364
26	38
1	35
0	317
1	53
0	333
0	167
0	12
0	71
0	27
0	149
1	1319
0	1351
2	332
0	74
0	1319
0	1325
0	1352
0	1258
0	1226
1	1388
0	1357
19	1117
0	1281
0	41
0	91
0	124
0	85
0	81
0	31
0	94
1	0
0	94
3	94
0	60
0	49
0	50
0	49
0	0
15	1091
0	993
0	953
0	901
0	825
0	828
0	828
0	828
0	262
1	23
0	5
1	24
1	12
3	0
0	459
0	435
0	232
0	172
0	270
0	150
0	449
37	162
0	225
42	157
0	117
0	101
5	108
2	64
17	4758
1	5011
0	3695
0	5072
1	5186
19	5262
0	5069
1	5464
0	5581
3	5347
0	5141
0	5636
0	5270
0	5574
0	5574
0	5287
0	5700
0	5698
0	5635
0	5676
0	5508
0	5057
3	5590
0	5842
0	5576
0	5580
0	5377
0	5600
3	5565
0	5716
2	5282
3	5580
0	5974
9	5601
14	5601
1	3872
0	1970
0	4807
0	2831
0	5557
0	5496
5	5151
0	4759
0	3560
0	844
3	599
0	391
0	129
0	417
0	176
3	7
24	353
0	404
0	209
1	142
0	82
0	64
1	83
0	66
0	82
0	60
1	8
0	2
1	45
0	0
0	0
0	0
0	0
0	0
0	0
0	0
0	0
0	0
0	0
0	79
1	74
1	5
0	53
1	18
0	15
0	31
0	23
0	30
0	30
0	30
0	29
0	21
0	27
1	27
0	30
0	30
0	21
0	42
1	30
0	55
0	32
0	26
1	49
0	11
0	43
0	1853
0	569
0	565
0	627
0	571
0	554
0	1910
15	741
0	836
0	1402
0	769
0	561
0	1906
0	643
5	649
0	599
0	470
0	598
0	553
0	1926
1	614
0	643
0	612
0	806
0	580
0	550
1	503
0	606
0	478
0	294
0	245
0	131
5	70
0	42
0	298
0	28
0	109
3	1272
0	67
0	2
0	198
0	198
2	180
0	181
1	151
0	87
0	147
0	20
0	52
0	4
0	4
0	7
0	14
0	29
0	16
0	17
0	16
1	15
0	14
0	6
0	5
0	5
0	6
0	6
1	65
0	43
0	32
0	14
0	10
0	6
0	5
0	4
0	2
0	5
0	10
0	104
0	114
0	424
10	527
0	497
0	496
0	493
0	481
15	507
0	496
0	481
0	482
0	506
5	2
0	393
0	392
0	421
0	401
0	380
7	384
0	497
0	465
0	131
0	35
0	388
0	316
0	288
0	38
0	228
0	37
0	133
12	11
0	21
0	10
0	11
0	3
0	10
1	9
0	11
0	1
0	2
0	4
0	1
301	65
0	65
0	12
0	13
0	10
0	133
2	25
0	60
0	526
2	503
0	106
0	117
1	122
1	137
6	81
0	0
0	0
0	0
0	0
0	0
0	1
0	1
0	0
0	0
0	1
1	1705
0	1931
0	2910
1	2480
0	2078
0	868
3	175
0	78
0	1057
0	1068
4	969
1	208
0	33
19	464
2	464
0	292
0	215
0	16
0	873
3	521
0	871
0	497
0	493
4	175
0	200
3	106
0	193
0	145
0	53
1	18
3	4
0	3
0	49
0	56
5	49
0	6
0	48
0	1
0	17
0	11
0	6
0	49
0	4
0	16
0	37
0	58
0	6
0	6
0	35
0	49
0	8
0	7
71	51
0	44
0	11
0	2
0	1
0	1
0	1
0	1
0	1
0	1
0	1
0	1
1	0
0	0
0	0
0	0
0	0
0	4
0	3
0	4
0	4
0	4
0	3
0	3
0	3
0	3
0	4
0	3
0	4
0	1
0	3
0	3
0	2
0	1
0	1
0	0
0	440
0	466
2	467
0	463
7	260
0	42
0	4
0	8
0	1
0	8
0	14
1	5
0	13
0	6
0	2
0	2
0	0
0	0
0	1236
2	1236
0	1248
0	402
0	2
0	0
0	2
0	2
0	2
0	2
0	0
0	0
0	0
0	0
0	0
0	508
0	459
3	220
0	497
0	506
0	509
0	305
0	221
0	322
0	500
0	506
0	507
0	506
0	504
0	504
0	480
0	501
1	508
0	378
0	504
0	498
0	496
0	496
0	506
0	203
0	196
0	212
0	299
0	313
0	494
0	500
0	492
0	501
0	504
0	495
0	502
0	493
0	485
0	480
0	472
0	414
0	193
0	295
0	124
0	368
0	383
0	314
0	308
0	314
0	45
0	289
5	287
0	287
0	104
0	74
0	22
0	198
0	185
0	186
0	159
0	177
0	37
0	186
4	10
4	134
0	142
0	141
2	137
0	124
0	140
0	140
0	123
0	44
0	19
1	10
0	6
0	5
0	6
0	2
0	2
0	2
0	0
0	0
0	17
0	17
0	6
0	3
0	0
0	0
0	1
0	0
0	0
0	292
0	302
0	290
0	301
0	267
0	276
0	70
0	14
1	8
2	4
0	4
1	17
0	7
0	7
0	19
0	16
1	4
0	0
0	0
0	0
0	0
0	0
0	0
0	0
0	62
0	73
0	70
2	60
0	0
0	0
0	10
0	0
0	9
0	9
0	3
13	13
0	10
0	9
0	9
0	11
0	11
0	12
0	0
0	2
0	1
0	9
0	9
0	9
0	20
0	160
0	48
0	229
1	231
0	36
0	27
0	51
0	227
36	23
0	23
0	0
0	0
0	0
0	0
0	0
0	0
0	0
1383	0
0	43
0	5
0	5
0	4
3	20
0	32
1	33
0	16
0	28
0	91
0	7
0	8
1	22
1	3
0	3
0	1
0	37
0	36
0	37
0	27
0	17
0	5
0	1084
56	1084
1	116
0	2132
0	2208
0	2132
0	2144
0	2131
24	753
0	7
0	7
1	7
0	6
0	6
0	7
0	6
0	7
0	491
1	557
0	557
4	557
0	1104
0	242
0	192
0	428
0	1088
0	1088
0	1097
1	1125
0	114
0	1145
0	556
0	1095
0	1095
0	572
0	999
0	231
0	735
0	1056
0	1105
0	484
0	481
140	2230
4	944
86	2080
0	0
1	599
36	49
35	167
0	169
21	49
13	49
22	5
0	23
3	575
22	102
0	580
2	48
0	576
2	123
0	86
0	120
3	7
0	6
0	7
0	0
0	2
1	130
1	130
1	24
1	11
0	4
0	5
0	2
0	0
0	0
0	0
2	613
59	563
72	596
6	401
0	23
0	18
1	23
0	486
13	492
1	337
0	446
3	67
22	61
0	48
0	38
0	70
1	156
0	42
0	43
0	48
0	514
0	495
0	467
0	486
0	14
4	20
3	23
1	14
2	20
37	148
1145	322
0	212
14	280
87	246
0	101
1	18
0	0
0	22
131	1
445	855
7	778
1	447
1	246
0	0
0	0
0	655
1	1202
0	1837
11	1557
2	506
5	672
1	634
0	624
0	642
1	621
0	627
4	608
0	623
1	604
0	613
0	631
2	629
1	629
0	604
3	502
0	698
0	311
0	813
0	795
1	793
5	837
2	327
0	246
1	121
0	155
0	1
0	79
1	162
0	67
0	0
0	675
3	662
0	671
1	659
0	100
1	24
0	0
0	0
0	0
0	0
0	0
0	0
0	0
0	0
0	0
0	0
0	0
0	0
0	433
50	136
1	382
0	30
1	416
1	414
0	62
7	41
2	53
0	3
1	28
0	1
0	21
0	28
0	5
0	0
0	0
0	2
0	15
0	0
2	15
0	2
0	2
0	2
0	0
10	621
0	621
0	570
0	143
0	68
0	1
0	0
0	0
0	0
0	0
0	0
0	0
0	0
0	0
0	0
0	0
0	0
0	0
0	0
0	0
0	0
0	1
0	1
0	1
0	1
0	1
0	1
0	1
0	0
0	0
0	0
0	0
0	0
0	0
0	0
0	1
0	0
0	1
0	0
0	1
0	0
0	1
0	1
0	0
0	0
0	0
0	0
0	0
493	638
0	117
0	76
3	25
5	168
10	12
2	366
1	5312
0	2991
0	5684
20	0
8	356
0	5657
10	3232
0	383
13	4633
0	1037
1	4
0	4
0	2
0	0
0	0
0	22
0	25
0	4
0	16
0	21
0	14
0	13
0	0
49	14
0	3727
0	3787
0	3814
1	3864
0	3860
1	3663
0	3819
0	3778
0	3948
1	3780
1	3940
0	3955
1	3935
0	3857
13	2192
43	3039
0	3895
0	3849
0	3850
0	3929
0	3929
0	3929
0	3834
0	3758
0	2311
1	114
0	866
0	763
0	848
0	129
0	129
0	69
14	43
158	115
5	106
0	505
0	506
7	478
0	27
2	47
2	63
0	374
1	45
4	31
2	24
2	39
1	30
1	37
0	7
1	11
0	168
0	0
0	0
860	1318
6	152
0	1124
0	1296
0	1295
0	910
0	896
0	728
8	418
0	589
7	215
0	188
0	22
3	55
1	8
0	0
0	8
0	6
0	0
3	3
0	98
2	4
0	122
0	120
12	234
0	247
0	234
0	242
0	229
0	229
0	242
2	54
0	32
0	47
5	4
1	0
0	0
0	0
0	0
0	706
0	726
6	534
25	692
1	678
0	725
0	365
1	75
0	294
0	294
0	275
7	177
0	125
1	0
0	2
0	0
0	1
0	2
0	0
0	1
0	0
0	2
0	2
0	0
0	0
0	0
0	0
0	0
0	0
0	0
0	0
0	0
0	0
0	0
0	0
0	0
0	0
0	0
0	453
0	348
0	372
0	429
0	136
0	131
2	173
0	112
390	195
0	1
0	194
0	40
1	923
0	942
0	787
0	557
0	44
0	301
0	282
0	180
0	287
0	282
0	273
0	267
0	280
0	254
0	187
4	188
0	195
0	219
4	190
0	280
0	160
0	181
0	294
0	208
0	240
0	76
0	226
0	298
0	242
0	240
0	269
0	39
0	255
0	80
0	293
0	258
1	227
0	132
1	133
0	2
0	51
2	9
1	529
9	534
0	92
5	44
0	21
1	104
0	14
0	13
0	26
0	8
0	6
0	1
0	6
0	0
0	0
0	0
0	0
0	0
0	0
0	0
0	0
0	0
0	0
0	0
0	0
0	0
0	0
0	0
0	0
0	28
219	54
2	17
0	36
0	9
0	22
0	4
0	0
0	0
0	0
0	0
1	4
0	180
0	87
13	208
1	28
4	47
0	12
3	103
0	150
0	431
0	421
0	424
0	423
0	421
0	414
0	423
0	418
0	130
0	177
0	374
0	368
0	368
0	356
0	344
0	344
0	344
0	336
0	40
1	30
0	311
0	303
0	282
5	22
0	275
0	259
0	254
0	254
0	254
0	247
1	241
7	16
0	137
0	15
0	2
0	137
0	57
9	106
359	0
0	0
0	0
0	0
0	0
0	24
0	24
0	24
0	0
0	0
0	0
0	0
1	3
0	24
0	24
2	501
0	609
0	375
0	435
2	435
0	471
0	353
0	454
0	504
112	631
0	374
1	368
25	368
0	370
3	108
0	433
1	504
8	373
0	502
1	502
0	67
0	60
5	61
0	12
0	2
0	17
0	11
1	611
4	606
0	548
0	2
1	146
0	289
0	503
0	601
0	607
0	652
0	588
0	557
0	557
0	695
0	655
0	562
0	598
0	640
0	634
0	690
0	591
0	590
0	700
0	630
0	644
0	690
0	732
0	589
0	636
0	676
0	682
0	552
0	676
0	602
0	542
0	599
0	627
0	625
0	435
0	525
0	87
0	266
0	595
0	667
0	721
0	705
0	493
0	505
0	125
0	538
0	491
1	285
0	431
0	574
0	687
3	61
1	493
0	612
0	674
0	424
0	145
0	428
0	20
1	129
0	101
0	1313
0	1325
0	1367
0	1132
0	1402
0	1379
0	989
25	1000
0	1220
9	1382
0	1114
0	1387
0	1353
0	1169
0	275
2	159
0	188
5	120
1	232
0	211
0	234
0	437
1	85
0	71
0	72
43	283
0	91
21	967
3	489
1	220
0	304
0	74
20	1051
1	243
1	589
32	998
0	631
0	480
0	253
15	94
68	352
32	0
147	109
0	98
0	0
0	40
0	39
1	14
0	9
0	6
1	8
0	5
0	3
0	132
0	14
1	136
4	0
0	127
0	92
1	16
0	17
0	96
0	42
0	24
1	131
0	41
0	52
0	52
0	52
0	0
0	0
0	0
0	0
0	0
0	0
0	0
0	0
0	0
0	0
0	0
0	0
0	0
0	0
0	0
0	0
0	0
0	0
0	0
0	0
0	0
0	1
0	1
0	0
0	0
0	21
0	23
0	21
3	27
0	25
0	1
0	1
4	308
5	308
0	280
0	103
3	22
0	21
0	32
0	28
0	28
0	164
3	167
0	84
0	11
1	13
4	11
0	24
0	11
0	22
0	17
0	17
0	14
0	18
0	12
0	11
0	14
0	10
0	15
2	14
0	13
0	7
0	168
3	0
0	0
0	0
0	0
4	1780
7	1780
10	679
3	311
0	466
4	417
0	474
0	275
0	335
0	237
0	258
0	323
0	259
0	251
0	230
0	81
0	100
0	128
0	43
7	72
363	0
0	480
0	268
3	475
0	461
1	12
3	20
0	17
0	0
0	367
0	0
1	213
1	36
0	14
0	31
2	21
1	248
0	240
0	134
5	202
44	488
2	376
1	364
2	138
1	196
19	0
0	271
0	217
0	406
0	374
0	386
0	379
0	402
0	406
0	25
0	261
1	381
0	370
0	360
0	371
0	366
0	373
0	333
0	355
0	338
0	359
0	348
0	354
0	354
1	361
0	359
0	370
1	360
0	342
0	362
0	366
0	353
0	295
0	291
0	305
0	320
0	23
0	323
0	316
3	282
0	350
0	346
1	324
0	360
0	271
0	27
0	354
0	367
1	361
0	14
0	45
0	51
0	34
0	10
0	62
0	77
6	415
0	1186
1	1168
0	729
0	1122
0	457
0	215
1	202
0	18
0	39
1	37
0	5
0	32
0	0
0	0
0	0
2	0
0	0
0	0
0	0
0	0
0	0
0	0
0	0
2	1
0	2
0	1
0	6
0	12
0	3
0	1
96	101
0	101
0	99
0	99
0	99
0	2
13	1388
3	1160
0	511
1	444
0	1017
0	1106
0	1101
3	294
0	295
0	346
9	149
0	102
0	65
0	53
0	31
0	7
0	30
0	3
18	279
0	249
0	256
1	194
2	212
1	7
1	76
0	42
0	0
202	3506
18	2751
5	669
0	492
4	97
0	141
0	135
0	129
0	8
6	4
0	132
0	0
0	6
0	6
0	2
0	2
0	2
0	0
0	2645
0	225
0	813
0	43
0	109
4	332
17	383
0	336
0	330
0	370
0	342
0	338
0	334
0	345
3	176
0	49
1	423
0	479
0	305
0	180
0	155
0	33
0	33
0	716
0	665
27	725
0	146
0	663
6	946
0	145
4	475
0	611
3	652
2	80
5	110
0	120
0	155
2	68
154	701
0	701
11	20
1	34
0	238
0	208
0	209
0	155
0	169
1	142
0	122
6	84
1	54
0	33
2	52
0	26
3	28
0	15
4	21
0	811
0	683
0	976
0	579
0	648
2	382
0	898
0	726
0	867
0	575
0	861
0	862
0	863
0	860
1	592
0	963
0	935
0	585
0	535
0	400
0	146
16	81
0	326
1	327
1	320
1	324
0	121
0	184
0	236
0	68
387	529
0	493
1	292
0	148
0	245
0	229
2	45
0	49
58	146
0	152
1	166
0	188
0	155
0	44
0	96
2	7
192	585
21	397
3	70
0	97
0	58
0	68
0	38
0	1
2	8
0	1
0	0
0	8
0	1
0	1
0	1
0	0
0	1
0	1
0	0
0	0
0	68
153	116
0	70
0	95
0	73
44	75
2	24
0	15
0	88
1	2
0	58
0	15
0	21
0	58
0	47
4	70
0	36
1	28
0	31
0	37
0	54
0	23
0	43
0	30
0	0
209	0
1	316
0	316
1	256
0	106
7	465
92	797
21	791
8	189
0	196
0	195
0	250
7	295
0	137
0	51
2	92
0	128
4	47
0	46
0	11
4	76
8	35
1	274
10	486
4	486
3	306
3	180
2	122
30	5488
1	5099
2	5083
2	4034
0	2590
34	928
8	1936
0	1584
0	953
4	1222
0	144
0	34
0	54
0	28
0	144
7	34
0	127
1	52
0	55
0	14
0	47
2	12
0	7
0	445
303	998
0	235
3	378
2	690
3	117
6	328
0	46
0	46
0	46
5	23
0	7
0	1
0	1
0	1
0	1
0	1
0	1
822	332
0	247
0	251
0	339
22	473
0	469
0	474
14	473
3	479
0	481
0	927
2	1054
0	46
1	22
1	160
0	99
1	33
0	102
0	25
72	180
1	114
29	174
0	17
0	9
0	20
1	18
0	12
1	226
0	39
0	105
1	76
4	82
0	93
2	226
0	95
13	163
7	20
0	0
0	0
0	0
0	0
0	0
0	0
1	0
0	0
0	134
0	134
0	142
0	140
32	120
0	132
3	135
0	34
1	103
1	53
0	33
0	35
0	19
0	12
0	17
0	14
0	6
1	7
0	3
52	0
284	358
0	81
0	34
0	60
0	57
2	80
1	120
0	45
0	89
0	85
0	2
0	4
1	20
1	8
1	90
0	19
0	2
0	2
0	2
0	2
0	3
0	12
0	36
0	43
0	6
0	11
0	14
0	7
0	158
0	243
0	259
0	255
0	254
0	244
1	223
0	200
0	213
0	185
0	70
0	31
0	43
5	88
20	73
0	25
0	79
0	35
0	32
0	32
0	30
0	804
0	2453
0	859
0	2325
0	418
0	2282
0	2292
0	356
0	780
0	2361
0	2321
0	957
0	2318
0	2281
0	2367
0	959
0	2362
0	1657
0	2284
0	2319
0	2136
0	2364
1	876
0	2329
1	820
9	348
0	2320
0	426
1	2242
0	442
10	1610
0	586
0	2206
0	2189
0	2064
0	2258
0	295
0	1532
0	2155
0	2188
0	1913
0	390
0	406
0	1871
0	1976
1	133
0	1218
0	287
0	1913
1	775
0	178
0	82
0	70
0	178
0	1402
0	844
0	1324
1	1225
0	1221
0	1193
0	982
0	895
0	825
0	869
0	245
2	681
0	125
0	45
0	202
0	165
0	169
0	477
0	480
1	41
0	397
0	246
0	267
0	282
1	216
0	250
0	354
17	214
0	10
0	93
3	35
7	49
32	738
0	65
1	673
15	673
5	38
330	89
8	106
4	41
1	18
0	54
0	52
0	45
0	47
302	221
0	208
3	201
1	102
0	118
0	115
0	102
0	95
0	113
0	113
0	113
0	107
0	105
0	109
0	107
0	103
0	92
0	111
2	69
0	88
1	110
0	115
0	96
0	96
0	101
0	89
0	111
0	112
0	114
0	111
0	107
0	97
0	95
0	104
0	89
0	110
0	85
0	108
0	117
0	106
0	97
0	106
0	115
0	107
0	111
0	111
0	117
0	111
0	115
0	86
0	107
0	96
0	96
0	74
0	49
0	80
0	53
0	18
0	12
0	40
0	35
0	38
0	9
0	15
0	14
0	14
0	6
0	11
0	5
0	7
0	8
0	1
0	0
8	134
128	422
1	120
1	421
0	44
0	0
0	0
0	0
0	0
0	0
0	0
0	0
0	0
0	0
0	0
0	0
0	0
0	0
0	0
0	0
0	0
0	0
0	0
0	0
0	0
0	0
0	0
0	0
0	0
24	3497
0	3361
7	1237
32	1721
1	159
0	49
0	167
8	150
0	57
0	162
0	44
6	149
1	60
380	807
2	795
0	14
0	33
0	50
0	13
0	294
0	29
0	175
0	150
1	116
0	22
0	33
8	79
1	31
832	891
1	845
0	175
0	185
0	218
0	64
2	200
0	163
0	190
0	148
0	202
9	105
0	111
1	6
0	9
39	44
0	20
0	33
0	6
0	2
1	4
0	7
0	15
0	1
0	820
0	743
0	785
0	748
0	745
0	811
0	715
0	692
0	773
0	776
0	801
0	617
0	742
0	794
0	745
0	751
0	751
0	740
0	720
0	57
0	594
131	0
1	0
7	10422
28	12926
3	5982
4	4727
39	3632
2	6203
94	3580
8	5217
41	4184
14	0
4	2120
327	0
1	40
0	254
0	232
0	243
0	259
386	134
0	42
3	48
0	41
0	1071
0	1152
0	195
0	188
0	1189
0	264
0	660
6	676
5	648
0	250
2	7
0	244
4	167
21	341
0	490
0	416
0	278
0	48
7	32
0	77
1	286
1	23
0	293
0	8
0	11
2283	2
0	80
0	70
0	18
0	15
0	14
0	35
0	21
0	14
0	14
0	12
0	11
0	7
0	4
0	0
0	86
0	85
0	85
0	0
0	1
0	1
1	1
10	2895
0	2891
394	2576
0	396
13	198
1	544
8	701
6	284
186	326
5	329
2	119
0	64
2	160
16	23
0	730
0	731
0	676
0	255
2	58
3	55
0	121
0	63
0	82
0	26
0	90
0	72
0	21
0	93
17	28
0	113
3	99
0	54
5	77
2	60
0	660
0	655
0	407
0	502
0	46
0	325
0	335
2	242
1	58
0	81
0	37
0	22
0	16
0	16
0	53
1	49
0	43
0	52
0	25
0	52
0	52
1	48
0	51
0	50
0	48
0	47
0	3
0	3
2	14
1	7
0	1
0	0
0	2
0	13
0	16
1	15
0	0
0	5
0	0
0	0
0	17
11	15
0	11
0	2
1	2
0	4
0	3
0	3
0	0
0	0
0	0
0	0
0	0
0	0
0	0
0	0
1	257
3	327
6	168
2	325
3	209
0	129
0	113
3	698
0	753
0	265
0	65
0	18
0	0
0	41
0	120
0	37
0	37
12	36
0	25
0	25
0	40
0	25
2	220
0	468
1	449
0	18
1	43
0	33
0	22
0	72
0	55
2	1
0	58
5	18
0	40
0	5
6	79
0	73
0	3
2	0
1	11
1	93
0	73
1	24
2	28
0	93
0	78
0	770
0	512
0	517
0	402
0	401
0	784
0	404
0	752
0	746
0	514
0	761
0	685
0	710
0	756
0	784
0	395
0	774
0	743
0	709
0	689
0	748
0	766
0	576
0	124
0	452
0	744
0	552
0	764
0	354
0	374
0	763
2	327
0	529
0	519
0	750
0	754
0	364
0	776
1	750
0	711
0	751
0	702
0	767
0	699
0	373
0	375
0	418
0	410
0	528
0	758
0	765
0	782
0	410
0	405
0	98
0	308
0	742
0	675
0	775
0	333
0	691
0	753
0	758
0	780
0	274
0	735
0	710
0	691
9	466
0	21
0	18
0	105
0	106
0	108
0	97
0	69
0	101
0	97
0	31
3	5
1	0
0	0
0	13
0	3
1	7
1	1
0	1
0	0
0	0
0	0
0	22
0	20
0	2
2	13
0	2
0	0
0	2
0	0
0	2
35	11
0	11
0	10
1	9
0	176
0	174
0	176
0	157
0	168
0	167
0	174
2	72
0	82
0	82
1	114
0	165
0	165
2	174
0	167
1	168
0	174
0	174
0	174
0	172
0	131
0	28
0	22
0	22
0	8
0	89
1	44
0	3
0	42
1	2
18	86
0	3
0	239
0	589
13	303
7	157
54	2
0	224
0	224
0	627
1	417
154	28
3	56
0	0
1	61
6	113
0	102
1	68
302	338
16	338
3	0
402	0
564	558
0	517
1	0
0	0
13	171
48	171
4	178
7	156
184	62
0	0
0	0
0	0
0	0
70	0
1	83
10	103
0	70
3	80
0	0
0	7
2	11
0	96
0	96
0	0
0	7
0	22
78	0
31	0
0	121
0	122
0	66
0	63
0	4
7	0
1	7
3	76
0	73
0	76
0	2922
141	2922
0	307
8	238
17	431
0	351
0	351
0	347
0	210
0	98
0	167
0	80
0	26
0	46
0	6
0	38
0	21
0	10
0	13
0	8
0	13
0	11
0	6
0	6
0	4
0	4
0	0
0	1
0	0
0	0
0	0
0	0
0	0
0	730
0	713
1	712
9	544
2	665
0	338
2	335
1	277
0	144
0	211
0	165
955	220
0	220
147	163
0	143
0	51
0	62
0	57
0	29
3	24
0	21
0	11
0	18
0	1
0	2
7	0
0	0
0	0
0	0
0	0
0	19
0	19
0	9
0	5
0	10
0	10
0	9
0	7
0	7
0	6
0	0
0	0
0	0
0	0
0	0
0	0
0	0
0	0
0	99
0	254
0	248
0	46
0	291
5	47
6	267
1	3
0	98
0	48
0	61
0	12
0	12
0	107
0	32
0	33
0	72
0	172
0	59
0	28
0	201
0	122
11	769
0	693
0	125
0	176
0	131
0	127
0	17
0	6
0	3
0	17
0	6
0	3
0	17
0	5
0	0
1	182
0	140
24	125
1	100
0	110
0	69
0	55
3	55
1	49
0	511
1	503
0	539
1	229
12	99
14	115
0	125
19	0
0	1317
0	1644
0	1604
0	75
3	1305
1	934
0	273
0	668
1	688
0	575
0	583
0	543
1	1146
0	1046
34	703
0	236
5	132
5	34
2	11
0	33
0	35
0	33
0	33
1	9
0	3
0	3
0	2
5	47
1	110
25	1391
40	167
1	1
1	107
3	1297
0	101
0	470
0	443
0	4713
76	442
25	4507
2	1884
7	4379
20	460
2	1255
2	1
1	1
146	134
1	32
2	10
4	18
54	58
3	64
7	29
0	16
0	6
1	13
3	79
0	768
0	776
0	775
1	21
0	42
1	719
0	761
0	66
0	580
3	106
0	8
1	88
1	51
3	52
0	570
0	63
0	45
0	105
2	12
1	3
0	1
0	233
0	784
1	724
0	871
42	1010
11	57
0	388
0	217
5	119
0	81
0	6
0	7
0	1
3	228
2	40
0	230
0	228
0	17
0	0
136	2
1	2
0	28
0	287
0	14
0	7
0	27
0	294
1	23
1	5
3	5
1	16
0	25
0	43
0	18
0	54
0	11
0	795
0	2967
1	1200
0	1185
1	1621
0	449
1	860
2	940
0	4015
0	1382
0	879
0	2255
0	1459
1	975
0	1133
0	1285
0	797
0	1219
5	232
0	720
0	667
0	664
0	371
0	256
0	296
0	208
0	70
0	546
0	940
0	672
0	294
12	157
0	100
0	356
0	231
0	117
21	75
0	74
10	13
0	0
0	0
1	2
0	11
0	2
0	8
0	1
1	6
0	6
0	8
0	6
0	92
0	334
0	190
3	663
0	558
0	189
0	693
0	205
5	540
0	279
0	506
11	619
1	641
0	112
3	171
0	191
0	296
0	642
0	58
1	36
0	76
0	477
0	294
0	205
9	272
15	240
5	125
0	2
0	0
6	2
0	2
16	498
404	1262
1	291
1	326
0	713
7	292
5	1659
7	1769
63	695
1	81
21	138
0	198
0	105
0	60
24	11
4	147
0	166
0	0
0	0
0	0
0	343
322	575
0	526
0	316
0	358
0	151
0	87
0	176
119	377
3	323
2	55
8	17
0	229
0	402
0	804
0	268
0	173
0	563
10	554
0	526
0	87
0	109
1	99
0	441
0	107
0	75
0	66
0	66
7	2
0	3
0	6
0	5
15	11
7	3
0	93
0	92
0	93
0	92
0	49
0	67
0	69
0	20
0	62
0	64
0	0
0	0
0	22
0	13
0	8
0	16
0	13
0	5
0	3
0	1
0	1
0	1
0	0
0	0
0	0
0	1
0	1
0	1
0	1
0	1
0	1
0	1
0	1
0	1
0	1
0	1
59	513
0	513
0	164
0	105
0	6
0	20
0	7
0	241
0	235
0	235
5	122
1	1
0	21
0	36
763	528
1	433
0	180
0	241
36	125
4	122
1	3
0	124
2	122
0	64
0	117
0	115
0	117
36	170
0	109
0	114
0	112
0	115
0	46
2	115
0	59
0	115
0	118
0	124
0	103
0	118
0	120
1	117
0	67
0	100
0	117
2	62
0	126
0	118
0	120
0	99
0	117
1	117
0	121
0	127
0	112
0	85
0	85
0	23
0	29
0	53
1	37
0	45
1	20
0	12
0	48
0	13
7	491
1	499
2	641
465	755
1	241
0	39
0	6
0	3
3	6
0	1
0	4
0	4
0	4
0	4
0	0
0	2
0	6
1	5
0	5
0	3
0	2
0	295
2	295
0	170
5	199
0	157
0	169
0	94
0	34
0	16
0	10
0	20
0	15
0	27
0	5
0	17
0	5
4	24
78	10
0	3
2	7
0	4
0	5
0	1
0	0
0	0
0	0
0	0
0	0
0	0
0	0
0	393
26	535
0	489
0	85
0	0
0	2
0	0
0	1
0	1
0	1
0	2
0	2
0	0
0	1
0	1
0	0
0	0
0	0
0	0
0	0
0	0
0	0
0	0
0	0
3	280
1	309
0	85
12	40
0	284
0	302
2	42
1	39
0	12
0	285
0	320
0	179
0	37
0	262
0	278
1	40
0	181
1	25
0	22
2	0
0	1
0	1
0	1
0	0
0	0
0	1
0	1
0	1
0	1
0	1
0	0
0	1
0	0
0	0
0	0
0	0
0	10
1	10
0	5
0	10
0	0
0	13
99	77
0	59
0	63
1	50
0	52
0	63
4	4
0	10
0	4
0	56
0	50
0	47
0	14
1	42
0	39
0	4
0	15
0	0
0	34
0	9
0	34
0	34
0	34
2	16
0	12
0	33
0	32
0	11
0	34
0	34
0	34
0	32
0	33
0	2
0	5
0	2
0	2
16	0
8	1344
0	2578
8	1108
5	2383
0	2217
0	2133
0	2264
16	1147
0	862
14	652
1	802
0	108
5	245
0	69
0	3157
0	1458
0	71
0	292
0	459
0	463
0	454
1	445
0	271
0	34
0	79
1	23
1	5
0	50
0	8
0	4
0	8
2	0
0	7
0	4
0	8
1	5
0	2110
87	2342
2	1576
27	884
9	356
8	537
0	480
0	717
0	667
0	261
0	791
0	677
0	503
0	470
0	386
0	377
0	379
0	412
0	213
1	0
4	0
0	0
1	81
0	8
2	822
2	843
0	347
0	837
59	841
0	757
1	830
0	302
0	807
0	807
4	99
0	414
6	65
0	411
0	65
0	61
0	0
0	1243
0	1243
0	1247
1	113
0	1190
0	764
7	27
2	12
3	961
1	948
0	958
0	509
0	258
0	72
0	100
0	38
2	95
1	17
0	84
0	1
0	1
0	0
0	1
0	1
0	1
0	1
0	28
0	28
0	9
1	8
0	9
0	1
0	1
0	0
0	0
0	0
72	425
0	428
0	422
0	158
1	36
6	662
23	658
0	359
3	614
0	42
0	81
0	223
0	227
1	159
11	78
0	191
2	73
1	92
1	109
0	200
0	204
0	209
1	64
2	212
0	226
0	152
1	77
0	29
0	25
0	1
9	14
0	2
0	11
15	9
1	491
0	480
0	489
0	31
2	141
0	90
0	279
0	240
0	87
0	173
0	133
1	84
2	63
0	50
0	5
0	19
0	14
2	3
1	10
0	126
3	49
4	113
0	118
0	74
0	78
0	127
0	130
88	119
0	102
5	20
0	33
2	7
0	7
0	4
0	2
0	4
0	3
0	2
0	3
0	3
0	3
0	2
0	0
0	0
0	0
0	0
0	121
0	125
0	128
0	135
2	54
0	134
0	45
0	124
0	123
0	6
0	63
0	22
0	22
0	0
0	0
0	0
0	0
0	1
0	1
0	0
1	85
0	302
0	273
0	269
0	250
0	287
0	284
0	315
0	276
0	317
0	253
0	279
0	247
0	19
0	18
0	170
0	268
0	269
0	289
0	293
0	296
0	340
0	308
1	288
0	157
0	298
0	291
0	20
0	304
0	283
0	323
0	143
0	286
0	298
0	316
0	169
0	262
0	329
0	277
14	309
0	272
0	303
0	289
4	245
0	20
0	272
0	235
0	42
0	1
0	1
0	1
0	0
0	1
0	0
0	0
0	0
0	0
0	0
0	699
3	120
0	495
0	628
0	649
0	546
0	495
2	491
8	423
0	650
0	650
0	495
0	1061
10	801
0	989
0	1025
0	978
0	1029
0	1024
0	1058
1	1019
0	1022
0	1023
0	989
0	996
2	1019
0	1029
7	446
0	311
1	295
0	222
12	222
0	214
1	146
0	224
1	192
0	87
0	109
1	538
0	1
155	973
8	970
0	950
13	482
0	950
0	88
0	9
0	32
0	6301
7	6196
27	6334
14	3657
0	4417
1	535
0	579
0	286
3	296
1	627
3	214
0	648
10	697
0	870
0	475
0	268
0	1035
0	295
0	220
0	269
1	242
0	267
0	1176
0	392
0	598
0	965
0	942
0	477
0	699
0	648
0	640
0	569
0	355
0	275
0	352
0	341
0	191
0	245
0	262
0	213
0	115
0	103
0	89
2	11
2	7
0	0
0	5775
0	37
0	98
0	25
0	23
0	16
0	16
0	17
1	16
0	15
0	4
1	4
0	3
0	96
1	95
0	5
0	5
0	4
0	0
0	0
0	506
0	19
0	17
0	521
0	107
0	508
0	346
0	367
0	517
0	506
0	361
0	505
36	332
0	313
0	334
0	468
0	506
0	209
0	332
0	361
0	347
0	504
0	506
0	361
1	86
0	362
2	179
0	194
0	372
0	183
0	24
9	702
0	721
98	314
0	668
0	620
30	710
0	710
0	1
5	8
0	1
0	8
0	1
1	0
0	0
0	0
0	1
0	1
0	0
0	0
0	0
0	0
0	0
0	0
0	0
0	0
0	0
0	0
0	0
0	0
0	0
0	0
0	0
0	0
0	0
0	0
0	0
0	0
0	0
0	0
0	0
0	0
0	0
0	0
0	0
0	0
0	5
0	5
0	0
0	0
0	0
0	0
0	0
0	332
0	329
0	330
0	30
0	133
0	93
0	182
0	104
14	296
14	291
0	332
0	0
0	0
0	0
0	0
0	4
0	4
0	4
0	0
0	3
0	0
0	1
0	0
0	0
66	457
0	25
0	380
0	77
0	0
1	618
10	544
0	217
0	263
0	462
0	0
0	0
0	0
0	0
2	0
0	0
0	0
0	0
0	0
0	0
0	0
17	161
0	526
0	530
0	451
0	21
0	17
5	14
0	510
0	518
0	476
0	524
0	236
0	434
0	433
7	111
0	233
0	330
1	296
1	212
0	195
0	157
0	94
0	27
1	11
13	18
0	3
1	0
0	0
0	445
1	267
0	191
0	35
0	445
0	221
8	898
1	898
0	0
0	0
30	1734
69	1734
0	397
1	427
0	427
0	422
0	427
0	427
0	396
0	422
0	427
0	427
0	49
0	17
0	63
0	63
0	48
1	23
0	7
0	9
0	2
0	2
0	4
0	1
0	2
0	0
0	0
0	0
15	288
1	273
0	128
2	63
0	80
12	291
0	446
0	406
0	178
0	37
2	0
0	448
19	360
1	279
0	445
65	414
0	285
7	171
2	184
21	1259
0	1256
15	1276
31	580
76	109
0	1259
0	968
19	314
0	299
0	44
2	11
0	0
0	0
0	0
0	0
0	0
0	0
0	0
0	145
0	971
0	906
0	255
0	139
1	243
2	243
0	78
0	42
1	210
0	173
0	114
0	219
0	22
0	35
2	52
0	188
1	67
0	2
0	2
0	1
0	1
0	1
0	1
0	2
0	1
1	1
0	1
0	1
0	1
0	1
0	18
0	19
0	19
0	18
0	18
0	19
0	18
0	18
0	18
0	19
0	19
0	0
0	2
0	11
0	2
0	2
0	1
0	1
0	1
0	696
0	639
1	239
14	428
0	184
0	197
0	141
0	140
0	198
0	128
6	82
0	6
0	7
0	6
4	7
0	8
0	4
0	4
0	2
0	4
22	226
1	261
0	259
0	285
0	301
0	325
0	313
0	325
0	230
0	82
4	57
0	51
0	51
0	25
0	5
0	0
0	1
0	1
0	1
0	0
0	1
0	0
0	1
0	0
0	0
0	0
0	0
116	357
7	391
69	286
13	64
23	32
8	941
0	855
0	145
1	147
0	907
0	892
0	562
5	855
2	691
0	796
0	822
0	632
0	667
8	343
0	297
2	142
1	41
0	19
0	0
0	0
0	0
0	0
0	0
0	0
0	0
4	676
4	685
20	682
9	134
4	148
1	103
1	6
0	6
0	6
0	6
3	6
0	28
0	11
0	10
0	2
0	28
0	28
0	14
0	28
0	0
0	0
5	63
5	61
0	54
0	11
1	48
0	3
0	17
0	24
4	1537
0	1570
5	417
0	598
0	40
0	40
1	40
0	1
0	18
0	32
0	19
0	18
0	20
0	27
1	1
0	27
0	13
0	33
0	32
0	3
0	16
0	25
0	2
0	10
0	1
0	9
0	0
0	15
1	0
0	1
0	10
1	12
0	1
0	1
0	1
0	0
0	0
0	0
0	0
0	1
0	1
0	0
0	0
0	0
0	0
0	0
0	0
0	0
0	0
0	0
0	0
0	0
0	0
0	0
0	0
0	0
0	0
0	0
0	0
0	0
0	0
0	0
0	0
0	0
0	0
0	0
0	0
0	0
0	0
0	0
0	0
0	0
0	0
0	0
0	0
0	0
0	0
0	0
1	12
0	12
0	304
0	8
0	31
6	30
1	8
0	31
0	192
1	18
0	7
1	3
0	138
0	139
0	140
0	179
0	17
0	4
1	7
0	37
0	3111
0	183
0	186
0	18
0	288
0	286
0	127
3	84
0	68
1	80
0	109
0	43
0	59
0	32
1	24
0	41
0	27
0	36
0	24
2	19
0	8
0	16
0	16
0	13
0	1
0	18
0	12
0	14
0	14
0	23
3	15
1	0
0	17
0	19
160	1
1	1
0	724
0	724
0	642
1	390
14	0
0	0
0	0
0	21
0	22
0	22
0	0
0	0
0	0
0	0
0	0
22	98
0	98
0	6
0	69
4	73
0	17
0	18
2	18
0	43
0	4
0	1070
0	271
36	1070
1	145
3	149
0	141
0	142
0	146
0	145
2	146
1	139
0	143
0	140
0	4
13	131
4	40
0	5
0	124
0	131
0	25
0	11
0	41
0	44
5	92
0	239
0	244
0	45
0	113
0	238
1	39
0	210
6	43
0	104
0	241
5	250
8	24
15	7
0	18
0	207
6	232
0	234
0	69
0	248
0	0
0	1
0	1
0	1
0	1
0	1
0	1
0	0
0	0
0	1
5	20
4	142
0	142
4	140
0	0
0	0
0	0
0	0
0	0
0	0
0	0
1	224
9	114
2	29
3	27
7	79
0	84
0	78
0	4
0	16
0	5
0	0
0	0
0	0
0	0
0	5
0	15
0	35
0	8
0	17
0	53
0	52
0	94
0	0
0	92
0	6
0	14
0	4
0	0
0	16
0	0
0	91
1	13
0	23
3	71
2	3
0	6
0	1
0	6
0	30
0	10
0	10
2	1
0	689
1	4
0	697
1	489
0	9
2	678
1	36
0	11
0	689
6	688
0	78
1	69
2	61
0	52
0	66
0	68
0	42
0	0
8	30
0	15
0	8
1	16
0	9
3	8
0	8
1	0
0	66
0	68
0	60
0	69
0	78
0	0
0	0
0	0
0	0
4	44
0	40
0	43
0	5
0	2
1	0
1164	0
0	217
0	211
2	218
0	131
1	3
0	5
1	1
0	59
0	3
0	4
0	23
0	7
0	49
0	18
0	10
0	49
0	49
0	17
0	6
0	6
0	1
0	0
0	0
0	4
0	2
0	3
0	2
0	52
0	681
0	770
0	751
0	710
0	744
0	724
1	23
0	427
0	444
0	765
0	65
0	34
0	19
0	29
0	42
1	26
0	43
3	0
0	0
0	31
1	35
0	39
0	14
0	15
2	2
0	32
3	417
0	213
0	15
0	35
0	30
0	8
1	10
2	0
1	10
0	5
0	2
0	421
0	0
0	0
0	0
0	0
0	0
0	0
0	0
0	0
0	0
0	0
2	887
0	936
0	972
0	952
0	662
0	964
0	424
1	186
0	218
0	34
0	55
1	22
0	42
2	8
0	0
0	224
239	550
0	67
0	183
1	210
1	147
0	102
0	93
0	106
0	104
0	71
0	8
0	8
0	6
0	9
0	9
0	9
0	9
0	9
0	8
0	9
0	9
0	9
0	9
0	9
0	9
0	7
0	5
0	1
2	452
0	131
0	468
2	16
0	468
2	315
1	31
0	449
0	469
0	32
0	60
0	0
0	0
0	0
0	0
0	0
0	0
9	43
476	504
0	501
0	2143
0	161
0	479
0	113
114	88
3	37
3935	2037
0	0
0	0
0	355
1	313
6	58
3	169
4	89
1	0
298	259
0	166
0	93
21	132
1	132
0	132
6	10
2	363
0	347
0	353
0	58
0	27
0	37
0	18
0	14
0	2
0	0
0	0
0	0
1	0
0	0
0	0
0	0
0	0
0	0
0	0
0	0
71	0
7	0
0	0
0	0
0	67
0	24
0	150
0	147
0	150
0	147
0	148
0	150
0	148
0	149
0	149
0	149
0	151
0	65
0	23
0	133
0	101
0	97
0	62
0	102
0	130
0	98
4	109
15	97
0	52
0	27
0	40
0	11
0	40
0	45
0	53
0	38
0	46
0	47
0	23
0	14
0	48
0	44
0	28
0	41
0	39
0	36
0	44
0	14
0	30
15	12
2	3
0	0
0	0
0	136
121	137
2	38
0	16
0	0
0	0
0	0
0	0
2	3443
0	425
0	441
0	3450
0	3435
0	124
0	63
0	3403
0	40
0	8
1	1989
32	1452
6	281
4	60
0	3
0	0
0	0
0	0
0	0
0	0
0	9
0	14
0	9
0	12
0	14
2	11
0	4
0	13
0	11
0	9
0	0
0	13
0	8
0	4
0	6
0	4
0	4
0	4
1	7
0	1
0	1
0	0
0	1
0	0
0	0
6	1
0	1
0	0
0	0
0	0
3	45
0	50
0	200
0	183
0	193
0	38
3	2
0	27
0	17
8	20
0	11
0	55
0	38
0	11
0	36
0	23
1	0
0	7
0	7
0	7
0	7
0	2
0	2
1	2
0	5
0	0
0	5
0	0
0	3
0	5
0	3
14	15
0	15
0	10
0	10
0	11
0	10
0	10
0	10
0	9
0	5
0	10
0	10
0	9
2	12
0	10
0	10
0	2
0	2
0	1
0	5
0	4
0	0
4	5
0	4
0	3
0	2
0	0
0	0
0	0
0	4
0	4
0	4
0	4
0	2
2	0
357	106
0	106
0	0
0	0
0	0
0	0
4	35
0	37
0	4
0	34
0	2
0	22
1	21
0	2
0	10
2	0
16	12
0	8
0	13
0	8
0	7
0	8
0	3
0	1
0	5
0	1
0	1
0	0
0	0
0	0
0	0
0	0
0	0
0	0
0	0
0	0
0	0
0	0
0	0
0	0
0	0
0	0
0	0
0	1
0	2
0	2
181	158
4	144
0	2
28	144
3	56
3	105
0	41
0	66
1	92
5	71
15	79
2	103
1	93
2	61
18	52
5	51
0	3
0	0
0	0
0	0
2156	0
0	13905
1	13146
0	13005
0	13594
0	11971
1	12083
0	12754
5	1730
0	9372
19	2174
1	872
1	1619
0	1141
0	650
1	1327
0	885
0	882
1	838
0	1240
0	1230
0	90
0	60
1	41
0	58
0	88
0	51
1	39
0	37
0	0
0	0
0	0
0	0
0	0
0	0
0	7
0	130
0	158
0	140
0	166
0	158
0	149
0	173
0	120
0	156
16	173
0	163
0	128
0	113
1	12
0	161
0	18
7	133
0	86
0	1
1	98
0	91
0	83
4	56
0	31
0	0
0	0
0	0
0	0
0	0
0	0
0	0
0	0
0	0
0	0
0	0
0	0
0	0
0	0
0	0
0	0
0	0
0	0
0	0
0	0
0	0
0	0
0	0
0	0
0	0
0	0
0	0
0	0
0	0
0	0
0	0
0	0
0	0
0	0
0	0
4	0
1	2060
278	1480
0	2129
11	182
0	187
0	115
4	720
0	109
0	96
2	55
0	813
0	109
3	260
11	385
1	793
0	204
0	138
0	711
0	83
0	95
2	49
30	170
5	22
0	61
7	406
3	721
1	1533
0	1799
4	1963
52	1945
0	473
0	760
0	598
0	68
1	487
0	207
0	416
0	235
0	1
5	1
0	119
0	476
0	49
0	454
0	97
0	87
0	273
1	109
1	444
0	355
0	378
3	8
0	8
0	8
0	0
0	0
0	0
0	0
13	5
0	4
0	2
2	1002
0	974
0	999
50	597
0	366
0	204
0	108
568	0
2	139
3	123
4	147
0	153
2	107
0	90
5	8
3	29
761	0
0	59
0	59
0	4
0	16
0	7
0	26
0	17
0	20
0	31
0	14
2	11
0	13
0	440
1	150
0	462
37	452
2	26
0	33
2	358
9	223
0	343
0	361
0	377
3	326
2	323
1	58
0	0
0	0
0	0
0	0
0	0
0	0
0	0
0	0
0	0
0	0
0	3
1	55
0	55
0	55
0	14
0	32
0	2
1549	160
2	95
0	145
0	27
96	595
0	1395
0	921
0	1376
0	576
0	1164
3	1156
0	1156
1	0
0	20
0	75
0	75
0	245
1	30
0	1180
23	977
0	1138
0	989
0	1056
1	58
0	243
0	292
2	0
0	0
2	0
72	896
3	653
0	272
379	107
5	117
0	122
0	118
0	120
0	119
0	119
0	119
3	21
0	15
0	120
0	18
0	108
0	26
2	10
0	13
0	119
0	77
0	8
0	112
1	103
0	11
0	4
1	105
1	6
0	3
0	7
1	30
0	41
0	34
0	33
0	13
0	12
1	737
0	750
5	21
1	703
0	54
0	981
0	198
0	102
0	970
0	920
0	104
11	95
4	69
0	187
0	169
0	37
0	0
5	0
0	1
0	1
0	1
0	0
0	0
0	1
0	0
0	0
0	0
0	0
0	0
0	0
0	0
0	0
1	13
0	9
0	5
0	11
1	2
0	1
0	1
1	2
0	7
0	5
0	1
2	0
0	0
0	0
0	0
0	0
0	0
0	0
0	0
0	0
0	0
0	0
0	0
0	0
0	0
0	0
0	0
0	0
0	0
0	0
0	0
0	0
0	0
0	0
0	0
0	0
0	0
0	0
0	0
0	0
0	0
0	0
0	0
0	0
0	0
0	0
0	0
0	0
0	0
0	0
0	0
0	0
0	0
0	0
0	0
0	0
0	0
0	0
0	0
0	0
0	0
0	0
0	0
0	0
0	2757
0	2732
13	1476
0	410
6	235
5	175
0	376
0	109
1	50
1	153
0	309
0	208
0	216
0	315
0	188
0	91
0	186
2	153
0	275
0	71
25	24
36	11
0	0
0	3
0	4
0	39
0	54
0	11
0	7
0	0
0	0
232	133
0	133
0	128
1	0
0	49
0	125
0	0
754	852
2	665
0	36
1	597
3	212
0	0
0	37
3	37
4	11
0	30
0	27
0	28
0	101
3	101
0	100
0	105
1	103
0	102
0	70
0	16
1	9
0	4
0	0
0	0
0	102
102	0
0	4
0	0
0	4
1	66
0	554
0	58
0	49
0	9
0	16
0	38
0	39
0	554
189	112
0	32
0	31
0	94
0	12
0	20
0	98
0	35
2	823
0	0
0	0
0	214
0	69
0	21
0	49
0	200
15	145
1	39
0	46
0	60
1	1
2	659
0	829
1	29
27	822
6	4667
0	2725
0	3903
0	4008
0	2235
1	0
0	399
4	379
0	86
2	52
0	1
4	201
14	208
0	175
0	36
0	0
0	0
0	0
0	0
4	8
0	5
1	3
0	16
7	16
0	4
0	0
0	0
0	0
0	0
0	0
0	963
4	650
1	1319
7	1281
0	1229
0	890
8	1181
0	298
0	194
10	155
3	47
0	272
0	112
0	144
6	362
2	0
0	0
0	0
0	52
0	549
0	3
0	3
6	497
0	548
1	0
0	517
0	507
1	514
0	523
0	540
0	525
0	507
0	493
0	525
0	470
0	541
0	517
0	504
1	548
0	16
0	87
0	546
0	502
0	602
0	570
0	98
0	542
0	63
0	429
0	154
0	434
0	435
0	135
0	437
0	77
0	137
1	224
0	68
0	11
0	4
0	0
0	0
0	1143
0	1098
0	1106
0	97
0	2
0	109
0	1099
0	2
1	1
0	4
0	1
0	1143
0	94
0	132
0	3
0	3
0	6
0	64
0	102
0	1057
0	4
0	0
0	1034
0	81
124	78
0	797
0	20
0	66
0	8
0	332
13	84
0	283
0	244
0	23
0	39
5	12
0	114
0	202
0	2802
0	1653
5	1651
30	31
1	180
66	110
233	77
0	0
1	1
0	0
0	1
60	68
3	26
0	2
0	12
0	10
0	0
0	9
0	3
0	1
0	1
0	1
0	0
0	8
0	3
0	2
0	0
0	0
0	0
0	0
0	0
0	0
0	0
1	3872
1	3847
10	3864
5	930
2	1249
0	3902
0	693
0	360
24	1234
0	941
3	1618
2	0
1	0
0	0
0	0
0	0
0	0
0	0
0	0
2	0
0	0
0	984
0	713
0	170
0	162
0	299
0	62
0	219
4	2
0	53
155	1051
7	111
0	53
0	565
0	788
0	942
0	108
0	81
0	135
1	540
0	252
0	43
2	72
1	65
9	67
0	20
7	39
0	37
0	35
0	11
0	8
0	179
0	82
0	183
0	176
12	172
0	1
0	22
0	178
0	154
0	11
0	373
11	487
146	129
0	79
2	100
5	59
0	168
0	24
14	93
0	49
0	26
114	229
0	147
0	105
0	45
0	8
89	62
0	47
0	22
0	14
0	27
5	64
5	40
0	18
0	104
0	3
0	81
0	7
1	23
0	3
0	106
0	0
0	2
0	0
1	10
0	259
0	121
0	139
19	146
0	114
0	279
0	16
0	2
2	23
0	3
0	3
0	3
0	0
0	0
0	0
0	0
1	3
2	169
0	165
0	147
0	171
0	184
4	170
0	171
11	179
0	90
2	194
0	175
0	176
0	116
2	53
1	64
0	55
0	17
32	11
6	206
19	155
0	203
0	160
0	33
0	21
0	204
0	0
0	0
0	68
0	103
28	37
0	73
0	7
3	4
2	32
0	11
0	14
0	5
0	57
0	52
0	62
0	63
2	232
0	5
0	23
1	5
0	51
0	20
0	19
0	229
0	327
0	3
0	3
0	3
0	0
0	2
0	0
0	1
0	0
0	0
0	0
0	0
0	0
0	0
0	0
0	0
0	145
0	30
3	84
0	118
0	79
1	0
0	217
0	248
2	218
1	248
5	248
0	3
0	0
0	3
0	0
0	1
0	0
0	0
0	3
0	3
0	3
0	14
0	1
0	1
1	13
0	14
0	244
0	265
5	83
0	23
1	127
0	127
0	4
0	2
0	1
0	6
0	127
0	128
0	0
0	0
0	21
1	67
0	1
0	4
3	4
0	0
0	1
0	0
0	1
0	1
0	0
0	1
1	56
0	9
5	37
0	48
1	23
1	7
0	79
0	8
0	32
0	77
2	66
1	73
0	1885
1	1849
0	467
0	482
6	1895
0	531
3	1826
0	1006
1	709
1	4
0	548
1	230
3	211
0	1900
0	0
0	0
1	376
0	9
14	368
0	21
0	377
1	22
0	114
0	206
0	46
0	75
0	3545
0	3679
1	3634
10	3706
1	2071
0	3707
0	0
0	0
0	0
0	0
0	0
0	0
0	0
0	0
0	0
0	0
0	0
0	0
0	1
0	1
0	1
0	0
0	0
0	0
0	0
0	0
0	0
0	0
0	0
0	0
0	0
0	0
0	0
0	0
0	0
0	0
0	0
0	0
0	4421
13	1974
3	167
0	126
0	94
6	54
0	4405
0	4398
0	594
1	549
9	440
5	193
0	130
0	97
0	106
0	65
5	622
2	76
2	65
2	67
0	26
14	3
21	0
0	0
1	0
0	0
0	0
0	0
0	0
0	0
0	13
0	13
0	4
348	0
0	2
0	2
0	2
0	586
4	691
0	712
0	772
25	623
0	512
2	454
0	10
2	143
17	92
0	320
7	1346
0	1405
2	222
4	1366
5	1342
2	176
5	95
0	272
0	316
0	814
0	145
1	168
7	276
9	21
0	3
0	273
0	20
0	0
0	636
4	558
0	635
0	627
0	636
0	639
1	233
0	72
0	81
1	89
1	3
0	4
0	0
0	0
0	0
1	3130
0	3666
0	3723
0	3574
1	3600
0	3638
0	3552
3	931
0	3343
4	321
1	0
0	928
0	928
0	465
14	261
0	122
0	0
82	41
0	0
0	0
0	0
0	0
0	0
0	0
0	0
5	7
3	7
1	7
0	7
0	7
0	7
0	0
0	0
0	8
0	6
0	6
0	6
1	7
0	6
0	10
0	10
0	8
0	7
0	3
0	1
0	1
0	1
0	1
0	1
0	1
3	229
0	226
0	216
0	217
0	216
41	221
0	3
2	1
0	2
0	3
0	0
0	1457
0	1095
0	1446
420	729
5	1264
0	858
205	248
28	403
0	66
19	391
12	281
1	66
30	98
0	82
3	4
0	36
0	42
1	45
0	36
3	7
9	731
1	772
0	748
0	775
0	129
0	114
4	88
0	8
6	114
104	114
2	18
0	5
0	37
0	92
0	85
3	19
0	82
0	65
2	7
1	5
0	47
0	36
0	4
433	498
17	563
5	375
0	563
0	0
0	0
0	0
1	0
0	0
0	0
0	0
0	0
0	0
0	0
0	0
0	0
0	0
2	0
0	0
5	23
0	23
0	0
0	0
0	0
0	0
0	0
0	0
0	0
0	0
0	0
0	0
0	0
0	0
0	0
1	0
0	0
0	0
0	0
0	0
0	0
0	0
0	0
0	0
0	0
0	0
0	0
0	0
0	0
0	0
0	0
8	0
0	0
0	0
0	0
0	0
0	1
0	0
0	0
0	0
0	0
0	0
0	0
0	0
0	5
0	6
0	0
0	0
0	0
0	0
0	0
0	0
0	1
0	0
0	0
0	0
0	0
0	0
0	0
0	0
0	0
0	0
0	0
0	0
0	0
0	0
0	0
0	0
0	0
0	0
0	0
0	0
0	0
0	0
0	0
0	0
0	0
0	0
0	0
0	0
0	0
0	0
0	0
0	0
0	0
0	0
0	0
0	0
0	0
0	0
0	0
0	0
0	0
0	0
0	0
0	0
0	0
0	0
0	0
0	0
0	0
0	0
0	0
0	0
0	0
0	0
0	0
0	0
0	0
0	0
0	0
0	0
0	0
0	0
0	0
0	0
0	0
0	0
0	0
0	0
0	0
0	0
0	0
0	0
0	0
0	0
0	7
0	0
0	0
0	0
0	0
0	0
0	0
0	0
0	0
0	0
0	0
0	0
0	0
0	0
0	0
0	0
0	0
0	0
0	0
0	0
0	5
0	0
0	0
0	0
0	0
0	0
0	0
0	0
0	0
0	0
0	0
0	0
0	0
0	0
0	0
0	0
0	0
0	0
0	0
0	0
0	0
0	4
0	0
0	1
0	4
0	0
0	0
0	0
0	4
0	0
0	0
0	0
0	0
0	0
0	0
0	0
0	0
0	0
0	0
0	0
0	0
0	0
0	0
0	1
0	0
3	0
0	0
0	0
0	0
0	0
0	0
0	0
0	0
0	0
0	0
0	0
0	0
0	0
0	0
0	0
0	1
0	0
0	0
0	0
0	0
0	0
0	0
0	0
0	0
0	0
0	0
0	5
0	0
0	0
0	0
0	0
0	0
0	0
0	0
0	0
0	0
0	0
0	0
0	0
0	0
0	0
0	0
0	0
0	7
0	0
0	0
0	0
0	0
0	0
0	0
0	0
0	0
0	0
0	0
0	0
0	0
0	0
0	0
0	0
0	0
0	0
0	0
0	0
0	0
0	0
0	0
0	0
0	0
0	0
0	0
0	0
0	0
0	0
0	0
0	0
0	0
0	0
0	0
0	0
0	0
0	0
0	0
0	0
0	0
0	0
0	0
0	0
0	0
0	0
0	0
0	0
0	0
0	0
0	0
0	0
0	0
0	0
0	0
0	0
0	0
0	0
0	0
0	0
0	0
0	0
0	0
0	0
0	0
0	0
0	0
0	0
0	0
0	0
0	0
0	0
0	0
0	0
0	0
0	0
0	0
0	0
0	0
0	0
0	0
0	0
0	0
0	0
0	0
0	0
0	0
0	0
0	0
0	0
0	0
0	0
0	0
0	0
0	0
0	0
0	0
0	0
0	0
0	0
0	0
0	0
0	0
0	0
0	0
0	0
0	0
0	0
0	0
0	0
0	0
0	0
0	0
0	0
0	0
0	0
0	0
0	0
0	0
0	0
0	0
0	0
0	0
0	0
0	0
0	0
0	0
0	0
0	0
0	0
0	0
0	0
0	0
0	0
0	0
0	0
0	0
0	0
0	0
0	0
0	0
0	0
0	0
0	0
0	0
0	0
0	0
0	0
0	0
0	0
0	0
0	0
0	0
0	0
0	0
0	0
0	0
0	0
0	0
0	0
0	0
0	0
0	0
0	0
0	0
0	0
0	0
0	0
0	0
0	0
0	0
0	0
0	0
0	0
0	0
0	0
0	0
0	0
0	0
0	0
0	0
0	0
0	0
0	0
0	0
0	0
0	0
0	0
0	0
0	0
0	0
0	0
0	0
0	0
0	0
0	0
0	0
0	0
0	0
0	0
0	0
0	0
0	0
0	0
0	0
0	0
0	0
0	0
0	0
0	0
0	0
0	0
0	0
0	0
0	0
0	0
0	0
0	0
0	0
0	0
0	0
0	0
0	0
0	0
0	0
0	0
0	0
0	0
0	0
0	0
0	0
0	0
0	0
0	0
0	0
0	0
0	0
0	0
0	0
0	0
0	0
0	0
0	0
0	0
0	0
0	0
0	0
0	0
0	0
0	0
0	0
0	0
0	0
0	0
0	0
0	0
0	0
0	0
0	0
0	0
0	0
0	0
0	0
0	0
0	0
0	0
0	0
0	0
0	0
0	0
0	0
0	0
0	0
0	0
0	0
0	0
0	0
0	0
0	0
0	0
0	0
0	0
0	0
0	0
0	0
0	0
0	0
0	0
0	0
0	0
0	0
0	0
0	0
0	0
0	0
0	0
0	0
0	0
0	0
0	0
0	0
0	0
0	0
0	0
0	0
0	0
0	0
0	0
0	0
0	0
0	0
0	0
0	0
0	0
0	0
0	0
0	0
0	0
0	0
0	0
0	0
0	0
0	0
0	0
0	0
0	0
0	0
0	0
0	0
0	0
0	0
0	0
0	0
0	0
0	0
0	0
0	0
0	0
0	0
0	0
0	0
0	0
0	0
0	0
0	0
0	0
0	0
0	0
0	0
0	0
0	0
0	0
0	0
0	0
0	0
0	0
0	0
0	0
0	0
0	0
0	0
0	0
0	0
0	0
0	0
0	0
0	0
0	0
0	0
0	0
0	0
0	0
0	0
0	0
0	0
0	0
0	0
0	0
0	0
0	0
0	0
0	0
0	0
0	0
0	0
0	0
0	0
0	0
0	0
0	0
0	0
0	0
0	0
0	0
0	0
0	0
0	0
0	0
0	0
0	0
0	0
0	0
0	0
0	0
0	0
0	0
0	0
0	0
0	0
0	0
0	0
0	0
0	0
0	0
0	0
0	0
0	0
0	0
0	0
0	0
0	0
0	0
0	0
0	0
0	0
0	0
0	0
0	0
0	0
0	0
0	0
0	0
0	0
0	0
0	0
0	0
0	0
0	0
0	0
0	0
0	0
0	0
0	0
0	0
0	0
0	0
0	0
0	0
0	0
0	0
0	0
0	0
0	0
0	0
0	0
0	0
0	0
0	0
0	0
0	0
0	0
0	0
0	0
0	0
0	0
0	0
0	0
0	0
0	0
0	0
0	0
0	0
0	0
0	0
0	0
0	0
0	0
0	0
0	0
0	0
0	0
0	0
0	0
0	0
0	0
0	0
0	0
0	0
0	0
0	0
0	0
0	0
0	0
0	0
0	0
0	0
0	0
0	0
0	0
0	0
0	0
0	0
0	0
0	0
0	0
0	0
0	0
0	0
0	0
0	0
0	0
0	0
0	0
0	0
0	0
0	37
0	19
0	0
0	16
176	757
10	757
4	569
13	398
0	559
0	0
0	0
0	0
0	0
0	0
0	0
0	0
0	0
0	0
0	0
0	0
0	0
0	0
0	0
0	0
0	6
3	7
0	4
0	4
0	5
0	0
0	0
1	1
0	1
0	0
0	0
0	6
0	1
0	0
0	5
2	4
0	10
0	0
0	0
0	0
0	0
0	2
0	5
1	3
0	5
2	5
0	0
0	0
0	0
0	0
0	0
0	0
0	0
0	0
0	0
0	0
0	0
0	0
0	0
0	0
0	0
0	0
0	24
1	27
7	23
1	32
124	4
1	21
0	5
0	14
8	5
0	5
0	5
0	0
0	0
0	3
0	3
0	2
0	3
0	3
0	1
0	0
0	0
0	0
0	0
0	0
0	0
0	0
0	0
0	0
1	6
0	6
0	6
0	7
0	6
1	6
0	0
0	0
0	0
0	0
0	13
0	14
0	13
0	9
0	197
0	31
0	499
0	368
0	504
0	1222
0	296
0	19
0	569
0	30
0	676
0	725
0	1002
0	942
0	408
0	576
0	473
0	431
0	641
6	831
0	518
0	121
0	201
0	68
0	528
0	453
14	138
1	377
0	51
0	0
0	0
0	4
0	5
1	6
0	9
0	7
0	8
0	8
0	3
0	0
0	0
0	1
0	2
0	0
0	0
0	0
0	0
1	1
0	0
0	44
0	44
0	0
0	0
0	0
10	649
0	530
1	496
1	573
0	845
9	684
2	685
0	701
120	489
0	473
0	499
0	1
0	27
0	573
0	627
0	652
0	252
0	632
0	632
0	0
0	0
0	0
0	0
0	0
0	0
0	0
0	1
0	2
0	1
0	0
0	0
0	0
0	0
0	0
0	0
0	0
0	0
0	0
0	0
0	0
0	0
0	1
0	1
0	0
13	0
0	0
0	0
0	0
0	0
0	0
0	0
0	0
0	0
0	0
0	0
0	0
0	0
0	0
0	0
0	0
6	30
0	0
0	1
0	2
0	0
0	1
0	0
0	0
0	0
0	0
0	0
0	0
0	0
0	0
0	0
0	0
0	0
0	0
0	0
0	0
0	0
0	0
0	0
0	0
0	0
0	0
0	0
0	0
5	0
0	0
0	0
0	0
0	0
0	0
0	0
0	0
0	0
0	0
0	0
0	4
0	2
6	0
0	0
0	0
0	0
0	0
0	0
0	0
0	0
0	0
0	0
0	0
0	0
0	0
0	0
0	0
0	0
0	0
0	0
0	0
0	0
0	0
0	0
0	0
0	0
0	0
0	0
0	0
0	0
0	0
0	0
0	0
0	0
0	0
0	0
0	0
0	0
2	0
0	0
0	0
0	0
0	0
1	0
0	3
0	59
3	86
0	56
10	7
0	5
0	10
8	12
0	41
0	3
0	3
1	2
0	4
1	4
0	1
0	6
4	10
0	2
0	2
0	1
6	2
0	2
0	0
0	0
0	0
0	0
0	0
0	0
0	0
0	0
0	0
11	8
0	0
0	2
9	1
0	0
0	3
0	0
0	0
0	6
0	4
0	0
0	0
0	0
0	0
0	0
0	0
0	0
0	0
0	0
0	0
0	0
0	0
0	0
0	0
0	0
0	2
0	2
0	0
0	0
0	0
0	1
0	0
0	1
0	0
0	5
0	2
1	6
2	4
3	1
0	0
6	8
0	7
1	4
0	3
0	3
0	4
0	4
0	0
0	0
0	0
0	0
0	0
0	0
0	0
0	142
9	115
9	94
0	94
3	127
331	213
7	98
0	24
0	50
1	188
2	49
0	18
4	140
13	21
0	0
0	0
0	0
0	0
0	0
0	0
0	0
0	0
1	0
0	0
1	0
0	0
0	0
0	0
0	0
0	0
0	0
0	0
0	0
1	18
27	108
3	26
0	44
6	76
0	106
0	121
0	8
0	1619
17	1593
1	1400
0	727
2	745
4	759
0	751
0	60
0	558
1	651
16	483
1	291
11	200
8	0
0	1
1	1
0	1
0	1
0	2
0	0
0	0
0	0
0	0
0	0
0	0
0	0
0	0
0	0
0	0
0	0
0	0
0	0
0	0
0	0
0	0
0	0
1	10
0	10
0	3
0	1
0	0
0	2
3	3
0	1
0	0
0	1
5	0
0	0
0	0
0	0
5	7
0	7
0	2
0	3
0	12
0	1
9	12
0	12
0	3
0	0
0	0
0	0
3	0
4	0
3	8
0	17
5	4
0	11
2	10
0	1
0	1
0	11
0	14
0	230
0	10
0	236
0	230
9	8
1	235
2	62
5	43
0	35
0	39
0	57
0	189
9	32
5	197
0	0
0	0
0	0
0	0
1	0
0	0
0	0
0	0
0	0
0	0
0	0
0	0
0	0
0	0
0	0
1	1
0	1
3	0
0	0
0	0
0	0
0	0
43	111
0	13
0	36
0	128
0	9
0	20
15	9
17	9
0	9
0	18
0	129
1	10
0	108
5	25
2	80
0	0
0	0
0	0
0	0
0	0
0	0
0	0
0	0
1	0
1	0
0	2
0	2
0	0
0	0
0	0
0	0
0	0
0	6
0	0
0	0
0	0
0	17
0	19
0	18
0	18
0	15
0	3
0	0
0	0
0	0
0	0
0	0
0	1
0	1
0	0
0	1
0	0
0	0
0	0
0	0
1	0
2	0
0	0
0	0
0	0
0	0
0	0
0	0
0	0
0	0
0	0
0	0
0	0
0	0
0	0
0	0
0	0
0	0
38	146
0	144
0	17
1	6
1	8
0	4
0	4
1	2
0	5
1	6
0	3
0	0
0	0
0	13
0	0
5	13
0	15
2	0
0	4
5	7
1	6
0	7
0	4
0	0
0	0
0	0
0	0
0	0
0	0
0	0
0	0
0	0
0	0
0	0
0	0
0	0
0	0
0	0
0	0
0	0
0	0
0	1
0	0
0	0
0	0
0	1
0	0
0	0
39	50
2	47
7	21
0	29
0	9
1	0
0	0
0	1
1	1
0	0
0	0
0	0
0	0
0	0
0	0
0	0
0	0
0	0
0	0
19	8
0	7
0	8
0	1
0	0
1	0
0	1
0	0
0	0
0	0
0	0
0	0
1	0
0	0
0	0
0	0
3	1
0	1
0	0
0	0
0	0
0	0
0	0
0	0
0	0
0	0
0	0
1	0
0	0
0	1
0	1
0	1
0	4
0	1
0	357
0	51
96	559
0	149
0	538
6	552
1	479
0	324
0	330
3	7
0	125
0	72
2	132
0	68
0	45
0	0
0	0
0	0
0	3
0	3
0	1
0	3
0	2
0	1
0	1
0	0
0	0
0	0
0	0
0	0
0	0
0	0
0	0
0	0
0	0
0	132
0	0
0	275
0	52
0	0
0	0
0	0
0	0
0	0
0	0
0	0
0	19
0	37
0	22
0	21
0	0
0	1
0	0
0	0
0	0
0	0
0	0
1	0
0	0
0	0
0	0
0	0
0	0
0	0
0	0
0	0
0	0
0	286
0	23
0	0
0	0
0	0
0	0
0	0
0	0
0	0
0	0
0	0
0	0
0	0
0	0
0	0
0	0
0	0
0	0
0	0
0	0
0	0
0	0
0	0
0	0
0	0
0	0
0	0
0	0
0	0
0	0
0	0
0	0
0	0
0	0
0	0
0	0
0	0
0	0
0	14
0	17
0	9
0	0
5	10
0	19
0	79
11	1473
0	1009
0	510
1	693
0	310
0	548
0	400
0	329
0	534
0	228
0	111
0	1
2	0
0	5
0	5
0	2
0	8
0	0
0	0
0	114
0	1
0	11
0	10
0	1436
0	1827
0	80
0	5
0	36
1	19
0	119
0	0
0	0
0	0
0	0
0	108
0	36
1	36
0	20
1	0
2	14
0	0
0	0
0	0
0	0
0	0
8	357
0	120
0	3
0	0
0	13
1	91
0	400
0	112
0	140
0	104
0	74
0	77
0	0
0	4
0	0
0	0
9	40
0	3
0	17
9	2
0	0
0	0
0	0
0	0
0	0
0	0
0	0
0	87
0	25
0	60
0	46
0	48
0	60
0	135
16	39
0	37
10	5
1	2
0	0
0	2
0	0
0	1291
18	98
14	856
104	334
0	17
0	0
0	2
0	2
0	16
3	20
0	12
0	3
0	11
0	0
0	0
0	0
0	0
0	111
0	0
0	0
0	0
0	0
0	1
0	0
0	2
0	0
0	1
0	0
0	2
0	0
2	1
0	1
0	192
0	260
0	209
0	127
0	12
0	0
0	0
0	0
0	0
0	0
0	0
0	0
0	7
0	0
0	0
0	63
0	45
0	64
0	60
0	62
0	2
0	2
0	0
0	0
0	0
0	0
0	0
0	0
0	0
0	0
0	0
0	0
0	0
0	0
0	0
0	0
0	2
0	2
0	64
0	19
0	0
0	0
0	0
0	509
2	616
0	92
0	64
0	28
0	8
3	12
0	144
2	0
0	44
41	240
0	1311
0	449
0	0
0	0
0	0
0	0
0	0
0	0
0	0
0	0
0	0
0	0
0	0
0	0
0	0
0	43
0	638
26	1086
3	107
0	75
0	410
0	0
0	0
0	0
0	0
0	0
0	0
0	0
0	0
0	0
0	0
0	0
0	0
0	0
0	4
19	3
0	0
0	0
0	0
0	0
0	0
0	0
0	0
0	0
0	0
0	0
0	0
0	0
0	0
0	0
0	0
0	0
0	0
0	0
0	0
0	0
0	0
0	0
0	0
0	1
0	0
0	11
0	5
0	1
0	1
0	0
0	0
0	0
0	0
0	0
0	0
0	0
0	0
0	0
0	0
0	0
0	0
0	0
0	0
0	57
0	14
0	0
0	0
0	0
0	0
0	0
0	0
0	0
0	0
0	0
0	0
0	0
0	0
0	0
0	0
0	0
0	0
0	0
0	0
0	0
0	0
0	0
0	0
0	0
0	2
0	2
0	1
0	0
0	2
0	0
0	0
0	0
0	0
0	0
0	0
0	0
0	0
0	0
0	0
0	0
0	0
0	0
0	4
0	0
0	0
0	0
0	0
0	0
0	0
0	0
0	0
0	2
4	0
0	1
0	2
1	2
0	0
0	0
0	8
0	0
0	0
0	45
0	37
0	30
2	87
0	8
0	71
0	36
0	22
0	21
0	33
0	0
0	0
0	2
0	2
0	0
0	1
0	2
0	55
0	19
0	8
1	0
0	0
0	1
1	0
1	1
0	0
0	0
0	0
0	1
5	1
3	1
0	1
5	38
0	31
0	0
0	0
0	0
0	0
1	0
0	0
0	0
0	67
0	0
0	0
5	384
5	47
0	77
1	0
0	4
0	3
0	4
0	1
0	1
0	0
0	1
0	1
0	1
0	1
0	3
0	1
0	0
1	1
0	0
0	0
2	1
0	0
0	0
0	0
0	0
1	12
8	25
86	31
0	12
0	12
0	10
3	19
1	11
0	0
0	0
0	0
0	0
0	0
0	0
0	15
0	11
0	13
0	15
0	16
0	21
0	13
0	6
0	13
1	12
0	9
0	0
0	0
0	0
0	0
0	0
0	0
0	64
0	524
0	728
0	483
0	700
0	810
0	580
0	461
0	485
3	64
0	0
0	24
0	37
0	33
0	11
1	1
1	38
0	218
0	222
0	19
0	31
0	31
0	232
0	430
0	165
0	0
0	0
0	0
0	0
135	19
2	23
1	15
3	7
2	8
0	6
18	6
10	18
18	13
0	15
0	8
0	7
0	2
0	2
0	2
0	2
0	0
0	0
0	0
0	0
0	0
7	4
6	4
0	3
6	19
1	0
0	1
0	2
1	0
3	8
0	0
0	0
0	0
0	0
0	0
0	0
0	0
53	65
0	9
1	21
1	28
1	6
0	2
0	8
0	0
0	0
0	0
0	0
0	0
0	0
0	10
0	26
0	36
0	10
0	23
0	0
0	23
0	23
3	23
12	21
9	25
1	10
14	14
1	13
11	15
0	15
16	38
34	11
0	26
0	70
0	47
0	44
0	0
0	0
0	0
0	0
0	0
0	0
0	0
0	0
0	0
0	0
0	0
0	0
0	0
0	0
0	0
0	0
0	0
0	0
0	0
0	0
0	0
0	5
0	1
0	1
1	4
0	4
0	3
0	1
0	1
0	1
0	1
0	16
0	25
0	25
0	2
0	3
0	9
0	0
0	11
0	1
0	1
0	1
0	2
0	26
0	19
0	1
0	1
0	0
0	0
0	0
0	0
0	0
1	17
38	23
0	9
0	9
1	2
8	3
8	0
0	6
0	0
0	0
0	0
0	0
0	6
0	0
0	6
0	0
0	0
0	0
0	0
0	0
0	0
0	104
0	115
0	116
0	59
1	26
0	19
10	4
0	3
0	0
0	0
0	0
0	0
0	0
0	0
0	0
0	0
0	598
0	526
0	154
0	0
0	0
0	0
0	0
2	118
6	17
0	17
0	46
0	24
3	112
0	118
19	118
1	16
0	58
0	25
6	113
0	115
155	15
0	1
0	0
0	0
0	0
0	0
0	0
0	0
0	0
0	0
0	0
2	0
0	0
0	0
0	0
0	0
0	0
0	0
0	0
0	0
0	0
0	16
0	0
0	1
0	15
0	110
0	139
0	65
0	23
0	6
2	48
3	1
0	4
16	35
0	38
0	9
7	130
0	122
0	0
0	0
0	0
0	0
0	0
0	0
0	0
0	1
0	1
0	0
1	1
0	1
2	0
0	0
0	0
0	0
1	3
0	12
0	41
71	767
0	0
0	0
0	5
0	0
174	146
0	129
0	0
0	0
1	0
0	0
0	0
0	0
0	0
0	0
0	0
0	0
0	0
0	0
0	0
0	0
0	0
0	0
0	0
0	0
0	0
0	0
0	3
0	0
0	0
0	0
0	0
0	36
0	67
0	0
0	35
9	340
1	186
0	0
3	7
0	10
0	10
0	1
0	1
0	0
0	0
0	49
1	97
1	113
13	277
0	751
11	718
0	619
0	4
0	4
0	1
0	2
0	2
7	23
0	23
0	23
12	174
1	154
0	3
0	3
0	3
3	2
19	1
1	1
0	0
0	0
0	0
15	373
24	373
93	509
0	365
0	34
0	4
0	1
0	89
0	232
0	0
0	0
0	2
0	2
0	2
0	0
0	0
0	958
0	0
0	9
0	22
0	0
0	0
0	0
0	0
2	16
0	1
1	10
0	8
0	0
0	73
0	32
1	3
0	5
0	0
5	4
1	4
0	1
0	2
0	0
0	0
25	16
1	18
1	12
1	5
3	53
0	10
24	35
0	0
0	0
0	0
0	0
0	0
0	0
0	0
0	0
0	0
0	0
0	0
0	0
0	0
0	0
0	0
4	212
1	195
0	94
0	0
0	0
0	0
0	0
8	37
2	7
2	6
0	0
0	50
0	18
3	5
0	0
3	1
0	0
0	1
0	21
0	0
0	0
1	4
0	4
1	0
0	0
0	0
0	0
0	0
0	0
0	0
0	0
0	0
0	0
0	48
0	49
2	2
0	8
0	26
0	0
0	1
0	0
10	165
0	0
0	0
0	0
1	37
0	8
0	14
14	14
0	8
0	0
0	0
0	0
0	0
0	0
0	0
0	0
0	4
0	4
0	4
3	4
0	0
0	29
0	11
0	8
0	4
3	0
1	0
4	0
0	0
0	0
0	0
0	0
0	0
0	0
0	0
0	0
0	0
0	1
0	1
0	3
1	2
1	1
1	27
17	25
0	0
0	0
1	139
0	122
0	144
0	2
0	2
0	2
0	0
0	0
0	554
2	770
0	287
16	390
1	50
2	12
0	0
0	0
0	0
0	0
0	0
0	0
0	0
0	0
1	0
0	0
0	0
0	0
0	0
0	0
0	0
0	0
4	18
0	64
0	17
12	155
0	177
0	80
0	0
0	0
0	0
0	0
0	0
0	0
0	0
0	61
0	64
0	0
0	0
0	0
0	2
0	2
0	2
0	7
1	22
5	38
0	7
17	32
0	393
0	281
0	288
0	248
4	213
3	170
5	27
1	215
0	183
8	51
0	58
27	0
3	35
4	53
92	0
12	47
0	1473
1	1856
0	81
0	113
1	26
1	108
0	44
0	9
0	0
0	0
0	0
0	0
0	0
0	1787
0	1787
0	1636
0	9
0	0
0	0
0	0
0	0
0	0
0	0
0	0
0	0
0	1313
0	80
0	118
0	16
0	65
0	111
0	88
0	46
0	26
3	18
0	31
11	17
0	14
0	14
0	0
0	0
0	0
0	0
0	0
0	0
0	2
0	0
0	0
0	0
0	2
0	1
0	1
0	1
0	7
0	1
0	6
0	1
0	7
0	1
0	1
0	7
0	7
0	0
0	0
0	3
0	3
0	0
0	9
0	6
0	0
0	0
0	0
1	16
0	16
11	2
3	2
61	32
4	63
7	85
2	9
91	383
0	45
11	0
0	0
0	0
0	1240
0	64
0	94
0	75
15	107
0	0
0	0
65	0
0	0
0	0
0	0
0	0
4	263
1	36
0	1
0	1
0	63
0	161
0	142
2	66
0	20
0	37
0	66
6	6
7	6
0	0
0	0
1	22
0	22
0	0
0	0
0	1417
0	0
0	0
0	5
0	568
0	1050
0	945
1	1023
0	1059
13	369
0	50
0	155
0	101
3	89
0	100
1	53
2	79
0	4
0	0
0	0
0	0
0	0
0	0
0	0
1	0
1	0
0	0
0	0
0	0
0	0
5	1
0	1
0	0
0	0
0	0
0	0
0	0
0	1
0	1
0	0
0	0
0	0
0	8
49	136
0	86
10	121
3	9
18	49
0	101
2	40
0	58
0	8
1	6
0	3
0	0
0	19
3	12
4	24
36	24
2	43
0	0
0	0
2	10
4	54
2	162
0	133
0	31
287	527
0	411
0	155
0	282
4	233
0	62
0	388
0	8
0	7
0	0
50	96
7	71
0	66
0	0
0	0
0	0
4	0
0	0
0	28
0	0
0	0
0	55
0	135
4	2
0	33
0	153
2	70
23	27
0	27
4	18
0	0
0	0
0	0
0	0
0	0
1	126
0	126
0	0
0	0
0	0
1	2254
0	4450
4	1211
0	2916
0	2659
0	212
0	731
0	1
4	298
0	365
1	532
1	86
2	770
0	408
4	69
0	52
0	0
0	0
0	0
107	96
0	181
2	48
1	264
0	275
0	257
0	22
39	119
0	116
0	510
0	507
0	147
0	2
1	3
1	2
1	0
0	19
0	19
0	19
14	3
0	3
0	17
0	2
0	260
0	123
0	25
0	66
1	48
0	239
0	249
0	34
0	51
0	51
0	263
0	456
0	169
0	0
0	0
0	0
6	70
2	63
1	69
0	24
0	14
0	24
175	8
0	0
0	0
0	0
0	0
0	0
0	0
0	19
0	0
1	151
0	115
0	10
0	83
0	108
0	40
0	0
0	0
0	0
0	0
0	0
0	0
0	0
0	0
0	0
1	890
0	844
0	0
0	0
0	0
0	0
6	105
5	114
3	114
0	0
1	37
0	18
0	4
3	1
0	9
0	196
1	16
1	87
26	13
0	188
5	82
0	0
0	0
0	0
1	171
1	188
0	183
141	150
0	39
0	0
0	0
0	3
0	0
0	0
0	1
0	0
0	0
0	0
0	3
0	31
0	0
0	42
0	46
0	54
0	16
0	0
0	186
0	166
0	181
0	122
0	114
0	134
0	109
0	29
1	6
11	0
5	0
0	0
2	0
0	0
0	12
0	12
0	0
1	28
0	3
2	4
0	3
0	3
0	2
0	0
0	1
0	0
0	0
0	0
0	0
0	0
0	0
0	0
0	0
0	0
0	0
0	0
0	1
0	77
1	0
0	0
3	20
34	20
0	1
0	0
0	0
0	0
0	0
0	1
0	0
0	0
0	11
0	12
1	6
0	2
0	0
0	0
0	0
0	0
0	0
0	0
4	88
1	84
0	0
0	0
0	51
10	116
5	29
4	5
0	3
0	1
0	0
0	0
0	0
0	111
0	121
0	131
17	125
0	82
0	4
0	30
0	28
4	37
0	48
0	1
0	0
0	7
2	71
0	0
0	0
0	0
0	0
23	62
4	34
3	34
0	36
0	7
0	14
0	11
0	6
0	4
3	0
0	1
0	1
0	1
0	0
0	0
0	0
0	0
0	0
0	0
0	0
29	81
11	125
20	49
2	421
6	313
7	195
8	0
2	207
0	0
2	5
0	12
0	12
0	13
3	6
2	13
0	0
0	0
0	0
0	0
0	0
0	16
0	16
0	1
73	97
0	94
1	29
0	12
0	0
0	0
0	17
19	95
7	100
0	100
0	0
0	0
0	0
0	58
1	0
0	0
0	0
0	0
0	0
0	0
0	0
0	0
0	0
0	0
0	0
0	0
0	0
0	0
0	0
0	0
0	0
0	0
0	0
0	0
0	0
0	0
0	0
0	0
0	6
0	18
0	7
0	21
0	7
0	4
0	0
0	0
0	0
1	0
0	0
0	0
3	1
0	1
0	1
0	0
0	0
0	0
0	0
0	0
0	0
0	0
0	0
0	0
5	62
0	47
0	2
0	1
31	161
2	0
0	89
1	1
0	81
0	0
0	0
0	0
0	3
4	0
0	0
0	0
0	0
0	0
0	0
0	0
0	0
0	0
0	0
0	0
0	0
0	0
0	1
1	4
1	3
1	1
0	0
0	0
0	0
0	0
0	0
0	5
0	5
0	193
0	262
9	103
0	2
0	0
0	0
1	3
0	8
1	6
1	4
1	0
0	0
4	11
0	11
0	0
0	0
5	53
5	47
0	23
0	0
0	0
0	0
0	0
0	0
0	0
3	153
8	132
0	34
0	150
0	5
0	5
0	1
0	1
0	0
0	0
0	0
0	0
0	0
0	0
1	0
0	0
0	0
0	0
0	0
0	0
0	0
0	0
0	0
0	0
0	0
0	0
0	0
0	0
0	0
0	0
2	4
22	8
0	8
0	3
0	2
0	3
0	0
0	0
0	1
0	1
6	36
0	41
5	38
1	4
0	3
0	0
0	0
0	0
0	0
0	0
0	0
0	0
0	1
0	1
0	0
0	0
0	0
0	0
0	0
7	30
2	29
0	29
0	30
0	24
0	12
0	3
0	2
0	0
32	216
12	73
23	73
2	54
64	143
26	4
0	25
0	17
0	0
0	0
0	0
0	0
0	0
0	0
4	0
0	84
25	87
301	146
0	1
0	9
0	9
0	4
0	1
0	0
0	2
0	0
0	0
1	7
0	3
0	5
0	21
2	4
76	31
0	10
0	2
0	1
0	28
3	9
0	1
4	0
0	0
0	0
0	0
0	0
0	208
0	0
0	3
1	185
1	112
1	119
0	50
0	78
3	0
0	0
0	0
0	0
9	309
0	245
1	25
0	33
0	33
0	0
0	0
0	0
0	0
0	0
0	0
0	0
0	0
0	0
0	0
0	0
0	0
0	0
108	120
0	0
0	0
0	60
0	123
0	0
0	0
0	0
0	0
0	0
0	0
0	0
0	0
0	0
0	0
0	0
134	197
12	172
4	151
1	6
0	18
0	52
27	116
6	41
66	146
0	151
2	96
4	143
0	3
0	0
0	3
0	0
0	0
0	3
0	3
0	3
0	0
0	0
0	0
0	0
0	0
0	0
0	0
0	0
6	5
2	27
0	782
0	126
0	91
0	221
0	473
0	1
0	1
0	1
0	16
0	25
0	25
0	2
0	3
0	9
0	0
0	0
0	0
0	0
113	819
8	743
22	511
5	176
0	0
7	98
1	80
7	17
0	0
0	0
0	0
0	0
0	0
0	0
0	0
0	0
0	0
0	0
0	0
0	0
0	1
3	1
6	1
0	1
0	1
0	0
0	0
1	0
0	0
4	0
257	627
0	1
0	401
0	112
0	138
0	108
0	73
0	75
0	0
0	0
0	0
0	3
14	96
0	115
0	1
0	0
1	16
0	14
1	21
4	21
2	14
8	26
9	36
1	10
0	0
1	0
0	0
0	0
0	0
0	0
0	96
0	95
0	2
0	0
0	0
0	0
0	0
0	0
8	37
7	40
1	22
6	27
0	57
9	27
17	32
0	11
0	28
0	19
0	0
0	0
0	0
10	26
0	142
1	12
6	26
0	115
129	128
0	115
3	55
0	1
0	21
0	27
0	29
0	71
2	11
0	4
0	0
0	0
0	0
0	0
0	0
0	5
0	5
0	7
7	2
16	4
0	0
3	374
13	257
0	67
0	0
0	0
0	0
1	31
2	134
0	37
0	44
1	586
0	0
0	0
0	0
0	0
0	0
0	0
0	0
0	0
0	0
0	0
0	0
0	708
4	17
10	73
1	16
0	51
0	29
0	4
0	18
1	43
0	20
2	0
25	5
1	6
6	2
3	91
0	154
0	0
0	0
0	0
0	0
0	0
2	5
2	1
0	4
1	1
0	0
0	0
0	0
0	0
0	0
3	5
2	7
0	810
0	287
0	17
0	177
0	129
0	91
0	117
93	23
0	0
0	0
0	0
0	1
0	1
0	0
7	115
2	115
0	225
20	99
0	0
0	0
0	0
0	121
0	19
0	65
0	37
0	0
0	0
0	0
0	249
0	0
0	7
0	18
0	4
0	18
0	0
0	0
0	7
0	2
0	7
0	7
0	0
0	15
0	9
0	790
8	7
0	1005
0	274
0	996
0	123
0	127
0	73
0	1
0	10
0	15
0	13
0	0
0	2
0	2
51	69
9	13
42	9
0	7
0	18
0	18
0	4
0	4
0	0
3	798
1	204
6	490
0	0
0	0
0	0
0	0
0	0
0	0
0	0
0	0
0	0
0	0
0	0
0	0
0	0
3	25
0	25
0	0
0	0
0	0
0	0
0	0
0	0
0	0
0	58
1	58
15	37
3	51
0	8
3	21
0	7
0	21
0	3
0	3
0	3
0	2
0	3
0	19
0	0
0	3
0	5
0	4
0	6
0	0
0	4
0	0
0	25
0	11
0	35
0	15
0	50
0	0
0	0
0	0
0	1
0	0
0	3
0	3
1	0
1	0
14	56
9	50
0	9
4	10
4	59
0	29
0	0
0	0
0	0
0	0
0	0
0	0
0	0
0	0
1	3
1	12
0	12
0	2
0	2
0	0
0	0
1	1
3	11
0	2
0	10
1	1
0	1
0	0
0	0
0	44
1	53
6	48
0	0
0	53
1	54
0	0
0	0
0	0
0	11
0	11
14	59
52	2
0	0
0	0
0	0
0	0
0	0
0	0
1	11
10	48
0	53
0	4
1	6
2	33
0	10
0	285
0	234
0	207
0	227
0	204
0	82
0	0
0	0
0	0
0	9
0	9
0	1
1	832
53	832
0	0
0	0
0	0
135	73
16	42
0	34
1	50
0	5
5	67
0	6
0	1
0	2
0	2
0	143
0	0
0	0
55	125
0	118
0	154
0	148
0	60
2	131
0	132
0	87
1	155
1	32
3	68
1	151
1	102
0	0
6	121
0	122
0	69
0	117
0	116
0	88
0	94
0	86
0	67
2	30
0	17
0	1
11	358
2	43
0	58
1	17
0	67
1	0
3	14
21	58
5	225
1	206
2	68
0	61
0	53
0	4
0	9
0	3
0	29
0	45
1	7
22	51
0	36
0	17
0	0
1	0
0	0
17	1
0	1
3	5
2	30
0	1
2	29
1	29
0	28
0	0
0	0
6	0
0	33
0	6
2	3
0	28
6	9
0	3
0	2
0	9
4	24
0	9
4	2
5	525
0	6
0	0
0	0
0	0
0	0
0	0
0	0
0	0
0	0
0	75
0	7
0	39
0	35
1	9
0	0
0	1
0	1
0	7
0	6
0	35
2	0
1	5
0	0
0	0
0	0
0	2
0	2
0	2
0	2
0	14
0	19
1	17
6	14
0	10
11	112
799	1106
0	1121
0	914
0	174
1	122
0	295
0	290
8	121
0	130
0	279
25	100
0	1
0	99
0	1
0	6
0	6
6	131
0	1
4	54
0	56
0	0
0	0
0	19
0	19
0	0
6	4
0	4
1	3515
0	2429
7	4297
0	4143
0	0
0	0
1	2
0	1
0	2
0	0
0	0
0	0
0	0
0	0
0	0
1	0
0	0
0	0
0	0
0	0
0	0
1	0
0	0
0	2
0	10
0	2
0	0
0	0
0	8
0	2
0	0
0	0
0	0
0	0
0	0
0	0
0	0
0	0
0	0
0	0
0	0
0	0
0	1
0	0
0	0
0	0
0	2
0	2
0	10
0	4
0	4
0	5
0	0
0	0
0	14
0	14
0	1
0	0
1	0
0	2
0	1
0	2
0	1
0	1
0	1
0	0
0	0
0	0
0	0
0	0
0	0
2	11
5	17
1	31
0	21
13	13
27	62
0	62
32	0
0	40
2	2
0	1
0	3
77	7
0	7
0	7
0	107
0	102
5	18
0	0
0	0
0	0
1	8
0	8
7	0
0	0
0	4
0	0
0	0
0	0
0	0
0	0
0	3
1	4
0	5
0	2
0	1
0	1
0	0
2	4
0	0
0	0
0	0
0	283
0	27
0	74
3	286
0	62
0	185
9	294
0	16
3	16
0	16
0	24
0	142
0	0
0	0
0	0
0	0
0	0
322	176
3	19
0	22
0	187
0	93
2	106
93	166
2	162
9	112
0	116
0	0
0	0
22	2
14	72
7	51
2	0
0	9
0	0
0	0
0	0
0	0
0	0
0	0
0	0
0	0
0	0
0	0
0	0
1	8
64	1209
0	61
0	0
0	0
0	0
0	0
0	0
0	0
0	0
0	0
0	0
0	0
0	0
0	0
0	0
0	9
7	200
26	228
1	109
27	205
3	146
0	179
0	0
0	0
0	0
0	0
0	0
0	0
0	0
0	0
0	0
0	0
0	0
0	0
0	0
0	0
0	0
0	0
0	0
0	0
0	0
0	534
0	310
0	548
0	12
0	11
67	152
24	152
0	19
11	81
17	71
19	188
0	79
0	2
0	0
0	0
0	0
0	11
0	0
0	11
1	11
0	461
0	139
0	0
0	0
13	0
4	287
6	271
0	187
0	10
8	19
115	71
7	22
1	30
0	25
5	28
7	53
0	57
0	79
0	108
2	83
10	51
3	11
4	6
0	2
0	0
0	0
24	184
56	156
0	203
0	94
3	55
4	56
0	4
0	8
1	2
0	4
0	4
0	1
0	0
0	27
0	14
0	14
0	19
0	0
0	0
12	38
0	19
20	224
0	0
0	1
0	1
3	26
1	50
41	15
0	47
2	42
0	28
2	36
0	6
0	4
0	11
0	1
0	131
0	129
1	110
0	136
0	74
12	63
1	6
0	0
0	0
0	70
0	5
0	47
0	70
0	27
0	4
0	28
4	6
0	7
0	105
0	32
0	0
0	26
0	34
0	7
0	7
0	36
0	111
0	0
0	0
0	0
0	0
0	0
0	0
0	0
7	10
30	10
3	5
0	5
0	0
21	22
0	21
0	16
0	9
0	0
0	0
11	140
0	3
0	71
0	20
0	13
0	1
0	21
0	8
1	3
0	0
0	0
0	0
0	0
0	0
0	0
0	0
2	27
3	18
0	9
3	34
20	45
40	40
17	147
0	67
1	56
0	21
0	26
19	2
0	0
3	2
0	0
0	0
0	16
0	12
4	80
0	23
0	54
0	1
0	1
0	0
5	0
0	0
0	1
0	1
0	0
0	2
0	6
0	5
0	1
0	11
7	471
5	26
3	319
0	1
0	0
0	0
0	0
0	0
0	0
0	0
0	11
0	12
0	12
0	4
0	0
0	6
0	0
0	6
0	0
0	0
0	1
0	1
0	1
0	1
18	400
0	151
0	0
0	0
0	0
0	0
0	0
0	0
0	0
0	0
0	0
0	0
5	2
15	165
0	0
0	13
0	13
9	13
0	0
0	0
0	0
0	0
0	0
0	0
1	0
0	0
3	15
0	0
0	22
0	0
0	0
0	0
5	971
0	6
0	2
0	0
0	1
173	392
68	870
0	13
1	2
0	1
0	0
0	0
0	9
0	9
0	9
0	8
0	4
92	121
0	120
21	116
0	29
0	19
4	11
0	5
0	1
0	0
0	0
0	0
0	0
0	0
0	0
0	1
0	1
38	6
0	6
0	1
0	1
0	3
0	3
0	0
0	0
0	24
0	8
0	29
0	5
6	3
0	16
0	8
0	23
0	7
0	0
0	0
0	0
0	0
0	0
233	530
0	10
1	187
13	187
0	0
0	0
0	0
0	0
0	0
2	0
0	0
0	0
0	5
5	12
0	2
1	0
0	8
5	10
0	10
0	1
0	0
0	0
0	0
0	0
0	0
0	0
2	0
0	0
0	0
0	19
0	21
0	4
0	4
2	19
0	20
0	19
6	19
8	71
69	51
0	0
30	19
13	349
8	25
0	349
1	55
0	105
0	83
2	54
0	4
0	0
0	0
0	0
4	77
0	111
0	42
52	153
2	95
9	153
0	55
2	0
3	144
0	196
4	176
0	180
29	130
19	293
0	266
0	278
0	331
0	268
0	179
91	493
0	334
33	278
0	278
0	231
0	0
0	0
0	50
0	143
0	143
57	452
0	199
0	143
0	160
0	181
0	85
0	77
0	214
0	243
0	5
6	0
0	0
0	0
14	312
19	1
0	188
1	71
2	7
8	7
0	0
0	1
0	1
0	0
0	0
14	33
16	25
16	40
0	4
0	4
0	0
2	0
0	0
0	1
0	0
0	19
0	22
0	27
14	17
1	17
1	17
7	7
0	1
0	1
0	0
0	0
0	0
0	0
0	0
0	0
0	0
0	0
0	0
0	0
0	0
0	1
0	0
0	1
0	2
0	1
0	0
0	1
0	2
0	3
0	1
0	4
0	1
0	0
0	0
0	53
0	0
0	15
0	13
0	1
0	0
0	0
0	0
0	0
0	0
0	0
0	0
0	3
0	3
0	2
1	3
0	1
3	230
0	228
1	234
0	234
4	233
0	127
0	82
0	49
0	1
0	1
0	1
0	1
2	4
0	1
0	1
0	1
1	4
7	1
0	0
107	4
6	5
0	28
1	29
0	0
0	0
0	0
27	1192
0	1
0	1
0	0
0	1
0	0
0	0
25	2
0	0
4	4
10	12
4	8
0	0
0	0
0	0
0	0
0	0
0	0
0	0
0	0
0	0
0	0
0	0
0	0
0	0
0	0
0	0
0	0
0	0
0	0
0	0
0	0
0	0
0	0
0	0
0	0
1	0
0	0
0	0
0	0
0	0
0	0
3	5
0	5
0	5
0	0
0	0
0	0
0	0
0	0
0	1
0	0
0	1
0	0
0	0
0	0
0	0
0	0
0	1
0	0
0	0
0	0
0	0
0	0
0	1
0	0
0	0
0	0
0	2
0	2
0	0
0	0
0	0
0	0
0	0
0	0
0	0
0	0
0	0
0	0
0	0
28	21
0	17
0	0
0	0
0	0
0	1
0	0
0	24
0	2
0	21
1	25
0	21
7	6
0	27
0	21
0	203
0	33
4	239
2	19
1	182
0	3
0	65
1	225
1	74
0	94
0	47
0	27
0	141
0	54
0	69
0	0
0	2
0	1
0	0
0	1
0	50
0	36
0	37
0	218
0	48
1	85
150	41
0	20
2	31
0	23
2	18
0	5
8	52
0	57
6	57
0	19
2	1
0	0
0	0
0	0
25	19
0	13
0	14
0	17
10	9
0	81
1	31
1	28
0	77
1	83
0	77
0	38
0	67
0	30
0	6
0	1
0	1
0	1
0	1
0	0
0	0
0	0
0	0
0	0
0	0
0	0
0	0
0	0
0	0
0	0
2	11
0	14
0	13
0	10
9	0
0	0
0	0
0	0
0	0
0	0
0	0
0	0
99	1720
0	61
3	14
0	14
0	0
1	42
3	42
0	41
0	2
2	28
4	27
1	1
1	14
0	1
0	12
0	1
0	25
1	12
0	0
0	0
0	30
4	38
36	137
1	206
3	100
0	1
0	15
0	2
1	4
7	24
3	60
0	2
0	26
0	5
2	0
0	1
0	0
0	0
0	0
0	0
192	93
0	71
294	99
0	78
2	60
0	30
1	38
2	45
0	47
4	91
0	20
0	15
0	155
1	185
4	38
1	26
5	40
1	53
0	14
0	4
0	1
0	0
0	0
1	6
0	3
51	46
0	37
0	49
2	14
2	3
0	1
1	334
0	429
21	484
33	510
27	296
56	251
16	118
0	7
1	4
1	0
0	0
3	0
0	0
0	28
0	35
1	35
0	36
0	7
0	3
1	188
53	16
0	183
0	143
0	0
0	0
0	0
0	0
0	0
0	0
0	0
0	0
1	0
0	0
0	0
0	0
0	0
0	0
0	0
0	0
0	0
0	0
0	0
0	0
0	0
0	0
0	44
0	0
0	0
0	0
0	2
0	0
1	1022
0	0
0	573
0	1
0	0
0	0
0	11
0	0
0	0
0	63
0	0
0	46
0	0
0	215
0	0
0	0
0	8
0	0
0	0
0	2
1	3056
0	19
0	14
0	0
0	0
1	423
0	0
0	13
0	0
0	0
0	0
0	0
0	104
0	0
1	4
0	0
1	1
0	0
0	3
0	0
0	0
0	0
0	0
0	0
0	3
0	0
0	44
0	0
0	0
0	0
0	0
0	0
0	0
0	0
0	2
0	0
0	0
0	0
0	0
0	0
0	0
0	0
1	22
0	0
0	1
0	0
0	0
0	387
0	0
0	0
1	0
0	0
0	596
0	0
0	0
0	0
0	0
0	14
0	2
0	0
0	55
0	2
0	1
0	0
0	13
0	0
0	30
0	7100
0	0
0	0
0	3
0	212
0	151
1	14
0	14
0	0
0	0
0	0
0	0
0	0
0	0
0	0
0	2847
0	4
0	0
0	21
0	0
0	4
0	0
0	0
0	0
0	0
0	2
1	0
0	0
3	0
0	0
0	15
0	20
0	0
0	0
0	0
0	0
0	0
0	3
0	0
0	0
1	0
0	2051
0	0
0	0
0	0
0	0
0	0
0	0
0	0
0	0
0	0
0	0
0	0
0	25
0	0
0	3
0	0
0	0
0	12
0	9
30	1080
0	0
0	0
0	9
0	0
0	0
0	0
0	0
0	1
0	21
0	4
0	291
0	4
3	4
0	0
0	0
0	1125
1	712
0	0
0	0
0	0
0	3
0	0
0	0
0	0
0	30
0	0
0	0
0	0
0	0
0	0
0	0
0	0
0	0
0	0
0	43
0	0
0	0
0	0
0	0
0	0
0	0
0	0
2	0
0	0
0	0
0	397
1	3
0	0
0	3
0	0
0	1
0	1382
0	1
0	0
0	0
0	0
0	1
0	0
0	0
0	0
0	0
0	0
0	0
0	0
0	454
0	0
0	0
0	0
0	6
0	9
0	0
0	0
0	0
1	0
0	0
0	0
0	0
0	0
0	0
0	0
0	0
0	6
0	0
0	0
0	0
0	0
0	0
0	0
0	132
0	0
0	0
0	0
0	0
0	0
0	0
0	0
0	208
0	2
0	17
0	0
0	0
0	0
0	0
0	0
0	1
0	1529
0	0
0	0
0	0
0	1
0	0
0	0
0	1
0	0
0	0
0	1736
0	0
0	2
0	0
0	0
0	0
0	0
0	0
0	0
0	0
0	0
0	0
0	1
0	0
0	8
0	0
0	0
0	0
0	0
0	0
0	3
0	0
0	0
0	0
0	0
0	0
0	0
0	0
0	0
0	0
0	0
0	0
0	0
0	0
0	0
0	0
0	0
0	0
0	0
0	0
0	0
0	0
0	0
0	0
0	16
0	0
0	0
0	0
0	0
0	0
0	0
0	0
0	0
0	14
0	0
0	0
66	0
0	0
0	5
0	0
0	0
0	0
0	0
0	0
0	0
0	0
0	0
0	0
0	0
0	1
0	0
0	0
0	0
0	0
0	0
0	0
0	0
0	0
0	0
0	306
0	0
0	0
0	0
0	0
0	0
0	0
0	0
0	281
0	0
0	0
0	5
0	0
0	0
0	0
0	0
0	0
0	0
0	0
0	0
0	0
0	0
0	12
0	0
0	0
0	0
0	0
0	0
0	0
0	0
0	0
0	0
0	0
0	0
0	0
0	0
0	0
0	0
0	0
0	0
0	0
0	0
0	0
0	0
0	18
0	0
0	0
0	0
0	0
0	0
0	0
0	0
0	0
0	0
0	333
0	0
0	0
0	2
0	0
0	0
2	16
0	1
18	121
0	0
0	0
0	0
0	0
0	7
0	0
0	166
0	0
0	22
0	0
0	298
0	0
0	0
0	25
0	0
0	0
0	0
0	2540
0	30
0	0
0	0
0	0
0	0
2	8
0	0
0	1
0	0
6	1
0	0
0	8
0	0
0	0
0	0
0	0
0	6143
0	0
0	2
0	80
0	0
0	0
0	0
0	0
0	0
0	0
0	0
0	0
0	0
0	0
0	1
0	1
0	0
0	1
0	0
0	20
0	171
0	9
0	0
0	6
0	0
0	5
0	1
0	0
0	0
0	0
0	0
0	0
0	0
0	18
0	1
0	1
0	20
0	0
0	0
0	0
0	0
0	0
0	0
0	1
0	4
0	0
0	0
0	0
0	0
0	0
0	0
1	0
0	0
2	1
0	0
0	0
0	0
0	0
0	0
0	0
0	0
0	0
0	1
0	0
0	0
0	24
0	0
0	0
0	0
0	1
0	0
0	406
0	0
0	0
0	0
0	5
0	0
0	0
0	76
0	0
0	0
0	0
1	0
5	0
0	18
0	0
0	0
0	0
1	0
0	0
0	0
0	0
0	0
0	0
0	0
0	0
0	0
0	0
0	0
1	0
0	0
0	0
0	15
0	0
0	0
0	0
0	0
0	0
0	8
0	0
0	0
0	0
6	243
0	0
0	0
0	0
0	0
0	0
0	1
0	0
0	0
0	0
0	0
0	0
0	1090
0	0
0	0
0	589
0	0
0	0
0	0
0	0
0	145
0	801
1	4361
0	0
0	0
0	62
0	0
0	0
0	0
0	0
0	0
0	6
0	63
0	0
0	0
0	0
0	3
0	5
0	0
0	0
0	419
0	1
0	0
0	0
0	0
0	2
0	0
0	0
0	0
0	0
0	1
0	0
0	0
0	188
0	0
0	0
0	0
0	13
0	1
0	0
0	0
0	0
0	53
0	0
12	7
0	0
0	0
0	0
0	0
0	0
0	0
0	0
0	0
0	0
0	0
0	0
0	0
0	0
1	1
0	0
0	0
0	0
0	0
0	0
0	0
0	0
0	0
0	0
0	0
0	0
0	4
0	0
0	0
0	2
0	4
0	0
0	0
0	0
0	0
0	0
0	0
0	1737
0	29
0	0
0	0
0	0
0	0
0	0
0	0
0	138
0	0
0	0
0	0
0	0
0	0
0	0
0	0
0	0
0	0
0	0
0	0
0	0
0	32
0	0
0	0
0	2
1	0
0	0
0	0
0	0
0	0
0	0
0	0
0	0
0	0
0	0
0	0
0	0
0	0
0	0
0	0
0	0
0	0
0	0
0	9
0	1
0	0
0	0
0	660
0	0
0	22
0	0
11	0
2	0
0	0
0	0
0	0
0	0
0	0
0	0
0	0
0	0
0	1
0	0
0	0
0	0
0	0
0	0
0	0
0	296
0	0
0	0
0	0
0	0
0	158
0	13
1	0
1	0
0	6
0	0
3	35
0	0
0	0
0	0
0	0
0	45
1	548
0	5
0	9
0	1
0	0
0	67
0	0
0	738
0	0
0	245
0	0
0	0
0	0
0	0
0	104
0	657
0	0
0	1
0	0
0	0
0	0
0	0
0	226
0	0
0	0
0	0
0	0
0	0
0	13
0	0
0	0
0	0
0	1222
0	0
0	0
0	0
0	0
0	1736
0	11
0	0
0	1
0	0
0	1332
0	53
1	1
1	0
0	0
0	0
0	0
0	12
0	0
0	0
0	0
0	0
0	2
0	0
0	0
0	0
0	0
0	0
0	0
0	1
0	0
0	0
0	0
0	0
0	0
0	1337
0	13
0	0
0	0
0	0
0	0
0	0
0	0
1	0
0	0
0	0
0	0
0	0
0	0
0	0
0	0
0	0
0	30
0	0
0	0
0	0
0	0
0	0
0	0
0	26
0	0
0	0
0	2
0	1
0	0
0	215
0	0
0	0
0	0
0	0
0	0
0	0
0	0
0	0
0	29
0	23
0	0
0	0
0	0
0	0
0	0
0	0
0	0
0	0
0	8
0	0
0	0
0	0
0	0
0	0
0	0
1	0
0	0
0	0
0	10
0	0
0	0
0	0
0	18
0	0
1	0
0	0
0	0
0	0
0	1
0	0
0	0
0	0
0	0
0	0
0	0
0	0
0	0
0	0
0	3
0	0
1	0
0	0
0	0
0	347
0	0
8	0
0	1192
0	0
0	0
0	0
0	1
0	0
0	446
0	0
0	0
0	0
0	0
0	0
0	0
0	0
0	0
0	0
0	0
0	0
0	1
0	0
0	0
0	0
0	0
0	5
0	0
0	0
0	0
0	0
0	0
5	1
0	0
0	0
0	1
0	0
0	0
1	0
0	0
0	0
1	325
0	0
0	0
0	163
0	0
0	8
0	0
0	0
0	0
0	0
0	0
0	0
0	0
0	21
0	12
0	0
0	0
1	3
0	0
0	0
0	0
0	7
0	0
0	0
0	0
2	0
0	0
0	0
0	0
0	0
0	0
0	0
0	0
0	0
0	0
0	1
0	0
0	1
0	1
0	0
0	0
0	0
0	0
0	0
0	0
0	1
0	0
0	0
0	0
0	0
0	2
0	0
0	0
0	0
0	0
0	5
0	3
0	7
0	0
0	42
0	0
0	0
0	0
0	0
0	0
0	0
1	47
0	3249
0	0
0	0
0	0
0	0
0	0
0	0
0	0
0	0
0	386
2	0
0	0
0	0
0	790
0	0
0	0
0	0
0	49
0	0
1	0
0	10
0	0
0	0
0	0
0	0
1	0
0	0
0	0
0	0
0	3
0	213
0	0
0	0
0	0
0	19
0	21
0	0
0	0
0	0
0	0
0	0
0	0
0	0
0	0
0	0
0	0
0	37
0	0
0	0
0	2
0	264
0	0
0	98
0	0
0	0
0	0
4	57
0	0
0	0
0	0
0	0
0	0
0	0
0	0
0	0
0	0
0	0
0	0
0	0
0	0
0	0
0	0
0	0
0	4
0	2
0	2
0	0
0	0
0	5
0	0
0	0
0	0
0	0
0	15
0	0
0	0
0	0
0	42
0	0
2	93
0	0
0	0
0	292
0	0
0	0
0	0
0	0
0	0
0	0
0	0
0	0
0	0
0	0
0	34
0	0
0	16
0	0
0	0
1	0
0	0
0	0
0	0
0	0
0	0
0	0
0	0
0	0
0	0
0	0
0	0
0	0
0	0
0	204
0	0
0	0
0	0
0	89
0	4
0	0
0	0
0	0
0	0
0	0
0	0
1	335
0	0
0	0
0	3
0	0
0	0
6	0
0	0
0	0
0	0
0	0
0	1
0	0
0	0
1	0
0	0
0	0
0	0
0	0
0	0
0	4
1	0
0	0
0	0
0	0
0	871
0	0
0	0
0	0
0	0
0	0
0	0
0	0
0	0
0	0
0	0
0	0
0	0
0	0
0	0
0	0
0	0
0	0
0	1
0	418
0	0
0	0
0	0
1	0
0	0
0	0
0	0
0	131
0	0
0	0
0	0
0	0
1	536
0	0
0	0
0	0
0	0
0	139
0	0
1	704
0	0
1	8421
0	0
0	0
0	19
0	0
0	0
0	0
0	0
1	1448
0	0
0	0
0	0
0	0
0	0
0	0
0	0
1	0
2	356
0	0
0	0
0	0
0	0
0	0
1	3084
0	0
0	0
6	1
0	0
0	0
0	58
0	0
0	0
0	0
0	0
0	1
0	0
0	0
0	0
0	0
0	0
0	0
0	0
0	0
0	0
0	0
0	0
0	0
0	0
0	0
0	0
0	0
0	0
0	0
0	0
1	10
0	0
2	37
0	0
0	0
0	0
0	0
0	0
0	0
0	0
0	0
0	0
0	0
0	27
0	0
0	6
0	0
0	4
0	0
0	0
0	0
0	0
0	0
0	0
0	0
0	0
1	879
0	0
0	0
0	2
0	3
0	0
15	44
0	0
0	0
0	0
0	0
0	0
0	0
0	0
0	0
0	0
0	0
0	103
0	0
0	0
0	541
0	0
0	0
0	6
0	0
0	150
0	0
0	4
0	0
0	8
0	0
0	0
0	0
0	0
0	0
0	0
0	0
0	0
0	0
0	0
0	0
1	0
0	50
0	0
0	3
0	314
1	0
0	0
0	0
0	8
0	0
0	0
0	0
0	0
0	0
0	0
0	0
0	0
0	0
0	0
0	0
1	387
2	0
0	0
0	0
0	0
0	0
0	0
0	0
0	0
0	1
0	48
0	0
0	0
0	0
0	0
0	0
0	3588
1	25
0	0
0	0
0	4
0	0
3	3616
0	0
0	10
0	0
1	0
0	0
0	0
0	0
0	0
0	0
0	705
0	0
1	0
0	0
0	49
0	0
0	0
0	0
0	0
0	140
4	0
0	0
0	0
0	0
0	0
3	3
6	0
0	0
0	0
0	0
0	6
0	0
3	0
0	1348
0	0
0	0
0	0
0	0
0	2
0	29
0	0
0	390
0	0
0	0
0	3
0	0
0	0
0	30
0	0
0	0
0	0
0	0
0	0
0	0
0	146
0	0
0	0
0	0
0	0
0	0
0	0
0	0
0	0
0	0
0	0
0	0
0	0
0	0
0	0
0	0
0	0
0	0
0	24
0	9
0	0
0	0
0	98
0	397
0	0
0	0
0	1
0	210
0	159
0	0
0	0
0	0
0	51
0	0
0	0
0	0
0	0
0	0
0	4
0	0
0	0
0	0
0	0
0	0
0	0
0	0
0	0
0	99
0	1451
0	0
0	0
0	0
0	0
0	0
0	0
0	0
0	0
0	0
0	0
0	0
0	0
0	0
0	0
0	0
1	0
0	0
0	1318
0	0
0	0
0	0
0	0
0	0
0	0
0	0
0	0
0	0
0	0
0	2
0	1
0	0
0	0
0	0
0	0
0	0
0	0
0	0
0	18
0	0
0	0
0	0
4	126
0	0
0	0
0	0
0	0
0	0
0	0
0	0
0	0
0	0
0	0
0	1
1	1
0	0
0	0
0	0
0	0
0	0
0	0
0	0
0	507
4	0
0	0
0	2376
0	0
0	4767
0	0
0	0
0	0
0	0
0	3
0	0
0	0
0	0
0	0
0	0
0	0
0	2
0	0
0	7
0	0
0	0
0	0
0	0
0	0
0	0
0	0
0	0
0	0
0	0
1	1
0	0
0	0
0	0
0	0
0	1
0	0
0	0
0	6790
0	0
0	0
2	2836
0	1
0	0
0	0
0	0
0	0
0	0
0	0
0	0
0	3
0	3
0	0
0	762
0	0
0	5
0	2
0	0
0	0
32	254
0	0
0	0
0	0
0	0
0	0
1	70
0	65
0	0
0	0
1	647
0	0
0	0
0	0
0	0
0	0
0	0
0	0
0	152
0	0
0	0
0	0
0	0
0	0
0	0
0	0
0	0
0	0
0	0
0	0
0	0
1	399
0	0
0	0
0	0
0	79
0	0
0	0
56	8
0	90
0	0
0	0
0	0
0	0
0	0
0	0
0	0
0	584
0	1
0	0
0	0
2	28
0	2
0	7
0	0
0	0
0	105
0	0
0	1
0	0
0	0
0	0
0	0
0	0
0	0
0	0
0	0
0	0
0	0
0	144
0	4
0	0
0	0
1	0
0	689
0	0
0	0
0	0
0	0
0	0
0	2
0	0
0	0
0	0
0	0
0	0
0	0
0	0
0	0
0	0
0	0
0	0
0	0
0	2
0	0
0	153
0	0
0	0
0	45
0	0
0	11
0	0
0	56
0	0
0	837
0	0
0	0
0	0
0	1
0	0
0	0
0	0
0	1
0	0
0	0
0	0
0	0
0	0
0	2
0	0
0	0
0	0
0	7
0	0
0	0
0	0
0	0
0	0
0	0
0	0
0	0
0	0
0	0
0	0
0	0
0	0
0	0
0	0
0	0
0	2
0	0
0	0
0	0
0	0
0	0
0	0
0	0
0	181
0	0
0	0
0	0
0	1355
0	0
0	0
0	0
0	0
0	0
0	0
0	1521
0	0
0	0
1	0
0	0
0	0
0	0
0	0
0	0
0	20
0	0
0	0
1	0
0	0
0	0
0	0
0	834
0	390
1	2037
0	1
0	0
0	0
0	0
1	0
0	0
0	0
0	0
0	0
0	0
0	83
0	0
0	0
0	0
1	508
0	3
0	0
0	0
0	0
0	0
0	0
0	0
0	16
0	3097
0	0
0	0
0	0
0	0
0	83
0	0
0	0
0	0
0	0
0	0
0	0
0	1
0	61
0	1
0	0
0	2
0	0
0	0
0	0
0	0
0	0
0	1
0	0
0	0
0	0
0	0
0	0
0	43
0	0
0	0
0	0
0	0
0	0
0	0
0	0
0	0
0	0
0	0
0	7
0	0
0	140
0	0
0	0
0	0
0	71
0	1
0	0
0	0
0	11
0	113
0	0
0	0
0	0
0	0
0	0
0	40
0	1
0	0
0	2
1	0
0	0
0	0
0	186
0	0
0	0
0	0
0	40
0	0
0	0
0	0
1	644
0	0
0	0
0	0
0	24
0	0
0	0
0	29
0	1
0	1
0	0
0	0
0	0
1	441
0	0
0	0
0	46
0	0
0	0
0	0
0	0
0	0
0	0
0	0
0	0
0	0
0	0
0	0
0	1
0	0
0	1620
0	0
0	0
0	0
0	87
1	0
0	0
0	0
0	0
0	1
11	0
0	0
0	0
0	30
0	0
0	26
0	0
0	0
0	0
1	3939
0	119
0	0
0	36
0	0
1	0
0	11
0	0
0	0
0	0
0	16
0	0
1	0
0	0
0	578
0	560
0	0
0	0
0	0
0	0
0	0
0	22
0	0
1	0
0	0
0	3
0	0
0	0
0	0
0	0
0	0
0	0
0	0
3	4394
0	0
0	897
1	2
0	138
0	0
0	5
0	0
0	0
0	0
0	0
0	2
0	0
0	0
0	0
0	0
0	0
0	0
0	0
0	0
0	0
0	0
0	6
0	0
0	0
0	0
0	0
0	0
0	2
0	0
4	2
0	0
0	0
0	0
0	1
0	0
0	0
0	2
0	0
0	0
0	0
0	0
0	0
0	0
0	0
0	1
0	0
0	0
0	29
0	0
0	0
0	0
0	0
0	0
0	0
0	0
0	0
0	0
0	0
0	2
0	0
0	1
0	6
0	1098
0	0
0	0
0	0
0	0
0	0
0	0
0	0
0	0
0	0
0	1
0	0
0	0
0	0
0	395
0	0
0	0
0	0
0	0
8	57
0	0
0	87
0	0
365	0
1	0
0	0
1	365
0	0
0	1001
0	0
0	0
0	0
0	37
0	0
1	0
0	0
0	0
0	0
0	0
0	0
0	0
0	0
0	0
0	5
0	0
0	0
2	0
0	25
0	340
1	0
0	0
1	0
0	0
0	6
0	407
0	0
0	0
0	0
0	0
0	0
1	11
0	0
0	0
0	0
0	0
0	0
0	0
0	0
0	0
0	0
0	0
0	0
0	0
0	0
0	0
0	0
0	378
0	0
0	0
0	0
0	0
0	0
0	0
1	1
0	0
0	0
0	0
0	3
0	0
0	0
0	0
0	0
0	0
1	0
0	0
0	0
0	0
44	0
0	0
0	0
0	1
3	0
0	1
0	0
0	0
0	0
0	0
0	0
0	0
0	0
0	0
0	73
1	0
0	0
0	0
0	0
0	0
0	0
0	1
0	3
0	0
0	0
0	0
0	14
0	0
0	0
0	0
0	0
0	0
0	0
0	0
0	0
0	0
0	0
1	2
0	0
0	0
0	0
0	80
0	14
0	13
0	0
0	1
0	0
0	216
1	0
0	39
0	0
0	0
0	2
0	0
0	0
0	117
0	0
0	0
0	0
0	0
0	0
0	0
0	0
0	0
0	0
0	0
0	0
0	0
0	21
0	0
2	0
0	0
0	0
0	0
0	0
0	0
0	0
0	0
1	0
0	0
0	0
0	0
0	0
0	0
0	4805
0	0
0	0
0	0
0	0
0	40
0	0
0	0
0	0
0	2
0	0
0	2
0	4
0	0
0	0
0	32
0	1
0	0
0	0
0	0
0	0
0	0
0	0
0	0
0	0
0	0
0	0
0	0
0	10
1	0
0	0
0	145
0	0
1	9
0	0
0	10
0	0
0	0
0	0
0	85
0	0
0	0
1	339
0	0
0	0
0	0
0	0
0	0
0	139
0	28
0	0
0	0
0	0
0	0
0	0
0	0
0	0
0	0
0	19
0	23
0	5
0	0
0	3
0	136
0	45
0	0
0	0
0	0
0	0
1	0
0	36
1	0
0	0
0	0
0	0
0	0
0	0
0	0
0	0
1	46
0	0
0	0
0	0
0	19
0	0
8	0
0	0
0	1
0	0
0	0
0	0
0	0
0	0
0	0
0	1
0	0
0	0
0	0
0	0
0	2
0	0
0	0
0	1
0	240
0	0
0	36
0	0
0	125
0	0
0	0
0	0
0	0
0	0
0	0
0	0
0	0
1	49
0	0
0	0
0	0
1	0
0	0
0	0
0	0
1	1
0	0
0	1
0	0
0	123
0	0
0	104
0	1
0	2
0	0
1	0
0	0
0	0
0	0
0	0
0	0
0	5764
0	0
0	0
0	0
0	0
0	0
0	0
0	0
0	0
0	492
0	0
0	0
0	1
0	0
1	0
0	0
0	0
0	0
0	1
2	102
0	3
0	0
0	0
0	5
0	42
0	10
0	0
0	0
0	480
0	0
0	0
0	2
0	0
0	0
0	0
0	158
0	0
1	0
0	0
0	0
0	0
0	0
0	0
0	0
0	0
0	0
0	0
0	1
0	0
0	0
0	0
0	0
0	8
1	0
0	15
0	0
0	0
0	0
0	0
0	0
0	0
1	0
0	12
0	0
0	0
0	0
0	75
0	0
0	0
0	0
0	341
0	0
0	3
0	0
0	0
0	0
0	2
0	0
0	0
0	190
0	0
0	0
0	0
0	0
0	0
0	0
0	542
0	0
2	3728
0	0
0	141
2	0
0	0
0	0
2	6871
0	100
1	0
0	188
0	2
0	0
0	0
0	0
0	0
0	0
0	0
0	0
1	0
0	0
0	0
0	0
0	0
0	10
0	0
0	0
0	0
0	0
0	0
2	48
0	0
0	0
0	0
0	0
0	0
0	6
0	0
5	0
0	0
0	13
0	0
0	1
0	0
0	2
0	127
0	599
0	0
0	0
0	0
0	0
0	0
0	10
0	0
0	0
0	0
0	1
0	0
1	1445
0	0
0	0
0	0
0	0
0	0
0	0
0	0
0	0
0	0
0	0
0	2
0	0
0	0
0	0
0	0
0	18
0	0
0	0
0	0
0	0
0	0
0	1
1	0
0	0
0	41
0	0
0	0
0	0
0	0
0	0
0	0
0	0
0	0
0	18
0	13
0	1
0	0
0	0
0	0
0	0
0	88
0	0
0	18
0	0
0	0
0	0
0	25
0	0
0	0
0	0
0	0
0	0
0	0
0	0
0	0
0	13
0	0
0	0
0	4
0	0
0	0
0	0
0	0
0	0
0	0
0	0
0	0
0	0
0	0
0	0
0	0
0	0
0	0
0	0
0	0
0	0
0	0
0	0
0	0
0	0
3	0
0	0
0	0
0	0
0	0
0	228
0	5
0	0
0	0
0	0
0	24
0	0
0	0
0	0
0	0
0	0
0	0
0	0
0	0
0	0
0	0
0	4
0	0
0	0
0	0
0	47
0	0
0	0
0	11
0	0
0	6716
0	0
7	0
0	0
0	0
0	0
0	0
0	7
1	360
0	0
0	0
0	0
0	0
0	0
0	1
6	0
0	0
0	156
0	0
0	0
0	0
0	0
0	0
0	0
0	0
0	0
0	0
0	0
0	0
0	0
0	0
0	0
0	1
0	0
0	0
0	0
0	2
0	0
0	0
0	0
14	0
0	4
0	0
0	0
0	853
0	0
0	0
0	0
0	0
0	0
0	0
0	0
0	16
0	0
0	0
0	511
0	0
1	9
0	0
0	2
0	0
0	0
0	0
0	0
0	0
0	0
0	0
0	0
0	0
0	0
0	0
0	0
0	9
0	1433
0	6
0	0
0	0
0	0
0	1147
0	0
0	160
0	809
0	0
0	0
2	2522
0	0
0	0
0	0
0	0
0	0
0	0
0	2
0	0
0	0
0	0
0	0
0	0
0	0
0	0
0	5
0	0
0	0
0	0
0	0
0	0
1	5
5	80
0	0
0	0
0	0
0	0
0	0
0	0
0	0
0	53
0	0
0	0
0	0
0	5
0	0
0	0
8	0
0	11
0	0
0	0
0	599
0	882
0	37
0	0
0	0
0	0
0	3646
0	0
1	0
0	0
0	0
0	0
0	0
2	2432
0	2
0	2
0	0
0	0
0	40
0	0
0	11108
0	0
0	0
0	5
0	0
0	0
0	0
0	286
0	0
0	0
0	0
0	0
0	0
0	0
0	0
0	0
0	0
0	0
0	1
0	0
0	0
0	0
0	0
0	0
0	0
0	0
0	0
0	0
0	0
0	0
0	192
0	0
0	0
0	0
0	0
0	0
0	0
0	0
0	699
0	0
0	0
0	472
0	0
0	0
0	0
0	1
0	0
0	0
0	0
0	4687
0	0
0	0
0	0
0	0
0	0
0	0
0	0
0	14
1	0
0	287
0	0
0	0
0	0
0	0
0	0
0	0
0	51
0	0
0	3
0	0
0	0
0	0
0	0
0	0
0	542
0	0
0	7
0	0
0	0
0	0
1	3
0	0
0	0
0	0
16	0
0	0
0	0
0	0
0	0
0	0
0	0
0	0
0	0
0	0
0	0
0	0
0	0
0	0
0	0
0	1
0	0
1	1
0	0
0	0
0	1
0	0
0	0
0	0
0	0
0	0
0	20
0	0
0	0
0	0
0	0
0	0
0	0
0	5
0	0
1	1495
0	0
0	0
0	0
0	0
0	0
0	0
0	0
0	6
0	0
1	22
0	0
0	0
0	0
0	0
0	0
0	0
2	24
0	0
0	0
0	0
0	0
0	0
0	0
0	0
0	0
0	0
0	0
0	0
0	0
0	0
0	0
0	0
0	0
0	0
0	0
0	0
0	0
1	917
0	0
0	0
0	0
0	0
0	2940
0	1
0	0
6	9
0	0
0	0
0	0
0	0
0	0
0	0
0	0
0	0
0	0
0	0
0	0
0	0
0	0
0	0
0	68
0	0
0	0
5	78
0	2
0	0
0	0
0	0
0	0
0	0
0	1
0	0
0	67
0	0
0	0
0	0
0	7
0	0
0	0
0	0
0	0
0	0
1	0
0	3622
0	0
0	0
0	0
0	9
0	0
0	0
0	0
0	0
0	1419
0	31
0	6
0	0
0	0
1	0
0	0
0	4
0	18
0	0
21	0
0	0
2	0
0	0
0	0
0	0
0	0
0	101
0	0
0	0
0	0
0	0
0	0
0	612
0	0
0	0
0	0
0	0
0	97
0	0
0	3
0	0
14	0
0	0
0	3
0	0
0	0
0	0
0	5
0	0
0	0
0	0
0	0
0	0
0	0
0	280
6	204
0	402
0	0
0	0
0	0
0	0
0	206
0	0
0	0
0	0
0	13
0	0
0	0
0	0
0	0
0	0
0	0
0	0
0	79
0	1698
0	0
0	0
1	0
0	0
0	8218
0	0
0	0
0	0
0	0
0	2
0	0
0	0
0	0
0	206
0	0
0	0
0	60
0	0
0	0
0	0
0	0
0	0
0	0
0	0
0	1
0	0
0	0
0	229
0	0
2	0
0	0
4	0
0	0
0	0
0	0
0	5
0	0
0	0
0	0
0	0
0	0
0	0
0	0
0	0
0	887
0	0
0	0
1	1
0	100
0	1101
0	0
0	0
0	0
0	0
0	0
0	10
3	0
0	0
0	0
0	0
0	0
0	0
0	18
0	0
1	0
0	0
0	0
0	0
0	2
0	0
0	0
0	127
0	0
0	0
0	0
0	4
0	0
0	0
0	0
0	0
0	0
0	0
0	0
0	0
0	0
0	2
0	0
0	0
0	0
0	0
0	0
0	62
0	1635
0	0
0	0
0	6
0	0
0	0
0	0
0	0
0	0
0	93
2	10
0	25
0	0
0	0
0	0
0	0
0	0
1	0
0	0
0	977
0	88
0	0
0	52
0	0
6	0
0	0
0	0
5	0
0	0
0	0
0	0
0	9
0	0
1	388
0	0
0	0
2	0
0	0
0	0
0	0
0	0
0	0
0	0
0	0
1	0
0	0
0	0
0	0
0	15
0	73
0	0
0	0
0	0
0	5
0	0
0	0
0	0
0	0
0	0
0	0
0	0
0	0
0	0
0	0
0	30
0	0
0	1
0	0
4	10
0	0
0	0
0	0
0	0
0	0
0	0
0	0
0	0
0	0
1	0
0	667
0	0
0	0
0	0
0	0
0	0
0	0
0	215
0	0
0	0
0	0
0	0
0	0
0	0
0	676
0	0
0	3
0	1
0	0
0	0
0	0
0	0
0	0
0	0
0	0
0	0
0	0
0	0
0	0
0	0
0	0
0	0
0	773
0	0
0	0
0	0
0	0
0	0
0	0
0	0
0	0
0	0
0	994
0	1300
0	1
0	4
0	0
0	0
0	0
0	0
0	0
0	0
0	0
0	0
0	0
0	0
0	0
0	0
0	0
0	7
0	0
0	0
0	0
0	0
0	1
0	0
0	0
0	0
0	7
0	0
0	0
0	0
0	0
0	0
2	0
0	0
0	0
1	1287
0	194
0	0
0	0
0	0
1	0
0	7
0	0
0	0
0	0
0	0
0	0
0	0
0	0
0	0
5	2
0	16
0	0
0	0
0	0
0	0
0	0
0	0
0	0
0	0
0	46
0	0
0	58
0	0
0	2
0	0
0	39
0	3
0	0
0	0
0	0
0	0
0	0
0	0
0	0
0	461
0	0
0	0
0	0
0	0
0	0
0	66
0	0
0	0
0	0
1	0
0	0
0	0
0	0
0	0
0	13
0	12
0	2315
0	0
0	2
0	0
0	0
0	0
0	0
0	248
0	0
0	0
0	0
0	0
0	0
0	0
0	169
0	0
0	1314
0	0
0	0
0	0
0	0
0	0
0	0
0	0
0	0
0	0
1	0
0	9
0	4
1	0
0	0
0	0
0	1
0	0
0	0
0	0
0	1
0	0
0	10
0	372
0	0
0	1
0	0
0	0
0	0
0	0
0	0
0	0
0	51
0	0
0	0
0	44
0	0
0	0
0	0
0	0
0	313
0	779
0	0
0	0
0	3
0	54
0	395
0	0
0	1
0	0
0	0
0	0
0	0
0	0
0	92
0	0
0	0
0	20
0	0
0	0
0	0
0	0
0	0
0	0
0	0
0	0
0	0
1	1433
0	1
0	11
0	0
0	0
0	0
0	0
0	0
0	0
0	0
0	130
0	46
0	1
0	0
0	0
0	0
0	0
0	0
0	99
0	2
0	0
1	196
0	22
0	0
0	0
0	0
0	73
0	0
0	0
0	0
0	0
1	0
0	0
0	0
0	0
0	0
0	0
0	0
0	0
0	1
0	0
0	0
0	0
1	177
0	0
0	0
0	0
0	0
0	0
0	0
0	0
0	3
0	2
0	2
0	2
9	0
0	0
0	56
0	0
0	0
0	367
0	0
0	0
0	0
0	0
0	0
0	0
0	0
0	0
0	0
0	0
0	0
0	0
0	0
0	0
0	0
0	0
0	402
0	0
0	0
0	24
0	36
0	0
0	1
0	0
0	0
0	10
0	0
0	0
0	976
0	0
0	0
0	0
1	0
0	0
0	0
0	0
2	0
0	0
2	0
1	1
0	159
0	0
0	0
1	14
0	0
0	0
0	0
0	0
0	0
0	0
0	0
0	0
0	41
0	0
0	0
0	0
0	0
0	0
0	0
0	0
0	0
0	14
0	1
0	193
0	0
0	0
0	8
0	0
0	0
0	0
0	0
0	1
0	0
0	0
0	0
0	0
1	0
2	6
0	0
0	0
0	0
0	0
0	361
0	0
0	0
0	0
0	0
0	0
0	0
0	4
0	0
0	0
0	0
0	296
0	0
0	0
0	0
0	0
0	0
0	0
0	0
0	0
0	13
0	7
0	68
0	0
0	0
0	0
0	0
0	0
0	0
0	0
0	0
0	0
0	0
0	0
0	0
0	0
0	0
0	0
1	0
0	0
0	0
0	0
0	0
0	3001
0	0
0	0
0	0
0	0
0	0
0	0
1	58
0	0
0	0
0	0
0	0
0	68
0	0
0	24
0	1
0	0
0	3
0	0
0	4
0	0
0	0
0	17
0	4
0	0
0	0
0	0
0	0
0	0
4	3
0	0
0	0
0	0
0	143
0	0
0	0
0	0
0	0
0	0
0	0
0	0
0	0
0	0
0	1
0	0
0	0
0	932
0	0
0	0
0	822
0	0
0	41
0	0
0	0
0	0
0	0
0	0
0	0
0	0
0	0
0	0
0	0
1	0
0	0
0	0
0	0
0	0
0	0
0	0
0	0
0	0
0	0
1	0
0	0
0	0
7	27300
0	0
12	253
0	0
0	0
0	0
0	0
0	0
0	0
0	11
0	0
0	0
0	0
0	1080
0	0
14	0
0	0
0	0
0	0
1	0
0	0
36	599
0	41
1	0
0	0
6	0
0	0
0	0
1	0
0	0
13	0
0	0
0	0
0	0
0	0
0	0
0	483
0	293
0	0
0	0
0	0
0	0
0	0
0	0
0	0
0	0
0	0
0	0
0	1
0	0
0	0
0	24
0	0
0	0
0	0
0	0
0	0
0	0
0	0
0	3
0	0
0	0
0	0
0	0
0	3
0	0
0	0
0	0
0	0
0	0
0	0
0	0
0	0
0	0
0	0
0	0
0	0
0	0
0	0
0	0
0	0
0	3336
0	0
4	732
0	364
0	0
1	0
0	0
0	0
0	0
0	0
0	0
0	0
0	0
0	0
0	0
0	84
0	0
0	0
0	0
0	6
0	14
1	1838
0	0
0	0
0	0
0	0
0	0
0	27
3	0
0	0
0	0
0	0
0	0
0	0
0	0
0	0
0	0
0	0
0	0
0	0
0	0
0	0
0	0
0	0
0	0
0	0
0	0
0	0
0	0
0	0
0	0
0	0
0	1
0	0
0	0
0	14515
0	0
0	0
0	0
0	0
0	0
0	0
0	0
0	0
0	0
0	2
1	0
0	0
0	0
0	0
0	16
0	0
0	0
0	0
0	0
1	0
0	0
0	0
0	0
0	0
0	0
0	0
0	1
0	0
0	0
0	0
0	0
0	0
3	0
0	0
0	0
0	0
0	4
0	0
0	0
0	0
0	0
0	0
0	0
0	0
0	0
0	0
0	117
0	20
0	0
0	0
0	0
0	0
0	0
0	0
0	6
0	0
0	0
0	0
1	0
0	0
0	0
0	14
0	0
0	0
0	32
0	0
0	0
0	0
0	0
0	0
0	0
0	0
0	0
0	5
0	19
0	11
0	0
0	0
0	0
0	0
0	0
0	0
0	0
0	0
0	0
0	0
0	0
0	0
0	2
0	0
0	0
0	0
0	0
0	0
0	0
2	0
0	0
0	454
0	0
0	0
0	0
0	0
0	159
0	0
0	0
0	0
0	0
0	1
0	0
0	83
0	0
0	13
0	0
0	0
0	0
0	0
0	0
0	0
0	0
0	0
0	0
0	0
0	0
0	0
0	0
0	0
0	0
0	0
0	0
0	147
0	5
0	6
0	0
0	0
0	0
0	0
12	0
0	0
0	0
1	0
0	0
0	0
4	5206
0	0
0	0
0	0
0	0
0	0
0	0
0	40
0	0
0	0
0	231
0	0
0	0
0	0
0	0
0	0
0	0
0	0
0	0
0	0
0	2195
0	0
0	0
0	0
0	0
0	0
0	0
0	0
0	0
0	2
0	0
0	0
0	0
0	0
0	0
0	0
0	0
0	35
0	0
0	0
5	0
0	0
3	795
0	525
0	0
0	0
0	0
0	0
0	0
0	9
0	0
0	0
0	0
0	0
1	0
0	0
0	0
0	0
0	3327
0	0
0	0
0	0
0	0
0	0
0	0
0	0
0	0
0	0
0	0
0	0
0	9779
0	0
0	0
0	0
0	0
0	4
0	2837
0	0
0	0
0	0
0	0
0	3
0	0
0	0
1	0
0	0
0	0
2	0
0	64
0	0
0	0
0	0
0	0
2	0
1	181
0	0
0	0
0	0
0	36
0	0
0	0
0	0
0	0
0	0
0	0
2	102
0	57
0	0
0	0
0	0
8	0
0	0
0	11
0	0
0	79
0	0
0	0
0	0
0	0
0	0
0	0
0	0
0	0
2	456
0	0
0	0
0	0
0	0
0	0
0	0
0	0
0	0
0	0
0	1
2	0
0	0
0	154
0	0
0	0
0	0
0	0
0	0
0	0
0	0
0	0
0	0
0	0
0	1
0	0
0	2
0	0
0	0
0	0
0	0
0	0
0	0
0	0
1	49
0	0
1	5
0	0
0	0
0	0
0	0
1	0
0	81
0	0
0	0
0	46
1	0
0	0
0	0
0	0
0	0
1	425
0	0
0	0
0	0
0	0
0	0
0	0
0	0
0	0
0	0
0	0
0	0
0	0
0	0
0	0
0	0
0	0
0	0
0	1
0	0
0	0
0	0
0	5
0	0
0	0
0	0
0	2
0	25
11	1
0	0
0	3
0	0
0	0
0	0
0	0
1	6
0	0
0	0
0	0
0	0
0	0
0	2
0	0
0	0
0	0
0	11
0	0
0	0
0	0
0	0
0	0
0	0
0	0
0	0
0	0
0	0
0	0
0	0
0	0
0	1
0	0
0	0
0	0
0	0
0	0
3	209
0	0
0	0
0	0
0	0
0	0
0	0
0	0
0	647
0	0
0	0
0	1
0	16
0	62
0	2
0	0
2	26
0	124
1	9
0	0
0	0
0	0
0	0
0	0
0	0
0	0
0	0
1	625
0	0
0	1
0	0
0	0
0	0
0	0
0	0
0	1
2	0
0	0
0	0
0	0
0	0
0	1465
0	0
0	0
0	0
0	0
0	1
0	0
0	0
0	0
1	959
0	0
0	0
0	201
7	17
0	0
0	0
0	2
0	0
2	1386
0	0
0	0
0	0
0	0
0	0
0	1437
0	0
0	123
0	0
0	0
0	0
0	0
0	0
0	0
0	0
0	46
0	0
0	0
0	0
0	7
0	2
0	0
0	0
0	0
0	0
0	0
0	0
0	18
0	0
0	0
0	0
0	0
0	0
0	0
0	2
0	0
0	0
0	0
0	0
0	1385
1	43
1	0
0	0
0	0
0	8
0	119
0	304
0	0
0	0
0	0
0	0
0	0
0	0
0	0
0	4
0	6
1	3
0	0
3	22
1	0
0	0
0	0
0	0
0	1
0	0
0	0
0	0
1	1100
0	0
0	0
0	0
0	1
0	0
0	1
0	0
1	0
0	0
0	57
0	0
0	0
0	0
0	0
0	0
0	0
0	0
0	0
0	0
0	0
0	0
0	0
0	134
0	0
0	0
0	440
0	1
0	0
0	0
0	0
0	0
0	0
0	0
0	0
0	5
0	0
0	23
0	0
0	0
0	0
0	2
0	0
0	0
0	0
0	0
0	15
0	0
0	1
0	0
0	0
0	4
0	1
0	0
4	128
0	123
0	0
0	16
0	0
0	1
0	0
0	0
0	0
0	0
0	0
0	0
0	0
0	0
0	0
0	0
0	0
0	0
1	0
0	0
0	0
1	0
0	0
1	79
0	0
0	0
0	0
0	0
0	0
0	0
0	0
0	0
0	0
0	0
0	0
0	0
0	0
0	7
0	0
0	0
0	0
0	0
0	344
0	0
0	3
0	0
0	0
0	0
0	56
0	0
0	17
0	0
0	0
0	101
0	0
0	0
0	0
0	0
0	0
0	0
0	24
0	0
0	0
0	0
0	70
0	0
0	1440
0	0
0	0
0	0
0	0
0	0
0	0
0	45
0	258
0	0
1	0
0	2
0	0
0	432
1	0
0	442
0	0
0	0
0	0
0	9
0	0
0	0
1	0
0	1
1	18
0	0
0	0
0	431
0	0
0	0
0	0
0	0
0	0
0	32
0	0
0	0
0	0
0	0
0	0
0	20
0	0
0	0
0	0
0	0
0	0
0	0
0	0
0	0
0	0
0	0
0	0
0	0
0	0
0	8
0	171
0	0
0	0
0	0
0	0
0	0
0	0
0	0
0	0
0	0
0	0
0	0
34	148
0	0
3	0
0	0
0	0
0	1
0	0
0	0
0	0
0	0
1	0
0	0
0	180
0	0
1	1391
0	0
0	0
0	0
0	0
1	6
0	0
0	0
0	0
0	112
0	0
0	0
0	4
0	0
0	0
0	0
0	0
0	0
0	0
0	4
0	0
0	572
0	705
0	0
0	1
0	0
0	0
10	0
0	0
0	0
0	0
0	0
0	0
14	11270
0	940
0	4219
0	3425
0	0
0	11
0	1623
0	0
0	0
0	0
0	0
0	0
0	0
0	0
0	0
0	0
0	0
0	0
0	2
0	0
0	0
0	0
0	0
0	0
0	0
0	0
0	0
0	0
0	6
0	0
0	0
0	0
0	0
5	0
0	0
0	0
0	0
2	0
0	0
0	56
0	0
0	14
0	0
0	0
2	0
0	0
0	0
0	0
0	0
0	0
0	0
0	0
0	0
0	0
0	0
0	0
0	0
0	0
0	0
0	13
0	0
0	3
0	0
0	0
0	1
0	0
0	129
0	171
0	0
0	0
0	0
0	0
0	0
0	0
0	0
0	0
0	4
0	0
0	0
0	0
0	0
0	0
0	0
0	132
0	0
1	1630
0	0
0	0
0	0
0	0
0	30
0	0
0	0
0	0
0	0
0	0
0	7
0	0
0	0
0	0
0	50
0	0
0	0
0	0
0	0
13	0
0	0
0	4
0	0
0	0
0	0
0	0
0	0
0	0
0	0
0	0
0	0
0	0
0	0
1	0
0	0
0	0
0	0
0	0
0	0
0	0
0	0
0	135
0	0
0	0
0	0
0	0
0	0
1	0
0	2361
0	31
0	436
3	0
0	0
0	0
0	0
0	1
0	0
0	0
0	0
0	0
0	0
0	0
0	0
0	0
0	0
0	2
1	16
3	70
0	1
0	34
0	0
0	0
2	0
0	0
0	0
0	0
0	0
2	0
0	3
0	5
0	0
0	0
3	0
0	32
0	0
0	0
0	0
0	0
0	0
0	0
0	0
0	0
0	0
0	0
0	72
0	0
0	0
0	0
0	0
0	0
0	159
0	8
0	0
0	0
0	0
0	0
0	0
1	0
0	0
0	0
0	0
0	0
0	181
0	0
0	0
0	0
0	0
0	0
0	0
0	14
0	0
0	0
0	0
0	9
8	0
0	0
0	97
0	0
1	593
0	0
0	1
0	289
0	0
0	0
0	0
0	0
0	45
0	0
0	0
0	0
0	0
0	0
0	0
0	0
4	0
0	0
1	5514
0	0
1	2
0	0
0	0
0	0
0	0
1	697
0	0
0	0
0	0
0	0
0	0
0	0
0	0
0	3
0	0
0	0
0	0
0	1272
0	0
0	0
0	0
0	0
2	3723
0	14
0	0
0	0
0	0
0	24
0	0
0	0
0	0
2	0
0	0
0	0
0	1317
0	0
0	0
0	128
0	0
0	13
0	0
0	0
0	0
0	0
0	0
0	4
0	0
8	0
0	0
0	0
0	0
0	0
0	0
0	0
0	0
0	0
0	0
0	2
1	0
0	0
0	0
0	0
0	42
0	0
0	0
0	0
0	0
0	0
0	0
0	0
0	10
0	0
0	0
0	5
0	12
0	0
0	203
0	0
1	608
0	0
0	0
0	0
0	0
0	11
0	0
0	0
0	0
1	1
0	0
0	0
0	0
0	8
0	0
0	2963
0	0
0	0
0	3
0	0
0	0
0	0
0	0
0	0
0	0
0	0
0	0
0	0
0	0
0	0
0	0
0	0
0	0
0	0
0	0
0	78
0	0
0	0
0	0
0	0
0	0
36	1
0	0
14	0
0	0
0	0
0	0
0	0
0	0
0	0
0	0
0	0
0	0
0	0
0	0
0	0
0	0
0	0
0	0
0	0
2	26
0	0
0	0
0	0
0	0
0	0
0	0
2	318
0	160
0	0
0	0
0	0
0	327
0	0
0	0
0	0
0	0
1	722
0	0
0	0
3	0
1	0
0	5
0	0
0	0
0	80
0	0
0	0
0	0
0	0
1	1490
4	1
0	0
0	0
0	10
0	0
0	68
0	308
0	0
0	0
0	0
0	0
0	0
0	0
0	0
0	5
0	0
0	0
0	3
0	2
0	0
0	0
0	0
0	310
0	0
1	852
0	0
1	23
0	0
0	0
0	7
0	0
0	0
0	1
0	0
0	2147
0	1666
0	0
0	15
0	0
0	0
0	0
0	0
0	1
0	0
0	0
0	0
0	0
0	0
0	0
0	0
0	0
0	0
0	0
0	0
0	0
0	3
0	0
0	0
0	0
0	0
0	0
3	3
0	10
0	0
0	0
0	0
0	0
0	9
0	193
0	0
0	0
0	0
0	0
0	0
0	0
0	0
8	82
0	0
0	1
0	0
0	660
0	0
1	0
0	0
0	0
0	0
0	0
0	18
0	0
0	0
0	121
0	0
0	0
0	0
0	1
0	281
0	0
0	0
0	0
0	0
0	0
0	3049
0	2312
0	1
0	0
0	0
0	0
0	0
0	0
0	0
0	16
0	149
0	1
0	0
0	0
0	0
0	0
0	0
0	0
0	0
0	0
0	0
0	0
0	0
0	4
0	0
0	345
0	183
0	0
0	0
6	0
0	0
0	0
0	0
0	0
0	20
0	0
0	0
0	0
0	0
1	0
0	0
0	0
0	0
0	0
0	0
0	0
0	4193
0	0
0	0
0	0
0	0
0	0
0	0
1	0
0	19
0	0
0	0
0	0
0	0
0	0
0	2
0	3
0	0
0	96
0	0
0	0
3	268
0	0
0	0
0	0
0	0
0	0
0	0
0	0
0	0
0	0
2	0
0	0
1	18
0	0
0	0
0	0
0	0
0	0
0	507
0	0
1	0
0	334
0	0
0	0
0	0
0	0
0	0
0	0
0	0
0	0
0	0
0	0
0	0
0	0
0	0
0	0
0	0
0	0
0	0
0	0
0	0
0	0
0	20
0	0
0	0
0	78
0	0
0	0
0	0
0	0
0	0
0	0
0	0
0	0
0	0
0	0
0	0
0	0
0	0
0	0
0	0
0	0
0	0
0	0
0	0
0	0
0	0
0	1
0	1
0	32
0	0
0	0
0	0
0	0
0	0
0	0
0	0
0	0
0	0
0	90
0	0
0	0
0	0
0	157
0	0
0	0
0	0
0	0
0	0
0	0
0	0
0	36
0	2
0	0
0	0
0	0
0	1
5	4
0	0
0	0
0	65
0	3
0	0
0	0
0	0
0	4
0	0
1	2
0	0
0	0
0	0
0	0
0	0
0	0
0	81
0	0
0	0
2	98
0	3
0	0
0	0
0	0
0	0
0	0
0	0
0	0
0	0
0	0
0	0
0	82
0	0
0	709
0	0
0	0
0	0
0	0
1	758
0	0
0	0
2	830
0	0
0	0
0	0
1	0
0	0
0	0
0	0
0	0
0	0
0	0
0	0
0	0
0	1
0	0
0	0
0	0
0	0
0	0
0	0
1	17
0	0
0	3
0	0
0	0
0	0
0	0
0	0
0	0
0	0
2	3262
1	0
0	6938
0	0
0	0
0	0
0	0
0	8
0	0
0	869
0	308
0	0
0	0
0	0
0	0
0	0
0	0
0	0
0	0
0	0
0	0
0	0
0	0
0	0
0	0
0	0
0	0
0	0
0	1
0	0
0	0
0	0
0	15
0	2
0	0
0	0
0	0
0	5
0	0
0	0
0	0
0	0
0	1
1	87
0	0
0	0
0	0
0	0
0	0
0	5
0	117
0	0
0	0
0	0
0	0
0	65
0	0
1	0
0	0
0	1
0	0
0	0
1	0
0	0
0	0
0	0
0	0
0	2
0	0
2	0
0	0
0	0
0	0
0	0
0	0
0	0
0	0
0	0
0	0
0	0
0	1063
0	0
0	0
0	0
0	0
1	7062
0	0
0	0
0	0
0	21
0	0
0	0
0	0
0	0
0	0
0	0
0	0
0	0
0	0
0	0
0	0
0	0
0	0
0	0
0	0
0	0
0	0
0	0
0	0
0	1
0	0
0	124
0	0
0	0
0	549
0	0
0	0
0	0
0	0
0	0
0	0
0	0
0	0
0	0
1	653
0	0
0	3119
0	0
0	76
0	0
0	0
0	0
0	0
1	0
0	0
0	0
0	182
0	0
0	0
0	0
0	0
0	0
0	0
0	0
0	0
1	0
0	0
0	0
0	0
0	708
0	0
0	0
0	0
0	0
0	0
0	0
0	0
0	0
0	0
0	0
0	0
0	0
0	1
0	0
0	0
0	0
0	0
0	0
0	0
0	0
0	0
0	29
0	0
0	85
0	0
0	0
1	0
0	0
0	0
0	0
0	35
0	0
0	0
0	0
0	0
0	0
0	0
0	0
0	0
0	0
0	0
0	0
0	1
0	0
0	0
0	0
0	0
0	0
1	0
0	0
0	2
0	0
0	0
0	0
0	0
0	0
0	13
0	0
0	0
0	0
0	0
0	0
4	0
0	1
0	0
0	43
0	1298
0	0
0	0
0	0
0	0
0	0
0	0
0	95
0	0
0	28
0	0
0	6
0	0
0	0
0	0
0	0
0	0
0	0
0	0
0	0
0	0
0	0
0	0
0	0
0	0
0	0
0	0
0	0
0	0
0	0
0	1350
0	0
3	0
0	0
0	1
0	0
0	6
0	1617
0	0
0	0
0	0
0	0
0	0
0	0
11	2
0	0
7	0
0	0
0	0
1	0
0	1
0	0
0	0
0	0
0	0
0	0
0	0
0	0
0	0
0	0
0	0
0	0
1	340
1	17
0	0
0	0
0	0
1	0
0	0
0	0
0	0
0	3
0	0
0	0
0	0
0	0
0	87
0	0
0	0
0	0
0	0
0	0
0	0
0	0
0	0
0	0
3	59
1	45
0	0
0	0
0	0
0	0
0	1
0	0
0	1388
0	0
0	98
0	0
0	0
0	0
0	0
0	0
0	1
0	4
0	0
0	12
0	0
0	0
0	876
0	0
0	0
0	0
0	66
0	0
0	0
0	0
0	0
0	310
0	0
0	0
0	0
0	0
0	0
0	0
0	0
0	0
0	0
0	0
0	0
0	0
0	0
0	0
1	0
0	0
0	11
1	540
0	0
0	0
0	0
0	0
0	0
0	0
0	0
0	0
0	0
0	0
0	0
0	0
0	0
0	0
0	0
0	0
0	0
0	0
1	8052
0	0
0	0
0	0
0	0
0	0
0	16
0	0
0	3
0	0
0	114
1	0
0	0
0	0
0	0
0	0
0	0
0	0
0	0
0	0
0	0
0	0
0	0
0	0
0	0
0	0
0	1
0	0
0	0
0	0
0	0
0	0
7	0
0	0
0	0
0	0
1	42
0	0
0	0
0	0
0	110
0	0
0	13
0	1
10	0
0	7
0	0
0	0
0	0
0	0
0	0
0	0
0	0
0	0
0	0
0	5
0	0
0	0
0	0
0	0
0	0
0	0
0	0
0	0
1	0
0	176
0	0
0	0
0	4
0	1
0	0
0	0
0	0
0	2
2	0
0	0
0	1
0	0
0	24
0	0
0	567
0	0
0	0
0	0
0	0
0	0
0	0
0	0
0	0
0	0
0	0
0	0
0	0
0	2
0	0
0	1
0	0
0	0
0	0
0	0
0	0
0	0
0	0
0	0
0	0
0	0
0	0
1	0
1	21
0	0
0	0
0	0
0	0
0	0
0	1
0	0
0	0
0	0
0	49
0	0
0	116
0	0
0	41
1	4771
0	259
0	0
0	0
0	0
0	0
0	120
0	2
0	0
0	19
0	2
0	0
0	0
0	0
0	0
0	3
0	0
0	0
0	0
0	0
0	0
0	0
0	0
0	0
0	0
0	0
0	36
0	0
0	0
0	0
0	0
0	0
0	0
0	0
0	1
0	0
0	0
0	0
0	0
0	0
0	0
0	0
0	0
0	0
0	0
0	0
0	0
0	0
0	0
0	0
0	0
0	0
0	0
0	0
1	0
0	0
0	0
0	0
0	0
0	0
0	0
0	0
3	18
1	1537
0	0
0	0
0	8
0	0
0	0
0	0
0	0
0	0
0	0
0	0
0	0
0	0
0	0
0	0
0	0
0	0
0	0
0	0
0	0
0	0
0	140
0	30
0	0
0	18
0	0
0	11
0	0
0	14
0	0
0	125
0	0
0	0
0	0
0	0
0	0
0	0
0	0
0	0
0	42
0	2
3	0
2	0
0	0
0	0
0	0
0	0
0	0
0	1972
0	2
0	15
0	108
0	185
0	0
1	328
0	0
0	0
0	0
1	0
0	4
0	0
0	0
0	0
0	0
0	0
0	0
0	0
2	110
0	0
0	0
0	57
0	0
0	0
0	82
0	0
0	0
0	3
0	5
0	0
0	0
0	0
0	0
0	0
3	0
0	0
0	0
0	3578
0	0
0	0
0	0
0	0
0	0
0	0
0	0
0	289
0	10
0	0
0	0
0	4
0	0
0	0
0	2754
0	0
0	0
0	0
2	0
0	943
0	0
0	0
0	0
1	3092
0	0
0	0
0	0
0	0
0	0
0	0
0	0
0	0
0	0
0	238
0	2
0	0
0	17
0	0
0	0
0	1363
0	0
0	0
0	76
0	0
0	3809
0	1031
0	0
0	3
0	0
0	585
0	715
0	0
0	0
0	0
0	0
0	6
0	0
0	0
0	0
0	0
0	0
0	0
0	0
0	0
0	2
0	1
0	0
0	0
0	40
0	0
0	0
0	0
0	0
0	0
0	0
0	0
0	0
0	0
0	304
0	0
0	0
0	0
0	0
0	0
0	0
0	0
0	9
0	0
0	0
0	0
0	0
0	1
0	0
0	0
0	0
0	0
0	0
0	0
0	0
0	0
0	334
0	0
0	0
0	0
0	0
0	0
0	0
0	0
4	29
0	123
0	0
0	3
0	0
0	0
0	0
0	0
0	0
0	0
0	0
0	48
0	0
0	0
0	0
0	0
1	2
0	31
0	1
2	8
0	0
0	2
0	3
0	0
0	0
0	1
0	0
0	0
0	6
0	0
1	0
0	0
0	0
0	0
0	0
0	0
0	0
0	1
0	2
0	0
0	0
0	0
0	0
0	1
0	0
0	0
0	0
0	0
1	1157
0	0
0	0
0	0
0	0
0	0
0	0
0	0
1	118
2	0
0	0
1	5
0	1
0	0
0	0
0	0
0	6
0	0
6	0
0	0
3	0
0	317
0	2
0	0
2	0
0	0
0	0
0	0
0	0
0	0
0	0
0	3
0	0
0	0
0	0
0	0
1	0
0	0
0	1
3	21
0	1
0	0
0	0
0	9
1	65
1	0
0	1
0	0
0	1539
0	0
0	0
0	0
0	0
0	0
0	0
0	0
1	6
0	0
0	0
0	0
1	0
0	1
0	0
0	9
8	1
0	0
0	0
0	0
0	0
0	1
0	0
0	0
0	529
0	0
0	1
0	0
0	0
0	0
0	0
0	39
0	0
0	0
0	0
0	2
0	0
0	0
0	0
0	0
0	143
0	0
0	0
0	0
0	0
0	0
0	0
0	0
0	1
0	3
0	7
0	0
0	0
0	0
0	0
0	0
0	0
0	0
0	0
0	0
0	0
0	0
0	0
0	0
0	0
0	0
0	36
0	0
0	0
0	0
0	0
0	195
0	91
0	0
0	0
0	0
0	0
0	0
0	0
0	0
0	0
0	0
0	0
0	0
0	193
0	0
0	54
0	0
2	0
0	0
0	95
0	0
0	0
0	0
0	0
0	0
0	0
0	0
0	0
0	0
0	0
0	2
0	0
0	0
0	0
0	0
0	0
0	0
0	0
0	0
0	0
0	0
0	42
0	0
0	0
0	1
0	0
0	1
1	260
0	32
0	0
0	0
0	0
0	0
0	0
0	0
0	0
0	0
0	0
0	0
0	0
0	0
0	0
0	0
0	0
0	0
0	0
0	0
0	0
0	0
0	9
0	0
0	0
0	2
0	0
0	0
0	2
0	0
0	0
0	0
0	1
0	0
0	0
0	0
0	0
0	481
0	0
0	0
0	12
0	0
0	0
0	0
0	0
0	0
0	0
1	9
0	0
0	0
0	0
0	0
0	0
0	0
0	0
0	0
0	0
0	1
0	0
0	0
0	30
1	2316
0	0
0	0
0	0
0	0
0	86
0	0
0	0
0	2
0	0
0	157
0	0
0	0
0	0
0	0
0	0
0	0
12	0
0	0
0	0
0	0
0	0
0	0
0	0
0	26
0	0
0	0
0	0
0	6
0	0
0	0
0	0
0	0
0	0
0	0
0	0
0	0
0	0
0	0
0	0
0	0
0	91
0	2
0	0
0	0
0	0
0	0
0	0
0	0
0	0
0	0
0	0
0	1
0	0
0	208
0	0
0	0
0	0
0	0
0	0
0	0
0	0
0	508
1	62
0	0
0	0
0	2
0	0
0	8
0	0
0	0
0	546
2	12
0	0
0	2
0	0
0	0
0	604
0	0
0	0
0	0
0	2200
0	0
0	0
0	0
0	0
0	0
0	0
1	241
0	0
0	9
0	0
0	0
0	151
0	31
0	0
0	0
0	0
0	0
0	0
0	0
0	0
0	0
0	0
0	1
0	3
0	0
0	7
1	0
0	0
3	10
0	0
1	1
0	0
0	0
1	0
0	0
0	0
0	0
0	0
0	10
0	0
0	0
0	0
0	0
0	0
0	0
0	8448
0	0
0	0
0	0
0	0
0	0
0	0
0	0
0	0
0	1
0	0
0	16
0	0
1	106
0	0
0	0
0	0
0	0
4	2
0	0
0	0
0	0
0	0
0	0
0	0
0	0
0	0
0	0
0	0
0	0
0	0
0	0
0	0
0	0
0	0
0	0
0	0
0	0
0	1
0	1
0	0
0	0
0	0
1	2
0	525
0	1492
0	0
0	0
0	0
0	0
0	0
0	0
0	0
0	0
0	0
0	0
0	0
0	1379
0	0
0	0
0	0
0	0
0	0
0	0
0	0
1	0
0	0
0	2
0	0
0	28
0	0
0	0
0	0
0	0
0	16447
0	58
0	0
0	0
0	0
0	0
0	0
0	0
1	0
1	0
0	0
0	0
0	0
0	0
0	0
0	0
0	0
2	12182
0	0
0	0
0	0
0	0
1	616
1	0
0	0
0	0
0	0
0	0
0	0
0	0
0	0
0	23
0	0
0	0
0	0
0	0
0	0
1	0
0	0
0	0
0	1
0	3
0	17
0	0
0	0
0	0
0	0
0	0
0	0
0	0
0	0
0	0
1	2
0	0
0	0
0	19
0	0
0	0
1	0
0	0
0	0
0	25
0	0
0	0
0	0
0	0
0	0
0	12
0	0
1	365
0	881
0	0
0	0
0	0
0	0
0	0
0	0
0	0
0	0
0	0
0	0
0	122
0	0
0	0
0	0
0	0
0	0
0	0
0	2
0	0
0	0
0	0
0	0
0	0
0	0
0	0
0	0
0	1
0	0
0	0
0	0
0	0
0	0
0	0
0	0
1	1006
0	0
0	0
0	0
0	0
0	0
0	0
0	0
0	1
1	0
0	0
0	0
0	0
0	0
0	0
0	1
0	0
0	0
0	0
0	13
0	0
3	9
0	0
0	2
0	0
0	0
0	0
0	674
0	0
0	0
0	0
0	1
0	0
0	0
0	0
0	0
0	3
0	0
0	0
0	0
0	0
1	0
0	37
0	0
0	0
0	0
0	0
0	32
0	0
0	0
0	0
0	0
0	0
0	0
0	0
0	0
0	0
1	216
0	0
0	0
0	0
0	0
0	0
0	0
0	0
0	0
0	0
0	0
0	0
0	0
0	0
0	0
0	0
0	0
0	30
1	0
0	0
0	0
0	0
0	0
0	16
0	0
0	0
0	0
0	0
0	0
1	1
0	0
0	0
0	0
0	0
0	0
0	0
0	0
0	0
0	29
0	0
0	0
0	12
0	0
0	0
0	0
0	0
0	0
0	0
0	0
0	0
0	0
0	0
0	0
0	0
0	0
0	0
1	0
0	0
0	0
1	0
0	0
0	0
0	0
19	2858
0	299
0	0
0	0
0	0
0	0
0	0
0	0
0	0
0	1
1	0
0	0
0	0
0	0
0	0
0	0
0	0
1	0
0	0
0	0
0	0
0	0
0	0
0	0
0	0
0	0
0	0
0	0
0	0
0	0
0	0
0	0
0	0
0	0
0	0
0	0
0	0
0	42
0	0
0	0
1	0
0	0
0	0
0	0
0	0
0	0
0	0
0	53
0	6348
0	12
0	0
0	0
0	0
0	10
0	0
0	0
0	33
0	0
0	4
0	0
1	0
0	0
7	22
0	1
0	0
0	0
0	0
0	36
0	218
0	3
0	0
0	0
0	163
0	1
0	0
0	0
0	27
0	0
0	0
0	0
0	0
0	0
0	373
0	0
0	26
0	60
0	0
0	0
0	0
0	0
0	0
0	0
1	10
0	283
0	0
1	0
0	0
0	0
0	0
0	0
0	0
0	0
0	0
0	218
0	0
0	0
0	0
0	0
1	3
0	0
0	0
4	18
0	226
0	0
0	0
0	0
0	1117
1	0
0	0
0	0
0	16
0	0
0	2
0	0
0	0
0	0
0	44
0	54
0	0
0	0
0	5
0	0
0	0
0	43
0	0
0	0
0	0
0	113
0	0
0	0
0	140
0	0
0	0
0	0
0	0
0	0
0	0
0	0
2	0
2	2248
0	0
0	0
0	28
0	508
0	0
0	393
0	0
0	19
0	0
0	0
0	0
0	0
0	0
0	0
0	0
0	0
2	424
0	0
0	0
0	0
0	0
0	4487
0	0
0	0
0	1
0	0
0	0
0	0
0	0
1	0
0	0
1	0
0	3
0	47
0	0
1	0
0	0
0	181
0	0
0	0
0	3107
0	0
0	0
0	0
0	0
0	0
0	0
0	0
0	0
0	0
0	0
0	0
0	0
0	0
0	6
0	0
0	24
0	0
0	0
0	0
0	0
0	84
0	0
0	0
0	2477
0	1292
0	1
0	0
0	0
0	0
0	0
0	0
0	0
0	6386
0	0
0	0
0	0
0	0
0	1
0	0
0	0
0	0
0	0
0	0
0	0
0	0
0	0
0	0
0	0
0	0
0	2
0	0
0	0
3	1
0	0
0	0
0	0
0	0
0	0
0	0
0	0
0	0
0	0
0	0
0	0
0	0
0	0
0	0
0	0
1	3
0	0
0	0
0	2374
0	0
0	1
0	0
0	0
0	0
0	0
0	0
0	0
0	0
0	0
0	0
0	4
0	351
0	3821
0	0
0	0
0	0
0	0
0	0
0	0
0	11341
0	0
0	0
0	0
0	0
0	0
0	0
0	0
0	2
0	0
0	0
0	5
0	0
0	0
0	0
0	0
0	0
0	0
0	0
2	0
0	0
0	0
0	0
0	0
0	0
0	0
0	0
0	0
0	0
0	0
0	0
0	0
0	0
0	6
0	0
0	0
0	0
0	7
0	0
0	0
0	0
0	0
0	0
0	1
0	0
0	0
0	21
0	0
0	1
0	0
0	0
0	0
0	0
0	0
0	0
0	1
0	0
0	0
0	81
0	0
0	0
0	0
0	0
0	0
0	0
0	0
0	0
0	6
0	0
0	0
0	0
0	0
0	0
0	0
0	0
0	0
0	0
0	0
0	0
0	0
0	0
0	2
0	0
0	50
0	0
0	0
0	2
0	0
0	0
0	0
0	0
0	0
0	0
0	0
0	6
0	0
0	0
0	0
0	0
0	0
0	0
0	0
0	0
0	0
0	50
0	0
0	3265
0	0
0	1
0	0
0	0
0	0
0	0
0	0
0	5
0	1
0	0
0	0
0	0
0	0
0	0
0	0
0	0
0	0
0	0
1	0
0	0
0	72
0	0
0	0
0	0
1	18
0	0
0	0
1	0
0	232
0	0
0	0
0	0
0	0
0	0
0	1
0	0
0	0
0	447
0	0
0	0
0	0
0	0
0	21
0	0
0	135
0	1
1	5
0	0
0	0
0	0
0	0
1	20
0	3
0	3
0	20
0	0
0	0
1	4436
0	2
0	0
0	0
0	0
0	0
0	0
0	0
0	0
0	3
0	0
1	0
0	0
0	227
0	78
0	0
0	4
0	44
0	0
0	0
0	25
0	0
0	0
0	0
0	0
0	0
0	0
1	4
0	0
0	0
0	0
0	0
0	1281
0	0
0	0
0	0
0	0
0	0
0	0
0	3
0	0
0	0
0	0
0	0
0	4
0	0
0	0
0	0
0	182
0	0
0	0
0	0
0	0
0	0
27	0
0	0
0	22
0	0
0	0
0	112
0	0
0	0
0	0
0	0
0	0
0	0
0	673
0	0
0	93
0	0
0	0
0	0
0	0
28	15968
6	2
1	0
0	2067
0	0
0	22
0	0
0	24
0	0
1	1
0	0
0	0
0	0
0	0
2	219
0	0
2	33
0	1
0	104
0	0
0	0
1	0
0	0
0	0
0	0
0	0
0	0
0	0
0	0
0	0
0	0
0	0
0	0
0	0
0	0
0	0
0	0
0	0
0	0
0	0
0	0
0	1
0	0
0	3
0	0
0	2070
0	0
0	0
0	0
0	0
0	0
0	0
0	0
0	227
0	0
0	0
0	0
1	0
0	0
0	2
0	49
0	0
0	0
0	0
0	0
0	122
0	0
0	0
0	2
0	0
0	0
0	0
0	0
0	0
0	0
3	3
0	0
0	0
0	0
0	0
0	0
0	0
0	0
0	67
0	1
1	2
0	0
1	0
0	0
0	0
0	0
0	0
0	0
0	0
0	4
0	0
5	699
0	0
0	0
0	0
0	0
0	0
0	0
0	0
0	0
0	0
0	0
4	12
0	0
0	0
0	0
0	0
0	0
0	0
0	0
0	0
0	0
0	0
0	0
0	0
0	0
0	0
0	0
0	0
0	0
1	0
0	0
0	0
0	0
0	0
0	0
0	0
0	0
0	0
0	0
0	0
0	0
0	0
0	5
0	0
0	0
0	0
0	0
0	0
0	0
0	0
0	0
0	0
0	0
0	0
0	0
0	1
0	0
0	0
0	0
0	0
0	0
0	0
0	0
0	0
0	0
0	518
0	0
0	0
0	0
0	0
3	0
4	0
0	3
0	0
0	0
0	0
1	0
0	0
0	0
0	0
0	0
0	0
0	0
0	0
0	0
0	0
0	0
0	0
0	0
0	0
0	0
0	0
0	0
2	0
0	0
3	0
0	0
0	0
0	0
0	0
0	0
0	0
2	10518
0	0
0	0
0	0
0	0
0	0
0	0
0	512
0	0
0	0
0	40
0	0
0	0
0	1
0	0
0	0
0	0
0	0
0	0
0	0
0	0
0	0
0	78
0	30
0	0
1	1275
0	0
0	2
0	0
0	0
0	0
0	0
0	0
0	0
2	710
0	1
16	0
0	2
0	0
0	0
0	0
0	0
0	0
0	0
0	0
1	57
0	0
0	0
0	0
0	0
0	0
2	0
0	10
0	0
0	0
0	0
0	0
0	0
0	106
0	0
0	0
0	0
0	0
11	0
0	516
0	0
0	0
0	18
0	0
0	1094
0	0
0	0
0	0
0	2134
0	395
1	0
0	0
0	0
0	0
0	0
1	46
0	0
0	3
0	2
0	17
0	148
0	0
0	0
0	0
0	0
0	181
0	0
0	0
0	0
2	174
0	0
0	0
0	2
0	0
0	0
0	13
0	0
0	0
0	0
0	350
0	0
0	0
0	520
0	0
0	0
0	0
0	0
0	0
0	9
0	0
0	0
0	0
1	0
0	7
0	0
0	0
0	0
0	0
0	0
0	0
0	0
0	0
0	0
0	307
0	0
0	0
0	1837
3	0
0	0
0	0
0	0
0	0
0	0
0	1
0	0
0	0
0	30
0	0
0	7855
0	51
0	0
0	8
0	0
0	0
0	0
0	0
0	1
0	0
0	0
0	0
0	0
0	55
0	0
0	204
0	0
0	0
0	0
0	0
0	0
0	0
0	0
0	0
0	0
0	0
0	0
9	0
0	0
0	0
0	0
0	40
0	0
0	0
0	0
0	0
0	0
0	0
0	0
0	0
0	0
7	0
16	0
0	0
0	25
0	0
0	0
0	861
0	0
0	0
0	0
0	0
0	0
0	0
0	0
0	0
0	0
0	0
0	0
1	0
0	0
0	6
2	0
0	0
0	2
0	0
0	0
0	4
0	0
0	0
0	0
1	0
0	0
0	0
0	4
0	0
43	4
0	0
0	0
0	0
0	0
1	0
0	0
0	2
0	0
0	0
0	0
0	0
0	0
0	137
1	462
0	10
0	0
0	0
0	2
0	0
0	0
0	0
1	0
0	0
0	12
0	0
0	0
0	0
0	0
2	0
0	0
0	0
0	26
0	112
0	0
0	0
0	0
0	52
0	0
0	0
0	758
0	0
0	24
0	0
0	0
0	0
0	46
0	0
0	0
0	0
0	0
0	0
0	0
0	0
0	0
0	0
0	0
0	0
0	0
0	2
0	0
0	0
0	0
0	0
0	191
0	0
0	0
0	16
0	0
2	1
0	0
0	0
0	0
0	43
0	0
0	0
0	0
0	0
0	0
0	0
1	0
0	1
0	0
0	0
0	0
2	0
0	829
0	0
0	0
0	0
0	0
0	141
0	0
0	0
0	0
0	0
0	0
0	0
0	0
0	0
0	0
0	0
0	0
0	211
0	0
0	4
0	0
0	0
0	0
1	2147
0	0
0	1305
0	200
0	0
0	0
0	411
0	0
0	0
0	0
0	0
0	0
1	0
0	0
0	1
0	0
0	2
0	36
0	0
0	0
0	0
0	0
0	0
1	270
0	51
0	0
0	0
0	0
0	0
0	0
0	3
1	0
3	31
0	0
0	3
0	5
0	50
0	0
0	0
0	0
0	0
1	8
0	0
2	9
0	0
0	0
0	0
0	1
0	1
0	0
0	101
0	0
0	0
0	0
0	0
0	0
0	0
0	0
0	12
0	0
0	0
0	0
0	0
0	0
0	0
0	360
0	0
0	0
0	0
0	0
0	0
0	2
0	0
0	0
0	0
0	0
0	0
0	56
0	0
0	0
0	0
10	0
0	0
0	0
0	0
0	0
0	0
0	0
0	0
0	323
0	0
0	0
0	322
0	0
0	0
0	0
0	359
1	0
0	0
0	0
0	0
0	0
0	0
0	0
1	2
0	0
0	0
0	0
0	0
0	0
0	0
0	0
0	0
0	0
0	0
0	0
0	0
0	0
2	101
0	0
0	0
0	0
0	0
0	0
0	0
0	0
0	0
0	3
0	0
0	0
0	0
0	0
0	0
0	15
1	747
0	0
0	0
0	0
0	21
0	0
0	104
0	187
0	2
0	112
13	0
0	0
0	0
0	0
0	89
0	0
0	0
0	0
0	0
1	3
0	0
0	0
0	0
4	0
0	2
0	23
0	0
0	24
0	0
0	0
0	0
0	0
0	0
0	1
0	0
0	0
0	0
1	13
0	0
0	0
0	0
0	0
0	0
0	354
0	0
0	0
0	0
0	0
0	0
0	1
0	0
0	1920
0	0
0	2
0	0
0	0
0	0
0	0
0	0
0	0
0	0
0	0
2	0
0	0
1	0
0	282
0	69
0	0
0	0
0	0
0	0
0	0
0	0
0	0
0	47
0	0
1	0
0	0
0	0
0	1
0	0
1	581
0	0
1	0
3	261
0	0
0	0
0	0
1	0
0	58
0	0
0	17
0	1
0	31
0	1
0	6
0	84
0	0
0	0
2	0
0	0
0	0
1	25
0	0
0	0
0	3
0	3
0	0
0	22
1	315
0	5
0	0
0	0
0	0
0	0
0	0
0	0
0	0
1	0
0	0
0	0
0	0
3	0
1	0
0	0
0	0
0	0
0	0
0	0
0	0
0	0
0	0
0	0
0	0
0	0
0	31
0	0
0	0
1	11
0	0
0	0
0	0
0	0
0	28
0	0
0	0
0	0
0	0
0	0
0	0
0	51
0	0
0	0
0	0
0	0
0	0
0	0
0	0
0	0
0	0
0	0
0	0
0	0
1	30
0	0
0	0
0	0
0	0
0	0
0	0
0	0
0	0
0	0
0	0
0	0
11	0
0	0
0	0
0	0
0	0
1	385
0	0
0	0
0	67
0	0
0	253
0	0
0	0
0	1
0	0
0	0
0	0
0	8
0	0
5	79319
0	0
0	0
1	4
0	52
0	0
0	0
0	0
0	0
0	0
2	0
0	0
0	0
0	0
0	0
0	0
0	0
0	37
0	0
0	70
2	11
0	0
0	0
0	0
0	2265
0	0
0	0
0	0
1	0
0	8
1	171
0	2
0	0
0	0
0	0
0	0
0	38
0	0
0	115
0	0
0	0
3	0
0	0
0	0
0	0
0	8
0	0
0	0
3	0
0	0
0	0
0	0
1	287
0	0
0	0
0	0
0	0
0	0
3	0
0	0
0	0
6	2
7	6
0	0
0	0
0	0
0	0
0	0
1	356
0	0
0	0
0	0
1	698
0	0
0	0
0	0
0	0
0	0
0	0
0	0
0	0
0	0
0	0
0	0
0	0
0	0
0	0
0	0
0	0
1	0
0	0
0	0
0	45
0	13
0	11
0	0
0	0
0	4447
0	0
1	0
8	131
0	337
0	0
0	0
0	5
0	0
0	0
0	1689
0	0
0	0
0	0
0	0
1	1
0	144
0	0
0	0
0	0
0	50
0	0
0	287
0	0
0	0
0	2537
0	0
1	0
0	0
0	0
0	0
0	0
0	0
0	0
0	0
1	0
0	2
3	424
0	0
0	0
0	0
0	0
0	4
0	10
0	467
0	0
0	0
0	0
0	0
0	0
0	0
0	0
0	0
0	0
0	25
0	0
1	0
0	0
0	0
0	0
0	0
1	0
0	0
0	0
0	424
0	0
0	0
4	1
4	0
0	0
0	0
0	0
0	5945
0	0
0	0
1	390
0	0
0	0
0	0
0	0
3	16
0	0
0	0
0	0
0	0
0	0
0	0
0	0
0	0
0	0
0	6
0	138
0	20
0	2
0	416
2	0
0	0
0	0
0	0
0	7
0	0
0	4
0	0
0	0
0	0
0	0
1	30
0	0
0	95
1	0
6	0
0	0
0	0
0	0
0	0
0	0
0	0
0	1
0	178
1	0
0	0
0	26
0	1
0	0
0	1
0	215
0	0
0	0
0	4
0	0
0	0
0	2388
1	17
0	0
0	0
0	0
0	0
0	0
0	0
0	0
0	0
0	0
4	0
0	1
0	0
1	293
0	0
0	0
0	0
0	0
0	0
4	649
0	0
0	0
0	0
0	0
0	0
0	1
0	908
0	0
0	0
0	0
0	0
0	1
0	0
0	0
0	0
0	0
0	0
0	0
0	0
0	0
0	0
0	0
0	0
0	2
1	1818
0	0
0	0
0	0
1	0
0	0
0	26
0	61
1	3
0	0
0	0
0	0
0	2
2	0
0	0
2	3
0	0
0	0
0	0
0	0
0	0
0	0
0	100
0	0
0	0
0	1
0	0
0	0
0	0
0	0
0	278
0	0
0	0
4	0
0	2
0	0
0	37
0	0
0	0
4	0
0	0
0	0
0	7
0	0
0	0
0	0
0	0
0	0
0	0
0	0
0	0
0	1
0	0
0	10
0	41
0	0
1	0
0	0
0	0
2	0
1	4
0	0
0	0
0	0
0	0
0	4
0	494
0	0
0	0
0	66
0	0
0	0
0	1
0	0
0	25
0	0
0	0
0	0
0	0
0	190
0	0
0	16
0	0
0	780
0	995
0	530
0	0
0	0
0	0
0	0
0	0
0	0
0	3
0	0
0	0
0	0
0	0
0	0
0	0
0	193
0	0
0	0
0	7
0	0
0	0
0	50
0	61
0	0
0	0
0	4
0	1
0	0
0	0
0	0
0	0
0	0
0	0
0	0
0	0
0	2
0	0
3	0
0	0
0	0
1	0
0	0
0	0
0	0
0	0
0	0
0	0
0	0
0	0
0	0
0	1
0	0
0	71
0	0
0	0
0	240
0	18
0	0
0	0
0	290
0	0
0	0
0	0
0	0
0	0
0	0
1	0
0	0
0	0
0	24
0	0
0	0
0	0
0	0
0	0
0	0
0	0
0	1
0	0
0	0
0	0
0	0
0	0
0	0
0	0
0	0
0	0
0	3
14	0
0	0
0	0
0	0
0	0
0	0
0	0
1	0
0	0
6	0
0	0
0	0
0	0
0	0
0	0
0	0
0	917
0	4
0	0
0	0
0	0
0	0
0	0
0	0
0	0
0	0
0	0
0	0
0	26
0	0
0	0
0	0
0	1
0	0
0	0
0	533
0	205
0	0
0	0
0	0
0	0
0	0
0	0
0	0
0	0
0	2
0	0
0	22
0	0
0	0
0	0
0	0
0	0
0	0
0	0
0	0
0	0
0	0
0	0
0	0
0	10
0	0
0	0
0	0
0	0
0	0
0	0
0	0
1	139
0	0
0	3
0	110
0	0
0	9
0	141
0	0
0	1
0	0
0	0
0	0
0	0
0	0
0	0
0	0
0	0
0	5
0	0
0	24
0	557
0	0
0	0
0	0
0	0
0	0
0	0
0	0
0	0
0	0
0	0
0	0
0	0
0	1
0	0
0	9
0	0
0	0
0	0
0	0
0	0
0	12
0	22
0	0
0	0
0	0
0	0
0	2
0	0
0	0
0	0
1	35
1	0
0	55
0	0
0	0
0	0
0	0
0	15
0	0
0	0
0	0
0	0
0	0
0	0
0	0
0	0
0	0
0	0
0	0
0	0
0	0
0	0
0	9
0	0
0	0
0	0
0	0
0	2
0	0
0	0
0	0
0	0
0	0
0	0
0	0
0	0
0	0
0	0
5	0
1	0
0	0
0	0
1	79
0	95
0	0
0	0
0	0
0	427
0	0
0	0
0	2439
0	0
0	5
0	0
0	0
0	145
0	0
0	0
0	0
0	0
8	55
0	0
0	6
0	98
1	0
0	0
0	0
0	0
0	0
47	338
17	101
0	0
76	74
1	1
0	0
0	0
0	0
0	0
0	0
0	0
0	0
0	0
0	0
0	1
0	0
1	0
0	17
0	0
0	0
0	0
0	3092
0	0
2	72
0	0
0	4956
1	10
0	0
1	13
10	0
8	75
0	0
0	0
0	0
0	0
0	0
0	0
0	9
0	0
4	216
0	0
0	1
0	0
0	0
0	0
0	0
0	0
0	0
0	0
0	0
0	0
1	0
0	0
0	0
0	0
0	0
0	2495
0	0
0	24
0	0
0	0
0	6
0	0
0	3
0	173
0	0
0	0
1	476
1	2
0	0
0	0
0	0
0	0
0	0
0	0
0	0
0	0
0	0
0	0
17	2
0	0
0	0
0	0
0	0
0	0
0	0
0	0
0	0
0	0
0	0
0	1
0	0
0	0
1	0
0	0
0	0
0	0
0	0
0	0
0	0
0	0
0	0
0	11
0	6
0	1
0	0
1	0
0	0
0	0
0	0
4	5543
0	119
0	0
0	0
0	12
0	1
0	294
0	0
0	0
0	0
0	37
0	0
0	0
0	0
0	9
1	0
1	4
0	0
0	0
0	0
0	0
0	0
0	0
0	0
1	0
0	0
0	0
0	446
0	0
0	0
0	0
8	0
0	0
0	0
0	0
0	0
0	0
0	8
0	0
0	0
0	0
0	0
0	0
0	14
0	0
0	0
0	0
0	0
0	0
0	0
0	0
0	146
0	0
0	0
0	0
0	0
0	0
0	0
0	0
0	0
0	2
0	0
1	0
0	0
0	0
0	0
0	0
0	0
0	1
0	0
0	0
0	0
0	0
0	0
7	0
0	0
1	7
0	97
3	0
0	0
0	0
0	0
0	47
0	0
0	160
0	0
0	0
0	0
0	0
0	0
0	689
0	0
0	0
0	0
0	0
0	0
0	0
0	0
0	0
1	0
0	0
0	0
1	0
0	0
0	0
0	0
0	0
0	0
0	0
2	67350
0	0
0	0
0	0
0	0
0	0
0	194
0	0
0	0
0	8
0	0
1	0
0	0
1	1
0	0
0	1
1	0
0	0
0	9
0	0
0	0
0	0
0	0
0	0
0	0
0	0
0	0
0	0
0	89
0	13
0	0
1	0
0	0
1	0
0	0
0	0
0	0
0	0
0	0
0	0
0	0
0	0
0	0
0	0
0	8
0	110
1	97
0	0
0	0
2	0
0	239
0	0
0	0
0	0
0	0
0	0
0	0
0	0
0	0
0	0
0	3649
0	0
0	11
0	0
1	5
0	0
0	0
0	0
0	0
1	79
0	0
0	0
0	0
0	0
1	0
0	0
0	0
0	0
0	0
0	0
0	0
1	1
0	0
1	0
0	0
0	0
0	0
0	0
0	0
0	0
0	0
0	1
0	1875
0	0
1	0
0	0
0	0
0	0
0	23
0	530
0	2
0	0
1	7
0	0
0	0
0	0
0	0
0	0
0	0
0	0
0	118
0	0
0	0
0	0
0	1
0	0
0	0
0	39
0	0
0	0
0	0
1	878
0	7
0	0
0	0
0	0
0	0
0	0
0	0
0	0
0	0
0	0
0	0
0	0
0	0
0	0
0	0
1	1
0	0
0	0
0	0
0	0
0	0
0	0
0	0
0	0
0	0
0	0
0	100
0	0
0	0
0	0
0	1
0	2263
0	0
0	0
0	0
0	0
0	0
0	0
5	0
0	197
0	0
0	0
0	0
0	0
0	19
0	2
0	175
0	0
0	0
0	5
0	0
0	0
0	0
0	0
0	0
11	0
0	0
0	0
0	0
0	2
0	0
0	0
0	0
0	0
0	5
0	0
0	40
0	167
0	0
0	28
0	0
0	0
0	0
0	0
0	0
0	0
0	0
0	0
0	0
0	0
0	0
0	0
0	0
0	0
0	0
0	140
0	0
0	0
0	0
0	5685
0	0
0	0
0	0
0	0
0	0
0	350
0	0
1	0
0	0
0	0
0	0
0	0
7	0
0	0
0	0
0	48
0	0
0	0
1	18
0	0
0	0
0	0
0	0
0	0
0	0
0	0
0	0
0	961
0	0
0	0
0	0
0	2
0	0
0	0
0	0
0	0
0	0
0	25
0	0
0	0
0	3413
0	0
0	0
0	0
1	0
0	0
0	0
0	58
0	5
0	0
0	0
0	0
0	187
0	0
0	0
0	0
0	0
0	0
0	1
0	0
0	0
0	0
0	22
0	0
0	0
0	0
0	0
0	0
0	5
0	0
0	0
0	0
3	147
0	0
0	0
0	0
0	0
0	337
0	183
0	0
0	0
1	0
0	0
0	27
0	0
1	8
0	0
0	0
0	432
0	0
0	0
0	0
2	52
0	0
1	2025
0	0
0	1
0	0
0	0
1	0
0	0
0	1
0	93
0	0
0	279
0	0
0	0
0	10
0	0
0	15
0	4
0	0
0	0
0	0
0	0
0	0
0	0
0	478
0	0
0	21
0	0
0	0
0	0
0	0
0	0
0	0
0	5
0	0
0	0
0	2
2	72
0	0
2	157
0	0
0	44
0	0
3	14717
0	253
0	541
0	0
0	0
0	100
0	0
0	0
0	0
0	0
0	0
0	0
0	0
0	0
0	0
0	17
0	13
0	238
0	0
0	0
0	0
3	189
0	0
0	0
0	3862
0	0
1	2
0	0
0	0
0	0
0	0
0	0
0	9
0	0
0	0
0	0
0	2
0	0
0	1
0	0
0	0
0	2589
2	2638
0	0
0	403
0	0
0	0
0	0
0	0
0	0
0	0
0	0
0	0
0	0
0	0
0	0
0	0
1	0
0	0
0	2165
0	0
0	0
0	0
0	51
0	61
1	29
0	0
0	3069
0	0
0	15
0	0
0	0
0	0
1	0
0	12
0	0
1	35
0	0
0	0
0	0
0	0
1	0
1	1255
0	0
0	1
0	840
0	0
0	0
0	0
1	0
0	1
0	0
0	0
1	96
0	0
0	0
0	0
0	11
4	0
0	0
0	1
0	0
0	1
0	0
0	3
1	0
0	0
0	31
0	0
0	0
0	0
0	0
0	0
0	0
0	0
0	0
0	0
1	0
0	0
0	0
0	5
0	0
0	16
0	0
0	10
27	0
0	0
0	0
1	0
0	0
0	0
0	0
0	0
0	3
0	0
0	0
0	0
0	0
3	1188
0	0
0	0
5	9
0	0
0	0
2	0
0	0
0	0
0	1868
3	0
1	6
0	0
0	0
0	5
0	0
0	8
0	5
0	0
0	0
0	0
0	0
0	2
0	0
0	0
0	868
0	0
0	0
0	0
0	0
0	0
0	0
0	5
1	5547
0	0
0	0
0	2374
0	0
0	0
0	0
0	0
0	0
0	22
0	155
0	0
0	0
1	37
0	0
0	0
0	0
0	0
0	488
0	0
2	9987
0	56
0	0
0	0
0	0
0	0
0	0
0	0
0	2
0	3
0	0
0	2
0	13
0	0
0	0
0	0
1	1290
0	0
0	42
7	246
0	0
0	0
0	0
0	0
0	0
0	0
0	0
0	0
0	0
0	211
0	0
0	0
0	0
0	0
0	0
0	4
0	33
0	0
0	0
0	0
0	0
0	0
0	0
0	0
0	0
3	10
0	79
0	0
0	0
0	0
2	0
0	0
0	0
0	72
0	0
0	0
1	0
0	0
0	0
0	0
0	0
0	0
0	0
0	0
0	1
0	0
0	5620
0	0
0	52
0	0
0	0
0	0
0	10
0	0
0	0
0	0
0	0
0	6
0	0
0	0
1	39
1	105
0	101
0	0
1	7
0	0
0	0
3	0
0	0
0	0
0	0
0	0
0	0
0	11
0	0
0	0
0	0
0	2
2	0
0	3
0	0
0	0
0	0
0	0
0	0
0	0
0	0
0	0
0	0
0	0
0	0
0	0
0	0
0	0
0	14
0	0
3	57
0	1
0	0
0	0
0	0
0	0
0	0
0	5
0	2
0	0
0	2
0	0
0	37
0	0
0	0
0	0
0	0
0	0
0	0
0	0
0	0
0	0
0	3896
0	0
0	0
0	0
37	8
0	0
0	0
0	0
0	6
0	0
0	0
0	0
0	0
0	2
0	1
0	0
0	0
0	0
0	0
0	0
0	0
0	0
0	0
0	0
0	0
0	0
2	0
0	0
0	0
0	0
0	0
0	0
0	0
0	4
0	0
0	0
0	0
0	0
0	0
1	0
0	0
0	6
0	0
0	0
0	0
0	0
0	0
0	0
1	0
0	0
0	0
0	0
0	0
0	0
1	0
0	0
0	0
0	0
0	0
1	0
0	161
0	0
0	0
0	0
0	0
0	0
0	0
0	0
0	3588
0	173
0	0
0	2
0	14
0	0
0	0
0	29
0	0
0	0
0	0
0	0
0	0
0	0
0	0
0	0
0	0
0	0
0	264
0	2
0	0
0	0
0	0
0	0
0	0
0	0
0	0
0	0
0	784
0	0
0	0
17	0
0	44
0	0
0	2202
0	0
2	0
0	8
0	0
0	0
1	1180
0	0
0	0
0	0
0	0
0	0
3	0
0	0
0	0
0	405
0	0
0	0
0	0
0	0
0	0
0	0
0	0
0	0
3	54
0	7
0	0
0	182
0	0
0	4
0	1
0	0
0	2
0	0
6	35
0	7
0	0
0	1
0	0
0	0
1	0
0	104
0	0
0	40
5	25
3	0
0	0
0	0
0	99
0	0
0	201
0	0
0	60
0	6
0	0
0	0
0	0
0	0
0	0
0	0
0	0
0	0
0	0
0	2
2	264
0	0
0	0
0	0
0	0
0	0
0	3
0	0
0	0
0	0
1	0
0	0
0	0
0	0
0	0
0	1
0	0
0	0
0	0
0	0
2	773
0	0
0	0
0	0
1	0
0	0
0	0
0	0
0	24
1	76
0	1
4	64
0	0
0	124
0	0
0	0
0	0
0	0
0	0
0	0
0	0
0	131
0	826
0	0
0	0
0	0
0	0
0	0
0	0
0	0
0	1
0	0
1	1729
0	0
0	0
0	0
0	0
0	0
0	0
0	0
0	0
1	0
0	0
0	0
0	0
0	0
0	0
0	0
0	0
0	0
0	35
0	0
0	16
0	0
0	0
0	0
0	0
0	0
0	0
0	0
0	4
2	16
0	0
0	0
1	0
0	0
0	4
0	0
0	38
0	0
0	183
0	0
0	0
0	0
0	0
1	0
0	0
0	4
0	0
0	0
0	18
0	0
0	1
1	0
0	0
0	0
0	0
0	0
0	0
0	0
0	0
0	0
0	24
1	5
0	3
0	38
0	0
1	0
0	0
0	0
0	0
1	829
0	1
0	0
0	0
0	0
0	0
0	0
0	0
0	0
0	0
0	0
0	0
0	32
1	0
0	0
0	0
0	0
0	0
0	0
0	0
0	0
0	0
0	0
0	0
0	0
0	0
0	472
0	0
0	0
1	5983
0	41
0	0
0	0
0	0
0	158
2	1230
0	0
0	31
0	0
0	0
0	0
0	0
0	47
0	0
0	2
0	0
0	0
0	0
0	0
0	0
0	0
0	0
1	589
12	0
0	0
0	0
0	0
0	0
0	0
0	0
0	0
0	0
0	10
0	0
0	0
0	189
0	0
0	0
0	0
0	0
0	0
0	0
0	0
0	0
0	0
0	0
1	1443
1	2
0	0
0	0
0	0
0	0
0	0
0	40
0	0
0	24
0	0
0	0
0	0
0	0
0	0
0	0
0	0
0	0
0	0
0	0
0	0
0	0
0	26
0	0
0	0
0	0
0	0
0	0
1	0
0	0
2	0
0	1
0	0
0	0
0	0
0	0
0	1
2	42
0	0
0	0
0	0
0	0
0	0
0	0
6	0
0	0
0	0
0	0
1	0
0	0
0	0
0	0
0	0
2	114
0	0
0	0
1	0
0	0
0	0
0	0
0	337
0	0
0	0
0	0
1	0
0	0
0	2119
0	13
0	1968
0	0
0	0
0	0
0	0
0	0
0	0
91	0
0	0
0	8
0	80
0	0
0	0
0	0
0	0
0	0
0	0
0	0
0	0
0	3
0	0
0	0
0	0
0	0
0	0
0	0
0	8
0	0
0	17
0	361
0	0
2	1233
0	0
0	1
0	99
0	0
0	0
0	0
0	39
0	0
0	20
0	0
0	0
0	17
0	32
0	0
0	0
0	37
0	0
0	0
0	0
0	0
0	0
0	0
0	1
0	0
0	0
0	0
0	0
0	0
0	0
0	0
0	8
0	0
0	2
0	0
0	0
0	0
0	3
0	0
0	0
0	0
0	0
0	0
0	0
0	0
0	0
0	1
0	0
0	0
0	819
1	0
0	0
0	1
0	0
0	0
0	0
0	47
2	0
5	0
0	1
0	0
0	0
0	0
0	7
0	0
0	0
0	0
0	0
0	0
0	13
1	0
0	0
0	0
1	27
0	191
0	0
0	0
0	0
0	413
0	325
0	0
0	1
0	16
0	0
0	0
0	2
0	0
1	0
0	117
0	0
0	0
0	0
0	0
0	0
0	0
0	0
0	0
0	0
0	0
0	0
0	15
0	0
0	0
1	0
1	0
0	0
0	0
0	36
0	8
0	3
0	6
1	0
0	0
1	1827
0	0
1	0
0	9
0	0
0	0
1	482
0	2
0	0
0	0
0	0
0	0
0	0
0	0
0	0
0	0
0	0
0	0
0	0
0	0
0	0
0	0
0	0
0	0
0	0
0	0
0	10
0	0
0	0
0	0
0	685
0	2
0	0
0	0
0	2568
0	0
0	0
0	0
0	0
0	1485
0	0
0	0
0	0
0	0
0	8
0	0
0	0
1	0
0	0
0	0
4	0
0	0
0	0
0	0
0	128
0	0
0	0
0	0
0	0
0	0
0	94
0	106
0	0
0	7
0	0
0	0
0	0
0	0
0	0
0	0
0	0
0	0
0	0
0	0
0	0
0	1008
0	0
0	0
0	0
0	0
0	0
0	8
0	0
1	0
0	0
0	0
0	0
0	0
0	0
0	0
0	0
0	0
0	0
0	0
0	0
0	0
1	0
0	156
0	88
0	0
0	0
0	16
4	0
0	0
0	0
0	161
0	0
0	1
0	510
0	1122
0	0
0	0
0	0
0	0
0	0
0	0
0	0
0	6
0	0
0	0
0	0
0	0
0	0
0	0
0	0
0	0
1	0
0	0
0	0
0	0
0	0
0	0
0	0
0	0
0	0
0	0
0	0
0	0
1	0
0	0
0	0
0	0
0	0
0	0
0	0
0	0
0	0
0	0
0	0
0	0
0	0
0	0
0	0
0	0
0	0
2	0
0	0
0	0
0	0
0	0
0	0
0	0
0	0
0	0
0	0
0	0
0	0
0	0
0	0
0	0
0	0
0	0
0	0
0	0
0	0
0	0
0	71
0	0
0	0
0	0
0	0
0	0
0	0
0	0
0	0
0	0
0	0
0	0
0	0
0	0
0	0
0	0
0	0
0	0
0	0
0	0
0	0
0	2
2	2
0	0
0	0
0	0
1	0
0	0
0	0
0	0
0	0
0	0
1	0
0	0
0	0
0	0
0	0
0	0
0	0
0	0
0	0
0	0
0	0
0	0
0	3
0	0
0	0
0	0
0	7
0	7
0	6
0	6576
0	4547
0	5547
0	13
0	11
0	6
0	0
0	23
0	21
0	0
0	0
0	4
0	0
0	2
0	97
1	0
0	0
0	0
0	0
0	0
0	0
0	0
0	0
0	0
0	0
0	0
0	2
0	1
0	0
0	10
0	0
0	0
0	0
1	0
0	0
0	0
0	0
0	0
0	0
1	0
0	0
0	1
0	1
0	9217
0	7480
0	2918
0	2949
0	72
0	1
0	1
0	0
0	0
0	0
0	1
0	106
0	33
0	0
0	0
0	0
0	0
0	0
2	3879
0	1458
0	0
0	0
0	0
0	0
0	0
0	0
0	0
0	0
0	0
7	0
0	0
0	0
0	0
0	0
3	4
0	4
0	0
0	0
0	0
0	0
0	0
0	0
0	0
0	0
0	0
1	1
0	3
0	1
0	0
0	0
37	2
0	0
0	0
0	0
0	0
0	0
0	0
0	0
191	18
437	148
0	74
0	13
0	45
0	45
0	83
0	8
0	15
3	7
0	2
0	1
0	480
0	315
0	208
0	0
0	0
0	0
0	0
0	264
0	0
0	0
0	7
0	0
6	308
0	182
107	278
0	270
0	72
0	93
1555	249
0	173
13	50
5	34
8	188
0	182
0	268
0	529
0	44
2	316
329	1
0	72
0	0
0	0
0	80
1	11
5	58
0	0
0	0
0	0
0	0
0	0
0	0
0	0
0	0
0	0
0	0
0	31
58	20
49	0
0	0
0	0
0	0
1	0
0	0
9	6
2	6
0	5
8	151
4	153
0	1
0	1
0	694
0	0
0	0
3	66
0	62
7	0
2	10
12	8
0	10
0	0
0	0
0	0
0	0
3	0
0	3
0	1
0	7
0	0
0	0
0	6
0	14
0	15
378	202
0	121
2	119
16	114
0	0
0	0
0	0
0	0
0	0
0	28
0	26
0	15
0	0
0	0
1	0
1	0
0	0
0	0
0	0
0	0
0	2
0	2
0	0
0	0
30	1
0	1
0	248
0	251
0	211
0	183
0	163
34	23
0	0
0	0
0	0
0	0
0	0
0	0
0	0
0	0
0	0
1	6
1	53
0	8
0	4
0	1
0	14
0	4
0	4
2	2
0	6
0	4
9	68
0	7
0	0
0	4
0	55
0	7
0	11
0	0
0	0
0	0
0	0
10	56
0	56
0	1
1	1
0	0
0	0
0	0
0	0
14	4
24	11
0	0
0	0
0	24
0	22
0	87
0	55
0	0
0	1847
2	2395
0	3
0	12
0	7
28	12
0	11
0	8
0	0
0	0
0	0
2	0
0	0
0	0
0	0
0	0
0	0
0	1
1	1
0	33
0	0
7	0
0	0
0	0
0	0
0	0
0	0
0	2
0	0
0	0
0	0
0	2
0	0
0	2
0	0
0	0
0	0
0	123
0	52
0	1
0	4
0	0
0	1
0	2
0	2
0	0
0	0
2	1730
0	0
6	81
4	38
1	64
0	64
1	5
8	41
0	36
0	0
0	0
0	0
0	0
0	0
0	0
8	2
1	2
0	0
0	0
0	30
0	116
0	0
0	0
0	0
0	0
0	0
0	0
0	0
0	2002
0	1471
0	0
0	0
0	1
0	0
0	3
0	0
0	0
0	0
0	0
0	0
0	0
0	0
0	1
0	0
0	0
0	344
0	347
0	0
0	0
0	0
0	0
0	828
0	0
26	30
5	41
0	0
0	0
0	0
0	0
0	0
0	0
1	8
0	8
0	0
0	0
0	33
0	33
0	0
0	0
0	0
0	0
0	0
0	0
0	0
0	0
0	0
179	19
0	19
1	25
0	0
0	0
0	0
0	0
0	0
0	0
0	0
0	0
0	150
0	150
2	5799
0	3755
0	0
0	0
1	0
0	2
0	2
0	0
0	1
0	10
0	0
0	0
0	0
0	0
0	0
0	10
0	0
0	0
0	0
0	0
0	4689
0	4397
0	0
0	0
0	0
0	0
0	0
0	0
0	0
0	0
0	0
1	0
1	0
0	0
0	0
0	0
0	2
0	2
0	2
0	410
0	396
0	0
0	0
6	7
0	7
0	0
0	3
0	7
0	0
0	0
0	93
0	90
5	0
1	0
0	0
0	0
0	0
0	0
0	0
0	0
0	0
0	2
0	1
7	435
0	426
0	0
0	0
0	0
0	0
0	8
0	8
0	8
0	8
0	8
0	0
0	0
0	0
0	0
0	0
0	0
0	0
0	0
0	0
0	0
0	0
0	0
3	57
185	680
155	335
0	181
0	0
0	1
0	1
0	1
0	1
0	1
0	0
0	1
10	0
0	0
24	28
0	28
1	458
0	294
0	0
0	0
5	5
0	5
0	0
0	236
0	168
0	0
0	0
0	0
0	0
7	1
0	0
0	1
0	1
6	34
5	5
4	411
0	0
0	0
0	0
0	0
2	1
0	1
0	0
0	0
0	0
0	0
2	108
0	51
0	0
0	0
0	0
0	0
0	0
0	0
0	0
0	0
0	1
0	1
1	16
0	16
0	0
0	0
2	1
0	0
0	0
0	0
0	0
0	0
0	619
0	619
4	263
1	2
10	4599
0	0
0	0
0	0
0	0
1	0
2	0
0	1
0	1
0	14
0	10
0	2
0	0
0	0
0	0
0	1
0	0
0	0
0	0
0	1
0	1
0	0
1	1
0	0
0	0
0	45
0	2
0	6
0	0
0	0
20	0
0	0
1	1
0	1
1	0
0	0
0	0
1	0
0	0
0	0
0	12
0	0
0	0
0	0
0	0
0	0
0	0
0	0
0	0
0	0
0	0
0	0
0	0
0	0
0	0
0	0
0	0
0	0
0	0
0	0
0	0
0	0
0	0
0	0
0	0
0	0
0	0
0	0
0	0
0	0
0	0
0	0
0	0
0	0
0	0
0	0
0	0
0	0
0	0
0	0
1	4
0	2
0	0
0	0
0	0
0	0
0	0
0	0
0	0
0	41
3	200
0	141
0	0
0	0
0	0
0	0
0	4
0	1
0	4
0	4
0	0
0	0
0	0
0	783
0	760
0	0
0	0
1	90
0	3
0	0
0	0
0	0
0	0
0	0
0	0
0	0
0	0
0	0
0	0
0	0
0	0
0	10
0	0
0	12
0	10
0	10
0	11
0	10
0	9
1	3
0	4
0	4
0	0
0	4
0	1
0	3
0	3
0	3
2	4
0	3
0	0
0	0
0	0
0	0
0	0
0	0
1	2
0	2
0	0
0	2
0	6
8	120
0	0
0	135
0	0
0	0
0	44
0	0
0	44
0	1
0	0
5	0
0	0
0	0
0	0
0	0
0	0
0	0
0	0
0	0
0	0
0	9
0	7
15	310
0	189
0	125
2	10
0	0
0	0
8	22
39	110
0	117
0	26
0	10
0	0
0	0
0	1
0	1
0	0
0	0
0	0
0	1
1	8
0	0
0	0
0	0
0	0
0	0
0	0
0	0
0	0
0	0
0	0
0	0
0	0
0	0
0	0
0	0
0	0
0	0
0	0
0	0
14	48
0	48
0	0
0	0
0	0
0	0
1	2
0	2
0	1
0	1
0	0
0	0
0	0
0	0
0	0
0	0
0	0
0	0
0	958
7	247
0	186
8	1
0	0
0	0
0	0
0	0
0	0
0	0
0	0
0	0
0	0
0	4
0	1
0	3
0	3
0	3
0	2
0	35
0	0
0	0
0	0
0	0
0	0
0	1
0	1
0	1
0	0
0	0
0	0
2	0
0	7
0	7
0	0
0	4
0	0
0	0
1	682
0	120
0	120
0	120
0	0
0	0
0	1
0	4
0	0
5	15
0	15
9	0
0	108
0	494
73	803
1	28
0	0
0	0
0	0
2	3
0	0
0	2
0	2
0	1
0	2
2	7
0	7
0	0
0	0
3	616
2	454
2	2311
0	0
0	11
0	0
0	0
0	0
0	0
0	2
0	1
0	1
0	9
0	0
0	183
0	132
0	0
0	0
0	0
0	0
0	0
0	0
0	0
1	2
0	6
7	4
9	0
1	2
0	19
0	19
0	0
0	0
4	30
0	19
0	2
8	20
0	12
0	0
0	5
0	0
0	0
0	6
0	0
0	410
0	186
0	0
0	0
0	0
0	0
1	18
0	20
0	19
0	15
0	0
0	2
0	2
0	2
0	2
1	2
0	2
0	0
0	1
0	1
3	0
0	7
0	19
0	4
0	1
89	42
0	42
0	1
0	4
0	1
1	0
0	0
0	0
0	0
1	0
0	0
0	38
0	20
6	5
0	5
0	132
0	0
0	0
6	39
22	17
0	17
0	1
0	0
0	0
0	0
0	0
0	0
0	0
0	0
0	0
0	0
0	0
0	0
0	0
0	0
0	8
0	6
5	2
0	2
0	0
0	0
0	0
0	0
0	0
0	0
0	10
0	0
0	0
0	0
0	0
0	0
1	0
0	0
0	0
0	6
0	6
0	0
0	0
12	12
0	12
5	664
0	664
0	565
0	0
0	0
3	3
0	3
0	0
0	0
11	7
25	7
0	4
14	18
2	4
0	5
0	1
0	0
0	0
0	0
0	0
0	0
1	0
0	0
0	1405
0	82
3	700
2	17
6	1116
0	0
0	0
0	0
0	0
0	0
0	0
38	61
1	61
0	0
0	1
0	1
1	4615
0	2840
1	0
0	0
0	0
4	0
0	0
0	0
0	0
1	0
0	0
0	0
0	0
0	0
0	0
0	0
0	0
0	0
2	0
0	0
1	0
0	0
0	0
0	0
10	29
0	13
0	0
11	0
1	0
0	0
0	0
15	0
0	0
0	0
0	0
1	120
1	115
1	5
0	0
0	237
0	0
27	39
0	22
0	0
0	0
0	0
0	0
0	0
1	13
0	50
0	103
0	4
0	0
0	0
0	0
0	0
0	0
0	0
0	0
0	33
2	9
0	1
0	0
0	0
0	0
0	0
0	0
0	0
94	32
0	32
1	0
0	0
0	105
0	0
0	0
0	0
0	0
0	0
0	0
0	451
0	0
0	0
0	2
6	4
0	0
0	0
32	28
1	0
7	28
0	0
0	0
0	0
3	2
0	2
0	1
0	2188
0	0
0	0
0	76
0	137
22	0
0	2
0	2
0	67
0	0
0	0
0	0
0	0
0	0
0	0
0	0
0	0
0	0
0	0
0	0
0	0
0	0
0	0
0	0
0	0
0	0
0	0
0	0
0	0
0	0
0	0
0	0
0	0
0	6
0	0
0	0
0	0
0	0
0	0
0	0
0	0
0	0
0	0
0	0
0	32
0	12
0	0
0	0
0	0
0	14
0	0
0	0
0	0
0	0
1	0
0	0
0	1
0	0
0	126
0	109
0	178
0	0
0	5
0	0
0	1
0	0
0	0
0	0
0	4
0	0
0	3
0	0
0	0
0	0
0	0
0	0
0	0
0	5
0	0
1	2
0	0
0	0
0	0
0	4
0	143
0	0
0	0
0	0
0	0
0	0
0	229
0	229
0	73
0	122
0	0
0	10
0	0
0	0
0	0
0	0
0	0
0	0
0	0
0	0
0	0
0	0
0	0
0	0
0	0
0	0
0	0
0	0
0	6
0	0
0	0
0	3
0	4
0	6
0	0
0	0
0	0
0	0
0	0
0	0
0	0
0	0
0	0
0	0
0	0
0	0
0	0
0	0
0	0
0	0
0	0
0	0
0	0
0	0
0	0
0	0
0	0
0	0
0	89
0	0
0	0
0	0
0	0
3	2
0	0
0	0
0	0
0	0
0	0
0	0
0	0
0	0
0	3
0	0
0	3
0	0
0	0
0	63
0	0
0	0
0	0
0	0
24	652
0	0
0	0
0	0
0	2
0	0
0	2
0	539
0	0
0	0
0	0
0	0
0	0
0	0
0	0
0	0
0	0
0	0
0	0
0	0
0	0
0	0
0	0
0	1
0	0
0	0
0	0
0	0
0	0
0	0
0	0
0	0
0	0
0	7
0	0
0	107
0	0
0	0
0	0
0	0
0	0
0	0
0	0
0	114
0	0
0	1
0	0
0	0
0	0
0	9
0	9
0	0
0	2
0	0
0	0
0	0
0	0
0	0
0	0
0	0
0	2
0	0
0	1
0	0
0	6
0	0
0	0
0	0
0	1
0	0
0	0
0	13
0	0
0	1
0	0
0	0
0	0
0	2
0	0
0	0
0	0
0	0
0	539
0	0
0	0
0	202
0	0
0	0
0	0
0	0
0	0
0	3
0	0
0	0
0	0
0	0
0	0
0	1
0	0
0	2
0	0
0	0
0	0
0	0
0	1
0	0
0	0
0	2
0	6
0	0
0	0
0	0
0	0
0	0
0	0
0	0
0	0
0	0
0	3
0	0
0	0
0	2
0	0
0	0
0	1
0	19
0	0
0	149
0	0
0	10
0	0
0	0
0	0
0	179
0	0
0	0
0	3
0	0
0	1
0	0
0	1
0	0
0	8
0	0
0	0
0	0
0	0
0	0
0	0
0	0
0	0
0	0
0	0
0	0
0	3
0	0
0	0
0	0
0	4
0	0
0	0
0	0
0	0
0	0
0	0
0	0
0	0
0	0
0	0
0	0
0	0
0	0
0	0
0	0
0	0
0	0
0	0
0	8
0	0
0	0
0	0
0	0
0	2
0	0
0	0
0	0
0	0
0	0
0	0
0	0
0	0
0	0
0	0
0	0
0	0
0	9
0	0
0	0
0	0
0	0
0	0
0	0
0	0
0	0
0	0
0	0
0	0
0	0
0	0
0	0
0	0
0	0
0	0
0	0
0	0
0	0
0	0
0	0
0	0
0	3
0	0
0	0
0	0
0	0
0	0
0	0
0	3
0	0
0	0
0	0
0	11
0	0
0	0
0	0
0	0
0	0
0	6
0	0
0	0
0	0
0	0
0	0
0	0
0	0
0	4
0	0
0	0
0	0
0	0
0	0
0	0
0	0
0	0
0	0
0	0
0	0
0	0
0	0
0	0
0	0
0	0
0	0
0	0
0	0
0	0
0	0
0	0
0	0
0	0
0	880
0	0
0	0
0	0
0	0
0	0
0	0
0	7
0	0
0	0
0	0
0	0
0	0
0	0
0	0
0	0
0	0
0	0
0	0
0	0
0	13
0	0
0	0
0	0
0	0
0	0
0	0
0	0
0	1
0	0
0	0
0	0
0	13
0	0
0	0
0	0
0	9
0	7
0	0
0	0
0	1
0	3
0	2
0	0
0	0
0	0
0	0
0	0
0	0
0	0
0	0
0	0
0	0
0	0
0	0
0	0
0	0
0	0
0	0
0	0
0	0
0	0
0	0
0	0
0	0
0	0
0	0
0	0
0	0
0	0
0	0
0	0
0	0
0	0
0	0
0	0
0	0
0	0
0	0
0	0
0	0
0	0
0	0
0	0
0	0
0	2
0	0
0	0
0	0
0	0
0	0
0	0
0	0
0	0
1	670
0	0
0	0
0	64
0	8
0	0
0	0
0	0
0	0
0	0
0	0
0	0
0	15
0	0
0	5
0	38
0	5
0	12
0	0
0	0
0	0
0	0
0	113
0	0
0	0
0	0
1	12
0	0
0	0
0	0
0	0
0	111
0	0
0	1
0	0
0	1
0	6
0	0
0	2
0	0
0	0
0	0
0	0
0	47
0	0
0	0
0	0
0	0
0	0
0	0
0	0
0	0
0	0
0	0
0	0
0	0
0	3
0	0
0	0
0	0
0	0
0	2
0	0
0	0
0	0
0	0
0	0
0	2
0	0
0	0
0	24
0	2
0	0
0	0
0	6
0	0
0	0
0	0
0	0
0	0
0	0
0	1
0	0
0	1
0	0
0	0
0	0
0	0
0	0
0	0
0	0
0	0
0	0
1	0
0	0
0	0
0	0
0	0
0	0
0	17
0	0
0	0
0	0
0	0
0	0
0	0
0	0
0	8
0	0
0	0
0	6
0	0
0	0
0	0
0	0
0	37
0	0
0	0
0	0
0	0
0	0
0	0
0	8
0	0
0	0
0	0
0	1
0	0
0	26
0	0
0	0
0	0
0	0
0	0
0	1
0	4
0	0
0	0
0	0
0	5
0	0
0	0
0	0
0	0
0	0
0	0
0	0
0	20
0	0
0	0
0	0
3	0
0	15
0	0
0	0
0	0
0	0
0	0
0	0
0	0
0	0
0	2
0	0
0	0
0	0
0	0
0	0
0	0
0	2
0	9
0	0
0	6
0	0
0	0
0	1
0	0
0	0
0	0
0	0
0	0
0	0
0	0
0	0
0	4
0	0
0	0
0	0
0	3
0	0
0	30
0	0
0	0
0	0
0	0
0	0
4	0
0	0
0	0
0	0
0	0
0	0
3	24
0	0
0	0
0	0
0	0
1	20
6	0
0	0
0	0
0	0
0	0
0	0
0	0
0	0
0	0
0	5
0	0
0	0
0	0
0	0
0	0
0	0
0	0
0	0
0	0
0	0
0	0
0	0
0	0
0	0
0	0
0	2
0	0
0	1
0	0
0	0
0	0
0	0
0	2
0	0
0	2
0	0
0	5
0	0
0	0
0	0
0	0
0	0
0	0
0	0
0	0
0	0
0	0
1	13
0	0
0	0
0	0
0	0
0	7
0	0
0	0
0	0
0	0
0	1
0	0
0	4
0	0
0	0
0	0
0	0
0	0
0	0
0	0
0	0
0	0
0	0
0	0
0	5
0	0
0	6
1	0
0	0
0	0
0	1
0	2
0	0
0	0
0	0
0	0
0	0
0	0
0	0
0	0
0	0
0	0
0	0
0	0
0	0
0	0
0	0
0	0
0	0
0	0
0	0
0	0
0	1
0	0
0	0
0	0
0	5
0	0
0	0
0	0
1	21
0	0
0	0
0	0
0	0
0	0
0	0
0	0
0	0
0	0
0	0
0	1
0	0
0	0
0	0
0	1
0	0
0	0
0	0
0	1
0	0
0	0
0	0
0	0
0	0
0	5
0	0
0	0
0	0
0	534
0	0
0	0
0	0
0	0
1	0
0	0
0	0
0	0
0	0
0	0
0	0
0	0
0	0
0	0
0	0
0	0
0	0
0	8
0	0
28	162
0	0
0	0
0	0
0	19
0	0
0	0
0	0
0	0
0	32
0	0
0	29
0	0
0	0
0	0
0	0
0	0
0	0
0	0
0	22
0	4
0	7
0	65
5	5
0	0
0	0
0	0
0	21
0	4
0	0
0	1
0	1
0	0
0	0
0	2
0	0
0	0
70	615
0	8
0	0
2	2
0	0
0	1
0	0
0	5
0	50
0	0
23	28
0	520
0	0
0	0
0	0
0	0
0	0
0	0
0	0
0	0
0	0
0	0
0	2
0	0
0	0
0	0
0	0
0	0
0	3
0	0
0	0
0	0
0	0
0	0
0	0
0	0
0	0
0	0
0	0
0	0
0	0
0	0
0	0
0	0
0	0
0	0
0	0
0	0
0	0
0	0
0	0
0	0
0	0
0	0
0	0
0	0
0	1
0	11
0	0
0	0
0	0
0	0
0	0
0	0
12	5
0	1
0	0
0	7
0	1
0	5
0	2
0	6
0	0
75	816
0	0
0	0
1	0
0	0
1	0
0	83
0	2
0	0
0	0
0	0
1	0
0	0
0	9
0	0
0	0
0	0
0	0
1	2470
3	13360
0	1
0	0
0	0
0	0
0	1
0	0
0	33
0	0
17	5994
0	0
0	0
0	0
0	0
0	0
0	0
0	0
0	0
0	0
0	11
12	54364
0	0
0	0
0	0
0	2
0	0
1	51
0	0
0	0
0	0
0	0
0	0
0	0
0	0
0	0
1	6
2	10032
0	0
0	0
0	0
0	0
0	1
0	5
1	0
0	0
0	0
0	0
0	0
0	0
0	0
0	0
0	0
0	0
0	0
0	0
0	0
0	0
0	0
0	0
0	0
0	0
0	0
0	3
0	0
0	0
0	0
0	0
0	0
0	0
0	0
0	0
0	0
0	0
0	0
0	0
0	0
0	18
0	0
0	3
0	0
0	0
0	0
0	0
0	1
0	0
0	0
0	0
0	0
0	0
0	0
0	0
0	0
0	0
0	364
0	1
0	15
0	0
0	111
0	0
0	0
0	0
0	0
0	0
0	0
0	0
0	0
0	0
0	0
0	0
0	4
0	0
0	0
0	0
0	0
0	0
0	0
0	0
0	0
0	0
0	0
0	0
0	0
0	0
0	24
0	0
2	9
0	0
3	0
0	0
0	0
0	0
0	0
0	0
0	0
0	39
0	0
0	42
0	0
1	0
0	0
0	0
1	0
0	0
0	0
0	0
0	0
0	1
0	0
0	0
0	0
0	0
0	0
0	0
0	0
0	0
0	0
0	0
0	0
0	0
0	0
0	0
0	0
0	4
0	88
0	9
0	5
0	1
0	0
0	0
0	0
0	0
0	0
0	2
0	0
0	5
0	0
0	4
0	0
0	0
0	0
0	0
0	0
0	0
0	0
0	0
0	0
0	0
0	0
0	0
0	0
0	0
0	1
0	0
0	0
0	11
0	0
0	0
0	62
0	0
0	0
0	0
0	0
42	14248
0	0
0	0
0	1
0	17
0	1
0	33
0	0
0	0
0	0
2	1
0	0
0	0
0	0
0	0
0	0
0	9
0	0
0	0
0	0
0	0
0	0
0	0
0	0
0	8
0	0
0	0
0	0
0	0
0	0
1	0
0	0
0	77
0	3
0	0
0	0
0	45
0	0
0	3
0	0
0	0
0	5
0	0
0	10
0	35
0	2
0	0
0	0
0	0
0	0
0	0
0	0
0	0
0	0
0	0
3	772
0	0
0	0
0	0
0	0
0	0
0	0
0	0
0	0
0	0
0	1
0	1
0	0
0	0
0	0
0	1
1	0
0	0
0	0
0	0
0	1
0	1
0	0
0	0
0	0
0	0
0	0
0	2
0	9
0	0
0	0
1	0
0	0
0	0
0	0
0	0
0	0
0	0
0	0
0	0
0	0
1	0
0	0
0	0
0	0
0	2
0	0
0	0
0	0
0	0
0	2
0	0
0	0
0	0
0	0
0	0
0	0
0	0
0	3
0	0
0	0
0	0
0	0
2	0
0	0
0	0
0	0
0	0
0	0
0	0
0	2
0	0
0	0
0	0
0	0
0	4
0	0
0	0
0	0
0	12
0	24
0	0
0	9
0	0
0	0
0	0
0	0
0	0
0	0
0	0
0	3
0	1
0	0
0	0
0	0
0	0
0	0
0	0
0	0
0	0
0	0
0	0
0	6
1	0
0	0
0	0
0	0
0	42
0	8
0	0
0	1
0	1
0	5
0	0
0	0
0	0
0	0
0	4
0	0
0	0
0	0
0	0
0	0
0	0
0	0
0	0
0	0
0	50
0	0
0	0
0	63
0	0
0	12
0	0
0	0
0	0
0	0
0	0
0	0
0	0
0	0
5	17
0	0
0	0
0	0
0	0
0	11
0	0
0	0
0	0
0	0
0	0
0	0
0	0
0	0
0	7
0	0
0	195
0	0
0	0
0	0
0	0
0	0
0	37
0	0
0	0
0	0
0	0
0	37
0	4
0	0
0	1
0	0
0	0
0	5
20	0
0	0
0	0
0	0
0	0
0	0
0	0
0	0
0	0
0	0
0	0
0	0
0	2
0	0
0	0
0	8
0	0
0	0
0	0
0	0
0	0
1	0
0	0
0	0
0	0
0	0
0	0
0	1
0	0
0	0
0	10
0	10
0	0
0	0
0	30
0	29
0	0
0	0
0	0
0	1
0	26
0	0
0	724
0	0
2	3
0	0
0	0
13	0
0	0
0	0
0	0
0	0
0	0
0	12
0	0
0	0
0	0
0	0
0	0
0	0
0	0
0	12
0	0
0	0
0	1
0	0
0	0
0	0
0	0
0	0
0	0
1	0
0	31
6	20
0	0
2	36
0	0
0	2
0	0
0	0
0	0
0	0
0	0
0	0
0	1
0	0
0	0
0	0
0	1
0	27
0	0
0	0
0	0
0	0
0	0
0	0
0	0
0	63
0	0
0	0
0	0
0	0
0	0
0	0
0	0
0	0
0	0
3	2
0	0
0	0
0	18
0	0
0	0
0	0
0	0
0	0
0	0
0	0
0	0
0	3
0	0
0	0
0	0
2	0
0	0
0	1
0	0
0	0
1	0
0	40
1	0
0	0
0	202
0	0
0	0
0	0
0	40
0	0
0	0
0	0
0	0
0	0
0	0
0	1
0	2
0	0
0	0
0	0
0	0
0	0
0	0
0	0
0	0
0	0
0	0
0	0
0	1
1	0
0	0
0	0
0	0
0	26
0	0
1	2
0	0
0	0
0	0
0	0
0	0
0	0
0	0
0	0
0	1
0	328
0	0
0	16
0	0
0	0
0	0
0	1
0	0
0	0
0	0
0	0
0	0
0	1
0	6
0	1
0	0
0	0
0	0
0	0
0	4
0	1
0	0
0	0
0	0
0	0
0	0
0	0
0	0
3	0
0	0
0	0
0	0
0	0
0	0
0	0
0	0
0	0
0	0
0	0
0	0
0	0
0	0
0	4
0	2
0	0
0	0
0	0
0	1
0	17
0	0
0	41
0	1
0	9
0	0
0	1
0	0
0	0
0	0
6	0
0	0
0	0
0	0
0	0
0	0
0	0
0	0
0	0
0	0
0	0
0	0
0	0
0	0
0	0
0	0
0	0
0	0
0	1
0	0
27	35
0	0
0	0
0	0
0	0
0	0
0	0
0	0
0	0
0	2
0	0
0	0
0	0
0	0
0	0
0	0
0	0
5	37
0	0
0	0
0	2
0	0
1	0
0	0
0	0
0	0
0	0
0	139
0	0
0	0
0	0
0	0
0	0
0	0
0	0
0	26
0	0
0	0
0	0
0	0
0	0
0	10
0	0
0	0
0	0
0	0
0	1
0	147
0	2
0	0
0	6
0	0
1	0
0	0
0	0
0	0
0	0
0	1
0	0
0	0
0	16
0	3
0	0
0	0
0	1
0	0
0	0
0	0
0	0
0	0
0	21
0	0
0	0
0	0
0	0
0	0
0	0
0	0
0	0
0	0
0	0
0	0
0	0
0	0
0	0
0	0
0	0
0	0
0	0
0	0
61	90
0	0
0	0
0	17
0	0
0	0
0	0
0	0
0	0
0	0
0	0
0	0
0	0
0	0
0	0
0	0
0	0
0	0
3	55
0	0
0	0
0	0
0	0
0	0
0	22
0	0
0	0
0	0
2	0
0	0
0	0
0	0
0	0
0	0
0	0
0	1
0	2
0	0
0	37
1	465
0	10
0	2
0	0
0	0
0	0
0	0
0	0
0	0
0	0
0	0
0	0
0	0
0	75
0	0
0	0
0	0
0	1
0	9
0	0
0	0
0	0
0	193
0	0
0	0
0	0
0	1
0	0
0	0
0	1
0	0
0	0
0	0
0	0
0	0
0	0
0	0
0	0
0	191
0	0
0	0
0	2
0	0
0	0
0	1
0	64
0	0
0	0
0	2
0	0
0	0
0	0
0	21
0	0
1	107
0	0
0	0
0	0
1	0
0	0
0	0
0	181
0	0
0	64
0	6
0	0
0	0
0	0
0	0
0	0
0	0
0	0
0	0
0	0
10	54
0	1
0	0
0	0
0	0
0	0
0	0
0	0
0	1
0	0
0	8
0	0
1	849
0	0
0	0
0	0
0	0
0	0
0	0
0	0
0	0
0	0
0	0
0	0
0	0
0	0
0	0
0	0
0	0
0	0
0	0
0	0
0	0
0	0
0	0
0	0
0	0
0	0
0	0
0	0
0	0
0	0
0	107
0	0
1	563
0	2
0	0
0	0
0	0
0	0
0	0
0	2
0	0
0	2
0	0
0	1
0	0
0	0
0	0
0	0
0	1
0	0
0	0
0	0
2	0
0	0
0	0
0	0
0	0
0	0
0	0
0	0
0	0
0	0
0	0
0	0
0	0
0	0
0	0
0	0
0	0
0	0
0	0
0	0
0	0
0	0
0	0
0	0
0	0
0	4
0	0
0	0
0	21
0	18
0	0
0	0
0	0
0	0
0	0
0	0
0	0
0	0
0	0
0	0
0	0
0	0
0	0
0	0
0	0
0	0
0	9
0	2
0	0
0	0
0	0
0	10
0	0
0	0
9	3
0	0
0	0
0	0
0	0
0	0
0	0
0	0
0	0
0	0
0	0
0	1
0	0
0	0
0	0
0	0
0	0
0	0
0	0
0	0
0	0
0	0
0	0
0	0
0	0
0	0
0	0
0	0
0	13
0	18
3	0
0	0
0	0
0	0
0	0
0	0
0	0
1	76
0	0
0	0
0	0
0	0
0	0
0	0
0	0
0	0
0	0
0	197
0	0
0	4
0	0
0	30
0	0
0	93
0	2
0	0
1	0
0	0
0	0
0	0
0	1
0	0
0	0
3	0
0	0
0	4
0	0
0	0
0	0
0	0
0	0
0	0
0	0
0	0
2	0
0	0
0	0
0	0
0	0
0	0
0	0
0	0
0	0
0	237
0	0
0	0
0	0
0	0
0	0
0	0
0	0
0	0
0	0
0	0
0	0
0	0
0	0
0	0
0	0
0	0
0	0
0	0
0	0
0	0
0	0
0	0
0	0
0	0
0	0
0	0
0	0
0	0
0	17
0	0
0	0
0	2
0	11
0	24
0	0
0	0
0	0
0	0
0	0
0	0
0	0
0	11
0	5
0	0
0	0
0	0
0	0
0	0
0	647
0	0
0	0
0	32
0	0
0	0
0	3
0	0
5	0
0	0
0	0
0	0
0	0
0	0
0	0
0	1
0	13
0	1
0	0
0	0
0	0
0	0
0	1
0	0
0	0
0	0
0	14
0	0
0	0
0	0
0	0
3	257
0	0
0	0
0	0
0	0
0	180
0	0
0	0
0	0
0	0
0	0
0	0
0	1
0	0
0	0
0	6
0	0
0	0
0	0
0	5
0	0
0	0
0	0
0	0
0	0
0	0
0	19
1	0
0	0
0	6
0	0
0	0
0	0
0	1
0	0
0	40
0	0
0	0
0	1
0	0
0	0
0	0
0	15
0	12
0	1
0	0
1	0
3	0
0	0
0	0
0	0
0	0
0	0
0	4
0	0
0	0
0	0
0	0
0	0
0	0
0	0
0	0
0	0
0	0
0	0
0	0
0	0
0	0
0	0
0	0
0	12
0	0
0	0
0	505
0	0
0	0
0	0
0	0
0	0
0	0
0	0
0	0
0	24
0	0
0	0
0	0
0	0
0	0
0	0
0	0
0	0
0	0
0	0
0	0
0	0
0	0
0	1
0	0
0	0
0	0
0	0
0	0
0	0
0	0
0	0
2	0
0	0
0	10
0	0
0	1
0	0
0	0
0	0
0	0
0	0
0	0
0	294
0	0
0	0
0	0
0	0
0	0
0	0
13	11
0	0
0	2
0	0
0	0
0	0
0	0
0	0
0	0
0	14
0	17
0	15
0	16
0	15
0	0
0	0
0	0
0	0
0	0
0	0
0	3
0	0
0	0
0	0
0	0
0	0
0	0
0	0
0	0
0	0
0	0
0	0
0	0
0	0
0	0
0	0
0	2
0	0
0	0
0	0
0	0
0	0
0	0
0	0
0	0
0	0
0	0
0	0
0	0
0	0
0	0
0	0
0	0
0	0
0	0
1	0
0	0
3	11
0	0
0	0
4	5
1	7
0	0
0	0
0	0
0	0
0	0
0	0
0	0
0	0
2	57
0	0
0	53
0	2
0	0
0	10
0	12
1	0
0	0
0	0
0	0
0	0
0	0
0	0
0	0
0	0
0	0
0	0
0	0
0	0
0	0
0	0
0	0
0	0
0	0
0	0
0	0
0	0
0	0
0	0
0	0
0	0
0	0
0	0
0	4
0	0
0	0
0	0
0	0
0	0
1	0
0	0
0	0
0	411
1	3
0	0
0	0
0	0
0	0
0	2
0	0
0	0
0	0
0	0
0	0
5	66
0	104
0	2
0	0
0	1447
0	1155
0	0
0	180
0	0
0	0
0	0
0	23
0	0
0	0
0	0
0	0
0	0
0	0
0	0
0	0
1	0
0	0
0	0
0	0
0	0
0	0
0	0
0	0
0	0
0	0
0	0
0	0
0	0
0	0
0	43
0	8
0	9
0	1
1	0
0	0
0	0
0	0
0	0
0	0
0	0
0	0
0	0
0	7
0	0
0	0
0	0
0	119
0	0
0	0
0	0
0	0
0	0
0	0
0	0
0	0
0	0
0	0
0	0
0	0
0	0
0	0
0	0
0	0
0	0
0	0
0	0
0	0
0	0
0	0
0	0
0	0
0	0
0	0
0	0
1	0
0	0
0	0
0	0
0	0
0	0
0	0
0	0
0	0
0	0
0	0
0	0
0	0
0	33
0	0
0	26
0	0
0	0
0	0
0	0
0	28
0	2
0	0
0	10
0	0
0	0
0	1
0	12
0	0
7	0
0	0
0	1
0	0
0	3
0	0
0	0
0	0
0	0
0	0
0	0
0	0
0	0
0	0
0	0
0	0
0	0
0	0
0	0
0	0
0	0
0	0
0	0
0	0
0	0
0	0
0	0
0	0
0	0
0	1
0	0
0	0
1	0
0	0
0	0
0	5
1	0
0	3
0	0
0	0
0	0
0	0
0	0
0	0
0	0
0	0
0	0
0	0
0	0
0	0
1	804
0	0
0	0
0	0
0	0
0	0
0	2
0	0
0	0
0	0
0	0
0	0
0	0
0	0
0	11
0	0
0	0
2	78
0	0
0	0
1	0
0	0
0	0
0	29
0	0
0	0
0	0
0	539
0	0
0	0
0	0
0	0
0	0
0	1
0	0
0	0
0	0
0	0
0	425
0	0
0	0
0	0
0	0
0	0
0	0
0	0
0	0
0	0
0	0
0	0
7	1119
0	0
0	1
0	0
1	5
0	0
0	0
0	0
0	0
2	115
0	7
0	100
0	99
0	102
0	0
0	70
0	0
0	0
0	0
0	0
0	0
0	0
0	0
0	0
0	0
0	0
2	762
0	0
0	62
0	0
0	44
0	0
0	0
1	0
0	0
0	0
2	0
0	0
0	0
0	0
0	0
0	0
0	0
0	0
0	2
0	0
0	0
0	0
0	0
0	0
0	0
0	0
0	0
0	0
0	0
0	0
0	0
0	0
0	0
0	12
0	0
0	0
0	0
0	0
0	0
0	0
0	0
0	0
0	139
0	0
0	0
0	0
0	0
0	0
0	0
0	0
0	0
0	0
0	0
0	0
1	20
0	0
0	0
9	501
0	0
0	0
0	0
7	0
0	0
0	0
0	0
0	0
0	0
1	0
0	0
0	0
0	0
0	0
0	0
0	0
0	0
0	0
0	7
0	38
0	0
0	0
0	12
0	0
0	0
0	0
0	0
0	0
0	0
0	1
0	1
0	1
0	0
0	0
0	0
0	0
0	0
0	0
0	0
0	1
0	1
0	1
1	0
1	44
0	166
0	0
0	0
0	0
0	0
0	0
0	0
0	0
1	10
0	0
0	0
0	22
0	0
0	0
0	0
0	0
0	0
0	0
0	0
0	0
0	0
0	0
1	0
0	0
0	0
0	0
0	0
0	0
0	0
0	0
0	0
0	1
0	0
0	0
0	2
0	0
0	0
0	0
0	1
0	1
0	0
0	466
0	0
0	0
0	0
0	0
0	0
0	68
0	0
0	0
0	1
0	0
0	2
0	19
0	0
0	0
0	0
0	0
0	0
0	6
0	0
0	0
0	0
0	0
0	31
0	0
0	0
0	0
0	0
0	0
0	0
0	0
0	0
0	0
0	0
0	0
0	420
0	0
0	0
0	0
0	0
0	0
0	0
0	0
0	0
0	0
0	0
0	0
0	0
0	32
0	0
0	0
0	0
0	0
0	4
0	5
0	0
0	0
0	3
0	6
0	0
0	0
0	0
0	0
0	9
0	4
0	0
0	0
0	0
0	0
0	0
0	0
0	0
0	0
0	0
0	0
0	0
0	0
0	0
0	9
0	0
0	589
0	0
0	0
0	0
0	0
5	34
0	5
1	4
0	0
0	0
0	0
0	0
0	0
0	0
0	0
0	0
0	0
0	0
0	0
0	0
0	0
0	0
0	0
0	0
0	0
0	0
0	0
0	0
0	0
0	0
0	0
0	0
0	0
0	0
0	0
0	0
0	0
0	0
0	0
0	0
0	0
0	0
0	0
0	0
0	0
0	0
0	0
0	0
0	0
0	0
0	0
0	0
0	0
0	0
0	0
0	0
0	0
0	0
0	0
0	0
0	0
0	0
0	0
0	0
0	0
0	0
0	0
0	0
0	0
0	0
0	0
0	0
0	0
0	0
0	0
0	0
0	0
0	0
0	0
0	0
0	0
0	0
0	0
0	0
0	0
0	0
0	0
0	0
0	0
0	0
0	0
0	0
0	0
0	0
0	0
0	0
0	0
0	0
0	0
0	0
0	0
0	0
0	0
0	0
0	0
0	0
0	0
0	0
0	0
0	0
0	0
0	0
0	0
0	0
0	0
0	0
0	0
0	0
0	0
0	0
0	0
0	0
0	0
0	0
0	0
0	0
0	0
0	0
0	0
0	0
0	0
0	0
0	0
0	0
0	0
0	0
0	0
0	0
0	0
0	0
0	0
0	0
0	0
0	0
0	0
0	0
0	0
0	0
0	0
0	0
0	0
0	0
0	0
0	0
0	0
0	0
0	0
0	0
0	0
0	0
0	0
0	0
0	0
0	0
0	0
0	0
0	0
0	0
0	0
0	0
0	0
0	0
0	0
0	0
0	0
0	0
0	0
0	0
0	0
0	0
0	0
0	0
0	0
0	0
0	0
0	0
0	0
0	0
0	0
0	0
0	0
0	0
0	0
0	0
0	0
0	0
0	0
0	0
0	0
0	0
0	0
0	0
0	0
0	0
0	0
0	0
0	0
0	0
0	0
0	0
0	0
0	0
0	0
0	0
0	0
0	0
0	0
0	0
0	0
0	0
0	0
0	0
0	0
0	0
0	0
0	0
0	0
0	0
0	0
0	0
0	0
0	0
0	0
0	0
0	0
0	0
