UniqueCount	AmbigCount
0	0
0	0
0	0
0	0
0	0
0	0
0	0
0	0
0	0
0	0
0	0
0	0
0	0
0	0
0	0
0	0
0	0
0	0
0	0
0	1
0	0
0	0
0	0
0	0
0	0
0	0
0	0
0	0
0	0
0	0
0	0
0	0
0	0
0	0
0	0
0	0
0	0
1	0
0	0
0	0
0	0
0	0
0	0
0	0
0	0
0	0
0	0
0	0
0	0
0	0
0	0
0	0
0	0
0	0
0	0
0	0
0	0
0	0
0	0
0	0
0	0
0	0
0	0
0	0
0	0
0	0
2	0
0	0
2	0
0	0
0	0
2	0
2	0
0	0
0	0
0	0
0	0
0	0
0	0
0	0
0	0
0	0
0	1
0	0
0	0
0	0
0	0
0	0
0	0
0	0
2	0
0	0
0	0
2	0
0	0
0	0
0	0
0	0
0	0
0	0
0	0
0	0
0	0
0	0
0	0
0	0
0	0
0	0
0	0
0	0
0	0
0	0
0	0
0	1
0	0
0	0
0	0
0	1
0	0
0	0
0	0
0	0
1	0
0	0
0	0
1	0
2	0
0	0
0	0
0	0
0	0
0	0
0	0
0	0
0	0
0	0
0	0
0	0
0	0
0	0
0	0
0	0
0	0
0	0
0	0
0	0
0	0
0	0
0	0
0	0
0	0
0	0
0	0
0	0
0	0
0	0
0	0
0	0
0	1
0	0
0	0
0	0
0	0
0	4
0	10
0	13
0	10
0	4
0	2
0	13
0	11
0	9
0	11
0	4
0	9
0	11
0	0
0	6
0	7
0	0
0	0
0	0
0	0
0	0
0	0
0	1
0	0
0	0
0	4
0	10
0	12
0	10
0	12
0	26
0	9
0	0
0	0
0	0
0	0
0	0
0	0
0	0
4	2
0	4
0	10
0	12
0	10
0	12
0	26
0	9
0	9
0	0
0	2
0	0
0	1
0	1
0	2
0	0
0	1
0	1
0	1
0	0
0	0
0	0
0	0
0	0
0	0
0	0
8	14
0	82
0	1
0	81
0	0
0	0
0	0
0	0
0	0
1	0
0	1
0	0
0	1
0	1
0	0
0	1
0	6
0	6
0	0
0	5
0	0
0	10
0	10
0	10
11	5
0	3
0	0
0	0
0	0
0	0
0	0
0	0
0	0
0	0
0	0
0	0
0	0
0	0
0	0
0	0
0	0
0	0
0	0
0	0
0	0
0	0
0	0
0	0
0	0
0	0
0	0
0	0
0	0
0	0
0	0
0	0
0	0
0	0
0	0
0	0
0	0
0	0
0	0
0	0
0	0
0	0
0	0
0	0
0	0
0	0
0	0
0	0
0	0
0	0
0	14
0	5
0	0
3	1
0	5
0	1
0	1
0	4
0	4
0	4
0	0
0	0
0	0
0	0
0	0
0	0
0	0
0	0
0	0
0	0
0	0
0	0
0	0
2	0
0	0
0	0
0	0
0	0
0	0
0	0
0	0
0	0
0	0
0	0
0	0
0	0
0	0
0	0
0	0
0	0
0	0
0	0
0	0
0	0
0	0
0	0
0	0
0	0
0	0
0	0
0	0
0	1
0	0
0	0
0	0
0	0
0	0
0	0
0	0
0	0
0	0
0	0
0	0
0	0
0	0
0	0
0	0
0	1
0	1
0	0
0	0
0	0
0	0
0	0
0	0
0	0
0	0
0	0
0	0
0	0
0	0
0	0
0	0
0	0
0	0
0	0
0	0
0	0
0	0
0	0
0	0
0	0
0	0
0	0
0	0
0	0
0	0
0	0
0	0
0	0
0	0
0	0
0	0
0	0
0	0
0	0
0	0
0	0
0	0
0	0
0	0
0	0
0	0
0	0
0	0
0	0
0	0
0	0
0	0
0	0
0	0
0	0
0	0
0	0
0	0
0	0
0	0
0	0
0	0
0	0
0	0
0	0
0	0
0	0
0	0
0	0
0	0
0	0
0	0
0	0
0	0
0	0
0	0
0	0
0	0
0	0
0	0
0	0
0	0
0	0
0	0
0	0
0	0
0	0
0	0
0	0
0	0
0	0
0	0
0	0
0	0
0	0
0	0
0	0
0	0
0	0
0	0
0	0
0	0
0	0
0	0
0	0
0	0
0	0
0	0
0	0
0	0
0	0
0	0
0	0
0	0
0	0
0	0
0	0
0	0
0	0
0	0
0	0
0	0
0	0
0	0
0	0
0	0
0	0
0	0
0	0
0	0
0	0
0	0
0	0
0	0
0	0
0	0
0	0
0	0
0	0
23	0
4	1
0	0
0	0
0	0
0	0
1	0
0	0
0	0
0	0
0	0
0	0
0	0
0	0
0	0
0	0
0	0
0	0
0	0
0	0
0	0
0	0
0	0
0	0
0	0
0	0
0	0
0	0
0	0
0	0
0	0
0	0
0	0
0	0
0	0
0	0
0	0
0	0
0	0
0	0
0	0
0	0
0	0
0	0
0	0
0	0
0	0
0	0
0	0
0	0
0	0
0	0
0	0
0	0
0	0
0	0
0	0
0	0
0	0
0	0
0	0
0	0
0	0
0	0
0	0
0	0
0	0
0	0
0	0
0	0
0	0
0	0
0	0
0	0
0	0
0	0
0	0
0	0
0	0
0	0
0	0
0	0
0	0
0	0
0	0
0	0
0	0
0	0
0	0
0	0
0	0
0	0
0	0
0	0
0	0
0	0
0	0
0	0
0	0
0	0
0	0
0	0
0	0
0	0
0	0
0	0
0	0
0	0
0	0
0	0
0	0
0	0
0	0
0	0
0	0
0	0
0	0
0	0
0	0
0	0
0	0
0	0
0	0
0	0
0	0
0	0
0	0
0	0
0	0
0	0
6499	2610
2888	4290
78577	98586
14300	8954
1034	3
7271	11181
47496	20363
655	0
6213	2
66520	3907
14849	16
213	4
25051	5
0	3140
0	2080
0	1418
0	2003
5	0
0	1761
0	1339
151	1506
2	1172
3	1322
1	251
0	711
30	41
5	744
0	712
0	34
0	0
0	0
0	0
0	0
0	0
0	0
0	0
0	0
0	0
0	0
0	0
0	0
0	0
0	0
0	0
0	0
0	0
0	0
0	0
0	0
0	0
0	0
0	611
0	317
0	72
0	648
6	84
68	30
4	42
3	85
2	24
0	90
0	452
0	406
0	379
0	0
0	0
0	0
0	0
0	0
0	0
0	0
0	0
0	0
0	0
0	0
0	0
0	0
0	0
0	0
0	0
0	0
0	0
0	0
0	0
0	0
0	0
0	0
0	0
0	0
0	0
0	0
0	0
0	0
0	0
0	0
0	0
0	0
0	0
0	0
0	16
0	20
0	0
0	0
0	0
0	0
0	0
0	0
0	0
0	19
0	62
2	0
0	19
1	62
0	0
0	0
0	0
0	1704
0	0
0	0
0	0
0	0
0	3
0	1
0	0
0	0
0	0
0	0
0	0
0	0
0	2
0	0
0	0
0	0
2	91
0	80
0	62
13	75
0	56
0	48
0	16
0	9
0	5
0	15
0	20
0	29
0	24
0	11
0	4
0	0
1	2
0	1
0	0
0	0
0	0
0	0
0	0
0	0
0	0
0	0
0	0
0	0
0	0
0	0
0	0
0	0
0	0
0	0
0	0
0	0
0	0
0	0
0	0
0	0
0	0
0	0
0	0
0	0
0	0
0	0
0	0
0	0
0	0
0	0
0	0
0	0
0	0
0	0
0	0
0	0
0	0
0	0
0	0
0	0
0	0
0	0
0	0
0	0
0	0
0	669
0	0
0	0
2	3
0	12
0	15
0	214
0	211
0	205
0	36
0	26
0	24
0	0
0	0
0	0
0	0
0	0
0	0
0	0
0	0
0	0
0	0
0	0
0	0
0	0
0	0
0	0
0	0
0	0
0	0
0	0
0	0
0	0
0	0
0	0
0	0
0	0
0	0
0	0
0	0
0	0
0	0
0	0
0	0
0	0
0	0
0	0
0	0
0	0
0	0
0	0
0	0
0	0
0	0
0	0
0	0
0	0
0	0
0	0
0	0
0	0
0	0
0	0
0	0
0	0
0	0
0	0
0	0
0	0
0	0
0	0
0	0
0	0
0	0
0	0
0	0
0	0
0	0
0	0
0	0
0	0
0	0
0	0
0	0
0	9
0	0
0	0
0	0
0	0
0	0
0	0
0	0
0	0
0	0
0	0
0	0
0	0
0	0
0	0
0	0
0	0
0	0
0	0
0	46
0	46
0	46
1	32
26	30
0	20
0	0
0	0
0	0
0	7
0	164
0	109
0	106
0	104
0	0
0	490
0	274
0	9
0	31
1	0
0	784
1	830
16	1067
0	1282
0	549
1	436
3	766
0	117
0	31
0	83
0	50
0	0
0	43
0	212
0	123
0	176
1	78
1	1
0	212
0	0
0	0
0	42
0	0
0	24
0	21
7	50
2	20
1	20
0	236
1	33
0	42
0	175
0	215
0	0
0	0
0	0
0	0
0	1
0	1
0	0
0	0
0	0
0	0
0	0
0	0
0	0
0	0
0	0
0	0
0	0
0	0
3	4
0	10
0	34
0	0
0	0
0	0
0	0
0	0
0	0
0	0
0	0
0	0
0	0
0	0
0	0
0	0
0	0
0	0
0	0
0	0
0	0
0	0
0	0
0	0
0	0
0	0
0	0
0	0
0	33
0	28
0	0
0	0
0	0
0	0
0	10
0	46
0	56
0	56
0	56
0	56
0	56
0	56
0	13
0	69
0	31
1	26
0	35
0	21
0	0
0	0
0	0
0	0
0	0
0	0
0	0
0	0
0	0
0	0
0	0
0	0
0	0
0	0
0	0
0	0
0	0
0	0
0	0
0	0
0	481
0	0
0	0
0	0
0	0
0	0
0	0
0	0
0	0
0	0
0	0
0	1
0	0
0	0
0	109
0	111
1	157
2	146
3	2257
0	1903
0	2284
9	1041
0	444
0	430
0	305
1	273
36	0
0	0
0	0
0	282
4	77
0	597
0	15
0	386
0	305
0	7
0	54
0	27
0	600
0	545
0	586
3	88
1	20
1	233
0	52
0	56
0	56
0	51
0	583
0	0
0	0
0	141
0	141
0	130
0	12
0	0
3	15425
0	15266
0	13415
2	8595
0	12903
83	6266
0	12250
0	10912
0	4054
0	0
0	0
0	0
0	0
0	0
0	0
0	0
0	0
0	0
0	0
0	132
0	31
0	49
0	88
0	32
0	0
0	0
2	2252
0	206
0	1740
0	668
0	1853
0	319
1	386
0	290
0	306
0	22
2	925
0	0
0	83
0	0
0	0
0	136
0	168
0	125
0	131
0	90
0	84
0	84
0	85
0	89
0	84
0	58
0	15
0	19
0	9
0	6
0	0
0	0
0	167
0	2
0	4
0	29
8	57
0	59
0	4
0	4
0	1
0	2
0	0
0	0
0	0
0	0
0	0
0	0
0	0
0	0
0	0
0	0
10	21
328	119
0	31
0	306
0	808
0	800
0	221
0	117
0	76
0	28
0	78
0	127
0	123
0	57
0	0
0	58
0	0
0	58
0	0
0	0
0	0
0	0
0	106
0	102
0	101
6	142
0	2
0	146
0	159
0	160
0	82
0	1111
0	381
0	1279
0	115
0	54
0	125
0	193
0	165
1	222
6	33
0	78
0	269
0	63
0	0
0	0
0	0
0	0
0	0
0	0
0	0
0	0
0	1
0	2
0	1
1	0
0	0
0	115
0	137
0	1012
0	1034
0	61
0	0
0	0
0	0
0	1
0	0
0	0
0	0
0	0
0	16
0	17
0	17
0	504
0	73
0	504
0	0
0	0
0	503
0	172
0	165
0	74
0	116
0	2
0	0
0	0
0	0
0	0
0	0
0	12
0	149
0	93
0	401
0	661
0	812
0	63
1	161
0	382
0	0
0	1027
0	2044
0	709
0	1848
0	1914
0	301
0	244
0	413
0	302
0	1177
0	1231
38	1
0	1
0	216
0	368
0	176
0	111
0	480
2	158
1	47
0	135
0	122
0	0
0	0
0	307
0	189
0	353
0	368
0	363
0	966
0	1021
0	991
0	994
0	982
0	78
0	394
3	40
0	470
0	401
0	14
0	42
0	24
0	144
0	70
0	65
0	81
0	482
0	434
1	85
0	107
0	145
0	222
0	52
0	224
0	148
0	111
0	20
0	248
2	103
0	148
0	120
0	64
0	52
0	36
0	18
0	0
0	8
0	34
0	34
0	33
0	34
0	7
0	3
0	20
0	4
0	0
0	3
0	0
0	3
0	3
0	36
0	6
0	49
0	60
3	0
0	9
0	2
0	1
0	0
0	2380
0	212
0	1404
0	1545
0	1230
0	364
0	730
0	601
4	396
0	151
3	238
0	13
0	22
0	21
0	55
0	57
0	64
2	64
0	0
0	0
0	0
0	0
0	0
0	0
0	0
0	0
0	0
0	0
0	0
0	0
0	2
0	9
0	0
0	9
0	62
0	3
0	58
0	28
0	10
0	49
0	15
0	18
0	42
0	12
0	10
0	503
0	503
0	22
0	4
0	0
0	0
2	0
0	9
0	9
0	9
0	8
0	2
0	0
0	0
0	0
17	509
0	0
0	988
0	988
12	71
9	81
0	0
0	108
0	46
0	13
0	10
0	87
0	111
0	26
0	39
0	12
2	12
0	4
1	70
12	7
0	31
11	88
1	5
0	7
0	87
0	83
0	79
9	91
0	4
0	49
0	6
0	0
0	263
0	842
0	838
0	841
0	459
0	54
0	0
0	775
0	775
8	387
0	1
0	2
0	16
0	16
0	0
3	12
0	16
0	5
0	4
0	0
1	260
0	688
0	688
0	474
0	542
0	100
0	78
0	50
0	21
0	6
3	305
0	430
3	154
0	6
0	6
1	13
0	7
0	342
5	301
5	44
0	177
15	132
0	0
0	0
0	0
0	0
0	0
0	0
0	0
0	0
0	0
0	0
0	0
0	0
0	0
0	0
0	0
0	0
0	0
0	0
0	0
0	0
0	0
0	0
0	485
2	428
1	36
0	19
0	19
8	24
0	18
9	49
1	26
0	26
0	356
8	50
11	423
1	34
1	32
0	354
0	64
3	99
3	19
0	44
1	22
6	695
25	145
21	753
0	661
63	699
1	569
1	315
0	690
2	663
0	712
0	676
0	173
0	279
0	288
0	231
0	289
0	250
0	192
0	138
8	201
0	118
10	55
0	49
0	42
1	704
0	313
0	945
11	7
0	11
0	11
0	0
0	0
0	0
0	0
0	0
0	0
0	0
0	2
0	2
0	0
0	0
1	0
0	2
0	2
0	0
0	2
0	0
0	1
2	743
0	57
0	126
0	41
0	23
0	0
0	0
0	1
0	7
0	10
0	10
0	4
0	1
0	2
0	140
0	0
0	0
0	0
0	0
0	0
0	0
0	0
0	0
0	0
0	0
0	0
0	0
0	0
0	0
0	0
0	0
0	0
0	1341
15	1149
2	177
0	55
0	0
0	355
0	16
0	296
0	270
6	85
0	284
0	51
0	112
1	273
1	330
0	318
2	78
0	0
7	198
0	219
0	226
0	170
0	162
0	10
0	2
0	226
0	170
0	0
0	0
0	0
0	0
0	0
0	31
0	0
0	0
0	0
0	13
0	1
0	433
0	361
10	215
3	189
0	137
0	137
0	100
0	73
0	4
0	3
0	230
0	230
0	230
0	140
0	158
0	53
0	0
0	1
0	4
0	3
0	3
0	0
0	0
0	2
0	0
0	0
0	79
0	104
0	111
0	96
0	35
0	96
1	35
0	107
0	92
0	12
0	43
0	13
0	51
0	34
0	108
0	101
0	0
0	0
0	1544
0	868
0	316
1	826
0	778
0	283
0	0
0	1523
0	1296
0	891
0	1594
0	78
1	134
0	225
0	0
0	0
0	0
0	8
0	11
0	11
0	4
0	0
0	2
0	11
0	0
0	0
0	1041
2	636
0	1041
0	41
0	145
0	479
0	575
0	543
0	156
0	61
1	15
3	6
0	100
0	79
0	92
0	100
0	60
0	40
0	23
0	29
0	106
0	87
0	49
0	78
0	78
2	90
0	30
0	46
0	36
0	8
0	6
0	0
0	0
0	0
0	0
0	0
0	0
0	0
0	197
0	395
0	419
0	438
0	197
0	368
2	179
0	134
0	2
0	451
0	472
0	0
0	1340
0	1358
7	1294
0	1326
304	937
0	230
55	154
0	0
0	0
0	0
0	0
0	0
0	0
0	0
0	0
0	0
0	0
0	0
0	0
0	0
0	0
0	0
0	0
0	0
0	0
0	0
0	0
0	0
0	0
0	0
0	0
0	3
0	3
0	1
0	9
0	0
0	0
0	0
0	0
0	0
0	0
0	0
0	0
0	0
0	0
0	0
0	0
0	2
0	2
0	2
0	3
0	3
0	9
0	0
0	0
0	1
0	4
0	0
0	0
0	0
0	0
0	80
0	92
0	887
0	787
0	593
0	175
10	60
2	52
4	40
0	130
1	274
1	99
0	18
0	25
0	6
1	802
0	781
0	919
0	265
0	60
0	0
0	0
0	0
0	0
0	0
0	153
0	157
0	142
0	29
0	130
0	128
2	13
0	50
0	0
0	0
0	0
0	0
0	0
0	0
0	0
0	0
0	0
0	0
0	0
0	1
0	0
0	0
0	0
0	0
0	0
0	0
0	0
0	0
0	0
0	0
0	0
0	0
0	0
0	0
0	0
0	709
0	2048
0	1918
0	810
1	681
0	911
0	198
0	990
0	1238
0	0
0	0
0	0
0	0
0	0
0	0
0	0
0	0
0	0
0	0
0	0
0	0
0	721
0	634
0	572
4	1876
3	1856
0	1411
0	0
0	0
0	0
0	0
0	0
0	0
0	0
0	0
0	0
0	0
0	0
0	0
0	0
0	0
0	0
0	0
0	0
0	1
0	2
0	2
0	1
0	1
0	1
0	2
1	331
0	926
1	868
0	627
11	552
0	382
3	320
0	323
7	90
0	0
0	349
0	33
0	0
0	0
0	180
0	113
0	64
0	233
0	741
0	495
0	727
0	521
0	530
0	91
0	55
0	142
0	134
0	201
0	165
0	155
4	85
1	152
0	96
0	44
0	23
0	482
0	496
0	4
0	5
0	523
16	464
0	0
0	0
0	46
0	48
0	232
0	221
0	72
0	229
0	62
0	24
0	21
0	29
0	223
0	20
2	203
0	222
0	224
0	0
0	0
0	0
0	0
0	0
0	0
0	584
0	647
0	166
9	641
0	0
0	0
0	5
0	69
0	399
0	314
4	3
0	31
0	104
0	106
2	99
0	0
0	0
0	0
0	3
0	0
0	0
0	0
0	2
0	580
0	7
0	6
0	328
5	4
0	0
0	33
0	0
0	0
0	0
0	0
0	0
0	0
0	18
0	31
0	31
0	0
0	0
0	0
0	0
0	0
0	0
0	294
43	191
0	44
0	31
0	0
0	0
0	0
0	0
0	0
0	0
0	0
0	0
0	8
0	2187
0	6376
0	6366
0	4238
0	2225
0	2182
0	4149
0	5563
0	3336
0	2217
0	5532
0	5475
0	5444
0	6420
0	4071
0	0
0	0
0	0
0	1187
3	948
4	1196
0	1436
1	706
5	413
4	176
3	301
17	398
0	542
51	10
0	2
0	2
0	2
0	2
0	2
0	2
0	2
0	2
0	2
0	2
0	2
0	0
0	0
0	2
0	6439
0	0
0	0
0	0
0	0
0	0
0	0
0	1
0	1
0	13
0	13
0	13
0	9
0	9
0	0
0	0
0	0
0	0
0	0
0	0
0	0
0	0
0	0
0	0
0	0
0	0
0	0
0	0
0	0
0	0
0	0
0	0
0	0
0	0
0	3
0	2
0	1879
4	1786
21	1707
18	104
56	174
0	68
0	121
0	3
0	3
0	3
0	9
0	1
0	0
0	0
0	0
0	0
0	0
0	0
0	2
0	1
0	2
0	0
0	0
0	0
0	0
0	0
0	9
0	0
0	0
0	0
0	0
0	0
0	0
0	0
0	0
0	435
0	1
0	8
0	11
0	11
0	4
0	1
0	1
0	1247
0	1292
0	1
0	1
0	0
0	1
0	0
0	0
0	1
0	0
0	645
0	0
0	0
0	1
0	0
0	0
0	0
0	0
0	4
0	0
0	0
0	0
0	0
0	0
0	0
0	0
0	0
0	0
0	0
0	0
0	0
0	0
0	0
0	0
0	0
0	0
0	1
0	1
0	0
0	10
0	597
0	561
0	721
0	625
0	167
0	411
0	232
0	229
0	153
0	118
0	142
0	104
0	100
0	0
0	0
0	0
0	0
0	0
0	0
0	0
0	0
0	0
0	0
0	1
0	0
0	0
0	0
0	274
0	176
0	59
0	1893
0	360
0	305
0	201
0	4
0	27
0	17
0	24
0	11
0	51
0	29
0	29
0	40
0	32
0	61
0	2
0	5
0	0
0	0
0	0
0	10
0	10
0	10
0	10
0	10
0	0
0	10
0	1
0	0
0	0
0	2
0	0
0	0
0	0
0	0
0	0
0	0
0	0
0	0
0	0
0	0
1	228
0	659
0	653
0	398
0	192
1	436
0	626
1	170
0	626
0	626
0	387
1	189
2	1906
26	64
0	1896
151	1908
0	1443
0	1916
0	1891
0	95
0	1657
0	1422
0	56
0	1869
0	112
0	1873
0	317
0	42
0	311
0	191
4	184
5	93
0	0
0	0
0	0
0	1
0	0
0	1
0	1
0	1
0	0
0	0
0	0
0	0
0	0
0	0
0	0
0	0
0	0
0	0
0	0
0	0
0	0
0	0
0	0
0	0
0	1
0	140
0	781
0	141
0	377
0	0
0	0
0	0
0	0
0	0
0	0
0	0
0	0
0	6440
0	4227
0	2187
5	4457
0	5472
0	5560
0	6394
23	3439
0	5499
0	6385
0	2176
0	5477
13	141686
0	124426
0	4
0	4
0	0
0	2
0	4
0	0
0	0
0	0
0	0
0	1094
0	1097
0	1074
0	541
2	87
1	42
1	153
0	653
0	1088
0	523
0	189
0	64
0	370
0	1086
0	654
0	1871
0	1992
0	1970
0	1317
0	213
0	317
0	0
0	0
0	0
0	129
0	562
0	1142
0	245
0	4
0	3
0	7
1	4
0	2
0	5
0	22
0	3
0	3
0	3
0	1
0	3
0	0
0	0
0	0
0	0
0	0
0	0
0	0
1	0
0	0
0	0
0	0
0	318
0	11
0	11
0	0
0	11
0	11
0	11
0	11
0	0
0	0
0	1
0	8
0	11
0	11
0	4
0	2
0	2
12	120
0	34
0	2
0	2
0	442
0	448
0	435
0	9
0	24
0	120
4	25
13	163
1	370
0	36
2	15
0	14
0	13
0	67
0	442
0	120
0	0
0	259
0	219
0	440
0	197
0	403
7	149
0	47
0	0
0	0
0	0
0	24
0	6
0	243
0	317
0	299
2	317
1	37
0	5
0	90
0	84
0	0
0	0
0	0
0	0
0	0
0	0
0	0
0	0
0	0
0	0
0	0
0	0
0	0
0	0
0	0
0	0
0	0
0	0
0	1232
0	1209
0	1098
0	1159
0	1300
10	5644
24	4126
0	3140
0	29
0	190
0	28
0	28
0	43
0	0
0	0
0	0
0	0
0	3
0	0
0	1
1	3162
0	45
3	93
5	253
4	251
0	1
0	21
0	27
0	80
0	94
0	45
0	0
0	0
0	0
0	0
0	0
0	0
0	0
0	0
0	0
0	0
0	0
0	1
0	1
0	1
0	1
0	1
0	1
0	0
0	0
1	42
0	148
2	52
0	62
0	7
0	6
0	294
3	245
2	267
0	257
0	9
3	0
11	86
0	8
0	57
1	26
0	40
0	41
0	40
0	60
0	12
0	0
0	21
0	8
0	13
0	26
4	58
0	80
0	46
0	18
0	14
48	20
0	39
0	87
0	76
0	92
0	0
0	0
0	0
0	0
0	0
0	745
0	208
0	218
0	288
0	341
0	50
4	350
3	149
0	13
0	1
0	1
0	1
0	0
0	1
0	3
0	0
0	0
0	0
0	328
0	327
0	483
0	506
0	165
0	180
0	78
0	22
0	23
0	22
1	2338
0	1048
0	1136
0	959
0	1726
0	851
0	1001
0	796
0	22
0	1207
0	1647
0	18
0	1291
0	2042
0	25
0	31
0	25
0	1
0	1
0	0
0	0
0	0
0	0
0	0
0	0
0	0
0	260
0	52
0	328
0	282
0	228
1	178
0	318
0	324
0	0
0	0
0	0
0	0
0	0
0	0
0	0
0	2
0	8
0	8
0	4
0	3
0	3
0	47
0	0
0	0
0	6
0	5
0	8
0	5
0	1
0	11
0	11
0	8
0	3
0	2
0	40
0	28
0	27
0	8
1	2213
0	88
29	43
0	143
0	57
0	212
0	154
0	900
0	9
1	72
0	8
0	59
0	71
0	71
0	71
0	71
1	46
0	70
0	0
0	0
0	0
0	0
0	1
0	0
0	1
0	0
0	0
0	0
0	26
0	28
0	0
0	0
0	5
0	8
0	5
0	0
0	0
0	0
0	0
0	0
0	0
0	0
0	0
0	0
0	225
0	11
0	21
0	124
0	2
0	105
0	109
0	21
0	225
0	133
0	10
0	17
0	9
2	18
0	109
0	2
0	1
0	2
0	177
0	173
0	59
0	18
0	30
0	39
0	38
0	35
0	30
0	185
0	203
0	0
0	0
0	4
0	0
0	6
0	5
0	0
0	0
0	0
0	556
0	235
0	583
0	268
6	155
0	237
0	457
0	484
3	37
0	12
0	74
0	220
0	410
0	0
0	0
0	0
0	0
0	0
0	0
0	0
0	0
0	0
0	0
0	0
0	0
0	0
0	0
0	0
0	1
0	1
0	1
0	1
0	1
0	1
0	1
0	1
0	0
0	2
0	2
0	2
0	3
0	3
0	3
0	2
0	1
0	0
0	0
0	0
1	0
0	221
2	197
0	95
2	9
1	6
0	79
0	80
0	54
0	31
0	10
0	27
0	5
0	197
0	218
0	203
0	188
0	42
0	260
0	112
0	33
0	196
0	82
0	79
0	124
0	222
0	342
0	314
0	239
0	141624
0	104044
0	403
0	77
0	74
0	81
0	56
0	481
0	1322
0	1609
3	1329
0	11
0	10
0	10
0	10
0	11
0	0
0	11
0	9
0	11
0	11
0	11
0	1
0	0
0	9
0	10
0	0
0	0
0	611
0	583
1	564
1	553
0	699
1	0
0	17
0	24
0	18
0	9
0	0
0	0
0	0
0	0
0	0
0	0
0	0
0	0
0	0
0	219
0	298
0	191
0	290
0	243
0	233
0	264
0	75
0	181
0	267
0	445
0	0
0	0
0	0
0	0
0	0
0	0
0	0
0	0
0	0
0	0
0	0
0	0
0	0
0	0
0	5
0	2
0	4
0	3
0	0
0	0
0	1
0	0
0	0
0	2
0	0
0	0
0	0
0	0
0	0
0	28
9	29
1	28
0	29
0	36
0	9
0	21
0	27
0	27
0	24
0	7
0	7
0	0
0	0
0	23
0	0
0	0
0	0
0	0
0	0
0	1738
0	440
14	94
0	126
0	279
0	1
0	1
0	1
0	1
0	0
0	1
0	1
0	1
0	1
0	1
0	0
0	0
0	0
0	0
0	0
0	0
0	0
0	12
0	18
0	16
0	4
1	1012
2	229
1	832
0	688
0	932
0	1
0	1
0	1
0	1
0	1
0	0
0	1
0	0
0	9
0	8
0	0
0	1
0	1
0	2
0	10
0	0
0	0
0	0
0	0
0	0
0	0
0	0
0	263
0	75
0	243
0	233
0	266
0	298
0	290
0	191
0	445
0	271
0	1
0	1
0	1
0	0
0	0
0	0
0	0
0	0
0	0
0	0
0	0
0	0
0	0
0	0
0	0
0	0
0	0
0	0
0	0
3	6
0	6
0	953
0	953
4	247
0	947
0	433
0	480
1	431
0	455
0	411
0	412
0	260
0	258
0	262
0	157
0	12
0	27
0	151
2	11
0	17
3	78
2	18
0	54
1	17
0	26
0	31
1	0
0	10
0	10
0	262
0	4
0	4
1	7659
0	7643
2	579
0	287
10	412
18	728
4	347
0	44
0	2575
11	153
2	363
3	350
6	137
0	146
0	0
0	0
0	0
0	0
0	0
0	0
0	0
0	0
0	0
0	0
0	0
0	0
0	0
0	0
0	0
0	0
0	0
0	0
0	1
0	1
0	1
0	1
0	0
0	0
1	294
0	345
0	326
1	288
0	307
0	306
0	347
0	360
0	360
0	0
3	1
0	1
0	4
0	19
2	4
0	0
0	0
0	472
0	444
0	77
0	418
0	384
0	445
0	3
0	90
0	168
0	0
0	0
0	0
0	2
0	0
0	0
0	0
0	0
0	0
0	0
0	0
0	89
1	45
0	505
0	132
0	500
0	42
0	521
0	42
0	494
0	83
0	497
0	0
0	366
0	152
0	149
0	117
0	123
0	134
0	109
0	127
0	87
0	0
0	6
0	8
0	16
0	205
0	1
0	1632
0	1740
0	1646
0	1634
0	1351
0	1635
0	1634
4	343
3	312
0	4671
0	5755
0	273
0	2909
0	1292
0	673
1	656
0	598
0	1175
2	9
5	1058
2	579
0	0
0	0
0	0
0	191
0	11
0	185
0	183
0	149
0	66
0	23
0	28
0	22
0	171
0	159
2	480
1	756
3	944
16	376
0	502
0	19
0	19
0	0
0	0
0	0
0	91
0	57
0	0
0	0
0	0
0	86
0	132
0	227
0	232
0	241
0	40
0	29
0	74
0	74
0	120
0	76
2	14
0	19
0	223
2	0
0	505
0	1
0	177
0	0
0	216
0	12
0	225
0	0
0	0
3	46
0	14
0	9
0	48
0	3
0	2
0	42
0	17
0	11
0	7
1	6
1	6
1	4
0	0
0	0
0	0
0	0
0	24
0	71
0	0
0	0
0	0
0	516
0	579
0	166
1	2
0	0
0	0
0	17
0	13
0	18
0	9
0	16
0	11
0	2
0	5
0	2
0	0
0	3
0	1
0	3
0	2
0	7
0	4
0	3
0	12
0	4
0	23
0	7
0	7
0	39
0	118
0	91
0	19
0	40
2	32
0	11
0	1
0	20
0	36
0	20
0	36
2	0
0	1
0	1
3	5
0	2
0	34
0	1
0	23
0	1
0	0
0	1
0	1
0	3
0	1
0	11
0	6
0	6
0	12
0	6
0	8
0	242
0	304
0	399
0	324
0	244
0	402
0	435
0	221
0	219
0	158
0	0
0	0
0	681
0	773
0	727
0	683
0	682
0	696
0	1178
0	1177
0	1147
0	160
1	1
0	0
0	1
0	0
0	0
0	0
0	0
0	0
0	0
0	0
0	0
0	0
0	0
0	0
0	0
0	0
0	0
0	0
0	0
0	0
0	4
0	4
0	0
0	0
0	0
0	0
0	0
0	0
0	0
0	0
0	802
0	771
0	170
0	103
29	144
0	0
0	87
7	8
0	80
0	0
0	0
0	0
0	0
0	0
2	0
0	1767
2	224
0	95
0	10
0	230
0	1162
0	156
0	127
0	556
0	457
0	583
0	484
0	0
0	0
0	0
0	0
0	0
0	0
0	2
0	1
0	1
0	1
0	1
0	1
0	1
0	0
0	0
0	0
0	0
0	0
0	0
0	0
0	0
0	0
0	0
0	0
0	0
0	5
0	5
0	4
0	3
1	2
0	2
0	0
0	0
0	0
0	0
0	51
0	42
0	10
0	35
0	0
0	0
0	0
0	1
0	0
0	0
0	0
0	0
0	0
0	0
0	0
1	0
0	0
0	0
0	0
0	0
0	0
0	13
0	774
0	727
0	804
0	774
0	172
0	11
0	6
0	6
0	12
0	6
0	8
0	0
0	0
0	0
0	0
0	0
0	0
0	0
0	0
0	0
0	0
0	0
0	0
0	0
0	0
0	12
0	9
0	0
0	0
0	0
0	532
1	505
0	511
0	192
0	459
0	358
0	34
0	23
1	11
1	0
1	20
0	276
5	84
0	84
0	33
0	44
0	37
1	17
0	41
2	34
0	5
0	3
0	0
0	1
0	3
0	1
3	540
0	557
0	367
0	314
0	260
0	255
0	224
0	548
0	17
0	18
0	15
0	13
0	1
0	9
0	2
0	3
0	11
0	7
0	4
0	12
0	81
0	78
0	30
0	26
0	9
0	12
0	10
0	3
0	14
0	14
0	11
0	13
0	10
0	11
0	11
0	10
0	9
0	9
0	1
0	0
0	23
0	26
0	1058
0	1061
0	1038
0	506
0	87
0	618
0	1052
0	522
0	187
0	335
0	149
0	291
0	47
0	1
0	24
0	0
0	1
0	4
0	0
0	1
0	25
0	0
0	9
0	3
0	21
0	1
0	11
0	21
0	6
0	24
0	21
0	25
0	25
0	1
0	1
0	239
0	0
0	31
0	748
0	35
0	729
0	739
0	27
0	580
0	133
0	756
0	721
0	180
0	162
0	766
0	549
0	550
1	131
0	125
0	173
0	701
0	764
0	300
0	284
1	130
0	115
0	95
0	39
8	50
0	37
0	39
0	17
0	17
0	35
0	6
0	2
0	7
1	1
0	1
0	16
0	37
0	37
0	34
0	0
0	0
0	511
0	503
0	186
0	451
0	352
0	34
0	279
0	15
0	84
0	33
0	42
0	36
0	41
0	230
0	324
0	290
0	302
0	292
0	167
0	21
0	0
0	0
0	0
0	0
0	13
0	13
0	0
0	0
0	0
0	0
0	0
0	1
0	1
0	1
0	0
0	0
0	1
0	1
0	1
0	1
0	0
0	0
0	0
0	0
1	0
0	178
0	0
0	0
0	0
0	0
0	143
0	144
0	57
0	235
0	42
0	49
0	3
0	657
1	5
0	0
0	1
0	2
0	1
0	1
0	0
0	0
0	0
0	0
0	0
0	0
0	0
0	0
0	0
0	827
121	1807
0	2445
0	2791
0	2342
1	2751
5	2563
1	2088
0	2197
0	2261
0	1360
0	1731
0	1613
0	1688
0	1646
0	1413
0	1318
0	1348
0	823
0	605
5	381
0	440
29	160
38	168
0	185
4	158
0	133
0	97
12	97
0	100
1	85
1	78
0	77
0	64
0	61
0	40
0	25
0	32
0	39
0	28
0	22
0	23
0	22
0	2217
0	2658
0	2566
0	2800
0	259
0	257
0	263
0	157
0	153
0	31
0	11
0	263
0	11
0	5
0	1
0	0
0	311
0	22
0	208
3	76
0	138
0	12
0	73
0	724
0	710
0	718
0	681
0	398
0	390
0	494
0	141
0	3
0	131
1	93
1	88
0	120
1	69
0	123
0	122
4	20
0	9
0	262
0	67
0	242
0	232
0	265
0	287
0	279
0	180
0	434
20	659
0	49
2	0
0	573
0	159
0	24
0	7
0	18
0	1
0	3
0	0
0	0
0	0
0	0
0	40
0	0
0	0
0	0
0	0
0	0
0	0
0	0
0	331
0	63
0	403
0	0
0	0
0	1737
0	124
0	277
0	9
0	21
0	27
0	27
0	24
0	7
0	7
0	3
0	3
0	3
0	4
0	0
0	0
0	2
0	0
0	0
0	165
0	175
0	5
0	92
0	78
0	180
0	175
0	87
0	42
0	113
0	177
0	114
0	166
0	36
0	14
0	0
0	582
0	0
0	0
0	0
0	0
0	0
0	0
0	0
0	551
0	415
0	396
0	25
0	31
0	5
0	5
0	5
0	5
0	170
0	186
0	446
0	531
0	265
0	93
0	1602
0	170
0	1543
0	1542
0	1417
0	78
0	217
0	749
0	636
0	34
0	66
0	63
0	21
0	191
0	1530
0	0
0	4764
8	860
33	476
16	296
1	6
8	184
0	127
0	109
0	213
0	0
0	0
0	83
10	3
0	0
0	0
0	0
0	1122
0	1096
0	1110
0	288
0	1086
0	249
0	223
0	1042
0	1077
0	105
0	211
0	74
0	106
0	93
0	60
13	0
0	7
0	0
0	4652
0	267
0	5699
0	2890
0	0
0	0
0	0
0	0
0	18
5	913
0	968
0	896
9	877
0	234
0	125
0	136
3	86
5	65
0	105
0	25
0	53
0	906
0	1231
0	230
0	1655
0	1128
1	1390
159	1619
8	1155
12	1662
2	1664
16	1122
0	1238
0	1517
0	1594
0	78
0	225
0	11
0	4
0	0
0	0
0	733
0	411
0	636
0	608
0	160
0	229
0	44
0	159
0	104
0	141
0	204
0	584
0	199
0	441
0	404
0	0
0	2246
0	503
0	529
0	349
0	399
0	397
0	164
9	67
0	354
0	317
0	262
0	174
3	148
1	116
0	206
0	745
0	155
0	821
0	812
0	744
0	238
0	206
0	181
0	30
0	26
0	69
0	820
0	0
0	453
0	409
0	416
0	841
0	762
0	1368
0	1286
0	1237
0	1055
0	1096
0	149
0	331
0	209
0	209
0	281
0	220
0	435
0	174
0	476
2	194
0	263
0	177
0	143
0	144
0	57
0	233
0	42
0	4
0	4
0	3
0	4
0	3
0	3
0	2
0	2
0	1
0	1
0	2
0	1
0	0
0	0
0	0
0	0
0	0
0	0
0	0
0	57
0	57
0	32
0	37
0	118
0	79
0	84
0	23
0	0
0	0
0	417
0	416
0	459
0	0
0	0
0	43
0	279
0	280
0	31
0	78
0	269
0	255
0	65
0	66
0	27
0	257
0	59
0	80
0	67
3	34
0	0
0	0
0	0
0	0
0	0
0	0
0	0
0	0
0	0
0	0
0	0
0	0
0	0
0	500
0	494
0	83
0	505
0	132
0	89
0	521
0	497
0	2
0	529
0	536
0	449
0	518
0	352
0	356
0	527
0	81
0	6
1	1
0	0
0	22
0	95
0	151
0	410
0	119
0	125
0	136
0	111
0	129
0	156
0	8
0	6
0	411
0	422
0	415
0	405
0	397
0	0
0	0
0	1
0	1
0	1
0	1
0	208
0	218
0	173
2	2288
0	0
0	0
0	0
0	0
0	69
0	169
0	20
0	40
0	57
0	65
0	64
0	27
3	29
0	39
0	23
0	25
3	24
0	1558
1	117
0	283
1	215
0	91
1	48
0	103
0	220
0	73
6	154
0	378
0	165
0	173
0	0
0	0
0	0
0	0
0	0
0	0
0	0
0	0
0	0
0	0
0	483
0	203
0	209
0	174
0	435
0	281
0	178
0	504
0	131
0	499
0	520
0	493
0	82
0	496
0	165
0	58
0	355
0	176
0	16
0	70
4	70
0	164
0	290
1	115
0	117
0	327
0	126
0	16
0	233
3	606
0	229
17	448
0	182
0	108
0	75
1	326
0	114
0	67
0	69
0	1514
0	1296
0	891
0	1596
0	225
1	16067
2	12043
0	15167
0	5135
0	4965
3	5721
2	3106
0	2857
0	3765
0	2491
1	86
1	0
0	1
0	16
0	16
0	37
0	3
0	17
0	299
0	322
0	125
0	132
0	421
0	4079
0	4071
0	4226
0	246
0	793
0	447
0	692
0	2366
0	302
0	402
0	476
1	513
0	344
0	1831
5	224
0	906
0	1010
0	917
4	1011
0	1039
0	970
0	1102
0	740
0	724
0	715
0	684
0	400
0	556
0	489
0	4111
0	3355
0	1071
0	1056
0	590
0	106
0	76
0	46
0	60
0	51
0	23
0	23
0	5
0	5
0	5
0	1767
0	1162
0	156
0	127
0	0
0	0
0	0
0	0
0	0
0	0
0	0
0	0
0	0
0	0
0	0
0	0
0	0
0	0
0	0
0	0
0	0
0	0
0	0
0	398
0	398
0	336
0	336
29	238
0	235
0	221
0	241
0	54
0	892
0	1026
0	999
0	1029
4	1006
0	621
0	641
1	885
12	599
0	825
0	2
0	1038
0	1069
0	737
22	84
0	30
0	300
0	869
0	99
0	0
0	13
0	78
1	6
0	237
0	233
0	27
0	102
20	28
1	133
2	27
0	172
0	1
0	483
4	500
41	518
0	993
0	1125
0	1103
0	1099
0	1121
0	174
7	92
0	62
0	143
0	15
0	451
0	359
2	82
0	51
11	9
0	0
0	0
0	0
0	0
0	0
0	0
0	0
0	0
0	37
0	35
0	37
0	35
0	35
0	32
0	0
0	841
0	764
0	0
0	0
0	0
0	939
0	128
0	243
0	12
0	28
0	15
0	629
11	613
0	550
3	251
0	127
0	37
0	24
0	24
0	65
0	0
0	0
0	0
0	0
0	0
0	0
0	0
90	94
36	93
0	63
0	0
0	233
9	209
0	224
0	165
0	75
3	18
0	39
0	28
0	5
0	0
0	0
0	1
0	4
0	1
0	2
0	1
0	1
0	1
0	2230
5	1026
0	444
0	1729
1	433
0	118
3	722
32	529
0	494
0	189
0	785
0	518
0	527
0	372
0	376
0	346
0	321
0	246
0	105
0	175
0	2255
0	33077
0	29935
0	29936
0	29975
0	0
0	0
0	0
0	0
0	0
0	0
0	1532
0	337
0	1506
0	15
0	1407
0	717
0	2205
1	2135
0	1999
0	2000
0	1999
0	1
0	1
0	0
0	0
0	0
0	0
0	0
0	0
0	0
0	141728
0	104148
0	651
0	572
0	549
0	429
0	579
0	381
0	304
12	637
0	335
0	183
0	651
0	0
0	0
0	0
0	0
0	0
0	309
0	33
0	31
0	17
0	9431
0	0
0	0
0	0
0	0
0	2
0	0
0	0
0	0
0	0
0	0
0	0
0	0
0	7
0	8
0	812
0	1700
0	695
0	1512
0	1641
0	1640
0	204
0	34
0	81
0	67
0	34
0	217
0	170
0	1683
0	7
0	8
0	0
0	2
0	1
0	2
0	1
0	1
0	1097
0	366
0	1265
0	58
0	125
0	254
0	63
0	10
0	1
0	13
0	85
0	102
0	81
0	595
0	0
0	0
0	0
0	0
0	0
0	0
0	0
0	4604
0	798
0	554
0	450
0	273
0	312
0	4047
0	4246
0	658
0	1299
0	141
0	0
0	0
0	0
0	0
0	0
0	0
0	0
0	0
0	0
0	0
0	2
0	52
0	16
0	66
1	0
0	22
0	30
4	11
3	2
0	2342
0	2464
0	2425
0	355
0	106
0	1
0	0
0	0
0	1
0	0
0	4759
0	1
0	1
0	0
0	0
0	416
0	416
0	459
0	470
0	271
0	58
0	58
0	32
0	37
0	119
0	79
0	84
0	1
0	1
0	1
0	1
0	1
0	826
0	504
0	588
0	210
0	447
0	182
0	107
0	75
0	326
0	114
0	67
0	1
0	1
0	0
0	1
0	176
0	210
0	440
0	449
0	444
0	129
0	266
0	228
0	188
0	165
1	133
8	117
0	83
0	45
1	63
5	50
0	1117
0	57
0	390
0	478
0	681
0	719
0	710
0	718
0	14
0	287
1	84
0	48
0	451
0	384
0	180
0	211
0	101
0	111
0	3
0	4
0	0
0	1
0	1
0	2
0	2
0	2
0	4
0	5
0	3
0	4
0	0
0	0
0	0
0	0
0	0
0	0
0	0
0	0
0	18
0	0
0	0
0	393
0	44
0	31
0	29
0	1
0	1
0	1
0	1
0	1
0	0
0	0
0	159
0	4236
0	12160
0	20144
0	17631
0	17408
0	6614
1	3025
0	3195
0	5843
0	3754
0	20586
0	20614
0	85
0	97
0	98
0	50
0	30
0	1
0	3
0	2
0	3
0	3
0	0
0	0
0	0
0	0
0	32
0	34
0	32
0	12
0	26
0	8
0	0
0	24
0	17
0	10
0	15
0	11
0	7
0	0
0	183
0	183
0	230
0	68
0	156
0	290
0	349
0	1194
0	1490
0	784
0	492
0	646
0	1498
0	470
0	504
0	495
0	1492
0	0
0	1985
0	1942
0	1958
0	1984
0	1731
1	1122
0	579
0	889
0	915
0	701
3	420
0	556
0	321
0	492
10	208
0	355
0	304
5	36
0	181
0	148
1	143
0	1995
0	1943
0	1969
0	1
0	1
0	1
0	0
0	0
0	0
0	1
0	1
0	399
0	435
0	221
0	566
0	583
0	1793
0	173
0	62
0	9
0	0
0	310
0	0
0	92
0	1
0	36
0	0
0	0
0	0
0	20591
0	223
0	4197
0	20563
0	12168
0	20170
0	17586
0	17386
0	6582
0	3186
0	5869
0	3780
0	0
0	1419
0	719
0	305
18	842
0	761
3	142
0	9
0	13
0	37
0	206
0	196
0	190
0	1395
0	1482
0	1492
0	599
0	601
0	390
0	158
0	838
0	764
0	795
0	665
2	671
0	616
0	78
0	69
0	250
0	331
0	11
1	11
0	299
0	64
0	70
0	30
0	79
0	36
3	84
0	80
1	26
3	16
1	2
0	0
0	0
0	0
3	0
0	23
0	23
0	38
0	37
0	0
0	0
0	0
0	0
0	119
0	1583
0	198
0	24
0	72
0	0
0	839
0	1978
0	1591
0	1349
0	844
0	134
0	383
0	249
0	0
0	0
0	0
0	0
0	340
15	164
0	299
7	261
0	183
0	0
0	1
0	2
0	2
0	1
0	170
0	88
0	169
0	44
0	107
0	73
0	61
0	62
0	54
0	90
0	123
0	3
0	64
0	167
0	88
0	20
0	49
0	265
0	0
0	0
0	0
0	0
0	0
0	0
0	0
0	0
0	0
0	0
0	194
0	194
0	1
0	0
0	1
0	1
0	38
0	719
0	682
0	120
0	0
0	0
0	333
0	318
0	319
0	1741
0	440
0	669
0	175
0	376
0	18
0	116
0	415
0	155
6	149
0	1
0	737
0	578
0	557
0	372
0	66
0	103
0	80
0	155
0	52
0	56
0	208
1	113
0	17
1	72
1	25
0	324
0	826
2	843
0	830
0	830
2	114
1	826
0	398
0	283
0	664
0	177
0	709
0	599
2	113
0	389
2	2
0	1
0	0
0	1
0	1
0	1
0	1
0	0
0	1
0	1
0	1
0	0
0	0
0	31
1	2
0	1
0	1
2	0
1	3
0	29
1	19
0	9
0	16864
0	16370
0	14303
15	12051
0	13408
0	16571
64	5780
8	7194
1	38
0	78
0	295
0	55
0	43
0	309
0	334
4	24
0	57
0	293
6	36
2	300
0	56
41	155
4	53
1	84
0	9
0	10
0	5
0	4
0	7
0	7
0	2
0	1
0	6
0	6
0	2
0	4
0	3
0	0
0	0
0	0
0	0
0	0
0	9
0	9
0	4
0	3
0	3
0	3
0	2
0	0
0	1
0	0
0	0
0	0
0	2
0	0
0	0
0	0
0	0
0	0
0	0
0	696
0	918
0	935
0	924
0	248
0	116
0	102
0	93
0	75
0	0
0	110
0	87
0	24
0	32
0	26
0	48
0	65
0	90
0	2
0	1
0	1
0	0
0	1
0	0
0	0
0	0
0	15
0	35
0	3
0	12
0	9
0	8
0	0
0	0
0	0
0	2
0	106
0	5
0	5
0	1
0	2
0	6
1	1198
0	1019
0	0
0	0
0	0
0	80
0	92
0	0
0	0
0	2205
0	1999
0	1999
0	260
0	417
0	409
0	404
0	319
0	102
0	143
0	147
0	1
0	251
0	148
1	386
2	106
0	404
0	404
1	406
0	404
0	404
0	15
0	1
0	324
0	14
0	13
0	19
0	25
0	26
0	34
0	33
0	7
0	7
0	6
0	13
0	14
0	33
0	27
0	30
0	16
0	2
0	14
0	20
0	5
0	0
0	1542
0	866
0	0
0	281
0	0
0	3
0	3
0	0
0	3
0	4
0	86
0	132
0	227
0	232
0	241
0	40
0	29
0	74
0	19
0	223
0	216
0	755
0	165
0	830
0	522
0	821
0	753
0	252
0	216
0	473
0	191
0	40
0	83
0	135
0	829
0	1739
0	2186
0	2110
0	2174
0	1270
1	1629
5	472
2	68
0	282
0	159
0	105
0	94
3	57
0	744
0	20
0	189
0	44
0	82
0	86
0	94
7	32
0	42
0	0
0	35
0	27
0	29
0	23
0	4
0	7
0	1
3	7
0	13
0	16
0	9
0	9
0	7
0	8
0	5
0	3
0	13
0	0
0	0
0	144440
0	106860
0	16
0	16
0	45
0	3
0	5
2	0
0	85
0	45
0	164
2	959
0	129
0	744
0	114
0	681
1	767
0	229
0	3
0	3
0	2
0	0
0	2
0	2
0	1
0	1
0	2
0	0
0	1
0	1
0	7
228	7
0	3446
0	3215
0	961
1	359
0	1311
0	2457
0	505
0	0
0	13
0	32
0	34
0	199
7	0
0	13
0	8
0	30
0	14
0	18
0	11
0	11
0	12
0	203
2	3
0	11
0	7
9	200
0	113
0	8
0	198
0	10
0	9
0	50
0	208
3	8
0	52
0	0
0	208
5	639
0	291
0	233
0	146
0	128
0	292
0	218
0	0
0	0
0	0
0	0
0	0
0	0
0	0
0	140
0	435
0	820
0	648
2	265
0	128
0	218
1	233
0	93
0	177
0	91
0	0
0	0
0	0
0	0
0	0
0	0
0	296
0	265
0	104
0	182
0	18
0	12
0	11
0	0
0	0
0	0
0	0
0	0
0	0
0	0
0	0
0	0
0	750
17	295
1	235
0	325
13	360
1	119
3	120
0	157
0	147
0	142
0	120
0	20
1	18
0	195
0	447
0	472
0	442
0	80
0	168
0	4
0	4
0	1
0	1
0	0
0	0
0	0
0	0
0	0
0	0
0	0
0	0
0	0
0	0
0	0
0	0
0	0
0	0
0	0
0	1811
0	1738
0	1807
0	1344
0	1250
0	236
0	90
0	180
0	744
0	1561
1	126
0	240
8	226
0	197
2	240
0	229
0	239
1	208
3	214
0	203
0	235
0	141
0	13
0	33
21	33
0	0
0	0
0	2
0	2
0	2
0	2
0	2
0	2
0	2
0	2
0	2
0	2
0	2
0	2
0	0
0	0
0	0
0	2457
0	142581
0	27
0	27
0	24
0	5
0	5
0	5
0	5
0	562
2	324
0	541
0	373
6	186
0	1965
0	2072
0	1762
0	324
6	1074
0	1863
0	106
0	1964
0	1964
0	611
0	1274
0	1279
0	173
0	297
0	653
0	30
0	151
11	84
1	136
0	99
72	275
22	646
2	158
0	1
0	1
0	1
0	1
0	1
0	1
0	1
0	1
0	262
0	466
0	460
0	799
0	29
3	20
0	20
0	5
1	19
0	14
0	17
0	2
0	3
0	0
0	9
0	302
0	1852
0	1799
0	2047
0	253
0	178
0	198
0	0
0	0
0	0
0	0
0	0
0	1567
0	1547
3	125
7	341
1	663
0	1540
0	84
12	82
0	1095
0	1098
0	1075
0	542
0	64
0	1089
0	654
0	524
0	189
0	0
0	276
0	276
0	276
0	654
0	524
0	1089
0	1075
0	1095
0	1098
0	400
0	681
0	336
0	146
0	291
0	3
0	575
0	575
0	515
0	361
0	325
0	270
0	164
0	78
0	68
0	49
0	41
0	59
0	18
0	0
0	1876
0	1999
0	737
0	1421
0	629
0	279
0	403
0	2
0	1
0	7
0	6
0	7
0	2
0	1
0	7
0	1
0	1
0	1
17	440
5	1596
0	1797
0	986
0	706
0	1088
0	0
0	0
0	4238
0	2221
0	3355
0	6395
0	4150
0	5462
0	2178
0	5576
0	5488
0	5545
1	959
0	1
0	1
0	0
0	1
0	583
0	646
0	165
0	715
0	668
0	749
0	701
0	727
20	24
0	5
0	0
0	3
0	1
0	0
0	0
0	0
0	4
0	5
0	588
0	523
0	547
0	440
2	104
0	41
3	221
6	315
0	21
4	139
10	33
0	233
0	156
0	59
0	250
0	66
0	56
5	27
0	77
0	90
0	102
0	72
0	44
0	116
0	89
0	90
0	103
0	98
0	98
0	79
0	13
1	7
0	1
0	1
0	1
0	1
0	1
0	1
0	1
0	0
0	11
0	11
0	11
0	11
0	11
0	0
0	11
0	549
0	545
0	597
0	475
0	551
0	180
0	178
0	506
0	549
0	132
0	65
0	40
0	57
0	64
0	29
0	39
0	23
0	2546
0	356
0	754
0	613
32	190
0	68
0	0
0	0
0	0
0	0
0	0
0	0
0	698
0	920
0	937
0	926
0	249
0	116
0	102
0	94
0	76
0	141
0	0
0	0
0	0
0	0
0	0
0	0
0	0
0	0
0	38
0	15
0	6
0	4
0	38
0	38
0	0
0	0
0	0
0	0
0	63
0	12
0	45
0	2
0	34
0	27
6	45
0	13
0	215
0	66
0	40
0	121
0	5
0	5
0	1
0	2
0	6
0	349
0	265
0	20
0	3
0	219
0	211
0	74
0	109
0	134
0	81
1	73
0	9
0	153
0	79
0	25
0	182
0	669
0	686
0	623
0	95
0	144
0	91
0	125
0	88
0	217
0	67
0	67
0	10
0	678
0	17
0	14
0	16
0	1
0	8
0	12
0	52
0	145
0	93
0	0
0	0
0	0
0	0
0	0
0	0
0	0
0	0
0	0
0	0
0	0
0	0
0	0
0	0
0	240
0	529
0	358
0	905
0	4186
0	4178
0	4333
0	447
0	691
0	2365
0	301
0	400
0	474
0	1831
0	917
0	740
0	685
0	4218
0	3463
0	0
1	32
0	434
0	0
0	0
0	1
0	0
0	0
0	348
0	352
2	80
0	216
0	65
0	121
0	319
0	133
0	869
0	843
0	847
0	13
0	9
0	13
0	9
0	9
0	13
0	2
0	275
0	149
0	171
0	258
6	26
0	34
0	34
0	106
23	200
2	26
0	237
0	1638
0	1746
0	1652
0	1640
0	1357
0	1641
0	1640
0	46
0	4
0	4
0	46
3	1
0	4
0	1
0	0
0	0
0	5
0	5
0	4
0	4
14	4
0	3
2	3
0	3
0	1041
0	1072
0	293
0	0
0	0
0	1506
23	1486
16	1112
22	803
0	1254
5	346
16	174
47	120
0	99
3	35
3	76
0	119
1	121
4	64
1	97
16	50
8	72
0	582
0	341
2	327
0	315
0	165
1	130
0	26
3	48
6	17
0	2
0	92
0	80
0	455
0	687
0	680
0	5
0	133
12	15
0	5
0	12
0	1283
0	1719
0	726
0	397
0	686
0	631
0	223
0	638
0	616
0	446
0	408
0	121
0	664
0	4645
1	270
0	624
0	2
0	2
0	2
0	2
0	2
0	2
0	2
0	2
0	2
0	2
0	2
0	2
0	65
0	52
0	12
0	7
0	56
0	22
0	7
0	0
0	7
0	33
0	996
0	1053
0	862
3	179
0	204
0	107
10	45
0	178
0	74
0	259
0	246
0	892
0	808
0	353
2	123
0	290
0	352
0	276
0	446
0	820
3	816
1	217
11	227
0	924
0	254
1	557
2	381
0	287
0	247
1	164
0	502
1	193
2	65
0	49
2	85
0	1
0	2
0	0
0	0
0	0
0	0
0	0
0	0
0	0
0	0
0	0
0	299
0	321
0	226
0	164
0	287
0	289
0	634
0	763
0	261
0	241
5	104
4	135
0	129
0	9
0	0
0	4
0	0
0	0
0	0
0	221
0	1960
0	1707
0	157
3	155
4	1407
0	333
0	263
0	348
0	264
1	440
0	441
0	105
0	188
0	131
0	43
0	86
4	126
0	51
106	92
0	74
0	2
0	1173
0	209
1	105
0	230
0	1
0	0
0	134
3	42
64	48
1	99
1	3
0	75
0	104
1	92
0	50
0	82
3	56
1	53
0	86
0	0
0	2073
0	1471
0	173
0	525
0	614
2	292
0	961
17	518
8	707
0	798
0	188
6	158
20	337
0	107
0	463
0	328
0	411
0	423
0	122
0	135
0	132
0	115
0	40
0	22
0	125
0	327
0	0
0	0
0	1
0	0
0	1
0	0
0	1
0	0
0	0
0	0
0	0
0	0
2	758
0	831
0	542
0	542
0	760
0	315
0	822
0	492
0	83
0	830
0	939
0	877
8	415
0	631
0	634
0	52
0	554
0	28
0	18
1	33
3	25
1	74
1	26
1	148
0	59
4	11
0	11
0	11
0	11
0	1
0	10
0	36
0	31
0	6
0	6
0	6
0	14
0	23
0	27
0	0
11	930
1	63
5	817
0	643
1	627
1	493
1	929
0	45
0	16
0	16
0	3
0	45
0	12
0	2
5	24
0	27
0	26
0	267
0	0
0	0
0	0
0	382
0	742
0	137
0	36
0	250
0	797
0	4079
0	1831
0	0
0	406
0	488
0	1799
0	8319
0	7860
0	5758
0	0
0	0
0	0
0	0
0	0
0	200
1	1706
53	234
8	41
16	54
1	104
9	150
6	29
20	675
15	467
0	71
0	0
0	0
0	0
0	0
0	220
0	134
0	212
0	9
0	1137
0	713
0	178
0	134
0	16
0	92
0	1120
0	48
0	103
0	0
0	0
0	0
0	0
0	0
0	0
0	1
0	1
0	0
0	0
0	518
0	595
15	108
8	25
0	63
0	184
2	487
0	21
0	305
47	488
0	173
0	76
0	212
0	74
0	1191
0	1169
0	102
15	119
24	134
0	380
0	355
0	164
0	0
0	0
0	0
0	0
0	0
0	0
0	0
0	0
0	0
0	0
0	0
0	0
0	0
0	0
0	0
0	541
0	541
0	532
0	447
0	542
0	149
0	149
2	472
0	541
0	147
0	128
0	1264
4	95
0	97
0	80
0	117
0	164
0	385
0	853
0	121
0	90
0	751
0	3
0	103
0	156
0	171
0	195
0	113
0	101
0	149
0	149
0	81
0	2
0	700
0	79
0	93
0	194
0	539
0	50
0	225
0	455
0	35
0	152
0	0
6	217
2	202
0	196
3	71
0	40
0	181
0	179
0	72
0	99
0	90
0	118
0	140
0	67
1	7
0	7
0	181
0	57
0	57
0	32
0	37
0	118
0	79
0	84
0	0
0	0
0	0
0	1
0	1
1	1
0	1
0	0
0	0
0	0
0	0
0	0
0	0
0	3
0	3
0	3
0	0
0	1265
0	641
0	241
0	372
0	244
0	742
0	0
0	875
0	648
0	891
0	1008
0	70
0	144
0	420
0	420
0	0
0	389
0	451
0	455
0	476
29	479
0	141
2	150
0	123
0	116
3	89
0	82
1	65
0	608
0	192
1	590
6	577
1	110
0	110
0	81
0	81
0	89
0	84
1	77
0	39
0	27
0	27
0	35
0	34
0	8
0	8
0	34
0	14
0	31
0	7
0	28
0	4647
0	224
0	4275
0	4078
0	312
0	445
0	273
1	54
0	343
0	447
0	548
2	766
1	673
0	810
0	38
0	103
1	83
0	17
0	24
0	18
0	103
0	77
0	1827
30	46
55	778
14	986
0	228
50	709
0	141
12	246
3	416
0	0
0	0
0	0
0	4186
0	1831
0	970
0	685
0	37
0	5
0	3
0	0
0	1
35	1650
0	134
1	238
1	53
11	190
0	11
0	1356
0	347
0	242
0	234
0	152
0	155
0	95
0	88
1	95
0	0
0	0
0	0
0	0
0	0
0	0
0	170
0	1
0	0
0	0
0	87
0	81
0	88
0	85
0	11
2	29
0	0
0	0
0	0
0	0
0	0
0	0
0	0
0	0
0	0
0	21
0	10
0	16
0	6
0	0
1	5
0	311
0	3
0	0
0	0
0	0
0	0
0	2
0	2
0	2
0	2
0	2
0	2
0	2
0	259
0	2
0	2
0	1
0	1
0	2
229	2614
0	398
0	194
0	2687
0	1989
0	2553
14	392
0	633
0	1543
0	2323
0	2467
0	1
0	0
14	193
0	1117
0	78
4	39
0	0
0	0
0	328
0	346
0	367
0	412
0	413
0	410
0	405
0	413
0	413
0	64
0	44
0	63
0	44
0	1383
3	1289
0	1260
0	1122
0	961
0	687
0	474
1	374
0	475
1	250
0	302
0	0
0	0
0	0
0	672
0	212
0	268
0	268
0	155
0	96
0	112
0	128
0	125
0	141
0	41
0	157
4	216
0	214
0	104
0	0
0	4763
0	449
0	503
0	861
0	1037
0	345
0	360
0	225
0	114
0	185
0	197
0	27
0	1655
2	1128
0	2
0	2
0	0
0	1
0	1
0	0
0	0
0	0
0	0
0	0
0	0
0	134
0	9
0	1
0	1
0	0
0	0
0	0
0	0
0	181
0	3
0	3
0	0
0	0
0	0
0	0
0	0
0	0
0	0
0	0
0	0
0	0
0	0
0	258
0	320
0	802
0	772
1	4256
0	4099
0	1587
0	900
0	595
6	95
2	282
0	0
0	2546
0	613
0	0
0	717
0	670
0	751
0	703
0	729
0	58
0	58
0	119
0	27
0	0
0	0
0	0
0	0
0	0
0	0
0	1
0	1
0	0
0	1
0	6
0	344
0	334
0	320
0	331
0	331
0	167
0	164
0	155
0	101
0	89
0	0
0	0
0	0
0	0
0	0
0	1
0	1
0	0
0	0
0	1
0	1
0	1
0	3
0	2
0	1
0	0
0	0
0	0
0	1
0	4362
16	3916
0	6933
0	14044
0	6375
17	905
0	2903
0	488
0	2296
0	2265
0	10365
0	2644
0	1985
0	1955
0	1810
0	410
0	616
0	0
0	0
0	0
0	0
0	0
0	3
0	132
0	227
0	232
0	241
0	74
0	74
0	120
0	223
0	234
0	294
0	549
0	612
0	246
0	148
0	30
0	0
0	0
0	0
0	0
0	0
0	0
0	0
0	0
466	102
4	94
1	23
0	14
0	1
0	1
0	1
0	149
0	162
0	160
0	155
0	150
0	158
0	21
0	9
0	124
0	0
0	3
0	3
0	344
0	334
0	320
0	331
0	331
0	167
0	101
0	0
0	0
0	0
2	322
0	748
0	802
0	10
0	10
0	8
0	184
0	157
0	226
0	231
6	243
0	38
8	6
7	40
0	34
0	73
0	72
0	73
0	72
0	22
0	0
0	0
0	88
0	0
0	0
0	0
0	0
0	0
0	0
0	0
0	1335
0	1327
0	90
0	460
0	157
0	0
0	279
0	214
0	245
0	467
0	42
0	1156
0	1098
0	654
0	77
0	74
0	81
0	56
0	56
2	887
0	855
4	860
0	4
0	0
0	0
0	0
0	0
0	0
0	0
0	0
0	0
0	0
0	0
0	267
16	262
0	197
0	149
4	6
4	133
6	53
4	32
0	13
0	459
0	389
0	186
0	213
0	0
0	1490
0	7
0	1133
0	1023
0	939
1	923
0	834
8	39
12	589
0	373
0	65
5	311
1	200
0	24
0	61
0	611
0	656
0	831
0	754
0	0
0	0
0	0
0	0
0	0
0	0
0	0
0	0
0	0
0	942
0	130
0	244
0	36
0	36
0	0
0	0
0	0
0	0
0	29
0	3
0	3
0	4
0	2
0	3
0	2
0	0
0	542
0	492
0	791
0	381
0	137
0	780
0	8008
0	15720
0	8632
0	9443
0	3150
0	3888
0	13034
0	4285
0	3897
0	4358
0	4216
0	1788
0	2251
0	2298
0	1435
0	2193
0	1901
0	18
0	0
0	0
0	154
0	57
0	17
0	24
0	18
0	32
0	379
0	29
0	355
0	468
0	461
0	34
0	473
1	48
2	467
0	59
0	465
0	463
0	53
2	15
0	53
2	25
0	74
0	801
0	771
0	170
0	0
0	0
0	0
0	0
0	0
0	0
0	0
0	0
0	0
0	0
0	1962
0	2069
0	1759
0	1860
0	1650
0	1961
0	1961
0	1366
0	611
0	982
0	35
0	868
0	277
0	787
0	856
0	796
0	331
0	393
0	279
0	89
0	21
0	185
0	829
0	38
0	834
0	257
0	680
0	108
1	90
0	894
0	251
0	439
0	308
0	281
0	332
0	279
0	826
0	24
0	83
0	104
0	117
0	185
0	324
0	75
0	73
0	68
0	165
2	46
2	115
0	65
0	78
0	49
0	9
0	44
0	0
0	0
0	316
0	543
0	1181
0	2259
0	2290
0	2177
0	2116
0	2246
0	2377
0	1151
0	974
0	1267
0	772
1	0
0	4361
0	7994
0	15576
0	8618
0	9429
0	9417
0	905
0	487
0	3150
0	12842
0	4271
0	3883
0	4344
0	4202
0	1766
0	2237
0	2291
0	1429
0	1901
0	549
0	328
0	131
0	70
11	39
0	141
1	83
0	1
0	0
0	0
0	0
0	0
0	0
0	0
0	0
0	0
0	23
0	23
0	20
0	0
0	0
0	1
0	1
0	1
0	0
0	0
0	2
0	3
0	0
0	0
0	0
0	0
0	0
0	0
0	0
0	628
0	721
0	674
0	630
0	629
0	643
0	0
0	0
0	0
0	0
0	0
0	0
0	0
0	0
0	0
0	293
0	33
0	30
0	17
0	291
0	23
0	245
0	269
0	12664
0	1266
0	12689
0	119
0	435
73	512
0	547
0	579
0	75
0	240
0	1059
0	1335
0	798
0	653
0	5100
0	1499
37	0
9	665
5	457
11	908
5	2600
0	4377
0	4882
4	1484
137	819
1	1724
0	12
0	1
0	1019
0	1125
0	1103
0	1099
0	1121
0	62
0	143
0	69
0	252
0	115
0	24
0	385
0	413
0	364
12	52
0	218
0	184
1	103
0	166
13	127
0	0
0	1
0	1
0	99
7	76
0	0
0	0
0	0
0	0
0	0
0	0
0	0
0	0
0	0
0	472
0	63
0	0
0	16
0	2
0	14
0	0
0	0
0	0
0	0
0	0
0	0
0	0
0	0
0	71
0	61
0	10
0	9
0	0
3	0
0	0
0	0
0	0
0	0
0	0
0	0
0	0
0	0
0	0
0	0
0	0
0	0
0	0
0	0
0	0
0	0
0	0
0	0
0	348
0	316
0	1464
0	123
0	1366
0	982
0	1
0	1
0	278
0	241
2	114
2	68
21	101
0	325
5	158
2	144
0	0
0	0
0	0
0	0
0	993
0	93
0	49
0	0
0	2
1	5
1	3
0	2
0	3
0	2
1	2
0	4
0	933
0	37
0	32
0	53
0	0
0	919
0	37
11	341
8	92
0	775
8	25
0	25
0	22
8	12
0	1
0	1
0	1
0	0
0	0
0	0
0	1282
0	616
0	121
0	633
0	532
0	545
0	124
0	402
0	545
0	241
0	136
0	839
0	0
0	77
0	795
0	258
0	124
0	120
0	5
0	1
0	0
0	0
0	0
0	0
0	0
0	149
0	333
0	360
0	393
0	401
0	394
0	428
0	237
0	415
0	395
0	236
0	138
0	190
0	162
0	1565
1	858
0	1066
10	821
0	705
5	303
0	549
0	545
0	597
0	475
0	549
0	178
0	176
0	132
0	549
0	294
0	0
0	0
0	0
0	0
0	0
0	0
0	0
0	1034
0	1065
0	730
0	1
0	0
0	0
0	3
0	0
0	1
0	0
0	0
0	0
0	0
0	27
0	27
0	0
0	1
0	3
0	3
0	3
0	0
0	0
0	2
0	1
0	1
0	0
0	898
0	260
0	193
0	78
0	49
0	605
0	534
0	251
0	121
0	250
0	875
0	884
0	267
0	1
0	0
0	0
0	5
0	0
0	0
0	0
0	0
0	0
0	268
0	344
0	343
0	335
0	267
0	206
0	315
0	61
0	53
0	267
0	171
0	187
0	447
0	532
0	0
0	1
0	1
242	1460
0	1458
0	70
0	96
0	59
0	291
0	1
0	0
0	1
0	3
0	0
0	0
0	0
0	3
1	3
0	4
0	1
0	1
0	0
0	0
0	0
0	0
0	0
0	0
0	0
0	0
0	0
0	0
0	0
0	0
0	0
0	0
0	0
0	0
0	0
0	0
0	0
0	0
0	0
0	0
0	0
0	0
0	0
0	217
0	73
0	195
0	135
0	187
0	220
0	252
0	244
0	166
0	398
19	85
0	189
0	126
6	115
0	18
0	1
0	1
0	18
0	0
0	17
0	1
0	1
0	21
0	27
0	17
0	24
0	18
0	9
232	1347
2	1266
0	62
0	762
0	31
0	31
1	33
0	212
0	74
0	12686
0	1279
0	12711
0	119
0	11
0	11
0	0
0	11
0	11
0	11
0	11
0	47
0	8
0	42
0	0
0	0
0	0
0	21
0	0
0	0
0	0
0	1
0	0
0	0
0	0
0	0
0	0
0	48
0	233
79	677
7	328
5	254
2	472
0	16377
0	8616
0	9427
0	9415
0	3141
0	12859
0	4271
0	3883
0	2193
0	342
0	332
0	318
0	329
0	329
0	167
0	164
0	155
0	101
0	89
34	368
1	349
0	262
0	24
1	440
0	44
0	45
0	56
0	434
0	58
158	82
2	59
1	44
0	47
0	316
0	150
0	76
0	0
495	973
2	918
0	92
0	103
2	85
0	7
0	152
2	151
1	151
0	18
0	174
3	2
5	183
1	12
0	221
1318	255
0	126
2	1159
14	1159
1	456
0	834
1	248
2	611
0	172
0	917
0	260
0	78
0	49
1	623
0	552
0	251
0	121
0	252
0	893
0	903
0	0
0	0
0	1
0	0
0	0
0	1
0	1
0	1
0	0
0	0
0	0
0	1
0	1
0	1
0	0
0	13773
0	13745
0	12208
0	13352
0	11271
0	10567
0	0
0	0
0	0
0	0
0	0
0	1193
0	1171
0	381
0	356
1	112
1	50
12	82
0	90
5	22
0	30
80	12
1	31
14	58
7	16
0	3
0	9
0	25
0	24
0	21
0	21
0	4
0	1
0	11
0	0
0	1
0	24
0	25
0	25
0	0
0	0
601	93
3	25
0	21
0	339
0	70
0	0
0	12
0	12
0	12
0	12
0	12
0	12
0	12
0	12
0	0
5	4196
3	2298
1052	4972
33	3850
0	2477
0	2
0	9
0	381
0	791
0	780
143	255
4	255
2	136
1	408
7	187
1	184
1	245
0	303
1	358
0	319
0	218
0	225
3	317
18	249
31	215
10	12
0	853
0	90
0	751
0	103
0	171
0	0
1	0
0	0
0	0
0	0
0	0
0	24
0	0
0	24
0	24
0	32
131	109
0	58
1	18
0	0
0	0
0	2
0	49
0	252
0	0
0	0
0	1
0	0
0	0
0	0
0	1
196	12
0	12
0	623
0	11
0	0
0	775
0	0
1	1981
0	1202
0	535
0	1825
5	1880
0	820
0	1307
8	50
0	45
2	854
0	791
3	184
0	189
2	177
0	120
1	130
6	105
1	123
0	119
0	60
0	67
0	51
0	38
0	27
0	27
0	1
0	905
0	78
0	49
0	612
0	540
0	248
0	891
0	881
0	1415
0	1411
12	151
0	437
0	546
0	750
12	529
0	1415
0	109
0	213
0	180
0	43
0	73
0	178
0	62
0	99
0	54
0	91
0	118
0	140
0	67
0	7
0	7
0	180
2	340
0	340
10	377
0	695
0	229
11	191
2	84
0	203
1	207
0	162
0	0
0	777
0	777
0	20
0	61
1	15
0	40
0	10
14	1029
0	1029
0	143
0	144
0	57
0	233
0	143
0	144
0	235
0	49
0	3
0	1042
0	1073
0	737
0	408
40	272
0	55
349	116
0	116
0	4
0	24
4	24
0	5
0	5
0	5
0	5
0	0
0	0
0	0
345	255
1	172
2	24
2	43
7	9
0	699
0	921
0	939
0	927
0	249
0	94
0	76
0	475
0	1231
0	1208
0	1158
0	1299
0	1067
9	484
4	500
0	518
1	114
1	144
0	62
0	26
0	2
0	2
0	2
0	0
0	2
0	2
0	0
0	181
1	181
0	143
0	13
0	13
0	14
0	14
0	2
0	2
0	2
0	2
0	2
0	2
0	2
0	2
0	2
0	2
0	2
0	2
0	0
0	2
0	2
0	2
0	2
0	2
0	2
0	2
0	2
0	2
0	2
0	2
0	0
0	0
0	0
0	962
0	964
0	993
0	897
0	988
0	953
0	205
0	293
0	30
0	243
0	75
0	567
0	862
0	987
0	953
0	131
0	0
193	51
2	12
0	41
0	0
0	0
0	116
33	559
0	455
0	92
26	214
0	193
0	810
0	236
0	375
0	92
0	295
0	209
0	209
0	0
0	0
0	0
0	0
0	572
1	563
15	499
0	504
0	34
12	37
0	50
1	95
0	97
3	0
156	6854
10	6425
6	6115
113	4156
0	4761
5	2495
24	919
2	576
0	0
0	279
0	280
0	269
0	255
0	27
0	254
0	79
0	67
0	1
0	0
0	0
0	141550
0	0
0	218
0	203
0	260
0	188
0	196
0	79
0	124
0	222
0	654
0	0
0	128
0	1
0	0
14	19
0	6
0	0
0	0
0	0
0	0
0	0
0	0
0	0
122	0
0	1
0	0
0	110
0	87
0	24
0	32
0	26
0	48
0	65
0	90
0	0
0	0
0	0
0	0
0	0
0	0
0	1373
0	1291
0	1098
0	1057
0	1238
0	842
0	763
0	773
0	1373
0	769
3	11
0	402
0	379
0	7
64	458
26	219
0	95
0	12650
0	12675
0	119
0	547
0	573
0	233
0	1052
0	1329
0	792
0	653
1	64
0	0
0	0
0	0
0	2399
8	437
0	2210
4	2171
2	2226
39	1635
0	129
13	146
0	2050
0	0
0	0
0	459
0	388
0	186
606	304
5	304
0	2
0	2
0	2
0	2
0	2
0	2
0	2
0	2
0	2
0	2
0	2
0	2
0	1283
0	296
10	282
0	748
4	734
1	142
0	139
0	88
0	88
0	72
3	32
2	1
0	2
0	1
0	898
0	49
0	606
0	534
0	121
0	250
0	875
0	884
0	168
0	123
0	860
0	934
0	390
0	84
0	198
1	175
0	228
1	123
6	38
0	16340
6	10754
297	14884
16	9207
14	15880
34	7740
1	10315
16	13136
35	2081
0	3
0	3
0	0
235	73
0	0
660	258
1	177
0	14
0	104
50	223
1084	144
2	144
4	11
0	238
0	236
22	173
0	184
6	0
0	551
0	614
0	166
0	331
0	399
1	57
0	1
0	1
0	1
168	83
8	84
2	42
2	185
0	5
0	143
0	149
0	128
0	138
0	145
0	145
0	124
0	125
0	114
1	32
0	30
0	4
0	0
0	0
0	0
15	593
0	122
0	5
0	1
0	1
0	5
0	101
0	507
0	1
0	0
0	5
0	8
0	0
0	8
4	8
0	2
0	8
0	8
0	1
0	1
0	8
0	110
0	87
0	24
0	32
0	26
0	48
0	65
0	90
0	2415
0	2571
2	2565
0	2622
0	994
0	268
0	462
0	427
0	276
0	0
3	228
0	217
6	216
1	227
0	57
0	52
1	43
0	137483
0	133369
256	99
1	99
0	117
0	27
1	174
0	614
6	582
2	25
0	35
0	351
57	478
0	470
0	460
0	323
0	233
0	269
0	232
2	249
0	223
0	24
1	48
1	63
0	12
2	23
21	72
2	15
2	33
0	32
0	0
6	415
0	0
0	0
0	0
0	517
1	2
0	1
0	2
0	5
0	6
0	6
0	5
0	5
0	0
0	1
0	5
0	1
0	1
0	1
0	5
0	4
0	64
2	67
0	24
0	16
0	25
0	11
0	7
0	6
0	4
0	3
0	65
0	64
0	12
0	12
0	11
0	10
0	7
0	3
0	4
0	4
0	6
0	2538
0	1
32	376
15	374
0	1
4	0
0	0
0	1
1	0
0	4
0	0
0	6
0	4
0	0
0	4
0	5
0	1
0	1
0	1
0	1
0	1
0	1
0	0
0	0
0	49
0	9
0	11
0	11
0	8
0	3
0	2
0	42
0	0
0	10
0	13
0	13
0	445
19	678
0	186
0	184
0	219
1	207
955	37
0	37
0	46
0	85
0	184
2	175
3	58
0	84
0	79
5	9
13	30
0	29
4	100
0	35
10	81
382	90
0	42
0	48
0	0
0	0
0	0
0	0
0	0
0	0
0	0
0	0
0	0
0	0
0	1
0	0
0	0
0	0
0	0
0	0
0	0
0	0
0	0
0	0
0	0
0	0
0	1464
0	982
0	3
19	3
0	0
2	0
0	0
1	67
4	126
0	118
7	61
0	121
0	117
0	14
1	50
1	31
0	2566
0	356
0	754
427	92
0	81
0	62
0	4
0	4
0	4
0	4
0	7
0	2
0	2
0	2
0	2
0	5
0	0
0	2
0	0
0	0
0	0
0	1
1	0
0	1
0	1
0	0
0	4
0	3
0	0
0	58
0	58
0	32
0	37
0	119
0	79
0	84
0	996
0	0
980	14
0	14
0	2
0	116
30	629
0	70
0	627
0	38
0	6
0	4
0	38
0	38
0	2564
0	754
0	613
7	10
0	894
0	6265
0	6466
0	5957
1	3292
14	6046
0	4007
0	3691
0	1670
9	1063
0	1667
1	198
0	542
0	492
0	791
0	780
0	523
0	0
3	0
0	38
0	66
0	32
2	6
0	4
1	3
0	53
0	1
0	1
0	0
0	0
0	4
0	4
0	4
0	4
0	0
0	0
0	0
0	0
0	4
0	4
15	1389
0	1407
2	1373
25	1364
2	156
30	259
0	49
0	9
0	11
0	11
0	8
0	44
0	206
0	162
7	150
1	141
2	169
1	35
0	334
0	418
0	430
0	136
0	133
0	22
0	126
0	549
0	612
0	148
0	30
0	0
39	385
15	385
5	7
0	7
1	0
1	0
0	0
1	0
0	322
0	3
0	1
0	549
9	143
6	356
21	512
0	513
0	545
6	334
11	43
3	194
6	130
2	168
0	49
0	55
4	55
8	0
11	17
2	11
0	0
0	523
0	544
0	214
0	0
0	0
0	12470
0	12495
0	239
0	859
0	1331
0	797
0	218
0	332
0	180
0	66
0	219
0	203
2	42
3	43
2	17
1	51
0	25
0	0
0	20614
0	20193
1	702
0	85
0	222
0	6
0	30
0	30
0	63
0	55
0	0
0	0
0	0
0	0
0	85
0	39
0	28
0	73
0	182
0	192
0	194
0	17
0	204
6	13
0	13
5	0
2	715
0	870
0	1037
0	877
0	788
1	409
1	608
0	816
7	795
0	611
5	320
2	129
0	33059
0	29917
0	29918
0	29957
3	155
0	153
3	155
0	25
1	5
856	44
1	44
0	2
29	1844
2	1108
46	736
0	0
0	0
0	0
0	0
0	474
0	215
0	133
0	81
0	9
0	11
0	11
0	11
0	11
0	11
0	0
0	11
0	0
0	335
38	338
4	343
5	338
0	337
25	194
0	254
0	247
0	26
0	7
6	80
1	1
2	7
0	7
3	162
0	3
6	4
0	15
0	17
5	60
0	247
0	23
0	1
0	0
0	0
0	1
0	1
0	1
0	0
0	0
0	0
0	1
0	0
0	0
77	9
0	9
0	0
0	0
0	47
0	8
0	42
0	0
0	1
0	0
0	1
0	1
0	1
0	0
0	0
0	1
0	0
0	0
0	0
0	0
0	0
0	0
0	0
0	0
0	0
0	3645
1	3591
2	3620
4	3529
0	113
62	590
294	1811
6	649
39	231
5	493
0	1005
0	890
13	770
48	146
0	492
0	480
11	1184
3	162
0	1174
4	1153
2	81
3	1193
0	27
0	15
1	179
10	165
0	91
0	195
0	30
1	24
0	28
826	226
0	171
0	51
0	2
0	81
0	55
0	108
0	24
0	31
0	29
0	51
0	55
0	10
5	187
0	5
0	102
0	184
0	159
0	919
0	1472
0	710
0	527
0	485
0	195
0	479
0	404
0	376
0	249
0	13
0	1570
1	1290
2	419
7	803
0	1372
0	957
2	1047
2	139
0	997
0	1423
0	841
0	764
0	34
0	23
0	6
0	17
0	1
0	175
0	79
0	26
0	183
0	695
0	712
0	634
0	117
0	153
0	147
0	226
0	68
0	68
0	10
0	704
0	105
0	393
0	304
0	274
0	10
0	102
0	21
2	5
0	291
0	532
0	482
0	135
2	1221
35	1098
0	693
1	362
0	151
0	93
0	71
2	1
0	106
0	106
0	40
0	17
1	36
7	26
20	25
3	17
0	0
0	16371
0	0
0	0
0	124
0	1
0	88
105	88
0	6
0	556
0	457
0	583
0	484
0	10
5	123
0	123
0	400
0	401
0	555
0	571
0	168
0	172
0	58
0	15
2	0
0	0
0	0
0	0
0	0
0	62
0	239
0	519
0	0
0	0
0	3
0	3
0	996
0	1053
0	862
0	204
0	178
0	74
0	259
0	246
0	225
0	226
0	31
0	217
0	215
0	207
0	30
0	203
0	50
0	97
0	31
0	32
0	46
0	20
1	23
1	13
0	66
10	16
1	14
4	10
0	38
1	11
0	15
0	8
0	55
0	16
0	61
0	7
6	4
2	11
1	31
0	62
1338	8
0	0
0	0
634	303
14	253
3	50
42	1497
0	1373
0	236
6	1118
0	727
1	158
0	5
16	697
1	1843
11	1753
3	1713
72	897
43	70
4	448
824	0
0	887
0	27
0	27
0	1
0	0
0	0
3149	0
1	114
0	1230
2	368
0	76
2	54
1	37
1	8
0	63
0	83
0	178
1	55
0	1200
0	932
0	915
0	6
27	1348
0	1235
599	1506
0	19
1	136
2	663
0	58
0	58
0	119
0	1238
0	1517
29	640
0	640
3	631
0	0
0	1
0	0
0	0
0	0
0	0
0	0
0	0
0	0
0	0
0	15579
0	8617
0	9428
0	3149
0	12873
1	6
0	6
0	3
12	975
5	845
8	161
2	136
0	1
0	117
0	118
0	322
0	0
0	2
0	2
0	1
0	2
0	1
0	1
0	1
0	1
0	1
0	0
0	0
0	1
0	0
0	0
0	0
0	0
0	0
0	2
2	0
69	79
0	79
0	881
3	1140
21	2650
1	6366
0	6625
0	6364
0	497
0	646
0	2786
3	1596
8	1682
0	838
1	5984
0	1277
2	1278
15	1286
1	74
0	28
0	45
0	5
0	45
50	337
3	310
0	13
0	26
0	45
0	16
0	26
0	43
27	108
1	47
0	13
0	623
0	560
2	27
10	39
12	39
8	0
0	5
0	734
0	31
0	582
0	116
0	479
0	111
2	131
0	708
0	727
0	326
0	258
0	196
0	281
0	253
0	173
0	322
0	322
0	462
0	294
0	0
2	97
1	2193
0	241
0	2313
0	2173
4	624
0	132
0	2194
3	189
0	2193
0	0
0	0
0	284
0	305
0	576
0	575
0	572
0	514
0	574
0	575
0	288
0	268
0	287
0	270
0	288
0	101
8	655
0	675
0	636
0	507
6	539
6	87
0	184
4	143
0	213
0	111
0	0
0	0
0	0
0	529
0	449
0	352
0	356
0	21
0	0
0	0
0	0
0	1
0	1
0	0
0	6
0	0
0	10
0	13
0	12
0	5
0	1
0	12
0	11
0	0
0	0
1	2
0	2
0	2
0	0
0	0
0	22
3	18
0	18
0	7
0	16
0	16
0	1
0	344
0	0
0	0
0	0
0	0
0	0
0	0
0	658
0	1299
0	141
0	1
0	1
1	3
0	0
0	0
0	0
0	3
0	689
9	230
0	583
0	640
0	445
4	603
0	85
0	353
0	272
1	1054
1	287
3	905
3	257
0	266
15	907
10	535
8	476
0	8
0	0
0	1
0	1
0	0
0	0
0	0
262	2486
7	1174
0	1591
0	1041
0	922
0	249
0	401
1	13
2	52
1	114
0	19
1	91
0	74
0	120
2	105
0	609
0	61
0	45
0	55
0	0
0	696
0	917
0	934
0	923
0	247
0	115
0	102
0	93
24	3763
1	4555
1	2439
0	3170
1	3667
0	3528
1	2886
0	1475
48	1572
0	1564
0	1328
0	1577
0	1577
0	66
2	84
7	376
2	216
0	1577
0	0
0	0
0	0
0	403
0	38
0	38
0	38
249	23
0	23
0	6
0	7
1	14
0	12
0	1387
0	53
487	0
26	1846
19	1708
1	1577
7	1702
3	1009
17	205
0	6
0	6
0	7
0	12
0	7
0	4339
0	3803
0	4078
1	4326
0	3346
0	3152
0	593
2	2825
1	1717
0	480
1	410
1	1059
0	450
0	70
0	246
0	45
0	3976
0	552
4	582
0	353
0	369
17	27
0	1730
0	0
0	14
0	9
0	3
0	138
0	12
28	138
1	113
1	3
0	14
0	810
0	91
0	294
0	0
0	0
0	0
0	0
0	0
0	60
5	60
0	54
0	55
0	46
0	54
0	46
0	48
0	36
0	10
0	31
0	45
0	3
0	3
0	3
0	0
0	0
0	128
0	263
0	263
1	148
1	25
0	32
2	29
3	29
0	30
9	340
2	8
6	342
0	446
0	471
0	441
0	80
0	167
0	100
0	77
0	14
0	22
0	16
0	38
0	57
0	80
0	0
0	0
0	0
0	0
0	0
103	348
0	136
0	286
0	269
0	281
0	190
0	83
0	69
11	86
0	87
1	81
0	0
0	0
0	6
2	6
0	3
0	0
0	341
0	184
0	379
5	256
0	200
9	129
0	1
0	27
0	1
0	27
0	329
0	412
0	424
0	121
0	134
0	132
0	114
0	39
0	22
0	398
0	25
0	55
76	689
84	799
0	103
3	61
6	80
0	18
0	12
0	30
0	3
0	20
2	644
3	645
6	327
0	23
4	365
0	382
20	64
0	117
0	112
1	320
0	311
0	15
2	28
0	27
0	9
0	14
0	0
0	26
0	0
0	0
0	0
0	0
0	51
0	42
0	35
360	11
0	11
0	344
0	334
0	320
0	331
0	331
0	2
0	2
0	0
0	0
0	222
0	320
0	288
0	296
0	289
0	160
0	14
0	14
0	14
0	0
0	180
0	0
158	34
0	34
1	15
0	1956
0	2063
0	1753
0	1854
0	1649
0	1955
0	1955
0	4186
0	1831
0	750
0	2088
9	2199
1	173
0	85
0	258
0	7
0	2226
0	2198
0	1
0	1
0	1
0	1
0	1
0	1
0	1
0	1
0	11
0	523
1	494
0	56
0	0
0	48
5	43
0	76
7	225
0	50
0	84
16	55
0	52
0	30
0	17
0	95
0	66
0	375
0	0
0	5
0	0
0	0
0	0
0	55
0	2
0	53
30	578
122	578
0	0
2	22
1	144
634	170
0	6
5	27
0	0
0	354
0	44
0	405
0	413
0	22
0	0
0	104
0	64
5	30
0	133
0	977
0	58
0	1021
7	1016
0	38
0	989
0	617
1	127
0	4
0	110
0	96
0	61
0	98
0	11
0	104
1	74
0	16
0	108
0	73
2	906
0	113
28	763
5	768
32	592
0	61
0	38
0	55
36	0
17	789
3	409
0	707
0	669
0	1637
0	1745
0	1651
0	1639
0	1356
0	1640
0	1639
0	0
0	4079
0	1831
0	3215
0	3446
0	1311
0	506
0	2457
0	717
0	1339
0	1383
0	1344
0	729
0	1468
0	1198
0	956
0	115
1	498
0	48
0	1349
0	396
0	943
0	1212
0	1477
0	1595
0	1205
0	1138
0	1181
0	1139
0	1126
0	1127
0	608
0	862
0	264
0	946
217	172
11	996
0	1066
0	1067
0	0
0	152
47	499
0	138
0	0
0	499
505	151
1	66
17	85
1	5
3	0
0	0
225	750
0	76
3	29
12	136
0	170
56	90
0	29
0	33
36	38
0	730
0	715
1	18
39	899
0	304
0	844
0	3
0	2
0	3
0	3
0	15
54	938
14	15
0	0
2	936
7	138
0	192
3	552
0	62
0	0
0	5
0	5
0	0
0	181
0	44
0	91
0	140
0	67
0	7
0	0
451	241
8	241
8	27
0	448
0	451
0	345
0	348
0	112
0	0
0	262
0	347
0	263
49	166
4	124
5	220
0	222
0	93
0	30
0	41
0	6
0	26
0	170
0	160
0	169
1	127
1	138
4	160
0	39
11	137
0	24
0	79
0	26
0	87
0	114
0	40
2	80
3	87
0	70
0	14
2	12
1	57
0	44
0	21
3	36
0	40
0	30
0	21
1	21
1	21
0	0
3	11
0	0
0	1
0	0
0	0
0	895
0	962
0	951
0	291
0	986
0	960
0	991
0	30
0	5
0	566
0	951
0	985
0	861
0	0
0	0
0	0
0	2
0	2
0	2
0	2
0	2
0	2
0	2
0	3
0	2
0	1
0	1
7	368
0	267
0	440
0	0
0	0
2	3
0	191
0	317
0	89
0	127
0	317
0	115
0	113
0	1
3	2
0	1
0	0
3	4
0	4
0	4
0	4
0	4
0	4
0	1
0	0
0	0
0	0
0	0
1	254
0	0
0	0
0	0
0	0
0	0
0	0
0	0
0	0
0	0
0	8
0	22
0	22
0	7
0	0
0	30
0	22
0	34
0	34
180	41
0	19
1	20
2	14
0	317
0	332
0	230
0	0
0	0
345	155
0	156
1	104
1	79
0	39
3	5
0	0
0	0
0	0
0	0
0	0
0	0
0	0
0	0
5	11
36	23
0	20
0	22
0	0
0	0
0	0
0	0
0	0
0	0
0	0
1133	161
0	96
0	127
0	107
0	1333
0	1341
0	459
0	466
0	245
0	42
0	1162
0	1215
0	125
0	124
0	216
0	30
0	0
0	0
0	0
1	71
0	693
0	674
0	13
0	36
13	36
0	75
0	75
0	75
0	42
0	57
0	42
131	5
0	5
0	48
35	28
0	28
1	0
0	136
1	618
0	242
0	132
2	499
0	70
0	546
0	200
0	502
0	269
0	3
0	74
0	60
0	2
2	26
0	5
0	5
0	1
0	10
0	0
0	0
147	0
2	1002
0	940
0	936
3	936
11	31
0	4
0	2
0	3
0	3
0	3
0	3
0	3
0	0
0	1
424	372
3	372
0	0
0	0
0	0
0	0
0	0
655	511
0	108
3	517
0	1151
201	782
0	883
41	504
11	699
1	10
6	22
0	341
65	292
0	78
0	138
0	163
0	84
0	2
0	4
0	77
0	0
0	3
0	16
0	9
0	10
0	123
0	109
0	18
1	17
0	128
0	135
0	140
0	0
0	0
0	0
0	0
0	0
0	956
0	958
0	987
0	891
0	982
0	947
0	205
0	114
0	290
0	237
0	78
0	87
0	562
0	131
0	981
0	947
0	856
5	4
0	4
0	2
2	2
0	4
0	3
0	139081
0	134967
493	0
2192	0
0	0
4	249
0	258
0	172
0	33
0	6
14	1476
16	1465
0	213
3	62
0	420
0	420
0	409
0	0
0	0
0	0
0	0
0	0
0	72
0	72
0	73
0	73
0	26
1	16
0	15
0	15
0	15
0	9
0	2
0	0
0	0
0	1
0	0
0	1
0	1
0	0
0	0
0	0
0	0
0	0
0	73
0	1
0	0
0	0
0	0
0	0
0	0
0	0
0	0
0	0
0	0
0	0
0	0
0	0
0	49
14	445
0	445
3	247
1	124
0	1102
3	291
0	362
0	600
5	40
0	971
0	127
0	389
0	137
0	212
0	236
0	17
0	963
48	1124
0	711
0	923
0	0
0	0
0	0
0	0
0	3
0	679
0	725
0	771
0	681
0	680
0	694
0	1521
0	1294
0	1592
0	8
0	7
5	103
0	103
0	102
0	95
1	30
0	95
0	0
144	0
0	0
0	707
0	57
0	18
21	725
0	1012
0	740
0	1027
0	762
0	1001
0	32
0	190
1	15
0	117
0	32
0	99
5	84
10	25
8	72
1	30
0	4
0	70
0	71
0	79
0	61
0	10
0	70
0	1
0	2
0	2
0	588
0	647
0	593
0	9429
0	8618
0	3150
0	12873
0	291
0	17
0	273
0	5
0	61
0	1
0	104
0	63
0	7
1	0
0	292
0	267
0	122
0	304
0	331
0	366
0	372
0	367
0	401
0	212
0	388
0	368
0	211
0	118
0	189
0	1
0	1
0	0
0	0
0	0
0	857
0	753
0	3
0	195
0	101
0	149
0	149
0	81
0	0
0	133
0	144
0	125
0	48
0	49
0	133
0	95
0	31
0	39
0	7
0	136
0	697
0	680
3	81
0	51
28	108
0	5
0	1
17	103
8	81
0	290
0	261
0	261
0	261
0	290
0	262
0	279
0	175
0	154
0	155
0	22
3	0
0	27
0	13
0	14
1	4
0	2000
3	897
0	105
0	967
0	0
0	0
0	1
0	1
0	0
1	0
0	0
0	0
308	0
27	738
21	457
1	128
1	67
0	751
0	738
0	35
0	245
0	117
0	276
3	125
0	110
0	55
7	152
3	1625
0	1620
0	1624
2	226
0	16
0	158
0	129
1	84
1	149
0	157
1	94
0	140
0	1618
0	1608
0	1614
0	0
0	4
0	475
0	261
0	33
0	83
0	1300
0	435
0	0
0	0
2	1102
0	158
42	183
6	1114
0	167
0	0
0	58
0	58
0	119
0	551
78	52
0	253
0	282
2	272
10	13
0	20
0	3
0	3
1	3
0	314
370	280
0	53
0	280
0	38
0	6
0	38
0	38
0	2
0	2
0	2
0	3
0	3
0	3
0	2
0	1
99	1
28	721
0	721
18	292
5	723
3	191
0	110
17	103
1	190
1	242
0	1890
2	1770
3	1898
0	1903
0	1905
4	1901
1	1881
0	1929
0	183
0	5
0	3
0	1
0	0
0	5
0	4
0	4760
0	0
0	924
0	938
0	246
0	102
0	75
0	93
511	78
0	46
0	71
0	0
0	1
0	1
0	0
0	197
0	133
0	3960
0	16
0	0
0	69
0	74
0	1
0	95
0	132
0	32
0	95
0	112
0	3612
0	353
0	219
3	3172
0	198
0	328
0	3234
0	336
20	143
52	2618
8	339
2	203
0	286
4	309
0	3960
0	0
0	0
0	1144
3	599
0	133
0	1033
3	1131
1	75
0	0
0	206
0	14
1	81
0	273
2	136
0	190
3	190
0	106
0	77
8	29
0	63
1	80
2	26
0	3
10	1
0	989
0	0
0	0
9	9591
0	1
0	0
0	1212
0	964
0	6903
0	12539
0	1367
0	306
0	12759
0	764
0	691
0	2705
0	1420
0	5489
0	1332
0	24
0	1574
0	929
0	1002
0	555
0	741
1	597
0	23
0	61
18	597
0	1
0	0
0	48
0	400
0	52
32	366
18	322
0	126
1	38
0	109
0	47
491	1272
0	1236
0	866
0	717
1	816
1	704
41	67
0	42
0	443
0	263
1	227
0	201
0	114
0	154
0	102
1	95
0	48
0	28
0	17
0	34
0	19
1	0
0	31
0	31
0	2
0	5
0	3
0	52
0	3
0	5
0	8
0	7
0	1
0	1
0	0
21	49
1	62
0	63
2	61
0	7
0	0
2	50
0	1
0	1
0	1
0	0
0	1
0	682
1	639
0	564
0	103
0	28
0	14
0	72
0	109
0	98
0	7
3	291
0	347
0	59
0	63
1	55
0	58
0	291
9	327
0	47
0	0
0	0
0	0
0	0
0	0
0	0
0	0
0	0
0	0
0	1
0	0
0	0
0	0
0	0
0	0
0	0
0	0
0	0
0	0
0	0
0	0
0	995
0	1052
0	861
0	204
29	9
0	3
0	2
0	1
0	1
0	1
0	1
0	1
0	0
0	3
0	3
0	2
0	4
28	146
0	79
0	0
0	0
0	1
0	0
23	0
0	0
0	0
0	0
19	415
3	590
0	1755
0	1182
0	820
0	235
0	33
0	314
0	1179
0	1735
0	1171
0	14
0	182
2	238
2	184
0	208
0	217
0	55
0	18
48	56
7	6
1	93
22	649
0	132
0	549
0	519
0	521
0	1
0	508
0	404
4	11
2	283
0	1383
0	77
1	131
0	8
0	2
0	2
0	2
1	6
1	0
0	6
1	8
0	0
4	218
0	1191
0	1169
0	316
0	194
0	263
0	348
0	264
1	829
18	1109
0	1135
1	843
1	557
0	299
0	500
6	120
2	438
0	289
0	292
0	234
3	173
0	405
2	74
0	255
8	232
0	131
9	209
0	99
0	59
0	61
27	0
7	0
0	1
0	1
0	0
0	0
0	0
0	0
0	0
0	0
0	1
0	1
0	1
0	1
0	0
0	20646
0	4243
0	20618
0	12214
0	20225
0	17663
0	17441
0	6629
139	1231
1	218
1	498
0	111
1	648
0	99
0	15
0	15
0	15
0	15
0	0
0	15
0	15
0	15
0	0
0	0
0	1
4	430
0	0
0	47
0	9
1	431
0	4
1	46
0	118
813	236
3	236
3	208
0	202
0	4
0	2
0	282
0	362
0	107
0	134
13	366
0	415
0	561
2	311
0	366
0	366
0	331
0	366
0	474
0	446
0	336
0	138
2	103
0	135
1	99
0	81
0	201
0	143
0	116
6	94
0	342
0	0
0	0
0	0
0	0
0	0
0	0
0	0
0	0
0	8618
0	9429
0	3150
0	587
0	600
0	176
0	187
0	200
0	53
11	113
0	81
0	45
0	34
0	57
0	27
0	26
89	1730
68	183
0	151
0	85
0	94
0	202
0	154
315	502
0	225
0	257
0	176
0	135
0	28
0	219
3	126
0	85
0	81
0	39
3	43
0	76
2	43
1	35
0	21
17	12
0	13
0	1
0	841
0	145
0	136
0	153
4	147
0	150
0	155
0	154
0	136
0	140
0	67
4	35
0	16
0	22
1	1913
1	1798
73	1432
1	1663
0	1136
2	227
0	1891
0	0
0	0
0	0
0	0
0	0
0	0
0	0
6	197
1	201
1	4
0	1
0	0
0	0
0	0
0	118
0	118
0	157
0	134
0	103
0	93
0	161
0	0
0	12650
0	12675
0	1329
0	792
35	1666
11	1447
0	1579
125	1346
3	1312
6	1611
3	222
0	103
4	12
0	0
0	66
75	67
0	26
0	7
0	40
0	88
0	73
0	97
2	97
2	80
0	20
2	41
0	10
0	97
0	44
0	98
0	98
1	101
0	98
0	44
0	65
0	17
1	41
0	6
0	6
0	7
0	13
0	7
0	237
0	95
0	45
0	83
0	1335
0	1343
0	1217
0	1164
3	411
0	330
7	186
76	895
0	30
438	865
1	134
0	0
0	0
0	0
0	0
0	0
0	0
1	881
0	1115
0	2150
0	2084
0	164
9	924
15	708
0	345
3	161
10	181
5	136
49	55
7	14
9	252
2	92
2	174
6	64
0	64
0	81
0	6
1	0
0	6
0	1
0	1
868	68
1	37
4	3
0	1
0	1
0	1
0	1
2	0
0	0
0	10
0	66
7	66
0	21
3	125
14	24
0	29
0	126
4	10
0	447
0	532
0	606
18	0
0	71
0	382
0	603
0	62
0	573
0	51
0	511
0	541
0	91
0	32
0	32
0	54
0	57
0	284
0	10
0	44
4	87
0	70
0	40
0	80
5	11
1	108
2	23
19	79
0	597
8	601
44	575
0	632
0	159
0	573
1	75
0	72
8	162
6	822
7	822
0	162
0	11
0	0
0	0
0	0
0	0
0	0
0	0
0	0
0	0
0	0
0	0
0	55
39	198
0	9
1	3
3	46
0	135
0	176
24	46
10	134
456	0
0	437
79	0
0	0
0	149
0	0
0	23
0	444
0	351
1	29
1	32
0	432
0	21
0	460
24	431
0	240
0	46
2	36
0	35
0	50
1	277
1	12
0	5
0	163
2	9
6	15
0	35
9	24
19	0
28	14
0	71
18	135
6	114
0	129
7	436
0	0
0	0
0	0
0	0
0	0
0	0
0	0
0	0
0	0
2386	0
4	672
1	672
0	503
0	33011
0	29869
0	29870
0	29909
0	17
0	13
0	0
0	1
5	5687
0	498
0	519
0	860
0	911
0	908
0	838
0	911
0	911
0	410
0	390
0	356
0	393
0	356
0	120
25	776
0	504
40	751
0	71
0	57
0	23
2	105
0	1999
0	179
0	413
0	19
0	178
0	157
0	145
0	166
0	5
0	157
2	12
2	2
0	447
0	532
13	1305
4	1354
0	323
0	27
0	27
0	1
0	47
0	42
0	0
0	0
13	5103
30	1323
1	4795
0	4408
0	4936
0	783
0	893
0	1440
0	1993
11	1312
0	1683
2	1181
1	1032
1	1033
0	1021
1	325
0	163
12	157
0	4936
0	5102
0	0
0	0
0	0
0	0
0	0
1	57
0	127
0	37
0	39
0	134
0	90
0	48
0	5
0	91
0	0
1143	74
7	69
5	24
0	5
0	0
0	0
0	1
0	1
0	1
0	1
0	1
0	1
0	1
0	1
0	0
0	435
0	440
0	693
0	693
1	690
0	620
0	692
0	693
0	255
0	253
0	255
0	253
0	33
0	0
0	0
0	0
0	0
0	0
0	0
1	959
54	959
0	0
0	0
0	0
0	0
0	0
0	0
0	0
0	0
0	0
0	0
0	1
0	0
0	0
0	0
0	0
0	0
0	0
0	1
0	1
0	2
0	2
0	0
3	53
0	53
0	53
0	3
0	6
3	1625
38	1957
0	2570
0	2051
1	894
4	1000
0	902
6	633
1	31
2	1
1	13
1	6
1	52
0	56
0	31
0	54
0	6
0	29
3	7
0	14
0	10
0	8
0	8
1	2
0	6
1	7
0	221
0	597
0	12
0	556
0	523
0	478
0	5
0	304
0	94
0	237
0	37
0	24
0	26
0	588
0	301
253	0
0	0
0	0
0	0
0	0
26	1141
0	256
53	0
0	614
0	407
1	79
2	159
2	104
3	282
1	501
0	564
39	564
0	100
0	359
0	142
12	302
0	0
0	160
0	0
0	0
0	0
0	1134
0	29
0	29
0	29
0	29
5	29
0	21
0	29
0	913
0	0
0	0
0	0
0	721
0	30
0	0
0	286
0	16
0	16
0	16
0	1142
0	0
0	0
0	0
0	0
0	0
0	563
0	0
0	1125
0	1093
0	1103
0	1099
0	1121
0	158
1	75
0	63
0	36
0	79
7	66
0	29
11	67
0	71
4	1158
0	346
0	0
103	0
1913	210
5	114
0	96
0	0
0	0
0	0
0	0
24	612
0	787
16	737
0	177
1	212
0	227
0	173
2	23
0	102
3	95
0	30
0	19
1	19
0	0
0	0
0	0
0	866
1	1
0	1
14	2578
7	2430
0	970
0	438
1	30
0	418
0	67
0	40
1	95
0	4
17	1627
2	1880
8	972
13	968
0	1459
0	968
0	2100
8	1946
12	768
1	966
0	1446
22	1428
18	65
60	777
0	2
0	0
0	0
0	0
0	380
0	790
0	137
0	35
0	779
0	0
0	0
0	0
0	0
0	19
0	15
15	16
0	0
0	15
3	6
1	3
0	3
0	243
0	9
1	991
7	382
0	32
0	7
0	996
0	757
0	4
0	3
0	3
675	0
886	199
0	199
0	513
0	17
0	196
0	38
2	23
1	202
0	197
0	207
0	109
1	166
2	7
0	40
0	55
0	26
0	44
0	32
0	1
0	0
0	16
0	4
0	610
28	812
69	839
1	1593
0	120
2	76
13	29
52	82
8	1
7	1593
0	38
0	38
0	38
2	0
13	33
0	26
4	31
0	14
0	7
0	10
0	3
0	0
2	710
29	725
5	47
0	25
0	40
0	108
67	0
0	2175
1	2063
0	1201
0	452
0	1781
0	90
0	2175
2	1342
0	3382
0	1737
0	132
0	1226
0	523
0	212
27	41
0	1535
5	557
1	189
0	88
0	88
0	86
1	13
0	6
2	84
0	1071
0	0
0	0
388	6
0	1
0	6
0	5
0	0
51	15
4	15
5	9
0	0
1	0
0	69
0	82
1	1249
1	1272
0	96
0	710
0	522
0	12
260	212
1	127
6	4
5	1
0	80
2	24
22	0
0	2
0	2
0	8
0	8
0	8
0	10
1	891
1	891
0	8
0	117
0	113
0	97
0	77
4	47
0	5
0	546
0	609
0	0
6	183
1	0
0	2134
2452	2301
0	2228
0	1586
37	985
16	931
3	1323
3	188
0	0
0	245
0	249
0	236
0	221
0	232
1	212
1	225
0	207
0	223
0	35
0	203
0	190
0	207
0	160
15	52
0	124
1	52
1	65
5	111
4	26
11	11
0	20
12	25
1	10
0	13
0	24
0	30
3	30
0	29
0	10
1	8
0	18
0	16
0	12
0	12
0	13
0	16
0	10
0	239
0	0
0	0
0	0
0	0
0	7
0	0
0	182
0	724
0	646
0	707
0	11
0	239
0	68
0	175
0	147
0	117
0	155
0	79
0	88
0	91
5	483
0	487
0	299
7	483
4	284
0	289
0	396
0	317
0	338
1	165
0	121
1	55
39	180
0	404
1	388
0	324
0	0
0	0
0	0
0	0
0	0
0	0
152	157
2	101
0	159
3	139
0	28
0	24
0	0
0	0
0	0
0	0
0	0
0	0
0	0
0	0
0	0
0	2
0	2
0	2
0	1
0	0
0	0
0	0
0	0
1	0
1	1619
0	0
80	0
881	0
1	150
5	180
0	158
0	42
0	25
4	76
0	11
0	51
0	52
0	20
0	46
1	39
0	370
49	897
0	378
0	567
0	528
0	467
1	325
7	330
0	389
0	399
0	79
0	0
0	197
0	0
0	0
0	130
0	0
1431	0
0	0
0	0
0	0
1	0
0	0
1	0
0	0
0	0
0	0
704	965
2	53
0	91
0	109
0	109
1	107
203	613
2	629
0	902
0	283
0	609
0	464
3	95
0	103
0	71
0	61
0	339
0	176
0	69
0	59
0	2472
0	292
0	0
0	0
0	0
1	0
0	0
0	0
0	0
0	7466
4	7804
105	3089
1	1721
0	7700
47	7206
1	5287
195	5078
0	6896
4	450
0	2842
126	2320
0	2220
2	1852
4	1469
0	0
0	0
0	0
0	0
78	290
8	290
3	11
0	88
6	5
0	0
0	5
0	1
0	3
0	1
0	3
0	0
101	55
2	16
0	30
1	45
1	34
1	14
0	11
0	11
0	11
0	11
0	0
0	11
20	31
1	372
23	413
0	21
0	404
0	377
7	99
13	59
1	48
7	8
0	8
0	25
1	132
0	71
0	375
0	152
51	1701
26	1709
1	1580
2	1007
0	102
1	1625
0	14
0	211
0	264
14	573
0	219
1	383
0	379
0	369
0	248
0	30
0	7
1	3
0	30
0	10
1	184
1	157
0	166
0	169
1	121
0	121
0	105
0	2564
0	137
0	77
0	63
2	53
0	7
0	2
0	0
0	7
1	8
3	7
0	0
0	11
0	41
0	10
0	43
0	337
0	18
0	11
0	365
0	24
0	40
0	48
1	56
0	309
0	87
0	38
0	356
0	201
0	18
0	40
1	35
0	110
1	12
9	0
3	67
0	808
0	209
0	294
0	235
0	373
0	208
0	92
0	0
0	2
0	0
0	1
0	2
0	565
30	432
4	637
0	653
1	636
0	361
0	28
0	256
0	218
0	239
0	199
0	151
0	121
0	64
1	92
0	55
0	66
0	59
17	0
0	6
1	181
3	1001
0	991
0	526
0	981
0	192
0	374
0	179
0	581
19	97
32	2484
1	50
0	2478
2	2449
1	41
0	15
4	2368
1	230
7	247
1	247
0	726
0	165
3	255
0	142
0	2478
0	1
0	0
0	0
0	2
0	0
1	0
10	71
0	11
0	16
0	71
0	65
0	70
0	70
0	0
0	0
0	0
0	0
0	0
0	0
1	0
0	0
0	143
9	40
0	256
0	11
1	28
0	185
0	23
1	0
0	39
0	9
0	0
0	0
0	0
0	0
0	0
0	0
0	0
0	0
187	24
0	17
0	18
6	3248
0	3826
5	162
36	979
2	3685
0	1072
25	1398
46	418
0	1644
1	991
6	955
4	554
1	123
1	401
20	2301
0	2274
21	92
2	299
0	272
0	0
0	0
0	0
0	0
0	0
0	0
0	0
0	0
0	0
0	0
0	0
0	0
0	0
0	0
0	0
0	0
0	0
0	0
0	865
332	833
1	204
390	854
0	1158
0	207
0	105
0	230
1835	0
0	1762
0	1650
0	1964
0	1
0	1
0	1
1	123
124	161
0	161
0	11
0	30
0	0
0	0
0	0
0	0
0	0
0	0
0	0
0	136
0	35
1	129
0	37
0	1
0	5
263	3599
7	3439
0	2630
0	176
0	3041
0	224
0	266
0	452
0	304
1	108
69	433
0	0
0	0
0	0
0	0
0	0
0	0
0	651
0	0
0	0
0	0
0	3
9	15
0	6
9	15
0	124
0	125
0	12
0	96
0	2
0	4
2	142
0	420
0	346
0	392
0	116
0	290
2	25
0	197
5	50
2	75
7	51
0	55
46	55
0	30
0	0
0	0
0	0
0	0
0	0
0	0
0	0
0	0
0	9
0	5
0	3
0	2
0	0
0	1
0	9
0	0
0	1
0	0
0	0
0	0
0	29
0	0
0	0
0	0
0	0
0	0
0	0
0	0
122	27
0	27
0	0
0	0
0	2
0	0
0	0
0	0
0	2
0	0
0	0
0	0
0	0
0	0
508	0
381	30
8	311
0	19
0	8
0	37
0	52
1	536
0	532
0	69
3	59
0	21
2	9
0	4
276	1441
2	1441
0	0
0	0
7	602
0	595
0	17
0	19
0	427
0	59
16	149
0	293
0	405
0	23
0	7
0	414
1670	0
0	925
0	2651
0	133
3	200
0	117
0	57
6	2524
0	52
0	50
0	147
0	58
0	2538
4	54
0	74
0	53
0	265
0	29
0	31
0	96
161	2283
0	104
0	115
6	210
13	390
0	2281
0	133
0	2651
2	439
6	4
15	460
11	457
0	616
0	446
0	182
0	326
0	516
0	38
0	503
0	516
0	64
0	499
0	493
0	391
1	117
291	373
129	348
0	353
0	129
0	216
62	32
29	322
0	0
0	0
2	1
0	1
0	1
136	221
5	98
2	81
0	124
0	289
0	348
161	337
1	67
0	192
2	257
0	348
293	188
0	35
4	128
0	42
0	42
620	128
0	30
15	6
0	74
1	4
0	0
0	4
0	4
0	0
0	0
0	72
0	242
3	243
0	61
1	73
0	226
0	226
0	47
122	1186
6	63
0	55
0	236
1	21
0	0
3	139
0	30
1	49
0	774
0	64
0	87
0	67
0	8
0	60
0	68
0	255
0	692
0	693
0	320
3	295
0	310
5	712
0	192
30	208
14	78
21	51
7	15
10	295
9	294
214	2307
0	2303
4	96
5	95
6	29
11	53
1	49
0	124
8	0
2	1190
29	1173
0	826
13	154
4	97
0	194
25	190
0	111
1	98
2	180
1	209
0	148
0	68
0	113
4	79
0	81
0	65
0	68
0	2
0	0
0	0
0	0
0	0
0	0
0	0
0	0
24	271
0	163
0	206
0	271
1	3
0	0
0	3
285	372
0	372
1	16
7	201
6	38
1	25
2	24
0	36
1	24
0	0
0	0
0	0
0	0
0	0
0	0
3	0
0	0
0	0
0	0
0	0
2432	3723
0	920
0	2803
0	509
0	93
0	101
0	97
3	481
2	357
0	159
0	242
0	452
1	413
2	0
1	61
0	0
0	0
0	0
42	1576
30	1580
1	1580
0	1314
0	0
0	0
0	0
0	106
0	103
0	103
0	3
1	35
0	6
0	4
0	0
1	4
0	0
0	44
0	281
0	65
0	44
0	8
0	260
1	54
0	65
0	24
0	9
1	21
0	35
3	250
0	3
0	3
0	205
0	2
0	2
0	201
0	1
0	0
0	4
0	3
0	43
0	274
0	1
0	692
0	37
0	1
3752	3071
5	3078
1	2917
0	845
0	0
0	0
0	0
0	0
0	0
2	1142
0	1142
2	109
1	194
0	70
0	0
0	0
0	0
0	0
0	0
4	1448
0	1045
113	1160
218	12
0	15
0	0
0	0
1	3
0	132
0	21
1	44
1	6
1	14
0	130
0	0
0	0
0	0
0	0
0	0
1	12
0	13
0	13
0	8
0	10
1	9
0	148
31	792
0	780
0	423
2	294
1	105
0	172
0	174
0	94
5	2
0	78
0	73
0	728
164	372
309	372
560	0
0	164
0	64
3	171
0	832
3	862
117	687
1	681
6	680
1	7
0	4
0	164
0	168
0	282
0	79
10	45
0	62
0	198
0	0
0	0
0	0
0	0
0	0
0	0
0	0
0	0
0	0
0	0
1	1004
36	1005
0	233
3	877
4	237
80	317
0	43
0	337
0	339
0	11
4	45
0	80
0	340
0	0
0	2056
0	245
0	389
0	982
0	1938
0	1992
0	1944
0	65
0	197
0	224
0	156
1	306
0	232
0	147
3	138
0	329
4	277
0	275
3	201
8	256
0	290
7	222
0	146
0	245
0	57
0	249
0	137
0	92
0	16
0	0
0	0
0	0
0	0
0	0
0	0
0	21
0	65
0	821
0	78
0	773
0	604
0	76
0	778
0	70
1	438
0	744
1	34
0	557
0	14
0	66
0	42
0	7
0	80
1	26
0	150
0	0
0	0
6	20
0	20
0	0
0	3
0	3
0	2
0	0
0	2
1	0
0	0
0	0
0	0
0	0
0	0
0	0
0	2
1	700
0	698
0	611
0	4
0	2
501	674
86	107
0	86
1	13
0	79
0	54
0	58
1	25
125	221
0	29
0	74
1	213
1	0
371	50
2	29
0	21
0	1
61	5
0	3
0	2
0	0
0	0
26	1082
1	118
3	1063
2	83
0	65
0	48
6	87
10	20
0	0
1	0
2	0
0	0
2	180
0	16
0	1
0	1
0	1
0	1
0	1
0	1
164	36
0	26
2	16
1	5
2	7
2	5
0	1551
0	50
0	552
0	1531
0	1391
0	1
1	64
0	1537
0	1541
0	70
0	399
0	0
0	0
0	0
0	0
0	616
1	556
1	160
5	31
13	38
0	588
0	0
0	0
24	94
2	64
1	94
0	24
0	3
362	225
0	225
0	2
0	2
0	2
0	2
1	4
0	4
0	0
0	0
0	0
0	0
0	0
0	0
0	0
0	0
0	0
0	0
0	2
0	0
0	0
0	2
0	0
0	0
0	0
0	0
0	0
0	0
0	0
0	0
0	155
42	163
0	0
1	5
0	163
0	159
0	31
0	6
0	27
0	31
0	0
0	0
0	16
0	9
0	6
0	0
0	0
0	0
0	0
0	0
0	0
0	0
0	0
0	0
0	0
35	19
0	17
0	16
0	15
0	15
0	13
0	20
0	15
0	19
0	8
0	15
24	8
7	4
0	26
0	214
5	26
0	34
0	24
0	32
8	229
0	12
0	207
3	396
0	343
48	110
0	373
0	301
1	78
0	119
0	162
0	131
9	389
0	338
0	391
0	240
4	41
0	58
0	176
1	160
2	64
0	139
1	143
19	49
0	0
0	1
7	230
0	229
0	227
0	238
2	48
0	250
0	250
24	789
0	18
0	7
0	737
15	703
0	104
13	533
0	224
0	39
0	1
0	0
0	306
85	316
0	251
1	0
0	26
0	18
0	36
46	2
0	2
0	2
0	2
0	2
0	2
0	45
346	1338
0	92
0	1232
4	930
0	1119
2	957
0	943
4	46
0	143
1	197
26	322
0	123
0	80
2	87
0	76
1	52
1	58
0	57
3	42
0	0
3	0
0	288
0	22
0	21
0	218
0	195
0	234
0	7
0	28
4	216
0	232
0	273
0	0
1	679
0	496
43	679
283	446
0	444
1	166
2	2
0	69
0	0
1	65
0	213
0	244
2	277
0	89
0	114
0	106
0	81
0	0
0	0
0	0
0	0
0	0
0	0
0	0
0	0
0	0
2	162
0	169
0	67
0	69
2	27
1	27
1	9
0	0
0	4
0	0
0	3
0	1
0	4
0	3
0	0
0	281
5	261
3	126
553	0
0	0
0	712
2	154
0	688
0	504
0	505
0	437
0	182
0	146
0	688
0	687
0	0
0	0
0	0
0	0
0	0
0	1
0	0
0	2
0	1
0	1
0	680
7	404
0	20
0	46
0	668
41	935
1	783
0	886
0	785
0	827
0	811
0	731
0	689
0	771
0	754
0	872
0	879
0	493
0	384
2	116
0	645
10	381
4	363
3	334
0	0
1424	0
0	0
0	0
0	0
0	0
0	0
0	805
0	0
0	0
0	0
0	0
0	4
554	39
1	35
0	4
0	0
112	867
72	867
0	100
0	0
0	0
0	4
0	3
0	4
0	2
0	0
0	0
2	95
0	84
9	3
0	69
10	104
0	0
0	0
462	1560
0	1491
6	1338
0	1173
0	1282
0	1320
0	1146
1	187
1	157
3	138
0	0
0	0
0	2
0	19
0	9
0	9
0	15
0	41
0	45
0	46
1	10
0	7
0	9
0	4
0	1
177	214
3	20
2	13
0	45
0	47
0	54
0	47
0	53
3	93
0	103
0	93
0	129
0	93
0	503
0	501
0	35
0	12
0	0
1	5
1	509
0	9
0	0
0	13
0	308
8	1906
21	639
2	298
8	1669
3	1760
0	335
0	455
4	517
11	132
0	2
0	0
0	0
0	0
1	7216
0	143
2	2164
63	5701
0	7158
343	5298
0	142
0	5026
1	831
17	84
23	78
0	445
0	382
0	319
0	347
0	607
30	1264
0	715
13	383
0	826
0	0
0	1
0	3
0	1
0	1
0	3
0	3
0	1
0	0
0	0
0	2
0	1
0	0
0	2
0	2
0	0
0	1
0	0
0	80
0	24
0	10
0	65
0	76
0	71
1	0
7	571
16	571
0	41
0	0
0	0
0	0
0	7
1164	0
4	920
0	105
6	104
0	107
0	15
0	13
0	11
0	8
0	2
1	0
0	0
0	0
0	106
5	2149
0	1
0	1
299	189
3	100
0	161
1	7
0	10
0	4
0	4
0	2
5	0
0	11
15	26
27	0
0	17
0	359
0	259
0	206
0	64
0	108
0	36
0	71
0	46
0	46
9	123
961	814
62	629
5	414
3	106
6	44
1	83
0	88
0	46
0	27
0	210
8	226
0	58
0	16
0	14
0	19
390	222
6	121
39	151
0	58
0	72
3	49
0	9
5	25
0	0
0	2
0	2
0	0
0	0
0	0
0	1
0	0
0	0
0	0
0	0
0	0
0	0
4	181
0	301
3	242
0	211
0	141
1	197
0	70
1	36
2	0
461	268
0	81
0	94
3	165
0	172
0	178
0	175
0	174
0	70
1	38
8	0
32	3
0	2
0	0
0	0
0	0
0	0
9	1
1	59
0	59
0	59
0	61
0	1
0	2
0	2
0	2
0	2
0	2
0	2
0	0
0	2
0	2
0	2
0	0
0	0
0	0
0	2
0	2
0	2
0	2
0	2
0	2
0	2
0	2
0	2
0	2
18	5
0	0
0	22
0	3
0	3
0	3
0	5
0	18
0	3
0	21
0	0
0	0
0	4
0	2
0	0
0	0
0	0
0	0
0	0
0	0
0	0
0	0
0	0
0	0
0	0
0	0
0	0
0	0
0	0
0	0
0	0
195	0
0	28
0	29
2	21837
0	2973
12	2671
0	21851
19	20830
71	6490
0	15392
0	5234
15	1813
0	12406
12	3862
0	10497
0	6654
96	5628
0	5666
15	1447
0	1483
3	1277
0	0
0	0
0	0
0	0
0	0
0	0
0	0
0	0
0	1273
0	161
254	752
0	378
0	377
0	55
0	33
0	355
1	209
0	156
0	67
0	103
0	42
0	60
0	53
0	4
0	1
0	1
0	0
0	0
0	174
2168	453
0	0
0	49
0	179
1	73
0	100
258	316
0	264
5	22
3	0
0	241
0	73
0	0
0	0
0	18
0	0
0	0
0	0
0	0
0	0
0	0
0	0
0	0
0	0
0	0
0	0
1	0
0	0
0	0
0	0
0	0
0	61
0	6
0	3
0	3
0	3
0	3
0	3
0	3
0	2
0	0
0	0
0	0
0	0
0	0
0	0
0	0
0	0
0	0
0	0
0	0
0	0
0	0
0	0
0	0
0	0
0	0
0	0
0	0
0	0
0	0
0	0
0	0
0	0
0	0
0	0
535	1083
0	1084
0	1069
0	966
0	929
0	925
0	806
3	914
1	752
1	886
0	869
0	859
0	746
0	251
0	17
0	17
0	0
0	0
0	0
5	300
10	12
0	178
0	11
0	31
0	286
1	14
0	125
0	11
0	13
0	8
1	4566
0	4594
0	1745
0	855
30	3304
168	887
0	4595
3	941
0	803
0	3571
13	2056
0	174
0	156
0	165
0	171
0	49
0	41
0	41
0	29
0	0
1	6
0	18
0	16
0	10
0	4
0	0
558	0
0	0
0	1
0	0
0	0
0	1
0	0
0	0
26	7
0	7
0	0
0	0
0	860
0	1001
0	1020
0	876
0	715
0	38
0	86
0	216
0	171
0	1011
0	0
0	0
1	0
0	19
0	19
0	19
0	10
0	4
0	3
0	2
0	1
0	1
0	1
0	109
0	109
0	0
0	1
0	1932
3	86
0	999
8	156
0	1685
1	916
2	142
6	227
11	378
1	83
33	1163
0	467
583	388
5	92
0	215
1	134
2	39
0	81
0	0
0	0
0	0
0	0
1	1309
4	1308
0	137
0	248
0	483
6	1109
0	1245
5	255
0	1110
0	1291
4	10
261	14
6	4
1	0
0	1
0	0
0	1
0	0
0	0
0	0
0	1
0	1
0	0
0	0
0	0
2	0
0	16
0	116
0	0
0	310
0	286
0	127
1	308
7	10
14	513
0	32
2	26
0	513
14	0
0	0
0	3
0	3
0	2
0	2
0	0
0	0
0	0
0	0
0	0
0	0
0	2
0	1
0	2
8	85
2	115
46	501
8	501
2	175
0	0
719	426
10	207
8	309
18	127
0	0
0	0
28	1610
6	1609
140	600
30	589
1	591
0	27
1	811
0	1011
1	131
0	221
13	851
0	172
0	110
1	295
0	706
0	93
4	154
0	140
8	341
2	92
532	0
0	390
0	385
0	386
0	288
0	310
0	316
0	401
0	377
0	340
0	340
0	325
1	71
2	16
0	41
0	41
0	37
0	36
0	14
0	13
0	12
0	0
0	3
0	118
0	332
861	0
3	0
0	0
0	0
1	701
0	817
1	716
35	154
0	748
0	721
19	230
0	5
1	158
0	769
0	695
2	549
0	1663
2	1041
0	41
1	1083
4	570
0	934
0	659
6	339
0	2
2	469
15	198
0	664
0	675
0	651
0	77
2	11
1	29
0	100
1	125
0	26
1	26
0	232
1	78
5	22
21	0
0	97
128	901
40	224
8	660
3	38
1	48
9	67
1	510
6	76
0	69
10	11
0	27
0	253
0	9
0	9
0	6
0	4
1	3
0	0
0	1
1	4
0	4
0	1
0	9
0	1
0	15
1	20
0	14
0	18
0	27
0	2
0	14
0	18
0	10
0	17
0	19
0	6
0	24
0	26
0	24
0	14
0	28
0	16
0	9
0	17
0	10
0	1
0	15
0	13
0	23
0	16
0	11
0	18
0	7
0	3
0	7
0	12
0	8
0	14
0	12
0	1
0	2
0	9
0	2
0	8
50	349
1	5
0	231
3	239
6	39
0	57
3	154
5	91
0	9
0	151
0	210
14	213
5	142
0	163
3	54
1	24
0	3
0	0
1	0
0	0
0	0
0	0
0	0
0	0
0	0
0	0
0	1730
0	1315
2	465
5	197
11	237
0	1475
0	0
2	29
0	29
0	0
169	207
1	202
2	106
0	28
0	10
0	2
0	5
0	0
0	1
0	1
2	0
0	0
0	41
0	0
13	1084
0	1182
0	1017
12	1009
0	90
2	49
1	20
1	20
0	555
0	535
0	56
2	115
0	640
2	165
1	608
0	642
0	646
3	19
16	88
0	81
0	309
0	267
0	67
0	82
0	182
0	124
0	39
0	13
0	22
63	0
0	0
0	0
2	1
0	1
0	0
0	420
62	49
765	1866
2	516
31	1130
0	654
0	400
0	678
36	177
1	177
0	28
0	176
0	200
10	666
13	198
76	652
0	196
1	0
1	13
0	39
0	1
0	0
0	283
0	262
0	91
0	282
0	124
0	294
0	115
0	99
0	342
0	81
0	120
0	275
0	276
0	176
0	59
0	40
0	9
0	10
0	10
0	8
0	0
2	7
0	313
6	5231
95	5050
14	5231
0	397
7	291
0	244
0	0
102	0
0	0
0	0
0	0
0	338
0	224
0	224
0	224
0	57
0	55
0	1
0	132
6	4
0	17
0	0
0	5
0	0
0	0
0	0
0	0
0	0
0	0
1	0
0	413
20	266
1	285
4	148
0	9
4	9
5	311
0	195
0	0
0	0
0	0
0	0
0	639
0	13
0	70
0	58
0	4
12	20
0	91
11	627
0	54
26	1067
0	222
4	20
28	207
1	129
1	1041
0	4
0	1
0	0
0	5
0	1
0	0
0	0
0	1
0	1
0	0
0	0
0	0
0	1
0	0
0	0
0	0
11	197
0	182
2	184
23	227
0	53
5	48
0	36
0	63
0	34
1	28
3	25
21	28
3	0
0	11
0	4
0	14
0	16
1	14
0	12
0	13
0	14
0	2
0	6
0	11
0	2
0	3
0	276
0	293
2	216
0	275
0	290
2	44
9	98
1	28
0	0
0	0
0	0
0	0
0	0
0	0
1747	3693
9	576
2	1860
7	877
0	1272
1	331
0	2397
0	289
0	225
0	274
1	52
3	77
0	14
0	52
4	26
2	28
0	26
0	10
10	382
4	375
0	249
0	142
0	97
0	90
34	50
57	47
69	218
1	803
4	653
32	901
18	738
154	1761
0	1487
0	1434
0	422
41	785
0	706
0	746
0	423
0	249
0	190
1	146
0	146
0	66
0	855
1	495
0	5
0	16
0	21
2	18
5	41
1	42
0	0
1	10
0	15
0	2703
12	2426
5	14
3	15
42	2363
0	226
0	1454
28	1068
0	842
0	842
0	0
0	0
0	452
4	22
0	436
39	39
0	84
2	120
2	86
2	125
117	36
0	74
2	46
3	355
0	0
13	802
5	616
0	762
0	373
1	631
0	361
0	378
0	0
0	125
0	120
0	123
0	124
0	122
0	100
0	10
0	33
0	45
0	94
0	91
0	94
0	94
0	92
0	89
0	91
0	93
0	91
0	93
0	93
0	94
0	92
0	107
0	107
0	107
0	1
0	5
0	5
0	0
0	45
0	5
0	5
0	179
0	166
9	1437
3	1404
8	53
3	156
0	98
0	160
25	12
21	64
1	105
1	35
1	108
0	221
195	185
1	69
9	39
7	105
80	145
0	152
13	56
5	58
3	1
34	0
14	55
8	172
0	100
0	172
0	162
0	142
5	97
0	102
0	519
0	510
0	473
0	165
0	510
0	522
0	6
0	493
10	496
0	495
0	177
0	514
0	478
0	482
0	101
1	483
0	178
6	525
0	525
0	242
0	493
0	70
135	1054
1	1054
0	357
0	330
9	56
1	329
0	0
3	0
0	0
0	0
0	0
0	4
0	0
0	5
0	4
0	6
0	5
0	5
0	18
0	9
0	9
0	11
0	11
0	11
0	7
0	7
0	0
0	0
0	0
0	0
0	0
0	0
0	0
0	0
0	0
0	0
0	0
0	0
0	0
0	0
0	0
0	0
494	0
0	0
3	1
2	2
1	0
1	0
0	0
0	1
5	0
560	2385
4	2239
1	928
39	2376
13	2217
20	761
0	800
3	1837
0	0
0	1302
0	70
0	66
0	212
0	390
1	209
0	210
4	104
0	320
0	66
0	34
0	59
0	84
0	35
0	381
0	507
0	455
0	445
0	102
182	310
0	446
0	420
0	92
4	498
0	189
0	200
0	171
2	191
14	121
0	68
0	430
0	1
10	983
0	1020
4	309
0	97
26	20
0	19
0	19
0	6
0	0
0	0
0	0
0	0
3	77
0	132
3	95
0	135
0	135
0	135
8	133
0	0
0	0
9	583
0	583
109	872
0	335
22	526
30	242
0	0
1	0
0	1402
0	1540
0	1499
4	105
2	74
0	1453
66	637
0	637
0	517
474	252
0	76
0	204
0	44
6	31
24	0
7	64
2	56
4	72
0	38
0	47
2	1
0	31
0	23
275	1858
1	1437
0	1858
0	217
0	193
0	195
0	0
0	0
0	0
0	122
2	47
1	7
0	204
0	1058
0	21
1	257
1	64
0	151
0	936
0	294
0	74
0	566
0	102
0	558
0	594
0	77
0	416
0	414
0	289
0	396
0	398
0	346
0	331
0	383
0	333
0	308
0	216
0	246
0	63
0	89
0	82
0	11
0	71
0	69
0	72
0	15
0	13
0	0
0	0
0	0
0	0
0	14
0	3
0	3
0	3
0	3
0	0
0	0
1	0
0	0
0	0
0	0
0	3
0	3
5	1320
1	0
0	0
0	0
0	0
0	0
3	32
301	154
1	6
1	86
0	85
14	45
0	6
62	183
3	31
41	9
0	163
21	113
15	0
0	325
0	476
0	370
0	557
0	493
1	77
3	76
0	40
0	18
0	11
0	339
3	342
5	343
1	342
0	105
0	96
0	81
0	73
0	74
0	71
0	103
4	112
0	103
0	380
0	420
18	229
0	317
1	57
9	258
11	248
0	628
0	492
1	23
0	561
0	70
0	164
0	597
1	79
3	15
0	208
0	208
0	96
2	145
0	474
0	14858
4	14791
0	4822
5881	9062
10	264
4	3322
24	1496
2	883
0	440
1	451
1	91
0	95
0	92
0	95
1	93
0	93
0	64
3	8
0	94
0	94
0	84
0	87
0	369
0	448
0	166
2	76
1	0
157	88
0	0
4	2
0	2
0	251
0	206
1	37
0	134
0	173
0	211
0	224
7	7
0	39
0	26
0	62
0	11
0	0
0	48
1	241
0	229
0	266
239	1291
3	611
0	585
7	829
6	292
0	0
0	0
0	0
0	0
0	0
0	0
0	0
0	0
514	0
0	394
0	227
0	455
0	1153
0	1122
4	89
0	286
0	239
0	264
0	443
0	1144
0	1237
0	285
0	199
0	362
0	242
0	1257
2	728
3	768
0	856
2	664
0	590
2	351
0	301
3	257
0	261
0	136
0	146
0	132
0	156
0	2
0	115
0	74
0	722
0	0
0	0
0	0
0	0
0	0
0	0
0	0
0	0
0	0
0	0
0	0
0	0
0	0
0	0
0	0
0	0
0	0
0	0
0	0
0	191
0	317
0	89
1	120
0	118
0	127
7	189
0	0
0	0
0	0
0	0
0	0
0	0
0	0
0	0
0	0
184	220
25	67
6	220
0	148
19	8
0	45
289	45
0	1018
0	979
3	533
16	566
0	307
641	75
2	74
0	74
4	75
0	0
0	51
0	48
2	51
0	0
0	0
387	1423
10	1423
1	0
0	0
0	0
0	0
2	13
0	11
0	0
0	11
0	654
3	629
0	479
1	113
19	51
48	242
0	70
0	0
0	0
0	0
388	1400
0	235
0	348
242	348
22	254
7	210
14	53
13	76
1	62
12	225
56	884
0	204
1	121
2	89
1	109
0	84
0	4652
0	1544
11	4559
126	1220
1	347
0	141
1	616
0	377
0	0
112	315
0	28
0	303
0	299
32	171
1	124
0	106
0	111
0	29
0	119
4	20
0	87
0	892
0	966
0	177
1	15
3	100
1	0
1	221
5	53
0	85
0	37
0	183
0	46
0	201
0	913
0	345
0	324
8	252
0	78
0	0
0	0
0	0
0	578
8	455
4	569
0	344
0	313
0	56
0	128
0	128
1	62
2	145
0	117
2	11
0	81
0	60
0	54
0	55
0	32
1	565
40	42
0	295
3	84
2	274
0	261
0	109
0	69
3	306
0	265
0	251
0	233
0	222
1	135
0	74
0	91
0	94
0	61
0	2
0	10
0	0
0	0
1	542
1	605
0	1572
249	2265
59	386
4	1005
6	13
5	24
0	69
2	67
0	67
0	5
0	5
4	0
0	69
657	876
17	811
1	388
4	65
0	0
0	0
0	0
4	37
85	37
0	0
0	0
2	443
0	579
11	465
3	579
0	682
2	483
0	356
0	96
0	121
1563	0
0	130
1	216
8	84
0	606
1	0
0	509
1	431
1	41
0	41
2	5
2	2
0	5
3	0
1	6
36	551
0	436
5	408
1	72
1	66
32	94
0	9
0	96
0	31
1	8
2	8
0	430
0	47
0	809
0	110
0	485
0	135
1	174
2	122
9	297
7	617
1	51
0	48
0	41
0	108
0	7
0	108
2	14
0	119
0	29
0	42
0	94
0	81
0	64
1	83
13	87
6	71
0	109
1	103
0	104
0	0
0	0
0	0
0	0
0	0
0	0
0	7
0	7
0	7
0	1
0	0
0	2
0	1
21	857
1	0
2	25
0	740
0	740
0	49
0	853
0	736
1	142
0	6
0	0
0	142
0	0
0	295
2	270
0	54
48	171
4	44
0	114
24	28
0	5
0	0
0	28
2070	633
1	147
15	106
0	105
3	275
0	7
663	0
4	114
6	3
2	3
0	161
0	163
0	106
0	5
0	12
1	93
0	5
0	5
0	0
0	2
2	1
0	0
0	1
0	1
0	18
0	15
0	13
0	118
0	2
0	21
0	76
0	46
0	6
0	14
0	4
1	4
5	64
3	52
0	163
0	55
42	55
5	26
0	30
2	17
6	4
0	0
0	923
0	906
0	653
0	670
0	705
0	707
0	707
0	572
0	628
0	569
10	446
0	91
0	8
0	1
0	925
0	922
0	905
0	921
0	687
0	876
0	849
7	785
20	96
2	640
1	35
0	35
2	421
0	50
0	44
0	51
0	50
0	36
0	268
6	954
0	411
3	73
0	337
0	315
0	315
0	315
0	333
0	354
0	960
0	984
4	337
1	65
2	80
0	58
0	50
0	17
0	337
0	295
426	137
0	45
0	29
0	22
0	4
0	45
0	44
0	295
0	154
0	161
0	293
0	302
0	287
4	58
0	35
1	284
0	274
0	292
0	134
0	260
0	1
0	294
0	114
0	301
0	287
0	286
0	30
1	276
0	288
0	304
0	234
0	286
0	135
0	297
0	59
0	303
1	127
0	288
0	160
0	276
0	288
0	303
0	119
0	280
0	279
0	24
0	44
0	173
1	41
0	15
0	31
0	1
0	130
0	29
0	145
0	0
0	20
0	20
0	108
0	30
0	76
0	95
0	92
0	103
0	66
0	91
1	80
0	68
0	73
1	13
0	2
0	0
0	0
0	0
0	0
0	31
403	356
0	88
1	129
1	75
0	177
0	136
0	113
0	140
0	139
0	4
0	0
0	1
0	1
0	1
0	0
0	0
0	115
5	114
0	116
0	3
0	120
0	117
25	1041
20	983
2	81
2	56
2	1041
2	88
0	705
1	91
0	222
0	85
0	69
0	0
0	0
0	0
0	1
0	0
0	0
14	112
13	17
0	85
35	102
17	74
0	0
5	682
0	692
1	627
5	147
0	195
0	161
1	100
1	25
19	172
0	15
1	10
0	451
0	407
0	397
0	340
0	388
0	386
3	302
0	376
0	249
0	388
0	306
0	307
0	248
0	195
0	291
0	164
0	150
0	87
0	95
0	81
0	7
3	50
0	49
0	478
0	654
5	1538
4	1499
0	751
5	1421
2	782
0	60
0	113
1	746
0	1472
0	13
1	329
0	391
0	332
0	352
0	384
0	69
17	66
0	187
0	190
0	464
3	148
0	0
0	0
0	0
0	0
0	0
0	0
0	0
0	0
0	0
0	0
0	0
0	0
0	0
0	0
0	0
0	0
0	0
0	0
0	0
0	0
0	402
0	122
0	1813
10	341
0	420
15	468
21	148
2	469
6	747
7	628
3	1668
0	1706
0	1758
0	23
1	187
14	226
0	119
19	195
3	218
0	163
0	100
0	35
10	13
17	122
0	13
0	71
3	10
5412	1970
1	1569
0	0
0	0
8	0
0	0
420	48
0	48
3	335
0	372
4	314
0	178
0	105
4	40
0	42
11	777
0	98
0	595
0	20
0	760
11	888
0	49
1	98
0	31
0	294
73	198
4	0
1	449
5	226
2	74
0	111
0	0
0	724
25	190
0	803
2	80
0	13
0	144
0	137
0	112
0	106
0	746
0	740
0	746
0	25
70	537
0	553
2	189
0	143
0	47
5	154
0	572
0	119
6	95
0	152
0	118
84	1038
0	743
85	930
0	963
163	463
11	542
0	186
0	170
2	132
4	118
1	59
116	310
19	352
2	229
0	236
0	113
4	80
1	161
0	187
32	131
0	187
5	54
0	157
1	22
1	116
8	22
0	45
26	49
2	84
0	23
0	60
0	17
0	292
0	1921
1	676
1	573
5	593
2	218
3	583
9	317
39	613
19	489
5	423
17	384
3	1834
0	0
0	0
0	0
0	0
0	0
0	0
0	0
0	832
0	27
532	0
0	19
0	2
0	2
19	1
0	1
0	1976
53	2044
46	146
0	244
3	1335
27	390
16	0
10	76
4	150
6	123
2	199
111	40
0	730
0	477
1	200
612	829
0	664
3	557
2	301
16	551
32	523
7	121
0	230
44	827
0	65
15	74
0	144
0	202
0	197
0	191
0	196
0	100
1	9
0	10
0	12
0	12
0	18
0	10
0	2
0	2
0	188
844	197
18	197
0	5211
2	1239
1	2012
1	13472
0	14704
4	18961
2	1882
18	2745
2	2859
1	3795
0	3872
0	4527
0	14062
0	16738
1	4672
0	3734
0	18425
0	18398
1	11469
0	6055
0	98
7	8133
0	6020
28	11850
7	11668
0	1
8	3
0	3
0	231
0	143
0	38
0	65
0	333
3	348
0	266
0	279
0	116
0	167
0	169
0	163
0	75
0	62
0	38
2	46
0	57
0	21
0	1
0	1
0	1
0	1
0	1
0	1
0	1
31	264
1	264
0	0
0	0
199	167
5	62
0	117
0	117
2	73
6	298
0	286
3	252
2	311
2	335
5	177
3	31
2	0
0	0
0	0
0	0
2	15
0	15
0	0
39	599
0	589
3	39
0	39
1	49
0	589
767	150
1	129
0	84
0	74
0	0
0	612
0	389
9	2
0	318
0	2
0	581
0	579
0	340
5	100
0	95
2	77
3	28
148	1550
2018	1541
2	463
0	232
0	0
0	0
0	713
1	8
25	737
182	280
3	17
0	98
0	0
0	63
0	0
0	0
0	0
0	0
0	0
0	0
0	0
0	0
0	0
0	0
0	0
0	40
0	40
0	63
0	107
0	80
0	0
0	0
0	0
0	0
0	89
0	92
0	79
0	29
0	33
0	50
0	85
4	30
0	66
5	0
2	18
0	41
0	27
0	735
0	0
0	0
0	228
17	225
133	269
11	73
1	120
0	54
0	103
0	63
0	0
0	227
0	228
1	1083
5	1083
0	43
0	1087
0	2
0	62
2573	0
0	0
255	992
0	712
0	200
0	414
1	331
403	1594
6	1595
1	817
0	486
0	0
0	0
0	0
0	0
0	295
0	19
0	321
0	63
0	3
0	119
0	44
0	39
0	24
2	22
0	44
0	134
1	134
0	4
0	12
0	4
2	9
0	47
0	49
0	47
0	43
0	28
0	25
0	25
0	6
0	14
0	10
0	12
0	10
0	12
0	7
0	6
0	49
0	47
0	12
0	12
0	9
0	12
1	229
2	109
0	58
0	44
0	24
3	10
0	223
0	223
0	223
56	1336
0	91
0	1272
0	21
0	133
0	0
0	0
0	0
0	0
0	0
0	0
0	861
0	1002
0	1020
0	877
0	1012
0	115
35	176
45	150
0	86
1	132
0	163
4	93
0	219
0	173
0	136
0	126
8	0
214	0
0	0
1191	0
151	437
1	239
0	108
56	193
24	170
0	90
5270	5558
4	431
0	1644
186	518
1	112
41	297
0	292
0	286
0	280
0	27
0	27
0	36
0	18
0	19
1	14
0	13
0	7
1	7
1	2
0	0
3	0
0	0
0	0
78	278
1	131
2	110
1	147
2254	1043
3	255
25	629
0	110
1	259
13	132
3	63
0	44
0	22
5	0
0	8
0	0
0	0
0	0
0	0
0	0
0	0
0	0
0	1098
0	855
21	647
0	222
0	174
1	127
0	74
0	0
1	0
0	1455
0	1466
1	8
3	1408
10	760
11	38
5	29
1	47
0	16
0	200
3	186
2	71
0	49
1	87
0	50
0	83
1	267
0	1
0	1
0	1
0	1
0	1
0	0
0	0
0	1
6	1
0	0
0	100
0	0
0	0
4	10
0	11
0	4
0	0
1	1
0	0
0	0
0	0
0	0
0	0
0	0
0	0
0	0
0	0
7	797
0	143
0	352
0	815
0	797
0	229
2	98
2	410
63	0
184	0
5	465
1	467
0	15
2	126
1	113
0	123
0	131
0	126
0	96
0	237
0	248
0	1530
16	108
0	1618
3	205
236	19
0	19
0	280
1	132
0	1
3	258
9	290
0	178
0	290
0	5
1	5
0	4
0	5
0	4
0	0
0	5
0	0
0	4
0	4
0	5
0	1
0	0
0	0
0	0
0	0
0	0
1	15
2	16
3	1
0	2
8	28
0	22
0	2
0	3
0	14
0	4
0	10
0	4
0	16
0	2
2	5
0	23
1	21
0	6
0	23
0	21
0	5
0	12
0	2
0	0
0	23
0	23
0	711
0	726
0	1339
0	1344
0	1509
0	1279
0	1383
0	959
0	498
0	47
0	0
0	0
0	0
0	0
0	1259
0	619
1	661
8	1499
0	1353
0	1081
0	1252
0	1047
0	487
0	377
0	141
2	206
3	209
20	8367
1	603
1	684
0	8544
12	1462
0	1530
0	4438
0	3509
8	1532
50	5015
0	6179
1	752
6	3636
0	1655
0	1287
65	169
1	1134
0	1312
39	262
0	8007
0	7896
0	0
0	0
0	0
0	0
0	32
0	98
0	4
0	185
0	6
0	158
78	195
0	170
0	0
130	128
0	41
0	58
0	69
1	14
0	14
5	15
0	53
1	10
0	0
0	0
0	15
0	0
0	0
0	0
0	0
0	0
0	0
0	0
2	0
0	0
0	16
0	13
12	331
4	296
2	325
0	320
25	194
18	41
0	125
0	127
0	122
0	123
0	94
0	90
0	54
0	60
0	30
2	9
0	33
0	0
0	0
16	386
0	375
0	322
13	390
0	400
0	440
0	114
0	436
13	165
0	339
0	118
0	383
0	393
0	311
0	396
0	390
0	118
0	333
0	340
0	246
0	287
0	252
0	322
0	1
0	369
0	344
0	361
0	313
2	366
0	312
0	304
5	272
0	320
0	337
0	242
0	316
0	201
0	202
3	219
0	182
26	156
0	166
0	94
0	54
0	79
0	23
0	0
9	0
0	0
1	810
0	195
9	377
10	775
18	269
2	405
0	321
0	243
48	488
2	47
0	130
2	130
0	53
0	126
1	118
0	97
0	78
0	57
0	60
0	73
0	0
0	0
3060	0
91	968
0	752
46	582
0	677
0	610
22	550
1	311
3	569
4	244
1	210
5	167
1	0
22	849
0	270
0	849
1	466
0	844
19	6
0	2
0	3
0	3
0	0
0	0
0	0
32	8292
5	1413
0	908
3	1457
0	886
47	8315
369	1024
24	1146
66	3697
0	0
0	0
0	0
0	0
0	1
0	0
0	154
0	0
0	1
0	17
0	0
0	1
0	0
0	0
0	1
0	0
0	0
0	0
0	93
0	56
0	53
0	54
0	54
0	53
0	43
0	49
0	54
0	43
0	41
0	40
2	11
6	2
9	20
0	2
20	9
3	4
0	3
0	8
0	9
0	8
0	5
0	55
0	157
2	0
1	48
116	353
0	42
0	203
0	202
0	251
0	57
0	54
3	12
0	23
0	0
0	0
0	0
0	9714
3	1742
5	1260
0	9714
9	9206
20	2635
119	6263
6	2030
5	1182
17	1830
0	28
0	0
0	0
0	0
0	0
0	0
0	0
0	0
0	0
0	0
0	0
0	0
0	0
0	0
0	0
0	0
0	0
0	0
0	1
0	0
0	9
0	25
0	4
0	4
0	7
0	7
0	8
0	5
0	5
0	1
0	1
0	1
0	1
0	4
0	9
0	1
0	1
0	1
0	0
0	13
0	22
0	4
0	4
0	0
0	4
0	0
0	4
0	4
0	4
0	4
0	5
0	4
0	0
0	4
0	4
0	4
0	4
0	9
0	9
0	4
0	205
0	212
0	11
0	13
0	6
0	2
0	3
2	0
0	4
1206	185
8	185
19	664
0	664
0	664
1	377
0	57
0	81
4	116
944	1320
5	922
1	57
4	69
14	98
1	41
0	122
0	84
0	10
0	3
0	96
0	853
0	9
0	3
0	351
0	179
0	115
4	118
29	1075
0	0
0	0
0	0
0	0
0	0
0	0
0	0
0	0
0	0
0	0
0	12
0	138
0	84
0	73
0	1216
2	240
15	241
0	81
13	86
5	40
0	56
2	6
1	14
0	10
1	0
0	0
0	2
0	11
0	0
0	0
0	11
0	11
0	0
0	0
0	0
0	0
0	11
0	11
0	0
0	11
0	0
1	11
0	10
2	10
0	0
0	0
0	0
0	0
0	0
0	0
0	1
0	0
0	0
0	11
0	4
11	22
2	22
0	10
1	10
0	3
0	0
0	0
0	0
0	0
0	0
0	0
0	4
0	0
0	0
0	4
0	4
0	0
0	8
0	0
0	0
0	1
0	2557
6	589
0	170
1	407
1	625
0	555
0	786
0	343
5	0
0	561
0	2344
0	1263
0	0
4	0
0	0
1	473
0	522
11	1893
0	464
21	299
0	1173
542	2544
0	604
0	1674
0	433
108	1980
2	0
0	0
0	559
12	875
48	875
3	127
9	213
4	187
339	32
0	32
1	4
0	529
0	0
3	529
19	91
0	86
0	54
0	1
0	1
0	6
0	57
2	37
2	81
8	96
1	119
1	82
2411	264
0	264
400	241
0	41
2	180
0	30
1	20
33	26
0	8
0	6
0	19
0	126
0	361
647	571
4	525
0	516
0	159
0	15
0	15
0	15
0	4
0	6
0	5
0	5
0	5
0	1
4	5
1	0
0	0
0	9
0	0
0	0
0	0
57	50
0	49
1	48
0	128
0	525
2	523
0	109
0	69
0	126
0	4
0	11
0	12
0	105
0	0
0	7
0	1
26	326
3	326
0	590
0	794
2	793
2	851
0	20
2	58
2	38
0	851
0	0
0	0
0	0
0	0
0	0
0	0
0	0
0	0
0	0
1	152
0	147
1	297
1269	212
1	64
0	237
7	207
60	295
1	199
0	156
0	3
0	22
0	0
0	0
2	0
0	0
0	0
0	0
0	0
7	443
4	12
1	8
1	8
0	3
1	4
0	2
0	2
0	1
0	0
0	0
0	0
0	0
0	0
0	0
4	431
0	67
0	104
0	430
2	20
1	7
0	10
0	9
0	47
0	0
0	0
0	0
0	0
0	0
0	0
0	0
0	0
0	0
0	0
0	0
0	0
0	0
0	0
0	0
0	0
0	0
0	0
0	0
0	7999
14	6694
0	6694
0	7535
0	7749
57	5731
0	6667
0	6667
0	7797
0	1547
0	713
0	459
11	490
0	460
0	460
5	551
0	723
0	424
0	339
2	409
2	190
0	255
0	28
0	797
4	711
0	651
2	38
1	729
0	772
0	25
0	24
2	24
29	14
0	27
0	0
0	1
0	2
0	0
0	7
0	8
0	4
0	4
0	11
0	9
1	9
0	0
0	0
0	0
0	0
0	0
0	0
0	0
0	0
0	0
0	0
16	14
0	21
0	2
21	22
0	0
0	0
0	0
0	126
5	248
2	90
0	190
1	248
1	120
0	24
0	31
0	15
0	15
0	2
0	2
602	75
3	75
0	25
0	20
0	8
0	22
1	25
1	23
0	24
0	11
0	7
0	20
3	1
13	0
12	61
0	58
0	46
3	1
2	648
20	648
0	0
0	0
0	0
0	0
420	99
0	1
0	1
0	1
21	166
0	203
0	237
0	203
0	88
0	70
1	61
0	60
2	60
0	43
0	34
1	11
0	70
2	38
0	32
1	9
0	9
0	3
1	0
1	72
0	0
0	309
0	397
3	357
0	387
0	62
0	25
0	76
2	46
3	39
0	49
4	43
0	46
0	26
0	80
6	220
1	306
11	986
0	977
1	987
0	977
0	986
0	457
0	377
303	193
0	197
0	127
0	29
0	173
1	315
0	359
0	572
148	482
16	58
0	192
2	194
0	58
1	304
0	81
158	544
0	518
0	493
6	503
0	174
0	402
0	408
0	402
0	367
1	344
3	302
0	301
0	216
1	123
0	112
0	90
0	13
0	14
0	13
1	14
1	7
0	402
0	0
18	353
56	316
0	581
0	133
120	524
0	831
0	801
0	877
0	224
3	558
0	565
0	50
11	121
0	126
0	54
3	99
0	51
1	0
0	10
2	166
0	373
5	38
1	32
0	96
0	127
0	115
0	248
0	33
0	63
0	117
0	192
3	18
0	336
0	49
0	367
1	78
0	76
0	300
0	107
0	153
0	147
0	140
0	286
0	77
0	265
0	35
0	99
0	108
0	34
0	158
0	245
0	50
0	50
0	69
0	99
0	59
0	295
0	190
0	357
0	71
0	122
0	75
0	338
0	90
0	221
0	286
0	430
2	84
4	0
0	0
0	0
0	0
0	0
0	0
0	0
9	1527
33	1536
0	159
16	244
0	720
0	633
0	684
0	617
0	665
3	47
1	248
1	589
8	63
0	573
0	575
0	151
33	426
9	75
0	76
6	36
2	93
0	65
0	120
0	127
0	112
1	7
0	0
9	316
1	316
638	379
0	379
0	112
5	0
0	620
0	620
0	36
0	36
0	40
0	13
0	7
0	36
0	36
5	303
41	265
10	253
4	261
31	47
0	302
0	1
0	1
3	42
0	16
0	339
48	320
0	241
2	314
0	313
10	390
4	39
5	96
4	1628
0	1643
0	1614
3	30
0	911
1	438
0	956
31	676
10	66
0	760
0	902
0	318
2	314
0	318
0	894
6	36
9	711
7	299
0	0
32	0
0	881
1	859
0	877
3	823
0	614
0	466
2	50
51	59
0	965
0	238
375	1837
0	173
0	1684
0	104
0	161
0	1741
1	1583
3	1671
0	190
1	191
0	288
0	1542
0	1543
0	104
0	304
0	111
0	222
8	276
0	314
3	365
0	259
0	489
60	180
3	337
23	399
9	286
3	145
85	731
14	215
107	735
2	111
0	138
6	105
7	208
2	0
0	0
0	5
0	5
0	5
0	5
0	5
1177	928
0	219
4	84
0	5
0	69
42	477
2	48
1	108
1	12
1	12
0	8
0	8
0	0
0	0
0	0
0	229
0	85
10	229
0	131
0	5
0	42
0	26
0	0
0	0
0	0
0	0
0	0
0	0
0	0
0	344
0	624
0	586
0	586
0	598
0	31
1	9
0	36
0	154
0	15
0	586
0	598
0	586
0	612
1583	1754
6	43
2	778
7	371
0	295
0	172
0	514
5	448
1	365
0	350
116	1
8	0
0	1
1	2640
0	0
0	0
0	0
0	0
2	136
618	867
0	473
0	430
0	42
1	52
1	47
64	48
5	97
636	130
2	120
90	96
0	85
0	57
3	39
0	16
0	2
0	2
0	0
0	2
5	7
0	7
0	0
0	0
0	0
0	0
1247	0
0	0
0	0
0	0
0	0
0	0
0	0
10	0
1	1
0	0
0	1
2	2
0	2
2	146
2	101
1	67
2	153
0	184
4	55
0	5
0	5
59	10
0	10
0	0
1	0
0	304
0	1227
0	1208
13	42
0	147
0	224
0	578
107	392
0	123
0	797
0	64
0	216
0	379
0	87
199	707
1	533
0	560
1	525
0	439
0	325
0	271
0	0
0	113
2	39
0	526
320	181
0	107
4	104
0	1
0	1
0	0
0	1
0	0
0	1
0	0
0	1
0	53
2	55
0	34
1	0
0	55
0	636
0	690
17	566
1	605
2	540
0	153
8	14
0	637
0	0
0	3
0	0
0	0
0	3
0	0
0	0
0	0
233	89
1	20
1	63
0	18
2	11
3	11
0	11
2	11
9	447
0	568
25	312
0	537
0	602
0	537
0	243
0	210
0	190
0	156
0	113
2	101
1	51
0	496
0	24
0	41
0	32
0	200
0	30
0	9
0	39
0	18
2	179
0	200
0	202
0	200
1	4
0	16
0	24
3	0
1	439
0	2
8	2
0	1
2	1
2	67
6	40
0	437
3	225
11	301
10	79
3	126
3	161
0	208
0	275
0	161
500	425
2	334
0	95
0	336
0	114
0	113
0	27
0	0
0	1
0	0
0	0
0	0
0	0
0	0
822	107
1	22
0	97
1	65
0	74
0	3
1	2
0	0
1	154
6	36
1	135
11	16
0	153
1	73
0	19
0	346
0	233
0	282
6	175
0	154
5	330
0	83
4	158
0	102
0	154
0	222
0	216
0	207
0	212
0	199
10	28
0	14
1	12
0	86
0	33
0	32
2	20
2	83
0	1
0	305
0	272
314	100
1	76
0	220
0	101
20	93
0	244
0	179
0	196
0	398
0	391
0	386
0	383
0	374
0	372
0	360
0	333
0	371
0	336
0	141
0	360
0	338
0	373
0	360
0	359
0	360
0	330
0	327
0	245
0	134
0	284
0	176
0	271
0	277
0	265
5	239
0	3
0	243
0	1
0	12
0	165
1	139
0	144
0	131
0	51
0	105
0	112
0	107
0	76
0	38
0	47
0	48
0	52
0	30
0	33
0	21
1	7
2	10
0	89
137	240
2	76
16	208
0	136
0	285
0	270
5	256
0	50
0	81
4	66
0	71
0	255
1	527
2	502
2	63
1	91
0	48
3	39
3	40
1	254
2	74
0	3
0	3
0	2
0	1
0	2
0	2
3	845
11	1529
1	1499
0	1230
20	1419
0	875
7	102
0	507
0	776
4	185
1	400
0	501
1	227
0	211
0	71
1	137
3	63
1556	138
0	138
0	84
6	733
0	37
0	733
0	1
0	0
0	1
0	1
0	0
0	0
0	1
0	0
0	0
0	1
15	1029
7	639
2	791
0	696
45	754
0	0
0	3
0	3
0	0
0	251
6	42
0	28
0	15
444	251
9	19
1	19
0	0
1	7
22	550
4	399
11	598
3	623
0	67
3	127
0	0
0	0
0	0
0	0
0	0
0	0
0	0
0	0
0	0
62	730
548	797
0	411
0	679
0	38
0	88
0	43
0	115
0	117
0	115
0	124
0	120
0	4
539	200
0	181
1	19
3	0
0	0
0	0
0	0
0	1140
0	283
0	1148
0	1142
0	310
0	1122
0	357
5	91
0	294
0	293
0	1146
0	1176
0	1148
0	309
0	1112
0	504
1	1145
0	1170
0	51
0	1131
0	1063
1	295
0	1146
0	1176
0	1095
0	1176
0	1159
1	72
0	231
0	202
0	40
0	46
0	93
0	20
1	60
0	953
0	266
1	83
1	90
0	852
0	59
0	46
3	57
0	8
1	121
0	765
0	92
0	47
0	56
0	12
0	89
0	94
4	44
11	569
0	600
1	54
0	159
0	470
0	460
4	434
0	90
10	415
0	373
0	69
0	248
0	254
2	247
0	113
0	15
0	2
13	7
0	6
0	0
0	0
0	0
0	0
0	0
0	0
0	0
0	0
0	0
0	0
0	0
0	0
0	0
0	0
0	0
0	0
0	0
0	0
0	0
0	152
83	0
1	393
2	413
0	568
0	460
0	613
0	565
0	175
0	684
0	636
0	487
4	479
0	415
2	262
0	283
1	141
959	81
16	38
6	38
1	0
0	0
0	0
0	0
0	0
0	0
0	0
0	187
14	187
12	0
3	524
10	514
14	437
0	261
0	195
0	274
87	0
0	524
23	1360
2	1355
0	23
14	1257
13	20
0	117
1	136
0	116
0	268
4	261
0	26
1	75
0	35
447	134
1	111
0	120
2	205
0	50
0	5
10	205
0	885
8	884
0	752
0	10
1	66
5	234
0	28
0	233
1	234
0	11
0	10
0	6
0	3
0	3
2	4
0	0
0	18
0	19
0	16
0	5
0	9
0	8
0	12
3	8
0	319
0	60
0	76
7	155
1	174
506	277
0	219
0	108
3	88
5	28
9	87
26	323
0	0
3	0
0	0
1	344
0	127
22	252
2	124
0	97
0	420
0	461
0	181
0	371
0	229
0	26
0	48
5	412
0	131
0	26
4	66
116	568
1	472
6	50
3	423
0	144
0	17
0	17
0	163
0	17
2	211
0	17
0	126
0	208
0	43
0	63
0	13
0	12
0	258
0	1580
0	1419
0	166
0	1430
0	1389
0	1440
0	1423
0	1497
0	840
0	1476
0	769
0	1355
0	881
0	1340
0	1190
0	1510
0	251
0	752
7	112
0	1353
0	918
0	742
6	1083
1	367
0	14
1	139
0	248
1	9
1	284
0	8
0	212
0	7
3	73
1	69
0	47
0	46
0	41
0	6696
0	7166
370	7865
1	6823
0	7187
1	6801
0	4756
1	4087
0	3971
25	3546
6	3477
0	3061
0	2608
1	1975
4	2355
0	1038
0	641
0	741
0	201
34	254
1	253
402	598
0	570
8	309
0	100
0	47
0	39
0	141
0	174
0	1688
0	214
0	82
0	148
0	82
0	140
0	137
63	336
2	1783
1	1883
1	1747
0	257
0	257
12	81
0	117
0	158
0	105
0	107
1	51
0	72
8	1594
0	1560
0	108
0	121
10	73
2	34
0	1070
1	11
2	1412
5	1006
2	258
0	1643
0	1718
193	61
0	61
0	12
0	17
8	20
0	3
0	6
0	1
0	3
11	2
1	3
1	3
1	68
0	42
36	94
28	543
0	453
0	0
55	470
10	628
3	97
0	578
0	74
0	584
0	561
0	0
1	447
0	0
0	242
0	0
0	502
0	0
2	208
0	0
146	9
1	3
0	6
0	59
246	560
5	65
0	71
0	94
3	157
0	186
7	113
0	78
0	59
0	778
0	97
0	95
0	102
0	164
0	952
0	885
0	52
0	98
0	78
0	84
0	92
0	17
0	109
0	123
0	75
0	101
0	98
0	112
0	122
0	111
0	89
0	805
0	111
0	111
0	103
0	110
0	130
0	758
0	746
0	136
0	752
0	166
5	437
0	269
9	28
9	9
0	7
0	4
0	7
0	8
0	9
0	9
0	2
0	6
1	7
3	9414
57	769
5	9456
34	4027
4	7927
0	9815
0	1155
16	9419
0	9414
1	3864
4	9411
85	334
2	119
1	39
0	32
0	33
0	13
0	334
0	21
12	10
0	10
0	2
0	1
7	645
4	636
0	575
0	300
0	58
2	110
0	34
0	39
0	11
0	28
3	20
0	8
0	8
1	9
0	0
0	648
0	0
0	333
0	336
0	360
0	285
2	73
0	152
1	102
113	396
1	320
0	78
0	227
25	70
0	82
0	71
0	59
0	22
0	36
0	34
9	24
0	8
0	0
0	0
0	0
0	0
0	8
0	81
0	11
2	3
0	78
0	26
0	3
0	26
19	1995
1	272
0	33
1	189
0	1954
0	1836
0	11
1	11
0	11
2	10
0	7
0	4
0	2
0	1
0	190
0	643
0	744
0	770
0	213
0	188
1	156
1	99
0	77
0	512
0	286
0	698
2	1
0	184
0	770
0	411
0	121
2	17
4	107
0	1
2	7
0	4
0	2
4	467
27	191
0	604
0	554
1	223
0	598
17	78
0	569
11	494
0	403
16	373
0	339
0	291
0	207
0	174
3	154
0	0
0	0
0	0
0	0
0	0
0	0
0	0
0	0
0	0
0	0
0	0
0	0
0	0
0	0
0	0
0	0
0	0
0	0
0	0
0	0
10	5
0	0
0	91
1	255
1	330
0	1
0	1
1	0
0	0
0	0
0	1070
87	700
0	1042
1	1052
0	215
0	440
0	90
1	134
1	3
0	69
0	60
0	81
0	49
0	3158
4	3026
0	3044
1	489
19	274
5	96
0	0
0	0
0	0
0	0
15	323
0	323
1	147
0	0
0	0
0	0
0	0
0	0
0	0
0	0
0	0
0	0
0	0
0	0
0	0
0	0
0	0
0	704
0	717
562	0
0	61
0	0
0	0
29	0
0	102
0	200
0	116
0	395
26	303
0	176
1	353
2	73
0	293
0	271
1	94
0	360
0	330
0	293
1	100
0	47
1	277
1	81
1	535
0	563
5	194
0	429
0	509
2	499
0	201
0	266
4	139
0	277
0	748
0	759
1	679
0	692
2	82
6	99
0	106
0	614
1	36
2	79
2	243
2	79
1	80
0	11
6	369
2	297
1	17
1	17
0	6
1	98
0	6
0	68
0	1
0	369
56	28
0	18
1	25
0	2248
0	505
0	531
0	349
0	150
49	2255
0	175
8	869
0	904
0	741
103	579
9	425
11	207
16	37
0	631
6	97
0	126
0	573
4	108
0	2404
55	2198
0	602
0	2398
0	1852
2	493
0	1083
2	286
10	106
0	2265
0	2236
0	2258
0	1719
0	0
0	0
0	0
0	0
3	121
27	135
0	19
0	15
0	4
0	23
2	281
0	333
0	368
0	44
3	154
1	105
0	272
0	153
0	137
0	15
0	474
1	464
0	414
0	311
1	144
0	56
0	111
0	58
1	56
0	25
1	25
0	0
2	3
0	6
0	302
151	302
0	5
2	0
0	2497
0	2492
0	1518
0	282
0	154
0	489
0	105
0	23
0	0
0	0
0	0
0	0
0	130
0	2
0	7
0	6
0	3
0	5
0	1
0	107
0	0
0	0
0	0
34	274
2	207
0	155
4	61
5	47
2	14
0	0
0	18
0	0
1	348
7	348
209	103
2	43
7	69
0	2120
0	772
0	4
0	2
0	4
5	1
0	2121
3	440
0	2123
0	42
0	906
0	2275
0	924
0	1046
0	2307
0	952
0	1140
0	908
0	128
0	696
0	551
0	1171
16	996
0	1243
2	2043
14	2390
0	2576
0	2298
0	442
0	3069
0	2224
0	1064
0	1113
0	330
0	1099
0	897
0	1036
0	788
0	515
0	145
0	144
0	105
0	532
0	174
0	477
0	1144
0	0
0	0
0	0
0	107
0	117
2	118
0	18
0	15
0	15
1	12
13	57
0	222
0	244
3	204
2	173
3	76
3	162
0	0
1178	184
0	74
0	91
0	91
0	91
0	20
0	97
0	92
0	91
0	87
0	74
0	9
0	19
0	244
0	45
7	120
0	133
0	138
0	136
0	128
0	126
0	29
0	29
0	11
0	39
0	25
1	20
1	17
0	239
0	123
0	237
0	134
0	145
13	7
3	65
0	45
9	42
8	32
0	236
0	71
3	75
0	73
0	56
2	12
6	20
0	18
0	17
0	20
0	19
0	20
0	19
0	19
0	13
0	13
1	11
83	273
1	273
249	15
0	15
0	81
0	418
0	452
0	432
0	345
3	12
0	411
4	448
1	368
0	333
1	57
0	248
0	147
5	36
0	130
0	15
0	5
0	26
0	576
0	726
0	844
0	726
0	839
1	889
1	764
0	953
0	356
0	256
0	96
0	59
3	299
24	65
0	278
1	318
149	393
0	46
1	342
0	235
0	170
1	127
0	522
0	193
1	184
0	191
0	193
0	191
1	88
0	8
0	83
0	79
0	79
0	0
0	75
0	72
0	69
1	58
0	3
14	41
7	45
0	0
0	0
0	0
0	0
0	0
0	6
0	1
0	0
0	0
0	1
0	1
0	0
0	0
0	5
0	5
0	5
0	5
0	0
0	0
0	0
0	0
0	0
0	0
0	0
0	122
44	140
10	54
1	128
0	86
0	39
0	1
0	11
0	1
0	12
0	0
0	0
0	0
0	0
0	252
1	113
0	132
0	183
0	106
0	1072
0	664
0	725
0	665
0	251
0	51
0	57
0	30
0	52
0	140
0	659
0	109
0	132
0	121
6	99
16	668
0	108
8	135
0	659
0	310
0	164
0	164
3	428
0	395
2	433
0	384
7	258
0	29
0	47
0	383
2	385
0	258
0	62
0	241
8	193
0	73
0	228
0	937
1	670
106	38
0	52
0	159
5	840
0	84
1	237
0	66
0	101
2	55
1	953
0	43
0	16
8	0
25	61
0	162
0	162
6	8
2	117
36	55
1	71
3	156
0	2
3	33
0	142
0	144
1	10
26	72
0	6
0	29
0	0
9	79
0	1
0	6
0	12
0	6
0	16
0	13
0	9
1	6
0	7
0	4
0	46
0	10
0	33
0	4
2	5
0	42
0	0
0	0
0	0
0	0
0	0
0	0
2	0
0	0
0	0
0	0
0	0
0	0
0	0
0	0
0	0
0	0
1	17
0	57
0	47
0	50
0	82
0	54
0	50
0	58
0	359
0	406
1	33
0	51
7	70
0	71
2	324
11	67
1	218
2	227
6	44
0	25
0	82
0	69
1	62
1	46
0	21
8	793
47	771
0	712
0	646
0	14
0	731
0	521
0	18
0	40
0	93
0	131
1	14
0	164
1	175
0	94
0	73
1	49
1276	769
0	110
15	228
2	283
1	209
12	248
3	28
0	266
4	123
8	368
39	14
0	14
0	422
1	280
0	48
0	559
0	555
50	66
2	149
0	31
2	47
1	308
0	8
0	0
0	266
0	266
0	0
0	15
1	28
0	264
0	0
0	0
1	14
1	253
0	180
0	0
0	32
0	66
1	60
0	4
0	0
0	237
0	239
0	4
0	528
0	532
0	0
0	0
0	0
0	0
0	0
0	0
0	0
0	0
0	0
87	101
1	99
1	68
0	80
6	529
0	65
0	82
0	516
0	35
0	76
0	64
3	1
0	49
0	56
0	77
0	105
0	23
0	86
1	144
0	458
0	72
0	92
0	56
0	54
1	1
11	382
0	57
0	218
7	28
0	60
0	26
0	35
0	1
0	1
0	187
0	177
0	177
0	180
1	175
0	123
0	170
0	21
9	33
1	85
0	73
3	21
0	44
0	0
0	31
0	30
0	12
0	154
0	185
6	0
0	206
0	164
13	186
0	150
0	187
0	166
0	57
3	0
0	0
0	0
4	457
0	1
0	0
0	1
0	1
0	1
0	1
0	55
0	37
0	28
0	13
0	22
4	47
0	21
0	27
1	4
0	13
0	23
2	4
1	5
8	8
1	20
116	98
1	98
8	30
0	0
4	222
0	286
0	75
0	146
3	98
21	89
0	127
5	140
0	61
0	282
5	250
0	246
0	76
0	2
0	0
0	0
0	0
0	52
0	3
0	49
0	0
0	20
0	49
0	39
0	403
0	451
0	237
0	421
0	422
0	368
0	424
0	228
0	351
0	417
0	306
0	335
5	420
0	431
2	423
0	258
0	104
0	170
0	375
0	385
0	322
0	316
0	97
0	26
11	317
0	303
0	317
0	219
0	290
0	123
0	222
0	161
0	292
0	264
0	338
0	321
0	315
0	218
3	286
0	268
0	298
0	149
1	152
2	223
0	245
0	300
1	74
0	279
0	250
0	177
0	156
0	60
3	209
0	115
0	102
0	143
0	158
2	162
0	66
0	50
0	834
0	799
0	84
0	65
5	296
0	34
4	793
1	47
0	15
1	17
0	8
1	35
0	19
0	774
29	67
0	157
0	141
0	146
0	146
0	148
0	155
114	159
0	153
0	92
0	48
0	3
0	4
0	31
0	21
0	14
0	14
9	117
3	643
0	641
0	464
0	14
1	18
26	133
8	12
2	75
0	18
2	326
4	34
0	83
0	0
0	326
1	467
145	488
1	436
1	487
0	249
0	320
0	420
13	223
4	413
21	307
0	34
0	234
3	330
0	30
31	234
0	14
4	58
0	0
0	17
0	55
0	0
0	9
0	6
3	6
0	5
0	14
0	0
0	14
0	14
0	1
0	5
0	5
0	3
0	1
0	6
0	2
0	3
0	1
0	0
0	0
0	0
0	0
0	0
0	0
0	0
0	0
0	0
0	0
4	0
0	10
0	113
0	0
4	118
0	14
0	13
0	0
2	7
36	72
5	186
29	217
9	204
1	13
697	142
0	142
1	0
0	0
0	0
0	0
0	0
0	0
0	0
0	442
12	376
0	110
2	71
0	118
0	62
1	89
0	66
0	54
0	27
0	67
88	26
0	0
0	51
115	51
0	0
0	0
0	0
0	193
0	44
0	25
0	175
0	173
0	168
15	19
0	166
0	145
0	157
0	168
0	143
0	144
0	165
0	154
0	154
0	128
0	151
0	150
0	145
0	129
0	156
0	140
0	149
0	60
0	140
6	97
0	14
140	570
0	457
0	554
1	350
16	190
6	105
0	14
567	0
0	1070
0	1086
1	572
0	1037
0	1053
0	1056
1	1004
0	1050
0	247
0	888
0	116
5	45
0	70
2	41
0	71
0	50
0	34
0	39
1	34
0	21
1	8
5	76
206	319
1	318
4	247
0	0
0	0
0	0
0	0
0	0
0	0
0	0
0	0
0	0
0	0
0	0
0	0
0	0
0	0
0	0
0	0
0	0
0	0
0	0
0	0
0	0
5	287
0	724
1	724
0	1064
0	1024
0	832
2	1052
0	713
0	556
0	501
0	680
0	599
0	631
0	291
8	56
0	288
0	355
0	353
2	276
0	126
0	724
0	724
0	724
0	1024
272	1272
0	1201
0	1237
0	955
0	555
13	11
3	43
1	17
0	38
1	29
0	0
2	251
0	97
2	53
1	23
0	7
0	0
0	0
0	23
1	54
0	0
0	0
0	0
0	0
0	0
0	0
0	0
0	35
0	978
0	141
14	1023
0	48
0	21
0	37
0	127
1	181
0	239
0	186
1	23
0	76
0	237
0	239
3	0
0	0
4	0
0	18
0	18
0	9
0	3
0	1
0	2
0	0
0	0
0	18
0	20
0	0
0	0
0	1
0	45
0	229
14	109
0	19
0	157
0	155
1	139
0	89
0	99
1	95
0	135
0	228
1035	365
0	2682
0	2904
0	68
8	231
0	2944
15	2786
158	11
0	12
0	6
0	873
51	873
0	14
0	533
0	533
11	238
189	82
0	31
0	24
4	56
0	37
0	29
9	1
0	439
0	122
7	466
1	510
7	480
0	261
1	48
1	98
27	0
0	6
0	1
0	770
3	1155
0	93
1	75
0	207
0	11
0	1155
0	218
1	1153
0	244
228	598
1	597
0	267
2	331
269	340
3	76
0	1656
15	756
0	1693
1	426
0	609
0	850
0	363
4	149
11	225
0	0
65	21
0	81
0	50
0	74
0	1
0	1
35	7
0	32
0	55
304	764
30	86
0	30
0	18
1	257
0	255
3	51
10	294
1	44
5	35
10	254
0	73
395	338
1	2
5	54
0	319
0	186
143	12
0	2
0	8
0	10
0	4
0	0
0	0
0	0
0	122
1	106
0	106
0	37
0	80
0	46
0	35
1	19
0	8
4	0
0	122
0	122
1	0
0	0
0	0
0	90
0	226
20	34
0	97
2	151
16	224
0	16
0	0
0	73
3	57
0	10
15	0
7	1192
30	1026
0	807
0	283
1	347
0	177
2	170
1	96
9	18
0	18
19	42688
1	30223
82	24064
14	23499
4	29942
0	37098
0	30135
0	35148
8	31925
145	38349
0	40359
42	26633
0	18038
1	27333
0	15630
0	9749
0	779
3	222
0	30
1	238
0	6
0	15
0	18
0	19
0	15
0	11
0	127
0	17
3	77
0	14
0	68
0	20
0	20
0	24
0	9
167	973
0	973
2	39
81	192
0	39
0	115
0	168
0	587
0	589
8	6
0	95
0	95
0	89
0	107
2	86
0	0
0	124
0	2
0	1
0	5
0	5
0	4
0	0
0	1
0	0
0	1
0	0
0	2
0	1
0	0
0	0
0	0
0	0
0	0
0	0
0	0
0	0
0	0
0	0
0	4
0	0
0	1245
70	1217
0	395
2	211
0	126
0	82
0	677
0	725
0	116
11	103
0	672
0	682
0	133
0	119
1	74
23	279
0	49
14	150
0	702
0	646
245	456
4	455
1	84
0	38
1	221
1	221
0	527
2	523
1	48
2	25
5	347
0	42
0	221
3	23
2	12
0	20
0	4
0	1
2	1
0	11
40	4
0	16
0	16
0	18
0	18
0	0
0	1
0	5
0	9
0	2
0	20
0	18
4	162
0	210
0	116
2	32
0	17
0	11
0	115
0	2633
4	2401
0	844
1	526
0	88
4	421
0	328
5	52
0	213
3	112
0	2562
0	22
0	10
0	10
0	9
0	9
0	7
0	0
0	22
0	18
0	87
4	183
13	76
5	70
0	81
0	166
2	66
1	18
0	90
0	1
0	1
0	1
0	0
0	0
0	0
0	1
0	1
0	1
0	1
0	0
0	1
0	1
0	1
0	1
0	0
0	1
0	1
0	1
0	1
0	1
0	0
0	1
0	1
0	1
0	0
0	1
0	1
0	1
0	1
0	1
0	1
0	1
0	1
0	1
0	0
0	0
0	0
0	0
0	1
2	1
0	245
0	75
0	311
6	292
1	131
1	61
0	242
0	70
0	118
1	1143
102	0
0	474
0	435
0	450
2	352
0	33
15	349
17	110
0	221
0	157
2	200
2	181
0	174
0	834
0	806
0	84
0	536
0	775
0	808
0	427
0	374
0	113
4	105
2	14
0	229
0	103
0	242
0	19
0	11
0	6
0	2
0	19
0	0
0	15
0	15
0	242
1	242
0	92
0	48
0	18
0	230
52	0
140	1099
1	1038
0	808
0	709
7	121
0	999
0	274
4	178
0	704
8	277
0	167
1	179
81	590
1	271
219	380
0	222
1	168
0	141
0	165
3	159
7	93
0	121
0	15
1	103
31	71
4	36
7	22
25	126
0	229
0	80
0	78
0	229
0	2
0	31
1	129
2	149
0	146
0	20
0	86
0	7
0	1
2	102
0	14
7	15
0	6
3	37
6	67
0	71
0	58
0	13
1	25
0	17
4	200
0	209
1	114
0	202
0	191
0	92
0	144
0	46
2	26
0	36
0	33
1	10
0	35
0	34
0	35
2	23
0	315
1	263
0	287
0	602
0	633
0	607
0	497
63	234
0	221
0	284
0	75
0	200
33	60
0	264
0	191
0	157
1	1760
2	152
0	152
1	160
12	75
2	42
1	1
206	35
1	35
0	656
0	2
0	1
0	1
0	2
0	1
0	1
0	1
0	1324
0	1361
5	339
2	157
6	423
2	263
0	1296
0	1259
0	0
0	5719
0	5479
152	548
55	761
97	408
0	3455
9	1484
126	434
6	2928
4	3210
589	2692
0	895
9	929
0	2081
4	1561
0	0
0	0
0	0
0	0
0	0
0	0
0	258
0	247
0	223
0	207
1	187
2	24
14	104
1	41
0	106
10	57
0	1
0	1
0	0
0	0
0	0
0	198
0	202
7	79
0	0
0	0
0	0
0	0
0	182
0	0
0	2
0	79
0	221
0	5
1	67
0	94
0	92
0	191
0	221
0	5
0	21
3	17
0	191
0	187
0	187
0	1
0	1
1	1065
0	183
2	192
19	147
0	986
9	1186
0	82
8	1178
5	999
0	396
3	397
5	189
24	659
0	421
22	140
10	153
1	163
0	226
0	180
1	13
0	180
0	238
6	155
1	20
2	49
1	79
2	120
0	31
0	84
0	12
0	96
3	77
4	110
1	59
0	532
7	1
0	0
0	91
0	2
0	11
0	732
0	693
0	729
2	663
0	694
1	158
2	246
1	295
0	123
1	221
1	223
3	223
7	159
3	16
811	450
0	372
1	33
2	0
0	78
0	152
0	149
0	66
0	77
0	53
6	113
0	46
0	89
1	43
0	50
0	0
0	5
0	7
0	8
0	4
0	4
1	4
0	4
0	1
0	4
0	3
0	3
2	0
0	51
0	1
152	193
0	23
3	164
0	49
1	81
2	30
0	29
24	82
1	61
1	47
167	294
1	263
75	288
0	214
12	254
0	258
0	191
0	21
0	35
0	34
0	17
0	10
0	10
0	0
1	0
0	0
1	602
0	360
0	259
2	164
231	131
0	93
0	55
2	68
0	74
0	1
0	1
0	0
0	0
1	1244
5	874
2	1094
0	1090
1	860
0	363
8	275
27	0
5	11
3	7
0	11
0	1
0	1
61	2308
2	2278
0	0
0	39
0	64
0	93
0	9
0	50
0	61
30	1
0	111
3	108
0	352
4	288
2	1354
5	9
0	391
3	8
29	6
0	129
0	1296
0	680
0	646
0	682
0	632
0	576
0	162
0	576
2	96
0	605
0	235
0	156
0	208
0	72
0	662
0	84
0	225
0	675
0	106
0	121
0	662
0	578
1	594
9	66
0	315
29	46
4	74
4	139
0	218
0	171
0	50
0	161
0	12
0	12
0	12
0	14
0	14
0	13
0	227
0	230
0	42
0	14
0	1
0	0
0	217
1	444
0	417
0	171
0	181
0	181
0	383
0	183
3	88
9	155
183	1284
8	581
4	423
2	579
2	296
9	23
0	150
64	382
0	111
2	47
1	39
1	46
12	38
6	127
0	429
0	438
9	221
0	181
1	121
0	58
0	24
0	47
0	47
0	38
0	48
0	32
0	33
0	56
18	819
0	127
0	64
0	60
0	71
0	72
11	800
2	32
3	149
0	96
0	105
0	88
0	43
0	120
0	223
0	859
15	618
23	874
6	567
11	321
2	174
3	23
602	187
1	0
1	148
1	29
0	59
1	17
0	26
14	37
0	2
0	2
0	5
0	2
0	30
0	5
0	8
0	2
276	212
0	185
69	30
0	16
0	0
0	1147
0	5
0	4
0	4
0	5
0	607
0	593
0	56
2	51
2	0
0	290
0	5
0	190
2	344
1	670
0	892
0	456
9	379
0	444
0	355
0	488
0	893
0	0
464	197
0	114
10	157
222	647
30	490
0	0
0	0
0	0
0	1
0	1
0	0
3	2
0	2
0	2
12	9
4	70
0	10
0	37
0	12
0	14
2	18
3	52
2	56
0	5
0	5
5	5
0	11
0	8
0	75
0	196
0	0
0	56
0	196
1	196
0	94
1	36
0	1
1	198
0	225
0	208
0	57
4	52
0	72
1	122
0	148
5	197
0	110
0	56
0	196
2	60
11	196
108	234
3	128
1	209
0	0
0	1
0	1
2	1
0	0
0	1
0	0
0	1
0	3
0	110
22	820
0	773
0	145
0	165
2	155
8	31
25	562
0	80
0	199
0	91
1	67
12	421
0	42
3	11
0	426
0	266
0	280
0	280
0	279
0	279
0	63
0	446
1	37
0	74
1	57
0	154
5	137
1	153
1	421
0	81
0	42
0	264
0	62
5	46
3	23
0	63
1	0
0	101
0	179
0	557
0	66
0	893
0	133
1	64
0	564
0	80
0	213
1	565
0	549
0	290
2	31
2	72
0	95
0	841
1	117
4	75
0	1
0	0
0	0
0	0
0	0
0	0
12	331
8	377
0	374
2	61
0	25
0	44
0	20
0	15
0	100
6	163
8	212
1	212
0	211
0	163
0	92
0	174
1	22
0	55
0	65
0	58
1	55
0	20
3	20
0	16
2	13
0	1738
0	1784
0	1834
1	467
0	247
0	208
0	1802
0	335
0	1019
92	0
46	0
1	8
0	6
1	0
0	6
0	2
0	0
0	182
0	186
0	185
0	38
0	39
0	29
0	28
1	12
2	18
0	19
0	0
0	0
0	0
6	1
0	1
0	124
241	20
4	24
0	16
1	4
0	4
0	4
0	2
0	5
0	31
0	727
63	968
6	114
31	604
0	104
0	262
7	171
90	193
0	925
0	865
0	560
4	829
0	10894
1	9191
0	9229
3	3121
0	8563
0	4844
2	5028
66	5149
0	2499
0	8852
7	7339
19	6378
0	5564
15	2147
0	1
0	1
0	1
0	548
2	11
2	36
1	42
0	547
660	167
0	118
10	107
1	232
8	230
4	228
0	31
2	159
0	359
0	359
2	169
9	1064
1	949
9	406
0	86
1	42
1	20
0	46
3	31
6	16
0	1049
0	1044
3	1
0	1
0	285
0	4
1	0
0	0
1	4
0	0
0	129
40	129
0	108
0	0
0	0
0	0
0	0
0	0
0	0
0	0
0	262
0	262
9	100
6	36
0	671
388	857
0	34
0	13
0	802
0	42
2	703
1	40
16	8
1	18
0	95
0	395
0	0
0	84
0	201
10	8
0	0
0	2
0	0
0	5
16	18
0	6
0	9
0	4
0	475
0	72
0	428
2	438
2	89
2	444
0	281
0	92
0	92
0	14
0	155
5	306
0	166
0	147
0	150
0	113
0	114
0	60
0	54
0	5
0	36
0	34
0	24
0	10
0	18
1	20
0	15
0	12
0	9
0	11
0	3
0	0
0	153
0	160
0	141
417	0
211	0
10	711
4	701
3	711
0	698
51	400
0	368
0	391
3	362
2	0
57	1191
2	1078
3	697
107	930
6	574
0	55
0	201
3	187
0	187
12	47
0	60
3	192
0	42
5	551
5	551
16	547
1	35
1	53
0	249
3	25
1	25
0	17
0	16
16	914
1	528
0	183
0	878
0	0
1	913
0	1732
3	1373
0	1257
16	591
30	653
2	1570
15	1612
0	946
0	57
3	517
0	663
0	76
0	87
0	61
1	110
0	76
0	69
2	83
0	69
1	68
0	68
0	0
2	1211
0	0
0	0
0	0
1	8
0	10
2	3
0	10
0	8
0	0
0	0
0	0
0	0
0	0
1	267
0	145
0	261
2	269
0	268
0	264
0	60
0	14
43	35
1892	2955
0	2956
9	735
3	16
1	1
4	8
0	10
0	9
0	8
0	0
0	23
98	85
0	83
0	14
0	23
2	12
0	52
0	135
1	153
1	14
15	18
12	18
15	18
0	0
0	0
0	1
0	1
0	0
1	0
165	0
21	338
1	66
1	266
0	20
0	165
0	113
0	60
13	50
0	237
0	204
0	181
18	211
0	53
0	13
0	15
0	47
0	47
30	46
7	47
1	33
1	0
1	0
0	13
14	11
418	315
6	303
0	34
0	1
236	83
32	68
3	15
648	946
1	300
25	745
0	169
2	0
0	478
0	567
0	543
9	70
0	2
0	2
0	2
0	2
0	2
2	949
0	962
0	949
0	949
7	889
0	196
0	55
0	176
0	92
3	415
0	189
1	72
0	27
0	7
6	3
0	13
0	24
0	5
0	17
0	7
1	13
1	6
0	1
0	1
0	1
0	1
0	99
2	99
0	16
10	24
0	2
159	411
6	322
0	369
4	276
246	251
0	216
0	251
25	861
1815	1733
1	960
1	536
8	378
5	654
1	405
340	206
0	79
0	100
0	53
0	108
4	18
0	13
0	1
0	1
99	72
3	54
1	57
1	38
0	670
1	676
9	680
0	212
3	201
0	118
0	629
0	57
0	98
0	97
0	177
0	206
0	544
15	77
49	433
0	27
2	93
15	369
19	2687
0	2675
0	2647
10	2335
0	1398
0	782
0	139
0	2687
0	0
0	43
7	421
0	410
33	399
1	0
0	112
0	75
5	27
115	6
0	0
7	6
1	91
133	91
1	35
0	7
0	0
0	62
2	421
1	281
0	76
0	42
0	75
0	46
0	70
0	224
0	12
1	302
36	873
21	837
1	442
4	327
31	432
4	565
14	563
0	23
3	97
0	446
36	98
0	447
1	105
0	0
1	9
0	369
0	143
0	315
0	316
0	315
0	36
107	194
46	138
0	98
2	21
1	6
0	27
1	0
3	1205
0	820
0	1141
12	199
0	535
0	221
0	60
0	1125
457	40
0	40
49	292
2	294
16	280
30	245
0	288
3	284
0	1
0	0
0	1
143	98
0	30
0	61
0	60
0	47
0	0
0	0
0	94
0	86
0	33
6	1266
0	1328
1	985
2	850
0	100
0	152
1	225
6	675
0	2062
0	1294
0	9
0	5
0	9
0	0
0	0
0	0
0	0
0	0
0	0
0	0
0	0
0	10
0	133
3	6
0	17
0	125
0	0
0	77
6	76
0	23
6	80
0	44
1	40
0	29
0	16
0	75
0	76
0	75
0	536
0	169
41	1687
0	1645
5	497
0	1508
0	1400
0	1351
1	1084
0	1089
0	229
0	1
0	0
0	0
0	0
0	0
0	0
0	0
0	0
0	0
0	0
0	0
0	21
2	1340
5	1246
0	825
0	741
0	571
0	186
0	181
0	181
0	55
0	55
0	1246
0	1
0	1
0	1
6	185
0	1
0	10
0	5
0	8
0	0
0	0
0	0
0	0
0	477
8	433
0	439
4	129
2	25
14	87
1	36
0	1
3	793
1	793
0	229
2	177
0	792
0	372
0	148
0	215
0	198
0	54
0	31
0	0
15	65
0	15
1	9
0	63
6	1553
0	1555
1	960
0	565
2	0
0	420
0	350
0	57
0	193
0	85
0	1555
0	1639
1	1636
0	69
0	16
0	31
0	669
0	27
0	33
5	14
0	23
2	8
0	31
0	368
0	314
3	553
0	533
0	621
0	38
0	557
9	13
1	337
0	349
1	43
0	41
0	37
0	124
0	60
7	104
1	290
0	45
0	43
0	55
0	409
0	88
0	76
0	73
2	17
0	83
0	51
1	71
0	672
2	331
0	491
2	576
5	380
4	521
0	616
0	609
0	591
0	370
1	220
0	433
0	432
0	138
0	0
0	90
0	35
0	114
0	129
0	103
0	83
0	84
2	50
0	44
0	302
0	669
0	0
0	0
0	0
0	0
0	0
15	13
0	11
0	0
0	0
0	0
0	0
0	110
0	104
0	81
0	101
0	11
0	17
0	15
0	918
111	1781
0	554
1	1494
0	1244
0	1247
0	1589
5	1550
0	854
6	418
0	452
0	649
1	441
2	267
0	523
1	84
836	497
0	496
0	146
3	42
0	108
0	101
0	108
0	50
1	49
0	120
1	179
5	403
0	243
0	175
0	228
0	849
0	934
0	198
2	134
0	75
3	271
0	210
0	70
0	62
252	0
0	248
0	248
0	248
0	248
0	0
0	0
168	309
3	309
1	166
0	0
0	0
0	0
0	60
0	84
0	332
0	398
0	299
0	265
0	328
0	76
1	152
0	168
0	115
0	159
0	76
0	22
0	57
0	277
2	277
2	30
1	0
7	435
0	428
2	270
0	107
3	1237
85	1653
1	593
2	449
97	1307
0	399
60	486
0	255
28	185
0	94
0	419
0	38
90	52
0	5
0	9
0	3
0	3
0	0
0	0
0	0
0	0
0	0
109	21
0	1
0	20
0	0
0	0
0	2018
3	662
68	319
0	2018
1	450
9	1001
0	190
0	313
0	822
3	180
0	38
0	56
0	0
0	0
0	0
0	0
0	6580
0	4809
0	7701
0	158
1	146
0	144
1	118
2	88
0	30
0	46
0	56
0	53
0	15
0	49
0	47
0	18
0	38
0	12
0	144
0	152
0	152
0	132
3	128
1	133
1	9
15	39
6	4
0	26
0	6
0	6
0	7
0	3
0	7
0	0
0	0
4	0
0	0
0	53
0	0
0	20
39	61
2	61
0	51
277	2274
24	2261
0	703
3	798
0	124
4	13
3	69
0	198
3	9
0	6
0	0
0	3
0	0
0	1
0	1
0	0
0	1
0	0
180	163
0	158
0	26
3	0
4	0
0	39
0	8
7	174
0	64
0	45
0	19
1	114
0	440
0	467
0	303
0	154
2	181
0	479
2	62
0	38
0	469
0	469
0	289
8	290
3	148
0	144
0	134
0	45
5	74
347	0
0	0
0	51
1	50
0	36
0	36
0	51
0	51
0	48
0	45
0	50
0	36
0	36
0	35
2	17
0	37
0	42
0	32
0	30
0	41
0	6
0	36
0	0
0	15
0	449
27	21
127	91
113	83
0	8
0	0
0	9
0	8
0	8
1	7
0	8
1	8
0	10
0	8
0	5
0	1
0	1
0	2
0	1
0	0
0	0
0	2
0	0
0	0
0	0
0	0
107	0
4	62
0	6
2	4
4	1
0	25
0	54
0	29
0	38
0	56
137	20
0	80
0	14
2	74
0	362
0	82
0	734
0	746
0	472
0	263
0	147
2	272
8	54
0	89
0	362
0	354
0	93
0	311
0	326
0	322
0	186
0	345
0	71
4	42
1	112
0	202
0	94
0	93
0	122
0	79
1	85
0	90
0	33
75	76
0	76
0	52
10	668
0	688
1	434
1	63
1	1
0	92
0	133
0	76
2	63
0	77
0	77
1	60
0	49
0	79
0	56
0	57
0	59
2	54
0	55
0	54
2	0
0	42
0	30
26	45
0	31
1	121
4	11
2	10
19	30
0	31
25	64
2	104
0	119
0	14
0	119
5	50
10	23
0	13
0	5
116	14
0	6
0	12
5	326
0	618
0	389
2	250
0	252
0	35
0	602
0	0
0	0
0	0
0	0
0	0
0	421
1	453
0	278
30	170
0	204
0	99
2	6
0	37
0	53
4	38
1	53
81	1465
281	1922
54	1920
0	0
0	1
6	1
53	252
2	252
0	0
0	1110
0	707
0	1068
0	0
0	0
0	0
0	0
0	0
0	0
0	0
0	91
0	1008
0	66
0	98
44	1008
0	122
0	89
0	297
0	276
3	54
1	20
42	578
1	314
3	43
3	27
7	138
1	260
0	253
11	260
11	20
1	1030
0	1050
0	248
37	985
0	0
0	177
9	702
0	564
0	172
0	643
0	637
0	228
8	2
98	1
0	11
0	11
4	0
0	10
0	11
0	480
0	161
33	156
1	418
0	11
0	147
0	154
1	119
27	310
0	55
0	0
0	8
0	6
0	1
0	5
0	5
0	1
0	0
0	0
0	0
115	153
29	153
0	33
0	0
0	32
46	32
0	10
0	5
0	0
0	28
1	30
0	26
0	12
0	4
0	9
0	7
0	7
0	3
0	1
614	203
0	189
4	14
0	51
796	340
1	135
0	76
0	213
0	124
0	93
1168	712
17	45
0	79
0	514
0	40
0	32
0	57
2	51
1	62
2	40
0	46
24	592
2	961
0	952
0	3
0	3
0	0
0	3
0	627
0	605
0	598
0	629
0	637
0	580
0	580
0	598
0	598
0	597
0	620
0	616
0	620
0	609
0	631
0	268
0	313
0	316
0	228
0	185
0	223
0	229
0	228
59	167
0	206
1	19
0	171
0	172
0	177
0	178
0	154
0	170
0	168
0	172
0	182
0	171
0	182
0	194
0	191
0	155
0	133
0	63
0	83
0	67
0	49
0	78
0	30
0	79
0	35
0	71
0	0
0	53
0	73
0	76
0	54
0	46
0	47
0	46
0	53
0	70
0	38
0	43
0	34
0	41
0	36
0	35
0	37
0	54
0	52
0	50
0	0
0	35
0	8
0	7
0	33
0	33
0	27
0	31
0	28
0	15
0	23
0	15
0	20
0	34
0	0
0	8
0	7
0	0
0	3
0	0
0	11
0	0
0	0
0	48
8	48
194	802
0	110
0	93
0	763
2	38
1	415
1	0
1	56
526	91
0	38
9	31
1	26
0	0
0	0
0	121
37	92
11	192
0	17
5	12
0	50
4	68
0	79
0	21
0	80
0	80
8	39
4	10
4	2
0	11
2	0
0	348
0	359
0	489
0	344
0	245
0	474
0	333
0	566
0	707
0	217
0	384
0	331
0	123
10	19
52	19
0	0
0	0
0	319
0	322
0	95
0	102
0	98
0	77
0	76
0	80
7	77
0	76
0	83
0	51
0	65
0	69
0	10
0	33
0	0
0	28
0	34
0	18
0	0
0	283
0	34
2	34
27	34
0	4
0	932
40	250
0	836
1	730
0	405
13	99
0	186
0	491
0	167
0	154
0	145
0	6
1	36
0	153
0	25
0	42
0	44
0	48
2	19
0	48
0	21
0	33
0	15
0	7
0	8
0	446
189	504
0	505
0	446
18	413
0	66
0	2
0	66
0	1
0	66
0	66
0	18
0	13
0	5
1112	4
12	4
0	40
4	59
0	59
0	135
28	64
0	114
0	119
1	152
0	50
0	37
1	23
0	0
0	0
0	0
0	0
63	664
0	60
1	645
0	556
0	230
5	170
0	253
0	580
1	198
1	200
23	89
0	172
1	166
2	1
0	28
1	37
6	99
0	28
0	47
0	51
2	65
1	32
21	548
5	190
6	267
3	548
0	0
0	0
49	0
21	66
0	26
0	56
56	59
0	73
0	68
5	14
0	368
21	254
7	356
1	323
3	114
58	27
0	8
3	24
0	0
0	0
0	0
0	0
0	27
12	109
0	164
0	166
0	391
0	178
0	167
0	262
0	50
0	123
0	1
0	60
0	89
0	50
0	249
0	28
0	122
0	16
0	8
1	40
1	21
1	37
2	45
0	93
0	124
0	35
0	89
0	61
1	59
0	57
5	48
0	13
0	4
0	4
506	441
0	278
0	304
0	44
8	162
0	157
1	157
0	49
0	39
1	28
0	4
0	157
7	0
6	1130
0	323
0	221
0	0
0	2
0	2
0	2
0	2
0	2
0	1
0	1
0	1
0	0
0	0
0	0
2	0
3	6
0	0
0	0
41	710
0	622
0	642
0	703
0	558
1	175
3	36
3	184
0	312
3	141
2	95
1	0
21	24
0	39
0	683
0	45
3	32
0	1
0	669
0	6
0	27
0	10
0	13
0	24
0	14
0	14
0	11
0	4
0	21
141	0
0	1
0	1
0	0
0	4
0	4
0	4
0	1
0	0
0	0
1	105
1323	2078
2	475
1	1040
10	858
3	394
12	98
24	1561
199	1289
0	55
0	382
16	405
0	1136
11	1004
8	924
0	1253
0	381
13	51
3	152
0	472
8	335
11	912
249	586
0	576
0	132
4	3
0	207
0	77
6	34
0	113
2	75
0	783
0	1098
0	910
0	910
0	454
0	392
0	151
4	286
0	316
0	46
0	145
0	1031
196	446
2	4
2	155
3	210
11	268
9	14
8	494
136	533
0	326
0	81
3	20
87	73
0	63
0	58
0	26
0	2
0	2
0	2
0	1
0	2
0	1
0	15
0	112
145	114
0	42
1	94
500	269
1	269
0	262
0	226
286	347
0	336
0	330
0	324
0	306
2	62
0	297
0	290
0	284
0	13
0	3
0	28
0	24
0	14
269	143
0	11
1	132
0	27
0	50
8	38
0	2
0	0
0	0
0	0
0	0
0	0
0	0
0	0
0	0
0	0
0	0
0	0
0	0
0	0
0	0
0	0
0	0
0	0
0	0
0	0
0	0
0	0
0	0
0	0
0	0
0	0
0	0
0	4
0	0
0	0
0	3
0	3
0	0
0	0
0	0
0	0
0	0
0	128
3	128
78	267
16	267
0	24
0	0
0	0
0	0
0	18
0	18
0	0
0	0
0	0
0	0
0	0
2	0
0	0
534	48
1	1760
390	1696
0	460
0	492
1	234
0	250
0	146
0	163
115	98
0	66
0	13
53	0
0	82
12	247
0	200
0	0
0	0
76	2
245	48
0	575
0	549
0	63
3	9
1	294
1	103
11	113
0	14
0	121
9	91
0	47
2	71
0	63
0	43
4	12
0	18
123	0
556	928
0	107
1	98
0	52
0	42
0	60
6	283
23	427
0	18
28	452
19	452
1	0
3584	2039
0	330
30	3
30	468
27	1028
2	315
0	6
0	35
3	105
0	106
2	106
0	106
0	752
4	711
7	412
0	805
56	302
5	475
2	599
0	87
0	47
0	265
0	141
2	55
0	98
1	73
0	55
0	73
0	13
8	45
7	17
0	45
409	1281
5	943
2	492
7	1158
0	1087
6	996
0	1150
0	379
0	126
0	116
3	182
0	14
0	58
2	63
0	232
0	22
1	69
15	34
0	52
8	58
34	55
0	26
91	1048
8	985
1	620
0	640
1	76
0	0
5	630
0	697
0	49
0	12
0	22
0	10
3	291
1	320
3	291
10	290
0	38
0	685
0	682
0	291
142	0
0	0
0	1
0	1
0	1
0	1
0	1
0	1
0	1
0	1
0	1
0	0
0	1
0	0
0	0
0	0
0	0
0	0
0	0
0	0
0	0
0	0
0	0
0	0
2	0
0	0
0	0
0	0
0	0
0	0
0	0
0	0
0	0
1	1182
0	1202
29	500
1	1064
0	583
0	887
0	725
0	128
0	686
0	249
0	178
0	76
0	101
0	74
0	1164
7	332
0	321
0	71
9	6
0	35
1	64
0	43
8	1569
19	1569
0	0
0	0
0	0
0	0
0	0
0	76
0	78
1	76
0	335
38	335
0	156
1	0
0	113
0	108
1	42
1	385
8	1650
0	1632
0	521
1	499
0	770
6	357
1	89
0	495
0	415
0	89
24	883
2	504
0	136
0	712
4	61
34	871
0	883
0	179
0	233
313	169
0	148
58	157
6	0
419	216
8	186
0	30
0	214
25	214
0	55
1	34
1	36
1	12
0	56
0	56
0	62
1	269
0	337
0	351
0	304
0	56
0	62
0	193
1	88
2	80
0	236
0	65
6	27
3	272
0	231
0	199
0	130
0	102
0	124
0	104
2	21
511	550
0	342
1	300
1	229
11	230
44	2
0	2
0	0
0	0
0	0
0	0
0	0
0	0
0	0
1239	120
2	124
2	4
194	152
0	14
4	138
2	7
0	1226
1	1145
9	871
1	804
0	280
0	280
1	1145
0	114
95	536
335	1184
6	1184
5	137
8	132
2	115
0	49
5	86
2	24
0	88
0	79
1	9
1	0
0	11
0	11
0	10
0	8
0	8
0	7
0	2
0	1
0	10
0	10
0	9
0	10
0	0
0	0
0	0
0	0
0	0
0	0
453	229
5	229
0	94
0	466
0	267
0	178
0	295
0	243
0	465
0	466
0	296
0	244
0	312
1	299
0	27
0	395
0	43
3	129
0	462
0	21
0	282
0	280
0	228
0	228
0	450
0	450
0	338
0	197
0	121
0	227
0	343
0	78
0	259
0	176
0	56
1206	305
1	281
0	149
1	1
8	5
1	0
2	331
2	571
1	615
0	361
2	274
0	95
0	228
0	223
0	251
0	275
0	252
0	255
0	148
0	97
0	117
0	141
10	47
0	88
0	82
17	51
5	14
0	2
1	0
0	0
0	0
0	0
0	0
0	0
0	0
0	0
0	2
0	14
0	41
0	105
0	117
0	110
0	26
0	19
0	42
141	159
0	71
0	158
6	1
0	1
0	1
0	1
0	1
4	1309
5	105
12	461
3	414
0	55
41	104
0	311
0	495
1	490
0	642
0	12
0	12
33	250
0	365
13	63
50	264
14	193
0	1310
15	1707
6	1729
7	1231
4	94
1	62
4	68
0	0
5	743
35	743
14	32
0	241
5	21
0	0
799	150
0	150
1383	0
44	0
1	196
1	219
1	219
0	29
1	198
0	64
0	0
0	73
40	30
727	987
29	924
0	170
0	372
0	382
0	380
4	384
0	208
0	386
7	41
4	190
6	190
64	2326
0	57
0	2352
4	507
0	372
9	143
1	572
0	247
0	276
0	239
0	114
0	2
0	2
0	2
0	1
0	2
0	2
0	2
0	1
0	2
0	1
1	0
0	1
0	2
8	401
5	365
491	407
0	465
4	65
15	102
1	524
1	533
9	571
4	93
2	15
0	566
32	373
0	580
1	331
0	530
2	68
0	33
3	45
0	99
0	15
0	42
0	64
0	34
0	13
0	558
201	279
4	179
7	73
6	33
2	30
0	48
4	0
2	2152
42	544
10	522
1	258
3	193
0	96
1	39
27	5416
54	3942
5	1853
0	9
0	8
3	9
0	7
0	5
0	6
1096	117
0	383
1	383
17	14
0	0
1	0
0	1
0	0
0	1
0	172
0	172
0	172
0	30
1	2
16	635
3	635
6	449
11	431
220	754
0	333
0	268
0	43
1	0
0	0
0	0
0	0
0	0
0	0
0	0
0	0
0	495
1	451
1	46
0	110
4	475
0	485
0	487
0	483
1	0
124	132
0	108
0	17
0	24
0	94
0	0
0	431
0	52
0	350
0	236
0	630
1	619
2	2
0	121
0	58
1	161
0	620
0	1115
1	1066
0	1279
0	255
4	65
0	134
3	42
17	10
4	10
1735	0
3	660
32	342
11	50
3	194
0	194
0	169
0	660
2	122
196	137
0	105
0	0
1110	766
16	256
0	361
0	359
9	419
3	215
2	1034
75	3143
2	554
10	1005
0	1968
0	1253
2	1762
2	1035
0	1413
1	280
0	952
1	1324
3	1185
4	552
0	4644
3	4215
5	907
3	1336
63	182
4	227
9	528
10	752
0	1124
0	541
3	4644
0	0
0	0
0	0
0	0
0	0
0	11
0	2
0	2
0	2
0	9
183	0
0	93
0	76
0	6
0	20
0	12
0	49
0	49
0	47
0	10
0	13
2	15
2	3
1	9
0	0
0	88
1	174
7	174
0	0
0	0
0	0
0	0
0	0
0	0
0	0
0	0
0	0
0	0
0	0
0	0
0	0
0	0
105	262
0	40
1	54
3	155
2	40
0	30
0	46
0	262
60	174
0	176
5	178
0	38
0	130
0	244
0	116
21	232
1	173
0	90
1	0
365	133
0	71
1	107
0	71
0	24
0	20
312	497
4	301
0	9
108	259
0	483
0	304
1	6
1	63
2	17
2	119
0	50
0	39
0	48
0	2
0	0
0	21
0	2
0	21
0	0
0	48
0	362
6	391
0	285
0	51
0	56
0	270
0	71
0	39
0	41
0	362
0	65
0	51
2	29
0	23
0	12
0	42
0	81
0	371
0	1716
41	1718
0	430
2	1656
0	407
0	0
0	0
0	0
0	0
0	0
0	0
0	0
0	0
0	0
0	0
0	0
0	95
1	13
0	7
0	10
8	6
0	95
9	6
0	4
0	4
105	700
33	657
0	626
0	236
0	311
0	138
11	103
1	77
3	49
0	41
0	33
0	13
0	13
17	305
11	1391
0	1399
1	1250
0	175
172	856
0	47
0	884
0	205
2	34
0	82
154	1
7	360
39	454
0	452
3	416
0	452
0	307
0	47
0	69
0	29
2	88
0	119
0	89
0	75
4	47
0	0
0	0
417	300
0	197
9	102
5	1275
0	1199
0	1201
1	101
1	153
0	1232
456	150
0	150
2279	1669
0	595
8	597
2	303
0	296
0	554
0	891
0	891
0	298
0	175
0	261
0	244
0	894
0	0
0	172
0	18
0	9
0	654
0	675
1	128
0	647
0	628
1	644
0	47
0	67
0	62
2	50
2	116
0	87
0	104
0	70
0	62
1	25
1	8
0	0
0	1
1	1
0	1
0	0
0	0
4	712
2	759
17	649
0	311
0	359
0	97
0	441
0	159
4	266
0	392
0	171
1	64
0	65
0	42
0	56
0	1179
0	507
0	447
0	532
0	129
0	842
0	325
0	1187
0	73
1	1
0	741
0	226
1	48
2	145
0	11
0	219
0	16
0	52
1	27
0	0
1	120
0	1179
0	1187
0	325
1179	0
53	0
6	196
0	313
0	11
0	157
0	291
0	0
0	0
0	0
0	466
0	0
0	0
0	779
147	370
0	2564
0	29
2	2325
0	2022
66	183
0	2090
2	2292
1560	407
4	235
2	174
0	0
0	0
0	0
0	0
0	0
0	0
0	0
0	0
1	34
0	0
0	35
0	35
0	27
0	27
0	27
0	2
0	0
0	0
0	1
0	1
0	0
0	0
54	190
0	188
0	181
0	24
0	30
0	32
0	23
0	8
0	9
0	2827
0	2822
7	1523
0	1556
19	117
39	250
0	586
0	348
4	162
1	156
0	1524
0	1
0	1
0	0
0	0
0	0
0	0
0	0
17	0
0	0
1	18
0	0
0	18
0	1
0	1
0	0
0	0
0	0
0	0
1	0
0	14
0	17
0	17
0	12
0	0
0	5
0	0
0	14
0	8
0	4
0	2
324	0
4	2
0	1
0	2
0	0
0	82
2	540
1	571
0	244
0	111
0	83
0	487
0	161
0	116
0	82
0	34
0	28
1	41
1	0
0	0
8	477
9	384
35	177
0	145
0	93
0	1169
2	677
0	967
8	628
0	1
0	111
0	1
12	144
1	150
0	111
2	127
0	119
73	107
29	82
0	34
0	0
0	0
0	0
0	0
0	0
0	0
0	0
0	0
0	0
0	0
0	0
0	0
0	0
5	137
0	110
1	13
4	116
161	274
125	305
1	26
0	376
1	135
1	33
20	153
0	114
8	95
16	95
31	2
0	2
0	0
0	0
0	0
0	0
0	0
1	46
0	46
1	5
0	641
2	5
0	121
1	146
0	568
0	628
0	65
1	28
0	129
0	511
0	922
69	92
2	984
0	563
1	24
0	44
10	415
0	74
0	36
0	489
2	124
0	129
0	0
0	444
0	357
0	403
3	75
2	100
76	339
0	54
0	12
0	76
1126	31
6	31
0	3
1099	0
1358	1
320	12
0	12
6	0
1060	0
0	0
0	3230
0	3
0	4
0	4
0	7
0	7
0	6
0	3
0	6
0	0
0	1111
0	1122
3	836
18	793
0	884
0	865
0	178
0	166
4	393
1	431
0	216
0	352
0	209
0	65
0	219
0	196
0	204
0	109
0	161
1	134
0	121
0	123
0	123
0	64
2	64
0	60
0	46
0	44
0	14
2	21
14	585
0	577
2	570
0	29
26	13
3	75
224	59
0	59
0	0
0	0
0	117
26	141
0	8
5	81
0	30
0	107
0	119
0	74
88	72
7	119
0	31
2	20
2	24
0	460
2	202
0	138
0	148
0	0
0	0
0	0
479	0
583	35
0	21
0	14
0	0
0	0
2029	0
0	0
0	584
0	621
0	498
1	23
2	10
0	77
267	651
0	651
5	592
0	484
1	0
1666	19
15	22
0	18
0	6
0	12
0	15
0	8
0	4
7	2545
110	3179
0	1070
0	406
3	82
0	1
0	0
0	0
0	0
0	0
0	1
0	0
0	1
0	1
0	53
0	63
0	65
8	120
0	91
0	62
0	14
0	5
0	107
3	582
0	806
0	570
7	542
79	18
1	212
0	159
2	79
9	6
0	733
0	2
0	0
0	0
0	0
0	0
0	0
0	0
0	0
0	0
0	0
10	233
36	108
0	251
0	376
0	269
0	347
0	371
0	276
0	368
0	351
0	356
0	368
0	368
0	263
0	275
0	341
0	361
0	354
0	373
0	348
0	368
0	361
0	351
0	275
0	341
1	344
0	243
0	273
0	332
0	360
0	349
0	313
0	335
4	232
0	165
0	259
0	223
0	229
0	256
0	235
0	225
3	40
0	219
0	112
1	142
10	158
0	157
0	152
0	138
0	87
0	113
0	25
9	13
0	5
0	8
0	197
0	0
0	18
1	14
0	18
0	18
0	18
0	18
0	16
0	17
0	17
0	16
0	17
0	18
0	13
0	10
0	9
0	10
0	3
0	0
0	0
0	0
0	472
11	982
0	985
0	11
0	20
0	974
0	886
0	1310
0	281
0	1136
0	1230
2	1226
14	346
0	555
0	380
0	302
0	599
0	1284
0	1161
0	942
6	3739
2	3754
16	3456
0	2243
0	3430
0	3737
1	3393
2	2393
0	1627
0	2307
3	1529
327	673
29	1937
0	1879
0	1327
9	1197
2	1068
0	871
0	800
0	705
0	435
0	449
16	446
0	270
0	176
121	30
1	1393
0	858
0	137
0	62
0	76
0	1361
0	1364
0	1343
1	189
13	223
0	349
0	38
0	68
1	60
1	109
3	26
1	381
4	419
0	425
0	87
0	0
0	0
0	0
0	0
0	0
0	0
0	0
0	0
1631	177
3	38
2	139
1091	0
0	1
0	1
0	0
0	550
0	729
0	171
0	97
0	60
29	3
0	655
0	665
0	0
5	433
0	173
0	44
10	27
0	13
2	448
142	0
184	955
3	501
0	368
2	327
1	159
0	154
0	828
0	51
3	334
0	70
0	37
0	45
0	335
0	335
0	321
2	2
2	2
0	0
0	1
0	1
0	1
0	0
0	3
0	4
0	0
0	4
0	121
1	2
0	121
0	0
1	1
0	0
0	117
0	0
0	118
0	2
0	4
0	9
0	2
0	0
0	194
2	146
0	170
0	92
0	55
0	31
0	161
12	96
0	23
95	778
0	93
21	45
0	804
0	4
1	176
9	127
16	1069
10	1189
11	0
0	1188
0	27
0	131
0	254
3	870
0	868
0	1045
0	114
0	118
0	214
0	612
0	1041
2	406
0	369
3	325
14	88
8	50
3	24
6	382
0	31
1	16
0	22
1	7
0	8
0	1
0	31
1130	412
0	180
2	0
0	231
0	0
507	0
0	0
1	0
0	332
0	118
0	0
0	0
11	2373
3	2382
0	472
0	261
54	148
0	201
0	2370
15	10
1	2
0	6
0	9
0	0
0	0
0	0
0	0
0	0
0	0
0	0
0	0
0	39
0	9
0	39
0	1
0	1
0	1
35	1
0	19
0	682
0	697
0	134
0	121
0	98
2	97
0	77
0	60
6	21
0	684
0	39
1	60
246	60
9	0
0	0
13	379
1	255
8	148
8	121
234	90
0	25
0	79
0	20
0	19
0	19
0	17
0	13
0	10
0	31
0	1
0	200
4	206
0	34
6	34
0	19
0	7
0	21
0	0
0	2
0	2
1	1
0	1
0	3
0	2
0	1
0	2
2	0
0	19
6	2
0	2
0	0
10	7328
65	4902
1	6457
0	7149
6	6822
0	6700
0	2919
3	3269
0	3127
4	1032
0	1064
23	955
25	3
0	3
0	3
0	1
3	0
0	81
0	78
0	30
0	26
0	14
0	14
0	11
0	13
0	81
0	163
562	521
2	52
0	0
0	439
0	48
0	5
0	42
0	42
0	6
0	34
0	28
3	42
0	621
2	530
0	207
25	597
0	489
1	221
1	32
0	154
50	283
6	140
1	124
1	72
1	154
0	140
0	212
0	0
0	0
0	0
0	0
0	0
0	0
0	0
692	780
1	309
18	433
0	778
0	488
3	213
4	52
0	0
0	0
0	0
0	0
0	0
0	0
0	0
0	0
0	4
0	4
0	4
0	4
0	4
0	4
0	2
0	4
0	4
0	4
2	0
0	5
0	5
0	2
0	4
0	4
0	4
0	4
0	4
0	4
0	2
0	0
0	4
0	4
0	4
0	4
0	2
0	1
0	4
0	4
0	4
0	1
0	4
0	4
0	4
0	4
0	4
0	0
0	4
0	4
0	4
0	4
0	4
0	4
0	4
1	2
0	0
0	2
115	66
1	53
1	11
3	9
0	38
0	1550
0	631
0	1557
3	1491
3	76
0	876
0	119
0	52
0	22
0	15
0	15
0	3
0	0
0	24
0	147
0	0
1	28
1	90
0	16
0	28
0	148
0	0
0	2
0	28
0	2
0	1
0	0
0	0
0	0
0	0
0	0
2	193
7	379
1	257
1	15
2	351
3	120
0	133
0	272
0	202
0	186
0	25
0	5
1	24
0	40
0	31
2	30
0	35
0	5
0	16
0	0
0	0
0	0
0	0
0	0
0	0
0	0
0	0
0	0
0	0
0	0
0	0
0	0
0	0
0	0
0	0
0	0
0	0
0	0
0	0
0	0
0	0
233	13
1	13
5	133
4	129
12	45
1	21
0	20
0	20
5	20
0	15
211	359
1	278
1	46
0	104
0	209
0	120
0	16
0	12
0	46
0	75
0	75
1	67
1	2
1	74
0	73
0	67
0	20
20	1717
0	2196
0	2045
0	2119
0	2123
2	2042
0	1937
0	406
0	432
10	323
0	165
30	220
0	198
0	108
2	108
0	190
0	254
0	254
0	190
0	254
0	264
0	420
0	169
0	102
0	102
0	102
0	195
0	525
0	164
0	163
0	465
2	10
2	444
43	608
0	602
1	236
75	328
0	522
0	523
0	214
0	218
0	308
0	480
0	446
0	155
0	490
0	510
0	516
0	430
0	125
0	488
0	64
0	375
0	43
0	352
0	345
0	333
0	354
0	326
0	347
0	569
19	569
0	93
0	637
1	96
4	24
0	64
0	59
6	11
0	23
0	31
0	8
0	13
0	625
3	994
1	994
0	88
4	0
1	114
0	994
0	0
0	0
0	0
2	3
15	71
0	17
10	12
0	17
2	12
2	48
0	54
0	34
0	528
0	192
2	545
22	663
1	93
0	87
0	96
0	0
0	0
0	0
0	0
1	0
0	0
0	0
0	0
0	0
0	0
1	0
0	0
0	0
0	0
0	0
0	0
0	0
0	0
0	0
0	0
0	0
70	38
0	4
0	33
0	3
0	10
0	8
110	6172
0	222
0	4173
0	538
0	659
0	818
1	5358
1	4138
5	3686
0	489
0	5
0	363
0	573
5	3794
2	403
0	694
7	328
1	1
17	38
0	16
0	21
0	7
0	0
7	3977
1	3580
0	2654
28	843
0	805
7	1094
1	22
520	1183
0	770
0	805
0	630
0	667
18	191
3	89
2	983
302	293
18	289
0	83
0	0
2	2
0	0
0	9
0	64
0	10
0	6
0	30
0	9
0	64
0	15
0	11
0	68
0	66
0	10
0	9
0	5
0	5
0	1162
0	355
0	178
0	167
64	1129
0	255
0	168
0	154
0	135
0	132
0	106
0	102
0	99
0	77
0	38
0	0
0	3
0	4
0	0
4	26
87	380
0	21
0	247
1	99
1	76
0	29
0	35
0	11
1	13
0	15
0	6
0	1
7	8
0	6
0	6
0	3
0	4
0	4
0	2
0	1
0	4
0	4
1	1
0	2
0	2
0	3
0	2
2	0
5	430
0	12
0	317
2	0
0	427
49	19
0	0
2	18
3	11
0	9
0	1
0	1
0	0
0	0
4885	407
0	407
104	625
9	142
0	465
0	192
0	13
0	30
4	17
1	63
0	45
0	309
0	267
0	182
0	124
0	39
0	13
0	22
0	0
0	0
0	0
0	0
120	644
0	50
6	173
0	644
0	42
0	14
0	25
7	107
0	54
0	4
1	2
0	4
0	4
0	3
0	0
0	1
0	1
0	0
0	0
0	0
0	0
0	11
0	6
46	12
0	0
2	4
0	1
0	0
0	1
0	1
0	0
16	923
0	923
0	0
0	0
0	0
0	0
3	510
1189	1744
0	1421
156	122
0	122
0	0
0	0
0	0
0	0
1	0
0	0
0	0
0	0
0	0
0	0
57	2
0	1851
0	1740
7	734
0	110
1	0
27	672
12	672
0	20
0	20
0	19
0	11
0	2
0	6
0	3
0	3
0	1
0	1
0	1
0	1
0	0
0	0
0	0
0	0
9	81
2	30
3	66
10	5400
0	4016
0	5592
0	7534
4	6553
0	5311
29	2815
348	4329
0	1708
0	5929
3	3117
645	498
10	399
4	261
1	1080
1	1074
1	1133
0	185
2	770
2	129
0	102
6	145
1	97
0	135
0	32
18	28
0	16
0	2
0	2
1	52
0	15
0	19
0	12
0	52
0	15
2	248
0	33
0	248
53	0
1	5
24	273
1	270
0	242
0	5
112	9
1	751
11	1196
0	1226
2	1200
22	1216
17	1258
54	1260
3	773
0	7
0	23
0	75
0	13
0	111
0	32
0	6
0	25
0	13
2	117
0	17
0	20
0	21
0	21
0	23
0	23
8	109
0	11
1	14
0	65
0	48
0	45
0	49
0	44
0	26
0	22
0	0
0	0
0	0
0	0
0	0
0	0
0	630
0	93
0	635
3	56
0	75
0	67
2	44
132	208
0	14
94	375
0	6
72	273
1	18
4	0
0	0
0	0
344	1325
0	1150
5	136
0	138
0	186
0	182
2	109
0	155
0	135
0	122
0	137
3	79
1	52
0	36
0	30
1	64
5	135
0	900
0	0
0	0
0	219
4	1596
0	138
0	2973
0	1495
0	2985
0	1258
1	657
0	47
12	185
1	95
8	53
16	50
0	53
8	214
0	72
26	106
0	56
2	39
5	14
3	69
0	127
0	51
0	47
0	397
1	309
0	267
513	522
241	269
0	79
0	145
0	99
0	1129
0	1278
0	78
7	300
0	1090
0	1067
6	1077
0	1070
1	1085
0	1093
0	1186
0	1081
0	866
0	895
0	988
0	1169
0	1253
0	254
0	1182
0	1133
0	957
0	265
0	1100
0	909
2	108
0	817
0	1128
0	515
0	52
0	516
0	515
0	511
0	118
0	10
1	29
0	7
0	30
0	20
0	22
16	23
0	22
0	15
0	7
0	20
14	957
0	987
0	128
25	965
3	362
0	69
0	927
0	7
0	115
0	14
0	115
0	115
0	0
0	2
0	2
0	2
0	73
8	60
0	115
0	13
1	86
0	0
21	68
0	114
0	78
0	67
0	115
0	115
0	96
0	100
2	169
9	179
0	192
0	179
0	174
0	135
1	54
2	19
0	23
9	74
0	67
0	76
0	55
0	48
0	70
0	39
3	15
0	21
0	16
1	8
1	12
0	22
0	24
0	26
5	9
0	169
0	191
0	172
36	6
2	91
108	489
1	453
0	102
0	0
0	0
0	0
0	0
0	0
0	0
0	0
0	0
0	0
0	0
0	0
0	2594
0	167
0	3120
0	3193
6	809
1	2614
0	3153
25	145
0	1061
28	331
1	241
7	0
95	310
0	316
1923	0
36	3115
0	143
0	3237
6	1543
2	1796
0	3144
61	2944
0	3344
18	2948
0	3248
0	313
0	265
0	449
0	466
2	2256
5	407
0	167
3	398
0	695
0	909
2	619
16	258
3	9
0	0
0	295
0	299
0	2
1	132
0	98
2	82
0	4
0	0
0	0
568	169
0	55
0	54
2	49
5	11
0	0
0	0
0	0
0	0
0	59
0	178
0	241
0	201
0	231
0	231
0	198
0	195
0	193
0	181
0	209
1	213
4	50
0	200
0	219
0	205
0	118
0	205
0	182
0	179
0	198
0	171
1	40
0	175
0	56
0	143
0	114
0	114
1	32
51	179
5	180
14	39
0	4
0	37
1	37
4	166
0	943
0	929
14	932
0	954
0	942
0	959
2	158
0	131
2	161
2	47
0	35
0	22
0	156
4	71
0	51
10	17
0	2
0	0
0	0
0	2
0	0
0	0
0	0
0	0
0	0
0	0
0	0
0	0
0	0
0	0
0	0
0	0
0	0
0	0
0	0
0	358
0	673
0	665
2	374
0	128
0	101
0	36
4	25
1	28
1	541
0	32
0	26
1	0
1	134
0	527
0	534
0	2
0	2
0	1
0	1
0	0
0	0
0	0
0	2
0	858
0	619
2	610
0	830
0	665
16	822
0	844
0	834
0	694
3	357
0	647
0	643
0	631
0	441
1	108
0	324
0	355
0	260
4	391
0	266
0	109
0	126
0	74
0	86
0	12
1	12
0	1
0	417
30	231
10	382
8	283
3	330
10	330
0	298
7	0
1	104
3	256
2	256
9	105
509	0
7	6223
2	13
7686	27670
334	25050
11	12426
0	0
0	0
0	0
0	0
0	619
952	482
0	158
0	193
10	73
3	180
0	0
0	0
0	0
6	12
1	18
0	13
0	8
1	12
0	8
0	8
353	305
0	304
0	169
0	279
0	177
0	0
0	44
0	25
0	26
1	32
0	31
0	16
0	33
0	23
0	26
0	9
0	22
0	10
0	19
1	21
0	13
2	10
0	8
0	8
0	5
0	2
0	5
0	4
0	0
0	1
6	163
0	0
0	163
0	69
0	66
0	26
89	133
3	71
0	2
0	70
2	23
0	121
0	22
0	53
202	133
0	133
0	150
1	300
3	300
0	3
0	3
0	1
0	3
0	1
0	0
0	0
0	0
0	6
0	0
0	1
0	6
0	0
31	2567
41	3865
10	4534
1	5917
0	6223
0	6074
2	341
12	309
2	456
13	27
0	213
0	214
0	224
0	78
0	223
17	212
0	42
0	34
0	56
0	1
0	15
0	526
7	557
0	8
0	39
1	8
0	121
0	5
0	0
0	0
0	2
0	0
0	0
0	5
0	0
0	0
0	0
0	0
0	0
0	0
0	14
0	225
0	2814
3	301
1	2452
0	1617
0	1672
0	2257
0	1638
0	1619
3	56
0	2465
1	233
1	153
0	575
12	365
7	147
1	371
2	2633
0	0
34	61
0	61
2	12
42	25
42	535
1	40
1	40
0	32
0	13
0	49
1	45
0	194
0	64
0	38
4	451
0	7
0	145
7	48
0	144
0	163
0	263
0	85
0	180
0	178
0	85
1	213
1	94
9	1
0	264
99	1498
0	56
1	1498
0	484
0	241
0	442
4	408
0	142
2	104
3	235
1	68
0	34
0	0
0	484
0	1
0	0
0	1
0	0
0	0
0	79
0	530
0	143
0	147
0	158
1	1487
0	455
0	1438
3	109
91	89
1	89
0	1475
0	530
0	49
0	29
0	4
0	41
0	41
0	3
198	3
3227	1351
0	307
0	306
0	197
0	111
0	16
3	167
1	146
0	194
0	340
0	137
0	82
0	101
0	100
0	83
0	96
0	69
0	67
0	48
0	64
2	61
0	59
0	73
0	63
1	47
0	59
0	44
0	67
0	16
0	7
0	45
0	21
0	9
12	0
0	2659
0	2606
0	2179
7	2847
0	402
18	99
14	404
0	686
3	73
0	2842
596	0
0	24
0	592
8	537
2	543
40	183
12	183
0	207
6	412
1	428
0	59
114	383
2	244
3	0
0	17
3	132
1	495
0	564
0	594
0	683
0	700
0	708
0	701
0	23
0	132
0	472
3	701
0	109
0	0
8	725
25	153
0	683
0	0
0	0
0	0
0	0
0	0
0	0
0	0
0	0
0	0
0	0
0	0
0	0
21	266
1	266
6	31
0	212
0	0
6	53
5	46
221	19
1	13
0	8
0	6
0	0
0	505
0	72
125	712
0	77
2	8
0	528
0	707
27	86
0	223
0	334
79	6
6	6
49	0
3	41
0	343
0	359
0	307
0	272
6	206
3	194
0	26
0	34
0	32
0	25
0	38
0	1
1	29
0	22
2	19
0	16
0	23
0	20
36	28
1	27
3	265
394	866
0	13
4	833
0	48
0	26
0	14
0	19
0	551
1	0
0	46
0	54
0	56
2	254
0	30
0	0
0	0
0	2
0	354
0	0
0	9043
0	4
41	8509
97	9314
0	308
78	255
14	6834
280	9060
0	33
0	0
0	0
0	0
0	0
0	0
4	676
0	544
0	627
1	536
97	233
4	274
10	207
1782	837
3	206
10	675
0	502
0	0
0	0
0	0
0	0
0	0
0	0
0	0
0	0
0	0
0	0
0	0
0	0
0	0
0	0
0	0
0	0
771	627
13	542
2	463
0	617
0	471
10	1
0	1
1	0
0	0
5	63
891	1523
0	1742
42	296
0	1303
0	1667
0	1116
2	738
0	1147
0	703
3	82
6	63
0	370
0	146
11	81
0	98
9	4
0	4
0	0
0	0
0	0
0	0
0	452
4	296
3	602
0	434
3	130
0	33
0	1970
0	1992
0	1867
3	523
0	589
0	1584
0	964
0	1665
0	364
0	760
2	1503
11	655
6	1182
0	1500
0	181
0	155
0	97
5	417
0	408
3	488
1	599
18	1221
14	1221
0	0
0	0
0	0
0	0
0	0
0	0
0	0
0	0
21	566
0	558
0	561
12	551
0	491
1	478
2	35
0	52
2	42
20	58
0	223
2	384
21	390
8	34
4	92
4	117
8	63
1	55
0	33
0	179
0	133
0	130
0	106
1	81
0	505
0	428
1	10
0	197
0	197
0	191
8	37
1	54
0	35
0	16
0	56
0	15
4	51
1	16
0	38
0	23
0	4
0	428
176	9
0	9
2	3
9	5
0	290
0	240
0	228
1	186
0	231
0	240
0	26
0	2
0	221
0	284
3	10
0	8
0	0
0	0
0	0
0	0
0	0
0	0
0	0
0	0
0	0
0	0
0	0
0	0
0	0
0	0
0	0
0	0
34	2194
3	480
0	98
2	257
3	211
130	1636
0	805
0	793
0	238
0	106
0	49
3	18
2	807
0	799
0	805
0	797
15	413
0	248
7	281
42	136
0	223
1	292
0	182
0	278
0	277
0	280
0	0
0	0
98	327
0	25
2	312
0	285
0	128
0	61
10	23
0	42
4	26
0	9
0	3
0	0
0	2
0	3
0	0
0	0
0	0
0	0
268	1376
1	102
0	86
12	24
16	18
1	252
76	951
5	112
7	110
19	197
0	183
0	0
1	0
0	0
0	0
0	0
0	0
0	0
0	0
0	411
0	656
0	269
0	40
0	0
0	0
0	0
0	0
0	135
1	128
0	24
0	5
2	34
5	821
0	266
3	657
0	36
0	188
8	307
7	212
2	287
1	51
30	100
0	82
18	76
0	248
0	150
0	26
0	250
0	149
0	546
0	384
19	594
0	312
0	265
0	263
0	140
0	176
0	90
0	119
0	549
79	331
650	6
0	6
0	156
0	1523
3	2360
8	2345
1	2124
0	2346
7	833
20	997
0	892
13	1030
25	72
2	85
4	50
0	38
0	884
0	269
3	274
0	267
0	190
1	194
0	186
2	178
0	153
0	74
3	39
1	43
0	266
3	85
0	81
6	92
28	307
0	307
0	0
0	0
0	0
0	0
0	0
0	0
0	0
0	0
0	0
0	0
0	0
0	0
0	0
0	0
0	0
0	0
0	0
0	0
10	8
412	98
4	15
0	66
0	94
0	14
872	761
1	644
47	747
9	22
27	139
16	32
14	11
0	0
1	11
0	0
0	0
0	7
199	607
17	587
122	506
0	17
0	69
15	20
7	0
0	3942
1	2510
13	1106
96	143
18	1174
0	1014
1	1093
29	978
0	1263
10	998
38	2741
0	2439
0	2856
0	2622
0	2580
0	2196
0	1082
0	973
0	729
0	2100
0	1699
0	135
3	415
18	230
0	278
0	13
0	21
1	277
2	36
0	35
0	33
0	32
2	2750
0	2386
0	2
10	409
0	0
0	8
0	8
0	0
0	2
0	1
0	93
0	93
0	114
0	146
0	220
0	210
0	66
0	147
0	123
1	63
97	32
7	4
0	54
17	94
15	42
29	3
0	3
0	73
0	39
3	61
0	11
0	0
0	0
0	389
1	271
4	222
0	371
0	204
0	369
2	63
2	73
1	30
0	65
0	69
19	194
11	10
11	23
4	62
13	1
1	0
0	743
0	1
0	1
0	0
0	0
0	0
0	0
244	39
1	39
606	40
0	4
1	15
1	15
0	98
0	448
0	150
0	1439
3	270
0	312
0	164
0	321
0	188
1	1408
0	108
0	347
20	1340
0	50
0	1308
1	183
0	1285
0	122
0	107
1	112
1	722
0	717
0	733
0	143
0	42
5	0
0	0
0	0
0	0
22	884
28	917
19	283
0	1
1	1
0	1
0	1
0	0
298	5
2	281
0	301
0	422
0	317
0	493
0	306
0	25
0	76
0	27
3	30
0	54
0	16
0	21
0	31
0	20
0	36
0	0
0	1
0	14
0	28
0	23
0	25
0	11
1	5
0	174
0	26
0	16
0	317
0	493
0	2542
51	24750
8	16461
0	19752
0	24552
0	1955
0	3955
0	3284
0	125
0	23409
0	0
3	144
0	158
0	155
0	157
0	155
0	40
0	32
2	38
0	17
3	999
0	66
0	992
0	955
0	985
0	946
0	978
0	52
0	874
2	45
0	912
0	52
6	993
0	47
0	108
0	47
2	48
2	240
0	91
17	70
0	9
22	63
0	63
0	27
0	29
0	64
0	28
0	37
0	58
0	6
2	21
0	60
0	3
0	58
0	58
0	31
0	15
0	14
1	20
0	5
0	27
0	1184
0	26
0	75
3	1045
0	780
4	67
0	656
0	19
1	30
8	39
0	87
0	1166
2	64
165	21
0	94
158	521
0	10
4	146
8	336
0	20
0	3272
0	3699
0	26
905	1238
4	1021
2	1141
8	134
0	149
12	95
0	0
0	1
0	1
0	0
0	1
1	1
0	0
0	0
0	0
0	1
0	0
0	0
1	0
0	0
0	8
0	10
0	8
1	5
0	8
0	8
0	6
0	8
0	5
0	6
0	6
0	3
0	5
0	0
16	5
0	0
0	0
0	4
0	0
0	0
0	0
0	0
0	0
0	0
0	1
0	15
10	89
1	3
12	25
0	19
0	66
0	48
0	34
0	44
0	8
0	7
0	48
0	2
0	2
0	2
0	2
0	2
0	3
0	0
0	0
0	1
0	1
0	1
0	1
0	1
5	1
0	0
0	538
0	516
0	17
0	174
0	533
0	30
0	208
0	92
0	0
0	0
0	45
0	534
0	46
1	510
0	207
0	0
0	530
0	0
0	33
0	2
0	36
0	22
0	405
0	0
0	34
0	0
0	0
0	0
0	45
0	145
0	324
0	0
0	38
0	0
0	277
0	69
5	173
0	54
0	182
0	66
0	104
0	71
0	169
0	182
0	110
1	184
0	137
0	102
0	183
0	97
0	70
0	74
0	66
0	65
0	14
0	65
0	0
0	69
0	75
0	69
0	8
0	101
0	59
0	80
0	26
0	140
0	137
0	104
0	42
0	42
0	39
0	1
0	545
2	92
0	91
4	490
8	1
1	131
0	123
19	503
0	200
0	352
0	543
2	465
5	61
0	533
388	391
0	0
0	22
7	0
1	208
0	369
0	238
0	225
0	152
0	352
4	17
0	139
153	136
0	48
1032	356
0	356
0	298
2	53
0	118
0	317
0	46
0	46
0	0
5	66
0	288
0	372
2	15
1	10
0	0
0	0
0	56
0	0
0	361
0	901
0	866
0	915
0	355
0	855
0	185
0	211
0	239
0	445
0	750
0	158
0	213
0	146
0	112
1	303
7	908
0	124
0	338
0	468
0	169
0	343
0	253
7	799
0	766
0	923
0	887
0	836
0	246
2	209
2	470
0	88
0	179
0	179
0	179
0	179
0	1039
0	252
0	1050
0	1039
0	235
2	219
0	229
0	280
0	218
0	216
0	437
0	230
0	21
3	171
2	16
0	29
0	31
0	8
3	6
3	20
12	18
0	6
2	6
0	7
5	0
0	43
0	79
0	111
8	294
0	2
0	18
0	231
0	107
0	124
0	53
0	111
0	97
5	0
0	25
3	677
1	523
0	535
0	338
0	240
0	78
0	43
0	102
0	75
0	0
0	0
0	0
0	0
0	207
0	48
0	183
1	50
0	183
0	1
0	1
0	4
0	0
0	0
0	1
0	1
0	1
0	0
0	4
0	2
0	0
0	0
0	6
0	9
5	167
3	167
0	102
91	255
234	154
0	0
1	0
0	0
0	0
0	116
0	164
0	78
1	70
0	74
0	39
0	68
0	14
0	29
0	30
0	18
0	103
0	10
0	19
0	12
0	21
0	163
0	10
0	12
0	4
0	161
0	1
0	1
36	282
4	164
0	190
0	75
0	19
1	47
33	0
18	116
35	23
0	23
0	9
0	0
0	0
6	230
3	230
0	0
0	0
0	0
0	0
0	0
0	0
3	83
0	1
0	1
4	0
0	2
0	0
0	2
1	2
0	2
0	5
0	81
0	82
0	328
0	264
0	345
1	364
0	52
0	254
0	204
0	157
0	183
0	139
2	39
0	91
0	6
0	7
0	0
1	349
0	336
1	339
0	811
1	2
0	46
0	37
0	296
12	125
0	806
0	831
0	41
0	821
0	44
0	334
1	132
0	246
22	48
14	32
4	110
0	110
15	2364
18	2365
2	18
1	2343
0	24
0	11
0	20
0	6
0	24
1	558
2	222
72	2395
0	207
128	2989
0	884
0	252
0	189
0	276
114	738
1	739
2	326
0	1238
0	336
0	217
65	632
0	654
101	434
0	201
0	345
0	378
25	353
0	172
0	249
0	124
0	83
0	124
0	30
28	2132
71	2021
0	1627
0	1847
7	1100
0	767
0	629
0	547
0	2042
1	1
0	1
0	1
0	1
0	2
842	285
0	285
1	2
0	4
0	5
0	0
0	27
0	26
0	16
1	12
0	9
0	5
0	3
1	4
5	667
11	666
0	20
0	14
0	25
1	186
0	25
630	615
0	125
0	96
1	231
1	204
0	231
0	153
0	98
1	49
0	78
0	49
0	28
0	198
3	71
431	232
3	232
0	349
2	456
0	472
0	122
0	122
0	75
1	24
1	47
1	20
0	0
0	0
0	0
0	0
1	14
751	159
0	69
3	44
1	32
0	61
0	34
3	47
0	5
0	5
0	5
0	5
0	5
0	1
0	1
0	0
0	1
0	0
0	178
15	127
0	154
2	144
0	103
1	69
0	47
0	50
2	38
2	7
0	1
0	38
0	145
0	23
0	79
0	11
0	2
0	10
1	7
0	7
0	145
0	0
0	0
0	2
0	0
1	2
0	1
0	0
0	57
1	999
2	233
0	927
0	66
0	531
47	2
1	35
7	277
0	5
0	20
0	1020
6	105
0	67
0	31
0	17
0	102
0	8
0	39
0	59
92	184
0	184
0	8
0	0
0	26
0	26
12	1799
1	15
0	49
2	41
0	5
0	8
0	14
0	24
0	17
0	26
0	8
0	22
83	75
0	3
0	0
0	3
0	1
0	0
0	0
0	0
0	1
0	1
0	1
0	0
0	125
0	226
0	226
0	335
0	335
0	285
0	388
0	334
0	121
0	225
0	211
1	53
0	134
0	540
0	539
0	471
5	169
0	113
1761	3951
0	1671
0	3149
3	1404
2	0
7	63
0	164
4	170
0	8
0	71
0	76
1	68
0	159
2	261
0	79
3	239
0	47
1	95
1	15
2	16
0	0
7	550
0	590
0	79
498	1669
0	1616
1	920
0	675
0	158
2	462
0	251
0	193
638	0
0	0
4	297
10	295
23	118
0	319
0	311
0	328
631	335
1	309
0	293
0	319
0	3
0	88
0	682
0	164
268	705
0	120
0	292
0	224
0	123
0	67
1	46
213	388
0	395
0	170
4	349
0	349
0	33
0	17
0	166
0	26
0	37
0	23
0	0
0	6
0	6
0	1
0	1
0	1
0	0
368	27
0	2
4	25
0	5
0	1
0	5
0	5
0	1
1	0
0	0
0	0
0	0
0	0
0	0
0	0
0	0
0	0
1	0
0	2
0	42
0	0
0	0
0	0
0	0
0	0
0	0
0	0
0	0
0	0
0	0
0	0
0	6
0	23
0	24
10	200
72	113
59	200
0	101
0	22
0	15
0	10
58	257
6	52
10	137
0	148
1	21
29	28
0	20
0	2
0	1
2	35
2	1
0	7
0	0
0	0
0	0
16	1515
0	332
0	296
5	359
16	60
72	905
9	672
14	584
3	323
4	1565
0	1657
0	1516
433	2
0	0
0	0
0	0
0	0
0	0
0	0
0	0
0	0
15	100
5	78
0	98
14	0
11	1231
1	1239
15	1234
0	180
1	380
3	111
1	165
4	25
0	8
0	1058
0	47
0	47
0	8
0	7
0	3
0	5
0	3
0	3
0	1
0	0
0	0
605	0
0	9
2	281
357	430
2	64
0	47
0	42
0	4
2	18
0	8
5	23
1	7
0	19
0	74
0	13
0	1
0	1
0	1
0	1
1	53
20	64
1	17
351	1955
3	1955
1	98
0	104
0	104
0	104
0	0
0	22
1	39
0	22
1	4
0	104
5506	0
9	2599
2	629
1	1057
2	2390
3	255
0	1041
10	115
0	94
0	0
1	158
5	129
0	74
0	1051
0	68
0	190
12	0
5	758
0	112
0	485
0	479
6	477
1	463
0	178
0	41
1	100
0	3
0	2433
0	7112
15	8022
1037	5848
5	3198
30	3122
4	2525
2	1199
35	2070
0	935
0	1967
5	1418
1	1265
0	1859
15	1115
0	1195
1	6
14	164
2	3
0	413
0	405
0	405
0	405
0	303
0	15
0	413
1	415
0	407
3	4
0	172
3	95
0	155
0	121
0	16
2	30
105	2797
26	2797
0	277
0	37
0	222
0	249
0	387
2	247
0	309
0	309
1	476
9	338
6	875
0	0
0	0
0	0
0	0
0	0
0	367
0	307
0	0
0	1605
14	1436
0	1529
0	1674
13	208
1	832
9	8
0	171
8	6
10	206
0	182
0	125
1	3
1042	10
0	10
0	944
469	1674
46	499
0	1245
22	77
5	588
0	610
0	303
0	350
1	351
0	338
0	197
1	204
2	25
33	25
5	1641
227	137
2	135
7	207
10	633
0	594
31	493
0	190
0	174
0	62
0	149
0	98
0	110
0	179
0	106
2	97
3	515
0	286
0	536
0	123
0	390
0	178
18	86
1	320
1	168
68	49
32	159
3	72
0	60
0	166
0	138
0	157
0	60
0	44
1	100
0	65
0	92
143	72
8	52
0	68
0	52
6	19
0	40
2	18
0	3
20	138
5	214
445	283
1	155
11	226
21	2144
0	2313
0	412
0	0
0	0
0	0
0	0
32	690
4	792
0	335
0	73
14	551
5	21
0	21
1	88
0	624
0	7
0	357
0	355
0	60
0	52
0	86
0	71
0	57
18	37
0	48
0	40
3	310
0	62
0	50
0	79
1	51
0	68
0	16
0	23
2	8
0	11
0	22
0	0
0	18
5548	0
0	0
0	0
0	0
0	0
0	0
0	0
0	566
3	511
0	230
0	218
0	566
6	180
0	119
1	489
1	180
11	182
2	181
0	484
20	11
0	291
0	498
9	210
0	96
0	436
2	1
1	0
0	0
0	30
0	0
0	30
0	30
0	30
0	30
5	22
2	13
0	30
0	11
0	11
2	2
1	7
0	11
0	8
0	11
0	11
0	0
0	0
0	9
0	3
0	3
0	3
0	3
0	3
0	3
0	3
0	0
0	2
0	0
0	0
0	1
0	0
0	2
0	1
0	460
30	855
0	119
2	301
1	692
0	121
0	247
0	1919
0	1831
13	222
25	132
0	52
1	34
11	383
21	96
28	166
0	228
0	13
0	2105
0	825
385	267
1	32
0	41
0	10
1	66
0	66
0	66
0	18
0	3
0	6
1	3
0	0
0	0
0	0
0	0
0	0
0	0
0	0
0	0
0	0
0	0
0	0
0	0
0	0
5	179
3	66
0	45
7	43
1	4
7	73
217	116
1349	473
5	473
0	159
0	57
2	180
3	180
0	964
0	1039
25	919
0	238
1	260
0	578
1	226
0	179
0	1039
0	1039
3	2087
3	2120
0	2116
1	2115
0	2119
0	2114
0	753
0	66
1	18
1	15
0	22
0	21
266	1164
0	83
0	232
3	254
0	344
0	490
73	1159
3	726
0	751
0	982
0	140
1	269
0	290
0	498
14	159
0	154
5	216
14	633
14	58
0	0
0	624
1	199
11	177
0	70
1	58
0	0
0	29
0	11
5	13
0	0
0	0
0	0
0	0
0	0
0	0
8	7
0	7
0	0
0	0
1	0
0	0
0	2
0	1
0	69
0	5
0	57
0	43
0	5
0	59
0	55
0	58
0	69
0	56
0	47
0	57
0	59
0	57
0	58
0	62
0	60
0	54
0	61
0	50
0	31
0	60
0	51
0	52
0	2
0	7
0	484
0	91
6	491
8	46
0	0
0	34
0	34
5	32
0	35
0	6
2	16
0	3
1	3
0	17
1	4
0	9
0	264
106	281
0	17
5	179
0	593
0	498
0	629
69	522
1	632
0	572
1	113
0	341
0	343
0	153
5	123
0	80
161	328
0	287
0	314
0	29
0	242
0	235
0	184
2	33
2	152
0	140
0	50
2	152
1	136
0	80
1	64
7	106
1	152
0	113
0	31
0	55
839	860
0	179
111	711
0	607
8	438
0	116
0	399
9	111
0	210
0	91
0	87
1	127
0	126
0	1828
0	1808
43	1237
6	1202
1	1301
0	0
0	0
0	0
0	0
0	0
10	1136
18	15
101	306
0	46
5	284
12	26
0	16
0	306
2838	0
0	0
0	0
0	0
1	24
0	24
0	22
0	22
0	5798
93	1005
2	4570
3	5678
14	5672
4	5680
1	4309
32	2661
3	3217
32	3209
7	0
4	3565
0	62
1	65
0	71
0	52
0	164
0	151
0	149
0	156
0	160
0	151
0	182
1	155
0	173
0	158
0	129
0	140
0	157
0	119
0	125
0	107
0	134
0	110
0	114
1	80
0	86
0	53
0	27
0	59
0	44
0	69
8	10
2	55
0	230
0	227
0	211
0	228
0	128
0	225
0	218
0	98
0	109
0	204
0	117
0	124
0	32
0	251
0	144
6	246
14	247
2	93
0	0
0	0
0	0
0	0
0	0
0	1
0	1
0	0
0	0
0	0
0	1
0	0
0	93
0	3734
162	4892
1	3438
0	3664
0	1281
2	4061
0	2306
0	1670
0	4772
0	2346
48	4950
0	4654
0	4313
281	1987
0	1799
3	548
0	1470
0	3834
0	1431
1	451
0	451
0	449
0	12
0	398
0	312
0	293
0	4
0	84
0	30
0	34
2	24
88	454
0	0
0	0
0	0
3	208
8	33
0	1
0	214
0	668
0	668
0	592
0	575
0	673
0	220
0	220
0	667
0	214
0	8
0	2
0	0
0	0
0	0
0	0
0	0
0	0
0	0
0	0
0	0
0	0
0	0
0	0
0	0
0	0
0	577
0	584
0	370
0	334
0	279
0	87
0	43
3	59
0	0
0	0
0	0
0	0
0	0
0	528
0	81
0	525
0	536
0	524
0	531
0	539
1	89
0	35
0	50
0	476
1	501
0	513
0	437
6	260
0	48
8	148
0	95
1	50
4	75
8	768
0	24
0	636
10	661
0	644
0	761
0	750
91	739
4	386
3	84
0	373
0	66
25	29
1	113
0	58
0	57
0	1
0	1
0	1
0	1
0	1
0	0
0	0
0	1
0	311
0	1079
0	843
0	893
0	784
1	638
15	1080
0	479
0	140
0	674
0	88
10	66
0	27
63	1187
0	1187
1	130
33	221
0	91
0	52
0	4
0	0
0	37
0	22
0	19
0	11
0	0
0	37
0	0
0	0
0	0
0	0
0	0
0	0
0	0
0	0
0	0
0	22
0	36
215	129
0	116
5	14
0	44
0	43
1	25
0	17
0	15
0	32
0	19
0	19
0	21
0	3
0	26
0	2
0	30
0	29
369	0
9	210
0	475
5	247
1	371
1	238
4	89
0	130
3	162
4	56
0	6
3	51
0	54
9	1280
84	1111
0	304
108	679
63	549
0	839
0	790
58	829
0	179
0	706
0	532
11	276
1	32
1	209
0	286
4	16
45	30
0	26
0	8
0	724
0	0
80	154
0	26
0	3
1	76
3	123
0	20
0	7
1	18
0	330
0	335
0	318
1	18
0	16
0	60
0	29
0	34
0	26
20	156
0	4
0	8
0	32
0	33
0	313
5	0
1	112
0	137
0	75
45	15
0	89
88	24
9	84
0	26
12	125
0	87
0	39
0	54
0	47
0	40
0	52
0	129
1	0
0	22
0	0
0	22
0	692
0	169
60	320
16	0
0	291
35	67
0	217
1	194
18	171
1	46
0	65
0	0
0	11
0	0
2	11
0	58
0	69
92	35
0	4
0	0
0	0
0	428
0	198
0	409
0	411
2	412
0	57
2	433
3	81
0	287
0	11
0	31
0	10
0	21
0	2
0	198
0	200
0	17
0	1
0	410
0	1
0	1
0	1
0	0
0	0
0	1
0	5
0	4
0	8
0	8
0	8
0	2
0	7
0	48
467	98
3	17
1	19
0	24
0	21
0	38
225	247
1	239
0	216
1	151
1	59
0	20
0	28
0	0
0	291
1	25
0	380
0	286
157	388
0	245
1	8
0	269
0	78
0	13
0	0
0	2
1	2
0	0
0	0
0	0
1	0
0	20
0	0
0	10
0	10
0	4
0	0
0	0
0	0
0	3
0	0
0	0
0	20
0	20
0	20
0	20
0	20
0	1
0	20
0	10
0	33
0	76
0	77
0	71
0	80
0	19
4	15
0	18
0	37
0	61
0	20
0	7
0	15
0	21
0	1
0	1
0	9
0	80
0	5
0	13
0	25
1	81
0	18
0	71
0	15
0	14
0	6
0	13
1	11
0	57
0	31
0	31
0	77
1	2
0	2
0	1
0	2
0	0
0	0
0	2
253	962
1	697
0	604
3	697
10	454
235	0
0	0
0	74
0	87
0	69
193	0
1	0
0	0
5	660
0	624
0	625
0	624
0	624
0	627
1	631
0	624
0	624
0	624
0	74
0	26
0	36
0	0
748	333
1	37
0	194
0	12
26	214
0	181
0	63
118	199
2	199
0	188
0	24
0	90
1	14
0	142
0	130
0	140
0	114
0	921
4	132
0	917
0	920
3	104
0	91
0	53
0	117
1	896
0	911
0	917
0	99
0	886
0	74
0	115
0	121
1	109
0	713
0	15
0	9
0	58
1	765
0	49
0	61
4	29
0	74
1	76
7	25
0	520
0	72
0	66
1	6
6	6
0	86
0	109
6	496
0	151
19	16
0	13
0	15
0	12
0	2
28	214
0	0
1	164
0	135
0	120
2	15
0	25
0	3
2	10
4	10
0	4
96	80
0	48
1	37
0	23
0	482
0	509
37	484
1	457
31	80
0	472
2	19
0	396
45	0
9	755
0	965
75	1032
0	100
4	309
4	57
0	133
24	83
0	39
0	9
0	3
807	2893
6	2507
1	1068
4	2225
0	1088
1	1174
13	376
0	1225
2	885
0	770
0	509
0	460
1148	0
0	11958
13	239
0	11937
0	9298
26	9406
3	11068
4	1495
8	6216
1	1657
0	0
115	232
1	158
0	130
0	17
44	81
0	0
0	0
0	0
0	0
0	0
0	0
53	229
3	653
0	102
1	40
0	27
0	27
2	22
0	567
0	45
0	523
0	88
0	139
0	95
0	139
0	96
0	161
0	147
0	114
2	73
0	48
0	123
0	30
0	516
0	139
0	404
2	359
0	60
4	17
324	72
0	14
1	41
0	0
0	0
0	0
0	0
0	8
672	0
1	776
4	781
1	112
0	34
0	81
145	210
10	210
0	48
6	124
0	90
0	37
0	77
0	775
0	775
0	0
426	899
58	899
1	57
2	58
0	31
0	14
0	7
1	7
0	1
0	0
0	681
1	684
0	0
0	33
8	253
0	265
0	20
0	419
0	0
15	679
2	6
0	77
0	166
4	10
4	14
4	18
15	187
334	543
0	543
0	114
1	33
0	619
9	344
0	587
0	0
0	1
0	1
0	1
2	137
0	129
3	7
2	5
0	8
0	6
0	36
1	26
3	16
0	5
10	3
0	12
0	44
0	312
0	32
13	23
0	322
272	742
2	741
0	746
0	745
0	740
0	80
0	85
0	79
0	78
0	30
0	18
0	29
0	27
0	13
0	1
0	0
0	0
0	0
0	0
0	78
844	0
9	843
0	392
1	920
0	120
0	77
1	17
0	133
0	104
6	200
3	920
0	891
0	505
0	466
0	612
0	130
0	36
0	28
0	37
0	29
1	25
0	22
0	25
0	14
0	18
0	0
0	0
0	0
0	417
0	419
0	884
0	50
2	275
0	206
0	437
0	828
0	1432
1	1365
18	132
0	524
0	123
0	46
16	3
0	3
0	2
0	0
0	0
0	0
181	7122
0	7121
0	722
0	2270
3	224
30	447
0	203
0	465
4	573
0	747
0	669
0	0
0	0
0	0
0	0
0	0
0	0
0	0
0	0
0	0
589	620
11	620
0	0
0	0
1312	133
1	133
0	0
0	0
0	0
0	0
0	0
0	0
588	28
2	28
0	37
3	36
0	18
0	11
0	4
0	2
0	1
0	3
0	0
0	27
2	27
0	26
0	27
0	0
0	0
0	0
0	0
0	0
0	0
0	0
0	0
0	0
0	0
0	468
0	0
0	0
0	0
63	1848
13	1748
3	1557
0	37
14	24
0	24
0	9
0	18
0	0
0	0
0	1
0	1
0	1
0	1
0	0
0	0
0	0
0	1
8	348
0	6
0	15
0	17
0	143
0	32
0	337
0	146
0	25
0	28
0	114
0	33
0	21
9	3
0	337
7	0
0	0
10	554
17	549
11	388
4	16
0	61
0	81
6	20
44	90
0	45
36	44
0	31
0	1
0	330
0	882
0	883
2	722
10	714
0	387
3	719
0	379
0	656
1	713
2	233
0	366
2	222
0	0
0	1
0	1
0	0
0	0
0	0
0	1
0	0
0	0
0	0
0	0
0	0
0	0
0	0
8	118
13	36
0	632
19	504
10	474
1	400
0	474
4	99
0	3
0	72
0	17
0	58
1	21
0	30
0	631
0	0
0	5
0	7
0	30
0	5
0	24
10	28
0	6
0	25
0	8
0	0
0	10
0	1
0	1
1	1
0	1
0	5
0	5
0	30
1	17
0	343
14	364
0	139
0	101
0	66
0	43
0	36
0	41
0	41
0	38
0	32
0	0
2	344
8	344
0	198
0	49
0	69
0	4
0	348
2	343
810	906
4	486
9	205
333	599
0	587
4	67
0	123
0	22
3	21
5	0
0	141
3	53
55	149
1	41
1	13
0	34
0	131
1	39
0	131
0	65
0	6
0	96
1	52
0	52
0	50
104	584
0	592
6	564
122	811
0	287
0	231
0	592
5	53
0	463
0	245
0	91
0	68
0	63
0	0
0	0
1	0
0	0
0	684
0	373
0	558
0	557
0	550
0	532
3	289
0	60
0	29
2	15
0	23
0	0
25	8
0	615
0	608
0	621
0	2
0	78
13	2
3	31
0	32
0	27
0	1
4	19
0	62
0	61
0	19
124	0
85	144
0	104
1	40
5	0
0	267
0	229
0	146
3	287
0	145
2	115
0	71
1	30
0	32
0	65
0	68
0	133
0	59
0	162
6	32
3	155
12	178
0	81
3	47
0	266
0	138
554	142
0	68
0	3
0	138
113	0
5	628
13	284
12	161
0	402
43	415
0	172
2	22
0	2
2	0
69	231
11	23
48	93
12	13
4	43
0	19
0	68
1037	985
1	985
71	35
7	0
0	0
0	0
0	0
0	254
0	598
0	486
14	83
0	371
1	198
6	398
32	384
0	445
0	151
8	126
5	0
6	509
0	517
0	426
0	436
3	163
0	74
2	35
4	35
2	33
52	872
0	56
0	522
11	26
2	133
0	89
1	864
1	19
19	389
0	35
1	276
0	35
1	335
0	216
1	6
2	84
2	20
2	4
1	0
0	31
0	31
4	461
1	448
0	449
0	234
0	27
1	24
0	36
0	62
0	11
2	44
0	43
0	16
4	15
3	259
54	1270
0	2527
0	2551
0	2425
0	163
7	343
0	0
0	0
0	0
0	0
0	0
0	0
0	0
13	635
0	649
0	219
1	255
10	87
0	161
79	161
1	534
0	501
1	412
3	317
0	119
0	92
0	7
0	149
0	194
1	183
0	155
0	688
1	582
0	190
4	561
4	500
16	495
0	19
0	1062
3	236
5	235
0	1062
0	859
5	17
0	7
0	15
0	0
0	8
0	1
0	2
0	1
0	1
0	1
0	1
1	100
173	132
1	52
1	104
0	105
3	7
1	6
2	2
3	100
0	94
1170	817
0	630
11	660
0	348
0	0
0	0
0	0
0	0
0	0
0	0
0	0
0	0
0	0
0	0
0	1
0	0
0	0
0	0
0	0
3	0
0	0
2156	114
0	0
0	35
15	79
0	2153
32800	14885
11	1393
17	5965
6	6191
8	2697
48	3221
610	268
1	268
0	34
25	38
0	7
0	27
0	7
1	6
0	2
0	0
0	0
0	57
0	108
618	328
1	7
0	40
0	257
1	234
2	257
47	0
0	67
0	116
0	39
0	42
0	69
0	33
0	8
0	58
0	29
6	12
146	70
6	29
48	13838
0	13
1	13
0	13
0	11
0	13
0	13
0	1
0	8
0	1
0	0
0	0
0	0
0	0
27	0
357	603
0	519
3	201
0	0
0	262
0	26
7	133
162	492
31	412
1	47
0	38
0	58
0	57
3	241
3	9
2	241
0	0
0	641
0	115
0	599
3	51
1	92
0	193
5	519
0	117
2	40
0	641
55	1476
2	1476
2	21
1	22
0	25
19	32
0	14
3	15
1	15
0	23
0	1
0	0
1	23
0	23
0	9
0	0
0	0
0	1
0	1
0	1
0	0
0	0
0	0
0	0
0	0
0	0
0	0
0	0
0	0
0	0
0	0
0	0
0	0
0	0
0	0
0	9
16	34
0	25
2	1
11	1
0	36
0	38
0	5
0	54
8	119
0	92
0	46
0	52
0	39
0	43
0	36
0	33
1	46
0	21
0	30
1	37
0	15
3	29
0	11
0	33
0	104
0	104
1	66
0	113
0	51
410	258
0	261
0	34
0	18
1	76
3	3
348	250
1	250
0	0
0	0
0	0
0	0
0	0
0	23
31	85
3	85
0	6
0	71
0	8
0	6
0	0
294	170
2	12
0	155
0	156
0	85
982	3105
1	3015
0	2458
0	2800
0	2080
0	504
0	527
0	657
8	26
0	111
0	402
0	355
1	22
0	22
1	18
0	389
0	310
0	16
3	30
5	401
1	32
0	29
0	33
0	37
0	26
0	23
0	19
0	21
0	22
0	4
5	23
0	98
0	28
0	1
0	95
6	149
0	39
1	0
15	15
0	6
0	9
0	9
0	9
0	0
0	66
656	440
71	363
1	252
2	176
236	31
0	31
0	9
215	81
0	27
2	52
1	22
0	0
463	140
4	140
0	0
0	0
0	2
0	678
0	59
0	0
3	1
0	95
0	64
579	1487
0	1460
0	99
0	1362
0	111
0	367
0	77
1	1
0	1
0	1031
0	875
1	867
18	755
1	1003
1	225
0	157
20	151
25	247
30	102
0	359
1	359
4	225
0	194
0	172
0	156
1	144
0	994
0	1089
0	1093
0	554
0	548
0	521
0	468
0	519
0	509
0	562
0	508
0	113
0	457
0	445
3	29
4	18
0	126
0	1085
0	412
0	429
0	60
1	22
0	18
2	30
0	17
1	4
0	2
4	3
0	95
0	24
0	12
0	62
0	43
1	2
3	6
0	4
6	2
0	0
0	1
0	1
0	1
0	1
0	2
0	2038
0	1891
8	1733
4	1884
18	922
0	1505
8	886
7	386
0	287
0	375
0	170
3	58
229	186
5	150
2	34
0	36
0	0
0	0
0	0
0	44
0	675
34	546
0	516
3	523
8	187
7	49
0	1
0	0
0	1
0	1
2	421
22	421
0	187
2	2
0	0
0	2
0	0
0	2
0	0
0	0
0	0
0	1
450	127
0	17
1	49
1	125
0	4
2	473
23	473
0	77
0	32
0	459
0	4
0	0
0	4
1	0
0	0
0	0
30	39
0	15
0	21
0	10
4	3
0	9
0	0
0	0
1	1
2	1
0	16
0	19
0	17
38	119
0	6
1	13
0	11
1	94
4	251
1	615
0	231
11	81
2	19
0	53
13	562
66	23
0	22
0	26
1	6
0	724
0	155
0	171
7	143
0	104
0	50
4	36
1	668
0	161
0	211
1	121
0	239
0	339
26	449
6	115
0	252
0	128
0	116
3	167
4	597
0	270
2	59
0	243
2	111
0	254
0	131
5	92
1	131
0	118
0	3
0	115
0	119
0	43
0	9
0	25
0	20
0	13
0	12
0	32
0	25
0	11
1	4
0	22
0	3
0	28
0	20
0	1
0	116
0	118
0	1
2	1
9	1084
0	549
17	1669
1	1125
2	218
3	350
1	303
0	122
9	243
1	169
1	102
0	0
0	0
0	0
0	0
0	3
3	7
0	5
0	0
0	0
0	0
0	0
0	8
0	3
111	274
0	267
0	134
10	110
1	1781
1	1439
4	1291
10	109
1	812
3	681
1	411
1	380
0	259
0	37
1	6
0	17
0	8
0	72
1	70
0	74
0	72
38	4982
258	4721
34	4357
24	4638
0	137
0	8
3	49
1	46
0	40
0	134
0	19
0	60
0	80
0	11
0	59
0	64
1	11
4	2
21	2
0	6
0	159
0	158
8	58
0	13
0	14
9	17
1	17
0	12
0	6
0	0
0	0
0	108
4	110
0	111
0	13
0	98
0	96
0	93
0	2
1	4
0	5
2	4
0	5
0	15
0	3
0	3
0	0
0	2
0	1
0	1
0	1
0	2
14	235
0	238
0	344
0	89
0	30
11	105
1	74
3	44
0	17
0	302
1	213
0	6
0	6
0	6
0	6
0	2
0	2
0	2
0	0
0	0
0	1
0	1
0	1
0	0
0	1
0	0
0	0
0	0
0	0
86	71
0	55
0	70
0	60
2	1391
680	2071
2	1966
4	43
437	197
0	194
1	174
0	4
0	165
0	170
0	13
0	28
0	35
0	8
0	10
0	4
1	13
0	57
0	22
5	166
0	33
0	9
0	44
0	28
0	97
0	152
0	15
0	44
0	10
0	165
10	173
489	506
0	408
1	66
0	506
125	107
0	107
0	25
33	66
413	184
0	26
0	24
28	69
2	30
4	42
0	22
8	5
2	77
600	0
0	0
0	0
0	0
0	73
1	312
0	30
1	204
11	1
0	308
0	26
0	307
1	144
3	33
0	46
0	195
6	1054
1	1139
1	1017
0	1064
0	1049
0	1007
0	1109
0	828
0	90
0	1179
41	231
3	1077
0	893
0	26
0	343
220	0
3158	0
0	76
0	76
28	18
0	18
156	112
0	101
0	33
0	90
58	0
0	6
0	16
8	16
0	8
0	622
19	541
2	2276
1	2310
2	74
0	60
2	70
0	46
1	42
1	36
0	45
0	35
0	62
0	51
41	6
0	1
0	4
0	5
0	4
1	1
1	2
0	2
0	4
3	2
0	0
0	0
0	1
0	0
0	0
0	2
0	1
0	0
0	3
0	0
0	1
0	2
0	2
0	1
0	1
0	589
0	157
1	168
0	200
0	65
0	65
0	0
0	2161
4	1330
0	3216
0	1470
0	285
0	688
0	1177
0	2969
0	1288
2	1219
2	1566
0	429
0	872
0	3083
477	713
1	132
0	619
0	40
0	148
0	70
7	205
0	0
0	4
0	4
2	4
0	0
0	0
0	0
0	0
0	0
0	0
0	1009
0	189
0	171
5	929
0	141
0	445
1	160
9	102
0	157
2	111
0	939
0	962
1	283
0	108
0	178
1	99
0	232
2	457
84	856
1	442
20	408
1	3343
0	274
0	3828
0	504
1	276
1	167
0	3351
0	3833
1	584
1	659
1	257
1	455
36	3607
0	416
0	735
0	3426
0	530
0	364
0	488
0	517
1	6
0	0
0	0
0	0
5	725
3	725
0	2
0	1
0	0
0	0
0	0
0	0
0	0
0	0
0	0
0	0
0	0
0	0
0	3389
0	0
563	614
0	596
0	564
0	266
0	67
0	197
0	131
0	85
0	48
14	3
11	20
7	20
3	5
0	5
0	5
0	5
0	1
0	5
0	227
3	246
1	43
10	29
1	18
0	0
0	209
0	0
0	0
0	0
0	0
0	173
0	36
0	877
0	877
3	43
7	44
0	35
0	27
1	5
3	27
1	24
1	320
6	302
0	10
0	314
0	321
105	129
0	310
0	18
1	0
0	0
0	39
0	0
0	0
1	191
0	228
0	199
0	106
16	213
5	175
3	55
0	219
0	229
0	183
0	191
0	158
0	80
0	157
0	87
0	13
0	38
0	211
0	0
262	4
7	4
820	21
0	19
0	13
0	9
0	4
0	1
0	1
0	8
0	0
0	9
477	56
0	46
0	11
0	0
2	1
0	0
0	1
0	1
0	1
0	1
0	1
0	1
0	1
0	1
0	0
0	0
0	3
0	0
0	3
0	459
4	452
14	193
0	138
0	469
0	35
0	25
1	37
1	4
0	59
0	0
0	1
0	0
0	1
0	1
0	0
12	1239
0	1234
5	23
10	3
0	44
1	43
178	242
0	81
0	242
0	384
0	366
0	70
0	287
0	331
0	0
2	335
0	1197
2	732
0	1185
1	327
9	34
4	43
0	11
3	335
0	30
0	50
0	0
0	23
0	25
0	27
0	20
0	16
0	13
0	16
0	1
0	4
0	27
0	113
0	172
0	191
0	3
0	6
0	15
0	3
0	3
0	88
0	86
0	73
0	15
0	101
0	74
0	23
0	65
1	174
0	58
0	57
42	164
2	425
1	5
0	46
0	487
0	145
2	399
0	89
0	87
0	181
9	181
0	88
1	52
0	1054
44	1057
0	186
0	227
5	147
2	118
21	86
0	761
0	326
0	19
0	255
3	252
0	179
0	152
0	160
0	67
0	92
0	93
6	18
0	51
2	45
1	22
0	326
0	7
0	9
0	2
103	0
0	1870
5	1517
0	1870
0	957
4	1543
5	721
1	133
0	1203
8	1135
1	223
4	849
0	1471
0	1566
0	0
0	0
0	0
16	149
2	20
0	149
23	1174
2	1178
0	419
5	18
1	39
0	37
0	39
6	174
0	232
0	318
0	298
2	171
0	138
0	150
0	125
0	162
0	175
0	166
0	177
0	155
3	136
0	168
0	138
0	123
0	65
0	0
0	0
0	0
0	0
0	0
0	0
0	0
0	0
5	1148
10	2
1	1296
0	134
0	83
13	1286
0	142
2	154
0	119
10	1126
7	254
3	96
0	914
4	531
1	488
0	422
0	87
0	83
0	94
9	95
0	102
0	35
0	56
0	13
0	2
442	434
30	209
5	99
1	135
0	373
2	27
0	128
2	38
0	57
0	7
0	8
0	6
0	5
0	3
14	490
930	1661
6	1294
0	32
0	360
0	325
1	328
1	113
4	0
0	107
5	72
0	26
0	42
1	47
0	0
0	0
2	347
0	347
0	347
0	20
0	19
0	14
0	1
0	0
0	0
0	0
0	44
0	5
0	2
0	0
1	12
0	6
121	20
0	12
0	8040
0	8709
0	7759
58	7895
0	7736
0	7742
0	7776
1013	7882
143	7868
190	8331
18	7830
43	4480
9	8609
14	5101
8	8529
19	4358
0	4353
101	453
2505	1336
0	1019
0	361
0	192
3	149
0	456
0	454
0	440
0	182
0	158
0	182
0	175
0	135
0	144
1	94
0	44
0	36
0	43
0	39
9	28
0	19
0	13
1	1
0	441
150	413
1	284
3	394
0	389
0	261
1	116
0	112
0	171
1	36
0	62
1	42
0	24
2	9
0	1
0	1
1	3
0	3
0	1
0	1
0	1
0	1
0	1
0	0
0	76
1	132
0	156
0	132
1	19
0	27
2	10
11	9
0	38
1	17
0	40
0	38
0	14
0	156
0	62
440	368
1	120
0	82
0	30
1	15
1	42
0	42
0	62
0	62
1	91
2	218
5	123
0	396
0	471
0	403
0	14
0	24
0	144
0	70
0	65
0	1393
8	77
3	151
0	1393
3	32
59	407
0	1245
2	1206
0	1091
89	781
0	457
0	95
1	625
0	248
17	355
1	355
0	39
0	33
0	140
0	2
0	1
0	1
0	1
0	1
0	0
0	0
0	0
0	1
1	82
15	147
0	627
0	66
0	554
0	112
0	84
0	486
0	93
0	67
0	80
0	72
0	109
0	466
0	555
0	453
0	67
0	74
0	75
0	521
0	553
0	86
0	64
1	6
0	0
0	138
1	33
0	95
0	65
0	0
0	0
0	0
0	0
0	103
0	0
0	38
0	47
0	36
0	579
0	592
0	556
0	0
0	0
0	0
0	0
0	0
0	0
0	0
0	0
0	0
0	0
0	0
0	28
88	86
5	12
2	190
0	190
0	190
0	93
0	34
4	0
0	47
1	0
1	190
318	343
0	65
0	222
1	270
0	248
0	115
0	67
930	402
7	364
1	38
0	0
0	0
0	0
609	5388
7	5233
0	265
20	1156
48	1101
43	404
0	1536
3	748
6	1331
0	0
0	0
4	1
0	12
9	15
0	3
0	3
0	0
0	1
0	0
0	3
0	3
4	28
266	460
10	7
0	72
2	0
0	447
0	399
0	142
4	32
0	103
8	1282
234	1465
1	1465
0	0
2	99
1	150
2	708
0	65
1	110
0	30
0	0
0	0
0	85
0	85
10	132
0	47
0	53
0	0
0	0
0	0
0	0
1	0
1	0
0	1
0	2
0	7
0	1
0	0
0	0
0	0
0	7
0	7
0	2
0	0
0	7
0	0
0	2
0	7
0	0
0	6
0	85
0	24
0	8
0	559
3	563
4	366
0	558
0	11
0	10
0	10
0	10
0	461
1	45
0	117
423	336
2	336
0	116
0	0
0	0
0	0
0	0
0	0
0	0
9	164
0	149
0	20
0	25
0	103
0	17
0	81
0	53
22	39
0	17
0	18
2	148
0	329
0	327
43	322
0	275
0	105
26	79
0	79
0	0
0	2200
1	2224
0	929
4	1297
1	1431
0	1289
0	2224
0	2224
0	181
0	181
0	203
0	193
3	251
25	251
1	40
0	10
23	31
0	61
0	0
0	11
0	11
2	1
0	1
229	2053
0	2052
2	46
21	1415
15	99
1	22
2	570
0	58
12	42
19	187
0	33
0	0
0	0
0	0
0	0
0	0
0	0
0	0
156	506
1	131
1	494
0	12
0	166
15	482
1	373
1	140
0	476
2	457
5	6
0	361
0	239
0	40
0	38
0	19
0	26
0	521
0	888
35	699
0	758
15	417
0	158
7	118
0	162
0	163
0	205
6	103
7	93
0	76
0	844
108	494
1	397
1	445
0	475
0	502
1	474
0	387
0	37
0	127
0	272
0	121
0	123
0	45
2	50
1	43
0	43
2	60
8	27
1	24
0	0
205	31
0	170
0	381
0	416
0	389
0	350
0	426
2	51
0	290
0	453
0	406
0	40
0	367
0	291
0	74
14	190
0	297
0	166
3	303
1	78
18	0
81	227
29	294
0	268
0	0
0	0
0	0
0	0
1	0
728	81
0	55
933	839
2	715
36	824
0	2
0	195
1	398
30	126
2	140
0	167
1	395
9	890
1	947
0	126
0	129
0	126
0	710
0	136
1	0
1275	1071
13	936
5	768
13	195
17	23
0	8
0	5
0	4
0	8
0	7
0	6
3	7
0	4
15	11
0	9
0	10
0	10
0	9
0	7
0	0
1053	13
17	0
180	9
0	9
232	27
235	7833
0	7999
0	7972
8	3160
116	495
2	3500
1	3614
6	5129
0	5772
42	7746
0	172
0	5095
28	529
4649	22
0	0
205	0
0	0
0	0
0	1077
199	1077
0	27
0	29
0	194
0	195
0	197
0	5
0	10
0	8
0	3
0	1
0	23
0	1
0	17
0	189
0	36
1	6
0	63
0	191
0	21
0	92
0	193
0	18
0	196
0	33
0	16
0	57
0	199
0	14
2	20
0	182
0	14
0	0
0	193
0	191
0	55
0	68
0	17
0	0
1	187
0	19
0	73
0	136
0	11
0	2
0	17
0	156
2	160
0	164
0	0
0	0
0	0
0	0
0	0
0	26
0	36
0	37
0	0
0	5
0	0
0	3
0	0
0	0
0	2
0	2
2	75
0	50
10	12
2	251
316	719
0	141
0	224
0	39
0	40
0	37
3	6
1	94
0	337
1	8
138	2126
0	178
0	63
0	310
0	9
0	2122
0	13
0	343
0	72
22	0
0	134
0	215
2	166
83	206
0	31
0	130
0	171
3	21
0	850
0	121
0	140
0	200
12	870
0	390
0	568
0	848
1	193
0	0
0	0
0	0
0	0
0	0
1293	1669
0	168
0	1504
0	616
5	2
0	91
0	48
0	64
0	68
0	63
0	101
0	68
0	23
1	112
0	651
137	645
0	74
1	95
0	26
0	67
1	92
0	44
2	642
0	38
0	222
0	295
0	240
0	604
1	51
0	165
0	0
635	0
1	75
26	94
11	45
6	32
35	29
0	39
2	419
1	93
0	12
0	17
0	26
1	2
0	239
0	419
1	87
92	430
0	6
8	356
0	32
3	0
1	26
0	16
0	9
0	88
0	0
0	31
12	27
11	22
0	11
0	2
2	0
0	0
5	372
1	444
0	533
0	425
0	513
0	266
0	148
0	202
4	241
0	111
0	126
1	98
2	103
0	74
1587	1448
0	61
0	1396
2	128
0	180
0	89
0	86
0	186
0	193
3	64
0	1
114	75
0	74
2	137
0	446
0	427
3	385
0	435
0	248
0	141
0	48
0	13
0	376
0	372
0	376
0	136
3	160
1	61
0	107
3	61
0	0
0	0
0	0
0	0
0	0
0	0
0	0
0	0
0	0
0	0
0	0
0	0
0	0
0	0
0	0
0	0
0	0
1	0
0	16
0	26
2	66
0	15
0	0
0	11
0	29
1104	834
1	738
0	802
5	0
1824	162
0	162
0	18
10	0
0	357
0	357
0	2
0	42
0	237
2	0
1	314
1	256
0	1014
0	735
0	64
1	287
0	1008
2	23
0	98
0	58
0	0
1	1455
1018	1476
1333	384
2	376
7	129
3	8
0	0
0	0
0	0
1721	224
0	0
0	0
0	414
2	16
107	451
9	436
3	9
0	0
0	0
0	0
0	0
0	123
0	0
1	226
0	614
1	104
2	39
3	1
1	271
0	104
3	207
0	133
0	33
0	608
0	104
1	430
3	428
0	0
0	610
0	609
0	347
0	1252
10	1021
0	82
2	191
0	378
0	63
0	77
46	1083
5	420
4	19
0	8
0	7
0	8
2	7
0	1
0	2
0	2
0	0
0	0
0	0
1	640
4	229
0	644
5	173
0	6
1	143
0	15
0	4
7	71
0	43
0	15
0	184
0	24
0	0
0	0
0	0
0	0
0	0
0	0
0	0
0	0
0	0
0	0
0	0
0	0
0	0
0	0
0	0
0	0
0	0
0	0
0	20
0	44
0	8
0	15
0	15
0	3
0	43
0	0
0	25
1	11
49	25
0	1660
1	1600
0	105
0	288
1	1028
0	5
0	145
0	124
0	0
0	202
0	65
0	128
0	135
4	45
0	83
2	474
0	0
0	0
0	0
0	0
0	0
0	0
0	0
0	0
0	0
0	0
0	0
0	143
5	17
2	0
14	143
3	27
0	128
0	39
2	16
0	5
0	8
0	4
0	15
0	17
5	0
0	0
0	0
0	0
0	0
0	98
76	112
0	98
0	98
0	34
0	88
0	38
0	17
0	39
1	0
0	0
13	110
0	110
0	75
3	44
0	47
0	18
0	9
0	0
0	0
0	802
3	243
0	796
0	175
0	26
0	70
0	47
0	33
0	64
0	526
0	0
1	14669
1	329
0	303
0	430
0	445
0	138
0	200
0	133
0	104
0	99
0	45
0	42
0	59
2	24
0	0
560	33
29	37
0	0
0	0
0	11
0	7
0	7
0	9
0	9
0	9
0	8
0	9
0	2
0	0
1	2
0	0
0	9
0	9
269	0
390	217
6	103
1	42
2	15
0	87
0	0
0	0
0	0
0	0
91	43
0	40
0	14
1	135
429	0
2	473
3	473
0	11
0	0
4	288
87	332
0	237
4	263
0	123
1	104
0	25
1	104
0	161
0	79
0	0
0	0
7	71
2	29
0	71
1	58
6	58
2	3
1	9
0	0
0	0
0	0
0	0
0	0
0	0
0	0
0	0
0	0
0	0
0	0
0	0
0	0
0	0
0	0
0	0
0	0
0	0
0	0
0	0
0	0
0	0
0	0
0	0
0	0
0	0
0	0
0	0
0	0
0	0
0	0
0	0
0	0
0	0
0	0
39	19
4	17
0	2
3	1495
0	1923
7	1341
1	508
7	371
9	597
0	617
3	948
0	594
0	707
0	829
4	700
4	460
0	0
0	0
0	0
0	0
0	0
25	445
0	261
0	450
7	123
13	41
5	115
0	15
0	21
0	74
16	468
1	23
13	468
0	191
0	0
0	34
0	14
0	0
759	111
0	111
0	20
0	10
0	127
0	8
29	4
0	8
0	8
0	1
5	1
0	1
0	0
0	0
1	27
0	22
0	23
0	1
0	0
0	3
0	0
0	2
0	419
2	367
5	403
1	2
2	286
33	1557
0	18
0	1366
0	40
0	172
0	615
4	38
0	160
0	39
0	1330
0	0
0	0
0	0
415	2050
0	1978
3	706
5	161
6	264
0	928
6	1489
0	844
0	530
2	1022
3	49
2	108
0	322
0	1
1	2
0	284
0	272
0	87
0	301
3	12
14	19
0	0
0	0
0	0
0	1
0	0
0	1
0	0
0	0
0	0
0	0
0	6
0	76
0	77
0	74
0	50
0	76
0	76
0	76
0	77
2	0
285	113
3	113
0	208
0	271
0	344
2	2245
2	879
0	1390
5	666
3	85
0	599
26	99
0	762
0	135
5	135
0	327
0	186
3	186
0	3457
1	3419
0	202
0	135
0	275
0	267
0	36
0	276
0	172
26	232
1	422
40	120
55	269
0	778
0	264
8	191
0	288
4	3417
0	0
0	0
0	0
0	0
0	0
125	2514
0	2467
0	2464
0	570
0	285
0	270
4	3137
175	3082
73	3082
0	752
0	482
0	336
18	123
50	98
0	95
0	30
0	8
295	0
6	310
0	315
2	295
2	286
0	121
0	121
0	79
19	39
0	35
0	41
30	0
0	0
191	58
1	20
2	51
3	7
11	0
6	23
1	562
1	561
5	84
1	73
8	263
33	28
0	2
0	26
0	8
29	233
1	150
0	136
8	155
0	827
0	1029
0	127
4	38
0	63
0	117
1	86
47	86
13	155
21	38
24	606
0	73
0	59
0	75
1	35
2	9
0	66
4	94
0	947
0	0
0	0
0	0
1	0
10	14241
8	3472
150	14072
0	14023
149	2852
1	0
0	1
0	0
0	1
0	0
0	0
0	0
0	0
0	0
0	1
0	0
0	0
0	1
0	313
0	307
0	307
4	292
0	84
0	152
0	83
0	144
0	169
0	122
0	92
0	91
0	89
1	47
0	46
0	42
0	3
0	0
0	0
0	0
0	0
1	371
0	814
957	809
0	56
0	0
0	0
0	0
0	0
0	0
0	1
0	0
0	0
0	0
0	0
0	0
77	38
1	38
3	42
11	42
2	10
0	3
3	618
22	618
0	0
16	1417
0	1417
2	167
0	285
0	162
0	87
0	108
0	47
60	1034
0	514
3	450
4	762
8	65
1	22
0	744
5	38
5	99
6	319
3	95
0	69
0	86
0	97
0	65
0	0
1	1498
7	276
0	299
0	169
4	221
0	88
8	93
0	36
92	431
3	431
271	0
0	0
0	0
0	0
0	0
0	295
0	305
19	293
3	287
0	53
0	42
0	299
0	277
0	0
0	3
0	3
0	3
0	2
0	1
1	0
0	0
0	0
40	363
0	363
3	373
16	2590
1	2585
8	383
1	1855
0	77
40	760
0	54
0	1673
2	750
0	190
0	182
0	261
1	124
0	109
0	264
0	454
0	22
6	82
0	61
1	3
3	2
0	2
2	933
0	221
0	997
4	932
8	3
0	3
25	0
0	316
1	159
0	935
0	394
43	367
1	367
3	108
28	409
0	383
6	170
0	79
0	340
0	940
0	0
0	0
0	0
0	0
0	0
0	10
0	123
95	123
4	261
0	191
0	130
0	173
5	235
0	128
5	199
0	95
0	88
0	189
0	261
33	272
0	55
0	220
2	39
0	184
0	189
0	43
0	51
0	188
14	82
0	144
0	78
0	47
0	22
0	14
0	24
0	3
12	18
0	9
0	20
29	229
0	229
0	3
4	192
0	6
3	344
2	281
0	355
7	273
4	206
0	251
0	189
0	169
0	186
0	142
0	37
438	0
0	2
0	2
0	1
0	1
1	42
0	87
0	4
0	17
0	38
0	27
0	24
0	8
0	13
0	0
0	1432
105	1432
3	1430
0	1432
0	1430
0	0
0	802
0	485
0	403
0	180
0	124
0	219
0	234
15	38
0	181
0	208
0	224
6	19
0	126
0	153
2	165
1	135
5	133
0	104
0	73
0	54
0	82
0	101
25	45
0	79
0	67
0	78
2	37
0	757
0	670
0	35
0	0
0	2
0	2
1	1
0	0
0	1
0	1
0	3176
1	3060
3	4449
1	997
0	1291
11	326
0	3175
65	2561
0	4233
0	1523
22	2644
0	3953
7	534
16	460
0	1318
0	1171
9	812
2	1397
13	1462
7	824
0	1419
0	1551
0	1493
0	1617
0	414
0	379
4	755
0	657
0	117
1	477
11	122
0	556
27	420
0	332
1	314
1	317
0	226
1	287
7	221
0	762
1	10
0	147
0	270
0	265
0	269
0	269
0	269
0	7
6	1357
14	1237
0	190
1	237
0	54
0	408
0	340
1	1
3	2
1	2
0	0
57	634
1	634
0	0
0	0
0	0
0	6
0	5
1	3
0	417
2	19
0	6
1	16
2	8
1	2
8	436
2	22
1	7
1	4
2	40
38	342
4	52
9	183
5	155
0	229
0	436
9	0
0	0
0	0
3	0
0	0
0	528
0	71
0	82
8	45
0	477
0	529
1	109
0	112
5	238
0	304
0	15
168	225
2	212
0	11
0	11
0	0
0	5
0	5
0	37
5	309
3	284
0	204
2	119
3	42
0	121
0	241
5	157
16	118
0	116
0	10
0	5
0	328
0	906
0	234
7	906
0	435
1	213
4	838
1	514
0	434
0	207
0	521
4	32
1	18
0	37
27	1347
3	1362
0	176
0	1053
1	807
0	689
1520	1909
16	1941
0	1567
0	876
18	879
39	684
1	480
0	659
0	28
6	121
11	129
6	13
0	123
0	29
0	0
0	0
0	0
0	0
0	44
0	44
0	45
0	16
0	16
0	6
0	17
0	25
0	723
0	13
0	0
0	0
0	0
0	0
6	1440
2	1371
4	1425
0	1428
0	1413
0	1132
0	916
2	756
5	845
1	836
0	755
8	115
5	661
3	137
7	46
2	70
1	48
3	23
0	1
0	10
1	9
2	0
0	0
0	0
0	1413
0	1413
0	0
0	7
0	7
0	2
0	5
0	7
0	2
0	0
0	7
0	2
0	2
0	7
0	6
0	1
260	43
0	48
29	1477
0	500
1	56
3	8
0	7
0	7
0	2
1	3
0	3
0	3
660	0
0	0
1	67
0	0
0	0
50	102
1	86
0	59
2	64
38	0
1	120
2	218
0	241
14	172
0	211
0	222
0	130
0	14
0	43
0	59
101	81
0	54
1	373
0	63
0	42
0	57
1	42
3	445
0	46
0	450
0	18
0	16
0	39
0	2
0	0
0	14
3	6
881	0
1	57
0	0
0	57
2004	0
0	505
0	477
0	41
0	398
0	384
0	3
0	39
5	516
0	474
0	39
1	389
0	60
0	46
0	12
0	45
0	64
0	57
0	0
0	0
1	2
0	2
0	809
0	786
1	476
1	181
0	225
0	166
0	108
0	66
0	43
0	41
2	113
8	81
0	0
0	0
0	0
0	1
0	1
0	1
0	1
0	1
2	572
0	902
19	902
0	113
0	870
0	391
1	412
0	935
0	416
3	441
0	3
2	225
0	103
0	62
1	42
2	45
1	73
0	111
2	72
1	99
0	927
0	0
0	0
0	0
1	0
0	0
0	0
0	0
0	0
9	561
1	560
0	27
7	46
0	124
5	133
0	24
0	43
2	124
0	0
4	0
0	0
0	847
0	847
0	2189
38	6761
1	5700
8	6049
0	5485
4	5089
9	4163
98	3278
0	2522
1	6177
2	4138
259	4138
0	756
0	753
3	277
4	516
0	55
0	13
0	36
0	54
1	38
0	65
1	45
1	100
0	101
0	57
0	40
0	70
0	70
0	73
0	74
0	74
0	64
0	67
0	54
1	54
0	42
0	21
0	9
0	10
0	0
854	611
0	592
1	104
2	9
2	152
0	68
12	148
4	66
0	60
0	0
1	1
0	1
0	0
255	260
0	256
0	227
0	242
0	257
2	260
0	244
0	3
0	247
0	0
0	0
1	0
0	0
0	0
0	0
0	0
0	0
0	0
0	0
0	0
0	0
0	351
0	41
0	314
10	318
0	28
0	0
67	1486
28	1742
1	1629
0	593
1	345
0	279
13	151
0	1560
0	219
0	17
0	252
0	0
0	225
9	158
1	2160
0	2233
0	2506
0	2518
0	2259
0	2509
1	674
2	264
0	466
5	266
11	74
0	346
0	314
0	275
3	128
0	128
0	132
0	147
0	107
0	24
0	2488
0	2483
0	2483
0	2232
912	563
0	563
0	107
0	109
0	107
12	117
0	101
0	108
0	15
0	47
0	16
0	1
1	10
0	6
0	1
0	58
0	61
0	4
0	4
0	0
0	0
0	0
0	0
0	0
0	0
0	0
0	0
0	0
0	0
0	0
0	0
0	0
0	0
0	0
0	0
0	0
0	0
0	0
0	0
0	0
0	0
0	0
12	1601
0	219
33	1452
0	492
5	230
0	149
0	345
119	454
0	110
0	155
0	414
0	14
0	0
0	0
0	52
7	385
0	35
0	46
2	1
0	39
0	3
0	43
0	0
14	60
1	55
0	56
0	55
0	52
0	52
0	22
1	54
0	27
0	47
0	15
0	15
0	15
0	0
0	0
0	0
0	5
0	0
0	5
0	5
0	0
237	234
0	101
0	320
0	632
0	30
64	465
0	139
0	586
0	40
0	43
0	54
0	51
594	165
1	124
8	70
105	60
1	60
827	531
1	214
1	118
0	72
0	146
4	71
1400	0
0	282
6	213
0	183
0	173
0	172
0	280
0	278
0	91
0	209
0	276
0	172
0	22
0	22
0	12
0	0
0	75
0	44
0	175
85	307
29	307
7	21
965	754
3	192
0	764
0	604
2	69
4	250
0	230
1	161
0	29
1	90
0	289
0	2
0	2
51	35
0	43
0	16
0	22
0	0
0	0
0	24
0	146
1	11
0	146
0	30
0	33
0	50
0	32
0	27
0	8
1	0
0	7
0	4
0	1
766	3339
6	3552
47	2710
0	0
0	216
3	17
217	216
0	81
0	53
0	32
1	2
0	2
740	0
348	260
0	260
0	48
445	195
0	98
14	188
0	0
0	0
0	26
0	0
0	0
0	0
0	26
0	20
0	0
0	0
0	0
0	0
0	0
0	0
0	0
1	0
0	7
0	3
0	1
0	13
0	0
18	146
0	117
10	65
418	217
0	0
0	0
0	0
0	0
0	0
0	0
0	0
0	0
0	0
0	0
0	0
0	4
0	4
0	4
0	12
0	27
0	45
0	45
0	1
0	0
2	1441
0	939
0	639
0	1410
1	160
0	49
0	223
0	28
0	78
0	130
0	124
0	58
0	9
0	5
0	5
0	0
0	0
0	1
0	0
0	0
0	0
0	36
0	0
963	332
0	178
1	180
0	180
0	100
0	87
1	107
0	44
0	71
0	115
0	187
0	82
0	40
1	91
0	106
0	74
0	29
15	146
26	118
1	123
0	12
0	15
0	3
1	7
0	26
1	23
1	17
0	6
1	3
0	4
0	1
32	322
0	48
0	240
0	197
1	119
2	64
2	47
3	54
609	54
0	46
423	522
0	519
0	521
0	0
0	0
0	0
1	6
0	33
106	203
0	3
0	89
0	0
0	5
2	145
0	10
0	4
0	42
0	24
0	185
221	633
0	95
0	633
33	651
0	0
0	897
0	856
1	366
0	0
0	0
0	0
0	0
0	0
0	0
0	649
4	1580
1972	692
0	5
0	7
26	57
3	52
16	49
0	51
0	33
0	11
0	12
0	1
0	1
0	0
0	0
0	0
0	0
0	0
0	0
0	0
0	0
0	0
1	0
0	0
0	0
0	0
0	0
0	0
0	0
0	0
0	0
0	0
0	41
0	179
0	823
2	167
1	806
0	846
0	402
1	739
1	772
0	703
0	820
0	640
0	41
0	758
0	668
0	678
2	816
0	704
0	279
0	765
0	630
0	112
2	31
17	100
57	108
0	108
0	774
51	118
0	118
0	43
0	14
0	13
0	27
1659	159
24	159
898	0
0	0
0	127
52	493
2	443
39	261
0	0
0	1
0	1
0	1
0	0
0	1
0	877
0	822
0	862
0	877
8	857
0	851
0	861
0	856
0	871
0	847
0	832
0	814
0	678
11	455
0	449
0	102
4	107
3	57
0	85
7	48
3	53
0	56
0	52
0	32
0	37
0	37
0	0
336	186
0	186
0	0
0	0
350	236
0	231
0	0
0	194
0	199
0	56
3	67
59	67
0	350
5	350
0	26
0	96
0	104
0	87
0	78
0	95
4	96
0	78
2	47
0	105
0	941
0	15
0	1238
0	119
0	140
0	870
0	6
0	570
0	64
0	13
1	65
1	10
0	215
0	94
0	141
0	24
0	1202
0	0
1	0
0	0
0	0
0	0
0	0
0	0
0	467
0	627
1	572
1	590
0	398
0	147
17	38
261	0
16	1868
0	103
0	1227
0	668
0	372
2	143
14	387
850	131
3	131
1	744
0	386
0	58
0	135
0	43
0	23
0	0
0	0
575	269
5	250
1	155
0	186
0	40
0	464
0	456
0	533
21	265
0	199
6	138
2	137
0	127
0	152
0	50
0	548
0	0
0	0
0	0
0	0
0	0
0	0
0	0
0	0
0	0
0	135
0	178
1	185
0	167
0	148
0	32
0	6
0	75
0	48
0	71
0	99
0	158
41	114
0	52
9	18
0	25
1	777
0	712
4	461
6	474
4	461
0	260
3	70
1	83
8	57
16	854
4	808
0	102
3	601
2	54
13	604
3	963
0	920
1	546
0	382
0	692
0	491
7	321
0	239
0	205
16	103
1	25
0	24
0	756
0	0
0	0
0	0
0	183
0	105
0	188
0	21
0	57
0	25
0	4
2	26
0	14
0	2
0	2
0	1
0	187
0	189
0	105
0	197
123	909
1	420
0	123
1	674
3	347
20	601
77	1010
2	352
7	792
0	121
0	59
1	0
94	65
4	102
725	885
0	388
0	238
2	589
1	349
107	0
1	51
0	79
14	78
0	36
0	49
1	11
4	8
0	0
0	0
0	97
0	262
0	34
1	75
5	57
4	116
0	289
0	309
0	293
0	316
0	672
19	723
0	225
0	275
0	310
0	110
2	97
0	45
0	27
0	29
0	0
0	3
0	5
0	1
0	1
1	0
0	2
0	2
0	3
0	77
3	558
8	592
14	566
0	595
0	497
0	437
10	399
0	6
0	390
7	377
1	492
71	29
8	29
1	21
10	638
0	110
0	618
0	75
1	83
14	82
0	155
1	143
0	38
66	3
0	3
0	0
0	1
0	1
0	0
0	0
0	0
0	0
0	0
0	1
0	0
6	0
0	0
6	756
8	891
2	101
0	71
24	587
15	46
5	87
1	24
17	102
23	92
3	245
0	23
0	64
0	80
0	181
3	305
7	185
4	250
0	280
0	295
1	69
2	60
0	59
7	3
0	46
0	8
2	47
0	0
0	0
0	0
0	0
0	0
0	0
0	0
0	0
0	0
0	36179
204	30827
10	32690
1	34510
6	27247
0	10895
0	11416
0	10050
15	7049
5	7214
5	3060
0	3367
1	3379
47	3850
109	4114
8	8
2	290
0	229
2	200
12	96
0	231
0	68
1	24
0	13
0	3
0	2
0	3
0	2
0	3
0	3
0	3
2	3
0	0
0	2
0	0
0	0
0	0
0	0
0	0
0	0
0	0
0	0
0	0
0	0
0	0
0	0
1006	260
1	145
55	115
6	77
0	1079
0	174
0	1609
0	770
4	695
0	1034
3	177
2	108
0	0
204	206
0	205
2	89
5	4
0	5
0	2
23	338
1	332
0	338
0	70
0	17
0	10
0	0
0	5
0	0
0	0
0	0
1	0
1	9150
1	852
0	10335
3	9019
28	10265
3	10263
0	9075
3	1063
0	2
0	2
0	2716
0	2114
0	1564
0	1082
0	2402
4	0
0	0
0	0
0	1
1	1
0	0
0	0
0	325
0	154
0	199
0	94
0	126
0	164
0	50
1	288
0	285
0	3
0	11
0	16
0	44
0	4
0	5
0	43
3	283
0	629
2	632
1	199
0	74
1	31
0	44
0	6
2	89
0	141
0	60
0	138
1	7
0	554
24	136
0	564
0	60
0	110
13	217
1	187
12	0
1	121
0	92
0	277
0	0
0	1
0	33
1	72
0	20
0	9
0	29
8	32
0	9
0	27
0	21
4	13
0	26
0	21
0	24
0	26
0	25
0	7
0	3
0	5
0	4
0	9
0	3
0	6
0	3
0	3
0	5
0	71
0	56
0	365
72	365
125	29
0	29
101	952
92	952
0	145
0	129
1	210
10	2
0	1
0	1
0	0
0	0
0	0
0	0
0	0
0	0
0	0
0	0
0	0
0	0
0	0
0	1255
0	1338
0	914
0	1239
0	1203
102	206
0	1071
1	284
0	546
0	862
0	113
0	452
0	1031
9	701
4	568
0	189
77	1240
0	149
0	417
3	681
1	375
6	456
12	207
10	444
2	193
0	481
1	32
3	141
0	348
0	1255
6	407
0	403
0	376
0	375
0	377
0	353
0	342
0	344
0	329
0	302
0	303
0	66
0	15
0	32
0	27
0	25
0	20
0	23
0	18
0	4
2	4
59	510
0	351
0	410
0	352
0	465
8	21
16	351
0	327
2	351
0	328
0	472
0	317
0	446
0	457
0	354
0	434
1	116
0	385
0	249
0	281
0	298
0	337
0	159
1	125
1	95
0	82
0	51
0	89
2	81
0	0
0	0
0	0
0	471
0	200
0	147
1	391
0	401
0	98
1	45
1	35
0	35
0	16
0	17
2	19
0	0
0	0
0	0
0	0
0	0
0	0
0	0
0	0
0	0
0	0
0	0
0	0
0	0
0	0
0	0
0	0
0	0
0	0
0	0
0	494
0	1550
34	1171
10	387
1	168
0	425
0	144
0	272
9	920
0	1417
0	660
4	727
0	194
0	99
5	98
0	146
9	453
0	451
4	563
0	0
29	575
0	562
0	391
0	377
1	432
2	24
8	163
0	562
0	258
0	471
0	499
0	369
0	126
0	190
0	216
3	195
8	2112
1	1942
0	223
1	1800
0	233
0	23
1	155
0	49
3	179
0	745
0	146
0	108
1	0
1	128
1933	162
29	34
0	431
0	427
0	37
2	35
0	17
0	15
0	17
0	10
1	1
0	3
2	0
0	1315
0	156
0	6
0	241
0	1789
0	1778
0	1709
0	1221
0	327
0	372
0	86
0	180
0	90
0	1532
1324	106
1	104
385	761
2	94
0	5
0	209
0	687
3	144
0	79
956	892
16	705
5	83
0	501
5	111
0	93
2	79
166	810
0	810
0	1
0	13
0	14
0	10
0	14
0	0
0	0
0	5
258	304
0	259
0	92
0	56
0	10
0	32
1	5
0	29
1	18
0	2
3	1
4	1232
14	1200
0	109
0	1152
2	341
1	677
0	677
7	350
0	348
0	338
58	24
0	339
0	0
0	0
0	0
0	3262
0	3255
0	2942
0	3234
0	3227
0	3230
0	3050
0	3094
0	3216
0	3153
0	3218
0	634
0	3404
0	3227
0	3187
0	3260
0	3233
0	3092
0	3232
0	3234
31	3284
1	2079
0	655
4	660
0	3198
4	379
0	3236
1	3127
0	687
0	2612
0	2831
0	2465
0	83
9	1467
0	9
0	406
0	402
0	22
0	40
0	12
0	29
0	51
0	11
0	25
0	19
0	0
0	259
9	19
4	25
0	24
0	1
0	31
0	272
0	115
0	91
5	41
0	16
0	2
0	265
0	98
0	0
0	0
0	0
0	0
0	1469
0	1130
0	1101
0	1032
0	986
0	980
0	996
0	708
0	468
0	511
1	154
0	15
564	99
0	99
0	2
15	8
0	0
0	0
0	2
0	0
0	4
0	1
12	89
0	465
0	451
0	463
1	38
0	113
0	34
0	451
9	978
0	274
0	265
0	897
5	361
0	545
2	785
0	132
0	98
0	0
0	0
65	91
1	92
0	30
0	0
0	0
3	1
0	283
1	234
51	267
1	132
0	107
0	32
0	33
0	100
0	2
0	99
0	107
0	107
0	107
0	101
0	107
0	101
0	0
0	0
0	0
0	0
0	0
0	0
0	0
0	0
0	0
488	0
1055	178
2	178
6	256
0	32
2	154
1	155
0	17
0	39
1	26
0	14
0	256
0	168
1	137
4	134
0	104
0	52
0	70
0	122
210	783
7	783
30	193
1	124
0	35
1	16
257	2729
23	2678
0	0
0	802
28	1976
136	1271
0	1911
0	259
0	903
0	350
0	124
0	351
0	80
0	249
0	221
0	164
2	44
13	591
0	585
4	588
1	587
9	10
653	0
0	344
117	344
5	279
177	71
2	25
0	57
3	11
0	0
0	0
0	0
21	382
0	139
0	131
0	274
0	362
5	30
1	86
0	53
0	35
0	30
0	35
0	23
0	15
0	15
0	4
33	49
0	92
14	8
0	58
1	9
0	10
0	116
9	8
0	40
0	8
0	8
0	7
20	65
0	0
1	8
0	89
1	1
0	52
0	106
0	0
0	0
0	0
0	0
0	0
0	0
0	263
0	120
0	321
2	419
0	457
0	548
6	511
3	528
0	321
4	73
0	354
0	535
1	508
0	534
0	441
7	466
0	415
0	361
3	213
1	64
4	94
2	200
0	76
0	124
0	108
348	33
0	33
19	900
1	739
0	900
0	0
0	0
0	0
0	0
0	0
0	0
0	0
0	0
0	0
0	108
0	105
0	79
0	16
1	6
0	0
0	0
0	0
0	0
0	0
0	0
0	0
0	0
0	0
0	0
0	100
0	0
0	0
0	0
0	1
0	0
0	1
0	0
0	0
0	605
1	1532
656	2494
1	61
21	76
5	260
0	473
0	2070
0	1423
3	835
84	935
4	1492
1	1275
5	341
0	557
5	503
7	359
0	1901
1	745
24	786
21	44
3	0
4	1069
2275	1069
2	201
0	107
9	45
73	100
0	96
2	9
0	6
0	189
0	178
0	177
3	106
0	13
0	33
0	14
0	13
0	0
0	0
0	0
0	0
0	0
0	0
0	0
0	0
0	0
17	0
0	0
0	0
1	222
0	371
0	380
1	357
5	36
5	253
0	89
1	269
0	277
2	291
0	19
0	85
0	59
0	35
0	46
3	30
9	12
7	15
5	35
3	38
50	90
0	90
0	8
0	52
3	30
0	29
0	0
498	258
8	97
2	64
0	74
0	59
0	0
0	0
0	959
0	902
1	35
0	277
3	95
0	245
0	133
0	1008
0	422
10	147
78	193
0	1003
1	156
0	853
2	194
1	78
12	752
0	813
0	52
0	118
13	254
11	754
0	297
252	268
3	176
1	120
0	90
13	52
0	53
1	32
51	304
1	400
1	357
0	102
0	97
0	74
1	79
0	138
1	171
0	118
0	92
3	109
0	59
2	17
758	119
0	119
0	3841
0	3826
5	3826
2	3803
34	47
2	119
0	173
1	316
0	358
2	292
0	258
2	266
3	2
0	65
0	68
0	10
0	3
0	3
0	18
0	18
0	17
0	0
0	1
0	0
0	3
0	3
0	1
0	3
0	6
0	9
0	3
0	0
0	2
4	0
0	4
0	4
0	11
11	2
3	12
0	4
0	13
0	12
1	4
0	0
0	0
0	0
0	0
10	1320
0	142
0	1305
0	65
14	497
0	89
13	1005
11	934
10	109
0	57
0	91
0	125
0	92
0	66
0	20
4	32
0	119
38	242
0	9
0	133
0	126
0	101
0	99
0	237
0	236
2	642
4	261
1	197
1	257
11	290
1	304
0	314
0	631
0	281
0	64
8	37
0	7
0	27
0	19
0	31
0	2
0	160
1	89
0	171
0	127
0	109
0	15
0	28
0	19
0	57
0	103
0	25
0	74
0	186
0	57
0	156
0	24
0	20
0	33
3	22
0	1648
0	1650
0	1062
0	862
3	900
0	702
0	691
0	631
0	638
0	531
0	463
0	433
2	424
0	275
0	273
0	1646
2	42
0	11
0	26
0	6
22	42
8	89
2	105
0	61
0	3
0	8
7	8
0	7
7	7
2	8
0	8
0	35
2	1
0	1
0	679
0	699
0	498
0	405
1	273
0	283
1	284
0	243
0	155
2	0
9	87
3	10
0	14
1	19
0	652
49	2233
61	2051
5	1327
0	196
1	136
1	193
302	120
14	59
0	69
0	76
1	48
2	58
0	30
0	39
3	31
14	2086
8	292
0	286
5	2084
0	310
0	384
3	42
2	108
0	2004
0	20
0	76
0	280
0	374
0	374
0	371
0	371
0	373
0	126
0	0
0	0
0	0
0	0
0	374
0	0
0	0
0	0
0	0
0	0
0	0
0	0
0	0
0	0
0	0
0	0
0	0
0	0
0	0
0	0
0	0
0	0
0	0
0	0
659	360
0	89
0	25
2	58
1	57
0	161
0	360
0	360
0	15
0	40
0	112
2	86
2	2878
0	264
197	3458
1	2717
1485	3851
0	437
0	437
4	132
5	247
0	1794
1	606
4	306
0	91
0	674
0	83
5	26
0	26
0	0
0	0
9534	423
3	423
0	0
0	0
0	0
0	0
1	0
0	0
0	234
12	49
12	78
3	225
2	625
0	640
0	206
6	146
0	82
4	80
0	5
0	606
1	570
0	0
1721	413
23	413
1	173
444	73
1	73
1	4
0	7
1	4
0	271
2	12
0	266
127	109
0	15
0	18
0	33
0	41
1	30
0	26
0	40
0	7
0	36
0	31
0	26
0	22
1	14
0	0
0	465
0	433
0	415
0	252
2	402
0	386
2	368
0	361
1	268
0	319
0	62
0	66
0	45
0	14
1	15
0	17
0	181
0	7
0	101
1	122
0	41
0	32
0	59
0	89
3	52
0	0
1	432
9	199
0	224
3	266
63	283
1	201
5	208
1	176
1	120
0	103
0	52
0	64
0	73
0	80
1	243
5	0
12	9
0	9
43	29
9	41
1	23
2	65
0	33
3	23
13	245
7	59
3	234
13	27
0	0
31	30
0	0
2	8
0	15
1	19
0	7
10	12
1	0
1552	24
11	21
9	104
369	905
0	907
3	92
0	18
0	92
0	2
106	605
0	578
0	587
0	583
0	423
0	377
0	304
3	172
0	216
16	171
0	22
0	137
17	131
0	91
0	70
0	91
1	83
0	100
1	72
0	6
0	18
0	580
0	73
3	2
6	323
10	29
5	315
28	221
0	8
0	13
6	25
1	41
0	204
0	17
0	21
0	196
0	185
2	175
0	115
0	114
3	39
3	21
16	428
2	20
4	428
2	95
0	298
13	1081
0	129
0	100
46	1144
0	1147
0	1093
0	1046
0	145
2	958
0	183
57	574
0	104
12	2628
0	2546
5	1100
9	2337
1	2638
2	168
2	769
0	79
0	702
0	9
3	0
7	578
0	512
0	447
1	316
0	479
0	27
0	30
0	5
0	0
0	33
2	16
0	63
0	60
0	63
0	984
0	201
0	262
0	315
1	90
0	52
3	229
0	291
0	199
0	216
3	76
0	971
313	680
19	589
0	522
0	181
0	5
7	20
0	5
0	15
0	1
1	8
0	4
0	0
0	2
0	2
0	2
0	1
0	0
0	0
0	0
0	0
0	1
0	1
0	1
0	0
0	0
0	0
0	0
0	0
0	1
0	653
0	737
0	693
0	684
19	627
0	618
0	664
0	563
0	615
1	613
0	444
0	449
0	450
0	448
1	388
0	386
0	388
1	321
0	288
0	208
0	0
0	0
0	121
0	37
2	40
1	100
0	118
0	133
0	83
3	108
0	116
0	70
0	55
0	38
0	22
0	28
0	30
510	310
0	99
1	241
1	237
0	55
0	65
1	51
0	45
2	37
0	7
0	0
0	0
0	0
0	0
0	0
0	0
0	881
1	0
0	27
80	1046
0	968
2	153
0	196
7	516
6	383
0	111
0	30
9	510
0	398
0	410
0	110
0	130
0	61
0	59
0	60
0	43
0	57
0	59
0	27
0	18
0	18
0	8
0	14
0	1753
0	2006
0	226
6	568
7	554
0	492
0	2
0	2
0	2
0	2
0	2
0	0
0	0
0	0
0	0
116	216
0	216
1	32
0	0
0	35
47	113
0	0
0	0
0	1
0	1
0	1
0	1
0	1
0	1
0	1
0	0
0	1
0	1
436	0
0	0
5	370
1	282
0	47
0	160
0	119
0	11
0	340
2	338
0	4
0	3
0	3
0	0
0	0
0	0
0	0
0	0
0	0
0	0
0	0
0	0
0	0
0	0
0	0
0	0
0	0
0	0
0	0
2	594
230	1065
60	992
1	328
103	0
14	14
0	309
0	0
0	0
1	26
1	108
0	84
0	82
688	232
3	70
0	84
0	82
1	232
0	77
0	24
0	12
0	13
0	10
0	9
0	9
0	0
292	73
0	64
0	41
14	107
0	107
0	13
2	14
1	436
0	57
0	0
3	14
0	72
0	40
0	24
1	433
23	1302
0	1188
0	493
1	317
0	700
0	19
41	27
0	3
1	14
0	23
5	3
0	1
0	1
0	1
0	1
0	0
0	0
0	0
0	0
0	0
204	154
0	153
0	7
0	58
1	58
0	58
1	42
0	10
0	9
0	58
0	58
0	8
0	2
0	5
0	5
0	2
0	8
0	29
0	71
0	389
1	274
0	51
10	265
0	47
0	11
0	286
0	45
0	372
0	430
0	2141
0	5826
0	1875
0	3119
0	3397
0	189
0	191
0	2146
0	5758
4	2122
1	163
1	3370
0	94
0	94
0	376
0	499
0	1516
0	484
10	266
0	3364
0	57
1	9
0	9
0	51
0	3
1	9
0	2
0	42
0	7
0	7
0	2
3	15
0	8
0	6
2	48
0	733
0	760
4	698
0	728
0	701
0	644
5	159
1	465
0	560
0	96
0	86
1	97
0	79
3	28
0	16
0	686
0	1
0	1
0	1
0	0
0	1
0	1
0	1
26	477
3	52
0	39
1	12
14	219
15	433
0	396
0	172
0	176
12	227
5	391
1	486
0	991
1	944
3	324
2	93
6	48
85	67
0	150
0	33
0	60
4	25
1	52
2	29
0	35
0	0
0	16
1	34
0	40
0	254
0	190
0	11100
0	10682
1	7015
2	7261
402	2018
21	2018
61	1086
0	10
6	963
0	290
1	141
2	168
0	106
1	148
3	2
0	62
7	28
39	797
78	46
5	197
1	796
0	395
11	201
0	426
1	407
0	394
0	89
2	417
0	372
10	311
0	222
0	355
0	399
4	418
0	374
0	306
0	135
0	287
0	78
0	261
0	305
3	221
948	366
0	334
3	78
45	99
3	331
2	335
2	62
0	1
0	273
1	166
0	158
24	14
0	232
0	324
0	247
0	339
0	176
0	216
0	174
0	223
0	95
5	71
1	653
0	20
1	2
0	120
6	2
2	1
11	668
0	0
0	678
0	679
0	0
0	0
0	0
0	0
0	0
0	0
0	0
0	0
4	0
1	49
6	295
21	423
155	629
9	618
0	714
2	657
0	601
1	716
0	170
0	42
0	48
0	66
3	103
0	296
0	63
0	49
0	166
0	108
0	7
0	7
0	0
0	1
0	1
81	2194
3	79
1	0
0	65
0	609
0	486
0	1819
0	453
0	62
0	2147
42	0
725	0
2627	1376
15	993
1	654
479	11
573	114
0	0
0	85
0	29
0	0
0	0
0	28
0	28
0	2
0	0
0	0
651	494
90	462
0	167
7	35
267	267
6	199
9	194
0	241
0	188
1	179
0	165
0	305
0	306
0	306
0	191
0	206
2	45
0	52
1	7
0	8
4	0
0	279
0	2
0	0
0	20
3	31
1	23
27	31
0	7
0	16
0	22
0	20
0	2
0	9
0	10
0	9
1	7
0	2
0	0
0	0
0	0
0	0
0	0
0	0
0	0
0	0
0	0
0	0
0	0
0	0
0	0
0	0
0	0
0	0
0	0
0	1
0	0
4	26
0	6
0	13
5	13
0	9
8	0
0	25
39	182
0	123
0	202
0	214
0	220
0	220
0	61
0	30
0	98
0	34
0	36
0	1
0	1
0	69
641	600
2	343
18	299
6	318
0	249
0	300
3	32
3	1
52	123
1	121
2	85
0	94
0	54
0	70
0	23
0	14
0	13
1	15
1	15
1	14
0	68
0	60
11	67
0	9
0	63
0	2
0	21
0	67
125	108
0	108
0	16
0	4
0	2
0	0
0	0
0	0
0	0
0	0
0	0
14	324
30	219
0	252
0	266
0	269
0	41
49	87
1	76
0	45
1	28
0	4
1	592
0	4
0	270
0	547
16	247
0	417
0	595
0	66
3	6
41	262
0	71
0	699
0	508
72	23
2	23
0	9
0	9
0	3
0	1
1	0
0	0
0	1
14	640
0	868
1	69
0	587
0	94
4	138
0	61
1	855
442	0
0	0
0	0
0	0
0	0
1	655
1	642
0	402
0	635
0	0
0	0
1	8
0	0
0	8
0	13
0	19
0	24
0	13
750	37
0	15
0	14
0	9
2	7
0	5
0	0
0	0
0	0
0	0
0	0
0	271
0	10
9	12
0	0
0	2
0	0
0	0
0	0
0	86
5	2637
0	2820
0	2588
198	1733
0	1164
0	1046
1	641
0	360
0	0
0	0
0	16
0	5
0	172
0	13
0	88
0	98
0	21
0	152
0	16
0	0
0	0
0	0
0	10
0	11
0	10
0	7
0	3
0	2
0	4
0	2
0	10
9	413
34	1155
4	42
0	1034
32	0
1	587
0	61
2	429
0	37
0	1
1	100
0	0
0	0
0	0
0	0
0	0
0	0
0	0
3	0
14	4
0	452
1	17
690	450
14	0
0	0
111	0
4	207
3	207
0	201
8	75
278	618
9	514
23	428
0	304
4	67
0	306
6	21
19	0
10	34
7	35
0	265
221	104
2	98
0	16
0	2
1	6
0	38
11	31
0	17
0	9
11	41
0	40
18	60
0	15
912	734
0	564
0	582
0	385
0	519
5	354
8	173
0	1
0	1
1	333
1	0
0	160
0	12
0	16
0	313
0	321
0	152
3	60
23	958
0	945
2	257
1	64
0	20
0	102
0	4
0	15
0	21
0	135
0	147
0	144
0	140
0	159
0	145
0	147
0	23
0	96
38	153
0	13
0	26
0	115
0	32
2	24
2	54
14	21
0	24
0	54
0	0
0	30
0	1
0	1
5	1
0	1
28	23
1	0
1	17
6	5
0	10
2	11
0	670
0	527
2	61
0	682
1	41
0	329
0	30
0	670
0	580
0	109
0	1744
28	1739
0	1679
0	1409
1	1294
0	174
0	630
0	634
0	84
0	635
0	622
0	643
0	74
0	47
0	639
0	639
57	302
0	48
47	314
0	15
28	38
0	41
182	212
0	491
0	662
3	297
0	159
0	257
0	56
1	140
0	435
5	89
0	438
7	73
4	335
35	0
0	152
0	72
0	27
5	31
0	96
0	0
0	205
1	205
2	26
0	62
1	30
0	66
775	714
0	414
0	255
0	423
0	323
1	683
0	190
35	79
3	4144
5	3464
0	1070
3	306
0	3064
2	360
3	1234
0	342
0	1
510	97
1	19
1	16
0	38
0	50
1	55
0	54
0	51
0	287
0	526
1	28
2	146
0	19
0	524
0	17
5	355
0	13
0	513
0	17
1	321
582	1641
2568	2199
24	1078
68	1446
0	524
0	735
100	326
0	111
0	141
0	0
0	6
0	3
0	6
0	6
0	0
0	10
0	10
0	9
0	8
0	8
0	7
0	6
0	5
0	5
0	4
0	3
0	0
0	2
0	2
0	0
0	0
0	0
0	0
0	0
0	0
0	0
0	0
0	0
0	0
0	9
0	9
143	293
17	184
110	148
0	277
0	14
0	29
1	15
0	62
0	763
0	2188
0	1173
0	1117
0	716
0	81
0	80
0	139
0	32
0	32
1	128
8	120
0	2170
2	22
0	22
1	143
0	43
0	31
0	31
5	144
0	30
0	31
0	30
0	13
0	11
0	1274
0	1274
2	412
0	1274
0	0
0	0
0	45
0	84
0	93
1	45
0	84
0	64
0	0
0	0
0	0
0	0
8	4690
3	3465
323	5062
8	240
0	1803
0	1747
7	30
337	60
0	54
0	42
0	25
0	15
0	66
135	293
12	279
0	253
2	57
0	147
6	98
0	106
2	69
140	1165
12	1165
315	1351
0	1252
2	1248
0	1379
10	1312
0	0
0	10
5	8
0	0
0	0
0	99
0	78
0	11
0	62
0	43
0	54
0	80
0	69
0	0
0	99
0	69
1	77
0	72
0	8
0	0
0	0
0	36
0	36
0	22
0	6
0	7
0	9
0	7
0	6
270	86
0	0
3	86
0	0
0	0
0	0
1	1533
971	1534
3	1056
2	4
320	1053
17	1032
12	138
5	261
1	323
0	399
0	56
1	1
0	357
0	198
251	1914
3	629
1	1775
1	1374
3	207
1	169
2	831
21	44
5	25
0	47
0	45
0	0
0	78
65	94
0	973
0	41
1	52
0	578
0	23
0	9
1	547
0	960
1	43
0	293
0	373
0	9
5	109
0	11
287	172
2	34
0	129
0	139
0	87
1	5
415	0
0	1
179	88
0	42
0	1
0	14
2	24
0	22
0	1
73	19
14	19
0	14
55	1
7	1
0	64
0	108
423	205
0	131
0	77
0	85
6	59
1	73
0	12
0	85
2	253
0	95
0	228
2	87
0	280
0	97
0	243
1	172
10	173
0	197
90	141
0	271
0	218
0	253
0	237
0	272
2	223
0	243
0	283
3	57
0	233
0	220
0	244
0	254
1	234
0	175
2	190
0	50
0	178
0	135
0	109
0	1
0	1
0	1
0	1
0	0
0	1
0	0
0	1
973	0
0	0
0	0
0	0
0	0
0	0
0	0
393	580
3	291
4	143
3	311
6	36
0	859
89	1818
0	706
0	1818
32	502
0	7
0	98
0	124
0	495
0	57
0	29
0	53
1	62
0	0
8	6
0	6
0	1
0	1
0	0
0	0
0	0
0	0
0	0
0	773
0	133
0	766
0	115
2	764
0	88
0	137
105	634
0	101
0	37
0	727
0	120
0	133
0	128
0	176
0	57
37	248
0	888
0	0
0	0
0	177
0	47
2	185
0	174
0	192
0	185
311	626
11	91
0	21
11	121
2	103
0	400
1	55
0	95
0	5
1	53
1	96
0	325
0	15
0	26
0	2
0	18
0	27
0	17
0	16
0	14
0	0
0	0
0	30
613	0
0	1093
3	7
3	1064
6	263
4	252
0	27
0	254
0	318
4	2112
0	2146
0	138
0	6
11	0
2	4
0	8
0	0
0	7
0	8
2	19
0	19
447	453
147	426
8	118
3	74
1	31
0	815
0	788
8	146
0	179
0	733
5	212
0	712
2	138
0	80
0	363
0	244
0	233
1	84
0	159
0	172
7	206
2	37
0	218
0	220
0	99
1	0
5	77
0	0
0	0
0	18
0	22
0	21
0	71
1	73
1	9
0	10
81	95
0	40
0	75
0	45
1	24
5	24
0	24
0	1
0	1
0	0
0	0
0	0
0	1509
1	105
0	94
0	1509
0	58
11	821
0	160
1	0
525	181
4	114
0	18
0	31
2	20
0	34
0	0
0	0
0	0
0	0
0	0
0	0
0	0
0	0
0	1215
54	1155
0	837
1	1178
0	929
0	534
1	20
0	404
0	316
0	196
49	134
0	180
0	252
0	258
7	71
0	147
0	101
0	148
0	118
0	116
1	117
4	136
1	112
0	89
2	30
0	1013
0	962
29	0
26	37
4	29
0	2
0	2
0	37
0	2
1	17
0	2
0	3
0	4
0	2
0	1
0	1
0	2
0	0
7	189
2	168
0	178
6	26
0	25
0	0
0	0
0	0
0	0
340	339
0	326
0	9
4	215
7	159
0	21
1	27
3	0
1	193
60	224
0	43
0	179
0	118
5	53
0	96
0	20
7	38
0	65
0	321
0	372
0	170
0	46
0	3
0	1
0	3
0	3
0	1
0	1
0	0
0	0
0	3
35	729
0	26
0	75
5	26
1	48
0	118
11	149
1	169
0	35
1	116
0	212
0	83
2	59
1	119
0	90
0	141
0	114
6	0
5	76
4	624
3	624
0	120
3	94
0	102
3	251
0	263
0	28
8	12
12	255
0	9
0	1299
0	1229
0	1151
0	1313
0	1243
0	0
2	0
0	0
0	0
49	424
0	424
496	1091
6	74
0	297
18	797
1	1006
4	192
6	277
2	573
465	3075
0	168
2	223
0	168
0	336
6	391
17	2608
4	387
1	409
724	0
1326	48
507	313
12	226
0	226
1	87
0	963
5	2646
0	3851
77	4228
35	1762
0	4154
4	2548
7	192
4	1185
2	1183
0	2521
16	2726
0	2067
120	1457
0	118
0	394
0	336
0	200
0	361
0	208
20	133
1	339
7	273
0	170
0	98
0	36
2	115
0	49
1	55
812	329
10	90
1	195
1	121
0	94
0	0
1	0
1	0
0	4
2	2
2	3
902	0
11252	281
5	3
0	3
5	0
0	15
0	15
0	11
0	0
0	158
0	264
0	148
1	32
7	48
0	239
0	1
0	9
0	1
0	9
0	1
1	1
0	1
0	1
0	1
0	0
0	40
0	454
1	10
0	439
29	408
0	364
0	87
23	271
0	74
6	26
0	63
0	349
1037	421
5	0
1	0
0	1
0	8
0	8
0	7
0	7
0	7
0	7
0	8
0	11
0	4
1	16
0	17
0	7
318	33
6	33
0	18
0	160
0	161
0	161
4	141
3	325
260	363
0	316
0	198
0	101
0	106
0	100
0	58
0	64
0	92
0	42
0	49
0	30
3	8
0	8
0	37
5	34
5	11
0	5
2	21
0	8
0	8
1	611
0	631
0	623
2	380
0	315
0	598
4	160
0	242
1	216
328	390
51	21
0	108
14	123
0	4
0	1
0	4
0	4
0	0
0	0
0	0
0	0
5	369
1	244
2	89
1	176
0	266
0	77
0	1
0	2
0	1
245	438
33	341
30	97
0	1
0	1
0	1
0	1
0	1
0	1
0	1
0	1
0	0
0	0
0	0
0	0
0	0
4	738
1	305
1	311
0	226
0	85
0	85
0	25
0	9
0	64
0	58
3	90
12	698
0	637
0	410
0	97
10	68
17	125
0	2282
2	0
317	186
0	143
3	131
0	174
0	95
0	0
0	268
677	382
11	380
16	22
136	290
7	90
43	6
0	0
0	4
0	1
1	0
175	119
0	14
0	16
1	6
0	9
0	44
2	54
0	1
2	22
0	1
0	2
0	76
226	2093
1	359
0	464
0	599
0	448
0	378
1	1682
0	87
0	20
0	177
0	1717
0	380
0	342
0	187
0	1737
1	167
0	433
0	482
0	262
0	383
0	1834
1	1626
3	1463
0	1070
0	1452
0	832
24	1201
12	215
5	121
1	93
0	45
0	517
125	864
0	168
0	213
0	67
0	103
0	215
0	40
0	151
35	174
1	38
0	322
0	25
0	9
0	19
6	52
0	98
0	43
0	22
0	42
0	19
0	17
0	0
0	0
0	318
9	1271
2	86
16	1297
0	23
1	26
9	1
5	23
0	42
0	45
1	1
0	0
5	2525
14	2541
3	2263
0	79
0	922
1	1396
0	158
0	815
4	103
0	184
0	31
0	27
3	27
0	126
7	391
3	372
0	23
0	56
0	25
12	32
0	0
0	0
8	0
0	2
0	51
0	1
0	786
0	1061
0	90
0	119
0	98
0	1010
0	84
0	1067
1	149
0	111
0	10
2	72
0	985
0	56
0	114
4	81
0	100
3	47
0	46
1	11
0	205
0	0
550	82
3	82
0	39
1	729
0	704
0	704
0	302
0	299
0	234
0	94
0	79
0	85
0	49
0	39
0	20
0	18
0	18
2	15
0	6
0	804
0	34
7	797
1	117
0	94
2	59
0	781
0	1012
6	1259
1	86
0	88
0	0
4	6
0	5
1	1
0	1
0	0
0	0
0	0
4	221
0	221
1	143
0	403
0	444
1	368
0	210
1	127
2	128
5	112
0	36
0	56
0	53
0	23
0	18
0	2
0	0
0	8
0	1
0	5
2	3
0	1
0	0
0	5
0	8
0	8
0	5
84	160
0	34
0	139
0	68
1	47
0	30
0	0
0	0
0	0
0	0
0	0
0	0
0	0
0	0
120	71
259	0
167	316
1	343
1	324
0	350
0	323
0	24
0	182
15	62
24	24
0	831
2	813
3	612
2	240
0	211
0	151
1	36
0	139
0	119
1	0
5	0
0	57
0	165
0	168
0	136
1	151
0	150
0	80
1	53
26	1841
4	1841
0	186
0	8
0	2
0	8
2	137
3	135
0	8
1	657
0	29
0	134
0	34
0	214
20	675
0	28
0	187
0	174
0	252
0	81
0	863
0	640
0	841
0	129
0	185
1	364
0	215
0	186
36	288
0	420
0	318
0	89
0	176
1	242
2	80
5	147
9	90
0	88
0	648
0	23
0	2
1	19
0	23
0	4
0	5
0	1
1	0
0	2
0	2
0	22
0	2
0	0
0	440
0	410
0	19
0	56
0	87
1	388
0	175
0	491
0	71
0	60
1	27
0	59
0	47
2	52
0	83
0	74
5	96
0	0
0	325
0	376
23	117
12	117
22	30
0	16
1	33
2	35
0	7
112	2923
0	2463
10	539
456	2658
0	1019
1	791
0	237
5	2179
1	268
0	735
0	1750
0	128
0	56
0	4
0	55
0	30
0	55
0	56
1	7
0	4
0	44
0	12
0	6
0	30
270	631
9	533
0	650
1	110
0	22
1	124
0	533
678	513
2	513
0	173
0	95
0	0
0	0
2	2
0	1
0	2
0	0
0	1
0	2
0	0
0	0
0	1
0	0
0	0
0	0
0	462
0	457
0	101
0	106
0	133
0	113
0	70
0	62
0	65
0	68
0	45
0	63
0	62
0	39
0	51
0	56
8	27
0	26
2	191
0	571
0	146
0	496
1	542
2	343
4	40
0	96
1	268
0	368
0	361
1	542
0	52
0	1
0	30
0	154
0	343
0	121
1	24
0	231
0	51
7	44
0	115
2	50
0	20
259	848
4	680
0	462
1	301
0	91
0	92
14	277
2	99
0	268
1	50
1	0
0	0
0	84
92	232
0	181
0	5
2	5
0	2
0	1342
0	1435
0	110
27	1369
0	1334
38	1177
17	82
6	106
2	125
68	485
0	0
0	0
0	0
0	0
0	0
0	0
0	0
0	0
0	4
0	0
7	4
0	0
0	0
7	802
172	803
9	461
14	462
4	184
0	526
2	19
3	220
0	192
1	62
0	62
6	72
11	25
4	15
0	511
517	0
5	462
22	461
6	25
0	69
0	463
505	1035
1	283
1	782
0	83
0	438
0	1
0	1
0	0
0	0
0	0
0	0
0	1
0	0
0	0
0	0
0	0
0	0
0	0
0	0
0	0
0	2439
0	325
0	182
0	182
46	33
2	2354
1	2223
0	0
0	0
0	0
0	595
1	1
0	456
0	347
2	406
0	371
0	330
4	68
1	78
0	59
0	57
0	54
0	55
0	54
0	44
0	2
0	0
4	0
87	637
5	587
601	579
8	295
1	399
0	309
0	259
2	208
0	181
6	78
0	0
0	0
0	0
0	0
0	0
0	0
0	0
0	0
0	0
0	0
0	0
0	0
0	0
0	0
0	0
0	0
0	0
0	0
0	0
0	0
0	0
0	0
0	0
107	0
18	71
0	39
4	69
6	7
0	44
0	40
0	34
15	24
3	11
0	167
0	104
0	217
3	307
212	569
0	419
0	60
2	49
0	91
0	373
1	40
746	452
3	106
0	413
11	376
4	94
5	74
1	34
0	79
5	138
0	138
0	124
0	77
0	62
0	59
0	50
0	52
0	46
0	5
0	24
0	5
0	2
0	1
0	121
1	309
11	230
0	159
0	153
1	48
0	1045
761	1048
0	1052
0	752
0	1052
209	0
0	54
0	24
0	47
2	373
0	54
0	16
0	96
0	48
0	52
0	28
0	39
0	37
0	366
664	145
1	77
0	68
7	4
0	4
3629	0
0	537
3	5610
0	5926
0	6379
0	1882
1	5610
0	6379
687	0
0	644
0	645
1	155
0	75
2	647
0	1302
0	1295
27	109
0	69
1	93
2	1285
2	1283
5	3
0	1
0	0
1	2
0	0
8	99
0	41
3	187
1	32
0	116
2	1
1	5
16	42
990	44
0	44
17	11
149	55
0	55
0	0
0	170
0	204
0	209
0	122
0	5
0	223
0	124
290	12
3	0
1	12
32	76
0	3
0	26
77	120
2	62
3	61
0	1
0	0
0	0
0	1
1	0
0	1
2	0
0	0
0	0
7	307
8	259
9	163
0	241
0	132
1	445
0	378
0	165
0	332
0	916
1	669
0	190
0	360
0	83
0	335
0	1008
0	452
0	71
0	733
0	190
0	43
1	371
1	181
1	435
0	509
1	429
3	0
9	115
6	465
0	916
0	887
0	38
0	2
0	2
0	2
16	26147
0	26191
0	6426
0	7788
0	45
0	168
0	122
127	198
0	144
10	107
0	50
0	32
20	785
8	220
10	744
0	250
4	428
1	56
0	673
2	260
2	1113
101	1140
39	993
30	993
10	4
0	242
0	176
4	110
1	13
2	30
1	56
0	144
0	9
7	0
0	0
0	1
0	0
1	33
11	1069
2	13
0	984
6	968
1	104
0	77
0	968
0	1069
1	12
0	113
0	123
2	110
0	23
0	21
1	17
0	83
5	4327
2	0
0	0
1	5
267	37
1	37
1	472
0	100
2	388
1	65
1	95
0	231
0	348
0	41
0	138
24	341
0	122
0	394
1	122
0	453
0	22
1	63
0	1
1	297
0	224
0	228
0	213
0	98
0	80
0	21
0	27
7	5
1	0
0	446
33	225
0	225
10	14
2	178
0	0
0	18
0	28
0	3
0	13
0	13
0	3
0	4
0	1
0	0
0	0
0	0
0	0
0	0
1	406
0	770
0	1090
1	950
0	647
0	1060
2	739
1	1172
0	128
8	171
0	1140
0	404
1	1131
0	853
0	1215
0	1016
0	374
0	253
4	318
1	604
1	177
0	2
0	2
0	2
0	1
0	1
0	1
0	0
0	0
0	0
0	0
0	0
0	1
5	348
3	350
6	26
0	161
554	0
4	660
60	2769
2	1081
1	693
0	3242
0	505
0	451
9	335
0	0
0	0
1809	1343
0	1027
0	1139
0	460
0	258
8	523
7	323
11	167
0	93
2	201
1	201
0	0
0	0
0	0
0	24
0	1
0	167
0	167
0	32
0	15
0	0
0	15
0	169
0	168
0	32
0	168
417	67
6	23
17	0
10	45
82	1754
9311	2089
0	777
0	1050
3	572
13	335
109	4147
93	1627
0	3406
42	65
25	701
0	3995
23	899
0	1146
79	19
0	19
0	0
1	15
0	15
0	17
0	2
0	11
0	15
0	4
0	1
0	8
0	1
0	1
0	0
0	0
0	2
0	503
0	290
0	263
0	113
0	194
0	524
1	125
0	16
0	14
1	759
25	765
1	114
2	96
0	701
0	765
19	706
313	750
2	518
0	524
1	95
1	6
0	139
0	5
0	2
0	3
0	138
0	89
0	10
0	6
0	7
0	7
0	7
1	0
0	11
0	11
0	15
0	7
0	134
0	1
1	1182
33	1094
3	1094
1	1145
24	263
0	92
0	0
0	1
0	255
0	1325
0	430
24	40
0	851
1	377
158	601
10	259
3	1168
0	4
0	12
0	12
0	0
0	5
29	1539
19	3263
8	1657
19	165
2	292
1	240
2	136
1	296
0	987
0	936
6	15
19	41
0	85
0	34
0	972
1	957
0	966
0	920
128	0
0	50
0	181
0	74
0	109
48	177
9	1
0	20
1	105
0	50
0	77
0	5
0	5
0	6
0	104
0	3
20	47
0	76
0	28
0	5
0	9
0	8
0	23
0	11
0	1
0	4
0	181
1	849
0	844
0	197
14	10
3	33
0	115
0	120
0	967
0	468
0	957
2	413
0	388
67	235
0	949
0	254
0	408
0	408
3	337
0	600
1	432
9	462
0	274
0	280
1	282
0	547
2	2
0	2
0	1
0	0
0	0
0	0
0	0
0	0
0	0
0	282
0	284
0	288
0	284
0	0
60	73
1	40
0	75
0	2
50	11
0	0
0	0
0	0
0	0
0	0
0	0
0	0
2	9
0	4
2	8
0	5
39	12
58	5
6	6
0	10
0	9
0	13
149	71
8	42
6	29
0	7
60	1915
3	1187
0	960
0	850
1	191
0	1
0	205
0	105
0	156
0	76
0	1853
0	887
672	456
7	307
0	149
0	769
1	877
0	785
34	878
0	896
0	744
0	185
0	205
0	336
0	923
40	109
2	4
2	12
0	98
1	399
0	246
0	350
0	88
0	1
0	1
0	0
0	1
0	305
0	303
0	304
10	207
14	158
0	101
0	177
0	188
25	87
4	19
0	185
23	136
4	4491
65	1964
9	51
0	4116
1935	1163
0	1110
5	1162
12	865
7	663
15	52
1	371
0	134
0	106
0	11
0	612
148	0
0	0
0	0
0	0
0	0
0	0
0	0
0	0
0	0
0	0
0	143
234	336
12	311
1	270
0	267
6	12
3	253
0	57
0	39
0	47
0	92
0	38
0	26191
36	26493
0	10
11	659
0	137
3	17
0	670
0	4
0	285
1	31
86	616
20	616
227	104
2	362
0	146
0	97
0	54
0	262
0	209
2	70
0	320
0	298
0	269
0	166
0	128
0	10
0	205
0	310
0	101
2	21
0	32
0	66
10	239
0	1
0	1
0	1
0	1
0	1
0	1
0	1
0	1
0	1
0	1
0	1
0	1
0	1
0	0
0	0
0	0
0	0
0	0
0	0
0	0
0	0
0	0
0	0
0	0
0	0
0	0
0	1
0	1
0	1
69	324
7	37
3	241
2	291
2	21
59	819
0	611
0	737
0	761
0	202
0	225
0	92
1	57
0	125
2	72
0	63
0	59
0	119
64	111
12	26
0	68
14	49
0	102
0	61
0	50
6	10
7	4
0	0
0	8
12	27
22	6
19	21
0	2
0	2
0	0
0	2
0	0
0	0
0	0
0	3
0	3
0	3
0	3
0	1
0	3
0	3
0	3
0	0
0	0
0	0
0	3
0	3
0	3
0	1
11	37
1798	1372
0	198
0	898
0	649
31	954
0	508
0	0
0	0
0	0
0	6
20	6
0	1695
0	1102
1	62
0	70
7	8
0	59
0	45
1	18
0	45
0	21
0	1304
0	64
0	40
19	17
0	1293
0	230
0	1022
0	162
0	75
0	66
4	76
0	82
0	138
0	1299
0	1148
0	984
0	134
0	0
0	0
0	0
0	0
0	0
0	0
0	0
0	0
455	57
1	29
0	28
0	36
0	20
0	32
1	1083
0	1397
17	867
5	219
4	908
13	509
0	901
151	1688
6	783
6	1662
1	1421
6	316
2	79
0	61
0	233
7	56
0	154
9	73
0	53
2	24
149	545
0	424
39	65
0	502
0	64
0	120
1	65
0	59
3	41
0	0
0	0
0	0
2	298
1008	3101
3	210
4	1261
0	2924
1	2760
0	237
0	154
3	151
48	0
4	3
0	1
0	1
0	2
3	252
0	32
1	1
0	233
1	252
0	8
0	25
0	46
0	22
1	27
0	275
0	282
0	139
0	123
0	20
0	139
1	0
0	0
0	136
0	7
0	0
0	2
0	2
0	1
0	0
0	5
0	14
0	75
0	48
0	84
0	89
0	84
0	61
0	29
3	6
29	11
4	5
0	144
2	41
1	9
0	0
0	58
0	143
9	2687
7	373
0	559
0	354
0	560
0	480
1	229
1	179
17	89
7	177
0	168
0	109
4	164
0	89
7	155
0	65
1	278
0	10
3	203
0	278
23	361
0	395
0	0
0	0
0	0
0	0
0	0
0	0
0	0
0	0
0	0
1	0
0	0
0	0
442	61
4	38
0	11
0	0
0	12
1	2
0	39
0	5
0	4
0	4
0	1
0	0
1	1
0	39
0	9
0	65
0	472
14	28
0	40
10	12
0	472
0	464
0	467
6	155
0	163
0	86
0	121
0	64
1	33
1	29
0	55
14	77
66	98
16	25
0	76
0	20
0	27
0	18
0	40
0	33
3	17
0	33
0	887
0	102
2	272
0	228
0	240
0	331
0	289
3	258
0	27
0	278
2	106
0	25
0	1
0	1
0	1
663	1123
0	523
1	973
0	181
0	292
2	266
0	50
0	132
1	128
0	292
1	159
3	82
55	400
0	138
0	18
0	3
1	2
0	65
1	6
0	37
0	0
0	37
0	104
0	6
0	0
0	68
0	5
0	5
0	103
0	5
0	1
0	5
0	2
0	1
0	0
0	0
0	35
0	0
0	1
0	36
0	0
0	0
0	1
0	0
0	0
0	12
0	35
0	0
0	11
0	35
0	35
0	0
0	35
0	98
0	99
0	10
2	0
0	404
0	967
1	19
1	375
0	650
0	404
76	188
2	269
0	707
0	426
1	292
0	262
6	491
0	14
5	406
0	521
0	61
2	524
0	529
0	43
2	359
28	516
0	923
0	923
0	826
0	42
3	76
0	86
1	5
0	76
0	23
0	12
11	1
7	0
0	844
0	144
32	1674
0	942
5	1387
0	156
0	1
0	1618
1	1656
0	77
0	131
0	1252
2	467
0	984
0	992
0	360
0	110
0	0
94	728
1	720
0	89
2	88
0	79
0	55
0	28
0	124
12	124
0	124
0	27
0	11
0	0
0	1141
0	1145
0	6
0	15
0	890
0	375
4	335
3	123
1	48
0	39
0	412
0	404
0	203
0	5
0	22
0	22
0	196
0	15
2	36
0	13
0	21
0	98
0	19
0	4
0	10
0	6
0	12
0	12
0	19
0	2
0	15
0	10
1	3
0	7
0	4
0	21
0	17
0	100
0	0
70	536
0	461
0	451
8	0
0	139
141	139
2	841
0	637
0	118
0	747
13	9
0	680
0	853
0	606
0	0
0	738
0	0
0	738
0	5
0	0
0	47
0	738
0	16
0	7
0	7
0	823
0	738
0	0
1	32
0	0
0	0
0	650
0	651
0	658
0	731
11	192
2	701
0	714
0	66
0	731
0	94
3	649
0	122
0	62
0	31
1	1
0	714
0	676
0	703
0	599
0	686
0	98
0	101
1	413
0	14
1	151
0	601
1	444
0	55
0	381
0	32
0	266
2	241
2	82
3	106
4	177
4	157
0	90
0	160
0	159
0	162
0	79
0	36
0	81
0	78
0	12
3	38
0	44
0	6
0	18
34	65
0	158
0	77
0	122
3	135
0	70
0	77
0	132
0	168
0	134
0	103
1	35
0	54
0	111
0	31
0	44
0	41
0	46
0	28
0	21
1	21
1	42
0	28
0	25
0	28
0	30
0	13
0	23
0	25
0	19
0	15
0	13
0	10
0	10
1	11
0	5
1	44
0	762
1	9
0	767
0	153
0	330
0	292
5	342
0	313
0	318
0	293
2	295
0	295
0	41
1	99
43	67
0	47
1	37
10	6
0	0
0	133
0	21
3	76
0	101
0	125
0	128
0	121
0	20
0	49
0	5
0	12
1	25
0	0
0	0
0	0
0	0
1	0
0	0
720	16
0	16
4	0
0	475
1109	481
3	291
1	116
1	120
911	224
4	52
9	103
0	189
0	0
0	0
0	0
0	0
0	167
0	213
0	209
0	153
0	133
0	16
0	52
0	64
1	5
0	108
0	20
1	22
1	6
0	10
3	7
0	1
0	29
0	55
0	5
0	13
0	49
0	46
0	47
0	17
0	14
0	25
0	16
0	14
0	15
0	16
0	8
0	5
0	15
0	14
0	13
0	7
0	11
0	11
0	5
0	10
0	10
0	20
0	10
0	20
0	14
0	14
0	10
0	19
0	12
0	14
0	17
0	12
0	17
0	14
0	15
0	10
0	4
0	0
0	3
0	3
0	48
0	6
0	2
0	6
0	6
0	4
0	6
0	3
0	1
0	3
0	0
0	1
0	1
0	1
0	1
0	0
0	0
0	0
2	267
14	206
4	208
0	209
5	206
0	0
1736	0
0	1199
0	1020
0	1
1	60
1063	60
0	83
7	102
0	7
0	72
1131	0
58	1700
0	454
0	101
0	24
3	1705
0	130
0	182
0	184
0	183
0	191
0	178
8	159
7	24
7	61
1	23
2	18
5	14
0	14
0	19
0	19
0	19
7	74
0	128
0	100
0	102
2	17
0	17
0	34
0	100
0	17
5	71
0	19
0	2
0	4
0	3
0	2
0	0
0	237
0	73
0	162
1	39
0	60
0	215
0	154
0	127
0	101
0	57
0	14
1	25
2	144
367	1019
0	883
7	766
7	702
5	572
0	187
0	44
338	450
15	77
0	392
0	80
0	125
0	273
2	837
146	223
78	222
0	374
1	200
5	798
5	308
67	596
0	0
0	0
0	142
0	138
0	142
0	131
0	143
0	71
0	74
0	71
1	23
0	53
0	51
0	16
0	40
0	17
0	25
0	21
0	70
0	1996
1	753
0	1878
1	529
29	1841
0	544
6	1652
0	1621
3	376
0	1894
6	1884
0	559
1	199
10	450
13	263
0	148
0	126
0	125
10	364
0	159
0	349
0	342
14	143
19	186
7	126
31	44
23	50
6	69
6	170
13	343
63	44
4	10
3	191
24	153
0	69
0	187
0	4
0	25
0	12
0	13
0	19
0	22
0	22
0	13
0	12
3	5
0	13
0	4
0	0
0	0
0	0
14	43
1	51
0	326
6	0
0	310
0	282
0	291
0	158
0	310
0	49
4	46
0	40
0	63
9	29
0	21
0	104
4	123
0	151
1	216
0	310
0	0
0	0
0	0
0	0
0	0
0	0
0	0
0	858
136	5193
0	247
0	603
0	4906
0	763
0	747
0	691
0	38
0	42
0	872
0	0
0	39
0	42
0	49
0	60
1	17
0	59
0	62
1	36
0	49
0	888
0	69
0	0
1	279
0	50
0	260
0	873
0	15
0	50
0	70
24	212
0	239
0	42
3	105
3	50
0	141
1	24
463	145
0	143
1	61
4	62
0	12
0	12
0	4
0	2
0	1
42	599
0	605
0	300
0	147
0	108
2	28
0	28
10	197
0	196
0	380
1	364
27	14
0	303
0	35
0	26
29	288
25	295
72	7
9	1027
0	120
0	827
0	15
0	1032
0	15
0	23
0	26
0	24
0	3
0	3
0	1
0	43
128	64
0	47
121	219
0	53
6	199
0	13
2	13
0	6
0	16
1211	0
432	0
0	0
0	0
1	41
91	61
0	1094
0	1088
4	1088
14	695
0	730
0	97
1	19
2976	0
1	71
0	103
17	2738
0	2268
13	1111
0	100
0	1866
4	1583
0	44
1	95
0	94
1	15
0	22
1	18
3	111
0	308
0	9
1	51
0	130
1	933
2	74
0	51
2	116
2	219
0	352
0	458
0	341
0	458
1	405
1	153
9	188
0	212
0	467
0	459
0	451
3	162
0	130
0	104
0	106
2	153
2	290
0	291
3	119
0	75
0	47
2	142
0	44
0	528
0	88
0	536
0	374
0	96
0	397
0	420
0	389
0	68
0	57
1	36
0	45
0	145
0	64
1	131
0	112
0	500
0	488
15	82
0	20
0	16
0	15
0	82
1	1
0	1
0	1
0	1
0	0
0	0
0	0
0	0
0	0
0	0
0	1018
0	1035
0	868
0	399
1	74
0	34
4	1002
0	92
0	198
0	845
2	727
1	42
0	85
0	845
0	96
0	312
1	5
0	661
0	0
1	84
0	75
0	74
0	111
0	94
1	0
0	44
2	42
1	20
1	125
0	845
0	661
0	443
0	436
0	439
0	26
19	643
0	609
0	591
0	29
2	45
0	492
7	29
6	7
4	23
0	627
0	0
0	0
0	0
0	0
0	588
0	587
0	288
0	408
9	135
1	14
0	13
0	13
0	2
0	2
0	0
0	3
0	0
0	3
0	0
0	150
0	220
4	937
0	952
0	892
7	843
0	159
0	156
0	171
30	932
9	919
0	893
0	840
0	900
19	628
0	1
0	1973
0	242
4	264
0	355
0	538
0	1676
55	989
0	370
0	898
0	887
0	838
0	826
0	837
0	826
105	683
0	800
0	827
0	104
0	107
0	685
1	639
1	44
0	647
0	35
1	79
1	81
0	6
0	35
2	0
0	2
0	93
0	49
0	2
33	349
0	680
0	483
0	217
0	280
0	10
1	8
0	14
0	14
0	2
0	9
0	0
6	0
0	1
61	269
2	195
1	97
4	165
0	169
73	688
3	293
0	186
11	503
9	246
6	135
0	3
0	21
1	3
1	18
0	2
0	17
0	14
1	13
0	5
0	5
0	3
1	1
0	20
0	95
0	89
3	2
0	796
0	6
0	669
1	772
0	431
0	11
0	0
0	59
0	684
0	1431
5	1392
0	1393
1	1275
0	1382
4	55
0	334
0	371
0	229
0	7
34	7
54	0
0	59
0	1993
10	862
0	1049
1	902
0	290
0	290
0	243
0	240
0	185
2	75
0	527
0	269
0	342
0	167
0	96
1	69
0	1571
0	1996
15	318
0	3
18	326
1	25
0	7
0	1
3	110
0	7
0	25
58	181
13	212
0	396
52	277
0	408
0	352
2	202
0	119
0	114
0	85
0	122
3	68
0	112
0	62
0	95
0	412
0	271
0	4
0	0
0	1
0	3
38	135
1	135
3	129
0	28
0	15
0	28
7	98
0	0
0	0
0	0
10	25
115	195
0	4
0	24
0	6
1	6
1	166
0	2529
18	2450
0	2539
0	1842
0	310
27	722
6	576
5	312
0	705
0	1884
2	462
0	315
2	277
103	644
22	655
45	196
83	201
0	267
5	200
0	2477
28	1736
4	1736
13	250
0	708
25	98
18	212
3	66
0	0
0	0
0	0
0	0
0	0
0	0
0	0
0	0
0	0
0	0
0	0
0	0
0	0
0	0
0	0
0	0
0	0
6	547
19	547
12	531
5	3
0	1
0	0
1	5
0	0
0	0
0	0
0	0
471	982
0	765
3	909
2	227
1	335
1	973
1	258
0	672
0	2
0	10
0	5
0	1
0	0
0	5
0	10
0	2
0	10
0	9
0	4
0	8
0	0
0	0
11	3
0	6
0	2
1	1
1	0
1	3
14	220
0	1039
2	508
0	725
1	784
25	1064
0	99
0	75
0	155
0	204
0	158
14	185
1	98
1	98
0	25
0	21
0	21
0	19
1	13
0	10
0	7
0	9
0	3
0	3
0	4
0	3
0	4
1	4
0	0
0	0
0	0
0	0
0	0
0	0
0	0
0	0
0	0
0	0
0	0
0	0
0	0
0	0
0	0
0	0
0	250
0	20
1	261
0	249
0	250
0	265
0	268
0	270
0	271
0	235
0	24
0	278
0	274
1	241
0	281
0	17
0	268
0	248
0	245
0	42
1	203
2	121
0	29
1	17
0	18
0	19
0	19
0	0
0	91
344	12
2	0
0	12
0	0
0	0
0	0
0	0
0	0
0	1
0	1
0	0
0	0
0	0
0	0
0	0
0	650
0	650
0	222
0	23
0	663
0	21
0	32
2	33
0	448
0	473
2	9
0	28
0	25
0	41
0	3
0	17
0	23
0	650
0	622
1	167
0	148
0	980
0	974
0	927
0	0
0	0
345	1066
0	1028
7	1053
2	35
0	79
0	52
2	20
18	88
2	65
0	55
8	10
7	10
40	24
104	101
2	100
0	0
0	273
2	272
0	173
0	48
0	35
2	66
0	54
0	54
0	46
0	41
2	27
65	17
2	6
0	10
0	166
328	220
1	150
0	152
4	102
1	40
1	11
0	128
0	6
0	94
0	241
0	805
0	0
1	241
0	106
0	111
0	192
2	3
0	194
0	112
0	200
0	149
1	44
1	139
0	141
0	200
0	701
0	15
0	15
0	51
0	22
0	461
353	510
0	273
0	52
3	20
326	499
1	14
3	193
1	182
0	353
2	357
0	357
7	211
4	119
2	121
0	528
0	369
0	83
0	1741
2	1551
14	820
0	357
0	357
29	359
1	1417
0	818
1	349
3	1090
0	737
0	988
4	300
0	558
3	315
6	9
0	256
2	439
1	156
11	442
0	257
0	124
6	263
0	263
1	262
0	64
23	58
0	75
805	686
0	82
0	639
0	648
0	661
10	485
15	0
0	376
0	117
0	169
0	490
0	168
0	378
0	142
3	88
0	506
0	1
0	1
504	2155
0	45
3	737
13	679
8	177
0	915
0	568
58	116
0	88
2	110
7	36
1	2
2	12
1	15
0	6
2	14
1	0
0	2
0	63
0	198
18	356
2	361
12	356
0	47
2	4
0	11
1	491
0	207
0	63
1	17
0	44
2	13
0	10
0	30
0	40
0	263
0	294
33	318
1	20
0	13
0	34
0	41
0	10
0	65
0	44
0	35
2	27
5	23
0	28
1	22
1	22
0	22
5	165
0	1
0	34
1	733
0	277
0	78
1	1
0	43
0	7
0	75
0	202
0	51
0	96
2	164
0	733
0	89
0	244
0	139
71	239
1	15
0	0
2	0
0	83
2	83
0	5
1237	222
260	743
0	746
2	86
28	217
0	229
0	438
0	41
0	142
0	17
1	438
2115	3444
842	3827
0	2948
1	216
0	361
0	283
0	334
0	406
0	185
1	99
1	272
1226	258
2	76
12	4
0	98
1	162
1	59
1	2187
0	2174
0	744
0	189
0	82
0	94
0	87
0	41
0	36
20	2016
0	2460
0	1004
0	760
37	184
1	163
0	121
2	181
1	17
3	48
0	56
2	33
5	8
0	108
0	1649
5	1511
0	359
19	553
38	381
0	251
0	209
1045	69
0	68
206	4328
4	4155
1	2700
4	258
7	212
6	43
0	411
5	757
10	359
4	401
0	681
0	312
1	250
0	1216
0	317
1	305
0	209
0	182
0	38
67	188
9	184
0	15
0	145
0	56
2	1
15	95
0	19
1	70
7	48
21	1
0	55
3	58
3	43
8	18
11	17
2	13
0	13
0	1
0	13
0	0
0	4
0	3
0	1
1	19
0	247
3	1209
3	120
0	28
0	16
0	1246
0	1198
0	12
0	59
0	72
0	60
0	14
0	1277
0	510
0	0
0	0
0	1
0	1
0	0
0	0
0	0
0	0
0	0
1	0
0	0
0	0
0	0
0	0
0	0
0	0
0	0
0	0
435	31
0	31
6	6713
0	6334
0	3428
0	655
0	309
0	520
0	402
0	166
0	177
0	398
0	0
0	6359
10	1497
24	1497
7	83
1	19
1	60
8	38
4	112
1	1347
26	1346
4	1237
0	364
0	304
1	1347
0	440
5	794
0	1341
0	134
0	405
0	1261
0	363
0	1343
0	143
0	222
3	5
0	355
0	353
0	366
0	325
0	1336
0	479
34	153
0	96
0	88
0	17
0	11
0	1
0	0
0	0
0	0
0	1
0	1
0	0
0	0
2	1
0	0
1	8
0	7
0	1695
0	1756
2	1634
0	750
1	335
2	153
0	163
0	132
4	85
0	77
0	76
0	721
0	660
0	17
0	17
0	0
0	0
0	0
0	0
0	30
0	80
0	1015
0	213
0	107
0	111
8	111
0	108
1	56
1	82
0	82
0	53
0	57
0	442
0	116
1	0
0	49
1	491
1	985
0	70
0	89
0	924
0	0
0	0
3	122
9	137
0	305
1	328
5	342
0	286
3	17
1	22
19	16
5	30
0	186
0	0
0	0
5	452
11	539
1	188
0	94
0	2
0	1
0	2
0	1
0	1
0	1
0	0
0	970
0	970
2	311
1	300
0	361
1	39
0	171
2	108
1	174
0	109
0	67
0	109
0	630
175	1001
1	80
1	15
0	4
0	111
0	92
1	62
4	865
11	732
5	182
2	56
52	711
3	86
4	64
10	625
1	89
0	0
0	0
1	3
0	2
0	2
0	2
3	0
0	1
0	1
0	0
0	0
0	0
0	0
0	0
0	0
0	0
0	0
0	0
0	0
0	0
0	0
0	0
0	0
52	257
0	245
4	12
3	201
11	68
1	0
1202	654
0	69
2	50
3	175
1	139
13	517
0	43
0	70
0	57
0	118
0	71
3	63
1633	491
2	111
0	457
0	460
92	983
0	31
0	3
0	810
0	170
2	405
0	149
0	84
2	160
0	176
57	298
0	86
3	21
0	120
0	42
0	253
0	0
0	58
41	58
1	1145
1	198
3	187
0	188
6	1071
1	197
5	163
0	73
0	68
0	21
0	6
0	5
0	7
0	2
0	5
0	6
0	11
0	12
0	5
0	73
0	2
0	6
0	11
0	23
0	14
0	22
1	63
0	18
0	5
0	1
0	10
0	2
0	68
0	17
0	66
0	9
0	7
0	0
0	12
0	14
0	20
0	17
0	68
0	0
0	0
0	0
0	0
0	0
0	0
0	0
0	28
0	0
128	65
0	31
0	36
0	28
0	63
1	8
0	8
0	24
0	0
0	0
0	1
1	1
0	1
0	8
6	7
0	0
0	0
0	0
0	0
0	0
0	0
1	930
17	930
4	223
0	117
0	931
1	158
0	167
0	118
0	193
0	236
6	468
14	702
2	236
13	153
2	64
1	12
15	352
1	29
0	100
0	0
0	0
0	0
0	0
0	0
2	744
15	2
0	2
1476	139
0	91
0	126
0	125
0	119
0	97
2	89
4	25
1	2
0	2
0	0
0	0
0	0
1	5
1	1
0	0
0	0
0	0
0	0
0	0
1	1
0	2
0	4
0	0
0	1115
0	928
0	1022
5	314
1	1050
0	913
0	154
0	708
1	0
0	0
0	0
0	0
0	75
0	0
0	0
0	0
0	0
0	0
0	0
0	0
0	0
0	0
0	0
11	305
6	122
0	259
0	25
0	31
0	200
1	13
0	223
0	183
0	127
0	118
0	135
0	133
0	30
0	109
2	40
2	21
1	12
0	209
0	70
0	7
0	10
0	6
0	13
0	73
2	6
0	18
1	62
0	19
1	53
1	13
3	13
0	2
1	8
0	1
0	0
0	0
0	0
1141	2411
37	1403
5	1111
1	1030
9	873
0	490
2	93
0	1
1	1
5	22
0	2
0	21
1	0
0	0
0	99
2	109
0	90
0	16
1	16
0	16
2	542
0	77
0	444
2	520
0	482
0	55
0	23
0	88
0	104
0	34
6	139
0	478
0	2
0	2
665	1403
0	1185
4	188
0	149
0	85
0	175
0	207
0	42
1	22
0	5
0	0
0	0
0	188
10	188
5	133
0	53
0	53
0	51
0	8
0	6
1	5
0	1
0	0
0	28
0	15
0	21
0	17
0	47
0	16
0	23
0	0
0	0
0	0
0	0
864	0
0	1
0	59
0	0
0	1
0	1
0	59
0	1
0	2
0	19
0	0
0	16
0	133
20	1245
0	1260
0	1265
0	1204
0	858
20	372
0	0
1	38
19	757
10	318
1	647
1	15
0	52
0	214
4	327
0	113
0	72
0	54
0	38
0	8
1273	344
13	146
4	171
6	27
0	31
13	224
6	224
0	12
992	6155
1	883
0	6155
3	3
1	0
0	0
0	0
0	3
0	0
0	0
0	0
1	1860
0	2009
3	693
1	202
0	478
0	84
0	86
26	122
21	250
0	625
0	666
19	681
533	0
23	0
333	0
68	191
100	705
0	180
48	548
0	0
0	0
0	422
0	442
0	414
18	411
12	444
0	421
3	126
0	16
0	139
0	13
0	93
0	50
0	497
3	480
0	61
0	50
241	168
4	471
1	421
4	3
0	61
0	16
0	924
35	1422
0	1436
0	120
0	822
0	23
0	180
0	195
1	86
0	231
1	96
0	170
0	44
0	1354
0	290
1	50
0	304
23	336
17	89
1	231
1	309
2	286
0	124
6	168
15	11
2	9
0	10
0	10
0	11
0	9
0	10
0	11
3	10
0	7
0	9
0	10
0	10
0	6
0	8
0	10
0	4
0	4
0	2
0	1
0	1
0	425
0	453
9	348
0	82
10	4
7	200
0	237
0	310
1	277
0	281
1	182
0	173
4	35
0	27
0	77
0	23
0	33
0	76
0	35
0	44
0	14
4	41
2	21
10	43
0	13
0	19
2	12
0	9
0	4
0	271
0	300
8	1776
0	1731
2	1621
0	252
0	167
3	355
0	31
1	127
0	171
0	51
0	2
0	0
0	272
0	271
0	272
0	274
0	251
0	274
0	270
0	272
1	263
0	6
2	42
0	8
0	3
0	101
3	0
0	90
0	7
0	2
0	82
1	96
1	96
0	22
0	2
0	0
0	0
91	186
1	17
0	0
0	101
0	12
0	6
0	86
39	573
108	600
23	56
0	55
0	4
7	1366
1333	1507
1	261
3	300
6	211
28	141
2	48
1	986
14	733
0	204
11	658
0	969
0	95
90	116
0	75
14	8
0	8
1	405
112	1397
7	228
7	705
28	228
0	317
10	365
0	338
3	256
3	569
514	569
4	252
0	148
0	254
0	1
0	1
0	1
0	1
0	0
0	0
0	0
0	0
0	384
0	322
12	332
0	303
0	92
1	149
2	237
0	0
0	365
0	110
0	354
0	358
0	275
1	295
0	294
0	348
0	358
0	69
0	306
2	206
0	216
0	344
2	280
12	54
0	324
1	41
0	117
4	80
0	115
0	197
0	308
0	98
0	29
0	31
0	278
0	12
0	299
0	206
27	270
0	114
0	218
0	0
0	1
0	1
1	222
1	222
700	221
1	16
0	183
0	16
1	0
0	19
3	4
3	436
2	436
2	19
0	30
4	19
0	24
0	185
6	226
43	226
0	22
11	18
18	115
0	83
1	37
0	0
0	0
0	0
0	0
0	0
0	0
0	0
0	0
0	0
0	0
0	0
0	0
0	0
0	0
0	0
0	0
0	0
0	0
0	0
0	0
0	0
0	0
0	0
0	0
0	0
0	0
0	0
0	0
0	0
0	121
0	138
0	137
1	96
0	92
0	111
0	101
0	107
0	72
1	100
4	13
6	38
0	44
8	26
0	41
4	32
0	28
8	25
0	31
0	32
0	15
0	15
0	0
0	0
0	0
0	0
0	0
0	0
0	0
0	0
0	0
0	0
0	0
0	0
0	0
0	0
0	0
0	3435
99	3435
0	88
0	16
0	81
1	39
20	21
0	4
1	97
104	311
1	285
0	262
0	181
2	153
0	98
1	1
0	15
0	6
2	6
0	0
0	0
0	2
0	0
0	1
0	1
0	0
0	0
604	1171
3	1128
3	1177
0	1160
0	1111
0	1180
0	1139
0	1146
0	1143
0	1055
3	213
0	758
1	141
6	141
1	95
1	46
0	35
0	14
0	16
0	6
73	274
43	274
10	36
0	2296
0	2147
0	331
0	688
1	350
66	1622
0	2020
0	246
0	958
0	650
0	412
0	749
0	2088
0	2176
0	1697
0	405
0	424
0	463
0	119
1	558
0	460
0	1929
0	434
0	724
0	2168
0	1982
0	1926
0	2075
0	716
0	347
0	432
0	293
0	275
0	1348
3	201
0	9
0	3
0	9
1	1
0	0
0	0
0	4
0	0
0	1
0	0
0	2
9	1
3	0
0	0
0	0
0	1
3	0
0	288
0	292
0	198
0	44
0	46
6	9
0	5
0	20
0	65
1	64
0	50
0	11
3	51
0	0
0	0
73	15
116	179
0	179
0	80
0	4564
0	619
0	760
0	4036
0	4235
116	15
4	15
0	2
0	2
0	1
0	0
0	0
0	2
0	2
0	2
0	0
0	0
0	0
0	0
0	0
0	0
0	0
0	0
0	2
0	2
1	843
31	887
0	226
1	260
0	140
0	257
1	408
5	136
0	221
8	16
1	1
0	15
0	373
0	327
0	203
0	149
0	150
0	179
0	170
0	347
4	107
1	17
0	172
0	89
0	336
0	337
0	0
0	0
0	0
0	0
0	0
0	11
0	11
0	5
0	0
0	1682
25	134
2	283
2	84
0	1637
0	1531
0	1
0	1
0	5
18	610
0	612
0	618
0	98
7	361
0	87
2	54
0	80
0	1
0	65
0	64
21	112
0	20
0	8
1	9
0	2
2	1
1	31
0	9
0	4
0	20
39	667
0	70
0	643
0	545
3	304
0	18
0	157
1	0
173	239
0	206
0	13
1	13
0	7
0	120
0	303
9	18
0	33
0	32
0	38
0	36
0	120
0	314
0	53
0	118
0	118
0	118
0	146
0	0
0	2
1	12
0	1
0	4
0	3
0	5
0	6
0	1
0	0
0	0
0	3
0	7
0	10
0	16
0	6
0	8
0	5
0	4
0	4
0	4
0	5
0	2
0	1
0	6
0	1
0	0
0	10
0	4
0	4
0	1
0	9
0	0
0	1
0	0
0	0
0	4
0	0
113	73
0	60
1	48
0	0
0	305
0	269
0	308
0	302
0	304
0	324
0	302
2	308
0	314
0	305
1	302
1	296
0	189
0	182
0	92
93	250
4	213
7	193
39	203
0	106
0	152
0	14
0	56
0	28
0	149
1	71
0	44
2	40
1	33
0	28
0	25
2	2
0	7
636	575
0	201
0	212
1	77
18	39
17	96
0	34
0	0
0	80
0	285
0	294
0	3
0	12
0	285
0	279
0	32
16	314
60	237
0	244
5	210
0	2
0	48
4	19
0	12
24	464
0	464
1	231
4	35
0	70
0	0
0	0
0	0
0	0
0	0
0	4
0	6
1	8
8	1
0	4
0	8
0	8
0	8
0	8
0	2
0	2
0	1
0	0
0	2
0	1
0	0
0	1
0	103
0	77
0	252
193	305
1	8
0	21
0	48
0	2
1	411
0	46
0	148
0	421
3	48
1	398
0	100
0	100
9	38
0	36
0	36
0	17
1	5
0	787
0	813
5	785
16	251
0	277
0	98
0	807
0	934
0	0
0	0
0	0
0	0
33	1105
206	89
1	15
0	31
0	76
0	24
0	43
2303	4635
9	123
9	2812
1	721
3	195
1	60
0	20
40	278
0	262
0	248
0	190
2	206
7	180
1	214
0	108
5	34
0	60
0	202
0	5
0	45
0	28
24	107
1	106
0	40
0	93
3	22
0	13
21	49
0	674
0	81
1	99
0	620
0	621
0	68
0	181
12	160
3	125
0	142
4	111
8	168
0	658
0	626
0	93
53	783
0	301
0	681
0	60
0	182
0	135
3	56
1	48
1	2
2	67
0	0
0	0
0	27
0	27
0	27
0	27
1	28
0	28
0	28
0	27
0	27
0	27
0	27
0	27
0	27
0	27
0	27
0	27
1	27
0	0
0	0
0	0
0	0
11	280
0	281
0	265
87	1968
0	370
0	163
0	569
3	197
23	1772
0	587
0	186
0	1381
0	230
0	354
0	242
1	2
0	1
0	1
0	1
0	1
2	2
0	0
0	1
1	45
2	46
0	10
0	41
0	29
0	16
0	81
0	80
0	80
0	78
0	76
0	43
0	10
0	35
1	26
0	7
0	7
0	5
0	0
0	3
0	10
0	4
0	6
0	5
0	1
0	78
0	451
0	582
0	616
0	559
8	562
3	534
0	176
0	120
2	334
0	106
0	216
0	146
0	148
3	51
9	15
0	1
2	26
1	26
0	21
0	0
1	14
0	86
3	91
0	32
0	32
0	83
0	23
0	40
0	24
0	18
0	0
0	20
0	0
0	3
0	672
1	330
1	328
0	0
0	2
1	6
0	4
1	676
140	735
6	735
41	1019
0	861
2	871
0	218
3	318
0	25
0	24
0	8
0	7
0	26
0	283
0	0
0	287
0	283
0	413
0	427
2	203
0	92
0	26
0	77
0	151
3	46
5	9
1	34
8	23
1	33
1	122
1	9
0	176
1	44
9	44
6	31
1	34
0	81
2	102
0	18
2	80
0	169
0	160
241	169
2	25
0	25
0	24
0	134
0	0
0	0
0	0
0	0
0	0
0	0
315	2039
0	623
2	318
0	1983
0	344
3	113
24	144
2341	473
1	350
5	374
0	2
4	5
0	2
0	5
0	1
0	1
0	2
0	1
0	1
0	1
0	624
0	634
0	655
3	638
1	606
2	631
0	623
0	630
1	538
1	624
1	626
0	393
0	0
45	170
0	8
0	37
4	127
0	161
0	50
0	15
0	12
0	5
0	5
0	0
267	577
2	344
20	368
6	97
0	332
1	184
1	33
0	899
20	859
0	424
9	547
6	55
4	208
5	44
2	35
0	108
0	74
0	115
0	106
0	22
0	23
1	39
0	34
0	22
0	39
0	12
0	14
0	7
0	109
0	99
1	94
21	13
6	5
0	6
0	3
0	5
0	191
12	199
0	116
0	34
0	35
0	33
5	35
55	442
0	389
0	338
0	369
0	366
4	365
9	237
6	300
1	236
0	1
1	39
961	2396
0	2290
0	536
22	426
153	468
1	102
0	142
102	131
0	73
0	10
0	0
0	142
132	296
2	216
68	933
69	747
0	253
0	62
4	80
8	127
2	35
1	116
1	21
4	47
3	496
0	310
240	637
0	174
56	370
1595	2734
2	2734
0	2305
0	1252
423	754
4	248
12	363
0	92
0	31
1	86
0	67
8	319
0	49
0	35
0	11
0	77
7	79
0	62
1	348
0	341
0	30
0	143
2	13
0	7
0	443
3	24
0	475
17	114
0	311
1	377
0	239
0	57
12	19
0	53
3	32
0	30
0	11
0	6
0	16
0	31
0	34
0	22
66	247
304	126
0	6
0	1
0	19
0	13
0	1
1	26
0	41
0	30
385	295
1	280
13	47
15	15
0	4
2	4
0	1
0	3
0	0
0	2
0	0
0	0
0	0
0	0
0	0
0	0
0	0
0	0
0	0
0	0
0	0
0	0
0	0
0	0
1	248
0	242
0	477
0	213
0	5
0	9
0	5
0	58
0	7
0	0
0	58
0	209
0	213
2	176
6	83
0	92
0	35
0	19
1	774
0	1553
0	481
0	550
0	1110
23	1672
1	357
0	1196
0	158
2	163
0	17
3	219
0	219
3	110
0	160
0	245
0	136
1	134
2	97
0	657
0	748
0	720
0	3
0	7
1	142
0	56
5	0
7	20
0	92
0	25
0	25
4	62
0	86
12	336
0	106
0	147
3	1305
0	1305
0	811
5	1271
0	1305
0	0
0	0
0	123
155	177
4	148
0	65
0	41
0	12
0	18
0	9
0	16
0	12
0	7
0	0
0	0
2	12
0	7
0	154
0	52
0	51
0	508
1	225
0	352
0	282
0	64
4	32
73	252
1	52
0	39
0	58
1	50
7	20
36	154
0	598
0	603
0	264
0	46
0	138
3	592
0	363
0	186
0	77
0	263
0	234
0	28
0	269
0	105
0	110
0	503
0	107
3	141
0	203
5	39
1	247
0	45
0	46
0	52
0	44
0	38
0	42
0	46
0	49
0	37
0	24
0	34
0	32
0	34
0	32
0	29
0	244
317	0
0	0
0	0
0	0
0	0
0	0
0	0
0	0
4	0
181	601
0	563
0	161
0	146
0	147
0	0
9	6
2	523
1	69
0	148
0	146
0	146
0	2344
1	632
11	3184
0	3144
5	2442
12	1131
2	3087
1	2717
2	1036
2	2072
1201	2567
0	2516
0	134
1	244
1	400
5	262
0	134
0	132
0	104
0	122
0	106
0	122
0	107
0	62
551	240
1	47
1	193
489	351
0	59
0	85
0	67
6	196
92	100
0	6
1	23
0	23
0	17
0	23
0	7
2	6
0	93
0	45
0	85
1	3
143	502
1	481
0	508
3	121
0	296
0	280
6	47
0	236
1	124
0	35
0	8
0	0
0	0
2	1633
1	603
3	450
0	1633
0	0
3	362
0	334
0	63
0	270
0	116
0	103
1	56
1	77
1	38
3	38
0	357
8	296
0	275
0	276
0	15
0	295
0	51
0	52
1	9
0	15
0	7
1	783
0	784
5	66
0	796
31	2374
0	619
0	445
6	699
0	634
17	719
0	770
2	324
1	418
0	806
1	2381
894	708
7	672
17	10
0	424
0	467
6	177
3	173
36	64
2	58
0	77
0	73
0	0
0	0
0	0
0	2
0	0
0	2
0	1
0	2
0	1
0	1
0	0
0	0
0	0
0	0
0	0
0	0
0	0
0	0
0	0
0	0
0	0
0	0
0	0
0	0
0	0
0	0
0	0
0	0
0	0
0	0
0	0
0	0
248	123
2	108
0	114
0	39
0	21
786	1881
0	1645
0	584
1	1
0	1
0	1
0	416
9	610
0	589
0	0
0	0
0	0
0	0
0	2
0	2
0	3
0	0
0	0
0	1
0	3
0	0
0	0
0	0
0	8
0	269
0	283
11	51
0	19
0	152
1	63
0	175
0	25
7	9
0	35
0	42
3	26
4	104
5	0
0	100
14	0
0	0
1	6
0	6
0	15
0	8
0	3
1	2
0	5
0	3
0	3
0	0
0	4
2	140
75	140
0	909
27	234
506	234
352	0
0	8
0	0
0	0
0	0
0	0
0	0
0	0
0	0
0	0
0	0
0	0
0	0
0	0
0	0
0	0
0	0
0	0
0	0
0	0
0	0
0	8
0	8
0	120
0	12
0	18
0	44
0	76
0	50
0	79
0	33
2	113
0	37
3	99
0	30
0	25
0	0
0	1
0	0
0	1
0	0
0	1
0	1
0	1
0	0
0	0
0	0
0	0
0	1
0	1
0	1
0	0
0	1
0	307
2	307
0	544
29	685
2	545
0	219
1	57
2	43
0	37
0	11
0	0
4	8
0	0
0	0
0	0
0	0
0	0
0	0
0	0
0	0
1	9
0	10
1	5
1	8
0	4
0	95
0	658
1	28
1	84
0	174
0	119
0	92
0	166
0	95
2	77
0	90
0	629
0	105
0	32
0	34
0	91
2	105
0	97
0	65
0	56
3	87
0	0
0	4
0	4
13	810
123	544
0	757
12	692
0	643
0	120
3	266
0	173
0	90
0	89
0	111
2	164
7	181
0	91
0	0
154	968
3	54
1	872
18	909
2	59
5	88
2	121
372	440
1	416
1	90
458	24
0	3
0	5
0	8
6	11
0	11
0	6
0	0
0	10
0	5
0	6
2	2461
2	2362
15	1620
78	2418
227	1084
0	123
0	71
0	505
0	89
0	67
1	953
26	41
3	86
0	116
18	495
2319	3280
2	426
0	3289
0	123
10	258
0	2
0	0
0	130
0	27
0	258
0	258
0	254
0	258
0	258
0	249
0	258
0	258
0	265
1	252
2	228
0	202
1	150
3	190
0	202
1	113
0	190
0	141
0	57
0	19
0	53
14	2
0	2
0	0
0	0
0	2
0	1
0	0
0	5974
2599	7324
0	5408
0	4934
13	557
0	211
0	313
0	663
9	412
0	203
5	795
0	6594
0	0
0	10
0	10
0	10
0	13
0	11
0	2
3	13
0	10
0	10
0	11
0	11
0	13
0	1473
4	567
1	177
0	39
0	1473
0	3179
59	3175
0	3114
0	461
1	167
6	1674
10	65
5	228
10	48
36	0
3	7
0	7
0	0
282	0
26	1186
0	1575
0	1451
0	1772
3	779
0	1002
1	1262
0	198
0	1428
0	609
0	1576
0	1293
0	207
0	503
64	450
0	1456
0	337
0	45
0	0
0	0
0	0
0	61
132	260
1	192
0	125
5	126
22	331
32	5
0	329
10	46
97	307
3	305
0	2862
0	2825
0	1380
0	2800
4	1189
2	1804
0	1462
1	2011
0	1237
406	203
0	183
4	129
0	72
5	44
0	81
0	184
0	710
0	970
95	531
6	81
0	915
1	851
4	49
0	31
1	126
0	55
136	0
0	0
0	0
0	0
0	0
0	0
0	0
0	0
0	0
0	0
0	0
0	0
0	0
0	0
0	0
0	0
0	0
0	0
0	0
1	28
10	3161
1	696
18	3151
0	309
0	75
0	349
0	686
15	3151
0	497
12	838
0	13
0	9
0	548
0	748
7	42
0	722
3	397
0	7
0	17
0	22
0	22
0	22
0	15
1	0
0	0
0	0
0	0
199	44
12	330
0	1192
0	327
0	653
0	317
29	1047
0	1430
0	1430
0	0
1	0
0	0
0	0
0	0
183	667
0	650
12	516
0	236
0	412
0	409
0	421
0	403
0	358
0	443
0	371
0	436
0	298
0	314
0	468
0	374
3	434
0	86
6	1
0	558
0	441
0	434
0	544
0	405
0	426
0	354
0	509
0	352
0	413
0	57
0	110
0	689
0	377
0	415
0	108
0	342
0	409
0	395
0	373
0	404
0	28
0	188
0	445
0	401
0	92
0	86
0	83
0	46
0	50
0	59
0	204
0	176
0	195
0	30
3	230
0	228
0	235
0	235
2	128
0	43
0	39
0	23
0	19
0	12
0	0
0	0
0	1
0	1
0	2
0	1
0	0
0	0
0	411
3	60
0	113
2	99
1	138
47	387
0	43
393	88
1	47
0	47
0	35
0	81
5	659
4	659
0	662
1	0
0	0
0	0
0	0
0	0
0	0
0	0
0	0
0	0
0	0
0	0
0	0
0	0
141	482
0	698
3	578
0	900
6	310
0	681
0	620
2	501
0	143
0	179
3	127
0	294
8	37
0	202
0	142
0	47
0	3
0	3
0	0
102	0
41	10
0	10
0	6
0	4
0	0
10	19
0	19
0	96
0	201
0	282
0	299
0	214
7	125
13	116
2	19
1	0
0	3
0	3
7	4
0	3
0	42
52	26
1	63
2	38
2	56
85	494
2	437
0	50
0	12
0	12
0	119
1	23
0	10
0	16
6	446
361	256
8	20
2	236
0	0
0	0
0	0
0	0
0	0
0	1540
0	1280
7	1137
0	163
0	780
0	95
36	297
0	79
1	2
0	0
0	1608
0	1655
0	1614
1	9
74	53
4	1
0	9
0	4
0	2
0	4
0	0
0	50
4	42
0	42
484	134
4	38
0	96
0	45
0	740
0	190
0	324
33	0
3	650
0	95
0	52
0	593
0	278
33	701
0	217
9	77
0	0
0	13
0	13
0	13
1	3
157	5
0	568
2	78
15	573
0	21
0	21
0	6
1	20
0	1
0	1
0	21
0	21
0	322
0	4
2	24
0	17
0	302
0	124
0	22
0	15
0	28
520	656
0	587
1	445
0	567
0	205
0	107
0	73
0	39
2	13
33	8
0	8
2	483
792	505
0	45
5	111
40	258
1	253
2	236
0	98
2	204
0	44
0	208
0	128
208	205
0	132
0	18
0	47
32	84
1	60
0	74
0	63
0	15
0	54
0	7
0	31
0	31
1	5
0	8
0	4
0	7
0	8
0	0
67	128
61	125
0	53
1	20
1	1
0	1
0	1
0	0
0	0
0	0
0	0
0	0
0	0
0	0
0	0
0	1
0	2
0	14
9	11
0	11
1	0
2	11
4	0
0	2
0	2
0	2
0	3
0	11
0	6
0	23
0	6
0	2
0	3
0	24
0	2
0	0
0	0
0	0
0	1
0	0
0	2
0	0
0	0
0	448
0	370
5	4709
0	375
0	702
3	269
443	778
1	3636
12	558
0	3208
0	2492
0	571
0	400
0	421
5	735
0	892
31	261
9	308
5	82
5	153
8	238
0	4429
181	0
0	118
0	256
4	297
0	291
0	237
9	140
0	219
0	241
1	189
0	145
0	73
3	107
0	223
0	235
0	55
3	28
520	1494
32	1462
0	1113
0	531
0	267
2	209
1	233
0	1
0	0
0	1
0	0
0	14
14	344
0	248
0	68
0	178
0	3
0	25
3	26
0	39
0	157
0	187
0	165
15	185
0	45
0	17
0	27
0	31
0	25
0	15
0	146
0	44
1	46
0	11
39	0
1974	756
41	756
0	0
0	0
1	0
0	0
0	0
0	0
0	0
0	0
0	0
0	0
0	0
0	2
0	2
0	2
0	2
0	0
0	1
0	1
0	0
0	0
0	4
0	0
0	0
0	0
0	0
0	0
0	0
4	4
1	1
1	2
0	3
0	1
0	2
0	1
0	0
0	1
63	85
0	48
2	67
0	72
0	67
0	73
0	22
0	19
0	9
0	5
0	10
0	3
0	7
0	7
0	0
0	678
0	653
0	733
0	654
0	614
0	720
1	720
1	147
0	455
0	509
3	439
0	36
0	29
0	230
0	0
0	120
0	35
6	10
31	37
13	0
10	12
0	405
0	472
0	549
470	169
0	167
1	24
3	6
0	121
0	30
3	30
187	332
0	332
0	332
12	8
0	1310
3	1290
0	1170
0	1147
0	436
0	211
7	435
3	190
1	359
0	224
0	187
2	80
0	71
0	1157
1	0
0	0
0	275
0	260
88	878
0	878
0	2
0	3
0	2
0	0
0	1
0	0
0	0
0	0
0	1
0	0
0	1
0	2
4	815
0	758
0	658
0	600
0	548
0	414
1	487
0	39
0	268
0	34
0	229
0	243
0	242
0	138
0	106
0	47
0	0
0	0
0	2
0	0
0	0
0	2
361	210
0	80
2	130
0	0
0	3
0	3
0	3
1	0
0	1
3	3
9	1706
0	0
0	0
0	0
0	0
0	0
0	0
1	98
0	420
0	27
0	376
0	38
0	410
0	43
0	35
0	25
0	26
0	301
0	6
3	136
0	53
0	26
0	13
0	24
1	43
0	72
0	38
0	411
857	0
0	5
0	4
0	0
0	5
0	1
14	1
18	57
1	31
0	49
0	46
0	20
0	22
0	26
47	45
0	22
0	55
0	55
0	17
9	90
0	2
0	5
1	15
68	109
1	19
0	97
2	21
4	54
3	0
0	0
2883	0
240	181
525	117
0	163
0	59
1	6
0	1274
0	118
0	1212
0	1020
2	64
1	1313
0	1264
0	12
0	43
0	1288
0	66
1	61
0	32
0	1281
0	1285
2	64
0	133
1	64
0	100
0	1303
0	151
0	1221
0	180
0	1292
0	142
18	157
4	229
2	163
0	112
2	58
0	1298
0	61
0	456
201	159
21	159
0	43
0	78
0	0
0	0
0	0
0	0
0	330
0	76
59	454
0	230
3	9
1	225
0	262
0	226
2	118
0	396
0	350
0	134
2	216
0	395
0	71
2	55
0	0
0	0
0	40
620	40
201	508
0	508
0	427
0	159
0	162
0	237
21	159
2	776
0	803
3	24
0	101
0	71
2	0
0	1
0	1
1	1266
35	733
0	1209
1	1165
9	1340
0	1125
0	1113
0	120
0	252
5	148
0	105
0	108
0	102
1	99
0	118
0	110
0	43
0	124
0	123
0	0
0	69
0	93
0	92
0	140
0	140
0	84
0	84
0	84
1	78
0	75
0	47
0	66
0	39
0	36
6	1261
0	1338
0	3549
0	3669
0	3212
2	3399
0	3386
0	3457
0	3386
0	3471
0	3559
0	2308
0	1900
0	1605
0	1361
0	1519
0	602
5	330
5	373
0	250
0	212
2	965
1904	1165
8	958
36	169
0	285
0	1166
4	0
0	1152
0	298
9	68
3	48
3	64
8	2047
0	123
0	109
5	43
1	119
14	1251
0	2037
0	119
0	374
0	1323
0	0
0	99
0	83
0	78
0	1292
0	0
0	122
0	11
0	98
0	143
0	33
0	1290
0	25
0	89
0	132
0	108
0	142
0	59
8	27
0	13
0	27
0	3
6	1
0	2
0	2
0	47
0	413
682	635
1	615
0	519
0	449
0	278
0	56
0	45
0	55
3	1704
0	1594
0	1709
0	1590
0	1365
9	1245
10	585
1	157
9	249
0	481
0	485
1	438
0	488
0	375
0	330
0	407
0	402
0	281
0	280
0	301
0	208
0	298
0	226
0	285
0	219
0	201
1	156
0	206
0	211
0	207
0	181
0	150
0	86
0	74
0	136
0	131
0	112
0	103
0	106
0	112
0	64
0	36
0	14
0	9
0	11
0	211
25	211
78	1295
1	867
0	153
0	1042
0	324
0	1058
0	268
0	192
0	83
2	41
2	140
0	241
1	380
4	77
0	95
15	165
1	136
1	73
0	52
7	130
2	0
1	87
0	56
2	44
0	33
0	239
4	1333
0	1402
9	404
1	428
0	426
109	340
1	385
14	184
10	290
0	161
0	43
1	55
0	375
0	37
0	40
0	37
11	310
28	263
0	58
0	46
7	37
3	37
27	546
0	72
0	546
22	125
4	393
0	0
0	0
0	0
0	0
0	0
0	0
0	0
0	0
0	0
0	0
2627	1331
0	66
0	172
0	1269
2	481
0	404
150	15
1	14
0	13
1	0
0	0
0	2
0	2
0	2
67	12333
0	12320
3	9299
0	6929
0	12367
4	12318
0	11066
0	12172
330	5229
0	4337
0	5297
0	3158
1	130
4	131
0	132
1	118
0	124
0	124
0	111
0	20
3	8
0	6
0	3
3	0
0	1
0	1
152	244
0	81
14	122
2	107
1	62
3	37
0	39
3	32
1	33
584	325
2	203
4	166
0	178
0	0
0	296
480	296
0	277
5	54
1	103
0	1827
1	141
0	0
1	0
0	0
0	0
0	0
4	116
0	2217
34	2447
11	0
0	497
0	481
0	437
245	1368
0	340
0	467
0	0
0	2728
1	219
46	2753
1	793
0	122
0	0
11	188
0	164
0	34
0	8
939	0
0	6
0	12
0	12
1	11
0	0
1	0
0	0
82	43
0	43
5	1
0	1
0	0
0	15
0	1004
0	76
36	1040
0	225
0	6
0	139
0	134
0	1040
1	1025
9	755
0	680
1	298
0	145
0	127
10	38
244	333
0	48
3	18
0	278
3	12
0	39
0	267
0	2610
0	3136
0	3223
1	4215
0	4245
13	34
0	3271
1	274
1	2550
0	697
3	853
0	1208
0	2182
0	131
1	559
1	741
3	445
0	353
1	262
0	353
74	258
10	639
1	469
0	7
4	3
0	7
0	0
0	0
0	0
0	0
0	0
0	0
0	9
0	9
0	0
200	171
0	171
0	166
11	230
430	3457
6	2439
0	207
0	154
0	2334
3	2428
0	187
1	3216
0	3445
0	3100
0	327
0	1974
0	413
1	147
117	352
3	65
5	0
5	352
3	45
0	60
1	81
0	0
0	0
0	0
0	0
0	0
0	0
0	0
0	0
0	0
0	0
0	0
0	0
13	1634
0	15233
0	11442
29	11550
1	4478
13	14031
6	14034
0	5015
0	14025
0	742
0	743
6	668
4	679
1	413
0	412
1	332
0	333
0	183
0	235
0	162
0	140
0	96
0	79
1	70
1	21
281	918
4	148
0	735
1	192
6	645
0	49
3	719
0	386
0	336
0	344
0	28
0	347
0	339
0	44
0	31
0	38
0	36
0	55
0	52
0	66
0	47
0	69
0	72
0	90
0	53
0	54
0	289
0	8
5	30
0	61
0	1083
9	1077
11	194
0	922
0	513
3	43
19	311
1	32
0	22
0	0
15	2
1	0
3	2
0	1565
4	731
0	742
0	2
0	49
0	125
1	6
2	99
3	136
1	239
0	688
0	724
0	466
0	613
1	499
2	71
0	62
0	62
0	63
0	62
0	63
0	63
0	62
0	63
0	62
0	53
1	47
1	49
0	0
0	0
0	53
627	202
2	163
0	203
509	462
0	64
2	452
1	11
17	76
1	289
0	39
0	101
0	60
1	69
2	29
0	23
8	718
0	690
1	256
0	21
1	23
0	30
0	24
0	68
0	2
0	16
0	37
0	198
0	203
14	153
0	206
0	97
0	142
0	73
0	80
0	82
1	48
0	54
0	84
0	79
1	84
0	22
0	46
1	17
1	47
5	9
0	32
1	15
0	19
0	5
0	4
0	2
0	19
0	6
0	19
0	19
0	1
0	1
0	1
0	7
2	5
0	5
7	14
3	24
0	65
0	207
3	116
0	639
1	622
0	551
0	110
16	36
2	124
0	51
2	65
1	48
2	64
285	1153
0	1096
0	347
0	316
0	211
0	242
0	65
266	820
0	720
0	820
0	820
0	781
0	192
2	250
0	184
0	149
0	171
0	105
0	104
0	90
1	13
0	9
0	9
1	163
15	2132
4	1653
1	458
1	2132
10	656
0	646
3	193
0	88
0	541
10	44
0	44
4	28
0	14
1	37
0	52
0	44
0	30
0	78
0	98
10	68
0	76
1	63
0	921
50	0
1	0
0	1
0	1
0	1
0	0
0	1
0	0
0	0
0	0
0	0
0	1
0	5
0	5
0	5
0	5
0	1
0	192
416	1061
1	692
0	933
0	717
0	735
0	672
3	349
0	654
0	412
1	524
0	682
0	647
1	620
0	16
0	178
2	135
0	128
0	0
0	106
0	52
4	66
2	176
841	678
0	652
3	44
2	90
2	35
0	60
0	102
0	0
0	65
0	64
0	59
0	93
0	0
0	0
0	0
0	0
0	0
0	0
0	702
0	81
0	95
0	196
0	541
0	52
0	227
0	457
0	35
603	0
399	216
0	19
0	34
0	23
0	28
0	1
0	17
5	15
0	52
0	5
0	8
1	47
1	4
1	4
0	0
40	1096
9	1096
0	25
0	124
0	410
0	68
2	60
708	494
4	150
1	36
4	29
0	673
0	666
0	0
0	0
0	0
0	0
0	0
0	0
0	5
0	157
0	156
8	158
18	268
0	227
0	172
0	159
0	109
39	235
2	161
0	75
0	24
0	60
25	92
0	15
0	58
1	23
0	46
0	42
0	32
6	32
0	26
4	1
27	11
0	51
0	41
0	26
0	19
0	26
0	27
0	6
0	33
0	33
0	32
0	29
0	33
0	27
0	5
0	33
0	33
2	0
4	644
28	650
0	245
0	10
0	49
0	650
0	468
64	1786
0	1133
0	728
0	1789
0	184
24	352
0	159
0	210
0	101
1	285
0	75
0	0
0	48
0	88
15	62
0	69
510	90
3	24
0	67
0	42
0	24
2	18
0	4
0	14
0	0
0	61
0	0
0	17
0	8
0	61
0	5
0	0
0	0
0	0
0	0
0	334
0	363
0	348
1	353
0	336
0	350
7	52
0	53
0	32
3	40
0	25
1	87
1	131
0	93
5	84
1	100
0	95
0	51
0	0
0	0
0	0
0	0
39	1
352	314
1	291
1	49
1	50
105	254
10	254
0	39
2	21
1068	67
5	59
0	154
1	81
0	158
0	31
0	1
0	1
0	2
0	3
0	2
1	149
0	0
0	0
0	0
0	1
425	0
297	929
2	930
2	556
0	530
24	27
0	17
0	17
0	0
0	0
186	673
1	647
0	49
3	103
12	109
0	53
0	28
0	87
0	0
0	67
1	107
0	104
0	73
0	62
75	94
0	94
0	32
0	24
0	5
0	4
0	38
3	38
0	17
0	4
1	30
0	0
0	0
0	0
0	0
0	0
0	0
0	1
8	1
1484	0
0	0
184	238
0	233
0	90
0	164
4	105
0	5
32	181
0	153
0	152
0	33
0	11
1	9
0	11
3	54
7	6
0	160
0	1
0	0
0	1
0	1
0	0
0	0
0	0
0	0
0	0
0	0
7	0
6	0
0	0
0	0
0	0
0	0
0	0
790	62
0	2
0	6
0	54
801	2139
0	70
12	2069
5	840
1	125
1	121
0	80
0	1059
0	1099
1	213
59	29
1	21
0	21
0	873
0	874
0	904
0	358
0	124
0	325
0	167
0	139
0	111
3	4
0	99
1	60
0	19
0	639
0	631
0	274
0	217
0	190
0	291
0	234
0	34
0	53
0	65
0	95
0	64
0	68
0	28
0	75
0	87
0	53
0	92
0	170
0	146
0	66
0	3
0	0
3	7
0	631
1	641
0	644
0	644
1	616
0	622
0	43
0	185
0	147
34	66
2	102
0	45
0	161
4	114
0	40
0	150
80	784
0	785
0	1
1	42
0	23
0	63
1	43
0	1160
0	262
0	166
0	1088
0	193
0	137
0	203
0	134
0	1019
0	9
0	12
0	204
0	57
0	13
0	1020
9	172
2	121
4	111
0	106
1	211
1	181
0	0
0	0
0	0
0	0
0	0
0	0
0	0
0	0
0	0
0	0
0	0
0	0
0	0
0	0
0	0
0	0
0	0
0	0
0	0
0	0
0	0
0	0
0	0
0	0
0	983
0	1161
28	50
28	493
0	67
0	871
0	102
0	145
1	147
0	139
0	63
0	156
0	344
0	419
0	42
0	240
0	126
2	86
0	632
1	81
0	83
0	76
0	80
8	32
4	621
2484	620
0	590
228	12527
4	12342
1	4330
0	4729
0	12053
5	6119
0	9324
0	6006
2	4915
78	1343
0	1642
0	0
0	0
0	0
1	376
5	816
3	100
0	1082
0	1012
0	191
22	119
2	146
2	513
89	922
5	279
0	0
0	0
0	0
0	0
0	0
1	739
0	767
1	234
0	45
0	308
0	73
0	17
1	108
0	738
3	7
0	7
27	7
1	15
3	7
0	15
0	100
1	97
0	41
12	150
0	133
23	144
0	10
144	456
0	53
0	282
0	31
0	37
0	86
0	454
0	61
1	163
0	9
487	235
0	232
0	114
0	100
5	28
0	3
2	6
0	5
36	183
0	180
0	19
0	26
2	38
0	47
0	31
0	23
0	0
0	1
0	0
0	1
0	1
0	2
0	1
0	0
0	1
0	1
0	0
0	0
0	0
9	326
62	530
0	68
1	109
4	204
0	45
0	129
0	125
9	1212
1	1158
162	71
0	46
33	718
0	86
0	14
4	791
0	40
0	200
1	92
2	59
0	8
0	34
4	64
5	93
1	860
0	860
0	7
0	7
0	161
0	147
0	180
0	1
0	270
0	283
0	296
0	328
0	319
0	329
0	345
0	316
0	348
0	347
0	348
2	363
7	367
0	347
0	347
0	333
0	348
2	206
0	197
1	72
0	112
0	113
0	112
0	113
0	64
1	9
54	588
0	214
15	75
0	276
4	108
0	5
1236	0
0	67
6	0
0	67
84	210
1	165
0	31
0	197
1	62
33	63
0	194
0	33
0	21
0	38
0	140
0	17
0	41
4	11
0	24
3	12
2	1
0	1
0	1
0	0
0	0
0	0
0	0
0	0
0	0
127	9720
0	9230
2	7991
0	1729
4	993
21	228
0	2151
26	3456
1	3142
1	8667
0	8150
0	1431
24	1045
39	2662
0	24
0	32
13	204
0	124
0	146
6	106
0	106
1	156
4	365
0	405
2	361
10	295
2	135
0	119
0	11
0	101
0	108
0	128
0	120
0	167
0	130
0	146
0	175
2	67
0	20
0	108
4	215
4	129
0	51
0	105
0	100
0	106
0	102
25	36
1	14
0	89
0	157
0	99
0	94
10	127
0	3
0	106
0	44
12	35
2	3
343	421
0	59
0	70
2	0
0	67
0	245
3	16
19	2181
44	2179
0	2208
5	2203
1	102
10	323
309	2158
2	1035
0	1
0	1
12	142
0	137
0	142
1	142
0	84
0	12
0	4
0	3
0	0
0	0
0	0
2	11
2	11
0	4
0	0
15	214
0	764
0	774
3	367
2	365
10	238
8	12
0	105
0	81
0	43
1	63
0	28
0	8
4	133
0	83
10	35
0	17
0	31
0	5
0	8
0	7
0	3
0	11
0	3
0	11
0	3
1	4
0	3
0	1
0	1
0	99
2	833
0	85
9	161
0	87
0	79
0	73
0	61
0	146
0	817
0	205
0	86
3	106
9	74
0	136
14	566
0	171
5	212
0	33
1	141
0	63
1	75
0	1
1	0
23	235
0	246
11	229
0	233
1	10
0	8
0	25
0	220
0	9
24	2
0	9
0	5
2	6
0	2
0	2
0	0
16	511
0	7
38	512
0	29
0	45
0	110
0	131
0	0
1	2
0	0
0	15
0	16
0	18
0	15
0	0
0	0
0	0
5	15
0	1
0	10
0	5
3	31
0	0
0	1
1	2
0	5
0	2
0	4
0	2
0	0
2	2
0	0
0	2
0	0
10	1127
0	1127
0	34
0	429
0	142
0	426
0	127
0	14
0	81
0	140
18	36
1	430
0	43
0	10
1	12
0	7
11	26
0	10
5	8
0	5
0	6
2	6
0	0
0	43
2	599
0	103
3	22
0	28
0	293
0	603
3	291
0	289
0	290
0	289
0	1
0	288
0	2
95	0
48	0
0	0
0	0
28	176
2	337
2	155
3	117
1	85
4	137
338	49
0	49
0	0
0	0
0	0
7	2
0	0
0	272
5	47
0	261
1	188
0	204
0	217
0	237
0	231
1	212
0	235
0	92
6	195
0	49
0	27
0	110
0	104
1	77
0	31
3	263
18	12
0	8
1	4
1	436
6	374
0	426
0	287
22	114
4	57
8	139
4	48
1	35
1	19
0	58
70	95
1	8
1	42
0	0
4	0
3	630
0	737
0	147
3	643
0	711
0	637
2	16
0	222
2	303
0	136
0	137
1	176
0	65
0	65
0	35
0	35
0	48
0	0
1	4
0	0
0	0
717	362
0	209
1	315
7	196
1	35
0	0
2	11
6	11
0	21
0	29
0	24
0	35
0	32
0	289
0	282
0	307
0	304
0	32
0	37
0	34
30	252
0	42
0	47
0	114
0	163
0	96
0	35
24	21
0	282
0	258
0	1
0	0
52	476
2	136
0	456
0	199
0	122
0	108
0	12
10	326
50	6
235	284
7	362
2	166
0	254
0	329
33	333
2	235
0	43
22	748
11	756
0	65
0	0
0	5
0	6
0	3
0	1
0	2
0	1
0	1
0	1
0	5
0	4
0	4
0	0
0	0
2	0
0	5
44	351
0	305
0	312
2	322
11	16
0	283
0	30
1	33
0	43
0	39
0	22
0	18
0	2299
0	1675
3	2237
0	44
184	83
2	45
1	52
0	56
20	94
0	57
0	58
0	17
0	2
1	6515
26	6517
0	2130
0	1124
0	19
0	511
10	481
0	348
0	358
0	109
2	96
1	0
1	222
0	18
0	215
6	91
1	123
1	64
0	11121
1	11068
0	11193
4	10074
131	10093
0	11349
0	10032
20	6375
56	194
0	192
1	17
0	14
0	7
0	19
0	25
0	0
0	0
0	0
0	0
0	0
0	0
0	0
0	0
0	0
5	536
32	662
36	648
9	648
35	176
0	487
0	299
1	1461
0	429
0	523
0	936
0	377
0	1425
0	911
0	12
2	126
0	478
1	3
1	512
0	120
0	348
0	794
0	329
0	1399
0	420
0	133
0	511
0	19
0	39
0	419
0	906
0	851
0	4
0	419
0	1450
0	1463
0	1370
0	391
0	636
0	96
0	922
0	442
2	464
0	459
0	860
0	849
0	41
0	470
0	1416
0	858
1	267
0	526
0	102
0	124
0	416
0	142
0	299
0	1048
0	146
0	145
0	298
0	167
0	265
0	124
0	72
0	170
0	1046
0	60
0	163
0	232
0	0
21	0
300	29
0	29
3	0
605	1092
0	514
2	854
0	506
0	1065
1	34
0	34
0	34
0	17
105	660
0	50
0	649
1	53
0	57
2	83
445	449
0	10
1	442
0	416
1	144
0	100
10	61
21	150
0	101
0	0
0	26
1	14
289	230
0	57
0	51
0	5
0	166
1	54
0	923
1	589
0	935
0	645
0	741
0	943
0	326
0	143
0	250
234	4
0	4
0	712
0	732
0	710
0	719
0	47
0	41
2	15
465	163
0	157
0	156
0	159
1	53
0	24
1	97
0	60
2	11
0	20
0	14
3	76
0	3
0	20
0	2387
0	1970
3	2296
29	1186
0	651
3	1158
2	765
0	2841
247	4564
1174	1457
0	982
74	962
1	453
9	259
39	545
3	140
228	64
0	19
0	57
1	14
0	37
0	10
163	43
0	43
0	0
0	0
0	0
0	0
1	75
0	75
0	33
1	75
0	0
0	46
0	3
0	7
1	2
0	71
281	320
1	81
0	36
0	47
3	187
0	81
7	0
2	46
0	46
0	18
0	0
1	0
0	0
0	0
1149	377
13	164
1	121
1	0
15	81
27	114
0	7
2	427
0	560
0	471
0	613
0	552
0	509
0	6
0	1
0	6
0	2
0	1
0	1
0	1
0	2
1	0
0	1
0	0
0	1
0	1608
1	1135
121	348
0	143
0	162
2	68
2	51
0	164
0	168
0	90
13	323
4	61
2	27
44	4191
4	4191
0	0
0	5
0	259
0	89
0	3
0	239
0	94
0	239
0	253
0	126
0	118
1	0
0	0
0	376
5	360
0	97
0	199
0	93
2	1696
1	1235
46	1439
0	154
1	1737
8	449
4	1450
0	131
17	501
0	792
3	256
0	412
0	38
53	1043
0	4
0	4
0	4
0	4
0	3
28	0
330	298
2	298
0	459
0	336
15	170
43	2815
161	2659
117	134
4	2188
118	565
171	670
158	4
0	4
0	0
0	149
0	235
434	607
20	282
0	59
0	516
3	14
3	660
1	663
0	720
4	633
0	371
5	21
0	720
0	17
0	359
0	652
0	270
2	172
6	62
1	158
3	20
0	5
0	50
3	47
0	6
0	76
0	25
0	138
0	150
2	39
0	1
101	1237
46	1237
1	820
6	812
0	96
1256	352
2	212
2	87
1	142
1	69
0	117
432	424
0	215
0	236
1	2
1	700
1	2
0	305
10	696
0	85
1	182
0	697
2	330
93	207
0	54
0	112
2	318
0	348
0	61
2	0
1	313
0	40
0	101
1	64
0	111
0	343
143	438
1	49
0	4
0	38
1	4
0	43
0	81
0	33
0	58
0	74
0	74
925	1013
0	537
4	118
0	10
2	43
0	210
0	552
0	167
25	118
6	34
5	532
0	104
0	82
0	79
0	37
0	51
0	56
0	80
0	108
0	66
3	35
0	58
0	68
0	102
1	392
0	61
0	0
13	7
0	2
0	5
1	3
0	2
0	3
0	2
0	1
1	105
0	0
0	28
0	7
15	100
0	101
0	94
0	31
12	58
16	47
0	8
0	1753
98	1731
2	429
1	363
0	1722
0	0
0	0
0	0
0	14
8	469
0	469
0	0
0	0
0	0
0	80
0	57
0	85
0	48
6	922
0	111
0	936
0	941
0	83
10	62
6	901
0	916
90	893
0	928
0	404
41	1368
0	1477
0	405
2	742
1	460
90	1115
0	746
1	566
13	109
0	246
4	887
1	455
3	89
59	197
23	461
0	1120
0	252
0	579
0	123
0	398
4	124
2	0
0	560
0	549
0	543
0	27
0	554
0	330
0	114
0	67
0	462
226	330
3	134
2	65
2	165
11	187
0	7
0	11
0	4
0	4
0	0
0	1
0	1
0	1
0	0
18	163
0	24
2	40
3	41
6	87
0	16
11	8
1	8
0	10
35	331
8	63
29	103
32	248
0	612
0	294
0	5
0	585
0	597
0	721
0	397
0	333
0	724
1	225
0	303
0	155
1	52
0	82
0	57
0	54
0	46
0	52
0	44
0	23
5	43
0	104
1	25
0	19
0	49
0	30
0	17
0	20
0	10
0	10
0	15
0	12
0	13
0	0
0	589
321	935
3	682
0	305
0	331
0	379
0	387
0	293
0	140
0	286
0	15068
2	20531
50	705
3	436
0	233
1	98
0	269
6	1084
2	910
2	4
4	1076
0	3
0	1
0	0
0	1
0	3
0	3
0	164
213	220
0	88
0	108
0	53
4	66
1	33
0	184
0	181
0	0
0	162
0	174
0	137
0	160
1	19
0	68
0	2
0	61
50	187
1	27
0	32
0	144
0	126
0	155
9	1268
5	4139
2	446
0	20
0	91
0	4964
1	337
0	4965
0	4914
8	324
0	3668
3	627
0	485
0	381
1	432
0	256
2	127
0	2125
0	2058
0	2066
0	2016
0	1866
0	2050
3	1984
17	1163
0	1626
13	538
1	76
0	1333
0	1353
2	400
30	517
3	687
7	66
0	748
15	25
0	268
6	269
0	177
1	297
0	176
0	101
0	50
3	47
0	35
115	2112
0	2282
1	2176
13	2226
0	648
307	545
1	486
0	1160
63	714
0	1005
0	916
1	564
0	569
3	207
0	227
14	165
0	133
0	63
0	69
0	27
0	28
0	0
311	33
0	33
0	16
282	538
20	425
4	261
0	257
0	136
0	0
0	0
0	0
0	0
0	0
0	93
0	1323
0	89
1	70
0	185
1	2010
0	494
0	1005
0	126
0	63
2	485
0	1215
0	156
0	103
0	94
0	707
25	141
0	1895
0	241
0	585
118	857
0	832
0	58
0	29
0	0
2	0
0	332
2	5
0	1
0	4
1	5
0	1
0	3
0	2
124	780
0	780
16	77
3	104
0	22
1	11
0	2069
0	2053
4	495
15	259
24	2086
0	718
1	1191
0	290
0	1121
2	429
0	363
9	1
0	469
1	110
0	406
1	60
0	284
0	150
0	348
0	241
0	216
0	252
5	116
0	1254
0	217
0	264
0	270
0	115
0	87
3	8
0	264
0	0
0	0
0	0
0	0
0	0
0	0
1	419
0	410
0	110
2	46
0	46
0	28
1	418
0	1
0	1
0	1
0	1
4	0
0	1
0	1
0	0
3	148
0	41
0	52
0	103
0	102
0	111
0	10
0	282
0	292
30	345
0	198
0	143
0	199
2	72
1	36
0	345
0	425
1	402
0	179
0	61
1	49
0	61
12	184
7	33
0	48
1	2
0	77
0	78
0	65
0	62
0	57
0	50
0	52
3	50
0	41
0	19
41	0
594	0
0	112
0	29
0	114
0	7
56	119
0	121
0	114
0	19
1	10
0	0
0	0
0	0
0	0
0	0
65	352
0	346
13	0
0	318
1	260
1	163
0	128
1	109
2	107
0	200
0	25
15	200
0	43
0	138
0	151
0	51
0	19
47	0
5	121
0	121
0	991
0	964
12	120
0	51
0	973
1	668
0	673
1	672
0	680
1	623
205	625
8	680
0	239
0	463
35	414
0	441
0	81
105	2209
306	808
12	1183
1	803
6	261
0	102
0	305
5	55
27	1402
5	121
6	991
0	1
0	1
0	0
0	104
0	9
0	67
0	37
2	87
0	98
41	557
1	440
0	282
0	283
1	80
0	48
0	13
1	23
0	91
0	73
1	42
0	69
0	81
0	34
1	0
366	0
0	300
0	58
8	300
1	301
0	301
0	300
0	15
0	15
0	15
224	77
0	30
1	47
7481	0
13	0
61	332
0	279
4	314
0	148
0	43
0	7
1	61
0	53
1	61
0	32
0	26
3	15
2	1
0	1
1061	87
0	87
2	0
0	0
0	0
0	0
0	0
0	1
0	1
1	1
0	1
0	447
0	32
0	427
16	91
0	67
0	10
0	228
0	31
0	136
0	208
0	20
3	198
0	26
0	103
0	176
0	119
1	122
2	96
0	10
0	169
0	113
2	2
0	20
0	20
0	10
1	13
0	31
0	24
0	14
23	112
0	170
114	64
1	13
0	34
3	21
0	0
0	2
0	13
2	9
0	4
0	7
0	3
0	13
0	13
0	0
0	0
0	0
0	0
0	0
0	311
0	76
0	424
0	294
4	449
0	520
26	639
4	400
10	412
0	397
0	549
0	0
0	0
12	0
0	2
0	2
1	2
0	0
25	102
0	188
0	240
0	299
0	441
0	343
0	310
0	371
1	196
0	356
0	401
0	337
0	376
0	204
0	154
0	324
1	69
0	72
0	78
0	81
0	201
0	272
0	231
0	244
0	262
0	262
1	20
0	77
23	29
0	240
0	332
0	230
0	237
0	235
0	188
0	244
0	261
2	248
0	173
0	98
1	23
0	248
0	225
0	83
0	180
0	114
0	156
0	130
0	125
184	128
0	121
0	89
2	99
0	154
0	238
0	189
0	176
0	183
0	250
0	163
0	180
0	154
0	134
0	119
0	69
0	58
12	38
10	21
0	13
0	16
0	5
0	4
0	2
0	1
21	0
0	8
172	398
0	36
0	103
0	104
0	49
0	45
0	51
0	95
0	50
0	29
0	81
0	440
0	326
0	375
0	37
0	279
1	287
0	25
0	121
1	128
2	106
0	69
0	70
1	46
0	43
0	90
0	70
0	70
0	87
0	92
0	97
0	73
0	108
0	92
0	95
0	99
0	87
0	106
0	73
0	105
0	95
0	105
0	60
0	101
0	66
0	94
1	69
0	69
0	56
0	55
0	55
0	11
1	202
0	201
0	15
0	13
0	18
0	12
2	76
2	101
0	0
0	0
0	0
0	0
939	505
1	192
8	501
0	86
8	154
0	138
0	0
1	0
0	0
0	5
0	150
0	267
0	227
0	73
1	65
0	38
0	57
0	111
0	41
1	28
0	62
0	81
0	72
8	82
0	78
0	0
0	262
12	150
0	3
0	2
0	0
0	3
0	3
0	1
0	1
0	1
0	1
0	1
0	1
0	1
0	1
0	0
2	223
1	48
0	69
0	65
5	167
0	755
5	739
0	0
0	0
0	0
0	0
0	0
0	0
0	0
4	18
10	105
0	104
0	23
0	5
0	23
0	0
0	1
690	1232
2	1200
0	23
0	17
762	452
0	270
1	43
13	31
0	270
6	40
2	145
1	133
1	79
0	44
0	25
0	440
0	171
43	416
0	89
1	15
1	44
0	105
0	447
2	89
16	99
0	102
0	78
1	50
1	55
0	0
0	0
0	0
0	0
0	0
0	0
0	0
0	0
0	0
0	0
1010	0
0	98
0	98
0	5
0	15
0	6
0	98
0	97
0	3
0	3
0	1
0	1
0	0
0	1
29	774
7	665
1	613
0	237
6	179
0	1376
0	1157
10	1111
56	165
0	244
0	22
6	95
0	229
35	89
0	1138
7	14
5	12
0	2
75	187
0	187
0	56
1	319
9	301
8	179
0	236
1	90
0	199
0	38
0	139
0	0
0	203
0	1
0	0
0	1
3	1
0	0
4	4
0	0
0	4
53	648
2	648
0	68
1	1413
3	1279
0	3164
578	6771
188	3492
3	3206
131	5478
88	3986
6	0
11	0
0	88
5	142
42	53
64	26
81	3013
52	2833
0	2939
3	2680
0	2438
2	1794
0	15
49	494
1	106
0	18
0	146
0	18
0	14
0	474
0	56
0	52
0	15
0	3
0	9
1	2
0	367
0	347
0	141
0	155
3	131
0	119
20	97
0	98
2	79
0	89
0	61
0	81
0	8
0	21
0	7
0	7
0	2
0	0
1	0
0	0
0	0
0	0
0	0
0	0
0	0
0	0
0	0
0	367
0	8
0	5
0	34
1	8
0	0
0	2
0	91
10	1000
1	446
0	103
0	96
24	500
0	1000
6	456
1	478
1	166
0	474
0	176
106	509
0	65
0	90
5	32
0	122
0	115
5	468
3	477
0	97
4	415
0	13
2	152
0	0
0	0
0	0
0	0
0	15
1	14
1	13
0	5
0	17
0	16
0	4
0	1
0	4
0	8
0	1
0	6
0	12
1	17
0	21
2	29
2	54
13	27
45	75
0	14
1	19
0	9
1	53
0	5
0	6
1	5
0	0
0	0
0	0
0	0
1	845
3	839
16	16
0	25
0	15
0	50
0	23
6	7
20	82
22	57
0	831
0	375
0	353
0	371
0	386
0	143
0	7
2	42
0	29
0	34
0	36
0	27
0	32
0	20
0	28
0	3
0	0
0	0
0	0
0	0
0	0
0	0
0	0
0	0
0	0
0	0
0	0
3	7
0	8
0	2
0	3
2	3
0	4
0	2
0	2
0	2
0	0
0	0
0	320
0	204
0	181
1	325
0	359
4	307
0	351
0	159
0	87
0	35
0	31
0	52
0	124
0	47
0	45
0	103
0	94
0	45
1	25
1	23
0	28
0	24
0	18
0	16
0	9
1	12
1	8
0	352
12	66
2	78
1	73
0	75
1	124
3	228
6	240
1	242
0	18
0	2
1	476
0	470
13	491
0	72
0	202
3	176
0	40
0	19
0	52
0	0
0	0
0	0
0	0
0	0
0	0
0	0
0	0
0	0
0	0
0	168
1	168
0	183
0	133
0	177
11	112
0	43
0	19
5	20
4	895
3	893
0	895
0	893
679	0
0	0
0	4
0	9
0	10
0	6
0	7
0	1
1	2
2	403
0	3218
0	5889
3	2704
2	7321
8	7606
73	12914
80	7284
160	3201
0	12072
0	237
3	254
0	254
0	731
0	172
1	138
2	78
0	50
0	660
0	726
0	633
0	614
0	726
0	674
0	674
0	751
0	708
3	111
2	31
11	67
0	45
0	31
0	8
0	48
1	37
0	57
0	17
4	424
3	520
4	277
0	19
0	73
2	69
1	221
0	50
1	14
2	89
0	21
0	192
0	2
0	2
0	0
18	21
0	21
55	295
0	286
2	35
2	13
0	9
2	13
0	12
1	11
0	11
0	4
0	3
1	2
0	4
0	0
0	2
1	4
0	2
0	0
1	276
1	412
0	334
0	412
12	367
0	264
0	359
0	270
0	134
1	106
3	146
0	141
20	49
0	133
0	106
0	90
0	68
0	74
0	89
0	77
10	14
11	14
19	0
1	0
1	502
22	229
0	78
3	27
0	22
0	77
1	84
0	25
0	29
0	28
0	11
2	275
0	3
0	707
4	698
0	307
7	412
0	686
0	620
0	394
3	40
0	121
0	106
0	109
0	96
0	66
5	64
55	30
0	13
0	12
1	12
0	2
217	1206
14	469
6	897
21	587
6	244
4	336
11	146
324	0
0	71
0	0
0	0
0	0
0	0
0	0
0	0
0	0
0	0
412	63
0	23
0	56
0	51
0	45
19	226
3	189
0	226
3	226
377	379
6	45
123	45
0	30
605	0
0	599
0	287
0	10
0	49
0	46
0	24
0	10
1	20
0	9
0	600
111	25
34	0
0	25
0	22
0	0
0	39
0	41
0	38
0	31
0	613
0	31
0	42
4	613
1	65
0	61
1	83
3	181
0	292
0	34
3	81
6	52
3	39
0	52
8	12
0	861
0	365
2	130
3	276
2	64
1	690
0	28
0	163
0	0
0	0
51	2746
24	2746
0	475
0	327
0	283
3	173
0	252
3	270
1	265
0	118
0	206
5	128
1	546
1	296
8	239
0	172
0	353
0	2
0	2
0	2
0	0
0	2
0	1
0	5
0	9
0	4
0	1
0	2
0	3
0	1
0	0
0	38
67	263
0	68
3	240
0	4
4	0
2	4
0	15
1	63
0	0
0	0
0	0
0	0
0	0
0	0
0	0
0	0
0	32
0	154
0	5
0	24
0	22
0	153
0	4
0	4
0	4
0	4
0	22
0	4
0	4
0	22
0	4
0	3
0	2
0	0
0	2
0	1
0	0
9	93
2	0
3	0
0	9
2	93
0	14
0	1
0	0
0	6
0	10
0	8
0	0
2	6
0	5
0	13
67	1131
168	714
0	154
0	1131
0	18
0	155
0	184
7	156
3	275
0	1011
0	155
0	292
4	93
0	461
0	69
0	667
3	307
8	0
1	126
5	208
2	27
0	257
92	417
12	34
459	1740
0	186
0	156
5	53
0	128
2	94
0	142
1	285
1	324
1	1169
0	2
0	2
8	699
0	67
0	528
9	1
0	698
1	28
1	1694
11	1708
1	55
0	18
291	22
0	20
0	1
0	1
0	0
0	0
0	0
0	0
0	0
0	13
0	13
0	150
0	489
0	489
3	158
0	106
0	23
0	18
3	35
0	44
3	468
0	0
0	1
0	1
0	1
0	0
0	0
0	0
0	0
0	0
0	0
0	1
0	0
0	0
0	0
0	0
274	38
1	2
0	0
0	0
0	0
0	0
0	0
0	0
0	0
7	527
10	531
1	219
0	419
33	527
0	78
172	125
0	119
0	77
0	60
0	308
0	313
0	18
0	8
0	14
0	8
0	13
0	7
0	8
1	155
0	153
0	117
0	96
0	115
2	41
0	25
0	16
0	11
0	5
0	151
0	6
0	0
0	0
0	0
0	0
2	6
0	84
0	32
0	4
2	77
0	84
2	83
0	7
1	7
2	5
0	2
0	7
3	11
0	5
0	83
0	11
0	4
0	10
4	11
0	0
0	18
7	60
1	23
0	41
0	48
0	5
0	25
0	9
2	7
8	4647
0	4888
0	4727
241	5213
0	4330
0	4828
1	4748
0	4899
14	4157
0	1132
0	1131
0	3947
0	4156
0	4004
18	3533
0	972
91	833
1	549
20	934
1	1996
2	321
5	881
37	67
3	40
1	715
25	1350
0	1263
0	1595
0	1490
0	1189
0	725
1	646
0	477
0	559
0	484
0	442
0	655
0	237
0	462
1	54
0	518
1	18
9	55
0	472
16	595
1	634
0	68
0	4954
0	160
0	5010
0	4820
0	4427
0	4603
0	4717
0	4960
0	4612
0	4934
0	5874
0	5579
0	4761
0	4909
0	5375
1	5292
10	4616
0	4710
0	4310
0	4875
0	4626
0	4782
0	4611
0	4825
0	4878
0	518
0	4080
0	4898
0	4936
0	4507
0	4481
0	4926
15	3813
0	4944
0	4676
0	4833
0	4443
0	4305
0	4904
0	4829
1	4708
0	5003
0	4441
0	4626
3	4875
0	4446
2	4873
0	1784
0	1144
0	861
0	899
0	205
0	705
0	419
0	589
5	941
0	1891
0	1777
5	333
0	748
4	489
0	0
0	0
0	0
26	95
0	95
0	19
0	2
1	29
19	1997
3	339
9	421
44	131
2	476
0	317
0	247
2	1710
0	1
0	1
0	9
0	7
0	7
0	9
0	1
0	1
0	0
0	0
0	1
0	1
769	217
0	60
0	75
0	182
0	55
495	199
0	146
0	43
1	149
0	41
0	138
1	119
1	25
0	15
0	0
0	0
0	0
0	0
0	0
0	0
0	0
0	652
0	588
16	580
18	612
0	657
0	559
0	440
3	156
6	162
0	107
0	54
0	32
0	30
0	27
0	26
0	26
0	26
0	26
0	26
0	26
0	25
1	9
0	21
0	19
0	14
250	492
0	440
1	31
1	79
0	32
0	49
1	39
0	96
4	82
0	614
0	561
0	534
0	507
0	390
0	137
0	230
0	95
0	0
1	132
0	63
32	94
0	40
1	26
0	44
2	75
0	23
1	40
0	22
0	0
9	586
1	5
0	0
1	2
0	0
1	2
1	844
0	860
6	745
24	695
0	232
24	90
0	17
5	47
1	55
0	37
0	4
0	17
2	168
0	15
0	25
0	169
0	0
0	0
203	93
3	93
0	598
0	96
0	48
0	56
0	43
0	64
0	584
0	35
5	184
0	73
12	360
0	43
0	46
0	4
104	121
0	85
0	71
0	35
0	70
125	286
0	63
0	279
0	46
0	2
0	47
0	54
2	55
4	278
0	23
1	70
1	69
12	243
1	75
0	94
0	197
0	80
1	63
0	124
0	5
2	0
0	33
0	66
0	69
2	6
1	23
0	16
1	69
1	19
6	64
0	354
0	629
0	642
0	824
0	664
0	891
0	702
0	726
0	715
1	702
0	691
0	866
5	349
0	318
0	517
10	727
0	869
0	889
0	685
0	658
0	76
1	829
5	218
0	350
3	821
0	692
0	709
0	774
3	163
0	681
1	671
0	829
1	253
2	678
0	668
0	636
0	0
0	21
0	451
0	504
9	371
14	518
0	525
0	94
0	288
0	490
16	254
0	20
16	45
0	251
0	61
0	3
0	184
0	38
0	0
0	0
0	44
0	53
0	57
0	67
0	13
4	57
32	47
0	20
0	25
0	23
10	8
0	0
0	0
0	0
0	0
0	3047
6	2890
0	2575
67	3016
0	2870
2	2570
1	2735
13	756
43	454
2	925
25	690
2	710
8	467
0	151
0	129
0	129
0	3044
0	736
24	786
0	731
0	190
0	165
0	122
0	62
1	710
0	179
10	529
1	16
0	220
1	75
0	197
0	364
0	319
4	5214
13	5242
49	7510
0	7587
45	283
0	2280
2	2153
5	1990
5	331
2	403
41	382
3	225
1	146
0	1410
0	286
1	206
9	244
2	170
0	1
0	3
0	0
0	1
0	2
0	0
0	2
0	2
0	0
0	8
0	320
1	41
5	26
2	45
1	6
0	49
1	218
0	11
0	320
457	593
0	2
0	51
0	420
1	193
18	277
2	70
10	230
5	224
2	202
2	125
7	83
0	7
0	0
0	12
0	12
0	4
0	21
0	25
2	11
0	0
0	0
0	1681
4	1605
1	25
0	105
2	1562
0	1582
0	1109
0	202
0	204
14	204
0	797
15	1156
0	110
0	124
0	92
2	60
0	194
1	5
3	1475
0	1
1	677
0	689
24	471
5	1
0	679
0	83
0	90
0	92
0	13
0	80
0	87
0	76
0	71
0	70
1	66
0	0
3	27
0	7
0	18
0	10
0	4
0	8
0	10
0	10
0	5
0	13
0	1
0	0
0	0
0	1
0	11
0	0
2	0
0	0
0	0
0	8
0	9
0	8
0	8
0	0
0	322
0	1189
0	450
2	392
0	178
10	358
0	124
0	1189
1	1145
0	1506
2	407
3	1274
0	331
0	1379
2	1581
7	3
0	220
0	715
4	1460
0	311
0	117
0	32
22	117
2	118
7	88
0	1572
0	1389
0	331
0	678
0	607
9	2
0	2
0	2
0	296
58	389
0	213
42	389
0	169
0	158
10	274
5	48
108	70
0	70
24	49
11	8
52	47
0	16
0	16
0	1
0	0
0	2
0	1
0	1
60	714
1	373
0	654
10	282
2	272
2	224
196	60
2	58
0	28
0	26
0	2
1	2
0	57
0	9
0	4
29	57
0	26
576	272
1	0
0	24
0	5
7	265
0	56
0	2
0	9
22	68
0	106
0	16
0	392
0	2
0	43
4	109
45	390
0	53
0	380
2	240
0	244
0	216
0	181
0	194
0	102
4	30
0	22
2	17
0	22
0	36
0	17
0	40
0	31
0	124
0	140
0	24
997	787
0	532
4	533
0	315
0	359
0	299
1	158
3	17
17	0
0	12
0	11
2	474
1	355
0	488
0	406
15	424
0	24
0	477
0	216
37	329
1	161
0	3347
0	4127
8	4180
0	4043
3	2207
0	1574
15	2543
0	2358
0	4178
0	3686
42	721
3	1854
5	1877
0	174
0	47
0	91
0	86
0	172
1	176
11	70
0	30
0	50
0	1903
246	425
0	427
0	399
10	15
0	62
2	82
0	729
0	66
1	22
11	46
0	721
18	350
0	350
0	0
0	0
1	635
53	5
0	32
2	19
0	28
1	97
0	40
0	641
0	445
0	22
1	440
1	0
0	25
0	12
0	12
0	1
0	0
0	25
0	25
0	4
21	1492
0	1508
0	1382
0	1346
251	949
453	1022
172	1022
5	340
7	447
0	2277
2214	3147
3	1730
1	1899
0	2956
0	90
0	2730
0	2745
0	2299
0	1096
23	44
4	178
0	1356
0	330
1	132
1	343
0	180
0	128
10	25
0	1268
0	1209
0	6
9	6
0	3
0	0
0	3
0	0
0	0
0	3
39	487
0	484
0	103
0	217
0	497
0	518
1	453
1	26
0	25
0	30
0	114
0	14
0	21
0	29
0	31
0	16
0	495
0	263
0	217
10	148
1	148
0	120
0	775
4	789
0	948
0	1002
0	1021
20	978
0	596
0	638
0	118
0	99
0	82
2	19
1	74
0	63
0	69
0	57
1	790
0	0
1	876
0	966
15	328
1	132
0	78
2	446
0	314
0	1
0	223
3	209
17	170
0	52
5	13
0	0
0	0
0	0
0	0
0	0
0	0
0	0
0	0
0	0
0	0
0	0
0	0
0	0
0	0
0	0
0	0
0	0
0	0
0	0
131	238
0	179
0	38
0	107
9	59
1	58
0	67
0	48
122	212
9	32
0	187
0	94
0	113
2	97
1	91
0	51
0	41
0	30
7	0
18	26
0	89
0	89
0	65
83	268
0	268
0	156
0	159
11	167
0	70
0	167
0	158
1	172
0	173
0	156
0	158
0	1
0	1
0	8
0	6
0	7
0	5
80	496
0	567
0	563
7	427
0	168
3	182
0	0
0	159
0	5
0	506
579	31
2	31
0	947
0	0
0	0
0	0
0	0
0	618
0	594
0	510
0	510
0	346
0	71
8	221
0	75
0	200
0	32
1	92
0	26
0	50
0	38
0	228
2	52
0	2870
5	2895
2	2832
0	2585
0	2835
3	511
0	1268
0	136
0	199
0	108
7	105
0	351
1	902
4	854
7	694
19	414
0	103
1	189
25	91
0	15
0	2827
0	2573
1	5
9	28
4	26
0	7
4	20
0	228
0	1553
0	1500
3	1445
0	254
0	1573
0	43
0	68
2	34
0	98
0	464
0	0
4	70
6	16
20	193
0	43
0	107
0	11
0	5
0	13
0	193
0	0
0	0
0	0
0	445
8	186
0	24
0	78
0	454
17	144
29	131
6	152
1	45
0	41
0	34
0	21
2	16
0	16
0	15
0	645
29	681
0	123
0	102
0	45
3	114
1	1
0	0
0	0
0	0
370	0
3	0
1152	22
4	22
381	254
3	51
0	99
4	104
56	2124
0	136
0	1973
0	272
0	193
1	316
0	131
2	296
41	178
0	0
0	0
0	0
2	897
0	976
3	222
2	34
0	944
0	469
0	85
0	1181
0	1132
4	58
0	109
0	91
12	56
1	381
0	1223
0	113
0	117
2	35
4	44
0	65
1	124
0	215
0	156
4	115
1	263
5	41
0	1169
1	1
0	322
0	227
0	325
0	325
0	1
2	0
1	0
0	4
0	18
2	235
1	9
0	232
0	221
0	216
0	219
0	220
0	128
0	214
0	49
0	23
0	91
1	19
0	26
0	51
2	9
7	55
0	322
0	227
0	332
319	0
0	41
3	41
0	17
0	13
1	9
0	9
0	120
0	149
0	0
0	0
0	0
749	2319
3	1135
3	387
2	158
19	202
4	194
0	341
2	375
0	81
0	22
0	1243
0	1285
1	559
1	712
12	120
0	438
0	345
1	271
0	103
0	26
3744	1246
0	509
1	508
0	321
1	413
0	831
2	1151
0	1553
0	1282
0	352
0	128
2	254
0	27
2	77
0	157
0	807
9	818
5	85
10	22
0	148
1	238
0	543
0	94
0	198
0	221
9	26
0	152
3	83
0	89
0	1528
68	0
0	0
0	0
0	0
0	0
0	0
0	0
0	85
14	3102
3	331
0	3130
0	237
18	412
0	213
1	188
4	245
0	356
6	107
0	104
1	51
478	0
728	2387
0	2386
0	717
2	516
0	462
0	451
1	8
0	22
8	244
1	244
1	165
0	222
0	30
0	13
1	11
289	72
0	49
0	67
1	0
0	0
0	0
0	0
638	169
0	177
0	157
0	41
1	58
0	0
0	0
1377	0
69	893
4	886
15	886
5	155
2	137
8	110
0	7
0	0
0	0
0	0
0	0
0	0
0	0
0	0
0	144
0	114
0	19
0	91
1	105
0	17
0	7
0	19
0	38
0	7
1	33
0	31
0	589
30	1311
0	1184
0	262
0	268
0	367
0	235
0	500
0	649
0	367
0	176
0	1017
0	960
0	987
0	344
0	31
0	287
0	588
29	466
5	259
2	348
0	662
78	643
0	2
0	10
0	0
0	0
0	0
0	0
0	0
0	3
0	7
0	9
0	7
0	1
0	2
0	0
0	11
0	8
0	1
0	0
0	1
0	1
2	8
0	1
1	0
0	1
0	10
0	5
2	5
0	5
0	0
0	214
0	263
0	13
117	364
2	30
0	19
0	7
2	1
0	27
0	351
0	1050
29	11981
57	4295
239	3935
38	10930
22	10790
0	2019
0	2670
37	4204
772	3204
2	1576
6	139
0	0
0	0
0	0
0	0
0	0
0	0
0	0
1	50
0	51
0	22
1	24
1	19
0	0
0	3
0	157
94	197
0	162
0	123
10	404
0	54
0	111
0	405
0	3
0	5
0	5
0	5
0	5
1	3
1	2
0	0
0	0
0	0
2	1956
2	30
0	660
0	678
2	162
1	392
0	82
3	1587
0	114
20	132
0	860
0	1915
0	0
6	737
1	880
0	402
0	209
0	28
6	627
3	130
0	39
1	64
0	581
0	10
2	51
0	148
5	649
0	160
3	128
0	649
1	18
0	10
0	5
1	15
0	3
0	235
0	244
0	236
1	243
0	243
0	254
0	236
1	146
11	48
0	121
1	0
0	126
0	9
0	7
0	27
0	38
0	37
0	34
0	25
0	14
0	4
0	4
34	0
9	280
16	233
38	75
2	118
5	98
78	110
1	74
3	3093
0	3083
0	3124
1	3028
0	846
40	2514
0	2982
0	754
2	22
0	713
0	1
0	1
0	0
0	0
0	0
0	5
0	6
2	6
0	3
7	9
0	9
0	0
0	1
0	1
0	0
0	0
1	56
145	1195
0	43
22	163
2	85
0	76
0	501
1	594
0	119
3	833
0	139
0	22
0	388
0	17
0	17
5	17
10	10
0	1
0	10
0	1
0	1
0	0
0	0
0	0
0	0
0	0
1	280
0	4793
1	4487
0	486
0	511
0	5352
0	411
0	5109
0	1702
0	892
1	5155
0	3145
0	4936
0	2290
0	1301
0	4508
8	120
18	6003
139	3551
0	2830
14	2618
58	2050
1	8
7	798
0	16
0	44
0	35
2	32
0	15
0	13
0	798
0	0
0	0
0	20
0	40
0	59
0	12
3	17
1	27
0	13
0	720
2	115
46	599
12	161
0	31
1	250
0	720
0	0
0	0
0	14
8	213
0	1
0	23
0	214
0	207
0	4
0	9
0	0
0	15
0	30
0	24
0	13
0	0
1	121
0	0
0	13
0	80
0	47
0	9
3	0
0	216
0	145
0	7592
0	5970
0	7677
1	7918
7	7663
0	5972
0	7583
7	6246
0	6729
35	6455
50	1346
0	6567
4	4460
30	1246
1	5128
0	4976
0	5254
19	2905
0	4643
8	1577
27	209
10	103
0	111
13	337
0	287
0	6
0	6
0	3
0	0
0	30
1	67
22	289
0	48
193	1424
0	812
0	1142
7	129
111	738
5	43
0	125
0	30
0	118
0	692
1	63
1	268
0	330
1	296
5	210
0	218
0	224
0	140
0	15
0	7
0	0
117	54
0	29
0	43
0	1
0	8
0	9
871	512
0	144
2	402
1	56
1	39
0	7
0	1463
5	400
59	383
0	308
0	484
10	1407
0	1411
9	1302
0	1199
62	1047
0	1211
0	1121
13	129
0	845
0	593
0	382
0	705
0	398
0	461
0	357
0	391
0	375
0	337
0	183
0	358
0	284
0	34
2	11
211	900
6	898
0	356
4	205
0	137
0	386
1	73
2	104
0	63
0	66
0	82
33	493
2	59
0	386
1	107
3	399
1	1
0	15
1	34
0	7
0	5
1	24
5	150
23	737
0	123
0	737
0	0
0	0
0	0
0	0
0	0
0	0
0	0
0	0
0	0
0	0
0	0
0	0
0	0
0	0
179	337
0	227
0	207
0	235
0	90
2	5
0	37
0	9
0	111
0	125
0	172
0	311
0	104
0	48
0	32
0	24
0	17
0	282
0	296
3	266
0	291
0	0
1	2
0	2
0	1
2603	738
4	77
0	203
3	535
0	485
0	19
0	18
13	620
0	5
0	36
0	624
0	20
4	2
0	599
3	38
0	212
4	36
0	67
5	2
0	30
0	21
0	93
0	59
1	24
0	53
0	258
0	245
0	17
0	75
0	80
0	66
0	1
0	53
0	8
0	53
0	8
11	13
0	7
0	7
0	8
4	96
63	621
0	0
1	222
0	206
0	369
0	358
0	249
0	238
0	254
0	209
0	164
0	359
1	417
0	211
0	174
4	387
74	130
1	55
0	69
0	239
0	67
1	232
1	6
1	9
0	25
0	19
0	20
0	19
0	0
0	2
0	15
1	11
7	6
0	1
0	24
941	830
17	481
0	500
1	564
0	54
1	421
4	380
3	384
2	110
1	44
1	218
1	225
0	184
0	175
0	139
0	74
0	33
0	27
0	0
52	282
1	248
0	123
0	101
0	53
0	63
0	57
0	25
0	345
2	128
0	345
3	337
2	383
0	410
0	62
0	46
0	313
0	9
0	9
0	8
0	7
0	6
0	0
0	9
0	4
0	0
1	4
0	3
0	9
16	21
2	3
0	21
0	0
2	1
2	57
376	683
1	540
0	541
0	216
1	87
1	1
0	201
0	1518
703	1675
0	184
0	1188
1	2611
2	2216
0	1266
924	3188
17	2640
0	2410
0	2162
2	513
0	2144
2	508
7	1210
5	1568
85	947
1	8
0	7
0	3
0	8
0	7
0	7
0	1
0	5
0	6
0	1
0	1
0	3
0	1
0	0
0	8
41	666
3	664
4	299
4	200
5	153
241	0
447	0
16	0
19	0
232	234
0	117
5	193
1	65
2	48
0	76
0	0
0	91
0	11
0	275
8	244
2	38
29	30
8	60
3	27
0	0
21	1202
1	1425
0	1425
1	122
1	21
0	168
15	125
0	81
2	190
0	45
198	248
1	188
0	61
5	91
0	0
0	88
0	97
3	146
0	4
0	4
0	5
0	48
0	88
0	0
0	0
0	0
16	54
2	34
13	779
61	862
0	149
0	86
0	59
1	132
7	26
0	32
3	30
4	28
0	172
2	155
0	0
0	49
0	47
10	992
0	943
2	211
0	984
0	36
0	40
0	223
0	55
9	0
0	0
0	0
0	0
0	0
0	0
0	0
0	0
0	0
1	311
0	191
0	340
0	460
131	621
0	493
0	483
2	302
0	280
0	321
5	100
0	329
0	394
0	309
0	260
0	263
16	30
1	115
16	35
9	50
0	150
0	79
1	80
1	18
0	503
0	454
0	489
0	1357
7	242
8	401
0	459
5	1260
0	1243
0	184
75	813
2	316
4	31
0	11
9	7
7	16
0	27
0	19
0	4
2	5
138	4
1	4
6	453
0	225
0	479
2	124
0	1
0	0
0	0
0	1
0	1
0	0
0	0
68	72
3	64
28	1916
5	1908
5	58
5	153
25	580
0	131
0	101
4	379
0	230
2	286
14	515
13	660
5	660
0	55
0	150
3	257
1	98
1	126
0	0
0	0
0	0
0	0
0	0
0	0
0	0
0	0
0	0
6	0
0	11
0	0
0	0
54	130
0	120
1	28
0	86
0	11
0	9
0	164
14	103
0	135
2	78
4	35
0	18
2	29
350	5360
0	5239
0	280
0	393
2	336
0	109
1	77
0	159
1	121
0	33
0	52
1364	1370
12	299
0	241
0	94
23	830
0	182
0	198
0	96
0	39
0	31
1	545
30	510
0	373
0	526
0	94
0	353
1	141
0	130
0	89
8	127
0	100
0	77
15	856
38	504
0	177
1	154
1	54
0	141
0	59
0	848
0	761
0	997
0	985
0	920
0	64
0	287
3	80
0	41
0	137
0	215
0	92
63	0
0	367
0	454
0	553
0	249
0	188
0	39
2	110
28	381
1	276
4	142
3	6
3	10
0	12
0	2
0	21
0	60
1284	628
1	477
0	75
0	201
1	151
289	355
4	136
0	205
1	133
0	48
1	257
14	54
0	140
0	161
0	153
5	65
0	4
0	2
1	44
5	35
0	66
0	2
0	63
6	68
0	7
49	73
0	65
0	1
0	2
0	8
0	0
0	0
3	0
0	86
0	15
50	85
27	0
0	33
0	33
1	36
0	2
0	2
1	6
0	3
1	7
0	1
99	296
4	200
0	65
0	50
0	11
0	25
0	49
0	38
0	16
1	18
0	44
0	42
0	22
0	23
0	26
0	19
0	10
0	0
0	0
0	0
0	7817
0	7785
0	5205
2	6531
7	949
0	800
0	176
2	716
6	443
0	7739
24	117
0	60
0	33
0	33
0	17
0	116
0	126
0	120
37	854
0	854
78	634
3	39
1	50
132	3
26	1966
0	1343
1	39
2	38
0	0
0	0
0	1981
0	507
1	28
0	165
6	314
1	21
0	1358
0	2060
2	1089
0	4
0	8
4	0
0	104
0	229
0	214
0	806
2	144
0	437
0	52
0	297
0	124
0	59
0	96
0	1973
1	13
36	21
0	8
0	5
0	5
0	1
0	2
1	0
0	36
2	32
1	4
0	8
4	17
0	17
0	15
2	17
0	5
29	0
0	10
0	9
2	72
0	1973
1	1984
0	1981
0	1533
0	1227
0	445
0	267
0	239
1	224
0	503
1	116
0	188
0	169
0	294
0	236
0	267
1	211
0	263
1	256
0	255
0	188
0	47
0	218
0	208
0	203
0	152
0	142
2	1
83	18
0	18
26	1241
3	1106
6	217
0	281
2	636
7	245
10	0
33	785
0	789
0	816
3	727
0	86
0	716
0	798
2	162
0	218
0	133
10	37
3	240
0	271
0	158
0	157
0	79
0	134
457	0
0	3
469	384
4	365
2	236
0	152
0	9
0	44
35	42
0	0
0	0
3	1344
163	1727
1	1
0	1
0	952
6	490
1	115
1	6
0	2
6	110
0	5
0	8
0	5
0	5
0	7
0	18
0	49
2	10
183	266
0	165
0	45
0	68
0	25
0	746
0	256
2	290
3	751
1	23
0	102
0	49
0	21
1	17
0	13
0	13
0	0
0	0
888	315
0	96
1	17
0	91
0	95
4	33
0	325
10	330
0	91
0	88
0	27
4	7
2	49
6	36
62	257
0	94
1	33
21	130
0	578
0	5
1	578
0	0
0	0
124	66
0	21
1	48
0	48
0	15
0	6
0	44
18	365
1	365
0	34
0	12
0	59
1	72
6	17
2	453
0	453
0	199
0	17
1	955
59	966
2	966
0	47
182	903
0	888
0	812
3	562
2	817
3	561
18	823
0	800
5	791
37	455
1	199
0	194
0	207
0	149
0	29
0	122
0	0
0	8
1	9
0	199
0	201
0	198
1	0
200	168
0	168
2	13
1	12
0	293
0	11
0	8
0	289
0	236
0	288
0	292
0	277
1	264
0	259
0	259
0	1
4	1
0	1
0	599
0	621
0	578
8	385
1	139
0	117
0	122
0	230
1	192
0	15
0	180
0	25
26	183
15	96
10	32
4	32
0	600
0	0
0	3
0	0
0	2
0	1
0	2
0	0
0	127
0	62
157	473
0	135
12	482
0	0
0	0
0	0
0	0
3	501
0	512
0	41
2	501
0	156
0	179
1	401
0	77
0	469
30	0
0	217
0	164
0	13
0	85
0	52
1	34
5	53
0	8
0	2
1	76
0	76
0	76
2	34
0	4
0	1
0	3
0	64
0	151
217	794
1	177
0	223
0	81
0	240
40	146
2	149
3	170
4	141
0	857
2	948
0	866
0	1011
0	511
0	973
0	854
0	509
0	1012
0	1012
0	1001
0	1068
0	961
0	1015
0	916
0	926
0	996
17	255
2	917
0	991
5	274
0	978
0	987
0	966
0	981
0	283
0	638
1	126
0	420
0	318
0	149
52	386
10	444
0	44
2	24
0	74
0	171
0	154
0	107
1	14
248	400
4	238
0	352
0	239
1	381
0	4
0	0
0	0
0	0
1	0
0	0
51	134
0	10
0	92
0	8
1	90
0	20
0	1
0	10
0	124
0	389
0	332
19	369
1	84
0	72
0	42
0	59
0	53
0	57
0	40
0	46
0	35
0	27
0	7
0	6
0	0
0	6
1	3
0	0
0	0
0	2
0	1
0	0
102	0
10	42
0	68
1	61
2	2
1	23
0	0
1	0
0	1
0	0
63	527
0	28
0	506
0	523
0	524
0	53
1	36
0	79
0	56
0	91
0	20
0	514
0	0
1	214
71	472
21	28
2	71
0	92
32	36
0	114
9	32
2	202
5	17
0	41
6	78
0	76
0	56
0	38
0	7
914	81
0	61
3	20
9	474
137	580
29	106
0	2
0	1
0	1
0	1
0	0
0	1
0	1
0	1
14	123
1	19
1	19
0	118
5	107
1	86
0	19
1	32
11	885
10	846
5	389
0	287
0	756
0	73
6	77
1	112
0	58
10	150
0	84
0	81
0	65
1	75
0	1
0	1
0	0
0	5
464	51
0	8
0	0
0	9
0	20
6	32
6	146
0	139
0	69
0	81
0	64
0	0
7	47
0	64
3	15
0	72
0	65
3	36
0	0
20	1403
2	1403
725	136
1	136
6	0
1	6
55	77
0	1
3	31
4	46
0	11
0	6
0	0
0	1
0	1
0	3
0	0
0	0
0	3
1	21
0	55
0	55
155	0
1326	470
0	410
2	379
3	185
0	83
6	0
0	194
12	194
0	159
0	580
0	0
0	0
0	0
0	0
1	0
0	0
0	0
0	0
0	0
0	0
0	0
0	0
0	0
0	0
0	0
0	0
7	0
0	0
0	0
0	0
0	0
0	0
57	15
1	15
0	7
0	0
0	1
0	7
0	6
0	0
0	0
0	1
0	1
0	1
0	1
0	1
0	7
0	13
0	1
0	2
0	7
0	2
0	8
0	0
0	6
0	7
0	5
0	5
0	639
0	630
5	74
4	639
0	21
0	639
1	615
244	50
2773	7286
204	7281
1	7127
0	5721
5	5115
0	3418
0	3401
0	0
0	0
0	0
0	0
0	0
0	0
0	0
0	0
0	0
0	0
0	0
0	0
0	0
0	0
0	0
0	0
0	0
0	0
0	0
0	0
0	1
0	1
0	1
0	1
0	1
0	0
0	0
0	0
0	0
0	491
0	483
2	542
0	530
0	382
14	59
15	466
0	476
0	475
0	456
0	453
0	272
0	86
0	82
0	111
1	311
7	440
1	427
1	106
0	123
0	353
0	453
7	345
3	353
0	93
0	82
12	239
19	196
3	167
1506	112
3	88
0	24
0	545
3	403
1	348
0	487
0	816
10	393
0	844
0	851
0	323
0	326
1	99
0	320
0	352
0	360
0	262
1	13
4	13
0	8
0	8
0	8
2	1187
0	1216
0	1288
6	1076
3	369
0	272
0	558
0	206
1	277
0	408
1	210
16	582
0	313
0	68
3	57
0	168
1	211
0	138
0	1298
0	1035
1	0
0	1
0	13
0	0
0	10
0	0
0	2
0	13
0	2
0	10
0	13
0	5
1	5
194	936
22	38
0	5
0	936
0	73
0	25
0	24
0	38
4	52
0	74
1	42
0	74
0	64
1	41
0	0
4	0
0	313
0	137
0	266
1	157
1	274
0	91
7	281
0	206
0	107
23	60
0	28
3	28
0	28
0	0
0	473
0	0
0	1
0	454
0	43
0	37
0	497
0	481
0	472
1	47
0	510
4	428
8	445
2	475
0	492
0	1
0	114
2	499
0	0
0	0
0	0
0	0
0	0
0	0
0	0
17	1
0	1
3	51
6	7
3	50
0	0
0	1
0	6
2	9
0	910
0	0
0	0
0	0
0	0
0	0
10	512
0	35
4	2
33	197
0	143
18	388
3	570
4	529
0	155
0	377
1	227
1	178
1	151
0	1
25	596
4	574
2	552
4	196
0	221
0	200
0	939
0	926
0	207
1	240
0	725
0	793
0	168
0	174
0	187
0	209
0	129
4	113
0	105
0	0
7	5881
216	6027
3	310
0	252
7	155
3	792
0	367
0	164
0	200
6	179
0	156
0	8
0	786
44	15
0	15
2	11
117	2600
11	2600
49	1342
0	113
1	64
1	2
3	39
1	47
0	8
0	30
0	2
0	14
0	0
0	2
0	8
0	2
0	31
0	31
0	33
0	1
0	2
0	2
0	2
0	2
0	1
2	79
719	452
4	439
10	2108
0	1685
21	2128
3	1468
0	185
1	166
0	63
0	46
0	19
0	14
2	14
0	382
1	382
12	389
0	80
944	305
0	272
1	101
0	21
60	3148
4	3392
0	2740
0	3617
20	3414
0	3414
42	2455
2	1117
5	676
5	312
0	0
55	468
0	396
7	460
2	74
5	377
0	39
11	36
0	1
0	1
3	1
2	800
1	697
0	727
0	834
4	734
1	353
0	228
0	144
0	286
6	55
0	215
0	144
2	146
3	101
1	166
0	749
0	351
0	390
0	34
0	253
1	286
6	68
5	490
0	474
0	454
0	328
0	327
0	302
3	280
0	214
0	96
0	70
0	109
7	89
0	95
1	52
0	38
0	82
0	35
0	48
0	57
0	56
0	34
0	37
0	14
551	327
7	42
1	79
3	222
1	27
0	81
1	120
0	78
0	38
1	67
0	73
0	22
0	5
4	11
0	21
0	12
0	0
0	0
2	1823
0	1718
0	1809
0	1727
0	449
1	1691
10	185
5	323
10	1490
6	44
0	1156
19	181
4	157
0	857
1	213
2	241
5	184
7	75
0	322
6	76
0	81
0	138
0	366
9	200
0	307
0	207
0	274
0	249
0	247
0	153
0	217
1	157
1	77
0	219
0	0
2	18
4	175
0	196
0	195
0	129
0	79
0	25
0	0
0	0
353	0
0	1300
66	1157
1	1141
0	518
5	257
0	150
0	150
1	144
0	49
0	0
0	0
0	0
80	3727
3	3715
3	208
1	276
0	594
0	329
0	76
0	0
0	0
0	2
0	2
0	4
0	1
0	2
7	105
1114	399
0	45
0	99
36	136
48	105
0	54
2	49
0	54
0	57
0	46
207	168
6	171
0	69
2	20
1	35
0	66
0	36
0	34
0	34
0	3
0	24
0	34
0	35
0	67
1	64
0	64
0	12
0	67
2	6
0	6
562	82
0	38
0	37
0	24
0	23
1	0
1	250
0	271
0	27
0	61
1	5
1	130
2	1
1	4
0	269
226	1273
4	252
9	399
0	448
0	27
0	114
0	157
0	1317
550	0
0	0
0	0
0	0
0	0
0	0
0	0
0	0
0	0
0	0
0	0
0	0
0	681
0	33
0	233
0	355
0	690
0	396
0	105
0	48
5	0
6	46
0	633
0	52
3	57
11	8
0	438
0	95
0	84
0	84
0	95
0	56
0	44
1	17
0	16
0	0
0	425
20	264
3	264
0	31
0	25
6	23
0	352
0	231
0	273
6	92
0	2694
4	2992
4	115
1	36
0	2989
0	67
718	96
3	96
1	0
13	9
0	4
0	2
0	2
633	38
3	38
18	0
0	0
0	0
0	0
0	0
0	0
0	0
0	0
0	0
0	0
0	0
0	0
0	0
0	0
0	0
0	0
0	0
0	0
0	0
0	0
0	1104
1	983
0	272
0	278
1	90
0	476
0	146
0	148
0	197
5	304
0	468
4	439
2	455
0	383
0	178
0	91
8	91
0	437
0	371
0	369
0	262
6	13
0	475
0	0
0	0
0	0
0	0
0	0
0	0
0	0
0	28
0	18
1	45
239	94
1	28
0	17
0	5
0	5
0	13
0	0
0	1
0	8
0	7
0	3
0	3
0	1
0	3
0	0
0	0
0	0
0	0
0	0
0	0
1	14
2	59
0	2
261	0
0	1025
0	1121
0	1110
1	568
0	651
8	177
2	110
0	76
0	87
1	28
6	0
0	100
0	0
883	552
33	152
0	195
3	76
0	97
6	139
1	81
1	65
0	0
0	0
4	301
0	276
0	248
0	209
0	208
0	70
0	15
0	20
0	20
0	7
0	0
0	7
0	16
0	256
3	1253
18	610
57	1597
0	1084
0	2042
5	1801
2	1801
0	1801
4	1720
0	1801
0	2119
0	345
0	0
0	1
0	0
0	1
0	0
2	0
0	1
0	0
41	102
2	102
7	14
108	181
1	3
0	31
0	111
0	58
2	16
0	69
1	1
0	0
0	0
0	0
0	0
0	190
0	1060
0	670
0	1049
0	589
0	0
0	585
0	807
0	7407
0	7772
0	587
1	4
0	201
0	7408
0	3
1	904
0	1069
0	570
3	2225
0	7402
0	7164
0	684
0	1035
27	326
0	1123
0	7710
0	1
0	1
0	0
0	0
0	0
0	0
0	0
0	0
4	0
12	324
0	13
1	33
5	281
0	46
0	19
0	12
0	21
25	1110
28	828
11	439
0	168
20	631
7	277
10	193
0	260
0	6
0	6
0	6
0	6
0	6
0	3
0	2
0	2
0	3
0	1
0	1
0	0
0	0
0	1
0	1
0	1
0	1
0	2
0	2
0	21
3	58
0	26
0	55
0	33
1	7
10	0
1	0
1	0
0	0
0	0
0	0
0	469
1	18
0	162
67	33385
15	30124
1	5711
0	33026
1	28023
0	9087
29	4105
35	14314
26	5928
0	15324
1	9274
26	10596
1	9070
18	9105
0	3210
0	2084
0	0
0	0
12	1
0	1
2	0
0	0
1209	0
0	0
0	1
0	0
0	1
0	1
1	0
0	182
1	1037
0	957
0	525
0	902
2	857
4	444
0	109
0	663
1	505
2	491
11	139
0	112
0	0
0	0
0	0
0	0
124	208
0	7
1	11
6	190
2	7
5	139
4	38
0	21
0	0
1	0
0	0
0	0
0	0
0	0
0	0
0	0
0	26
6	560
1	553
130	115
0	110
0	106
0	103
0	105
0	103
0	0
0	0
0	1
0	1
0	0
0	0
0	0
0	672
0	720
0	729
0	806
0	748
0	701
0	789
0	587
22	757
0	753
0	750
0	585
0	707
0	595
0	539
0	622
0	654
0	771
0	735
0	769
0	788
0	778
0	777
0	650
0	740
0	802
0	839
0	582
1	508
0	305
0	303
0	675
0	204
0	630
0	452
0	377
0	630
0	302
0	355
0	201
0	558
0	232
0	277
0	420
0	717
0	75
0	725
0	729
0	728
0	435
0	661
0	735
0	750
0	727
0	428
1	502
0	138
0	263
0	99
50	62
0	146
11	348
2	278
0	102
0	250
0	63
0	230
0	76
1	3
3	0
4	1
0	1
0	136
11	253
0	203
0	197
0	195
0	103
0	41
0	34
0	27
0	25
0	24
0	25
0	187
2	124
0	8
0	10
0	170
0	1
0	1
0	0
0	22
8	60
0	10
0	183
2	404
0	57
2	565
0	605
0	134
0	89
17	119
0	187
0	391
0	159
7	144
0	105
1	149
0	27
120	216
0	34
0	6
13	164
3	150
24	0
33	103
1	76
0	78
0	0
0	0
2	156
1	253
0	279
0	224
138	264
0	181
0	275
0	252
1	253
11	244
0	139
0	284
0	0
0	1
0	156
1	0
609	0
0	1769
0	1822
0	1980
2	1927
33	758
90	966
1	26
0	37
0	20
0	7
0	0
3	585
3	493
0	828
4	401
0	359
4	49
0	85
189	85
3	0
497	1080
0	982
0	80
0	896
2	280
3	42
0	0
0	0
0	0
703	344
2	131
3	96
4	212
29	2019
6	520
11	1343
6	891
0	1749
0	1420
0	2
0	0
0	4
0	8
0	2
0	0
0	8
0	1
0	8
0	9
0	743
8	729
0	187
0	232
1	209
0	66
0	437
0	1163
13	1239
2	258
0	26
0	178
15	407
0	296
0	47
0	314
0	5
4	37
5	18
4	72
1	68
0	35
0	1213
0	322
0	135
0	303
0	217
1	77
2	303
0	7
0	26
0	29
0	25
0	29
0	16
0	5
0	6
0	7
0	0
0	0
0	0
0	0
0	0
0	0
0	0
0	0
1	43
0	0
1	6
0	5
0	43
0	34
0	34
0	8
0	0
0	0
0	1
0	32
0	1
0	6
0	1
0	1
0	0
0	0
0	28
0	0
0	0
0	0
0	2
0	4
0	28
2	4
0	0
0	28
0	2
0	26
0	26
0	1
0	24
0	26
0	28
0	34
0	24
1	211
193	293
1	43
0	3
1	14
0	18
1	5
1	50
0	26
0	21
0	24
0	14
0	2
0	188
44	912
0	97
1	50
1	44
0	62
0	912
0	12
3	1
0	4
2	9
0	4
0	12
0	0
0	17
0	17
2	9
0	1
0	0
0	0
0	0
1	0
0	0
0	0
0	0
0	0
455	0
1	496
0	67
0	521
0	504
0	606
0	12
0	477
0	32
0	502
0	29
0	56
0	2
0	609
0	358
0	365
0	329
0	38
0	597
0	590
0	334
0	66
0	9
0	79
0	8
0	8
2	49
1	7
0	49
0	77
2	0
0	0
0	0
13	823
3	823
0	881
0	870
0	889
0	134
1	434
1	61
4	90
5	98
1	116
0	25
0	829
0	811
6	788
0	810
0	831
11	67
10	54
39	44
1	163
0	157
0	55
2	38
0	280
0	22
0	31
0	242
44	206
0	243
1	30
0	543
0	683
0	683
6	674
1	608
1	664
0	560
0	407
0	183
0	211
0	131
0	0
1	63
2	68
0	68
2	21
0	0
24	2
0	83
243	210
24	127
0	28
0	210
2	38
0	264
0	39
0	311
3	31
0	160
0	309
0	49
0	89
0	1
0	258
0	0
0	40
0	39
0	31
0	83
1	45
0	98
0	36
0	80
0	9
2	103
0	98
0	40
0	1
0	316
0	326
0	324
41	144
21	171
29	196
1	35
1	67
19	78
0	70
0	0
0	0
0	0
0	0
0	0
0	0
0	0
0	0
0	0
0	0
0	0
0	0
1	0
0	0
0	0
0	0
0	0
0	0
0	0
9	286
1	286
7	100
0	1862
0	2276
0	2376
1	1288
0	2268
44	1630
0	2184
3	989
3	1487
0	1431
11	313
1	622
11	538
0	720
0	545
17	17
0	146
3	143
0	143
0	23
0	3
9	1
235	30
18	29
0	0
0	0
0	0
0	0
0	0
0	16
0	0
0	208
2	38
1	177
0	89
0	94
12	47
0	71
0	68
0	31
456	734
76	734
538	24151
6	24139
11	24121
0	24149
2	536
0	61
0	28
0	169
0	49
47	552
0	14
0	190
1	123
17	1028
0	986
3	869
0	902
0	774
0	8
0	35
0	30
1	9
0	19
3	12
0	12
0	10
0	13
0	8
0	5
0	6
0	5
0	0
1	3
0	3
218	268
0	172
0	261
0	256
0	242
0	166
0	30
0	0
0	258
0	130
2	465
0	307
0	268
0	229
0	76
0	35
0	0
0	0
0	0
3	259
0	707
190	841
1	428
0	533
1	25
0	5
0	40
4	231
0	289
0	194
0	6
0	31
0	288
0	1
0	1
1	5
0	5
0	3
0	1
0	1
0	1
0	1
0	1
0	1
0	0
138	157
0	32
0	58
0	16
1	43
0	33
0	90
0	1
0	41
0	45
0	0
0	0
0	0
0	0
0	0
0	0
0	0
0	0
0	105
0	98
0	109
0	99
0	104
1204	31
0	31
0	1205
0	1202
0	1206
0	643
11	76
0	445
0	1198
1	113
0	315
0	33
0	7
9	28
0	1067
0	2176
9	8430
22	7483
44	465
0	1370
0	1144
1	1769
24	2442
2	2004
4	4652
9	1168
35	1366
1	682
9	1918
388	89
0	41
2	80
0	337
0	304
0	236
0	274
5	19
0	111
1	20
0	59
0	91
0	54
0	60
1	26
0	38
1	10
0	1594
60	284
7	74
2	349
33	1594
0	539
0	546
0	1393
0	1470
2	1521
0	264
0	1485
0	0
0	0
0	0
0	0
0	0
0	0
0	0
0	0
0	0
461	281
10	128
0	175
4	39
0	221
0	177
5	173
0	211
0	200
0	191
3	51
0	90
0	51
0	21
0	3
0	1
0	3
0	2
0	2
1	2
332	679
34	532
0	515
0	130
433	130
0	88
9	86
0	614
5	464
0	471
1	586
4	82
3	379
0	421
1	37
121	0
0	0
0	0
0	0
0	0
0	0
0	0
0	0
0	0
0	0
0	0
0	0
4	114
0	39
0	51
0	103
180	189
0	173
0	68
0	3
0	4
0	17
0	35
0	19
0	19
116	555
0	134
0	206
0	207
0	293
1	234
1	117
0	281
0	2
0	19
0	19
0	7
0	21
0	209
0	100
1	8
0	0
0	0
0	0
12	2
179	2
4	1
8	1
6	14
133	75
0	0
1	6
0	6
3	0
0	0
0	0
0	0
0	6
1	24
0	18
0	17
0	9
1	7
44	4148
0	4910
17	4733
0	4313
2	4106
8	63
39	918
0	334
4	175
1	254
0	466
4	145
1	187
0	262
2	203
0	278
0	325
0	19
0	24
0	26
0	60
0	73
0	41
0	6
0	6
0	4
0	13
0	3
20	0
2	0
0	0
84	0
1389	0
401	357
0	278
1	136
0	300
0	45
0	7
0	7
0	4
0	4
0	0
0	0
0	0
0	0
2	1484
0	1495
0	1518
0	1591
0	1554
0	1557
0	1486
0	1441
0	1545
8	1400
6	1498
2	1292
0	607
0	367
0	1322
0	229
0	212
3	158
1	111
1	0
1	37
0	23
0	80
0	64
0	95
0	763
0	42
4	550
0	715
0	642
0	345
0	301
2	53
0	78
0	59
0	66
0	44
0	32
0	18
0	12
0	0
0	0
0	0
0	0
0	0
0	0
0	0
0	0
0	0
0	753
7	20
1	20
1	0
0	0
2	184
323	239
0	77
4	55
7	132
0	15
0	21
0	15
0	1
0	1
0	126
0	125
4	4
14	4
0	0
0	0
0	0
0	0
0	0
0	0
0	0
0	0
0	0
0	0
0	29
4	21
0	31
0	31
0	20
1771	1476
0	315
0	558
0	438
4	231
0	118
5	217
0	336
0	285
1	97
0	852
12	287
0	606
15	825
1	260
0	300
0	327
2	451
7	301
1106	1131
0	288
1	874
0	771
3	208
0	334
0	330
2	157
1	167
139	1354
0	1074
24	1365
0	1356
0	1270
0	889
0	351
0	241
4	71
2	180
0	575
7	211
0	297
0	118
2	200
0	124
0	123
0	173
0	221
13	261
0	110
0	226
0	199
0	152
0	152
2	118
0	106
0	107
0	100
2	143
0	75
2	70
2	0
0	0
0	0
0	0
0	112
566	912
0	237
0	238
0	1
0	1
0	0
0	0
978	0
1	8
0	8
0	8
52	3
1	0
1	0
1	2
0	1
101	34
0	34
1	0
96	0
0	0
0	0
0	0
247	320
2	308
0	141
0	97
0	44
0	19
3	5
0	54
5	55
0	20
0	9
0	1
0	2
67	120
1	11
0	135
0	146
0	54
0	22
1	18
0	13
65	29
0	109
58	594
1	215
0	143
0	62
1	455
0	118
0	193
1	439
0	564
0	112
0	132
0	466
0	145
1	118
0	70
0	146
0	173
0	577
0	174
1	65
0	152
4	390
1	369
0	404
0	365
0	114
0	71
0	86
0	66
1	1547
0	102
0	1023
0	119
0	92
2	460
3	54
100	1418
10	84
0	105
25	867
0	122
0	261
1	87
0	0
8	114
18	347
0	141
0	18
3	345
11	310
22	222
0	144
1	140
0	706
0	1713
0	357
0	426
2	466
0	33
0	520
0	363
0	1707
0	1662
0	1716
0	47
18	1307
0	73
1	2
1	1307
18	22
0	0
0	19
0	12
0	8
29	165
0	167
5	59
3	42
1	15
0	84
0	0
0	0
0	0
0	15
0	12
3	6
0	6
4	810
5	807
0	332
0	604
6	157
17	17
3	314
18	102
1	68
0	1215
0	232
0	205
0	385
0	159
0	1148
11	176
6	142
0	16
5	281
0	126
4	1
0	0
0	1
0	109
0	98
0	109
512	109
3	15
0	33
0	43
0	90
2	80
0	29
0	11
0	23
12	107
10	88
0	52
0	31
0	11
0	11
0	0
0	0
0	71
0	17
0	59
0	3
0	0
0	0
13	655
0	631
0	659
5	33
4	24
0	26
0	45
2	0
0	13
0	43
0	46
1	19
0	32
1	1760
2	1209
0	1305
0	74
49	1459
0	123
0	45
0	36
0	302
0	109
0	1760
0	157
30	310
0	311
0	7
0	16
0	10
0	4
0	4
1	158
0	167
1	29
3	1
0	36
0	40
0	21
0	23
0	23
0	15
0	170
0	112
13	712
1	45
0	105
2	392
0	45
0	46
0	52
0	81
0	396
0	367
5	719
0	1
0	228
0	22
10	239
0	46
0	42
0	31
224	1009
8	954
7	967
0	981
23	273
3	76
0	92
0	102
244	134
7	53
0	36
1	48
0	23
1	0
0	304
0	302
6	87
1	113
0	24
0	19
0	13
0	13
0	9
0	8
0	9
0	8
0	5
0	6
0	2
0	6
0	6
0	3
0	3
1193	259
13	111
5	147
0	1
0	1
0	1
0	0
0	0
0	1
0	0
0	0
0	0
0	0
0	1
1128	7
1	7
20	165
0	86
1	48
0	1
4	93
0	18
0	3
3	6
5	12
0	3
0	3
93	165
0	32
5	133
1	33
4	38
7	53
17	35
0	0
0	19
1	19
0	614
1	3324
0	589
2	3281
1	4
17	429
7	858
89	3182
0	394
0	443
5	732
90	503
0	29
11	176
2	167
9	175
34	41
2039	2224
90	1781
1	443
19	2750
20	2529
2	2618
0	198
0	716
1	96
0	1
5	668
0	142
561	73
0	73
1	124
32	0
0	124
1048	2691
0	1879
0	2691
0	28
0	20
0	2
0	5
0	2
0	1
0	27
14	161
3	147
3	50
2	82
3	5
1	18
0	3
330	442
3	277
0	315
3	200
3	35
2	118
1	2
32	0
0	2
0	2
4	0
7	291
7	291
0	26
87	73
0	14
0	59
76	0
39	5
0	5
0	271
0	270
0	160
0	260
1	15
0	17
0	19
0	2
0	21
0	14
0	15
0	11
0	10
0	6
0	4
0	4
0	4
1	7
0	5
0	0
0	6
0	4
0	5
0	5
0	3
0	3
0	3
0	2
0	2
0	2
0	0
0	0
0	0
0	0
0	0
0	0
276	265
5	225
1	214
0	148
1	134
0	94
0	79
0	54
7	17
0	78
1	86
1	67
2	65
0	0
0	0
3	638
3	688
0	675
0	653
1	671
1	478
2	92
0	124
0	91
0	47
0	83
0	19
0	148
0	65
30	52
0	52
5	19
0	3
1	29
0	883
0	82
14	367
0	291
2	305
1	203
0	144
0	149
7	105
0	94
10	66
117	14
0	5
0	1282
39	1371
1	34
3	39
1	22
1	1211
0	836
1	31
0	109
4	694
1	0
0	89
3	29
6	788
0	658
0	204
0	59
0	64
0	205
323	1180
0	1180
3	189
2	219
0	374
0	210
7	403
14	366
1	807
0	1209
1	927
0	241
0	1160
1	903
0	49
0	768
2	473
13	1146
0	776
0	71
0	903
0	228
0	91
0	279
0	1097
0	356
2	186
2	22
2	302
3	546
17	1034
2	48
0	141
0	0
0	0
45	1518
11	1503
0	238
0	255
0	261
1	200
28	545
0	39
10	509
0	438
0	114
0	21
0	44
0	45
1	73
0	427
5	73
3	304
3	212
0	325
1	2
0	31
0	33
0	31
2	22
0	4
0	3
0	1
0	3
0	1
0	31
1	0
0	0
0	0
0	0
0	0
0	0
0	0
78	23
62	3437
0	164
0	1654
8	3411
0	1827
0	306
3	60
9	469
232	253
2	133
0	253
0	0
0	0
0	0
0	0
0	0
0	0
0	0
2	10
2	1002
0	1020
0	1179
0	2
0	40
1	1135
300	0
0	645
36	265
0	277
0	105
2	43
1	1
0	42
0	618
0	651
0	69
0	67
6	37
0	9
0	14
0	7
7	11
0	8
0	10
0	1
0	2
1	1
0	1
1	1
0	1
0	0
0	0
0	1
0	0
7	0
1	81
0	1608
0	1384
185	1608
0	50
8	1229
4	115
17	15
0	0
1	2102
3	129
0	495
0	1473
0	2140
0	1919
0	532
1	398
0	1790
0	1717
3	135
0	313
0	731
3	391
0	281
0	196
0	442
0	608
0	261
0	411
0	406
0	463
0	218
0	298
0	202
0	0
0	117
0	68
0	15
28	205
0	24
0	95
0	9
0	13
0	2
0	22
0	14
0	0
0	8
2	15
2	13
0	26
0	7
0	26
0	199
0	511
4	502
0	553
0	544
0	201
0	340
2	52
1	154
0	113
0	101
0	108
0	85
2	23
23	17
16	33
0	15
0	15
0	553
0	0
752	0
0	554
1	828
8	770
1	182
0	40
224	445
0	275
0	225
0	1
0	0
0	1
0	0
1	1
0	0
0	0
0	0
0	0
0	1
0	28
5	28
0	25
1	463
84	480
0	72
0	8
0	1
0	1
0	1
0	8
0	1
0	1
0	0
0	1
0	7
0	2
0	8
0	998
0	911
5	840
0	713
0	57
14	75
1	14
7	220
4	248
3	141
0	144
3	138
37	260
0	18
8	133
0	1728
40	1692
0	182
0	209
0	85
5	125
0	241
0	250
2	362
37	142
28	1091
74	797
1	1117
0	1028
5	324
0	810
0	630
1	194
0	166
0	43
3	141
57	297
1	186
0	159
0	0
1	158
0	277
0	273
0	9
0	1
0	5
0	6
0	7
1	156
0	16
0	18
0	25
0	0
17	1180
1	1118
0	197
2	460
3	169
5	157
0	151
0	154
0	159
0	107
0	105
0	55
0	30
5	26
0	24
0	42
0	20
0	5
1	25
0	27
0	22
4	6
1	19
0	15
28	408
0	400
0	309
1	33
2	248
24	1
0	241
0	16
9	8
0	247
0	212
0	171
0	160
1	29
1	110
91	942
1	901
0	646
0	835
0	107
0	26
0	37
0	44
0	4
1	17
0	0
0	0
0	0
0	0
0	0
0	0
13	1567
0	1576
0	1567
2	1227
0	1559
7	1016
14	530
0	760
0	756
0	743
0	726
1	529
1	402
0	150
0	0
2	0
0	0
0	0
0	0
0	21
0	21
0	21
0	23
0	21
0	21
0	8
0	8
0	8
0	5
0	4
0	5
0	5
0	3
0	6
0	5
0	3
0	5
0	5
0	2
0	3
0	3
0	51
0	33
72	438
0	321
0	42
2	36
1	17
0	402
0	340
0	150
0	295
11	0
0	8
0	0
0	0
3	122
1	123
2	118
0	123
1	243
103	97
0	97
0	8
0	3
0	2
0	2
0	3
0	2
0	6
0	5
0	4
0	2
164	632
7	622
2	129
21	64
48	69
1	4
0	1
0	0
0	0
0	0
0	0
8	9
0	9
101	45
9	19
0	25
0	25
0	25
0	20
0	17
0	17
5	48
0	48
4	38
3	26
6	1548
113	587
0	137
1	215
0	147
0	169
50	2012
18	210
1	154
0	199
10	375
0	422
21	87
23	108
0	316
6	133
0	181
9	188
0	42
61	346
4	136
0	357
0	190
19	99
0	347
0	5
2	51
6	15
0	9
7	55
0	6
0	2
0	2
6	0
0	180
0	294
0	264
0	307
0	156
0	331
0	308
0	112
0	41
0	33
0	324
0	284
0	306
0	301
0	293
0	237
0	214
0	323
0	212
0	316
0	284
1	299
0	270
0	175
0	282
0	202
0	260
0	204
0	249
0	293
0	312
0	285
0	299
0	263
0	283
0	276
0	262
0	306
0	268
0	210
0	209
0	253
0	287
0	274
0	283
0	311
0	294
0	268
0	266
0	275
0	282
4	23
0	265
0	279
0	265
0	282
0	295
0	318
0	261
1	277
0	266
0	271
0	275
0	243
5	196
0	226
0	271
0	264
0	186
0	253
0	275
0	235
0	240
0	60
1	178
0	268
0	263
0	274
0	240
0	104
1	259
0	253
0	265
0	241
0	140
0	80
0	123
0	93
0	78
0	113
0	109
0	101
0	59
0	24
2	2
0	17
0	54
0	30
1	968
863	2024
1	1566
2	25
3	38
0	91
0	64
0	44
0	36
0	30
0	24
0	12
1	222
368	239
0	44
10	45
1	9
0	9
0	0
0	0
0	0
0	1
0	1
0	0
1	0
18	556
33	832
0	846
0	853
2	531
8	339
2	168
16	151
0	0
0	1
0	1
0	1
0	1
0	1
0	1
0	0
0	0
0	0
0	0
0	0
1	2
0	0
6	234
0	9
1	1
0	6
0	14
0	5
0	5
0	231
56	1902
0	1902
10	89
0	116
5	120
1	84
0	156
0	229
12	91
0	53
0	181
0	92
0	94
1	8
0	10
0	2
8	1
1	1
9	230
3	964
0	973
0	966
1	89
0	24
0	12
0	20
1	14
0	22
0	973
0	967
0	81
92	2
2	2
0	5
0	2
0	3
0	2
0	4
0	4
0	4
0	2
0	2
0	1
0	4
0	40
49	193
2	24
15	187
1	17
0	69
1	70
1	28
7	28
582	32
0	6
0	30
1	16
0	1
4	15
0	16
0	9
0	0
0	0
0	0
0	235
0	225
0	89
5	73
19	137
0	199
0	223
0	124
0	75
0	60
1	10
0	37
0	20
0	238
0	1769
0	1753
4	720
0	1753
8	634
5	1676
2	1494
0	589
3	195
2	269
8	270
1	1
1	2
1	24
0	17
0	209
5	227
0	387
0	1301
0	1300
0	1285
0	488
0	0
0	0
0	0
0	0
0	0
0	0
0	0
0	0
0	0
0	0
132	957
0	986
0	1110
0	414
1	112
1	191
6	86
0	195
0	188
1	28
0	121
0	89
0	100
0	83
0	234
0	341
0	286
1	202
0	259
0	162
0	284
0	168
2	236
0	171
0	114
0	159
0	91
0	55
2	1024
0	6
0	4
0	4
0	4
0	4
0	0
0	4
0	0
108	0
0	961
0	930
0	84
0	725
0	65
0	65
0	0
0	228
0	186
39	2
0	1
0	0
0	1
111	144
0	144
0	130
0	23
0	93
1	3
2	0
0	128
5	227
502	227
11	633
0	558
0	425
0	129
0	96
0	45
5	19
0	1
0	1
0	1
0	1
0	0
0	0
0	0
0	0
0	0
0	56
117	144
0	0
0	27
0	25
0	14
0	16
0	18
0	20
0	22
19	345
0	365
1	266
3	324
1	82
1	196
0	148
0	138
0	110
1	79
3	38
197	0
0	0
0	0
0	0
21	107
0	19
0	155
10	790
0	194
0	790
10	796
0	144
0	127
0	152
0	135
0	122
0	119
0	379
26	482
0	500
9	371
0	195
14	156
0	116
0	0
0	0
0	0
0	0
0	0
0	0
0	0
0	0
0	0
0	0
0	0
0	0
136	3942
0	3415
34	1153
0	2332
14	1837
0	1721
2	231
5	1199
1	905
1	605
1	4
0	113
1	1082
0	1126
1	1078
0	148
0	526
0	114
0	78
4	641
0	292
0	166
1	58
0	292
0	292
0	287
0	525
0	217
3	497
37	498
0	463
1	412
0	345
0	192
2	268
1	270
3	132
3	58
311	28
1	28
1502	672
0	123
5	27
0	410
1	51
5	0
10	301
3	261
4	106
1	150
0	17
0	0
0	115
1	115
38	2902
3	1965
36	256
93	1969
21	1714
0	0
25	1793
6	419
0	1516
2	685
3	0
0	0
0	0
0	0
0	3
0	1
0	3
401	147
5	0
0	4
0	2
0	26
1	2
0	20
0	39
0	9
0	16
1	27
0	21
833	371
0	125
0	354
17	28
442	224
0	131
0	75
7	68
0	71
0	0
0	0
532	80
0	80
0	217
21	178
1	155
0	139
0	17
0	573
672	1138
2	393
0	1138
30	317
3	235
0	215
0	25
1	25
1	21
7	10
12	25
2	10
0	4
0	10
0	6
1	6
1	6
0	6
2	11
0	46
0	44
1	47
0	42
0	7
1	7
121	262
0	262
0	207
0	140
0	64
0	11
1238	461
0	461
0	182
0	1099
52	1063
0	1102
1	395
0	718
7	342
0	948
0	232
3	148
0	135
0	346
1	79
9	46
0	84
1	203
6	254
4	131
0	137
1	91
0	94
0	58
0	10
0	332
1	459
1	240
0	405
11	208
8	216
0	0
2488	10532
0	177
0	1674
1	6086
6	10055
8	6216
0	0
0	0
2578	437
4	136
8	301
0	0
0	0
31	17
0	8
0	7
5	9
5	63
5	63
0	3
66	2
0	2
1	168
0	150
0	141
0	142
0	129
0	42
0	47
0	45
0	31
0	19
0	28
0	1
1	20
0	35
0	11
0	22
0	6
0	6
0	18
0	16
5	15
0	0
0	0
0	0
0	0
0	10
3	23
0	0
0	0
1319	71
8	73
0	2
0	732
3	671
4	702
0	700
6	179
0	501
9	21
0	1
7	0
0	783
0	776
0	203
0	216
73	101
0	783
221	299
0	274
0	41
7	32
0	273
1	168
0	163
1699	1957
6	462
92	750
2	1803
8	24
0	174
9	274
0	72
9	960
0	29
0	960
17	683
20	786
2	959
16	606
1	119
2	810
0	836
0	864
2	432
0	4
0	4
0	4
0	4
0	4
1	4
0	4
0	4
0	4
0	4
0	3
0	0
1	0
0	0
2	289
0	17
0	168
0	21
0	34
0	138
2	50
0	36
0	291
0	0
566	1111
0	270
0	128
1	1057
0	67
0	20
0	1125
49	1125
0	1125
0	766
1	0
1069	408
1	408
0	240
0	51
0	405
6	509
0	348
0	2
0	46
4	2
2	66
0	35
0	30
0	14
0	1
0	3
0	3
0	2
0	3
0	0
12	500
0	12
10	12
0	0
0	2
0	0
0	0
281	3965
3	3297
5	3659
20	452
0	1
0	1
0	1
0	1
0	0
0	0
0	0
0	0
0	1
30	79
6	72
1	255
0	277
0	175
0	17
10	4
19	14
2	12
2	0
10	6
0	0
0	4
0	2
0	1
0	5
0	1
0	4
0	3
0	3
0	0
0	2
0	2
0	264
0	283
54	283
0	212
0	157
3	0
0	0
0	270
0	1
0	263
0	252
0	279
2	27
0	135
0	17
0	0
0	38
0	35
0	36
0	5
0	28
0	0
0	1
0	1
0	1
2	1
0	6
0	7
0	6
0	2
0	1
1	0
0	99
8	12
0	102
0	156
0	9
0	28
6	126
38	4
1	0
1	1
3	139
0	20
0	14
0	45
0	73
0	88
0	12
0	82
0	23
1	7
0	20
0	310
0	310
0	305
0	182
4	284
0	288
0	186
6	329
18	330
0	289
0	34
0	214
0	140
0	77
0	114
0	0
0	308
3	605
0	100
0	471
1	211
0	441
1	54
80	1255
3	477
2	5
0	133
1	164
2	1249
0	157
0	135
0	170
30	1
0	225
3	290
0	153
0	124
3	152
0	82
0	23
0	18
0	13
0	13
0	8
0	6
0	2
1	2
0	1
1	2
0	271
2	213
0	124
0	106
0	109
0	70
0	32
2	26
2	5
0	16
0	19
0	18
0	13
0	13
0	7
0	12
0	6
0	5
0	201
1	60
347	60
169	90
1	100
1	100
0	30
0	0
8	0
19	239
21	55
0	131
0	69
3	1
0	172
1	26
0	145
0	209
0	25
1	0
895	0
180	77
0	77
687	0
2202	530
0	107
0	81
0	109
0	966
0	152
0	996
0	67
0	63
0	85
0	141
0	177
0	106
3	982
0	65
1	170
0	57
22	36
0	70
0	104
0	982
0	859
0	186
0	1493
0	1567
0	376
0	180
2	262
0	1547
0	1466
6	115
7	207
20	351
0	334
0	171
0	398
1	199
2	197
0	262
0	185
0	168
0	161
4	102
10	88
1	780
0	792
0	391
0	37
0	891
0	837
0	428
0	1
0	0
0	1
0	0
0	0
1	472
1	1589
12	1401
0	856
5	1284
1	605
1	1848
0	1073
69	1852
15	182
28	349
4	40
30	861
5	83
7	220
9	944
2	131
14	120
2	1318
11	562
1	578
4	135
3	524
0	701
0	403
0	1318
1	888
0	692
4	901
0	1498
2	682
1	1093
34	1266
2	652
0	0
365	399
1	399
51	0
0	2
0	1
0	1
1	0
11	62
1	19
1	66
0	16
0	12
0	15
1	165
0	295
1	151
0	179
0	241
0	112
0	102
0	81
0	77
1	11
0	11
0	23
0	36
1	43
0	50
0	729
0	29
0	689
8	672
0	705
26	2499
7	2331
0	2490
9	1714
0	1522
17	16
4	348
67	507
3	361
4	458
0	68
22	458
2	458
11	1418
0	1399
0	685
0	758
2	751
6	210
0	207
0	231
1	15
1	319
0	185
0	150
2	122
0	94
0	75
0	53
0	26
0	16
0	0
1	29
0	36
1	46
2	0
0	50
62	57
1	4
1	14
1	0
0	57
0	28
0	0
0	0
0	0
0	0
0	0
0	0
0	0
0	0
0	0
0	0
0	0
0	0
0	0
0	0
0	0
0	0
0	0
0	0
0	0
0	0
0	0
0	0
0	0
0	0
0	0
0	0
25	9
0	9
0	6
0	1
0	0
0	1
1	1
0	1
0	0
0	0
0	1
0	1
2	0
0	0
0	0
0	239
13	271
1	87
2	138
1	38
2	214
0	193
0	203
0	27
0	41
0	26
0	30
0	6
0	6
2	38
0	1
0	33
0	31
1	52
2	11
0	11
0	14
0	13
314	597
1	578
2	24
2	75
0	87
11	74
0	43
1	26
0	43
1	40
75	418
0	222
4	377
1	0
4	375
0	79
0	324
4	138
1	248
0	1
0	26
0	1
285	1
332	0
0	21
5	31
0	27
0	457
0	376
0	0
0	0
331	648
0	573
1	519
0	398
7	131
0	146
0	90
0	48
7	6388
680	6388
44	1739
2	16
338	16
0	0
4	445
0	0
0	0
0	0
250	0
0	0
0	0
0	11
0	14
0	0
0	0
0	0
0	0
0	0
2	12
0	11
0	7
0	1
0	1
0	1
0	0
0	19
0	6
0	7
0	1
0	9
0	17
1	1
35	715
2	530
0	553
0	499
0	75
4	534
3	62
15	177
0	861
0	720
0	759
0	87
0	175
0	778
1	181
16	164
0	681
0	37
0	836
0	816
5	798
0	793
2	241
3	148
0	151
7	241
0	145
1	210
0	26
0	17
7	4
0	645
0	467
0	665
0	23
0	33
0	64
0	86
0	20
1	10
0	665
0	557
1866	0
3	168
1	148
0	0
0	21
0	19
0	0
116	1336
2	68
4	869
0	36
0	1284
0	848
0	435
3	187
0	376
33	2705
0	2717
0	2663
0	2598
0	2686
0	2494
0	2548
0	473
4	233
0	0
1	66
0	90
0	40
0	69
12	199
0	181
1	2
0	12
0	9
0	7
0	4
0	0
0	69
0	1
0	1
0	0
0	1
0	0
0	0
0	0
0	0
0	0
0	848
8	871
1	796
1	6
0	745
0	84
0	238
1005	1103
5	1016
0	230
0	286
2	200
1	81
1684	263
0	44
1	80
0	39
2	100
0	5
0	3
0	4
0	5644
1	2
0	3
0	3
0	1
0	3
0	2
90	1517
109	1517
4	303
5	172
19	92
0	17
0	25
0	20
0	25
0	13
1	8
0	21
0	19
0	16
0	22
0	2
0	3
0	4
0	1
0	812
0	3
0	0
0	6
0	3
0	5
0	4
0	2
0	2
0	1
0	0
0	1
0	35
1	5
0	1
2	2
0	0
0	1
0	1
0	35
71	577
69	529
9	240
0	285
1	173
0	292
0	168
0	0
0	0
17	278
4	267
0	150
0	104
38	3
0	136
0	63
0	48
0	48
0	41
0	5
0	40
0	6
0	16
0	8
0	12
0	16
0	4
0	18
0	11
1	9
0	12
0	8
0	12
0	9
0	5
0	5
0	4
0	8
0	8
0	3
0	3
0	3
0	1
0	5
0	3
0	3
0	5
0	3
0	3
0	2
0	2
0	3
0	2
0	2
0	3
0	2
0	2
0	2
0	2
0	131
0	135
0	135
0	133
0	131
0	135
0	135
2	10
1	10
33	409
1	39
1	379
0	237
2	114
1	33
0	134
55	131
2	67
0	947
0	852
26	893
0	879
0	931
1	898
2	56
0	317
0	250
7	94
0	99
0	279
1	136
8	133
0	570
2	1
0	0
0	0
0	732
18	492
0	448
0	314
2	82
0	714
0	334
366	2507
10	100
2	2334
3	114
1	110
2	108
2	122
0	135
9	135
1	80
9	67
58	69
0	87
9	764
0	103
0	771
0	22
2	482
0	256
374	345
4	345
0	0
0	0
0	0
0	66
0	274
0	59
2	125
0	288
0	255
3	272
0	12
0	25
0	98
1	270
1	65
0	71
0	293
0	73
0	32
2	42
23	114
29	0
0	0
0	0
0	0
0	0
0	0
0	0
0	0
0	0
57	0
1563	0
0	4
0	13
0	19
0	12
0	10
0	13
2	6
0	20
2	0
0	8
0	323
1	302
14	70
0	229
0	225
0	100
1	79
0	224
0	220
0	156
0	159
0	44
0	18
0	27
0	22
0	22
0	23
1	0
0	1
0	1
0	0
0	0
0	0
0	1
0	0
0	0
0	0
4	18
0	18
0	7
2	18
0	11
0	9
1463	1828
116	1828
12	647
6	316
0	639
2	48
1	89
3	104
0	162
0	381
0	151
0	353
0	290
1	324
0	423
0	220
12	172
0	134
0	206
107	154
1	322
1	252
0	222
0	187
25	178
3	159
0	101
0	55
8	7
0	12
2	91
284	147
0	23
0	82
0	92
0	71
0	69
2	17
13	67
0	488
1	71
3	115
1	152
0	203
1	167
0	421
0	215
0	110
0	52
0	134
2	16
0	75
2	73
11	334
0	0
0	0
0	0
0	0
0	0
0	0
0	0
0	0
0	0
0	0
6	0
0	23
0	27
56	0
0	0
0	1
0	1
0	1
0	0
0	0
0	0
0	0
0	0
0	0
0	0
0	0
335	0
4	1296
85	475
0	1105
0	1315
0	155
0	428
1	686
0	906
0	0
0	0
1	181
0	185
0	33
0	12
0	12
0	11
1	1
0	10
0	37
334	406
1	382
4	0
2	24
0	167
2	152
0	167
2	41
1	8
0	40
0	46
0	9
2	7
1	0
8	2195
0	2249
0	2249
2	2877
0	2876
2	2832
0	2249
0	2249
0	1112
16	625
8	652
1	624
0	2
0	1
0	1670
15	224
3	67
77	74
74	238
0	32
0	2
2	3
2	602
33	554
1	160
4	61
0	174
3	164
0	120
160	0
4	1
0	1
18	473
490	470
0	134
4	56
8	87
0	78
1	129
0	181
0	154
0	43
2	22
1	53
0	83
0	18
0	47
4	72
0	5
3	23
4	50
0	5
0	0
0	0
1	338
0	41
230	975
16	876
0	0
0	0
0	102
0	917
0	936
0	781
0	212
0	112
0	58
0	174
0	76
0	46
97	235
0	15
0	14
0	2
2	4
0	5
0	0
0	1
0	0
0	26
0	0
0	219
1	0
0	210
0	2
0	2
0	213
2	7
0	16
0	4
3	156
0	1
0	1
0	0
0	0
0	0
0	0
0	0
0	1
0	1
0	0
0	0
0	0
0	1
0	0
0	1
0	1
0	1923
0	1960
146	1935
0	159
0	474
0	472
0	439
1	402
4	182
0	146
1	95
3	0
440	155
0	144
0	135
3	121
0	106
1	22
773	0
0	1852
114	903
3	124
7	1568
7	209
0	42
1	212
0	258
0	198
104	724
4	225
0	120
0	144
1	59
0	1709
0	0
0	0
0	0
0	0
0	0
0	0
0	0
43	678
98	675
1	86
8	18
0	71
0	45
0	301
1	304
0	103
0	48
2	102
4	179
0	296
0	19
0	1099
0	516
1	535
2	83
1	69
0	0
0	348
0	0
0	0
0	0
0	702
0	84
0	129
0	0
0	1098
0	83
0	0
0	0
2	759
0	341
0	301
0	313
0	88
1	63
0	62
1	257
0	135
4	525
0	71
0	353
0	84
3	75
0	76
0	0
0	124
0	0
0	0
0	140
4	4
0	0
0	0
7	265
0	0
0	342
0	0
1	338
0	0
0	0
0	0
0	61
0	0
0	79
0	6
7	134
0	6
0	5
0	2
2	126
0	5
0	5
0	5
5	24
0	32
1	123
0	112
7	33
5	15
0	0
0	134
0	617
0	572
17	441
0	226
0	13
0	440
0	393
1	300
5	129
5	81
0	722
99	560
1	450
13	697
0	500
0	277
0	268
4	152
0	364
0	75
1	54
0	38
0	10
137	0
632	191
2	180
0	124
23	1822
112	705
0	1524
0	1472
0	1417
0	1588
0	1049
11	1250
0	469
54	116
0	759
76	753
0	806
0	196
30	351
25	266
0	254
0	0
0	0
0	0
2	198
0	2
0	14
0	196
1	11
2	2
14	198
0	26
0	2
2	14
0	3
0	2
0	40
0	189
0	196
0	67
0	0
0	0
0	0
0	0
0	0
0	0
1	698
9	655
0	62
0	276
2	3
0	513
1	76
0	80
632	843
0	843
12	169
0	168
0	162
0	176
507	1224
5	265
0	95
0	79
0	35
5	106
5	98
6	273
24	624
1	59
2	5
0	10
0	0
0	0
0	0
0	82
30	177
5	193
1	111
0	4
0	12
0	6
0	8
1	6
2	3
0	0
0	0
0	178
136	189
0	150
0	39
4	40
1	9
5	16
0	8
0	0
26	126
2	11
8	16
2	55
91	294
3	81
6	137
1	226
1	91
0	80
1	70
18	24
0	0
0	33
2	363
0	366
0	30
0	23
0	34
0	34
0	34
0	31
0	16
0	0
130	27
0	6
2	19
3	16
0	9
0	1
0	0
0	1
0	1
0	1
2	1
0	1
0	1
72	44
0	44
270	911
18	301
2	303
0	303
6	505
0	6
0	6
0	12
0	7
5	34
0	278
0	60
0	54
0	53
29	300
0	233
0	35
0	0
0	0
0	8
0	11
0	10
0	11
0	11
0	7
0	7
0	3
0	3
0	0
0	0
0	1
0	11
2	331
3	60
0	331
23	224
0	319
0	337
15	293
0	72
2	67
0	60
0	79
0	61
0	19
2	23
0	33
0	8
0	5
0	25
0	41
5	19
0	65
0	101
18	88
0	69
0	79
0	76
0	57
4	46
0	51
0	41
0	58
0	26
7	8
0	8
0	109
428	460
0	77
0	12
0	349
0	0
0	0
0	28
56	218
0	218
0	26
35	59
1	1
0	27
11	43
0	49
0	15
0	849
3	803
0	735
0	828
0	19
0	3334
0	1956
1110	2265
0	829
33	2264
4	1590
109	617
0	1
0	1
0	1
0	0
124	116
0	0
0	0
0	0
0	0
0	0
0	0
0	0
0	0
0	0
0	0
110	275
38	275
0	0
0	0
1	1
0	0
0	0
0	0
0	0
0	0
0	0
0	0
0	4
3	576
6	576
0	576
0	16
2	42
0	42
2	3
0	6
3	14
0	1
0	42
0	14
0	37
0	41
0	5
2	14
0	9
0	10
0	4
1	7
0	3
0	3
6	1158
0	93
30	1160
2	183
32	208
0	125
1	39
0	76
1	75
0	204
0	146
3	93
0	52
1	45
5	208
0	94
0	159
0	181
0	151
0	1242
0	1234
503	981
0	860
0	847
0	847
0	753
0	0
0	0
0	0
70	35
3	35
5	24
0	24
0	739
0	748
0	36
2	75
6	279
48	630
2	44
0	32
0	49
0	754
0	52
0	41
0	33
2	15
1	16
0	17
0	17
0	46
0	52
0	45
345	162
1	162
0	151
0	0
0	0
10	998
3	801
3	89
1	76
39	218
0	41
0	104
0	229
7	109
0	898
0	0
0	0
0	0
0	5
0	5
0	0
0	5
0	1
0	0
0	4
0	10
0	9
1	4
0	6
0	3
0	2
0	3
0	1
0	0
0	0
1	0
1	4020
0	2121
1	875
33	2673
0	1632
0	866
3	2294
264	92
1	38
0	50
2	41
0	2078
227	4367
30	4345
6	88
6	1182
4	55
0	607
0	497
0	607
0	309
0	309
0	60
1	31
0	607
62	22
0	0
0	3082
1	730
0	3455
9	771
0	132
1	3160
0	883
0	812
0	543
1	1181
0	3285
0	1006
0	758
1	706
0	3194
0	2778
0	1
0	1
0	4
0	1
0	2
0	1
0	1
0	1
0	1
16	419
0	399
9	423
1	14
2	0
7	222
1	221
0	11
4	12
0	11
421	1036
151	865
1	654
5	132
0	161
0	1
2	1
0	0
35	185
0	185
0	50
0	50
0	0
0	147
0	148
17	148
13	1474
2	1376
1	932
0	967
5	947
0	991
0	180
2	174
2	111
0	0
6	65
3	40
0	0
2	2
17	19
0	18
0	4
0	0
0	0
0	0
0	0
0	399
1	817
1	1347
1	1348
2	724
0	110
2	75
0	99
1	113
0	4
1	219
0	76
0	1360
7	1335
1	484
0	497
0	431
0	68
0	67
0	59
0	11
0	274
0	0
1	51
0	13
0	1303
0	1334
0	3
0	0
0	0
0	0
0	100
1	29
1	479
32	51
2	24
0	447
0	423
0	394
0	49
0	382
8	220
2	59
0	119
0	461
42	19
0	19
0	9
0	2637
0	2806
0	775
0	476
1	457
0	1367
5	335
2	511
0	1298
0	1268
1	691
13	108
3	116
0	2215
27	3469
0	3306
0	454
10	1769
0	2528
8	1545
0	915
0	2254
0	48
0	2595
0	1733
0	2187
0	2017
0	1911
1	1969
0	29
0	2124
14	512
1	802
0	1019
0	0
0	0
0	0
0	0
0	0
0	0
0	0
0	257
0	1107
2	33
0	809
1	292
0	121
3	1008
2	977
0	1008
0	2
0	2
0	2
4	94
45	130
0	122
1	0
1	0
1	0
7	0
0	57
0	59
0	56
0	55
0	1
1	433
0	0
0	0
0	0
23	47
0	45
1	6
3	39
0	34
0	4
0	1
0	2
0	0
0	0
13	496
0	533
0	599
0	583
1	212
0	229
0	331
0	318
0	320
0	273
0	236
0	246
0	241
0	245
0	165
0	122
1	171
0	131
0	136
0	97
1	38
0	83
0	111
4	63
1	0
249	17
9	11
0	14
0	0
0	0
1748	1798
2	258
2	572
0	1733
1	629
7	1470
1	495
116	51
4	51
0	386
0	391
0	387
0	289
0	311
0	317
0	402
0	378
0	341
0	341
0	326
0	2
0	2
1	433
48	617
8	36
0	32
0	610
73	647
1	137
14	530
26	42
40	41
3	142
28	334
0	161
0	129
0	120
0	79
0	79
0	105
2	207
2	122
1	440
2	467
3	356
0	68
12	135
0	278
0	6
0	9
0	9
0	1
0	9
1	475
14	706
570	706
0	35
3	19
1	207
1	11
0	57
116	246
0	0
0	0
0	0
0	0
0	7
0	7
0	2
1	8
0	1
0	6
0	0
0	4
0	2
11	3
0	0
0	0
0	0
2	3
0	0
0	0
1325	0
0	368
15	368
0	30
0	109
51	357
25	357
0	915
0	0
186	277
10	279
0	155
0	85
0	0
5	927
0	901
0	1070
0	929
30	714
0	1039
0	146
25	163
9	64
2	34
1	145
0	303
0	49
0	37
2	37
0	290
21	756
45	410
0	702
0	237
1	290
0	43
0	0
0	0
0	0
0	495
23	514
63	520
2	434
254	390
0	127
2	390
0	0
0	0
0	0
0	0
0	0
0	0
0	10
0	9
0	10
0	10
0	1
0	1
1	1
0	0
0	1
0	1
200	394
0	1
0	0
0	25
0	1
0	1
1	19
0	2
0	1
1	394
5	197
0	35
0	2
0	1
0	0
0	1
0	983
0	1021
8	1002
0	1037
4	409
0	109
0	81
0	0
0	0
0	0
0	0
0	1075
0	1266
1	1027
4	371
0	299
2	232
1	1257
5	9
0	9
1	6
0	1
0	1
0	1
0	2
0	0
0	0
0	0
0	6
0	11
0	13
0	13
0	2
0	2
1	961
0	1185
27	1185
11	509
4	14
1	29
0	13
3	15
5	14
0	8
1	0
0	0
0	0
0	0
0	0
0	0
0	0
0	0
0	0
0	0
0	0
0	0
0	0
0	0
0	0
0	0
0	0
0	0
28	1254
0	121
424	1335
1	1220
1	1247
1	113
0	1
0	1
350	401
0	499
6	584
14	574
348	228
3	185
0	244
0	51
44	38
1	14
0	6
12	43
0	1347
0	144
21	2074
0	2056
0	1902
0	87
7	1478
1	557
5	28
9	162
0	38
1	54
70	3052
0	2992
1	2879
7	2734
0	116
2	192
3	9
0	747
12	925
2	52
0	914
1	29
0	0
6	16
0	36
0	3
0	89
0	0
1	0
0	36
1	30
0	36
0	9
0	3
0	8
0	0
0	2
0	12
0	89
1	0
0	80
13	367
0	455
0	559
3	622
0	641
1	584
0	181
0	208
0	231
3	17
0	196
0	227
0	0
0	559
0	491
4	653
4	685
1	657
0	10
0	151
1	320
0	140
0	329
0	17
0	29
5	17
1	34
21	39
3	29
75	1831
0	1011
0	249
0	1532
0	1702
261	517
0	151
0	20
0	58
2	72
10	343
0	18
0	0
485	359
1	176
1	77
2	180
3	0
0	0
43	544
1	485
6	527
2	33
115	297
3	17
0	282
4	13
1	0
9	4
1	54
0	26
0	302
32	164
0	11
0	11
0	11
20	386
0	81
6	328
0	19
0	51
0	0
0	33
0	4
0	4
0	31
4	23
0	61
0	0
0	0
20	0
28	64
0	64
0	14
0	200
0	688
0	720
3	689
0	699
1	485
2	282
1	374
27	221
0	363
0	373
0	618
0	377
0	254
0	252
7	89
23	364
827	0
65	224
1	202
2	153
5	80
0	164
0	110
2	77
2	36
1	37
0	0
0	0
0	0
0	1
0	0
0	0
0	0
0	0
0	1
0	1
0	0
0	0
0	2
0	1
0	1
0	1
631	76
0	19
0	74
10	301
0	85
0	52
1	19
5	45
1	19
0	84
0	12
7	131
0	21
1	14
0	216
0	35
0	147
1	0
0	175
0	6
163	1277
40	918
4	846
0	850
0	269
0	210
1	499
0	115
0	441
0	226
0	355
0	178
1	294
0	242
1	218
0	325
1	304
2	190
0	172
1	122
0	194
0	122
0	113
0	113
0	134
0	147
1	152
1	145
0	20
78	157
0	10052
0	10052
139	8432
13	455
296	4146
0	10037
3	7955
40	9660
7	9659
8	3871
3	35
0	3
25	61
0	29
0	11
0	11
0	35
0	5
0	7
0	31
2	219
326	232
0	57
98	62
0	62
2	1986
45	1986
0	0
0	0
0	0
0	0
0	8
0	1
0	0
0	8
0	6
0	4420
0	8511
0	0
0	0
2	0
76	67
0	63
0	38
0	42
1	27
1	21
0	6
0	5
3	1152
2	1073
9	1103
11	279
2	43
0	0
0	0
9	4
1955	266
0	0
1	212
0	230
0	186
4	175
0	32
0	37
0	43
0	228
2	19
6	38
0	61
0	259
0	170
0	245
0	233
0	247
0	130
0	73
3	100
0	93
14	172
0	235
6	39
3	31
0	85
0	88
0	84
1	83
0	69
0	79
0	68
0	4
0	50
0	29
3	0
0	0
3	0
0	24
0	4
0	0
0	0
1	56
284	117
8	51
0	54
1	6
0	66
1	0
0	0
0	0
0	0
0	0
0	0
0	0
0	0
0	0
0	0
0	0
0	0
0	0
0	0
0	0
0	0
0	0
0	0
0	0
0	0
0	0
0	0
1	0
14	24
0	0
1	0
217	2
0	2
0	0
0	0
0	0
1	6
1	2
0	2
0	2
0	2
1	1
0	0
0	0
0	1
0	2
2	11
0	16
0	1
0	16
0	13
0	3
0	1156
0	1042
0	826
11	873
0	570
14	551
0	456
0	694
0	752
0	590
0	485
6	283
1	169
2	251
7	91
0	183
0	199
0	121
0	98
0	116
2	93
0	41
0	80
0	84
0	14
0	45
10	45
1	2
0	38
0	46
0	103
0	130
0	226
4	353
10	105
1	329
2	226
0	89
1	177
0	78
4	318
0	130
1	87
0	33
9	122
0	136
0	68
1	36
0	208
0	599
0	6
0	43
1	117
1	572
0	699
1	707
0	558
0	62
0	25
0	5
0	708
2	695
4	89
0	364
0	109
0	56
0	36
0	166
26	0
357	720
12	52
2	613
9	262
1	138
0	43
0	80
46	395
0	52
0	87
0	36
41	79
0	10
0	18
2	68
3	10
0	0
324	140
0	160
6	171
15	115
0	12
150	129
0	121
0	64
1	21
0	16
0	7
1	4
0	22
0	4
0	5
0	0
0	0
0	20
0	5
0	4
0	8
0	2
0	26
1	25
18	380
13	69
0	64
1	11
0	1
0	301
3	860
5	19
0	890
0	1088
0	1124
0	140
0	1086
1	76
0	298
0	376
0	330
0	334
0	336
4	341
0	319
0	30
1	39
7	176
0	20
4	1
0	62
1	18
1	41
0	70
0	55
0	30
2	31
0	352
718	4210
0	173
2	0
14	185
5	57
2	416
85	1603
0	3130
1	161
2	165
0	741
1	739
0	202
1	206
0	198
0	0
0	0
5	1
0	1
0	0
0	0
0	0
0	0
0	0
0	0
0	0
12	0
0	0
0	0
0	1
0	0
0	0
0	1
0	0
0	0
0	0
0	0
0	0
0	0
0	0
13	41
4	21
0	17
0	22
3	16
4	10
0	5
12	213
943	1599
33	872
1	315
5	357
2	132
8	193
0	149
0	127
254	245
0	86
0	199
1	6
0	12
1	13
0	0
0	16
0	16
0	16
0	16
0	5
10	1585
3	200
5	1443
0	298
0	617
0	114
0	844
2	782
1	33
0	0
0	0
0	0
0	0
21	37
0	35
5	5
0	20
0	21
0	21
0	21
0	0
0	20
0	21
1	318
0	189
0	0
0	0
0	0
0	0
0	0
0	5
0	4
0	4
0	5
0	2
0	4
0	4
0	4
0	4
0	367
1	178
0	177
0	77
4	367
20	8
17	35
4	101
0	101
0	0
0	0
0	4
0	6
0	3
0	5
0	1
0	2
0	4
0	3
0	0
0	152
5	1
0	11
170	204
0	12
3	189
26	174
1	39
0	14
0	56
0	0
0	0
0	0
0	0
0	0
0	0
0	0
0	0
0	0
0	308
0	0
0	0
0	0
0	0
0	0
0	0
0	0
0	0
0	7
0	2
0	2
0	1
0	0
0	0
0	0
0	0
0	0
0	0
0	0
0	0
0	0
0	7
0	1
1	76
0	55
3	77
0	6
16	29
1	13
27	46
0	50
15	24
0	17
0	29
0	265
20	270
0	64
0	16
0	270
0	0
1347	51
0	49
58	393
2	393
0	64
0	0
0	0
0	0
19	0
10	215
5	195
40	226
0	75
0	56
5	69
0	53
0	18
0	2
0	1
25	107
63	436
0	311
0	26
0	0
0	224
0	24
4	379
0	254
0	137
9	1040
0	1055
0	1035
0	44
0	44
7	45
6	19
0	22
2	96
0	13
0	18
0	279
0	137
160	273
4	78
0	145
0	9
0	9
0	9
1	6
0	7
0	9
0	9
0	9
0	9
0	9
0	9
0	8
0	9
0	9
0	9
0	0
0	9
0	3
0	10
0	1
0	8
0	1
0	8
0	0
0	4
3	981
0	1298
2	1247
0	1079
0	1302
0	1420
2	1280
1	1104
0	1189
0	1301
0	1287
0	233
0	233
1	1284
0	1194
0	313
2	515
0	979
5	1084
63	1287
0	1085
0	1141
1	472
0	1244
0	163
1	334
0	935
7	796
0	883
2	802
1	539
0	200
0	107
0	22
0	0
0	21
348	45
2	44
24	79
0	57
76	1651
4	1517
1	519
23	468
0	239
0	654
5	195
0	629
1	583
19	574
2	258
0	44
4	125
2	200
0	25
0	188
0	0
187	1288
4	1287
0	1071
4	504
1	354
2	526
10	102
479	665
2	377
2	313
608	157
3	157
0	0
0	0
0	0
0	0
0	0
0	2
0	5
0	2
0	0
0	3
0	2
0	3
0	0
0	2
0	5
0	0
0	0
0	2
0	2
0	0
0	0
0	3
0	2
0	0
4	46
1	54
0	54
0	25
67	39
10	31
31	20
0	21
141	394
2	38
3	116
0	92
0	273
2	44
5	30
34	60
1	95
0	109
1	111
0	42
0	0
0	5
1	3
1134	175
18	175
0	27
1	0
0	0
0	0
0	0
0	0
0	0
1	0
0	0
0	0
0	0
0	0
0	610
0	0
0	0
0	0
4	747
0	538
1	219
0	664
0	417
0	138
1	269
0	173
0	23
0	32
0	266
2	0
0	136
0	68
1	20
0	12
0	5
0	7
0	5
0	5
0	8
0	0
0	0
0	15
0	17
0	111
0	19
0	19
0	105
0	0
0	84
0	0
424	297
4	205
15	77
2	203
0	28
51	134
0	31
1	81
2	60
0	57
0	55
0	25
0	43
3	31
1	697
0	292
37	292
0	641
0	661
0	700
0	690
5	224
0	690
0	685
2	693
2	691
0	0
0	0
0	0
0	0
0	0
0	0
0	0
0	0
0	0
0	0
0	0
0	0
0	0
0	0
0	0
0	0
0	0
0	0
0	0
0	0
0	0
0	0
0	0
0	0
0	2767
1	1097
0	2784
0	10
0	70
0	222
0	650
2	28
0	84
0	174
1	87
0	63
0	240
0	439
0	996
0	123
0	83
0	0
0	133
0	55
0	142
0	81
0	128
0	104
4	5
4	77
1	52
0	37
0	53
2	26
0	53
5	51
1	17
0	46
0	46
0	3
0	7
0	6
0	1
32	40
0	7
0	14
0	13
0	6
0	1
0	47
2178	6877
8	1887
0	762
1	464
0	487
3	1287
0	5682
77	4773
1	802
5	3883
0	537
0	851
0	464
0	1411
0	508
34	1893
1	1050
2	673
12	719
2	1636
4	18
0	1191
0	391
470	405
2	305
3	339
0	178
0	722
6	155
7	932
16	6
2	99
2	722
0	742
7	508
30	22
0	712
14	656
0	0
0	481
0	347
0	512
0	732
0	144
1	23
0	732
0	243
0	705
0	610
0	689
256	223
1	6
0	1
0	32
1	19
0	30
0	18
0	28
0	55
0	11
0	19
0	228
0	0
21	240
0	32
0	50
0	77
0	232
0	61
0	87
0	44
0	90
0	12
0	67
0	106
0	1
0	59
0	93
15	216
1	257
0	257
22	1
0	1
0	0
998	0
0	0
0	0
0	0
0	0
0	0
0	1
0	0
0	0
0	0
0	0
0	0
0	106
7	155
0	767
0	106
0	755
1	73
0	144
0	69
0	713
0	294
2	145
1	35
59	296
0	149
3	145
0	252
0	145
146	261
0	273
0	171
0	139
4	31
5	34
0	21
0	3
1	48
0	0
0	48
2603	2135
22	1941
0	54
233	391
0	91
2	46
0	36
7	66
0	70
0	197
0	214
9	325
1	2
0	0
0	0
2	1
0	2
0	68
0	22
0	521
0	518
0	518
0	268
0	175
0	459
7	494
10	202
0	427
2	163
1	87
12	33
6	233
0	0
0	820
123	117
0	26
2	26
0	65
0	146
0	79
0	1253
1	471
2	550
2	727
0	62
0	303
0	168
2	359
0	1142
33	227
1	0
0	1
0	0
0	0
0	0
0	0
0	0
0	0
0	0
0	0
0	49
0	44
2	49
0	197
0	0
0	0
262	67
0	41
1	26
0	425
0	1264
416	94
0	94
0	0
0	0
0	0
0	0
0	0
0	66
1	968
18	1235
0	0
0	0
0	60
0	156
3	112
0	47
0	78
4	1
0	26
0	105
2	459
2	36
5	43
0	43
0	191
0	490
0	421
1	236
5	101
2	79
0	450
15	0
0	804
2	817
0	854
0	811
0	847
0	791
0	199
6	146
0	431
0	455
0	416
0	335
0	353
4	203
0	184
0	204
0	195
0	173
0	116
0	113
0	111
3	71
0	59
0	2
0	117
0	77
0	76
3	77
0	32
0	39
0	39
0	28
0	73
3	8558
1	8344
15	8345
0	1900
0	4303
0	4313
0	1884
0	2782
1	2127
0	2525
1	2492
2	1944
19	2036
0	1600
0	1601
0	1063
3	760
0	745
0	492
0	247
1	17
0	8546
10	8424
0	376
0	377
0	375
0	377
0	250
0	379
0	23
0	16
0	32
1	31
0	14
0	3
0	0
0	216
0	214
0	0
0	0
0	12
1	3
0	8
2	10
0	546
0	542
0	27
0	23
0	23
0	8
0	534
0	27
0	18
0	19
1	0
0	19
22	376
0	537
0	31
911	0
0	58
75	54
11	25
0	35
0	20
0	33
6	69
0	55
7	32
3	56
0	32
0	32
0	35
0	13
0	22
6	19
6	40
0	20
0	17
1	17
2	11
16	2
2	7
15	23
0	29
0	53
0	1
0	128
2	1665
0	225
0	1747
0	91
2	1645
0	2701
0	1296
0	610
0	829
0	762
0	498
0	146
0	683
1	556
0	90
0	442
1	451
0	173
0	442
0	442
0	378
0	1287
0	1076
1	262
0	30
1	74
0	70
0	30
1	6
0	5
1	1
0	0
0	0
0	7
0	12
0	60
0	12
0	82
184	129
0	18
0	78
0	15
0	29
0	4
0	21
0	20
0	87
0	40
0	33
29	328
0	304
1	64
7	28
0	1
0	0
0	472
0	366
0	370
1	368
0	368
10	4
0	4
0	517
0	10
1	401
1	507
0	0
0	0
5	511
2	517
3	106
0	516
5	1096
16	581
1	111
0	1
0	1
0	188
0	204
0	107
0	64
0	78
0	21
0	306
0	412
0	1826
0	736
22	1302
72	1437
2	235
3	1414
2	309
7	198
4	517
4	525
0	845
3	518
1	520
1	651
15	507
1	57
0	457
0	5
3	371
2	645
5	4
29	4
0	0
13	381
12	161
1	161
0	364
12	353
2	35
1	38
0	161
0	103
0	87
0	236
0	275
0	670
0	513
0	655
1	648
0	640
0	637
0	365
1	653
2	638
0	647
0	618
0	652
0	686
1	654
0	708
0	659
0	434
0	634
0	682
0	632
0	572
0	334
0	421
0	370
0	428
0	571
0	403
0	525
0	483
0	0
0	0
0	0
0	0
0	0
0	0
0	0
0	0
0	0
0	0
0	0
0	0
0	0
0	0
0	0
0	0
0	0
0	0
0	0
0	18
67	147
5	5
0	139
6	137
3	0
10	179
2	185
5	183
0	2
1	2
0	0
0	0
0	0
0	0
0	1
0	1
0	48
0	146
0	66
61	117
0	1
0	1
0	0
0	0
0	0
0	0
0	0
0	0
0	0
0	0
0	0
0	0
0	0
0	576
0	568
0	521
0	539
0	578
0	498
0	570
4	60
0	529
2	501
0	1
0	519
0	552
0	235
0	470
0	46
0	369
0	30
0	362
0	40
4	37
0	27
0	17
1	34
0	121
1	21
2	39
2	28
0	111
3	11
3	42
5	81
0	1
0	1
0	0
1	1
0	1
0	129
0	430
0	413
0	170
1	365
0	347
0	382
0	183
0	118
0	71
1	147
0	30
1	63
0	23
0	129
0	0
0	0
0	0
0	0
0	0
0	0
0	0
0	0
0	1155
24	151
0	58
0	52
3	610
0	157
0	115
3	185
0	1099
2	1219
0	1218
1	604
3	164
3	1069
6	24
4	350
0	66
0	17
1	59
54	343
0	91
1	68
0	8
0	2
0	1
0	8
369	47
7	47
0	24
888	0
0	0
0	0
0	0
0	0
0	0
0	0
0	0
0	0
36	401
234	550
0	169
0	65
37	0
4	58
0	0
0	0
0	0
0	0
0	0
1	61
196	451
35	448
0	373
10	319
1	96
544	75
0	68
0	8
0	13
0	6
0	15
0	9
1	65
0	58
0	0
0	3626
0	3674
0	1633
0	1553
0	295
0	1348
0	3134
0	3335
4	3321
0	3352
0	3322
0	3379
0	3014
0	2472
0	2524
0	2615
0	2422
0	2150
16	1607
0	2031
8	1962
0	2420
0	2113
16	2528
4	1732
0	2086
0	2117
0	2322
0	1741
0	1581
0	1605
6	885
0	753
0	400
3	576
0	72
0	460
0	526
0	463
0	457
0	145
2	351
1	272
16	57
1	326
5	326
2	194
0	151
0	0
1	577
68	582
0	584
0	8
0	0
3	0
0	1666
0	1919
1	1804
4	348
3	140
16	152
111	396
0	20
1	21
2	51
3	18
1	15
1	31
0	43
1	28
0	25
0	262
0	10
0	26
0	30
0	262
4	5039
0	5021
0	1457
0	772
0	3802
0	5037
0	957
1	1265
1	4327
17	4503
0	1067
5	947
0	3367
1	607
1	626
28	1014
104	2705
0	202
2	52
0	47
0	638
1	329
5	95
14	140
45	1443
0	1175
0	1078
8	1174
10	62
86	33
0	29
0	33
0	17
0	4
0	2
0	0
0	0
14	988
48	621
0	98
1	16
0	79
0	168
0	569
6	34
4	19
0	0
0	70
16	61
1	7
0	48
0	134
6	3
10	12
0	103
5	116
0	974
0	983
4	563
0	359
6	415
24	618
2	75
1	46
0	110
0	83
31	823
1	709
8	220
2	29
0	820
0	5
2	333
1	123
0	0
0	0
0	0
480	18
3	18
0	2712
2	4017
1	3615
116	3737
17	3864
4	3897
2	3905
0	3815
2	2055
14	394
9	112
0	1384
0	3051
0	3644
0	2578
1	2171
0	1691
0	827
0	0
0	0
0	0
0	0
0	0
0	0
0	0
0	0
0	0
0	0
0	0
0	3
0	0
0	5
0	0
0	6
0	5
0	6
0	1
56	2063
6	93
1	272
0	252
0	1664
2	1890
0	194
1	89
2	55
37	49
0	537
4	14
0	1753
0	0
0	53
0	29
0	1
0	29
1	6
0	53
0	10
0	44
1031	105
6	105
1263	2126
0	2055
2	364
0	1717
5	384
0	1786
0	788
2	378
0	761
0	166
0	179
6	159
1	280
1	304
0	425
2	216
1	390
0	374
1	33
0	51
28	80
0	57
0	6
0	57
0	51
2	58
0	54
5	53
0	3
0	32
0	5
0	13
1	0
1	6
0	0
6	5
0	266
0	1445
23	2189
0	2168
0	103
0	118
1	0
2	82
0	254
2	148
0	261
0	137
0	256
0	44
3	15
8	152
16	242
0	39
0	200
4	165
3	228
0	31
0	31
0	196
0	240
0	30
11	51
0	47
5	8
0	16
1	10
0	3
1	574
111	574
0	62
1	404
6	25
0	87
0	0
0	3
0	0
0	0
0	0
0	2
1	2
0	2
0	3
0	3
178	15
0	157
0	203
0	260
11	51
2	52
2	235
0	189
2	121
0	179
0	137
0	137
0	72
0	124
0	72
0	50
0	0
0	0
0	0
0	0
0	0
0	0
0	0
0	0
0	0
0	0
0	655
7	464
0	1806
0	1900
0	597
1	1521
0	1581
1	140
38	450
17	379
0	683
0	333
0	600
0	431
21	152
448	77
1	77
0	3
36	105
0	460
0	218
1	199
2	73
572	479
1	30
1	105
1	201
0	69
0	3
0	3
0	938
8	872
0	914
10	320
4	222
1	34
0	518
3	42
0	236
0	106
5	2883
45	2970
0	658
0	583
0	333
0	299
0	145
0	14
0	11
0	20
0	1176
11	1181
0	10
2	1150
20	715
0	0
2	1498
28	1564
12	4539
33	2567
6	3041
0	4574
0	791
4	3781
0	2762
15	21
41	0
36	1521
0	803
0	19
0	37
0	0
0	0
0	0
0	0
428	1020
11	297
0	431
10	914
0	64
3	283
0	361
0	270
1	113
1	291
207	292
5	28
8	0
0	47
323	6430
433	3003
0	6116
66	4537
0	6123
0	1193
1	3201
0	3556
0	2408
0	1698
1	1300
0	1107
1	95
0	185
5	70
0	685
0	165
0	643
644	851
95	189
10	5
0	122
1	342
0	453
0	4
0	355
0	221
0	41
0	684
147	1050
1	688
0	695
0	650
1	593
1	658
1	682
2	797
6	20
2	42
0	713
34	67
3	2497
3	2239
338	5835
0	2598
0	4756
0	5479
0	4300
4	3286
0	783
1	826
1	342
0	157
7	153
48	20
0	13
0	85
0	14
0	186
1	153
0	150
0	144
0	106
4	8
0	60
0	0
0	13
0	9
20	89
0	156
0	170
0	141
4	1
3	1
41	1784
1	1454
4	1303
0	728
1	958
7	1001
0	288
0	735
0	203
2	90
0	0
0	0
0	0
0	0
0	1
0	1
0	1
0	1
0	1
0	0
0	1
0	0
0	1
0	1
0	9
10	466
0	30
0	30
0	467
1	166
0	449
0	0
0	0
0	0
9	87
6	89
0	54
448	54
2	89
0	4
22	4
0	0
0	1
11	544
0	362
0	40
0	51
0	65
0	46
0	20
0	20
0	540
0	540
0	0
0	0
0	0
1	4
1	16
4	2
0	0
66	12
0	992
2	172
4	1331
14	1184
1	762
0	616
5	195
0	0
0	1331
0	824
0	865
0	1157
0	715
0	81
2	66
0	73
7	375
4	545
0	469
0	0
0	0
0	0
14	2027
6	745
0	1637
0	1787
1	1922
0	1536
0	1078
4	285
0	615
0	328
4	346
2	254
0	205
72	334
0	306
0	174
0	1
0	1
0	0
0	1
0	1
0	1
0	1
2	1618
5	1556
0	1429
0	1540
0	1512
3	505
8	594
13	594
0	1621
1	1516
1	1545
0	1538
0	1551
0	1364
0	1522
0	1581
0	1524
1	1618
0	1528
0	1581
2	1495
0	133
0	1446
2	1525
0	1618
0	1579
0	103
3	174
33	1157
8	941
5	775
0	111
609	150
17	124
1	42
0	298
152	105
7	0
0	0
0	0
0	0
0	0
0	3
0	3
0	1
80	0
0	322
20	615
18	116
0	657
1	398
2	418
3	421
1	412
11	31
8	8
0	160
1	56
0	21
2	300
0	20
0	300
3	20
0	293
9	73
6	259
0	0
0	0
1	12052
0	12353
0	11463
0	12223
0	4157
34	4002
0	3955
0	1997
7	1799
120	1322
0	999
0	836
56	18
18	271
0	69
0	25
0	1
2	0
0	0
0	251
1	2431
0	2633
0	468
0	2416
1	2393
0	2563
0	1838
0	2288
158	1106
1	2272
0	2561
0	2469
0	2358
0	2541
0	2400
0	2567
0	2142
0	2555
0	2535
0	2547
2	2458
0	2331
0	2425
0	2212
0	1956
0	2066
4	2062
6	1310
0	1328
0	1326
0	1374
1	1080
0	925
0	976
0	774
0	177
0	430
0	440
1	426
0	328
0	1
2	1
87	0
8	1389
0	1314
2	1274
2	705
0	137
0	92
0	3
0	1286
1	125
0	175
0	880
0	107
3	156
0	261
0	318
5	162
1	150
0	285
0	714
3	102
1	309
11	330
3	229
0	185
0	49
429	50
0	50
0	1
0	0
0	374
0	375
0	55
0	40
1	26
0	15
2	6
0	0
0	333
0	320
0	309
0	127
6	194
0	282
0	180
26	248
0	34
0	22
0	19
10	17
19	107
0	19
1	33
0	40
0	1
0	1
0	1
0	0
20	490
68	472
1	402
16	218
46	65
22	79
0	49
4	1528
30	1417
0	1400
0	1400
0	574
1	560
0	803
0	464
1	325
0	516
0	436
0	73
0	323
0	261
0	192
0	0
0	0
0	0
0	0
0	0
0	0
0	0
0	0
0	42
0	42
0	9
2	3
0	2
0	0
0	0
0	4
20	84
0	78
0	31
0	6
0	8
0	37
6	42
1	15
0	15
0	0
0	12
0	0
0	0
0	0
0	0
0	0
0	24
0	4
0	24
0	4
0	2
3	5
0	8
0	2
0	2
100	842
6	127
3	740
0	0
0	0
0	0
11	0
1	258
1	258
100	258
2	9
0	0
0	1
0	1
0	1
0	0
0	1
0	0
0	1
0	1
129	7
65	1
455	301
16	301
1	0
0	11
24	656
0	578
0	587
0	580
1	329
1	363
0	335
1	370
0	52
22	176
0	151
0	152
6	32
0	76
15	19
0	9
0	10
32	22
0	22
0	0
1	2
0	1
0	3
0	2
0	1
0	2
0	3
0	1
0	0
22	117
0	101
8	81
0	109
0	49
31	21
0	17
0	17
0	24
0	14
3	7
0	103
0	112
163	332
0	251
0	132
0	96
0	136
5	317
0	310
1	309
3	116
0	51
41	0
3	91
1	77
2	0
0	0
1	931
0	308
1	171
0	859
0	118
0	954
0	139
1	259
13	860
14	1008
0	1318
5	1366
5	1251
1	631
0	858
1	176
1	112
0	238
0	95
8	80
7	162
1	5
0	1232
0	1209
1	382
0	393
1	310
0	7
0	387
0	269
1	92
0	99
0	117
7	30
0	82
0	17
0	28
34	51
0	27
0	45
0	5
0	2
0	2
0	5
1	2
0	163
6	61
2	57
696	163
0	4
0	6
13	4
0	7
0	19
318	13318
31	3498
0	3498
26	13122
0	12987
0	5302
3	13097
61	6112
0	6
0	7
0	14
0	0
0	13
0	9
1	0
0	165
0	134
0	170
0	26
0	26
0	24
0	39
0	33
0	8
0	23
1	29
0	17
1	13
0	11
0	17
0	9
0	9
0	9
0	2
1	6
3	2
1	0
0	0
0	0
0	0
0	0
0	0
0	0
62	72
0	37
2	55
0	46
0	38
0	0
0	197
2	540
1	685
4	1058
0	1171
0	1171
10	294
1	1062
6	63
0	74
0	209
0	254
0	277
0	273
2	172
0	161
0	147
21	142
0	1096
63	739
0	275
23	178
6	321
0	355
5	48
1	433
0	2
0	0
0	1
0	0
0	0
0	1
0	1
0	2
2	2728
0	2187
0	2705
16	2724
19	2775
0	2739
0	658
9	165
2	114
0	370
0	282
0	2068
0	2664
0	164
0	160
0	146
1	260
0	2676
0	2542
0	80
0	79
0	703
39	2484
0	347
59	1804
4	431
2	422
0	66
637	230
0	59
2	51
2	6
1	12
0	0
0	97
0	130
3	6
0	2
0	3
0	3
2	2
0	3
0	6
720	799
0	804
12	623
1	554
1	217
1	33
2	155
13	162
0	0
0	0
0	0
0	0
0	0
0	0
1	2228
3	586
0	625
3	120
9	121
0	105
0	2221
0	925
1	67
0	67
0	6
0	17
0	4
0	48
0	8
0	11
0	4
0	9
0	4
0	3
929	674
1	476
1	306
5	1
0	0
0	1
4	6
76	22
0	22
0	279
0	2
19	296
0	253
0	192
0	177
0	61
0	38
0	32
1	46
2	35
3	35
0	207
0	67
0	71
0	194
2	203
0	380
0	374
0	0
0	65
0	378
0	281
0	515
14	451
5	335
1	173
0	0
0	0
0	0
0	0
0	0
0	0
0	0
0	138
0	16
0	15
1	105
0	37
0	24
0	32
0	22
0	37
0	25
0	25
0	0
0	0
0	0
0	0
0	0
0	0
0	0
0	0
710	27
0	25
9	580
0	165
6	16
0	20
0	4
64	87
2	489
1465	258
1	186
1	154
0	35
0	10
0	1
0	191
0	81
0	222
0	62
0	89
1	196
0	23
0	53
0	70
0	98
4	15
10	45
0	41
12	12
0	20
0	1
0	2
0	2
0	2
0	0
0	1
0	0
0	0
0	193
0	89
38	730
0	152
4	176
0	133
0	123
0	2112
0	2116
0	70
0	70
0	3
2	53
0	57
0	154
12	3
3	3
6	1361
0	156
12	1143
3	675
0	463
0	266
5	50
0	218
3	266
0	59
339	207
0	15
0	136
0	55
1	72
0	49
3	186
2	157
0	208
0	186
7	23
9	22
4	361
5	593
0	600
2	12
6	19
0	43
1	3
1	61
59	269
0	43
0	268
7	28
0	2
0	3
0	9
0	11
0	11
0	7
0	9
0	9
2	12
0	9
0	14
0	2
0	9
0	13
0	9
0	19
0	68
0	0
0	2
1	70
0	71
0	6
0	5
0	52
5	47
0	0
0	0
0	4
0	7
0	16
0	7
0	35
0	0
0	13
0	13
0	42
0	50
0	7
0	8
0	6
0	6
0	0
0	0
0	0
0	0
0	0
0	0
0	0
0	0
0	0
0	0
0	0
0	0
0	0
0	0
0	0
0	0
0	0
0	0
0	0
0	0
0	0
0	4
0	4
0	4
0	2
0	4
0	4
0	4
1574	1595
0	1220
0	945
3	771
1	1019
0	373
1	80
0	0
0	0
22	381
0	369
0	40
0	174
0	118
0	173
0	103
0	0
289	1296
1	1181
0	384
0	253
0	205
8	188
0	136
0	116
0	60
0	103
0	111
1	59
0	0
0	0
0	0
0	0
0	0
0	0
0	0
0	0
40	766
13	2150
0	2239
0	2154
0	270
0	1042
1	157
2	158
13	0
107	0
0	238
0	1219
1753	1218
1	1736
3	4310
0	1623
0	4365
0	2388
0	0
0	1
0	0
0	1
0	4
0	8
0	8
0	8
0	0
0	644
5	594
1	491
0	504
0	361
0	271
0	318
0	43
0	75
1	195
2	204
0	213
9	21
14	178
0	106
0	418
0	179
0	36
1	382
0	22
0	189
3	51
3	85
0	1
0	10
0	1
0	10
0	1
0	0
0	10
0	0
0	0
0	10
0	0
0	0
0	0
0	0
0	5
0	6
0	6
0	5
0	4
0	3
0	3
0	1
0	1
0	0
0	0
0	0
0	0
0	0
0	1
0	0
0	0
0	1
0	2
198	90
0	70
1	41
0	0
0	0
0	0
0	0
0	0
12	0
0	0
0	184
0	321
0	349
0	4766
0	3463
0	785
0	193
0	504
0	495
0	562
0	4771
3	3397
0	2867
3	3448
16	661
2	2029
13	742
1216	0
0	2
0	2
20	654
21	654
9	604
3	32
3	200
0	1
0	32
0	36
0	27
0	39
9	26
0	55
0	27
0	32
1	29
0	2
0	5
0	2
0	3
0	3
5	2
0	956
35	1045
7	203
0	323
2	534
3	99
1	189
8	57
14	46
0	25
0	11
4	46
2	10
0	16
0	0
0	0
0	0
0	0
0	0
1	0
176	164
0	22
0	86
0	152
0	34
0	115
0	0
0	0
46	920
0	786
0	312
17	0
0	0
0	0
0	0
0	0
0	0
0	0
0	0
0	0
0	0
0	0
0	0
0	0
0	0
0	0
4	97
2	94
0	8
0	1
1	40
0	44
0	2
0	25
0	3
7	92
1	92
1	47
0	42
0	73
0	43
0	25
0	18
0	15
0	14
3	336
0	754
0	777
7	104
1	175
1	169
13	154
1	230
1	205
2	140
1	86
0	133
1	311
5	308
0	4
0	4
0	0
0	4
0	121
0	3
0	51
0	0
1	117
0	121
0	10
0	52
0	42
0	46
0	52
0	12
0	9
0	6
4	245
0	252
0	217
2	245
6	281
0	389
13	211
0	415
2	405
1	391
0	475
6	201
0	1
0	116
1	293
0	413
7	5
0	5
50	7146
11	8377
1	5207
248	4991
13	1323
0	157
0	0
0	0
509	0
1940	1999
46	1941
0	1490
1	280
5	234
1	231
0	87
0	3
0	1
0	1
0	1
0	2
0	1
0	41
0	1010
0	963
3	1025
0	1067
0	1014
0	287
0	933
0	927
0	584
3	293
6	283
0	850
0	716
0	56
0	27
0	639
0	329
0	86
0	73
0	642
16	168
0	271
0	67
0	52
1	98
1	152
3	61
0	885
0	293
27	869
0	820
0	1673
3	1792
0	1679
0	2100
1	879
0	1562
0	2005
0	1881
0	851
0	1123
2	167
0	263
1	905
0	1018
0	1265
0	156
0	342
2	347
7	5
0	125
9	43
1	832
0	211
1	178
0	169
0	203
0	177
0	161
0	130
0	113
0	1975
1	104
8	51
5	245
8	160
0	50
3	48
0	25
0	0
0	0
0	37
7	16
0	12
1	7
0	20
0	0
0	315
0	315
0	1
0	1
0	1
0	0
0	4
0	9
2	1
2	5
0	3
1	1
0	0
0	0
0	0
0	0
0	446
0	452
0	0
0	124
0	0
0	185
0	21
0	21
0	113
2	34
0	14
0	9
0	34
0	712
2	614
0	24
0	208
0	51
1	14
4	7
0	22
3	103
0	146
0	376
0	131
0	11
2	543
2	21
1	46
3	4
0	4
604	2
530	2078
0	168
0	170
0	260
0	372
0	398
0	225
0	365
1	403
2	80
1	48
2	115
1	12
0	246
6	641
0	250
8	54
15	107
0	98
0	7
0	8
0	8
0	4
0	0
2	0
0	0
0	2
0	2
0	1
0	2
0	2
0	1
0	1
0	1
0	0
0	0
0	0
0	0
0	0
0	735
0	10
1	767
0	145
0	90
4	19
0	8
1	43
3	66
0	21
1	30
0	25
34	307
0	19
0	86
0	246
0	19
0	3
2	23
1	547
0	570
0	568
1	295
0	312
1	96
0	561
0	400
0	555
0	433
0	173
8	451
2	486
0	419
0	549
0	546
0	304
0	558
1	13
0	3
0	5
0	12
0	1
0	1
0	1
0	1
0	0
1	0
22	236
1	175
1	236
0	9
2	4
5	0
0	0
0	0
0	0
0	0
0	0
0	0
153	1275
0	1195
0	871
0	877
0	904
1	836
22	280
3	235
2	146
0	238
0	123
4	152
0	158
2	108
0	48
0	49
0	734
0	522
0	0
0	0
0	0
0	29
2	29
0	978
813	978
5	607
472	221
0	161
0	119
0	179
2	134
0	26
0	41
1	118
0	68
0	0
0	3
0	3
0	0
0	3
0	3
0	3
0	0
0	3
0	3
0	3
0	3
0	3
0	3
0	3
0	3
0	0
0	0
1	0
0	0
0	0
0	0
0	0
0	0
0	956
0	936
0	918
0	64
17	0
511	485
6	155
0	116
1	154
0	17
0	9
0	3
0	7
0	7
0	10
0	3
0	9
0	3
1663	64
0	64
0	21
0	17
0	13
0	16
0	13
0	15
0	2
0	5
0	0
0	7
0	6
0	2
0	2
0	0
0	1
0	0
0	0
0	0
0	1
0	1
0	1
0	0
0	0
0	0
0	0
0	0
0	21
0	0
0	0
0	0
0	0
0	0
0	0
0	0
0	0
0	0
0	0
5	156
0	131
0	73
3	144
0	0
0	0
0	0
0	0
0	0
0	0
0	0
0	0
0	0
8	84
475	180
46	96
10	0
974	1
80	347
17	346
183	304
0	19
0	190
1	27
0	8
0	0
114	2171
6	2170
0	1778
0	519
140	363
0	508
4	0
2	1
0	60
0	68
0	63
0	38
2	33
0	16
0	0
8	5
0	5
0	0
103	97
0	85
0	83
0	18
0	25
0	22
0	13
0	2
0	5
3	1023
1	985
0	567
0	570
8	622
0	613
4	1012
0	444
0	959
0	5
0	575
2	288
1	458
0	3
1	2
0	2
0	1
0	1
0	0
0	1
0	3
0	2
1	1
0	0
0	0
0	0
0	0
0	0
0	0
0	0
0	0
24	7982
0	6948
12	3617
2	6812
31	555
0	5521
15	7596
47	1829
0	7980
0	0
0	0
0	0
0	0
0	0
0	0
67	1523
5	305
5	228
0	1089
9	368
0	61
41	705
0	392
0	291
0	73
0	80
0	18
119	560
3	74
0	61
0	104
1	46
0	73
0	67
0	100
0	65
5	66
4	354
0	74
3	176
6	308
3	47
6	0
0	70
0	81
0	60
0	88
0	40
1	2
1	0
0	2
1	1
0	1
0	1
0	1
0	0
73	0
0	0
0	0
0	0
0	0
0	0
0	0
0	0
0	1113
8	1111
1	85
0	1
40	602
0	558
0	567
0	558
45	447
0	553
1	312
0	2
1	2
0	2
0	6
0	70
0	23
1	88
0	71
2	1331
0	66
1	1328
0	0
0	84
0	1328
19	61
0	45
0	40
54	792
0	872
0	485
17	42
1	465
0	10
1	10
0	4
0	5
0	8
0	1605
28	1334
0	614
6	148
1	862
0	221
0	200
5	259
0	120
26	46
0	238
0	260
0	286
0	259
35	264
0	142
0	141
0	71
0	89
3	132
253	79
3	56
1	57
0	0
0	0
0	1
0	1
0	0
0	109
1	174
462	662
0	645
0	127
0	101
0	1384
0	1405
0	379
3	317
0	317
0	273
1	0
0	141
0	141
0	68
1	94
0	15
0	18
0	0
0	1404
0	1387
0	377
0	1406
0	1503
0	1460
0	1511
0	153
0	157
12	88
0	137
0	90
0	96
0	97
0	86
0	42
10	39
9	56
3	55
0	39
0	25
0	28
0	25
0	24
17	24
0	18
1	8
1	0
22	34
3	34
0	2
739	1215
3	919
11	761
0	701
0	590
0	517
0	331
495	246
1	112
0	152
0	0
0	0
0	0
0	0
0	0
0	0
0	0
0	1
0	0
0	1
0	60
0	61
2	60
0	60
0	60
0	55
0	8
0	1
0	16
0	26
0	21
0	19
0	16
116	8028
0	4912
103	9423
0	8572
4	7157
0	4539
39	362
31	934
0	411
0	737
0	24
0	284
0	557
0	72
0	558
0	20
0	51
0	45
0	37
0	68
2	28
0	305
0	19
1	63
0	84
0	928
2553	1149
1	1149
476	431
0	53
40	278
7	356
241	503
0	133
0	68
0	457
1	46
0	40
0	65
0	44
0	23
0	0
1	141
24	42
0	928
0	97
1	61
1	84
0	781
0	94
0	859
10	102
12	743
3	753
5	34
0	114
1	605
0	70
0	76
0	506
0	78
1	178
9	491
6	195
31	1790
0	1961
0	1963
0	241
0	239
0	138
12	152
0	62
0	41
10	13
0	250
0	125
0	122
11	250
0	117
0	70
0	22
0	35
3	0
0	0
0	0
1	308
14	308
0	236
0	257
0	218
23	34
1	0
0	0
0	4
0	9
0	12
0	0
1	10
0	9
0	8
0	0
0	1
0	0
0	0
862	0
12	0
0	33
144	48
0	15
0	1474
1	1487
8	1471
1	1487
0	1464
0	1475
2	1461
2	1248
0	548
0	436
0	302
0	226
2	123
1	30
0	30
0	23
7	9
55	0
482	407
2	120
0	180
0	182
1	15
20	186
1	180
0	171
0	143
2	93
0	0
0	51
0	42
0	187
0	34
0	36
0	17
0	20
0	180
0	155
0	15
0	34
0	0
0	14
3	140
0	154
0	43
0	48
0	152
0	51
0	26
1	38
0	29
2	284
0	0
7	942
0	791
65	897
35	730
2	537
0	0
0	0
0	0
0	0
3	19
0	360
0	19
0	345
0	354
0	341
0	46
0	18
0	28
0	28
0	0
0	57
0	25
1	16
0	13
197	0
168	423
4	100
8	323
0	0
0	0
0	0
0	24
0	575
0	69
0	589
0	576
4	8
0	570
2	22
0	50
0	585
0	237
1	267
0	98
0	70
0	62
0	20
0	25
0	447
3	47
0	50
0	66
0	28
0	373
123	370
0	367
2	1154
1	515
0	979
4	279
0	463
0	331
8	370
0	524
28	150
0	383
0	347
0	410
0	335
0	359
0	216
0	128
0	72
51	738
0	552
0	242
0	719
59	728
0	72
0	353
0	101
0	78
1	124
0	140
0	96
1	11
0	13
0	707
0	0
0	2442
0	164
33	3151
0	2220
0	86
0	2219
0	2930
0	221
1	0
2	147
21	62
0	297
0	1198
0	286
2	1064
32	1027
0	1168
6	52
402	360
3	234
0	199
8	87
11	155
1	155
0	1089
0	393
0	293
1	86
0	91
0	11
0	0
0	1051
4	982
0	0
0	2
0	2
0	2
0	0
0	0
0	2
0	2
0	2
0	14
0	12
0	0
0	6
0	1
0	15
0	2
0	3
0	9
0	0
0	0
0	0
0	1
0	6
0	1
1	241
1	178
0	112
0	89
141	220
0	228
0	200
0	56
0	172
1	10
0	17
0	55
0	44
0	61
0	42
0	54
0	106
2	90
0	15
0	48
0	100
1	40
0	85
0	122
0	16
0	16
3	67
0	122
0	101
0	178
0	151
0	57
0	6
2	27
0	17
58	2447
63	550
0	88
0	2447
0	1
0	12
0	11
3	12
4	10
0	1
148	0
53	1062
41	974
1	104
1	417
0	32
19	852
0	1
0	4
6	4
0	1
0	1
0	3
0	4
1225	0
1	124
0	80
0	399
0	384
0	442
3	193
0	223
0	77
1	422
0	143
1	88
0	424
0	141
0	89
6	40
16	113
0	98
1	79
0	104
0	32
0	87
0	0
0	0
221	1204
1	1177
0	774
0	211
1	135
96	1104
8	846
1	701
9	1155
0	134
11	60
0	77
0	53
3	158
0	620
0	40
0	62
0	639
17	4
0	4
0	3
0	7
0	7
0	6
0	323
0	35
0	19
0	12
0	323
4	13
0	40
0	323
0	322
1677	246
6	193
2	101
30	712
0	2957
158	5544
5	1312
0	225
2	5471
1	293
3	1128
3	1787
0	0
119	1081
12	1080
6	506
8	36
229	849
16	6
0	53
1	376
19	12
5	79
0	680
0	409
0	404
0	181
0	217
0	200
0	196
0	201
0	169
0	87
0	84
0	68
0	52
3	42
0	70
0	51
0	38
0	41
0	20
0	22
0	12
0	18
1	0
0	386
0	192
514	675
3	533
2	231
0	371
10	39
1	39
0	10
0	6
108	0
0	1244
7	1223
39	1303
1	69
0	106
70	94
0	1
0	1
0	1
0	0
0	0
0	5
4	5
0	5
0	234
0	1172
0	100
0	152
0	1173
0	1110
8	59
0	81
0	146
0	1751
1	71
0	83
0	52
0	145
0	174
0	235
0	227
0	405
0	1622
0	1611
0	336
0	119
0	293
0	157
0	278
0	1119
0	52
0	160
0	1649
0	1066
0	162
23	273
1	95
0	572
1	516
41	426
0	305
0	0
2	0
0	0
0	0
0	0
0	0
0	0
0	0
0	358
0	350
0	358
0	332
0	385
0	377
44	293
0	344
0	242
0	207
7	89
0	142
0	127
0	143
4	23
0	120
0	88
0	106
0	82
0	57
0	78
0	79
1	80
38	1033
14	1016
0	85
1	469
42	101
5	1016
0	1024
0	3
0	3
0	3
0	0
0	0
0	3
0	0
0	0
0	0
0	1
1	3
0	2
0	2
0	0
223	1115
0	2209
10	2215
15	1288
3	1295
37	1029
1	763
22	7
6	3
3	3
1	10
0	2
0	5
0	8
0	5
0	2
0	1
0	6
0	0
0	0
0	0
0	2
1	0
11	881
4	879
0	107
7	7818
0	7818
0	6695
0	6394
51	7372
1	6688
0	7317
0	5259
0	6581
11	2468
1	6640
0	328
0	0
0	37
0	36
31	37
0	14
1	4
1	1
1	0
0	881
36	1020
21	212
21	768
0	1020
10	1341
0	1341
7	1340
0	635
1	55
0	17
12	565
9	565
0	74
1	80
0	1
0	0
0	0
0	0
1	0
0	1
0	0
0	0
0	0
0	20
0	19
0	83
23	255
10	255
2	152
10	163
0	27
0	58
2	39
0	16
0	1
0	1
0	1
0	1
0	1
0	1
0	0
0	0
0	0
0	0
0	0
0	0
0	0
0	0
0	0
0	0
0	0
0	0
0	0
0	0
0	0
0	1576
82	1628
3	191
599	416
0	51
0	364
0	87
0	28
6	391
2	401
10	351
0	225
0	348
0	38
0	125
0	105
562	50
1	0
0	0
0	0
0	0
0	0
0	0
0	0
0	0
435	328
1	328
1	159
0	134
0	140
0	77
0	3
14	11
0	10
0	2
0	2
0	2
0	1
0	1
0	0
0	1
0	1
0	1
0	1
0	1
0	1
0	1
0	1
0	1
0	0
0	0
0	0
0	0
0	0
0	0
0	0
355	695
82	582
3	508
0	270
8	211
5	247
30	327
0	292
0	304
27	253
0	279
2	197
23	29
0	58
0	44
0	36
1	36
0	300
3	96
169	326
1	47
3	47
652	384
205	269
64	341
4	107
0	32
0	616
0	893
7	802
2	10
2	353
0	3
15	1
0	124
0	226
1	257
0	196
0	279
22	71
0	247
0	144
11	147
5	58
0	59
3	18
0	12
0	32
0	44
1	49
0	20
0	41
0	33
0	13
0	11
0	179
62	101
0	261
26	277
8	67
58	7
0	317
0	328
0	219
0	77
0	35
0	26
0	175
56	170
0	170
0	30
23	13
0	30
1	13
0	23
1	51
0	78
0	5
0	5
0	0
0	385
0	0
0	0
0	0
0	0
0	408
0	407
0	14
0	28
0	370
0	24
0	30
0	29
0	42
1	313
0	30
0	152
1207	400
0	400
353	651
6	357
0	142
0	608
0	37
2	45
0	0
6	397
0	39
4	298
0	25
1	16
0	0
1	18
0	17
0	176
0	31
0	28
1	11
0	593
0	173
0	59
0	33
0	13
0	54
0	22
2	22
1	45
3	19
0	8
1	8
0	10
0	7
0	15
3	52
0	389
0	114
2	51
81	642
0	385
0	625
0	281
0	0
0	0
0	0
0	0
0	0
0	0
0	0
0	0
0	0
0	0
0	0
261	1124
121	1124
30	649
1	325
3	649
0	62
1	204
0	27
1	68
0	24
0	68
0	139
0	205
0	196
146	213
0	128
0	57
0	58
0	42
30	20
0	6
0	102
0	169
0	165
0	12
0	158
0	35
0	267
1	410
683	404
0	26
0	701
0	715
0	695
1	665
0	692
0	686
0	83
0	552
0	548
4	111
0	576
0	660
0	720
2	432
0	1
0	1
0	1
0	1
0	1
0	1
0	1
0	1
0	0
0	0
0	0
0	0
0	0
0	3
12	2
0	3
0	117
0	148
0	57
0	115
3	146
129	303
1	288
0	37
0	37
1	11
0	2
0	2
0	55
2	242
0	296
0	1002
0	261
1	268
0	989
6	44
7	258
0	0
1	0
0	0
0	0
0	0
32	211
0	211
3	13
12	9
9	0
5	70
38	135
0	80
0	14
0	275
0	241
1	21
215	495
0	324
0	517
0	26
0	25
0	9
0	63
0	1149
5	1046
5	1199
8	17
0	578
1	104
0	157
2	122
21	644
0	0
0	0
0	0
0	0
0	0
0	0
0	0
2	778
484	1354
0	352
0	57
5	504
2	53
0	7
0	71
0	63
0	88
0	50
0	26
0	15
1	12
1	20
0	7
4	422
0	28
0	72
2	33
0	45
0	157
0	2791
5	2121
4	2543
14	321
2	421
33	1765
2	324
0	1800
1	706
0	531
1	224
0	1102
6	612
4	1219
0	831
0	13
4	31
1	581
3	71
1	48
0	21
4	42
6	79
0	121
2	63
1	72
0	8
0	19
1	69
0	50
0	101
0	104
8	96
0	320
0	10
1	15
1	270
4	33
0	246
0	18
0	3
0	3
0	8
0	145
0	7
0	120
6	54
0	30
0	30
1	49
0	79
0	79
2	145
270	208
1	63
0	32
0	50
0	22
2	37
0	23
0	46
1	49
0	6
1	49
6	47
1	16
1	147
0	26
0	22
0	147
0	1
0	1
0	1
0	0
0	1
0	0
0	915
0	929
0	921
0	27
0	916
0	572
86	0
2	2
0	2
99	1688
0	1637
3	1142
47	1304
10	997
5	1157
0	1240
10	850
24	845
24	1117
0	282
0	1139
154	70
1	30
0	37
0	28
1	33
64	263
22	270
0	48
0	143
0	1
0	4
0	2
2	2
0	1
0	1
0	3
0	1
0	0
0	0
0	0
0	0
0	0
0	2
0	2
0	1
0	1
0	0
0	0
0	0
0	2
0	0
0	2
0	1
0	0
0	0
0	0
0	1
0	1
0	1
0	0
0	1
0	1
0	1
0	3
0	3
0	0
0	1
52	792
0	784
0	89
0	79
1	70
2	91
0	73
0	102
2	21
1	184
0	125
0	60
0	104
0	36
1	40
4	10
9	7
0	81
3	40
0	3
0	86
3	34
1	6
1	160
0	183
0	178
0	132
0	103
0	87
5	84
1	34
0	161
424	0
6	1227
4	287
21	212
0	1330
0	1457
0	1371
0	1405
4	1384
2	212
0	1414
0	1384
0	1367
0	1426
0	1270
0	399
0	71
2	29
5	608
20	90
15	206
0	433
0	487
2	349
0	401
2	271
0	293
0	147
0	97
2	0
0	0
0	0
0	0
0	0
0	0
3	3
0	3
0	1
0	0
11	1936
0	1007
0	1913
0	1925
38	514
0	84
0	0
0	0
11	86
0	0
0	0
1	21
4	166
2	87
2	50
13	14
5	813
232	141
0	569
0	288
3	64
0	58
0	0
5	38
0	42
0	2895
0	0
13	24
0	177
46	955
0	331
5	24
0	132
0	0
0	0
0	0
0	0
0	1
0	1
0	0
1	0
0	0
0	0
0	0
0	0
0	1
1	0
0	0
0	511
0	12
0	0
0	3
0	0
0	0
0	121
0	4
0	0
0	0
0	0
0	0
0	0
0	0
0	2634
0	2632
1	437
0	2634
1	75
0	18
0	65
0	68
0	59
1	14
0	37
14	1226
0	1793
0	1809
0	1178
1	837
7	31
0	1255
126	1780
0	672
0	1215
0	78
0	26
0	26
0	88
20	329
5	244
1	56
9	71
3	178
0	335
0	12
0	26
0	19
0	11
0	11
0	0
0	1
0	0
0	0
0	0
0	1
0	0
0	0
0	0
1	1
0	0
0	7
0	102
414	95
10	0
5	80
0	79
4	10
0	0
0	0
0	0
0	0
0	0
1	0
3	255
54	260
0	194
1	125
0	89
0	146
0	201
1	127
0	26
0	111
1	98
1	72
1	11
7	44
6	33
5	24
675	1173
1	1124
1	201
23	228
0	408
0	10
0	14
0	11
0	9
0	3
0	0
0	1
0	11
0	4
0	5
0	6
0	14
0	5
0	6
0	6
0	6
0	7
0	6
0	5
0	6
0	4
0	7
0	5
0	1
0	5
0	3
1	8
0	2
0	7
0	5
0	7
0	11
0	7
0	3
0	6
0	5
0	6
0	2
0	3
0	8
0	6
0	4
0	3
0	2
0	4
0	1
0	1
0	2
0	3
0	0
0	1
0	0
0	1
0	0
0	1
0	2
0	2
0	5
0	14
29	635
3	635
8	93
73	12
0	176
0	173
0	90
0	98
0	77
0	92
0	2
0	134
1	7
18	134
0	121
3	20
64	0
756	2
0	2
0	0
0	0
0	0
0	0
0	0
4	1726
0	193
0	362
39	129
2	237
119	1581
22	292
2	44
0	0
0	0
0	0
22	7
2	29
0	9
169	5518
209	3736
0	5019
3	5365
3	1149
13	457
2	997
1	616
0	596
0	493
0	814
0	467
0	384
0	863
1	602
0	562
0	519
0	0
0	0
0	0
1	0
0	0
0	0
0	0
0	0
0	0
984	1793
1	233
8	435
0	962
4	674
1	601
0	196
0	478
0	55
0	56
9	13
0	7
0	20
5	35
2	36
0	27
386	267
1	238
1	212
41	236
0	0
15	2068
71	2751
0	2674
5	1096
0	10
4	269
0	73
0	137
0	188
1	83
0	166
0	109
3	182
0	29
0	0
0	0
0	0
4	7436
0	9541
0	335
0	3413
0	561
0	135
0	446
0	717
4	617
0	545
2	103
16	856
0	469
34	2095
7	9451
38	326
21	326
1	30
1	0
2	256
12	266
0	475
3	257
6	206
0	63
0	47
0	150
1	156
9	85
1233	0
37	740
0	701
0	231
0	44
1	214
0	216
1	1
2	20
0	3
0	3
0	3
1	2
0	21
0	1
7	71
0	4
0	24
0	4
0	210
13	2399
0	163
0	15
0	2343
7	232
1	2
1	527
0	528
0	193
0	144
0	1
0	2
0	1
0	0
0	1
0	0
37	0
0	0
225	265
0	36
0	251
0	74
0	0
2	10
0	45
4	11
3	24
3	94
0	69
0	615
0	58
5	49
0	133
0	601
1	75
2	13
0	602
0	615
0	344
0	13
0	42
0	5
1	39
0	34
1	13
0	17
0	17
1	15
0	3
0	1
0	1
0	0
0	0
0	0
0	0
8	578
0	582
2	262
6	130
0	117
2	32
0	442
0	496
0	494
0	432
0	341
3	299
1	120
0	404
0	456
15	950
2	135
1	915
5	492
207	59
0	0
0	0
0	0
0	0
0	0
0	0
0	0
0	0
2	54
4	46
0	52
1	50
0	55
274	80
0	12
0	10
0	29
0	10
0	53
0	71
0	38
0	41
98	1040
57	533
5	988
0	304
0	449
0	218
7	980
0	163
57	200
0	191
0	4884
0	4941
0	378
0	4607
0	4846
0	3557
0	3710
35	3007
16	530
0	2715
0	2626
0	602
4	797
0	2326
0	455
1	165
0	259
0	171
2	2068
7	94
1	414
6	122
0	4634
0	2217
0	28
4	23
2	374
1	945
1	1401
0	1401
2	456
0	273
2	82
10	22
0	697
0	110
0	214
0	273
0	695
0	276
21	672
5	114
0	697
0	213
1	1
0	100
2	100
3	281
0	255
0	239
0	218
0	12
2	30
0	25
2	37
0	14
0	273
2	83
9	251
0	214
2	50
1	40
92	229
0	40
0	20
0	229
1	16
0	11
1195	11
7	5
40	125
0	54
4	112
5	41
1	25
0	16
0	0
0	0
186	10
0	10
228	164
0	91
1	61
1	37
0	13
4	1983
9	2021
1	2018
0	189
0	2035
6	1806
0	1785
2	1768
0	175
0	0
2	0
0	0
0	0
0	0
0	0
0	0
0	0
1	0
0	0
0	0
0	0
0	0
0	0
0	0
17	0
0	0
0	0
0	4
0	1
0	1
0	0
0	4
0	141
0	22
0	387
0	15
0	586
0	27
1	606
1	566
0	25
0	107
0	15
0	22
2	45
3	11
0	40
1	55
0	66
0	68
2	110
1	88
0	81
0	144
162	196
4	19
0	120
0	166
3	34
0	0
0	0
0	0
0	0
3	210
2	453
5	241
5	363
2	458
0	270
0	226
0	67
0	55
20	128
0	38
3	56
0	0
0	0
0	0
0	0
34	435
1	187
0	46
0	226
0	257
0	84
0	29
0	435
0	0
0	0
10	147
0	61
54	174
0	135
0	133
1	9
9	54
0	45
5	48
0	78
0	10
9	99
0	106
0	55
0	15
1	7
16	10
153	393
11	361
5	85
0	32
0	0
0	97
1	92
2	83
0	30
0	23
0	3
3	9
1	7
1	5
2	5
0	12
0	1
238	0
1	638
3	862
2	824
0	820
0	906
10	861
11	2
0	133
0	85
0	34
0	100
0	104
0	131
0	0
0	793
1	763
0	707
0	772
1	774
1	155
0	670
0	755
0	101
0	670
14	16
14	434
0	1
0	1
0	2
0	2
0	0
0	1
80	58
0	27
1	35
15	51
0	12
0	10
10	3
0	10
3	330
3	312
0	84
0	669
21	654
0	100
2	404
0	160
11	161
6	140
0	817
0	817
0	817
0	790
0	790
0	144
1	162
42	264
0	194
0	122
0	22
0	7
1	1
1	16
0	0
0	0
0	9
0	9
0	5
0	0
0	0
0	5
0	2
0	5
0	4
5	4
0	3
0	1
0	1
0	0
526	147
0	34
0	9
0	7
0	147
59	1399
2	1921
0	1921
0	431
0	66
0	93
0	1954
0	1921
0	1913
1	7
2	7
0	7
0	3
0	0
0	0
0	0
0	1
14	1
5	180
0	180
0	182
0	172
0	79
626	474
0	303
2	111
0	129
3	222
0	437
0	44
137	374
0	188
3	375
1	51
1	1
0	2
0	1
0	1
0	1
0	1
0	1
0	12
0	12
0	7
0	12
0	12
1	7
0	11
0	11
0	2
0	2
0	0
0	0
0	0
0	0
0	0
0	0
0	688
0	56
1	680
0	184
1	25
0	36
0	23
0	18
0	15223
0	34
0	15229
0	6271
0	6269
0	7150
0	7143
0	6269
0	6269
0	406
0	7150
0	14781
0	368
57	444
5	142
0	724
0	2786
0	13179
0	13425
0	13828
0	13780
0	13823
0	13172
1	13603
0	14149
0	13909
0	14067
0	13663
0	14659
0	14906
0	14686
0	14853
0	14828
0	14801
0	14902
0	14438
1	14781
0	15098
0	266
0	1271
2	4439
0	13848
62	1
0	690
0	13303
0	13981
0	1051
0	13935
0	12773
0	7564
5	904
0	12417
0	13273
0	8357
0	14696
0	14397
0	12493
0	14448
0	5631
0	888
0	12875
0	13209
0	234
0	13041
2	3572
6	1411
0	1746
0	9301
0	1793
0	1851
2	1783
0	1857
0	1783
0	1760
0	319
0	430
0	125
1	263
0	148
0	206
0	165
1	37
0	96
0	92
3	45
3	32
0	1783
0	0
1	7
0	3
0	4
0	3
0	3
0	0
0	0
2	0
0	7
0	0
0	2
1	8
0	4
1	21
0	4
0	21
0	15
0	1
0	0
0	0
0	6
0	4
670	5955
1	847
7	1063
0	4648
0	4930
152	88
0	88
3	466
0	467
0	295
1	93
36	1294
16	599
0	728
0	114
0	74
0	115
0	62
13	758
1	50
1	0
0	0
11	20505
26	5252
12	1726
1	1701
1	17471
1	18075
16	7657
61	15640
244	8182
0	0
0	0
65	491
0	52
0	395
65	389
0	55
1	413
0	424
0	445
0	310
0	417
0	426
5	223
0	495
39	294
0	17
0	82
4	99
0	84
40	69
0	1006
0	993
0	93
0	737
0	964
1	76
0	983
0	982
0	946
0	940
0	903
0	225
2	136
0	660
0	683
0	642
0	586
61	331
13	331
0	486
101	486
7	0
0	0
0	0
41	338
35	412
0	89
1	0
6	338
0	401
0	0
0	107
0	122
8	1988
3	1988
18	369
1	226
3	124
0	295
0	367
0	211
32	164
3	1290
29	165
3	941
0	40
99	1069
5	32
0	646
19	336
2	70
0	65
0	0
16	0
0	2067
27	1954
0	844
0	1133
4	285
0	333
0	164
1	735
0	802
2	444
3	389
0	287
1	236
0	157
0	94
1	162
2	3189
50	15
2	1743
0	3231
0	48
7	1980
17	696
475	20
0	20
0	127
0	1091
2	1098
0	104
6	5
0	288
0	274
0	89
3	74
0	98
3	55
40	106
3	37
0	146
3	221
0	268
0	24
15	6
0	8
33	18
0	38
0	4
1	15
0	2
0	0
0	31
0	0
2	0
2	0
0	2
0	22
0	2
0	22
0	0
0	2
0	0
0	0
0	9
0	21
0	0
0	1024
0	939
32	899
19	938
31	683
0	424
0	795
0	420
0	326
1	364
10	334
7	256
0	52
0	12
0	12
0	52
0	0
0	0
0	0
0	3
0	1
0	4
3	417
7	417
0	196
0	65
2	4
0	4
0	1
0	0
0	0
0	0
0	0
0	0
0	0
0	0
0	0
3	3
0	0
0	3
3	0
0	0
0	13
3	13
0	1
0	279
0	279
3	280
0	259
0	241
1	72
0	45
3	38
5	5
3	37
0	30
0	38
0	33
123	36346
4	36177
71	15410
15	3401
1	1856
0	4249
4	504
0	2167
0	3163
1	4
0	7
0	7
0	32
0	30
0	8
0	9
0	5
0	5
0	0
3	7
0	25
3	3
0	3
0	1
0	2
13	856
0	834
0	793
15	932
0	969
23	611
0	482
2	387
0	74
0	215
0	8
0	75
3	45
130	51
58	65
2	4
1	18
1	14
942	1266
1	1238
0	772
1	258
1	134
69	62
0	62
0	670
0	640
6	496
0	497
0	96
16	214
0	76
0	131
0	26
0	553
0	583
0	515
187	242
0	61
0	170
0	190
17	208
30	215
0	126
0	124
5	83
0	14
0	0
0	520
0	479
0	496
0	632
0	675
0	511
0	680
0	527
0	675
0	518
0	502
0	478
0	520
0	680
13	696
0	626
1	526
0	506
0	682
0	146
0	270
0	178
1	648
0	467
0	21
0	233
0	644
0	645
8	156
3	356
0	221
0	0
0	0
0	0
0	0
0	0
0	0
0	0
0	25
0	23
2	32
4	29
4	32
0	30
0	16
0	7
1	6
0	9
3	12
0	10
1	0
0	1
0	6747
0	4807
99	1907
32	1204
0	6750
0	6320
0	2
0	2
0	3
0	29
0	46
0	156
0	167
0	142
13	129
0	104
0	78
1	49
12	65
0	7
0	7
0	7
0	32
0	60
0	60
0	60
0	1013
25	186
2	989
0	1
4	1
0	0
0	0
0	0
0	0
0	0
0	0
0	0
0	0
0	0
40	355
0	42
7	31
0	185
0	27
1	50
0	37
0	115
0	1237
0	1237
0	639
0	226
6	117
0	18
3	76
2	11
2	78
9	353
22	223
4	125
27	164
8	15
0	0
0	129
12	432
0	1845
0	1827
1	515
32	1826
0	1827
0	1827
2	320
0	1819
0	496
0	696
19	289
0	629
0	652
0	623
0	358
3	627
0	245
0	357
0	533
17	450
0	423
0	427
0	415
0	370
0	267
0	351
4	352
15	230
0	165
2	0
0	0
0	0
0	0
0	0
0	0
0	0
0	0
0	0
0	0
0	0
0	0
0	0
3	0
2	329
11	322
0	330
145	4
0	0
0	0
0	0
0	0
1	0
0	0
1	101
41	101
1	0
0	366
0	508
0	713
1	393
0	604
0	467
0	508
0	377
0	266
0	40
0	71
0	71
0	68
1	62
0	52
0	21
0	65
4	76
0	33
0	33
0	73
0	74
0	70
0	32
0	70
0	73
0	65
0	57
0	40
0	42
4	70
0	71
0	62
0	77
0	40
0	18
0	58
2	11
0	11
1	25
0	45
0	54
1	17
0	26
0	46
0	49
0	40
0	7
0	22
1	0
0	30
0	3
0	3
0	2
0	6
1	40
0	32
0	17
0	6
1	1
0	8
0	12
0	9
0	9
0	41
0	56
0	7
3	471
0	463
0	483
0	478
0	471
6	255
1	60
0	25
1	92
3	22
0	0
0	0
0	0
0	0
0	0
0	0
0	96
7	94
0	86
0	59
0	9
0	17
0	8
0	15
2	3
1	10
0	7
5	0
4	0
0	0
0	0
0	0
0	0
0	0
0	0
0	0
0	128
0	50
0	173
1	149
0	17
0	8
0	8
0	91
0	116
0	94
0	27
0	13
0	105
0	32
0	12
0	25
0	0
0	166
0	157
0	0
0	1133
0	1913
0	1884
0	941
1	793
0	201
0	429
0	73
0	1455
0	1434
0	732
0	467
0	599
0	559
4	48
0	51
0	207
0	165
0	933
2	551
0	252
0	458
0	422
0	402
1	293
0	123
0	327
0	172
0	236
0	160
0	85
0	51
0	52
22	17
0	0
0	0
0	0
0	0
2	658
0	331
0	68
0	35
1	55
392	215
0	40
2	69
0	19
0	99
0	53
0	0
0	0
0	0
0	0
0	0
0	376
4	117
0	125
0	262
0	352
0	292
0	387
0	186
14	69
0	132
2	71
13	11
1	1764
0	1396
0	1596
3	1352
2	305
0	316
0	398
0	63
0	78
0	63
0	75
0	66
0	36
0	26
0	14
0	28
0	7
5	9
0	12
0	11
1	11
0	282
0	11
7	282
2	10
0	71
0	282
0	284
0	283
0	52
0	283
0	280
0	24
0	13
0	17
1	11
0	17
1	4
2	5
0	50
1	21
0	0
1028	135
0	28
0	128
1	16
474	330
4	183
0	48
47	175
0	50
0	70
4	61
0	37
10	38
0	42
0	58
0	21
0	16
7	12
0	152
11	123
0	77
1	52
0	3
0	11
0	4
0	117
176	191
1	50
0	11
0	5
0	127
0	111
0	111
0	101
4	31
6	29
0	27
0	14
2	4
114	1708
0	1707
3	184
0	357
11	1622
20	12
4	11
0	123
0	19
0	69
2	67
0	22
0	34
0	76
0	149
0	197
14	82
1	88
0	191
71	202
0	202
0	30
0	120
0	43
0	8
5	56
1	25
7	38
0	368
0	338
0	117
7	55
15	53
0	20
0	75
1	105
0	0
0	1
0	0
0	0
1	0
0	0
309	264
0	264
2	53
502	7437
0	1988
118	1
2	7437
33	610
0	610
36	128
2	128
27	165
32	44
176	121
64	167
0	153
1	101
3	60
0	6
0	6
0	2
0	1
0	1
0	1
0	0
0	0
0	0
0	0
0	5
0	25
0	27
0	27
0	4
3	5
2	3
0	4
0	2
0	2
238	245
1	245
0	241
0	13
1	37
0	65
1	4
0	0
0	0
0	0
0	0
0	0
0	0
0	1
0	1
162	174
13	174
2	22
623	223
25	170
1	69
2	51
0	48
0	25
2	329
130	824
1	111
0	802
0	407
0	0
0	0
0	0
0	18
0	14
87	232
0	185
0	189
2	153
0	179
22	115
5	1139
78	1012
2	190
8	175
8	598
132	4395
0	6332
0	4751
0	7282
1	6401
0	5783
0	1606
316	276
0	276
353	183
0	183
0	74
1	54
0	16
2	8
0	0
9	353
54	654
0	311
0	306
556	309
1	165
2	144
94	0
5	661
49	407
12	371
10	317
5	354
0	55
3	102
0	257
12	163
0	122
2	515
0	920
0	997
0	793
0	160
0	195
0	343
1	525
0	442
1	755
0	937
1	1021
3	129
1	329
3	126
0	943
3	263
0	179
3	115
5	143
2	88
0	124
0	562
0	221
0	210
0	47
0	25
0	3
2	8
0	186
101	36
9	36
0	27
2	42
66	1323
4	602
6	1247
1	158
0	28
6	140
6	23
10	65
0	54
6	921
0	0
0	20
0	245
3	79
0	73
2	227
0	142
0	212
0	23
0	250
0	47
0	241
0	42
0	53
3	335
0	74
0	268
34	360
0	43
0	59
0	142
0	86
0	61
10	45
0	71
20	132
0	47
0	71
0	245
0	200
35	408
0	56
49	431
1	119
6	0
141	31
1	30
2	18
15	0
0	8
26	27
1	24
0	24
0	7
0	6
0	0
0	0
0	0
0	0
0	0
0	0
0	173
98	19
0	16
0	16
0	178
2	18
2	166
1	86
0	642
0	1597
3	409
0	440
0	1111
0	2099
0	2019
0	558
0	416
0	2014
0	1118
1	1002
0	563
0	1669
0	1646
57	1342
0	1135
0	0
0	0
0	0
0	598
0	2254
29	1434
0	2046
1	264
1	569
0	327
0	2
0	0
0	0
1	2
0	2
0	0
0	2
0	0
0	0
0	2
0	0
0	1
0	0
0	268
0	257
6	172
1	222
0	225
0	241
0	45
0	44
3	7
2	22
0	20
3	42
0	26
0	5
8	9
0	22
0	32
0	14
0	15
0	19
123	452
0	55
0	119
0	35
0	75
8	430
0	264
7	38
4	184
1	55
1	70
0	242
0	15
157	147
2	111
0	0
0	36
107	369
1	325
2	113
0	149
0	1
90	1
0	0
0	376
0	1092
2	987
29	591
104	1153
0	380
2	215
0	229
1	106
6	17
11	16
2	16
10	94
0	111
1	111
0	21
40	7
0	3
0	0
0	4
19	28
0	24
0	7
0	1
1	17
2	65
0	394
14	485
0	107
0	70
0	87
5	45
5	23
13	51
327	324
9	342
0	283
14	8
0	70
3	26
6	49
0	84
0	78
0	64
0	33
0	23
0	16
0	20
0	11
0	13
0	17
0	10
7	21
0	21
0	12
0	16
1	9
0	21
0	13
0	11
0	945
2	882
0	569
0	995
1	964
6	540
0	193
1	99
0	37
3	243
94	273
16	12
0	85
2	49
1	34
0	34
6	40
5	60
0	69
4	73
0	8
0	51
0	39
0	4
0	21
0	10
0	7
0	10
0	15
0	6
0	0
1	94
0	94
1	16
0	0
0	0
0	0
0	0
0	0
0	0
0	0
0	0
0	0
0	0
0	0
0	0
3	89
6	90
49	22
0	91
0	45
8	23
0	2
0	6
3290	1985
3	293
17	441
72	1717
663	1946
20	330
110	40
0	32
2	15
0	0
0	5
1	62
0	5
0	0
0	61
0	60
16	120
0	32
1	4
0	7
0	7
0	28
0	50
0	5
0	1
0	0
2	3
1	4
0	3
0	3
0	3
0	0
0	0
0	0
0	0
0	0
0	0
0	61
0	67
0	65
0	0
0	0
0	0
0	0
0	0
0	0
0	0
0	4
1	65
0	4
0	4
0	27
0	5
1	1
0	2
0	0
0	0
0	35
2	35
3	35
2	570
0	1561
12	1525
0	1127
0	411
0	480
2	66
8	93
9	218
0	600
7893	0
0	0
0	0
0	0
0	0
0	0
0	0
0	0
0	0
0	0
0	0
0	0
0	0
0	0
0	0
0	0
58	0
85	1250
0	1183
4	1113
21	249
0	216
0	128
0	13
2	0
4	135
1	138
0	4
0	51
0	43
0	12
0	2
0	9
0	15
0	16
0	8
0	50
0	582
0	1051
0	594
1	132
2	72
0	823
0	608
0	1012
0	978
0	567
0	74
0	284
0	145
0	581
0	32
0	786
0	778
9	138
20	165
2	63
0	652
0	539
1	9
1	202
0	57
0	71
0	39
0	42
4	16
0	7
0	7
0	2
0	7
354	898
0	165
0	740
0	206
1	49
232	0
74	1913
1	1610
18	1913
0	848
0	0
0	0
0	0
0	0
0	0
0	0
0	1100
0	1209
0	1127
0	763
0	1231
3	147
0	1159
0	37
1	119
0	336
79	904
2	232
7	128
2	4
0	9
1	28
2	567
2	338
1	480
0	4
0	1
0	2
0	9
0	9
0	1
0	1
0	1
0	0
0	1
0	5
0	3
2	3
0	3
0	0
0	0
0	0
0	0
0	0
0	0
0	0
0	0
0	0
0	0
442	0
0	0
0	1
0	1
0	0
0	0
0	1
0	1
0	0
0	0
1	0
0	1
0	0
0	0
0	0
0	0
0	0
0	0
0	0
0	0
0	0
181	805
1	114
24	180
7	194
0	588
2	17
0	625
2	495
13	199
0	180
8	195
0	52
0	93
0	63
0	55
0	40
0	4
0	109
0	105
0	51
0	37
0	31
0	14
0	193
0	0
0	0
0	0
0	0
3	0
0	0
0	0
0	0
0	0
0	0
0	0
6	4
14	50
0	49
0	40
0	37
1	0
0	34
0	29
0	32
3	23
0	13
0	6
1	9
0	2
0	3
0	3
0	1
0	0
0	780
0	570
0	92
0	684
0	656
0	668
0	675
0	709
0	732
0	639
0	719
0	704
0	705
1	570
0	504
0	554
0	600
0	440
0	491
0	31
3	60
0	275
0	58
1	43
1	208
1	93
0	109
2	73
0	74
0	69
0	728
575	0
0	227
0	230
0	211
0	220
0	204
0	146
0	224
0	224
0	221
0	208
0	179
0	126
0	132
2	125
2	23
0	14
0	17
1	0
0	0
0	0
0	0
0	0
0	215
0	211
4	56
1	84
3	22
4	74
2	22
0	62
0	74
0	52
0	52
0	51
0	26
0	22
0	4
0	2
0	1
0	0
0	52
0	19
0	17
0	19
0	7
0	7
0	14
0	12
1	3
0	0
0	17
0	953
0	480
0	430
4	5
2	4
0	3
0	4
0	1
2	1
0	1
0	1
0	1
0	1
0	1
0	1
0	0
0	0
0	0
0	0
0	0
0	0
0	0
0	26
355	403
0	278
0	201
0	97
0	55
0	77
0	61
0	52
0	0
0	166
0	141
0	151
2	156
1	20
1	30
1	132
1	73
2	24
0	25
0	0
0	0
0	0
3	170
0	93
0	20
10	12
0	0
0	168
1	939
0	845
0	58
0	24
8	219
0	101
1	58
0	23
0	0
0	0
12	432
0	416
0	61
5	16
0	218
1	255
4	197
0	220
0	234
0	194
1	137
0	100
0	86
0	158
3	50
0	69
0	9
0	0
0	0
0	0
0	0
4	11
0	11
0	5
0	1
1	3
0	0
0	0
11	398
8	330
3	143
1	258
2	158
10	295
0	110
0	104
10	113
0	16
0	14
0	65
1	0
0	0
0	0
0	908
0	908
30	563
1388	0
0	967
0	397
0	14
1	1013
0	319
0	1080
50	44
0	357
0	1030
0	1046
2	82
0	170
0	0
315	790
1	0
0	0
1086	1080
0	166
0	838
0	553
0	215
0	141
214	92
0	0
0	881
0	833
6	881
0	871
35	1069
3	711
13	64
0	216
5	7
0	142
1	140
4	107
1	67
0	68
9	36
3	45
8	20
0	2730
0	2363
0	2521
7	1018
1	2191
0	2265
4	1929
0	2279
0	2055
0	1991
0	1424
0	838
0	629
0	675
19	223
0	999
3	105
0	68
3	13
0	994
159	580
0	112
4	405
0	86
0	89
4	47
0	0
0	393
0	248
12	115
0	49
0	37
0	39
0	27
0	40
3	141
0	30
0	27
0	38
0	39
0	79
0	40
0	63
0	206
28	253
0	113
0	267
0	73
0	32
0	253
0	19
0	265
0	44
0	43
0	7
0	98
0	55
0	249
0	0
0	0
0	0
262	14
1	17
33	1622
1	1637
0	65
0	36
0	44
0	75
0	1577
3186	0
5	432
3	433
0	29
0	410
0	287
0	48
528	332
0	59
2	40
0	47
4	35
0	214
2	44
0	53
0	1
0	19
0	10
6	334
0	1
0	0
0	2
0	1
0	1
0	0
0	0
12	0
1	0
0	0
1	25
7	0
101	343
0	294
31	306
1	76
1	14
23	223
3	41
0	55
0	180
0	171
11	179
0	168
0	170
0	7
18	7
131	1455
0	1375
0	540
33	492
0	384
0	623
2	808
0	267
0	634
0	808
0	546
0	484
5	507
0	126
4	149
0	2
0	29
0	0
0	0
410	878
0	8
0	3
0	2
0	2
0	0
0	0
0	1
0	0
0	1
0	0
0	8
0	454
0	11
0	40
0	44
0	27
0	21
0	27
0	5
136	0
1	480
2	168
0	438
3	5
0	250
2	253
0	400
26	0
0	1740
0	1526
0	1595
0	1607
0	1742
1	1589
1	407
3	1185
0	1007
12	124
0	418
0	213
2	149
1	313
1	309
0	34
0	262
57	270
0	68
0	73
0	748
1	748
112	568
35	376
2	54
3	74
9	118
32	1974
2	719
18	1250
34	341
4	1099
0	0
0	2
0	2
0	0
0	0
8	461
3	233
1	459
0	281
27	162
0	0
959	0
0	0
0	12
0	35
0	45
0	0
93	4808
3	693
0	1762
0	0
8	839
1	4662
0	356
1	716
11	454
0	1006
0	1711
0	1
0	417
9	430
1	18
0	410
5	0
0	748
0	758
7	578
0	829
1	447
11	381
6	725
2	381
1	433
6	318
0	433
0	362
0	367
5	302
15	232
39	131
330	10
0	4
0	12
14	81
0	51
0	81
0	3
0	3
0	3
0	1
0	2
0	2
0	3
25	933
0	260
0	278
12	694
0	636
4	391
0	603
4	769
16	154
12	159
20	99
0	0
0	0
0	0
0	0
0	0
0	1
0	1
0	0
0	0
0	0
0	0
0	0
0	2
0	0
0	2
0	0
0	0
0	0
0	121
214	1760
0	29
13	66
3	789
0	949
112	742
1	934
1	1694
16	93
34	466
140	1385
3	174
2	271
0	165
0	280
959	0
8	68
0	288
1	36
0	270
419	360
1	346
1	202
81	57
0	34
0	4
0	4
0	3
0	4
0	4
0	3
6	25
0	25
0	0
0	37
1	10
5	146
34	291
0	55
1	162
0	53
0	118
0	118
0	88
0	37
11	138
30	58
4	82
3	62
3	26
2	13
119	161
0	159
0	2
0	0
0	0
0	0
0	4
30	4
0	0
124	2058
0	2058
0	500
41	387
0	133
1	32
0	42
1	1
2	137
4	894
0	1064
0	158
0	468
0	137
0	256
0	173
0	1015
4	955
8	112
0	163
1	0
0	0
8	21
6	73
0	505
446	537
2	39
1	99
0	185
2	280
0	0
0	0
0	0
0	2
0	0
0	2
0	0
0	0
337	687
5	87
3	463
0	306
0	100
0	139
0	0
0	366
0	388
0	382
0	372
0	284
0	407
0	391
0	369
0	376
0	377
0	422
0	412
0	371
0	191
0	173
0	362
0	381
0	21
0	388
0	388
0	367
0	381
0	309
0	351
0	199
0	294
1	306
0	199
0	388
0	407
0	388
0	372
0	349
0	238
0	297
0	342
0	356
0	355
0	88
0	85
4	394
0	362
0	395
0	2
0	0
1	0
0	0
0	0
0	0
0	0
0	0
0	0
0	0
0	0
2	617
9	104
0	24
0	3
0	8
0	9
0	5
0	102
661	0
0	0
27	23
0	60
0	69
0	17
0	27
9	47
0	10
0	183
2	185
0	187
0	2
4	30
0	39
0	21
0	14
0	27
0	6
0	0
0	10
0	5
0	4
0	0
0	0
0	0
0	0
0	0
0	0
0	4
0	1
0	11
0	1
3	97
0	118
1	94
0	0
6	70
2	48
3	27
0	2
0	0
0	0
0	0
0	0
0	0
0	0
0	0
5368	1054
0	1054
5	333
0	297
0	296
0	271
0	182
1	207
4	159
1	150
0	111
1	151
0	105
63	101
1	136
19	14
2	8
2	365
0	367
0	243
0	23
9	77
0	60
0	552
190	673
5	616
2	170
0	1
118	523
0	414
1	125
0	306
0	452
0	366
0	475
0	459
2	521
0	118
0	509
0	493
0	470
0	492
26	492
0	106
0	380
0	364
0	346
0	321
0	310
0	380
0	312
0	67
1	299
0	311
3	196
4	280
1	116
0	152
0	77
0	36
0	22
1	6
0	0
0	6
3	452
1	96
0	6
0	579
6	579
1	808
0	4
0	4
0	233
0	522
0	234
1	104
0	116
2	121
1	93
0	85
0	99
0	93
0	117
0	88
0	54
16	35
3	30
43	385
0	9380
0	7464
0	9411
0	6551
18	6785
0	9381
0	7758
0	7894
0	3484
0	2033
0	868
0	1458
7	4386
0	4105
1	2452
1	1425
1	875
3	1885
0	1873
0	1760
2	1669
0	1310
3	1231
6	610
0	0
0	0
1	0
0	108
0	115
29	647
0	680
0	6
0	309
0	547
2	157
0	685
0	27
0	30
1	36
0	40
0	6
0	12
0	40
1	0
0	0
0	0
0	0
0	0
0	0
0	0
0	0
0	0
0	0
0	0
0	0
0	0
0	0
0	114
19	354
0	233
0	289
0	274
0	32
1	92
0	31
0	27
1	9
0	24
0	0
0	0
3	1
121	28
0	28
0	1
0	1
0	0
0	0
0	0
0	0
0	0
0	0
8	1227
0	1227
0	180
3	63
0	161
0	140
3	100
0	262
0	103
0	96
0	1109
0	1109
305	114
0	114
0	43
37	1337
0	1311
52	789
1	400
12	1295
0	347
0	0
0	0
0	0
0	0
0	170
0	657
0	693
0	701
1	694
0	665
1	26
0	201
0	666
0	695
0	652
0	674
0	708
0	0
0	0
0	0
419	75
0	299
0	299
0	388
0	24
0	42
0	565
0	390
8	489
0	321
2	236
1	400
0	543
0	374
2	373
2	388
2	320
0	321
0	321
0	389
0	43
4	374
0	345
0	43
0	332
0	338
0	390
0	74
0	26
0	59
0	349
0	313
1	139
1	256
0	79
0	209
0	64
4	0
5	0
0	467
0	1131
0	117
2	218
0	946
0	1101
0	19
31	1154
0	394
0	182
2	308
0	262
0	167
0	129
0	189
0	77
1	73
0	56
0	89
1	80
0	0
0	0
0	0
0	0
0	5
9	5
0	0
0	0
0	0
0	0
0	0
0	0
733	2698
225	2698
8	211
841	950
0	973
0	135
4	110
3	48
0	78
0	170
0	189
0	125
1	69
0	85
4	11
54	17
1	17
0	12
0	138
0	330
0	407
0	884
0	621
0	814
0	1198
2	0
0	329
0	1307
0	0
0	336
0	280
0	345
0	1331
50	1325
1	1255
0	165
0	276
32	200
0	68
6	72
1	79
0	340
36	716
2	0
13	15
6	331
4	12
0	29
0	598
0	340
176	1348
1	84
10	1276
0	589
10	608
4	407
0	0
0	0
0	0
0	0
0	0
0	0
0	0
0	13
0	11
0	13
0	5
0	5
0	5
0	1
0	1
0	2
0	0
0	0
0	1
0	0
0	2
0	2
0	2
0	13
1	1
0	1
3	0
0	0
0	0
3	30
404	698
1	609
0	162
0	263
2	216
5	6101
0	6197
0	3859
5	3395
3	3427
76	6398
1	1124
0	1552
1	1391
0	1431
0	920
7	4047
27	821
1	4258
34	3508
0	2330
6	0
0	0
728	328
6	328
0	363
24	221
0	338
0	369
2	44
0	119
0	56
0	71
0	61
0	49
1	117
4	18
121	220
0	14
0	14
1	69
0	76
0	13
2	220
3	40
2	13
2	292
0	105
2	105
0	206
0	216
0	30
29	566
226	566
0	544
0	544
2	41
113	295
0	319
3	319
0	307
0	105
0	72
1	114
0	105
0	58
1	134
1	134
0	23
459	551
5	103
2	186
0	143
0	25
3	210
2	145
3	31
0	112
0	162
2	180
0	91
0	128
1	103
0	131
3	48
1	72
0	64
0	44
5	23
233	172
1	54
0	0
0	0
0	1014
0	1008
1	463
73	117
0	997
6	1006
5	957
23	951
3	850
0	869
0	142
0	744
0	698
6	47
0	291
1	105
0	172
0	146
0	86
0	49
0	90
0	29
0	58
0	51
0	77
0	59
0	63
3	51
2	47
2	582
55	554
0	165
1	564
0	581
0	557
1	128
0	45
0	119
0	90
1	79
0	75
0	62
0	49
0	27
0	45
0	17
0	19
0	14
0	13
0	968
25	887
10	152
0	124
4	52
3	38
0	970
67	970
1	469
0	456
1	516
0	486
0	391
6	772
0	560
1	555
10	554
2699	778
0	333
0	15419
1	13074
0	10393
0	7
0	7
0	6
1	6
0	1
0	1
0	0
0	0
0	4
0	0
0	0
0	0
0	0
0	0
0	0
10	1
282	330
0	16
0	278
0	50
1	30
4	70
0	42
0	35
1	40
0	78
446	136
3	26
0	88
0	73
4	50
0	45
1	46
0	7
0	0
1	7
221	240
8	39
0	233
8	50
94	121
1	16
2	32
0	12
0	12
0	28
0	19
0	32
0	4
0	0
0	0
0	0
0	0
0	0
0	0
0	0
0	0
0	0
0	0
0	0
0	0
0	0
0	0
0	0
0	0
0	0
0	0
0	0
0	0
1	70
0	236
0	14
0	12
0	228
1	18
1	12
0	94
2	13
0	12
0	25
0	230
0	11
0	7
0	8
0	19
0	67
2	36
5	120
664	120
0	242
1	190
0	104
0	137
0	43
0	26
0	5
0	79
0	72
0	76
0	138
1	1
0	1
0	0
0	0
358	104
1	104
0	1
0	1
0	1
0	1
0	1
0	1
0	2067
178	2332
0	424
0	1662
0	10
7	59
0	83
0	13
0	34
0	0
5	0
1	10
1	9
3	4
2	26
0	0
37	525
4	188
0	81
1	53
0	343
1	40
1	866
0	165
0	0
0	0
0	0
0	0
0	0
0	0
0	0
0	0
0	0
0	0
0	0
0	0
8	999
2	865
0	134
0	241
0	401
4	201
0	0
0	0
0	0
0	0
0	0
1	1
0	2
0	0
0	5
0	0
0	1
2	0
0	2
3	11
0	179
0	560
0	152
2	226
0	615
1	326
0	60
0	60
0	362
1	74
124	221
0	4
14	206
0	140
2	207
0	7
0	2
0	0
40	12
0	4
0	8
0	1
0	1
0	0
0	2
0	0
243	328
0	328
6	88
17	60
0	99
0	70
25	314
1	49
0	317
1	37
3	37
0	48
4	3
0	8
0	67
0	256
454	85
2	85
0	4
0	4
0	0
107	157
3	148
71	4
0	144
0	28
0	0
0	0
0	0
0	1
0	0
0	0
0	3
0	3
0	3
0	3
0	3
0	4559
0	184
29	3307
0	3407
0	3526
58	176
1	451
138	267
6	470
1	1954
0	1843
0	124
46	307
36	300
0	162
0	317
0	314
0	304
0	72
1	51
0	120
0	4509
24	351
200	327
25	274
1	52
0	281
0	210
3	105
3	68
0	72
17	82
19	106
2	100
0	0
0	0
0	0
0	0
0	0
0	0
0	0
0	0
0	0
0	0
0	0
0	0
0	297
1	299
11	851
0	299
0	7
0	279
0	322
1	299
0	299
0	326
0	192
8	167
0	94
0	114
0	324
0	18
0	558
0	175
0	529
0	89
0	531
2	0
0	4
1	1
0	0
0	102
0	549
0	1610
8	2012
0	1008
0	1016
0	1100
1	1164
0	678
0	1074
1	917
0	223
16	97
2	69
6	581
0	133
0	34
0	33
0	2
0	2
0	0
0	0
0	0
0	9
9	913
0	1106
21	445
1	941
0	1000
20	37
0	570
0	38
0	300
44	815
1	60
0	180
0	102
0	644
0	23
0	792
0	1
0	1
0	1
0	1
0	1
0	0
5	3
0	1
0	2
9	2
1	2
0	0
0	86
0	110
3	121
3	115
1	141
3	119
2	9
0	0
0	0
0	0
0	0
0	0
0	0
0	0
0	0
0	1
0	1
0	0
0	0
0	0
0	0
0	0
0	0
0	0
0	0
0	0
0	0
0	0
0	43
0	43
0	49
0	32
1	3
0	3
0	2
1	1
0	5
0	15
0	7
0	3
0	0
0	0
10	1584
0	999
0	613
0	139
0	566
0	593
0	1648
0	1704
0	1586
0	274
0	443
0	900
0	1562
0	92
1	735
0	876
0	607
0	828
0	630
0	338
1	259
144	258
7	258
0	4282
0	1909
0	2520
0	4285
0	78
0	4338
1	4326
0	4326
7	4343
0	75
48	2349
0	463
1	329
4	418
2	292
0	232
0	319
1	314
1	101
1	193
2	102
5	43
4	71
0	33
0	72
8	0
30	0
0	74
1	65
0	43
1	73
0	30
0	13
0	21
0	69
2	64
1	29
5	0
1	0
0	0
0	0
0	0
0	0
0	0
2	112
1	21
0	3
0	5
0	0
1	4
0	1
0	14
0	18
4	396
0	382
0	348
0	412
2	369
0	335
0	383
15	26
3	127
3	134
0	106
0	23
0	4930
249	4743
0	4920
0	4749
0	3663
5	4749
0	4655
12	4739
3	4729
5	4050
3	2613
1	2061
0	1790
0	1065
0	3124
0	594
0	543
0	581
0	300
1	273
2	28
0	271
1	21
3	27
14	18
1	130
11	4
0	297
0	247
1	241
0	37
1	18
0	109
0	64
0	544
0	0
0	0
0	0
0	0
0	0
0	0
0	0
0	0
0	0
0	0
0	0
0	0
0	0
0	0
0	0
0	0
0	0
0	0
0	0
0	0
0	0
0	0
0	0
195	434
4	262
4	216
1	188
3	122
0	36
0	107
0	100
0	35
1697	1991
13	1805
0	329
3	1
0	1
0	0
0	1
0	0
1	0
0	0
0	0
0	1
0	1
0	0
0	1
16	601
5	279
1	397
0	517
8	312
1	135
1	154
2	153
7	90
0	0
0	868
1	393
0	126
0	143
0	140
0	52
3	48
0	23
0	22
0	384
229	35
0	35
281	487
0	483
9	440
0	14
2	9
0	86
1	18
0	0
204	55
0	21
0	26
0	38
113	0
0	56
0	59
0	11
0	59
2	13
0	9
0	15
0	12
2	10
0	11
1	4
1	0
0	15
1	5
0	10
0	23
0	5
0	5
0	1
0	9
0	6
1	1
0	5
0	0
38	1957
0	1689
1	1851
12	804
234	494
0	211
0	106
0	12
0	52
0	125
0	34
0	39
2	40
1	21
0	499
232	133
0	125
0	58
0	24
0	8
0	0
0	0
0	0
0	0
0	0
0	0
0	0
38	551
1	419
0	373
0	599
1	601
3	362
3	395
1	96
1	96
3	91
0	113
1	94
2	82
0	35
0	520
1	125
3	232
3	221
0	247
0	21
0	27
5	22
0	11
1	25
5	21
0	21
1	633
0	613
0	515
1	609
0	473
0	619
0	385
0	628
0	490
0	566
0	462
0	325
0	356
9	356
0	290
0	286
0	315
3	12
0	63
2	231
0	265
0	138
0	180
0	93
0	106
0	32
0	54
0	24
0	35
0	11
0	0
0	0
0	0
0	0
0	8
1	245
0	143
1	137
50	94
1	621
0	631
2	413
1	557
0	382
3	334
11	148
0	188
1	52
10	8
16	3
0	302
0	0
0	0
42	436
0	431
0	430
4	399
0	399
0	33
0	114
0	79
1	60
0	77
0	48
0	30
0	31
2	3
0	2
0	3
0	0
123	7
0	3
0	6
0	3
0	6
0	362
42	249
0	517
0	1500
0	1445
2	430
2	335
75	1043
0	0
0	1
0	1
0	0
0	0
0	0
0	0
0	0
0	0
0	0
0	0
0	0
0	0
0	0
0	0
0	0
1	426
0	276
0	11
0	413
21	95
0	110
2	6
0	17
0	264
0	265
82	208
0	93
0	114
2	114
232	540
11	484
0	463
9	36
0	74
0	41
0	485
97	544
1	324
0	389
0	343
0	319
0	254
1	380
0	299
0	96
2	85
3	148
0	142
0	88
2	107
0	90
0	83
0	25
5	40
0	10
0	523
0	152
0	109
436	194
0	84
0	55
1	2501
0	1388
0	2628
3	2639
0	280
0	0
1	181
0	2
0	2
0	0
0	1
41	1053
5	878
0	1015
0	274
11	99
4	0
93	344
0	71
0	9
0	254
0	22
0	41
0	57
0	250
0	6
139	169
23	669
0	231
18	669
0	338
1	70
476	5
0	5
5	0
0	0
0	166
0	19
0	67
0	174
0	67
0	29
1	12
0	2
1	103
0	39
0	47
2	15
2	71
17	52
0	43
0	26
3	0
0	0
0	0
0	0
0	0
0	0
0	0
0	0
0	0
0	0
0	0
0	0
0	0
0	8
0	5
0	5
0	5
0	1
1	2
0	3
0	2
0	2
0	1
0	2
0	1
0	1050
0	0
0	0
0	0
0	0
15	301
0	201
7	271
0	203
0	202
0	202
0	263
2	257
0	198
0	257
0	245
0	197
1	150
0	107
0	147
0	129
0	100
0	51
0	103
0	95
0	96
0	98
0	5
0	61
1	0
0	186
4	1
0	1
0	1
0	1
0	213
0	179
0	190
0	166
0	39
0	199
1	197
815	235
0	20
4	33
1	40
1	33
0	209
54	1320
3	1837
0	1552
9	271
7	526
0	507
0	410
0	336
3	585
0	364
0	365
0	474
0	173
5	370
10	12
0	6
0	6
0	5
0	5
0	5
0	4
0	5
0	0
0	0
0	0
0	0
0	0
0	0
0	0
272	152
7	152
11	149
0	43
0	0
0	0
0	1
0	3
0	1
0	4
0	0
0	3
0	0
0	0
0	0
0	0
0	0
0	4
0	4
0	0
0	1
0	4
0	4
0	0
0	0
0	0
0	0
0	0
0	0
0	0
0	0
0	0
0	0
0	0
104	1162
0	1140
0	1127
5	38
0	95
1	1048
2	370
6	109
0	120
0	229
4	84
4	17
4	0
0	127
27	7
1	7
1324	0
145	290
2	269
0	118
0	14
0	14
0	0
0	0
0	0
0	0
0	0
0	0
0	14
0	137
0	137
0	134
2	136
0	76
2	81
0	46
0	82
0	0
1	76
0	61
0	15
0	46
0	63
0	25
1	5
0	5
4	5
2	7
0	1
0	0
0	0
2	108
0	60
0	94
0	11
234	434
0	0
0	32
0	33
0	39
0	21
0	19
6	39
0	15
5	364
0	0
0	0
0	0
0	0
0	0
0	113
0	0
0	0
0	0
0	0
0	0
540	281
7	176
0	290
5	75
0	281
6	257
0	0
0	87
16	670
0	71
0	666
0	29
0	91
2	194
38	121
0	115
1	106
5	34
3	35
0	0
0	0
0	0
0	0
0	1
0	1
0	1
0	0
0	0
0	0
0	0
0	0
0	0
0	0
0	0
0	0
0	1
0	0
0	0
0	1
0	1
0	1
0	1
0	1
4	660
358	674
5	25
0	1
6	1
0	1
0	1
0	0
0	1525
41	1525
0	1442
0	0
0	0
0	0
0	0
0	0
0	0
0	0
0	0
0	0
0	0
0	4
0	2
0	4
350	248
2	221
1	30
6	53
0	1210
37	875
0	358
20	605
0	1017
0	962
0	578
1	222
1	262
1	438
0	180
0	217
0	261
1	323
0	318
0	123
0	279
0	340
0	285
0	116
0	234
0	59
6	119
8	973
4	538
0	930
1	73
1	38
4	129
0	63
1	8
0	0
0	1
0	0
0	0
0	0
0	0
0	0
0	0
0	0
0	1
0	0
0	0
0	1
1	3
0	1
0	3
0	0
12	981
29	888
21	247
0	728
4	84
0	406
5	264
2	260
0	120
0	4
1	1043
0	843
2	945
4	448
0	195
0	457
2	633
0	878
0	242
0	319
7	624
1	494
0	149
8	382
0	510
1	510
1	344
5	290
0	186
11	234
0	32
11	44
0	4
0	113
92	806
1	34
0	30
0	62
0	88
4	605
0	41
0	57
50	23
0	13
0	1
0	1
0	1
0	0
0	7
0	2
0	1
0	1
0	2
3	177
2	85
17	113
0	86
221	256
1	99
6	430
0	412
0	52
0	21
0	22
3	124
0	120
0	412
36	229
0	223
1	39
0	0
0	0
0	0
0	0
0	465
0	193
185	3260
0	3261
0	445
0	463
15	463
0	131
2	366
13	414
0	400
28	152
0	70
14	191
2	41
0	13377
0	13482
0	12952
3	11580
62	1877
26	1703
45	1663
83	7392
5	3815
24	1228
25	1857
0	369
0	399
2	363
15	292
2	261
0	278
9	21
1	12
0	86
2	133
0	52
0	138
5	126
0	95
0	41
5	738
0	28
0	28
4	28
30	66
1	19
0	8
0	13
0	9
1	7
0	38
5	85
11	133
31	48
0	35
0	28
4	0
0	28
0	32
0	39
0	18
0	34
0	198
0	190
4	33
0	31
0	27
0	184
0	11
1	19
0	55
0	171
5	8
0	420
13	419
0	184
1	46
1	46
0	126
0	0
0	0
0	0
0	0
0	0
0	0
0	0
1679	1
3	84
3	84
0	9
0	325
27	226
4	197
1	105
8	579
13	564
0	494
0	562
0	553
0	546
0	560
0	560
0	468
0	560
0	558
0	469
0	557
0	479
0	542
1	542
0	553
0	553
0	531
0	549
0	533
0	471
0	528
0	527
0	524
0	409
0	502
0	470
0	494
0	270
0	163
0	79
0	29
0	14
7	13
0	2
0	2
0	0
0	0
0	2
0	634
1	373
0	475
8	352
0	489
0	434
0	163
0	211
0	26
0	101
0	170
30	476
22	595
0	215
0	7
0	85
0	173
1	371
0	365
0	256
0	421
0	504
0	566
0	257
0	16
0	14
0	1
0	0
0	14
0	13
0	1
0	5
0	1
0	1
0	0
0	18
0	7
0	15
0	5
0	2
0	2
0	0
0	0
0	7
0	4
0	3
0	0
0	0
35	288
0	644
10	503
1	372
0	70
0	51
1	90
8	101
7	25
2	136
0	146
0	121
0	111
1	102
0	68
0	85
0	81
0	74
4	45
1	45
0	968
0	2334
3	2331
0	812
1	1436
82	2288
0	812
3	1048
0	804
0	331
0	672
0	506
0	122
0	1430
2	331
0	654
82	1369
10	73
5	9090
1	13
0	9797
0	11174
0	7443
0	10433
0	11103
79	7042
0	8180
49	5275
0	10027
0	10026
0	4412
0	0
0	2674
0	2669
0	11
0	295
123	319
0	123
0	161
1	142
7	220
5	195
0	195
0	180
0	196
5	123
1	123
0	184
0	180
0	172
68	126
0	5
1	108
6	44
0	17
0	5735
3	758
2	171
0	463
13	1171
0	1940
2	93
0	4720
0	5048
1	5654
19	1436
0	286
4	641
8	999
0	61
20	87
0	183
218	211
100	29
0	21
0	9
1	1
0	1
0	2
0	2
0	2
0	0
0	0
0	0
2	2740
0	114
22	2538
4	403
0	71
4	640
24	597
0	2483
2	1972
0	2203
0	1387
0	198
1	124
0	53
0	41
0	45
0	3
2	52
0	22
0	7
0	14
1	190
3	0
16	91
0	64
2	25
0	24
0	4
0	91
455	653
1	15
0	341
0	301
0	31
0	23
0	62
0	59
0	9
19	22
0	41
0	41
17	418
1	418
0	418
0	87
0	38
0	46
0	37
5	44
0	30
1	17
2	19
0	9
15	9
2	74
1	3062
0	3060
213	3060
12	3098
0	3098
3	3062
0	1779
0	1224
0	787
11	348
0	802
16	670
0	145
9	264
2	10
0	2
2	13
0	5
1	6
0	12
0	6
108	121
0	121
1	5
0	0
0	0
0	0
0	0
0	0
0	0
0	0
0	0
0	0
0	0
0	0
0	0
0	0
65	1384
3	163
14	171
0	584
3	1255
0	164
0	213
1	611
1	38
0	43
0	40
0	38
0	37
0	2
0	1
0	5
1	38
0	27
0	3
0	18
0	0
9	0
0	177
0	180
0	21
2	8
2485	3524
33	2580
0	353
0	474
5	682
0	566
2	131
48	26
34	1210
26	1199
4	1127
1	578
0	0
0	8
0	8
0	8
0	8
0	8
0	0
0	0
0	0
0	0
720	659
6	522
9	591
9	289
0	0
0	0
0	0
0	65
0	65
0	60
188	0
1	0
0	0
0	67
318	67
1	11
0	69
0	6
0	48
641	1821
3	1755
3	1359
3	386
1	194
0	0
0	1372
1	399
0	343
1	135
24	228
3	165
1	163
4	167
0	298
0	1074
10	848
0	613
38	667
0	464
0	427
10	281
0	400
0	289
1	358
2	212
0	72
1	262
18	297
0	266
3	253
0	15
0	266
0	263
0	70
5	57
0	44
0	45
0	3
30	153
4	121
1	138
0	79
2	46
0	10
276	67
0	65
926	548
0	118
0	184
1	246
29	217
0	46
6042	0
1045	484
0	287
1	89
6	95
3	62
2	64
0	46
2262	2
0	2
72	493
0	480
9	346
0	448
0	33
0	23
0	174
1	28
3	159
0	32
9	168
1	626
0	5
1	625
0	19
0	51
0	629
0	0
0	0
0	0
0	0
0	0
0	0
0	1
0	1
0	1
0	1
0	1
0	1
0	0
0	0
0	0
0	1
1	54
0	10
0	34
1	522
13	522
0	6
0	0
1333	0
4	396
3	396
0	10395
0	4352
7	4752
128	6485
0	8548
0	2953
0	1512
38	1320
2	1940
0	3522
0	4241
0	2626
0	3370
0	2476
25	2648
2	2877
0	2199
228	82
0	15
0	14
0	49
0	19
0	35
0	26
0	13
0	125
0	647
0	1569
0	540
10	911
2	340
56	1396
4	492
23	0
0	234
0	1858
30	2436
1	5
0	63
0	2451
7	2342
6	93
0	2451
4	144
8	597
212	588
5	218
15	302
18	286
0	69
0	246
0	252
0	174
0	8
0	0
0	7
1	11
0	15
0	23
0	31
0	17
1	31
0	0
16	87
0	35
8	246
0	246
3	228
12	35
8	21
6	18
0	151
0	312
2	137
0	261
0	267
0	2
0	1
0	2
0	0
1	1
0	9
0	31
2	31
0	37
0	29
0	26
0	273
2	226
0	707
1	2370
3	416
0	399
0	2374
0	2371
3	54
3	66
0	86
0	35
0	359
0	47
0	187
0	338
10	138
0	165
0	146
0	28
0	101
3	106
0	59
0	52
5	59
0	6
0	11
0	0
0	0
638	2489
2	2051
26	1733
1	1344
0	1370
0	789
0	347
0	488
0	357
0	418
0	11
0	6
0	10
0	21
0	28
0	27
0	21
0	27
0	19
0	11
0	22
15	671
6	617
0	648
0	635
1	636
0	80
0	60
33	188
0	188
0	499
7	507
3	494
3	104
0	116
1	114
2	67
0	57
2	4
0	10
0	493
0	0
15	285
0	51
0	19
0	54
0	681
5	5
0	42
4	32
0	674
0	0
0	0
0	481
3	475
0	496
5	478
0	70
9	183
0	215
3	131
0	109
3	30
0	18
0	11
20	61
1	15
0	29
0	46
0	40
0	32
0	9
0	31
0	5
2445	0
0	183
18	972
0	916
0	175
70	1027
1	972
62	1057
0	955
0	974
0	997
0	972
0	938
1	983
3	947
0	996
0	979
0	965
0	220
0	251
37	173
0	122
17	74
34	38
8	83
0	70
0	37
18	41
0	15
0	1
0	6
0	10
0	2
0	0
0	14
0	2
0	1
0	3
0	2
0	2
0	2
0	2
0	2
29	58
0	1
0	57
0	26
0	16
0	0
0	6
0	7
0	7
0	7
0	7
0	7
0	4
0	3
1	2
4	3
0	2
0	2
1	321
173	588
8	572
0	345
1	574
2	363
1	73
2	163
13	270
0	1
0	2
2	290
0	354
0	1345
0	318
1	1572
1	267
0	1503
1	234
1	260
0	190
4	67
0	315
4	417
0	242
32	284
0	650
1	536
2	310
0	1336
0	512
0	497
4	411
0	123
1	74
0	347
0	77
0	63
1	258
0	23
1	46
1	40
0	16
0	45
0	41
2	22
0	572
366	796
0	746
0	509
0	65
0	159
0	169
59	423
2	378
0	144
0	109
0	45
0	53
1	27
0	36
0	34
1	18
0	16
0	0
0	10
0	3
0	2
0	2
0	2
0	0
882	0
0	6
0	18
45	658
2	154
0	148
7	496
2	158
1	403
8	95
9	123
16	3
0	3
0	24
0	22
0	11
0	13
0	3
0	2
0	6
0	6
0	2
0	0
0	6
30	6
0	5
0	3
0	1
1413	404
1	362
3	95
0	173
8	11174
0	11271
0	11231
0	4803
2	1175
40	378
2	1954
8	1317
142	59
0	29
0	31
0	23
5	621
0	624
8	612
0	623
0	623
0	621
0	615
0	34
0	625
0	616
0	618
0	45
0	57
0	116
0	123
12	32
1	562
0	0
1	452
0	492
1	19
4	437
1	3778
0	3931
0	2811
2	457
0	1006
0	1833
0	577
0	653
0	0
0	0
0	0
0	0
0	379
0	332
0	348
3	161
5	17
1	365
0	23
0	372
0	355
0	336
0	291
4	86
0	28
1	29
0	3
0	26
2	5
0	38
0	155
0	170
0	0
0	0
3	0
0	1810
3	290
0	163
0	92
2	54
1	67
0	1735
0	179
23	0
2	49
0	58
0	58
0	58
0	13
0	3
3	0
0	49
632	460
0	396
0	375
0	298
5	468
0	340
0	15
0	463
2	20
0	154
0	220
4	39
0	195
1	0
6	176
0	68
11	95
2	427
2	131
10	54
9	130
2	314
0	299
12	166
0	47
0	66
0	62
0	68
1	43
0	65
92	0
0	233
0	256
2	187
1	116
0	16
0	56
0	55
0	45
0	47
0	6
0	22
0	8
0	16
0	3
0	3
214	76
0	76
0	23
0	3
0	16
1	8
1	8
12	715
0	706
0	704
0	437
0	226
0	180
0	147
0	164
2	159
0	154
0	147
0	126
0	104
0	58
0	38
0	10
12	7
0	24
0	0
0	0
0	702
0	283
0	347
20	366
0	193
0	31
24	45
0	3652
0	3282
0	2950
16	3244
0	3402
0	3261
0	3438
0	3053
0	3033
0	3150
0	2361
0	2888
3	3445
0	2909
3	3003
0	3032
1	3197
0	3049
0	2184
1	3557
0	3463
1	3044
3	3393
0	2419
1	2649
0	2669
0	2769
0	2536
0	2155
0	2032
0	1516
0	1907
0	477
0	1531
0	1818
0	1450
0	1321
0	788
0	766
0	631
0	660
0	815
3	597
0	595
1	154
0	684
0	292
0	466
2	376
67	252
21	27
1649	618
3	151
1	249
1	387
0	5
0	106
6	224
46	960
0	954
0	925
0	924
0	30
0	960
0	83
0	98
0	508
0	74
1	10
2	71
2	464
0	83
0	94
0	93
0	22
1	23
0	171
2	453
0	397
0	43
0	13
0	31
0	102
0	334
1	142
3	84
0	70
0	178
0	491
0	507
0	507
0	491
4	61
0	517
0	18
0	5
0	25
3	29
0	3
1	477
0	390
1	355
0	371
38	48
0	35
3	27
0	43
3	47
0	150
0	11
1	4
0	45
1	86
19	125
23	120
0	39
0	521
1	426
0	358
0	399
0	470
2	237
8	87
1	374
0	320
0	142
2	245
0	129
0	152
0	145
0	54
0	69
1	88
0	68
0	54
0	33
0	26
0	7
0	0
0	0
0	0
0	0
0	0
0	0
0	0
0	0
0	0
0	0
0	0
0	426
0	384
0	2
0	2
0	1
0	1
15	27
0	6
0	21
6	26
2	9
0	9
0	7
0	10
0	4
1	66
0	47
11	344
41	308
49	1554
9	1537
5	17
63	0
0	8
2	7
0	24
0	59
0	58
0	54
0	35
1	37
0	35
0	17
0	14
0	12
0	16
0	11
2	0
0	0
0	0
0	1
0	1
0	1
129	1844
1	121
0	233
0	1856
1	50
2	356
44	243
0	243
0	23
0	0
545	55
0	55
0	1
2	1
0	0
1	428
3	17
1	60
0	59
4	40
0	57
0	58
3	9
1	56
2	13
0	20
1	302
13	603
0	344
0	900
13	344
4	540
0	110
0	4
0	1
0	3
0	4
0	0
0	0
0	0
0	0
0	1
0	2
3	0
989	443
2	443
1	61
8	104
1	231
6	243
1	19
0	240
0	21
0	38
0	17
3	43
64	227
3	26
1	32
6	88
26	105
0	621
1	262
0	499
95	575
0	635
38	338
5	96
0	77
4	131
0	72
0	70
0	67
0	69
0	67
0	58
0	62
0	49
0	47
0	44
1	44
5	44
3	25
22	232
2	201
6	40
1	126
1	123
4	18
0	0
0	30
0	0
0	0
33	6
0	6
0	0
0	1
0	2
0	2
2	83
0	402
0	390
0	377
0	25
0	72
697	297
1	109
0	273
0	853
0	809
0	849
0	1570
0	871
0	1648
0	910
0	1862
5	1846
0	1844
0	874
0	786
0	819
0	804
0	1133
0	75
35	463
0	1224
0	1846
0	79
0	78
0	76
2	78
0	78
0	76
2	73
0	80
0	78
0	75
0	55
0	55
0	8
0	9
0	5
0	7
0	4
0	1
0	5
0	2
0	2
2	0
0	4
0	2
0	2
0	5
0	4
0	4
0	2
0	3
0	3
0	3
0	3
0	79
0	79
0	76
0	79
0	79
0	4
0	4
0	3
0	3
0	0
0	0
3	1
0	3
3	2498
0	68
1	60
4	50
0	63
1	2553
0	10
0	37
4	19
1	80
0	149
3	40
3	275
0	12
0	12
0	11
0	10
0	4
13	18
0	5
0	18
1	5
0	2
0	74
0	59
0	232
0	232
0	47
1	62
0	241
0	145
0	157
0	229
2	196
0	27
0	232
0	14
4	17
1	99
0	178
0	125
0	108
0	90
0	45
0	104
0	45
0	76
1	133
0	114
0	30
0	20
17	234
0	218
0	105
0	71
0	32
0	38
1	45
0	0
7	30
1	46
0	28
77	51
1	17
0	35
1103	98
1	40
1	89
1	59
2	13
0	0
0	0
0	0
0	0
0	0
0	0
0	0
0	0
0	0
2	10
0	1
0	9
1	3
0	1
1512	793
0	178
0	184
0	102
6	49
0	125
0	95
4	253
0	3083
7	1655
5	1045
2	1769
0	905
0	494
0	389
0	364
2	353
619	224
0	224
3	843
0	827
0	857
0	172
21	4
1	841
1	299
0	243
0	364
0	308
1	251
4	295
0	0
0	0
0	0
0	0
0	0
0	0
1	3
0	3
0	3
0	1
0	2
0	0
0	0
1	7
72	44
0	30
0	10
0	34
0	7
0	3
0	11
3	8
0	50
0	46
0	28
1	8
0	6
11	2659
17	2251
20	566
0	2304
0	547
21	287
0	1729
1	1459
0	1519
2	1713
1	1307
26	1810
0	1572
0	627
0	63
1	1146
3	948
5	1287
0	521
1	444
3020	0
0	0
2	3261
1	3580
7	3548
5	2617
8	2981
108	3293
0	312
1	259
0	399
0	399
0	1
0	3
0	0
0	3
0	3
0	0
0	0
0	2
0	3
0	3
7	247
33	247
772	285
1	217
10	71
0	0
0	0
15	1080
7	1077
172	1121
0	0
0	0
0	0
0	0
0	0
0	0
0	0
0	0
0	0
0	112
9	660
8	658
0	149
1	91
1	162
2	524
8	437
31	187
15	162
2	117
1	0
0	0
0	0
0	0
0	0
0	0
1	164
1	589
2	551
5	727
0	361
8	236
0	556
0	420
7	376
0	335
0	1437
0	1076
0	1138
62	1437
1	737
0	1391
0	1480
1	1341
3	492
0	4
0	4
0	4
0	4
0	0
21	688
19	206
1	697
8	334
0	81
4	51
1	24
0	177
0	0
0	615
0	647
0	368
2	131
5	179
0	639
0	615
1	216
0	462
0	19
0	311
0	54
0	1
0	16
0	316
0	35
0	323
0	623
0	311
5	61
0	286
0	55
0	291
2	3
2	114
6	111
0	686
0	0
0	0
0	1
0	5
0	0
0	5
0	5
0	1
0	1
0	0
0	1
0	4
0	2
0	0
0	1
0	3
0	0
0	2
0	620
0	461
0	0
0	0
0	1
0	1
64	536
30	456
3	46
0	243
23	60
0	32
505	108
74	70
0	46
1	24
5	24
26	44
0	0
0	0
0	0
0	316
14	325
4	159
1	41
1	41
0	9
0	8
0	86
0	86
0	80
0	80
0	80
0	82
0	57
0	47
0	76
0	77
0	0
0	0
0	0
0	0
0	0
0	0
0	10
0	0
0	0
0	0
0	81
0	0
0	0
0	0
0	13
0	94
0	69
0	0
0	35
0	0
0	0
0	0
0	0
0	0
0	0
0	0
0	0
0	0
0	0
0	0
0	0
0	0
0	0
745	161
5	159
0	0
0	9
0	12
0	8
0	6
0	9
0	13
0	5
0	12
0	11
0	12
0	8
0	9
0	12
0	10
0	14
0	12
0	9
0	3
0	12
0	9
0	0
0	0
0	9
0	0
0	0
0	8
0	6
0	4
0	0
0	3
0	0
0	9
0	2
0	9
0	3
0	2
0	0
0	0
0	0
0	0
0	0
0	0
0	0
0	0
0	0
0	0
0	0
0	0
0	0
0	0
0	0
0	0
0	0
0	5
0	4
0	13
1	18
0	4
0	13
0	14
0	14
0	10
0	6
0	8
0	4
0	29
1063	578
2	182
1	584
1	390
1	34
1	174
2	45
0	35
0	35
0	40
0	39
0	38
878	246
0	246
2	36
1	78
0	968
1	1092
0	1092
0	215
0	10
0	0
115	0
96	104
0	37
0	62
1	78
0	52
7	42
0	0
0	0
0	0
0	0
0	40
15	40
11	134
0	146
0	208
27	144
1	187
3	111
0	190
0	0
0	0
0	0
0	0
0	0
0	0
0	0
0	272
0	2549
8	1034
2	2211
0	2537
0	2077
3	223
0	252
0	435
0	275
3	251
1	258
1	212
0	461
19	234
3	871
0	96
1	4
0	1
0	3
1	0
0	184
0	0
0	0
0	0
0	0
0	0
0	31
0	0
0	31
0	30
0	0
0	0
0	0
0	0
0	1
0	0
0	0
0	2
0	1
0	1
0	2
0	4
0	0
0	0
4	143
0	192
10	332
0	223
0	287
0	48
0	267
0	69
4	40
3	61
1	61
2	0
0	40
0	38
0	0
0	0
0	0
0	1
0	0
0	1
0	1
0	1
12	1
13	213
3	213
3	20
0	20
0	0
0	0
51	582
0	252
0	450
1	28
1	28
0	12
0	2
0	10
0	3
0	429
0	1
0	0
0	530
8	139
0	552
7	210
6	132
0	455
1	448
0	484
31	331
0	254
0	188
0	219
0	196
0	83
1	106
0	62
0	1
0	1
0	1
0	1
0	0
0	0
0	0
29	303
1351	383
1	149
0	0
0	0
0	0
3	746
0	1916
0	1761
3	1943
0	1871
0	1782
0	1901
0	1742
0	1693
0	1825
4	249
0	1233
3	122
0	1654
0	187
1	48
5	131
10	9
18	1169
1	498
0	234
5	300
1	152
1	154
5	722
0	233
0	169
1	206
0	204
0	178
0	139
0	141
0	183
1	121
0	155
0	80
1	215
0	152
4	72
0	1793
0	1938
3	499
3	488
0	40
1	2
0	174
1	10
22	11
0	101
4	2
0	456
0	467
620	298
3	127
17	143
6	273
0	273
0	92
453	824
0	211
0	411
0	371
0	411
0	1036
356	106
0	216
1	191
3	115
0	58
230	152
0	15
0	137
0	0
0	0
0	0
0	0
5	739
0	814
0	803
11	609
7	814
0	113
0	112
0	24
7	0
0	133
98	291
0	280
4	284
0	178
0	193
0	116
0	155
0	153
2	1012
5	1592
3	1592
0	1
0	2
0	1
2	1
0	0
0	0
1	5
2	39
0	4
0	1
4	39
0	0
0	0
0	0
0	0
662	0
0	0
0	0
0	0
0	0
0	338
0	116
86	1005
3	755
1	60
21	831
22	908
1	731
5	542
0	572
3	753
0	461
3	873
4	322
0	21
2	1034
0	41
25	0
0	99
0	53
0	138
1	30
0	90
0	75
8	123
1	66
0	0
0	0
0	0
0	0
0	0
1	566
0	1002
0	1288
0	1306
0	1162
8	1254
0	1213
0	1262
23	1209
1	1304
0	1278
3	1281
1	1357
0	1378
0	1324
0	1226
0	1394
0	1392
0	1051
0	10
0	793
0	810
0	755
8	610
7	282
0	444
0	460
1	106
0	256
1	191
0	98
2	43
0	88
9	152
2	36
0	44
0	28
0	24
0	0
3	524
2	524
0	39
0	6
0	205
0	199
0	46
0	205
0	24
0	35
1	28
0	52
0	1
0	0
0	1
0	0
0	0
0	0
0	0
0	0
0	0
0	1216
0	624
1	346
3	201
0	216
0	11
0	74
0	153
2	69
9	110
22	38
0	42
0	9
0	1115
0	1187
0	0
149	255
3	110
0	256
0	19
0	0
1	627
1	561
1	69
0	59
0	481
0	0
0	26
0	58
0	47
0	44
0	22
0	328
0	348
0	337
0	34
0	54
0	69
1	53
0	40
1	47
0	55
0	51
0	625
83	497
0	242
0	357
1	56
0	69
0	138
0	44
0	38
0	170
0	18
1	20
4	6
0	4
0	11
0	158
0	618
351	0
0	0
0	0
0	0
0	0
0	0
0	0
0	0
0	596
1543	1351
5	794
2	120
2	96
0	124
0	364
1	702
147	736
1	165
1	116
6	521
0	155
1	17
2	3
1	588
4	680
1	593
4	515
0	17
11	219
3	175
0	216
1	159
1	41
0	83
0	51
0	64
2	304
511	535
0	243
0	318
0	564
4	77
1	80
0	59
1	75
0	16
0	87
0	35
1037	1927
0	363
9	419
10	219
0	357
0	1549
4	1916
1	167
13	896
0	39
0	68
0	44
0	28
4	41
0	26
1	32
1	15
0	5
0	10
4	1
0	2
0	35
0	2
4	2
0	0
0	0
0	0
0	31
0	39
0	37
6	26
83	4
513	0
0	149
0	0
0	0
0	0
0	0
2080	283
846	286
14	165
22	48
3	79
115	669
3	140
3	599
7	659
0	657
0	450
0	8
0	336
7	336
14	144
0	216
0	81
0	183
0	184
0	72
0	107
0	240
0	159
0	56
0	141
0	31
0	31
0	43
1	106
0	914
1	256
0	749
0	277
4	891
2	904
0	913
25	115
83	926
1	387
0	59
9	401
0	352
7	53
0	917
1	952
43	855
0	856
0	961
0	0
0	1
2	3
0	0
175	2198
1	1932
1	937
1	1696
1	633
4	958
27	284
34	1315
5	1104
0	1064
0	162
2	766
1	49
0	281
3	482
0	159
0	157
0	100
2	153
0	167
0	18
5	12
23	940
262	2488
0	2037
3	275
2	42
0	460
0	272
0	146
0	10189
0	10003
3	9597
0	10100
0	5395
0	10035
0	10012
0	10324
0	9876
0	10083
0	9831
1	9802
0	9835
0	9799
0	9658
4	2183
0	8397
1	8867
1	10028
0	10154
0	10189
0	9469
0	40
0	9944
0	2022
1	9944
0	9937
0	75
0	1832
0	10038
0	10078
0	4389
0	9710
0	1184
1	2383
0	970
0	5364
0	5364
0	2285
15	8764
0	1
0	0
0	1
0	0
0	0
0	1
0	0
0	0
0	0
0	0
0	0
0	0
0	3
0	2
4	1
0	0
0	0
0	0
0	0
0	0
0	0
0	0
0	3
1	0
0	0
0	0
0	0
1033	0
8	0
0	0
0	0
0	0
2	70
299	129
9	129
0	19
1	19
0	9
571	0
1	814
0	830
0	837
4	789
1	808
0	822
65	807
0	822
1	780
0	766
3	807
2	739
0	738
0	738
0	742
1	641
0	84
0	224
2	35
0	151
0	154
1	71
0	74
0	89
0	100
0	80
1	25
0	137
5	57
0	314
0	291
0	64
0	292
0	82
0	118
0	249
0	80
0	0
0	0
0	0
754	800
1	793
0	172
0	170
0	107
0	19
21	1135
2	18
3	719
1	1049
0	119
1	107
0	93
0	232
3	80
1	51
0	80
0	0
0	9
0	24
0	10
598	758
1	338
5	318
0	440
1	228
0	183
10	53
0	313
32	339
0	87
0	97
0	58
8	156
0	44
0	195
0	223
3	223
58	107
1	18
1	18
0	108
0	6
0	6
2	6
0	1
605	37
0	37
0	0
30	280
0	254
0	175
0	171
0	0
0	0
0	204
1	192
0	20
0	141
0	21
0	8
18	87
1	0
0	0
0	1
0	0
0	0
0	1
0	1
0	13
1	6
0	8
0	12
0	1
1	7
0	4
676	413
11	413
3	61
0	1
0	1
0	0
0	1
0	1
15	333
0	339
1	233
0	54
0	148
0	142
0	22
0	34
0	39
0	29
0	24
2	21
0	12
0	0
0	0
0	0
0	0
0	0
0	0
0	0
1	0
0	0
0	0
0	0
0	0
0	0
0	0
0	0
0	34
0	0
0	0
0	34
0	11
0	7
0	2
0	9
0	2
0	13
0	4
1	0
1	42
0	40
0	15
0	39
0	161
6	2751
1	2771
2	1898
12	228
3	372
9	248
0	816
2	187
0	104
41	2244
9	51
24	1741
0	138
2	171
2	52
6	1211
0	2769
0	2465
0	2452
8	2372
5	687
0	155
0	52
0	2452
0	1136
19	121
0	131
0	208
0	118
0	223
0	133
1	1722
0	1670
0	1709
0	1709
0	989
2	1695
0	1492
6	1661
0	1618
0	1676
0	1674
5	1542
0	1630
0	599
1	44
0	113
0	637
1	34
1	358
3	15
1	97
94	1634
1	416
0	466
0	86
1	57
4	1432
5	581
281	86
4	65
0	21
152	0
0	4
0	3
0	4
0	3
0	3
0	2
0	86
7	771
2	51
1	587
3	401
1	101
0	94
21	134
1	41
2	106
3	4
0	99
0	72
0	77
0	87
2	66
0	24
0	7
0	52
0	13
635	0
0	412
4	782
0	724
4	779
173	5875
0	842
3	868
0	1086
0	741
1	4792
0	555
0	747
10	5618
0	756
8	803
19	169
10	169
6	299
11	683
0	769
1	406
1	12
0	13
1	7
59	13
0	6
0	5
8	1
19	458
19	285
14	408
7	72
8	128
0	250
0	131
0	111
17	91
0	58
2	96
0	138
0	24
29	103
0	824
0	810
0	929
1	125
1	56
1	903
0	813
0	60
17	38
395	254
0	22
0	154
0	51
0	54
0	14
0	45
0	3
0	55
0	46
0	1
0	1
0	0
0	4
0	16
0	7
0	6
0	10
1	17
0	5
0	55
0	2
0	1
0	1
7	22
0	51
0	1
0	41
5	25
0	21
0	19
10	36
0	1
0	1
0	1
1	1
0	1
0	1
0	1
8	176
0	262
0	712
0	525
1	328
0	245
396	0
0	5
11	5
0	5
1	5
9	4
1	0
0	4
0	3
0	3
0	4
0	2
0	1
0	2
0	1
0	1
0	0
0	0
0	0
0	0
0	0
0	0
0	0
0	965
1	541
7	885
0	889
1	298
0	151
15	519
0	748
4	703
0	0
0	0
0	0
0	2558
0	2196
0	2089
0	1918
3	2361
0	1562
0	2521
0	2525
0	2556
549	54
85	54
11	31
11	40
0	21
0	13
0	0
4	13
1	1
0	516
0	358
0	187
0	188
0	6
0	12
1	2
1	0
0	453
3	456
15	511
0	140
0	113
0	149
5	345
8	111
5	65
0	85
9	192
0	40
12	33
0	74
0	71
0	82
0	97
61	163
0	96
0	27
0	86
22	1474
0	1502
0	208
2	64
2	308
9	252
3	668
0	65
1	35
0	1
0	1
0	0
0	0
0	0
0	1
4	2
0	2
0	1060
0	1888
1	692
2	845
0	7807
16	1730
2	489
0	1336
0	4784
2	1372
0	1738
0	3377
0	1182
3	1849
0	6681
0	7621
0	295
0	697
0	276
0	631
0	273
1	449
0	298
7	79
0	241
0	450
0	177
0	268
0	179
3	120
11	281
0	676
0	254
0	695
0	745
0	170
0	244
0	180
0	264
0	746
0	299
0	791
0	144
0	270
0	128
0	110
0	242
0	595
0	245
0	623
0	113
0	261
0	651
1	181
0	557
0	124
0	211
0	203
0	212
0	128
0	176
0	114
0	188
0	32
0	11
0	230
0	242
0	151
0	208
23	231
1	242
0	86
0	41
127	179
0	20
0	29
1	150
1	12
9	0
0	34
0	23
0	7
0	1103
1	1049
3	923
0	62
0	450
0	66
4	128
12	158
0	829
1	966
20	1248
2	1375
1	1155
1	582
7	153
34	848
0	168
1	58
2	1260
0	335
0	882
0	211
2	415
5	747
24	594
0	376
616	214
0	92
0	157
0	134
0	110
0	0
3	337
50	337
0	1869
0	1906
5	825
0	98
0	659
4	567
6	37
1	68
2	130
0	103
0	147
0	85
0	49
0	49
0	17
0	7
0	8
0	1906
0	35
0	35
0	35
0	35
0	8
0	1
6	2
11	347
7	256
5	346
0	274
0	152
9	39
0	392
0	338
0	274
1	391
0	226
0	124
0	104
2	148
0	118
0	102
10	75
1	55
0	58
1	9
0	284
0	326
1	79
134	423
46	86
4	146
7	112
14	70
0	20
0	0
2	0
0	0
0	152
0	152
0	152
15	189
0	180
0	13
1	159
0	46
0	6
0	17
0	15
0	28
0	35
0	29
0	75
0	147
9	56
0	46
0	85
2	73
0	143
0	4
0	4
0	4
0	4
4	12
0	559
0	183
0	611
7	611
0	589
71	6
0	6
228	77
0	26
1	49
0	32
0	23
0	25
0	12
3	10
36	49
0	49
2	50
0	1719
1	1670
0	1710
0	961
23	1668
0	824
1	387
1	259
0	550
1	233
0	219
0	1668
9	254
10	253
0	4
410	598
0	606
0	612
0	589
0	572
0	421
0	435
0	378
0	435
0	181
4	29
8	47
0	30
0	2
0	7
0	7
0	40
0	36
0	360
0	478
0	212
0	314
0	312
0	52
155	360
1	387
0	0
61	480
0	6
0	0
0	23
3	0
0	38
1	0
0	272
1	195
0	295
0	275
0	239
0	169
0	59
5	144
0	72
0	61
0	46
0	53
2	57
0	55
528	3274
0	822
0	105
13	266
44	2094
21	206
0	376
6	72
1	840
799	1610
3	755
0	754
2	55
1	724
0	301
0	0
0	128
0	154
0	65
5	23
1	143
2	21
1	20
59	20
126	1949
0	1719
1	818
3	1305
1	251
2	1943
12	484
7	4240
12	2422
285	2887
0	4165
1	3634
0	3562
22	2348
0	3441
6	1457
0	2656
64	246
0	44
1	1250
5	1237
5	932
0	678
1	616
0	917
0	708
0	241
4	2302
2	1777
0	2304
0	139
0	1611
2	1542
0	1340
0	1222
0	1275
4	33
5	1131
0	154
0	66
3	363
0	132
1	59
0	38
0	22
0	39
0	446
1	58
0	348
0	60
0	75
1	433
0	38
0	3
0	255
0	319
1	311
0	255
2	3
0	81
1	99
1	80
0	151
0	420
0	431
3	0
0	572
0	532
0	570
0	572
6	552
0	592
14	571
0	573
0	533
0	0
0	0
0	0
0	0
0	0
0	0
0	0
0	0
0	0
1519	381
2	369
2	294
3	624
0	677
0	631
3	638
0	703
0	556
0	50
0	66
8	235
0	23
0	5
0	40
15	14
0	197
27	161
0	107
0	141
5	127
13	78
93	0
0	6119
7	5964
0	121
0	99
0	7
0	52
0	54
0	525
0	240
0	70
1	513
0	78
0	176
0	319
9	10
0	505
0	3
0	1
0	2
0	5
0	86
0	150
0	476
0	222
0	514
0	516
0	90
0	158
2	1
1	47
0	117
0	89
0	143
0	176
0	188
0	531
0	88
18	482
0	145
0	96
1	136
0	82
2	9
14	1
0	0
0	261
0	16
7	261
0	57
8	19
0	19
0	6
0	0
2	334
1	6
0	6
0	330
1	334
6	328
3	336
7	209
5	320
0	121
4	107
0	0
0	0
6	15
0	14
0	5
1	1
0	2
1	99
369	328
0	243
0	328
0	0
0	0
1039	0
138	548
3	414
6	259
77	722
11	726
42	4
5	216
7	216
0	0
0	0
0	62
97	62
0	20
24	168
2	179
0	183
3	54
0	13
0	23
0	24
0	23
0	24
0	23
0	10
0	10
0	7
0	7
0	7
0	7
0	7
0	7
0	10
0	10
0	7
0	7
0	4
0	4
0	6
0	6
1636	1364
2	17
0	1304
0	369
0	384
0	236
7	284
1	272
0	192
0	123
0	226
0	209
0	227
1	177
0	169
4	8
0	0
8	425
1	414
12	455
0	409
0	406
74	578
0	607
0	339
1	295
1	0
0	1869
13	1067
0	814
0	685
22	490
0	1585
13	291
0	106
1	162
9	1
4	15
19	90
0	0
0	93
0	880
0	0
1	3
0	4
0	87
0	869
0	894
0	689
1	758
0	4
31	592
503	147
7	61
0	62
5	141
7	54
107	1003
1	879
4	572
0	91
2	34
224	198
200	198
0	20
1	1893
8	66
464	157
0	141
0	0
1	96
566	96
0	7
0	7
0	4
0	0
0	44
388	382
2	0
1	108
0	67
0	34
0	368
54	300
3	105
0	43
0	39
0	300
1	111
0	7
1	8
0	10
0	104
0	10
0	14
0	0
0	96
0	7
0	6
2	47
0	4
0	1
0	3
0	3
0	98
0	0
0	0
0	0
0	0
0	0
0	0
0	0
0	0
0	0
1	706
0	38
0	727
0	487
0	38
0	72
0	48
0	442
0	19
6	110
0	53
0	101
2	409
0	431
1	31
5	39
12	589
0	335
0	61
0	54
0	16
9	18
0	88
0	105
0	86
0	74
0	23
0	7
0	4
1	22
0	9
0	4
1	1
6	0
0	100
0	26
0	1258
2	1262
0	128
6	14
9	822
0	1263
0	1263
2	1184
0	28
0	26
0	19
0	24
0	16
0	25
1	9
1	2
1	3
0	28
0	28
2	0
0	13
0	3
0	2622
0	2599
46	847
56	1519
0	1928
0	446
0	984
0	433
1	553
2	95
0	486
0	931
1	968
0	180
1	356
1	508
0	120
1	329
5	566
0	456
0	364
1	340
0	223
1	224
801	843
3	312
2	263
0	64
1	79
0	0
0	0
0	0
0	0
0	0
0	0
0	0
0	0
0	0
0	0
0	0
27	224
0	433
1	402
21	387
1	131
0	380
0	273
0	157
0	82
0	56
4	71
0	71
0	51
0	325
0	653
0	653
0	296
8	703
0	709
0	627
0	270
0	674
0	690
0	686
0	675
1	428
0	312
1	72
0	90
0	1032
0	83
0	48
0	957
20	132
0	120
0	120
17	51
1	189
1	208
0	1520
0	1623
0	1551
0	1366
1	544
0	1461
0	1614
1	1428
3	728
0	1552
0	1504
1	1455
6	1541
2	1336
0	1563
0	1561
1	1232
3	32
0	259
1	47
0	62
0	226
37	4
0	3
0	0
0	0
1	1
1	0
4	363
4	366
4	26
0	350
0	331
10	4
4	41
3	24
0	0
1091	97
6	24
0	79
0	81
0	141
0	32
0	96
6	175
0	18
0	4752
3	4352
0	4997
0	12
76	1866
14	1576
0	896
1	692
1	557
0	0
78	971
0	971
0	0
0	0
5	56
1	56
0	1858
0	391
0	9
112	1384
6	193
44	435
0	1793
0	43
0	64
0	71
21	238
0	69
0	195
14	213
0	35
0	171
0	53
1	80
0	16
0	0
0	0
0	0
0	0
0	0
0	0
0	0
0	0
0	0
0	0
0	0
0	0
0	0
0	0
1846	1325
0	517
0	951
3	102
1	109
3	223
15	182
1	5
9	4
1	5
0	0
0	1
0	1
0	1
0	0
0	1
0	1
0	1
0	1
0	0
0	0
0	0
0	1
0	107
1	471
0	386
0	398
0	27
383	350
0	115
0	98
0	17
0	16
1	8
0	1
0	337
0	694
769	695
2	581
0	23
0	55
2	94
0	181
0	124
0	47
497	2085
0	27
3	580
0	1519
0	1765
2	1981
0	2002
8	497
0	724
4	1266
2	1819
0	263
0	471
5	90
1501	277
0	277
547	500
0	229
0	473
57	721
105	189
6	185
8	716
1	518
0	0
0	635
0	596
10	662
0	398
0	490
0	396
1	74
1	27
0	49
0	25
0	49
1	56
238	100
0	6
15	94
0	2
0	2
0	1
0	0
0	1
0	0
0	0
0	23
0	315
3	937
751	19
0	0
0	0
0	0
0	0
0	0
0	0
0	0
0	0
0	0
0	4
40	4
0	259
0	319
0	288
0	213
0	269
2	135
1	223
0	127
0	43
0	46
0	72
0	72
0	42
0	24
0	440
0	384
0	7
0	7
0	0
0	0
49	404
7	402
0	46
2	43
0	27
0	19
0	19
6	3
0	3
0	6
0	6
0	6
0	0
0	0
0	1
2	115
101	115
0	26
0	124
0	418
0	425
191	532
0	0
0	0
0	0
0	0
0	0
0	0
1	0
0	0
0	0
16	543
0	543
1	539
0	0
257	122
0	128
1	115
393	93
17	93
845	141
0	97
0	52
0	13
0	84
0	44
0	0
0	56
1	21
4	39
9	1035
255	1066
12	572
4	140
0	2523
1	273
28	1875
0	2258
1	535
0	747
2	339
3	277
10	291
13	0
0	666
1	193
2	243
0	427
0	153
0	197
0	194
0	187
0	40
0	25
160	220
5	122
0	214
0	61
0	54
0	51
2	82
0	0
0	16
0	10
0	10
0	10
0	16
1	15
0	908
0	88
1	1330
1	152
0	840
0	286
0	721
1	289
61	1365
3	956
0	908
0	794
0	176
0	110
0	847
1	143
0	71
3	114
0	212
0	388
0	231
0	53
0	322
0	171
0	158
15	386
0	1744
1	176
0	231
0	1751
0	1604
4	1422
0	1722
5	513
5	127
13	236
35	117
0	625
1	167
0	160
1	251
0	201
0	225
0	171
0	21
6	1548
0	1722
117	245
1	57
13	117
0	218
0	10
0	2
1	10
0	10
0	0
0	0
0	1
0	1
2	2
0	2
0	2
7	70
0	1969
44	2281
0	5
0	497
34	412
0	1875
0	540
1	176
0	2178
0	332
5	620
0	1980
24	198
2	1238
1	198
9	324
0	0
307	868
0	198
2	809
0	545
74	3175
1	3167
9	984
2	1496
0	1288
1	947
12	852
9	301
0	607
0	411
0	301
0	2949
1	488
1	472
0	307
0	131
3	169
1	47
0	46
0	444
0	473
1	462
0	318
0	16
1	13
2	245
4	1062
0	1284
6	325
1	1274
0	13
7	1000
1	72
2	98
0	67
0	0
1	614
0	154
2	0
21	233
0	129
1	21
10	44
3	16
0	31
7	138
0	88
0	119
15	1111
0	116
1	1031
6	250
0	890
0	2234
1	61
10	109
31	67
0	296
0	131
0	2212
0	0
1048	995
9	393
11	772
2	0
191	568
0	192
2	86
0	527
9	27
1	66
0	204
0	1
0	12
0	19
1	20
1	19
0	19
0	30
0	12
0	11
0	6
1	249
0	246
0	653
1	917
0	761
0	888
0	958
0	888
3	700
5	150
0	230
106	158
13	158
0	1043
1	918
0	363
0	364
0	235
0	428
0	581
0	571
0	361
0	328
8	186
0	295
0	406
0	23
0	31
0	38
0	32
0	17
0	22
1	168
0	12
0	71
0	19
0	191
0	31
0	114
190	1347
0	394
0	1371
0	138
0	372
0	169
0	1014
0	71
0	137
0	28
0	124
0	280
1	678
0	63
0	126
1	107
0	123
0	258
0	1305
0	116
0	1091
7	889
1	112
0	344
0	1249
0	102
0	24
0	146
0	102
0	133
0	132
0	121
0	157
0	1121
0	1342
4	221
0	292
0	53
0	1135
0	287
0	869
0	298
16	873
0	114
0	62
40	526
3	482
3	212
0	539
2	463
15	507
0	238
0	379
0	236
0	303
0	252
2	202
0	236
0	237
0	227
0	77
0	120
0	65
0	117
0	0
0	0
170	33
3	27
0	33
0	183
3	184
0	86
0	31
1	29
0	0
0	0
0	0
0	0
0	0
0	0
0	0
0	0
0	0
0	0
0	0
0	0
0	0
2	13
0	12
1	1
0	1
1	0
0	0
0	0
15	347
0	53
0	127
0	164
1	162
0	336
0	165
0	90
0	318
1	137
0	154
1	44
0	252
9	196
0	14
0	15
0	45
1	18
0	41
0	40
2	40
0	18
2177	278
13	278
5	0
0	0
0	0
0	0
0	0
3	706
0	798
0	300
0	537
0	346
0	40
2	99
0	326
0	320
0	811
0	34
0	30
0	17
0	19
0	1
0	2
0	0
0	0
0	0
0	0
0	12
0	308
0	1129
5	1005
2	403
0	477
0	1241
0	1302
0	1130
0	108
3	486
0	1192
0	221
0	445
0	515
6	288
0	77
0	51
0	46
0	29
0	24
0	5
0	5
0	3
0	3
0	3
0	3
0	3
0	3
0	3
0	3
0	2
0	2
0	2
0	3
0	2
0	1
0	1
0	0
0	0
0	0
0	1
0	1
0	0
0	77
0	78
0	567
0	559
0	58
20	450
0	41
0	60
0	38
0	512
0	218
0	140
0	519
0	42
0	21
1	37
0	45
0	50
1	17
0	7
0	70
2	430
0	251
0	162
0	84
0	41
0	0
125	56
0	56
0	50
4	35
15	106
4	283
3	411
0	79
3	310
16	213
988	320
18	265
0	293
3	177
0	129
8	27
7	16
0	0
0	0
0	0
0	0
0	0
0	0
574	2413
0	503
0	243
0	1942
0	294
0	571
4	483
1	253
4	268
25	750
968	346
233	10
2	0
0	0
0	10
2	0
0	0
2165	249
3	126
1	79
0	73
0	9
2	31
1	28
0	646
0	646
0	530
1	232
0	67
3	290
0	221
2	219
5	62
1	747
6	985
0	768
0	835
0	809
0	936
0	760
41	1001
0	771
0	610
0	809
0	702
0	704
0	696
0	651
0	636
0	0
0	0
0	49
0	7
0	28
0	2
12	49
0	100
0	64
368	274
0	273
0	81
53	201
0	48
0	91
0	71
0	0
0	0
3	2339
7	2306
0	99
5	146
24	101
16	77
1	165
5	226
0	186
5	190
3	149
2	63
0	92
7	416
0	480
0	503
0	348
0	253
0	358
0	303
0	0
0	0
80	1068
15	503
15	1114
0	165
1	468
0	461
157	1953
0	1953
0	72
0	1
0	1
0	0
0	0
0	0
0	0
0	0
0	58
5	95
2	49
0	133
0	17
0	13
39	114
0	8
1	13
0	54
0	29
0	7
0	3
0	3
0	0
410	77
0	78
1	78
0	6
0	0
0	0
0	0
0	0
0	0
0	0
0	0
0	0
0	0
0	0
0	0
0	0
0	0
0	0
0	0
0	0
3	160
0	330
30	290
0	48
0	109
2	99
0	80
0	445
0	386
0	178
0	385
0	425
0	405
0	420
0	338
0	388
0	441
0	409
1	440
0	377
1	422
0	402
0	298
0	194
0	196
0	208
0	201
0	230
0	232
0	33
0	59
0	55
0	233
2	226
1	235
0	218
0	214
0	214
0	177
2	174
0	0
0	117
0	47
0	43
0	33
0	27
0	21
0	0
0	0
1	55
1	126
0	126
0	126
0	71
0	38
0	9
0	2
0	3
0	2
0	0
0	1
0	1
0	1
0	0
0	1
0	1
0	0
0	1
0	0
0	0
0	1
1	0
0	1
0	1
0	1
0	0
0	0
0	21
0	227
38	6
0	287
2	259
0	250
2	252
0	262
4	9
0	41
0	187
0	20
1	12
3	22
0	36
0	23
0	24
0	13
0	13
0	8
0	13
0	36
0	43
0	54
0	53
0	51
0	47
0	56
0	44
0	49
6	47
0	43
0	45
0	44
0	48
0	45
0	33
0	14
0	41
0	39
0	47
0	32
0	3
0	41
0	31
0	40
0	40
0	46
0	46
0	46
0	45
0	45
0	44
0	42
0	43
0	44
0	43
0	43
0	42
0	41
0	36
0	3
0	43
0	37
0	40
0	44
0	40
0	46
0	42
0	47
0	70
0	58
0	56
0	66
0	33
0	36
0	40
0	39
0	66
0	51
0	54
0	66
0	56
0	64
0	45
0	46
0	48
0	47
0	44
0	28
0	45
0	34
0	43
0	10
0	9
0	1
0	12
0	14
0	0
0	12
0	12
0	20
0	15
0	11
0	22
0	22
0	3
0	2
1	0
0	2
0	0
0	1
0	0
6	22
5	23
1	23
0	192
7	192
0	1512
1	1511
0	49
2	76
0	213
1	98
0	95
0	61
1	65
0	19
2	330
0	1572
0	1592
0	122
7	610
0	1541
0	978
0	1462
0	1481
0	1559
0	0
4	210
1	100
0	0
0	39
1	0
0	0
0	0
0	0
0	0
5	1206
7	46
0	0
0	104
0	114
0	111
0	24
0	0
0	117
8	406
0	298
0	0
0	58
0	251
0	17
0	0
2	0
0	240
0	236
0	6
0	1
0	0
0	0
0	1
0	6
0	1
15	272
30	272
2	96
0	66
0	916
2	867
20	907
0	907
14	668
0	580
0	923
0	260
0	136
12	68
0	64
0	13
0	52
0	58
0	60
0	11
0	43
0	43
0	43
0	42
0	35
0	36
0	16
0	2
0	0
1	55
2	46
5	69
0	2
0	69
1	69
0	25
0	57
0	20
0	17
0	2
1	761
1	194
0	758
1	318
2	722
0	68
0	36
0	15
1	123
4	94
1	33
17	5
0	3
0	3
0	6954
0	4326
0	6828
0	0
0	0
0	0
1	1
0	1
0	0
0	0
0	0
0	0
0	0
0	0
0	29
0	22
0	25
0	29
0	21
0	19
0	9
0	9
0	4
0	8
0	8
0	6
0	2
1	2
0	2
0	0
0	0
0	0
0	0
0	0
0	0
0	0
0	0
0	3
0	0
0	0
0	1
0	0
0	1
0	0
0	0
0	1
0	1
0	1
0	1
420	532
0	409
9	119
16	44
2	45
10	61
53	229
1	345
4	320
0	308
2	107
2	97
0	96
11	51
20	120
6	107
48	320
0	95
0	150
0	249
0	29
0	10
1	140
0	15
0	0
0	0
0	721
2	712
4	722
0	3
0	1
0	42
0	135
385	1544
10	1225
0	1201
8	105
0	214
3	886
0	111
4	18
3	22
14	73
21	81
63	81
1	81
0	586
8	0
1	114
0	55
0	87
0	114
451	456
0	161
0	99
0	104
33	224
28	96
0	121
0	1
0	0
0	1
0	0
0	2
2	3
0	2
2	11
0	14
0	29
0	11
0	14
0	27
0	3
44	9489
0	9436
38	810
38	541
101	1243
2	1296
0	595
0	1572
3	431
0	418
130	341
0	12
0	0
2	3
7	3
0	3
0	0
89	179
0	112
1	96
1	66
0	1065
3	999
1	1024
1	104
0	49
1	0
0	106
0	86
4	105
0	10
0	6
1961	0
1	0
515	87
1	27
0	60
0	307
0	82
0	181
0	158
2	261
0	51
0	52
0	114
13	101
1	242
0	3
0	1
0	1
0	0
0	3
0	3
0	3
0	0
0	0
0	0
0	0
0	0
0	0
0	0
279	184
0	73
1	164
2	32
0	28
0	132
3	31
0	32
0	132
1	96
4	191
13	35
1	20
0	16
18	86
3	51
0	34
0	25
0	28
1550	230
0	20
0	220
0	206
0	201
3394	2930
24	1617
12	707
0	959
0	1167
5	1133
0	1098
0	519
0	509
0	400
305	103
0	17
14	26
0	60
395	141
0	91
5	86
1	18
0	7
0	19
0	3
0	84
0	350
173	1029
0	1000
3	267
4	726
0	295
0	116
3	106
218	100
0	61
0	233
12	378
0	346
0	336
0	233
2	41
0	29
0	15
0	48
0	38
1	4
1	317
4	60
0	304
0	306
0	301
0	182
0	303
0	62
1	256
1	43
0	114
0	0
7	152
0	1803
0	0
0	286
0	205
0	105
0	1615
3	159
0	1907
0	2029
0	486
0	1714
6	1453
1	197
0	780
1	8
12	154
1	336
0	1911
0	1758
0	0
0	1981
51	1564
2	486
0	920
0	1341
10	875
0	741
0	0
2	765
26	39
0	54
1	756
0	39
5	31
8	53
0	36
0	86
0	28
1	33
0	27
0	63
0	749
5	2
0	18
0	602
3	750
2	30
9	1
1	749
1	30
12	10
0	60
2	44
0	588
2	57
0	58
0	59
0	26
9	1230
0	1226
0	1371
1	33
0	451
0	99
3	57
1	77
0	586
0	156
0	127
0	56
10	21
18	68
10	98
1	318
1	58
0	170
0	91
0	91
0	125
2	61
1	164
1	68
0	126
0	1340
0	0
0	0
23	29
0	7
0	2
0	26
0	29
0	29
2	29
3	26
0	902
0	27
2	19
0	18
2	800
0	61
2	190
48	877
0	0
0	0
0	44
0	9
4	19
0	7
0	15
0	18
0	6
0	5
0	0
0	0
0	0
0	38
0	2
0	5
0	35
0	48
28	443
1	298
0	445
1	421
21	8
17	409
0	205
2	181
0	171
11	180
0	100
2	12
0	1
5	137
0	45
0	142
1	76
2	3
0	6
0	0
0	2
2	90
0	57
0	5
0	51
0	64
0	0
2	48
0	227
1	198
0	14
0	21
0	19
0	118
0	215
0	1898
0	1898
0	1893
0	1648
0	1896
0	6
0	0
1	0
0	0
0	0
1	0
0	1377
1	1340
0	467
0	319
0	0
1	134
0	124
0	20
1	20
0	10
0	10
0	10
0	10
0	35
0	0
0	0
0	25
0	0
0	10
0	0
0	9
0	0
0	11
0	0
0	10
13	27
0	0
3	0
0	0
0	0
0	0
0	0
0	0
0	0
0	0
0	0
0	0
0	0
2	70
201	70
0	0
0	0
0	0
0	0
0	0
0	531
0	574
0	393
1	558
2	114
0	167
0	70
0	82
85	386
0	104
0	310
1	93
48	303
0	80
0	78
1	154
0	13
997	276
1	250
0	0
0	405
703	574
0	595
5	205
212	112
2	12
0	25
0	84
6	64
1	1920
0	1781
4	255
0	209
3	107
4	206
0	103
0	65
0	0
0	100
0	4
0	2
0	0
0	0
0	0
0	2
0	6
0	0
0	0
0	0
0	0
0	0
0	0
0	0
0	0
0	0
0	6
0	6
0	6
0	6
0	6
0	6
0	6
0	6
0	164
0	169
0	176
0	171
0	156
0	37
0	32
0	126
0	21
0	160
0	14
0	23
0	45
0	2081
16	2037
0	111
231	2081
0	2037
2	115
4	857
0	775
0	49
2	147
0	32
0	40
2	36
0	72
0	3
32	116
0	794
0	3
24	790
0	33
33	26
0	5
0	6
0	2
0	1
0	11
0	1
0	18
0	1
0	13
0	1
0	0
0	0
0	32
0	32
0	0
0	44
12	430
0	439
0	32
7	141
0	32
0	427
0	32
0	32
0	32
0	282
0	318
0	309
0	296
0	361
0	351
0	359
0	357
0	348
0	350
0	352
0	346
0	350
0	367
0	367
0	367
3	360
0	358
0	344
0	366
1	413
0	413
3	93
0	6
0	50
0	289
0	58
18	183
0	22
1	40
0	35
0	76
0	50
0	49
2	50
0	45
0	39
1	1
0	1
0	1
0	0
0	37
3	1360
0	1422
0	210
8	441
2	441
9	849
0	853
0	227
0	66
0	480
3	777
0	357
31	1293
432	0
0	780
6	745
3	146
0	172
0	262
3	118
0	28
9	0
4	2
2	1721
1	1711
0	1763
0	128
0	171
0	179
0	210
0	198
1	260
16	151
0	20
0	0
0	1
0	3
0	3
0	3
0	0
0	0
0	0
0	802
0	551
0	535
0	593
0	593
85	250
0	531
0	534
0	536
0	804
0	64
0	536
0	535
0	547
0	519
0	414
0	455
0	450
0	496
0	427
9	68
2	76
0	36
0	238
0	1
0	123
0	161
6	81
6	11
0	14
0	0
0	0
0	0
0	0
0	0
297	17
0	3
0	3
0	1
0	3
0	4
0	4
0	3
0	4
0	3
0	3
0	2
0	3
0	0
0	0
0	0
0	0
0	0
0	0
0	0
0	0
0	6
0	6
0	5
0	6
0	5
0	2
0	2
0	1
0	1
0	0
0	1
0	1
0	0
0	179
0	182
0	173
0	169
0	165
3	179
0	179
1	8
0	179
0	26
0	165
0	20
0	179
0	182
13	165
0	0
21	0
0	176
0	572
0	516
0	550
3	69
0	545
6	31
0	108
0	118
0	91
0	2
0	1
0	3
0	4
0	3
1	3
16	444
37	349
2	285
0	507
0	514
4	465
0	523
0	530
1	305
0	42
1	25
0	29
0	28
70	432
2	387
8	77
0	0
0	0
12	119
0	87
0	95
0	63
3	39
1	13
0	9
0	6
0	9
0	6
0	3
4	3
0	10
0	12
11	4
0	2
1	3
0	3
2	13
0	11
0	7
1	17
0	11
0	17
0	12
0	3
0	12
9	10
11	8
15	9
0	11
0	10
3	10
0	22
0	22
0	25
0	9
0	4
0	5
0	5
0	5
0	6
0	9
0	7
0	7
0	9
0	9
0	10
0	10
0	7
0	15
0	18
0	15
0	21
0	1
0	3
0	14
0	4
0	5
0	7
2	10
0	2
0	1
0	0
5	6
0	6
0	6
0	18
0	11
0	0
0	2
0	18
0	7
0	15
0	38
1	376
1	400
0	74
0	48
0	48
1	22
0	301
0	1063
0	1274
161	157
0	157
2	3
0	307
0	304
0	301
0	311
0	27
0	66
0	21
0	5
0	68
0	25
0	95
0	12
0	26
0	301
16	313
0	128
0	300
1	22
0	175
0	57
0	106
0	91
0	65
1	57
0	36
9	22
0	50
0	300
0	0
0	838
3	805
2	552
0	561
8	567
0	547
0	44
1	671
0	80
5	120
2	72
0	0
1	28
0	71
9	448
5	838
0	4
0	4
0	1
0	2
0	1
0	1
0	3
0	1
0	1
0	3
0	1
282	226
0	83
0	39
0	185
1	190
0	148
0	93
0	145
0	51
0	107
0	168
0	182
4	203
0	215
88	239
1	103
1	49
0	32
1	37
94	15
0	15
0	9
0	7
0	6
0	1
0	0
0	0
0	0
0	0
0	0
0	2485
309	2864
3	2516
0	2565
0	283
0	552
0	2612
0	2717
4	42
0	639
3	162
0	106
2	879
3	628
1	882
12	849
0	280
2	138
1	0
0	0
0	0
20	368
0	348
0	370
0	108
1	109
0	90
0	19
1	2
1	106
0	47
0	58
0	52
0	21
0	29
0	28
0	16
0	10
0	15
0	10
0	8
0	7
0	3
0	3
0	0
0	329
2	328
0	35
0	55
0	15
1	11
0	23
0	29
0	27
0	19
0	8
0	20
0	7
0	4
2	4
25	154
24	154
19	25
2	371
0	1428
0	1380
1	218
0	246
0	1390
0	1366
14	36
544	202
0	174
0	90
1	81
1	914
0	957
0	885
6	102
0	183
0	19
0	18
39	55
0	19
1	835
0	51
2	13
1	24
0	211
4	111
5	0
1	737
3	0
1	64
0	768
0	14
0	652
4	695
0	22
0	576
1	508
9	53
11	10
0	509
5	648
2	7
0	27
2	7
7	530
0	513
2	402
0	186
0	909
0	17
0	191
11	195
0	196
1	16
12	18
0	18
0	1
0	2
0	1
0	3
0	3
0	3
0	1
0	233
0	25
0	23
0	11
0	9
0	1
0	4
0	9
1	20
0	10
0	11
1	3
0	0
0	0
0	0
0	3
0	14
0	417
0	843
0	1041
0	1112
1	669
5	214
0	108
0	977
20	931
0	0
0	0
1	177
2	151
1	62
3	50
3	6
141	431
2	234
0	94
2	110
14	197
0	1
0	6
0	2
0	2
0	2
0	0
0	0
0	2
0	6
0	3
0	3
0	3
0	2
0	0
0	2
0	0
0	1
0	0
3	83
0	24
0	30
0	96
0	26
0	26
1	21
8	16
0	16
0	15
35	14
5	63
137	1158
0	109
13	41
0	541
4	838
141	5
0	5
3	109
1	118
0	185
3	2
0	181
0	120
0	119
4	97
7	132
1	175
1	3
0	114
1	6
1	6
0	6
0	219
0	183
3	179
1	216
0	212
0	214
0	90
0	36
0	17
1	77
1	14
0	38
3	27
0	10
338	161
1	13
0	7
0	141
0	26
0	25
0	22
0	56
0	77
0	25
0	1
0	1
0	1
0	0
0	0
0	958
10	965
0	837
3	99
1	789
0	782
0	805
0	468
0	25
9	327
2	29
6	29
1	58
0	50
8	2128
56	4498
2	520
3	151
0	3939
42	3311
8	329
0	2
0	1
0	0
0	0
1	1
0	0
0	2
0	2
9	288
0	287
0	253
50	263
0	46
0	40
0	0
1	0
0	454
0	329
0	454
0	429
18	535
44	124
0	429
0	353
8	544
0	400
0	0
0	128
5	309
0	0
1	36
0	0
0	0
28	61
1	0
0	0
0	34
6	28
0	0
1	12
23	191
0	0
0	0
1	3
2	146
0	11
0	6
0	18
0	7
76	251
0	35
15	48
0	50
2	0
0	61
0	150
0	151
0	12
0	61
0	44
0	45
0	16
1	53
6	62
0	111
1	120
2	43
1274	515
0	353
24	224
0	1911
0	1845
0	1792
0	2041
0	1112
0	243
0	470
0	308
0	834
0	302
0	987
0	1235
0	1174
0	1173
0	82
0	78
0	174
0	16
1	11
0	2
0	0
0	83
0	10
0	10
0	1
0	10
0	6
1	131
0	0
0	0
0	0
0	0
0	0
0	2
0	2
0	0
0	0
0	0
0	0
0	0
0	0
0	0
0	0
0	0
0	0
0	0
0	0
0	0
0	0
0	35
0	524
0	523
3	47
0	521
0	518
0	520
0	514
2	73
2	185
3	410
0	126
0	534
2	97
3	430
0	0
22	8
107	111
0	101
0	94
0	91
0	100
0	96
0	93
0	8
0	8
1	8
0	85
0	94
1	0
0	0
7	212
0	112
0	22
1	14
0	17
26	182
0	26
0	5
0	35
4	0
0	93
0	1174
4	1304
0	15
5	1311
0	1321
0	40
1	10
0	609
4	78
34	1776
0	1767
5	965
0	1193
1	1019
0	1034
0	339
0	337
0	1765
0	0
0	0
0	0
0	0
3	5
0	2
1	5
1	5
0	0
16	48
0	48
0	0
0	0
0	0
0	0
0	0
0	0
0	0
0	0
0	768
1	508
0	561
1	35
5	78
0	430
0	22
0	77
2	211
0	24
0	124
0	54
0	8
0	466
798	1338
0	0
0	0
0	0
0	0
0	0
0	0
0	0
0	0
0	0
0	0
0	0
0	0
0	0
10	483
2	1366
1	1433
0	1492
6	965
0	872
0	298
0	274
0	157
0	154
0	76
22	556
0	182
9	0
3	128
0	144
0	123
0	114
3	217
0	149
0	105
2	161
0	128
3	108
3	82
2	25
0	3
1	1
170	1490
0	1069
0	408
0	384
0	1076
0	33
0	411
0	386
0	603
0	603
0	385
0	32
0	242
1	366
1	413
12	496
2	465
0	525
0	263
0	124
35	103
130	112
13	66
0	3
0	34
1	29
0	30
1	33
0	5
4	17
3	17
0	5
0	5
0	3
0	3
0	0
3	443
0	370
7	631
0	656
170	507
0	451
0	344
0	247
0	86
3	63
6	31
4	1020
3	1925
0	2102
0	2264
9	1544
20	1190
19	2155
0	1494
0	690
29	1620
0	0
0	5
1	5
0	5
0	5
0	195
0	195
0	64
0	27
0	10
0	4
1	4
0	13
1	9
0	36
1	34
0	26
0	16
0	7
0	4
0	1
0	1
513	511
0	430
0	22
2	310
0	380
0	254
0	21
0	96
0	193
0	332
0	136
0	191
0	334
0	337
0	14
0	19
6	6
14	1014
9	172
0	732
0	155
0	973
68	749
0	264
0	141
13	128
4	25
25	729
0	614
0	79
486	344
0	354
1	72
88	98
0	64
2	0
1	34
1	34
64	614
2	519
0	255
18	53
0	190
1	211
0	101
185	518
1	60
2	34
0	73
0	13
0	11
0	41
1	55
152	327
2	46
3	31
0	33
0	42
0	52
0	63
0	320
0	14
0	28
2	25
0	49
0	64
0	67
0	43
0	44
0	53
0	46
0	27
0	15
0	45
0	11
0	66
8	26
0	51
0	0
0	0
0	0
6	47
0	4
4	16
0	36
2	10
4	2
93	49
3	5
6	43
8	0
0	0
0	44
0	117
0	128
0	140
0	38
0	126
9	47
2	136
0	78
11	112
20	79
0	93
1	0
0	16
1	15
0	23
0	16
0	12
0	23
0	10
0	1
0	3
0	3
0	10
0	6
0	2
0	21
0	0
0	4
0	622
0	0
1	1041
1	418
2	980
2	929
0	302
2	579
1	754
0	150
0	815
0	677
77	647
0	180
0	161
1	349
1	132
0	304
0	242
0	147
12	53
0	239
1	110
219	333
0	333
3	125
0	115
454	167
26	31
0	149
3	76
0	69
0	717
0	828
0	821
0	18
0	828
0	0
0	301
0	661
0	67
0	49
0	537
0	0
0	10
0	13
0	68
0	16
0	373
0	16
0	316
0	13
0	16
0	7
0	217
0	205
0	20
0	29
0	34
0	158
4	136
1	48
972	7488
301	6548
0	14283
0	113
0	14012
0	14027
0	14279
0	14149
0	9906
0	27
0	14279
0	14146
0	14023
0	14008
0	109
1	3163
0	14150
0	109
0	14013
0	14284
0	0
0	0
0	14158
0	14279
0	114
1	14033
0	113
0	14157
0	14279
0	14146
1	14282
1	14331
21	14179
0	14060
0	14279
1	14302
1	14027
2	14295
4	13911
0	13872
0	61
0	260
0	14352
71	15158
56	15040
0	15069
0	15340
0	13422
0	801
0	628
4	14563
0	14287
0	14037
0	14159
0	14279
0	14701
0	14449
0	14618
0	215
2	14223
64	13952
0	9039
0	7282
20	8503
0	12452
0	12495
0	12754
0	13290
0	11877
0	12967
0	11805
0	13296
0	12141
0	13913
0	3522
0	3470
0	2960
0	8937
0	1030
0	0
22	11
0	7
4	4
0	113
0	4
0	87
0	0
0	105
2	49
0	16
0	143
203	3469
1	3469
2	3
0	520
0	518
0	526
0	202
0	137
2	121
0	143
0	61
1	70
0	36
19	51
0	79
0	63
0	37
0	1
0	1
8	519
203	425
0	360
0	279
1	52
0	54
554	520
1	266
0	503
0	0
0	0
0	0
0	0
5	761
20	822
0	831
0	329
1	304
64	461
5	35
3	150
44	429
1	48
0	331
4	414
6	17
4	263
9	184
4	43
1	43
0	1029
2	77
0	86
0	928
0	913
6	891
0	888
5	133
11	48
0	150
2	223
1457	453
2	434
4	170
0	0
0	0
0	0
1266	0
565	243
1	167
0	71
1	89
0	25
64	121
5	11
4	22
0	102
0	0
3	9
0	22
0	25
4	22
60	63
1	23
0	61
2	8
0	372
2	421
0	356
0	40
2	40
0	6
0	8
0	0
0	0
0	0
0	0
4	3169
0	278
0	282
0	168
3	996
0	27
0	60
0	178
1	24
4	182
0	23
0	3151
0	0
0	0
0	0
0	0
0	248
24	248
0	1102
7	1098
15	1077
0	83
0	1071
0	793
0	3
1	339
0	186
11	457
0	162
0	159
1	46
2	73
0	141
0	68
0	22
1	164
0	78
4	24
0	90
0	64
0	80
0	54
0	25
0	746
0	71
27	779
1	300
1	120
0	515
7	49
0	125
0	92
0	291
0	187
3	187
0	185
2	163
1	0
1	68
1	68
6	2388
9	2388
0	789
99	1389
2	91
3	303
2	1297
10	1054
1	383
0	150
62	12
0	12
1	4
15	615
0	1135
1	536
0	54
0	82
0	41
0	1135
0	0
117	524
1	524
1	350
0	524
7	938
20	780
0	118
1	935
10	112
200	5205
1	2653
0	1903
0	704
0	1044
0	1059
0	1147
0	319
0	319
0	4641
0	30
72	399
0	229
0	299
0	65
0	413
0	60
0	86
9	48
0	62
0	29
2	27
9	28
0	82
1	202
2	114
0	22
0	87
3	61
0	77
33	56
0	16
0	414
4	1
0	1
0	71
0	102
1	579
0	596
2	546
0	608
11	96
0	181
6	56
0	29
0	234
0	105
39	366
0	55
0	359
0	73
0	148
0	101
1	100
0	76
0	76
0	238
0	58
0	96
0	100
0	68
0	63
0	57
1	163
1	118
0	72
0	48
0	95
22	40
0	86
0	74
0	86
1	82
0	73
0	49
0	20
9	41
0	230
2	13
2	13
0	3
0	69
9	529
0	67
1	80
0	459
0	0
352	28
0	93
0	334
0	346
0	348
0	204
0	266
0	303
0	427
0	154
0	131
1	54
0	129
0	83
0	76
0	83
9	30
0	92
11	417
2	235
2	23
1	8
0	9
0	37
0	31
0	34
0	0
1	29
0	68
0	417
824	86
38	86
0	0
0	0
0	0
0	0
0	0
0	0
0	0
0	0
0	0
0	0
0	0
0	0
0	0
0	0
0	0
0	1502
0	282
0	1502
1	0
0	0
0	0
0	0
0	0
0	533
0	512
0	537
4	206
0	168
0	151
0	130
0	97
0	42
11	1
1130	0
119	726
227	725
0	288
0	177
10	417
0	413
0	291
0	23
0	428
0	425
0	425
0	0
0	0
0	0
0	0
0	0
0	68
0	40
0	0
0	94
0	88
6	42
0	0
0	48
7	95
1	6
0	13
0	13
0	13
0	70
1	71
0	8
3	5
0	31
0	31
152	2919
1	2614
1	950
1	2403
0	1218
2	8
12	801
0	368
3	824
0	354
0	0
0	0
0	0
0	0
0	0
0	0
11	108
0	674
0	714
0	860
2	790
4	38
7	144
0	167
3	104
3	128
3	140
10	414
2	121
0	0
0	0
0	0
0	0
1	0
0	0
0	0
0	0
0	0
0	0
0	0
0	0
0	0
0	0
0	0
0	0
0	0
0	0
0	0
0	0
0	0
0	0
0	0
0	0
0	0
0	0
1	15
0	408
0	374
1	43
0	83
0	83
0	126
0	53
2	11
1	86
0	15
0	15
0	15
2	102
0	0
1	0
0	0
0	355
0	582
14	456
12	45
0	84
1	582
279	1439
2	456
4	551
0	82
0	179
52	708
0	91
109	61
1	4
0	61
0	32
0	32
0	2844
0	2328
0	204
0	219
0	182
0	124
0	1453
0	2436
0	1898
30	2163
0	1798
0	35
2	1144
0	225
0	134
0	142
0	131
3	134
0	132
0	134
0	21
0	41
0	26
0	6
0	634
0	627
0	64
0	52
0	42
0	34
0	35
0	0
0	0
4	0
20	70
3	74
17	17
0	4
1	73
0	0
0	9
0	9
0	9
0	3
0	8
0	3
0	1
0	0
0	9
0	8
0	0
0	0
0	0
0	0
0	0
0	0
0	0
0	0
0	0
0	0
0	0
0	0
0	0
0	0
0	0
2	526
1	23
0	86
70	517
0	5
0	5
0	1
0	3
0	5
0	3
0	1
0	0
0	5
0	5
0	5
0	4
0	1
0	0
0	0
0	0
0	2
0	3
1	5
762	775
24	350
2	88
0	214
1	155
5	20
0	205
5	27
0	107
0	16
27	21
0	14
3	0
0	0
2	26
987	2033
4	1948
0	874
1	898
4	402
0	261
0	60
0	118
39	248
29	245
0	95
0	101
0	115
1	110
0	21
0	0
1	7
0	3
0	443
2	455
15	397
0	339
0	496
2	218
4	140
1	138
600	906
2	836
0	552
0	0
0	0
0	0
0	0
0	0
0	0
0	988
555	1828
9	996
3	195
0	1415
1	1348
7	617
0	929
0	12
10	48
0	23
0	12
0	17
0	2
0	37
0	12
0	8
0	12
0	4
0	11
0	24
0	21
339	643
1	494
3	5
5	5
0	0
1	617
12	42
4	25
0	12
0	7
0	713
3	653
1	633
0	732
7	723
21	599
0	96
0	131
0	245
0	121
2	56
1	55
17	73
2	36
0	69
2	0
0	0
1	0
1	69
8	13
0	69
0	0
0	0
55	46
0	346
1	13
17	13
0	8
0	720
2	924
0	886
0	763
0	404
1	79
0	76
0	107
0	96
0	977
3	797
0	123
0	213
8	974
10	14
0	87
3	936
10	433
23	192
10	16
15	199
1	139
1	118
16	19
0	108
51	32
0	21
0	30
0	9
1022	0
8	37
0	0
0	0
0	0
0	0
0	0
0	0
0	0
0	0
0	0
0	0
39	848
4	481
82	757
0	57
2	249
0	216
0	175
3	0
0	0
1	746
0	770
0	215
1	62
2	340
0	51
1	109
0	74
0	4
80	85
0	11
431	155
1	33
0	66
8	32
9	64
1	24
0	103
0	15
0	24
1659	473
0	61
0	207
0	168
0	1671
0	204
0	227
0	271
0	81
1	64
0	445
0	236
0	251
0	67
2	1270
0	307
1	106
3	1249
12	598
0	598
0	73
0	16
3	6
0	4
1	6
0	5
0	0
0	0
0	5
0	3
0	0
0	1
0	1
0	0
0	0
0	0
0	0
0	0
0	0
0	1
0	2
0	2
0	5
0	6
0	4
0	4
0	4
0	0
0	1
1	2
2	1
0	6
133	3733
20	2942
2	3302
0	3240
1	3474
0	2931
1	2673
0	528
1	358
9	68
1	0
0	0
0	0
0	0
0	0
12	38
0	497
0	488
0	466
145	134
40	321
0	234
0	94
56	4
0	0
0	4
0	0
0	0
0	184
4	188
0	164
3	29
0	19
1	36
0	12
0	24
0	22
0	186
0	29
0	0
0	2
10	2
0	0
1411	3093
4	2915
29	3105
0	3075
0	1092
0	311
0	2753
0	2690
1	2683
2	2619
1	2543
0	2224
1	1186
0	693
0	258
0	187
0	179
0	166
60	8998
3	4413
408	7648
0	7802
35	8863
2	7702
1	7702
3	4918
0	7463
103	4894
22	6766
0	551
0	0
9	660
33	646
9	89
34	11
0	65
0	71
6	44
0	55
0	43
2	644
2	2521
3	69
6	234
78	3832
0	3689
82	1461
0	3582
59	1931
3	3835
0	3599
0	30
487	187
0	134
4	45
26	98
12	41
18	0
201	455
0	428
3	362
1	5
0	5
0	1
0	1
0	1
0	1
0	1773
0	221
0	658
1	449
28	356
0	237
0	123
0	354
29	327
0	1593
0	377
16	1609
0	385
0	450
1	1598
0	343
1	340
1	341
0	172
0	107
0	317
1	20
0	19
0	14
0	37
0	18
0	21
0	16
0	72
0	5
0	10
0	6
0	49
0	54
0	47
0	43
0	57
0	55
0	51
4	144
93	316
40	172
0	1626
0	1602
7	1788
3	433
0	123
0	156
0	25
0	217
2	139
0	122
0	99
0	0
0	53
0	35
0	1
0	1794
0	1
0	2
0	1253
4	0
0	1091
0	90
0	121
0	236
0	330
0	1256
11	198
0	135
0	206
0	108
13	681
13	488
0	1253
9	7
0	7
0	7
0	3
0	0
0	0
0	0
0	7
0	7
0	7
0	7
0	2
1	5
0	0
0	0
0	0
163	117
6	99
1	74
0	68
3	8
0	63
0	69
0	71
0	73
0	53
1	18
0	45
43	679
1	679
2	156
10	609
0	345
5	174
0	446
3	435
7	91
4	50
3	2
12	12
0	2028
1	4242
0	316
0	635
0	4079
0	4171
0	3774
0	3956
0	1073
1	798
0	751
0	749
0	2005
0	358
0	1082
0	1442
0	97
0	4133
0	306
0	140
50	4198
0	1085
1	857
0	753
0	4082
0	967
0	4085
0	720
0	443
0	1189
4	442
0	4081
0	496
11	797
0	4204
0	1
0	1
0	171
0	171
2	161
8	154
1	154
2	146
116	2000
0	1931
0	303
27	1833
0	1602
0	1565
0	857
1	679
0	268
1	262
0	0
0	0
0	0
0	0
0	0
0	0
0	0
0	0
0	0
0	0
0	0
0	0
0	0
0	0
0	0
0	0
0	0
0	0
0	335
1	360
301	722
1	335
32	0
1	102
0	59
0	58
0	91
0	0
0	0
0	75
0	92
0	75
0	91
0	126
0	0
0	82
0	76
0	78
0	77
0	15
0	57
1	38
6	880
86	694
2	650
0	661
1	418
5	2
0	17
31	232
593	514
0	38
0	40
0	38
6	76
0	133
0	45
1	24
21	78
0	78
0	3
0	4
4	2
922	35
4	35
0	0
0	0
0	0
0	0
0	179
25	165
0	165
6	155
0	27
2	100
148	732
0	86
0	57
0	666
1	186
1	199
4	22
9	9
1	81
0	0
0	2
4	2
0	133
2	9
15	45
0	90
0	65
0	117
0	87
0	113
3	11
0	0
0	0
0	0
0	0
0	0
0	291
0	109
0	86
0	324
0	136
0	150
0	45
0	128
0	294
0	160
0	35
0	16
0	28
0	18
3	10
0	26
0	25
0	25
0	122
0	25
0	4
0	122
0	119
0	24
0	22
0	19
0	11
0	12
0	28
22	28
0	2
0	8
0	0
0	0
0	0
0	0
828	215
11	215
1	22
0	22
0	23
1	13
3	19
0	1
0	1
0	1
0	0
0	160
0	160
0	16
0	3
0	0
0	0
0	0
0	0
0	0
0	0
0	0
0	0
0	0
0	0
0	0
0	0
0	0
0	0
0	0
0	0
0	0
0	0
0	0
0	0
0	0
0	0
0	0
0	0
0	0
0	0
0	0
0	0
0	0
0	0
0	0
0	0
0	0
0	0
0	0
0	0
0	0
0	0
0	0
0	0
0	0
0	0
0	0
0	0
0	0
0	0
0	0
0	0
0	0
0	0
0	0
0	0
0	0
0	0
0	0
0	0
0	0
514	105
0	100
0	100
0	101
0	20
0	27
0	20
1	10
1	1
0	5
0	5
0	5
0	4
3	1
0	2
0	2
28	44
0	7
0	32
0	3
0	36
0	4
0	4
0	3
0	2
0	9
0	0
0	0
0	37
0	48
151	323
3	317
0	180
0	103
0	96
1	80
0	74
0	45
0	38
0	38
0	0
0	0
0	0
0	0
8	230
0	230
1	62
24	316
320	254
8	73
22	88
27	15
0	4
0	4
0	3
0	3
0	2
0	0
0	0
0	1
0	0
0	0
0	0
0	2
0	0
0	0
0	0
0	0
0	0
0	0
0	0
0	0
0	0
0	978
0	338
0	164
0	68
0	60
0	83
0	81
8	322
5	322
2	194
0	10
0	0
5	1
1	0
0	1
0	2
1	0
417	2252
0	1968
4	1977
17	1447
1	52
0	659
11	6
5	0
0	109
0	106
660	138
0	138
2	0
0	93
0	102
13	65
0	98
0	86
1	72
0	64
0	16
0	21
0	32
1	11
0	2
0	17
0	23
5	2
0	10
5	18
0	10
47	0
0	0
0	0
0	767
166	1367
1	1320
0	40
1	109
1	115
0	99
23	33
0	30
11	83
0	17
0	92
1	17
1	20
1	0
0	98
0	65
0	71
0	62
2	68
0	65
0	23
0	62
0	63
0	42
0	6
2	241
1	235
7	95
0	64
3	240
21	230
0	84
0	241
2	15
2	73
3	0
0	254
1	21
0	629
0	873
0	34
1	679
0	164
1	684
1	82
0	71
27	152
1	803
0	0
0	0
0	0
0	0
0	0
0	0
0	0
0	0
0	1203
0	1213
1	1110
0	719
0	639
0	572
0	113
0	1213
6	0
0	0
21	0
8	1147
0	471
1	1023
5	1005
0	501
21	498
99	307
0	523
0	464
0	625
1	443
0	682
33	459
2	165
0	21
7	310
0	378
2	0
0	0
0	0
0	0
0	0
0	0
1287	247
0	247
0	0
32	400
6	503
1	493
0	535
0	287
2	101
1	78
16	58
0	0
0	0
0	0
8	324
22	10748
0	6346
30	13517
67	5735
14	9208
0	9043
0	10975
24	9940
1	8875
54	12097
0	10421
0	5086
0	12214
0	11105
0	5304
2	3930
9	7823
64	5309
0	4580
1	8199
619	253
0	238
0	34
0	22
0	14
14	50
0	48
0	38
0	17
0	2
67	1782
1	1484
1	1621
0	966
0	926
11	628
1	521
5	300
0	0
0	1
0	0
0	0
0	1
0	1
0	0
0	0
0	0
0	0
0	0
0	0
0	0
0	0
0	0
0	0
0	0
0	0
0	0
0	0
0	0
0	0
0	0
0	0
0	0
0	0
0	0
0	0
0	0
170	0
0	291
9	273
0	178
3	143
0	35
1	82
1	34
1	77
5	57
2	1
0	1
7	3
0	3
0	1
0	1
0	3
0	5
0	2
0	0
0	0
0	1
0	0
1	0
0	0
17	1324
1	561
0	1356
10	566
1	217
0	567
0	562
1	61
0	181
8	29
0	33
1	79
3	92
0	39
3	61
1	40
96	19
1	19
0	3
0	5
0	0
0	0
0	0
0	0
0	0
0	0
0	0
0	0
0	0
0	0
0	0
0	0
0	0
0	0
0	0
0	0
0	0
0	0
0	0
0	0
18	6420
1	6420
7	6429
8	884
1	1636
0	1754
6	898
0	1
0	2
0	1
0	2
0	2
0	2
0	2
0	2
0	2
0	2
0	2
0	2
0	0
0	2
0	1
0	2
0	2
0	2
0	2
0	0
0	0
0	0
0	0
0	0
204	369
6	282
0	118
2	242
0	2
65	320
0	15
0	272
0	67
0	318
3	27
0	39
0	328
1	161
20	235
0	54
0	43
8	349
40	208
6	273
19	451
0	415
0	328
1	261
6	126
0	20
0	61
2	60
0	25
0	3
41	19
0	5
17	127
0	20
16	810
47	122
4	631
1234	502
1	425
0	75
71	388
5	105
15	357
12	105
0	306
1	129
0	7
0	0
0	1
0	1
0	1
0	1
0	1
0	1
0	0
0	1
0	0
0	37
0	15
0	54
0	22
0	195
0	192
0	193
0	193
0	137
0	20
0	17
7	6
1	13
0	17
0	29
0	30
0	45
0	39
1	27
1	24
0	18
1	2
0	0
0	111
22	131
0	94
0	102
1	120
0	677
0	677
0	677
0	669
1	532
0	640
0	639
0	62
0	42
3	19
1	37
0	42
0	75
0	275
0	18
0	125
0	28
0	7
21	74
0	84
0	30
0	30
0	3
0	0
7	738
912	1272
5	221
4	7
1	99
1	1097
2	0
0	0
0	0
0	0
42	100
0	99
0	10
1	13
0	1
0	0
17	676
0	633
0	91
5	84
1	53
0	0
0	0
0	1
0	11
0	0
0	0
5	689
6	2
0	1
0	0
0	1
0	1
3	751
0	0
0	0
0	0
0	0
0	0
0	0
0	0
0	0
0	0
0	0
0	0
0	0
0	0
0	0
0	0
117	197
0	128
0	187
0	184
0	60
0	0
0	32
0	32
3	42
0	4
0	10
0	0
0	122
0	52
0	12
0	14
17	90
0	104
0	93
0	108
4	122
0	84
0	102
3	25
0	16
0	11
0	20
0	16
1	13
0	18
1	4
0	0
0	10
0	0
0	0
31	91
0	4
0	1
0	1
0	1
0	1
0	0
0	1
57	663
58	559
0	103
7	57
1	101
0	11
51	22
0	3
1	10
0	11
5	17
11	21
0	20
0	0
14	12
0	12
131	0
6	7
0	0
0	0
0	0
0	0
0	0
0	7
0	2
0	17
39	76
6	56
1	68
67	40
0	33
0	35
1	2
1	3
0	0
0	0
0	0
0	11
0	5
0	20
0	20
0	20
0	3
0	12
0	10
0	0
0	0
91	856
0	856
0	320
2	92
2	81
1	148
0	59
0	947
0	934
0	876
0	770
0	807
0	788
0	826
0	751
0	786
0	760
2	105
0	646
0	270
4	126
1	100
0	97
0	102
167	2155
13	2119
1	674
1	705
6	253
570	206
2	16
6	43
1	147
17	41
0	41
85	570
0	304
0	119
0	52
0	132
3	39
3	1
0	0
0	0
0	0
0	2896
16	2896
0	0
0	0
0	0
3	22
63	23
3	1
0	440
5	404
3	413
0	408
0	399
0	379
0	382
10	357
2	194
2	280
0	379
0	392
2	350
0	381
0	337
0	263
0	250
0	221
0	75
0	243
4	29
0	85
0	110
0	47
2	18
2	47
4	31
0	27
0	17
0	41
0	10
0	36
0	5
0	4
3	10
0	28
0	27
0	3
0	3
1	1
0	0
0	17
0	12
0	2
0	1
0	3
0	5
0	0
0	28
0	18
0	0
0	0
0	0
620	0
42	349
0	1
1	1
0	1
1	1
0	1
23	292
0	270
2	200
0	118
34	95
1148	382
6	382
0	0
0	0
0	53
0	8
1	7
0	49
0	35
0	47
0	41
0	0
0	0
0	0
2	1629
0	1537
16	269
0	198
5	136
55	1252
5	692
263	2034
1	624
1	6
1	752
1	708
2	1903
0	1644
4	189
8	209
1	769
0	567
0	208
0	7
0	347
1	450
203	2036
1	27
0	1723
0	674
0	1848
1	325
12	120
0	337
85	885
1	477
15	582
0	0
0	210
0	53
0	205
801	205
0	39
4	12
234	161
41	171
0	138
0	14
0	5
0	8
0	25
300	2798
3	569
16	2742
0	21
0	362
0	361
0	130
0	26
0	13
0	23
0	26
0	167
2	0
0	0
2	0
0	33
0	7
2	462
209	413
5	97
0	94
8	132
0	53
1	994
0	0
0	408
0	1843
0	224
0	2183
0	2073
0	274
6	2136
0	1874
0	1
0	0
0	1
0	1
2	8
0	16
0	9
0	5
1	571
65	615
0	104
0	84
1	37
0	42
0	48
0	106
0	82
0	544
1	162
0	150
0	479
0	909
0	878
0	877
8	130
1	125
0	135
33	68
0	173
0	16
0	10
0	27
3	27
0	492
0	44
0	426
0	437
0	183
0	430
0	415
3	117
0	83
10	86
103	63
0	263
1	79
1	97
0	23
0	19
0	67
4	74
0	9
0	25
0	20
5	52
0	27
0	1
739	1
9	51
0	25
1	4
4	16
1	10
0	1
0	48
0	47
0	47
0	9
4	2
0	1502
0	1516
0	1502
0	1443
0	1110
0	1438
0	121
0	952
0	941
0	1354
0	566
0	661
0	1115
0	1067
11	427
0	1053
0	1237
1	592
0	516
0	1109
0	1064
0	606
0	261
0	504
3	313
3	220
0	701
0	181
44	589
0	151
0	432
1	852
0	829
0	829
0	271
0	99
0	93
0	2
12	152
2	10
0	289
0	489
0	371
0	430
0	269
0	297
0	152
0	248
0	30
2	286
0	225
0	231
0	249
0	217
0	215
0	170
0	123
0	47
0	169
0	31
0	20
0	54
0	124
1	93
1	76
0	0
0	66
0	425
7	303
2	25
9	292
41	262
0	0
0	0
0	0
1	10
1	10
0	2
0	2
152	30
3	0
2	30
0	0
0	0
0	9
0	23
0	34
0	13
3	13
0	15
0	17
2	6
2	7
0	19
3	11
3	6
0	10
0	887
123	1191
5	885
0	647
2	76
0	49
0	69
0	84
0	89
1	22
12	0
0	440
3	174
6	24
3	56
0	29
0	381
1740	639
1	639
0	110
7	5
0	55
287	55
0	1580
1	84
10	1297
0	382
0	207
0	171
0	602
0	1604
0	536
13	1579
0	785
0	205
0	380
0	267
11	1244
0	437
34	285
0	184
2	96
1	266
0	8
0	10
0	123
0	145
0	2
0	0
0	0
0	2
0	2
0	2
0	2
0	2
0	2
0	0
0	0
0	0
0	0
0	0
0	0
0	0
0	0
0	333
0	309
0	302
0	276
0	116
0	170
1	250
0	213
0	203
0	85
0	249
0	89
0	0
0	0
0	0
0	0
0	0
0	1
0	6
0	0
0	0
0	4
0	1
0	6
0	6
0	6
0	6
0	4
0	6
0	0
0	4
0	1
0	0
0	0
0	0
0	2
0	2
7	353
0	348
0	384
4	159
0	193
7	133
0	86
0	494
0	499
0	114
4	96
0	115
0	12
0	12
0	0
0	0
0	0
0	0
0	0
0	0
0	0
0	0
0	0
0	0
0	0
0	0
0	0
4	1254
0	0
0	0
0	0
18	0
0	215
52	682
0	518
4	106
2	193
2	55
1	89
2	191
2	124
3	71
0	34
0	42
0	0
5	0
0	0
0	0
0	0
0	0
0	0
0	0
0	0
196	529
1	523
1	80
0	76
3	4
390	2008
0	1927
2	1643
7	73
3	975
1	117
1	128
0	155
13	627
34	627
134	45
1	1
0	21
6	25
0	4
0	0
2	1
0	1
1	55
1	55
0	12
0	43
0	5
0	3
0	2
0	0
0	0
0	0
0	1
0	1
0	1
0	1
0	1
0	0
0	0
0	0
0	0
0	0
0	0
0	0
0	0
74	208
1	208
1	0
0	26
0	0
0	0
0	0
0	0
0	0
0	0
0	0
0	0
0	0
0	0
0	0
0	0
0	0
0	0
0	1001
1	921
0	910
0	907
0	521
7	1221
0	993
0	1274
0	1
0	1
0	0
0	0
463	2351
42	1071
3	1342
5	266
156	284
0	284
0	33
0	17
3	133
9	94
1	815
0	46
0	813
0	810
0	812
0	790
0	790
0	8
0	14
0	58
1	45
4	8
2	120
0	92
8	338
0	8
5	0
1	0
6	9
2	150
4	1122
2	1104
5	610
0	150
1	416
0	734
0	215
0	134
1	141
0	120
2	15
0	12
0	3
0	0
0	0
0	0
0	0
0	0
0	0
26	118
0	118
0	14
0	10
1	19
1	7
0	98
0	93
0	136
22	136
0	0
0	0
0	0
0	0
0	0
0	0
0	0
0	0
0	0
0	0
0	0
0	535
49	535
5	200
2	100
0	99
0	104
1	103
1	32
0	63
2	61
1	21
0	140
0	169
0	95
7	77
0	53
0	51
0	20
2	15
0	33
1	32
0	30
0	34
0	31
0	14
0	2
0	1145
2	138
0	853
80	2
0	218
3	68
0	13
1	1172
0	2
1	4
1	4
0	0
1	0
0	0
0	0
0	9
0	0
0	7
0	7
7	0
11	26
14	260
0	111
0	1
1	11
0	0
0	11
0	1
0	2
0	0
0	0
0	1
0	0
0	0
0	0
0	0
0	0
0	0
0	0
0	0
0	0
0	0
0	0
2	2232
1	630
3	66
2	2199
2	2121
55	28
0	11
0	13
0	14
4	10
33	578
1	576
0	554
0	24
0	0
0	0
0	0
0	0
0	0
0	0
0	0
0	15
0	12
0	16
0	0
4	7
0	0
0	0
0	0
0	0
0	0
263	129
2	129
2	0
1	9
13	34
0	916
101	916
3	331
0	2
0	2
0	0
0	0
0	0
0	0
0	0
486	69
0	69
5	3
7	31
0	0
0	0
0	31
0	51
0	1629
816	1638
0	321
1	352
6	61
7	110
0	37
0	17
1	47
0	28
0	50
0	7
0	50
1	38
0	8
0	27
0	30
0	8
0	6
0	8
1	2
0	6
0	27
0	13
0	41
1	444
0	166
49	99
1386	1036
1	81
4	62
0	232
0	317
10	165
1	72
0	70
0	205
0	0
0	136
15	97
0	264
2	198
0	75
0	71
0	215
2	252
1	149
1	133
0	495
3	131
0	497
2	410
4	255
8	6
1	227
0	279
0	165
2	230
70	209
0	497
14	787
0	786
4	787
0	70
294	34460
19348	34460
0	10
0	10
2	10
0	10
0	15
0	18
0	18
0	18
0	18
0	7
0	3
0	888
0	1394
2	1386
4	631
0	630
6	80
0	314
0	1528
0	1376
0	251
0	1386
0	1407
0	1387
0	1382
0	1452
0	264
3	637
6	15
0	424
1	255
16	68
17	249
2	96
1	1252
4	485
0	505
0	518
1	209
0	195
3	135
1	184
0	197
0	155
1	102
0	80
1	88
0	132
0	83
0	66
1	61
0	58
0	50
0	69
0	70
2	83
9	53
0	69
0	51
11	68
0	48
0	33
8	29
2	5
1292	757
0	757
12	155
12	90
3	195
42	110
0	81
0	143
0	49
0	128
63	83
0	72
0	6
2122	0
0	1395
7	1526
4	24
0	1364
26	1627
1	1326
1	564
0	590
0	1649
0	1425
3	362
0	264
0	543
0	682
400	812
2	7
0	87
0	95
38	51
49	262
264	1332
1	968
5	851
277	492
0	117
3	55
0	461
1	237
0	354
0	148
0	155
369	0
0	1676
1	1602
0	1034
0	1180
0	1432
0	224
1	93
0	117
0	110
1	959
0	333
0	691
0	752
0	962
37	1043
0	1142
2	63
0	918
0	882
2	118
0	181
6	105
2	146
2	132
0	97
39	18
15	318
0	14
1	2
0	920
0	884
0	2
0	0
0	0
0	0
0	0
0	2
0	1
0	0
0	0
0	2
0	0
0	2
0	2
0	1
1	72
0	77
2	80
0	11
2	646
0	468
0	546
0	129
0	1
0	0
0	0
0	105
0	109
1	366
19	176
0	407
0	374
0	372
0	335
2	251
2	124
0	58
1	131
0	35
0	36
0	36
0	9
0	30
0	28
0	19
0	26
0	22
0	3
1	464
0	206
20	518
0	21
17	308
267	0
2088	1235
3	1235
1	1315
0	1362
0	1294
0	1351
1	1192
0	1365
0	1320
4	323
2	124
0	468
1	285
0	262
84	111
0	140
5	82
0	351
0	396
0	277
0	460
7	308
1	3360
0	4625
0	503
0	0
0	702
1	423
0	742
0	4375
0	455
0	230
0	322
0	184
0	335
0	475
0	301
1	430
0	59
0	1
0	425
0	69
0	149
0	468
0	544
0	1
0	46
0	82
0	275
0	96
0	394
0	380
0	149
0	350
0	660
16	977
0	348
1	391
63	1425
0	4541
0	3230
11	0
0	3
0	3
0	3
0	0
0	0
0	0
0	0
0	2993
1	250
0	347
0	263
2	188
16	2993
0	124
0	363
1	345
85	235
0	0
0	0
0	0
0	0
659	783
17	782
10	538
88	18
0	18
0	13
0	1710
1	1690
0	1688
4	394
0	674
0	1082
1	623
0	523
0	1386
1	617
0	1642
0	333
0	85
2	1283
0	100
0	79
0	6
3	30
0	23
0	24
3	9
0	5
0	3
0	1
0	0
0	6
0	2
0	4
0	2
0	2
0	2
0	0
0	0
0	2
0	19
0	20
0	19
3	7
0	7
0	8
0	5
0	4
0	3
0	4
0	1
0	2
10	0
164	86
0	86
0	47
1	101
0	264
332	263
0	9
0	2
0	20
0	0
0	0
0	0
2	5
4	4
0	4
0	0
0	1
0	2
0	0
0	0
0	0
0	0
1	10636
12	766
1	3017
0	4285
68	512
0	8798
0	0
0	0
74	107
68	370
0	37
8	74
0	24
0	45
13	96
61	107
1	10
0	78
845	519
0	461
0	2
14	120
0	31
1	876
0	778
0	780
1	783
0	779
0	627
0	729
0	693
0	519
25	501
0	379
0	330
0	79
0	74
0	61
0	61
0	133
2	3
0	45
1	55
1	54
0	29
0	17
9	11
0	759
1	628
0	757
124	669
15	48
6	48
493	470
51	250
1	141
2	74
0	146
0	550
0	545
0	663
4	680
0	692
3	614
0	689
0	666
0	692
0	697
0	651
0	552
0	0
0	245
1	236
0	82
0	241
0	191
4	109
0	108
1	110
0	242
0	110
0	80
0	80
0	34
0	80
0	69
5	534
4	497
2	97
0	365
123	1400
0	1376
0	1334
1	1343
0	1388
53	1151
1	1288
0	1366
0	1417
0	1175
3	134
0	331
0	327
0	129
0	196
0	180
0	200
0	213
0	208
1	156
0	93
0	84
0	74
1	80
0	63
0	36
0	0
0	3
0	331
0	479
3	727
0	695
1	78
0	50
0	237
0	61
1	53
0	44
0	30
0	691
0	444
0	219
11	239
2	241
0	239
3	53
0	38
0	20
0	3
0	2
1	7
0	9
0	160
1	173
56	68
12	182
0	0
0	2
0	3
3	5
1	2
0	131
1	719
18	719
0	82
3	111
1	235
0	328
3	279
8	15
4	243
2	283
0	297
0	7
0	27
2	234
1	184
0	77
4	41
1	630
605	0
0	261
0	75
0	75
18	23
0	23
1	0
0	0
0	0
0	0
0	0
0	0
0	0
0	1
0	1
0	1
0	0
0	0
1	1
0	1
0	0
0	0
0	0
22	611
8	138
0	241
0	330
17	438
0	317
0	77
1	57
0	594
0	18
4	275
0	277
0	36
0	33
0	11
0	23
0	19
0	34
0	26
0	22
1	17
0	1
0	13
1	13
0	3
3	0
425	4855
58	4855
2	913
0	913
1	2
1	2
0	2
0	0
0	0
0	0
0	0
0	0
0	0
0	0
0	0
0	0
0	0
0	0
0	0
0	0
0	0
0	0
0	74
4	80
0	46
0	35
0	44
12	993
0	99
0	0
0	0
0	0
0	0
0	0
0	0
0	0
0	965
12	948
37	512
31	934
0	28
11	326
1	0
0	108
0	965
15	403
0	1247
0	1480
0	1947
46	1599
0	2106
0	2170
0	1261
1	1230
6	778
4	156
1	651
259	316
0	72
3	9
0	430
0	675
0	729
0	206
0	231
1	94
2	117
15	888
18	566
5	653
38	881
10	717
0	952
0	400
0	445
1	290
0	43
0	242
129	0
0	0
0	0
0	0
0	0
0	1
0	1
0	0
0	0
0	509
0	355
2	232
0	78
0	235
0	165
0	189
0	126
0	526
2	527
8	45
0	94
533	445
0	188
1	111
1283	1203
1	1186
0	1207
0	317
0	40
2	31
1	48
1	103
1	88
0	70
0	55
0	45
0	43
0	44
111	53
0	1
0	50
0	50
0	43
0	13
0	41
0	41
0	41
0	4
1036	0
0	0
0	0
0	0
0	0
0	0
0	1267
0	664
3	1094
1	3736
0	1348
0	3510
23	4243
0	680
0	4566
6	4379
11	4371
0	4380
16	3778
0	4122
894	955
0	106
36	0
1415	0
0	0
0	1
0	1
0	0
0	0
0	970
0	1058
0	169
0	232
1	72
0	137
0	143
0	70
0	62
133	2663
1	2587
12	2587
13	324
0	1235
3	552
0	725
0	684
9	588
0	562
0	694
0	560
4	462
16	276
123	689
2	10
0	10
0	1
0	1
0	1
0	0
0	123
376	122
0	122
152	166
23	553
0	1
0	1
0	1
0	1
0	1
0	0
0	45
0	45
212	300
1	300
0	4
0	43
0	28
0	42
0	39
3	188
0	27
0	188
0	14
0	73
0	188
0	40
0	182
1	73
76	1357
0	1177
79	971
41	867
8	499
42	86
99	104
25	103
0	19
0	15
0	15
0	0
0	5
0	2
1	0
0	0
0	0
0	0
1	1
2	2842
0	964
1	1010
43	1010
56	2775
0	595
0	543
4	391
3	189
0	297
0	42
0	62
0	320
0	575
0	284
0	228
0	506
0	76
10	85
0	93
0	92
0	92
0	16
0	13
0	7
1	8
0	2
0	0
0	2
0	1
0	1
0	1
0	2795
1	423
2	1572
0	425
13	16
1	2740
3	168
20	1497
1	88
0	549
0	183
3	228
0	816
7	74
0	1414
0	1531
0	143
0	300
0	1541
20	0
60	82
6	29
1	82
0	0
0	0
0	0
0	0
0	0
5	0
0	0
0	1
0	0
6	11
0	0
0	1
0	4
0	9
0	1
0	7
0	7
0	3
194	1342
0	1328
0	394
0	0
0	78
0	212
0	2920
0	799
3	992
0	1009
0	233
0	2620
2	2463
487	449
0	351
3	571
9	80
0	139
6	77
0	161
53	5250
29	5668
80	21
0	504
1	3804
2	3806
1	179
16	5367
0	1820
0	528
0	1692
98	1722
13	1535
6	1312
6	189
1	290
0	254
4	5
0	9
124	135
0	6
0	123
0	120
1	9
0	7
0	6
0	14
4	10
0	14
1	13
0	0
0	0
0	0
0	0
0	0
0	0
0	0
0	0
0	0
59	699
0	314
5	59
167	994
0	864
15	83
0	382
0	359
1	795
1	555
0	911
15	103
1	1000
0	52
27	216
0	213
0	55
0	49
0	54
0	110
0	26
0	11
0	13
0	5
0	17
0	71
0	82
0	14
0	7
0	69
631	604
0	602
1	313
6	48
0	50
0	41
1	78
0	30
0	73
0	37
0	31
0	29
3	31
0	22
0	31
0	3
261	734
0	712
0	512
3	93
0	94
4	65
0	64
0	62
1	14
22	103
0	69
0	89
0	0
0	8
0	62
0	14
0	78
0	15
0	20
0	18
2	29
0	7
221	522
1	501
0	347
716	539
0	8
0	38
0	22
0	31
0	32
0	30
1	5
0	1
0	2
0	2
1	21
0	21
0	20
0	10
0	10
0	21
0	21
0	19
12	33
0	13
0	14
2	5
0	5
665	0
7	150
5	150
21	74
145	1042
0	1042
0	51
0	0
0	14
3	203
0	245
5	104
0	109
0	135
1	105
63	86
0	135
2	102
0	0
0	1
0	1
0	2
0	2
0	1
0	2
0	2
0	0
0	1
0	0
0	1
28	116
93	458
0	249
6	255
0	717
0	2037
0	2018
0	2089
0	2169
0	2038
1	2020
0	2094
0	1769
0	2152
15	2159
0	1987
0	2052
0	2157
0	2147
1	2036
0	2080
1	1988
2	2180
0	2033
76	2188
2	2094
0	2197
2	2061
1	716
0	2004
0	1983
0	2054
0	2162
4	2025
7	2055
0	2080
0	658
0	1981
0	1922
0	1754
0	2022
3	295
0	2048
0	1762
0	1691
1	1697
0	1688
0	1616
1	232
0	109
0	149
7	182
54	2071
0	319
1	282
0	17
9	201
63	1838
0	0
0	0
0	0
0	0
0	0
16	2052
0	1816
0	1831
0	1722
0	2096
0	2052
0	2052
0	1854
0	1835
1	1920
0	2061
1	2041
1	2048
0	1909
3	2033
0	1763
0	1976
0	2031
0	1280
0	1650
0	1665
0	1957
0	1052
0	1267
0	1737
0	1950
3	513
0	1422
0	1184
4	1044
4	197
0	1218
0	389
2	116
0	918
0	321
2	123
0	0
0	0
0	0
0	1095
0	28
96	27
0	21
11	378
3	35
22	0
26	1078
41	350
9	125
0	125
0	79
0	64
2	68
0	9
0	24
2	21
0	182
0	181
15	149
0	109
0	140
0	136
0	78
2	61
2	43
4	44
0	27
2	23
0	10
0	2
1	0
16	3
2	0
3	0
0	238
35	238
2	22
3	26
172	183
1	162
0	63
0	7726
2	162
1	7869
19	7401
0	686
2	2227
0	3729
35	1551
0	2795
3	1375
3	1219
1	6455
0	3180
0	4709
0	2280
0	2936
0	3727
0	3514
3	558
0	1793
1	2362
8	1202
8	1708
0	1
0	0
0	0
0	0
0	0
74	8
1	8
2	94
48	94
2	3
0	19
0	1
2	1
3	1391
1	1512
0	232
0	256
0	185
0	1
0	1
0	0
0	0
89	43
0	19
23	39
2	6
0	2
19	794
0	842
0	1031
0	1024
0	943
0	837
0	936
1	134
0	208
0	113
6	42
0	51
1	66
0	56
2	429
5	66
0	276
0	429
3	1
0	25
1	25
9	1
2	3
0	63
0	54
0	256
33	342
0	0
0	111
1	29
2	13
0	8
0	5
0	6
1	85
1	8
0	61
0	10
0	2
0	90
387	187
0	187
10	2551
103	2617
0	647
0	566
3	573
0	431
0	0
0	0
0	0
0	0
0	0
0	0
0	562
740	562
88	338
114	19
0	16
2	9
0	5
50	1
1	1
720	71
0	68
0	61
0	24
0	0
0	0
0	0
0	0
0	0
0	0
0	0
0	0
0	0
0	0
0	0
0	0
0	0
0	0
0	0
2304	385
0	54
4	262
1	36
0	133
0	4
0	531
0	455
0	504
0	511
0	455
0	204
1	215
2	38
2	106
1	42
0	36
0	504
206	415
0	409
0	137
0	25
0	6
0	37
2	0
1	0
0	0
0	0
0	2
0	0
0	2
0	0
0	2
69	3
1	38
7	1271
16	1248
0	135
0	132
0	227
1	266
0	429
0	564
0	179
0	295
0	330
0	370
0	307
1	231
0	19
0	16
0	159
0	73
0	7
2	104
0	25
3	24
7	144
2	98
0	9
32	109
38	83
0	45
3631	835
1	77
0	180
0	22
6	22
1	18
0	5
0	5
4	3
0	1
0	514
1	435
0	263
0	472
0	175
0	144
0	408
1	324
1	267
19	250
1	207
0	21
3	113
4	0
3	104
1	113
0	112
0	529
2	19
0	36
2	24
0	541
0	31
0	25
0	59
0	23
10	20
2	45
0	61
0	29
0	33
0	30
0	8
0	4
0	33
16	59
12	519
4	460
0	1
0	0
0	0
0	285
0	215
0	2940
0	2740
0	2968
0	262
0	231
5	2816
0	265
0	264
0	191
0	284
0	0
0	237
0	361
0	199
0	121
0	1288
0	1328
0	1173
0	177
1	304
0	197
1	40
60	40
0	0
2	2
0	0
0	2
0	0
0	0
0	1
0	0
0	0
0	1
0	1
0	1
0	1
0	1
0	1
0	0
0	0
0	0
0	0
0	0
16	824
0	21
0	823
0	997
0	1830
3	637
0	502
5	778
2	501
0	1629
0	1773
0	1212
0	1687
4	232
15	256
0	886
0	1771
0	203
33	204
0	193
0	202
4	422
0	0
0	0
0	0
0	0
0	0
0	0
0	0
0	0
0	0
0	0
1	0
0	0
0	0
0	0
0	0
0	0
0	0
0	0
0	3
0	3
0	3
0	0
0	0
0	0
0	0
0	3
0	3
0	2
0	0
0	0
0	2
0	0
0	0
0	3
0	323
0	44
0	147
0	1
0	93
0	324
24	120
0	34
2	641
201	433
1	396
18	402
29	401
35	201
28	669
0	673
1	49
35	85
0	676
0	2
0	0
0	31
0	4
0	49
134	91
0	70
0	5
1	5
2	6
0	24
1	24
0	5
0	3
432	913
0	800
0	596
7	548
4	149
0	501
0	2986
0	257
2	2385
0	2093
3	1004
1	223
3	79
0	118
0	340
106	552
0	419
0	348
243	565
8	400
0	214
0	193
0	165
0	101
0	135
1	34
0	58
1	0
0	0
0	0
1	0
0	35
0	949
8	260
0	945
0	26
0	506
0	4
0	69
1	5
0	13
6	56
1	32
1032	0
1055	0
0	0
0	1
0	1
0	1
0	16
0	10
0	10
0	9
0	5
0	1
0	8
0	14
0	0
0	0
11	0
0	61
0	285
0	276
0	347
2	346
0	338
28	236
0	227
0	93
1	126
0	223
0	173
0	101
3	26
0	60
0	22
0	20
0	25
0	12
29	2014
1	121
0	1980
9	87
0	424
1	39
1	63
0	235
0	276
1	528
0	775
0	711
0	1461
2	285
0	453
0	242
0	899
0	212
0	321
1	378
3	1260
0	370
0	295
0	920
1	995
0	56
0	31
1	71
0	613
0	165
1	380
0	317
3	113
1	180
0	245
9	348
0	230
0	297
0	172
0	147
4	104
0	57
7	139
0	183
0	69
469	301
21	80
5	104
0	198
4	20
0	190
18	31
34	34
970	399
25	149
1	311
0	630
2	31
0	27
3	51
0	23
0	1
0	1
0	659
0	0
0	0
0	0
0	0
11	390
2	359
1	11
19	0
188	338
0	178
0	98
0	20
0	6
0	2
1	8
1	9
0	49
0	18
0	32
0	33
2	0
0	0
0	0
0	0
1	5
2	14
0	14
0	3
1	2
0	5
116	5
3	443
1	253
79	368
18	509
2	0
632	108
0	108
0	1122
1	1024
16	1084
0	948
1	978
0	324
2	330
1	3
5	172
0	642
0	592
0	616
1	642
3	329
0	283
0	316
0	0
3	0
0	27
0	27
0	0
0	0
0	0
0	0
642	736
0	699
1	27
1	182
121	0
15	1185
0	1179
0	303
0	272
0	218
0	162
1	135
0	1216
0	1204
0	1209
0	0
0	0
0	407
0	387
0	160
0	302
0	219
0	290
0	417
79	26
49	26
3	26
1	8
0	1
8	407
8	625
128	625
0	67
81	455
157	505
13	50
0	0
0	0
0	0
0	0
0	0
0	0
0	95
0	89
1	96
0	6
2	75
0	16
0	20
0	14
0	14
0	94
5	528
0	245
25	4
0	2
0	0
0	2
342	677
0	135
0	78
1	187
1	499
5	116
0	73
0	29
0	97
0	84
0	127
0	67
0	85
0	39
0	53
0	39
6	25
18	13
1	46
0	62
0	100
0	101
7	13
1	43
0	109
0	26
0	109
0	27
0	72
0	82
0	8
1	23
0	53
5	10
0	23
0	65
71	49
2	17
0	16
2	84
12	7
0	50
3	35
0	23
0	40
0	0
0	30
0	851
69	862
0	403
1	45
1	58
3	67
0	33
0	0
1	2
0	1
0	50
0	476
3	54
0	458
0	458
1	449
0	284
0	298
0	206
0	199
1	78
0	107
0	82
0	59
0	48
0	28
0	0
0	0
0	0
0	3
0	3
0	3
0	3
0	3
0	3
1	0
0	518
347	525
39	278
5	172
3	439
0	438
8	302
0	438
0	67
0	126
2	33
0	148
5	119
0	63
0	38
0	37
0	0
12	5307
11	912
46	5248
11	1045
1	1050
30	3459
9	871
3	579
6	870
0	694
7	887
0	1204
3	1003
1	455
0	741
3	354
6	352
0	342
0	200
0	0
0	0
0	0
0	0
0	0
0	0
0	0
0	2
0	2
0	7
0	9
0	4
0	7
0	8
0	3
0	4
0	3
0	0
0	0
0	3
0	3
352	94
6	7
0	39
0	72
1	857
10	421
0	1023
13	1043
0	200
0	1010
8	1254
1	144
0	93
0	1232
0	2
0	2
3	1375
0	1483
0	445
1	82
0	220
64	760
44	1514
53	1514
0	2
406	599
1	525
0	163
0	148
3104	2386
1	882
26	371
0	967
0	725
1	806
668	317
5	317
0	0
0	0
0	0
0	0
0	0
0	0
0	0
0	0
0	0
0	0
0	0
0	0
0	0
0	0
0	0
0	0
0	0
0	0
16	0
0	5
0	5
0	5
0	5
0	5
0	4
0	2
0	1
0	1
0	0
0	0
0	0
3	477
18	513
0	119
5	5
6	39
0	20
1	334
0	0
0	0
0	0
0	0
3	205
0	210
0	247
0	196
1	243
0	197
0	0
17	299
19	299
6	79
0	31
1	24
6	39
3	33
25	1841
10	1789
0	121
11	340
0	99
1	137
8	2376
0	213
0	1405
0	1545
0	1230
0	730
0	151
0	547
4	335
0	391
3	351
2	122
0	367
0	21
0	135
1	13
0	363
0	40
0	0
0	0
0	15
6	93
0	44
0	222
45	185
0	21
0	187
4	184
1	14
0	14
1	9
0	20
0	24
0	28
1	130
0	32
0	26
0	5
0	2
0	0
0	0
0	0
0	0
0	0
0	5
0	338
0	1076
36	1089
20	97
0	1121
0	1189
9	1084
0	313
0	239
0	371
245	869
0	115
7	874
0	861
0	110
0	134
0	154
4	333
0	167
1	92
0	403
0	217
3	537
476	396
1	366
2	330
0	342
0	120
1	36
6	0
0	98
232	140
0	78
4	40
0	842
30	97
0	45
0	86
0	97
0	33
1	43
0	4
0	0
0	13
0	3
0	16
0	1160
0	952
0	131
1	63
0	87
245	193
4	85
3	13
0	10
1	10
0	173
0	3
0	98
0	1
0	132
0	28
0	381
9	359
1	360
4	144
1	35
1	0
0	0
0	0
578	794
4	783
11	144
0	0
0	0
0	0
0	0
0	0
0	0
0	595
0	614
0	10
0	10
0	12
1	48
1	61
0	562
0	146
0	331
5	148
0	32
0	559
0	584
0	11
0	727
0	881
2	690
0	173
0	122
0	597
1	445
0	552
0	502
0	586
0	472
0	182
0	289
2	11
1	94
0	137
0	94
4	458
15	272
5	442
5	46
1	14
0	813
55	106
0	98
4	88
0	77
0	79
0	83
0	73
0	15
0	8
0	2
0	1
0	0
0	0
0	0
0	0
0	0
0	0
0	0
0	0
0	0
0	0
0	106
0	0
14	674
353	880
131	823
1	318
5	50
0	99
0	138
0	18
0	18
2	18
0	7
0	0
0	1
0	1
0	2
0	1
0	1
1	2
0	2
0	0
0	2
73	721
228	945
1	310
0	136
0	440
0	439
0	307
1	147
0	139
0	120
0	50
120	938
0	56
569	882
0	1034
27	461
2	848
3	805
1	214
0	321
4	934
2	54
27	934
1	298
0	321
17	124
0	124
0	27
0	17
0	0
0	66
1	63
0	12
0	22
0	49
0	17
0	57
0	30
1	14
0	4
0	16
0	36
0	30
0	3
0	7
1	18
1	151
0	8
0	13
0	158
0	81
0	138
0	50
0	133
0	43
93	5
3	5
0	5
0	0
0	0
156	4
0	3
1	1
1	1
361	0
0	0
0	0
0	0
33	9
1	4
1	9
0	2
0	1
0	1
0	0
0	1
0	2
0	1
0	0
0	71
8	7
0	72
0	1
1	26
1	1
9	931
0	893
3	16
6	116
1	123
4	84
4	102
2	175
1	173
0	135
3	132
1	89
1	66
0	1196
0	1221
0	372
0	319
0	74
0	58
0	2
0	0
0	0
0	1
0	1
0	51
3	302
0	25
0	308
0	14
11	64
0	232
0	12
18	64
0	199
0	93
0	97
0	252
0	84
0	6
6	12
0	12
0	1413
1	1323
0	0
0	1282
0	191
3	1281
0	0
7	472
1	297
291	466
0	23
4	1
4	1856
3	50
0	1989
0	1992
0	1934
0	64
11	105
0	702
0	43
0	766
0	62
9	25
0	706
0	676
14	593
0	614
5	124
0	51
13	120
6	71
0	763
0	434
0	0
309	0
0	0
0	0
0	0
0	0
0	0
0	0
0	0
0	0
0	0
0	0
0	0
0	0
0	2
0	36
0	35
7	16
0	16
6	0
4	27
0	15
1	22
0	2
0	0
9	0
9	3845
422	7313
28	7304
0	137
0	134
0	3
0	0
3	90
1	9
0	8
0	68
0	5
0	75
0	0
3	50
0	1
0	1
0	0
0	0
0	0
8	81
16	813
38	813
1	90
821	266
1	264
0	0
0	0
0	0
0	0
0	0
0	420
101	318
0	186
0	195
12	103
1	25
4	58
188	60
8	14
0	28
0	13
0	1
0	1
0	0
0	0
0	0
0	0
0	0
0	0
0	1
0	1
0	3
0	0
0	3
1	1
0	93
0	93
0	89
7	22
0	22
0	93
0	1370
81	1369
0	197
0	102
0	138
3	83
0	97
0	43
3	0
2	1258
0	1008
0	918
0	899
3	596
30	628
9	596
9	232
0	1255
0	0
0	0
0	0
0	0
0	0
0	17
0	0
0	0
0	0
3	7
0	0
0	0
0	0
0	40
0	0
0	0
0	4
0	5
0	40
0	4
0	3
0	3
0	3
0	3
0	0
0	33
0	2
0	9
0	9
0	6
0	1
0	0
344	0
861	0
0	3
0	3
0	2
0	3
0	1
0	0
0	0
0	0
0	0
0	0
0	0
7	147
0	0
0	1
0	1
0	116
0	107
0	2
0	4
0	67
1	4
0	40
0	0
0	0
0	5
0	1
0	3
0	1
0	1
0	1
0	6
0	5
0	5
0	6
0	4
0	4
0	2
0	0
0	4
1	2
0	2
0	0
0	0
0	0
0	0
0	0
0	0
0	0
0	98
1	13
2	90
0	14
0	14
0	26
0	98
0	0
0	0
136	720
1	34
5	500
1	649
9	82
55	187
0	187
2	104
9	142
0	14
0	25
1	20
15	0
0	0
0	0
115	940
2	937
0	71
0	404
0	0
1022	0
23	140
224	745
1	370
1	366
5	140
1	217
0	231
2	665
0	337
0	31
3	145
0	257
0	337
0	41
0	285
0	92
0	131
0	302
2	87
1	232
0	5
0	5
0	6
0	6
0	2
0	1
0	1
0	0
0	1
0	0
0	793
0	797
1	143
2843	1001
11	1001
0	166
0	107
2	109
0	107
0	405
0	404
6	128
1	89
0	96
0	17
0	56
0	33
2	38
0	0
2	71
375	4
0	4
7	98
0	847
0	882
0	812
0	832
0	855
0	754
0	642
0	451
0	463
1	342
0	556
1	661
0	626
0	641
0	612
0	577
0	599
1	122
0	108
0	92
6	14
0	184
0	189
0	189
2	37
2	105
2	40
2	52
0	41
0	33
0	87
0	8
0	87
0	8
65	980
11	742
0	631
1	687
39	307
0	118
2	104
0	277
6	170
1	28
2	1
0	7
0	7
0	0
0	5
0	2
0	0
0	0
0	0
0	2
0	2
0	1
0	0
0	0
0	0
0	0
0	0
0	0
0	0
0	0
0	0
0	0
0	0
0	0
0	12
1	12
0	11
0	12
0	5
0	4
0	12
0	12
1	55
10	471
7	450
20	454
0	56
0	54
0	56
0	11
0	10
0	4
0	6
0	6
0	5
0	3
0	3
2	1
0	3
0	3
0	0
0	1
0	0
1	0
0	0
0	0
0	0
0	0
0	0
0	252
0	408
70	446
0	255
0	446
0	77
0	69
61	35
0	2
10	67
7	18
0	25
1	8
0	70
50	73
0	7
0	8
0	6
1	73
1	37
0	10
0	37
0	8
1	9
0	0
0	0
73	0
0	0
8	0
78	417
5	97
0	37
0	33
0	17
152	280
0	257
0	134
0	589
0	116
1	84
0	83
1	102
595	884
2	568
0	617
0	395
1	58
1	0
0	74
2	0
2	91
0	91
232	29
0	29
3	114
16	413
0	71
0	239
1	13
0	290
551	2201
162	2201
0	0
1	49
0	563
0	30
10	123
0	53
1	67
0	33
1	15
0	554
1	1800
0	1828
1	1170
5	162
0	34
0	776
0	106
12	308
0	42
0	115
0	8
0	9
0	9
0	0
0	8
227	0
0	104
0	87
56	89
0	71
3	109
1	91
0	2
9	2
0	1
0	1
0	2
2	2
0	2
0	0
0	7
0	0
0	0
318	1
10	1897
31	153
3	153
0	554
0	705
0	1345
6	3297
4	877
2	529
0	117
0	0
7	1178
0	224
2	1083
0	54
0	66
0	128
0	0
0	63
3	106
0	0
0	491
1	190
8	57
4	1875
0	112
0	0
0	100
0	254
3707	0
0	51
0	43
0	28
1	4
0	2
0	3
0	3
67	408
0	226
0	187
0	134
2	46
3	258
1	137
0	96
0	92
0	9
3	72
8	7
272	50
0	445
0	400
0	222
0	242
1	114
153	1010
1	966
0	890
1	259
0	218
7	251
291	25
0	25
0	25
84	17
0	17
215	481
0	114
1	0
7	475
0	1671
9	1372
0	626
0	444
1	372
0	493
1	241
2	303
0	274
2	72
4	301
13	62
0	227
0	276
0	260
0	111
0	85
0	74
0	69
0	87
1	87
0	155
0	54
0	30
0	364
5	375
1	361
0	32
0	56
0	56
0	36
0	26
0	25
0	247
1041	247
291	127
0	106
0	21
2	49
0	0
1965	557
2	251
3	190
6	214
0	192
1	559
0	384
0	384
0	364
0	248
0	42
0	48
0	51
0	8
0	2
0	635
12	487
2	18
0	105
31	89
5	92
2	461
0	1190
0	538
9	1154
0	60
1	311
0	66
0	50
1	114
0	114
2	4
0	0
0	0
0	0
174	1315
0	1001
0	1023
0	195
0	0
0	0
0	0
0	0
0	0
0	0
752	0
0	734
0	694
0	710
0	714
0	737
0	733
0	596
0	253
0	735
0	249
0	206
0	229
0	69
1	39
0	25
0	39
0	26
0	0
475	351
2	351
0	285
0	48
0	83
0	0
0	0
0	0
0	0
0	0
0	0
4	861
0	89
1	178
390	937
0	70
1	216
0	20
0	67
0	46
0	92
2	38
0	47
0	640
0	638
0	632
0	632
188	656
4	560
0	558
0	521
0	188
0	180
0	117
0	58
0	101
1	103
0	56
0	52
0	81
0	52
0	10
2	47
0	41
0	43
0	51
0	41
0	41
0	51
0	50
0	42
2	51
2	34
11	10
0	12
0	101
0	114
2	76
0	139
0	22
0	30
9	17
31	232
0	139
0	22
0	164
1	123
0	107
3	316
17	87
0	31
0	106
0	183
14	211
0	430
0	83
5	2
0	33
13	76
32	262
116	78
14	106
0	58
21	0
228	723
0	714
6	378
0	68
0	121
1	82
1	191
1	139
0	67
4	23
0	517
0	183
0	511
0	19
0	44
0	20
0	46
0	35
0	36
0	36
0	50
0	25
0	29
0	0
2	0
0	508
3	914
3	914
2	45
1	490
327	56
1	42
0	23
0	10
1	11418
3	7524
8	7326
22	2841
5	9543
15	10737
98	3786
3	387
1	357
7	353
1	349
0	93
0	89
0	118
0	0
0	0
0	0
0	0
0	0
0	0
0	0
0	1011
0	924
0	286
2	345
0	149
0	125
1	926
2	5
0	23
3	14
8	43
7	840
0	837
0	778
0	690
0	73
0	78
1	0
0	0
4	36
1	1
0	37
2	4
0	15
8	723
39	2732
1	2562
0	2413
1	1437
0	424
17	651
2	409
0	948
0	180
22	14
0	4
0	4
0	12
0	6
0	5
0	3
0	1
0	0
4	5
0	16
1	0
0	22
0	24
0	30
0	4
0	19
0	12
0	3
1	3
0	11
0	12
0	11
0	4
0	7
0	3
3	6
0	4
0	26
0	11
0	25
0	456
8	0
0	102
0	97
2	374
0	118
2	192
7	36
0	69
0	99
0	143
8	64
0	234
1	0
0	0
0	0
0	0
0	0
0	0
0	0
0	0
0	0
0	0
0	0
0	0
0	0
0	0
0	0
0	0
0	3
0	0
0	0
0	3
0	2
0	2
0	0
1	1
0	1
1	473
0	433
0	441
4	437
0	429
0	337
0	327
0	345
4	332
0	328
0	329
0	177
0	221
0	227
0	210
0	105
12	43
0	18
0	1240
0	241
0	212
0	310
1	400
0	289
0	323
7	62
34	1013
0	569
0	964
5	987
0	80
17	21
3	83
0	58
1	139
0	30
0	171
2	61
0	233
6	1297
3	66
6	854
55	1226
2	838
4	1297
1	18
2	38
13	316
0	320
0	315
1	317
0	309
1	16
0	67
0	18
0	28
0	4
0	0
0	0
0	0
0	0
0	222
0	225
0	216
0	116
0	192
0	191
0	188
0	191
0	188
0	189
0	191
0	188
0	190
0	189
0	188
0	187
0	191
0	191
0	192
0	192
0	190
0	190
0	192
0	177
0	191
0	178
0	190
0	190
0	207
6	223
0	197
5	34
1	21
0	224
6	21
4	741
0	740
1	20
1	27
1	27
0	39
3	101
0	13
16	421
0	5
0	372
0	5
1	7
0	8
0	17
31	181
0	254
0	170
0	1183
141	1256
0	955
0	702
0	1006
0	82
18	143
0	100
0	121
20	71
1	31
0	96
0	19
0	486
0	0
0	0
0	0
0	0
0	0
0	0
0	0
0	42
68	322
2	96
0	28
6	195
1	126
0	76
0	72
2	238
0	107
0	191
0	63
0	107
1	60
0	54
1	126
0	206
5	53
1	12
1	26
0	49
2	34
0	220
21	107
5	185
0	172
1	164
13	47
0	43
0	18
6	11
0	41
79	78
1	74
0	36
0	68
0	68
0	64
1	15
0	11
0	8
0	8
0	7
0	0
0	6
0	8
1	0
0	0
0	0
0	0
0	0
0	0
0	0
0	0
0	0
0	0
0	0
0	0
0	0
0	2
0	3
0	3
0	0
0	0
0	0
0	670
0	21
2	447
0	73
0	706
0	700
0	3
0	4
0	1
0	3
0	4
0	4
0	2
0	1
0	2
0	4
0	1
0	0
0	0
0	0
0	0
0	0
0	0
0	0
0	0
0	0
0	0
10	8
1	8
0	2
0	2
0	1
0	3
0	0
1	0
2	54
0	582
0	748
0	751
0	55
0	36
0	85
0	18
41	18
0	3
3	5
0	163
27	223
2	144
0	204
0	168
0	4
0	4
0	2
0	0
0	0
0	0
0	4
446	74
13	74
0	12
0	2
0	50
0	68
4	489
0	432
0	745
0	26
0	657
0	753
0	744
0	679
0	512
0	568
0	708
0	598
0	591
0	53
0	642
0	614
0	738
0	42
0	62
0	492
0	21
0	73
0	515
0	34
8	312
6	222
0	274
669	2237
0	2115
0	359
3	64
1	65
4	65
480	445
2	373
0	240
1	167
0	0
0	0
1	0
0	0
0	0
0	0
0	0
0	117
22	119
1	29
0	14
0	75
0	3
3	80
0	64
0	60
0	78
0	80
0	63
3	61
0	65
1	5
25	0
591	232
0	232
0	2
0	19
0	404
0	404
0	275
0	202
0	206
1	39
0	32
0	11
0	397
221	60
0	60
3	0
0	7
6	21
0	30
0	52
5	49
2	51
0	506
3	545
1	409
1	331
7	368
6	55
2	33
4	64
1	1
36	273
0	99
0	102
0	82
0	60
0	34
0	55
0	39
1	20
0	496
17	358
0	486
0	495
0	560
17	56
5	468
8	196
1	60
1	36
0	69
2	67
0	523
0	13
17	14
11	537
0	188
1	12
0	8
0	4
0	22
4	57
0	65
0	407
1	34
0	537
2	4
0	4
1	4
0	0
26	167
106	144
16	3
12	0
4	168
34	160
0	166
0	150
0	22
0	39
1	28
0	138
0	99
12	8
0	76
2	66
0	0
0	0
0	0
0	0
0	0
0	206
0	0
0	0
18	7
192	7
0	72
0	38
0	0
1	28
1	24
0	6
0	26
9	27
0	18
0	298
4	312
0	33
0	38
0	230
12	321
0	301
29	9973
36	10318
0	9999
14	9980
10	2767
0	4881
11	4093
0	0
0	0
0	0
0	0
0	0
0	0
0	0
0	0
0	0
0	0
0	0
0	3454
0	3614
0	2865
0	1282
0	961
0	2539
32	883
0	2519
0	3123
1	591
2	1104
0	3136
0	20697
4	11731
3	6523
346	6624
0	10811
0	18564
0	2834
2	17190
0	8181
1	13218
0	13822
4	13785
4	18507
1	15294
0	0
0	0
0	90
11	105
0	1
427	105
0	94
0	77
0	15
0	483
0	0
0	0
0	0
0	0
0	0
0	0
0	0
0	0
0	8453
0	8465
0	1
0	0
0	1
0	0
0	0
0	0
6	315
0	313
0	297
0	163
0	173
1	90
0	152
2	14
0	26
0	6
0	0
0	310
0	310
7	275
4	251
3	235
8	65
0	36
0	3
0	4
0	4
0	0
0	2
0	0
0	0
0	3
0	0
0	0
0	0
0	0
0	0
14	10
0	4
0	6
0	4
0	4
0	4
0	4
0	2
0	2
3	0
0	12
0	12
0	0
0	0
0	0
0	0
0	0
0	0
0	0
0	0
0	31
0	31
0	0
0	1
0	18
0	31
0	0
0	0
0	31
0	0
0	0
0	0
0	0
0	12
0	12
0	0
0	2
0	0
0	0
0	0
0	30
0	1
0	1
0	8
0	31
0	29
1	7
0	2
0	7
0	6
3	30
0	1
0	30
858	613
2	501
2	354
0	280
0	0
0	99
31	486
29	342
37	199
0	321
0	48
22	24
0	51
3	53
0	43
0	368
469	887
0	51
0	228
3	0
1	147
7	696
34	105
12	99
0	1
1	53
0	93
4	819
1	54
0	384
0	5
0	805
0	89
0	90
0	93
18	8555
0	8585
0	8572
0	1279
0	8188
2	8555
1	894
0	1661
20	0
9	5374
3	355
0	633
0	1077
1	1108
1	126
0	64
1	314
0	237
0	1416
0	1469
12	152
0	243
0	1518
2	195
0	1419
0	176
0	465
0	1515
0	210
0	399
0	30
7	166
0	345
0	142
3	85
0	303
5	315
0	168
1317	0
0	34
0	0
0	15
0	280
0	277
0	321
3	262
0	237
0	59
0	301
0	59
0	36
0	56
0	19
0	71
0	135
0	146
1	24
0	321
0	277
426	93
2	54
1	60
5	75
3	32
0	221
0	222
1	116
1	24
11	175
0	435
0	130
0	179
1	219
1	73
1	165
46	191
3	1
0	222
0	321
0	2047
7	1963
0	578
3	578
19	349
0	2039
0	53
0	62
0	50
0	6
0	2
0	4
1	0
3	3
0	0
0	0
0	0
1	0
0	0
0	7
1286	47
0	9
0	38
10	15
1	10
0	10
257	207
0	202
1	68
0	21
1	1961
5	1942
0	404
0	63
0	42
0	38
0	30
0	35
0	129
1	35
0	0
0	80
0	104
0	87
0	34
0	38
2	14
1	112
0	141
0	97
1	94
0	67
0	29
0	160
0	142
0	154
2	170
0	141
120	170
0	49
0	1
0	0
0	41
0	22
11	5
0	12
0	12
2	42
0	2
585	1615
0	73
3	112
22	1430
0	0
0	0
0	0
0	0
0	0
0	0
0	0
0	0
0	0
0	0
0	0
0	0
0	0
0	0
0	0
0	0
0	0
0	0
7	3
546	245
0	20
0	17
0	222
0	3
0	3
0	44
0	37
0	36
0	46
0	2
0	8
36	43
0	158
416	216
0	164
3	209
0	1
1	22
278	1147
52	914
0	987
1	390
0	304
0	302
0	176
0	176
0	176
0	14
0	14
1	76
2	176
0	29
0	30
0	9
3	38
23	208
0	34
0	26
2	23
1	40
0	8
0	2
0	28
0	202
0	29
0	32
1	168
0	18
24	67
0	65
0	20
11	24
0	0
0	0
0	0
8	114
2	114
0	13
0	38
0	31
0	0
0	30
0	32
23	1347
3	1347
49	130
649	0
0	393
0	28
0	53
0	40
0	99
0	0
0	303
2	28
1	12
0	361
0	366
19	1193
34	1286
0	2505
18	106
0	2732
0	1256
131	155
1	124
0	125
0	124
1	71
2	16
0	2
0	1
0	1
0	0
187	50
0	13
9	25
1	15
10	2
5	27
0	44
0	84
0	94
0	279
0	632
0	247
0	565
0	50
0	101
0	87
5	34
2	16
1	11
0	1
0	586
0	1
0	1
0	0
0	1
0	1
0	0
0	0
1	65
0	14
3	61
0	53
0	45
0	57
3	356
2	106
4	1227
0	573
23	511
100	1227
2	414
34	240
0	151
2	367
0	429
0	364
0	166
0	63
0	57
7	385
0	3
2	489
4	100
0	467
0	357
0	512
1	115
0	159
0	442
0	439
0	157
4	134
0	4
0	4
0	4
0	2
1216	167
1	136
8	76
4	0
3	779
3	31
0	26
11	779
0	26
14	17
2	49
0	52
0	1
3	2
0	22
1	16
0	52
0	0
0	0
0	0
0	0
0	0
0	0
0	0
0	0
0	0
0	0
0	0
278	6
0	6
0	2672
3	2800
5	118
0	217
0	157
524	244
3	2778
4	511
0	416
0	182
9	55
19	346
0	300
25	193
90	419
1	250
127	0
16	155
0	264
0	121
0	236
0	142
0	232
0	26
0	199
0	159
0	29
0	133
0	145
0	133
0	163
0	19
5	12
1	389
23	374
1	358
2	8
255	835
153	835
1	48
0	143
1	208
83	1312
1	1126
1	127
2	174
0	270
22	318
1	136
0	177
3	191
0	62
0	161
7	110
2	0
133	643
1	483
0	625
4	53
0	58
1	57
1	32
0	411
0	0
3	148
3	83
49	300
54	300
0	202
153	25
4	202
11	197
0	152
0	5
0	1
0	1
0	1
0	1
0	0
0	0
0	0
0	0
0	46
0	197
0	351
2	35
0	171
0	322
6	344
17	160
0	0
0	200
0	242
0	126
0	32
1	30
2	17
1	4
32	14
0	62
0	80
21	173
0	36
23	156
0	1
0	129
0	0
771	0
0	0
0	0
0	0
0	0
1	253
0	71
321	272
0	268
0	22
0	1879
1	658
0	1886
1	708
0	803
0	73
0	68
1	1641
0	578
4	1386
0	1825
2	32
0	30
0	107
1	30
0	30
0	30
0	106
0	2
0	0
0	67
0	71
0	72
0	766
4	509
1	263
3	170
3	191
0	458
0	292
0	811
0	1
0	0
3	190
0	31
2	121
0	156
0	6
0	328
0	165
0	109
0	165
0	443
3	8
0	405
0	438
0	443
0	160
0	17
0	18
0	48
0	145
1	333
0	57
0	20
0	57
0	28
0	1
0	2
0	238
0	9
0	4
1	3
0	3
0	9
0	0
0	0
0	0
0	0
0	0
0	0
407	452
0	451
0	309
3	349
0	111
41	283
0	0
0	1
0	1
1	0
0	0
0	0
0	0
0	7
19	7
8	662
355	741
0	63
24	312
0	737
16	403
3	407
1	368
4	157
1	101
8	123
160	1187
141	1152
8	1178
5	90
0	1452
0	1453
0	98
0	1306
0	200
0	409
0	112
0	0
0	0
1	19
0	19
0	21
5	26
1	14
1	13
0	2
0	0
0	8
0	10
0	10
0	1
0	1
0	7
0	2
0	2
0	0
0	2
0	1
0	534
0	525
0	272
0	163
0	168
1	66
1	114
0	143
0	143
0	138
0	109
0	125
0	127
0	95
0	118
0	112
0	81
0	111
0	105
0	94
1	92
0	93
0	72
0	70
6	66
0	68
0	66
0	69
0	64
0	68
0	72
3	52
0	53
1	5
1	5
0	52
0	13
0	0
0	0
0	0
0	1
0	1
0	0
0	64
1	94
0	93
0	1376
0	645
6	79
2	606
0	1377
2	115
1	57
0	7
92	38
0	29
0	23
0	16
1	15
0	16
0	15
0	4
0	3
0	0
1	3
0	0
0	0
0	0
0	0
0	0
0	0
0	0
0	0
0	0
0	1084
402	1953
2	502
0	885
0	864
104	773
7	1439
2	1332
0	736
0	589
2	330
77	421
5	382
0	389
4	36
4	227
228	66
0	171
2	117
15	128
2	33
7	5
9	672
0	1448
0	1240
0	1392
0	847
1	1215
0	734
255	457
37	234
0	344
23	514
1167	0
4	5
16	458
2	443
48	331
1	20
0	146
0	29
0	15
0	13
0	5
1	0
35	328
0	227
4	328
0	17
1270	0
32	2
26	26
0	224
0	646
0	745
0	482
0	548
11	669
0	515
0	481
0	450
42	568
0	375
0	290
0	267
0	266
10	62
1	69
2	51
1	38
0	42
0	84
3	99
0	80
0	68
2	70
0	68
0	114
0	67
0	648
0	679
0	0
0	0
0	0
0	0
0	0
7	32
88	32
1	32
0	29
1	9
1	15
5	17
0	5
0	9
0	0
3	483
185	483
0	578
1	910
6	136
0	28
0	66
1	40
0	100
3	97
1	460
18	918
0	629
58	0
0	528
48	528
0	617
2	506
0	506
22	377
0	0
0	465
0	495
0	602
123	3277
5	3260
0	2681
0	5
0	230
1	2491
0	2788
0	3194
0	2808
0	486
0	2709
0	448
0	17
4	179
19	363
9	745
40	1021
6	851
95	141
776	342
5	8
0	11
0	11
0	1
0	1
0	2442
0	305
8	2662
15	2229
1	2442
0	2581
0	2592
0	399
4	1891
1	179
0	1785
1	62
0	354
7	279
0	880
4	124
2	59
0	216
0	417
8	390
0	387
4	13
1	83
3	8
11	0
52	1058
0	100
0	74
0	17
0	1017
0	64
0	55
4	991
0	61
1	31
0	70
0	67
0	110
6	120
0	42
5	23
0	832
0	758
0	833
41	512
0	460
2	127
0	26
0	77
0	797
0	452
32	57
0	40
0	45
0	12
0	3
0	1
0	18
0	0
0	0
0	0
0	0
0	0
0	0
0	1
0	0
0	0
0	0
0	0
0	0
0	1
0	2
2	6
0	1
0	0
0	0
0	0
0	5
0	441
0	1364
0	1356
9	1357
0	1357
1	324
0	397
3	68
0	181
0	271
0	225
1	233
1	1
0	1766
0	4314
0	5374
0	5267
0	5302
5	5300
110	5374
1	5300
2	5301
0	5302
2	5160
0	5288
0	5209
11	1446
1	4455
7	2445
4	32
0	414
0	442
0	445
12	444
6	418
0	446
0	53
0	154
5	138
6	114
1	95
9	445
69	1226
258	1223
69	964
5	1705
1	312
0	224
14	379
0	714
0	367
0	83
3	118
5	93
0	139
0	138
34	46
2	1708
1	779
0	4897
10	4644
68	531
75	4751
1868	5038
2	4536
39	887
0	284
0	2501
0	1295
139	218
2	1306
20	890
0	1
0	1
0	1
0	0
0	0
0	0
0	0
0	17
0	4
0	13
0	38
0	24
7	39
2	7
0	1
0	5
0	26
6	58
0	64
0	1
0	4
0	3
3	5
0	3
1	1
0	0
0	39
371	345
0	31
1	49
0	9
0	3
0	11
0	20
0	22
0	7
0	34
3	208
0	0
0	0
0	0
0	0
0	0
0	0
0	0
0	0
0	0
0	0
0	0
0	0
4	0
0	225
0	203
0	24
0	226
1	134
1	117
25	133
16	6
0	6
8	1087
24	1076
17	1041
30	419
0	106
0	267
18	192
27	82
5	268
4	268
22	17
0	1383
1093	296
1	93
2	150
1	66
0	53
0	64
0	55
0	63
0	19
0	1
4	0
0	1
0	9
0	11
67	13
0	8
3	10
0	8
0	11
1	1
0	1
0	10
0	11
2	1
4	0
2	6
0	11
8	2613
0	519
14	485
0	26
21	43
1	27
1	25
0	2596
0	110
6	1795
0	1756
0	882
13	1154
0	251
0	371
0	235
0	256
0	346
0	320
1	269
0	160
0	162
11	0
20	407
0	392
1	25
0	16
0	60
0	38
0	313
0	1932
0	1798
0	1436
1	1911
4	1910
8	692
0	1451
1	1830
0	1742
0	1806
3	1236
0	669
2	944
0	30
0	1
0	114
0	29
4	74
0	117
0	177
0	175
0	203
1	76
0	171
0	165
0	229
0	173
0	155
0	106
0	129
0	196
0	36
0	25
5	139
0	63
0	55
0	90
2	63
0	173
0	112
0	75
0	124
4	113
0	115
0	118
1	105
0	113
0	111
0	103
0	54
0	64
1	52
0	8
0	4
0	1
5	3
0	1820
484	465
0	465
0	0
0	0
0	0
0	0
0	0
0	0
0	0
0	0
0	0
0	0
0	0
0	0
0	0
0	0
0	0
0	0
0	0
0	0
0	0
0	0
0	414
0	165
3	107
0	280
0	1256
0	271
0	1143
0	266
1	293
1	290
35	347
43	590
6	57
0	57
0	2
0	0
0	0
98	2811
0	1314
2	235
0	119
0	91
0	91
0	932
321	693
0	359
0	644
3	20
0	570
0	537
0	573
0	535
0	536
0	572
3	99
0	43
0	51
0	112
2	30
5	90
0	23
445	135
4	140
2	91
0	54
3	37
0	0
0	0
0	0
0	0
0	0
0	0
3	42
21	53
2	9
0	43
0	33
18	39
0	37
4	37
0	31
0	5
18	34
0	6
0	20
0	0
0	0
0	0
0	0
0	0
0	0
0	332
0	60
8	332
0	1168
981	1186
0	609
1	1097
2	32
1	22
0	19
1	5
0	2
12	2
3	3
0	3
1	2
0	1
1	1268
0	1277
0	324
0	160
0	1267
0	1176
18	561
2	315
113	257
1	330
0	215
4	256
0	258
0	268
1	12
4	28
1	50
0	72
1	235
406	120
0	22
0	12
0	73
0	50
0	73
48	104
2	6
0	81
0	23
0	41
5	11
0	3
0	6
349	0
2	6
0	508
3	235
0	565
2	391
2	355
0	378
2	432
1	315
2	327
0	302
0	384
2	265
1	160
8	54
0	222
1	152
0	1395
12	42
0	195
13	1443
0	36
0	39
688	0
0	2547
134	1555
0	1890
12	340
0	1304
7	518
1	202
0	1227
0	1043
1	129
17	1061
2	837
0	413
0	123
0	76
0	269
1	247
0	195
1	0
3	321
0	502
34	544
0	267
6	107
0	449
0	482
2	375
0	423
0	408
0	343
0	347
12	357
0	339
81	340
2	311
1	164
0	266
3	250
1	243
27	259
1	132
8	0
62	7
0	2369
20	910
141	904
0	450
4	58
0	800
0	423
0	754
0	231
6	191
0	191
0	161
5	251
0	608
4	80
0	35
2	99
0	40
0	129
8	453
0	451
3	399
3	354
0	7
0	255
0	237
1	75
0	166
3	163
18	106
17	83
0	0
0	1615
0	1606
0	1597
0	75
4	174
0	85
0	62
5	68
19	140
0	30
0	74
0	99
0	796
3	22
1	40
0	8
0	80
2	267
0	3
0	122
3	97
6	59
0	1402
0	1386
0	62
30	161
0	142
0	46
0	92
0	89
2	51
0	17
0	15
0	37
0	31
0	5
0	0
0	2
0	0
0	7
1	5
0	2
3	7
1	5
1	553
18	553
1	15
15	30
3	2
81	131
0	29
0	207
0	11
0	45
0	57
1	10
0	193
368	176
2	75
0	147
2	142
2	55
2	45
1	113
0	113
20	119
275	261
0	243
0	74
1	91
8	24
0	11
14	2954
528	4677
2	4700
20	1556
1	2947
0	2845
15	2959
59	1942
0	0
0	0
0	0
1	51
578	219
0	137
0	4
2	82
0	0
0	0
0	0
0	0
0	0
0	0
0	0
712	2383
0	2277
1	72
1	220
1	31
3	45
0	447
0	17
0	174
5	565
0	645
3	213
6	280
0	110
1	22
3	0
2	150
0	0
0	0
3	5
0	5
0	29
18	29
0	17
0	28
0	0
0	25
0	10
4	4
5	26
0	3
0	4
0	3
0	3
0	2
0	1
0	1
0	1
0	1
0	1
0	0
0	1
0	1
0	1
0	1
0	2
11	0
131	721
84	661
2	29
13	85
0	473
0	152
0	142
13	117
0	104
0	117
1	111
0	102
1	115
0	93
0	32
0	25
0	125
0	108
0	86
0	101
0	101
0	69
1	2
0	21
0	112
55	1639
0	85
0	76
0	113
0	74
0	22
3	14
0	0
0	17
15	1622
2	103
0	92
0	95
0	94
1	28
0	77
0	65
0	60
0	14
1	19
0	21
1	19
0	15
0	13
33	1
1	4
1	4
0	4
1	6
0	428
0	932
0	80
2	509
0	75
0	6
0	80
1	54
10	416
0	76
0	71
0	967
0	955
0	957
0	171
0	171
1541	171
0	1214
0	229
0	227
0	1280
0	1209
0	1304
2	53
67	1292
0	358
1	1264
16	1174
2	1134
0	1081
9	1236
2	7
0	6
0	6
0	5
0	0
0	6
2	5
0	0
4	7
0	0
0	2
0	0
0	1
0	0
0	1
0	1
0	1
0	7
0	6
0	7
0	6
2	8
0	55
1	84
0	93
0	93
0	0
0	0
0	0
0	2
0	4
1	4
0	4
0	2
0	2
0	15
0	16
0	15
0	4
0	14
0	20
3	21
0	14
0	8
0	17
0	429
7	426
0	427
0	67
3	37
1	55
0	158
0	0
0	0
0	0
0	4
2	47
0	51
0	57
0	10
0	37
1	4
0	15
0	7
0	0
0	0
0	0
0	0
0	0
0	1773
11	960
4	706
1	974
1	687
13	0
2	1535
0	1112
0	1548
0	302
0	397
0	45
28	396
2019	666
0	49
0	42
1	539
0	277
0	310
0	111
0	83
0	15
0	35
0	0
2	414
0	526
469	174
50	25
0	15
0	10
0	1849
21	247
0	278
0	264
0	415
0	1680
12	304
8	136
2	84
0	0
0	487
0	201
0	51
0	990
0	962
0	987
0	96
0	236
0	937
0	289
0	91
2	144
0	83
0	939
0	297
4	135
0	971
0	871
1	96
0	285
9	72
24	233
1	93
0	92
0	92
1	27
0	92
0	87
0	1120
29	468
0	717
0	733
0	593
0	703
0	453
0	237
9	317
73	856
0	654
0	572
0	766
0	281
0	733
168	19
0	5
0	14
0	0
0	0
0	0
0	0
0	0
0	0
0	0
10	2447
9	169
1	2271
0	2462
0	73
0	2394
0	91
0	127
0	2446
0	665
1	676
6	633
0	51
0	0
0	311
8	111
0	254
0	291
0	1
0	14
0	133
1	311
0	131
4	397
0	166
2	23
0	179
0	30
0	18
0	35
0	233
0	48
0	393
172	0
36	0
0	150
2	1146
0	790
0	1119
6	609
235	994
37	186
0	90
0	146
11	31
0	30
0	0
0	31
0	1
0	0
1	3
0	3
0	69
0	71
0	77
0	11
0	69
0	4
2	108
0	52
31	299
1	299
0	540
43	543
0	425
0	20
0	84
0	13
0	532
2	222
11	17
1	32
0	28
1137	0
32	0
0	4
22	45
0	45
0	32
0	28
0	30
0	12
0	12
0	4
0	1
0	1
0	5
0	1
4	11
67	458
1	431
27	548
0	0
0	461
11	53
0	329
0	149
14	274
0	332
0	326
0	124
2	46
4	242
38	312
8	209
6	73
9	318
0	37
0	54
92	374
0	15
0	110
0	50
0	76
0	355
0	46
0	53
0	101
0	49
0	102
0	7
1	88
0	36
0	81
10	162
0	146
0	61
0	149
0	0
15	165
0	0
0	0
0	0
0	0
0	0
0	0
0	0
0	0
0	0
0	0
2	589
167	589
0	495
0	487
2	46
26	153
2	99
13	270
0	119
0	35
0	8
20	312
1	326
0	936
0	976
0	908
7	45
0	152
3	139
2	143
0	944
0	2409
5	1161
2	1190
0	1871
1	1963
1	640
5	1232
13	267
122	400
1	403
0	100
0	198
0	72
1	72
1	65
0	50
0	138
0	171
0	179
0	179
0	27
0	65
0	179
0	141
0	101
0	179
0	27
0	1
0	46
0	99
0	117
0	178
38	70
7	164
3	70
1	138
15	172
62	1849
0	38
0	1806
0	295
12	282
0	558
8	858
3	1147
11	341
82	1045
9	626
16	472
0	799
0	143
1	108
16	276
9	160
1	120
0	282
45	64
0	107
1	45
0	81
0	280
0	473
0	539
0	17544
25	2413
0	17657
76	4523
58	12367
8	13910
49	15996
0	15905
17	12864
1	10092
0	11029
0	11274
2	11870
0	12953
45	8116
0	9746
0	6799
0	7924
0	8151
0	4095
0	4302
0	4963
0	3433
0	2892
0	2972
0	217
0	17606
0	145
11	143
0	160
0	153
0	139
0	197
0	171
5	115
0	51
0	710
0	777
5	43
0	764
5	23
50	546
0	118
10	42
16	13
0	1
149	174
0	0
0	270
5	2075
0	1960
1	200
3	238
0	426
6	315
0	0
0	5610
0	5856
0	5366
0	5630
0	3292
0	5357
0	1065
5	503
3	1924
0	2107
0	489
0	469
2	190
0	0
1	0
0	0
1	1657
56	1685
0	1566
7	776
36	1157
22	492
0	1622
0	17
0	12
1	17
0	2
0	2
0	2
0	3
0	1419
0	0
0	0
0	0
92	653
81	184
0	658
5	347
0	18
144	228
0	221
0	187
0	75
0	32
0	18
0	12
0	0
1	0
7	634
0	645
0	111
54	116
0	117
0	94
5	676
3	544
0	514
0	492
0	361
1	362
2	315
0	204
5	198
2	119
76	227
0	83
1	144
0	627
0	676
0	243
12	117
2	463
12	436
1	523
1	227
0	486
0	648
0	648
0	2032
0	1882
0	384
0	5
0	5
0	5
0	0
0	279
0	151
0	153
0	162
1	29
1	11
0	279
599	1
4	1176
239	568
0	979
3	596
0	14
8	983
9	935
1	456
0	0
0	0
0	831
40	831
3	770
2	4
2	5
2	1
3	498
0	560
0	498
0	506
29	460
0	537
1	507
0	584
1	13
3	33
0	68
1	500
0	494
2	39
0	34
0	103
0	18
0	457
1	51
0	348
30	302
0	249
0	75
6	52
0	21
0	18
0	3212
3	2728
9	3100
1	1120
4	351
0	218
3	327
0	154
10	310
6	145
3	40
0	3010
2	2885
2	13
0	620
1	59
0	537
0	104
0	584
0	535
0	618
3	52
0	65
0	0
0	0
0	0
1	0
0	0
0	320
3	433
23	481
0	0
8	420
424	380
1	351
0	364
0	328
0	21
6	6
0	13
1	13
0	7
0	6
0	472
0	474
13	474
0	110
0	94
0	106
0	113
0	81
0	111
0	89
0	411
0	411
0	411
0	411
0	411
0	0
0	0
0	0
0	0
0	0
0	0
0	0
0	0
0	13805
0	13784
490	5170
0	2703
0	32
0	29
5	25
0	61
0	52
0	38
1	6
1	28
0	6
0	49
0	1
0	4
0	5
0	10
0	22
0	25
0	23
0	9
0	16
0	17
0	159
0	119
0	158
2	10
4	3
1	28
3	3
21	25
8	20
0	43
0	106
0	164
0	176
0	83
0	29
0	198
0	94
0	161
0	74
0	170
0	167
0	15
0	45
1	46
0	53
4	24
1	170
0	0
0	0
0	0
0	0
0	0
0	0
0	0
0	0
0	0
0	0
0	0
0	0
0	0
0	0
0	0
0	0
0	0
0	0
0	0
1	138
0	131
0	13
1	134
0	130
0	78
0	130
0	130
0	47
0	142
0	20
4	115
0	130
2	143
0	134
0	32
2	11
14	39
97	60
0	47
0	20
1	37
515	145
0	40
1	3
1	1
0	1
0	1
0	25
0	55
0	706
0	606
0	699
1	58
0	127
0	135
3	570
0	598
0	667
1	90
0	61
1	402
2	20
6	304
1	63
0	304
1	366
0	299
0	202
0	209
0	183
1	126
0	66
0	22
0	1626
0	8
0	18
0	18
0	10
0	16
0	5
1	0
0	0
0	0
0	0
0	0
0	0
0	0
0	0
0	0
0	0
0	0
0	0
0	0
0	88851
0	88848
0	81714
1	81706
0	6045
31	88879
0	44
0	88844
7	5675
0	14712
0	14593
0	14659
0	18
3	23183
0	18152
2	18103
15	143
0	67
0	235
133	406
0	405
0	169
0	402
0	910
0	887
0	637
9	581
1	85
1	103
1	64
1	94
0	64
1	83
0	68
0	177
0	95
0	82
0	125
1	53
1	47
0	81
1	94
0	58
0	10
0	78
0	78
0	28
0	9
0	14
2	1
43	8
0	8
0	0
0	0
0	0
1111	1033
1	898
14	396
0	163
4	182
0	143
17	140
0	136
0	131
0	104
0	23
0	62
0	71
0	32
0	30
0	65
0	67
0	52
0	29
0	11
5	14
2	97
2	136
91	972
4	341
3	961
7	494
8	346
2	10
0	368
0	261
1	332
5	279
3	370
0	103
0	128
0	135
34	210
0	367
0	371
0	0
0	4
0	18
0	0
0	4
0	18
0	4
0	6
0	20
0	5
0	4
0	11
0	1102
0	880
0	1088
5	1097
0	44
0	1006
0	1078
0	57
0	20
10	19
0	1034
1	307
0	0
3	249
0	0
0	0
0	0
0	0
0	0
3	586
0	84
0	70
0	83
0	507
0	128
0	1
0	1
0	0
0	1
978	390
0	94
0	301
4	23
1	0
1724	6984
3	6984
1	3
0	0
0	3
1	1
0	1
80	1971
1	1943
0	1896
5	171
1	88
1	95
0	124
0	94
0	85
17	105
0	77
0	57
2	50
0	38
0	18
2934	2181
0	28
2	59
5	58
0	3
0	605
166	606
1	345
0	77
0	345
0	119
0	96
0	81
0	123
0	83
0	345
0	113
3	16
0	29
0	27
0	70
0	21
0	0
0	74
0	14
0	34
1	16
0	2
0	36
0	12
34	0
0	196
0	826
0	967
0	1001
1	949
1	158
0	192
2	316
3	765
3	72
3	532
0	374
1	320
0	191
0	179
0	826
0	1
0	1
0	0
3540	3190
7	2859
0	2576
0	2665
5	1499
1	923
2	54
0	352
0	274
0	230
0	138
0	260
2	102
10	102
1	51
5	36
1	2
387	535
6	63
31	473
656	946
0	915
0	786
3	606
4	500
0	78
0	150
0	36
0	847
0	916
0	804
1	928
3	938
0	947
4	935
0	992
0	935
2	924
59	864
0	789
0	891
11	704
0	860
2	53
31	783
0	0
7	777
0	84
0	98
0	0
0	0
0	0
0	0
0	0
0	0
0	0
0	0
15	0
229	1270
1	62
1	63
1	64
3	1031
0	132
0	43
0	0
0	763
0	739
5	747
0	747
0	779
0	716
3	90
5	275
0	258
1	238
0	134
0	96
0	131
0	78
0	128
0	83
2	2
0	11
9	10
1	23
1828	252
0	0
1	75
0	151
5	118
0	65
0	142
27	135
0	9
6	124
1	91
0	3102
0	486
0	1880
3	354
1	172
0	1810
0	1797
2	152
0	123
0	96
1	1669
2	273
0	138
0	134
0	465
0	219
12	82
13	37
1	0
2	452
2	29
0	224
0	291
0	215
0	620
0	246
0	338
1	2838
0	251
0	31
0	73
1	83
0	201
0	43
1	219
0	236
0	238
0	31
1	275
0	280
0	272
0	274
0	28
7	209
0	2418
0	1507
1	160
0	43
2	1660
6	158
27	1951
1	0
0	190
3	190
402	466
1	22
4	5
0	457
5	326
2	48
1	0
15	48
0	4
0	8
0	14
0	6
0	0
0	1
0	1
0	1
0	0
0	0
0	0
0	0
0	0
0	0
0	0
0	0
0	0
0	17
4	297
0	39
3	2
0	21
0	271
0	43
1	571
0	56
0	735
1	104
0	743
0	743
0	238
0	670
0	469
0	18
0	35
0	4
0	84
0	29
0	154
0	141
0	136
0	159
0	142
0	137
24	342
0	112
0	87
0	295
1	49
1	33
0	22
29	533
0	533
0	1423
1	1235
0	1311
3	1365
1	1324
2	1354
0	1246
0	1117
16	1332
0	1365
0	191
1	721
0	604
0	245
0	153
0	256
0	801
2	179
3	1072
5	15
0	11
0	14
5	8
0	4
1	74
0	84
0	13
0	25
440	102
0	268
6	634
0	153
13	564
1	264
0	652
0	555
0	600
41	1524
0	1392
0	232
25	517
1	26
0	1177
1	39
0	185
0	192
0	56
0	42
0	82
0	59
0	46
22	122
2	99
0	50
0	151
0	208
0	23
0	144
0	107
0	48
0	32
0	46
3	16
0	21
0	191
57	213
0	39
1	211
2	38
0	27
0	13
0	0
0	0
0	12
0	4
0	16
0	1
17	90
0	78
1	202
0	162
0	78
0	88
1	2
10	135
0	561
0	145
0	18
1	52
1	241
3	159
0	144
0	93
0	95
0	84
9	91
0	73
0	530
3	773
6	773
2	165
0	205
0	74
2	236
1	209
0	118
0	102
13	21
4	0
0	0
0	0
4	42
0	42
0	0
0	0
0	0
0	0
0	154
40	601
0	268
0	131
0	273
0	303
0	249
1	585
0	151
0	151
0	136
0	294
0	439
0	237
74	83
0	361
0	115
0	343
0	100
0	308
2	584
0	34
0	98
1	205
0	20
0	20
57	4
1	4
153	607
1	80
0	232
0	122
0	360
0	40
0	2
0	0
0	0
0	0
0	4
0	2
0	0
0	0
0	0
0	0
0	93
0	621
1	1046
0	126
0	1181
0	0
0	1191
18	965
0	60
0	1168
0	263
0	171
417	0
347	2104
4	179
340	1909
21	305
650	80
0	69
0	11
0	11
16	955
137	325
1	285
0	278
0	32
0	46
0	24
0	103
2	12
0	17
0	17
0	5
1	5
2	16
0	16
0	8
1249	0
0	722
186	289
2	108
15	66
3	20
0	16
0	107
0	107
5	11
0	22
0	18
10	106
4	18
0	64
0	0
54	89
3	13
0	43
11	80
3	80
99	14
0	9
0	12
4	2
0	462
9	76
773	200
0	29
0	95
0	0
0	0
0	567
2	211
0	517
0	482
0	391
0	459
0	105
0	315
0	455
0	423
0	455
27	252
3	320
0	366
0	455
0	351
0	225
0	225
0	286
1	109
0	312
1	218
0	119
0	169
0	109
0	172
0	150
0	181
0	134
0	140
0	115
1	99
0	10
0	153
0	159
0	160
0	65
0	66
0	14
0	0
0	0
0	8
0	8
0	6
1	0
6	165
0	493
0	490
26	63
1	82
0	85
0	281
7	11
38	11
0	1
0	1
0	396
0	331
0	287
2	331
13	1
11	141
0	386
0	277
2	337
0	90
0	331
1	0
0	12
0	5
0	6
0	6
0	12
0	13
0	12
0	12
0	6
0	12
0	12
0	12
0	12
0	6
0	6
0	12
0	12
0	12
0	13
0	6
0	5
0	334
15	397
0	234
24	114
0	59
4	38
2	25
1	129
4	105
0	80
1	82
0	5
0	7
0	0
1	129
0	197
0	192
1	241
0	146
0	198
9	94
1	121
6	26
1	9
267	154
0	114
0	141
0	18
0	13
0	3
0	1
0	2
0	2
0	3
0	3
0	3
0	3
0	2
0	0
0	1
0	0
8	1457
0	1338
0	1338
0	558
14	225
0	231
0	118
0	132
0	215
0	7
0	10
0	1586
0	1769
0	1371
0	1554
1	1548
0	283
0	535
15	341
1	507
0	417
9	83
0	252
11	143
0	474
0	471
0	415
0	331
0	403
15	415
0	301
0	283
0	287
0	248
0	362
0	218
0	85
1	168
0	122
0	1475
21	346
0	346
0	33
246	419
7	356
0	263
79	240
5	96
46	0
0	0
0	5
0	623
1	0
0	392
52	653
0	35
1	1
0	32
0	35
15	35
0	39
5	39
0	39
0	25
0	21
0	6
0	9
0	6
0	1
0	36
134	214
2	37
0	116
1	105
1	104
0	661
0	3
0	35
0	21
0	18
0	1821
3	620
21	629
17	928
5	1754
36	1786
0	1718
0	0
0	0
0	0
0	0
0	0
23	33
46	386
1	34
0	28
5	346
0	262
0	95
0	12
0	17
4	0
0	0
18	1324
0	855
0	1315
0	5
61	103
4	40
0	41
2	35
6	53
0	0
0	0
0	0
0	0
0	2
6	2
0	0
3	187
6	1385
12	2029
36	16
0	381
0	1997
0	1955
5	152
1	463
0	166
0	15
1	222
78	84
195	3
0	400
0	386
0	400
1	57
0	18
0	7
0	0
0	0
2	2
0	0
0	0
0	0
0	2
0	0
0	171
224	171
263	173
4	138
5	49
0	0
0	101
0	0
0	1
0	3
0	2
11	473
0	87
0	56
0	61
0	419
0	501
0	82
1	453
0	420
1	81
0	61
0	51
0	63
0	82
0	76
0	65
1	65
2	84
0	2
265	0
7	1088
0	1081
0	1088
0	1088
2	1070
1	1062
2	59
0	1062
2	167
0	9
24	976
0	1057
0	1007
4	909
0	523
4	229
1	100
1	399
1	165
4	634
4	22
0	472
0	623
1	36
9	616
0	165
10	160
1	36
5	193
17	262
0	55
0	166
0	13
1	0
0	198
0	41
2	31
0	1
0	13
0	12
0	0
51	377
0	371
3	6
0	272
19	3200
0	3231
0	193
0	3232
0	37
0	36
0	85
0	187
0	42
0	3244
0	156
0	188
0	0
3452	165
3	32
1	133
4	179
3	195
4	181
5	637
0	488
1	543
0	406
0	511
0	260
2	393
4	207
0	133
1	124
0	515
110	277
0	388
1	423
1	275
0	317
0	285
1	249
0	74
0	117
2	91
0	66
16	175
0	0
0	20988
0	21076
56	6669
213	3488
16	11413
0	14668
0	14527
26	2304
2	5908
0	13110
0	20814
0	18403
0	23645
0	4071
2	17011
136	20998
3	15350
13	12948
38	12917
0	11765
310	11411
99	10221
0	3100
0	11511
0	8409
0	8755
8	154
0	9604
3	7700
47	9607
0	7070
0	9630
0	2004
0	2023
0	9612
0	669
1	1004
0	1001
0	1028
25	100
0	78
3	280
0	221
0	92
3	20
866	240
1	213
0	169
0	38
0	1
0	1
0	0
0	1
1	0
0	1
271	1245
2	1198
3	64
1	780
3	84
10	270
2	121
1	77
10	13
69	200
0	13
0	15
1	23
29	184
0	0
0	460
0	488
0	480
0	465
0	492
0	490
0	480
1	469
0	89
0	21
0	26
0	70
0	278
0	28
1	222
7	42
1	16
2	31
0	10
0	29
1	34
0	28
0	26
0	13
2	498
0	17
0	514
0	16
0	450
0	46
1	33
0	3
0	600
0	153
0	1074
1	97
230	1083
0	20
1	53
2	45
0	44
5	104
1	69
0	538
27	544
0	541
1	516
16	9
0	9
0	15
0	16
1	17
3	15
0	16
0	17
4	9
0	103
0	571
0	760
225	988
0	208
0	578
0	698
0	510
2	58
0	862
0	1098
0	1098
0	53
0	402
0	195
198	3344
5	489
0	550
1	926
1	2051
0	382
2	206
63	1712
0	353
0	353
4	54
0	331
0	44
2	1049
0	1527
0	724
0	577
0	1214
0	1510
0	1316
4	800
0	846
0	1445
0	1391
0	601
0	601
5	130
0	772
0	316
0	1357
0	1406
0	854
2	15
0	36
0	4
0	7
0	6
0	34
0	32
175	853
0	40
0	686
0	35
0	246
4	63
1	765
1	70
0	54
1	13
16	42
0	59
0	56
0	40
0	87
0	30
0	0
0	0
1	1
2	1
0	0
0	0
0	0
2	0
0	0
0	0
0	0
0	0
0	73
10	203
3	227
0	106
0	33
0	85
1	14
0	132
0	73
1	159
14	811
1	93
168	811
0	245
28	326
0	372
9	181
0	328
1	22
6	21
0	23
0	11
1	10
3	1
212	2372
0	817
12	106
0	436
63	1490
7	182
0	1
160	670
0	533
0	237
1	145
0	102
0	72
0	53
0	670
8	6
0	6
0	69
0	404
0	139
2	268
0	7
8	244
913	78
0	17
0	61
0	0
0	0
0	0
15	8370
1	6288
0	6628
48	6097
8	3690
486	7367
0	4096
1	4780
0	5
0	5
0	0
0	0
0	0
0	0
0	2272
1	3466
42	3381
0	2635
0	650
2	64
28	305
0	376
0	535
5	185
0	266
0	300
17	71
0	277
0	87
0	4
1	7
0	3
3	27
0	1
3	31
0	5
0	26
0	1
1	22
0	12
0	5
0	5
0	30
0	29
0	30
2	30
0	13
2	4
1	8
0	9
0	7
0	0
1	2
0	6
0	1
0	0
0	3
0	0
0	0
0	2
0	2
0	3
0	2
0	2
0	0
0	0
0	0
0	1
12	121
0	147
2	0
1	2527
0	2431
1	166
0	243
0	2527
0	168
0	176
0	2435
0	2530
0	237
0	256
0	31
5	219
14	70
67	1277
7	161
1	58
19	312
333	288
0	288
13	79
0	621
0	644
18	635
0	590
3	548
0	120
5	139
1	54
0	76
0	64
3	45
0	45
0	37
15	42
1	2105
60	2878
2	498
0	870
27	0
3	456
1	323
1	289
1	1237
0	67
0	67
181	817
2	202
0	305
0	817
2	411
0	173
0	56
0	51
0	120
1	206
0	38
8	0
0	0
0	0
0	0
0	0
0	0
0	0
0	0
0	0
0	0
0	0
0	0
0	0
0	0
0	0
0	0
176	248
0	248
0	1525
1	210
0	219
0	16
0	15
0	16
0	403
56	55
2	93
10	455
1	334
0	411
3	48
4	56
0	275
30	1518
11	974
0	19
0	21
0	20
0	10
0	7
0	43
0	44
1	21
4	537
0	13
3	70
1639	503
0	468
1	456
1	42
1	74
1	29
2	13
2	48
0	21
0	0
0	421
3	392
0	372
0	114
7	341
5	293
0	298
1	38
0	54
0	49
0	20
1	29
0	9
0	392
0	375
1002	0
0	0
0	143
0	472
0	55
0	494
0	459
0	43
0	471
0	447
0	473
0	184
0	58
27	507
0	84
0	479
0	125
2	61
1061	0
5	4496
0	4626
1	2507
17	705
0	806
4	474
3	959
7	557
0	404
0	166
0	546
0	92
0	279
4	145
105	594
0	268
0	79
0	20
2	0
1	0
0	180
0	1839
11	1160
0	1046
0	129
1	4
0	715
1	26
0	167
0	1675
0	1667
0	0
0	0
0	0
0	0
0	3
0	3
0	1
41	589
0	623
5	501
8	306
0	329
0	97
24	1
0	1
0	205
0	205
0	210
74	726
74	775
1	168
6	274
9	0
17	0
11	0
6	252
1	274
0	32
0	2617
10	2591
0	2625
0	2642
0	2620
6	1236
0	114
1	3
1	2
797	9
1571	14
0	14
0	2
5	0
0	1
7	0
0	0
0	0
0	0
0	0
0	0
0	0
119	284
0	164
5	279
0	1401
0	1085
6	1626
0	579
7	133
1	461
0	697
1	662
20	163
0	162
0	519
0	753
0	571
16	131
32	959
1	320
0	615
0	214
0	51
15	2
172	0
5	0
12	0
0	761
0	734
0	443
2	70
8	96
5	135
1	13
0	72
4	486
0	613
25	270
0	470
0	11
0	7
0	8
0	6
0	6
1	6
0	4
0	1
5	755
94	857
21	442
0	76
0	19
1	96
0	18
8	3
0	3
0	6
0	6
0	0
0	3
0	3
0	3
0	3
0	0
0	0
0	6
0	132
0	138
1	146
0	190
0	364
0	47
0	93
0	328
0	101
0	67
3	63
1	269
2	98
0	17
1	18
5	8
0	0
0	0
0	0
0	0
0	0
0	0
0	0
0	271
0	572
0	100
1	72
0	89
0	75
0	106
0	74
0	176
0	177
62	514
0	572
14	72
0	339
1	0
3	0
0	0
0	14
0	13
97	128
0	9
0	8
0	8
0	7
0	136
4	79
0	41
0	11
21	99
0	6
0	1
23	99
0	0
0	0
2	469
1	492
0	137
10	99
1	54
0	56
0	56
0	17
1	8
2	26
0	0
0	0
0	0
0	0
0	0
0	87
0	75
0	58
0	56
0	22
0	7
0	0
0	0
0	0
0	8
0	8
0	3
0	2
0	3
0	8
0	5
0	0
0	0
0	0
0	1
0	1
0	4
0	0
0	0
0	0
0	0
0	0
0	0
0	0
0	0
0	0
1	3
13	25
0	4
0	3
0	3
0	3
0	0
0	0
949	409
1	133
1	361
4	53
40	61
9	150
22	59
1	0
42	322
1	294
0	134
9	115
220	3
0	3
846	0
0	0
0	0
0	0
0	0
1314	0
2	874
100	882
0	74
0	270
26	1929
0	474
0	285
31	10
1	1947
1	1929
0	1929
0	0
0	0
0	0
0	0
0	0
0	0
0	0
0	0
0	0
0	0
0	0
0	0
0	0
0	0
0	0
0	0
0	0
0	0
0	0
0	0
0	0
29	0
0	84
0	199
156	485
9	27
0	43
14	82
11	237
0	0
0	128
3	2412
0	1250
0	2198
0	1748
0	7510
179	2004
4	2395
0	1747
0	2089
0	4669
0	4174
0	2055
0	6701
0	380
0	376
0	260
0	24
1	59
0	14
0	26
1	11
0	30
0	14
0	3
0	0
2	1
0	182
0	119
0	2
0	25
0	20
0	10
0	162
0	0
0	8
5	12
0	161
0	18
0	472
2	20
0	20
0	156
0	20
2	289
0	62
0	23
0	467
0	250
1	33
20	244
1	34
0	62
2	17
39	234
38	43
0	23
0	23
0	17
19	181
0	692
0	665
0	665
0	665
0	665
0	665
0	668
0	672
2	669
0	174
0	133
1	30
2	0
1244	719
0	164
13	719
1	187
0	269
0	252
0	188
16	17
0	129
0	1428
0	542
3	243
0	1434
0	423
0	425
0	428
0	429
0	221
11	443
0	190
93	352
8	445
0	257
0	53
0	39
3	2057
0	0
0	4
0	150
0	2032
0	678
0	135
18	69
15	66
0	70
6	251
7	31
3	871
0	0
0	0
31	0
1	0
0	0
0	0
0	0
0	0
2	11
0	11
0	0
0	0
0	0
0	7
0	64
0	165
0	790
2	0
0	0
0	0
0	0
0	0
0	0
0	15
0	243
23	36
0	21
1	222
0	263
0	222
0	37
0	242
0	214
2	30
0	240
1	33
0	39
0	35
0	44
0	34
0	33
0	10
0	237
1	91
0	36
4	979
0	47
0	91
0	1028
0	74
0	113
0	527
0	636
1	140
1	595
27	797
0	100
16	792
0	0
9	2542
10	2533
0	2432
9	191
0	904
0	522
1	49
3	9
0	2513
0	1721
0	727
1	591
0	58
0	86
0	12
0	1709
0	1710
0	16
0	16
0	16
0	1
0	10
0	12
0	10
0	10
0	12
0	12
0	2
0	12
0	1
0	0
0	0
0	12
0	16
1	261
0	242
80	35
582	0
1	10
0	11
0	9
0	5
0	55
0	33
5	60
2	2
0	556
0	167
0	154
0	556
0	187
0	339
2	28
29	113
2	348
0	449
35	432
0	377
0	7
0	40
12	85
6	359
0	87
0	204
34	19
16	74
0	62
8	40
0	0
0	0
0	0
0	0
0	0
0	0
0	0
0	0
0	0
0	0
0	0
0	0
0	0
0	0
0	173
0	184
0	182
0	189
0	187
0	183
0	65
0	180
0	15
0	152
0	0
0	40
1	23
1	95
0	18
0	23
0	18
1	13
0	11
0	12
0	12
0	11
0	3
0	0
0	0
0	0
0	0
0	0
0	0
0	0
0	0
111	93
0	93
233	509
3	460
0	132
0	125
0	15
0	25
0	4
0	17
1	5
1153	422
15	422
0	0
0	0
0	0
0	0
0	26
0	27
0	6
0	2
0	12
0	6
0	336
2	71
450	327
52	202
52	360
0	69
0	69
2	303
13	3
0	3
3	151
68	3627
0	244
0	3489
0	1019
1	763
273	905
4	836
0	352
41	140
45	29
3	443
11	157
524	0
0	389
0	386
0	62
0	35
0	19
4	0
4	11
0	13
0	10
0	8
0	9
0	10
2	12
0	10
0	8
313	567
0	26
3	156
0	87
0	509
0	320
6	0
2	123
14	153
21	42
331	0
0	15
0	17
0	17
12	26
0	82
0	115
0	111
1	115
0	13
0	16
0	26
0	4
15	55
399	1277
0	163
2	167
0	910
0	646
1	520
0	148
72	112
0	51
2	8
501	66
0	66
0	2
454	698
0	134
0	102
0	84
2	101
0	82
0	75
2	72
0	82
0	53
0	54
0	69
0	70
4	4
1	4
0	2
0	2
1	2
0	2
0	3
0	0
0	1
0	0
0	60
0	63
0	33
0	14
2	14
0	10
2	12
1	2
380	243
0	217
2	92
0	34
0	18
3	61
17	94
0	112
0	31
1	2
0	0
0	0
0	0
0	0
0	0
0	0
0	0
0	0
0	0
0	0
0	0
0	0
0	0
0	0
0	0
0	0
0	0
0	0
0	0
0	0
0	73
0	707
0	667
0	706
1	120
0	132
0	230
0	310
4	612
0	15
0	8
0	71
0	77
0	649
43	7
0	101
0	102
0	124
0	121
0	124
0	108
0	108
1	51
0	134
20	582
0	42
0	42
0	32
541	116
0	9
1	43
405	719
0	563
0	639
1	197
4	252
0	366
4	356
1	276
1	229
0	95
1	6
197	256
0	222
0	42
0	22
0	224
1	0
0	35
0	23
0	24
0	36
1	29
0	26
0	25
0	84
909	0
0	61
0	0
0	0
0	0
159	0
552	206
2	206
1	14
24	14
6	2
0	0
0	1538
0	1294
0	1478
1	1330
4	1093
1	1031
0	1028
1	990
3	0
0	380
18	69
6	276
1	128
0	231
0	116
2	246
0	55
0	179
0	0
2	8
0	2
0	5
0	3
0	4
0	0
0	1
0	0
0	0
0	0
0	0
0	0
0	2
0	0
0	0
1	0
0	1
0	1
0	0
221	609
0	506
2	352
0	255
0	200
0	93
1	109
2	63
4	23
0	17
0	460
0	21
0	448
0	15
0	11
0	49
0	142
0	128
0	21
0	21
1	14
5	120
0	2012
0	1771
0	1534
0	200
0	1251
0	160
0	190
0	219
2	110
15	0
22	196
0	435
4	479
2	226
1	253
47	1583
35	1601
2	143
10	182
52	661
194	531
0	0
0	0
0	0
0	0
0	0
0	8
0	0
1	0
0	186
236	195
7	122
1	10
1	38
3	54
0	27
0	2
92	225
27	199
0	48
0	12
1	5
703	240
4	55
0	16
0	231
11	48
0	1
2	66
2	180
1837	3114
0	177
3	6
0	105
0	361
2	370
8	463
7	330
4	428
1	908
1	518
1	924
0	25
63	1597
2	916
0	370
0	185
0	134
0	133
0	134
0	127
0	0
0	0
3	15
0	11
0	0
0	0
0	4
0	5
0	4
0	4
0	5
0	3
0	2
0	2
0	2
0	2
0	2
0	2
0	2
0	2
0	2
0	0
0	2
0	2
0	3
0	3
0	2
0	3
0	2
0	2
0	2
0	2
0	3
0	3
0	2
0	1
0	2
0	2
0	1
0	3
0	2
0	3
0	3
0	2
0	2
0	2
0	0
0	0
0	0
0	0
0	0
0	0
1	0
0	0
0	0
0	0
0	0
0	0
0	0
0	1064
0	767
3	947
0	755
180	2390
3	2362
11	636
0	62
0	118
0	99
0	1
0	2365
0	104
0	274
2	124
0	1597
0	0
0	619
0	0
0	0
0	0
0	0
0	0
0	0
0	0
0	0
0	0
0	0
0	0
0	4
32	83
196	705
0	721
2	711
0	457
52	178
0	22
3	167
0	3
0	218
0	219
0	139
0	155
0	151
0	45
1	6
2	27
2	853
21	655
0	850
0	860
0	602
0	792
0	674
1	117
0	117
2	142
0	171
0	92
0	81
4	63
0	51
0	50
0	38
0	72
0	70
0	45
0	48
0	43
1	19
0	178
0	164
0	83
0	22
16	58
0	99
0	108
2	58
0	83
0	114
0	355
184	514
9	287
0	137
2	138
0	222
2	208
2	216
0	137
0	781
0	22
0	22
1	1
0	76
0	637
0	0
7	37
0	37
0	4
0	1
398	156
1	108
0	10
0	11
0	8
0	15
1	4
0	13
0	12
0	6
0	531
1	171
0	110
0	153
0	202
1	398
0	541
0	491
0	132
20	59
0	164
2	124
0	120
6	121
2	43
3	48
0	12
1	100
0	108
0	125
0	18
0	17
0	39
1	82
0	99
6	0
0	8
17	15
0	1156
0	61
0	15
7	61
0	393
1	14
1	384
0	573
0	86
0	543
5	40
0	90
0	69
0	63
0	0
0	52
0	501
2	159
0	91
0	92
0	1063
0	1050
359	33
349	513
0	355
2	398
0	2571
0	2571
0	2444
0	2560
0	2581
0	2245
0	2497
0	2392
0	2485
0	2445
0	2343
0	2472
0	2464
0	2268
0	2430
0	2459
0	1821
0	2435
0	2477
0	2504
0	2472
0	2524
0	2393
1	683
0	2496
0	2512
0	683
0	2337
1	2265
0	2362
0	2504
129	2529
0	2338
0	2525
0	2417
0	158
9	1586
1	165
0	298
1	69
2	1130
1	66
20	1610
1335	1611
466	0
0	0
0	67
0	464
144	529
1	488
35	303
158	179
0	7
6	38
0	157
103	7
0	21
0	82
0	18
0	31
0	1
1	2
0	0
0	82
0	42
1	479
0	516
0	164
0	292
0	12
0	48
0	27
2	47
0	21
0	332
1	77
0	38
1	39
1	65
0	25
0	59
0	0
0	0
0	0
0	0
4	3900
0	3752
0	3839
0	36
78	221
1	185
4	69
4	0
129	801
0	794
4	775
0	54
11	7
0	382
0	38
0	256
0	0
0	0
6	269
0	326
0	158
7	120
1	136
22	191
2	174
1	207
0	0
54	31
315	31
65	523
0	523
46	0
211	7
0	12
0	0
0	276
0	425
0	13
0	24
0	0
0	426
0	416
0	319
0	79
4	264
2	65
0	89
0	609
45	1364
0	494
3	613
1	800
0	14
0	14
0	9
0	7
0	3
11	801
0	170
2	103
0	75
0	709
0	613
0	92
0	147
1	251
17	327
4	249
2	149
0	188
0	135
0	83
0	96
0	25
1	62
0	211
0	361
0	350
2	58
0	33
0	71
19	191
1	0
0	0
0	602
47	602
9	51
9	243
0	55
0	0
0	0
0	0
0	0
0	0
0	0
111	376
0	393
25	175
4	365
0	375
1	154
4	55
9	123
0	49
0	48
0	10
0	629
1	65
0	633
6	596
0	595
1	610
4	595
3	314
13	169
1	122
5	175
0	76
7	76
0	0
0	0
0	0
0	0
62	23
7	126
0	129
0	549
7	160
95	854
0	223
24	544
78	218
0	136
0	36
0	22
203	116
5	133
4	9
0	123
14	140
0	15
0	0
1	978
0	979
0	1013
0	975
0	948
2	20
0	220
2	0
0	41
0	145
8	834
0	684
24	729
0	932
0	273
0	65
13	152
0	98
0	116
0	19
0	36
0	30
0	25
9	25
0	18
0	52
0	24
0	335
0	487
918	349
1	95
0	57
0	32
0	55
3	51
6	36
0	9
0	322
4	2
0	378
0	1098
0	690
0	936
710	1920
0	1432
1	1015
331	256
1	202
1	24
0	221
27	450
0	307
0	326
0	468
0	306
0	280
0	295
1	66
0	6
0	49
0	41
0	41
0	41
0	20
0	20
0	6
1	14
0	10
0	450
0	449
613	38
0	15
0	338
0	359
8	39
3	134
0	48
8	16
0	84
0	96
0	50
0	8
2	143
1	1
0	1
945	1
22	115
7	43
2	72
0	15
0	0
0	0
0	0
0	0
0	143
0	143
1	503
0	604
1	4
13	469
0	66
0	0
0	67
0	0
0	2
0	2
0	1
0	2
0	2
0	2
0	0
0	0
0	385
3	217
2	373
0	323
0	339
0	120
7	241
0	233
0	71
0	186
0	349
0	360
0	0
0	1367
5	1341
0	1284
0	383
0	118
0	995
0	45
0	23
0	34
0	3
3	69
1	362
0	54
0	28
0	66
0	108
0	130
0	68
1	616
2	98
0	597
0	120
0	289
0	113
0	134
0	58
1	275
0	28
0	56
0	72
0	41
15	19
0	171
2	12
8	71
4	343
4	110
0	35
0	252
0	252
0	5
0	93
9	170
100	0
0	322
6	385
0	387
1	247
28	153
7	64
0	99
14	1
2	144
1	151
0	93
0	123
0	116
7	26
0	1576
0	1823
3	1605
0	1579
1	886
3	24
0	111
0	16
901	279
0	47
0	230
1	84
0	0
0	51
0	3
0	3
0	1
0	850
0	725
1	989
0	72
0	21
46	1999
0	779
0	1
7	743
0	2017
0	15
0	15
0	106
0	66
1	2015
0	1975
0	1031
0	966
0	179
0	0
0	127
8	322
0	43
0	185
0	438
1	2170
20	23
0	2192
1	572
2	353
3	541
0	512
0	423
11	268
0	538
2	470
2	147
0	227
7	58
0	27
0	58
0	56
2	51
5	1
0	6
2	25
17	22
0	23
0	19
0	6
2	367
0	555
312	609
1	228
12	151
1	6
12	0
0	0
0	0
0	0
0	0
110	3
0	3
0	19
0	149
0	53
107	164
0	159
3	153
0	270
0	255
15	284
1	12
0	8
0	86
2	66
2	48
0	30
0	9
0	28
7	19
0	0
0	0
0	0
0	0
0	0
0	0
0	0
0	0
0	0
0	76
3	76
0	22
1	22
0	76
0	73
0	70
0	72
0	24
0	26
0	12
0	15
0	19
3	7
7	3
1	35
3	22
0	3
0	5
0	74
0	353
5	342
1	231
4	169
1	154
0	141
0	42
5	134
1	50
8	23
208	3466
124	120
2	1173
1	3444
34	500
119	1015
0	173
1	476
0	1717
0	600
0	17
0	600
3	102
0	599
0	16
0	16
0	28
0	16
2	17
0	185
2	1755
32	0
12	279
26	268
4	93
0	278
0	1
0	1
0	0
1	573
0	1901
36	1877
3	1840
1	273
2	158
4	362
3	1714
0	1722
0	868
0	249
0	121
0	92
0	196
0	181
8	148
0	97
0	26
0	518
0	530
0	66
4	401
5	43
5	237
5	44
0	28
0	24
1	31
1	46
0	35
1	38
0	20
1	21
0	27
1	5
0	10
0	15
1	1
0	4
0	0
0	32
0	61
2	61
0	5
0	1
0	0
0	0
0	0
0	0
0	0
0	0
0	0
2	0
0	456
38	253
0	441
3	161
0	439
0	288
0	129
3	28
0	114
9	36
0	162
6	88
0	99
4	81
0	111
0	63
1	46
2	45
269	191
0	60
0	30
0	76
0	57
0	81
2	30
0	0
0	7
0	459
0	860
0	1071
1	76
0	261
10	1493
0	214
0	184
2	20
0	28
3	301
0	261
0	992
1	487
0	329
11	2
0	0
0	55
0	947
0	1400
0	37
2	323
0	100
152	977
4	210
0	560
0	107
2	817
0	94
1	309
8	85
0	234
7	154
0	121
19	121
0	82
0	2
0	2
0	2
10	815
33	815
0	21
1	1066
1	957
0	1066
0	950
0	761
1	0
2	115
0	118
0	19
1	13
2	32
0	32
0	26
0	22
5	1
0	27
1	20
0	35
34	42
0	13
0	14
0	123
0	0
0	82
231	292
0	119
12	223
2	175
4	61
0	568
0	578
0	512
2	222
0	67
0	40
2	21
630	1135
2	1136
1	1071
39	64
118	52
1	49
0	34
3	32
138	0
0	27
0	199
0	37
0	197
0	42
0	3
0	0
0	152
0	0
0	0
0	0
0	0
0	12
236	1502
2	333
3	1331
0	589
1	1019
4	520
0	789
0	585
2	208
4	211
0	200
12	163
0	58
0	51
0	35
0	13
0	6
2	0
594	5518
0	4871
5	606
1	481
0	4168
0	761
4	4353
37	355
21	1399
0	839
0	105
2	164
0	246
7	223
0	847
0	797
131	820
0	805
3	191
2	81
0	242
0	795
0	149
0	147
0	275
0	256
0	296
0	397
0	143
0	31
9	108
0	414
0	309
0	212
1	645
12	52
0	233
2	435
1	54
1	110
0	65
12	81
0	631
0	218
37	806
0	805
0	808
14	799
3	800
5	801
0	729
0	847
31	844
10	730
0	810
10	635
9	807
0	719
0	785
0	783
0	781
2	708
6	320
0	38
0	81
1	80
0	58
1	55
0	9
0	13
0	6
0	12
0	4
0	1
0	3
0	5
0	2
0	0
0	0
0	0
0	0
0	105
3	235
0	1046
3	669
0	541
33	611
441	821
0	806
17	81
2	739
0	19
5	17
27	672
7	114
118	25
0	244
1	42
0	0
3	523
1	543
22	525
0	525
9	525
1	498
657	476
0	314
1	221
1	38
0	7
1519	1204
0	1124
0	0
0	0
0	0
0	0
0	37
0	100
0	105
0	70
0	34
0	9
0	34
17	46
1	37
0	37
0	50
0	66
0	103
0	95
0	101
0	1
2	9
0	41
0	41
0	41
0	41
0	41
0	1
253	86
10	86
0	0
1	1919
0	75
7	1920
0	11
0	15
629	174
0	174
1	81
221	319
1	105
30	248
0	316
0	287
4	22
4	56
1	57
0	73
0	23
0	9
0	277
0	0
0	0
0	0
0	0
0	0
6	354
1295	783
96	33
0	4
6	304
0	319
0	3
0	303
0	303
0	316
0	881
0	280
0	56
0	38
0	98
0	37
6	25
0	885
0	432
0	615
13	2008
0	2083
0	1975
3	892
25	852
0	831
1	808
19	49
0	67
4	41
0	1596
0	0
1	742
11	742
0	85
0	85
22	85
0	15
4	35
5	364
0	366
0	23
1	255
0	38
48	183
0	89
3	55
0	0
3	5
0	60
0	23
0	342
1	0
1	10
56	10
1025	0
327	0
1	0
407	171
0	91
0	99
0	39
0	92
0	161
3	80
0	16
1	36
0	77
78	98
0	73
0	26
1	12
0	11
0	68
1	6
8	76
0	6
1	36
0	37
0	53
1	0
70	30
4	29
0	1
0	22
0	23
0	18
0	1227
0	1138
2	116
3	259
1	40
0	376
0	109
2	376
0	138
0	349
0	317
0	325
0	321
0	314
1	605
0	187
95	605
2	198
3	0
0	0
0	0
0	44
0	3224
30	3211
0	3223
13	3212
13	3217
4	3152
0	3085
1	3198
0	3109
1	3095
0	1733
0	3061
0	327
0	281
0	148
3	8
10	164
0	20
0	37
0	48
0	8
0	27
32	84
0	31
0	27
2	33
8	52
0	7
0	31
21	243
3	212
5	153
1	127
0	25
0	5
0	0
0	0
0	0
23	0
76	9
0	7
0	6
0	0
1	0
0	0
0	0
0	0
0	34
3	34
0	14
0	29
0	15
0	27
3	107
0	9
3	8
0	11
0	10
0	10
0	8
0	12
0	12
0	13
0	12
0	8
0	10
0	10
0	5
0	3
0	2
0	3
0	1
0	1
0	0
0	19
0	85
0	0
0	0
0	0
0	0
0	0
2	625
0	627
0	593
3	596
0	664
5	155
5	189
10	189
3	9
0	0
1038	137
3	69
0	68
0	3
0	3
0	57
0	57
1	4
0	57
0	1
0	4
0	1
0	2
0	0
0	0
0	10
0	33
4	26
28	305
0	168
4	201
10	186
51	0
24	219
9	219
1	58
0	23
1	15
0	11
0	302
1	588
20	332
0	635
18	34
3	220
0	8
3	189
0	546
0	530
0	239
0	514
0	269
0	173
0	211
0	547
0	150
0	181
0	193
0	323
15	214
0	271
0	198
0	533
0	136
6	247
0	181
0	186
0	167
0	41
0	540
1	73
0	104
1	15
0	160
0	42
0	64
8	18
0	4
0	4
0	4
0	0
0	0
0	1
0	1
0	2
0	2
0	1
0	2
0	1
0	2
0	1
0	1
0	1
0	1
0	1
0	2
478	895
15	895
0	0
0	223
0	28
0	89
0	137
0	143
0	214
2	43
0	70
1	67
0	241
2	254
0	84
0	240
0	108
0	73
0	180
0	157
46	149
0	141
16	636
9	648
19	97
3	24
3	111
2	14
47	0
20	49
0	0
0	0
23	0
0	0
3004	761
0	148
0	107
2	79
0	125
1	130
3	244
14	18
7	54
2	78
0	214
0	576
0	512
0	112
8	136
2	167
39	600
0	406
0	238
0	173
0	284
13	386
74	85
0	30
2	226
0	0
0	1
0	1
0	121
0	137
0	189
0	112
11	198
55	184
1	7
0	85
0	131
0	78
1	62
1	70
16	821
134	1492
105	119
0	1492
0	0
316	229
0	220
12	206
1	56
0	30
1	2017
3	2169
2	2171
0	500
0	2044
2	1393
1	1625
0	893
0	1864
0	2148
0	936
0	1860
0	69
0	61
5	1905
0	2000
0	9
10	1818
1	1921
0	234
0	535
0	584
0	1834
0	1464
0	496
3	230
2	18
0	18
1	18
0	1
0	2
0	4
0	94
0	223
0	178
40	282
0	198
0	226
0	218
0	49
0	66
15	44
1	212
0	88
0	101
0	175
0	94
0	113
4	34
2	39
0	41
0	27
0	228
0	54
0	341
0	322
0	189
1	97
108	905
0	661
3	303
0	352
0	107
1	228
0	89
0	9
0	179
0	117
0	29
2	0
0	15
0	1
1	31
8	0
0	157
0	21
0	14
0	23
0	17
0	6
0	3
0	0
3	16
0	17
0	123
0	16
0	20
0	40
0	18
0	23
0	26
0	88
0	101
0	30
4	69
1	649
0	667
0	335
0	158
1	121
0	141
4	53
2	73
12	67
0	61
1	46
1	52
0	44
0	36
0	35
0	36
0	18
9	34
0	31
3	17
6	8
0	8
0	7
0	7
0	0
0	0
0	0
2	0
1	5
100	32
0	32
0	13
0	9
0	13
0	5
0	5
0	5
0	0
0	0
0	2
0	2
0	2
0	2
0	2
0	0
0	0
0	5
0	5
0	5
0	5
0	1230
0	1186
0	1
0	19
0	7
4	562
0	12
0	16
1	109
0	128
1	182
7	1313
0	11
0	62
0	117
0	1140
1	61
0	138
80	178
0	178
0	0
0	0
0	0
0	0
0	0
1	17
0	92
0	132
1	89
0	668
0	94
0	104
86	764
6	67
0	530
1	32
0	294
0	493
0	64
0	110
0	43
0	24
1	56
0	343
2	93
0	53
0	642
0	248
0	233
0	21
0	21
0	660
0	0
0	0
0	0
0	0
0	0
0	0
0	0
0	0
0	0
0	0
0	0
0	1035
0	1011
0	264
1	212
0	56
4	51
0	27
6	11
2	75
0	1588
4	235
2	1566
0	0
0	0
0	0
0	0
0	0
0	0
0	0
59	442
4	221
0	293
0	339
3	318
0	178
0	105
0	193
0	67
0	204
0	521
0	1017
0	833
0	487
3	258
6	358
4	956
0	908
0	901
0	68
8	62
1	86
0	166
0	72
3	1926
1	1918
1	211
0	1631
3	239
2	609
6	727
0	401
0	143
0	544
0	531
2	108
444	601
2	601
1	64
1	55
0	41
0	64
0	70
4	22
0	21
1	17
0	17
0	10
1	11
0	0
0	0
0	1
0	0
0	0
0	0
0	0
59	1416
2	36
0	153
1	43
2	135
0	114
14	62
0	143
1	127
0	104
7	86
3	0
14	29
0	1110
0	0
0	3
0	10
0	314
0	298
0	305
0	260
0	9
2	8
0	9
0	4
0	1
0	7
0	1
0	0
298	0
0	2
0	1
0	1
0	0
195	18
0	18
0	5
0	3
0	14
0	14
0	5
0	5
0	1
0	12
0	413
0	444
3	455
1	445
0	162
2	143
1	106
0	117
0	116
2	101
0	66
1	51
16	14
0	0
0	0
0	0
0	0
0	0
0	0
0	0
0	0
0	0
0	0
0	0
0	0
0	0
0	0
0	0
0	0
0	0
0	0
0	56
0	816
1	816
0	200
2	818
0	816
50	180
0	342
0	77
0	122
0	944
1	941
0	662
0	414
1	801
0	87
0	43
47	127
19	87
0	29
0	68
1	86
0	51
3	16
16	2514
0	1521
0	1516
0	131
2	595
0	13
1	579
0	152
0	187
0	100
1	581
0	571
0	726
0	482
0	527
0	460
0	266
0	3
0	665
1030	862
0	67
1	131
0	792
0	53
1	281
0	811
2	50
0	341
0	419
0	32
0	0
0	0
0	0
0	0
0	0
0	0
0	0
0	0
0	0
0	0
0	0
0	0
2	487
1	35
6	457
12	208
2	902
55	942
0	136
4	153
1	29
0	135
347	140
0	21
0	41
0	0
15	1299
3	927
0	743
1	440
14	396
2	97
3	276
0	78
61	81
1	0
0	21
0	61
0	12
0	16
0	32
0	20
0	7
0	7
0	9
0	9
0	9
0	2
2	5
0	3
0	1154
0	213
0	139
0	160
1	93
0	125
0	0
1	1127
22	1781
0	375
0	239
0	147
1	25
0	18
0	23
2	11
2	27
0	43
11	109
0	1781
2	568
97	566
0	299
218	268
1	268
0	2642
0	1327
0	2299
167	2109
5	95
1	889
0	1499
4	428
0	964
0	497
0	277
1	9
0	10
0	1
0	0
0	0
0	10
0	1
0	510
0	510
0	347
0	76
0	117
24	401
28	314
6	396
2	207
0	455
0	477
0	328
0	421
2	258
0	324
0	315
0	333
3	258
2	293
0	240
1	62
0	168
0	130
2	149
3	90
0	121
0	42
0	0
0	734
1	216
0	23
0	617
2	185
0	849
0	82
5	673
13	154
0	755
0	497
0	799
2	67
16	582
5	144
0	33
15	90
2	701
0	660
105	311
0	81
0	72
0	56
0	33
839	899
0	276
0	358
2	168
0	257
3	234
3	195
2	152
16	146
129	64
0	60
0	57
177	476
0	535
1	369
0	207
10	62
6	9
0	116
8	113
156	377
0	358
0	4
0	28
0	9
0	8
0	143
0	137
0	35
3	22
11	21
0	18
1	20
3	19
0	22
0	7
0	5
21	1
0	304
0	343
0	124
0	300
0	310
0	36
1	326
0	88
0	74
0	69
0	259
0	112
0	53
32	175
9	240
0	19
0	16
0	326
0	276
4	307
17	238
3	184
0	213
0	190
0	17
3	0
0	19
0	386
40	137
10	383
53	243
0	47
305	385
1	259
0	146
7	30
0	198
1	217
9	118
0	157
3	50
0	12
0	198
18	310
0	310
0	320
5	318
0	318
0	310
0	305
1	305
0	124
0	26
0	0
0	263
0	252
0	296
0	312
0	65
5	295
4	189
0	212
11	212
0	20
0	614
0	606
0	326
0	266
1	579
0	225
0	679
0	20
0	32
36	718
0	44
0	502
5	49
1	594
0	180
81	326
989	286
0	262
0	229
3	73
0	10
1	10
0	11
2	10
3	11
0	3
0	0
0	7
0	2861
0	2759
0	2404
1	2189
72	1140
2	1961
0	2037
0	1640
0	1662
0	2050
0	1998
0	309
0	1477
0	1680
0	1701
0	809
0	1462
0	1439
0	2884
0	317
0	173
0	123
6	0
0	45
0	2765
16	96
0	446
0	473
0	472
2	445
4	4
0	132
4	130
0	133
0	48
0	98
0	72
0	55
3	51
0	6
13	39
0	37
0	9
0	40
13	95
0	83
0	53
1	12
0	34
1	7
0	12
0	1
0	1
0	1
0	0
0	0
0	1
0	0
0	3
0	0
0	3
0	2
0	0
1	28
0	25
0	137
0	142
0	135
0	141
0	131
0	133
0	54
0	108
0	105
0	71
0	68
0	64
4	34
0	54
0	13
0	42
0	42
0	27
0	27
0	15
0	11
0	6
0	5
1	0
0	5
0	4
10	224
3	226
0	133
81	10
0	108
0	121
0	6
2	7
0	9
0	6
3	1
34	168
4	160
3	23
0	41
2	118
5	190
1	101
4	153
0	38
0	0
724	1813
0	406
7	809
4	1677
2	654
0	569
2	235
0	153
0	233
52	346
752	0
8	15
0	26
1	37
13	22
0	7
1	21
2	24
0	32
1	4
0	4
0	22
137	212
0	68
0	144
1	23
0	2
0	3
0	1
0	3
0	0
6	461
0	127
0	443
5	429
0	15
523	1327
9	334
7	373
0	341
2	611
8	353
4	328
2	299
0	1
0	0
0	1
0	0
0	0
0	0
136	0
0	0
0	0
0	0
0	0
0	0
0	0
0	103
0	104
0	103
0	104
0	103
0	90
0	23
0	7
0	2
0	1
0	0
0	0
6	10
0	11
2	1
29	117
5	117
0	31
0	19
0	5
0	1
0	3
0	52
1	64
0	66
0	69
0	6
0	63
0	11
0	10
0	9
0	6
0	2
178	1795
22	9
3	754
1	1664
9	70
17	942
0	33
4	889
1	914
1	918
10	1603
0	35
15	1650
1	1648
0	51
0	258
0	139
2	113
0	101
0	506
16	365
0	0
0	0
0	0
0	0
0	0
5232	0
0	38
5	1
198	829
3	678
0	53
0	51
1	32
1	23
1	232
0	877
0	855
0	735
0	821
0	759
0	824
0	880
0	885
0	831
0	746
0	673
0	876
0	67
0	631
0	890
0	881
5	770
0	785
1	790
0	258
0	307
0	374
0	728
0	531
0	844
0	877
0	754
1	798
0	791
0	572
0	909
0	840
0	7
0	159
0	514
1	598
3	599
0	788
0	816
0	770
0	715
0	769
0	717
0	764
0	876
0	437
0	823
0	680
3	455
0	232
0	61
11	610
1	32
0	415
0	406
0	339
8	285
0	136
0	60
0	76
0	46
0	2
0	0
10	0
0	0
0	0
0	0
157	202
0	202
0	0
0	0
0	0
0	0
0	0
0	0
0	0
0	0
0	0
0	0
0	0
0	0
0	0
0	3
0	2
0	2
3	1
1	1
0	2
0	3
0	0
0	0
47	463
3	463
4	16
0	63
326	141
0	61
1	78
11	11
0	1
0	8
0	8
0	0
0	5
0	3
0	3
0	2
0	5
0	8
0	2
0	3
0	321
0	62
0	60
0	61
0	7
0	8
0	6
0	31
0	20
0	5
0	0
0	22
0	0
0	8
0	0
5	0
501	292
10	292
0	5
0	5
0	5
0	2
0	7
0	19
0	31
0	31
0	0
1	9
1	24
0	23
0	74
0	29
0	80
1	77
0	77
0	60
7	21
0	6
0	5
0	1
0	3
0	80
0	80
0	75
0	6
0	6
0	6
0	2
0	2014
0	148
1	1515
0	1801
0	52
0	214
0	100
3	429
0	1882
0	1879
0	1790
0	1896
0	2060
0	180
0	232
0	1805
6	368
0	144
197	544
0	1001
0	392
0	244
234	381
0	17
0	21
0	53
2	47
0	51
4	95
10	287
0	30
0	56
0	47
0	61
0	0
0	0
0	0
0	0
0	0
0	0
0	0
0	0
0	0
0	0
31	0
106	0
260	0
7	248
0	489
0	521
0	186
0	436
1	81
0	32
0	46
0	132
0	356
0	364
0	415
0	356
0	415
0	35
1	370
0	44
0	667
0	22
0	233
2	47
0	659
0	361
0	653
0	363
0	414
0	364
0	415
0	415
0	415
0	20
0	14
0	13
0	13
0	13
0	318
0	299
0	334
0	229
0	223
0	258
2	73
5	295
0	273
1	251
0	300
2	298
0	299
1	65
6	184
0	33
0	27
0	31
0	52
1	59
0	13
6	11
0	4
0	105
0	19
0	11
0	36
0	28
0	744
33	758
0	74
0	411
7	320
1	60
0	758
0	689
616	232
1	119
1	220
0	2
0	3
0	64
6	56
1	32
29	504
6	459
0	107
6	76
0	6
0	193
0	43
0	61
0	0
0	41
2	287
0	280
0	5
0	5
1	18
3	38
0	29
2	452
390	549
3	179
0	369
0	298
0	169
57	212
0	350
0	148
2	238
0	516
0	429
0	287
0	0
0	0
0	0
0	0
0	0
0	0
0	0
109	97
0	78
3	81
0	33
0	0
0	0
0	0
0	0
0	0
0	0
0	0
106	9338
0	3640
6	3048
2	410
1	371
4	124
76	787
63	1724
3	5650
0	0
0	605
0	539
0	618
0	71
0	70
0	172
0	550
1	151
1	83
49	40
0	37
0	12
3	7
0	0
0	1
0	1
0	1
0	2
0	621
0	559
0	530
5	411
0	477
0	538
1	38
0	430
0	496
7	85
6	156
11	475
0	428
0	352
0	355
0	215
0	202
14	0
0	0
4	0
0	219
0	161
0	204
0	98
0	113
1	62
2	100
0	3399
0	3375
4	1921
3	3131
0	254
3	3335
2	150
0	94
4	199
0	150
0	295
0	275
1	404
11	138
6	277
0	878
1	128
0	143
0	895
0	1026
0	57
23	400
3	316
0	133
0	253
0	492
2	259
2	964
0	22
11	702
0	63
2	47
0	105
0	309
1	311
2	217
0	33
0	65
0	654
0	1119
2	1100
0	1089
0	1095
1	13
1	14
0	97
1	103
0	59
0	48
2	34
0	26
0	30
2	12
4	90
11	11
3	20
7	147
1	636
0	622
0	373
0	201
0	275
0	310
0	277
0	531
0	550
0	209
0	524
0	40
0	63
0	42
0	51
0	31
0	39
0	1110
2	959
0	784
0	634
2	306
0	284
0	254
0	178
4	193
0	62
9	106
2	88
0	141
3	203
0	73
0	90
0	91
0	64
0	35
5	6
77	69
0	30
0	13
0	40
0	38
0	35
0	28
0	21
1	4
0	24
0	19
0	11
0	11
0	0
0	2
0	7
1	3
0	6
0	0
0	24
0	20
0	161
0	99
0	22
0	37
0	23
0	18
0	14
0	20
0	5
0	0
0	161
611	0
0	244
0	51
0	67
0	201
76	918
8	0
40	202
0	307
28	201
0	914
0	76
39	12
0	9
0	0
0	0
0	0
0	0
0	0
0	0
0	0
0	0
1	0
121	200
2	53
40	184
2	41
5	93
0	51
0	0
0	0
0	0
4	613
42	613
3	54
1	68
0	0
0	0
0	0
0	491
0	113
0	508
1	1
1	5
0	5
0	235
4	352
93	929
11	275
7	814
15	89
2	88
61	56
28	136
0	31
0	185
0	182
0	157
0	142
0	143
0	47
0	144
35	42
10	43
0	7
0	0
0	0
0	0
0	0
0	0
0	150
1	0
0	0
0	0
0	0
0	0
0	0
0	1209
0	1193
0	936
1	970
1	36
0	537
0	552
0	542
0	751
17	737
0	39
0	16
0	102
1	147
0	7
0	28
0	10
0	9
0	9
0	23
1	21
0	1
0	0
0	11
0	4
0	11
0	9
0	8
0	8
0	4
0	4
0	4
0	0
0	0
0	0
0	0
0	0
0	0
0	0
0	0
0	4
0	25
0	25
0	13
0	1
0	0
0	1
0	11
4	14
0	0
0	0
0	0
0	813
2	370
0	198
0	330
0	567
0	292
0	51
0	157
0	342
0	110
3	48
0	814
0	384
0	411
3	205
3	112
0	223
233	3256
3	368
46	3182
1	631
0	736
37	2287
0	545
0	0
0	0
0	0
0	0
0	0
1	2
0	0
0	2
0	0
0	1
0	0
0	8065
0	341
0	2890
782	8067
6	547
59	2078
1	4
0	0
0	0
0	0
0	0
0	0
0	0
0	4
0	1
0	0
0	950
0	1087
0	1087
2	222
0	1091
0	497
0	192
0	1072
0	1829
0	1918
0	2635
0	440
0	1021
0	374
0	259
0	207
0	96
0	200
0	210
0	138
0	63
0	2362
0	2306
582	131
0	131
99	1460
7	1190
1	1409
0	493
6	280
0	107
30	14
3	46
0	41
0	49
0	36
1	37
6	3
0	9
0	12
2	10
0	0
0	0
0	0
0	4
0	4
24	16
0	7
0	5
0	5
0	7
0	0
0	6
0	7
1	382
22	671
0	437
0	541
3	2014
2	1936
0	1993
0	2007
1	1946
0	1881
0	1994
2	1942
2	1948
0	1803
0	2024
0	1984
1	1953
0	1952
0	2025
0	1913
2	2061
0	1208
0	2039
0	1912
0	923
0	1857
0	1893
0	1932
0	105
0	1776
0	1888
0	1956
0	1816
2	55
0	1578
14	1440
9	189
0	47
0	158
2	451
27	511
1	66
15	215
0	213
1	185
0	37
1	215
0	42
0	773
0	756
0	623
0	772
0	43
0	32
0	80
16	0
0	1268
0	692
0	590
1	590
0	611
0	554
5	461
0	84
1	65
0	65
0	65
1	65
0	65
0	0
0	0
0	1242
0	908
24	5717
50	5391
0	3345
52	1800
0	5220
0	5523
0	5537
0	4699
1	3067
0	740
0	721
0	227
1	0
1	192
0	200
1	61
1	54
5	14
122	328
0	319
16	151
11	25
0	56
1	19
0	11
3	16
0	0
0	0
0	0
0	0
0	4
0	2
0	2
0	3
1	0
0	2
0	4
0	0
0	0
0	0
0	0
0	0
0	0
0	0
0	0
0	67
0	77
0	70
0	77
0	77
0	77
0	72
0	78
0	80
1	73
0	72
0	72
0	72
0	53
0	47
0	48
0	72
0	49
5	47
0	14
0	16
0	25
0	23
0	23
0	18
0	17
0	17
0	363
0	374
20	374
0	117
94	375
6	292
0	213
1	18
0	60
200	664
5	452
0	618
0	499
0	508
24	490
4	433
0	212
0	84
1	10
0	7
10	225
1	229
0	220
0	54
2	27
4	1
0	0
0	0
1	3
0	0
0	0
5	920
0	886
0	910
0	900
0	924
0	0
0	0
0	0
0	0
0	0
0	89
0	21
2	89
0	0
0	0
0	0
0	0
0	0
0	0
0	115
1	70
0	53
29	32
0	22
0	2
0	10
0	0
0	2
0	2
0	1
0	2
0	2
0	2
0	2
0	1
0	2
0	2
16	257
0	238
0	257
0	258
8	49
1	72
0	88
0	72
0	0
0	242
0	239
0	61
0	96
2	51
0	85
0	253
0	253
2	122
0	136
0	145
2	120
4	37
13	54
15	118
0	573
12	524
0	696
20	51
115	750
0	513
0	634
0	512
0	601
0	705
0	442
0	516
0	103
4	209
0	162
2	188
8	145
0	0
0	0
659	0
4	823
2	202
0	796
0	189
0	823
0	796
0	0
0	0
0	0
0	0
0	462
45	1282
5	383
0	434
7	575
2	360
0	1276
0	0
0	0
0	10
0	10
0	6
17	9
0	302
299	465
0	326
5	117
0	18
0	6
12	113
0	0
0	0
0	0
0	0
0	0
1	0
0	2
0	2
0	0
0	1
0	0
0	1
0	0
3	96
0	35
0	108
10	33
1	26
0	91
0	12
411	0
36	732
9	705
43	732
0	568
0	527
0	525
0	341
0	298
0	0
0	1
0	2
0	2
0	0
0	0
0	0
0	0
0	0
0	0
0	0
0	0
0	0
0	2
0	0
0	0
0	0
0	2
0	0
0	38
0	49
0	4
3	49
0	57
0	598
0	353
147	2306
0	551
0	1532
0	1212
0	1042
1	287
0	1233
4	1021
0	2149
4	631
0	523
99	1357
0	1198
1	1655
0	1114
663	508
2	484
4	295
8	190
0	190
2	78
3	119
16	982
36	1163
0	477
0	393
0	1159
1	166
7	204
0	196
0	400
0	96
10	27
3	162
0	136
0	88
5	110
0	45
1	32
5	6
1	124
0	33
17	56
3	0
0	616
14	0
82	564
1	331
0	332
0	102
0	6
0	81
0	345
0	203
0	78
7	73
0	10
0	13
0	164
0	23
0	2
0	5
1	5
0	0
0	0
0	5
3	4234
0	4233
0	1615
0	4155
0	4002
0	2094
0	1921
0	3778
0	0
0	0
0	0
0	0
0	0
0	0
0	0
0	0
0	0
0	0
0	0
0	0
0	0
0	0
0	0
0	0
127	178
0	9
0	163
2	100
0	31
1	21
0	13
2	15
0	9
0	6
20	455
0	442
0	410
0	272
6	13
1	56
29	35
0	39
0	26
0	28
0	33
0	19
0	0
0	0
0	0
0	0
0	0
0	0
0	0
0	0
0	0
0	0
0	0
0	0
0	0
0	0
0	0
0	0
0	0
0	0
0	0
0	0
0	0
0	0
0	0
161	65
0	65
0	780
0	771
0	768
0	127
3	41
0	9
0	46
0	78
0	39
0	57
1	20
0	0
0	0
0	0
169	669
0	643
2	215
22	155
0	0
0	0
0	0
0	1
0	1
0	0
0	1
0	0
0	0
0	0
0	0
0	0
0	0
0	0
0	84
0	18
1	15
1	26
0	76
0	67
0	182
0	31
0	37
0	2
6	17
9	158
3	651
0	640
10	761
1	768
209	146
0	305
0	396
0	66
0	80
1	49
0	69
0	61
0	31
2	26
0	25
6	5
471	36
0	36
175	6334
4	6334
236	255
6	167
23	37
0	252
2	51
0	0
12	1
0	1
0	174
1	174
0	62
0	57
1	0
0	17
0	21
1	2
0	166
1163	26
20	17
9	24
1	747
0	633
0	780
0	613
0	31
0	772
0	17
0	38
0	21
0	66
0	34
0	35
0	24
0	37
10	35
1	3
0	88
4	204
17	142
0	765
6	148
5	92
14	569
0	95
0	81
0	76
0	109
0	0
0	0
459	1636
6	1329
0	242
0	675
0	153
0	193
1	930
1	148
0	149
0	883
0	928
0	124
0	934
0	53
0	42
0	126
0	129
0	107
1	212
0	90
0	125
0	120
0	927
0	170
4	71
5	134
0	22
0	82
0	103
10	295
0	55
3	313
1	27
17	27
9	24
0	37
0	37
0	158
0	26
0	5
2	3
0	158
223	14
10	14
4	0
1	279
0	365
0	276
0	220
9	177
10	106
0	7
2	33
0	1288
7	1304
1	31
0	85
0	262
0	47
0	18
0	12
0	0
282	121
8	121
33	0
26	78
4	78
0	0
4	6
0	0
0	0
0	1
0	4
0	3
0	5
1	3
0	2
0	4
0	0
76	1078
0	1078
1	919
5	917
0	31
0	2
0	2
0	2
0	1
0	0
1	0
0	40
0	14
0	1076
11	1069
0	67
1	71
4	58
253	40
2	40
9	15
0	15
0	1
0	1
0	0
0	0
0	0
0	0
0	0
0	0
2	14
0	13
0	0
1	4
1	3
0	2
15	510
0	493
5	175
21	182
1	122
1	110
0	54
1	1
0	1
0	1
0	0
0	0
0	0
0	13
0	1
0	1
0	0
0	0
0	0
0	0
0	425
2	411
32	422
0	62
5	44
2	197
0	10
90	10
1	349
0	361
12	48
1	72
0	0
0	0
0	0
0	0
0	309
0	11
4	24
0	270
0	304
0	266
0	590
0	350
0	579
0	78
0	24
0	26
0	59
0	32
2	1
0	1
0	0
6	5
1	322
0	318
10	27
6	50
0	1200
0	1115
0	1013
0	1222
0	178
6	120
11	378
0	1093
0	1223
0	1735
2	170
1	621
1	49
0	162
1	162
21	1749
0	0
0	0
0	0
0	0
2	0
0	0
0	0
5	6
0	6
11	10815
0	10330
0	3495
14	690
1	9012
61	4037
29	9845
0	5655
1	4186
1	3970
0	6094
46	1576
1	1295
1	1134
0	1365
0	1497
0	35
12	164
0	241
3	1347
0	85
0	39
0	329
0	338
0	117
0	50
0	119
0	82
1	263
0	126
18	216
0	130
0	119
0	20
3	338
3	298
0	54
0	69
0	44
0	6
1	6
4	189
1	2
0	38
1	0
0	47
32	39
94	525
5	263
6	20
18	68
0	522
3	16
0	109
3	0
6	19
0	40
0	377
0	37
0	2
0	1
0	85
0	323
92	4
0	4
22	0
2	1573
0	1
2	2
1	2
0	0
0	0
0	0
0	0
0	0
0	0
0	0
0	4
0	4
5	5
0	0
0	1
0	2
0	0
0	0
0	0
0	0
1	0
0	0
2	1325
0	222
0	2008
0	2460
2	1611
0	1860
1	115
0	14
0	0
0	162
7	163
0	4
0	13
0	5
643	1566
2	394
4	567
0	502
13	0
0	1
0	1
0	0
0	0
0	0
0	0
0	1
0	641
0	421
0	613
0	126
3	21
4	23
11	19
0	51
2	15
0	11
1	10
0	184
75	212
1	130
0	180
0	180
0	70
0	71
0	178
0	51
0	90
0	117
0	139
0	46
0	66
0	7
0	3
1	16
1	257
0	18
0	162
0	0
0	32
0	21
0	19
0	256
0	82
133	286
3	219
3	186
0	234
0	110
0	77
0	79
0	92
6	42
0	38
23	66
1	856
0	1259
1	983
1	1012
0	262
0	822
12	447
0	858
0	1121
1	678
0	657
0	1064
0	1085
0	436
8	980
10	517
0	198
0	200
1	185
0	35
0	61
3	201
6	75
0	31
0	454
234	454
17	49
0	588
23	990
1	990
0	444
0	587
0	712
0	990
1767	1619
43	65
0	1029
0	628
3	454
1	47
0	1
0	1
0	1
0	0
0	0
0	0
0	0
0	0
0	0
0	0
0	0
0	0
0	0
0	0
0	1
274	387
9	215
0	81
0	171
6	479
8	479
0	118
0	120
0	122
0	78
0	58
13	5
2	0
0	4
0	4
0	0
0	0
1	0
0	0
2	0
0	0
1	0
0	2
99	800
0	799
11	189
1	508
1	762
0	780
0	29
0	59
1	655
0	41
0	65
6	43
0	362
2	22
0	45
2	23
0	4
545	680
0	343
0	415
1	636
1	195
11	221
0	185
0	181
0	178
0	182
0	181
4	19
257	166
0	51
0	150
8	1859
0	11
4	1268
0	2029
41	2007
24	874
0	0
0	0
3	2
1	2
0	1
0	70
1	110
5	91
0	46
0	20
693	900
0	871
0	887
0	879
0	5
6	247
0	118
0	131
0	114
0	150
143	203
0	191
0	49
0	114
60	9
0	9
1	228
2	83
0	111
0	63
223	1194
1	1119
79	923
0	505
0	429
0	407
3	262
1	205
0	231
0	202
6	98
0	0
0	0
361	504
1	504
0	128
1	85
0	50
2	120
0	686
1	69
0	66
0	65
0	206
0	701
1	66
6	60
0	78
7	166
1	776
0	684
0	76
3	608
0	69
0	157
0	50
0	322
3	30
0	8
171	666
4	226
2	40
2	284
0	83
0	109
4	334
0	851
1	818
0	745
0	601
0	609
0	156
2	3
0	3
0	3
0	3
0	4
0	5
0	4
0	1
0	0
0	1
1	2
0	0
0	0
0	0
0	0
0	0
0	113
300	460
0	270
3	294
0	185
0	90
12	117
0	636
2	636
0	84
0	0
0	1
2	489
1	470
1	493
0	120
0	491
0	41
0	125
0	437
0	435
3	482
1	57
2	275
1	114
0	54
886	1158
0	547
15	500
0	686
1	0
0	0
0	2457
24	2432
27	2534
0	2373
0	1871
0	1715
0	1633
1	293
2	48
17	77
5	141
0	146
11	115
17	365
0	44
4	97
0	108
0	84
2	29
0	48
0	0
230	0
1	0
343	0
7	960
0	710
0	1001
0	450
0	297
0	954
9	261
0	953
4	265
1	214
0	22
2	77
7	12
4	221
0	70
0	3
0	85
0	82
0	76
0	10
0	2
0	2
0	17
0	210
0	207
0	201
0	255
0	71
0	27
3	297
0	511
6	192
2	48
4	144
1	4
0	110
0	53
2	508
0	146
6	280
9	277
0	65
7	86
5	38
0	4
0	0
0	4
0	0
51	83
0	13
0	9
0	9
9	72
2	26
19	247
70	312
6	69
38	220
17	90
0	0
0	0
0	0
0	0
0	0
0	0
0	0
0	0
0	0
1	1453
0	49
1	10
0	440
6	314
2	46
2	227
14	1422
10	1266
4	44
0	118
0	91
0	69
0	94
0	528
3	64
0	15
8	29
0	168
1	16
0	59
2	78
0	0
0	0
0	18
0	18
0	4
0	0
0	19
0	2
0	6
0	11
0	14
0	7
0	7
0	3
0	8
0	6
0	7
0	8
0	4
0	2
0	2
1	8
2	8
0	0
0	1
0	5
2	5
0	4
0	0
0	0
30	487
0	476
7	471
2	429
2	2
1	4
0	306
5	265
35	42
0	203
7	117
0	0
0	0
0	139
0	273
0	15
0	20
0	65
0	1
0	43
0	2
0	134
1	85
0	241
0	13
1	4
25	145
0	50
2	79
0	159
0	95
0	102
1	115
0	100
0	109
0	7
0	80
0	55
0	7
0	35
0	49
0	0
0	28
0	28
0	21
0	25
0	24
2	35
0	26
0	21
0	24
0	20
0	69
0	24
0	14
0	17
0	17
0	6
0	6
1	7
0	6
0	11
0	10
0	9
0	9
0	3
0	11
0	24
0	19
0	9
0	3
0	22
0	11
0	10
0	10
0	10
0	11
1	3
0	6
0	8
0	6
0	6
0	15
0	8
0	11
0	14
0	3
0	1
1	17
0	1
0	0
0	130
0	161
26	312
290	1157
4	825
56	405
0	65
1	56
1	43
0	54
0	209
0	128
2	122
1	30
0	155
0	81
0	56
0	36
0	4
0	5
0	1
0	5
0	5
15	41
5	74
12	285
2	283
0	46
3	26
6	24
1	3
0	152
0	0
0	0
0	0
0	0
0	0
0	0
0	0
0	0
0	0
0	0
22	191
0	184
0	185
3	105
0	114
0	114
0	114
0	115
1	96
1	74
1	74
0	130
2	93
7	111
0	130
0	128
0	114
0	108
2	76
0	17
0	11
0	12
0	0
0	1
0	0
0	0
0	0
0	1
0	1
31	0
79	606
4	473
1	78
0	234
0	68
0	64
3	38
0	33
0	4
0	195
0	12
72	194
1	55
2	10
0	0
0	0
0	0
0	0
0	0
0	0
0	0
0	0
0	0
0	0
0	0
0	0
0	0
0	0
0	0
0	0
0	0
0	0
0	0
0	0
0	0
0	0
0	0
0	0
0	0
0	0
0	0
0	0
0	1
0	0
0	1
0	290
1	125
2	98
1	66
0	245
3	11
0	113
0	42
46	320
3	52
0	73
18	290
0	87
11	88
2	35
4	57
21	32
0	0
0	1
0	1
0	0
3	65
0	0
0	1
0	1
0	0
0	0
0	0
0	4
24	69
0	3
3	61
0	6
0	3
0	17
0	25
0	14
0	13
1	14
0	13
0	0
0	0
0	0
0	0
0	0
0	0
0	0
0	533
0	527
0	663
0	674
0	667
0	668
0	668
0	668
0	667
0	668
0	605
0	668
0	660
0	515
43	557
0	574
0	604
0	652
0	659
0	659
0	668
0	630
0	612
0	406
0	393
0	464
0	585
5	500
0	335
0	428
0	472
0	525
0	520
0	546
0	349
0	339
0	310
0	313
0	239
0	58
0	260
0	70
1	102
0	121
0	165
0	28
0	226
0	88
3	144
0	25
1	82
1	9
2	4
0	0
0	0
0	0
0	0
0	0
0	0
0	0
0	0
1	0
0	0
0	0
0	0
0	0
0	0
0	0
0	0
0	0
0	0
0	0
0	0
0	0
0	0
0	0
0	0
0	0
0	0
0	0
0	0
0	0
0	0
0	0
0	0
0	0
0	0
0	0
0	0
0	0
10	7
0	7
0	1
0	2
1	8
0	1
3	5
0	6
0	4
0	3
0	174
33	1911
0	138
0	116
0	1860
0	374
6	149
6	66
0	248
0	163
0	145
0	511
0	510
1	526
2	530
16	527
0	286
5	57
0	53
0	78
0	0
0	0
0	0
0	0
0	0
0	0
0	0
0	0
0	0
0	0
0	0
0	0
0	0
0	0
0	0
0	937
3	936
2	125
9	396
3	83
3	905
0	5
0	942
0	72
0	937
5	2
0	937
0	662
4	99
0	102
13	68
73	327
0	289
0	25
0	39
2	12
6	24
1	7
2	2
3	21
3	80
0	33
0	49
1	7
3	12
0	125
6	202
0	1
4	0
5	736
4	552
3	732
0	718
1	498
16	466
2	352
0	2
0	2
2	427
8	4
18	34
3	234
19	688
1	443
0	463
0	382
0	182
1	186
1	167
3	80
0	112
1	51
34	1887
0	498
0	1825
0	370
47	483
0	348
8	416
2	315
0	297
0	110
0	248
0	232
0	232
14	57
8	65
0	180
1686	496
15	258
0	391
0	0
0	0
0	0
0	0
0	373
0	366
1	364
0	152
0	355
1	57
2	367
0	361
0	1043
687	154
0	1
0	21
0	167
0	140
0	181
0	148
0	365
0	371
0	370
0	151
0	338
0	364
0	1041
0	55
4	1
0	1
0	12
1	7
0	10
3	43
0	37
0	0
0	41
0	24
1	0
0	0
0	1
285	126
0	124
0	126
0	36
1	14
0	8
0	8
0	0
0	0
1	1
0	0
0	0
0	0
1	0
0	3
0	4
3	5
0	4
0	2
0	0
1	4
0	0
2	0
0	4
0	0
0	0
0	4024
0	4268
0	4319
0	3140
5	631
1	995
0	800
2	1016
106	475
0	0
0	0
0	0
0	681
0	617
0	643
0	661
2	300
0	623
0	652
0	645
0	652
0	748
0	658
0	567
0	657
0	652
0	632
0	536
0	541
0	679
0	501
0	491
0	483
0	446
0	501
0	631
0	581
0	534
0	565
0	570
0	537
0	518
0	469
0	538
0	508
0	539
0	531
0	485
0	472
0	423
0	359
0	200
0	9
0	38
0	174
0	23
0	155
0	81
0	129
0	131
0	130
0	92
5	91
0	210
0	124
0	178
0	110
0	101
0	145
0	173
0	153
0	146
0	135
0	130
0	69
2	77
0	46
0	24
0	8
3	1
0	0
4	318
57	369
1	200
1	19
18	324
2	56
0	154
6	56
0	0
14	435
10	458
1	419
5	388
0	428
14	297
12	286
1	128
0	1
0	0
2	191
0	187
0	190
0	186
0	187
0	153
0	80
0	78
0	0
0	0
0	0
0	0
0	26
0	35
0	26
0	21
0	6
0	3
1	5
0	1
0	14
1	17
0	25
0	26
0	16
0	0
0	0
0	2
0	0
0	0
0	0
0	0
0	0
0	2
0	2
5	0
0	0
0	4
0	0
0	0
0	1
0	0
2	0
0	2160
0	2505
0	1840
2	1949
0	184
3	2403
10	420
0	383
15	265
0	317
0	2217
0	0
0	337
2	48
21	12
1	144
16	19
0	311
3	111
0	353
0	98
0	353
0	50
0	90
0	0
0	0
0	0
0	0
0	0
0	0
0	0
3	1191
40	1521
0	888
0	1219
2	32
0	914
0	1136
5	0
0	1454
1	1315
0	65
1	1300
1	1201
1	1387
10	1009
0	444
1	843
1	1282
34	1377
0	67
0	1329
0	1329
0	106
0	1446
4	1308
0	1227
0	221
0	78
1	1385
0	89
7	114
0	1
0	1
129	57
13	40
8	17
1	158
0	0
0	0
0	8
0	167
0	5
0	124
4	33
0	166
1	161
0	161
0	161
0	9
0	7
1	1
0	10
0	161
123	24
1	24
2	1646
52	1620
0	745
0	975
0	1594
8	216
0	1651
0	376
1	95
0	107
0	105
4	104
0	107
12	70
0	67
1	2
0	12
0	8
0	11
0	7
0	7
0	7
0	1
0	0
0	105
0	0
54	3
0	2725
66	2856
5	2593
8	68
0	229
1	492
0	69
2	284
1	118
1	62
0	15
6	15
0	6
0	0
0	0
0	0
0	0
0	0
184	1478
10	618
19	860
37	82
5	1
1	28
2	33
1	0
0	29
0	7
0	7
122	7281
1	4729
0	6184
0	6746
5	897
1	2711
7	1415
3	2216
0	908
25	785
0	503
0	968
27	1112
0	902
1	1102
0	528
0	680
48	339
2	1020
0	1577
0	1324
0	1369
0	1536
0	1523
0	1483
0	1555
0	1447
6	1459
0	1538
0	1437
1	1360
0	1617
0	1496
0	1422
0	1452
0	1480
0	1281
0	1456
0	1498
0	1546
0	1463
0	1361
0	1571
2	1283
0	1550
3	135
0	1432
0	1544
1	1186
3	78
0	91
0	403
0	0
1	0
0	2
0	0
0	1
0	1
0	0
5	899
3	57
0	26
2	65
0	1
0	30
0	42
0	53
0	60
0	901
0	2
0	35
0	66
2	229
0	56
0	1654
0	1468
0	379
6	1558
1	765
0	954
0	151
15	755
1	322
0	1523
0	1598
1	3399
9	3492
0	1369
37	1310
34	2825
0	1054
0	905
1	248
10	57
2	340
6	17
0	981
1	467
0	110
45	7
1	155
12	71
0	32
0	20
6	17
6	8
0	7
0	155
1698	0
908	295
5	103
0	192
0	164
1	130
0	0
0	7
8	10
0	0
0	4
0	1
0	10
0	6
0	6
0	6
0	5
0	5
0	6
0	4
0	0
0	71
0	71
0	13
0	13
0	13
0	13
0	13
89	67
3	67
0	23
3	76
217	76
0	50
0	23
0	32
0	32
183	155
1	153
0	76
1	69
0	12
2	5
0	1
215	215
0	18
8	141
0	156
1	1
0	1
0	0
0	21
1	270
0	72
1	66
0	389
0	18
1	77
1	199
5	86
0	385
0	41
3	377
3	51
0	344
0	63
0	196
0	137
0	98
5	109
1	8
0	74
0	94
9	188
4	791
5	264
81	920
2	923
0	203
0	852
1	892
1	900
0	891
0	901
0	857
0	891
1	901
0	761
39	892
0	883
0	891
0	862
0	931
0	290
0	207
0	814
0	44
13	689
0	6
0	1
0	6
0	1
0	6
0	1
0	1
12	1884
2	1839
1	1799
0	1783
2	1031
0	1643
11	1528
1	1287
0	177
2	990
3	57
0	160
1	580
4	512
7	394
1	124
0	33
0	121
0	0
0	0
4	4
0	8
0	8
0	131
4	135
0	130
0	136
0	91
1	5
0	7
337	7152
4	1519
20	2116
0	6479
17	175
8	31
104	86
14	917
0	1032
23	700
1	413
0	533
0	527
0	522
0	527
0	68
0	19
0	21
0	49
1	2
0	61
0	38
0	3
0	13
0	28
0	7
4	59
0	41
0	60
0	7
0	60
0	61
0	45
0	46
0	909
0	184
1	125
3	898
1	167
3	96
7	55
4	10
13	24
0	189
0	143
0	41
0	28
0	28
0	56
0	892
0	978
0	898
1	769
4	693
0	567
0	393
1	356
11	259
29	0
0	0
0	0
0	0
0	0
0	558
0	90
3	57
1	44
0	77
0	536
0	512
3	54
5	180
0	42
3	80
0	120
4	52
1	67
0	260
31	210
0	224
2	60
3	305
7	214
343	214
5	0
1	109
0	112
5	66
0	74
6	30
6	10
68	190
1	190
0	0
0	0
0	0
0	0
0	0
0	0
0	0
0	0
0	2
0	2
0	2
0	2
0	0
0	0
12	0
0	0
0	0
2	151
0	151
0	90
0	0
0	0
0	141
0	1567
0	1623
0	1665
0	1633
0	903
8	1437
9	1325
0	217
1	262
0	159
212	181
0	28
0	19
0	1163
0	1166
0	1184
0	1102
0	1185
0	1195
0	1102
35	731
0	956
0	963
0	1189
0	1187
0	1131
0	1170
0	1191
1	1166
0	1160
0	1164
0	1143
0	1170
0	1157
0	1107
0	1129
1	253
1	423
4	489
0	1120
0	1152
0	1045
0	1030
0	1124
0	1156
0	1158
0	1019
0	1126
0	1103
0	1206
0	1105
0	1156
0	467
0	540
0	1009
0	989
0	1191
0	1145
0	1168
0	544
0	544
0	1090
0	1078
1	1143
0	1093
0	1203
0	1117
1	884
0	971
0	922
0	97
25	364
0	237
0	144
0	16
0	59
0	996
0	309
0	646
0	154
0	315
0	134
0	364
0	371
0	364
18	295
0	363
4	373
1	400
38	436
0	451
0	166
0	295
4	650
1	439
4	72
1	423
0	61
2	300
3	444
0	479
0	71
0	72
0	166
0	244
4	390
2	366
0	357
1	292
0	200
0	0
0	0
0	0
0	0
0	0
0	0
0	0
0	0
0	0
0	0
0	0
0	0
0	0
0	0
0	0
0	0
0	0
7	988
13	498
0	988
0	478
0	528
0	527
0	504
0	515
0	494
0	485
0	529
0	463
0	380
0	445
0	483
1	440
0	528
0	475
0	535
0	480
0	442
0	512
0	520
0	360
0	481
0	447
0	480
0	333
0	449
0	481
0	417
0	420
0	392
0	488
0	261
0	450
0	518
0	147
0	518
0	491
0	403
0	467
0	456
0	448
0	471
0	462
0	564
0	277
0	281
0	218
0	0
1	1
0	71
0	57
0	91
1	41
0	583
0	1388
0	1387
72	1655
2	1608
0	1431
0	1600
0	1318
0	1599
0	1593
0	1431
0	1329
0	279
40	806
10	583
0	720
0	1537
0	857
2	1172
0	1149
5	1253
0	1272
1	110
0	679
0	798
2	327
0	748
0	288
10	40
4	682
0	409
0	294
0	319
5	387
0	53
2	192
13	104
1	34
19	1266
3	1260
0	287
3	51
0	77
0	80
0	11
2	41
0	76
408	175
0	176
0	18
0	16
0	0
12	46
0	41
1	0
0	0
0	12
2	14
0	3
0	2
0	11
0	8
0	8
0	7
0	38
0	30
0	4
0	3
0	3
0	4
0	4
18	212
0	52
10	212
0	2717
0	2633
0	2881
9	2822
0	2982
0	2675
0	2722
0	2704
0	2977
0	2893
0	2846
0	2043
2	743
0	2695
0	2455
0	3056
0	2922
0	2831
0	2951
1	2946
0	2894
4	2924
1	2915
19	2896
5	2913
0	2892
0	2935
0	2992
0	415
0	1128
0	437
22	770
0	696
943	2719
34	139
0	585
2	544
1	375
2	456
0	557
6	25
36	2288
0	0
0	0
778	27
0	27
196	1346
2	465
0	881
0	0
0	0
0	0
0	0
0	0
0	0
0	0
0	1
0	1
4	9
0	6
0	6
3	9
8	3
5	1
0	1
0	1275
1	410
20	1275
15	49
0	157
27	366
13	3
0	65
0	27
0	306
42	274
0	257
3	105
0	78
0	86
0	89
0	36
1	25
2	86
0	32
0	36
45	49
0	40
14	10
0	138
7	1555
0	1702
1	242
0	144
0	286
0	1676
0	61
0	194
0	204
0	224
0	15
0	503
1	258
1	96
61	507
0	493
20	447
0	383
5	361
0	265
1	220
61	250
2	106
9	82
13	22
0	22
688	416
0	38
1	356
0	16
129	2113
0	681
0	218
0	67
0	30
0	26
0	20
0	41
2	234
0	20
3	202
0	6
2	45
0	550
2	397
1	451
0	494
8	484
3	497
0	523
0	504
0	524
0	445
0	479
0	509
0	485
0	483
0	502
0	145
0	252
0	235
0	208
1	93
1	29
0	1
0	1
0	87
0	2042
0	1861
0	2719
0	1867
0	1853
0	2020
0	194
0	68
3	551
0	1626
0	138
5	32
2	147
3	96
0	2853
0	2522
0	2680
0	2774
0	1587
0	2760
0	766
0	807
19	607
0	714
0	524
0	110
8	114
0	59
0	99
0	86
0	74
1	11
1	0
435	68
0	16
4	52
7	447
15	295
7	249
0	314
0	125
1	293
1	219
16	190
33	43
0	109
1	33
0	72
0	71
0	76
0	77
2	37
2	47
24	42
0	30
0	26
0	15
0	9
0	9
0	11
0	4
0	8
1	4
0	1
171	0
11	71
0	94
76	131
1	73
19	0
12	76
0	0
0	0
0	0
1908	327
121	273
0	216
0	115
8	0
0	0
0	0
0	0
2	268
651	432
1	97
1	270
0	59
0	1
0	1
0	1
0	1
0	1
0	1
0	1
0	1
0	1
155	53
0	53
0	12
0	46
0	129
0	43
0	36
0	10
0	66
0	125
0	129
0	118
0	2
0	4
0	1
0	1
0	0
1	2
0	0
0	0
0	0
0	0
0	0
0	6
0	6
0	1
0	1
0	1
60	760
0	98
2	194
0	76
0	74
0	768
1	164
1	60
4	132
0	74
0	443
0	471
0	470
0	470
8	214
0	54
0	32
0	3
0	4
0	7
0	9
11	64
0	2
0	1
3	10
0	4
0	4
0	0
0	0
0	0
0	0
0	0
3	0
1	5
0	242
0	188
0	226
2	175
0	17
0	5
0	8
0	9
6	1
3	7
0	4
0	228
0	0
0	0
7	1197
5	1197
4	1189
0	1189
0	1189
0	1189
0	1
0	1
0	1
779	174
1	14
7	36
13	115
918	458
11	456
1	80
0	334
0	93
0	214
0	51
0	243
0	112
0	0
0	0
0	0
0	86
0	0
0	91
0	0
3	206
0	265
0	195
0	246
0	156
0	163
0	19
0	7
0	30
1	2293
0	2624
0	1941
4	1409
6	1816
0	1804
9	1233
1	1916
2	900
0	1815
0	564
3	379
10	249
1298	159
9	877
0	134
30	778
17	661
4	719
0	777
0	588
4	462
3	282
5	261
0	0
0	0
0	0
0	0
0	0
0	0
0	0
0	0
0	0
0	0
0	0
0	0
0	0
0	0
0	0
0	0
0	0
0	0
0	0
0	0
0	0
0	0
0	0
0	0
1	159
0	120
1	11
0	111
2	9
0	28
2	68
1	38
3	64
0	0
0	402
18	22
0	1293
0	843
1	1
0	25
0	20
0	11
0	272
0	427
0	50
0	24
0	8
1	2
0	24
0	33
0	19
5	138
0	12
3	16
1	3
0	38
0	973
99	286
0	48
4	88
0	135
2	29
0	288
2	31
8	3
39	127
12	1056
6	1056
7	28
1	45
1	5
1	2
375	0
0	3
0	3
0	2
0	1
0	3
0	1
0	609
27	38
0	602
0	594
0	4
0	590
0	541
0	616
1	55
0	70
5	57
0	286
17	342
0	92
0	101
0	156
0	46
2	12
4	3
2	85
0	0
0	0
0	0
37	1329
5	1307
0	883
0	882
0	208
0	188
15	186
0	139
6	18
0	0
0	4844
1	4907
0	1190
0	4367
2	1381
6	318
2	1325
3	847
2	1028
3	1277
32	743
1	0
0	0
887	200
11	200
61	0
0	0
0	0
0	0
0	0
0	0
446	42
10	36
13	468
0	412
0	514
0	103
0	174
10	203
0	522
0	61
2	519
0	58
8	171
0	522
9	46
7	72
2	45
3	99
8	94
1	15
5	84
0	271
1	271
0	272
0	14
0	2
0	81
0	61
0	79
0	255
0	254
0	81
0	1
0	1
0	0
0	0
0	16
0	37
0	77
0	267
20	1397
41	1397
16	482
1	412
1	132
31	393
63	363
76	160
27	127
10	176
1	302
1	158
61	27
0	21
5	10
0	186
0	2
2	32
0	134
0	26
0	15
0	26
5	197
0	28
2	91
3	5
1	37
0	64
0	0
0	0
0	10
0	0
0	13
0	0
0	10
0	97
0	97
0	2
0	11
0	5
0	10
1	9
0	9
0	10
0	10
0	10
0	9
0	0
2	42
0	0
0	0
1	0
1	0
0	0
0	0
0	0
0	0
0	13
0	23
2	29
0	19
1	19
0	12
0	476
58	262
0	508
4	52
7	479
3	410
26	204
1	1
0	1
2	4
0	2
0	1
0	0
0	0
0	0
0	0
0	0
0	1
314	156
7	175
0	173
1	91
1	61
1	181
0	668
158	1001
11	48
2	951
3	676
0	76
0	121
0	35
12	99
0	65
1	134
0	79
2	560
0	4
0	0
27	4
0	0
1	31
0	32
0	18
0	21
1	9
1	6
0	4
0	193
103	407
1	45
0	195
1	283
1	387
3	178
24	191
6	53
0	46
7	0
0	276
0	292
11	209
2	72
2	72
1	51
1	16
0	199
0	222
0	176
0	147
0	49
0	2256
1	1314
0	1438
12	1215
0	1403
0	1208
0	762
0	51
0	9
0	18
0	1
0	38
5	28
1	27
0	0
0	11
0	313
0	337
0	156
0	19
1	11
0	7
0	14
0	21
11	301
2	860
88	868
1	423
0	465
0	549
2	410
0	386
1	461
0	294
1	495
1	498
2	318
17	445
8	448
33	463
3	243
0	189
12	6
0	3
0	3
0	0
0	2
0	42
0	0
0	0
0	13
0	14
0	14
0	8
0	1
0	3
0	3
1	6
0	1
0	2
0	0
0	5
224	407
3	407
0	246
2	1
111	7
0	6
0	909
3	780
0	290
4	449
0	234
0	350
0	191
4	166
1	41
0	0
1	482
0	459
2	329
0	116
1	392
0	133
0	117
0	105
0	125
7	119
1	395
0	374
0	134
0	66
0	49
38	164
48	165
0	15
0	4
0	3
0	3
0	3
0	1
0	3
0	0
0	0
0	0
0	0
0	0
0	0
0	0
0	0
0	0
928	759
0	61
4	62
6	601
8	681
48	71
9	180
0	7
0	2
0	175
0	34
0	792
0	722
0	46
2	334
0	393
1	64
0	272
0	140
1	42
0	53
0	1109
0	984
3	637
0	845
0	778
4	1032
0	993
0	958
7	1111
0	1062
0	1092
0	1069
2	1093
15	1106
0	1148
0	1083
0	1049
0	1063
0	1122
0	596
0	1078
0	946
1	700
0	1029
0	1115
0	1078
5	366
26	474
0	954
0	759
0	1074
0	951
0	1035
0	1050
0	1043
0	1035
0	1044
0	1077
0	1024
0	882
0	1107
1	1052
0	1122
0	942
0	1094
0	1155
0	1127
0	81
0	73
0	1061
0	910
0	1048
0	1108
0	1035
0	1083
0	1076
0	931
0	828
0	24
1	188
0	211
0	271
0	116
0	142
2	424
33	214
0	230
3	230
5	164
0	111
0	10
0	100
0	38
0	3727
2	11334
8	12624
77	11073
8	12289
0	4648
0	12312
0	12733
2	1593
31	11547
5	11809
0	3237
0	3326
0	5932
1	4339
18	1072
8	6813
0	3392
1	404
0	91
0	432
0	201
0	410
0	61
0	7
0	184
0	297
0	398
0	399
0	430
0	431
0	444
0	128
0	167
0	164
0	90
2	0
0	241
4	173
0	78
46	19
0	14
14	6
5	10
86	4
0	5
23	2
0	113
0	68
0	67
0	62
0	570
0	590
0	88
2	246
443	576
0	55
0	55
0	379
1	75
14	176
0	1
0	1
0	1
0	1
0	0
0	1
0	1
0	1
0	1
0	0
0	0
0	0
0	0
0	0
0	0
0	0
0	0
26	368
0	467
1	369
0	446
29	466
27	164
0	659
4	168
12	528
8	217
0	402
13	377
0	438
6	94
0	153
0	0
13	0
0	0
0	0
0	0
0	54
13	32
0	22
0	30
0	28
0	42
1	45
0	978
0	997
0	29
1	42
0	1011
0	490
1	596
0	995
1	456
0	80
0	28
0	79
0	483
0	45
0	468
0	13
26	9
0	9
0	26
0	74
0	576
499	640
1	443
0	71
2	60
27	230
0	39
0	161
0	137
0	87
0	0
0	2
0	2
5	8
0	9
0	9
48	2527
0	2569
0	1480
0	1305
93	1476
0	50
0	407
0	374
0	289
0	294
0	192
0	108
0	103
0	59
0	48
0	41
0	23
2	18
0	6
0	31
1	1
0	25
0	35
0	0
0	0
10	24
0	1079
0	1003
10	238
0	962
0	1011
0	935
0	1023
1	1110
0	832
0	146
1	63
0	547
2	119
5	153
0	92
0	94
0	145
0	214
0	221
3	168
0	905
0	837
10	813
0	881
0	119
37	783
1	231
3	3
0	3
1	0
0	0
0	0
0	0
0	1
0	1
0	0
0	0
0	0
0	0
0	0
0	0
0	0
0	0
44	9
0	6
0	3
15	11
0	12
0	3
0	3
0	3
0	0
0	0
0	205
2	217
0	19
0	7
0	5
8	16
0	11
0	16
0	9
0	12
0	0
0	0
0	0
0	0
0	0
0	0
0	0
0	0
0	2
0	57
0	955
0	26
0	970
0	962
9	45
0	29
1	20
0	19
0	17
0	32
1	21
0	43
1	22
0	20
3	5
0	30
0	23
0	940
0	23
0	2
0	947
0	33
0	762
0	771
1	29
0	25
2	769
18	1030
363	1077
0	180
0	398
4	27
0	35
3	74
0	26
0	33
3	42
0	6
0	21
0	7
0	13
1	16
0	19
1	16
1	6
0	7
0	2
6	2
0	33
0	420
0	0
0	0
0	0
0	0
0	0
0	0
0	0
0	0
0	0
0	0
0	0
0	0
0	0
0	0
0	0
0	0
0	0
0	0
0	11
12	11
0	2
1	683
13	699
0	695
1	698
1	262
0	261
6	189
24	188
0	90
0	168
2	497
0	18
0	111
0	43
249	122
0	17
1	89
0	10
0	13
0	28
0	18
0	82
522	535
2	45
4	70
1	64
0	81
0	264
0	53
0	116
6	35
0	51
1	80
0	16
0	5
1	14
0	6
0	505
0	1256
0	1262
24	376
0	5
0	3
0	6
0	1258
0	621
2	1
0	1
0	3
0	3
0	2
1	2
0	2
0	2
0	0
0	0
0	0
5	39
3	45
4	1130
3	19
0	1127
0	314
0	286
0	312
0	312
0	309
1	0
0	313
0	313
0	318
0	328
0	241
0	318
0	344
0	326
0	330
0	282
0	333
0	339
0	60
0	237
0	262
0	309
0	314
1	295
0	336
0	332
0	300
0	341
0	60
0	10
0	16
0	50
0	290
0	332
0	61
0	70
3	326
0	21
0	330
0	48
0	323
0	323
0	320
0	59
0	46
0	319
0	258
0	39
0	208
2	0
228	0
0	428
0	74
1	408
0	404
8	43
16	90
0	42
1	29
0	0
0	0
0	0
0	0
0	0
1	1
0	53
5	39
0	120
0	126
0	319
0	98
0	387
3	86
0	379
3	142
0	384
3	41
0	20
2	73
0	0
0	9
1	8
0	8
0	9
0	9
0	8
7	411
1	20
2	34
0	324
0	386
3	355
0	96
0	319
5	245
0	386
1068	441
1	441
8	9848
147	9844
0	161
1	308
1	71
0	407
18	263
0	292
0	0
101	554
5	554
4	28
28	100
0	0
0	0
0	0
0	0
0	0
0	0
0	0
0	0
0	0
0	0
0	0
0	0
0	0
48	4973
226	4766
54	3838
0	2456
8	1721
101	1950
189	3789
0	3956
0	2185
0	1042
1	928
0	717
0	743
2	182
7	331
0	182
0	576
2	505
2	163
0	274
0	526
0	529
0	455
0	156
19	52
1	201
0	131
0	98
0	400
0	586
1	505
1	103
3	48
1	113
0	265
5	950
38	995
1	794
0	0
0	0
0	0
0	0
0	0
4	0
0	3
0	3
0	3
0	0
0	2
0	3
0	3
0	1
0	3
0	3
0	0
352	171
0	72
4	17
0	261
3	254
4	231
0	256
0	242
0	254
0	246
0	82
0	68
0	61
0	55
1	13
24	74
0	34
0	9
0	8
0	41
0	9
0	33
0	38
0	15
3	39
0	59
0	27
0	33
0	26
0	0
0	0
0	0
0	0
0	0
0	52
0	297
0	38
0	297
1	289
22	300
0	35
3	145
0	41
1	11
0	61
0	65
0	74
0	9
0	5
0	27
0	34
0	32
0	38
1	1
0	3
0	8
0	10
0	72
0	71
125	782
24	782
0	1176
0	1232
4	251
56	1181
1	92
2	0
17	124
35	175
4	337
29	306
10	156
0	230
0	45
0	215
0	6
0	99
0	136
0	91
0	45
0	9
0	4
0	1351
0	107
0	1363
0	300
42	1195
24	1240
0	188
0	852
10	2572
0	2572
0	497
1	224
15	329
1	276
3	64
1	253
9	319
1	274
8	9
2	95
0	0
0	34
0	34
4	148
1	525
554	954
0	0
3	312
2	869
0	2
3	309
0	0
1	371
0	362
1	95
2	1
0	560
0	560
7	161
0	362
1	21
14	428
6	211
0	400
0	26
0	74
0	6
0	15
3	0
1	14
1	14
0	4
0	344
0	376
1	80
1	345
0	259
1	103
0	78
0	55
0	66
79	15
0	15
0	636
0	547
2	18
305	628
5	51
4	21
1	340
0	617
0	45
0	448
16	492
0	74
1	500
0	62
0	294
0	128
0	305
0	156
11	180
18	76
0	171
0	347
0	66
28	105
17	11
0	2
0	10
0	1
0	0
0	0
0	0
0	340
0	114
0	160
12	219
0	68
0	139
1	129
0	130
7	105
6	76
2	869
6	736
0	872
0	840
1	120
3	1
1	222
0	197
7	146
0	153
0	87
2	0
0	2
5	509
0	56
0	35
0	20
0	20
0	3
23	8
583	126
0	118
11	1724
86	673
9	1118
3	499
0	270
0	303
0	433
0	230
20	241
1	673
0	1551
344	2
0	2
76	111
0	55
0	83
1	55
3	52
1	20
0	814
1	1446
0	1520
0	2970
21	2952
0	2970
0	1530
0	2895
2	245
63	656
0	116
1	0
3	1075
0	888
0	471
0	485
0	464
1	251
0	224
1	187
0	165
0	163
0	153
0	52
0	121
1	88
1	84
1	71
1	61
0	73
0	58
0	61
1	47
3	8
171	30
8	2
0	16
0	3
0	29
0	13
2	8
20	16
0	5
0	17
0	5
19	0
4	9
0	499
0	120
0	848
0	887
0	889
0	890
0	525
4	525
3	882
0	882
0	896
0	83
0	105
0	912
0	864
10	0
0	119
0	487
4	51
0	760
3	33
0	104
8	368
0	27
0	22
0	20
0	13
0	113
1	144
0	16
0	32
0	44
0	17
0	127
0	29
0	35
0	133
0	140
0	23
0	27
0	134
0	80
0	128
0	15
0	27
0	128
0	127
0	23
2	13
1	119
0	101
4	7
1	33
2	26
21	3
0	121
0	136
0	23
0	69
0	76
1	43
0	39
0	46
1	48
0	39
9	121
1	46
0	13
0	77
0	12
0	33
1	122
3	126
0	46
9	92
1	13
0	45
0	0
0	1
0	1
0	1
0	1
4	34
0	34
0	5
37	25
0	35
1	4
0	1
0	0
17	218
0	42
0	195
0	21
0	208
1	18
1	14
0	13
0	182
0	32
3	24
1	67
1	38
0	52
2	7
0	25
1	20
0	450
0	1624
56	1637
7	102
2	195
0	94
12	70
0	66
0	39
0	0
0	0
0	0
0	0
0	1
0	500
0	142
13	684
8	578
4	670
1	205
8	554
1	290
6	250
0	180
0	197
23	117
142	471
0	31
1	7
0	62
4	461
0	75
1	10
0	222
0	24
0	5
0	55
8	3
1	11
0	3
0	10
0	9
0	3
6	18
40	31
5	1
0	18
46	702
2	572
0	447
0	202
0	314
15	614
63	923
0	847
0	1114
0	557
0	496
1	27
6	500
100	721
3	1569
184	1870
48	1884
2	171
268	990
8	1265
0	525
1124	0
2	2
0	2
0	2
0	1
0	1
1	1
0	1
1	0
1	0
2	132
0	218
4	191
0	159
10	96
0	107
0	4
74	1268
2	932
12	0
7	237
6	429
2	46
0	435
0	235
1	1268
0	131
9	484
0	476
0	491
0	43
3	7
2	19
1	20
0	43
0	25
0	24
1	26
0	43
0	113
0	10
13	34
0	9
0	37
0	643
5	611
0	32
24	609
0	814
0	459
3	673
18	579
3	644
0	643
0	639
2	643
24	0
8	641
25	630
0	344
1	311
0	306
0	342
0	125
0	59
106	1768
0	38
7	1016
9	1749
2	1689
0	171
0	232
15	249
0	387
5	341
0	250
0	795
0	1148
0	1303
0	509
0	1207
3	405
0	22
0	713
0	1151
0	59
0	213
0	706
14	57
330	83
5	22
0	2
0	7
0	1343
0	1331
9	482
0	426
11	479
1	444
0	428
0	425
0	40
0	408
0	144
0	228
0	241
0	429
2	43
3	158
0	25
0	46
1	91
0	84
0	125
267	402
6	369
0	354
0	332
3	138
0	79
0	51
6	35
0	19
4	29
22	58
0	29
9	6642
27	7186
6	6872
44	6870
8	6868
34	3325
0	1870
0	1023
83	136
6	532
4	205
0	198
0	196
0	195
0	150
0	112
0	83
0	1170
0	0
0	1314
309	1387
0	1172
0	1227
1	57
21	0
275	132
0	136
0	136
0	129
0	9
449	304
0	304
3	21
11	63
0	0
0	0
0	0
0	0
0	0
0	0
0	0
0	0
0	0
0	0
0	0
0	826
3	661
51	672
5	88
0	0
0	85
0	85
4	94
0	87
1	89
0	92
0	92
0	83
0	83
0	3
0	3
0	2
0	4
0	2
0	0
0	0
1	0
0	0
0	0
0	0
0	0
0	0
0	0
0	0
0	0
0	0
0	0
0	0
0	0
0	0
32	379
4	373
0	97
0	96
0	81
0	45
3	30
0	11
2	10
0	0
0	123
0	127
1	126
0	123
11	3
3	3
0	64
0	291
0	437
57	66
0	402
2	161
0	25
1	84
0	91
0	37
0	54
0	123
0	1
0	9
1	8
0	8
10	2
0	2
633	352
51	366
17	76
0	0
0	0
0	0
0	0
0	0
0	0
0	0
0	0
0	0
0	0
0	0
0	0
0	0
0	0
0	0
0	0
0	1
0	1
0	0
0	20
0	0
0	0
0	1
0	0
0	50
1	50
2	4
0	44
3	88
0	22
0	42
0	16
66	66
0	33
1	17
0	17
1	132
0	117
0	131
0	292
0	249
0	253
4	226
0	162
0	161
0	158
9	132
0	112
1	116
1	113
1	52
0	53
1	49
0	276
1	847
0	1075
0	1144
0	1008
5	1057
7	523
11	303
0	748
52	386
0	336
0	74
13	54
10	208
0	209
0	69
1	185
0	88
0	19
0	73
0	54
0	48
0	47
0	29
0	26
0	22
1	0
1	0
0	3
1986	5
1	5
0	0
0	0
0	1273
0	1278
0	31
8	642
15	493
0	65
8	0
2	7
0	0
0	0
0	0
0	0
0	0
0	0
0	0
1	2
0	2
241	574
0	579
0	571
0	555
0	564
0	478
50	391
1	193
0	254
0	226
0	198
0	135
0	138
0	135
0	104
1	137
0	88
0	83
0	71
0	96
1	25
1	0
0	4
0	2
0	0
0	1
0	74
0	191
0	293
0	128
1	250
2	123
0	77
0	57
0	0
0	0
0	1
0	1
0	2
0	1
5	250
0	17
0	29
0	95
0	84
0	26
1	22
0	54
0	94
0	11
0	67
0	18
2	26
3	54
0	253
0	25
0	105
0	28
0	16
0	100
0	100
3	1
0	26
0	35
2	100
41	84
0	22
0	23
0	19
0	11
0	1
0	1
0	0
0	0
0	1
0	0
0	0
0	0
0	0
0	0
151	10
9	10
36	0
0	132
0	135
0	135
0	0
48	11882
839	12421
0	3955
3	3028
0	513
1120	53
58	27
0	9
0	18
0	8
62	762
1	763
12	290
1	747
0	289
0	747
1	680
2	250
0	251
0	1203
1	1357
0	1363
0	1369
0	1287
0	1333
0	1152
0	134
0	15
0	1348
0	1224
3	0
0	0
0	0
0	0
0	0
0	0
0	0
0	1
0	0
0	1
0	1
0	0
3	341
0	330
0	138
52	351
0	414
0	394
0	289
0	412
0	396
0	345
0	330
0	381
0	331
0	306
0	214
0	245
0	62
0	81
133	104
0	13
0	0
0	104
531	649
4	649
0	68
0	0
0	0
0	0
0	0
0	0
0	0
0	0
0	0
0	0
0	0
0	0
12	2316
1	19
0	16
6	104
7	233
0	2307
0	2306
420	289
0	46
23	288
26	296
0	296
0	414
0	238
0	86
0	80
18	55
0	28
0	310
93	61
0	43
0	36
1	15
0	15
0	5
0	15
0	49
0	37
3	24
3	0
0	0
0	0
1	0
0	338
0	609
1	501
1	472
0	1017
0	499
0	504
0	583
0	472
0	532
0	583
0	443
1	443
0	608
0	521
0	472
0	62
0	135
0	0
1	2
1	2
296	475
2	457
3	239
0	136
0	89
1	116
0	89
0	547
13	442
0	402
0	345
3	240
0	285
1	97
133	138
145	189
0	88
7	57
1	0
5	19
2	101
0	65
6	75
1	22
1	13
0	3
1	5
0	13
0	10
0	11
0	12
0	12
0	981
0	12
0	239
0	2
0	983
2	505
0	31
0	652
0	53
1	7
0	44
0	63
0	479
232	506
1	11
0	506
2	3389
2	3321
0	3828
8	1780
0	3831
163	3831
0	3346
62	3222
51	2892
2	915
0	0
0	2
0	0
1	2
0	1
0	1
0	1
0	0
0	0
0	1
0	0
0	0
0	0
0	0
0	1
0	0
0	0
0	0
0	0
0	0
75	133
0	90
0	82
0	51
0	82
0	50
0	10
0	5
0	10
0	10
0	21
0	15
0	5
0	5
0	6
1	4
0	0
0	4
0	0
0	3
0	121
0	0
0	2
0	2
0	0
0	0
0	0
0	0
0	0
0	0
0	0
0	0
0	0
0	0
0	0
0	0
0	0
0	0
0	0
0	0
0	0
0	0
0	0
0	0
0	0
0	1
0	0
0	0
0	0
0	0
0	1
0	0
0	0
0	0
0	0
749	1237
0	486
0	61
4	541
0	142
1	106
0	287
0	147
60	132
0	129
0	86
0	49
0	14
0	47
0	44
0	13
14	33
74	1
0	1
0	0
0	0
0	0
0	0
0	0
0	0
0	0
0	0
0	0
0	0
0	421
0	418
0	349
2	365
0	383
0	399
0	415
0	411
0	415
0	414
0	383
0	413
0	393
0	391
1	413
0	414
0	414
0	417
0	415
2	328
33	8
0	14
16	35
0	20
18	3
5	103
6	101
0	11
0	14
4	0
1860	1242
116	1242
3127	844
0	844
3	271
4	0
0	0
0	0
0	0
0	0
0	0
0	0
234	153
0	153
0	0
0	0
42	785
1	785
0	0
0	1
0	1
0	0
0	0
0	0
0	0
0	0
1	667
0	1212
0	1074
0	711
6	30
0	29
0	3
0	28
42	27
0	24
0	6
0	3
8	22
0	10
0	3
3	16
0	637
0	745
0	372
0	539
1	472
4	321
0	332
4	308
0	297
1	209
11	7
0	206
7	198
17	4
0	2
0	1
0	1
0	1
0	0
0	0
0	2
0	0
0	2
0	2
0	2
0	0
0	0
0	0
0	0
0	1
0	0
61	233
3	103
0	65
4	23
0	67
0	35
4	67
0	59
1	42
0	41
12	518
0	449
2	122
30	191
9	1259
0	1145
0	419
0	420
0	114
1	191
0	179
0	494
0	409
7	72
0	132
0	675
0	3
0	3
0	0
0	0
0	277
0	217
0	165
0	1158
0	136
0	169
0	181
0	1049
0	200
0	215
0	293
5	58
0	126
0	1154
0	1064
1	1066
0	458
6	0
4	838
0	840
0	839
0	154
2	437
0	126
155	1333
3	1271
0	540
9	326
0	215
4	248
0	395
0	0
0	0
0	0
0	0
0	0
0	0
0	0
0	0
0	0
0	0
13	91
2	10
326	96
1	41
3	19
1	6
3	0
0	5
43	736
0	699
0	536
0	18
0	92
1	214
0	214
0	37
0	40
0	37
0	55
0	52
0	50
0	40
0	39
0	1
0	0
182	363
0	184
0	165
0	322
0	427
1	323
12	383
10	357
0	80
0	83
0	45
19	1913
9	1493
0	851
6	120
1	583
1	2171
1	818
22	1902
14	21
0	0
0	794
7	674
1	569
7	282
5	758
1	1842
15	1808
7	1832
0	1293
2	76
0	120
3	315
44	1690
2	510
8	1434
10	525
0	136
0	283
0	283
0	283
0	312
0	269
0	183
0	294
0	99
0	327
0	326
0	180
0	241
0	284
0	253
1	299
0	268
0	129
0	180
0	265
1	278
0	170
2	160
0	809
0	872
0	49
0	344
0	204
0	851
0	762
0	54
1	13
0	8
0	137
0	11
0	32
0	103
0	107
0	304
0	270
0	731
0	55
0	232
0	236
0	80
0	30
0	99
0	71
0	160
0	8
1	8
0	187
2	201
0	156
0	199
3	174
0	94
13	52
0	64
0	85
0	109
0	111
0	109
0	57
1	84
0	109
2	10
0	4
0	10
0	11
0	43
1	25
0	4
0	35
1	72
0	75
2	2
1	20
1	71
0	75
0	60
0	1626
0	195
0	1628
7	264
4	109
7	65
0	252
3	131
10	98
46	162
0	20
0	24
168	32
0	25
0	10
0	19
2	19
5	1053
2	1241
0	1417
17	623
23	120
561	67
0	37
2	63
0	36
2	32
0	67
0	47
47	89
0	35
0	3
0	52
0	67
48	622
1	640
0	610
0	217
0	265
1	346
0	456
1	287
0	292
0	585
238	708
6	287
31	346
0	0
0	0
21	713
1	49
9	207
29	240
15	681
174	134
1	105
1	88
0	110
0	63
0	109
0	110
0	119
151	118
0	69
1	22
0	111
0	24
0	36
1	6
1	488
1	923
4	773
4	615
4	357
9	3
0	3
0	0
0	2
0	1
0	1
0	0
2	21
1	21
0	7
0	24
0	5
0	20
1	8
0	7
0	24
0	10
0	7
0	5
0	5
0	0
0	5
1	1
0	2
0	1
0	0
0	1
0	0
0	0
370	88
0	35
4	53
2	0
0	0
1	44
2	458
0	456
0	18
1	47
10	7
17	248
11	248
22	110
138	32
0	0
0	13624
0	13341
0	10369
0	13452
0	12436
184	13355
0	13447
0	12437
0	11983
0	10220
3	9209
1	9034
0	8841
0	5565
0	10941
0	14783
0	11076
0	8875
0	5341
2	5177
0	8302
1	3178
9	3395
0	4904
0	4084
1	3364
0	3404
0	3198
1	3921
1	1694
8	1535
1	337
0	399
17	204
9	247
0	140
0	18
0	5
0	43
0	1
0	0
0	1
0	0
0	0
0	0
0	1
0	3
27	425
100	425
0	912
0	890
0	911
4	43
0	833
0	907
0	833
0	27
0	673
2	165
1	606
0	591
0	510
0	67
8	48
3	64
0	96
0	23
0	85
17	69
1	87
0	113
0	55
5731	1292
0	1
0	0
0	1
0	0
0	0
0	1
0	0
0	0
351	1180
0	249
0	135
1	155
2	94
1	14
0	119
0	1003
1	62
0	85
0	88
0	85
0	85
2	87
0	86
0	2
0	2
0	744
0	727
0	648
0	695
0	695
0	645
0	30
0	68
3	547
0	11
0	99
0	157
0	156
0	68
0	112
0	135
0	101
0	175
0	134
0	87
0	151
0	147
0	148
3	130
0	130
0	110
0	88
0	93
0	43
14	55
43	0
0	57
0	60
0	61
1	62
0	10
0	30
0	27
0	26
0	7
0	1
0	56
1	27
0	17
0	106
19	71
1	71
12	741
0	746
0	401
0	68
0	4
65	570
3	463
1	231
0	78
0	220
15	201
3	117
0	432
1	633
20	495
0	528
0	265
0	118
0	0
363	134
1	134
3	108
0	122
0	0
6	1895
3	453
0	1973
0	311
0	661
0	498
4	263
3	89
2	385
210	362
0	342
3	346
0	29
0	22
0	34
0	26
1	15
17	0
1	120
1	321
0	14
12	0
0	13
6	30
0	51
0	52
0	66
19	116
0	301
0	311
1	316
0	313
0	77
0	95
0	103
0	139
0	5
0	80
0	79
0	82
0	76
1	83
2	82
0	84
0	76
0	4
0	43
0	18
3	223
0	207
0	16
1	200
0	13
0	58
0	23
0	3
0	29
0	33
0	11
0	194
0	194
0	199
0	4
3	435
0	571
0	788
0	822
0	886
6	685
12	503
3	663
0	484
8	61
0	134
0	133
0	253
0	180
0	274
0	323
0	285
1	291
0	279
0	302
0	261
0	227
0	78
0	44
1	80
0	32
0	789
0	792
2	592
0	805
0	789
0	568
0	568
0	36
0	614
1	618
0	39
0	1096
3	1087
15	1090
4	625
0	74
7	399
5	0
0	88
1	611
4	69
0	13
27	432
0	50
246	141
0	14
1	9
0	4
0	7
0	10
0	6
0	121
0	7
0	2807
1	7199
10	7314
0	7315
32	220
0	286
2	182
11	113
0	317
7	601
0	2101
0	192
89	101
0	28
0	159
0	3760
46	339
0	2520
1	2745
51	3000
0	3525
0	3663
0	676
0	1418
0	301
0	1345
1	3
0	254
0	0
0	0
0	644
0	0
0	0
0	0
0	0
1	275
3	1025
0	358
0	0
0	117
0	0
0	780
0	8
0	0
8	0
0	0
0	572
0	466
0	487
0	525
0	495
0	495
0	418
0	374
0	347
0	121
0	0
1	52
0	337
0	313
0	52
0	215
0	72
0	337
0	173
0	250
0	25
0	25
0	25
0	25
0	0
0	0
0	0
0	1
0	0
20	594
0	602
1	57
0	177
0	33
0	496
1	230
2	2374
0	619
227	2395
0	610
0	400
0	325
0	431
0	278
0	649
0	380
0	145
0	218
39	403
1	21
63	96
1	96
0	367
0	393
0	41
12	18
0	12
7	25
0	0
0	0
0	0
3	0
0	334
0	92
0	81
1	37
0	327
0	4
0	4
0	3
1	3
0	0
0	1
0	1
0	1
0	0
5	0
0	0
918	212
0	0
0	0
0	0
0	0
0	0
0	0
0	0
0	0
0	0
0	882
0	874
5	712
0	877
140	249
0	236
6	96
0	73
0	90
2	135
0	27
0	34
0	62
2	24
1	89
0	27
1	101
0	0
1	1
1	0
0	1
0	1560
0	1391
0	355
2	1560
0	277
0	333
1	292
0	533
8	29
16	1253
0	61
0	958
4	1200
0	1172
1	727
0	1024
1	60
9	25
3	198
0	83
6	333
0	510
7	389
2	486
0	488
0	319
5	495
0	441
0	495
2	274
0	158
2	258
0	0
146	636
57	235
7	215
0	230
0	163
2	97
0	204
2	0
0	0
0	0
0	0
0	0
0	0
0	0
0	0
0	0
0	0
0	0
0	119
53	1226
10	112
0	144
0	519
0	160
0	1186
0	286
0	286
0	256
2	209
8	369
3	131
0	1784
253	1941
5	707
2	521
11	173
13	198
17	295
0	4
2	1455
0	47
0	173
0	78
0	278
0	170
0	316
0	181
0	162
0	36
0	39
0	56
0	149
0	399
0	78
0	165
0	4
3	5
0	50
0	58
0	34
0	58
0	0
0	158
0	54
0	1
0	357
1	41
7	25
0	172
0	45
0	385
0	32
0	59
0	4
0	12
1	8
1	0
0	0
0	0
0	0
0	0
0	0
1	663
0	716
3	606
3	97
0	262
0	98
14	97
3	211
0	134
5	166
11	59
60	23
25	190
0	95
0	64
2	48
0	45
0	17
0	20
0	32
0	11
0	30
0	26
1	27
2	16
0	86
0	78
2	28
3	25
16	2148
9	55
0	2106
0	1985
0	208
17	72
11	118
0	105
10	78
9	537
16	526
0	123
1	374
4	214
0	525
0	88
0	32
1	0
4	315
0	529
0	520
62	177
1	42
0	88
0	75
0	56
0	84
0	74
0	49
2	1105
2	1131
2	1096
12	540
56	545
2	147
1	95
0	274
0	151
0	176
0	79
0	190
0	30
0	25
0	0
0	825
0	854
3	143
0	192
1	0
0	1104
4	1102
0	167
0	36
0	0
0	3
0	0
0	14
0	16
0	30
2	10
1	16
1	7
2	67
0	19
0	11
0	317
0	311
111	2799
0	91
0	119
0	91
0	895
0	0
0	0
0	1
0	1
0	1
0	1
0	0
0	0
0	1699
1	1696
0	1509
1	1521
11	1535
0	353
0	996
3	638
0	567
0	268
0	1
0	1
8	14
0	1
0	7
0	4
0	1
0	1
0	0
0	0
0	0
0	5
0	0
16	28
2	27
288	128
12	128
0	1
0	438
7	1314
0	1324
0	430
0	1369
0	437
0	839
15	619
0	0
5	180
0	171
1	0
0	501
0	49
5	268
2	506
28	15
0	20
1	27
0	72
0	113
0	98
2	0
131	79
8	61
1	34
4	538
1	112
1	330
1	531
27	691
2	113
2	427
7	383
0	90
1	87
1	34
3	57
0	35
0	32
0	83
4	45
1	99
9	21
5	58
1	311
11	353
4	363
0	774
0	774
0	727
0	771
1	771
1	750
0	722
0	700
0	642
0	710
0	759
0	711
0	687
0	701
1	760
0	738
1	685
0	708
0	721
0	602
0	371
1	360
0	299
0	146
0	142
0	52
0	1
0	0
0	0
0	1
0	1
0	1
0	1
0	0
0	0
0	979
2	40
0	438
0	71
0	57
1	37
0	596
20	344
2	40
0	899
0	321
0	15
2	45
29	59
0	232
0	27
0	45
0	50
76	316
14	34
10	42
5	0
0	10
1	11
0	11
0	1
0	11
0	11
0	11
0	11
0	11
0	11
0	11
0	11
0	4
0	8
0	2
0	0
1	0
0	0
0	0
0	0
0	0
0	0
0	0
0	0
0	0
0	0
0	0
0	0
0	0
0	21
0	55
1	49
0	28
3	59
6	16
0	9
2	882
6	913
0	45
2	17
2	104
20	92
0	10
0	290
2	268
0	272
0	32
23	91
0	91
0	13
0	9
0	10
0	7
0	1
0	1
0	1
0	1
0	0
58	674
1071	674
7	29
14	1725
0	2385
1	2509
43	887
0	2485
0	2074
4	2299
0	978
3	1124
0	1268
23	182
0	0
1	0
0	0
70	252
12	252
695	0
0	31
0	33
0	27
0	31
0	11
0	8
1	24
0	17
0	10
0	15
0	160
0	146
1	171
0	48
7	42
0	48
0	157
0	35
1	51
0	1029
0	154
0	50
0	55
0	1034
0	400
0	94
0	44
0	96
0	35
0	38
0	1023
0	131
0	1016
91	800
0	994
0	9
0	5
0	1
0	1
0	12
0	3
1	6
0	3
0	7
0	0
0	1
0	4
0	1
0	1
0	3
14	77
0	937
0	819
29	933
2	635
0	112
1	100
0	0
0	0
0	0
0	0
0	0
0	0
0	0
0	0
0	0
0	0
0	0
0	0
0	0
0	0
0	0
0	0
0	0
0	0
0	0
0	0
0	0
0	0
0	0
0	0
0	0
0	257
0	133
1	8
0	246
2	38
0	267
0	257
0	87
0	245
6	83
0	57
0	190
4	20
1229	431
58	431
107	55
12	19
0	3
1	10
0	42
0	20
1	20
647	498
2	323
0	560
0	343
2	45
0	44
5	19
0	119
2	54
0	47
0	52
0	52
1	0
801	3
0	383
2	234
0	53
8	263
19	11
8	32
3	47
5	12
4	19
772	511
0	145
1	152
0	176
1	127
2	113
49	90
0	1
0	1
0	1
0	1
0	1
0	0
2	0
6	0
409	1668
7	549
0	292
0	35
0	319
1	397
0	404
25	498
1	621
0	949
3	435
47	274
0	12
5	50
0	924
0	83
470	834
2	54
0	191
0	66
1	113
2	93
2	116
0	59
14	203
0	296
6	434
0	2
0	0
0	0
0	2260
0	2234
0	1031
0	444
0	1729
0	118
0	189
0	427
0	527
0	376
0	346
0	246
0	175
0	130
9	64
0	430
32	48
0	409
5	133
0	400
1	156
0	69
0	113
0	51
8	100
1	4
1	17
0	63
0	84
3	74
0	2
0	2
0	0
0	0
0	2
0	2
0	2
0	2
0	2
0	2
0	318
0	387
25	512
8	1407
22	1407
2	1090
0	0
0	0
0	0
170	299
0	293
1	13
0	39
4	10
1	0
0	0
0	2
0	2
0	1
0	0
0	0
0	1
0	0
0	0
2	4
1	4
0	1
0	1
0	0
0	0
83	0
6	57
2	38
0	38
0	7
0	58
1	61
0	60
0	33
15	1679
14	275
0	1854
0	1289
0	1657
0	707
23	1127
0	0
0	0
0	3
0	3
1	0
0	1
0	1
0	1
1	1
0	0
0	0
0	0
1	18
0	18
1	20
0	10
3	1
0	0
0	0
0	2
0	0
0	0
5	0
0	0
0	2
0	1
0	0
0	1
0	0
0	1
0	0
0	0
0	2
4	10
0	10
0	5
19	347
0	348
1	221
2	4
0	22
1	34
0	330
0	126
0	43
2	284
0	13
670	50
5	40
1	1610
186	1678
0	474
0	911
6	1551
3	7
21	1718
0	553
0	435
1	39
3	166
0	156
0	110
0	0
0	0
0	2
0	0
207	1283
57	18
5	101
6	1164
0	501
2550	1256
3	243
0	150
5	1
1	622
77	847
1	539
0	698
0	639
6	248
5	200
21	279
2	279
2	0
2	391
0	261
0	503
54	224
0	380
2	439
0	325
7	19
0	101
0	244
5	135
0	2
0	2
0	0
0	0
0	0
0	0
0	5
0	0
0	0
0	23
0	38
0	22
0	22
0	39
0	1
4	15
1	15
0	35
0	23
0	8
15	9
1	9
0	8
1	4
2	6
54	1005
0	1027
12	891
0	876
0	3
0	12
0	22
0	18
0	21
0	2
0	0
1	0
0	135
7	226
0	226
0	68
17	68
0	31
0	0
0	0
0	0
0	0
0	0
0	0
0	0
17	21
0	21
0	18
0	3
0	21
0	213
0	576
2	0
0	25
0	22
0	40
259	746
0	274
0	50
1	143
0	31
3	24
4	17
0	29
0	11
0	89
0	385
0	402
0	241
0	119
0	0
0	0
0	0
0	0
0	0
0	629
0	0
0	1
0	1
0	1
1	0
0	0
0	0
0	0
0	2423
0	2423
4	2451
0	2479
0	2509
4	0
1	21
19	122
2	111
34	29
177	292
0	231
0	218
0	17
2	0
0	14
0	135
0	17
0	127
0	79
0	25
0	63
0	70
0	96
0	65
0	30
0	57
0	127
2	176
5	165
0	92
0	117
0	173
0	45
0	29
0	93
0	23
0	65
0	55
0	155
0	19
0	70
0	79
0	70
0	2528
3	2412
19	4464
0	5839
0	4861
8	4432
0	4322
9	5501
6	3819
1	3893
0	2312
0	20
0	15
17	65
6	65
10	16
0	32
0	136
0	138
0	123
1	28
0	26
0	26
0	20
0	27
0	11
3	9
267	0
58	278
0	153
10	61
6	30
11	75
28	74
0	118
0	101
0	95
3	110
0	76
0	89
0	69
0	95
1	26
1	11
5	1
9	7
0	0
0	7
1591	2074
5	696
0	568
1	1900
0	233
1	533
0	465
5	242
50	189
0	564
0	1
0	1
0	1
0	1
0	1
0	1
0	1
0	1
0	1
214	593
0	516
0	41
0	34
1	43
0	0
0	0
0	0
0	0
0	136
2	1541
0	1321
0	492
10	1425
0	136
0	117
2	967
0	79
0	88
0	157
0	102
0	151
23	143
0	0
0	0
0	0
0	0
1125	3969
4	2745
0	2161
7	0
0	992
1	370
0	3519
1	385
0	273
0	1243
0	1592
1	498
0	866
7	383
0	156
0	966
5	3437
0	84
1	153
3	153
2	34
0	177
0	20
0	216
3	174
0	102
0	46
7	83
1	86
0	489
8	369
14	209
8	450
0	195
2	193
0	164
15	88
15	1820
0	1825
8	1797
0	1728
0	411
0	219
8	74
0	51
0	0
0	476
0	589
0	229
14	106
0	167
1	162
3	536
14	168
0	206
0	241
9	149
25	291
1	410
0	3
0	3
0	3
0	3
0	3
0	2
0	0
0	0
1143	80
0	61
0	68
0	158
0	158
0	13
0	13
18	158
1	436
21	809
2	793
0	426
7	44
21	0
2	149
6	713
0	659
28	714
0	649
0	635
1	588
0	608
4	354
1	713
0	1
0	1
0	1
18	195
1	19
0	192
118	433
97	149
0	228
0	135
0	193
0	157
1	124
2	1
0	19
1	19
0	18
0	9
1	157
0	54
0	0
9	7
1	0
0	7
0	1
0	422
222	422
17	60
0	56
0	60
0	13
0	14
0	61
1	5
0	47
0	17
0	30
4	5
0	15
5	42
0	8
1	16
0	2
0	3
0	3
0	2
2	9
0	3
0	6
0	4
1	7
1	187
0	529
0	495
0	488
0	500
0	312
0	201
0	207
0	198
2	182
0	164
0	141
0	104
0	163
0	115
0	97
0	151
0	117
0	147
0	119
0	113
0	116
0	73
0	100
0	159
0	154
0	147
0	117
0	118
0	112
0	143
0	50
0	142
0	34
0	127
0	131
0	101
0	154
0	149
0	109
0	68
0	125
0	90
0	131
0	141
0	89
0	89
0	79
4	46
0	41
0	42
0	15
0	482
123	510
1	51
0	38
6	206
0	110
0	139
1272	1841
45	563
16	1205
0	1227
6	2
1	1
0	10
0	3
0	10
0	0
0	0
0	1
0	0
0	1
0	1
0	2610
2	483
0	877
0	497
0	599
0	604
1	1807
18	2615
0	0
0	0
0	0
0	0
0	0
0	0
0	0
1	0
0	0
0	0
0	0
0	0
0	0
0	0
0	0
5	883
0	570
0	335
0	407
0	82
0	288
0	202
0	24
0	24
0	7
0	3
0	864
0	119
5	4
0	4
0	0
0	3
0	0
0	3
0	0
0	0
0	0
0	3
0	0
0	0
0	0
0	0
0	0
0	0
0	0
0	2
0	1
0	0
0	1
0	1
1	373
0	212
0	169
0	364
0	0
0	67
0	82
0	233
1	297
10	86
5	427
90	208
0	407
1	136
43	82
10	2
2	149
5	66
1	80
0	35
562	0
53	0
170	43
37	57
0	10
1	27
2	16
137	856
8	306
4	460
0	786
0	142
0	129
0	37
7	105
10	105
4	781
0	145
0	1010
25	891
0	716
69	562
0	190
0	200
0	147
0	197
1	44
63	81
0	81
0	1688
1	316
0	1409
3	1426
0	38
0	338
28	197
2	268
2	165
0	250
6	234
1	193
20	143
62	243
5	40
42	762
142	743
0	205
0	736
2	695
1	280
40	656
0	655
46	227
2	285
15	318
0	227
0	228
0	55
11	429
1	83
31	449
0	420
0	452
5	59
0	312
0	0
0	1
0	1
0	1
0	0
0	1
0	0
0	0
0	0
0	0
0	1
0	0
0	1
0	0
0	1
0	1
0	0
0	1045
15	291
265	1044
9	635
0	668
25	638
0	656
0	614
0	284
0	0
1	3
1	6
1	22
1	0
0	37
1	20
0	0
0	62
0	4
0	20
0	64
0	277
961	274
0	3
2	0
0	86
0	55
0	0
0	0
0	306
0	310
3	287
0	56
2	284
0	76
0	140
0	23
0	118
0	228
5	222
0	206
0	46
0	62
2	55
0	41
0	878
0	939
65	31
0	31
0	0
0	0
0	1
203	1794
2	1684
14	1344
0	325
2	34
0	4
0	6
139	30
0	9
6	21
0	0
0	0
0	0
0	0
0	0
0	0
0	0
3	0
0	0
0	379
7	413
0	45
0	44
0	45
0	25
0	7
1	26
0	23
0	19
0	411
0	402
0	162
17	125
0	815
11	758
0	562
33	124
1	475
1	217
3	219
0	186
1	164
11	9
0	5
0	5
0	4
0	10
0	0
0	0
0	0
0	0
0	0
0	0
0	0
3	1
0	6
0	0
0	0
0	0
0	2
4	108
0	117
0	19
0	62
0	117
0	70
3	82
0	94
0	8
0	3
1	21
0	16
0	78
0	0
0	0
0	164
0	169
0	161
0	142
1	31
0	123
0	118
0	59
0	5
4	13
1	78
0	31
1	8
0	32
0	4
4	5
0	5
0	0
0	19
0	0
6	19
0	1429
0	1419
0	1470
0	1416
0	1437
0	1441
39	1315
0	1239
3	454
0	395
0	346
1	176
0	66
478	5844
65	5640
12	1204
20	1097
26	320
31	1698
0	3249
9	490
265	0
0	0
0	0
0	0
0	0
0	327
1140	421
1	36
0	352
0	385
417	794
58	775
5	788
10	145
297	320
0	319
1	116
47	1114
3	373
0	1362
0	1322
0	1092
0	425
4	86
2	118
2	100
9	401
0	214
4	29
216	117
0	34
0	26
0	99
0	53
0	61
3	706
0	638
0	131
0	331
0	99
5	124
0	167
0	148
1	121
9	527
2	289
36	526
0	221
0	520
10	508
0	411
0	297
0	307
0	299
0	291
0	303
0	299
0	279
1	294
0	264
0	248
1	18
0	14
2	40
2	19
1	149
0	18
0	17
0	9
0	117
0	5
1	109
0	31
0	31
0	9
0	86
0	23
0	59
0	117
1	100
0	114
1	13
0	15
5	4
1	3
4	118
0	108
1	414
0	635
0	307
2	554
0	398
0	554
54	357
0	703
0	480
0	485
3	484
0	398
1	341
0	382
0	404
0	445
0	553
0	695
0	4
35	316
0	1338
0	1642
0	726
0	170
62	3
7	95
0	9
0	9
0	0
0	4
0	3
0	2
0	0
0	0
0	0
0	0
0	0
0	0
0	0
0	0
0	0
0	0
0	0
0	847
0	832
0	62
0	24
1	74
282	352
0	357
4	345
3	349
1	139
0	103
2	35
0	817
137	187
0	12
1	40
0	21
0	23
0	134
0	10
7	11
5	10
0	54
17	13
3150	449
0	449
82	21
0	21
0	324
0	301
0	470
1	273
0	337
0	431
0	441
0	328
0	395
0	324
0	423
0	199
0	407
0	1
0	1
0	1
0	3
0	6
1	8
0	0
0	0
0	0
0	0
4	23
33	811
16	616
19	195
0	184
6	135
0	1
0	0
0	1
0	0
0	1
0	0
0	1
0	0
0	0
0	0
0	0
1	4188
0	4239
0	2618
69	2793
0	3602
5	604
6	722
0	4183
0	603
0	0
0	0
0	0
9	0
0	0
0	0
0	0
0	62
0	49
93	64
0	38
0	1
0	1
5	54
0	11
0	46
0	47
0	10
5	3
0	43
3	5
1	0
0	0
0	1008
0	0
0	0
0	0
0	0
0	0
0	0
0	0
0	0
0	110
0	0
0	111
0	0
0	0
0	0
0	0
0	273
0	133
0	0
0	1002
0	1030
0	464
0	247
0	257
0	220
0	244
17	219
0	239
0	248
0	203
0	205
0	232
0	252
0	98
0	86
0	43
0	23
0	51
0	61
0	50
0	25
0	6
0	6
0	6
0	5
0	6
0	5
0	3
0	2
0	3
0	0
2	104
0	11
0	31
137	103
4	2
0	1
0	1
2	12
0	10
0	143
0	346
0	346
0	346
0	4
1	18
0	18
0	26
2	3
20	14
3	16
2	19
266	0
35	21
3	0
1	1424
0	1376
0	1139
0	1138
0	731
0	1021
0	1052
0	580
248	72
4	59
14	190
0	0
0	0
0	0
0	0
0	25
3	25
25	88
1	24
1	85
0	41
7	43
0	44
0	1
1	2
0	2
0	0
0	3
0	2
0	2
0	1
0	1
0	1
0	0
0	0
0	2
0	0
0	0
0	0
0	3
0	1
0	0
0	0
0	0
0	0
0	0
0	0
14	75
5	86
0	71
0	54
1	81
0	52
0	50
0	38
0	662
6	667
0	747
0	741
11	743
0	744
1	745
0	226
0	624
0	49
0	26
0	191
2	58
1	13
1	104
0	102
51	1429
1	0
0	1429
3	1
0	1227
1	1399
1	1429
1	184
0	218
7	1227
0	211
3	33
4	118
9	454
0	134
52	242
0	200
0	114
38	171
1	72
0	9
0	0
0	0
0	0
0	7
1	0
0	0
0	0
0	0
0	0
0	8
0	10
0	809
1	873
0	863
0	250
2	189
0	199
15	134
6	196
3	126
0	165
2	116
0	100
0	79
9	39
0	46
0	34
0	51
0	42
1	47
0	42
0	33
0	17
0	17
4	2
1	5
0	254
0	254
0	34
5	94
0	2
3	0
1	0
0	92
4	2322
0	2463
0	2347
0	540
0	2294
1	1111
4	243
0	465
47	1900
353	1389
32	972
0	378
8	381
0	221
5	42
18	44
3	1
5	93
0	48
0	380
24	849
0	13
0	804
0	2577
31	2292
0	1228
0	986
0	988
0	362
0	218
0	194
0	157
15	172
5	17
0	2520
0	2509
3	0
0	0
4890	0
0	22
11	22
9	92
0	92
0	85
0	59
0	58
0	11
0	37
2	0
0	0
2	172
1	155
0	8
25	140
0	52
0	54
0	107
1	45
1	49
0	46
0	40
347	298
0	0
0	0
0	13
1	16
0	88
0	0
0	0
0	0
0	13
0	0
0	13
0	84
1	84
0	84
0	184
0	127
0	170
0	170
0	154
13	970
0	956
0	66
1	897
0	1027
0	1026
0	102
0	972
0	977
0	933
0	877
0	960
0	927
0	928
0	966
2	909
1	935
0	192
1	995
0	945
0	126
0	936
0	948
0	106
0	843
0	809
1	676
0	681
0	889
9	104
0	135
637	0
0	1
0	1
0	1
0	1
0	1
0	0
0	0
0	0
0	110
0	109
0	109
0	109
0	109
12	752
0	754
0	715
0	622
0	714
0	733
0	732
0	622
0	627
4	779
0	599
1	574
0	0
1	629
48	8
2	343
0	344
0	317
0	236
0	253
28	251
0	253
0	248
0	246
0	157
0	19
1	10
7	12
2	12
1	14
0	23
0	20
0	11
0	4
1	3
1	3
1	14
32	0
23	21
0	18
0	18
0	17
0	13
2	1
0	0
3	259
0	175
4	252
0	841
23	75
0	264
0	187
0	154
0	32
0	823
1	196
0	49
17	100
62	93
0	61
0	489
0	30
3	356
0	479
0	489
34	238
0	181
0	238
3	237
0	126
0	47
0	49
0	61
0	43
0	43
0	39
0	33
0	23
0	28
0	28
0	26
0	21
0	17
0	15
0	12
0	0
0	358
0	358
0	263
0	735
0	763
0	1861
0	1832
0	1725
8	1094
0	1852
0	1758
0	1854
0	1794
0	1677
0	1738
0	1703
0	1806
0	1732
0	1829
0	1803
0	1766
0	1678
0	1763
0	1721
1	1466
0	1720
0	1685
0	1714
3	1754
0	1758
0	248
1	307
0	71
0	1260
0	984
0	828
0	924
5	345
0	258
3	9
0	174
0	177
0	177
1	177
8	156
1	36
4	33
0	110
0	33
0	28
0	32
0	36
0	36
0	33
1	4
0	26
0	8
1	2
0	6
0	9
0	8
0	8
0	5
110	199
0	198
0	29
0	26
1	26
0	0
0	0
0	0
0	0
3	2763
0	562
0	498
0	215
45	2782
1	108
0	242
4	342
0	421
1	294
0	377
0	348
0	1151
0	2692
0	3038
0	274
0	562
0	104
0	9
1	6
0	324
1	575
2	128
0	117
0	77
1	669
14	199
0	609
49	563
0	635
13	296
44	456
0	430
0	459
32	99
0	17
0	11
1	22
0	6
0	58
0	25489
8	25494
0	24291
1	10558
0	24412
0	24334
0	26000
0	8928
0	23749
0	25465
0	24499
6	24537
0	18689
8	13059
0	11160
0	5669
0	3310
0	3818
0	3015
0	2250
1	2081
1	1461
1	2
0	1135
0	1182
0	618
0	1139
0	1099
1	599
0	467
0	70
0	73
0	195
19	30
0	5
0	24
0	26
0	19
0	6
0	6
0	10
1	8
0	6
0	8
14	235
7	241
35	390
0	162
0	722
0	35
1	649
0	613
0	540
2	52
0	707
0	713
0	47
0	742
0	663
0	681
0	4
3	722
0	25
13	723
0	38
6	43
0	109
0	154
80	202
0	37
0	171
0	16
0	0
0	0
0	0
104	942
0	342
0	939
1	265
0	2
0	17
0	37
0	183
0	180
0	235
0	179
0	18
0	21
0	780
2	525
5	172
6	556
0	780
0	432
608	142
3	29
1	131
0	14
0	14
0	14
0	456
28	17
1	17
0	452
0	355
0	209
0	76
0	504
0	404
0	478
2	453
4	45
0	493
0	365
0	446
0	467
0	465
0	465
0	466
0	466
0	457
0	477
0	45
0	131
0	399
0	115
0	300
0	464
0	458
0	383
0	145
0	231
0	224
0	107
0	458
0	282
0	77
0	445
0	405
6	78
0	32
0	295
0	112
0	481
0	427
0	400
0	66
138	2
13	166
0	420
0	395
0	347
0	149
0	90
0	368
0	25
0	64
0	314
0	141
0	61
12	18
0	18
0	29
0	9
0	266
12	82
0	273
0	41
0	252
0	333
0	82
0	321
0	302
0	302
0	299
0	280
0	289
0	299
0	211
0	61
0	50
0	263
0	46
0	260
0	21
0	229
0	133
4	251
0	36
3	233
0	29
5	201
0	152
0	107
0	675
1	273
0	267
1	115
5	157
0	227
0	282
0	0
0	34
0	43
8	2063
15	2063
0	1912
2	1955
0	934
4	665
12	178
1	153
0	382
86	324
17	52
0	14
0	14
0	14
0	13
0	8
1	7
0	5
0	1
0	3
1	3
0	3
0	0
11	873
0	864
0	574
0	837
0	381
0	421
2	17
0	127
0	39
0	51
0	61
0	13
0	867
0	576
680	0
2	1
0	0
0	1
0	1
0	0
0	0
10272	3061
0	467
33	862
2	911
0	821
0	0
59	0
0	1
0	1
227	123
4	123
563	1600
0	304
3	269
0	318
6	1546
0	0
0	0
0	0
0	0
0	679
0	938
0	986
0	937
1	894
0	914
0	972
13	347
0	938
0	890
1	554
0	883
0	506
0	749
0	730
0	967
0	919
0	957
0	1024
0	953
0	980
0	975
0	944
0	843
0	916
1	919
0	482
0	325
0	413
0	108
0	379
0	17
0	61
0	312
0	356
0	352
0	126
0	0
0	23
0	0
0	23
1	3
1	23
0	0
0	3
0	63
0	0
0	14
0	12
0	62
4	9
0	0
0	6
0	3
1	3
0	0
0	59
0	505
5	511
2	583
9	84
33	367
0	202
0	389
30	306
6	107
1	83
0	184
4	125
0	86
0	510
0	44
0	50
0	63
4	27
0	4
0	64
0	0
0	0
1	0
0	0
0	0
0	0
0	0
0	623
0	286
0	623
0	623
0	604
0	445
0	68
8	11
5	0
0	0
70	636
0	674
2	336
1	372
0	252
11	1
12	96
0	83
2	45
1	584
0	57
2	21
948	584
0	0
0	81
0	492
0	492
0	443
0	460
1	347
0	239
20	191
0	0
0	0
0	492
0	1
0	0
0	0
1	0
0	1
0	0
0	0
2	33
0	33
0	26
0	17
31	782
1	51
2	875
1	872
0	594
50	418
2	164
0	606
0	396
0	27
1	548
0	104
1	14
0	58
0	0
0	0
0	0
0	0
0	0
0	0
0	0
0	0
0	0
0	0
0	0
0	0
0	0
0	0
0	0
0	0
46	1616
0	283
1	0
2	4
0	130
0	1616
0	1456
0	17
12	604
0	663
3	631
22	453
0	710
2	262
1	429
0	276
1	158
5	76
5	73
8	358
0	223
1	33
0	68
12	46
0	48
0	25
0	364
0	24
5	323
0	580
15	581
0	427
2	72
0	0
0	97
0	67
0	0
29	602
0	725
1	663
1	26
1	70
0	665
0	121
15	0
0	106
0	40
0	25
1	51
472	527
11	32
0	66
2	29
0	58
0	96
0	376
5	60
2	81
0	63
0	9
0	9
0	9
0	1
0	51
0	53
0	8
0	51
0	344
0	433
0	915
0	897
0	871
0	876
1	914
0	22
0	133
0	84
0	83
0	207
0	0
0	0
0	0
0	0
0	0
1	637
829	637
11	352
0	352
1	112
0	262
0	957
0	967
5	47
0	206
1	56
4	121
0	151
1	65
2	141
1	105
0	75
1	74
0	71
0	57
1	15
22	25
0	49
0	44
0	66
8	51
0	55
0	62
0	30
0	17
0	33
0	7
0	21
0	15
2	17
0	276
31	760
0	682
0	69
0	324
0	96
0	132
3	58
0	0
0	0
0	0
0	17
4	96
0	321
0	321
0	100
0	27
1	312
0	312
0	110
0	93
7	58
11	12
0	100
1	616
58	2955
20	2365
0	1543
1	1931
1	854
32	760
572	829
7	110
0	45
0	32
10	437
14	65
9	56
0	334
0	112
0	325
0	288
0	101
0	211
0	1292
58	1632
17	250
25	552
0	42
339	0
0	978
0	978
96	978
0	978
26	238
2	1050
0	1120
32	401
60	553
0	1159
0	182
0	129
0	13
0	11
0	52
1	134
2	163
0	123
5	71
15	21
125	75
0	69
0	6
848	22
0	22
0	143
0	12
0	134
1	39
0	1268
0	1162
0	1287
0	1280
1	86
1	1214
0	50
0	78
2	1195
0	1149
0	66
0	36
0	69
0	121
0	119
0	722
0	384
1	72
0	59
0	1278
0	18
2	18
0	51
0	79
1	0
3	55
0	1269
0	175
0	13
0	111
0	126
6	29
112	131
3	140
14	700
3	427
0	164
20	528
0	914
0	871
0	915
0	897
0	209
0	79
0	414
0	176
0	1
0	1
1	5
0	0
0	28
235	54
0	41
0	9
0	2
0	1
0	2
3	331
0	536
0	1184
1	253
8	314
1	1027
0	4
0	17
0	947
0	40
0	69
0	62
0	0
0	0
0	0
0	0
2	558
1	205
26	192
0	188
0	165
3	34
2	54
0	187
0	411
82	411
2	393
6	273
0	111
0	118
0	22
0	0
0	0
0	0
0	0
0	0
0	0
0	0
0	0
1	121
0	553
6	621
12	367
0	34
17	337
2	591
0	658
0	17
1	52
0	300
0	195
0	148
0	148
0	519
0	465
0	474
0	94
0	50
0	54
0	53
0	52
0	1
0	30
0	0
1	50
0	134
21	291
3	26
0	266
7	261
0	23
0	23
1	9
0	6
0	6
0	3
0	1
0	1
0	53
0	764
28	398
2	401
0	318
3	372
0	772
0	0
0	47
1	75
0	94
0	143
0	29
7	2
0	65
0	89
0	58
9	10
1	21
0	470
0	44
0	463
0	435
11	490
0	479
53	438
7	268
0	268
64	1200
0	1200
49	4
92	868
0	839
0	445
9	305
0	253
0	57
0	75
0	1
0	0
11	925
15	761
0	737
5	208
1	581
0	77
0	77
0	2
0	125
8	91
1	130
0	67
0	75
0	67
0	58
0	37
0	33
0	24
0	18
1	19
0	4
0	6
5	0
11	2
0	2
0	0
0	152
0	13
0	14
0	4
0	7
0	7
0	5
0	11
0	5
0	0
0	146
1	185
0	88
68	35
0	35
0	188
0	192
6	52
0	56
0	56
1	6
1	23
0	45
0	80
0	69
0	26
0	12
0	19
1	10
0	7
0	19
0	0
0	0
0	0
0	0
0	1
0	0
0	1
1	0
0	0
0	0
0	54
0	0
0	0
575	33
2	33
0	2281
0	2300
0	45
0	43
1	2122
33	2218
0	2286
0	2265
1	2300
0	2246
0	2236
0	2278
0	2185
0	2220
1	2271
0	2287
0	2332
1	2299
1	2262
0	2299
0	2206
12	437
0	2260
0	2260
8	244
0	1286
4	2242
0	2066
0	0
0	0
0	0
0	7
0	8
2	7
0	7
1	6
1	55
0	55
0	55
0	56
0	7
0	7
0	7
0	7
1	65
0	134
0	123
0	40
0	32
0	67
0	122
0	71
0	100
0	71
0	109
0	95
0	77
0	101
1	55
0	78
0	29
0	187
0	13
0	152
0	0
0	53
0	46
0	80
0	74
5	1539
0	132
0	189
0	17
0	17
0	146
0	0
0	5
0	0
0	108
40	169
0	134
8	177
0	0
1	101
0	92
1	61
0	100
0	150
0	47
0	131
0	9
0	21
0	155
0	200
0	0
0	0
0	172
0	171
0	171
2	747
0	124
0	155
0	104
0	48
0	25
0	89
0	5
0	0
0	0
0	0
0	38
0	105
0	111
0	183
3	353
0	9
0	9
0	236
7	0
0	41
0	158
3	16
24	161
0	43
4	27
4	38
48	28
0	32
0	35
0	8
0	19
0	0
0	0
0	0
0	0
26	1897
0	164
0	105
1	9
0	1874
2	1897
8	207
75	556
10	598
2	467
80	506
0	559
0	441
0	215
0	124
0	56
0	54
0	54
0	0
23	69
4	68
0	69
1	367
1	390
0	145
2	151
0	20
1	338
0	5
21	91
4	90
5	0
1	0
1	38
0	8
0	30
9	2
0	0
0	97
0	97
0	0
0	0
0	0
0	0
0	0
0	0
0	0
0	0
0	0
0	0
0	0
0	0
0	0
0	0
0	0
0	0
0	0
0	0
0	0
0	0
0	0
0	665
13	654
0	232
2	466
1	92
1	59
32	172
3	75
0	93
9	92
1	36
0	33
3	19
0	12
0	0
0	0
0	12
12	407
0	39
112	610
4	176
0	122
0	64
0	244
1	26
0	923
2	99
0	157
0	1277
0	191
5	257
0	159
0	847
0	887
0	785
0	1031
0	1203
0	1111
0	128
0	280
0	1141
1	138
0	112
18	1042
0	219
0	135
9	333
7	415
0	655
0	636
2	648
0	0
0	0
0	0
0	0
1	889
142	889
0	6
0	2
0	6
0	4
0	6
0	7
0	7
0	1
0	0
0	0
0	6
0	7
0	2
0	6
0	2
0	2
0	0
0	0
0	120
2	3
1	0
0	0
0	1
0	2
1	5
0	40
0	40
0	30
0	10
0	2
0	37
1	0
0	2
0	10
3	28
0	0
0	0
0	0
0	0
1	599
2	1024
0	84
0	1069
2	263
0	611
0	298
0	102
0	723
78	311
0	1025
0	98
2	134
0	100
0	253
91	208
1	0
0	0
0	0
0	0
0	0
0	0
2	60
0	53
0	51
1	68
0	75
0	73
0	59
0	48
0	20
0	27
0	4
0	25
10	16
0	24
0	21
0	5
0	5
0	10
0	16
0	17
4	16
0	0
0	0
0	0
0	0
0	3
0	0
0	0
0	0
0	0
0	0
0	0
0	3
0	3
0	0
0	0
0	0
0	0
0	0
1	617
0	558
0	4454
1	3389
102	3808
0	4022
0	3781
1	3661
0	3676
9	2465
1	2739
0	2449
1	2074
0	1914
0	624
0	1089
0	1375
0	1028
17	706
0	1124
4	90
0	690
0	763
0	757
0	735
0	902
0	0
0	0
0	4027
0	26
753	105
0	108
0	1
0	31
0	20
0	203
0	26
0	24
0	22
24	750
1	663
0	228
0	88
0	141
2	156
6	290
1	397
3	1149
0	1108
0	502
0	40
0	48
0	27
0	16
3	41
38	48
25	4
2	2003
0	489
13	773
1	1463
2	1019
0	1212
15	925
1	767
39	210
0	661
1	761
47	452
0	503
3	255
9	18
0	323
0	349
0	250
0	188
2	28
0	37
0	16
8	31
4	0
9	27
0	299
0	292
24	396
120	396
0	0
0	0
0	0
0	0
0	0
0	7
1	23
0	20
2	13
0	2
0	5
0	17
0	4
0	3
0	7
0	1
1	4
0	4
2	15
0	5
0	12
0	9
0	9
0	7
0	1
506	368
0	281
90	100
76	64
0	1
0	0
0	1
0	1
0	0
0	0
0	0
0	0
0	1
1	0
0	0
0	108
1	82
1	528
34	1
6	528
0	59
8	20
8	23
1	125
0	12
0	12
0	12
0	12
662	889
1	178
2	71
53	646
3	11
1	88
1226	0
4	1216
0	1101
0	1028
0	999
2	218
65	969
5	471
0	976
0	1180
0	979
0	84
2	62
6	145
3	28
0	140
0	134
0	202
0	88
2	104
0	30
0	1060
0	80
4	62
2	63
0	48
0	14
0	8
4	47
0	34
0	8
0	21
0	9
0	13
0	103
51	335
277	628
236	402
0	149
0	549
7	66
4	96
1	97
2	45
0	69
9	27
6	3
0	46
206	0
1	2615
8	3161
60	3000
6	4534
1	4435
0	4929
0	4738
0	4714
0	4772
0	4809
0	4705
0	5117
1	4829
2	4810
0	4824
0	4919
3	4658
0	4759
2	2836
0	4280
0	3970
0	662
0	2502
13	597
3	225
51	1571
0	1470
0	1360
0	1412
0	861
4	566
0	2807
0	663
0	291
0	939
0	258
18	634
9	936
74	858
14	95
1	454
3	69
12	330
0	104
0	14
0	42
0	568
0	93
0	182
0	709
1	379
11	532
3	130
0	54
0	106
7	548
0	313
0	15
0	15
0	1
0	3
0	2
0	3
0	2
0	1
0	1
0	52
0	16
0	222
0	111
0	422
757	561
0	242
0	162
1	77
6	511
4	115
9	6
1	73
0	76
0	413
134	455
0	401
0	118
0	170
0	39
0	42
0	34
0	30
0	41
0	29
2	29
2	13
6	8
0	2324
0	1480
25	517
2	530
0	1319
1	1072
0	709
0	1177
2	1060
0	1029
8	1050
18	850
0	789
0	472
4	0
0	0
0	1
0	0
0	0
0	204
0	509
19	186
0	453
3	142
1	184
1	412
0	373
0	132
0	207
6	194
0	174
10	131
4	120
0	826
0	823
2	1545
57	1547
5	136
0	0
0	0
1	0
0	0
0	0
0	0
0	0
0	0
0	0
0	233
0	190
496	1169
1	237
0	121
1	1095
1	106
0	311
4	120
0	220
0	14
0	268
0	257
0	0
0	0
0	2
0	0
2	2
0	0
0	0
254	746
8	746
0	11
0	11
0	10
0	10
0	10
0	8
0	8
0	7
0	5
0	0
0	3
0	2
0	2
0	4
0	2
0	1
0	0
0	2
0	0
1	437
8	853
24	1010
1	422
10	46
4	802
9	305
14	668
0	792
0	341
2	437
1	362
2	220
0	521
4	419
6	234
8	283
2	149
20	1230
0	1230
1	20
0	125
1	5
0	48
0	32
0	93
1	92
129	320
41	35
60	287
110	1669
100	1540
0	1600
0	1529
0	1254
0	1245
2	786
0	38
0	41
1	41
0	7
3	5
1	4
3	0
0	0
2	289
0	42
0	207
0	97
0	38
0	308
0	62
0	270
0	241
0	165
0	1
22	398
8	96
2	59
0	38
1	6
0	103
43	24
0	110
28	30
0	67
3	119
0	65
1	59
1	57
0	110
14	0
0	7
0	10
0	104
0	0
0	0
2	203
1	160
0	96
0	35
0	50
1	66
0	37
2	37
0	375
1	45
3	11
0	375
333	0
3	57
1	43
0	41
0	39
0	11
0	8
7	20
0	13
0	145
145	151
0	81
0	41
0	44
17	76
0	38
7	144
0	197
0	239
0	295
0	293
0	284
0	210
0	231
0	222
0	231
0	219
3	224
0	185
13	136
0	45
0	97
0	0
4	132
0	96
0	0
0	1
0	0
0	0
0	0
0	0
0	0
0	0
0	0
1	181
3	162
0	137
0	74
0	48
0	71
1	12
0	0
0	0
0	0
0	0
0	0
0	0
0	0
0	8
6	24
1	203
0	16
0	206
0	0
0	0
0	0
0	0
0	0
0	0
0	0
0	0
0	0
0	0
0	0
2	233
0	154
5	224
9	4
0	107
2	15
0	40
3	230
4	230
8	225
0	0
0	0
0	0
0	0
0	487
0	71
0	67
0	35
4	316
1	476
0	585
1	344
0	398
1	530
12	277
0	342
0	50
0	1000
0	1721
20	1534
0	1721
14	581
1	125
0	81
0	235
0	412
0	353
0	393
0	49
0	481
1	206
0	206
1	450
0	201
0	190
0	233
0	236
245	19
2	19
0	1
10	1
0	0
0	0
0	0
0	0
0	112
0	84
1	94
0	60
1	28
0	93
0	112
0	14
0	5
0	4
0	3
0	6
3	31
0	7
0	10
0	3
3	430
1	432
0	28
0	73
0	53
0	97
0	359
2	426
0	384
0	98
0	133
0	147
0	55
8	43
4	121
6	82
1	44
2	91
0	447
0	412
0	38
0	39
6	32
0	27
0	38
0	22
0	1
0	0
0	0
0	0
0	181
3	187
1	84
0	81
0	64
58	105
0	102
1	13
0	393
0	1013
0	5
0	124
0	24
0	113
0	14
0	985
5	970
0	117
0	123
1	107
0	101
0	6
0	6
0	8
0	0
0	0
0	0
0	0
0	0
0	7
0	0
0	0
0	0
0	0
0	8
0	9
0	8
0	3
0	9
0	9
2	103
1	401
0	108
0	188
383	664
0	114
0	130
0	89
184	37
1	36
9	44
24	137
0	15
0	16
0	150
1	8
0	14
0	2
57	52
0	43
2	20
0	9
0	7
0	9
3	422
0	331
0	418
29	422
0	0
0	0
0	0
3	0
0	0
0	0
0	0
0	0
0	0
0	0
0	0
0	0
0	0
0	0
0	0
0	126
0	66
2	126
0	8
0	44
1	44
2	7
0	4
0	0
0	4
0	3
0	0
0	0
0	263
0	257
0	263
0	259
0	263
0	208
0	179
0	133
1	140
0	17
0	14
0	17
0	20
0	11
0	19
0	9
1	0
5	3
1	7
0	5
9	0
0	0
0	425
0	453
0	430
0	71
3	288
29	481
3	458
0	75
0	21
24	116
1	61
2	117
2	0
0	90
2	88
5	85
0	62
1	59
0	63
46	25
0	116
0	114
2	46
2	90
0	19
0	3
0	10
2	67
0	41
0	19
3	20
2	9
3	3
0	13
0	14
1	12
0	2
0	10
0	1
0	3
0	2
0	529
0	352
0	529
0	965
0	959
0	743
0	1087
6	530
0	959
0	965
0	264
0	954
1	678
0	2000
0	1985
1	1959
0	1943
1	1973
4	1732
2	889
0	915
0	701
0	556
0	492
0	355
0	196
0	163
0	151
1	657
0	96
1	568
0	656
0	659
0	681
0	664
0	644
0	664
0	675
2	659
0	595
1	635
0	655
0	646
0	636
0	540
0	563
0	477
0	206
0	174
0	68
0	87
4	75
3	8
10	230
148	230
0	14
1	27
0	33
0	40
0	3
0	0
0	6
0	40
0	6
1	13
0	2
0	6
0	6
0	26
0	27
0	0
0	0
0	0
0	0
0	0
0	0
9	5
0	0
0	0
0	436
1	452
1	459
0	137
3	147
2	179
0	102
0	88
2	73
11	62
2	63
3	265
4	237
1	86
0	11
0	38
0	11
0	31
4	0
0	1
0	1
0	0
0	1
0	0
0	0
0	0
0	169
0	51
1	42
0	1
0	0
0	0
0	1
0	62
0	280
13	279
51	150
0	95
0	27
620	104
3	106
1	92
0	6
2	3
0	6
0	3
0	0
1	248
2	249
0	9
27	11
0	260
0	80
0	609
0	323
0	629
0	169
0	264
0	101
40	297
9	312
3	69
0	69
0	0
0	0
0	899
89	537
3	567
2	498
10	891
0	529
1	796
1	492
0	808
0	529
0	113
0	235
0	149
0	235
0	203
0	124
0	193
0	261
0	169
0	110
0	69
0	17
6	56
0	30
0	182
0	203
0	229
2	24
3	473
13	555
0	509
32	429
0	183
1	20
536	708
1	468
5	243
1	233
1	173
7	125
0	65
0	17
0	124
15	314
0	327
0	326
0	349
123	181
4	127
0	205
7	695
0	694
0	348
2	273
0	268
0	0
0	23
0	3
0	4
1	3
0	6
0	4
1	4
3	1
0	23
0	23
0	1636
2	314
0	3
0	2
2	154
0	1474
0	2
0	153
7	625
2	1187
0	121
0	230
0	210
0	77
0	109
0	203
2	29
1	147
3	70
0	0
132	2267
31	2162
28	1206
1	755
7	261
297	0
1	0
0	23
1	341
1	11
0	22
5	342
0	247
3	267
0	1
0	1
0	1
0	0
0	1
1	0
39	1787
0	51
0	36
0	1204
83	1750
0	1756
1	1162
0	534
0	919
1	60
0	61
0	937
12	708
0	59
0	50
3	326
0	925
0	234
0	277
0	43
0	94
0	88
0	58
0	140
0	70
1	37
18	305
3	128
9	69
2	23
849	89
0	45
2	409
0	527
2	14
5	4
0	520
39	517
0	522
0	440
0	507
0	518
0	523
0	13
0	1
4	1
0	1
0	1
0	1
0	1
0	0
0	0
211	329
3	114
4	131
0	100
1	51
2	23
0	328
0	329
1	0
0	0
0	700
0	1157
0	653
3	330
0	1013
0	410
0	921
1	401
4	464
13	115
6	1003
8	138
1	994
9	454
0	370
10	227
30	57
0	274
0	1157
0	1070
0	1013
0	1056
0	969
0	33
0	33
1	3
0	4
0	6
10	26
0	0
0	0
0	8
2	8
0	5
0	1
0	2
0	4
0	1
0	0
0	0
0	0
0	0
0	2
0	0
0	0
0	0
2	8
0	306
11	13
2	26
0	50
2	299
0	19
0	1105
107	700
0	678
0	588
0	556
3	127
0	111
0	92
11	213
1	113
103	881
0	718
2	23
0	381
377	298
0	298
0	0
0	0
0	0
0	8
3	499
7	524
0	509
0	242
0	39
2	29
6	16
0	20
0	127
174	280
11	64
1	149
0	2
0	11
0	1
1	20
19	56
4	52
0	1
0	1
2	4743
0	4888
0	601
0	888
4	55
2	377
0	1265
0	250
0	251
3	0
14	246
4	1407
0	1897
78	458
0	219
0	3767
0	952
0	5409
0	4206
0	2581
0	3377
0	1942
0	2954
0	3150
0	3299
0	2064
1	2039
0	2039
51	362
0	1767
11	1650
4	1726
1	193
1	246
0	67
2	27
0	149
109	55
0	88
0	119
0	215
0	18
10	0
0	309
0	367
0	350
1	378
38	142
0	113
0	8
0	0
0	0
0	0
0	0
0	8
0	8
0	1
0	0
0	0
0	1
0	1
0	0
0	0
0	273
0	273
1	250
0	211
2	188
0	47
0	80
0	80
0	32
0	43
0	9805
0	8979
0	9422
0	8039
0	9026
0	9519
0	9152
0	9261
0	9410
0	9364
0	8973
0	9548
0	8097
0	7926
0	8108
428	275
0	247
0	179
0	83
2	77
0	23
1	66
10	0
9	206
14	222
331	54
2	480
0	290
6	493
7	154
2	8
0	20
2	95
0	25
2	20
9	0
0	91
0	67
0	14
0	17
1	95
0	16
0	66
0	12
0	90
2	75
0	312
1495	2740
1	2522
890	747
13	2376
0	463
6	733
0	317
0	431
8	280
5	702
3	690
4	350
0	637
0	195
0	4
5	162
1	117
0	686
0	669
0	77
4	1002
11	839
0	100
4	131
0	30
43	256
0	69
0	28
19	385
1	273
1	106
7	48
5	850
2	87
0	2096
1	421
2	5
10	1652
0	2051
0	1538
0	1655
1	869
1	2
0	2027
0	1399
0	758
1	695
0	650
3	55
1	0
5	660
1	136
599	1163
1	355
4	823
0	905
0	0
1	582
0	0
0	0
104	13
62	201
6	200
0	201
0	177
1	10
0	0
0	0
0	3
0	3
0	0
1	0
19	621
0	621
0	15
0	32
0	2
0	131
1	1978
72	1856
0	2024
1	1986
7	1721
22	648
0	561
10	479
0	407
0	307
0	122
3	99
1709	488
0	488
1	1
0	3
0	3
0	3
0	3
0	0
0	0
0	1
0	1
0	1
0	1
0	1
0	1
0	1
0	1
0	1
0	1
0	1
0	0
0	0
0	0
0	1
0	1
3	296
0	302
7	72
0	26
1	48
0	48
0	28
0	0
12	27
0	521
0	509
1	89
0	40
0	46
0	182
0	350
0	349
1	160
5	107
4	288
1	112
0	102
12	13
1	316
0	198
7	149
3	129
0	131
0	68
0	72
0	59
7	37
98	45
0	56
0	36
42	7294
0	7150
0	6901
0	6824
0	6856
0	6652
0	6995
22	1063
12	886
1363	888
0	32
0	15
0	2
0	1
0	4894
0	4903
0	4150
0	4229
0	2834
2	29
1	78
12	0
347	258
0	209
26	55
0	21
0	482
2	512
1	512
0	527
0	436
31	254
0	283
11	115
0	28
0	17
0	2
0	2
0	0
14	9
0	6
0	2
1	3
0	46
0	62
0	432
0	74
1	338
0	166
0	82
60	555
1	92
2	130
0	83
6	507
0	62
0	74
2	77
0	157
0	435
0	474
3	30
1	126
17	6
0	58
2	56
1	10
0	48
0	16
0	13
0	11
49	67
0	59
0	21
0	20
0	13
0	298
0	1059
28	1050
9	697
1	103
0	64
0	23
0	42
0	4
0	0
32	29
0	8
0	19
1	2
0	11
0	1
0	0
0	12
0	11
0	2
0	0
0	0
0	0
0	0
0	1
0	0
0	0
0	0
0	0
0	0
0	0
0	0
6	8
0	7
0	2
0	0
1	8
5	137
1	169
0	174
0	240
0	588
3	489
0	203
4	101
1	325
0	305
2	329
1	194
1	182
0	0
0	0
0	0
0	0
0	0
0	0
0	2476
0	2660
1	3610
0	3821
0	3671
0	3807
2	3807
0	3807
0	3709
0	3810
0	3725
0	3733
0	3746
2	3745
0	3736
0	3808
0	3808
1	3672
1	3675
48	3674
0	3814
0	3680
0	3678
0	3652
0	498
5	2388
29	2475
0	874
0	333
0	431
0	356
0	208
0	91
3	42
0	70
0	0
123	414
1	355
0	83
0	71
0	126
0	65
0	49
0	17
0	0
0	4
0	16
0	31
0	71
44	956
0	961
0	146
0	65
1	38
0	45
0	35
3	77
13	215
0	64
0	56
0	55
0	55
0	36
0	31
0	47
0	17
18	16
3	9
125	57
48	48
2	5
2	33
10	16
56	11
0	542
0	544
0	550
0	557
3	213
0	103
0	47
0	56
1	25
0	28
29	96
0	100
0	26
34	614
0	522
20	487
7	485
3	175
2	209
81	625
32	399
0	81
0	465
0	423
10	269
0	324
0	228
0	242
0	65
14	117
0	77
1	39
0	21
0	539
0	491
0	409
0	445
0	462
0	412
30	326
0	195
0	106
0	82
15	0
1	0
0	2
0	4
0	1
1	2
2	0
0	1
0	2
0	0
34	1735
0	1751
0	744
3	198
4	256
0	896
7	439
1	446
0	756
0	561
303	0
0	0
0	0
0	790
0	808
0	823
0	851
0	845
0	817
0	802
0	730
0	830
1	93
0	740
0	665
0	758
0	440
0	362
9	470
5	458
0	284
1	309
3	161
0	204
0	53
151	479
0	437
0	632
0	132
0	475
0	594
1	543
0	0
0	70
0	105
1	78
0	27
1	13
0	39
2	43
1	39
0	1
0	0
0	1
0	1
0	0
0	1
0	1
0	1
0	1
0	1
0	0
0	1
0	1
0	0
0	0
0	0
0	0
0	0
0	0
0	0
0	0
0	1
0	7933
0	6789
0	1197
1	2930
0	806
0	6082
45	8661
32	7072
0	405
0	6836
0	1825
3	1096
0	6421
0	1404
3	6788
6	416
0	362
1	5894
6	1119
1	0
3	86
15	2681
0	38
0	36
0	33
0	31
0	5
0	7
0	36
0	0
0	0
0	42
0	374
526	514
5	176
2	29
1	82
0	98
7	61
0	7
0	7
0	2
0	2
0	2
0	0
0	0
0	0
0	0
0	2
0	6
0	3
0	4
0	3
0	3
0	0
0	2
0	2
0	1
0	476
0	476
56	476
0	23
261	286
2	180
1	7
2	3
4	42
0	81
0	72
474	1315
3	435
5	366
1	432
0	199
0	441
0	438
0	314
0	372
0	196
0	76
15	104
0	104
0	15
1	9
0	13
0	10
0	16
1	4
0	21
0	21
199	26
3	26
746	0
0	44
0	33
0	26
2	21
1	10
0	5
0	0
0	0
0	0
2	2
0	0
0	2
0	0
0	0
0	0
0	0
0	0
0	0
0	0
0	432
0	391
5	419
0	406
0	422
0	404
0	419
0	1
0	1
0	0
0	124
17	225
14	177
0	416
0	446
0	384
32	117
0	50
0	112
5	17
28	8
10	52
0	237
26	56
0	426
9	438
0	441
0	440
2	440
0	70
1	75
0	28
0	39
0	32
2	15
0	0
1	4
0	308
0	632
0	639
0	620
0	642
0	510
34	172
5	44
0	121
1	218
0	111
0	251
0	233
0	220
0	759
0	671
0	217
3	268
2	85
1	209
5	166
0	169
4	206
0	468
0	105
6	265
4	235
2	20
0	2
0	2
0	19
0	20
0	0
0	0
0	0
0	0
0	0
0	0
0	0
0	0
0	0
0	0
0	0
0	0
0	3364
2	3574
13	50
0	375
0	3802
11	3497
6	254
7	508
2	2993
0	64
16	609
0	506
3	16
1	54
7	259
2	2659
200	2733
0	206
6	222
7	652
17	611
0	6
0	6
0	5
0	5
0	6
0	5
0	3
0	2
0	2
0	1
0	1
0	1
0	2
0	1
16	4851
47	6085
41	6136
0	5534
0	1
14	1277
0	2063
11	3225
6	4339
12	3057
31	2090
394	1237
0	111
1	108
41	1147
3	615
0	284
9	5
0	428
0	60
0	274
0	283
2	49
1	174
4	539
0	7
0	80
0	438
0	412
0	429
0	275
0	211
0	310
0	279
0	285
0	266
1	295
0	307
0	226
0	307
0	302
0	290
0	292
0	128
0	194
0	195
0	49
0	126
0	161
0	154
0	103
0	160
0	90
0	90
1	78
0	97
0	48
0	51
0	44
0	4
21	10
0	12
1	4
1	0
67	232
0	72
0	187
1	231
0	192
0	156
0	45
8	45
0	0
0	9
0	8
0	5
0	5
0	2
0	0
0	0
50	1047
21	995
1	1047
0	411
27	1483
91	1452
0	409
5	475
0	0
0	0
0	0
0	0
0	0
0	0
0	11
2	8
0	11
200	416
3	354
18	380
0	0
0	0
0	0
0	0
0	163
0	520
0	516
0	529
0	536
0	514
0	533
0	521
22	356
0	511
0	446
0	541
0	466
0	430
0	435
1	225
0	382
0	284
0	208
0	250
0	263
0	224
0	186
0	179
0	208
0	165
0	212
23	197
0	178
0	198
0	177
0	183
0	180
0	52
0	117
0	148
8	160
0	70
0	134
0	67
0	127
0	126
0	61
0	90
0	53
0	53
0	54
0	56
0	37
7	18
5	15
0	14
22	39
0	135
170	0
0	0
6	84
16	340
26	311
4	156
0	208
2	71
1	214
16	17
0	29
0	2
0	0
0	0
0	0
0	0
0	0
0	0
0	0
0	0
0	0
0	0
0	75
0	975
1	435
0	101
0	79
0	99
0	5
0	34
0	58
0	13
0	30
3	0
2	953
24	219
0	99
0	105
1	88
7	115
0	115
0	117
0	114
0	110
0	87
0	106
0	40
6	44
4	5
0	1
0	577
243	389
6	114
0	36
0	57
2	27
0	43
2	23
0	20
0	193
1	38
0	34
0	59
0	29
0	47
0	36
0	48
35	16
0	16
812	72
35	16
11	56
3	773
2	13
0	25
0	630
333	0
5	0
0	0
0	0
0	0
0	0
0	0
0	0
0	34
1	11
0	10
3	14
0	10
0	12
0	12
0	33
0	2
0	2
0	12
0	8
0	8
0	8
0	103
0	97
76	283
0	20
7	284
0	118
0	88
0	17
0	28
1	12
0	26
3	12
509	0
0	0
0	0
3	1127
0	1080
0	680
1	140
0	486
16	291
0	0
0	931
0	1002
0	257
0	0
0	830
1	851
0	120
0	236
2	243
3	7
3	660
0	649
0	62
0	168
1	113
0	530
0	491
0	2810
0	2734
0	2817
4	633
0	23
0	31
2	18
1	6
2	2510
0	497
45	2586
7	170
0	204
1	85
0	148
0	153
2	394
3	178
0	262
3	349
0	224
0	284
14	138
1	79
0	402
13	133
0	199
0	184
1	262
1	40
2	111
19	3
0	3
0	31
0	4
1	3
0	368
2	50
0	372
0	372
0	1127
0	426
1	103
2	280
2	169
0	112
0	5
0	5
0	4
0	0
0	4
3	3
2	126
0	134
0	1
0	1
2	297
0	302
0	10
0	4
1	28
0	43
0	29
0	25
0	43
0	35
0	297
0	297
1	0
0	20
0	11
0	14
0	297
21	667
0	653
7	184
0	652
0	304
3	580
0	176
0	177
1	172
1	151
2	310
0	310
0	288
0	401
0	400
0	371
0	394
0	394
0	391
0	189
0	188
0	398
0	395
0	183
2	115
0	7
0	14
0	14
0	4
0	3
0	0
4	313
0	287
1	36
0	7
0	19
1	50
0	256
0	50
0	1617
0	1590
0	214
0	1802
0	1660
254	1938
0	213
0	221
0	538
8	201
0	192
1	236
5	263
0	2387
0	306
21	337
4	329
2	566
0	527
0	180
1	755
4	2366
3	691
4	52
0	281
0	19
7	1746
34	1617
0	305
0	755
3	459
0	11
0	11
13	116
1804	116
0	68
645	75
1	51
4	172
0	172
0	53
0	167
0	172
1	16
0	17
0	15
0	3
1	0
46	904
0	1321
0	671
9	395
0	199
3	185
0	119
3	112
0	103
0	25
0	80
6	667
0	51
0	72
0	602
6	410
0	628
0	633
1	531
1	88
0	77
0	72
4	5
7	71
0	98
0	0
3	50
5	6
0	3
0	0
1	1
0	0
0	0
0	1
0	1
0	0
0	0
0	2
0	0
0	0
0	2
0	1
0	1
0	0
0	0
0	28
0	736
4	720
0	54
3	715
0	743
0	48
0	45
0	735
0	30
0	48
0	44
1	23
0	6
0	6
1	5
1	0
0	107
1	689
0	595
0	63
0	34
2	29
5	33
0	27
0	734
0	0
0	0
0	0
12	5
0	0
0	5
3	0
9	126
0	128
6	65
0	0
0	0
0	0
0	0
1	421
2	669
0	371
2	377
4	494
1	94
41	625
5	78
19	87
129	281
0	259
0	2
0	250
0	57
0	49
0	33
0	5
0	186
0	504
0	780
0	767
0	734
0	570
0	760
0	779
0	771
2	538
0	605
0	476
0	593
0	283
0	493
0	460
0	401
0	422
0	411
0	286
0	386
0	387
0	373
1	100
1	142
0	308
0	132
0	192
0	222
0	81
2	210
0	221
0	178
0	197
0	172
0	145
0	179
0	152
0	98
1	92
0	26
3	77
0	54
0	40
0	2
1	1
4	10
0	10
0	21
0	10
0	21
0	21
0	0
0	0
0	0
1040	969
2	320
4	649
0	0
0	0
0	0
0	0
919	645
10	392
0	601
5	259
0	500
0	210
0	156
0	151
0	143
0	144
0	132
0	103
0	47
0	90
0	90
0	88
0	74
1	56
0	1
0	0
2	4
12	9
0	2
0	0
0	0
0	7
0	0
0	0
0	0
0	0
3	219
7	214
5	233
0	62
0	105
1	77
1926	999
1	943
0	319
0	39
0	48
4	39
0	379
0	339
2	375
4	89
0	19
1	0
0	0
0	0
0	0
0	0
0	0
0	0
0	0
0	0
4	712
0	715
2	685
1	235
9	114
1	531
2	0
13	4
0	79
0	0
0	477
0	105
20	87
5	146
14	153
0	190
0	120
2	59
3	53
2	0
476	793
0	773
7	197
0	116
2	99
0	16
0	8
0	8
0	3
13	50
0	47
0	6
2	4
1	1761
0	0
0	0
0	405
0	405
0	46
0	394
0	371
0	390
0	295
0	380
0	355
0	367
0	367
0	359
0	393
0	372
0	359
0	381
0	288
0	352
0	385
0	307
0	407
0	414
0	344
0	77
0	109
1	252
1	244
0	169
0	157
0	216
0	222
0	162
0	178
0	184
0	199
0	182
0	174
0	134
0	147
0	187
0	158
0	60
0	39
0	62
0	57
0	22
0	53
0	5
0	69
1	68
0	56
0	74
0	69
0	79
0	42
0	56
2	28
0	60
0	30
4	42
0	42
0	1
0	0
0	0
0	0
0	0
0	0
0	0
0	0
0	0
0	0
0	0
0	2
0	2
0	2
0	0
0	0
0	0
0	0
0	0
1	0
0	0
0	0
0	0
1	0
0	0
0	0
15	1135
18	1189
33	93
0	388
0	387
0	64
19	169
16	387
0	155
2	19
0	266
0	56
0	99
0	32
0	1161
0	284
5	293
1	209
0	251
0	36
0	26
0	0
0	3
225	123
9	19
2	37
0	27
0	79
0	1
4	1
0	1
0	0
10	498
0	15
4	498
1	27
3	42
0	0
1	207
0	352
0	36
0	29
67	254
9	253
0	17
0	94
1	3
1	2
1	103
0	124
0	169
2	240
7	265
0	431
0	418
0	424
0	991
0	1004
0	982
0	989
4	1008
0	1014
0	976
0	997
0	1003
0	968
0	948
0	960
0	1001
0	867
0	56
0	21
0	790
0	732
0	99
0	620
0	664
0	567
0	579
2	563
0	566
0	462
0	424
0	319
0	43
0	0
0	0
0	0
0	0
0	0
405	0
0	409
0	575
0	290
2	36
4	46
0	86
0	399
6	485
0	0
0	0
0	0
0	0
0	0
0	0
5	415
4	415
0	0
0	0
2	0
0	411
0	426
0	43
0	40
0	44
0	30
0	34
93	16
0	913
10	913
0	35
0	0
0	0
0	0
0	0
10	0
0	0
21	0
6	0
0	0
0	0
1559	0
7	0
11	13
1	13
31	0
5	221
208	221
613	0
0	0
0	24
2	18
0	260
45	326
2	322
0	307
0	113
0	66
0	216
0	143
0	141
3	90
0	146
0	74
1	14
36	20
0	176
156	1332
34	1262
0	361
3	358
0	284
0	0
0	0
0	0
0	0
0	0
0	0
0	0
45	69
0	69
0	3053
18	3162
0	3016
0	1271
0	2886
0	1332
0	1288
0	980
75	367
0	554
0	403
0	402
1	354
0	344
0	334
2	324
1	250
0	344
29	0
0	647
0	580
3	559
5	434
1	397
0	68
5	305
27	199
7	34
1	34
0	0
0	10
1	241
1	12
1	927
2795	1114
12	988
2	168
0	155
0	444
0	21
0	0
0	391
0	394
0	37
0	257
0	42
0	210
0	37
0	391
0	26
0	23
5	14
2	22
0	0
10	1604
0	599
0	1690
22	1679
0	1515
0	1279
0	1646
39	1141
0	1499
17	1709
3	1125
0	196
2	1459
0	0
0	0
0	90
0	334
0	0
0	138
1	169
0	205
0	173
0	65
0	55
7	64
0	145
0	0
0	0
0	0
2	240
0	201
0	1275
8	1417
0	1036
0	40
0	1416
1	137
0	0
0	15720
0	9418
0	13034
0	12
0	12
0	12
0	12
0	68
0	68
37	3236
63	3236
15	119
8	434
0	119
1	588
4	293
2	145
30	4
0	3
0	28
0	28
1	25
0	26
11	17
0	0
9	67
0	66
0	308
0	271
4	67
1	213
4	33
0	57
301	82
1	58
0	16
0	13
0	11
0	1352
7	1341
0	89
1	1039
0	5350
1	280
0	3392
0	5300
0	3681
0	3083
0	3016
0	2824
0	4345
0	2010
127	327
0	291
0	28
0	41
0	323
0	32
2	49
0	64
0	292
0	322
0	40
0	332
0	41
0	33
1	2
0	31
0	21
0	30
0	50
0	0
0	0
0	0
0	0
0	0
0	2
0	0
0	3
0	0
0	0
0	1
2	49
8	129
0	103
0	103
0	80
0	44
0	28
0	18
0	9
0	2
0	0
0	26
0	16
0	1446
7	70
0	69
0	63
0	19
0	13
0	2
0	1257
0	1142
1	1174
0	1014
0	53
1	52
4	185
0	194
0	108
0	175
1	67
0	8
0	8
0	2
0	0
0	41
0	196
2	161
0	0
0	0
0	196
2	6
0	198
1	176
0	62
0	7
4	20
0	119
0	13
0	104
7	2
0	114
4	620
1	280
0	123
4	526
0	137
0	88
0	19
142	127
0	123
0	36
0	19
0	23
0	15
0	1
0	27
0	29
0	26
0	15
4	19
0	0
0	0
201	272
0	84
4	150
3	114
0	25
0	299
0	253
0	293
0	373
0	363
30	256
2	140
7	447
0	118
0	208
0	450
0	441
0	444
381	432
4	411
0	435
15	1
2	51
0	57
0	34
0	30
0	16
0	16
0	21
0	170
0	127
0	40
0	29
4	42
0	42
0	21
1	22
0	21
0	21
0	14
0	16
0	9
0	12
0	0
0	0
0	1
0	2
0	0
0	92
1023	504
1	480
1	10
0	73
0	60
6	46
0	73
0	71
0	44
7	69
19	38
0	41
0	50
0	58
0	1
0	1
1	1
0	0
0	0
0	1
0	1
0	52
6	442
0	1002
0	976
0	627
0	79
0	25
8	60
0	65
0	5
0	48
0	7
0	36
1	34
0	144
0	148
1	49
2	49
0	148
2	728
60	728
0	221
1	14
5	13
0	13
0	1
22	46
0	220
0	205
155	233
0	18
0	42
3	7
1	29
0	448
0	473
0	443
485	421
6	399
0	94
792	22
11	579
0	579
0	74
6	25
0	150
0	37
341	605
7	0
0	63
18	45
3	11
0	545
62	28
0	27
0	27
0	27
0	27
0	27
0	7
0	4
0	1
0	0
0	0
0	1
0	1
0	0
819	6
0	11703
0	5117
106	4020
0	10069
0	8567
0	11177
0	1081
0	7524
0	5731
0	6940
1	4485
0	11689
0	9293
1	2595
0	2079
0	54
334	132
1	110
0	58
0	75
0	16
0	44
0	8
0	8
1	133
0	3
0	4
0	5
0	4
1	132
0	1
0	22
0	131
0	19
3	11
0	1
0	1
1	1
253	40
1	15
1	25
0	1322
0	1158
0	304
8	382
0	1226
1	1280
0	1432
1	990
1	1025
0	1273
12	758
0	486
0	65
0	273
5	1
0	1278
1	1163
1	307
2	214
0	441
0	371
0	369
0	0
0	0
0	0
0	0
0	5
8	155
0	35
1062	285
0	45
0	109
13	9
14	2650
0	2332
0	2125
1	2526
0	417
0	646
6	439
1	256
0	102
0	284
0	94
1	156
1	62
2	57
3	36
36	199
8	167
0	9
0	5
221	20
1	15
0	2
0	2
0	2
242	464
0	356
3	382
0	342
1	116
3	64
9	53
0	54
0	310
0	692
0	708
0	288
0	50
0	59
1	54
2	16
0	27
0	0
0	0
0	0
1	260
56	167
70	107
0	306
2	169
0	101
0	212
2	221
3	74
33	124
1	78
2	40
19	0
5	42
0	68
0	48
9	40
38	41
38	43
0	42
0	9
0	0
0	5
0	0
0	0
0	0
0	0
0	0
0	0
0	0
0	0
0	0
0	0
0	0
0	0
0	0
0	0
0	0
0	0
0	0
0	0
0	16
0	16
0	0
692	1217
38	1217
1	86
6	6
0	316
0	147
2	128
205	55
0	34
0	24
0	21
0	23
1	23
128	23
3	127
4	67
0	615
0	351
2	275
7	82
1	63
0	152
2	211
0	177
0	348
0	55
0	546
0	376
0	339
0	422
7	426
15	118
6	179
0	0
0	0
0	0
0	0
0	0
0	4
0	5
0	5
0	5
5	2
0	0
0	0
0	0
0	0
0	0
0	0
0	0
8	560
0	622
0	693
7	595
0	622
0	710
15	49
4	37
0	41
2	152
1	77
0	58
55	77
0	44
2	7
0	165
0	10
0	139
7	109
0	397
0	166
0	162
0	166
3	8
1	78
2	31
2	40
0	390
0	126
0	63
0	81
1	66
0	82
0	95
0	89
1	32
15	15
0	7
0	8
0	15
1	7
1	12
0	11
0	2
0	1
6	56
0	6
1	62
1	52
1	16
0	0
0	0
1220	331
0	331
0	0
0	0
0	0
0	0
0	0
0	0
0	0
0	6
0	6
0	6
0	0
0	0
0	0
0	0
0	6
0	0
0	0
0	0
0	0
0	0
0	0
0	0
0	0
0	0
0	0
0	0
0	0
0	0
0	0
0	6
0	0
0	6
0	0
0	6
0	0
0	0
0	0
0	3
0	6
0	0
0	0
0	0
0	0
0	0
0	2
0	0
0	0
0	0
0	0
0	0
0	0
0	0
0	3
0	0
0	0
0	3
0	0
0	0
0	0
0	0
0	0
0	6
0	0
0	0
0	0
0	0
0	0
0	0
0	0
0	0
0	0
0	0
0	0
0	0
0	0
0	0
0	0
1	0
0	1
40	2296
0	2163
3	1948
12	634
0	532
4	166
0	263
0	342
0	476
0	255
1	212
16	72
0	249
0	550
6	73
0	424
0	147
5	218
51	332
0	269
12	251
2	317
2	180
0	153
0	495
0	269
1	176
0	105
0	132
0	94
0	214
5	492
2	0
0	0
0	0
0	0
0	0
0	0
0	0
0	0
680	73
1	120
1	389
0	334
21	475
0	0
0	0
0	32
386	115
0	25
0	81
0	62
0	61
2	31
0	19
0	20
0	697
1	1593
0	1614
1	1616
3	1563
0	1621
0	1622
0	1557
0	1579
0	1587
0	937
0	946
3	97
0	162
0	897
3	973
8	878
0	176
10	603
0	209
0	136
0	175
0	136
2	161
0	78
0	47
1	80
1	106
0	19
1	56
0	11
0	0
0	2
0	1
1	0
0	0
0	0
0	0
0	0
0	34
0	429
0	425
0	25
0	21
0	36
0	21
61	508
0	9
0	14
0	9
0	11
0	12
0	62
0	442
0	43
1	55
0	450
3	487
0	42
2	387
0	335
0	416
1	364
0	370
1	403
0	188
0	386
0	335
0	339
3	276
0	239
0	151
0	0
0	0
0	16
37	24
0	8
1	42
16	91
7	36
24	67
1	67
0	0
0	0
0	0
0	0
0	1
0	1
0	0
7	484
0	519
2	528
64	480
0	492
0	527
4	15
0	0
0	0
68	1169
0	7
0	758
0	756
0	743
0	531
1	34
8	325
26	559
0	557
0	93
0	75
0	52
0	1
0	145
0	476
0	482
0	103
1	150
1	94
1	79
0	0
0	151
0	110
0	123
0	79
0	133
42	215
1	104
1	0
0	0
0	0
0	0
0	0
0	0
0	0
0	2
0	1
0	2
0	0
1188	429
1	70
0	97
0	28
2	272
0	0
0	0
0	0
0	0
0	0
0	0
0	0
0	0
0	19
0	20
1	25
122	102
1	39
1	88
1	59
0	65
0	16
191	114
0	114
1	77
0	32
0	0
0	0
1	124
0	430
1	409
1	437
0	90
0	96
0	64
0	59
0	57
8	39
0	49
10	14
0	1584
0	1584
1	391
0	710
0	1404
50	676
0	1436
0	777
0	1437
0	1360
0	1417
0	628
0	424
0	631
0	306
0	1231
0	903
0	103
0	92
0	118
0	782
0	60
0	157
4	926
0	58
0	684
0	130
0	652
0	836
2	19
0	7
0	13
0	13
0	2
0	223
0	86
0	188
0	128
0	23
0	47
0	9
0	23
0	33
0	14
0	14
0	8
0	8
0	5
0	1
0	2
2	364
0	641
0	180
6	655
0	646
2	357
0	468
0	457
0	530
1	401
7	427
0	494
0	479
2	237
0	183
1	0
0	238
0	221
0	254
0	51
1	92
0	3614
1	63
0	502
1	858
0	2709
0	3709
0	805
0	655
0	652
1	607
2	3528
2	1380
3	1197
0	796
4	734
17	373
0	2654
0	491
1	478
10	448
91	320
0	2467
1660	5077
3	219
1	344
3	4691
0	384
0	303
2	1927
3	1502
1	415
7	401
10	0
2	0
1	3
0	0
0	1
0	0
0	3
0	2
0	0
0	26
0	69
0	48
0	45
3	2
4	16
1	13
7	18
0	8
0	7
6	0
0	316
0	342
0	29
0	29
0	66
162	343
0	20
0	25
8	232
6	73
0	559
0	635
0	813
2	814
0	256
3	349
0	288
3	500
0	462
0	111
6	36
0	77
0	84
1	65
0	32
0	930
0	1057
1	948
5	366
3	473
44	912
0	906
38	1024
0	864
0	426
2	101
5	227
14	114
0	143
1	198
12	6792
0	8126
2	8125
54	8149
5	8282
2	7571
13	5829
10	8116
0	8116
3	8920
0	9045
0	9134
0	8666
0	8842
6	8683
0	9096
0	9095
0	2451
0	9543
0	7293
2	7776
0	8419
64	1172
2	7729
2	2709
0	1361
0	7219
0	8141
1	6323
9	1256
0	1562
0	2772
1	1952
0	2033
1	5548
0	1275
0	335
0	639
0	172
0	1068
33	690
0	1068
0	745
0	713
0	130
0	162
1	98
0	118
1	67
0	357
0	258
4	140
0	5466
0	2153
0	3741
0	157
0	104
160	150
8	109
1	25
3	100
0	30
0	154
0	113
0	1
0	0
0	157
0	1651
0	884
0	264
0	20
0	24
0	17
0	24
0	42
0	2
1	42
0	3
0	7
0	3
0	10
0	0
0	0
0	0
0	0
0	0
15	346
0	208
0	27
0	43
828	128
19	54
0	120
0	51
0	107
181	107
0	3
0	2
0	1
0	1
0	1
0	599
0	479
5	93
0	458
0	513
1	407
0	558
4	61
10	79
0	162
35	244
6	187
0	180
0	123
0	74
0	145
0	141
2	100
0	2380
10	2400
0	660
0	658
0	557
0	257
0	126
0	119
0	100
0	80
0	241
0	227
0	230
0	186
0	120
0	33
1	57
0	52
3	774
0	1058
2	930
11	650
0	984
0	1041
1	749
27	496
0	383
29	369
1	166
14	40
5	45
5	44
0	0
0	1
0	3
0	2
2	1
1	273
1	3569
0	472
945	4726
69	1176
1	3905
0	4674
0	780
1	433
2	219
27	388
0	614
186	1986
0	829
18	118
13	1368
5	163
68	4458
0	4226
29	4228
78	3382
5	1579
0	0
0	0
0	0
0	0
16	1943
7	2946
0	2961
0	3041
9	307
20	82
1	468
1	502
9	500
35	2928
0	0
0	0
0	0
0	0
0	0
0	0
0	0
0	0
0	0
0	0
0	0
0	0
0	0
0	0
0	0
0	0
0	0
0	0
0	0
504	236
0	193
0	131
2	94
0	32
242	36
0	1558
0	144
11	1158
2	1521
0	86
5	177
1	76
282	304
0	85
0	65
0	95
0	284
0	125
3	268
0	230
0	107
0	58
0	241
0	6
2	58
1	16
2	145
0	0
0	0
0	24
0	38
0	92
2	11
0	90
0	85
0	78
0	25
0	24
0	31
0	17
0	78
0	1
0	0
0	0
0	0
0	0
0	0
0	1
0	0
0	1
0	1277
0	1238
0	413
0	316
0	752
0	776
0	75
0	43
70	50
4	16
2	792
1	1713
1	1518
0	1805
116	449
0	429
0	1157
1	1900
28	2105
0	2199
0	2116
3	304
10	0
1	393
2	365
0	506
86	1497
62	249
14	502
1	482
7	115
6	189
0	215
0	209
0	210
1	46
1881	466
0	123
5	419
0	47
0	115
0	94
0	39
0	68
2	427
0	93
0	40
0	40
0	65
4	114
1	612
0	609
0	97
0	619
0	61
0	43
4	38
0	42
1	105
0	117
0	46
0	1
2	53
16	0
120	533
0	508
18	166
0	59
0	41
0	16
1858	268
6	268
19	67
3918	1049
0	199
0	769
2	182
0	86
0	180
322	2078
0	2078
3	361
2	265
3	501
0	0
0	0
0	0
0	0
0	0
0	0
0	0
0	0
0	0
0	0
0	0
0	0
0	0
0	0
0	0
0	0
0	0
0	0
0	0
0	0
0	0
0	0
0	0
0	0
0	0
0	0
0	0
0	0
0	0
0	0
0	0
0	0
0	0
0	0
0	4033
0	808
0	1177
0	1272
0	949
6	943
0	4437
14	653
5	666
34	405
0	1208
8	1108
0	497
32	253
19	509
14	164
201	135
0	4441
0	3995
0	3842
9	59
0	59
4	1098
0	239
0	937
3	983
0	210
0	286
0	982
0	968
0	967
0	950
0	859
0	655
0	968
0	980
0	967
0	278
0	969
0	1018
0	986
0	959
0	957
0	972
0	933
0	289
0	983
0	189
0	995
0	432
0	296
0	968
0	967
0	978
0	149
7	953
1	293
0	93
0	900
0	941
0	0
0	0
0	0
0	0
0	0
197	0
0	0
1	225
13	391
0	333
0	148
0	228
2	895
0	304
0	381
2	330
23	805
3	797
6	800
2	307
0	470
0	377
1	221
356	270
0	226
0	306
0	289
0	286
0	307
0	303
0	291
0	265
0	265
0	300
0	257
0	268
0	312
0	307
0	324
0	221
0	303
3	318
0	298
0	293
16	25
0	46
0	266
0	296
1	353
0	265
0	305
0	287
0	287
0	9
0	276
0	172
0	222
0	248
0	234
0	246
0	242
0	193
0	247
0	223
0	237
0	232
4	25
1	176
0	0
2	685
0	712
0	766
0	666
0	686
0	300
15	172
0	44
0	180
0	18
0	274
0	311
2	271
2	169
0	79
38	1
0	1
0	168
250	277
6	271
0	99
0	92
0	47
3	35
0	0
1	0
0	1151
0	210
1	199
3	208
0	204
2	141
0	222
0	101
1	184
0	111
0	389
1	298
0	287
1	267
11	540
0	360
0	0
9	117
65	117
0	21
0	27
1	25
0	21
0	80
0	243
20	204
6	302
0	3
0	95
0	29
0	307
0	41
0	56
0	29
0	61
0	36
1	129
0	53
11	73
0	31
0	2
0	18
0	10
5	25
24	57
0	2
0	0
0	2
26	0
0	0
2	84
13	77
32	479
0	461
0	528
1	521
0	564
0	98
1	455
0	539
0	469
16	22
0	0
0	128
27	144
0	215
0	178
0	0
0	192
0	266
0	153
7	66
0	88
2	0
10	96
0	78
0	77
0	0
0	0
1	99
2	123
0	338
0	339
0	287
0	287
3	331
0	154
0	205
3	84
0	119
0	95
2	64
2	3
2	15
0	0
1	17
0	0
0	9
1	13
6	11
0	16
0	10
0	12
0	16
1	7
0	5
0	74
73	358
0	85
0	134
0	80
0	143
8	194
82	41
1	0
0	13
4	43
0	21
0	10
0	7
0	13
0	13
1	0
0	0
590	416
56	416
253	716
0	27
1	689
1	38
213	833
0	747
0	805
3	146
0	64
8	91
0	82
0	67
3	59
2	53
2	23
0	746
0	3
0	5
0	4
0	2
0	1
0	2
0	0
0	1
0	3
0	3
0	1
0	1
0	17
0	11
0	16
1	0
0	9
0	2
0	1
1	12
0	12
0	0
0	10
1	11
0	1
4	26
2	50
0	211
0	116
1	23
1	109
3	26
1	44
0	38
2	24
0	208
0	0
0	0
0	0
0	0
0	0
0	0
0	0
0	0
0	0
0	0
0	0
0	0
0	0
0	122
0	123
0	54
0	38
3	23
0	59
0	7
2	26
0	30
0	52
6	12
3	44
0	13
0	33
8	406
0	406
0	328
0	166
0	29
0	27
0	26
0	33
0	37
0	0
0	17
0	27
0	18
0	11
0	45
0	9
0	31
0	280
0	31
1	54
0	279
6	262
1	226
0	262
0	31
0	63
8	19
0	0
0	32
7	32
0	25
0	7
0	4
0	4
3	16
0	16
0	1
0	13
0	2
0	5
0	3
0	0
0	0
0	0
0	0
0	0
0	0
0	0
0	0
0	0
0	0
0	0
0	0
0	0
0	0
0	0
0	45
0	76
0	256
0	0
0	16
0	325
0	76
0	178
2	248
1	75
1	1
0	1
0	262
5	514
18	452
0	139
26	159
2	202
2	569
193	618
15	6
0	293
1	244
1	22
111	71
6	287
45	8
0	203
1	287
0	703
0	831
0	247
0	145
30	791
0	661
0	151
2	309
4	107
0	15
0	10
1	0
0	301
0	118
197	559
0	283
11	471
0	258
1	246
1	614
0	103
0	1228
0	1124
0	720
5	342
0	45
1	465
0	65
0	204
5	109
0	0
11	44
0	61
23	1805
34	1838
14	158
0	93
7	54
0	70
1	49
1	87
0	39
1	182
0	182
0	97
1	4349
3	3875
0	4735
0	4853
0	4460
5	4529
0	4386
3	4531
0	4422
0	4188
1	4743
0	4545
0	3106
1	968
2	4619
0	4732
4	3160
0	4421
0	4735
0	4548
0	4664
0	4664
145	4717
1	4000
0	4664
0	4664
0	4404
0	2628
1	1471
0	4163
0	4163
2	3963
1	3660
0	4366
0	4363
3	4054
4	1860
11	4109
9	2721
0	1930
1	188
11	2136
0	449
0	1505
1	1544
0	1113
0	1416
0	1230
5	1299
1	319
0	867
0	0
0	0
0	0
0	0
0	0
0	0
0	99
0	21
5	73
8	62
0	18
0	25
4	33
2	37
0	16
6	59
1	4
2	12
0	2
1	0
0	0
1	89
7	0
2	556
1	212
0	183
5	88
141	67
0	51
0	59
0	32
2	0
0	0
4	0
128	198
7	107
0	115
431	55
0	55
0	0
0	0
953	228
1	198
3	44
7	931
0	907
1	814
0	762
0	603
0	131
0	132
1	100
21	100
10	113
2	74
24	47
0	39
2	7
6	32
7	26
0	14
0	10
1	21
0	21
538	856
0	295
0	717
0	76
1	207
0	207
28	64
2	110
1	414
0	563
0	494
2	14
2	454
0	542
0	571
0	486
11	513
0	453
0	505
0	244
1	3
0	0
0	1
0	1
0	30
9	75
0	744
335	701
0	517
0	211
3	75
70	224
0	1
0	1
0	1
0	1
3	327
3	608
0	349
2	559
0	355
8	214
0	183
0	165
1	187
9	158
0	96
0	96
0	0
0	0
0	0
0	0
0	0
0	0
0	1140
24	864
0	1103
1	302
6	108
0	118
2	118
0	59
0	105
36	859
0	827
0	53
0	58
0	55
6	22
0	101
6	635
0	57
0	84
0	121
1	608
2	792
10	4612
0	4647
38	3318
1	2894
13	973
3	250
9	90
1	121
0	165
874	844
3	408
8	348
1	150
9	159
0	99
0	150
0	139
0	153
0	87
2	77
0	83
8	53
0	2
0	1
0	1
0	0
8	105
0	109
10	41
0	38
0	39
9	28
0	104
0	0
0	0
0	0
0	0
0	0
0	0
0	0
0	490
0	912
2	504
0	616
22	1349
0	246
3	336
2	1307
0	194
4	189
0	447
0	585
2	78
0	1298
0	110
0	138
0	72
0	106
2	76
0	42
0	0
0	0
0	0
0	226
1	214
0	84
0	76
0	221
146	382
0	134
0	138
0	352
0	165
0	164
0	126
0	24
0	18
0	13
0	106
0	1
0	5
1	64
0	52
0	39
0	37
0	13
0	1836
0	0
0	0
0	1834
0	1834
0	0
0	0
0	99
0	0
0	1836
0	0
0	0
0	124
2	1551
31	1849
0	1838
6	935
1	71
0	715
0	702
0	780
0	801
0	732
1	800
0	762
1	798
0	632
0	539
0	577
11	70
0	280
5	109
0	103
5	88
8	91
0	69
82	37
0	0
0	0
0	0
0	0
0	0
0	0
0	0
0	927
0	948
2	299
0	371
0	63
0	74
0	72
0	42
0	40
0	27
0	48
0	40
0	31
0	2
0	2
0	896
65	725
1	724
0	311
0	10
0	10
0	10
0	10
0	10
0	296
0	655
0	645
0	568
0	573
1	570
0	587
0	568
0	572
28	207
0	56
0	113
11	152
0	124
244	0
0	0
0	0
0	0
2	11
0	8
0	12
0	12
0	11
0	8
0	1
0	4
0	11
0	3
0	4
0	4
0	0
0	0
0	1
0	1
0	339
0	176
15	1010
10	323
1	24
4	280
7	0
0	995
0	222
0	0
0	0
0	0
0	1
0	2
0	2
0	0
0	1
0	1
0	0
0	1
0	1
64	3247
3	3247
0	161
0	485
0	166
9	124
0	117
10	0
0	0
15	618
0	1116
0	1069
0	1049
0	1083
0	1074
0	1063
0	1068
0	1059
0	1064
0	1079
0	1075
0	1094
0	1091
0	1082
0	1106
0	1095
0	1094
0	1079
0	1107
0	1080
0	1096
0	1092
0	1084
0	1081
0	1079
0	1086
0	1079
0	1099
0	1116
0	1097
0	1041
0	1101
0	1096
0	1101
0	1094
0	1058
0	1084
8	1068
0	1090
0	1101
0	1085
0	1026
0	1092
0	1084
0	1105
0	1052
0	934
0	1025
0	1067
0	1046
0	1048
0	606
0	615
0	615
0	622
0	618
0	633
0	28
0	0
0	3
0	3
0	0
0	0
0	3
0	2
0	2
0	5
1	5
1	5
0	2
0	0
0	2
0	1
0	2
129	1444
0	1146
0	149
0	96
0	61
0	616
0	148
0	128
0	92
0	57
3	225
0	54
0	20
0	0
0	0
1	456
1	90
5	72
0	81
0	524
0	77
0	478
2	524
1	462
1	1
0	0
0	0
0	0
0	120
0	120
2	4
0	0
0	122
0	3
0	118
0	111
0	119
0	113
0	3
0	2
0	5
0	13
0	12
0	12
0	13
0	11
0	38
0	3
4	252
1	524
0	758
1	24
0	252
5	343
4	2
0	34
2	272
1689	651
0	402
2	271
0	5
0	266
3	248
3	73
0	24
0	1087
107	1098
3	1161
7	1090
18	1086
131	1178
0	127
2	16
0	15
0	3526
0	3521
0	3516
0	97
0	1414
0	3531
3	4
0	0
0	0
11	1833
0	0
0	0
0	3279
0	23
0	32
0	6
30	149
0	110
0	0
0	279
0	138
0	121
1	73
0	0
1	202
2	522
0	187
0	95
1	27
6	31
0	0
25	183
5	67
0	0
21	517
0	492
1	492
2	255
0	38
0	168
140	490
0	152
26	446
0	113
0	126
0	181
6	172
0	97
0	57
1	2
0	426
8	425
0	1
0	1
0	4
0	4
0	1
0	1
0	1
0	1
0	0
15	1033
0	4187
0	4334
0	3861
0	4173
2	4281
0	4339
0	4219
0	1196
10	1364
0	302
0	0
0	0
5	1496
1	1360
1	1400
0	895
0	750
0	323
163	629
0	416
1	614
4	354
0	89
0	0
3	6
0	7
0	6
0	8
0	8
0	2
0	2
0	0
0	2
0	1
0	0
0	0
0	0
0	0
0	2
0	16
7	264
0	262
0	5
0	208
0	193
1	244
0	62
0	37
0	23
0	34
0	19
4	77
4	41
0	3
0	24
14	41
4	15
0	46
1	70
919	210
0	208
9	90
7	31
0	0
0	0
0	0
747	222
0	222
14	47
414	165
0	161
4	128
0	149
0	107
0	2
0	0
0	0
0	0
0	0
0	0
1	0
634	425
0	383
24	14
0	94
0	71
0	58
255	3714
1	3407
12	106
0	746
0	494
1	308
0	300
0	303
0	0
0	0
0	0
0	0
0	0
0	0
0	0
0	90
0	37
0	21
0	0
0	0
0	37
0	37
0	13
0	68
0	81
0	35
1	0
0	30
0	87
0	0
0	52
0	40
0	55
0	36
0	73
0	9
0	80
0	76
0	49
0	60
0	12
0	76
1	76
0	25
4	91
1	91
0	81
0	81
0	776
2	723
0	541
1	291
19	176
33	61
2	631
3	643
6	273
0	259
6	42
0	225
0	231
0	148
0	207
3	171
3	193
3	77
0	1
0	1
0	1
0	1
0	438
21	267
0	498
0	425
0	380
149	504
1	115
0	12
1	439
0	374
6	238
0	13
2	38
0	13
0	5
1016	453
17	67
14	171
37	201
0	234
0	80
0	21
0	0
0	0
0	0
0	0
0	0
65	515
0	257
1	388
0	258
0	351
0	324
0	17
2	2
355	549
1	549
11	13
0	0
3	698
3	1770
0	2226
0	1611
0	162
1	10
0	116
0	305
0	260
0	203
0	154
0	151
0	151
0	86
0	67
44	4147
32	1085
15	4027
2	3649
0	1
2	1100
0	1085
14	473
0	1
0	0
0	0
0	2
0	0
2312	1435
0	243
2	278
0	227
3	343
4	384
1136	219
5	62
49	157
0	76
0	107
0	61
45	253
0	122
4	199
0	2
0	65
1	117
0	45
0	14
0	32
0	600
37	537
0	666
0	613
0	114
0	407
0	364
0	365
0	164
0	76
0	115
0	137
1	115
3	156
0	127
10	0
83	8746
1	8893
145	5398
249	2656
5	6903
38	88
0	321
21	522
9	206
0	200
0	0
0	0
0	0
0	0
0	0
9	760
0	1329
1	548
0	1182
1	15
8	27
2	109
7	285
533	456
1	409
0	93
0	265
0	0
0	27
0	27
0	20
0	5
0	27
0	25
1	6
0	0
1	277
0	25
0	22
0	45
0	67
0	18
0	258
0	3
0	45
1	31
0	12
0	9
0	0
0	19
0	28
0	0
0	163
1	40
0	0
0	276
0	0
0	0
0	2693
0	4235
4	3569
0	4229
0	4249
12	4175
13	3474
0	1650
0	4167
0	2456
0	3480
8	2497
0	2351
0	2318
0	1681
0	809
1	23
0	22
1	24
0	7
5	30
0	24
0	34
0	10
0	89
0	106
0	231
0	34
0	39
0	187
0	331
0	73
0	38
0	34
0	26
0	22
0	24
0	53
0	8
79	870
0	870
0	0
0	7
0	7
0	1
0	7
0	7
0	7
0	7
0	6
0	6
0	6
0	0
0	2
0	1
0	0
0	0
0	0
0	0
0	0
0	0
0	0
0	0
439	712
1	712
0	0
0	15
722	312
1	26
3	76
1	119
9	97
0	40
0	327
0	131
2	935
7	621
0	831
1	720
3	902
1	0
1	764
1	289
56	226
0	201
0	28
0	0
2	2
0	2
0	1
1	1
0	0
0	425
2	216
0	46
0	0
0	413
0	413
0	407
0	146
0	413
3	0
7	43
0	156
4	147
0	418
0	5
0	4
0	5
0	0
0	5
0	5
0	4
0	0
0	3
0	7
0	5
0	277
80	516
0	113
81	388
0	0
0	86
0	224
0	138
0	174
18	747
1	701
0	753
0	226
0	223
0	99
0	116
0	787
0	917
0	946
0	946
0	476
0	948
0	946
0	947
0	919
0	948
0	946
0	946
0	947
0	945
0	924
0	918
0	546
0	918
0	782
0	464
0	539
0	806
3	912
1	908
0	907
0	901
0	846
0	841
0	677
0	827
0	769
0	508
0	801
0	799
0	743
0	799
0	801
0	800
0	755
0	798
0	799
0	659
0	770
0	796
0	796
0	797
0	773
0	764
0	796
0	645
0	661
0	779
0	778
0	773
2	633
0	745
1	718
0	664
0	663
3	311
0	113
1	111
0	0
0	115
1	95
57	113
0	82
3	4
0	67
0	44
1	44
0	14
0	7
0	6
0	1
0	52
0	474
5	101
0	290
0	442
0	360
0	46
1	143
4	1013
10	558
4932	2146
4	256
7	1150
0	1266
306	581
0	620
8	44
12	517
0	161
0	294
14	154
0	177
0	68
0	281
0	0
0	0
0	0
0	0
0	0
0	0
0	0
0	0
0	0
0	0
0	0
0	0
0	0
0	0
0	0
0	0
0	0
0	0
3	3
0	116
9	508
2	147
14	35
1844	0
0	82
0	57
0	7
83	164
0	144
1	12
0	5
0	25
0	21
4	239
143	0
0	1438
8	335
0	1378
0	805
8	109
40	90
0	216
60	202
0	0
0	0
0	0
0	0
0	0
0	0
0	0
0	0
0	0
0	0
0	0
0	0
0	0
0	0
0	0
0	0
0	0
0	0
0	0
0	847
3	713
0	229
0	855
0	653
11	779
0	684
0	353
0	860
0	652
0	634
0	519
0	833
1	657
1	845
22	648
0	655
0	813
0	914
0	854
0	508
0	505
0	515
0	645
0	805
2	710
0	712
0	473
0	650
0	257
0	846
0	829
0	844
0	648
0	887
0	443
0	745
0	904
0	797
0	798
0	634
0	906
0	837
1	822
0	428
0	571
1	514
0	576
1	697
0	822
0	828
5	788
0	770
0	585
0	395
0	415
0	356
0	224
60	218
0	99
0	9
1	9
0	10
0	510
0	630
0	0
0	0
0	0
0	0
0	0
0	0
0	0
0	0
0	0
0	0
0	0
0	0
0	0
0	0
0	0
392	442
0	49
0	16
0	40
0	349
0	65
0	55
5	84
1	50
0	25
0	17
0	0
1	1515
347	1793
13	191
2	270
0	359
0	377
0	151
12	84
0	87
4	708
40	980
0	0
0	0
0	228
0	229
1	206
0	59
0	59
0	32
7	17
3	21
1	25
0	15
1	60
0	127
4	127
0	125
0	831
0	824
0	49
0	163
0	13
0	135
0	121
0	90
8	234
0	219
0	157
0	215
13	115
2	206
0	1839
0	2191
0	2115
32	1688
1	895
0	604
0	1178
0	755
1	480
0	1083
2	480
6	230
0	0
2	82
6	244
0	276
3	63
0	285
1	298
0	79
0	151
1	95
6	138
1	108
73	1625
3	1559
3	1575
1	1545
8	587
3	366
1	584
0	250
3	129
0	146
10	34
29	401
0	424
0	389
3	357
11	359
6	347
0	124
6	75
0	170
0	177
8	158
3	97
0	43
0	61
1	30
4	33
0	35
0	35
0	36
0	7
0	6
0	7
0	7
0	1
0	1
2	264
4	262
10	136
0	113
0	146
0	78
0	66
1	65
0	63
1	67
0	49
0	48
5	16
0	9
0	30
0	46
0	603
2	41
2	34
2	26
3	26
5	427
0	515
0	35
12	261
9	100
0	21
11	100
18	132
0	131
0	121
0	17
3	8
5	0
0	8
0	11
0	18
0	5
0	8
1	1
0	17
0	1019
54	884
0	887
2	232
0	384
4	55
1	183
33	508
0	63
1	583
0	1157
1	1137
0	1150
0	1123
0	1046
16	1111
0	34
0	535
0	113
2	156
0	435
0	119
0	107
0	69
0	47
0	37
97	254
0	56
0	42
11	135
2	169
0	24
2	197
9	197
0	31
0	44
3	266
0	653
194	308
12	614
0	798
0	579
0	588
0	569
4	115
6	113
0	98
0	1895
0	1894
0	1920
50	1706
26	1368
0	1880
12	1157
3	486
3	217
0	296
0	536
0	233
2	152
8	134
0	109
0	17
0	21
0	17
0	19
0	4
0	5
2	152
0	5
0	14
0	10
0	34
0	7
1	130
0	19
0	12
0	80
0	19
0	16
0	0
0	0
9	1266
0	194
0	862
2	796
4	213
0	1206
0	165
0	68
0	214
0	65
3	182
1	134
5	112
0	273
4	196
0	3
24	520
11	334
0	298
0	179
0	291
0	183
1	25
0	72
1	9
0	56
0	85
1	38
0	31
0	17
2	24
0	11
92	628
5	564
1	0
1	628
1	0
1	0
3	15
0	5
35	98
0	83
4	10
2	35
0	81
0	7
23	36
0	9
39	533
0	548
0	341
6	417
11	51
0	168
21	15
1	256
3	37
0	60
0	45
0	22
1	4
7	4
0	0
0	0
2	335
0	364
0	402
0	395
1	38
2	30
3	268
3	183
41	175
0	149
0	148
16	16
1	82
0	48
21	103
1	74
1	271
5	406
10	459
0	403
0	424
0	149
0	56
0	409
1	422
0	161
0	188
0	427
5	205
4	181
0	165
0	0
0	0
1	50
2	55
2	3
6	13
0	3
0	6736
34	3773
0	1084
9	1058
4	6549
0	0
2	0
0	600
2	82
0	869
0	864
24	228
1	117
0	47
139	5434
565	6076
0	1547
0	1499
0	1025
0	11
0	10
1	4
0	626
0	634
2	86
0	650
0	219
17	221
0	34
1	249
0	184
0	220
0	54
3	107
4	108
0	471
0	197
2	25
7	119
12	106
1	18
57	299
2	104
5	53
1	70
25	68
0	67
0	67
0	0
12	115
2	558
0	522
7	141
0	237
2	569
2	601
0	550
0	611
0	621
0	621
1	145
2	30
11	424
8	347
0	10
1057	338
0	338
1	167
484	471
0	211
0	160
1	361
0	443
0	111
2	126
4	6682
8	5417
0	6752
3	5348
149	6718
0	1983
5	4911
0	5417
8	6719
113	5383
11	5194
0	21
4	5306
0	1
0	0
0	1
0	0
30	528
12	522
0	198
0	192
1	232
0	192
17	46
2	30
8	49
2	36
0	5
0	43
0	72
1	1040
0	1449
45	72
4	1399
0	1319
0	1361
3	1033
3	1371
0	29
0	6
0	1336
0	142
85	1228
0	963
2	65
0	180
1	154
0	537
7	423
0	484
0	543
0	486
0	235
0	558
21	501
1	474
0	53
1	339
7	299
2	322
0	124
0	0
0	31
0	37
1	253
0	267
1	248
2	104
0	167
0	113
7	139
1	96
1	76
0	34
0	104
0	90
0	2062
0	8
0	7
0	4
1	642
0	447
0	0
0	363
0	352
18	180
0	312
0	382
0	352
0	11
0	148
0	332
0	374
0	346
0	339
0	380
0	314
0	377
8	55
0	140
0	325
0	328
0	314
0	290
0	384
0	366
0	97
1	334
0	161
0	364
0	366
1	204
0	357
0	22
0	376
0	207
0	377
0	164
0	368
0	21
0	303
0	195
0	346
0	311
0	123
0	84
0	279
0	3
1	157
0	119
0	110
0	128
0	120
0	167
0	315
20	157
0	123
0	120
0	290
0	288
0	108
0	49
0	239
0	236
0	21
0	195
1	190
0	189
2	186
1	182
0	187
0	188
24	186
0	96
0	155
0	129
3	35
0	111
0	92
1	83
17	76
0	86
1	292
0	228
0	125
0	204
0	0
0	1650
5	1135
8	1328
50	422
120	50
14	11
7	10
2	114
0	11
0	0
0	0
0	0
0	0
311	0
0	390
0	466
59	513
0	411
0	467
0	222
0	294
1	0
0	41
0	95
0	127
2	80
1	74
0	9
0	9
0	0
0	0
0	373
0	367
0	325
0	244
0	402
0	435
0	369
0	158
1	207
0	254
33	226
8	179
34	29
5	40
0	76
0	48
3	23
0	30
0	57
0	22
0	0
0	0
0	3
0	0
0	0
0	1
0	0
0	1
0	0
0	63
0	88
0	29
0	1285
1	31
0	37
0	549
0	1424
0	766
0	139
0	195
0	100
1	32
0	179
20	181
0	133
0	66
0	118
0	81
0	71
1	64
0	53
0	1144
0	399
0	44
0	66
2	121
14	91
0	106
5	114
0	81
0	86
4	48
3	32
10	16
1	22
5	43
1	38
0	30
0	37
0	0
0	38
0	5
0	2
0	2
0	2
0	2
1	3
0	37
0	16
3	14
0	10
0	2
1	1
0	4
0	3
0	0
3	230
6	963
0	987
14	899
2	955
0	535
0	716
0	796
0	942
0	683
21	234
8	81
0	237
1	262
5	128
0	309
0	194
0	264
1	151
0	205
0	203
0	123
0	8
0	176
7	156
9	164
7	83
1	25
11	911
8	80
1	7
1	57
0	46
0	70
0	13
0	31
2	2
14	45
1	35
0	10
1	13
0	8
1	0
0	0
0	0
0	1
0	1
0	1
0	0
0	0
0	0
0	0
0	0
19	205
4	217
0	308
0	303
0	205
0	300
343	317
0	125
1	303
1	201
1	98
8	25
0	0
0	89
2	12
0	99
0	99
0	69
0	69
2	14
1	34
4	17
0	4
4	20
0	46
1	35
0	31
0	2398
0	2398
0	45
0	211
0	204
0	478
0	2396
0	205
0	361
0	1003
0	2124
0	1917
0	1946
0	5
0	248
0	1865
0	192
0	266
0	234
19	37
0	1193
0	272
7	227
4	367
916	1895
0	1893
25	7
1	212
0	950
0	1
0	1
0	1
0	27
0	183
0	101
0	116
3	168
0	76
0	57
0	272
0	458
0	46
0	65
0	36
0	358
0	41
2	377
0	463
0	456
0	41
0	426
0	50
0	488
17	72
0	80
141	442
10	1454
14	1471
0	277
0	21
0	19
665	74
0	61
0	54
0	85
0	87
0	19
0	48
0	54
0	32
0	66
0	23
0	45
0	13
0	50
0	47
0	42
0	81
0	46
0	30
0	40
0	14
0	39
0	5
1	0
0	0
103	1408
1	1408
0	437
1	223
0	431
3	303
0	345
10	1127
0	171
1	0
538	0
0	1348
0	1332
0	1203
0	966
0	839
0	608
3	312
6	189
0	94
0	375
7	273
0	14
0	229
0	222
0	227
0	32
4	115
299	7
0	7
161	165
0	165
27	1506
48	1513
11	172
0	346
0	167
1	149
1	80
204	152
2	104
0	33
0	0
0	0
0	0
0	0
0	0
0	0
49	74
0	74
0	218
0	213
0	29
7	217
0	219
0	10
3	0
0	0
0	93
0	141
0	141
0	78
0	307
0	161
0	26
0	630
16	696
0	81
0	198
0	62
0	75
3	220
0	231
0	232
0	151
9	155
0	231
1	220
0	96
2	164
0	204
0	90
0	42
0	14
0	34
0	400
0	400
0	386
34	16
4	103
0	394
1	386
8	5
944	0
3	265
3	49
0	283
0	126
7	260
0	260
3	212
32	111
22	145
3	36
235	422
0	46
0	43
4	59
0	110
1581	110
0	1888
1	1649
0	1886
0	317
33	65
1	97
0	1
0	8
1	174
0	50
0	12
0	39
0	25
0	274
0	79
2	133
3	0
0	269
0	64
0	265
2	260
2	33
0	14
0	79
6	50
2	26
0	10
0	25
0	28
6	26
0	27
0	23
1	28
0	2
0	27
261	202
0	152
1	199
0	25
1	106
1	15
0	14
0	0
0	0
0	0
0	0
0	0
0	0
0	170
5	80
0	156
0	72
0	38
0	124
0	97
0	131
3	97
1	9
0	23
0	23
0	26
0	3
0	22
0	15
0	14
0	10
2	0
0	4
0	4
0	4
0	1
0	0
0	0
0	0
0	2
0	2
0	0
3	287
3	385
2	400
4	165
0	179
14	99
30	0
0	5
10	14
0	1
0	1
0	0
0	0
0	9
0	3
557	0
0	58
0	58
0	119
0	84
0	21
0	3
0	0
0	1
0	2
0	3
0	21
0	0
0	3
0	8
0	23
0	19
0	485
0	490
2	558
0	446
0	449
3	436
1	565
0	56
0	54
0	451
0	12
1	359
105	549
0	191
11	544
2	146
0	93
0	3369
0	7
2	3220
0	3210
0	97
0	3361
0	32
70	2231
1	451
3	278
28	155
0	20
0	44
39	59
4	20
0	2
0	2
0	0
16	431
7	431
0	179
0	872
12	10
9	10
0	133
2	860
2	860
1	10
0	6
7	0
0	85
0	2
0	0
0	2
0	2
0	20
0	40
0	57
0	65
0	63
0	0
1	0
0	505
0	458
0	470
0	519
0	506
0	493
0	382
13	302
6	348
0	325
13	23
0	767
0	769
1	777
5	777
14	452
17	922
3	127
0	508
0	506
0	501
0	503
0	385
4	432
3	54
0	36
3	359
0	8
0	121
0	137
5	106
0	113
0	14
3	20705
14	16815
0	19532
434	19909
0	225
0	20653
0	17750
0	4245
14	20652
0	211
0	19506
0	172
0	20677
0	171
0	12222
0	20284
0	18025
29	19060
0	12316
0	17717
0	17494
0	17453
0	2074
0	705
0	703
1	144
5	711
0	497
0	11
0	25
1	30
7	33
4	25
0	35
5	45
0	26
0	15
2	40
0	0
0	39
0	39
1	39
32	476
0	0
0	25
0	475
0	475
0	450
0	76
0	34
0	39
0	0
3	132
182	258
12	275
0	95
0	159
0	375
0	395
2	396
12	396
2	398
11	349
0	32
6	2
0	0
0	2
0	2
0	1
0	0
0	0
0	0
0	0
0	0
0	0
66	0
0	0
0	106
7	106
1	382
0	384
1	538
0	524
0	0
0	0
0	0
14	0
0	0
3	121
1	50
0	970
1	51
13	17
4	924
2	908
16	961
0	520
0	520
2	112
0	55
0	520
0	130
0	159
0	54
0	0
0	5
0	121
4	46
0	41
1	43
1	30
0	35
0	66
3	892
94	1037
15	1035
2	622
18	937
0	0
0	0
0	0
0	0
0	0
351	123
0	13
4	18
4	42
0	92
6	0
0	0
12	784
1	683
0	445
1	341
10	358
0	189
2	124
96	3664
1	3664
5	133
1	494
0	98
0	46
28	72
7	235
0	902
0	984
0	1
0	20
0	982
0	9
0	42
0	969
0	14
0	981
0	982
0	121
0	982
0	90
0	34
0	946
0	1
0	12
0	2171
21	2869
4	2917
0	2823
0	3075
19	32
0	9
0	51
3	189
0	147
0	58
0	189
1322	36
8	16
34	36
0	1212
22	1471
0	1541
3	1599
0	1603
0	1015
0	997
3	31
0	810
0	102
4	39
0	54
0	710
0	138
0	33
0	74
0	83
0	64
0	43
3	21
0	0
0	0
0	44
0	63
3	39
0	37
0	37
0	5
0	2
0	36
0	1
0	28
0	28
0	1
1	1
0	1
0	0
0	1
0	1
0	1
0	1
0	0
0	0
0	0
0	0
0	0
0	0
0	33
0	26
0	293
0	27
20	35
1	19
0	44
0	290
0	285
0	41
0	22
0	181
1	22
0	54
4	13
0	22
1	47
0	0
0	0
0	135
0	1097
0	106
0	1078
0	1062
0	143
0	136
0	1071
2	1080
0	996
0	0
0	14
73	9285
0	3654
901	9274
0	3166
0	4258
26	127
0	3106
0	1246
9	1217
10	94
0	0
0	0
0	0
0	0
2	267
34	267
1	9
15	151
66	159
0	20
0	31
1	36
0	14
0	18
0	24
0	14
0	304
0	294
0	303
0	304
0	271
0	287
1	291
0	292
0	222
0	163
0	158
1	18
0	45
0	16
4	23
0	65
0	56
6	3
0	193
0	4
250	195
0	186
0	14
2	32
0	0
0	0
0	1
0	0
0	1
0	0
0	0
1	1473
26	1473
0	15
0	1060
0	6
3	96
4	286
1	282
3	131
0	1096
0	1110
0	288
0	1086
0	1122
0	249
0	223
0	1041
0	1077
0	104
0	93
0	60
324	2
0	2
0	106
0	106
0	2
3	13
0	13
13	0
0	89
0	87
0	11
0	9
0	7
0	7
0	7
0	7
0	7
0	0
0	1
0	0
0	0
0	0
0	0
0	0
0	0
0	0
0	0
0	0
0	0
1	0
48	3198
0	2755
10	2909
0	2272
25	1461
23	564
0	1360
2	752
8	804
0	537
0	533
0	0
0	0
0	0
0	0
0	0
0	0
0	0
0	0
0	0
0	0
0	0
0	0
0	0
0	75
1	78
0	80
16	85
0	58
2	77
0	30
0	16
0	18
0	21
1	38
2	14
0	28
0	18
0	28
5	27
0	21
1	20
1	12
0	13
0	10
1	1
0	2
0	7
0	0
528	51
1	51
0	2063
9	2293
6	204
2	2108
0	2428
3	2744
8	310
0	1374
1	286
5	2058
0	449
0	166
0	1419
29	1409
0	753
0	353
15	871
2	84
0	585
2	372
0	165
0	108
0	165
1	34
0	453
0	446
0	107
0	149
7	445
0	0
0	640
0	971
0	1027
0	184
0	576
0	1062
0	833
0	875
0	970
0	466
0	150
0	1021
0	937
1	937
2	1018
0	987
0	2
1	1
0	644
0	854
0	867
0	966
1	894
0	994
0	117
0	173
0	717
2	529
0	92
1	151
0	235
0	720
0	565
0	42
0	98
0	414
15	265
0	994
1	3081
0	3109
0	3069
0	2959
0	3069
0	3078
0	635
0	3188
0	3108
0	2556
0	2755
3	2959
1	2923
6	2853
0	2937
0	3020
0	2914
6	2852
0	2754
0	1021
0	109
0	1455
0	350
0	576
0	194
0	194
0	185
0	88
0	378
0	65
0	59
0	78
0	64
0	19
0	65
0	63
0	66
13	1029
0	109
11	186
1	360
0	979
0	596
0	721
0	922
2	175
1	250
7	30
0	437
0	344
37	853
0	371
4	226
0	199
4	201
7	63
0	20
0	24
0	62
0	60
4	18
0	29
0	27
0	17
0	1
0	0
14	2256
42	642
0	429
1	814
3	2234
2	1927
0	288
6	133
2	353
808	0
1	624
0	103
0	630
8	269
3	84
2	584
0	102
0	138
0	55
0	473
16	99
1	28
0	37
10	56
5	33
12	17
2	112
0	36
1	60
0	43
0	126
0	115
0	37
0	45
0	44
0	47
2	51
0	37
0	164
0	92
0	65
0	190
1	129
0	32
0	32
0	10
0	26
2	8
3	1560
0	1594
1	41
0	396
9	112
2	134
0	96
15	500
1	39
2	47
0	400
0	264
0	444
0	314
0	226
0	149
0	96
1	368
149	174
3	53
0	56
0	10
0	348
0	305
0	288
1	311
0	100
0	129
0	40
1	91
0	36
0	3
451	178
0	84
0	123
0	27
2	69
0	27
5	27
0	6
10	321
44	195
4	150
4	32
0	119
0	72
14	32
4	134
0	307
898	466
0	151
0	134
0	36
1	407
0	39
0	43
2	3023
11	0
21	374
2	360
30	406
0	790
0	749
1	730
4	42
0	111
2	761
0	923
2	741
0	865
10	95
64	873
0	997
7	499
26	140
0	940
56	218
5	323
0	581
145	653
261	392
0	370
0	84
6	213
0	150
5	12
15	0
0	301
10	61
0	62
0	52
0	48
1	147
1	17
0	163
2	129
9	177
3	56
1	0
0	63
0	51
807	1779
27	1016
1	425
6	95
3	483
0	0
0	0
2	0
0	0
0	0
0	0
0	0
0	3
0	4
0	5
0	5
0	4
1	1
0	1
0	0
1	966
10	1049
0	1130
213	1044
5	415
2	425
0	1023
7	250
8	105
0	317
0	389
0	272
0	0
0	0
0	0
0	2
0	2
0	2
0	1
0	0
0	0
0	0
0	0
0	1
0	0
0	0
0	0
0	0
0	0
0	0
0	0
0	0
0	0
0	0
0	1
0	1
0	1
0	0
0	0
0	0
0	0
0	1
0	0
0	0
0	0
0	1
0	0
0	0
0	0
0	2
0	53
1	302
0	87
0	23
0	83
126	403
0	85
0	44
56	89
0	62
0	17
0	81
2	18
0	76
0	174
45	97
0	118
2	408
0	491
0	485
1	156
0	146
1	467
0	154
0	138
0	109
0	131
2	73
1	69
0	150
0	83
0	76
0	70
4	154
0	157
0	67
4	54
0	0
0	0
0	0
0	0
1	0
17	0
0	202
0	457
10	462
11	83
0	433
0	536
0	356
1	408
0	408
0	409
0	409
2	516
0	329
0	409
0	159
49	418
1	0
0	197
0	197
203	213
0	213
0	15
0	17
0	33
0	28
0	21
10	33
0	789
11	693
1	41
0	783
0	722
24	35
12	111
1	72
0	11
2	463
1	467
0	68
0	68
1	462
0	44
0	27
0	92
0	135
0	162
2	24
2	3
1	51
0	302
1	271
0	133
2	137
1	172
5	33
0	169
2	2
0	90
3	107
2	98
72	353
0	29
1	304
0	0
0	4
0	0
0	2
0	2
0	0
0	0
0	3
2	2
0	2
0	0
0	0
0	0
0	3
1	1274
5	1285
10	168
5	237
0	23
0	10
0	25
0	272
0	28
0	7
6	6
13	513
0	4
0	41
1	3
0	4
1	372
0	38
0	287
0	22
8	5263
41	5333
117	721
28	4583
135	1455
9	713
40	929
5	1912
0	19
1	321
0	17
0	297
0	187
0	31
1	39
0	151
2	25
0	9
0	239
0	36
0	26
11	76
0	0
0	76
0	830
0	830
0	0
1	0
0	88
0	86
0	88
0	88
0	82
0	74
0	69
0	72
0	63
0	70
0	53
0	0
0	0
0	0
0	462
0	534
34	276
0	445
0	331
9	228
1	170
5	88
0	36
0	46
2	0
0	4
0	0
0	4
0	0
0	44
0	29
0	34
0	20
0	5
0	12
0	17
0	12
0	6
0	2
0	0
0	10
0	3
0	0
1	1
0	1
0	0
0	0
0	2
0	2
0	1
13	253
0	253
2	200
0	70
7	27
10	1368
1	1368
3	545
0	0
0	0
0	0
0	0
0	0
0	0
0	0
0	0
0	2
0	2
0	0
0	2
0	2
0	0
0	1
0	0
0	1
0	1
0	1
0	0
0	1
0	0
0	0
0	1
0	0
0	1
0	0
0	0
0	0
0	1978
0	1377
0	1377
0	1974
0	1376
0	1940
0	590
0	1704
2	332
0	333
1	337
0	318
11	171
0	53
1	182
0	115
1	71
5	151
0	78
2	129
2250	2
2	1900
0	1970
0	1418
6	1900
0	1766
3	1523
1	1845
0	1334
0	1321
0	929
0	0
0	0
0	0
0	0
158	639
0	117
24	572
1	6
0	75
2	131
3	0
4	0
0	1
0	0
0	0
0	0
0	0
0	0
0	0
0	0
0	0
0	0
0	0
0	226
0	80
7	53
1	134
0	87
0	90
2	2
4	197
1	1102
1	958
0	938
6	812
0	207
6	581
6	252
14	326
0	137
0	546
0	607
0	168
0	69
0	104
16	278
3	237
1	330
262	138
3	75
11	12
47	3
352	3
0	354
0	375
0	203
0	15
0	68
0	104
0	88
0	110
0	369
0	97
0	92
0	14
0	15
0	106
0	19
1	0
0	561
45	534
1	189
3	474
0	521
2	481
3	61
0	62
149	404
55	574
1	473
0	1
0	2
0	2
42	87
0	87
5	41
1	6
5	335
0	425
2	431
0	480
220	927
8	52
6	448
0	356
0	672
0	378
0	95
25	85
0	0
0	112
1	105
0	22
0	25
0	112
0	8
0	6
0	8
0	18
3	286
0	290
0	321
0	236
0	248
0	319
0	291
0	223
2	19
0	250
0	192
0	124
0	132
0	201
0	200
0	211
0	21
0	55
0	79
0	224
0	169
0	146
0	102
0	214
0	46
0	91
3	79
0	103
0	138
0	120
0	71
0	7290
0	200
1	55
0	10179
0	685
0	6295
1	10026
2	10161
0	710
44	543
0	627
25	64
1	64
0	47
0	42
0	2
2	452
518	962
11	363
0	182
0	317
0	1
0	1
0	1
0	0
0	0
0	0
0	0
1	1226
0	1384
0	1159
0	1060
0	1202
0	326
1	448
0	399
10	249
0	89
0	370
2	318
0	186
0	289
0	178
0	189
0	184
0	115
3	18
4	3521
1	3434
0	3025
8	3420
13	3288
0	3329
0	3393
1	3231
1	3337
0	1589
0	3082
0	2937
1	2645
0	602
0	1441
0	278
4	99
5	45
0	202
3	3
662	1681
19	554
23	240
0	213
0	264
33	56
4	339
2	128
0	70
3	333
1	173
0	85
6	924
0	774
0	800
32	166
0	743
1	75
0	282
1	279
0	59
0	251
8	119
15	80
1	1
0	1
24	1553
0	1553
0	423
21	681
2	606
1	425
0	587
68	661
0	464
0	472
0	234
2	302
4	105
0	79
1	131
255	103
0	47
0	96
688	90
0	90
0	295
0	504
0	397
1	483
2	144
0	417
1	439
2	82
0	306
0	259
1	302
0	247
4	322
0	246
0	225
0	272
0	208
0	141
0	112
1	92
0	34
8	728
0	660
1	709
2	713
11	481
2	109
0	106
0	96
1	95
0	85
1	70
0	92
0	59
0	66
0	60
0	48
0	15
0	65
0	67
0	8
0	53
0	59
0	57
0	65
0	43
0	18
0	0
0	0
0	1912
2	1993
0	1422
0	441
5	334
19	1192
0	1248
0	191
96	372
0	222
0	196
4	136
16	13
0	6
1	7
13	8
1	8
0	6
330	678
0	678
1	74
0	1009
0	1010
6	994
0	1021
0	579
194	597
2	200
1	236
0	148
0	22
0	280
2	151
0	105
0	125
1	17
0	10
1	742
2	391
0	56
0	54
0	40
1	53
0	8
0	54
1	47
0	26
0	25
0	37
1	9
0	2
0	1
0	1
0	1
0	1
0	1
2	187
161	187
2	58
1	55
0	15
4	48
1	255
0	295
1	33
0	421
0	448
0	19
0	263
0	72
0	72
1	72
0	72
0	91
0	9
0	8
0	24
0	28
0	34
0	325
0	18
0	23
0	24
0	33
0	283
0	10
0	10
0	10
0	10
0	10
0	5
0	5
0	38
0	5
0	32
0	15
0	12
0	11
0	2
16	143
0	29
0	256
0	8
0	45
0	46
0	0
0	0
0	94
0	81
0	82
0	85
0	207
3	123
2	761
1	381
0	217
30	208
1	744
0	37
0	35
0	36
2	2
0	17
0	0
0	0
0	0
0	0
0	0
0	0
0	0
0	0
0	0
0	0
0	0
0	0
0	0
0	0
0	0
0	37
1	49
0	190
0	66
0	9
3	193
0	201
0	154
0	10
0	165
3	69
0	6
1	71
6	180
3	0
0	64
3	98
0	1535
3	639
26	776
0	1535
22	1574
118	0
0	429
131	237
0	272
6	193
0	193
0	16
0	176
0	41
0	49
7	59
3	47
0	68
0	27
0	576
41	574
0	538
0	217
0	42
4	566
1	585
13	92
0	133
0	141
0	323
0	125
0	145
0	147
0	104
0	129
0	181
1	139
0	181
0	152
0	26
0	140
0	140
0	112
135	346
0	127
0	193
0	114
0	185
4	2
0	2
0	11
14	15
0	12
2	15
0	11
0	9
0	10
1	28
0	7
0	11
0	7
13	29
0	1
7	644
0	2052
0	371
0	426
0	440
0	454
0	450
0	794
0	1686
0	1650
0	352
0	680
0	250
0	291
0	633
15	140
0	180
0	231
0	235
0	259
3	602
300	1414
0	85
80	1356
0	133
0	1077
1	543
1	73
0	2716
0	667
0	8050
0	7556
0	857
0	10350
0	73
0	260
1	991
4	7058
1	10170
0	535
0	763
56	3655
0	630
0	557
2	534
2	2290
1	157
18	8207
5	317
0	5543
1	589
0	1373
47	510
0	549
53	614
0	451
19	84
8	23
0	1443
0	350
4	1337
0	1396
0	994
0	1403
0	1333
0	1454
0	136
0	1363
0	224
1	158
0	119
1	78
0	162
0	453
2	16
0	539
4	17
0	20
0	429
0	452
0	274
0	452
165	723
0	545
0	529
0	265
1	496
0	516
5	511
0	487
1	304
0	308
0	312
0	237
2	252
0	183
0	190
0	170
0	96
2	40
8	3
0	25
10	18
0	509
3	1886
0	14
0	964
0	1005
0	1074
0	60
26	490
0	1132
18	1767
0	1860
5	893
0	1525
0	1866
0	18
12	1810
0	950
4	573
5	489
14	179
0	1858
324	201
0	170
0	91
0	91
0	76
2	556
0	564
0	227
2	381
0	0
1	572
2	392
0	11
0	11
0	5
0	5
0	2
0	890
0	1334
0	1368
0	885
0	1082
0	910
1	1073
27	1111
19	1131
0	1109
0	674
6	1087
11	274
0	287
0	0
0	28
1	0
0	0
0	0
0	0
0	0
0	0
3	1084
18	383
35	2427
1	1760
0	0
0	0
0	0
0	0
0	0
0	0
0	0
0	0
0	0
0	0
0	0
0	0
0	0
0	0
0	0
0	0
0	0
0	0
0	0
0	0
16	63
0	63
1	18
0	13
0	13
2	5
7	219
0	201
1	145
0	77
0	123
0	70
0	66
0	77
0	21
0	10
0	9
0	21
0	1
0	19
0	12
0	5
1	9
0	11
768	2352
7	2273
117	424
0	1
0	10
0	10
0	1
2	9
0	10
0	0
0	0
0	0
0	0
0	0
0	0
0	0
142	4139
0	4143
0	2507
1	144
10	675
93	737
0	58
0	59
0	53
0	44
1	8
0	8
0	18
0	50
0	56
0	3
0	0
0	0
0	3
0	3
0	3
0	1
0	1
0	0
0	0
0	0
0	1
0	0
0	1
0	1
0	0
0	1
0	0
0	1
0	0
0	0
0	0
0	0
2	34
0	10
0	8
0	35
699	413
0	298
1	36
4	120
575	562
1	319
0	336
1	120
1	71
0	87
0	83
0	69
0	45
0	9
119	624
0	156
0	524
0	396
1	391
1	350
0	347
0	347
0	347
0	340
4	337
0	395
0	132
0	65
0	29
0	25
1	28
0	28
1	26
0	18
0	17
0	4
0	0
0	0
0	0
0	0
0	0
0	0
0	240
510	283
0	124
0	126
8	303
0	0
0	2
3	16
19	16
0	10
0	8
0	1
0	1
0	1
0	1
0	1
0	1
0	0
0	0
0	236
5	240
1297	663
12	109
11	591
0	370
0	436
0	259
0	443
0	359
1	271
0	365
0	363
3	115
0	121
13	62
0	279
0	96
0	133
0	38
0	178
0	186
0	185
0	158
3	130
0	75
4	682
30	658
0	699
0	669
0	669
0	680
0	425
0	88
4	74
4	41
0	177
0	90
0	123
0	77
0	86
0	4390
2	361
0	2031
0	4417
0	3639
0	4143
0	1833
0	992
2	1433
8	312
0	402
36	1343
0	884
19	118
0	1096
2	293
47	912
479	57
0	57
2728	2068
1	283
2	56
19	458
9	401
0	122
1	1150
7	84
0	1060
34	347
13	17
0	17
1	324
2	332
0	0
0	0
0	0
0	0
0	0
490	258
0	110
1	148
0	1071
0	29
1	1073
1	453
2	163
1	77
0	96
9	80
0	44
0	19
10	31
0	45
2	8
0	60
0	61
0	61
0	50
0	48
0	30
0	25
0	58
1	286
0	263
19	111
14	8
0	18
6	116
0	238
0	105
0	0
0	0
0	0
0	0
0	0
87	1288
0	1228
2	755
0	573
1	628
0	669
0	397
0	205
0	228
0	240
7	210
0	73
0	60
0	4
0	0
0	1
0	1
0	0
1	428
0	2191
75	620
0	391
0	357
1	96
3	2072
0	1172
383	815
2	140
0	189
2	763
0	24
8	72
1	193
17	1
0	0
0	0
0	0
0	3
0	3
0	0
0	2
0	2
0	2
0	0
0	3
573	110
0	49
0	98
0	64
23	67
0	41
0	40
0	8
0	4
0	8
0	0
0	5
0	4
0	1
0	5
0	3
0	1
0	0
0	2
0	2
0	1
0	1
0	1
0	2
0	1
0	1
0	0
0	1
0	0
0	1
0	0
1	1
0	0
0	0
0	0
0	0
0	0
0	0
0	0
141	185
0	94
1	48
1	146
0	60
0	30
5	33
1	10
0	1
0	37
0	41
67	628
2	36
0	107
0	587
0	0
0	0
0	0
0	0
0	0
0	0
0	0
0	0
8	1325
0	1029
0	972
1	471
0	219
0	433
9	247
1	50
0	115
2	45
24	14
0	1302
0	64
0	43
0	46
1	672
978	1166
0	704
3	152
5	12
1	348
0	301
0	358
0	97
6	31
0	135
0	6
0	0
1	190
2	190
0	149
1	102
0	48
4	75
0	56
0	0
0	0
0	0
0	0
0	1
0	0
0	0
0	1
210	1
0	555
4	162
0	88
16	89
0	85
126	0
8	803
6	304
12	464
0	39
0	462
1	39
0	54
0	25
0	15
0	71
6	33
0	28
1	71
5	35
7	77
0	77
0	0
1	0
2	0
0	0
18	0
0	22312
2	8032
0	13120
42	22278
0	12665
65	7000
0	10146
0	13530
0	16583
47	14907
33	16604
53	12016
1	14184
13	8314
0	16631
2	22266
2	72
0	77
1	12
0	13
0	11
0	0
0	0
0	0
0	0
0	0
16	161
6	21
3	15
0	48
0	54
9	151
1	48
0	42
0	50
506	123
1	25
0	5
0	37
0	17
0	4
0	98
0	0
0	0
0	0
1	3
0	3
0	0
1	1
32	6
0	13
4	42
0	42
0	11
13	5
0	11
0	18
1	7
5	78
0	80
1	17
0	4
0	5
0	4
5	7
0	3
0	7
0	4
65	0
7	538
60	2312
12	1311
0	55
1	189
203	760
1	157
0	58
0	141
2	85
0	284
0	271
0	53
13	895
0	1107
18	1077
0	543
2	610
0	403
5	106
1755	2318
2	826
0	509
0	494
1	448
2	182
0	280
13	504
1	215
0	172
8	172
1	102
11	3615
7	3068
0	1547
0	1157
3	581
0	504
260	521
14	521
0	21
0	9
2	27
0	5
0	0
0	0
0	0
0	0
0	181
4	34
0	64
0	51
3	50
1	65
1	173
0	173
1	164
0	54
0	7
0	18
1	45
0	174
0	36
0	10
1	16
0	47
0	11
1	14
0	9
0	173
2	326
1128	372
0	79
0	0
0	0
1	432
854	480
4	50
0	0
0	0
0	0
0	0
0	0
0	0
0	0
0	0
0	0
0	0
0	0
0	0
0	0
19	366
0	484
0	483
1	105
0	473
0	29
0	31
0	82
2	25
0	35
6	99
11	24
20	0
0	44
0	84
0	36
0	77
1	20
0	0
0	0
0	711
2	0
0	167
1	163
0	134
0	126
0	151
0	0
0	74
0	53
0	37
0	14
0	0
0	0
0	0
0	0
0	0
0	0
0	0
0	0
0	0
0	0
0	0
0	0
401	3028
61	1603
100	2117
2	2731
9	434
79	778
0	0
0	0
0	0
0	0
0	0
0	0
0	179
3	179
0	163
1	0
0	1
0	0
0	0
0	1
0	1
0	0
0	0
0	0
0	0
0	0
0	0
0	0
0	0
0	0
0	0
0	0
0	1822
5	184
2	744
0	401
0	1836
0	269
40	279
0	1265
0	1517
0	1959
20	1259
339	2
0	63
5	54
0	0
0	0
0	0
0	0
3	4
0	4
0	3
1	1
0	3
0	3
0	1
0	0
0	2
0	0
0	2
0	2
0	2
0	7202
152	7243
110	6930
0	6891
0	6910
7	6923
0	3771
8	2976
9	531
5	423
0	0
0	23
0	149
1	35
0	186
1	215
0	53
0	205
0	189
0	113
0	161
23	141
22	45
0	175
0	142
0	106
0	65
0	166
0	71
0	77
11	132
0	66
0	91
0	0
1	0
0	0
0	0
0	101
0	0
0	0
0	0
1	1571
0	304
0	831
50	918
0	145
0	206
18	1529
1	1089
3	331
0	302
0	78
4	271
0	185
1	19
3	288
0	36
31	171
0	164
2	286
2	294
1	65
0	78
0	65
0	41
0	25
1	14
0	0
0	0
0	0
0	29
0	316
0	1005
0	989
0	1038
0	982
0	942
8	78
1	803
0	784
1	29
0	17
4	298
0	10
0	77
0	51
2	204
0	33
0	25
0	0
0	13
0	0
0	2
0	0
0	2
0	0
0	0
0	0
0	0
0	0
0	2
0	0
0	0
0	2
0	2
0	2
0	2
0	0
0	0
0	0
0	2
0	2
0	0
0	0
0	2
0	2
0	0
0	0
0	0
0	0
0	0
0	0
0	0
0	0
2	203
41	0
1	219
0	166
0	219
1	23
0	0
0	219
0	0
0	0
0	0
0	0
115	529
0	370
3	307
2	68
1	127
2	152
0	42
7	24
0	1
0	1
0	0
0	1
0	0
0	1
0	0
0	28
0	28
0	19
0	12
0	0
0	0
0	0
0	0
0	0
0	0
0	0
0	0
0	0
0	0
0	0
0	0
0	1
0	1
0	1
0	1
0	1
0	1
0	0
0	0
0	0
0	0
0	0
0	0
48	2021
3	2021
0	410
1	163
5	296
778	718
0	451
3	456
0	3
3	148
0	47
0	663
0	0
0	7403
0	4787
2	2923
0	11315
1	5654
0	11405
0	9170
0	5149
94	1947
1	6636
6	8978
0	8578
8	9659
0	4936
0	2124
1	389
168	836
2	785
14	56
0	154
6	154
0	118
1	62
12	663
1	649
4	663
2	0
0	68
5	210
0	316
8	150
1	304
2	252
0	160
0	133
9	91
33	34
0	16
0	6
0	1
0	5
0	1
0	6
12	16
0	5
0	1
0	1
0	0
0	0
0	0
20	116
17	135
5	131
0	91
0	185
0	553
0	225
12	64
4	140
0	98
33	103
0	275
13	295
0	284
0	166
0	111
0	199
0	127
1	97
0	712
0	739
0	48
8	705
0	693
0	686
0	722
0	736
0	718
0	681
0	650
1	733
1	704
0	738
0	738
9	740
0	723
0	645
0	756
0	697
0	47
0	686
0	708
0	688
1	709
2	489
9	422
1	276
0	12
0	116
1	111
0	110
0	13
0	100
0	53
0	96
3	38
3	38
0	53
2	27
3	23
0	621
0	94
11	588
0	99
0	200
0	179
6	104
0	188
0	123
0	22
6	13
0	57
10	80
0	123
0	123
1	107
0	77
0	90
0	50
0	38
0	56
0	56
0	56
0	54
0	56
0	48
0	55
0	56
0	56
0	52
0	58
0	51
0	47
0	44
0	0
0	7
0	16
0	0
0	10
0	5
0	5
0	3
0	1
0	1
2	1
0	117
0	46
1	429
0	59
0	1
0	1
0	1
0	1
0	13
0	11
0	13
0	14
0	3
0	2
0	1
0	0
0	0
0	0
0	0
0	0
0	0
0	0
0	18
0	18
0	18
0	1
0	17
0	0
74	128
0	25
0	24
0	17
0	120
0	26
0	31
0	35
2	38
0	41
0	10
0	15
0	5
102	0
102	2000
2	1953
0	1899
5	78
0	401
1	70
2	135
0	82
0	105
0	0
0	944
1	235
12	74
0	206
0	268
0	268
0	162
2	67
0	28
0	26
0	27
2	258
1	210
16	50
0	293
8	1948
232	2433
9	276
0	125
9	677
0	29
0	138
6	186
5	106
0	110
0	551
0	557
0	550
0	558
0	115
0	64
0	12
2	12
5	14
0	0
3	0
3	2
0	0
0	0
0	0
0	0
0	0
0	0
0	0
0	0
0	0
0	0
0	0
0	0
0	19
0	26
5	22
0	297
0	304
2	34
3	28
0	280
0	258
3	5
4	1
1	16
10	79
0	17
9	13
0	11
15	114
1	107
2	12
0	18
0	91
0	10
4	54
0	47
0	50
0	6
0	6
0	6
0	519
0	432
1	490
0	367
0	123
0	91
0	46
0	69
0	82
1	18
0	39
0	24
0	409
0	392
0	370
1	16
0	112
0	83
2	55
0	41
1	115
0	210
0	80
0	133
1	93
64	52
23	329
0	211
110	271
7	191
0	191
0	555
0	566
0	130
1	84
4	1
3	31
6	517
0	168
1	131
0	5
0	160
0	182
0	93
1	173
0	169
0	57
0	93
0	88
0	94
0	0
0	0
231	115
2	48
8	15
1	94
89	0
0	29
2	29
1	4
0	12
0	0
0	31
0	26
2	27
0	5
0	71
183	0
0	1444
1	1409
0	1405
0	161
2	180
0	359
7	778
1	279
56	176
192	195
4	314
0	337
0	296
7	231
28	131
0	133
2	113
5	50
1450	1234
0	85
2	67
0	19
1	30
2	1119
3	149
0	153
6	16
2	101
3	125
4	79
13	418
5	416
1	24
1	68
0	61
3	40
0	185
0	41
0	16
0	0
0	0
0	0
0	0
5	0
1	61
1	662
13	658
1	600
123	605
1	658
0	31
0	69
0	143
1	110
6	65
0	141
0	143
0	63
3	33
11	29
0	29
0	28
0	3
0	1
151	367
0	208
2	210
0	0
0	0
10	27560
24	27016
0	26858
0	12712
11	4054
0	4433
0	4197
1	2644
0	0
0	0
0	18
0	18
1	6
0	15
0	19
0	3
1	8
0	11
0	3
2	4
0	5
0	4
0	4
0	3
0	2
0	1
1	19
0	19
30	2428
5	2486
1	1780
2	579
0	93
73	12770
0	12745
0	11500
85	3254
0	12808
0	11495
1	3205
31	5860
0	7694
173	6986
0	5745
1	4168
0	4020
5	1303
0	62
0	281
20	370
0	390
0	375
0	461
1	364
1	417
0	400
0	365
14	398
0	317
0	245
1	158
0	319
0	182
0	135
0	0
0	0
0	0
0	0
40	4
0	4
5	0
0	0
0	0
53	609
4	175
0	579
4	188
1	316
232	23
2	11
0	18
4	23
0	14
2	10
0	10
1	14
0	13
10	10
2	32
419	88
0	87
0	881
0	857
1	724
0	413
0	196
0	419
0	404
3	378
0	389
0	331
0	378
0	375
0	141
9	47
0	122
0	162
2	190
4	59
0	34
0	849
0	269
0	46
3	586
1	37
0	567
0	561
0	547
0	63
0	42
3	22
0	42
0	270
0	81
0	276
2	2389
1	177
0	2236
0	128
0	661
4	200
2	444
21	989
0	185
0	351
0	157
2	157
0	17
0	9
1	3
1362	1045
0	272
0	706
0	554
0	305
2	126
0	111
0	8
0	7
1	17
0	1453
0	26
0	313
0	1503
0	505
0	25
1	8
0	50
0	83
0	54
2	156
1	90
956	379
3	31
11	94
1	143
1	84
1	112
0	19
20	1503
0	1666
13	1652
2	101
0	9
1	90
0	108
0	3
0	105
0	18
0	12
0	20
0	0
1	0
0	31
0	14
0	31
0	24
0	22
0	17
1	20
0	12
0	18
0	23
0	19
2	0
0	14
0	15
1	7
0	8
0	14
5	6
0	88
0	114
0	33
0	57
4	7
2	25
4	323
1	325
0	323
3	87
0	90
4	8
5	52
10	418
0	438
8	390
0	394
0	397
0	426
0	429
0	377
1	431
2	382
0	375
0	403
0	403
0	389
0	338
0	39
0	297
0	85
0	96
0	64
10	61
0	43
0	86033
0	1
0	139685
0	140187
1	128743
0	139412
2	139084
0	139075
0	133920
0	131208
3	139198
0	139104
0	58917
32	133925
0	129424
10	139384
2	139337
0	139052
9	129457
7	126938
0	92868
0	85554
0	9373
0	2
1	464
0	458
0	55
0	279
0	42
0	324
0	0
1	2547
6	1969
0	2625
0	2645
0	2637
0	615
0	2313
1	27
1	87
0	104
7	235
0	106
2	93
7	448
0	24
34	348
0	83
6	169
12	95
0	0
2	778
5	843
1	779
0	282
0	203
2	0
0	0
0	0
0	978
0	966
0	276
0	1054
0	1013
0	1027
0	219
0	911
0	184
0	125
0	955
0	428
0	205
0	1056
0	267
2	247
0	331
0	1032
0	356
0	363
1	97
1	139
0	241
14	744
5	708
0	738
10	424
0	46
2	38
0	26
3	405
0	20
0	75
6	60
12	60
0	54
0	8
0	60
18	60
0	26
0	15
0	13
1	10
0	10
2	7
0	541
0	364
10	311
2	229
156	428
0	198
23	190
1	182
0	183
2	123
4	64
13	57
2	402
1	10
1	51
0	406
1	41
0	395
2	378
0	421
0	36
0	12
0	26
0	162
0	19
0	50
0	326
0	10
0	331
0	84
0	49
33	53
0	61
0	254
0	72
0	86
0	57
0	93
0	76
0	80
0	408
0	3
1	2
0	0
0	3
0	0
1	49
6	49
18	197
0	196
0	189
0	169
3	157
0	169
1	61
0	38
5	544
0	581
0	663
0	663
0	239
0	627
0	615
2	213
1	420
0	495
0	542
0	298
1	425
2	440
0	307
18	229
0	209
2	62
0	87
0	6
0	6
0	0
0	6
0	16
0	16
0	14
0	14
0	6
0	16
0	16
0	16
0	16
0	17
0	4
0	15
0	17
0	17
0	14
0	15
0	15
0	13
0	16
0	17
0	15
0	15
0	14
0	13
0	16
0	13
0	12
0	12
0	13
0	12
0	10
0	12
0	12
0	9
0	9
0	14
0	12
0	13
0	11
0	8
0	14
0	11
0	13
0	9
0	9
0	10
0	8
0	13
0	9
0	9
0	9
0	12
0	12
0	12
0	7
0	11
0	7
0	11
0	10
0	8
0	10
0	8
0	9
0	11
0	10
0	10
0	7
0	10
0	12
0	10
0	9
0	9
0	10
0	11
0	11
0	10
1	8
0	9
0	8
0	11
0	7
0	11
0	9
0	10
0	10
0	9
0	12
0	9
0	9
0	11
0	9
0	10
0	8
0	10
0	13
0	11
0	11
0	7
0	12
0	11
0	8
0	9
0	10
0	9
0	8
0	10
0	11
0	11
0	10
0	10
0	10
0	9
0	8
0	9
0	6
0	8
0	6
0	4
6	3
0	4
0	4
0	4
0	3
0	4
0	3
0	3
0	5
0	3
0	0
0	0
0	0
0	0
0	0
0	0
0	4
0	2
0	0
0	0
0	3
0	1
0	3
0	1
0	0
0	0
0	2
0	2
0	0
0	2
0	1
0	1
0	2
0	2
0	2
0	2
0	3
0	2
0	2
0	2
0	2
0	2
0	3
0	2
0	1
0	0
0	1
0	1
0	1
0	1
0	1
0	2
0	2
0	0
0	0
0	1
0	2
0	1
0	2
0	2
0	3
0	0
0	1
0	1
0	1
0	0
0	1
0	0
0	0
0	0
0	3882
1	3473
0	1332
1	419
3	1003
0	481
11	747
3	303
2	514
0	3099
0	791
0	791
0	791
0	791
2	791
0	791
0	791
0	794
0	661
0	718
0	74
0	19
0	10
0	7
1	1
0	0
0	12
0	1
0	4
1	0
0	6
0	7
0	1
0	0
0	5
1	5
0	0
0	12
1	8
1	7
0	3
0	11
0	0
0	1696
0	1695
1	600
0	190
0	119
0	113
0	162
0	174
0	100
0	564
0	8
0	8
0	7
0	7
0	7
1	7
0	7
0	6
0	6
0	6
0	6
0	6
0	4
0	4
0	4
0	4
0	3
0	1
0	3
0	3
0	5
0	6
0	2
0	4
0	0
0	1
0	1
0	0
0	0
0	0
0	0
0	0
0	0
0	0
0	0
0	101
0	1083
0	146
4	74
0	112
1	924
0	64
0	36
0	35
0	1
0	35
0	0
0	0
0	35
0	35
0	35
0	35
0	35
0	35
0	35
0	35
0	35
0	738
0	876
0	819
6	275
0	182
0	415
0	768
1	643
1	816
6	760
0	110
2	117
0	240
0	320
0	32
1	96
0	409
0	134
2	127
6	31
1	78
0	582
0	586
0	578
0	610
0	272
0	286
0	276
0	274
17	209
10	261
0	265
2	34
43	10
0	54
0	86
0	39
0	38
0	38
1	37
1	9
9	911
0	1251
1	1247
0	951
6	70
7	168
0	119
0	34
0	87
1	10
1	43
1	40
0	15
0	5
0	4
3	8
0	15
194	183
0	179
2	5
0	0
0	3
0	4
0	4
0	4
0	4
0	3
0	2
0	0
0	0
0	0
0	0
0	0
0	0
0	0
0	0
0	0
0	0
0	0
0	0
0	0
0	0
0	0
0	0
0	0
0	0
0	0
0	21
0	23
0	19
0	18
1	5
0	69
0	69
0	40
1	3
0	4
0	9
24	9
6	0
0	9
8	767
10	1380
115	1277
0	1424
0	1778
0	1437
0	1393
3	554
0	1111
0	431
9	151
0	828
0	793
3	321
0	118
0	184
0	135
0	160
0	140
0	370
0	318
0	106
0	69
9	232
1	171
0	258
0	1
0	1
0	1
0	1038
0	1033
0	1236
0	1410
0	1634
0	2200
0	2233
1	2876
2	2867
0	2886
0	3285
0	3354
0	3595
0	3593
0	4142
0	4142
0	4132
0	4114
0	4157
0	4140
0	4085
0	4048
0	4137
0	4144
0	4170
0	4140
0	4141
0	4205
0	4164
0	4182
1	4141
0	1842
0	1035
3	105
2	521
1	195
0	350
0	2439
0	393
0	75
3	166
0	1217
5	151
0	316
0	1577
0	204
0	1566
0	1313
10	885
0	128
0	236
0	863
2	145
1	71
0	802
0	681
5	65
0	156
1	450
0	439
0	390
0	464
0	386
0	332
9	355
0	469
0	538
1	278
0	280
0	343
0	337
0	152
0	185
0	225
0	141
3	87
0	159
4	177
0	124
0	102
2	89
0	23
0	32
1	179
0	151
0	163
0	32
0	150
0	18
0	54
3	7
0	72
0	59
0	0
0	0
0	0
0	0
0	902
26	801
0	810
2	763
5	274
0	0
0	0
0	0
0	24
1	95
0	161
8	1088
8	469
27	1075
0	1025
0	199
0	124
1	0
1	508
0	83
1	993
0	27
2	123
0	28
0	111
1	34
2	15
1	8
0	1318
0	1192
0	189
0	832
0	211
0	220
0	1292
0	862
0	196
7	1341
0	1383
0	1344
0	1374
0	100
0	1282
0	841
0	1091
1	1191
0	734
0	1331
2	211
2	208
1	629
0	749
0	514
0	1136
0	246
0	1142
9	211
0	659
0	246
0	119
0	368
15	322
0	390
0	740
0	104
0	300
1	110
0	161
0	107
14	517
2	1
0	1
0	1
1	0
0	40
304	618
3	436
10	182
0	176
0	414
0	335
1	231
2	230
2	139
2	272
0	273
0	205
0	80
0	0
1	127
0	103
1	0
0	0
0	0
2	2
0	0
0	0
0	0
0	2
0	0
0	0
0	0
0	0
0	0
0	0
0	7
2	28
0	28
0	0
0	98
0	635
11	1635
0	129
0	892
0	85
0	450
0	239
5	224
0	25
0	40
0	23
0	225
0	215
217	407
3	133
0	213
15	96
0	248
0	164
0	1578
0	10
1	30
169	162
1	137
0	114
46	552
1	485
0	18
0	424
1	399
0	14
1	281
0	287
2	79
0	0
0	2083
1	1124
24	1136
0	1646
885	241
11	148
3	1076
1	2746
0	2700
1	1506
0	2320
6	655
0	501
2	682
0	170
4	681
0	688
2	74
6	52
3	19
0	6
0	756
0	12
0	9
0	13
0	1
0	4
0	0
0	2
0	4
0	4
0	3
5	41
1	62
2	89
0	28
0	48
0	15
0	23
0	45
0	36
0	12
1	0
0	1
0	20
92	1300
11	122
0	49
35	563
5	125
0	120
0	115
10	47
4	11
0	8
0	3
0	3
0	3
0	3
652	0
3	0
163	68
106	577
4	196
0	49
3	24
0	1386
0	1690
4	674
66	1179
0	1644
0	1093
9	1693
0	742
0	705
0	67
1	0
0	0
0	0
0	0
0	107
0	108
0	124
0	105
0	104
0	71
0	92
0	92
1	77
1	71
0	54
0	16
0	29
0	9
0	0
0	3
0	0
0	0
0	0
0	0
0	0
0	0
4	160
0	91
1	158
0	83
0	9
0	100
1	601
0	568
3	561
1	603
0	578
0	436
3	454
0	383
0	412
0	448
0	424
0	415
0	336
0	328
1	242
0	311
0	270
0	260
0	71
0	103
0	121
0	143
0	157
1	33
0	20
0	120
0	89
0	0
1	80
0	111
0	55
0	71
0	71
0	71
0	0
0	0
1	69
0	0
0	0
0	0
1	78
0	0
0	21
0	3
0	15
0	0
0	0
0	0
1	0
0	0
0	0
0	0
0	3
0	0
0	0
0	0
0	133
0	593
2	579
3	183
4	311
2	298
1	299
2	150
2	8
42	2145
5	383
0	381
0	1894
0	1894
0	283
1	103
1	190
2	74
1	211
0	256
2	243
0	240
0	57
7	2034
0	1059
52	381
34	378
8	339
0	65
0	377
2	90
10	63
8	77
1	45
0	48
0	14
0	39
0	264
0	67
0	699
0	0
0	33
0	32
4	514
5	103
0	541
0	486
1	92
0	70
0	126
0	163
3	1529
5	1516
0	31
2	30
15	1187
0	3
0	3
0	3
0	1
0	0
0	1
0	1
0	1
0	1
0	1
0	0
0	0
0	0
27	1194
0	1271
0	614
40	1209
0	1244
0	1188
1	1167
8	1041
8	1022
0	0
0	0
0	0
0	0
0	0
0	2478
0	3403
459	2258
0	2469
2	2479
0	3399
20	3357
0	2531
0	2655
0	903
5	182
0	800
14	309
9	350
0	442
8	324
67	410
14	182
1	167
0	157
134	150
0	144
1	134
0	403
0	144461
0	142635
4	1
3	1
195	378
2	104
2	34
64	145
0	195
0	62
2	105
0	75
0	101
3	128
0	86
0	55
0	184
0	10
0	11
1	11
5	9
0	190
0	173
0	169
2	436
0	445
1	436
14	43
0	0
1	21
0	20
0	54
0	25
0	33
0	21
0	17
0	6
0	5
0	435
0	183
2	0
0	0
0	0
0	1
0	0
0	0
0	0
0	0
0	0
0	0
0	0
0	0
0	1
0	0
0	0
1	0
0	0
0	359
12	366
3	7
0	87
0	87
0	155
8	0
2	12
0	43
0	9
0	25
28	17
0	4
0	6
0	9
0	10
0	8
2	3
146	20
0	9
0	12
10	24
0	1
0	4
0	6
0	18
0	6
0	0
2	5
0	4
0	11
57	355
0	217
0	198
2	138
0	186
0	79
0	34
14	111
603	330
12	297
1	285
0	62
2	14
0	111
364	643
2	29
1	36
21	600
38	514
12	208
225	1239
0	1143
0	600
0	407
8	115
0	1314
16	1402
17	213
0	10
0	82
1	0
21	52
0	52
3	19
1	9
6	15
29	749
1	749
0	23
0	48
0	993
0	27
0	190
1	191
0	48
0	57
1	183
0	132
1	5
0	162
1	185
0	72
0	23
0	33
0	52
0	67
0	62
0	7
115	43
0	7
0	0
0	1
0	3
0	3
0	2
0	1
2	0
1	0
3	1101
190	1258
1	600
0	36
0	234
4	102
3	740
0	386
0	418
0	413
0	331
4	249
0	141
1	168
0	187
0	88
0	102
0	93
2	67
1	46
8	502
1	503
0	227
0	235
9	172
0	529
0	953
4	101
0	97
0	83
1	295
3	227
80	306
0	344
0	313
0	459
3	696
0	632
0	374
19	103
0	598
0	392
1	320
9	560
19	530
0	450
0	126
0	240
0	152
0	27
0	15
1	0
0	14
0	14
1	17
0	18
0	18
0	18
0	18
0	11
0	2
0	6
0	6
0	2
0	2
0	2
0	1
0	0
0	0
1	0
0	0
0	0
0	0
0	1505
2	1464
4	515
2	517
1	511
721	38
12	38
1	19
118	7456
1	3419
7	3983
25	1846
43	3537
7	3483
0	4927
0	6975
0	6858
2	3030
0	3067
0	2986
6	52
9	76
0	31
0	113
0	56
0	108
0	110
0	85
0	93
0	25
0	34
0	75
0	14
0	67
0	34
1	18
2	76
39	77
0	2
0	1
0	1115
44	151
0	1011
44	689
0	19
0	16
0	45
1	256
0	101
0	653
87	582
8	582
3	7
0	61
37	5
255	697
8	1
0	33
54	0
0	96
5	179
0	29
32	190
0	28
0	1
0	3
9	79
0	82
0	74
0	79
0	79
0	59
0	1
2	26
8	617
0	615
0	355
0	294
0	112
0	161
2	190
1	144
0	112
3	2
0	0
0	2
0	29
1	480
0	486
0	11
2	199
0	331
52	435
32	362
1	398
0	367
1	27
0	105
0	80
0	3
0	3
0	3
0	834
30	807
0	792
0	324
0	384
0	52
1	108
0	43
2	60
0	0
0	715
0	15
0	19
0	12
0	349
3	3
1	22
0	347
0	72
1	120
0	6
0	12
0	13
0	1
0	1
0	0
6	18
1	15
0	6
0	1
3	868
15	854
0	872
0	100
108	524
45	215
291	0
0	311
2	267
0	0
0	75
0	129
2	1104
9	1543
0	130
0	176
0	1692
21	613
1	92
0	988
2	23
0	129
0	221
0	208
0	441
0	264
1	228
1	1046
0	138
0	1055
0	1
0	1
0	2
0	2
0	2
0	1
0	1
0	1
0	0
0	1
235	261
4	198
1	157
0	51
0	190
0	2018
2	73
0	150
0	2046
0	1348
4	162
39	179
1	1592
20	2054
9	249
2	429
0	240
0	154
7	4588
0	4618
0	4562
10	2769
0	2904
2	3503
1	3896
0	3033
2	4367
0	4293
0	4337
0	4336
0	4246
0	4049
1	2792
0	4410
0	4244
0	441
32	575
2	23
0	31
2	496
189	515
0	42
1	56
0	60
1	86
0	14
0	48
0	54
0	49
0	26
0	32
0	29
0	28
0	28
0	27
0	31
0	12
3	20
0	12
2	5
1	2
2	0
1	14
4	709
0	5
0	255
0	708
0	0
0	0
3	0
0	15
3	359
1	251
0	275
3	16
0	40
0	61
0	31
0	37
3	46
7	317
0	0
0	0
0	0
0	0
0	0
0	308
5	308
4	315
0	301
0	310
0	310
0	318
0	298
0	162
0	15
20	104
1	100
20	103
2	21
3	99
0	414
0	427
0	473
0	553
0	585
0	497
0	554
5	414
6	22
8	242
0	46
0	95
0	25
0	7
0	16
0	36
4	22
0	34
0	0
0	10
2	10
0	1
0	5
3	21
129	42
1	32
0	12
0	1114
0	1063
1	494
0	122
22	264
8	67
71	282
3	259
2	57
1	76
0	67
0	68
0	40
0	47
0	94
0	75
0	74
0	30
0	338
2	35
0	42
2	307
4	33
0	19
0	47
10	267
1	1792
0	784
10	505
0	349
6	290
1	134
0	86
0	0
6	58
0	58
0	1793
0	545
0	1631
0	1712
0	1730
0	2072
0	375
1	1563
0	15
0	12
0	15
0	12
0	12
0	10
0	4
0	4
0	11
0	2
0	4
0	0
0	2
0	0
0	0
747	1992
14	418
3	631
0	175
0	440
0	459
3	719
8	327
2	845
53	418
1	312
0	0
3	330
1	83
0	257
0	353
0	121
2	61
0	110
0	77
10	104
7	101
2	78
0	297
0	292
4	77
0	174
1198	169
0	23
11	21
0	756
0	716
0	757
0	716
0	610
39	729
0	287
0	158
0	139
0	97
0	109
0	132
0	131
0	122
0	128
12	57
1	56
0	56
0	2467
36	2467
3	403
4	277
2	91
30	101
0	211
0	205
0	204
8	189
2	145
7	83
0	13
0	10
1	9
0	16
0	21
1	9739
12	7467
0	9876
31	8666
1	12138
2	12411
0	6130
1	6323
0	12109
0	64
4	666
1	11
0	253
0	602
10	279
0	150
0	367
0	42
0	27
0	0
0	0
0	0
621	382
1	382
0	240
4	97
0	2190
3	2189
0	2208
0	63
5	1404
1	42
14	148
1	682
59	545
0	71
2	520
3	60
0	116
1	132
0	508
4	430
1	521
0	145
0	152
38	459
0	167
0	218
0	410
0	145
0	242
2	76
5	240
0	128
0	257
2	135
0	416
0	395
4	342
9	420
0	589
5	414
0	0
0	0
0	0
0	0
0	0
0	0
0	0
0	0
0	22
0	29
0	29
0	234
0	33
0	43
0	29
0	216
0	25
0	21
0	231
0	232
0	65
0	20
0	21
0	25
0	33
3	17
0	25
1	65
0	74
1	26
0	74
0	5
0	5
3	1
0	0
0	3
0	0
4	10
0	10
0	3
0	3
0	2
0	2
0	2
0	0
1	0
0	0
0	1
0	1
0	1
0	1
0	1
0	2
0	2
0	0
0	0
16	343
16	347
0	163
0	108
1	17
3	95
1	11
0	0
4	0
8	2
10	21
1	2
0	0
0	6
0	14
31	107
159	107
78	54
0	54
0	53
0	24
0	36
0	25
0	26
0	17
0	2
0	3
0	4
0	8
0	2
0	1
0	2
0	4
1	2
0	2
1	26
0	2
1	2
0	2
0	7
0	0
0	4
0	6
0	3
0	3
0	2
0	1
69	53
1	403
0	53
0	54
1	222
0	402
0	355
1	137
5	198
0	36
0	74
0	173
0	189
0	281
0	48
0	78
7	133
7	10
0	6
0	6
5	6
8	666
0	416
4	618
0	636
5	484
0	312
0	216
1	493
0	324
1	282
0	200
0	215
0	125
2	110
0	23
13	116
0	936
0	626
0	904
0	303
0	588
0	17
0	17
1	17
0	17
0	1
0	3
0	5
0	5
0	1
0	1
0	113
0	125
0	125
0	125
0	125
0	125
0	125
0	127
0	125
0	125
0	125
0	125
9	125
0	125
1	78
0	119
1	44
1	33
0	7
113	139
0	8
0	139
0	628
0	1333
1	1216
8	888
0	585
68	876
0	597
0	306
1	274
19	516
25	631
0	820
1	872
2	218
0	182
0	190
4	197
0	42
0	0
0	0
0	0
1	0
1	0
0	0
0	0
0	0
0	0
0	0
1	274
0	238
1328	274
2	125
0	198
1	1065
0	1122
23	417
0	166
0	162
0	154
0	6
0	0
0	0
0	4
0	3
1	2
0	0
0	2
0	1
0	2
0	0
0	0
0	1
0	1
19	190
0	572
0	558
0	330
4	147
8	331
0	0
0	0
0	0
0	0
0	0
0	0
0	0
0	0
0	0
0	0
0	0
0	0
0	0
0	0
0	0
0	0
0	122
0	14
1	133
0	136
0	132
2	133
0	26
1	107
16	4
7	37
13	0
0	3
0	16
0	1
0	14
0	13
0	6
0	16
1	109
0	84
4	7
0	98
0	6
1	98
0	91
0	90
0	86
0	8
0	14
5	12
0	2
0	17
1	34
0	18
0	111
0	7
0	8
0	4
0	4
0	12
0	3
0	5
0	6
0	12
0	11
206	11
0	11
0	2
499	978
0	596
1	181
2	321
0	194
1	46
0	182
7	165
2	26
0	118
0	171
1	11
0	124
0	105
5	58
20	3
7	299
253	442
11	371
0	162
21	366
5	264
0	43
0	43
0	29
0	4
0	23
0	8
0	43
0	6
0	8
0	169
4	72
0	161
0	181
0	213
0	23
0	308
0	118
0	223
0	92
5	21
0	65
0	287
0	38
57	244
0	271
2	47
0	156
29	139
218	195
8	74
0	121
2	114
0	19
0	33
402	811
0	811
1	1
373	194
6	98
0	187
4	130
19	5
0	0
0	0
0	0
0	0
0	0
0	0
0	0
0	0
0	0
0	0
0	0
0	0
0	0
0	0
0	0
0	0
0	0
0	3
0	3
0	0
0	0
0	0
0	0
0	0
0	0
81	50
1	50
0	12135
0	12135
0	12134
1	5868
0	11270
0	4729
2	1447
39	3890
15	2
1	3612
2051	246
5	246
0	94
0	70
1	324
0	1093
4	1107
0	579
25	34
1	3
0	421
0	401
0	344
1	416
0	108
0	418
0	69
0	294
0	460
22	425
0	353
1	369
0	351
0	60
0	113
0	290
0	414
0	327
0	44
0	189
0	33
0	347
0	349
0	261
0	7
0	412
0	344
0	11
0	285
0	46
0	35
0	66
0	27
0	418
0	24
0	383
0	413
0	354
0	11
0	26
0	344
0	328
0	322
0	2
0	293
4	186
0	37
19	415
0	414
0	265
0	3
32	374
0	332
0	407
0	4
0	4
0	376
0	50
11	16
0	27
0	19
0	56
1	78
5	290
0	28
0	20
1	101
0	4
0	98
0	116
0	0
0	0
0	48
7	43
0	74
0	87
0	61
0	12
0	5
0	2
0	4
0	10
0	1
0	3
0	3
0	1
0	3
0	0
7	153
0	140
0	11
1	19
0	45
0	23
0	10
0	139
0	1102
0	170
0	196
0	122
0	116
0	595
0	661
0	608
1	319
1	616
0	652
0	665
1	116
92	711
0	560
0	243
0	397
0	344
0	461
0	568
0	306
0	145
0	452
0	256
0	348
0	294
0	169
2	232
10	200
0	257
2	32
3	106
16	50
0	134
1	8
0	135
0	135
0	142
49	127
1	126
0	58
0	14
0	29
2	14
0	0
0	0
0	0
0	0
0	1
3	1
0	0
0	885
0	495
0	1064
0	1064
2	1052
0	1064
0	975
3	994
0	896
0	145
0	279
37	401
3	795
0	966
0	889
0	318
0	905
0	863
0	888
0	50
0	242
0	85
0	156
0	64
0	30
1	118
0	388
0	182
7	782
0	771
0	169
0	91
8	132
0	132
0	241
1	338
0	278
0	18
0	146
0	69
0	133
0	1065
0	1032
763	329
19	313
11	74
0	54
0	955
0	89
0	100
0	977
0	893
2	956
0	361
0	130
18	107
0	871
55	863
14	25
1	73
0	1326
0	1121
0	1111
0	1139
3	142
27	209
0	204
0	202
0	27
0	210
1	213
0	216
8	514
0	610
0	659
0	561
0	395
11	312
9	14
1	40
0	0
0	19
0	169
0	160
0	167
0	30
1	81
0	164
0	13
0	35
0	65
0	46
0	163
0	165
0	49
0	163
0	165
0	169
0	166
0	10
0	14
0	485
0	307
0	354
0	333
0	1050
0	6
4	1114
3	806
1	121
14	891
0	1706
0	1704
0	1708
0	1707
0	1712
0	1456
0	1704
0	1704
0	1709
0	1709
0	1705
0	1584
0	1580
0	1704
0	1705
0	1714
0	1450
0	1306
0	1570
0	1701
8	1300
3	1573
0	1709
0	833
0	730
0	560
0	793
0	854
0	479
0	575
0	679
0	669
0	673
0	379
0	541
0	464
2	391
0	394
0	8
0	269
0	268
0	175
2	1
0	9
1	8
0	5
1337	0
0	0
19	1231
1	850
0	1220
0	21
0	90
4	8
5	5082
1	5351
0	5244
0	4441
0	5307
0	5370
0	5173
29	3687
0	3656
1	3930
1	3028
0	3163
0	2761
0	2834
0	3062
0	2367
0	2601
0	2946
0	2945
0	2410
0	2161
0	1
42	1
5	35
4	77
17	43
0	23
2	40
0	9
2	142
0	343
0	43
0	15
0	252
0	219
1	336
1	49
0	5
0	17
0	29
0	117
0	533
5	537
0	303
0	337
0	26
0	68
17	147
1	49
2	385
0	394
0	412
19	258
8	291
0	353
1	36
0	57
0	96
2	93
0	272
0	248
0	69
9	143
0	53
0	111
0	54
0	42
0	12
2	23
0	15
0	40
0	248
0	228
5	161
0	249
5	160
0	227
0	356
0	375
1	126
4	68
0	267
0	269
0	23
0	9
0	0
0	17
0	35
0	15
0	4
0	42
0	1
1	33
1	20
0	13
0	2
0	2
0	1
0	0
0	1
0	64
0	755
0	745
0	760
0	514
10	19
0	100
0	42
0	61
0	78
10	79
0	10
1	64
0	60
0	56
0	53
0	51
1	56
0	41
0	41
0	748
0	748
0	17
21	1177
0	1177
0	285
0	42
0	96
8	67
8	138
1	97
0	248
0	248
0	245
0	243
0	221
0	248
0	10
0	9
0	105
0	105
0	105
0	4
0	1
0	127
1	156
1	690
1	259
9	764
0	801
3	127
10	129
0	313
3	174
1	56
2	17
0	1648
109	1660
8	709
0	1263
0	1020
7	1461
0	1555
29	202
79	1553
0	1553
18	292
2	230
0	607
0	328
0	248
1	331
0	310
0	371
0	96
0	621
0	636
0	172
0	620
1	83
2	37
3	339
0	125
0	0
0	0
0	0
0	0
0	0
0	0
0	0
0	0
0	0
0	0
0	0
0	244
5	242
0	38
1	108
0	4346
0	4384
10	4312
26	1593
0	2606
2	4417
0	685
4	4255
0	4677
1	3376
2	298
0	4346
0	4345
0	957
2	905
0	898
1	3843
0	3817
0	527
0	540
0	541
0	324
0	13
0	0
0	15
0	256
6	123
0	17
0	16
0	16
0	47
0	2
0	19
0	532
0	524
0	178
1	785
21	94
1	131
17	94
244	785
1	163
0	1612
0	383
0	1611
0	1611
0	1610
4	1244
0	1529
0	1610
2	141
0	1498
1	1468
3	1552
0	1489
0	377
2	119
4	1177
11	14955
0	5
0	41
0	38
2	54
0	28
0	26
0	3
1	0
1	38
9	316
0	948
0	925
0	876
0	853
21	858
6	835
8	453
0	272
0	527
0	855
22	348
0	797
0	836
0	858
1	888
0	847
0	183
0	35
0	42
0	40
0	43
0	13
4	43
1	14
1	65
4	59
1	50
0	49
0	49
3	21
0	5
0	6
0	5
0	13
0	47
0	22
0	8
0	4
0	20
0	1
0	1
0	3
0	1
4	31
4	3
0	247
0	329
0	370
1	39
0	78
0	58
0	215
0	39
0	135
0	454
0	414
1	475
2	40
0	66
0	83
0	97
0	253
0	133
0	208
0	30
0	147
0	71
0	253
2	73
0	349
3	201
0	1
0	1
0	0
0	580
0	580
4	127
4	69
0	69
5	358
0	451
16	210
0	203
10	23
0	132
5	18
5	1
2	27
76	64
0	35
0	0
4	66
13	47
0	24
0	942
0	48
0	41
3	24
6	28
0	0
0	39
0	38
0	39
0	39
0	0
0	0
0	0
0	39
0	39
0	39
0	0
0	4
0	29
0	15
0	42
0	42
0	42
0	42
0	42
0	42
2	42
2	42
4	42
0	42
0	0
0	0
80	18
0	0
0	0
0	0
0	0
10	1458
0	1458
7	1261
0	3617
0	3820
2	641
0	3662
0	120
0	183
48	3578
0	3684
0	2244
42	3938
0	3133
0	3821
3	431
0	375
2	3776
0	1304
0	146
1	3776
1	187
1	3614
0	3745
9	2630
90	2403
12	234
0	163
2	335
0	0
0	140
0	30
0	2
0	140
0	140
0	0
0	0
0	140
0	0
0	0
0	0
0	0
0	0
0	0
0	1
0	3
0	0
0	99
0	99
0	151
0	128
0	110
0	28
0	0
0	0
0	0
0	0
0	0
0	0
0	0
0	0
0	0
0	0
0	0
0	0
0	0
0	0
0	0
0	0
0	0
0	0
0	0
0	0
0	0
0	0
0	0
0	0
0	0
0	0
0	0
0	0
0	0
0	0
0	0
0	0
0	700
0	751
1	81
0	54
8	0
0	0
0	12
1	81
1	294
0	26
1	47
14	22
0	202
0	49
2	20
5	21
1	17
10	16
7	160
0	34
0	2213
0	0
2	0
0	100
1	126
12	193
0	171
8	38
0	105
0	30
0	138
0	31
1	138
0	135
2	131
0	30
0	10
0	16
0	66
0	58
0	13
0	3
4	52
8	6
3	44
1	46
0	4
2	3
1	0
0	0
0	0
0	0
0	0
0	0
0	0
0	0
0	0
0	8
0	0
0	48
0	49
2	48
0	49
0	48
8	53
2	53
0	0
0	0
0	0
0	1012
0	11
0	11
0	11
1	5
0	1
0	3
0	2
0	2
0	0
0	0
0	4
0	4
0	1
0	3
0	1
0	0
0	0
1	0
0	618
0	560
4	585
33	144
3	562
0	348
14	219
1	90
7	132
0	335
4	69
0	218
0	165
0	215
705	522
12	229
1	22
3	66
3	60
1	129
0	158
44	220
0	215
1	137
3	84
0	220
0	237
0	46
0	574
1	498
1	564
0	41
18	506
0	12
6	439
0	343
0	41
0	0
0	0
0	0
0	0
0	0
5	627
1	79
93	627
1	556
15	560
0	147
1	5375
43	84
0	84
1	57
0	32
0	0
0	3
0	2
0	1
0	3
0	3
0	1
0	1
0	3
0	3
0	3
0	3
0	3
0	1
0	3
0	3
0	1
0	2
0	1
0	3
0	0
787	643
0	623
0	77
0	93
0	69
0	44
1	116
889	400
0	274
0	20
2	91
0	222
3	53
0	62
9	273
3	37
0	400
0	116
0	366
0	363
0	119
2	0
0	0
14	364
0	7
81	57
6	8066
0	713
0	584
10	800
0	741
17	6575
0	429
0	1344
4	886
0	8064
0	57
17	445
0	445
0	421
0	203
0	53
0	74
1	90
0	43
1	33
0	19
0	0
0	219
0	226
0	185
0	170
0	10
2	0
0	2
0	226
0	225
0	0
0	0
1	0
0	1
0	1
0	0
4	376
18	402
0	197
0	228
26	198
3	129
0	106
0	0
0	0
0	746
0	135
0	0
0	544
1	514
0	544
1	72
2	46
1	47
0	363
395	37
8	37
166	977
0	951
45	102
0	238
0	108
33	108
0	16
53	0
1251	8276
58	6831
0	7000
0	5977
0	3400
21	5980
8	361
0	5496
0	5649
6	5879
0	6199
13	3335
0	754
1	5631
0	3086
0	5802
0	3125
8	3988
2	3177
0	2038
0	2195
3	1635
1	737
0	1227
12	270
14	71
7	1471
3	1472
0	1506
0	319
0	1579
0	327
0	1498
0	1261
0	80
4	77
0	81
4	926
11	1495
0	1503
0	207
0	1472
9	541
0	136
0	1299
2	78
0	1
0	1276
3	1290
0	365
5	568
0	502
10	697
0	3590
2	335
2	666
3	203
0	797
0	2950
0	3124
0	317
0	523
11	537
15	402
13	214
16	317
0	537
10	652
0	631
3	165
0	78
32	94
0	20
1	61
0	104
0	17
0	0
9	283
72	283
0	162
1	145
0	176
1	139
0	160
0	155
4	26
0	34
64	13
0	13
0	12
0	162
0	162
0	509
3	395
0	522
0	431
0	393
0	438
0	485
0	43
0	296
0	343
0	305
1	339
0	251
0	356
0	163
0	269
1	121
0	239
0	42
0	19
0	20
1	11
0	12
0	20
0	20
1	42
1	226
0	236
1	2
0	12
0	26
2	32
1	0
0	4
0	0
0	0
0	0
0	12
1	25
0	38
0	64
0	14
0	0
0	26
1	10
7	0
0	0
0	0
0	18
0	27
0	5
0	2
0	6
0	6
0	16
0	91
0	39
0	56
0	7
0	35
0	41
0	22
0	16
0	17
0	4
0	4
0	4
0	5
0	34
0	17
11	0
0	0
0	355
0	311
1	301
4	32
0	50
0	353
0	215
0	8
0	8
0	7
0	4
0	2
0	29
0	33
2	20
0	2
0	4
1	1
1	8
0	7
1	2
0	3
0	0
624	640
2	640
3	28
0	0
0	0
0	0
0	0
0	0
0	0
0	0
0	0
0	0
0	0
2	54
1	77
0	106
0	109
3	58
0	53
0	13
0	5
0	73
0	366
0	355
0	365
0	181
0	79
0	122
0	57
2	61
0	45
0	221
0	238
0	176
0	204
0	245
0	55
0	168
0	224
0	144
0	142
0	146
0	19
0	35
0	19
1	2
0	26
8	16
33	3459
0	3466
20	235
1	375
18	187
0	218
11	467
10	93
1	320
0	295
0	1137
0	62
1	175
4	255
0	229
1	124
0	3493
0	6814
10	13670
26	14109
45	11327
2	14669
0	16245
0	27
0	13397
2	6726
141	8627
17	11215
0	14700
0	15132
0	14356
0	14390
0	11927
0	11418
0	1314
3	1159
4	574
3	219
0	200
1	22
0	1299
0	141
2	409
73	370
6	150
0	265
0	201
0	2
0	0
0	3
0	1
0	0
1230	442
0	208
646	872
0	627
1	761
0	542
0	337
11	354
19	1582
130	1582
0	12302
0	12437
8	12199
0	670
9	11740
0	5388
0	5446
1	11671
0	11851
0	6038
3	6252
0	12497
0	11868
0	405
4	89
2	470
0	652
2	11320
5	12444
11	12298
6	636
0	11338
0	5396
2	827
6	24
0	10649
0	785
0	11405
0	973
0	1859
1	432
1	11099
1	1354
15	705
3	441
3	1300
42	2051
0	2834
14	822
25	565
0	0
0	0
4	1
0	0
0	1
0	0
0	1
0	1
0	1
0	1
0	0
0	0
0	0
0	0
0	0
0	0
0	0
0	0
0	0
0	0
0	0
0	0
0	73
2	66
1	59
4	68
0	64
6	24
0	3
0	101
0	82
0	83
0	102
0	11
0	101
0	100
0	75
3	8
0	9
1	4
0	11
0	7
0	6
0	21
3594	0
1531	0
0	3202
0	3470
0	3454
4	4
1044	855
0	176
3	230
3	361
0	154
0	217
8	0
9	391
0	368
2	280
0	400
0	245
0	295
0	275
0	264
0	217
0	219
0	147
0	139
0	134
0	120
0	686
0	392
0	148
0	26
0	510
0	656
0	216
0	163
0	465
0	506
0	1239
0	148
0	584
1	759
0	268
0	789
0	503
0	182
24	700
0	1132
9	586
0	329
0	39
0	45
0	35
0	22
0	30
0	17
0	12
0	45
0	13
0	9
0	364
0	50
1	9
0	369
0	63
19	4
0	93
0	127
0	95
0	95
0	10
3	37
0	74
3	7
0	340
4	6
0	83
1	143
1	68
2	3
0	6
0	255
0	114
5	277
79	292
0	110
1	96
0	142
0	55
26	159
3	80
30	118
5	262
0	246
3	738
97	884
31	350
2	478
1	884
6	301
0	206
0	84
0	49
0	178
0	0
0	0
0	0
0	0
0	0
0	0
0	0
0	0
0	0
0	24
176	38
0	22
18	330
0	204
0	82
0	91
0	92
2	76
0	15
206	0
0	0
5	1595
1	1594
0	1601
0	1596
0	1111
38	1082
9	1606
0	1589
0	1571
0	1337
2	317
0	1086
0	1506
0	1518
0	1498
0	502
0	881
1	373
1	901
0	824
0	64
0	281
0	7
1	0
0	7
0	0
0	0
0	3
0	251
0	238
4	448
1	453
0	474
0	286
0	198
3	291
0	208
0	20
0	25
0	24
0	4
0	121
2	71
0	144
0	141
1	127
11	116
0	2
0	33
0	58
0	58
0	49
0	12
0	7
1	3
529	1495
13	1117
4	296
0	903
4	908
1	565
0	0
0	0
0	0
0	0
0	0
0	0
0	1
0	0
0	1
0	0
0	1
0	1
0	1
4	0
0	0
0	0
0	0
0	0
0	0
0	0
0	0
0	0
0	0
0	0
0	0
0	0
0	0
0	0
0	0
1	5
0	303
4	2876
0	2894
0	179
1	90
8	1182
0	258
0	232
0	105
0	115
1	111
0	0
0	1564
20	1517
0	315
2	374
1	160
14	1394
0	481
60	543
1	43
0	80
0	23
1	23
0	2
0	1
0	0
0	0
0	0
0	0
0	0
0	0
0	0
0	739
0	1377
0	2470
0	2582
0	2496
0	2452
0	984
0	1277
0	787
0	144
6	137
2	42
44	46
0	28
0	3
0	135
0	29
0	2
4	44
8	44
5	28
0	29
0	37
0	42
0	33
0	27
1	27
0	0
1	27
1	26
2	2
0	6
0	0
0	3907
0	2955
0	992
0	1234
5	90
0	205
0	70
97	1844
0	391
0	146
2	851
0	1725
0	21
0	21
15	4
0	3
0	4
0	0
3	2
0	2
3	435
0	84
0	149
473	513
0	106
2	125
11	5
14	2
0	2
0	331
0	0
1	183
1	0
0	183
0	355
0	296
0	265
965	790
464	562
5	738
6	369
0	88
1	52
3	69
0	147
2	112
0	560
0	507
2	350
0	361
1	238
0	229
0	198
0	100
0	28
0	23
0	5
1	1
0	0
0	54
4	51
0	45
0	17
0	18
0	1
0	20
0	725
2	596
0	213
0	28
2	28
0	30
0	641
0	647
2	630
0	539
0	198
33	38
2	11
1	163
0	699
0	581
0	575
3	574
8	232
0	0
3	89
0	0
0	2270
0	878
0	728
20	1320
0	1001
0	946
0	574
0	515
0	490
0	1837
0	0
0	0
0	0
0	0
0	3
0	3
0	0
0	0
0	0
18	2125
0	571
0	2582
15	253
0	1071
15	2
3	2354
0	2371
0	756
0	0
0	11
25	2397
0	1677
6	200
0	0
0	0
0	50
30	60
0	357
2	78
0	111
3	47
0	30
21	260
0	333
677	1809
0	1808
0	93
1	84
0	92
0	13
0	93
0	35
0	41
0	41
0	40
1	53
1	53
1	74
0	86
0	22
0	80
0	18
0	90
0	19
0	6
0	47
0	11
0	6
0	10
2623	1874
52	1319
2	558
21	1435
4	0
1	869
0	195
0	871
2	289
0	267
10	212
0	202
0	189
1	196
2	223
0	204
0	30
0	53
2	11
30	45
0	21
2	53
0	42
0	22
0	29
0	22
0	29
0	28
3	92
1	97
335	231
0	24
0	81
8	138
5	150
6	53
0	55
12	1368
2	215
0	1442
0	1513
0	1062
3	1101
1	390
0	348
1	1447
2	1104
31	1088
28	192
5	358
4	1064
0	116
0	100
163	151
1	126
0	2
10	207
824	207
1	2193
17	2194
4	1224
0	1359
0	1079
0	1201
0	1267
10	1740
0	31
0	861
0	41
1	417
0	52
0	1740
2	845
0	709
3	421
1	841
1	832
2	787
0	806
0	835
0	761
0	843
0	748
1	784
0	637
1	354
0	291
0	751
0	731
0	664
0	93
12	118
0	57
1	201
0	381
0	363
0	115
5	41
0	34
0	0
0	0
1	0
3	0
0	3
0	2
0	0
5	34
1	33
0	15
0	1
0	2
0	3
0	1
0	0
1	0
0	1
0	4
0	1
0	0
0	0
0	0
0	0
0	0
0	0
0	0
0	0
0	0
0	1
0	1
0	1
0	1
0	1
0	5
1	1
0	1
0	0
14	5114
0	1351
3	1242
0	5232
297	6168
0	5462
2	4935
2	433
75	1400
734	3938
0	336
0	305
0	316
1	26
8	3
0	3
0	2
0	2
0	1
1	1308
0	1306
0	1306
4	1305
0	1112
0	1075
0	942
0	91
0	42
13	60
0	43
0	98
1	89
0	42
0	139
0	65
0	25
0	86
0	70
1	67
0	0
0	0
0	0
0	0
0	0
0	0
0	0
119	823
4	603
0	226
0	73
18	335
1	332
26	95
2	14
0	16
0	14
0	6
0	5
0	4
0	4
0	16
0	14
1	0
0	487
9	487
1	53
0	417
2	460
0	257
0	244
0	148
1	435
359	435
1	0
0	109
2	19
0	46
5	35
5	4
4	46
1	34
6	31
0	22
18	22
3	44
386	3488
1	2945
0	2652
2	1623
0	2914
2	2648
0	2618
0	2132
5	1286
1	1746
6	1154
2	229
17	5
0	0
0	0
0	0
0	0
0	0
0	0
0	0
0	0
0	0
0	0
0	0
0	971
0	1260
1	560
0	537
0	1170
0	1284
0	1308
0	1221
8	1358
3	1291
0	1261
0	534
17	1092
0	94
0	227
1	602
0	574
0	534
0	536
0	564
3	484
0	570
0	79
1	44
1	536
0	109
1	83
2	2779
0	843
0	4087
0	1185
0	1193
0	1062
0	2828
45	2622
0	3665
0	1677
54	1199
27	1
1	1
0	1373
0	705
10	1234
0	19
0	1416
0	346
0	1404
1	1409
2	24
0	26
0	1365
0	1400
2	496
1	218
0	380
0	145
0	404
0	91
0	531
0	776
0	1412
0	490
1	144
40	941
2	1980
0	1979
0	207
0	2002
0	2040
0	1906
2	59
1	4
54	0
3	410
50	410
2	75
3	74
0	436
0	412
1	188
1	74
0	13
4	19
0	184
3	187
0	187
0	144
515	206
2	206
399	0
0	0
1	99
208	114
0	11
0	19
24	98
0	7
0	6
40	4135
24	0
10	892
7	926
0	502
1	159
0	2
3	48
7	93
0	68
3	978
14	782
0	944
0	290
1	656
5	472
0	901
0	755
0	258
0	917
4	22
25	213
1	0
61	220
0	8
392	497
0	203
1	69
0	8
0	186
0	414
0	162
0	122
0	86
0	140
0	210
8	225
0	366
8	188
0	184
2	370
0	350
0	229
0	501
2	99
0	260
0	501
0	129
4	400
0	400
239	112
0	13
1	81
0	54
17	140
0	144
0	0
0	74
0	31
2	56
0	2
0	9
5	33
0	10
0	2
0	9
0	2
0	2
0	6
0	6
0	2
0	6
49	847
1	84
0	143
0	856
0	67
0	67
5	15
1	88
0	235
0	759
0	68
4	100
1	44
10	49
2	68
0	54
0	145
29	19
1	20
0	762
43	699
0	647
0	699
0	646
0	414
0	187
0	78
0	16
0	0
0	1190
1	48
2	81
1	62
0	99
0	147
0	149
0	5
0	43
0	148
3	44
0	146
4	149
0	149
0	148
0	40
0	34
0	177
41	213
0	116
0	193
22	67
1	469
0	576
0	575
0	547
3	528
0	506
1	70
3	408
0	61
4	166
4	107
1	162
32	115
3	9
0	93
1	58
0	95
0	9
0	20
4	80
0	65
0	41
0	38
0	27
2	26
0	20
0	1
0	36
0	30
0	8
0	6
0	1161
2	2143
9	1131
0	2103
0	2124
1	192
2	76
0	36
8	937
0	26
0	86
1	132
2	72
3	93
0	19
0	511
3	83
0	27
0	30
505	0
75	1639
10	569
0	1597
18	1518
13	1391
0	1825
81	583
5	204
14	63
1	350
28	204
1	23
16	39
1	0
0	6
0	0
0	0
0	0
0	0
0	6
0	6
0	6
0	0
0	0
50	1634
0	385
11	1379
0	1201
12	65
0	578
0	608
0	611
0	626
0	373
0	593
0	572
0	626
1	573
0	622
0	620
0	610
7	326
0	868
0	536
0	541
0	611
0	596
0	586
0	626
0	838
0	645
0	642
0	621
0	563
0	627
1	32
0	76
0	79
0	533
0	460
1	480
1	499
1	453
7	445
0	359
0	303
1	310
0	263
0	189
376	0
0	914
0	914
5	914
0	899
2	11
5	914
0	899
1	906
2	912
2	671
4	672
0	38
138	39
0	28
281	216
6	216
0	1
0	1
0	0
0	0
0	0
0	0
0	0
0	0
0	0
505	695
2	31
9	6
0	55
0	21
0	607
1	17
0	14
0	383
3	309
0	92
0	818
0	648
0	0
0	0
0	0
0	0
0	0
0	0
0	0
369	476
7	188
2	318
0	24
7	30
0	40
5	87
1	158
20	182
0	182
1	2
5	48
0	3
0	146
0	96
180	260
0	149
0	175
5	67
0	208
1	52
0	82
2	56
2	82
0	14
0	98
0	95
0	32
0	62
0	16
0	0
0	0
0	722
0	721
4	615
1	542
0	445
0	211
0	201
0	150
0	134
0	101
0	84
0	118
0	114
0	114
0	108
0	103
0	104
0	104
0	80
0	73
0	72
0	70
0	61
0	40
1	26
0	19
0	0
3	0
0	721
0	0
0	0
0	0
0	0
0	0
0	753
7	986
24	1506
1054	4063
6	379
0	64
0	3972
1	2332
0	474
0	772
3	854
2	440
2	1214
2	0
4	3
0	12
0	1
0	2
0	1
0	40
0	69
0	1
0	13
0	32
1	25
0	12
0	13
0	12
0	1
0	68
0	12
0	7
0	12
0	22
0	66
0	68
0	12
1	1
0	12
0	12
0	0
0	0
0	64
0	12
2	47
0	12
0	8
0	53
0	40
0	3
0	4
0	3
0	4
0	5
0	16
0	9
0	9
1	3
0	1
1	15
0	13
0	5
0	4
0	0
0	0
0	0
0	0
0	2
2	2
0	32
0	154
0	6
1	14
0	32
1	6
0	9
0	150
0	4
0	28
1	41
0	10
0	128
1	151
0	3
0	30
0	120
0	26
0	79
0	8
0	43
0	6
2	0
0	63
0	443
14	463
4	463
0	136
317	136
0	136
0	65
3	131
15	135
20	8
33	4
3	146
0	64
0	35
0	9
0	138
0	640
0	600
0	658
0	604
279	1034
23	1034
0	456
1	219
2947	0
49	583
0	517
5	238
16	496
6	201
7	335
0	330
35	105
0	0
0	0
0	0
214	1885
0	1885
10	236
2	5
1264	237
7	189
0	49
0	191
5	338
1	341
0	321
0	206
0	25
0	60
1	41
4	22
0	95
10	30
8	9
0	36
0	46
0	32
5	39
0	36
0	27
2	36
0	10
0	4
90	0
2	807
1	713
0	757
0	656
1	636
0	199
1	176
4	121
0	108
2	64
0	45
0	21
2	44
2	1
0	483
4	476
0	173
0	3108
26	2905
41	2567
21	1118
7	2618
0	459
3	143
58	173
8	157
2	485
10	495
14	114
8	167
0	574
1	131
0	168
0	1083
61	0
2	1014
0	164
0	55
0	87
0	488
19	0
48	899
0	1434
1	1018
0	1210
0	1300
0	1372
0	1387
0	1391
0	389
0	1358
0	1279
0	1460
0	1400
0	1441
0	1296
0	1415
0	1334
0	1454
0	1390
0	1418
0	1278
0	1436
0	1478
17	1087
0	1286
0	1185
0	1140
0	1047
0	281
0	1101
1	1047
0	1118
0	318
0	189
0	90
1	20
0	319
2	288
0	268
0	365
1	38
0	167
0	193
0	192
0	120
0	120
0	7
0	0
645	722
4	322
0	361
38	73
14	104
0	0
0	1
0	1
0	0
0	1488
0	1711
0	1576
0	712
3	642
0	758
1	781
0	929
2	780
0	683
0	421
0	760
3	92
0	12
0	0
2	12
1	5
0	3
0	3
0	1
0	11
3	4
1	3
5	277
0	277
10	286
1	283
12	286
551	181
1	181
0	167
0	167
0	111
0	94
35	1503
1	200
3	111
0	2
0	1
0	117
0	123
0	45
0	176
2	8
0	100
2	1229
2	0
129	0
0	85
0	294
7	29
0	93
23	914
0	96
0	1052
0	1002
73	1039
9	420
1	173
40	333
6	216
0	265
0	183
4	243
3	39
0	183
0	249
3	251
0	182
0	169
0	97
1	167
3	126
0	0
0	0
0	0
0	0
0	0
0	0
0	10
0	27
0	12
2	20
76	28
0	20
1	137
0	134
210	154
4	37
86	67
5	43
375	968
0	201
0	4
0	177
3	309
0	146
0	235
0	339
0	285
2	457
0	79
3	314
1	541
0	59
0	370
0	108
0	317
5	29
0	344
5	353
0	28
0	62
0	208
0	84
7	86
0	82
0	79
1	15
291	1242
1	218
1	379
12	751
11	344
2	988
0	939
2	344
0	171
3	203
0	185
7	112
0	153
4	6
0	79
4	53
32	203
0	203
0	134
3	46
0	62
3	1
0	34
0	0
1	52
7	1174
0	450
0	1005
2	171
0	145
0	234
5	257
2	242
0	121
705	756
4	11
1	623
1	128
0	572
1	63
6	68
482	1587
13	71
11	1349
1	97
0	182
42	9
0	1334
10	349
41	946
0	0
0	0
0	0
0	0
12	607
6	0
1	54
0	607
0	0
0	589
0	35
0	81
0	0
0	0
0	35
0	1381
0	1530
435	38
1	26
4	12
0	11
0	10
0	1
0	10
0	11
0	1
0	1
0	1
0	1
0	4
0	0
0	10
0	1
0	0
0	0
0	1
0	0
0	0
0	3
0	2
0	4
0	0
0	86
1	1032
1	1085
0	974
1	964
1	891
0	148
0	163
2	193
4	109
0	82
0	68
0	0
0	0
0	0
0	0
0	0
0	0
0	0
0	0
168	636
5	568
1	127
1	362
5	33
1	103
3	487
27	381
3	376
7	367
2	489
36	370
17	2
0	838
0	93
0	0
0	0
0	0
0	0
0	0
0	0
0	205
3	205
0	20
1	9
3	6
1	2
0	7
1	19
0	4
0	4
0	2
0	1
1	0
27	2955
3	2965
8	1301
5	268
69	284
0	1
0	0
0	0
0	0
0	0
0	0
0	0
1	0
0	0
0	0
0	0
0	0
0	0
4	9
0	222
0	220
338	669
0	669
0	0
0	0
0	0
0	0
0	0
0	0
0	0
0	0
0	0
0	0
0	0
0	0
0	0
0	387
0	43
0	30
6	523
20	414
6	217
1	235
0	359
0	77
0	586
0	418
13	440
0	450
32	450
23	562
0	237
0	571
92	599
1	442
12	292
0	415
0	589
0	581
0	118
0	316
0	558
0	232
8	233
1	224
0	24
1	163
1	8
17	13
25	253
2273	1397
0	587
0	431
0	354
0	63
2	0
11	60
0	55
0	37
0	0
0	0
0	0
0	0
0	3070
0	3197
34	455
8	1124
0	1904
1	439
0	378
15	223
19	64
84	1332
1	369
0	94
4	134
5	84
0	66
5	127
0	1
0	0
2	90
0	575
11	524
0	268
0	239
0	30
0	29
723	222
0	222
8	355
3	34
0	127
0	342
0	16
0	4
0	869
4	2086
0	2730
4	1876
0	2242
0	2205
1	1367
1	2244
0	2218
0	1554
0	2663
0	2664
0	1622
0	675
0	205
0	0
0	0
0	0
0	0
0	0
0	0
684	52
1	4
2	49
0	18
0	141
3	123
0	156
0	807
5	124
0	178
0	797
0	155
2	103
2	131
177	586
1	161
0	0
32	16
0	8
0	16
0	16
2	108
959	133
5	16
0	15
60	5910
10	10890
240	8954
1	1407
61	5669
0	220
0	7659
3	632
0	15
0	15
0	4
0	588
4	556
50	668
6	404
0	594
0	369
624	447
1	99
0	2
0	6
0	2
0	6
0	1
0	5
0	2
0	0
0	1
0	6
0	2
0	7
0	6
0	1
0	3
0	1
0	0
0	0
0	0
0	0
0	0
0	0
0	0
0	0
0	0
0	0
0	0
0	0
0	0
0	0
0	0
0	0
0	0
0	0
0	0
0	0
0	0
0	0
0	0
1	0
0	0
0	0
0	0
0	0
0	602
1	602
0	33
0	6
1	6
0	4
0	4
0	1
0	1
0	1
0	1
0	1
0	1834
20	1250
0	1631
0	1714
1	1311
0	639
0	1814
0	1834
0	1564
1	159
0	1115
1	355
0	413
19	276
0	213
29	5
0	185
0	190
0	11
1	184
0	182
0	149
0	159
0	171
0	67
0	29
0	23
0	27
1	636
1	1179
0	1232
0	1176
0	1162
0	36
0	590
5	0
1	272
0	880
0	663
0	1131
0	8
0	239
0	27
0	628
1	533
0	1167
0	566
2	469
0	400
0	475
0	508
0	269
5	213
0	95
0	106
0	103
0	95
0	84
0	55
0	68
0	10
0	24
0	17
0	13
0	7
0	0
0	2
0	2
0	0
0	2
0	2
0	11
0	13
0	2
0	2
0	13
0	11
0	0
0	3
0	215
0	206
0	13
0	29
1	0
295	153
1	148
0	19
4	5
0	1
0	207
0	29
0	0
0	0
147	696
0	100
0	59
0	38
0	43
1	56
0	49
0	446
0	45
0	3534
2	3759
0	640
2	230
0	3782
0	1580
0	227
0	227
8	461
0	1084
0	3778
0	3857
0	212
1	2110
0	0
0	0
0	0
0	0
0	0
0	0
0	33
0	34
0	34
0	34
0	6
0	6
0	3
0	1
0	3
0	3
0	3
0	3
0	3
2	2
0	429
0	329
0	419
2	388
0	192
11	276
0	141
0	216
3	194
0	273
3	223
1	141
2	201
0	217
0	112
0	145
0	58
1	3
922	2253
38	580
9	1921
63	933
0	925
0	645
0	711
0	688
0	642
0	1185
0	682
0	1520
0	1180
0	118
0	103
1	661
0	1382
0	218
0	230
2	221
0	210
1	38
0	176
1	27
0	26
2	10
0	18
0	35
0	99
0	79
0	54
0	43
0	15
1	27
3	21
0	23
15	48
2	8
4	48
29	68
74	68
2	666
0	272
0	5
0	2
10	4
0	0
0	0
0	1
0	0
1	116
0	154
0	257
3	41
0	69
9	167
44	31
0	242
0	94
28	259
9	19
0	0
1	232
0	1118
2	1101
2	1017
2	1045
0	1135
3	232
0	16
0	92
0	623
0	0
0	0
642	77
1	59
0	17
1	1
647	90
11	95
35	5
0	841
0	5
0	843
0	851
0	10
22	14
1	10
0	14
0	225
0	0
0	0
0	0
0	0
0	0
0	0
0	0
0	0
0	0
300	1328
0	1086
1	545
1	113
1	131
0	132
0	132
0	0
0	100
0	84
0	0
0	9
0	44
0	1
0	9
0	35
0	132
0	100
0	40
1	1
0	684
9	648
1	146
1	192
3	378
0	648
13	57
0	115
0	644
14	169
2	311
1	230
9	4
0	128
0	0
0	0
0	0
0	0
0	0
0	0
0	0
4	0
0	0
0	0
0	0
0	0
0	595
141	595
0	0
0	0
0	0
0	0
0	145
0	141
30	36
0	128
2	133
0	81
7	135
0	144
0	129
0	119
0	61
1	6
0	13
0	72
0	80
0	7
0	24
0	54
0	19
0	60
0	11
2	12
0	1494
0	1511
0	1541
1	32
0	11
0	444
0	70
0	2
0	7
1	7
0	7
0	6
0	0
0	0
0	0
0	0
0	0
0	8
0	44
0	5
0	5
0	61
0	54
0	52
0	0
6	84
1	39
0	42
0	88
0	54
1	0
0	40
1	66
0	35
0	37
0	47
0	0
49	11
0	0
0	10
10	3
1	1
0	63
3	63
0	61
0	53
0	51
0	55
0	4
0	5
0	0
676	0
0	246
6	234
1	224
0	266
0	52
0	174
0	60
0	120
0	55
0	49
0	19
0	64
0	53
0	47
0	47
0	27
0	31
1	3
0	244
0	446
0	430
0	330
0	27
1	63
0	261
0	312
0	194
0	345
0	440
0	18
0	493
0	28
1	138
0	299
1	380
0	17
0	304
0	69
0	369
0	370
0	329
0	332
0	7
0	49
3	13
27	207
0	24
31	147
1	15
0	36
0	20
1	116
2	1271
45	2216
3	990
3	1484
13	105
1	1562
4	1551
8	1535
11	1562
1	730
0	64
0	491
2	95
0	117
0	205
0	53
0	89
0	68
0	72
0	116
0	142
1	234
2	916
0	873
0	912
0	324
4	841
0	838
1	910
0	925
0	755
3	481
5	916
41	89
1	726
0	70
3	507
3	0
0	0
2	0
0	0
0	0
0	26
0	26
0	20
0	26
53	36
1	35
0	31
0	29
0	23
4	20
1	31
4	30
0	7
0	0
0	0
802	0
0	5
0	11
0	69
0	236
2	237
0	0
0	9
0	4
0	211
0	3
0	42
0	236
0	58
1	8
0	22
2	25
0	4
0	4
0	3
0	4
0	3
0	4
0	3
0	4
0	1
0	0
0	0
0	0
1	24
1	29
0	23
0	17
0	9
0	1
0	0
0	0
0	0
0	0
0	0
0	1
274	301
61	228
1	6
0	64
0	51
0	37
0	12
0	29
0	29
0	31
0	30
0	32
0	33
38	77
0	27
0	68
0	26
1	23
30	0
5	21
0	21
0	14
1	21
0	2
0	9
0	10
0	11
0	0
0	0
0	0
0	1
14	18
0	18
0	0
0	0
0	0
0	0
17	114
1	55
0	40
1	34
0	23
8	29
0	29
0	23
0	11
0	250
0	327
346	2491
0	156
0	346
0	1866
4	680
0	22
0	22
0	10
0	22
2	0
10	539
0	3
1	14
0	243
2	63
0	536
3	11
2	536
1	8
2	4
0	33
0	1
0	1
0	3
0	3
0	3
0	0
0	0
0	0
0	0
0	0
0	0
0	0
0	1
0	1
0	0
0	0
0	0
0	1169
0	1172
0	1137
0	1126
0	1137
0	1169
0	1137
0	1123
0	1152
0	1120
0	1114
0	1105
0	982
0	1229
0	1264
0	981
0	1070
2	1104
0	1035
0	542
0	377
0	490
0	152
0	87
9	0
0	44
0	92
0	92
0	92
0	22
0	27
0	70
0	59
1	32
0	22
0	11
2	954
2	97
0	672
0	39
0	601
0	683
0	533
0	732
21	725
72	569
18	217
14	97
5	368
49	491
0	422
0	47
0	189
3	34
10	108
0	12
0	48
1	36
0	11
0	11
0	11
0	10
0	9
0	9
0	10
0	0
0	0
0	1
0	1
0	0
0	1
0	0
0	0
0	0
0	0
0	0
0	403
1811	2940
49	1370
1	378
0	2217
61	1082
0	633
21	780
0	402
9	2715
0	2394
1	265
0	177
0	388
6	141
0	631
0	220
7	100
0	402
3	382
13	194
0	537
0	158
23	873
3	120
10	153
0	0
0	8
0	7
0	7
0	10
1	1
0	3
0	0
782	0
0	0
0	0
0	0
0	0
0	0
0	0
0	335
0	333
0	185
0	64
2	74
0	43
1	57
0	50
1	13
0	17
0	17
0	13
0	601
2	520
16	461
0	565
0	0
0	0
0	0
0	0
0	20
0	110
0	110
0	107
4	119
2	106
0	102
1	117
3	4
0	12
0	14
0	13
0	10
1	13
0	7
0	19
0	23
0	0
0	0
0	0
0	0
0	0
0	0
0	0
0	6
0	6
1	5
0	0
0	0
0	2
0	1
0	0
0	0
0	0
6	1
0	1
0	0
0	1
0	1
0	1
0	1
0	0
0	0
0	0
0	1
0	1
0	958
23	283
0	366
1	317
0	192
7	0
7	26
0	27
0	43
0	9
0	904
1	961
0	0
1	566
10	566
0	161
4	477
44	750
0	753
4	422
20	708
0	743
3	662
0	57
0	50
1	91
0	8
0	16
0	48
0	48
0	48
0	48
0	33
0	7
0	33
0	26
4	5
0	41
0	33
0	20
0	1
0	0
0	0
0	0
0	0
0	0
0	0
949	0
0	0
0	16
0	5
0	4
0	0
0	0
30	3591
1	3574
3	1898
2	778
0	687
0	569
0	374
0	489
0	426
0	377
0	361
0	92
0	146
4	0
0	0
0	0
0	4
2	4
0	0
0	0
0	1
0	0
0	0
0	0
0	0
0	0
0	0
0	0
0	1409
2	1384
0	1380
14	544
0	1214
0	1212
1	1076
2	917
0	839
0	831
1	818
0	167
10	100
2	89
0	256
0	452
0	395
2	364
0	182
0	90
0	89
0	47
0	53
0	51
0	70
0	0
0	0
0	0
0	0
0	0
0	0
0	0
0	0
0	0
0	19
0	13
0	12
1	16
1	126
21	2
0	1
0	9
2	34
2	31
7	17
0	18
9	72
11	105
0	2353
0	2611
0	2353
0	1555
0	2353
0	2519
0	2354
0	2517
0	2349
3	2348
9	2471
0	1550
1	2351
21	2347
0	2348
0	2344
0	2265
0	2155
0	1391
0	1276
6	8
1	9
0	8
0	3
0	0
0	153
0	157
0	130
0	142
0	29
0	128
186	200
2	1
4	8
2	5
117	191
0	0
0	0
0	0
0	111
1	94
2	55
0	87
0	114
0	132
0	114
4	53
8	470
1	470
6	165
0	15
0	460
22	424
5	397
0	434
4	80
0	131
114	459
2	387
13	277
0	660
2	664
0	661
0	408
0	124
0	5
0	24
0	188
0	25
0	16
1	119
0	748
0	725
0	41
0	114
0	117
0	482
0	34
0	0
7	248
1	312
15	738
2	224
0	86
0	448
5	433
3	339
0	187
2	43
0	0
2	55
4	730
4	779
1	248
0	134
0	248
0	248
0	248
0	255
0	230
0	246
0	49
0	9
0	120
1	0
0	0
1	15
0	993
0	1021
0	965
0	982
0	994
0	78
4	2108
19	2191
7	425
0	94
0	1
0	1
0	1
0	1
0	1
0	1
0	1
0	0
0	0
0	0
0	0
0	0
0	0
0	1051
0	422
0	993
0	959
0	291
0	178
0	294
0	928
2	1
0	3
1	3
0	812
5	741
0	778
0	873
0	998
0	1138
0	816
0	1034
0	755
0	249
0	0
0	457
0	278
0	1020
0	0
1	53
0	0
0	681
19	76
0	1
0	23
0	0
0	66
0	961
3	963
0	247
0	178
0	0
0	410
0	5
0	1
0	46
0	52
0	52
105	422
13	406
0	112
0	49
0	983
0	3046
0	3238
0	1914
0	1089
5	552
0	1023
6	238
5	667
2	585
16	31
31	8
2	135
1	190
0	1501
0	1394
0	1332
0	1239
25	93
14	169
0	200
1	892
0	841
0	894
0	882
7	791
0	795
0	324
0	359
0	372
0	337
8	131
0	168
1	140
1	223
0	214
0	216
0	203
0	133
0	85
0	67
3	85
0	81
0	36
3	17
0	825
0	842
0	829
0	665
1	21
0	189
20	189
0	49
6	15
20	338
0	305
21	577
0	690
0	237
7	175
0	93
0	52
0	8
0	0
0	6
0	6
0	0
0	0
2	0
0	0
0	0
0	0
0	0
0	1
0	1
1	3
0	0
0	0
0	0
0	2
1	516
0	489
1	507
0	442
10	243
0	365
0	99
0	368
0	341
0	335
1	349
0	300
0	55
1	12
1	52
27	27
34	105
0	49
0	41
0	46
0	44
0	16
0	27
0	15
0	21
88	199
43	77
0	114
1	20
0	71
2	123
0	122
0	34
5	96
0	123
1	56
7	76
0	166
0	90
0	78
0	0
0	0
0	0
0	125
0	109
0	194
0	2
1	2
0	2629
2	754
0	2008
0	2203
52	1285
0	905
2	592
0	1852
7	1005
0	239
0	902
0	1051
0	824
4	736
0	597
6	316
1	81
0	5
0	63
0	479
7	47
0	455
0	11
3	377
1	451
0	363
7	21
3	31
3	105
0	97
7	184
2	136
0	88
19	132
4	56
0	113
6	67
0	16
0	2
0	0
0	1
0	0
0	1
0	1
0	2
0	32
0	28
8	33
0	22
0	54
0	0
0	0
0	0
0	0
1	0
0	0
0	0
0	0
0	0
0	0
0	0
0	0
0	0
1	153
0	446
5	1201
1	105
51	1664
0	352
0	1559
0	154
0	674
2	299
83	678
0	389
19	227
0	883
40	1810
0	1604
0	1607
0	1495
0	1433
1	1801
0	790
0	379
2	1803
3	191
0	1516
3	883
0	0
0	46
0	286
0	52
0	95
0	287
0	251
1	38
1	286
1	99
0	67
0	271
4	60
0	68
0	68
1	172
418	185
15	185
0	23
0	20
1	67
0	375
0	493
0	449
0	510
18	374
0	434
0	449
0	294
0	191
0	219
0	227
0	209
0	89
7	19
0	56
0	50
2	48
0	0
0	0
0	0
0	0
0	0
0	0
0	0
0	0
0	0
0	71
0	19
0	15
4	5
1	0
572	554
1	556
0	61
0	61
3	3
0	0
0	0
0	0
0	0
0	0
0	0
0	1
0	1
0	0
0	0
0	0
0	0
0	78
0	108
0	105
0	111
0	96
0	101
0	92
0	107
0	92
0	43
0	13
0	51
0	40
0	39
0	34
0	0
0	0
0	0
0	0
49	1
0	10
0	253
0	259
15	9
4	225
0	708
59	464
0	714
27	696
1	733
0	242
12	180
0	174
0	14
13	5
0	3175
23	866
0	706
290	178
1	51
1	109
0	177
3	66
3	79
1	37
0	1050
0	478
17	1133
2	46
0	64
7	1891
16	1175
0	783
4	587
0	797
0	985
0	54
0	655
1	111
0	981
0	493
0	634
0	115
0	984
0	992
0	626
0	194
0	237
0	493
0	111
0	105
0	982
0	98
0	39
0	35
1	0
0	26
0	10
1	493
0	598
0	673
0	429
0	645
0	6
0	7
0	1
0	0
0	0
0	1
0	0
0	0
2	55
27	568
6	364
3	500
3	67
0	447
1	0
0	16
0	147
1	249
0	255
0	96
0	248
0	217
0	216
0	230
0	219
0	245
0	192
0	153
0	227
2	125
0	237
0	221
0	198
0	120
0	187
0	186
0	81
0	211
0	191
0	212
0	181
0	179
0	143
0	150
0	167
0	140
0	100
0	122
0	140
0	196
0	140
0	166
0	67
3	175
0	131
0	33
0	121
0	57
0	119
0	47
0	114
0	69
0	19
0	73
0	75
0	95
0	29
0	81
0	80
0	47
0	37
0	1
0	1
0	0
0	0
0	0
0	0
0	0
0	441
11	125
1	457
3	131
1	102
5	154
0	37
0	10
0	7
1	6
0	2
0	4
0	0
0	0
0	0
0	0
0	0
0	0
0	0
0	0
382	282
0	282
0	0
0	0
0	0
0	0
0	0
0	0
0	0
0	0
0	0
0	0
0	0
0	0
0	950
0	950
27	647
3	763
2	240
39	255
3	873
0	643
0	547
1	321
0	258
0	547
2	476
1	496
1	352
1	246
0	147
0	178
2	49
0	116
1	0
24	0
0	729
28	524
30	472
5	42
29	1070
0	985
0	853
0	619
14	553
0	597
1	301
2	282
0	214
30	299
0	118
0	196
0	109
45	230
1	141
12	126
5	82
2	2
0	504
0	459
2	249
1	320
8	428
4	348
0	197
0	201
0	163
0	167
1	236
0	46
4	0
0	0
0	0
0	0
0	0
0	0
0	0
0	0
0	0
0	126
0	126
0	110
1	126
8	305
0	309
373	1864
1	294
0	926
0	326
0	686
5	6
0	851
0	435
56	275
0	0
0	0
0	0
247	7
0	7
0	0
0	0
0	0
0	0
0	0
0	0
0	0
0	0
0	0
0	0
176	221
1	198
0	190
0	28
0	35
0	80
10	198
0	115
2	83
12	200
0	199
0	6
0	415
0	608
15	12
0	30
35	101
1	715
11	194
0	854
0	845
0	830
0	337
2	77
0	112
0	46
0	16
0	6
0	647
0	656
0	16
0	40
9	614
5	612
6	257
8	497
2	571
84	255
1	101
1	51
0	121
12	29
528	29
2	29
0	18
0	204
0	203
0	203
0	203
0	172
0	73
0	321
20	321
13	326
5	326
0	217
0	1
0	1
0	1
0	1
0	1
0	0
0	0
0	2718
0	2792
0	2652
0	2578
0	2750
0	2652
0	2697
0	2756
0	2828
89	2733
0	2815
0	2732
0	2753
0	2827
0	2850
0	2883
0	2753
0	2893
0	2872
27	826
4	2752
55	2828
0	2723
0	2847
0	2681
0	2773
0	2966
0	2787
0	2616
0	2852
0	2697
0	2771
4	2757
0	2543
0	1148
78	1519
38	27
0	27
0	92
0	106
0	92
0	92
0	13
0	5
0	15
2	5
0	0
1	2
0	1
0	0
1	285
0	372
1	343
0	378
7	311
0	64
0	72
0	82
0	11
0	1331
0	1327
2	1327
8	1273
0	1307
0	1319
0	1301
1	841
0	1263
0	1272
1	1272
0	1224
0	1306
0	1284
7	1282
0	1250
0	1278
10	161
0	1217
4	1228
0	1293
0	1252
0	137
0	737
1	1232
0	1236
1	930
19	1030
0	676
0	268
0	292
9	262
52	297
0	238
3	37
140	678
0	535
0	79
0	304
129	200
0	191
0	75
0	73
0	52
2	71
0	69
0	38
0	59
0	31
0	11
1	23
0	353
0	261
0	1503
3	1392
0	1298
0	261
0	798
0	261
0	261
0	250
0	0
0	0
0	0
0	0
0	0
0	0
0	0
0	0
0	0
0	0
0	0
0	0
0	0
1	0
0	0
0	0
0	12
0	22
0	18
0	15
0	12
0	115
3	110
0	24
1	10
0	6
0	17
2	17
0	0
0	0
0	0
0	0
0	1
0	1
0	0
0	0
0	13
1	424
0	425
0	206
3	63
0	74
0	76
0	36
3	19
190	303
2	303
3	73
0	73
14	75
0	7
0	39
0	2226
0	3
0	2199
0	710
0	1044
0	2158
0	2131
0	1450
1	835
7	2195
1	2153
0	2174
0	2178
5	1551
13	1362
0	1999
0	627
0	1893
0	1200
0	1866
0	666
0	1103
0	1434
4	49
1	1010
1	282
1	278
0	134
1	202
0	39
0	247
1	80
48	203
0	87
11	202
0	129
0	59
0	73
1	70
0	4
0	159
0	1290
1	18
0	1315
0	119
0	417
0	1147
0	111
0	146
0	160
0	264
0	0
0	0
0	383
10	383
4	73
1	23
4	384
52	261
0	238
2	445
6	413
0	459
0	638
0	514
0	346
0	599
0	716
0	777
0	628
34	798
0	827
0	553
0	813
0	729
3	570
0	823
0	598
0	584
0	616
1	477
0	138
1	100
0	466
0	651
1	336
0	1586
0	755
179	1663
0	726
0	716
0	1597
0	161
1	180
0	1557
0	345
0	217
0	442
0	496
0	195
0	144
8	53
0	48
3	242
0	74
1	810
0	755
0	915
3	838
0	70
0	231
2	134
0	268
0	112
1	110
7	2
0	1133
0	1105
2	1009
0	669
0	582
0	572
0	82
1	151
1	96
0	53
0	11
1	2
10	246
1	258
20	258
371	71
0	71
0	442
52	173
0	701
0	323
0	722
0	704
0	596
0	719
0	771
0	740
0	691
0	87
0	733
4	2
1	24
1	17
1	474
0	385
0	695
0	167
0	4
0	4
11	491
0	491
0	261
2	259
0	36
0	45
4	20
2	28
34	930
52	938
5	0
0	14
0	21
0	13
3	9
0	21
0	0
0	2
0	21
0	13
2	24
0	3
0	8
0	3
0	7
0	1
1	1
0	53
353	121
2	91
0	100
0	11
0	11
0	2
0	0
15	6
0	6
0	3
2	1008
0	1037
4	426
1	1002
50	14
2	76
0	24
0	10
90	211
2	211
0	13
737	147
2	26
2	65
0	125
0	45
0	404
10	403
7	262
0	75
0	23
0	64
2	4
0	261
0	270
0	281
0	281
0	284
4	263
0	264
7	2045
3	1863
0	1011
0	456
1	585
6	170
0	328
12	184
0	459
1	354
0	408
14	0
0	564
2	286
0	538
11	467
84	202
0	170
0	2
0	2735
385	2659
11	1458
10	262
0	1154
3	595
0	832
0	547
0	260
0	205
0	201
1608	0
0	0
0	0
0	0
0	0
0	0
0	0
0	0
0	0
0	0
0	0
0	0
0	0
3026	0
0	0
0	15
85	15
0	0
0	0
241	239
0	0
0	0
2	432
0	438
3	255
0	303
2	86
0	45
0	27
0	58
0	9
0	41
0	0
26	435
0	408
0	0
0	25
0	48
0	41
0	49
0	41
0	115
0	50
0	65
0	34
0	25
0	21
0	104
0	43
0	4
0	47
0	62
0	41
1	195
0	15
1	0
0	225
0	118
1	28
0	64
0	91
0	30
0	51
0	20
46	203
20	195
1	55
22	172
0	40
0	12
0	0
2	135
0	76
0	8
0	27
0	121
1	30
0	0
2	107
14	134
25	260
0	235
0	99
3	24
0	0
331	0
11	2
0	107
0	107
0	12
0	522
0	523
63	347
0	357
0	497
0	157
0	40
0	351
0	336
0	326
0	29
0	309
0	28
0	50
0	22
2	26
0	52
0	61
1	46
0	64
0	28
0	37
0	42
0	44
0	34
0	30
0	37
0	17
0	20
0	10
54	178
0	834
1	257
6	770
3	234
14	200
0	44
1	463
13	127
0	385
3	340
3	108
0	336
0	576
0	900
0	793
38	587
8	861
1	458
8	705
0	277
40	710
0	684
2	68
0	722
4	713
0	183
0	717
0	275
11	721
0	744
0	163
0	182
0	715
4	659
3	178
20	3
13	558
13	544
0	1
3	1
5	5
6	5
139	1339
66	1424
0	1413
1	93
0	69
14	18
671	210
0	5
0	210
0	0
0	0
0	0
0	0
0	0
0	0
0	0
0	0
356	718
10	178
9	643
0	7822
1	3918
0	474
2	474
0	7494
76	7805
34	445
0	7822
1195	190
4	190
3	11
0	47
175	139
9	139
21	62
0	51
5	11
4	46
0	0
14	680
0	680
1	680
1	223
0	160
0	214
0	155
0	142
0	129
0	280
0	174
103	253
1	143
35	0
1	13
4	98
0	144
30	331
0	336
53	218
0	0
19	18
0	44
1	78
0	43
16	131
43	179
25	5
0	5
0	0
0	0
0	556
0	534
23	546
0	506
0	568
0	456
0	481
0	442
2	416
2	265
0	166
0	216
0	316
7	192
0	254
9	238
2	187
0	60
0	86
0	78
0	10
0	46
0	27
3	1198
0	1061
0	727
0	727
0	862
0	1028
0	1205
0	344
1	511
0	1188
23	1228
0	1175
7	1197
0	1123
0	1060
0	854
1	1228
0	1205
0	444
2	733
0	575
4	181
0	91
0	53
0	14
0	17
0	14
0	8
0	5
0	2
0	176
3	19
0	270
98	545
8	503
0	246
0	427
6	222
3	130
30	68
0	0
2	19
5	20
173	21
0	29
3	12
65	149
0	31
16	29
3	125
4	114
14	268
3	163
9	214
14	129
0	66
1	133
0	990
0	1663
0	175
4	1532
0	260
1	105
1	194
8	86
22	856
40	7
0	7
353	1381
0	1254
13	1252
3	314
0	438
20	117
2	151
1	895
4	194
0	109
0	20
0	90
0	436
0	195
0	162
5	110
1	63
8	352
640	808
0	695
0	0
0	0
0	0
0	0
15	132
1	42
4	12
0	183
0	184
0	72
0	85
0	37
0	47
1	30
0	30
0	16
0	4
0	4
1	10
0	0
0	0
0	0
0	0
0	0
0	0
0	0
8	623
2	288
25	39
0	610
0	25
0	23
0	31
0	222
4	321
0	389
0	398
0	398
1	102
1	185
0	383
0	63
0	37
0	8
0	8
0	1
0	1
0	1
0	1
0	0
1	4
0	117
0	17
0	13
0	19
0	13
0	0
8	41
9	70
0	458
0	249
0	199
0	27
0	41
0	22
0	92
0	14
0	52
1	45
0	78
0	276
0	132
0	90
0	124
4	30
0	127
3	79
0	74
0	458
0	0
0	0
0	2633
0	138
0	2616
0	2584
2	158
0	2562
1	142
10	265
48	277
0	344
3	331
1	1414
4	192
11	45
3	276
1	278
0	317
2	239
1	245
0	10
0	87
169	219
3	133
0	245
3	18
0	19
2	27
33	91
1	84
0	16
2	27
0	17
0	13
0	1
0	2
0	0
0	7
0	3
0	1
0	27
0	0
0	0
0	0
0	0
0	0
0	0
0	0
0	0
0	0
0	0
0	0
0	0
0	0
1	16
0	12
0	27
0	291
11	304
19	15
29	3
8	1
3	13
0	0
0	113
0	0
0	4
0	117
14	1428
0	1384
0	579
0	1440
1	1048
1	604
1	60
0	55
0	0
0	0
0	0
0	113
0	76
0	0
0	213
0	42
0	211
1	8
0	7
0	52
0	1
10	1
1	36
0	16
0	11
0	20
1	20
11	35
3	52
0	72
1	19
0	147
0	8
3	32
0	85
0	67
0	59
0	53
0	51
0	24
0	85
0	88
0	70
2	14
1	1
0	3
0	0
0	113
0	76
0	1
0	1
0	1
0	1
0	1
0	1
0	0
0	0
0	3
0	116
0	17
0	0
0	0
0	0
0	0
0	0
0	0
0	0
0	0
0	0
0	0
0	0
0	0
14	71
4	71
0	24
0	0
7	117
0	139
2	9
1	29
0	38
0	117
1	24
0	18
0	47
2	58
0	5
0	42
0	416
0	421
0	405
0	259
0	69
6	399
0	410
0	421
0	419
0	410
5	421
0	372
0	405
0	410
0	366
0	366
0	196
0	373
0	350
0	273
0	190
0	106
0	230
2	65
0	122
0	163
0	192
0	192
0	61
0	169
0	99
0	147
0	126
0	151
0	79
0	126
0	99
0	99
0	16
0	101
0	48
1	1
3	9
0	93
0	89
0	87
2	83
0	95
0	95
0	42
1	76
0	95
0	97
0	88
0	78
0	67
0	64
0	75
0	69
0	67
0	81
0	67
0	73
0	64
1	19
0	68
0	68
0	79
0	62
0	79
0	56
0	25
0	68
0	64
0	51
0	49
0	34
6	11
0	1
0	0
0	0
0	1
0	1
0	1
0	2
0	115
0	8
0	121
1	0
0	113
145	109
1	177
0	147
0	9
2	0
0	3
0	17
6	16
0	18
2	6
0	0
0	17
0	18
6	1674
0	1556
1	1565
0	1558
0	1552
0	1563
1	1573
3	1507
11	1260
0	596
0	136
0	68
1	1
0	1
0	1
0	1
0	766
0	1428
28	2788
0	1569
0	2802
0	1953
0	2673
0	2591
0	2596
0	2564
0	2508
0	2213
0	2109
0	2583
0	1578
0	367
0	902
0	816
1	198
0	32
0	13
0	126
0	12
87	114
0	3
0	83
1	116
0	73
0	94
0	0
0	0
0	0
0	580
13	576
9	576
1	419
1	3
0	116
0	113
0	211
17	1240
1	482
0	1298
1	242
0	295
0	361
0	205
0	168
3	27
0	389
0	532
0	523
0	527
2	509
0	529
0	492
0	64
0	152
0	115
0	50
0	45
0	7
2	0
0	0
0	0
0	0
0	0
0	0
0	0
0	0
0	0
0	0
0	6
0	93
0	24
0	19
0	10
0	17
0	12
0	2
2	12
1	14
29	10
0	100
0	207
0	231
35	227
1	34
1	4
0	93
4	215
0	89
0	51
0	197
596	239
1	83
0	49
0	47
0	116
0	101
0	3
0	61
0	1275
0	101
3	1276
0	1056
1	6
38	0
2	66
0	416
0	3
0	3
0	1
0	2
0	1
0	121
10	295
10	541
4	330
0	2
19	98
0	168
0	168
0	116
1	119
0	33
0	17
0	6
0	6
5	543
37	92
0	60
0	57
2	359
114	98
0	456
0	65
1	17
0	41
0	15
0	1
0	1
0	37
1	36
0	26
0	20
0	64
3	177
0	4
0	84
0	10
0	27
0	18
0	31
0	32
0	6
0	35
0	4
0	3
0	4
0	7
0	30
1	13
0	0
0	0
0	0
0	0
0	0
0	0
0	0
0	0
0	0
0	0
0	0
0	0
0	0
0	0
0	0
0	0
0	0
0	12
0	12
0	3
0	3
0	2
0	3
0	3
0	0
0	2
3	16
0	1
0	1
3	4
6	6
4	8
0	0
0	0
1	1
0	1
0	0
95	0
7	2007
0	1950
0	2259
0	126
0	73
151	40
0	40
0	164
380	164
16	0
7	161
2	31
5	161
0	54
6	18
0	31
2	32
0	33
0	15
1	19
26	40
0	40
0	46
0	46
0	102
0	8
0	15
0	104
2	4
5	998
2	966
4	1039
0	31
0	64
14	33
0	3
1	2284
0	1543
0	2200
0	232
0	967
0	2283
0	2284
0	429
0	2218
3	283
0	2210
0	221
0	324
2	332
0	31
0	31
0	25
0	31
0	31
0	27
0	6
0	9
0	2
2	11
0	6
3	3
0	1
0	0
0	0
0	0
0	0
1	46
0	42
1	46
0	46
0	41
14	50
0	33
15	12
0	43
0	21
65	223
0	118
0	111
0	113
0	177
0	94
0	74
0	68
0	13
1	14
0	1
0	20
0	17
0	100
0	0
0	0
0	0
0	0
0	0
0	0
0	0
0	565
35	724
0	2062
0	303
13	219
3	2126
15	219
0	1001
0	631
0	855
0	976
0	787
0	2074
0	343
0	460
0	834
4	680
7	186
34	374
0	502
13	176
16	739
0	9
1	10
0	9
0	3
0	3
0	1
0	5
0	1
0	0
0	3
0	0
0	0
0	48
1	396
0	1
0	34
0	1
0	43
0	382
0	8
0	397
0	391
0	38
0	25
0	398
0	27
0	33
0	43
0	28
0	48
0	62
0	36
0	27
1	31
0	27
1	16
0	64
0	65
15	576
47	392
0	580
1	74
0	152
0	139
0	43
120	1588
0	97
0	71
5	1477
0	1339
0	837
0	89
0	98
1	1407
1	84
1	145
0	152
5	73
0	165
0	317
0	1589
0	1391
0	1483
0	312
6	757
1	1390
0	1273
0	224
0	1327
0	600
0	1410
0	1225
0	391
0	1413
2	292
0	508
0	1462
0	374
0	312
0	1188
0	795
0	40
8	140
0	675
0	54
0	168
1	818
0	46
0	137
1	792
0	522
0	278
0	375
0	138
0	1513
0	1
0	0
0	1
0	0
0	0
0	0
0	0
0	0
0	0
613	0
0	122
0	122
0	71
0	22
4	19
0	6
241	70
0	54
1	54
0	14
0	0
0	0
0	0
0	0
0	0
0	7
2277	1633
36	1375
0	1425
0	1150
13	496
2	710
0	0
0	0
0	0
0	0
0	0
0	0
0	0
0	12
0	195
15	195
2	24
1	12
0	16
0	18
0	18
0	16
2	16
0	17
0	7
0	5
0	2
0	3
116	2558
1	1958
2	2183
0	316
0	216
0	227
6	0
3	107
1	6
0	79
0	88
0	84
0	21
0	80
0	89
0	73
0	69
0	79
0	45
0	68
0	66
0	64
0	53
0	67
0	80
0	71
0	66
0	71
0	70
0	76
0	0
0	48
0	0
0	56
0	0
0	68
0	72
0	63
0	70
0	65
0	68
0	59
0	29
0	43
0	51
0	41
0	13
0	29
0	24
0	25
0	35
0	22
0	21
0	21
0	25
0	14
0	20
0	1
0	0
25	12
0	262
0	225
0	283
0	228
0	248
0	243
0	243
2	196
0	211
3	207
2	181
19	232
0	384
6	213
0	228
0	341
3	6
1	75
0	37
0	37
0	16
0	1
0	11
40	10
13	2
0	7
0	6
0	6
0	5
351	80
4	1237
0	1208
0	1328
0	1414
0	1208
0	1271
2	1437
84	1359
1	1104
0	1219
1	1319
0	1129
0	1309
0	1273
0	1398
45	1316
0	1179
0	599
0	1255
3	1345
0	1336
2	1302
1	1280
0	1346
0	1246
0	941
0	203
5	121
72	131
1	123
8	743
0	108
320	994
0	79
1	77
1	78
0	894
0	221
0	226
429	302
4	10
68	64
0	267
4	66
0	99
31	107
0	174
0	9
6	4
0	21
1105	302
1	30
0	107
2	156
2	69
1	68
13	735
8	735
0	572
0	14
0	39
0	23
2	388
12	52
0	57
8	102
5	98
0	73
0	48
0	92
0	40
0	78
0	21
7	986
0	809
0	796
0	780
0	35
1	48
0	623
0	654
0	903
0	24
1	41
0	569
148	1505
61	2136
19	2049
2	1134
8	699
1	183
7	200
17	136
8	211
8	223
18	247
0	243
1	142
3	104
0	30
28	38
0	37
0	17
5	2890
0	2790
2	542
1	427
0	2623
4	2162
4	213
10	312
0	1199
0	1124
11	1258
0	1189
0	376
0	1102
0	444
5	836
0	242
1	473
0	49
0	49
4	47
0	31
0	41
0	2
0	530
0	530
0	510
38	347
0	489
1	92
7	116
4	40
8	32
0	14
0	52
268	3
0	16
1	141
0	60
1	59
34	630
0	616
0	606
1	605
0	509
0	509
0	517
11	427
1	31
0	55
0	510
0	47
505	2453
14	2151
0	643
2	219
2	132
35	37
0	37
1	30
2	47
1	47
1	46
0	0
0	0
0	0
0	231
0	252
3	86
0	53
0	69
0	77
0	27
0	33
0	38
0	45
0	31
0	29
0	201
0	602
0	499
13	578
5	35
0	36
1	24
2	70
0	30
3	69
0	56
0	27
2	0
0	0
0	0
0	0
0	0
0	0
0	0
0	215
0	5
7	1787
0	1819
3	187
1	258
0	178
0	224
2	84
0	1628
0	1734
3	1735
0	90
0	54
0	167
3	103
2	95
0	84
14	201
2	220
1	37
2	339
11	2
2	10
1264	318
1859	207
1	200
0	200
192	0
7	353
311	353
0	352
1	56
0	191
1	8
0	8
0	0
0	0
0	0
0	0
0	0
0	0
0	5
0	5
0	0
0	0
0	0
0	0
0	11
19	11
11	1362
2	1002
0	1038
0	788
0	279
0	589
1	278
0	0
0	1
0	1
0	0
0	0
0	0
0	0
0	0
0	0
0	14
9	14
0	14
1	10
1	5
2	856
11	864
1	871
0	413
1	48
0	84
0	97
0	104
1	89
0	25
0	0
0	0
0	0
0	0
0	0
2	463
0	500
7	418
1	212
0	343
4	76
0	466
0	149
0	435
1	235
8	78
5	236
1	127
1	374
165	141
1	116
1	25
0	117
1	189
0	24
80	238
0	7
0	132
1	174
5	20
1	147
0	158
0	128
0	235
1	48
4	42
0	13
17	46
1	81
0	73
4	22
4	72
0	22
5	57
0	12
0	3
0	331
1	325
5	385
5	12
1	25
0	30
0	59
0	49
0	48
19	126
1	160
95	910
164	305
55	807
0	472
1	552
2	747
4	178
40	297
0	517
0	161
0	440
0	0
0	0
0	0
0	0
0	0
0	0
0	0
0	0
0	0
0	0
0	0
0	0
0	0
0	48
497	72
3	41
0	77
24	7
2	8
0	8
2	266
0	267
28	226
4	256
0	206
15	11
0	7
0	0
0	8333
0	5495
0	2639
0	8188
0	8301
0	1177
0	8353
2	1108
301	5450
17	0
0	8516
2	8332
0	1700
0	664
6	8364
0	8245
0	1866
0	404
0	2386
0	1373
10	504
0	2309
0	290
87	1975
0	0
0	0
0	0
0	0
0	0
0	0
0	0
0	0
0	0
0	0
0	0
0	0
0	347
0	1725
1180	1924
1	323
45	1396
689	834
0	643
3	542
0	573
0	314
0	306
2	131
104	638
6	652
22	583
0	300
16	0
19	13
3	9812
0	103
71	7763
6	9922
21	2754
0	10038
1	7559
0	7583
106	457
0	50
6	8
146	747
0	297
1	168
0	546
6	291
1	187
91	282
3	146
3	27
22	362
0	354
17	1
2	181
0	183
3	368
0	159
0	429
22	435
0	429
1	184
0	429
0	75
1	104
1	395
0	31
0	1
13	893
12	361
2	168
0	941
0	431
0	698
0	147
1	94
0	649
4	250
66	388
0	364
14	133
0	2
3	19
2	95
0	59
0	52
0	29
1	19
1	659
0	13
0	16
0	4
0	45
1	0
0	0
0	9
0	9
0	4
0	0
0	7
0	0
0	0
0	1
0	0
0	10
1	24
0	18
0	24
0	0
1	4
0	0
0	4
110	2017
6	1817
0	385
2	101
0	199
0	2019
0	174
0	135
7	708
12	618
0	40
0	53
23	40
0	36
16	192
11	13
0	0
228	29
70	29
0	7
1	48
0	108
0	559
0	625
1	616
12	56
0	40
0	396
958	624
8	9
36	143
2	155
118	911
0	857
0	110
0	784
0	100
0	520
3	31
2	94
4	145
573	588
0	533
0	273
150	318
3	211
0	121
0	0
0	1166
0	422
0	258
0	885
0	994
2	69
0	158
2	304
0	130
0	152
1	205
0	348
1	93
0	339
0	317
0	1068
0	347
5	367
0	347
1	353
0	355
30	300
0	298
0	45
2	109
4	58
354	0
404	285
6	58
1	135
0	92
0	979
34	1165
0	462
2	77
0	455
1	448
0	55
0	49
2	23
7	25
1	64
0	85
14	230
4	154
18	114
0	210
0	214
1	15
0	85
3	80
1	81
0	9
3	52
1	8
1	1
8	48
0	12
0	7
0	262
13	300
0	0
0	7
0	0
0	0
0	0
0	0
0	0
0	0
0	0
0	0
0	0
0	0
0	0
0	0
0	0
0	0
0	0
0	0
0	0
0	0
0	0
0	0
0	0
0	0
0	0
0	0
0	0
0	0
0	0
0	905
0	113
1	78
0	153
0	184
1	165
0	546
0	1022
1	153
0	254
11	285
0	172
1	157
11	260
0	0
0	0
0	0
0	0
0	176
0	210
0	449
0	444
0	129
0	188
46	68
0	73
1	53
0	29
0	29
0	925
0	179
1	877
0	857
0	311
0	301
0	313
0	288
1	312
0	288
0	273
0	341
0	195
0	198
0	202
0	286
0	283
0	303
0	283
0	290
0	55
0	175
0	313
0	146
0	169
0	175
0	188
1	8
0	1
1	1
0	1
0	220
0	282
0	258
0	272
0	251
0	258
0	258
0	227
0	265
0	269
0	273
2	116
0	258
0	265
0	250
0	254
0	260
0	262
0	224
0	159
0	232
0	258
0	241
0	269
0	261
0	268
0	273
0	96
0	115
0	270
0	265
0	260
0	275
0	144
0	220
0	260
0	266
0	271
0	270
0	134
0	246
0	225
0	272
0	268
0	170
0	226
0	251
0	154
0	242
0	245
0	241
0	211
0	201
0	223
0	124
0	123
0	175
0	160
0	168
0	158
0	69
0	28
0	166
0	124
0	56
0	126
0	116
0	61
0	4
0	1
0	1
0	1
0	1
0	1
0	0
0	0
0	0
0	0
0	0
0	0
0	0
0	0
0	0
0	430
21	430
6	41
0	0
0	0
0	0
0	0
0	0
0	0
0	0
0	80
21	103
17	103
5	1554
0	1541
0	246
1	278
0	266
0	287
0	244
5	225
2	156
0	35
0	69
94	76
0	77
0	11
0	27
1	27
1	10
0	2
0	2
0	8
1	6
0	3
0	573
0	460
2	799
0	4
0	3
0	1
0	2
0	4
0	4
0	2
0	1
0	1
2	2890
0	3185
353	3304
0	2278
0	1754
3	488
0	3
0	170
0	13
0	11
0	166
0	133
0	6
1	41
0	116
0	154
0	126
0	168
0	128
0	172
0	130
0	127
0	85
0	145
0	19
0	16
1	21
0	156
2	11
0	133
0	127
0	143
0	124
0	158
0	159
0	168
0	160
0	154
0	152
0	157
0	112
0	138
5	143
0	145
0	177
0	124
0	135
0	16
0	18
0	136
0	21
1	79
0	99
0	88
0	1
77	128
0	97
0	49
1	74
0	17
0	87
0	38
0	123
0	116
0	127
0	46
2	88
0	53
20	80
0	34
0	39
0	340
1	3
0	29
0	125
1	36
6	11
0	307
0	17
0	24
1	21
0	18
0	309
22	336
0	362
0	101
0	388
0	126
0	75
0	72
0	21
0	85
0	75
0	102
0	92
0	49
0	105
3	14
0	34
0	34
4	27
0	35
0	36
0	34
1	30
1	27
0	28
0	330
0	0
0	2
0	3
0	2
3	3
4	2914
223	2914
0	16510
18	16543
16	18831
0	7551
0	5025
0	14368
0	9213
0	20540
0	14726
4	16497
0	467
0	13318
1	14795
0	18943
0	16196
0	13987
0	11500
0	4797
1	17142
0	5933
0	1276
0	4564
2	379
0	381
0	780
0	791
5	5
2	0
2	5
0	4
0	136
0	579
0	844
0	287
0	39
25	564
0	37
0	68
0	36
0	25
0	258
0	121
0	829
0	832
332	470
0	145
0	419
2	347
0	9
1	152
0	250
2	133
0	84
22	148
7	73
5	78
10	131
0	1228
0	1248
1	236
0	337
0	1284
0	336
0	199
0	530
13	95
0	39
7	311
1	146
0	95
1	266
0	16
0	6
1	74
0	77
0	0
1	3
0	174
0	90
5	143
0	145
8	4
1	81
3	11
4	10
0	13
0	0
0	113
0	934
1	896
0	126
0	680
0	156
21	590
0	170
4	488
0	0
0	0
0	0
0	0
0	443
950	443
293	0
0	0
2	111
0	5
0	3
0	0
0	0
995	4242
19	3175
95	2599
0	2671
1	555
0	394
20	646
0	783
3	457
0	1377
0	1248
0	1094
0	261
0	1321
0	708
0	490
0	525
0	335
0	1397
0	927
0	318
0	30
0	29
0	70
0	29
0	1164
0	818
0	209
62	134
2	36
0	12
0	1
0	5
0	5
0	0
0	863
0	43
0	72
0	895
0	81
1	6
0	15
0	15
0	3
0	15
0	3
0	3
0	0
13	633
1	716
0	722
1	426
3	256
0	157
0	308
0	64
31	696
0	24
0	74
0	696
34	636
0	33
0	109
0	93
0	80
5	37
4	45
11	37
0	43
0	75
0	70
0	73
0	37
0	37
0	34
0	37
0	39
1	487
0	830
3	286
1	307
0	739
0	730
23	725
0	785
0	804
1	819
0	819
0	765
0	809
0	786
0	775
0	811
0	802
0	807
0	785
0	579
2	529
0	399
0	242
204	1055
1	1054
15	0
0	12
0	1
0	23
0	23
1	3
0	4
0	8
0	4
0	3
1	6
0	23
0	2
0	4
0	4
0	23
0	1
0	18
0	9
0	17
3	983
9	75
0	43
3	106
0	963
0	2
0	0
0	2
0	2
0	0
0	0
0	0
0	0
0	2
0	1
0	1
0	3
0	6
0	6
0	6
0	6
0	4
0	1
0	1
0	33
0	1
0	1
8	37
271	378
2	378
144	598
0	598
7	446
0	0
0	0
0	0
0	0
29	1218
16	1218
0	2
3	2
0	2
0	0
0	162
0	145
0	141
0	156
0	144
0	142
0	142
0	105
0	86
0	18
7	31
0	16
0	401
2	1
3	200
0	407
4	552
0	369
0	338
0	37
0	527
0	1879
4	10
7	1568
0	133
0	1666
0	152
27	710
0	1024
0	126
0	1290
1	954
0	142
1	684
4	727
0	116
1	1142
0	1434
0	86
1	1430
0	4
0	9
0	3
0	10
0	10
0	8
0	10
0	6
1	6
0	10
0	6
4	14
0	11
0	2
0	1
0	1
0	1
0	0
0	0
0	139
18	10
0	10
0	60
0	57
0	59
0	57
0	10
0	55
0	60
0	57
0	60
0	60
0	9
2	55
0	6
0	1940
0	1989
0	2024
0	2025
22	1812
6	1967
0	1932
0	1728
0	1752
2	1696
0	1614
1	286
7	9
0	283
0	222
0	183
0	43
4	1470
0	1470
0	1558
0	1290
0	1453
0	1452
4	1452
0	1228
0	1371
2	1436
5	1006
5	243
0	139
0	128
0	94
0	183
0	214
0	192
0	92
3	56
0	109
0	40
0	67
0	122
0	49
30	40
0	0
0	78
8	507
0	463
0	15
0	312
0	280
0	312
0	38
0	17
0	17
0	17
0	0
0	0
1	2
15	313
0	423
0	6836
213	6955
0	246
0	63
0	508
0	365
0	2038
0	783
9	282
1	712
1	455
3	509
2	6
1	410
0	86
0	14
0	39
0	37
0	34
0	10
0	3
4	2098
1	1849
0	1902
0	1894
0	1902
0	1918
0	1918
5	1693
0	1761
8	1836
0	1886
0	1953
3	1396
0	1795
0	1741
0	1838
1	1101
1	1032
0	1817
0	1825
2	1618
0	1879
0	1566
0	1152
0	1183
0	143
0	427
0	6
0	8
0	0
0	8
0	2
1	3
0	293
0	397
0	262
1	287
1	288
0	406
0	243
0	297
0	0
0	0
0	0
0	28
0	72
8	22
0	1
2	73
0	0
0	0
0	0
0	0
0	0
0	0
0	0
0	27
0	136
0	48
1	260
0	13
0	651
11	699
0	704
0	89
0	398
0	35
0	54
1	16
0	51
25	9
2	42
0	105
0	23
1	47
0	102
2	73
18	108
0	48
0	48
0	160
0	149
0	72
0	19
0	54
8	47
0	21
0	0
0	59
0	0
0	0
0	0
0	0
0	0
0	2796
0	2847
8	2795
0	2917
37	2498
0	1537
24	1172
3	26
0	103
0	220
0	16
0	24
0	0
0	0
0	0
0	0
0	0
0	0
0	0
0	0
0	0
104	1428
0	774
1	527
9	506
0	257
1	812
0	82
0	190
0	620
0	633
0	674
73	146
17	640
0	604
15	368
8	164
6	251
0	474
0	180
0	375
0	328
0	343
0	196
0	167
0	159
0	261
6	209
602	135
12	135
0	198
0	0
0	0
24	0
0	0
88	338
1	23
4	311
0	27
0	113
0	115
0	48
0	35
0	28
0	11
0	7
0	9
0	12
0	3
0	3
0	3
0	2
0	7
0	4
0	0
0	0
0	0
0	2
0	0
0	2
0	2
0	2
0	1
0	0
0	0
0	0
0	1
0	0
0	0
0	2
0	1
0	0
0	0
0	2
1924	309
10	256
23	51
0	59
1073	0
0	0
453	371
3	80
6	99
0	154
24	25
0	37
0	135
2	0
56	765
1	765
0	172
12	64
1	47
0	0
0	0
0	0
0	0
0	0
0	0
0	2007
0	1233
5	490
0	545
3	391
0	313
4	247
0	248
0	1952
1	108
0	182
1	43
0	109
12	563
0	68
1	538
88	358
0	337
0	32
17	224
6	94
0	40
349	99
0	59
6	40
0	1290
2	749
3	652
0	78
0	656
0	1317
0	48
0	15
0	32
9	75
0	206
0	49
256	0
15	818
1857	810
6	168
0	5
1	6
0	6
0	3
9	6
0	5
1	3
2	20
0	20
0	20
0	14
0	9
0	16
940	136
1	83
1	53
2	1833
0	1834
0	1839
0	628
0	475
0	103
0	222
0	84
0	21
0	22
0	22
0	174
0	149
0	24
0	162
0	86
0	147
0	18
0	31
4	184
0	26
5	25
0	37
445	445
3	116
1	113
0	25
1	33
6	25
0	13
17	132
1	2
0	10
1	12
0	8
0	140
15	93
0	869
544	1017
0	906
0	202
4	2
0	0
0	0
0	0
0	0
0	0
0	0
0	0
0	0
1	108
36	138
4	104
0	928
0	936
0	928
0	138
2	32
0	136
10	46
0	921
0	904
0	941
0	945
0	941
0	507
0	34
0	15
0	15
0	15
3	16
2	13
25	12
3	0
6	1397
0	1192
218	1374
0	1317
42	964
0	121
808	228
2	230
0	36
0	41
0	185
3	17
6	98
32	98
7	10
0	10
0	4
0	519
1	160
0	519
0	1
0	1
0	1
0	1
0	1
0	1
0	0
0	0
0	0
0	0
0	0
0	0
0	0
0	0
0	0
0	0
0	0
0	0
0	2
0	2
0	2
0	0
0	0
0	11
120	31
0	20
0	19
0	11
0	17
1	19
0	19
262	0
0	6
0	4
1	5
0	0
0	1
2	2
0	0
0	1
0	157
0	151
0	151
0	144
0	151
0	151
0	151
0	148
0	144
0	144
0	153
1	99
0	53
0	131
0	79
0	99
0	94
0	98
0	102
0	100
0	94
0	94
0	102
0	98
0	81
0	100
0	104
0	87
0	88
0	101
0	100
0	143
0	140
0	136
0	140
0	134
0	129
0	140
0	140
0	46
0	14
0	7
0	41
1	102
0	19
0	5
0	5
0	66
0	2
0	3
0	0
3	22
0	1
2	10
0	15
0	1
476	1
2	364
0	144
3	366
4	1742
31	1916
25	2376
15	192
0	407
0	1025
0	515
0	481
0	513
1	470
0	107
1	18
0	216
9	216
6	165
0	131
0	805
0	676
0	610
0	750
9	491
0	491
0	578
0	578
0	578
0	640
0	738
0	665
0	741
0	413
0	563
0	594
9	695
0	579
0	549
0	544
0	460
1	27
0	194
0	458
0	499
0	406
0	398
9	39
0	441
0	419
0	21
0	190
0	117
0	202
0	188
0	35
0	47
0	13
0	37
0	80
0	21
0	1048
0	2047
0	1136
0	1731
0	2343
0	22
0	1212
0	1296
0	617
0	646
1	277
3	98
60	317
0	610
0	376
6	132
2	671
4	253
0	670
0	664
10	6
0	6
5	49
0	4
0	44
0	7
0	0
1	0
0	0
0	0
0	0
0	0
0	0
0	0
23	1131
2	173
0	577
30	314
9	874
0	871
1	51
0	19
0	47
457	2348
4	1693
22	2297
1	185
18	174
23	375
0	8
11	10
18	3
1	13
0	659
321	1687
6	324
1	63
2	775
0	195
0	226
1	1614
0	80
2	173
18	1028
0	156
8	68
85	274
1	148
0	22
1	42
7	36
0	65
0	57
0	52
0	5
0	65
0	56
0	33
0	0
0	0
0	0
0	0
0	0
11	313
0	275
0	176
0	199
0	138
2	3
0	41
1	31
0	39
0	0
0	27
5	22
0	2
1	0
0	2
0	0
0	2
0	2
0	1295
1	244
1	271
0	849
0	2595
0	2553
0	2376
1	2644
14	2600
0	2541
0	1656
0	2589
0	104
0	2548
0	1218
1	1601
0	6
0	57
0	82
11	1660
0	1660
0	0
0	282
1	54
0	87
0	486
0	484
0	73
2	99
0	177
1	452
1	75
0	483
0	196
1	74
1	101
6	6
2	74
0	33
2	25
1	22
7	52
16	194
48	163
2	111
1	110
6	57
0	78
0	92
1	50
0	48
3	46
1	27
32	47
0	42
0	29
0	29
0	23
0	19
0	23
2	21
0	0
0	0
0	0
0	2
0	2
0	1
0	1
0	0
0	0
0	0
844	100
1	100
0	242
32	287
2	45
0	193
0	2
3	0
0	0
0	0
4	494
0	2052
7	2014
0	990
11	1192
0	1905
0	627
1	1415
3	51
0	221
41	1069
0	984
0	202
2	333
149	225
0	127
0	105
1	72
0	0
0	0
0	0
0	0
0	0
0	0
0	0
0	0
0	121
3	772
0	737
5	759
1	580
0	255
0	443
0	365
19	454
0	51
0	125
0	62
0	61
0	299
0	363
1	86
0	634
2	25
0	511
7	1209
426	1210
3	104
0	104
0	74
2	0
24	188
211	447
0	342
16	74
1	29
2	590
0	560
0	528
0	507
0	544
12	172
5	220
0	66
0	52
0	0
0	0
0	0
0	265
0	264
8	267
0	9
0	41
0	44
6	37
0	42
1	18
0	34
0	102
0	84
0	72
0	67
0	51
8	47
0	2
0	53
0	55
0	45
0	54
0	0
0	36
1	18
0	18
0	141
0	356
1	77
1	39
0	107
3	356
0	358
0	25
0	52
0	93
0	362
0	359
0	102
0	80
0	100
0	111
0	110
0	2
0	11
0	6
0	1
0	7
0	10
2	79
0	12
1	12
0	11
0	7
0	16
0	16
1	14
0	7
0	5
139	1572
17	1435
5	1178
14	1214
1	399
0	813
0	730
25	865
3	202
2	135
358	643
3	395
0	642
0	192
1	3
0	46
0	228
0	1
3	238
126	537
0	539
6	10
2	111
2	44
15	223
8	131
16	149
7	82
8	13
46	155
12	2335
0	168
14	249
3	948
0	90
0	2317
5	2337
4	420
0	422
0	229
1	97
0	234
0	232
1	203
1	12
0	37
1	43
1	225
604	571
0	69
2	66
3	460
4	16
2	46
0	159
0	215
5	252
0	266
1	570
0	746
0	776
0	671
74	1024
0	1085
0	1064
0	1008
1	1053
0	1073
1	1074
0	1071
0	1058
0	1014
0	1035
1	1069
0	1080
0	793
0	45
1	267
0	249
0	223
0	203
0	200
2	197
0	182
1	73
3	67
0	49
0	50
0	909
0	899
2	824
3	486
0	919
0	417
0	31
2	55
0	41
14	99
0	14
0	14
0	6
0	7
0	6
0	7
0	7
0	7
2	6
0	4
1	1
0	2
0	0
3	1
0	4
0	4
0	4
6	97
2	236
45	235
0	46
0	162
0	1
0	1
0	1
0	0
0	0
0	0
0	0
0	0
0	0
0	0
0	0
0	0
0	1
0	23
0	6
0	7
0	5
0	5
0	23
0	5
0	1
0	1
0	0
0	23
1	271
0	1456
35	1456
0	0
0	0
0	0
0	0
0	58
0	110
0	113
0	113
0	110
0	1
0	80
0	48
7	19
0	7
0	14
1	8
1	38
0	16
20	439
0	435
1	87
0	48
1	55
0	19
11	2
0	14
0	26
117	87
0	87
2	32
0	897
0	898
0	898
0	893
0	1
0	898
0	898
0	897
0	874
0	479
0	43
0	40
0	225
0	102
0	207
0	252
0	249
0	264
0	272
0	896
0	906
0	896
0	894
0	883
0	880
0	882
0	913
0	904
0	901
0	896
0	897
0	847
0	125
0	184
0	850
0	912
0	894
0	879
0	906
0	897
0	895
0	741
0	892
0	874
0	38
0	878
0	899
0	899
0	281
0	231
0	906
0	738
0	754
0	905
0	892
0	891
0	905
0	886
0	827
0	901
0	271
0	219
0	884
0	882
0	895
0	882
0	844
0	896
0	744
0	881
0	901
0	728
0	882
0	849
0	728
0	891
0	878
0	901
0	826
0	744
0	902
0	877
0	896
0	901
0	882
0	849
0	905
0	881
0	42
0	4
4	4
0	107
8	972
2	1141
0	1156
0	1113
41	237
0	268
0	1140
8	1143
0	1099
1	975
1	1113
0	959
0	153
0	210
0	425
0	237
0	230
0	104
0	227
0	122
0	70
0	35
1	8
0	0
3	35
0	151
1	151
1	151
0	1
0	0
0	0
457	1679
1	1565
34	167
5	183
1	365
12	227
0	146
2	117
0	998
0	98
3	996
17	134
0	98
0	79
2	345
32	348
0	375
0	162
0	374
0	360
0	106
0	23
2	308
0	347
0	352
0	29
2	217
0	5
0	7
0	335
0	127
0	31
0	4
0	352
0	357
0	62
0	296
0	188
0	56
3	87
0	32
0	51
0	1
0	1
0	0
70	361
0	368
0	166
0	66
0	35
0	13
0	14
0	11
0	13
0	13
0	12
0	16
0	12
2	8
0	58
0	861
1	174
1	13
0	864
0	685
0	14
0	64
0	415
3	11
0	120
0	143
0	91
1	12
0	45
0	801
0	779
0	2126
0	183
0	356
2	2223
1	454
0	1058
0	276
4	1374
7	308
0	0
1093	0
0	227
3	66
0	8
0	15
1	17
0	14
0	9
1	9
3	17
0	3
2	227
0	45
0	0
256	0
9	0
113	0
0	68
8	486
0	562
6	46
9	37
0	258
0	411
1	461
0	103
0	99
3	204
0	481
51	533
18	30
0	70
0	103
50	397
0	157
0	834
1	834
0	839
0	804
0	89
15	0
0	43
0	1
0	1
0	72
0	63
1	56
17	81
0	11
1	55
3	43
0	11
0	0
0	58
7	18
0	71
5	65
0	26
1	487
1	30
4	21
0	84
0	51
0	647
0	758
6	320
0	469
0	487
0	183
0	97
4	20
0	352
15	217
0	196
0	140
10	275
0	147
0	142
0	115
11	304
0	289
3	18
0	126
1	259
0	135
2	10
2	14
0	5
9	199
0	9
1	34
0	306
0	9
0	1
0	9
0	1
1	1322
0	1319
1	1305
2	1324
5	1320
4	13
6	118
0	117
0	105
0	55
0	24
0	207
21	202
2	122
1	64
3	60
5	221
0	515
12	515
0	574
0	569
0	579
1	189
0	14
0	205
0	305
0	114
1	213
10	78
1	339
10	9
2	330
1	222
72	619
0	457
294	457
1	0
0	1220
1	1189
5	1073
0	1038
21	356
0	724
0	440
261	47
1	72
0	47
26	120
0	106
3	179
4	258
5	26
17	0
14	8
28	6601
0	15059
1	13202
3	16005
3	11723
43	20264
48	20270
0	10143
0	20319
1	15923
0	14417
1	14322
24	9259
0	2556
227	219
0	219
1	132
0	162
1	244
0	1063
0	309
0	269
0	1140
7	84
0	994
0	112
0	121
0	179
0	176
3	7
0	1097
10	193
1	912
0	33
1	193
0	304
0	380
0	389
4	203
1	240
0	310
0	337
2	426
1	301
0	273
0	132
1	6
0	19
0	6
0	3
0	3
0	2
0	0
0	0
0	0
0	0
0	0
0	1
0	1
0	0
0	1
0	19
0	241
0	239
6	134
0	237
0	217
0	255
0	203
0	211
0	173
0	247
0	247
1	100
0	54
0	100
0	47
0	247
0	100
0	247
0	234
0	236
0	236
0	163
1	87
1	142
0	127
58	539
9	507
0	238
37	294
4	183
0	63
90	106
2	0
0	0
0	0
0	0
0	0
0	0
0	0
0	0
0	0
12	24
5	4
5	1083
1	1038
1	882
0	532
0	649
0	114
0	84
2	4
25	25
0	1
0	7
0	69
0	14
1	14
0	12
0	34
0	72
0	86
0	266
0	291
0	294
354	303
0	292
0	58
0	48
0	39
0	39
5	1
6	23
0	1
0	21
0	19
0	18
0	19
0	2
0	18
0	17
1	1
0	2
0	240
0	223
1	197
0	66
0	189
1	241
0	0
0	0
0	0
0	0
802	670
0	185
3	182
0	203
0	178
0	121
0	120
0	116
0	0
0	0
0	0
0	0
0	0
0	78
1	7252
15	6092
1	259
0	329
36	1008
5	4418
0	3222
128	3068
6	7218
83	43
0	7
4	43
0	0
0	0
1	0
0	1
0	0
0	1
0	0
0	1
4	0
44	2802
0	191
11	30
24	85
0	2749
0	1782
0	62
3	1458
0	165
3	0
3	177
0	191
0	1170
0	951
2	11
5	434
0	87
1	209
2	117
0	418
0	29
2	0
2	32
0	652
0	63
14	639
0	53
0	49
0	16
2	630
10	37
0	452
6	71
0	54
0	57
0	327
0	122
0	77
0	73
0	69
0	145
0	100
0	60
0	314
0	89
0	90
0	85
0	205
0	12
0	83
0	51
0	29
0	58
0	52
0	56
0	80
7	51
1	17
0	22
0	10
0	58
68	1442
1	1391
8	1392
0	1373
0	1028
13	161
2	84
0	655
4	37
2	75
3	205
6	32
0	156
11	3
0	110
0	111
1	87
1	27
0	19
0	18
0	104
0	94
0	123
0	123
0	27
0	426
0	404
0	380
4	408
100	9
1	9
0	7
0	7
0	0
0	0
0	0
1	0
0	0
0	0
0	0
0	0
0	0
0	0
0	0
0	0
0	0
0	0
0	0
0	0
15	176
0	176
0	1
3	160
0	164
0	41
0	5
14	32
0	33
119	123
0	31
0	5
0	8
0	2
0	8
0	7
0	6
0	6
0	8
0	6
0	1777
0	1463
0	1536
0	1
9	1793
0	1498
0	1801
0	1781
0	1540
0	125
0	105
0	1484
0	1788
0	1561
0	1545
0	91
0	1493
6	171
2	187
36	1287
2	329
1	475
0	187
0	287
112	206
1	155
0	112
0	95
1	119
0	32
0	38
0	0
0	0
0	865
7	802
0	856
1	425
0	138
0	170
0	78
0	71
0	71
0	69
7	76
0	50
0	41
0	17
0	22
0	23
1	14
1	23
0	21
0	21
0	21
0	21
38	21
0	3
0	859
1846	777
0	228
0	168
0	381
0	24
0	173
0	75
1	447
0	425
0	277
1	421
51	360
0	430
0	421
0	413
0	288
0	135
13	0
29	685
8	608
0	452
0	489
11	437
2	240
0	11
0	33
39	287
0	266
1	291
0	31
1	29
1	11
4	23
1	27
2	17
4	8
0	152
0	292
0	1
2	23
1	22
0	22
0	21
0	0
1	3
0	2
0	0
0	0
0	0
0	0
0	0
0	0
0	2
0	400
14	36
0	421
0	31
0	83
0	425
0	27
1	7
1	41
1	14
0	420
0	419
0	297
0	89
2	27
0	425
14	14
24	399
0	8
0	13
0	19
0	15
0	1
0	1
0	1
0	5
0	1
2	202
0	107
0	92
0	3
0	94
0	92
0	163
0	186
0	192
0	192
0	162
0	16
0	140
0	159
0	127
0	147
0	96
0	77
0	56
0	79
0	81
0	40
0	20
0	43
0	70
0	67
1	54
0	23
0	0
0	0
0	0
0	19
0	19
1	36
0	19
0	19
0	0
0	0
0	0
0	4
0	0
0	0
0	0
0	3
0	3
1	26
0	0
0	0
0	0
0	0
0	0
0	0
0	0
0	0
6	2653
2	2242
0	2242
0	2056
3	1578
0	1649
13	1640
0	2000
0	1180
2	0
2	459
0	453
0	60
0	52
0	49
0	18
0	14
1	4
0	7
1	26
0	60
0	62
0	4
1	16
0	9
0	15
0	15
1	0
0	0
0	0
0	0
0	2
0	2
0	0
0	0
0	0
0	2
0	0
14	695
0	13
0	45
0	39
0	47
0	530
1	20
1	17
0	42
2	5
3	6
0	7
0	67
0	55
0	54
0	34
0	695
0	205
2	251
13	245
14	1046
0	14
2	36
0	1025
0	967
3	39
0	118
1	66
3	48
99	544
0	615
0	175
0	198
3	305
0	306
0	602
0	531
7	179
0	157
7	72
0	139
0	141
1250	432
0	432
0	316
0	0
1	0
18	101
0	204
0	210
11	210
1	203
6	92
0	96
29	1358
5	1358
0	51
0	397
0	354
0	44
37	6
0	6
2	0
62	229
0	211
0	158
4	40
0	42
0	89
0	54
0	53
0	48
0	26
25	20
0	38
0	64
0	56
0	173
0	181
1	48
0	72
0	62
0	15
8	13
29	1
0	1037
0	1139
0	1118
0	341
0	232
1	140
0	5
0	8
0	8
0	0
0	8
0	0
0	0
1	0
1	1
0	1
5	9
1	2769
94	1549
0	2741
0	2790
15	1738
0	1995
3	441
1	481
11	373
3	144
6	1
0	1
0	1
0	0
0	13
0	0
0	14
0	11
42	36
0	13
0	0
0	3
0	15
0	7
0	15
0	8
0	421
0	442
0	445
0	409
0	444
0	335
0	441
0	422
26	439
1	432
0	441
0	377
1	441
0	398
0	355
0	402
0	444
0	441
0	415
0	432
0	433
0	380
2	446
0	442
0	453
0	419
0	435
0	467
0	444
0	441
0	377
0	403
0	464
0	472
2	419
0	143
1	44
0	95
10	132
0	67
0	68
0	86
17	79
0	68
0	62
0	1
0	1
0	1
0	0
0	1
0	0
0	1
0	0
0	0
0	0
0	226
0	266
1	269
0	276
0	200
1	53
0	129
0	71
1	53
1	52
3	46
0	201
0	199
0	201
0	30
0	30
1	16
0	15
2	11
3	10
0	86
0	625
0	23
4	1007
0	97
0	845
0	71
2	36
0	31
3	388
0	41
1	23
0	352
0	121
719	271
1	13
0	16
19	12
0	254
0	365
13	590
0	482
0	1129
0	1182
0	1132
0	1365
0	1421
0	1371
0	1368
2	1390
0	1420
0	18
0	284
0	187
0	0
4	301
0	223
0	206
0	182
187	0
0	16
0	13
0	14
0	10
0	12
0	18
0	8
0	4
0	1
4	2
0	0
1	2
0	0
13	14
0	0
0	0
0	0
0	0
0	18342
1	27524
0	28208
0	18235
8	18272
2	18271
41	18230
0	27841
27	26072
0	27159
3	25149
0	27692
0	28163
104	26129
3	27515
3	26465
0	27217
0	26799
0	27516
0	27117
1	27054
0	28384
0	28846
0	14110
0	19253
0	28510
0	28745
0	28331
1	13711
0	19155
0	18649
0	27960
0	19626
0	19120
0	28181
0	28643
0	27859
1	19410
0	28329
0	28972
2	18751
0	19434
0	18947
0	18382
1	28626
0	19751
0	27866
0	18484
15	13417
1153	617
0	284
1	158
5	174
0	169
0	6
23	34
1	77
0	77
0	104
0	127
2	29
3	36
1	123
14	104
0	125
0	29
2	7
1	71
0	4
0	64
62	1059
0	1060
0	86
2	12
0	86
0	280
0	134
0	310
0	44
0	1060
0	208
0	54
0	74
1	32
3	223
0	115
5	246
0	2348
13	1684
0	3998
0	4084
0	4119
0	282
0	1066
7	1233
0	1302
0	2426
0	3395
0	3481
2	3447
2	3803
0	3769
0	3865
0	3901
0	3941
0	4030
0	3983
1	4030
0	4149
1	775
7	2285
0	635
0	4024
0	925
0	3976
0	3920
0	279
0	4027
0	677
0	70
0	263
1	413
0	262
0	142
0	147
0	134
0	466
0	507
0	112
0	136
0	22
1	447
2	441
0	368
0	282
0	291
0	0
0	192
0	103
177	1941
43	1851
75	585
7	232
7	226
0	688
0	187
110	1982
0	48
2	241
99	1283
0	1337
6	18
0	135
11	102
0	95
9	801
0	1982
97	0
2	0
4	1
0	24
0	2
0	23
0	13447
0	13444
313	11746
0	13849
17	12299
0	310
7	1635
9	814
3	1963
3	1883
0	1906
20	1486
1	4741
1	1409
0	2921
0	1219
2	2684
7	479
0	306
0	967
0	881
0	879
5	1105
0	999
0	1419
2	990
0	1099
2	1039
0	623
1	369
0	577
0	0
0	0
0	0
2	51
0	14
0	47
0	50
0	49
1	52
0	47
1	10
0	13
0	5
0	6
0	0
0	6
0	0
0	0
0	3
0	2
0	3
0	45
0	246
0	29
5	5
6	46
0	18
0	39
8	32
1	40
0	50
0	230
16	230
0	95
25	162
6	26
2816	5871
2	1084
7	1625
0	1125
0	1278
37	5185
0	5188
2	3583
0	2628
5	1923
3	1504
0	543
3	590
58	834
0	7535
0	7589
0	7394
0	7513
0	7096
0	7424
0	7385
0	7333
1	7319
0	7291
0	3643
0	3880
11	7381
126	7076
0	7954
1	7234
2	7179
0	7402
0	7082
35	1652
2	1912
7	3485
0	3601
0	3816
5	3679
0	7212
0	7255
0	7100
0	7040
0	7911
0	7364
0	7275
2	7028
0	7204
0	7318
1	1991
0	874
0	394
0	1143
0	1724
0	586
0	202
0	912
1	869
4	498
0	909
0	602
0	550
0	515
0	503
0	437
1	245
0	30
0	0
207	570
9	219
1	160
22	473
0	474
0	1688
0	2
26	207
0	1837
4	1951
0	1892
0	2067
0	1919
0	1826
2	152
1	144
3	334
0	846
0	362
3	237
57	336
0	192
85	138
0	320
25	248
0	263
0	203
4	218
0	30
0	8
0	1902
126	1130
1	863
4	1097
0	472
0	205
0	156
1	3
13	11
0	11
0	11
422	709
1	490
24	143
0	409
0	213
420	235
1	61
0	107
1	189
0	0
0	0
0	0
0	0
1	30
1	21
0	27
0	17
10	10
0	1150
0	1129
0	1160
3	1109
0	1025
5	183
0	832
0	46
1	29
2	22
1	160
0	1
0	155
0	146
4	84
0	29
0	116
9	144
0	138
0	38
0	92
3	46
0	60
16	23
0	27
2	121
1	0
239	330
0	316
0	165
10	16
0	0
0	188
43	1008
1	447
4	105
9	779
6	5533
0	1463
8091	9460
0	309
6	1454
0	1467
0	407
2	5049
2	237
0	1234
18	728
0	377
0	10
0	309
1	795
2	612
0	253
0	1414
0	1000
1	1901
1	1148
21	609
1	669
0	357
0	428
53	683
139	1617
0	601
0	810
1	525
0	21
6105	921
28	448
1	640
0	0
3	10
8	10
2	46
0	810
0	821
4	171
13	124
24	104
0	108
10	46
0	0
0	3
0	3
0	3
0	3
0	0
0	3
0	1
0	0
0	3
0	0
0	0
0	3
0	1
0	3
0	3
0	1
0	0
0	3
0	3
0	3
0	3
0	2
0	2
0	3
0	3
0	1
0	2
3	0
0	0
12	317
82	317
0	0
0	0
1	2987
0	2348
0	2244
0	2656
0	2987
0	2736
0	2184
0	2749
0	2416
41	2626
0	1655
11	1287
0	1889
17	1923
0	1683
41	28
0	17
0	19
0	7
0	18
0	11
0	9
0	5
0	0
1	257
2	653
0	538
0	346
0	403
5	347
2	421
0	0
0	0
0	0
0	0
0	0
0	0
0	0
15	121
0	98
0	0
0	0
0	0
0	0
0	0
0	1
0	10
0	9
0	1
0	1
0	1
0	1
0	4
0	2
44	204
0	514
0	514
0	522
0	6
1	199
0	4
0	14
1	951
4	1230
2	1215
2	846
14	437
0	1784
0	1801
1	1788
0	627
0	347
7	365
3	189
0	142
1	106
0	50
2	7
4	1518
0	1530
0	626
0	846
0	198
0	164
0	103
0	39
0	121
5	43
0	122
0	87
0	41
0	82
0	339
0	248
0	46
0	46
0	348
0	345
0	64
0	0
0	0
0	78
0	246
2	252
0	213
2	7
0	13
0	70
11	38
0	20
0	250
0	78
0	0
0	0
0	0
0	166
0	177
0	131
0	191
0	76
0	80
0	239
0	56
1	63
0	91
0	102
4	214
2	164
0	98
1	68
0	16
0	0
0	0
0	0
0	0
0	0
0	0
0	0
0	0
0	0
75	121
0	48
2	80
1	44
0	0
9	5
1	6
0	3
0	1
0	151
4	149
0	39
0	1
3	840
1	604
0	840
1	781
1	781
0	736
0	195
0	248
3	215
1	106
0	85
8	24
0	139
0	48
2	38
0	4
0	2
0	0
0	45
3	120
0	39
0	49
0	117
0	66
0	44
0	66
0	1
0	1
0	1
0	1
0	0
0	0
0	0
0	0
0	0
2	747
0	0
0	854
0	788
0	596
0	852
0	834
0	776
0	430
0	492
0	573
0	21
0	676
0	726
0	743
0	740
0	747
0	751
0	731
8	629
0	705
1	324
0	572
24	425
2	287
0	122
0	484
0	80
0	169
0	269
0	136
0	81
0	105
0	168
0	58
0	13
0	15
0	196
0	253
0	256
0	231
1	56
0	64
0	109
0	145
0	100
0	79
0	79
0	67
0	78
0	25
0	16
0	68
0	30
1	0
0	0
0	0
3	12
19	308
27	197
0	11
8	288
1	209
1	133
0	67
0	91
0	86
1	76
0	64
1	61
0	0
0	395
2	123
6	395
2	20
0	4
0	9
0	21
0	18
0	9
0	314
0	558
0	466
0	553
0	572
0	553
0	529
0	464
1	473
0	457
0	525
0	525
0	287
0	436
0	495
0	493
0	307
0	179
0	356
22	350
0	284
0	223
0	230
0	264
0	221
0	228
0	313
0	266
48	412
0	307
0	300
0	264
0	265
0	230
0	315
0	353
1	354
0	157
0	201
1	314
0	349
0	106
0	352
0	293
0	329
0	190
0	279
0	198
0	286
0	335
0	248
0	274
0	145
0	296
0	221
0	318
0	146
0	282
0	280
0	228
7	203
0	306
0	59
0	319
0	181
0	299
0	292
0	267
0	250
0	214
0	39
0	35
0	25
0	44
0	34
0	86
0	81
0	15
0	48
2	5
0	1
0	29
0	4
0	0
0	0
0	0
0	0
0	0
0	0
0	28
0	31
0	30
0	30
769	0
0	1
0	2
0	2
0	2
0	0
0	1
1	3457
5	26
6	927
0	1435
0	317
4	1650
0	3406
0	3437
0	3435
29	1442
0	3427
0	3438
0	1651
0	730
1	1259
2	3402
4	1559
2	325
11	135
2	272
4	1488
0	271
0	102
2	223
25	899
0	228
0	116
2	1754
12	1559
1	121
1	171
293	331
0	237
6	191
0	41
2	342
0	828
3	846
0	468
2	570
0	668
0	829
2	630
10	190
1	38
1	60
0	19
1	2
0	100
1953	4033
8	637
66	52
0	305
4	227
2	1062
16	2815
0	1704
2	19
0	4170
0	4175
0	3091
0	3072
0	2604
0	4263
2	2663
0	2310
0	2217
0	2201
267	1887
3	667
67	661
1	571
0	703
0	696
4	472
0	725
0	725
0	62
31	177
4	15
1	25
3	246
52	44
0	402
0	187
3	213
22	205
0	1
0	1
0	1
0	1
0	0
0	0
0	1
0	1
0	0
0	64
634	235
1	33
1	113
0	148
1	77
0	61
1	74
0	58
0	458
1	142
0	267
0	456
0	115
0	97
0	86
0	189
0	146
3	450
0	144
0	276
2	62
0	63
0	96
0	114
0	127
0	274
0	119
0	227
0	411
0	292
1	37
1	107
1	108
0	81
3	42
0	28
7	152
130	1462
0	143
2	144
1	166
1	192
63	1096
1	205
0	210
0	190
0	113
0	100
1141	11
8	0
215	2023
1	604
29	678
0	229
0	1890
0	152
3	612
1	286
2	100
115	202
50	1303
23	1303
5	6
176	236
1	239
7	3
9	201
0	42
0	42
0	39
0	201
54	1244
0	1868
2	1746
1	1584
0	1461
0	199
14	699
2	945
0	237
0	83
6	191
2	94
0	137
31	137
1	17
19	297
0	259
5	276
3	55
0	0
6	183
0	40
1	1
46	576
0	486
0	57
0	27
0	573
0	44
0	70
0	500
0	11
1	25
0	40
0	52
0	319
1	110
0	9
0	58
1	0
0	0
0	3
0	0
0	0
0	3
0	0
1	3
0	2
0	0
0	3
0	3
0	0
0	0
0	0
0	0
0	0
0	0
0	0
0	0
2	0
0	0
0	0
0	0
0	0
0	0
0	0
0	0
0	0
0	1701
0	1248
4	1081
0	295
0	494
0	93
0	4
0	61
1	60
0	42
0	35
0	37
0	2
8	683
2	684
0	693
49	637
3	434
0	198
3	74
1141	499
1	417
1	445
0	136
1	71
0	0
0	1
0	1
0	1
0	1
0	1693
0	999
0	787
2	793
0	949
0	852
5	879
5	188
0	445
0	318
0	400
0	206
0	96
7	67
0	156
1	0
0	122
2	80
1	133
0	107
6	87
0	126
0	87
0	1504
6	117
0	117
45	253
6	278
0	168
0	441
1	443
3	77
1	32
0	41
1	19
1	19
2	16
1	0
0	2507
0	2425
0	2386
5	1086
4	1074
7	2082
0	79
1	133
0	188
1	7
0	254
0	222
1	57
0	113
0	417
0	100
1	91
0	96
0	106
0	87
1	78
2	82
0	75
0	808
0	939
0	358
0	589
0	636
0	489
0	296
0	398
1	386
1	266
0	20
1	131
0	62
0	47
0	43
0	0
0	1641
0	1636
0	283
0	168
1	181
0	256
2	121
1	396
0	328
3	37
12	1949
0	2043
5	2043
5	177
0	941
20	15281
0	438
0	2496
0	2548
0	3297
0	3860
0	4033
0	7835
0	4976
0	2029
0	440
0	2037
0	1278
0	3275
0	4786
0	4883
65	4851
0	7964
0	11972
1	6799
30	12962
2	7911
0	1293
0	2458
0	5389
33	1813
0	12701
53	744
1	4451
0	8263
4	3505
0	2127
17	2052
0	3222
0	25
0	1
0	8
1	8
0	199
3	39
0	138
0	42
0	198
0	38
0	155
0	375
0	397
52	454
0	420
0	438
0	291
0	433
1	256
0	247
0	212
0	116
0	7
2	27
0	93
1	58
0	62
0	25
0	23
0	41
0	31
1	28
0	4
4	0
0	0
0	0
0	0
0	290
0	14
0	294
0	341
0	357
0	363
0	291
0	53
1	130
0	82
0	84
1	193
2	28
0	73
105	2082
5	2082
0	97
0	125
0	599
0	520
2	581
0	519
0	527
0	523
0	48
2	33
0	91
0	119
0	314
0	53
0	183
1	68
0	69
0	53
0	33
0	35
1	0
0	567
3	1262
0	1154
0	1210
1	1055
3	1189
3	1254
1	174
3	63
0	88
0	586
16	471
1	401
1	186
0	77
0	77
0	77
1	61
0	65
0	3
1	0
0	4
0	4
0	4
3	4
1	4
0	2
0	2
0	0
0	4
0	682
6	713
0	564
0	72
0	2
0	2
0	1
0	1
0	0
0	0
0	0
0	0
0	35
0	84
4	97
0	23
0	8
0	12
0	11
0	17
0	404
0	518
0	810
1	372
30	35
0	69
0	67
0	42
0	25
0	20
0	20
1	24
2	7
0	8
0	0
0	0
0	0
0	0
0	0
8	40
0	19
1	19
0	27
3	30
3	29
11	3
0	1
0	2
21	199
0	387
10	461
0	412
0	429
1	64
1	358
0	128
0	67
0	51
0	79
0	11
1	51
3	54
0	52
0	4
0	19
0	10
0	11
0	2
0	509
0	49
0	592
0	375
0	25
0	100
0	13
4	15
1	46
4	159
0	464
4	384
0	448
1	318
8	323
13	11
3	17
0	42
0	6
1	98
2	119
83	184
0	0
0	0
0	349
3	87
8	168
1	211
0	680
0	758
0	83
0	112
0	620
0	47
3	109
0	272
15	0
0	472
0	101
0	396
1	549
22	514
0	548
19	509
0	0
0	0
0	0
0	0
0	0
0	0
0	0
0	0
0	0
0	395
0	22
0	23
0	0
0	9
0	23
30	92
0	247
0	36
0	40
0	33
0	212
0	15
0	173
0	287
0	0
0	6
1	42
0	25
0	360
20	38
0	40
1	42
1	85
0	170
6	118
19	120
0	152
0	0
0	0
1	0
0	0
0	0
0	0
0	0
0	0
0	0
0	0
0	0
2	4
0	4
0	1
0	1
1693	891
3	834
3	410
1	591
0	408
4	324
0	466
0	464
13	452
3	6366
3	8590
24	19747
0	20272
0	11178
2	4159
6	5550
0	3680
3	1430
0	27
0	1
0	1
0	0
0	1
5	1
0	1
0	0
1	231
0	257
1	240
0	14
0	53
0	26
0	14
0	12
0	12
0	4
0	12
2	12
0	1418
15	1418
0	1418
4	1418
4	1386
3	1351
0	1336
4	168
0	52
0	427
74	1299
0	1261
131	396
1	580
39	192
14	1303
1	1309
0	1253
9	470
3	750
0	536
2	204
0	190
0	190
0	169
1	197
141	197
0	150
0	116
0	162
8	1
0	55
1	52
10	114
0	2
0	47
0	452
0	461
0	455
0	440
0	63
0	0
0	348
0	436
0	80
0	0
0	4
0	98
0	105
0	472
0	12
0	6
0	176
0	375
0	89
0	91
0	139
0	22
0	73
0	118
0	129
0	461
0	0
0	0
0	3
0	2
0	3
0	1
0	2
0	2
0	3
0	2
0	3
0	2
471	995
0	969
66	387
0	433
0	280
0	743
2	128
0	47
0	58
3	106
1	127
0	107
0	120
0	93
1	0
41	1193
1	690
0	774
0	59
4	135
0	140
0	67
0	1158
9	312
1	8
3	360
16	516
1	439
0	256
5	84
0	16
0	17
0	17
0	16
0	13
0	2
0	16
0	4
0	1
0	15
0	1
0	2
0	13
0	8
0	0
0	0
0	71
3	166
0	157
0	158
0	8
0	166
307	385
0	262
0	0
2	1568
0	1631
0	770
1	136
1	1
0	0
1	495
0	211
0	69
2	29
1	170
2	140
0	237
0	119
0	173
0	67
1	189
0	352
2	25
14	183
0	124
0	38
0	1
1	1
14	178
0	28
271	192
0	47
0	32
0	27
13	37
21	37
0	1
0	886
0	671
3	969
0	533
0	316
2	182
1	199
0	38
0	35
0	0
1	20
0	27
0	36
0	41
9	28
0	0
0	14
0	11
0	15
0	83
0	105
3	64
1	3176
6	21
0	2222
2	168
1	291
3	17
2	48
0	131
1	34
0	32
0	92
0	70
0	3133
3	1707
1	1643
0	1715
0	1950
13	1732
60	1713
1	423
0	0
0	0
0	0
0	0
0	147
0	662
1	663
0	83
0	85
0	152
4	522
3	193
20	399
13	25
26	191
2	86
1	306
1	74
0	103
0	867
7	290
0	405
0	437
0	129
0	845
0	394
0	415
0	383
0	172
0	193
8	54
1	427
0	418
0	179
0	126
3	244
0	115
0	9
0	19
0	22
0	20
0	8
0	13
0	16
0	18
0	18
0	19
0	16
3	23
0	11
0	5
0	1
0	2
2	284
0	1187
1	809
1	1167
9	160
15	114
0	49
0	53
0	54
0	38
0	55
0	27
2	25
0	51
0	57
0	54
3	58
0	55
0	63
0	53
0	54
0	63
1	50
0	50
0	49
0	52
0	57
0	53
0	39
0	45
0	47
0	48
0	46
2	48
0	33
0	4
0	28
0	2
0	3
1	25
0	9
1	6
0	9
0	11
7	27
6	27
0	5
0	4
0	984
17	993
0	289
0	128
0	124
0	144
0	48
0	75
0	51
0	33
1	9
8	0
0	867
6	697
26	794
5	758
0	366
6	343
0	402
24	2784
17	2720
0	199
0	94
0	140
0	215
0	172
2	184
0	163
1	199
2	99
11	1608
3	1269
4	21
0	21
0	0
0	12
2	1002
0	941
1	772
0	407
0	26
0	91
0	61
0	41
0	4
2	171
0	189
0	209
0	5
3	23
0	6
0	30
1	10
2	5
0	5
0	2
0	0
50	0
0	25
0	25
0	25
0	25
0	10
0	1
0	8
0	2
0	6
0	1
0	5
0	4
1	4
0	4
0	0
0	0
4	5
2	5
0	100
0	563
0	572
33	152
3	40
1	341
1	565
0	607
7	43
2	63
0	127
0	2
0	2
0	2
0	2
0	2
0	329
2	350
0	238
0	179
22	0
4	0
0	0
0	0
0	0
0	0
0	0
0	0
0	0
0	0
0	0
0	0
0	0
0	0
0	0
112	241
0	167
3	138
23	123
6	93
73	140
147	487
2	27
0	440
1	352
0	324
10	552
0	552
0	130
0	1
0	1
0	0
1	175
0	1490
4	1205
1	339
2	1239
34	778
13	998
0	533
15	298
3	284
2	218
42	807
0	85
0	729
0	39
3	689
0	689
1	67
0	175
0	173
0	27
0	103
0	47
0	150
0	28
0	18
0	32
0	33
0	12
0	107
0	21
0	9
0	23
0	16
5	18
13	0
0	55
1	165
0	286
0	80
0	81
0	277
0	285
0	285
0	104
0	140
0	134
1	13
10	225
1	221
0	284
0	286
0	2
0	2
0	2
0	238
0	241
0	145
0	27
1	26
2	15
0	23
0	4
0	0
0	4
0	585
12	608
1	560
0	62
0	98
2	48
2	2
0	88
1	15
1	15
0	15
0	2
0	6
0	6
0	4
0	838
0	751
0	747
25	354
0	365
2	103
1426	8
0	0
0	0
0	0
0	0
0	0
0	0
0	0
0	0
0	0
0	0
0	0
0	0
136	3913
62	734
0	510
0	610
321	3740
0	122
9	240
1	283
30	1487
0	7
0	10
7	27
3	16
0	1
16	0
2	595
0	578
0	505
0	101
0	573
0	468
0	463
0	38
0	552
12	44
0	85
0	91
0	88
0	82
0	85
0	57
0	46
0	4
0	1
1	0
0	20
3	10
0	19
0	0
0	2
0	0
0	0
0	0
0	1
0	2
0	2
0	2
0	0
0	1
0	0
0	1
0	2
0	1
23	17
0	16
2	8
1	986
0	921
0	738
5	50
0	72
2	34
0	137
1	61
0	487
0	52
2	431
0	84
0	59
9	51
8	89
8	198
0	76
1	54
0	76
51	14
0	14
0	697
0	513
0	423
0	515
0	450
0	518
1	512
1	302
0	151
0	144
0	108
0	89
0	90
0	58
0	26
0	35
0	16
0	16
0	1
0	15
0	1
0	16
0	1
0	1
0	1
0	1
0	1
0	1
0	1
0	0
0	0
0	0
0	0
0	0
0	0
0	0
0	0
0	0
0	0
0	0
0	0
0	0
0	0
0	0
0	0
0	0
0	118
492	258
1	226
3	205
4	121
2	134
0	41
0	240
2	804
0	122
0	92
0	216
0	834
1	744
1	107
3	262
3	753
32	234
0	285
0	115
0	275
0	234
0	3
0	7
1	8
0	8
0	2
1	2
0	1
0	0
0	8
0	0
18	254
0	100
15	20
0	20
0	17
0	8
0	8
1	124
0	260
0	254
7	70
17	100
1	53
1	3
0	28
0	30
0	11
1	9
0	2
0	124
1	44
0	120
0	0
0	0
0	0
0	218
0	519
0	1867
1	919
3	405
7	78
9	20
3	174
1	262
1	299
1	195
0	103
0	1650
0	0
0	0
0	1
0	2
0	0
0	1
0	2
0	1
0	2
0	0
0	1
0	0
0	0
0	0
0	0
0	1
0	0
0	0
0	1
0	1
0	0
0	0
0	0
0	0
0	0
0	7
6	449
0	38
0	39
7	14
0	14
91	1922
1	1533
1	1374
1	520
2	680
0	1365
15	593
15	1535
7	2144
7	2110
0	790
5	221
3	85
2	108
0	67
1	214
0	177
0	137
0	153
8	38
0	0
0	101
0	739
0	24
0	26
0	19
0	8
0	22
0	11
0	0
0	0
0	1497
34	1496
1	1089
2	160
1	140
0	89
0	60
1	2
0	20
67	73
0	71
5	68
0	1
0	1
0	1
0	0
0	0
0	112
573	310
135	305
13	122
0	133
0	0
0	0
0	0
0	0
0	0
4	433
0	434
0	196
1	173
0	91
1	64
1	80
0	0
0	0
0	0
0	0
0	0
0	0
0	0
0	0
0	0
0	0
0	0
0	0
0	2
0	2
0	2
0	1
0	129
0	129
2	145
0	150
0	58
1	96
4	129
0	40
0	91
0	60
2	24
0	35
65	147
8	131
35	91
0	51
0	54
0	42
0	48
0	27
0	19
0	0
0	0
0	0
0	0
0	0
0	0
10	23
0	21
0	2
1	498
0	498
0	510
1	134
10	468
7	37
8	51
0	138
0	128
0	206
0	310
0	240
58	1449
10	831
2	312
0	242
1	1438
2	165
0	1021
7	1075
47	0
191	0
0	1152
0	1228
6	1157
0	664
18	854
0	630
5	407
0	650
0	557
12	144
83	351
1	493
0	149
11	5
0	289
0	249
0	287
0	225
0	7
0	2
0	31
0	8
0	23
0	22
1	35
0	3
0	0
0	48
0	1118
108	1148
1	1148
0	722
18	1048
0	134
3	197
0	1164
1	1164
0	1223
0	686
3	223
0	855
1	854
0	764
1	157
0	133
0	126
3	1223
0	0
38	0
0	1
0	0
0	1
0	1
0	0
0	0
0	0
0	1
0	0
0	0
0	1
0	222
271	1517
3	8
0	1293
10	34
0	202
0	386
0	373
22	418
1	411
0	430
0	415
0	398
0	408
0	410
0	322
0	370
0	313
3	202
0	71
0	50
0	143
0	162
0	72
2	94
8	96
0	80
0	83
0	96
0	74
1	80
0	36
0	107
0	50
0	0
0	0
0	0
0	0
0	0
0	0
0	0
0	0
0	0
0	0
15	306
0	201
0	5
45	256
122	299
0	1284
0	1338
0	82
0	1284
0	1235
0	1338
1	102
240	407
4	303
0	307
1	68
0	1
0	0
0	0
0	1
0	1
0	1
0	1
0	0
0	0
1	768
0	225
0	659
0	137
0	544
0	427
0	247
0	2510
0	2494
0	2529
0	546
0	2328
10	2382
13	195
6	216
4	181
0	188
266	942
5	583
9	256
1	142
36	261
0	45
6	292
1	110
0	204
1	137
9	79
0	61
2	50
18	25
2	31
0	10
0	0
1	293
0	294
0	137
0	296
0	18
0	26
0	32
0	24
0	13
0	9
0	376
0	22
0	377
0	9
0	201
0	170
0	25
0	113
0	25
2	26
26	120
1	10
6	9
0	34
0	10
1	6
0	377
0	315
0	317
0	308
0	236
0	172
0	164
2	109
0	39
0	39
0	28
0	21
3	21
0	10
0	8
0	1
50	1023
3	109
0	528
0	1075
100	1089
5	95
1	24
8	97
1	123
12	17
0	1
0	1
0	0
0	0
0	0
0	0
0	0
0	1
0	0
14	246
0	3561
0	306
0	370
6	3266
0	3113
0	325
9	3471
19	413
17	335
7	249
0	771
0	0
0	0
0	0
24	389
292	373
2	201
1	78
0	160
0	158
5	503
0	33
0	123
0	124
0	393
0	124
0	59
0	123
0	133
0	86
0	18
0	3
0	2
0	2
0	1
0	0
0	0
0	0
0	0
0	0
0	0
0	682
1	683
11	685
2	680
2	17
1	375
41	465
5	438
0	441
0	383
0	61
1	32
4	31
0	76
14	110
1	18
3	25
0	24
0	32
0	30
0	1207
265	1340
5	409
0	268
22	408
0	179
8	84
0	31
0	31
2	9
0	0
0	98
0	26
0	2
0	2
0	0
0	101
0	3
7	390
4	669
268	661
0	731
1	612
0	327
0	458
0	70
0	259
0	234
9	102
0	96
3	70
0	29
1	24
0	44
0	50
0	50
0	78
2	50
0	27
0	28
2	29
0	34
0	32
0	78
11	40
0	5
0	0
0	496
1	459
0	67
0	759
0	5
3	736
0	410
0	0
0	0
0	0
0	0
0	0
0	0
0	0
0	0
0	0
0	0
0	442
0	21
3	1511
0	814
0	145
0	141
2	370
0	366
0	375
0	10
1	30
0	364
0	0
0	0
0	0
0	0
0	0
0	0
0	0
0	0
0	1282
0	1312
0	1365
0	1314
0	1308
12	1320
0	1273
0	817
0	1291
0	1121
0	740
0	1013
0	925
0	824
0	155
1	285
76	27
15	33
2	366
0	988
0	959
0	113
0	371
0	14
0	285
0	371
0	345
0	1010
0	319
0	999
0	999
1	424
0	417
0	388
0	93
0	360
0	332
0	62
4	37
0	10
0	131
0	965
3	213
4	787
0	210
2	694
0	659
0	264
2	57
1	84
3	747
77	1008
0	67
0	59
0	122
0	44
0	88
1	56
0	501
4	31
85	0
0	392
0	384
0	151
18	496
0	496
1	173
0	65
1	38
6	45
2	52
0	174
1	469
1	484
2	40
0	35
10	18
0	43
0	28
6	26
0	19
4	86
0	27
2	50
5	70
0	19
1	22
1	240
0	0
0	131
0	3
0	3
0	433
0	159
0	423
0	22
4	96
1	70
0	99
0	58
2	77
0	0
3	1
0	0
0	0
0	1
368	82
0	82
0	45
0	92
0	281
56	281
0	122
0	106
141	92
5	0
0	1754
3	1737
4	1666
2	1587
0	1698
2	1241
1	1746
2	1070
0	1627
2	1628
0	1591
0	1589
0	1246
0	541
38	511
0	338
1	81
1	0
6	270
0	52
0	60
0	35
0	13
2	255
1	2
0	2
0	1
0	0
0	0
0	111
0	105
0	111
1	82
0	103
3	66
0	14
12	26
0	16
6	2
0	7
4	81
0	93
2	55
3	87
3	12
0	30
1	141
31	107
1	15
1	53
0	51
1	37
44	85
0	4
1	26
0	7
0	28
1	7
0	1
0	6
5	49
0	49
0	49
0	689
10	582
4	589
0	216
4	537
1	591
0	343
0	383
0	388
0	501
0	500
1	198
0	494
1	703
2	692
0	53
0	50
0	282
0	142
0	269
0	177
0	88
2	122
0	121
1	139
0	584
0	200
1	191
0	199
82	0
0	12
0	0
0	0
0	0
0	841
4	825
0	842
1	822
0	337
0	68
0	6
0	26
0	0
0	0
0	0
0	300
34	195
6	172
18	273
4	83
0	191
1	2
0	2
0	2
0	2
0	0
0	0
0	2
0	12
0	0
0	12
0	0
2	318
6	244
0	248
0	15
1	603
0	527
31	380
1	612
0	622
0	39
1	22
0	0
0	0
0	0
0	0
0	0
0	0
0	304
0	201
0	3
0	26
0	17
0	24
0	11
0	40
0	32
0	61
0	2
344	75
1	66
0	0
0	0
0	0
0	0
0	71
0	80
0	87
0	75
6	35
0	28
0	4
0	13
0	58
0	101
0	0
0	9
0	23
33	101
0	0
0	0
0	0
0	0
0	0
0	0
0	0
0	0
0	0
0	0
1	2721
0	2686
0	1681
0	377
0	585
0	944
0	796
0	1038
15	88
0	246
8	287
0	292
0	289
0	270
0	249
2	246
0	215
0	158
1	82
0	73
0	74
0	0
0	72
0	26
0	50
0	17
0	69
0	20
0	30
0	11
5	63
0	27
0	60
0	6
0	15
0	4
0	8
0	22
1	4
0	471
0	464
0	501
1	29
4	11
0	98
4	0
0	490
0	453
1	440
0	464
0	482
0	0
0	0
0	0
0	0
0	0
0	0
0	0
0	0
0	0
0	0
0	0
0	0
0	0
0	1
0	1
0	0
0	297
0	901
18	906
0	84
0	77
0	76
0	59
0	37
0	63
0	40
0	142
0	49
5	101
15	49
1	120
0	22
0	82
0	5
0	11
0	3
0	1
0	3
2	7
3	8
1	29
0	0
6	6
5	780
0	770
0	706
0	496
0	60
9	31
1	232
0	38
0	11
0	11
0	7
0	4
0	1
0	0
0	5
0	2
2	59
0	59
4	59
0	2
0	0
0	0
0	0
0	0
1	6549
0	11021
5	8470
28	10980
0	10848
0	5749
5	3489
1	8149
17	10590
0	2945
0	6633
66	6616
11	5935
17	2910
247	256
0	256
0	0
0	29
0	44
1	84
0	88
0	77
0	87
0	83
1	81
0	85
0	20
0	11
0	0
0	0
0	81
0	540
0	577
0	571
0	48
0	94
0	64
0	465
0	105
0	51
0	35
0	104
1	140
3	162
0	143
0	73
0	42
0	5
0	5
2	5
0	3
0	3
0	0
13	1074
1	284
0	245
1	71
0	794
67	623
0	245
1	146
0	140
1	334
0	178
14	303
2	30
0	167
302	5875
0	14720
1	13189
0	12725
5	13180
0	8607
282	4912
1	12810
0	9404
0	9259
0	8478
117	917
0	8066
0	212
59	487
2	4041
6	2707
3	1863
0	2672
0	2625
0	2359
3	2131
0	1081
1	457
6	23
2	784
0	784
10	569
0	798
27	798
0	782
0	449
0	56
7	88
0	26
0	16
0	20
2	771
0	1
0	1
0	1
0	1
0	0
0	1
0	1
0	1
0	0
0	0
0	2
0	0
0	6
0	6
0	5
0	2
0	2
0	2
0	2
0	2
5	1247
0	227
0	1307
0	1256
0	1212
5	367
0	1043
0	828
0	1340
0	993
0	829
0	829
21	14
3	22
1	43
0	399
0	171
0	150
2	4
5	1309
0	1185
0	1435
0	1362
0	1248
0	1248
0	1197
0	1320
0	813
0	366
0	423
0	483
0	396
0	228
2	170
0	242
0	158
0	145
0	4
0	169
0	168
0	164
2	94
0	115
0	10
0	9
1	0
0	0
0	0
0	0
0	1336
0	305
7	274
0	290
75	314
0	254
2	234
0	244
0	125
0	274
0	0
0	0
0	26
0	1
0	2
1	14
0	1
0	84
0	84
0	1
0	2
0	4319
0	4337
5	4280
0	235
0	177
1	178
0	93
0	87
0	170
0	134
9	279
0	500
0	490
0	213
0	106
0	65
0	39
0	9
0	500
11	500
0	0
0	0
0	0
0	51
0	51
0	8
0	37
0	35
0	37
0	3
0	36
0	790
0	400
0	238
0	354
4	276
0	58
6	0
0	188
0	198
10	162
0	139
0	641
15	112
0	101
0	33
4	101
0	248
0	158
0	252
0	253
0	89
0	102
0	6
0	6
0	89
0	89
0	88
0	87
0	97
0	93
0	70
0	1
0	5
0	19
0	14
0	7
0	0
0	242
0	242
0	19
5	150
137	153
1	1
0	1
0	1
0	1
0	1
0	0
0	0
15	0
174	0
0	0
0	0
1	1
16	239
0	240
0	208
0	195
3	166
0	1
0	0
0	305
8	777
3	777
1	127
1	161
0	82
0	104
0	223
0	158
0	154
53	25
0	1
0	24
1	0
0	93
0	67
0	517
15	418
8	18
60	518
13	330
4	160
1	24
1	0
1	0
48	143
0	330
0	0
0	0
0	556
0	740
12	740
0	3
1	62
0	16
0	1
4	17
1	17
0	7
0	46
0	41
5	46
0	2
0	0
0	0
0	0
0	0
5	323
0	418
6	146
0	288
0	115
0	371
0	58
1	81
0	234
0	73
4	148
0	65
0	0
0	85
1	69
2	87
0	8
0	11
0	23
1	9
1	1
1	0
0	1079
0	510
0	1112
0	19
0	123
0	28
3	17
1	47
3	1047
0	1079
8	1666
0	27
0	594
4	1207
0	1554
1	1231
0	1493
1	885
1	947
0	391
13	471
0	758
3	76
3	15
0	45
0	812
1	135
7	78
1	553
0	183
2	72
0	92
0	190
3	153
0	153
0	193
2	38
1	2
0	2
0	2
0	2
0	16
0	424
0	230
0	1292
10	1306
17	837
0	211
1	61
9	140
6	45
0	1309
0	388
0	97
0	87
0	10
1	83
0	394
0	67
0	136
0	347
0	91
0	57
0	107
0	180
0	150
0	214
2	72
0	22
0	79
14	96
0	53
4	28
0	0
10	1
6	21
0	48
0	140
7	892
0	764
0	679
57	748
0	880
1	268
0	697
0	651
0	714
0	833
132	221
0	847
0	283
0	235
0	500
0	53
0	15
8	13
23	150
0	170
18	175
0	66
181	144
0	71
5	121
1	7
1	9
9	10
0	350
0	351
2	271
0	183
19	104
1	79
0	66
44	498
162	1016
5	738
4	737
1	530
0	280
3	259
44	1101
0	1148
0	1148
5	749
0	114
0	986
1	986
6	105
1	70
0	126
0	238
0	322
0	209
0	162
0	148
0	147
28	190
0	181
0	97
0	100
0	111
0	15
0	9
0	25
0	6
0	9
0	33
0	70
0	74
1	63
0	66
1	58
0	43
0	0
0	0
0	0
0	0
0	1
0	1
0	0
0	0
0	2
0	2
0	2
25	958
0	957
0	360
0	494
0	345
1	185
1	1
11	20
0	10
0	3
0	1
0	5
0	0
0	7
0	2
0	0
0	0
0	1
0	15
0	0
0	0
0	259
0	263
0	148
6	140
0	192
0	196
6	38
634	540
0	513
0	118
8	109
1	89
6	31
2	126
0	49
0	182
0	178
0	45
0	1
0	0
0	581
0	21
4	429
0	1
0	1
0	0
0	1
0	0
0	43
0	173
1	20
6	71
0	145
8	580
6	213
1	76
0	189
0	282
1	156
0	7
662	25
0	25
1	22
0	1
0	2
0	0
0	1
0	5
0	25
0	0
0	5
0	3
0	3
0	49
0	53
0	49
0	31
0	34
0	25
0	40
0	0
0	53
0	5
0	25
0	21
0	21
0	2
0	0
0	23
0	21
0	2
0	0
0	0
8	1
1	374
0	2257
335	2371
0	2270
0	2039
75	2411
0	1803
0	1813
0	2316
0	310
23	520
5	124
0	136
0	157
9	361
0	374
1	230
1	201
2	321
0	151
2	86
0	125
0	155
8	2340
18	2310
3	2095
0	2043
0	2250
0	385
2	148
0	355
16	108
2	429
2	332
0	1655
0	202
0	668
0	538
50	813
0	39
0	237
4	273
0	1983
1	1537
1	712
0	243
0	843
0	1889
0	1547
1	278
0	558
0	587
0	1023
0	97
11	241
6	585
11	1857
0	1870
0	88
125	911
0	1493
0	395
6	247
2	96
0	26
0	334
2	152
0	35
0	106
0	32
0	52
12	45
0	0
35	175
0	175
0	3
0	5
0	5
0	1
0	3
0	0
0	0
0	0
0	0
0	0
0	1
0	0
0	1
0	0
0	0
0	1
0	0
0	0
0	0
0	1
0	199
0	24
0	248
0	222
0	24
2	11
0	30
0	27
0	13
0	33
0	38
0	38
0	16
11	455
0	743
158	559
0	2983
0	787
36	2247
0	296
1	630
27	630
0	1016
0	2838
0	2858
0	110
7	295
2	1140
0	148
0	95
2	1110
0	1147
0	205
0	122
11	333
18	734
0	133
0	203
2	396
0	46
0	3
0	7
0	6
0	6
0	0
0	0
0	7
0	0
0	0
0	0
0	0
0	0
0	0
0	0
0	0
0	0
0	0
0	0
0	123
0	122
2	122
0	130
5	30
1	25
10	57
13	57
255	56
3	56
3	60
0	90
4	57
0	82
0	8
0	68
60	56
2	56
0	448
0	1
0	1
0	0
382	151
6	83
2	0
0	15
0	25
0	28
2	0
28	232
1	207
1	29
1	57
0	32
0	20
0	1
0	7
0	0
0	0
0	0
0	0
0	0
0	0
0	0
0	0
0	0
434	0
0	8
0	8
0	4
0	8
0	8
0	4
0	8
0	8
0	8
0	1
0	1
0	0
0	0
0	0
0	0
0	0
0	0
0	0
0	0
0	0
0	1
0	128
0	3
0	1
0	127
0	23
0	15
0	267
335	469
2	165
4	204
0	8
0	343
6	7695
297	6430
0	6930
0	5528
4	1142
2	792
9	1910
0	564
0	1186
0	1202
1	5887
42	6430
0	5206
0	6158
2	762
0	928
0	1104
0	1621
0	908
0	515
0	539
0	467
82	1480
13	2263
0	1
0	0
0	0
43	72
0	70
0	6
0	54
0	10
0	34
0	8
0	9
0	8
0	0
0	0
0	0
0	0
0	0
0	0
0	0
0	0
0	0
0	0
0	0
0	0
0	0
0	0
0	117
2	0
0	0
0	0
0	0
0	0
0	0
0	0
0	0
0	0
0	0
0	0
0	0
0	0
159	57
0	57
0	12
0	9
0	5
0	5
0	6
0	0
0	0
22	316
0	316
0	2
0	2
0	2
0	161
0	149
0	161
0	95
0	63
0	25
1	14
0	30
0	12
0	26
0	6
0	24
0	24
0	13
0	12
0	10
0	10
0	9
0	7
0	7
0	5
0	0
0	161
0	0
0	1
0	8
0	60
0	4
0	61
0	8
0	10
0	10
0	9
2	4
0	7
0	65
25	1
1	5
701	586
3	120
2	543
0	562
13	506
0	400
0	28
0	81
0	76
0	48
0	193
0	0
0	0
4	1535
2	1563
2	289
1	141
12	134
0	123
2	307
6	318
0	76
0	77
0	103
0	19
0	99
0	94
0	53
1	34
0	0
0	0
0	0
0	0
0	0
0	0
0	0
0	0
0	0
1	210
1	217
0	132
0	3
0	127
0	125
28	0
0	140
3	4
0	6
0	0
0	0
0	0
0	0
0	0
0	0
0	0
0	0
0	0
0	0
0	0
0	0
0	0
0	0
0	0
0	0
0	4
0	5
0	2
19	3
0	2
0	3
1	0
0	0
0	0
0	0
0	1
0	1
0	1
0	1
0	1
0	0
0	0
0	0
0	0
0	0
0	0
0	0
0	6
0	6
0	0
4	6
0	2
0	1
0	157
318	163
13	15
0	90
1	13
0	23
19	2001
0	337
0	1892
0	1817
0	1725
0	2527
0	2455
0	2525
0	2525
0	2624
0	2531
0	2530
1	2537
0	2540
0	2522
0	2624
0	2529
0	2564
0	2501
0	2624
0	2608
0	2470
0	2191
0	2032
5	924
8	989
0	1737
6	2021
0	1892
0	2002
0	2041
0	1635
12	1358
0	1714
0	765
0	1531
0	1695
0	1565
0	1602
0	1595
0	199
0	316
0	1084
0	576
0	906
2	1059
0	441
0	546
0	58
0	364
0	185
0	416
0	419
0	186
4	134
7	40
0	324
0	55
0	76
0	329
0	83
0	36
33	314
2	42
6	17
0	31
0	18
0	0
0	0
0	0
0	0
0	0
0	0
0	0
0	0
0	0
0	0
0	0
0	0
0	0
0	0
0	0
0	0
0	0
0	0
0	0
0	0
0	0
0	0
0	0
0	0
0	5
0	9
1	9
0	1
0	2
0	0
0	0
0	0
0	0
0	0
0	0
0	0
0	0
0	40
0	58
0	80
0	1216
15	1216
0	1216
0	1214
1	61
0	1216
1	146
0	125
0	35
0	301
0	0
0	214
0	301
0	4
2	12
0	6
1	7
0	122
0	0
0	6
0	13
1	14
5	9
1	36
0	0
0	0
0	0
0	0
0	0
4	57
0	46
0	0
5	37
0	6
0	31
1	5
0	26
10	204
33	638
0	391
10	102
0	492
5	149
0	0
0	0
0	0
0	0
0	0
0	0
0	0
0	0
0	0
0	0
0	0
0	0
0	0
35	275
2	31
5	0
1	30
0	313
0	54
1	28
0	65
0	36
0	100
0	321
1	184
7	204
0	230
38	389
0	6
0	31
0	31
0	19
0	433
0	23
0	44
0	41
0	7
0	29
0	31
0	432
0	2
0	17
0	20
0	0
6	405
0	18
0	17
0	35
0	0
0	23
0	28
0	432
0	31
0	31
4	50
0	437
0	32
0	125
5	0
0	15
0	19
0	22
0	17
0	129
0	135
0	410
0	415
0	424
0	19
1	36
0	36
0	13
2	30
0	41
0	39
1	227
0	34
4	58
0	33
0	46
2	5
1	2
0	322
7	308
23	382
0	869
0	840
19	661
0	366
0	374
1	268
0	319
0	392
0	392
0	296
0	194
0	291
0	284
0	216
0	297
0	270
1	262
0	185
0	50
0	50
40	74
0	119
26	9
5	0
0	0
0	1071
0	1069
25	837
0	133
0	434
0	345
0	0
1	164
0	167
0	246
0	90
1	42
1	42
0	43
1	37
1	37
1	0
0	176
0	465
0	703
4	197
0	5
0	5
0	5
0	5
0	0
0	0
565	887
10	873
0	827
0	156
0	434
1	662
0	625
0	659
0	846
1	728
11	847
0	653
1	85
1	266
0	734
0	142
3	37
0	629
0	164
0	646
1	144
0	579
1	531
0	29
0	55
11	2007
599	2767
0	888
1	847
0	596
0	232
1	1396
0	811
2	103
2	139
18	76
2	144
11	63
0	98
0	98
0	91
1	61
0	66
0	44
4	4
0	6
0	93
0	105
0	90
1	86
0	105
0	95
0	92
0	92
0	110
2	530
0	536
0	121
0	206
0	93
0	391
0	752
0	313
9	1051
0	49
0	64
0	74
0	351
0	1047
0	859
3	584
0	419
0	469
4	82
0	110
31	86
6	128
0	84
17	47
0	0
0	0
1	24
112	23
5	20
0	5
0	0
1	1
0	2
1816	832
29	666
1	572
0	670
0	211
0	794
0	112
0	144
0	238
0	164
9	137
0	188
0	69
0	46
5	1
0	8
0	540
0	238
0	49
0	139
1	252
0	576
2	172
0	293
1	379
0	84
25	306
0	271
11	236
5	101
7	114
0	231
3	124
0	88
2	10
56	141
0	59
2	72
1	45
0	0
0	0
0	0
0	2
0	2
0	1
0	1
4	16
0	129
10	143
1	1675
1	84
0	1065
11	51
0	732
0	1682
1	1356
0	1701
0	17
5	7
0	4
0	136
5	61
0	39
0	15
155	130
3	63
0	84
0	3
0	2
0	3
0	0
0	1
0	904
0	460
58	279
5	580
3	384
12	360
1	336
0	74
0	38
4	19
0	892
0	342
0	0
12	0
0	0
77	2715
13	1186
10	674
0	439
5	295
0	353
5	201
1	147
2	16
0	181
20	13
0	2715
59	292
0	163
5	162
0	127
0	142
0	145
0	119
0	7
0	4
93	18
3	2
0	3
0	769
0	849
14	653
4	54
0	835
0	466
0	879
0	43
0	898
0	56
0	874
5	748
0	824
2	544
1	84
0	481
0	87
4	831
1	699
0	7
2	7
0	2
0	73
2	1529
1	274
11	1610
1	946
4	137
0	84
0	77
0	128
2	780
1	1
1	159
1	785
0	1
0	1318
1	65
0	1
0	1317
0	737
0	806
0	112
0	216
1	197
0	1287
0	109
1	1268
0	708
2	86
4	40
0	19
0	39
0	14
6	290
0	543
0	623
0	305
24	233
5	372
1	375
31	212
14	405
0	356
3	174
0	356
0	215
0	116
0	185
0	147
0	51
0	0
60	57
0	61
1	59
7	43
0	3
1	6
0	13
8	26
0	7
29	19
0	10
3	0
0	0
0	0
0	0
0	0
3	3987
2	3987
2	3882
0	760
0	685
3	3992
3	4028
7	3987
0	40
796	442
22	117
0	299
0	0
0	0
0	0
0	0
0	0
0	0
0	0
0	0
457	776
8	688
0	665
0	23
4	86
213	711
0	665
60	622
0	659
6	293
0	231
0	178
1	144
0	144
0	132
0	122
1	57
0	76
1	80
14	64
0	44
0	81
0	23
0	78
1	65
0	13
0	5
0	0
0	626
0	266
0	152
0	182
0	137
14	39
1	38
1	28
0	31
0	23
0	629
5	142
10	141
1	97
3	133
0	19
0	4
0	516
60	624
0	214
1	33
0	106
4	473
1	513
2	543
2	91
0	80
0	34
1	571
65	571
0	4
14	33
0	34
0	7
1	11
0	5
5	13
0	13
0	1
0	0
0	5
0	2
0	1
0	4
0	5
0	5
1	5
0	1
0	1
2	1
0	401
1	561
90	582
0	558
0	551
0	554
0	401
0	429
0	427
0	434
0	333
0	333
0	339
0	454
0	252
1	267
0	284
0	289
0	326
2	153
0	320
1	194
0	190
0	298
4	265
0	25
0	28
787	1031
1	21
0	244
0	409
0	274
1	271
3	184
0	184
0	169
0	42
0	45
0	15
0	10
1	2
4	582
0	65
0	601
0	125
0	306
0	144
2	124
1	378
22	125
0	50
12	88
1	148
3	43
0	6028
0	794
0	6366
2	263
2	5652
0	5404
0	5821
0	4670
2	872
0	755
6	421
19	1274
35	1156
17	1428
0	143
0	144
0	0
0	0
1	0
0	0
0	0
0	0
0	0
91	196
0	196
0	242
0	247
0	190
0	131
0	57
4	54
0	16
0	18
0	0
2	1
0	0
0	0
0	0
0	53
0	2
0	0
0	2
0	2
0	2
0	0
0	0
0	0
0	0
0	0
0	0
0	0
0	0
0	0
0	0
0	0
0	0
0	0
0	0
0	0
0	0
0	0
0	0
0	0
0	2
0	0
0	2
0	2
0	2
0	0
0	0
0	0
0	0
0	0
0	0
0	0
0	0
0	0
0	0
0	0
0	0
0	0
0	0
0	0
0	158
3	229
0	248
2	43
0	18
1	0
2	134
0	139
0	45
0	14
82	55
0	38
8	0
0	211
0	225
0	275
0	237
0	258
0	264
0	244
0	225
0	232
0	244
48	108
0	249
3	78
0	104
224	139
1	25
2	94
1	20
0	133
0	21
0	256
0	108
0	60
0	135
0	145
2	299
0	237
0	267
0	25
0	19
0	41
0	29
0	24
0	27
0	29
0	27
0	40
0	18
0	24
0	35
0	40
0	31
0	40
0	33
0	39
0	40
0	23
0	19
0	11
0	39
0	34
0	39
0	39
0	39
0	46
0	28
0	20
0	30
0	27
0	28
0	41
0	22
0	21
0	26
0	15
0	16
0	25
0	23
0	40
0	30
0	35
0	33
0	23
0	18
0	30
0	9
0	6
0	10
0	10
1	23
0	29
0	23
0	10
0	8
0	6
0	3
0	1025
0	2045
39	800
0	1849
0	1916
0	295
0	301
0	1235
535	9
0	9
3	284
1	2
0	204
0	181
0	11
0	34
0	179
0	27
1	659
5	302
2	48
0	158
0	136
0	115
0	85
0	125
0	653
0	584
0	605
60	57
0	54
0	3
0	0
0	0
0	0
0	0
0	0
0	0
0	0
0	445
31	1845
0	2005
0	97
1	1632
8	615
5	0
1	0
1	126
0	229
0	0
0	0
2	115
0	111
0	318
1	460
13	117
0	454
0	345
0	145
0	145
0	10
2	4
0	4
0	232
1	232
0	145
1	41
0	6
0	43
0	114
0	334
0	70
0	164
0	38
0	62
0	197
3	143
0	24
0	104
0	126
0	115
0	125
0	118
0	112
0	122
0	123
0	119
0	120
0	112
0	126
0	122
0	74
0	118
0	119
0	109
0	116
0	38
0	99
0	114
0	39
0	120
0	114
0	110
0	108
0	34
0	99
0	94
0	95
0	91
0	62
0	91
0	78
0	89
0	85
0	90
0	16
0	22
0	117
0	234
0	325
0	593
0	634
0	643
0	640
0	609
0	634
0	647
0	91
0	642
0	635
0	131
0	159
0	145
0	652
0	657
0	690
0	675
0	607
0	148
0	170
0	617
0	629
0	631
0	83
1	653
0	501
0	517
0	164
0	313
0	602
0	605
0	608
1	296
0	52
2	557
0	301
0	17
0	500
0	487
0	493
0	41
0	565
2	565
0	152
0	551
0	381
0	544
0	489
0	31
0	543
0	480
0	489
4	501
9	438
0	18
2	130
0	27
0	17
0	18
0	20
12	45
0	34
0	25
1270	281
1	274
0	8
12	14
0	0
0	0
0	0
0	0
0	15
44	29
3	14
0	431
0	398
0	426
0	440
0	451
0	448
0	414
0	31
0	22
0	13
0	3
19	53
0	0
0	42
0	668
0	8
0	240
0	26
0	668
0	655
4	3388
0	2899
0	4043
0	4043
0	4131
0	4131
0	4043
0	3826
0	4049
0	4134
0	4056
0	3941
0	3945
0	3918
0	4054
0	4033
0	4126
0	4141
0	4134
0	4049
1	4047
0	4049
1	4134
0	4050
0	4138
0	4049
0	4138
0	4139
0	4054
0	4051
0	4142
0	4036
0	4127
0	3782
1	4062
0	4119
0	3777
1	2556
0	2545
0	2606
0	2110
0	2110
0	1416
0	60
0	6
0	241
0	65
1	4
0	423
0	215
1	220
0	386
0	335
0	229
0	447
0	3
0	122
0	28
0	27
0	227
0	81
0	163
0	292
0	181
0	266
0	216
2	121
0	20
0	20
0	20
0	20
0	20
0	23
0	23
0	2
0	1
1	1
0	0
0	0
0	1
0	2
0	1
0	1
0	1
0	0
10	3
0	0
0	0
1	0
0	14
0	441
0	63
0	447
0	468
0	57
23	469
1	233
0	489
0	525
60	783
0	616
1	252
0	544
0	424
9	15
0	15
0	15
0	12
0	10
0	10
0	7
0	1
0	7
0	7
0	1
0	2
0	1
0	1
0	1
0	1
0	2
0	2
0	2
0	1
0	0
0	360
2	832
0	1830
0	1517
0	556
0	2539
0	2299
0	2559
0	23
0	46
0	372
0	2571
0	9
0	375
0	160
0	2477
0	2
0	87
0	77
0	1734
0	2388
0	1642
0	2526
0	0
0	1718
0	2524
0	1518
0	1924
0	2556
0	1256
0	120
2	1
0	1462
1	1607
2	1525
0	2196
0	2471
0	581
0	238
0	2227
0	1563
0	1534
0	23
0	163
0	1255
0	1923
0	1142
0	69
0	97
0	1016
0	1082
0	1895
0	120
6	911
0	1591
0	771
3	745
20	225
1	186
0	183
0	182
0	183
0	183
0	183
0	183
0	183
0	179
0	90
0	99
0	53
0	37
0	0
0	7
0	4
0	3
0	3
0	0
0	0
0	0
0	0
0	183
0	186
0	183
0	1
0	1
0	1
0	7
0	7
0	0
0	7
0	7
0	7
0	1
0	0
0	0
0	0
0	0
0	2
0	1
0	3
0	2
0	3
0	0
0	0
0	0
0	152
0	152
2	152
0	152
0	36
0	37
3	12
0	339
0	433
0	324
0	24
0	23
2	60
68	479
0	28
0	83
0	278
40	56
72	174
18	62
0	64
1	912
0	181
5	193
0	242
0	922
0	185
0	193
0	197
0	77
0	136
0	86
0	40
0	74
2	727
111	506
0	355
0	501
0	386
4	461
0	192
3	139
2	93
19	135
39	93
165	4468
4	986
0	4444
3	4383
0	277
2	16
5	622
0	151
1	150
30	2671
0	340
0	284
0	403
1	206
2	344
0	276
2	129
0	119
3	70
0	77
2	32
2	6
0	0
7	478
0	67
0	79
0	69
0	42
0	386
149	40
0	40
0	40
2	376
0	383
0	356
0	255
0	227
0	41
0	71
0	56
0	41
0	23
0	28
29	17
0	243
0	229
0	44
7	40
0	54
1	48
2	56
1	45
0	25
0	29
0	10
0	0
0	3
0	57
196	65
1	10
0	6
25	81
0	21
0	6
0	239
0	194
0	193
0	143
7	110
0	38
0	40
0	24
0	72
0	88
0	26
0	166
0	235
0	43
1	110
0	35
0	195
0	26
0	167
0	233
0	198
0	188
0	128
2	18
34	122
0	0
0	0
0	0
126	60
0	61
1	718
0	693
1	347
0	312
0	290
0	169
0	130
0	351
0	390
1	88
0	267
3	43
0	266
1	237
1	48
0	241
0	79
0	112
0	108
0	109
1	107
0	1534
0	30
2	68
0	1537
0	1535
0	1537
0	1535
0	57
0	86
4	1540
0	37
0	52
0	102
0	3
0	1226
0	87
0	2
0	86
0	13
0	2
0	49
0	95
64	224
0	224
7	216
8	218
2	218
0	102
0	66
0	59
3	411
0	295
0	315
0	325
0	315
0	253
0	6
0	333
0	313
0	84
0	2406
0	2434
0	2455
0	2271
182	9
0	9
0	494
0	461
2	58
6	246
1	65
9	179
0	41
0	32
25	1149
17	129
14	1012
1	343
1	268
0	200
0	476
0	1155
14	124
64	462
27	409
0	455
3	13
0	337
1	131
11	1135
0	309
0	219
0	402
0	1010
1	281
0	293
0	330
0	165
0	302
3	272
18	166
0	325
2	218
914	268
3	125
0	99
9	95
0	32
0	81
0	62
1	50
0	12
11	95
3	620
0	729
26	457
0	433
0	421
4	550
0	11
0	0
0	0
0	0
0	0
7	15
1	734
0	149
0	333
0	778
2	671
0	212
0	319
43	565
0	7
0	168
6	511
0	14
0	57
0	4
0	56
2	20
0	73
0	50
0	71
0	63
0	72
0	73
0	71
0	68
0	69
0	68
0	39
0	45
0	30
0	31
0	49
1	73
0	24
1	71
0	71
0	807
24	806
0	789
0	820
0	250
0	655
0	691
2	671
0	624
0	169
0	132
1	102
0	110
0	86
5	147
0	83
0	89
0	47
0	586
0	724
0	470
30	516
0	502
0	372
4	158
0	177
0	22
42	236
0	86
0	144
7	124
0	161
29	1587
5	1170
1	1465
0	1497
10	830
5	1016
4	1312
0	1027
7	264
0	298
0	398
4	198
1	146
3	131
0	382
0	395
0	182
0	261
2	238
0	232
0	174
1	767
4	722
0	767
0	670
7	441
4	154
9	230
1	203
2	72
0	108
38	29
155	159
0	45
0	65
0	58
0	55
0	49
0	31
6	25
0	6
0	15
1	89
0	94
3	35
0	22
3	25
14	1
4	3
10	3
0	0
0	6
0	6
0	3
0	0
0	0
1	1152
0	1167
47	422
0	244
0	244
1	1473
0	4225
12	1131
0	4175
0	710
7	374
0	427
15	523
54	1153
41	1036
41	755
0	421
233	2570
0	2525
0	2538
5	2132
5	980
1	546
23	127
0	1145
0	964
7	786
0	1032
19	316
168	1055
0	598
1	329
0	165
0	151
1	321
0	125
0	30
0	226
1	367
0	30
2	160
0	202
0	368
0	136
0	26
5	10
0	62
0	333
0	30
0	73
0	134
0	54
0	0
1	153
0	12
0	58
0	17
0	108
0	104
0	31
0	70
0	74
0	30
0	16
0	58
0	45
0	39
0	20
0	38
0	18
2	24
0	23
0	23
0	18
0	4
0	15
0	13
0	7
0	12
0	16
0	5
0	3
0	0
2	1
0	1
0	0
0	0
0	4
0	0
0	0
0	22
0	1
0	23
0	0
0	0
0	0
0	28
1	129
0	76
0	80
2	139
0	33
1	16
1	18
0	63
0	22
0	42
0	20
0	29
0	3
0	29
2	41
0	30
0	18
0	17
0	12
0	15
5	200
0	156
0	13
0	61
0	59
1	198
0	6
0	63
0	70
0	0
0	0
0	0
0	0
0	0
0	0
0	0
0	1
0	0
0	0
0	0
0	0
0	0
0	131
0	264
1	255
0	274
0	234
0	212
2	58
3	22
655	116
1	116
68	7
13	51
9	66
0	59
4	84
0	207
0	169
1	142
0	174
0	157
0	141
0	47
1	52
22	269
0	0
0	0
0	0
0	0
0	289
0	297
3	297
0	177
0	3
2	0
20	944
569	1405
43	14
49	137
0	120
6	322
0	748
2	112
0	146
0	10
0	32
0	67
1	126
0	226
1	364
0	657
3	20
0	15
0	685
3	647
26	608
0	7
0	53
0	113
0	262
0	54
0	25
2	106
1	406
0	406
0	97
0	32
0	0
0	0
0	34
1	246
2	324
0	324
0	34
0	35
0	326
0	32
0	81
0	35
0	37
0	26
0	12
0	5
0	25
0	25
1	0
1	0
0	39
0	99
1	89
3	63
0	54
564	0
35	98
0	49
0	95
1	94
0	3
1	11
0	1
7	9
0	2909
1	2126
12	1658
0	1296
0	1528
0	1208
2	919
4	879
1	570
8	1501
0	105
0	214
0	86
0	4
0	4
0	37
0	36
0	207
0	206
0	174
0	174
0	92
0	51
0	29
0	10
4	41
1	7
0	8
0	10
0	17
0	16
0	15
0	1
0	8
0	7
0	0
0	0
0	0
0	0
0	0
0	0
0	0
12	5116
110	5116
0	304
6	418
0	422
1	52
1	1132
296	125
0	121
0	395
0	262
0	36
2	170
0	150
1	56
0	18
0	24
0	27
0	19
0	15
0	16
1	3
0	1230
0	1212
0	131
10	19
0	4
5	45
0	18
3	89
0	33
0	0
1	0
0	103
0	1874
13	199
0	1653
1	263
0	923
0	280
1	137
66	172
1	76
138	203
2	156
0	131
0	7
865	1622
0	1411
7	283
0	728
1	518
0	224
2	281
0	0
0	0
0	0
0	0
0	0
0	0
0	0
0	0
0	0
3	31
0	28
1	453
1	448
4	453
7	126
6	19
0	98
0	103
0	0
1	0
1	0
0	27
0	22
0	1
0	28
1	26
0	19
0	1
0	1
1	99
229	159
0	69
0	83
6	68
0	247
0	75
0	29
0	27
0	216
1	208
0	37
0	215
1	23
0	171
0	195
0	35
0	192
0	224
0	69
0	224
0	3
0	148
0	54
0	18
2	88
0	49
0	6
0	6
0	6
0	6
0	6
0	0
0	0
0	0
0	0
0	0
0	0
174	340
1	340
2	30
11	30
0	10
0	2
0	11
0	128
63	1336
0	1426
0	552
1	1242
1	57
0	108
0	98
1	84
0	103
0	46
0	20
0	20
0	207
0	78
0	108
0	25
0	28
1	191
3	57
0	7
1	7
0	16
4	0
0	57
6	110
0	73
0	204
1	95
1	108
3	39
8	22
77	656
0	613
0	174
26	73
0	124
0	307
6	83
12	84
1	212
7	177
0	134
1	62
11	649
0	581
2	553
2	433
0	422
0	490
1	389
2	273
6	234
16	200
111	443
0	215
0	46
2	73
0	42
0	195
0	47
0	109
0	68
360	0
0	0
0	1
0	0
0	1
0	1
0	0
0	1
0	17
0	11
0	11
0	10
0	2
0	0
0	1
0	1
0	2
0	297
0	278
0	123
5	226
0	293
0	285
0	226
1	211
0	24
2	66
0	56
0	14
1	22
0	23
4	11
0	3
0	0
0	0
0	0
0	0
0	0
0	0
0	0
0	0
0	0
0	0
1	0
0	0
0	0
0	0
1	0
1	171
0	202
0	131
0	26
2	29
0	45
0	76
5	53
0	67
3	61
0	52
0	21
0	16
0	8
0	204
0	71
16	199
0	49
0	215
0	210
18	207
5	204
2	24
1596	0
51	0
0	11
0	0
0	0
0	1
0	0
0	0
0	2
0	0
0	0
0	5
0	0
0	1
0	0
0	2
0	0
3	129
21	129
0	77
0	0
0	0
0	0
263	582
22	581
0	372
7	288
1	197
1	79
0	378
0	441
0	438
0	33
1	4
0	418
0	375
0	869
14	1
3	962
0	967
21	649
2	64
7	3
462	164
0	162
1	103
8	43
7	0
0	573
0	498
0	137
0	168
0	86
0	78
0	111
0	447
0	602
0	397
0	167
0	73
0	94
0	0
16	84
0	39
1	106
17	71
0	2
0	2
0	2
0	2
0	2
0	2
0	2
0	2
0	0
0	0
0	3
0	3
0	0
0	3
0	2
0	72
0	72
0	107
0	100
0	103
0	107
0	105
6	103
0	22
0	42
0	64
1	27
3	51
0	10
0	5
2	21
2	24
3	10
7	18
0	3
4	0
121	1542
2	1147
28	806
0	118
1	117
9	27
0	206
0	5
0	295
6	54
4	34
1	30
0	82
0	294
0	291
0	53
1	133
0	55
1	35
0	71
0	66
39	123
4	51
0	27
1	74
0	73
0	21
0	0
0	18
0	20
1	2
2	44
393	326
0	60
34	171
1	288
3	5
0	2
0	2
0	1
0	1
0	0
0	22
133	57
1	25
1	44
0	26
0	12
1	41
0	0
2	3
0	0
0	0
0	0
0	0
0	0
0	0
1	1
0	0
0	1
0	3
0	1
0	1
0	0
0	102
0	336
0	5518
2	246
2	238
0	308
0	612
0	689
3	765
5	2453
14	5840
0	5971
0	5958
676	5231
0	2211
0	5502
0	623
0	745
0	881
0	2255
0	2305
6	838
0	548
3	719
51	1083
0	568
1	1338
1	2
0	1
0	2
0	1
3	927
1	0
0	914
7	877
8	63
11	219
0	981
0	2
0	2
0	2
1	65
0	70
0	68
0	68
0	68
0	68
0	67
0	64
0	62
0	59
0	20
0	31
0	31
0	30
0	31
0	69
0	195
3	197
3	268
3	264
0	73
0	72
0	174
4	184
0	2289
0	573
0	2249
0	2242
22	13
0	0
0	0
0	18
1	2
0	4
4	0
0	3
0	4
0	2
1	1
0	0
0	17
11	244
1	10
2	238
0	36
0	8
4	220
1	986
4	976
0	76
0	35
0	75
0	44
0	51
1	4
0	119
2	934
0	41
0	45
1	65
0	949
0	11
16	15
0	23
0	69
1	33
1	34
0	922
0	31
11	967
0	53
0	0
0	0
0	822
1	634
1	810
0	739
0	817
178	663
2	280
1	109
0	56
0	136
5	34
0	94
4	20
0	16
1	1606
0	1623
4	249
1	1431
14	1570
2	120
0	644
13	138
0	664
3	604
0	507
0	184
0	238
8	169
1	489
1	445
0	345
7	8
0	4
0	4
0	4
285	0
0	559
2	204
24	557
0	267
0	284
19	330
0	522
0	388
1	103
0	76
0	480
0	32
0	36
40	45
4	16
2	25
0	28
6	67
0	110
0	27
2	51
0	12
0	12
0	4
0	5
0	14
0	0
0	0
0	0
0	0
0	21
0	18
0	19
0	2
1	1
0	2
0	5
0	10
0	5
0	1
1	3
0	4
53	20
0	2
0	13
0	1
0	2
0	1
0	1
0	1
0	1
0	1
0	1
0	1
0	28
0	41
0	37
0	26
0	24
0	4
0	14
0	0
1574	538
45	538
0	0
0	0
0	0
14	1809
193	1757
48	80
0	1021
0	1731
33	285
27	425
3	19
1	19
0	7
4	0
0	679
11	679
0	37
9	0
114	185
0	14
1	10
0	159
1	19
0	116
1	34
0	28
0	21
0	6
18	915
0	992
7	241
0	633
0	565
5	1244
0	3061
2	1642
0	214
0	1646
0	3110
1	2303
29	1051
10	1700
6	1
7	3067
25	1482
0	1480
1	617
0	1235
0	602
0	251
18	106
16	1213
30	683
17	323
0	93
0	5390
168	5814
0	3863
3	3779
0	1864
0	3238
0	1153
2	3373
0	440
0	890
0	992
41	1913
4	1074
5	1915
0	1924
0	726
7	971
1	554
0	794
0	431
6	332
1	292
24	40
0	138
0	42
0	126
0	132
16	118
0	101
2	108
0	105
0	61
0	102
0	44
0	46
0	27
0	105
1	124
0	17
8	85
22	22
0	34
0	18
0	120
0	30
0	62
0	25
15	77
68	289
1122	612
1	566
2	261
0	49
1	23
0	0
0	0
0	0
0	0
0	0
0	0
0	0
0	0
0	0
1580	0
0	0
0	0
0	0
0	0
0	0
0	0
0	0
0	0
0	0
0	7
0	7
13	44
6	53
106	50
2	74
0	94
0	98
0	87
0	11
2	33
0	30
0	23
0	14
0	7
0	13
1	11
0	12
1	6
0	5
0	6
0	6
0	6
0	8
0	5
0	1420
0	1360
7	226
2	155
73	1360
3	48
0	45
12	0
10	0
0	0
0	0
0	0
8	0
1	18
8	18
17	27
0	0
3	0
0	0
0	219
0	360
0	212
0	355
0	272
0	66
3	19
0	0
2	244
0	11
0	12
0	2
0	6
1	13
0	12
0	9
2	8
11	4
0	4
2	3
0	230
0	324
0	0
0	0
1	8533
0	8237
0	8535
0	8471
0	8442
0	8798
1	8474
0	8604
3	8289
0	8585
4	8144
2	7802
4	8246
193	7474
0	7909
0	313
5	7047
0	1131
0	6187
0	4232
1	4127
0	4121
1	985
0	0
0	0
0	0
0	0
2858	10
3	314
9	284
0	7
0	286
0	282
0	224
0	15
4	18
7	85
0	251
1	294
0	279
0	267
1	263
0	281
0	283
0	270
0	268
1	219
0	131
10	38
0	33
10	74
570	0
0	961
0	1065
5	717
0	129
0	1004
0	176
0	82
0	843
0	245
8	206
0	260
0	205
6	97
1	95
7	47
16	0
9	2
0	0
0	0
0	0
0	0
0	0
0	0
0	679
0	771
0	725
0	681
0	680
0	694
0	0
5	0
0	0
0	0
0	0
0	0
0	0
0	0
0	0
0	0
0	0
0	1
0	1
0	0
0	0
0	0
0	0
0	0
0	0
0	0
0	150
7	397
0	370
0	551
1	386
24	510
21	85
23	449
20	56
0	1
0	0
0	0
0	0
7	496
0	491
2	286
3	317
4	220
3	229
0	215
0	164
0	339
3	311
64	1688
1	227
25	1482
0	0
0	0
0	0
0	0
1	0
0	0
0	0
0	0
0	0
0	0
0	0
0	0
0	0
0	0
0	4
0	0
0	0
0	4
0	2
0	2
3	0
0	1
0	0
776	1
0	3
1	1
3	3
1	3
0	3
0	3
0	0
0	1
4	118
90	628
0	50
0	572
0	34
0	64
0	1
0	1
0	1
0	62
1	484
0	807
0	1299
0	92
0	99
3	51
0	779
0	1412
0	873
0	49
1	91
0	116
1	699
0	110
0	675
0	55
0	87
1	68
0	173
7	213
2	110
0	132
0	7
0	6
0	0
0	0
0	0
0	0
0	0
0	0
0	3
0	54
1	7
0	56
0	26
0	9
1	5
0	4
0	2857
0	2854
0	47
0	2388
0	64
1	47
11	253
1	128
0	1401
0	1430
3	2243
5	2097
0	2333
0	2198
1	1444
2	2303
0	164
0	140
0	220
0	179
8	89
1	1012
0	165
2	307
20	1149
1	132
1	145
4	141
0	0
0	0
0	60
0	61
0	48
1	6
6	14
0	3
4	0
268	139
1	139
1	0
0	183
1	0
0	195
0	185
1	4
0	166
0	82
1	4
8	11
0	0
0	21
0	13
0	184
6	174
12	5
0	6
3	8
0	1
3	87
11	580
0	69
0	7
2	579
0	0
0	44
0	168
3	439
0	63
2	33
0	43
5	39
30	6
0	4
0	1
0	2
0	0
0	0
0	0
0	0
0	0
0	0
0	0
0	0
0	0
13	4396
3	539
0	549
54	4388
1	284
0	456
3	514
3	1349
0	338
3	512
0	405
51	329
21	218
0	218
0	26
0	28
0	18
0	23
448	360
3	222
1	207
0	24
3	175
0	354
1	48
0	0
0	0
0	0
0	0
0	0
0	0
0	0
0	0
0	658
0	720
1	691
0	623
1	680
0	711
0	684
0	697
0	688
0	694
1	695
0	712
0	687
1	76
0	635
0	18
1	41
0	21
0	24
2	172
0	581
0	16
0	545
0	39
0	20
0	479
0	458
0	20
0	40
1	34
1	378
0	38
0	325
0	290
1	35
0	236
0	217
0	214
0	201
0	160
0	42
3	0
1	1666
0	1808
0	165
0	376
13	816
0	135
89	995
0	674
1	268
51	787
0	794
0	241
9	641
0	407
0	421
2	683
0	29
0	84
0	48
1	39
0	49
2	51
3	23
0	126
0	455
0	1524
0	1335
0	275
0	252
0	1249
1	616
0	608
0	181
0	532
1	103
0	198
3	221
2	361
9	0
700	0
20	558
0	557
0	560
0	394
0	416
2	417
0	402
0	338
0	338
0	151
0	249
0	233
4	228
1	159
0	14
0	118
0	84
0	3
30	348
0	36
18	69
0	185
4	36
1	245
5	36
9	133
0	26
0	26
0	27
0	15
0	2
0	3
1	9
4	1
6	273
0	224
1	23
0	225
9	19
0	14
0	31
0	21
0	13
0	16
0	0
0	67
0	69
648	51
0	16
0	6
0	4
0	9
0	2
0	5
4	36
0	10
0	11
0	35
0	527
3	18
0	407
0	563
3	0
0	364
5	78
0	208
0	203
0	205
0	208
1	208
0	179
0	16
0	16
4	15
0	780
0	787
0	784
0	104
0	76
3	31
0	6
0	202
1	16
0	263
0	10
0	349
0	314
3	28
0	16
0	27
3	30
0	37
0	299
0	135
0	19
15	299
0	243
6	4
0	141
0	35
1	295
0	35
0	293
0	295
0	115
0	53
0	45
6	304
0	38
0	32
0	2
0	40
0	35
0	97
0	97
0	10
0	88
6	91
4	543
5	499
0	65
1	65
1	20
21	348
0	87
6	664
6	603
44	121
5	20
1	115
14	116
11	90
0	376
0	8421
1	7109
0	104
2	6113
0	7280
3	7805
12	5532
0	4919
0	4857
118	314
0	2228
5	2161
0	6785
0	3792
0	0
0	0
0	0
0	0
0	0
0	0
0	0
0	0
0	0
0	0
0	0
0	0
0	0
0	0
0	0
0	0
0	0
0	0
2	457
0	308
1	0
0	300
23	579
0	468
0	933
2	928
0	897
0	908
0	363
0	182
0	136
0	163
0	66
0	149
1	146
0	143
0	134
0	127
0	135
0	57
0	32
1	7
0	0
0	72
0	261
0	316
0	292
0	288
1	150
20	570
0	593
0	547
0	428
0	440
6	353
0	473
0	203
0	248
1	192
1	192
3	66
1	5
6	59
0	547
1	0
0	0
0	0
682	695
62	564
24	564
0	393
0	515
0	272
2	250
0	316
0	314
0	181
8	3
152	858
252	865
41	629
40	30
0	0
0	269
2	264
0	166
0	16
0	15
0	262
0	156
1	11
0	163
0	10
0	18
0	5
0	5
0	2
0	3
0	2
0	1
0	1
0	1
0	0
0	0
0	0
0	0
0	0
0	0
0	0
0	0
0	0
0	0
0	0
0	0
0	0
0	0
0	0
0	0
0	0
0	0
0	0
0	0
0	0
0	0
0	0
0	0
0	0
0	0
0	0
0	0
0	0
0	0
0	0
0	0
0	0
2	7
177	256
1	52
0	46
12	224
7	32
0	0
0	0
0	0
0	0
0	0
0	0
0	0
0	0
1	0
0	0
0	0
0	0
0	0
962	583
27	583
3	115
13	68
44	1001
7	966
0	997
12	134
0	47
0	375
0	196
178	217
114	375
181	559
3	152
0	164
0	143
0	179
46	384
1	4
0	0
0	4
0	0
0	0
0	31
2	90
2	90
0	47
0	26
0	26
0	23
0	24
0	35
0	35
0	6
0	5
0	3
0	2
0	2
1	0
0	5
2	2
0	4
0	5
1	1115
68	1178
14	540
0	1053
11	654
6	1150
9	689
0	1104
0	497
0	0
0	308
0	9
0	12
0	9
1	183
0	311
0	300
0	81
2	224
0	0
1	42
0	9
0	11
0	147
0	5
0	16
0	19
0	8
0	15
0	13
3	104
0	3
0	0
0	19
33	91
0	1
0	1
0	16
0	1
0	60
0	88
0	1235
7	3076
129	3580
9	3460
15	87
35	39
5	243
0	512
2	604
17	1843
0	293
0	343
417	113
0	101
11	16
0	0
15	352
0	346
0	175
0	240
0	54
121	14
1	14
0	364
0	163
0	351
3	349
1	297
0	301
3	299
0	268
10	38
13	89
17	135
1	73
1	66
1	79
0	24
1	30
3	9
0	2
0	442
0	55
0	54
0	50
0	19
0	17
0	11
0	14
0	12
0	12
0	10
0	9
45	0
0	1092
0	1084
0	1073
0	562
0	1073
0	1031
1	1085
0	1095
0	1086
4	411
0	653
2	1085
2	1083
0	1057
1	1073
0	1111
0	1081
0	1092
2	290
0	58
1	551
0	1072
0	6
0	754
0	576
0	651
0	668
37	122
7	364
0	419
0	165
1	74
248	448
42	262
2	353
0	335
0	75
9	321
1	250
0	102
1	104
0	2
0	3
1	39
5	39
0	2
0	2
0	4668
0	1090
0	6163
4	138
1	273
0	7329
0	177
0	173
0	85
0	174
0	163
0	168
1	19
6	22
1	6
0	9
7	12
0	15
1	17
0	15
0	7
0	13
0	13
0	7
0	7
1	5
1479	0
0	0
0	0
0	0
0	0
0	0
0	0
0	0
0	0
0	0
0	0
0	0
0	0
0	0
0	0
0	0
0	0
0	0
0	0
0	0
0	0
0	0
0	0
0	0
0	0
0	0
0	0
0	0
0	0
0	0
0	0
0	0
0	0
0	1193
0	1171
0	1165
11	111
0	28
0	189
0	240
0	83
0	147
1	93
0	229
1	60
0	116
0	86
0	40
0	146
6	288
0	219
0	64
0	64
6	19
0	26
0	1838
11	2158
4	1350
1	291
3	1
5	58
0	278
22	577
0	82
0	575
1	111
0	413
1	47
15	242
0	171
0	66
0	145
11	170
0	151
0	172
0	21
0	6
0	4
0	34
0	16
0	9
0	2
1	88
0	35
0	91
4	98
0	27
0	925
18	1998
0	1975
0	878
3	135
0	88
0	72
1	65
69	1335
0	1020
0	275
1	13
0	288
0	185
0	172
2	83
0	34
2	1
0	0
1	1
0	196
0	198
0	41
5	0
0	188
4	2
7	11
0	51
0	161
0	143
6	18
0	0
0	0
0	0
0	0
0	0
0	168
238	1516
0	1467
0	1380
0	1333
0	5
1	9
0	17
31	24
0	1
0	23
0	13
0	2
0	16
0	1
0	17
0	24
0	2
0	19
0	5
0	3
0	3
1	3
2	2
17	3788
19	1789
2	3624
20	2688
1	3758
2	1281
0	815
1	3470
0	569
1	27
0	502
0	263
0	383
0	554
1	123
4	97
0	371
0	492
1	119
0	63
0	435
0	450
0	242
2	284
0	0
0	36
0	2
0	2
0	1
0	1
0	1
0	1
0	0
0	0
0	0
0	0
0	0
0	0
0	0
0	57
193	57
8	487
0	507
18	488
0	142
0	409
2	65
0	218
0	17
0	322
0	0
0	0
0	0
0	0
0	0
0	0
0	0
0	36
0	29
0	51
0	2
45	51
0	47
31	302
3	307
2	422
7	422
0	445
0	445
0	268
0	9
0	21
1	149
601	149
1	0
1	0
0	0
0	0
0	0
0	216
0	755
0	165
0	831
0	822
0	754
0	824
0	252
0	216
0	164
0	69
0	0
0	0
0	0
0	0
0	0
0	15
0	22
0	220
0	237
1	25
0	19
0	233
0	235
0	47
1	24
0	226
0	237
0	226
0	234
0	236
0	233
0	34
0	15
0	14
0	202
0	54
0	168
0	17
1	45
4	116
16	97
0	237
0	405
0	128
0	110
0	346
0	245
0	272
0	114
0	173
0	95
3	15
0	210
0	60
0	231
1	170
0	245
0	184
0	3
28	119
0	0
61	574
0	562
2	0
0	312
0	365
0	0
11	48
0	47
1	18
0	3
0	43
0	574
1	43
0	42
117	25
0	27
0	28
5	0
0	3
0	4
0	4
0	1
0	50
0	49
0	2
0	50
0	50
0	49
0	2
0	47
0	2
1	48
0	0
0	13
0	14
0	14
1	17
0	0
0	2
3	98
0	3
0	1856
0	1861
0	111
12	312
0	1051
0	51
0	473
1	391
0	1560
0	0
0	1
0	2
0	0
0	0
0	0
0	7
0	43
0	51
0	8
0	41
0	53
0	48
0	45
0	9
0	50
0	55
0	51
9	10
0	54
0	6
1	53
0	55
0	5
0	20
0	16
5	18
4	17
0	50
0	77
34	205
0	153
0	60
0	322
8	238
0	206
0	296
0	127
0	240
0	1
0	1
0	1
0	0
0	1
0	0
14	394
0	347
1	256
0	256
0	173
1	206
0	106
0	98
0	56
5	1
0	14
0	0
0	3
0	13
0	17
0	20
0	17
3	0
0	9
0	38
112	1422
87	474
6	1274
53	526
0	460
95	812
1	134
0	193
0	1087
2	1550
0	1544
5	673
0	1087
0	1087
0	1405
1	1542
16	1534
0	1438
0	1140
0	1263
1	109
1	1272
0	1237
1	591
5	5
3	40
0	34
0	103
0	12
0	542
0	315
0	492
0	310
0	310
0	83
0	136
0	151
0	156
0	17
0	17
0	19
0	11
0	150
1	150
0	11
0	138
0	17
0	62
2	36
0	14
1	18
0	391
7	396
0	369
0	398
3	557
0	412
10	1236
1	5429
0	6606
6	2362
0	1323
135	5255
0	403
1	451
0	6657
2	451
0	521
4	562
3	641
0	161
14	173
32	5395
10	199
6	401
5	346
17	324
0	718
0	81
0	103
0	335
79	1513
25	1473
1	926
32	70
0	2
0	1
0	2
0	1
4	33
0	33
0	24
0	25
0	2
0	5
0	143
0	235
0	22
1	20
0	14
0	11
1	16
0	9
398	0
1	36
0	35
0	29
0	18
0	12
0	7
187	0
7	1460
1	1726
3	101
1	214
0	256
0	256
8	168
0	30
0	35
8	1430
4	3210
280	2838
83	1726
3	671
0	2262
7	726
0	513
0	511
4	1078
13	18
1	1072
3	259
1	460
0	1077
3	802
3	463
0	218
2	176
3	311
0	320
0	183
0	145
1	150
0	6
0	1642
0	1750
0	1656
0	1644
0	1361
0	1645
0	1644
1	0
0	227
7	1148
1	1158
0	1114
0	1088
2	947
5	1006
0	594
0	652
0	555
0	322
2	97
0	67
2	105
4	48
0	48
5	0
0	0
0	0
0	0
1202	0
0	0
0	0
0	0
0	0
0	0
0	0
0	0
0	0
0	0
0	12
0	14
0	16
4	30
5	40
0	39
0	39
0	5
0	6
0	2
0	197
0	197
0	138
0	67
0	61
0	61
0	60
0	69
2	15
0	476
42	410
0	509
71	478
1	126
0	140
0	117
0	486
1	123
12	149
0	51
0	49
0	49
0	11
0	14
0	0
0	3
0	144
4	308
0	318
0	310
24	31
0	319
0	310
0	308
0	16
2	222
0	26
0	171
0	158
3	6
0	170
0	4
7	2
0	160
0	112
0	152
0	132
20	145
0	149
0	159
0	28
28	1960
0	564
0	1926
0	1687
0	1650
0	1143
1	1966
1	211
0	210
0	145
0	29
0	537
0	44
0	372
0	315
0	308
0	277
0	161
0	8
0	626
0	513
0	2
0	0
0	2
0	2
0	0
0	0
0	1
0	1390
10	1290
104	1323
0	229
0	1360
0	1241
0	1213
0	1014
7	242
0	692
11	32
1	187
0	869
0	1
0	1
0	1
0	1
0	1
0	1
0	1
0	0
0	0
0	0
0	0
0	0
0	0
0	0
0	0
0	0
0	0
0	0
0	0
0	0
0	0
0	0
0	0
0	0
0	0
0	0
29	83
3	6
22	81
2	73
3	24
0	19
15	75
0	3
2	4
0	75
791	222
0	222
0	114
1	65
0	27
0	27
0	35
0	34
0	31
0	28
0	14
0	33
0	8
0	8
0	7
0	0
0	0
0	0
0	0
0	0
0	0
347	42
16	42
0	0
0	0
0	0
4	11
0	9
0	8
0	5
0	5
0	5
0	3
0	1
333	22
4	21
0	7
0	0
0	0
0	0
59	273
3	269
0	115
0	108
0	112
0	27
11	231
450	229
2	96
0	80
0	71
0	63
0	64
0	18
3	8
1	8
4	0
2	1215
0	1177
0	940
2	650
0	158
1	148
2	300
1	101
1	128
0	128
1	128
0	13
0	6
0	16
0	255
0	14
0	0
0	18
0	257
0	171
0	22
0	2
0	5
0	232
0	15
0	104
0	13
0	10
0	38
0	55
6	10
0	2019
0	1922
3	1370
2	1719
0	1782
1	1784
0	1675
3	978
0	885
7	179
2	27
29	0
620	311
2	19
0	223
0	60
0	28
0	2
0	46
2	206
0	6
0	3
0	6
0	4
0	4
0	4
0	0
0	0
0	1
0	0
0	0
0	0
0	0
0	0
0	3
0	3
0	3
0	3
0	1
0	1
0	0
0	2
0	2
37	395
26	226
0	6
0	279
2	76
1	137
1	174
0	117
3	55
0	13
2	109
0	47
0	247
1	255
0	24
1	241
0	49
5	57
0	23384
0	18537
0	20151
0	18572
1	12225
0	20517
0	11978
0	19612
0	24059
6	17644
42	23938
0	20369
0	19962
3	22688
9	12478
11	23121
0	24417
0	17341
0	2479
6	7100
7	22806
0	22913
10	22788
0	20292
32	22147
7	1629
36	21609
0	21381
0	17565
25	21539
0	10602
0	2960
0	6760
149	78
0	78
0	13
1	4368
0	6722
23	931
5	6423
0	6423
0	6169
0	6774
0	6648
0	5655
0	6701
1	6698
0	536
0	2076
293	5656
42	56
0	266
2	123
115	263
3	251
0	155
6	76
0	170
9	0
1	1
0	0
1	1177
9	864
0	1124
0	88
0	42
0	1057
0	1129
0	914
0	88
0	46
0	62
1	135
0	84
0	113
0	156
0	70
0	48
3	187
0	62
3	119
0	83
0	130
0	28
6	495
0	43
3	495
1	127
0	21
0	19
0	14
0	62
0	62
0	7
0	0
0	0
0	4
0	2
1	46
0	38
0	9
0	35
0	20
0	13
0	6
0	7
0	3
0	3
0	48
43	293
0	41
0	291
5	271
0	84
5	0
0	57
0	63
1	47
0	55
0	27
46	41
3	1445
0	1493
0	691
3	1513
0	1591
0	1518
0	1421
6	253
4	7
0	218
0	415
0	388
5	366
54	434
122	528
2	422
0	399
0	404
0	189
1	25
0	105
0	162
0	155
1	137
0	142
0	106
0	90
0	91
0	80
0	74
0	35
0	53
9	32
0	55
0	42
0	45
0	48
0	42
0	39
2	32
0	5
0	16
0	5
0	15
0	56
0	47
0	39
0	39
0	32
0	30
3	2
0	0
0	2
0	1
0	0
12	239
1	222
0	166
1	122
2	21
0	48
5	32
1	26
6	4
0	6
0	10
0	59
0	76
0	24
0	23
0	24
0	11
0	14
0	36
3	5
5	6
1	14
1	3
1	35
0	724
7	724
0	61
0	119
1	81
1	44
1	0
0	0
0	0
0	0
0	0
21	523
7	514
4	455
0	1
0	51
0	102
0	50
0	80
0	11
0	7
1	69
0	5
0	17
0	7
0	11
0	15
3	7
0	15
0	18
0	11
0	8
2	6
2	0
0	441
0	436
0	421
0	46
11	35
0	392
0	403
1	399
0	399
0	1
0	1
0	1
0	1
0	1
0	0
0	0
0	1
2	0
0	1
0	0
0	0
0	0
0	0
0	0
0	0
2	33
1	11
0	9
0	15
0	21
3	7
0	12
0	1
0	0
0	0
0	0
2	1622
529	1672
19	1672
5	7
7	275
103	1056
9	1048
6	213
0	157
1	61
1	0
0	134
0	135
0	133
1	36
0	4
0	7
1	61
0	4
5	64
0	33
0	34
0	11
0	44
0	12
0	0
0	0
0	0
0	3
4	57
0	57
0	60
0	38
0	19
0	284
0	286
0	18
0	310
0	72
0	27
0	81
0	31
0	93
1	286
3	18
0	49
0	50
0	83
0	32
0	39
0	17
0	6
0	3
0	6
0	2
0	5
0	6
0	0
0	0
0	25
0	26
0	21
0	19
0	18
2	24
0	10
0	1
2	8
0	1
0	0
0	0
0	1
0	121
1	312
0	98
1	144
0	309
0	86
3	266
0	311
16	144
0	102
2	280
0	234
1	66
0	125
2	11
4	8
1	22
0	74
1	626
0	556
0	82
0	631
0	478
0	582
3	404
0	526
0	347
0	490
0	488
0	580
0	155
0	629
0	569
0	84
0	271
0	498
0	559
0	560
0	256
0	474
0	474
0	170
0	431
274	0
71	2566
0	16
0	16
0	0
0	2
1	2
0	12
0	0
0	12
0	3
0	0
26	191
1	191
0	29
0	158
0	25
0	158
0	159
0	2
0	70
0	191
0	0
0	0
17	1376
0	61
0	1322
0	1336
0	1124
0	421
10	1017
0	970
3	563
0	174
16	233
9	485
3	31
0	310
0	434
6	386
0	335
0	516
0	452
0	283
0	299
4	322
0	87
0	100
0	210
1	204
0	130
0	190
0	144
0	167
0	167
0	191
0	63
0	1290
0	1273
0	0
0	0
0	0
0	0
0	0
0	0
0	0
1	0
2	35
0	34
0	82
0	96
5	33
0	51
0	64
0	0
0	0
0	0
0	2
0	2
0	0
0	0
46	47
1	43
4	27
1	46
0	43
0	12
0	7
2	13
0	9
0	4
3	3
0	80
0	81
0	69
2	56
1	8
2	33
0	112
0	118
0	240
0	165
0	232
0	26
0	226
0	205
0	229
0	209
0	141
0	193
0	192
0	223
0	207
0	198
0	163
0	89
0	167
1	10
0	119
0	230
0	227
0	209
0	121
0	200
0	102
0	58
0	70
0	27
0	27
0	2499
0	3039
0	1
0	1
0	1
0	1
0	0
0	0
1	31
5	9
2086	616
0	272
19	13
0	345
50	348
0	184
0	322
0	321
0	332
0	216
0	51
0	11
0	150
0	95
0	141
0	32
0	2
0	237
0	78
12	208
0	75
3	89
0	193
663	722
3	214
0	180
2	307
1	153
0	295
1	117
0	327
0	326
0	187
0	79
2	408
6	15
0	8
0	2
0	268
0	2
0	7
0	1
0	269
0	78
5	2
0	9
0	88
0	88
2	80
0	14
0	9
0	0
1	0
0	29
1	116
42	142
1	55
6	6
4	47
121	246
0	246
1	33
0	82
0	29
0	395
0	638
1	780
0	1044
0	584
1	766
0	1003
18	620
2	321
4	12
5	137
0	38
1	85
0	227
2	215
0	184
0	207
0	176
1	116
0	212
0	58
0	77
0	154
0	188
0	219
0	90
0	71
0	160
1	43
0	45
0	179
0	60
0	29
0	113
0	106
0	47
0	72
0	39
0	52
0	58
0	0
0	0
0	0
0	0
0	0
0	0
0	0
0	0
0	1488
0	10034
6	1758
0	2706
0	4083
2	3187
158	2656
0	6024
15	1467
0	3257
0	2747
1	105
3371	693
0	14
7	230
1	358
0	230
0	603
0	696
0	122
0	265
0	19
0	598
6	288
4	117
0	705
0	700
0	440
0	422
0	0
0	0
3	1381
1	220
0	1390
1	13
0	13
105	7918
8	8537
0	8672
41	7104
0	3692
16	3763
0	2789
13	310
5	286
0	369
0	254
0	130
4	232
2	200
0	1680
0	1132
0	2046
0	1564
0	1132
0	1568
0	824
0	737
7	688
24	1315
1	438
9	916
0	1458
0	1800
0	494
1	1112
5	796
0	722
0	1074
0	391
0	1004
0	1343
3	157
0	1777
0	1465
0	805
3	1608
0	299
0	142
0	124
0	335
0	76
1	115
0	165
0	679
0	671
0	611
0	663
0	678
0	864
0	247
0	439
0	563
0	738
2	706
0	12
0	24
0	15
3	48
0	398
0	107
0	115
0	392
2	70
0	79
1	55
0	14
28	253
2	139
0	12
3	193
1	187
1	150
0	100
2	18
4	62
0	50
0	20
0	14
0	20
554	188
6	117
0	71
12	58
0	52
0	32
0	5
0	10
5	156
24	82
0	199
2	159
0	37
14	136
3	81
0	63
0	52
0	28
0	93
0	730
0	9
0	17
2	200
0	608
1	268
2	737
0	738
5	38
3	712
0	212
0	315
0	808
0	350
0	320
1	634
28	751
5	192
0	69
0	323
6	124
11	425
0	39
0	151
0	51
0	179
831	55
0	32
3	23
0	0
0	0
0	0
0	0
0	0
1	0
0	0
12	225
0	89
0	101
0	153
2	56
0	102
0	15
0	93
0	15
0	95
0	3
10	5
0	2
0	0
0	61
0	253
0	224
0	205
0	217
0	215
0	86
0	55
0	59
1	221
0	0
0	0
0	0
0	0
0	0
0	0
10	1179
0	1146
4	1006
0	946
0	384
14	469
0	208
0	264
0	246
0	365
1	140
0	0
209	0
0	787
0	785
0	785
0	785
0	784
0	785
0	786
0	382
0	307
0	190
1	174
0	174
0	130
0	127
16	63
0	125
0	74
0	45
0	45
1	0
1	1184
2714	629
13	320
2	166
0	309
71	786
0	817
0	778
0	157
0	534
4	331
1	148
3	179
1	98
0	290
0	235
0	253
0	38
0	612
0	7
0	41
0	311
3	127
0	7
0	232
0	36
0	290
2	30
0	59
0	66
0	49
0	179
0	109
0	36
1	23
0	26
0	13
0	9
2	85
0	18
0	620
0	613
0	242
0	613
2	643
0	534
0	58
0	140
0	581
10	150
0	109
16	141
0	148
2	175
0	659
13	144
0	638
0	135
0	211
0	57
2	224
0	181
0	524
0	153
0	162
17	120
14	32
10	307
8	100
0	58
0	0
0	0
0	18
0	21
3	0
0	0
0	0
0	0
0	0
0	0
0	0
0	0
0	77
0	87
0	91
0	19
0	83
1	12
0	18
0	83
0	17
0	17
0	217
0	504
0	532
0	963
0	1969
0	1926
0	917
0	1943
0	1832
0	881
3	528
0	1220
0	1879
14	644
0	881
157	1984
0	2018
0	842
1	885
0	411
0	926
0	2000
0	1579
0	1222
64	781
0	275
0	1679
1	476
0	985
0	144
0	681
0	752
0	1152
0	146
0	1150
0	1057
0	1038
0	714
0	58
4	1152
0	1057
0	985
0	1009
0	31
0	650
0	1016
0	1029
0	102
0	965
0	3490
1	924
0	686
0	1082
2	983
0	1116
0	1082
0	1141
0	175
0	277
2	170
1	389
0	1189
1	1036
0	1142
0	1104
0	157
0	1012
11	3527
0	12
4	279
0	1029
0	235
0	640
0	901
2	280
5	151
5	406
0	44
0	44
603	690
0	661
0	321
0	289
0	312
0	295
0	296
5	152
0	115
0	118
0	34
0	8
0	11
0	8
0	152
0	0
0	0
0	0
0	4757
0	126
13	2578
0	2534
0	2453
0	2182
0	2112
0	1869
0	130
1	197
0	120
0	114
4	66
0	134
2	243
5	130
3	234
4	151
0	993
0	149
0	138
0	129
0	116
0	22
3	11435
0	10453
2	10366
0	10326
0	10318
0	10411
280	10438
0	10259
0	10248
83	11566
0	10291
0	11426
14	11461
65	9287
0	10224
2	10773
0	5773
6	3265
9	9227
2	4338
0	5307
0	5552
15	2959
8	1147
0	1703
0	1379
0	3
0	4
0	18
0	17
0	17
1	11
0	10
0	7
0	7
0	2
0	244
0	534
3	596
0	46
0	1109
25	1071
0	47
1	6
0	278
2	157
2	455
1	490
6	29897
0	33068
0	29946
13	28692
0	150
0	1491
0	1279
0	361
0	660
5	946
0	143
0	449
0	519
0	356
0	291
8	962
0	346
5	476
0	63
0	226
1	60
5	149
6	97
0	1245
0	1333
3	9609
13	9919
0	9593
2	7575
1	9583
5	9587
3	8122
0	7632
143	454
16	14
0	362
1	283
0	339
0	339
0	361
0	340
0	346
0	330
0	361
0	361
0	324
0	346
0	361
0	361
0	346
1	364
0	341
0	360
0	323
0	297
0	334
0	333
0	326
0	259
0	138
0	137
2	57
0	15
0	1
0	0
0	0
0	1719
0	329
0	657
0	644
3	653
0	335
0	15
353	67
42	67
2	327
5	299
0	296
100	442
0	443
0	333
0	8
0	556
1	276
0	264
0	274
0	605
0	424
0	655
0	639
0	279
0	274
0	885
1	587
0	276
0	307
0	566
0	446
0	153
0	366
0	872
1	645
0	662
1	302
0	257
0	86
0	543
2	45
0	721
33	523
12	106
0	1
0	0
0	0
0	0
0	0
0	0
0	0
0	0
0	142
20	1685
0	1737
1	1693
0	135
0	273
0	170
0	50
7	1656
0	150
3	45
0	182
19	438
2	0
0	210
20	906
0	982
2	974
7	984
1	258
1	56
0	0
1	431
0	438
0	91
0	28
0	30
0	2446
2	6064
0	5695
0	6129
0	5640
2	5991
0	5993
0	5988
13	5897
0	0
0	2519
0	2642
0	3658
0	1108
1	50
0	555
10	461
1	1431
0	1109
0	31
0	652
0	444
0	974
0	1449
0	2181
0	2659
0	2245
0	6225
0	6099
0	5992
2	5892
0	567
10	2755
0	35
0	33
0	1
0	2394
1	142
0	5976
0	6183
1	684
0	0
0	0
0	0
0	0
0	281
0	2
0	0
1	541
0	505
0	651
0	73
0	133
0	273
0	277
0	406
0	289
0	260
0	23
2	1676
0	324
0	328
0	1463
0	318
0	20
0	278
0	352
0	190
0	1132
1	3419
0	1410
0	702
0	702
0	0
0	0
0	0
0	295
29	399
0	179
0	362
0	89
0	213
3	161
6	197
0	105
5	333
0	103
0	0
0	0
0	0
0	0
0	0
0	0
0	0
0	0
0	0
0	0
0	0
0	0
235	45
0	45
5	31
13	31
0	0
0	39
0	39
0	39
0	4
0	7
0	7
0	5
0	3
1	1
1105	116
4	59
2	57
0	1422
2	1447
0	415
0	1303
0	1345
0	68
0	9
19	76
0	457
3	421
1	238
3	110
0	331
0	113
0	396
6	248
0	435
0	431
0	409
0	423
0	296
0	254
0	205
0	78
0	68
0	107
0	35
0	105
66	170
1	69
0	167
0	27
0	114
0	113
5	109
1	102
0	3
1	0
1	8
0	9
0	0
0	8
0	333
0	318
0	368
591	368
412	127
0	98
9	5
8	34
1	63
0	99
0	0
0	0
0	0
0	0
0	0
0	0
0	295
0	280
0	312
0	285
0	295
0	300
1	293
0	295
1	280
0	267
0	250
0	285
0	251
0	258
0	241
0	275
0	245
0	121
0	4694
0	4795
27	4964
85	5064
3	4798
21	253
2	103
41	107
0	59
0	190
0	40
0	0
0	0
0	0
0	0
1	0
34	3
0	69
2	0
3	82
50	145
3	110
251	146
0	136
1	13
1	3
2	3
1	196
0	114
5	191
0	34
80	962
0	850
12	232
0	112
4	129
0	24
0	123
10	120
0	113
5	124
0	7
3	95
1	14
3	1299
3	1279
4	87
10	7
0	200
0	226
63	506
0	193
645	345
0	276
7	75
8	44
0	89
1	71
3	70
0	60
1	283
4	269
7	187
0	56
3	157
2	82
0	48
1	81
0	13
0	20
0	494
0	502
0	180
0	233
0	125
1	9
2	113
0	92
0	33
0	29
0	11
0	71
0	0
0	0
0	0
0	0
0	0
0	0
0	0
0	0
0	0
0	0
0	0
0	0
0	0
0	0
0	0
0	0
0	0
0	0
1	416
1	416
0	434
0	301
11	399
0	412
0	394
0	284
0	143
0	36
0	4
0	21
3	70
0	89
0	1
0	1
0	0
0	0
0	0
0	790
1	97
12	248
0	800
0	25
0	60
0	163
5	109
0	168
0	639
0	58
0	111
0	89
0	100
1	488
0	548
2	553
0	629
0	627
0	627
13	145
1	79
0	25
19	69
1	117
2	351
0	91
0	56
16	289
0	232
1	140
0	99
0	81
1	82
1	183
0	49
0	104
0	106
0	80
0	68
0	52
1	1
0	1
0	3
0	3
451	2291
15	2216
0	200
1	161
0	0
0	0
0	32
0	28
0	8
0	60
3	60
0	35
0	12
0	27
9	47
0	1590
2	1209
0	748
0	1289
1	1057
2	946
0	1159
2	900
8	901
0	1455
1	734
0	404
0	678
0	1355
1	1263
0	1588
0	897
0	449
0	699
0	1380
0	738
5	243
0	458
0	692
0	731
0	779
0	745
0	1
0	1
0	1
0	0
0	0
0	0
0	0
0	0
0	0
0	0
0	0
0	0
73	0
0	1
0	1
0	0
0	0
0	0
0	1
0	1
6	25
0	94
0	155
0	173
0	178
0	99
0	10
0	26
2	33
0	13
0	169
0	167
0	172
0	19
0	93
0	169
0	164
0	8
0	71
2	80
0	14
1	43
0	14
0	5
0	546
6	564
15	563
0	387
6	68
6	184
7	65
1	52
0	25
0	0
38	1624
0	706
3	1595
0	173
2	525
7	390
18	194
18	200
0	200
0	130
0	214
0	666
0	652
2	51
0	581
0	134
0	665
0	72
2	156
3	261
0	148
0	207
0	635
0	76
1	135
13	66
4	59
0	187
1	306
4	277
0	207
0	32
0	10
5	5
1	78
5	306
0	3413
0	3486
0	3445
0	3345
0	3305
0	777
0	0
0	0
0	0
0	0
0	0
1	680
2	697
0	705
0	701
0	683
0	695
0	687
1	696
0	695
5	719
1	685
0	682
1	685
0	420
0	420
0	403
0	118
1	18
0	3
0	0
0	2
0	3
0	0
1	0
2	2
1	3
0	5
0	7
2	7
0	467
1	433
9	142
1	364
0	75
1	308
0	145
8	258
1	213
4	152
15	1338
0	1344
0	26
0	434
0	946
2	838
0	845
0	908
0	5
0	8
0	54
0	102
0	24
0	11
0	82
2	23
0	1302
0	392
0	411
0	407
0	402
0	344
0	140
10	127
2	147
24	176
0	144
0	595
0	110
0	213
5	509
2	584
0	596
8	568
0	13
0	7
0	397
0	340
0	19
0	23
3	384
0	4
0	16
0	23
0	38
0	28
0	28
0	377
1	0
0	19
0	378
0	377
0	34
0	26
1	72
0	15
0	40
2	292
87	1
1	500
0	765
0	834
0	852
0	945
0	719
5	672
0	678
0	776
1	801
1	710
0	630
0	803
0	302
3	364
0	470
2	88
0	298
0	375
0	237
0	195
0	180
864	523
8	292
12	229
0	14
0	51
0	14
0	15
0	27
0	35
0	38
0	0
0	3
1	8
0	0
0	5
1	1
0	0
0	807
0	813
0	752
4	675
0	660
0	740
0	647
0	576
0	512
0	448
0	0
1	4
0	4
0	3
0	1
0	0
0	1
0	4
0	4
0	1307
0	1270
1	1121
0	1343
1	1275
1	1240
2	1230
4	140
0	12
0	7
0	1232
0	1269
257	18
2	18
22	6305
1	607
0	1053
1	6330
0	106
0	274
0	504
0	404
0	241
0	6319
0	308
3	544
0	554
0	1997
2	6260
14	29
0	552
2	689
0	525
0	568
0	530
0	415
0	764
0	6275
4	17
0	389
0	274
0	537
8	269
0	778
0	729
0	532
2	0
3	27
0	110
0	288
1	806
7	488
11	466
0	326
22	459
1	1053
14	549
3	1241
0	6280
11	438
0	474
0	294
0	1218
0	1206
0	1023
0	1001
3	1148
1	918
0	915
0	502
5	311
0	201
0	1
0	0
0	0
0	1
0	0
0	0
0	0
0	0
89	451
0	164
0	440
6	115
8	79
0	122
0	50
0	56
0	110
65	176
2	42
0	149
1	22
0	1
0	0
0	0
0	0
0	0
0	0
0	3
0	3
0	0
0	0
0	0
0	0
0	0
0	1
0	1
0	1
0	4
1	7
0	7
0	7
0	6
0	5
0	4
0	0
0	1
0	0
8	419
0	419
0	81
697	0
42	107
10	594
0	541
39	559
1	0
0	0
0	0
1453	3085
1	251
0	191
0	2628
0	709
1	869
0	0
0	0
0	0
0	0
3	0
0	1
2	1
0	6790
6	6808
22	5437
2	5475
8	5178
0	4851
0	4100
0	4006
1	3233
4	2807
3	1633
0	1703
4	1824
1	231
0	1827
10	1595
0	1812
0	1890
1	698
11	1697
0	1103
20	1552
26	866
23	1571
269	158
0	68
0	62
1	133
6	7
2	15
8	21
0	19
1	0
0	0
0	19
52	102
2	557
41	15
14	355
0	557
1	106
0	557
0	464
0	465
0	356
3	24
0	43
0	75
42	81
13	83
0	186
0	0
0	0
0	0
0	0
0	0
0	0
0	0
0	0
0	0
30	922
0	589
0	863
0	781
0	327
1	262
0	811
0	844
0	845
0	713
0	644
0	846
0	845
0	766
0	702
0	713
0	761
0	717
0	828
0	749
0	692
3	841
0	150
0	139
0	777
0	828
0	806
0	839
0	14
0	559
0	695
0	785
0	373
0	751
1	693
0	616
1	416
0	449
0	755
0	766
0	194
0	585
0	622
1	271
0	547
1	426
0	148
0	166
0	66
0	67
796	311
0	24
6	49
0	185
0	128
4	157
0	53
6	7
0	7
0	2
0	1
0	0
0	6
3	3
0	1
0	1
3	7
0	3
3	744
1	92
11	814
7	755
0	134
0	392
0	174
5	64
0	0
0	0
0	0
0	0
1	0
0	0
0	0
1	111
0	2893
1	2873
4	185
2	46
4	130
0	130
0	31
5	1
0	1
0	0
0	0
42	4
0	4
2	48
0	307
3	351
0	79
2	278
0	156
0	54
5	238
0	65
0	241
0	44
0	23
5	36
0	101
0	119
0	110
0	0
1398	252
0	37
0	144
0	2100
0	2107
2	0
111	848
7	854
2	29
0	643
0	153
5	67
8	114
14	189
3	101
0	91
0	245
0	299
0	168
0	158
0	150
0	107
0	63
1	47
7	29
0	27
5	24
0	0
0	1
7	3
1	10
78	969
0	671
14	650
1	580
0	659
26	619
0	515
2	478
0	135
0	113
0	108
90	76
0	76
2	4
10	11
3	6
0	6
0	6
883	482
0	441
1	290
0	85
45	105
0	105
0	0
1	2
0	2
0	0
0	0
0	391
2	459
73	315
0	472
10	138
0	80
0	778
0	833
20	28
7	11
0	325
6	111
22	673
3	340
2	762
0	876
0	14
0	590
4	270
0	610
0	640
0	501
0	733
0	72
23	13
0	591
1	19
0	21
13	13
0	10
0	10
0	0
0	0
0	0
0	0
0	0
0	0
0	0
0	0
0	0
0	0
0	0
0	0
0	0
0	2
0	2
0	2
0	5
0	5
0	2
0	2
0	0
0	2
0	2
0	2
0	2
0	1
0	1
0	1
0	0
0	0
1	21
2	21
3	116
1196	331
0	215
10	934
0	4971
54	4644
0	4919
3	4693
0	4358
0	1690
0	4637
0	4816
9	4782
0	4738
14	4779
1	4596
0	408
0	413
1	331
0	201
23	149
0	0
0	316
1	322
0	490
0	304
0	439
7	462
1	293
0	287
0	261
0	76
0	231
0	0
0	0
0	0
0	0
1	327
2	328
0	416
0	49
0	413
0	17
0	144
0	144
0	156
0	410
2	142
0	136
0	119
0	16
0	43
0	0
0	8
6	38
0	36
0	29
4	33
0	32
0	3
0	9
0	7
2	3
0	3
0	1
0	1
0	1
4	0
0	210
2	190
0	209
0	280
3	2955
3824	816
5	814
1	251
6	341
0	132
143	2
0	12
0	0
0	1
0	1
0	11
0	2
1	12
5	1130
11	760
0	158
0	64
0	1134
1	173
0	120
0	739
0	2852
0	2599
4	2806
0	2722
0	2673
0	2266
2	1582
0	1391
1	216
0	50
0	45
0	50
154	229
0	57
0	31
0	18
0	3
0	211
0	228
0	0
0	14
0	13
2	104
0	46
0	37
0	2
0	2
0	2
0	1
0	1
0	368
0	370
0	418
126	1715
22	644
0	1718
6	1551
0	492
0	131
0	65
0	113
2	380
0	137
0	129
1	129
0	24
2	1411
0	787
197	1408
0	0
0	0
0	0
361	477
10	168
1	409
2	100
0	226
2	122
2	48
0	235
0	164
3	88
0	1108
2	378
1	585
739	1124
1	379
0	449
0	379
0	468
0	877
0	884
0	628
22	532
0	281
0	670
0	354
0	20
0	20
0	5
0	2
0	2
0	2
0	2
0	2
0	2
0	2
0	1
0	1
0	1
0	1
0	1
0	1
0	1
0	1
0	1
0	1
0	1
1	1
0	1
0	0
0	0
0	0
0	0
0	0
0	0
0	0
0	0
0	0
0	0
0	0
0	0
0	0
0	0
0	0
0	0
0	0
0	0
0	0
0	0
0	0
0	0
0	0
0	0
0	0
0	0
0	0
0	0
0	0
0	0
0	1
0	0
0	0
0	0
0	0
0	0
0	0
0	0
0	0
0	0
0	0
0	0
0	0
0	0
0	0
0	0
0	0
0	56
0	65
0	51
0	0
1	28
12	74
1	74
0	55
1	52
0	50
0	62
1	25
0	507
0	549
0	973
0	2029
0	50
0	139
1	1849
0	1920
5	326
0	365
0	1929
0	238
0	1961
1	894
24	507
0	1712
0	413
1	57
0	1484
0	359
0	318
0	296
2	310
1	690
0	424
0	702
0	731
0	660
0	613
1	516
0	582
0	593
0	479
0	341
0	452
0	292
0	366
0	302
0	301
0	163
0	285
0	244
0	200
0	309
0	309
0	96
0	156
0	164
0	204
1	208
0	114
0	99
0	28
62	28
0	28
0	63
5	19
0	144
0	59
0	513
1	490
11	292
0	84
0	37
3	285
0	283
0	7
0	138
0	7
0	4
1	209
0	180
0	179
45	2957
1	184
2	3
0	4
0	3
0	3
0	0
0	1
0	0
182	0
0	280
0	263
0	276
0	280
2	144
0	24
0	14
0	14
0	195
0	207
0	168
0	225
0	204
3	202
0	86
1	103
1	129
0	32
0	102
4	81
1	81
5	50
0	83
4	108
0	88
0	93
0	123
0	90
15	86
61	421
0	234
37	223
4	33
0	54
0	478
0	448
0	0
14	88
0	60
0	110
0	113
0	113
0	63
0	63
4	75
1	64
0	76
0	101
0	0
0	881
0	895
1	1
1	62
0	106
0	68
0	396
0	309
0	36
4	127
0	220
0	78
0	19
0	41
0	61
0	96
3	247
0	581
0	475
0	345
0	82
1	50
2	0
0	0
0	0
0	0
0	0
0	4
0	13
0	19
0	274
0	1324
0	260
0	224
0	178
1	205
1	520
0	1290
3	197
0	303
0	1310
0	87
0	398
0	405
2	86
0	409
0	152
0	399
2	340
0	372
0	172
1	129
267	131
0	9
5	81
0	21
0	41
89	1121
1	877
0	595
0	949
0	82
42	133
0	60
0	40
2	97
1	18
1	12
0	27
56	0
1	714
1	864
0	822
0	857
0	334
0	336
0	290
3	212
0	206
3	158
0	86
0	105
0	111
0	83
0	80
1	102
0	5
0	0
0	0
489	1073
18	1074
147	1070
0	666
0	1064
1	1064
0	690
634	898
8	524
0	909
0	182
18	747
2	395
0	302
1	51
0	286
0	72
1	0
0	179
0	116
0	74
0	69
1	65
0	48
0	36
0	13
0	17
0	14
0	2
0	0
0	0
0	0
79	41
0	24
0	19
149	17
0	12
93	6
0	3
4	3
1	322
0	292
119	22
4	3086
0	5123
485	5278
2	409
1	340
0	322
1	130
1	1023
7	181
6	284
0	0
0	0
0	2184
0	1781
0	1081
0	54
8	18
0	14
0	48
0	35
2	87
1	36
0	110
7	37
0	159
3	172
0	145
0	165
1	550
1	696
0	0
0	0
0	0
0	0
0	439
0	404
0	410
5	139
0	427
0	127
0	128
0	128
0	1
0	1
0	1
0	1
0	0
0	1
0	0
0	0
0	286
0	287
0	244
0	51
0	20
0	3
1	5
0	5
0	5
0	3
0	5
0	0
0	0
0	0
0	0
0	393
0	340
0	63
0	48
0	385
0	48
0	90
0	42
2	388
0	49
0	70
0	78
17	376
0	47
0	44
0	44
0	377
8	68
6	6037
0	1520
0	6195
22	5941
8	5606
51	409
1	409
1	3896
0	3893
14	3869
65	918
0	3823
105	3871
1	1219
4	7329
308	7057
32	4918
183	7238
57	7052
0	354
12	371
0	183
0	315
0	685
0	1
0	1
23	678
0	29
0	8
0	0
0	17
0	21
0	1
1	656
0	378
4	197
0	172
2	349
2	37
0	173
0	149
0	443
0	9
3	532
0	120
3	511
0	117
5	71
0	31
3	28
0	7
0	0
0	0
0	0
26	25
17	45601
0	41723
0	23546
14	44899
0	40453
0	40298
0	44378
131	30141
14	41287
0	39044
0	208
484	224
1	221
0	57
0	15
0	45
0	1203
0	1172
0	1130
0	1100
0	525
17	163
0	414
0	147
19	377
2	45
13	120
0	308
0	487
0	1
0	1
0	1
0	1
0	0
0	0
0	0
0	0
0	0
0	0
0	0
0	0
0	0
3	0
7	1
0	1
0	1643
0	1643
0	1643
0	338
0	628
42	1666
7	1524
2	1644
5	202
0	0
0	0
0	0
0	33
2	125
0	45
4	126
0	12
0	11
0	38
1	50
0	2
0	37
8	390
0	354
0	337
26	108
0	59
0	78
4	30
19	83
0	47
58	485
0	85
29	105
46	2
21	506
0	500
0	492
0	26
0	138
8	15
0	0
0	2
6	4
0	1
0	2
0	113
1	113
0	27
0	34
0	48
0	23
1	33
0	25
1	36
0	7
1	11
0	1551
0	1615
12	1415
255	310
0	1384
0	240
12	1098
0	461
3	274
3	86
204	1116
0	1103
0	676
0	40
0	14
0	235
1	20
0	94
0	30
0	1
6	1
0	1
0	0
0	1
0	1
0	1
0	0
0	1
0	1
0	1
0	1
44	1035
0	998
0	332
0	12
0	12
0	1
0	8
174	151
0	44
0	107
0	1
0	2
0	1
0	1
0	514
1	5
0	149
9	508
9	5
0	33
10	0
2	280
56	262
0	37
0	32
0	41
21	233
0	75
29	671
15	671
2	28
275	197
2	134
0	99
0	62
910	1501
0	306
7	116
0	140
1	257
0	102
0	303
0	158
0	202
0	160
309	1292
0	60
1	1161
0	192
0	177
2	168
0	298
0	181
0	210
0	0
1	5
159	299
0	188
20	111
0	0
0	0
0	0
0	0
0	0
0	0
0	0
0	0
0	0
0	0
0	0
0	0
0	0
0	0
42	4325
0	4510
2	4420
0	4333
0	4321
0	2573
0	3881
831	847
132	2541
45	605
94	509
0	393
10	524
55	430
1	15
1	32
1	40
0	14
0	7
0	6
0	8
0	4
2	1
0	1
0	31
0	1
1	0
7	1
0	1
0	872
0	811
0	119
0	882
0	1003
0	330
1	277
0	148
0	137
0	288
0	237
0	151
0	132
0	277
0	857
0	58
22	654
0	353
0	372
0	204
1	75
0	106
0	116
17	74
5	200
0	0
0	0
0	1
0	1
0	0
0	1
0	0
0	0
0	1
0	1
0	1
0	1609
0	1547
0	1545
2	1531
0	1609
0	1622
6	1603
0	522
1	245
0	982
0	358
0	111
11	372
5	555
0	403
2	82
0	259
0	181
0	219
0	141
0	147
6	53
6	29
1	599
0	492
0	604
0	324
4	45
10	263
0	71
0	73
0	147
9	180
0	185
0	66
1	6
0	0
0	632
0	704
0	281
1	549
0	212
0	0
0	9
41	2
3	24
4	9
1	21
0	16
745	1097
0	1085
0	663
0	607
6	960
6	828
0	501
35	434
2	135
2	42
1	0
0	727
0	783
0	793
0	783
0	775
0	767
0	666
3	176
4	330
0	214
0	180
0	32
0	5
0	5
0	3
0	1
0	1
2	2176
0	2110
0	107
0	28
7	271
163	479
1	305
4	322
3	360
11	355
7	194
93	621
0	621
0	230
2	71
2	183
11	3
110	978
0	88
2	22
0	92
0	801
0	904
0	140
2	161
0	6
5	86
4	2
1	66
1	39
0	223
1	150
0	37
667	1380
3	893
0	893
0	80
1	141
0	866
3	172
0	53
1	97
1	237
0	314
5	525
0	0
0	0
0	0
0	0
0	1762
1	490
14	343
0	559
1	536
0	136
0	12
3	90
0	288
0	1
0	1
0	1
0	2
0	2
0	2
0	2
0	2
0	2
0	0
0	0
0	0
0	2
0	1
1	93
0	93
1	156
2	50
0	120
15	129
0	130
2	68
0	112
0	116
0	127
0	117
0	156
0	55
0	21
3	18
0	67
0	90
4	26
0	61
0	55
0	18
0	1
0	19
0	37
0	184
0	183
0	160
0	130
3	96
0	190
10	20
2	116
94	116
0	0
0	0
1	5904
838	4882
0	4665
0	4653
0	4846
0	4626
0	4636
1	2505
0	5893
8	4726
0	2
0	2
0	1
0	1
0	0
0	1
0	0
0	0
0	1
0	1
0	1
0	1
0	0
0	1
0	0
34	95
0	90
22	89
0	76
0	76
0	51
0	48
0	5
0	17
0	8
0	31
3	48
0	56
0	46
0	57
0	0
3	1
1	0
0	0
1	1
1	57
1	2
0	6
0	1
0	1
0	42
0	36
0	4
0	2
0	3
0	5
0	5
0	2
0	3
0	5
0	2
0	2
0	2
0	1
0	1
0	2
0	1
0	1
0	0
0	2
0	3
0	487
1	274
0	492
3	69
0	143
6	150
17	144
0	77
17	147
1	24
0	119
0	26
0	28
0	143
0	23
0	27
12	47
10	46
8	26
18	21
27	47
0	16
1	36
0	51
0	47
0	30
0	11
8	29
2	240
1	240
0	201
1	30
1	63
2	65
2	2145
0	2129
0	2267
15	2064
0	974
1	1047
0	723
0	906
1	1072
0	1109
0	751
1	88
0	670
0	482
3	505
1	408
29	452
0	180
5	124
0	0
0	0
0	355
0	16
0	294
0	268
0	110
2	4
0	4
0	4
4	1
0	67
0	66
0	45
0	3
0	2
0	28
1	116
0	40
6	121
0	83
0	79
0	113
0	19
0	9
0	51
2	2468
0	2487
0	2468
1	2185
0	845
0	196
1	49
0	246
0	45
5	7
4	139
3	164
1	1236
0	1217
0	17
0	260
2	164
0	206
6	26
0	74
0	0
25	541
7	169
0	16
0	532
12	708
13	735
11	648
1	638
11	245
2	201
0	355
0	166
0	0
23	165
0	190
6	59
0	60
0	32
0	37
0	48
0	67
0	52
0	9
0	9
0	8
1	8
0	8
0	0
0	44
3	1090
9	1091
0	38
0	308
0	21
0	452
0	463
2	410
0	25
0	98
0	78
0	107
0	1
0	1
0	0
0	0
0	0
0	0
0	0
0	0
0	0
0	1
8	1
0	0
0	372
0	384
0	374
6	374
1	357
0	349
0	370
1	222
4	300
0	422
0	434
11	168
0	231
44	350
0	330
6	168
0	319
0	35
0	24
0	62
0	7
0	1
0	1
0	1
0	0
0	0
0	1
0	0
0	0
0	0
0	0
0	0
0	0
0	0
0	0
0	1079
0	1269
0	1242
10	1151
0	1210
7	128
6	427
1	164
0	55
2	97
0	117
4	283
0	465
0	493
0	74
2	68
0	94
10	8
5	6
23	225
0	9
0	48
0	0
0	0
7	197
0	200
4	205
0	83
0	0
0	0
0	1081
1	1056
24	634
4	46
1	17
0	12
0	32
39	174
0	46
0	148
1	0
183	977
1	933
0	65
1	41
0	24
0	6
0	5
4	6
1	2
15	105
0	105
0	60
0	3
1	3
1	3
0	115
0	29
0	1
0	2
38	1075
0	1075
75	0
87	1185
0	1004
9	101
0	259
0	214
1	1103
1	98
0	192
5	703
5	352
0	428
2	102
0	150
0	249
0	25
0	24
0	27
0	25
0	21
0	9
0	3
0	2
1	0
0	624
22	755
19	610
0	763
0	642
0	578
0	336
0	232
0	257
0	223
0	0
0	0
0	0
0	0
0	0
0	0
3	154
0	1187
0	62
0	1180
0	33
0	1
5	28
0	188
0	0
0	2
0	9
0	3
0	7
0	1
0	5
0	2
0	84
0	84
1	66
3	432
316	566
0	43
0	41
8	498
1	382
0	6
8	57
15	545
1	545
0	28
21	99
14	75
5	38
0	31
1	26
0	58
0	38
2	27
0	25
0	56
0	38
3	42
0	31
1	16
0	43
14	847
0	842
1	262
6	0
0	0
8	45
0	491
0	103
0	541
0	407
0	240
1	418
1	514
0	512
0	473
0	507
0	540
0	576
0	479
0	520
0	482
0	522
0	529
0	562
0	460
0	136
4	43
0	496
0	572
0	440
0	384
0	157
1	445
3	110
0	539
0	199
0	560
0	544
0	104
0	529
0	548
0	159
0	561
1	541
0	72
2	13
3	388
0	390
0	302
29	298
1	201
0	158
0	15
10	160
0	141
0	140
1	1
0	7
2	21
1	7
0	100
0	153
0	140
0	152
0	153
0	166
0	160
0	157
0	166
2	149
0	173
0	170
0	164
0	31
0	167
0	157
0	173
0	174
10	189
1	148
0	155
0	48
0	140
0	162
1	7052
0	1485
0	0
0	0
0	16
9	67
2	21
0	60
0	34
0	22
0	19
0	49
0	1008
2	139
0	919
0	123
36	312
1	632
0	277
2	140
0	142
14	312
0	641
0	308
9	899
0	728
0	552
11	137
11	612
1	190
2	233
1	138
26	370
0	390
0	78
11	276
0	245
0	5885
0	5981
0	6114
0	6116
0	1340
0	6052
0	2432
1	640
0	401
1	1305
0	4897
0	5871
7	2404
0	6017
0	1379
0	2173
0	5894
0	5977
0	5981
1	2102
0	5879
0	5912
0	5781
0	3953
0	1096
0	1124
0	3963
2	446
0	4939
1	1965
0	2468
0	5819
0	1071
0	198
0	699
0	453
1	155
0	183
0	4573
0	4576
1	4330
0	2829
0	610
6	160
0	386
0	434
0	287
0	800
1	158
0	237
3	67
0	2
0	2
0	2
0	90
0	52
0	228
0	297
7	143
255	535
422	609
52	113
0	82
0	130
4	174
0	124
1	48
3	46
0	210
0	130
0	88
0	162
1	61
7	90
0	56
0	60
0	57
2	59
279	0
20	152
0	46
0	49
4	30
0	86
0	0
0	0
0	0
0	0
0	0
0	0
0	0
10	9
3	0
0	1
0	24
0	24
0	20
0	34
0	19
0	28
5	28
0	25
2	21
0	14
0	11
0	12
0	7
0	9
0	4
1	10
0	5
0	7
0	0
0	0
0	0
0	0
0	0
0	0
0	341
0	328
0	327
0	23
0	307
0	50
0	275
0	310
0	76
0	125
0	81
0	92
0	162
0	16
0	32
0	93
0	60
1	122
0	173
0	138
0	314
0	61
0	28
0	341
0	46
0	72
0	342
0	46
0	62
0	125
0	115
0	310
0	90
0	50
0	35
3	34
0	141
0	0
0	0
0	0
0	7
0	486
0	42
1	486
0	494
0	480
1	486
0	482
1	644
0	2301
0	3783
0	3017
1	3478
0	3546
0	3475
0	281
0	3398
0	938
0	3178
0	3138
0	3301
0	3183
0	2958
0	3595
0	3275
0	3509
0	3097
0	3552
0	3576
0	3296
0	3256
0	2870
0	2738
1	1212
0	2874
0	2500
0	1974
0	525
0	2121
0	1422
0	1743
0	2752
0	717
0	674
0	1259
0	218
1	49
1	85
0	200
5	93
10	1365
0	267
2	239
18	963
0	51
32	298
0	4
2	11
1	3
0	51
0	0
3	0
0	2
0	2
0	3
0	0
0	2
0	2
0	3
0	1
0	0
0	1
0	1
0	0
0	0
0	580
0	565
0	533
0	514
0	499
0	509
4	122
0	492
0	0
5	30
2	162
0	147
0	116
0	111
1	110
0	79
1	58
0	68
0	30
0	0
0	0
0	76
0	74
0	11
0	50
0	1
0	14
1	13
0	8
0	8
0	10
0	2
184	329
0	11
39	117
0	193
0	11
0	11
0	9
0	15
0	170
0	20
2	27
3	42
0	40
1	41
5	100
0	36
0	34
0	29
0	31
0	12
0	69
1	17
0	169
2	298
10	352
18	96
0	71
0	85
0	130
0	94
0	20
0	4
1	76
0	850
0	416
0	238
0	12
3	14
0	3
0	0
0	0
0	0
0	0
0	0
0	0
0	0
2	74
0	74
0	0
0	0
0	0
0	0
0	0
0	0
0	0
0	0
480	266
2	266
36	2
0	0
0	7
0	7
0	0
0	0
0	1157
0	1099
0	859
5	907
0	173
2	92
0	177
1	295
1	486
0	47
0	0
0	0
0	0
0	0
0	0
0	0
0	0
0	0
0	0
1	45
0	46
0	46
0	19
0	46
0	20
0	3
0	6
0	5
0	3
0	1
1	3
0	1
0	0
0	0
17	4021
0	3913
0	3920
0	3918
2	379
0	200
0	4139
4	2984
0	4010
0	73
0	3768
0	283
0	217
0	3961
0	330
3	0
0	0
0	0
0	0
0	0
0	2672
0	2611
17	2592
0	242
2	617
1	57
5	35
1	350
0	114
2	243
4	157
1	136
6	177
9	128
0	246
0	127
5	550
9	222
0	301
0	126
269	202
0	16
2	38
0	160
0	125
3	105
0	109
0	597
1	114
0	577
0	51
0	89
0	58
0	138
0	75
0	65
0	94
0	71
0	66
1	552
0	10
0	577
0	578
0	572
0	577
0	577
0	0
0	0
0	0
11	0
0	0
0	0
0	0
0	0
0	230
330	230
0	6
0	5
0	38
0	22
0	14
0	34
0	20
0	1
0	41
0	15
0	24
0	18
0	21
0	25
0	1
0	25
0	21
0	21
10	423
21	3764
12	390
6	1085
11	390
7	882
0	102
2	69
0	2553
0	157
0	109
0	105
5	108
4	8
0	8
0	1609
1	90
6	303
0	301
0	186
0	182
0	0
0	0
3	273
0	4217
1	4329
1	213
2	3988
0	522
0	231
3	914
0	2606
1	3167
0	442
0	444
5	635
0	486
0	178
0	206
19	988
5	92
4	278
0	16
0	169
0	32
4	20
0	17
0	9
0	15
0	8
0	985
0	1001
20	3
0	3
0	2
0	3
2	0
0	581
0	589
0	590
0	576
0	103
0	91
0	8
0	4
0	23
1	10
0	0
3	105
1	382
2	381
0	343
0	390
0	66
1	269
0	14
18	20
2	35
0	36
0	33
0	32
0	31
3	22
32	5
0	12
0	1
0	26
2	14
0	23
0	25
0	23
0	23
4	13
1	20
0	11
0	2
0	3
1	3
0	783
1	219
0	115
179	1702
0	94
43	110
0	927
0	1386
0	1556
63	19
0	51
5	1460
2	92
0	23
0	170
0	9
1	180
0	39
0	194
0	24
0	47
0	42
2	85
1	64
0	0
8	21
2	17
10	25
3	15
55	28
0	13
1	33
1085	394
9	130
0	335
6	122
0	368
50	104
40	15
0	0
0	0
0	0
0	0
0	0
0	0
0	0
0	0
0	0
0	0
0	0
0	0
0	0
0	0
0	0
0	0
0	0
0	0
0	0
0	0
0	0
0	310
0	5293
1	5024
2	5197
4	273
16	554
5	360
4	152
1	47
5	301
9	257
2	265
4	141
0	287
0	163
0	70
2	784
0	801
2	792
0	417
0	75
0	88
0	52
0	24
0	53
0	72
0	43
0	71
0	45
0	57
0	366
3	92
2	68
1	115
4	0
2	260
31	99
9	108
8	250
0	149
12	82
0	22
26	87
5	11
133	2112
0	10
3	1649
1	1744
0	1427
2	357
0	229
0	106
2	132
0	140
0	226
0	259
0	176
1	99
25	116
0	37
0	113
6	104
1	228
108	228
1	2988
0	2213
10	2626
0	234
11	87
0	70
0	147
7	238
203	238
0	58
0	129
7	9
0	29
0	22
0	13
0	0
0	0
991	147
1337	147
4	0
0	14
0	14
0	6
0	2
0	12
0	5
0	6
1	0
0	0
0	0
0	0
0	0
65	12
0	164
0	0
4	146
0	132
9	85
0	73
0	176
0	66
0	41
0	441
0	45
0	61
0	59
0	162
0	259
8	100
0	114
0	169
0	142
0	114
0	107
43	345
0	27
4	94
0	10
0	2
0	3
0	3
61	1543
1	32
2	434
0	444
8	0
1	1480
0	0
0	0
0	0
0	0
0	0
0	0
0	0
0	0
0	0
2	96
1	446
0	434
0	519
7	50
0	150
1	3
0	0
0	0
0	0
0	1
8	1
1	0
0	0
0	0
3520	5678
0	4255
42	4167
0	3822
0	3257
0	2028
0	2236
0	2230
0	2221
0	1726
0	1304
0	1266
14	1
0	1
0	1
0	1
0	2
0	1
0	0
0	0
0	2
0	0
0	0
0	0
0	0
0	0
0	0
0	0
0	0
0	0
0	0
0	0
0	0
0	0
0	0
0	0
0	0
0	1143
4	1480
0	1474
0	1528
4	1505
4	1305
0	67
2	1539
0	1539
0	1539
0	0
8	265
1	103
1	76
0	173
0	114
2	112
0	102
939	380
11	64
25	107
6	75
0	79
42	88
5	74
13	146
10	0
648	1389
6	99
0	308
3	0
0	121
2	0
0	186
4	78
0	361
0	18
2	79
48	31
0	184
1	38
4	39
0	73
4	20
0	51
580	202
5	91
2	298
10	394
1	58
0	115
1	64
0	83
0	18
0	14
0	0
0	0
0	352
123	331
0	14
0	47
0	91
71	59
0	0
50	100
10	17
0	99
0	1522
0	2
3	16
0	15
0	1
0	3
0	0
0	3
0	3
0	0
0	1
0	1
0	1
0	0
0	0
0	0
0	0
0	0
0	0
0	0
0	0
0	0
0	0
0	0
0	0
0	0
0	0
0	0
0	0
0	0
0	0
0	0
0	0
0	0
0	3
0	2
0	2
0	1
0	1
8	302
1	302
0	760
0	767
0	755
0	754
0	759
0	755
0	694
0	721
4	724
0	724
0	731
0	729
0	569
0	328
0	323
2	14
0	128
0	46
0	98
1	39
0	1118
0	443
0	54
1	124
0	41
0	1110
0	153
0	548
0	548
0	484
0	512
0	522
0	549
0	152
0	512
0	508
0	580
0	479
0	550
0	457
0	511
0	512
3	181
0	565
0	601
0	564
0	209
0	597
0	402
0	404
0	565
0	565
0	519
0	575
0	565
0	560
0	555
0	565
0	597
0	523
0	556
0	593
0	595
0	584
0	546
0	630
0	560
0	611
2	608
0	597
0	566
0	616
0	593
0	607
0	621
0	608
0	604
0	571
0	614
0	634
0	639
0	573
0	590
0	560
0	532
0	643
0	561
0	604
0	548
0	523
0	617
0	630
0	593
0	606
1	105
0	621
0	602
0	512
0	550
0	603
0	578
0	587
0	599
0	380
0	460
0	593
0	587
0	565
0	573
0	595
0	559
0	526
0	369
0	184
0	515
0	484
0	428
0	446
0	446
0	448
0	69
0	485
0	134
0	426
0	335
0	310
0	350
0	363
0	374
0	354
0	203
0	64
0	233
0	100
0	112
0	0
0	0
0	0
0	0
0	0
0	0
0	0
0	0
0	0
0	0
0	542
1	26
7	611
1	609
0	8
3	41
0	27
1	131
1	861
0	840
20	888
0	610
0	169
0	78
1	102
15	13
1	451
0	464
0	449
0	23
0	67
0	449
0	40
0	423
0	53
0	6
1	52
2	374
0	77
0	38
2	96
0	80
0	80
1	49
0	70
0	72
0	76
0	76
0	80
0	10
0	10
0	6
0	6
0	4
0	0
0	4
0	4
0	1
0	3
0	3
0	1
0	1
1	11
0	5
0	0
599	313
2	17
14	130
20	242
7	17
0	17
0	255
0	246
14	255
0	71
0	23
0	29
0	223
0	247
0	17
0	257
1	0
0	1383
0	1193
0	1265
0	1353
0	1188
0	740
0	332
9	13038
0	12769
3	8968
0	12573
263	12488
0	11300
39	6438
1	4000
1	1974
0	2277
0	2294
0	2295
2	2295
0	2158
0	2078
8	2208
0	2210
0	2170
0	2180
1	2326
2	2094
0	2265
0	1922
2	656
0	1941
1	553
0	1656
0	1519
0	1579
0	1653
57	1427
0	1153
0	1545
0	408
1	987
1	788
0	208
1	418
0	368
0	288
0	443
0	339
0	310
1	306
3	93
0	0
0	0
0	0
0	0
0	0
0	0
0	0
0	0
0	0
0	0
0	0
0	0
0	0
0	0
0	7
0	29
3	23
0	7
0	6
4	11
0	29
0	7
2	39
0	621
0	282
0	225
0	141
2	114
9	630
11	13
0	279
0	2648
0	2548
0	1454
0	1806
17	508
117	480
0	231
74	186
0	223
1	261
0	444
1	199
0	25
0	24
0	25
0	25
0	24
1	25
0	17
0	0
0	0
2	21
1	21
1	726
3	0
0	726
0	460
0	510
0	354
0	332
16	205
3	407
0	459
0	243
0	52
0	135
0	121
0	136
3	79
0	16
13	57
734	3498
15	336
28	1281
37	235
0	180
0	59
0	246
3	39
3	114
5	67
3	319
5	672
1	1386
0	82
0	34
1	1019
1	7
0	75
0	64
0	81
0	5
0	36
0	3
3	2
0	3
0	76
0	16
1	83
8	84
0	41
1	7
0	8
2	2
1	72
0	21
385	706
0	624
0	183
1	135
20	10
42	0
0	0
0	3147
29	3147
1	913
0	508
0	508
0	508
0	508
0	508
7	508
0	508
0	788
0	788
0	853
0	595
3	845
0	870
0	854
0	853
0	853
0	853
0	853
0	853
0	473
2	340
0	473
1	846
2	472
0	336
0	772
3	474
0	508
0	362
0	225
0	162
0	226
1	166
0	91
5	27
3	0
0	1761
1	1595
0	1614
0	80
0	45
0	79
0	363
0	363
5	559
0	22
1	22
0	56
0	27
0	0
0	59
1	134
0	3
0	107
0	78
0	59
0	59
0	59
0	92
0	97
0	199
0	58
0	1
0	1
0	1
0	3
0	1
0	1
0	2
0	31
0	57
0	3
0	1
0	29
4	424
0	1
0	0
0	0
5	420
2	1
0	33
0	0
0	7
0	6
0	173
0	2
0	2
0	2
0	2
0	70
0	69
0	30
0	0
0	0
0	28
0	151
10	28
0	224
0	28
0	28
0	245
0	86
0	97
0	62
0	63
10	318
0	859
0	187
3	178
20	176
0	227
2	162
0	39
0	368
1	378
0	209
0	279
0	298
1	177
0	270
1	161
5	120
0	136
0	168
0	125
0	131
3	90
0	84
0	84
0	85
0	89
0	84
0	58
0	9
0	6
0	0
0	0
0	167
0	167
0	257
2	244
8	248
0	255
0	247
0	246
0	218
0	243
1	214
0	215
0	181
0	30
3	30
0	12
0	14
1	14
5	11
0	753
2	217
0	735
0	857
0	159
0	246
0	61
0	770
1	744
1	10
0	29
770	157
6	53
0	61
3	14
0	751
0	35
0	110
0	55
1	343
0	31
4	315
6	321
0	276
3	280
2	45
1	8
16	18
0	39
10	3
3	3
0	497
6	506
0	265
4	192
0	205
0	120
0	101
2	36
0	20
0	9
0	0
2	12
0	2
0	17
0	13
0	20
0	63
0	66
0	16
12	2052
0	2131
0	2123
0	1963
0	2234
0	2118
33	768
45	1235
0	2181
0	2056
5	1057
0	2068
0	2005
0	1869
0	2096
15	1184
1	80
0	1065
1	810
32	677
0	706
0	714
1	437
0	655
0	556
0	451
34	142
0	64
0	142
0	656
0	720
8	407
0	655
0	466
0	120
0	346
0	319
0	653
25	140
0	216
0	230
0	0
2	123
4	56
7	128
132	241
3	145
17	77
641	715
0	227
13	302
3	481
0	0
1258	492
3	320
0	172
24	827
0	806
0	63
0	209
0	105
0	109
0	16
0	0
0	0
0	0
0	0
1	0
0	0
0	0
0	0
0	0
400	388
0	90
0	103
0	32
0	307
1	315
5	288
0	16
0	44
0	39
0	18
0	21
1	22
0	397
0	147
0	401
0	392
0	237
0	388
0	315
0	335
0	242
0	252
0	162
1	151
0	470
9	489
3	343
0	161
0	73
0	129
0	111
0	193
0	107
3	231
0	126
4	53
5	1106
0	1110
0	678
1	0
6	2662
9	2099
0	2077
0	3126
1	3014
0	1184
1	135
0	135
0	225
2	118
3	0
0	10013
4	8183
0	9964
21	9982
753	8339
73	9842
0	9374
0	9256
16	8478
2	3413
0	2155
0	3376
0	1164
0	3957
0	2592
0	0
93	3262
0	4561
0	3440
1	2570
73	1510
0	2084
0	1643
0	1509
0	1667
0	1654
1	1518
0	2306
0	1573
1	1199
0	1515
0	1529
0	1756
0	1734
20	1720
57	1744
147	1221
0	1618
0	674
1	1474
0	1230
0	1078
0	916
0	532
0	363
0	3
0	254
0	210
0	149
1	0
0	0
0	0
0	0
0	0
0	0
0	0
9	110
0	77
0	27
0	33
0	5513
1	5602
0	4963
0	5215
0	5131
61	4433
24	4636
39	2464
0	2573
1	1983
3	2461
0	2434
0	1520
1	1087
3	1417
0	1406
0	1369
0	1312
0	952
0	1217
0	934
13	614
0	914
0	1029
0	786
0	689
0	937
0	275
0	775
0	597
0	685
0	632
2	552
112	4032
38	4032
28	436
0	336
65	628
1	605
1	67
0	465
2	409
1	84
1	63
5	118
0	59
0	112
13	118
0	13
0	74
0	99
10	253
0	219
0	257
0	46
0	55
0	595
6	66
1	59
0	26
0	51
0	637
0	148
0	64
0	617
0	57
0	167
0	136
0	40
1	45
0	21
1	1107
0	1108
3	1
5	1
0	148
3	192
2	209
0	175
1	110
0	114
1	8
0	28
0	0
0	3
0	3
0	3
0	0
0	182
1	96
0	777
0	860
0	42
0	1507
0	1168
0	475
0	210
1	287
0	723
0	1521
2	1432
1	688
0	474
0	382
2	1365
0	305
0	1057
0	0
9	201
10	1213
19	256
9	137
6	91
5	337
30	159
0	49
0	44
0	6
0	10
0	5
0	5
0	10
0	9
0	8
0	3
0	2
6	2107
8	2107
6	489
0	141
0	77
28	855
3	169
1	196
2	59
8	88
0	327
0	327
0	328
0	167
0	67
0	37
0	30
0	25
0	8
0	21
0	10
0	21
0	17
0	0
0	6
0	4
148	209
0	112
8	46
0	186
0	1838
24	2953
40	960
0	1790
1	2682
0	2277
18	225
7	306
2	177
0	150
0	52
1	299
0	7
0	0
0	0
0	0
0	0
0	0
0	0
0	0
0	0
0	1537
0	1430
0	1389
0	1456
8	1212
16	80
5	837
0	410
8	53
8	686
1	377
3	249
0	7
0	4
2	30
1	2
0	24
0	17
0	5
0	1
0	9
0	7
0	120
2	194
102	312
2	73
0	112
0	168
0	72
3	742
27	742
1	211
0	57
0	43
0	0
0	12
0	1266
0	1068
13	1133
33	871
12	1148
0	931
0	1022
1	569
0	1096
0	922
29	215
0	5
0	0
1	168
0	192
0	152
0	170
1	155
0	216
85	287
0	313
0	297
0	274
0	159
0	255
1	207
2	172
1	170
3	145
1	166
0	125
0	0
0	0
1	2
0	2
0	127
0	116
0	126
0	131
0	45
204	150
0	35
0	32
0	138
0	43
0	8
37	1550
0	1545
2	1545
1	637
0	155
0	95
12	109
0	152
0	156
1	55
0	92
0	39
0	19
1	51
0	4
0	46
15	30
0	31
0	98
5	527
1	536
0	69
0	61
3	71
3	10
19	372
10	367
7	404
0	541
0	544
0	541
1	539
0	541
64	531
0	368
0	8
0	8
0	0
0	0
0	0
0	0
0	0
456	81
0	85
0	54
0	38
10	32
0	13
187	29
0	18
1	2
49	240
10	123
0	226
0	204
0	143
0	139
0	133
1	65
0	77
0	72
0	79
0	2
1	70
0	62
6	17
0	21
0	4
8	1
3	1
0	96
0	953
0	922
0	302
0	238
0	39
0	51
1	27
0	47
0	42
0	38
1	38
0	6
0	10
0	4
0	11
0	3
64	1085
0	4885
0	5960
0	5001
11	4392
25	1399
1	4907
14	809
0	1
0	0
0	1
33	1
6	403
13	404
2	146
1	351
0	1563
16	310
0	1396
0	760
0	1417
0	1538
37	413
1	1311
1	1457
0	778
26	266
26	363
1	486
0	176
0	0
0	0
0	0
0	0
4	144
18	193
3	193
2	4
2	0
0	0
5	570
4	587
9	51
0	38
1	300
0	110
2	84
47	411
1	8
1	356
9	23
0	67
2	66
0	5
0	0
0	0
0	154
0	160
0	173
0	168
0	151
0	182
0	155
0	156
0	131
0	134
0	78
0	64
0	57
0	60
0	52
0	38
1	47
2	38
0	38
0	16
4	0
0	9
0	24
0	0
0	24
0	13
2	15
0	6
0	237
0	432
38	2594
1	116
2	1009
0	2359
0	2455
0	2541
0	2505
0	2228
0	2504
1	451
0	2541
0	245
0	113
1	551
0	2542
0	2541
0	296
0	2541
0	432
0	373
0	762
1	558
0	1905
51	1820
8	1298
21	153
12	1563
24	24
0	0
0	0
0	0
0	0
0	0
0	0
0	0
0	0
0	0
0	2
0	12596
0	12599
0	12600
0	12297
0	12526
0	12534
51	9627
1	12166
2	12316
0	10925
0	12456
0	12493
0	12261
1	12397
0	11633
3	12435
25	12444
0	12171
0	12020
0	11643
0	12226
0	12396
0	12615
0	12394
2	1383
0	12596
0	12614
0	12757
0	6586
0	12620
0	12596
0	12606
0	11798
0	5492
3	12591
0	12493
0	11731
0	12230
0	11881
0	12102
0	12612
0	12313
1	12608
1	6905
2	10788
0	733
14839	420
0	420
0	109
405	228
0	220
0	223
9	106
0	107
0	102
0	102
4	106
0	107
0	21
0	7
0	2
0	1231
1	1256
0	1066
2	402
0	587
0	770
0	802
0	846
0	842
0	1056
0	1082
0	1090
0	1056
0	1131
0	1094
0	1102
0	1102
0	1077
0	1089
0	375
0	207
0	747
0	701
1	713
0	17
0	32
0	46
2	180
0	22
0	58
0	35
0	32
0	25
0	352
0	63
1	188
0	44
0	122
1	27
5	42
254	0
0	176
0	142
0	2
3	174
2	63
0	417
13	68
4	42
1	249
0	183
0	359
51	119
2	314
2	192
851	144
27	53
0	93
87	353
24	1486
2	1133
0	598
16	636
0	379
0	35
3	9
0	0
0	0
0	0
0	0
0	0
129	1270
0	661
12	117
40	1161
14	2334
0	325
15	202
0	292
2	2342
10	267
0	290
0	252
0	267
0	267
5	167
11	116
2	107
2	67
2	54
0	43
0	10
7	44
0	50
19	7
0	1
0	6
0	0
0	0
0	0
0	0
24	25
0	21
0	7
0	4
0	261
0	262
0	239
3	243
0	254
0	261
0	239
7	200
9	253
0	207
1	65
0	56
0	46
0	35
0	34
0	32
0	22
0	22
0	0
0	399
0	159
7	183
0	347
53	165
0	233
28	252
0	207
2	41
12	195
0	34
5	182
0	39
0	165
7	165
0	34
0	17
1	34
0	28
0	24
0	15
5	61
0	3
0	3
0	3
0	3
0	3
0	0
0	0
0	0
0	0
0	0
0	0
0	342
1244	37
0	0
0	6
0	3
0	4
0	4
0	1
0	1
0	3
0	2
0	2
0	0
0	110
186	337
0	173
0	110
0	327
0	71
0	3
0	2
0	21
2	8
1	46
0	223
0	208
2	85
0	43
0	31
0	611
0	843
0	774
0	761
0	725
1	751
7	132
8	329
0	525
0	657
0	177
0	127
0	721
0	101
0	128
0	80
1	666
0	192
0	60
25	171
2	199
9	122
12	35
3	308
10	325
1	0
0	0
0	1
0	0
0	1
0	0
0	1
0	0
0	0
0	0
0	1
0	1
0	0
0	0
0	0
0	0
0	3
0	3
23	1
0	2
1	2
0	1
0	1
192	99
4	11
2	22
0	28
4	49
0	0
0	0
0	0
1	1525
0	1657
0	1635
0	1642
0	2059
0	2081
0	0
0	874
0	0
0	1740
0	1263
10	2012
0	2074
0	1874
0	2034
0	2012
0	2064
0	2010
0	1969
0	2032
1	634
2	637
0	2022
0	2019
1	139
0	2086
6	1863
0	1467
1	89
14	1259
2	1110
1	434
0	844
37	810
0	59
0	84
0	2029
0	2059
0	2
0	2
0	1
0	2
0	0
0	1
0	1
0	2
0	2
0	2
0	1
0	1
0	2
0	1
0	1
0	1
0	2
0	2
0	30
0	61
0	52
0	56
62	103
1	13
0	43
0	7
0	6
1	23
2	12
0	3593
0	3241
2	3532
0	3525
16	3555
1	1068
0	831
27	3590
11	1371
1	13
0	3604
0	3762
0	3533
2	2925
0	1914
1	3387
0	3592
0	125
2	3591
9	3593
7	943
1	301
0	59
2096	291
26	123
0	101
1	63
107	0
0	40
1	208
1	235
0	35
4	51
0	69
0	356
1	251
1	299
0	179
5	285
2	216
1	131
0	39
2	70
0	75
0	75
0	75
2	78
0	76
4	36
0	18
0	5
0	3
0	0
0	0
0	0
0	0
0	0
0	0
0	0
0	0
0	0
0	0
0	0
0	187
31	1643
0	1158
1	3
0	1
0	1644
0	18
0	131
0	57
0	1256
0	1614
0	1251
0	47
0	867
0	185
0	231
0	630
1	181
0	139
0	289
1	298
2	239
4	153
0	67
1	233
1	103
2	0
0	0
0	0
0	329
0	310
3	302
6	51
21	53
5	17
0	29
13	45
0	27
2	19
1	28
34	410
0	90
9	393
2	16
0	2
0	3
0	15
0	3323
0	4163
0	3963
0	3933
0	4193
0	516
2	2313
0	3800
0	2311
0	3952
0	3675
0	3681
0	480
0	354
11	1845
0	3038
113	1972
0	367
0	477
14	261
30	73
25	63
6	66
0	2017
0	2035
0	1990
0	189
1	105
0	101
0	24
0	168
0	130
0	1461
3	256
0	958
0	69
0	274
1	56
0	2035
0	34
0	31
55	0
132	0
0	0
0	0
0	1
0	1
0	1
0	0
0	0
0	0
14	0
9	0
0	295
2	1009
0	400
0	733
0	894
3	808
0	952
0	1074
0	964
0	931
0	1084
0	1582
0	916
0	975
0	1600
0	1136
0	792
1	1067
0	495
8	0
0	0
0	0
2	0
13	0
6	0
0	0
1	546
0	1971
0	1926
0	65
4	83
1	250
0	166
0	745
0	285
0	122
0	72
0	54
0	69
0	55
1	0
0	0
0	450
0	163
0	67
0	120
0	5
0	125
0	0
0	0
2	37
33	46
0	5
0	28
0	1635
0	0
2	1643
145	0
0	137
0	527
0	546
0	79
0	97
0	564
0	78
0	46
0	23
0	58
0	169
0	494
0	69
2	190
0	111
1	14
0	27
0	21
20	14
0	139
23	320
1	185
0	245
3	208
1	227
2	211
0	194
0	179
6	1
0	0
0	1
1	0
21	30
0	28
0	26
1	49
0	40
0	27
0	3
0	115
0	182
116	457
0	419
0	421
0	418
0	239
3	294
0	29
31	18
0	0
0	0
1	0
0	0
0	0
0	0
0	0
0	0
0	0
0	0
0	0
0	0
0	0
0	0
0	0
0	0
0	788
0	734
7	486
0	498
0	28
0	167
0	98
3	278
15	544
0	468
0	246
1	344
20	193
0	109
0	17
0	259
0	1
0	0
0	1
0	1
0	0
4	3076
0	2817
12	891
0	1512
4	1334
9	1357
0	624
9	53
3	371
22	113
1	113
0	535
174	1031
1	97
3	141
9	162
3	187
13	145
0	70
0	129
0	25
0	136
2	213
2	41
0	558
0	550
0	562
9	202
5	190
0	190
0	31
0	97
0	0
0	3
1	248
0	169
15	107
0	588
0	674
2	138
0	59
1	205
1	279
0	65
0	94
0	78
0	620
0	60
0	89
115	433
1	431
0	478
1	444
0	495
1	379
0	403
6	372
0	35
0	51
0	32
0	67
0	75
0	75
0	75
0	45
0	45
0	158
0	75
0	75
0	42
0	75
0	75
0	21
0	75
0	128
0	75
0	42
0	155
0	72
0	117
0	117
0	117
0	155
0	120
0	120
0	104
0	120
0	120
0	0
0	0
12	307
12	204
0	204
0	36
0	39
0	48
0	43
0	51
0	29
0	28
0	171
0	82
0	58
1	465
5	256
5	365
9	377
9	21
0	6
0	21
4	16
6	582
148	224
0	209
11	45
2	25
10	17
0	53
0	26
15	8
4	4
0	14
0	73
0	73
0	70
0	70
0	61
0	44
1	36
0	0
0	0
0	0
0	0
7	946
7	1131
3	586
2	112
0	386
0	414
0	412
0	98
0	136
0	140
0	405
3	7
3	373
2	77
0	89
0	28
0	59
0	1363
0	6054
590	197
0	52
8	15
0	33
926	8297
0	8409
16	874
3	1757
0	5092
15	2942
0	965
14	4338
13	1018
0	755
2	545
3	744
9	751
0	744
0	733
3	728
0	684
2	748
3	331
0	201
2	65
0	307
0	306
2	288
0	32
0	15
0	13
1	9
2	6
6	8
13	161
3	161
16	26
2	26
2477	0
0	0
0	0
0	0
0	0
0	0
0	0
0	0
0	0
0	0
1	0
0	1632
1	2970
0	4237
0	3468
0	3921
0	3950
29	3159
0	3256
2	1587
0	3267
0	328
0	2278
113	2039
21	1878
0	1784
0	1926
0	1646
0	1216
10	904
0	656
0	224
0	224
0	187
0	154
0	4
2	4
0	4
1	4
0	0
1	0
0	161
6	0
0	69
1	187
0	25
2	67
1	370
0	247
0	356
0	28
10	19
152	79
0	105
1	103
1	14
1	29
0	92
4	73
1	0
0	10
0	42
2	106
0	235
10	218
6	32
1	162
3	32
8	86
214	44
0	44
0	1267
0	254
1	1224
5	1231
0	1309
0	64
1	1185
30	294
0	209
0	124
0	46
10	173
8	99
36	697
10	34
18	13
13	13
177	48
0	34
1	14
4	1576
0	919
0	1603
2	38
0	26
0	89
4	40
6	408
0	36
22	223
2	154
0	87
1	50
0	4
0	587
0	161
2	379
0	541
30	235
1	319
21	472
0	428
0	587
3	58
0	100
74	660
13	563
0	283
10	210
0	163
0	160
1	25
0	55
0	1
0	1
0	1
1	0
0	140
0	8
0	7
0	9
0	6
0	8
3	8
0	9
0	2
0	3
0	3
0	2
0	2
0	488
43	488
4	273
0	224
0	206
4	107
3	531
3	508
25	371
0	139
4	8
0	11
1	15
0	15
0	8
1	14
2	1
0	1
0	0
183	1673
62	1332
0	289
0	202
2	188
20	281
0	281
0	0
0	0
0	0
0	0
0	0
0	0
7	5854
0	5839
0	6183
4	5850
0	3562
4	418
28	5849
8	3149
44	1615
0	2468
0	2526
0	0
0	0
0	148
0	2540
4	2434
0	2475
0	2376
8	2534
2	159
1	2505
0	114
0	1344
0	126
0	22
0	42
2	170
0	70
0	1329
3	2477
0	351
0	1161
0	252
0	57
510	57
0	83
0	66
1	75
1	186
0	16
0	66
0	100
0	249
36	229
1	12
1	79
0	81
0	72
2	1
0	17
0	886
0	996
0	945
0	918
15	405
12	46
48	173
7	164
84	11603
208	11588
0	11513
8	8439
122	11566
234	8437
4	10192
22	2748
0	158
0	238
3	185
0	198
0	194
0	80
0	1
2	1
0	0
0	0
0	16
132	323
0	83
0	75
0	320
0	311
0	10
1	250
0	0
0	14
0	98
24	276
2	68
14	0
0	71
0	73
0	37
0	51
0	75
2	41
0	54
0	49
0	33
0	30
0	35
0	61
0	18
1	12
0	26
1	55
0	50
0	63
0	14
0	6
0	11
0	10
1	7
1	4
0	4
0	0
0	0
0	0
0	22
0	4
0	515
0	257
0	52
0	4
14	105
0	191
0	484
0	495
0	467
0	524
0	516
0	513
0	21
0	65
2	61
0	512
0	509
0	509
0	486
0	362
0	527
0	34
16	43
0	40
0	44
0	105
0	478
1	517
0	49
0	182
0	515
0	515
0	49
0	27
0	27
0	27
0	64
0	74
0	2
0	31
0	39
0	0
0	4
0	15
0	16
5	448
0	57
0	15
0	56
0	34
0	60
0	42
0	22
0	38
0	75
0	6
0	11
0	307
0	61
2	318
7	145
0	141
2	93
0	7
0	12
0	14
5	20
0	17
0	15
0	8
0	18
0	17
2	27
0	17
0	18
0	14
0	14
0	13
3	0
0	0
0	0
46	8
0	5
0	3
0	88
0	32
0	215
0	289
0	413
5	23
0	224
1	406
0	107
0	242
0	149
0	88
0	20
0	267
1	409
0	2460
1	2409
9	2410
0	736
0	580
0	782
0	863
0	1023
24	509
10	36
1	378
7	378
0	2
1	2
0	0
0	1
0	2
13	5
0	4
0	1
0	208
0	472
0	361
0	392
0	271
7	117
2	2
0	0
0	0
0	0
0	0
0	0
0	0
0	0
0	2
465	107
0	107
0	644
0	594
47	565
0	603
5	566
11	60
1	194
0	394
0	399
0	16
1	25
0	10
2	163
0	251
0	59
0	21
1	538
0	98
9	445
0	104
0	61
0	428
0	20
3	48
6	69
3	22
3	10
0	5
0	1
0	1
0	1
3	74
0	15
0	109
0	182
1	3
10	182
0	3
4	10
6	74
1	17
1	6
0	855
0	936
0	718
0	947
1	950
0	1021
2	1088
0	333
0	395
1	43
0	39
0	837
0	1036
0	202
0	928
0	969
0	845
0	664
0	399
0	814
0	818
0	909
0	379
0	587
0	871
0	554
0	542
0	293
75	490
1	1106
5	560
0	1045
0	1097
5	1103
2	514
1	732
8	45
0	396
0	335
2	186
0	392
0	384
1	374
0	288
2	288
2	300
0	300
0	81
14	190
0	1147
0	1134
0	997
0	1112
0	1118
0	1138
0	1117
0	993
0	974
0	972
0	928
0	1095
0	1136
0	1138
0	1102
0	1055
0	1086
0	1117
0	982
0	1104
0	952
0	1135
0	1080
0	1126
0	1116
0	1048
13	582
0	981
0	1091
0	937
0	933
0	981
0	942
0	831
0	971
0	953
0	822
0	650
0	748
0	681
0	824
0	524
0	653
0	772
0	748
0	726
0	556
0	714
0	702
0	720
0	525
1	474
2	532
6	126
0	403
1	25
0	327
8	486
4	491
0	19
0	294
0	184
4	202
0	112
0	27
0	131
0	136
0	99
0	72
0	71
0	14
1084	252
0	155
1	97
0	2
0	2
0	0
0	1
0	0
0	36
0	78
0	80
0	116
0	126
0	31
0	72
0	25
0	44
1	19
0	35
1	31
0	21
1	32
1	34
0	41
0	42
0	10
0	0
15	983
28	735
4	321
0	336
0	696
1	501
1	308
0	0
0	0
0	0
0	0
0	0
0	0
0	0
0	0
5	0
0	0
0	72
0	64
65	81
0	2
0	50
4	9
0	23
1	213
3	37
5	17
0	227
1	10
1	94
13	13
12	169
64	157
1	157
0	157
0	239
0	307
1	31
0	26
1	50
0	265
0	300
0	295
0	28
15	9
0	42
0	67
0	20
2	13
6	1
0	15
5	15
0	110
0	0
0	13
1	70
5	54
3	24
0	36
6	54
1	480
1273	990
1	172
3	57
4	479
0	321
2	169
0	279
40	178
0	122
35	4
0	4
155	1575
1	1121
11	424
3	327
5	847
0	393
0	0
0	0
0	148
1	150
0	148
0	149
0	149
0	149
1080	230
46	97
1	134
0	96
0	97
2	7
215	113
3	64
0	79
0	36
0	0
0	1
0	1
0	1
0	0
0	0
0	0
0	0
0	0
0	0
0	0
0	0
0	0
0	0
0	0
0	0
0	0
0	0
0	0
0	6
0	6
125	86
0	47
3	3
0	36
0	474
0	523
0	497
0	397
0	432
0	443
0	447
0	493
0	421
0	452
0	529
0	450
0	429
0	440
0	474
0	514
0	500
0	514
0	525
0	528
0	510
0	513
0	463
0	463
0	453
0	411
0	61
0	86
0	407
0	418
0	336
0	360
0	471
0	506
0	528
0	483
0	438
0	438
0	442
0	522
0	508
0	432
0	497
0	432
38	539
0	328
0	430
0	483
0	426
0	503
0	446
0	423
0	489
0	435
0	387
0	416
0	519
0	422
0	503
0	347
0	350
0	498
0	504
0	494
0	435
0	528
0	480
0	397
0	497
0	363
0	419
0	331
0	499
0	417
0	406
0	69
1	474
0	67
2	182
0	0
0	0
0	0
0	0
0	0
0	0
0	0
0	0
0	0
0	0
0	0
0	0
0	0
0	0
0	0
0	1388
6	929
2	1269
0	768
0	1279
0	541
0	597
0	937
10	840
14	631
0	716
95	493
8	399
2	441
0	463
2	356
0	173
0	272
0	125
1	0
0	8
0	7392
0	173
0	7597
25	7693
30	7639
0	7526
5	962
0	254
1	98
0	202
0	745
5	1147
0	591
12	516
0	2
0	1178
26	176
13	638
46	639
0	312
26	3190
0	1785
0	1
0	1
0	1
0	3
0	4
0	3
0	3
0	0
0	4
0	2
0	3
0	3
3	47
1	1227
1	212
0	372
3	89
0	37
5	108
0	145
0	393
4	1180
0	1222
0	120
0	39
1	157
0	37
1	39
1	180
0	87
0	740
2	241
0	775
1	85
0	216
0	245
1	231
43	136
0	11
0	109
0	132
6	182
24	358
0	102
14	228
0	125
0	238
0	89
0	189
0	0
0	141
1	113
2	139
0	0
0	101
4	135
8	145
11	467
0	66
0	24
657	775
0	211
6	423
1	160
0	452
0	189
0	108
0	663
3	238
0	12
0	30
4	9
1	10
0	298
0	13
0	207
18	20
3	23
0	630
0	1052
0	996
0	160
0	1105
0	1080
1	62
0	659
1	626
0	243
0	53
0	933
0	93
0	206
1	0
1208	7442
0	6109
0	379
0	4498
1	348
1	1745
0	1732
7	305
0	1922
15	1573
0	1635
0	1223
28	0
1	10
0	13
0	14
0	3
0	16
0	16
0	12
0	18
0	7
0	13
0	28
0	14
0	1
0	2
0	5
0	16
0	1
0	11
0	1
0	1
0	0
0	9
0	8
0	9
0	3
0	5
0	5
1	9
0	5
0	0
1	0
105	417
0	92
1	110
0	8
0	8
10	284
0	39
0	123
7	3
0	3
2	792
0	385
10	262
122	137
0	473
2025	876
0	246
0	396
0	102
0	0
0	55
0	104
0	50
7	456
0	36
0	423
6	375
0	17
1	46
2	62
0	10
1	21
0	80
9	100
0	86
16	230
78	228
10	662
0	964
0	1255
0	749
0	366
2	820
0	735
4	132
0	15
4	148
0	297
0	180
0	145
0	93
0	88
6	86
0	63
0	52
0	21
0	21
0	21
0	21
0	0
0	1
0	2
0	0
0	1
95	2456
0	2456
0	121
0	1561
1	1283
0	107
0	84
6	121
4	88
0	5
0	5
0	2
0	3
9	1588
1	210
5	1587
0	20
2	92
3	514
5	484
137	827
0	486
83	441
5	384
4	283
46	441
0	94
8	86
1	40
0	89
1	11
1	5
3	0
0	50
3	532
0	479
298	845
335	329
0	328
0	278
0	251
2	267
0	55
4	104
7	38
0	9
0	354
0	324
0	338
0	240
0	318
0	355
1	319
0	247
0	197
0	139
0	68
0	109
0	124
0	105
0	109
6	228
0	136
0	18
0	6
0	1
0	5
0	17
8	9
0	5
0	1
0	3
0	812
0	801
0	320
12	26
12	79
0	110
14	141
3	135
0	754
3	258
2	126
0	0
0	278
0	270
0	173
0	144
0	275
0	12715
0	12144
1	19
0	12721
0	242
0	18
6	8
0	7
23	268
0	1951
0	1893
1	1840
0	1882
0	1857
0	1825
0	1852
0	1744
0	1356
0	1365
0	455
0	619
0	178
0	803
0	190
6	808
0	770
10	727
2	104
3	55
0	259
3	154
1	45
1	267
1	265
0	227
0	72
3	86
690	0
0	0
0	6
0	10
0	1
6	6
1	999
3	1016
26	168
3	709
0	762
0	69
2	149
5	112
0	14
1	39
0	34
0	37
0	18
6	63
0	531
0	123
0	65
0	234
0	20
3	208
380	1194
5	184
0	206
4	769
0	177
0	0
0	0
2	247
3	242
0	254
18	21
1	24
0	19
0	23
2	99
40	56
0	262
19	578
0	545
0	136
2	133
0	82
0	54
0	86
0	12
2	12
8	26
0	26
0	1
0	0
0	0
0	3
23	49
0	31
7	8
143	48
0	56
2	48
0	15
0	22
0	12
0	25
0	7
0	15
5	8
0	4
7	131
0	132
0	18
2	2
0	1
0	27138
4	23726
0	23749
224	20912
0	24116
0	22986
1	22062
0	24792
0	3234
0	26093
0	5418
54	16821
0	24520
25	7987
1	5361
0	2159
4	20219
0	0
3	966
0	2327
0	21348
0	1121
0	24725
0	10413
3	4955
1	5030
0	2116
0	2520
1	3
0	117
0	980
0	131
2	983
0	706
0	685
0	788
0	693
0	0
1	767
0	692
0	691
0	514
0	975
0	0
0	1159
0	2344
0	0
0	2165
0	2165
0	2161
0	104
0	0
0	0
0	766
0	791
0	1137
0	752
0	1000
0	809
0	1089
0	2
0	99
0	714
0	2239
0	0
0	0
0	1583
0	1079
0	0
0	0
0	67
0	62
0	39
0	17
0	73
0	82
0	104
1	0
0	0
12	859
0	171
0	0
0	101
0	17
0	8
0	9
0	18
0	7
0	8
0	18
0	4
0	4
0	1
0	0
0	2
0	2
0	2
0	0
0	2
0	1
0	1
1	1
0	1
0	1
0	2
0	1
0	0
0	0
0	0
0	0
0	0
0	0
0	0
0	0
14	10
1	5
0	360
0	368
7	71
1	68
0	61
4	25
0	0
0	0
0	0
0	0
341	1158
0	159
0	838
1	1087
10	63
0	63
0	170
9	249
0	607
0	772
0	848
0	50
0	136
0	63
0	201
0	7
0	341
12	81
0	428
0	32
1	119
1	80
3	115
1	189
3	221
4	1
0	207
8	4
0	1773
7	1772
2	1754
9	963
2	843
4	8
0	221
1	256
2	178
0	79
0	21
2	9
13	3772
11	3424
1	3449
1	3855
3	3415
0	3516
7	2996
0	3391
7	238
28	802
5	243
6	65
3	3
0	2707
4	455
8	240
0	649
6	479
13	1766
3	1634
5	315
2	142
0	286
3	241
0	686
0	505
57	873
0	842
3	247
0	450
0	104
4	228
0	170
0	56
0	85
716	762
0	36
0	36
2	188
23	231
1	153
24	62
16	103
31	309
0	299
5	126
16	149
0	123
0	53
0	91
2	0
0	0
0	0
3	6
0	36
0	253
1	225
3	145
158	232
0	108
0	1613
0	1460
5	1388
0	1399
0	1503
0	1445
0	1648
0	1461
12	1535
0	1488
23	1514
0	1596
0	1530
0	1275
0	1597
0	1577
0	1606
0	1540
0	1652
0	1723
0	1551
0	1539
5	1669
0	1613
0	1531
0	1542
0	1476
0	1245
12	1216
0	162
0	797
0	179
0	195
0	287
0	173
0	299
0	339
0	227
0	290
14	322
0	51
0	147
0	34
121	287
0	64
0	45
0	112
13	237
0	37
0	67
0	101
0	12
0	37
2	26
0	93
104	143
0	93
0	96
4	41
2	52
0	20
0	29
0	1
0	2619
9	2350
0	2278
5	1506
3	1033
0	16
2	208
0	2374
0	2498
2	93
0	167
0	177
0	326
20	303
1	256
0	268
1	296
2	53
77	530
1	535
2	428
0	79
1	74
0	270
0	44
0	2
0	126
0	112
1	95
0	70
0	55
0	41
7	35
0	35
0	6
0	0
0	0
0	0
0	0
0	0
19	18
11	11
0	8
1	7
2	320
0	210
356	425
11	261
13	497
1	549
1	128
0	264
0	266
2	209
0	170
0	148
0	71
0	63
0	43
0	62
0	23
0	30
27	27
0	2
0	0
0	0
0	0
0	0
0	0
0	0
0	0
0	0
0	0
0	0
0	0
0	641
0	596
0	615
0	618
0	218
0	663
0	497
4	119
2	1217
0	1203
0	980
1	941
0	9
1	19
0	848
0	855
0	4
0	794
0	797
0	864
0	841
0	831
0	841
0	846
0	848
0	100
0	361
0	821
0	839
0	831
0	830
0	837
0	822
0	829
0	58
0	405
0	589
0	850
0	795
0	801
0	819
0	806
0	805
0	809
0	855
0	847
0	845
0	863
0	841
0	823
0	836
0	855
0	815
0	845
0	839
0	862
0	853
0	847
0	839
0	838
0	846
0	278
0	831
0	838
0	47
0	817
0	833
0	0
0	849
0	841
0	52
0	189
0	831
0	809
0	832
0	839
0	817
0	823
0	816
0	45
0	390
0	832
1	0
0	54
0	639
0	827
0	564
1	204
0	0
0	839
0	831
0	832
0	844
0	90
0	47
0	111
0	0
0	7
0	33
0	276
0	805
0	240
0	10
0	103
0	316
0	8
0	212
0	609
0	643
0	660
0	660
0	651
0	391
0	644
0	643
0	651
0	646
0	15
0	565
0	601
0	600
0	77
0	137
0	574
0	581
0	110
0	516
0	44
0	41
0	31
0	1
0	167
0	422
0	432
0	179
0	390
0	392
0	371
0	5
0	37
0	74
0	0
0	85
0	79
2	84
0	3
0	6
0	4
0	0
0	44
0	27
0	13
0	4
0	9
0	8
0	43
0	492
0	437
0	57
0	226
2	393
0	434
0	489
351	108
0	44
0	0
0	0
0	0
0	0
1	68
0	1278
0	1278
56	1183
0	1275
0	109
1	0
1	0
0	93
3	187
1	97
0	85
8	314
0	340
0	76
0	5
376	64
2	4
1	65
0	309
0	1279
2	1298
5	2
0	2
0	660
0	87
0	37
0	1019
0	1280
0	2
0	3
6	2
2	3
10	404
227	429
0	277
3	349
0	297
0	116
0	0
0	4
0	4
0	0
7	1048
0	322
2	873
19	586
3	403
3	332
0	253
10	49
11	187
0	176
0	1354
0	1368
1	149
3	224
2	90
0	109
0	411
3	207
0	395
7	19
0	183
1	146
0	162
0	368
4	2
3	168
0	365
0	364
0	205
0	98
9	52
2	120
5	117
12	115
2	37
0	1
0	6
10	0
0	5
0	0
0	8
0	8
0	0
0	7
19	143
21	95
0	132
0	76
0	14
0	17
0	32
0	22
0	84
0	28
0	28
0	25
0	0
1	49
0	62
0	0
0	23
0	13
0	51
0	3
0	3
0	45
0	46
0	16
0	28
0	5
0	5
0	21
0	0
0	0
0	7
0	10
1	7
0	0
0	0
0	7
0	7
0	7
0	0
0	0
48	97
59	180
1	169
1	10
2	10
626	306
0	306
0	100
0	1
0	1
0	0
0	1
0	1
0	0
0	0
5	447
13	370
4	16
0	22
1	338
0	15
0	29
1	26
0	31
0	2
0	662
8	69
0	603
5	76
3	92
0	49
0	42
0	82
0	71
0	52
0	52
0	40
0	69
0	2
0	32
0	8
66	286
0	160
1	286
1	64
0	105
0	0
0	19
0	41
0	38
1	40
0	36
0	6
36	38
0	42
2	36
0	15
0	4
0	4
0	4
0	3
0	4
0	4
0	4
0	3
0	3
0	2
0	1
0	1
0	0
1	0
0	0
139	656
1	542
0	569
4	511
0	81
0	541
0	0
0	0
343	114
1	84
8	30
5	213
5	581
0	553
1	560
18	89
0	593
0	564
2505	2247
1	158
2	672
34	1140
4	746
3	250
0	0
0	2
0	2
0	1
1	0
0	0
0	0
0	4
9	0
111	0
0	9
0	8
0	66
0	64
0	64
0	116
0	67
0	10
0	9
0	66
0	110
0	110
0	57
0	57
0	57
0	57
0	57
0	61
0	57
0	0
8	4
0	0
0	0
0	0
1	0
0	0
1	0
0	560
339	560
1	67
0	1
0	0
0	0
0	1
0	0
0	0
28	351
0	1364
0	1371
39	1367
1	0
0	0
0	0
0	0
0	0
0	0
0	507
2	474
0	187
0	88
0	20
9	22
1	72
9	246
1	23
0	22
2	22
0	150
3	1
0	1
1	0
0	0
0	0
0	0
0	0
0	0
0	0
0	0
0	0
0	6665
11	4381
66	17035
0	7922
6	886
0	10621
4	545
1	752
0	14518
0	14435
6	11287
0	10991
1	10132
0	13324
6	10759
0	9964
0	12290
0	10686
2	5875
8	4728
0	11949
0	8980
0	3983
0	9030
0	6452
1	1854
0	4171
7	2856
0	2566
4	2283
0	2807
0	632
0	587
0	1291
0	1538
61	1297
0	1823
7	819
0	1709
28	1036
0	1590
0	1738
0	839
0	1481
24	1692
11	1501
1	1674
0	1587
2	1340
0	672
0	958
0	1024
0	269
0	809
6	157
0	81
2	547
0	458
0	222
0	547
9	218
0	82
0	324
7	208
32	208
0	24
0	10
0	10
0	10
0	0
0	0
0	0
0	0
0	0
0	0
0	0
0	0
0	0
0	0
0	0
0	0
0	0
0	0
0	0
0	0
0	0
0	0
0	0
0	0
0	0
0	0
0	0
0	0
0	0
0	0
0	0
0	0
0	0
0	0
0	0
0	0
0	0
0	0
0	0
0	0
0	0
0	0
0	0
0	0
0	0
0	0
0	0
0	0
0	0
0	0
1	363
1	156
0	0
0	0
2	323
9	472
1	395
0	428
4	183
0	378
2	384
0	418
0	395
0	424
1	417
0	363
2	393
0	417
0	431
1	257
0	232
26	117
0	0
0	1
0	1
0	0
0	1
0	1
0	1
0	0
0	0
0	0
0	0
0	0
0	0
0	1
0	0
0	285
27	291
2	35
0	46
0	285
1	63
0	174
0	54
0	51
1	105
6	77
3	6
0	68
5	105
0	31
0	65
16	69
1	178
0	19
4	39
11	17
0	11
0	11
0	11
0	11
0	11
0	0
0	11
0	561
0	199
0	598
0	280
1	50
0	210
1	193
4	154
8	22
0	125
3	0
0	27
3	91
0	27
5	0
0	0
0	2
0	2
0	0
0	0
0	0
0	387
0	826
0	766
0	329
0	2895
109	2845
4	617
0	324
126	1186
19	33
1	0
48	1315
0	598
1	573
1	772
0	826
148	357
0	119
0	132
0	337
10	180
1	1112
2	1111
1	1165
46	809
0	84
0	140
0	78
0	76
1	50
1	46
1	1067
0	1067
0	1092
0	1100
0	42
0	42
0	42
1	42
0	1
1	39
0	606
0	606
0	659
0	687
0	215
0	556
0	705
0	252
8	557
13	37
5	705
0	0
0	158
20	43
3	326
20	128
1	678
0	746
0	746
2	611
0	700
0	715
0	685
3	747
3	656
3	562
0	704
7	635
3	210
0	225
1	309
0	280
0	232
0	1050
0	1175
3	117
0	1169
1	80
0	1084
0	519
1	1103
1	117
0	228
0	127
0	145
12	0
0	338
10	65
0	37
0	279
2	157
2	87
0	269
1	111
5	1301
2	1145
1	1072
1	335
0	255
0	133
46	694
1	144
0	151
1	169
0	0
0	0
0	0
0	0
0	2
0	14
0	13
2	13
0	14
0	6
1	5
0	5
0	5
376	130
0	66
3	51
0	48
0	19
0	0
6	125
12	538
0	587
0	493
1	391
6	284
15	390
15	136
2	239
0	116
12	88
0	39
0	253
1	172
0	1883
0	1812
0	1651
0	189
7	2189
0	65
0	669
19	40
6	0
0	1986
0	2182
0	252
0	318
0	3
27	2
3	113
0	31
0	325
0	64
500	1317
47	657
0	1108
3	24
0	300
17	980
219	567
1	90
4	164
0	976
0	306
0	1
0	0
0	1
0	1
0	0
5	1
2	414
3	722
2	368
9	373
8	309
3	394
0	109
0	101
0	0
0	168
0	172
0	173
0	166
0	89
0	173
0	90
6	10
0	2698
95	2708
11	1093
1	187
5	1079
58	239
6	476
0	118
1	107
5	625
0	642
0	615
0	625
0	312
0	419
5	518
2	518
0	19
0	497
4	236
1	276
2	418
0	442
0	176
0	172
0	1
0	0
0	1
0	0
11	145
16	125
0	148
17	10
0	43
0	114
0	49
0	117
1	27
0	101
0	16
1	113
0	42
0	58
2	45
1	25
7	39
0	0
0	0
0	16
0	233
0	165
0	58
0	354
0	327
0	126
1	6
0	6
0	3
1	0
1	0
1	16
0	303
23	79
1	294
1	27
0	304
0	25
3	26
0	46
4	27
1	5
1	869
15	614
1	399
0	286
0	238
148	496
0	109
41	494
1	206
0	0
0	0
0	0
0	0
0	0
0	0
0	0
0	0
1	273
8	285
0	244
0	131
0	42
0	91
3	40
0	25
0	30
146	6
0	6
0	0
0	0
190	40
1	5
0	39
0	8
0	0
0	1
0	0
0	1
0	0
0	0
0	693
2	693
0	681
0	748
0	721
0	640
0	752
0	553
1	201
2	717
0	652
2	702
1	729
0	775
0	721
0	776
0	641
0	663
0	700
0	701
0	745
0	639
0	590
0	657
4	655
0	754
0	288
0	705
0	691
0	752
0	588
0	752
0	657
0	777
0	647
0	786
0	742
0	785
0	727
0	736
0	731
0	735
0	708
0	748
0	681
0	631
0	570
0	699
0	729
0	749
0	597
0	654
0	639
0	603
0	160
1	639
0	387
0	337
0	270
1	114
0	7
0	1132
0	1015
1	1055
0	768
0	1139
0	1065
0	1138
0	1132
35	984
2	340
0	339
0	273
91	208
0	258
0	247
0	316
0	371
0	392
0	358
0	212
0	215
40	138
0	154
0	91
0	80
0	102
0	64
0	11
0	13
0	5
0	174
0	6
0	16
0	146
1	168
0	34
0	22
0	179
0	6
0	24
0	22
0	28
0	152
0	23
0	17
2	78
29	276
0	276
0	159
0	148
0	143
0	20
0	1848
0	1908
0	198
0	138
2	1364
0	261
1	323
6	425
1	425
0	122
0	91
1	40
0	562
0	541
0	0
0	0
0	0
0	0
0	3
0	3
0	2
0	2
0	0
1	2479
1	271
0	2340
0	970
8	404
23	1522
0	2001
0	1669
9	86
0	118
232	0
0	20
0	24
0	19
0	20
0	24
0	23
121	15
0	7
0	1
0	3
0	5
0	557
0	548
2	225
198	221
0	160
1	109
1	100
9	29
0	596
4	574
0	604
0	561
8	605
3	535
0	59
0	42
0	175
1	270
0	153
0	66
4	110
0	91
0	61
0	54
0	100
0	96
0	103
2	66
0	42
0	75
0	66
0	750
0	731
0	27
0	740
0	581
0	132
0	757
0	723
0	766
0	768
0	551
0	703
0	552
0	125
0	175
0	39
0	262
7	262
0	18
3	262
43	20
0	20
0	452
0	71
0	457
0	441
0	461
1	439
0	447
0	447
151	473
0	31
0	449
0	462
1	44
0	211
0	153
2	16
0	454
0	454
0	128
0	440
0	51
0	456
0	105
0	233
0	377
0	451
0	2
2	16
1	414
0	39
0	330
7	410
4	306
1	381
0	45
17	230
3	104
0	335
0	284
0	60
0	359
15	298
0	53
0	56
0	30
11	118
4	23
0	45
0	47
0	0
2	2
0	2
0	2
0	1
7	26
0	26
0	26
0	24
0	26
0	0
1	17
0	17
0	6
0	4
1	0
0	12722
0	12697
0	1281
0	436
0	1069
0	1338
0	799
0	0
0	0
0	40
0	37
0	30
0	24
0	29
0	4
0	19
1	41
0	39
0	28
0	28
0	23
0	40
0	29
0	39
0	39
0	2
1	30
0	4
0	37
1	14
0	39
0	32
0	28
0	28
0	29
0	23
0	34
0	30
0	18
0	18
0	31
0	14
0	8
0	17
0	1850
0	1805
7	1391
0	1294
0	1200
0	0
0	0
0	101
2	131
0	166
0	214
86	260
20	139
0	221
0	182
0	207
2	123
0	77
10	154
0	153
0	64
0	116
0	110
0	37
0	68
0	58
4	3
0	2
0	3
0	2
0	1
0	0
0	0
0	0
0	0
0	0
0	2
0	0
0	1
0	0
0	0
0	0
0	0
0	0
0	0
0	0
0	134
0	5
28	139
0	82
0	113
0	10
0	99
3	68
0	2
66	46
0	43
0	4
0	12
0	13
0	10
2	427
0	306
0	524
0	408
0	175
15	169
0	12
2	26
0	284
0	411
0	181
891	1541
0	255
0	80
13	98
0	32
0	546
0	1560
0	160
3	233
3	306
0	108
0	367
0	125
0	250
0	191
0	311
11	240
0	240
0	423
0	270
85	1437
1	0
0	75
3	111
2	121
3	72
7	94
3	216
0	0
0	0
3	85
1	306
0	217
0	270
0	231
8	188
8	204
0	190
0	221
0	284
0	301
9	98
0	232
0	272
0	207
0	125
0	93
3	19
0	75
0	36
14	41
7	28
1	68
36	1
8	1
0	67
0	79
0	52
0	1
23	6
3	42
2	40
0	0
0	54
1	152
0	155
0	116
12	53
0	47
0	27
1	5
0	165
0	471
1	145
0	245
0	390
0	417
0	244
10	352
0	374
0	454
0	473
8	385
0	149
9	138
15	106
2	0
0	0
0	501
8	434
0	310
3	423
4	500
1	515
0	156
3	0
0	13
0	3
0	11
0	13
0	0
0	0
0	2
0	11
0	12
0	10
0	0
0	4
0	0
0	0
0	7
0	341
22	0
1	153
0	1062
26	154
0	535
0	947
2	653
0	115
0	561
0	36
0	410
0	938
0	423
14	463
1	410
0	22
0	21
0	34
0	35
0	3
0	12
0	8
0	9
1	1
0	1
0	1
0	0
0	1
0	1
13	262
0	365
0	461
0	484
0	467
0	503
0	476
2	535
0	516
3	465
0	352
0	431
0	410
0	456
0	465
0	401
1	378
0	59
0	337
0	166
0	358
3	31
3	249
26	161
0	153
0	262
2	222
1	220
0	249
0	116
3	207
0	99
0	122
0	128
0	65
0	2510
1	1562
0	511
0	532
6	133
0	0
0	406
0	575
0	1518
16	336
162	2328
0	157
0	392
0	546
2	166
2	181
0	2504
0	1319
0	2499
2	0
0	0
0	0
0	0
0	0
0	0
0	0
0	0
1	313
0	1900
0	1973
0	2132
2	1926
2	0
0	1184
1	2116
1	251
0	1082
0	1314
0	815
0	639
0	470
1	572
0	788
1	429
613	0
565	867
0	285
3	302
1	273
0	141
0	2381
0	390
0	203
0	158
0	600
3	575
0	2037
0	337
0	16
0	1405
0	226
0	606
0	13
3	295
0	206
2	353
0	502
1	500
0	334
3	466
0	462
0	340
2	362
0	410
0	455
0	470
0	466
2	408
0	361
0	331
0	328
0	327
0	276
6	173
2	85
0	174
0	174
0	139
0	115
0	113
0	0
0	0
0	0
370	148
1	148
693	0
0	855
27	909
0	209
1	161
45	0
1	16
8	16
20	955
2	853
2	870
0	592
3	245
0	101
9	0
0	0
0	0
299	1034
41	969
0	862
5	0
8	719
34	719
2	547
1	219
0	478
0	931
105	956
4	589
0	266
0	545
0	834
0	306
0	292
0	89
0	147
0	285
1	145
4	547
0	542
0	535
3	396
0	248
0	32
0	36
0	59
0	50
0	47
1	40
0	40
1	7
0	1
0	1
0	0
0	32
61	82
2	63
0	7
0	18
0	7
1	2
0	17
3	0
0	0
0	0
0	0
0	112
0	74
0	695
0	738
8	692
152	712
0	692
0	776
0	96
0	90
0	75
0	45
0	67
0	80
26	69
0	79
0	70
4	28
0	1485
0	188
0	25
5	48
1	34
9	149
0	90
0	20
4	18
20	1501
12	0
1388	0
0	23
38	23
0	10
87	453
2	453
2	58
1	4
2	8
0	79
0	51
0	13
0	8
533	51
1	48
2	33
4	18
84	32
5	366
5	372
0	34
2	22
0	30
4	28
8	4109
178	445
407	5058
21	871
18	1851
12	430
0	591
3	797
0	279
171	257
701	5148
159	4818
5	1636
1	529
44	2854
0	964
0	580
0	356
0	82
0	506
0	438
53	275
0	412
0	373
0	110
1	149
0	142
0	86
1	134
0	141
0	77
0	72
0	112
0	112
0	112
0	92
0	59
0	49
0	1
0	1
0	1
0	0
0	0
0	0
3	413
0	180
0	137
0	184
0	163
0	219
0	283
3	817
0	863
0	857
0	879
0	830
2	843
0	171
2	136
0	822
1	861
2	823
0	832
2	31
2	907
0	871
4	42
0	173
0	211
3	225
0	74
0	531
0	143
0	154
1	478
12	403
0	370
0	374
2	303
0	303
0	285
0	284
0	268
0	270
3	56
0	186
0	702
0	501
4	117
0	459
0	704
2	461
0	442
0	501
0	501
0	457
0	600
0	162
0	128
5	130
0	0
0	0
0	0
0	0
0	0
0	0
0	0
0	0
0	0
0	0
0	0
0	0
0	8
0	50
0	45
4	42
0	52
0	13
3	10
0	6
0	52
0	2
0	2
0	1
0	0
1	1
0	0
0	1
0	1
0	0
0	0
0	1
0	11
2	65
1	62
0	56
156	665
1	634
2	177
3	110
1	31
195	467
0	473
0	484
0	478
0	83
0	133
2	68
10	35
0	0
1089	173
0	173
0	513
0	549
0	178
0	334
13	103
2	586
2	1407
1	1387
0	1439
0	403
2	1
0	91
0	467
0	143
0	583
0	582
0	53
0	53
0	105
0	39
0	35
0	35
0	53
0	105
0	622
0	556
0	639
0	627
0	614
0	574
0	626
0	618
0	204
1	617
0	576
0	600
0	601
0	615
2	556
0	26
0	471
0	492
0	483
0	470
15	24
0	10
0	40
0	25
0	251
0	47
0	198
0	1
1	190
4	296
0	286
0	86
26	151
4	82
0	36
1	48
0	33
0	29
0	18
112	285
0	269
0	10
4	41
3	38
0	33
0	24
1	48
1	420
2	200
4	190
1	393
0	432
19	202
1	304
0	351
0	108
0	76
0	76
5	2
20	0
3	48
0	71
0	61
1	28
0	38
0	52
0	48
2	38
0	41
0	0
0	1418
40	830
15	908
0	1471
0	1492
7	230
0	286
8	200
0	269
0	102
0	205
1	145
0	111
0	45
0	107
0	13
0	9
0	9
0	13
0	9
0	9
0	13
0	13
0	9
0	13
0	2
680	0
0	2
1	2
3	2
1	19
2	59
0	363
0	2
0	351
0	350
4	12
0	348
0	363
0	460
1	379
3	392
0	110
0	429
0	903
0	894
0	286
0	23
1	131
5	129
1	16
4	43
0	5
0	6
1	134
0	458
0	444
32	451
0	28
0	14
0	7
0	178
0	458
6	16022
255	11166
5	16215
8	16103
20	16076
4	14046
0	10
0	47
14	156
0	156
47	0
401	542
0	32
2	42
3	103
0	47
17	465
0	7
0	268
8	225
0	50
0	52
0	58
0	22
1	84
1	160
0	48
0	208
6	1936
0	1936
0	1471
2	90
0	192
0	651
0	626
0	626
3	6
3	0
0	3594
0	251
0	2144
0	2568
0	2231
0	3474
0	248
0	2121
0	2406
0	3523
0	2527
35	509
0	130
66	1433
3	195
4	2240
3	195
12	185
0	466
0	166
2	516
39	309
0	91
0	274
0	301
0	314
0	100
0	96
0	95
0	85
0	68
0	68
31	811
0	823
0	764
82	731
40	662
8	473
5	888
11	890
1	401
0	320
5	67
23	76
0	68
7	21
0	74
0	100
0	4
3	0
1	922
154	957
25	87
1	907
0	7
0	7
0	7
0	6
0	7
0	6
0	3
0	0
0	0
0	0
0	0
0	0
0	0
0	0
0	0
0	0
113	689
0	223
0	298
1	375
0	406
2	468
0	266
8	136
0	529
0	306
0	1284
0	598
0	42
0	24
0	36
0	41
0	56
0	56
1621	461
2	130
21	172
4	117
13	285
0	0
0	0
0	0
0	0
0	0
0	0
0	0
2	318
0	127
0	558
0	549
0	652
0	751
0	611
0	669
0	530
0	599
0	559
0	538
0	531
0	550
0	631
0	527
0	535
0	548
0	525
0	262
0	319
0	505
6	200
0	519
0	490
0	512
0	158
0	92
0	196
0	454
0	410
0	481
0	404
0	447
0	580
0	385
1	153
0	142
0	86
0	344
0	294
0	495
0	355
0	185
0	23
0	18
10	21
0	13
7	55
0	55
0	1487
0	1487
3	464
3	28
1	94
0	1487
0	37
0	101
0	74
0	64
18	90
0	379
0	376
0	378
0	156
0	365
8	48
0	203
0	206
0	113
0	148
0	147
0	126
1	23
7	43
0	43
0	17
0	368
6	466
0	513
0	921
1	0
88	455
6	359
0	365
0	365
1	44
9	32
1	5
0	1
0	0
0	2537
0	2565
10	2595
1	2267
0	2478
0	2473
0	2212
0	2307
0	1566
5	2027
0	2446
0	2435
0	1986
0	274
0	2257
3	2160
7	1813
0	1801
2	2210
0	108
0	175
0	168
0	262
0	1974
4	106
0	323
0	206
0	4
0	927
0	2512
0	2509
0	0
0	0
0	0
0	0
0	0
0	0
13	0
0	0
0	0
0	103
0	104
15	103
0	16
1	9
0	5
1	153
2	83
0	95
0	95
0	56
0	91
0	25
4	82
1	38
0	38
0	1
0	9
0	7
6	61
0	20
0	11
0	13
1	16
0	16
2	548
0	109
0	1912
0	1875
0	1032
0	103
7	1995
0	1859
0	1424
0	1414
0	632
0	416
0	168
0	348
0	0
0	0
0	0
0	0
0	51
25	51
13	287
1	253
0	354
0	226
0	250
0	246
0	246
0	258
1	259
0	171
0	99
0	56
0	101
0	60
15	81
0	81
0	55
0	96
14	47
0	27
0	24
0	0
0	0
0	0
0	0
0	0
0	0
0	0
0	0
0	0
0	0
1	2
10	2
0	1
6	1
0	13
0	212
597	238
11	37
0	184
0	142
0	178
1	140
1	178
0	116
0	44
1	10
5	18
0	17
3	23
2	9
2	12
0	17
0	37
0	30
0	35
0	34
0	16
0	142
0	0
591	0
0	3
0	0
0	0
0	0
0	2
1	0
345	131
4	109
0	5
21	21
11	8
0	317
0	323
1	296
1	292
0	306
0	152
0	16
0	14
0	91
1	184
273	1772
0	287
14	179
9	293
0	213
0	239
14	158
1	244
0	48
0	332
0	300
3	422
4	424
0	306
0	43
0	31
0	41
3	42
0	43
0	0
0	0
2	244
0	0
4	251
41	27
153	253
0	668
5	719
20	29
0	680
1	336
0	22
0	42
0	721
1	13
136	35
6	6
9	713
0	24
77	1924
0	3527
0	1883
0	3453
45	3370
0	576
20	120
0	22
0	535
0	522
2	120
0	463
0	392
0	129
0	459
0	74
0	40
1	385
0	379
0	276
0	93
0	121
0	541
0	484
0	394
0	456
0	168
2	167
1	112
0	2276
0	2306
0	2235
0	430
6	485
54	298
0	314
0	548
0	2285
4	148
0	201
0	274
0	91
0	51
9	104
35	200
21	2221
0	332
0	0
0	3
0	3
0	3
0	2
0	0
0	0
0	0
0	52
105	58
1	58
0	188
0	178
0	172
3	19
0	32
1	69
0	67
0	109
1	108
0	9
14	6
12	47
0	64
5	55
6	8
0	6
0	2
5	0
2	3
0	2
0	3
0	2
0	0
0	0
0	0
0	0
0	0
0	0
0	0
43	22
0	16
0	0
7	12
0	9
0	12
0	22
0	6
0	6
0	6
0	0
2	26
0	828
3	14
0	36
0	35
0	807
0	58
0	25
0	9
0	78
0	806
0	0
0	0
0	0
0	0
0	0
0	0
0	0
0	78
0	5
0	103
0	102
0	100
0	56
5	13
0	100
4	9
0	514
7	4
0	80
0	500
0	9
0	27
0	26
0	100
3	520
0	506
0	107
240	4214
0	4173
0	4099
0	133
0	161
1	266
0	427
3	233
13	110
2	568
0	161
10	493
0	399
1	182
2	106
3	98
0	608
0	646
0	572
0	724
1	636
0	0
0	0
0	0
0	0
0	932
0	963
7	932
0	857
0	610
0	655
0	564
0	587
11	371
0	481
0	438
1	304
2	354
1	87
0	236
0	127
2	0
0	113
0	164
0	118
0	103
0	139
0	117
0	0
0	0
0	0
0	0
0	0
0	0
0	0
0	0
0	0
0	0
0	0
0	0
0	0
0	0
0	0
0	1
0	5
0	12
0	14
0	14
0	6
0	1
0	0
0	0
0	0
0	9
1	7
0	8
2	11
0	3
2	4
0	0
0	0
0	0
0	0
3	1
0	0
0	0
0	4861
1	293
0	2640
0	312
0	218
0	136
0	288
0	360
0	477
0	481
0	314
1	483
0	600
0	406
0	415
0	3448
0	4902
0	4861
0	2422
0	4757
0	76
0	111
0	230
20	702
88	258
4	1303
0	721
0	725
0	740
0	478
0	681
0	638
0	646
0	733
0	14
0	14
0	20
0	19
0	21
0	11
51	11304
0	11317
0	7821
0	7727
2	4974
6	8655
7	10536
13	8628
10	1321
1	4229
0	6439
0	6395
0	5563
0	5473
0	2179
0	5479
0	0
0	0
0	0
0	0
0	0
0	564
0	564
0	564
0	242
0	368
0	278
0	255
0	7
0	1
0	0
0	0
0	0
0	0
0	0
0	0
0	0
0	0
0	0
0	0
0	564
0	564
1	2192
0	280
0	353
0	58
286	2258
17	10
6	1219
0	93
1	144
0	366
0	273
0	326
0	171
0	145
0	158
0	170
14	121
0	59
24	12
0	0
0	0
0	0
0	0
0	3204
276	3204
5	36
8	83
4	83
1	99
10	227
12	121
14	298
6	91
28	380
6	64
0	0
0	0
0	0
0	0
1	82
96	550
0	31
0	32
0	59
2	483
0	161
31	671
0	577
0	345
5	671
0	257
0	60
4	217
0	19
0	38
0	6
11	7
0	0
0	0
0	0
0	0
0	0
0	0
0	0
0	0
1	3
0	8
0	2
0	2
0	8
0	0
0	0
0	1
0	2
0	2
0	2
0	0
0	0
0	0
0	1
0	0
0	33
0	1
0	1056
0	1065
1	667
1	233
0	912
2	414
0	563
1	832
1	967
1	1067
0	1021
0	1065
0	789
0	734
0	673
2	318
2	169
0	569
0	319
0	511
0	0
0	0
0	0
0	0
0	0
0	1027
13	1048
0	231
0	483
2	34
0	488
2	33
4	26
2	34
0	1033
0	0
0	0
7	0
0	0
0	0
0	0
0	0
0	0
0	0
0	286
0	118
0	238
0	230
0	0
0	0
0	0
0	0
0	0
0	0
0	0
0	0
0	0
0	0
0	1
0	0
0	0
0	0
0	3
113	241
2	36
0	234
202	228
5	44
0	130
0	137
0	16
116	38
0	16
0	24
0	1
1	0
0	1
0	0
0	1
0	287
0	288
0	116
0	59
0	189
0	300
0	269
0	374
0	671
1	733
0	374
1	627
0	502
2	569
0	302
10	466
17	281
0	342
0	275
0	114
12	376
0	387
0	274
0	39
2	320
0	237
23	45
0	198
0	103
0	163
29	190
0	112
0	161
0	953
0	209
0	913
1	28
0	174
4	89
3	108
1	94
2	110
3	207
1	141
0	46
0	143
5	101
0	83
0	0
0	4629
0	5309
0	4805
0	4720
18	4416
3	4873
0	5194
0	802
0	623
1	3281
13	964
12	254
0	1048
69	978
12	485
0	469
3	453
0	269
99	419
0	140
0	371
15	6
0	17
3	17
0	1133
0	948
0	158
0	137
0	225
1	16
5	10
0	131
0	100
0	97
0	94
3	31
0	58
0	16
0	13
0	45
4	21
0	20
1	1225
170	0
2112	616
0	595
3	579
0	205
0	822
5	10405
12	609
0	9941
1	1023
0	9941
2	456
7	1018
0	1125
8	466
0	0
1	442
0	553
0	61
0	131
1	49
0	49
0	51
1	553
3	60
1	25
13	54
0	40
0	60
1	61
11	60
0	555
0	986
0	900
7	976
1	4
0	91
0	4
0	974
1	3
0	983
1	8
0	221
8	874
0	5
10	36
0	6
0	105
0	836
0	38
0	19
4	36
0	44
3	101
1	101
10	3660
0	3754
3	1189
25	3758
0	264
0	164
27	127
1	186
2	115
0	227
1	322
8	14
0	112
1	124
0	137
0	103
0	46
0	2766
0	2186
0	0
0	0
0	0
0	0
0	0
0	0
0	0
0	112
1	110
0	82
0	34
0	4
0	5
362	214
1	214
0	129
0	149
0	61
0	19
0	23
0	0
1	27
0	0
0	756
0	0
0	747
0	751
0	760
1	714
1	42
0	12
0	29
0	16
0	28
0	15
0	11
0	9
0	1
0	0
1	9
1	2
0	17
0	69
19	69
0	64
0	0
0	0
0	0
0	0
0	0
0	0
0	0
0	0
0	0
0	0
0	0
1	99
120	125
8	66
1	81
0	0
0	0
0	0
0	0
0	0
0	1627
0	1628
0	1628
4	1371
1	1286
0	974
1	841
2	240
62	401
4	191
0	206
11	143
1	93
2	63
1	131
0	216
0	2
0	232
13	561
0	78
0	251
0	219
3	552
0	484
1	460
0	458
0	450
0	427
0	354
0	324
0	44
0	239
0	139
15	264
0	249
0	272
0	61
0	181
0	45
0	107
0	14
0	50
0	46
1	113
0	51
0	32
0	140
0	71
3	46
0	163
0	38
0	0
0	0
0	0
8	753
0	719
0	451
0	416
1	221
0	323
0	467
1	37
0	539
0	519
6	230
3	473
0	573
0	539
2	441
0	301
32	42
0	264
0	192
0	18
0	26
0	7
7	6
0	18
0	18
0	19
0	19
0	19
1	22
0	22
3	0
0	114
0	122
0	102
0	122
0	103
0	17
1	19
0	19
1	12
0	7
1	7
0	0
0	0
0	0
0	0
0	0
0	124
0	0
0	0
0	0
0	1
0	0
0	1
0	0
0	1
0	0
0	0
0	0
0	0
0	0
0	0
0	1
0	2346
0	2352
21	2302
1	2294
5	2378
1	250
0	1385
0	1331
0	1264
1	1003
0	1021
21	83
1	54
0	80
0	1
0	2324
0	1756
17	1793
0	390
0	1020
0	103
4	53
17	108
4	193
2	124
0	78
0	1788
0	210
0	184
4	60
0	224
0	74
0	62
0	49
0	58
0	190
0	196
0	83
0	1505
0	2239
0	2231
0	556
0	1840
0	331
256	16590
50	4211
5	16308
10	16317
0	16315
1	16272
12	16340
13	15348
15	568
4	109
0	298
2	330
0	760
0	1562
7	1189
0	832
3	569
0	168
15	290
0	147
0	76
0	107
1	334
11	695
0	491
0	717
0	695
0	604
4	254
201	426
0	344
2	3
0	0
54	224
0	75
0	199
0	130
0	24
0	2
0	534
6	777
0	23
0	275
0	538
0	563
2	299
8	89
0	456
0	100
1	75
1	73
0	146
4	43
0	733
0	587
0	44
0	40
0	44
2	20
0	22
0	27
0	29
0	44
0	16
0	46
0	44
0	0
0	0
0	0
0	0
0	0
0	0
1	24
5	21
0	26
119	95
6	98
2	11
0	18
0	27
2	197
6	598
0	610
2	7
4	557
0	629
0	526
0	489
0	596
3	181
0	177
0	54
4	40
0	610
0	38
0	8
0	6
0	2
1	109
0	110
0	103
0	0
9	380
0	379
1	331
5	57
0	19
0	1
0	1
0	1
0	1
0	0
0	1
0	215
278	902
51	54
0	308
0	98
2	280
1	408
0	693
0	104
0	319
0	223
39	209
0	286
0	302
1	63
11	423
12	173
0	186
10	55
0	18
0	3
0	6
0	186
0	190
0	186
2	929
2	929
6	9
360	112
0	51
0	18
1	48
0	35
0	30
0	30
0	28
0	5
0	20
0	14
0	20
0	20
0	25
0	20
0	25
0	2
0	1
0	2
0	0
0	4
0	6
0	3
0	3
0	1
0	1
1	5
0	5
0	0
0	0
0	5
0	17
0	24
0	3789
35	3700
153	3479
1	886
16	806
1	262
52	204
0	25
0	14
0	14
9	25
0	11
0	25
0	12
0	10
0	18
0	10
0	13
0	11
0	12
0	13
0	14
0	14
0	5
0	6
0	4
0	10
0	4
0	9
0	5
0	6
0	6
0	11
0	6
0	3
0	0
2	21
0	21
1	4
0	16
0	20
0	3
0	0
0	1
0	1
0	5
0	0
0	5
0	5
0	0
0	0
712	114
6	114
0	50
0	1
0	1
0	1
2	1
0	1
0	1
0	0
0	0
0	0
0	0
0	0
0	0
0	0
0	0
0	0
0	0
0	0
2	176
0	185
0	189
0	184
0	158
0	131
0	116
1	1
0	23
2	7
0	10
0	0
0	0
0	0
0	0
0	0
0	0
0	0
0	0
0	0
0	0
0	0
0	0
0	0
0	0
0	0
0	0
0	0
0	0
0	0
0	0
0	0
0	0
0	0
0	0
0	0
0	0
0	0
0	0
0	0
0	0
0	0
0	0
0	0
0	0
0	0
0	0
0	0
0	0
0	2
0	0
0	0
0	0
0	0
0	0
0	0
0	0
0	0
0	0
0	0
0	0
0	0
0	0
0	0
0	0
0	0
0	0
0	0
0	0
0	0
0	0
0	0
0	0
1	0
0	0
0	0
0	0
0	0
0	0
0	0
0	477
22	350
0	32
1	31
0	32
0	31
0	1
0	1
0	0
0	0
0	0
0	0
0	1
0	1
0	1
0	1
0	0
0	1
0	1
0	0
0	1
0	1
0	0
0	90
0	109
3	127
0	115
0	128
0	28
0	33
0	19
0	2
0	1065
18	1835
0	630
0	1401
0	1800
0	1793
1	747
9	1121
0	1816
1	1753
1	1683
0	616
0	1055
0	1728
0	1766
0	694
0	1666
0	626
0	731
0	1627
0	1717
0	1808
0	581
0	1827
0	1785
0	1741
0	1730
0	1750
0	1708
0	1543
0	250
0	880
0	214
0	202
0	1053
0	118
0	861
2	152
8	654
0	656
32	294
0	145
0	246
0	590
2	367
4	501
0	585
3	217
0	444
19	49
0	283
0	580
0	199
1	82
1	38
79	38
0	76
0	77
6	31
0	0
0	0
0	2
0	2
0	1
2	5
31	627
0	418
0	405
0	537
0	27
5	69
12	142
1	218
1	593
0	207
0	227
0	424
0	338
2	411
0	53
1	1
1	6
0	1797
5	0
2	1756
0	45
14	1743
1	1064
6	1276
0	1236
0	775
0	743
52	430
0	712
0	774
0	781
1	80
0	65
0	201
3	8
70	310
0	122
0	117
2	126
4	128
0	99
0	841
0	14
0	14
0	11
0	11
22	298
7	307
0	318
6	318
0	310
0	310
0	311
0	294
0	225
0	29
1	10
0	12
0	0
0	0
1	0
0	1052
1	954
0	1077
10	828
0	142
0	732
0	86
0	93
0	38
0	86
5	117
0	87
0	180
0	449
0	355
0	79
0	93
0	84
2	66
0	83
0	67
0	38
0	45
1	6
0	0
0	10
1	37
0	0
0	1
0	0
0	0
0	0
0	0
0	0
0	2
0	2
0	2
0	0
0	2
0	1
0	2
0	2
0	1
0	2
0	0
0	2
0	0
0	2
0	21
2	17
0	8
0	6
0	7
0	6
0	17
0	7
0	7
0	0
0	0
0	0
0	0
0	7
0	7
0	7
0	7
0	6
0	7
0	7
0	5
0	132
1	40
1	137
0	383
0	1161
1	1132
0	383
15	240
0	147
3	83
0	23
1	6
0	21
0	37
0	7
0	114
0	142
0	32
1	35
0	0
0	130
0	30
2	35
0	144
20	0
0	35
0	28
0	35
0	140
0	21
0	13
0	36
1	26
3	0
2	45
0	157
0	141
0	155
0	16860
6	203
0	219
16	57
0	60
0	212
0	31
0	93
0	146
0	32
0	26
0	11
3	218
0	13
3	65
0	321
6000	1612
2	521
0	0
0	0
2	137
1	60
0	354
0	18
3	1
0	800
0	370
0	289
0	204
0	204
0	22
0	23
0	21
0	21
0	0
0	22
0	23
0	108
2	197
0	154
0	146
0	149
0	60
0	142
0	96
0	138
0	106
0	103
0	20
0	20
0	99
0	20
0	55
0	1
0	1
0	1
0	0
0	1
0	0
0	1
0	1
0	1
0	0
0	0
0	0
0	1
0	1
0	1
0	1
0	1
0	1
0	1
0	0
0	1
0	1
0	0
0	3236
0	1973
3	2955
15	2956
17	2945
0	3225
0	2009
1	0
0	0
0	3
0	1
0	1
0	1
0	1
0	3
0	0
0	1
0	1
0	1
0	1
0	1
0	1
0	0
0	0
0	0
0	0
0	0
0	0
0	0
0	0
0	0
0	0
0	0
0	0
369	55
1	49
7	46
12	7
0	529
0	536
0	0
0	0
0	0
0	0
0	0
0	0
0	0
0	0
0	1
0	1
0	1
0	479
0	16
5	16
0	2761
19	260
0	2758
9	539
0	1574
2	1170
54	1264
0	594
1	210
0	2761
0	4648
0	4276
0	4079
0	144
0	447
0	811
0	224
0	4645
0	4278
0	1507
0	0
0	0
0	0
0	0
0	0
0	0
0	8
11	0
6	16
5	16
0	0
0	0
0	0
0	0
0	0
1	0
0	0
0	99
0	5
4	101
0	94
0	9
0	101
0	99
0	94
0	7
0	11
0	71
0	4
0	6
0	17
0	30
0	24
1117	963
4	599
3	873
5	886
4	562
5	623
0	514
2	590
0	382
0	131
0	25
0	25
0	22
0	9
1	3
2	0
1	1
0	1
0	269
1	1
0	173
0	860
1082	890
0	153
0	635
0	635
1	38
10	296
0	428
0	286
0	510
0	722
3	1245
3	1242
0	1277
0	187
0	451
0	434
1	240
18	394
3	548
0	141
0	417
0	126
0	102
3	134
0	50
124	0
0	5687
0	5557
0	5361
0	5322
0	5593
1	5196
0	5663
1	5663
0	3620
0	5166
1	5405
0	5177
0	5562
0	1445
1	1328
0	3422
0	5398
0	5551
2	1139
0	1369
3	829
0	4838
0	862
0	4515
10	1140
2	3981
0	525
0	1380
0	1143
0	497
2	1062
1	1058
0	1276
0	24
2	898
0	1751
0	1809
0	1049
0	813
0	505
0	1044
0	1120
0	620
0	270
0	500
1	882
0	882
4	831
0	824
19	194
0	206
0	860
0	87
0	97
1	662
38	684
0	71
0	641
29	605
0	380
0	559
4	519
0	557
60	263
0	223
0	227
1	225
4	226
0	223
2	213
0	218
0	218
12	168
0	170
0	192
0	227
0	228
0	209
0	254
5	5
3	120
0	197
0	155
1	118
7	169
9	118
0	47
0	16
0	74
0	61
0	47
7	56
0	22
0	38
0	48
6	14
0	14
0	0
0	0
2	7804
35	561
0	546
12	8
27	293
16	116
22	287
0	865
0	794
0	825
7	57
28	424
0	179
0	79
6	104
0	474
0	475
1	7
0	1
0	6
0	13
0	10
0	1
0	7
0	5
0	0
0	3
0	1
0	1
0	0
0	1
0	1
0	1337
0	1329
0	1211
0	1158
0	2110
0	2103
0	466
0	1434
3	468
3	1513
1	608
1	655
5	450
1	416
0	482
3	6
0	11
0	9
0	43
0	43
0	4
0	39
1	0
0	0
0	0
816	135
0	135
1	215
292	371
1	310
0	371
0	284
0	85
0	164
0	35
0	49
0	52
0	18
0	22
0	33
0	29
0	29
0	39
0	42
0	39
0	23
0	21
0	435
0	521
1	672
0	505
0	511
0	428
0	546
0	500
0	494
0	473
0	463
0	437
0	482
6	185
0	457
0	165
0	150
1	6
0	118
0	76
0	160
0	90
0	67
0	79
0	79
0	140
0	94
0	69
0	79
0	107
0	136
0	125
1	114
0	146
0	129
1	147
0	131
0	117
1	102
1	131
0	4
0	93
1	30
0	318
0	130
2	66
5	64
16	456
0	267
9	67
11	62
6	348
9	349
0	351
0	260
0	1
0	1
0	0
0	157
0	0
97	902
176	891
0	499
5	127
0	197
1	181
0	0
0	0
0	262
2	3
0	10
0	262
0	7
0	13
0	101
0	254
0	256
0	46
0	91
0	244
0	77
0	7
0	53
0	15
1	622
0	390
0	614
4	93
0	325
0	624
0	290
5	567
4	55
5	221
0	252
2	41
0	212
1	211
0	186
1	185
8	39
2	67
2	20
0	78
4	5
1	31
0	1542
0	13
0	2048
1	2039
154	1966
0	691
10	2040
2	622
0	0
8	216
0	211
1	207
1	37
0	28
5	27
0	5
0	0
0	0
0	0
0	0
0	0
0	0
0	0
0	0
0	0
691	599
0	605
0	496
0	297
0	76
1	66
0	140
0	47
0	10
0	11
0	29
0	40
65	94
0	42
0	44
0	10
0	21
0	0
14	23
0	23
1	21
0	2
1	28
0	19
1	13
3	7
21	3
11	4
0	150
1	146
0	150
4	103
1	47
0	43
0	100
0	100
2	110
0	0
0	0
1382	641
2	98
2	452
8	207
10	88
0	0
0	0
0	0
0	0
0	0
0	0
0	0
3	25
250	345
0	319
0	5
0	0
8	42
0	133
0	100
0	77
0	31
0	27
0	154
0	123
1	66
463	657
8	354
4	657
4	104
0	168
0	123
0	125
0	1
0	1
1	347
27	88
14	83
0	504
1	432
13	487
35	430
0	240
0	438
0	223
2	131
4	126
0	2
0	2
0	0
0	1
0	0
0	1
0	1
0	2503
0	234
0	2388
0	2461
0	2442
0	2451
0	325
1	2519
1	2533
0	2439
0	2620
0	2238
0	2555
0	2184
0	1728
0	2555
73	2394
0	152
0	2544
0	2472
0	63
0	2527
0	2534
0	2352
0	2478
0	2474
0	2446
0	2413
6	2358
0	2469
1	0
0	454
0	96
0	1922
0	2233
0	2181
0	2150
0	2196
0	2154
0	234
1	1913
0	477
0	258
0	883
8	450
0	1114
3	974
0	564
0	248
0	728
0	435
0	17
16	674
0	1554
2	1555
14	1568
0	207
0	126
28	233
3	265
16	335
5	325
18	139
0	374
0	256
0	259
0	248
0	257
0	60
0	151
0	98
0	46
0	82
2	74
0	71
0	49
0	61
3	31
0	51
0	32
2	27
0	27
0	18
0	10
0	5
0	524
0	532
0	462
0	403
0	142
0	67
0	69
11	43
0	18
0	0
0	0
0	0
0	0
0	0
0	0
0	0
0	0
0	0
0	0
0	0
0	0
0	1170
0	0
0	0
0	0
0	0
0	0
0	0
0	0
0	0
0	0
0	0
0	0
0	0
0	0
10	83
0	0
0	0
0	1
0	0
1	0
52	4141
0	4140
0	3753
0	352
0	0
0	4140
0	4134
0	4140
0	251
0	384
0	410
0	302
0	184
1	12
0	1
7	126
0	131
0	162
0	160
0	13
3	6
0	1467
0	465
0	0
2	32
5	41
0	134
2	131
1	0
0	18
0	13
0	10
0	74
0	11
0	56
0	65
0	73
0	15
0	26
0	15
0	20
4	7
0	9
1	8
28	28
0	17
5	25
0	11
25	49
7	47
0	48
0	9
3	2
56	106
0	97
0	88
1	57
1	4
3	40
0	27
0	0
15	162
3	162
0	162
0	10
0	0
0	30
0	109
0	30
0	39
1	12
0	111
0	167
0	167
0	90
0	89
0	22
0	56
0	30
0	8
0	0
0	0
0	167
0	26
55	88
0	26
4	12
7	152
0	11
2	0
0	939
0	145
0	1468
0	130
0	1468
0	375
12	543
18	437
0	39
0	141
0	333
0	336
0	26
0	290
0	75
0	50
0	85
0	86
0	235
0	48
6	263
3	44
0	31
2	43
0	1029
0	984
4	611
0	996
0	888
0	1016
0	1358
0	565
0	564
0	499
0	362
0	308
0	220
0	211
1	37
0	198
0	200
0	240
0	227
0	221
0	50
0	126
0	219
0	236
0	178
0	217
0	213
0	223
0	230
0	213
0	239
0	242
0	217
0	217
0	240
0	196
0	216
0	174
0	210
0	186
0	219
1	116
2	95
0	68
7	40
0	21
0	43
0	70
0	37
0	59
0	49
0	42
0	24
0	28
0	17
0	33
0	0
0	23
1	27
0	0
0	9
0	6
0	18
0	8
0	8
0	9
0	6
0	14
0	6
0	0
0	2
1	2
0	3
0	0
0	7
0	0
0	5
0	5
0	0
0	1
0	7
1	8
0	539
0	530
0	19
0	45
0	76
51	334
0	31
0	22
30	45
0	12
0	40
0	43
1	209
1	21
3	6
2	17
7	25
2	35
3	30
6	51
0	115
0	0
1	14
0	62
14	10
0	7
1	3
0	3
0	3
0	1
0	3
0	2
0	3
0	3
0	3
0	1
0	3
0	3
0	3
5	294
0	802
0	722
0	680
0	658
0	664
0	675
0	678
0	662
0	644
0	722
0	671
0	705
5	746
20	723
0	705
0	358
0	48
0	81
1	116
0	0
1	273
0	267
0	148
0	207
0	158
20	127
0	129
0	99
0	97
0	41
0	33
0	65
60	74
2	37
0	54
0	42
1	50
0	46
0	39
0	35
0	40
0	4
0	0
0	1
0	1
0	3
0	1
1	1
0	0
1	0
0	0
0	0
0	4
0	2
0	0
0	0
15	148
0	394
0	105
0	394
0	264
1	259
6	266
1	385
0	304
0	0
0	0
0	0
0	0
0	0
0	0
0	0
0	0
0	0
0	0
3	0
0	384
0	275
0	268
0	0
0	0
0	0
0	0
1	0
0	3
0	3
0	1
0	1
0	1
2156	1220
31	1001
0	562
2	159
0	491
1	55
0	0
0	190
0	361
0	133
0	176
0	205
0	799
2	795
0	794
2	309
0	120
0	589
0	888
0	411
0	873
0	388
0	366
3	38
11	33
2	26
4	49
3	61
0	0
0	0
0	1
0	6
0	54
2	36
0	32
0	34
0	61
0	1
0	49
2	22
0	24
0	10
1	17
0	16
0	102
5	37
55	287
3	266
0	106
3	156
9	93
0	105
0	112
4	205
0	255
1	100
2	542
0	543
0	547
0	552
0	549
6	543
0	557
0	529
0	541
13	515
7	294
0	7
0	41
0	298
1	550
0	533
0	529
0	563
0	529
0	9
0	291
0	452
0	486
0	557
0	515
0	555
1	228
0	29
0	532
0	28
0	2
0	21
0	9
0	530
0	59
0	501
0	5
0	9
0	66
0	64
0	235
0	29
1	29
0	29
0	29
0	55
0	12
0	14
0	20
0	1
0	20
0	29
0	21
0	45
0	19
0	27
0	36
0	3
0	26
0	30
0	49
0	144
0	0
2	47
0	266
0	32
0	30
0	0
0	144
0	144
0	144
0	1544
0	1496
0	1394
0	1508
0	1477
0	1532
0	1513
0	1342
0	147
270	1664
0	1450
3	529
0	134
4	112
2	805
3	231
7	27
2	61
2	171
0	696
1	696
0	766
0	1123
0	601
0	1074
0	1082
0	563
0	651
0	579
0	1039
0	545
0	1049
0	1061
0	1071
0	813
1	720
5	696
1	631
0	667
0	618
0	601
0	628
2	639
0	92
0	477
0	320
2	336
0	108
0	68
3	184
1	124
0	190
2	44
3	18
9	4
0	1
0	4
0	2
1	115
1	237
0	266
0	216
1	237
0	258
0	252
0	252
0	264
0	252
0	250
0	150
0	133
0	130
0	149
0	149
2	171
0	99
0	26
0	5
0	27
0	27
78	68
0	67
0	2779
0	2781
0	2787
6	306
0	1331
71	599
2	789
38	474
0	592
0	414
0	376
0	460
0	428
0	293
2	202
2	230
0	224
0	332
0	326
0	318
0	208
0	187
0	196
0	160
0	190
2	129
597	0
23	47
0	41
0	18
0	0
0	0
0	0
2	4312
0	4511
0	181
0	398
0	4345
0	1803
1	4212
0	86
2	4378
1	264
0	2163
0	295
0	146
0	181
0	209
0	310
5	387
0	2696
0	246
27	367
9	336
2	349
0	345
1	146
3	110
0	157
1	122
0	135
0	105
6	96
0	84
5	162
0	160
5	1
0	159
0	34
0	6
0	16
4	142
0	169
0	32
2	20
0	38
0	351
0	53
1329	837
1	624
16	375
4	414
0	237
0	54
0	0
0	0
1	9751
0	13739
218	13824
1	2135
0	1600
3	9978
0	8348
25	1640
1	1222
1	7308
0	1763
0	1364
8	262
19	4990
177	4809
0	1407
76	688
0	668
3	121
0	306
0	272
3	362
0	121
6	62
1	117
83	2566
0	772
47	1750
1	2152
4	2376
0	2708
0	349
2	365
0	2707
0	353
1	494
2	315
1	86
0	0
418	199
0	138
0	138
0	9
0	91
1	104
0	102
12	0
1	104
0	105
0	104
0	214
0	0
0	0
0	0
0	0
0	0
0	0
0	0
0	254
2	199
2	105
1	333
1	104
1	124
0	104
0	86
1	878
4	902
0	386
0	364
0	286
0	76
0	155
0	26
0	146
0	722
30	768
1	35
69	79
0	8
0	3
0	4
0	8
6	142
70	68
1	118
18	15
0	294
43	295
0	295
7	63
1	121
1	135
0	49
0	40
0	25
0	8
3	35
0	35
2	29
2	13
0	12
0	2
1	5
0	1
4	1
0	142
1	160
413	429
0	407
165	52
6	22
0	621
2	607
35	506
6	335
11	431
0	10
0	10
0	14
0	14
0	312
0	21
0	20
0	10
0	27
0	27
0	293
1	700
3	27
0	683
0	407
0	365
0	397
0	275
0	5
0	176
0	120
2	66
0	15
0	0
1	70
216	307
0	93
1	136
0	880
3	10
559	2160
2	369
0	719
2	625
5	881
2	249
0	845
1	234
0	67
0	113
0	6
1	121
0	102
0	205
0	88
0	186
0	73
1	45
0	106
0	103
0	85
0	73
0	110
0	17
2	26
5	4
0	4
0	342
0	147
0	842
0	195
0	195
0	255
18	933
0	401
0	43
3	164
0	147
0	337
2	111
0	200
0	281
0	113
0	213
15	161
0	178
1	206
0	150
0	18
0	65
0	20
0	37
8	11
3	8
0	51
1	27
0	112
0	71
0	15
7	0
0	531
0	531
14	276
0	84
0	93
0	77
0	60
27	165
0	11
10	103
0	119
1	122
2233	569
2	421
126	587
297	438
17	439
65	410
82	272
1	296
100	2168
0	2021
4	1728
16	185
27	192
8	242
22	108
0	113
11	87
0	87
0	0
0	0
1	1
0	0
0	1
0	1130
0	139
3	1129
2	542
0	3
0	3
0	3
0	3
1	3
0	3
0	2
0	0
11	3
0	3
0	0
3	2
0	2
0	1
0	3
0	2
0	3
0	2
0	1
0	0
0	1
0	3
0	2
0	2
0	121
0	0
0	113
0	67
1	124
0	113
0	117
0	116
0	121
2	117
0	121
0	72
562	245
2	60
0	52
4	111
0	87
3	60
9	348
0	311
0	345
7	160
0	301
0	313
0	325
6	322
1	48
2	73
6	3
0	57
3	24
0	34
0	24
0	24
0	21
0	1218
7	1210
0	1207
0	1108
0	236
0	203
0	63
12	1744
1	1546
1	1121
2	901
0	400
0	2
0	2
0	2432
0	1534
0	2366
0	2384
0	2462
0	1899
0	618
3	434
4	248
6	1043
28	864
0	685
0	642
0	0
0	19
4	41
0	20
1	41
0	7
0	0
0	0
0	0
0	0
0	0
0	0
0	0
0	0
0	0
0	0
0	0
0	701
0	670
1	296
1	509
0	630
1	648
1	643
1	590
0	646
0	534
0	667
0	642
0	584
0	214
198	538
1	394
0	382
0	130
0	396
0	296
0	125
2	78
0	0
0	0
0	0
0	266
58	257
1	268
1	240
2	149
0	258
0	151
0	53
0	56
0	88
19	76
0	88
0	72
27	5329
0	4
133	1297
32	1161
2	1162
1	1064
10	151
0	1006
0	1
0	1
0	1
0	1
0	0
0	0
0	1
1	0
0	1
0	0
0	1
0	1
0	0
0	0
0	0
0	0
0	236
0	210
0	124
11	178
1	25
0	185
0	0
0	0
1	42
0	42
2	42
0	42
4	2
0	26
0	26
0	26
0	40
0	1352
0	3974
0	4025
0	3404
0	2990
5	341
0	327
38	213
0	372
244	2542
0	379
21	94
18	303
0	283
5	358
4	441
16	1401
0	6784
0	6802
2	4976
3	5125
0	5366
3	1245
0	5380
0	6042
0	5020
0	6213
3	6906
0	6977
20	7121
0	7050
0	7314
0	7057
1	7043
6	7059
0	7056
50	4643
0	848
0	1
0	1
0	1
0	0
0	1
0	0
0	0
3	1273
0	1284
0	374
0	12
11	1286
1	1142
1	293
1	1034
2	864
0	212
0	634
0	535
17	0
66	1307
11	294
0	401
6	451
2	194
0	202
37	216
0	212
0	192
0	222
1	214
0	24
0	113
0	2
0	0
0	0
0	2
0	0
0	0
0	0
0	1
0	0
154	551
1	551
0	364
9	155
2	155
0	8
0	38
0	24
2	11
0	0
38	360
9	362
0	384
3	193
27	18
3	52
28	48
7	107
0	2
0	3
0	1
0	2
0	1
0	1
0	2
1	1
0	5
0	0
3	5
1	3
0	853
0	50
347	836
0	210
4	122
0	143
0	633
6	570
7	534
0	368
5	212
0	176
0	3805
30	4285
0	4202
178	4330
10	159
0	4314
18	1252
0	4223
0	3605
13	4261
0	4282
2	3605
6	2351
1	1847
0	250
0	141
8	454
0	180
11	467
0	101
0	279
0	231
0	436
0	450
1	414
0	229
2	246
0	403
0	244
0	23
0	296
17	94
1	17
1	51
0	281
0	99
0	240
113	281
4	237
23	63
1	64
0	26
0	236
0	45
14	63
3	74
30	22157
0	22437
38	15270
1	8033
10	4508
1	5315
0	4529
0	4585
0	3973
0	3945
0	3792
0	3245
3	779
0	1298
0	228
0	272
0	263
0	10
0	5661
0	5835
0	5921
0	5661
0	5913
0	736
0	3653
1	164
30	456
0	529
0	543
0	183
8	480
0	367
0	157
0	483
0	489
0	437
6	15
0	3
0	425
1	160
0	172
1	165
1	140
1	106
0	60
1	32
0	31
0	3
0	425
0	43
19	145
3	61
0	976
13	91
0	848
0	921
31	18
1	99
0	162
0	163
0	71
11	115
0	139
10	84
15	86
0	423
39	298
2	84
0	165
0	426
0	5
0	425
0	3
14	595
0	77
0	286
0	594
0	292
50	1697
0	1650
12	18
3	1294
0	147
0	115
0	1294
0	442
0	20
0	0
0	428
2	7
0	3
0	14
1	44
1	44
0	8
2	0
1	430
0	8
189	303
0	251
0	46
1	429
9	7
1	2
0	425
0	246
0	781
0	116
0	98
0	80
0	66
0	472
0	80
0	63
4	201
20	29
8	43
0	56
2	56
0	109
34	74
0	100
0	129
0	829
0	645
0	38
0	144
1	816
5	665
47	559
0	603
1	612
0	734
0	178
0	647
0	186
3	141
11	185
0	252
0	260
0	257
0	145
121	503
1	169
4	123
0	216
6	140
4	65
0	182
0	62
11	116
0	9
0	430
1	2
0	423
0	428
0	7
0	0
0	0
0	0
0	0
0	0
0	0
0	0
0	0
0	0
0	0
0	0
6	4
0	425
0	84
0	84
17	29
4	78
0	15
0	733
0	713
0	712
0	716
0	683
0	752
0	664
0	716
0	693
0	714
0	691
0	683
0	720
0	743
0	745
0	740
0	743
1	727
0	753
0	710
0	729
0	728
0	377
14	432
0	699
0	716
0	709
0	668
0	705
0	670
0	674
0	688
0	714
0	698
0	741
0	624
0	667
0	708
0	742
0	750
0	614
0	644
1	700
0	692
0	641
0	684
0	681
0	294
0	761
0	710
0	710
0	742
0	726
0	731
0	731
0	753
0	710
0	857
0	718
2	732
0	288
0	729
0	729
0	671
0	485
1	738
0	659
0	678
0	731
0	721
0	723
0	752
0	718
0	822
0	779
0	677
0	504
0	82
0	730
2	679
0	745
2	664
0	720
0	693
0	626
0	682
0	515
0	114
0	192
0	322
0	185
1	188
0	216
0	11
3	96
49	15
44	1131
0	1116
0	818
2	539
1	115
2	9
0	23
4	5
0	426
0	5
0	428
15	131
3	554
0	137
0	51
0	373
0	373
0	374
0	364
0	363
0	351
0	8
1	15
0	14
0	9
1	424
0	3
117	34
0	25
1	21
1	16
0	5
0	4
0	2
1	272
0	702
1	427
0	86
0	78
0	60
0	24
0	98
0	0
0	0
0	4
0	251
4	250
14	248
0	8
0	3
0	5
1	16
0	10902
0	10247
9	10250
0	13503
0	13949
0	14094
0	13663
0	13662
0	11687
0	11203
0	14283
0	10894
0	10893
0	10925
0	10919
0	10139
0	10637
2	12785
0	13125
0	9437
0	13916
0	9159
12	10596
0	12968
0	8711
0	2417
0	1891
0	2133
0	1939
0	1423
0	1487
0	1850
0	1091
0	1620
0	2070
0	1903
0	1788
0	1713
1	1515
0	1669
0	16
466	65
0	38
3	53
3	34
0	30
1	38
0	13
1	16
0	0
0	0
0	2
0	9
0	2
0	9
0	0
0	2
0	2
0	2
0	2
0	2
0	2
0	1
0	1
0	2
0	0
0	419
13	89
2	414
0	410
16	17
0	15
9	386
28	269
0	31
0	62
0	23
1	18
0	29
1	27
0	417
0	13
193	610
2	426
1	137
6	395
0	421
0	14
0	436
0	2
0	105
24	2
3	142
0	146
0	142
0	142
1	142
1	145
0	145
1	142
0	142
2	3
0	426
0	4
0	18
22	7
0	1
2	2
0	1
1	900
0	2365
0	2333
0	2312
0	2278
0	2310
0	892
0	859
0	1827
0	167
0	149
1	112
0	193
0	136
0	642
0	337
0	60
0	82
0	1
0	9
1	4
2	100
0	18
0	19
0	14
1	5
0	5
23	150
0	120
1	133
0	144
0	122
0	13
0	0
0	14
0	2
0	8
2	0
0	126
0	95
0	55
0	108
1	116
0	199
0	220
2	212
0	12
96	40
0	48
0	5
0	13
1	8
402	23
0	131
15	390
0	414
1	109
0	265
0	747
0	938
0	85
10	752
1	892
0	79
0	110
1	246
39	173
6	128
294	321
0	50
0	45
0	36
2	283
0	36
43	251
0	145
1	23
0	469
75	533
0	459
1	73
6	66
1	29
0	123
0	17
2	25
0	30
2	130
2	1131
0	1060
0	1171
1	166
0	215
3	3
0	456
0	1135
0	145
2	1127
1	187
1	16
10	497
25	82
2	118
0	9
0	95
0	1
0	1
0	31
0	30
0	0
0	30
3	118
1	0
0	6
0	10
1	97
2	41
0	161
0	150
0	64
0	40
0	160
0	2
0	5
0	5
6	0
0	335
1	335
0	158
0	898
9	794
0	962
0	744
3	195
0	693
0	1007
0	788
0	859
0	911
0	874
0	426
2	641
0	609
0	634
0	546
5	363
1	208
0	228
0	108
6	1581
1	1663
1	726
1	382
12	367
4	259
0	215
21	174
0	59
0	396
8	417
6	94
1	294
22	84
1	62
35	24
167	525
2	525
0	80
0	30
0	63
42	194
0	301
1	300
0	50
28	103
0	27
0	10
0	1383
0	1302
0	1284
0	1222
23	983
1	1192
2	1349
0	449
0	223
0	196
2	790
0	864
0	850
0	334
0	317
0	126
46	50
11	288
0	141
6	113
0	0
0	0
0	0
0	0
0	0
0	0
0	0
368	401
3	66
0	20
2	119
3	121
3	143
17	170
1	1150
0	907
0	1125
0	947
0	943
0	29
0	1024
0	1045
0	1129
0	1194
0	1149
0	1219
0	1216
0	1232
1	220
0	317
0	1244
4	1169
0	39
0	124
0	1254
0	1037
0	1156
0	1210
0	1062
0	1264
0	635
0	45
5	165
0	1
0	175
0	533
26	1215
2	225
0	0
0	24
0	21
0	85
0	0
0	0
0	0
0	0
0	0
0	80
0	0
0	56
0	0
0	16
8	27
0	18
0	17
0	19
0	19
0	53
0	0
0	0
0	0
0	0
0	0
0	2
0	2
13	142
0	0
0	0
0	0
0	22
0	11
0	67
0	263
0	799
0	2
0	0
0	53
0	128
0	98
1	54
10	100
0	33
0	52
0	33
0	34
0	136
0	194
0	177
0	0
0	24
0	33
0	23
0	43
0	42
0	0
0	11
0	8
0	18
0	50
1	327
0	198
0	200
0	278
0	200
0	193
5	426
0	328
34	357
24	450
0	120
11	104
0	110
0	114
0	159
0	129
15	281
0	120
0	118
0	141
2	132
0	79
0	42
0	87
2	271
11	741
0	718
1	772
0	325
0	299
0	231
0	236
15	291
0	235
0	271
0	235
0	66
1	41
0	44
0	0
0	0
0	0
0	0
0	0
0	0
0	0
0	0
0	0
0	0
0	0
0	0
0	0
0	0
0	0
0	0
0	0
0	0
26	2375
0	615
127	521
0	2278
189	348
125	387
16	108
0	386
0	80
1	1
4	2696
3	46
2	467
2	0
3	1361
0	939
0	842
0	1297
0	1314
2	1232
0	1287
6	1076
0	1064
16	861
5	461
12	505
0	862
0	229
1	432
0	340
0	157
0	27
0	144
1	124
0	6
0	7
0	771
0	5
1	5
0	5
5	323
6	58
0	64
112	204
0	771
2	3
0	3
766	2331
5	106
26	613
0	486
1	1252
7	1248
1	978
0	621
2	32
0	75
9	55
0	508
0	52
0	66
0	8
0	80
0	104
0	28
0	81
0	97
0	46
8	1
1	15
0	17
0	70
0	0
3	1423
0	1545
0	1379
0	1601
0	1606
0	0
1	1471
0	1362
0	1486
0	1435
0	1492
0	69
0	1434
0	1478
1	106
0	79
0	70
0	100
0	118
1	110
0	1443
0	1277
0	179
1	172
0	1129
5	152
1	155
1	296
0	539
0	313
2	82
414	425
0	35
0	117
87	142
25	40
0	138
0	1036
0	1205
0	1540
0	1603
0	1643
8	452
0	728
2	1544
0	1519
0	1586
0	1599
0	1530
0	921
0	1497
0	1588
2	1451
0	1434
1	1539
3	974
0	0
0	0
0	0
0	0
0	0
0	0
0	15
0	6
0	6
0	6
0	6
0	3
0	3
0	15
0	508
0	524
11	508
0	522
6	508
0	219
0	205
1	81
4	99
0	0
0	1
0	0
0	0
0	1
0	1
0	0
0	0
0	0
0	2
13	35
9	27
1	20
0	18
5	4
0	227
7	750
0	68
0	598
0	115
0	347
1	765
3	946
18	941
0	103
0	256
1	125
10	26
0	98
0	102
0	940
200	361
0	100
0	149
0	54
0	18
0	48
0	66
1	39
0	16
0	45
0	31
0	29
141	165
152	165
0	9
0	117
0	239
0	5
0	1
0	240
0	201
4	237
0	248
16	238
0	108
0	220
31	130
2	79
0	42
8	74
3	743
1	709
0	254
25	23
0	0
0	380
0	385
0	293
10	66
40	297
10	119
0	121
2	25
2	52
0	6
0	14
0	38
6	25
2	18
4	10
0	1306
6	850
3	12
0	1439
8	256
4	1259
0	1355
0	1499
0	158
12	375
0	105
0	231
1	659
4	356
0	5
0	607
8	218
2	489
1	597
0	542
0	551
0	47
0	412
9	405
0	81
0	465
0	871
0	423
0	306
0	56
0	52
0	216
5	81
0	954
0	1051
0	174
0	952
0	79
0	81
0	79
9	83
0	964
1	921
0	988
0	21
7	31
72	852
8	407
25	856
0	290
0	3314
0	2825
0	3330
0	3402
2	3419
0	3426
6	3382
0	3412
4	3355
29	2368
0	3407
0	3333
0	3333
6	3274
0	3357
0	3352
0	66
0	564
0	3093
0	3353
0	3461
29	2919
0	3369
0	3468
0	3169
0	2567
0	232
0	1271
0	1366
0	2848
0	2453
0	2830
0	2547
0	445
0	1817
0	866
50	2030
0	848
16	285
7	73
0	45
0	10
16	21
0	7
0	153
0	192
0	249
0	201
0	258
3	53
0	46
0	46
0	26
0	38
0	28
0	14
0	28
0	4
0	7
0	7
0	0
0	7
0	7
0	2
0	3
0	6
0	6
0	4
0	3
0	5
0	7
0	7
0	7
0	7
0	6
0	5
0	6
0	7
0	7
0	2
0	7
0	7
0	0
0	3
0	3
0	1
0	3
0	3
0	3
0	1
0	0
0	2
0	0
0	3
0	1
0	2
0	2
0	31
371	547
372	666
0	128
0	85
1	374
0	182
0	3
0	198
0	205
0	0
0	157
0	21
0	3
9	49
0	84
0	9
3	26
0	204
0	206
0	177
0	686
2	760
0	946
0	499
0	653
0	842
1	89
1	436
0	442
0	45
2	588
10	117
0	521
0	605
0	247
54	307
0	307
0	24
3	52
0	45
6	40
0	39
0	0
0	0
0	0
2325	0
0	2692
0	2780
0	2185
10	821
0	1717
0	1778
4	1735
0	2640
0	2621
0	2777
0	2664
1	458
3	2671
0	2727
4	1160
0	442
1	1730
0	410
0	238
0	878
0	881
0	849
0	876
0	261
0	44
0	50
0	41
0	0
0	104
0	41
1	42
4	386
1	103
4	22
0	88
2	43
0	0
0	120
0	14
5	127
0	14
0	4
0	51
113	73
0	65
2	40
0	38
0	35
5	32
0	30
4	16
0	0
3	438
0	12
0	2
4	464
0	2790
13	1107
0	1969
0	2673
0	2493
0	293
0	2332
1	305
0	142
0	260
0	193
2	275
1	181
0	104
3	27
18	265
1	83
1	95
0	61
1	133
0	31
1	20
0	798
0	19
0	61
0	61
0	807
0	195
0	10
1	67
0	296
1	29
0	338
0	2
0	2
1	10
0	38
0	26
0	34
0	44
0	7
0	20
0	20
0	39
0	43
1	28
0	0
0	1
0	719
0	25
0	24
0	51
0	8
0	102
0	0
0	0
0	0
0	9
0	45
0	4
0	4
0	23
0	9
0	19
0	12
0	30
0	26
0	0
1	6
10	565
0	3
0	3
0	3
0	48
0	48
0	3
0	27
1	7
0	17
1	43
1	17
0	17
0	0
0	0
0	0
0	0
0	0
0	0
0	22
0	12
0	21
0	12
0	12
0	21
0	2
0	618
0	855
16	895
9	1546
0	1995
0	1961
0	1999
0	1673
0	233
0	0
0	0
0	111
0	203
10	320
0	36
0	160
0	392
0	38
18	42
1	62
20	1043
21	1104
0	269
29	407
3	153
0	12
29	38
2	33
0	1
1	16
171	117
9	12
9	82
265	125
0	115
1	68
0	121
0	73
3	84
0	30
1	37
0	11
0	5
0	2
0	27
0	31
0	2
0	28
0	26
0	2
0	29
0	31
0	0
0	4
0	6
0	28
0	28
0	29
0	27
0	0
0	3
0	3
0	2
0	4
0	7
0	3
0	4
0	2
0	0
1	6
0	0
659	0
103	541
0	503
5	235
0	251
0	184
1	146
0	106
1	65
4	29
3	33
0	34
0	34
0	34
0	31
0	34
0	30
3	0
0	1
3	0
0	4
0	11
0	12
0	2
0	5
0	7
0	7
0	6
0	2
0	2
0	21
0	19
0	14
0	0
0	0
1151	3100
0	2909
6	853
0	360
78	270
8	114
0	957
0	910
3	547
2	84
0	6
0	6
0	6
0	5
0	3
0	2
0	3
0	1
1	0
0	0
0	0
0	0
0	0
0	0
9	1240
0	1277
8	1254
3	48
42	449
1	103
2	1
0	0
0	0
0	0
0	0
0	0
0	0
0	0
0	0
0	0
0	0
0	666
0	668
0	24
1	32
0	42
0	49
0	13
2	18
2	4
0	5
3	80
0	87
0	61
0	19
1	10
0	17
3	271
0	1131
3	38
2	0
0	98
2	50
2	48
0	32
0	54
0	24
0	67
0	284
1	233
11	1125
0	4
0	4
0	4
0	0
0	0
0	0
0	0
0	1358
2	1393
1	11
13	1210
66	1237
0	1237
0	141
0	256
0	116
0	40
29	1162
0	1156
1	814
0	619
0	886
0	1240
0	1154
5	33
1	99
0	953
0	421
9	0
0	67
0	4
0	132
0	130
0	133
0	6
0	84
0	63
0	134
0	60
2	60
0	132
0	132
0	40
0	2
0	3
0	10
0	1446
7	1496
0	1452
0	1452
0	44
11	648
0	575
0	1008
0	203
2	202
11	27
0	100
0	238
0	210
1	198
0	153
23	31
0	30
0	1
0	0
0	0
0	0
0	0
0	0
1	0
23	0
0	0
0	0
0	0
0	0
0	0
0	0
0	0
0	0
13	2810
446	2810
1	13
0	75
0	94
2	100
1	281
0	223
0	225
3	210
0	99
1	99
4	11
0	8
1	23
1	21
0	25
0	0
0	0
0	0
0	0
0	0
0	0
0	0
0	0
0	0
0	0
0	0
0	0
0	0
0	0
0	0
0	0
0	0
0	0
0	0
0	0
0	0
0	0
0	0
0	0
0	0
0	0
0	0
0	0
0	306
0	284
0	312
0	308
0	183
0	312
0	322
0	319
0	291
0	181
0	233
0	233
0	100
0	102
0	143
0	174
0	311
0	240
0	319
0	272
0	270
0	282
1	196
2	213
0	56
0	160
0	7
0	0
0	0
0	0
0	0
5	260
8	156
1	139
1	156
17	39
0	261
0	273
0	84
0	42
0	42
3	73
1	84
2	121
4	109
0	23
0	21
10	28
4	93
1	41
0	51
1	38
26	34
0	7
1	12
0	1
0	1
0	452
0	395
3	392
0	349
11	436
1	389
0	451
0	383
0	381
4	180
0	204
30	177
0	431
0	398
0	411
0	394
0	349
2	86
0	299
0	270
0	41
0	59
5	170
0	4
0	208
0	125
0	227
0	17
2	134
0	46
0	23
22	386
711	799
1	725
2	627
30	155
0	157
1	157
0	160
0	158
676	319
11	159
66	241
8	821
1	887
23	893
300	15
17	46
0	23
0	22
17	249
0	19
4	45
0	45
0	49
0	48
0	48
0	29
8	45
1	19
2	7
0	0
0	0
0	458
0	422
0	221
1	137
0	61
2	78
1	0
0	431
0	470
5	46
0	486
0	490
0	399
0	474
0	50
0	17
0	50
0	85
0	455
0	271
1	430
4	21
0	2
0	0
0	2
0	2
0	2
0	0
0	2
0	2
0	2
0	2
0	2
0	1
0	507
0	871
17	813
0	771
32	842
2	845
0	752
1	722
0	65
0	102
1	37
2	38
0	23
0	32
4	31
0	47
0	96
0	197
0	162
0	7
0	507
32	46
0	46
40	937
1	171
5	559
0	242
0	695
0	2627
1	44
0	0
22	9
3	58
0	58
7	39
2	61
3	37
0	29
0	16
0	53
1	153
0	170
0	407
0	436
0	6
0	804
6	188
0	1
0	4
0	7
9	5
0	2
0	2
0	5
2	3
0	0
0	0
0	0
0	0
0	12
0	0
0	1
0	12
0	10
0	1
0	12
0	4
3	10
0	4
0	531
2	588
31	615
0	587
0	527
1	595
0	544
0	331
0	73
2	125
0	62
0	33
0	37
1	84
0	44
0	87
0	16
0	19
0	43
0	21
0	3
0	3
2	0
0	10
3	3
1	4
2	11
1	787
0	9062
4	9051
0	9919
0	9638
0	9688
0	8273
0	8931
0	9530
0	9713
0	9654
0	9948
0	2454
0	3230
9	9306
0	9804
0	9779
0	448
2	2194
0	9209
0	9827
0	9780
3	9774
0	10091
0	9799
0	8952
0	2139
4	9642
0	9739
0	9739
25	7345
6	979
0	2713
0	4332
0	1967
0	2105
0	1323
0	1897
0	1386
2	1290
0	1752
1	1745
0	1494
0	921
0	1481
0	510
58	676
0	790
0	774
0	629
3	631
0	335
3	120
0	137
0	1592
1	179
0	514
1	180
0	7
3	38
0	1586
1	1568
1	72
0	75
2	51
1	0
4	14
0	0
0	155
6	100
0	67
4	48
2	15
1	0
182	167
10	204
0	35
2	203
0	136
120	192
16	102
1	69
0	95
0	40
0	17
18	17
1	0
1	434
0	433
0	409
9	448
0	336
0	398
0	224
0	340
23	193
4	190
0	149
18	72
0	141
0	73
3	354
0	357
0	297
1	32
0	130
0	35
9	965
56	219
0	966
10	131
1	36
10	398
0	83
12	49
9	34
11	130
4	154
1	143
8	0
0	0
0	199
11	1007
0	931
1	142
2	106
0	1009
0	63
0	126
0	135
18	0
13	23
0	111
0	133
1	117
1	42
0	695
11	1095
28	127
2	127
0	79
0	74
0	4
0	3
0	46
16	0
0	360
0	3
0	3
0	0
0	65
0	49
0	78
0	66
0	76
0	72
0	75
1	2
0	1
1	8
0	50
0	93
12	74
0	78
5	54
0	54
0	20
0	9
0	15
0	24
0	15
3	19
0	8
1	0
0	0
0	0
0	0
0	0
0	0
0	0
14	1737
0	2034
7	1714
1	1742
2	1663
0	1178
0	477
2	1112
0	702
1	656
0	363
1	432
1180	486
12	61
0	187
0	0
0	0
0	0
0	0
0	0
0	1
0	1
0	1
0	0
0	0
26	0
0	0
827	531
8	526
0	415
6	256
19	173
1	328
3	324
0	157
16	759
0	727
10	28
0	32
48	437
2	14
0	745
2	8
0	3
0	4
0	7
0	3
0	0
0	0
0	0
0	0
0	0
0	1
0	0
2	1
0	1
0	1
1	732
0	1444
0	1412
0	1445
0	1431
0	1388
0	467
0	779
0	1401
0	1401
0	1218
4	358
0	1417
0	1375
0	1463
0	1421
1	1368
0	1462
0	376
0	1439
0	1443
0	371
0	1486
25	826
0	1331
0	921
1	280
0	441
0	1086
5	45
0	1042
0	979
0	1064
0	1056
0	1016
1	1070
23	1040
1	1002
0	68
0	907
1	867
2	5
0	1
0	0
0	1
0	95
0	0
0	95
0	95
0	95
0	0
0	95
0	0
0	28
0	3
0	5
2	32
2	8
0	6
0	6
0	6
0	6
0	5
0	0
0	1
0	1
0	0
0	0
0	23
0	11
2	17
0	17
0	16
0	6
0	3
0	3
0	2
0	2
0	0
0	0
0	0
0	0
0	0
0	1
0	0
0	0
0	2
0	0
1023	5706
3	4303
24	1872
1	2081
0	2131
0	2119
3	2115
0	0
0	0
7	1097
0	2157
0	15
1	72
13	0
13	1763
0	19
0	51
0	28
0	28
0	24
0	24
2	24
4	50
5	18
0	58
0	35
0	0
0	0
0	0
0	0
0	0
0	0
0	0
0	0
0	0
0	0
0	0
2	178
0	904
0	378
3	0
0	847
3	377
0	203
0	184
0	813
34	767
3	209
0	162
0	100
0	258
4	231
0	356
2	124
6	12
25	419
9	117
3	83
0	144
4	104
1	91
0	78
8	60
0	285
0	211
0	258
2	261
5	152
0	97
0	92
0	54
0	37
5	52
9	49
1	235
0	85
4	226
5	230
1	170
18	11
1	136
2	113
1	223
0	141
0	602
0	551
749	665
0	331
13	215
21	366
1	401
3	0
104	229
0	229
0	54
0	0
0	488
0	283
1	166
0	262
0	0
0	0
31	147
4	146
0	147
0	87
0	33
0	28
0	24
0	0
0	23
0	7
0	89
0	113
0	49
0	109
0	12
0	2
0	70
0	70
0	46
0	57
0	54
0	59
0	53
0	46
0	42
0	4
0	35
0	35
0	30
0	0
0	0
0	629
3	95
1	494
19	277
0	830
0	529
0	33
11	227
1	101
0	113
0	34
0	214
0	639
6	123
0	36
0	45
0	83
0	0
0	6
1	600
1	61
0	55
0	1001
0	1065
0	1057
0	1022
4	648
13	1066
0	1035
0	534
0	584
1	184
0	107
0	114
0	581
0	58
15	40
0	54
0	87
0	40
0	142
0	131
5	102
0	48
1	71
0	72
0	477
0	656
29	133
0	435
0	609
1	444
0	179
0	375
0	196
0	20
9	13
2026	697
22	474
34	97
2	0
1	196
0	239
0	1550
10	1549
0	1357
17	28
16	48
0	330
0	31
0	420
0	287
0	362
1	378
0	13
0	116
0	194
0	216
25	281
0	69
0	26
22	39
0	24
1	44
0	400
0	52
1	317
1	318
0	56
0	36
0	34
0	10
0	55
0	23
0	32
0	31
5	54
0	28
0	36
39	423
6	437
8	328
0	67
0	102
0	28
0	17
0	78
0	256
1	768
20	745
109	768
23	525
0	716
1	44
8	201
0	99
0	121
0	51
0	116
0	12
0	117
2	25
0	1412
4	618
2	696
0	1341
0	1068
0	1334
0	1036
0	1340
0	1289
0	1256
0	1378
0	1325
0	1260
0	1374
0	1399
0	1398
0	1365
0	856
0	1012
1	773
0	69
0	138
12	798
0	604
0	611
0	203
0	72
0	93
0	422
0	49
2	617
0	589
0	677
0	609
0	472
0	23
0	88
27	224
0	179
0	179
0	174
0	150
13	47
0	25
0	25
11	639
0	5
0	595
3	10
0	0
0	138
0	115
0	0
0	36
0	45
0	357
0	87
2	13
1	95
0	347
0	20
2	279
1	371
0	335
0	126
0	377
0	152
3	132
0	117
0	123
9	131
0	114
2	1
0	1
0	479
0	423
2	431
0	437
0	479
2	71
1	69
0	18
1	18
0	13
0	13
7	5529
0	5646
1	5117
2	5727
101	5503
21	4519
1	5658
0	6018
0	1147
1	518
0	3
6	373
73	390
0	322
1	282
0	13
0	16
3	15
0	232
0	215
0	16
0	220
0	78
0	192
0	200
0	214
0	211
31	209
9	28
2	12
4	11
0	41
0	7
292	1292
3	1217
0	671
26	749
0	635
0	507
0	556
1	44
1	206
1	201
1	141
0	139
0	1090
0	14
1	37
11	144
0	8
1	74
1	144
6	125
0	8703
2	7363
1	7949
0	2948
10	8129
3	7582
0	2990
1	2899
0	1481
0	2035
16	2347
0	1344
4	1338
0	1570
1	1535
37	66
0	486
0	0
31	687
2	424
2	614
0	688
1	670
0	176
0	93
0	157
0	185
3	280
21	202
0	180
2	117
0	21
0	68
0	206
0	988
0	65
0	49
0	36
0	61
0	851
0	73
0	5
0	31
0	45
0	40
0	81
0	962
0	78
0	40
0	94
0	65
0	72
0	0
0	50
0	31
0	75
0	967
0	962
0	86
0	203
0	993
0	13
0	50
0	579
2	48
0	685
0	58
0	114
0	72
0	58
0	94
0	100
2	14
0	679
0	85
1	119
1	69
0	0
0	0
0	62
1	0
0	0
0	0
0	0
0	0
0	0
0	0
0	0
0	0
0	0
0	0
0	0
0	0
0	0
0	0
0	0
0	0
0	0
0	0
0	0
0	0
1	1629
1	94
0	657
0	1614
0	606
0	958
0	1130
16	1627
2	670
0	674
0	1618
84	1480
0	1567
36	525
0	1073
57	998
0	833
13	121
11	507
0	403
169	477
0	409
0	378
8	374
0	297
0	240
0	269
0	198
0	132
0	160
5	135
0	154
0	57
0	36
0	853
0	887
10	876
1	242
0	852
0	897
0	873
0	916
1	901
1	206
0	919
3	424
0	862
0	652
0	891
0	27
0	102
0	893
0	816
0	841
0	935
0	813
18	437
0	892
0	918
87	875
0	579
8	481
15	371
0	373
0	102
0	471
38	463
5	463
0	468
0	455
1	132
0	113
0	138
0	130
0	101
0	69
3	23
9	2
0	9
0	8
0	5
0	4
0	5
1	13
8	338
0	382
0	384
1	400
2	367
15	148
8	75
0	280
4	191
15	180
11	80
8	152
0	157
20	21
1	85
0	20
0	0
0	0
0	0
0	0
0	0
0	0
0	0
0	0
0	0
0	0
5	245
1	246
0	222
1	65
0	61
0	0
0	0
0	0
0	0
0	0
0	0
0	0
0	0
0	0
0	0
0	0
0	0
0	0
0	0
0	6
0	2
1	5
0	7
0	6
0	8
0	6
0	1
0	3
0	2
0	0
0	0
0	0
0	0
0	0
0	0
0	0
1	0
0	0
0	0
0	0
0	0
1	71
0	2017
1	2319
0	2318
0	2387
0	2161
0	1223
0	444
0	424
0	331
0	77
0	145
0	0
0	0
0	0
0	0
0	0
0	3
0	5
0	5
0	2
0	2
0	2
0	2
0	0
0	3
12	2
0	0
64	273
2	147
23	202
0	89
4	66
0	48
0	0
0	0
0	0
991	87
4	87
0	0
0	922
0	928
0	637
0	623
0	649
0	663
0	578
0	605
0	598
0	142
0	9
0	106
0	592
1	885
0	0
0	544
0	79
4	459
0	464
0	497
5	427
0	28
38	250
0	0
0	0
78	9
0	9
412	0
0	0
0	39
0	1
0	1013
0	0
0	0
58	346
5	346
1	70
0	799
6	758
0	140
6	315
1	326
4	247
11	50
1	236
1	132
2	180
0	190
19	71
0	649
0	589
0	649
1	42
0	58
0	58
0	234
0	234
0	234
0	221
0	24
0	0
0	0
0	0
0	0
0	0
0	0
0	0
16	10
0	544
1	2165
2	1393
81	1410
0	2219
0	340
2	437
1	2068
0	2169
1	953
0	358
153	1377
0	291
0	235
89	115
10	257
2	265
0	293
0	301
0	289
0	224
5	224
0	303
8	178
0	221
1	65
0	198
1	55
2	24
0	122
1	116
0	63
0	37
0	0
0	1
0	0
0	0
0	0
0	0
0	1
0	0
0	0
0	0
0	0
0	0
0	0
0	0
0	0
0	0
0	0
0	0
0	0
0	0
0	0
0	0
0	0
0	0
0	0
0	0
0	0
0	0
0	0
1	0
0	0
0	0
0	0
0	0
0	408
0	408
0	408
0	408
0	415
0	116
0	36
0	9
3	0
0	0
0	0
0	0
0	0
0	0
0	0
0	0
37	0
1	993
0	41
0	41
0	13
0	0
0	0
0	0
4	0
0	0
0	2
0	1
0	1
0	3
0	2
0	1
131	884
1	509
0	809
2	207
1	365
1	550
3	365
5	0
0	19201
0	17227
0	14361
0	18970
0	18971
0	14785
0	18996
40	18794
1	19032
0	12544
0	18568
0	11306
19	9299
0	0
0	0
0	0
0	0
0	0
0	0
0	0
0	16
1	16
0	6
0	6
0	0
0	3
0	2
0	3
0	3
0	3
0	3
0	0
0	0
1	0
0	0
0	2
0	2
0	1
0	2
0	1
0	2
11	666
15	437
0	346
0	619
1	641
0	485
1	311
1	281
0	261
0	495
0	251
0	180
0	47
0	445
0	133
4	1411
0	759
0	165
0	1454
0	768
16	84
0	101
0	1454
1	133
0	141
0	746
3	8
0	244
20	1025
13	60
5	134
0	72
1	52
3	85
0	103
32	93
0	87
0	53
0	53
0	5339
0	5687
1	1248
0	96
4	298
5	69
23	223
3	166
8	257
0	299
0	3088
0	3108
0	2157
0	3075
0	3076
0	3075
16	3076
49	2862
1	2972
0	413
0	1541
0	1533
0	1041
1	204
0	28
0	248
1	242
6	126
1	21
0	68
0	1
1	46
0	8
0	1
0	26
0	4
0	5
0	5
6	4
0	5
0	4
0	0
0	0
0	68
0	121
0	120
0	119
0	110
0	14
0	8
0	119
0	119
0	7
0	8
1	117
0	6
0	11
0	37
0	120
0	117
0	117
0	118
0	116
0	110
0	37
0	6
0	44
0	57
0	120
0	5
2	25
0	118
0	116
0	13
0	116
0	118
0	119
0	9
0	10
0	3
5	75
8	0
0	4
2	0
3	216
0	152
0	0
0	0
0	0
0	0
0	0
0	0
0	0
0	0
0	0
0	0
0	0
0	0
0	0
0	0
0	0
0	0
0	0
0	0
0	0
0	0
0	0
0	0
0	0
0	0
0	0
0	0
0	0
0	0
0	1
0	2
0	1
2	3
0	0
0	0
0	0
0	0
0	1
0	0
2	13
0	4
0	3
0	3
0	4
0	0
0	0
1	12
0	8
0	7
0	3
0	2
0	0
0	2
0	0
0	1
0	1
0	1
0	0
0	0
0	1
0	1
0	1
0	1
0	1
0	1
0	0
0	0
0	0
0	0
0	0
0	0
0	1
0	1
0	1
8	0
0	16
0	12
0	8
0	8
1	11
0	1
0	2
0	17
55	13
0	13
0	8
0	8
0	2
0	0
0	0
60	240
0	234
1	116
2	89
0	1301
2	602
0	1214
0	1463
16	471
0	155
0	510
2	216
0	161
12	48
1	110
2	185
0	246
0	0
0	0
0	0
0	0
0	0
0	0
0	0
0	0
0	0
0	0
0	0
0	0
0	0
0	0
0	0
1	180
0	180
0	0
0	0
0	86
0	70
8	176
0	119
0	83
0	119
0	180
0	110
0	304
0	123
1	31
1	200
3	178
0	27
2	298
0	188
1	256
0	159
0	202
0	82
0	109
15	291
0	19
0	150
0	33
0	51
0	161
2	98
1	43
0	150
1	132
1	141
8	131
0	1016
0	1029
0	471
1	123
0	23
0	154
0	54
0	459
40	517
0	43
0	60
0	87
1	4
5	37
2	316
0	0
0	0
0	0
0	0
0	0
0	0
0	0
1	4
21	393
0	367
5	123
0	157
0	140
0	131
0	54
0	70
3	40
0	0
0	0
0	0
0	0
0	0
0	504
1	216
0	182
0	0
0	1451
0	553
0	177
0	1454
1	90
0	1807
0	1833
0	0
36	687
0	1004
0	1907
3	200
42	213
0	561
7	100
10	214
10	1117
0	211
5	74
0	96
2	13
0	165
0	1845
0	1916
0	1805
0	1882
0	0
0	0
0	0
0	0
0	0
0	0
0	11
0	234
0	114
0	229
0	194
0	209
0	110
0	22
0	67
0	210
0	188
0	81
0	125
0	46
1	72
5	39
0	119
0	212
0	50
0	187
0	58
0	0
0	0
0	0
0	0
85	11
1	82
6	82
1	5
0	8
0	6
0	7
1	7
1	1
0	558
0	549
1	555
0	548
0	411
0	493
0	523
1	71
1	300
0	67
0	15
0	0
5	866
0	397
0	9
0	872
1	7
0	6
0	7
0	3
0	2
0	1
0	137
0	223
0	246
0	243
7	199
3	26
7	1
0	4
0	5
0	3
1	1
0	4
0	4
0	3
0	4
0	3
0	2
0	3
0	0
0	2
8	1642
0	1642
0	1642
0	1387
7	1608
0	1380
0	190
3	114
1	267
8	41
0	166
0	101
4	70
0	102
22	74
0	0
1	4298
0	4383
79	4088
0	228
0	1155
116	796
178	352
0	280
0	65
8	76
0	76
3	15
1	6
0	3
0	0
0	0
0	0
0	0
0	0
0	0
0	0
13	1053
0	1064
4	1099
31	1027
0	1038
3	1117
6	1015
40	137
0	37
4	44
16	106
0	153
1	139
0	37
2	26
0	38
0	19
0	14
0	18
2	23
0	24
0	0
0	0
0	0
0	0
0	0
0	0
0	0
0	0
0	0
705	201
12	183
0	0
0	0
0	0
0	0
0	0
1	413
3	484
1	951
0	658
0	1066
2	23
0	530
0	679
0	632
0	416
0	1020
0	1039
0	1039
0	0
0	1495
0	1557
1	1557
0	1174
0	848
1	959
0	959
1	814
0	703
0	506
2	465
0	405
1	19
0	198
0	672
2	56
0	138
0	892
9	787
2	849
2	12
1	119
8	86
0	42
7	85
0	626
0	831
0	380
0	679
1	414
5	0
16	664
4	51
1	0
2	0
0	2
0	6445
18	6571
296	5405
42	6464
0	2287
0	1683
0	1798
2	1096
0	1120
0	1087
0	785
3	6446
0	6395
0	3
1	195
0	195
0	84
0	84
0	21
0	4836
0	4855
0	4935
0	4879
0	4878
0	4903
0	4959
0	4924
0	4830
0	328
0	4866
0	4762
0	4905
2	4457
2	4430
0	4889
6	4917
2	3003
0	4282
0	3863
0	3702
0	3754
0	3730
0	3404
0	3552
0	1537
0	3417
0	2246
0	3186
0	3331
0	3366
0	3090
0	892
0	120
0	2884
0	2892
1	2743
0	357
0	345
0	2730
6	1308
0	2547
0	2256
1	1233
4	162
0	967
1	1030
6	471
0	1079
0	1182
1	306
0	315
4	11
0	48
4	66
2	14
0	10
0	24
437	96
0	0
6	578
0	735
0	43
0	125
0	699
0	730
0	686
0	629
0	652
0	275
0	666
1	666
0	709
0	748
0	465
0	758
0	740
0	743
0	741
0	163
0	643
0	652
0	752
0	623
1	87
0	376
1	700
0	585
1	888
0	923
0	911
0	931
1	161
0	590
1	169
0	117
0	167
0	145
0	136
0	114
1	121
0	105
0	107
3	105
1	64
0	98
0	71
2	62
0	13
0	16
0	7
0	8
0	8
0	2
0	21
0	22
0	725
0	729
0	640
0	737
0	733
2	142
19	152
0	140
0	112
0	127
12	79
0	423
0	0
0	357
0	290
0	298
0	298
0	284
0	276
0	296
0	284
0	276
0	283
0	284
0	292
0	291
5	9
2	238
0	17
12	423
0	0
3	0
0	0
0	0
0	0
0	0
0	0
0	200
0	26
0	217
0	186
20	223
0	203
23	51
1	100
0	0
0	0
0	0
0	0
0	0
5	91
16	177
0	140
22	50
0	0
0	0
0	0
0	0
0	0
0	0
1	199
0	149
3	115
1	65
0	22
2	17
0	12
0	0
27	9
0	93
0	0
0	0
0	1
0	12
0	20
0	32
0	87
0	91
0	34
0	13
0	93
0	20
1	11
0	4
1	1
33	67
0	10
0	10
3	7
0	9
0	10
0	4
0	0
0	0
0	0
0	0
0	0
0	0
0	0
0	0
0	0
0	0
0	0
0	0
206	2330
19	1340
6	680
0	423
1	562
10	145
10	173
10	204
0	0
0	44
0	166
25	173
0	121
1	91
0	51
0	37
0	111
0	48
0	130
0	43
2	10
0	98
0	67
0	62
0	23
0	28
0	44
0	41
1	41
0	15
0	0
0	0
3	18
0	83
0	388
0	27
1	103
0	157
0	253
0	479
0	528
0	213
0	80
12	540
1	122
0	8
0	471
0	75
0	33
0	94
30	281
0	89
1	57
0	86
3	42
0	82
0	37
5	98
0	3
0	3
0	2
0	2
0	0
0	1004
5	73
0	1095
0	603
12	444
0	810
0	783
0	784
0	409
2	123
0	264
0	44
0	36
1	4
0	1
0	1
1	1
0	204
1	201
0	114
0	15
0	27
1	11
1	19
1	7
0	9
1	10
0	23
1	17
1	15
0	42
1	18
0	0
0	4
0	4
0	2
0	3
0	4
0	3
1	0
1	2
0	0
7	5
0	5
0	0
0	0
0	0
0	0
0	0
0	1
0	0
0	0
0	0
0	0
0	1
0	0
0	0
0	1
0	0
0	0
0	1
0	1
0	0
0	0
0	14
2	61
0	60
0	51
2	60
1	50
0	61
0	18
0	10
0	13
0	3
0	10
0	10
0	7
0	7
0	3
0	0
0	0
0	0
24	384
2	307
0	241
0	631
0	388
38	252
3	104
0	84
0	101
0	103
0	21
0	8
0	5
0	11
0	20
0	4
0	5
0	11
0	1034
3	549
0	1180
0	603
0	559
1	490
2	289
4	230
0	215
1	174
0	138
1	135
0	119
23	20
4	68
2	69
0	6
0	13
0	13
0	0
1	6
0	5
0	9
0	1
0	4
0	7
0	3
0	3
0	2
1	680
6	672
0	673
0	668
0	668
2	654
3	300
0	581
0	352
0	76
66	26
81	1
7	0
0	0
0	1067
0	892
0	821
0	759
0	694
0	954
0	1067
0	1038
0	1018
1	5
0	25
0	20
0	25
0	15
0	6
0	23
9	27
0	5
1	672
5	502
27	503
0	672
0	0
0	0
0	0
0	0
0	0
0	0
0	0
0	0
0	0
0	1131
8	958
0	1083
1	1083
0	903
0	356
0	124
0	961
4	54
0	29
4	14
13	376
0	105
0	79
2	13
0	451
0	78
1	102
13	239
0	470
0	233
0	379
7	214
0	149
1	366
0	406
0	99
1	283
0	786
3	953
0	953
13	953
0	31
1	458
0	44
0	373
1	373
5	118
0	4
1	4
1	9
1	10
24	1049
0	5
11	151
0	2372
0	2359
4	2351
1	5
0	85
1	69
0	101
0	694
0	40
13	526
27	79
0	127
0	158
2	31
0	100
12	76
0	16
508	252
8	4
1	64
0	247
0	29
2	249
0	30
0	0
0	0
0	0
0	0
0	0
0	0
0	0
0	0
0	0
0	0
0	0
0	0
0	0
0	0
0	0
0	0
0	0
0	0
0	1021
0	507
2	258
0	253
0	102
0	37
0	60
0	45
0	1021
0	0
0	0
0	1
0	0
0	0
0	0
0	0
0	0
0	0
0	0
0	0
0	0
0	0
0	0
0	0
0	0
0	0
0	0
0	0
0	0
0	0
0	0
857	167
0	166
0	11
0	24
0	25
0	24
0	20
0	10
0	4
0	2
0	0
0	0
0	0
0	0
0	0
0	0
0	0
0	0
0	0
90	112
0	111
1	2
2	5
0	11
447	4187
0	2468
0	1115
0	1921
5	938
9	1745
5	2270
13	1775
8	1590
0	712
5	60
0	9
0	9
0	8
0	2
0	1
0	2
0	0
0	0
0	1
0	1
0	1
0	1
0	1
0	0
0	0
0	0
0	0
0	0
0	0
0	0
1	1
0	0
0	0
0	0
0	0
0	0
0	0
0	0
0	0
0	0
0	0
0	0
0	0
0	0
0	206
7	140
1	205
0	158
0	212
0	214
0	198
0	146
0	113
0	26
0	12
0	14
0	62
0	12
0	40
0	38
0	31
0	37
0	36
0	30
0	37
0	5
0	10
0	3
0	3
0	0
0	0
0	0
0	1
0	0
0	23
0	1
0	0
0	0
1	6
3	17
3	16
0	210
0	278
0	43
1	21
0	231
0	254
0	268
0	31
1	179
0	181
0	215
2	226
0	182
0	229
24	254
0	248
0	220
0	112
0	198
0	186
0	182
0	195
0	195
0	171
0	268
0	190
2	116
0	122
0	109
0	168
1	147
0	58
0	189
1	161
0	210
0	253
0	181
1	183
0	33
1	122
5	7
9	40
0	28
76	65
0	36
1	33
6	35
0	6
0	7
0	7
0	7
0	1
0	1
82	1
0	1
0	396
1	393
1	314
0	186
3	85
0	20
2	17
5	13
1	168
3	536
0	0
3	0
0	1
0	1
0	0
0	612
0	41
0	143
0	26
362	757
135	2368
1	2337
0	1677
0	1068
9	648
0	0
0	0
0	0
151	283
0	51
0	253
28	12
0	85
208	248
11	232
0	136
135	87
5	35
93	154
0	0
0	0
0	0
154	230
0	211
0	219
0	42
0	80
0	28
0	33
0	69
1	28
0	0
0	7
3	9
0	8
0	3
0	4
0	4
1	9
0	9
1	4
0	3
0	3
0	2
0	2
0	4
6	324
1	538
2	319
0	241
0	315
1	23
0	321
0	539
2	0
0	0
0	6
0	1
0	1
0	6
0	0
0	1
0	1
0	1
0	3
2	3
1	2
0	10
0	12
0	12
0	0
0	0
0	552
6	552
0	258
0	0
0	0
0	0
0	0
0	0
0	0
0	0
0	239
0	177
0	324
2	1203
1	460
0	1443
0	165
0	186
0	187
0	1054
88	775
4	120
3	331
2	0
0	0
0	0
1	410
9	734
0	693
4	270
0	500
2	0
0	126
0	166
0	234
0	214
0	53
1	62
1	62
2	47
0	27
0	0
0	0
0	0
0	0
0	0
0	0
0	0
0	0
0	0
0	0
0	775
0	740
0	718
0	643
0	774
0	657
128	786
0	721
0	734
0	706
0	657
0	719
0	442
0	387
1	412
0	479
8	205
0	328
0	240
0	229
0	179
0	0
0	0
0	842
0	826
0	666
5	35
0	36
2	27
0	25
1	18
0	2
5	12
5	88
2	58
0	28
0	49
4	223
0	37
1	15
0	9
0	840
0	839
1	701
1	654
0	705
1	321
17	247
2	296
45	309
0	309
35	88
0	0
0	0
0	37
0	79
29	1053
0	264
2	13
0	229
0	444
3	0
0	74
0	204
0	205
0	199
0	456
0	0
0	58
0	0
0	64
0	35
13	603
0	991
0	989
0	79
0	104
0	103
3	78
1	20
0	82
0	20
4	35
0	4
0	1646
0	1131
2	1126
2	129
0	312
85	122
0	154
0	178
0	131
4	26
0	75
0	61
0	66
0	61
3	55
1	45
0	2805
10	2608
34	181
16	1130
3	1966
5	1404
9	345
0	1242
13	354
3	1005
1	247
1	568
0	12551
0	12678
7	12678
0	12674
1	12680
0	12772
4	12472
0	4735
1	2064
0	1887
1	1
18	1
0	832
0	873
0	344
0	291
3	87
8	15
0	38
0	59
2	56
0	32
5	48
0	23
0	0
0	0
0	15595
0	0
0	15588
0	1790
8	2290
0	4136
37	15733
3	13381
0	189
0	1271
0	1317
0	1310
0	1233
0	1323
10	343
0	613
0	367
0	209
0	245
8	171
0	205
0	239
59	918
0	1137
0	63
0	2
0	26
0	10
3	35
10	53
0	28
3	23
0	38
1	43
0	200
0	154
0	150
63	110
0	8
4	109
1	82
0	68
0	52
0	0
0	15
0	15
0	12
0	9
0	2
0	2
0	1
0	1
0	1
8	861
2	812
1	936
1	930
0	1210
4	446
7	312
7	874
2	0
4	5175
4	5262
14	2079
0	2305
1	2184
2	0
5	47
0	7
0	8
0	1
0	35
0	40
5	61
0	54
1	61
0	46
0	21
0	7
0	8
0	4
0	5
4	5
4	1
0	0
0	6
0	4
0	3
6	1
0	3
0	67
83	1053
14	1045
120	0
0	1
0	1107
1	397
4	1081
0	330
0	65
0	368
0	425
1	287
46	396
0	424
0	74
0	72
1	122
0	38
75	37
0	34
0	16
0	16
0	0
0	0
0	0
0	0
0	0
0	0
0	0
0	0
0	345
1	208
0	226
4	222
0	225
230	345
8	311
0	175
1	197
0	85
3	85
17	473
29	1272
0	305
0	73
5	744
1	103
18	86
0	33
0	1291
0	109
50	794
6	331
23	305
0	224
3	824
0	168
0	366
0	292
2	274
0	346
21	463
0	378
1	253
0	73
0	385
310	445
1	424
0	207
0	676
2	657
0	73
5	316
0	320
6	309
10	683
0	648
0	39
124	4
0	843
0	809
0	809
1644	1676
0	1238
16	1519
12	367
4	553
0	121
2	13
0	469
10	460
1	363
1	460
0	17
0	3
0	470
0	410
1	1196
0	3199
0	3463
0	159
0	3358
0	1519
0	3338
0	3520
0	294
21	2667
65	3215
6	814
0	2927
0	3476
0	3460
0	3505
0	1334
0	300
100	1117
0	277
0	3061
0	151
0	619
0	102
0	627
0	2490
0	485
0	651
0	457
0	2151
3	139
9	189
0	340
16	718
1	1123
7	15
33	84
0	95
0	43
0	37
0	21
2	4031
0	4030
5	262
0	655
8	434
0	1
0	1
0	1
0	0
0	1
1	0
0	14
0	0
0	0
0	14
0	14
0	219
0	62
0	93
0	71
0	59
10	270
0	62
0	46
0	89
0	269
0	269
0	269
0	270
0	270
0	0
0	0
0	0
0	0
0	0
0	0
0	0
0	0
0	0
0	0
0	0
0	0
0	0
0	0
0	0
0	0
0	0
0	0
0	0
0	0
0	0
0	0
0	0
0	0
0	0
0	0
0	0
0	0
0	0
0	0
0	0
0	0
0	0
0	0
0	0
0	0
0	0
0	0
122	0
25	237
4	125
0	213
1	24
1	0
0	0
0	0
0	0
0	0
0	0
0	0
0	216
451	216
0	29
1	6
3	47
0	142
206	946
8	167
8	203
14	496
2	118
0	31
0	527
0	499
0	59
1	38
4	32
0	6
1	8
1	5
0	6
1	8
1	526
5	1037
2	994
0	633
5	203
0	134
0	409
1	0
0	0
0	0
0	0
0	0
0	0
0	154
0	24
0	21
5	14
0	23
1	14
0	33
0	45
0	18
1	35
2	22
0	54
0	28
4	145
1	69
0	44
0	155
0	572
3	108
0	24
0	108
5	0
0	62
0	8
0	6
0	21
0	212
0	16
0	169
0	158
0	199
0	168
0	208
0	169
0	204
0	206
0	7
0	79
0	190
0	189
0	177
0	196
0	190
0	60
0	202
1	80
0	162
0	205
0	199
0	190
0	166
0	163
0	210
0	182
0	12
0	8
0	191
0	149
0	34
0	7
0	20
0	194
3	112
0	191
0	176
2	201
0	164
0	149
0	189
2	29
0	44
0	31
0	98
0	49
0	65
0	52
0	62
0	70
0	15
0	43
0	79
0	94
0	84
0	125
0	99
0	188
0	143
0	176
0	178
0	190
0	150
0	87
0	1
0	144
0	133
0	127
0	148
0	73
0	92
0	83
0	25
6	18
0	37
1	21
0	101
0	113
0	141
0	118
0	152
0	444
0	95
3	390
0	238
0	77
5	307
1	104
5	107
4	60
0	444
0	0
0	0
25	418
0	294
0	272
0	257
0	66
0	76
0	27
0	27
0	27
0	181
0	144
0	193
6	99
0	110
2	75
0	33
0	90
0	101
0	27
11	68
0	31
0	22
0	29
0	62
0	19
0	4
0	1
0	1
0	1
0	1
0	1
0	0
0	0
0	0
0	97
0	100
0	325
0	588
0	531
0	546
0	498
0	147
0	457
0	241
0	237
0	440
0	318
0	526
0	226
0	461
0	139
0	163
0	410
4	478
0	474
0	321
0	245
0	277
0	200
2	504
3	418
0	522
0	523
8	245
5	133
2	172
0	22
0	23
0	20
0	17
0	18
0	18
0	16
0	8
0	8
0	12
0	8
0	12
0	4
0	11
0	7
0	3
0	7
0	4
0	3
0	11
0	8
0	7
0	6
0	3
0	0
0	0
0	0
0	0
0	0
0	0
0	0
0	0
0	0
0	0
0	0
0	0
0	0
0	0
0	0
0	0
0	0
0	0
0	0
0	0
0	0
0	0
0	0
0	0
0	0
0	0
0	0
0	0
0	0
0	0
0	0
0	0
0	0
0	0
0	0
0	0
0	0
0	0
0	0
0	0
0	0
0	0
9	571
0	686
0	705
0	690
0	709
0	40
0	36
1	75
0	28
4	25
0	16
0	1614
0	1517
1	128
54	1625
2	122
0	44
1	110
1	609
0	168
7	73
6	56
56	357
1	25
0	59
117	340
0	251
6	126
1	67
20	70
13	273
0	151
0	151
0	141
0	96
0	89
0	150
122	475
0	216
0	160
0	223
0	90
1	42
0	75
0	141
0	158
0	386
0	398
1	131
23	61
0	400
1	150
0	8
0	13
3	35
0	138
0	134
0	31
0	88
0	111
2	43
1	11
1	3
0	3
0	75
6	59
0	19
0	19
0	38
0	21
0	27
0	20
0	4
0	17
0	8
0	18
0	0
3	280
1188	280
0	0
1	212
0	6
0	6
0	21
0	213
0	27
0	217
0	11
0	34
0	212
1	8
0	34
0	32
0	56
11	216
2	24
0	181
1	54
0	53
33	61
0	8
0	50
0	51
1	40
0	46
4	27
0	36
0	16
0	17
0	4
1	0
8	436
0	412
0	231
0	14
0	446
0	31
0	413
0	0
0	0
0	0
0	0
0	0
0	0
0	0
0	0
1	177
3	17
0	2
2	0
0	1
0	177
0	178
0	103
0	38
0	1
0	11
0	142
0	8
1	634
5	0
4	0
0	143
0	118
0	71
3	606
0	5
0	638
5	36
0	67
0	399
0	590
0	517
0	567
33	573
12	139
2	159
0	19
0	520
4	615
0	85
0	0
0	2
0	0
0	2
0	0
0	0
0	0
0	0
0	0
2	512
1	486
0	314
0	439
1	440
0	491
0	379
2	412
0	163
0	88
0	16
0	52
0	35
0	2999
1	2902
0	2999
59	2485
2	79
0	14
0	4
0	82
6	6
0	82
0	0
0	0
0	0
0	0
0	0
0	0
0	0
0	0
0	0
0	0
0	1173
0	1
1	0
0	0
0	1
0	1
0	2731
1796	3345
2	1276
20	507
2	768
4	140
20	253
0	0
0	0
0	0
0	0
0	0
0	0
364	1825
24	1825
1	13
0	6
0	9
1	1
0	20
0	379
3	371
0	90
49	287
0	275
0	55
0	5
0	92
0	42
22	70
3	16
0	48
3	119
26	1173
3	1143
5	455
3	308
1	423
1	345
0	2494
0	2478
18	2200
1	219
5	1391
1	1384
18	84
0	1147
1	82
3	162
14	253
0	186
3	179
0	278
4	197
0	151
0	130
13	68
0	15
0	15
0	15
0	15
0	12
0	13
0	0
0	0
0	9
1	9
0	2
0	410
0	92
3	28
37	87
0	27
1	184
0	158
8	140
2	410
4	93
1	28
0	74
6	128
4	200
0	75
22	13848
1	8066
26	13108
192	13732
18	6267
117	5060
0	92
13	1078
129	1194
4	75
0	70
4	111
2	136
4	62
1	112
1	162
9	372
3	18
19	77
1	29
0	56
0	77
4	219
8	15
20	61
12	142
0	41
16	288
1	150
20	33
0	2676
0	2799
10	406
8	2408
8	231
1	232
11	181
0	113
0	120
0	114
0	787
14	138
0	218
0	216
0	300
0	676
0	680
0	161
0	156
0	329
0	214
0	224
0	512
0	516
0	143
0	168
0	173
2	15
0	26
0	6
0	13
0	30
0	7
0	20
0	21
0	19
0	20
0	61
0	12
0	10
13	72
0	53
0	14
2	40
0	0
0	19
0	18
0	21
0	21
0	11
0	20
0	20
0	9
0	9
0	3
0	7
0	8
0	3
0	3
0	6
0	3
37	72
0	10
0	63
0	72
11	39
3	8
0	152
0	136
0	43
0	154
0	66
0	160
0	152
142	176
0	51
0	0
1	0
0	156
0	97
0	72
1	3
0	51
0	51
0	148
0	80
0	163
1	2
0	58
0	64
0	33
2	108
7	715
0	301
24	2141
1	3
0	210
5	2136
1	177
0	2085
0	127
11	1694
0	16
0	2102
0	21
2	0
262	20
6	18
0	26
0	0
0	0
0	0
0	0
0	0
0	0
0	23
0	45
0	354
0	42
0	41
3	28
4	366
0	355
0	355
0	212
0	27
0	275
4	109
1	49
0	730
0	778
9	16
34	560
3	507
2	538
2	659
31	53
0	115
0	28
0	58
18	145
0	145
0	7
0	20
6	10
1	639
2	95
0	101
0	87
4	72
4	29
0	16
1	10
18	0
0	626
0	639
4	109
284	173
0	127
0	112
3	46
0	2
0	46
0	23
0	16
0	54
2	48
0	53
0	14
0	53
0	36
1	44
0	38
0	6
0	8
0	32
0	32
5	36
0	9
425	0
88	78
0	78
0	59
0	5
0	13
0	0
0	0
0	0
0	0
0	0
0	0
0	0
0	0
15	1615
0	1582
0	1595
0	1598
0	1534
1	1558
0	1551
0	1502
0	1589
0	1587
0	1590
0	1575
0	1539
0	1570
0	1563
0	1562
0	1580
0	1575
0	1494
0	1533
0	1430
0	1509
0	1519
0	1535
0	1531
0	1543
0	321
9	346
0	343
0	319
0	1028
0	1070
0	1056
0	1083
0	1031
0	1063
0	881
0	913
6	880
0	854
5	84
20	259
0	742
1	87
1	131
1	456
0	0
2	370
0	73
2	19
0	0
3	1528
71	2198
0	881
0	2436
0	2419
1	1268
33	1225
1	1049
0	2557
0	1869
0	2573
8	1398
0	1942
31	2011
1	1134
0	502
0	1464
2	1499
0	1953
0	588
9	1
0	0
8	75
11	95
0	447
1	73
0	361
0	441
0	0
78	0
0	0
2	71
0	50
0	65
0	8
0	68
1	66
0	55
0	54
0	46
0	30
0	12
0	6
1	3
0	2
1	2
1	8
9	184
0	2
1	181
0	206
2	370
2	39
0	66
0	374
3	34
7	30
86	32
226	510
1	35
18	29
3	34
11	460
0	0
0	0
0	0
0	0
0	0
0	0
0	0
0	0
0	0
0	0
0	0
0	0
0	0
0	0
0	0
2	198
234	214
1	36
2	22
0	0
0	0
1	34
0	100
0	0
0	0
0	8
0	8
0	0
0	8
0	1
0	1
0	1
2	21
0	21
0	12
2	0
0	1
0	0
0	26
0	28
0	32
0	16
0	20
0	6
0	9
571	641
0	32
1	71
4	136
1	464
0	2
0	2
0	1
0	1
0	0
1	0
0	0
0	0
1	126
0	101
0	98
0	143
9	51
0	59
0	31
0	286
0	14
1	17
0	18
1	1
272	1843
1	1798
0	1648
0	1600
0	1748
0	173
20	403
1	195
0	102
17	262
0	253
0	222
9	42
0	136
3	80
8	167
0	507
1	750
0	776
5	147
0	765
0	156
0	513
1	67
0	610
10	618
0	345
0	519
881	617
1	257
0	15
0	10
0	10
45	194
0	169
0	124
0	166
0	127
0	3
0	56
0	145
0	12
0	37
0	837
0	0
1	0
0	856
0	808
0	716
59	754
0	355
0	480
1	310
7	758
0	406
8	135
38	236
245	119
4	51
1	15
0	15
0	3
0	0
0	0
0	123
1	168
0	173
0	16
0	19
2	16
1	17
0	14
0	6
0	0
0	0
0	1
0	1
0	1
0	1
0	0
0	0
0	0
0	0
0	0
0	0
0	0
0	0
125	542
9	531
40	484
0	4
6	62
0	60
0	62
0	62
2	60
0	53
0	48
0	53
2	47
0	35
0	32
1	30
4	6
0	2685
0	3317
0	3634
0	3295
0	2646
0	3438
0	3039
0	3573
548	3438
0	2876
0	353
0	0
0	2
0	2
0	2
0	0
0	0
0	0
0	0
0	0
0	1
0	1
0	0
0	0
0	0
0	0
0	1210
1	1140
0	1225
0	1325
0	1210
0	733
11	515
11	233
0	0
0	0
0	0
1	0
0	0
0	0
0	0
0	0
0	0
0	0
0	0
0	0
2	0
7	331
8	331
0	0
0	0
0	0
0	212
0	218
0	228
0	203
0	224
15	107
0	207
0	211
0	223
0	190
0	214
0	216
0	204
0	203
0	170
0	214
1	156
9	151
0	187
0	220
0	210
0	202
1	195
0	231
0	226
5	190
0	214
0	215
0	144
0	206
0	238
0	203
0	191
2	164
0	120
0	119
0	180
0	217
0	168
0	226
0	193
0	184
0	209
0	221
0	216
0	182
0	190
0	166
0	222
0	213
0	215
0	202
0	227
2	188
2	230
0	197
3	84
0	435
0	448
0	440
0	442
3	423
0	193
1	36
4	32
4	5
5	23
0	11
0	16
0	21
0	7
4	16
0	1
6	222
0	5
0	41
0	218
0	139
0	203
0	67
0	63
0	187
0	30
0	46
0	125
0	1104
0	373
0	53
4	991
0	91
10	259
0	70
0	271
0	231
0	257
0	99
0	89
0	65
2	176
0	277
0	135
0	278
0	224
1	3
0	11
0	9
0	9
0	17
4	27
0	12
0	120
0	16
0	16
2	21
0	18
2	9
0	13
0	4
5	729
0	710
0	557
0	588
0	291
5	95
0	122
0	129
0	165
0	134
4	121
0	50
20	33
0	239
2	33
1	228
3	227
2	44
1	78
1	30
0	33
0	88
0	203
0	34
8	97
1	6
3	102
0	56
0	359
0	6
0	554
0	553
0	554
0	554
0	553
0	554
3	554
0	541
0	568
0	557
0	146
0	512
0	482
0	464
0	460
0	126
0	196
0	374
0	371
0	362
0	0
1	162
0	195
0	173
0	117
0	19
0	32
0	22
0	33
0	20
1	29
0	22
0	21
1	14
0	16
0	22
0	15
0	6
0	0
0	4
0	0
0	4
0	38
0	30
0	30
0	38
1	26
0	6
4	274
2	293
7	853
2	330
0	954
0	850
1	1266
0	808
0	14
19	324
1	186
2	34
1	259
112	131
2	89
0	81
36	176
1	83
0	1271
5	278
0	210
0	43
0	297
1	269
1	5
0	88
0	32
0	48
1	25
0	10
0	6
0	6
0	1
0	1
0	1
0	0
0	0
0	1
0	0
0	1
0	1
0	0
0	0
0	0
0	104
0	204
2	204
0	205
0	201
28	16
0	39
1	19
0	17
0	10
0	14
1	9
0	4
0	4
1	111
1791	381
0	265
0	45
0	44
4	54
12	54
2	29
0	6
0	1
0	0
1	1
0	9
0	90
59	79
0	39
0	58
0	16
7	65
0	98
0	303
0	303
3	317
6	281
10	85
2	13
821	487
3	12
0	70
0	155
29	150
18	261
0	89
23	2
14	8
0	84
0	81
0	108
1	50
1	36
0	398
33	75
4	147
0	335
0	25
8	127
0	271
0	269
0	62
11	21
2	261
0	126
47	96
0	31
23	16
33	1692
2	1655
0	13
0	14
0	14
0	12
0	13
0	9
181	20
0	20
0	0
152	139
0	111
0	121
1	131
0	131
0	133
3	15
0	81
0	32
0	53
0	21
0	27
0	24
0	17
0	16
0	13
0	4796
0	5126
0	5000
0	715
1	3054
36	1577
0	1270
20	195
1	1362
3	343
0	567
0	544
1	594
0	789
3	840
0	832
0	499
0	372
0	624
1	719
1	711
0	724
0	790
0	537
0	430
2	475
1	343
0	232
6	130
0	22
0	66
0	67
0	38
0	323
0	326
1	324
9	185
1	32
1	18
0	25
0	10
2	24
4	19
0	41
0	33
0	33
1	22
1	13
0	3
0	5947
0	1064
0	124
0	5955
0	4509
3	449
0	6119
0	456
25	3318
59	3250
878	5176
0	549
0	663
1	2586
0	4231
2	1122
0	697
25	1058
10	317
0	3047
8	192
4	233
109	429
123	541
2	362
1	546
8	6
3	82
0	82
1	229
0	13
0	12
0	149
0	0
0	20
0	217
0	190
0	134
0	121
0	17
0	0
0	93
0	15
0	21
0	20
0	0
0	0
0	0
0	404
0	0
0	0
0	0
0	176
0	391
0	794
0	799
0	17
1	0
0	576
17	25
1	0
2	28
0	42
1	14
10	329
0	66
0	794
0	799
4	300
33	278
0	215
19	92
0	70
0	0
0	0
0	0
0	0
0	0
0	0
0	0
0	0
0	0
0	0
0	0
0	0
0	0
0	0
0	1
0	1
0	1
0	1
0	1
0	1
0	0
9	2000
0	3118
14	1623
3	1588
0	600
7	2493
0	1614
0	36
0	0
19	654
0	1680
13	390
0	1438
0	556
0	464
0	673
1	576
2	168
3	0
0	1432
2	1254
0	600
0	172
0	1432
2	1363
0	206
30	446
0	489
0	1366
0	122
21	88
0	404
0	357
0	374
0	327
0	390
0	436
0	77
1	327
0	380
1	377
39	1185
1	629
0	603
0	545
4	216
11	315
13	111
0	254
0	261
13	4
0	272
1	102
0	71
0	55
0	127
0	98
0	419
0	98
0	105
0	27
7	249
0	392
0	406
0	52
0	30
0	170
4	131
0	344
1	587
1	218
0	173
0	186
24	476
39	257
0	278
0	302
0	205
7	173
14	81
0	179
0	260
0	183
4	126
3	249
0	224
0	194
0	247
0	150
0	207
0	115
0	190
0	215
0	138
12	39
0	90
0	67
0	57
0	58
0	44
0	31
0	14
0	20
0	9
0	14
0	40
0	12
0	12
0	15
0	25
0	13
0	18
0	19
0	14
61	538
20	538
388	265
0	0
0	0
0	0
0	0
0	0
0	0
1	1225
6	1225
0	0
11	253
0	3
0	782
0	722
0	722
0	350
0	272
0	3
27	669
0	242
0	260
0	265
0	262
59	235
0	240
0	249
0	236
0	262
0	240
0	36
0	31
0	15
4	74
2	67
0	51
0	42
1	12
0	8
0	50
0	34
1	34
0	35
0	614
0	616
10	616
0	0
0	0
0	1070
0	1083
6	204
0	23
11	204
14	22
0	937
0	935
0	949
0	930
37	548
1	927
0	927
3	125
4	33
0	48
0	121
13	14
5	91
11	423
0	36
0	27
0	96
16	22
0	81
4	70
1	65
0	742
16	213
0	124
4	1
1144	1
0	0
0	0
0	0
0	1408
0	1368
0	1391
0	1422
0	1358
2	330
1	114
0	129
5	34
15	8
0	88
0	34
0	97
0	41
0	34
0	507
0	789
0	187
0	697
0	574
117	529
2	503
0	568
0	793
2	587
0	520
0	662
0	702
0	259
0	188
6	170
0	584
0	213
0	280
0	192
0	163
0	168
0	332
0	35
4	76
0	302
0	171
0	204
0	248
0	217
0	218
0	17
5	13
0	172
0	295
0	310
57	300
0	206
0	157
1	130
1	109
0	102
0	91
0	34
0	33
2	16
0	793
0	778
0	573
0	520
0	80
10	77
5	72
0	0
0	0
2697	1416
0	112
0	206
0	69
22	956
0	1025
15	610
1	211
3	213
45	33
3	133
3	77
0	0
0	0
0	0
0	0
0	0
0	0
0	0
0	0
0	0
0	0
0	0
0	0
0	2
0	2
0	2
0	2
0	2
0	0
174	1233
0	57
0	67
0	81
1	14
1	15
6	15
1	375
0	377
0	368
0	374
1	367
26	310
39	363
0	363
0	231
18	262
0	168
0	101
0	144
0	43
0	83
0	28
0	0
0	0
0	0
0	0
0	0
0	0
89	72
0	74
10	73
0	9
1	546
146	570
1	181
4	156
6	523
2	502
0	654
0	660
0	633
0	679
0	660
0	670
0	658
0	669
0	616
0	586
1	560
0	448
0	353
0	311
0	411
1	41
7	14
0	162
1	43
8	28
1	26
0	71
1	47
1	814
4	807
0	802
0	11
22	10
0	5
1	36
4	46
0	21
57	93
0	66
0	26
0	69
0	62
0	9
1	13
1	0
0	18
5	2
3	8
1	9
7	5
0	0
0	0
0	0
0	0
0	0
0	0
0	0
0	0
0	0
0	0
0	0
0	38
0	8
2	269
0	9
0	184
0	174
0	4
1	24
0	96
0	8
0	81
0	58
10	498
0	504
0	137
1	94
1	104
4	157
1	108
0	95
1	79
6	1080
0	1021
0	994
0	356
0	181
9	173
7	111
1	132
0	73
0	85
2	72
0	71
0	0
0	0
0	0
0	0
0	0
0	0
0	0
0	0
0	0
15	581
35	569
0	582
0	457
315	624
1	605
15	245
0	305
0	328
0	311
0	295
2	288
0	302
0	737
4	726
0	938
0	791
0	1074
0	933
0	425
0	403
0	731
0	284
0	326
0	587
3	487
0	289
0	359
0	217
0	212
0	172
8	0
0	0
0	0
0	0
0	0
0	0
0	0
0	0
0	0
78	3
0	3
7	3391
0	3413
2	3301
9	2965
0	2506
0	2875
0	253
10	243
0	167
1	121
3	62
6	296
8	977
1	143
0	460
10	197
0	177
2	176
1	205
1	71
0	0
0	0
0	0
0	0
0	0
0	0
0	0
0	938
3	31
0	388
1	724
1	771
0	165
0	229
0	980
0	1016
2	148
0	44
0	62
14	527
0	45
0	59
0	104
0	98
1	13
0	184
1	1
0	998
0	990
0	86
0	189
110	307
0	151
0	300
1	15
0	6
1	45
2	46
1	373
0	174
0	358
0	364
5	374
0	349
0	69
0	87
0	45
0	121
0	43
2	50
0	88
0	31
414	1132
5	1094
2	299
8	297
0	163
5	119
2	116
0	144
0	4
0	5
2	32
0	40
0	40
1	5
0	0
0	3
0	2
0	7
0	0
5	327
752	438
0	356
12	35
0	384
1	280
0	181
0	441
0	34
1	136
2	5
3	4
0	4
0	1
0	1
1	0
0	1
0	1
0	1
0	1
2	1
0	1
0	0
0	1110
0	422
0	269
0	893
0	160
0	1064
0	965
0	1077
22	975
3	34
0	34
0	11
0	13
0	34
2	2
0	33
0	1
0	1
0	13
0	44
0	22
0	8
0	53
0	24
0	1
0	59
0	54
0	55
0	34
0	43
0	49
0	22
0	49
0	17
0	15
0	34
0	17
0	19
0	0
0	4
0	5
0	2
0	124
83	306
0	263
0	27
0	22
0	853
0	15
0	15
0	33
0	859
0	4
1	53
0	822
0	33
0	37
0	812
0	849
0	129
0	613
17	793
0	166
1	172
0	136
0	66
1	72
0	227
1	92
4	41
2	0
0	186
1	55
0	201
0	95
3	0
10	166
0	0
0	0
0	127
4	187
0	91
0	187
14	180
0	188
0	168
0	133
0	55
0	5
0	27
0	10
0	56
0	27
0	21
0	25
0	48
0	157
0	46
8	256
0	162
0	28
0	25
0	37
0	10
0	53
0	35
0	29
0	69
0	265
0	188
0	42
0	38
0	224
3	245
9	2
0	26
8	27
0	58
37	867
0	880
0	868
0	748
0	590
0	654
5	247
41	111
21	80
21	0
0	33
0	29
0	62
0	70
0	76
0	73
0	75
0	79
0	78
0	68
0	69
0	78
0	57
0	84
1	268
0	270
0	87
0	35
0	0
0	6
0	263
0	73
1	253
0	670
0	2501
0	1242
4	268
1	2489
1	1436
3	85
0	840
12	0
0	483
34	302
0	2110
0	2458
7	74
3	646
0	25
0	41
400	1627
0	498
1	193
4	141
0	33
0	407
4	238
1	104
7	595
0	492
1	119
0	208
0	404
20	420
0	287
0	252
0	208
0	143
2	38
0	130
325	161
0	40
0	57
0	913
10	1072
0	486
2	544
0	1014
0	1095
6	526
0	1132
0	606
2	57
0	1163
2	1164
0	309
5	774
0	0
16	81
684	204
2	209
0	34
5	0
11	70
2	26
0	1
0	17
1	11
1	28
0	19
0	1
0	5
0	4
0	9
0	10
2	11
0	7
0	4
0	5
0	0
1	209
0	211
0	357
3	468
14	148
0	440
2	437
14	353
1	179
14	140
0	23
0	99
2	54
4	70
0	25
0	31
0	0
206	492
1	465
0	472
0	45
0	491
4	353
0	289
0	285
1	189
0	0
0	0
0	0
0	0
0	0
0	0
0	0
0	0
19	597
0	878
1	842
10	866
5	111
0	65
0	96
3	66
0	20
0	58
2184	1007
0	34
0	931
3	341
1	104
146	214
0	183
0	132
19	138
0	110
0	41
0	153
1	1120
0	1157
9	171
0	658
12	631
0	105
14	512
4	67
1	97
0	73
4	94
2	57
4	73
4	170
1	28
4	62
0	66
0	51
2	53
0	48
0	30
0	0
2	0
0	2268
0	107
0	327
0	491
0	31
0	2191
16	2160
0	54
0	697
0	104
0	61
0	442
5	95
0	183
0	853
2	1986
0	490
0	59
0	244
7	178
0	102
0	330
0	152
2	107
0	738
0	738
0	715
1	516
0	668
0	707
0	647
0	733
0	726
0	692
0	714
0	727
0	706
0	695
0	635
0	569
0	687
0	697
0	701
0	661
0	701
0	676
0	445
0	72
0	57
0	62
0	145
0	80
4	136
0	143
0	122
0	90
0	82
0	42
0	10
0	38
0	13
0	121
2	13
0	120
0	123
1	120
0	8
0	434
193	485
1	30
17	348
8	375
9	333
0	326
0	481
0	162
230	342
0	203
0	72
3	237
8	124
0	252
0	123
5	22
22	812
0	17
0	353
1	10
4	87
0	858
34	858
0	854
3	854
3	851
4	663
0	83
3	702
1	705
1	684
0	685
0	596
0	436
0	255
9	53
5	20
0	116
2	104
0	41
0	9
0	25
0	20
11	7
0	56
0	51
0	58
0	61
0	62
0	50
1	22
4	22
0	20
3	3
7	20
0	1342
4	1345
0	1352
11	938
0	291
0	905
0	944
0	826
0	175
6	29
0	29
0	63
0	80
0	89
4	97
0	8
0	60
0	7
1	44
0	44
0	43
0	21
0	15
0	15
0	0
0	0
0	939
0	482
3	459
8	123
0	450
2	434
0	463
0	453
0	466
140	166
2	165
0	103
12	74
2	303
1	245
0	298
0	303
3	294
19	79
0	293
0	287
7	97
1	190
1	49
24	297
1	83
1	297
19	216
0	694
1	564
1	47
3	426
9	72
0	0
0	2
1	1430
1	2
1	860
0	2
0	243
0	279
3	686
0	1525
0	376
0	1
1	322
3	14
31	1072
6	139
0	0
0	419
0	408
0	385
18	410
0	419
5	170
0	163
1	30
754	260
0	259
2	125
20	496
0	32
0	34
1	79
5	356
1	51
0	77
57	284
42	56
6	243
4	0
0	989
1	64
0	1047
0	929
4	275
4	978
1	144
24	114
3	790
8	67
0	319
20	260
0	210
1	8
0	83
0	25
0	21
0	0
0	4
0	40
0	25
0	28
0	30
0	41
1	38
0	9
1	16
0	10
0	12
0	1005
0	1138
0	838
1	733
6	869
0	970
12	1010
473	2020
0	1890
0	351
0	513
0	129
0	101
0	215
0	1097
1	373
0	0
0	0
671	335
0	335
2	3
1	3
0	1
0	0
5	276
17	276
0	40
0	53
0	506
0	503
5	471
0	471
0	253
3	379
1	206
2	91
3	112
3	127
0	68
4	83
0	98
0	35
3	33
0	9
1	59
0	39
44	59
17	2254
741	2244
0	202
0	0
0	0
0	164
0	55
0	160
0	140
0	65
13	115
0	51
1	30
3	14
2	143
0	177
0	382
0	182
0	173
0	179
2	67
0	14
0	177
0	55
0	177
0	87
0	177
0	177
0	177
0	17
0	315
0	6
0	115
0	19
2	11
0	0
2	0
0	0
0	0
0	0
0	0
0	0
0	0
0	0
0	0
0	0
0	0
0	0
0	0
0	0
18	1123
0	1124
0	1089
0	269
3	94
25	44
0	95
105	724
7	176
0	65
0	846
0	410
0	0
0	140
0	874
1	1
5	54
28	927
0	109
0	132
0	866
0	40
0	405
0	194
0	749
0	851
0	344
0	327
0	96
67	31
0	1130
0	1123
0	1048
11	997
1	306
0	111
4	0
29	247
0	124
0	40
6	855
1	1798
51	1801
0	230
5	9
1	1154
124	864
1	1358
0	1467
0	380
29	1073
2	615
0	720
0	690
3	167
0	337
4	242
1	158
175	432
1	432
0	1108
0	1157
5	744
0	779
0	664
0	670
13	239
0	605
0	473
1	232
0	250
0	297
1	225
8	214
2	56
0	73
0	90
20	125
22	28
0	1107
1	345
3	346
2	316
2	108
0	248
0	241
1	250
0	260
0	271
0	222
0	60
0	131
0	149
4	5
2	16
0	153
0	153
1	153
0	58
0	41
0	3
0	27
0	13
0	22
0	7
0	9
0	7
0	8
0	7
0	2
0	3
0	5
0	3
0	2
0	59
0	64
0	22
0	65
4	58
0	66
0	27
0	8
0	2
2	4
0	21
0	3
0	3
0	3
0	3
0	3
0	3
0	3
82	31
0	31
0	0
0	0
0	182
5	181
0	165
1	182
0	218
2	35
0	177
0	180
0	77
0	97
0	72
0	70
0	43
2	29
0	106
0	42
0	15
88	1
24	81
4	69
1	39
0	0
0	0
0	0
0	0
0	0
0	0
0	0
0	0
0	0
0	0
0	0
0	0
0	232
1	0
2	1
0	1
0	166
0	522
0	512
0	519
3	473
0	488
0	480
0	32
1	459
0	127
0	478
1	6
1	57
0	10
0	62
0	46
0	9
0	12
2	50
0	44
0	149
0	151
0	143
0	14
0	7
0	148
0	142
0	136
0	134
0	100
0	106
0	13
0	20
0	8
83	119
0	105
0	29
2	58
3	43
0	27
0	20
4	9
3	22
0	22
1	7
0	1
0	2
0	7
0	121
0	111
1	116
2	121
2	18
0	10
0	0
0	1
0	1
0	0
0	0
0	453
0	534
10	527
0	646
0	661
0	648
0	688
0	453
0	158
0	216
0	465
0	532
0	454
0	698
0	698
0	565
0	399
0	704
0	442
0	703
1	399
3	453
8	400
0	537
0	441
0	452
10	434
0	664
0	702
0	452
0	703
0	400
0	400
0	466
0	47
0	688
67	698
0	470
0	209
0	605
0	657
0	682
0	219
0	455
0	407
0	403
0	106
0	178
1	288
2	263
2	165
0	313
0	320
0	194
0	44
0	204
0	18
0	166
0	146
0	22
0	7
0	51
0	18
0	28
0	34
0	26
0	23
0	5
7	2
0	1
0	0
5	123
4	122
1	123
0	0
0	0
0	0
0	1175
12	1177
55	1173
0	998
2	977
0	923
0	679
24	609
0	670
3	700
0	649
0	593
0	408
0	182
1	241
2	235
2	85
10	5
0	1178
1	6
0	1
3	7
0	4
0	4
42	3
0	2
0	2
0	1
0	3
0	3
0	79
0	102
0	8
0	3
0	1
0	14
0	94
0	15
0	89
0	10
0	11
0	1
0	83
0	0
0	8
0	88
3	4
0	11
0	57
0	2
0	8
2	10
0	19
0	6
0	10
5	30
0	14
0	0
0	0
0	0
0	0
0	0
0	0
2	72
0	55
2	4
0	15
0	1
4	56
0	2
0	53
0	22
0	0
0	3
0	0
0	0
1	0
0	0
0	0
0	1
0	1
0	1
0	11
1	11
1	3
2	49
0	31
0	10
0	46
0	8
0	28
0	32
0	2
1	6
1	84
0	561
0	559
0	548
2	459
0	475
0	305
0	990
0	988
10	730
0	682
0	888
0	939
5	522
0	457
1	416
0	46
2	65
0	73
3	151
0	80
0	88
0	68
0	89
4	56
0	94
0	76
3	41
1	31
0	35
0	37
9	26
0	0
19	124
37	83
5	71
0	74
0	66
0	5
0	44
0	25
3	16
0	9
0	5
0	0
0	0
0	0
1	232
0	162
0	232
0	138
4	136
0	149
2	0
0	1
0	1
0	0
0	0
26	10
0	9
0	2
0	205
0	222
1	71
1	23
239	675
0	662
28	574
0	3
0	2
0	3
0	3
0	3
0	1
0	0
0	2
0	1
0	1
0	1
2	1
0	0
0	0
7	7
2	7
2	0
0	347
0	176
402	1064
1	225
0	246
2	116
0	231
0	104
7	524
0	0
121	962
2	402
0	513
3	251
4	564
4	288
21	391
0	1207
0	1207
62	678
0	687
38	1119
0	49
1	103
3	143
2	99
5	83
1	82
40	41
0	59
20	79
0	0
0	0
0	222
0	1411
0	1536
0	1424
5	74
0	144
0	158
0	515
2	1385
0	247
0	32
12	494
0	0
0	0
0	0
68	306
7	306
0	178
0	328
65	383
0	6
2	6
0	891
0	891
11	886
0	885
2	670
0	99
1	99
0	19
0	0
0	37
0	27
0	3
1	1
0	0
0	207
0	19
0	122
2	10
0	214
1	28
0	0
0	0
0	0
0	0
0	0
75	933
0	5
2	772
0	798
1	269
0	142
0	148
1	23
1	50
0	142
0	284
0	719
0	72
0	694
0	62
0	91
0	86
0	700
0	36
0	202
0	664
0	618
0	3
0	113
29	235
18	228
0	215
4	43
1	114
1	75
0	0
0	1
0	1
0	1
0	0
0	0
0	774
0	746
0	762
0	677
0	758
9	0
3	17
0	99
1	140
0	98
1	117
0	124
0	118
0	115
4	113
1	88
0	1100
0	922
0	1139
0	1144
0	1143
0	1022
17	158
0	159
0	523
15	124
1	144
1	55
4	32
0	377
1	211
2	173
0	178
0	196
3	62
1	43
0	0
0	0
0	0
0	0
0	0
0	0
0	0
0	0
0	0
0	0
0	0
0	0
0	0
0	0
3	1289
0	61
0	1316
3	57
0	26
3	81
11	109
8	57
14	210
0	0
0	0
0	0
0	0
0	0
0	0
0	0
0	3661
0	1046
2069	4160
2	1019
0	886
0	779
0	3125
0	634
0	250
9	2691
1	683
0	3613
1	538
0	664
0	924
2	467
3	1261
3	1344
2	700
0	0
0	0
0	0
0	0
0	0
0	11
0	186
0	24
3	210
26	21
0	8
0	8
0	12
1	7
0	20
0	8
0	178
0	0
0	20
0	13
0	0
1	0
0	19
0	13
28	127
0	0
0	0
0	0
0	22
0	125
0	88
0	75
0	0
0	35
0	5
0	0
0	0
0	0
0	1
0	4
0	4
0	3
0	4
0	4
0	3
0	3
0	3
0	1
0	0
0	0
0	1817
0	1525
0	1389
1	1547
0	1222
3	1805
3	407
5	71
5	105
9	157
1	38
1	180
0	177
3	125
0	116
0	116
1	375
0	645
0	626
0	8
8	274
1	424
0	434
7	143
0	16
28	176
1	9
0	67
1	49
55	3
0	1
2	2
2	1229
0	1229
0	138
0	3962
0	35
0	103
0	991
0	93
22	113
0	97
47	1050
0	1
0	4
0	5
0	4
0	23
0	1
0	1
0	11
0	21
0	4
31	24
1	20
0	4
0	4
0	0
0	0
0	0
0	0
0	4
0	4
0	1
0	1
0	0
0	0
0	0
0	4
3	2
0	3
0	0
0	739
7	601
1	469
0	491
0	415
45	417
2	309
2	347
2	347
1	220
0	333
1	295
0	190
0	91
23	0
49	1383
4	73
0	1392
0	133
0	1384
0	26
0	21
0	17
5	31
0	28
0	28
0	28
0	24
0	27
0	23
0	22
0	15
0	10
5	10
0	13
0	0
0	226
0	28
0	22
0	208
0	19
1	12
0	152
0	16
6	216
18	26
0	140
0	684
0	39
14	348
23	365
0	109
151	685
0	155
0	16
0	163
0	16
6	14
0	8
0	8
0	70
0	72
0	16
0	15
0	27
0	219
0	16
8	442
0	451
0	447
0	3
0	17
0	8
0	13
0	6
2	0
81	1
0	430
0	415
9	404
0	388
0	19
0	210
1	210
1	0
0	0
0	0
0	0
0	0
1	21
0	28
0	28
0	6
1	1
0	0
317	60
0	25
1	27
0	30
0	4
0	3
0	5
1	8
1	0
12	244
66	226
0	241
0	118
0	133
0	24
0	271
84	1243
0	196
0	135
0	135
2	173
0	531
2	1045
0	981
0	1290
2	74
2	132
0	239
1	223
14	178
33	85
56	351
0	796
1	805
18	344
0	788
0	780
0	275
0	52
0	69
0	10
0	8
0	0
0	0
0	0
0	0
0	71
1	123
2	174
1	102
1	96
1	69
0	0
0	0
0	0
0	1
0	0
0	0
0	0
0	235
0	274
0	310
0	320
0	322
0	268
0	354
0	320
0	352
0	367
1	323
0	356
0	380
0	111
4	284
0	36
0	305
0	188
7	144
0	301
0	332
1	335
0	367
0	318
0	324
0	201
0	287
0	94
0	318
0	50
0	243
0	264
0	269
0	149
0	76
0	19
0	168
0	48
1	78
0	54
0	52
0	88
0	79
0	66
0	37
2	23
5	19
0	408
0	495
0	527
0	641
0	540
0	264
0	467
0	468
0	457
0	527
0	630
0	654
0	597
6	584
0	381
0	467
0	409
0	438
0	437
1	119
0	493
0	552
5	1033
0	1045
0	1057
0	1075
0	1051
0	1027
0	22
0	419
0	185
0	686
1	698
0	696
0	639
8	431
1	626
0	724
0	610
1	637
0	682
0	549
0	607
0	628
0	481
2	582
42	528
0	413
0	298
0	199
0	93
1	80
8	354
321	565
7	444
2	4
7	233
1	88
0	176
0	176
0	179
15	192
2	40
0	160
3	69
0	138
1	178
0	165
0	172
0	190
0	178
0	196
0	78
0	133
1	170
1	152
0	9
0	18
22	38
0	4
0	0
0	0
0	0
0	186
0	162
0	411
0	406
0	169
0	239
0	111
0	119
0	156
0	8
0	0
0	163
0	428
0	439
2	96
0	394
3	75
51	240
0	119
0	152
8	165
11	0
1	193
0	209
6	76
0	196
1	43
0	89
0	160
28	50
0	120
0	0
530	382
21	98
4	100
0	50
0	46
1	44
0	6
0	92
0	42
0	71
14	0
0	69
93	35
0	76
4	195
0	43
0	672
0	184
0	322
377	802
0	266
0	150
2	6
0	104
14	0
0	26
0	110
0	125
0	38
0	56
1	53
0	111
0	65
0	98
0	118
0	68
7	71
0	44
0	22
9	36
0	36
0	87
0	73
0	72
0	39
3	55
0	23
0	56
5	80
0	30
0	57
9	36
1	447
0	159
0	515
0	211
0	211
3	236
0	470
0	466
0	537
6	454
0	170
1	171
1	170
0	235
0	317
0	442
0	481
1	532
0	616
0	732
0	385
0	322
1	427
0	81
0	114
5	525
0	132
0	28
0	377
0	1228
0	183
34	1561
1	638
291	764
0	1955
0	762
170	797
0	1244
0	1932
2	960
0	897
14	761
0	1232
0	820
18	1918
18	692
25	22
1	16
11	34
0	19
2	718
0	720
0	511
14	21
1	15
13	36
0	515
56	475
0	0
0	0
0	0
1	28
0	25
0	15
0	14
0	7
0	669
22	605
0	664
0	634
1	68
2	254
0	222
0	209
0	201
0	176
0	66
0	96
0	51
0	665
0	662
0	443
0	454
37	447
0	405
1	18
0	61
1	8
33	408
18	679
17	170
22	542
2	520
0	527
2	96
2	54
1	188
0	47
32	41
0	32
5	23
1	23
0	3
0	3
0	3
0	0
0	3
0	0
0	0
0	3
0	3
0	0
0	0
0	0
0	3
0	3
0	3
0	3
0	3
0	0
0	0
0	155
0	155
0	99
0	90
1	74
1	13
0	21
0	15
0	9
16	7
0	1
0	6
265	64
3	53
0	37
3	29
0	0
0	0
0	0
3	218
0	221
0	11
0	5
0	16
1	85
0	1
8	101
0	91
1	2
0	22
0	13
0	14
0	13
0	8
0	3
0	2
0	3
0	2
0	2
0	2
0	1
0	3
0	2
0	1
0	1
0	0
2	64
1	67
0	65
1	65
0	2401
51	597
0	2414
1	2410
0	2357
0	2335
71	2330
0	171
0	142
1	213
14	423
55	0
16	966
0	970
0	966
0	968
0	945
0	966
3	791
0	437
0	466
0	349
0	63
0	94
1	66
0	78
0	76
0	78
0	44
0	61
0	48
0	36
0	1
0	935
0	938
0	945
4	761
3	934
0	987
0	367
0	979
0	52
0	19
0	199
0	132
0	128
0	119
0	112
0	112
0	53
1	38
2	27
0	18
0	19
0	947
0	317
0	296
0	331
0	71
0	25
0	100
0	326
2	12
0	24
0	0
0	0
0	0
0	479
0	523
0	523
0	65
0	517
14	27
0	522
0	97
0	515
0	515
0	492
0	21
0	89
3	0
1	503
0	30
1	43
0	0
0	1
0	0
0	0
0	0
0	1
0	1
0	0
0	0
0	0
0	0
0	0
0	0
0	0
0	0
0	0
0	0
0	0
0	0
0	0
0	0
0	0
0	0
0	0
0	0
0	0
0	0
0	0
0	0
0	0
0	2
0	0
0	1
0	0
1	0
19	2260
1	2388
1	360
19	332
0	219
0	52
1	53
0	758
5	92
1	168
0	35
0	52
0	755
0	187
0	54
0	43
0	51
0	53
0	53
0	13
0	46
0	46
0	1
0	43
0	25
0	7
0	20
0	4
0	53
0	9
0	28
0	15
0	2
0	23
0	17
0	0
0	0
0	0
0	0
2	62
2	37
0	752
0	86
1	775
0	729
2	22
0	0
0	0
0	0
0	0
0	0
0	0
0	0
0	1
0	0
0	0
512	125
0	123
0	0
0	0
0	0
88	513
0	482
0	378
0	397
0	334
0	327
0	317
0	246
0	231
0	194
0	221
0	155
0	170
0	135
3	131
0	79
0	55
22	48
9	28
11	16
0	22
0	13
0	0
0	383
0	357
33	262
0	370
1	156
0	119
15	358
1	149
0	61
0	216
1	63
0	4
0	20
0	44
6	48
2	111
0	66
1	79
5	63
0	36
0	66
0	48
2	40
12	16
0	42
0	63
0	39
3	42
9	56
0	27
0	76
66	151
6	136
0	132
0	9
2	25
0	31
0	0
0	0
0	0
0	0
0	1
0	1
0	9
0	9
0	0
0	0
0	0
0	0
0	0
0	0
0	0
0	0
0	0
0	602
0	677
9	533
0	252
0	586
1	581
0	501
0	351
0	516
5	422
0	564
0	245
1	202
0	241
0	241
1	201
0	0
0	0
0	0
0	127
0	1323
0	1307
19	781
0	1231
1	1230
0	1261
0	332
5	290
26	686
0	519
5	191
18	450
3	346
0	220
0	216
0	161
0	203
0	0
0	24
0	21
6	23
0	2
0	1
0	1
0	2
0	2
2	0
0	753
0	36
0	44
0	52
0	91
0	237
0	108
0	133
0	931
1	945
1	0
0	717
0	18
3	62
0	63
0	32
0	106
0	206
0	64
0	31
0	633
0	633
15	136
0	102
0	86
0	43
0	28
0	0
169	0
0	123
2	95
9	372
3	344
5	406
3	323
4	360
0	314
6	57
0	2502
0	2502
0	560
3	644
76	5203
0	16851
0	16536
127	5062
0	5926
31	5365
0	7680
56	7506
0	7428
10	4513
1	4433
0	4075
38	3669
4	777
0	64
0	722
4	718
0	277
28	61
3	240
4	515
10	31
1	222
1	14
0	43
29	102
9	45
0	45
3	29
20	14
10	228
13	8
0	49
0	76
25	146
0	66
0	20
9	97
1	20
14	31
1	38
0	15
0	3
7	8
0	368
5	368
8	325
1	187
7	50
0	322
5	17
127	448
2	404
1	357
1	93
0	57
2	83
0	0
2	3
0	3
13	17
1	692
0	731
8	607
1	8
0	28
0	66
0	515
0	0
13	244
0	17
0	61
0	0
0	331
0	683
0	611
0	50
764	1028
2	481
1	867
0	168
2	146
0	63
0	0
0	0
0	0
0	0
0	0
0	0
0	0
0	0
3	294
2	428
0	426
1	429
0	349
0	505
6	97
3	431
5	440
0	374
24	129
0	45
5	399
0	371
2	263
0	1707
6	1686
0	1698
0	1423
0	1511
0	1333
0	1277
0	1265
9	108
1	126
1	246
1	59
0	236
9	288
0	125
672	603
3	478
3	18
0	73
1	0
0	0
0	0
0	0
0	0
0	0
0	0
1608	4250
9	425
2	343
0	4063
1	1991
0	0
0	0
0	737
0	30
0	30
0	8
0	0
3	373
0	387
0	373
0	0
0	0
0	391
9	347
0	353
1	40
3	362
0	830
11	823
1	851
0	240
2	189
0	116
2	530
1	491
19	1154
0	15
0	109
0	37
1	355
1	29
0	113
0	1153
0	23
0	701
0	74
2	112
0	5943
13	5736
0	5828
1	5873
0	5856
7	678
3	324
0	5007
24	3087
0	137
6	91
11	1010
0	42
3	1347
0	132
0	223
1	292
3	350
1	222
1	17
0	422
0	12
8	399
1	399
6	24
3	34
0	835
79	1183
0	1159
0	1158
0	1156
2	1156
4	331
0	312
1	176
3	303
16	277
0	156
2	0
0	0
0	6
0	30
0	133
1	65
1	219
0	115
4	203
0	127
0	77
0	56
1	58
3	20
0	4
0	13
0	1082
9	1113
3	1101
0	1115
0	1076
0	1091
1	1075
0	1033
3	452
4	34
0	12
0	36
0	0
0	0
0	0
19	2
0	233
0	232
0	233
0	33
1	1005
0	1014
2	1061
1	1256
0	1306
0	1152
3	1160
0	1257
0	1247
0	1356
1	218
0	1281
0	1227
0	1240
0	1131
0	1084
0	1
0	1
0	0
0	0
0	0
0	0
0	0
0	0
0	0
0	30
0	30
0	1
0	4
0	30
0	30
0	31
0	19
0	28
0	1
0	6
0	17
1	19
0	30
0	30
0	31
0	31
0	29
0	32
0	32
0	31
0	31
0	32
0	31
0	33
0	32
0	31
0	28
0	32
0	29
0	32
0	30
0	32
0	31
0	32
0	32
0	31
0	25
0	31
0	32
0	27
0	32
0	28
0	28
0	16
0	32
0	32
13	33
0	32
0	29
0	26
0	28
0	30
0	26
0	33
0	30
0	27
0	30
0	32
0	31
0	30
0	12
0	32
0	21
1	1
0	4
0	6
0	1
0	0
0	30
0	6
0	29
0	27
0	29
0	27
0	1
0	0
0	14
0	21
0	6
0	24
0	3
0	4
0	19
0	15
0	4
0	14
0	15
0	16
0	14
0	14
0	14
0	2
0	15
0	11
0	0
4	13
0	7
0	5
0	3
0	3065
0	3064
1	3100
21	892
6	3122
0	1620
0	230
0	221
0	309
0	3063
0	3149
0	3020
77	585
0	2931
0	2855
0	3062
0	103
0	3103
0	72
0	202
0	3097
0	3094
0	3183
0	3095
0	3095
0	3117
0	239
1	2902
0	243
4	2589
70	2449
9	1690
0	1571
0	13
0	0
99	13
0	0
0	0
0	0
0	0
0	0
0	0
0	0
0	0
99	787
1	766
0	666
7	189
0	12
0	54
0	60
0	102
4	45
1	31
0	64
0	61
0	63
0	50
0	34
1	27
0	25
0	10
0	1955
0	1653
0	1906
0	1499
0	250
0	1973
0	1522
1	80
1	156
0	89
0	156
0	173
0	122
0	438
0	392
0	1237
0	973
0	1885
0	328
0	200
0	1302
3	1
0	229
0	148
0	73
12	44
0	78
4	115
14	189
10	289
30	1765
0	1765
0	984
2	93
13	727
0	1126
0	86
0	1152
1	109
0	667
0	1040
1	187
0	154
5	121
118	831
0	155
3	90
0	10
0	11
0	11
0	1
0	317
275	5887
0	4474
0	2498
42	4256
0	4199
0	1868
1	2066
0	2315
0	2276
0	1807
1	218
0	1066
0	1367
0	1118
3	666
14	992
2	575
0	388
0	575
4	336
1	380
0	152
7	387
0	263
6	150
19	426
1	273
3	14
0	352
0	163
4	202
6	131
0	180
0	139
0	123
0	131
0	99
0	1
0	1
8	1813
1	1795
0	51
0	1847
0	78
0	1791
2	143
8	111
0	108
0	33
0	20
0	26
0	20
0	18
0	0
0	14
0	8
0	1
0	0
1290	634
6	137
6	497
3	20
0	147
0	160
0	17
0	60
0	86
0	89
0	166
0	125
0	146
0	136
0	158
0	159
0	17
0	20
2	158
0	102
0	46
0	137
0	56
0	57
0	38
0	144
0	145
0	32
1	19
0	51
0	70
4	57
1	3
0	3
0	708
0	739
0	556
2	626
0	185
0	414
0	757
0	625
17	744
0	608
0	393
0	167
0	737
0	568
0	729
0	421
2	741
0	164
0	593
0	242
7	599
1	48
43	368
0	72
0	352
0	460
0	391
0	59
0	98
0	124
0	225
1	224
0	284
0	231
0	228
0	143
0	290
3	240
0	312
2	348
0	178
0	445
0	126
0	252
0	31
3	212
0	201
131	987
0	987
0	987
0	987
13	45
4	149
1	139
0	150
0	148
0	1
0	3
0	3
0	1
0	1
0	0
0	115
0	74
10	3
0	3
0	190
0	127
0	149
0	852
0	141
0	294
0	929
37	55
0	368
0	235
0	208
0	522
1	873
0	65
0	145
0	924
1	209
0	226
3	144
9	919
59	844
0	207
25	782
92	223
0	209
0	207
1	197
0	212
0	69
3	104
0	148
10	36
1	109
1	10
1	81
5	20
0	84
4	79
0	31
0	18
0	0
0	133
0	0
8	140
2	7
0	133
0	133
2	2
0	14
2	644
0	351
5	300
7	209
12	660
0	617
0	182
3	77
0	31
3	178
0	496
3	115
44	166
67	574
0	159
72	502
6	154
21	66
0	89
12	21
0	291
0	360
0	34
0	378
18	375
0	104
0	126
1	117
0	54
1	107
1	34
1	0
0	321
0	55
159	370
15	206
1	206
18	9
3	2512
0	6895
9	6884
364	6007
0	6531
0	5581
0	2050
19	1393
0	933
3	1075
0	1075
0	1074
1	8
8	0
2	1
0	92
1	508
1	528
3	1082
0	334
18	191
0	238
0	478
2	982
1	379
43	844
26	629
6	229
0	0
0	443
0	670
0	698
7	62
3	571
0	573
1	800
2	662
5	558
0	341
3	178
0	25
1	139
242	2419
0	731
0	2256
1	394
2	441
0	252
0	337
12	74
1	375
0	248
0	141
3	40
0	523
1	304
2	390
0	1041
0	230
5	374
8	552
1	485
0	150
11	394
0	401
0	0
0	0
0	0
0	39
0	24
1	20
0	2
0	51
0	49
0	61
1	41
0	12
0	1592
19	1465
47	1337
9	1428
4	623
0	1516
0	586
2	279
0	525
1	362
0	0
0	0
0	0
0	0
0	0
25	268
21	265
10	288
0	276
1	261
0	28
12	35
0	38
0	88
0	58
0	51
0	79
0	46
0	38
0	53
0	37
0	50
0	40
0	21
0	6
0	15
0	0
0	0
0	0
0	0
0	0
0	0
1	0
0	0
0	1
0	1
0	0
0	0
0	0
0	0
0	0
0	2
0	0
0	2
0	2
0	0
0	0
0	779
0	850
0	861
2	832
0	858
0	835
0	795
0	424
0	843
0	781
4	778
0	395
0	422
0	571
0	725
0	790
0	748
0	814
0	803
5	410
0	64
1	350
3	172
126	58
0	58
1	8
3	8
0	668
4	523
0	2012
1	487
1	92
0	1860
2	58
11	194
0	0
0	4
0	4
9	193
0	4
0	62
775	293
0	292
0	51
0	87
1	1555
12	1457
0	1602
7	1557
2	1577
1	1576
1	1496
1	1516
0	241
13	124
0	126
0	4549
0	4460
0	3753
229	4293
0	229
0	443
0	1156
0	3939
0	4611
0	4353
6	3761
0	3526
14	631
17	439
0	2252
2	1419
0	395
0	1686
42	1576
0	1396
0	86
0	194
0	1608
0	1657
0	211
0	1361
0	1546
0	60
0	1469
1	201
0	620
0	45
0	67
0	154
0	286
0	94
0	169
1	1488
1	0
1	268
3	1049
0	1006
6	1241
0	1341
0	1249
0	1392
0	791
6	662
0	858
0	449
0	490
0	453
0	182
0	340
0	215
0	228
0	161
0	157
1	141
0	198
0	28
287	455
0	145
0	121
22	416
0	113
1	75
0	56
0	3
51	898
0	568
0	821
3	117
0	673
0	914
1	547
0	74
0	834
4	153
5	64
1	45
3	151
11	23
0	428
0	605
0	23
0	25
0	47
0	457
0	458
0	420
0	491
59	596
0	30
0	58
1	137
2	34
0	117
0	29
3	12729
25	21511
136	17164
143	1624
204	21389
50	16262
170	2569
17	8463
3	0
0	891
0	523
0	881
0	864
1	48
0	116
0	828
0	488
0	447
0	26
2	45
0	104
0	190
0	154
1	148
1	46
0	69
4	28
0	26
2	19
1	53
65	246
795	270
8	53
0	0
0	0
0	0
0	0
0	30
0	26
0	16
43	28
1	5
0	4
2	15
0	8
1	9
3	0
0	2
0	50
20	50
0	0
0	0
0	0
0	0
0	0
0	0
0	0
0	0
0	0
0	0
0	0
0	0
0	0
77	645
0	647
0	320
1	20
19	617
0	255
1	189
2	229
1	134
0	134
0	0
0	298
0	301
0	317
0	264
3	49
4	980
0	1083
1	773
0	751
0	63
0	24
0	77
1	1081
0	30
0	28
0	28
0	29
0	28
0	1050
0	28
0	69
0	35
0	31
0	31
0	44
0	130
0	114
0	173
0	200
0	205
0	30
3	26
2	149
0	6
0	3
0	7
5	12
6	27
0	508
0	45
0	620
4	569
0	279
0	38
0	558
3	258
0	558
0	44
5	388
0	18
0	66
0	379
0	351
0	51
0	87
0	77
2	67
0	1
29	11
1	10
0	8
2	5
0	761
1	678
0	732
0	383
1	266
0	135
0	174
3	39
0	154
20	105
0	143
0	55
0	27
1	3
0	3
34	324
2	441
173	441
1	124
0	130
4	33
2	27
0	33176
0	29244
0	33173
0	30225
2	32422
0	32443
0	32388
0	28593
0	28508
2	27357
23	31765
0	27832
0	28180
3	28485
0	31716
0	31756
3	32201
0	31724
0	29698
2	32091
1	16682
0	18316
0	16403
0	18287
0	18297
1	661
0	212
0	856
10	214
0	746
1	719
2	735
0	160
0	461
0	753
1	793
0	451
0	848
0	392
0	466
0	319
0	406
2	541
0	490
0	405
0	339
0	367
0	271
0	695
0	399
9	62
46	115
24	839
0	839
0	140
1	200
0	755
0	706
0	752
0	744
0	244
0	848
0	47
4	139
1	50
0	94
3	223
0	198
27	230
0	180
3	18
0	0
0	0
0	0
0	0
0	0
0	0
0	0
0	0
0	0
0	0
0	0
0	0
0	0
0	0
0	0
0	0
0	0
0	0
0	0
0	0
0	0
0	0
670	132
4	93
5	43
1	28
0	29
0	1069
0	210
0	3
0	1
0	3
0	1
3	471
0	201
2	175
0	109
72	273
38	164
0	196
0	87
0	2504
0	2043
0	112
0	2480
0	2550
0	2476
0	2373
0	2491
0	2366
1	2460
0	2510
0	2114
0	2431
0	2158
0	2055
0	2425
0	2490
0	2502
0	2328
0	2469
0	2410
0	2446
0	2099
11	2413
1	2458
0	2517
0	2307
0	2387
0	1996
1	2517
0	2432
0	1307
0	2166
0	2424
0	2350
0	2427
0	2327
0	136
2	272
0	2436
8	2130
0	2057
0	115
1	1702
0	1710
0	351
0	1764
0	1729
0	1617
7	1740
0	1443
0	125
0	5038
0	5111
0	5081
0	5063
0	2734
0	4972
0	5185
0	4623
0	4973
0	3961
1	4730
0	5024
0	4935
0	5192
0	4803
2	4850
0	4954
0	4933
1	5007
5	3725
0	3947
0	4219
0	4686
0	2527
0	2917
0	4350
0	4616
0	4998
0	4733
0	3666
0	3812
75	4808
0	4441
0	4998
0	4435
0	4686
0	4835
0	5061
0	4282
0	4587
0	4793
3	4632
0	4931
0	4760
0	4820
0	4916
0	5011
0	4567
0	4649
0	4886
0	4431
0	4643
0	4193
0	2775
0	4579
0	4465
0	4575
0	4775
1	4662
0	4509
0	4371
0	4147
0	4382
0	3194
0	1668
0	1922
0	1289
0	1484
0	1252
0	1394
0	1598
0	763
1	1000
1	956
2	955
5	260
2	231
7	231
0	137
0	115
0	85
0	0
16	28
649	28
0	27
0	0
9	54
15	54
0	0
0	0
6	1
0	1
0	1
0	0
0	0
0	0
0	0
0	0
0	0
0	0
0	0
1	47
791	47
0	0
0	0
0	0
0	56
0	51
0	56
0	15
0	8
4	1
0	1018
22	152
0	89
0	934
0	1328
5	1366
0	839
0	1007
0	128
0	119
0	59
8	100
1	64
10	39
11	63
1	82
0	52
4	107
7	230
0	58
1	630
2	91
82	509
0	509
0	270
301	2653
0	2605
5	76
0	142
1	123
0	0
0	1
0	1
0	1
0	0
0	0
0	61
1	1452
1	187
0	0
0	186
0	434
5	428
41	178
0	415
0	306
1	114
0	166
0	48
0	31
0	6
0	228
0	237
0	238
0	212
0	227
0	214
0	216
0	245
0	215
0	285
0	230
1	237
0	215
0	289
0	260
0	259
0	264
0	235
0	200
0	226
0	244
0	256
0	92
0	136
0	107
0	246
0	244
0	249
0	107
0	227
0	222
0	256
4	116
0	145
0	140
0	282
0	226
0	220
0	262
0	240
0	280
0	74
0	218
0	220
0	210
0	187
0	197
0	267
0	92
0	212
0	69
0	83
0	92
0	60
0	182
0	206
0	231
0	190
0	214
0	221
0	204
0	194
0	189
0	217
0	226
0	256
0	134
6	208
0	226
0	29
0	160
0	112
9	108
0	112
4	774
0	1246
1	224
3	229
0	1450
0	1461
0	75
5	1160
0	288
0	322
2	55
0	93
0	170
5	495
0	513
0	24
0	141
0	63
0	506
0	497
0	501
0	246
0	162
0	1
0	2
0	1
0	2
0	0
0	0
0	0
0	0
0	0
0	1
0	1
0	1
0	0
0	0
944	252
0	204
5	154
7	14
8	65
1	334
1	425
0	449
0	148
0	223
2	157
0	139
0	99
0	155
0	31
0	145
0	116
0	25
1	93
29	1369
6	1147
1	1384
0	700
1	150
0	42
3	47
1	31
0	23
0	1
0	8
0	7
0	6
0	6
0	36
5	24
33	483
74	523
0	519
2	182
0	110
3	160
0	1
0	1
0	1
0	1
0	1
0	1
0	0
0	1
0	0
449	1481
0	594
5	1390
4	1213
2	552
0	2208
0	2306
0	2327
0	2307
0	2297
1	2156
5	2424
1	873
1	2227
0	159
0	2049
0	2122
0	2168
5	1311
0	200
2	3477
0	5237
0	4676
1	3040
2	110
3	607
2	254
11	286
6	203
43	2139
0	62
1	23
4	23
0	13
49	190
0	190
2	10
0	6
2	230
0	250
8	199
1	51
5	71
0	39
0	909
2	888
28	54
0	362
0	302
0	314
0	323
60	357
0	298
0	207
0	329
1	31
0	41
0	100
0	0
0	47
1	104
0	122
0	29
0	28
0	46
0	81
0	47
0	35
0	940
0	1085
0	1084
1	458
0	304
0	174
11	239
0	117
0	28
0	113
2	229
0	114
0	111
2	90
0	496
0	112
0	508
1	419
5	490
0	432
0	439
0	439
0	17
0	429
0	345
0	327
0	240
0	497
0	487
0	239
0	496
0	496
0	239
0	100
0	85
0	321
0	229
0	485
0	279
0	485
0	485
2	309
1	326
0	383
0	295
1	236
0	89
0	55
28	326
3	319
1	217
3	133
0	108
0	23
4	31
0	43
0	44
1	44
0	35
0	44
0	17
0	6
0	25
3	2
0	16
0	20
0	13
0	11
0	10
2	10
0	9
0	10
0	8
1	6
0	3
0	0
0	0
0	3
0	2038
9	509
0	509
0	1193
0	1257
8	949
2	963
1	370
0	606
0	593
0	259
0	281
0	295
0	289
0	560
0	584
0	583
0	46
0	198
0	211
0	233
0	170
0	351
0	130
0	55
0	164
2	8
56	174
0	102
3	104
3	69
0	0
0	34
0	10
1	39
0	25
1	27
399	1031
3	105
15	229
1	328
4	517
0	705
1	281
1	1282
1	1068
3	592
279	1278
3	270
0	797
11	490
0	335
22	404
0	344
0	288
8	21
0	18
0	421
5	483
0	478
0	204
0	141
27	1281
67	1273
0	412
0	303
0	279
0	189
6	39
4	205
0	192
1	197
3	200
0	19
0	184
0	0
1	935
0	934
26	877
1	878
28	815
0	534
1	221
1	194
0	480
0	295
0	329
0	250
0	117
3	18
5	29
3	13
0	0
0	0
0	0
0	0
0	0
0	0
1	3
4	6
1	3
1	0
0	10
0	10
6	4
0	3
0	24
10	483
0	491
0	470
0	11
0	469
0	53
0	108
0	181
0	449
0	376
1	152
0	186
12	178
4	86
0	90
17	15
3	96
0	3
0	1
0	2
0	0
1	2
0	1
0	0
0	0
0	6
6	8
0	2
0	2
167	195
6	112
0	88
2	115
662	0
134	1023
3	461
1	428
1	575
0	77
5	0
0	80
6	67
5	15
0	45
0	82
0	1074
25	1198
0	1220
0	33
0	2
3	649
0	30
5	615
0	140
2	227
0	96
10	139
22	556
3	88
4	76
15	118
0	1004
0	3
1254	712
0	577
14	292
11	356
0	241
3	483
0	489
0	5
0	445
0	147
0	139
0	109
0	34
0	45
1	22
0	36
0	20
0	0
0	0
0	0
0	134
0	28
0	43
0	8
0	11
0	11
0	9
1	9
0	9
0	6
0	3
0	3
0	3
0	2
0	0
0	1216
4	1203
0	323
0	329
0	213
0	179
0	843
0	845
0	448
5	286
11	213
1	129
1	110
0	563
1	429
2	441
1	197
0	336
0	442
0	544
6	154
0	142
17	179
0	3662
2	3615
46	2175
0	2159
0	3498
0	3201
0	3132
0	2978
3	428
5	1194
0	347
0	476
0	782
1	291
0	690
13	9
0	729
1	659
0	673
0	125
0	54
0	10
0	63
2	567
16	316
0	599
0	482
7	256
1	200
3	143
0	1
0	0
0	17
0	20
0	258
9	19
3	26
0	233
0	267
0	11
0	180
0	239
0	26
0	142
1	226
0	258
0	197
0	258
1	8
0	8
0	2
0	18
0	2
0	148
0	0
0	153
2	135
0	141
0	20
4	139
0	164
5	121
0	13
0	0
0	0
0	0
0	0
0	1
0	0
0	0
0	0
0	1
975	506
0	127
4	439
0	173
0	87
2	76
0	19
0	18
0	18
0	2
1	0
3	1
0	2
0	1
10	3
0	4
0	109
0	4
0	94
0	17
0	2
0	109
4	106
0	229
1	53
0	142
0	851
0	931
0	115
0	44
2	29
0	875
0	96
0	352
0	147
0	676
0	691
0	58
0	802
0	94
0	821
0	59
0	756
0	855
17	704
0	29
0	14
0	905
0	171
0	23
0	202
0	896
0	179
0	162
0	206
0	298
0	318
0	181
0	73
0	165
0	741
0	134
314	27
0	27
0	24
6	136
62	133
3	64
0	0
1	176
334	176
1	67
0	302
2	279
0	303
3	284
0	303
0	299
4	68
2	167
0	279
70	365
5	75
0	359
0	222
2	71
0	71
0	0
0	6
13	10
0	1
0	2
0	1
0	4
249	198
0	197
3	177
0	115
2	115
0	129
0	118
0	105
0	86
0	76
0	28
0	28
2	2
0	20
0	0
0	14
0	14
0	3
0	18
0	4
0	6
0	3
1	12
0	62
0	141
0	29
0	42
0	161
8	0
0	142
0	66
2	148
0	30
8	67
0	7
4	62
0	158
1	30
1	60
0	157
0	46
0	1
0	49
0	28
0	61
0	35
3	20
0	161
1	19
81	692
2	538
0	518
9	29
2	1
0	40
0	47
0	48
1	33
0	2
0	40
0	44
0	30
0	22
0	1
0	0
0	34
1	0
0	0
0	5
0	2
0	2
0	15
0	4
0	11
0	3
0	23
0	1
2	4
0	23
0	3
0	5
0	15
0	1
0	14
6	60
8	246
5	248
0	35
8	235
0	53
2	23
0	3
0	3
0	3
0	4
0	5
0	5
0	5
0	2
0	1
0	2
0	2
0	2
2	2
0	2
0	3
0	3
0	2
0	2
0	0
0	0
0	0
0	0
0	0
0	0
400	0
0	0
0	0
0	0
0	0
0	1
0	1
0	1
0	0
0	371
3	83
5	32
0	33
3	427
3	80
8	33
0	64
0	144
0	22
1	279
0	249
0	309
2	40
0	42
24	83
0	161
7	17
0	28
0	0
0	3729
0	880
0	332
0	904
0	3362
0	3515
0	3362
0	663
2	2976
113	3679
1	944
0	3674
0	3800
0	665
9	1210
1	903
1	1175
0	3507
0	3535
0	1203
0	1299
0	1307
0	1311
1	3175
2	801
0	3340
0	2989
13	3449
0	1916
1	284
4	0
11	527
0	816
30	1426
0	812
1	1665
0	1639
0	1684
0	1556
0	1596
0	695
0	1640
1	1659
0	204
0	77
0	100
0	64
0	56
0	975
0	48
0	53
4	53
1	509
0	81
0	107
10	126
5	484
1	834
6	899
0	154
0	0
0	737
0	116
0	679
0	678
1	679
2	614
0	98
2	59
48	1563
1	1563
6	89
0	32
1	141
66	205
5	52
11	606
0	303
0	171
0	112
2	121
0	0
0	0
0	0
0	0
0	612
13	612
0	112
0	38
7	59
0	56
14	0
2	0
56	870
0	861
0	563
0	61
6	232
7	169
0	9
1	30
1	96
0	36
0	92
0	0
0	0
0	0
1	1
0	0
0	0
0	1
0	0
0	0
1	0
0	0
0	0
0	0
0	0
1075	260
4	260
2	81
1	0
0	59
0	495
0	49
0	260
0	54
0	87
0	11
0	476
0	400
0	108
0	223
0	197
0	239
0	273
0	250
0	141
0	191
0	38
0	64
0	71
0	38
0	172
0	209
0	201
0	175
0	197
0	25
0	174
0	200
0	197
11	118
0	4
0	45
0	184
0	187
0	175
0	58
0	123
0	135
1	128
0	134
0	132
0	104
0	104
0	95
0	126
0	86
0	93
2	53
0	20
0	21
0	52
1	19
0	31
1	31
0	25
0	26
0	26
0	25
0	2
0	12
6	4
8	5
0	5
0	0
0	0
0	0
0	0
24	189
0	13
0	75
0	22
0	16
1	65
0	3
0	66
0	60
1	187
0	75
0	8
0	60
0	6
0	83
0	47
0	75
0	37
0	43
0	30
0	3
0	23
1	24
0	45
0	21
0	6
0	19
0	6
6	67
0	22
0	26
0	8
0	10
0	973
0	862
0	975
0	1066
0	881
0	136
0	989
0	844
0	996
0	92
3	117
0	971
0	973
1	1075
0	201
0	210
0	154
0	268
0	890
0	996
1	770
0	1033
1	971
0	998
0	994
0	929
0	855
2	978
1	886
0	1004
0	853
0	903
0	1009
1	553
0	907
0	372
0	832
0	807
0	910
0	949
0	249
0	172
0	302
0	104
0	751
0	120
1	9
0	345
0	608
0	83
3	513
0	752
14	623
0	78
12	214
0	221
0	191
2	640
4	2036
2	1967
0	2424
1	47
0	2429
15	199
0	0
3	102
28	1672
7	1667
1	115
2	1811
7	183
1	262
5	386
77	71
0	214
0	0
0	0
0	0
0	0
0	0
0	0
0	0
0	0
0	0
0	0
0	0
0	0
0	0
1	87
372	192
0	73
0	78
0	180
0	6
2	0
0	0
0	0
1	0
0	0
0	0
0	0
125	479
0	436
0	55
0	60
4	192
10	37
0	37
0	37
0	37
0	37
0	29
31	32
0	17
0	10
0	7
0	8
0	5
0	3
0	0
0	0
0	0
0	0
11	502
0	2
0	773
0	20
5	817
0	766
0	594
7	828
0	544
316	851
0	337
7	186
0	254
0	134
0	141
0	134
0	27
0	74
6	5
2	34
3	9
0	0
0	5
0	8
0	23
0	0
0	12
0	7
0	7
0	26
0	7
0	7
0	3
0	9
0	3
0	6
0	7
0	1
0	0
0	1
0	0
0	0
0	0
0	0
0	0
0	0
0	4
0	1
0	1
0	2
0	1
0	1
0	14
0	0
1	3
0	8
3	275
0	0
0	0
18	75
1	224
107	225
0	241
0	268
12	90
14	157
0	102
5	69
0	0
0	0
0	0
0	0
0	0
0	0
35	142
1	142
0	1034
3	1092
4	1120
0	1116
1	1026
0	1126
0	1116
42	1080
5	1069
0	823
0	1102
22	980
21	462
0	398
0	362
0	252
0	115
0	115
3	495
50	1352
0	213
0	59
0	116
0	84
1	798
8	44
34	86
11	27
3	59
0	67
11	28
3	212
507	1274
1	226
0	1087
0	1006
0	1
0	1
0	1
0	1
0	1
0	1
84	594
5	183
0	98
1	237
1	185
0	78
1	143
0	65
0	147
2	116
0	74
1	60
0	0
1	41
0	41
0	614
1	641
0	443
0	724
4	552
32	176
19	52
0	16
0	69
1	32
138	372
0	230
2	328
0	279
0	240
2	170
0	209
1	87
1	0
0	0
0	0
0	0
1	0
0	0
0	0
0	0
0	0
8	688
1	110
8	135
113	786
1	260
1	315
0	349
0	229
0	141
1	249
2	67
1	243
9	8
0	78
0	190
0	180
0	59
0	63
0	159
0	152
0	31
1	38
2	28
0	36
0	93
1	243
0	1065
0	1249
0	1245
2	228
0	236
3	299
0	348
42	636
0	1240
0	1206
0	1211
0	1251
0	986
3	685
0	656
12	613
0	135
0	37
0	471
1	32
0	43
0	9
2	428
0	55
0	49
13	280
0	126
700	35
0	45
44	307
2	319
0	237
2	205
54	13
55	202
0	188
0	142
0	158
0	146
0	154
0	106
0	35
1	13
2	46
0	33
3	26
0	6
28	1517
0	1168
0	1484
1	505
0	475
13	603
0	290
0	289
1	154
2	46
0	2
1	2
0	3
1	3
6	3
11	1325
1	986
0	524
0	1007
0	483
0	747
0	707
0	883
2	934
11	957
0	782
0	331
0	563
1	753
18	939
0	765
0	855
0	911
0	724
0	391
0	400
0	279
0	282
0	265
0	305
0	293
0	309
0	290
0	310
0	18
0	312
0	296
0	164
0	16
1	16
0	56
0	14
0	37
0	32
2	253
0	10
0	10
2	119
0	78
0	126
0	46
1	23
0	117
0	87
0	58
0	52
1	692
0	846
18	481
4	460
0	183
12	614
0	665
0	529
0	634
0	659
4	449
0	492
0	440
0	465
1	283
0	108
0	69
0	32
12	9
0	3
0	8
2	0
1	6
0	8
0	10
2	807
6	821
0	22
3	489
2	44
0	45
1	43
0	42
52	31
9	12
36	2053
0	8045
191	7741
8	7743
16	7629
671	324
3	324
0	72
0	799
0	822
0	182
0	205
222	165
1	132
0	110
0	63
10	12
0	695
0	695
1	709
0	692
0	485
3	365
0	413
0	428
0	90
0	51
1	103
0	321
0	22
0	225
1	208
1	170
0	108
0	120
0	115
1	89
21	2067
0	1879
5	1855
1	1840
0	1391
7	1111
0	294
0	0
3	430
0	246
1	300
2	154
1	1
0	91
2	91
627	363
1	143
4	364
3	1487
0	20
18	1487
5	0
5	0
0	233
0	286
0	744
0	654
1	695
0	699
2	597
0	391
0	177
4	176
2	215
0	210
0	228
1	212
1	173
0	188
0	123
0	77
0	114
0	1
0	6
0	845
2	1001
0	1034
0	1008
1	944
0	1014
1	1014
3	969
0	953
1	994
2	928
0	978
0	987
2	848
0	905
0	920
1	34
0	769
0	355
7	748
2	78
0	110
1	469
0	282
1	204
14	149
0	0
0	0
0	0
0	0
0	90
0	98
0	99
0	83
0	30
0	36
3	30
0	0
0	293
5	86
0	392
10	135
10	88
0	295
0	160
0	100
0	136
6	143
9	178
0	96
0	541
3	14
0	563
6	7
0	100
92	719
0	821
0	273
0	167
1	598
5	4004
0	4028
11	120
0	399
0	763
3	474
0	4078
0	3925
1	4010
0	419
0	35
3	1117
0	316
11	94
7	1792
0	496
6	1259
4	939
0	403
1	365
655	20
0	20
26	942
51	1134
18	49
3	41
21	1083
0	1406
0	1391
0	1389
22	1385
4	976
3	684
7	150
0	49
0	71
3	28
0	63
1	50
0	62
0	30
4	58
0	31
0	368
0	353
4	353
1	366
0	362
0	369
1	363
0	350
9	25
1	88
200	1641
91	1609
15	148
21	910
1	47
3	859
0	95
1	14
3	367
573	367
0	0
0	0
0	11
31	85
144	316
0	111
103	301
7	160
0	145
0	91
0	102
0	55
0	94
1	18
0	8
7	54
1	7
0	15
1	1
0	40
17	80
0	12
0	12
0	8
10	8
0	18
1	166
0	9
0	4
0	4
0	188
0	4
0	13
0	4
0	85
0	84
0	156
0	4
0	53
0	81
0	4
0	4
0	0
0	4
0	157
0	37
0	9
0	10
0	8
0	47
0	7
0	38
0	47
0	5
0	14
0	44
0	7
0	23
0	47
0	25
0	45
0	36
0	43
0	44
0	17
0	3
0	134
0	6
0	115
0	5
0	74
0	87
0	96
0	18
0	76
0	0
0	0
0	8
6	261
1	118
21	952
0	259
0	67
0	296
0	957
0	321
5	108
201	459
1	420
0	391
1	346
0	364
0	0
0	155
0	9
234	0
0	5
3	8
0	2
0	1
0	1
0	6
0	3
1	3
0	1292
0	1167
0	1274
0	1273
0	1205
0	1220
1	1204
67	1314
1	1167
0	460
0	1243
0	1286
2	1239
0	795
0	1269
0	1163
0	1269
5	145
0	85
0	114
10	215
0	157
1	568
2	3
0	1303
3	1310
0	1312
4	785
0	39
0	60
9	70
6	11
4	33
0	12
4	154
0	33
3	41
1	144
0	23
0	19
0	7195
0	7261
218	7143
0	7079
0	714
0	1202
0	369
1	4
1	397
0	208
0	512
0	512
0	625
0	274
22	103
0	0
2	103
0	48
0	33
0	7
5	17
1	14
0	1511
0	742
10	542
0	529
6	183
0	0
0	0
0	0
0	0
1	1562
0	683
0	1524
2	1518
3	1524
0	1709
0	1353
0	672
5	973
0	818
1	941
0	779
0	1500
0	542
1	124
4	1470
0	929
6	878
0	867
4	230
209	226
194	260
1	141
0	1
0	258
0	0
0	0
0	0
0	0
0	0
0	0
0	0
0	0
19	129
0	97
0	4
0	107
0	59
1	1
0	62
0	63
0	62
0	111
0	105
0	63
0	104
0	61
2	5
1	121
0	117
5	106
76	250
17	485
0	1429
32	1678
0	14
0	542
10	1390
0	0
1	0
0	1
0	0
0	2
0	1
0	0
0	0
0	0
0	0
1	914
73	845
2	799
4	805
0	46
0	743
0	750
0	750
2	17
0	75
0	42
0	41
1	20
0	1253
0	456
2	562
13	1256
1	180
0	555
0	546
0	672
0	80
17	1305
0	49
0	31
0	1305
0	57
0	60
0	889
0	55
0	0
0	81
0	1164
6	1203
0	47
0	61
3	83
0	115
3	37
12	111
0	144
3	186
0	71
4	66
3	68
3	87
0	162
0	92
1	494
3	224
0	171
0	89
0	95
0	28
0	2
0	0
0	2
0	2
0	2
0	0
1074	140
2	66
0	56
3	18
0	92
0	91
0	98
0	88
0	88
0	93
0	0
0	8
0	112
0	110
0	106
0	110
0	11
0	108
0	101
0	97
0	93
0	18
0	11
0	1
0	12
0	10
0	43
0	18
0	2
0	5
0	18
1	7
0	0
0	0
0	0
11	4
1	2
0	2
30	2
6	1157
31	5981
0	7904
12	7893
14	3898
365	9483
65	9416
3	7546
6	2336
14	6503
0	0
0	20
0	0
0	0
0	0
0	20
4	22
0	0
0	0
0	5
0	10
3	20
0	5
0	22
0	5
0	121
0	123
0	92
0	124
0	23
0	90
0	49
1	25
4	115
0	172
18	1284
5	1244
15	1005
0	348
2	346
3	187
6	75
0	306
0	133
1	520
3	135
581	489
2	223
5	39
1	0
0	1
0	0
0	1
3	0
4	1422
0	4145
1	819
0	1021
8	784
11	4089
0	464
13	853
0	194
4	459
9	813
3	259
0	583
0	3875
3	129
3	110
0	77
3	154
0	3153
0	3207
19	208
1	1586
0	3227
1	3263
8	1592
0	3783
4	2882
81	165
0	1504
0	3746
0	164
8	2726
0	1641
0	179
0	2036
6	2259
3	167
0	1964
22	499
16	721
3	267
0	166
0	398
7	265
0	321
0	108
0	95
1	0
0	0
46	0
4	4
0	4
0	4
58	398
0	331
9	33
3	128
0	20
0	14
0	53
0	2
0	1
0	1
0	1
0	45
0	57
0	58
0	46
0	55
0	57
0	55
0	57
0	5
0	7
0	7
0	5
0	0
0	2
0	2
0	0
0	590
3	242
0	284
11	701
1	737
0	706
30	58
0	444
0	321
25	621
0	61
0	90
20	1527
0	1600
0	997
0	1026
0	1115
4	934
0	226
15	68
0	84
0	136
5	502
0	204
2	42
0	45
0	202
0	76
1	96
0	35
4	1200
9	1200
0	680
0	539
0	182
1	275
4	682
0	258
11	467
0	684
0	220
0	523
0	251
0	152
0	546
4	690
4	190
0	187
227	1200
0	652
3	1065
0	791
0	1056
0	439
0	569
0	715
1	6
0	436
0	224
3	634
0	484
6	23
0	623
0	505
0	523
2	595
1	473
0	518
0	519
0	520
0	635
1	115
0	172
0	614
2	210
0	501
0	478
0	31
21	195
0	13051
2	12434
0	13000
0	13000
0	11614
180	11548
0	12290
0	13004
1	13005
0	13003
40	11736
0	11937
0	10563
7	11630
2	12559
2	12520
0	12368
0	11620
0	13007
0	13001
0	13001
29	3613
0	3154
0	3292
0	38
0	306
0	304
0	144
0	134
1	19
0	267
0	19
0	1
0	30
0	33
0	283
0	43
2	54
0	170
35	169
0	39
0	34
0	13
0	31
0	2
0	33
3	149
9	730
0	730
3	368
0	156
0	11
0	15
0	191
0	60
0	52
1	36
0	0
0	0
0	0
11	420
0	402
0	402
0	401
0	402
0	374
18	47
0	47
1	29
0	401
0	319
13	305
0	999
0	1078
0	1016
24	47
0	956
4	896
8	69
0	107
0	347
0	201
0	305
0	336
12	1059
76	217
3	354
13	310
60	91
305	693
3	620
0	660
0	48
2	57
0	274
7	464
4	12
4	465
1	16
0	0
0	0
0	0
5	347
0	370
0	390
11	373
31	267
0	160
6	1216
27	626
2	353
0	313
2	358
0	924
2	346
3	19
86	194
2	317
0	190
21	199
0	1481
0	1102
0	1771
0	769
6	523
0	372
2	1833
0	1805
0	758
174	442
0	871
3	1839
0	473
10	758
0	1764
2	745
0	873
7	437
2	841
13	897
0	483
8	76
0	75
0	2
0	0
0	3
5	63
0	62
9	61
0	9
4	39
0	17
0	25
0	9
0	6
35	294
1	390
0	487
0	454
0	510
0	427
0	520
1	473
1	420
2	243
22	217
0	331
281	336
1	141
0	370
185	393
0	260
0	0
0	0
0	0
0	0
0	0
0	0
0	0
0	0
0	0
0	0
0	0
0	0
0	0
0	0
0	0
0	0
0	0
0	0
0	0
0	1004
4	361
5	580
0	210
0	859
10	405
0	760
0	1004
0	550
0	699
0	729
1	114
0	631
0	738
0	753
2	434
0	723
1	86
2	800
1	0
0	152
1	270
0	29
0	332
0	5
0	4
0	2
0	0
0	0
0	5
0	1079
0	1099
0	1069
0	1085
1	1051
2	1018
4	671
0	975
0	184
0	1049
0	145
0	43
0	125
0	110
0	169
0	133
0	1
0	0
0	355
0	0
0	0
0	0
0	656
0	232
1	656
1	548
18	243
0	85
0	235
2	51
4	28
5	283
9	76
0	177
1	134
0	128
0	69
0	0
0	0
147	229
0	96
0	83
0	180
11	57
0	134
4	36
0	486
0	126
2	61
0	90
5	32
0	26
1	52
3	341
0	0
0	0
0	0
0	0
0	0
0	0
0	0
0	0
24	4
2	0
1	981
0	922
0	1034
7	974
0	266
0	344
1	71
3	307
0	269
18	137
3	148
7	66
0	118
0	5
0	5
0	5
0	9
0	1
1	4
0	0
0	0
0	2
0	2
0	2
0	5
4	1
0	2
2	5
0	0
0	207
0	459
0	450
0	349
0	235
0	1840
8	318
0	92
1	1270
0	1860
1	21
0	157
11	264
1	1810
0	1350
0	1749
0	215
0	277
0	241
0	268
0	146
0	442
32	1228
0	1863
0	1745
0	1794
0	1756
0	1885
12	368
96	514
7	509
2	55
0	61
3	60
1	7
0	1
0	1
0	15
0	7
0	12
0	1
0	12
0	7
0	7
24	15
0	1
0	172
0	792
0	836
1	224
0	142
0	130
3	56
0	16
130	76
189	76
1788	2334
0	927
0	211
1	967
2	800
1	1473
5	446
0	145
0	106
6	1003
1	553
0	389
0	446
0	528
0	494
0	123
0	73
0	776
0	637
0	489
0	639
0	357
0	857
0	451
0	858
0	823
0	909
0	795
0	408
0	357
1	53
2	57
0	272
0	395
0	223
0	465
0	728
0	52
0	65
0	65
0	62
2	65
1	42
0	64
0	59
0	63
0	59
0	69
0	61
0	66
0	45
0	59
0	19
0	47
0	40
0	40
1	4
0	18
0	7
0	4
2	4
0	4
0	0
1	3694
0	3827
0	3655
0	3372
0	3578
10	2429
0	2395
0	992
5	591
78	1312
0	1101
1	380
10	426
0	373
0	385
2	250
20	405
3	440
0	386
0	38
0	41
11	1
0	0
0	0
0	0
0	2417
0	2417
0	2417
0	2302
0	2231
0	2320
0	2150
0	2343
0	2347
0	2335
0	2397
0	2277
12	1393
0	2416
2	2301
0	2260
0	2331
0	2096
1	2120
1	1957
0	2331
1	2145
0	2311
2	2108
0	0
0	0
0	0
0	0
0	0
0	1542
0	3665
0	3574
0	3233
5	243
18	123
0	452
3	172
33	579
1	260
3	428
0	192
0	3292
1	3664
0	99
0	99
0	99
0	99
0	99
0	98
0	1
0	98
0	99
0	99
0	99
0	0
0	25
0	25
1	25
0	1
0	0
0	0
0	0
0	0
0	0
0	1
0	1
0	0
0	0
0	0
0	0
0	0
0	0
0	114
4	126
1	65
0	5
0	11
0	11
0	4
0	1
1	12
0	0
0	0
0	0
0	0
0	284
0	247
8	239
0	256
0	256
0	247
0	223
0	184
0	80
0	80
0	77
0	74
0	93
0	93
0	97
0	97
0	28
1	31
0	0
0	1
0	9
1	5
0	11
1	0
0	426
0	625
0	625
0	606
0	620
0	650
0	657
16	656
0	384
0	615
0	606
0	47
1	247
0	263
26	239
17	148
0	82
0	69
0	68
0	50
0	13
3	25
0	25
0	102
2	71
1	86
0	90
0	56
2	41
0	28
0	28
0	164
175	620
2	351
8	386
12	655
0	188
2	206
1	244
0	214
0	43
57	26
25	1
4	3
3	42
0	838
0	402
0	837
0	163
0	299
1	61
0	1505
0	1148
10	1062
0	14
0	15
1	217
0	21
0	454
0	243
0	243
0	250
0	268
0	43
0	0
0	873
4	137
378	1752
0	1736
5	150
1	114
0	177
1	155
0	104
5	52
1	71
0	8
0	182
0	34
1	2
7	29
8	16081
2	11898
18	15352
0	14977
2	15474
1	15524
8	15158
0	15156
0	15223
25	14213
0	15107
0	14938
0	15310
0	14184
1	12830
0	14100
2	14419
0	13325
0	13337
6	12938
21	11883
0	2295
0	4659
1	518
520	1081
0	960
0	64
0	184
0	511
1	95
6	55
0	405
0	56
0	68
5	16
6	28
0	1115
27	621
0	831
37	816
0	253
0	239
0	0
0	0
0	0
0	0
0	0
0	0
0	0
0	0
0	0
0	0
0	0
0	0
0	0
0	0
0	0
0	0
0	0
0	0
0	0
0	0
0	0
0	0
0	0
0	88
0	91
0	91
0	87
0	91
0	63
0	45
0	16
0	10
0	8
0	1300
0	1303
0	1300
4	489
0	1245
6	1322
0	1278
0	1217
0	1300
0	1300
1	1268
0	477
0	399
0	178
0	108
0	39
0	18
0	1
0	1
0	0
0	0
0	0
0	0
0	0
0	1399
0	1393
0	1375
2	1245
0	110
5	77
0	467
16	257
0	444
12	345
0	318
0	185
9	150
0	156
16	180
5	35
0	1378
2	129
1	129
0	2
4	46
170	155
0	109
0	15
0	14
0	13
0	15
1	13
0	14
0	12
0	14
96	0
0	10148
0	15054
0	8854
0	14449
0	14311
0	14545
0	15014
0	14692
0	14679
0	9364
0	13345
0	8977
0	12780
3	13380
1	14802
0	14062
0	8957
3	9812
0	3387
0	1650
0	132
0	36
8	324
2	37
0	0
0	22
0	11
0	90
0	9
0	83
0	290
1	83
0	238
0	47
0	284
1	61
0	27
0	85
1	8
1	5
0	2
0	1
0	5
0	0
0	0
0	8
0	1
0	1
0	149
0	112
2	1470
2	2472
0	187
1	2470
0	2472
0	33
58	2482
0	137
0	164
1	831
0	155
0	1201
0	180
11	2480
0	196
0	141
0	176
0	0
0	2462
0	201
0	256
0	140
1	382
0	1046
0	281
0	157
1	438
0	181
0	2078
5	622
0	412
2	623
0	1086
0	230
0	1086
0	270
0	310
1	20
0	212
0	437
0	2076
0	145
0	257
0	227
1	193
2	221
1	1
0	1
1	0
0	3
0	2
0	1312
12	902
0	270
49	279
10	178
0	92
0	0
0	0
0	1241
0	11
0	8
0	9
0	6
0	1
0	2
0	2
0	3
0	2
0	0
0	1
0	1
0	1
0	2
0	0
0	11
0	12
0	10
0	543
0	540
0	539
0	53
0	537
0	533
0	540
0	116
0	166
0	509
0	520
0	502
0	4
0	82
2	9
0	406
0	12
0	383
0	382
0	387
0	102
0	354
1	61
0	53
0	100
0	38
0	7
0	9
0	275
0	8
0	278
2	11
0	11
2	55
0	26
0	16
0	108
1	175
0	156
0	168
0	166
0	174
0	34
0	161
0	140
0	160
0	161
0	143
0	39
0	132
0	34
0	122
0	100
0	100
407	115
3	103
1	61
27	40
3	440
9	446
1	77
0	89
3	0
0	22
6	312
7	312
102	313
0	2
2	305
0	10
0	110
0	70
0	285
0	0
0	0
0	64
0	99
1	67
0	99
0	41
0	37
1	30
0	8
0	2
3	90
0	195
1	715
0	1146
0	715
3	715
0	911
0	1057
0	1120
0	1296
0	843
0	1569
0	1574
0	1046
0	1005
0	1520
0	1585
0	926
6	407
0	1028
0	923
0	998
0	952
1	768
0	22
0	884
0	692
0	942
0	1505
0	875
0	872
0	772
0	383
1	715
1	718
0	718
0	582
0	1246
0	537
0	721
0	727
0	1178
0	1028
0	1248
0	720
0	356
0	315
0	0
0	0
0	0
0	34
0	33
0	1
0	6
0	1
0	2
0	1
0	2
0	0
0	33
0	8
0	34
0	36
62	227
0	163
4	73
0	69
0	219
0	75
4	22
145	0
0	0
0	0
0	0
0	0
102	135
0	135
0	121
0	69
0	246
3	80
0	246
0	60
42	105
30	31
6	56
88	967
52	410
6	845
0	72
1	58
0	114
0	37
13	2644
5	2647
19	2273
0	2444
0	2534
0	2508
4	1047
2	1073
0	1326
2	67
0	1177
1	573
0	344
47	28
0	27
4	24
6	9
0	53
0	46
0	432
0	52
0	142
0	828
1	582
0	116
0	80
0	812
0	152
0	100
0	811
0	632
0	0
0	0
0	0
0	0
0	0
0	0
0	0
0	0
0	0
0	0
0	0
0	0
0	0
0	0
0	16
0	16
0	16
0	16
0	7
0	15
0	5
1	162
0	152
0	126
0	7
1	11
2	162
0	1749
0	1082
0	1759
22	27
0	39
8	1180
0	161
0	132
0	52
6	211
0	75
6	5
0	265
0	78
0	90
0	80
0	49
0	1722
0	3
0	5
1	89
2	72
0	187
0	295
0	47
0	112
0	125
19	266
0	290
0	111
1	237
0	161
0	78
0	68
0	110
5	15
0	51
0	46
0	52
0	43
0	42
2	11
0	10
0	350
0	131
183	131
4	122
2	109
0	0
0	0
0	0
0	0
0	0
0	0
0	0
0	0
0	0
0	0
0	0
0	0
0	767
0	919
0	690
4	745
0	732
29	772
0	808
0	716
0	815
0	713
0	777
0	745
0	850
0	870
0	749
0	722
0	860
0	732
47	530
0	643
0	625
1	766
0	737
0	699
0	827
0	789
0	762
0	579
0	574
9	284
0	352
0	113
1	122
0	94
6	153
1	89
4	175
0	179
0	80
0	168
0	9
0	12
0	27
0	11
0	8
4	5
3	1
0	4
0	2
0	2
0	2
1	2
0	2
0	1
0	0
0	0
0	10
0	3
0	0
6	9
0	0
0	0
0	0
0	0
0	0
0	0
0	0
0	0
0	0
0	226
0	774
43	934
0	1464
1	855
0	887
0	257
0	352
0	306
0	206
1	1381
15	406
0	1465
20	948
0	218
0	189
0	33
0	132
13	597
0	623
0	622
0	611
0	610
0	611
0	599
0	599
0	610
0	51
0	23
0	622
8	514
0	35
0	347
0	247
0	67
0	600
8	400
0	585
4	69
10	27
7	83
0	194
0	192
0	122
0	39
6	10
5	82
0	0
0	0
0	0
0	372
0	375
0	365
77	389
0	53
9	59
0	34
0	58
11	11
1	19
0	31
0	31
18	22
1	42
4	47
1	41
0	21
0	10
2	37
22	33
0	37
6	39
0	40
0	18
0	22
0	11
0	11
0	14
0	0
0	0
0	0
0	0
0	0
4	370
0	2
1	316
0	387
3	46
0	242
0	199
0	155
2	85
74	167
0	139
0	142
2	95
1	70
3	92
3	110
1	26
0	0
0	185
0	240
0	55
0	221
0	59
0	33
5	21
1	14
0	23
0	70
4	96
0	103
3	57
0	3
1	244
271	148
0	83
0	57
0	41
0	580
0	0
275	26
0	0
0	0
0	0
0	0
0	0
0	0
0	0
0	1144
0	931
20	1009
0	1002
0	1004
0	997
2	512
4	240
0	453
0	0
0	0
0	0
0	0
0	0
0	16067
0	0
0	0
0	0
0	0
0	0
0	0
0	0
0	0
0	4
0	4
0	4
0	2
0	2
0	2
0	2
0	2
0	2
0	0
0	0
0	0
0	0
0	0
0	0
0	0
0	0
0	1289
14	1272
1	1270
0	414
0	66
4	50
4	1071
33	1075
0	1056
0	590
0	543
0	411
0	106
0	87
0	76
0	46
0	78
0	76
0	4
0	4
0	4
2	8
12	2271
0	2186
0	2347
2	2299
0	2175
0	943
0	1654
2	1735
0	1874
0	2363
0	2223
0	2108
0	2289
0	2275
0	2369
3	2232
1	2335
0	2026
0	2278
23	2106
0	2437
0	2242
0	400
0	1373
0	2278
0	2365
0	253
1	1476
0	301
0	1
3	105
0	720
0	158
0	182
19	88
0	10
2	250
0	184
5	184
0	14
0	39
0	40
2	6
0	5
0	1
0	246
0	246
0	0
0	0
0	0
0	0
0	0
0	0
0	47
0	17
0	77
0	241
0	379
0	202
1	69
8	413
2	8
1	26
1	254
0	191
0	241
1	91
1	64
0	48
1	0
0	0
0	0
3	0
8	0
0	404
0	0
0	0
0	0
0	0
0	0
0	0
0	0
0	0
0	0
0	0
0	0
0	0
0	0
0	0
0	0
0	0
3	23
0	12
16	23
0	12
4	2
8	21
0	18
1	11
0	11
0	9
9	0
20	73
0	21
0	67
0	10
0	0
0	4
0	9
0	46
0	6
0	1
0	0
0	1
1	1
0	2606
0	3067
0	3061
4	2472
0	3068
3	1609
10	2134
1	2161
13	1744
1	221
1	247
1	306
0	225
0	76
0	180
3	172
2	280
1	102
0	202
0	506
1	364
0	233
0	123
0	42
5	2
0	1
1	33
0	10
30	43
0	22
0	24
0	19
4	30
0	0
0	0
0	0
0	0
0	4
50	7
0	3
0	2
0	0
0	0
0	2
0	2
0	0
0	0
0	0
0	0
0	2
0	0
0	0
4	1472
0	2658
0	2578
8	2347
0	638
0	504
6	50
6	415
0	64
8	4
1	78
2	350
1	86
0	93
0	114
0	61
0	2697
122	886
2	855
0	132
1	218
0	138
0	145
0	0
0	777
0	122
0	212
0	199
43	105
0	32
3	155
0	90
0	117
1	74
12	19
4	54
247	529
4	516
4	28
0	65
0	146
0	146
325	312
0	88
0	290
0	207
6	32
5	28
3	51
1	44
0	56
0	0
401	505
0	10
14	34
2	461
2	37
0	0
0	0
0	0
0	0
0	0
192	77
0	18
0	14
0	42
0	39
0	32
0	27
0	27
0	19
0	8
0	54
0	15
0	3
0	11
0	4
0	4
0	15
0	5
0	692
0	4
0	9
0	7
0	7
0	16
0	39
0	20
0	36
0	0
0	0
0	8
1	689
2	2007
0	1891
0	498
6	412
0	637
0	503
2	42
44	282
4	431
9	224
4	435
3	540
0	546
0	490
0	321
0	466
0	488
4	281
0	427
0	485
0	470
0	481
0	492
0	536
0	505
0	488
0	526
0	514
0	497
0	381
0	489
0	519
0	494
0	501
0	497
0	458
0	465
0	496
0	505
0	515
0	410
0	474
0	481
1	200
0	323
0	499
0	295
0	415
0	208
1	291
0	147
7	94
0	136
0	90
1	5
1	202
0	210
1	42
0	20
8	143
0	836
2	1341
4	153
0	137
10	1503
0	3443
0	186
0	159
0	100
0	2022
1	1080
0	47
0	180
0	189
0	180
0	136
0	587
0	143
0	88
1	6
0	1832
3	32
0	130
0	3465
0	1
0	1
0	1
0	127
83	47
0	5
0	23
0	59
0	9
0	9
0	5
1	11
2	12
0	9
0	1
0	4
0	1
0	0
1	1
0	59
0	61
0	57
7	330
0	5
1	316
22	270
0	119
0	104
0	61
0	22
0	41
0	3
2	22
34	649
0	98
3	603
0	109
4	84
1	33
2	92
5	79
1	185
38	192
0	30
0	34
24	46
0	34
0	37
0	36
0	38
0	28
0	24
0	13
1	24
0	16
0	15
0	19
0	17
0	1
0	12
0	12
0	8
0	11
0	6
196	409
1	380
4	175
0	156
0	119
0	145
0	28
4	126
10	0
0	838
1	1049
0	1955
0	2657
0	2627
2	2464
0	2706
0	1773
1	2606
0	343
2	339
1	2103
2	2592
0	804
0	2671
0	2653
0	2682
0	1776
0	1958
0	320
0	525
0	257
0	0
0	0
0	0
0	0
0	0
0	0
0	0
0	0
0	0
0	0
0	0
0	0
0	0
0	0
0	0
0	0
0	0
0	0
0	0
0	0
0	0
0	0
0	0
0	0
0	0
0	0
0	0
0	0
0	0
0	0
0	0
0	0
0	0
0	0
0	0
0	0
0	0
0	0
0	0
0	0
0	0
0	0
0	0
0	0
0	0
0	0
0	0
0	0
0	0
0	0
0	0
0	0
0	0
0	0
0	0
0	0
0	0
0	927
0	944
0	586
0	375
0	408
0	480
2	494
2	470
0	487
3	284
0	288
0	285
0	226
0	79
0	91
0	45
0	95
0	37
0	15
8	36
9	5
1	3
1	3
0	4
6	9
0	1182
3	1173
0	1181
0	1142
0	1196
0	1161
0	1143
0	1141
1	1040
0	1199
0	1165
0	1094
0	395
0	508
0	580
0	1150
0	1160
0	1140
0	1094
0	1133
0	1133
0	1145
0	1145
2	101
0	876
0	788
0	739
0	233
0	201
0	223
0	88
0	788
0	788
0	740
0	163
0	291
1	130
2	719
0	197
0	189
0	409
0	679
0	232
0	63
28	513
0	211
4	484
0	207
0	225
0	111
0	148
0	20
0	145
1	106
0	52
0	65
0	14
192	466
0	174
0	84
0	16
4	457
2	11
0	157
0	144
0	73
15	164
0	221
0	212
0	234
39	233
0	29
0	15
2	1
5	12
0	115
3	101
100	1029
0	350
0	149
0	957
0	217
0	10
8	10
0	8
2	57
0	128
97	173
0	134
0	43
0	136
0	41
0	256
0	99
1	254
0	254
0	254
0	254
0	256
384	776
0	676
4	86
1	164
0	71
0	86
0	0
0	15
0	1
0	15
0	6
0	9
0	4
19	1105
344	1105
0	20
8	609
0	36
0	609
0	18
0	609
0	0
0	0
0	1
0	1
0	1
0	0
0	0
0	0
0	0
0	1
0	5
0	7
0	5
0	18
0	0
0	4
0	13
0	1
0	0
0	8
0	9
0	23
14	2
0	2
0	3852
13	2
11	3854
5	510
0	3853
1	283
0	356
0	3850
29	1541
1	604
1	3626
5	227
1	238
0	785
3	18
32	10
2	0
0	8724
0	8415
0	8892
0	9553
0	7900
0	9109
1	3204
0	7497
12	1216
0	3472
15	505
0	7402
4	757
0	7835
0	7162
0	7014
16	3237
0	5864
0	1191
62	6060
16	630
175	2330
0	4406
2	459
237	3061
0	2254
0	1301
0	1274
0	960
10	1360
0	0
0	0
1	5
0	17
0	11
0	1
0	12
0	13
0	12
0	3
0	1
0	2
0	0
0	0
0	14
0	17
0	23
0	0
0	0
0	6
0	0
1	0
0	6
1	0
3	24
0	3
0	12
2	11
0	10
0	7
0	17
0	0
0	4
1	2
0	0
1	0
0	23
0	22
0	22
0	34
0	35
0	261
9	190
2	123
0	441
2	21
4	13
9	46
0	420
0	40
0	83
2	32
23	173
1	54
2	107
0	16
0	300
0	281
39	199
0	286
0	286
0	286
0	40
398	3814
2	3656
3	850
0	535
0	1101
5	913
0	883
0	599
6	50
0	135
0	121
0	116
1	57
0	56
14	13
3	1107
0	0
0	0
0	0
0	0
0	0
0	0
12	179
0	98
0	19
0	0
0	179
0	29
0	322
2	15
0	82
13	16
0	310
0	8
0	122
0	65
0	29
12	235
0	255
0	22
2	21
0	32
0	17
0	309
0	323
0	736
0	307
0	719
1	478
1	601
0	714
3	630
0	497
0	677
0	266
13	250
0	34
0	12
4	59
0	239
0	34
0	25
6	252
0	15
0	16
1	26
0	29
0	235
4	138
0	29
2	100
0	23
1	102
0	76
0	102
0	5
0	114
0	112
32	89
0	18
0	97
7	88
0	14
0	7
0	5
0	4
0	0
5	61
1	23
0	27
0	22
0	26
0	34
0	343
0	1
1	1
0	14
0	28
0	2
0	376
0	973
0	904
0	53
0	28
2	22
0	568
0	66
2	21
0	29
0	1002
0	0
0	0
0	0
0	0
0	0
0	0
3	399
0	383
1	203
0	419
0	150
3	62
2	353
0	23
4	109
0	165
0	233
0	132
0	72
7	361
0	358
0	385
0	318
6	113
6	38
9	55
1	123
37	1105
300	1104
58	1429
5	1381
291	1396
0	592
0	624
0	656
0	73
0	613
0	200
0	253
0	182
0	133
0	99
0	47
3	35
1	0
0	784
0	798
0	782
0	793
0	100
0	564
0	44
1	19
0	23
0	60
0	17
0	33
0	820
532	502
0	182
30	489
3	86
0	0
1	228
0	6
1	2
0	7
0	7
1	5
0	1
143	5744
6	2349
0	5762
0	361
0	3592
0	140
1	399
5	404
13	480
11	149
38	1017
15	22
0	18
9	886
0	995
0	1
13	1021
0	73
0	58
10	9
9	1055
0	821
17	124
0	92
3	2
0	16
0	17
0	5
0	4
0	0
0	0
0	0
0	0
0	1
0	0
0	0
0	16
0	139
0	440
6	555
3	244
0	565
0	89
7	70
0	15
0	84
0	102
0	4
1	4
0	161
0	217
227	691
0	679
0	30
0	109
0	39
0	30
0	54
0	67
0	79
0	28
0	6
0	38
0	84
0	39
0	67
0	21
0	36
0	14
0	86
0	3
13	3
35	265
0	25
2	28
1	201
0	40
0	79
0	32
0	49
4	30
0	8
2	27
1	23
1	31
6	29
8	75
0	44
0	81
0	32
0	5
0	4
0	4
0	18
0	25
0	12
0	10
0	13
4	5
2	10
2	19
1	13
0	75
6	1
0	1
0	49
0	10
0	18
0	13
0	58
0	62
0	42
0	28
0	10
0	3
0	62
0	63
0	51
0	50
0	50
0	56
0	64
0	63
0	56
0	56
0	58
0	62
0	62
0	33
1	36
0	22
0	15
0	10
0	0
0	2718
10	2669
88	2668
1	2752
0	2663
0	2617
2	2105
3	609
0	5
0	3
0	3
0	3
0	6
0	1
0	3
0	3
0	3
0	2
0	6
0	83
1	82
0	76
0	83
0	83
1	4
0	3
1	38
0	8
0	75
4	179
0	176
0	190
0	67
0	105
2	58
0	16
0	7
0	12
0	47
0	51
2	0
1	24
1	31
0	20
0	17
0	12
0	22
1	2
0	183
2	158
0	122
0	135
0	27
3	0
0	431
0	1003
0	371
3	17
13	367
6	1003
0	26
0	32
0	31
4	23
0	8
1	3
10	201
1	201
0	459
0	123
0	223
1	493
0	51
9	127
0	128
0	465
0	0
0	94
0	145
0	132
0	101
0	33
0	114
0	55
0	1565
16	2101
0	2198
0	1923
0	1285
0	428
0	219
1	67
0	59
0	39
0	2681
0	469
3	469
0	209
0	79
0	35
0	32
0	0
0	0
0	0
0	0
1946	0
0	207
3	42
0	265
8	941
0	253
2	298
0	288
18	1796
622	2775
88	1877
83	139
11	303
19	366
114	2415
9	2278
2	1686
9	582
1	2132
0	802
7	398
0	577
0	426
1	77
0	67
1	61
9	11
0	48
0	11
0	9
2	13
1	6
0	8
0	32
0	6
0	1
0	1
0	32
0	1
3	1
0	13
9	199
0	941
0	927
0	955
3	106
0	54
0	115
0	69
0	34
0	19
0	956
1355	134
9	134
0	53
0	62
0	61
1	63
34	81
0	62
0	20
0	24
0	12
0	9
0	6
0	6
0	11
0	5
0	63
0	0
0	0
0	0
0	0
0	0
393	362
3	106
3	11
0	7
0	7
0	68
0	0
1	11
0	73
0	1
1	38
0	31
37	48
195	1
439	197
2	56
3	26
2	140
0	20
1	51
3	51
0	0
0	0
0	0
0	0
0	0
0	0
0	0
0	0
0	0
0	0
0	78
0	169
0	75
0	55
0	149
8	58
0	16
0	57
0	72
1	69
0	39
11	31
0	240
0	338
69	465
2	149
1	213
0	399
0	20
0	66
0	20
0	93
0	135
0	261
15	138
0	114
11	1519
0	1068
2	247
0	898
12	17
1	562
1	150
2	541
0	78
1	72
0	110
0	101
4	82
0	8
0	1519
0	1526
0	1
0	1
0	0
0	0
0	1
0	1
0	1
0	1
0	552
0	397
0	392
0	404
6	549
0	393
0	358
1	19
0	9
6	27
1	23
0	219
0	101
0	87
0	28
1	6
0	323
0	307
0	290
29	490
0	141
0	460
0	50
0	459
0	460
1	62
0	51
0	92
0	1000
1	61
1	205
0	60
0	53
0	835
2	1288
2	57
1	99
0	1341
0	48
0	454
0	63
0	1284
0	874
0	309
1	227
0	191
0	107
0	198
3	9
0	173
0	185
0	165
1	141
0	3
0	120
0	1308
0	12
0	12
0	2
0	261
0	148
0	255
7	132
0	250
69	186
0	5
0	254
0	26
4	6
0	1698
0	96
0	52
0	1598
0	2
0	34
0	18
0	7
0	16
35	39
0	77
0	82
0	86
0	1623
0	1728
0	605
0	1578
0	16
0	1566
0	0
0	144
1	83
0	737
1	29
0	18
0	28
0	36
0	42
0	127
0	1525
0	1555
0	1556
0	1
0	1
0	1556
0	1555
0	1524
0	1515
0	93
0	110
26	1028
0	78
0	92
0	107
0	634
0	1
0	308
1	608
0	64
14	0
30	241
0	476
1	376
0	509
0	416
94	416
8	446
1	53
2	442
2	188
2	397
0	35
0	626
1	516
0	1
0	710
0	721
4	165
0	107
30	254
0	710
3	240
0	108
21	42
34	334
0	66
0	18
1	66
0	11
0	8
0	4
0	11
0	3
0	65
3	4
0	4
0	4
0	27
0	28
1	6
1	6
1	11
0	4
0	69
0	0
3901	168
3	168
0	2
0	2
0	2
0	2
0	2
0	2
0	2
0	2
0	2
0	2
0	2
0	2
0	0
0	0
0	0
0	12
0	12
0	0
0	137
1	32
0	0
0	12
0	139
0	20
0	24
0	14
0	126
0	135
0	132
0	0
0	9
124	172
0	15
0	19
0	10
0	22
0	8
0	0
0	19
0	5
0	2
0	29
0	79
0	15
0	10
0	3
0	1
0	0
0	0
0	0
1	7
0	138
0	2
0	2
0	2
0	2
0	2
0	6
0	1
0	2
0	6
4	2
0	2
0	2
0	0
0	2
0	464
0	828
53	839
36	833
0	826
2	102
0	836
0	837
0	430
0	839
0	829
2	353
0	487
0	487
0	704
0	121
0	190
0	191
3	75
0	1
0	4
0	4
0	4
0	0
0	0
20	587
0	1823
0	1835
0	1639
0	1497
0	272
0	1162
0	339
11	138
6	131
3	0
0	95
0	50
1	342
0	347
0	340
0	146
0	75
0	63
0	59
0	37
0	7
3	45
0	50
0	1845
0	1668
0	1889
31	852
0	1003
72	1236
4	127
5	248
18	587
0	605
13	565
5	259
37	84
15	2
53	279
13	314
13	77
0	279
1	16
0	168
1	37
30	451
1	154
0	32
1	262
0	4
3	227
0	1
0	0
0	0
0	0
4	458
3	346
0	17
0	29
10	466
0	0
0	0
0	0
0	0
0	0
0	0
0	111
3	214
152	213
0	193
34	196
0	0
13	141
9	21
0	0
0	0
0	40
0	40
9	1036
0	1038
0	492
0	19
0	16
2	18
0	603
0	198
41	191
0	161
0	145
0	138
0	148
1	144
0	113
0	125
0	108
1	64
0	74
0	60
0	41
0	44
0	29
1	24
33	186
0	1733
0	209
0	141
0	43
0	3
0	206
0	1861
2	159
39	1915
0	1700
0	1872
0	1726
0	1887
0	1722
0	1697
2	811
0	1825
0	55
0	1743
1	1838
0	1707
0	976
0	1681
12	1777
1	91
0	1450
3	285
1	77
1	63
0	148
2	716
5	657
0	1016
42	1074
5	937
19	947
0	923
4	357
2	416
23	281
0	350
0	177
0	47
0	46
0	46
0	12
0	6
0	4
0	3
1	3
1	3
0	3
0	3
0	2
2	0
0	0
0	0
0	181
0	177
0	181
0	0
0	0
0	0
0	0
0	0
0	0
1	0
0	0
0	0
0	2
0	2
0	2
0	2
0	2
0	0
1	40
0	17
0	16
0	16
0	10
0	8
24	13
0	3
49	177
0	183
0	47
0	37
1	8
0	22
0	7
0	57
0	0
0	56
0	1
0	8
0	0
1	30
0	41
0	13
0	11
11	24
0	3
0	56
2	1465
0	1400
0	0
1	493
8	232
0	307
0	323
0	354
1	91
0	209
1	97
0	144
0	1
0	1
755	0
0	0
2	201
1239	500
14	332
0	81
0	0
0	1858
0	1828
0	1527
1	1753
0	1803
0	1823
0	1752
5	1681
1	1802
0	1821
0	1631
0	1439
0	399
0	451
0	301
0	259
0	234
1	149
0	139
0	0
0	0
0	0
0	0
0	0
0	0
0	0
0	0
0	0
0	0
1	118
0	118
0	96
0	118
0	136
1	110
0	0
0	0
1	136
30	701
0	760
1	621
0	560
0	2828
0	181
0	2731
0	340
0	58
1	324
6	348
0	534
2	519
1	127
0	0
0	0
0	0
0	0
0	0
0	0
0	1
0	1
0	1
3	3
0	263
0	1
716	431
4	223
0	223
13	35
0	12
27	10
0	73
0	14
0	75
0	8
0	0
0	528
6	926
120	1123
0	288
0	1136
9	1090
0	406
0	179
0	461
0	463
0	308
0	191
0	183
0	148
0	30
6	114
0	16
0	26
0	24
0	13
0	1
0	0
0	1
0	1
5	0
6	0
0	94
0	166
0	181
0	181
0	181
0	180
0	184
0	181
1	181
0	177
1	182
0	182
0	182
0	182
0	181
0	148
0	165
1	23
0	8
1	23
2	15
0	21
0	11
0	24
0	24
0	16
0	19
0	16
0	0
5197	0
2	18
0	13
0	13
0	16
5	12
0	7
0	6
0	914
1	450
1	856
0	749
1	26
1	63
5	1
19	381
1	1
0	259
0	71
0	8
2	4
0	8
2	5
0	1
38	845
0	861
0	452
4	756
0	154
54	705
7	99
7	119
0	188
0	197
0	1859
43	1855
9	1766
0	1820
0	1385
20	791
1	656
10	1226
5	860
55	668
0	802
0	566
0	352
0	260
34	200
16	146
0	146
0	178
6	154
0	122
0	177
0	140
0	39
0	107
479	736
2	736
1	68
0	55
0	51
2	32
0	55
0	388
0	398
0	388
0	381
0	371
0	383
0	376
0	364
2	371
16	386
1	6
1	13
0	7
0	12
0	10
0	9
0	38
0	73
0	115
1	53
0	1
0	46
0	102
0	34
0	41
0	33
0	161
0	38
0	44
11	77
0	18
0	175
0	164
1	68
0	203
0	248
0	237
0	14
1	110
0	200
0	228
0	215
0	214
0	1369
1	984
1	116
1	390
0	739
0	215
14	922
0	217
3	94
0	351
0	0
0	0
0	0
0	0
24	522
0	3
20	520
0	133
0	25
0	407
0	354
7	229
0	271
0	227
2130	421
3	358
0	322
4	288
0	29
2	29
1	2
0	3
0	2
0	2
0	2
0	3
0	12
0	0
0	10
0	12
0	12
0	2
0	0
0	13
0	2
0	2
0	3
0	1
0	1
0	4
0	6
0	2
0	1
1	0
0	0
0	1
0	0
0	0
293	116
0	118
1	75
2	51
0	3089
0	3154
0	3089
0	2248
5	2050
0	3161
32	3110
0	572
1	2468
0	2836
0	2940
7	3532
1	2361
0	2941
7	188
0	1217
0	2787
2	2829
18	2226
2	1664
0	1665
0	0
0	125
0	15
1	127
7	81
7	29
0	11
0	20
0	16
0	19
0	15
0	0
0	0
2	180
0	61
3	245
264	658
0	375
0	119
1	45
6	30
2	17
0	36
36	67
2	77
0	69
0	40
0	47
0	38
0	45
443	587
5	583
3	520
0	378
0	61
0	15
3	23
0	39
0	32
5	30
0	108
0	1490
2	193
0	24
0	443
0	377
0	386
0	424
0	377
0	460
0	432
0	363
0	372
0	303
0	341
0	438
0	357
0	450
0	380
0	456
0	357
0	453
0	246
0	166
0	437
0	360
0	412
0	453
0	464
0	386
0	349
0	365
0	419
0	358
0	363
0	420
0	458
0	416
0	457
0	453
0	365
14	174
6	174
0	401
0	406
0	397
0	418
0	431
0	417
0	440
0	333
0	370
0	270
0	468
0	436
0	457
0	434
0	436
2	450
3	336
1	9
26	258
0	151
1	174
15	76
7	77
0	1804
6	2144
3	1818
64	1111
1	3756
0	2444
0	1458
8	2817
0	3084
0	1285
0	1468
0	560
1	624
3	496
4	651
0	799
47	216
1	298
14	112
2	189
8	505
0	1295
2	32
45	1289
1	125
19	364
0	1
18	39
0	303
0	90
0	90
0	89
1	70
0	90
0	65
1	0
0	54
0	78
1	68
0	88
6	61
0	28
0	8
0	0
0	0
0	6
0	11
0	10
0	4
0	6
0	0
0	10
0	14
0	1
0	1
0	2
0	1
40	1246
1	793
63	1036
55	202
84	453
2	224
0	33
0	188
12	217
1	15
0	837
3	1985
0	1595
0	1353
0	848
0	137
0	386
0	249
3	203
0	1
1	4
831	229
4	150
0	77
0	77
0	193
1	191
0	159
19	100
0	500
1	533
0	525
2	521
0	123
0	500
2	509
15	589
0	205
6	146
9	175
0	288
8	259
0	139
0	202
1	152
0	3
0	2
0	0
0	1
0	0
820	22
2	22
0	0
0	0
0	0
0	0
0	0
0	0
0	1
1	1
531	370
298	367
0	74
3	41
0	0
0	0
0	0
0	0
1524	41
0	41
1	0
0	1
0	0
69	15
0	14
0	14
0	0
0	288
0	0
0	0
0	0
0	0
0	0
0	0
0	2066
0	2164
22	2322
0	1993
0	104
2	106
0	495
0	34
0	1000
0	0
0	0
16	631
0	1734
0	296
0	1443
1	592
1	573
12	1249
1	552
0	0
0	0
0	0
0	0
0	0
34	350
0	382
1	136
0	137
1	120
0	38
0	399
0	366
0	380
0	388
0	399
0	313
0	377
0	91
0	231
0	216
0	79
3	31
2	151
1	33
1	16
0	11
0	104
0	151
0	79
0	91
33	36
0	111
0	59
0	102
0	98
0	87
0	47
0	56
0	0
0	17
3	16
0	349
0	346
0	349
11	123
0	81
0	113
0	80
0	91
5	78
0	33
2	37
0	78
0	32
0	3
1	437
0	32
0	445
0	433
0	9
0	27
0	66
0	29
0	22
1	15
13	23
4	27
1	28
6	5
0	209
0	47
0	1510
0	1514
9	1542
0	37
0	1444
0	1471
0	630
5	380
2	361
0	126
5	58
0	102
0	387
31	440
2	436
0	6
0	15
0	48
0	2
0	36
0	36
0	4
0	38
0	32
0	26
0	28
0	408
1	71
0	72
23	72
2	13
0	1
0	1
0	14
0	13
0	0
0	1
0	1
0	0
3	7
4	6
6	425
7	425
2	354
9	0
15	58
461	222
3	11
0	54
1	118
3	36
18	85
3	38
0	922
0	747
1	80
0	121
0	826
0	71
0	895
0	141
4	26
0	136
0	149
0	118
0	59
20	69
17	243
0	60
0	79
0	86
0	134
0	87
0	138
0	67
0	100
0	350
0	55
0	602
0	580
0	99
0	125
9	137
2	420
0	72
0	155
0	53
0	66
0	91
0	248
0	155
21	1141
159	1072
0	197
64	713
0	609
0	716
0	210
0	78
2	643
0	291
0	99
0	106
6	112
0	102
1	58
0	54
2	27
0	261
0	1022
0	970
0	633
19	331
0	220
0	1138
0	1009
0	1058
14	404
0	160
9	103
0	945
1	9
0	9
0	3
0	2
1	3
0	0
0	0
0	0
0	0
0	0
0	0
0	1183
4	1472
10	1550
37	1550
0	177
4	87
1	127
7	85
12	0
2	37
0	196
0	191
40	61
1	64
0	15
1	53
0	74
0	31
0	37
0	26
1	24
4	20
3	6
0	474
0	206
0	476
5	476
0	327
0	0
2	44
0	36
0	13
0	31
2	59
0	37
3	24
2	16
2	21
1	54
0	45
0	15
2	101
0	102
1	195
0	190
0	132
0	132
0	134
0	18
0	8
2	14
0	11
0	0
0	185
4	110
4	171
0	143
11	184
1	177
8	166
0	179
0	162
0	172
0	164
0	165
0	46
0	45
0	38
5	34
0	42
0	12
2	14
0	11
0	323
1	158
0	184
0	423
0	253
0	440
0	245
0	215
1	188
0	96
0	0
0	0
313	784
8	733
1	703
0	728
6	402
2	10
0	0
0	0
0	0
0	0
0	0
0	0
0	0
0	0
0	0
0	358
0	328
0	324
0	350
0	329
0	351
0	322
0	337
0	350
0	339
0	284
0	185
0	228
0	221
0	188
0	211
0	210
0	196
0	188
0	181
2	179
0	192
0	173
0	150
0	182
0	176
0	156
0	167
0	100
1	99
0	94
0	92
0	98
0	82
0	78
0	78
0	93
0	85
0	52
0	71
0	90
0	70
0	64
0	77
0	78
0	79
0	86
0	84
0	77
0	78
0	77
0	52
0	53
1	72
0	71
0	58
0	53
0	30
0	1
0	21
0	42
0	21
0	30
1	19
0	31
0	31
0	19
0	8
0	19
0	8
0	1
0	1
0	0
0	0
0	0
0	0
0	0
0	0
0	0
84	5
0	5
1	0
0	0
0	0
0	0
0	491
262	0
35	20
0	20
0	1
0	6
0	5
3	4
0	3
0	2
0	2
0	3
0	2
0	2
0	0
2	0
0	0
0	0
0	401
3	165
0	296
1	11
0	86
8	78
1	21
0	94
24	81
0	54
0	14
0	40
0	47
0	28
0	306
5	1988
0	1982
39	792
40	288
10	1493
5	1338
0	376
2	1098
0	1246
0	1094
0	1242
0	1310
0	1230
0	1186
34	86
4	192
0	80
0	85
0	298
0	145
0	158
0	246
1	258
7	181
3	74
0	26
6	26
548	0
3	222
0	459
0	118
0	332
70	474
377	898
1	895
0	448
34	406
0	0
0	0
2	10
0	1001
0	1018
0	1001
1	998
0	1002
0	134
1	49
1	21
2	122
0	10
1	1851
2	1808
0	1684
5	925
4	38
0	395
1	243
0	152
0	381
1	195
7	139
0	285
23	397
2	343
10	326
10	194
0	0
1	1487
0	1576
0	1569
0	134
1	73
0	63
5	31
42	48
0	32
0	32
47	6839
1	6347
0	7064
33	1188
2	2042
4	1013
1	1341
1	864
0	84
0	349
0	1018
0	1128
1	1110
0	1117
0	1018
52	1104
0	1079
0	681
0	1104
1	512
1	636
7	727
0	876
6	613
0	200
0	213
0	492
1	509
0	513
1	331
1	21
1	318
3	164
0	138
0	139
1	32
0	1
0	1
2	2
0	2
0	61
0	47
0	12
0	10
5	21
0	0
0	0
0	0
0	0
0	0
0	0
0	0
0	0
0	0
0	0
0	0
0	0
0	0
0	0
0	0
0	0
0	0
0	0
0	0
0	0
0	0
0	0
0	0
0	0
0	0
0	0
0	0
0	0
0	0
0	0
0	0
0	0
0	0
0	1
0	0
0	0
0	0
0	0
0	0
0	0
0	0
0	0
0	136
0	48
11	136
0	25
0	0
0	98
13	296
0	282
165	288
0	297
1342	1052
0	1052
1	290
0	12
0	10
0	2
0	3
0	2
0	0
0	0
0	0
0	0
0	0
1	0
0	0
412	450
10	450
1	15
9	0
10	53
0	198
3	69
3	172
9	47
0	45
8	26
0	152
16	2228
3	204
1	1232
0	0
0	2229
22	2208
0	12
0	0
0	379
0	147
0	34
0	89
7	1308
0	1066
0	82
2	71
0	84
10	357
0	186
2	206
38	525
7	461
0	0
0	0
0	0
0	0
0	0
0	0
0	0
1	8
0	0
0	1
0	1
0	1
0	1
0	0
0	0
0	7
0	0
0	0
0	0
1	2
0	2
0	2
0	0
0	0
0	0
0	0
0	0
0	0
0	0
5	319
40	319
2	19
33	44
2	23
0	31
0	0
0	1
0	1
1	1
0	0
0	0
0	0
0	377
3	377
0	7
19	2
0	372
0	0
0	0
0	0
0	0
0	0
0	13
0	1601
0	1601
0	1360
0	1601
10	13
0	13
1	80
0	77
0	76
1	76
0	80
1	76
0	79
0	77
626	203
1	212
0	85
179	366
2	366
419	2363
2	2347
5	2336
110	1838
8	608
5	147
0	293
2	169
0	296
0	208
1	258
0	206
0	208
0	205
0	258
0	89
0	78
0	66
0	52
0	55
2	18
0	0
0	0
0	0
5	7182
4	17279
0	10449
9	22587
228	20290
14	7019
83	19944
0	15412
19	4144
5	12253
16	0
27	1775
0	951
0	809
0	414
0	946
0	794
1	777
13	815
0	30
0	787
0	805
0	1569
0	1453
0	794
0	720
0	462
0	502
40	410
9	483
0	658
0	582
0	155
2	280
0	291
0	0
0	0
6	0
0	0
0	0
0	0
0	0
0	0
0	0
0	0
0	0
0	0
1	32
0	378
0	34
7	122
2	54
1	181
0	384
32	179
0	177
0	11
0	22
0	18
0	20
0	11
3	16
0	8
0	27
0	2
0	2
0	0
0	0
0	0
0	5
0	0
0	2
0	0
0	4
0	2
3	1
0	0
0	0
0	0
0	1
0	0
1	1
1	1
0	4
0	4
0	3
56	16
10	16
468	857
0	565
0	569
2	341
1	193
0	135
0	112
0	76
0	0
0	0
0	0
0	0
0	0
0	0
0	0
0	0
0	0
0	0
0	0
0	0
1	6
0	4
0	4
0	2
0	0
0	0
0	0
0	0
0	2
0	2
0	0
0	2
0	0
0	2
0	0
0	0
0	0
0	0
0	0
0	0
0	0
0	0
0	0
0	42
0	40
0	40
0	34
1	32
1	22
0	11
11	8
0	9
5	66
0	651
0	650
0	63
0	1
1	17
1	490
251	31
0	204
0	3
2	66
0	59
0	648
3	294
8	104
0	288
0	284
0	290
0	270
6	250
0	210
0	199
0	200
0	37
0	198
0	161
0	170
0	147
0	64
0	65
0	61
0	55
0	48
0	44
0	24
0	21
0	2
42	871
3	871
0	0
0	0
0	0
0	0
0	0
0	0
1	0
0	0
0	0
0	0
0	0
0	0
1647	0
0	3424
106	2004
2	7424
4	747
3	6966
0	2496
0	4092
0	2963
5	5292
14	6962
0	2400
0	2489
0	2490
0	2138
0	2430
0	2315
0	1136
10	849
1	334
9	698
5	57
3	235
1930	61
4	61
1	3
8	13
0	10
0	810
602	1295
0	1295
0	426
3	86
0	149
2	182
0	194
0	215
0	983
0	1164
0	1169
0	1197
0	1015
0	924
0	114
4	103
4	485
0	141
0	221
0	234
0	48
2	168
0	191
4	136
0	88
4	75
0	45
0	3
0	360
35	361
0	317
0	336
0	321
0	339
0	105
1	33
0	21
10	46
0	160
0	151
0	102
31	157
2	30
0	113
0	89
0	75
0	72
0	30
0	29
0	301
11	830
0	1315
35	741
2	873
8	612
12	53
0	59
36	59
213	0
0	295
1	284
3	295
0	2611
0	1408
0	1432
0	522
0	960
2	733
0	854
0	1004
0	1085
0	986
4	2828
0	3337
0	3335
0	3420
0	2770
55	2759
0	1590
0	2512
0	2689
0	2693
0	2511
0	2507
0	2572
0	2677
7	1503
0	1935
0	148
0	1937
0	115
0	407
0	135
0	41
0	259
15	416
0	187
0	919
0	550
0	548
0	120
2	165
2	504
0	266
0	4
0	4
0	4
0	4
0	1
0	0
0	2
0	0
0	0
0	0
0	0
0	0
0	0
0	0
0	855
0	868
0	85
1	229
4	820
2	33
0	276
2	63
8	126
1	98
0	108
49	321
0	47
0	179
0	879
0	102
0	155
0	89
0	172
0	214
18	86
0	251
2	176
0	357
1	304
0	466
9	37
0	418
0	145
26	178
0	360
0	71
0	84
0	58
0	212
0	233
0	25
0	188
0	186
1	851
0	868
9	1209
0	955
2	130
0	847
4	86
0	767
5	78
2	303
0	336
6	9
1	138
6	30
0	2161
9	1629
22	2162
1	255
0	121
0	94
0	78
1	53
5	6
1	9
0	11
0	3
0	1
0	9
0	11
0	0
73	881
0	812
1	229
12	140
1	73
8	96
0	103
0	359
0	294
3	90
2	85
2	145
22	176
0	154
3	123
0	199
2	266
3	17
0	148
0	145
372	305
3	162
0	71
2	202
0	211
2	21
0	66
0	284
7	142
0	236
1	894
971	1962
0	1429
0	1098
0	1012
0	1171
0	577
49	1862
2	1539
0	1069
0	150
1	982
0	741
0	947
26	598
118	75
0	89
2	14
0	8
0	15
0	15
0	13
2	5
0	12
0	0
0	2
0	0
0	0
669	283
1	283
0	103
2	555
1	632
0	657
0	595
0	246
0	377
0	213
0	173
0	155
0	142
0	104
0	66
0	21
0	0
0	0
0	0
0	0
0	0
0	0
0	0
0	0
22	47
1	45
0	2
0	271
0	278
0	202
1	175
0	14
0	5
0	1532
0	1302
1	912
0	833
24	396
1	454
1	1
0	937
32	3805
0	3629
0	3618
0	4019
40	3797
1	902
0	1301
27	0
0	8593
11	8615
3	2456
0	4589
0	3540
0	2016
1	1384
0	3180
1	2276
0	8524
0	129
0	1979
1	2323
14	880
0	0
0	0
0	0
52	744
3	809
0	815
10	757
0	211
2	247
4	215
0	498
10	486
5	494
4	282
1	193
7	189
0	0
0	2
0	0
3	5
0	5
0	0
1	3
1	3
16	348
0	330
0	352
0	478
0	519
0	584
0	404
0	335
0	404
0	395
0	410
1	395
1	398
1	410
0	410
0	516
0	392
0	400
0	405
0	356
0	431
0	395
1	190
0	255
0	31
0	156
0	186
1	190
0	16
1	17
0	10
0	175
0	193
17	166
0	1520
0	1642
0	1659
0	1616
0	1464
0	1601
17	884
0	1578
0	1554
0	1505
0	189
0	1539
0	829
0	138
1	13
0	45
0	71
0	80
0	58
0	118
0	89
0	156
0	76
0	43
1	31
0	356
0	27
15	0
14	393
4	393
0	38
124	641
1	787
1	159
22	23
110	271
0	40
0	0
0	0
0	0
0	0
0	0
0	6
0	39
0	38
0	10
0	38
0	16
0	0
0	0
0	0
0	0
32	636
0	5100
1	597
1	634
5	635
7	724
53	566
0	719
0	713
0	513
2	597
6	598
1	445
0	568
0	651
0	638
0	8
0	542
0	509
0	516
1	4
2	360
13	22596
6	8864
20	18252
29	8035
669	0
3	0
1	0
0	2
0	3
0	2
0	1
0	2
0	1
1	761
0	771
0	771
28	757
0	733
0	116
8	81
0	179
16	18
7	114
1	97
0	198
0	90
15	117
2	0
0	0
0	0
0	0
0	0
130	162
0	95
8	9
1	100
0	140
7	135
0	500
0	494
1	465
10	482
1	119
0	99
3	67
1	10
0	36
1	30
2	9
0	1
0	917
0	908
0	86
7	184
5	296
1	81
8	55
0	10
0	9
0	10
0	1
1	335
0	351
436	381
6	337
0	356
0	89
0	71
0	61
0	27
0	43
0	16
0	3
0	2
0	0
0	0
0	1
0	0
0	1
0	0
0	0
0	0
0	0
0	14
0	13
0	15
0	3
0	7
0	2
0	5
0	2
0	1
0	5
0	4
0	4
0	4
0	4
0	0
0	0
0	0
0	0
0	0
0	0
1	0
0	0
0	0
0	0
0	0
0	0
0	9
0	9
0	7508
1023	7508
0	1739
4	1738
0	1754
0	1729
1	1729
0	1721
1	1689
0	1749
0	1749
0	1737
0	531
0	1712
2	48
2	23
0	62
1	36
0	755
1	4418
0	4167
0	3930
2	1254
17	2485
3	2696
5	407
12	641
0	324
7	158
0	178
32	203
5	404
305	0
0	0
0	0
1	39
0	140
2	150
0	132
3	124
5	108
24	344
9	2
71	263
0	100
4	2728
21	2728
29	257
0	282
12	281
14	682
0	853
1	878
1	628
1	560
2	197
2	91
5	55
0	94
0	121
0	112
3	85
0	66
0	63
5	35
3	147
0	6
0	56
0	60
5	70
0	47
0	110
0	52
0	97
0	62
1	30
2	29
2	0
0	15
0	3
0	17
0	6
0	2
0	2
0	16
0	18
0	3
0	3
0	2
0	6
0	17
0	3
0	53
0	446
9	482
0	388
0	388
0	352
3	27
10	63
17	45
4	2925
1	771
23	735
1	672
2	600
30	867
2	656
130	1924
0	107
21	360
0	721
7	750
0	752
0	752
0	723
0	752
0	723
0	752
0	721
0	723
0	722
0	750
0	16
0	10
4395	0
1	2
15	2
0	1
1	2
0	39
289	43
3	13
3	8
0	10
0	0
0	10
2	0
0	0
2	10
0	0
0	1
0	3
0	0
0	51
0	61
0	62
0	57
0	51
0	50
0	41
0	46
4	20
0	16
0	1
0	1
0	1
0	1
0	1
0	0
0	1
0	1
0	0
0	0
23	166
0	3776
0	4440
1	4131
0	3815
0	4440
0	2744
0	4440
0	3438
0	3681
0	3989
0	4035
0	1649
0	3943
0	4162
1	2657
0	4380
0	3146
0	3367
1	4117
0	3514
0	4144
0	2650
0	2933
0	2931
0	2931
0	3557
1	4117
0	2729
3	4133
1	3983
0	2926
0	3773
3	3511
0	2716
21	2771
0	3495
0	2977
37	3019
0	4384
0	3435
0	1866
1	1958
0	1264
1	1545
0	44
0	44
0	44
0	41
0	51
2	26
0	36
0	47
0	45
0	44
0	44
0	37
0	39
0	38
0	35
0	12
0	16
0	11
0	9
6	13
0	12
0	10
0	8
0	0
0	3
0	2
0	3
0	3
0	3
1	0
7	0
0	0
1	731
0	753
26	752
0	818
3	818
0	727
3	270
0	595
0	2965
0	2980
1	2890
65	2089
2	640
1	259
0	509
1	438
0	8
114	8
0	41
0	41
109	3091
145	2910
2	1356
3	366
1	576
16	515
0	56
0	26
2	443
8	440
0	186
0	159
0	228
9	173
3	82
0	201
0	170
10	28
0	126
0	134
0	127
0	104
2	49
1	39
0	21
0	11
0	0
259	285
2	1923
0	1908
4	1735
0	466
1	368
0	196
89	463
0	12
0	413
1	403
0	18
0	61
0	11
0	190
19	3245
0	3148
3	1585
0	2918
5	982
0	2260
3	168
0	1176
34	1144
0	269
1	315
0	331
0	281
0	53
9	89
9	95
0	38
0	235
0	38
0	51
0	28
1	53
0	204
0	263
0	238
0	238
0	247
0	234
0	75
0	60
0	59
0	76
0	65
1	55
1	93
0	78
0	54
0	58
1	9
0	76
2	195
14	26
0	15
0	75
0	127
1	71
18	34
0	361
0	354
1	351
9	88
0	342
0	338
1	335
0	163
0	152
0	160
0	152
0	149
0	307
0	52
0	35
2	21
6	166
10	125
498	0
0	1205
0	1400
10	1104
0	1371
0	1436
0	1544
0	1211
2	1463
0	1314
6	295
5	960
2	809
0	371
2	54
0	45
0	55
3	29
0	7
0	0
0	21
0	2
0	6
0	5
0	0
0	29
0	60
0	59
0	321
0	1089
0	1063
0	1042
0	1071
0	1076
0	1092
0	1077
2	1052
0	16
0	190
0	20
0	25
0	28
0	44
0	58
0	15
0	88
0	147
0	19
0	0
0	0
0	0
0	1
0	1
0	1
0	0
0	1
0	1
0	1
0	0
0	0
0	72
0	80
0	41
724	78
43	64
0	301
13	828
0	828
3	263
0	20
0	17
1	13
0	0
55	193
1	193
130	0
10	750
0	750
4	307
1	424
7	168
4	2
0	0
0	303
1	112
0	112
2	113
0	112
0	103
0	63
0	60
0	61
0	58
0	16
0	1
195	96
0	34
2	62
0	24
0	82
0	6
0	1
0	0
0	82
0	1
0	72
0	77
0	72
1	5
0	21
0	16
0	26
0	20
0	18
0	44
0	45
1	13
0	0
0	0
0	0
0	0
0	0
0	841
0	814
0	265
0	111
0	59
2	30
0	4
0	3
1	4
0	4
0	3
0	3
0	0
0	0
0	0
0	0
0	0
1	1
0	0
0	0
0	0
0	0
0	404
0	115
0	0
0	0
0	0
0	0
0	0
0	0
0	0
0	424
0	435
22	194
0	258
6	234
0	78
0	157
4	208
0	162
0	121
1	108
0	16
0	13
1	25
0	24
0	25
0	3
0	6
0	1
0	0
1	7
0	7
0	6
0	6
0	2
0	0
0	0
741	761
1	714
1	334
8	404
0	212
0	36
33	8
0	8
0	2
0	1
0	0
0	0
0	0
0	1
0	10
0	12
0	9
0	3
0	11
0	5
0	3
0	6
0	262
0	33
0	31
4	288
479	288
0	166
0	95
0	351
0	63
0	97
9	337
0	169
0	348
18	189
1	2
0	40
0	260
11	151
1	229
7	90
0	17
9	5
0	3
0	4
0	1
1	0
1	2
2	2
8	635
0	636
0	626
0	345
0	504
0	348
0	373
0	308
0	256
0	269
19	154
0	365
20	434
0	484
2	399
3	438
0	269
16	42
0	301
0	1
0	0
0	0
0	0
0	0
0	0
0	0
0	0
0	0
0	0
0	0
0	1104
36	769
5	1145
0	248
0	0
0	884
0	729
6	73
0	18
0	1020
0	1220
0	1332
1	1069
0	141
1	56
0	60
1	85
0	47
0	86
0	50
0	14
1128	1770
0	1341
0	1561
0	679
37	1651
29	1651
0	928
1	1620
153	384
1	356
14	359
0	636
0	698
0	186
0	192
11	697
1	273
0	694
0	672
8	182
121	407
0	55
0	74
102	153
0	124
0	74
1	99
5	12
0	46
356	60
0	34
0	15
0	59
0	35
0	10
0	0
0	0
0	0
0	0
0	0
0	0
0	0
0	0
0	1
1	1
0	0
0	0
0	0
0	1
0	1
0	0
0	1
0	1
0	1
0	1
0	1
0	0
0	1
0	1
0	1
0	1
0	1
0	0
0	0
0	1
0	0
0	1
0	0
0	0
0	86
4	167
0	333
0	208
0	316
1	211
7	22
0	219
0	312
4	90
2	70
27	37
15	117
6	867
4	862
2	759
1	247
0	311
1	86
1	35
0	205
0	258
3	155
0	0
0	1
0	0
0	0
0	0
0	1
0	0
0	1750
2	318
2	31
0	1718
2	305
1	1
0	206
0	24
1	100
142	104
0	4
0	24
0	21
2	14
1	1
0	0
0	0
0	0
0	0
0	373
21	371
0	386
21	411
0	432
0	240
0	205
0	125
0	48
0	127
0	59
0	27
0	0
0	4
0	4
0	0
0	0
0	0
0	0
0	0
0	0
2	46
12	1027
2	1284
0	291
0	247
1	234
0	344
0	703
0	1
0	274
0	563
0	344
0	208
0	1820
0	1803
0	1655
0	176
0	198
0	406
0	1720
4	28
0	297
0	771
0	270
0	179
0	1783
0	15
0	344
0	1756
15	1815
0	189
0	1681
64	958
27	558
0	364
0	518
14	1142
0	871
0	925
3	694
0	620
1	27
1	28
0	64
3	122
1	33
0	68
0	16
0	3
0	3
0	2
0	3
0	3
0	0
0	1
1	0
0	4907
0	4909
0	5380
1	8170
0	2700
0	12327
1	11635
0	12023
0	11574
7	5372
0	11132
0	11295
0	12006
0	11633
0	11887
26	4122
0	11913
0	3468
0	1468
5	441
2	352
6	6617
0	754
0	1085
0	570
5	465
1	1469
7	1423
0	331
122	913
15	1001
0	534
0	594
0	276
0	443
0	213
0	86
4	560
0	777
0	654
6	521
0	258
0	184
0	1360
0	1395
0	1203
0	1396
0	317
0	1228
0	894
0	1228
0	1236
0	1236
0	1248
0	1168
0	1236
0	1303
0	1250
0	1175
0	1266
0	1082
0	1072
0	1169
0	1106
0	1262
0	1134
0	1332
0	1172
0	1304
0	1220
0	1231
0	1308
0	1032
0	1360
0	1402
0	1058
0	1360
0	1362
0	1280
0	1366
0	1395
0	1317
0	1037
0	766
0	1118
0	968
0	956
0	1065
0	1099
0	1239
0	954
0	1227
0	1136
0	1298
0	1286
0	1236
0	1261
0	914
0	1165
0	1229
0	1274
0	709
0	1067
0	1107
0	936
0	1128
0	1144
0	1112
0	1053
0	1106
0	1009
0	946
0	1101
0	1140
0	1165
1	1040
0	1401
1	45
0	1117
0	1097
0	604
0	769
0	1237
0	1368
0	1271
0	1227
3	764
0	326
0	938
0	955
0	1048
0	166
98	7356
0	7354
23	420
4	744
0	605
0	0
1	232
4	333
0	0
0	0
0	0
0	0
0	0
0	0
0	0
0	0
0	0
0	0
0	0
1	115
614	184
4	187
1	41
0	171
0	183
0	179
0	158
0	150
0	34
0	20
1	17
0	0
0	189
0	189
0	196
1	10
1	3
0	0
10	38
0	68
0	13
1	0
206	124
0	34
1	173
1	42
1	36
0	60
1	35
1	2
0	40
2	5608
7	5602
0	5594
35	5601
0	2737
171	5607
0	2100
0	5767
0	1971
77	1160
0	6665
2	734
1	1829
0	118
0	543
0	937
0	656
2	914
0	4186
0	2183
0	1278
3	1803
1	4134
0	224
0	4737
628	3622
1130	3622
4	2737
8	1063
8	1363
22	848
0	0
0	0
0	0
0	0
0	0
0	0
0	0
0	0
0	0
0	0
0	0
0	0
0	0
0	0
0	0
0	0
0	0
0	4
0	4
0	4
0	4
0	1
0	0
0	0
0	0
0	0
0	0
0	0
0	0
0	0
0	0
0	0
0	0
1	0
0	3
0	0
0	0
0	0
0	3
0	0
0	2
0	2
0	0
0	0
0	0
0	2
0	0
0	2
0	1
0	1
0	0
0	0
0	0
5	3561
0	3631
0	788
5	153
1	257
0	287
6	206
4	207
0	230
0	178
42	119
2	118
26	44
0	5
6	7
0	7
0	6
0	6
0	0
1	3
0	0
1	3
1	51
0	47
3	17
0	8
0	20
3	8
4	6
0	9
0	19
2	0
0	0
0	0
0	0
0	97
0	84
0	78
0	88
1	9
2	5
5	22
0	78
0	67
0	103
30	345
0	72
0	100
20	290
1	118
0	327
1	83
13	984
0	2342
10	2316
1	368
2	277
7	200
1	229
38	266
1	156
12	519
4	423
0	437
3	334
3	225
0	17
0	411
0	111
0	73
0	169
0	47
0	34
0	163
0	10
0	420
0	206
0	1935
0	1891
0	1965
2	1885
2	1934
0	1946
6	1950
1	1963
2	553
1	875
1	387
0	31
1	268
0	117
449	420
6	420
0	0
0	0
0	11
0	11
0	2
0	7
1	9
0	9
1	0
0	1
0	0
0	0
3	1308
0	1188
0	1304
7	1315
0	1305
1	1314
2	1304
0	326
0	285
0	50
0	4
0	4
0	3
0	4
0	4
0	4
0	4
0	4
0	4
0	4
0	4
0	4
0	12
0	14
0	12
0	14
0	12
0	11
0	1
0	1
0	9
0	9
0	1
0	4
0	1
0	3
0	3
0	2
0	2
0	0
0	0
0	1574
0	1696
0	1547
0	1770
2	1709
1	1748
0	1738
0	1730
0	1762
1	1769
0	1790
0	1673
0	1761
0	1658
2	176
0	138
0	428
1	1529
1	59
2	49
0	95
3	247
0	1227
1	940
0	385
0	1092
0	273
0	576
0	62
0	120
0	959
0	1105
0	921
0	846
0	819
0	789
1	608
5	556
0	550
0	496
0	607
0	61
0	116
0	367
0	42
0	110
0	766
20	1053
136	644
0	1054
1	88
0	207
0	131
1	537
0	657
0	544
1	245
0	318
0	588
0	430
5	299
0	299
10	0
0	1299
2	620
0	1277
0	1146
6	726
0	1267
0	1107
0	1046
0	947
0	869
0	883
0	870
0	880
0	874
0	742
0	715
0	346
0	785
1	11
1	11
0	12
1	42
0	2
0	6
0	18
0	633
0	23
0	1
0	67
0	3
0	3
0	2
0	408
0	9
0	17
0	10
0	187
0	53
0	50
0	0
4	134
0	0
0	0
0	0
0	13
0	37
0	7
0	7
0	7
0	7
0	7
0	7
0	459
0	515
0	108
0	877
0	472
1	191
0	898
0	61
0	895
0	1
0	1
0	0
0	0
0	1
0	1
0	0
1	0
0	0
0	0
2	1
0	0
0	0
10	869
0	792
0	847
2	37
0	358
0	113
0	147
0	177
0	204
1	35
2	23
3	24
0	877
1	14897
24	13872
0	15055
0	8646
5	3099
20	1095
8	2052
2	1556
0	0
0	1
0	1
0	22
0	7
0	351
1	298
0	375
4	411
0	432
1	23
5	24
0	74
3	17
0	79
5	38
4	60
5	102
2	40
1	17
0	39
0	23
0	77
0	37
0	42
0	37
5	442
0	2003
0	1253
0	297
0	2052
0	941
18	127
0	351
0	307
0	222
0	101
0	152
0	168
3	154
0	217
0	213
0	142
0	142
0	109
0	175
0	82
0	131
0	0
27	324
0	324
2	1219
0	1223
0	488
0	490
8	48
0	491
0	1222
0	132
2	12
0	728
1	802
2	170
0	215
3	152
1	272
1	18
1	30
1	70
0	40
3	10
0	4
1	4
0	268
0	55
0	74
0	81
0	77
77	93
1	70
3	55
0	46
0	51
1	4
0	13
2	11
4	20
0	73
0	78
0	5
0	5
0	4
0	1
0	9
0	74
1	82
0	146
0	151
0	153
0	28
0	18
0	3
0	99
1	580
0	575
0	603
0	592
2	557
0	63
0	47
0	23
0	38
1	167
0	163
0	161
0	238
0	242
0	161
8	207
0	126
0	41
0	80
0	40
2	21
0	42
0	37
1	17
0	17
0	1
0	0
0	1
0	1
0	0
0	0
0	1
0	0
0	0
0	74
0	75
0	29
0	13
0	6
4	1716
0	874
5	876
1	898
1	95
1	90
0	52
4	433
1	207
1	1686
258	49
1	15
0	14
0	7
0	5
0	23
0	34
0	107
7	121
0	93
0	56
0	66
82	41
0	48
8	44
0	31
0	21
0	21
0	110
63	133
0	277
0	251
0	190
0	258
0	232
0	174
0	14
1	5
3	18
4	2
0	1060
3	1183
427	208
0	172
11	0
5	21
0	0
0	0
0	51
0	51
0	1387
0	590
0	1399
0	323
0	695
0	700
0	593
4	587
0	281
7	101
1	420
1	74
2	1
56	7
2	7
2	0
0	1
0	1
0	1
0	1972
0	1918
0	122
0	2670
3	2682
0	507
0	1930
0	26
6	726
0	6
2	6
0	1
0	19
0	16
0	18
1	8
6	381
6	375
8	403
5	24
0	24
39	22
239	303
0	281
0	278
0	293
0	959
0	1452
0	1437
0	31
0	1093
0	860
6	6
28	125
1	36
2	773
29	602
0	781
0	505
5	433
0	376
6	75
0	12
0	80
0	0
71	34
1	28
0	4
0	13
0	13
0	134
1	60
0	27
0	8
0	10
0	18
0	7
0	6
0	0
0	132
1	31
2	38
0	103
3	273
0	292
0	56
3	287
0	278
0	365
0	50
2	785
0	784
0	787
0	23
0	202
0	208
0	31
0	10
0	172
0	159
26	151
0	1678
1	1583
0	1519
0	1676
0	1557
5	1602
0	1639
0	73
0	707
0	721
24	76
1	101
0	314
1	326
0	153
0	100
0	55
0	82
0	55
0	60
1	40
17	318
0	264
1	1589
0	269
0	4774
22	4689
0	2764
0	25
0	5264
5	2582
0	4376
1	4856
1	4031
0	246
0	102
0	0
0	2
0	2
0	1
2	34
0	67
0	71
0	299
0	299
1	287
0	300
0	251
0	253
0	36
0	107
0	108
0	285
6	494
7	482
0	372
0	226
0	193
7	133
0	139
0	32
0	64
624	83
1	31
0	83
0	52
2	709
348	712
31	426
0	79
1	56
0	0
0	0
0	0
0	0
2	3
0	74
0	52
1	70
3	38
0	28
0	25
0	2
0	25
0	2
0	5
0	22
0	23
0	1
0	6
0	3
36	195
68	113
1	3359
0	3066
0	589
0	694
1	245
0	713
0	603
0	3355
0	1866
0	3269
0	3359
0	753
0	742
0	594
0	690
0	103
0	1066
2	1028
26	427
3	600
7	326
25	589
30	354
3	84
1	48
18	380
2	3
0	0
0	150
7	962
83	945
2	34
0	867
0	7
18	58
38	246
1	40
1	57
1	54
11	211
0	1027
0	1001
0	999
1	999
0	960
0	960
0	1045
0	579
0	20
0	1045
0	0
0	0
0	0
0	0
0	0
0	760
0	624
0	830
0	812
0	71
0	95
0	40
0	32
0	188
0	58
0	40
0	222
0	1779
1	823
1	892
36	1267
2	1954
3	2131
0	2040
0	2059
0	2136
26	2094
0	2163
0	2133
0	2115
0	2125
0	2127
0	2052
1	2154
2	311
0	2002
0	2157
0	1877
0	2147
0	2200
0	2149
0	2149
0	2129
0	182
0	2149
0	2129
0	2135
0	122
1	265
0	31
0	302
0	177
0	311
34	277
17	426
33	160
16	290
18	125
0	36
0	1416
0	1252
0	1310
106	865
11	773
0	520
0	274
3	1310
0	372
0	355
1	291
0	241
0	78
1	9
0	92
2	208
0	184
0	141
0	181
7	172
4	116
0	37
0	27
0	37
0	29
60	1091
0	1091
1	957
8	824
3	271
14	267
0	259
0	119
0	228
0	18
7	497
30	47
3	44
0	426
0	63
0	452
2	205
0	14
0	90
0	37
0	193
1	2042
0	2066
3	467
0	145
0	2041
0	2057
4	2075
0	1895
0	1870
0	2122
0	2082
28	1710
0	1930
2	55
0	122
1	188
0	136
1	125
0	48
0	171
0	0
0	172
1	167
0	105
0	78
0	81
0	75
0	0
20	1840
0	1684
0	1606
0	1491
0	1379
0	1377
0	1377
0	1376
0	416
1	51
0	13
1	53
3	30
3	9
0	956
0	916
0	446
0	335
0	518
0	296
0	941
71	329
0	445
62	337
0	253
0	246
5	253
5	138
18	6785
1	7143
0	5325
0	7203
1	7362
21	7503
0	7184
3	7799
0	7954
4	7604
0	7356
0	8039
0	7488
0	7955
0	7948
0	7482
0	8031
2	8028
0	7971
1	8020
0	7752
0	7177
3	7974
0	8264
0	7963
0	7966
0	7656
2	7988
3	7875
0	8106
2	7523
0	7950
0	8452
22	7942
21	7918
1	5441
0	2833
0	6857
0	4001
1	7898
0	7729
10	7319
0	6773
0	5068
0	1215
6	879
0	508
0	139
1	611
1	251
0	8
34	522
0	510
0	296
0	218
0	192
0	150
2	191
0	130
0	189
1	129
0	16
2	13
0	103
0	0
0	0
0	0
0	0
0	0
0	0
0	0
0	0
0	0
0	0
0	136
1	131
0	23
0	81
2	36
0	19
0	49
0	38
0	44
0	44
0	43
0	41
0	30
0	38
0	39
0	43
0	49
0	37
0	71
1	48
0	84
0	47
0	44
1	76
0	19
0	62
0	2551
0	789
0	786
1	842
1	791
0	775
0	2601
22	982
0	1087
0	1842
0	1017
1	782
0	2597
0	854
29	858
0	814
0	618
0	812
2	705
0	2614
0	819
0	854
0	825
1	1069
0	798
0	730
7	703
0	815
0	664
0	393
0	320
0	149
6	84
0	64
2	370
0	32
0	118
3	1734
0	69
1	10
0	418
0	416
3	364
0	377
3	324
2	179
0	302
0	38
0	106
0	17
0	10
0	8
0	29
0	47
0	38
0	28
0	23
1	23
0	22
0	9
0	2
0	2
0	7
0	9
4	191
0	115
0	103
0	34
2	21
0	17
0	6
0	11
0	3
0	10
0	16
2	177
0	155
0	606
16	772
0	712
0	719
0	696
0	690
17	721
0	713
0	681
1	702
0	725
1	2
0	585
0	588
1	627
0	598
0	566
13	574
0	720
0	665
1	204
1	56
0	561
0	457
0	408
0	53
0	321
1	47
1	163
8	10
0	30
0	5
0	5
0	2
0	5
0	5
0	5
0	0
0	2
0	0
0	0
468	86
1	86
0	19
0	22
0	15
0	180
1	29
1	83
0	750
1	717
0	136
0	154
1	170
1	191
8	100
0	0
0	0
0	0
0	0
0	0
0	1
0	1
0	1
0	0
0	1
3	3033
0	3399
0	4569
1	3906
1	3002
0	1342
5	230
0	91
2	1534
0	1455
3	1382
6	326
0	31
48	734
1	735
0	440
1	308
0	20
1	1069
5	626
0	1059
0	591
0	588
5	229
0	258
4	142
0	262
0	194
0	79
6	34
3	18
0	23
0	96
0	107
3	100
0	22
0	91
0	7
0	52
0	40
0	31
0	100
0	22
0	37
0	89
1	108
1	13
0	14
0	74
0	91
0	21
1	12
96	96
0	80
0	26
0	3
0	0
0	0
0	0
0	0
0	0
0	0
0	0
0	0
0	0
0	0
0	0
0	0
0	0
0	7
0	6
0	7
0	7
0	8
0	6
0	6
0	5
0	4
0	5
0	5
0	5
0	3
0	4
0	2
1	2
0	1
0	1
0	0
0	659
0	686
1	687
0	680
11	378
0	51
0	3
0	5
0	1
0	5
0	16
0	3
0	16
0	4
0	0
0	1
0	0
0	1
0	1832
1	1831
4	1841
0	548
0	7
0	4
0	7
0	6
0	6
0	4
0	1
0	1
0	1
0	1
0	1
0	774
1	699
11	289
0	768
0	769
0	775
0	418
0	287
0	444
0	758
0	768
0	768
0	768
0	770
0	758
0	738
0	762
0	766
0	547
0	767
0	776
0	744
0	769
0	774
0	269
0	258
0	283
0	421
0	438
0	758
0	769
0	755
0	764
0	750
0	758
0	769
0	748
0	744
0	740
0	716
0	648
0	243
0	407
0	153
3	583
0	618
0	519
0	516
0	525
0	77
0	487
10	482
0	487
0	158
0	120
0	27
1	346
0	318
0	318
0	281
0	308
0	82
0	323
3	23
12	226
0	235
0	230
2	231
0	211
0	229
0	229
0	202
0	73
0	33
0	25
0	15
0	16
3	16
0	4
0	3
0	2
0	1
0	0
0	9
0	9
0	4
0	4
0	0
0	0
0	0
0	0
0	0
0	395
0	409
0	401
0	407
0	368
0	375
0	85
0	22
4	7
6	9
0	4
0	19
0	10
0	14
0	25
0	17
0	13
0	0
0	0
0	0
0	0
0	0
0	0
0	0
1	147
0	165
0	162
3	147
0	1
0	1
0	18
0	4
0	14
0	12
0	14
12	30
0	17
0	13
0	13
0	23
0	21
0	28
0	2
0	7
0	3
0	13
0	10
0	12
0	28
0	235
0	70
0	334
0	334
0	55
0	32
0	71
0	332
55	39
0	39
0	1
0	1
2	1
0	0
0	1
0	1
0	0
2033	0
0	86
0	14
0	15
0	12
4	52
0	57
4	67
0	38
0	76
0	174
0	16
1	8
0	37
2	12
0	12
0	6
0	74
0	73
0	74
1	51
0	32
0	3
0	1361
62	1361
0	149
0	4096
0	4256
0	4094
0	4119
0	4094
11	1414
0	21
0	22
0	20
0	20
0	18
0	21
1	16
0	20
0	655
4	787
0	796
5	787
1	1731
0	350
1	252
1	561
0	1721
0	1719
0	1747
1	1756
1	192
0	1785
0	797
0	1707
0	1707
0	800
2	1598
0	289
0	1100
0	1674
0	1712
0	774
0	771
152	3051
8	1316
80	2863
0	0
0	786
40	64
74	316
0	329
22	82
10	102
28	13
0	35
1	788
16	181
0	812
3	98
1	804
3	181
2	127
1	175
3	13
1	13
1	15
0	3
0	5
1	262
0	271
1	49
0	20
0	12
0	9
0	1
0	0
0	0
0	0
19	1576
159	1457
162	1523
12	1050
1	58
2	48
2	52
0	861
27	878
1	599
5	797
1	147
41	118
0	79
0	79
0	121
1	265
0	48
0	67
0	70
0	1450
0	1398
0	1298
0	1350
0	53
2	72
13	52
3	20
4	42
71	410
1243	510
1	322
38	460
149	407
1	204
1	42
0	0
0	54
315	2
585	1284
6	1166
4	695
1	353
0	0
0	1
0	951
1	1771
0	2711
29	2303
0	734
5	1024
1	943
0	931
0	955
0	932
0	935
1	898
0	929
1	907
0	918
0	942
2	929
0	944
0	914
5	780
0	1064
0	471
0	1197
0	1206
1	1171
21	1239
6	500
0	374
3	170
3	226
2	3
1	136
0	248
0	87
0	1
0	1133
7	1107
0	1135
2	1107
0	152
2	37
0	0
0	0
0	0
0	0
0	0
0	0
0	0
0	0
0	0
0	0
0	0
0	0
0	936
100	330
0	828
0	82
3	908
1	889
0	151
9	77
5	108
1	7
0	70
0	1
0	55
0	69
0	22
0	1
1	3
1	7
0	35
0	1
1	34
0	2
0	2
0	2
0	0
23	912
0	912
0	842
0	202
0	93
0	5
0	0
0	6
0	6
0	6
0	5
0	6
0	6
0	2
0	1
0	0
0	0
0	0
0	0
0	0
0	0
0	3
0	3
0	3
0	3
0	3
0	3
0	1
0	2
0	2
0	2
0	2
0	2
0	2
0	2
0	4
0	1
0	2
0	2
0	1
0	1
0	1
0	1
0	0
0	0
0	0
0	0
0	0
676	903
0	174
1	99
5	33
11	242
17	13
1	526
2	9664
0	5604
1	10282
18	0
7	688
4	10288
14	6117
0	682
25	8464
0	2007
1	5
0	4
0	3
0	0
0	0
0	46
0	47
0	6
0	29
0	34
0	23
0	23
0	0
51	25
0	4907
0	4992
1	5033
0	5109
1	5132
0	4824
0	5072
0	4995
0	5232
0	5035
4	5218
0	5232
0	5211
0	5132
22	2885
82	3972
0	5170
0	5159
0	5083
0	5203
0	5203
0	5203
0	5140
0	4963
0	3076
6	176
0	1230
1	1106
0	1232
0	177
0	170
0	88
40	95
307	222
12	201
0	825
0	827
15	785
0	49
9	61
1	127
0	608
0	94
4	46
5	40
4	60
3	49
3	65
3	19
0	16
1	216
0	0
0	0
995	1458
7	199
0	1261
0	1434
0	1428
0	997
0	1048
0	811
8	484
0	709
22	263
0	217
0	18
5	51
0	10
0	0
0	10
0	8
0	0
0	24
0	208
9	25
0	228
0	236
27	374
0	389
0	374
0	386
0	370
0	371
0	385
3	131
0	70
0	111
3	16
0	0
3	0
0	0
0	0
0	1256
0	1287
7	977
65	1231
0	1204
0	1285
0	670
1	146
0	520
0	522
4	470
21	277
0	201
2	0
0	1
0	0
0	0
0	1
0	0
0	0
0	0
0	1
0	1
0	0
0	0
0	0
0	0
0	0
0	0
0	0
0	0
0	0
0	0
0	0
0	0
0	0
0	0
0	0
0	799
0	622
0	672
0	747
1	228
0	208
12	277
0	171
546	244
0	4
0	240
0	47
0	1593
0	1644
0	1319
0	946
0	57
0	414
0	389
0	241
0	390
0	393
0	384
0	370
0	401
0	347
0	268
3	277
0	273
1	316
3	284
0	394
2	226
0	256
4	395
0	291
0	348
0	100
0	312
0	411
0	330
0	332
1	385
0	52
0	369
0	109
0	396
0	355
2	321
0	199
2	179
0	7
1	53
1	5
0	828
11	831
0	161
5	64
0	37
0	179
1	15
0	17
0	43
0	20
0	18
0	8
2	9
0	0
0	0
0	0
0	0
0	0
0	0
0	0
0	0
0	0
0	0
0	0
0	0
0	0
0	0
0	0
0	0
0	40
303	85
10	38
0	45
3	21
0	42
0	25
0	14
0	14
0	14
0	14
2	25
0	326
0	219
13	417
2	57
12	88
0	21
1	129
0	196
0	609
0	595
0	602
1	595
0	595
0	594
0	606
0	588
0	170
0	216
0	533
0	522
0	522
0	509
0	495
0	495
0	495
0	492
0	43
1	43
0	456
0	437
0	415
3	27
0	410
0	395
0	385
0	385
0	385
0	382
0	374
5	35
0	325
0	35
0	9
0	326
0	150
34	267
751	0
0	2
0	2
0	2
1	0
1	43
1	43
0	40
0	0
0	0
0	0
0	0
0	1
0	40
0	39
1	817
0	994
0	620
1	722
5	722
0	751
0	588
0	746
2	812
220	1026
0	615
2	597
36	597
0	621
0	161
0	713
1	808
18	608
0	810
1	810
1	82
0	105
7	106
0	29
0	7
0	31
0	29
1	860
8	835
1	776
0	6
1	240
0	501
0	844
0	996
0	1011
0	1083
0	968
0	918
0	917
0	1125
0	1076
0	920
0	1005
0	1063
0	1037
1	1140
0	985
0	980
0	1161
0	1049
0	1069
0	1140
0	1212
0	990
0	1065
0	1114
0	1138
0	910
0	1115
0	997
0	903
0	966
0	1046
0	1030
0	714
0	873
0	152
0	423
0	973
0	1116
0	1192
1	1163
0	817
0	845
0	203
0	899
0	826
1	472
0	744
0	955
0	1127
4	109
0	824
12	1025
1	1110
0	720
0	229
0	698
0	34
3	212
0	153
0	2147
0	2200
0	2243
0	1901
0	2304
0	2298
0	1644
34	1682
0	2029
16	2306
0	1870
0	2270
0	2259
1	1995
0	459
6	287
0	330
9	203
0	387
0	357
1	378
1	735
1	140
0	124
0	149
128	466
0	173
43	1420
2	696
2	325
0	458
0	108
26	1510
3	393
5	850
65	1442
2	895
0	735
0	400
23	116
62	535
19	0
239	150
0	145
0	0
1	69
0	70
1	29
0	24
0	22
6	20
0	13
0	4
1	172
2	17
1	184
9	1
0	171
0	122
0	20
1	25
0	132
0	60
0	31
0	169
0	46
0	106
0	105
0	106
0	0
0	0
0	0
0	0
0	0
0	0
0	0
0	0
0	0
0	0
0	0
0	0
0	0
0	2
0	1
0	2
0	0
0	1
0	2
0	1
0	0
0	1
0	1
0	0
0	1
0	30
0	33
0	23
15	32
0	29
0	3
2	3
9	525
12	525
0	471
0	164
1	33
0	37
1	49
0	54
0	54
0	186
2	193
0	77
0	9
1	16
4	13
0	25
0	8
0	18
0	16
0	16
0	14
0	15
0	10
1	8
0	12
0	8
0	9
2	6
0	7
1	7
0	193
0	0
0	0
0	0
0	0
5	2520
2	2520
14	984
2	405
0	625
1	545
0	631
0	341
0	427
0	313
0	325
1	428
0	357
0	337
0	315
0	111
0	134
0	181
0	52
8	103
657	0
0	705
1	379
4	701
0	672
0	23
4	26
0	27
1	1
1	549
0	1
0	316
0	40
0	16
0	28
0	13
0	420
1	404
0	243
8	336
61	802
1	580
6	609
1	204
4	276
20	0
0	662
0	514
0	922
0	838
0	888
0	864
0	917
0	916
0	51
0	637
2	865
0	822
0	793
0	834
0	811
0	835
0	761
0	803
0	782
0	837
0	802
0	817
0	798
0	820
0	820
0	851
4	810
0	757
0	827
0	829
0	799
0	723
0	681
2	668
1	753
0	36
0	736
0	760
3	676
0	796
0	795
0	767
0	834
2	659
0	61
0	800
0	829
0	837
0	35
0	105
0	103
0	61
0	27
0	161
0	184
11	693
0	1938
0	1916
0	1248
1	1836
0	774
0	349
3	394
0	35
2	86
1	86
0	3
6	77
0	1
0	0
0	1
0	1
0	1
0	0
0	0
0	0
0	0
0	0
0	0
2	1
0	2
0	1
0	9
1	9
0	6
0	1
141	145
0	146
0	139
1	140
1	140
0	1
13	2257
0	1857
0	884
0	772
0	1621
0	1778
0	1762
5	521
1	513
0	615
18	259
0	185
0	128
0	101
0	67
0	17
0	64
0	9
44	385
0	345
1	363
0	291
1	295
2	1
2	108
0	58
0	0
230	4374
22	3442
9	784
2	589
4	107
2	182
0	220
0	204
0	11
5	14
0	209
0	2
0	15
0	14
0	1
0	2
0	2
0	1
0	3962
0	352
0	1225
0	93
0	139
5	629
40	681
0	633
0	628
0	660
0	625
0	622
0	619
0	635
4	329
0	86
4	744
0	821
0	556
0	304
0	273
0	48
5	58
0	1433
0	1313
74	1423
0	266
0	1313
13	1922
0	265
11	922
0	1254
6	1325
9	154
17	203
0	285
0	347
5	136
201	1085
1	1085
6	30
2	56
0	417
0	377
1	365
2	289
1	276
0	254
0	232
23	120
8	67
0	50
3	85
0	38
9	62
0	41
9	48
3	1219
0	1059
0	1446
0	902
2	1015
3	591
0	1325
0	1120
0	1318
0	888
0	1310
0	1311
0	1311
2	1310
1	890
0	1437
0	1359
0	902
0	798
0	607
0	245
24	140
0	517
7	515
1	508
0	511
0	186
0	293
1	387
0	88
413	534
0	493
1	323
0	125
0	220
0	238
2	41
0	28
48	117
0	159
0	174
0	183
0	148
0	42
0	96
5	13
287	840
37	549
1	62
0	159
2	73
0	109
0	77
0	0
10	26
0	1
0	0
0	25
0	0
0	0
0	3
0	1
0	1
0	2
0	1
0	1
1	113
289	199
0	120
0	164
1	114
53	114
1	67
0	37
0	172
3	6
0	111
0	37
0	57
0	109
0	82
11	126
0	55
1	34
0	37
0	47
0	85
0	23
0	63
0	63
2	2
330	0
2	949
0	949
0	744
0	323
9	620
125	1062
36	1053
4	275
0	241
0	235
0	587
23	677
0	338
0	134
9	177
0	331
4	102
0	91
0	28
10	194
14	80
0	444
15	760
2	760
1	479
2	272
5	187
31	5956
0	5518
1	5431
9	4266
0	2651
41	949
8	1998
0	1749
0	1021
12	1306
0	188
0	48
4	74
0	37
0	190
4	46
0	170
0	74
0	70
0	15
0	63
0	18
0	5
0	683
464	1447
1	359
10	525
2	957
18	148
12	484
0	92
0	94
0	94
5	54
0	14
0	2
0	0
0	1
0	0
0	0
0	1
1171	544
0	395
0	422
3	506
34	742
0	729
0	747
17	741
1	742
0	745
0	1388
0	1556
0	58
0	44
0	226
1	123
4	35
0	123
0	21
178	398
3	286
39	379
0	44
1	27
0	36
5	22
0	29
0	421
0	78
0	210
0	141
6	173
0	217
0	401
0	183
17	316
7	25
0	1
0	1
0	1
0	1
0	0
0	0
1	0
0	0
0	199
1	195
0	208
0	204
46	174
0	196
5	201
0	57
2	155
0	90
0	58
0	56
0	28
2	21
0	20
0	17
0	9
0	7
2	1
76	0
492	619
1	161
1	64
0	116
0	104
6	134
3	181
0	80
0	180
0	156
0	12
0	18
4	52
0	26
4	182
0	61
0	11
0	11
0	13
0	16
0	19
0	39
0	82
0	102
0	17
0	42
0	34
0	27
0	290
0	444
0	460
0	456
0	456
0	440
1	420
0	372
0	383
0	341
0	157
0	57
0	82
3	158
18	126
0	42
0	136
0	54
0	52
0	52
0	49
0	1161
0	3670
0	1243
0	3462
0	644
0	3442
0	3421
0	521
0	1122
0	3538
1	3459
0	1441
2	3493
0	3408
0	3547
0	1442
0	3539
0	2463
0	3402
0	3495
0	3160
0	3541
3	1297
0	3471
0	1205
19	513
0	3486
0	666
2	3361
0	625
14	2379
1	867
0	3275
0	3261
0	3082
0	3369
0	429
0	2283
1	3230
0	3260
1	2855
0	564
0	581
0	2789
0	2955
0	173
0	1799
0	389
0	2876
2	1130
0	282
0	148
0	121
0	259
2	2099
0	1236
2	1974
2	1816
0	1807
0	1765
0	1494
0	1373
0	1254
0	1283
0	313
1	1049
0	190
0	70
3	336
0	246
1	285
0	804
0	801
1	68
0	695
0	439
0	473
0	501
2	385
0	443
0	618
16	381
0	13
3	161
10	67
4	82
44	1126
0	106
6	966
18	966
8	62
456	137
21	163
2	61
3	28
0	64
0	61
0	56
0	56
546	377
0	360
6	328
1	169
0	214
0	211
0	196
0	181
0	205
0	206
0	205
0	203
0	188
0	206
0	195
0	192
0	179
0	204
4	128
0	168
2	205
0	205
0	184
0	182
0	194
0	174
0	202
0	206
0	203
0	203
0	197
0	182
0	180
0	195
0	164
0	202
0	170
0	202
0	213
0	201
0	181
0	198
0	204
0	193
0	200
0	205
0	211
0	204
0	210
0	162
0	191
0	160
0	170
0	129
0	91
0	136
0	97
0	32
0	18
0	74
0	60
0	63
1	11
0	25
0	16
0	19
1	12
0	17
0	8
0	8
4	13
0	0
0	0
11	166
157	607
1	147
6	605
0	54
0	0
0	0
0	0
0	0
0	0
0	0
0	0
0	0
0	0
0	0
0	0
0	0
0	0
0	0
0	0
0	0
0	0
0	0
0	0
0	0
0	0
0	0
0	0
0	0
32	5224
9	4993
7	1921
79	2514
0	309
1	105
0	333
17	300
0	124
0	316
0	99
6	294
1	105
463	937
3	916
0	18
0	44
0	49
1	10
0	346
0	31
1	225
0	191
3	144
0	24
0	42
11	96
1	34
1133	1205
2	1138
0	252
0	261
1	312
0	86
0	279
0	195
0	262
1	202
0	279
8	143
0	142
0	11
2	21
122	125
2	49
0	90
0	10
0	4
1	8
1	24
0	50
0	8
0	1115
0	1012
0	1087
0	1023
0	1025
0	1099
0	1001
0	956
0	1064
0	1079
0	1085
1	832
0	1014
0	1088
1	1011
0	1025
0	1030
0	1024
0	988
0	93
0	839
235	0
1	0
16	17303
42	21278
8	9908
12	7700
84	6024
4	10224
240	6014
8	8472
90	6912
17	0
2	3421
595	0
1	60
0	417
0	384
0	377
0	421
598	228
1	89
13	61
1	68
0	1761
0	1865
0	251
0	246
0	1921
0	337
2	972
6	1000
0	973
1	310
11	15
2	389
2	245
33	550
4	686
2	576
0	368
0	74
18	43
0	129
0	505
1	43
0	525
0	16
0	22
3821	0
2	143
0	127
0	31
0	27
0	23
0	48
0	35
1	25
0	25
0	18
0	16
0	12
0	6
0	1
0	230
0	230
0	219
0	3
0	7
1	6
2	1
23	4314
0	4298
649	3846
0	624
25	319
0	779
6	979
5	420
333	487
5	494
3	190
0	108
0	259
7	36
0	1335
0	1321
0	1241
0	460
2	104
2	125
0	249
0	139
0	152
0	68
0	141
1	108
5	28
1	217
30	39
0	222
11	204
0	128
10	158
1	124
0	984
0	975
1	647
0	757
2	64
0	522
0	542
1	375
0	86
0	133
0	62
0	34
0	25
0	23
0	75
0	72
0	65
0	75
0	40
1	75
0	76
0	71
0	74
0	74
0	71
0	67
0	3
1	3
3	28
0	18
0	5
0	0
0	0
0	22
0	31
1	31
0	0
0	14
0	0
0	2
2	34
15	31
0	36
0	6
0	3
0	8
1	3
0	3
0	0
0	1
0	0
0	0
0	0
0	0
0	0
0	0
3	390
1	499
15	273
1	493
6	320
0	189
0	158
1	876
1	958
1	364
0	103
2	33
0	3
0	61
0	141
0	88
0	88
33	92
0	49
0	53
0	89
0	53
3	304
0	639
0	619
0	33
2	60
0	52
0	38
0	93
0	75
5	3
0	71
19	29
0	78
2	15
20	183
0	168
0	12
3	1
0	26
7	117
0	97
4	25
3	27
0	117
0	96
0	1188
0	742
0	756
0	561
0	562
0	1200
0	565
0	1164
0	1166
0	753
0	1169
0	1067
0	1103
0	1171
0	1209
1	555
0	1195
0	1155
0	1116
0	1074
0	1155
0	1185
0	861
0	172
0	674
0	1147
0	903
0	1194
0	471
0	501
0	1180
2	464
0	783
0	769
0	1159
0	1161
0	494
0	1199
3	1161
0	1120
0	1154
0	1099
0	1180
0	1088
0	502
0	506
0	586
0	576
0	774
0	1175
0	1187
0	1218
0	597
0	575
3	142
0	435
0	1163
0	1066
0	1190
0	465
0	1075
0	1155
0	1169
0	1198
0	377
0	1139
0	1104
0	1082
5	779
0	15
0	16
0	316
0	317
0	293
0	276
5	163
0	296
0	275
2	52
6	12
3	1
0	11
0	51
1	8
1	32
0	8
0	12
0	4
0	2
0	0
0	49
0	35
0	2
1	19
0	5
0	0
0	5
0	0
0	5
125	33
0	33
0	30
0	24
0	277
0	276
0	277
0	257
0	270
0	262
0	276
1	134
2	150
0	150
0	204
0	264
0	264
7	276
0	262
0	270
0	276
0	276
0	276
0	262
0	195
0	32
0	25
0	25
0	11
0	117
1	126
0	4
1	121
0	10
56	269
2	9
0	850
0	2107
89	1234
22	612
109	3
0	769
1	769
0	2228
1	1453
600	103
11	215
0	0
3	78
8	179
0	160
2	87
436	553
16	553
6	0
750	0
686	680
1	615
7	1
0	1
21	298
76	298
8	316
20	268
354	120
0	0
0	0
0	0
0	0
80	0
2	187
15	227
0	161
3	168
0	0
0	1
3	17
1	136
1	136
1	0
0	17
0	32
84	0
54	0
0	266
0	263
0	150
0	135
1	10
11	0
0	8
4	97
0	86
0	97
0	4368
190	4369
0	480
13	344
83	659
0	527
0	527
0	519
0	316
0	139
0	255
0	124
0	30
0	71
0	3
5	54
0	45
0	33
0	29
0	20
0	23
0	19
1	15
0	16
0	14
0	5
0	0
0	2
0	1
0	0
0	0
0	0
0	0
0	1087
0	1060
1	1060
21	788
2	978
0	532
5	519
1	419
0	241
0	352
0	272
1463	286
0	286
240	213
0	193
0	55
1	71
0	66
0	39
0	27
1	29
0	15
0	19
1	1
0	4
12	3
0	2
0	2
0	1
0	2
0	41
0	40
0	22
0	14
0	19
0	17
0	16
1	16
1	11
2	14
0	5
0	5
0	5
0	5
0	5
0	5
0	5
0	3
0	121
1	354
0	362
0	47
0	433
7	48
7	393
0	11
0	125
0	39
0	58
0	15
0	11
0	137
0	22
0	30
0	122
0	266
0	84
0	56
1	366
0	196
13	1233
0	1098
0	194
0	285
0	213
0	227
1	33
0	14
0	8
0	33
0	12
0	9
0	33
0	9
0	0
0	300
4	255
44	231
7	180
1	197
0	124
2	95
8	91
1	88
0	877
2	864
0	932
1	373
16	171
19	202
0	219
25	0
0	1976
0	2484
0	2414
1	117
0	1949
2	1375
0	476
0	1047
0	1055
0	920
0	950
0	862
7	1702
0	1516
60	998
1	283
2	156
1	50
3	15
0	53
0	53
0	53
0	53
2	14
0	8
0	4
0	3
5	72
0	162
46	2119
32	240
4	2
0	142
2	1965
0	122
0	682
0	619
0	7336
120	619
58	7069
4	2824
7	6861
22	653
1	1850
2	2
0	2
239	223
0	55
1	6
7	51
97	86
5	92
15	32
1	37
0	20
0	22
6	120
0	1188
0	1212
0	1201
0	35
1	87
0	1121
0	1189
0	96
0	904
8	158
1	18
0	132
1	96
3	105
0	898
0	99
0	80
0	168
9	21
2	2
1	0
0	417
0	1274
0	1225
0	1433
71	1574
17	79
0	541
0	335
9	184
0	127
0	2
0	2
0	0
1	374
4	98
0	377
0	374
0	48
0	0
270	5
1	5
0	58
2	526
0	30
0	13
0	60
0	536
0	49
0	18
9	18
0	47
0	35
0	54
0	18
0	65
0	14
0	1179
0	4533
0	1766
0	1733
0	2408
0	627
1	1275
2	1383
0	6410
0	2041
0	1300
0	3572
0	2259
1	1417
0	1661
0	1920
0	1192
0	1901
3	390
0	1074
0	996
0	961
0	550
1	368
0	451
0	324
0	106
0	762
0	1495
0	1085
0	446
13	238
3	159
0	609
0	401
0	233
22	99
0	97
25	29
0	0
1	2
0	1
0	17
0	5
0	15
0	1
0	14
0	14
0	20
0	14
1	139
0	414
0	258
6	873
0	696
0	221
0	914
0	263
5	691
3	360
0	642
24	787
0	802
0	154
3	202
0	216
0	357
0	828
0	73
4	62
1	111
0	629
0	350
0	281
10	387
23	331
9	166
1	3
0	0
10	3
0	3
20	588
496	1439
1	327
0	388
0	807
17	313
0	2269
5	2471
90	992
0	104
64	213
0	306
1	105
0	76
29	15
3	176
0	211
0	0
0	0
0	0
0	559
590	945
0	881
0	531
0	577
0	232
0	132
0	289
185	616
1	537
0	82
5	25
0	440
0	750
0	1388
0	476
0	335
2	1018
32	1002
1	877
0	183
0	217
5	158
0	734
0	168
0	142
0	129
0	133
18	3
0	6
0	20
0	19
36	15
22	5
2	179
0	174
0	179
0	175
0	81
0	114
0	117
0	32
0	107
0	110
0	3
0	3
0	40
0	19
0	6
0	28
0	21
1	10
0	4
0	8
0	2
0	5
0	1
0	0
0	1
0	1
0	4
0	4
0	1
0	4
0	1
0	1
0	1
0	1
0	1
0	1
89	922
0	922
0	313
0	201
0	15
0	40
0	14
0	381
0	372
0	372
10	222
2	4
0	33
1	60
1018	744
0	621
0	255
0	344
52	289
6	280
0	9
0	189
0	186
0	105
0	183
0	170
0	176
28	221
2	168
0	174
0	175
0	173
0	73
0	178
0	93
0	180
0	180
0	186
0	158
0	179
0	188
0	180
0	109
0	150
0	182
0	97
1	190
0	184
0	181
0	153
0	176
0	180
0	185
0	192
0	164
0	130
0	129
0	34
0	41
0	76
0	50
0	67
0	24
2	18
0	34
0	5
13	803
5	806
3	1026
667	1244
8	440
1	57
0	12
0	6
4	12
0	4
0	6
0	10
0	7
0	7
0	2
0	0
0	13
0	13
1	13
0	13
0	12
0	501
3	500
0	274
0	326
0	254
0	270
0	146
1	44
0	25
0	13
1	27
0	23
3	40
1	8
0	11
0	16
2	31
116	31
0	9
0	22
0	12
0	18
1	11
0	1
1	1
0	0
0	0
0	0
0	0
0	0
0	605
29	804
1	737
1	95
1	0
0	3
0	0
0	2
0	2
0	2
0	3
0	3
0	0
0	2
0	1
0	0
0	0
0	1
0	1
0	0
0	0
0	0
0	0
0	0
6	413
2	438
0	114
21	66
0	421
0	428
2	63
1	65
1	13
0	395
0	464
1	259
2	66
0	385
0	388
4	69
0	270
6	47
1	32
2	6
0	1
0	1
0	0
0	0
0	0
0	5
0	5
0	4
2	5
0	5
0	5
0	5
0	0
0	0
0	2
0	0
0	20
1	20
0	9
0	20
0	1
0	12
154	136
0	113
0	122
0	101
0	99
0	116
7	11
0	17
0	9
0	106
0	98
0	95
0	25
4	86
0	77
0	10
0	42
0	0
0	36
0	11
0	38
0	38
0	38
3	17
0	17
0	36
0	31
0	17
0	38
0	39
2	37
0	38
0	36
0	3
0	7
0	3
0	3
33	0
18	2148
0	4309
25	1739
10	4032
0	3707
1	3542
2	3768
36	1868
0	1437
19	1132
0	1368
1	200
14	437
1	108
0	4110
0	1766
0	107
0	551
0	915
0	901
0	895
2	883
0	480
1	66
0	124
3	37
2	11
0	80
0	31
0	19
0	31
1	0
0	28
0	28
1	30
1	13
0	3267
140	3576
4	2305
26	1292
5	509
5	814
0	680
0	1001
0	934
2	363
0	1068
0	892
0	683
0	642
0	532
0	514
0	517
0	546
0	279
0	0
3	0
0	0
0	144
0	12
0	1381
0	1413
0	640
0	1404
101	1412
3	1303
2	1386
0	557
0	1380
0	1359
7	152
0	663
12	117
0	676
0	96
0	92
0	0
0	1885
0	1882
0	1887
1	154
0	1810
0	1187
7	59
1	25
6	1461
4	1443
0	1457
2	788
1	417
0	109
2	179
1	55
2	132
2	36
0	112
0	0
0	0
0	0
0	0
0	0
0	0
0	0
0	51
0	51
0	23
1	17
0	17
0	4
0	3
0	0
0	0
0	0
131	818
0	815
0	818
0	273
3	54
10	911
19	905
0	448
1	831
0	62
0	201
0	585
0	604
3	425
18	193
0	512
6	182
1	225
0	262
0	527
2	554
0	555
4	159
1	579
0	579
0	402
9	214
0	78
3	76
0	15
35	27
0	12
0	24
22	13
0	798
0	808
0	795
0	67
0	278
0	170
0	443
0	386
0	170
0	302
1	215
0	122
0	89
0	61
0	1
0	44
1	41
2	14
1	20
1	207
1	77
2	189
0	187
0	122
0	135
0	205
0	215
159	211
0	174
3	40
0	42
2	7
0	10
0	4
0	1
0	3
0	1
0	1
0	1
1	4
0	1
0	4
0	0
0	2
1	1
0	0
0	396
0	386
0	403
3	411
11	148
0	418
0	118
0	393
0	369
0	19
0	210
0	72
0	84
0	0
0	1
0	0
0	0
0	0
0	0
0	0
0	118
0	453
0	412
0	386
0	384
0	430
0	405
0	460
0	410
0	462
0	368
0	432
0	385
0	39
0	34
0	245
0	413
0	440
0	435
0	460
0	438
0	508
0	461
2	422
0	222
0	445
0	436
0	40
0	432
0	413
0	493
0	207
0	451
0	445
0	482
0	259
0	373
0	483
0	431
31	457
0	417
0	450
0	433
8	367
0	51
0	387
0	334
0	53
0	0
0	0
0	0
0	0
0	0
0	0
0	0
0	0
0	0
0	0
0	1116
9	173
0	779
0	1009
0	1047
0	875
0	782
3	774
12	740
0	1047
0	1043
0	779
4	1942
34	1418
0	1806
0	1860
0	1780
2	1880
0	1885
0	1927
4	1850
0	1845
0	1876
0	1800
0	1813
0	1844
0	1878
12	874
0	573
2	562
0	396
17	458
0	456
0	293
0	456
4	381
0	205
0	153
2	732
0	0
219	1356
2	1351
0	1315
19	646
1	1327
0	115
2	14
0	56
0	8416
10	8274
31	8435
22	4913
1	5907
2	789
0	819
0	416
3	381
0	843
7	302
0	889
32	908
0	1145
2	580
0	333
0	1354
1	436
0	332
0	395
1	355
0	340
0	1521
4	530
0	879
0	1210
0	1179
0	610
0	873
1	807
0	793
0	711
0	474
0	359
0	469
0	440
0	257
0	310
0	330
0	263
0	143
0	135
0	118
7	12
1	9
0	5
0	7674
0	65
0	171
1	35
0	24
0	18
0	20
0	20
0	16
0	17
0	4
0	2
0	1
0	162
0	165
0	5
2	5
0	5
0	3
0	2
0	867
0	49
0	43
0	891
0	136
0	867
0	568
0	649
0	885
0	860
0	647
0	874
42	573
0	539
0	597
0	819
0	861
0	364
0	562
0	644
0	576
0	863
0	860
0	644
1	114
0	643
1	355
0	347
0	656
0	316
2	31
17	846
0	897
81	378
0	838
1	776
42	861
1	861
0	1
3	33
0	1
0	33
0	7
1	0
0	0
0	0
1	0
0	0
0	0
0	0
0	0
0	0
0	0
0	0
0	0
0	0
0	0
0	0
0	0
0	0
0	0
0	0
0	0
0	0
0	0
0	0
0	0
0	0
0	0
0	0
0	0
0	0
0	0
1	0
0	0
0	0
0	4
0	4
0	0
0	0
0	0
0	0
0	0
0	442
0	442
0	440
0	49
0	172
0	129
0	215
0	156
20	386
25	368
0	442
0	0
0	0
0	0
0	0
0	1
0	1
0	1
0	0
0	1
0	0
0	0
0	0
0	0
109	865
3	33
0	743
4	153
0	0
2	740
20	659
0	246
0	318
2	545
0	0
0	2
0	0
0	0
0	0
1	0
0	0
0	0
0	1
0	1
0	1
68	348
0	717
0	724
0	656
0	61
0	46
11	18
0	706
0	706
0	676
0	712
0	292
1	558
0	560
5	162
2	316
0	401
3	380
0	250
0	212
0	165
0	104
0	29
1	6
20	9
0	2
0	0
0	2
0	761
3	431
0	296
0	61
0	761
0	347
15	1752
1	1752
0	0
0	0
42	3196
88	3196
1	663
0	893
0	912
0	899
0	893
0	913
0	848
0	898
0	892
0	911
0	27
0	10
0	32
0	32
0	27
0	8
0	1
0	3
0	3
0	3
0	1
0	1
0	1
0	0
0	0
0	0
34	589
1	546
0	253
6	157
1	167
11	403
0	602
4	548
0	264
0	43
0	3
0	753
18	595
0	473
0	749
91	680
0	459
3	275
1	287
11	1696
0	1694
21	1723
21	790
138	162
0	1695
0	1312
39	477
0	449
1	68
3	32
0	0
0	0
0	0
1	0
0	0
0	0
0	0
1	231
0	1335
0	1213
0	405
2	214
0	398
4	389
1	118
0	62
0	347
0	270
0	187
0	359
0	32
0	55
0	92
0	312
0	87
4	16
0	16
3	13
0	13
0	3
0	4
1	5
0	1
0	1
0	1
0	1
0	0
0	1
0	42
0	44
0	43
0	42
0	43
0	41
0	39
0	40
0	39
0	41
0	40
0	2
0	2
0	15
0	2
0	1
0	1
0	2
0	3
0	956
0	875
1	340
8	582
0	274
0	251
0	173
0	179
0	254
1	170
18	104
0	6
0	9
0	9
28	8
0	11
0	2
0	2
0	4
0	9
37	364
0	422
0	414
0	464
1	499
0	530
0	503
1	525
0	364
1	153
1	86
0	69
1	68
1	31
1	10
0	0
0	0
0	0
0	0
0	0
0	0
0	0
0	0
0	0
0	0
0	0
0	0
129	390
9	426
102	313
26	73
29	50
11	1716
1	1548
0	265
0	269
1	1139
0	1131
0	719
3	1102
5	909
0	1013
0	1026
2	790
0	863
15	462
0	406
1	196
4	45
1	25
0	0
0	0
0	0
0	0
1	0
0	0
0	0
5	927
8	942
33	939
11	159
4	178
2	157
1	8
0	8
0	7
0	8
1	8
0	58
0	14
0	26
0	12
0	58
0	58
0	23
0	58
0	0
0	0
6	118
17	112
0	106
1	9
0	85
1	5
0	35
1	40
11	2114
0	2149
0	609
0	831
0	48
1	48
0	48
0	3
0	23
0	37
0	19
0	18
0	25
0	29
0	1
0	29
1	10
0	37
0	36
0	3
0	21
0	27
0	1
0	15
0	3
0	8
0	1
0	16
2	1
0	0
0	8
0	12
0	1
0	0
0	1
0	0
0	1
0	0
0	0
0	1
0	1
0	0
0	0
0	0
0	0
0	0
0	0
0	0
0	0
0	0
0	0
0	0
0	0
0	0
0	0
0	0
0	0
0	0
0	0
0	0
0	0
0	0
0	0
0	0
0	0
0	0
0	0
0	0
0	0
0	0
0	0
0	0
0	0
0	0
0	0
0	0
0	0
0	0
0	20
0	21
2	549
0	17
2	46
4	45
1	17
0	46
0	295
1	27
0	11
0	4
0	208
0	205
0	202
0	274
0	18
1	3
0	16
0	66
0	5772
0	357
0	364
0	20
0	457
0	457
3	167
8	98
0	69
3	93
0	128
0	36
0	57
3	38
0	43
0	46
1	29
0	48
0	35
0	17
0	7
0	28
0	24
0	25
1	2
0	30
2	17
4	27
0	25
0	24
7	24
0	0
1	23
0	31
353	6
3	6
0	1170
0	1170
0	1022
4	576
17	0
0	0
0	0
0	23
0	25
0	23
0	0
0	0
0	0
0	0
0	0
34	150
0	150
3	5
0	138
6	138
0	33
0	24
7	25
0	93
3	13
1	1603
0	385
48	1603
1	308
22	309
2	282
0	288
0	309
1	308
2	309
0	281
1	289
0	281
0	6
27	236
5	95
1	6
0	227
0	232
6	37
0	32
0	79
0	92
5	173
0	286
0	281
0	61
0	147
0	266
12	54
0	243
11	59
0	136
0	280
14	296
25	44
16	23
0	43
0	236
11	277
0	285
0	99
0	296
0	0
0	3
0	0
0	1
0	0
0	0
0	4
0	1
0	1
0	4
2	50
10	284
0	284
5	283
0	0
0	0
0	0
0	0
0	0
0	0
0	0
0	379
9	188
1	30
2	29
8	111
0	128
0	122
1	4
0	25
0	8
0	0
0	0
0	0
0	0
0	8
0	22
0	61
0	12
0	70
0	168
0	174
0	301
0	5
0	299
0	31
0	55
0	22
0	6
0	66
0	3
1	293
8	43
0	98
9	223
0	7
0	26
0	10
0	16
0	86
0	25
0	29
0	3
0	862
0	3
0	871
5	616
1	30
0	847
0	36
3	14
0	865
8	862
0	88
0	86
0	76
0	73
0	77
1	83
0	40
0	0
10	34
0	11
0	5
2	21
0	19
4	16
0	16
0	0
0	77
0	83
0	67
0	86
0	88
0	0
0	0
0	0
0	0
13	70
0	70
1	68
0	12
0	1
2	1
2197	0
0	326
0	320
4	332
0	217
0	6
0	7
0	9
0	69
0	4
1	14
0	12
0	1
0	57
0	13
0	2
0	57
0	53
0	16
0	3
0	7
0	1
0	0
0	0
0	4
0	3
1	4
0	4
0	58
0	1245
0	1404
0	1363
0	1301
0	1364
0	1321
2	43
0	775
0	804
0	1399
0	116
1	66
0	35
0	45
0	90
4	36
0	64
1	0
0	0
0	40
2	45
0	48
0	15
0	13
3	2
0	41
8	786
0	378
0	15
0	67
0	56
0	27
0	23
1	0
1	21
0	14
0	4
0	796
0	0
0	0
0	0
0	0
0	0
0	0
0	0
0	0
0	0
0	0
4	1303
0	1403
0	1450
0	1423
0	935
0	1443
0	585
3	237
0	303
0	50
0	79
1	28
0	59
2	21
8	0
0	370
404	835
7	125
0	230
3	265
1	176
0	120
0	104
0	134
0	131
0	89
0	18
2	17
0	14
0	19
0	19
0	20
0	20
1	19
0	19
0	20
0	19
0	19
0	19
0	19
0	14
0	10
0	6
0	0
2	711
0	227
0	725
2	41
0	725
2	503
0	70
0	703
0	727
0	47
2	93
0	0
0	0
0	0
0	0
0	0
0	0
10	85
770	959
0	695
0	2645
1	336
0	930
0	240
194	211
4	124
5029	2425
0	0
0	0
2	443
0	390
9	58
2	226
6	150
0	1
274	338
1	201
1	137
60	313
2	313
0	313
10	13
6	657
0	635
0	643
0	106
0	54
0	66
0	29
1	18
1	3
0	0
0	0
0	0
0	0
0	0
0	0
0	0
0	0
0	0
0	0
0	0
99	0
6	0
0	0
0	0
0	99
0	31
0	200
0	196
0	199
0	195
0	191
0	200
0	203
0	199
0	205
0	205
0	208
0	90
0	28
1	189
0	119
0	115
0	82
0	134
0	178
0	132
3	154
13	109
0	84
0	49
0	70
0	16
0	65
0	76
0	81
0	74
0	75
0	76
0	49
0	40
0	59
0	59
0	47
0	58
0	52
0	46
0	60
0	28
0	35
18	11
6	4
0	0
0	0
0	193
185	193
6	45
0	21
0	0
0	0
0	0
0	0
2	5343
0	708
0	739
0	5331
0	5298
0	240
0	128
0	5238
0	85
0	12
1	3139
55	2259
15	464
7	108
0	1
0	0
0	0
0	0
0	0
0	0
0	23
0	54
0	29
0	41
0	51
2	42
0	13
0	47
0	45
0	31
0	0
1	52
1	20
0	11
1	33
0	14
0	16
0	8
0	33
0	0
0	0
0	0
0	0
0	0
0	0
5	1
0	1
0	0
1	0
0	0
0	102
0	111
0	428
0	377
0	407
0	95
5	14
0	44
0	34
13	22
0	21
3	107
0	69
0	40
0	92
0	68
1	0
0	4
1	4
0	4
0	4
0	1
0	1
0	0
0	11
0	0
0	12
0	0
0	7
0	12
0	6
46	55
0	55
0	22
0	22
0	23
0	22
0	22
0	22
0	22
0	11
0	22
0	22
0	21
0	23
0	22
0	22
0	2
0	5
1	4
0	6
0	4
0	9
3	13
0	6
0	9
0	8
0	0
0	0
0	0
0	3
0	3
0	3
0	3
0	4
1	0
675	186
0	186
0	0
0	0
0	0
0	0
6	68
0	66
0	5
0	64
0	2
0	34
0	31
0	5
0	22
0	3
12	21
0	17
0	23
2	9
0	9
0	8
0	0
0	0
0	7
1	2
0	0
0	0
0	0
0	0
0	0
0	0
0	0
0	0
0	0
0	0
0	0
0	0
0	0
0	0
0	0
0	0
0	0
0	0
0	0
0	0
335	262
7	242
0	4
48	247
8	110
2	156
0	52
1	93
4	129
9	123
11	150
2	145
2	135
6	123
31	89
9	85
4	13
0	0
0	0
0	0
2613	0
0	16233
1	15406
0	15228
0	15892
0	13971
4	14031
0	14855
13	2027
0	10875
38	2539
2	946
0	1789
0	1364
0	796
1	1493
0	1027
0	1026
1	959
0	1932
0	1910
2	144
0	118
1	72
0	114
0	163
0	91
1	78
5	65
0	0
0	0
0	0
0	0
0	0
0	0
0	14
0	234
0	288
0	246
0	315
0	290
0	276
0	337
0	216
0	286
48	344
0	300
0	233
0	201
1	26
1	294
0	49
8	245
0	150
0	0
1	177
0	161
4	149
8	90
0	65
0	0
0	0
0	0
0	0
0	0
0	0
0	0
0	0
0	0
0	0
0	0
0	0
0	0
0	0
0	0
0	0
0	0
0	0
0	0
0	0
0	0
0	0
0	0
0	0
0	3
0	1
0	1
0	1
0	1
0	1
0	1
0	1
0	3
0	3
0	1
7	1
2	3387
606	2466
0	3499
35	327
0	303
0	222
5	1190
0	160
0	140
5	86
0	1227
0	156
10	381
21	550
0	1191
0	294
0	210
0	1071
0	124
0	134
9	62
58	273
15	34
0	107
10	620
5	1042
0	2029
0	2388
1	2582
81	2571
0	743
0	1073
0	798
0	114
4	652
0	293
1	557
0	295
0	1
11	1
0	138
0	605
0	46
2	554
0	113
2	118
1	334
1	113
5	565
4	435
0	481
7	14
0	11
0	14
0	7
0	0
0	5
0	0
33	10
0	10
1	5
1	1487
0	1458
0	1486
80	877
0	465
0	235
0	126
1033	0
8	245
5	213
17	256
0	274
2	181
0	156
12	17
1	52
1563	0
0	132
0	132
0	12
0	35
0	5
0	50
0	42
0	31
0	66
0	22
4	19
0	21
0	682
1	210
0	700
79	684
6	51
0	24
2	639
11	417
0	589
0	642
0	661
15	578
9	577
1	82
0	0
0	0
0	0
0	0
0	0
0	0
0	0
0	0
0	0
0	0
1	8
5	84
0	84
0	81
0	22
0	35
1	8
2319	198
0	109
0	171
0	46
250	1059
0	2094
0	1373
0	2064
0	1029
0	1723
1	1711
1	1708
2	0
0	40
0	95
0	93
0	333
0	24
0	1529
40	1281
0	1479
0	1320
1	1398
1	79
0	329
1	385
1	0
0	0
3	0
119	1283
3	958
1	377
496	144
8	254
0	233
0	239
0	245
0	212
0	240
0	246
5	43
0	25
0	247
0	30
0	203
0	55
0	18
0	28
0	244
4	177
0	18
0	229
0	215
1	7
10	11
2	208
0	38
2	10
0	22
0	48
0	89
0	75
2	63
0	32
0	26
1	1000
0	1019
9	22
1	959
3	101
3	1580
0	322
0	171
0	1536
0	1440
0	141
14	165
17	93
0	290
0	273
1	43
0	0
8	0
0	1
0	1
0	1
0	1
0	0
0	0
0	0
0	0
0	0
0	0
0	0
0	0
0	0
0	0
2	65
2	48
0	20
0	46
0	7
0	2
0	2
2	12
0	35
0	18
3	4
3	0
0	0
0	0
0	0
0	0
0	0
0	0
0	0
0	0
0	0
0	0
0	0
0	0
0	0
0	0
0	0
0	0
0	0
0	0
0	0
0	0
0	0
0	0
0	0
0	0
0	0
0	0
0	0
0	0
0	0
0	0
0	0
0	0
0	0
0	0
0	0
0	0
0	0
0	0
0	0
0	0
0	0
0	0
0	0
0	0
0	0
0	0
0	0
0	0
0	0
0	0
0	0
0	0
0	3726
0	3703
31	1929
0	526
5	277
4	223
0	457
0	149
1	60
2	301
0	563
0	502
0	480
0	568
1	421
11	172
0	463
1	386
0	509
0	204
44	42
93	17
0	3
0	0
0	5
0	18
2	29
0	5
0	3
0	0
0	0
301	209
1	211
1	198
1	3
0	71
0	190
0	0
1160	1145
0	919
1	42
0	808
7	321
0	0
1	58
5	58
8	17
0	43
0	39
0	39
0	151
10	151
0	151
0	152
0	152
1	151
0	111
0	22
0	14
0	2
0	1
1	1
0	140
207	0
0	6
0	0
0	6
0	91
0	871
0	77
0	61
8	22
1	22
0	46
0	49
1	871
309	235
0	72
3	55
0	191
0	31
0	42
1	199
0	78
1	1335
0	0
0	0
0	351
0	124
2	28
0	81
0	342
28	257
3	80
0	94
0	116
2	2
0	1078
0	1374
0	56
55	1361
14	5142
0	2814
0	4205
0	4312
4	2266
12	0
0	602
7	563
0	147
3	103
0	8
6	296
20	302
0	253
1	62
0	0
1	0
0	0
0	0
8	9
0	5
2	4
0	13
8	13
0	5
0	0
0	2
0	2
0	1
0	0
0	1630
11	1088
0	1862
11	1825
0	1764
3	1286
13	1709
0	433
0	273
35	209
5	86
0	421
0	171
0	226
8	493
0	0
0	0
0	0
0	76
1	910
1	4
5	4
7	844
0	912
3	1
0	891
0	842
2	868
0	908
3	906
0	886
1	830
2	843
0	868
0	785
0	910
0	871
0	848
0	912
0	35
0	165
0	905
0	848
0	978
0	929
0	160
0	897
0	93
0	698
0	270
0	693
0	695
0	230
0	700
0	116
0	226
0	354
0	126
0	17
0	7
0	2
0	2
0	1749
0	1735
0	1723
0	159
0	8
0	177
0	1738
0	8
8	3
1	10
0	4
0	1747
0	145
0	206
0	10
1	5
0	8
0	94
0	200
2	1602
0	33
0	0
0	1606
0	122
181	100
0	1127
0	43
1	109
2	12
0	475
20	138
0	426
0	352
0	39
0	54
8	12
0	169
0	294
0	2883
0	1713
5	1671
19	38
2	235
102	171
296	69
0	0
0	0
0	0
0	0
218	171
6	82
1	6
0	29
0	19
0	3
0	7
1	5
0	3
0	4
0	1
2	3
0	17
0	17
0	5
0	0
0	0
0	0
0	0
0	0
0	0
0	0
1	5116
0	5070
14	5100
2	1206
0	1556
0	5145
0	855
0	455
47	1545
3	1182
16	2102
6	0
0	0
0	0
0	0
0	0
0	0
0	0
0	0
1	1
0	1
0	1716
0	1269
0	349
0	334
0	541
0	93
0	381
8	4
0	92
182	1751
22	192
0	92
0	924
2	1374
0	1537
0	213
1	131
0	248
1	956
0	461
0	66
1	172
0	82
26	143
2	17
16	44
0	37
2	39
2	12
0	10
0	302
0	128
0	317
0	300
9	307
1	12
0	28
0	313
0	277
0	24
0	691
24	900
235	215
0	123
3	170
7	119
0	285
0	44
19	172
2	78
2	48
159	317
0	213
0	135
0	67
0	22
115	66
0	51
0	30
0	28
1	26
2	86
3	45
0	55
1	243
0	7
1	193
2	25
0	67
1	9
0	247
0	0
0	16
1	0
4	24
0	340
2	160
0	200
22	218
0	157
0	384
1	26
0	12
8	48
0	10
0	11
1	9
0	0
0	2
0	3
0	3
1	11
6	195
0	185
0	174
0	197
0	210
8	196
1	208
27	214
0	118
1	287
0	248
0	250
0	162
2	78
0	94
0	77
0	28
62	15
22	301
38	248
0	329
0	256
0	64
0	45
0	330
0	0
0	0
2	189
0	284
56	95
0	189
0	29
1	12
3	65
0	17
0	33
0	30
0	107
0	108
0	111
0	110
10	384
0	10
0	21
0	10
0	76
0	27
0	26
0	367
0	641
0	6
0	7
1	7
0	3
0	5
0	3
0	0
0	1
0	1
0	1
0	0
0	0
0	0
0	0
0	0
0	257
2	70
7	169
0	231
0	144
0	0
0	441
0	498
4	443
2	501
2	498
0	4
0	0
0	0
0	0
0	0
1	1
0	0
0	4
0	4
0	4
0	18
0	2
0	2
0	18
0	20
0	402
0	431
11	142
1	57
0	225
0	220
0	17
6	14
1	3
0	7
0	225
0	223
0	0
0	0
2	76
0	228
0	7
0	3
0	3
0	0
0	10
0	0
0	10
0	10
0	0
0	2
0	73
0	8
16	37
0	67
0	20
0	8
0	114
0	14
0	37
0	113
4	109
0	104
0	2236
0	2189
0	650
1	658
4	2219
0	659
2	2125
0	1213
11	893
0	5
0	709
0	291
3	222
0	2254
0	0
1	0
0	535
0	14
20	527
0	51
1	540
0	45
0	183
2	285
0	77
1	96
0	4053
0	4254
0	4175
4	4272
0	2278
0	4274
0	0
0	0
0	0
0	0
0	0
0	0
0	0
0	0
0	0
0	0
0	0
0	0
0	1
0	1
0	1
0	0
0	0
0	0
0	0
0	0
0	0
0	0
0	0
0	0
0	0
0	0
0	0
0	0
0	0
0	0
0	0
0	0
0	5058
15	2157
8	228
0	166
0	124
6	71
0	5043
0	5027
0	887
4	827
24	666
9	281
0	194
0	141
0	162
2	91
10	946
4	114
2	106
4	121
0	52
13	6
62	0
0	0
2	0
0	0
0	0
0	0
0	0
0	0
0	13
2	13
1	4
541	0
0	2
0	2
0	1
2	847
3	1003
0	1032
0	1120
47	920
0	768
1	657
2	12
1	214
22	143
0	600
18	2568
0	2684
3	399
11	2589
9	2579
0	319
5	185
0	471
0	549
0	1552
6	308
7	354
3	409
12	40
0	3
0	404
0	30
0	0
0	967
0	855
0	957
0	943
0	967
0	970
0	390
0	121
0	145
1	131
1	6
0	12
0	0
0	0
0	0
4	4213
0	4914
0	5028
2	4816
3	4858
1	4877
0	4769
0	1202
0	4511
9	490
0	4
0	1226
0	1226
0	607
35	398
0	192
0	1
94	80
0	0
0	0
0	0
0	0
0	0
0	0
0	0
2	19
3	19
0	19
1	15
0	20
0	19
1	1
0	1
2	15
0	14
0	9
0	14
0	14
0	9
1	23
0	24
0	19
2	11
0	5
0	1
0	1
0	1
0	1
0	0
0	0
9	392
0	384
0	375
0	371
4	375
85	382
0	5
0	5
1	1
0	5
0	0
0	2122
0	1609
0	2110
604	1136
5	1828
0	1248
243	341
45	628
1	133
31	598
19	425
1	58
23	92
0	75
0	0
0	36
0	40
0	53
0	46
7	12
17	1136
1	1184
0	1166
0	1189
0	166
2	153
4	135
1	18
3	235
187	235
1	35
1	15
0	44
0	173
0	157
4	37
0	149
1	111
2	18
2	9
0	75
5	76
0	12
702	751
46	834
7	556
0	833
0	1
0	1
0	0
2	1
0	1
0	1
0	0
0	1
0	0
0	0
0	0
0	0
0	0
0	0
0	0
5	47
0	47
0	0
0	0
0	0
0	0
0	0
0	0
0	0
0	0
0	0
0	0
0	0
0	0
0	0
3	0
0	0
0	0
0	0
0	0
0	0
0	0
0	0
0	0
0	0
0	0
0	0
0	0
0	0
0	0
0	0
1	0
0	0
0	0
0	0
0	0
0	0
0	0
0	0
0	0
0	0
0	0
0	0
0	0
0	1
0	2
0	0
0	0
0	0
0	0
0	0
0	0
0	3
0	0
0	0
0	0
0	0
0	0
0	0
0	0
0	0
0	0
0	0
0	0
0	0
0	0
0	0
0	0
0	0
0	0
0	0
0	0
0	0
0	0
0	0
0	0
0	0
0	0
0	0
0	0
0	0
0	0
0	0
0	0
0	0
0	0
0	0
0	0
0	0
0	0
0	0
0	0
0	0
0	0
0	0
0	0
0	0
0	0
0	0
0	0
0	0
0	0
0	0
0	0
0	0
0	0
0	0
0	0
0	0
0	0
0	0
0	0
0	0
0	0
0	0
0	0
0	0
0	0
0	0
0	0
0	0
0	0
0	0
0	0
0	0
0	0
0	3
0	0
0	0
0	0
0	0
0	0
0	0
0	0
0	0
0	0
0	0
0	0
0	0
0	0
0	0
0	0
0	0
0	0
0	0
0	0
0	1
0	0
0	0
0	0
0	0
0	0
0	0
0	0
0	0
0	0
0	0
0	0
0	0
0	0
0	0
0	0
0	0
0	0
0	0
0	0
0	0
0	0
0	0
0	0
0	0
0	0
0	0
0	0
0	0
0	0
0	0
0	0
0	0
0	0
0	0
0	0
0	0
0	0
0	0
0	0
0	0
0	0
0	0
0	0
0	0
4	0
0	0
0	0
0	0
0	0
0	0
0	0
0	0
0	0
0	0
0	0
0	0
0	0
0	0
0	0
0	3
0	0
0	0
0	0
0	0
0	0
0	0
0	0
0	0
0	0
0	0
0	1
0	0
0	0
0	0
0	0
0	0
0	0
0	0
0	0
0	0
0	0
0	0
0	0
0	0
0	0
0	0
0	0
0	3
0	0
0	0
0	0
0	0
0	0
0	0
0	0
0	0
0	0
0	0
0	0
0	0
0	0
0	0
0	0
0	0
0	0
0	0
0	0
0	0
0	0
0	0
0	0
0	0
0	0
0	0
0	0
0	0
0	0
0	0
0	0
0	0
0	0
0	0
0	0
0	0
0	0
0	0
0	0
0	0
0	0
0	0
0	0
0	0
0	0
0	0
0	0
0	0
0	0
0	0
0	0
0	0
0	0
0	0
0	0
0	0
0	0
0	0
0	0
0	0
0	0
0	0
0	0
0	0
0	0
0	0
0	0
0	0
0	0
0	0
0	0
0	0
0	0
0	0
0	0
0	0
0	0
0	0
0	0
0	0
0	0
0	0
0	0
0	0
0	0
0	0
0	0
0	0
0	0
0	0
0	0
0	0
0	0
0	0
0	0
0	0
0	0
0	0
0	0
0	0
0	0
0	0
0	0
0	0
0	0
0	0
0	0
0	0
0	0
0	0
0	0
0	0
0	0
0	0
0	0
0	0
0	0
0	0
0	0
0	0
0	0
0	0
0	0
0	0
0	0
0	0
0	0
0	0
0	0
0	0
0	0
0	0
0	0
0	0
0	0
0	0
0	0
0	0
0	0
0	0
0	0
0	0
0	0
0	0
0	0
0	0
0	0
0	0
0	0
0	0
0	0
0	0
0	0
0	0
0	0
0	0
0	0
0	0
0	0
0	0
0	0
0	0
0	0
0	0
0	0
0	0
0	0
0	0
0	0
0	0
0	0
0	0
0	0
0	0
0	0
0	0
0	0
0	0
0	0
0	0
0	0
0	0
0	0
0	0
0	0
0	0
0	0
0	0
0	2
0	0
0	0
0	0
0	0
0	0
0	0
0	0
0	0
0	0
0	0
0	0
0	0
0	0
0	0
0	1
0	0
0	0
0	0
0	0
0	0
0	0
0	0
0	0
0	0
0	0
0	0
0	0
0	0
0	0
0	0
0	0
0	0
0	0
0	0
0	0
0	0
0	0
0	0
0	0
0	0
0	0
0	0
0	0
0	0
0	0
0	0
0	0
0	0
0	0
0	0
0	0
0	0
0	0
0	0
0	0
0	0
0	0
0	0
0	0
0	0
0	0
0	0
0	0
0	0
0	0
0	0
0	0
0	0
0	0
0	0
0	0
0	0
0	0
0	0
0	0
0	0
0	0
0	0
0	0
0	0
0	0
0	0
0	0
0	0
0	0
0	0
0	0
0	0
0	0
0	0
0	0
0	0
0	0
0	0
0	0
0	0
0	0
0	0
0	0
0	0
0	0
0	0
0	0
0	0
0	0
0	0
0	0
0	0
0	0
0	0
0	0
0	0
0	1
0	0
0	0
0	0
0	0
0	0
0	0
0	0
0	0
0	0
0	0
0	0
0	0
0	0
0	0
0	0
0	0
0	0
0	0
0	0
0	0
0	0
0	0
0	0
0	0
0	0
0	0
0	0
0	0
0	0
0	0
0	0
0	0
0	0
0	0
0	0
0	0
0	0
0	0
0	0
0	0
0	0
0	0
0	0
0	0
0	0
0	0
0	0
0	0
0	0
0	0
0	0
0	0
0	0
0	0
0	0
0	0
0	0
0	0
0	0
0	0
0	0
0	0
0	0
0	0
0	0
0	0
0	0
0	0
0	0
0	0
0	0
0	0
0	0
0	0
0	0
0	0
0	0
0	0
0	0
0	0
0	0
0	0
0	0
0	0
0	0
0	0
0	0
0	0
0	0
0	0
0	0
0	0
0	0
0	0
0	0
0	0
0	0
0	0
0	0
0	0
0	0
0	0
0	0
0	0
0	0
0	0
0	0
0	0
0	0
0	0
0	0
0	0
0	0
0	0
0	0
0	0
0	0
0	0
0	0
0	0
0	0
0	0
0	0
0	0
0	0
0	0
0	0
0	0
0	0
0	0
0	0
0	0
0	0
0	0
0	0
0	0
0	0
0	0
0	0
0	0
0	0
0	0
0	0
0	0
0	0
0	0
0	0
0	0
0	0
0	0
0	0
0	0
0	0
0	0
0	0
0	0
0	0
0	0
0	0
0	0
0	0
0	0
0	0
0	0
0	0
0	0
0	0
0	0
0	0
0	0
0	0
0	0
0	0
0	0
0	0
0	0
0	0
0	0
0	0
0	0
0	0
0	0
0	0
0	0
0	0
0	0
0	0
0	0
0	0
0	0
0	0
0	0
0	0
0	0
0	0
0	0
0	0
0	0
0	0
0	0
0	0
0	0
0	0
0	0
0	0
0	0
0	0
0	0
0	0
0	0
0	0
0	0
0	38
0	8
0	0
0	6
272	1194
32	1194
5	930
28	649
0	911
1	0
0	0
0	0
0	0
0	0
0	0
0	0
0	0
0	0
0	0
0	0
1	0
0	0
0	0
0	0
0	9
5	9
0	7
0	4
1	4
0	0
0	0
1	0
0	0
0	0
1	0
1	19
1	2
0	4
0	14
1	5
0	14
0	0
0	0
0	0
0	0
2	1
0	14
1	5
2	14
4	13
0	0
0	0
0	0
0	0
0	0
0	0
0	0
0	0
0	0
0	0
0	1
0	0
0	0
0	1
0	0
0	0
0	18
0	29
12	45
6	52
201	14
1	55
0	21
0	28
14	12
0	13
0	13
0	0
0	0
0	8
1	8
0	3
0	8
0	4
1	0
0	2
1	3
0	1
0	0
0	0
0	0
0	0
0	0
0	0
6	11
0	11
0	11
0	11
0	11
3	9
0	0
0	0
0	0
0	0
0	12
0	11
0	12
0	8
1	226
0	66
0	704
0	525
0	731
0	1607
0	417
1	23
0	803
0	42
0	863
0	948
0	1312
1	1246
0	514
0	722
0	641
0	606
0	825
5	1048
0	640
0	129
1	267
0	67
0	703
0	616
33	168
1	499
3	60
0	0
0	0
0	8
0	12
0	16
1	14
0	10
0	14
0	18
0	5
0	1
0	1
1	4
1	9
0	5
0	0
0	4
0	4
0	4
0	0
0	67
0	67
0	0
0	0
0	0
14	1238
0	998
0	955
0	1090
0	1609
19	1264
6	1234
0	1361
231	893
0	868
0	905
0	0
0	51
0	642
0	693
0	716
0	254
1	690
0	690
0	0
0	0
0	0
0	0
0	0
0	0
0	0
0	1
0	1
0	0
0	0
0	0
1	0
0	0
0	0
0	0
0	0
0	0
0	0
0	0
0	0
0	0
0	1
0	1
0	1
25	0
0	0
0	0
0	0
0	0
0	0
0	0
0	0
0	0
0	0
0	0
0	0
0	0
0	0
0	0
0	0
23	53
1	1
0	2
0	2
0	0
0	0
0	0
0	1
0	0
0	0
0	0
0	0
0	0
0	0
0	0
0	0
0	0
0	0
0	0
0	0
0	0
0	0
0	0
0	0
0	0
0	0
0	0
0	0
16	0
0	0
0	0
0	0
0	0
0	0
1	0
0	0
0	0
0	0
0	0
2	24
0	14
4	1
0	1
0	0
0	0
0	0
0	0
0	0
0	0
0	0
0	0
0	0
0	0
0	0
0	0
0	0
0	0
0	0
0	2
0	2
0	2
0	1
0	0
0	0
0	0
0	0
0	0
0	0
0	0
0	0
0	0
0	0
0	0
0	0
0	0
0	0
0	0
2	3
0	3
0	0
0	0
0	0
1	0
0	0
0	106
7	146
0	106
4	22
1	14
0	24
4	28
0	62
1	7
0	6
0	3
1	5
1	7
0	2
0	8
0	22
0	1
0	1
0	5
7	11
0	11
0	0
0	0
0	0
0	0
0	0
0	0
0	0
0	0
0	0
36	15
0	0
0	1
15	5
0	0
1	3
0	2
0	2
0	9
0	6
0	2
0	3
0	1
0	2
0	2
0	3
0	2
1	2
0	0
0	0
0	0
0	0
0	0
0	0
0	0
0	5
0	5
0	0
0	0
0	0
1	2
0	1
1	1
0	1
0	7
0	6
2	7
2	6
6	2
0	0
5	6
0	5
1	3
0	1
0	1
0	2
0	1
0	0
0	0
0	0
0	0
0	0
0	0
0	0
0	273
23	259
25	207
1	206
3	257
610	421
4	190
2	35
0	118
0	421
1	94
0	41
0	329
19	50
1	0
0	0
0	0
0	0
0	0
0	0
0	0
0	0
0	0
0	0
2	0
0	0
0	0
0	0
0	0
0	0
0	0
0	0
0	0
2	25
43	174
12	29
0	80
1	135
0	166
0	208
2	18
0	2684
20	2628
6	2251
0	1162
3	1190
2	1217
0	1185
0	75
0	832
0	1018
24	763
8	439
8	288
4	0
0	4
0	4
0	5
0	2
0	5
0	0
0	0
0	0
0	0
0	0
0	0
0	0
1	0
0	0
0	0
0	0
0	0
0	0
0	0
0	0
0	0
0	0
2	13
0	13
0	3
0	6
0	0
1	1
2	7
0	1
1	1
0	2
12	3
0	3
2	3
0	3
6	11
0	11
0	3
0	3
0	20
0	1
24	20
0	18
1	5
0	0
0	0
0	0
6	0
0	0
2	6
0	15
11	4
0	10
7	8
0	0
0	0
0	23
0	30
0	280
0	20
0	288
0	286
13	12
0	297
3	95
24	61
0	45
0	60
0	82
0	228
5	34
1	227
1	2
0	0
0	0
0	0
3	0
1	0
0	1
0	1
0	0
0	0
0	0
0	0
0	0
0	0
0	0
6	1
0	1
6	0
0	0
0	0
1	0
0	0
52	228
0	32
0	64
2	247
0	18
0	33
23	17
36	14
0	25
0	31
0	252
5	18
1	220
10	46
6	165
0	0
0	0
0	0
0	0
0	0
0	0
0	1
0	1
2	2
0	2
3	0
1	0
0	0
0	0
0	0
0	0
0	0
0	9
0	0
0	0
0	0
3	27
0	29
0	35
0	30
5	23
1	1
0	0
0	0
0	0
0	0
0	0
0	0
0	0
0	0
0	0
0	1
0	1
0	1
0	1
0	0
0	0
0	0
0	0
0	0
0	0
0	0
0	0
0	0
0	0
0	0
0	0
0	0
0	0
0	0
0	0
0	0
0	0
54	183
0	175
0	24
1	7
0	10
0	5
0	5
1	3
0	3
1	5
0	1
0	0
0	0
0	18
0	2
1	14
0	16
0	1
0	1
7	12
0	11
0	8
0	3
0	0
1	0
0	0
0	0
0	0
1	0
0	0
0	0
0	0
0	0
0	0
0	0
0	0
0	0
0	0
0	0
0	0
0	0
0	0
0	0
0	0
0	0
0	0
0	0
0	0
46	77
3	72
24	38
0	43
1	12
0	0
1	0
0	1
2	1
0	0
0	0
0	0
0	0
0	0
2	0
0	0
0	0
0	0
0	0
59	11
0	11
0	11
0	1
0	0
0	1
0	1
0	1
0	1
0	1
0	0
0	2
6	2
0	2
0	0
0	0
12	9
0	7
0	2
0	3
0	0
0	0
0	0
0	0
0	0
0	0
0	0
0	0
0	0
0	2
0	1
0	1
0	9
0	1
2	712
2	95
110	1029
0	305
0	970
5	1181
0	878
0	567
0	810
2	12
0	225
0	149
3	440
0	151
0	83
0	0
0	0
0	0
0	4
0	4
0	1
1	2
0	1
0	2
0	2
0	0
0	0
0	0
0	0
0	0
0	0
0	0
0	0
0	0
0	0
0	165
0	0
0	538
0	69
0	0
0	0
0	0
0	0
0	0
0	0
0	0
0	45
0	54
0	47
0	23
0	0
0	1
0	0
0	0
1	1
1	0
0	0
0	0
0	0
0	0
0	0
0	0
0	0
0	0
0	0
0	0
0	0
0	471
4	18
0	0
0	0
0	0
0	0
0	0
0	0
0	0
0	0
1	0
0	0
0	0
0	0
0	0
0	0
0	0
0	0
0	0
0	0
0	0
0	0
0	0
0	0
0	0
0	0
0	0
0	0
0	0
0	0
0	0
0	0
0	0
0	0
0	1
0	2
0	0
0	1
0	16
0	18
0	10
1	0
9	6
0	69
0	169
11	2248
0	1515
0	773
0	1001
0	489
0	809
0	574
0	447
0	724
0	287
0	140
0	0
0	0
0	1
0	0
0	5
0	9
0	0
0	0
0	139
0	0
0	19
0	19
0	2089
0	2611
0	145
0	1
0	82
2	48
0	215
0	0
0	0
0	0
0	1
0	209
0	50
1	50
1	29
3	0
0	21
0	0
0	0
0	0
0	0
0	0
18	538
0	243
1	7
0	0
0	14
0	134
0	535
0	139
0	181
0	135
0	52
0	68
0	0
0	7
0	0
0	0
19	69
0	27
0	16
16	8
0	0
0	0
0	0
0	0
0	0
0	0
0	0
0	172
0	44
0	115
0	79
0	76
0	78
0	212
16	74
0	74
17	21
1	8
0	2
0	4
0	1
2	1885
22	168
9	1112
140	415
0	32
0	0
0	9
0	9
0	43
1	25
0	13
0	2
0	7
0	0
0	0
0	0
0	0
0	246
0	0
0	0
0	0
0	0
0	2
0	1
0	4
0	0
0	2
0	1
0	4
0	0
8	2
0	0
0	313
0	394
0	400
0	261
0	8
0	0
0	0
0	0
0	0
0	0
0	0
0	0
0	9
0	2
0	0
0	44
0	41
0	44
0	46
0	47
0	6
0	3
0	0
0	1
0	2
0	0
0	0
0	0
0	0
0	0
0	0
0	0
0	3
0	1
0	0
0	0
0	2
0	2
0	139
0	45
0	0
0	0
0	0
0	614
0	841
0	84
0	139
0	39
0	8
5	32
0	283
0	0
0	50
59	430
0	1633
0	560
0	0
0	0
0	0
0	0
0	0
0	3
0	1
0	1
0	1
0	1
0	3
0	1
0	0
0	79
1	767
32	1239
4	128
0	91
0	495
0	0
0	0
0	0
0	0
0	0
0	0
0	0
0	0
0	0
0	0
0	0
0	0
1	0
0	10
38	5
0	0
0	0
0	0
0	0
0	0
0	0
0	0
0	0
0	0
0	0
0	0
0	0
0	0
0	0
0	0
0	0
0	0
0	0
0	0
0	0
0	0
0	0
1	0
0	1
0	0
0	14
0	9
0	0
0	0
0	0
0	0
0	0
0	0
0	0
0	0
0	0
0	0
0	0
0	0
0	0
0	0
0	0
0	0
0	125
0	34
0	0
0	0
0	0
0	0
0	0
0	0
0	0
0	0
0	0
0	0
0	0
0	0
0	0
0	0
0	0
0	0
0	0
0	0
0	0
0	0
0	0
0	0
0	0
0	6
0	2
0	2
0	1
0	4
0	0
0	0
0	0
0	0
0	0
0	0
0	0
0	0
0	0
0	0
0	0
0	0
0	0
0	20
0	0
0	0
0	0
0	0
0	0
0	0
0	0
0	0
2	3
2	2
0	3
1	4
0	4
0	0
0	0
0	16
0	0
0	0
0	107
0	99
0	69
4	238
1	21
0	196
0	94
1	56
0	58
0	88
0	3
0	1
0	6
0	3
0	1
0	2
0	4
0	127
0	45
0	19
1	5
0	6
0	1
3	2
0	1
0	0
0	0
0	0
7	3
6	4
4	3
0	1
4	91
0	67
2	3
2	0
1	2
0	2
0	1
0	0
0	0
0	81
1	0
0	0
9	780
7	103
0	181
0	1
1	2
3	1
0	2
0	2
0	1
0	0
0	0
0	0
0	1
0	0
2	9
0	0
0	0
1	3
0	2
0	2
1	3
0	1
0	0
0	0
0	0
4	22
22	37
147	43
1	12
0	15
0	6
3	16
0	16
0	0
0	1
0	2
0	0
1	0
0	2
0	19
0	14
0	17
0	17
0	21
0	26
0	21
0	7
0	13
2	15
0	5
0	0
0	0
0	1
0	0
0	2
0	0
0	139
0	981
0	1333
1	931
0	1358
0	1553
0	1075
0	855
1	889
6	106
0	0
0	66
0	90
0	63
2	23
2	0
0	34
0	362
0	370
0	33
0	31
0	29
0	386
0	637
0	288
0	1
0	0
0	0
0	0
221	21
2	34
8	16
3	6
4	12
0	7
26	9
12	25
20	21
0	16
0	16
0	14
0	0
0	0
0	0
0	0
0	1
0	0
0	2
0	0
0	0
5	8
19	6
0	5
24	29
2	1
0	4
0	5
3	1
8	7
0	0
0	0
0	0
0	0
0	0
0	0
0	0
109	102
0	10
4	29
2	57
1	32
0	2
0	7
0	0
0	0
0	0
0	0
0	0
0	0
0	23
0	56
0	80
0	23
1	60
3	0
1	58
0	59
1	56
14	35
16	66
5	25
36	43
3	38
19	26
0	26
25	87
48	21
0	37
3	142
0	59
0	55
0	0
0	0
0	0
0	0
0	1
0	0
0	1
0	0
0	0
0	0
0	0
0	0
0	0
0	0
0	0
0	1
0	1
0	0
0	0
0	1
0	1
0	15
0	0
0	0
0	5
0	5
0	0
0	0
0	4
0	4
0	4
0	28
0	43
0	43
0	7
0	5
0	15
1	1
0	11
0	2
0	2
0	1
0	4
0	32
0	21
0	0
0	0
0	0
0	0
0	0
0	0
0	0
1	33
68	42
0	16
0	15
1	12
9	7
14	1
0	15
0	0
0	0
0	0
1	0
0	17
0	2
0	4
0	1
0	1
0	0
0	0
0	0
0	0
0	188
0	199
0	197
0	76
2	36
0	36
10	15
0	4
0	0
1	0
0	0
0	0
0	0
0	0
1	0
0	0
0	1031
0	900
0	258
0	0
0	0
0	0
0	0
5	219
24	61
1	61
0	92
0	41
1	199
0	237
37	233
0	54
0	129
0	50
9	209
0	226
258	30
0	1
0	0
0	0
0	0
0	0
0	0
0	0
0	0
0	0
0	1
1	1
0	0
0	0
0	0
0	0
0	0
0	0
0	0
0	0
0	0
0	40
0	1
0	3
0	38
0	183
0	242
1	118
0	26
0	6
6	82
1	2
0	8
16	72
0	79
0	29
24	240
0	223
0	0
0	0
0	0
0	0
0	0
0	0
0	0
0	0
0	0
0	0
0	0
0	0
2	0
0	0
0	0
0	0
0	10
1	24
0	68
101	1072
1	2
0	0
0	17
0	0
283	249
0	220
0	1
0	1
0	1
0	0
0	0
0	1
0	1
0	0
0	0
0	0
0	0
0	0
0	0
0	0
0	0
0	0
0	0
0	0
0	0
0	0
0	12
0	0
0	0
0	0
0	0
0	93
0	81
0	0
0	93
13	508
1	269
0	0
1	14
0	12
0	9
0	1
0	0
0	0
0	0
0	73
3	160
0	194
11	458
0	1211
10	1190
0	992
0	5
0	5
0	0
0	3
0	3
14	68
0	68
0	68
28	284
0	260
1	5
0	11
0	11
8	4
39	6
1	6
0	1
0	0
0	0
92	538
55	538
132	688
0	526
1	65
0	4
0	0
0	97
0	433
0	0
0	0
0	0
0	0
0	0
0	0
0	0
0	1519
0	0
0	7
0	14
0	0
0	1
0	1
0	1
10	28
0	1
1	23
0	9
0	0
1	72
0	43
0	6
0	11
0	2
12	8
1	5
0	0
0	6
0	0
0	0
64	36
0	34
2	24
0	18
12	120
0	26
55	93
0	0
0	0
2	2
0	0
0	0
0	0
0	0
0	1
0	0
0	0
3	2
0	1
0	0
0	0
0	0
7	388
0	370
0	182
0	0
0	0
0	0
0	0
12	34
5	5
5	4
1	0
0	65
0	20
1	16
0	0
2	1
0	0
0	1
0	22
0	0
0	0
0	17
0	15
0	1
0	1
0	0
0	0
0	0
0	0
0	0
0	0
0	1
0	0
1	75
2	79
12	7
0	12
0	46
0	1
0	2
0	0
18	317
0	0
0	0
0	0
1	42
0	12
0	22
15	22
0	14
0	0
0	0
0	0
0	0
0	0
0	0
0	0
0	4
0	4
0	4
3	4
0	2
0	74
0	46
0	22
0	8
12	0
1	0
8	0
0	0
0	0
0	0
0	0
0	0
0	0
0	0
0	0
0	0
0	0
0	0
1	4
1	0
1	1
2	46
26	46
0	2
0	0
1	167
1	142
2	172
0	1
0	1
0	1
0	1
0	1
0	633
1	1068
0	278
42	704
4	87
4	23
0	0
0	0
1	0
0	0
0	0
0	0
0	0
0	0
0	0
0	0
0	0
0	0
0	1
0	0
0	0
0	0
3	47
0	139
0	43
37	326
0	369
0	157
0	0
0	0
0	0
0	0
0	0
0	0
0	0
0	80
0	84
0	0
0	0
0	0
0	5
0	6
2	3
0	15
0	42
8	72
0	14
34	48
0	602
0	446
0	471
1	385
7	338
9	288
21	58
0	362
0	304
22	76
0	105
40	1
6	38
2	72
161	0
19	57
0	2139
1	2648
0	145
1	117
6	31
0	173
0	100
0	10
0	0
0	0
1	0
0	0
0	0
1	2755
0	2755
0	2566
0	15
0	0
0	0
0	0
0	0
0	0
0	0
0	0
0	0
0	1657
0	92
0	147
0	21
0	68
0	205
0	128
2	78
0	32
1	18
1	47
34	25
0	19
0	16
0	0
0	0
0	0
0	0
0	0
0	0
0	1
0	0
0	0
0	0
0	1
0	1
0	0
0	1
0	18
0	1
0	18
0	0
0	14
0	0
0	2
0	18
0	18
0	0
0	0
0	4
0	4
0	0
7	17
1	20
0	0
0	0
0	0
0	36
0	36
8	9
4	10
86	51
5	129
19	137
3	17
163	486
0	88
22	2
0	0
0	0
1	1560
4	76
0	116
0	86
10	102
0	0
0	0
135	0
1	0
0	0
0	0
0	1
9	391
2	58
3	3
0	3
0	136
0	292
1	267
4	131
1	46
0	65
0	115
4	10
19	10
0	0
0	1
7	42
0	42
0	0
0	0
0	1819
0	0
0	0
0	14
0	822
0	1642
0	1478
5	1595
0	1638
18	550
1	102
0	208
3	130
3	161
0	174
1	99
1	148
0	3
0	0
0	0
0	0
0	2
0	1
0	2
1	2
0	1
0	0
0	0
0	0
0	0
17	7
0	7
0	0
2	0
0	0
0	0
1	0
0	1
0	1
2	0
0	1
0	0
0	24
88	242
0	184
17	233
9	19
29	81
0	166
0	55
1	82
0	21
9	19
0	11
0	0
0	50
14	35
7	61
68	56
5	86
0	0
0	0
10	23
8	97
0	194
0	156
0	51
742	954
0	666
1	232
0	460
1	391
2	122
0	655
0	21
0	21
0	0
45	86
8	59
0	59
1	0
0	1
0	5
8	5
0	0
0	39
0	0
0	0
0	61
0	212
1	3
0	63
1	239
5	116
22	31
0	31
1	24
0	0
0	0
0	0
0	0
0	0
0	193
0	193
0	0
0	0
0	0
0	3101
0	6318
3	1785
0	4199
0	3837
0	331
0	1038
0	3
4	538
0	615
2	724
0	133
3	1014
0	494
5	91
0	94
0	0
1	0
0	0
145	184
1	321
5	82
10	588
0	616
0	564
0	44
49	183
0	181
0	543
0	543
0	134
0	3
5	8
1	7
3	0
0	32
0	30
0	28
13	11
0	11
0	28
0	3
0	495
0	252
0	47
0	124
1	54
0	402
0	421
0	70
1	77
0	76
0	449
0	690
0	291
0	0
0	0
0	0
10	88
3	76
4	86
0	37
0	17
0	29
282	8
0	0
0	0
0	0
0	0
0	2
0	2
1	37
0	0
1	314
0	237
0	14
2	106
8	144
0	41
0	2
0	0
0	0
0	0
0	0
0	0
0	0
0	0
0	0
0	1420
0	1332
0	0
0	0
0	0
4	0
13	189
11	201
6	203
0	0
2	88
0	32
0	7
4	6
0	11
0	366
0	45
1	140
55	42
0	366
9	103
0	0
0	0
0	0
4	314
4	340
0	323
247	274
2	64
0	0
0	0
0	3
0	0
0	3
0	0
0	0
0	0
0	0
1	3
0	48
0	0
0	62
0	66
0	69
0	22
0	0
0	302
0	264
1	299
0	195
0	206
1	251
0	203
0	62
2	21
10	8
5	8
0	1
1	0
0	0
0	8
0	8
0	0
2	43
0	9
1	3
0	1
0	3
0	0
0	0
0	1
0	0
0	0
0	0
0	0
0	0
0	0
0	1
0	1
0	0
0	0
0	0
0	1
0	105
9	5
0	4
5	37
48	46
0	10
0	0
0	0
0	0
0	1
0	0
0	0
0	0
1	47
0	48
3	28
0	7
0	0
0	0
0	0
0	0
0	0
0	0
8	130
2	126
0	0
0	0
0	68
26	193
11	42
4	15
0	0
0	0
0	0
0	0
0	0
0	122
0	134
0	147
32	135
0	87
0	9
0	109
4	94
25	145
0	139
0	1
0	5
0	8
7	160
0	0
0	0
1	0
0	0
34	120
3	63
2	56
0	62
0	17
0	22
0	21
0	14
0	5
2	1
0	0
0	0
0	0
0	0
0	0
0	0
0	0
0	0
0	0
0	0
59	198
17	229
43	71
5	659
49	541
7	324
16	4
2	353
0	0
2	12
0	17
0	43
2	48
2	35
6	47
0	0
0	0
0	1
0	0
0	0
0	28
0	28
0	3
173	192
3	192
2	41
0	32
0	0
0	0
0	22
27	131
12	142
0	142
0	1
0	1
0	1
0	116
0	0
1	0
1	0
0	0
0	0
0	0
0	0
0	0
0	0
0	0
0	0
0	0
0	0
0	0
0	0
0	0
0	0
0	0
0	0
0	0
0	0
0	0
0	0
0	0
0	6
0	26
0	10
0	36
0	9
0	8
0	1
2	1
2	2
1	2
0	2
0	0
5	3
0	3
0	2
0	0
0	0
0	0
0	0
0	0
0	0
0	0
0	0
0	0
9	85
0	75
0	10
0	10
53	311
2	1
0	142
0	0
0	127
0	0
0	0
0	0
3	4
4	0
0	0
0	0
0	0
0	0
0	0
0	1
0	1
0	1
0	2
0	2
0	2
0	1
0	1
1	4
4	3
1	1
0	0
0	0
0	0
0	0
0	0
0	6
0	6
0	313
0	395
15	145
0	1
0	0
0	0
5	1
2	10
6	9
2	8
0	0
0	0
3	41
0	41
0	0
0	0
6	60
12	60
3	27
0	0
0	0
0	0
0	0
0	0
0	0
0	223
20	201
1	56
0	212
0	9
0	7
1	0
0	0
0	0
0	0
0	0
0	0
0	0
0	0
0	0
0	0
0	0
0	0
0	0
0	0
0	0
0	0
0	0
0	0
0	0
0	0
0	0
0	0
0	0
0	0
2	4
42	6
0	7
0	4
0	5
0	5
0	0
0	0
0	0
0	0
3	57
0	60
11	59
4	5
1	10
0	0
0	0
0	0
0	0
0	0
0	0
0	0
0	0
0	0
0	0
0	1
0	1
0	0
0	0
30	68
3	84
0	85
0	68
0	79
0	37
1	11
0	14
0	0
51	329
7	108
40	105
0	83
79	222
52	10
0	56
0	16
0	0
0	0
0	0
1	0
0	0
0	0
12	0
2	131
36	134
572	236
0	1
1	9
1	10
0	4
0	1
0	0
0	2
0	0
0	0
1	3
0	2
0	2
0	26
4	4
99	31
0	12
0	3
0	1
1	31
17	9
0	1
6	0
0	0
0	0
0	0
0	0
0	400
0	0
1	9
0	286
0	170
0	196
0	88
0	121
5	0
0	0
0	0
0	0
21	436
0	334
1	26
0	31
0	31
0	0
0	0
0	1
0	1
0	0
0	0
0	0
0	0
1	0
0	0
0	0
0	0
0	0
233	197
0	0
0	0
0	100
0	204
0	0
0	0
0	0
0	0
0	0
0	0
0	0
0	0
0	0
0	0
0	0
261	318
26	285
2	254
1	15
1	32
0	77
48	117
6	68
76	198
0	215
3	105
5	188
0	5
0	0
0	5
0	0
0	0
0	5
0	5
0	5
0	0
0	0
0	0
0	0
0	0
0	0
0	0
0	0
13	5
6	38
0	1083
1	250
0	201
0	350
0	499
0	3
0	3
0	3
0	27
0	42
0	42
0	6
0	4
0	15
0	0
0	0
0	0
0	0
226	1272
11	1108
42	756
4	299
0	1
3	166
0	135
11	26
0	0
0	0
0	0
0	0
0	2
0	2
0	2
0	2
0	3
0	0
0	0
0	0
3	3
1	3
16	3
0	2
0	1
1	3
0	0
0	4
0	3
8	4
407	996
0	2
0	535
0	140
0	178
0	141
0	54
0	66
0	0
0	0
0	0
0	6
23	144
0	160
0	3
0	0
0	18
2	18
0	21
19	22
1	16
14	36
27	47
0	8
0	0
1	0
0	0
0	0
0	0
0	0
0	173
0	172
0	4
0	0
1	0
0	0
0	0
0	0
12	81
5	55
0	33
8	44
0	127
19	60
41	61
1	19
0	38
0	21
0	0
0	1
0	1
25	83
2	397
4	19
21	81
0	308
281	204
0	191
7	96
1	5
0	52
0	55
0	66
0	128
1	20
0	6
0	0
0	0
0	0
0	0
0	0
0	20
0	22
0	8
6	4
4	8
0	0
5	659
11	406
0	111
0	0
0	0
0	0
0	47
0	234
0	64
0	82
1	864
0	0
0	0
0	0
0	0
0	0
0	0
0	0
0	0
0	0
0	1
0	1
1	1259
3	34
7	132
3	34
0	98
0	54
0	9
1	35
5	55
0	26
4	0
30	6
2	10
37	4
0	132
0	247
0	0
0	0
0	0
0	0
0	0
3	14
1	10
0	5
0	7
0	0
0	0
0	0
0	0
0	0
4	12
12	17
2	1141
0	276
0	22
0	170
0	275
0	201
0	234
268	81
0	0
0	0
0	1
0	3
0	2
0	0
23	180
5	180
1	356
36	160
0	0
0	0
0	0
0	238
0	75
0	79
0	46
0	0
0	0
0	0
0	391
1	0
0	15
0	31
0	5
0	31
0	0
0	0
0	12
0	3
0	12
0	11
0	0
0	19
0	11
0	1161
9	23
0	1445
0	355
0	1426
0	150
0	231
3	138
0	1
0	34
0	21
0	18
0	0
0	3
0	2
77	113
5	27
47	8
0	15
0	31
0	31
0	5
0	5
0	0
1	1160
0	207
13	887
0	0
0	0
0	0
0	0
0	0
0	0
0	0
0	0
0	0
0	0
0	0
0	0
0	0
3	47
0	46
0	0
0	0
0	0
0	0
0	0
0	0
0	0
1	80
2	87
38	59
1	80
0	11
10	52
1	28
0	36
0	3
0	2
0	3
0	3
0	2
0	26
0	5
0	6
0	4
0	7
0	11
0	1
0	6
2	0
0	38
0	11
0	63
0	24
1	87
0	0
0	0
2	0
0	0
0	0
0	0
0	0
0	0
0	0
13	67
9	86
0	14
14	11
6	69
0	38
0	0
0	0
0	0
0	0
0	0
0	0
0	0
0	0
7	5
1	7
0	6
1	7
1	7
0	0
0	0
4	0
6	17
0	6
0	14
0	0
0	0
0	0
0	0
5	73
0	78
10	90
4	3
0	55
1	61
0	0
0	0
0	0
1	39
0	32
39	57
65	3
0	0
0	0
0	0
0	0
0	0
0	0
2	30
35	111
4	110
0	1
5	12
3	64
4	9
0	377
1	308
0	292
0	314
0	285
0	97
0	0
0	0
2	0
2	21
2	21
0	7
2	1424
54	1408
0	0
0	0
0	0
154	88
12	50
0	39
0	67
0	10
22	72
0	7
0	0
0	4
0	0
0	169
0	0
0	0
62	165
0	166
0	208
0	223
0	105
2	201
0	199
1	135
1	232
8	49
8	114
4	213
0	130
1	0
7	183
3	184
0	110
0	171
1	167
0	141
0	147
1	124
1	106
0	44
0	24
4	1
12	515
1	68
1	80
1	36
3	84
3	1
3	17
25	65
6	270
3	247
2	110
0	93
0	83
0	5
0	17
0	3
0	47
0	80
3	10
48	92
0	63
0	34
1	0
0	0
0	0
16	3
0	3
5	12
0	39
0	2
3	37
1	37
0	36
0	0
0	0
3	0
1	67
0	14
10	12
0	51
7	15
0	11
0	3
1	12
3	22
0	12
7	6
3	868
0	17
0	0
0	0
0	0
0	0
0	0
0	0
0	0
1	0
0	208
3	20
0	112
0	115
0	14
0	1
1	4
0	3
0	3
0	3
0	42
0	0
0	10
0	0
0	0
0	0
1	11
0	12
2	0
0	0
0	36
0	43
0	42
8	45
0	31
27	203
923	1392
0	1444
0	1158
0	196
1	137
0	346
0	354
8	150
0	138
0	394
39	212
0	15
0	197
0	0
0	8
0	8
15	241
0	0
5	93
0	100
0	0
0	0
0	43
0	43
0	0
10	9
0	7
6	3853
0	2538
6	5053
0	4824
0	0
0	0
1	5
0	3
2	6
0	1
0	1
0	0
0	0
0	0
0	0
1	0
0	0
0	0
0	0
0	0
0	0
1	2
0	4
0	5
0	15
0	1
0	0
0	0
0	16
0	4
0	0
0	0
0	0
0	0
0	0
0	0
0	0
0	0
0	0
0	0
0	0
0	0
1	0
0	0
0	0
0	0
0	2
2	3
0	6
0	3
0	1
0	6
0	0
0	0
0	16
0	16
3	1
0	0
2	1
0	0
0	0
0	0
0	0
0	0
0	0
0	0
0	0
0	0
0	0
0	0
0	0
1	32
4	63
1	96
0	66
31	44
37	102
1	102
64	0
0	47
1	5
0	3
0	13
182	17
0	19
0	17
0	143
0	138
6	25
0	1
0	1
4	0
0	22
0	22
9	2
1	2
4	23
0	0
0	0
0	0
0	0
4	3
1	18
0	21
0	18
1	7
1	10
0	8
0	0
3	3
0	0
0	0
0	0
0	454
0	39
0	120
6	458
0	88
0	319
18	468
0	30
7	24
0	26
0	34
0	226
0	0
0	0
0	0
0	0
0	0
382	280
2	31
0	27
0	288
0	146
1	159
196	257
3	256
22	168
0	190
0	4
3	2
29	4
11	155
16	114
2	0
0	33
0	2
0	2
0	0
0	1
8	0
0	0
0	0
0	0
0	0
0	0
0	0
4	19
132	1826
0	100
0	0
0	0
0	0
0	0
0	0
0	0
0	0
0	0
1	0
0	0
0	0
0	0
0	0
1	16
10	341
70	391
0	196
76	335
11	240
0	304
0	0
0	0
0	0
0	0
0	0
0	0
0	0
0	0
0	0
0	0
0	0
0	0
0	0
0	0
0	0
0	0
0	0
0	0
0	1
0	724
0	490
0	809
0	37
0	35
94	182
33	182
0	24
14	108
33	127
32	294
1	102
0	2
0	0
0	0
0	0
0	8
0	0
0	6
1	6
0	655
0	202
0	0
1	0
15	4
4	469
15	450
2	308
0	33
7	39
162	140
19	42
0	35
0	43
2	59
22	93
0	100
0	160
0	223
2	149
15	93
2	23
4	10
0	7
0	0
0	0
75	296
109	257
0	317
0	163
4	100
9	99
0	19
0	30
2	10
0	13
0	5
2	9
0	7
0	35
0	20
0	20
0	24
0	0
0	0
23	58
0	41
34	363
0	1
0	1
0	1
2	71
10	133
61	35
0	111
0	109
1	69
6	86
0	23
0	14
0	17
0	0
0	139
0	139
0	133
3	146
0	46
38	98
0	6
0	0
0	0
0	116
6	12
0	82
0	120
0	58
2	16
0	48
3	13
0	10
0	244
0	61
0	1
0	50
0	66
0	14
0	14
0	67
0	253
0	0
0	0
0	0
0	1
0	1
0	0
0	0
8	1
50	1
0	6
0	7
0	0
35	20
0	18
0	52
0	28
2	3
0	3
29	318
0	19
0	180
0	35
0	39
0	11
0	63
0	21
2	9
0	0
0	0
0	0
0	0
0	0
0	0
0	0
4	62
7	50
0	19
7	70
32	132
95	113
26	328
0	124
0	112
0	29
0	36
20	4
0	1
24	3
0	0
0	0
0	43
0	13
7	163
0	52
1	131
0	3
4	4
0	4
8	0
0	0
1	2
0	2
0	0
0	8
0	14
0	10
0	5
0	13
12	752
6	53
3	436
0	3
0	4
0	2
0	0
0	0
0	0
0	0
0	6
0	8
0	9
0	0
0	1
0	17
1	1
0	20
0	0
0	0
0	7
0	7
0	7
0	7
21	665
0	274
0	0
0	0
0	0
0	0
0	0
0	0
0	0
0	0
0	0
0	0
16	4
23	270
0	0
1	26
0	26
31	26
0	0
0	0
0	0
0	0
0	0
0	0
0	0
0	0
5	16
0	0
0	44
0	1
0	0
0	1
4	1363
0	10
1	4
0	0
0	0
199	598
91	1256
0	14
3	10
0	3
0	0
0	0
1	6
0	6
0	6
0	3
1	1
110	140
0	139
14	120
0	32
0	18
6	16
0	10
2	3
0	0
0	0
0	0
0	0
0	0
0	0
0	0
0	0
72	19
0	15
0	0
0	0
0	11
1	11
0	0
0	0
0	51
1	10
6	72
0	6
7	20
0	27
0	18
0	42
0	15
0	0
0	0
0	0
0	0
0	0
381	816
0	28
2	282
15	282
0	0
0	0
0	0
0	0
0	0
5	0
0	0
0	0
0	8
2	21
0	3
0	2
0	13
13	17
1	14
2	1
0	1
0	1
0	0
0	0
0	0
0	0
1	0
0	0
0	0
0	46
0	41
0	14
0	18
3	39
2	40
0	46
5	41
8	126
149	85
1	0
33	49
27	554
25	63
0	545
0	92
0	185
0	150
4	79
0	7
0	0
0	0
0	0
2	140
0	213
0	69
107	274
4	185
8	276
0	117
3	3
2	199
0	274
6	250
0	267
62	206
41	492
0	429
0	490
0	564
0	460
2	303
157	798
0	546
54	470
0	442
0	391
0	3
0	1
0	129
0	271
2	271
101	751
0	351
1	256
0	257
0	346
0	121
0	128
0	387
0	405
0	21
14	0
0	0
0	0
11	479
31	7
0	299
0	94
3	7
12	7
0	0
0	0
0	0
0	0
0	0
60	85
26	72
44	104
1	11
0	18
1	0
2	0
0	0
0	0
0	0
0	27
0	31
0	45
34	25
1	20
7	16
4	11
1	9
0	9
0	0
0	0
0	0
1	0
1	0
0	1
0	0
0	0
0	0
0	0
0	0
0	0
0	0
0	0
0	0
0	0
0	0
0	3
0	4
0	4
0	3
0	4
0	1
0	0
0	1
0	72
0	0
0	30
0	15
0	1
0	0
0	0
0	0
0	0
0	0
0	0
0	1
1	2
0	2
0	2
0	2
0	0
3	270
0	268
2	267
0	276
8	275
0	155
0	103
2	56
1	2
0	2
0	1
2	2
0	3
0	2
2	2
0	0
0	2
22	2
0	0
151	3
10	4
1	21
0	21
0	0
0	0
0	0
29	1533
0	0
0	0
0	0
1	0
0	0
0	0
53	1
0	0
4	5
13	8
9	2
1	0
0	0
0	0
0	0
0	0
0	0
0	0
0	0
0	0
0	0
0	0
0	0
0	0
0	0
0	0
0	0
0	0
0	0
0	0
0	0
0	0
0	0
0	0
0	0
0	0
0	0
1	0
0	2
0	0
0	0
4	5
0	5
0	6
0	0
0	0
0	0
0	0
0	0
0	0
0	0
0	0
0	0
0	0
0	0
0	0
0	0
0	0
0	0
0	0
0	0
0	1
0	0
0	0
0	0
0	0
0	0
0	11
0	10
0	1
0	0
0	0
0	0
0	0
2	0
0	0
0	0
0	0
0	0
0	0
87	36
0	30
0	0
0	0
0	0
2	4
1	0
0	71
1	4
2	64
1	72
0	79
14	8
0	84
0	76
0	264
0	41
10	315
6	34
1	235
0	0
0	88
0	294
0	105
0	123
0	72
0	30
0	193
0	82
0	91
0	0
0	3
0	2
0	0
0	1
0	75
0	46
0	48
0	345
0	85
5	164
269	83
0	34
1	77
0	56
3	33
0	6
9	90
1	98
13	98
0	36
0	1
0	0
0	0
0	0
25	25
0	18
0	17
0	25
9	7
2	139
1	41
1	46
0	127
2	130
0	129
0	50
2	114
0	44
0	10
0	2
0	2
0	2
0	1
0	0
0	0
0	0
0	0
0	0
0	0
0	0
0	0
0	0
0	0
0	0
3	14
1	23
0	22
0	20
27	0
3	0
0	0
0	0
0	0
0	0
0	0
0	0
163	2623
0	100
3	17
0	17
0	0
1	105
2	105
0	105
5	3
6	75
0	61
3	1
2	22
0	0
1	14
0	1
0	45
0	28
0	0
0	0
0	57
3	72
76	292
7	372
10	216
0	5
1	38
0	5
1	3
11	67
2	131
0	3
0	71
0	14
2	0
0	0
0	0
0	0
0	0
0	0
596	205
0	161
893	220
0	176
1	81
1	38
1	52
4	51
0	64
3	126
0	23
0	23
0	256
1	313
7	71
2	37
7	61
0	85
0	19
0	4
0	0
0	0
0	0
1	10
0	8
43	95
3	72
0	90
5	14
1	6
0	6
3	537
2	668
35	730
48	797
35	463
72	396
19	179
0	7
0	2
2	1
0	1
3	1
0	1
1	34
0	34
0	30
0	48
0	1
0	4
1	278
63	32
0	282
0	223
0	0
0	0
0	0
0	0
0	0
0	0
0	0
0	0
2	0
0	0
0	0
0	0
0	0
0	0
0	0
0	0
0	0
0	0
0	0
0	0
0	3
0	0
0	80
0	0
0	0
0	0
1	2
0	0
0	2035
0	0
0	948
0	1
0	0
0	0
0	3
0	0
0	0
0	98
0	0
0	81
0	4
0	284
0	0
0	0
0	17
0	0
0	0
0	9
0	5041
0	28
0	8
0	0
0	0
0	523
0	0
0	9
0	0
0	0
0	0
0	0
0	140
0	0
0	7
0	0
0	4
0	0
0	8
0	0
0	0
0	0
0	1
0	0
0	5
0	0
1	68
0	0
0	0
0	0
0	0
0	0
0	0
0	0
0	1
0	0
0	0
0	0
0	0
0	0
0	0
0	0
2	35
0	0
0	7
0	1
0	0
1	498
0	0
0	0
1	0
0	0
1	800
0	0
0	0
0	0
0	0
0	8
0	6
0	0
0	81
0	1
0	0
0	0
0	9
0	0
0	39
0	13538
0	0
0	0
0	10
0	229
0	213
0	14
0	14
0	1
0	0
0	0
0	0
0	0
0	1
0	0
1	5051
0	5
0	0
0	35
0	0
2	7
0	0
0	0
0	0
0	0
0	2
1	1
0	2
6	0
0	0
0	26
0	40
1	0
0	0
0	0
0	0
0	1
0	2
0	0
0	0
0	0
0	2381
0	0
0	0
0	0
0	0
0	0
0	1
0	0
0	0
0	0
0	0
0	0
0	36
0	0
0	5
0	0
0	0
0	21
0	18
44	1964
0	0
0	0
0	18
0	1
0	0
0	0
0	0
0	1
0	35
0	7
0	514
0	4
0	8
1	0
0	0
0	1778
1	1259
0	0
1	0
0	0
0	2
0	0
0	0
0	0
0	57
0	0
0	0
0	2
0	0
0	0
0	0
0	1
0	0
0	0
0	71
0	0
0	1
0	0
0	0
0	0
0	0
0	0
0	0
0	0
0	2
0	675
1	2
0	0
0	4
0	0
0	2
6	2521
0	1
0	0
0	0
0	1
0	9
0	0
0	0
0	0
0	0
0	0
0	0
0	0
0	842
0	0
0	0
0	0
0	7
0	25
0	0
0	0
0	0
8	1
0	0
0	0
0	0
0	0
0	0
0	0
0	0
0	10
0	0
0	0
0	0
0	0
0	1
0	0
0	160
0	0
0	0
0	2
0	0
0	0
0	0
0	0
1	307
0	3
0	24
0	0
0	0
0	0
0	0
0	0
0	0
0	2054
0	0
0	0
0	0
0	2
0	0
0	0
0	1
0	0
0	0
0	2675
0	0
0	3
0	0
0	0
0	0
0	0
0	0
0	0
0	0
0	0
0	0
0	0
0	0
0	8
0	0
2	0
0	1
0	0
0	0
0	3
0	0
0	0
0	0
0	0
0	0
0	0
0	0
0	0
0	0
0	0
0	0
0	0
0	0
0	0
0	0
0	0
0	0
0	0
0	0
0	0
0	0
0	0
0	0
0	46
0	0
0	0
0	0
0	0
0	0
0	0
0	0
0	0
0	13
0	1
0	0
45	0
0	0
0	9
0	0
0	0
0	0
0	0
0	0
0	1
0	0
0	0
0	0
0	0
0	4
0	0
0	0
0	0
0	0
0	0
0	0
0	0
0	0
0	0
0	424
1	0
0	0
0	0
0	0
0	0
0	0
0	0
0	489
0	0
0	0
0	10
0	0
0	0
0	0
0	0
0	0
0	2
0	1
0	0
0	0
0	0
0	33
0	0
0	0
0	0
0	0
0	0
0	0
0	0
0	0
0	0
0	0
0	0
0	0
0	0
0	0
0	0
0	0
0	0
0	0
0	0
0	0
0	0
0	33
0	0
0	0
0	1
0	0
0	0
0	0
0	0
0	1
0	0
1	480
0	0
0	0
0	18
0	0
0	0
2	29
0	7
17	186
0	0
0	0
0	0
0	0
0	7
0	0
0	231
0	0
0	33
0	0
0	314
0	2
0	0
0	39
0	0
0	0
0	0
1	4302
1	39
0	0
0	0
0	0
0	0
2	10
0	0
0	0
0	0
8	1
0	0
0	15
0	0
2	0
0	0
0	0
1	8597
0	0
0	1
0	112
0	0
0	2
0	0
0	0
0	0
0	0
0	0
0	0
0	0
0	0
0	0
0	9
0	0
0	9
0	0
0	12
0	233
0	18
0	0
0	10
0	0
0	8
0	1
1	0
0	0
0	0
0	0
0	0
0	0
0	13
1	3
0	3
0	29
0	0
0	0
0	0
0	0
0	0
0	0
0	1
0	11
0	0
0	0
0	0
0	0
0	0
0	0
0	0
0	0
3	0
0	0
0	0
0	0
0	0
0	0
0	0
0	0
0	0
0	0
0	0
0	0
0	38
0	0
0	0
0	0
0	0
0	1
0	740
0	0
0	0
0	0
0	10
0	0
0	0
0	143
0	0
0	0
0	0
1	0
12	0
0	73
0	0
0	0
0	0
0	0
0	0
0	0
0	0
0	0
0	0
0	1
0	0
0	1
0	0
0	0
2	0
0	0
0	0
0	31
0	0
0	0
0	0
3	0
0	0
0	31
0	0
0	0
0	0
8	303
0	0
0	0
0	0
0	0
0	0
1	0
0	0
2	0
0	0
0	0
0	0
0	1389
0	0
0	0
0	889
0	0
0	0
0	0
0	0
0	150
0	1175
2	7965
0	0
0	1
0	101
0	0
0	0
0	0
0	0
0	0
0	7
0	97
0	0
0	0
0	0
0	10
0	10
0	0
0	0
0	532
1	5
0	0
0	0
0	0
0	1
3	0
0	0
0	0
0	0
1	3
0	0
0	0
0	264
0	0
0	0
0	0
0	24
0	1
0	0
0	0
0	2
0	80
0	0
25	3
0	0
0	0
0	0
0	0
0	0
0	0
2	0
0	0
0	0
0	0
0	0
0	0
0	1
0	2
0	0
0	0
0	0
0	0
0	0
0	0
0	0
0	0
0	0
0	0
0	0
0	5
0	0
0	0
0	2
0	2
0	0
0	0
0	0
0	0
0	0
0	0
0	2676
0	59
0	0
0	0
0	0
0	0
0	0
0	0
0	229
0	0
0	0
0	0
0	0
0	0
0	0
0	0
0	0
0	0
0	0
0	0
0	0
0	30
0	0
0	0
0	6
3	0
0	0
0	0
0	0
0	0
0	0
0	0
0	0
0	0
0	0
0	0
0	0
0	0
0	0
0	0
0	0
0	0
1	0
0	15
0	0
0	0
0	0
2	983
0	0
0	32
0	0
24	0
0	0
0	0
0	0
0	0
0	0
0	0
0	0
0	0
0	0
0	1
0	0
1	0
0	0
0	0
0	0
0	0
0	442
0	0
0	0
0	0
0	0
0	198
0	41
0	0
4	0
0	7
1	0
5	44
0	0
0	0
0	0
0	0
0	72
2	989
0	10
0	18
0	1
0	0
0	97
0	0
0	1472
0	0
0	431
0	0
0	0
0	0
0	0
0	121
0	858
0	0
0	0
0	0
0	0
0	0
0	0
2	412
0	0
0	0
0	0
0	0
0	0
1	21
0	0
0	0
0	0
0	1925
0	0
0	0
0	0
0	0
0	2673
0	34
0	0
0	0
0	0
0	2083
0	43
2	0
0	0
0	0
0	0
0	0
0	16
0	0
0	0
0	0
0	0
0	7
0	0
0	0
0	0
0	0
0	0
0	0
0	0
0	0
0	0
0	0
0	0
0	0
0	1278
0	30
0	0
0	0
0	0
0	0
0	0
0	0
1	0
0	0
0	0
1	0
0	0
0	0
0	0
0	0
0	0
0	60
0	0
0	0
0	0
0	0
0	0
0	0
0	50
0	0
0	0
0	4
0	4
0	0
0	251
0	0
0	0
0	0
1	0
0	0
0	0
2	0
0	0
0	39
2	30
0	0
0	0
0	0
0	0
0	0
0	0
0	0
0	0
0	3
0	0
0	3
0	0
0	0
0	0
0	0
3	0
0	0
0	0
0	18
0	0
1	0
0	0
0	30
0	0
7	0
0	0
0	0
0	0
0	0
0	0
0	0
1	0
0	0
0	0
0	0
0	0
0	0
0	0
0	9
0	0
0	0
1	0
0	0
1	494
0	0
8	0
1	1563
0	0
0	0
0	0
0	0
0	0
1	772
0	0
0	0
0	0
0	0
0	0
0	0
0	0
0	0
0	0
1	0
0	0
0	1
1	0
0	0
0	0
0	0
0	7
0	0
0	0
1	0
0	0
0	0
13	0
0	0
0	0
0	0
0	0
0	0
3	0
0	0
0	0
0	512
0	0
0	0
0	258
0	2
0	15
0	0
0	0
0	0
0	0
0	0
0	0
0	0
0	40
0	24
0	0
0	0
6	8
0	0
0	0
0	0
0	6
1	0
0	0
0	0
3	0
0	0
0	0
0	0
0	0
0	0
0	0
0	0
0	0
0	0
0	0
0	0
0	2
0	2
0	0
0	1
0	0
0	1
0	0
0	0
0	0
0	0
1	0
0	0
0	0
0	1
0	0
0	0
0	0
0	0
0	3
0	0
0	3
0	0
0	55
0	2
0	0
0	0
0	0
0	0
0	0
0	73
1	5455
0	0
0	0
0	0
0	0
0	0
0	0
0	0
0	0
0	776
2	0
0	0
0	0
0	1338
0	0
0	1
0	0
0	74
0	0
0	0
0	9
0	0
0	0
0	0
0	0
0	0
0	0
0	0
0	0
1	10
0	305
0	0
0	0
0	0
0	18
0	30
0	0
0	0
0	0
0	0
0	0
0	0
0	0
0	0
0	0
0	0
0	67
0	0
0	0
0	2
1	385
0	0
0	240
0	0
0	0
0	0
7	110
0	0
0	0
0	0
0	0
0	0
0	0
0	0
0	0
0	0
0	0
0	0
0	0
0	0
0	0
0	0
0	0
0	3
0	2
0	2
0	0
0	0
0	10
0	1
0	1
0	0
0	0
0	25
0	0
0	0
0	0
0	53
0	0
4	139
2	0
0	0
0	473
0	0
0	0
0	0
0	0
0	0
0	0
0	0
0	0
0	0
0	0
0	43
0	0
0	9
0	0
0	0
0	0
0	0
1	0
0	0
0	0
0	0
0	0
0	0
0	0
0	0
0	0
0	0
0	0
0	1
1	402
0	0
0	0
0	0
0	84
0	12
0	0
0	0
0	1
0	0
0	0
0	0
0	533
0	0
0	0
0	5
0	1
0	0
3	0
0	0
0	0
0	0
0	0
0	0
0	1
0	0
1	0
0	0
0	0
0	0
0	1
0	0
0	5
0	0
0	0
0	0
0	0
0	1032
0	0
0	0
0	0
0	0
0	0
0	0
0	0
0	0
0	0
0	0
0	0
0	0
0	0
0	0
1	0
0	0
0	0
0	0
0	560
0	0
0	0
0	0
0	0
0	0
0	0
0	0
0	225
0	0
0	0
0	0
0	0
2	829
0	0
0	0
0	0
0	0
0	183
0	0
0	1093
0	0
2	12278
0	0
0	0
0	14
0	0
0	0
0	0
0	0
0	2253
0	0
0	0
0	0
0	0
0	0
0	0
0	0
1	0
1	562
0	0
0	0
0	0
0	0
0	0
5	4839
0	0
0	0
0	0
0	0
0	0
0	95
0	0
0	0
0	0
0	0
0	0
0	0
0	0
0	0
0	0
0	0
0	0
0	0
0	0
0	0
0	0
0	0
0	0
0	0
2	0
0	0
0	0
0	0
0	0
0	0
0	20
0	0
2	54
0	0
0	0
0	0
0	0
0	0
0	0
0	0
0	0
0	0
0	0
0	38
0	0
0	9
0	0
0	2
0	0
0	0
0	0
0	0
0	0
0	0
0	0
0	0
2	1170
0	0
0	0
0	4
0	4
0	0
36	86
0	0
0	0
0	0
0	0
0	0
0	0
0	0
0	0
0	0
0	0
0	170
0	0
0	0
1	858
0	0
0	0
0	21
0	0
0	285
0	0
0	6
0	0
0	6
0	0
0	0
0	0
1	0
0	0
0	0
0	0
0	0
0	0
0	0
0	0
1	0
0	71
0	0
0	2
0	503
1	0
0	0
0	0
0	14
0	0
0	0
0	0
0	0
0	0
0	0
0	0
0	0
0	0
0	0
0	0
0	574
0	0
0	0
0	0
0	0
0	0
0	0
0	0
0	0
1	0
0	75
0	0
0	0
0	0
0	0
0	0
0	6379
0	42
0	0
0	0
0	4
0	0
9	6411
0	0
0	13
0	0
2	0
0	0
1	0
0	0
0	0
0	0
0	1141
0	0
2	0
0	0
0	83
0	0
0	0
1	0
0	0
0	193
6	0
0	0
0	0
0	0
0	0
1	12
15	0
0	0
0	0
0	0
0	5
0	0
4	0
2	2208
0	0
0	0
0	0
0	0
0	4
0	24
0	0
0	543
0	0
0	0
0	10
0	0
0	0
0	48
0	0
0	0
0	0
0	0
0	0
0	0
0	231
0	0
0	0
0	0
0	0
0	0
0	0
0	0
0	0
0	0
0	0
0	0
0	0
0	0
0	0
0	2
0	0
0	0
0	33
0	4
0	0
0	0
0	133
0	526
0	0
0	3
0	3
0	280
0	257
0	0
0	0
0	0
0	79
0	0
0	0
0	0
0	0
0	3
1	4
1	0
0	0
0	0
0	0
1	0
1	0
0	0
0	0
0	123
0	2492
0	0
0	0
0	0
0	0
0	0
0	0
0	0
0	0
0	0
0	0
0	0
0	0
0	0
0	0
0	0
0	0
0	0
0	2305
0	0
0	0
0	0
1	0
1	0
0	0
0	0
0	0
0	0
0	0
0	2
0	3
1	0
0	0
0	0
0	0
0	0
0	0
0	0
0	38
1	0
0	0
0	0
4	172
2	0
0	0
0	0
0	0
1	0
0	0
0	0
0	0
0	0
0	0
0	5
3	0
0	0
0	0
0	0
0	5
0	0
0	0
0	0
0	692
1	0
0	0
0	3999
0	0
0	9178
0	0
0	0
0	0
0	0
1	3
0	0
0	0
0	0
0	1
0	0
0	0
0	2
0	0
0	21
0	0
0	0
0	0
0	0
0	0
0	0
0	0
0	0
1	0
0	0
1	5
0	0
0	0
1	0
0	0
0	1
0	0
0	0
1	9224
0	0
0	2
2	3781
0	1
0	0
0	0
0	0
0	0
0	0
0	0
0	0
0	2
0	5
0	0
1	1466
0	0
0	21
0	5
0	0
0	0
22	345
0	0
0	0
0	2
0	0
0	0
1	115
0	116
0	0
0	0
0	1251
1	0
0	0
0	0
0	0
0	1
0	0
0	0
0	313
0	0
0	0
0	0
0	0
0	0
0	0
0	0
0	0
0	0
0	0
0	0
0	0
0	710
0	0
0	0
0	0
0	84
0	0
0	0
35	3
0	110
0	0
0	0
0	0
0	0
0	0
0	0
0	0
0	757
0	0
0	0
0	0
6	53
0	0
0	6
0	0
0	0
0	127
0	0
0	4
0	0
0	0
0	0
0	0
3	0
0	0
0	0
0	0
0	0
0	0
0	230
1	2
0	0
0	0
0	0
0	968
0	0
0	0
0	0
0	0
0	0
0	8
0	0
0	0
0	0
0	0
0	0
0	0
0	0
0	0
0	0
0	1
0	0
0	0
0	2
0	0
0	237
0	0
0	0
0	57
0	1
3	15
0	0
0	109
0	0
0	1512
0	0
0	0
0	0
0	1
0	0
0	0
0	0
0	0
0	0
0	0
0	0
0	0
0	0
0	0
0	0
0	0
0	0
0	9
0	0
0	0
0	0
0	0
0	0
0	0
0	0
0	0
0	0
0	0
0	0
0	0
0	0
0	0
0	0
0	0
0	0
0	0
0	0
0	0
0	0
0	0
0	0
0	0
0	280
0	0
0	0
0	0
0	2179
0	0
0	0
0	0
0	0
0	0
0	1
0	1927
0	0
0	0
0	0
0	0
0	0
0	0
0	0
0	0
0	29
0	0
0	0
0	0
0	0
0	0
0	2
0	1497
0	613
0	4037
0	0
0	0
0	0
0	0
3	0
0	0
0	0
0	0
0	0
0	0
0	144
0	0
0	0
0	0
0	755
0	12
0	0
0	0
0	0
1	0
0	0
0	0
0	38
0	5268
0	0
0	0
0	0
0	0
0	98
0	0
0	0
0	0
0	0
0	0
0	0
0	0
0	100
0	0
0	0
0	2
0	0
0	0
1	0
0	0
0	0
0	8
0	0
0	0
0	0
0	0
0	0
0	57
0	0
0	0
0	1
0	0
0	0
0	0
0	0
0	0
0	0
0	0
0	6
0	1
0	181
0	0
0	0
0	0
0	75
0	1
0	0
0	0
0	14
0	144
0	0
0	0
0	0
0	0
1	0
0	72
0	4
0	0
0	2
2	0
0	2
0	0
0	293
0	0
0	2
0	0
0	62
0	0
0	0
0	0
2	986
0	0
0	0
0	0
0	30
0	0
0	0
0	27
0	2
0	5
0	0
0	0
0	0
2	542
0	0
0	0
0	96
0	0
0	0
0	0
0	0
0	0
0	0
0	0
1	0
0	0
0	0
0	0
0	0
0	0
1	2507
0	0
0	0
0	0
0	106
4	0
0	0
0	0
0	0
0	0
11	0
0	0
0	0
0	32
0	0
0	43
1	0
0	0
0	0
0	5625
1	142
1	0
0	50
0	0
7	3
0	15
0	0
0	0
0	0
0	17
2	0
3	0
0	0
0	878
0	993
0	0
0	0
0	0
0	0
0	0
1	37
0	0
2	0
0	0
2	11
0	0
0	0
0	0
0	0
0	0
0	0
0	0
0	6031
0	0
1	1101
0	0
0	207
0	0
0	6
0	0
0	0
0	0
0	0
0	2
1	1
0	0
0	0
0	0
0	0
1	0
0	0
0	0
0	0
0	0
0	8
0	0
0	0
0	0
0	0
0	0
0	0
0	0
4	4
0	0
0	0
0	0
0	6
0	0
0	0
0	3
0	0
0	0
0	0
0	0
0	0
0	0
0	0
0	5
0	0
0	0
0	33
0	0
0	0
0	0
0	0
0	0
0	1
0	0
0	1
1	0
0	0
0	3
0	0
0	0
0	9
0	1796
0	0
0	0
0	0
0	0
0	0
0	0
0	0
0	0
0	0
1	2
0	0
0	0
1	0
0	569
0	0
0	0
0	1
0	0
15	100
0	0
0	135
0	0
686	0
0	1
0	0
0	631
0	0
0	1396
0	0
0	0
0	0
0	47
0	0
0	0
0	0
0	0
0	0
0	0
0	0
1	0
0	0
0	0
0	12
0	0
0	0
0	0
0	40
0	497
0	0
1	0
2	0
0	0
0	3
0	483
0	0
0	0
0	0
0	0
0	0
0	17
0	0
0	0
0	0
0	0
0	0
0	0
0	0
0	0
0	0
0	0
0	0
0	0
0	0
0	0
1	0
0	481
0	0
0	0
0	0
0	0
0	0
0	0
1	0
0	1
0	0
0	0
0	4
0	0
0	1
1	1
0	0
0	0
0	0
0	0
0	0
0	0
46	0
0	0
0	0
0	0
0	0
0	4
0	0
0	0
0	0
0	0
0	0
0	0
0	0
0	0
1	78
0	0
0	0
0	0
0	0
0	0
0	0
0	0
0	4
0	0
0	0
0	0
0	35
0	0
0	0
0	3
0	0
0	0
0	0
0	0
0	0
0	0
0	0
0	6
0	0
0	0
0	1
0	125
0	20
0	30
0	0
1	1
0	0
0	279
1	0
0	56
0	0
0	1
0	7
0	0
0	0
1	165
2	0
0	0
0	0
0	0
0	0
0	0
0	0
0	0
0	0
0	0
0	0
0	0
0	26
0	0
0	0
0	0
0	0
0	0
0	0
0	0
0	0
0	0
0	0
0	0
1	0
0	0
0	0
0	0
1	7994
0	0
0	0
0	0
0	0
1	83
0	0
0	0
0	0
1	4
0	0
0	10
0	8
0	0
0	0
2	44
0	0
0	0
0	1
0	0
0	0
0	0
0	0
0	0
0	0
0	0
0	6
0	0
1	20
0	0
1	1
0	249
0	0
0	9
0	0
0	16
0	0
0	0
0	0
0	131
0	0
2	0
1	413
0	0
0	0
0	0
0	0
0	0
0	247
0	23
0	0
0	0
0	0
0	0
0	0
0	0
0	0
0	0
0	47
0	22
0	13
1	0
0	5
0	247
2	51
0	0
0	0
0	0
0	0
4	2
1	69
3	0
0	0
0	0
1	0
0	0
0	0
0	0
0	0
2	61
1	0
0	0
0	0
0	48
0	0
7	0
1	3
0	0
1	1
0	0
0	0
0	0
0	0
0	0
0	1
0	0
0	0
0	0
0	0
0	0
0	0
0	0
0	1
0	300
0	0
0	53
0	0
0	165
0	0
0	0
0	0
0	0
0	0
0	0
1	0
1	2
0	57
0	0
0	0
0	0
2	0
0	0
0	0
0	0
3	8
0	0
2	1
1	0
0	167
0	0
0	156
0	4
0	2
0	0
1	0
0	0
0	0
0	0
0	0
0	0
2	9306
0	0
0	0
0	0
0	0
0	0
0	0
0	0
0	0
0	770
0	0
0	0
0	3
0	0
0	0
0	0
0	0
0	0
0	1
0	140
1	6
0	0
0	0
0	7
0	58
0	5
0	0
0	0
0	823
0	0
0	0
0	2
0	0
0	2
0	0
0	198
0	0
0	0
0	0
0	0
0	0
0	0
0	0
0	0
0	0
0	0
0	0
0	4
0	0
0	0
0	0
0	0
0	6
3	0
0	22
0	0
0	0
0	0
5	0
0	0
0	0
3	0
0	12
0	0
0	0
0	0
0	144
0	0
0	0
0	0
0	425
0	0
0	8
0	0
0	0
0	2
0	0
0	0
0	0
0	203
0	0
0	0
0	0
0	0
0	0
0	0
0	733
0	0
4	6355
0	0
1	269
13	0
0	0
0	0
1	8004
0	174
0	0
0	284
0	1
0	0
0	0
0	0
0	0
0	3
0	0
0	0
0	0
0	0
0	0
0	0
0	0
0	9
0	0
0	1
0	0
0	0
0	0
0	58
0	0
0	0
0	0
0	0
0	0
0	4
0	0
10	0
0	0
0	30
0	0
0	2
0	0
0	3
0	212
0	779
0	0
0	0
0	0
0	0
0	0
0	6
0	0
0	0
0	0
0	2
0	0
1	1690
0	0
0	0
0	0
0	0
0	0
0	0
0	0
0	0
0	0
0	0
0	3
0	0
0	0
0	0
0	0
0	28
0	0
0	0
0	0
0	0
0	0
0	0
1	0
0	1
0	62
0	0
0	0
0	0
0	0
0	0
0	0
0	0
0	0
0	37
0	9
0	1
0	0
0	0
0	0
0	0
0	85
0	0
0	28
0	0
0	0
0	2
0	38
0	0
0	2
0	2
0	0
0	0
0	0
0	0
1	0
0	28
0	0
0	0
1	4
0	0
0	0
0	1
0	0
0	0
0	0
0	0
0	0
0	0
0	0
0	0
0	1
0	0
0	0
0	0
0	0
0	0
0	0
0	0
0	0
0	1
3	9
0	0
0	0
0	0
1	0
0	379
0	9
0	0
0	0
1	0
0	45
0	0
0	0
0	0
0	0
0	0
0	0
0	0
0	0
0	0
1	0
0	11
0	0
0	0
0	0
0	47
0	0
0	0
0	7
0	0
1	12881
0	0
9	0
0	0
0	0
0	0
0	0
0	14
2	577
0	0
1	0
0	0
0	0
0	0
0	0
14	0
0	0
0	299
0	1
0	0
0	0
0	0
0	0
0	0
0	0
0	0
0	0
0	0
0	1
0	0
0	0
0	0
0	0
0	0
0	0
0	0
1	5
0	0
0	0
0	14
23	0
0	7
0	0
0	0
1	1526
0	0
0	0
0	3
0	0
0	0
0	0
0	0
0	44
0	0
0	0
0	574
0	0
2	37
0	0
0	1
0	0
0	0
0	0
0	0
0	0
0	0
0	0
0	0
0	0
0	0
1	0
0	0
0	9
0	2558
0	12
0	0
0	0
1	0
0	1929
0	0
0	233
0	1175
0	0
0	0
0	3567
0	0
0	0
0	0
0	0
0	0
0	0
0	1
0	0
0	0
0	0
0	0
0	0
0	0
0	1
0	13
0	0
0	0
0	0
0	0
0	0
2	10
3	123
0	0
0	0
0	0
1	0
0	0
0	0
0	0
0	92
0	0
0	0
0	0
0	2
0	0
0	0
10	0
0	25
0	0
0	0
0	963
0	1303
0	37
0	0
0	0
0	0
0	6180
0	0
2	0
0	0
0	0
0	0
0	0
6	3295
0	6
0	7
0	0
0	0
0	135
0	0
1	16042
0	0
0	0
3	8
0	0
0	0
0	0
0	561
0	0
0	0
1	0
0	0
1	0
0	1
0	0
0	0
0	0
0	0
0	0
0	0
0	0
0	0
0	0
0	0
0	0
0	0
0	0
0	0
0	0
0	0
1	371
0	0
0	0
0	0
0	0
0	0
0	0
0	0
0	1218
0	0
0	0
0	657
1	0
0	0
0	0
0	0
0	0
0	0
1	0
1	6813
0	0
0	0
0	1
0	0
0	0
0	0
0	0
0	18
3	0
1	483
0	0
0	0
0	0
0	0
0	0
0	0
0	62
0	0
0	1
0	0
0	0
0	0
0	0
0	0
0	686
1	0
0	15
0	0
0	0
0	0
0	3
0	0
0	0
0	0
23	0
0	0
0	0
1	0
0	0
0	0
0	0
0	0
0	0
0	0
0	0
0	0
0	0
0	0
0	0
0	0
0	0
1	1
0	0
0	0
0	0
0	0
0	0
0	0
0	1
0	0
0	11
1	0
0	0
0	0
0	0
0	0
0	0
0	10
0	0
0	2664
0	0
1	0
0	3
0	0
0	0
0	0
0	0
0	9
0	0
1	26
0	1
0	0
0	0
1	4
0	0
0	0
1	35
0	0
0	0
0	0
1	0
0	0
0	0
0	0
0	0
0	1
0	0
0	0
0	0
0	0
0	0
0	0
0	0
0	0
0	0
0	0
0	0
1	1433
0	0
0	0
0	0
0	0
4	4891
0	2
1	1
5	10
0	1
0	0
0	0
0	0
0	0
0	0
0	0
0	1
0	0
0	0
0	1
0	0
0	0
0	0
0	116
0	0
0	0
7	96
0	8
1	5
0	0
0	0
0	0
0	0
0	0
0	0
1	74
0	0
0	0
0	0
1	8
0	0
0	0
0	0
0	0
0	0
0	0
0	6161
0	0
0	0
0	0
0	29
0	0
0	0
0	0
0	0
1	2377
0	30
0	4
0	0
0	0
2	0
0	0
0	7
0	26
0	0
37	0
0	0
4	0
0	0
0	0
0	0
0	0
0	157
0	0
0	0
0	0
0	0
0	0
1	769
0	0
0	0
1	0
0	0
0	123
0	0
0	4
0	0
9	0
0	0
0	1
0	0
0	0
0	0
0	9
0	0
0	0
0	0
0	0
0	0
0	0
0	432
3	278
0	762
0	0
0	0
0	0
0	0
0	248
0	0
0	0
0	0
0	31
0	0
0	0
0	0
0	0
0	0
0	0
0	0
0	133
0	2572
0	0
0	0
0	0
0	0
0	13810
0	0
0	0
0	0
0	0
0	1
0	0
0	0
0	0
3	336
0	0
0	0
0	83
0	0
0	0
0	0
0	0
0	0
0	0
0	0
0	4
0	0
0	0
0	334
0	0
2	0
0	0
2	0
0	0
0	0
0	0
0	4
0	0
0	0
0	0
0	0
0	0
0	0
0	0
0	0
0	1386
0	0
0	1
0	1
0	110
1	1532
0	0
0	0
0	0
0	0
0	0
0	14
0	0
0	0
1	0
0	2
0	0
0	0
0	21
1	0
0	0
0	0
0	0
0	0
1	4
0	0
0	0
0	199
0	1
0	0
0	0
0	3
0	0
0	0
0	0
0	0
0	0
0	0
2	0
0	0
0	0
0	2
0	0
0	0
0	0
0	0
0	0
0	134
1	2565
0	0
0	0
1	14
0	0
0	1
0	0
0	0
0	0
0	129
0	15
0	26
4	0
0	0
0	0
0	0
0	0
0	0
0	0
0	1201
0	143
0	0
0	88
0	0
2	0
0	0
0	0
8	0
1	0
0	0
0	0
0	15
0	0
0	544
0	0
0	0
4	0
0	0
0	0
0	0
0	0
0	1
0	0
0	0
0	0
0	0
3	0
0	0
1	20
0	123
0	0
0	0
0	0
0	7
0	0
0	0
0	0
0	0
0	0
0	0
0	1
0	0
0	0
0	0
2	38
0	0
0	0
0	0
3	29
0	0
0	0
0	0
0	1
0	0
0	0
0	0
0	0
0	0
0	0
0	1066
0	0
0	0
0	0
1	0
0	0
0	0
0	284
0	1
0	0
0	0
0	0
0	0
0	0
0	1077
0	0
0	2
0	2
0	2
0	0
0	0
0	0
0	0
0	0
0	0
0	0
0	0
0	2
0	0
0	0
0	0
0	0
1	1131
0	0
0	0
0	0
0	0
0	0
0	0
0	0
0	0
0	0
0	1659
0	2017
0	1
0	8
0	0
1	0
0	0
0	0
0	0
0	0
0	0
0	0
0	0
0	0
0	0
0	0
0	0
0	9
0	0
0	0
0	0
0	0
0	2
0	0
0	0
0	0
0	19
0	0
0	0
0	0
0	0
0	0
2	0
1	0
0	0
0	2323
0	268
0	0
0	0
0	0
0	0
0	6
0	0
0	0
0	0
0	0
0	0
0	0
0	1
0	0
14	3
0	42
0	0
0	0
0	0
0	0
0	0
0	0
0	0
0	0
0	73
0	0
0	100
0	0
0	3
0	0
0	40
0	1
0	0
0	0
0	0
0	0
0	0
0	0
0	0
0	701
0	0
0	0
0	1
0	0
0	0
0	117
0	0
0	0
0	0
0	0
0	0
0	0
0	0
0	0
0	25
0	18
0	4669
0	0
0	3
0	0
0	0
0	0
0	0
0	411
0	0
0	0
0	0
0	0
0	0
0	0
0	189
0	0
0	1703
0	0
0	0
0	0
0	0
0	0
0	0
0	0
0	0
0	0
0	0
0	13
0	2
0	0
0	0
0	0
0	0
0	0
0	0
0	0
0	1
0	0
0	10
1	623
0	0
0	2
0	0
0	0
0	0
0	0
0	0
0	0
0	125
0	0
0	0
0	49
0	0
0	0
0	0
0	0
0	530
0	1360
0	0
0	0
1	1
2	72
0	625
0	0
0	0
0	0
0	0
0	0
0	0
0	0
0	93
0	0
0	0
0	23
0	0
0	0
0	2
0	0
0	0
0	0
0	0
1	3
0	0
3	2179
0	3
0	13
0	0
0	0
0	0
0	0
0	1
0	0
0	0
0	223
0	77
0	0
0	0
0	0
0	0
0	0
0	0
0	169
0	4
0	0
1	310
0	52
0	0
0	0
0	0
0	170
0	0
0	0
0	0
0	0
0	0
0	0
0	0
0	0
0	0
0	0
0	1
0	0
0	1
0	0
0	0
0	0
2	299
0	0
1	0
0	0
0	0
0	0
0	0
0	0
0	6
0	1
0	1
0	2
6	0
0	0
0	91
0	0
0	0
0	735
0	0
0	0
0	0
0	0
0	0
0	0
0	0
0	0
0	0
0	0
0	0
0	0
0	0
0	0
0	0
0	0
0	534
0	0
0	0
0	32
0	48
0	0
0	0
0	0
0	0
0	16
0	0
0	0
1	1796
0	0
0	0
0	0
0	0
0	0
0	0
0	0
0	0
0	0
3	0
1	2
0	209
0	0
0	0
0	9
0	0
0	0
0	0
0	0
0	0
0	0
0	0
0	0
0	84
0	0
0	0
0	0
0	0
0	0
0	0
0	0
0	0
0	27
0	3
0	275
0	0
1	0
0	16
0	0
0	0
0	0
0	0
0	0
0	0
0	0
0	0
0	0
0	1
2	10
0	0
0	0
0	0
0	0
0	638
0	0
0	0
0	0
0	0
0	0
0	0
1	7
0	0
0	0
0	0
1	363
0	0
0	0
0	0
0	0
0	0
0	0
0	0
1	0
0	23
1	9
2	94
0	0
0	0
0	0
0	0
0	0
0	0
0	0
0	0
0	0
0	0
0	0
0	0
0	0
0	0
0	0
0	0
0	0
0	0
0	0
0	0
0	5577
0	0
0	0
2	0
0	0
0	0
0	0
0	106
0	0
0	0
0	0
0	0
1	110
0	0
0	21
0	1
0	0
0	3
0	0
0	3
0	0
0	0
0	31
0	4
0	0
0	0
0	0
0	0
0	0
7	2
0	0
0	1
0	0
0	304
0	0
0	0
0	0
0	0
0	0
0	0
0	0
0	0
0	0
0	1
0	0
0	0
0	1534
0	0
0	0
1	1506
0	0
0	65
0	0
0	0
0	0
0	0
0	0
0	0
0	0
0	0
0	0
0	0
1	0
0	0
0	0
0	0
0	0
0	0
0	0
0	0
0	0
0	0
0	0
0	0
0	0
6	39754
0	0
25	340
1	1
0	0
0	0
0	0
0	0
0	0
0	30
0	0
0	0
0	0
0	1691
0	0
18	0
0	0
0	0
0	0
0	0
0	1
41	655
0	59
2	0
0	0
12	0
0	0
0	0
4	1
1	0
32	0
0	0
0	0
0	0
0	0
0	0
0	809
0	434
0	0
0	0
0	0
0	0
0	0
0	0
1	1
0	0
0	0
0	0
0	0
0	0
0	0
0	32
0	0
0	0
0	0
0	0
0	0
0	3
0	0
0	12
0	0
0	0
0	0
0	0
0	7
0	0
0	0
0	0
0	0
0	1
0	0
0	0
0	0
0	0
1	0
0	0
0	0
0	0
0	0
0	0
0	0
0	5671
0	0
5	1149
0	713
0	0
1	0
0	0
0	0
0	0
0	0
0	0
0	0
0	0
0	0
0	0
0	99
0	0
0	0
0	0
0	3
0	18
0	2179
0	0
1	0
0	0
0	1
0	0
0	19
0	0
0	0
0	0
0	0
0	0
0	0
0	0
0	0
0	0
0	0
0	0
0	1
0	0
0	0
0	0
0	0
0	0
0	0
0	0
0	0
0	0
0	0
0	0
0	0
0	0
0	0
0	0
0	18867
0	0
0	0
0	0
0	0
0	0
0	0
0	1
0	0
0	0
1	5
0	0
0	1
0	0
0	1
0	31
0	0
0	0
0	0
0	0
1	0
0	0
0	0
0	0
0	0
0	0
0	0
0	0
0	0
0	0
0	0
0	0
0	0
4	0
0	0
0	0
0	0
0	7
0	0
0	0
0	0
0	0
0	0
0	0
0	0
0	0
0	1
0	196
0	8
0	0
0	0
0	0
0	0
0	0
0	0
0	3
0	0
0	0
0	0
0	1
0	0
0	0
0	24
0	0
0	0
0	45
0	0
0	0
0	0
0	0
0	0
0	0
0	0
0	0
0	12
0	28
0	8
0	0
0	0
0	0
0	0
0	0
0	0
0	1
0	0
0	0
0	0
0	0
0	0
0	1
0	0
0	0
0	0
0	0
0	0
0	0
0	0
0	0
0	784
0	0
0	1
0	0
0	0
0	235
0	0
0	0
0	0
0	0
0	0
0	0
0	121
0	0
0	25
0	0
0	0
0	0
0	0
0	0
0	0
0	0
0	0
3	0
0	0
0	0
0	0
0	0
0	0
2	0
0	0
0	0
0	244
0	9
0	4
0	0
0	0
0	0
0	0
7	0
0	0
0	0
2	1
0	0
0	0
6	6975
0	0
3	0
0	0
0	0
0	0
0	0
0	75
0	0
0	0
0	312
0	0
0	0
0	0
0	0
0	0
0	0
0	0
0	0
0	0
0	4190
0	0
0	0
0	0
0	0
0	0
0	0
0	0
0	0
1	0
0	0
0	0
0	0
0	0
0	0
0	0
0	0
0	49
0	0
0	0
12	0
0	0
0	1357
0	1016
0	0
0	0
0	0
0	0
0	0
0	23
0	0
0	0
0	0
0	0
0	0
0	0
0	0
0	0
0	5699
0	0
0	0
0	0
0	0
0	1
0	0
0	2
0	0
0	0
0	0
0	0
1	16549
0	0
0	0
0	0
0	0
0	4
1	5054
0	1
0	0
0	0
0	0
2	4
0	0
0	0
0	0
0	0
0	0
5	0
0	97
0	0
0	0
0	0
0	0
0	0
3	297
0	0
0	0
0	0
0	89
0	0
0	0
0	0
0	0
0	0
0	0
3	119
0	116
0	0
0	0
0	0
27	0
0	0
0	16
0	0
0	113
0	0
0	0
0	0
0	0
0	0
0	0
0	0
0	0
0	629
0	0
0	0
0	0
0	0
0	0
0	0
0	0
0	0
0	0
0	0
0	0
0	0
0	243
0	0
0	0
0	0
0	0
0	0
0	0
0	0
0	0
0	0
0	0
0	1
0	0
0	3
0	0
0	0
0	0
0	0
0	0
0	0
0	0
0	79
0	0
2	7
0	0
0	0
0	0
0	0
5	0
0	123
0	0
0	0
0	88
1	0
0	0
0	0
0	0
0	0
0	541
0	0
0	0
0	0
0	0
0	0
0	0
0	0
0	0
1	0
0	0
0	0
0	0
0	0
0	0
0	2
0	4
0	0
0	14
0	0
1	0
0	0
1	17
0	0
0	0
0	0
0	5
0	27
18	4
0	0
0	7
0	0
0	0
0	0
0	0
2	11
0	0
0	0
0	0
0	0
0	0
0	1
0	0
0	0
0	0
0	18
0	0
0	0
0	0
0	0
0	1
0	0
0	0
0	0
0	0
0	0
0	0
0	0
1	0
0	0
0	0
0	0
0	0
0	0
0	0
0	362
0	0
0	0
0	0
0	0
0	1
0	0
0	0
0	793
0	0
0	0
0	0
0	26
0	100
0	4
0	0
2	35
0	182
3	19
0	0
0	0
0	0
0	0
0	0
0	2
0	0
0	0
0	997
0	0
0	0
0	0
0	0
0	0
0	0
0	0
0	1
3	0
0	0
0	0
0	0
0	1
0	2441
0	0
0	0
0	0
0	0
0	3
0	0
0	1
0	0
0	1621
0	0
0	0
2	328
7	13
0	0
0	0
0	3
0	0
3	2019
0	0
1	1
0	0
0	0
0	0
1	1891
0	0
0	152
0	0
0	0
0	0
0	0
0	0
0	0
0	0
0	58
0	0
0	0
1	0
0	2
0	2
0	0
0	0
0	0
0	0
0	0
0	0
0	33
0	0
0	0
0	0
0	0
0	0
0	0
0	6
0	0
0	0
0	0
1	1
0	2262
0	63
1	0
0	0
0	0
0	12
0	256
0	455
0	0
0	1
0	0
0	0
0	0
0	0
0	0
0	2
0	2
0	5
0	0
7	46
1	0
0	0
0	0
0	0
0	0
0	0
0	0
0	0
1	1768
0	0
0	0
2	0
0	0
0	0
0	3
0	0
0	0
1	0
0	74
0	0
0	0
0	0
0	0
0	0
0	0
0	0
0	0
0	0
0	0
0	0
0	0
0	220
0	0
0	0
1	615
0	0
0	0
0	0
0	0
0	0
0	0
0	0
0	0
0	1
0	0
0	38
0	0
0	0
0	0
0	1
0	0
0	2
0	0
0	0
0	19
0	0
0	2
0	0
0	0
0	3
0	1
0	0
0	167
0	188
0	0
0	28
0	0
0	0
0	0
0	0
0	0
0	0
0	0
0	0
0	0
0	0
0	0
0	0
0	0
0	0
0	0
0	0
0	0
0	0
0	0
0	140
0	0
0	0
0	0
0	0
0	0
0	0
0	0
0	0
0	0
0	1
0	0
0	0
0	0
0	2
0	0
0	0
0	0
0	0
1	353
0	0
0	3
0	0
0	0
0	0
0	101
0	0
0	32
0	0
0	0
0	111
0	0
0	0
0	0
0	0
0	0
0	0
0	27
0	0
0	0
0	0
3	123
0	0
0	2798
0	0
0	0
0	0
0	0
0	0
0	0
0	71
0	302
0	0
1	0
0	3
0	0
0	772
0	2
0	735
0	0
0	0
0	0
0	8
0	0
0	0
0	0
0	0
2	28
0	0
0	0
0	614
0	0
0	0
0	1
0	0
0	0
1	49
0	0
0	0
0	0
0	0
0	0
0	50
0	0
0	0
0	0
0	0
0	0
0	0
0	0
0	0
0	0
0	0
0	0
0	0
0	0
0	10
2	301
0	0
0	0
0	0
0	0
0	0
0	0
0	0
0	0
0	0
0	0
0	0
49	166
0	5
5	0
0	3
0	0
0	0
0	0
0	0
0	0
0	0
0	1
0	0
0	235
0	0
1	2378
1	1
0	0
0	0
0	0
2	6
0	0
0	0
0	0
0	152
0	0
0	0
2	8
0	0
0	0
0	0
0	0
0	0
0	0
0	2
0	0
0	943
0	1376
0	0
0	2
2	0
0	0
6	0
0	0
0	0
0	0
0	0
0	0
27	16121
0	1349
0	5493
0	5010
0	0
2	14
0	2160
0	0
0	0
0	0
0	0
0	0
0	0
0	0
0	0
0	0
0	0
0	0
0	0
0	0
0	0
0	0
0	0
0	0
0	0
0	0
0	0
0	0
0	13
0	0
0	0
0	0
0	0
8	0
0	0
0	0
0	0
1	0
0	0
0	74
0	0
0	15
0	0
0	0
0	0
0	0
0	0
0	0
0	0
0	0
0	0
0	0
0	0
0	0
0	0
0	0
0	0
0	0
0	0
0	21
0	0
1	3
0	0
0	0
0	2
0	0
0	128
0	206
2	0
0	0
0	0
0	0
0	0
0	0
0	0
0	0
0	8
1	1
0	0
0	0
0	0
0	0
0	0
0	225
0	0
0	2961
1	0
0	0
0	0
0	0
0	35
0	0
0	0
0	0
0	0
0	0
0	2
0	0
0	0
0	0
0	76
0	0
1	0
0	0
0	0
17	0
0	0
0	2
0	0
0	0
0	0
0	0
0	0
0	0
0	1
0	0
0	0
0	0
0	0
0	0
0	0
0	0
0	0
0	0
0	0
0	0
0	0
0	228
0	0
0	0
0	0
0	0
1	0
0	0
1	4529
0	37
1	625
2	0
0	0
0	0
0	0
0	2
1	0
0	0
0	0
0	0
0	0
0	0
0	0
0	0
0	0
0	2
0	24
5	112
0	1
1	51
0	0
0	0
3	0
0	0
0	0
0	0
0	0
1	0
0	4
0	3
0	0
0	0
6	0
0	76
0	0
0	0
0	0
0	0
0	0
1	0
0	0
2	1
0	0
0	0
0	110
0	0
0	1
0	0
0	0
2	0
0	258
0	10
0	0
0	0
0	0
0	0
0	0
0	9
0	0
0	0
0	0
0	0
1	221
0	0
0	0
0	0
0	0
0	0
0	0
1	14
0	0
0	0
0	0
0	17
2	0
0	0
0	179
1	0
1	851
0	0
0	0
0	474
0	0
0	0
0	0
0	1
0	67
0	0
0	0
0	0
0	0
0	0
0	0
0	0
6	0
0	0
1	7199
0	0
1	3
0	0
0	0
0	0
0	0
1	915
0	0
0	0
0	0
0	0
0	0
0	0
0	0
0	1
0	0
0	0
0	0
0	2090
0	0
0	0
0	0
0	0
0	6240
1	14
0	0
1	4
0	0
0	27
0	0
0	0
0	0
4	0
0	0
0	0
0	1997
0	0
0	0
0	217
0	0
0	16
0	0
0	1
0	0
0	0
0	1
1	6
0	0
5	0
0	0
0	0
0	0
0	0
0	0
0	0
0	0
0	0
0	1
1	5
0	0
0	0
2	0
0	0
0	70
1	0
0	0
0	1
0	0
0	0
1	0
0	0
0	27
0	0
0	0
0	6
0	17
0	0
4	302
0	0
3	833
0	0
0	0
0	0
0	0
0	24
0	0
0	0
0	0
1	1
0	0
0	0
0	0
0	10
0	0
0	4143
0	0
0	0
0	2
0	0
0	0
0	0
0	0
0	0
0	0
0	0
0	0
0	0
0	0
0	0
0	0
1	0
0	0
0	0
0	0
0	120
0	0
0	1
0	0
0	0
0	0
38	1
1	0
15	1
0	0
0	0
0	0
0	0
0	0
0	0
0	0
0	0
0	0
0	0
0	1
0	0
0	0
0	0
0	0
0	0
2	31
0	0
0	0
0	0
0	0
0	0
0	0
5	578
1	322
0	0
0	0
0	0
0	435
0	1
0	0
0	0
0	0
2	957
0	0
0	0
8	0
0	0
0	7
0	0
0	0
1	154
0	0
0	0
0	0
0	0
0	2101
7	0
0	0
0	0
0	12
0	0
0	98
2	417
1	0
0	0
0	0
0	0
0	0
1	0
0	0
1	7
0	0
0	0
0	2
1	1
1	0
0	0
0	0
0	364
0	0
1	1369
0	0
1	40
0	0
0	0
0	5
0	0
0	0
0	1
0	0
0	2826
0	2421
0	1
0	23
2	0
0	0
0	0
0	0
0	0
0	0
0	0
0	0
0	0
0	0
0	0
0	0
0	0
0	0
0	0
0	0
0	0
0	4
0	0
0	0
0	0
0	0
0	0
0	0
0	8
0	0
0	0
0	0
0	0
0	1
0	346
0	0
0	0
1	0
0	0
0	0
0	0
0	0
8	135
0	0
0	3
0	0
0	1049
0	0
0	0
0	0
0	0
0	0
0	0
1	48
0	0
0	0
0	141
0	0
0	0
0	0
0	0
0	352
0	0
0	0
0	0
0	0
0	0
0	4256
1	3840
0	0
0	1
0	0
0	0
0	0
0	0
0	0
0	32
0	222
0	4
0	0
0	0
0	0
0	0
0	0
0	0
0	0
0	0
0	0
0	0
0	0
0	4
0	0
0	485
0	335
0	0
0	0
9	2
0	0
0	0
0	0
0	0
0	37
0	0
0	0
0	0
1	0
0	0
0	0
0	0
0	0
0	0
0	0
0	0
1	6908
0	0
0	0
0	0
0	0
0	3
0	0
1	0
0	13
0	0
0	0
0	0
0	0
0	0
0	1
0	2
0	0
0	117
0	0
0	0
4	522
0	2
0	0
0	0
0	0
0	0
0	0
0	0
0	0
2	0
7	0
0	0
0	27
0	0
0	0
0	0
0	0
0	0
1	764
0	0
1	0
0	549
0	0
0	0
0	0
0	0
0	0
0	0
0	0
0	0
0	0
0	0
0	0
0	0
0	0
0	0
0	0
0	0
0	0
0	0
0	0
0	0
0	46
0	0
0	0
0	100
0	0
0	0
0	0
0	0
0	0
0	0
0	0
0	0
0	0
0	0
0	0
0	0
0	0
0	0
0	0
0	0
0	0
0	0
0	0
0	0
0	0
0	0
0	0
0	60
0	0
0	0
0	0
0	0
0	0
0	0
0	0
0	0
0	0
0	165
0	0
0	0
0	0
0	210
0	0
0	0
0	0
0	0
0	0
0	0
0	0
0	34
0	3
0	0
0	0
0	0
0	2
0	3
0	0
0	0
0	102
0	3
0	0
0	0
0	0
0	11
0	0
0	2
0	0
0	0
0	0
0	0
0	0
0	0
0	154
0	0
0	0
1	167
0	3
0	0
0	0
0	0
0	0
0	0
0	0
0	0
0	0
0	0
0	0
0	159
0	0
0	1205
0	0
0	0
0	0
0	0
1	1469
0	0
0	0
0	1494
0	0
0	0
0	0
1	1
0	0
0	0
0	0
2	0
0	0
0	0
0	0
0	0
0	0
0	0
0	0
0	0
0	0
0	0
1	0
2	32
0	0
0	1
0	0
0	0
0	0
0	0
0	0
0	0
0	0
7	5445
2	0
1	11578
0	0
0	0
0	0
0	0
0	16
0	0
0	1292
0	530
0	0
0	0
0	0
0	0
0	0
0	0
0	0
0	0
0	0
0	0
0	0
0	0
0	0
0	0
0	0
0	0
0	0
0	3
0	0
0	0
0	0
0	14
0	6
0	0
0	0
0	0
0	3
0	0
0	0
0	0
0	0
0	2
6	187
0	0
0	0
0	0
0	0
1	0
0	6
0	141
0	0
0	0
0	0
0	1
0	137
0	0
0	0
0	0
0	0
0	0
0	0
0	0
0	0
0	0
0	0
0	0
0	0
0	0
6	0
0	0
0	0
0	0
0	0
0	0
0	0
0	0
0	0
0	0
0	0
0	1425
0	0
0	0
0	0
1	1
2	10094
0	0
0	0
0	0
0	25
0	0
0	0
1	0
0	0
0	0
0	0
0	0
0	0
0	0
0	0
0	0
0	0
0	0
0	0
0	0
0	0
0	0
0	0
0	0
0	0
0	0
0	171
0	0
0	0
0	894
1	0
0	0
0	1
0	0
0	0
0	0
0	0
0	0
0	0
0	1190
0	0
0	5294
0	0
1	111
0	0
0	0
0	0
0	0
0	0
0	0
0	0
0	250
0	0
0	0
0	0
0	0
0	0
0	0
0	0
0	0
1	0
0	0
0	0
0	0
0	1052
0	0
0	0
0	0
0	0
0	0
0	0
0	0
0	0
0	0
0	0
0	0
0	0
0	2
0	0
0	0
0	0
0	0
0	0
0	0
0	0
0	0
0	76
0	0
0	104
0	0
0	0
1	0
0	0
0	0
0	0
0	48
0	0
0	0
0	0
0	0
0	0
0	0
1	0
0	0
0	0
0	0
0	0
0	1
0	0
0	0
0	0
0	0
0	0
0	1
0	0
0	4
0	0
0	0
0	0
0	0
0	0
0	19
0	0
0	0
0	2
0	0
0	0
9	1
0	0
0	0
0	56
0	2116
0	0
0	0
0	0
1	0
0	0
0	0
0	134
0	0
1	34
0	1
0	2
0	0
0	0
0	0
0	0
0	0
0	0
0	0
0	0
0	0
0	0
0	0
0	0
0	0
0	0
0	0
0	0
0	0
0	0
0	2108
0	0
2	0
3	4
0	2
0	0
0	6
0	2632
0	0
0	0
0	0
0	0
0	0
0	0
37	1
0	0
4	0
0	0
0	0
0	0
0	0
0	0
0	0
0	0
0	0
0	0
0	0
0	0
0	0
0	0
0	0
0	0
0	501
0	29
0	0
0	0
0	0
1	0
0	0
0	0
0	0
0	7
0	0
0	0
0	0
0	0
0	137
0	0
0	0
0	0
0	0
0	0
0	0
0	0
0	0
1	0
1	78
0	44
0	0
0	0
0	0
0	0
1	1
0	0
1	1928
0	2
0	119
0	0
0	0
0	0
0	0
0	0
0	0
0	5
0	0
0	24
0	0
0	1
0	1653
0	0
0	0
0	0
0	129
0	0
0	0
0	0
0	0
0	430
0	0
0	0
0	0
0	0
0	0
0	0
0	0
0	0
0	0
0	0
0	0
0	1
0	0
0	0
1	0
0	0
0	10
0	751
0	1
0	0
0	0
0	0
0	0
1	0
0	0
0	0
0	0
0	0
0	0
0	0
0	0
0	0
0	0
0	0
0	0
0	0
0	15077
0	0
0	0
0	0
0	0
0	0
0	41
0	0
0	9
0	1
0	200
1	0
0	0
0	0
0	0
0	0
0	0
0	0
0	0
0	0
0	0
0	0
0	0
0	0
0	0
0	0
0	3
0	0
0	0
0	0
0	0
0	0
8	0
0	0
0	0
0	0
4	72
0	0
0	0
0	0
2	193
0	0
0	10
0	0
20	0
0	2
0	0
0	0
0	0
0	0
0	0
0	0
0	0
0	0
0	0
0	11
0	0
0	0
0	0
0	0
0	0
0	0
0	0
0	0
1	0
0	182
0	0
0	0
0	5
0	5
0	0
0	0
0	0
0	3
0	0
0	0
0	0
0	0
0	44
0	0
0	862
0	0
0	0
0	0
0	0
0	0
0	0
0	0
0	0
0	0
0	0
0	0
0	1
1	0
0	0
0	0
0	0
0	0
0	0
0	0
0	0
0	0
0	0
0	0
0	0
0	0
0	0
0	0
0	35
0	0
0	0
0	0
0	0
0	0
0	0
0	0
0	0
0	0
0	58
0	0
1	192
0	0
0	48
1	5430
0	466
0	0
0	0
0	0
0	0
0	189
0	14
0	0
0	28
0	2
0	0
0	0
0	0
0	0
0	4
4	0
0	0
0	0
0	0
0	0
0	0
0	0
0	1
0	0
0	0
0	63
0	0
0	0
0	0
0	1
0	0
0	0
0	0
0	3
0	0
0	0
0	0
0	0
0	0
0	0
0	0
0	0
0	0
0	0
0	0
0	0
0	0
0	0
0	0
0	0
0	0
0	0
0	0
0	0
0	0
0	1
0	0
0	0
0	0
0	0
0	0
1	27
0	2799
0	0
0	0
0	17
0	0
1	0
0	0
0	0
0	0
0	0
0	0
0	1
0	0
0	0
0	0
0	0
0	0
0	0
0	0
0	1
0	0
0	230
1	42
0	0
0	26
0	0
0	17
0	0
0	10
0	0
1	146
0	0
0	0
0	0
0	0
0	0
0	0
0	0
0	0
0	42
0	8
4	0
3	0
0	0
0	0
0	0
0	0
0	0
1	3004
0	6
1	17
0	151
0	236
0	0
0	458
0	0
0	0
1	0
0	0
0	5
0	0
1	0
0	0
0	0
0	0
0	0
0	0
1	202
0	0
0	0
0	76
0	0
0	0
0	106
0	0
0	0
1	2
0	2
0	0
0	0
0	0
0	0
0	0
0	0
0	0
0	0
0	6685
0	0
0	0
0	0
0	0
0	0
0	0
0	0
1	361
0	27
0	0
0	0
0	3
0	0
0	0
0	3941
0	0
0	0
0	0
1	0
0	1466
0	0
0	3
0	0
2	5517
0	0
0	0
0	0
0	0
0	0
0	0
0	0
0	0
0	0
0	306
0	5
0	0
0	41
0	0
0	0
0	1694
0	0
0	0
0	100
0	0
2	4725
0	1751
0	1
0	4
0	0
0	1200
0	1053
0	0
0	0
0	0
0	0
0	9
0	0
0	0
0	0
0	0
0	0
0	0
0	0
0	0
1	3
0	2
0	0
0	0
0	52
0	0
0	0
0	0
0	0
0	0
0	0
0	0
0	0
0	0
0	478
0	0
0	0
0	0
0	0
0	1
0	0
0	0
0	19
0	0
0	0
0	0
0	0
0	0
0	0
0	0
0	0
0	0
0	0
0	0
0	0
0	0
1	603
0	0
0	0
0	0
0	0
0	0
0	0
0	0
4	22
0	215
0	0
0	2
0	0
0	0
0	0
0	0
0	0
0	0
0	0
0	81
0	0
0	0
0	0
0	0
0	4
0	60
0	0
3	12
0	0
0	3
0	5
0	0
0	0
0	0
0	0
0	0
0	3
0	0
0	0
0	0
0	0
0	0
0	0
0	0
0	0
0	3
0	6
0	0
0	0
0	0
0	0
0	4
0	0
0	0
0	0
0	0
0	1376
0	0
0	0
0	0
0	0
0	0
0	0
0	0
1	188
4	0
0	0
0	5
0	0
0	0
0	0
0	0
0	17
0	0
3	0
0	0
3	0
0	492
0	6
0	0
6	0
0	0
0	0
0	0
0	0
0	0
0	0
1	6
0	0
0	0
0	0
0	0
0	0
0	0
2	0
4	51
0	0
0	0
0	0
0	12
0	81
0	0
0	0
0	0
0	2567
0	0
0	0
0	0
0	0
0	0
0	0
0	0
1	3
0	0
0	0
0	1
1	0
0	0
0	0
0	17
8	1
0	0
0	0
0	0
0	0
0	1
0	0
0	0
0	1035
0	0
0	0
0	0
0	1
0	0
0	0
1	57
0	0
0	0
0	0
0	2
0	0
1	0
0	0
0	0
0	325
0	1
0	0
0	0
1	0
0	0
0	0
0	0
1	0
0	7
0	13
0	0
0	0
0	0
0	0
0	0
0	0
0	0
0	0
0	0
0	0
0	0
0	0
0	0
0	0
0	0
1	84
0	0
0	0
0	0
0	0
0	278
0	167
0	0
0	0
0	0
0	0
0	0
0	0
0	0
0	0
0	0
0	0
0	0
0	282
0	0
0	105
0	0
7	0
0	0
0	123
0	0
0	0
0	0
0	0
0	0
0	0
0	0
0	0
0	0
0	0
0	2
0	0
0	0
0	0
0	0
0	0
0	0
0	0
0	0
0	0
0	0
0	68
0	0
0	0
0	9
0	0
0	2
1	271
0	38
0	0
0	0
0	0
0	0
0	0
0	0
0	0
0	0
0	0
0	0
0	0
0	0
0	0
0	3
0	0
0	0
0	0
0	0
0	0
0	0
1	22
0	0
0	0
0	3
0	0
0	0
0	7
0	0
0	0
0	0
0	0
0	0
0	0
0	0
0	0
0	550
0	0
0	0
0	13
0	0
0	0
0	3
0	0
0	0
0	0
0	17
0	1
0	0
0	0
0	0
0	0
0	0
0	0
0	0
0	0
0	4
0	0
0	0
0	48
1	3371
0	0
0	0
0	0
0	0
0	107
1	0
0	0
0	3
0	0
0	194
0	0
0	0
0	0
0	0
0	0
0	0
16	2
0	0
0	0
0	0
0	0
0	0
0	0
0	41
0	0
0	0
0	0
0	4
0	0
0	0
0	0
0	0
0	0
1	0
4	1
0	0
0	0
0	0
0	0
0	0
0	155
0	0
0	0
0	0
0	0
0	1
0	0
0	0
0	0
0	0
0	0
1	0
0	0
0	270
0	0
0	4
0	0
0	0
0	0
0	0
0	0
0	556
2	87
3	0
0	0
0	0
0	0
1	13
0	0
0	0
0	624
10	22
0	0
0	3
0	0
0	0
0	775
0	0
0	0
1	0
0	2815
0	0
0	0
0	0
0	0
0	0
1	1
0	438
0	0
0	21
0	0
0	0
0	243
0	30
0	2
0	0
1	0
0	0
0	0
0	0
0	0
0	0
0	0
0	0
0	7
0	0
0	5
1	0
0	0
2	16
0	0
0	0
0	0
0	0
1	0
0	0
0	0
0	0
0	0
0	18
0	1
0	0
0	0
0	0
0	0
0	0
0	12781
0	0
0	0
0	0
0	0
0	0
0	0
0	0
0	0
0	5
0	0
0	28
0	0
0	123
0	0
0	0
0	0
0	0
3	7
0	0
0	0
0	0
0	0
3	0
0	0
0	0
0	0
0	0
0	0
0	0
0	0
0	0
0	0
0	0
0	0
0	0
0	0
0	0
0	1
2	1
0	0
0	0
0	1
2	0
0	872
1	2165
0	0
0	0
0	0
0	0
0	1
0	0
0	0
0	0
0	0
0	0
0	0
0	2019
0	0
0	0
0	2
0	0
0	0
0	0
0	0
0	0
0	0
0	6
0	0
2	58
0	0
0	0
0	0
0	0
4	23156
0	114
0	0
0	0
0	0
0	0
0	0
0	0
1	1
2	0
0	0
0	0
0	0
0	0
0	0
0	0
0	0
3	18952
0	0
0	0
0	0
0	0
0	846
2	0
0	0
0	0
0	0
0	0
0	0
0	0
0	0
1	12
0	0
0	0
0	0
0	0
0	0
0	1
0	0
0	0
0	0
0	2
2	21
0	0
0	0
0	0
0	0
0	0
1	0
0	5
0	0
0	0
0	1
0	0
0	0
0	35
0	0
0	0
0	0
0	0
0	0
0	41
0	0
0	0
1	1
0	0
0	0
0	17
0	0
1	599
0	1144
0	0
0	0
0	0
0	0
0	0
1	0
0	0
0	0
0	0
0	0
1	197
0	0
0	1
0	0
0	0
0	0
0	0
0	4
0	0
0	0
0	0
0	0
0	0
0	0
0	0
0	0
0	4
0	0
0	0
0	0
0	0
0	0
0	0
0	0
0	1594
0	0
0	0
0	0
0	0
0	0
0	0
0	0
0	3
0	0
0	0
0	0
0	0
0	0
0	0
0	2
0	0
0	0
0	0
0	31
0	0
3	21
0	1
0	8
2	1
0	0
0	0
0	1019
0	0
0	0
0	0
0	5
0	0
0	0
0	0
0	0
0	5
0	0
0	0
0	0
0	0
1	0
0	52
0	0
0	0
0	0
0	0
0	68
0	0
0	0
0	0
0	0
0	0
0	0
0	0
0	0
0	0
0	353
0	0
0	0
0	0
0	0
1	0
0	0
0	0
0	0
0	0
0	0
0	0
0	0
0	0
0	0
0	0
0	0
0	53
0	0
0	0
0	0
0	0
0	0
0	16
0	0
0	0
0	0
0	0
0	0
0	1
0	0
0	0
0	0
0	0
0	0
0	0
0	0
0	0
0	41
0	0
0	0
0	14
0	0
0	0
0	1
0	0
0	0
0	0
0	0
0	0
1	0
0	0
0	0
0	0
0	0
1	0
0	0
0	0
0	0
0	0
0	0
0	0
0	0
35	3897
0	564
0	0
0	0
0	0
0	0
0	0
0	0
0	0
0	5
0	1
0	0
0	0
0	0
0	0
0	0
0	0
0	0
0	0
0	1
0	0
0	0
0	0
0	1
0	0
0	0
0	0
0	0
0	0
0	0
0	0
0	0
0	0
0	0
0	0
0	0
0	0
0	70
0	0
0	0
0	0
0	0
0	0
0	0
0	0
0	0
0	0
0	84
1	8230
0	33
0	0
1	0
0	0
0	19
0	0
0	0
1	50
0	0
1	3
0	0
0	0
0	0
7	39
0	1
0	0
0	0
0	0
0	52
0	340
0	3
0	0
0	0
1	252
0	3
0	0
0	0
0	35
0	0
1	0
0	0
0	0
0	0
0	594
0	0
0	42
0	97
0	0
0	0
0	0
1	0
0	0
0	0
1	9
1	408
0	0
1	0
0	0
0	0
0	0
0	0
0	0
0	0
0	0
0	320
0	0
0	0
0	0
0	0
0	3
0	0
0	0
13	13
0	342
0	0
0	0
0	0
0	1439
1	0
0	0
0	0
1	8
0	0
0	8
0	0
0	0
0	0
0	47
1	104
0	1
0	0
0	13
0	0
0	0
0	63
0	0
0	0
0	0
0	194
0	0
0	0
0	309
0	0
0	0
0	0
0	1
0	0
0	0
0	0
0	0
2	3521
0	0
0	0
0	32
1	670
0	0
0	538
0	0
0	22
0	2
0	0
0	0
0	0
0	0
0	0
0	0
0	0
0	736
0	0
0	0
0	0
0	0
4	7639
0	0
0	0
0	0
0	0
0	0
0	0
0	0
2	1
0	0
1	0
0	5
0	38
0	0
0	0
0	0
0	267
0	0
0	0
1	4060
0	0
1	0
0	0
0	0
0	0
0	0
0	0
1	0
0	0
0	0
0	0
0	0
0	0
0	8
0	0
0	42
0	0
0	0
0	0
0	0
0	80
0	0
0	0
1	4417
0	1845
0	3
0	0
0	0
0	0
0	0
0	0
0	0
3	9703
0	0
0	0
0	0
0	0
0	2
0	0
0	0
0	0
0	0
0	0
0	0
0	0
0	0
0	0
0	0
0	0
1	2
0	0
0	0
5	2
0	0
0	0
0	0
0	3
0	0
0	0
0	0
0	0
0	0
0	0
1	0
0	0
0	0
0	0
0	0
0	5
0	0
1	0
2	4273
0	0
0	0
0	0
0	0
0	0
3	0
0	0
0	0
0	0
0	0
0	0
0	6
0	445
0	6641
0	0
0	0
0	0
0	0
0	0
0	0
1	19396
0	0
0	0
0	0
1	0
0	3
0	0
0	0
0	2
0	0
0	0
0	12
0	0
0	0
0	0
0	0
0	0
0	0
0	0
0	0
0	0
0	0
0	0
0	0
0	0
0	0
1	0
0	0
1	0
0	0
0	0
0	0
0	0
0	11
0	0
0	0
0	0
0	17
0	0
0	0
0	0
0	0
0	0
0	6
0	0
0	0
0	34
0	0
0	0
0	0
0	0
0	0
0	1
0	1
0	0
0	0
1	0
0	0
0	87
0	0
0	0
0	0
0	0
0	0
0	2
0	0
0	0
1	7
0	0
0	0
0	0
2	0
0	0
0	0
0	0
0	0
0	0
0	0
0	0
0	0
0	0
0	5
0	0
0	55
0	0
0	4
0	0
0	0
2	0
0	0
0	0
0	0
0	0
0	0
1	5
0	0
0	0
0	0
0	0
0	0
0	0
0	0
0	0
0	0
1	118
0	0
1	4829
0	0
0	1
0	0
0	0
0	0
0	0
0	0
1	11
0	0
0	0
0	0
0	0
0	0
0	0
0	0
0	0
0	0
0	0
0	0
0	0
0	92
0	0
0	0
0	0
0	19
0	0
0	0
0	0
0	318
0	0
0	0
0	0
0	1
0	0
1	0
0	0
0	0
0	864
0	0
0	0
0	0
2	0
1	52
2	0
2	154
0	0
0	6
0	0
0	0
0	0
0	0
1	22
0	3
0	1
0	30
0	0
0	0
0	8612
0	1
0	0
0	0
0	0
0	0
0	0
0	0
0	0
0	3
0	0
3	0
0	0
1	248
0	130
0	0
0	20
0	79
0	0
0	0
0	38
0	0
0	0
0	0
0	0
0	0
0	0
2	5
0	0
0	0
0	0
0	0
0	1792
0	0
0	0
0	0
0	0
0	0
0	0
0	2
0	0
0	0
0	0
0	2
0	10
0	0
0	0
0	1
0	250
0	0
0	0
0	0
0	0
0	0
27	0
0	0
0	23
0	0
0	0
0	166
0	0
0	0
0	0
0	0
0	0
0	0
0	1049
0	0
0	112
0	0
0	0
0	0
0	0
43	28562
11	4
0	0
0	3275
0	0
0	34
0	0
0	33
0	0
2	0
0	0
0	0
0	0
0	0
6	228
0	0
5	51
1	2
0	145
1	0
0	0
3	0
0	0
0	0
0	0
0	0
0	0
0	0
0	0
0	0
0	0
0	0
0	0
0	0
0	0
1	0
0	3
0	0
0	0
0	0
0	0
0	0
0	0
0	15
0	0
0	3414
0	0
0	0
0	0
0	0
0	0
0	0
0	1
0	290
0	0
0	0
0	2
0	0
0	0
0	1
0	87
0	0
0	0
0	0
0	0
0	215
0	0
0	0
0	3
1	0
0	0
0	0
0	0
0	0
0	0
5	8
0	0
0	0
0	0
0	0
0	0
0	0
0	0
0	116
0	0
0	2
0	0
0	0
0	0
0	0
0	0
0	0
0	0
0	0
0	4
0	0
7	1218
0	0
0	0
0	0
0	0
0	0
0	0
0	0
0	0
0	0
0	0
11	26
0	0
0	0
0	0
0	0
0	0
0	0
0	0
0	0
0	0
0	0
0	0
0	0
0	0
0	0
0	0
0	0
0	0
0	0
0	0
0	0
0	0
0	0
0	0
0	0
0	0
0	0
0	0
0	1
0	0
0	0
0	5
0	0
0	0
0	3
0	0
0	0
0	0
1	0
0	0
0	0
0	0
0	0
0	0
1	5
0	0
0	0
0	0
0	0
0	0
0	0
0	0
0	0
0	0
5	823
0	0
0	0
0	0
0	0
0	0
2	0
0	3
0	0
0	0
1	0
2	0
0	0
1	0
0	0
0	0
0	0
0	0
0	0
0	0
0	0
1	0
0	0
0	0
0	0
0	0
0	0
0	0
5	0
0	0
1	0
0	0
0	0
1	0
0	0
0	0
0	0
4	17757
0	0
0	0
0	0
0	0
0	0
0	0
0	706
0	0
0	0
0	49
0	0
0	0
0	0
0	0
1	0
0	0
0	0
0	0
0	0
0	1
0	0
0	114
0	38
0	0
1	1601
0	0
0	1
0	0
0	0
0	0
0	0
1	0
0	0
0	969
0	0
21	0
0	1
0	0
0	0
1	0
0	0
0	0
0	0
0	0
0	60
0	0
0	0
0	0
0	0
0	0
8	0
0	8
0	0
0	0
0	0
0	0
0	0
0	167
0	0
0	0
0	0
0	0
6	2
0	777
0	0
0	0
1	25
0	0
2	2173
0	0
0	0
0	0
0	3970
0	546
1	0
0	0
0	0
0	0
0	0
0	66
0	0
0	2
0	3
0	18
0	262
0	0
0	0
0	0
0	0
0	261
0	0
0	0
0	0
0	264
0	3
0	0
0	0
0	0
0	0
0	28
1	0
0	0
0	0
0	489
0	0
1	0
0	772
0	1
0	0
0	0
0	0
0	0
0	7
0	0
0	0
0	0
0	2
0	9
0	0
0	0
0	0
0	0
0	0
0	0
0	0
0	0
0	0
0	364
0	0
0	0
1	3221
2	0
0	0
0	0
0	0
0	0
0	0
0	2
0	0
0	0
0	48
0	0
1	14281
0	74
0	0
0	20
0	0
0	0
0	0
0	1
0	1
0	0
0	0
0	0
0	0
0	89
0	0
0	364
0	0
0	0
0	0
0	0
0	0
0	0
0	0
0	0
0	0
0	0
0	0
6	0
0	0
0	0
0	0
0	52
0	0
0	0
0	0
0	0
0	0
0	0
0	0
0	0
0	0
17	0
27	3
0	0
0	19
0	0
0	0
0	1630
0	0
0	0
0	0
0	0
0	0
0	0
0	0
0	0
0	0
1	1
0	0
0	0
0	0
0	22
3	0
0	0
0	0
0	0
0	0
0	9
0	4
0	0
0	0
0	0
0	0
0	0
0	5
0	0
115	2
0	0
0	0
0	0
0	0
2	0
0	0
0	1
0	0
0	0
0	0
0	0
0	0
0	184
0	629
0	19
0	0
0	0
0	4
0	1
0	0
0	0
0	0
0	0
0	18
0	0
0	0
0	0
1	1
3	3
0	0
0	0
2	31
0	121
0	0
0	0
0	0
0	95
0	0
2	0
1	1473
0	0
0	33
0	0
0	0
0	0
2	94
0	0
0	0
0	0
0	0
0	0
0	0
0	0
0	0
0	1
0	0
0	0
0	3
0	5
0	1
0	1
0	0
0	0
0	306
1	0
0	0
0	28
0	0
6	1
0	0
0	0
0	0
0	50
0	0
0	0
0	0
0	0
0	0
0	0
0	0
0	1
0	0
0	0
0	0
3	0
0	1302
0	0
0	0
0	0
0	0
0	230
0	0
0	0
0	0
0	0
0	0
0	0
0	0
0	0
0	0
0	0
0	0
0	282
0	0
0	6
0	0
0	0
0	0
3	3219
0	0
0	2228
0	354
0	0
0	0
0	621
0	0
0	0
0	0
0	0
0	0
0	0
0	0
0	1
0	0
0	1
0	39
1	0
0	1
1	0
0	0
0	0
2	418
2	92
0	0
0	0
0	0
0	0
0	0
0	3
3	0
1	49
0	0
0	1
1	2
0	69
0	0
0	0
0	0
0	0
0	17
0	0
6	6
0	0
0	0
0	0
0	0
0	1
0	0
0	117
0	0
0	1
0	0
0	0
0	0
0	0
0	0
0	21
0	0
0	0
0	4
0	0
0	0
0	0
0	726
0	0
0	0
0	0
0	0
0	0
0	5
0	0
0	0
0	0
0	0
0	0
0	89
0	0
0	0
0	0
25	0
0	0
0	0
0	0
0	0
0	0
0	0
0	0
0	600
0	0
0	0
0	528
0	0
0	0
0	0
1	527
4	0
0	0
0	0
0	0
0	0
0	0
0	0
0	11
0	0
0	0
0	0
0	0
0	0
0	0
0	0
0	0
0	0
0	0
0	0
0	0
0	0
7	148
0	0
0	0
0	0
0	0
0	0
0	0
1	0
0	0
0	15
0	0
0	0
0	0
0	1
0	0
0	30
1	1411
0	0
0	0
0	1
1	37
0	1
0	192
0	259
0	0
0	184
10	0
0	0
0	0
0	0
0	124
0	0
0	0
0	0
0	0
0	5
0	0
0	0
0	1
3	0
0	1
2	30
0	0
0	25
0	0
0	1
0	0
0	0
1	0
0	0
0	0
0	0
0	0
2	17
0	0
0	0
0	0
0	0
0	0
0	537
0	0
0	0
0	0
0	0
0	0
0	4
0	0
0	3273
0	0
1	2
0	0
0	0
0	0
0	0
0	0
0	0
0	0
0	0
1	0
0	2
1	1
0	399
0	94
0	0
0	0
0	0
0	0
0	0
0	0
0	0
0	61
0	0
0	0
0	0
0	0
0	0
0	0
0	932
0	0
5	0
4	339
0	0
0	0
0	0
0	0
0	71
0	0
0	47
0	1
1	38
0	1
1	5
0	121
2	0
0	0
1	0
0	0
0	0
0	40
0	0
1	0
0	0
0	3
0	0
0	39
0	439
0	2
0	0
0	0
0	0
0	0
0	0
0	0
0	0
3	0
0	0
0	0
0	0
8	0
0	0
0	0
0	0
0	0
0	0
0	0
0	0
0	0
0	0
0	1
0	0
0	0
0	51
0	0
0	0
1	9
0	0
0	0
0	0
0	0
0	36
0	0
0	0
0	0
0	1
0	0
0	0
0	88
0	0
0	1
0	0
0	0
0	0
0	0
0	0
0	0
1	0
6	0
0	0
0	0
0	43
0	0
0	0
0	0
0	0
0	0
0	0
0	0
0	0
0	0
0	5
0	0
30	0
0	0
0	0
0	0
0	0
0	604
0	0
0	0
0	93
0	0
1	342
0	1
0	0
2	5
0	2
0	0
0	0
0	19
0	0
5	113595
0	0
0	0
3	9
0	63
0	0
0	0
0	0
0	4
0	1
0	0
0	0
0	0
0	0
0	0
0	0
0	0
0	77
0	0
0	111
0	31
0	0
0	0
0	0
0	2907
0	0
0	0
0	0
1	0
0	11
0	277
0	1
0	0
0	0
0	0
0	0
1	58
0	0
1	190
2	0
0	0
6	0
0	0
0	0
0	0
0	11
0	0
0	0
1	0
0	0
0	0
0	0
1	410
0	0
0	0
0	0
0	0
1	0
0	0
0	0
0	0
15	5
15	4
0	0
0	0
0	0
0	0
1	0
2	511
0	0
0	1
0	0
0	1141
0	0
0	0
0	0
0	0
0	0
0	0
0	0
0	0
0	0
0	0
0	0
0	0
4	0
0	0
0	0
0	0
0	0
0	0
0	0
0	43
0	27
0	17
5	0
1	0
0	8538
0	0
0	0
5	167
0	472
0	0
0	0
0	5
0	1
0	0
0	2898
0	0
0	0
0	0
0	0
0	6
0	172
0	0
0	0
0	0
0	73
0	0
0	366
0	0
0	0
3	4382
0	0
0	0
0	2
0	0
0	0
0	0
0	0
0	0
0	0
0	0
0	1
3	736
0	0
0	0
0	1
0	1
0	9
0	27
0	860
0	0
0	0
0	0
0	0
0	0
0	0
0	0
0	0
0	0
0	38
0	0
2	0
0	0
0	0
0	0
0	0
0	0
0	0
0	0
0	449
0	2
0	0
12	0
5	0
0	0
0	0
0	0
0	9864
0	0
0	0
1	593
0	0
0	0
0	0
0	0
4	48
0	0
0	0
0	0
0	0
0	0
0	0
0	0
0	0
0	0
0	3
0	200
0	33
1	3
0	467
1	0
0	0
1	5
0	0
0	27
0	0
0	2
0	3
0	0
0	1
0	0
3	53
0	0
0	145
4	0
4	0
1	0
0	0
0	0
0	0
0	0
0	0
0	0
0	252
0	0
0	0
0	75
0	1
0	0
0	0
0	358
0	0
0	0
0	1
0	0
0	0
5	4244
1	32
0	0
0	0
0	0
0	0
0	0
0	0
0	0
0	0
0	0
3	3
0	0
0	0
1	374
0	0
0	0
0	0
0	0
0	0
4	875
0	0
0	0
0	0
0	0
0	0
0	6
0	1559
0	0
0	0
0	0
0	0
0	1
0	0
0	0
0	0
0	0
0	0
0	0
0	0
0	0
0	0
0	0
0	0
1	4
1	2452
0	0
0	0
0	0
0	0
0	0
0	29
0	76
0	5
0	5
0	0
2	0
1	4
2	0
0	0
2	3
0	0
0	0
0	0
0	0
0	0
0	0
0	179
0	0
0	0
0	2
0	0
0	0
0	0
0	0
0	389
0	1
0	0
6	0
0	9
0	0
0	51
1	0
1	0
7	0
0	0
0	0
0	15
0	0
0	0
0	0
0	0
0	0
0	0
0	0
0	0
0	1
0	0
0	29
2	71
0	0
0	0
0	0
0	0
2	0
0	3
0	0
0	0
0	0
0	0
0	5
0	706
0	0
0	0
2	131
0	0
0	0
0	0
0	0
0	33
0	0
0	0
0	0
0	0
0	243
0	0
1	28
0	0
0	1430
0	1364
0	848
0	0
1	0
0	0
0	0
0	0
0	0
0	3
0	0
0	1
0	0
0	0
0	0
0	0
0	298
0	0
0	0
0	11
0	0
0	3
0	95
1	82
0	0
0	0
0	5
0	0
0	0
0	0
0	0
0	0
0	1
0	0
0	0
0	0
0	2
0	1
2	0
0	0
0	0
0	0
0	0
0	0
0	0
0	0
0	0
0	0
0	0
0	0
0	0
0	0
0	0
0	110
0	0
0	0
7	320
0	14
0	0
0	0
0	530
0	0
0	0
0	1
0	0
0	0
0	0
0	0
0	0
0	0
0	45
0	1
0	0
0	0
0	0
0	0
0	0
0	0
2	0
0	1
0	0
0	0
0	0
0	0
0	0
0	0
0	0
0	0
0	2
7	0
2	0
0	0
0	0
0	0
0	0
0	0
0	0
0	0
5	0
0	0
0	0
0	0
0	0
0	0
0	1
0	1663
0	0
0	0
0	0
0	0
0	0
0	0
0	3
0	1
0	0
0	0
0	0
0	49
0	0
0	0
0	0
0	0
1	0
0	0
0	914
0	314
0	0
0	1
0	0
0	0
0	0
0	0
0	0
0	0
0	5
0	0
1	33
0	0
0	0
0	0
0	0
0	0
0	0
0	0
0	0
0	0
0	0
0	0
0	0
0	10
0	0
0	0
0	0
0	0
0	0
0	0
0	0
2	212
0	1
1	2
0	147
0	1
0	21
0	281
0	0
0	1
0	0
0	0
0	1
0	0
0	0
0	0
0	0
0	0
1	6
0	0
0	24
2	791
0	0
0	0
0	0
0	0
0	0
0	0
0	0
0	0
0	0
0	0
0	0
0	0
0	2
0	0
0	7
0	0
1	0
0	0
0	0
0	0
0	20
0	48
0	0
0	0
0	1
0	0
0	0
0	0
0	0
0	0
0	62
0	0
0	87
0	0
0	2
0	0
0	0
0	10
0	0
0	0
0	2
0	1
0	0
0	0
0	0
0	0
0	0
0	0
0	1
0	0
0	0
0	0
0	16
0	0
0	2
0	0
0	0
0	1
0	0
0	1
0	0
0	0
0	0
0	0
0	0
2	0
0	0
0	0
6	0
2	0
0	0
0	0
2	112
1	117
0	0
0	0
1	0
2	631
0	0
0	0
0	4897
0	0
0	3
0	0
0	0
0	287
0	0
0	0
0	0
0	0
17	87
0	0
0	12
0	130
1	0
0	0
0	0
0	0
0	1
78	534
46	129
0	0
138	152
0	4
0	0
0	0
0	0
0	0
0	0
0	0
0	1
0	0
0	0
0	2
0	0
1	0
0	32
0	0
0	0
0	0
0	5244
0	0
0	182
0	0
1	8628
1	28
0	0
1	23
15	0
9	116
0	0
0	0
0	0
0	0
0	0
0	0
0	5
0	0
2	296
0	0
0	0
0	0
0	0
0	0
0	0
0	0
0	0
0	0
1	0
0	0
0	0
0	0
0	0
0	0
0	0
0	4243
0	0
0	47
0	0
0	0
0	4
0	0
1	6
0	336
0	0
0	0
0	646
0	1
0	0
0	0
0	0
0	0
0	0
0	0
0	0
0	0
0	0
0	0
24	2
0	0
0	0
0	0
0	0
0	0
0	0
0	0
0	0
0	0
0	3
0	1
0	0
0	0
1	0
0	0
0	0
0	0
0	0
0	0
4	2
0	0
0	0
0	13
0	7
0	2
0	0
0	0
0	0
0	0
0	0
5	8448
1	146
0	0
0	0
0	23
3	2
0	420
0	0
0	0
0	0
0	73
0	0
0	0
0	0
0	14
0	0
0	12
0	0
0	0
0	0
0	0
0	0
0	0
0	0
0	0
0	0
0	0
0	799
1	0
0	0
0	0
8	0
0	1
0	0
0	0
0	0
0	0
1	30
0	0
0	0
0	0
0	0
0	0
0	16
0	1
0	0
0	0
0	0
0	0
0	0
0	0
0	275
0	1
0	0
0	0
0	0
0	0
0	0
0	0
0	2
0	2
0	0
3	3
0	0
0	0
0	0
0	0
0	0
0	1
0	0
0	0
0	0
0	0
0	0
6	0
0	1
0	10
0	137
8	0
0	0
0	0
0	0
0	64
0	0
0	266
2	0
0	0
0	0
0	0
0	0
0	1263
2	0
0	0
0	0
2	0
0	0
0	0
0	0
0	0
0	0
0	0
0	0
0	0
0	0
0	0
0	0
0	0
0	0
1	1
1	96059
0	0
0	0
0	0
0	0
0	0
1	325
0	0
0	0
3	7
0	0
0	1
0	0
1	1
0	0
0	7
0	0
0	0
1	21
0	0
0	0
0	0
0	0
0	0
0	0
0	0
0	0
0	0
0	173
2	14
0	0
0	1
0	0
0	0
0	0
0	0
0	0
0	0
0	0
0	0
0	0
0	0
0	0
0	0
0	4
0	166
2	129
0	0
0	0
1	0
0	396
0	0
0	0
0	2
0	0
0	0
0	0
0	0
0	0
0	0
0	6196
0	0
0	30
0	0
0	5
0	0
0	0
0	0
0	0
1	136
0	0
0	0
2	0
0	0
1	0
0	0
0	0
0	0
0	0
0	0
0	0
0	2
0	0
1	0
2	0
0	0
0	0
0	0
0	0
1	1
0	0
0	2
2	2828
0	0
0	0
0	0
0	0
0	0
0	31
1	754
0	4
0	0
0	11
1	0
0	0
0	0
0	0
0	0
0	0
0	0
0	154
0	0
0	0
0	0
0	0
0	0
0	0
1	64
0	0
0	0
0	0
6	1798
1	5
0	0
0	0
0	0
0	0
0	0
0	0
0	0
0	0
0	0
0	0
0	0
0	0
0	0
0	0
0	1
0	0
0	0
0	0
0	0
0	0
0	0
0	0
0	0
0	0
1	0
0	120
0	0
2	0
1	0
0	1
0	3855
0	0
3	0
0	0
0	0
0	0
0	0
4	0
1	263
0	0
0	0
1	0
0	0
1	22
1	1
0	255
0	0
1	0
0	7
0	0
0	0
0	0
0	0
0	0
5	0
0	0
0	0
0	0
0	3
0	0
0	0
0	0
0	0
0	9
0	0
0	67
0	238
0	0
0	39
0	0
1	0
0	0
0	0
0	0
0	0
4	0
0	0
2	0
1	0
0	0
0	0
0	0
0	0
0	0
0	236
0	0
0	0
0	0
0	8636
0	0
0	0
0	0
0	0
0	2
0	494
0	0
0	0
0	0
0	0
0	0
0	0
5	0
0	0
0	0
0	96
0	0
0	0
0	32
0	0
0	0
0	0
0	0
0	1
0	0
0	0
0	0
0	1519
0	0
3	0
0	0
0	4
0	0
0	0
0	2
0	0
0	0
0	25
0	0
0	0
0	5174
0	0
0	0
0	0
1	0
0	0
0	0
0	55
0	1
1	0
0	0
0	0
0	206
0	0
0	0
0	0
0	0
0	0
0	0
0	0
0	0
0	0
0	20
0	0
0	1
0	0
0	0
0	0
0	8
0	0
0	0
0	0
7	227
0	0
0	0
0	0
0	0
1	604
0	305
0	0
0	0
0	0
0	0
0	26
0	0
1	5
0	0
0	0
0	666
0	0
0	0
0	0
3	102
0	0
0	2939
0	0
0	1
0	0
0	0
3	0
0	0
0	0
0	132
0	0
0	380
0	0
0	0
0	12
0	0
0	26
0	5
0	0
0	0
0	0
0	0
1	0
0	0
0	1031
0	0
0	17
0	0
0	0
0	0
0	0
0	0
0	0
0	6
0	0
1	0
0	1
1	120
0	0
2	192
0	0
0	48
0	0
2	25817
0	494
0	927
0	0
0	0
0	107
0	0
0	0
0	1
0	0
0	0
0	1
0	0
1	0
0	0
0	22
0	15
0	364
0	0
0	0
0	0
7	345
0	0
0	0
2	6472
0	0
2	10
0	0
0	0
0	0
0	0
0	0
0	8
0	0
0	0
0	0
0	0
0	0
0	5
0	0
0	0
0	4725
2	3835
0	0
0	593
0	0
0	0
0	1
0	0
0	0
0	0
0	0
0	0
0	0
0	2
0	0
0	0
0	0
0	0
0	3406
0	0
0	0
0	0
0	67
0	78
0	28
0	0
0	5197
0	0
0	3
0	0
0	0
0	0
1	3
0	8
0	0
9	48
0	0
0	0
0	0
0	0
0	0
1	1960
0	0
0	0
0	1573
0	0
0	0
0	0
0	0
0	0
0	0
0	0
2	102
0	0
0	0
0	0
0	6
14	1
0	0
0	0
0	0
0	0
0	0
0	3
0	0
0	0
0	66
0	0
0	0
0	2
0	0
0	0
0	3
0	3
0	0
0	0
0	0
0	0
0	0
0	9
0	0
0	19
0	0
0	8
44	0
0	0
0	0
5	0
0	0
0	0
0	0
0	0
0	19
0	0
0	0
0	0
0	0
3	2063
0	0
0	0
9	17
0	0
0	0
2	0
0	0
0	0
0	2468
22	1
0	3
0	0
0	0
0	16
0	0
0	13
0	8
0	0
0	0
0	0
0	0
0	5
0	0
0	0
0	1304
0	0
0	0
0	0
0	0
0	0
0	2
1	11
0	10370
0	0
0	0
0	3229
0	1
0	0
0	0
0	0
0	0
0	29
0	211
0	0
0	0
0	61
0	0
0	0
0	0
0	0
0	816
0	0
3	14275
0	76
0	0
0	0
0	0
0	0
0	0
0	0
0	0
1	3
0	0
2	8
0	22
0	0
0	0
0	0
9	2197
0	0
0	73
6	315
0	0
0	0
0	0
0	3
0	0
0	0
0	0
0	0
0	0
0	340
0	0
2	0
0	0
0	0
0	0
1	2
0	48
1	0
0	0
3	0
0	0
0	0
0	0
0	0
0	0
5	10
0	93
0	0
0	0
0	0
4	0
0	0
0	0
0	89
0	0
0	0
1	0
0	0
0	0
0	0
0	0
0	0
0	0
0	0
3	5
0	0
0	9591
0	0
0	78
0	0
0	0
0	0
0	9
0	0
0	0
0	0
0	0
0	8
0	0
0	0
3	45
0	130
0	172
0	0
1	9
0	0
0	0
9	0
0	0
0	0
0	0
0	0
0	2
0	24
0	0
1	0
0	0
0	5
6	0
0	6
0	0
0	0
0	0
0	0
0	0
0	0
0	0
1	0
0	0
0	0
0	1
0	0
0	0
0	0
0	13
0	0
6	96
0	0
0	0
0	0
0	0
0	0
0	0
0	5
1	1
0	0
0	1
0	0
0	62
0	0
0	0
0	0
0	0
0	0
0	0
0	1
0	0
0	0
0	6815
0	0
0	0
0	0
80	33
0	0
0	0
0	0
1	4
0	0
0	0
0	0
0	0
0	4
0	1
0	0
0	0
0	0
0	0
0	0
1	0
0	0
0	0
0	0
0	0
0	0
1	0
0	0
1	0
0	0
0	4
0	0
0	0
0	1
0	0
0	0
0	0
0	0
0	0
2	0
0	0
0	19
0	0
1	0
0	0
0	0
0	0
0	0
1	0
0	0
0	0
0	0
0	1
0	0
0	0
0	0
0	0
1	1
0	0
0	0
0	220
0	0
0	0
0	0
0	0
0	0
0	0
1	0
0	6733
0	215
0	0
0	0
1	12
0	0
0	0
0	28
0	0
0	0
0	0
0	0
0	0
0	0
0	0
0	0
0	0
0	0
1	386
0	1
0	1
0	0
0	0
0	0
0	0
0	0
0	0
0	0
0	1437
0	1
3	0
25	0
0	75
0	0
0	2792
0	0
2	0
1	19
0	0
0	0
2	2313
0	0
0	0
0	0
0	0
0	0
3	0
0	0
0	0
0	630
0	0
0	0
1	0
0	0
0	0
0	0
0	0
0	0
9	95
0	12
0	0
0	292
0	0
2	3
1	1
0	0
0	1
0	0
16	47
2	10
0	0
0	1
0	0
0	0
3	0
0	178
0	0
1	65
4	31
7	0
0	0
0	1
0	122
0	0
0	248
0	0
0	86
0	6
0	0
0	0
0	0
0	0
0	0
0	0
0	0
0	0
0	0
0	3
1	375
0	1
0	0
0	0
0	0
0	0
0	7
0	0
0	0
0	0
0	0
0	0
0	0
1	0
0	0
0	7
0	0
0	0
0	0
2	0
0	976
0	0
0	0
0	0
2	0
0	0
0	0
0	0
0	28
6	112
0	0
3	76
0	0
0	163
0	0
0	0
0	0
0	0
0	0
0	0
0	0
0	259
2	1304
0	0
0	0
0	0
0	0
0	0
0	0
0	0
0	0
0	1
0	2817
0	7
0	0
0	0
0	0
0	0
0	0
0	0
0	0
2	6
0	1
0	0
0	0
0	0
0	0
0	0
0	0
0	0
0	55
0	0
0	16
0	0
0	0
0	0
0	0
0	0
0	0
0	0
0	3
0	21
0	0
0	0
2	0
0	1
0	9
0	0
0	55
0	0
0	271
0	0
0	0
0	0
0	0
0	2
0	0
0	8
0	0
0	0
0	34
0	0
0	0
1	1
0	0
0	0
0	0
0	0
0	0
0	0
0	0
0	0
0	40
0	8
0	2
0	62
0	0
1	0
0	0
0	0
0	0
5	967
0	6
0	0
0	0
0	0
0	0
0	0
0	0
0	0
0	0
1	0
0	0
0	56
0	0
0	0
0	0
0	0
0	0
0	0
1	0
0	0
0	0
6	0
0	0
0	0
0	0
0	887
0	0
0	0
0	9924
0	48
0	0
0	0
0	0
1	274
4	2263
0	0
0	37
0	0
0	0
0	0
0	0
1	72
0	0
0	6
0	0
2	0
0	0
1	0
0	0
0	0
0	0
2	954
15	0
1	0
0	0
0	1
0	0
0	0
0	0
0	0
0	0
1	19
0	0
0	0
0	306
0	0
0	0
0	0
0	0
0	2
0	0
0	0
0	0
0	0
0	0
0	2406
0	1
0	0
0	0
0	0
0	0
0	0
0	61
0	0
0	28
0	0
0	0
0	0
0	0
0	0
0	0
0	0
0	0
0	0
0	0
0	0
0	0
0	26
0	0
0	0
0	0
0	0
0	0
2	0
0	0
5	0
0	1
0	0
1	0
0	0
0	0
0	3
1	67
0	0
0	0
0	0
0	0
0	0
0	0
15	0
0	0
0	0
0	0
1	0
0	0
1	0
0	0
0	0
1	149
0	0
0	0
0	0
0	0
0	0
0	0
1	426
0	0
0	0
0	0
0	0
0	0
0	3854
0	31
0	2649
0	2
0	0
0	0
0	0
5	0
0	0
145	0
0	0
0	10
0	97
0	0
0	0
0	2
0	0
0	0
1	0
0	0
0	0
1	5
0	0
0	0
0	0
0	0
0	0
0	0
0	12
0	0
0	12
0	589
0	0
2	2020
0	0
0	7
0	155
0	0
0	0
0	0
0	51
0	0
0	26
0	0
0	0
0	36
4	35
0	1
0	0
0	59
0	0
0	0
0	0
0	0
0	0
0	0
0	0
0	0
0	0
0	0
3	0
0	0
0	0
0	0
0	5
0	0
0	4
0	0
0	0
0	0
0	11
2	0
0	0
0	0
0	0
0	0
0	0
0	0
0	0
0	0
0	0
0	0
1	1097
0	0
1	0
0	0
0	0
0	0
0	0
0	69
4	0
13	0
0	3
0	0
0	0
0	0
1	18
0	0
0	0
0	0
0	0
0	0
0	12
0	0
0	0
0	0
0	41
0	241
0	0
0	0
0	0
1	615
0	421
0	0
0	0
0	38
1	0
0	0
0	10
0	1
0	0
0	181
0	0
0	0
0	0
0	0
0	0
0	0
0	0
0	0
0	0
0	0
0	0
0	16
0	0
0	0
0	0
2	0
0	0
0	0
0	71
1	14
0	4
0	4
0	0
0	0
0	2873
0	0
1	0
0	12
0	0
1	0
1	734
0	2
0	0
0	3
0	0
0	0
1	0
0	0
0	0
0	0
0	0
0	0
0	0
0	0
0	0
0	0
0	0
0	0
0	0
0	0
0	32
0	0
0	0
0	0
0	1252
0	3
1	0
0	0
1	4220
0	0
0	0
0	0
0	0
2	2356
0	0
0	0
0	0
0	0
0	4
1	0
0	0
0	0
0	0
0	0
7	0
1	0
0	0
0	0
0	192
0	0
0	0
0	0
0	0
0	0
0	171
0	199
0	0
0	13
0	0
0	0
0	0
0	0
0	0
0	0
0	0
0	0
0	0
0	0
0	0
0	1703
0	0
0	1
0	0
0	1
0	0
0	15
0	0
0	0
0	0
0	0
0	0
0	0
0	0
0	0
0	0
0	0
0	0
0	1
0	0
0	0
0	3
0	275
0	112
0	0
0	0
1	19
5	0
0	0
0	0
0	245
0	0
0	1
1	764
0	1276
0	0
0	0
0	0
0	1
0	0
0	0
0	0
0	30
0	0
0	0
0	0
0	0
0	0
0	0
0	0
0	0
1	0
0	0
0	0
1	0
0	0
0	0
0	0
0	0
0	0
0	0
0	0
0	0
1	0
0	0
0	0
0	0
0	0
0	0
0	0
0	0
0	0
0	0
0	0
0	0
0	0
0	0
0	0
0	0
0	0
8	0
0	0
0	0
1	0
0	0
0	0
0	0
0	0
0	1
0	0
0	0
0	0
0	0
0	0
0	0
1	0
0	0
0	0
0	0
0	0
0	0
0	60
0	0
0	0
0	0
0	0
0	0
0	0
0	0
0	0
1	0
0	0
0	0
0	0
0	0
0	0
0	0
0	0
0	0
0	0
0	0
0	0
0	4
2	3
0	2
0	1
0	1
2	0
0	0
0	0
0	0
0	0
0	0
3	0
0	0
0	0
0	0
0	0
0	0
0	0
0	0
0	0
0	0
0	0
0	0
0	6
0	1
0	0
0	0
0	7
0	7
0	5
0	12660
0	8692
0	10772
0	26
0	11
0	5
0	0
0	43
0	41
0	1
0	1
0	5
1	0
4	9
0	149
0	0
0	1
0	1
0	0
0	0
0	0
0	0
0	0
0	0
0	0
0	0
0	9
0	0
0	0
1	20
0	0
0	0
0	0
0	0
0	0
0	0
0	0
0	0
0	0
2	0
0	1
9	7
0	7
0	13868
0	11217
0	5647
0	5692
0	122
0	3
0	3
0	0
0	0
0	0
1	3
0	141
0	58
0	3
0	0
0	0
1	0
0	0
5	6171
0	2371
0	0
0	0
0	0
0	0
0	0
0	0
0	0
0	0
0	0
4	2
0	2
0	0
0	0
0	0
2	3
1	3
0	0
0	0
0	0
0	0
0	0
0	0
0	0
0	0
0	0
0	3
0	6
0	4
0	0
0	0
44	3
0	0
0	0
0	0
0	0
0	0
0	0
0	0
246	23
713	269
0	122
0	29
0	82
0	69
0	147
0	20
0	20
14	9
1	0
0	0
1	637
0	389
0	275
0	0
0	0
0	0
0	0
1	379
0	0
0	0
0	6
0	0
18	495
2	271
142	446
0	340
0	124
0	138
2356	331
0	260
18	60
4	70
11	247
0	271
0	339
0	776
0	55
12	522
427	2
0	123
1	0
0	0
0	195
2	10
7	68
0	0
0	2
0	0
0	0
0	0
0	0
0	0
0	0
0	0
0	0
0	28
62	15
87	0
0	0
0	0
0	0
0	0
0	0
18	5
5	5
0	3
7	206
8	206
0	0
0	1
0	975
0	0
0	0
8	118
0	113
8	0
1	14
13	12
0	14
0	0
0	0
0	0
0	0
7	0
0	21
0	4
0	10
0	9
0	11
0	3
0	15
0	17
537	331
0	212
5	182
24	172
0	0
0	0
0	0
0	0
0	0
0	26
0	22
0	25
0	1
0	0
1	1
0	0
0	0
0	0
0	0
0	0
1	0
0	0
0	0
0	0
42	0
0	0
1	377
0	370
0	320
0	283
0	259
25	32
0	0
0	0
0	0
0	0
0	0
0	0
0	0
0	0
0	0
1	13
5	110
0	20
0	6
0	1
0	24
0	8
0	8
4	4
0	11
0	7
14	105
0	15
0	0
0	16
0	81
0	14
0	11
0	0
0	0
0	0
2	4
16	99
0	99
0	0
0	0
0	0
0	0
0	0
0	0
11	7
38	16
1	0
0	0
0	49
0	47
0	111
0	62
0	1
0	2665
1	3440
2	2
0	11
1	5
22	11
0	11
0	10
1	0
0	0
3	0
1	2
0	2
0	0
0	0
0	0
0	0
2	2
0	1
0	70
0	0
11	0
0	0
0	0
0	0
0	0
0	0
0	0
0	0
0	0
0	0
0	0
0	0
0	0
0	0
0	0
0	0
0	168
0	72
0	2
1	5
0	1
0	0
0	2
0	2
0	0
0	0
0	2343
0	0
10	142
8	54
1	114
0	109
0	14
15	64
0	50
0	0
0	0
0	0
0	0
0	0
0	0
11	3
0	3
0	0
0	0
0	56
0	164
1	0
0	0
0	0
0	0
0	0
0	0
0	0
0	2692
0	1999
0	0
0	0
0	0
1	1
0	5
0	0
0	0
0	0
0	0
0	0
0	0
0	0
0	4
0	1
0	0
0	522
0	522
0	0
0	0
0	0
1	0
0	1430
0	0
39	45
6	67
0	1
0	0
0	0
0	0
0	0
0	0
2	15
0	15
0	0
0	0
0	46
0	46
0	0
0	0
0	2
0	1
0	0
0	0
2	0
0	0
0	0
266	25
0	25
0	43
0	0
0	0
0	0
0	0
0	0
0	0
0	0
0	0
0	239
0	239
1	8111
0	5141
0	0
1	0
1	0
0	5
0	5
0	0
0	0
0	17
0	0
0	0
0	0
0	0
0	0
0	20
0	0
0	0
0	0
0	0
0	8566
0	7998
0	0
0	0
0	0
0	0
0	0
0	0
0	0
0	0
0	0
0	0
1	0
2	0
0	0
0	0
0	4
0	4
0	4
0	523
0	501
0	1
0	1
1	3
1	3
0	0
0	2
0	2
1	0
0	0
0	158
0	155
10	0
1	0
0	0
0	0
1	0
0	0
0	0
0	0
0	1
1	2
0	2
5	559
0	546
0	0
0	0
0	0
0	0
0	18
0	18
0	18
0	18
0	16
0	0
0	0
0	0
0	0
0	0
0	0
0	0
0	0
0	0
0	0
0	0
0	0
2	107
291	1066
172	527
0	303
0	1
0	2
0	1
1	0
0	1
0	1
0	0
0	0
4	0
0	0
37	35
0	35
0	774
0	479
1	0
0	0
6	9
0	9
0	0
0	399
0	285
0	1
0	1
0	0
0	0
16	4
0	2
0	0
0	0
2	14
3	3
3	484
0	0
0	0
0	0
0	0
0	2
0	0
0	0
0	0
0	0
0	0
1	193
0	102
0	0
0	0
0	0
0	0
0	0
0	0
0	0
0	0
1	2
0	2
0	16
0	16
0	0
1	0
2	0
0	0
0	0
0	0
0	1
0	0
0	931
0	931
13	436
0	3
12	8846
0	0
0	0
0	0
0	0
0	0
0	0
0	3
0	3
0	21
4	21
0	2
0	0
0	2
0	1
0	1
0	1
0	2
0	1
0	1
0	1
0	0
0	0
0	0
0	0
0	98
0	1
0	18
0	0
0	0
27	0
0	0
3	1
0	1
0	1
0	0
0	0
0	0
0	0
0	0
0	7
0	0
0	0
0	1
0	1
0	0
0	1
0	0
0	0
0	1
0	1
0	0
0	0
0	1
0	1
0	0
0	1
0	0
0	0
0	0
0	0
0	1
0	1
0	1
0	0
0	0
0	1
0	1
0	0
0	0
0	1
0	0
0	1
0	0
0	1
0	1
0	1
0	1
0	1
0	1
0	2
0	1
0	0
0	0
0	0
0	0
1	0
0	0
0	0
0	56
6	335
0	256
0	0
0	0
0	0
0	0
0	8
0	2
0	8
0	7
0	0
0	0
0	0
1	1566
0	1548
0	0
0	0
1	155
0	7
0	0
0	0
0	0
0	0
0	0
0	0
0	0
0	0
0	0
0	0
0	0
0	0
0	18
0	0
0	21
0	21
0	16
0	21
0	18
0	15
4	5
0	4
2	6
0	1
0	6
0	1
0	4
0	7
0	4
1	5
0	2
0	0
0	0
0	0
0	0
0	0
0	0
1	0
0	0
0	0
1	1
0	6
2	154
2	1
0	168
0	0
0	0
2	81
0	1
1	80
0	0
0	0
10	0
0	0
0	0
0	0
0	0
0	0
0	0
0	0
0	0
0	0
2	7
0	5
16	496
0	319
0	212
4	17
0	0
0	0
18	36
47	172
0	181
0	32
0	33
0	0
0	0
3	0
0	0
0	0
0	0
0	0
0	4
2	15
0	0
0	0
0	0
0	0
0	0
0	0
0	0
0	0
0	0
0	0
0	0
0	0
0	0
0	0
0	0
0	0
0	0
0	0
0	0
23	61
0	61
0	0
0	0
0	4
0	4
7	0
0	0
2	0
0	0
0	1
0	1
1	0
0	0
0	1
0	0
0	0
0	1
0	1514
14	384
0	297
10	1
1	1
0	1
0	0
0	0
0	0
0	0
0	0
0	0
0	0
1	7
0	5
0	4
0	8
0	7
0	2
0	72
0	0
0	0
0	0
0	0
0	0
0	7
0	7
0	7
0	0
0	3
1	1
0	0
0	8
0	8
0	0
1	0
0	0
0	0
1	985
0	177
0	177
0	177
0	0
0	0
0	0
0	4
0	0
5	14
0	14
15	1
1	219
0	894
161	1401
0	26
0	0
0	0
0	0
1	13
0	0
0	2
0	2
1	3
0	7
13	18
2	18
0	0
0	0
14	918
7	687
2	4099
0	0
0	14
0	1
0	1
0	0
0	0
0	3
2	1
0	0
0	29
0	7
0	314
0	230
0	0
0	0
0	0
0	0
0	0
0	0
0	0
4	1
0	9
5	5
11	0
4	4
0	22
0	20
0	0
0	0
10	26
0	19
1	1
4	25
0	9
0	0
0	13
0	0
0	0
0	1
0	0
0	603
0	308
0	0
0	0
0	0
0	0
1	40
0	41
0	37
0	29
0	6
0	6
0	2
0	1
1	1
0	1
0	1
0	0
0	1
0	1
9	0
0	3
0	14
0	6
0	4
102	78
0	78
0	3
0	7
0	2
1	0
0	0
0	0
0	1
0	0
0	0
0	86
0	52
7	3
0	3
0	181
0	0
0	0
5	54
24	35
0	35
0	1
0	0
0	1
0	1
0	0
0	0
0	0
0	0
0	0
0	0
0	0
1	0
2	0
0	0
2	7
0	6
4	1
0	1
0	1
0	1
0	0
0	0
0	0
0	0
1	14
0	0
0	0
0	0
0	0
0	1
0	1
0	1
0	0
0	4
0	4
3	0
0	0
22	20
0	20
5	1141
0	1141
0	991
0	0
0	0
2	7
0	7
0	0
0	0
39	8
91	8
0	5
5	7
9	5
1	7
0	2
0	0
0	0
0	0
0	0
0	0
4	0
0	1
0	2170
0	96
6	1040
15	36
5	1599
0	0
0	0
0	0
0	0
0	0
0	0
54	77
2	77
0	0
0	1
0	1
3	6543
0	4085
0	0
0	0
0	0
3	0
0	0
0	0
0	0
4	0
2	0
0	0
0	0
0	0
0	1
0	0
0	0
0	0
0	0
0	0
1	1
0	1
0	1
0	1
29	81
0	50
0	0
13	2
2	2
0	0
0	0
10	0
0	0
0	0
0	0
1	165
1	161
8	4
1	0
0	374
0	1
71	110
0	71
0	0
0	0
0	0
0	0
0	0
0	14
0	63
0	128
0	10
0	0
0	0
0	0
0	0
0	1
0	1
0	1
0	41
1	12
0	0
0	0
0	0
0	0
0	1
0	0
0	0
158	56
0	56
0	1
0	1
0	150
0	0
0	0
0	0
0	0
0	0
0	0
0	756
0	0
0	0
7	0
7	0
1	0
0	0
26	24
1	0
4	24
0	2
0	0
0	0
2	2
0	2
0	3
0	4031
0	0
0	0
0	110
0	228
50	0
2	1
0	1
0	99
0	0
0	0
0	0
0	0
0	0
0	0
0	0
0	0
0	0
0	0
0	0
0	0
0	0
0	0
0	0
0	0
0	0
0	0
0	0
0	0
0	0
0	0
0	0
0	0
0	4
0	0
0	0
0	0
0	0
0	1
0	0
0	0
0	0
0	0
0	0
0	35
0	10
0	0
0	0
0	0
0	11
0	0
0	0
0	0
0	0
0	0
0	0
0	1
0	0
0	226
0	210
0	170
0	0
0	8
0	0
0	0
0	0
0	1
0	0
0	2
0	0
0	4
0	0
0	1
0	1
0	0
0	0
0	0
0	7
0	0
0	5
0	1
0	0
0	0
0	2
0	143
0	0
0	0
0	0
0	0
0	0
0	368
0	368
0	93
0	146
0	0
0	24
0	0
0	0
0	0
0	0
0	0
0	0
0	0
0	0
0	0
0	0
0	0
0	0
0	0
0	0
0	0
0	0
0	3
0	0
0	0
0	4
0	3
0	3
0	0
0	0
0	0
0	0
0	0
0	0
0	0
0	0
0	0
0	0
0	0
0	0
0	0
0	0
0	0
0	0
0	0
0	0
0	0
0	0
0	1
0	0
0	0
0	1
0	160
0	0
0	0
0	0
0	0
1	2
0	0
0	0
0	0
0	0
0	1
0	0
0	0
0	0
0	4
0	0
0	4
0	0
0	0
0	122
0	0
0	0
0	0
0	0
29	1149
0	0
0	0
0	0
0	0
0	0
0	2
0	778
0	0
0	0
0	0
0	0
0	0
0	0
0	0
0	1
0	0
0	0
0	0
0	0
0	0
0	0
0	0
0	1
0	0
0	0
0	0
0	0
0	0
0	0
0	0
0	0
0	0
0	10
0	0
0	163
0	0
0	0
0	0
0	0
0	0
0	0
0	0
0	180
0	0
0	1
0	0
0	0
0	0
0	20
0	17
0	0
0	0
0	0
0	0
0	0
0	0
0	0
0	0
0	0
0	5
0	0
0	0
0	1
0	7
0	0
0	0
0	0
0	0
0	0
0	0
0	19
0	0
0	1
0	1
0	0
0	0
0	0
0	0
0	0
0	0
0	0
0	776
0	0
0	2
0	275
0	0
0	0
0	0
0	1
0	0
0	3
0	0
0	0
0	0
0	0
0	0
0	0
0	0
0	0
0	0
0	0
0	0
0	0
0	1
0	0
0	0
0	0
0	14
0	1
0	0
0	0
0	0
0	0
0	0
0	0
0	0
0	0
0	3
0	0
0	0
0	1
0	0
0	0
0	3
0	38
0	0
0	145
0	1
0	24
0	0
0	0
0	0
0	321
0	0
0	1
0	3
0	0
0	1
0	0
0	0
0	0
0	12
0	0
0	0
0	0
0	0
0	0
0	0
0	0
0	0
0	0
0	0
0	0
0	3
0	0
0	0
0	0
0	2
0	0
0	0
0	0
0	0
0	0
0	0
0	0
0	0
0	0
0	0
0	0
0	0
0	0
0	0
0	0
0	0
0	0
0	0
0	24
0	0
0	0
0	0
0	0
0	2
0	0
0	0
0	0
0	0
0	0
0	0
0	0
0	0
0	0
0	0
0	0
0	0
0	17
0	0
0	0
0	0
0	0
0	0
0	0
0	0
0	0
0	0
0	0
0	0
0	0
0	0
0	0
0	0
0	0
0	1
0	0
0	0
0	0
0	0
0	0
0	0
0	4
0	0
0	0
0	0
0	0
0	0
0	0
0	4
0	0
0	0
0	0
0	13
0	0
0	0
0	0
0	0
0	0
0	7
0	0
0	0
0	0
0	0
0	0
0	0
0	0
0	2
0	0
0	0
0	0
0	0
0	0
0	0
0	0
0	0
0	0
0	0
0	0
0	0
0	0
0	0
0	0
0	0
0	0
0	0
0	0
0	0
0	0
0	0
0	0
0	0
0	1397
0	1
0	0
0	0
0	0
0	0
0	0
0	14
0	0
0	0
0	0
0	0
0	0
0	0
0	0
0	0
0	0
0	0
0	0
0	0
0	15
0	0
0	0
0	0
0	0
0	0
0	0
0	0
0	0
0	0
0	0
0	0
0	15
0	0
0	0
0	0
0	17
0	13
0	0
0	0
0	0
0	5
0	2
0	0
0	0
0	0
0	0
0	0
0	0
0	0
0	0
0	0
0	0
0	0
0	0
0	0
0	0
0	0
0	0
0	0
0	0
0	0
0	0
0	0
0	0
0	0
0	0
0	0
0	0
0	0
0	0
0	0
0	0
0	0
0	0
0	0
0	0
0	0
0	0
0	0
0	0
0	0
0	0
0	0
0	0
0	2
0	1
0	0
0	0
0	0
0	0
0	0
0	0
0	0
1	1038
0	0
0	1
0	99
0	19
0	0
0	0
0	0
0	0
0	0
0	0
0	0
0	16
0	0
0	25
0	67
0	13
0	11
0	0
0	0
0	0
0	0
0	171
0	0
0	0
0	0
5	36
0	3
0	0
0	0
0	0
0	208
0	0
0	0
0	0
0	6
0	14
0	0
0	2
0	0
0	0
0	0
0	0
0	47
0	0
0	0
0	0
0	0
0	0
2	0
0	0
0	0
0	0
0	0
0	0
0	0
0	3
0	0
0	0
0	0
0	0
0	2
0	0
0	0
0	0
0	0
0	0
0	2
0	0
0	0
0	21
0	1
0	0
0	1
0	10
0	0
0	0
0	0
0	0
0	0
0	0
0	0
0	0
0	0
0	0
0	0
0	0
0	0
0	0
0	0
0	0
0	0
0	0
0	0
0	0
0	0
0	0
0	0
0	0
0	22
0	0
0	0
0	0
0	0
0	2
0	0
0	0
0	13
0	0
0	0
1	11
0	0
0	0
0	0
0	0
0	93
0	0
0	0
0	0
0	0
0	0
0	0
1	21
0	0
0	0
0	0
0	1
0	0
0	37
0	0
0	0
0	0
0	0
0	0
0	4
0	3
0	0
0	0
0	0
0	15
0	0
0	0
0	0
0	0
0	0
0	0
0	0
0	38
0	0
0	0
0	0
1	0
0	25
0	0
0	0
0	0
0	0
0	0
0	0
0	0
0	0
0	0
0	0
0	0
0	0
0	0
0	0
0	1
0	0
0	17
0	0
0	7
0	0
0	1
0	1
0	0
0	0
0	0
0	0
0	0
0	0
0	0
0	0
0	3
0	0
0	0
0	0
0	4
0	0
0	62
0	0
0	0
0	0
0	0
0	0
6	0
0	0
0	0
0	0
0	0
0	0
6	44
0	0
0	0
0	0
0	0
0	40
16	5
0	0
0	0
0	0
0	0
0	0
0	2
0	0
0	0
4	7
0	2
0	0
0	0
0	0
0	0
0	0
0	0
0	0
0	0
0	0
0	0
0	0
0	0
0	0
0	0
0	4
0	1
0	1
0	0
0	0
0	0
0	0
0	2
0	0
0	4
0	0
0	8
0	0
0	0
0	0
0	0
0	0
0	0
0	0
0	0
0	0
0	0
1	22
0	0
0	0
0	0
0	0
0	5
0	0
0	0
1	0
0	0
0	6
0	0
0	7
0	0
0	0
0	0
0	0
0	0
0	0
0	0
0	0
0	0
0	0
0	0
0	12
0	0
0	5
1	0
0	0
0	0
0	0
0	9
0	0
0	0
0	0
0	0
0	0
0	0
0	0
0	0
0	0
0	0
0	0
0	0
0	0
0	0
0	0
1	0
0	0
0	0
0	0
0	0
0	0
0	0
0	0
0	0
0	4
0	0
0	1
0	0
4	52
0	0
0	0
0	2
0	0
0	0
0	0
0	0
0	0
0	0
0	0
0	3
0	0
0	1
0	0
0	0
0	0
0	0
0	0
0	1
0	0
0	0
1	0
0	1
0	0
0	7
0	0
0	1
0	0
0	893
0	0
0	0
0	1
0	0
0	0
0	0
0	0
0	0
0	0
0	0
0	0
0	0
0	0
0	0
0	0
0	0
0	0
0	10
0	0
45	331
0	0
0	0
0	0
0	28
0	0
0	0
0	0
0	0
0	65
0	0
0	61
0	0
0	0
0	0
0	0
0	0
0	0
0	0
0	36
0	3
0	5
0	106
6	8
0	0
0	0
0	0
0	23
0	7
0	0
0	1
0	1
0	0
0	0
0	8
0	1
0	0
72	983
0	21
0	0
0	7
0	0
0	1
0	2
0	9
0	93
0	0
24	34
0	870
1	0
0	0
0	0
0	0
0	0
0	0
0	0
0	0
0	0
0	0
0	0
0	0
0	0
0	0
0	0
0	0
1	5
0	0
0	0
0	0
0	0
0	0
0	0
0	0
2	0
0	0
0	0
0	0
0	0
0	0
0	0
0	0
0	0
0	0
0	0
0	0
0	0
0	0
0	0
0	0
0	0
0	0
0	0
0	0
1	0
0	21
0	0
0	0
0	0
0	0
0	0
0	0
11	4
0	4
0	0
0	14
0	0
0	6
0	8
0	22
0	0
99	1274
0	0
0	0
0	0
0	0
0	0
0	128
0	1
0	0
0	0
0	0
1	1
0	0
0	17
0	0
0	0
0	1
1	3
0	2610
8	20362
0	0
0	0
0	0
0	0
0	2
0	0
1	46
0	0
18	4290
0	0
7	0
0	0
0	0
0	0
0	0
0	0
0	0
0	0
1	11
11	98572
0	0
0	0
0	0
0	5
0	0
2	81
0	1
0	0
0	0
0	0
0	0
0	0
0	0
0	0
0	3
2	8949
0	0
0	0
0	0
0	0
0	0
0	7
4	0
0	0
0	0
0	0
0	0
0	0
0	0
0	0
0	0
0	0
0	0
0	0
0	0
0	0
0	0
0	0
0	0
0	0
0	0
0	7
0	0
0	0
0	0
0	0
0	0
0	0
0	0
0	0
0	0
0	0
0	0
0	0
0	0
0	19
0	0
0	5
0	0
0	0
0	0
0	0
0	0
0	0
0	0
0	0
0	0
0	0
0	0
0	0
0	0
0	0
0	469
0	0
0	24
0	0
0	181
0	0
0	0
0	0
0	0
0	0
0	0
0	0
0	0
0	0
0	0
0	0
0	7
0	0
0	0
0	0
0	0
0	1
0	0
0	0
0	0
0	0
0	0
0	0
0	0
0	0
0	21
0	0
2	18
0	0
4	0
0	0
0	0
0	0
0	0
0	0
0	7
0	72
0	0
0	68
0	0
0	0
0	0
0	0
0	0
0	0
0	2
0	0
0	0
0	0
0	0
0	0
0	0
0	0
0	0
0	0
0	0
0	0
0	0
0	0
0	0
0	0
0	0
0	0
0	0
0	2
0	142
0	10
0	9
0	1
0	0
0	0
1	1
0	0
0	0
0	4
0	0
0	12
0	0
0	7
0	0
0	0
0	0
0	0
0	0
0	0
0	0
0	0
0	0
0	0
0	0
0	0
0	0
0	0
0	7
0	0
0	0
0	24
0	0
0	0
1	82
0	0
0	0
0	0
0	0
31	11181
0	0
0	0
0	2
0	39
0	2
0	44
0	0
0	0
0	0
5	2
0	0
0	1
0	1
0	0
0	3
0	8
0	0
0	0
0	0
0	0
0	0
0	0
0	0
0	12
0	0
0	0
0	0
0	2
0	0
0	0
0	0
0	121
0	4
0	0
0	0
0	73
0	0
0	5
0	0
0	0
0	9
0	0
0	9
0	54
0	4
0	0
0	0
0	0
0	0
0	0
0	0
0	0
0	0
0	0
2	1258
0	0
0	0
0	1
0	0
0	0
0	1
0	0
0	0
0	1
0	0
0	0
0	0
0	1
0	0
0	0
5	2
0	0
0	0
0	0
0	9
0	3
0	0
0	0
0	0
0	0
0	0
0	7
0	10
0	0
0	0
0	0
0	0
0	0
0	0
0	0
0	0
0	0
0	0
0	0
0	0
2	0
0	0
0	0
0	0
0	2
0	0
0	0
0	0
0	0
0	0
0	0
1	2
0	0
0	0
0	0
1	0
0	0
0	4
0	0
0	0
0	0
0	0
0	0
0	0
0	0
0	1
0	0
0	0
0	1
0	8
0	0
0	0
0	0
0	0
0	7
0	0
0	0
0	0
0	13
0	32
0	0
0	11
0	0
0	0
0	0
0	0
0	0
0	0
0	0
0	4
0	3
0	0
0	0
0	0
0	0
0	0
0	0
0	0
0	2
0	0
0	0
0	4
2	0
0	0
0	0
0	0
0	43
0	19
0	0
0	0
0	1
0	5
0	0
0	0
0	0
0	0
0	2
0	0
0	0
0	0
0	0
0	0
0	0
0	0
0	0
0	0
0	90
0	0
0	0
0	93
0	0
0	11
0	0
0	0
0	0
0	0
0	0
0	0
0	0
0	0
4	22
0	0
0	0
0	1
0	0
0	33
0	0
0	0
0	0
0	0
0	0
0	0
0	0
0	0
0	9
0	0
0	380
0	0
0	0
0	0
0	0
0	0
0	48
0	0
0	0
0	0
1	0
0	48
0	4
0	0
0	0
0	0
0	0
0	3
21	0
0	0
0	0
0	0
0	0
0	0
0	0
0	0
0	0
0	0
0	0
0	0
0	9
0	0
1	0
0	15
0	0
0	0
0	0
0	0
0	0
0	0
0	0
0	0
0	0
0	0
0	0
0	5
0	0
0	0
0	7
0	24
0	0
0	0
0	62
0	29
0	0
0	0
0	0
0	1
0	53
0	0
0	1133
0	0
1	1
0	0
0	1
17	0
0	0
0	0
0	0
0	0
0	0
0	10
0	0
0	0
0	0
0	0
0	0
0	0
0	0
0	10
0	0
0	0
0	0
1	1
0	0
0	0
0	0
0	0
0	0
0	0
1	47
8	20
0	0
3	48
0	0
0	2
0	0
0	0
0	0
0	0
0	0
0	0
0	0
0	0
0	0
0	0
0	1
0	62
0	3
0	0
0	0
0	0
0	0
0	1
0	0
0	130
0	0
0	0
0	0
0	0
0	0
0	0
0	0
0	0
0	0
0	2
0	0
0	0
0	14
0	0
0	0
0	0
0	0
0	0
0	0
0	0
0	0
0	5
0	0
0	0
0	0
0	0
0	0
0	0
0	0
0	0
2	0
0	69
0	0
0	0
0	381
0	0
0	0
0	0
0	45
0	0
0	0
0	0
0	0
0	0
0	0
0	5
0	6
0	0
0	0
0	0
0	0
0	0
0	0
0	0
0	0
0	0
0	0
0	0
0	3
0	0
0	0
0	0
0	0
0	39
0	0
3	2
0	0
0	0
0	0
0	0
0	0
0	0
3	0
0	0
0	5
0	467
0	0
0	15
0	0
0	0
0	1
0	0
0	0
0	0
0	0
0	0
0	0
0	1
0	5
0	5
0	0
0	2
0	3
0	0
0	5
0	5
0	0
0	0
0	0
0	0
0	0
0	0
0	0
0	0
1	0
0	0
0	0
0	0
0	0
0	0
0	0
0	0
0	0
0	0
0	0
0	0
0	0
0	3
0	2
0	0
0	0
0	0
0	1
0	32
0	0
0	67
0	5
0	37
0	2
0	5
0	0
0	0
0	0
13	0
0	0
0	0
0	0
0	0
0	0
0	0
0	0
0	0
0	0
0	0
0	0
0	0
0	0
0	1
0	0
0	0
0	0
0	0
0	0
48	77
0	0
0	0
0	0
0	0
0	0
0	2
0	0
0	0
0	2
0	0
0	0
0	0
0	0
0	0
0	0
0	0
3	55
0	0
0	0
0	0
0	0
1	0
0	1
0	0
0	1
0	0
0	256
0	0
0	0
0	0
0	0
0	0
0	0
0	0
0	31
0	0
0	0
0	0
0	0
0	0
0	18
0	0
0	0
0	0
0	0
0	1
0	146
0	5
0	0
0	6
0	0
0	1
0	0
0	0
0	0
0	0
0	0
0	0
0	0
1	37
0	18
0	0
0	0
0	1
0	0
0	0
0	0
0	0
0	0
0	48
0	0
0	0
0	0
0	0
0	0
0	0
0	0
0	0
0	0
0	0
0	0
0	0
0	0
0	0
0	0
0	1
0	0
0	0
0	0
111	136
0	0
0	0
0	38
0	0
0	0
0	0
0	0
0	0
0	0
0	0
0	0
0	0
0	0
2	1
0	0
0	0
0	0
7	104
0	0
0	0
0	0
0	0
0	0
0	31
0	0
0	0
0	0
3	0
0	0
0	0
0	0
0	0
0	0
0	0
0	0
0	2
0	0
2	25
3	772
0	24
0	3
0	0
0	1
0	0
0	0
0	0
0	0
0	0
0	0
0	0
0	0
0	119
0	0
0	0
0	0
0	4
0	9
0	0
0	0
0	0
0	369
0	0
0	0
0	0
0	2
0	0
0	0
3	2
0	0
0	0
0	0
0	0
0	0
0	0
0	0
0	0
0	378
0	0
0	0
0	4
0	0
0	0
0	1
0	106
0	0
0	0
0	1
0	0
0	0
0	0
0	24
0	1
0	162
0	0
0	0
0	0
1	0
0	0
0	0
0	322
0	0
0	122
0	12
0	0
0	1
0	1
0	0
0	0
0	0
0	8
0	0
0	0
14	79
0	1
0	0
0	0
0	0
0	0
0	0
0	0
1	1
0	1
0	16
0	0
1	1329
0	0
0	0
0	0
0	0
0	0
0	0
0	0
0	0
0	0
0	0
0	0
0	0
0	0
0	0
0	0
0	0
0	0
0	0
0	0
0	0
0	0
0	0
0	1
0	0
0	0
0	0
0	0
0	0
0	0
1	137
0	0
1	729
0	3
0	0
0	0
0	0
0	0
0	0
0	1
0	2
0	6
0	0
0	2
0	0
0	0
0	1
0	0
0	2
0	0
0	0
0	0
2	0
0	0
0	0
0	0
0	0
0	0
0	0
0	0
0	0
0	0
0	0
0	0
0	0
0	0
0	0
0	0
0	0
0	0
0	0
0	0
0	0
0	0
0	0
0	0
0	0
0	9
0	0
0	0
0	29
0	26
1	6
0	0
0	0
0	0
0	1
0	1
0	0
0	0
0	2
0	0
0	0
0	0
0	0
0	0
0	0
0	0
0	24
0	2
0	0
0	0
0	0
0	24
0	0
0	0
29	4
0	0
0	0
0	0
0	0
0	0
0	0
0	0
0	0
0	0
0	0
0	8
0	0
0	0
0	0
0	0
0	0
0	0
0	0
0	0
0	0
1	0
0	0
0	0
0	0
0	0
0	0
0	0
0	21
0	31
0	0
0	0
0	0
0	0
0	0
0	0
0	0
1	140
0	0
0	0
0	0
0	0
0	0
0	0
0	0
0	0
0	0
0	336
0	0
0	1
0	0
0	48
0	2
0	123
0	2
0	0
2	0
0	0
0	0
0	0
0	0
0	0
0	0
4	0
0	0
1	4
0	0
0	0
1	3
0	0
0	0
0	0
0	0
0	0
4	0
0	0
0	0
0	0
0	0
0	0
0	0
0	0
0	0
0	298
0	0
0	0
0	0
0	0
0	0
0	0
0	0
0	0
0	0
0	0
0	0
0	0
0	0
0	0
0	0
0	0
0	0
0	0
0	0
0	0
0	0
0	0
0	0
0	0
0	0
4	0
0	0
0	0
0	38
0	0
0	0
0	2
0	7
0	21
0	0
0	0
0	0
0	0
0	0
0	0
0	0
1	9
0	3
0	0
0	0
0	0
0	0
0	0
2	1414
0	1
0	0
0	58
0	0
0	0
0	3
0	0
4	0
0	0
0	0
0	0
0	0
0	0
0	0
0	5
0	43
0	0
0	0
0	0
0	0
0	0
0	5
0	0
0	0
0	0
0	19
0	0
0	0
0	0
0	0
2	383
0	0
0	0
0	0
0	0
0	272
0	0
0	0
0	0
0	0
0	0
0	0
0	1
0	0
0	0
0	7
0	0
0	0
0	0
0	1
0	2
0	0
0	0
0	0
0	1
0	0
0	26
4	1
0	0
0	3
0	0
0	1
0	0
0	5
0	0
0	69
0	0
0	0
0	0
0	0
0	0
0	0
0	44
0	28
0	2
0	0
0	0
3	0
0	0
0	0
0	0
0	0
0	0
2	0
0	0
0	0
1	0
0	0
0	0
0	0
0	0
0	0
0	0
0	1
0	0
0	0
0	0
0	0
0	0
0	0
0	11
0	0
0	0
0	813
0	0
0	0
0	0
0	0
0	0
0	0
0	0
0	0
1	24
0	0
0	0
0	0
0	0
0	0
0	0
0	0
0	0
0	0
0	1
0	0
0	0
0	3
0	4
0	0
0	0
0	0
0	0
0	0
0	0
0	0
0	0
3	1
0	0
0	31
0	0
0	0
0	1
0	0
0	0
0	0
0	0
0	4
1	465
0	0
0	0
0	0
1	0
0	0
0	0
19	14
0	0
0	2
0	0
1	2
0	0
0	0
0	0
0	0
0	6
0	7
0	7
0	7
0	20
2	1
0	0
0	0
0	0
0	0
0	0
0	3
0	0
0	0
0	0
0	0
0	0
0	0
0	0
0	0
0	0
0	0
0	0
0	0
1	0
0	0
0	0
0	5
0	0
0	0
0	0
0	0
0	5
0	0
0	0
0	0
0	0
0	0
0	0
0	0
0	0
0	0
0	0
0	0
0	0
0	0
0	0
0	0
2	7
0	0
0	0
2	12
1	13
0	0
0	0
0	0
0	0
0	0
0	0
0	0
0	0
4	115
0	0
0	87
0	6
0	0
0	14
0	20
0	0
0	0
0	0
0	0
0	0
0	0
0	0
0	0
0	0
0	0
0	0
0	0
0	0
0	0
0	0
0	0
0	0
0	0
0	0
0	0
0	0
0	0
0	0
0	0
0	0
0	0
0	0
0	21
0	0
0	0
0	1
0	0
0	0
0	0
0	0
0	0
0	680
0	6
0	0
1	0
0	0
1	0
0	2
0	0
0	0
0	0
0	0
0	0
3	142
0	132
0	11
0	0
0	1825
0	1415
0	0
1	272
0	0
0	0
0	3
0	44
0	0
0	0
0	0
0	0
0	0
0	0
0	0
0	0
3	0
0	0
0	0
0	1
0	0
0	1
1	0
0	0
0	0
0	0
0	0
0	0
0	0
0	0
0	52
0	8
1	8
0	0
3	0
0	0
0	0
0	0
0	0
0	0
0	0
0	0
1	0
0	23
0	0
0	0
0	0
0	196
0	0
0	0
0	0
0	0
0	0
0	0
0	0
0	0
0	0
0	0
0	0
0	0
0	0
0	0
0	0
0	0
0	0
0	0
0	0
0	0
0	0
0	0
0	0
0	0
0	0
0	0
0	0
0	0
0	0
0	0
0	0
0	0
0	0
0	0
0	0
0	0
0	0
0	0
0	0
0	0
0	33
0	0
0	46
0	0
0	0
0	0
0	0
0	58
0	2
0	0
0	16
0	0
0	0
0	0
1	13
0	0
7	0
1	0
1	1
0	0
1	4
0	0
0	0
0	0
0	0
0	0
0	0
0	0
0	0
0	0
0	0
0	0
0	2
0	0
0	0
0	0
0	0
1	0
0	0
0	0
0	0
1	0
0	0
0	0
0	0
0	3
0	0
0	0
1	0
0	0
0	0
0	9
0	0
0	9
0	0
0	2
0	0
0	0
0	0
0	0
0	0
3	0
0	0
1	0
0	0
0	0
2	1126
0	0
0	0
0	0
0	0
0	0
0	0
0	0
0	0
0	0
0	0
0	0
0	0
0	0
0	12
0	0
0	0
0	86
0	0
0	0
2	0
0	0
0	0
0	37
0	0
0	0
0	0
0	775
0	0
0	0
0	0
1	0
0	0
0	0
0	0
0	0
7	0
0	0
0	728
0	0
0	0
0	0
0	0
0	0
0	0
0	0
0	0
0	0
0	0
0	0
7	1611
0	0
0	1
0	0
2	18
0	0
0	0
0	2
0	0
0	170
0	7
0	148
0	146
0	166
0	2
0	87
0	1
0	0
0	0
0	0
0	0
0	0
0	0
0	0
0	0
0	0
1	1164
0	0
0	119
0	0
0	76
0	0
0	0
2	0
0	0
0	0
2	0
0	0
0	0
0	0
0	0
0	0
0	0
0	0
0	1
0	0
0	0
0	0
0	0
0	0
0	0
0	0
0	0
0	0
0	0
0	0
0	0
0	0
0	0
0	28
0	0
0	0
0	0
1	0
0	0
0	1
0	0
0	0
0	256
0	0
0	0
0	0
0	0
0	0
0	1
0	0
0	0
0	0
0	0
0	0
0	32
0	0
0	0
14	750
0	0
0	0
0	0
7	0
0	0
0	0
0	0
0	0
0	0
0	0
0	0
0	0
0	0
0	0
0	0
0	0
0	0
0	0
0	15
0	45
0	0
0	0
0	16
0	0
0	0
0	0
0	0
0	0
0	0
0	0
0	0
0	0
0	0
0	0
0	0
0	0
0	0
0	0
0	0
0	4
0	0
0	0
0	0
1	78
0	276
0	0
0	0
0	0
0	0
0	0
0	0
0	0
0	13
0	0
0	0
0	22
0	0
0	0
0	0
0	0
0	0
0	0
0	0
0	0
0	0
0	0
0	0
0	0
0	0
0	0
0	0
0	0
1	1
0	0
0	0
0	0
0	0
0	0
1	226
0	0
0	0
1	0
1	2
0	0
0	0
0	732
0	0
0	0
0	0
0	0
0	0
0	114
0	0
0	0
0	0
0	0
0	4
0	40
0	0
0	0
0	0
0	0
0	0
0	5
0	0
0	0
0	0
0	0
4	41
0	0
0	0
0	0
0	0
0	0
0	0
0	0
0	0
0	0
0	0
0	0
0	648
0	0
0	0
0	0
0	0
0	0
0	0
0	0
0	0
0	0
0	0
0	0
0	0
0	45
0	0
0	0
0	0
0	0
0	5
0	12
0	0
0	0
0	19
0	23
0	0
0	0
0	0
0	0
0	36
0	11
0	0
0	0
0	0
0	0
0	0
0	0
0	0
0	0
0	0
0	0
0	0
0	0
0	0
1	33
0	0
0	1004
0	0
0	0
0	0
0	3
9	53
0	13
0	4
0	0
0	0
0	0
0	0
0	0
0	0
0	0
0	0
0	0
0	0
0	0
0	0
0	0
0	0
0	0
0	0
0	0
0	0
0	0
0	0
0	0
0	0
0	0
0	0
0	0
0	0
0	0
0	0
0	0
0	0
0	0
0	0
0	0
0	0
0	0
0	0
0	0
0	0
0	0
0	0
0	0
0	0
0	0
0	0
0	0
0	0
0	0
0	0
0	0
0	0
0	0
0	0
0	0
0	0
0	0
0	0
0	0
0	0
0	0
0	0
0	0
0	0
0	0
0	0
0	0
0	0
0	0
0	0
0	0
0	0
0	0
0	0
0	0
0	0
0	0
0	0
0	0
0	0
0	0
0	0
0	0
0	0
0	0
0	0
0	0
0	0
0	0
0	0
0	0
0	0
0	0
0	0
0	0
0	0
0	0
0	0
0	0
0	0
0	0
0	0
0	0
0	0
0	0
0	0
0	0
0	0
0	0
0	0
0	0
0	0
0	0
0	0
0	0
0	0
0	0
0	0
0	0
0	0
0	0
0	0
0	0
0	0
0	0
0	0
0	0
0	0
0	0
0	0
0	0
0	0
0	0
0	0
0	0
0	0
0	0
0	0
0	0
0	0
0	0
0	0
0	0
0	0
0	0
0	0
0	0
0	0
0	0
0	0
0	0
0	0
0	0
0	0
0	0
0	0
0	0
0	0
0	0
0	0
0	0
0	0
0	0
0	0
0	0
0	0
0	0
0	0
0	0
0	0
0	0
0	0
0	0
0	0
0	0
0	0
0	0
0	0
0	0
0	0
0	0
0	0
0	0
0	0
0	0
0	0
0	0
0	0
0	0
0	0
0	0
0	0
0	0
0	0
0	0
0	0
0	0
0	0
0	0
0	0
0	0
0	0
0	0
0	0
0	0
0	0
0	0
0	0
0	0
0	0
0	0
0	0
0	0
0	0
0	0
0	0
0	0
0	0
0	0
0	0
0	0
0	0
0	0
0	0
0	0
0	0
0	0
0	0
0	0
0	0
