UniqueCount	AmbigCount
0	0
0	0
0	0
0	0
0	0
0	0
0	0
0	0
0	0
0	0
0	0
0	0
0	0
0	0
0	0
0	0
0	0
0	0
0	0
0	0
0	0
0	0
0	0
0	0
0	0
0	0
0	0
0	0
0	0
0	0
0	0
0	0
0	0
0	0
0	0
0	0
0	0
0	0
0	0
0	0
0	0
0	0
0	0
0	0
0	0
0	0
0	0
0	0
0	0
0	0
0	0
0	0
0	0
0	0
0	0
0	0
0	0
0	0
0	0
0	0
0	0
0	0
0	0
0	0
0	0
0	0
3	1
3	1
3	0
0	1
1	0
2	1
1	0
0	0
0	0
0	0
0	0
0	0
0	0
0	0
0	0
0	0
0	0
0	0
0	0
0	0
0	0
0	0
0	0
0	0
1	0
0	0
0	0
2	0
0	0
0	0
0	0
0	0
0	0
0	0
0	0
0	0
0	0
0	0
0	0
0	0
0	0
0	0
0	0
0	0
0	0
0	0
0	0
2	2
0	0
0	0
0	0
1	2
0	0
0	0
2	0
0	0
0	0
0	0
0	0
2	0
1	0
0	0
0	0
0	0
0	0
0	0
0	0
0	0
0	0
0	0
0	0
0	0
0	0
0	0
0	0
0	0
0	0
0	0
0	0
0	0
0	0
0	0
0	0
0	0
0	0
0	0
0	0
0	0
0	0
0	0
0	0
0	0
0	0
0	0
0	0
0	0
0	0
0	9
0	13
0	13
0	6
0	2
0	0
0	13
0	13
0	12
0	12
0	2
0	12
0	12
0	0
0	7
0	8
0	0
0	0
0	0
0	0
0	0
0	4
0	0
0	0
0	0
0	5
0	8
0	8
0	8
0	8
0	21
0	5
0	0
0	0
0	0
0	0
0	0
0	0
0	0
9	0
0	5
0	8
0	8
0	8
0	8
0	21
0	5
0	10
0	0
0	4
0	0
0	3
0	4
0	4
0	0
0	1
0	2
0	2
0	0
0	0
0	0
0	0
0	0
0	0
0	0
10	22
0	60
0	0
0	60
0	0
0	0
0	0
0	0
0	0
0	0
0	0
0	0
0	0
0	0
1	0
0	1
0	6
0	6
0	1
0	6
0	0
0	6
0	6
0	6
5	3
0	1
0	0
0	0
0	0
0	0
0	0
0	0
0	0
0	0
0	0
0	0
0	0
0	0
0	0
0	0
0	0
0	0
0	0
0	0
0	0
0	0
0	0
0	0
0	0
0	0
0	1
0	0
0	0
0	1
0	0
0	0
0	0
0	0
0	0
0	0
0	0
0	0
0	0
0	0
0	0
0	0
0	0
0	0
0	0
0	0
0	0
0	0
0	0
0	0
0	12
0	3
0	1
0	1
0	3
0	1
0	1
0	1
0	2
0	1
0	0
0	0
0	0
0	0
0	0
0	0
0	0
0	0
0	0
0	0
0	0
0	0
0	0
1	0
0	0
0	0
0	0
0	0
0	0
0	0
0	0
0	0
0	0
0	0
0	0
0	0
0	0
0	0
0	0
0	0
0	0
0	0
0	0
0	0
0	0
0	0
0	0
0	0
0	0
0	1
0	1
0	1
0	0
0	0
0	1
0	1
0	1
0	0
0	0
0	0
0	1
0	1
0	0
0	0
0	0
0	0
0	0
0	1
0	1
0	0
0	1
0	1
0	1
0	1
0	0
0	0
0	0
0	0
0	0
0	0
0	0
0	0
0	0
0	0
0	0
0	0
0	0
0	0
0	0
0	0
0	0
0	0
0	0
0	0
0	0
0	0
0	0
0	0
0	0
0	0
0	0
0	0
0	0
0	0
0	0
0	0
0	0
0	0
0	0
0	0
0	0
0	0
0	0
0	0
0	0
0	0
0	0
0	0
0	0
0	0
0	0
0	0
0	0
0	0
0	0
0	0
0	0
0	0
0	0
0	0
0	0
0	0
0	0
0	0
0	0
0	0
0	0
0	0
0	0
0	0
0	0
0	0
0	0
0	0
0	0
0	0
0	0
0	0
0	0
0	0
0	0
0	0
0	0
0	0
0	0
0	0
0	0
0	0
0	0
0	0
0	0
0	0
0	0
0	0
0	0
0	0
0	0
0	0
0	0
0	0
0	0
0	0
0	0
0	0
0	0
0	0
0	0
0	0
0	0
0	0
0	0
0	0
0	0
0	0
0	0
0	0
0	0
0	0
0	0
0	0
0	0
0	0
0	0
0	0
0	0
0	0
0	0
0	0
0	0
0	0
0	0
0	0
0	0
0	0
0	0
0	0
24	0
3	1
0	0
0	0
0	0
0	0
0	0
0	0
0	0
0	0
0	0
0	0
0	0
0	0
0	0
0	0
0	0
0	0
0	0
0	0
0	0
0	0
0	0
0	0
0	0
0	0
0	0
2	0
0	0
0	0
0	0
0	0
0	0
0	0
0	0
0	0
0	0
0	0
0	0
0	0
0	0
0	0
0	0
0	0
0	0
0	0
0	0
0	0
0	0
0	0
0	0
0	0
0	0
0	0
0	0
0	0
0	0
0	0
0	0
0	0
0	0
0	0
0	0
0	0
0	0
0	0
0	0
0	0
0	0
0	0
0	0
0	0
0	0
0	0
0	0
0	0
0	0
0	0
0	0
0	0
0	0
0	0
0	0
0	0
0	0
0	0
0	0
0	0
0	0
0	0
0	0
0	0
0	0
0	0
0	0
0	0
0	0
0	0
0	0
0	0
0	0
0	0
0	0
0	0
0	0
0	0
0	0
0	0
0	0
0	0
0	0
0	0
0	0
0	0
0	0
0	0
0	0
0	0
0	0
0	0
0	0
0	0
0	0
0	0
0	0
0	0
0	0
0	0
0	0
0	0
5709	2404
2787	3810
73660	93762
11642	6841
905	4
6781	10336
46159	20645
516	0
6057	0
62934	3437
13247	12
277	3
23271	5
1	3615
2	2442
0	1607
1	2333
4	0
0	1690
1	1324
129	1468
3	1135
3	1282
1	236
0	716
33	64
5	692
0	658
0	36
0	0
0	0
0	0
0	0
0	0
0	0
0	0
0	0
0	0
0	0
0	0
0	0
0	0
0	0
0	0
0	0
0	0
0	0
0	0
0	0
0	0
0	0
0	569
0	284
0	54
0	616
4	64
65	33
7	35
7	64
1	18
0	105
10	453
0	355
0	334
0	0
0	0
0	0
0	0
0	0
0	0
0	0
0	0
0	0
0	0
0	0
0	0
0	0
0	0
0	0
0	0
0	0
0	0
0	0
0	0
0	0
0	0
0	0
0	0
0	0
0	0
0	0
0	0
0	0
0	0
0	0
0	0
0	0
0	0
0	0
0	26
0	30
0	0
0	0
0	0
0	0
0	0
0	0
0	0
0	19
0	47
1	0
0	17
0	47
0	0
0	0
0	0
0	1806
0	0
0	0
0	0
0	0
0	0
0	0
0	0
0	0
0	0
0	0
0	0
0	0
0	0
0	0
0	0
0	0
1	90
0	83
0	66
7	70
0	69
0	47
0	9
0	10
0	10
0	19
0	19
0	37
0	29
0	11
0	0
0	2
0	1
0	0
0	0
0	0
0	0
0	0
0	0
0	0
0	0
0	0
0	0
0	0
0	0
0	0
0	0
0	0
0	0
0	0
0	0
0	0
0	0
0	0
0	0
0	0
0	0
0	0
0	0
0	0
0	0
0	0
0	0
0	0
0	0
0	0
0	0
0	0
0	0
0	0
0	0
0	0
0	0
0	0
0	0
0	0
0	0
0	0
0	0
0	0
0	0
0	632
0	0
0	0
1	1
0	11
3	15
0	175
0	172
0	165
0	28
0	20
0	22
0	0
0	0
0	0
0	0
0	0
0	0
0	0
0	0
0	0
0	0
0	0
0	0
0	0
0	0
0	0
0	0
0	0
0	0
0	0
0	0
0	0
0	0
0	0
0	0
0	0
0	0
0	0
0	0
0	0
0	0
0	0
0	0
0	0
0	0
0	0
0	0
0	0
0	0
0	0
0	0
0	0
0	0
0	0
0	0
0	0
0	0
0	0
0	0
0	0
0	0
0	0
0	0
0	0
0	0
0	0
0	0
0	0
0	0
0	0
0	0
0	0
0	0
0	0
0	0
0	0
0	0
0	0
0	0
0	0
0	0
0	0
0	0
0	2
0	0
0	0
0	0
0	0
0	0
0	0
0	0
0	0
0	0
0	0
0	0
0	0
0	0
0	0
0	0
0	0
0	0
0	0
0	43
0	43
0	43
0	24
22	30
0	21
0	0
0	0
0	0
0	6
0	186
0	129
0	126
0	124
0	0
0	506
0	278
0	12
1	32
1	0
0	859
1	792
32	1020
0	1280
0	535
3	420
1	804
0	127
0	28
0	61
1	64
0	0
0	45
0	213
0	131
0	167
1	65
0	1
0	212
0	0
0	0
0	37
0	0
0	33
0	26
5	65
2	22
1	23
0	261
2	42
0	54
0	184
0	240
0	0
0	0
0	0
0	0
0	1
0	1
0	1
0	1
0	1
0	1
0	1
0	0
0	0
0	0
0	0
0	0
0	0
0	0
5	0
0	9
0	48
0	0
0	0
0	0
0	0
0	0
0	0
0	0
0	0
0	0
0	0
0	0
0	0
0	0
0	0
0	0
0	0
0	0
0	0
0	0
0	0
0	0
0	0
0	0
0	0
0	0
0	15
0	14
0	0
0	0
0	0
0	0
0	20
0	50
0	54
0	54
0	54
0	54
0	54
0	54
0	16
0	69
1	33
1	27
0	29
0	12
0	0
0	0
0	0
0	0
0	0
0	0
0	0
0	0
0	0
0	0
0	0
0	0
0	0
0	0
0	0
0	0
0	0
0	0
0	0
0	0
1	434
0	2
0	3
0	0
0	0
0	0
0	0
0	0
0	0
0	0
0	0
0	2
0	0
0	0
0	111
0	117
0	162
0	141
5	2204
0	1876
0	2236
5	967
0	407
0	399
0	280
1	236
26	3
0	0
0	0
0	269
2	97
0	598
0	16
0	421
0	307
2	5
0	39
0	25
0	574
0	535
0	559
6	111
1	42
0	205
0	58
0	41
0	41
0	32
0	563
0	0
0	0
0	177
0	176
0	159
0	10
0	0
3	14229
0	14189
0	12582
0	7681
0	12199
73	5506
0	11377
0	10340
0	3355
0	0
0	0
0	0
0	0
0	0
0	0
0	0
0	0
0	0
0	0
0	102
0	24
0	32
0	63
0	28
0	0
0	0
5	2207
2	187
0	1695
0	690
0	1809
0	298
0	363
0	272
0	317
0	17
2	927
0	0
0	84
0	0
0	0
0	133
0	152
0	108
0	116
0	84
0	76
0	76
0	76
0	84
0	78
0	57
0	8
1	9
0	9
0	8
0	0
0	0
0	152
0	5
0	6
0	18
7	56
0	56
0	4
0	4
0	2
0	1
0	1
0	1
0	0
0	0
0	0
0	0
0	1
0	1
0	0
0	0
8	9
334	98
0	33
0	294
0	810
0	801
0	207
0	122
1	67
0	28
0	74
0	122
0	115
0	52
0	0
0	33
0	0
0	33
0	0
0	0
0	0
0	0
0	90
0	88
1	87
4	126
0	2
0	128
0	138
0	141
0	66
0	1020
0	364
0	1136
0	101
0	45
0	105
1	142
0	128
3	196
5	34
0	58
0	290
0	62
0	0
0	0
0	0
0	0
0	0
0	0
0	0
0	3
0	3
0	0
0	0
0	0
0	0
0	103
0	121
0	1028
0	1045
0	63
0	0
0	0
0	0
0	0
0	0
0	0
0	0
0	0
0	20
0	20
0	20
0	472
0	80
0	472
0	0
0	0
1	497
0	162
0	166
0	68
0	111
0	0
0	0
0	0
0	0
0	0
0	0
1	21
0	131
0	93
0	343
0	606
0	777
0	64
5	125
0	318
0	0
0	962
0	2018
0	627
0	1842
0	1886
0	300
0	223
0	382
0	316
0	1112
0	1147
38	0
0	1
0	220
0	374
0	187
0	128
0	495
2	145
0	38
0	134
0	112
0	0
0	0
0	289
0	174
1	339
0	349
0	347
0	932
0	984
0	952
0	955
0	939
0	92
0	396
4	29
0	488
0	399
0	9
0	51
2	41
0	138
0	61
0	49
0	63
1	468
0	423
1	69
0	92
0	114
0	172
0	36
0	184
0	115
0	83
0	13
0	266
0	107
0	180
0	138
0	84
0	66
0	50
0	31
0	0
0	6
0	33
0	33
0	30
0	33
0	9
0	0
0	17
0	2
0	0
0	1
0	0
0	1
0	2
0	34
1	6
0	37
0	42
1	0
0	19
0	8
0	7
0	3
2	2548
0	216
0	1494
0	1665
0	1344
0	418
0	825
0	676
4	474
0	197
5	265
0	19
0	23
0	24
0	52
0	54
0	65
1	65
0	0
0	0
0	0
0	0
0	0
0	0
0	0
0	0
0	0
0	0
0	0
0	0
0	3
0	5
0	0
0	5
0	44
0	3
0	42
0	22
0	12
0	33
0	7
0	14
0	36
0	11
0	8
0	472
0	472
0	20
0	5
0	0
0	3
0	0
0	4
0	4
0	4
0	4
0	1
0	0
0	0
0	0
16	600
0	0
0	1022
0	1022
7	68
14	90
0	0
0	117
0	49
0	8
2	11
2	96
0	117
3	36
0	45
0	8
2	11
0	2
0	74
13	5
0	24
8	95
4	13
0	6
0	100
0	98
0	94
9	108
0	0
0	59
0	8
0	0
0	221
0	801
0	796
0	800
0	445
0	42
0	0
0	770
0	771
4	397
0	1
0	6
0	22
0	22
0	3
0	2
0	7
0	2
0	2
0	0
0	232
0	635
0	635
0	436
0	516
0	99
0	71
0	46
0	17
0	3
11	262
0	385
7	164
0	8
0	7
0	14
0	8
0	254
2	226
8	38
0	117
10	82
0	6
0	6
0	6
0	6
0	6
0	6
0	6
0	5
0	7
0	7
0	7
0	7
0	7
0	7
0	7
0	4
0	4
0	0
0	0
0	1
0	1
0	1
0	460
1	417
0	42
0	24
0	27
5	18
0	15
10	36
0	21
0	23
0	364
3	37
12	406
0	22
3	21
0	356
0	66
5	102
0	16
0	37
3	22
6	606
21	123
22	651
0	567
48	591
0	505
2	278
0	586
6	575
0	611
0	592
0	147
0	243
0	255
1	185
1	242
0	217
0	152
0	124
6	168
0	92
8	55
0	31
2	32
1	623
0	322
0	953
7	8
0	8
0	8
0	0
0	0
0	0
0	0
0	0
0	0
0	0
0	0
0	0
0	0
0	0
1	0
2	0
0	0
0	0
0	0
0	0
0	0
2	673
0	56
0	119
0	34
0	23
0	0
0	0
0	2
0	6
0	8
0	6
0	4
0	1
0	1
0	108
0	0
0	0
0	0
0	0
0	0
0	0
0	6
0	6
0	3
0	3
0	3
0	3
0	3
0	3
0	4
0	2
0	0
0	1326
9	1139
8	180
0	53
0	3
0	351
0	9
0	309
0	272
1	77
0	304
0	74
0	137
0	292
0	340
0	323
0	88
0	0
5	221
0	217
0	231
0	178
0	168
0	17
0	1
0	231
0	184
0	0
0	0
0	0
0	0
0	0
0	31
0	0
0	0
0	0
0	11
0	0
0	402
0	335
10	190
0	181
0	138
0	137
2	105
0	46
0	8
0	4
0	204
0	204
0	204
0	104
0	130
0	64
0	0
0	0
0	0
0	0
0	0
0	0
0	0
0	0
0	0
0	0
0	70
0	88
0	92
0	80
0	24
0	78
1	34
0	89
0	72
0	12
0	33
0	13
0	40
0	22
0	92
0	85
0	0
0	0
0	1670
0	967
0	353
1	902
0	836
0	309
0	0
0	1436
0	1174
0	894
0	1544
0	61
0	134
0	198
0	0
0	0
0	0
0	6
0	7
0	6
0	4
0	1
0	1
0	7
0	0
0	0
0	1049
2	629
0	1047
0	53
1	149
0	482
0	593
0	565
0	157
0	58
1	12
4	6
0	109
0	93
0	98
0	96
1	61
0	33
0	17
0	30
0	92
0	90
0	53
0	69
0	75
1	103
0	32
0	51
0	41
0	8
0	6
0	1
0	0
0	0
0	0
0	0
0	0
0	0
0	191
0	361
0	382
0	379
0	187
0	324
1	173
0	102
0	2
0	394
0	413
0	0
0	1168
0	1177
6	1135
0	1135
254	777
0	181
57	141
0	0
0	5
0	5
0	5
0	5
0	5
0	5
0	5
0	4
0	5
0	5
0	3
0	3
0	3
0	3
0	3
0	3
0	3
0	0
0	0
0	1
0	1
0	1
0	2
0	6
0	6
0	1
0	11
0	0
0	2
0	0
0	0
0	0
0	0
0	0
0	0
0	0
0	0
0	1
0	0
0	1
0	2
0	1
0	4
0	6
0	13
0	0
0	0
0	0
0	6
0	1
0	2
0	0
0	0
0	75
0	75
0	770
0	687
0	486
2	142
2	56
2	34
6	28
0	107
1	252
0	101
1	21
0	18
0	7
1	751
0	736
0	852
0	234
0	47
0	0
0	0
0	0
0	0
0	0
0	108
0	113
0	99
0	20
0	93
0	91
3	16
0	39
0	0
0	0
0	0
0	3
0	1
0	1
0	0
0	2
0	0
0	1
0	0
0	1
0	2
0	0
0	1
0	0
0	0
0	0
0	0
0	0
0	1
0	0
0	0
0	0
0	0
0	0
0	0
0	630
0	2020
0	1890
0	806
1	701
0	906
0	190
0	927
0	1154
0	0
0	0
0	0
0	0
0	0
0	0
0	0
0	0
0	0
0	0
0	0
0	0
0	598
0	530
0	486
1	1671
1	1629
0	1235
0	0
0	0
0	0
0	0
0	0
0	0
0	0
0	0
0	0
0	0
0	0
0	0
0	0
0	0
0	0
0	0
0	0
0	0
1	1
0	1
0	1
0	1
0	0
0	1
0	321
0	910
0	858
0	619
9	566
0	374
0	307
1	309
10	86
0	0
0	306
0	30
0	0
0	0
0	176
0	138
0	92
0	248
0	719
0	479
0	709
0	543
0	545
0	85
1	77
0	136
0	146
1	198
0	163
0	145
5	81
2	164
0	112
0	41
0	21
0	500
1	503
0	9
0	8
0	405
17	345
0	0
0	0
0	43
0	44
0	245
0	233
0	72
0	243
0	66
0	28
0	21
0	21
0	220
3	15
2	205
0	235
1	230
0	0
0	0
0	0
0	0
0	0
0	0
0	540
0	590
0	167
11	583
0	0
0	0
0	12
0	51
0	369
0	291
5	5
0	15
5	94
1	96
1	96
0	0
0	0
0	0
0	3
0	0
0	0
0	0
0	1
0	540
0	2
0	2
0	294
3	2
0	0
0	26
0	0
0	0
0	0
0	0
0	0
0	0
0	12
0	18
0	18
0	0
0	0
0	0
0	0
0	0
0	0
0	299
33	197
0	52
0	46
0	1
0	1
0	1
0	1
0	0
0	0
0	0
0	0
0	8
0	2000
0	5887
0	5878
0	3837
0	2028
0	2001
0	3757
0	5174
0	3029
0	2097
0	5140
0	5073
0	5038
0	5915
0	3676
0	0
0	0
0	0
0	1167
1	903
8	1188
0	1410
0	640
3	431
4	175
0	342
19	395
0	547
52	11
0	3
0	4
0	4
0	4
0	4
0	4
0	4
0	4
0	4
0	4
0	4
0	1
0	1
0	4
0	5921
0	0
0	0
0	0
0	0
0	0
0	0
0	1
0	1
0	13
0	13
0	12
0	10
0	9
0	0
0	0
0	0
0	0
0	0
0	0
0	0
0	0
0	0
0	0
0	0
0	0
0	1
0	0
0	0
0	0
0	0
0	0
0	0
0	0
0	5
0	3
0	1983
3	1868
12	1787
25	118
49	195
0	63
0	130
0	6
0	6
0	6
0	13
0	1
0	0
0	1
0	0
0	0
0	1
0	0
0	1
0	2
0	1
0	2
0	0
0	0
0	0
0	0
0	13
0	0
0	0
0	0
0	0
0	0
0	0
0	0
0	0
0	399
0	2
0	6
0	8
0	6
0	4
0	1
0	0
0	1157
0	1189
0	7
0	7
0	7
0	7
0	0
0	0
0	3
0	0
0	539
0	0
0	0
0	2
0	0
0	1
0	2
0	1
0	3
0	2
0	2
0	1
0	1
0	0
0	0
0	0
0	0
0	0
0	0
0	0
0	0
0	0
0	0
0	0
0	0
0	0
0	1
0	1
0	0
0	8
0	502
0	479
0	598
0	569
0	131
0	339
0	226
0	188
0	121
0	101
0	125
0	71
0	78
0	0
0	1
0	1
0	0
0	0
0	0
0	0
0	0
0	0
0	0
0	0
0	0
0	0
0	0
0	237
0	139
0	47
0	2048
0	403
0	321
0	212
0	6
0	26
0	15
0	25
0	16
0	61
0	39
0	39
0	40
0	30
0	55
0	0
0	7
0	1
0	1
0	1
0	12
0	12
0	12
0	12
0	12
0	0
0	12
0	2
0	0
0	1
0	0
0	0
0	0
0	0
0	0
0	0
0	0
0	0
0	0
0	0
0	0
1	171
0	552
0	546
0	297
0	155
0	384
0	533
1	132
0	533
0	533
2	303
2	142
1	1951
34	63
0	1957
126	1951
0	1504
0	1963
0	1942
0	84
0	1676
0	1480
0	56
0	1927
1	99
0	1934
0	281
0	47
0	268
0	131
4	128
5	54
0	1
0	1
0	1
0	1
0	0
0	1
0	1
0	1
0	1
0	1
0	0
0	0
0	0
0	0
0	0
0	0
0	0
0	0
0	0
0	0
0	0
0	0
0	0
0	0
0	0
0	149
0	778
0	150
0	373
0	0
0	0
0	0
0	0
0	0
0	0
0	0
0	0
0	5923
0	3827
0	2000
1	4013
0	5052
0	5152
0	5890
25	3246
0	5084
0	5884
0	1995
0	5082
15	124630
0	109029
0	12
0	11
0	0
0	8
0	9
0	0
0	0
0	0
0	0
0	956
0	960
0	941
0	457
0	77
1	32
0	147
0	580
0	948
0	460
0	154
0	49
0	297
0	950
0	608
0	1726
0	1855
0	1821
0	1189
0	224
0	292
0	0
0	0
0	0
0	101
0	474
0	1035
0	158
0	7
0	5
0	12
2	8
0	8
0	9
0	18
0	0
0	1
0	1
0	0
0	0
0	0
0	0
0	0
0	0
0	0
0	0
0	0
2	0
0	0
0	0
0	0
0	313
0	12
0	12
0	0
0	12
0	12
0	12
0	12
0	0
0	0
0	2
0	5
0	7
0	5
0	2
0	0
0	1
5	113
0	26
0	3
0	0
0	456
0	456
1	440
0	15
0	32
0	131
5	33
4	151
1	365
0	33
0	12
0	12
0	11
0	66
0	456
0	131
0	0
0	247
0	209
0	424
0	188
0	388
13	148
0	36
0	0
0	0
0	0
0	36
0	9
0	220
0	295
0	267
3	294
0	42
0	10
0	75
0	71
0	6
0	6
0	6
0	6
0	6
0	6
0	6
0	5
0	7
0	7
0	4
0	4
0	4
0	4
0	4
0	4
0	4
0	0
0	1223
0	1204
0	1134
0	1170
0	1311
6	4740
22	3393
1	2746
0	26
0	206
0	23
0	23
0	36
0	1
0	1
0	1
0	1
0	6
0	1
0	1
0	2766
0	35
2	80
4	207
3	223
0	0
0	18
0	25
0	72
0	79
0	34
0	0
0	0
0	0
0	0
0	0
0	0
0	0
0	0
0	0
0	0
0	0
0	2
0	2
0	2
0	2
0	2
0	2
0	1
0	0
1	28
0	120
0	44
0	60
0	2
0	2
0	277
2	247
0	259
0	231
0	5
0	0
8	105
0	11
0	75
1	31
0	35
0	35
0	46
0	81
0	14
0	0
0	27
0	5
0	13
0	26
8	75
0	87
0	46
0	14
0	9
49	13
0	56
0	104
0	73
0	75
0	0
0	0
0	0
0	0
0	0
0	774
0	237
0	182
0	268
0	338
0	65
3	344
2	169
0	8
0	0
0	0
0	0
0	0
0	0
0	5
0	1
0	0
0	2
0	282
0	283
0	427
0	447
0	157
0	167
0	64
0	19
0	20
0	18
2	2239
0	954
0	1089
0	918
0	1594
0	839
0	985
0	790
0	21
0	1155
0	1562
0	9
0	1243
0	1938
0	19
0	27
0	25
0	2
0	2
0	2
0	2
0	2
0	0
0	0
0	1
0	2
0	234
0	36
0	328
0	264
0	204
3	192
0	324
0	324
0	0
0	0
0	0
0	0
0	0
0	0
0	0
0	1
0	4
0	4
0	1
0	0
0	1
0	39
1	0
0	1
0	3
0	1
0	2
1	4
0	3
0	9
0	14
0	13
0	2
0	1
0	37
0	14
1	14
0	2
4	2361
0	93
31	54
1	196
0	66
1	236
0	157
0	773
0	7
5	65
0	7
0	47
0	65
0	65
0	65
0	65
0	41
0	65
0	0
0	0
0	0
0	0
0	0
0	0
0	0
0	0
0	0
0	0
0	23
0	23
0	0
0	0
1	4
0	6
0	1
0	0
0	0
0	0
0	0
0	0
0	0
0	0
0	0
0	0
0	210
0	15
0	10
0	114
0	2
0	89
0	100
0	10
0	195
0	123
0	9
1	13
0	10
0	10
0	100
0	0
0	0
0	0
0	136
0	133
0	31
0	10
0	21
1	33
0	33
0	27
0	21
0	148
0	163
0	0
0	0
0	4
0	0
0	6
0	6
0	1
0	0
0	0
0	498
0	252
0	528
0	261
3	163
0	237
0	424
0	455
6	31
0	11
0	76
0	218
0	388
0	0
0	0
0	0
0	0
0	0
0	0
0	0
0	0
0	0
0	0
0	0
0	0
0	0
0	0
0	0
0	0
0	0
0	0
0	0
0	0
0	0
0	0
0	0
0	0
0	1
0	4
0	1
0	1
0	3
0	3
0	1
0	4
0	2
0	1
0	0
1	0
0	224
0	187
0	84
0	10
3	4
0	79
0	79
0	48
0	24
0	10
0	32
0	13
0	187
0	178
0	159
0	148
0	43
0	234
0	68
0	34
0	158
0	83
0	84
0	90
0	183
0	339
0	304
0	230
0	124674
0	92007
0	365
0	66
0	62
0	68
0	52
0	478
0	1354
0	1656
0	1355
0	3
0	4
0	4
0	2
0	5
0	0
0	3
0	2
0	3
0	3
0	3
0	1
0	2
0	3
0	2
0	0
0	0
1	561
0	540
0	533
0	525
0	628
0	2
0	17
0	22
0	15
0	7
0	0
0	0
0	0
0	0
0	0
0	0
0	0
0	0
0	0
0	219
0	254
0	167
0	256
0	211
0	198
0	216
0	67
0	151
0	221
0	384
0	0
0	0
0	0
0	0
0	0
0	0
0	0
0	0
0	0
0	0
0	0
0	0
0	0
0	0
0	8
0	6
0	8
0	6
0	2
0	0
0	1
0	2
0	1
0	0
0	0
0	0
0	0
0	1
0	0
1	22
5	25
0	22
0	25
0	24
0	4
0	17
0	22
0	21
0	19
0	7
0	8
0	0
0	0
0	23
0	0
0	0
0	2
0	2
0	1
0	1683
0	440
11	96
0	123
0	270
0	0
0	0
0	0
0	0
0	0
0	1
0	1
0	1
0	1
0	1
0	0
0	0
0	0
0	2
0	2
0	2
0	2
0	18
0	21
1	21
0	6
2	951
1	179
0	821
0	696
0	904
0	0
0	0
0	0
0	0
0	0
0	0
0	0
0	0
0	7
0	6
0	0
0	1
0	1
0	1
0	7
0	3
0	0
0	0
0	0
0	0
0	0
0	0
0	216
0	67
0	211
0	198
0	221
0	253
0	255
0	166
0	383
0	255
0	0
0	1
0	0
0	0
0	0
0	0
0	0
0	0
0	0
0	0
0	0
0	0
0	0
0	0
0	0
0	0
0	0
0	0
0	0
1	3
0	3
0	826
0	826
1	246
0	819
2	367
0	425
1	367
0	501
0	450
0	450
0	279
0	277
0	279
0	147
0	19
0	31
0	134
3	11
0	9
3	62
2	11
3	47
0	10
1	29
0	36
0	0
0	8
0	8
0	278
0	2
0	2
0	7935
0	7914
4	569
0	335
19	496
20	752
2	347
0	53
0	2792
4	163
1	392
1	379
5	132
1	161
0	0
0	0
0	0
0	0
0	0
0	0
0	0
0	0
0	0
0	0
0	0
0	0
0	0
0	0
0	0
0	0
0	0
0	1
0	2
0	2
0	2
0	1
0	0
0	1
0	256
2	307
0	287
0	250
0	261
0	262
0	299
0	313
0	313
0	0
1	6
0	6
0	0
0	6
1	0
0	0
0	0
0	386
0	361
0	63
0	350
0	314
0	364
0	9
0	87
0	152
0	0
0	0
0	0
0	0
0	0
0	0
0	0
0	0
0	0
0	0
0	0
0	74
0	46
0	443
0	124
0	438
0	42
0	455
0	37
0	430
0	83
0	434
0	0
0	355
0	154
0	135
0	128
0	119
0	122
0	121
0	122
0	75
0	0
0	6
0	1
0	19
0	198
0	2
0	1593
0	1698
0	1601
0	1592
0	1347
0	1592
0	1591
4	328
2	260
0	3946
0	4933
0	253
0	2403
0	1188
0	679
0	664
0	605
0	1096
5	2
8	955
2	551
0	0
0	0
0	0
0	159
0	7
0	155
0	153
0	129
0	70
0	16
0	26
0	21
0	148
0	138
5	434
0	647
0	824
15	355
0	450
0	13
0	13
0	0
0	0
0	0
0	70
0	49
0	0
0	0
0	0
0	109
0	163
0	243
0	238
0	255
0	49
0	40
0	84
0	69
0	105
0	69
2	16
0	22
0	234
0	2
0	429
0	2
0	187
0	1
0	214
0	22
0	231
0	0
0	0
5	52
0	10
0	8
0	54
0	4
0	5
0	50
0	18
1	16
0	8
0	11
0	3
0	1
0	0
0	0
0	0
0	0
0	26
0	76
0	0
0	0
0	0
0	474
0	524
0	165
0	1
0	0
0	0
0	10
0	10
0	10
0	5
0	10
0	8
0	2
0	2
0	2
0	1
0	1
0	1
0	0
0	0
0	5
0	2
0	3
0	8
0	2
0	14
0	5
0	5
0	36
0	117
0	93
0	10
0	36
0	31
0	20
0	0
0	16
0	43
0	15
0	50
2	0
1	0
0	0
4	7
0	3
0	49
0	2
0	19
0	0
0	0
0	0
0	0
0	0
0	0
0	25
0	18
0	17
0	30
0	15
0	20
0	209
0	335
0	407
0	305
0	249
0	407
0	454
0	236
0	226
0	191
0	0
0	0
0	667
0	773
0	724
0	669
0	669
0	685
0	1215
0	1215
0	1196
0	152
0	1
0	0
0	2
0	0
0	0
0	0
0	0
0	0
0	0
0	0
0	0
0	0
0	0
0	0
0	0
0	0
0	0
0	0
0	0
0	0
0	1
0	1
0	0
0	0
0	0
0	0
0	0
0	0
0	0
0	0
0	850
0	801
0	172
0	75
35	122
0	0
1	65
4	7
0	64
0	0
0	0
0	0
0	0
0	0
1	0
0	1800
4	189
0	66
0	5
0	204
0	1230
0	172
0	145
0	496
0	422
0	526
0	453
0	0
0	0
0	1
0	0
0	2
0	2
0	0
0	0
0	0
0	0
0	0
0	0
0	0
0	0
0	0
0	1
0	1
0	1
0	0
0	0
0	0
0	0
0	0
0	0
0	0
0	7
0	7
0	5
0	5
0	3
0	3
0	0
0	0
0	0
0	0
0	34
0	35
0	11
0	29
4	0
0	0
0	0
0	0
0	0
0	0
0	0
0	0
0	0
0	0
0	0
0	0
0	0
0	0
0	0
0	0
0	0
0	7
0	775
0	725
0	850
0	806
0	173
0	25
0	18
0	17
0	30
0	15
0	20
0	0
0	0
0	0
0	0
0	0
0	0
0	0
0	0
0	0
0	0
0	0
0	0
0	0
0	0
0	12
0	11
0	0
1	0
0	0
0	508
0	480
0	449
0	152
0	389
0	331
0	26
1	22
1	7
1	0
1	17
0	245
4	86
0	86
0	24
0	43
0	39
2	19
0	50
6	43
0	9
0	2
0	0
0	0
0	0
0	0
6	564
0	576
0	372
0	328
1	276
0	261
0	234
0	570
0	10
0	10
0	10
0	10
0	2
0	5
0	0
0	0
0	8
0	5
0	2
0	8
0	76
0	73
0	35
0	32
0	14
0	20
0	13
0	6
0	8
0	6
0	2
0	3
0	2
0	3
0	3
0	4
0	2
0	3
0	1
0	0
0	24
0	27
0	918
0	922
0	903
0	419
0	77
0	542
0	910
0	460
0	154
0	259
0	143
0	291
6	34
0	1
0	18
0	1
0	3
0	7
0	1
0	3
0	23
0	0
0	11
0	7
0	16
0	3
0	7
0	16
0	7
0	18
0	16
0	22
0	22
0	0
0	0
0	182
0	0
0	36
0	844
0	35
0	822
0	839
0	30
0	660
0	151
0	854
0	824
0	210
0	185
0	854
0	611
0	621
0	149
0	163
0	175
0	794
0	861
0	250
0	238
1	110
0	84
0	78
1	34
8	39
0	26
0	29
0	13
0	12
0	24
0	5
0	3
0	10
0	0
0	0
0	15
0	27
0	24
0	25
0	0
0	0
0	496
0	443
0	149
0	383
0	325
0	26
0	244
0	15
0	86
0	24
0	40
0	39
0	49
0	276
0	338
0	293
0	298
0	291
0	192
0	16
0	0
0	0
0	0
0	0
0	13
0	13
0	0
0	0
0	0
0	0
0	0
0	7
0	7
0	7
0	7
0	0
0	0
0	6
0	7
0	1
0	2
0	0
0	0
0	0
0	1
0	171
0	0
0	0
0	0
0	0
0	109
0	107
0	37
0	204
0	29
0	45
0	5
1	687
0	12
0	1
1	1
0	1
0	9
0	2
0	5
0	3
0	2
0	2
0	0
0	0
0	0
0	2
0	0
0	720
125	1687
0	2249
0	2536
0	2104
0	2483
1	2326
2	1929
0	2010
0	2105
0	1219
1	1583
0	1473
0	1537
0	1498
0	1305
0	1179
0	1217
0	772
0	563
8	356
0	413
31	150
31	165
0	175
2	135
0	117
0	89
12	88
0	98
0	74
0	70
0	71
0	55
0	55
0	28
0	20
0	35
0	43
0	38
0	30
0	32
0	33
0	2031
0	2430
0	2333
0	2534
0	279
0	277
0	279
0	147
0	134
0	36
0	8
0	278
0	8
0	12
0	0
0	0
0	362
0	29
0	243
3	81
0	158
0	13
0	62
0	705
0	695
0	703
0	669
0	388
0	383
0	484
0	159
0	0
0	158
2	98
5	95
0	144
2	65
0	148
0	146
9	24
0	12
0	211
0	57
0	208
0	196
0	216
0	240
0	242
0	153
0	370
20	672
0	44
8	0
0	521
0	162
0	25
0	9
0	14
0	2
0	3
0	0
0	0
0	0
0	0
0	44
0	0
0	0
0	0
0	0
0	0
0	0
0	0
0	294
0	83
0	364
0	0
0	0
0	1682
0	122
0	269
0	4
0	17
0	22
0	21
0	19
0	7
0	8
0	3
0	3
0	1
0	2
0	0
0	0
0	0
0	2
0	2
0	171
0	185
0	7
0	112
0	94
0	195
0	186
0	112
0	58
0	147
0	190
0	132
0	171
0	31
0	10
0	0
0	571
0	0
0	0
0	1
0	0
0	1
0	0
0	0
0	547
0	415
0	400
0	19
0	27
0	3
0	2
0	4
0	3
0	178
0	198
0	442
0	511
0	226
0	89
0	1567
0	147
0	1516
0	1514
0	1401
0	78
0	221
0	767
0	658
0	17
0	45
0	72
0	31
0	190
0	1495
0	0
0	4877
6	901
30	470
20	285
1	4
7	196
0	146
0	134
0	221
0	0
0	0
0	69
5	0
0	0
0	0
0	1
0	1120
0	1081
0	1110
0	241
0	1081
0	213
0	184
0	1055
0	1071
0	104
0	257
0	89
0	139
0	120
0	73
7	0
0	6
0	2
0	3933
0	250
1	4894
0	2390
0	0
0	0
0	0
0	0
0	15
6	767
0	834
0	760
3	739
0	192
0	104
0	121
3	66
2	58
0	99
0	25
0	64
0	766
0	1221
0	276
0	1559
0	1034
0	1313
138	1547
9	1053
6	1601
3	1601
13	1032
0	1144
0	1446
0	1544
0	61
0	198
0	17
0	12
0	1
0	0
0	607
3	339
0	578
0	511
0	125
0	188
0	37
0	129
0	70
0	140
0	178
0	495
0	190
0	426
0	390
0	0
0	2266
0	466
0	494
0	335
0	375
0	367
0	162
14	48
0	336
0	301
0	239
0	148
2	127
0	102
0	238
0	788
0	163
0	868
0	851
0	788
0	250
0	215
0	218
0	43
0	48
0	62
0	867
0	0
0	498
0	447
0	458
0	843
0	767
0	1371
0	1288
0	1238
0	1086
0	1049
0	143
0	294
0	187
0	182
0	292
0	189
0	402
0	152
0	458
0	179
0	252
0	151
0	109
0	107
0	37
0	203
0	29
0	7
0	9
0	6
0	6
0	6
0	6
0	2
0	2
0	0
0	2
0	1
0	1
0	2
0	2
0	0
0	0
0	0
0	0
0	0
0	80
0	80
0	44
0	54
0	153
0	96
0	98
0	24
0	0
0	0
0	460
0	463
0	511
0	0
0	0
0	49
0	270
0	270
0	34
0	84
0	266
0	244
0	77
0	70
0	25
0	249
0	57
0	79
0	67
4	34
0	0
0	0
0	0
0	0
0	0
0	0
0	2
0	2
0	2
0	2
0	2
0	2
0	1
0	438
0	430
0	83
0	443
0	124
0	74
0	455
0	434
0	2
0	555
0	564
0	467
0	552
0	344
0	358
0	554
0	72
0	0
1	5
2	0
0	21
0	78
0	138
0	392
0	131
0	121
0	124
0	125
0	124
0	158
0	1
0	7
0	395
0	398
0	398
0	405
0	399
0	0
0	0
0	0
0	1
0	1
0	0
0	182
0	188
0	152
2	2247
0	0
0	0
0	0
0	0
0	56
0	133
0	11
0	29
0	48
0	61
0	53
0	26
4	28
0	41
0	23
0	28
0	17
0	1435
3	103
0	282
0	212
0	94
0	55
0	97
0	224
0	68
6	152
0	356
0	153
0	127
0	0
0	0
0	0
0	0
0	0
0	0
0	0
0	0
0	0
0	0
0	461
0	179
0	182
0	152
0	401
0	290
0	151
0	443
0	124
0	438
0	455
0	430
0	83
0	434
0	162
0	50
0	356
0	165
0	6
0	70
1	64
1	157
0	287
0	124
0	111
0	335
0	121
0	7
0	222
0	532
0	206
10	350
1	143
0	83
0	58
1	286
0	100
0	62
0	56
0	1435
0	1174
0	894
0	1544
0	198
0	16310
0	12277
0	15488
0	5214
0	5187
3	5724
4	3051
0	2934
0	3737
1	2397
1	76
0	1
0	2
0	11
0	9
0	33
0	2
0	10
0	263
0	292
0	118
0	94
0	370
0	3771
0	3734
0	3897
0	260
0	709
0	417
0	610
0	2195
0	283
0	393
0	424
0	456
0	308
0	1735
9	199
0	919
0	1015
0	925
3	1018
0	1017
0	989
0	1087
0	762
0	729
0	754
0	713
0	425
0	580
0	495
0	3810
0	3155
0	1078
0	1070
0	616
0	92
0	107
0	48
0	59
0	62
0	30
0	29
0	5
0	5
0	5
0	1800
0	1230
0	172
0	145
0	4
0	4
0	4
0	4
0	4
0	4
0	4
0	8
0	8
0	7
0	7
0	7
0	7
0	7
0	7
0	7
0	6
0	0
0	8
0	385
0	384
0	321
0	321
33	215
0	220
0	207
0	237
0	70
0	800
0	900
0	866
0	904
4	872
1	514
1	545
0	746
14	496
0	747
0	0
0	1007
0	1051
0	738
21	98
0	39
0	324
0	911
0	107
0	0
0	17
0	85
1	1
0	239
0	249
0	28
0	123
13	18
0	133
0	24
1	183
0	3
0	445
3	462
42	473
0	914
0	1001
0	995
0	992
0	998
0	137
2	69
0	78
0	104
0	15
0	427
1	339
1	62
0	47
6	13
0	0
0	0
0	0
0	0
0	0
0	0
0	0
0	0
0	24
0	21
0	27
0	23
0	24
0	22
0	0
0	769
0	703
0	0
0	0
0	0
0	846
0	117
0	232
0	9
0	17
0	9
0	609
5	593
0	543
0	259
0	132
0	26
0	30
0	30
0	76
0	0
0	0
0	0
0	0
0	0
0	0
0	0
91	107
28	106
0	70
0	1
0	247
6	223
0	239
0	177
0	81
2	20
0	39
0	30
0	4
0	1
0	0
0	1
0	0
0	1
0	1
0	0
0	0
0	0
0	2260
5	983
0	434
0	1783
1	478
0	148
1	758
17	555
1	511
0	207
0	784
1	521
0	516
0	376
0	369
0	344
0	311
0	215
0	78
0	146
0	2266
0	31089
0	28085
0	28103
0	28149
0	0
0	0
0	0
0	0
0	0
0	0
0	1646
0	389
0	1617
0	19
0	1495
0	814
0	2158
1	2108
0	1990
0	1990
0	1990
0	1
0	1
0	0
0	0
0	0
0	0
0	0
0	0
0	0
0	124738
0	92071
0	621
0	537
0	496
0	421
0	535
0	348
0	271
8	610
0	313
0	188
0	621
0	0
0	0
0	0
0	2
0	1
0	267
0	15
0	23
0	20
0	8777
0	0
0	0
0	0
0	0
0	0
0	0
0	0
0	0
0	0
0	0
0	0
0	0
0	2
0	2
0	830
0	1662
0	722
0	1499
0	1611
0	1609
0	202
0	50
0	92
0	45
0	17
0	221
0	147
0	1636
0	3
0	7
0	1
0	1
0	2
1	1
0	1
0	1
0	990
0	335
0	1106
0	44
0	104
0	261
0	62
0	11
0	0
0	8
0	65
0	75
0	64
0	627
0	0
0	0
0	0
0	0
0	0
0	0
0	0
0	4868
0	867
0	552
0	497
0	324
0	351
0	4266
0	4469
0	650
0	1279
0	150
0	0
0	0
0	0
0	0
0	0
0	0
0	0
0	0
0	0
0	0
0	6
0	29
0	9
1	38
2	0
0	11
1	18
4	6
2	4
0	2483
0	2632
0	2549
0	356
1	96
0	0
0	0
0	0
0	0
0	0
0	4872
0	0
0	0
0	0
0	0
0	461
0	452
0	503
0	514
0	255
0	80
0	80
0	45
0	54
0	154
0	96
0	98
0	1
0	1
0	1
0	1
0	1
2	745
0	448
0	514
0	189
0	354
0	140
0	79
0	57
0	284
0	100
0	62
0	0
0	0
0	0
0	0
0	159
1	193
0	378
0	382
0	384
0	134
0	207
0	183
0	154
0	121
0	111
3	105
0	74
0	27
1	58
3	36
0	1105
0	67
0	383
0	463
0	667
0	700
0	693
0	701
0	7
0	245
0	59
0	37
0	415
0	361
0	158
0	171
0	100
0	104
0	2
0	3
0	0
0	1
0	1
0	1
0	2
0	3
0	3
0	5
0	4
0	2
0	0
0	0
0	0
0	0
0	2
0	0
0	0
0	0
0	33
0	1
0	1
0	385
0	54
0	30
2	30
0	1
0	1
0	1
0	1
0	0
0	1
0	0
0	152
0	4053
0	11327
0	19136
0	17030
0	16783
0	6234
0	2861
0	3168
0	5693
0	3553
0	19538
0	19565
0	77
0	88
0	88
0	44
0	29
0	2
0	2
0	0
0	2
0	2
0	0
0	0
0	0
0	0
0	26
0	28
0	26
0	9
0	22
0	7
0	2
0	10
0	10
0	4
0	14
0	10
0	11
0	0
0	179
0	179
0	204
0	60
0	150
0	275
0	327
0	1105
0	1424
0	788
0	476
0	628
0	1428
0	467
0	483
0	478
0	1426
0	0
0	1781
0	1729
0	1770
0	1781
0	1537
1	970
0	510
0	799
0	810
0	610
4	388
0	482
0	272
0	427
13	169
0	306
0	255
4	34
0	162
0	130
5	125
0	1787
0	1732
0	1776
0	6
0	6
0	6
0	6
0	0
0	7
0	7
0	7
0	407
0	455
0	236
0	540
0	555
0	1780
0	160
0	45
0	4
0	0
0	270
0	0
0	93
0	3
0	50
0	0
0	0
0	0
0	19541
0	215
0	4022
0	19514
0	11341
0	19158
0	16996
0	16760
0	6211
0	3161
0	5711
0	3571
0	0
0	1440
0	671
0	273
18	779
0	716
1	116
0	8
0	13
0	40
0	190
0	187
0	176
0	1474
0	1577
0	1590
0	691
0	668
0	473
0	199
0	870
0	789
0	814
0	679
2	684
0	625
0	92
0	78
0	263
0	351
0	24
0	11
0	312
0	58
0	64
0	27
0	83
0	40
4	82
1	81
0	23
0	15
0	1
0	0
0	0
0	0
2	0
0	14
0	20
0	44
0	50
0	0
0	0
0	0
0	0
0	117
0	1449
0	141
0	26
0	76
0	0
0	827
0	2019
0	1644
0	1372
0	876
0	152
0	391
0	285
0	0
0	0
0	0
0	0
0	326
11	177
0	255
5	219
0	164
0	0
0	2
0	2
0	2
0	2
0	129
0	69
0	129
0	35
0	85
0	53
0	40
0	44
0	37
0	62
0	89
0	7
0	49
0	129
0	69
0	18
0	41
0	278
0	0
0	0
0	0
0	0
0	0
0	0
0	0
0	0
0	0
0	0
0	156
0	155
0	0
0	0
0	0
0	0
0	34
0	571
0	545
0	96
0	3
0	2
0	375
0	366
0	327
0	1683
0	441
0	506
0	152
0	343
0	22
0	112
0	439
0	151
3	148
0	0
0	719
0	575
1	539
0	377
0	62
0	114
0	88
0	155
0	58
0	59
0	188
1	106
0	10
0	62
1	27
0	292
0	700
4	716
2	703
0	701
3	94
0	700
0	351
0	261
0	572
0	140
0	614
0	477
3	97
0	344
3	1
0	0
0	0
0	0
0	0
1	0
0	0
0	0
0	0
0	0
0	0
0	0
0	0
0	29
0	0
0	5
1	0
1	1
0	0
0	29
0	18
0	9
0	16270
0	15916
0	13698
13	11964
0	13188
0	16107
63	6117
5	7152
0	37
0	51
0	271
0	44
0	40
0	309
0	331
3	27
0	46
0	270
3	34
5	313
0	48
48	177
4	68
2	88
0	11
1	11
0	2
0	2
0	8
0	8
0	1
0	1
0	4
0	5
0	1
0	7
0	6
0	4
0	1
0	1
0	1
0	1
0	13
0	13
0	6
0	6
0	6
0	5
0	1
0	2
0	1
0	2
0	1
0	1
0	1
0	0
0	0
0	0
0	0
0	0
0	0
0	663
0	905
0	928
0	911
0	254
0	109
0	120
0	101
0	78
0	0
0	99
0	76
0	18
0	26
0	20
0	42
0	57
0	84
0	6
0	0
0	0
0	0
0	0
0	0
0	0
0	0
0	14
0	34
0	2
0	12
0	9
0	9
0	0
0	0
0	0
0	2
0	130
0	11
0	9
0	0
0	2
0	6
1	1167
0	989
0	0
0	0
0	0
0	75
0	75
0	0
0	0
0	2158
0	1990
0	1990
0	197
0	321
0	319
0	318
0	255
0	86
0	119
0	121
0	1
0	194
0	121
0	305
2	85
0	318
0	318
1	323
0	318
0	318
0	20
0	1
0	292
0	6
0	10
0	11
0	19
0	24
0	32
0	27
0	10
0	9
0	6
0	6
0	9
0	26
0	25
0	26
0	10
0	0
0	10
0	16
0	1
0	0
0	1670
0	967
0	0
0	309
0	2
0	1
0	3
0	2
0	3
0	2
0	109
0	163
0	243
0	238
0	255
0	49
0	40
0	84
0	22
0	234
0	248
0	798
0	172
0	877
0	513
0	860
0	797
0	261
0	225
0	463
0	228
0	52
0	83
0	121
0	876
0	1683
0	2316
0	2241
0	2296
0	1336
1	1739
0	506
0	70
0	313
0	155
1	117
0	114
10	72
0	781
0	27
0	193
1	69
0	70
0	82
0	90
12	30
0	44
0	0
0	26
0	26
0	28
0	23
0	6
0	9
1	4
3	12
0	14
0	15
0	7
0	4
0	2
1	2
0	4
1	0
0	16
0	0
0	0
0	127137
0	94470
0	10
0	8
0	35
0	2
0	1
3	0
0	81
0	35
0	141
1	919
0	100
0	690
0	152
0	616
0	749
0	276
0	3
0	3
0	2
0	2
0	2
0	1
0	0
0	0
0	0
0	1
0	1
0	0
0	12
302	12
0	3271
0	3028
0	936
4	354
0	1257
0	2331
0	461
0	0
0	14
0	32
0	41
0	174
2	0
0	17
0	7
0	31
0	18
0	22
0	10
0	9
0	14
0	175
1	5
0	10
0	11
9	172
0	96
0	8
0	170
0	12
2	11
0	50
0	189
11	11
0	50
1	1
0	189
5	647
0	275
0	207
0	149
0	115
0	269
0	226
0	0
0	0
0	0
0	0
0	0
0	0
0	0
0	136
0	455
0	889
0	746
3	253
0	160
0	201
0	218
1	113
0	149
0	100
0	0
0	0
0	0
0	0
0	0
0	0
0	309
0	269
0	119
0	195
0	30
0	10
0	9
0	0
0	0
0	0
0	0
0	0
0	0
0	0
0	0
0	0
0	788
24	294
0	229
0	344
11	393
1	119
2	120
0	168
0	167
0	159
0	147
0	31
2	31
0	232
0	422
0	445
0	408
0	72
0	160
0	3
0	3
0	2
0	1
0	1
0	0
0	1
0	0
0	1
0	1
0	1
0	1
0	0
0	0
0	0
0	1
0	0
0	0
0	0
0	1795
0	1732
0	1800
0	1324
0	1243
0	224
0	84
0	230
0	690
0	1577
0	102
0	182
10	175
0	156
2	181
0	175
0	181
0	169
0	176
0	163
0	180
0	112
0	6
0	20
28	20
0	0
0	0
0	4
0	4
0	3
0	4
0	4
0	4
0	4
0	4
0	4
0	4
0	4
0	4
0	2
0	0
0	2
0	2331
0	125443
0	22
0	21
0	19
0	4
0	3
0	3
0	2
0	561
0	324
0	551
1	383
3	176
0	1754
0	1838
0	1578
0	287
1	967
0	1630
0	81
0	1753
0	1753
0	577
0	1201
0	1196
1	144
0	238
0	600
0	22
0	134
22	73
0	116
0	85
80	261
19	595
0	159
0	0
0	0
0	0
0	0
0	0
0	0
0	0
0	0
0	219
0	472
0	467
0	849
1	29
2	22
0	22
1	3
0	23
0	10
0	22
0	2
0	2
0	0
0	6
0	316
0	1844
0	1793
0	2020
0	219
0	169
0	187
0	0
0	0
0	0
0	0
0	0
0	1348
0	1323
4	106
11	257
1	524
0	1336
0	62
6	75
0	957
0	961
0	942
0	459
0	49
0	949
0	582
0	461
0	154
0	0
0	338
0	339
0	339
0	582
0	462
0	950
0	943
0	958
0	961
0	390
0	669
0	330
0	140
0	300
0	4
0	611
0	610
0	553
0	386
0	341
0	272
0	157
0	68
0	68
0	60
0	43
0	53
0	19
0	2
0	1671
0	1796
0	673
0	1242
0	514
0	210
0	389
0	1
0	1
0	7
0	7
0	7
0	3
0	1
1	6
0	0
0	0
0	0
23	428
5	1661
0	1849
0	1061
0	763
0	1106
0	0
0	0
0	3837
0	2024
0	3035
0	5893
0	3757
0	5045
0	1997
0	5181
0	5080
0	5147
1	840
0	0
0	0
0	0
0	0
0	540
0	590
0	167
0	634
0	611
0	704
0	632
0	647
10	12
0	0
0	0
0	0
0	0
0	0
0	0
0	0
0	0
0	0
0	472
0	418
1	432
0	344
0	70
1	29
3	167
6	257
0	13
2	102
8	18
0	192
0	118
1	57
0	213
0	47
0	26
4	13
0	56
0	71
0	84
0	53
0	29
0	97
1	78
0	72
0	89
0	85
0	85
0	66
0	15
1	0
0	0
0	2
0	2
0	2
0	2
0	2
0	2
0	1
0	12
0	12
0	12
0	12
0	12
0	0
0	12
0	540
0	531
0	567
0	468
0	531
0	170
0	168
0	504
0	540
0	138
0	61
0	29
0	48
0	53
0	28
0	41
0	23
0	2468
0	304
0	749
0	602
30	197
0	60
0	0
0	0
0	0
0	0
0	0
0	0
0	666
0	908
0	931
0	914
0	254
0	109
0	120
0	101
0	78
0	150
0	0
0	0
0	0
0	0
0	0
0	0
0	0
0	0
0	36
0	15
0	3
0	2
0	36
0	36
0	0
0	0
0	0
0	0
0	68
0	13
0	56
0	2
0	37
0	28
4	39
0	16
0	222
0	58
0	37
0	143
0	11
0	9
0	0
0	2
0	6
0	322
0	237
0	18
0	0
0	210
0	185
0	67
0	107
0	129
0	78
0	74
0	7
0	140
0	74
0	40
0	204
0	648
0	652
0	598
0	85
0	117
0	66
0	115
0	82
0	215
0	77
0	79
0	7
0	642
0	10
0	4
0	10
0	1
0	5
0	8
0	62
0	147
0	95
0	0
0	0
0	0
0	0
0	0
0	0
0	0
0	0
0	0
0	0
0	0
0	0
0	0
0	0
0	201
0	477
0	371
0	820
0	3876
0	3839
0	4002
0	417
0	608
0	2193
0	281
0	391
0	422
0	1735
0	925
0	762
0	713
0	3915
0	3262
0	0
1	40
0	370
0	0
0	0
0	1
0	0
0	0
0	327
0	342
0	82
0	203
0	75
0	99
0	319
0	142
0	761
0	746
0	755
0	12
0	9
0	12
0	9
0	9
0	13
0	3
0	272
0	146
0	151
0	250
2	10
1	19
0	21
0	117
10	219
4	26
0	246
0	1598
0	1703
0	1606
0	1597
0	1352
0	1597
0	1596
0	55
0	8
0	8
0	55
7	2
0	3
0	3
1	2
0	2
0	6
0	5
0	3
0	5
19	3
0	3
1	2
0	3
0	1009
0	1053
0	303
0	2
0	1
0	1379
21	1350
13	1053
22	676
0	1151
3	294
12	132
51	72
0	85
5	28
2	49
0	84
2	117
1	56
0	90
20	44
6	93
0	570
0	360
0	303
0	295
1	150
1	137
0	25
1	43
11	16
0	1
0	75
0	72
0	512
0	697
0	693
0	3
0	133
5	9
0	3
0	10
0	1230
0	1632
0	684
0	390
0	650
0	583
0	219
0	610
0	569
0	420
1	386
0	102
0	609
0	3928
1	222
2	476
0	4
0	4
0	3
0	4
0	4
0	4
0	4
0	4
0	4
0	4
0	4
0	4
0	56
0	45
0	10
0	8
0	45
0	12
0	4
0	0
0	4
0	26
0	853
0	909
0	733
3	158
0	187
0	92
7	47
0	141
0	70
0	243
0	239
0	884
0	828
0	380
1	103
0	326
0	398
0	256
0	487
0	795
4	788
0	241
5	251
0	928
0	229
1	527
6	356
2	255
0	231
0	135
0	476
0	194
4	60
0	41
5	85
0	3
0	3
0	0
0	0
0	0
0	0
0	0
0	0
0	0
0	0
0	0
0	295
0	335
0	273
0	189
0	290
0	288
0	668
0	835
1	267
0	254
17	117
4	177
1	170
0	11
0	0
0	8
0	0
0	0
0	0
0	169
0	1781
0	1515
0	119
5	137
2	1312
0	279
0	236
0	321
0	236
0	386
0	385
0	87
0	150
0	104
0	38
0	67
2	95
2	36
99	75
0	61
0	5
0	1120
0	211
2	110
0	202
0	1
0	2
0	120
4	40
61	43
0	86
1	0
0	78
0	94
0	79
1	57
0	74
5	49
3	47
0	73
0	1
0	1886
0	1311
2	162
0	532
0	599
2	290
0	841
26	462
10	590
0	669
0	171
10	148
30	297
0	99
0	356
0	301
0	379
0	393
0	129
0	143
0	127
0	112
0	33
0	23
0	126
0	301
0	0
0	0
0	1
0	0
0	1
0	0
0	1
0	0
0	0
0	0
0	0
0	0
1	799
0	878
0	531
0	531
0	805
0	325
0	861
0	480
0	83
0	877
0	970
0	904
5	429
2	651
0	657
0	49
0	568
0	27
0	26
1	34
2	27
0	72
1	20
0	129
0	58
3	15
0	10
0	15
0	10
1	7
0	9
0	38
0	28
0	6
0	6
0	6
0	18
0	22
0	29
0	1
13	769
0	58
3	673
1	487
4	459
1	392
0	764
0	35
0	8
0	10
0	2
0	35
0	17
0	7
0	23
0	23
0	23
0	290
0	0
0	0
0	0
0	322
0	682
0	100
0	38
0	264
0	713
0	3771
0	1735
0	0
0	339
0	409
0	1786
0	8072
0	7630
0	5570
0	0
0	0
0	0
0	0
0	0
5	173
0	1671
49	213
3	26
12	41
1	95
12	121
7	21
16	602
10	429
0	59
0	0
0	0
0	0
0	0
0	210
0	129
0	185
0	7
0	1099
0	660
0	160
0	142
0	25
0	114
0	1079
0	55
0	97
0	0
0	0
0	0
0	0
0	0
0	0
0	0
0	0
0	0
0	0
0	552
0	627
13	140
11	15
0	88
0	210
0	530
0	36
0	338
38	533
0	184
1	92
0	185
0	67
0	1053
0	1034
0	80
13	101
13	111
0	321
0	298
0	153
0	0
0	0
0	0
0	0
0	0
0	0
0	0
0	0
0	0
0	0
0	0
0	0
0	0
0	0
0	0
0	542
0	542
0	525
0	450
0	542
0	162
0	162
2	483
0	542
0	162
0	143
0	1249
5	105
0	106
0	93
0	126
1	166
0	364
0	779
0	113
0	88
0	709
0	1
0	104
0	133
0	149
0	156
0	108
0	95
0	141
0	140
0	73
0	1
0	705
0	96
0	94
0	213
0	553
0	57
0	242
0	485
0	32
0	156
0	0
4	224
4	202
0	198
6	77
0	41
0	139
0	136
0	50
0	79
0	62
0	95
0	111
0	54
0	17
0	3
0	139
0	80
0	80
0	44
0	53
0	153
0	96
0	98
0	0
0	0
0	0
0	0
0	0
0	0
0	0
0	0
0	0
0	0
0	0
0	0
0	0
0	1
0	1
0	1
0	0
0	1223
0	667
0	270
0	413
0	256
0	682
0	0
0	884
0	622
0	894
0	1038
0	55
0	118
0	329
0	329
0	0
0	362
0	424
1	421
0	429
43	436
0	128
11	119
0	115
0	106
7	86
1	80
1	53
0	541
0	187
0	526
1	513
0	108
0	102
0	81
0	83
0	80
1	84
0	77
0	27
0	20
0	24
0	32
0	27
0	10
0	9
0	26
0	9
0	26
0	6
0	25
0	4924
0	211
0	4501
0	4300
0	351
0	497
0	324
0	73
0	335
0	444
0	573
2	786
1	670
0	898
1	36
0	127
0	78
0	17
0	22
0	15
0	84
0	60
0	1890
37	52
54	819
4	1021
0	255
47	694
0	128
13	237
6	459
0	0
0	0
0	0
0	3876
0	1735
0	989
0	713
0	36
0	3
0	2
0	0
0	0
34	1608
0	107
0	217
0	48
9	182
3	4
0	1408
0	353
0	251
0	205
0	137
0	150
0	92
0	85
1	92
0	0
0	0
0	0
0	0
0	0
0	0
0	178
0	4
0	1
0	0
0	105
0	97
1	104
0	100
3	11
9	45
0	0
0	0
0	0
0	0
0	0
0	0
0	0
0	0
0	0
0	10
0	3
0	6
0	3
0	0
1	2
0	270
0	3
0	0
0	0
0	0
0	0
0	2
0	2
0	2
0	2
0	2
0	2
0	2
0	225
0	2
0	2
0	0
0	0
0	0
236	2614
0	440
0	238
0	2703
0	1959
0	2585
5	387
1	676
0	1531
0	2313
0	2468
0	0
0	0
5	189
1	1177
0	72
1	44
0	0
0	0
0	294
0	337
0	353
0	387
0	386
0	383
0	375
0	386
0	386
0	47
0	33
0	48
0	33
1	1279
5	1196
0	1192
0	1036
0	911
0	648
0	480
0	373
0	488
0	243
0	281
0	0
0	0
0	0
1	635
0	216
0	261
0	242
0	156
0	87
0	93
0	115
0	115
0	121
0	31
0	143
3	196
0	215
0	101
0	0
0	4876
0	402
0	440
0	765
0	946
0	309
0	337
0	194
0	108
0	162
0	191
1	28
0	1559
0	1034
0	4
0	4
0	1
0	6
0	5
0	0
0	2
0	0
0	1
0	1
0	0
0	129
0	7
0	1
0	1
0	0
0	0
0	0
0	0
0	139
0	3
0	3
0	0
0	0
0	0
0	0
0	0
0	0
0	0
0	0
0	0
0	0
0	0
0	224
0	326
0	850
0	802
0	4443
0	4317
0	1617
0	940
0	599
9	78
1	268
0	2
0	2469
0	603
0	0
0	634
0	611
0	705
0	632
0	647
0	80
0	80
0	153
0	23
0	0
0	0
0	0
0	0
0	0
0	0
0	0
0	0
0	0
0	0
0	15
0	289
0	283
0	278
0	285
0	289
0	132
0	136
0	134
0	86
0	80
0	1
0	0
0	0
0	0
0	0
0	3
0	3
0	0
0	0
0	2
0	2
0	2
0	1
0	0
0	0
0	0
0	0
0	0
0	0
0	3994
8	3552
0	6425
0	13124
0	5925
20	840
0	2715
0	480
0	2096
0	2077
0	9776
0	2488
0	1931
0	1894
0	1783
0	412
0	624
0	0
0	0
0	0
0	0
0	0
0	3
0	163
0	243
0	238
0	255
0	84
0	69
0	105
0	234
0	218
0	262
0	502
0	577
0	234
0	150
0	31
0	0
0	0
0	0
0	2
0	2
0	2
0	0
0	0
490	102
7	99
0	28
0	11
0	0
0	0
0	0
0	138
0	150
0	149
0	145
0	139
0	148
0	17
1	4
0	121
0	0
0	3
0	3
0	288
0	282
0	277
0	284
0	288
0	132
0	86
0	0
0	0
0	0
0	309
0	750
2	831
0	7
0	7
0	5
0	180
0	145
0	205
0	206
2	216
0	36
4	9
2	31
0	24
0	88
0	86
0	86
0	86
0	28
0	0
0	0
0	93
0	0
0	0
0	0
0	2
0	2
0	2
0	0
0	1364
0	1353
0	110
0	495
0	167
0	0
0	253
1	235
0	280
0	494
0	60
0	1209
0	962
0	581
0	66
0	62
0	68
0	52
0	52
1	879
5	855
12	858
0	5
0	0
0	0
0	0
0	0
0	0
0	0
0	0
0	0
0	0
0	0
1	242
15	239
0	177
0	143
1	9
2	139
5	48
3	19
0	14
0	418
0	362
0	158
0	171
0	0
1	1582
0	2
0	1181
0	1066
1	987
1	981
0	876
4	37
9	621
0	418
0	61
3	330
0	197
0	38
0	47
0	577
0	655
0	878
0	798
0	0
0	0
0	0
0	0
0	0
0	0
0	0
0	0
0	0
0	850
1	120
0	236
0	34
0	34
1	0
0	0
0	0
0	0
0	30
0	2
0	3
0	5
0	5
0	3
0	3
0	0
0	531
0	480
0	744
0	322
0	100
0	726
0	7450
0	14677
0	7996
0	8779
0	2922
0	3657
0	12325
0	4024
0	3735
0	4176
0	4064
0	1711
0	2153
0	2193
0	1355
0	2086
0	1854
0	15
0	0
0	0
0	157
0	66
0	17
0	22
0	15
0	32
0	392
0	35
0	377
0	487
0	479
0	37
0	488
0	53
4	476
0	60
0	477
0	478
0	48
1	15
0	52
2	18
0	70
0	848
0	800
0	172
0	0
0	0
0	0
0	0
0	0
0	0
0	0
0	0
0	0
0	0
0	1752
0	1836
0	1576
0	1628
0	1525
0	1751
0	1751
0	1299
0	577
0	900
2	31
0	889
0	304
0	822
0	883
0	826
0	386
0	443
0	310
0	96
0	24
0	197
0	856
0	38
0	862
0	295
0	699
0	116
0	99
0	914
0	268
0	479
0	342
0	301
0	355
0	310
0	857
0	26
0	89
1	116
0	130
0	206
1	337
0	86
1	87
0	81
1	203
1	50
1	134
0	73
0	85
0	39
0	2
0	38
0	0
0	0
0	341
0	532
0	1098
0	2116
0	2100
1	2009
0	1948
0	2089
0	2199
0	1005
0	873
0	1130
0	688
0	0
0	3991
0	7436
0	14535
0	7982
0	8765
0	8763
0	840
0	476
0	2922
0	12141
0	4010
0	3721
0	4162
0	4050
0	1679
0	2139
0	2185
0	1351
0	1853
0	556
0	378
0	173
0	95
9	56
0	175
0	98
0	0
0	0
0	0
0	0
0	0
0	0
0	0
0	0
0	0
0	21
0	20
0	18
0	0
0	0
0	7
0	7
0	6
0	0
0	4
0	6
0	6
0	0
0	0
0	0
0	0
0	0
0	0
0	0
0	604
0	712
0	662
0	606
0	606
0	622
0	0
0	0
0	0
0	0
0	0
0	0
0	0
0	0
0	0
0	247
0	15
0	22
0	20
0	243
0	23
0	241
0	266
0	11659
0	1151
0	11697
0	82
0	417
92	468
0	512
0	561
0	86
0	239
0	980
0	1213
0	697
0	575
0	5670
0	1515
59	0
5	720
14	410
7	868
4	2794
4	4794
0	5412
4	1540
130	890
2	2072
0	9
0	4
0	929
0	1001
0	995
0	992
0	998
0	78
0	104
0	64
0	249
0	113
2	20
0	388
0	412
0	369
16	55
0	220
0	184
1	97
0	165
11	120
0	0
0	0
0	0
0	93
6	71
0	0
0	0
0	0
0	0
0	0
0	0
0	0
0	0
0	0
0	457
0	64
0	1
0	10
0	0
0	10
0	0
0	0
0	0
0	0
0	0
0	0
0	0
0	0
0	50
0	40
0	2
0	2
0	0
0	1
0	0
0	0
0	1
0	0
0	0
0	1
0	0
0	0
0	0
1	0
0	0
0	0
0	0
0	0
0	2
0	1
0	2
0	0
0	327
0	341
0	1374
0	138
0	1299
0	900
0	0
0	0
0	227
0	203
0	91
0	49
17	84
0	283
2	138
0	123
0	0
0	0
0	0
0	0
0	914
0	101
0	46
0	0
0	2
0	9
0	4
0	3
0	3
0	3
0	1
0	0
0	983
0	45
3	39
0	76
0	2
0	975
0	48
14	360
8	103
0	783
10	13
2	13
0	22
6	14
0	0
0	1
0	1
0	0
0	0
0	0
0	1230
0	569
0	102
0	576
0	467
0	502
0	107
0	374
0	504
0	219
0	121
0	810
0	0
0	64
0	765
0	242
0	117
0	143
0	9
0	0
0	0
0	0
0	0
0	0
0	0
0	127
0	325
0	353
0	364
0	376
0	371
0	397
0	235
0	393
0	375
0	226
0	146
0	188
0	170
0	1524
0	824
0	1042
12	785
0	681
11	292
0	539
0	530
0	567
0	467
0	529
0	168
0	166
0	137
0	539
0	276
0	0
0	0
0	0
0	0
0	0
0	0
0	0
0	1007
0	1051
0	737
0	1
0	0
0	0
0	1
0	0
0	1
0	0
0	0
0	0
0	0
0	23
0	23
0	0
0	0
0	11
0	11
0	11
0	0
0	0
0	9
0	2
0	1
0	1
0	923
0	296
0	210
0	92
0	46
0	581
0	499
0	202
0	107
0	244
0	884
0	908
0	290
0	0
0	0
0	0
0	2
0	0
0	0
0	0
0	0
0	0
0	290
0	370
0	369
0	353
0	290
0	215
0	347
0	60
0	52
0	289
0	178
0	198
0	442
0	511
0	0
0	0
0	0
222	1536
0	1536
0	79
0	102
0	66
0	291
0	0
0	0
0	0
0	0
0	0
0	0
0	0
0	0
0	0
0	0
0	0
0	0
0	0
0	0
0	0
0	1
0	1
0	0
0	1
0	1
0	1
0	1
0	1
0	1
0	1
0	1
0	1
0	1
0	1
0	1
0	1
0	1
0	1
0	0
0	0
0	0
0	0
0	172
0	66
0	166
0	107
0	154
0	177
0	209
0	211
0	138
0	339
15	90
0	197
0	139
9	129
0	23
0	0
0	0
0	23
0	0
0	21
0	0
0	0
0	17
0	22
0	17
0	22
0	15
0	7
261	1437
2	1366
0	67
0	792
0	49
0	38
0	30
0	184
0	67
0	11677
0	1165
0	11715
0	83
0	12
0	12
0	0
0	12
0	12
0	12
0	12
0	39
0	2
0	38
0	0
0	0
0	0
0	16
0	0
0	0
0	0
1	0
0	0
0	0
0	0
0	0
1	0
0	55
0	241
87	715
5	338
9	268
2	499
0	15311
0	7982
0	8765
0	8763
0	2917
0	12156
0	4010
0	3721
0	2086
0	288
0	282
0	277
0	284
0	288
0	132
0	136
0	134
0	86
0	80
57	354
2	339
0	239
0	23
0	455
0	65
0	67
0	82
0	442
0	87
146	81
1	55
0	47
0	42
0	268
0	133
0	81
0	0
484	981
4	928
1	78
1	110
2	93
0	4
0	188
1	188
0	188
0	18
0	175
2	3
2	182
4	10
2	206
1283	248
0	108
0	1249
19	1249
0	512
0	914
0	291
0	620
2	186
0	947
1	301
0	94
0	48
2	601
0	519
0	203
0	107
0	246
0	908
0	932
0	0
0	1
0	2
0	0
0	2
0	2
0	2
0	2
0	0
0	0
0	0
0	2
0	0
0	0
0	0
0	12933
0	12906
0	11373
0	12550
0	10859
0	10151
0	2
0	0
0	2
0	0
0	0
0	1053
0	1034
0	321
0	298
3	88
0	46
15	69
1	70
4	17
0	28
97	11
0	26
22	50
20	14
0	7
0	11
0	23
0	18
0	16
0	16
0	7
0	3
0	7
0	1
0	3
0	19
0	22
0	22
0	0
0	0
602	100
5	36
0	14
0	306
0	57
0	0
0	13
0	13
0	13
0	13
0	13
0	13
0	13
0	13
0	0
2	4044
2	2146
923	4775
19	3888
0	2255
0	1
0	8
0	322
0	745
0	727
140	196
4	196
3	108
0	374
7	155
1	168
0	227
0	293
0	329
0	290
0	186
1	205
3	292
20	247
36	204
8	7
0	779
0	88
0	709
0	104
0	149
0	0
2	0
0	0
0	0
0	0
0	0
0	18
0	1
0	19
0	19
0	37
133	108
0	49
1	22
0	0
0	0
0	1
0	48
0	246
3	0
0	0
0	0
0	0
0	0
0	0
0	0
163	10
1	10
0	598
0	8
0	2
1	685
0	0
0	1937
0	1200
0	531
0	1799
7	1837
0	809
0	1304
5	65
2	46
5	842
0	796
6	177
0	193
2	185
0	138
1	143
2	123
0	136
0	131
0	77
0	60
0	44
0	32
0	23
0	23
0	0
0	933
0	92
0	46
0	591
0	509
0	245
0	918
0	894
0	1463
0	1459
17	156
0	505
1	519
0	777
4	563
0	1463
0	134
0	221
0	139
0	35
0	53
0	136
0	44
0	79
0	37
0	63
0	95
0	111
0	53
0	13
0	3
0	139
8	369
0	369
17	414
0	751
2	271
13	211
3	121
0	213
0	224
0	150
0	3
0	770
0	771
0	9
0	47
0	7
0	27
0	4
6	1006
1	1006
0	109
0	107
0	37
0	201
0	109
0	107
0	204
0	45
0	0
0	1010
0	1054
0	739
0	404
22	292
0	53
394	111
0	111
0	3
0	20
2	20
0	4
0	3
0	3
0	2
0	0
0	0
0	0
390	245
2	161
1	16
0	67
16	16
0	668
0	910
0	933
0	916
0	254
0	101
0	78
0	429
0	1221
0	1202
0	1168
0	1309
0	1093
4	472
3	489
0	503
1	103
1	152
0	58
1	30
0	3
0	2
0	3
0	2
0	1
0	0
0	1
0	192
0	192
0	148
0	13
1	13
1	14
0	14
0	4
0	4
0	4
0	4
0	4
0	4
0	4
0	4
0	4
0	3
0	4
0	4
0	1
0	3
0	4
0	4
0	4
0	4
0	4
0	4
0	4
0	4
0	4
0	4
0	1
0	0
0	3
0	844
0	848
0	879
0	805
0	869
0	829
0	203
0	238
0	30
0	198
0	62
0	481
0	742
0	866
0	829
0	144
0	0
178	70
2	8
0	62
0	1
0	0
0	130
41	599
1	481
0	95
28	224
0	187
0	802
0	246
0	352
0	94
0	282
0	203
0	174
0	0
0	0
0	1
0	1
1	602
1	594
19	525
0	522
2	28
6	32
0	64
0	103
0	113
7	0
153	6973
5	6594
5	6239
125	4230
0	4817
6	2335
26	909
3	512
0	1
0	270
0	270
0	266
0	244
0	25
0	245
0	79
0	67
0	2
0	1
0	1
0	124598
0	1
0	178
0	159
0	234
0	148
0	158
0	84
0	90
0	183
0	582
0	1
0	111
0	2
0	1
11	16
2	11
0	0
0	0
0	1
0	1
0	0
0	0
0	0
115	0
0	0
0	0
0	108
0	85
0	27
0	34
0	28
0	50
0	65
0	92
0	0
0	0
0	0
0	0
0	0
0	2
0	1375
0	1292
0	1052
0	1089
0	1241
0	846
0	770
0	804
0	1375
0	793
1	7
0	374
0	362
3	5
85	430
28	217
0	90
0	11655
0	11693
0	83
0	512
0	556
0	233
0	977
0	1209
0	693
0	577
0	51
0	0
0	0
0	0
0	2481
7	446
0	2284
5	2272
5	2321
48	1685
1	170
18	113
0	2083
0	0
0	0
0	418
0	362
0	158
565	269
3	269
0	4
0	4
0	3
0	4
0	4
0	4
0	4
0	4
0	4
0	4
0	4
0	4
0	1230
0	299
7	287
0	709
0	697
0	141
0	147
0	81
0	81
0	62
0	24
0	1
0	1
0	0
0	923
0	46
0	581
0	499
0	106
0	244
0	884
0	908
0	134
0	101
0	828
0	884
0	353
0	66
0	162
0	153
0	186
5	101
5	33
0	15743
3	10432
295	14403
14	8970
7	15346
30	7496
0	9667
16	12849
47	2068
0	3
0	3
0	1
236	75
0	0
761	271
3	194
0	16
0	102
39	219
1102	128
2	128
1	12
0	224
0	222
10	161
0	166
4	0
0	490
0	540
0	167
0	325
0	376
1	46
0	0
0	0
0	0
170	68
5	69
2	31
7	197
0	7
0	104
0	108
2	90
0	98
0	107
0	107
0	97
0	96
0	82
2	29
0	26
0	3
0	0
0	0
0	0
14	570
0	142
0	11
0	0
0	2
0	6
0	103
0	512
0	4
0	3
0	2
0	14
0	3
0	17
6	9
0	5
0	14
0	14
0	5
0	3
0	14
0	98
0	76
0	18
0	26
0	19
0	41
0	56
0	83
0	2457
0	2639
1	2634
0	2679
0	971
0	256
0	469
0	393
0	246
0	0
8	256
0	244
7	241
1	253
0	76
0	67
1	47
0	120693
0	117453
264	82
0	82
0	93
3	20
4	186
0	610
10	578
0	26
0	32
0	350
63	434
0	434
0	423
0	267
0	189
0	211
0	187
1	194
0	182
0	23
0	34
0	62
0	13
3	29
10	51
3	15
0	28
0	27
0	0
1	413
0	2
0	1
0	2
0	526
0	2
0	2
0	0
0	0
0	0
0	0
0	2
0	0
0	0
0	0
0	0
0	0
0	0
0	0
0	0
0	0
0	65
3	66
0	30
0	23
0	36
0	14
2	9
0	7
0	6
0	3
0	65
0	63
0	13
0	13
0	12
0	9
0	6
0	1
0	2
0	2
0	9
0	2460
0	1
34	391
5	390
3	0
3	0
0	0
0	0
0	0
0	2
0	1
1	2
0	1
0	1
0	1
0	5
0	0
0	0
0	0
0	0
0	0
0	0
0	0
0	0
0	39
0	2
0	9
0	14
0	13
0	2
0	1
0	37
0	0
0	8
0	14
0	13
0	431
32	652
0	187
1	174
0	229
2	196
821	44
0	44
0	56
0	104
0	179
4	166
1	58
0	101
0	97
1	15
13	30
0	32
2	82
0	34
5	80
383	85
0	35
0	50
0	0
0	0
0	0
0	3
0	1
0	1
0	0
0	2
0	0
0	1
0	1
0	2
0	0
0	1
0	0
0	0
0	0
0	0
0	1
0	0
0	0
0	0
0	1375
0	900
0	5
13	5
0	0
1	1
0	1
2	82
5	119
0	117
1	76
0	115
0	114
0	28
4	61
4	25
0	2487
0	304
0	749
444	92
0	77
0	70
0	6
0	4
0	6
0	5
0	6
0	3
0	3
0	4
0	4
0	4
0	0
0	1
0	1
0	0
0	1
0	0
0	0
0	0
0	0
0	0
0	5
0	1
0	0
0	81
0	81
0	45
0	54
0	155
0	96
0	98
0	853
0	0
922	9
1	9
0	4
0	134
18	654
0	86
0	647
0	36
0	3
0	2
0	36
0	36
0	2488
0	749
0	603
8	9
0	940
0	6544
0	6801
0	6276
0	3452
8	6394
0	4308
0	4014
0	1797
5	1141
0	1781
2	219
0	531
0	480
0	744
0	726
0	506
0	0
3	0
0	28
0	62
2	26
3	5
0	4
2	10
0	58
0	1
0	1
0	0
0	0
0	2
0	3
0	3
0	3
0	0
0	0
0	1
0	1
0	2
0	3
22	1414
0	1444
0	1414
30	1413
2	117
32	273
0	39
0	2
0	9
0	14
0	13
0	38
0	195
0	151
8	134
0	127
1	157
1	31
0	315
0	393
0	407
0	148
0	127
0	23
0	131
0	502
0	577
0	150
0	31
0	0
57	395
5	395
1	14
3	13
0	3
0	2
0	2
1	1
0	328
0	3
0	1
0	579
10	132
8	346
24	531
0	528
0	571
4	325
7	53
1	202
3	144
2	205
0	68
0	57
0	54
4	0
15	15
1	12
0	3
0	541
0	570
0	254
0	0
0	1
0	11529
0	11567
0	232
0	840
0	1211
0	696
0	219
0	311
0	173
0	63
0	187
0	175
1	49
2	31
2	19
0	45
0	26
0	2
0	19565
0	19182
0	660
0	86
0	180
0	5
0	34
0	35
0	44
0	38
0	0
0	0
0	0
0	0
0	108
0	49
0	40
0	69
0	165
0	171
0	170
1	16
0	176
6	9
1	11
4	0
6	723
0	873
0	1011
0	860
0	752
1	374
1	561
0	776
7	765
0	617
7	292
3	123
0	31075
0	28071
0	28089
0	28135
2	144
1	141
11	142
0	33
0	7
797	32
0	32
0	2
26	1772
3	1083
38	689
0	0
0	0
0	0
0	0
0	457
0	207
0	129
0	78
0	7
0	12
0	12
0	12
0	12
0	12
0	0
0	12
0	0
0	343
28	343
1	349
7	339
0	339
26	183
0	251
0	252
0	22
0	6
11	63
0	5
0	2
0	2
4	170
1	3
7	4
0	14
0	14
4	68
0	252
0	23
0	2
0	0
0	2
0	2
0	2
0	2
0	0
0	0
0	0
0	2
0	0
0	0
78	4
0	4
0	0
0	0
0	39
0	2
0	38
0	0
0	2
0	2
0	2
0	2
0	2
0	0
0	0
0	2
0	0
0	0
0	0
0	0
0	0
0	0
0	0
0	0
0	0
0	3609
0	3574
1	3589
1	3502
0	124
55	623
313	1760
5	649
30	226
4	472
0	951
0	850
13	721
56	128
7	473
1	463
9	1219
0	167
0	1210
5	1183
5	88
0	1218
0	22
0	7
0	202
4	183
0	106
0	212
1	21
1	21
0	32
815	212
1	154
0	49
0	1
0	80
0	47
0	99
0	20
0	35
0	30
0	46
0	52
0	2
3	168
1	4
0	99
0	170
0	155
0	905
0	1415
0	669
0	507
0	475
0	194
0	465
0	377
0	355
0	243
0	5
0	1730
1	1418
4	490
14	922
0	1503
0	1027
0	1148
0	137
0	1087
0	1534
0	769
0	703
0	30
0	25
0	9
0	16
0	2
0	164
0	74
0	41
0	205
0	666
0	670
0	601
0	109
0	124
0	139
0	217
0	77
0	80
0	7
0	660
0	104
0	408
0	317
0	295
0	11
0	117
0	23
2	5
0	291
0	521
0	470
0	121
9	1214
30	1069
0	657
0	355
0	134
0	86
0	72
2	0
1	119
0	120
6	35
0	18
0	40
7	29
23	28
2	18
0	0
0	15916
0	0
0	0
0	145
0	0
1	85
76	85
0	6
0	496
0	422
0	526
0	453
0	18
4	158
0	159
0	362
0	372
0	511
0	525
0	161
0	161
0	47
0	14
0	0
0	0
0	0
0	0
0	0
0	56
0	204
0	417
0	0
0	1
0	3
0	3
0	853
0	909
0	733
0	187
0	141
0	70
0	243
0	239
0	219
0	219
0	34
0	208
0	215
0	204
0	33
0	198
0	51
0	83
0	34
0	34
0	38
0	23
1	25
0	10
0	74
6	22
1	19
2	13
0	47
0	11
0	19
0	14
0	66
0	25
0	68
0	14
5	4
0	16
0	29
0	68
1348	6
0	0
0	0
611	271
10	224
2	47
41	1600
0	1462
0	294
5	1078
0	717
1	142
0	2
5	708
0	1765
11	1686
3	1655
78	889
38	60
2	365
862	0
0	842
0	23
0	23
0	0
0	0
0	0
3180	0
3	117
0	1186
1	370
0	80
1	56
0	41
3	3
0	62
0	78
0	135
0	58
0	1151
1	993
0	963
0	7
33	1398
0	1300
583	1528
0	15
0	156
1	705
0	81
0	81
0	155
0	1144
0	1446
36	570
0	570
0	562
0	0
0	0
0	0
0	0
0	0
0	0
0	0
0	0
0	1
0	1
0	14538
0	7982
0	8765
0	2922
0	12170
2	9
0	9
0	3
26	977
8	807
3	148
0	128
0	0
1	157
0	159
0	333
0	0
0	0
0	0
0	0
0	0
0	0
0	0
0	0
0	0
0	0
0	0
0	0
0	0
0	0
0	0
0	0
0	0
0	0
0	0
2	0
64	49
0	49
0	858
5	1103
24	2570
0	6201
0	6445
1	6206
0	519
0	619
0	2667
5	1469
13	1583
3	796
0	5858
0	1267
4	1268
24	1273
1	66
0	33
0	36
0	1
0	36
27	338
5	310
0	11
0	23
0	35
1	14
0	20
0	30
27	123
2	57
1	12
0	549
0	499
2	23
11	38
19	35
8	0
0	6
0	766
0	24
0	626
0	122
0	513
0	108
0	143
1	738
0	760
0	330
0	238
0	201
0	267
0	228
0	192
0	325
0	325
0	481
0	306
0	0
0	128
1	2224
0	271
0	2320
0	2137
4	608
0	130
0	2221
0	203
0	2226
0	0
0	0
0	268
0	284
0	519
0	516
0	513
0	456
0	516
0	516
0	245
0	232
0	247
0	232
0	246
0	77
5	553
0	571
0	543
0	439
3	462
7	88
0	167
7	137
0	170
0	104
0	0
0	0
0	0
0	555
0	467
0	344
0	359
0	18
0	3
0	0
0	0
0	1
0	0
0	0
0	6
0	2
0	9
0	10
0	10
0	8
0	3
0	10
0	8
0	1
0	2
2	3
0	3
0	1
0	1
0	1
0	17
1	16
0	6
0	3
0	8
0	14
0	6
0	289
0	0
0	0
0	0
0	0
0	0
0	0
0	649
0	1278
0	149
0	0
0	0
0	3
0	1
0	1
0	0
0	3
0	654
11	236
1	559
0	605
0	431
2	573
0	79
0	313
0	245
0	1016
1	269
4	869
3	235
0	241
13	879
8	525
5	469
0	12
0	0
0	2
0	2
0	0
0	0
0	0
298	2348
10	1016
0	1386
0	914
0	787
0	190
0	331
0	10
0	59
0	124
0	14
0	79
1	80
0	147
0	124
1	654
2	65
0	50
0	53
0	0
0	666
0	907
0	930
0	913
0	253
0	108
0	119
0	100
25	3688
0	4536
2	2258
3	2976
2	3588
0	3553
0	2890
0	1577
44	1777
0	1759
0	1525
0	1754
0	1754
0	70
3	94
9	418
0	244
0	1754
0	0
0	0
0	0
0	365
0	36
0	36
0	36
281	28
0	28
0	2
0	2
0	25
1	15
0	1299
0	37
458	0
25	1747
18	1647
0	1490
6	1593
2	912
7	220
0	8
0	7
0	7
0	14
0	8
0	4651
0	4112
0	4325
0	4622
0	3621
0	3488
0	648
0	3023
2	1934
0	510
4	480
1	1057
0	496
0	58
0	195
0	47
0	4238
0	568
0	601
1	360
0	374
15	39
0	1554
0	1
0	9
0	13
0	2
1	144
0	6
43	143
3	127
4	1
0	5
0	801
0	93
0	282
0	1
0	2
0	2
0	0
0	2
0	54
11	54
0	60
0	60
0	49
0	59
0	48
0	49
0	36
0	10
0	22
0	27
0	2
0	2
0	0
0	0
0	0
0	111
0	277
0	277
1	164
3	23
0	32
2	30
1	29
0	19
3	336
2	6
3	336
0	422
0	445
0	408
0	72
0	160
0	87
0	65
0	7
0	14
0	7
0	30
0	45
0	72
0	0
0	0
0	0
0	0
0	0
112	405
1	146
1	325
0	312
0	316
0	195
0	86
0	78
12	95
0	95
0	80
0	2
0	0
2	4
4	4
0	2
1	0
0	305
0	167
0	329
5	220
0	162
4	115
0	0
0	23
0	0
0	23
0	300
0	380
0	394
0	132
0	145
0	127
0	114
0	34
0	23
0	362
0	36
0	53
72	688
84	818
4	89
3	49
2	69
0	14
0	9
0	28
0	2
0	23
0	653
1	655
4	357
0	14
3	379
0	392
41	54
0	107
0	96
6	341
0	334
0	8
1	25
0	26
0	17
0	20
0	0
1	19
0	0
0	0
0	0
0	0
0	34
0	35
0	29
476	11
0	11
0	289
0	283
0	278
0	285
0	289
0	2
0	2
0	0
0	0
0	267
0	337
0	293
0	296
0	291
0	183
0	14
0	15
0	14
0	0
0	173
0	0
107	31
0	31
0	8
0	1744
0	1828
0	1568
0	1620
0	1526
0	1743
0	1743
0	3876
0	1735
0	787
0	2144
4	2247
0	188
0	113
0	276
0	7
0	2276
0	2246
0	0
0	0
0	0
0	0
0	0
0	0
0	0
0	0
0	10
0	562
0	526
0	76
0	0
0	62
2	52
1	85
12	232
0	78
0	87
10	51
0	50
0	25
1	12
0	80
0	65
0	396
0	1
0	3
0	0
0	2
0	0
0	53
0	0
1	68
30	598
83	598
0	0
3	14
0	145
655	155
0	7
15	12
0	0
0	356
0	37
0	375
0	386
0	18
0	0
0	92
0	48
0	16
0	113
0	819
0	58
0	857
10	856
0	39
0	840
0	545
0	106
0	5
0	97
0	90
0	62
0	84
0	8
0	93
0	58
1	26
0	96
1	76
3	773
0	92
27	646
4	651
31	497
0	69
0	25
0	44
45	0
17	785
8	381
0	717
0	687
0	1596
0	1701
0	1604
0	1595
0	1350
0	1595
0	1594
0	0
0	3771
0	1735
0	3028
0	3271
0	1257
0	463
0	2331
0	736
0	1419
0	1465
0	1412
1	766
0	1593
0	1239
0	1043
0	89
4	475
0	23
0	1416
0	408
0	1006
0	1293
0	1551
0	1689
0	1284
0	1207
0	1263
0	1209
0	1193
0	1191
0	636
0	906
0	279
0	1006
216	194
4	1045
0	1134
0	1136
0	0
0	128
45	487
0	112
0	0
0	487
511	124
0	52
36	72
4	7
5	0
0	0
244	763
0	82
3	40
14	140
0	175
44	84
0	34
0	31
18	58
0	667
0	674
0	36
59	858
0	284
0	805
0	0
0	0
0	0
0	0
1	8
42	908
17	7
0	0
1	907
11	145
0	215
7	509
0	43
0	0
0	3
0	3
0	0
0	139
0	35
0	63
0	110
0	54
0	15
0	0
456	199
5	199
15	28
0	461
0	463
0	339
0	341
0	117
0	0
0	237
0	322
0	237
79	176
2	138
13	267
0	269
0	104
0	28
0	38
0	5
0	28
2	152
0	142
0	154
0	111
0	115
2	139
1	36
8	115
3	18
0	67
0	21
0	70
0	93
0	22
3	67
1	68
0	59
0	23
2	14
0	46
0	39
0	20
2	22
0	33
0	24
0	20
2	20
1	20
0	0
1	12
0	0
0	1
0	0
0	0
0	803
0	846
0	827
0	237
0	867
0	842
0	877
0	30
0	7
0	479
0	827
0	864
0	741
1	0
0	0
0	0
0	2
0	2
0	2
0	2
0	2
0	2
0	2
0	2
0	2
1	2
0	2
6	339
0	234
0	441
0	0
0	0
1	5
0	175
0	272
0	81
0	113
0	267
0	104
0	98
0	0
0	0
0	0
0	0
6	3
1	3
0	3
0	3
0	3
0	2
0	1
0	0
0	0
0	0
0	0
1	253
0	0
0	0
0	0
0	0
0	0
0	0
0	0
0	0
0	0
0	3
0	16
0	16
0	2
1	1
0	18
0	15
0	22
0	22
179	38
0	18
0	19
1	12
0	363
0	372
0	276
0	0
0	0
401	165
0	165
0	107
1	84
2	37
1	6
0	0
0	0
0	0
0	0
0	0
0	0
0	0
0	0
3	15
33	31
0	20
3	27
0	0
0	0
0	0
0	0
0	0
0	0
0	0
1312	147
0	83
1	123
0	107
0	1359
0	1370
0	495
0	494
1	280
0	60
0	1215
0	1217
0	90
0	90
0	187
0	28
0	0
0	0
0	0
0	65
0	730
1	716
0	9
2	26
9	36
0	83
0	83
0	83
0	52
0	67
0	52
179	7
0	7
0	54
39	23
1	23
1	0
0	119
2	569
0	189
0	102
1	484
0	60
0	506
0	173
0	477
0	242
0	4
1	89
0	66
0	3
0	33
0	1
0	1
0	1
0	12
0	0
0	0
126	0
2	1070
0	992
0	1026
3	1011
13	29
0	2
0	1
0	0
0	0
0	1
0	1
0	1
0	0
0	0
432	436
9	436
0	0
0	0
0	0
0	0
0	0
708	526
0	124
1	533
0	1257
194	812
0	975
29	514
8	763
0	5
0	36
0	410
52	353
0	84
0	146
0	162
0	91
0	1
0	6
0	94
0	0
0	1
0	26
0	11
0	24
0	133
0	123
0	11
2	11
0	134
0	137
0	144
0	0
0	0
0	0
0	0
0	0
0	838
0	842
0	873
0	799
0	863
0	823
0	203
0	132
0	237
0	192
0	94
0	112
0	475
0	144
0	860
0	823
0	737
6	6
0	6
0	2
0	2
0	6
0	3
0	122445
0	119205
553	0
2122	0
0	1
2	260
0	267
0	172
0	31
0	10
7	1546
19	1527
0	235
2	57
0	329
0	329
0	325
0	0
0	0
0	0
0	0
0	0
0	85
0	85
0	85
0	85
0	32
0	18
0	13
0	13
0	10
0	7
0	1
0	0
0	0
0	0
0	0
0	0
0	0
0	0
0	0
0	0
0	0
0	0
0	85
0	0
0	0
0	1
0	0
0	0
0	0
0	0
0	0
0	0
0	0
0	0
0	1
0	1
0	44
17	463
0	463
1	274
0	134
0	1071
5	268
0	345
0	568
7	53
0	965
0	124
0	353
0	137
0	203
0	224
0	11
0	950
51	1088
0	717
0	911
1	0
0	0
0	0
0	0
0	0
0	663
0	721
0	770
0	665
0	665
0	681
0	1434
0	1172
0	1542
0	2
0	2
4	65
0	65
0	65
0	62
2	13
0	62
0	0
92	0
0	0
0	730
2	73
0	30
25	758
0	1009
0	771
0	1022
0	761
0	975
0	55
0	198
1	11
0	119
0	49
0	91
3	84
4	17
11	66
0	32
0	3
0	79
0	80
0	86
0	70
0	12
0	77
0	2
0	2
0	2
1	580
0	700
0	617
0	8765
0	7982
0	2922
0	12170
0	263
0	15
0	247
0	4
0	49
0	2
0	83
0	53
0	6
0	0
0	263
0	241
0	107
0	303
0	331
0	344
0	354
0	351
0	377
0	215
0	373
0	355
0	206
0	133
0	188
0	1
0	1
0	0
0	0
0	0
0	780
0	710
0	1
0	156
0	96
0	142
0	141
0	74
0	0
0	145
0	156
0	138
0	59
0	56
0	148
0	99
0	30
0	37
0	6
0	149
0	634
0	622
2	73
0	47
37	105
0	8
0	1
11	97
10	67
0	314
0	278
0	275
0	275
0	314
0	282
1	302
0	201
0	178
0	185
0	29
7	6
3	27
0	12
0	16
2	5
0	1990
2	761
0	99
0	834
0	0
0	0
0	0
0	0
0	0
0	0
0	0
0	1
293	0
19	727
17	459
1	114
0	66
0	734
0	726
0	28
1	224
2	106
1	304
3	110
1	116
0	43
5	151
3	1507
0	1507
0	1510
3	196
0	11
0	158
0	132
1	82
0	140
0	145
1	96
0	125
0	1505
0	1499
0	1503
0	0
0	2
0	457
0	234
0	34
0	83
0	1311
0	426
0	0
0	0
0	1039
0	131
41	159
3	1047
1	142
0	0
0	80
0	80
0	154
0	547
71	63
0	251
0	275
5	254
13	20
0	18
0	0
0	4
0	4
0	339
381	281
2	55
3	281
0	36
0	3
0	36
0	36
0	1
0	4
0	1
0	1
0	3
0	3
0	1
0	4
95	0
19	684
0	683
20	269
0	683
5	187
0	130
15	108
1	173
3	210
0	1691
3	1567
3	1694
0	1697
0	1696
1	1695
0	1683
1	1718
0	171
0	0
0	0
0	0
0	0
0	0
0	0
0	4866
0	0
0	914
0	931
0	251
0	120
0	76
0	99
521	67
0	36
0	65
0	0
0	1
0	0
0	0
0	200
0	112
0	4114
0	10
0	0
0	42
0	50
0	0
0	64
0	110
0	19
0	64
0	85
0	3729
0	345
0	239
1	3257
0	200
0	347
1	3316
0	350
30	140
36	2777
6	332
1	233
0	290
3	308
0	4114
0	0
0	0
0	1087
1	582
0	132
0	983
0	1081
0	75
0	0
0	182
0	14
0	78
0	249
0	130
0	171
1	173
0	98
0	72
9	27
0	63
1	70
4	26
0	5
8	3
0	937
0	0
0	0
15	10062
0	0
0	0
0	1208
0	932
0	7255
0	13472
0	1351
0	300
0	13731
0	778
0	662
0	2816
0	1470
0	5745
0	1319
1	17
0	1613
0	929
0	1058
0	579
0	817
0	602
0	28
0	63
10	602
0	1
0	0
0	57
1	410
0	59
36	369
9	320
1	123
2	50
0	110
0	35
513	1185
0	1154
0	753
0	622
1	715
0	599
30	79
0	56
0	364
0	223
1	161
1	165
0	91
0	127
0	79
0	72
0	49
0	20
0	15
0	23
0	26
3	0
0	20
0	23
0	0
0	1
0	3
0	49
0	7
0	8
0	8
0	5
0	3
0	2
0	2
23	61
0	68
0	72
3	72
0	9
0	0
3	60
0	0
0	0
0	0
0	0
0	0
0	636
1	606
0	510
0	91
0	33
0	18
0	74
0	104
0	96
0	6
0	301
0	362
0	65
0	64
2	52
0	62
4	302
12	340
0	52
0	0
0	0
0	3
0	1
0	1
0	0
0	2
0	0
0	1
0	1
0	2
0	0
0	1
0	0
0	0
0	0
0	0
0	1
0	0
0	0
0	0
0	853
0	909
0	733
0	186
27	10
0	3
0	2
0	2
0	2
0	1
0	2
0	1
0	0
0	5
0	4
0	0
0	3
19	125
0	58
0	0
0	0
0	0
0	0
14	0
0	0
0	0
0	0
23	399
1	540
0	1727
0	1139
0	798
0	211
0	41
0	306
0	1132
0	1707
0	1115
0	26
0	163
8	216
0	161
0	195
0	203
1	65
0	27
59	30
4	3
1	68
18	657
0	146
0	539
0	524
0	518
1	2
1	492
0	392
5	9
0	294
0	1340
0	70
0	111
0	8
0	7
0	7
0	3
1	1
0	4
0	6
0	6
0	0
3	196
0	1049
0	1030
0	340
0	179
0	236
0	321
0	236
0	729
27	996
0	1019
0	767
0	492
0	294
0	475
5	104
5	407
0	266
0	275
0	219
8	166
0	385
1	80
0	215
12	223
0	132
9	184
0	92
0	41
0	41
23	0
10	0
0	1
0	1
0	0
0	0
0	0
0	0
0	0
0	0
1	0
0	0
0	0
0	1
0	1
0	19592
0	4063
0	19565
0	11382
0	19209
0	17057
0	16811
0	6253
157	1229
1	218
0	509
0	119
1	633
0	97
0	23
0	12
0	11
0	11
0	0
0	11
0	11
0	11
0	0
0	0
0	6
3	465
0	0
0	58
0	11
0	460
0	7
0	47
0	139
759	202
0	202
2	186
0	178
0	3
0	3
0	263
0	338
0	99
0	136
9	354
0	383
0	527
0	297
0	354
0	354
0	318
0	354
1	443
0	422
0	317
1	129
2	83
0	123
3	93
2	83
0	186
0	139
0	103
1	93
0	347
0	0
0	0
0	0
0	0
0	0
0	0
0	0
0	0
0	7982
0	8765
0	2922
0	609
0	625
0	177
0	198
0	209
0	34
7	96
0	72
0	41
0	38
0	71
0	39
0	38
92	1679
70	158
0	136
0	75
0	77
0	180
0	139
294	437
0	201
0	234
0	164
0	124
0	30
0	186
0	109
0	72
0	73
0	32
5	32
0	73
2	45
0	38
0	32
23	12
2	12
0	1
0	769
0	118
0	107
0	123
2	117
0	122
0	124
0	124
0	103
0	104
0	69
5	30
0	17
0	16
0	1844
2	1762
87	1416
3	1631
0	1075
3	185
0	1829
0	0
0	0
0	0
0	0
0	0
0	0
0	0
5	228
2	230
0	3
0	1
0	1
0	0
0	0
0	99
0	106
0	149
0	121
0	89
0	91
0	153
0	0
0	11653
0	11691
0	1207
0	691
22	1577
8	1370
0	1499
132	1299
1	1246
1	1531
2	210
0	93
4	6
0	0
0	65
87	66
1	17
0	6
0	51
0	83
1	81
0	91
4	87
0	73
1	17
1	30
0	6
0	91
0	44
0	117
0	116
0	118
0	116
0	58
0	77
0	22
0	53
0	8
0	7
0	7
0	14
0	8
0	192
0	82
0	43
0	70
0	1360
0	1371
0	1218
0	1216
0	374
1	311
6	188
51	790
0	26
428	764
2	104
0	0
0	0
0	0
0	0
0	0
0	0
5	857
0	1050
0	1995
0	1935
0	147
12	866
6	673
0	319
1	134
12	162
3	103
37	42
9	20
6	233
3	98
0	161
8	67
0	67
0	86
0	5
0	0
0	17
0	1
0	1
807	62
2	36
5	0
0	2
0	2
0	2
0	1
0	0
0	0
0	10
2	72
17	72
0	24
2	106
11	26
0	30
0	106
5	10
0	442
0	511
0	539
17	0
0	53
0	362
0	541
0	43
0	511
0	35
0	468
0	493
0	60
0	22
0	19
0	39
0	50
0	286
0	13
0	49
3	98
0	98
0	47
0	86
6	19
0	71
0	8
13	66
0	537
6	573
45	572
0	609
0	160
0	557
2	78
0	55
8	142
4	792
7	791
3	142
0	8
0	0
0	0
0	0
0	0
0	0
0	0
0	0
0	0
0	0
0	0
0	53
36	155
0	11
0	7
1	38
0	101
0	141
27	42
8	92
489	0
0	432
82	0
0	0
0	159
0	0
0	34
0	428
0	320
0	38
0	44
2	396
0	29
0	447
22	420
0	241
0	44
2	52
0	32
0	47
0	235
1	16
1	6
0	149
0	11
10	19
0	25
13	13
22	0
23	12
0	55
19	99
9	84
0	99
13	411
0	0
0	0
0	0
0	0
0	0
0	0
0	0
0	0
0	0
2473	0
6	680
5	680
0	497
0	31025
0	28021
0	28039
0	28085
0	11
0	9
0	0
0	0
0	5389
0	486
0	502
0	795
0	839
0	836
0	765
0	839
0	839
0	351
0	337
0	306
0	338
0	300
0	91
24	851
0	531
39	827
0	89
0	82
0	22
5	116
0	1990
0	229
1	492
3	19
0	188
1	173
1	162
0	181
0	7
0	184
0	5
1	2
0	442
0	511
3	1243
10	1310
0	315
0	23
0	23
0	0
0	39
0	38
0	0
0	0
8	5002
23	1268
1	4691
0	4253
0	4880
0	771
0	874
0	1372
0	2000
8	1302
0	1641
1	1185
1	1033
0	1033
0	1030
1	294
0	126
13	120
0	4880
0	5002
0	0
0	0
1	0
0	0
0	0
3	64
0	143
0	30
0	24
0	144
0	103
0	39
0	4
3	112
0	0
1199	71
3	62
5	24
1	9
0	0
0	0
0	0
0	0
0	0
0	0
0	0
0	0
0	0
0	0
0	0
0	418
0	422
0	644
0	644
2	641
0	570
0	644
0	644
0	224
0	222
0	224
0	222
0	21
0	0
0	0
0	0
0	0
0	0
0	0
0	973
55	973
0	0
0	0
0	0
0	0
0	0
0	0
0	0
0	0
0	0
0	0
0	3
0	0
0	0
0	0
0	0
0	0
0	0
0	3
0	3
0	5
0	5
0	0
1	47
1	47
0	47
1	0
0	7
1	1466
55	1847
0	2416
3	1926
0	747
3	894
0	753
2	654
3	35
0	0
0	15
0	6
0	54
0	58
0	26
0	54
0	3
0	34
1	8
0	16
0	4
0	6
0	6
0	2
0	7
0	9
0	266
0	667
0	15
0	622
0	567
1	521
0	5
0	299
0	100
1	235
0	44
1	23
1	23
0	657
0	288
245	0
0	0
0	0
0	0
0	0
21	1176
0	284
45	0
0	635
0	419
0	97
0	182
3	106
0	287
1	518
2	550
35	550
0	84
0	325
0	127
7	281
0	0
0	195
0	0
0	0
0	0
0	1187
0	28
0	28
0	28
0	28
5	28
0	18
0	28
0	825
0	0
0	0
0	0
1	691
0	32
0	1
0	322
0	5
0	5
0	5
0	1180
0	0
0	0
0	0
0	0
0	0
0	551
0	0
0	1001
0	982
0	995
0	992
0	998
0	198
1	82
0	61
0	42
0	84
7	60
0	30
9	63
1	81
5	1216
0	391
0	0
113	0
1894	181
6	105
0	76
0	0
0	0
0	0
0	0
20	567
0	714
11	682
0	161
4	189
0	208
0	161
5	20
0	92
6	86
0	29
0	13
1	16
0	0
0	0
0	0
0	904
6	0
0	0
6	2696
9	2575
0	950
0	445
3	36
1	421
0	66
0	46
1	89
0	3
8	1452
5	1714
1	825
11	822
0	1284
0	822
0	1880
4	1720
9	668
0	819
0	1267
27	1261
19	55
51	753
0	0
0	0
0	0
0	0
0	321
0	744
0	100
0	37
0	726
0	0
0	0
0	0
0	0
0	14
0	12
7	18
1	2
0	17
1	9
0	3
0	8
0	226
0	11
2	1106
5	339
0	41
1	8
2	1108
0	915
0	2
0	2
0	0
581	0
912	196
0	196
0	575
0	26
0	215
0	34
1	11
1	255
0	252
0	257
0	125
0	196
4	14
0	46
0	78
0	32
0	49
0	38
0	5
0	0
1	19
0	17
0	613
37	800
61	822
1	1534
0	100
5	60
9	45
50	93
4	2
1	1534
0	36
0	36
0	36
2	0
12	41
0	30
0	37
0	20
0	9
0	6
0	4
1	0
0	742
21	756
3	42
0	41
0	40
0	105
52	0
0	2358
1	2255
0	1246
0	454
0	1939
0	84
1	2358
3	1263
0	3117
0	1621
0	121
0	1122
0	478
0	204
25	49
0	1342
6	487
4	155
0	84
1	78
0	76
0	20
0	8
0	79
0	1053
0	0
0	0
394	2
0	0
0	2
0	1
0	0
42	12
3	12
5	8
0	0
0	0
0	79
0	73
1	1233
0	1250
1	106
0	687
0	490
0	9
280	214
0	140
1	2
1	0
0	74
1	28
22	0
0	0
1	0
0	3
0	3
0	3
0	6
1	1002
7	1002
0	3
0	143
0	133
0	105
0	88
1	56
0	6
0	489
0	539
0	0
3	191
0	2
0	2088
2605	2250
0	2172
0	1576
49	922
15	866
3	1294
1	210
0	0
0	204
0	204
0	195
0	180
1	194
0	181
0	192
0	173
0	184
0	26
0	167
0	151
0	165
0	135
9	32
0	93
1	30
1	52
4	97
7	17
22	11
0	22
8	23
1	7
0	15
0	22
0	20
0	26
0	20
0	11
2	6
0	22
0	16
0	16
0	18
0	16
0	16
0	15
0	195
0	3
0	2
0	0
0	0
0	4
0	0
0	204
0	692
0	623
0	688
0	6
0	239
0	77
0	164
0	139
0	109
0	125
0	74
0	82
0	66
5	446
0	452
0	312
10	446
5	297
0	308
0	392
1	316
0	315
2	158
0	122
1	53
49	166
0	384
0	383
0	307
0	0
0	0
0	0
0	0
0	0
0	0
152	125
2	86
0	125
5	117
0	22
0	17
0	0
0	0
0	0
0	0
0	0
0	0
0	0
0	0
0	0
0	1
0	1
0	1
0	1
0	0
0	0
0	0
0	0
0	0
0	1687
0	0
62	0
998	0
3	162
20	190
0	152
0	38
1	25
10	91
0	15
0	57
0	68
0	30
0	49
1	38
0	313
59	804
0	301
0	516
0	495
0	451
1	313
4	315
0	391
0	392
0	79
1	0
0	184
0	0
0	0
0	114
0	0
1549	0
0	0
0	0
0	0
0	0
0	0
3	0
0	0
0	0
0	0
722	969
1	44
0	80
0	92
0	92
1	84
204	601
1	605
0	921
1	260
0	600
0	477
2	90
0	94
0	50
0	40
0	306
0	139
0	56
0	47
0	2305
0	237
0	0
0	0
0	0
0	0
0	0
0	0
0	0
0	7198
2	7540
97	2990
3	1782
0	7366
54	6934
4	5093
211	4942
0	6520
7	433
0	2689
145	2207
0	2122
0	1796
1	1424
0	0
0	0
0	0
0	0
108	239
11	239
4	10
0	68
7	4
0	1
0	4
0	1
0	1
0	1
0	0
0	0
126	54
2	12
0	31
4	41
0	29
0	13
0	12
0	12
0	12
0	12
0	0
0	12
29	17
0	335
28	409
3	17
0	409
0	346
6	95
10	48
1	45
16	1
0	1
0	24
0	101
0	55
0	368
0	130
37	1668
13	1677
2	1561
2	964
2	75
1	1582
1	17
0	203
1	256
18	585
0	233
0	391
0	392
0	378
0	234
0	34
0	11
0	5
0	35
0	13
1	166
0	123
0	143
0	143
0	105
0	104
0	86
0	2488
0	109
2	59
0	57
1	43
0	6
0	6
0	0
0	6
0	8
3	8
0	0
0	11
0	35
0	12
0	38
0	295
0	21
0	12
0	326
0	25
0	28
0	46
1	49
0	278
0	85
0	42
0	318
1	173
0	20
0	35
0	36
0	102
2	13
6	0
7	57
0	800
0	203
0	281
0	245
0	350
0	173
0	94
0	0
0	0
0	0
0	0
0	0
0	508
41	366
4	569
0	598
1	578
0	335
0	27
0	244
0	186
0	212
1	194
0	138
0	110
0	69
0	71
0	52
0	65
0	57
8	0
0	17
0	175
1	1009
0	996
0	543
0	995
0	190
0	386
0	184
0	604
20	98
36	2490
0	61
0	2483
0	2458
1	28
0	12
5	2370
0	261
4	254
4	228
3	706
2	150
3	246
1	134
0	2481
0	0
0	0
0	0
0	0
0	0
2	3
6	88
0	9
0	10
0	86
0	86
0	86
0	88
0	0
0	0
0	0
0	0
0	0
0	0
0	0
0	0
0	154
6	47
0	296
0	11
1	33
0	217
0	18
0	0
0	39
0	21
0	0
0	0
0	0
0	0
0	0
0	0
0	0
0	0
179	13
0	10
0	11
6	2901
0	3907
0	183
43	1056
1	3792
0	1112
5	1411
50	423
0	1746
4	1017
4	920
2	491
2	90
3	414
15	2342
0	2305
14	98
2	232
0	195
0	0
0	0
0	0
0	0
0	0
0	0
0	0
0	0
0	0
0	0
0	0
0	0
0	0
0	0
0	0
0	0
0	0
0	0
5	831
254	800
1	185
434	818
0	1100
0	211
0	108
0	202
1688	0
0	1578
0	1525
0	1753
0	1
0	1
0	1
1	152
135	195
0	195
0	16
0	52
0	0
0	0
0	0
0	0
0	0
0	0
0	0
0	114
0	29
0	101
0	26
0	1
0	0
265	3813
11	3665
0	2816
0	155
0	3254
0	206
0	254
1	481
0	306
0	101
69	443
0	0
0	0
0	0
0	0
0	0
0	0
0	590
0	0
0	0
0	0
0	4
4	7
0	4
4	7
0	100
1	103
0	10
0	72
0	1
0	2
1	103
0	404
0	305
0	375
1	97
0	295
2	29
0	215
7	40
2	61
4	57
0	69
27	75
0	30
0	0
0	0
0	0
0	0
0	0
0	0
0	0
0	0
0	6
0	2
0	2
0	2
0	0
0	0
0	6
0	0
0	0
0	0
0	1
0	1
0	24
0	0
0	0
0	0
0	0
0	0
0	0
0	0
132	19
0	19
0	0
0	0
0	0
0	0
0	0
0	0
0	0
0	0
0	0
0	0
0	0
0	0
432	0
381	25
7	273
0	13
0	5
0	29
0	47
5	519
0	515
0	56
0	51
0	17
1	12
0	2
235	1312
0	1312
0	0
0	0
6	533
0	527
0	17
0	25
0	398
0	62
10	158
0	331
2	429
0	23
0	5
0	437
1650	0
0	924
0	2653
0	126
1	203
0	104
2	48
12	2527
0	41
0	43
0	144
0	50
0	2551
1	45
0	60
1	44
0	227
0	29
0	31
0	98
144	2247
0	91
0	130
5	235
17	355
0	2291
0	126
0	2653
3	433
3	5
18	457
11	452
0	538
1	354
0	141
0	286
0	493
0	43
0	484
0	494
1	70
0	476
0	469
0	367
2	122
287	318
111	316
0	302
0	119
0	170
43	35
35	262
0	0
0	0
3	0
0	0
0	0
136	203
7	106
0	90
0	97
0	284
0	338
140	326
1	62
0	208
0	262
0	338
240	219
0	53
4	148
0	48
0	48
574	156
1	42
12	5
0	78
0	1
0	0
0	1
1	1
0	0
0	0
0	73
0	238
3	236
0	59
0	71
0	231
0	231
0	44
115	1176
2	50
0	36
1	258
2	21
0	1
3	149
0	36
0	45
0	746
0	57
0	82
0	63
4	16
0	60
0	60
0	230
0	661
0	664
0	308
0	292
0	302
6	678
0	192
22	217
7	81
25	49
14	14
6	280
7	274
165	2435
0	2432
3	96
8	82
3	34
13	70
0	71
0	107
6	0
0	1059
22	1042
0	717
8	161
2	82
0	172
21	161
0	85
0	72
7	142
0	176
0	106
0	69
0	108
0	85
0	74
0	66
0	67
0	2
0	0
0	0
0	0
0	0
0	0
0	0
0	0
19	284
2	159
0	223
1	285
1	1
0	0
1	1
296	406
0	406
3	30
6	217
5	33
0	35
1	33
0	30
1	16
0	0
0	0
0	0
0	0
0	0
0	0
2	0
0	0
0	0
0	0
0	0
2559	3623
0	911
1	2712
0	501
0	103
0	111
1	114
4	471
0	302
0	179
0	252
1	446
2	394
1	0
0	76
0	0
0	0
0	0
49	1623
27	1636
1	1637
0	1356
0	0
0	0
0	0
0	107
0	105
2	105
0	3
3	27
0	4
0	4
0	1
1	0
0	0
0	69
0	301
1	49
0	37
0	7
0	249
0	57
1	58
0	27
0	17
2	21
0	33
5	241
1	4
0	1
0	191
0	0
0	2
0	188
0	1
0	0
0	1
0	7
0	60
0	290
0	1
0	705
0	56
0	0
3463	2826
2	2833
1	2694
0	838
0	0
0	0
0	0
0	0
0	0
0	1141
0	1141
2	116
2	213
1	83
0	0
0	0
0	0
0	0
0	0
2	1251
0	881
103	995
206	10
0	10
0	0
0	0
0	0
0	156
0	28
1	55
1	11
1	10
0	155
0	0
0	0
0	0
0	0
0	0
0	10
0	10
0	9
0	6
0	6
0	10
0	177
38	802
0	791
0	445
4	300
1	90
2	160
2	163
0	83
1	4
1	73
0	69
0	741
159	335
311	335
590	0
0	154
0	47
0	151
0	865
2	881
105	699
0	696
3	695
0	4
0	2
1	154
0	186
0	304
1	90
3	52
0	64
5	214
0	0
0	0
0	0
0	0
0	0
0	0
0	0
0	0
0	0
0	0
2	958
32	960
1	204
0	829
2	228
37	289
0	40
2	309
0	311
0	10
2	37
0	65
0	312
0	0
1	1755
1	231
0	335
0	855
3	1650
0	1705
0	1645
0	57
0	165
0	175
0	113
0	228
0	184
0	118
4	125
0	260
3	245
0	250
5	174
4	245
0	262
11	207
0	127
0	204
0	46
0	203
0	124
0	78
4	8
0	0
0	0
0	0
0	0
0	0
0	0
0	21
0	41
0	716
0	65
0	674
0	550
0	68
0	683
0	57
3	388
0	665
2	36
0	499
3	10
1	54
0	27
0	2
0	85
0	28
0	120
0	0
0	0
5	14
0	11
0	3
0	3
0	3
0	3
0	1
0	7
0	1
0	1
0	0
0	0
0	0
0	1
0	0
0	7
0	825
1	821
0	723
0	3
0	1
450	799
88	94
1	75
0	19
0	78
0	43
0	47
0	16
112	221
0	25
0	58
0	214
0	0
403	38
1	16
5	22
0	5
49	10
0	9
0	2
0	0
0	0
32	1077
1	115
3	1068
0	70
0	75
0	35
3	89
22	16
0	0
0	0
0	0
0	0
2	193
0	15
0	2
0	2
0	2
0	2
0	0
2	3
156	48
0	23
1	27
0	14
2	11
5	9
0	1615
0	53
1	547
0	1592
0	1475
0	1
0	78
1	1592
1	1595
0	69
2	416
0	0
0	0
0	0
0	0
0	565
1	513
0	146
8	43
9	42
0	538
0	0
0	0
22	83
0	57
0	83
0	21
0	4
381	232
0	232
0	4
0	4
0	4
0	0
2	2
0	2
0	0
0	0
0	0
0	0
0	0
0	0
0	0
0	0
0	0
0	0
0	1
0	0
0	0
0	1
0	0
0	0
0	0
0	0
0	0
0	0
0	0
0	0
0	164
62	173
3	1
4	2
0	173
0	169
0	27
0	6
0	42
0	47
0	0
0	0
1	21
0	17
4	7
0	0
0	0
1	0
0	0
0	0
0	0
0	0
0	0
0	0
0	0
31	23
2	22
0	21
0	17
0	19
0	18
0	23
0	16
0	20
0	6
0	15
23	8
5	0
1	27
0	215
13	27
0	34
1	27
0	40
10	232
0	11
0	210
3	424
0	366
61	137
1	396
0	308
0	73
0	136
0	165
0	144
8	422
0	351
1	411
0	239
5	62
2	50
0	182
1	172
1	60
0	146
0	152
15	65
0	0
1	1
6	231
0	236
0	241
0	242
2	26
0	260
0	260
25	759
0	8
0	7
0	738
7	700
0	113
15	510
1	218
0	40
0	7
0	1
0	320
68	314
0	256
0	0
0	30
0	23
0	34
35	3
0	3
0	3
0	3
0	3
0	3
1	53
340	1285
0	83
0	1184
3	883
0	1094
2	939
0	928
2	50
1	136
3	185
23	351
1	131
1	70
3	84
0	69
0	42
0	47
0	47
2	34
0	0
3	1
0	276
0	21
0	15
0	220
0	196
0	234
0	5
0	18
1	209
0	237
0	260
0	0
2	687
0	484
38	687
243	485
0	482
0	181
3	3
0	73
1	0
0	94
0	206
0	241
0	271
0	87
0	111
0	105
0	81
0	0
0	0
0	0
0	0
0	0
0	0
0	0
0	0
0	0
0	176
1	179
1	60
0	66
1	34
0	34
1	14
0	0
0	7
0	3
0	7
0	3
0	7
0	7
0	0
0	288
6	273
3	110
606	0
0	0
0	712
3	155
0	687
0	513
0	499
0	425
0	158
0	120
0	687
0	681
0	0
0	0
0	0
0	0
0	0
0	0
0	0
0	0
0	0
0	0
2	633
2	390
1	11
0	42
0	622
42	936
0	817
0	862
1	787
0	794
0	809
0	716
0	739
0	755
0	792
0	894
0	879
0	486
0	383
2	105
0	661
13	368
10	361
8	339
0	0
1367	0
3	2
0	0
0	0
0	0
0	0
0	811
0	0
0	0
0	0
0	0
0	2
622	73
1	61
0	12
0	0
117	867
70	868
1	117
0	0
0	0
0	6
0	3
0	4
0	3
0	0
0	0
3	83
0	72
18	5
0	52
6	83
0	0
0	0
513	1650
0	1591
7	1430
0	1251
0	1356
0	1417
0	1219
1	189
1	155
1	163
0	0
0	1
0	4
0	16
0	6
0	6
0	10
0	32
0	38
0	38
0	6
0	4
0	6
0	6
0	1
217	199
3	27
2	8
1	36
0	45
0	53
0	47
0	56
5	77
0	84
0	77
0	118
0	77
0	548
0	552
0	35
0	19
0	0
0	4
2	556
0	3
0	3
0	14
0	262
5	1589
15	552
1	269
6	1419
2	1470
0	293
0	370
2	399
13	87
0	3
0	0
0	0
0	0
0	7592
0	152
0	2271
75	5976
0	7519
359	5554
0	152
0	5237
1	809
17	97
32	85
0	453
0	371
0	317
0	352
0	598
49	1342
0	733
19	377
0	859
0	0
0	1
0	2
0	0
0	1
0	2
0	1
0	0
0	0
0	0
0	1
0	1
0	0
0	1
0	1
0	0
0	0
0	0
0	88
0	22
1	7
0	74
0	82
0	78
0	0
10	556
13	556
0	35
0	0
0	0
0	0
0	0
1283	0
2	910
0	107
2	111
0	117
0	21
0	18
0	13
0	5
0	4
1	0
0	0
0	2
0	112
4	1973
0	5
0	5
340	198
2	119
0	170
2	10
0	9
0	2
0	1
0	1
4	0
0	14
10	24
25	0
3	10
0	342
0	278
0	164
0	62
0	91
0	38
0	59
0	44
0	44
10	125
976	861
72	658
2	407
6	112
5	56
2	88
0	106
0	50
0	31
0	226
6	244
0	63
0	18
1	17
0	22
374	217
14	133
35	154
0	44
1	51
2	33
0	9
8	27
0	0
0	4
0	4
0	1
0	1
0	1
0	0
0	1
0	0
0	1
0	0
0	0
0	0
1	134
0	247
3	210
0	177
0	115
3	170
3	61
0	40
0	0
470	297
0	95
0	109
2	181
0	126
0	130
0	130
0	128
1	59
0	27
5	0
27	5
0	5
0	2
0	1
0	0
0	0
7	0
0	74
0	74
0	74
0	75
0	1
0	1
0	1
0	1
0	1
0	1
0	1
0	0
0	1
0	1
0	1
0	0
0	0
0	0
0	1
0	1
0	1
0	1
0	1
0	1
0	1
0	1
0	1
0	1
21	2
0	0
0	24
0	3
0	3
0	2
0	4
0	19
0	2
0	19
0	0
0	0
0	2
0	2
0	0
0	0
0	0
0	0
0	0
0	0
0	0
0	0
0	0
0	0
0	0
0	0
0	0
0	0
0	0
0	0
0	0
172	0
0	51
0	49
1	20833
0	2796
17	2478
0	20845
20	19850
73	6236
0	14705
0	5001
19	1662
1	11737
16	3769
0	10039
0	6344
99	5284
0	5319
14	1206
0	1238
1	1037
0	1
0	1
0	0
0	0
0	0
0	0
0	0
0	0
2	1277
0	135
224	747
0	414
0	408
1	46
0	32
0	321
0	222
0	164
0	78
0	101
0	29
0	50
0	42
0	3
0	1
0	1
0	0
0	0
0	154
2134	416
0	0
0	41
0	178
1	74
3	84
252	286
0	253
12	19
2	0
0	237
0	68
0	0
0	0
0	23
0	2
0	2
0	2
0	2
0	2
0	2
0	2
0	0
0	0
0	0
0	0
1	0
0	0
0	0
0	2
0	0
0	56
0	12
0	2
0	0
0	3
0	2
0	0
0	0
0	2
0	0
0	0
0	1
0	0
0	0
0	0
0	2
0	0
0	1
0	0
0	0
0	1
0	0
0	0
0	0
0	0
0	1
0	0
0	0
0	0
0	0
0	0
0	0
0	0
0	0
0	0
555	1153
0	1156
0	1148
0	1021
0	985
0	978
0	866
1	956
1	781
0	937
0	910
0	902
2	791
0	256
0	14
0	17
0	0
0	0
0	0
5	319
6	15
0	198
2	9
0	28
0	301
0	8
0	142
0	13
0	10
0	11
0	4696
0	4722
0	1700
0	752
26	3425
147	784
0	4723
7	849
1	724
0	3764
12	2092
0	186
0	174
0	179
0	183
0	55
0	51
0	51
0	21
0	0
0	9
0	23
0	20
0	13
0	6
0	0
583	0
0	0
0	2
0	2
0	0
0	2
0	1
0	1
39	24
0	24
0	0
0	0
0	808
0	931
0	951
0	803
0	632
0	36
0	89
0	200
0	169
0	942
0	0
0	0
0	0
0	24
0	24
0	24
0	11
0	8
0	5
0	4
0	3
0	3
0	0
1	128
0	128
0	0
0	1
1	1929
1	62
0	1014
9	145
0	1701
0	945
1	130
7	241
9	380
2	80
23	1143
0	463
544	381
6	93
1	209
0	144
3	29
0	80
0	0
0	0
0	0
0	0
0	1544
0	1554
0	177
0	305
0	585
2	1282
0	1460
7	320
0	1278
0	1523
1	9
272	14
8	4
0	0
0	1
0	0
0	1
0	0
0	0
0	0
0	4
0	2
0	4
0	4
0	0
0	1
0	27
0	140
0	1
0	339
0	312
0	149
0	335
3	3
8	444
1	21
3	15
0	444
16	1
0	1
0	2
0	2
0	2
0	2
0	1
0	1
0	1
0	1
0	1
0	0
0	1
0	1
0	0
4	95
2	116
49	494
3	494
0	160
0	0
702	415
17	205
3	282
17	135
0	0
0	0
23	1542
1	1542
136	592
40	613
0	613
0	30
0	706
0	857
1	112
0	225
12	733
0	178
0	108
0	278
0	601
0	89
5	145
0	94
7	270
6	61
510	0
0	330
0	325
0	329
0	236
0	255
0	261
0	333
0	318
0	289
0	289
0	277
0	57
0	10
0	41
0	41
0	38
0	33
0	21
1	12
0	8
0	0
0	7
0	130
0	346
886	0
1	0
0	0
0	0
0	639
0	714
0	660
33	107
0	681
0	623
15	258
1	9
1	136
0	694
0	617
0	575
0	1720
4	1064
0	27
1	1131
5	584
0	925
0	663
12	360
0	0
1	486
13	206
0	672
0	681
1	652
1	68
1	17
1	26
0	108
0	127
0	32
1	32
0	182
0	80
5	29
26	1
0	97
122	919
37	225
3	672
3	47
2	63
4	72
0	535
3	75
0	57
6	5
0	24
0	210
0	7
0	6
0	5
0	4
0	2
0	0
0	2
1	2
0	1
0	0
0	7
0	2
0	10
0	12
0	12
0	10
0	26
0	0
0	12
0	12
0	7
0	11
0	12
0	4
0	23
0	26
0	22
0	11
0	26
0	12
0	6
0	12
0	9
0	3
0	11
0	10
0	23
0	10
0	7
0	9
0	5
0	1
0	3
0	12
0	3
0	15
1	14
0	2
0	7
0	13
0	8
0	12
38	295
0	5
0	210
1	202
2	49
0	45
5	105
3	65
0	3
0	197
0	232
11	234
2	154
1	164
4	31
2	12
0	2
0	0
0	0
0	0
0	0
0	0
0	0
0	0
0	0
0	0
1	1615
2	1283
4	444
6	158
12	243
0	1362
0	0
0	40
0	40
0	0
179	239
4	233
1	129
0	32
0	16
0	5
0	6
0	1
0	1
0	4
2	2
0	2
0	31
0	3
7	1172
0	1278
0	1106
10	1098
2	75
1	59
1	13
1	20
0	547
0	543
0	42
1	98
0	632
3	159
0	616
0	632
0	639
1	31
12	84
1	83
0	337
0	293
1	58
0	81
0	182
0	125
0	44
0	19
0	26
61	0
0	0
0	0
1	0
0	0
0	0
1	457
47	50
740	1870
2	534
16	1114
0	686
0	433
0	670
29	176
0	176
0	44
0	176
0	183
11	654
10	182
67	644
0	188
2	0
0	15
0	47
0	3
0	0
0	279
0	240
0	96
0	279
0	114
0	287
0	108
0	117
0	327
0	73
0	121
0	294
2	295
0	184
0	70
1	41
3	12
0	14
0	14
0	12
0	0
0	9
0	323
0	5343
98	5182
18	5343
0	393
6	286
1	240
0	0
82	0
0	0
0	0
0	0
0	321
0	204
0	204
0	204
0	52
1	43
0	0
0	134
4	5
0	17
0	0
1	3
0	1
0	0
0	0
0	0
0	0
0	1
0	0
0	370
31	252
1	243
4	130
0	4
3	4
3	284
1	160
0	0
0	0
0	0
0	0
0	658
1	13
0	87
1	70
1	0
8	15
0	102
23	640
0	43
14	955
0	157
1	15
21	155
0	93
0	934
0	1
0	0
0	0
2	1
0	1
0	0
0	0
0	1
0	1
0	0
0	0
0	0
0	0
0	0
0	0
0	0
16	168
1	134
2	132
18	182
0	47
9	46
0	35
0	56
0	25
1	40
0	35
24	42
8	0
0	6
0	2
0	9
0	10
1	10
0	9
1	10
0	10
2	0
1	3
0	9
0	1
0	5
0	280
0	301
2	202
0	278
0	293
2	44
7	111
0	26
0	0
0	0
0	0
0	0
0	0
0	0
1862	3675
5	625
1	1906
8	1003
0	1415
0	415
0	2367
0	317
0	254
0	299
2	45
0	84
1	15
0	45
0	19
0	24
0	26
4	6
6	325
4	308
0	210
0	128
0	75
0	85
32	38
39	50
54	241
1	829
5	662
22	899
32	784
156	1700
0	1420
0	1374
0	433
31	817
1	745
0	752
0	435
0	225
1	190
0	114
1	114
0	41
0	864
2	465
0	9
0	14
0	27
0	18
3	46
0	47
0	0
0	7
0	13
0	2577
7	2361
5	4
0	4
50	2228
0	217
0	1381
22	991
0	827
0	827
0	1
0	1
0	472
13	18
0	460
44	32
1	88
6	116
0	86
0	130
107	42
0	74
8	43
2	388
1	0
18	775
1	605
0	731
0	353
3	595
0	311
0	355
0	1
0	123
0	115
0	120
0	121
0	113
0	104
0	9
0	47
0	52
0	102
0	100
0	104
0	104
0	102
0	98
0	98
0	100
0	99
0	102
0	100
0	102
0	103
0	104
0	105
0	105
0	6
0	12
0	4
0	0
0	39
0	3
0	6
1	169
0	161
1	1227
4	1201
5	64
2	144
0	89
0	119
34	15
25	48
2	72
3	33
0	98
0	192
208	139
1	61
10	31
2	91
79	110
0	126
10	65
3	57
0	0
32	0
13	35
6	122
0	70
0	122
1	113
0	100
5	63
0	100
3	506
0	496
0	455
0	150
0	497
0	510
0	10
0	472
13	474
0	474
0	165
0	501
0	459
0	460
0	98
0	460
0	165
2	515
0	512
0	215
0	460
0	44
87	898
1	898
0	281
0	254
5	40
0	249
0	0
3	0
0	1
0	1
0	0
0	4
0	0
0	7
0	5
0	9
0	5
0	7
0	23
0	11
0	11
0	10
0	11
0	11
0	7
0	8
0	0
0	0
0	0
0	0
0	0
0	0
0	0
0	0
0	0
0	0
0	0
0	0
0	0
0	0
0	0
0	0
483	0
0	0
1	3
1	4
0	1
0	1
0	0
0	1
1	0
452	2361
2	2270
0	899
31	2353
13	2069
25	641
1	717
1	1687
1	0
0	1255
1	76
0	73
0	222
0	383
2	211
0	216
5	114
0	314
0	74
0	39
0	56
0	84
1	39
0	365
0	503
0	454
0	445
0	109
162	304
0	445
0	419
2	99
9	492
0	186
0	203
2	149
0	190
9	128
0	56
0	428
0	0
9	1025
0	1058
4	354
0	97
26	21
0	17
0	17
0	7
0	1
0	0
0	0
0	0
0	58
0	93
1	65
0	96
0	97
0	96
4	93
0	0
0	0
11	645
1	645
96	799
0	305
17	481
38	223
0	0
0	0
1	1369
0	1476
0	1460
2	72
0	36
2	1395
68	659
1	659
1	548
551	273
0	89
0	223
0	46
4	21
24	0
2	72
8	60
4	75
0	45
1	56
0	1
1	33
0	26
279	1916
1	1450
0	1916
0	167
0	138
0	156
0	0
0	0
0	0
0	90
2	29
0	7
0	158
0	1046
0	4
0	218
0	56
0	123
0	889
0	272
0	58
0	511
0	90
0	576
0	605
0	98
0	308
0	303
0	222
0	284
0	289
0	248
0	246
0	280
0	232
0	231
0	157
0	183
0	55
0	75
0	59
0	6
1	59
0	54
0	58
0	23
0	13
0	0
0	0
0	0
0	0
0	14
0	1
0	3
0	3
0	3
0	0
0	0
1	0
0	0
0	0
0	0
0	3
0	3
4	1167
1	0
0	0
0	0
0	0
0	0
2	25
236	169
1	2
2	93
4	108
20	45
0	3
70	188
2	41
31	5
1	168
8	118
12	0
0	338
1	467
0	349
3	519
0	471
0	54
0	56
0	27
0	17
1	11
1	310
0	310
3	312
1	310
0	80
0	74
0	62
0	53
0	53
0	52
2	89
8	88
0	85
0	318
0	351
22	187
0	256
3	40
6	226
14	217
0	602
0	492
2	16
0	541
0	59
1	154
0	565
0	68
5	11
0	185
1	185
0	76
6	124
0	474
0	15126
2	15064
0	5081
6036	9366
13	280
4	3393
33	1539
1	909
3	418
0	417
0	123
0	126
0	124
0	127
0	126
0	126
0	88
3	12
0	125
0	125
0	113
0	99
0	350
0	424
0	162
0	75
3	2
151	106
0	0
0	2
0	2
0	229
0	174
1	40
0	123
0	143
0	179
0	187
1	11
0	36
0	23
0	44
0	10
0	0
1	33
1	218
0	203
0	278
241	1229
0	595
0	537
6	753
3	275
0	0
0	0
0	0
0	0
0	0
0	0
0	0
0	0
448	0
0	469
0	261
0	489
0	1155
0	1144
5	108
0	324
0	274
0	287
0	489
0	1157
0	1274
0	320
0	208
0	425
0	264
0	1295
2	682
7	697
0	777
5	604
0	485
1	291
0	228
1	195
0	197
0	106
0	116
1	112
0	128
0	2
0	90
1	57
0	669
0	0
0	0
0	0
0	0
0	0
0	0
0	0
0	0
0	0
0	0
0	0
0	0
0	0
0	0
0	0
0	0
0	0
0	0
0	0
2	175
0	272
0	81
4	114
0	110
0	113
7	166
0	0
0	0
0	0
0	0
0	0
0	0
0	0
0	0
0	0
168	185
25	54
15	185
0	129
23	8
0	39
213	39
2	938
0	906
1	532
8	583
1	295
532	78
1	78
0	78
3	78
0	0
0	46
0	45
2	46
0	1
0	1
378	1457
6	1457
0	0
0	0
0	0
0	0
3	14
0	13
0	0
0	13
0	634
2	612
0	449
3	113
15	58
36	203
1	66
0	0
0	0
0	0
394	1398
0	247
0	319
231	316
19	229
7	155
21	38
10	48
1	57
12	235
59	923
0	228
1	128
2	102
0	102
1	90
0	4694
2	1491
7	4620
120	1191
0	335
0	115
2	671
0	424
0	0
107	283
0	28
0	277
0	269
34	159
0	121
1	87
0	93
0	20
0	107
2	12
0	69
0	863
0	941
0	189
2	14
2	108
0	1
0	245
5	46
0	93
0	34
0	202
0	39
0	218
0	884
0	332
0	318
5	236
0	66
0	0
0	0
0	0
0	621
9	486
2	608
0	363
0	342
0	54
0	140
0	140
2	75
1	163
0	139
4	12
0	95
0	67
0	67
0	58
2	41
0	612
31	41
0	280
3	88
1	267
0	236
0	111
0	77
2	290
2	268
1	241
0	227
0	207
0	129
2	62
0	82
0	91
0	65
0	6
0	7
1	0
1	0
1	444
5	552
0	1437
205	2076
61	351
4	909
2	14
0	13
0	52
1	50
0	50
0	1
0	1
0	0
0	52
549	765
19	706
0	322
4	59
0	0
0	0
0	0
1	39
84	39
0	0
0	0
1	440
0	537
10	469
2	546
0	604
0	403
3	293
0	85
0	114
1701	0
0	109
0	206
9	72
0	556
1	0
1	471
0	407
0	40
0	40
1	1
1	0
0	0
2	0
0	1
33	524
0	411
8	381
3	61
1	89
29	94
3	11
2	93
0	40
6	10
0	9
0	385
1	50
0	834
0	84
0	483
0	128
1	145
1	127
8	324
12	658
2	59
0	40
0	28
0	94
0	12
0	94
2	20
0	104
0	37
0	40
0	73
0	81
1	43
2	64
10	71
13	60
0	94
0	84
0	84
0	0
0	0
0	0
0	0
0	0
0	0
0	3
0	3
0	3
0	1
0	0
0	1
0	1
17	814
2	0
0	23
0	697
0	697
0	49
0	811
0	694
0	148
0	6
0	0
0	148
0	0
0	310
3	292
0	66
38	192
4	47
0	117
18	35
1	9
0	1
0	31
2143	744
3	191
6	128
0	108
5	317
0	13
714	0
3	122
8	2
0	2
0	157
1	166
0	115
0	5
0	10
0	102
0	5
0	5
0	0
0	1
0	0
0	0
0	0
0	0
1	12
0	7
0	10
0	117
0	5
0	19
0	67
0	38
0	5
0	14
1	1
1	0
2	56
3	46
0	166
0	53
50	53
5	15
0	20
1	10
3	0
0	0
0	873
0	862
0	639
0	641
0	679
0	677
0	672
1	557
0	601
1	552
11	418
0	76
0	11
0	4
0	883
0	881
0	862
0	878
0	652
0	841
0	833
3	749
21	98
1	609
0	36
1	28
0	396
0	54
0	49
0	56
0	57
0	43
0	235
5	873
0	353
0	69
0	293
0	275
0	275
0	275
0	284
0	313
0	882
0	892
1	293
1	59
4	72
0	50
0	52
0	20
0	293
0	255
376	131
0	32
0	25
0	19
0	3
0	49
0	46
0	281
0	138
1	142
0	282
0	285
0	278
0	56
0	35
0	267
0	261
0	282
0	123
0	248
0	2
0	282
0	102
0	286
0	277
0	274
0	33
0	260
0	286
0	296
0	233
0	280
0	131
0	294
0	64
0	285
1	119
0	284
0	148
0	280
0	275
0	294
0	106
0	270
0	264
0	23
0	34
0	167
2	34
0	13
0	31
0	2
0	136
1	22
0	145
0	4
0	24
0	24
0	108
0	25
0	62
0	88
0	80
0	92
0	57
0	83
0	78
0	72
0	69
0	16
0	4
0	0
0	0
0	0
0	0
1	27
348	357
0	109
0	140
0	87
0	168
1	131
0	115
0	126
0	124
0	0
0	0
0	0
0	0
0	0
0	0
0	0
0	91
1	104
1	105
0	6
0	106
0	106
25	1116
15	1060
6	97
3	73
2	1116
3	79
2	663
0	85
0	180
0	86
1	73
0	0
0	0
0	0
0	0
0	0
0	0
15	82
9	16
0	80
33	77
11	45
0	0
3	668
0	680
0	609
8	151
0	199
0	145
1	95
0	23
17	193
0	11
1	9
0	348
0	322
0	307
0	254
0	305
0	302
1	229
0	285
0	195
1	304
0	243
0	245
0	183
0	145
2	221
0	116
0	109
0	63
0	87
0	67
0	16
0	43
0	35
0	406
0	565
9	1481
2	1452
0	699
2	1368
2	704
0	52
0	90
1	678
0	1404
1	13
2	289
0	338
0	288
0	306
0	336
0	48
15	64
0	176
0	173
0	419
4	115
0	0
0	0
0	0
0	0
0	0
0	0
0	0
0	0
0	0
0	0
0	0
0	0
0	0
0	0
0	0
0	0
0	0
0	0
0	0
0	0
0	367
1	114
0	1787
2	321
0	378
21	430
24	143
3	449
3	760
4	647
1	1649
0	1678
0	1733
0	24
1	201
17	257
0	138
14	215
0	252
0	181
0	116
0	44
12	26
16	118
0	10
0	77
2	11
5617	2009
0	1640
0	0
0	0
3	0
0	0
426	50
0	50
1	319
0	343
2	280
1	164
0	92
2	33
0	30
7	712
0	111
1	564
1	29
0	695
9	834
0	56
2	108
0	41
0	311
59	181
2	0
1	372
9	172
2	50
0	86
0	0
0	710
24	158
0	774
1	69
0	7
0	134
0	141
0	110
0	97
0	745
0	735
0	745
0	23
73	492
0	523
2	151
0	124
0	15
11	130
0	526
0	112
3	87
0	156
0	104
88	1174
0	854
80	1035
0	1115
157	537
6	576
0	178
2	153
1	123
5	102
1	51
122	295
16	322
0	202
0	211
0	94
2	65
0	133
2	163
27	116
0	164
1	52
0	139
3	20
1	110
11	25
0	42
23	56
3	79
0	22
0	59
0	21
0	285
0	1959
0	735
0	581
2	632
3	239
4	663
5	348
40	616
16	476
4	411
20	408
3	1887
0	0
0	0
0	0
0	0
0	0
0	0
0	0
0	819
0	28
555	0
0	19
0	1
0	2
24	1
0	1
0	1938
53	1999
39	128
0	253
0	1303
25	426
12	0
14	92
6	127
2	117
0	185
93	44
0	688
0	435
0	179
641	799
1	685
4	587
3	310
20	539
27	514
4	111
0	205
38	797
0	53
5	72
0	158
0	226
1	225
0	217
0	225
0	108
0	2
0	3
0	17
0	6
0	21
0	16
0	0
0	0
1	190
886	222
14	222
1	4800
4	952
0	1648
1	13087
0	14005
6	18450
1	1738
5	2398
2	2518
1	3594
1	3528
0	4378
0	13774
0	16023
1	4241
0	3367
0	18101
0	18082
5	11238
0	6008
0	80
10	8039
0	5737
36	11886
7	11711
0	0
10	3
0	3
0	232
0	149
0	51
0	63
0	340
5	359
0	268
0	277
1	104
0	158
0	172
1	163
0	85
0	59
0	42
7	48
0	63
0	15
0	0
0	0
0	0
0	0
0	0
0	0
0	0
14	250
4	250
0	0
0	0
216	169
5	56
0	111
4	111
1	75
6	303
1	291
4	260
1	316
2	339
6	166
3	30
2	0
0	0
0	0
0	0
2	22
0	22
0	0
54	668
0	646
1	49
0	49
1	71
0	646
721	140
1	119
0	79
0	70
0	0
0	622
0	379
1	8
0	302
0	1
0	594
0	588
1	333
13	95
0	89
1	76
7	30
151	1492
1963	1484
2	522
0	238
0	1
0	1
0	677
0	7
14	695
162	265
2	15
0	86
0	0
0	61
0	0
0	0
0	0
0	0
0	0
0	0
0	0
0	0
0	0
0	0
0	0
0	40
0	40
0	61
0	97
0	80
0	2
0	0
0	0
0	0
0	87
0	91
0	75
0	30
0	31
2	44
0	92
6	21
0	60
4	0
0	10
0	26
0	23
0	695
0	0
0	0
0	240
18	237
115	263
18	72
1	125
0	66
0	100
1	39
0	0
0	240
0	240
0	1115
4	1115
0	46
0	1119
0	1
0	41
2627	0
0	0
235	1088
0	783
0	248
0	417
1	418
431	1668
5	1669
3	819
0	506
0	0
0	0
0	0
0	0
0	298
0	17
0	319
0	59
0	4
0	127
0	50
0	41
2	21
0	21
0	50
1	140
1	140
0	1
0	18
0	9
0	8
0	43
0	46
0	41
0	38
0	25
0	26
0	17
0	8
0	12
0	10
0	11
0	13
0	18
0	8
1	8
0	46
0	42
0	16
0	16
0	12
0	16
0	248
4	108
0	48
0	36
0	23
2	9
0	245
0	245
0	245
60	1758
1	99
0	1688
0	26
0	215
0	0
0	0
0	0
0	0
0	0
0	0
0	808
0	931
0	951
0	803
0	942
0	110
48	161
25	153
0	89
0	132
0	135
0	62
0	208
0	169
1	118
2	111
5	0
187	0
0	0
1155	1
138	374
3	230
0	102
32	144
17	129
0	46
5273	5270
10	369
5	1536
189	543
0	119
38	305
0	300
0	300
0	287
0	38
0	24
0	33
0	13
0	14
1	11
0	11
0	8
0	8
2	0
0	0
0	0
0	0
0	0
67	257
1	101
1	94
0	156
2339	888
5	188
27	540
0	121
0	200
4	131
4	55
0	47
0	31
2	4
0	6
0	2
0	0
0	0
0	0
0	0
0	0
0	0
0	1123
2	863
27	673
0	209
0	151
1	121
0	63
0	0
0	0
0	1581
0	1590
0	9
1	1504
11	772
5	36
2	25
1	43
2	14
1	190
2	182
2	55
0	50
0	84
0	47
0	100
0	305
0	0
0	1
0	1
0	0
0	0
0	0
0	1
0	0
4	0
0	0
0	90
0	0
0	0
0	5
0	6
0	10
1	0
0	0
0	1
0	1
0	0
0	0
0	0
0	0
0	0
0	0
0	0
3	823
1	140
0	393
0	837
2	823
0	219
0	98
0	432
62	0
176	0
5	506
0	509
0	13
3	142
4	133
0	140
0	142
0	136
0	100
0	237
0	251
0	1578
28	94
0	1694
5	232
226	17
0	17
0	279
0	116
0	3
1	255
8	279
0	149
0	278
1	4
0	4
0	4
0	5
0	4
0	0
0	4
0	0
0	4
0	4
0	5
0	0
0	0
0	0
0	0
0	0
0	0
0	17
0	18
0	1
0	1
6	27
0	18
0	0
1	0
0	18
0	5
0	14
0	6
0	23
0	5
0	13
0	24
0	23
0	5
0	19
0	19
0	0
0	7
0	4
0	2
0	23
0	18
0	733
0	764
0	1419
0	1413
0	1628
0	1295
0	1465
0	1043
1	475
0	23
0	0
0	0
0	0
0	0
0	1392
1	606
0	663
8	1589
0	1458
1	1193
1	1388
0	1167
0	532
0	450
0	135
1	199
1	199
12	7473
1	553
0	620
0	7545
9	1261
0	1335
0	4003
0	3163
9	1400
43	4496
0	5493
6	767
4	3166
0	1481
0	1099
71	117
0	941
0	1075
52	255
0	7127
0	6977
0	0
0	0
0	0
0	0
0	40
0	116
0	2
0	194
0	3
0	163
80	209
0	180
0	0
110	121
0	34
0	44
0	75
0	19
2	19
5	21
0	51
0	10
0	0
0	0
0	11
0	0
0	0
1	0
0	0
0	0
0	0
0	0
0	0
0	0
1	21
0	17
17	295
1	265
1	291
0	291
14	175
11	42
0	114
0	114
0	111
0	112
0	79
1	75
0	52
0	59
0	31
0	5
0	22
0	0
0	0
9	338
0	336
0	287
16	348
0	363
0	395
0	105
0	383
8	143
0	306
0	107
0	335
0	339
0	267
0	355
0	344
0	91
0	286
0	297
1	225
0	260
0	234
0	295
1	2
0	338
0	308
0	331
0	282
2	328
0	279
0	281
2	267
0	284
0	306
0	227
1	281
0	190
0	189
4	195
0	165
26	143
0	152
0	90
0	39
0	78
0	18
0	0
3	0
0	0
0	835
0	205
9	353
4	792
12	259
1	382
0	305
0	245
42	457
5	41
0	145
2	157
0	57
2	157
4	150
0	115
0	91
0	90
4	95
0	82
0	0
0	0
3235	0
78	967
1	736
39	571
0	669
0	615
14	516
3	314
2	544
8	254
0	184
8	160
1	0
24	806
0	226
0	806
2	450
0	800
19	3
0	0
0	1
0	1
0	1
0	1
0	1
23	7900
3	1372
0	918
3	1420
0	858
57	7927
412	1022
17	1100
77	3498
0	0
0	0
0	0
0	0
0	0
0	0
0	149
0	0
0	0
0	18
0	0
0	0
0	0
0	0
0	0
0	0
0	0
0	0
0	109
0	65
0	65
0	67
0	65
0	64
0	55
0	61
0	65
0	55
0	51
0	50
0	16
3	3
2	22
2	1
18	18
0	9
0	3
0	9
0	6
0	6
0	5
1	25
0	106
0	0
2	53
92	292
0	42
0	160
0	158
0	192
0	43
0	38
2	8
0	15
0	0
0	0
0	0
0	9329
2	1418
2	991
0	9329
10	8742
19	2209
135	6213
4	1938
4	1173
12	1726
0	23
0	0
0	0
0	0
0	0
0	0
0	0
0	0
0	0
0	0
0	0
0	0
0	0
0	0
0	0
0	0
0	0
0	0
0	0
0	0
0	17
0	39
0	7
0	8
0	15
0	17
0	17
0	11
0	11
0	4
0	9
0	2
0	0
0	9
0	23
0	2
0	0
0	2
0	0
0	27
0	33
0	9
0	9
0	0
0	9
0	0
0	9
0	9
0	9
0	9
0	9
0	10
0	0
0	9
1	10
0	10
0	9
0	23
0	23
0	9
0	199
0	202
0	21
0	16
0	12
0	7
1	6
1	0
1	5
1014	135
11	135
3	598
0	598
0	598
2	354
0	67
0	58
1	86
1033	1360
8	954
0	77
6	89
13	123
0	50
0	145
0	110
0	21
0	2
0	135
0	879
0	18
0	2
0	399
2	209
1	118
1	130
35	1082
0	0
0	0
0	0
0	0
0	0
0	0
0	0
0	0
0	0
0	0
0	8
0	128
0	73
0	61
0	1153
1	234
14	236
0	84
12	77
3	39
1	48
0	7
0	14
0	11
2	4
0	4
0	5
0	7
0	0
0	0
0	7
0	7
0	0
0	0
0	0
0	0
0	7
0	7
0	0
0	7
0	0
0	7
0	6
2	7
0	0
0	0
0	0
0	0
0	0
0	0
0	0
0	0
0	0
0	9
0	1
5	17
3	13
0	9
0	8
0	1
0	4
0	0
0	4
0	3
0	4
0	4
0	3
0	0
0	0
0	1
0	1
0	0
0	9
0	0
0	0
0	2
0	2503
6	543
0	175
0	439
1	638
0	524
0	746
0	306
4	0
0	528
0	2298
0	1205
0	0
4	0
0	0
1	432
0	535
17	1868
1	462
34	314
1	1142
509	2503
0	609
0	1626
0	422
94	1972
0	0
0	0
0	523
15	812
44	812
2	138
6	214
1	187
359	31
0	31
0	4
0	541
0	1
2	540
19	86
0	85
0	60
0	2
0	2
0	5
0	58
1	31
0	80
4	104
4	128
1	100
2525	269
2	269
453	210
0	32
3	162
0	13
1	16
16	29
1	12
0	9
1	18
0	120
1	380
665	626
6	571
1	534
0	168
0	14
0	14
1	13
0	1
0	5
0	2
0	4
0	4
0	0
8	3
0	0
0	0
0	6
0	2
0	2
0	1
74	60
0	57
1	56
0	136
0	573
3	571
0	119
0	77
0	133
0	6
0	19
0	20
0	117
0	0
0	6
0	0
25	289
2	289
1	571
0	750
1	748
1	799
0	13
1	49
6	28
0	800
0	0
0	0
0	0
0	0
0	0
0	0
0	0
0	0
0	0
3	106
0	94
2	247
1365	138
1	45
0	172
11	158
50	243
0	147
0	113
0	11
0	28
1	1
0	2
0	2
0	0
1	2
0	0
0	0
9	485
2	10
2	3
0	2
0	5
0	7
1	2
0	2
0	0
0	0
0	1
0	2
0	2
0	0
0	0
4	490
0	62
1	120
1	486
0	23
0	16
0	17
0	9
0	68
0	0
0	0
0	0
0	0
0	0
0	0
0	0
0	0
0	0
0	0
0	0
0	0
0	0
0	0
0	0
0	0
0	0
0	0
0	0
2	7808
6	6734
0	6734
0	7378
0	7566
68	5842
0	6702
0	6702
0	7606
0	1582
0	640
0	404
5	438
0	404
0	404
13	504
0	654
1	383
0	309
3	374
3	165
0	217
0	28
0	765
1	691
0	613
1	37
1	709
0	748
0	24
0	25
2	27
37	19
0	24
0	0
0	0
0	2
0	0
1	3
0	3
0	3
0	2
0	14
0	14
0	14
0	0
0	0
0	0
0	0
0	0
0	0
0	0
0	0
0	0
0	0
14	10
0	17
0	1
22	17
0	0
0	0
0	0
0	98
12	215
2	69
0	157
3	215
1	109
0	19
0	30
0	25
0	24
1	1
0	1
598	69
1	69
0	15
0	14
0	5
0	13
0	15
0	14
0	15
0	6
0	2
0	9
4	0
14	0
17	64
0	63
0	59
0	2
6	705
7	705
0	0
0	0
0	0
0	0
407	72
0	0
0	0
0	0
20	184
2	239
0	268
0	238
0	94
0	68
2	67
0	64
2	64
0	39
0	37
0	12
2	64
1	33
1	31
1	9
0	9
0	5
0	0
0	57
0	0
0	281
0	364
1	320
0	361
0	64
0	32
1	75
0	45
0	47
0	41
7	46
0	48
0	19
0	79
4	182
0	267
19	861
0	856
0	874
0	856
1	861
2	406
0	316
309	159
0	160
0	96
0	16
0	175
1	333
0	379
0	594
174	500
15	45
1	187
0	196
1	48
1	330
0	94
162	531
0	504
0	487
4	479
0	153
0	414
0	426
0	410
0	374
0	352
0	317
0	321
0	235
0	124
0	115
0	102
4	23
0	22
1	22
1	14
1	4
0	413
1	0
14	353
58	312
0	585
0	147
107	502
0	772
0	751
0	818
0	238
1	545
0	561
0	41
11	107
2	112
0	47
3	83
0	46
4	0
2	6
1	129
0	350
6	27
1	10
0	65
0	93
0	79
0	250
0	10
0	42
0	87
0	142
1	20
0	341
0	42
0	351
0	60
0	49
0	237
0	74
0	116
0	111
0	97
0	232
0	57
0	221
0	29
0	73
0	81
0	30
0	130
0	203
0	41
0	42
0	54
0	73
0	40
0	302
0	160
0	356
0	65
0	119
0	53
0	343
0	66
0	235
0	232
0	406
5	74
2	0
0	0
0	0
0	0
0	0
0	0
0	0
4	1594
28	1602
1	172
10	237
0	783
0	698
0	741
0	691
0	727
1	57
6	254
0	667
3	72
0	634
0	645
0	150
23	488
6	89
1	92
5	43
1	86
0	69
0	133
0	156
0	136
3	4
0	1
7	329
2	329
627	351
0	351
0	98
2	0
0	613
0	613
0	30
0	30
0	34
0	12
1	6
0	30
0	30
1	335
51	302
3	295
7	290
32	69
0	334
0	1
0	1
0	44
0	11
0	328
38	319
0	249
3	313
0	313
6	372
3	29
3	79
4	1766
0	1783
0	1764
1	41
0	1005
0	499
0	1069
33	694
2	83
0	651
0	773
0	253
0	247
0	252
0	767
4	21
15	579
5	234
4	1
33	0
0	892
2	851
0	878
8	806
0	588
0	441
2	42
52	64
0	973
0	204
397	1820
0	145
0	1693
0	105
0	152
0	1731
1	1567
0	1643
2	187
0	187
0	249
0	1516
0	1520
0	104
0	269
0	83
0	179
12	277
0	321
2	379
0	251
0	471
66	172
1	317
27	372
8	270
7	140
81	649
13	195
83	655
3	95
0	128
0	72
4	192
2	0
0	0
0	9
0	9
0	9
0	9
0	9
971	835
1	177
0	58
0	6
0	70
40	427
1	55
0	101
0	11
0	11
0	9
0	6
0	0
0	0
0	0
0	177
0	63
12	177
0	105
0	6
0	33
0	17
0	1
1	1
0	0
0	0
0	0
0	0
0	0
0	387
0	686
0	653
0	651
0	660
0	28
5	10
0	46
0	167
0	30
0	651
0	660
0	653
0	675
1537	1770
1	55
1	817
8	379
0	295
1	203
0	479
4	391
0	313
0	299
112	2
10	0
0	2
1	2588
0	0
0	0
0	0
0	0
0	119
743	865
0	485
0	379
0	35
1	88
0	53
78	43
9	94
720	124
1	117
94	87
1	78
0	43
3	25
0	16
0	1
0	2
0	0
0	2
7	8
0	8
0	0
0	0
0	0
0	0
1163	0
0	0
0	0
0	0
0	0
0	0
0	0
14	0
0	0
0	0
0	0
2	1
0	1
2	139
2	92
0	71
0	149
0	169
5	46
0	1
0	7
40	7
0	7
0	0
0	0
1	302
0	1157
0	1145
8	28
0	108
0	178
0	484
72	390
0	99
0	800
0	46
0	177
0	417
0	61
198	679
0	531
0	546
1	504
0	450
0	281
0	269
0	0
0	78
3	29
0	524
314	181
0	106
1	106
0	1
0	1
0	0
0	1
0	0
0	1
0	0
0	1
1	43
1	47
0	31
1	1
0	47
0	631
0	706
21	576
3	604
1	554
0	150
12	11
0	634
0	0
0	5
0	1
0	0
0	5
0	1
0	1
0	1
239	76
2	17
0	51
0	17
0	8
1	7
0	8
3	7
7	444
0	526
23	302
1	505
0	551
0	505
0	212
3	171
0	168
0	140
0	96
2	94
3	59
0	458
0	31
0	44
0	39
1	214
1	36
0	15
0	40
2	17
2	185
0	214
0	214
0	214
1	2
1	5
0	12
2	0
1	413
1	2
10	2
0	0
3	1
0	66
12	33
0	411
1	246
3	314
9	81
2	138
0	182
0	234
0	287
0	174
496	425
0	330
2	85
0	346
0	133
0	130
0	32
0	0
0	0
0	0
0	0
0	0
0	0
0	0
850	105
0	22
1	90
1	65
0	67
0	4
0	4
0	1
0	161
3	36
1	131
9	21
0	164
2	61
0	17
0	354
0	216
0	276
7	169
0	141
2	333
1	81
3	145
0	88
0	163
1	235
0	230
0	223
0	229
1	209
9	33
0	14
1	11
0	96
0	38
0	42
0	35
3	99
0	7
0	312
1	262
289	98
0	75
0	231
0	98
31	95
0	242
0	186
0	208
0	423
0	408
0	409
0	406
0	401
0	393
0	390
0	363
0	402
0	358
0	145
0	384
0	355
0	382
0	373
0	362
0	371
0	344
0	363
0	267
2	136
0	291
0	172
0	270
0	279
0	268
8	258
0	1
2	260
0	0
0	22
0	168
0	138
0	148
0	132
0	55
0	106
0	119
0	111
0	94
0	45
0	48
1	59
0	59
0	37
0	35
0	26
0	9
1	8
0	51
130	192
0	57
18	176
0	113
0	331
0	315
9	301
0	74
0	92
3	81
0	83
0	300
2	520
2	486
2	66
1	96
0	49
3	31
4	41
1	259
1	77
0	4
0	4
0	4
0	4
0	7
2	7
1	832
9	1477
2	1442
1	1184
13	1361
0	849
7	88
1	519
0	760
8	203
0	355
0	462
1	208
1	198
2	63
0	110
4	60
1732	173
0	173
0	63
3	728
0	30
0	728
0	2
0	4
0	4
0	2
0	2
0	2
0	2
0	0
0	0
0	4
23	996
8	615
1	747
2	630
33	754
0	0
0	1
0	1
0	0
0	230
3	44
0	34
0	22
441	231
8	14
0	13
2	1
2	6
12	487
7	369
5	551
2	566
0	63
2	119
0	0
0	0
0	0
0	0
0	0
0	0
0	0
0	0
0	0
33	784
546	852
0	433
0	706
0	23
0	120
0	63
0	126
0	131
0	121
1	132
0	122
0	1
520	189
0	174
1	16
10	0
0	0
0	0
0	0
0	996
0	277
0	1004
0	1001
0	297
0	988
0	344
4	109
0	292
0	282
0	999
0	1029
0	1012
0	298
0	971
5	450
0	990
0	1026
0	48
0	1006
0	901
0	275
0	1006
0	1036
0	979
0	1025
0	1014
0	85
0	232
0	193
0	51
0	45
0	104
0	21
0	53
0	810
0	227
3	58
1	64
0	718
1	54
0	32
1	47
0	6
5	108
1	662
0	73
0	36
0	50
1	6
0	97
0	96
3	45
9	499
0	527
2	57
0	149
0	382
0	371
2	352
0	69
5	347
0	323
0	55
0	196
0	194
0	215
0	91
1	11
0	2
12	9
0	9
0	0
0	0
0	0
0	0
0	0
0	0
0	0
0	0
0	0
0	0
0	0
0	0
0	0
0	0
0	0
0	0
0	0
0	0
0	0
0	144
78	0
0	363
2	380
0	527
0	416
0	569
0	521
0	172
0	631
0	583
0	442
2	442
0	391
1	250
0	281
0	106
1007	66
6	33
8	28
3	2
0	2
0	1
0	2
0	0
0	0
0	0
0	197
16	197
15	0
2	546
5	542
9	482
0	288
0	240
0	301
81	0
0	547
35	1247
2	1240
1	17
15	1155
19	8
1	97
2	135
0	130
0	258
3	252
1	34
0	64
0	32
443	140
1	118
0	116
1	210
0	42
0	6
3	210
0	881
7	878
1	726
0	8
1	42
1	225
0	32
0	225
1	225
0	16
0	17
0	8
0	5
0	5
0	4
0	0
0	33
2	24
0	29
0	14
0	19
0	20
0	18
2	5
0	286
0	50
0	61
12	111
0	125
532	253
1	209
0	94
0	79
6	38
9	101
23	286
0	0
3	0
0	0
0	302
0	114
21	225
0	110
0	86
0	349
0	391
2	181
0	318
3	219
0	13
2	28
3	357
0	128
0	22
2	58
94	539
2	467
7	35
6	416
0	127
0	13
0	13
0	145
0	13
1	186
0	13
1	108
0	182
0	44
0	60
0	16
0	8
0	267
0	1760
0	1610
0	159
0	1631
0	1550
1	1583
0	1592
0	1676
0	944
0	1656
0	919
0	1556
0	993
0	1533
0	1351
0	1693
0	318
0	838
7	107
0	1529
0	1032
0	853
9	1235
0	422
0	18
0	177
0	304
0	20
0	352
0	14
0	254
0	4
2	50
0	47
0	34
1	28
0	31
0	6731
0	7204
350	7860
0	6845
0	7264
2	6833
0	4904
2	4289
0	3986
16	3635
2	3561
0	3071
0	2607
0	1947
4	2246
0	1045
0	530
0	620
0	175
23	247
0	242
407	589
0	571
18	285
0	83
0	38
0	27
0	113
0	132
0	1728
0	177
0	48
0	113
0	49
0	105
0	101
57	334
2	1811
4	1934
2	1777
0	217
0	217
7	48
1	93
0	132
0	111
0	106
1	67
0	75
2	1687
0	1617
0	108
0	113
15	74
1	27
1	1001
0	11
9	1478
7	1075
2	217
0	1658
0	1746
234	56
0	56
1	14
0	14
6	18
0	2
0	4
0	2
0	4
5	0
0	4
0	4
1	75
0	51
32	96
32	581
0	466
0	0
47	434
4	620
2	70
0	580
0	50
0	579
0	578
0	0
1	420
0	0
0	226
0	0
0	529
0	0
2	190
0	0
173	5
2	0
0	5
0	65
238	526
9	69
0	71
0	84
1	141
0	154
3	112
0	59
0	43
0	694
0	79
0	68
0	84
0	130
0	870
0	815
0	32
0	79
0	66
0	67
0	74
0	13
0	81
0	106
0	59
0	89
0	79
0	90
0	97
0	94
0	77
0	716
0	97
0	82
0	88
0	94
0	101
0	678
0	662
0	120
0	677
0	132
9	427
0	230
13	33
2	8
0	7
0	5
0	5
0	7
0	8
0	8
0	0
0	6
0	8
10	9324
56	706
3	9361
35	3870
2	7981
0	9653
0	1024
10	9324
0	9322
3	3790
6	9320
91	329
7	100
1	40
0	35
1	27
1	8
0	329
1	20
7	4
0	4
0	2
0	1
7	614
2	606
0	537
0	249
1	37
0	68
0	22
0	60
0	5
1	14
1	22
1	17
0	10
0	10
0	0
0	617
0	0
0	301
0	305
0	328
3	279
0	80
0	137
4	93
132	355
0	276
0	63
0	210
12	62
0	80
0	75
1	57
0	29
0	44
0	39
15	25
0	6
0	1
0	0
0	0
0	0
0	6
0	75
0	5
3	1
0	74
0	22
0	3
0	22
16	1934
1	249
0	18
0	172
0	1902
0	1795
0	4
0	4
0	4
0	4
0	2
0	1
0	1
0	0
0	161
0	628
0	715
1	736
0	178
0	179
1	135
2	85
0	77
0	489
0	271
0	673
0	3
0	152
0	726
0	389
0	107
1	21
4	113
0	3
2	11
0	6
0	3
3	395
15	163
0	514
0	458
1	159
0	501
19	84
0	478
11	400
0	340
17	322
0	300
0	268
1	181
0	174
3	133
0	0
0	0
0	0
0	0
0	0
0	0
0	0
0	0
0	0
0	0
0	0
0	0
0	0
0	0
0	0
0	0
0	0
0	0
0	0
0	0
14	1
0	0
0	70
0	241
0	306
2	0
0	0
3	1
0	0
0	1
0	986
70	686
0	963
1	975
0	228
1	405
0	86
0	115
10	2
0	67
0	55
0	68
0	48
0	2967
0	2853
0	2883
4	466
15	251
5	112
0	0
0	0
0	0
0	0
19	319
0	319
1	140
0	0
0	0
0	0
0	0
0	0
0	0
0	1
0	1
0	1
0	0
0	0
0	0
0	0
0	0
0	590
0	598
494	1
0	63
0	0
0	0
33	0
2	92
0	191
0	123
0	398
29	294
0	134
0	356
3	55
0	302
0	292
0	89
1	367
0	330
0	311
3	93
0	50
0	311
0	60
0	493
0	518
3	188
0	398
0	473
2	461
0	192
0	249
4	144
0	263
0	652
0	660
0	589
0	595
3	58
2	76
0	80
0	527
6	34
3	49
2	189
1	46
3	85
1	23
2	377
2	310
1	14
0	14
0	5
0	102
0	5
0	75
1	5
0	377
42	47
0	35
0	43
0	2270
0	470
0	498
0	335
0	157
46	2273
0	148
10	791
0	824
1	717
78	576
6	382
12	151
10	26
0	590
6	72
0	90
0	552
2	88
2	2305
34	2127
0	588
0	2299
0	1770
6	509
0	1084
6	248
12	100
0	2180
0	2154
0	2174
0	1651
0	0
0	0
0	0
0	0
8	71
8	83
0	13
0	7
0	4
0	16
4	320
1	364
0	408
1	43
3	169
1	132
0	318
0	182
0	165
0	13
0	452
0	443
1	396
0	315
0	153
0	44
0	115
1	61
1	47
1	17
1	17
2	0
4	4
0	3
0	258
154	258
0	6
2	0
1	2590
0	2588
0	1554
0	328
0	178
0	522
0	109
0	15
0	0
0	0
0	0
0	0
0	139
0	6
1	12
2	11
0	4
0	9
0	3
0	114
0	0
0	0
0	2
20	262
0	194
0	135
4	56
2	51
1	19
0	2
0	13
0	0
0	318
6	318
212	104
5	51
13	60
0	2055
0	678
0	6
0	4
2	4
4	0
0	2057
1	386
0	2058
1	28
0	896
0	2142
0	908
0	1058
0	2179
0	942
0	1087
0	848
0	206
0	749
0	523
0	1084
21	923
0	1241
1	1858
10	2229
0	2326
0	2155
0	528
0	2823
0	2133
0	1023
0	1087
0	393
0	1056
0	787
0	963
0	747
0	467
0	143
0	117
0	91
0	468
0	155
0	406
0	1055
0	2
0	0
0	0
0	114
0	120
2	120
0	16
0	12
0	11
0	9
10	57
0	179
0	223
3	188
1	142
6	66
3	139
0	0
1159	203
5	76
0	96
0	96
0	96
1	18
0	97
0	97
0	96
0	85
0	83
0	12
2	20
0	217
0	32
9	95
0	102
0	113
0	100
0	93
0	96
0	22
0	23
2	8
0	24
0	28
4	12
0	9
0	216
0	97
0	234
0	136
0	140
8	6
8	72
0	48
9	49
7	35
0	229
0	81
0	91
0	87
0	66
2	4
3	7
0	6
0	6
0	7
0	7
0	6
0	6
0	6
0	4
0	4
0	3
89	239
2	239
226	14
0	14
0	77
0	403
0	429
0	407
2	324
1	20
0	394
0	418
1	334
0	323
2	47
0	244
0	146
4	37
0	136
0	13
0	7
0	16
3	581
0	729
0	818
1	698
1	816
1	826
0	751
0	895
1	337
0	262
0	102
0	65
5	262
28	58
0	242
0	266
150	314
0	44
0	268
0	186
0	123
0	93
0	497
0	209
1	198
0	204
0	207
0	210
1	73
0	11
1	68
0	61
1	61
0	0
0	59
0	59
0	52
2	48
1	1
15	39
12	40
0	0
1	0
0	0
0	0
0	0
0	4
0	2
0	2
0	3
0	0
0	0
0	0
0	0
0	1
0	1
2	1
0	1
0	0
0	0
0	0
0	0
0	0
0	0
0	0
0	111
39	135
11	37
1	118
0	78
0	28
0	1
0	14
1	1
0	15
0	0
0	1
0	1
0	0
0	223
0	106
0	114
0	167
0	98
0	1045
0	627
0	685
0	626
0	265
0	43
0	76
0	34
0	66
0	125
0	684
0	92
0	114
0	107
5	118
22	679
0	82
9	107
0	684
0	323
1	180
0	180
2	305
0	277
0	314
0	271
8	196
0	14
0	35
0	263
1	272
0	186
0	50
0	160
7	111
2	47
0	145
0	857
0	574
90	28
0	43
0	134
1	767
0	78
0	209
0	60
0	88
0	51
0	873
0	33
0	20
7	0
20	57
0	135
2	135
6	5
5	123
41	41
1	47
1	133
0	0
1	35
0	129
0	130
0	17
18	93
0	7
0	38
0	0
12	78
0	3
0	5
0	10
0	8
0	11
0	6
0	10
0	5
0	13
0	6
0	40
0	7
1	30
1	3
3	6
0	43
0	0
0	0
0	0
0	0
0	0
0	0
3	0
0	0
0	0
0	0
0	0
0	0
0	0
0	0
0	0
0	0
1	15
0	52
0	35
0	47
0	87
0	33
0	47
0	59
2	375
0	412
0	20
0	47
5	53
0	68
3	341
7	77
0	227
5	246
3	29
1	33
0	109
0	101
0	69
1	59
0	31
9	886
64	855
0	799
0	732
0	21
0	822
0	563
1	25
1	35
0	77
0	168
0	11
0	189
0	203
0	110
0	87
0	59
1300	789
0	114
11	206
0	288
2	195
4	294
4	28
2	294
5	164
18	379
42	19
0	19
0	425
0	267
0	45
0	576
0	576
56	71
0	157
0	30
3	49
0	310
0	1
0	0
0	262
0	263
0	0
0	23
0	37
0	260
0	0
0	0
1	15
0	244
0	159
0	0
0	34
0	66
2	51
0	5
0	0
0	255
0	256
0	2
0	550
0	550
0	0
0	0
0	0
0	0
0	0
0	0
0	0
0	0
0	0
83	107
2	106
1	56
0	84
1	551
0	70
0	77
0	545
0	29
0	65
0	69
2	0
0	42
0	58
0	73
0	93
2	26
0	87
3	143
0	484
0	72
0	90
0	57
0	55
0	4
22	419
0	70
0	232
3	32
0	76
0	34
0	38
0	0
0	0
0	176
1	168
0	164
0	169
1	159
0	119
0	153
0	12
5	21
2	88
0	69
1	20
0	44
0	0
0	34
0	29
0	16
0	135
0	179
2	0
0	211
0	158
18	197
0	151
0	199
0	161
0	52
3	3
0	2
0	3
7	462
7	1
0	0
0	1
0	1
0	1
0	1
0	58
0	36
0	27
0	10
0	17
12	40
0	17
0	23
0	4
0	10
0	20
0	5
1	6
6	8
3	24
141	89
1	89
17	30
0	0
1	215
0	281
0	71
0	145
3	101
16	90
0	130
7	133
0	50
0	279
6	266
0	263
0	83
0	4
0	0
0	0
0	0
2	37
0	1
1	36
0	0
0	9
0	36
0	27
0	362
0	405
0	218
1	376
0	374
0	332
0	376
0	203
0	324
0	379
0	275
0	306
4	374
0	381
1	376
0	233
0	100
0	169
0	334
0	340
0	292
0	278
0	81
0	24
7	276
1	255
0	278
0	187
0	259
0	115
0	184
0	139
0	252
0	232
0	303
0	287
0	283
0	199
2	248
0	225
0	246
0	131
0	136
0	197
0	206
0	264
2	60
0	237
0	218
0	154
0	137
0	60
13	174
0	103
0	91
1	123
6	139
3	140
0	55
0	41
0	805
1	774
0	89
0	79
4	304
0	24
8	867
0	51
0	14
1	25
0	13
0	30
0	21
0	846
16	76
0	174
0	154
1	161
0	163
0	161
0	169
150	179
0	171
3	103
2	54
0	7
0	3
0	37
1	26
0	9
0	19
5	106
5	605
0	599
0	425
0	8
0	28
27	152
5	21
3	83
0	15
4	293
11	27
0	68
0	0
0	342
0	511
152	533
1	471
0	532
0	271
0	347
0	463
8	237
2	452
15	327
0	32
0	240
1	356
3	23
21	260
0	5
4	40
0	1
0	16
0	37
0	0
0	7
0	3
0	1
0	3
0	4
0	0
0	4
0	4
0	0
0	0
0	1
0	2
0	0
0	2
0	1
0	1
0	1
0	1
0	1
0	0
0	0
0	0
0	0
0	0
0	0
0	1
0	1
3	0
0	5
0	103
0	0
4	106
2	11
1	5
0	0
0	7
36	49
9	150
37	175
3	169
0	6
690	155
0	155
0	0
0	0
0	0
0	0
0	0
0	0
0	0
0	355
11	287
0	80
2	61
0	94
0	60
0	71
0	49
0	54
0	16
0	65
88	30
0	0
0	43
91	43
1	0
0	0
0	0
0	203
0	29
0	16
0	189
0	181
0	175
13	22
0	179
0	168
0	177
0	184
0	162
0	162
0	177
0	174
0	170
0	148
0	168
0	166
0	166
0	150
0	177
0	161
0	166
0	47
0	157
9	133
0	17
119	561
0	470
0	550
0	356
16	185
3	91
0	19
550	0
0	1042
0	1054
0	558
0	999
0	999
0	1026
1	984
0	1005
0	246
4	891
2	116
3	41
1	83
2	35
1	62
0	39
0	33
0	36
0	32
0	23
0	7
5	80
185	334
1	331
1	269
0	3
0	1
0	1
0	1
0	3
0	0
0	0
0	0
0	0
0	0
0	0
0	0
0	0
0	0
0	0
0	0
0	0
0	0
0	0
0	0
0	0
6	247
0	627
0	627
0	913
0	887
0	739
0	900
0	621
0	458
1	412
0	584
0	539
0	559
0	267
3	45
0	264
2	313
0	312
2	246
0	116
0	625
0	625
0	625
0	885
299	1332
0	1251
1	1292
0	980
1	593
10	17
4	45
3	12
0	51
1	31
2	0
1	246
0	92
2	52
0	15
0	2
0	1
0	0
0	15
2	44
0	1
0	0
0	1
0	0
0	0
0	0
1	0
0	27
0	957
0	135
14	992
0	42
0	34
0	23
0	120
2	183
0	190
0	152
0	18
0	65
0	190
0	191
3	0
0	0
1	0
0	20
0	19
0	9
0	0
0	0
0	0
0	1
0	1
0	19
0	19
0	0
0	0
0	4
0	38
3	215
6	117
0	22
0	150
0	145
0	138
0	79
0	88
1	82
0	132
0	211
1099	389
0	2819
0	3037
3	54
5	227
0	3092
11	2923
125	14
1	15
0	10
0	918
56	918
0	18
0	573
0	575
5	259
197	91
0	34
0	26
8	67
0	51
0	31
9	1
1	474
0	128
6	406
1	442
11	414
0	215
0	52
1	73
21	0
0	7
0	0
0	921
0	1324
0	107
1	63
0	210
0	7
0	1320
0	227
0	1321
0	261
169	553
0	553
1	258
1	384
276	399
3	88
0	1542
14	699
0	1580
0	357
0	563
0	824
0	318
4	154
14	257
0	0
76	25
0	88
0	61
0	79
0	0
0	2
46	12
0	31
0	68
371	879
31	130
0	49
2	22
0	313
0	307
9	58
5	337
0	39
5	41
16	263
0	56
437	355
0	1
3	47
0	331
0	175
149	10
0	6
0	10
0	10
1	0
0	0
0	0
0	0
0	122
1	99
0	98
0	35
0	68
0	43
0	26
0	10
1	2
4	0
0	122
0	122
4	0
0	1
0	1
1	77
0	231
25	32
0	82
1	148
11	231
0	10
0	1
0	51
5	32
1	6
10	3
16	1190
35	1001
1	815
2	299
0	340
0	175
1	151
2	66
7	14
0	14
14	39706
3	28359
80	21766
11	21000
7	26770
0	34827
0	28262
0	32869
7	30141
142	35846
0	37509
44	24173
0	16313
0	26213
0	14101
2	8947
0	720
0	212
0	31
0	222
0	3
0	17
0	21
0	15
0	16
0	9
0	126
0	14
7	70
0	16
0	61
0	23
0	11
0	12
0	3
137	1013
0	1013
2	27
76	166
0	22
0	107
0	129
0	550
0	551
7	1
0	85
0	84
0	80
0	98
3	81
0	4
0	113
0	3
0	3
0	5
0	5
0	4
0	0
0	1
0	1
0	2
0	0
0	1
0	0
0	0
0	0
0	0
0	0
0	0
0	0
0	0
0	0
0	0
0	0
0	4
0	0
0	1229
57	1199
0	420
2	201
0	125
0	77
0	677
0	738
0	119
12	113
0	675
0	696
0	153
0	116
3	84
21	249
0	55
12	119
0	716
0	647
280	516
1	516
0	119
0	67
0	192
0	192
0	471
0	468
0	34
0	18
0	332
0	46
0	192
1	24
8	14
0	21
0	3
0	0
1	0
0	9
43	5
0	14
0	14
0	20
0	19
0	1
0	0
0	3
0	9
0	0
0	19
0	19
12	149
0	204
0	122
4	46
0	23
0	17
0	125
0	2664
7	2410
0	863
2	537
0	64
3	438
0	356
2	39
4	216
2	118
0	2564
0	31
0	7
0	7
0	3
0	4
1	10
1	0
0	31
0	29
0	97
2	199
14	85
4	74
0	86
0	177
4	69
0	23
0	102
0	3
0	3
0	3
0	0
0	1
0	3
0	3
0	3
0	3
0	3
0	1
0	3
0	3
0	3
0	3
0	3
0	0
0	3
0	3
0	3
0	3
0	3
0	3
0	3
0	0
0	0
0	3
0	3
0	3
0	0
0	3
0	3
0	0
0	3
0	1
0	0
0	1
0	1
0	1
1	2
0	2
1	259
0	52
0	299
4	276
0	118
0	36
0	250
0	80
0	129
0	1130
74	0
0	498
1	464
0	470
1	376
0	38
15	374
24	124
0	235
0	182
0	204
4	191
0	169
0	758
0	731
0	70
0	449
0	710
0	735
0	414
0	340
0	117
4	118
3	12
0	238
0	95
0	244
0	16
0	13
0	3
0	1
0	13
0	0
1	11
1	12
0	216
0	216
0	80
0	34
0	20
0	212
42	0
154	1125
0	1080
0	804
4	702
4	126
0	1025
0	300
9	194
0	700
8	303
0	176
0	171
74	602
0	289
223	391
1	236
2	190
0	167
0	196
2	160
9	94
0	133
0	12
0	118
25	88
6	36
11	28
21	110
0	207
0	64
0	65
0	207
0	2
1	24
0	101
1	136
0	126
0	14
0	71
0	10
0	3
0	92
0	11
13	12
0	6
5	35
12	63
0	71
0	52
1	13
1	27
0	14
2	169
0	172
0	90
0	166
0	153
0	85
1	135
0	39
0	22
0	24
0	28
0	12
0	31
0	27
1	28
0	16
0	319
0	265
0	293
0	582
0	605
1	588
0	487
59	239
0	188
0	279
0	68
0	184
30	71
1	244
0	162
0	139
1	1679
0	157
1	156
0	161
16	59
1	28
2	0
186	26
1	26
0	689
0	1
0	0
0	0
0	1
0	1
0	0
0	0
0	1270
0	1306
3	300
3	133
3	411
1	263
0	1257
0	1221
0	0
0	5142
0	5000
132	445
55	643
80	339
0	3014
8	1341
113	343
2	2634
3	2925
572	2509
0	859
2	878
0	1898
6	1383
0	0
0	0
0	0
0	0
0	0
0	0
3	282
0	272
0	250
0	234
1	201
1	30
19	107
2	29
0	110
8	60
0	0
0	0
0	0
0	0
0	0
0	187
0	188
13	52
0	0
0	0
0	0
0	0
0	186
0	0
0	6
0	107
0	232
0	11
0	89
3	97
0	101
0	193
0	230
0	9
0	26
5	16
0	202
0	198
0	194
0	2
0	2
3	1033
0	172
0	153
14	115
0	944
4	1158
0	68
4	1146
3	961
0	350
2	368
5	164
19	670
0	429
21	155
12	151
0	127
0	175
0	141
1	13
0	139
0	185
2	111
1	17
0	27
1	47
0	88
0	27
0	72
0	8
0	78
4	61
3	87
0	54
0	515
2	3
0	0
0	79
0	3
0	11
0	725
0	683
0	721
1	642
0	677
0	162
1	234
1	283
0	114
1	206
1	222
7	222
2	163
0	15
846	466
0	375
0	29
1	0
0	91
0	136
0	143
0	82
0	78
0	76
4	93
0	52
0	79
0	50
0	58
0	2
0	6
0	5
0	7
0	5
1	3
3	4
0	2
0	0
0	1
0	1
0	0
2	0
2	41
0	0
165	189
0	30
2	151
1	45
0	60
2	33
0	33
19	63
2	46
3	30
165	283
0	251
89	268
0	207
13	228
0	231
0	169
0	18
0	38
0	31
0	19
0	10
0	10
0	0
2	0
0	0
0	574
0	342
0	261
0	164
215	119
0	94
0	56
0	65
0	58
0	0
0	0
0	0
0	0
0	1180
4	836
2	1034
0	1030
0	845
0	346
4	283
31	4
11	7
1	6
0	5
0	3
0	3
62	2619
1	2586
0	0
0	33
0	83
0	104
0	7
0	44
1	72
29	0
0	140
5	97
1	363
5	286
1	1436
3	9
0	404
0	9
17	7
0	170
0	1361
0	646
0	614
0	651
0	625
0	537
0	139
0	535
2	86
0	580
0	232
0	141
0	223
0	68
0	626
0	65
0	214
0	641
0	96
0	101
0	643
0	534
1	569
12	60
2	310
26	56
4	74
1	119
0	200
0	164
0	44
0	161
0	6
0	7
0	7
0	8
0	11
0	7
0	208
0	207
0	31
0	8
0	1
0	1
0	197
4	335
0	316
0	129
2	129
0	129
0	293
0	133
3	63
6	110
134	1161
10	544
8	397
4	513
7	274
5	11
4	168
74	391
0	104
1	43
2	34
2	45
8	35
10	128
0	469
0	475
17	282
1	188
4	117
0	65
0	36
0	56
0	55
0	49
0	61
0	46
0	39
0	52
18	830
0	125
0	56
0	51
0	63
0	63
10	806
1	24
5	147
0	81
0	112
0	108
1	41
0	93
1	204
1	867
21	616
21	869
9	592
9	308
2	165
8	22
623	143
1	3
0	107
0	17
1	44
6	16
1	24
12	34
0	2
0	0
0	1
0	1
0	31
0	2
0	8
0	2
345	192
0	167
85	27
0	15
0	1
0	985
0	4
0	4
0	2
0	2
0	579
0	564
0	41
1	32
0	0
0	301
0	3
0	183
2	374
4	721
0	920
0	474
5	407
0	462
0	385
0	506
0	922
0	0
535	177
0	82
5	139
237	574
41	435
0	1
0	1
0	1
0	0
0	0
0	0
5	3
0	3
0	1
8	14
14	51
0	6
0	21
0	5
0	11
2	19
2	42
4	44
0	7
0	6
4	1
0	7
0	2
0	65
0	206
0	0
0	50
0	206
1	206
0	85
1	25
0	2
3	209
0	224
0	218
0	45
3	37
0	57
1	109
0	151
4	206
0	93
0	50
0	206
0	50
16	206
88	198
3	110
0	172
0	0
0	0
0	0
0	0
0	0
0	0
0	0
0	0
1	3
0	136
31	891
1	845
0	147
0	173
1	177
5	26
22	621
3	84
0	208
0	68
0	52
7	472
0	37
4	9
0	476
0	249
0	260
0	260
0	260
0	260
0	61
0	430
0	27
0	76
1	51
0	151
2	127
1	149
1	416
0	62
0	38
0	248
0	59
1	62
2	20
1	52
0	0
0	121
0	170
0	528
0	56
0	888
0	142
1	68
0	561
0	68
0	194
3	540
0	526
0	282
2	16
5	59
0	84
0	850
1	127
2	76
0	4
0	1
0	0
0	1
0	1
0	0
16	325
14	376
0	371
3	78
0	36
0	61
0	29
0	20
1	102
6	175
6	225
0	226
3	225
0	175
0	97
0	186
2	28
0	54
0	74
1	66
2	59
0	24
0	22
0	14
0	11
0	1687
0	1704
0	1755
1	391
0	178
1	161
0	1726
0	272
0	940
72	0
47	0
4	5
0	5
0	0
0	3
0	0
0	1
0	183
0	186
0	185
0	39
0	38
0	25
0	25
1	12
4	20
0	17
0	3
0	2
0	0
4	1
0	1
0	103
266	15
5	18
0	14
1	3
0	3
0	3
0	1
0	12
0	21
0	614
49	807
6	129
20	523
0	108
0	231
12	137
76	143
0	762
1	862
0	543
3	819
0	10887
0	8983
0	9336
3	3220
2	8699
0	5139
5	5142
57	5265
0	2587
0	9001
4	7306
16	6172
0	5413
14	1867
1	1
0	1
0	1
1	600
2	12
1	61
0	43
0	598
638	146
0	113
11	81
0	241
4	240
3	239
0	18
2	161
0	375
0	375
0	187
13	1181
1	1047
9	445
1	110
0	48
1	26
0	41
5	29
2	25
0	1150
0	1152
2	5
0	5
0	273
0	10
3	0
0	0
0	10
0	0
1	131
46	131
0	112
0	0
0	0
0	0
0	0
0	0
0	0
0	0
0	246
0	247
6	90
9	37
0	532
431	855
0	24
0	10
0	810
1	42
3	701
1	48
13	11
2	9
0	96
1	394
0	1
1	75
0	213
11	19
0	0
0	0
0	0
0	4
6	9
0	5
0	3
1	1
0	506
0	74
0	463
1	470
3	86
2	478
0	312
0	86
0	91
0	15
1	154
4	340
0	198
0	180
0	172
0	118
0	128
0	69
0	57
1	1
0	43
0	33
0	28
0	18
0	19
0	21
0	23
0	15
0	12
0	15
0	6
0	2
0	173
0	184
0	172
427	0
213	0
13	758
6	751
0	758
1	742
78	409
0	373
1	397
0	362
0	0
60	1181
1	1048
4	702
92	951
1	587
4	41
0	208
3	201
0	203
11	38
0	42
1	195
0	45
4	527
2	527
21	526
1	35
0	60
0	238
1	17
0	16
0	16
0	14
16	889
0	485
1	160
0	857
0	0
4	914
0	1671
6	1336
0	1246
14	600
27	595
0	1461
19	1504
0	856
1	46
1	484
2	632
2	58
0	84
0	64
0	117
0	80
0	75
3	87
0	74
0	68
0	68
0	0
1	1147
0	0
0	0
0	0
0	7
0	7
1	4
0	7
0	7
0	0
0	0
0	0
0	0
0	0
0	272
0	125
0	270
2	276
3	276
0	259
0	58
4	11
47	48
1903	2798
0	2800
7	642
2	14
0	3
5	7
0	8
0	4
0	4
0	0
1	21
92	72
0	79
0	11
0	21
2	6
0	49
0	145
2	162
2	19
17	17
9	17
5	18
0	0
0	0
1	2
0	2
0	0
0	0
152	0
30	339
0	65
0	275
0	22
0	149
0	96
0	48
15	39
0	221
0	170
0	136
14	169
0	37
0	9
0	13
0	31
1	30
26	29
10	29
1	18
0	0
7	1
0	22
16	11
428	328
5	318
0	32
0	4
245	84
39	73
3	11
704	996
2	261
24	797
1	146
0	0
0	532
0	629
0	626
10	101
0	5
0	5
0	5
0	2
0	2
2	923
0	933
0	920
0	920
8	877
0	165
0	46
0	143
0	76
1	405
0	180
0	49
0	14
0	4
2	3
0	8
0	11
0	2
0	7
0	3
0	6
0	3
0	0
0	0
0	0
0	0
0	111
4	111
0	25
18	39
0	5
139	371
4	299
0	330
4	253
255	260
0	225
0	260
30	844
1960	1731
1	947
0	557
14	428
5	681
0	409
348	179
0	72
0	81
0	57
0	83
3	15
0	12
0	0
0	0
85	59
3	42
1	45
0	28
0	600
2	605
8	606
0	195
4	186
0	115
0	562
0	60
0	82
0	95
0	159
0	199
0	494
14	75
48	388
0	29
1	91
12	319
14	2372
0	2360
0	2339
16	2068
0	1228
0	679
0	112
0	2371
0	2
0	40
6	383
0	370
49	358
0	0
0	109
0	69
9	22
87	5
0	0
9	5
0	85
114	85
1	29
0	3
0	0
0	42
3	406
0	262
0	58
0	26
1	49
0	33
0	58
0	218
0	13
0	316
38	852
12	816
0	456
3	340
34	381
5	493
17	496
0	20
3	97
0	371
26	60
1	367
0	72
1	0
0	6
0	313
0	115
0	274
0	273
0	274
0	33
106	213
45	159
0	120
1	21
2	5
0	31
2	0
3	1114
2	774
0	1055
20	216
0	500
0	183
0	57
0	1047
513	38
2	38
48	250
5	258
17	243
26	216
0	252
4	245
1	0
0	0
0	1
138	99
2	37
0	64
0	63
0	39
0	0
0	1
0	90
0	90
0	27
4	1287
0	1346
0	1023
2	852
0	93
0	161
0	242
4	676
0	2099
0	1298
0	16
0	14
0	16
0	1
0	0
0	0
0	0
0	0
0	0
0	0
0	0
0	15
0	120
2	5
0	9
0	114
0	0
0	63
2	62
0	15
3	62
0	41
0	33
0	21
0	6
0	62
0	63
0	62
1	548
0	188
58	1782
0	1730
1	584
0	1537
0	1390
0	1337
4	1058
0	1072
0	233
0	3
0	0
0	0
0	0
0	0
0	0
0	0
0	0
0	0
0	0
0	0
0	13
1	1332
2	1213
0	801
0	702
0	516
2	157
0	154
0	154
2	75
1	43
0	1213
0	0
0	0
0	0
6	197
0	1
0	18
2	9
0	16
0	0
0	0
0	0
0	0
0	447
5	401
0	422
3	122
0	31
18	85
7	24
0	0
12	827
3	827
0	221
1	176
0	828
0	421
0	166
0	242
0	209
0	50
0	24
0	1
20	82
0	12
0	4
0	81
0	1622
0	1624
0	1017
0	647
5	0
0	461
0	369
0	42
0	197
0	112
0	1619
0	1446
2	1441
0	62
0	9
0	14
1	614
0	15
1	30
2	10
0	32
1	11
0	22
0	340
0	291
2	495
0	492
0	565
0	27
0	498
8	7
1	327
0	335
1	33
1	43
0	41
1	112
0	49
8	76
0	253
0	24
2	28
0	65
0	368
0	96
0	79
0	53
3	21
0	73
0	59
0	56
0	617
0	308
0	468
2	560
3	331
3	504
0	575
0	565
0	556
0	369
2	219
0	387
0	395
0	128
0	0
0	88
2	37
0	115
0	124
0	93
0	69
0	82
2	48
0	48
0	310
0	621
0	0
0	0
0	0
0	0
0	0
8	21
1	21
0	0
0	0
2	0
0	0
0	94
0	91
0	71
0	88
0	11
0	13
0	9
0	804
104	1506
0	506
1	1269
0	1068
0	1072
0	1315
5	1334
1	708
4	363
0	434
0	538
3	337
1	199
0	506
0	107
861	531
1	529
0	171
3	48
0	129
0	121
0	112
0	44
0	44
0	114
0	157
2	373
0	207
0	153
0	186
0	815
0	886
0	162
2	110
0	74
1	256
0	191
0	49
0	41
293	0
0	252
0	252
0	252
0	252
0	0
0	0
201	311
2	311
0	159
0	0
0	0
0	0
0	57
1	86
0	316
0	406
1	290
0	262
0	351
0	76
1	158
1	163
1	110
1	150
1	59
3	20
0	53
0	264
0	264
3	25
0	0
12	432
2	423
3	270
0	108
9	1234
108	1581
2	540
3	460
106	1229
0	385
82	507
0	248
29	174
0	91
0	433
0	41
102	55
0	3
0	11
1	3
0	3
0	0
0	0
0	0
0	0
0	0
95	26
0	3
0	23
0	0
0	0
1	2135
2	649
88	307
0	2135
0	465
13	984
1	228
0	323
0	789
5	176
0	40
0	71
0	1
0	1
0	0
0	0
0	6235
0	4741
1	7366
0	140
1	121
0	131
1	119
4	77
0	29
0	51
0	51
0	49
2	16
0	36
0	31
0	14
0	23
0	4
0	131
0	136
0	136
0	127
2	150
0	155
2	7
22	70
3	15
0	36
0	6
0	0
0	0
0	0
0	0
0	0
0	0
0	0
0	0
0	68
0	0
0	8
47	47
3	46
0	42
300	2089
18	2080
0	621
4	723
0	111
1	10
0	72
0	161
1	11
0	9
0	1
0	2
0	1
1	1
0	0
0	0
1	0
0	0
175	149
0	149
0	14
7	1
1	1
2	32
0	4
15	130
0	37
0	35
1	10
1	84
0	482
0	501
0	324
0	159
0	206
0	517
0	54
0	45
0	500
0	512
0	272
5	272
2	130
0	126
0	118
0	30
2	63
359	1
0	0
1	41
0	38
0	32
0	31
0	42
0	37
0	34
0	37
0	38
0	33
0	34
0	31
1	16
0	34
1	34
0	29
0	29
1	34
0	11
0	28
0	0
0	5
0	422
19	24
141	89
129	81
0	8
0	1
0	11
0	11
0	11
1	9
0	11
1	10
0	12
0	10
0	8
0	1
0	2
0	2
0	0
0	0
0	0
0	1
0	0
0	0
0	0
0	0
94	0
4	55
0	4
7	1
2	3
1	31
0	49
0	30
0	38
0	55
164	15
1	64
0	19
3	57
0	371
0	59
0	731
0	743
0	449
0	303
0	166
0	315
8	36
0	82
0	298
0	294
0	83
0	256
0	262
0	261
0	164
0	287
0	64
2	37
1	97
0	175
1	72
0	74
0	98
0	60
0	66
0	66
0	29
86	56
0	57
0	41
10	658
0	680
0	418
0	58
1	1
0	92
0	128
0	77
1	67
0	79
0	78
0	64
0	39
0	73
0	58
0	53
0	52
0	48
0	48
0	48
0	0
0	27
1	18
20	32
2	18
0	76
4	14
6	5
20	18
0	20
20	46
0	67
0	76
0	14
0	76
8	27
3	16
0	15
0	6
108	15
0	7
0	13
2	336
0	633
0	398
1	262
0	241
0	33
0	620
0	0
0	0
0	0
0	0
0	0
0	353
1	382
0	227
34	144
0	165
0	81
0	7
0	30
1	45
1	35
0	45
67	1617
221	2088
73	2085
0	0
0	3
2	3
78	266
4	266
0	0
0	1038
0	617
0	1001
0	0
0	0
0	0
0	0
0	0
0	0
0	0
0	112
0	1032
0	76
0	114
45	1032
0	104
0	108
0	325
0	294
3	69
3	16
45	589
3	334
1	50
3	20
2	146
0	247
0	242
11	247
9	19
0	883
0	897
1	216
28	812
0	0
0	151
5	587
0	477
1	164
0	543
0	531
0	197
2	1
76	0
0	4
0	4
6	0
0	4
0	4
0	392
0	117
31	104
1	343
0	14
0	123
0	107
1	109
38	260
0	44
0	0
0	7
2	7
0	3
0	2
0	2
0	2
6	0
0	1
0	1
101	121
24	121
0	23
0	0
0	38
27	38
0	8
0	8
0	0
0	39
2	39
0	38
0	13
0	10
0	8
0	7
1	6
0	2
0	2
623	162
0	149
9	13
0	42
686	285
0	113
0	61
0	185
1	111
1	80
1404	746
23	63
0	81
0	528
0	34
0	31
0	78
1	31
0	55
3	48
1	51
26	516
2	851
0	847
1	5
0	6
0	0
0	6
0	642
0	621
0	612
0	636
0	645
0	601
0	601
0	612
0	612
0	611
0	620
0	628
0	626
0	622
0	641
0	251
0	286
0	292
0	203
0	172
0	187
0	196
0	202
42	147
0	178
1	21
0	149
0	157
0	161
0	152
0	137
1	157
0	143
0	154
0	155
0	164
0	161
0	181
0	178
0	136
0	117
0	56
1	76
0	57
0	41
0	54
1	20
0	57
0	29
0	53
0	0
0	40
1	56
0	64
0	44
0	38
0	38
0	35
0	39
0	57
0	30
0	34
0	31
0	33
0	26
0	26
0	26
0	46
0	41
0	43
0	0
0	27
1	5
0	5
1	29
0	28
0	24
0	26
0	27
0	14
0	24
0	13
0	20
0	32
0	0
0	12
0	10
0	0
0	5
0	6
0	12
0	0
0	3
0	75
8	76
183	693
0	107
0	81
0	672
1	34
2	373
2	0
0	60
522	108
0	38
1	36
0	42
0	0
0	0
0	84
48	72
8	124
0	17
9	6
0	30
3	43
0	47
0	13
0	64
0	65
2	32
2	3
1	6
1	16
3	0
0	329
0	335
0	483
0	336
1	252
0	484
0	330
0	553
0	707
0	199
0	339
0	325
0	134
5	19
51	19
0	0
0	0
0	333
0	341
0	96
0	99
0	94
0	70
0	69
0	74
3	70
0	69
0	74
0	52
0	69
0	62
0	20
0	24
2	0
0	29
0	34
0	15
0	0
0	303
0	34
3	29
25	29
0	2
0	823
39	230
0	740
0	593
1	352
8	92
0	127
0	403
0	145
0	133
0	130
0	1
2	23
0	132
0	22
0	28
0	32
0	35
3	15
0	34
0	13
0	22
0	15
0	3
0	9
0	481
210	544
0	545
0	481
15	456
0	40
0	2
0	40
0	7
0	45
0	40
0	6
0	10
0	5
1075	1
8	1
3	45
2	65
0	59
0	124
22	64
0	105
0	122
1	141
0	52
0	40
2	20
0	0
0	0
0	0
0	0
64	610
0	64
0	594
0	505
0	199
1	143
0	221
0	543
0	170
0	170
15	73
0	150
0	143
2	1
0	17
1	28
3	85
0	12
0	33
0	48
4	64
2	27
18	566
8	178
1	299
1	566
0	0
0	0
38	0
14	37
1	23
0	34
38	37
0	45
0	39
5	3
0	343
7	244
5	323
1	302
4	125
68	31
0	8
2	22
0	1
0	1
0	0
0	0
0	31
16	85
4	129
0	139
0	371
0	142
4	129
0	222
0	36
0	93
0	1
0	48
0	70
0	37
0	223
0	17
0	108
0	20
0	15
0	33
0	20
1	39
1	39
0	91
0	135
0	28
0	89
0	71
1	71
0	76
5	57
1	19
0	5
0	3
538	453
0	286
0	314
0	45
8	177
0	176
0	176
0	47
0	35
0	24
0	8
0	176
7	0
12	1097
0	296
0	206
0	0
0	0
0	2
0	0
0	0
0	2
0	0
0	0
0	1
0	0
0	3
0	0
3	2
1	6
0	0
0	0
49	685
1	579
0	622
0	674
0	543
0	172
2	34
7	186
0	292
1	133
2	96
2	0
20	25
0	49
0	785
0	46
1	37
1	0
0	776
0	14
0	51
0	26
0	34
0	37
0	21
0	13
0	17
0	6
0	32
148	0
0	1
0	1
0	1
0	1
0	0
0	0
0	0
1	0
0	0
0	105
1455	2174
0	471
1	1058
8	911
4	405
22	95
34	1630
197	1353
0	92
0	373
6	384
0	1089
13	961
8	902
0	1185
1	333
8	62
1	166
0	453
6	321
11	888
261	563
0	555
1	109
2	3
1	224
0	93
2	36
0	119
2	74
2	759
0	1062
0	878
0	878
0	424
0	379
0	136
6	286
0	319
0	44
0	142
0	983
184	404
0	2
3	132
1	191
8	256
11	13
3	443
140	492
1	280
0	87
0	17
94	69
0	55
0	56
0	25
0	0
0	0
0	0
0	0
0	0
0	0
0	22
0	123
154	138
0	49
0	109
503	322
4	321
0	321
0	280
274	324
0	312
0	296
0	290
0	272
0	43
0	263
0	267
0	260
0	14
4	6
0	37
0	29
0	23
252	140
0	16
0	124
1	16
0	40
6	22
1	0
0	0
0	0
0	0
0	0
0	1
0	1
0	0
0	1
0	1
0	1
0	1
0	1
0	0
0	0
0	0
0	0
0	0
0	0
0	0
0	0
0	0
0	0
0	0
0	0
0	0
0	0
0	2
0	0
0	0
0	7
0	7
0	0
0	0
0	0
0	0
0	0
0	128
0	128
56	255
21	255
0	16
0	0
0	0
0	0
0	29
0	29
0	0
0	0
0	0
0	0
0	0
3	1
1	1
522	46
2	1718
451	1659
1	453
0	496
0	227
0	236
0	124
0	134
124	93
0	65
0	15
60	3
2	104
16	278
1	222
0	0
0	0
54	0
287	46
0	492
0	473
0	75
1	12
0	212
0	69
13	123
0	15
0	122
6	84
0	46
0	77
0	72
0	49
6	8
0	11
122	0
527	819
0	105
0	80
0	62
0	51
0	45
7	214
18	397
0	28
21	385
19	385
0	0
3440	2031
2	245
25	2
42	438
27	1087
0	339
0	7
0	35
0	101
0	104
5	104
0	104
0	727
2	693
5	412
0	779
51	285
3	456
3	555
0	87
0	36
0	270
0	123
0	57
0	85
0	75
0	56
0	75
1	17
10	29
8	19
0	29
412	1307
0	960
1	481
10	1200
0	1128
4	1027
0	1257
0	375
0	118
1	103
3	178
0	16
0	51
0	62
0	246
0	10
0	62
8	33
0	43
1	43
22	40
0	14
69	1002
7	944
1	565
0	583
3	48
0	0
2	680
0	743
0	54
1	6
0	10
1	12
2	299
0	328
5	297
15	290
0	43
0	733
0	719
0	299
140	0
0	1
0	2
0	2
0	2
0	2
0	1
0	2
0	2
0	2
0	2
0	0
0	1
0	0
0	1
0	1
0	1
0	1
0	1
0	1
0	0
0	0
0	0
0	0
0	0
0	0
0	1
0	1
0	0
0	0
0	0
0	0
0	0
2	1139
0	1168
37	494
0	1034
0	585
0	854
0	685
0	134
0	652
0	233
0	165
0	86
0	107
0	80
0	1124
8	296
0	284
0	71
8	1
0	37
1	65
0	43
8	1429
21	1429
0	1
0	1
0	1
0	1
0	0
0	75
0	75
0	75
0	327
27	327
0	150
1	0
0	105
1	114
4	50
0	327
11	1498
0	1490
0	492
5	490
0	733
3	346
3	76
1	467
0	390
0	64
16	856
0	480
0	156
0	665
0	63
21	851
1	856
0	180
2	233
326	160
0	140
54	153
7	0
377	220
10	186
0	34
1	192
39	189
0	27
0	36
2	29
1	10
0	77
0	77
0	79
1	319
1	357
0	378
0	345
0	77
0	79
0	218
1	120
0	66
0	258
0	49
3	23
3	274
0	248
0	216
0	140
1	99
0	126
0	113
2	12
486	454
0	277
0	255
0	203
23	208
37	0
0	0
0	0
0	0
0	0
0	0
0	0
0	0
0	0
1177	117
1	118
3	1
187	188
0	16
3	172
1	6
0	1125
6	1057
5	755
0	720
0	221
0	221
0	1058
0	94
80	531
333	1144
13	1144
8	145
11	151
4	112
2	64
5	69
3	21
0	80
0	69
0	12
3	0
0	12
0	12
0	11
0	11
0	11
0	11
0	1
0	1
0	12
0	12
0	11
0	12
0	0
0	0
0	0
0	0
0	0
0	0
404	209
2	209
0	97
0	469
0	281
0	197
0	285
0	249
0	467
0	468
0	286
0	250
0	312
3	283
0	32
0	385
0	41
5	133
0	466
0	28
0	269
0	271
0	235
0	234
0	453
0	452
0	321
0	200
0	111
0	194
0	329
0	62
0	237
0	142
0	50
1220	318
1	299
0	140
0	0
10	1
0	0
3	297
0	588
0	620
0	341
0	257
0	75
0	210
0	190
0	231
0	247
0	226
0	231
0	132
0	92
0	122
0	125
0	41
0	72
0	80
11	46
7	11
1	5
0	0
0	1
0	3
1	0
0	3
0	0
1	0
0	3
0	5
0	11
0	33
0	93
0	100
0	92
0	26
0	19
0	37
147	153
1	53
0	152
9	1
0	0
0	0
1	1
0	0
5	1258
3	110
21	421
0	382
0	55
36	109
0	318
0	460
0	462
0	611
0	18
0	19
35	204
0	342
3	55
60	274
7	196
0	1259
17	1953
3	1977
6	1427
1	128
1	85
9	61
0	0
3	728
35	728
15	33
0	190
4	13
0	0
811	125
0	124
1379	0
43	0
3	221
1	234
2	234
0	43
2	213
0	67
0	0
0	70
27	27
787	1007
42	958
0	216
0	342
0	351
0	348
1	347
0	207
0	355
5	33
6	150
5	150
61	2266
0	50
0	2285
7	476
0	350
8	109
1	503
0	230
0	252
0	230
0	107
0	2
0	2
0	2
0	0
0	3
0	1
0	2
0	2
0	1
0	2
0	0
0	1
0	3
7	407
4	386
433	411
0	489
5	83
13	115
0	511
0	535
11	573
4	94
0	15
0	567
32	282
0	529
2	257
0	466
1	66
0	34
1	46
0	104
1	13
0	46
0	77
2	49
0	12
0	498
192	285
2	197
5	74
13	39
0	26
0	40
5	0
1	2156
50	534
4	507
1	256
3	189
0	69
0	32
18	4798
49	3672
7	1462
0	7
0	8
4	8
1	8
0	7
0	8
1119	89
2	406
1	406
15	15
0	1
0	1
0	1
0	1
0	1
0	163
0	163
0	163
0	22
1	0
5	589
3	589
3	389
4	384
223	692
0	295
0	212
0	33
0	0
0	0
0	0
0	0
0	0
0	0
0	0
0	0
0	465
0	420
0	53
0	124
4	443
0	457
0	461
0	455
1	0
138	119
0	101
0	23
0	17
0	86
0	0
0	407
0	66
0	325
0	215
0	604
0	593
2	2
0	124
0	65
0	175
0	593
0	1085
0	1050
0	1238
2	225
6	60
0	119
0	44
9	9
1	9
1677	0
0	640
34	351
13	38
0	190
0	190
1	165
0	640
2	132
192	135
0	99
0	0
1134	811
14	273
0	385
0	384
14	441
4	213
2	1029
69	3094
2	541
16	1014
0	1957
1	1209
0	1760
0	1008
0	1367
1	276
0	910
3	1367
5	1232
6	514
0	4356
1	3983
5	878
3	1278
53	183
5	226
8	495
12	739
0	1057
0	580
0	4356
0	0
0	0
0	0
0	0
0	0
0	24
0	4
0	4
0	0
0	21
170	0
0	88
0	69
0	8
1	17
0	13
0	46
0	46
1	42
0	9
0	11
0	12
2	2
0	9
0	0
0	86
0	143
10	143
0	0
0	0
0	0
0	0
0	0
0	0
0	0
0	0
0	0
0	0
0	0
0	0
0	0
0	0
120	274
0	49
0	60
0	136
2	36
1	16
0	55
1	274
50	143
1	143
13	148
1	33
0	110
1	256
1	139
27	240
1	160
1	87
1	0
378	135
0	75
0	92
0	73
0	41
0	26
292	451
6	269
0	15
113	237
0	437
0	271
0	6
0	59
1	13
1	114
1	35
1	50
0	56
0	4
0	0
0	20
0	2
0	20
0	0
0	52
0	353
11	399
0	298
0	54
0	62
1	279
0	74
1	51
1	46
0	368
0	67
0	53
2	34
0	34
1	17
0	40
0	65
0	323
0	1651
59	1652
0	387
4	1599
0	365
0	0
0	0
0	0
0	0
0	0
0	0
0	0
0	0
0	0
0	0
0	0
0	95
0	11
0	9
0	15
8	10
0	96
8	5
0	3
0	3
88	718
31	671
4	647
0	226
0	331
0	142
15	107
2	67
2	54
0	54
0	31
0	9
0	16
15	339
8	1464
0	1463
0	1295
1	185
168	859
1	43
0	895
0	254
0	34
0	82
110	0
6	325
35	410
0	407
1	391
0	423
0	288
0	39
0	90
0	40
0	73
0	102
0	83
0	70
2	42
0	0
0	0
400	309
0	182
0	127
3	1223
0	1171
0	1163
1	107
0	165
4	1186
400	144
1	144
2331	1692
3	586
12	588
0	302
0	294
0	557
0	757
0	757
0	249
0	154
0	194
0	195
0	758
0	0
0	135
1	11
1	1
0	627
0	642
1	133
1	624
0	607
0	608
0	61
1	78
0	71
0	51
1	95
0	71
1	85
0	63
0	60
1	23
2	5
0	3
1	3
6	3
0	1
0	2
0	1
9	647
0	685
14	588
0	285
0	311
2	95
0	403
0	149
8	241
0	370
0	141
0	62
0	65
0	43
0	47
0	1296
0	590
0	527
0	625
0	141
0	954
0	363
0	1307
0	66
3	1
1	842
0	284
0	67
3	207
1	36
0	277
0	17
0	51
1	29
0	0
0	146
0	1295
0	1306
0	363
1130	0
24	0
3	158
0	264
0	16
0	149
0	237
0	0
0	0
0	0
0	466
0	0
0	0
0	769
165	347
0	2560
0	22
9	2311
0	1984
55	188
0	2051
1	2281
1669	410
0	247
0	165
0	0
0	0
0	0
0	0
0	0
0	0
0	0
0	0
3	21
0	0
0	21
0	21
0	28
0	31
0	31
0	6
0	1
0	1
0	3
0	3
1	0
0	0
52	196
0	193
0	186
1	15
0	23
0	26
0	21
1	7
0	8
0	2821
0	2818
14	1462
0	1500
16	123
37	285
2	517
2	285
4	121
4	116
0	1481
0	1
0	0
0	0
0	0
0	0
0	0
0	1
17	0
0	0
1	19
0	0
0	19
0	0
0	0
0	0
0	0
0	1
0	0
0	1
0	18
0	18
0	19
0	12
1	0
0	5
0	0
0	13
0	7
0	5
0	2
326	0
1	6
1	0
0	6
0	0
0	82
2	581
4	596
0	231
0	117
1	109
0	527
0	169
0	126
0	66
4	29
0	30
0	39
1	0
0	0
9	558
9	460
35	209
0	160
0	91
0	1159
4	691
3	959
3	627
1	2
0	96
0	2
10	111
1	115
0	76
0	109
0	105
61	96
42	78
0	14
0	0
0	0
0	1
0	2
0	1
0	2
0	1
0	0
0	1
0	1
0	1
0	1
0	0
3	157
0	119
1	17
5	139
179	314
120	337
0	25
0	431
2	155
1	45
16	191
0	138
3	88
9	88
18	5
0	3
0	2
0	1
0	1
0	0
0	0
2	42
0	42
0	3
0	570
0	6
2	100
0	126
0	508
1	561
0	53
2	28
0	104
0	465
0	971
65	122
7	1050
0	606
0	34
1	47
7	419
0	86
0	29
0	494
1	123
1	130
0	0
0	410
0	323
0	356
2	76
2	95
84	302
0	66
0	13
0	69
1162	26
4	26
0	1
1107	0
1358	2
294	18
0	18
3	0
1026	0
0	0
0	3141
0	1
0	1
0	1
0	6
1	6
0	2
0	1
0	6
0	0
0	1110
0	1118
2	834
29	787
0	883
0	866
0	152
0	153
7	392
0	425
0	183
0	368
1	234
1	76
0	238
0	221
0	225
0	132
0	174
0	147
0	129
0	141
1	141
0	72
0	71
0	65
0	48
0	47
0	11
0	12
9	673
2	667
3	660
0	46
30	9
5	87
175	65
0	65
0	0
0	0
2	104
30	109
0	16
2	73
0	19
0	73
0	124
0	69
91	78
1	123
0	41
0	19
2	26
0	443
3	194
0	131
0	146
0	0
0	0
0	0
456	0
584	38
0	26
0	12
1	0
0	0
1965	0
0	0
0	564
0	593
0	467
0	22
0	18
0	77
228	700
0	700
7	637
0	538
0	0
1657	20
15	15
0	12
0	6
0	10
0	12
0	5
0	2
16	2529
102	3087
2	967
0	383
0	74
0	5
0	2
0	2
0	5
0	1
0	1
0	1
0	4
0	5
3	54
0	71
0	71
9	142
0	95
0	70
0	9
0	9
0	127
4	592
0	811
0	553
16	559
67	14
1	212
0	168
3	90
4	3
0	736
0	6
0	0
0	0
0	0
0	0
0	0
0	0
0	0
0	0
0	0
4	208
39	80
0	247
0	365
0	299
0	343
0	359
0	305
0	369
0	351
0	350
0	370
0	361
0	256
0	276
0	337
0	350
0	350
0	362
0	345
0	359
0	361
1	347
0	273
0	338
0	333
0	261
0	257
0	324
0	350
0	333
1	290
0	324
2	215
0	169
0	238
0	192
0	207
0	238
0	211
0	201
4	45
0	197
0	88
0	105
10	126
0	119
0	120
0	111
0	57
0	91
0	19
10	14
2	12
1	11
0	193
0	0
0	28
0	28
0	28
0	28
0	28
0	28
0	24
0	27
0	28
0	28
0	27
0	28
0	19
0	16
0	13
0	16
0	0
0	0
0	0
0	0
0	488
18	1048
0	1056
0	22
0	22
0	1043
0	891
0	1263
0	290
0	1099
0	1176
0	1204
15	343
0	568
0	382
0	300
0	591
0	1252
0	1111
0	896
7	3556
1	3558
12	3285
0	2099
0	3271
0	3553
0	3237
4	2286
0	1516
0	2187
1	1435
315	597
48	1841
0	1791
0	1310
13	1108
0	1000
0	831
0	785
0	702
0	403
0	424
12	420
0	243
0	139
120	38
2	1391
0	851
0	111
0	52
0	57
0	1360
0	1365
0	1353
5	184
10	197
0	309
0	39
1	73
0	67
0	95
2	33
0	337
1	350
0	374
1	62
0	0
0	0
0	0
0	0
0	0
0	0
0	0
0	0
1596	159
0	31
1	128
1027	0
0	0
0	0
0	0
0	518
0	747
0	161
0	112
1	89
25	4
0	657
0	671
1	0
2	456
0	169
1	44
10	27
0	11
1	463
121	0
176	1076
0	529
0	417
3	345
1	200
3	116
0	987
0	39
4	322
0	59
0	26
0	40
0	322
0	322
0	316
1	3
2	3
0	1
0	1
0	1
0	2
1	0
0	5
0	6
0	0
0	6
1	142
0	6
0	142
0	0
1	4
0	0
1	135
0	1
0	140
1	3
0	8
0	13
0	5
0	0
1	179
6	119
1	164
0	91
0	46
1	19
1	155
7	93
0	22
90	837
0	77
18	32
0	862
0	2
0	187
4	147
24	1026
12	1167
8	0
0	1167
0	24
1	135
0	215
2	826
0	832
0	967
0	89
2	91
0	184
0	616
0	966
2	405
2	381
1	331
19	93
6	35
2	24
4	378
0	18
1	13
0	14
0	4
0	4
0	1
0	18
1013	404
2	188
3	0
0	216
1	0
572	0
0	0
1	0
0	346
0	130
0	0
0	0
7	2402
2	2411
0	432
0	217
42	133
0	205
0	2399
11	8
0	3
1	4
0	6
0	0
0	0
0	0
0	0
0	0
0	0
0	0
0	0
0	41
0	3
0	41
0	2
0	1
0	1
28	0
0	22
1	627
0	642
1	105
0	96
2	79
2	76
0	62
0	54
12	18
1	630
0	28
2	42
233	42
14	0
0	0
9	404
3	257
15	149
14	142
211	102
0	36
0	78
0	22
0	18
0	18
0	15
0	14
0	11
0	29
0	5
0	174
2	179
0	29
7	28
0	13
0	1
0	23
0	3
0	2
1	0
1	0
0	2
0	5
0	1
0	3
0	4
3	0
0	19
4	4
0	4
0	1
11	7804
70	5307
4	6958
0	7674
6	7219
0	7031
0	3005
3	3405
0	3230
2	1087
0	1064
32	896
18	3
0	3
0	2
0	0
0	0
0	77
0	72
0	35
0	32
0	8
0	6
0	2
0	3
0	75
1	188
635	533
4	51
0	0
0	442
0	55
1	4
0	42
0	43
0	6
0	30
0	25
2	52
0	634
1	561
0	226
22	612
0	494
3	226
1	29
0	149
48	256
6	119
0	109
0	64
0	140
0	127
0	184
0	0
0	0
0	0
0	0
0	0
0	0
0	0
588	714
3	284
15	377
0	718
0	453
5	208
3	43
0	0
0	0
0	0
0	0
0	0
0	0
0	0
0	0
1	6
0	6
0	6
0	6
0	6
0	6
0	3
0	6
0	6
0	6
0	0
0	6
0	6
0	4
0	6
0	6
0	6
0	6
0	5
0	6
0	4
0	0
0	6
0	6
0	6
0	6
0	3
0	2
0	6
0	6
0	6
0	2
0	6
0	6
0	6
0	6
0	6
0	0
0	6
0	5
0	6
0	6
0	6
0	6
0	4
1	1
0	0
0	3
132	57
1	52
3	14
5	13
1	34
0	1565
0	621
0	1573
3	1510
4	91
1	884
0	116
1	45
0	21
0	19
0	17
0	3
0	0
0	22
0	159
0	2
0	32
1	96
0	12
0	25
0	159
0	0
0	2
0	30
0	2
0	0
0	0
0	0
0	0
0	0
0	0
2	175
3	373
1	250
2	10
6	372
2	128
0	140
0	295
0	210
0	188
0	15
0	7
1	21
0	44
0	33
0	30
0	34
0	7
0	14
0	0
0	0
0	0
0	0
0	0
0	0
0	0
0	0
0	0
0	0
0	0
0	0
0	0
0	0
0	0
0	0
0	0
0	0
0	0
0	0
0	0
0	0
209	15
1	15
2	116
0	113
4	39
1	19
0	25
0	26
3	26
0	14
209	355
0	280
0	43
0	116
1	216
0	146
0	21
0	14
0	53
0	81
0	81
0	74
2	1
1	80
0	78
0	75
0	26
17	1648
0	2114
0	1966
0	2024
0	2014
1	1943
0	1862
1	398
0	448
7	320
0	190
26	175
0	174
0	131
4	131
0	234
0	304
0	304
0	232
0	302
0	313
0	475
3	209
0	99
0	99
0	100
0	213
0	569
0	168
0	169
0	505
0	9
0	482
47	649
0	645
0	259
83	345
0	578
0	578
0	241
0	243
0	326
0	515
1	475
0	171
0	529
0	542
0	546
0	455
0	136
0	530
0	87
0	421
0	64
0	401
0	397
0	363
0	382
0	360
0	378
0	563
26	563
0	85
0	582
0	60
3	23
0	47
0	41
1	6
0	12
0	31
0	6
0	10
0	566
2	982
1	982
1	61
11	0
1	135
0	982
0	0
0	0
0	0
0	2
16	64
0	18
13	14
0	16
0	9
0	41
0	50
1	28
1	443
0	155
1	484
31	573
2	62
0	59
0	94
0	0
0	0
0	0
0	0
0	0
0	0
0	0
0	0
1	0
0	0
0	0
0	0
0	0
0	0
0	0
0	0
0	0
0	0
0	1
0	1
0	1
81	32
1	4
0	28
2	2
2	6
0	8
123	6436
0	170
0	4227
0	484
0	671
0	747
4	5491
0	4202
1	3779
0	485
0	5
0	358
0	592
7	4095
1	425
0	700
4	335
1	0
17	38
0	23
0	13
0	8
0	0
11	3930
1	3618
0	2530
32	833
0	787
4	955
0	18
509	1227
0	836
0	797
0	701
1	690
23	188
4	91
0	987
224	283
19	282
0	79
0	0
1	3
0	0
0	12
0	65
0	13
0	8
0	32
0	12
0	66
0	10
0	12
0	69
0	66
0	12
0	11
0	2
0	2
1	1146
0	316
0	151
0	146
60	1126
0	230
0	161
0	148
0	134
0	123
0	106
0	103
0	91
0	76
0	27
1	0
0	2
0	2
0	0
0	42
64	383
0	20
0	243
0	99
3	85
0	36
0	39
0	17
1	19
0	21
0	8
0	1
10	14
0	11
0	7
0	2
0	4
0	3
0	2
0	1
0	3
0	4
2	1
0	2
0	2
0	2
0	1
5	0
11	482
0	13
0	357
0	4
0	476
39	22
1	0
5	16
2	13
0	10
0	3
1	1
0	0
0	0
5081	407
1	407
120	672
13	162
0	501
2	241
0	28
0	52
1	10
0	62
1	40
0	336
0	292
0	182
0	125
0	44
0	19
0	26
0	0
0	0
0	0
0	0
119	729
0	46
10	177
0	728
0	33
0	7
0	41
8	130
0	73
0	6
3	4
0	6
0	2
0	2
0	0
0	2
0	0
0	0
0	0
0	0
0	0
0	15
0	10
41	16
0	0
2	3
0	1
0	0
0	2
0	2
0	0
22	965
0	965
0	0
0	0
0	0
0	0
7	516
1233	1748
1	1390
159	151
0	151
0	0
0	0
0	0
0	0
0	0
0	0
0	0
0	0
0	0
0	0
62	1
0	1817
0	1745
5	744
0	74
1	0
24	654
5	654
0	23
0	23
0	22
0	10
0	1
0	4
0	1
0	1
0	1
0	0
0	0
0	0
0	0
0	0
0	0
0	0
7	69
0	22
6	56
15	4887
0	3674
0	5159
0	6842
0	5852
0	4845
31	2581
280	4048
0	1621
0	5379
1	2826
659	478
7	385
3	241
1	1042
0	1068
0	1107
0	189
1	758
5	101
0	79
5	127
3	83
0	120
0	26
9	15
0	9
0	2
0	2
1	55
0	18
0	21
0	10
0	55
0	18
0	251
0	21
5	251
58	0
1	7
24	276
1	275
0	254
0	2
112	10
1	737
6	1175
0	1202
1	1177
12	1194
12	1230
65	1227
8	757
0	12
0	16
0	45
0	12
0	74
0	25
0	7
0	17
0	12
2	75
0	14
0	13
0	17
0	15
0	21
0	23
6	68
0	11
3	5
0	44
0	37
0	34
0	37
0	33
0	18
0	15
0	0
0	0
0	0
0	0
0	0
0	0
0	653
0	86
0	666
9	46
0	75
0	55
1	40
133	200
1	8
91	404
3	9
50	297
0	19
1	0
0	0
0	0
408	1295
0	1133
1	159
0	126
0	147
0	153
0	86
0	150
0	132
1	104
0	129
2	88
0	64
0	42
0	35
1	66
8	140
0	900
0	0
0	0
1	241
2	1741
1	158
0	3197
0	1622
0	3181
1	1385
0	726
2	51
10	216
2	112
4	34
19	35
0	34
12	183
0	64
22	97
1	48
6	43
4	13
4	61
0	108
0	35
3	33
0	394
2	321
0	277
521	533
238	270
4	82
0	159
0	105
0	1098
0	1198
0	66
4	289
0	1042
0	1020
0	1047
0	1035
1	1029
0	1074
0	1139
1	1051
0	855
0	863
0	949
0	1147
0	1199
0	240
0	1116
0	1083
0	923
0	273
0	1076
0	883
2	115
0	772
0	1098
0	611
0	56
0	617
0	611
0	605
1	131
0	22
0	37
0	13
0	30
0	12
0	13
17	11
0	11
0	10
0	2
0	12
8	878
0	899
0	100
32	890
1	332
0	71
0	847
0	5
0	91
0	7
0	91
0	90
0	0
0	0
0	1
0	1
0	57
7	43
0	90
0	7
0	68
0	1
21	57
0	90
0	58
0	51
0	91
0	90
0	114
0	123
3	198
16	200
1	209
2	205
0	195
0	143
0	45
2	17
1	18
4	76
0	74
0	78
1	63
0	56
0	74
0	45
5	19
0	23
0	12
0	5
0	6
0	16
0	19
0	19
8	5
0	194
0	209
0	195
45	3
5	101
108	507
0	473
0	108
0	0
0	0
0	0
0	0
0	0
0	0
0	0
0	0
0	0
0	0
0	0
0	2517
0	170
0	3068
0	3102
3	796
0	2580
0	3102
31	153
0	1007
18	300
2	246
11	0
114	287
0	299
1893	0
35	3106
1	177
2	3200
6	1598
2	1825
3	3122
69	2958
0	3314
18	2935
0	3232
0	348
5	260
0	483
0	516
3	2180
4	373
0	152
2	372
0	682
1	851
1	589
10	252
3	7
0	0
0	325
0	326
0	4
3	137
0	109
1	90
0	6
0	0
0	0
563	181
0	58
0	54
1	63
9	6
0	0
0	0
0	0
0	0
0	56
0	183
0	238
0	196
0	226
0	226
0	201
0	193
0	186
0	183
0	204
3	216
0	62
0	199
1	223
0	208
0	118
0	208
0	191
0	181
0	186
1	163
2	51
0	176
0	54
0	137
0	107
0	99
1	30
78	176
3	176
17	43
1	2
2	39
0	37
1	164
0	787
0	764
21	774
2	786
0	787
0	793
0	125
0	120
0	121
1	35
1	20
1	20
0	140
1	75
0	55
7	22
0	2
0	0
0	0
0	2
0	0
0	0
0	0
0	0
0	0
0	0
0	0
0	0
0	0
0	0
0	0
0	0
0	0
0	0
0	0
0	340
0	669
0	662
0	372
0	108
1	94
4	40
0	16
1	22
0	568
0	39
0	18
5	0
0	146
0	549
0	558
0	0
0	0
0	0
0	0
0	0
0	0
0	0
0	0
0	870
0	638
1	631
0	847
1	688
13	824
0	857
0	850
0	700
0	371
0	641
0	650
1	634
0	455
1	98
0	301
0	375
0	240
2	371
0	259
0	138
0	144
0	82
0	117
1	15
0	15
0	0
0	435
24	230
8	355
13	240
6	284
14	285
0	255
4	0
0	85
1	210
0	210
6	84
440	0
7	6054
2	9
7165	27178
317	24765
12	11872
0	0
0	0
0	0
0	0
0	699
901	533
0	174
0	229
11	95
2	200
0	0
0	0
0	0
9	11
1	15
0	16
0	11
2	18
0	11
0	11
311	264
0	263
0	157
1	252
0	152
0	0
0	31
0	18
0	20
0	22
0	21
0	10
0	23
0	16
0	21
0	9
0	20
0	10
0	16
1	18
0	10
1	9
0	8
0	6
0	9
0	4
0	9
0	6
1	0
0	1
5	163
0	0
0	163
0	63
1	51
0	22
74	108
3	57
0	3
0	55
2	20
0	101
0	26
0	44
227	118
0	118
0	137
3	297
5	297
2	2
4	6
0	2
0	3
0	0
0	3
1	0
0	0
0	8
0	2
0	2
0	8
0	0
24	2557
50	3919
6	4233
0	5816
0	6042
0	5941
0	253
9	253
3	349
7	18
0	232
0	224
0	242
0	80
0	238
18	224
0	40
0	55
2	66
0	3
0	12
0	541
4	570
0	8
0	37
0	8
0	129
0	0
0	0
0	0
0	0
0	0
0	0
0	0
0	0
0	0
0	0
0	0
0	0
0	0
0	14
0	207
0	2914
2	294
0	2563
0	1598
0	1675
0	2349
2	1637
2	1628
0	43
0	2547
1	220
1	159
0	638
13	376
5	169
4	413
0	2707
0	0
45	57
0	57
2	9
34	25
30	470
1	32
5	34
0	26
0	9
0	48
0	44
0	171
0	46
0	36
9	403
0	5
0	129
2	42
0	130
0	109
0	213
0	72
0	128
0	155
0	72
0	174
0	87
5	1
0	214
105	1477
0	61
0	1477
0	511
0	242
0	478
5	424
0	142
0	102
3	233
0	53
0	24
0	0
0	510
0	1
0	0
0	1
0	0
0	0
0	75
0	567
0	159
0	167
0	181
10	1606
0	502
0	1545
1	116
122	101
0	102
2	1597
0	567
0	55
0	21
0	6
0	51
0	51
0	2
211	2
3105	1287
0	337
0	335
0	165
0	98
0	16
1	158
0	143
0	210
0	289
0	116
0	88
0	107
1	105
0	87
0	103
0	64
0	68
0	47
0	54
1	53
0	60
0	75
0	61
4	41
0	61
0	43
0	66
0	17
0	3
0	52
0	22
0	19
11	0
1	2640
0	2573
0	2135
7	2821
0	409
8	120
7	451
0	709
5	85
0	2821
627	0
0	26
0	623
7	558
1	574
50	175
19	175
0	216
3	431
1	445
0	78
144	406
4	248
1	0
0	19
0	162
0	568
0	640
0	679
0	779
0	798
0	805
0	801
0	38
0	154
0	532
1	798
2	139
0	0
13	839
18	187
0	779
0	4
0	0
0	1
0	1
0	1
0	4
0	1
0	1
0	1
0	0
0	0
0	0
25	244
0	244
4	40
1	182
0	0
12	61
10	46
183	13
0	8
0	2
0	5
0	0
1	434
0	64
138	642
0	72
1	12
0	468
0	631
20	93
0	217
0	273
57	10
8	10
36	3
9	42
0	350
0	373
0	332
0	284
9	231
2	214
0	26
0	34
0	36
0	34
0	37
0	1
1	44
3	24
0	18
0	18
0	33
0	32
30	44
0	30
2	262
460	901
0	7
2	864
0	33
0	39
0	16
1	26
0	580
0	0
0	41
0	69
0	49
0	263
0	38
0	0
0	0
0	2
0	328
1	0
0	7785
0	1
18	7203
111	7925
0	159
87	137
5	5665
265	7799
0	26
0	1
0	1
0	0
0	0
0	0
3	620
1	529
0	588
0	505
95	190
1	281
7	225
1851	817
2	194
10	667
0	469
0	0
0	0
0	0
0	0
0	0
0	0
0	0
1	0
0	0
0	0
0	0
0	0
0	0
0	0
0	0
0	0
711	612
8	528
2	467
0	603
0	439
9	1
0	1
7	0
0	0
6	68
790	1359
0	1560
22	260
1	1195
0	1511
0	1091
5	721
0	1112
0	704
5	70
4	49
0	337
0	151
4	81
0	97
5	2
1	2
0	1
0	0
0	0
0	0
0	409
3	280
1	562
0	414
10	128
2	38
0	1821
0	1855
0	1722
3	495
0	558
0	1465
0	927
0	1529
0	307
0	713
1	1413
8	635
7	1115
0	1441
0	211
0	153
0	106
6	382
0	371
9	405
5	554
12	1132
12	1132
0	0
0	0
0	0
0	0
0	0
0	0
0	0
0	0
25	564
0	560
0	566
3	550
0	498
2	491
2	44
0	35
0	31
24	44
0	229
8	367
24	382
5	40
3	107
1	129
9	52
1	68
0	37
0	148
1	114
0	116
0	108
0	87
0	496
0	435
3	5
0	187
0	187
0	155
11	47
1	44
0	28
2	12
0	35
0	6
4	31
0	8
0	24
0	15
0	3
0	436
215	8
0	8
1	6
9	4
0	312
0	251
0	243
1	193
0	241
0	251
0	30
0	7
0	233
0	310
1	8
0	14
0	0
0	0
0	1
0	1
0	1
0	1
0	1
0	1
0	1
0	1
0	1
0	1
0	1
0	1
0	0
0	0
35	2428
1	496
1	110
10	269
0	229
144	1850
0	775
1	769
0	212
0	80
0	38
4	8
3	777
0	772
0	774
0	769
10	408
2	288
1	313
33	99
0	204
2	268
0	134
0	316
0	316
0	313
0	0
0	0
94	349
0	37
1	333
0	301
0	137
1	54
8	19
0	50
5	28
0	11
0	4
0	2
0	4
0	6
0	0
1	0
0	0
0	0
285	1332
1	87
1	85
17	26
14	24
4	268
70	918
5	118
6	115
19	180
1	176
0	0
1	0
0	0
0	0
0	0
0	0
0	0
0	0
0	461
0	654
0	272
0	34
0	1
0	1
0	0
0	0
0	133
7	122
0	36
0	6
0	20
5	816
0	236
3	643
0	27
0	200
6	335
3	250
7	340
0	41
28	90
0	78
11	74
6	303
0	148
1	31
0	303
0	148
0	647
0	490
15	695
0	380
0	326
0	323
0	161
0	194
0	97
0	128
0	652
77	306
657	6
0	6
0	141
0	1436
2	2382
8	2353
0	2153
0	2355
9	839
10	982
0	890
10	1023
21	55
6	80
5	51
0	44
0	884
0	265
3	275
0	265
0	176
0	185
0	182
2	172
0	153
0	68
6	38
0	45
0	262
0	82
1	69
2	88
26	324
0	324
0	0
0	0
0	0
0	0
0	0
0	0
0	0
0	0
0	0
0	0
0	0
0	0
0	0
0	0
0	0
0	0
0	0
0	0
8	9
408	95
3	9
0	74
1	91
0	26
858	759
0	618
77	733
3	24
25	142
15	46
14	7
0	0
1	7
0	1
0	0
0	2
179	591
17	575
132	498
0	25
0	56
30	16
11	0
0	3945
2	2532
11	1071
112	122
14	1134
0	978
1	1056
28	963
0	1270
10	1018
37	2669
0	2464
0	2785
0	2564
0	2579
0	2179
0	1138
0	1029
0	795
0	2051
0	1676
0	124
2	349
15	212
0	248
0	10
0	17
1	221
5	34
0	31
0	30
0	27
5	2815
0	2516
0	2
7	365
0	0
0	12
0	12
0	0
0	0
0	3
0	83
0	83
0	97
0	123
0	183
0	177
1	69
0	131
0	104
0	67
83	41
5	4
0	40
14	76
11	51
21	3
0	3
0	80
0	37
1	69
0	16
0	0
0	0
0	372
1	264
3	243
0	342
0	213
0	363
2	68
2	82
0	41
0	72
0	79
17	206
7	8
6	24
2	50
7	1
1	0
0	753
2	0
0	0
0	0
0	1
0	1
0	0
316	47
1	47
622	23
0	3
0	11
0	11
0	100
0	480
0	145
0	1484
1	258
1	340
0	151
0	338
0	187
0	1463
0	111
0	388
19	1404
0	62
0	1367
1	202
0	1343
0	129
0	103
1	127
1	724
0	725
0	751
0	144
1	48
5	0
0	0
0	0
0	0
17	903
17	937
18	277
1	0
1	3
0	0
0	0
0	0
277	12
6	342
0	363
0	487
0	372
0	558
0	322
1	26
0	95
0	35
1	51
0	62
0	16
0	24
0	33
0	15
0	24
0	0
0	0
0	9
0	16
0	13
0	22
0	15
0	3
0	182
0	25
0	12
0	372
0	547
0	2872
38	25821
8	17216
3	20634
0	25642
0	2071
0	4062
1	3412
0	103
0	24595
0	0
2	123
1	138
0	139
0	142
0	125
0	33
3	32
0	23
0	13
1	941
0	50
0	938
0	900
0	940
0	908
0	933
0	34
0	811
4	34
0	869
1	34
4	929
0	35
0	120
2	60
2	45
4	214
0	89
24	79
0	11
23	61
0	60
0	33
0	32
0	60
0	32
0	37
1	59
0	7
1	28
0	59
0	1
0	59
0	59
2	32
0	20
0	21
0	16
0	0
0	26
0	1230
0	20
0	77
0	1058
0	788
1	61
0	654
1	15
1	26
9	39
6	72
0	1203
5	81
156	25
0	75
157	488
0	14
4	142
8	322
0	16
0	3066
1	3503
1	27
921	1238
11	1012
2	1151
12	120
0	172
3	102
0	1
0	3
0	3
0	1
0	3
0	3
0	1
0	1
0	0
0	1
0	0
0	0
0	1
0	0
0	7
0	11
0	7
0	7
0	11
0	5
0	7
0	7
0	9
0	10
0	10
0	9
0	10
0	0
19	9
0	0
0	3
1	3
0	3
0	3
0	3
0	3
0	3
0	3
0	6
0	13
12	73
1	2
11	21
0	16
0	53
0	40
0	26
0	35
0	8
0	4
0	40
0	1
0	1
0	3
0	3
0	1
0	3
0	0
0	0
0	2
0	2
0	2
0	2
0	2
0	2
0	0
0	537
0	510
0	15
1	156
0	529
0	25
0	181
0	81
0	0
0	0
0	46
0	537
0	48
0	511
0	185
0	0
0	529
0	0
0	27
0	0
0	34
0	23
0	426
0	0
0	36
0	0
0	0
0	0
0	46
0	166
0	352
0	0
0	51
0	0
0	290
0	92
1	186
0	55
0	189
0	70
0	99
0	76
0	174
0	189
0	108
0	191
0	139
0	102
0	190
0	93
0	75
0	86
0	72
0	67
0	21
0	67
0	0
0	73
0	86
0	74
0	8
0	100
0	62
0	73
0	19
0	120
0	119
0	86
0	33
0	39
0	32
0	0
1	543
6	107
0	107
3	495
10	0
0	152
0	131
18	507
0	219
0	369
0	550
2	465
3	69
0	537
336	377
1	0
1	35
6	0
3	195
0	342
0	216
0	196
0	143
0	362
1	23
0	102
159	101
0	38
1166	370
0	370
0	291
2	40
0	106
1	321
0	29
0	29
0	0
5	77
0	305
0	381
0	6
2	11
0	0
0	0
0	46
0	0
0	335
0	761
2	731
0	775
0	332
0	722
0	170
0	194
0	229
0	404
0	635
0	145
0	196
1	138
0	106
2	274
1	771
0	115
0	311
0	401
0	153
0	326
0	230
6	679
1	642
0	783
0	753
0	703
0	225
1	197
3	361
0	79
0	204
0	204
0	204
0	204
0	1206
0	258
0	1217
0	1216
0	252
3	237
0	248
0	291
0	233
0	231
0	480
0	260
0	22
4	193
3	10
0	24
0	27
0	8
1	6
2	24
7	22
0	5
0	10
0	10
3	0
0	29
0	72
0	105
8	268
0	3
0	14
0	204
1	103
0	124
0	57
0	111
1	93
3	0
0	31
8	726
0	549
0	573
0	377
0	273
0	77
0	64
0	122
0	65
0	1
0	1
0	1
0	0
0	237
0	46
0	215
0	52
0	212
0	1
0	1
0	7
0	1
0	1
0	1
0	0
0	1
0	0
0	7
0	2
0	0
0	0
0	7
0	13
7	162
1	163
1	104
79	255
209	153
0	1
0	2
0	1
0	1
0	87
0	139
0	50
0	48
2	48
0	24
0	49
0	14
0	26
0	22
0	18
0	83
1	8
0	17
0	9
0	20
0	139
0	12
0	13
0	2
0	134
0	0
0	0
29	300
4	201
1	209
0	113
0	32
1	77
34	0
24	106
17	27
0	27
0	8
0	0
0	0
1	296
3	296
0	0
0	0
0	0
0	0
0	0
0	0
3	65
0	1
2	0
3	1
0	3
0	0
0	0
0	3
0	3
0	2
0	65
0	65
0	316
0	227
0	330
3	350
0	40
1	247
0	169
0	139
0	170
1	106
5	34
0	75
0	3
0	3
0	0
0	392
0	383
0	384
0	870
0	5
0	46
0	38
0	331
7	133
0	866
0	884
0	41
0	870
0	41
0	378
0	150
0	293
15	73
12	46
7	121
0	121
17	2424
16	2424
2	29
1	2391
0	22
0	10
0	20
0	9
0	22
0	575
1	228
71	2416
0	216
117	2968
0	849
0	254
0	183
4	256
157	734
0	750
4	309
0	1284
0	327
0	228
59	613
0	662
91	424
0	195
0	357
0	363
19	337
0	165
0	244
0	117
0	64
0	106
0	11
24	2059
94	1971
0	1624
0	1832
3	1101
0	685
0	567
0	509
0	1984
1	1
0	1
0	0
1	0
0	1
796	276
0	276
2	0
0	1
0	1
0	0
0	34
1	34
0	20
0	14
0	13
0	8
0	6
0	3
8	681
11	681
0	21
0	15
0	28
1	169
0	29
623	559
0	119
3	98
0	191
2	168
0	191
1	129
1	78
0	35
0	60
2	42
0	20
0	165
5	64
336	205
2	205
0	348
0	423
0	433
0	118
0	119
1	88
1	41
2	37
1	16
0	0
0	0
0	0
0	0
0	10
751	169
0	84
1	49
3	30
1	62
1	22
1	39
0	5
0	5
0	5
0	5
0	4
0	0
0	0
0	0
0	0
0	0
0	178
21	134
0	161
0	153
0	115
1	86
1	54
0	34
2	28
3	3
0	0
0	28
0	135
0	15
0	79
1	12
0	6
0	5
1	7
0	7
0	135
0	0
0	0
0	1
0	0
1	1
0	0
0	0
0	56
0	922
4	224
0	836
0	71
0	489
52	2
7	21
8	247
0	5
3	23
0	945
7	112
0	69
0	32
0	16
0	112
0	8
0	55
0	68
61	207
1	207
1	7
1	0
0	29
0	36
16	1900
0	11
0	42
4	52
0	2
0	6
0	10
0	25
0	23
0	29
0	6
0	24
87	73
2	4
0	0
0	4
0	2
0	0
0	0
0	0
0	0
0	1
0	0
0	0
0	111
0	211
0	211
0	310
0	310
0	268
0	364
0	320
0	112
0	199
0	208
4	67
0	134
0	504
0	501
0	432
0	166
0	118
1764	3556
0	1440
0	2783
3	1279
4	0
3	52
0	137
8	144
0	10
0	57
0	63
0	69
0	135
3	256
0	82
2	225
0	57
0	99
0	3
2	3
0	0
8	578
2	623
0	75
497	1751
0	1691
0	1010
0	706
4	164
2	488
0	276
0	238
696	0
0	0
5	299
8	292
17	141
1	315
0	297
0	325
700	334
1	300
0	276
0	316
0	1
0	105
1	638
0	155
316	662
1	113
1	287
0	227
0	127
0	99
0	76
203	394
0	402
0	179
1	346
0	346
0	38
0	21
0	156
0	23
0	34
0	22
1	1
0	6
1	5
0	1
0	2
0	2
0	0
368	15
0	2
2	13
0	4
0	0
1	4
0	4
0	0
0	0
1	0
0	0
0	0
0	0
0	0
0	0
0	0
0	0
0	0
0	3
2	44
1	1
0	1
0	0
0	0
0	0
0	0
0	0
0	0
0	0
0	0
0	0
0	3
0	20
0	23
12	172
64	97
56	172
0	90
0	18
0	6
0	11
60	238
9	64
7	118
0	128
1	17
30	33
0	19
0	1
0	1
6	38
0	0
0	5
0	0
0	0
0	0
15	1662
0	378
0	332
13	383
20	52
70	990
6	738
14	591
5	315
5	1745
0	1831
1	1670
418	1
0	1
0	0
0	1
0	1
0	1
0	1
0	0
0	0
13	97
5	71
0	92
22	5
10	1061
1	1080
7	1069
2	151
5	298
8	86
0	143
6	28
0	5
2	890
0	49
0	49
0	10
0	7
0	6
0	2
0	3
0	3
0	3
0	0
0	0
543	0
2	10
2	223
348	361
2	67
0	28
0	27
0	4
3	17
0	9
7	12
3	3
0	17
0	80
0	12
0	1
0	1
0	1
0	1
1	54
31	64
0	14
315	2028
1	2028
0	96
0	108
0	108
0	108
0	0
0	13
0	35
2	26
0	11
0	108
5134	0
6	2899
0	700
0	1178
1	2663
3	293
0	1181
8	129
0	111
0	0
2	169
0	145
1	74
0	1127
0	82
0	201
21	0
4	926
0	135
0	554
0	548
11	555
0	532
0	163
0	38
1	101
2	7
0	2723
0	6331
11	7260
1056	5218
3	2805
30	2758
6	2241
0	1022
36	1922
0	814
0	1838
6	1316
0	1222
1	1811
29	982
0	1089
2	1
18	110
2	1
0	449
1	435
0	435
1	435
0	327
0	11
0	449
2	447
0	436
6	4
0	159
4	92
0	150
1	109
1	12
1	34
109	2774
31	2774
0	239
1	31
0	210
0	217
0	340
2	236
0	277
0	269
1	483
10	321
7	870
0	0
0	0
0	0
0	0
0	0
1	330
0	281
0	1
0	1531
16	1418
0	1425
0	1597
11	223
0	813
5	5
0	170
3	3
6	233
0	221
0	110
1	3
1194	11
0	11
0	824
486	1665
48	488
0	1198
14	63
5	626
0	641
0	299
0	402
0	404
0	351
4	237
2	190
0	12
31	12
3	1483
240	115
1	115
7	164
3	550
0	518
23	420
0	170
0	142
0	46
0	127
0	84
0	93
0	157
0	87
2	100
3	505
0	270
0	540
0	127
0	378
0	174
17	99
0	308
2	157
75	43
32	143
1	45
0	43
0	147
0	127
0	146
0	65
0	46
2	86
0	68
0	73
138	63
4	46
0	66
0	44
12	19
0	41
2	16
0	3
12	117
3	178
432	260
0	129
5	233
9	2292
0	2457
0	422
0	0
0	0
0	0
0	0
40	708
5	812
0	364
0	73
16	551
5	17
0	15
4	87
0	623
0	10
0	388
0	374
0	58
0	61
0	100
0	82
0	67
19	47
0	61
0	57
2	278
0	53
0	44
0	64
0	40
0	52
0	14
0	24
0	6
0	14
1	24
0	0
0	22
5746	0
0	0
0	0
0	0
0	0
0	0
0	0
0	640
2	597
0	250
0	242
0	640
5	195
0	140
0	571
1	193
19	193
1	195
0	568
20	17
0	351
0	581
9	254
0	118
0	526
5	2
0	1
0	0
0	29
0	0
0	29
0	29
0	29
0	27
5	20
1	14
0	29
0	9
0	9
1	1
0	8
0	9
0	7
0	9
0	9
0	0
1	0
0	9
0	1
0	1
0	1
0	1
0	1
0	1
0	1
0	0
0	0
0	0
0	0
0	0
0	0
0	1
0	0
0	490
31	839
0	137
2	321
0	638
0	139
0	256
1	1975
0	1890
14	202
28	141
0	31
0	37
13	431
26	94
28	205
0	231
0	13
0	2191
0	780
340	223
0	33
0	51
0	9
1	86
0	86
0	86
0	24
0	5
0	7
3	2
0	0
0	0
0	0
0	0
0	0
0	0
0	0
0	0
1	0
0	0
0	0
0	0
0	0
1	197
0	69
0	48
6	47
0	4
3	89
273	141
1382	491
7	491
3	164
0	83
1	144
3	144
0	810
0	882
31	769
2	197
0	209
0	496
1	195
0	148
0	882
1	882
4	2456
7	2497
0	2497
0	2494
0	2496
0	2497
0	838
2	98
1	18
0	21
0	20
0	22
216	1121
0	77
0	197
1	210
0	299
0	453
72	1118
5	673
0	689
0	937
0	109
0	233
0	252
0	469
7	137
0	155
7	220
13	692
7	67
0	0
0	679
4	193
14	172
0	62
0	54
0	1
0	20
0	19
5	19
0	0
0	0
0	0
0	0
0	0
0	0
7	8
0	5
0	0
0	0
0	0
0	3
0	5
0	0
0	82
0	1
0	71
0	64
0	1
0	70
0	70
0	68
0	82
0	69
0	66
0	68
0	70
0	70
0	74
0	72
0	74
0	69
0	77
0	63
0	47
0	79
0	61
0	61
0	1
0	20
0	455
0	90
14	459
14	50
0	0
0	38
0	40
3	37
0	39
0	12
3	22
1	6
0	5
0	23
2	7
0	10
1	253
97	267
0	14
8	146
0	527
0	439
0	567
62	456
1	569
0	538
0	116
0	312
0	303
0	150
8	117
0	47
164	318
0	265
1	308
0	39
0	214
0	214
0	149
0	17
3	128
0	112
2	37
0	153
0	129
1	78
4	63
13	101
3	155
0	115
0	24
0	58
923	810
0	186
108	661
1	567
2	396
1	108
0	345
11	104
3	172
0	82
1	79
0	96
0	96
0	1736
0	1663
30	1104
4	1168
3	1175
0	1
0	0
0	1
0	1
0	1
13	1074
25	14
108	265
0	40
6	249
8	22
0	12
0	265
2849	0
0	0
0	0
0	0
2	30
0	30
0	30
0	30
0	5664
81	831
5	4452
1	5593
17	5592
0	5594
1	4240
24	2644
5	3192
24	3196
8	0
5	3285
0	72
0	80
0	81
0	61
1	165
0	156
0	154
0	159
0	164
0	156
0	179
0	151
0	169
0	164
0	144
0	151
0	162
0	126
0	135
0	120
0	145
0	124
0	129
0	87
0	87
0	58
0	32
0	68
0	57
1	79
9	12
9	64
0	239
0	235
0	221
0	234
0	141
0	235
0	226
0	107
0	127
0	210
0	131
0	142
0	34
0	234
0	106
2	228
6	228
0	90
0	0
0	0
0	0
0	0
0	0
0	0
0	0
0	0
0	0
0	0
0	0
0	0
3	97
0	3808
165	4958
0	3492
0	3731
0	1282
0	4100
0	2336
0	1725
0	4826
0	2348
47	5010
0	4649
0	4328
288	1955
0	1807
1	532
0	1464
0	3882
0	1407
1	452
2	443
0	449
0	7
0	406
0	320
0	301
0	3
0	94
0	46
0	57
5	26
75	455
0	0
0	0
0	0
1	199
13	24
0	1
0	203
0	682
0	682
0	594
0	592
0	683
0	234
0	234
0	676
0	233
0	3
0	1
0	0
0	0
0	0
0	0
0	0
0	0
0	0
0	0
0	0
0	0
0	0
0	0
0	0
0	0
2	611
0	620
0	395
0	350
0	281
0	77
0	43
3	53
0	2
0	0
1	0
0	0
0	0
0	480
0	82
0	480
0	496
0	477
0	479
0	493
1	89
0	25
0	42
0	441
0	450
5	463
0	388
5	236
0	79
13	117
0	78
1	41
5	62
10	763
0	23
0	610
2	640
0	637
0	760
0	739
88	746
0	378
3	96
0	394
0	69
17	36
1	114
0	71
1	70
0	1
0	1
0	1
0	1
0	1
0	0
0	0
0	0
1	321
0	1138
0	901
0	914
0	818
0	622
16	1130
0	496
0	139
0	681
0	109
3	78
2	49
62	1187
0	1187
3	133
26	238
0	106
0	52
0	11
0	1
0	32
0	17
0	16
0	6
0	0
0	32
0	0
0	0
0	0
0	0
0	0
0	0
0	0
0	0
0	0
0	35
0	41
240	158
0	150
2	14
0	50
0	44
1	32
0	20
0	17
0	34
1	18
0	20
0	17
0	1
0	28
0	2
0	34
0	32
330	0
8	188
0	423
3	220
0	325
3	216
2	72
0	118
1	157
0	48
0	3
1	45
1	46
6	1144
82	1005
3	261
72	636
40	506
0	750
0	768
71	815
0	142
2	744
0	596
9	240
1	21
1	165
0	241
3	13
40	24
0	22
0	8
0	759
0	0
72	187
0	29
0	3
2	114
3	156
0	28
0	12
3	39
0	311
1	318
0	310
1	15
0	11
0	60
0	18
0	45
0	41
25	154
0	10
0	5
0	25
0	39
0	303
1	0
0	131
0	154
0	73
44	13
0	101
64	18
3	90
0	18
13	132
0	104
0	57
0	67
0	65
0	49
0	52
0	140
2	0
0	23
1	2
0	23
0	687
0	175
70	272
10	0
1	245
27	61
0	178
1	169
18	143
2	39
1	60
0	2
0	14
0	1
1	13
0	54
0	66
95	24
0	4
0	0
0	0
0	405
0	182
0	385
0	389
1	385
0	54
2	410
1	81
0	271
0	13
0	38
0	11
0	24
0	4
0	180
1	184
0	9
0	1
0	386
0	0
0	0
0	0
0	0
0	0
0	0
0	6
0	4
0	6
0	6
0	6
0	0
0	5
0	23
490	76
7	4
0	20
0	26
0	18
0	41
246	266
1	257
0	229
1	148
1	77
0	22
1	38
0	0
1	318
0	33
0	411
0	314
136	419
0	251
1	3
0	274
0	81
1	6
0	0
0	2
0	2
0	0
0	1
0	1
0	1
0	16
0	1
0	6
0	5
0	3
0	0
0	0
0	1
0	1
0	0
0	0
0	15
0	17
0	15
0	15
0	15
0	1
0	15
0	6
0	34
0	79
0	81
0	74
0	85
0	15
2	19
0	33
0	29
1	71
0	15
0	3
0	14
0	16
0	1
0	0
1	5
0	80
0	2
0	8
0	19
0	83
0	15
0	73
0	13
0	12
0	5
0	11
0	9
0	66
1	20
0	20
0	79
2	3
0	3
0	0
0	1
0	1
0	0
0	1
258	858
0	655
0	502
4	656
10	366
236	0
0	0
0	67
0	77
0	60
171	0
2	0
0	0
2	679
0	647
0	648
0	648
1	648
0	650
0	655
0	648
0	647
0	648
0	68
2	27
0	31
0	0
746	314
0	27
0	178
1	6
21	221
0	185
0	53
116	230
0	230
0	213
0	28
0	105
0	21
0	154
0	136
0	154
0	127
0	795
2	143
0	791
0	794
1	121
0	104
0	52
0	123
0	779
0	788
0	795
0	116
0	762
0	94
0	130
0	131
0	121
0	616
0	26
0	9
1	38
5	631
0	39
1	61
2	16
0	58
1	70
4	26
0	434
0	63
0	56
1	5
5	4
0	73
0	87
13	408
0	114
19	8
0	7
0	5
0	4
0	2
25	188
0	1
1	145
0	137
0	89
4	17
0	22
0	6
2	12
7	12
0	4
92	76
0	50
1	33
0	24
0	443
0	458
24	448
3	410
26	89
0	441
4	15
0	348
41	0
7	631
0	801
76	859
0	82
1	241
0	56
0	112
23	69
0	40
0	18
0	7
793	2946
2	2544
1	1196
4	2267
0	1219
0	1237
4	381
0	1212
0	867
0	792
0	499
1	486
1096	0
0	11134
9	150
0	11131
0	8432
24	8798
5	10263
9	1233
11	5841
0	1578
5	0
110	220
2	145
0	120
0	19
50	77
0	0
0	0
0	0
0	0
0	0
0	0
45	214
1	550
0	101
1	36
0	13
0	13
0	23
0	484
3	45
0	446
0	95
0	125
0	100
0	123
0	99
0	135
0	135
0	113
0	70
0	48
0	107
0	32
0	432
0	113
0	346
1	295
0	62
4	20
318	81
0	17
2	44
0	0
0	0
0	0
0	0
0	2
710	0
2	751
0	757
1	111
0	45
0	70
187	185
7	175
0	33
14	104
0	76
0	47
0	65
0	770
0	771
0	0
435	880
60	880
0	59
1	60
0	31
0	12
0	7
0	6
0	1
0	0
0	702
1	703
0	0
0	27
7	220
0	231
0	13
0	441
0	0
11	701
1	1
1	66
0	203
0	19
2	21
6	11
15	244
311	579
2	579
1	148
0	27
0	553
6	287
0	526
0	0
0	0
0	0
0	0
2	132
0	125
6	7
0	3
0	7
0	11
0	47
3	34
1	21
0	9
13	0
0	8
0	54
1	351
0	34
6	17
0	337
272	807
3	801
0	808
0	807
0	806
0	37
0	47
0	41
0	37
0	14
0	8
0	15
0	14
0	5
0	2
0	0
0	0
0	0
0	0
0	37
850	0
11	878
0	415
3	952
0	141
0	102
2	18
0	150
0	105
6	203
2	952
0	956
0	533
0	491
0	651
0	130
0	40
1	27
0	40
0	27
0	23
0	25
1	28
0	16
0	20
0	2
0	1
0	0
0	446
0	454
0	945
1	60
3	296
0	217
0	474
0	871
0	1437
2	1362
11	161
1	553
2	142
1	70
18	1
0	1
0	1
0	0
0	0
0	0
187	6859
0	6859
0	667
0	2127
3	204
28	430
0	205
0	423
3	546
0	681
0	609
0	0
0	0
0	0
0	0
0	0
0	0
0	0
0	0
0	0
602	550
6	550
0	0
0	0
1270	138
0	138
0	0
0	0
0	0
0	0
0	0
0	0
619	29
1	29
0	36
2	36
0	20
0	7
0	2
0	0
0	2
0	3
0	0
0	23
1	23
0	23
0	23
0	1
0	0
0	1
0	0
0	0
0	0
0	0
0	1
0	1
0	1
0	401
0	0
0	0
0	0
57	1857
9	1765
1	1545
0	36
12	16
0	16
0	12
0	21
0	0
0	0
0	0
0	0
0	0
0	0
0	0
0	0
0	0
0	0
1	348
0	7
0	13
0	21
0	120
0	33
0	333
0	121
0	19
0	21
0	88
2	34
0	17
4	2
0	333
6	1
0	1
6	496
21	472
11	353
7	21
0	48
1	68
2	13
49	95
0	44
29	37
0	33
0	1
0	292
0	729
1	729
6	612
8	607
0	286
0	581
4	279
0	554
0	607
4	234
0	326
7	222
0	0
0	1
0	1
0	0
0	0
0	0
0	1
0	0
0	0
0	0
0	0
0	0
0	0
0	0
5	135
25	39
1	690
7	543
6	540
2	428
1	497
3	97
0	2
0	65
1	21
0	50
1	24
0	32
0	689
0	0
0	5
0	4
0	24
0	5
0	24
26	24
0	4
0	24
0	7
0	0
0	7
0	2
0	1
0	5
0	2
0	3
1	3
0	24
0	12
0	306
6	323
0	150
1	76
0	48
0	22
2	16
0	25
0	25
0	24
0	16
0	0
1	353
7	351
0	159
0	38
0	43
0	1
1	357
12	355
812	821
1	415
6	183
376	559
0	544
1	46
0	125
0	21
1	19
1	0
0	130
3	45
65	154
2	30
0	13
0	27
0	131
2	30
0	141
0	66
0	3
1	111
1	54
0	54
0	53
90	636
0	642
5	608
144	902
0	305
0	238
0	646
4	65
0	484
0	250
0	90
0	68
0	63
0	0
0	0
1	0
0	0
0	691
0	384
0	551
0	547
0	551
0	531
1	245
1	50
0	18
2	9
0	17
0	2
22	4
0	589
1	583
0	593
0	2
0	78
7	4
7	25
0	22
0	18
0	1
4	19
0	47
0	46
0	19
96	0
97	136
1	107
0	29
9	0
1	251
0	203
0	136
4	265
0	133
3	83
1	59
1	21
0	33
0	57
0	57
0	115
0	47
0	138
10	20
1	137
10	193
0	79
0	51
0	239
0	123
591	134
2	69
1	4
0	123
125	0
8	502
5	228
13	129
0	305
41	347
0	164
7	20
0	0
2	0
65	227
12	22
48	86
18	24
4	41
0	18
0	73
996	973
0	973
87	40
3	0
0	0
0	0
0	0
0	240
0	506
0	420
18	74
0	347
0	164
9	354
35	327
0	370
0	149
3	97
2	0
7	457
0	468
0	386
0	387
1	103
0	42
3	23
1	24
1	17
43	923
0	37
0	546
12	29
0	155
2	89
0	913
0	13
23	395
0	25
0	279
0	24
0	340
0	221
0	3
5	110
0	23
4	2
1	0
0	15
0	15
2	525
0	506
0	511
0	284
0	27
2	22
0	37
0	62
1	10
0	45
1	41
2	10
5	8
7	266
55	1321
0	2641
0	2668
0	2544
0	206
11	351
0	0
0	0
0	0
0	0
0	0
0	0
0	0
5	628
0	632
0	232
1	269
10	96
1	156
29	156
7	508
0	485
0	393
1	276
0	114
0	90
0	6
0	95
0	132
2	126
0	94
0	696
0	581
0	179
3	589
8	502
7	496
0	24
0	902
1	199
6	223
0	900
0	696
9	16
0	3
0	15
0	0
2	10
0	3
0	3
0	2
0	3
0	2
0	1
1	96
140	120
2	42
1	78
0	79
2	10
3	3
3	2
5	74
0	73
1290	839
2	655
8	678
0	355
0	0
0	0
0	0
0	0
0	0
0	0
0	0
0	0
0	0
0	0
0	0
0	0
0	0
0	0
0	0
4	1
0	1
2125	116
0	0
0	31
11	85
0	1939
29400	13496
5	1262
9	5665
6	5745
7	2454
53	2700
618	282
2	282
1	18
14	19
0	4
0	13
0	1
0	0
1	0
0	0
0	0
0	36
0	143
620	361
0	13
0	46
0	287
0	254
2	285
45	0
0	78
0	127
1	38
0	50
0	82
0	34
0	22
0	47
1	32
4	16
158	72
2	31
62	14062
0	18
0	20
0	18
0	19
0	19
0	16
0	1
0	7
0	0
0	0
0	0
0	0
0	0
33	0
373	571
0	484
2	177
1	0
0	229
0	30
2	139
151	492
27	405
1	61
0	38
0	42
0	49
0	260
2	7
2	260
1	0
0	686
0	131
2	649
1	64
1	105
0	204
0	572
0	114
2	56
0	686
50	1345
3	1345
1	20
0	10
0	20
20	27
0	13
3	8
0	8
0	21
0	1
0	3
0	21
0	21
0	10
0	0
0	0
0	0
0	0
0	0
0	0
0	0
0	0
0	0
0	0
0	0
0	0
0	0
0	0
0	0
0	0
0	0
0	0
0	0
0	0
0	10
11	38
0	23
0	1
10	1
0	43
0	53
0	6
1	65
7	154
0	103
0	63
0	57
0	49
0	48
0	47
0	38
1	53
0	19
0	27
0	44
0	13
2	27
0	24
0	36
0	137
0	136
2	96
0	143
0	44
363	256
0	257
0	31
0	22
1	76
1	1
347	217
0	217
0	2
0	2
0	0
0	0
0	0
0	34
32	94
2	92
0	9
0	82
0	6
0	3
0	0
274	186
1	10
0	166
0	178
0	105
1082	3056
0	3021
0	2536
0	2805
0	2042
0	571
0	598
0	638
5	41
0	139
1	428
0	367
1	22
0	21
1	18
0	413
0	308
0	13
4	26
10	427
1	28
0	26
0	30
0	30
0	23
0	23
0	21
0	10
1	23
0	7
4	20
0	96
0	17
1	0
0	90
4	174
1	29
3	0
18	14
1	8
0	6
0	13
0	15
0	2
0	34
691	408
60	353
1	221
6	155
232	8
0	8
0	5
212	90
0	35
2	58
0	22
0	0
409	137
1	137
0	0
0	0
0	1
0	701
0	50
0	0
0	0
1	69
0	53
561	1530
0	1514
1	75
0	1361
0	88
0	322
0	60
1	0
0	0
0	910
1	754
2	757
19	684
0	897
1	214
0	143
21	140
26	228
29	93
1	310
0	305
5	195
0	163
0	145
1	135
1	122
0	1010
0	1086
0	1099
0	587
0	584
0	574
0	504
0	549
0	533
0	603
0	530
0	123
0	488
0	476
0	43
2	19
2	131
0	1076
0	375
0	383
0	57
0	24
0	18
2	23
0	10
0	1
0	0
4	4
0	84
0	18
0	14
0	52
0	42
0	0
1	4
0	4
7	4
0	0
0	3
0	3
0	0
0	1
0	1
0	1734
1	1612
7	1489
1	1609
13	826
0	1325
6	762
6	325
0	239
0	328
6	130
4	35
196	182
2	147
6	44
0	35
0	0
0	0
0	0
0	40
0	658
46	538
3	509
0	511
7	174
5	47
0	0
0	0
0	0
0	0
1	411
12	411
0	225
1	2
0	0
0	2
0	0
0	2
0	0
0	0
0	0
0	0
509	164
0	13
2	60
3	164
0	4
0	500
24	500
0	63
0	23
0	477
0	1
0	0
0	1
0	0
0	0
0	0
40	30
0	15
0	10
0	9
1	1
0	10
1	0
0	0
0	0
1	0
0	16
0	13
0	11
39	127
0	2
1	7
0	6
0	105
1	260
0	632
0	224
12	66
1	16
0	40
11	589
56	24
0	25
0	23
0	2
0	612
0	134
0	155
11	134
0	109
0	54
0	24
0	558
0	150
0	209
6	118
0	221
0	321
13	435
4	105
0	219
0	122
0	119
0	178
3	513
0	240
3	51
0	229
0	113
0	187
0	109
2	57
1	84
0	77
0	4
0	76
0	76
0	17
0	3
0	17
0	15
0	15
0	13
0	28
0	18
0	10
0	5
0	21
1	3
0	19
0	18
0	1
0	76
0	77
0	0
2	0
15	902
0	527
22	1513
0	1051
0	194
9	388
2	317
0	131
11	249
1	173
0	117
0	0
0	1
0	1
0	0
0	5
2	7
0	6
0	0
0	0
0	0
2	1
0	6
0	5
84	264
0	259
0	111
6	95
0	1667
3	1302
4	1203
12	86
1	738
1	676
1	406
1	327
0	239
0	25
1	3
0	6
0	3
1	61
0	57
0	61
0	59
37	5077
280	4891
37	4638
16	4845
0	127
0	5
0	39
0	41
0	32
1	126
0	12
0	48
0	76
0	6
0	47
0	50
0	9
3	5
29	0
0	6
0	146
0	142
4	53
0	13
0	7
5	8
0	8
0	3
0	2
1	0
0	0
0	122
12	119
0	124
0	19
0	110
0	108
0	108
0	4
0	1
0	3
1	6
0	2
0	18
0	2
0	6
0	0
0	0
0	0
0	0
0	0
0	0
23	240
0	243
0	341
0	75
0	34
15	90
1	56
1	35
0	13
0	299
0	221
0	3
0	3
0	3
0	3
0	0
0	0
0	0
0	0
0	0
0	0
0	0
0	0
0	0
0	0
0	0
0	0
0	0
0	0
75	84
0	53
0	84
0	62
0	1327
612	1992
1	1910
3	35
407	179
1	176
3	162
0	6
0	163
0	165
0	15
0	44
0	49
0	9
0	9
0	6
0	11
0	63
0	35
8	162
0	49
1	8
0	50
0	43
0	92
2	150
0	13
0	38
0	7
0	163
7	174
514	543
1	428
0	74
0	543
114	76
0	76
0	19
27	72
420	212
0	19
3	20
18	71
1	19
4	47
0	21
10	2
0	97
614	0
0	0
0	0
0	0
0	73
2	305
0	29
0	204
11	1
0	302
0	27
0	301
1	134
2	32
0	55
0	189
3	1012
3	1078
0	968
0	1027
1	969
0	962
0	1038
0	785
0	69
0	1117
13	224
2	1008
0	811
0	35
0	308
204	0
3223	0
0	54
0	52
23	14
0	15
159	94
0	80
0	24
0	76
55	0
0	7
0	15
7	15
0	8
0	619
13	532
1	2313
0	2335
3	91
0	80
2	85
0	52
0	59
1	44
0	69
0	35
0	68
0	54
45	7
0	2
0	4
0	4
0	2
2	1
1	2
0	2
0	4
1	2
0	0
0	0
0	0
0	0
0	0
0	3
0	1
0	0
0	2
0	0
0	0
0	1
0	1
0	1
0	2
0	501
0	118
0	129
0	168
0	79
0	79
0	0
0	2206
4	1383
0	3261
0	1425
1	242
0	655
0	1163
0	3062
0	1286
0	1229
3	1577
0	465
1	929
0	3158
519	756
0	138
1	650
1	53
0	157
0	84
10	216
1	0
0	0
2	0
1	0
0	0
0	0
0	0
0	0
0	0
0	0
0	863
0	175
0	147
5	799
0	141
0	408
0	126
13	95
0	131
1	108
0	811
0	822
0	257
0	98
0	186
2	95
0	229
2	397
105	731
1	339
17	312
0	3178
0	251
0	3673
0	476
0	262
1	176
0	3184
0	3680
5	537
1	632
1	255
1	433
28	3439
0	395
0	693
0	3268
0	471
0	367
0	464
1	468
0	12
1	0
0	0
0	0
4	686
1	686
0	0
0	0
0	0
0	0
0	0
0	0
0	0
0	0
0	0
0	0
0	0
0	0
0	3079
0	0
584	614
0	598
0	562
0	246
0	67
0	185
0	122
0	79
0	48
7	1
11	14
10	14
3	4
0	4
0	4
0	4
0	2
0	4
2	188
3	206
2	33
13	22
0	20
0	0
0	173
0	0
0	0
0	0
0	0
0	187
0	40
0	837
0	837
6	46
7	34
0	29
0	28
1	4
2	36
0	28
1	323
6	294
0	16
0	313
0	318
100	126
0	302
0	18
2	0
0	0
0	38
0	0
0	0
0	161
0	194
0	167
0	68
18	177
7	155
3	34
0	184
0	185
0	159
1	162
0	117
0	50
0	144
0	93
0	9
0	42
0	177
0	0
277	6
4	6
887	12
1	21
0	14
0	12
0	3
0	6
0	0
0	4
0	0
0	4
516	57
0	49
0	9
0	1
0	0
0	0
1	0
0	0
0	0
0	0
0	0
0	0
0	0
0	0
0	0
0	0
0	0
0	0
1	0
0	475
2	453
12	193
1	130
0	491
0	50
1	30
0	32
0	0
0	56
0	0
1	0
0	0
0	0
0	0
0	0
12	1249
0	1240
3	14
5	3
0	48
2	34
198	228
0	54
0	228
0	398
1	385
0	85
0	279
0	345
0	0
4	326
0	1272
0	793
4	1248
0	319
16	49
4	41
0	9
3	346
1	32
0	60
0	4
3	28
0	31
0	33
0	22
0	19
0	13
0	19
0	2
0	7
0	33
0	91
0	164
0	184
0	2
0	2
0	20
0	2
0	2
0	71
0	81
0	70
2	13
0	78
1	69
0	25
0	63
0	162
0	61
1	58
33	159
3	376
2	14
0	42
0	430
1	86
0	371
0	62
0	76
1	182
12	182
0	77
0	42
0	1035
28	1055
0	200
0	222
6	161
0	125
16	106
0	776
1	315
0	23
0	258
2	252
0	190
0	174
1	171
0	78
0	109
0	109
5	22
0	71
0	64
2	28
0	315
0	3
0	7
0	1
101	0
0	1562
9	1275
0	1561
0	792
5	1286
4	600
0	104
4	1012
4	974
2	180
2	680
0	1206
0	1278
4	0
0	0
0	0
22	159
1	24
0	159
32	1204
2	1213
0	467
7	17
0	39
0	38
0	39
2	206
0	278
0	330
0	320
2	202
0	163
3	163
0	131
0	179
0	178
0	174
0	193
0	168
5	132
0	172
0	140
0	132
0	56
0	0
0	0
0	0
0	0
0	0
0	0
0	0
0	0
13	1089
9	0
0	1233
1	119
0	70
10	1224
0	116
0	129
0	102
9	1070
18	246
1	96
0	884
0	515
1	479
0	411
1	62
0	61
1	68
2	78
0	80
0	28
0	36
0	8
0	1
482	456
26	213
0	89
0	151
0	394
1	37
0	138
4	48
0	51
0	7
0	4
2	5
0	4
0	3
20	451
906	1694
4	1352
1	44
1	343
2	306
0	327
0	106
2	0
0	122
2	88
0	51
1	68
1	64
0	0
0	0
2	421
0	421
2	421
3	18
0	17
2	11
0	1
0	0
0	0
0	0
0	36
0	5
0	4
0	1
1	17
0	5
119	28
0	13
0	6991
0	7689
1	6739
45	6878
0	6719
2	6720
0	6746
1014	6847
132	6832
206	7280
5	6819
47	3725
5	7625
17	4396
3	7575
23	3647
0	3888
78	408
2364	1325
0	1037
1	330
0	187
1	115
0	429
0	422
0	409
1	152
0	139
0	156
0	151
0	133
0	126
1	96
0	44
0	30
1	42
0	35
8	18
0	11
0	4
1	0
0	409
152	381
1	263
1	369
0	368
1	230
1	105
0	83
0	146
0	28
0	62
0	39
0	26
0	10
0	4
0	4
0	8
0	6
0	2
0	1
0	3
0	2
0	2
0	0
2	49
2	90
0	111
0	94
1	8
1	19
0	11
10	7
1	34
0	16
0	28
0	28
1	10
0	111
0	60
545	428
5	137
0	82
0	24
1	18
1	38
1	51
0	60
0	57
1	106
1	265
2	139
0	399
0	491
0	402
0	9
0	41
0	138
0	63
0	50
0	1294
10	78
5	155
0	1293
5	22
61	359
0	1150
2	1111
0	1018
106	753
0	406
0	56
2	637
0	235
19	394
0	394
0	34
1	25
0	189
0	1
0	1
0	1
0	1
0	0
0	0
0	0
0	0
0	1
0	61
14	130
0	612
0	62
0	564
0	114
0	75
1	478
0	87
0	81
0	87
4	56
0	88
0	475
0	560
0	442
0	74
0	65
0	63
0	520
0	562
1	89
0	70
0	4
0	0
3	147
0	41
0	92
0	59
0	0
0	0
0	0
0	0
0	96
2	0
0	20
3	42
0	33
0	582
0	597
0	573
0	1
0	0
0	1
0	1
0	0
0	1
0	0
0	1
0	0
0	1
0	1
1	26
86	94
5	12
1	168
1	168
0	168
3	104
0	40
1	0
0	32
0	0
0	168
315	347
0	63
0	217
2	268
0	235
0	117
0	71
902	427
5	389
1	38
0	0
0	0
0	0
563	5623
7	5483
0	264
26	1266
50	1169
33	452
0	1576
1	787
8	1423
0	2
0	2
1	1
0	16
3	25
0	8
0	7
0	0
0	0
0	0
0	7
0	8
2	33
278	412
3	11
0	73
2	1
0	394
0	355
0	115
2	22
0	86
14	1280
273	1505
2	1505
0	0
0	102
8	155
0	720
0	64
0	103
0	35
0	0
0	0
0	85
0	105
4	136
1	55
0	46
0	0
0	0
0	0
0	0
0	0
0	0
0	2
0	1
0	7
0	1
0	2
0	1
0	2
0	7
1	5
0	2
0	2
0	7
0	2
0	3
1	7
0	2
0	5
0	91
0	20
0	6
0	469
2	467
4	329
1	469
0	13
0	9
0	9
0	9
0	359
1	34
0	93
421	303
4	303
0	111
0	0
0	0
0	0
0	0
0	0
0	0
22	140
0	132
0	15
0	22
0	81
0	10
0	70
0	51
21	24
0	8
1	12
1	142
0	328
0	328
38	321
0	265
1	105
37	71
0	71
0	0
1	2007
1	2024
0	897
9	1134
0	1287
0	1129
0	2024
0	2024
0	201
0	201
0	219
0	211
2	255
16	255
0	42
0	16
27	25
0	56
0	0
0	8
1	8
0	0
0	0
178	2150
0	2146
1	71
16	1462
22	125
0	39
5	615
0	54
2	49
11	201
0	61
0	0
0	0
0	0
0	0
0	0
0	0
0	0
154	444
3	104
3	429
0	8
0	148
8	420
2	321
1	117
0	429
1	411
10	4
0	340
0	225
0	35
0	42
0	26
1	23
0	540
0	897
39	747
0	784
20	422
0	164
2	128
0	173
0	173
0	188
3	91
12	88
0	65
0	868
120	481
4	398
0	439
0	502
0	517
3	478
0	398
0	28
0	100
0	283
0	132
1	117
0	40
1	43
0	39
0	37
3	61
3	36
1	34
0	0
200	24
0	148
0	354
0	399
0	360
0	320
0	397
1	43
0	277
0	436
0	379
0	51
0	354
0	291
0	68
13	177
0	278
0	164
5	292
1	71
10	1
65	192
28	246
1	207
0	0
0	0
0	0
0	0
0	0
811	85
0	58
1057	605
1	517
27	583
0	0
0	151
2	326
21	94
2	99
3	124
6	312
12	797
0	835
0	91
0	96
0	91
0	598
0	122
1	1
1331	1104
12	953
2	809
8	200
9	12
0	5
0	4
0	5
0	2
0	2
0	2
0	2
0	2
17	10
0	8
0	9
0	8
0	8
0	5
0	0
995	15
14	0
137	10
0	10
221	20
222	7778
0	7887
0	7861
5	3094
126	472
2	3207
1	3573
1	5187
1	5555
43	7700
0	140
0	4951
30	348
4399	24
0	0
216	0
0	0
1	0
0	1144
168	1144
0	23
0	26
0	167
0	170
0	165
0	5
0	3
0	3
1	7
0	0
0	21
0	4
0	16
0	168
0	38
0	2
0	67
0	159
0	17
0	88
0	165
0	15
0	171
0	34
0	12
0	59
0	167
0	12
0	16
0	154
1	11
0	0
0	165
0	162
0	58
0	61
0	12
0	0
0	156
0	17
0	73
0	119
0	10
0	5
0	16
0	126
0	132
0	133
1	1
0	0
0	1
0	1
0	0
0	30
0	45
1	45
0	0
0	2
0	0
0	8
1	3
0	3
0	1
0	1
2	88
0	60
5	7
3	276
315	737
1	138
0	271
0	35
0	31
0	62
7	12
1	78
0	335
0	5
143	2188
0	179
0	57
0	317
0	7
0	2183
5	17
3	309
0	68
10	0
0	143
0	203
1	171
90	207
0	35
0	110
0	161
1	19
0	830
0	113
0	145
0	202
16	840
3	376
0	581
0	830
0	180
0	0
0	0
0	0
0	0
0	0
1291	1511
1	150
0	1364
0	536
11	0
0	99
0	38
0	63
0	65
0	70
0	104
0	63
0	18
2	120
0	647
140	650
0	81
0	109
0	18
0	79
0	101
0	33
2	639
2	27
0	233
0	295
0	257
1	612
3	36
0	136
0	0
550	0
4	54
28	69
10	27
2	19
37	18
0	34
7	413
0	102
0	16
1	11
0	12
0	4
0	236
0	413
2	92
77	383
0	11
4	311
0	27
2	0
0	30
0	16
0	9
1	55
0	1
0	21
10	13
16	26
1	16
0	3
2	0
0	0
7	337
5	400
0	476
0	385
0	462
1	226
0	124
0	173
2	204
0	109
0	108
0	82
4	94
0	65
1738	1682
0	81
1	1623
0	170
0	213
2	109
0	104
0	208
0	233
5	84
0	0
111	97
0	96
1	117
0	403
0	396
3	371
0	407
0	222
0	122
0	40
0	14
0	364
0	356
0	364
0	120
3	153
2	58
0	89
2	49
0	0
0	0
0	0
0	0
0	0
0	0
0	0
0	0
0	0
0	0
0	0
0	0
0	0
0	0
0	0
0	0
0	0
2	0
2	20
0	24
4	54
0	16
0	1
0	6
0	25
1108	789
1	694
0	764
2	1
1850	149
1	149
0	25
9	3
0	427
0	425
0	3
0	51
0	266
2	0
1	331
1	264
0	1023
0	728
0	62
0	301
0	1014
2	19
1	104
0	45
0	0
4	1450
934	1470
1403	377
2	366
8	109
1	10
0	0
0	0
0	0
1828	236
0	0
0	0
1	435
1	24
110	464
16	439
5	9
0	0
0	0
0	0
0	0
0	98
1	0
0	253
0	649
1	77
0	39
1	2
0	244
0	72
1	202
0	110
0	27
1	636
0	68
0	460
8	471
0	1
0	640
0	638
1	324
0	1230
5	1012
3	63
0	166
1	353
1	44
0	66
36	1080
2	451
3	19
0	1
0	1
0	1
0	2
0	0
0	0
2	1
0	0
0	0
0	0
1	703
2	248
0	709
4	179
0	12
3	163
0	15
0	9
4	95
0	59
0	17
0	211
1	28
0	2
0	2
0	2
0	2
0	0
0	0
0	0
0	0
0	0
0	0
0	0
0	0
0	0
0	0
0	0
0	0
0	0
0	0
0	22
0	42
0	5
0	16
0	16
0	3
0	39
0	0
0	26
0	11
49	26
0	1668
0	1602
0	93
0	288
5	1059
1	6
0	146
1	113
0	0
0	186
0	92
0	148
0	160
2	71
0	85
2	478
0	0
0	0
0	0
0	1
0	0
0	1
0	1
0	0
0	0
0	0
0	0
0	143
8	20
1	0
4	164
2	24
0	149
0	43
0	15
0	4
0	6
0	5
0	15
0	16
2	0
0	0
0	0
0	0
0	0
0	97
67	102
0	96
0	96
0	27
0	89
3	36
1	21
0	50
1	0
0	0
23	114
0	114
0	75
1	36
0	38
0	12
0	7
0	1
0	0
0	855
1	239
0	853
1	175
0	32
0	83
0	57
0	37
0	79
0	597
0	0
2	14560
0	291
1	251
0	390
1	403
0	106
0	165
0	141
0	97
0	100
0	36
2	51
1	56
1	15
0	0
608	15
27	15
0	0
0	0
0	13
0	9
0	8
0	9
0	8
0	8
0	8
0	10
0	2
0	0
3	2
0	2
0	10
0	12
234	0
365	215
4	95
0	55
4	22
0	87
1	0
0	0
0	0
0	0
92	45
0	38
0	15
0	121
405	0
1	449
0	449
0	18
0	0
4	286
57	323
0	239
2	270
0	144
1	121
2	16
0	100
0	144
0	80
0	0
0	0
5	64
2	26
0	68
4	58
8	58
1	0
5	2
0	0
0	0
0	0
0	0
0	0
0	0
0	0
0	0
0	0
0	0
0	0
0	0
0	0
0	0
0	0
0	0
0	0
0	0
0	0
0	0
0	0
0	0
0	0
0	0
0	0
0	0
0	0
0	0
0	0
0	0
0	0
0	0
0	0
0	0
0	0
44	14
2	14
0	3
5	1519
0	1862
8	1328
0	494
2	336
10	623
0	640
1	988
0	559
0	652
1	840
5	660
4	408
0	0
0	0
0	0
0	0
0	0
18	424
0	235
0	426
4	131
15	38
7	116
0	14
0	18
0	77
14	464
0	17
9	464
0	202
0	0
0	31
0	19
0	0
923	122
0	122
0	13
0	3
1	103
0	5
31	8
0	5
0	5
0	0
3	0
0	0
0	0
0	0
1	27
0	25
0	26
0	3
0	3
0	1
0	0
0	0
0	426
0	379
6	412
5	0
3	278
28	1483
0	17
0	1294
0	47
0	166
0	594
8	42
1	145
0	47
0	1270
0	0
0	0
0	0
400	1979
0	1909
0	689
1	154
14	228
0	817
9	1395
0	814
0	535
0	986
0	82
3	144
0	357
0	0
0	0
0	331
0	315
2	125
0	337
0	15
10	23
0	0
0	0
0	0
0	0
0	0
0	0
0	0
0	0
0	0
0	0
1	5
0	74
0	76
0	75
0	58
0	78
0	78
0	74
0	76
1	0
273	148
3	148
0	214
0	250
0	315
0	2202
1	922
0	1375
2	643
7	91
0	565
22	83
0	714
3	127
7	127
0	308
0	102
3	102
0	3507
0	3458
0	149
1	102
0	265
3	261
0	35
0	263
0	170
24	231
0	412
37	125
60	262
0	795
0	288
8	191
0	240
2	3455
0	0
0	0
0	0
0	0
0	0
148	2528
1	2473
0	2464
1	578
1	280
0	268
4	2902
131	2855
65	2860
0	688
0	468
0	331
16	102
59	79
0	78
1	37
0	10
305	0
3	258
0	260
1	246
1	242
0	74
0	77
0	52
9	23
0	20
0	25
20	1
1	1
202	68
0	24
1	64
1	15
8	3
3	32
0	654
1	653
0	100
2	83
5	315
30	27
1	1
0	27
0	10
36	204
1	137
1	129
7	138
0	741
0	933
1	128
0	45
0	61
0	98
0	56
26	59
2	133
20	36
20	580
0	73
0	63
0	82
0	40
1	13
1	58
1	93
0	853
0	1
0	2
0	2
0	2
9	13770
8	3332
113	13623
0	13580
133	2788
2	0
0	0
0	0
0	0
0	0
0	0
0	0
0	0
0	0
1	0
0	0
0	0
0	0
1	300
0	298
0	297
2	285
0	68
0	131
0	76
0	152
0	165
0	127
0	95
0	94
0	89
2	39
0	38
0	37
0	2
0	0
0	1
0	1
0	0
0	362
1	761
1017	753
2	50
0	0
0	0
0	0
0	0
0	0
0	0
0	0
0	0
0	0
0	0
0	0
68	43
0	43
1	41
11	41
0	14
1	2
1	583
23	583
0	0
15	1523
1	1524
2	163
0	277
0	140
0	81
0	97
0	54
57	1061
0	520
4	476
2	781
8	56
2	34
0	779
3	43
2	139
11	305
1	86
0	50
0	100
0	94
0	76
0	0
0	1437
10	268
0	289
0	162
4	205
0	77
13	88
0	48
89	405
0	405
276	0
0	0
0	0
0	0
0	0
2	260
0	265
8	259
2	251
0	54
1	48
0	262
0	246
0	0
0	2
0	2
0	1
0	2
0	2
0	0
0	1
0	0
30	395
0	395
8	371
22	2748
0	2744
16	382
1	1972
0	94
59	836
1	63
0	1767
2	797
0	212
0	205
0	264
0	163
0	105
0	275
0	445
0	10
12	82
0	63
2	1
0	1
0	1
1	894
0	195
0	958
1	894
10	2
0	2
18	0
0	288
0	131
0	894
0	373
27	374
2	374
4	104
40	406
0	381
10	159
0	83
0	336
0	932
0	0
0	0
0	0
0	0
0	0
1	6
0	129
104	131
2	247
0	175
0	115
0	162
5	228
0	123
5	189
0	89
0	94
0	171
0	249
33	257
0	48
0	206
4	30
1	169
0	180
0	36
0	52
0	170
9	78
0	129
0	80
0	51
0	21
1	12
0	16
0	2
16	12
0	8
1	28
27	284
0	287
0	6
1	253
0	8
2	365
2	285
0	380
3	270
2	195
0	251
0	189
0	168
0	194
0	136
0	55
400	0
0	5
0	5
0	2
0	2
3	55
0	92
0	7
0	12
0	29
0	25
0	20
0	6
0	12
0	0
0	1304
59	1304
1	1298
3	1299
1	1299
0	0
0	816
0	505
0	401
0	191
0	106
0	202
0	227
12	40
0	174
0	206
0	219
8	17
0	123
0	153
0	158
0	136
10	137
1	107
0	74
0	61
0	81
0	108
33	49
0	86
0	63
0	79
2	33
0	770
0	685
0	32
0	0
0	1
0	1
0	0
0	0
0	0
0	0
0	3062
0	2997
3	4276
1	932
0	1212
16	255
0	3062
52	2501
0	4079
0	1474
30	2600
0	3771
13	511
15	435
0	1264
0	1138
7	756
0	1340
9	1395
4	739
1	1282
0	1431
0	1353
0	1462
0	375
0	370
6	748
0	617
0	97
0	474
9	106
0	539
32	413
4	345
1	325
0	320
0	225
0	293
2	223
0	727
0	21
0	167
0	291
0	277
0	288
0	288
1	288
0	11
1	1325
19	1210
0	171
0	226
1	45
0	411
0	331
0	2
4	8
1	8
0	0
51	678
1	678
0	0
0	0
0	0
0	3
0	1
0	3
0	429
1	11
3	6
1	6
0	5
1	0
6	453
7	37
4	8
0	6
2	42
30	358
2	53
6	178
2	152
1	238
0	453
10	0
0	0
0	0
1	0
0	0
0	460
0	56
0	66
3	35
0	420
0	462
0	84
0	89
3	206
0	259
0	13
112	195
3	185
0	10
0	10
0	0
0	7
0	7
0	42
3	292
6	271
0	194
3	117
1	47
1	111
0	212
3	140
21	100
2	96
0	9
0	8
1	308
0	944
1	212
7	939
0	433
1	191
7	894
5	495
0	420
0	187
0	501
1	19
0	25
0	46
32	1552
7	1567
0	183
0	1137
0	876
1	713
1507	2011
21	2034
0	1652
0	803
11	806
50	658
0	478
0	629
0	24
6	100
17	159
12	4
0	150
0	42
0	0
0	0
0	0
0	0
0	36
1	36
0	36
0	11
0	9
0	2
0	14
0	21
0	722
0	8
0	0
0	0
0	0
0	0
5	1360
2	1308
4	1342
2	1351
0	1334
0	1071
0	860
0	730
10	819
3	805
0	737
6	135
3	652
4	126
1	41
11	67
1	44
2	21
0	0
0	8
0	8
0	0
0	0
0	0
0	1332
0	1332
0	0
0	1
0	2
0	0
0	1
0	2
0	0
0	0
0	2
0	0
0	0
0	2
0	1
0	0
220	44
0	45
31	1419
0	510
0	51
9	11
1	11
0	11
0	1
1	4
0	4
0	4
682	0
0	0
4	50
0	0
0	0
43	82
1	74
0	53
1	47
32	0
0	125
7	248
0	264
10	183
0	234
0	239
1	139
1	20
0	41
0	63
100	98
0	68
4	392
0	62
0	54
0	63
0	54
2	447
0	55
0	451
0	17
0	16
0	50
0	4
0	0
0	26
3	5
913	0
0	77
0	3
0	78
2171	0
0	512
1	476
0	53
0	407
0	364
0	2
0	45
2	522
0	464
1	44
3	379
0	59
2	51
0	6
0	47
0	71
1	59
0	0
0	0
2	0
0	0
0	818
0	793
4	457
2	164
0	201
0	182
0	102
0	48
2	60
0	38
3	131
10	72
0	0
0	0
0	0
0	0
0	0
0	0
0	0
0	0
3	525
0	891
26	891
0	67
0	778
0	326
0	333
0	838
0	356
1	380
0	0
1	184
0	61
0	72
0	45
1	54
0	78
0	102
1	64
0	88
0	830
0	0
0	0
0	0
0	0
0	0
0	0
0	0
0	0
3	574
2	574
0	29
5	52
0	129
9	137
0	31
0	74
0	149
0	0
0	0
0	0
0	648
0	648
0	1744
17	6066
1	5096
6	5480
1	4989
5	4742
6	3593
78	2797
0	2175
1	5646
3	4008
233	4008
0	729
0	732
4	251
8	493
0	55
0	16
0	26
0	69
2	56
0	75
0	46
0	91
1	92
0	51
0	39
0	72
0	72
0	77
0	74
0	76
0	70
0	66
0	53
0	60
0	44
1	26
1	10
0	9
0	0
920	563
0	543
0	92
0	7
2	156
2	70
8	152
3	73
0	65
0	0
1	0
0	0
0	0
240	267
0	251
0	223
0	239
0	258
0	272
0	244
0	5
0	244
0	0
0	0
0	0
0	0
0	2
0	2
0	2
0	1
0	0
0	0
0	0
0	0
0	249
0	26
1	226
8	227
1	19
0	0
68	1555
19	1783
0	1681
0	616
3	364
0	309
8	138
0	1643
0	208
0	11
0	245
0	0
0	226
7	159
2	2080
0	2207
0	2459
0	2469
0	2223
1	2463
1	725
1	300
0	496
10	292
2	83
0	335
0	305
0	262
2	114
0	113
0	121
0	135
0	98
0	17
0	2447
1	2442
0	2443
0	2205
990	606
0	606
0	132
0	137
0	136
14	139
0	128
0	137
0	18
0	49
0	13
0	0
0	15
0	10
2	1
0	74
0	75
0	2
0	2
0	0
0	0
0	0
0	0
0	0
0	0
0	0
0	0
0	0
0	0
0	0
0	0
0	0
0	0
0	0
0	0
0	0
0	0
0	0
0	0
0	0
0	0
0	0
12	1483
0	201
31	1321
0	441
4	202
0	162
0	300
113	372
0	60
0	101
0	354
0	12
1	0
2	0
0	55
10	321
1	38
0	48
2	1
0	36
0	1
0	39
0	0
20	81
0	77
0	67
0	66
0	65
0	72
0	30
0	67
0	45
0	58
0	14
0	17
0	17
0	0
0	0
0	0
0	1
0	0
0	1
0	1
0	0
229	211
0	84
2	293
0	583
2	18
63	426
0	115
0	546
0	31
0	31
0	75
0	77
633	184
2	150
5	58
122	57
0	57
807	501
0	166
1	152
1	66
0	163
2	58
1291	0
0	252
6	185
0	158
1	152
0	150
0	250
0	244
0	74
0	177
0	242
0	150
0	17
0	17
1	6
0	2
0	70
0	49
0	147
82	319
29	319
9	13
1134	787
0	237
0	784
1	619
2	62
7	222
0	214
0	176
0	34
0	79
0	306
0	3
1	3
54	25
0	35
0	12
1	18
0	0
0	0
0	25
0	143
2	13
0	145
0	26
0	30
3	42
0	30
0	27
1	12
0	0
0	7
0	3
0	1
716	3228
3	3426
49	2624
0	0
0	219
1	8
197	219
1	60
1	54
2	39
0	2
1	2
727	0
366	259
0	259
0	42
484	169
0	90
7	169
0	0
0	1
0	26
0	0
0	1
0	1
0	26
0	24
0	1
0	3
0	1
0	1
0	0
0	1
0	1
0	1
1	3
0	2
0	0
0	16
0	0
28	143
0	130
7	40
404	183
0	0
0	0
0	0
0	0
0	0
0	0
0	0
0	0
0	0
0	0
0	0
0	2
0	2
0	2
0	15
0	24
0	34
0	34
0	1
0	0
1	1372
0	854
0	580
0	1352
2	150
0	37
0	208
0	28
0	74
0	126
0	118
0	55
0	22
0	1
0	1
3	0
0	0
0	1
0	0
0	0
0	0
0	44
0	0
972	320
0	167
0	161
0	161
0	96
1	90
0	114
1	56
1	70
0	103
0	150
0	72
1	35
3	68
0	96
0	58
0	25
12	116
30	96
2	102
1	16
0	27
1	12
1	11
0	27
1	29
4	16
0	8
1	5
0	3
0	0
26	300
0	51
0	229
5	184
1	116
0	51
1	38
1	48
665	48
0	45
445	534
0	533
0	534
0	0
0	0
0	0
1	3
0	24
121	195
0	4
0	105
0	5
1	2
0	128
0	7
0	4
4	29
0	21
0	203
190	639
0	97
0	639
26	590
0	0
0	859
0	827
5	352
1	0
0	0
0	0
0	0
0	0
0	0
3	667
1	1625
1914	741
0	8
0	11
14	43
3	41
17	39
0	39
0	17
0	10
0	14
0	0
0	0
0	0
0	0
0	0
0	0
0	0
0	0
0	0
0	0
0	0
0	0
0	0
0	0
0	0
0	0
0	0
0	0
0	0
0	0
0	0
0	29
0	166
0	760
2	157
0	733
0	784
0	355
0	699
1	737
0	640
0	763
0	593
0	33
0	708
0	628
0	647
1	763
0	657
0	260
0	713
0	584
0	104
1	31
26	96
48	125
0	96
0	724
60	119
0	119
0	52
0	10
0	11
0	43
1613	173
27	173
877	0
0	0
1	150
43	555
2	493
52	323
0	0
0	1
0	1
0	0
0	0
0	1
0	870
0	834
0	855
0	870
4	845
0	834
0	854
0	844
0	859
0	835
0	814
0	791
0	674
9	453
0	437
0	110
5	94
2	55
0	68
4	36
0	72
0	80
0	73
0	40
0	51
0	51
1	1
338	188
0	188
0	0
0	0
410	218
0	214
0	0
0	178
0	182
0	43
1	56
68	56
0	308
4	308
0	33
0	84
0	92
0	79
0	73
0	86
1	74
0	70
3	32
0	92
0	1004
0	6
0	1312
2	114
0	148
0	941
0	4
0	589
2	62
2	3
6	71
1	7
0	223
0	93
1	147
0	29
0	1286
0	0
0	2
0	1
0	1
0	0
0	0
0	0
0	416
0	581
0	534
1	548
0	350
0	122
13	38
259	0
13	1781
0	111
0	1180
0	683
0	413
6	156
12	434
933	134
0	134
0	673
0	353
0	57
0	124
0	34
0	23
0	0
0	0
518	280
6	260
0	171
0	172
0	44
0	433
0	429
0	492
17	247
0	192
3	122
1	122
0	113
0	134
0	38
0	499
0	0
0	0
0	0
0	0
0	0
0	0
0	0
0	0
0	0
0	116
0	144
1	150
0	137
0	125
0	27
0	8
0	69
0	48
0	60
0	88
0	130
58	94
0	45
4	25
0	19
0	743
0	711
0	426
6	446
4	434
0	281
6	71
0	43
12	58
8	910
5	877
0	88
2	645
4	36
24	675
6	883
0	846
1	495
0	335
0	647
0	465
4	310
0	222
2	186
13	95
0	30
0	29
0	695
3	0
0	0
0	0
0	216
0	117
0	232
0	25
0	69
2	38
0	1
0	18
0	9
0	3
0	3
0	3
0	224
0	227
0	117
0	177
111	807
0	360
5	106
0	602
1	295
26	548
97	1012
2	355
3	777
1	124
2	47
2	0
99	46
2	82
724	928
2	403
0	259
3	615
1	354
112	0
0	41
0	69
15	68
0	46
0	52
0	8
0	3
0	0
0	0
1	100
0	255
0	29
0	69
2	46
4	126
2	279
0	296
0	284
0	301
0	565
17	599
0	188
0	214
0	251
0	102
1	72
0	39
0	27
0	22
0	0
0	4
0	8
0	0
0	0
0	0
0	3
0	2
0	5
0	76
0	527
7	550
22	517
0	547
1	460
0	398
18	372
0	4
1	361
9	348
0	455
86	13
6	13
5	7
19	655
0	135
0	637
0	76
0	79
15	78
0	169
1	167
0	42
49	3
0	3
0	0
0	0
0	0
0	0
0	0
0	0
0	0
0	0
0	0
0	0
3	0
0	0
3	732
13	844
1	79
0	59
20	589
17	51
6	65
0	32
7	125
30	72
2	220
0	21
0	49
0	63
1	171
8	251
4	152
6	198
1	223
0	230
0	59
1	35
0	46
1	4
0	42
1	5
0	47
0	1
0	0
0	0
0	0
0	0
0	0
0	0
0	0
0	0
0	34382
169	29521
1	30975
1	32819
10	26029
0	10563
1	10936
0	9601
11	6450
3	6860
0	2627
1	3044
1	3067
46	3442
120	3638
12	4
3	269
0	215
4	187
7	86
0	218
0	56
0	25
0	10
0	1
0	1
0	2
0	2
0	1
0	1
0	1
2	1
0	0
0	1
0	0
0	1
0	1
1	1
0	1
0	0
0	1
0	0
0	0
0	0
0	0
0	0
952	256
0	153
44	103
6	68
0	1108
0	187
1	1656
0	788
5	704
0	1033
5	169
4	99
0	0
210	241
0	234
2	113
6	4
0	4
0	3
24	350
0	348
0	352
0	47
0	5
0	17
0	1
0	6
0	0
0	0
0	0
0	0
0	9059
0	789
0	10333
2	8877
37	10282
1	10280
0	9005
5	1048
0	0
0	0
0	2539
0	1964
0	1436
0	962
0	2197
6	0
0	0
0	0
0	0
1	0
0	0
0	0
0	287
0	131
0	172
0	75
0	100
1	138
1	43
0	259
0	257
0	3
0	7
0	11
0	34
0	3
0	2
0	33
1	291
0	628
7	634
0	192
1	85
2	24
0	35
0	9
1	101
0	162
1	75
1	157
0	4
0	592
23	132
0	598
0	49
0	105
10	195
0	158
10	0
2	128
0	102
0	285
0	0
0	0
0	46
0	94
1	28
1	11
0	33
0	35
1	11
0	34
0	30
7	16
0	32
0	29
0	31
0	31
0	33
0	3
0	6
0	6
0	6
0	8
0	5
0	5
0	2
1	3
0	3
0	91
0	67
1	393
58	393
125	31
0	31
106	1033
106	1033
0	169
0	157
0	237
6	2
0	1
0	1
0	0
0	0
0	0
0	0
0	0
0	0
0	0
0	0
0	0
0	0
0	0
0	1141
0	1200
0	803
0	1133
0	1105
115	148
1	976
3	221
0	435
1	732
0	82
0	408
0	980
14	653
1	485
0	206
74	1186
2	126
0	386
2	657
0	308
7	371
14	174
11	399
2	180
0	476
0	26
7	120
0	368
0	1141
1	406
0	404
0	389
0	388
0	390
0	358
0	346
0	347
0	334
0	303
0	303
0	49
0	22
0	39
0	33
1	33
0	28
1	28
0	17
0	2
2	2
59	464
0	319
0	372
1	319
0	426
13	18
14	319
0	305
0	322
0	302
0	428
0	291
0	403
0	411
0	319
0	389
2	101
0	346
0	233
0	257
0	267
0	304
0	140
0	110
0	89
0	68
0	40
0	80
0	68
0	0
0	0
0	0
0	507
0	212
5	172
1	436
0	447
0	106
0	41
0	27
0	46
1	44
0	18
0	28
0	0
0	0
0	0
0	0
0	0
0	0
0	0
0	0
0	0
0	0
0	0
0	0
0	0
0	0
0	0
0	0
0	0
0	0
0	0
0	487
0	1562
29	1174
5	394
0	165
1	444
0	135
0	295
6	945
0	1433
0	687
4	737
0	210
0	88
3	88
0	161
0	449
0	449
4	562
0	0
29	580
0	567
0	392
0	379
6	433
4	28
11	165
0	562
0	226
0	448
0	472
0	351
0	99
0	165
0	192
0	161
7	2246
1	2059
0	233
0	1872
0	238
0	19
0	137
0	54
2	169
0	733
0	145
0	104
0	0
0	121
2132	152
25	31
0	430
0	424
0	47
1	45
0	27
0	22
0	27
0	14
3	2
1	5
9	0
0	1307
0	127
0	5
0	231
0	1780
0	1783
0	1715
0	1226
0	294
1	331
2	87
0	230
0	84
0	1560
1373	129
0	129
379	760
1	93
0	8
0	232
0	657
10	142
0	107
1012	927
8	720
6	73
0	546
7	116
0	103
1	89
147	656
0	656
0	0
0	14
0	15
0	14
0	17
0	0
0	0
0	2
264	343
0	306
0	123
2	72
0	20
0	34
2	9
0	31
2	20
3	5
1	0
1	1122
17	1097
1	94
0	1058
0	292
1	695
0	695
4	346
0	346
0	338
57	17
0	338
0	2
0	2
0	0
0	3271
0	3261
0	2908
0	3245
0	3240
0	3243
0	3083
0	3139
0	3141
0	3165
0	3146
0	546
0	3355
0	3212
0	3165
0	3260
0	3245
0	3079
0	3245
0	3243
38	3290
2	2105
0	589
5	595
0	3207
1	328
0	3246
0	3167
1	718
0	2681
0	2901
0	2540
1	88
10	1494
0	10
0	398
0	396
0	22
0	30
0	13
0	25
0	46
0	13
0	24
0	17
1	0
0	267
9	19
5	32
0	32
0	1
0	23
0	279
0	132
0	94
5	32
2	15
0	0
0	279
0	96
1	0
0	0
0	0
0	0
0	1374
0	1093
0	986
0	911
0	867
0	865
0	872
0	603
0	398
0	420
3	143
0	13
533	90
0	90
0	0
15	5
0	2
0	2
0	0
0	1
0	2
0	1
7	92
0	509
0	493
0	491
0	51
0	133
0	37
0	493
7	941
0	254
1	221
0	852
4	330
0	527
3	771
0	114
0	76
0	0
0	0
61	92
0	98
0	37
0	1
0	1
2	3
0	264
1	233
58	253
3	114
0	111
0	29
0	33
0	103
0	1
2	101
0	111
0	111
0	110
0	106
0	110
0	102
0	0
0	0
0	0
0	0
0	0
0	0
0	0
0	0
0	0
434	0
1104	191
2	191
4	250
0	37
1	150
3	147
0	22
1	31
0	20
1	12
0	250
0	182
0	144
4	147
0	122
1	63
0	84
0	145
241	759
17	759
37	149
0	108
0	48
0	20
270	2819
24	2772
2	0
1	861
24	2001
138	1264
0	1948
0	247
0	918
1	351
0	113
0	347
0	80
0	244
4	208
0	189
0	65
9	591
1	587
4	588
0	589
9	9
513	0
0	272
96	272
5	233
149	53
0	17
0	44
2	8
0	0
0	0
0	0
28	378
1	134
0	130
0	275
0	359
8	32
0	85
0	58
0	24
0	22
0	27
0	18
0	19
0	16
0	3
33	37
1	87
9	6
2	61
1	7
0	8
0	144
14	9
0	70
0	9
0	10
0	7
23	76
1	1
1	16
0	96
2	4
0	43
0	134
0	0
0	0
0	0
0	0
0	0
0	0
0	286
0	134
0	337
1	442
0	444
0	538
9	498
4	529
1	337
3	88
0	363
1	531
2	489
0	530
0	462
7	456
0	432
0	358
3	220
0	74
3	88
0	162
0	70
0	135
0	118
379	18
0	18
15	817
0	658
0	817
0	0
0	0
0	0
0	0
2	0
0	0
0	0
0	0
0	0
0	107
0	100
0	68
0	5
0	15
0	0
0	0
0	0
0	0
0	0
0	0
0	0
0	0
0	0
0	0
0	89
0	0
0	0
0	0
0	0
0	0
0	0
0	0
0	0
0	539
1	1614
614	2591
0	65
15	78
12	231
0	417
0	2204
0	1489
0	807
83	894
1	1570
1	1330
5	284
0	556
10	542
9	384
0	2045
1	649
11	672
16	23
2	0
1	1092
2369	1092
1	175
0	94
10	44
68	103
0	96
0	9
1	8
0	165
0	156
0	156
2	97
0	13
0	28
0	16
0	17
0	0
0	0
0	0
0	0
0	0
0	0
0	0
0	0
0	0
12	2
0	2
0	0
1	209
0	351
0	370
0	345
2	28
5	251
0	73
0	262
0	270
2	293
0	11
0	82
0	46
0	36
0	39
4	30
9	6
3	11
6	27
4	41
52	105
0	105
1	8
0	69
4	31
0	31
0	0
522	236
4	93
6	61
0	59
0	59
0	0
0	0
0	876
0	789
3	34
0	253
4	87
0	251
0	137
0	909
0	417
5	124
65	182
0	882
1	147
0	755
1	183
0	70
9	667
0	721
0	41
0	93
4	239
16	662
0	262
262	212
2	135
0	87
0	73
11	51
0	51
2	25
37	277
0	370
0	341
0	110
0	97
0	78
3	80
0	113
1	140
0	102
0	80
2	94
1	58
0	9
796	128
0	128
1	3971
0	3960
2	3960
2	3927
37	23
3	149
0	175
0	340
0	353
2	283
0	252
0	255
6	1
0	68
0	69
0	6
0	1
0	1
2	16
0	18
0	16
0	0
0	0
0	0
0	1
0	1
0	0
0	1
0	3
0	9
0	1
0	0
1	1
1	0
1	3
0	3
0	9
29	1
0	14
0	3
0	13
0	14
0	5
1	2
0	0
0	0
0	0
7	1178
0	116
0	1175
0	57
11	413
0	70
12	930
14	839
5	83
0	49
1	73
0	116
0	85
0	58
0	14
4	24
0	119
42	219
1	12
0	133
0	128
0	109
0	106
0	216
0	217
1	593
0	237
0	159
2	225
18	263
0	264
0	285
1	580
0	285
0	61
17	37
0	2
0	28
0	18
0	30
0	4
0	154
0	68
0	158
0	120
0	105
0	20
0	30
1	17
0	58
0	93
0	30
0	80
0	174
0	52
0	150
0	32
0	17
0	31
2	23
0	1690
0	1692
0	1077
0	895
6	934
0	732
0	714
0	666
0	665
0	550
0	467
0	428
0	415
0	291
0	279
0	1688
1	40
0	9
0	22
0	2
14	40
12	87
4	106
6	65
0	4
2	18
4	12
0	8
2	5
2	18
2	10
0	48
4	4
0	4
0	679
0	708
0	495
0	407
0	249
0	263
1	252
0	224
0	138
0	0
3	66
2	9
0	20
0	25
0	666
56	2251
64	2073
10	1331
0	224
2	162
1	183
319	152
13	81
0	88
0	100
1	61
1	80
0	35
0	54
0	33
13	2192
6	276
0	290
2	2180
0	312
0	409
2	32
5	121
0	2107
0	30
1	98
0	284
1	384
0	384
0	380
0	379
0	384
0	127
0	1
0	1
0	1
0	0
0	384
0	0
0	0
0	0
0	0
0	0
0	0
0	0
0	0
0	0
0	0
0	0
0	0
0	0
0	0
0	0
0	0
0	0
0	0
0	0
695	382
3	95
0	37
3	71
0	73
0	176
0	385
0	385
0	24
0	40
0	114
2	90
8	2787
2	226
231	3371
0	2647
1607	3818
0	439
0	439
1	123
2	205
0	1775
1	629
2	327
0	114
0	705
0	66
11	23
0	23
1	0
0	0
10056	369
5	369
0	0
0	0
0	0
0	0
1	1
0	1
0	229
18	40
13	65
1	224
4	675
0	695
0	237
6	160
0	102
0	91
0	3
0	657
0	615
0	0
1771	382
24	382
1	149
437	95
3	95
0	7
0	9
1	6
1	288
1	14
0	279
118	100
0	5
0	17
0	29
0	41
0	27
0	22
0	36
0	4
0	36
0	30
0	25
0	24
0	16
0	2
0	448
0	411
0	385
1	232
0	384
0	344
3	331
0	326
0	244
0	308
0	51
0	57
0	43
0	15
0	12
0	15
0	180
0	12
0	105
5	114
1	41
2	38
0	58
0	68
0	42
1	1
0	390
11	150
0	182
1	205
58	226
2	150
3	151
0	164
0	121
0	84
2	58
0	72
0	76
0	72
0	194
4	0
14	7
0	7
35	26
8	34
1	20
2	55
0	38
2	20
27	253
4	49
5	246
8	28
0	0
36	19
0	0
0	7
0	9
2	9
0	4
8	5
0	0
1435	21
9	19
9	94
393	982
1	984
1	65
0	13
0	65
0	0
91	656
0	632
0	639
0	624
0	467
0	412
0	338
4	188
1	231
12	176
4	19
0	153
16	140
0	100
0	69
0	99
0	86
0	93
1	72
0	8
0	16
0	617
0	51
2	4
5	265
8	10
13	256
22	176
0	4
1	11
1	15
0	47
0	189
0	16
0	17
0	183
0	166
0	166
0	102
0	106
0	42
3	20
12	465
0	14
4	465
2	98
0	359
17	1041
1	100
1	92
53	1103
0	1107
0	1049
0	986
0	120
3	950
0	157
50	606
0	125
10	2536
0	2459
1	1072
16	2248
0	2543
1	155
1	769
0	88
0	698
0	6
1	0
4	575
0	494
0	425
0	291
1	455
0	23
0	21
1	5
0	1
0	40
0	15
0	78
0	72
0	76
0	1111
0	213
0	269
0	349
0	100
0	38
3	272
3	349
1	231
0	276
0	107
0	1100
292	657
19	574
1	513
0	181
0	7
15	21
1	7
0	13
0	1
1	5
0	4
0	0
1	2
0	1
0	2
0	0
0	0
0	0
0	0
0	0
0	1
0	1
0	1
0	1
0	0
0	0
0	0
0	0
0	1
1	636
0	719
0	689
0	683
12	619
1	612
0	654
1	535
0	602
0	605
0	442
0	447
0	446
1	445
1	375
0	370
0	374
0	324
1	270
1	188
0	0
0	0
0	84
0	17
0	26
0	73
0	92
0	90
0	60
5	71
0	83
0	41
0	32
0	39
1	27
0	28
0	27
453	277
0	91
0	221
1	215
1	55
0	54
3	47
0	42
5	29
0	7
0	0
0	0
0	0
0	0
0	0
0	0
2	890
0	0
0	24
53	1156
0	1067
1	170
0	214
6	555
6	432
2	139
0	40
7	561
0	429
0	446
0	131
4	130
0	81
0	82
0	81
0	59
0	81
0	80
0	39
0	27
0	32
0	16
0	21
0	1555
0	1821
1	169
7	590
2	576
0	505
0	1
0	0
0	0
0	1
0	0
0	1
0	0
0	0
0	0
134	233
0	233
0	24
0	0
0	32
35	108
0	0
0	2
0	2
0	2
0	0
0	0
0	0
0	0
0	0
0	0
0	0
0	0
517	0
0	0
3	388
0	317
0	47
0	171
0	133
0	7
0	353
2	322
0	0
0	0
0	0
0	0
0	0
0	0
0	0
0	0
0	0
0	0
0	0
0	0
0	0
0	0
0	0
0	0
0	0
0	0
0	0
1	543
247	958
51	900
1	292
106	0
18	10
0	270
0	0
0	0
1	27
0	136
0	86
0	81
799	241
7	91
0	83
0	78
0	238
0	71
2	24
0	6
0	6
1	3
0	3
0	3
0	0
239	49
0	42
0	31
21	103
0	101
0	13
1	17
0	453
0	68
1	0
3	10
2	80
0	59
0	39
0	448
29	1372
0	1239
0	485
3	333
0	713
0	11
60	28
1	4
0	7
2	21
7	1
0	7
0	0
0	0
0	0
0	0
0	0
0	0
0	0
0	0
208	130
1	130
7	7
0	53
3	53
0	53
0	36
0	6
0	12
0	53
0	53
2	8
0	3
0	3
0	3
0	2
0	8
0	32
0	58
0	362
1	232
0	48
6	227
0	43
0	11
0	244
0	33
0	342
0	423
1	2298
0	6028
0	2061
0	3405
0	3644
0	207
0	216
0	2305
0	5972
5	2280
0	187
0	3620
0	121
0	117
0	359
0	552
0	1668
0	503
19	290
0	3618
0	76
2	5
0	5
1	53
0	4
0	9
0	0
0	48
0	8
0	8
0	2
2	15
2	10
0	4
2	47
0	650
0	670
4	612
0	637
0	615
0	564
6	128
0	426
0	510
0	72
0	90
1	93
0	64
5	25
0	13
0	639
0	0
0	0
0	0
0	0
0	0
0	0
0	0
19	443
1	47
0	34
2	16
7	179
18	402
0	363
2	166
0	173
13	230
3	401
1	453
0	909
1	839
0	306
2	94
7	33
68	76
0	157
1	19
0	47
3	31
0	64
1	46
0	52
0	3
0	15
1	37
0	43
0	219
0	182
0	10490
0	10146
0	6777
1	6749
364	2041
23	2041
55	973
0	8
6	868
4	252
0	109
0	130
0	84
1	122
0	1
0	55
2	22
40	850
87	60
7	228
0	845
0	349
11	204
0	393
2	369
0	352
0	82
6	377
0	352
8	301
0	211
0	315
2	352
1	377
0	328
0	274
0	135
0	249
0	79
0	233
0	271
2	180
906	406
0	376
5	93
63	120
8	306
2	306
1	69
1	0
0	251
1	140
0	134
23	14
0	199
0	303
0	230
0	312
0	148
0	190
0	145
0	190
0	70
1	42
0	703
0	19
1	9
0	122
8	3
0	1
13	723
1	0
0	736
0	733
0	0
0	0
0	0
0	0
0	0
0	0
0	0
0	0
1	0
0	46
4	277
14	406
167	623
7	636
0	730
2	682
0	595
6	735
0	159
0	38
0	54
1	78
2	114
1	313
0	80
0	40
1	177
0	114
0	12
1	12
0	0
0	1
0	0
99	2332
0	88
0	0
0	73
0	651
0	502
0	1922
0	456
1	71
0	2260
49	0
598	0
2548	1323
5	952
1	621
491	6
592	95
0	0
0	63
0	32
0	0
0	0
0	17
1	17
0	0
0	0
0	0
696	506
85	480
1	195
13	23
320	250
3	197
3	180
0	216
1	170
0	157
1	146
0	321
0	321
0	319
0	200
0	210
4	46
0	61
3	10
0	8
1	0
0	296
0	1
0	0
0	18
6	32
0	24
30	33
0	2
0	19
1	18
0	15
0	2
0	9
0	9
0	8
0	6
0	3
0	0
0	0
0	0
0	0
0	1
0	0
0	0
0	0
0	0
0	0
1	0
0	0
0	0
0	0
0	0
1	0
0	0
0	8
0	0
1	29
0	4
0	13
3	15
0	10
7	1
0	22
29	162
1	99
0	173
0	180
0	183
0	182
0	45
0	17
0	85
0	31
0	31
0	0
0	0
0	49
684	510
0	302
11	252
4	268
1	214
0	251
6	21
0	1
61	118
1	119
2	78
0	92
1	49
1	66
0	31
0	23
0	16
1	15
0	15
1	16
0	72
0	53
10	69
1	5
0	68
0	4
4	15
0	69
112	121
0	121
1	23
0	4
0	1
0	0
0	0
0	0
0	0
0	0
0	0
3	293
24	203
0	221
0	235
0	239
0	37
47	64
2	56
0	36
0	23
1	4
1	612
0	5
0	277
0	583
18	251
0	433
0	614
0	55
4	4
52	294
1	70
0	745
0	555
70	26
1	26
0	7
0	11
0	8
1	6
0	1
0	4
0	0
13	595
0	810
2	68
0	540
0	85
4	131
0	52
1	795
474	0
0	0
0	0
0	0
0	0
0	642
0	631
0	386
0	620
0	0
0	1
0	6
0	0
0	6
0	15
1	20
0	15
0	17
1020	31
0	19
0	18
0	8
0	16
0	10
1	0
0	0
0	0
0	0
0	0
0	263
0	14
5	15
0	4
0	1
0	0
0	0
0	0
0	83
8	2262
0	2443
0	2245
216	1486
0	978
0	859
0	526
0	264
0	0
0	0
0	15
0	5
0	183
0	9
0	75
0	80
0	20
0	172
0	20
0	0
0	0
0	0
0	4
1	4
0	4
0	1
0	2
0	2
0	0
0	0
0	4
2	362
39	1052
2	37
1	960
31	0
0	549
0	81
0	388
0	31
2	0
2	97
0	0
0	0
0	0
0	0
0	0
0	0
0	0
2	0
9	8
0	377
2	12
729	377
17	0
0	0
77	0
5	175
2	178
0	170
9	58
216	507
12	432
19	350
0	323
2	71
0	326
9	21
23	5
11	31
3	38
0	274
243	109
6	96
0	6
0	4
1	13
0	48
4	31
0	15
0	14
10	48
0	50
23	75
0	17
982	764
0	583
0	606
0	404
0	548
3	379
2	192
0	1
0	1
4	273
2	0
0	153
0	13
1	12
0	263
0	264
0	152
1	51
27	970
1	961
0	245
2	69
0	21
0	90
0	7
0	17
0	21
0	130
0	139
0	129
0	135
0	141
0	137
0	132
0	25
0	89
37	146
0	16
0	27
0	95
0	32
3	24
0	40
22	24
0	25
0	35
0	0
1	18
0	0
0	2
2	2
0	2
21	28
3	3
0	15
3	2
0	11
2	15
0	625
0	472
0	52
0	639
0	41
0	291
0	25
0	625
2	541
1	116
0	1790
21	1783
2	1729
0	1473
1	1346
4	170
0	637
0	634
0	92
0	630
0	622
0	642
0	97
1	57
0	647
0	647
45	235
0	33
30	236
0	9
17	42
0	43
175	211
0	513
0	681
6	313
0	196
0	246
1	41
0	181
0	420
2	78
0	421
9	48
2	326
28	0
0	151
0	58
0	21
0	26
0	85
0	0
0	197
0	197
1	16
2	48
1	17
0	61
758	742
0	456
0	258
0	460
0	357
0	719
0	224
22	59
5	3675
6	3071
0	908
3	267
1	2679
1	315
1	1126
1	254
0	1
490	75
0	17
2	11
0	27
0	30
0	38
0	36
0	36
0	280
0	532
0	26
2	152
1	15
0	530
0	16
3	354
0	11
0	524
0	13
6	322
597	1635
2526	2151
22	1086
63	1421
1	520
0	732
117	295
0	108
0	135
0	3
0	9
0	3
0	6
0	12
0	0
0	11
0	11
0	11
0	11
0	9
0	9
0	6
0	4
0	4
0	3
0	2
0	0
0	1
0	1
0	0
0	0
0	0
1	0
0	0
0	0
0	0
0	0
0	0
0	0
0	11
0	11
128	296
8	170
121	141
0	281
0	8
0	35
0	19
2	56
0	835
0	2245
0	1212
0	1153
0	694
0	79
0	79
0	131
0	32
0	32
1	126
7	109
0	2226
2	15
0	15
0	114
0	36
0	23
0	23
4	110
0	22
0	25
0	24
0	8
0	10
0	1247
1	1247
2	417
0	1247
0	0
0	0
0	32
2	78
0	80
1	44
0	78
0	61
0	0
0	0
0	0
0	0
6	4770
2	3463
278	5109
11	269
2	1867
0	1842
6	27
383	52
0	47
0	35
0	28
0	14
0	55
142	277
17	261
0	239
3	51
0	122
2	92
0	96
0	58
134	1207
10	1207
376	1444
0	1335
3	1327
0	1469
14	1388
0	0
0	16
0	13
0	0
0	0
0	85
0	70
0	17
0	64
0	41
0	52
0	77
0	64
0	0
1	89
0	64
0	75
0	69
0	15
0	0
0	0
0	25
0	25
0	14
0	4
0	1
0	4
0	3
0	4
316	92
0	0
1	92
0	0
0	1
0	1
2	1494
953	1494
4	1027
5	4
319	1083
16	1063
12	161
2	239
1	311
0	387
0	69
0	1
0	355
0	178
273	1904
3	621
1	1771
4	1386
8	208
2	159
0	838
17	47
6	25
0	48
0	47
0	0
0	60
51	69
0	879
0	32
1	36
0	517
0	19
0	10
0	492
0	865
0	29
0	253
0	333
1	14
7	94
0	9
306	182
1	49
0	123
0	133
0	104
1	2
349	0
0	6
170	90
0	42
0	4
0	11
0	13
1	35
0	2
67	21
16	21
0	16
53	3
6	3
0	65
0	102
435	178
0	109
0	67
0	77
9	53
1	71
0	15
0	86
0	259
0	81
0	232
5	100
0	296
0	106
0	247
2	169
8	173
0	192
100	146
0	243
0	201
0	227
0	201
0	240
1	190
0	203
0	233
2	54
0	221
0	208
0	204
0	219
0	209
0	157
2	164
0	52
0	153
0	102
0	89
0	0
0	0
0	0
0	0
0	0
0	0
0	0
0	0
1053	0
0	0
0	0
0	0
0	0
0	0
0	0
419	531
1	289
2	136
10	251
11	25
0	857
96	1821
0	658
0	1821
18	518
0	9
0	113
0	128
0	509
0	69
0	29
0	64
1	69
0	0
6	10
0	10
0	3
0	3
0	1
0	0
0	0
0	0
0	0
0	695
0	103
0	703
0	93
1	694
1	73
0	107
81	544
0	77
0	28
1	648
0	96
1	116
0	91
0	144
0	41
35	266
0	802
0	0
0	0
0	150
0	26
4	153
0	151
0	165
0	156
338	630
5	90
0	23
19	143
0	133
0	376
0	50
0	82
0	5
0	56
5	95
0	314
0	3
0	15
0	2
0	6
0	14
0	7
0	5
0	6
0	1
0	1
0	16
610	0
1	1138
1	1
2	1116
1	264
2	249
1	39
0	248
0	318
3	2107
0	2162
1	145
0	8
12	0
3	9
0	11
0	2
0	13
0	13
4	22
0	22
390	406
155	389
8	108
1	66
0	21
0	714
0	692
7	147
1	175
0	629
3	199
0	617
1	140
0	77
0	292
0	196
0	200
1	64
0	146
0	141
8	180
0	38
0	200
0	197
0	97
2	0
3	54
0	0
2	0
0	5
0	13
0	13
0	53
1	52
0	12
0	13
66	77
0	41
0	57
0	35
0	15
11	15
0	15
0	0
0	0
0	4
0	1
0	4
0	1493
2	93
0	88
1	1490
4	40
21	808
0	156
2	0
660	209
3	141
0	20
1	31
0	10
0	31
0	0
0	0
0	0
0	0
0	0
0	0
0	0
0	0
0	1090
37	1046
0	776
1	1045
0	831
0	451
2	15
2	317
0	251
0	174
34	124
1	177
0	228
0	231
8	63
0	127
0	106
0	127
0	99
0	96
0	97
4	118
1	99
0	79
3	31
0	902
0	908
22	0
32	46
5	36
0	5
0	5
0	46
2	5
0	17
0	6
0	6
0	3
0	3
0	1
0	1
0	0
1	0
5	194
1	184
0	187
7	11
0	10
0	0
0	0
0	0
0	0
336	361
0	352
1	14
4	227
9	182
0	20
0	17
2	0
1	212
57	230
0	32
1	171
0	97
1	42
0	109
1	23
4	40
0	79
0	277
0	332
0	163
0	49
0	3
0	0
0	3
0	3
0	0
0	0
0	0
0	0
0	3
33	695
0	17
0	67
3	17
0	45
0	104
17	126
1	155
0	41
1	104
0	236
0	100
0	64
0	119
2	86
1	141
0	119
4	1
10	80
7	623
4	623
0	132
4	100
0	125
1	266
0	275
0	23
11	9
8	274
0	11
0	1308
0	1241
0	1181
0	1312
0	1246
0	1
2	2
0	1
0	2
37	370
0	370
511	1132
4	72
0	319
22	797
0	1033
4	193
9	281
0	569
516	3252
0	144
0	232
0	144
0	353
2	402
9	2780
3	401
0	425
670	0
1325	63
572	279
9	181
0	181
1	98
0	856
10	2516
0	3759
85	4015
26	1526
0	3958
8	2323
6	168
3	1054
1	1053
0	2343
19	2550
0	2085
96	1461
0	119
0	352
0	310
0	173
0	320
0	198
9	116
0	298
5	238
0	156
0	97
0	28
2	97
0	48
1	52
794	314
6	104
1	191
1	111
0	83
0	0
3	1
3	1
0	3
1	3
1	3
824	0
11011	242
3	2
0	2
5	0
0	10
0	10
0	6
0	2
0	143
0	254
1	133
1	30
3	44
0	229
0	0
0	6
0	0
0	6
1	0
0	2
0	1
0	1
0	1
0	1
0	39
0	444
6	11
0	431
37	407
0	354
0	89
30	240
1	53
8	21
0	42
0	342
1092	413
2	0
0	0
0	0
0	6
0	6
0	6
0	6
0	6
0	6
0	6
0	10
0	3
4	10
0	10
0	1
317	25
1	23
0	17
0	139
0	139
0	139
5	129
3	307
205	341
0	305
0	181
0	75
0	86
0	81
0	50
0	56
0	83
0	27
0	47
0	30
5	5
0	5
2	25
3	25
6	12
0	9
3	27
0	10
1	10
1	619
0	640
0	631
2	382
0	312
0	618
8	153
0	231
0	205
338	338
43	13
0	85
7	84
0	5
0	1
0	5
0	5
0	0
0	1
0	0
0	1
4	419
2	274
2	104
3	197
0	294
0	103
0	0
0	0
0	0
238	436
32	335
17	101
0	0
0	0
0	0
0	0
0	2
0	0
0	2
0	2
0	0
0	1
0	0
0	0
0	0
7	810
0	316
0	329
0	246
0	105
0	105
0	24
0	14
0	64
0	51
1	74
10	567
0	498
0	346
0	77
15	63
15	96
0	2233
3	0
355	192
0	144
2	123
0	170
0	94
0	0
0	261
693	392
11	389
15	20
116	289
5	87
40	2
0	0
0	2
0	0
0	0
157	149
0	33
0	30
0	20
0	20
0	57
2	62
0	1
0	22
0	2
0	2
0	67
243	2167
0	340
0	461
1	665
0	447
0	416
3	1776
0	91
0	17
0	197
0	1829
0	418
0	375
0	178
0	1852
1	170
0	463
0	504
0	266
0	404
0	1939
3	1717
7	1501
0	1138
0	1540
1	906
34	1279
13	218
6	101
2	87
1	35
2	529
137	896
0	157
0	232
0	75
0	101
0	202
0	38
0	147
28	156
0	33
0	316
0	25
0	13
0	25
4	69
0	119
0	48
0	26
0	42
0	26
0	12
0	0
0	0
0	311
8	1347
4	79
14	1366
0	25
0	19
15	1
2	13
0	38
1	40
0	2
0	0
2	2470
15	2482
10	2196
0	75
0	929
2	1324
0	138
0	805
1	89
0	169
1	33
1	30
5	29
0	130
2	394
7	379
0	22
0	52
2	30
7	30
0	0
0	0
5	0
1	6
1	48
0	6
0	759
0	993
0	86
0	114
0	98
0	956
0	62
0	996
3	174
0	95
2	6
2	64
1	936
0	52
0	104
8	66
0	82
6	39
1	38
1	27
0	184
0	0
422	69
0	69
0	22
0	688
0	675
0	675
0	292
0	289
0	223
0	88
0	69
0	75
0	42
0	34
0	17
0	12
0	15
1	15
0	4
0	852
0	30
2	847
0	107
1	91
0	70
0	833
1	965
6	1183
0	89
0	92
0	0
3	5
0	5
0	0
0	0
0	0
1	0
0	0
1	195
0	195
0	115
0	328
0	376
1	329
0	173
0	98
4	105
2	89
0	36
0	59
0	60
0	13
0	10
0	0
0	1
0	3
0	0
1	3
1	6
0	1
0	0
0	3
0	1
1	1
0	0
90	141
0	39
0	126
0	59
1	32
0	19
1	0
0	0
0	0
0	0
0	0
0	0
0	0
0	0
111	61
257	0
124	312
1	331
0	315
2	333
0	312
0	28
0	163
9	64
18	18
0	771
1	755
2	583
1	254
3	221
0	170
1	40
0	140
0	129
4	0
12	0
1	69
0	166
0	156
0	128
0	122
0	115
0	64
0	39
18	1848
1	1848
0	158
0	13
2	5
0	13
6	139
4	135
0	13
2	640
0	29
0	150
0	39
0	204
15	667
0	23
0	189
0	179
1	232
3	100
0	856
0	626
0	830
0	144
0	181
0	349
0	210
0	182
21	273
0	397
0	296
0	109
0	145
0	232
1	74
0	145
7	110
0	104
1	638
0	15
0	2
1	8
0	15
0	2
0	5
0	3
2	0
0	2
1	1
1	12
1	3
0	0
0	393
0	357
1	23
1	41
0	74
1	340
1	152
0	433
1	57
0	51
0	18
0	51
0	46
3	40
0	76
0	65
4	88
1	0
0	286
0	330
21	112
9	112
29	24
0	15
3	31
1	31
0	7
129	3027
1	2572
4	498
434	2730
0	965
0	758
1	212
6	2318
1	246
1	782
0	1823
0	130
0	53
0	2
0	51
0	31
0	53
0	53
0	2
0	2
0	42
0	13
1	6
0	31
243	655
5	561
0	671
3	116
2	29
0	108
0	561
694	489
4	489
0	172
0	109
0	1
0	1
1	0
0	1
0	1
0	1
0	0
0	0
0	0
0	0
0	0
0	1
0	1
0	1
0	462
0	457
0	83
0	96
0	110
2	98
0	56
0	58
0	52
0	60
0	51
0	53
0	52
0	45
0	42
0	47
8	18
0	22
1	198
0	569
0	147
0	498
0	544
1	339
5	44
0	88
0	272
0	368
0	355
0	539
0	36
0	0
0	28
0	151
1	341
0	120
0	24
0	218
0	50
9	40
2	126
2	60
0	28
255	886
9	702
0	495
0	312
0	75
0	67
5	232
2	78
0	227
0	32
0	1
0	1
0	77
78	183
0	142
1	5
0	5
0	3
0	1339
0	1427
0	110
25	1358
0	1333
30	1180
11	97
6	115
4	111
63	509
0	0
0	0
0	0
0	0
0	0
0	0
0	0
0	0
0	2
0	0
13	3
0	0
0	1
5	754
116	754
11	463
13	464
7	203
0	503
7	27
2	189
0	181
0	60
0	60
3	65
13	37
3	18
0	491
572	0
4	393
23	393
4	22
0	50
0	393
417	904
0	246
3	689
1	88
1	355
0	3
0	1
0	4
0	2
0	2
0	2
0	1
0	0
0	0
0	0
0	0
0	0
0	0
0	0
0	0
0	2481
0	290
0	162
0	162
61	26
0	2409
1	2287
0	0
0	0
0	0
0	625
0	0
3	430
0	323
1	387
0	347
0	327
4	72
0	74
0	62
0	51
0	50
0	50
0	50
0	47
1	8
1	0
3	0
69	621
1	579
607	567
6	302
2	405
1	303
0	235
1	191
0	169
6	70
0	2
0	1
0	1
0	2
0	2
0	0
0	0
0	0
0	0
0	0
0	0
0	0
0	0
0	1
0	1
0	0
0	1
0	0
0	0
0	0
0	0
0	0
0	0
135	0
19	67
0	46
1	63
8	1
0	46
1	47
0	42
12	28
8	8
1	173
0	101
1	237
2	308
237	594
0	425
0	65
0	52
0	67
0	328
0	30
769	416
5	106
0	372
1	336
4	82
4	71
0	39
0	68
9	126
0	126
0	84
0	49
0	39
0	32
0	27
0	27
0	23
0	4
0	6
0	6
0	2
0	1
0	81
0	297
18	225
0	169
0	161
1	39
0	1080
764	1091
0	1090
1	776
0	1094
226	0
0	49
0	34
0	44
0	335
0	49
0	25
0	66
0	32
0	32
1	23
0	20
0	29
0	330
648	132
1	69
1	63
4	2
0	2
3605	0
0	466
3	5041
0	5305
0	5610
0	1637
5	5041
0	5604
727	0
0	677
0	680
1	143
1	92
1	696
0	1377
0	1347
16	134
0	72
0	124
1	1358
8	1354
2	0
0	0
0	0
0	0
0	0
9	112
0	40
5	197
0	40
0	110
2	3
2	1
16	35
1112	45
0	45
32	9
145	54
0	54
1	0
1	173
0	208
0	214
0	126
0	6
0	230
0	132
256	12
3	2
2	10
38	50
0	4
1	20
65	104
1	59
2	52
0	1
3	0
1	1
1	2
2	1
0	2
1	0
0	0
0	0
5	290
4	256
4	127
0	244
0	101
3	468
0	377
0	156
1	341
0	860
0	686
0	160
0	359
0	60
0	343
0	958
0	473
0	53
0	733
0	158
0	26
3	359
0	171
0	448
0	540
0	439
2	0
6	86
4	429
0	860
0	842
0	36
0	2
0	2
0	2
8	24814
0	24879
1	5995
0	7094
1	49
0	176
0	136
115	213
0	158
10	126
0	42
0	37
28	856
8	232
4	815
0	267
7	442
3	68
0	715
5	277
0	1254
79	1285
49	1115
35	1115
26	3
0	272
0	202
3	112
0	18
2	48
5	59
0	167
0	4
13	1
0	0
1	0
0	0
0	22
3	982
0	13
0	914
6	901
0	103
1	81
0	901
0	982
1	13
0	131
0	142
1	133
1	18
0	16
2	14
0	103
3	4582
2	0
0	0
2	10
268	29
1	29
4	423
0	100
2	351
0	71
0	88
0	219
0	290
0	36
0	120
15	337
1	117
0	342
0	97
0	401
0	34
0	73
1	0
0	244
0	174
0	182
0	160
0	73
0	65
0	16
0	11
4	2
1	0
0	392
28	263
0	263
7	19
1	203
1	0
0	18
0	25
1	1
0	12
0	12
1	3
0	3
0	0
0	0
0	0
1	0
0	0
0	0
1	377
0	786
0	1105
6	983
0	641
0	1069
1	712
1	1077
0	94
4	126
0	1030
0	358
4	1029
1	806
0	1107
0	940
0	335
0	259
3	277
2	530
1	159
0	1
0	1
0	1
0	0
0	0
0	0
0	0
0	0
0	0
0	0
0	0
0	1
4	294
3	292
0	18
0	127
599	0
0	690
61	2770
0	1118
0	693
0	3238
1	495
0	432
5	336
0	0
0	0
1847	1400
0	1097
0	1180
0	470
0	249
4	532
3	337
10	160
0	82
2	189
2	189
0	0
0	0
0	0
0	17
0	0
0	132
0	132
0	27
0	20
0	0
1	14
0	133
0	132
0	25
0	133
403	78
9	15
8	2
17	63
85	1994
10077	2302
0	896
0	1201
5	628
31	308
140	4264
83	1604
0	3551
50	57
31	776
1	4126
16	788
0	1003
83	11
1	10
0	0
1	14
0	14
0	14
0	1
0	10
0	15
0	3
0	2
0	9
0	0
0	0
0	1
0	0
0	1
1	527
0	276
0	261
0	116
1	188
0	543
1	101
0	10
0	9
1	825
13	836
3	121
0	80
0	783
0	836
11	669
349	716
6	479
0	515
2	89
0	7
0	155
0	2
0	3
0	4
0	151
0	106
0	12
0	7
0	11
0	10
0	14
0	0
0	10
0	5
0	22
1	5
0	150
0	0
0	1017
35	940
6	940
4	998
16	226
1	80
0	0
0	0
0	230
0	1251
0	435
27	27
4	795
3	370
170	582
13	248
0	1082
0	5
2	22
0	20
0	0
0	11
33	1511
9	3095
4	1507
14	136
1	243
0	251
0	127
0	286
0	990
0	937
10	7
14	52
0	83
0	28
0	965
0	942
0	981
0	913
137	0
0	51
3	216
0	93
0	122
44	208
11	0
1	18
3	121
0	51
1	66
0	5
0	5
0	5
0	120
0	4
20	42
0	65
0	25
1	6
0	9
0	9
1	19
0	8
0	5
0	6
0	216
0	842
0	836
0	199
10	17
0	33
0	92
0	98
0	968
0	481
0	965
2	411
0	381
49	263
0	957
0	193
1	391
0	391
2	322
0	647
1	433
5	462
0	251
0	274
3	289
0	562
0	4
0	4
0	1
0	0
0	0
0	0
0	0
0	0
0	0
0	282
0	287
0	289
1	287
0	1
89	101
1	60
0	103
3	5
48	13
0	0
0	0
0	0
0	0
0	0
0	0
0	0
1	15
1	9
1	14
0	10
52	9
63	0
14	0
0	5
0	2
0	6
193	79
12	50
3	38
0	10
60	2070
0	1272
0	994
0	879
0	203
1	0
0	194
0	96
0	144
0	70
0	1995
0	770
646	494
5	358
1	136
1	706
0	826
0	717
28	827
0	837
0	680
0	165
0	211
0	325
0	854
31	89
0	8
3	7
0	78
2	403
0	215
0	364
0	71
0	0
0	1
0	0
0	0
0	276
0	276
1	270
19	180
25	134
1	91
0	157
0	160
31	82
9	12
0	189
27	130
9	4714
56	2085
10	56
0	4328
1998	1208
0	1173
8	1208
15	880
8	665
14	60
2	371
1	132
0	102
0	7
0	629
145	0
0	0
0	0
0	0
0	0
0	0
0	0
0	0
0	0
0	0
0	104
232	302
13	270
0	248
0	258
7	7
0	247
0	41
0	27
0	31
0	65
0	28
2	24852
30	25193
1	7
8	709
1	133
3	21
0	715
0	3
0	317
1	38
61	527
14	527
264	117
1	311
0	152
0	85
0	37
0	225
0	171
4	58
0	303
0	284
0	240
0	179
0	138
0	4
0	207
0	279
1	103
4	16
1	25
3	85
4	231
0	0
0	0
0	0
0	0
0	0
0	0
0	0
0	0
0	0
0	0
0	0
0	0
0	0
0	0
0	0
0	0
0	0
0	0
0	0
0	0
0	0
0	0
0	0
0	0
0	0
0	0
0	0
0	0
0	0
50	327
7	22
4	236
7	307
1	23
56	754
1	554
0	688
0	690
0	194
0	216
0	108
0	55
0	110
3	60
0	59
0	57
2	108
90	101
13	33
0	53
11	44
0	81
0	49
0	38
2	4
2	3
0	0
0	11
9	40
25	8
17	29
0	1
0	1
0	0
0	1
0	0
0	0
0	0
0	3
0	2
0	3
0	3
0	0
0	3
0	3
0	2
0	1
0	0
0	0
0	2
0	2
0	3
0	4
8	21
1698	1416
1	182
0	958
2	698
31	986
0	542
0	0
0	0
0	0
0	4
21	4
0	1840
0	1141
5	71
0	76
17	9
0	54
0	64
0	16
0	61
0	17
0	1350
0	71
0	37
27	21
0	1329
0	242
0	1031
0	169
1	88
0	65
3	87
0	82
0	151
0	1335
0	1198
0	997
0	140
0	0
0	0
0	0
0	0
0	0
0	0
0	0
0	0
459	56
0	28
0	28
0	30
3	11
0	28
4	980
0	1216
11	768
4	147
6	801
13	421
0	760
184	1815
8	883
4	1790
0	1488
7	340
2	117
0	84
0	256
1	76
0	167
7	76
1	51
3	28
186	535
0	413
44	70
0	501
1	59
0	117
0	55
0	56
2	32
0	0
0	0
0	0
0	257
1148	3246
4	205
1	1280
0	3110
1	2876
0	246
2	147
3	99
62	0
3	0
0	0
0	0
0	0
0	205
0	20
2	0
0	185
0	205
0	8
0	34
0	35
0	18
1	26
0	263
0	266
0	130
0	125
0	14
0	134
0	0
0	2
0	134
0	7
0	0
0	4
0	5
0	4
0	0
0	6
0	23
0	89
0	60
0	85
0	95
0	89
0	62
0	32
1	2
33	8
1	6
0	114
1	32
0	5
0	0
1	48
0	113
10	2703
1	357
0	534
1	335
0	535
0	463
1	206
2	165
11	82
7	159
0	157
0	99
1	154
0	90
7	142
0	61
4	281
0	10
5	188
2	281
10	332
0	364
0	1
0	0
0	1
0	0
0	0
0	0
0	1
0	0
0	1
0	0
0	0
0	1
535	54
3	38
0	6
0	1
0	11
0	2
0	27
0	4
0	4
0	3
0	2
0	0
1	2
0	27
0	10
0	59
0	492
18	39
0	49
6	10
0	492
1	486
0	490
8	158
0	168
0	97
0	105
0	59
0	43
0	54
0	65
13	96
91	125
10	31
1	82
0	27
1	42
0	23
0	41
0	30
0	32
0	44
0	879
0	88
1	269
0	232
0	240
0	334
0	286
4	274
0	25
0	286
1	93
0	34
0	0
0	0
0	0
577	1080
0	490
4	935
0	210
0	262
2	281
1	53
0	125
0	115
1	253
2	149
2	81
61	409
0	151
0	26
0	3
0	3
0	53
0	8
0	33
0	0
0	33
0	99
0	8
0	0
0	55
0	6
0	6
0	101
0	5
0	1
0	5
0	2
0	1
0	0
0	0
0	28
1	0
0	1
0	26
0	0
0	0
0	2
1	0
0	0
0	16
0	28
0	0
0	12
0	26
0	28
0	0
0	28
0	94
0	92
0	13
0	0
0	333
0	798
0	22
4	307
0	554
0	319
90	155
2	241
0	610
0	357
1	253
0	212
11	375
0	13
8	320
0	508
0	59
0	509
0	518
0	37
1	344
35	498
0	891
0	892
0	801
2	49
4	54
0	96
4	11
0	82
0	20
0	6
16	0
7	0
0	821
0	144
34	1683
0	967
3	1399
2	150
0	1
0	1597
1	1586
4	68
0	143
0	1281
1	505
0	977
0	995
0	319
1	104
0	0
87	649
1	642
1	74
2	69
0	61
0	42
0	24
0	100
9	100
1	100
0	19
0	6
0	0
0	1454
0	1463
1	6
0	20
0	1121
0	494
8	456
2	169
0	49
0	39
0	520
1	498
0	230
0	5
0	16
0	16
0	250
0	15
0	34
0	11
0	12
0	88
0	14
0	3
0	8
0	6
0	9
0	9
0	16
0	3
0	10
0	8
9	4
2	5
0	3
0	14
0	15
0	87
0	0
73	480
0	422
0	418
3	0
0	138
157	138
0	881
0	640
0	105
0	756
10	13
0	686
0	879
0	604
0	0
0	743
0	0
0	743
0	4
0	0
0	51
0	743
0	20
0	10
1	10
0	863
0	743
0	0
0	40
0	0
0	0
0	647
0	659
0	659
0	732
12	202
0	702
0	714
0	66
0	732
0	92
0	658
0	131
0	68
0	36
2	4
0	714
0	674
0	702
1	602
0	686
0	106
0	109
2	423
0	18
0	152
0	621
1	434
0	45
0	372
0	42
0	245
4	232
2	63
3	99
0	167
0	151
0	75
0	127
0	127
0	132
0	58
0	31
0	60
0	66
0	9
8	23
0	31
0	3
0	10
37	75
0	163
0	82
2	119
0	137
0	77
0	82
0	145
0	178
0	145
0	102
0	46
0	56
0	116
0	40
0	43
0	35
0	41
0	23
0	19
1	12
0	39
0	36
1	26
0	36
0	34
0	29
0	26
0	29
0	20
1	26
0	23
0	23
0	17
0	17
0	0
0	44
0	786
0	5
0	788
0	154
0	378
0	349
5	388
0	373
0	374
0	343
5	339
0	355
0	35
2	97
45	68
0	44
0	40
5	8
0	0
0	115
0	22
6	76
0	73
0	110
0	111
0	108
0	21
1	38
0	5
1	18
3	10
0	1
0	1
0	1
0	1
0	0
0	1
801	21
0	21
2	0
2	500
1095	509
5	307
1	121
1	119
921	229
6	36
10	82
0	210
0	0
0	0
0	0
0	0
0	162
0	196
0	191
0	141
0	123
0	12
0	42
0	60
1	5
0	116
0	14
0	21
0	11
0	14
1	16
0	2
0	35
0	60
0	14
0	15
0	58
0	40
0	50
0	19
0	20
0	28
0	30
0	20
0	27
0	15
0	11
0	13
0	18
0	19
1	9
0	10
0	13
0	13
0	10
0	13
0	13
0	18
0	13
0	20
0	16
0	14
0	9
0	17
0	11
0	8
0	12
0	9
0	9
0	8
0	12
0	12
0	6
0	0
0	1
0	0
0	56
1	12
0	2
0	12
0	4
0	4
1	4
0	1
0	0
0	3
0	0
0	0
0	0
0	0
0	0
0	0
0	0
0	0
1	242
16	192
2	193
0	194
4	191
0	0
1643	1
0	1170
0	987
0	0
1	46
1051	48
0	80
5	99
0	8
0	72
1165	0
53	1868
0	500
2	144
0	28
0	1872
0	117
0	141
0	152
0	150
0	155
0	147
9	133
2	20
6	46
1	14
1	17
10	12
0	21
0	21
0	20
0	24
6	77
0	148
1	110
0	109
5	19
3	19
0	41
0	108
0	23
9	84
0	25
0	0
0	1
0	3
0	3
0	2
0	263
0	79
1	171
0	45
0	75
0	240
0	152
0	119
0	95
0	65
0	15
0	27
3	137
411	997
0	863
6	744
10	671
5	542
0	192
0	35
299	396
22	64
2	335
0	66
0	124
0	242
0	775
122	210
109	196
0	418
1	179
1	744
8	341
65	560
1	0
0	0
0	140
0	137
0	141
0	135
0	147
0	68
0	77
0	65
6	16
0	49
0	49
0	15
0	33
0	18
0	15
0	14
0	66
0	1796
4	677
0	1700
0	522
21	1645
0	538
2	1443
0	1464
4	361
0	1713
5	1686
0	521
0	170
7	440
7	240
0	162
0	109
0	141
7	331
3	187
1	253
0	277
7	97
13	176
6	133
35	34
18	43
9	92
3	160
11	296
67	54
4	9
2	183
20	145
0	65
0	179
1	4
0	18
0	18
0	14
0	15
0	16
0	16
0	5
0	14
0	3
0	11
0	5
0	1
0	0
0	1
9	40
2	44
5	336
4	1
0	331
1	310
0	306
0	180
0	330
0	66
2	29
0	35
0	51
3	20
1	21
0	95
5	123
0	165
0	223
0	330
0	0
0	0
0	0
0	0
0	0
0	0
0	0
0	754
133	5315
0	237
0	597
1	5078
0	702
0	690
0	642
0	26
0	30
0	774
0	0
0	28
0	30
0	31
0	38
1	15
0	49
0	41
0	25
2	31
0	784
0	58
1	0
3	226
0	41
0	215
0	775
0	14
0	34
0	58
13	174
0	198
1	26
2	90
1	42
0	121
3	22
456	125
0	122
0	55
0	58
1	14
0	14
0	5
0	4
0	1
49	692
0	691
0	332
0	171
0	119
3	22
0	22
5	154
0	153
0	381
0	363
30	21
0	307
0	22
0	29
43	291
23	300
82	9
11	940
0	95
0	766
0	8
1	942
0	22
0	27
0	29
1	28
0	2
0	2
0	0
0	25
126	34
1	26
87	184
0	37
4	166
0	9
0	14
0	13
0	12
1189	0
460	0
0	0
0	0
0	46
75	59
0	1111
0	1101
3	1101
13	666
0	704
0	102
1	21
3138	0
0	67
0	93
11	2809
0	2381
15	1136
0	100
0	1947
1	1638
1	49
0	110
1	112
0	22
0	25
6	16
0	111
0	334
2	14
2	55
1	136
0	972
5	91
1	50
1	103
2	218
0	366
0	401
0	301
0	401
0	360
0	130
8	148
0	170
1	418
0	402
0	397
3	148
0	115
0	89
0	90
2	154
5	274
0	275
6	131
0	73
0	46
1	120
0	41
0	483
0	86
0	493
0	330
0	96
0	341
0	372
0	340
0	65
0	54
0	36
0	37
0	115
1	43
0	112
0	93
0	458
0	448
12	89
0	27
0	22
0	15
0	89
1	1
0	1
0	1
0	1
0	0
0	0
0	0
0	0
0	0
0	0
0	1023
0	1036
0	860
1	406
1	80
0	45
2	1005
0	66
0	183
0	789
2	656
1	29
0	64
0	789
0	77
0	288
0	3
0	634
0	0
1	90
0	79
1	85
0	111
0	107
0	0
0	48
1	42
1	15
0	95
0	789
0	634
0	390
1	387
0	385
0	20
13	594
0	564
0	545
0	31
0	43
1	460
6	32
5	8
3	32
0	584
0	0
0	0
0	0
0	0
0	550
0	541
0	265
1	367
16	123
0	21
0	18
0	18
0	0
0	0
0	0
0	2
0	1
0	6
0	0
0	125
0	189
7	841
0	851
0	801
3	752
2	139
0	136
0	150
20	854
8	815
0	803
0	748
1	798
29	562
0	0
1	2077
0	264
2	288
0	397
1	605
0	1750
34	998
0	365
0	930
0	910
0	871
0	851
0	871
0	851
94	712
1	815
2	863
0	95
0	112
0	784
0	745
1	42
0	742
0	38
0	75
0	93
0	10
0	43
11	0
2	1
0	101
0	46
0	2
28	314
0	641
0	486
0	166
0	279
0	13
1	14
0	14
1	14
0	0
0	14
0	0
9	0
0	0
51	311
1	219
1	125
6	203
1	191
67	608
3	224
0	150
4	459
7	216
7	135
0	3
0	22
0	3
1	19
0	3
0	13
0	12
0	12
0	2
0	3
0	3
1	0
0	20
0	73
0	71
1	2
0	780
1	7
0	649
0	756
0	351
0	11
0	0
0	42
0	664
0	1340
6	1307
0	1309
0	1213
0	1311
1	49
0	334
0	349
0	241
0	4
30	4
42	0
0	51
0	1892
13	756
0	927
0	780
0	241
0	241
0	196
2	196
0	142
0	50
0	533
0	292
0	379
0	177
0	115
0	51
0	1434
0	1896
16	373
0	2
29	380
0	28
0	10
0	3
2	140
0	9
0	28
65	159
12	180
0	326
36	247
0	349
1	295
7	149
0	93
0	97
0	72
0	93
2	57
0	83
0	43
0	91
0	352
0	249
0	1
1	0
0	0
0	2
47	122
0	122
2	119
0	36
0	22
0	30
11	92
0	0
0	0
0	0
5	24
141	226
1	3
0	19
1	0
1	2
3	204
0	2190
11	2123
0	2196
0	1631
0	271
19	607
1	543
5	264
0	614
0	1589
1	443
0	268
2	230
68	558
25	519
43	165
53	168
0	206
9	156
0	2148
25	1564
1	1564
10	204
0	613
20	107
8	205
5	53
0	0
0	0
0	0
0	0
0	0
0	0
0	0
0	0
0	0
0	0
0	0
0	0
0	0
1	0
0	0
0	0
0	0
4	513
11	518
18	499
3	1
0	0
0	0
2	1
0	0
0	0
0	0
0	0
451	934
0	738
0	868
3	194
0	289
1	927
6	223
0	648
0	3
0	12
0	3
0	2
0	0
0	4
0	12
0	5
0	12
0	11
0	2
1	11
0	1
0	0
5	10
1	12
0	6
0	2
1	0
1	2
9	201
0	895
3	460
0	618
2	639
13	922
0	72
0	39
0	102
0	147
0	127
11	165
9	89
1	84
0	27
0	18
1	19
0	18
0	8
0	5
0	3
0	3
0	1
1	1
0	2
0	1
0	3
1	3
0	0
0	0
0	0
0	0
0	0
0	0
0	0
0	0
0	0
0	0
0	0
0	0
0	0
0	0
0	0
0	0
0	258
0	21
0	267
0	261
0	260
1	275
0	276
1	285
0	284
0	239
1	16
0	287
0	276
0	261
0	291
0	17
0	273
0	246
0	242
0	40
0	214
4	125
0	26
0	15
0	12
0	14
0	17
2	0
2	78
357	10
5	0
0	10
0	0
0	0
0	0
0	0
0	0
0	0
0	0
0	0
0	0
0	0
0	0
0	0
0	671
2	672
0	223
1	26
0	690
0	25
0	29
0	29
0	469
0	493
0	9
0	33
0	28
1	45
0	5
0	11
0	30
0	672
0	651
1	219
0	163
0	1093
0	1090
0	1034
0	0
0	0
327	1095
2	1061
9	1082
6	26
0	63
0	45
3	18
25	93
1	73
0	59
7	5
2	5
31	17
98	80
2	79
0	0
0	262
0	262
0	164
0	45
0	34
3	47
0	39
0	37
1	33
1	35
2	20
65	17
4	6
1	12
0	138
292	170
0	137
0	138
2	75
0	51
0	12
0	134
1	9
0	102
0	217
0	817
0	0
0	230
1	112
0	116
0	165
1	4
0	157
0	114
0	182
0	155
2	27
2	119
0	123
0	189
0	727
0	14
0	14
0	57
0	41
0	473
430	517
0	277
0	49
1	24
311	449
0	19
5	171
0	150
0	318
4	298
0	316
0	186
2	104
1	88
0	514
0	349
0	49
0	1634
0	1471
13	756
0	304
1	303
33	305
0	1351
0	771
1	298
0	1049
0	700
0	927
3	258
1	502
5	324
8	6
0	227
1	414
2	141
9	421
0	202
0	99
11	219
0	219
0	215
0	84
27	52
0	93
833	697
0	84
0	659
0	676
0	678
8	514
19	0
0	381
0	133
0	176
0	470
0	174
0	384
0	131
3	80
0	490
0	0
0	0
477	2116
0	49
3	752
12	619
4	175
0	895
0	541
46	110
0	86
2	109
4	28
0	3
1	14
0	5
0	1
0	5
1	0
0	1
0	61
1	183
21	351
2	355
8	351
0	34
2	4
0	9
0	507
0	206
0	70
2	24
0	53
2	13
0	15
0	35
0	39
0	263
1	293
40	314
0	24
0	14
0	40
0	44
0	5
0	54
2	52
0	42
0	32
9	28
0	26
0	20
0	20
0	20
5	180
0	7
0	34
1	793
0	284
0	86
0	3
0	45
0	7
0	84
0	212
0	55
0	102
1	175
0	793
0	93
1	213
0	130
81	210
0	16
0	1
1	0
0	83
1	83
0	3
1232	212
280	749
0	750
2	81
36	195
1	191
0	383
0	40
0	106
0	8
0	382
2279	3653
902	4048
0	3091
1	230
0	389
0	301
0	360
0	400
1	174
0	134
1	310
1284	257
1	68
5	9
0	98
1	157
4	55
0	2317
0	2296
0	781
0	193
0	70
0	90
0	84
0	42
0	28
27	1960
0	2417
0	969
0	728
29	173
1	190
0	141
0	156
2	17
1	30
1	33
4	13
1	6
1	125
0	1653
4	1532
0	319
12	496
30	329
0	229
0	175
980	79
0	76
261	4323
5	4147
7	2649
6	253
7	229
5	56
0	381
2	686
5	307
5	365
0	644
0	288
2	232
0	1127
0	276
0	267
0	200
0	166
0	32
95	154
10	150
1	14
0	121
0	51
5	3
15	74
0	16
0	60
10	37
19	0
0	45
1	44
4	33
13	11
9	12
1	13
1	17
0	0
0	17
0	1
0	3
0	3
0	1
0	31
1	248
2	1202
3	112
0	44
0	30
0	1188
0	1152
0	13
0	47
0	62
0	53
0	10
0	1247
0	515
0	2
0	2
0	0
0	0
0	2
0	0
0	2
0	0
0	1
0	1
0	1
0	0
0	0
0	1
0	0
0	0
0	0
0	1
525	22
0	22
4	6736
0	6338
0	3424
0	621
0	285
0	520
0	454
0	151
0	186
0	439
1	1
1	6356
7	1549
31	1549
2	83
2	31
1	65
13	22
4	82
2	1138
20	1137
5	1025
0	285
0	252
3	1137
1	329
2	623
0	1136
0	96
0	309
1	1042
1	284
0	1132
0	106
0	170
1	2
0	275
0	275
0	283
0	257
1	1126
0	373
39	150
0	72
0	59
0	18
0	14
3	1
0	0
0	1
0	0
0	0
0	0
0	1
0	0
0	0
0	0
1	4
0	3
0	1719
0	1783
0	1645
0	804
0	293
3	137
0	139
0	122
5	77
0	80
0	65
0	695
0	631
0	14
0	14
0	0
0	0
0	0
0	0
0	29
0	96
0	948
0	211
1	96
0	128
2	128
0	106
0	57
0	106
0	106
0	75
0	58
0	415
0	105
1	3
0	51
0	450
0	917
0	89
0	64
0	868
0	0
0	0
0	97
3	104
0	263
1	279
5	283
0	235
2	13
1	30
13	32
9	25
0	144
1	0
0	0
8	465
10	538
1	173
0	74
0	0
0	0
0	0
0	0
2	0
0	0
0	0
0	1043
0	1043
0	327
7	332
0	407
0	38
0	186
0	117
0	173
0	107
0	67
0	107
0	676
156	867
2	69
3	14
1	3
0	77
0	58
3	40
3	762
12	647
6	173
0	52
32	630
2	80
7	56
16	550
2	92
0	0
0	0
1	0
0	0
0	0
0	0
1	0
0	0
0	0
0	1
0	0
0	1
0	1
0	1
0	0
0	0
0	0
0	0
0	0
0	0
0	0
0	0
0	0
62	250
0	232
2	8
3	197
8	63
1	2
1180	706
0	49
1	26
6	184
3	137
20	546
0	56
0	65
0	55
0	117
0	80
1	64
1700	553
3	114
0	520
0	434
135	924
0	37
0	6
1	764
1	161
3	351
0	124
0	79
5	143
0	165
49	313
0	82
5	15
0	119
0	36
0	283
0	0
0	36
29	36
0	1155
4	184
6	176
0	176
5	1081
0	190
4	152
0	72
0	73
0	14
0	4
0	2
0	6
0	1
0	2
0	3
0	6
0	13
0	3
0	75
0	1
0	5
0	6
0	23
0	11
0	20
0	71
0	14
0	3
0	1
0	6
0	1
0	73
0	16
1	72
0	9
0	9
1	2
0	13
0	16
0	21
0	19
0	73
0	0
0	0
0	0
0	0
0	0
0	0
0	0
0	29
0	0
193	77
3	35
0	38
0	32
0	69
0	8
0	10
0	29
0	0
0	0
0	0
0	0
0	0
0	9
4	9
0	0
0	0
0	0
0	0
1	0
0	0
0	1002
18	1002
6	262
0	125
0	1004
2	174
1	195
0	128
1	220
0	194
3	460
10	694
4	234
13	127
0	70
0	24
11	341
1	34
1	110
1	0
0	0
0	0
0	0
0	0
1	747
12	2
0	2
1425	130
2	89
0	118
0	118
1	115
0	96
0	83
0	22
1	1
0	1
0	0
0	0
0	0
2	4
0	2
0	0
0	3
0	3
0	1
1	1
0	0
2	1
0	1
0	1
0	1145
0	970
0	1065
3	312
1	1075
4	966
0	136
0	754
0	0
0	0
0	0
2	1
1	90
0	0
0	0
0	0
0	0
0	0
0	0
0	0
0	0
0	0
0	0
12	333
8	143
1	272
1	24
0	41
2	206
0	14
0	196
0	152
0	105
0	95
0	110
0	117
0	29
0	95
0	16
1	14
0	10
0	173
0	63
0	7
0	8
0	2
1	5
0	63
0	6
0	14
0	56
0	15
1	44
1	9
4	15
0	4
3	5
0	1
0	0
0	0
0	0
1145	2647
49	1575
3	1210
0	1131
8	982
0	490
0	92
0	0
3	4
4	19
0	3
0	15
1	0
0	0
1	93
1	105
0	95
0	10
1	22
0	17
3	571
1	72
0	486
2	547
1	492
0	74
0	24
1	65
0	124
0	50
3	161
0	525
0	1
0	1
704	1474
0	1261
9	216
0	161
0	108
0	187
0	201
0	32
1	23
0	0
0	0
0	0
0	176
14	176
6	112
0	53
0	50
0	49
0	10
0	10
0	5
0	4
2	4
0	27
0	20
0	24
0	16
0	48
0	11
0	24
0	0
0	0
0	0
1	0
735	0
0	0
0	48
0	0
0	0
0	0
0	48
0	0
0	0
0	14
0	0
0	10
0	133
8	1050
0	1055
0	1069
1	1009
1	751
20	300
0	0
0	34
20	769
9	297
0	654
0	20
1	56
2	251
6	351
2	102
1	60
0	48
0	28
0	10
1292	361
10	137
6	201
2	23
0	29
9	187
4	187
0	16
1152	6551
4	956
0	6551
2	5
0	3
1	3
0	3
0	3
0	3
0	1
0	0
0	1934
0	2070
2	666
4	180
0	488
0	75
0	75
20	105
17	222
0	592
0	635
19	678
526	0
10	0
292	0
65	197
83	690
1	195
27	521
0	0
0	0
0	376
0	398
0	372
23	363
10	391
1	381
7	92
0	17
0	128
0	12
0	80
2	47
0	463
2	448
0	58
0	41
213	155
3	430
1	386
1	2
0	52
0	16
0	838
40	1423
0	1438
0	116
0	730
1	29
0	175
0	196
0	92
0	189
0	70
2	141
3	29
0	1350
0	303
0	55
0	322
18	359
15	102
0	257
1	315
3	302
0	127
3	171
9	8
0	3
0	5
0	4
0	3
0	2
1	4
0	6
1	9
0	6
0	4
0	5
0	3
0	2
0	2
0	3
0	3
0	6
0	4
0	5
1	5
0	421
0	441
7	375
0	78
14	7
10	231
0	278
0	348
2	319
0	314
0	215
0	181
1	41
0	31
0	80
0	14
0	25
0	77
0	49
0	47
1	15
6	42
0	12
12	27
0	5
0	13
4	18
0	16
0	10
0	303
0	337
17	1736
1	1692
5	1596
0	229
0	211
0	377
0	34
1	124
1	169
0	49
0	0
0	0
0	227
1	224
0	227
0	229
0	214
0	229
0	223
0	221
2	216
0	8
2	30
0	5
0	4
0	75
0	0
0	67
0	10
1	0
0	54
12	98
0	98
0	21
2	3
1	0
1	0
102	193
0	20
0	0
1	95
0	10
0	10
0	103
27	524
132	544
11	52
4	49
0	1
9	1363
1447	1511
0	256
5	289
0	210
28	148
2	51
0	831
20	625
0	145
16	543
2	819
0	96
72	118
2	77
8	8
0	8
0	432
170	1344
4	185
9	664
25	185
1	255
9	357
0	313
1	222
2	547
473	547
4	247
0	139
0	247
1	0
0	0
0	0
0	0
0	0
1	0
0	0
0	0
0	386
1	329
7	333
0	302
0	94
0	162
4	252
0	0
0	359
0	113
0	291
0	293
0	231
0	234
0	233
0	284
0	303
0	75
0	256
5	161
0	183
0	310
3	228
9	66
0	280
0	55
0	86
2	85
0	72
0	156
0	243
0	59
0	29
0	43
0	218
0	15
0	250
0	154
24	205
0	71
0	180
0	0
0	0
1	0
2	205
0	205
740	263
1	17
0	224
1	18
1	0
0	16
2	9
10	446
3	446
0	27
0	38
3	17
0	25
0	154
5	228
32	228
0	23
4	16
17	117
0	96
0	33
0	0
0	0
0	0
0	0
0	0
0	0
0	0
0	0
0	0
0	0
0	0
0	0
0	0
0	0
0	0
0	0
0	0
0	0
0	0
0	0
0	0
0	0
0	0
0	0
0	0
0	0
0	0
0	0
0	0
0	121
0	132
0	134
2	92
0	92
0	103
0	96
0	101
1	80
0	92
7	24
6	41
0	42
6	26
0	38
7	23
0	26
7	15
0	19
0	22
0	10
0	14
0	0
0	0
0	0
0	0
0	0
0	0
0	0
0	0
0	0
0	0
0	0
0	0
0	0
0	0
0	0
2	3437
101	3437
0	98
0	13
0	89
0	34
18	22
1	6
0	105
126	330
6	311
0	267
0	181
1	170
2	117
1	2
1	18
0	10
0	10
0	1
0	2
0	4
0	0
0	4
0	2
0	2
0	1
698	1351
1	1300
2	1346
0	1322
0	1261
0	1341
0	1302
1	1304
0	1298
0	1200
0	224
0	834
0	175
5	154
4	92
0	42
0	30
2	4
0	8
0	1
71	275
45	275
4	35
0	2107
1	1970
0	306
0	659
2	331
58	1560
0	1863
0	247
0	873
0	608
0	381
0	712
0	1927
0	2003
0	1532
0	381
0	391
0	438
0	135
1	517
0	436
0	1748
2	404
0	672
0	1989
0	1827
0	1781
0	1920
0	683
0	324
0	399
0	252
0	236
0	1264
2	160
2	14
0	9
0	12
0	3
0	0
0	0
0	3
0	0
0	0
0	0
0	3
7	0
11	0
0	0
0	0
0	0
0	0
0	258
0	261
0	163
0	37
0	40
7	8
0	5
2	26
0	80
1	89
0	60
0	23
2	62
1	0
2	0
79	15
143	174
0	174
0	77
0	4833
0	625
0	833
0	4264
0	4467
101	11
3	11
0	1
0	1
0	1
0	0
0	0
0	1
0	1
0	1
0	1
0	0
0	0
0	0
0	0
0	0
0	0
0	0
2	3
0	3
1	821
43	853
0	206
2	242
0	133
0	232
1	390
4	130
1	208
5	16
0	0
0	16
0	314
0	285
0	168
0	118
0	122
0	138
0	136
0	283
8	83
2	14
0	125
0	86
0	289
0	293
0	0
0	0
0	0
0	0
0	0
0	10
0	10
0	5
0	0
0	1714
23	135
0	269
0	82
0	1659
0	1569
0	3
0	1
0	5
11	616
1	616
0	625
0	107
2	361
0	76
2	45
0	66
2	1
0	67
1	62
19	95
0	17
0	7
0	3
0	0
2	1
4	32
0	10
0	7
0	20
39	635
0	68
1	619
0	509
0	304
0	15
0	142
1	1
203	268
0	224
0	22
1	11
0	11
0	103
0	268
8	20
0	25
0	24
0	30
0	26
0	107
0	276
0	43
0	102
0	102
0	102
0	132
0	0
0	6
2	10
0	1
0	9
0	4
0	6
0	9
0	3
0	0
0	0
0	4
0	12
0	12
0	15
0	7
0	9
0	7
0	10
0	10
0	12
0	8
0	3
0	2
0	5
0	5
0	7
0	8
0	5
0	2
0	5
0	10
0	3
0	2
0	4
0	0
0	5
0	0
107	65
0	57
0	31
2	0
0	277
0	250
0	285
0	276
0	277
0	290
0	276
2	278
0	280
0	277
0	276
1	269
0	173
0	174
0	82
83	212
10	185
4	162
34	173
0	95
0	153
0	20
0	55
0	25
0	152
2	76
0	44
4	43
1	25
0	21
0	21
0	2
2	9
609	490
1	192
1	187
2	64
16	20
16	65
0	14
0	0
0	58
0	343
0	351
0	5
0	9
0	343
0	334
1	35
18	377
82	304
0	310
2	263
2	1
0	39
1	18
0	10
22	416
0	416
2	226
2	16
0	51
0	0
0	0
0	0
0	0
0	0
0	6
0	7
0	13
9	4
0	6
0	13
0	10
0	12
0	10
0	0
0	0
0	0
0	0
0	0
0	0
0	0
0	0
0	84
0	60
1	219
182	286
0	10
0	31
0	65
0	1
1	480
1	55
0	151
0	492
5	65
0	474
0	109
0	109
10	50
0	48
0	48
0	22
5	5
1	895
1	908
7	893
15	264
0	277
0	95
0	903
0	771
0	0
0	0
0	0
0	0
32	1075
174	87
4	8
0	28
0	67
1	19
0	42
2311	4265
1	122
5	2605
0	691
7	139
3	38
0	30
36	268
0	249
0	236
0	198
2	205
3	185
0	201
0	100
4	38
0	61
0	211
0	3
0	45
0	28
32	120
5	114
0	43
0	104
1	19
0	10
13	46
0	628
0	76
3	84
0	568
0	572
0	61
0	167
8	160
0	112
0	138
10	95
12	145
0	609
0	581
0	106
58	769
0	332
1	670
0	72
0	159
0	112
4	37
0	39
0	6
9	65
0	1
0	0
0	35
0	35
0	35
0	35
0	36
0	36
0	36
0	35
0	35
0	35
0	35
1	35
0	35
0	35
0	35
0	35
0	35
0	0
0	0
0	0
0	0
7	263
3	265
0	250
64	1755
0	355
0	140
0	515
3	192
17	1586
0	521
0	166
0	1215
1	211
1	302
0	222
1	4
0	3
0	3
0	3
0	2
0	2
0	0
0	3
1	38
2	38
0	5
0	37
2	17
0	6
0	65
0	63
0	61
0	60
0	60
0	35
0	9
0	33
0	25
0	5
0	6
0	5
0	4
0	2
0	8
0	1
0	7
0	7
0	5
0	60
0	401
0	513
0	549
0	503
5	505
9	469
1	172
1	105
0	284
1	75
1	191
0	136
0	134
5	44
10	12
0	2
3	32
0	32
0	28
0	0
0	11
0	84
3	92
0	28
0	24
0	83
1	12
1	30
0	17
0	4
0	0
0	20
0	1
1	3
0	635
2	324
2	323
0	0
0	2
2	6
0	4
0	641
124	708
9	708
59	1012
0	832
0	836
0	211
4	341
0	12
0	12
0	2
1	8
0	23
0	246
5	1
0	248
0	245
0	364
0	374
3	135
0	82
0	31
0	92
0	149
4	54
4	14
1	40
11	28
1	36
0	109
3	8
0	167
1	44
4	44
6	28
0	37
0	66
2	91
0	11
2	66
0	172
0	163
267	172
0	17
0	17
0	15
0	120
0	0
0	0
0	0
0	0
0	0
0	0
313	2089
0	624
3	316
0	2056
0	370
4	118
28	150
2505	509
2	404
9	413
0	3
1	4
0	2
0	4
0	2
0	1
0	2
0	1
0	0
0	2
0	639
0	662
0	673
0	670
2	629
1	645
0	647
0	644
0	568
0	640
0	641
0	375
0	0
34	178
0	11
0	48
2	119
0	166
0	55
0	20
0	18
0	11
0	11
0	0
247	589
1	350
14	376
9	106
0	344
0	189
3	41
0	838
13	793
0	420
14	567
4	26
6	251
5	40
2	35
0	78
0	62
0	84
0	80
0	9
0	11
0	20
0	17
0	11
0	23
0	7
0	9
0	7
0	79
0	72
0	77
19	9
7	1
0	6
0	2
0	2
0	206
12	220
0	143
0	41
0	45
0	44
9	49
40	381
0	314
0	274
0	299
0	293
2	294
12	176
1	225
0	182
0	1
7	31
914	2232
0	2141
0	448
11	384
133	483
2	83
0	130
119	123
0	78
0	14
0	1
0	130
151	284
6	210
72	1008
55	819
2	285
0	54
9	83
13	130
1	43
3	116
1	17
4	46
1	468
0	289
215	578
0	160
54	321
1664	2904
6	2904
1	2428
0	1303
445	795
7	254
16	383
1	113
0	41
1	101
0	73
9	321
0	69
0	51
0	22
0	75
4	76
0	56
4	328
0	318
0	20
1	147
0	15
0	7
0	451
1	41
0	482
17	131
0	296
4	352
1	211
0	59
6	23
0	52
1	21
4	23
1	8
0	6
0	23
0	46
0	50
0	43
60	271
257	129
0	7
1	2
0	24
0	20
0	0
1	17
0	35
2	35
371	302
1	277
13	33
8	25
0	2
1	2
0	1
1	1
0	0
0	0
0	0
0	0
0	0
0	0
0	0
0	0
0	0
0	0
0	0
0	0
0	0
0	0
0	0
0	0
2	245
1	238
0	484
0	216
0	3
0	10
3	4
0	65
0	6
0	0
0	67
0	233
0	241
0	174
7	68
0	104
3	47
2	25
2	749
0	1525
0	454
0	521
0	1081
28	1641
5	348
0	1191
0	157
1	169
0	23
0	210
0	211
1	93
0	156
0	229
0	121
1	135
0	100
0	676
0	754
0	728
0	6
1	4
0	136
0	62
7	0
13	29
1	85
0	40
0	30
5	59
1	86
22	333
0	116
0	133
3	1316
0	1316
0	803
6	1287
0	1316
0	0
0	0
0	103
182	156
2	126
0	56
0	40
0	9
0	9
0	7
0	9
0	9
0	6
0	0
0	0
0	10
0	6
0	142
0	49
0	43
0	497
1	218
0	338
0	277
0	47
6	27
65	255
1	43
0	45
1	54
0	52
5	27
44	156
0	612
0	609
0	267
0	44
0	138
3	597
0	370
0	180
0	92
0	265
0	238
0	23
1	300
0	119
0	112
0	512
0	110
0	164
1	210
5	56
0	254
0	37
0	37
0	43
0	35
0	32
0	37
0	39
0	42
0	32
0	18
0	22
0	21
0	23
0	21
0	17
0	251
315	0
0	0
0	0
0	0
0	0
0	0
0	0
0	0
0	0
180	516
0	480
0	149
0	126
0	134
0	0
3	10
0	405
0	64
0	141
0	141
0	141
0	2132
2	608
5	2941
0	2901
1	2289
8	1032
1	2853
0	2498
2	934
0	1900
1347	2604
0	2543
0	122
5	208
0	414
9	292
0	117
0	138
1	81
0	95
0	87
0	95
0	87
0	51
612	241
2	44
1	197
405	290
0	44
1	66
1	32
8	163
89	98
0	2
0	28
0	28
2	23
0	28
0	6
2	7
0	79
0	40
0	75
0	3
130	433
1	403
0	429
1	94
0	258
0	235
4	36
0	209
0	115
0	40
0	17
0	0
0	1
0	1686
1	576
4	515
1	1686
1	0
1	322
0	290
0	61
0	239
0	103
1	98
1	46
0	56
2	23
1	23
0	319
5	280
0	259
0	261
0	10
0	277
0	48
0	47
1	9
0	13
0	5
0	734
0	738
8	72
1	745
37	2467
0	656
0	503
6	709
0	660
26	682
0	700
0	351
4	431
0	874
0	2477
966	667
4	637
16	11
0	397
0	410
10	164
2	155
20	50
1	47
1	47
0	45
4	0
0	2
0	2
0	4
0	1
0	2
0	2
0	2
0	2
0	2
0	0
0	0
0	0
0	0
0	1
0	0
0	1
0	1
0	0
0	0
0	0
0	0
0	0
0	0
0	0
0	0
0	0
0	0
0	0
0	0
0	0
2	0
250	98
2	92
0	88
1	37
1	19
824	1782
0	1541
0	542
0	2
0	2
0	2
0	441
8	635
0	617
0	0
0	0
0	0
0	0
0	0
0	0
2	0
0	0
0	0
0	0
0	0
0	0
0	0
0	0
0	5
0	263
0	277
7	44
0	10
1	152
1	54
0	182
0	27
4	5
0	34
0	52
2	24
4	112
5	0
0	107
17	1
0	1
0	4
0	7
2	17
0	11
0	6
0	1
0	4
0	3
0	1
0	0
0	4
2	126
55	126
1	845
16	238
458	238
293	0
0	11
0	0
0	0
0	0
0	0
0	0
0	0
0	0
0	0
0	0
0	0
0	0
0	0
0	0
0	0
0	0
0	0
0	0
0	0
0	0
0	11
0	11
0	129
0	13
0	17
0	40
0	73
0	49
0	73
0	26
1	122
0	32
1	107
0	19
0	19
0	1
0	2
0	1
0	2
0	1
0	2
0	1
0	1
0	1
0	0
0	0
0	0
0	1
0	0
0	0
0	1
0	2
0	288
3	288
0	624
36	756
0	596
3	207
1	63
7	49
0	45
0	14
0	0
3	11
0	0
0	0
0	0
0	0
0	0
0	0
0	1
0	1
1	10
0	13
1	8
0	9
0	5
0	82
0	580
3	25
0	80
0	176
0	93
0	84
0	148
0	85
1	60
0	86
0	554
0	94
0	34
0	25
0	77
0	93
0	88
0	47
1	44
5	64
0	1
0	5
0	5
7	761
105	538
0	720
6	643
0	599
0	123
3	239
0	174
0	71
0	76
0	99
0	151
8	153
0	63
0	0
178	997
4	64
0	909
12	919
0	61
5	84
3	113
387	436
1	420
0	92
480	16
0	6
0	6
0	4
6	10
0	10
0	4
0	1
0	8
0	5
0	5
4	2464
4	2370
21	1621
87	2429
217	1209
0	165
0	60
0	555
0	109
1	79
0	1078
19	40
4	98
0	112
16	529
2276	3255
1	415
0	3262
2	114
8	273
0	1
1	0
0	110
0	22
0	274
0	273
0	264
0	273
0	273
0	267
0	274
0	273
1	228
2	211
0	200
0	175
0	127
4	169
0	177
0	89
0	159
0	117
0	36
2	28
0	46
7	10
0	6
0	1
0	1
0	6
0	1
0	1
0	6265
2135	7777
0	5779
0	5309
8	513
0	238
0	347
0	679
15	426
0	224
9	874
0	7107
0	0
0	6
0	6
0	7
0	7
0	6
0	0
4	7
0	6
0	6
0	7
0	7
0	7
0	1468
1	553
1	172
0	44
0	1468
0	2840
46	2839
0	2810
0	451
0	158
8	1479
10	52
6	193
2	47
33	0
0	5
0	5
0	0
268	0
36	1117
0	1577
0	1432
0	1742
1	786
0	926
0	1292
3	166
0	1432
1	637
0	1577
1	1258
1	245
0	525
59	407
0	1439
0	318
0	30
0	0
0	0
0	0
0	52
120	237
0	173
0	111
4	117
26	304
33	9
0	304
13	32
87	288
0	287
0	2574
0	2561
0	1246
0	2540
6	1107
6	1610
0	1382
0	1769
0	1052
385	206
0	198
4	122
0	86
2	53
0	64
0	144
0	684
2	920
82	482
7	79
2	882
0	806
4	40
0	27
2	126
0	64
133	0
0	0
0	0
0	0
0	0
0	0
0	0
0	0
0	0
0	0
0	0
0	0
0	0
0	0
0	0
0	0
0	0
0	0
0	0
0	22
7	3174
6	695
7	3163
0	315
0	72
0	354
2	692
13	3163
1	473
19	992
0	6
0	5
0	678
0	902
15	51
0	856
0	454
0	16
0	22
0	24
1	24
0	24
0	21
2	0
0	0
0	0
0	0
218	32
17	303
0	1142
1	279
0	631
0	329
24	993
0	1363
0	1363
0	0
2	0
0	0
0	0
0	0
198	720
0	701
9	559
0	259
0	428
0	425
0	407
0	423
0	349
0	458
0	360
0	417
0	303
0	342
0	444
0	389
0	443
0	84
3	0
0	503
0	451
0	441
0	521
0	418
0	430
0	358
0	501
0	363
0	423
0	59
0	120
0	645
0	385
0	395
0	116
0	325
1	383
0	412
0	382
0	422
0	27
0	199
0	436
0	378
0	100
0	78
0	77
0	34
0	36
0	42
0	194
0	171
0	190
0	22
3	262
0	257
0	265
0	265
2	149
0	37
0	32
0	14
0	12
0	9
0	0
0	0
0	1
0	2
0	3
0	2
0	0
0	1
0	394
0	58
0	84
0	76
0	105
30	368
0	36
438	75
0	43
0	43
0	24
0	64
1	609
0	609
0	619
0	0
0	0
0	0
0	0
0	0
0	0
0	0
0	0
0	0
0	0
0	0
0	0
0	0
138	391
1	625
0	539
0	754
4	237
4	615
0	496
6	418
0	176
0	200
6	163
0	273
8	35
0	189
0	124
0	42
0	5
0	4
0	0
113	0
30	9
0	9
0	8
0	1
0	0
5	19
0	19
0	99
0	188
0	284
0	290
0	192
6	121
9	90
0	17
0	0
0	0
0	0
14	8
0	4
0	32
75	23
0	55
2	44
0	76
85	518
2	436
2	56
1	10
0	15
0	101
0	20
1	14
0	10
4	442
320	198
9	22
1	176
0	0
0	0
0	0
0	0
0	0
0	1731
0	1448
5	1295
0	190
0	857
1	100
34	315
0	87
1	7
0	0
0	1797
0	1845
0	1806
0	14
81	53
5	3
0	7
1	9
0	5
0	9
1	0
0	51
7	54
0	54
425	115
12	29
3	86
2	52
0	730
0	188
0	313
25	0
3	651
0	91
0	46
0	595
0	264
44	689
0	208
7	67
1	0
0	10
0	10
0	8
0	3
152	7
0	626
1	79
5	633
1	17
0	17
0	2
4	15
0	0
0	0
1	15
0	17
0	293
1	5
0	23
0	18
0	275
0	118
0	20
0	14
0	34
522	658
0	592
0	430
0	551
0	200
0	109
0	77
0	44
0	9
36	13
0	13
2	465
801	484
0	53
0	105
47	229
2	227
3	215
0	90
4	210
0	36
0	212
0	141
187	212
0	148
1	19
1	35
45	67
0	50
0	61
0	50
0	14
0	39
0	3
0	15
0	15
0	1
0	9
0	7
0	7
0	5
0	0
70	138
60	133
0	56
0	22
1	1
0	1
0	0
0	0
0	1
0	0
0	0
0	0
0	0
0	0
1	0
0	0
0	0
0	13
6	15
0	16
0	0
1	15
1	1
0	1
0	2
0	2
1	3
0	8
0	3
0	16
0	3
0	0
0	3
0	17
0	3
0	0
0	0
0	0
0	1
0	1
0	2
0	0
0	0
0	362
0	304
3	4500
0	359
0	623
1	259
410	696
0	3477
9	473
0	3016
3	2253
0	519
0	326
0	424
5	685
0	832
27	259
7	316
10	91
7	130
11	250
0	4230
173	0
0	127
0	256
8	292
0	277
0	232
13	146
0	224
0	235
0	212
0	161
0	88
1	127
0	202
0	212
0	52
1	30
542	1447
32	1408
0	1138
0	519
0	282
1	220
1	202
0	1
0	0
0	1
0	0
0	14
10	336
0	238
3	85
0	178
0	4
0	29
1	34
0	45
1	121
0	136
0	122
14	133
0	28
0	11
0	17
0	22
0	12
0	10
0	109
0	46
1	49
0	7
19	0
2083	874
43	874
0	0
0	0
1	0
0	0
0	0
0	0
0	0
0	0
0	0
0	0
0	0
0	1
0	2
0	3
1	3
0	0
0	1
0	0
0	0
0	0
2	10
0	0
0	0
0	0
0	0
0	2
0	0
0	8
1	8
0	2
0	2
0	1
0	1
0	0
0	0
0	0
59	79
0	38
1	56
0	64
0	55
0	64
0	20
0	21
0	14
0	2
0	7
0	1
0	9
0	8
2	0
0	739
0	698
0	800
0	698
0	666
0	792
0	792
0	188
2	476
0	510
7	397
0	26
0	25
0	215
0	0
2	145
0	46
1	16
26	38
12	0
21	11
0	419
0	488
0	556
456	189
0	188
3	18
1	5
0	143
0	19
5	19
202	320
0	318
0	319
12	14
0	1352
1	1327
3	1198
0	1212
0	484
0	245
4	449
1	192
0	364
0	234
0	180
2	72
0	72
0	1221
0	0
0	0
0	272
0	252
91	897
0	897
0	1
0	4
0	2
0	2
0	3
0	1
0	2
0	1
0	1
0	0
0	1
0	2
7	906
0	864
0	735
0	664
0	586
1	451
0	545
0	37
0	342
1	31
0	266
1	299
0	289
1	134
1	106
0	58
0	1
0	1
0	0
0	0
0	0
0	1
379	239
0	87
0	152
0	0
0	1
0	1
0	1
0	0
0	0
2	1
11	1671
0	0
0	0
0	0
0	0
0	0
0	0
1	107
0	482
0	31
0	436
0	55
0	468
0	56
0	46
0	39
0	33
2	354
0	11
3	162
0	43
3	19
0	20
0	18
0	37
0	77
0	47
0	468
884	0
0	1
0	1
0	0
0	1
0	1
16	1
8	47
2	24
1	44
0	55
0	21
0	20
0	31
58	42
0	18
0	55
0	55
0	21
1	87
0	3
0	8
6	13
76	93
0	15
0	88
2	22
4	47
3	0
0	0
2531	0
235	180
560	121
0	159
0	53
2	4
0	1246
0	136
0	1164
0	1004
2	82
0	1288
0	1216
0	7
0	52
0	1252
0	89
0	79
0	29
1	1253
0	1259
1	79
0	113
1	79
0	113
0	1276
0	162
0	1202
0	193
0	1263
0	164
20	135
6	243
2	149
0	112
3	72
0	1273
0	77
0	476
183	148
26	148
0	34
0	69
0	0
0	0
1	0
0	0
1	339
0	56
38	449
0	209
2	9
0	211
0	288
0	214
0	103
0	405
0	372
0	145
2	202
0	405
0	68
0	53
0	0
0	0
0	27
613	27
195	500
0	500
0	436
0	185
0	190
0	267
16	186
0	846
0	873
3	29
0	92
0	70
1	0
0	1
0	1
0	1263
26	745
0	1219
0	1155
6	1327
0	1095
0	1076
0	128
0	247
1	158
0	116
0	112
1	105
1	102
0	117
0	115
0	44
0	114
0	107
0	0
0	78
0	73
0	73
0	123
0	123
0	70
0	70
0	69
0	66
0	63
0	50
0	68
0	44
0	42
4	1261
0	1330
0	3550
0	3629
0	3219
1	3417
0	3401
0	3440
0	3401
0	3461
0	3537
0	2258
0	1863
0	1602
0	1323
0	1472
0	567
6	269
5	315
0	230
0	156
1	921
1897	1107
7	912
41	169
0	265
0	1172
9	0
0	1150
0	287
4	59
1	36
4	73
3	2058
0	110
0	93
8	40
1	104
8	1198
0	2046
0	105
0	318
0	1272
0	0
0	95
0	82
0	79
0	1245
0	0
0	110
0	11
0	80
0	121
0	28
0	1240
0	29
0	77
0	110
0	80
0	155
0	52
16	17
0	2
1	17
0	0
5	0
0	0
0	0
0	40
0	369
761	597
1	577
0	487
0	458
1	241
0	54
1	36
2	77
0	1665
0	1570
0	1661
0	1572
0	1317
13	1229
9	536
0	136
12	203
0	517
0	518
2	474
0	494
0	383
0	362
0	426
0	407
0	315
0	319
0	322
0	207
0	312
0	259
0	291
0	229
0	203
0	166
0	224
0	226
0	223
0	167
0	137
0	97
0	70
0	113
0	112
0	83
0	80
0	84
0	83
0	64
0	29
0	10
0	5
0	11
0	175
16	175
71	1462
2	946
0	173
0	1163
0	354
0	1169
1	288
1	193
0	89
2	59
3	131
0	255
1	448
7	84
0	99
33	193
3	162
1	109
1	72
13	161
3	0
1	109
0	72
0	62
0	42
0	269
5	1226
0	1298
7	401
0	414
0	414
90	321
0	379
19	191
7	281
0	154
0	54
3	61
0	369
0	30
0	30
0	29
8	367
39	325
0	67
1	48
6	29
1	30
24	514
0	71
0	514
25	110
3	356
0	0
0	0
0	0
0	0
0	0
0	0
0	0
0	0
0	0
0	0
2779	1440
0	62
1	215
0	1380
1	471
0	424
171	19
0	14
0	11
0	0
0	0
4	4
0	4
0	4
25	11526
0	11517
1	8733
2	6388
0	11560
1	11514
0	10411
0	11417
368	4872
0	4097
1	5013
0	2958
1	108
1	109
0	110
0	102
0	103
0	104
0	95
0	18
2	8
0	10
0	9
1	0
0	3
0	3
125	222
2	61
7	98
0	121
1	53
4	46
0	34
6	40
2	40
597	301
1	189
3	144
0	161
2	0
0	257
439	257
0	242
1	36
0	99
0	1890
0	128
0	0
0	0
0	0
0	0
0	0
7	81
0	1979
45	2180
10	0
0	393
0	439
0	372
238	1254
0	293
0	427
4	0
0	2841
2	217
52	2869
3	827
0	103
0	0
12	207
0	174
0	47
0	10
963	0
1	4
0	10
0	10
0	7
0	0
0	0
0	0
92	39
0	39
0	0
0	0
0	0
0	16
0	1001
0	64
24	1026
0	203
0	4
0	109
1	119
0	1026
3	1010
4	766
0	693
0	285
0	152
0	118
5	31
223	291
0	33
2	12
0	252
1	13
0	39
0	208
0	2502
1	3083
0	3180
0	4095
0	4112
11	27
0	3223
0	240
1	2573
3	657
5	785
1	1227
1	2230
0	139
1	542
0	767
3	511
0	415
1	287
0	356
76	261
7	646
1	440
0	3
6	0
0	3
0	1
0	1
0	0
0	0
0	1
0	1
0	19
0	19
0	0
222	160
0	160
1	152
3	220
396	3389
2	2477
0	183
0	139
0	2330
4	2418
0	168
2	3185
1	3364
0	3044
0	334
0	1985
0	437
0	146
81	373
2	56
11	0
1	373
5	40
1	54
0	86
0	0
0	2
0	0
0	1
0	0
0	0
0	1
0	2
0	0
0	0
0	2
0	0
11	1744
0	15046
1	11409
22	11437
3	4550
9	14011
9	14012
0	5024
0	14014
0	754
1	749
9	676
2	692
0	445
0	443
0	341
2	341
0	192
0	236
0	164
0	148
0	104
0	72
0	70
0	20
279	890
6	139
0	713
1	185
4	602
0	42
2	699
0	401
0	286
0	301
0	25
0	306
0	291
0	55
0	30
0	31
0	33
1	49
0	47
0	65
0	41
0	63
0	68
0	87
0	44
0	58
0	247
0	6
0	29
1	36
0	1121
14	1112
4	214
0	914
0	527
2	25
11	315
0	21
0	10
0	0
11	0
3	0
1	0
0	1524
8	700
0	705
0	3
0	53
0	99
0	6
2	75
1	105
0	184
0	669
0	694
0	482
0	593
0	525
2	64
0	54
0	54
2	54
0	54
0	54
0	55
0	54
0	55
0	54
0	46
0	41
0	38
0	0
0	0
0	47
622	168
0	142
0	168
503	461
0	85
0	452
1	21
9	65
0	267
0	27
0	111
0	60
1	72
3	29
0	20
10	796
0	772
0	239
0	22
2	19
2	21
0	23
0	76
1	5
0	17
0	28
0	181
0	182
7	138
0	174
0	92
0	117
0	65
0	71
0	65
0	47
0	54
0	84
0	84
0	82
0	27
0	50
0	20
0	44
1	16
0	22
3	7
0	23
0	10
0	5
1	4
0	22
1	15
0	22
0	23
0	2
0	6
0	3
0	7
1	0
1	1
8	13
1	25
0	45
0	204
4	111
0	606
1	590
0	526
0	99
10	32
2	111
0	40
2	47
1	40
0	49
268	1204
0	1134
0	340
0	281
0	187
0	235
0	47
251	661
0	573
0	661
0	659
0	622
2	149
1	203
0	163
0	129
0	142
0	91
0	91
0	80
0	10
0	9
0	8
2	178
15	2208
9	1729
5	487
0	2208
5	658
0	654
2	199
0	80
0	537
8	48
0	49
2	17
1	9
0	33
0	62
0	58
0	46
0	59
0	80
9	45
1	58
1	43
0	927
41	0
0	0
0	0
0	0
0	0
0	0
0	0
0	0
0	0
0	0
1	0
0	0
0	7
0	7
0	7
0	7
0	3
0	170
453	1064
1	688
0	916
0	727
0	756
0	672
2	345
0	647
0	399
0	531
0	667
0	641
1	618
2	26
0	188
1	129
0	133
0	0
0	105
0	41
2	51
4	190
914	689
0	668
0	52
4	100
7	40
1	63
0	97
5	0
0	60
1	58
0	51
0	90
0	0
0	0
0	0
0	0
0	0
0	0
0	708
0	99
0	97
0	216
0	556
0	60
0	245
0	488
0	32
588	1
464	234
0	20
0	51
0	35
0	19
0	1
0	15
1	5
0	53
0	6
0	19
0	59
0	6
0	6
1	0
37	1054
8	1054
0	20
0	126
0	455
1	64
4	67
872	568
2	168
4	46
3	39
0	687
0	682
0	1
0	0
0	0
0	0
0	0
0	0
0	4
0	172
0	153
7	165
23	236
0	210
0	175
0	165
0	106
42	188
0	143
0	75
0	12
0	63
19	110
0	12
0	75
0	28
0	58
0	45
0	39
9	38
0	19
5	1
28	11
0	31
0	25
0	26
0	15
0	31
0	32
0	7
0	45
0	45
0	44
0	38
0	45
0	33
0	4
0	45
0	44
0	1
4	604
11	605
0	256
1	10
0	43
0	605
0	481
50	1718
0	1080
0	669
0	1721
0	212
18	385
0	192
0	242
0	114
0	324
0	75
0	0
0	58
0	89
9	58
0	67
479	88
0	30
0	62
0	45
0	23
1	23
0	5
0	7
0	0
1	63
0	0
0	21
1	13
0	63
0	5
0	0
0	0
0	0
0	0
0	306
0	320
0	302
2	310
0	283
0	301
3	54
0	51
0	34
3	34
0	27
4	68
0	105
0	82
9	64
0	93
0	82
1	45
0	0
0	0
0	0
0	0
67	0
379	293
0	277
0	50
0	34
119	292
2	292
0	49
4	27
1102	81
4	67
0	152
0	91
0	154
1	16
0	0
0	0
0	0
0	0
0	0
0	145
0	0
0	0
0	0
0	3
374	0
272	881
4	881
1	563
0	478
22	25
0	12
0	10
0	0
0	0
194	743
0	704
1	40
3	120
17	135
0	74
0	31
0	91
0	0
0	91
4	123
0	120
0	86
0	66
89	94
2	93
0	19
0	12
0	2
0	4
0	37
0	37
0	9
0	4
0	34
2	0
0	0
0	0
0	0
0	0
0	0
0	1
5	1
1278	0
0	0
196	230
0	227
0	87
0	167
3	88
0	6
24	189
1	163
0	162
3	32
0	15
0	12
0	10
3	73
6	10
0	175
0	3
0	3
0	3
0	3
0	0
0	0
0	0
0	0
0	0
0	0
13	0
6	0
0	0
0	0
0	0
0	0
0	0
815	62
0	1
3	7
0	54
803	2065
0	39
18	2026
1	790
1	130
1	119
0	84
0	1121
1	1160
0	191
66	30
0	25
0	22
0	841
0	837
0	866
0	361
0	148
0	319
0	149
1	128
0	98
0	7
0	90
1	47
0	19
0	601
0	585
0	234
0	194
0	184
0	250
0	200
0	34
0	27
0	31
0	71
0	57
0	36
0	17
0	43
0	66
0	26
0	82
0	138
0	131
0	51
0	1
0	0
3	5
0	584
0	602
0	604
0	603
1	588
0	587
0	44
0	174
0	143
35	67
1	87
1	48
0	150
0	123
0	43
0	146
88	708
1	708
1	0
0	44
0	15
0	40
3	29
0	1130
0	235
0	151
0	1066
2	196
0	128
0	192
0	133
0	999
0	12
0	7
0	193
0	49
0	12
0	999
11	172
3	125
12	104
0	104
2	208
1	165
0	0
0	0
0	0
0	0
0	0
0	0
0	0
0	0
0	0
0	0
0	0
0	0
0	0
0	0
0	0
0	0
0	0
0	0
0	0
0	0
0	0
0	0
0	0
0	0
0	895
0	1096
19	39
15	439
0	59
0	808
0	90
0	122
0	119
0	138
0	44
0	149
0	357
0	433
0	41
0	264
0	139
0	91
0	624
0	74
0	76
0	68
0	71
11	28
4	673
2422	633
0	605
225	12188
0	12010
1	4158
0	4515
0	11796
8	5784
0	9043
0	6022
0	4880
84	1237
0	1475
2	0
0	0
0	0
0	358
1	769
13	65
0	1038
0	1000
1	190
23	82
0	128
1	524
92	904
8	259
0	0
0	0
0	0
0	0
0	0
0	769
0	792
1	283
0	56
0	375
0	93
0	28
0	120
0	764
3	2
0	2
16	2
0	8
3	1
0	8
0	109
0	100
0	37
18	157
0	137
12	151
0	12
131	437
2	58
0	239
0	32
2	44
0	80
0	430
0	77
0	137
0	17
454	177
0	175
0	89
1	81
5	23
1	3
2	5
0	3
24	128
1	124
0	20
0	15
0	20
0	36
2	26
0	16
0	0
0	2
0	0
0	2
0	2
0	2
0	0
0	0
0	2
0	2
0	0
0	0
0	0
11	295
43	470
0	75
0	111
6	175
0	38
0	138
0	129
10	1190
1	1143
160	80
0	58
34	732
0	100
0	14
5	793
1	52
0	191
0	89
2	66
0	4
0	35
3	59
6	87
0	922
0	922
0	16
0	16
0	156
0	143
1	173
0	1
0	262
0	278
0	293
0	319
0	314
1	318
0	331
0	308
0	335
0	334
0	336
1	349
1	357
0	334
0	334
0	327
0	335
0	182
0	180
0	65
0	93
0	94
0	93
0	94
0	60
0	8
55	538
0	226
17	89
0	244
5	75
0	4
1152	1
0	53
4	0
0	53
86	210
0	160
0	37
0	204
0	56
40	56
0	200
1	38
0	28
0	47
0	149
2	14
0	56
3	8
0	35
7	20
0	0
0	0
0	0
0	0
0	0
0	0
0	0
0	0
0	0
182	9794
0	9323
1	7947
0	1711
8	1031
21	231
0	2236
25	3418
2	3230
0	8728
0	8146
0	1495
13	1054
42	2701
0	17
0	20
18	191
0	98
0	155
10	119
0	119
0	176
4	390
0	422
2	364
15	309
1	149
0	93
0	8
2	73
0	83
0	96
0	90
0	156
0	107
0	145
0	160
1	71
0	12
3	88
0	212
6	98
0	47
0	84
0	84
0	82
0	83
32	31
0	12
0	67
0	148
0	79
0	78
9	121
1	9
0	98
0	38
6	31
1	5
392	450
0	63
1	86
1	0
0	64
1	270
3	24
16	2195
41	2195
0	2226
3	2232
1	92
13	318
297	2189
2	992
0	0
0	0
12	118
0	111
0	117
0	117
0	67
0	13
0	5
0	4
0	0
0	0
0	0
0	9
2	9
1	1
0	0
11	213
1	781
0	779
3	390
1	397
3	248
7	15
0	123
0	84
0	41
0	69
0	33
0	22
2	122
0	81
9	37
0	20
0	36
0	10
0	10
0	9
0	1
0	4
0	1
0	4
0	1
0	1
0	1
0	1
0	0
0	73
1	821
0	62
3	143
1	92
0	56
0	59
0	44
1	129
1	806
0	182
0	85
4	109
10	68
0	170
13	566
0	171
6	204
0	34
0	122
0	49
1	79
0	0
2	0
22	205
0	217
10	201
0	207
0	9
3	9
0	18
0	197
0	9
18	3
0	7
0	4
4	3
0	1
0	1
0	0
11	514
0	6
41	502
0	27
0	58
1	139
0	152
0	1
1	1
0	0
0	8
0	8
0	8
0	6
0	0
0	0
0	0
2	6
0	1
0	6
0	3
1	13
0	2
0	0
3	0
0	3
0	0
1	3
1	2
0	0
0	1
0	1
0	3
0	0
7	1180
0	1180
0	24
0	461
0	138
0	456
0	121
1	8
0	78
0	134
16	25
1	459
0	49
0	7
0	6
0	2
8	29
0	15
4	8
0	5
0	3
3	2
0	0
0	49
5	592
0	97
1	12
0	22
0	319
0	597
2	286
0	286
0	282
0	283
0	1
0	281
0	8
71	0
49	0
1	0
0	0
27	177
8	344
1	161
3	110
0	75
7	164
351	51
1	51
0	0
0	0
0	0
4	1
0	1
0	270
7	43
0	252
0	180
0	201
0	221
0	243
0	226
0	208
1	219
2	102
5	191
0	63
0	32
0	129
0	96
0	72
0	32
3	266
24	7
0	5
2	2
0	396
3	328
1	384
0	266
17	90
0	60
15	116
2	45
3	21
0	13
0	81
60	113
1	13
1	51
0	0
2	0
5	668
0	790
0	147
1	688
0	775
0	698
1	18
1	267
0	332
0	141
0	137
2	164
0	71
0	71
0	44
0	43
0	48
0	0
0	1
0	0
0	0
773	405
1	252
3	357
13	227
1	47
0	0
0	11
11	9
0	23
0	12
0	25
0	20
1	17
0	236
0	226
0	243
0	236
0	30
0	31
0	28
19	214
1	29
0	31
0	83
0	141
0	90
0	28
17	17
0	227
0	215
0	0
0	0
42	482
3	134
4	457
4	203
0	132
0	108
1	20
9	279
43	0
278	235
10	387
2	232
1	294
0	342
45	342
0	253
0	65
20	793
1	796
0	44
0	0
0	5
0	5
0	4
0	1
0	4
0	1
0	1
0	0
0	7
0	6
0	4
0	1
0	0
3	0
0	7
41	356
0	307
0	317
0	326
5	7
0	280
0	34
0	37
0	42
0	37
0	22
0	20
0	2165
0	1626
3	2104
0	50
174	103
0	57
0	45
0	49
29	98
0	45
0	54
0	32
0	2
1	6527
9	6533
0	2194
0	1049
1	11
0	543
4	525
0	355
0	367
0	118
1	91
2	0
0	244
0	19
0	233
5	73
0	113
3	74
0	10440
2	10411
0	10541
4	9428
105	9440
0	10592
0	9357
20	5926
70	204
0	204
0	9
0	9
0	5
0	15
0	18
0	0
0	0
0	0
0	0
0	0
0	2
0	2
0	2
0	2
5	508
34	634
38	617
9	624
38	233
0	533
0	322
2	1550
0	411
0	559
0	970
0	376
0	1534
0	964
0	8
0	135
0	520
0	3
0	553
0	136
0	348
0	860
0	338
0	1504
0	420
0	145
0	564
0	17
0	42
0	420
0	967
0	912
0	6
0	420
0	1573
0	1577
0	1482
0	450
0	675
0	104
0	970
0	491
6	504
0	518
0	904
0	878
0	53
0	511
0	1508
0	903
2	282
0	543
0	84
0	102
0	427
0	170
0	319
0	1144
0	182
0	175
0	319
0	205
0	280
0	157
0	57
0	209
0	1136
0	88
0	163
0	261
0	1
17	0
288	22
0	22
0	0
639	1206
0	557
1	959
0	576
0	1175
0	26
0	26
0	26
1	8
93	694
0	48
0	681
0	56
0	64
0	92
440	515
1	22
0	493
0	471
0	166
0	126
14	82
26	184
0	100
0	0
0	42
1	14
281	251
0	66
0	63
0	2
0	175
2	69
0	862
0	569
0	870
0	611
0	675
0	875
0	305
0	109
0	217
201	5
0	5
0	713
0	734
0	705
0	725
0	61
1	50
1	15
443	175
0	170
0	168
0	164
0	61
0	13
2	80
0	52
5	11
0	14
1	13
12	60
0	7
0	19
0	2458
0	2046
2	2377
30	1134
0	662
0	1132
1	707
0	2925
259	4787
1134	1521
0	982
91	929
0	451
11	271
48	503
5	154
183	45
0	8
0	41
1	11
0	33
0	7
160	32
0	32
0	0
0	0
0	0
0	0
1	75
0	75
0	36
0	75
0	0
0	47
0	0
0	8
0	2
0	75
311	290
0	67
0	43
1	47
2	169
0	69
8	0
2	51
0	51
0	22
0	0
0	0
0	0
0	0
1289	438
20	176
6	114
2	0
16	119
16	124
0	4
1	374
0	493
2	409
0	558
0	517
0	459
0	0
0	0
0	0
0	0
0	0
0	0
0	0
0	0
0	0
0	0
0	0
0	0
1	1429
2	1032
123	372
1	166
0	184
2	69
1	54
3	194
0	193
0	108
15	347
1	61
0	27
23	4207
2	4207
0	0
0	10
1	267
0	108
0	8
0	246
0	102
0	247
0	263
0	101
0	94
1	0
0	0
0	354
7	343
0	107
0	180
0	105
1	1582
0	1164
40	1321
0	152
1	1618
6	437
4	1334
0	122
14	487
0	739
9	236
0	398
0	38
42	946
0	6
0	6
0	4
0	6
0	6
27	0
341	316
6	316
0	436
0	319
16	174
35	2612
116	2453
119	122
1	2042
99	581
162	670
146	7
2	7
0	0
0	132
0	231
431	583
18	267
0	42
0	517
3	7
2	723
1	722
0	786
3	687
1	382
10	14
0	786
1	12
0	366
0	714
0	283
3	165
2	66
1	175
2	40
0	12
0	41
1	42
0	7
1	66
0	23
0	141
0	149
2	30
0	6
97	1222
45	1222
1	770
3	765
0	76
1244	254
2	132
1	67
1	79
1	72
0	99
365	480
0	256
0	256
0	2
0	657
1	1
0	292
5	654
0	49
0	188
0	655
4	249
117	147
0	39
0	81
2	240
0	265
0	40
0	0
1	247
0	28
0	78
3	43
2	110
0	393
131	481
2	57
0	7
0	35
1	5
0	27
0	65
0	16
0	56
0	65
0	65
976	1060
0	535
3	127
0	7
5	54
0	203
0	543
0	169
20	127
0	47
6	526
0	105
0	82
0	83
0	50
0	55
0	61
0	87
0	112
0	75
5	50
1	66
0	79
0	101
0	383
0	63
1	0
19	5
0	1
0	4
4	3
0	2
0	2
0	0
0	1
1	88
0	0
0	46
0	6
9	94
0	94
0	85
0	33
13	64
28	51
0	11
0	1880
95	1867
2	416
1	341
0	1852
0	0
0	0
0	0
0	22
4	481
0	481
1	0
0	0
0	2
0	51
0	37
0	80
1	39
6	908
0	97
0	924
0	924
0	68
13	35
5	905
0	906
78	891
0	920
0	377
52	1317
0	1392
0	363
1	693
0	428
114	1099
0	717
2	539
19	121
0	241
2	854
1	433
0	113
68	191
28	498
0	1088
0	252
0	586
0	100
0	357
6	101
2	0
0	583
0	561
0	555
1	31
0	577
0	364
0	120
0	80
0	497
201	357
1	140
2	71
1	188
6	203
0	7
0	8
0	1
0	1
0	0
0	0
0	0
0	0
0	0
24	122
1	21
3	28
6	30
1	60
0	22
9	10
1	10
0	6
21	341
5	49
45	98
27	279
0	667
0	305
0	11
0	644
0	645
0	703
0	379
0	294
0	704
2	187
0	287
0	142
1	41
0	61
0	47
0	43
0	41
0	50
0	41
0	18
2	39
0	95
2	18
0	14
0	39
0	31
0	18
0	19
0	10
0	11
0	13
0	11
0	13
0	0
0	572
271	866
3	607
0	225
0	326
0	366
4	361
0	264
0	131
0	272
0	15241
2	20886
59	658
2	416
0	191
1	90
0	242
7	964
4	853
1	7
2	957
0	9
0	2
0	0
0	5
0	10
0	10
2	162
253	193
0	83
1	97
0	66
4	56
0	33
0	165
0	165
0	0
1	189
0	199
0	158
0	186
1	16
0	58
0	4
0	81
62	191
0	17
0	28
0	155
0	136
0	172
11	1270
1	4325
1	437
0	16
0	100
0	5256
0	354
0	5256
0	5170
6	329
0	3862
1	622
0	482
0	391
1	452
0	276
2	154
0	2051
0	2004
0	1971
0	1972
1	1770
0	1988
3	1939
7	1115
0	1599
16	545
0	81
0	1346
0	1356
0	416
36	509
2	688
6	66
0	747
11	34
0	268
2	253
0	173
1	295
0	179
0	114
0	35
1	35
0	20
115	2098
0	2234
0	2156
13	2196
0	626
308	522
0	472
0	1179
59	743
2	992
1	926
3	527
0	522
2	162
0	167
9	150
0	128
0	51
0	51
0	17
0	17
0	0
348	42
0	42
0	18
294	578
16	454
2	274
0	280
0	150
0	1
0	1
0	1
0	0
0	0
0	139
0	1417
2	129
6	105
0	223
2	2177
0	532
0	1044
0	172
0	98
2	523
2	1320
0	187
3	153
0	140
1	711
22	144
0	2071
0	289
0	624
142	960
0	922
0	72
0	42
0	1
3	0
0	387
0	5
0	2
0	5
1	5
0	2
0	3
0	3
99	733
0	733
21	65
2	93
0	15
0	18
0	2136
0	2127
4	443
12	249
36	2159
0	652
1	1141
0	239
0	1097
2	394
0	318
22	4
0	419
0	86
0	389
0	61
0	288
0	155
1	375
0	274
0	222
0	262
4	111
0	1225
0	209
0	256
0	267
0	92
0	103
6	9
0	256
0	0
0	0
0	0
0	0
0	0
0	0
0	436
0	428
0	82
0	48
0	48
0	34
1	429
0	4
0	1
0	4
0	4
3	0
0	4
0	2
0	0
2	125
0	29
1	37
0	86
0	91
1	98
0	10
1	272
0	279
52	340
0	209
0	148
1	209
2	74
3	35
0	340
0	396
0	378
0	145
0	40
0	39
0	47
16	158
8	18
0	49
0	2
0	70
0	64
0	56
0	55
0	48
0	38
0	42
0	40
0	32
0	16
50	0
655	0
0	76
0	23
0	76
1	4
38	126
0	127
0	119
0	23
0	11
0	0
0	0
0	0
0	0
0	0
77	397
0	393
10	0
0	371
1	314
1	173
0	129
0	96
3	93
0	187
0	25
16	187
0	44
0	131
0	145
0	53
0	12
26	0
6	98
0	98
0	1052
3	1027
8	137
0	54
0	1025
1	613
0	616
0	617
0	620
0	569
237	574
3	620
0	203
0	398
35	359
0	388
0	67
92	2285
319	784
12	1182
0	798
2	269
2	115
0	296
0	44
23	1495
7	133
2	1076
0	0
0	0
0	0
0	123
0	12
0	84
0	52
2	101
0	116
57	510
0	393
0	255
0	255
0	67
1	51
0	13
0	22
0	76
0	67
1	44
0	67
0	87
2	29
1	0
321	0
0	236
0	42
2	236
7	236
0	236
0	236
0	17
0	17
0	17
206	70
0	28
0	42
7322	0
9	0
67	291
3	243
4	276
0	135
0	34
1	4
1	58
0	54
1	59
0	35
0	18
0	13
1	1
0	1
1049	90
0	90
1	1
0	0
0	1
0	1
0	1
0	0
0	0
2	0
0	0
1	440
3	34
0	411
13	95
0	69
0	16
0	235
0	49
0	168
0	222
0	40
0	230
0	40
0	103
0	194
0	116
2	125
2	78
0	24
0	185
0	110
0	6
0	41
0	37
0	14
1	12
0	28
0	21
0	10
27	133
0	204
125	60
0	7
0	33
3	20
0	2
0	2
0	9
1	7
0	3
0	5
0	3
0	8
0	9
0	0
0	0
0	0
0	0
0	0
0	301
0	58
1	392
0	272
2	400
0	491
32	599
2	375
10	384
0	372
0	525
0	1
0	1
13	0
0	2
0	2
1	2
0	0
18	102
0	184
0	255
0	291
0	438
0	327
0	297
0	359
1	201
0	333
0	393
0	339
0	367
0	207
0	150
0	314
0	87
0	78
0	98
0	92
0	181
0	251
0	221
0	218
0	271
0	265
0	15
0	75
13	53
0	248
0	324
0	214
0	222
0	223
0	174
0	229
0	242
1	227
0	157
0	104
0	10
0	235
0	190
0	65
0	145
0	97
0	129
0	112
0	116
186	116
0	104
0	83
3	83
0	137
0	207
0	172
0	144
0	170
0	222
0	132
0	153
0	124
0	116
0	97
0	76
0	49
26	26
16	17
0	15
0	20
0	5
0	7
0	2
0	1
12	0
0	10
190	372
0	30
0	79
0	124
0	62
0	40
0	36
0	78
0	47
0	23
0	57
0	412
0	294
0	361
0	35
0	291
3	294
0	8
0	128
3	128
2	144
0	72
0	74
0	39
0	35
2	134
0	74
0	74
0	129
0	124
0	134
0	93
0	143
0	130
0	134
0	130
0	119
0	140
0	95
0	140
0	134
0	140
0	103
0	133
0	91
0	129
2	112
0	72
0	63
0	56
0	56
0	4
0	216
0	210
2	11
0	8
0	21
0	10
1	78
3	100
0	0
0	0
0	0
0	0
1019	482
0	187
10	486
0	107
4	174
0	151
0	0
0	0
0	0
1	4
0	145
0	243
0	213
0	48
2	45
0	22
0	34
0	99
0	41
0	14
0	59
0	76
0	73
15	77
0	76
1	0
0	240
11	145
0	2
0	1
0	0
0	2
0	2
0	0
0	0
0	0
0	0
0	0
0	0
0	0
0	0
0	0
3	185
0	42
0	61
0	56
6	139
0	732
5	728
0	0
0	0
0	0
0	0
0	0
0	0
0	0
0	12
7	82
1	81
0	16
0	4
0	16
1	0
0	7
646	1145
0	1128
2	13
0	10
793	498
0	296
9	43
12	33
1	313
10	60
1	150
0	128
0	78
0	49
0	26
0	458
0	189
46	425
0	104
5	30
3	66
0	121
0	483
1	122
12	123
0	116
0	87
2	63
0	74
0	0
0	0
0	0
0	0
0	0
0	0
0	0
0	0
0	0
0	0
878	0
0	94
0	94
0	2
0	13
0	2
0	94
0	92
0	1
0	1
0	0
0	0
0	0
0	0
27	882
10	785
0	658
0	243
5	178
2	1554
0	1152
7	1099
81	174
0	257
6	23
5	91
0	220
27	93
4	1142
8	10
5	9
0	1
81	226
2	226
0	49
0	330
12	304
6	175
0	241
1	80
0	207
0	53
0	140
0	0
0	209
0	0
0	1
0	0
0	0
0	0
8	5
0	2
0	2
44	652
1	652
0	57
0	1526
6	1394
0	3259
633	6959
168	3574
1	3308
156	5519
93	4053
8	0
7	0
0	95
9	131
49	36
55	16
96	3215
55	3020
0	3111
1	2901
0	2626
4	2004
0	18
74	520
0	139
0	23
0	193
0	23
0	20
0	503
0	75
0	66
0	18
0	8
0	12
0	5
0	421
0	389
0	179
0	186
0	162
0	137
16	113
1	111
1	93
1	104
0	70
0	90
0	15
1	22
0	15
0	15
0	8
0	0
0	0
0	0
0	0
0	0
0	0
0	0
0	0
0	0
0	0
0	421
0	15
0	3
1	33
0	12
0	0
1	2
0	94
14	999
0	430
0	104
0	98
30	480
0	998
1	471
1	511
0	206
0	508
0	200
87	533
1	57
3	115
1	19
0	132
1	126
1	480
2	497
0	122
2	465
0	7
4	137
0	0
0	0
0	0
0	0
0	17
1	16
0	15
0	10
0	18
0	11
0	4
0	1
0	7
0	10
0	2
0	7
0	15
4	20
2	29
1	38
6	59
8	33
48	79
0	19
0	27
0	8
0	47
0	4
0	9
1	9
0	0
0	0
0	0
0	0
3	954
2	950
13	15
0	19
0	10
1	51
0	22
11	10
21	78
31	50
0	940
0	377
0	355
0	381
0	395
0	149
0	3
0	46
0	26
0	31
0	38
1	26
0	34
0	16
0	28
0	3
0	0
0	1
0	0
0	1
0	1
0	0
0	0
0	1
0	0
0	1
0	0
6	3
0	3
0	1
0	1
5	3
0	2
0	1
0	1
0	0
0	0
1	0
0	310
0	202
0	199
0	315
0	345
3	297
0	339
0	173
0	81
0	22
0	17
0	47
0	108
0	46
0	43
0	96
0	89
0	40
0	27
1	26
0	27
0	24
0	14
1	14
0	4
2	9
1	2
0	343
14	73
2	80
3	71
0	75
1	126
1	226
5	245
0	245
0	25
0	1
0	472
0	474
6	487
1	68
0	209
4	172
0	39
0	25
1	46
0	0
0	0
0	0
0	0
0	0
0	0
0	1
0	1
0	0
0	0
0	184
0	184
0	197
0	140
0	185
11	113
0	40
0	23
6	16
0	931
2	929
0	931
0	929
680	0
0	0
0	3
0	4
0	4
0	4
1	3
0	0
0	0
1	373
0	3091
0	6095
5	2567
1	7681
7	7976
98	13181
75	7778
150	3388
0	12539
0	212
2	236
0	236
0	773
0	185
0	151
1	84
1	59
0	692
0	681
0	605
0	596
0	681
0	644
0	643
0	709
0	672
6	122
1	37
13	48
0	34
1	13
0	6
0	49
1	33
0	38
0	11
3	391
5	496
4	298
0	21
0	85
0	85
0	246
0	60
2	19
1	98
0	21
0	225
0	1
0	1
0	0
6	16
0	16
47	275
0	263
0	37
0	14
1	12
5	13
0	13
1	11
0	11
0	1
0	1
0	2
4	1
0	0
0	0
1	0
0	0
0	0
0	257
1	375
0	311
0	375
10	336
1	251
0	324
0	255
1	136
2	98
1	149
1	112
32	48
0	120
0	104
0	78
0	61
0	76
0	74
0	76
17	1
5	0
17	0
0	0
2	558
29	272
0	91
7	28
0	21
0	83
0	98
0	28
0	29
0	32
0	13
3	293
0	2
3	618
2	605
0	293
6	370
0	595
0	531
0	333
1	30
0	110
0	74
0	81
0	78
1	57
2	56
60	33
0	10
0	18
0	13
0	3
184	1163
6	484
9	873
14	607
5	270
6	310
5	124
301	0
0	71
0	0
0	0
0	0
0	0
0	0
0	0
0	0
0	0
435	66
0	22
0	57
0	50
0	45
33	243
3	203
1	244
0	244
330	381
6	45
130	45
0	26
607	0
1	607
0	273
0	16
0	50
0	55
0	28
0	10
0	15
0	15
0	601
141	30
42	1
0	29
0	29
0	0
0	24
0	33
0	36
0	18
0	575
0	18
0	27
1	574
1	56
0	55
2	62
6	145
0	269
0	38
1	80
5	62
3	55
1	62
3	16
0	858
0	325
0	109
0	227
1	46
1	717
0	20
1	149
0	0
0	0
42	2767
23	2767
0	458
0	315
0	282
3	161
2	275
9	253
0	229
0	141
0	228
5	151
0	575
8	294
6	239
0	172
0	368
0	1
0	1
0	1
0	0
0	1
0	0
0	5
0	12
0	7
0	1
0	2
0	1
0	2
0	0
0	30
69	251
0	67
0	227
2	11
4	0
2	4
1	15
4	64
0	0
0	0
0	0
0	0
0	0
1	0
0	0
0	0
0	29
0	145
0	4
0	23
0	20
0	143
0	3
0	3
0	3
0	3
0	23
0	3
0	3
0	23
0	3
0	8
0	0
0	0
0	0
0	0
0	0
4	76
2	0
0	0
2	1
0	76
0	13
0	1
0	4
0	7
0	8
0	7
0	2
1	7
0	4
0	12
49	984
143	586
0	130
0	983
0	17
0	131
0	153
7	129
1	249
0	869
0	128
0	251
4	81
0	405
0	57
1	567
2	236
8	0
5	94
9	205
0	13
0	244
90	385
5	32
551	1837
1	212
0	158
4	42
0	151
1	94
1	158
5	289
0	338
0	1233
0	0
0	0
9	663
1	55
0	512
3	0
0	663
1	27
4	1620
12	1637
0	45
1	33
300	28
0	24
0	4
0	0
0	0
0	0
0	0
0	0
0	0
0	14
0	18
2	156
0	523
0	521
1	169
3	101
0	19
0	10
1	40
0	54
0	504
0	0
0	0
0	0
0	0
0	0
0	0
0	0
0	0
0	0
0	0
1	0
0	0
0	0
0	0
0	0
267	48
1	4
2	0
0	0
0	0
0	0
0	0
0	0
0	0
5	541
6	545
0	221
0	432
21	541
0	57
192	107
0	105
0	60
0	53
0	283
0	287
0	4
0	6
0	10
0	7
0	10
0	4
0	6
0	134
0	131
0	98
0	85
0	92
1	31
0	22
2	17
1	11
0	10
1	129
0	2
0	0
0	1
0	1
0	0
0	13
0	98
0	49
0	8
4	84
0	94
1	89
0	13
1	13
0	5
0	3
0	7
4	9
1	2
0	84
0	8
0	1
0	8
5	8
0	1
1	10
5	53
2	15
2	38
0	45
0	2
0	17
0	8
3	3
8	4794
0	5001
1	4876
232	5291
0	4537
0	4951
0	4880
0	5006
14	4279
0	1178
1	1161
0	4043
0	4206
0	4072
12	3671
0	1042
86	920
0	614
18	996
0	1939
1	339
6	905
33	69
11	36
3	655
24	1391
0	1307
0	1566
0	1503
0	1225
0	758
1	636
0	464
0	579
0	498
0	451
0	614
0	265
0	393
1	42
0	437
0	13
10	42
0	400
10	483
4	559
0	48
0	5003
0	169
0	5052
0	4888
0	4433
0	4640
0	4752
0	5012
0	4654
0	5000
0	5960
0	5661
0	4816
0	4976
0	5430
4	5350
11	4628
0	4773
0	4395
0	4948
0	4678
0	4800
0	4654
0	4856
0	4912
0	485
0	4092
1	4934
0	4970
0	4525
0	4507
0	4946
8	3839
0	4996
0	4722
0	4900
0	4464
0	4329
0	4952
0	4893
0	4754
0	5048
0	4457
0	4662
1	4919
0	4463
2	4944
0	1830
0	1176
0	898
0	915
0	201
0	730
0	439
0	572
3	957
0	1733
0	1612
5	335
0	717
0	495
0	0
0	0
0	0
36	80
0	80
0	18
2	1
0	13
12	1878
4	300
13	373
43	122
3	497
0	309
0	241
1	1602
0	0
0	0
0	2
0	2
0	3
0	2
0	1
0	0
0	0
0	0
0	0
0	0
750	225
0	82
0	108
0	179
0	61
453	205
0	150
0	48
0	152
1	44
0	137
1	131
1	17
0	13
0	0
0	0
0	0
0	0
0	0
0	0
0	0
0	531
0	470
11	481
4	485
0	521
0	444
0	359
0	156
3	163
0	90
0	54
0	23
0	28
0	23
0	23
0	23
0	22
0	22
0	22
0	20
0	20
0	9
0	14
0	14
0	8
315	531
0	489
0	44
0	94
0	34
0	43
0	24
1	110
3	72
0	641
0	590
0	543
0	540
0	425
0	134
0	248
3	111
0	0
2	135
0	77
38	71
0	29
1	17
0	28
2	62
0	20
2	27
0	15
0	0
5	608
1	22
0	0
0	1
0	0
2	1
2	877
0	901
7	791
38	727
1	228
25	93
0	29
7	50
1	67
0	48
0	3
0	18
3	140
0	15
0	11
0	143
0	0
0	0
203	111
1	111
0	603
0	69
0	67
0	53
0	43
0	50
0	593
0	34
2	155
0	54
9	362
0	64
0	62
1	8
115	140
0	115
0	88
0	38
0	48
139	250
0	48
0	246
1	40
0	1
0	37
0	39
0	39
1	243
0	20
2	49
0	46
10	257
0	67
0	101
1	203
0	80
2	57
0	131
0	5
2	0
0	31
0	59
0	64
1	4
1	20
0	13
2	63
1	16
7	60
0	302
2	549
0	552
0	736
1	578
0	796
0	620
0	645
0	635
0	632
0	608
0	781
5	294
0	265
0	435
6	649
0	774
0	794
0	614
0	570
0	69
0	740
4	184
0	308
3	726
0	625
0	636
0	681
3	129
2	607
0	597
0	748
1	208
0	613
0	598
0	561
0	0
0	15
0	406
0	486
12	348
17	497
0	491
0	78
0	271
0	465
12	253
0	16
29	39
1	252
0	75
0	1
0	180
0	36
0	0
0	1
0	37
0	41
0	42
1	40
0	6
2	39
17	33
0	11
0	8
0	15
16	9
0	0
0	0
0	0
0	0
0	2909
3	2775
0	2429
53	2874
0	2721
1	2419
1	2596
15	745
43	390
1	902
20	679
3	702
19	473
0	167
0	129
1	133
0	2897
2	782
19	835
0	777
0	205
0	157
0	136
2	60
0	752
1	169
14	553
1	14
0	230
1	87
0	210
0	409
0	351
0	4758
17	4788
54	6721
0	6792
26	253
0	2114
7	1995
9	1824
6	309
0	369
27	364
2	194
0	133
0	1333
0	299
1	232
3	249
1	141
0	0
0	8
0	0
0	1
0	1
0	1
0	7
0	7
0	0
0	7
0	297
1	43
4	26
4	50
0	9
0	52
0	186
0	8
0	297
491	696
0	1
0	65
0	476
0	229
12	330
3	83
5	263
3	250
0	226
0	114
11	74
0	7
0	0
0	23
1	23
0	1
0	18
0	27
1	15
0	0
0	0
0	1760
4	1670
3	15
0	94
2	1628
0	1647
0	1150
0	175
0	177
12	177
1	852
12	1250
0	133
0	141
0	116
0	64
0	199
0	7
0	1555
0	1
0	607
0	610
32	422
4	1
0	596
0	67
0	77
0	77
1	17
0	67
0	74
0	64
0	57
0	58
1	55
0	0
0	20
0	16
0	9
0	4
0	2
0	3
0	6
0	6
0	5
0	11
0	2
0	0
0	0
0	0
0	9
0	0
0	0
0	0
0	0
0	7
0	7
0	7
0	7
0	0
0	292
0	1278
0	493
2	417
0	185
7	391
1	130
0	1263
2	1230
0	1425
1	317
4	1177
0	234
0	1304
0	1467
7	0
0	163
0	517
4	1424
0	235
0	79
1	23
24	78
4	98
7	72
0	1487
0	1317
0	234
0	494
0	487
12	1
0	1
0	1
0	304
40	355
0	205
31	352
0	159
0	148
2	273
10	43
113	89
0	89
31	81
9	6
43	80
0	24
1	24
0	1
0	1
0	7
0	1
0	3
51	691
9	356
0	638
11	278
3	267
1	216
198	49
0	45
0	24
0	12
0	1
0	1
0	55
0	7
0	2
41	55
0	20
571	255
2	0
0	26
0	7
3	239
0	63
0	1
0	6
14	49
0	95
0	32
0	418
2	1
0	38
2	130
32	417
0	50
0	406
0	247
0	252
0	232
1	180
0	217
0	107
2	25
0	17
0	14
0	19
1	27
0	5
0	26
0	18
0	107
0	126
0	14
979	737
0	518
3	538
0	305
0	322
1	253
1	140
0	11
11	0
0	10
0	9
0	492
3	390
0	523
0	413
21	444
0	35
0	501
0	251
47	349
2	145
0	3316
0	4085
4	4143
0	4024
2	2142
0	1504
14	2448
0	2312
0	4142
0	3688
36	793
4	2018
1	2041
0	186
2	78
0	86
0	92
4	200
1	204
8	66
0	37
0	39
0	2069
214	379
0	380
0	361
10	12
0	57
1	67
0	799
1	61
0	20
5	43
0	792
15	374
0	374
0	1
0	1
0	760
67	7
0	44
0	35
0	22
0	92
0	36
0	770
0	424
1	15
1	420
0	0
0	34
0	6
0	6
0	2
0	1
0	33
0	33
0	3
25	1668
0	1698
0	1549
2	1520
249	1103
478	1165
173	1165
6	407
1	533
0	2327
2242	3252
2	1791
0	1985
0	3078
3	80
0	2832
0	2844
0	2380
0	1187
33	49
2	199
0	1265
0	322
1	98
0	316
0	147
0	119
15	13
0	1200
0	1129
0	9
3	9
0	0
0	0
0	1
0	0
0	0
0	1
33	428
0	430
0	94
0	277
0	622
0	653
1	558
0	40
0	43
0	49
0	130
1	15
0	23
0	34
0	35
0	23
0	621
0	329
0	258
13	139
0	139
0	118
0	748
1	777
0	912
0	947
0	974
20	925
0	563
0	593
0	99
0	81
0	87
0	21
0	76
0	60
0	59
0	48
0	801
0	0
1	894
0	979
7	333
1	127
1	95
2	445
2	320
0	3
0	215
1	208
17	152
0	29
2	6
0	0
0	0
0	0
0	0
0	0
0	0
0	0
0	0
0	0
0	0
0	0
0	0
0	0
0	0
0	0
0	0
0	0
0	0
0	0
160	200
2	150
0	42
0	90
5	50
0	42
0	51
1	59
106	198
8	22
0	172
0	104
0	120
2	92
0	87
0	45
0	40
0	24
7	0
18	22
1	92
2	92
0	79
69	218
3	218
1	152
0	166
4	170
0	53
0	171
1	153
0	172
0	179
0	152
2	160
0	2
0	1
4	5
0	4
0	4
0	3
71	539
0	565
0	585
1	391
0	160
4	170
1	5
2	141
0	0
1	429
549	24
4	24
0	819
0	0
0	0
0	0
0	0
0	564
0	548
1	457
0	457
0	307
0	77
7	194
0	68
2	178
0	24
0	68
0	15
0	28
0	30
4	268
0	40
0	3270
8	3291
2	3221
0	2881
0	3185
5	577
0	1422
1	177
0	218
2	152
3	146
0	378
0	999
14	958
3	741
10	464
0	102
1	192
23	106
0	22
0	3179
0	2875
0	8
5	32
4	29
0	5
6	21
0	242
0	1466
0	1412
1	1371
0	264
0	1482
0	41
0	56
0	43
1	74
1	416
0	0
8	87
7	19
27	211
0	40
0	116
0	5
0	7
0	11
0	211
0	0
0	0
0	0
0	401
11	152
0	12
0	66
0	412
8	116
28	100
4	118
0	29
0	29
0	24
0	18
1	13
0	11
0	11
0	598
37	651
0	110
0	89
1	46
0	116
1	4
0	2
0	0
0	0
368	0
0	0
1103	23
3	23
406	223
6	47
0	83
3	93
62	2210
3	148
0	2033
0	259
0	194
1	401
0	176
2	320
30	212
0	0
0	0
0	0
1	959
0	1040
1	229
6	35
1	1005
0	478
0	85
0	1297
0	1258
3	59
0	122
0	109
16	55
2	405
0	1309
0	122
0	145
2	38
7	72
0	77
0	134
0	231
1	161
2	117
1	244
1	37
0	1287
1	1
0	343
0	254
0	334
0	335
0	0
4	0
0	0
0	7
0	15
2	252
3	10
0	249
0	251
0	244
0	245
0	250
0	123
0	232
0	63
0	25
0	89
1	13
0	43
0	84
0	19
9	86
0	343
0	254
0	346
278	0
0	57
2	57
0	18
0	11
1	4
0	6
0	107
0	121
0	0
0	0
0	0
743	2426
3	1198
1	415
2	155
14	243
4	213
0	308
3	327
2	82
0	33
0	1220
0	1258
4	516
0	665
19	128
0	402
0	314
0	241
0	87
0	22
4192	1341
0	557
0	554
0	392
1	466
0	900
2	1253
0	1478
1	1213
0	335
0	105
0	231
4	33
1	78
0	134
0	771
11	755
7	81
5	23
0	151
0	249
2	472
0	80
0	180
0	240
3	39
0	127
1	57
0	78
0	1467
53	0
0	0
0	0
0	0
0	0
0	0
0	0
1	106
15	2950
5	320
0	2972
0	198
16	399
0	181
1	170
4	262
0	330
2	112
0	101
2	48
352	0
792	2453
1	2451
0	808
0	610
0	529
0	519
0	8
0	26
7	237
0	237
2	175
0	212
1	34
0	15
1	11
286	72
0	43
0	72
1	0
0	0
0	0
0	0
609	152
0	156
0	146
0	44
0	58
0	0
0	0
1461	0
111	929
2	921
6	921
2	148
2	161
5	119
1	8
0	0
0	0
0	0
0	0
0	0
0	0
0	0
0	122
0	79
0	14
1	68
1	71
0	13
0	7
0	22
1	29
0	7
2	20
0	19
0	505
24	1121
0	1001
0	200
0	224
0	299
0	197
0	413
0	549
0	313
0	132
0	867
0	834
0	839
0	264
3	19
0	243
0	498
35	372
3	199
3	267
0	536
79	567
0	2
0	13
0	1
0	0
0	0
0	0
0	2
1	8
0	8
0	7
0	9
0	1
0	6
0	1
0	9
0	6
0	0
0	1
0	0
0	0
0	5
0	4
1	4
0	5
0	13
0	2
3	2
0	1
0	0
0	205
1	235
0	19
130	332
1	30
0	21
0	8
0	3
0	28
0	319
0	1018
25	11513
41	4192
243	3820
29	10573
14	10439
0	1960
0	2573
31	4057
753	3087
0	1475
10	131
1	0
0	0
0	0
0	0
0	0
0	0
0	0
0	60
0	61
0	37
2	29
0	36
0	0
0	0
0	142
72	189
0	150
0	92
12	401
0	41
0	77
0	402
0	0
0	0
0	0
0	0
0	0
0	0
0	0
0	0
0	0
0	0
2	2379
3	31
0	782
0	856
4	214
1	449
0	83
2	1935
0	149
6	127
0	1021
0	2318
0	0
7	803
0	944
0	430
1	223
0	36
0	614
1	139
0	42
1	51
0	565
1	11
3	55
1	140
7	603
0	131
3	100
0	603
6	27
1	20
0	11
1	22
0	5
0	242
0	252
0	243
0	251
1	251
0	260
1	248
1	123
4	45
0	123
0	0
2	106
0	10
0	8
0	13
0	19
0	18
0	18
0	13
0	4
1	1
0	1
33	0
8	231
6	197
37	48
0	95
3	83
64	98
3	61
1	2847
0	2850
0	2900
0	2819
1	742
56	2274
0	2760
0	648
1	22
0	708
0	0
0	0
0	0
0	0
0	0
0	7
4	7
0	7
0	2
13	6
0	6
0	0
0	0
0	0
0	0
0	0
0	37
138	1090
0	28
20	133
1	74
0	75
0	446
0	506
0	105
9	698
0	120
0	27
0	393
0	12
0	12
0	12
10	4
0	1
0	4
0	0
0	0
0	0
0	0
0	0
0	0
0	0
0	291
0	4917
1	4585
0	434
0	467
0	5492
1	404
0	5275
0	1699
0	879
0	5270
0	3313
0	5098
0	2343
0	1308
0	4649
12	114
29	6252
131	3642
0	2942
21	2715
51	2116
0	8
9	804
0	23
0	40
0	39
0	29
0	14
0	26
0	804
0	0
1	0
0	21
0	38
0	53
1	11
3	12
2	25
0	12
0	718
0	128
35	599
11	149
0	29
1	248
0	718
0	0
0	0
0	18
6	227
1	0
0	28
0	229
0	212
0	9
0	12
0	0
0	15
0	21
1	16
0	9
0	0
1	115
0	0
0	6
0	86
0	50
0	19
2	0
0	228
0	133
0	7228
0	5872
0	7292
1	7525
7	7281
0	5866
0	7220
10	6124
0	6363
40	6077
52	1236
0	6186
2	4410
39	1135
1	4864
0	4710
0	4953
21	2964
0	4423
20	1297
35	177
5	85
0	104
10	306
0	298
0	2
0	2
0	4
0	0
0	39
0	71
24	302
0	61
173	1503
0	836
0	1213
10	143
135	779
8	44
0	148
5	29
0	130
0	750
2	59
0	297
0	356
2	318
7	235
0	208
0	227
0	147
0	23
0	11
0	0
93	60
0	36
0	43
2	3
0	7
0	4
838	439
0	148
4	334
0	51
0	33
1	5
0	1333
7	369
33	358
1	293
0	446
4	1275
0	1272
4	1161
0	1075
61	937
0	1092
0	996
11	128
0	732
0	518
0	323
0	630
0	342
0	412
0	302
0	356
0	358
0	322
0	177
0	356
0	269
0	26
2	8
241	905
6	905
0	400
2	194
2	109
0	379
0	85
3	120
0	73
0	80
0	100
16	469
2	75
0	378
2	100
1	365
0	0
0	13
5	34
0	7
0	1
1	28
2	156
23	759
0	130
0	759
0	0
0	0
0	0
0	0
0	0
0	0
0	0
0	0
0	0
0	0
0	0
0	0
0	0
0	0
215	355
0	235
1	214
0	261
0	82
4	3
0	29
0	9
0	118
0	132
0	146
0	275
0	101
0	52
0	38
2	27
0	20
0	243
0	262
1	228
0	249
0	1
0	6
0	6
0	2
2558	701
1	70
1	209
1	492
0	460
0	24
0	15
16	527
0	6
3	21
0	546
0	11
0	1
0	518
5	22
0	157
1	21
0	42
16	1
0	14
1	17
1	117
0	56
0	18
2	74
0	188
0	181
0	25
0	83
0	89
0	77
0	7
0	49
0	6
0	49
0	7
6	13
1	7
2	7
0	6
1	67
41	672
1	0
0	243
0	208
0	349
0	330
0	272
0	253
0	253
0	234
0	173
0	340
2	382
0	224
0	186
8	345
66	139
0	49
0	72
0	203
0	81
0	180
2	15
1	13
0	22
0	13
0	11
0	14
0	0
0	0
0	12
0	11
7	8
0	3
0	19
915	900
16	514
0	527
1	603
0	56
0	444
5	407
9	403
0	130
2	64
0	235
2	217
0	184
0	169
0	120
0	55
1	23
0	17
0	0
47	289
1	264
0	121
0	85
0	47
0	57
1	54
0	21
0	367
0	126
0	367
1	291
2	323
0	365
0	64
3	44
0	275
1	4
0	4
0	5
0	4
0	2
0	0
0	4
0	1
0	0
0	1
0	1
0	4
26	19
1	1
0	19
0	0
0	0
3	73
391	645
0	537
1	523
0	198
1	70
2	1
0	204
0	1672
775	1836
0	191
0	1286
0	2612
1	2178
0	1314
948	3123
12	2576
0	2397
0	2115
1	479
0	2181
1	467
5	1213
7	1587
95	920
0	6
0	7
0	4
0	8
0	6
0	6
0	3
0	7
0	6
0	3
0	3
0	4
0	1
1	1
0	7
48	628
1	624
2	291
0	208
4	132
223	0
417	0
24	0
13	0
305	220
0	105
4	189
0	66
1	50
0	68
0	0
0	97
0	19
0	287
7	245
0	40
32	32
13	71
2	32
0	0
23	1271
2	1508
2	1508
2	109
0	24
0	196
20	151
0	98
1	170
0	42
230	264
1	226
0	80
10	71
1	0
0	112
0	121
2	173
0	5
0	5
0	3
0	49
0	112
0	0
0	0
0	0
16	45
0	24
20	788
73	887
0	180
0	96
0	70
0	151
11	16
0	25
6	27
1	16
0	172
1	159
0	0
0	39
0	38
7	1090
0	1052
2	213
0	1083
0	34
0	29
0	223
0	45
13	0
0	2
0	0
0	2
0	2
0	2
0	2
0	0
0	2
0	283
0	198
1	313
0	479
130	650
0	512
0	492
1	293
0	249
0	306
0	106
0	327
0	383
0	296
0	248
0	235
12	33
2	100
9	17
14	34
0	143
1	79
1	79
0	18
0	519
0	462
0	511
0	1237
1	212
6	339
0	386
2	1150
1	1134
0	166
87	773
3	310
1	28
1	13
6	10
8	24
0	22
0	20
0	1
1	0
107	7
1	7
1	492
0	253
0	511
1	137
0	0
0	0
0	0
0	0
0	0
0	0
0	0
63	71
0	62
28	1905
4	1896
6	52
7	142
25	615
3	137
0	104
3	359
0	203
1	262
20	506
7	588
5	588
0	53
1	132
2	220
0	87
0	101
0	3
0	0
0	0
0	0
0	0
0	0
0	0
0	0
0	0
4	0
0	11
0	0
1	0
63	143
0	129
0	18
2	104
0	15
0	10
0	152
11	84
0	127
1	51
1	23
0	18
2	25
347	6100
0	5965
0	318
2	440
1	369
1	109
0	91
0	214
0	121
0	49
0	49
1499	1428
11	318
0	258
0	92
15	852
0	221
0	235
0	117
2	40
0	22
1	538
37	505
0	365
0	520
0	100
0	348
2	127
0	125
0	79
14	116
0	118
0	99
8	759
32	454
0	164
0	140
2	41
0	118
0	36
0	750
0	709
0	948
0	940
0	882
0	77
0	237
2	75
0	38
0	129
0	228
0	94
52	0
0	354
5	452
0	553
0	232
0	179
0	39
3	111
31	382
1	275
3	160
0	8
2	6
0	5
0	2
1	22
0	63
1386	601
1	452
0	75
0	179
1	141
306	316
0	128
0	161
3	117
1	36
1	265
13	55
0	129
0	151
0	138
3	83
0	8
0	6
0	50
2	51
0	82
0	2
0	81
7	83
0	9
47	74
0	68
0	5
1	0
0	6
0	0
0	0
2	1
0	95
0	18
58	98
45	5
0	24
0	24
2	29
0	3
0	2
3	7
0	4
0	4
0	0
103	251
7	169
0	76
0	63
0	9
0	21
0	28
0	19
0	14
0	17
0	36
0	27
0	21
0	27
0	24
0	20
0	9
0	0
1	0
0	0
0	7852
0	7807
0	5185
2	6385
3	1017
0	788
0	170
0	676
11	458
0	7757
22	123
0	67
0	48
0	45
0	23
0	124
0	130
0	127
38	808
0	808
68	607
11	39
0	55
156	2
28	1972
0	1298
0	40
1	45
2	0
0	0
0	1981
3	530
3	26
1	178
19	359
1	16
0	1359
0	2053
1	1110
0	3
0	12
2	0
0	129
0	267
0	223
1	818
1	172
0	445
4	39
0	245
2	111
1	42
0	70
1	1964
0	10
34	23
0	12
0	8
0	8
0	2
0	5
1	0
1	40
0	39
0	3
0	4
4	32
0	32
0	26
0	30
0	8
25	3
1	10
0	19
1	100
0	1997
0	2000
0	2003
0	1514
0	1248
0	459
0	245
0	219
0	193
1	504
1	126
0	207
0	183
0	288
0	216
0	266
0	197
1	263
2	248
0	248
0	165
0	48
1	206
0	198
0	195
0	145
0	139
0	1
71	26
0	26
27	1230
3	1079
1	232
0	314
0	602
3	218
10	2
28	756
0	758
0	786
4	726
1	89
0	682
0	760
3	153
0	179
0	110
7	34
0	262
0	299
0	186
0	201
0	100
0	160
428	0
2	0
508	401
2	380
2	241
1	168
0	8
0	29
35	34
0	0
0	0
4	1454
190	1819
1	1
0	1
1	966
1	533
0	119
0	11
0	1
10	113
0	2
1	9
0	10
0	5
0	4
0	15
0	52
0	16
189	296
0	203
0	37
0	66
0	19
0	855
1	317
1	322
1	858
0	25
0	113
0	46
0	21
0	25
0	12
0	17
0	0
0	0
987	325
0	90
1	15
0	89
0	121
3	25
0	341
6	344
0	107
0	88
0	32
4	14
0	38
5	24
68	239
0	95
2	31
25	113
0	532
0	1
2	532
0	1
0	1
125	62
0	18
0	46
1	47
0	18
0	2
0	40
12	369
0	369
0	31
0	12
0	55
0	64
4	12
0	451
0	451
0	190
0	12
3	967
56	976
1	976
0	35
158	893
0	888
0	801
1	547
1	804
0	528
18	807
0	797
5	784
60	403
0	221
0	219
0	230
0	161
0	41
0	120
0	0
0	16
1	15
0	219
0	223
0	221
1	0
257	179
1	179
1	19
1	16
0	352
0	9
0	4
0	346
0	258
0	344
0	347
1	329
1	322
0	314
0	316
0	0
0	1
0	1
0	616
0	634
2	597
4	397
1	147
0	125
0	132
0	241
1	208
0	19
0	177
1	20
28	184
11	93
22	19
4	19
0	614
0	0
2	1
0	0
0	1
0	0
0	1
0	0
0	123
0	61
94	479
0	135
20	483
0	1
0	0
0	1
0	0
0	474
0	482
0	31
1	472
0	135
0	157
0	373
1	61
0	447
35	0
0	221
0	156
0	11
0	69
0	45
0	29
5	45
0	8
0	0
3	86
0	84
0	84
2	49
0	6
0	1
0	5
0	60
0	149
215	741
0	160
0	221
0	80
1	209
30	138
2	153
3	157
10	130
0	918
3	1013
1	916
0	1061
1	587
0	1025
0	914
0	588
0	1061
0	1045
0	1050
0	1123
0	984
0	1050
0	977
0	971
0	1030
12	280
4	979
0	1041
6	296
0	1016
0	1062
1	1014
0	1015
0	319
1	658
2	149
0	398
1	286
0	172
49	379
12	448
0	48
4	39
0	85
0	187
0	165
0	120
0	19
241	366
3	213
0	305
0	213
0	350
0	1
0	0
0	0
0	0
0	0
0	0
61	141
0	12
0	106
0	8
1	96
2	27
0	2
0	8
0	129
0	390
0	351
9	377
0	74
0	72
0	47
0	63
0	38
0	53
0	42
0	46
0	39
0	34
0	8
2	6
0	0
2	6
0	4
0	1
0	0
0	3
2	1
0	0
83	0
7	33
2	55
2	50
1	2
3	16
0	2
0	0
0	3
0	2
66	582
0	39
0	552
0	572
0	579
0	66
0	52
0	59
0	39
0	70
0	11
0	566
0	0
1	183
44	434
13	14
2	53
0	62
35	26
0	97
7	22
3	190
7	20
3	44
1	77
0	74
0	47
0	39
1	0
848	87
1	70
1	17
2	461
129	547
17	86
0	2
0	0
0	0
0	0
0	1
0	0
0	2
0	2
14	130
1	22
0	22
1	125
6	116
3	81
0	18
0	38
10	804
5	778
6	380
0	294
0	679
0	55
5	73
4	99
0	52
7	137
0	72
0	73
0	42
1	50
0	0
0	0
0	0
0	3
541	65
0	10
0	0
0	20
0	15
6	32
4	150
0	139
0	61
0	73
0	60
0	0
8	47
0	59
2	13
0	65
0	54
3	34
0	0
30	1270
4	1270
719	132
4	132
5	0
0	4
60	91
0	2
3	38
1	51
0	7
0	4
0	1
0	1
0	4
0	3
0	0
3	0
0	2
0	25
0	61
0	61
171	0
1201	405
0	349
0	323
7	157
2	72
8	0
0	169
12	169
0	139
1	571
0	0
0	0
0	0
0	0
1	0
0	0
0	0
0	0
0	0
0	0
0	0
0	0
0	0
0	0
0	0
0	0
3	2
0	2
0	0
0	0
0	0
0	0
46	14
2	14
0	7
0	0
0	0
0	7
0	6
0	0
0	0
1	2
0	2
0	2
0	0
0	1
0	7
0	10
0	2
0	3
0	5
0	1
0	5
0	0
0	5
0	7
0	6
0	6
0	611
0	602
3	51
4	611
0	16
0	609
0	577
227	37
2757	7219
245	7220
0	7034
0	5546
2	4877
0	3097
0	3083
0	1
0	1
0	1
0	1
0	1
0	1
0	0
0	0
0	0
0	0
0	0
0	0
0	0
0	0
0	0
0	0
0	0
0	0
0	1
0	1
0	1
0	0
0	1
0	0
0	0
0	0
0	1
0	1
0	0
0	494
0	500
8	544
0	540
0	373
15	62
19	470
0	481
0	463
0	469
0	462
0	296
0	89
0	88
0	102
1	337
5	450
1	435
2	106
0	112
0	363
0	454
4	339
1	349
0	101
0	102
14	217
15	182
4	153
1606	89
7	73
0	16
0	511
5	420
1	352
0	500
1	804
5	414
0	832
0	835
0	349
0	351
0	128
0	343
1	381
0	393
0	293
0	11
5	11
0	6
0	8
0	8
1	1239
0	1287
0	1340
7	1134
1	382
0	276
0	593
0	207
2	301
0	458
1	249
14	616
0	339
0	61
0	62
1	179
1	211
0	123
0	1362
0	1092
0	0
0	1
0	9
0	0
0	5
0	0
0	1
0	8
0	0
0	4
0	9
0	5
0	4
212	1010
27	40
0	4
0	1010
0	73
1	27
0	26
0	51
6	35
0	51
4	31
0	51
0	43
0	31
0	1
0	1
0	365
0	162
0	322
0	201
1	330
0	119
8	331
0	241
0	109
18	59
0	34
0	32
0	32
0	0
0	458
0	0
0	0
0	439
0	38
1	41
0	489
0	472
0	458
0	40
1	507
2	407
10	434
4	471
0	487
0	1
1	121
0	502
1	1
0	1
0	1
0	0
0	0
0	0
0	0
11	3
0	3
7	45
3	4
8	44
0	0
2	0
0	5
2	6
0	845
0	0
0	0
0	0
0	0
0	0
5	470
1	31
4	4
28	171
0	144
23	372
1	522
4	490
0	142
0	336
0	200
4	156
4	135
0	0
17	538
0	516
0	500
2	169
1	192
0	185
0	875
2	862
0	198
0	232
0	676
1	756
2	142
0	151
0	170
0	178
0	122
3	106
0	99
0	0
13	6347
259	6515
0	328
0	291
2	186
3	739
0	328
0	149
1	194
6	173
0	145
0	6
0	735
50	23
0	23
1	16
102	2458
5	2458
33	1298
1	103
5	68
0	3
2	33
1	38
0	4
0	22
0	3
0	6
0	0
0	0
0	2
0	5
0	30
0	24
0	33
0	2
0	1
0	1
0	2
0	2
0	2
6	96
768	497
0	488
11	2178
1	1678
14	2192
6	1445
0	180
4	157
1	64
0	35
0	9
4	8
4	8
0	406
2	406
5	410
3	76
1050	299
0	279
2	92
1	22
58	3539
14	3789
1	3068
0	3995
18	3731
0	3780
24	2777
5	1210
1	730
3	291
0	0
67	463
0	402
10	454
2	113
7	341
0	34
10	33
0	1
0	1
0	1
0	766
1	671
0	707
0	799
1	737
3	338
0	238
0	127
0	232
7	38
0	170
0	115
6	142
6	86
1	175
0	744
0	393
0	422
0	35
0	281
3	321
20	67
8	501
0	493
0	471
0	350
0	367
0	334
1	309
0	239
0	88
0	80
0	127
8	72
0	79
0	44
0	27
0	66
0	27
0	41
0	41
1	48
0	32
0	26
0	13
532	286
2	33
0	60
7	209
2	23
2	73
5	103
0	63
0	25
3	58
0	64
0	20
0	4
4	9
0	19
0	14
0	0
0	0
1	1631
0	1524
0	1622
0	1529
0	384
0	1511
5	172
3	279
9	1367
1	44
0	1043
14	141
6	122
3	791
3	182
3	203
4	159
4	71
0	332
8	81
0	93
0	136
0	329
3	182
0	300
0	189
0	261
0	236
0	233
0	134
0	201
1	146
1	66
0	193
0	0
1	24
4	178
0	207
0	200
0	132
0	80
1	25
0	0
0	0
411	0
0	1394
67	1218
1	1201
0	545
2	291
0	157
3	151
1	150
0	37
0	0
0	0
0	0
94	4154
7	4144
3	190
0	324
0	692
0	377
0	69
0	0
0	0
0	3
2	3
2	4
0	2
0	2
4	95
1155	374
0	45
0	94
23	125
60	106
0	49
1	45
0	50
0	47
0	36
150	174
4	179
0	70
1	24
0	32
0	64
0	39
0	34
0	34
1	2
0	18
0	33
0	22
0	43
0	43
0	43
0	8
0	44
1	9
0	9
535	104
0	57
0	47
0	25
0	24
5	0
1	245
0	265
2	16
1	56
0	3
0	99
4	1
2	0
0	264
248	1292
5	229
4	355
0	423
0	39
0	115
2	137
0	1317
456	0
0	0
0	0
0	0
0	0
0	0
0	0
0	0
0	0
0	0
0	0
0	0
0	785
0	22
0	262
0	413
0	793
2	459
0	119
0	46
5	0
7	47
0	742
0	70
3	45
2	8
0	437
0	90
0	71
0	73
1	82
0	49
0	41
0	12
0	11
0	1
0	427
21	249
0	248
1	28
0	17
10	19
1	389
2	235
0	268
6	94
0	2971
2	3242
3	114
5	56
0	3239
0	57
707	83
5	83
1	0
12	7
1	4
1	1
0	2
657	23
2	23
15	0
0	3
0	1
0	0
0	0
0	0
0	0
0	2
0	0
0	1
0	2
0	0
0	0
0	2
0	3
0	0
0	0
0	0
0	0
0	0
0	1106
1	989
0	251
1	250
3	86
0	451
0	131
0	157
0	210
8	287
0	430
3	403
3	419
0	365
1	156
0	108
8	74
2	397
1	339
0	354
0	241
8	15
0	444
0	0
0	0
0	0
0	0
0	0
0	0
0	0
0	26
0	26
0	70
247	123
1	26
0	10
0	2
0	1
0	10
0	1
0	1
0	5
0	3
0	0
0	0
0	0
0	0
0	0
0	0
0	0
0	0
0	0
0	0
1	9
2	50
1	1
265	1
0	1044
0	1128
0	1119
0	555
0	628
4	163
0	112
0	74
0	83
1	37
5	0
0	103
0	0
995	615
34	192
0	211
0	69
0	96
8	144
2	94
1	73
0	0
0	0
3	392
0	362
0	329
0	280
0	277
0	89
0	18
0	32
0	29
1	10
0	0
0	8
0	13
0	336
8	1194
21	564
52	1521
1	1046
0	2058
3	1810
1	1809
0	1809
2	1719
0	1809
0	2135
0	332
0	1
0	0
0	0
0	0
0	0
0	0
0	3
0	2
45	123
6	123
2	16
98	207
0	3
0	20
0	110
1	47
0	11
0	95
2	0
0	0
0	0
0	0
0	0
0	160
0	1080
0	639
0	1064
0	565
0	0
0	561
0	744
0	7248
0	7614
0	563
0	4
0	169
0	7253
0	5
0	920
0	1091
0	532
2	2227
0	7246
0	7038
1	730
0	1065
33	315
0	1071
0	7579
0	1
0	1
0	0
0	0
0	0
0	0
0	0
0	0
2	0
19	358
0	18
0	31
3	313
0	37
0	12
0	10
0	31
28	1030
23	784
13	413
1	194
17	567
2	277
7	206
3	206
0	4
0	4
0	4
0	4
0	4
0	1
0	0
0	0
0	1
0	0
0	0
0	0
0	0
0	0
0	0
0	0
0	0
0	1
0	1
0	25
9	83
0	42
0	84
0	52
0	13
6	2
1	0
0	2
0	0
0	0
0	0
0	466
1	18
0	150
104	32265
17	29224
0	5906
2	31974
1	27089
0	8480
25	3891
24	13695
17	5487
0	14641
2	8899
24	9965
0	8649
13	8686
0	2797
0	1792
0	1
0	0
2	0
0	0
0	0
1	0
1147	0
0	0
0	2
0	0
1	2
1	1
0	1
0	183
2	1038
0	922
0	506
0	859
4	857
8	442
0	108
0	629
0	488
2	472
7	141
1	92
0	0
0	0
0	0
0	0
112	181
0	6
0	7
10	168
3	6
3	119
7	25
0	20
0	0
0	0
0	0
0	0
0	0
0	0
0	0
0	0
0	20
7	582
0	571
137	123
0	118
0	109
0	106
0	119
0	111
1	1
0	1
0	2
0	1
0	1
0	0
0	0
0	655
0	698
1	705
1	751
0	716
0	679
0	750
0	538
16	722
0	719
0	713
0	540
0	682
0	537
0	540
0	621
0	633
0	741
0	703
0	722
0	753
0	752
0	744
0	627
0	709
0	760
0	798
0	532
0	470
0	271
0	292
1	665
0	186
0	632
0	423
0	355
0	624
0	277
0	333
0	196
0	553
0	218
0	264
0	431
0	696
0	60
0	696
0	701
0	699
0	403
0	642
0	700
0	710
0	693
0	401
0	489
0	125
0	259
0	92
50	52
1	138
19	353
1	287
0	97
0	249
0	79
0	246
1	68
1	4
0	4
1	7
0	1
0	141
12	254
0	195
0	185
0	180
0	102
0	38
0	23
1	16
0	26
0	25
0	21
0	141
3	102
0	5
0	8
0	120
0	2
0	2
0	0
0	11
14	54
0	13
0	137
0	341
0	55
0	477
0	511
0	106
1	86
17	115
0	164
0	330
0	148
2	125
0	101
0	122
0	31
141	238
0	36
0	8
10	178
1	169
49	0
38	97
0	74
0	76
1	0
0	0
0	137
3	227
0	257
0	181
123	238
0	156
0	231
0	224
1	224
10	220
0	116
0	257
0	1
0	0
0	135
0	0
560	0
0	1764
0	1802
0	1959
0	1923
34	780
79	970
0	30
0	44
0	24
0	10
4	0
1	544
1	471
0	799
1	405
0	368
2	51
1	60
171	60
7	0
516	1209
0	1096
0	104
0	997
2	287
1	35
0	0
0	0
0	0
725	301
3	123
0	70
5	178
33	1839
2	429
6	1298
5	761
3	1665
2	1179
0	4
0	1
0	4
0	11
0	2
0	0
0	10
0	1
0	11
0	11
0	763
4	738
0	215
0	263
1	242
0	75
2	431
0	1220
7	1290
4	260
0	18
0	153
13	411
0	298
1	41
2	326
0	4
2	35
7	31
2	82
2	58
0	30
0	1272
0	338
0	111
0	237
0	173
0	63
0	237
0	7
0	26
0	28
0	26
0	29
0	12
0	5
0	7
0	11
0	1
0	1
0	1
0	0
0	0
0	0
0	0
0	0
0	41
0	0
0	6
0	8
0	41
0	39
0	39
0	11
2	4
0	5
0	0
0	33
0	0
0	5
0	6
0	4
0	0
0	0
0	28
0	0
1	0
0	0
0	1
0	4
0	27
2	4
0	1
0	27
0	1
1	25
0	25
0	1
0	24
0	25
0	29
0	39
0	24
6	197
197	261
1	39
2	2
2	16
0	15
0	4
0	34
1	13
0	9
0	17
0	17
0	0
0	176
50	874
0	92
1	56
0	39
5	63
0	874
0	10
0	1
0	2
5	5
0	2
0	10
0	0
0	13
0	14
0	12
0	5
0	0
0	0
0	0
1	2
0	2
0	0
0	0
0	0
397	0
2	478
0	63
0	497
0	490
0	571
0	17
0	467
0	25
0	483
0	32
0	61
0	3
1	556
0	310
0	327
0	284
4	35
0	551
0	542
0	293
0	63
0	9
0	90
0	5
0	4
2	52
0	4
0	52
1	89
0	0
0	0
0	0
19	850
4	834
0	885
0	879
0	899
1	117
0	415
0	69
1	88
7	95
5	125
3	18
0	854
0	832
9	810
0	834
0	848
24	54
14	43
58	41
0	197
0	186
0	46
0	30
0	245
0	15
1	27
0	218
41	194
0	221
1	31
0	547
0	660
0	660
4	654
0	601
0	650
0	556
0	372
1	164
0	178
0	109
0	0
1	47
1	53
0	52
4	16
1	0
17	0
0	75
204	223
17	131
1	10
0	223
5	35
0	280
0	34
0	340
1	25
3	144
0	319
0	47
0	97
0	1
0	282
0	1
0	37
0	37
2	27
0	68
1	41
0	97
2	40
1	79
3	7
0	75
0	72
0	35
1	2
0	325
0	353
0	350
30	135
20	150
26	165
0	25
1	59
20	54
0	52
0	0
0	0
0	0
0	0
0	0
0	0
0	0
0	0
0	0
0	0
0	0
0	0
0	0
0	0
0	0
0	0
0	0
0	0
0	0
5	306
4	306
1	101
0	1807
0	2199
0	2295
3	1208
0	2190
41	1507
0	2116
2	992
2	1456
0	1418
10	353
2	607
1	537
0	696
0	509
12	16
3	170
0	164
1	162
0	23
0	6
3	0
234	18
18	18
0	0
0	0
0	0
0	0
0	0
0	15
0	2
1	199
3	24
0	174
0	82
0	93
4	49
0	76
0	73
0	39
408	694
83	694
487	24681
6	24675
7	24657
2	24679
3	590
1	53
0	20
0	187
0	43
56	599
0	10
0	231
3	149
17	1054
0	1011
3	893
0	935
0	818
0	8
0	40
0	35
0	14
0	17
2	7
0	8
0	8
0	10
0	6
0	2
0	6
0	3
0	2
3	2
0	2
201	244
0	145
0	235
1	230
0	224
0	144
0	22
0	3
0	271
0	130
2	461
0	311
0	257
0	229
0	87
0	34
0	0
0	0
0	0
0	267
0	692
188	816
2	434
0	491
4	45
0	12
0	71
1	326
0	412
0	293
0	11
0	52
0	411
0	0
0	0
0	3
0	3
0	3
0	0
0	0
0	0
0	0
1	0
0	0
0	0
131	168
0	47
2	70
0	18
2	38
1	41
0	106
0	0
0	52
0	34
0	0
0	0
0	0
0	0
0	0
0	0
0	0
0	0
0	113
0	97
0	110
0	95
0	101
1248	43
0	43
0	1524
0	1524
0	1525
0	836
8	113
0	607
0	1514
0	169
0	408
0	50
0	7
2	28
3	1051
0	2092
15	7616
33	6724
34	476
0	1343
1	1152
1	1629
38	2183
2	1858
7	4144
9	1012
28	1206
2	620
8	1655
393	75
0	33
1	70
0	315
0	294
2	217
0	252
3	20
1	113
0	21
1	70
0	82
0	36
0	37
0	21
0	37
1	11
0	1481
52	255
8	48
0	309
47	1480
0	476
0	481
0	1281
1	1374
2	1424
0	242
0	1409
0	0
0	0
1	0
0	0
0	1
0	1
0	0
0	0
0	1
490	325
16	142
0	215
3	43
0	191
0	141
7	140
1	175
0	165
1	151
3	38
0	69
0	55
0	25
0	6
0	1
0	6
0	5
0	4
0	2
379	699
36	541
0	527
0	110
379	110
0	97
9	91
0	651
1	493
0	510
0	631
4	73
3	400
0	447
0	63
106	0
0	0
0	0
0	0
0	0
0	0
0	0
0	0
0	0
0	0
0	0
0	0
3	95
0	29
0	42
0	88
172	215
0	203
1	68
0	5
1	5
0	19
0	32
0	21
0	21
167	591
0	163
0	236
0	239
0	311
0	254
1	141
0	310
0	7
0	18
0	19
0	5
0	33
0	207
0	96
0	7
0	0
2	0
0	2
17	2
182	0
7	3
3	3
6	12
128	67
0	0
0	6
0	5
0	1
0	0
0	1
0	0
0	6
2	28
0	12
0	11
0	5
0	4
36	4023
0	4738
16	4583
0	4150
0	3975
7	76
41	953
0	323
5	160
2	233
0	457
2	156
2	167
0	265
4	203
0	227
0	283
0	19
0	22
0	25
0	51
0	64
0	39
0	6
0	6
1	6
0	15
0	2
13	0
3	0
2	1
70	0
1367	0
426	347
0	286
0	133
0	290
0	40
5	4
0	4
0	2
0	4
0	1
1	2
0	0
0	0
0	1534
0	1543
0	1574
0	1629
0	1580
0	1560
0	1532
0	1487
0	1568
6	1396
5	1513
0	1310
0	570
0	378
0	1342
0	197
0	184
2	148
0	91
1	0
3	25
1	24
0	76
0	63
0	95
0	722
0	52
2	520
0	676
0	594
0	329
0	270
0	39
0	81
0	64
0	76
0	61
0	40
0	20
0	11
0	0
0	0
0	0
1	0
0	0
0	0
0	0
0	0
0	0
2	714
10	16
2	16
0	0
0	0
4	165
310	213
0	58
3	48
8	152
0	23
0	24
0	25
0	1
0	1
0	149
0	148
4	2
14	2
0	0
0	0
0	0
0	0
0	0
0	0
0	0
0	0
0	0
0	0
0	16
3	15
0	19
0	18
0	13
1715	1436
0	318
0	605
0	446
1	239
0	109
4	184
1	273
1	245
0	86
0	821
15	254
0	565
18	805
0	238
0	251
0	370
6	469
11	285
1026	1107
0	298
0	833
1	756
2	195
0	362
0	358
0	140
0	145
155	1333
0	1061
13	1337
0	1324
0	1256
0	820
0	273
0	186
0	49
1	139
0	556
8	203
0	302
0	125
2	190
0	132
0	129
0	166
0	231
11	258
0	112
0	237
0	205
1	147
0	150
1	117
0	111
0	103
0	101
4	145
0	81
0	74
3	0
0	0
0	0
0	0
0	86
576	907
0	228
0	198
0	0
0	0
0	0
0	0
972	0
1	4
0	3
0	4
46	6
0	2
2	2
1	3
0	1
130	41
6	41
0	0
69	0
0	0
0	0
0	0
234	323
0	318
0	166
0	104
0	51
0	34
7	14
1	47
6	48
1	14
0	10
0	1
0	0
72	128
0	7
3	126
0	142
0	43
1	15
0	17
0	16
84	24
0	121
58	541
1	189
0	104
0	43
1	402
0	87
0	132
1	366
1	496
0	83
0	97
0	453
0	104
0	84
0	41
0	122
0	138
0	510
0	142
0	42
0	114
7	376
3	349
0	380
0	344
0	126
0	83
0	91
3	73
1	1552
0	111
0	1003
0	141
0	85
1	447
12	44
114	1445
4	77
0	112
24	880
0	132
0	249
1	80
0	0
3	90
16	375
0	130
1	23
1	323
3	306
34	216
1	134
3	130
0	687
0	1770
0	358
0	431
5	469
0	33
0	496
0	348
0	1753
0	1708
0	1765
0	57
27	1460
0	70
1	0
0	1460
21	25
0	1
0	23
0	12
0	6
25	170
0	171
4	43
0	39
0	17
0	79
0	0
0	0
0	0
0	22
0	14
0	10
0	7
2	846
4	836
0	371
0	595
9	163
19	19
2	268
13	82
1	60
0	1203
0	228
0	228
0	311
0	167
0	1149
10	183
0	137
0	19
2	219
0	123
2	1
0	1
0	0
0	111
2	93
0	111
521	111
1	26
0	24
0	42
1	83
1	73
0	22
0	8
0	20
10	99
9	73
0	61
0	22
0	11
0	8
0	0
0	0
0	47
0	24
0	51
0	0
0	0
0	0
10	704
0	665
0	696
2	35
1	23
0	17
0	45
0	1
0	17
1	68
0	55
0	21
1	30
0	1861
1	1248
0	1357
0	70
45	1569
0	145
0	69
0	35
0	302
1	97
2	1861
2	169
15	305
2	307
0	1
0	21
0	5
0	5
0	5
1	184
0	190
1	42
1	2
1	36
0	49
0	22
0	27
0	22
0	14
0	193
0	110
9	738
2	33
0	84
3	399
0	33
1	34
0	42
0	66
0	409
0	378
4	744
0	0
0	196
0	25
13	203
0	47
1	45
0	32
257	1068
2	1004
5	1015
1	1042
20	256
3	71
0	75
0	84
268	113
9	49
0	28
1	46
0	25
0	0
0	291
0	288
6	83
0	90
0	21
0	12
0	7
0	8
0	5
0	5
0	4
0	4
0	5
0	4
0	4
0	3
0	3
0	1
0	1
1107	302
12	121
8	181
0	0
0	0
0	0
0	0
0	0
0	3
0	0
0	0
0	0
0	0
0	3
1126	6
2	6
13	160
0	62
0	35
0	0
5	111
0	16
0	8
5	7
2	8
0	7
0	7
88	152
0	34
5	118
0	16
3	32
5	37
9	18
0	0
0	25
1	25
0	606
0	3239
1	566
0	3207
1	4
21	420
4	808
91	3071
1	396
0	430
4	711
84	496
0	33
10	197
4	186
10	197
50	55
2077	2205
64	1755
6	450
28	2994
23	2779
1	2876
0	202
0	839
0	90
0	0
6	675
1	149
572	58
0	58
0	130
27	0
0	130
927	2719
0	1865
0	2719
0	25
0	19
0	0
0	3
0	0
0	0
0	25
14	176
5	164
3	51
3	99
6	2
1	23
0	2
272	394
1	260
0	288
0	197
0	46
1	108
0	0
24	0
0	2
0	2
1	0
5	260
6	260
0	24
86	75
1	13
0	62
94	0
30	8
0	8
0	265
0	265
0	180
0	260
0	14
0	14
0	18
0	4
0	22
0	13
0	14
0	12
0	12
0	11
0	7
0	5
0	7
0	10
0	10
0	4
0	13
1	10
0	10
0	10
0	7
0	4
0	4
0	2
0	3
0	3
0	0
0	1
0	0
0	0
0	0
0	0
284	276
8	231
0	202
0	147
1	124
0	96
0	81
0	59
7	21
0	71
0	81
0	55
2	48
0	0
0	0
1	687
4	735
1	727
0	706
0	723
0	520
2	110
1	147
1	110
0	50
0	106
0	19
0	175
0	60
28	47
0	47
5	21
0	2
2	22
0	793
0	71
6	367
0	283
3	291
0	194
0	155
0	176
7	116
1	94
11	68
100	10
0	3
1	1191
48	1283
0	20
1	37
0	20
1	1127
0	827
0	47
0	80
7	667
0	3
0	72
8	26
5	746
2	623
0	190
0	50
0	55
0	191
274	1178
0	1179
1	176
0	242
0	391
0	237
3	395
12	292
0	720
0	1099
0	830
0	239
3	1046
2	814
0	56
0	693
5	461
7	1034
0	714
0	71
1	815
0	226
0	85
0	250
1	989
0	286
3	165
1	12
1	260
1	490
16	1054
2	44
0	114
0	0
0	0
40	1518
10	1509
0	228
0	265
0	290
0	233
22	568
0	32
13	487
0	407
0	110
2	11
0	50
0	43
0	62
0	442
3	63
4	334
1	196
3	335
0	2
0	35
0	37
0	37
0	29
0	3
0	1
0	1
0	1
0	0
0	37
0	0
0	0
0	0
0	0
0	0
0	0
0	0
48	13
90	3530
0	137
0	1629
5	3528
0	1803
0	297
1	74
11	458
276	287
2	164
2	287
0	0
0	0
0	0
0	0
0	0
0	0
0	0
0	6
3	1023
0	1054
0	1203
0	4
0	49
0	1158
345	0
0	582
53	253
0	264
0	93
1	39
1	1
1	43
0	561
0	590
0	56
1	55
9	34
0	10
0	10
0	5
9	6
0	5
0	5
0	0
0	0
0	1
0	1
1	1
0	1
0	0
0	0
0	1
1	0
16	0
2	75
0	1626
0	1389
228	1626
0	49
8	1226
1	116
17	31
0	0
0	2197
2	137
2	510
0	1568
0	2229
0	2022
0	554
2	428
0	1879
0	1808
5	137
0	354
0	772
2	417
0	282
0	203
0	459
0	606
0	250
0	388
0	381
0	427
0	199
0	263
0	165
0	2
0	85
0	47
0	16
34	203
0	30
1	107
0	7
0	14
0	1
0	27
0	25
0	6
0	12
0	14
0	10
1	21
0	6
0	25
0	200
0	545
2	550
0	606
1	598
1	223
0	381
10	64
1	163
0	114
0	114
0	118
0	103
1	29
34	14
16	27
0	17
2	17
0	606
0	0
840	0
0	509
2	802
1	762
1	156
1	51
266	425
0	263
0	183
0	1
0	1
0	1
0	0
2	0
1	0
0	0
0	0
0	0
0	0
0	16
7	16
0	33
0	470
85	492
0	88
0	4
0	1
0	1
0	1
0	4
0	1
0	1
0	0
0	1
0	3
0	2
0	4
0	1103
0	1001
2	907
0	749
0	47
6	63
2	11
6	185
14	205
1	132
0	134
1	127
54	213
1	9
6	103
0	1628
29	1595
0	174
0	165
1	67
3	105
0	220
0	228
3	314
31	140
30	1057
85	817
2	1110
0	1051
10	343
0	796
2	628
0	210
0	169
0	37
0	153
55	267
1	178
0	153
0	0
0	142
0	264
0	256
0	19
1	1
0	11
0	14
1	13
0	143
0	29
0	32
0	27
0	0
6	1150
0	1096
2	181
0	433
1	132
1	152
0	153
0	143
0	159
0	115
0	110
1	67
0	39
12	27
0	31
0	36
0	21
0	6
1	20
0	12
0	9
2	11
1	5
0	7
28	440
1	425
0	352
0	36
0	263
24	0
1	253
0	23
5	16
0	218
0	176
0	150
0	147
1	23
0	91
104	1003
6	950
0	658
0	890
0	94
0	26
0	40
0	45
0	14
0	30
0	0
0	0
0	0
0	0
0	0
0	0
12	1377
0	1391
0	1377
4	1088
1	1373
10	857
9	453
6	688
0	687
0	674
0	658
0	496
1	384
0	169
0	0
0	0
0	0
0	0
0	0
0	21
0	21
0	21
0	23
0	21
0	21
0	14
0	13
0	14
0	10
0	8
0	6
0	7
0	5
0	4
0	4
0	2
0	4
0	4
0	2
0	3
0	3
1	41
0	32
83	481
0	367
0	38
5	34
4	16
0	447
0	332
0	142
0	302
18	0
0	13
0	4
0	2
2	123
0	122
0	119
4	122
6	238
73	106
0	106
0	9
0	3
0	0
0	2
0	4
0	2
0	9
0	5
1	6
0	4
159	629
10	614
3	120
28	62
47	68
0	5
0	1
0	0
0	0
0	0
0	0
11	9
0	9
98	26
14	12
0	14
0	28
0	28
0	23
0	20
0	20
4	61
1	61
4	48
3	31
11	1498
117	625
0	136
0	214
0	152
0	153
40	1990
23	201
2	161
0	193
3	304
0	360
16	70
18	80
0	287
4	137
2	181
19	179
0	39
56	372
3	153
0	363
0	207
9	122
0	337
1	4
1	34
2	8
0	4
13	36
1	4
0	3
1	2
2	2
0	186
0	294
0	295
0	339
0	160
0	362
0	326
0	133
0	51
0	47
0	359
0	303
0	311
0	337
0	306
0	259
0	238
0	359
0	236
0	330
0	302
1	336
0	275
0	200
0	301
0	216
0	295
0	210
0	275
0	296
0	331
0	304
0	336
0	278
0	305
0	313
0	270
0	310
0	296
1	224
0	224
0	264
0	294
0	284
0	301
0	330
0	292
0	295
0	270
0	298
0	288
4	29
0	290
0	295
0	261
0	321
0	309
0	346
0	258
2	258
0	282
0	283
0	295
0	244
5	213
0	247
0	307
0	267
0	194
0	268
0	279
0	232
0	244
0	72
1	182
1	279
0	275
0	289
0	232
3	86
6	260
0	254
0	261
0	238
0	144
0	98
0	137
0	105
0	83
0	122
0	113
0	109
0	65
0	37
3	1
1	17
0	44
0	22
3	1051
894	2168
2	1689
1	29
0	42
0	88
1	61
0	39
0	42
0	31
0	24
0	21
1	220
346	246
0	47
8	36
0	11
0	11
0	0
0	2
0	2
0	1
0	1
0	2
0	2
14	619
33	921
0	930
1	945
1	601
11	373
6	188
14	163
0	0
0	0
0	1
0	1
0	0
1	0
0	0
0	0
0	1
0	1
0	1
0	0
2	7
0	0
1	229
1	7
1	4
1	5
0	14
0	14
0	9
0	228
85	1929
0	1929
16	88
0	137
4	112
0	108
0	157
0	218
5	61
0	38
0	189
0	77
0	83
1	2
0	8
0	2
12	0
1	0
9	272
1	1181
0	1191
0	1185
0	102
0	9
0	18
0	22
0	19
0	22
0	1191
0	1185
0	80
101	4
2	4
0	2
0	1
0	2
0	1
0	2
0	2
0	2
0	2
0	1
0	0
0	2
0	40
34	191
1	13
14	181
3	18
0	82
0	67
1	18
4	15
544	30
1	5
0	27
0	18
1	3
2	8
0	8
0	8
0	0
1	1
1	0
0	209
0	196
2	73
4	69
10	131
0	182
0	208
0	115
1	67
0	54
0	10
0	28
0	17
0	211
0	1681
0	1660
7	703
0	1659
10	606
4	1588
3	1472
0	594
3	203
5	272
13	273
1	2
0	3
1	31
0	22
2	241
8	261
1	413
0	1411
0	1409
0	1390
0	539
0	0
0	0
0	0
0	0
0	0
0	0
0	0
0	0
0	0
0	0
133	973
0	981
0	1099
0	429
5	123
0	177
6	76
0	201
0	199
0	30
0	122
0	95
0	103
0	81
0	239
0	323
0	297
0	195
0	247
0	166
0	255
0	160
3	230
0	163
0	79
0	150
1	84
1	40
1	1028
0	10
1	3
0	4
0	3
0	4
0	0
0	3
0	1
91	0
0	1042
0	1003
0	88
3	771
0	70
0	71
0	0
0	245
0	232
48	4
0	4
0	2
0	1
121	149
0	149
0	130
0	10
0	110
1	8
1	0
0	125
12	231
513	231
6	601
0	543
0	388
0	122
0	88
0	44
4	10
0	2
0	2
0	1
0	2
0	1
0	1
0	1
0	0
0	0
0	57
126	165
0	0
0	27
0	37
0	25
0	13
0	26
0	28
0	20
13	308
0	332
2	249
1	291
0	87
1	181
0	149
0	115
0	81
0	57
1	29
197	0
0	0
0	0
0	0
19	96
0	12
0	135
11	712
1	165
0	712
7	716
0	121
0	107
0	131
0	109
0	103
0	104
0	342
31	468
0	476
5	342
0	175
16	133
0	109
0	0
0	0
0	0
0	0
0	0
0	0
0	0
0	0
0	0
0	0
0	0
0	0
144	3821
0	3324
34	1144
1	2298
33	1778
0	1617
1	263
1	1144
3	842
2	588
0	3
1	100
0	1116
0	1173
1	1113
0	133
1	617
1	113
0	94
4	628
0	316
0	165
2	72
0	316
0	316
0	309
0	462
0	178
2	435
32	436
0	412
0	370
0	305
0	187
0	243
2	242
4	122
3	45
339	22
1	22
1627	676
3	113
1	19
0	428
1	62
4	0
9	348
0	308
5	128
2	165
0	7
0	0
0	124
3	124
31	2932
3	2000
51	195
79	2005
18	1814
0	0
27	1728
6	353
0	1489
2	694
6	0
0	0
0	0
1	0
0	0
0	0
0	0
410	140
2	0
0	6
0	5
1	16
2	3
0	18
0	44
0	21
0	14
0	24
0	20
998	366
1	109
0	347
21	21
501	250
1	171
0	86
5	70
0	84
0	1
0	1
484	94
0	94
0	196
20	180
0	170
0	153
0	16
0	598
774	1167
1	423
0	1167
35	308
3	246
0	184
0	23
3	23
1	20
8	16
10	13
2	21
0	2
0	21
0	19
0	19
1	20
0	20
1	3
0	33
0	32
1	33
0	26
1	3
0	4
138	235
0	235
1	194
0	125
0	49
0	10
1246	498
2	498
1	187
0	1072
53	1051
0	1085
0	382
2	732
1	332
0	938
0	194
3	136
0	118
0	357
1	64
12	30
0	90
0	200
9	252
2	134
0	133
5	90
0	102
0	50
0	15
0	318
0	419
0	205
0	370
12	167
11	167
0	0
2540	9573
0	156
2	1182
4	5377
6	9192
17	5452
0	0
0	0
2587	434
7	124
11	310
0	0
0	0
34	14
0	6
0	5
8	8
1	80
2	80
0	12
74	3
1	3
2	140
0	116
0	126
0	127
0	113
0	33
0	37
0	36
0	24
0	11
0	22
0	1
0	11
0	20
0	10
0	16
1	6
0	9
0	12
0	11
3	8
0	0
0	0
0	0
0	0
0	10
3	23
0	0
0	0
1396	49
17	54
0	5
0	709
5	629
3	675
1	660
3	173
0	478
6	20
1	0
5	0
0	791
0	783
0	247
0	225
58	98
0	791
210	319
1	297
0	39
13	32
0	244
0	140
0	160
1950	2157
0	451
94	754
1	2014
6	22
1	183
10	306
0	117
2	898
0	35
0	897
18	638
20	727
0	897
8	574
0	111
1	751
0	768
0	788
2	406
0	1
0	3
0	3
0	3
0	3
0	3
0	3
0	3
0	1
0	1
0	1
0	0
0	0
0	1
2	323
0	14
1	187
0	17
0	26
2	146
3	46
0	32
0	325
0	1
581	1179
0	282
1	130
1	1108
1	61
1	13
0	1126
40	1126
0	1125
1	759
2	0
1157	394
5	394
0	216
0	46
0	363
15	464
0	330
0	5
0	40
3	6
1	59
0	26
0	23
0	19
0	4
0	1
0	1
0	0
0	4
0	0
7	456
0	21
15	21
0	0
0	2
0	2
0	1
302	4036
7	3335
3	3700
15	429
0	1
0	1
0	1
0	1
0	1
0	1
0	1
0	0
0	1
27	78
5	78
0	248
0	267
0	161
0	10
4	6
12	14
1	9
1	0
5	4
0	0
0	3
0	0
0	0
0	2
0	0
0	1
0	1
0	1
0	0
0	0
0	0
0	325
0	257
54	257
0	195
0	140
3	0
1	0
0	254
0	1
0	230
0	218
0	244
0	35
0	104
0	16
0	1
0	38
0	36
0	35
0	6
0	33
0	0
0	0
0	5
0	5
0	0
0	3
0	4
0	2
0	1
0	0
1	0
0	85
7	12
0	85
0	156
0	9
0	29
7	112
32	5
0	0
3	3
6	136
0	19
0	9
0	38
0	64
0	74
0	16
0	70
0	24
0	3
1	17
0	277
0	277
0	268
0	179
3	245
0	258
0	179
0	298
17	301
0	251
0	37
0	162
0	108
1	54
0	89
1	0
0	277
2	601
0	99
0	469
0	193
0	410
9	52
60	1244
1	462
3	7
0	142
0	176
0	1239
1	163
0	142
0	184
31	1
0	224
2	295
0	163
0	130
0	163
0	85
0	31
0	19
0	24
0	22
0	17
0	9
0	7
0	0
0	1
0	0
0	247
4	210
0	135
1	119
0	118
0	60
0	20
0	17
0	4
0	14
0	13
0	9
0	7
0	8
0	6
0	6
1	6
0	4
0	200
2	72
373	72
160	83
0	94
1	94
0	24
0	0
8	0
14	218
9	49
1	105
0	65
0	0
0	144
0	18
3	131
0	197
0	28
0	0
924	0
182	83
0	82
669	0
2238	462
0	109
0	97
0	112
0	1059
0	157
0	1086
0	82
0	66
0	87
0	148
0	193
0	107
4	1078
0	76
0	186
0	63
16	52
0	69
0	114
0	1078
0	949
0	184
0	1540
0	1612
0	370
0	199
0	289
0	1593
0	1512
12	123
4	215
31	393
0	380
0	194
0	435
0	201
1	221
1	284
0	186
0	168
3	154
0	98
11	90
1	785
0	798
0	410
0	37
0	897
0	849
0	434
0	0
0	0
0	0
0	0
0	0
1	442
0	1504
14	1332
1	836
3	1226
2	543
0	1947
0	1149
89	1948
22	175
19	373
3	35
30	959
4	84
9	253
5	1027
4	161
17	117
1	1111
9	460
3	476
3	96
3	426
0	574
0	352
0	1111
2	741
0	608
0	752
0	1361
0	605
1	1065
37	1187
7	666
1	0
310	380
3	380
44	0
0	0
0	0
0	0
0	0
6	44
0	13
3	47
0	13
0	4
0	7
1	184
0	278
0	167
0	183
0	223
0	116
0	114
0	91
0	82
1	15
0	15
0	25
0	25
1	28
0	71
0	746
2	24
0	717
7	693
0	730
29	2710
5	2520
0	2691
14	1898
0	1647
18	23
1	360
78	501
2	331
5	389
0	71
18	387
1	389
11	1417
0	1394
0	685
0	763
0	759
4	190
4	246
0	249
1	25
2	312
0	204
0	144
0	131
0	98
0	83
0	53
0	24
0	23
0	1
2	18
0	24
0	25
1	0
0	24
63	26
1	4
0	6
0	1
0	26
0	11
0	0
0	0
0	0
0	0
0	0
0	0
0	0
0	0
0	0
0	0
0	0
0	0
0	0
0	0
0	0
0	0
0	0
0	0
0	0
0	0
0	0
0	0
0	0
0	0
0	0
0	0
28	5
0	5
0	5
0	2
0	0
0	2
2	2
0	2
0	0
0	0
0	0
1	0
4	1
0	1
0	0
0	205
14	224
1	80
1	119
0	26
3	223
0	211
1	200
1	29
0	34
0	20
0	28
2	13
0	13
1	46
1	3
0	35
0	27
4	43
1	17
0	15
0	14
0	12
352	656
0	646
0	17
3	86
1	103
11	88
0	48
1	30
0	53
1	49
66	386
0	201
6	359
2	0
8	350
0	83
0	292
2	118
0	222
0	6
0	34
0	6
250	0
296	0
0	14
7	27
0	24
0	456
0	371
0	0
0	0
398	629
1	530
4	497
0	356
7	94
0	132
0	94
0	60
4	6439
666	6439
25	1722
1	6
339	6
0	0
7	403
0	0
0	0
0	0
219	0
1	1
0	1
0	7
0	10
0	0
0	0
0	0
0	0
0	0
0	9
0	5
0	2
0	1
0	0
0	1
0	0
0	10
0	4
0	5
0	0
0	6
0	9
0	1
31	724
5	558
0	569
0	506
0	59
2	574
2	63
15	181
0	958
0	800
0	842
0	90
0	198
0	856
1	225
13	198
1	758
0	47
0	942
0	896
4	890
0	890
2	252
1	149
0	150
5	252
0	140
2	201
0	30
0	21
6	5
0	648
0	457
0	675
1	17
1	17
0	55
0	78
0	24
1	13
0	673
0	573
1693	0
4	132
1	119
1	1
0	13
1	10
0	0
122	1253
1	73
5	790
2	30
0	1207
0	775
0	404
1	172
0	362
21	2652
0	2630
0	2603
0	2558
0	2618
0	2450
0	2491
0	429
6	207
0	0
1	69
0	91
0	38
0	72
13	200
0	192
0	4
0	15
0	11
0	6
0	3
0	1
0	44
0	1
0	0
0	0
0	0
0	1
0	0
0	0
0	0
0	0
4	843
7	873
1	796
4	9
0	754
0	86
0	224
1003	1136
3	1030
1	260
1	318
2	214
2	69
1844	295
1	53
7	81
1	45
1	116
0	2
0	1
0	1
0	4740
0	5
0	3
0	6
1	2
0	5
0	3
53	1299
76	1299
1	300
5	151
8	80
0	30
0	35
0	29
0	37
0	22
0	10
0	36
0	33
0	30
0	36
0	7
0	11
0	10
1	3
0	713
0	5
0	0
0	8
0	1
0	7
0	1
0	4
0	4
0	4
0	2
0	2
0	33
0	4
0	2
0	1
0	0
0	0
0	0
0	33
91	530
57	497
5	217
0	242
0	160
0	271
0	150
0	0
0	0
14	295
2	282
1	175
0	94
39	3
0	146
0	84
0	58
0	58
0	44
0	8
0	44
1	21
0	21
0	10
0	12
0	9
0	1
0	8
0	8
0	6
0	5
0	5
0	5
0	3
0	3
0	3
0	3
0	2
0	2
0	1
0	1
0	1
0	1
0	1
0	1
0	1
0	1
0	3
0	1
0	1
0	0
0	0
0	0
0	0
0	0
0	0
0	0
0	0
0	0
0	145
0	145
0	145
0	147
0	145
0	145
0	145
2	8
0	8
46	330
0	32
4	297
1	186
0	95
0	28
0	114
67	114
0	50
0	876
5	792
18	836
0	827
1	857
0	840
2	70
0	285
0	235
10	70
0	76
0	235
0	113
9	99
0	524
1	0
0	0
0	0
0	751
20	543
0	494
0	338
1	122
0	732
0	305
378	2596
15	100
0	2429
3	116
3	113
1	126
0	74
0	84
10	84
0	48
11	43
51	45
0	89
14	830
0	130
0	839
0	13
11	524
0	257
399	332
6	332
0	0
0	0
0	0
0	62
0	293
0	58
1	131
0	301
0	284
0	285
0	8
1	24
1	104
0	288
1	59
0	56
0	313
0	69
1	26
3	55
21	110
43	0
0	0
0	0
0	0
0	0
0	0
0	0
0	0
0	0
38	0
1668	0
0	2
1	8
0	19
0	8
0	4
0	7
1	10
1	20
1	2
1	10
0	321
1	289
14	71
0	243
1	238
0	103
0	73
0	237
0	232
0	155
0	163
0	48
0	26
0	32
0	28
0	28
0	28
0	0
0	0
0	1
0	1
0	1
0	1
0	1
0	1
0	0
0	0
2	16
0	18
0	8
0	18
0	9
0	6
1400	1658
86	1658
10	578
5	298
0	571
3	47
0	80
4	95
0	143
0	394
0	147
0	370
0	291
1	326
0	433
0	213
20	155
0	118
0	209
126	163
1	342
0	270
0	242
0	217
29	193
2	180
0	102
0	60
16	9
0	5
2	86
320	143
0	28
0	67
1	88
0	61
1	74
1	21
16	42
0	407
0	48
7	75
0	108
0	164
0	131
0	358
0	181
0	78
0	37
0	99
2	16
0	57
0	56
3	299
0	0
0	0
0	0
0	0
0	0
0	0
0	0
0	0
0	0
0	0
2	0
0	35
0	45
52	0
1	0
0	0
0	0
0	0
0	0
0	0
0	0
0	0
0	0
0	0
0	0
0	0
340	0
1	1276
103	473
0	1076
0	1300
3	147
0	310
0	621
0	790
1	0
1	0
3	156
0	163
0	33
0	14
0	14
0	11
3	0
0	10
0	33
336	434
0	406
1	0
2	28
0	154
7	133
0	152
4	50
1	11
0	49
2	51
0	14
0	8
0	0
9	2152
0	2198
0	2198
0	2730
0	2733
4	2694
0	2199
0	2198
3	1078
21	603
12	631
1	628
0	2
0	0
0	1611
7	204
2	58
77	62
73	218
0	29
0	1
2	4
3	552
23	498
0	157
2	67
0	147
1	142
2	93
181	0
11	1
0	1
13	447
484	441
0	134
1	58
6	83
0	86
0	132
0	169
0	136
0	39
0	21
0	54
0	79
1	46
0	51
6	78
2	15
1	15
4	46
0	2
0	0
0	0
0	368
2	37
209	1049
18	937
0	0
0	0
1	103
0	992
0	999
0	841
1	233
0	120
0	49
0	172
0	68
0	49
88	234
0	19
0	15
0	1
4	6
0	6
0	1
0	0
0	0
0	24
0	0
0	216
1	0
0	209
0	0
0	0
2	216
0	12
0	18
0	4
3	146
3	1
0	1
0	0
0	0
0	0
0	0
0	0
0	1
0	1
0	0
0	0
0	0
0	0
0	0
0	2
0	2
0	1684
0	1725
113	1701
1	157
0	400
0	397
0	359
1	322
2	110
0	94
0	66
1	5
487	167
0	154
0	144
3	123
0	109
2	20
734	0
0	1812
95	919
3	123
5	1530
4	227
1	55
2	213
0	226
0	184
137	671
7	190
0	135
0	137
0	32
0	1662
0	0
0	0
0	0
0	0
0	0
0	0
0	0
41	611
87	598
0	85
5	9
1	59
0	52
0	323
1	318
0	90
0	59
1	100
3	190
0	319
3	22
0	1105
2	557
0	583
0	94
0	81
0	0
0	395
0	0
0	0
0	0
0	732
0	96
0	133
0	0
0	1104
1	94
0	0
0	0
0	813
0	389
0	315
0	364
0	127
2	108
0	107
0	303
0	197
2	529
0	92
0	343
0	95
2	71
0	71
1	0
0	118
0	0
0	0
0	132
3	5
0	0
0	0
11	243
0	0
0	311
0	0
0	301
0	0
0	0
0	0
2	56
0	0
0	73
0	6
2	114
0	8
0	4
0	5
0	106
0	3
0	3
0	1
8	44
0	52
0	118
0	92
11	24
2	15
1	0
0	139
0	594
0	540
8	425
0	223
0	18
0	440
0	382
0	293
15	125
4	71
0	711
122	569
0	454
6	690
1	462
0	290
0	293
4	140
0	393
1	64
0	40
4	29
0	10
121	0
604	163
5	158
0	105
27	1688
131	698
0	1389
0	1359
0	1314
0	1516
0	988
7	1206
0	418
56	125
0	668
58	666
0	703
0	173
31	309
23	225
0	243
0	0
0	0
0	0
1	208
0	1
0	19
0	208
0	4
1	4
24	208
0	28
0	4
1	22
0	5
0	1
0	47
0	206
0	206
0	63
0	0
0	0
0	0
0	0
0	0
0	0
0	709
4	668
0	38
0	288
1	3
0	557
3	73
0	72
676	853
0	853
14	192
1	182
0	190
0	170
427	1166
5	249
0	81
0	87
0	25
9	111
1	103
8	252
12	620
2	47
0	1
0	9
0	0
0	0
0	0
0	93
24	168
7	175
2	108
0	3
0	5
0	4
0	4
0	4
1	2
0	1
0	1
0	196
119	206
2	165
1	40
3	40
1	9
7	12
0	8
1	0
34	156
2	23
8	30
0	67
94	264
1	67
9	111
1	200
3	74
0	62
0	56
15	19
0	0
0	33
1	398
1	400
0	31
0	37
3	24
0	25
0	25
0	25
0	10
0	0
135	25
0	6
0	18
2	14
0	11
0	0
1	0
0	0
0	0
0	0
2	0
0	0
0	0
53	39
0	39
284	889
21	301
2	301
0	301
5	487
0	8
0	7
0	14
0	8
6	28
0	242
0	50
0	57
0	61
41	278
0	225
0	31
0	0
0	0
0	16
0	19
0	19
0	17
0	17
0	13
0	12
0	4
0	1
0	3
0	2
0	0
0	19
2	293
3	45
0	294
25	193
0	271
0	278
13	243
0	49
0	60
1	49
0	73
0	53
0	14
1	12
0	37
0	9
1	8
0	18
0	49
1	17
0	60
0	75
16	62
0	54
0	51
0	45
0	51
8	28
0	48
1	32
0	44
0	23
10	8
0	7
0	101
473	480
1	69
0	9
0	375
0	0
0	0
0	36
59	228
0	228
0	25
27	70
2	4
1	36
8	52
0	56
0	10
0	899
0	857
0	787
0	874
1	15
1	3420
0	1992
1173	2050
0	748
35	2050
1	1418
106	559
0	0
0	0
0	0
0	0
132	144
0	0
0	0
0	0
0	0
0	0
0	0
0	0
0	0
0	0
0	0
129	240
36	240
0	0
0	0
0	0
0	0
0	0
0	0
0	0
0	0
0	0
0	0
1	9
3	661
3	661
0	658
0	20
2	56
0	56
1	3
0	10
1	13
0	1
0	28
0	5
0	22
0	27
0	1
0	11
1	6
0	8
0	4
0	6
0	3
0	3
6	1112
0	96
26	1112
2	193
46	216
1	135
0	34
3	62
2	62
0	212
0	161
3	107
0	49
0	56
4	212
0	65
0	163
0	170
0	154
0	1245
0	1235
451	961
0	809
0	797
1	797
0	726
0	0
0	0
0	0
66	24
2	24
8	18
0	18
0	722
0	737
0	35
1	62
5	272
73	632
1	48
0	33
0	52
0	737
1	54
0	38
0	35
2	18
0	21
0	18
0	23
0	50
0	52
0	44
397	147
0	147
0	137
0	0
0	0
13	937
0	772
3	69
0	87
33	221
0	40
0	92
0	210
3	104
0	831
0	1
0	0
0	1
0	4
0	4
0	0
0	1
0	0
0	0
0	3
0	9
0	9
2	6
0	2
1	2
0	1
0	2
0	1
0	0
0	0
0	0
0	3682
0	1965
0	788
47	2407
2	1447
0	810
1	2185
306	97
9	44
0	54
3	41
0	1924
197	3957
24	3928
3	79
12	1185
0	52
0	617
0	476
0	617
0	285
0	285
0	57
1	27
0	616
56	24
0	1
0	3193
1	758
1	3558
10	785
0	144
0	3278
0	934
0	827
0	541
3	1237
1	3386
0	1040
0	779
2	749
0	3270
0	2854
0	2
0	2
0	4
0	2
0	1
0	1
0	1
0	2
0	2
13	426
0	396
9	427
0	23
0	0
5	171
0	171
0	16
6	11
0	7
427	988
151	796
3	562
9	102
0	161
0	1
11	3
0	2
33	168
0	168
0	44
0	42
0	0
0	155
1	159
24	159
6	1390
0	1290
0	811
0	846
3	835
0	868
0	166
3	122
0	103
0	0
9	66
2	36
0	0
5	0
27	27
0	25
0	3
0	1
0	0
0	1
0	0
1	379
0	754
0	1189
1	1191
1	679
0	111
0	73
1	89
3	89
0	13
0	166
0	61
0	1486
7	1468
0	521
1	534
0	463
0	73
1	65
0	62
0	13
0	309
0	0
0	66
0	12
0	1429
0	1467
0	4
0	0
0	0
0	0
0	104
0	25
0	503
31	42
0	23
0	477
0	441
0	417
0	48
0	405
8	240
3	71
0	117
0	487
41	10
0	10
0	7
0	2302
0	2479
0	700
0	398
0	450
0	1078
2	315
2	403
0	1054
0	1021
0	622
14	115
5	73
2	2246
22	3495
1	3320
0	445
5	1790
2	2566
1	1577
0	894
0	2289
0	48
0	2648
0	1741
0	2220
0	2032
0	1890
1	1993
2	34
0	2135
7	564
1	826
0	1017
0	0
0	0
0	0
0	0
0	0
0	0
0	0
0	252
0	1089
2	35
1	835
0	289
0	126
9	981
3	977
0	981
0	3
0	3
0	3
4	116
47	144
1	135
0	1
5	0
0	1
6	0
0	51
0	52
2	52
0	51
0	1
2	464
0	0
0	0
0	0
25	45
2	43
0	6
2	36
0	36
0	5
1	3
0	3
0	0
0	0
15	517
0	561
0	606
0	571
2	209
1	220
0	320
0	280
0	283
0	260
0	206
0	216
0	222
0	220
1	161
0	123
3	179
0	129
0	125
0	94
0	50
0	87
0	93
1	43
0	0
250	10
5	7
2	12
0	0
0	0
1926	1928
1	282
1	637
0	1847
1	683
5	1602
0	520
133	67
5	67
0	328
0	333
0	332
0	239
0	258
0	264
0	336
0	321
0	292
0	292
0	280
0	4
0	4
2	441
45	636
8	27
0	30
0	634
61	586
5	134
5	472
20	54
45	48
3	129
17	278
0	129
0	102
0	98
0	71
0	71
0	74
3	216
3	85
1	407
4	424
3	345
3	58
12	139
0	279
0	11
0	15
0	15
0	1
0	15
3	510
12	780
727	780
6	39
4	18
3	203
3	21
0	74
144	251
0	0
0	0
0	0
0	0
0	10
0	8
0	6
7	10
0	0
0	7
0	0
0	2
1	0
10	0
0	0
0	0
0	0
2	0
0	0
0	0
1455	0
0	393
18	393
0	24
0	131
41	333
19	333
0	851
0	0
204	228
9	228
0	137
0	68
0	0
6	877
0	848
0	1037
0	876
37	695
0	1008
0	174
21	138
12	46
0	26
1	127
0	297
0	46
1	26
2	26
2	305
18	827
37	449
0	775
0	253
0	305
0	50
0	0
0	0
0	0
0	516
27	548
54	534
1	435
267	370
0	100
0	370
0	0
0	0
0	0
0	0
0	0
0	0
0	10
0	8
0	10
0	10
0	2
1	1
0	0
0	2
0	0
0	1
205	402
0	1
0	1
1	18
0	3
0	3
1	16
0	3
0	3
1	401
4	213
0	32
0	4
0	1
0	0
0	1
2	940
0	974
6	948
0	982
6	431
2	116
0	84
0	0
0	0
0	0
0	0
0	980
1	1149
1	927
1	366
0	288
1	222
1	1142
6	13
0	13
3	3
0	0
0	0
0	0
0	3
0	0
0	0
0	0
0	3
0	7
0	7
0	7
0	1
1	2
0	952
0	1164
38	1164
9	469
1	12
1	22
0	11
2	10
6	8
0	3
1	2
0	0
0	0
0	0
0	0
0	0
0	0
0	0
0	1
0	2
0	1
0	0
0	0
0	0
0	0
0	0
0	2
0	2
35	1407
0	164
431	1505
2	1384
1	1409
0	114
0	2
0	2
341	327
0	423
10	489
9	480
383	211
1	165
0	219
0	59
35	26
0	11
0	1
16	31
0	1260
0	137
15	1989
3	1974
0	1828
0	74
15	1458
2	542
16	29
10	133
0	40
4	46
72	3319
0	3278
1	3146
11	2977
0	122
3	199
7	8
0	779
22	1046
2	47
0	973
0	18
0	0
4	13
0	25
0	5
0	72
0	0
0	0
0	25
1	20
0	26
0	8
1	1
0	4
0	0
0	0
0	11
0	72
0	0
0	103
14	313
0	418
0	512
1	563
0	592
2	529
0	168
0	183
0	221
0	19
0	218
0	239
0	1
0	512
1	434
2	590
1	625
0	607
0	7
0	160
0	369
0	135
0	378
1	12
0	21
10	19
0	39
11	39
1	33
83	1836
0	1012
0	222
0	1579
0	1704
312	543
1	147
0	23
0	55
0	67
5	376
0	20
0	0
541	348
1	162
2	80
0	185
3	0
0	0
48	492
1	436
5	487
1	23
99	216
2	3
0	214
1	12
0	0
12	2
2	31
0	20
0	303
53	163
0	5
0	5
0	5
17	349
0	71
2	286
0	11
0	35
0	0
0	39
0	5
0	5
0	33
5	25
0	45
0	0
0	0
16	0
16	60
1	60
0	13
0	184
0	633
0	680
6	654
0	650
2	473
1	256
2	369
26	201
0	347
0	365
0	585
0	372
0	247
0	274
5	89
34	355
841	0
64	191
1	171
1	130
4	67
0	135
0	92
3	62
5	25
2	34
0	0
0	0
0	0
1	0
0	0
0	0
0	0
0	0
0	0
0	0
0	0
0	0
0	0
0	0
0	0
0	0
668	84
0	29
0	83
17	286
1	84
0	46
2	14
2	32
0	13
0	83
0	11
16	144
0	19
0	20
0	193
0	31
0	154
2	2
0	186
0	7
196	1350
25	959
4	886
0	909
1	251
0	218
1	506
0	121
0	430
0	227
0	376
0	187
0	313
0	265
0	232
0	357
0	329
2	215
0	187
0	119
0	200
0	143
0	132
0	132
0	133
0	135
1	140
0	133
0	20
55	146
0	9269
0	9269
146	7388
14	318
312	3477
0	9259
4	7357
32	9015
5	9015
8	3947
1	29
1	7
15	53
0	25
0	10
0	11
0	32
0	9
0	5
0	29
3	211
385	221
0	38
104	47
0	47
3	1857
57	1857
1	0
0	0
1	0
0	0
0	8
0	1
0	0
0	8
0	3
3	3761
2	7480
0	0
1	0
1	0
78	59
0	53
0	42
0	46
1	29
0	26
0	3
0	2
5	1091
1	1025
9	1049
11	249
5	30
0	0
0	0
4	1
2173	296
2	0
0	235
0	255
0	212
2	211
0	42
0	32
1	38
0	251
1	28
6	27
0	47
0	267
1	186
0	249
0	241
0	258
0	126
0	83
1	106
0	100
14	156
0	199
2	35
2	24
2	65
1	65
1	61
1	62
0	55
0	53
0	38
0	5
0	26
0	18
4	0
4	0
0	0
0	29
0	3
0	0
0	0
0	49
250	120
11	46
0	51
1	4
0	74
0	0
0	0
0	0
0	0
0	0
0	0
0	0
0	0
0	0
0	0
0	0
0	0
0	0
0	0
0	0
0	0
0	0
0	0
0	0
0	0
0	0
0	0
1	0
18	29
0	1
0	1
194	0
0	0
0	0
0	0
0	0
0	9
0	4
0	4
0	4
1	4
1	7
0	3
0	0
0	4
0	4
0	11
0	18
0	1
0	20
2	18
0	3
0	1174
0	1055
0	868
11	890
1	614
13	593
2	492
0	728
0	785
0	621
4	539
4	251
1	159
3	248
2	79
0	155
0	193
0	110
0	80
0	100
3	109
0	56
0	78
0	75
2	15
0	46
16	46
0	7
1	27
0	34
0	100
0	133
0	242
6	370
17	102
0	344
0	241
0	84
2	204
0	70
0	335
0	131
1	85
0	38
6	141
0	153
0	69
0	45
0	224
0	550
0	2
0	41
0	105
0	512
0	649
0	659
0	508
0	51
0	15
1	4
0	653
2	637
6	75
0	337
0	113
0	74
0	41
0	154
15	0
309	670
11	43
0	578
8	227
3	109
0	36
0	67
40	382
0	48
0	92
0	40
45	79
0	10
1	17
1	66
1	6
0	0
321	126
0	139
8	144
20	111
0	8
99	132
0	116
0	49
1	13
0	10
0	7
0	2
0	15
0	2
0	4
0	0
0	0
0	13
0	4
1	3
0	7
0	3
0	15
4	14
17	400
10	70
0	61
0	16
0	1
0	315
2	786
2	12
0	802
1	1011
0	1045
1	120
0	1012
1	86
0	304
0	339
0	304
0	304
0	306
3	309
0	291
0	22
1	24
4	172
1	11
3	1
1	55
1	17
1	34
0	70
0	57
0	37
2	28
0	325
745	4318
0	154
3	0
15	172
1	59
4	396
106	1666
0	3257
0	149
3	184
0	704
2	700
0	192
0	180
1	178
0	0
0	0
13	0
0	0
0	0
0	0
0	0
0	0
0	1
0	0
0	0
19	0
0	1
0	0
0	1
0	0
0	0
0	0
0	0
0	0
0	1
0	0
0	1
0	0
0	0
19	46
3	34
0	29
0	36
4	27
3	16
2	9
6	194
907	1636
43	920
0	294
6	358
3	142
11	178
0	134
3	119
251	214
0	85
0	160
1	8
1	9
2	7
0	3
0	12
0	13
0	13
0	12
0	5
6	1836
2	216
7	1692
0	348
0	684
1	144
0	977
1	902
3	48
0	0
0	0
0	0
0	0
20	45
0	45
3	3
0	12
0	13
0	13
0	13
0	1
0	12
0	13
0	314
0	185
0	0
0	0
0	0
0	0
0	0
0	5
0	5
0	5
0	5
0	4
0	4
0	5
0	5
0	4
0	353
0	179
0	177
0	91
6	353
14	5
7	39
2	111
0	111
0	0
0	0
0	3
0	5
0	3
0	4
0	0
0	1
0	3
0	4
0	1
2	157
2	2
0	8
155	222
0	10
1	207
24	187
0	42
0	12
0	61
0	0
0	0
0	0
0	0
0	0
0	0
0	0
0	0
0	0
0	327
0	0
0	0
0	0
0	1
0	1
0	1
0	1
0	1
0	15
0	4
0	4
0	2
0	1
0	1
0	0
0	0
0	0
0	0
0	1
0	1
0	1
0	14
0	2
0	70
1	60
3	71
0	3
20	26
0	12
24	45
1	51
16	21
0	7
0	28
0	274
16	278
0	72
0	12
0	278
0	0
1340	39
0	35
55	447
2	447
0	69
0	0
0	0
1	0
16	0
7	235
4	226
38	248
0	66
0	50
5	65
0	55
0	13
0	3
0	2
12	131
76	414
0	296
0	34
1	0
0	205
0	26
3	352
0	230
2	114
8	1060
0	1072
0	1055
0	44
2	41
4	47
2	23
0	34
2	129
0	15
3	17
0	283
0	134
147	271
2	66
0	167
0	7
0	7
0	7
0	4
0	4
0	7
0	7
0	7
0	7
0	7
0	7
0	4
0	7
0	7
0	7
0	0
0	7
0	2
0	7
0	3
0	5
0	0
0	5
0	0
0	3
0	935
0	1284
1	1207
0	1002
0	1212
0	1362
2	1233
2	1039
0	1143
0	1216
1	1204
0	227
0	227
1	1201
0	1128
0	306
0	492
0	914
13	1012
55	1213
0	1012
0	1073
2	432
0	1179
0	162
1	328
0	871
7	788
0	824
2	762
1	536
2	183
0	93
0	21
0	0
0	10
363	52
1	52
19	71
0	50
61	1604
3	1471
1	531
17	489
0	225
0	640
0	204
0	624
0	570
17	544
2	247
0	27
4	120
0	197
0	16
1	145
3	0
143	1315
2	1314
0	1075
2	517
0	368
2	560
17	84
501	698
0	427
2	320
574	125
9	125
0	0
0	0
0	0
0	0
0	0
0	1
0	5
0	2
0	0
0	0
0	3
0	1
0	0
0	4
1	4
0	0
0	3
0	3
0	3
0	2
0	0
0	1
0	1
0	0
3	50
0	56
0	56
1	28
78	41
5	35
25	16
0	18
114	371
0	31
0	98
0	89
0	263
4	30
3	31
39	65
2	108
0	113
1	113
0	26
0	5
0	3
0	0
1198	145
18	145
0	18
1	0
0	0
0	0
0	0
0	0
0	0
0	0
0	0
0	0
0	0
0	0
0	542
0	1
0	1
0	0
4	900
0	630
5	233
0	797
0	483
0	139
2	339
1	218
0	32
0	44
0	330
1	0
0	168
0	84
0	25
0	23
0	10
0	10
3	6
0	6
0	9
0	0
0	0
0	19
0	19
0	69
0	19
0	19
0	63
0	0
0	60
0	0
432	280
3	229
16	46
0	176
0	24
50	133
0	32
2	65
1	43
0	45
0	45
0	20
0	39
1	28
1	657
0	240
32	240
0	615
0	635
0	663
0	651
5	176
0	653
0	651
2	657
1	654
0	0
0	0
0	0
0	0
0	0
0	0
0	0
0	0
0	0
0	0
0	0
0	0
0	0
0	0
0	0
0	0
0	0
0	0
0	0
0	0
0	0
0	0
0	0
0	0
0	2817
1	1123
0	2818
1	9
0	64
0	212
2	599
3	25
0	92
0	168
0	94
0	68
0	226
0	436
0	990
0	119
0	88
0	0
0	125
0	59
0	134
0	63
0	110
0	76
0	11
4	66
0	40
0	26
0	37
3	16
0	39
4	40
3	11
0	37
0	31
1	0
0	4
0	3
1	1
20	27
0	6
1	11
0	12
0	8
0	1
0	37
1955	6565
3	1657
0	690
0	398
0	414
0	1135
0	5315
97	4600
1	740
6	3605
0	493
0	765
0	454
0	1248
1	413
36	1913
0	946
1	640
7	696
0	1581
0	21
0	1159
0	334
516	435
5	355
1	338
0	169
0	680
7	157
7	903
20	10
2	104
1	686
0	697
6	527
24	15
0	670
7	616
0	1
0	499
0	366
0	552
0	796
0	145
0	30
0	796
0	265
0	761
0	664
0	736
282	278
0	11
1	0
0	52
0	18
0	38
0	28
0	33
0	81
0	16
0	11
0	293
0	0
24	196
0	39
0	64
0	93
0	206
0	53
0	86
1	40
0	93
0	11
0	78
0	112
0	0
0	45
0	87
9	183
1	230
0	230
33	0
0	0
0	0
925	0
0	0
0	0
0	0
0	0
0	0
0	0
0	0
0	0
0	0
0	0
0	0
0	87
1	101
0	696
0	87
0	687
2	69
0	118
3	62
0	651
1	280
9	116
0	24
71	263
0	131
2	142
0	236
0	139
134	242
3	251
0	154
0	117
2	17
4	23
1	17
0	4
0	32
0	4
0	32
2661	2263
23	2107
0	68
209	403
0	106
5	54
0	42
8	81
0	92
0	191
0	200
12	321
3	2
0	0
1	1
0	0
0	1
0	63
0	34
0	438
0	431
0	431
0	265
2	160
0	382
13	417
5	204
0	345
1	171
4	68
15	24
9	169
0	0
0	795
141	135
0	35
6	30
0	70
0	125
0	58
0	1278
1	459
2	526
0	719
1	64
0	321
0	166
3	367
0	1149
42	251
1	0
0	0
0	0
0	0
0	0
0	0
0	0
0	0
0	0
0	0
0	51
0	41
4	51
0	191
0	1
0	1
236	45
0	24
1	21
0	428
0	1249
422	85
1	85
0	0
0	0
0	0
0	0
0	0
0	46
0	903
14	1189
0	0
0	0
0	41
0	153
2	120
0	44
0	87
3	3
1	26
0	127
5	468
7	43
4	28
0	28
0	170
0	468
0	406
0	248
2	93
2	63
0	426
14	0
0	749
1	761
0	781
0	751
0	780
0	733
0	217
1	160
0	398
0	428
0	388
0	288
1	311
1	168
0	148
0	171
0	158
0	137
0	110
2	107
0	109
1	83
0	58
0	0
0	94
0	49
0	61
0	65
0	18
0	23
0	23
0	16
0	60
2	8829
3	8604
6	8603
0	1902
0	4559
1	4566
0	1949
0	2831
0	2149
0	2530
0	2502
1	1861
16	2043
0	1668
0	1670
0	1069
4	750
0	716
0	500
0	246
3	21
0	8813
4	8696
0	378
0	376
0	378
0	377
0	269
0	376
0	25
0	17
1	24
3	26
0	7
0	1
1	0
0	220
0	223
0	0
0	0
0	19
0	6
1	15
3	11
0	516
0	511
0	27
0	25
0	28
0	9
0	512
0	29
0	30
0	28
0	0
0	11
23	353
0	509
0	27
902	0
0	57
74	46
16	22
0	44
0	18
0	23
1	61
0	50
8	41
2	49
0	34
0	24
0	36
0	21
0	15
9	13
8	24
0	11
0	10
0	17
0	11
20	1
10	7
10	17
0	21
0	44
0	3
0	149
1	1681
0	232
1	1692
0	76
1	1588
0	2663
2	1288
0	595
1	808
1	767
0	498
0	169
0	745
0	604
0	108
0	458
0	472
0	169
0	454
0	454
0	385
0	1253
0	1021
0	241
0	36
1	69
0	68
0	34
1	7
0	4
0	4
0	0
0	1
0	3
0	6
0	56
0	24
0	83
239	141
0	17
0	79
0	25
0	27
0	7
0	22
0	22
0	92
0	38
0	33
41	283
0	260
2	65
4	23
0	0
0	0
0	509
0	421
0	424
0	424
0	423
0	9
0	9
1	555
0	14
4	446
0	548
0	2
0	1
3	549
1	557
3	104
0	556
3	1143
19	593
1	108
0	0
0	0
0	150
2	165
0	73
0	44
0	56
0	18
0	282
0	382
0	1881
1	724
19	1394
61	1455
1	248
2	1433
1	325
11	206
1	429
10	433
0	755
4	429
1	428
1	619
8	422
1	43
0	381
0	2
5	355
4	614
14	6
14	6
0	0
18	352
17	178
1	176
0	340
10	326
1	28
0	37
0	139
0	75
0	52
0	226
0	266
0	683
0	522
0	669
0	666
0	664
0	647
0	344
1	675
2	663
0	673
0	639
0	681
0	703
0	676
0	717
0	679
0	426
0	653
0	693
0	636
0	570
0	314
0	416
0	360
0	406
0	603
0	420
0	534
0	488
0	0
0	0
0	0
0	0
0	0
0	0
0	0
0	0
0	0
0	0
0	0
0	0
0	0
0	0
0	0
0	0
0	0
0	0
0	0
0	13
74	165
0	4
1	159
3	147
3	0
3	164
0	166
9	161
0	4
2	4
0	0
0	0
0	0
0	0
0	1
0	2
4	54
0	136
0	64
51	109
0	0
0	0
0	0
0	0
0	0
0	0
0	0
0	0
0	0
0	0
0	0
0	0
0	0
0	572
0	549
0	516
0	520
0	577
0	492
0	559
3	68
0	528
0	495
0	1
0	507
0	537
0	256
0	473
0	44
1	336
0	25
0	324
0	35
1	29
0	26
0	15
5	37
0	108
0	15
1	35
2	28
1	97
1	5
0	35
6	75
0	1
0	1
0	0
0	2
0	1
1	104
0	363
0	343
0	138
0	300
1	300
0	321
0	166
0	120
0	81
3	124
0	33
0	67
0	27
0	122
0	0
0	0
0	0
0	0
0	0
0	0
0	0
0	0
0	1168
28	153
0	61
0	61
0	577
0	156
1	124
3	229
0	1102
0	1257
0	1257
0	618
2	150
4	1122
12	13
5	280
0	57
0	15
1	63
51	286
0	101
2	83
0	1
0	0
0	0
0	1
371	60
4	60
0	26
941	0
0	0
0	0
0	0
0	0
0	0
0	0
0	0
0	0
48	404
246	539
0	170
0	68
60	0
0	43
0	0
0	0
0	0
0	0
0	0
0	66
206	462
31	459
0	390
6	336
0	119
596	84
0	74
1	18
0	25
0	15
1	18
0	4
4	52
0	50
0	0
0	3759
0	3776
0	1745
0	1695
2	336
0	1470
0	3304
0	3453
5	3435
0	3467
0	3438
0	3524
0	3114
0	2578
1	2656
0	2747
0	2510
1	2254
11	1654
0	2143
6	2061
0	2534
0	2199
11	2618
5	1798
1	2207
0	2234
0	2431
0	1820
0	1691
0	1731
6	937
0	815
0	463
0	571
0	72
0	410
0	546
0	484
0	434
0	157
1	344
0	260
11	54
1	286
3	286
0	164
0	135
0	0
5	640
74	642
0	645
0	14
0	0
0	0
0	1550
0	1861
1	1779
6	324
2	125
16	137
110	341
0	14
2	16
0	47
3	13
0	10
0	27
0	41
0	31
0	25
0	232
0	5
0	19
0	24
0	232
2	4852
0	4828
2	1390
1	700
0	3533
0	4851
0	868
0	1232
0	4147
18	4370
0	958
3	1009
0	3232
1	595
1	628
23	980
88	2505
0	176
0	44
1	46
2	638
3	293
4	82
12	116
48	1311
1	1145
0	1024
3	1145
11	51
58	31
0	32
0	38
1	17
0	3
0	3
0	1
0	1
7	965
46	594
0	114
1	20
0	66
0	154
0	581
8	47
0	18
0	0
0	87
13	79
0	14
1	56
0	134
7	2
8	11
0	91
7	97
0	945
0	965
5	629
0	386
8	468
38	692
3	75
2	46
0	129
0	88
38	796
1	703
3	237
0	38
0	791
0	10
1	324
0	129
0	0
0	0
0	0
426	19
3	19
1	2737
7	4090
5	3692
119	3819
15	3939
1	3967
5	3997
0	3898
1	2145
11	445
5	144
0	1477
0	3055
0	3713
0	2527
4	2145
0	1639
0	773
0	1
0	1
0	1
0	1
0	0
0	0
0	0
0	0
0	0
0	0
0	0
0	2
0	0
0	3
1	0
0	5
0	5
0	5
0	0
55	2119
5	94
0	305
1	292
0	1713
3	1945
0	241
3	119
0	78
39	38
0	538
6	15
0	1832
1	0
0	52
0	18
0	2
0	34
0	17
0	52
0	14
0	44
1042	93
2	93
1304	2270
0	2193
3	366
0	1845
8	373
0	1876
0	866
4	397
0	856
0	199
0	223
8	218
0	331
1	358
0	473
0	220
3	456
0	439
0	18
0	66
25	100
0	79
0	9
0	75
0	71
2	73
0	68
3	67
0	10
0	41
0	5
1	11
1	2
2	7
0	1
7	4
0	276
0	1521
23	2284
0	2273
0	104
0	134
1	1
0	86
0	259
4	144
0	273
0	136
0	269
0	64
12	16
6	177
9	264
0	34
1	181
4	155
4	213
0	7
0	33
0	182
0	221
0	29
20	54
0	46
8	10
0	13
0	6
0	0
0	628
115	629
0	60
0	466
12	35
0	90
0	0
0	2
0	0
0	0
0	0
0	4
0	4
0	4
0	2
0	2
209	12
0	136
0	190
1	213
10	40
1	48
3	199
0	173
2	116
0	159
0	121
0	132
1	66
0	125
0	80
0	38
0	0
0	0
0	0
0	0
0	1
0	1
0	0
0	0
0	0
0	0
0	606
5	405
0	1640
0	1694
0	540
0	1371
0	1435
3	141
29	428
19	344
0	621
4	292
0	499
0	352
13	102
422	55
0	55
0	2
28	117
0	495
0	213
7	202
1	83
563	506
2	30
3	117
1	205
0	83
0	1
0	0
0	924
5	848
0	898
7	283
3	201
1	36
1	523
3	47
0	246
0	102
4	3223
43	3274
0	655
0	584
0	305
0	279
0	124
0	16
0	23
0	27
0	1020
5	1037
0	8
3	1005
26	645
0	0
0	1308
20	1467
16	4191
22	2278
4	2766
0	4208
1	806
2	3534
0	2591
13	16
44	0
59	1334
0	718
0	12
0	27
0	0
0	0
0	0
0	0
499	1054
6	270
0	421
7	946
0	64
3	293
0	362
0	271
0	106
0	303
182	307
6	24
3	1
0	41
357	6541
430	3013
0	6144
70	4713
0	6302
0	1248
2	3335
1	3800
1	2511
0	1797
1	1414
1	1057
2	121
0	213
2	83
0	681
0	196
0	641
641	869
83	218
4	3
0	127
1	380
0	468
0	2
0	394
3	265
0	53
0	618
145	979
1	630
0	637
0	583
0	559
0	606
0	624
2	733
5	24
0	31
2	668
40	63
1	2515
2	2271
326	5733
0	2614
0	4601
0	5351
0	4190
1	3333
0	692
2	768
0	289
0	137
1	134
44	18
0	10
0	66
2	9
0	175
0	154
0	122
0	126
0	112
2	6
0	52
0	0
0	10
1	3
11	84
0	135
0	163
0	144
1	1
3	0
35	1729
0	1433
3	1228
0	710
0	883
5	968
5	272
0	733
0	223
2	110
0	0
0	0
0	0
0	0
0	0
0	0
0	0
0	0
0	0
0	0
0	0
0	0
0	0
0	0
1	10
20	514
0	41
0	41
0	517
0	187
0	485
0	0
0	0
0	0
5	109
5	110
0	42
491	42
1	110
1	6
19	6
0	2
0	4
16	546
0	360
0	41
1	45
0	58
0	36
0	16
0	14
0	546
0	546
0	0
0	0
0	0
1	3
0	25
6	1
1	0
74	22
0	988
1	166
4	1338
14	1201
3	764
0	643
3	184
0	0
0	1338
0	833
0	877
0	1119
2	718
1	87
5	58
0	62
0	401
3	532
2	463
0	0
0	0
0	0
17	2173
2	804
0	1769
0	1906
0	2028
0	1630
0	1100
3	278
0	696
0	407
4	350
2	266
0	238
57	336
0	317
0	152
0	0
0	0
0	0
0	0
0	0
0	0
0	0
0	1503
3	1448
0	1356
0	1439
0	1403
12	492
14	590
8	590
0	1505
1	1420
1	1423
0	1406
0	1431
0	1220
0	1406
0	1448
1	1425
0	1503
0	1426
0	1470
1	1404
1	151
0	1351
1	1426
0	1503
0	1470
2	121
9	167
37	1052
13	809
10	669
3	128
700	169
17	137
0	51
1	260
169	102
4	0
0	1
1	1
0	0
0	1
0	6
0	6
0	0
89	0
0	285
11	610
16	105
0	643
1	397
0	407
0	408
0	408
10	19
7	8
0	163
0	49
0	26
1	298
0	21
0	294
4	21
0	282
4	67
7	242
0	0
0	0
0	11660
0	11851
0	11013
0	11748
0	4016
33	3894
0	3802
0	1894
5	1759
185	1325
0	914
0	834
64	18
4	272
0	83
0	24
0	7
0	0
0	1
0	257
0	2477
0	2638
0	474
0	2437
2	2368
0	2597
1	1817
0	2340
185	1155
1	2292
0	2594
0	2481
0	2404
0	2563
0	2424
0	2603
0	2222
0	2590
0	2528
0	2583
0	2486
0	2340
0	2452
0	2253
0	1998
0	2087
2	2056
5	1280
0	1311
0	1311
0	1340
1	1091
0	920
0	998
2	838
0	211
1	461
0	475
3	414
0	342
0	3
5	4
108	0
4	1469
0	1422
0	1321
0	726
0	146
3	83
0	3
0	1360
0	108
0	180
0	748
0	100
4	133
0	249
3	273
3	137
0	110
0	237
0	612
7	87
1	277
13	285
1	202
0	151
0	35
440	40
0	40
0	1
0	0
0	495
4	497
2	76
0	63
1	48
0	23
1	1
0	0
0	322
0	313
1	300
0	139
5	170
3	274
0	200
30	253
0	41
1	28
0	30
17	24
11	86
0	8
1	23
0	37
0	0
0	0
0	0
0	0
14	470
73	461
1	380
20	220
33	64
26	66
1	54
1	1521
35	1403
0	1397
0	1395
0	544
1	503
0	751
0	410
1	315
0	478
0	412
0	83
0	291
0	228
1	156
0	0
0	0
0	0
0	0
0	0
0	0
0	0
0	0
0	45
0	43
2	10
1	2
0	1
0	1
0	0
0	2
8	61
0	51
0	22
0	10
0	6
3	54
9	57
0	21
0	21
0	0
0	14
0	0
0	0
0	0
0	0
0	0
0	25
0	9
0	24
2	9
1	3
3	5
0	4
0	3
0	3
104	872
6	114
5	782
0	0
0	0
0	0
15	0
0	265
6	265
102	265
3	7
0	0
0	1
0	2
0	2
0	0
0	0
0	0
0	2
0	2
125	9
79	0
416	247
21	245
0	0
0	16
33	650
0	563
0	569
0	562
2	331
1	356
0	326
2	371
0	66
27	154
0	126
0	142
5	32
1	79
17	22
0	10
0	11
38	21
0	21
0	0
0	3
0	0
0	6
1	4
0	3
0	4
0	4
0	0
0	0
21	129
0	118
10	94
0	121
0	50
22	19
0	16
0	16
0	20
0	13
5	8
0	119
0	126
183	321
1	251
1	136
2	94
0	156
0	341
0	345
0	327
9	115
0	45
52	3
0	106
0	98
3	1
0	0
0	854
0	300
1	160
0	773
0	91
0	870
0	104
0	255
12	789
7	878
0	1131
4	1193
7	1085
1	531
0	739
4	134
0	92
0	242
1	106
7	62
10	137
1	3
0	1065
0	1047
0	375
0	384
0	324
0	7
0	382
1	291
3	105
0	102
0	141
5	52
0	76
0	8
0	29
28	43
0	23
1	38
0	2
0	1
0	0
0	2
0	2
0	124
2	43
2	42
669	124
0	3
0	4
16	3
0	7
1	18
341	11737
31	2905
1	2906
24	11587
0	11498
0	4603
3	11573
74	5403
0	6
0	6
0	7
0	0
0	6
0	2
0	0
0	204
0	169
0	208
0	30
0	28
0	20
1	41
0	44
0	3
0	20
0	35
0	25
1	14
0	7
0	19
0	14
0	17
0	11
0	10
4	10
3	3
2	0
0	0
0	0
0	0
0	0
0	0
0	0
93	72
0	27
0	57
0	52
0	45
0	2
1	159
3	456
2	602
4	926
0	990
1	990
12	235
0	888
6	65
1	61
2	178
0	203
0	228
0	231
2	132
0	121
0	92
16	85
0	908
69	723
0	251
21	175
2	314
3	356
7	52
2	432
0	0
0	0
0	0
0	0
0	0
0	0
0	0
0	0
1	2867
0	2272
1	2845
9	2865
12	2924
0	2884
0	627
16	153
4	113
0	367
0	301
0	2104
0	2798
0	152
0	149
0	139
0	271
0	2821
1	2686
2	75
0	79
1	693
43	2640
0	327
57	1905
2	413
8	447
0	76
646	222
0	69
1	54
1	7
2	10
0	0
0	104
0	116
7	4
0	0
0	4
0	4
3	3
0	4
0	4
759	791
0	792
9	618
2	564
0	240
1	39
4	161
10	166
0	0
0	0
0	0
0	0
0	0
0	0
0	2498
5	671
1	699
2	132
11	127
1	112
0	2497
0	1009
0	59
0	60
0	8
0	25
0	7
0	41
0	9
1	14
0	5
0	6
0	2
0	1
800	567
4	383
0	258
3	2
0	1
0	2
4	12
98	17
1	17
1	321
0	6
14	332
0	277
0	210
0	192
0	58
0	33
0	29
0	36
3	22
0	30
0	213
0	102
0	79
0	260
0	267
0	451
0	447
1	0
0	87
0	367
0	273
0	485
11	429
7	294
0	171
0	0
0	0
0	0
0	0
0	0
0	0
0	0
0	129
0	11
0	9
0	104
0	37
0	30
0	34
0	26
0	27
0	19
1	19
0	0
0	0
0	0
0	0
0	0
0	0
0	0
0	0
756	35
0	34
11	587
0	146
5	19
0	23
0	6
35	86
6	514
1396	245
2	167
1	145
0	41
0	8
0	0
0	162
0	51
0	184
0	44
0	64
4	160
0	13
0	34
0	46
0	73
3	12
10	26
0	25
9	6
0	14
0	2
0	2
0	2
1	2
0	1
0	0
0	0
0	0
0	185
0	90
41	670
0	150
4	159
1	130
1	114
1	2145
0	2146
0	49
0	49
0	1
2	40
0	41
0	136
13	7
4	9
6	1436
1	183
8	1160
7	679
0	425
1	270
3	60
0	200
6	239
1	51
362	171
0	13
0	109
0	38
0	61
0	40
4	219
2	179
0	229
0	219
6	11
9	11
3	377
3	653
0	662
1	18
5	19
0	37
0	1
0	45
65	262
0	37
0	261
10	17
0	3
0	2
0	13
0	15
0	13
0	10
0	12
0	12
2	14
0	14
0	15
0	2
0	12
0	15
0	12
0	23
0	54
0	0
0	3
2	52
0	55
0	5
0	2
0	29
7	47
0	0
0	1
0	6
0	10
0	19
0	10
0	31
0	1
0	12
2	10
0	38
1	49
0	3
0	11
0	11
0	10
0	4
0	0
0	0
0	1
0	1
0	0
0	0
0	1
0	0
0	0
0	1
0	1
0	0
0	0
0	0
0	0
0	0
0	0
0	0
0	0
0	1
0	4
0	4
0	4
0	3
1	4
0	6
0	6
1638	1734
0	1374
0	1070
4	867
4	1121
0	359
0	82
0	0
0	0
24	411
0	402
0	30
1	173
0	113
0	156
1	133
0	0
300	1215
0	1109
0	351
0	252
0	181
3	163
0	110
1	108
0	58
0	68
0	78
1	33
0	0
0	0
0	0
0	0
0	0
0	0
0	0
0	0
58	690
13	1987
0	2051
0	1961
1	221
0	986
1	145
0	138
11	0
99	0
0	255
0	1313
1857	1311
1	1748
1	4282
0	1631
0	4347
0	2409
0	0
0	4
0	0
0	4
0	5
0	8
0	8
0	8
0	0
0	641
6	591
1	461
0	511
0	391
0	320
0	330
5	43
0	78
0	244
4	239
0	254
9	24
10	201
0	104
0	418
0	173
0	35
2	377
0	22
2	189
2	49
6	80
0	3
0	12
0	7
0	15
0	5
0	2
0	15
0	2
0	2
0	15
0	3
0	0
1	0
0	0
0	3
0	10
0	9
0	9
0	2
0	8
0	5
0	1
0	1
0	0
0	0
0	0
0	0
0	0
0	3
0	1
0	0
0	1
0	0
176	80
0	62
0	47
0	0
0	0
0	0
0	0
0	0
9	1
0	1
0	175
0	294
0	325
0	4570
0	3273
0	791
0	182
0	491
0	478
0	539
0	4572
5	3185
0	2724
0	3310
46	657
5	1895
20	631
1173	0
0	3
0	3
21	648
26	648
8	610
0	30
4	191
0	1
0	13
0	18
0	12
0	22
6	13
0	32
0	12
0	13
6	17
0	1
0	3
0	4
0	1
0	2
0	1
0	920
44	1011
2	186
0	320
5	483
3	90
1	193
15	62
11	34
0	21
0	12
3	34
0	6
2	15
0	0
0	0
1	1
0	1
0	0
1	0
194	178
0	30
0	98
1	152
0	26
0	122
1	0
0	0
49	840
0	730
0	278
6	2
0	2
0	2
1	0
0	0
0	0
0	0
0	0
0	0
0	0
0	0
0	0
0	0
0	0
0	0
4	81
0	79
0	8
0	2
2	34
0	34
0	2
0	14
0	2
7	81
1	81
1	39
0	35
0	60
0	31
0	22
0	19
0	13
0	13
5	349
0	769
0	796
4	115
0	182
0	163
12	161
1	209
0	194
0	129
0	77
0	124
1	331
6	329
0	1
1	3
0	0
0	3
0	94
0	2
0	45
0	1
2	91
0	95
0	18
1	49
0	39
0	44
1	49
0	13
0	10
0	4
1	246
0	258
0	225
1	246
6	287
0	368
11	216
0	385
4	392
4	393
0	461
6	204
0	0
0	110
1	305
0	383
10	0
0	0
60	6842
8	7788
2	4802
235	4837
10	1243
0	172
0	0
0	0
444	0
2187	1928
34	1858
0	1418
0	257
3	202
3	192
0	62
0	3
0	0
0	0
0	0
0	3
0	0
0	48
0	1096
0	1051
3	1108
0	1145
0	1094
1	286
0	1006
0	996
0	596
5	291
7	288
0	934
0	798
1	56
0	24
0	713
0	343
0	81
0	93
0	716
6	182
0	283
0	74
0	55
2	120
0	146
3	52
0	962
0	299
28	884
0	835
0	1881
4	1995
0	1887
0	2339
1	887
0	1751
0	2257
0	2124
0	928
0	1313
1	156
2	264
0	1106
0	1217
0	1510
0	181
0	373
6	341
2	11
0	136
17	56
2	1017
0	247
1	210
0	207
0	291
0	265
0	242
0	192
0	164
0	2205
0	95
4	56
5	225
3	131
1	66
2	65
1	21
0	0
0	0
1	29
6	9
0	8
1	6
0	18
0	0
0	359
0	359
0	1
0	1
0	1
0	0
1	4
1	10
2	0
1	7
1	2
1	1
0	0
0	0
0	0
0	0
0	500
0	509
0	0
0	128
0	0
0	199
0	15
0	15
0	116
1	30
0	17
0	14
0	26
0	824
3	718
0	27
0	213
0	55
0	19
4	9
0	27
11	102
0	148
0	422
0	130
0	8
6	656
0	25
3	44
1	5
0	5
612	0
505	1963
0	106
0	134
0	211
0	347
0	367
0	213
0	356
0	394
0	89
0	57
2	90
3	12
0	190
6	670
0	264
7	46
13	112
0	106
3	6
0	9
0	9
0	7
0	2
0	1
0	0
0	3
0	1
0	1
0	1
0	0
0	0
0	0
0	0
0	1
0	0
0	0
0	0
0	0
0	625
1	13
3	645
0	101
0	79
6	21
2	4
0	48
4	61
0	26
2	25
0	13
32	316
0	19
2	99
0	236
0	28
0	12
0	21
8	520
0	552
0	536
0	286
0	272
1	68
0	529
0	384
0	528
0	387
0	183
8	410
2	449
1	418
0	522
0	516
0	309
0	528
0	12
0	4
0	7
0	12
0	1
0	1
0	0
0	1
0	1
0	1
18	218
1	170
1	218
1	5
0	3
5	0
0	1
0	0
0	0
0	0
0	0
0	0
191	1295
0	1236
0	887
0	896
1	960
0	864
23	278
1	246
0	159
0	266
0	131
3	153
0	150
0	110
0	44
0	47
0	769
0	561
0	0
0	0
0	0
0	28
0	28
0	1047
771	1047
1	671
546	205
0	158
0	106
0	165
1	122
0	23
0	42
2	102
0	63
0	0
0	2
0	2
0	0
0	2
0	2
0	2
0	0
0	2
0	2
0	2
0	2
0	2
0	2
0	2
0	2
0	0
0	0
0	0
0	0
0	0
0	1
0	1
0	1
0	955
1	937
0	923
0	58
29	0
509	448
9	130
0	102
0	126
0	18
0	11
0	3
0	6
0	7
0	6
0	1
0	5
0	4
1716	52
1	52
0	16
0	15
0	13
0	12
0	10
0	11
0	1
0	3
0	0
0	5
0	2
0	2
0	0
0	1
0	1
0	2
0	0
1	2
0	2
0	1
0	1
0	2
0	1
0	2
0	1
0	0
0	17
0	0
0	0
0	0
0	0
0	0
0	0
0	0
0	0
0	0
0	0
6	132
0	108
1	75
0	117
0	0
0	1
0	1
0	1
0	1
0	0
0	0
0	0
0	0
9	100
447	207
35	107
6	0
890	0
91	367
18	367
225	324
0	13
0	205
0	29
0	7
0	0
117	2318
11	2316
0	1898
2	529
119	403
0	542
4	0
1	0
0	70
0	78
0	71
1	45
0	33
0	22
0	0
6	12
2	12
0	3
116	92
0	83
0	81
2	15
0	21
0	22
0	9
0	2
0	4
6	1123
1	1080
0	610
1	617
6	675
0	659
5	1105
0	471
0	1059
0	8
1	657
6	333
0	518
0	4
0	5
0	4
0	4
0	0
0	0
0	1
0	0
1	0
0	0
0	0
0	0
0	0
0	0
0	0
0	0
0	0
0	0
18	7613
0	6748
5	3286
2	6462
31	438
0	5252
13	7348
58	1679
0	7610
0	0
0	0
0	0
0	0
0	0
0	0
94	1522
5	304
6	207
1	1076
2	362
0	63
47	700
1	407
1	293
0	36
0	44
0	17
112	551
0	72
0	44
0	83
0	39
1	68
0	59
0	80
0	59
3	63
1	364
0	77
4	191
11	324
0	60
3	1
0	78
0	84
0	62
0	91
0	34
1	0
4	0
0	3
0	1
0	1
0	0
0	2
0	0
52	0
0	0
0	0
0	0
0	0
0	0
0	0
0	0
1	1086
11	1084
1	98
0	1
46	532
0	508
0	515
0	509
48	414
0	499
2	285
0	2
3	2
0	2
0	7
0	65
0	15
0	81
0	64
5	1370
0	60
1	1366
0	0
0	83
0	1367
18	58
1	44
0	34
44	794
0	863
0	495
27	41
2	461
4	12
0	15
0	10
1	6
0	8
0	1285
42	1067
0	497
6	114
2	721
0	183
0	222
8	266
0	134
25	33
0	198
0	228
0	249
0	227
20	245
0	130
0	134
0	91
0	68
9	142
258	83
3	54
3	58
0	0
0	0
0	0
0	0
0	0
0	110
0	164
527	672
0	659
0	126
1	87
0	1454
0	1471
0	386
4	312
0	304
0	264
4	0
0	130
0	130
0	61
0	86
0	14
0	12
0	3
0	1471
0	1457
0	384
0	1461
0	1548
0	1497
0	1547
0	143
0	170
21	103
0	147
0	85
0	91
0	92
0	77
0	30
7	28
16	56
4	56
0	34
0	22
0	29
0	23
0	26
13	25
0	19
2	15
2	0
44	35
7	35
0	0
754	1257
1	931
5	800
0	784
0	638
1	607
0	307
525	226
0	83
1	160
0	0
0	0
0	0
0	0
0	0
0	0
0	0
0	0
0	0
0	0
0	57
0	57
1	58
0	57
0	57
0	55
0	12
1	4
0	13
0	20
0	18
0	14
1	13
94	7808
0	4667
112	9079
0	8233
5	6988
0	4388
39	438
18	920
0	344
0	692
0	11
0	246
0	570
0	58
0	572
0	15
0	48
0	33
0	25
0	73
1	42
0	350
0	16
0	83
0	106
0	915
2519	1132
0	1132
459	392
0	41
35	268
8	326
280	515
0	153
0	74
0	474
3	63
0	51
0	78
0	49
0	18
0	0
1	131
22	41
0	854
0	90
0	51
0	64
0	727
0	89
0	785
11	88
16	691
3	679
5	30
0	89
4	564
0	65
0	64
0	478
0	71
0	162
11	481
4	198
26	1953
0	2160
0	2160
0	277
1	270
1	158
5	183
1	63
2	43
11	6
0	236
0	124
0	120
7	236
0	115
0	55
0	24
0	26
0	2
0	0
0	0
0	278
11	277
0	203
0	221
0	192
14	19
0	1
0	1
0	6
0	8
0	9
0	0
0	8
0	8
0	8
0	3
0	0
0	0
0	0
930	2
9	0
0	23
135	41
0	18
0	1522
0	1549
4	1523
0	1549
0	1517
0	1524
6	1513
2	1306
0	560
0	435
0	283
0	233
0	111
1	30
0	29
0	22
7	10
43	0
533	437
1	107
0	198
0	185
3	11
19	196
1	186
0	183
1	155
0	99
0	0
0	59
0	49
0	188
0	39
0	43
0	21
0	24
0	182
0	155
0	21
0	42
0	0
0	22
6	139
0	159
0	41
0	46
0	151
0	54
0	33
1	31
0	21
1	282
0	0
3	872
0	734
51	842
28	679
6	485
0	0
0	0
0	0
0	0
2	21
0	351
0	21
0	338
0	346
0	334
0	50
0	16
0	30
0	27
0	0
0	47
0	26
0	18
0	15
174	0
199	407
4	77
2	330
0	0
0	0
0	0
0	13
0	531
0	67
0	540
0	534
2	1
0	512
1	12
0	32
0	539
1	210
2	226
0	90
0	73
0	63
4	18
0	24
1	418
1	41
0	48
0	51
0	17
0	377
107	374
0	371
2	1133
2	503
0	985
3	223
6	399
3	291
8	314
0	558
35	150
0	375
0	348
0	415
0	335
0	378
0	220
0	125
2	65
65	644
0	496
0	228
0	636
60	681
0	47
0	330
0	121
0	87
0	104
0	122
0	91
1	13
1	7
0	670
0	0
0	2460
0	126
44	3189
0	2217
0	57
0	2225
0	3005
0	243
0	0
0	160
39	81
0	274
2	1194
0	251
3	1053
32	1034
0	1176
3	51
366	293
5	205
0	150
9	74
14	140
1	140
0	1024
0	357
0	257
0	81
0	85
0	14
0	0
0	992
4	917
0	0
0	2
0	2
0	2
1	0
0	0
0	2
0	2
0	1
0	10
0	9
0	1
0	7
0	1
0	10
0	1
0	1
0	6
0	0
0	0
0	0
0	0
0	2
0	3
0	219
0	163
0	125
0	99
149	215
0	231
0	214
0	65
0	178
0	6
0	10
0	62
0	58
0	73
0	54
0	74
0	123
0	113
0	8
0	59
0	109
0	52
0	92
0	144
0	10
0	10
3	82
0	145
0	105
0	193
0	160
0	73
1	7
2	28
1	26
54	2612
53	645
0	90
0	2612
0	0
0	11
0	11
2	11
10	11
0	0
139	0
61	1136
33	1036
4	135
1	455
4	47
19	917
0	0
0	3
1	3
0	0
0	0
0	3
0	2
1104	0
5	105
0	72
0	308
0	309
0	343
2	155
0	172
0	64
2	327
2	122
0	64
0	330
0	125
0	76
4	29
10	94
0	56
1	51
2	63
0	17
0	62
0	0
0	0
202	1176
0	1151
0	739
0	180
2	136
90	1035
6	819
0	661
3	1080
0	127
14	57
0	71
0	48
5	161
1	636
0	48
0	64
0	654
11	9
0	9
0	3
0	4
0	4
0	3
0	340
1	26
0	22
0	18
0	341
9	16
0	39
0	341
0	340
1665	279
8	242
2	97
24	712
1	3023
146	5799
6	1303
0	222
2	5723
0	278
3	1150
1	1812
0	0
132	1154
11	1154
6	532
4	44
237	756
25	3
0	47
0	334
12	14
3	88
0	595
0	344
0	340
0	157
0	190
0	176
0	174
0	174
0	161
0	82
0	82
0	64
0	39
2	31
0	59
0	51
0	31
0	35
0	16
0	18
0	12
0	15
0	1
0	325
2	134
527	534
4	436
1	165
0	307
11	25
0	25
0	7
0	5
97	0
6	1277
8	1281
41	1349
0	70
0	117
84	85
0	0
0	0
0	0
0	0
0	0
0	2
9	2
0	2
0	232
0	1089
0	93
0	148
0	1092
0	1020
6	61
0	88
0	136
0	1603
0	73
0	70
0	57
0	136
0	168
0	234
0	214
1	356
0	1501
0	1458
0	299
0	111
0	261
0	156
0	244
0	1028
0	46
0	157
0	1501
0	984
0	162
18	292
1	101
0	532
4	486
41	398
0	292
0	0
3	0
0	0
0	0
0	0
0	0
0	0
0	0
0	323
0	324
0	318
0	289
0	343
0	344
61	251
0	309
0	210
1	179
6	61
0	146
1	129
0	136
5	28
0	128
0	89
0	109
2	73
0	56
0	78
0	78
1	98
48	977
13	971
0	92
0	471
48	118
9	970
0	973
0	2
0	2
0	2
0	0
0	0
0	2
0	0
0	0
0	0
0	2
0	0
0	0
0	0
0	0
236	871
0	1689
2	1690
14	994
0	995
46	781
0	627
26	1
7	5
5	5
3	17
0	0
0	5
1	14
0	8
0	2
0	1
0	11
0	0
0	0
0	0
0	3
0	0
9	892
3	891
1	95
10	7423
0	7423
0	6366
0	6032
69	6979
1	6272
0	6921
1	4915
0	6153
13	2280
2	6252
0	348
0	1
0	33
0	28
24	33
0	12
0	4
0	3
1	0
0	877
35	990
11	172
17	716
0	989
13	1326
0	1326
3	1325
0	645
0	53
0	10
11	555
9	555
1	69
0	73
0	0
0	0
0	0
0	0
0	0
0	0
0	0
0	0
0	0
1	20
0	20
0	71
27	221
8	221
2	133
4	153
2	16
0	50
6	28
0	17
0	0
0	0
0	0
0	0
0	0
0	0
0	0
0	0
0	0
0	0
0	0
0	0
0	0
0	0
0	0
0	0
0	0
0	0
0	0
0	0
0	0
0	1447
72	1485
2	176
596	421
2	39
0	381
0	112
2	17
10	321
1	330
10	293
0	188
0	296
0	24
0	105
0	104
534	32
0	0
0	0
0	3
0	3
0	0
0	2
0	1
0	1
430	333
2	333
0	174
0	136
0	146
0	72
0	6
12	17
0	9
0	1
0	0
0	0
0	0
0	0
0	0
0	0
0	0
0	0
0	0
1	0
0	0
0	0
0	0
0	0
0	0
0	0
0	0
0	0
0	0
0	0
0	0
363	672
102	552
4	492
0	245
19	172
2	228
33	305
0	271
3	285
38	246
0	256
0	188
26	17
0	39
0	30
2	21
1	21
0	271
0	75
222	301
2	42
3	46
701	393
174	276
101	349
1	91
0	39
1	637
0	933
2	828
0	3
0	348
0	1
10	3
0	135
0	246
3	263
0	215
0	284
23	77
0	257
0	161
17	175
11	73
0	75
4	13
0	16
0	37
0	40
2	44
0	21
0	28
0	17
0	12
1	12
0	175
52	95
0	228
12	246
5	53
58	10
0	350
0	363
0	237
1	85
0	45
0	29
0	186
65	142
1	142
0	26
25	9
0	28
1	10
0	23
1	44
0	72
0	3
0	3
0	0
0	402
0	0
0	0
0	0
0	0
0	421
0	418
3	21
0	30
0	380
0	20
0	22
0	32
0	43
3	318
0	21
0	145
1285	369
0	369
318	725
11	419
0	161
0	689
0	42
0	46
2	9
8	426
0	20
5	333
0	31
1	27
0	0
0	18
0	27
0	176
0	33
0	25
0	16
0	672
0	176
0	60
0	31
0	15
0	58
0	18
6	18
0	41
0	15
0	6
0	9
0	12
0	8
0	13
3	29
0	373
0	114
2	21
101	634
0	369
0	619
0	261
0	0
0	0
0	0
0	0
0	0
0	0
0	0
0	0
0	0
0	0
0	0
212	973
112	973
17	601
1	326
3	601
0	91
0	247
0	44
6	93
0	32
0	96
0	180
0	246
0	227
153	255
0	157
0	87
0	82
0	62
45	31
0	10
0	120
0	192
0	185
0	11
0	179
1	38
0	230
2	393
728	384
2	24
0	740
0	749
0	717
4	660
0	711
0	716
0	100
0	542
0	548
5	113
0	582
0	686
0	745
0	425
0	0
0	0
0	0
0	0
0	0
0	0
0	0
0	0
0	0
0	0
0	0
0	0
0	0
0	2
7	1
0	2
0	128
0	157
0	51
0	125
5	155
170	299
2	292
0	25
0	25
2	11
0	0
0	0
0	51
2	253
1	289
0	1015
1	270
0	272
0	1006
6	37
8	266
0	3
0	3
0	3
0	3
0	3
30	239
0	239
2	11
15	14
7	0
5	75
40	123
0	69
0	6
0	269
0	246
0	23
243	518
0	345
0	532
1	43
0	36
0	16
0	67
0	1187
5	1087
5	1246
7	11
0	572
0	100
0	154
4	135
18	701
0	0
0	0
0	0
0	0
0	0
0	0
0	0
3	899
529	1497
0	423
0	64
3	563
2	58
0	4
0	112
0	82
0	108
0	65
1	40
0	31
0	20
2	13
0	3
6	428
0	26
0	57
2	34
0	47
0	173
2	2573
10	1940
2	2325
16	288
0	370
25	1614
3	329
0	1699
2	641
0	451
0	153
0	1015
4	606
6	1197
1	786
1	9
2	25
6	740
5	81
0	50
0	17
2	54
4	135
0	211
2	115
1	135
1	14
0	31
0	117
0	75
0	137
0	143
11	118
0	350
2	6
1	19
2	282
3	43
0	265
0	13
1	4
0	2
0	15
0	165
0	9
0	136
6	77
0	40
0	41
3	53
0	78
0	78
0	171
255	243
1	71
0	19
0	38
0	25
1	28
0	10
0	34
0	38
0	4
1	38
2	36
0	9
5	156
0	17
0	24
1	156
0	0
0	0
0	0
0	0
0	0
0	0
1	989
0	1005
0	991
0	25
0	992
0	623
55	0
0	0
0	0
85	1627
0	1598
1	1116
32	1295
3	1012
6	1113
1	1175
6	803
18	800
20	1162
0	297
0	1179
141	59
2	25
0	32
1	25
0	29
55	219
28	227
0	37
0	126
0	1
0	2
0	1
4	1
0	1
0	2
0	2
0	2
0	2
0	2
0	0
0	0
0	0
0	2
0	2
0	2
0	2
0	1
0	1
0	1
0	0
0	1
0	0
0	1
0	1
0	1
0	1
0	2
0	2
0	2
0	1
0	1
0	0
0	0
0	1
0	1
0	0
0	0
65	676
0	663
1	63
1	74
0	72
1	59
0	54
1	76
1	14
0	166
3	102
1	50
0	98
0	29
0	38
2	11
17	5
1	63
1	24
0	4
1	66
1	22
0	5
0	150
0	165
0	164
0	103
0	96
0	73
3	72
0	28
0	139
417	0
1	1208
1	333
36	248
0	1309
0	1423
0	1336
0	1358
1	1345
8	248
0	1393
0	1346
3	1330
0	1400
0	1286
0	441
0	96
2	52
4	570
26	98
10	226
0	415
0	425
0	311
0	316
1	223
0	212
0	90
0	63
1	0
0	1
0	1
0	1
0	1
0	0
2	7
1	7
0	3
0	2
17	2092
0	1089
0	2050
2	2070
37	552
0	80
0	0
0	0
7	109
0	0
0	0
0	20
2	183
0	89
2	54
7	13
8	863
261	168
0	601
0	314
3	82
0	56
0	0
7	46
0	36
0	2889
1	0
8	15
0	153
39	962
1	316
3	36
5	119
0	0
0	0
0	0
0	0
0	0
0	0
0	0
0	0
0	0
0	0
0	0
0	0
0	0
2	1
0	1
0	449
0	15
0	0
0	6
0	0
0	0
1	101
1	2
0	0
0	0
0	0
0	0
0	0
1	1
0	2559
0	2558
0	360
0	2556
1	60
0	19
1	47
0	46
0	49
1	13
1	27
6	1196
0	1779
0	1796
0	1154
0	811
7	33
0	1233
140	1772
0	721
0	1164
0	69
0	30
0	29
0	79
9	337
7	256
0	73
15	61
2	179
1	303
0	13
0	37
0	29
1	10
0	12
0	0
0	1
0	1
0	0
0	0
0	1
0	1
0	1
0	0
1	1
0	0
1	5
1	75
430	70
8	0
5	57
0	57
3	13
0	0
0	0
0	0
0	0
0	2
0	2
3	248
57	234
1	169
0	116
0	84
0	120
0	173
1	105
0	18
1	92
1	85
2	84
1	13
5	60
6	43
1	30
713	1197
1	1139
1	176
22	249
0	426
0	10
0	11
0	9
0	10
0	6
0	0
0	5
0	9
0	3
0	3
0	2
0	13
0	6
0	3
0	6
0	6
0	5
0	6
0	6
0	5
0	3
0	5
0	6
0	0
0	5
0	0
0	8
0	3
0	5
0	6
0	6
0	9
0	5
0	2
0	5
0	4
0	5
0	2
0	0
0	6
0	5
0	2
0	0
0	2
0	1
0	2
0	3
0	3
0	4
0	0
0	2
0	0
0	2
0	0
0	2
0	4
0	4
0	6
0	11
28	664
1	664
12	93
60	10
0	165
0	164
0	81
1	81
0	64
0	78
0	4
0	136
0	9
12	135
0	127
3	14
53	0
799	1
3	1
0	0
0	0
0	0
0	0
0	0
6	1681
0	189
0	326
38	123
2	252
110	1573
14	276
5	45
0	0
0	0
0	0
26	14
2	33
0	16
174	5867
200	4000
0	5413
1	5726
2	1230
15	516
0	1086
0	663
0	650
0	548
0	839
0	513
0	411
0	849
0	596
0	554
0	472
0	1
0	0
0	1
1	2
0	0
0	2
0	0
0	1
0	1
982	1734
0	254
7	419
0	933
1	646
0	584
0	196
0	438
0	60
0	60
7	16
0	6
0	31
3	39
0	35
0	18
378	247
0	226
3	194
21	219
0	0
15	2270
68	3041
0	2952
2	1164
1	10
5	299
0	97
0	116
0	158
0	68
0	160
0	125
1	181
0	27
0	0
0	0
0	0
5	7679
0	9945
0	318
0	3485
0	549
0	125
1	471
0	744
2	581
0	596
1	104
19	894
5	458
35	2252
12	9853
43	346
15	346
0	28
1	0
1	285
11	247
0	499
1	249
6	226
0	59
0	41
0	171
0	181
5	109
1098	0
31	775
1	735
0	211
0	43
0	233
0	234
0	3
4	20
0	2
0	3
0	3
0	2
0	16
0	1
3	80
0	11
0	12
0	5
0	229
15	2482
1	157
0	10
0	2440
7	248
0	1
1	543
0	546
0	201
0	140
0	0
0	3
0	3
0	0
0	3
0	0
34	0
1	0
185	297
0	56
0	270
0	91
0	0
4	19
0	44
3	3
3	13
4	87
0	80
0	683
0	64
6	50
1	132
0	669
2	72
1	17
0	670
0	682
0	314
0	21
0	49
0	11
3	48
0	37
4	12
0	13
0	18
0	9
1	3
0	0
0	0
0	0
0	0
2	2
0	2
3	414
0	419
1	192
17	92
0	87
5	34
0	438
0	497
0	487
0	424
0	337
4	292
1	138
0	395
0	439
17	908
3	135
0	861
2	436
210	44
0	0
0	0
0	0
0	0
0	0
0	0
0	0
0	0
1	58
2	47
0	57
0	50
0	58
292	85
0	22
0	17
0	45
0	17
0	51
0	71
0	44
0	44
95	979
59	499
3	924
1	282
0	424
0	195
12	928
0	147
41	186
0	171
0	5149
0	5219
0	425
0	4905
0	5126
0	3762
0	3953
41	3167
7	577
0	2876
0	2786
0	633
0	835
0	2509
0	475
1	166
2	292
0	193
2	2171
9	108
1	441
4	110
0	4912
0	2343
1	34
6	23
1	399
0	1050
1	1569
0	1570
0	525
1	353
8	85
18	22
0	665
0	100
0	168
2	248
0	663
0	221
41	635
6	110
0	665
0	168
0	0
0	87
1	87
8	274
0	260
0	250
0	237
2	6
0	26
0	26
0	39
0	14
0	273
4	73
18	238
0	219
1	50
0	37
131	273
0	27
0	27
0	273
1	13
1	12
1134	12
6	1
32	124
0	40
1	115
3	29
3	10
0	24
0	1
0	1
188	9
0	9
227	147
0	74
0	51
0	31
0	17
8	2032
5	2058
2	2059
4	198
1	2074
7	1848
1	1833
1	1812
0	160
0	3
1	0
0	0
0	0
0	0
0	0
0	3
0	0
0	1
0	0
0	1
0	0
0	0
0	3
0	3
18	0
0	0
0	0
0	10
0	2
0	5
0	0
0	10
0	153
0	27
0	379
0	16
0	566
0	36
0	591
0	557
0	31
0	126
1	14
0	22
1	53
1	7
0	49
0	69
0	96
0	70
5	132
0	44
0	61
0	133
138	170
2	25
0	119
0	153
3	12
0	3
0	2
0	3
0	3
8	227
0	454
6	249
2	361
0	456
0	273
6	243
0	59
0	47
14	139
0	55
0	63
0	0
0	0
0	0
0	0
22	438
2	196
1	47
0	238
0	269
0	86
0	32
0	438
0	0
0	0
7	155
0	76
51	176
0	142
0	133
1	9
19	48
0	50
6	46
0	76
1	4
7	135
0	141
0	64
1	23
3	14
18	14
174	397
9	366
0	95
0	31
0	0
0	85
0	83
0	73
0	23
0	18
0	2
2	6
0	6
3	8
2	2
0	11
0	1
270	0
1	571
2	851
0	830
0	828
0	885
6	854
5	4
1	120
0	75
0	25
0	91
0	95
0	119
0	0
2	759
2	734
0	689
1	747
1	746
1	153
0	648
0	731
0	77
0	660
11	13
22	410
0	1
0	1
0	1
0	1
0	0
0	0
103	57
0	33
0	39
23	50
0	16
0	10
7	4
0	11
6	371
0	347
0	82
0	769
21	758
0	114
0	426
0	191
11	186
3	162
0	840
0	840
0	840
0	816
0	816
0	158
0	174
40	270
0	205
0	129
2	14
1	6
0	0
0	8
0	0
0	0
0	7
0	8
0	4
0	4
0	3
0	6
0	1
0	6
0	6
5	7
0	6
0	4
0	1
0	0
452	121
2	33
2	6
0	3
0	121
58	1451
0	2010
1	2010
0	479
0	66
0	100
0	2042
0	2010
0	2016
0	3
0	3
0	3
0	0
0	0
0	0
0	0
0	0
5	0
8	141
0	141
1	141
0	132
0	73
593	370
0	234
2	77
1	90
5	195
0	337
0	34
132	343
0	172
5	344
0	37
0	3
0	3
0	0
0	2
1	2
0	2
0	0
0	4
0	4
0	2
0	4
0	4
0	2
0	4
0	3
0	1
0	1
0	0
0	0
0	0
0	0
0	0
0	0
0	738
0	63
3	739
0	190
1	32
0	54
0	34
1	6
0	15779
0	27
0	15792
0	6358
0	6352
0	7295
0	7293
0	6354
0	6354
0	388
0	7295
0	15363
0	395
69	463
4	129
0	671
0	2721
0	13645
0	13795
0	14216
0	14114
0	14169
0	13661
0	14017
0	14620
0	14282
0	14501
0	14085
0	15174
0	15443
0	15252
0	15443
0	15391
0	15326
0	15472
0	15006
3	15311
0	15609
1	310
0	1277
5	4457
1	14235
81	2
0	665
0	13701
0	14430
0	1037
0	14427
0	13174
0	7828
8	937
0	12938
0	13711
0	8787
0	15310
0	15056
0	12985
0	15025
0	5790
0	922
0	13362
0	13823
0	221
0	13591
4	3671
2	1369
0	1851
0	9709
0	1998
0	1891
2	1806
0	1893
0	1805
0	1795
0	326
0	478
0	166
0	336
0	177
0	257
0	195
0	58
1	125
0	124
4	57
1	43
0	1805
1	0
2	13
0	4
0	12
0	0
0	0
0	2
0	0
3	0
0	10
0	0
0	3
0	6
0	3
1	17
0	4
0	17
1	14
0	3
0	2
0	0
0	5
0	5
687	6051
1	781
8	1133
0	4696
0	5021
167	85
0	85
1	408
0	407
0	228
1	92
30	1327
19	636
0	750
0	98
0	73
0	138
0	92
10	765
1	58
2	1
0	1
11	19923
32	5161
18	1576
0	1560
1	17055
1	17501
14	7576
69	15164
274	7783
2	0
0	0
55	510
1	62
0	397
59	402
1	74
2	347
0	362
0	397
2	256
0	347
0	361
1	187
0	428
42	244
3	14
0	68
4	91
0	70
31	45
0	993
0	977
0	106
2	732
0	952
1	91
0	977
1	975
0	947
0	939
0	894
1	211
4	139
0	649
0	695
0	646
0	575
38	291
17	291
0	481
94	481
15	3
0	3
0	0
29	343
12	419
2	80
2	0
6	347
1	413
0	0
0	88
0	106
12	2131
5	2130
17	303
0	192
4	101
0	307
0	343
0	212
31	180
4	1473
33	177
4	1134
1	37
106	1253
5	40
1	697
13	346
3	62
0	70
0	2
12	2
0	1961
12	1866
0	785
0	1018
2	243
2	322
0	162
0	646
0	703
1	377
1	329
0	245
0	213
0	151
0	86
1	136
0	3200
39	11
2	1676
0	3221
0	27
1	1892
25	684
487	27
0	27
0	113
0	1159
1	1168
0	77
2	5
2	311
0	300
0	68
2	56
0	85
0	57
56	112
3	51
0	169
2	245
1	288
0	16
15	7
0	10
44	10
0	17
0	5
0	5
0	0
0	0
0	21
1	1
0	2
1	1
0	1
0	33
0	0
0	32
0	4
1	7
0	3
0	0
0	18
0	28
0	0
0	893
0	830
32	774
21	826
45	592
0	380
0	686
0	375
0	255
1	291
21	261
5	195
0	57
0	12
0	13
0	58
0	1
0	1
0	0
0	5
0	3
0	5
2	455
0	455
0	233
1	75
3	2
0	2
0	0
0	0
0	0
0	0
0	0
0	0
0	0
0	0
0	0
5	8
0	0
0	8
1	3
0	3
3	12
2	12
0	3
0	248
0	248
5	246
0	235
0	219
1	50
0	34
6	48
0	6
0	32
5	36
0	34
0	26
158	37607
2	37479
68	15967
12	3504
1	1951
0	4362
9	506
4	2223
0	3312
0	11
0	4
0	4
0	15
0	14
0	6
0	6
0	5
0	4
0	1
8	3
0	12
1	1
0	1
0	1
0	0
27	787
0	763
0	722
23	854
0	885
23	560
0	443
5	338
0	58
1	192
1	2
3	66
1	30
150	54
63	61
2	10
0	17
0	7
946	1329
2	1302
0	794
3	286
0	142
65	42
0	42
0	670
0	649
4	502
0	505
0	84
25	242
0	81
0	147
0	33
0	571
0	592
0	530
161	256
0	77
0	173
0	204
8	227
30	231
1	134
0	119
0	102
1	16
1	0
0	536
0	492
0	515
0	650
0	700
0	529
0	706
0	548
0	702
0	540
0	516
0	491
0	537
0	704
9	719
1	653
0	541
0	516
0	703
0	184
0	285
0	162
0	668
0	480
0	18
0	213
0	663
0	665
6	144
8	384
0	238
0	1
0	1
0	0
0	0
0	1
1	0
0	0
0	36
0	38
3	54
0	48
1	53
0	44
1	23
0	11
1	3
0	5
0	17
0	12
0	0
0	0
0	6446
0	4560
106	1851
15	1122
0	6447
0	6027
0	3
0	3
0	4
0	32
0	46
0	161
0	175
0	151
18	113
0	89
0	59
1	46
9	54
0	13
0	13
0	13
0	33
0	58
0	57
0	58
0	1051
15	185
3	1018
0	2
4	2
0	0
0	0
0	0
0	0
0	0
0	0
0	0
0	0
0	0
44	312
0	34
6	30
3	175
0	25
0	48
0	37
1	115
0	1158
0	1158
0	604
0	191
2	108
0	20
6	77
4	10
1	69
6	337
30	195
2	127
23	170
8	18
1	0
0	133
3	447
0	1928
0	1900
0	566
16	1899
0	1899
0	1900
1	330
0	1892
0	472
0	677
15	257
0	600
0	639
0	605
0	333
1	599
0	226
0	368
0	524
20	472
0	440
0	438
0	428
0	366
0	259
0	363
7	373
6	232
0	166
0	0
1	0
0	1
0	1
0	1
0	1
0	0
0	0
0	0
0	1
0	0
0	0
0	0
5	0
0	263
15	260
0	263
134	0
0	0
0	0
0	0
0	0
0	0
0	0
2	67
29	67
0	0
0	347
0	461
0	640
0	340
0	550
0	428
0	455
0	354
0	258
0	46
0	61
0	60
0	59
0	54
0	47
0	14
0	65
4	58
0	33
0	36
0	61
0	61
0	66
0	40
0	67
0	61
0	63
0	55
0	45
0	36
1	56
0	58
0	53
0	63
0	33
0	19
0	54
2	6
0	6
2	34
0	40
0	42
0	19
0	19
0	33
0	52
0	30
0	7
0	18
0	0
0	21
0	2
0	3
0	2
0	3
1	39
0	24
2	10
0	4
0	2
0	3
0	4
0	3
0	7
0	30
0	46
0	6
1	455
1	451
0	470
0	458
0	454
4	238
1	60
0	30
0	107
4	26
0	0
0	0
0	0
0	0
0	0
0	0
0	97
5	94
0	76
0	77
0	7
0	22
0	10
0	23
1	2
1	8
1	5
2	1
0	1
0	0
0	0
0	0
0	0
0	0
0	0
0	0
0	152
0	51
0	209
1	189
0	25
0	17
0	15
0	114
0	136
0	97
0	32
0	14
0	115
0	36
0	14
0	32
1	0
0	207
0	200
0	0
0	1223
0	2102
0	2074
0	1032
0	842
0	191
0	429
1	71
0	1552
0	1540
0	762
0	474
0	619
0	579
1	51
0	61
0	214
0	165
0	1054
0	604
0	285
0	507
0	457
0	456
0	327
0	134
0	362
0	180
0	271
0	170
0	105
0	56
1	44
19	13
0	3
0	3
0	3
0	1
3	572
0	307
0	68
1	29
5	38
431	170
0	20
1	57
2	20
1	67
0	48
0	0
0	0
0	0
0	0
0	0
0	342
6	120
0	136
0	250
0	322
0	275
0	345
0	180
15	71
0	105
1	59
8	7
1	1825
0	1523
1	1659
3	1392
2	342
0	280
0	337
0	67
0	77
0	64
0	72
0	66
1	29
0	38
0	12
0	26
0	8
6	8
0	8
0	20
0	20
0	246
0	20
2	246
0	16
0	50
0	246
0	315
0	302
0	53
0	306
0	305
0	27
0	12
0	20
0	12
0	27
1	11
1	11
0	33
0	15
0	0
1050	134
3	29
0	125
0	18
400	291
2	162
0	48
38	152
0	43
0	55
2	58
0	34
13	38
0	48
1	51
0	14
0	9
5	10
0	121
10	137
0	81
1	67
0	4
0	17
0	10
0	125
175	193
0	50
0	17
0	8
0	122
0	105
0	105
0	88
6	30
6	23
0	26
0	10
0	4
135	1905
0	1899
4	241
0	442
2	1792
25	13
0	12
0	136
0	43
0	61
3	67
0	43
0	32
0	102
0	159
0	196
6	96
4	100
0	192
68	229
0	229
0	41
0	135
0	33
0	7
7	46
2	35
8	49
0	336
1	314
0	96
9	62
21	49
0	29
0	66
2	85
0	0
0	1
0	0
0	0
1	1
0	1
305	238
0	238
5	53
496	7547
0	2046
119	2
2	7547
29	539
1	539
27	140
2	140
25	142
36	32
161	110
68	168
0	159
4	110
1	60
0	8
0	8
0	1
0	1
0	1
0	0
0	0
1	0
0	0
0	0
0	8
0	18
0	23
0	23
0	1
2	1
0	0
0	1
0	3
1	2
228	251
0	251
0	245
0	21
0	37
0	59
1	4
0	0
0	0
0	0
0	0
0	0
0	0
1	2
0	2
170	172
14	172
4	31
558	227
29	172
0	74
1	54
0	52
0	37
1	368
116	841
0	104
2	826
2	454
0	0
0	0
0	0
0	13
0	9
71	175
0	139
0	139
2	117
1	137
20	72
5	1070
63	965
0	197
7	188
8	513
119	4204
0	6026
0	4620
0	7024
2	6288
0	5705
1	1413
286	262
0	262
385	186
0	186
0	69
6	48
0	14
1	1
0	0
11	345
44	610
0	306
3	283
621	302
2	158
1	144
91	0
3	661
43	402
17	378
16	315
3	386
0	60
2	110
0	279
15	187
0	141
2	478
0	850
0	926
0	735
1	134
0	168
0	310
1	472
0	376
0	700
0	872
1	970
2	106
2	280
3	95
0	897
2	214
0	180
1	141
1	118
7	91
0	147
0	511
0	207
0	200
2	43
0	20
0	3
3	8
1	181
97	44
5	44
0	30
1	44
49	1344
2	598
6	1268
1	171
0	30
9	113
7	20
8	64
0	41
8	939
0	0
0	15
0	251
1	90
0	68
0	219
0	156
3	215
0	26
0	242
0	67
0	257
0	37
0	51
3	329
0	72
0	287
52	358
0	45
0	55
0	132
0	92
0	65
7	63
0	73
20	130
0	41
0	73
0	251
0	195
24	390
0	39
44	428
0	123
7	0
139	37
0	35
1	22
8	1
0	15
25	25
2	14
0	14
0	5
0	7
0	2
0	2
0	1
0	0
0	1
0	0
0	188
78	25
2	25
5	25
0	193
1	19
1	177
0	83
0	639
0	1548
0	419
0	437
0	1036
0	1971
0	1919
0	586
0	443
0	1914
0	1061
1	978
0	590
0	1633
0	1554
77	1332
0	1064
0	0
0	0
0	0
0	541
0	2202
33	1415
0	2009
4	274
0	539
2	324
0	3
0	0
0	0
2	2
0	3
0	0
0	3
0	0
0	0
0	3
0	0
0	0
0	1
0	292
1	279
8	190
1	258
0	251
0	267
0	35
0	34
1	3
0	17
0	14
1	57
0	34
0	4
5	14
0	9
1	36
0	22
0	17
0	21
99	393
0	43
0	95
0	20
0	51
4	379
0	240
4	22
2	180
0	62
0	69
0	223
3	12
159	149
0	107
1	0
1	42
104	368
0	331
0	148
0	150
0	0
95	0
2	0
1	343
0	1034
2	902
35	569
103	1068
0	348
1	204
0	177
2	83
17	5
11	6
0	6
15	92
0	99
2	97
2	13
21	12
0	4
0	0
0	8
28	34
0	31
0	10
0	4
5	11
3	70
3	348
18	453
0	120
0	79
1	104
3	56
2	31
14	61
391	295
14	310
0	256
12	11
0	64
0	19
5	50
0	63
0	75
0	62
0	38
0	21
0	17
0	18
0	14
0	15
0	18
0	15
5	18
0	18
0	14
0	6
0	13
0	18
0	13
0	3
0	847
1	787
1	508
0	874
0	857
4	463
0	159
2	81
0	24
1	236
85	263
12	7
0	71
2	46
0	30
1	38
12	33
0	49
0	70
2	72
0	6
0	56
0	40
0	3
0	23
0	12
0	8
0	14
0	14
0	9
0	0
1	79
0	81
0	19
0	0
0	0
0	0
0	0
0	0
0	0
0	0
0	0
0	0
0	0
0	0
0	0
2	86
10	86
43	18
0	83
0	48
1	17
1	0
0	9
3227	1858
11	240
16	380
57	1646
668	1913
17	299
95	30
0	28
1	11
0	2
0	7
5	70
0	7
0	2
0	70
0	73
20	142
0	32
3	2
0	6
1	7
0	33
0	58
0	3
0	0
0	0
1	1
0	8
0	3
0	3
0	3
0	0
0	0
0	0
0	0
0	0
0	0
0	45
0	47
0	45
0	0
0	0
0	0
0	0
0	0
0	0
0	0
0	5
2	45
0	5
0	5
0	17
0	4
0	3
0	2
0	0
0	0
1	35
0	35
1	35
1	607
0	1641
21	1592
0	1178
0	387
0	474
3	46
4	80
4	231
0	639
8001	0
0	0
0	0
0	0
0	0
0	0
0	0
0	0
0	0
0	0
0	0
0	0
0	0
0	0
0	0
0	0
70	0
92	1225
0	1158
4	1113
18	252
1	157
0	115
0	11
7	0
0	147
0	150
0	7
0	57
0	46
0	24
0	9
0	5
0	8
0	9
0	6
0	47
0	609
0	1039
0	620
2	115
7	62
0	818
0	624
0	993
0	980
0	595
0	75
2	277
0	131
0	610
0	33
0	787
0	775
13	123
19	156
0	74
3	732
0	616
4	13
2	214
0	70
0	80
0	51
0	49
5	23
0	2
0	2
0	0
0	2
365	967
0	135
0	816
0	190
4	44
212	0
44	1841
0	1542
17	1841
2	816
0	1
0	0
0	0
0	0
0	1
0	1
0	1129
0	1248
0	1183
0	820
0	1285
0	156
0	1226
0	42
3	121
0	341
64	950
0	213
5	129
1	1
3	6
0	29
0	609
1	372
0	494
0	9
0	2
0	2
0	4
0	4
0	1
0	0
0	0
1	0
0	0
0	1
0	0
1	1
0	0
0	0
0	0
0	0
0	0
0	0
0	0
0	0
0	0
0	0
0	0
396	0
0	0
0	0
0	0
0	0
0	0
0	0
0	0
0	0
0	0
0	0
0	1
0	0
0	0
0	0
0	0
0	0
0	0
0	0
0	0
0	0
200	851
1	130
17	198
2	220
0	627
2	11
0	648
4	510
18	172
0	162
5	167
0	40
0	70
0	49
0	41
0	26
0	3
1	102
0	103
0	43
0	25
0	21
0	19
0	165
0	0
0	0
0	0
0	0
1	0
0	0
0	0
0	0
0	0
0	0
0	0
12	8
12	38
0	33
0	28
0	30
0	0
0	29
0	18
0	21
2	14
0	11
0	8
0	7
0	3
0	3
0	3
0	1
0	0
0	773
1	587
1	71
0	693
0	668
0	655
1	672
0	702
1	731
0	622
0	709
0	695
0	700
0	590
0	529
0	552
1	603
0	427
0	456
0	27
2	62
0	298
0	57
0	34
1	239
1	112
1	129
5	93
0	94
0	88
0	718
621	0
0	228
0	227
0	201
0	213
1	203
0	157
0	220
0	220
0	220
0	206
0	169
0	121
0	125
1	106
1	22
0	17
0	27
0	0
0	0
0	0
0	0
0	0
0	217
0	208
5	38
2	66
0	21
2	54
1	5
0	44
0	54
0	52
0	53
0	49
0	22
0	18
0	3
0	2
1	2
0	0
0	52
0	8
0	8
0	8
0	4
0	4
0	5
0	5
0	0
0	0
0	8
0	826
0	425
0	365
8	17
4	11
0	10
0	3
0	1
0	2
0	1
0	1
0	1
0	0
0	0
0	0
0	1
0	0
0	0
0	0
0	0
0	0
0	0
0	30
381	409
0	282
0	211
1	94
0	51
0	75
0	61
0	68
0	0
0	153
0	137
0	146
1	142
1	17
8	25
1	117
2	54
0	11
0	10
0	0
0	0
0	0
2	192
0	115
0	29
5	19
0	0
0	191
0	858
0	778
0	52
1	17
6	195
0	110
4	77
1	36
0	1
0	0
13	486
0	470
0	68
3	16
0	228
1	265
2	200
0	223
0	244
0	190
0	126
0	100
0	89
0	181
1	61
0	81
0	14
0	0
0	1
0	0
0	1
2	11
0	10
0	2
0	0
0	1
0	0
0	1
8	362
2	306
0	117
3	244
8	120
11	290
0	109
0	99
17	117
0	24
0	12
0	68
0	1
0	1
0	0
1	836
0	836
28	535
1102	0
0	926
0	342
0	14
0	964
0	284
0	1024
38	32
0	304
0	982
0	993
1	66
1	139
1	0
341	779
0	0
0	0
1165	1199
2	200
2	928
0	614
0	231
0	144
232	100
0	0
0	720
0	756
8	714
1	719
49	936
4	677
13	79
0	165
2	9
0	100
0	99
1	71
0	44
0	44
8	19
3	27
9	14
0	2656
0	2294
0	2435
8	1033
0	2160
0	2223
2	1857
0	2180
0	1993
0	1974
1	1402
1	812
0	647
0	671
26	235
0	1072
5	103
0	108
1	27
0	1058
150	561
0	108
7	427
0	85
0	88
3	40
1	0
0	417
0	216
20	100
0	33
0	25
1	34
0	33
0	27
0	109
0	19
0	32
0	41
0	28
0	67
2	29
0	49
0	179
28	222
0	101
0	239
0	64
0	36
0	215
0	12
0	228
0	39
0	31
0	5
0	81
0	42
0	216
0	0
0	0
0	0
315	28
0	31
49	1801
2	1819
0	57
1	35
1	26
0	67
0	1763
3231	0
0	400
2	402
0	33
0	386
0	272
0	45
592	317
0	43
0	31
0	38
4	47
0	200
6	36
0	39
0	0
0	24
0	20
9	341
0	1
0	0
0	1
0	0
0	0
0	0
0	0
8	2
0	2
0	0
2	26
7	0
124	373
0	308
35	336
2	104
4	25
20	182
7	34
0	34
3	149
0	144
14	145
0	142
0	144
0	6
15	7
168	1512
0	1416
1	550
24	505
0	385
0	580
1	769
0	243
1	565
0	769
0	484
0	463
2	481
2	107
3	144
0	6
0	38
0	0
0	0
384	810
0	6
0	5
0	4
0	3
1	0
0	0
0	1
0	0
0	0
0	2
0	5
1	483
0	17
0	36
0	45
0	27
0	23
0	26
0	8
125	0
1	423
1	126
0	387
4	6
0	232
6	236
0	350
20	0
0	1688
0	1490
0	1515
0	1526
0	1687
0	1519
1	393
10	1157
0	981
12	132
1	391
0	210
5	164
1	290
2	288
0	31
0	319
69	325
0	81
0	87
0	863
0	863
93	642
32	438
6	50
0	83
3	121
25	1939
6	748
24	1217
36	336
2	1083
0	0
0	0
0	0
0	0
0	0
9	406
9	226
0	406
0	228
28	114
1	0
948	0
0	0
0	8
0	25
0	33
0	0
95	4594
3	684
3	1722
3	0
7	801
5	4486
0	330
0	717
6	413
0	983
5	1619
0	0
0	370
11	380
0	18
2	371
5	0
0	786
1	790
15	619
0	866
1	496
1	411
5	775
7	444
0	486
16	380
0	409
0	347
0	344
11	286
20	240
36	119
369	4
0	3
1	8
10	106
0	58
0	106
0	0
0	1
0	1
0	1
0	0
0	0
0	1
18	761
0	211
1	231
5	558
0	536
1	330
0	510
2	640
22	143
20	127
19	81
0	0
0	0
0	0
0	0
0	0
0	0
0	0
0	0
0	0
1	0
0	0
0	1
0	1
0	0
0	0
0	0
0	0
0	0
0	111
206	1943
0	39
17	69
8	776
0	974
117	689
2	951
0	1871
25	90
30	448
149	1611
4	172
0	270
0	175
0	259
872	0
8	73
0	336
0	40
0	323
388	289
4	277
0	159
73	59
0	38
0	4
0	4
0	0
0	4
0	4
0	4
5	30
1	30
0	0
0	35
0	9
2	159
38	288
2	30
3	186
0	64
1	125
0	123
0	94
0	39
8	134
25	70
2	66
0	54
3	23
3	17
131	150
0	143
0	7
0	2
0	0
0	0
0	2
29	2
0	0
120	2192
0	2192
0	529
38	422
1	142
2	31
1	54
0	1
2	136
10	885
0	1029
1	163
0	430
0	145
1	252
0	166
3	980
2	952
8	115
0	160
1	0
0	0
6	24
10	76
0	501
463	533
0	44
0	101
0	175
2	293
0	0
0	0
0	0
0	0
0	0
0	0
0	0
0	0
333	768
7	95
3	550
0	327
1	111
0	158
0	0
0	347
0	373
0	371
0	351
0	291
0	388
0	365
0	363
0	340
0	361
0	397
0	396
0	361
0	192
0	179
0	351
0	364
0	28
0	371
0	369
0	350
0	360
1	279
0	327
0	211
0	286
0	276
1	187
0	369
0	385
0	369
0	347
0	320
0	245
0	294
0	328
0	337
0	335
0	92
0	70
2	535
1	481
1	536
0	5
0	0
0	0
0	0
0	0
0	0
0	0
0	0
0	0
0	0
0	0
6	614
8	137
0	36
0	4
1	10
0	12
0	13
0	133
663	0
0	0
24	36
0	61
0	76
0	19
0	34
8	43
1	7
0	178
2	181
0	181
0	2
2	30
1	35
0	23
0	14
0	28
0	4
0	0
0	9
0	3
1	4
0	0
0	0
0	0
0	0
0	1
0	0
0	3
0	0
4	16
0	1
0	78
0	103
3	86
0	5
3	57
2	37
0	20
0	0
0	0
0	0
0	0
0	0
0	0
0	0
0	0
5581	1049
0	1049
4	351
0	307
0	305
0	294
1	206
0	241
4	183
1	172
0	122
1	183
0	124
50	110
1	149
9	11
1	6
1	339
0	342
0	211
0	27
3	69
0	37
0	488
167	578
0	524
2	163
0	0
130	573
0	456
1	167
0	327
0	520
0	381
0	520
0	521
1	571
0	147
0	546
0	543
0	530
0	546
22	532
0	147
0	413
0	387
0	374
0	347
0	330
0	406
0	353
0	95
0	322
0	312
5	213
6	272
1	105
0	158
2	93
0	52
0	18
1	10
0	0
0	10
3	536
5	119
0	18
0	604
18	602
0	868
0	1
0	1
0	206
0	505
1	213
2	94
0	93
1	112
0	85
0	72
0	66
0	85
1	119
0	69
0	53
28	43
6	30
53	389
0	9513
0	7485
0	9537
0	6563
20	6863
0	9513
0	7821
0	7950
1	3511
0	2071
0	825
0	1445
3	4433
0	4202
4	2557
0	1448
0	855
4	1980
0	1973
0	1853
3	1736
0	1331
4	1245
3	551
0	1
0	1
0	1
0	112
0	119
13	618
0	648
0	6
0	258
0	522
4	153
0	656
0	21
0	28
1	41
0	47
0	6
0	11
0	47
2	1
0	1
0	1
0	0
0	0
0	0
0	0
0	0
0	0
0	0
0	0
0	0
0	0
0	0
0	141
14	377
0	237
0	275
0	268
0	28
5	69
0	32
0	20
3	9
0	14
0	0
0	0
1	0
100	20
0	20
0	0
0	0
2	0
0	1
0	0
0	0
0	0
0	0
3	1157
1	1157
0	176
5	58
0	158
0	139
0	101
1	230
0	75
0	72
0	1106
0	1106
234	138
0	138
0	47
30	1263
0	1237
36	785
2	414
17	1222
0	333
0	0
0	0
0	0
0	0
0	178
0	738
0	781
0	781
0	781
0	751
1	27
0	214
0	751
0	781
0	728
0	752
0	791
1	0
0	0
0	0
316	67
0	239
0	239
0	302
0	24
0	38
0	487
0	308
7	458
0	261
4	207
0	318
0	461
0	302
2	302
0	322
3	260
0	258
0	260
0	306
1	41
3	301
0	276
0	41
0	259
1	273
0	307
0	57
0	27
0	52
0	265
0	244
1	134
1	214
0	68
0	205
0	46
2	0
1	0
0	437
0	990
0	93
3	166
0	833
0	971
0	18
21	1020
0	322
0	141
2	250
0	213
0	137
1	113
1	172
0	67
0	67
0	28
0	62
0	54
0	0
0	0
0	0
0	0
0	4
6	6
0	2
0	1
0	1
0	0
0	1
0	0
684	2798
228	2798
9	255
885	971
0	993
0	142
1	109
5	45
0	96
1	151
0	171
0	110
1	69
0	86
4	11
55	11
0	11
0	8
0	133
0	287
0	343
0	783
0	562
0	739
0	1109
1	0
0	299
0	1199
0	0
0	373
0	326
0	381
1	1351
46	1343
0	1293
0	163
0	271
26	176
0	65
5	62
2	70
2	365
42	785
0	0
19	8
2	344
5	31
0	33
0	631
0	365
173	1319
2	95
7	1227
0	593
15	611
2	374
0	0
0	0
0	0
0	0
0	0
0	0
0	0
0	6
0	4
0	5
0	2
0	2
0	3
0	0
0	1
0	1
0	1
0	0
1	1
0	1
0	2
0	1
0	1
0	6
1	2
0	2
1	0
0	0
0	0
3	34
380	652
1	567
2	178
0	252
0	217
4	5697
0	5762
0	3825
8	3360
3	3381
66	5941
2	997
0	1402
0	1280
0	1266
1	833
8	3967
14	748
1	4148
34	3518
0	1994
5	0
0	0
670	257
9	257
1	411
32	239
0	398
0	420
1	56
0	153
0	59
0	88
2	56
0	69
1	146
2	13
98	234
0	12
0	13
3	68
0	72
0	10
2	233
0	46
0	11
0	249
1	101
1	100
0	179
0	173
0	24
14	607
244	608
1	575
1	575
2	49
102	285
0	310
2	310
0	297
0	117
0	68
0	118
1	101
0	47
3	110
2	110
0	12
480	596
1	114
0	203
0	169
0	28
2	220
4	187
3	32
0	133
0	189
2	204
0	107
0	143
1	121
0	139
0	48
0	61
0	59
0	42
2	17
231	161
0	47
0	1
0	1
0	1107
0	1099
0	525
57	169
0	1083
3	1093
7	1036
23	1021
1	900
0	920
0	131
0	768
0	725
3	53
0	291
2	103
0	180
6	135
0	93
0	56
0	88
0	31
0	56
0	53
0	71
0	52
0	57
2	48
0	40
0	597
67	563
0	157
0	593
0	597
0	566
1	116
0	38
0	151
0	119
0	94
0	91
0	62
0	36
0	23
0	29
0	20
0	20
0	18
1	12
0	903
20	839
8	150
0	91
1	44
2	30
0	959
61	959
0	499
0	487
0	518
0	482
0	402
8	745
0	542
4	525
8	531
2669	846
0	361
0	14229
0	12250
0	9689
0	12
0	12
0	11
1	11
1	3
1	7
0	3
1	1
0	8
0	0
1	0
2	0
0	2
2	2
0	1
3	2
264	309
0	15
0	266
0	60
0	26
5	48
0	41
0	39
4	47
0	74
408	157
0	36
0	104
0	78
4	53
0	36
1	36
0	6
0	1
0	5
209	239
4	41
0	232
3	40
94	97
1	14
1	24
0	9
0	11
0	19
0	21
2	27
0	2
0	0
0	0
0	0
0	0
0	1
0	0
0	0
0	0
0	0
0	0
0	0
0	0
0	0
0	1
0	0
0	0
0	0
0	0
0	0
0	0
1	64
0	229
0	11
0	11
0	221
0	13
0	11
0	87
1	11
0	11
0	27
0	228
0	13
0	10
0	10
0	16
0	56
3	35
5	113
643	113
0	208
0	165
0	92
0	107
0	28
2	19
0	6
3	66
1	59
0	59
0	122
0	0
0	0
0	0
0	0
343	104
1	104
0	2
0	2
0	2
0	2
0	2
0	2
0	2396
233	2722
2	498
0	1935
0	10
6	47
0	78
0	11
0	42
0	0
7	0
0	6
0	11
1	7
5	35
0	0
48	651
3	210
1	103
0	65
0	355
2	43
2	960
0	153
0	1
0	1
0	1
0	1
0	0
0	0
0	0
0	0
0	0
0	1
0	0
0	1
4	951
0	832
0	127
0	228
0	374
6	186
0	0
0	0
0	0
0	3
0	5
0	3
0	5
0	3
0	13
0	11
0	3
1	5
0	0
2	14
0	206
0	614
0	158
5	243
0	681
0	367
0	77
0	78
0	412
0	80
113	238
0	4
9	222
0	159
3	228
0	8
0	1
0	0
39	14
0	4
0	12
0	3
0	1
0	1
0	0
0	0
221	298
0	298
1	87
8	61
0	78
3	45
26	355
1	52
0	363
0	36
3	36
0	52
2	1
0	7
0	65
0	294
412	99
5	99
0	1
0	1
0	0
136	173
2	154
63	6
0	158
0	32
0	0
0	0
0	0
0	0
0	0
0	0
0	3
0	3
0	3
0	3
0	3
0	4963
0	192
30	3639
0	3735
0	3842
64	198
3	535
156	278
7	518
0	2160
0	2015
1	119
61	335
43	297
0	138
1	365
0	317
0	356
0	89
0	67
0	136
0	4931
24	356
203	335
21	283
3	68
0	277
2	191
5	113
6	67
0	64
10	72
16	88
0	85
0	0
0	0
0	0
0	0
0	0
0	0
0	0
0	0
0	0
0	0
0	0
0	0
1	260
3	263
10	804
0	262
0	3
0	239
0	292
1	263
0	263
1	294
0	194
6	161
0	112
0	114
0	296
0	19
0	550
0	176
0	518
0	89
0	518
5	0
0	2
0	0
0	0
0	109
0	650
0	1832
11	2246
0	1152
0	1171
0	1259
1	1360
0	810
0	1220
0	1071
0	267
18	127
0	76
5	604
0	175
0	23
0	22
0	5
0	6
0	0
0	0
0	0
0	6
6	894
0	1076
30	421
1	908
0	988
24	34
0	567
0	30
1	312
48	958
2	90
0	205
2	147
0	740
1	24
0	935
0	2
0	1
0	2
0	1
0	2
0	1
5	0
0	0
0	0
4	3
1	2
0	1
0	84
0	101
3	100
1	86
2	114
2	102
1	5
0	0
0	0
0	0
0	0
0	0
0	0
0	0
0	0
1	1
0	1
0	0
0	0
0	0
0	0
0	0
0	0
0	0
0	0
0	0
0	0
0	0
0	36
0	34
0	39
0	28
0	8
0	1
0	1
0	0
0	2
0	4
0	1
0	4
0	0
0	0
8	1572
0	963
0	587
0	138
2	495
0	556
0	1620
0	1672
0	1574
0	254
0	388
0	830
0	1581
0	76
0	673
0	879
0	581
0	799
0	610
0	325
0	247
159	245
8	245
0	3720
0	1711
0	2200
0	3724
0	64
0	3764
2	3748
0	3748
4	3768
0	72
30	2061
0	424
6	302
4	385
5	279
3	187
0	271
0	270
1	87
1	159
5	94
2	48
3	93
1	35
0	92
2	0
32	0
0	89
0	80
0	44
1	82
0	32
0	18
0	16
0	81
2	79
2	24
4	2
2	0
0	0
0	0
0	0
0	0
0	0
0	87
0	13
0	0
0	5
0	0
2	3
0	1
0	4
0	8
6	430
0	421
0	383
0	463
1	417
0	384
0	436
21	31
3	124
0	142
0	87
0	8
0	5129
260	4940
0	5123
0	4958
0	3883
4	4958
0	4844
20	4936
1	4919
8	4221
4	2759
0	2179
1	1834
0	1022
0	3194
0	619
0	573
0	609
0	306
1	267
4	31
0	264
1	24
4	29
13	18
0	135
9	2
0	290
0	232
0	216
3	32
1	12
1	100
0	44
0	573
0	0
0	0
0	0
0	0
0	0
0	0
0	0
0	0
0	0
0	0
0	0
0	0
0	0
0	0
0	0
0	0
0	0
0	0
0	0
0	0
0	0
0	0
0	0
164	398
5	257
9	198
3	176
5	92
0	18
0	81
2	70
0	18
1771	1721
9	1546
2	231
0	3
0	3
0	0
0	3
0	0
0	0
0	0
0	0
0	0
0	0
0	0
0	0
24	599
4	283
4	399
3	537
5	327
0	119
0	142
1	124
8	74
0	0
1	823
2	450
0	148
1	156
0	161
1	71
2	60
0	15
0	27
2	443
219	27
0	27
330	513
0	511
5	453
0	18
3	15
0	67
3	14
1	0
203	54
0	27
2	29
0	29
133	0
0	70
1	75
0	12
0	75
1	16
0	10
0	17
0	13
5	10
0	15
0	3
0	3
0	15
1	6
0	18
0	35
0	4
0	8
0	0
0	16
0	9
0	2
0	8
0	0
34	1851
1	1589
1	1743
4	770
219	511
0	204
1	97
0	21
0	52
0	135
0	33
1	45
1	46
5	22
0	512
206	132
0	124
0	49
0	27
2	8
0	0
0	0
0	0
0	0
0	0
0	0
0	0
50	615
2	440
0	425
0	591
2	588
0	398
3	414
0	100
1	69
4	66
0	103
1	92
0	119
1	50
0	581
1	136
1	211
6	198
0	240
0	20
0	29
2	30
0	11
0	19
3	16
0	16
0	689
0	672
0	535
0	667
0	505
0	669
0	407
0	666
0	519
0	634
0	507
0	333
0	358
11	360
0	317
0	297
0	327
1	12
0	54
0	232
0	275
0	143
0	179
0	92
0	107
0	34
0	53
0	23
0	33
0	16
0	0
0	0
0	0
0	0
0	12
3	275
0	159
1	150
46	105
0	686
0	686
0	460
0	591
0	377
1	332
13	132
0	181
1	56
13	7
19	5
0	305
0	0
0	0
42	435
1	431
0	430
6	390
1	390
0	41
0	130
2	88
1	80
0	86
1	61
0	28
0	28
2	1
0	0
0	1
0	0
93	11
0	7
0	10
2	1
0	10
0	347
36	224
0	490
0	1391
0	1349
2	420
6	317
71	960
0	0
0	5
0	5
0	0
0	0
0	0
0	0
0	0
0	0
0	0
0	0
0	0
0	0
0	0
0	0
0	0
1	441
0	252
0	9
0	423
7	93
0	102
0	5
0	12
0	257
0	256
97	202
0	97
0	105
0	105
274	588
5	536
0	507
4	44
0	73
0	37
0	530
107	521
1	331
0	393
0	334
0	299
0	243
1	374
0	311
0	84
6	78
4	145
0	147
0	84
0	119
0	105
0	98
0	51
5	27
0	21
0	497
0	145
0	113
425	174
1	80
0	44
2	2489
0	1310
0	2588
4	2625
0	234
0	0
1	171
0	0
0	0
0	0
0	0
27	889
6	754
0	851
0	217
6	77
2	0
83	331
0	63
0	9
0	256
0	21
0	31
0	44
0	231
0	7
138	147
22	595
0	176
17	595
0	247
1	90
400	7
0	7
9	4
0	0
0	176
0	35
0	78
0	182
0	78
1	38
2	12
0	1
1	91
2	42
0	56
1	19
0	60
21	38
0	32
0	11
0	0
0	0
0	0
0	0
0	0
0	0
0	0
0	0
0	1
0	0
0	1
0	0
0	0
0	9
2	7
0	5
0	7
0	1
0	2
1	2
0	2
0	1
0	1
0	1
0	1
1	1094
0	0
0	0
0	0
0	0
16	355
1	256
8	325
0	260
0	254
0	246
0	310
4	303
0	254
0	309
0	298
0	239
4	185
0	124
0	162
0	138
0	97
0	52
0	100
0	95
0	101
0	98
0	12
0	60
3	0
0	197
2	2
0	2
0	0
1	0
0	234
0	197
0	201
0	177
0	33
1	205
2	220
865	263
0	20
5	33
0	37
1	32
0	238
41	1185
12	1692
0	1418
6	250
4	480
0	504
0	396
0	314
0	544
0	323
0	331
1	431
0	160
2	342
9	5
0	1
0	3
0	3
0	3
0	4
0	2
0	3
0	0
0	0
0	0
0	0
0	0
0	0
0	0
285	154
8	154
7	152
0	70
0	0
0	0
0	0
0	1
0	0
0	9
0	0
0	7
0	0
0	0
0	0
0	0
0	0
0	9
0	9
0	1
0	2
0	9
0	8
0	0
0	0
0	0
0	0
0	0
0	0
0	0
0	0
0	0
0	0
0	0
122	1258
0	1247
0	1229
6	25
2	100
0	1150
1	371
10	99
0	133
0	236
3	94
4	18
5	0
0	124
19	5
1	5
1364	0
125	288
5	261
0	111
0	13
0	13
0	0
0	0
0	0
0	0
0	0
0	0
0	13
0	133
0	127
1	130
0	131
0	81
0	81
0	43
0	81
0	0
5	82
0	62
0	11
0	50
2	66
0	21
0	7
0	7
6	7
3	12
0	3
0	0
0	0
5	79
0	39
0	72
1	12
279	431
0	0
0	33
0	20
0	24
0	15
0	15
4	24
0	8
3	375
0	0
0	0
0	0
0	0
0	0
0	85
0	0
0	0
0	0
0	0
0	0
581	271
6	180
0	276
1	69
1	271
7	254
2	0
1	97
13	737
0	94
0	733
0	33
0	74
3	207
32	132
0	131
0	111
11	47
1	20
1	0
0	0
0	0
0	0
0	0
0	0
0	0
0	0
0	0
1	0
0	0
0	0
0	0
0	0
0	0
0	0
0	0
0	0
0	0
0	0
0	0
0	0
0	0
0	0
1	704
319	718
9	26
0	4
10	9
1	4
0	6
0	0
0	1531
32	1531
1	1433
0	0
0	0
0	0
0	0
0	0
0	0
0	1
0	1
0	1
0	1
0	5
0	2
0	5
374	255
2	220
4	26
8	61
0	1086
37	797
2	331
22	552
0	915
0	855
0	503
0	194
0	212
4	354
0	156
0	193
0	203
4	258
0	246
0	97
0	227
0	304
1	226
0	91
0	219
0	48
1	99
4	942
6	512
1	917
0	80
0	38
3	92
0	59
1	23
0	0
0	0
0	0
0	0
0	0
0	0
0	0
0	0
0	0
0	0
0	0
0	0
0	3
1	3
0	0
0	3
0	0
5	1030
38	948
19	268
0	746
2	81
0	429
3	297
0	282
1	115
0	5
4	964
0	779
0	886
5	438
1	200
0	439
0	596
0	823
1	236
0	274
5	555
2	423
0	127
5	342
0	445
2	444
0	315
4	273
0	166
8	199
0	30
14	33
0	3
0	128
62	813
0	32
0	40
0	75
1	96
0	589
1	28
0	41
41	26
0	14
1	1
0	4
0	4
0	0
0	2
0	2
0	0
0	1
0	4
1	217
1	106
8	138
0	81
249	289
0	99
6	467
0	454
0	49
2	23
0	20
3	134
0	132
0	453
47	288
0	277
0	55
0	0
0	0
0	0
0	0
0	431
0	141
158	3422
0	3422
0	406
3	431
6	431
0	125
5	358
15	420
0	409
21	144
0	66
9	209
8	45
0	13334
0	13419
0	12953
1	11474
69	1973
47	1651
25	1641
73	7139
3	3728
21	1226
30	1739
0	372
0	405
2	367
14	295
3	261
0	281
5	16
4	12
1	95
0	143
0	58
0	150
11	130
0	105
0	47
3	762
0	36
0	34
7	35
25	79
2	35
0	20
3	23
0	13
0	14
0	44
7	77
19	136
42	58
1	47
0	38
4	0
0	27
0	27
0	40
0	12
0	31
0	179
0	170
2	30
0	29
0	24
0	162
1	12
3	19
0	57
1	158
5	8
0	380
12	380
0	171
2	34
4	34
0	131
0	2
0	3
0	1
0	3
0	2
1	2
0	1
1583	2
5	89
2	89
0	9
0	290
18	208
3	185
2	116
8	606
14	588
0	530
0	587
0	586
0	569
0	585
0	587
0	512
0	585
0	583
0	489
0	582
0	517
0	564
0	570
0	576
0	577
0	546
0	570
0	549
0	490
0	541
0	538
0	534
0	422
0	496
0	465
0	485
0	248
0	158
0	68
0	31
0	21
4	19
0	0
0	1
0	1
0	1
0	1
0	550
0	348
0	400
6	306
0	415
0	409
0	176
1	206
0	45
0	93
0	160
28	404
20	522
0	215
0	10
1	99
0	166
0	337
0	341
0	251
0	380
0	423
0	490
0	227
0	8
0	13
0	1
0	0
0	13
0	13
0	1
0	4
0	2
0	2
0	0
0	20
0	5
0	18
0	7
0	3
0	4
0	2
0	2
0	4
0	0
0	0
0	0
0	0
36	313
0	718
14	565
0	441
0	64
0	57
1	119
9	131
6	31
1	179
0	187
0	156
0	134
0	117
0	103
0	106
0	96
0	86
11	45
5	45
0	825
0	2123
0	2123
0	671
0	1278
76	2080
0	670
1	914
0	671
0	254
0	600
0	438
0	83
0	1295
5	294
0	585
90	1303
9	62
9	8624
1	9
0	9374
0	10667
0	7296
0	9909
0	10598
83	6687
0	8064
50	5095
0	9591
0	9780
0	4460
0	0
0	2577
0	2574
0	9
0	327
144	354
0	120
0	214
2	170
9	246
3	213
0	213
0	201
0	216
4	134
5	134
0	207
0	210
0	189
55	141
0	6
2	132
8	49
0	12
0	5982
6	617
4	131
2	365
11	1080
2	1865
0	68
0	4866
0	5302
2	5917
27	1585
2	309
5	758
14	1097
0	50
14	77
0	198
251	235
86	39
0	28
1	9
0	0
0	1
0	2
0	2
0	2
0	1
0	0
1	0
2	2895
1	106
21	2667
5	405
1	60
2	558
14	529
0	2635
1	2103
0	2421
0	1398
0	178
0	108
0	46
0	42
0	44
0	4
0	44
0	24
0	12
0	14
0	172
6	0
17	69
0	48
0	12
0	11
0	3
0	69
515	658
1	13
0	341
0	294
0	25
0	20
0	62
1	66
0	21
22	23
0	43
0	46
9	374
0	374
1	376
0	80
0	41
0	48
0	38
2	47
0	36
1	15
3	27
0	9
14	18
1	63
0	3137
0	3139
219	3138
11	3168
0	3168
1	3141
0	1766
0	1155
0	796
16	326
0	777
19	637
0	170
6	219
0	12
0	6
10	12
0	6
0	6
0	11
0	2
117	147
3	147
1	6
0	1
0	0
0	1
0	0
0	0
0	1
0	0
0	0
0	0
0	0
0	0
0	0
0	0
60	1438
0	162
17	147
0	595
1	1330
0	164
0	221
4	640
0	53
0	54
0	54
0	51
0	52
0	7
0	3
0	5
1	43
0	31
0	2
0	20
0	0
2	0
0	167
0	176
0	31
0	17
2665	3552
18	2627
0	327
2	499
6	699
2	596
1	146
41	17
29	1270
37	1260
4	1194
2	660
0	0
0	2
0	2
0	2
0	2
0	2
0	0
0	0
0	0
0	0
736	622
5	482
7	568
14	307
0	0
0	0
0	0
0	70
1	70
0	67
142	0
0	0
0	0
0	81
275	81
4	7
0	82
0	10
0	65
656	1878
2	1792
2	1337
1	387
2	206
0	0
0	1446
2	403
0	366
0	128
28	225
3	150
0	148
9	150
0	307
0	999
4	806
0	557
26	618
0	421
0	415
13	243
0	369
0	275
0	315
0	205
0	64
0	281
11	293
0	283
2	271
0	27
0	282
0	277
0	87
2	70
0	45
0	34
0	10
30	165
6	134
0	143
1	66
0	39
0	6
282	57
0	56
988	601
0	140
0	202
0	259
26	232
0	53
5857	0
1109	526
1	313
1	98
9	94
3	71
3	72
0	51
2305	3
0	3
77	467
0	463
1	344
0	433
0	25
0	18
0	159
8	28
3	147
1	37
6	177
2	649
0	8
0	648
0	24
0	58
0	653
0	0
0	0
0	0
0	0
0	0
0	0
0	1
0	1
0	1
0	1
0	1
0	0
0	0
0	0
0	0
0	1
0	59
0	3
0	48
0	545
8	545
0	4
1	1
1366	0
7	467
2	467
0	8599
0	3818
5	4115
106	5600
0	7273
0	2626
0	1340
31	1188
1	1572
0	2684
0	3295
0	2141
0	2601
0	1856
24	2052
0	2251
0	1660
263	61
0	13
0	7
0	30
0	14
0	23
0	15
0	13
0	136
0	694
1	1690
0	563
6	989
1	365
60	1508
1	521
24	0
0	242
0	1904
43	2472
0	2
0	64
0	2484
5	2372
4	73
0	2484
3	125
6	548
199	525
2	198
26	258
17	267
1	88
1	257
0	270
0	180
0	18
1	2
0	13
0	14
0	18
0	23
0	43
0	13
0	26
0	0
17	95
0	41
8	210
0	210
1	201
18	31
10	26
9	15
0	146
0	314
0	131
0	258
0	258
0	7
0	2
1	7
0	0
0	0
0	10
2	39
1	37
0	45
0	33
0	35
0	242
2	201
0	718
3	2375
3	435
0	422
0	2378
0	2378
2	54
5	66
1	121
0	34
0	379
0	66
0	218
0	356
15	124
1	159
0	130
1	16
0	97
1	99
0	63
1	53
8	61
0	5
0	23
0	0
0	0
748	2511
4	2047
29	1734
0	1354
0	1379
0	784
0	360
0	522
1	379
0	440
0	20
0	11
0	20
0	15
0	18
3	19
0	15
0	19
0	14
0	10
0	16
18	604
5	561
0	588
0	575
1	570
0	58
0	47
38	202
0	202
3	564
10	568
2	557
2	129
0	158
0	134
4	93
0	82
0	7
0	11
0	556
0	0
10	277
0	37
0	10
3	46
0	652
4	2
0	39
5	27
0	649
0	0
0	0
0	483
2	480
0	494
5	478
1	78
11	189
0	222
4	140
0	95
1	33
0	11
0	5
18	47
0	7
0	18
0	37
0	27
0	12
0	2
0	23
0	4
2490	0
0	182
39	925
0	901
0	192
97	982
0	917
53	1018
0	924
0	937
0	951
0	938
0	901
2	954
0	905
0	948
0	934
0	928
0	226
0	226
32	151
0	119
22	65
40	31
8	69
0	72
0	36
17	32
1	16
0	4
0	8
0	12
0	3
0	2
0	12
0	3
0	2
0	1
0	0
1	0
0	0
0	0
0	0
33	62
0	0
0	59
0	26
0	16
0	0
0	6
0	10
0	10
0	10
0	3
0	3
0	1
0	0
0	0
5	0
0	0
0	0
1	297
172	599
5	593
0	324
3	592
3	321
1	58
3	129
9	266
0	0
0	0
2	282
0	352
0	1215
0	330
0	1402
0	284
0	1327
1	237
1	258
0	206
6	69
0	260
2	352
1	208
27	270
0	579
1	454
2	267
0	1207
0	521
0	510
3	398
0	135
0	77
0	335
0	87
0	58
0	237
1	23
0	56
0	49
1	18
0	62
1	55
5	18
0	501
358	759
1	710
0	438
0	57
2	118
0	136
60	363
0	318
0	125
0	87
0	60
0	53
1	36
0	28
0	28
0	17
0	16
0	0
0	9
0	1
0	0
0	0
0	0
0	0
964	0
0	7
0	18
37	535
3	119
0	109
6	403
4	148
2	350
11	76
2	111
22	1
0	1
0	28
0	25
0	15
0	15
0	5
0	2
0	5
0	5
0	3
0	0
0	5
28	11
0	10
0	5
0	3
1416	430
1	385
4	100
3	207
1	11492
0	11593
0	11539
0	4802
4	1239
33	367
4	1990
16	1349
134	50
0	30
0	20
0	15
2	631
0	632
4	623
0	631
0	631
0	629
0	624
0	26
0	632
0	623
0	624
0	48
0	60
1	118
0	127
10	33
0	572
0	0
0	466
0	502
0	16
2	457
2	3827
0	3999
0	2931
1	387
0	1020
2	1790
0	537
0	717
0	0
0	0
0	0
0	0
0	411
0	346
0	367
2	200
9	34
0	336
0	27
0	343
0	331
0	306
0	267
2	89
0	35
0	35
0	0
0	28
4	4
0	39
0	144
0	159
0	1
0	0
5	1
0	1848
4	270
0	155
0	90
0	57
1	63
0	1766
0	181
26	0
1	40
0	53
0	53
0	53
0	18
0	2
2	0
0	40
579	499
0	423
0	402
0	314
7	449
0	311
0	18
0	436
1	22
0	155
0	207
3	46
0	197
1	0
2	171
0	69
7	112
1	440
0	141
10	78
7	147
2	334
0	312
12	171
0	48
0	64
0	55
0	65
0	39
1	60
84	0
0	232
0	251
2	188
1	100
0	24
0	59
0	57
0	46
0	47
0	12
0	15
0	5
0	18
1	7
0	7
245	59
0	59
0	22
0	7
0	12
0	19
1	19
7	783
0	773
0	772
0	473
0	249
0	168
0	140
0	162
3	147
0	144
0	141
0	122
0	101
0	72
0	51
0	20
5	13
0	34
0	0
2	0
0	770
0	243
3	298
13	324
1	165
0	37
30	40
0	3680
0	3387
0	2997
7	3194
0	3470
0	3354
0	3393
0	3136
1	3079
0	3055
0	2499
0	2914
1	3498
0	2970
3	3061
0	3076
0	3308
0	3093
0	2313
2	3587
0	3459
0	3128
1	3363
0	2599
0	2777
0	2738
0	2766
0	2571
0	2057
0	2056
0	1505
0	1804
0	505
0	1521
0	1735
0	1368
0	1228
0	733
0	653
0	583
0	607
0	731
2	552
0	546
0	118
0	551
2	243
0	387
0	296
81	205
17	23
1779	603
1	160
5	230
2	371
0	7
1	89
5	221
56	1042
0	1028
0	974
0	996
0	41
0	1042
0	75
0	99
0	447
0	84
0	5
1	63
1	425
0	76
0	97
0	92
0	23
2	23
0	166
2	410
0	351
0	46
1	8
0	31
2	78
0	291
0	114
2	67
0	56
0	168
0	471
1	480
0	481
0	472
0	56
0	495
0	11
0	2
0	27
5	31
0	4
0	459
0	376
0	338
0	345
41	31
1	20
4	16
0	37
4	48
0	141
1	12
0	5
0	44
0	72
15	112
31	134
0	35
0	404
0	334
0	263
1	308
0	378
0	174
19	68
0	308
0	254
0	100
1	189
0	114
0	121
0	126
0	36
0	58
1	88
0	68
0	55
0	28
0	26
0	7
0	0
0	0
0	0
0	0
0	0
0	0
0	0
0	0
0	0
0	0
2	0
0	334
0	306
0	1
0	1
0	1
0	1
21	44
0	8
0	31
4	38
0	8
0	8
0	5
0	20
0	7
1	60
0	40
10	300
27	256
45	1653
8	1641
3	12
64	0
0	9
0	7
0	18
0	59
1	53
0	56
0	31
1	30
0	30
0	14
0	11
0	9
0	14
0	8
1	0
0	1
0	0
0	0
0	0
0	0
87	1902
0	138
0	205
0	1909
5	67
3	333
54	250
0	250
0	18
0	0
566	51
2	51
0	0
1	0
2	0
0	445
3	20
4	71
0	75
1	46
0	69
0	65
2	14
2	62
0	11
0	24
6	310
13	572
0	356
0	873
12	355
3	505
1	98
0	3
0	2
0	3
0	3
0	2
0	0
0	0
0	1
0	2
0	1
1	0
1078	430
8	430
0	66
8	96
0	247
4	249
0	23
0	252
0	24
0	26
1	17
3	46
73	222
4	24
0	24
6	95
32	107
0	583
1	250
0	461
128	532
0	600
23	293
0	97
1	55
3	97
0	60
1	59
0	56
1	59
0	57
0	40
0	46
0	37
0	33
0	30
2	25
3	25
6	12
19	250
0	211
5	42
0	135
2	116
3	19
0	0
1	25
0	0
0	0
31	1
0	1
0	0
0	1
1	2
0	2
0	96
0	373
1	367
0	349
1	25
2	60
611	258
0	102
0	236
0	850
0	808
0	833
0	1603
0	873
0	1656
0	885
0	1857
5	1829
0	1827
0	875
1	793
0	822
0	795
0	1152
0	73
47	475
0	1222
0	1828
0	77
0	74
0	70
3	74
0	75
0	70
0	63
0	77
0	75
0	70
0	48
0	54
0	10
0	12
0	7
0	11
0	8
0	1
0	11
0	6
0	6
0	0
0	9
0	4
0	4
0	9
0	9
0	9
0	5
0	5
0	3
0	3
0	3
0	75
0	75
0	70
0	75
0	75
2	5
0	5
0	5
0	5
0	1
0	1
3	0
0	4
5	2716
0	78
0	67
3	69
0	72
0	2765
1	8
0	51
3	16
1	99
2	159
1	46
10	295
0	13
0	13
0	12
0	9
0	2
11	22
0	7
0	22
0	7
0	0
0	67
0	50
0	221
0	220
0	41
3	55
0	231
0	143
0	152
0	222
3	168
0	26
0	221
0	9
3	20
2	100
0	153
0	121
0	106
0	86
0	36
0	105
1	36
0	77
0	119
0	94
0	29
0	18
16	205
0	193
0	89
0	75
0	31
0	43
3	49
0	0
7	38
0	51
0	35
80	59
1	20
0	43
1202	83
0	30
0	79
3	53
2	3
0	0
0	0
0	0
0	0
0	0
0	0
0	0
0	0
0	0
4	8
0	0
0	7
0	1
0	1
1495	760
1	162
0	213
0	120
7	73
0	108
0	60
8	247
1	3339
4	1859
2	1066
1	1820
0	966
0	518
0	386
0	362
1	339
665	238
0	238
7	875
1	859
0	884
1	190
21	3
0	864
1	239
1	199
1	289
0	250
0	191
4	244
0	0
0	0
0	0
0	0
0	0
0	0
2	2
0	2
0	2
0	0
0	2
0	0
0	0
0	10
60	47
0	29
0	10
0	37
0	10
1	11
0	12
0	7
0	42
3	41
0	26
2	1
2	1
15	2582
3	2242
11	556
0	2302
1	525
20	263
0	1769
1	1496
0	1568
0	1608
0	1354
26	1751
0	1530
1	694
0	77
2	1187
0	917
2	1181
0	493
1	394
2868	0
1	0
4	3241
9	3562
2	3544
8	2636
11	2980
103	3260
0	306
0	247
0	382
0	381
3	0
0	5
0	0
0	5
0	4
0	0
0	1
0	4
0	4
0	5
5	220
35	220
790	311
0	231
14	87
0	0
0	0
15	1000
9	989
194	1038
0	1
0	1
0	0
0	0
0	0
0	0
0	0
0	0
0	0
0	102
9	656
3	655
0	144
1	84
2	144
4	498
8	426
39	192
13	144
2	101
0	0
0	0
0	0
0	0
0	0
0	0
2	141
0	484
1	456
3	605
1	313
8	212
0	474
0	353
15	313
0	285
0	1262
0	939
0	980
42	1262
2	735
1	1374
0	1463
3	1353
7	495
0	2
0	2
0	2
0	2
0	0
14	651
14	202
0	660
5	330
0	90
11	55
9	21
0	152
0	0
0	628
0	647
0	379
3	130
5	163
0	642
0	630
1	211
0	474
0	30
0	321
0	57
0	0
0	18
0	331
0	36
1	338
0	635
0	301
13	61
0	272
0	61
0	276
4	1
1	104
5	114
0	696
0	0
0	0
0	7
0	2
0	0
0	2
0	2
0	0
0	0
0	0
0	0
0	1
0	0
0	0
1	0
0	2
0	0
0	2
0	644
0	503
0	0
0	0
0	0
0	0
45	559
36	477
1	63
0	225
33	68
0	39
534	129
74	67
0	52
0	15
1	27
27	58
1	1
0	1
0	1
0	274
14	280
7	137
0	40
2	44
0	6
1	3
0	91
0	91
0	89
0	89
0	86
0	90
0	58
0	54
0	84
0	84
0	0
0	0
0	0
0	0
0	0
0	0
0	20
0	0
0	0
0	0
0	86
0	0
0	0
0	0
0	16
0	102
0	69
0	0
0	29
0	0
0	0
0	0
0	0
0	0
0	0
0	0
0	0
0	0
0	0
0	0
0	0
0	0
0	0
680	126
2	126
0	0
0	6
0	7
0	6
0	5
0	6
0	8
0	7
0	8
0	7
0	7
0	8
0	3
0	8
0	6
0	7
0	7
0	6
0	2
0	5
0	3
0	0
0	0
0	3
0	0
0	0
0	3
0	4
0	2
0	0
0	1
0	0
0	14
0	3
0	6
1	0
1	0
0	0
0	0
0	0
0	0
0	0
0	0
0	0
0	0
0	0
0	0
0	0
0	0
0	0
0	0
0	0
0	0
0	0
0	5
0	6
0	11
0	18
0	4
0	12
0	13
0	12
0	9
0	10
1	9
0	7
1	23
1175	493
6	150
2	495
1	340
2	35
1	143
2	25
0	18
0	18
0	22
0	22
0	24
963	289
0	289
2	34
2	95
0	964
2	1070
0	1070
0	203
0	8
0	0
92	0
89	76
0	37
0	56
1	55
2	23
5	20
0	0
0	0
0	0
0	0
1	32
21	32
7	140
1	151
0	197
28	143
0	171
0	106
0	191
0	1
0	0
0	0
0	0
0	0
0	0
0	0
0	311
2	2525
10	1022
0	2184
0	2518
0	2047
0	253
0	287
0	470
0	265
1	219
0	235
1	141
0	459
27	234
5	875
3	103
0	3
0	0
0	3
0	0
0	168
0	2
0	2
0	2
0	2
0	2
0	31
0	2
0	31
0	31
0	1
0	1
0	2
0	1
0	1
0	0
0	1
0	1
0	1
0	0
0	1
0	5
0	1
0	0
0	147
0	194
12	313
0	220
0	286
0	36
0	247
0	63
2	47
3	55
3	55
6	0
0	38
0	35
0	0
0	0
0	0
0	0
0	0
0	0
0	0
0	0
8	0
15	202
1	202
2	25
0	24
0	1
0	1
40	581
0	237
0	471
2	40
0	40
1	18
0	13
0	18
0	7
0	388
0	2
0	0
0	454
13	98
0	469
7	152
3	93
0	386
0	394
0	415
28	300
0	253
1	144
0	172
2	142
0	56
3	90
0	48
0	1
0	1
0	1
0	1
0	0
0	0
0	0
24	307
1535	385
0	149
0	0
0	0
0	0
2	707
0	1948
0	1809
2	1983
1	1920
0	1829
0	1934
0	1788
0	1745
3	1885
1	212
0	1237
1	125
0	1704
0	182
3	58
7	118
9	17
22	1248
4	492
0	230
5	290
0	131
0	143
6	768
0	273
0	183
1	220
0	216
0	183
0	156
0	141
1	194
0	129
0	167
0	82
2	224
0	163
2	72
0	1843
0	1970
3	474
3	467
0	39
1	1
0	185
0	5
21	5
1	95
0	2
0	443
1	448
557	290
5	116
24	153
2	235
2	235
0	70
467	899
0	216
0	437
0	431
0	459
0	960
400	112
0	197
1	184
0	81
0	53
253	128
0	8
0	120
0	0
0	0
0	0
0	0
4	689
0	765
0	749
11	544
10	754
0	98
1	91
1	16
13	1
0	117
104	292
0	276
7	281
0	172
0	201
0	123
0	165
0	169
0	888
4	1389
3	1389
0	0
1	1
2	1
4	1
0	1
0	1
0	3
3	31
0	3
0	1
7	30
0	1
0	1
0	1
0	0
599	0
0	0
0	0
0	0
0	0
0	318
0	112
64	969
6	722
1	51
40	806
18	886
0	697
0	513
0	552
1	729
0	455
4	843
6	315
1	27
2	998
2	45
25	0
1	91
0	43
0	140
1	21
0	89
0	74
4	128
5	68
0	0
0	0
0	0
0	0
0	0
0	631
0	1017
0	1299
0	1296
0	1155
9	1259
0	1206
0	1238
24	1144
0	1320
0	1234
0	1236
1	1341
0	1386
1	1324
1	1217
0	1381
0	1378
0	1090
0	20
0	859
0	853
0	825
3	626
7	270
0	426
0	445
2	109
0	246
0	182
0	66
2	32
0	105
12	154
2	45
0	32
0	18
2	18
0	0
1	495
8	495
0	47
0	10
0	191
0	188
0	52
0	192
1	33
0	39
0	24
0	48
0	0
0	0
0	0
0	0
0	0
0	0
0	0
0	0
0	0
0	1229
0	635
0	321
3	224
0	196
0	6
1	62
0	133
1	60
7	93
17	32
0	43
0	6
2	1114
0	1210
0	0
132	253
3	102
0	257
0	24
0	0
0	606
1	558
0	83
0	56
1	470
0	0
0	23
0	53
0	39
0	42
0	18
0	295
0	303
0	295
0	45
0	55
0	60
0	46
0	34
0	39
0	50
0	40
0	605
93	527
0	260
1	366
1	46
0	76
0	147
0	38
1	35
1	182
0	4
4	4
3	0
0	0
0	4
0	156
0	548
419	0
0	0
0	0
0	0
0	0
0	0
0	0
0	0
0	621
1663	1432
11	823
4	99
1	82
0	108
0	371
0	729
173	815
0	166
0	117
5	601
0	169
1	20
0	2
2	613
3	728
0	608
2	519
0	19
10	204
2	174
0	202
1	159
4	35
0	89
0	42
0	76
1	287
546	509
0	216
0	296
0	527
5	64
1	65
1	43
1	64
0	11
0	76
0	31
1073	2070
0	320
6	370
7	197
0	343
0	1643
1	2066
0	217
7	962
0	52
0	83
0	51
0	29
6	57
0	29
0	46
1	17
3	3
0	12
4	0
0	5
0	27
0	2
2	2
0	2
0	1
0	1
0	25
0	30
0	29
7	18
73	3
473	0
0	141
0	0
1	0
0	0
0	0
2026	283
825	292
15	171
22	56
1	78
101	641
2	110
4	576
6	628
0	628
1	423
0	9
0	317
5	317
8	141
0	209
0	74
1	177
0	173
0	58
1	110
0	220
0	161
0	47
0	122
1	22
0	35
1	38
1	90
0	929
1	270
0	775
0	303
0	908
1	919
0	922
20	114
109	957
1	375
0	81
3	384
1	343
11	64
0	927
1	962
34	870
0	870
0	967
0	0
0	3
1	4
0	0
175	2292
2	2018
0	1025
1	1793
1	708
4	993
13	308
28	1301
1	1092
0	1052
0	159
3	743
2	59
3	281
1	477
0	158
0	166
6	104
2	159
0	180
0	35
2	24
25	906
219	2346
1	1856
5	227
1	32
0	402
0	260
0	159
0	9838
0	9661
3	9258
0	9741
0	5177
0	9618
0	9598
0	9931
0	9524
0	9650
0	9456
1	9429
0	9520
0	9467
0	9268
1	2141
0	8060
0	8598
0	9678
0	9706
0	9836
0	9107
0	41
1	9612
0	1981
1	9588
1	9587
0	72
0	1711
0	9692
0	9743
0	4186
0	9295
0	1083
0	2268
1	945
1	5168
0	5168
2	2137
14	8482
0	1
0	0
0	1
0	1
0	1
0	1
0	0
0	0
0	1
0	1
0	0
0	0
0	1
0	1
4	1
0	0
0	0
0	0
0	0
0	0
0	0
0	0
0	1
0	0
0	0
0	0
0	0
1066	0
9	0
0	0
0	0
0	0
3	82
256	133
9	133
0	16
0	16
0	1
521	0
0	814
0	821
0	826
1	788
0	803
0	813
51	815
0	812
0	775
0	772
2	790
4	736
1	740
0	742
0	745
0	648
0	75
1	223
4	35
0	149
0	154
0	83
0	94
0	80
0	107
0	69
1	17
0	144
8	63
0	288
1	262
0	68
0	264
0	80
0	120
0	239
1	80
0	0
0	0
0	0
732	906
1	900
0	203
0	202
2	116
0	16
22	1170
1	16
0	753
1	1080
0	89
0	84
0	74
0	239
2	91
7	51
0	90
0	0
0	10
0	24
0	11
625	785
0	374
5	311
0	429
1	248
0	210
12	46
0	307
40	322
0	80
0	95
0	47
8	146
1	37
0	184
0	224
3	224
52	106
0	17
1	17
0	108
0	2
0	2
0	2
0	0
724	33
0	33
0	0
30	330
0	311
0	208
0	193
0	0
0	0
0	175
1	169
0	18
0	111
1	19
0	6
24	82
0	1
0	0
0	1
0	0
0	1
0	1
0	1
0	9
2	3
0	4
0	8
0	0
3	2
0	1
698	439
6	439
1	60
0	2
0	2
0	1
0	1
0	1
14	315
0	321
0	220
0	47
0	154
0	149
0	20
0	40
0	43
0	39
0	33
0	28
0	20
0	2
0	1
0	1
0	1
0	2
0	1
0	1
0	0
0	0
1	0
0	0
0	0
0	0
0	0
0	0
0	28
0	1
0	1
0	28
0	6
0	5
0	3
0	6
0	1
0	9
0	7
0	2
0	33
0	32
0	7
0	28
0	137
8	2732
3	2755
0	1940
12	195
2	357
9	263
0	839
6	214
0	107
36	2209
10	46
26	1718
3	126
1	194
0	38
5	1179
0	2753
0	2458
0	2403
10	2335
0	709
0	153
0	50
0	2403
0	1082
23	103
0	119
0	199
0	110
0	210
0	121
1	1771
0	1720
0	1755
0	1758
0	1025
1	1750
0	1554
16	1695
1	1667
0	1729
0	1726
3	1607
1	1691
0	634
1	43
0	121
0	644
0	38
0	337
4	8
1	71
89	1610
0	391
0	476
2	68
0	43
3	1416
4	531
277	69
4	55
0	14
137	0
1	2
0	2
0	2
0	2
0	2
0	0
1	88
16	750
1	41
1	567
1	377
0	112
0	104
17	123
0	46
2	102
8	7
0	85
0	59
3	66
0	75
3	56
0	18
0	6
0	47
0	17
551	0
0	373
1	758
0	789
6	755
196	6025
1	902
1	877
0	1164
0	823
1	5067
1	578
0	825
21	5823
0	833
3	893
16	204
16	184
7	331
20	696
1	846
1	437
3	8
1	8
0	7
80	9
0	7
0	6
5	4
15	439
8	266
15	396
6	64
7	128
1	238
0	138
0	119
17	99
0	85
3	109
0	121
0	33
27	85
0	795
1	778
0	894
8	131
1	66
1	871
1	788
0	57
19	42
464	224
0	16
0	154
0	44
0	46
0	23
0	37
0	2
0	49
0	38
0	8
0	5
0	0
0	3
0	11
0	6
0	3
0	4
1	11
0	5
0	50
0	2
0	1
0	1
6	17
0	41
0	1
0	31
5	19
0	16
0	13
3	25
0	1
0	1
0	1
0	1
0	0
0	0
0	0
2	171
0	252
0	631
0	481
2	288
0	240
349	0
0	12
12	12
1	6
0	9
5	7
0	0
0	2
0	2
0	2
0	2
0	0
0	0
0	0
0	0
0	0
0	0
0	0
0	0
0	0
0	0
0	0
0	0
0	923
1	496
1	824
0	829
2	304
1	178
28	480
0	684
1	700
0	0
0	0
0	0
0	2645
0	2278
0	2195
0	1967
3	2433
0	1631
0	2620
0	2627
0	2651
500	49
103	49
6	30
11	42
0	23
0	6
0	1
4	12
0	1
1	599
1	395
0	199
0	196
0	5
0	6
0	2
0	0
0	546
1	440
17	483
0	128
0	103
0	110
4	322
1	75
6	76
0	50
7	139
0	22
22	29
0	56
0	37
0	51
0	65
58	130
0	72
0	28
0	77
7	1589
0	1619
1	201
1	75
0	294
8	227
0	663
0	48
0	22
0	1
0	1
0	0
0	0
0	0
0	2
4	2
0	2
0	1081
0	1856
0	739
3	880
0	7764
15	1696
0	491
0	1330
2	4797
1	1345
0	1678
1	3344
0	1186
2	1895
0	6629
0	7609
1	330
0	669
0	277
0	602
0	276
0	463
0	279
10	71
0	272
0	465
0	167
0	259
0	170
1	110
12	307
0	655
0	265
0	682
0	736
0	162
1	249
0	195
0	302
0	735
0	256
0	772
0	138
0	268
0	123
1	84
0	246
0	571
0	262
0	638
0	117
0	288
0	635
0	203
0	551
0	123
0	219
0	221
1	217
0	126
1	176
0	122
1	202
0	36
0	4
0	158
0	162
2	91
0	138
30	153
1	160
1	62
0	35
188	167
0	14
0	19
7	155
0	5
4	1
0	18
0	16
0	3
0	1178
0	1121
4	960
3	56
0	452
1	80
1	134
11	158
0	827
0	992
22	1052
1	1161
4	993
1	492
6	124
35	667
0	133
0	49
2	1074
0	256
0	742
1	138
1	342
5	684
28	567
0	318
661	215
3	101
0	143
0	124
0	132
0	0
1	383
46	383
0	2088
0	2126
4	922
2	116
0	728
2	633
1	46
0	96
0	139
0	116
0	155
0	96
0	49
0	49
0	18
0	9
0	7
0	2126
0	31
0	31
0	31
0	31
0	7
0	0
8	1
7	348
6	270
3	343
0	283
0	153
12	31
0	379
0	335
0	271
1	379
0	226
0	141
0	126
0	166
0	131
0	101
7	74
3	59
0	62
2	12
0	275
0	320
4	80
114	424
47	91
4	157
4	108
9	66
1	16
0	1
3	2
0	2
0	163
0	163
1	163
10	191
0	184
0	9
0	169
0	43
0	6
0	15
0	12
0	18
0	23
2	23
0	78
0	161
6	40
0	50
0	98
0	87
0	156
0	2
0	2
0	2
0	7
5	21
0	511
0	156
0	555
5	555
0	530
56	2
0	2
225	91
0	40
0	48
0	27
0	22
1	17
0	7
2	3
41	44
0	44
0	64
0	1727
0	1675
0	1717
0	975
21	1665
0	813
1	415
2	275
0	570
1	264
0	264
0	1665
14	275
21	288
0	9
439	672
0	701
0	697
0	685
0	671
0	473
0	494
0	449
0	500
0	211
6	22
16	45
1	24
0	0
0	5
0	8
0	25
0	30
0	300
0	420
0	198
0	271
1	271
0	50
157	295
1	344
1	0
64	456
0	11
0	1
0	16
9	0
0	47
1	0
0	235
5	171
0	244
0	238
0	204
0	143
0	60
10	119
2	54
0	48
0	38
0	38
0	47
0	50
512	3194
0	804
0	92
14	321
66	1989
21	174
1	336
7	79
1	817
750	1491
10	663
0	680
1	71
2	744
0	282
0	0
1	124
0	140
0	63
4	19
4	129
1	19
0	17
57	17
150	1937
0	1708
3	818
7	1262
0	270
1	1934
7	508
0	4195
13	2502
360	2938
0	4104
2	3623
0	3574
22	2453
0	3410
7	1413
0	2542
52	238
0	34
0	1133
5	1121
5	880
0	653
0	618
0	829
4	634
0	191
3	2595
0	1976
0	2593
3	122
0	1854
0	1787
0	1544
0	1405
0	1455
3	31
4	1318
0	192
0	63
3	389
1	149
2	71
1	43
0	14
0	42
1	440
0	57
0	343
0	45
0	60
1	432
0	32
0	2
0	243
0	327
0	316
0	263
3	5
0	83
1	119
0	99
0	169
0	419
0	434
7	0
1	487
0	452
0	483
0	488
2	460
0	495
13	483
0	493
0	458
0	0
0	0
0	0
0	0
0	0
0	0
0	0
0	0
0	0
1666	420
1	410
1	316
3	609
0	650
0	629
0	610
0	672
0	545
0	30
0	43
11	234
0	19
0	4
0	44
7	12
0	189
17	142
0	97
0	119
3	120
17	71
93	0
0	6588
2	6482
0	119
0	104
0	3
0	57
0	61
0	485
0	226
0	80
0	477
0	90
0	162
0	305
8	17
0	470
1	4
0	3
0	1
0	9
0	96
0	169
0	437
0	206
0	480
0	480
0	105
0	156
2	1
0	55
0	103
0	79
0	123
0	195
0	191
0	493
0	99
25	455
0	171
0	82
0	124
0	76
0	1
18	1
0	0
0	324
0	11
11	324
1	67
14	7
0	7
0	1
0	0
1	298
3	1
0	1
0	296
0	298
6	296
2	307
4	181
5	291
0	123
9	113
1	0
0	0
6	9
1	8
0	2
0	1
1	2
1	88
411	284
0	204
1	284
0	0
0	0
1057	0
188	561
1	445
8	260
73	715
5	715
53	0
2	187
8	187
0	0
0	0
0	70
89	70
0	28
26	169
0	166
0	170
1	43
0	16
0	28
0	29
3	28
0	29
0	28
0	15
0	15
0	13
0	7
0	8
0	9
0	4
0	3
0	11
0	11
0	9
0	9
0	1
0	1
0	10
0	10
1713	1423
0	18
0	1358
0	404
0	422
0	271
7	266
0	251
1	204
0	145
0	209
2	214
0	218
0	183
0	175
2	6
0	0
4	431
0	425
9	466
0	419
0	416
56	572
0	602
1	332
0	319
2	0
0	1834
7	1002
0	791
0	676
22	443
0	1548
5	249
2	91
2	165
11	1
5	16
11	81
0	1
0	83
0	907
0	0
0	6
0	6
0	73
0	891
0	924
0	717
1	781
0	7
34	616
561	158
6	57
0	70
4	149
6	51
124	985
1	859
1	562
0	99
3	35
221	219
204	219
0	25
0	2048
6	77
477	151
0	138
2	0
0	93
561	93
0	2
0	2
0	0
0	0
0	33
425	391
3	0
0	117
0	76
0	33
0	381
39	295
1	90
0	46
0	27
0	294
2	88
0	7
2	7
0	9
0	81
0	12
0	15
0	0
0	75
0	10
0	9
5	27
1	5
0	1
0	3
0	6
0	78
0	0
0	0
0	0
0	0
0	0
0	0
0	0
0	0
0	0
1	705
0	40
0	714
0	470
0	36
0	68
0	41
0	428
0	23
9	103
0	48
0	105
2	397
0	422
1	17
1	30
11	593
2	339
0	60
0	51
0	15
10	23
0	85
0	103
0	89
0	62
0	15
0	7
0	3
0	19
0	7
0	3
0	0
5	0
0	102
0	21
0	1128
2	1135
0	107
4	12
6	742
0	1135
0	1135
0	1064
0	25
0	25
1	16
0	22
0	9
0	17
1	2
0	0
0	0
0	21
0	21
0	0
0	4
0	2
0	2246
0	2247
52	655
74	1254
0	1744
0	370
0	912
0	394
0	494
1	90
0	450
0	888
3	896
0	168
0	343
2	506
1	138
0	339
1	513
0	390
0	296
1	276
0	185
1	190
867	796
2	312
2	253
2	67
1	78
0	0
0	0
0	1
0	1
0	0
0	1
0	0
0	0
0	0
0	0
0	0
29	223
0	469
0	448
16	442
1	140
0	441
0	324
0	179
0	78
0	34
2	43
0	43
0	54
0	327
0	663
0	645
0	291
5	714
0	721
0	618
0	275
0	688
0	699
0	680
0	691
0	444
0	310
2	65
0	80
0	1075
0	87
0	49
0	995
19	151
0	142
0	142
26	29
0	201
0	210
0	1477
0	1578
0	1492
0	1330
3	533
0	1395
0	1567
2	1378
10	704
2	1475
0	1438
0	1413
2	1481
3	1304
0	1503
0	1503
1	1175
2	43
0	262
0	46
0	62
1	235
28	7
0	2
0	1
2	3
0	1
3	4
3	337
5	338
7	25
0	313
1	299
11	12
3	33
1	20
0	0
1156	92
4	34
0	77
1	72
2	133
3	36
0	101
5	167
0	20
1	4519
1	4299
0	4706
0	3
91	1820
13	1551
0	896
5	724
1	548
0	0
83	1015
0	1015
0	0
0	0
4	46
5	46
0	2010
0	438
1	11
121	1507
4	232
45	457
0	1954
0	29
0	63
0	70
12	236
0	72
0	186
11	197
0	37
0	176
0	57
0	87
0	16
0	0
0	0
0	0
0	0
0	0
0	0
0	0
0	0
0	0
0	0
0	0
0	0
0	0
0	0
1827	1338
0	540
0	999
4	101
0	122
2	207
8	150
1	2
7	1
5	2
0	0
0	1
0	0
0	1
0	1
0	0
0	1
0	1
0	0
0	1
0	0
0	1
0	0
0	112
1	474
0	404
0	421
0	29
444	377
0	120
0	105
1	16
0	31
0	9
0	0
0	373
6	703
886	703
2	597
0	24
0	45
1	73
0	193
0	117
0	47
439	2056
0	25
4	586
0	1498
0	1776
3	1978
0	1977
8	521
0	739
3	1240
2	1792
1	301
0	510
4	79
1540	292
0	292
495	442
2	223
0	408
50	627
133	141
1	139
6	624
0	478
0	0
0	583
0	559
14	602
0	361
0	426
1	356
1	69
3	16
1	37
0	15
0	48
5	51
237	85
0	9
13	76
0	3
0	3
0	2
0	0
0	0
0	1
0	0
0	18
1	320
2	948
737	20
0	0
0	0
0	0
0	0
0	0
0	0
0	0
0	0
0	0
0	2
51	2
0	260
0	301
0	276
0	220
0	281
0	152
2	227
1	136
0	40
2	62
2	67
0	59
0	42
0	19
0	443
0	382
0	2
0	2
0	0
0	0
48	406
8	404
0	41
7	37
0	26
0	23
0	26
5	6
0	6
0	8
0	8
0	8
0	0
0	1
0	0
4	146
116	146
0	23
0	122
0	476
0	480
238	590
0	0
0	0
0	0
0	0
0	0
0	0
1	0
0	0
0	0
18	514
1	514
1	508
0	0
241	129
0	137
0	121
394	88
17	88
850	185
0	139
0	73
0	12
0	117
0	46
0	0
0	66
0	16
5	31
8	1040
273	1060
12	568
3	104
0	2304
0	239
27	1704
0	2115
0	482
0	648
4	318
2	257
6	265
11	0
0	618
2	127
0	166
0	365
0	106
0	124
0	191
0	186
0	46
0	34
172	235
4	132
0	229
0	76
0	71
2	69
0	84
0	0
0	9
1	9
0	7
0	9
0	9
3	8
0	987
0	90
2	1424
0	144
0	886
0	282
1	785
0	286
76	1457
7	1037
1	956
0	852
0	177
0	108
0	913
0	138
0	59
0	106
0	274
0	437
0	284
0	48
0	372
1	216
0	194
12	464
0	1632
2	161
1	211
0	1616
2	1489
2	1328
0	1592
7	440
3	103
10	205
24	111
0	618
0	161
0	151
0	240
0	188
0	223
0	160
0	20
2	1437
0	1591
97	247
0	40
11	90
1	228
0	5
0	3
0	5
0	5
0	0
0	0
4	1
0	1
1	6
0	4
0	4
9	64
0	1927
63	2215
0	6
0	486
31	400
0	1799
0	508
2	168
0	2113
0	323
2	653
0	1930
28	172
6	1243
0	181
7	317
0	0
315	802
1	173
0	747
3	510
72	3199
2	3195
11	980
1	1535
0	1304
3	945
10	842
12	306
1	638
0	373
0	342
0	2951
1	479
2	458
0	304
0	104
1	163
2	56
0	54
0	514
0	538
0	522
0	367
0	20
0	17
3	230
3	1086
0	1313
4	328
0	1309
0	15
7	1036
1	83
3	88
1	66
0	0
0	642
0	166
3	0
18	199
0	101
4	18
12	35
5	5
0	21
9	125
0	64
0	88
22	1183
0	120
2	1083
12	262
0	934
1	2272
2	81
5	133
40	72
2	300
0	122
0	2244
0	0
1031	944
15	367
18	752
0	0
236	501
0	196
2	77
0	464
9	28
0	72
0	159
0	0
0	13
0	20
1	21
0	20
0	20
0	21
0	12
0	5
0	7
0	264
0	264
1	683
3	985
1	794
0	940
0	1023
0	940
5	728
2	162
0	253
115	144
15	144
0	1082
0	930
0	319
1	354
0	202
0	465
0	601
0	591
0	374
0	322
6	181
0	295
0	396
1	14
0	36
0	45
0	38
0	16
0	24
0	170
0	22
0	66
0	22
0	205
0	42
0	121
205	1368
0	320
0	1404
0	134
0	352
0	172
0	1059
0	83
0	148
0	24
0	130
0	282
0	621
0	77
0	138
0	120
0	126
0	266
0	1340
0	126
1	1106
10	853
0	123
0	313
0	1286
0	105
0	27
0	136
0	118
0	136
0	120
0	130
0	163
0	1154
0	1364
3	205
0	329
0	65
0	1140
0	337
0	810
0	342
16	815
0	142
0	73
34	487
8	442
3	192
0	505
0	423
16	454
3	222
0	357
0	213
0	298
0	243
1	175
0	219
0	221
0	228
3	79
0	108
0	52
0	91
0	0
0	0
196	26
0	21
0	26
0	184
3	186
0	65
0	24
0	21
0	0
0	0
0	0
0	0
0	0
0	0
0	0
0	0
0	0
0	0
0	0
0	0
0	0
3	5
0	1
1	4
1	0
0	0
0	0
0	0
23	344
0	73
0	142
0	172
0	172
0	338
0	171
3	107
0	328
1	142
0	155
4	40
0	249
5	185
0	12
0	12
0	48
0	14
0	44
0	52
0	25
0	10
2250	275
7	275
7	0
0	0
0	0
0	0
0	0
3	655
0	751
0	288
0	515
1	325
0	39
0	105
0	319
0	309
0	760
0	36
0	31
0	18
0	18
0	1
0	0
0	1
0	0
0	0
0	0
0	9
1	263
1	1007
12	859
2	329
0	456
0	1106
1	1129
0	1000
0	84
6	460
0	1022
0	154
0	364
0	454
8	248
0	82
0	54
0	46
0	26
0	21
0	8
0	8
0	6
0	6
0	6
0	6
0	6
0	5
0	5
0	5
0	4
0	3
0	3
0	3
0	0
0	0
0	1
0	0
0	0
0	0
0	1
1	1
0	0
0	82
0	83
0	510
0	502
1	37
22	425
0	30
0	39
0	27
0	475
0	190
0	125
0	483
0	31
0	19
1	24
0	35
2	43
0	11
0	7
0	61
0	408
0	239
0	151
0	82
0	42
0	0
104	53
0	51
0	50
2	38
17	71
11	212
0	336
0	53
1	265
8	177
1050	334
12	279
0	307
1	173
0	108
13	20
9	16
0	0
0	0
0	0
0	0
0	0
0	0
591	2462
2	507
1	219
0	1910
1	271
0	572
5	514
0	243
6	224
24	776
960	334
206	5
1	0
0	0
3	5
1	0
0	0
2402	240
0	99
1	61
0	82
0	11
0	36
4	34
1	558
0	557
1	469
1	191
0	78
2	253
0	179
1	179
5	42
0	778
0	998
0	776
0	849
0	825
0	957
0	780
45	1031
1	795
0	596
0	830
0	701
0	740
0	698
0	670
0	629
0	0
0	0
0	43
0	2
0	19
0	1
9	43
0	103
0	60
368	285
0	285
0	90
47	219
0	42
0	92
0	69
0	0
0	0
3	2164
4	2141
0	68
3	111
21	96
10	71
0	172
0	212
0	180
8	182
5	150
3	68
0	104
1	333
0	402
1	419
0	294
0	217
0	325
0	277
0	0
0	0
113	1129
16	501
19	1174
0	161
2	447
1	444
131	2018
0	2018
0	52
0	0
0	0
0	0
0	0
0	1
0	0
0	1
0	32
5	60
2	38
0	95
1	17
0	15
36	88
0	5
0	10
0	33
0	24
0	3
0	1
0	2
0	0
388	81
0	80
0	81
0	12
0	0
0	0
0	0
0	0
0	0
0	0
0	0
0	0
0	0
0	0
0	0
0	0
0	0
0	0
0	0
0	0
4	154
0	290
23	257
0	38
0	87
5	83
0	67
0	412
0	353
0	156
0	351
0	392
0	368
0	383
0	302
0	354
0	400
0	378
1	407
0	343
0	391
0	373
0	268
0	184
0	196
0	195
0	185
0	212
1	214
0	28
0	46
2	44
0	218
2	206
1	215
0	201
1	195
0	207
0	162
2	165
0	0
0	107
0	46
0	45
0	35
0	30
0	26
0	0
0	0
0	53
1	119
0	119
2	120
0	66
0	37
0	11
0	1
0	1
1	1
0	0
0	0
0	0
0	0
0	0
0	0
0	0
0	0
0	0
0	0
0	0
0	0
0	0
0	0
0	0
0	0
0	0
0	0
0	25
0	193
30	7
0	237
0	213
0	203
0	204
0	223
12	6
0	42
0	149
0	21
0	18
0	14
0	30
0	24
0	20
0	7
0	8
0	5
0	7
0	28
0	34
0	41
0	39
0	38
0	36
0	42
0	36
0	41
7	41
0	37
0	37
0	39
0	41
0	40
0	33
1	16
0	36
0	35
0	41
0	33
0	2
0	38
0	31
0	37
0	36
0	40
0	39
0	40
0	40
0	40
0	38
0	39
0	38
0	40
0	38
0	38
0	38
0	36
0	36
0	2
0	40
0	33
0	37
0	38
0	37
0	40
0	39
0	42
0	66
0	58
0	56
0	64
0	34
0	33
0	36
0	41
0	61
0	49
0	55
0	64
0	55
0	57
0	39
0	40
0	41
0	40
0	39
0	30
0	38
0	27
0	37
0	14
0	9
0	2
0	8
0	12
0	2
0	8
0	7
0	15
1	8
0	5
0	16
0	17
0	2
0	5
0	0
0	0
0	0
0	0
0	0
7	13
5	13
2	13
0	155
2	154
0	1607
1	1603
0	41
7	77
0	214
0	102
0	79
0	45
4	65
0	19
3	314
0	1539
0	1568
0	123
7	609
0	1510
0	959
0	1442
0	1469
0	1524
0	0
2	191
0	104
0	0
0	35
0	0
0	0
0	0
0	0
0	0
6	1183
5	50
0	0
0	124
0	136
0	127
0	22
0	0
0	112
7	399
0	318
0	0
1	71
0	241
0	11
0	0
4	0
0	182
0	180
0	7
0	0
0	3
0	0
0	2
0	7
0	2
20	249
35	249
6	108
2	56
0	775
2	716
15	764
0	764
15	539
0	515
0	779
0	247
1	142
13	86
0	54
0	9
0	46
0	50
0	48
0	6
0	41
0	36
0	36
0	36
0	34
1	31
0	14
0	3
0	0
1	44
0	40
5	64
0	6
0	59
0	59
0	36
0	61
0	34
1	10
0	6
4	715
9	170
0	711
1	276
1	667
2	50
1	54
0	18
1	133
3	94
1	29
11	4
0	3
0	3
0	6385
0	3994
0	6251
0	0
0	0
0	0
0	0
0	0
0	0
0	0
0	0
0	0
0	0
0	0
0	19
0	11
0	13
0	19
0	14
0	8
0	5
0	7
0	6
0	9
0	9
1	8
1	1
0	1
0	1
0	0
0	0
0	0
0	0
0	0
0	0
0	0
0	3
0	1
0	0
0	3
0	2
0	1
0	2
0	0
0	0
0	1
0	2
0	1
0	2
413	487
0	361
12	117
12	34
14	39
2	63
43	227
0	334
1	317
0	303
3	91
1	73
0	77
7	51
25	119
7	111
48	358
0	103
0	163
0	271
0	19
0	3
4	160
0	20
1	0
0	0
0	787
0	776
6	788
1	7
0	1
0	29
0	136
447	1624
4	1274
0	1286
3	121
0	204
2	929
0	133
8	7
0	24
13	91
17	94
56	94
1	94
0	472
7	0
1	66
0	33
0	57
0	67
439	346
0	117
0	72
0	87
32	164
30	58
0	68
0	1
0	1
0	1
0	0
1	6
1	6
0	4
4	12
0	20
0	35
0	12
0	15
0	31
0	8
27	9216
0	9147
42	780
38	495
99	1082
2	1151
2	554
0	1437
0	382
0	371
130	315
0	9
0	0
3	0
3	0
0	0
0	0
82	158
0	90
0	73
4	68
0	1046
1	981
2	1013
0	112
3	54
1	0
0	89
0	75
0	96
1	6
1	6
1918	2
1	0
488	82
1	24
0	58
0	324
0	98
0	206
0	172
1	291
0	74
0	55
0	119
23	101
0	249
0	2
0	1
0	1
0	0
0	2
0	2
0	2
0	0
0	0
0	0
0	0
0	0
0	0
0	0
271	175
0	71
0	145
0	32
0	29
0	140
1	35
1	37
0	140
1	64
5	128
8	26
0	19
0	12
16	54
0	30
0	14
0	10
0	29
1677	290
0	19
0	273
0	247
0	260
3498	2965
32	1671
13	687
0	946
1	1117
5	1094
0	1055
0	465
0	452
1	352
272	87
0	18
13	13
1	56
482	151
0	93
5	102
1	33
1	13
0	21
0	2
0	80
0	367
168	1114
0	1083
1	274
3	805
0	296
0	115
5	99
226	89
0	53
0	222
17	374
0	331
0	322
0	221
1	40
0	26
0	14
0	46
0	25
1	1
5	254
3	40
0	243
1	242
0	245
0	161
0	242
0	40
1	217
0	33
0	97
1	0
5	132
0	1715
0	0
0	226
0	185
0	98
0	1477
3	153
0	1780
0	1901
0	443
0	1619
12	1307
0	188
0	731
1	2
8	141
5	349
0	1782
0	1680
0	0
0	1748
40	1339
1	391
0	780
0	1205
4	821
2	656
0	0
2	676
35	31
0	50
0	657
0	31
5	29
7	50
0	25
0	76
0	25
2	41
0	27
0	55
0	658
5	4
0	20
2	501
5	658
1	31
6	0
1	654
0	28
3	9
0	57
1	34
1	502
2	57
0	59
0	63
1	25
9	1120
0	1119
0	1237
0	34
0	425
0	99
1	57
0	77
1	495
1	120
0	104
0	51
13	22
11	64
5	80
1	263
1	65
0	129
0	73
0	72
0	100
2	47
1	142
0	54
0	103
0	1208
0	0
0	0
13	43
0	10
0	6
0	40
0	42
0	43
1	43
4	23
0	861
0	28
1	17
0	15
1	769
0	69
4	212
54	838
0	0
0	0
0	42
0	11
4	13
0	8
0	21
0	13
0	8
0	8
0	0
0	0
1	0
0	32
0	3
0	3
0	28
0	44
18	498
2	354
0	488
0	470
22	3
16	463
0	232
5	194
1	181
10	174
1	101
0	12
0	0
2	132
0	47
0	136
0	72
3	2
0	6
0	0
1	0
4	83
0	58
0	5
0	52
0	57
1	0
4	34
0	256
1	229
0	24
0	36
1	21
0	130
0	231
0	2126
0	2126
0	2115
1	1828
0	2125
0	5
0	0
2	1
0	1
0	0
0	0
0	1389
0	1358
0	439
0	303
0	0
1	142
0	114
0	22
4	21
0	12
0	12
0	12
0	12
0	42
0	0
1	0
0	30
0	0
0	10
0	0
1	12
0	0
0	15
0	0
0	12
9	15
0	0
3	0
0	0
0	0
0	0
0	0
0	0
0	0
0	0
0	0
0	0
0	0
2	67
152	67
2	0
0	0
0	0
0	0
0	0
0	522
0	565
0	387
1	545
0	100
0	139
0	58
0	68
58	373
0	95
0	301
1	78
50	305
0	90
0	90
2	163
0	12
1010	305
0	269
0	1
0	390
702	537
0	552
5	213
204	105
2	14
0	31
0	79
4	60
2	1818
0	1687
4	191
0	187
2	72
3	207
0	73
1	76
0	1
0	112
0	9
0	5
0	1
0	3
0	1
0	5
0	9
0	0
0	1
0	0
0	1
0	1
0	0
0	1
0	3
0	1
0	9
0	9
0	9
0	9
0	9
0	9
0	9
0	9
0	128
0	135
0	147
0	140
0	124
0	29
0	37
0	116
0	26
0	144
0	13
0	22
0	44
0	2177
15	2145
0	102
245	2177
0	2146
3	108
11	823
0	750
0	56
5	125
0	37
0	35
0	34
0	77
0	1
34	112
0	802
0	3
19	798
1	29
45	35
0	5
0	5
0	2
0	3
0	21
0	1
0	26
0	6
0	16
0	4
0	0
0	0
0	22
0	22
0	0
0	28
6	396
0	397
1	22
5	93
0	22
0	391
0	22
0	22
0	22
0	236
0	292
0	287
0	277
0	326
0	322
0	324
0	318
0	320
0	325
0	323
0	313
0	316
0	326
0	328
0	324
1	323
0	320
0	307
0	333
0	375
0	369
4	64
0	2
0	42
0	273
0	60
10	180
2	20
0	34
0	31
0	73
0	52
0	50
4	52
1	70
0	66
0	0
0	1
0	1
0	0
0	31
4	1234
0	1286
0	165
2	397
0	399
5	735
0	737
0	184
0	56
0	410
5	665
0	282
27	1172
484	0
0	793
3	758
10	155
0	198
0	247
0	106
1	22
9	0
6	4
0	1687
2	1678
0	1739
0	112
0	158
0	170
0	204
0	177
0	277
19	132
0	15
0	0
0	2
0	0
0	0
0	0
0	0
0	0
0	0
0	763
0	476
0	453
0	513
0	533
61	209
0	462
0	481
0	457
0	767
0	49
0	456
0	459
0	470
0	449
0	367
0	402
0	417
0	436
0	374
7	57
5	62
0	30
0	218
0	4
0	113
0	135
3	65
4	12
0	6
0	0
0	0
0	0
0	0
0	0
286	17
0	4
0	4
0	0
0	4
0	4
0	4
0	4
0	4
0	4
0	4
0	4
0	4
0	0
0	0
0	1
0	0
0	0
0	0
0	1
0	0
0	3
0	3
0	3
0	3
0	2
0	2
0	0
0	1
0	2
0	0
0	0
0	0
0	0
0	172
0	177
0	168
0	166
0	161
3	177
0	174
0	4
0	176
0	24
0	161
1	28
0	177
0	180
4	161
0	1
21	0
0	151
0	560
0	516
0	557
2	74
0	541
2	27
0	101
0	94
0	85
0	1
0	3
0	3
1	3
0	1
1	3
20	475
34	372
3	323
0	523
0	532
8	486
0	529
0	540
6	319
1	35
0	21
0	25
0	27
69	368
0	329
16	65
0	0
0	0
15	140
0	116
0	106
0	82
1	35
3	27
0	15
0	15
0	15
0	13
0	2
1	2
0	17
1	17
14	2
0	6
0	3
0	1
5	8
0	8
0	5
1	15
0	11
0	15
0	14
0	1
0	12
6	11
10	10
11	13
0	14
0	10
0	11
0	14
0	15
0	25
0	9
0	15
0	16
0	12
0	5
0	7
0	17
0	9
0	7
0	9
0	16
0	12
0	9
0	7
0	9
0	11
0	10
0	17
0	9
1	7
0	11
0	10
0	9
0	13
3	11
0	3
0	5
0	0
4	12
0	7
0	13
0	15
0	10
1	1
0	3
0	12
0	6
0	10
0	34
0	414
0	445
0	73
0	51
1	51
0	27
0	347
0	996
0	1201
183	150
0	150
3	1
0	261
0	264
0	262
0	266
0	25
0	51
0	16
2	4
0	53
0	21
1	87
0	12
0	20
1	263
8	267
0	115
0	262
0	20
0	157
0	50
0	102
0	92
0	61
6	55
1	41
0	23
0	31
0	261
0	0
0	822
5	795
0	537
0	550
4	555
0	532
4	35
1	657
0	86
2	117
0	70
0	0
0	31
0	58
12	444
8	822
0	2
0	2
0	1
0	2
0	0
0	1
0	1
0	0
0	1
0	2
0	1
286	187
0	56
0	28
0	155
1	157
0	125
0	70
0	116
2	30
1	92
0	140
0	154
0	223
0	236
83	269
0	103
1	46
1	25
0	45
108	15
0	16
0	12
0	11
0	5
0	3
0	0
0	0
0	0
0	0
0	0
1	2521
309	2894
2	2556
0	2568
1	255
0	546
0	2611
0	2743
1	81
0	682
2	162
0	103
2	826
1	592
0	830
9	801
1	241
0	112
0	0
0	0
0	0
23	311
0	301
0	315
0	109
5	109
0	97
0	12
4	4
0	101
0	56
0	62
0	54
1	26
0	33
0	31
0	11
0	4
0	13
0	4
0	5
0	5
0	0
0	0
0	0
0	368
1	366
0	40
0	54
0	8
2	7
0	18
0	39
1	37
0	24
0	7
0	23
0	6
0	2
3	0
17	135
19	135
8	22
1	322
0	1342
0	1299
0	193
0	211
0	1315
0	1298
24	31
576	211
0	190
0	99
2	93
0	954
0	986
0	906
2	102
0	169
0	22
0	22
27	56
0	20
1	863
1	51
0	14
0	27
0	214
11	96
1	0
0	743
4	0
0	46
0	765
0	16
0	687
5	705
0	21
0	600
0	550
6	69
14	14
0	544
8	668
0	10
0	20
1	4
10	540
0	519
2	381
0	187
0	945
0	20
1	209
23	213
1	214
1	19
14	11
0	11
0	0
0	0
0	0
0	5
0	3
0	1
0	0
1	247
1	23
0	25
0	9
0	5
0	0
0	2
0	7
0	20
0	4
0	5
0	0
0	0
0	0
0	0
0	3
0	18
0	321
0	836
0	1025
0	1084
0	659
3	220
0	101
0	952
30	937
0	0
0	0
1	185
1	168
1	76
1	40
6	9
142	418
1	253
0	109
1	97
22	167
0	0
0	7
0	2
0	0
0	0
0	0
0	2
0	2
0	7
0	2
0	2
0	2
0	1
0	0
0	1
0	0
0	1
0	0
2	86
0	11
0	14
1	89
0	15
0	14
0	10
7	7
3	7
0	7
33	12
10	74
127	1114
0	92
10	20
1	538
2	781
148	13
0	13
1	85
2	98
0	158
8	0
0	165
0	90
0	90
4	66
6	109
1	154
0	2
0	95
0	12
0	11
0	12
0	202
0	164
3	168
0	195
3	193
0	194
0	80
0	35
0	15
0	68
1	15
0	45
4	24
0	12
340	193
1	31
0	18
0	164
1	45
0	39
0	28
0	73
0	91
0	42
0	0
0	0
0	0
0	0
0	0
0	1013
11	1021
0	839
2	84
0	795
0	779
0	799
0	464
0	14
15	318
5	24
6	29
1	60
0	64
4	2168
52	4520
3	574
5	165
0	3883
25	3290
4	303
0	1
0	1
0	0
0	0
1	1
0	0
0	1
0	1
11	258
0	258
1	234
67	233
1	48
0	42
0	0
0	0
0	387
0	285
0	388
0	368
9	457
40	133
0	367
0	298
12	461
0	356
0	0
0	136
3	270
0	0
2	37
0	0
0	0
24	47
3	0
0	0
0	28
5	21
0	0
1	8
27	155
0	0
0	0
0	1
1	108
0	5
0	3
0	10
0	3
72	206
0	43
16	28
2	30
2	0
0	38
1	115
0	114
0	12
0	47
0	30
0	28
1	13
2	42
10	52
0	93
0	106
1	43
1260	514
3	347
31	236
0	1885
0	1839
0	1788
0	2015
0	1046
0	222
0	438
0	272
0	822
0	316
0	921
0	1148
0	1109
0	1109
0	70
0	68
0	165
0	12
0	8
1	2
0	0
0	73
0	8
0	9
0	0
0	10
0	7
2	128
1	0
0	0
0	0
0	1
0	0
0	0
0	1
0	0
0	0
0	0
0	0
0	1
0	0
0	0
0	0
0	0
0	0
0	1
0	0
0	0
0	0
0	33
0	577
1	575
0	57
0	576
0	575
0	576
0	570
0	73
2	206
0	351
1	102
0	452
2	80
1	372
1	2
24	5
117	114
0	102
0	85
2	84
0	99
0	97
0	92
0	11
0	11
0	6
0	80
0	96
0	0
5	0
4	192
0	102
0	16
0	9
0	9
28	166
0	27
0	8
0	39
3	0
2	79
0	1255
5	1388
0	19
5	1409
0	1418
0	40
0	10
0	623
3	73
20	1839
0	1831
8	973
1	1256
4	1042
0	1085
1	388
0	386
0	1829
0	0
0	0
0	0
0	0
1	1
0	1
0	1
0	1
0	0
16	54
0	54
0	0
0	0
0	0
0	0
0	0
0	0
0	0
0	0
0	754
1	514
0	554
0	32
6	60
0	402
0	25
0	80
6	200
0	18
0	116
0	62
0	5
0	447
793	1181
0	0
0	0
0	0
0	0
0	0
0	0
0	0
0	0
0	0
0	0
0	0
0	0
0	0
9	504
2	1302
0	1392
0	1449
0	966
0	842
0	312
0	277
1	160
3	173
0	109
22	575
0	175
9	1
5	129
1	151
1	95
0	92
2	192
0	149
0	109
0	150
3	121
2	104
4	69
2	26
0	0
2	0
126	1499
0	1083
0	386
0	355
0	1080
0	41
2	372
1	344
0	614
0	614
0	344
0	26
0	201
2	293
0	354
8	419
3	386
0	447
0	220
1	107
51	88
103	102
17	59
0	4
0	20
0	19
0	20
0	18
0	5
2	34
4	34
0	8
0	8
0	2
0	5
0	2
2	470
0	391
1	677
0	713
174	552
0	478
0	378
0	267
1	123
2	87
4	48
3	988
1	1810
0	1997
0	2162
7	1493
30	1177
15	2094
0	1414
0	632
23	1560
1	0
0	1
0	1
0	1
0	1
0	210
0	211
0	49
0	35
0	7
0	10
0	9
0	19
0	14
0	44
1	40
0	31
0	18
0	8
0	5
0	1
0	1
558	478
1	408
0	15
4	321
0	377
0	211
0	22
0	94
0	155
0	330
1	104
0	221
0	334
0	334
0	19
0	30
4	8
17	972
8	170
0	701
0	161
0	925
65	701
0	267
1	144
13	142
5	24
31	679
0	560
0	79
490	334
0	351
0	84
76	97
0	60
4	0
0	37
1	36
46	596
1	520
0	235
21	35
0	164
0	201
0	79
179	528
1	87
0	48
0	90
0	11
0	6
0	33
0	48
136	338
1	36
3	19
0	21
0	34
0	39
0	47
0	329
0	11
0	18
1	17
0	33
0	47
0	52
0	35
0	35
0	46
0	36
0	31
0	11
0	34
0	11
0	47
5	19
0	45
0	0
0	0
0	0
17	37
0	9
3	16
1	24
1	6
5	2
90	67
1	10
4	57
9	0
0	0
0	42
0	137
0	157
3	166
0	37
0	150
10	48
6	165
0	101
9	133
23	101
1	118
1	0
0	14
0	14
0	23
0	14
0	12
0	23
0	9
0	3
0	3
0	4
0	13
0	5
0	1
0	22
0	1
0	4
0	619
0	0
1	1071
1	428
6	999
1	930
1	323
4	563
1	760
0	157
0	800
0	671
84	633
0	199
0	186
0	371
0	139
0	327
1	242
0	104
16	46
0	229
1	117
216	308
4	308
0	126
0	120
486	170
37	36
0	140
0	77
0	67
0	801
0	915
0	910
0	17
0	915
1	0
0	350
0	755
0	81
2	65
0	582
0	2
0	21
0	13
0	73
0	9
0	404
0	13
0	340
0	18
0	9
0	5
0	224
4	217
0	33
0	32
0	33
0	154
1	142
0	49
854	6840
258	5950
0	13354
0	122
0	13092
0	13058
0	13345
0	13208
0	9187
0	20
0	13346
0	13201
0	13049
0	13084
0	114
0	3101
0	13202
0	114
0	13087
0	13349
0	1
0	1
0	13210
0	13346
0	117
0	13058
0	117
0	13211
0	13344
0	13201
4	13346
0	13392
15	13216
0	13130
0	13345
1	13355
3	13047
5	13351
5	12917
0	12919
0	59
0	258
0	13408
71	13861
51	13711
0	13793
0	14055
0	12484
0	613
0	444
3	13464
0	13353
0	13063
0	13212
0	13345
0	13810
1	13517
0	13712
0	239
1	13284
70	13016
0	8502
0	6777
27	8083
0	11607
0	11583
0	11892
1	12364
0	11087
0	12091
0	11014
0	12388
0	11312
0	12972
0	3263
0	3409
0	2779
0	8114
0	962
0	0
19	10
0	3
2	7
0	164
0	9
0	121
0	0
0	158
2	63
0	18
0	116
157	3205
0	3205
6	2
0	417
0	416
0	419
1	185
0	131
0	104
0	129
0	58
1	68
0	33
21	36
0	54
0	51
0	33
1	1
0	1
1	417
212	434
0	363
0	316
0	77
1	60
452	524
3	282
1	497
0	1
0	1
0	1
0	1
5	767
10	840
0	850
0	356
2	287
63	431
2	29
2	143
55	408
0	44
4	311
1	386
12	15
3	250
11	172
3	23
1	23
0	1111
1	75
3	95
0	998
0	970
3	945
0	972
3	167
12	61
0	155
3	224
1633	457
1	441
0	175
0	0
0	0
0	0
1169	0
656	216
1	165
0	50
2	81
0	30
59	110
3	8
4	26
1	98
1	0
2	10
0	21
1	20
9	26
60	72
0	24
0	70
2	7
0	365
0	388
0	309
0	21
0	21
0	3
0	3
0	0
0	0
0	0
0	0
6	3362
0	259
0	267
0	201
3	1008
0	30
1	48
0	160
0	18
2	179
0	28
0	3348
0	0
0	0
0	0
0	0
0	215
20	215
0	1021
9	1021
11	998
0	60
1	993
1	697
0	0
0	304
0	137
4	421
0	151
0	136
0	40
0	66
0	124
0	60
0	15
0	151
0	76
0	9
1	74
0	62
0	66
0	40
0	18
1	652
0	89
27	679
1	289
0	116
0	419
14	48
0	85
0	79
0	272
1	153
7	153
0	172
2	179
2	0
1	73
0	73
7	2509
7	2509
0	781
68	1509
0	103
4	309
2	1422
9	1175
0	449
0	169
61	9
0	9
5	0
13	567
0	1066
0	495
0	36
0	69
1	43
0	1066
0	0
86	477
0	475
1	316
0	477
5	899
19	737
0	113
0	898
9	104
177	5391
0	2698
0	1934
0	691
0	1129
0	1094
0	1159
0	285
0	285
0	4786
0	25
66	419
0	246
0	310
0	66
0	435
0	62
0	84
5	49
0	81
0	33
3	27
14	34
0	103
0	205
0	129
0	36
0	86
5	47
0	61
43	55
0	21
0	427
11	0
2	0
1	54
0	80
0	444
0	455
1	421
0	470
7	79
0	136
8	46
1	26
0	183
0	77
26	297
0	40
0	283
0	59
0	127
0	80
0	83
0	73
0	74
0	185
0	46
0	79
0	78
0	58
0	51
0	53
0	123
0	94
0	47
0	40
0	68
14	29
1	69
0	61
0	69
2	60
0	57
0	37
0	19
9	31
0	180
2	7
3	7
0	0
0	77
7	530
0	74
0	89
0	453
0	0
339	17
0	78
0	326
0	320
0	322
0	158
0	208
0	253
0	394
1	118
0	88
3	35
0	107
0	85
0	98
0	90
10	48
0	110
13	400
0	213
4	31
3	8
0	12
0	30
0	28
0	33
0	0
1	20
0	63
0	399
864	87
18	87
0	0
0	0
0	0
0	0
0	0
0	0
0	0
0	0
0	0
0	0
0	0
0	0
0	0
0	0
0	0
0	1632
0	291
0	1632
0	0
0	0
0	0
0	0
0	0
0	567
0	546
0	570
14	231
0	181
0	171
0	143
0	95
0	57
13	1
1057	0
99	714
280	687
0	247
0	181
7	380
0	397
0	288
0	16
0	410
0	407
0	407
0	0
0	0
0	0
0	0
0	0
0	61
0	35
0	0
0	87
0	84
12	35
0	0
0	43
6	91
2	9
1	10
0	15
0	14
0	68
3	64
0	10
1	10
0	27
0	26
188	2958
3	2673
1	947
2	2405
0	1244
3	6
14	773
0	410
2	776
0	300
0	0
0	0
0	0
0	0
0	0
0	0
11	112
0	664
0	693
0	825
0	768
1	35
14	137
0	154
1	101
2	139
2	155
8	397
4	116
0	0
0	0
0	0
0	0
0	0
0	0
0	0
0	0
0	0
0	0
0	0
0	0
0	0
0	0
0	0
0	0
0	0
0	0
0	0
0	0
0	0
0	0
0	0
0	0
0	0
0	0
0	16
0	425
1	401
1	48
0	61
0	61
0	110
0	34
0	8
0	64
0	8
0	8
0	7
3	106
0	0
0	0
0	0
0	361
0	553
28	447
10	49
0	69
0	553
296	1577
4	505
1	616
0	90
3	166
52	808
0	107
114	59
0	2
0	59
0	40
0	42
0	2906
0	2364
0	221
0	250
0	214
1	124
0	1475
0	2472
0	1963
33	2275
0	1901
0	67
4	1197
0	259
0	110
2	115
0	109
2	114
0	113
0	110
1	12
0	29
0	16
1	5
0	654
0	641
0	78
0	52
3	43
0	31
0	37
0	0
0	0
3	0
16	107
1	111
19	20
0	8
0	108
0	0
1	7
0	7
0	6
0	4
0	6
0	3
0	3
0	1
0	7
0	6
0	0
0	1
0	1
0	1
0	0
0	0
0	1
0	0
0	1
0	1
0	0
0	1
0	1
0	1
0	0
3	508
0	30
2	88
76	497
0	4
0	4
0	0
0	2
0	4
0	4
0	2
0	0
0	2
0	2
0	4
0	4
0	1
0	0
0	2
0	0
0	2
0	2
0	4
784	775
18	379
2	90
0	190
0	127
5	15
0	211
10	44
0	106
0	17
28	33
0	22
3	0
0	0
1	13
1015	2109
6	2031
3	902
0	923
4	381
0	249
0	45
0	90
57	248
35	248
0	77
0	81
0	89
1	88
0	11
1	1
1	11
0	6
3	412
0	418
16	375
0	332
0	452
1	214
0	136
1	126
575	864
2	803
0	517
0	4
0	4
0	3
0	1
0	0
0	4
1	1017
622	1835
8	945
0	154
0	1437
0	1432
7	601
0	951
0	11
10	50
0	25
0	11
0	17
0	1
0	37
0	11
0	8
0	11
0	4
0	14
0	30
0	16
389	702
2	510
1	12
4	9
0	0
0	678
16	54
4	31
0	12
1	2
0	593
2	536
0	507
0	601
4	597
25	495
0	70
0	109
0	189
1	107
2	61
0	50
22	75
2	27
0	62
0	1
0	1
4	1
0	62
4	10
0	61
0	0
0	0
47	57
1	390
5	8
11	8
0	5
0	727
4	948
2	911
0	760
0	408
1	103
0	79
0	106
0	95
0	868
2	733
0	105
1	215
8	860
8	18
0	81
3	837
14	370
20	169
14	14
13	156
0	116
0	100
12	13
0	95
69	48
0	23
0	42
0	9
1011	0
6	47
0	0
0	0
0	0
0	0
0	0
0	0
0	0
0	0
0	0
0	0
43	804
6	461
94	738
0	41
2	244
1	200
0	166
1	1
0	1
2	768
0	788
0	230
0	90
0	377
1	50
0	139
1	77
0	3
82	88
1	11
457	137
0	26
0	67
3	25
7	67
0	20
1	83
0	13
0	19
1753	416
0	53
0	174
1	160
0	1762
0	218
0	253
0	246
3	99
0	59
0	454
0	253
0	273
0	71
8	1306
0	289
3	95
14	1312
15	640
0	640
0	88
0	21
1	4
0	4
2	5
0	3
0	1
0	0
0	3
0	3
0	0
0	1
0	2
0	1
0	1
0	2
0	2
0	1
0	2
0	1
0	2
0	2
0	3
0	5
0	4
0	6
0	3
0	3
0	3
0	2
0	0
0	5
151	3578
9	2837
1	3146
0	3119
3	3366
0	2780
1	2574
0	486
2	309
10	42
1	0
0	0
0	0
0	0
0	0
12	29
0	444
0	439
0	433
129	124
40	286
0	216
0	82
64	2
0	0
0	2
0	0
0	0
0	191
2	194
1	177
1	33
0	23
1	42
0	13
0	18
3	25
0	194
0	29
2	0
1	3
10	3
0	0
1298	2873
8	2750
30	2887
5	2862
0	974
0	253
0	2694
0	2623
0	2615
4	2558
0	2529
0	2148
2	1114
0	671
0	240
0	203
0	197
0	135
68	8121
3	3734
414	6770
0	6950
30	8062
2	6846
1	6846
3	4202
0	6661
115	4239
17	6272
0	500
1	0
6	636
44	630
2	74
35	17
0	62
0	68
9	38
0	58
0	42
0	623
1	2562
2	48
2	165
61	3836
0	3693
81	1438
0	3633
80	1992
0	3840
0	3671
0	20
442	172
0	131
0	50
21	91
11	40
21	0
244	457
1	409
0	350
5	4
0	4
0	0
0	0
0	0
0	0
0	1716
0	201
0	676
0	449
28	355
0	242
0	117
0	346
23	336
0	1528
0	388
6	1550
0	395
0	459
0	1545
0	366
1	361
0	367
0	214
0	111
0	343
0	26
0	23
0	13
0	35
0	20
0	18
0	13
0	60
3	3
0	18
0	12
0	37
0	41
0	35
0	35
0	48
0	50
0	43
5	147
112	263
41	116
0	1670
0	1655
3	1843
1	419
0	113
0	183
0	24
0	224
0	138
0	114
0	110
0	0
0	51
0	33
0	2
0	1849
0	1
0	0
0	1172
4	2
0	1002
0	96
0	125
0	250
0	318
0	1173
16	198
0	148
0	190
0	88
14	617
17	455
0	1172
8	6
1	3
0	5
0	3
0	1
1	0
0	0
0	9
0	9
0	6
0	7
0	1
0	2
0	0
0	0
0	0
134	94
8	83
0	58
0	54
5	8
0	50
0	57
0	55
1	58
2	43
0	22
0	30
51	652
1	652
1	167
6	583
0	314
3	140
0	455
8	432
13	97
7	54
4	0
30	16
0	1899
0	4136
0	301
1	593
0	3987
0	4067
0	3726
0	3872
0	954
0	742
0	701
0	699
0	1874
0	351
0	969
0	1331
0	84
0	4039
0	290
0	139
40	4088
0	971
2	773
0	703
0	3980
0	917
0	3983
0	625
0	426
0	1092
7	425
0	3981
0	430
15	784
0	4091
0	0
0	0
0	129
0	132
1	119
6	113
2	121
4	112
126	2124
0	2062
0	354
9	1966
0	1705
0	1678
0	843
0	642
2	266
0	259
0	0
0	2
0	1
0	2
0	2
0	1
0	2
0	0
0	1
0	1
0	1
0	1
0	1
0	0
0	0
0	0
0	1
0	0
0	335
0	353
289	665
0	335
29	0
1	99
0	67
0	45
0	84
0	0
0	0
0	87
0	104
0	88
0	103
0	135
0	0
0	64
0	53
0	61
0	61
0	9
0	53
3	40
6	866
86	671
4	640
0	647
4	431
7	4
0	19
31	230
616	502
0	32
0	38
1	33
2	72
0	135
0	40
1	19
16	76
0	76
0	2
0	1
5	0
960	48
7	47
0	0
0	0
0	0
0	0
0	173
34	156
0	158
7	146
1	28
1	69
111	636
0	61
1	36
0	592
0	125
0	173
3	16
10	10
0	69
3	0
0	6
5	6
0	114
1	5
18	49
0	80
0	69
0	99
0	81
0	91
1	11
0	0
0	0
0	0
0	0
0	0
0	249
0	71
0	59
0	268
0	86
0	98
0	29
0	86
0	252
1	103
0	38
0	12
2	30
0	17
1	8
0	28
0	27
0	27
0	118
0	27
0	2
0	118
0	117
0	26
0	37
3	20
1	6
0	13
1	17
24	15
0	1
0	3
0	0
0	0
0	0
0	0
834	198
8	198
0	15
0	15
0	15
4	9
1	12
0	0
0	0
0	0
0	0
0	130
1	130
0	9
0	1
0	0
0	0
0	0
0	0
0	0
0	0
0	0
0	0
0	0
0	0
0	0
0	0
0	0
0	0
0	0
0	0
0	0
0	0
0	0
0	0
0	0
0	0
0	0
0	0
0	0
0	0
0	0
0	0
0	0
0	0
0	0
0	0
0	0
0	0
0	0
0	0
0	0
0	0
0	0
0	0
0	0
0	0
0	0
0	0
0	0
0	0
0	0
0	0
0	0
0	0
0	0
0	0
0	0
0	0
0	0
0	0
0	0
493	128
0	122
0	122
0	122
0	18
0	30
0	21
0	10
3	0
0	6
0	5
0	5
0	3
0	1
1	2
0	2
42	42
0	9
0	28
0	4
0	32
0	4
0	4
0	4
0	1
0	6
0	0
0	0
0	27
0	42
135	316
7	309
2	176
0	96
0	95
0	78
0	73
1	53
0	43
0	43
0	0
0	0
0	0
0	0
7	209
0	209
2	60
19	307
323	247
9	72
47	86
29	21
0	8
0	8
0	6
0	6
0	1
0	2
0	2
0	1
0	2
0	1
0	1
0	1
0	0
0	0
0	0
0	0
0	0
0	0
0	0
0	0
0	0
0	989
0	381
0	171
0	83
0	69
0	94
0	111
15	281
2	281
1	152
1	9
0	3
10	3
0	0
0	3
0	3
0	1
450	2272
0	2006
6	1981
10	1462
3	58
0	634
11	10
7	0
0	113
0	111
646	148
0	148
0	0
0	98
0	106
12	78
0	105
0	101
1	79
0	73
0	17
0	23
0	38
0	12
0	2
0	10
0	19
2	2
0	3
7	13
0	5
37	0
0	0
1	0
0	778
163	1466
0	1419
0	51
0	121
1	134
1	120
38	27
0	20
20	95
0	8
0	91
1	8
4	29
3	0
0	105
0	62
0	72
0	58
1	68
0	62
0	20
0	57
0	58
0	29
0	11
1	260
1	257
11	105
0	58
2	263
26	257
0	67
0	260
1	14
1	105
1	1
0	264
0	28
5	638
0	899
0	51
0	701
0	166
0	727
1	125
0	53
37	128
0	830
0	2
0	2
0	2
0	2
0	2
0	2
0	1
0	1
0	1255
0	1265
3	1157
0	719
0	625
1	565
0	92
0	1265
6	1
0	1
30	0
12	1160
0	476
1	1005
5	1024
0	500
19	498
78	314
0	559
0	476
0	656
0	467
0	655
31	451
6	152
0	16
6	306
0	382
1	3
0	2
0	1
0	1
0	1
0	1
1287	251
1	251
0	0
33	353
7	460
0	452
1	480
0	276
4	96
1	81
8	49
0	0
0	0
0	0
7	314
22	10107
0	6049
38	12750
65	5456
7	8628
0	8495
0	10308
23	9322
4	8445
57	11394
0	9754
1	4676
0	11509
0	10435
3	5117
4	3801
6	7488
63	4864
0	4249
0	7810
638	262
0	254
0	40
0	15
0	13
9	42
0	42
2	26
0	11
0	0
73	1681
0	1388
2	1564
0	997
0	955
12	675
1	468
12	273
0	1
0	2
0	1
0	0
0	2
0	2
0	0
0	0
0	0
0	0
0	0
0	0
0	0
0	0
0	0
0	0
0	0
0	0
0	0
0	0
0	0
0	0
0	0
0	0
0	0
0	0
0	0
0	0
0	0
195	0
0	265
6	256
0	167
7	144
1	50
0	87
0	32
1	65
4	43
2	2
0	2
8	3
0	3
0	2
0	2
0	3
0	4
0	1
0	0
0	0
0	0
0	0
6	0
0	0
14	1509
1	620
0	1525
7	656
0	233
0	665
0	657
2	60
0	194
13	46
0	43
0	88
1	139
0	63
2	71
1	58
90	25
1	25
0	7
0	9
1	0
0	0
0	0
0	0
0	0
0	0
0	0
0	0
0	0
0	0
0	0
0	0
0	0
0	0
0	0
0	0
0	0
0	0
0	0
0	0
9	6136
1	6136
2	6130
6	802
5	1480
0	1535
11	715
0	1
0	2
0	0
0	2
0	2
0	1
0	2
0	1
0	1
0	2
0	2
0	2
0	0
0	2
0	1
0	2
0	1
0	2
0	1
0	0
0	0
0	0
0	0
0	0
185	385
8	288
0	100
2	277
0	2
54	336
0	18
0	271
0	78
1	333
2	26
0	41
0	343
1	154
10	270
1	61
0	49
3	325
38	168
3	251
12	410
0	391
2	306
3	263
6	148
0	11
0	52
1	51
0	17
1	7
49	31
0	7
19	143
0	19
16	897
43	125
0	709
1308	482
0	386
0	97
84	363
7	91
8	342
13	91
0	290
0	128
1	14
0	1
0	1
0	1
0	1
0	0
0	0
0	0
0	0
0	0
0	0
0	45
0	8
0	69
0	23
0	203
0	199
0	199
0	199
0	150
0	21
0	24
2	10
1	25
0	23
0	34
0	39
0	54
1	51
0	38
1	26
0	17
0	1
0	0
0	116
19	127
0	92
0	99
0	120
0	579
0	579
0	580
0	575
3	449
1	557
1	557
0	48
0	29
3	15
0	32
0	33
0	76
0	207
0	9
0	102
0	23
0	8
9	70
0	78
0	33
0	34
0	4
0	0
19	668
1041	1195
6	195
4	17
1	76
0	1037
2	0
0	0
0	0
0	0
39	106
0	105
0	27
1	26
0	3
2	0
16	634
0	589
0	95
5	81
0	50
0	0
0	0
0	1
0	8
0	0
0	0
3	771
6	4
0	3
0	0
0	1
0	1
0	697
0	0
0	0
0	0
0	0
0	0
0	0
0	0
0	0
0	0
0	0
0	0
0	0
0	0
0	0
0	0
114	225
1	146
0	207
1	213
2	73
1	0
0	20
0	49
5	71
0	13
0	7
0	0
0	132
0	56
0	10
0	11
16	81
0	98
0	76
0	102
4	101
1	74
0	90
0	30
0	6
0	11
0	14
0	16
0	10
0	16
1	0
0	0
0	8
0	0
0	0
29	75
5	6
0	1
0	1
0	1
0	1
1	1
0	1
50	631
59	533
0	85
8	50
0	86
0	14
44	27
0	1
0	13
1	13
0	8
1	8
0	8
0	0
15	12
0	12
149	0
3	11
0	0
0	1
0	1
0	2
1	1
0	11
0	1
0	12
30	55
7	38
0	48
79	44
1	37
0	36
1	4
0	3
0	0
0	0
0	0
0	20
0	7
0	31
0	31
0	31
0	6
0	21
0	17
0	0
0	0
81	881
0	881
0	332
0	106
2	91
4	140
0	45
0	974
0	978
0	913
0	800
0	855
0	807
0	876
0	788
0	816
1	792
1	95
1	668
0	246
4	120
0	125
0	98
0	87
162	2164
8	2127
2	651
1	656
3	228
609	236
2	12
11	42
2	182
12	44
0	44
102	650
0	340
0	156
1	79
0	143
0	40
3	1
0	0
0	0
0	0
0	2993
28	2993
0	0
0	0
0	0
6	26
62	27
2	1
0	443
3	413
3	415
0	417
0	418
0	390
0	396
4	378
0	215
6	297
0	393
0	414
2	367
0	395
0	364
0	294
0	268
0	231
0	96
0	255
4	34
0	70
0	107
0	50
8	18
0	46
7	40
1	30
0	27
0	37
0	8
0	33
0	11
0	8
0	9
0	24
0	24
0	0
0	4
3	0
0	1
0	10
0	8
0	1
0	0
0	2
0	2
0	2
0	23
0	10
0	1
0	0
0	0
623	0
28	307
0	2
1	4
0	2
1	4
0	2
20	271
0	258
2	170
1	77
45	63
1208	421
3	421
1	1
0	1
0	40
0	8
0	10
0	36
0	26
0	35
0	27
0	0
0	0
0	0
0	1596
0	1509
14	250
0	168
3	152
52	1239
6	679
319	1930
1	598
1	1
0	666
0	612
3	1821
0	1609
7	177
8	212
1	760
0	598
0	207
4	4
0	366
0	465
222	1932
1	20
0	1680
0	654
0	1762
0	342
11	104
1	308
76	840
1	461
23	528
0	0
0	190
1	47
0	217
932	217
0	40
3	25
259	182
57	189
0	164
0	12
0	8
0	17
0	20
254	2773
3	585
9	2692
0	30
1	374
0	364
0	125
0	22
0	11
0	26
0	26
0	170
1	0
0	0
3	0
0	13
0	6
1	375
198	337
4	85
0	81
6	128
2	44
3	745
0	1
0	304
0	1559
0	197
0	1858
0	1767
1	224
14	1822
0	1585
0	0
0	0
0	0
0	0
2	5
0	9
0	4
0	3
1	563
54	624
1	104
0	84
0	30
0	34
0	32
0	105
0	90
0	551
0	133
0	173
0	443
0	860
0	828
0	828
7	92
1	93
1	100
30	54
0	129
0	12
0	6
0	19
0	23
0	505
1	36
0	423
0	448
0	176
0	447
1	414
2	120
0	90
12	80
108	59
2	274
0	86
1	110
0	18
0	17
0	55
1	61
1	5
0	17
0	17
2	44
2	22
0	1
672	4
7	53
0	33
0	8
2	16
2	6
0	0
0	65
0	62
0	63
0	20
2	4
0	1610
0	1620
0	1619
0	1559
0	1166
0	1551
0	131
0	1043
0	1016
0	1470
0	576
0	688
0	1201
0	1138
14	481
0	1118
0	1354
10	638
0	495
0	1202
0	1122
0	595
0	260
0	487
5	292
3	226
0	714
0	168
52	592
0	133
0	407
0	913
0	885
0	887
0	270
3	80
0	103
0	5
10	170
6	24
0	338
0	545
0	428
0	467
0	298
0	314
0	180
0	270
0	31
0	308
0	251
0	264
0	271
0	242
0	244
0	207
0	142
0	61
1	178
0	30
0	19
0	54
1	123
0	82
2	71
0	1
0	64
0	477
6	255
1	19
4	244
47	227
0	0
0	0
0	0
1	8
1	8
0	2
0	1
161	20
1	0
0	20
0	0
0	0
2	10
1	18
0	27
0	16
3	13
0	9
0	12
0	5
0	5
0	9
2	6
0	1
0	4
0	924
111	1254
3	970
0	686
0	93
0	65
0	61
0	68
0	84
1	25
11	0
0	405
3	144
10	20
2	49
0	22
0	367
1755	623
0	623
0	94
10	10
0	81
278	81
0	1526
2	75
15	1244
0	356
1	213
0	153
0	575
0	1544
0	522
16	1524
0	730
1	211
0	354
0	268
7	1201
0	435
52	250
0	160
2	86
4	233
0	6
1	5
0	121
0	143
0	0
0	0
0	0
0	0
0	0
0	0
0	0
0	0
0	0
0	0
0	0
0	0
0	0
0	0
0	0
0	0
0	0
0	287
0	265
0	254
0	235
0	108
0	141
0	202
0	165
0	179
0	76
0	207
0	82
0	0
0	0
0	0
0	0
0	0
0	1
0	8
0	0
0	1
0	6
0	1
0	7
0	7
0	6
0	7
0	6
0	7
0	0
0	1
0	1
0	0
0	0
0	1
0	6
0	6
6	327
0	313
0	345
5	160
0	189
5	143
0	83
0	473
0	475
0	105
2	93
0	104
0	6
0	6
0	1
0	0
0	0
0	0
0	0
0	0
0	1
0	0
0	0
0	0
0	0
0	0
0	0
1	1277
0	0
0	0
0	0
20	0
1	203
53	591
0	431
1	97
0	145
1	44
1	79
3	195
0	104
3	81
0	46
2	56
0	3
3	3
0	0
0	0
0	0
0	0
0	0
0	0
0	0
211	547
2	544
0	106
0	101
5	3
419	2187
0	2091
1	1765
7	81
4	1091
2	132
0	146
0	173
15	558
20	558
133	34
1	0
0	23
4	11
2	1
0	0
3	0
0	0
2	60
0	60
1	12
1	54
0	8
0	3
0	2
1	1
0	0
0	0
0	0
0	0
0	0
0	0
0	1
0	0
0	0
0	0
0	1
0	0
0	0
0	0
0	0
69	172
0	172
0	0
1	14
0	0
0	0
0	0
0	0
0	0
0	0
0	0
0	0
0	0
0	0
0	0
0	0
0	1
0	1
0	1055
0	963
0	922
0	935
0	532
1	1273
0	1046
0	1350
0	0
0	0
0	0
0	0
407	2194
28	1027
3	1236
2	228
163	288
0	288
0	36
0	18
0	127
9	93
0	807
0	52
0	804
0	806
0	808
3	779
0	789
0	3
0	19
0	63
0	51
3	14
0	103
0	86
5	301
1	13
5	0
0	0
4	4
4	131
2	1205
1	1188
8	627
0	143
0	417
0	785
0	206
0	163
1	164
1	159
0	21
0	17
0	2
0	0
0	0
0	0
0	0
0	0
0	1
39	98
0	98
0	14
0	10
0	22
0	7
0	77
0	67
1	131
8	131
0	0
0	0
0	0
0	0
0	0
0	0
0	0
0	0
0	0
0	0
0	0
1	576
70	576
3	218
3	104
0	107
2	110
1	109
0	32
0	54
2	53
0	26
0	110
0	125
0	81
9	56
0	37
0	37
1	17
2	12
1	24
0	23
0	16
0	25
0	17
1	9
0	1
0	1213
1	150
0	885
103	0
0	188
1	65
0	16
0	1226
0	2
0	3
1	8
0	5
2	2
0	2
0	0
3	4
0	0
0	6
0	6
4	0
13	25
17	232
0	110
0	3
0	5
0	0
0	5
0	1
0	3
0	0
1	0
0	0
0	0
0	0
0	0
0	0
1	0
0	0
0	0
0	0
0	0
0	0
0	0
1	2221
1	620
7	87
2	2170
4	2145
53	20
0	9
0	9
0	7
7	5
26	572
1	568
0	545
0	30
0	0
0	0
0	0
0	0
0	0
1	0
0	0
0	12
0	11
0	14
0	0
6	8
0	0
0	0
0	0
0	0
0	0
230	123
4	123
2	0
5	4
11	35
0	918
95	918
4	330
0	0
0	0
0	0
0	0
0	0
0	0
0	0
463	66
0	66
4	2
8	40
0	1
0	0
0	40
0	49
1	1530
700	1534
2	273
2	375
13	66
9	126
0	53
2	23
3	69
0	50
0	75
0	6
0	70
0	54
0	11
0	50
0	56
0	12
0	9
0	13
0	7
0	18
0	48
0	14
0	38
2	425
0	161
39	86
1357	1009
0	61
0	44
0	253
0	328
12	182
1	75
1	90
0	210
0	0
1	120
12	84
0	252
2	189
0	79
1	66
0	214
0	239
0	151
2	134
0	428
2	129
0	429
0	353
10	202
10	6
3	203
2	234
1	139
0	198
61	164
0	429
8	776
1	777
6	776
0	68
271	34196
20943	34196
0	11
0	11
0	11
0	11
0	22
0	24
0	24
0	24
0	19
0	8
0	5
0	788
0	1253
2	1272
10	614
1	562
7	99
0	308
0	1430
0	1242
0	224
0	1289
0	1267
0	1266
0	1289
0	1350
0	276
1	615
2	13
0	405
2	267
20	93
7	234
2	81
3	1149
2	476
0	491
0	512
1	198
0	157
0	113
1	147
0	170
0	123
1	83
0	65
3	69
0	95
0	74
0	56
1	49
0	44
0	43
1	58
0	61
0	73
4	47
0	64
0	47
7	55
0	40
0	24
4	29
1	6
1450	691
0	691
10	128
19	65
3	161
39	90
0	84
0	131
0	40
0	116
55	65
0	56
0	7
2104	0
0	1541
1	1646
8	18
2	1512
31	1754
0	1461
0	575
0	596
0	1789
0	1570
5	347
0	283
0	570
0	627
384	776
3	14
0	96
0	102
39	67
34	222
184	1232
0	876
5	770
239	501
0	104
0	32
0	469
0	234
0	371
0	154
0	161
347	0
0	1813
5	1716
0	1114
0	1268
0	1566
0	222
0	102
1	139
0	111
1	1057
0	356
0	776
0	837
0	1069
45	1114
0	1251
6	70
0	882
0	847
2	136
0	196
7	109
1	141
3	131
0	97
42	12
11	260
0	20
2	0
0	882
0	847
0	1
0	0
0	0
1	0
0	0
0	0
0	0
0	0
0	0
0	0
0	0
0	0
0	0
0	0
1	75
2	79
1	79
2	4
5	596
0	430
0	506
4	109
0	0
0	0
0	0
0	87
0	100
0	303
13	145
0	334
0	315
0	298
0	255
1	223
1	116
1	50
1	99
0	38
0	37
0	33
0	8
0	32
1	24
0	22
0	26
0	21
0	2
1	449
0	231
14	506
0	22
13	305
250	0
2308	1331
6	1331
0	1126
0	1171
0	1106
0	1157
2	983
0	1171
0	1144
7	254
2	90
0	394
1	257
0	252
72	97
1	142
4	92
0	343
0	386
0	259
0	444
1	284
1	3386
0	4691
0	540
0	0
0	697
0	415
0	744
0	4449
0	503
0	263
0	350
0	196
0	313
0	456
0	308
0	418
0	56
0	1
0	420
0	70
0	137
0	462
0	529
0	1
0	36
0	85
0	270
0	97
0	386
0	358
0	136
0	351
0	646
12	981
0	297
0	380
66	1464
0	4595
0	3253
9	0
0	2
0	2
0	1
0	0
0	0
0	0
0	0
0	2662
0	238
0	335
0	245
0	182
16	2662
0	117
0	350
0	333
120	216
1	0
0	0
0	0
0	0
666	702
8	698
4	450
85	20
0	20
0	14
0	1863
3	1843
0	1834
3	434
0	728
0	1199
0	668
0	566
0	1472
0	665
0	1787
0	358
1	117
4	1394
0	96
0	83
0	8
3	48
0	36
0	35
4	7
0	4
0	7
0	1
0	1
0	1
0	0
0	0
0	0
0	1
0	1
0	4
0	3
0	0
0	24
0	24
0	25
2	5
0	5
0	21
1	14
0	11
0	12
0	12
0	1
0	1
12	0
181	80
0	79
0	48
1	97
0	268
328	266
0	9
0	2
0	34
0	0
0	0
3	0
0	4
3	4
0	4
0	0
0	1
0	1
0	0
0	0
0	0
0	0
0	9610
6	582
8	2636
0	3922
58	448
0	8134
0	0
0	0
53	91
60	323
0	44
5	67
0	28
3	33
6	81
67	111
1	17
0	84
943	570
1	512
1	4
21	132
0	34
2	898
0	803
0	801
1	792
0	795
0	651
0	732
1	696
0	539
26	497
0	374
0	309
0	74
0	70
0	61
0	60
0	124
0	2
0	37
1	62
4	58
0	27
0	12
4	10
0	761
0	652
0	780
123	700
14	70
5	70
399	461
39	231
2	130
0	85
0	145
0	546
0	526
0	653
0	671
0	683
4	616
0	681
0	655
0	688
0	698
0	633
0	542
0	0
0	248
0	255
0	90
0	247
0	175
3	95
0	91
0	94
0	247
0	95
0	66
1	69
0	15
1	69
0	66
10	456
3	425
0	78
1	308
128	1423
0	1416
0	1368
1	1379
0	1419
53	1175
0	1331
0	1389
0	1445
3	1214
5	129
0	354
0	329
0	136
0	206
0	185
0	197
0	213
0	202
1	150
0	87
0	85
0	64
0	73
1	42
0	29
0	1
0	3
0	344
0	507
3	802
0	765
0	72
0	54
0	274
0	54
1	53
0	43
0	36
0	769
0	524
0	225
8	248
1	248
1	248
0	64
0	50
0	23
0	3
0	0
3	14
2	14
0	178
2	206
68	96
12	219
0	0
0	0
0	0
1	3
4	0
0	127
0	692
21	692
0	92
4	114
1	243
0	337
0	281
11	13
5	248
0	245
0	252
1	11
0	28
4	185
1	142
6	58
0	48
1	740
601	0
0	266
2	98
0	98
13	15
0	15
1	0
0	0
0	0
0	0
0	0
0	0
0	0
0	1
0	0
0	2
0	0
0	1
0	2
0	0
0	0
0	0
0	0
25	643
7	161
0	270
1	349
12	437
0	333
0	75
0	58
0	628
0	18
3	283
3	284
0	35
0	33
0	8
4	20
0	25
0	53
0	32
0	23
1	19
1	0
0	16
0	16
0	2
2	0
410	4357
60	4357
0	857
0	857
0	1
1	0
1	0
0	0
0	0
0	0
0	0
0	0
0	0
0	0
0	0
0	0
0	0
0	0
0	0
0	0
0	0
0	0
0	78
1	80
0	49
0	35
0	39
12	1000
0	110
0	0
0	0
0	0
0	0
0	0
0	0
0	0
0	937
20	916
20	481
26	895
1	33
11	340
2	0
0	114
0	937
17	399
0	1220
1	1450
0	1925
59	1637
0	2094
0	2170
0	1255
1	1241
1	766
4	139
0	660
259	317
0	78
5	7
1	418
0	680
0	741
0	223
0	240
2	91
7	141
22	857
19	459
11	647
30	843
9	712
0	870
0	371
0	426
1	255
2	51
0	243
112	0
0	1
0	1
0	1
0	0
0	0
0	0
0	1
0	1
0	473
0	337
1	228
0	78
0	215
0	164
0	180
0	112
0	482
6	491
5	39
0	101
568	403
0	168
2	91
1428	1366
2	1335
0	1371
0	361
0	48
4	37
2	56
3	123
3	109
0	82
0	61
0	45
0	50
0	51
97	68
2	4
0	62
0	62
0	57
0	15
0	47
0	47
0	47
0	4
927	0
0	0
0	0
0	0
0	0
0	0
0	1231
0	614
3	1031
0	3737
0	1322
0	3451
22	4210
1	613
0	4505
3	4290
8	4329
0	4295
14	3800
0	4093
1007	931
0	98
36	0
1277	0
0	1
0	1
0	1
0	1
0	0
0	983
0	1059
0	186
0	247
0	68
0	141
0	154
0	82
0	90
109	2588
0	2515
20	2515
10	331
0	1168
2	523
0	680
0	586
13	516
0	499
0	594
0	500
0	398
24	225
114	772
1	12
0	12
0	0
0	0
0	0
0	0
0	120
380	120
0	116
174	170
23	577
0	0
0	0
0	3
0	3
0	0
0	0
0	60
0	62
214	332
0	332
2	13
0	37
0	18
0	48
0	38
4	229
0	48
0	229
0	21
0	96
3	229
0	56
0	223
0	98
79	1275
1	1099
91	907
41	878
2	519
36	78
87	73
31	73
0	19
0	18
0	18
0	0
0	10
0	2
0	0
0	1
0	1
0	3
0	1
3	2837
0	988
0	1038
45	1038
49	2738
0	588
0	534
2	389
0	202
0	319
0	52
1	68
0	341
1	586
0	292
0	243
0	510
2	47
5	59
0	61
0	63
0	63
0	5
0	15
0	6
1	6
0	1
0	0
0	1
0	1
0	1
0	3
0	2707
1	441
2	1531
0	439
15	22
0	2632
0	129
27	1528
3	61
0	519
0	138
4	191
0	749
3	51
0	1488
0	1584
0	114
4	291
0	1605
12	0
56	76
7	22
0	76
0	0
0	0
0	0
0	0
0	0
2	0
0	0
0	2
0	0
14	4
0	0
0	1
0	1
0	3
0	2
0	2
0	1
0	0
160	1350
0	1326
0	388
0	0
0	67
1	204
0	2849
1	768
2	938
0	1003
0	257
0	2608
2	2404
485	470
0	373
3	554
16	101
0	99
9	89
0	131
31	4799
19	5113
80	15
0	355
1	3329
3	3328
0	136
21	4904
0	1769
0	499
0	1665
104	1657
12	1495
5	1280
3	192
0	300
0	271
3	2
0	10
127	169
0	3
1	161
1	158
1	12
0	5
0	6
0	13
0	12
0	10
0	8
0	0
0	0
0	0
0	0
0	0
0	0
0	0
0	0
0	0
57	655
0	300
8	59
145	934
0	808
12	89
0	361
0	331
0	738
1	521
0	855
9	105
0	946
1	49
27	221
0	219
0	65
0	55
0	56
0	125
0	24
0	10
0	12
0	8
2	22
0	81
0	89
0	18
0	12
2	72
714	634
0	633
2	339
4	51
0	54
0	46
0	85
0	35
0	63
1	28
0	24
0	33
1	33
0	19
0	33
0	3
247	688
0	664
0	480
1	83
0	83
3	55
0	52
0	56
2	8
33	94
0	62
0	79
0	0
0	6
0	56
0	13
0	72
0	20
0	21
1	14
2	29
1	8
257	610
0	586
1	429
789	634
3	14
0	35
0	21
0	25
0	26
0	25
0	6
0	1
0	1
0	0
1	18
0	16
0	12
0	7
0	7
0	11
0	12
0	11
12	24
0	6
0	5
0	2
0	3
615	0
5	133
3	133
20	57
152	1183
1	1183
0	68
1	0
0	14
6	219
0	271
1	119
0	113
0	146
1	112
81	87
0	127
1	82
0	0
0	6
0	6
0	6
0	6
0	6
1	6
0	6
0	0
0	4
0	0
0	6
31	129
90	517
0	284
3	278
0	717
0	2045
0	2031
0	2100
0	2155
0	2043
1	2033
0	2091
0	1776
0	2164
21	2170
0	1988
0	2069
0	2173
0	2163
2	2041
0	2087
0	1993
2	2185
1	2033
70	2190
6	2091
0	2205
3	2054
1	718
0	2001
0	1999
0	2071
0	2174
5	2045
2	2071
0	2070
0	664
3	2004
0	1936
0	1726
0	2011
0	307
0	2054
0	1738
0	1675
0	1666
0	1675
0	1605
0	225
0	112
0	145
23	207
46	2014
0	291
2	272
1	24
8	175
79	1814
0	0
0	0
0	0
0	0
0	0
14	2101
0	1901
0	1925
0	1831
0	2121
0	2100
0	2101
0	1946
0	1922
0	1932
0	2106
1	2084
0	2074
0	1968
4	2045
0	1855
0	2008
0	2026
0	1362
0	1722
1	1748
0	1982
0	1120
0	1328
0	1810
0	1987
1	567
0	1437
0	1231
3	1095
7	214
0	1171
3	392
1	118
0	933
0	319
2	80
0	1
0	1
0	0
0	1117
0	31
108	29
0	19
13	380
3	41
15	0
42	1098
45	347
5	131
0	131
0	73
0	58
2	61
0	7
0	12
2	11
0	124
0	123
22	94
0	74
0	95
0	94
0	67
2	50
0	31
1	27
0	19
3	16
0	9
1	5
2	0
20	1
0	0
3	0
0	252
53	252
0	33
0	53
146	169
1	144
0	70
0	7978
0	134
0	8128
25	7710
0	635
1	2247
0	3752
23	1525
0	2840
0	1300
0	1142
0	6608
0	3241
0	4850
0	2218
0	2949
1	3744
0	3535
1	495
0	1749
1	2439
5	1238
9	1713
2	1
0	1
0	1
0	0
0	0
74	9
0	9
2	76
39	76
2	6
0	23
0	1
0	1
3	1554
5	1650
1	219
0	266
0	165
0	1
0	1
0	0
0	0
88	36
0	22
25	29
0	6
0	1
18	773
0	814
1	980
0	983
0	910
0	811
0	913
1	142
0	198
1	124
2	31
0	36
4	47
0	41
1	388
3	47
0	243
0	391
6	2
1	22
0	28
8	2
4	2
0	44
0	34
0	223
20	308
2	0
0	96
0	23
0	14
0	7
0	5
0	4
0	71
0	2
0	48
0	6
0	1
0	76
424	151
0	151
4	2771
72	2833
2	662
0	562
3	581
0	435
0	1
0	1
0	1
0	0
0	1
0	1
0	521
679	521
100	333
115	17
0	12
3	9
0	4
68	0
0	0
776	77
0	76
0	64
0	18
0	0
0	0
0	0
0	0
0	0
0	0
0	0
0	0
0	0
0	0
0	0
0	0
0	0
0	0
0	0
2509	397
1	47
6	271
2	36
0	137
0	10
0	553
0	465
0	517
0	538
1	491
0	217
0	225
6	38
0	96
0	25
0	44
0	517
272	435
0	424
0	138
2	26
0	11
0	28
3	0
0	0
0	0
0	0
0	1
0	1
0	1
0	1
0	1
72	0
1	15
6	1304
10	1297
0	149
2	149
2	237
0	335
0	432
0	573
2	163
0	277
0	303
0	368
0	284
0	224
0	25
1	25
0	160
0	64
0	2
1	97
0	17
1	15
3	148
4	119
0	5
35	123
46	82
0	46
3941	816
0	80
2	162
0	22
3	22
3	22
0	6
0	9
5	0
1	3
0	519
0	445
0	262
1	480
0	183
1	153
0	421
1	352
2	287
8	258
3	212
0	26
3	93
17	0
0	85
0	93
0	93
0	507
4	22
0	41
4	26
0	519
0	36
0	26
0	57
0	22
9	19
0	45
0	51
0	36
1	38
0	31
0	9
0	3
2	38
9	60
6	567
4	509
0	0
0	0
0	0
0	319
0	209
0	3109
0	2846
0	3124
0	302
0	256
1	2994
0	304
0	304
0	194
0	315
0	0
0	210
0	351
0	190
0	105
0	1352
0	1405
0	1250
0	159
0	292
0	201
0	34
76	34
0	0
1	4
0	0
0	4
0	0
0	0
0	4
0	0
0	2
0	0
0	0
0	0
0	0
0	1
0	0
0	0
0	1
0	0
0	0
0	0
11	880
1	18
0	878
0	891
1	1671
0	606
0	509
4	694
2	512
0	1529
2	1629
0	1081
0	1546
0	252
9	253
0	774
0	1612
0	177
24	193
0	171
0	175
5	371
0	0
0	0
0	0
0	0
0	0
0	0
0	0
0	0
0	0
0	0
0	0
0	0
0	0
0	0
0	1
0	0
0	0
0	1
0	5
0	5
0	5
0	0
0	1
0	0
0	0
0	3
0	3
0	2
0	1
0	0
0	1
0	0
0	0
0	4
0	297
0	31
0	148
0	0
0	81
0	297
25	88
0	23
0	652
156	419
3	405
6	417
32	417
20	210
24	634
0	638
1	37
41	107
0	632
0	2
0	0
0	25
0	5
0	47
128	79
0	53
0	2
0	2
2	5
0	25
1	25
0	0
0	2
443	958
0	853
0	615
3	599
3	145
0	440
0	2904
0	265
1	2313
0	2038
7	958
2	208
4	63
2	123
1	289
93	573
0	440
2	373
278	532
9	363
0	168
0	195
0	169
1	114
0	130
2	43
0	54
2	0
0	0
1	0
4	0
0	33
0	969
5	244
0	963
0	21
0	490
0	4
0	60
0	6
0	22
7	45
1	25
1014	0
1150	0
0	1
0	2
0	1
0	1
0	21
0	12
0	15
0	15
0	5
0	1
0	12
1	16
0	1
0	3
8	0
1	67
0	297
0	293
0	345
1	343
0	341
37	213
0	206
0	85
0	121
1	206
0	156
0	103
4	23
0	54
0	18
0	17
0	20
0	8
39	2072
3	82
0	2050
13	56
0	467
0	21
0	42
0	267
0	308
0	580
1	807
0	709
0	1486
0	315
1	506
0	290
0	863
0	227
0	343
3	384
6	1261
1	414
0	279
0	879
1	964
0	39
1	20
0	58
0	604
0	185
1	444
1	386
1	145
2	157
0	226
3	301
0	180
0	248
0	154
0	129
0	83
0	45
3	99
0	133
0	45
475	267
34	62
12	108
0	164
9	16
0	170
26	45
32	36
1072	384
23	163
1	291
0	583
3	31
1	34
3	57
0	31
0	1
0	1
0	615
0	0
0	0
0	0
0	0
9	364
6	327
2	15
20	0
164	312
0	152
0	92
0	28
1	10
0	8
2	11
8	5
0	43
0	21
0	35
0	30
1	0
0	0
0	0
0	1
0	7
4	20
2	20
0	5
0	3
0	2
148	2
7	415
0	235
77	368
36	500
3	0
592	121
0	121
0	891
0	808
8	866
0	760
1	772
0	266
1	253
1	0
1	122
2	511
0	474
0	487
1	527
3	277
0	236
0	371
0	0
2	0
1	32
0	32
0	0
0	0
0	0
0	0
589	630
0	591
0	16
1	169
120	0
15	1171
0	1183
0	284
0	261
0	216
0	146
5	134
0	1210
0	1202
0	1199
1	0
0	0
0	426
0	400
1	157
0	332
0	245
0	311
0	441
74	22
43	24
1	24
0	8
3	0
2	432
10	646
138	646
0	51
64	416
169	468
8	52
0	0
0	0
0	0
0	0
0	0
0	0
0	93
0	89
1	93
0	12
1	80
0	15
0	18
0	12
0	10
0	92
6	472
0	207
21	6
0	3
0	2
0	3
360	694
0	133
0	81
1	173
0	498
4	120
0	82
0	39
0	116
0	90
0	139
0	73
1	95
2	48
0	56
0	46
3	27
12	11
0	48
0	59
0	98
0	95
8	13
0	42
0	91
0	22
3	94
0	29
0	77
0	80
0	17
1	25
0	59
3	14
0	27
0	66
53	50
2	16
0	22
0	82
5	11
0	49
1	34
0	14
0	31
2	0
0	22
0	904
46	907
2	414
1	36
2	58
1	70
0	35
0	0
0	0
0	0
2	54
0	425
5	53
0	410
0	410
4	400
0	245
0	246
0	180
0	172
0	58
0	85
0	76
0	51
0	35
0	24
0	0
0	0
0	0
0	5
0	5
0	5
0	5
0	6
0	5
0	0
0	472
396	485
39	267
6	163
0	437
0	436
4	305
0	436
0	73
0	141
1	34
0	145
2	117
0	60
0	38
0	38
0	0
20	5101
5	881
23	5037
14	1026
1	1001
37	3280
12	849
3	593
1	859
0	650
4	846
0	1151
1	917
0	412
0	666
0	344
14	344
1	340
0	209
0	1
0	1
0	0
0	0
0	0
0	0
0	1
0	3
0	4
1	3
0	4
0	3
0	5
0	4
0	1
0	1
0	1
0	1
0	0
0	6
0	4
355	83
5	5
0	44
0	65
0	778
13	395
0	943
16	955
0	176
0	917
10	1128
0	141
2	79
1	1110
0	4
0	3
4	1340
0	1443
1	440
3	84
0	193
86	820
27	1573
51	1573
0	4
421	634
0	557
0	195
0	176
3240	2502
1	904
28	408
1	1064
0	800
2	815
662	371
2	371
0	0
0	0
0	0
0	0
0	0
0	0
0	0
0	0
0	0
0	0
0	0
0	0
0	0
0	0
0	0
0	0
0	0
0	0
18	0
0	0
0	0
0	0
0	0
0	0
0	0
0	0
0	0
0	0
0	0
0	0
0	0
3	484
14	512
0	107
7	6
10	27
0	10
0	331
0	0
0	0
0	0
0	0
9	200
0	210
0	246
0	194
0	242
0	194
1	0
13	257
37	257
2	76
0	28
2	23
4	30
1	45
35	1845
7	1815
0	118
8	315
1	104
1	155
3	2533
0	205
0	1492
0	1662
0	1341
0	826
0	197
0	451
1	281
0	320
2	282
0	106
0	315
0	26
0	118
1	9
0	313
0	24
0	0
0	0
0	12
2	121
1	78
1	263
50	204
0	23
6	192
1	188
2	12
0	16
2	6
0	15
0	23
0	20
2	140
0	29
1	29
0	4
0	3
1	1
0	0
0	0
0	0
0	0
0	4
0	305
0	1038
38	1034
15	78
1	1082
0	1151
6	1025
0	287
1	241
0	359
201	840
0	114
6	836
0	820
0	121
1	134
2	167
6	340
1	190
0	104
0	391
0	194
2	562
471	351
0	328
2	281
0	304
0	95
0	24
5	0
0	79
226	124
2	66
1	40
0	716
46	106
0	40
0	89
0	106
0	31
0	33
0	4
0	0
0	11
0	4
0	10
0	1239
0	961
0	139
0	77
0	76
240	215
2	90
1	13
0	7
0	7
0	199
0	7
1	108
0	0
2	153
2	26
0	413
7	391
1	397
5	159
1	42
1	0
0	0
0	0
563	762
3	752
2	134
0	0
0	2
0	2
0	1
0	2
0	0
1	587
0	604
0	11
0	11
0	12
0	42
0	55
0	570
0	132
0	296
7	134
0	25
0	519
0	576
0	11
0	719
0	834
0	691
0	159
0	123
0	625
0	456
0	547
0	494
0	619
0	468
0	177
0	271
0	10
3	79
0	123
0	105
1	459
20	298
4	431
8	41
0	17
0	775
65	112
0	104
0	100
0	71
0	92
0	92
0	65
0	14
0	13
0	19
0	4
0	0
0	0
0	0
0	0
0	0
0	0
0	0
0	0
0	0
0	0
0	112
0	0
12	644
287	829
141	774
0	328
4	48
0	107
0	126
0	20
1	21
0	20
0	7
0	1
0	2
0	2
0	2
0	2
0	2
0	2
0	0
0	0
0	1
87	712
231	941
0	284
0	123
0	436
0	436
0	296
0	139
0	129
0	117
0	50
91	907
0	54
567	853
0	969
31	430
1	788
4	766
0	192
3	310
4	975
1	54
19	975
1	290
0	319
20	123
0	123
0	17
0	13
0	0
0	45
1	53
0	9
0	11
0	41
0	10
0	31
0	23
0	7
0	6
0	10
0	30
0	21
0	11
0	5
1	26
0	151
0	13
3	15
0	156
0	85
0	135
0	61
0	131
0	56
61	4
1	4
0	4
0	0
0	0
124	8
0	3
0	2
0	2
361	0
0	0
0	0
0	0
35	5
7	2
1	5
0	3
0	3
2	3
0	1
0	0
0	3
0	3
0	0
0	79
2	3
0	80
1	1
1	43
1	0
8	930
0	883
6	22
2	108
2	123
2	86
5	102
4	149
2	148
3	125
1	111
3	69
0	53
0	1274
0	1302
0	366
0	328
0	73
0	58
0	3
0	0
0	0
0	0
0	0
0	39
1	254
0	20
0	262
0	12
8	52
0	201
0	11
13	52
0	155
0	71
0	78
0	194
1	63
0	13
5	7
0	7
0	1296
1	1219
0	0
0	1184
0	158
0	1185
0	0
3	501
4	324
295	496
0	9
4	1
7	1792
2	57
2	1924
0	1926
0	1856
0	78
11	116
0	608
4	32
1	653
0	46
15	22
0	607
0	587
23	519
0	534
5	107
0	39
7	99
3	45
0	651
0	362
0	0
279	0
0	0
0	0
0	0
0	0
0	0
0	0
0	0
0	0
0	0
0	0
0	0
0	0
0	1
0	41
0	41
2	19
0	23
4	0
5	12
0	9
0	9
0	1
0	0
17	0
6	3778
282	7029
47	7018
0	117
0	114
0	5
0	0
5	87
0	4
0	7
0	66
0	2
0	70
0	0
1	34
0	1
0	1
0	0
0	0
0	0
6	87
13	833
39	833
2	90
793	253
0	253
0	0
0	0
0	0
0	0
0	0
0	389
95	278
0	163
0	194
13	100
2	17
5	43
195	47
5	11
0	21
2	11
0	5
0	5
0	0
0	0
0	0
0	0
0	0
0	0
0	0
0	3
1	5
0	3
0	3
0	0
0	84
0	84
0	80
1	23
3	22
0	84
1	1387
90	1385
0	182
0	89
0	109
4	59
0	94
0	45
2	0
1	1062
0	885
0	807
0	772
2	522
25	542
14	491
11	200
0	1060
0	0
0	0
0	0
0	0
0	0
0	19
0	0
0	0
0	0
2	4
0	0
0	0
0	0
0	34
0	1
0	0
0	5
0	7
0	35
0	6
0	3
0	3
0	3
0	3
0	1
0	32
0	1
0	1
0	1
0	0
0	2
0	0
295	0
870	0
0	4
0	3
0	3
0	4
0	0
0	0
0	0
0	0
0	0
0	0
0	0
1	137
0	0
0	1
0	1
0	96
0	90
0	3
0	3
0	75
0	8
0	46
0	0
0	0
0	9
0	1
0	7
0	2
0	2
0	1
0	10
0	10
0	8
0	9
0	6
0	6
0	6
0	0
0	5
1	2
0	2
0	0
0	0
0	0
0	0
0	0
0	1
0	0
0	99
0	9
0	93
0	12
1	15
0	35
0	99
0	0
0	0
143	676
0	27
2	491
0	614
9	89
48	187
0	187
0	109
2	138
0	15
0	22
1	15
12	0
0	1
0	1
105	1022
4	1022
0	79
0	398
0	0
1023	1
35	145
241	709
1	360
0	335
12	145
2	218
0	224
0	612
0	352
0	40
3	176
0	274
0	356
0	58
0	315
0	120
0	162
0	328
8	114
2	250
0	5
0	6
0	6
0	6
0	0
0	0
0	1
0	0
0	1
0	0
2	794
0	796
2	164
3117	1115
8	1115
0	222
1	109
4	136
0	117
0	422
1	419
5	118
2	72
0	80
4	12
0	50
1	32
1	35
0	0
1	59
417	1
0	1
3	117
0	870
0	889
0	845
0	847
1	878
0	792
0	674
0	458
0	472
5	345
0	588
0	691
0	643
0	655
0	623
0	570
0	591
0	97
0	97
0	91
4	19
0	210
0	197
0	187
1	41
0	108
5	49
4	54
0	40
0	28
0	91
0	6
0	92
0	4
42	891
15	641
0	563
1	651
32	264
3	99
4	99
0	243
6	147
1	28
1	2
0	4
0	5
0	0
0	5
0	3
0	2
0	0
0	0
0	1
0	0
0	0
0	0
0	0
0	0
0	0
0	0
0	0
0	0
0	0
0	0
0	0
0	0
0	0
0	11
3	11
0	11
0	11
0	5
0	4
0	11
0	11
0	52
9	444
1	415
21	422
0	44
0	64
0	52
0	6
0	6
0	4
0	4
1	2
0	2
0	0
0	1
2	0
0	2
0	1
0	0
1	1
0	0
0	0
0	0
0	0
0	0
0	0
0	0
0	278
0	388
65	424
0	236
0	424
0	63
0	64
61	33
0	4
6	65
0	15
0	17
0	7
0	64
54	75
0	10
0	9
0	6
0	74
2	38
0	9
0	36
0	14
1	2
0	0
0	0
65	0
0	0
3	0
58	393
3	73
0	30
0	31
3	12
147	289
0	270
0	123
0	666
0	122
0	88
0	78
0	112
637	975
1	609
0	691
2	439
4	72
3	1
0	88
5	0
2	95
0	95
269	29
0	29
3	89
15	380
0	56
0	202
1	4
1	279
491	2076
186	2076
0	0
0	38
0	578
0	22
11	110
0	36
0	51
0	29
0	14
0	572
2	1979
0	2012
4	1333
3	167
0	47
0	834
0	97
12	362
0	49
0	146
1	7
0	7
0	7
0	0
0	7
187	0
0	91
0	87
60	64
0	60
1	88
4	80
0	1
3	4
0	1
0	2
0	2
0	3
0	1
0	0
1	3
0	0
0	0
297	0
17	2177
36	159
2	160
3	577
0	740
0	1501
2	3730
0	944
3	554
0	132
0	0
15	1336
0	248
0	1258
0	49
0	82
0	161
1	0
1	112
2	155
0	0
0	620
0	219
20	73
2	2122
1	116
0	0
0	133
0	298
3903	0
0	34
0	28
1	20
0	5
0	3
0	3
0	3
42	368
0	199
0	173
0	122
1	38
4	225
2	118
0	87
0	83
0	4
2	66
5	10
250	43
0	426
0	371
0	191
0	243
3	136
171	988
1	954
0	886
1	274
0	218
11	253
315	22
0	22
0	22
71	15
1	15
240	493
0	108
0	0
8	488
0	1750
5	1444
0	660
0	478
0	375
0	460
2	217
3	288
1	257
2	77
8	305
12	66
4	243
0	283
0	266
1	117
0	99
0	81
0	89
0	83
0	71
0	135
0	50
1	26
0	344
4	353
0	346
0	36
0	46
0	46
0	28
0	19
0	21
0	183
1057	183
249	117
3	95
0	22
1	56
0	0
2015	540
0	226
3	151
3	177
3	218
3	667
0	441
0	447
0	431
0	312
0	40
0	79
0	60
0	11
0	0
0	762
14	455
1	25
1	84
42	72
4	73
3	431
0	1240
0	537
8	1213
0	62
1	286
0	57
0	44
0	91
0	91
5	2
0	0
0	0
0	0
174	1250
0	952
0	962
1	190
0	0
0	0
0	0
0	0
0	0
0	0
788	0
0	723
0	688
0	711
0	720
0	732
0	723
1	601
0	227
0	724
0	218
0	190
0	202
0	63
1	25
0	23
0	29
0	18
1	0
512	355
2	355
0	244
0	37
0	59
0	0
0	0
0	0
0	0
0	0
0	0
7	995
1	95
1	180
431	1062
0	67
0	222
0	18
0	62
0	49
0	119
2	66
1	36
0	723
0	718
0	712
0	707
222	733
5	635
0	627
0	586
0	192
0	185
0	92
0	53
1	84
0	85
0	50
0	40
0	67
0	44
0	13
1	36
0	34
0	27
1	40
0	27
0	26
0	40
1	39
0	26
2	41
1	25
10	8
0	14
0	88
0	80
3	73
0	111
0	15
0	19
10	18
16	185
0	111
0	27
0	156
2	132
0	114
1	324
27	90
0	29
0	97
0	176
9	195
1	426
0	90
11	6
0	39
18	71
27	274
117	79
23	96
0	63
19	0
253	673
0	672
7	372
0	81
0	138
0	107
1	170
0	132
0	77
9	31
0	463
0	155
0	460
0	16
0	33
0	20
0	38
0	34
0	35
0	35
0	43
0	25
1	19
0	0
2	0
1	455
3	842
5	842
0	44
1	457
328	34
0	25
0	10
0	8
0	10101
6	6618
8	6624
18	2410
3	8533
20	9619
90	3442
4	345
0	314
5	314
0	298
1	85
0	60
0	86
0	0
0	0
0	0
0	0
0	0
0	0
0	0
0	1018
0	924
3	297
0	373
0	154
0	127
0	925
0	7
0	21
3	12
13	37
9	905
0	901
0	827
0	718
0	58
1	72
2	0
0	0
4	52
3	1
0	53
1	10
0	18
6	619
56	2599
0	2446
0	2302
0	1376
0	357
17	584
1	443
0	992
0	232
44	23
0	7
0	7
0	20
0	6
0	4
0	1
0	0
0	0
6	0
0	15
1	0
0	18
0	22
0	27
0	12
0	20
0	10
0	4
0	8
0	14
0	14
0	12
0	4
0	5
0	4
0	3
0	2
0	27
0	12
0	27
0	463
15	0
0	120
0	127
1	374
0	119
1	218
5	47
0	76
0	91
0	160
5	59
0	251
0	0
0	0
0	0
0	0
0	0
0	0
0	0
0	0
0	0
0	0
0	0
0	0
0	0
0	0
0	0
0	0
0	3
0	0
0	2
0	4
0	3
0	4
0	0
0	0
0	1
3	517
1	485
0	483
4	472
0	443
0	362
0	356
0	376
7	365
0	357
0	354
1	192
0	238
0	247
0	233
0	95
10	50
0	15
1	1236
0	255
0	226
0	300
0	367
0	275
0	302
5	83
30	990
0	533
0	949
8	968
0	64
20	32
2	82
1	56
2	132
0	33
0	185
2	65
0	224
3	1209
6	68
10	803
46	1153
2	796
3	1209
3	17
1	23
8	282
0	284
0	283
0	283
0	282
0	9
0	58
0	13
0	24
0	4
0	0
0	0
0	0
0	0
0	189
0	187
0	183
0	98
0	173
0	169
0	161
0	167
0	161
0	164
0	170
0	166
0	167
0	169
0	166
0	159
0	170
0	172
0	170
0	172
0	167
0	167
0	170
0	151
0	171
0	154
0	169
0	167
0	177
6	185
0	162
1	18
0	22
0	185
3	17
5	746
0	742
0	21
3	27
0	27
0	58
4	109
0	15
15	396
0	8
0	340
1	7
3	9
1	4
0	18
32	142
2	209
1	128
0	1280
149	1365
0	1051
1	763
0	1120
1	87
13	139
0	112
0	140
17	84
0	49
0	85
0	26
0	555
0	1
1	0
0	0
0	0
0	0
0	0
0	1
0	32
40	272
2	71
1	19
2	156
0	97
1	59
0	57
4	193
0	86
3	165
0	48
0	81
1	38
0	36
0	111
0	175
3	34
0	12
1	16
0	43
4	29
1	201
12	97
11	160
1	133
0	135
4	25
0	27
0	14
8	11
2	37
83	67
0	66
0	35
0	59
0	59
0	57
0	14
0	10
0	6
0	6
0	5
0	0
0	2
0	3
2	0
0	0
0	0
0	0
0	0
0	0
0	0
0	0
0	0
0	0
0	0
0	0
0	0
0	0
0	0
0	0
0	0
0	0
0	1
1	694
0	17
1	443
0	73
0	725
0	716
0	2
0	2
0	2
0	2
0	2
0	2
0	2
0	2
0	2
0	2
0	0
0	0
0	0
0	0
0	0
0	0
0	0
0	0
0	0
0	0
0	0
14	7
0	4
0	0
0	0
0	0
0	1
0	2
0	1
2	59
0	571
0	738
0	733
0	63
0	42
0	101
0	23
48	23
0	9
0	2
0	172
41	236
3	157
0	213
0	171
0	3
0	3
0	0
0	0
0	0
0	0
0	3
424	58
18	58
0	16
0	5
0	48
0	70
6	452
0	390
0	725
0	23
0	628
0	723
0	713
0	657
4	473
0	544
0	678
0	581
0	567
0	51
0	622
0	605
0	717
0	40
0	59
0	458
0	24
0	64
0	476
0	26
2	333
6	245
0	282
730	2167
0	2051
0	359
5	53
0	54
1	54
495	450
1	378
2	246
5	178
0	1
0	1
0	1
0	0
0	0
0	0
0	0
0	105
23	106
0	26
1	16
0	75
0	7
9	88
0	73
0	64
0	72
0	75
0	59
8	56
0	62
1	10
25	0
704	294
0	294
1	10
0	39
1	373
0	373
0	265
0	207
0	208
0	39
0	24
0	10
0	365
219	42
0	42
1	0
0	2
0	4
0	11
0	22
4	19
0	22
0	496
5	516
1	407
1	330
3	350
7	63
0	47
3	69
2	6
28	276
0	81
0	83
2	67
0	52
0	28
0	49
0	33
1	20
0	484
29	366
0	501
0	509
0	580
21	61
7	473
11	181
1	57
0	37
0	70
1	63
0	539
1	5
21	7
7	559
0	179
4	4
0	7
1	2
0	13
6	50
0	55
4	450
0	46
0	560
3	5
0	5
0	5
0	0
17	165
109	138
10	3
12	0
8	161
31	145
0	155
0	140
0	21
0	43
1	24
0	120
0	86
17	8
0	71
1	56
0	1
0	0
0	0
0	0
0	0
0	231
0	0
0	0
12	3
189	6
0	57
0	25
0	0
0	19
0	20
0	4
0	25
11	29
0	24
1	377
4	390
1	46
0	35
0	283
9	393
0	237
21	10222
21	10503
0	10248
14	10239
8	2807
0	5177
9	4247
0	0
0	0
0	0
0	0
0	0
0	0
0	0
0	0
0	0
0	0
0	0
0	3679
0	3843
0	3122
0	1422
0	1118
0	2736
38	1047
0	2741
0	3255
0	603
4	1134
0	3346
1	20585
3	11877
5	6519
364	6298
2	10413
1	18694
2	2674
0	17051
0	8078
3	13049
0	13897
3	13795
8	18611
0	15265
0	0
0	0
0	94
16	96
0	1
426	103
0	93
0	65
0	14
0	403
0	0
0	0
0	0
0	0
0	0
0	0
0	0
0	0
0	8143
0	8142
0	1
0	0
1	3
0	0
0	2
0	0
12	269
0	269
1	254
0	135
0	140
1	75
0	121
1	18
0	24
0	6
0	0
0	265
0	265
8	230
6	205
1	194
4	50
0	28
0	3
0	3
0	5
0	0
0	2
0	1
0	0
0	3
0	0
0	0
0	0
0	0
0	0
19	14
0	9
0	9
0	9
0	9
0	9
0	5
0	4
1	4
2	0
0	11
0	11
0	0
0	0
0	0
0	0
0	0
0	0
0	0
0	0
0	21
0	21
0	0
0	0
0	10
0	21
0	0
0	0
0	21
0	0
0	0
0	0
0	0
0	10
0	10
0	0
0	0
0	0
0	0
0	0
0	21
0	0
0	0
0	10
0	21
0	21
0	9
0	5
0	4
0	4
6	34
0	3
0	34
869	588
0	479
4	363
7	278
0	0
0	81
33	430
30	297
33	179
0	317
0	39
16	31
0	52
3	41
0	38
0	341
433	842
1	55
0	205
10	0
0	122
9	645
44	109
17	103
0	6
0	45
0	72
6	817
0	48
0	376
0	2
0	809
0	87
0	87
0	89
10	8279
0	8294
0	8293
0	1202
0	7922
3	8280
0	862
0	1683
15	0
8	5152
8	353
0	523
2	1001
0	1034
1	122
0	60
1	312
1	200
0	1277
0	1335
13	123
2	227
0	1363
0	170
0	1284
0	167
0	461
0	1362
0	191
0	394
1	28
6	158
0	310
0	147
4	70
3	247
10	269
0	122
1179	0
0	22
0	0
0	14
0	325
0	320
0	357
0	319
0	255
0	54
0	338
0	56
0	25
0	54
0	19
0	76
0	171
3	166
1	27
0	357
0	320
448	83
1	59
3	51
8	45
2	17
0	196
0	193
1	106
0	18
13	161
0	381
0	124
0	155
1	193
2	69
2	123
57	152
9	3
0	193
0	302
0	2156
7	2083
0	591
1	591
29	366
0	2142
0	54
0	62
0	51
0	3
0	0
0	2
0	1
2	6
0	0
0	0
0	0
1	0
0	0
0	5
1335	50
0	9
1	41
9	26
0	16
0	17
247	235
0	226
1	80
0	30
1	1998
12	1988
0	416
0	72
0	60
0	49
0	36
0	44
0	136
0	44
0	0
0	75
0	97
0	103
0	28
0	28
5	23
0	103
0	124
0	82
1	83
0	55
2	18
0	180
0	152
0	168
0	181
0	154
130	181
1	47
1	2
0	0
0	34
2	26
12	6
0	19
0	18
1	32
0	1
552	1646
1	68
0	106
28	1472
0	0
0	0
0	0
0	0
0	0
0	0
0	0
0	0
0	0
0	0
0	0
0	0
0	0
0	0
0	0
0	0
0	0
0	0
6	2
616	266
0	19
0	18
0	245
0	1
0	3
0	50
0	52
0	39
0	34
0	11
0	14
24	59
0	132
397	187
0	138
5	181
2	1
0	13
290	1145
53	954
1	1008
1	353
0	315
0	315
0	146
0	146
0	146
0	10
0	9
0	64
1	146
0	35
0	30
0	10
3	51
15	262
0	35
0	30
6	28
4	49
0	8
0	0
1	35
0	255
0	36
0	36
3	209
1	26
15	74
0	73
0	17
8	21
0	0
0	0
0	0
2	108
0	108
0	14
0	36
0	31
1	1
0	30
0	29
18	1382
7	1382
63	146
573	0
0	374
0	30
0	54
0	41
0	97
0	0
0	296
0	23
1	13
0	346
0	346
33	1208
28	1305
1	2666
20	114
0	2893
0	1289
152	148
0	136
0	136
2	136
1	69
1	20
0	1
0	1
0	1
0	0
148	40
0	11
4	27
0	12
2	2
5	16
0	35
0	83
0	89
3	269
0	652
0	234
0	591
0	54
0	105
0	94
4	37
3	18
0	15
1	0
0	606
0	0
0	0
0	0
0	0
0	0
0	0
0	0
1	76
0	13
6	71
0	53
0	40
0	66
2	328
2	102
2	1125
0	565
33	467
100	1126
3	378
29	205
0	126
2	313
0	371
0	322
0	150
0	64
1	55
3	319
0	1
1	441
0	86
0	399
0	293
0	454
1	121
0	152
0	374
0	385
0	155
2	101
0	0
0	0
0	0
0	0
1198	177
2	136
13	77
0	0
6	759
5	22
2	14
9	759
0	36
20	23
3	37
0	47
0	2
2	2
0	18
2	4
0	59
1	0
0	0
0	0
0	0
0	0
0	0
0	0
0	0
0	0
0	0
0	0
289	10
0	10
2	2697
2	2807
4	85
0	142
0	129
515	182
0	2806
6	428
0	376
0	122
4	42
25	279
0	253
27	184
92	410
0	239
111	0
11	144
0	250
0	105
0	222
0	129
0	219
0	27
0	194
0	152
0	25
0	131
0	134
0	134
0	159
0	20
4	9
0	370
33	366
2	335
3	8
245	772
163	772
2	36
0	132
1	165
69	1050
1	905
1	110
2	134
0	212
29	258
2	111
0	145
1	134
0	34
0	133
9	71
5	0
143	751
1	552
2	726
4	53
0	59
0	67
2	39
0	467
0	0
1	139
0	75
36	317
56	317
2	221
128	26
2	223
8	186
0	137
0	9
0	2
0	3
0	2
0	3
0	1
0	0
0	0
0	1
0	40
0	171
0	319
1	28
0	156
0	298
7	312
19	143
1	0
0	185
0	225
0	116
0	29
1	31
0	14
3	8
19	21
1	57
0	91
14	164
0	38
26	145
0	0
0	129
0	0
814	0
0	0
0	0
0	0
0	0
0	288
1	96
327	313
0	306
0	13
0	1943
1	637
0	1953
1	671
0	789
0	40
0	33
0	1754
0	588
3	1490
0	1909
1	29
0	28
0	110
0	28
0	29
0	29
1	108
0	1
0	0
1	59
0	67
0	67
0	800
4	530
0	250
1	154
1	173
0	447
0	300
0	838
0	3
0	0
7	202
1	31
1	109
2	160
0	5
0	316
0	161
0	109
0	165
0	452
5	11
0	430
0	445
0	445
0	160
0	19
0	19
0	59
0	128
0	315
0	72
1	29
0	63
0	30
0	4
0	2
0	222
0	4
0	3
0	0
0	0
0	4
0	0
0	0
0	0
0	0
0	0
0	0
404	416
0	415
1	280
3	322
0	87
38	255
0	0
0	3
0	3
0	2
0	1
0	0
0	0
0	8
16	8
15	635
323	719
0	51
16	290
0	713
10	369
2	371
0	338
4	142
1	83
6	107
165	1188
152	1158
6	1179
6	76
0	1330
0	1345
0	103
0	1236
0	207
0	394
0	114
2	0
0	0
0	15
0	15
0	16
5	22
4	11
3	10
0	3
0	1
0	3
0	4
0	5
0	2
0	2
0	2
0	0
0	0
0	0
0	0
0	0
0	469
0	468
0	216
0	131
0	126
1	57
1	80
0	108
0	106
0	102
0	76
0	89
0	89
0	65
0	85
0	80
0	50
0	76
0	74
0	68
1	66
1	65
0	43
0	47
2	43
0	43
0	42
0	43
0	41
0	41
1	40
2	41
0	41
1	1
0	1
0	40
0	17
0	0
0	0
0	0
1	0
0	0
0	0
4	68
2	101
0	87
0	1473
0	669
6	85
0	640
0	1474
0	129
0	75
0	12
80	57
0	46
0	35
0	30
2	29
0	26
1	18
0	11
2	1
0	0
0	1
0	0
0	0
0	0
0	0
0	0
0	0
0	0
0	0
0	0
0	953
369	1688
2	427
1	760
0	740
87	691
5	1233
1	1151
0	618
0	516
0	277
71	419
1	381
1	393
3	44
2	218
273	50
0	173
3	124
21	132
2	28
0	2
10	636
0	1405
0	1204
0	1352
0	798
1	1194
0	730
213	439
35	244
0	367
34	508
1091	0
1	0
13	462
0	446
66	340
0	18
0	158
0	22
0	23
0	18
0	6
3	0
37	348
0	252
0	348
2	15
1255	0
25	1
39	34
2	246
0	670
0	756
4	495
0	574
11	678
0	554
0	518
0	506
30	613
1	409
0	320
0	299
0	286
7	73
2	94
1	44
1	35
0	43
0	87
0	92
0	93
0	62
2	75
0	60
0	114
0	66
0	666
0	689
0	0
0	0
0	0
0	0
0	0
4	49
86	49
3	49
0	51
0	13
3	25
7	33
1	11
0	13
0	0
1	528
153	528
1	570
1	897
7	98
2	22
1	35
0	44
0	97
5	99
5	487
23	904
0	616
50	0
0	461
46	461
0	548
0	439
2	439
22	326
0	0
0	533
0	533
0	648
124	3341
1	3329
0	2736
0	2
1	213
0	2526
0	2851
0	3266
0	2856
0	562
0	2708
0	469
0	14
10	200
15	374
7	749
38	950
0	762
110	114
805	383
2	5
0	5
2	5
0	0
3	1
1	2589
0	300
6	2805
18	2388
0	2590
0	2711
0	2715
1	405
4	1975
0	187
0	1903
0	70
0	410
8	303
0	924
4	163
4	59
0	203
0	402
14	361
0	370
6	22
0	80
1	9
8	0
56	1115
0	103
0	73
0	19
0	1077
0	69
0	59
6	1046
0	67
1	33
0	76
0	71
0	85
6	93
1	29
2	20
0	871
0	777
0	873
57	541
0	466
4	122
0	23
2	61
0	838
0	457
39	55
0	35
0	35
3	17
0	6
0	2
0	21
0	0
0	0
0	0
0	0
0	0
0	0
0	0
0	0
0	0
0	0
0	0
0	0
0	0
0	2
3	5
0	0
0	0
0	0
0	0
0	5
0	450
0	1415
0	1416
4	1413
0	1415
0	318
0	406
0	62
2	169
0	274
0	222
0	220
1	2
0	1791
0	4295
0	5365
0	5283
0	5310
5	5310
107	5366
1	5310
4	5312
0	5311
0	5184
0	5292
0	5228
16	1503
0	4435
7	2383
4	32
1	391
0	418
0	426
8	418
7	390
0	421
1	48
0	157
5	144
12	122
3	100
5	422
76	1028
233	1026
61	796
7	1546
1	328
1	169
8	298
0	613
0	342
0	88
2	97
8	87
0	136
0	133
22	47
7	1551
0	695
0	4996
7	4760
105	491
82	4843
1994	5180
1	4667
40	895
0	303
0	2608
0	1325
155	201
1	1372
12	922
0	0
0	0
0	0
0	0
0	0
0	0
0	0
0	14
0	7
5	12
0	43
1	25
16	43
4	11
0	0
0	6
0	30
6	50
0	56
0	2
0	6
0	4
9	4
0	4
0	3
0	1
0	41
453	381
1	37
0	48
2	8
0	5
1	9
0	11
0	19
0	9
0	52
3	252
0	0
0	0
0	0
0	0
0	0
0	0
0	0
0	0
0	0
0	0
0	0
0	0
8	0
0	212
1	198
1	29
4	212
0	116
0	103
20	116
12	6
0	6
5	1016
20	1006
12	982
20	413
0	87
0	254
15	184
26	81
4	260
0	260
17	8
0	1340
1099	364
0	123
5	172
3	107
0	69
0	80
1	73
0	75
0	26
0	1
1	0
0	0
0	9
0	10
52	13
0	7
9	12
0	5
0	11
0	4
0	3
0	10
0	10
0	3
2	1
6	3
0	11
3	2559
1	440
6	385
0	34
18	54
0	38
0	34
0	2546
0	100
3	1777
0	1726
0	916
20	1145
0	238
0	358
0	222
0	247
0	341
0	293
0	240
0	147
0	155
5	0
15	486
0	470
1	30
2	20
0	61
0	46
0	390
0	1882
0	1757
0	1359
0	1858
1	1855
7	640
0	1374
0	1787
0	1662
0	1752
1	1240
1	640
1	895
0	41
0	0
1	116
0	33
3	79
0	105
0	160
0	159
0	177
1	70
0	174
0	147
0	203
0	158
1	154
0	130
0	143
0	226
0	52
0	42
5	139
0	66
2	56
0	95
1	70
0	162
0	112
0	72
0	135
5	122
0	133
0	134
3	112
0	127
0	116
0	120
0	64
0	71
0	69
0	8
0	3
1	1
5	2
0	1786
512	531
2	531
0	0
0	0
0	0
0	0
0	0
0	0
0	0
0	0
0	0
0	0
0	0
0	0
0	0
0	0
0	0
0	0
0	0
0	0
0	0
0	0
0	427
0	184
2	113
0	285
0	1240
0	295
0	1121
0	269
1	303
0	274
40	307
29	568
3	63
0	63
0	11
0	0
0	0
97	2716
0	1192
0	220
0	118
0	96
0	96
0	826
342	655
0	351
0	633
2	28
0	546
0	535
0	552
0	525
0	521
0	556
1	103
0	45
0	46
0	126
3	21
2	78
0	16
467	117
4	124
0	77
0	62
3	36
0	0
0	0
0	0
0	0
0	0
0	0
2	46
13	54
0	4
0	47
0	41
16	46
0	31
4	31
0	28
0	6
9	29
0	5
0	11
0	0
0	0
0	0
0	0
0	0
0	0
0	330
0	53
6	330
0	1166
970	1196
0	585
0	1105
1	39
2	30
0	27
3	6
0	3
3	6
1	7
0	7
0	2
1	1
2	1134
0	1148
0	266
0	139
1	1132
0	1046
17	476
1	288
111	234
0	307
0	212
2	276
0	278
0	287
0	7
3	21
1	44
1	96
0	259
457	122
0	17
0	13
0	85
0	65
0	77
27	123
0	14
0	98
2	22
0	48
8	16
0	2
0	5
404	0
12	5
0	532
5	228
0	608
0	395
1	370
0	403
4	461
0	333
9	352
0	324
0	425
1	280
0	185
10	69
0	211
1	143
0	1484
22	63
0	198
9	1547
0	54
0	60
641	0
0	2351
116	1383
0	1753
9	285
0	1192
8	466
4	172
0	1114
0	910
2	121
9	998
2	791
0	403
0	131
0	58
0	260
0	235
2	177
0	0
1	326
0	462
37	498
0	257
7	110
0	409
3	442
2	333
0	381
0	367
0	288
2	290
8	295
0	280
76	292
7	248
0	141
0	208
5	192
1	193
22	208
1	113
4	1
81	7
0	2152
8	899
152	901
0	467
13	47
0	809
0	435
0	769
3	253
9	204
0	204
0	172
6	276
0	615
11	78
0	37
1	114
0	50
0	128
6	447
0	440
2	385
4	354
0	12
0	229
0	222
0	81
1	138
0	137
23	103
11	75
0	0
0	1488
0	1460
0	1459
0	59
8	131
0	81
1	70
5	54
12	92
1	9
0	57
0	82
0	748
0	20
0	54
0	10
1	71
4	260
1	3
0	120
9	101
3	48
0	1277
0	1266
0	58
19	166
0	150
0	52
0	87
0	82
1	41
0	13
0	16
0	39
0	34
0	6
0	0
0	5
0	2
1	6
0	6
0	3
0	6
1	5
0	472
7	472
2	18
8	29
0	3
74	114
0	27
0	220
0	10
0	47
1	53
3	6
0	211
325	170
2	73
0	147
0	139
1	51
2	36
1	118
0	114
7	121
299	248
0	238
0	60
0	96
7	18
0	6
8	2596
364	4146
0	4179
19	1421
2	2595
2	2506
21	2596
47	1709
0	0
0	0
0	0
0	37
566	235
2	146
0	8
4	89
0	1
0	1
0	1
0	0
0	1
0	1
0	1
723	2795
0	2693
1	92
3	278
2	30
8	39
0	541
0	26
0	201
4	632
0	713
5	233
0	306
0	99
0	6
3	0
0	175
1	0
0	0
0	2
0	2
0	36
11	37
0	19
0	32
0	1
0	32
0	11
13	3
8	30
0	4
0	4
0	4
0	4
0	4
0	3
0	3
0	3
0	1
0	3
0	3
0	3
0	3
0	3
0	2
0	1
10	0
120	686
73	626
4	38
16	92
0	421
0	149
0	175
16	158
0	127
0	132
1	120
0	109
0	127
0	107
0	31
0	20
0	92
0	74
0	69
0	70
0	70
0	42
2	1
0	15
0	78
69	1763
0	86
0	62
0	116
0	75
1	18
1	4
0	0
0	15
18	1748
1	95
0	84
1	88
0	89
1	27
0	79
0	65
0	63
0	20
1	21
0	20
0	17
0	11
1	11
42	1
4	4
0	4
0	6
2	9
0	411
0	894
0	55
0	482
0	49
0	3
0	60
1	61
11	402
0	51
0	43
0	924
0	914
0	915
0	118
0	118
1628	118
0	1220
0	230
0	204
0	1270
0	1214
0	1293
1	47
79	1282
0	338
0	1257
17	1182
2	1120
0	1083
5	1232
0	9
0	9
0	9
0	9
0	0
0	7
0	9
0	0
1	10
0	0
0	3
0	0
0	1
0	0
0	1
0	0
0	1
0	9
0	9
0	9
0	9
3	7
0	60
2	113
0	121
0	121
0	0
0	0
0	0
0	9
0	11
1	14
0	11
0	3
0	9
0	19
1	21
0	19
0	11
1	12
0	13
8	14
0	5
0	9
0	25
0	329
6	329
0	329
0	43
8	28
3	44
0	120
0	0
0	0
0	0
0	13
3	50
0	53
0	60
0	15
1	41
0	1
0	10
0	3
0	0
0	0
0	0
0	0
0	0
0	1884
17	993
6	733
0	1028
1	709
6	0
0	1634
0	1145
0	1664
1	326
0	441
4	44
11	439
2347	771
1	69
2	38
2	613
0	321
0	350
0	116
0	83
0	17
0	46
0	0
4	463
0	594
455	146
48	31
0	21
1	10
0	1821
13	219
0	267
0	255
0	419
0	1627
12	334
11	136
2	72
0	0
1	482
0	170
0	42
0	950
0	926
0	950
0	90
2	232
0	927
0	278
0	84
1	130
0	74
0	929
0	290
3	137
0	940
0	828
0	90
1	265
5	66
30	243
0	110
0	87
0	87
2	18
0	87
0	85
0	1048
15	433
0	647
0	696
0	581
2	657
0	439
0	202
6	299
74	812
0	603
0	537
0	735
0	256
0	675
171	18
0	6
0	12
0	0
0	0
0	0
0	0
0	0
0	0
0	0
6	2539
6	147
1	2375
0	2558
0	60
0	2492
0	122
1	126
0	2536
0	700
1	711
4	655
0	38
1	0
0	299
10	105
0	244
0	279
0	2
1	19
0	131
2	299
0	124
4	412
0	173
0	29
0	180
0	22
0	14
0	29
0	255
1	61
0	406
162	0
36	0
0	130
2	1087
0	776
0	1071
0	594
254	955
47	184
0	76
0	122
2	29
0	28
1	1
0	29
0	2
0	3
0	2
0	1
1	66
0	67
0	70
0	9
1	65
1	4
1	99
0	43
28	283
3	283
0	555
31	562
0	441
0	19
0	102
4	8
0	550
2	238
7	21
2	38
1	26
1087	0
16	0
0	8
20	44
0	44
0	28
0	15
0	17
0	6
0	5
0	5
0	4
0	4
1	5
0	0
4	10
74	432
0	405
35	536
0	0
1	446
11	38
1	312
0	157
15	295
0	258
0	250
0	101
0	37
4	192
36	242
5	165
19	45
9	244
0	29
0	41
111	383
0	15
0	79
0	33
1	59
0	372
0	31
0	38
0	80
0	32
0	83
1	7
2	112
0	49
0	93
7	164
0	151
0	70
0	157
0	0
9	170
0	0
0	0
0	0
0	0
0	0
0	0
0	0
0	0
0	0
0	0
2	490
146	490
0	555
0	547
1	55
36	154
3	112
16	276
1	123
0	46
0	5
12	369
0	385
0	880
0	912
0	857
4	39
0	115
6	108
1	115
0	896
0	2345
3	1031
3	1078
1	1787
1	1865
3	529
6	1145
8	290
117	435
0	440
0	123
0	215
0	100
3	85
0	63
0	39
0	115
0	135
0	136
0	137
0	27
0	54
0	137
0	117
0	91
0	137
0	27
0	1
0	30
1	86
5	89
1	136
28	55
3	128
0	59
1	99
17	154
75	1671
0	32
0	1642
0	259
7	240
0	510
7	811
2	1036
9	347
73	1112
13	695
11	501
0	841
1	177
2	128
10	261
8	138
1	125
0	288
40	69
1	102
0	40
0	84
0	280
0	504
0	552
0	16507
23	2359
0	16629
94	4279
55	11562
9	13053
43	15240
0	15140
6	11910
2	9278
0	10317
0	10735
4	11176
0	12151
53	7564
0	9185
0	6491
0	7401
0	7614
0	4079
0	4050
0	4443
0	3165
0	2591
0	2671
0	185
0	16575
0	130
12	122
0	134
0	132
0	123
0	149
0	138
1	80
0	51
0	711
0	751
10	30
0	739
0	20
58	561
3	143
5	65
10	17
1	1
150	146
0	0
0	216
4	1986
0	1911
0	144
1	173
0	370
6	301
0	0
0	5314
0	5566
0	5096
0	5332
0	3171
0	5088
0	970
2	448
12	1864
0	2063
0	485
0	454
0	187
0	0
0	0
0	0
0	1477
32	1492
1	1408
3	711
33	1004
24	446
0	1428
1	11
3	10
0	11
0	4
0	0
0	0
0	2
0	1440
0	0
0	0
0	0
94	717
83	204
0	724
0	320
0	14
150	225
0	217
0	180
0	75
0	42
0	12
1	3
0	0
0	0
9	686
0	710
0	130
58	154
0	154
0	121
14	623
4	485
1	466
0	449
0	324
0	324
3	284
1	197
9	187
1	99
80	220
0	63
3	157
0	630
0	670
0	233
13	107
3	479
6	444
0	535
0	218
0	500
0	647
1	649
0	1964
4	1817
0	359
0	6
0	6
0	6
0	0
0	307
3	151
0	155
0	165
0	27
4	9
0	307
620	2
1	1108
236	513
0	953
1	583
0	22
15	958
13	904
1	479
0	0
0	0
2	770
49	770
5	706
0	1
4	1
4	0
3	495
0	561
0	510
0	510
30	475
0	547
1	516
0	582
0	11
1	38
0	68
0	501
0	503
2	45
0	29
0	105
0	15
0	456
0	51
0	369
22	303
0	246
1	96
3	53
0	23
0	21
0	3144
5	2651
12	3055
1	1099
7	328
0	209
1	312
1	134
5	296
16	148
6	20
0	2940
3	2807
0	15
0	672
0	51
0	596
0	84
0	649
0	593
0	667
2	66
0	76
0	0
0	1
0	1
0	0
0	0
4	311
3	427
24	470
0	0
3	406
463	456
0	435
0	441
1	407
0	9
7	2
0	18
3	17
1	10
0	8
0	465
0	465
9	465
0	120
1	101
0	111
0	124
0	90
0	121
0	96
0	412
0	412
0	412
0	412
0	412
0	0
0	0
0	0
0	0
0	0
0	0
0	0
0	0
0	12837
0	12823
432	4906
0	2537
0	23
0	15
2	22
0	49
1	46
0	30
0	2
4	17
0	2
0	38
0	1
0	5
0	6
0	8
0	21
0	18
0	18
0	12
0	14
0	14
0	95
0	66
0	94
2	7
5	2
3	12
3	1
25	16
13	8
0	36
0	86
1	138
0	153
0	69
0	26
0	170
1	79
0	126
1	66
0	146
0	144
0	15
0	40
0	32
0	52
4	18
0	142
0	0
0	1
0	1
0	0
0	1
0	1
0	1
0	1
0	1
0	1
0	1
0	0
0	0
0	0
0	0
0	0
0	0
0	0
0	0
1	151
0	136
0	13
1	133
0	136
0	101
0	133
0	136
0	36
0	144
0	21
7	120
0	125
0	145
0	135
0	29
2	21
10	47
95	34
0	23
0	8
1	24
547	132
1	43
0	5
0	0
1	0
0	0
0	12
0	65
0	665
0	576
0	661
0	42
0	101
0	104
5	532
0	547
0	606
4	61
1	53
0	392
2	12
4	282
1	55
0	282
2	366
1	298
0	207
0	205
0	190
0	123
0	55
0	20
4	1655
0	2
0	11
0	11
0	3
0	10
3	1
0	0
0	0
0	0
0	0
0	0
0	0
0	0
0	0
0	0
0	0
0	0
0	0
0	0
0	88135
1	88131
0	81219
0	81205
0	5756
28	88121
0	60
0	88136
6	4896
0	14501
0	14375
0	14437
0	18
2	22570
0	17755
1	17704
8	120
0	37
0	226
122	402
0	402
0	131
0	401
0	1025
0	998
0	745
22	686
0	92
0	109
2	86
3	99
0	66
0	96
0	70
0	183
0	107
0	92
0	138
0	68
0	55
0	74
0	105
0	87
0	11
0	75
0	74
1	40
0	8
0	13
0	1
35	7
0	7
0	0
0	0
0	0
1310	1102
4	966
15	420
0	167
6	193
0	112
17	109
0	108
0	104
0	81
0	15
0	42
0	52
0	32
0	20
0	48
0	47
0	30
0	24
0	8
2	13
0	89
3	120
81	913
3	342
2	888
14	475
7	317
2	25
1	318
0	217
1	282
3	237
2	397
0	97
0	120
0	126
28	238
0	394
0	400
0	0
0	3
0	9
0	0
0	1
0	9
0	1
0	5
0	11
0	1
0	1
0	6
0	1139
2	915
0	1127
4	1140
0	32
0	1060
1	1120
0	60
0	19
13	16
0	1088
0	325
0	0
5	286
0	0
0	0
0	0
0	0
0	0
6	620
0	77
0	60
12	75
1	567
0	100
0	0
0	0
0	0
0	0
994	385
0	65
0	310
8	26
1	0
1633	7131
5	7131
1	1
0	0
0	1
0	1
0	0
83	1998
0	1971
0	1936
5	175
5	71
2	110
0	94
0	73
0	69
16	92
0	69
0	46
2	41
0	45
0	16
3337	2384
0	27
1	55
8	59
0	2
0	620
149	622
0	353
1	92
0	353
0	102
0	76
0	70
0	111
0	73
0	354
0	107
1	10
0	27
0	23
0	62
0	18
0	0
0	76
0	11
0	40
1	14
0	3
0	35
0	18
25	0
0	196
0	775
0	921
0	968
0	917
2	153
0	199
3	311
0	722
3	73
0	492
0	369
0	326
1	195
0	192
0	775
0	0
0	0
0	0
3545	3270
11	2899
2	2665
0	2749
0	1512
2	922
2	51
0	379
0	303
0	231
0	125
0	301
0	92
11	92
1	54
1	46
0	7
427	471
4	51
23	422
668	952
0	928
0	811
3	648
8	528
0	80
0	155
0	31
0	794
0	858
0	740
0	869
0	880
0	892
2	880
0	929
0	884
6	863
55	825
0	732
0	825
13	632
1	823
1	52
29	742
0	3
5	732
0	81
0	96
0	0
0	0
0	0
0	0
0	0
0	0
0	0
0	0
19	0
215	1274
1	58
2	60
2	61
0	1041
0	155
0	35
0	0
0	701
0	674
12	689
0	690
0	707
0	666
8	80
8	263
1	237
1	232
0	149
0	91
0	143
0	75
0	131
0	79
0	5
0	9
3	8
5	31
1877	284
1	2
0	101
1	168
7	121
0	59
0	129
9	118
1	9
6	109
1	77
0	3105
0	503
0	1766
1	311
0	143
0	1726
0	1728
0	131
0	106
3	84
10	1580
1	264
0	142
1	140
1	424
1	211
10	71
5	36
0	0
2	390
0	15
0	218
0	271
0	212
1	602
0	254
0	311
0	2860
0	242
0	30
0	65
4	76
0	176
0	49
1	216
0	226
0	226
0	30
3	258
0	268
0	257
0	263
0	26
0	197
0	2495
0	1553
3	148
1	32
1	1668
6	154
15	1993
1	0
0	208
2	208
417	481
5	27
4	9
0	469
10	335
5	35
0	0
21	35
0	6
0	6
0	12
0	7
0	1
2	2
0	1
0	1
0	0
0	0
0	0
0	0
0	0
0	0
0	0
0	0
0	0
0	22
3	274
0	36
0	3
0	27
1	257
0	40
5	539
0	55
0	760
1	96
0	774
0	769
1	218
0	706
0	442
0	14
0	28
0	4
1	79
0	37
0	149
0	132
0	138
0	155
0	148
0	142
22	380
0	98
0	81
0	350
0	52
1	31
0	23
27	546
0	546
0	1271
0	1073
0	1158
0	1219
0	1165
2	1208
0	1126
0	957
17	1243
0	1217
0	203
0	721
0	548
0	257
0	166
0	279
0	773
1	186
2	968
6	20
0	10
0	18
0	18
0	13
0	57
0	66
0	13
0	11
400	78
0	227
5	632
0	140
10	571
0	304
0	643
0	549
0	598
49	1477
0	1357
0	223
33	471
1	25
0	1161
0	27
0	152
0	156
0	46
0	54
0	65
0	52
0	35
20	109
3	82
0	37
0	111
0	179
1	31
0	111
0	91
0	38
0	39
0	36
2	9
0	25
0	154
46	210
0	37
1	209
2	22
0	19
0	7
0	0
0	0
0	4
0	2
0	13
0	2
16	92
0	85
0	209
0	182
0	80
0	97
2	5
21	122
0	492
0	137
3	34
3	61
0	185
3	118
0	103
0	62
0	62
0	52
3	64
0	44
0	469
6	723
2	723
0	186
0	207
0	76
3	173
0	157
0	109
1	98
13	16
2	3
0	3
0	3
2	50
0	50
0	0
0	0
0	0
0	0
0	158
40	602
0	271
0	140
0	255
0	312
0	261
0	587
1	150
3	154
0	138
0	301
0	451
0	250
86	67
0	363
0	135
0	341
0	120
0	306
0	586
0	23
0	88
0	226
0	18
0	18
54	5
2	5
156	611
0	86
0	233
1	127
2	372
1	26
0	9
0	0
0	0
0	0
0	9
0	0
0	0
0	0
0	0
0	0
0	94
0	570
0	936
0	124
0	1060
0	3
0	1063
16	854
0	58
0	1041
0	227
0	150
434	0
320	2035
6	161
319	1852
23	280
735	88
0	79
0	16
0	9
17	932
185	313
2	271
0	263
2	28
0	44
0	23
0	82
3	11
0	16
0	16
0	4
1	4
2	16
0	16
0	9
999	0
0	744
181	246
1	116
12	51
2	20
1	13
0	114
0	113
5	11
0	25
0	19
4	113
5	19
0	64
0	0
53	98
4	9
0	30
6	87
2	86
119	10
0	5
0	10
14	1
0	420
8	87
775	192
0	21
0	84
0	0
0	0
1	590
4	232
0	515
0	489
0	395
0	467
0	102
0	314
1	445
0	437
0	451
21	261
0	310
0	367
0	460
0	352
0	236
0	220
0	300
2	119
2	319
1	223
2	135
0	161
0	97
0	175
0	150
0	157
0	119
0	122
0	124
0	90
0	12
0	127
0	131
0	130
0	55
0	46
0	8
0	0
0	0
0	1
0	7
0	7
1	0
13	163
0	460
0	457
35	58
0	71
0	76
0	274
3	3
36	3
0	1
0	1
0	391
0	329
0	278
2	330
4	3
12	149
0	381
0	268
1	333
0	104
1	330
0	0
0	9
0	6
0	8
0	8
0	11
0	11
0	11
0	11
0	8
0	11
0	11
0	11
0	11
0	8
0	8
0	11
0	11
0	11
0	11
0	4
0	3
0	353
11	425
1	223
13	112
0	60
3	34
3	37
3	152
1	127
0	101
0	104
0	5
1	12
0	0
2	98
2	174
0	166
2	221
1	120
0	174
5	71
0	110
5	27
1	8
284	163
0	116
0	150
0	22
0	15
0	5
0	2
0	4
1	6
0	6
0	6
0	4
0	6
0	2
0	1
0	1
0	0
8	1352
0	1219
0	1219
0	490
7	209
0	213
0	123
0	136
0	202
0	7
1	4
0	1508
2	1643
0	1304
0	1486
0	1449
0	276
0	525
8	324
0	474
0	378
10	91
0	238
12	118
0	446
0	444
3	383
0	331
0	342
13	372
0	292
0	275
0	265
0	241
0	293
0	209
0	91
0	168
0	127
0	1424
19	292
3	292
0	24
259	411
8	369
0	288
73	270
4	66
31	0
0	3
0	3
0	591
1	3
0	371
35	619
0	33
0	0
1	25
0	27
15	27
0	30
6	30
0	30
0	17
0	15
0	2
0	4
0	1
0	0
0	29
108	209
0	30
0	122
0	97
0	86
0	626
0	3
0	28
1	20
0	18
0	1754
4	590
21	570
15	858
5	1691
45	1728
0	1680
0	0
0	0
0	0
0	0
0	0
22	33
42	413
0	33
0	33
7	376
0	276
0	97
1	19
0	21
4	4
0	3
25	1238
0	790
0	1232
0	5
39	80
0	34
1	32
1	23
9	38
0	0
0	0
0	0
0	1
0	2
6	1
0	0
1	167
13	1258
7	1904
48	15
0	351
0	1871
0	1824
1	128
0	432
0	170
0	7
0	219
89	61
194	2
0	358
0	349
0	357
6	57
0	8
0	6
0	0
0	0
1	3
0	0
0	0
0	0
0	3
0	0
1	153
234	153
215	137
4	105
7	38
1	0
0	71
0	0
0	0
0	1
0	0
12	509
0	93
0	75
0	79
0	466
0	545
1	89
0	507
0	442
0	62
0	93
1	59
1	49
0	110
0	85
0	86
0	79
3	78
0	0
245	0
4	1137
0	1132
0	1137
1	1137
0	1119
0	1114
0	46
0	1114
4	172
0	14
23	878
0	971
0	907
4	813
0	472
2	197
2	103
3	342
2	115
4	543
1	15
0	370
0	536
0	27
19	531
1	157
5	146
1	39
5	204
27	258
0	68
0	162
0	19
0	0
0	183
0	23
2	50
0	2
0	23
0	21
0	0
48	360
0	349
1	11
0	261
19	3391
0	3414
0	206
0	3415
0	31
0	30
1	87
0	197
0	33
0	3424
0	144
0	201
0	0
3585	210
0	38
0	172
2	182
0	198
4	186
12	588
0	433
1	496
0	371
0	483
2	271
0	342
0	177
0	131
0	115
0	451
97	241
0	336
9	369
1	230
0	271
0	240
0	211
1	72
0	114
1	88
0	65
11	164
1	0
0	19193
0	19132
56	6122
237	3257
14	10565
2	13724
1	13299
23	2047
0	5471
0	12185
0	19061
0	16800
0	21669
3	3374
2	15397
137	19101
2	13951
3	12132
47	12106
0	11016
324	10668
98	9216
0	2930
0	10554
0	7488
0	7789
9	139
0	8780
3	6868
33	8729
0	6229
0	8758
0	1543
0	1558
0	8735
0	675
0	996
0	1000
0	1026
45	109
0	89
0	277
0	223
0	90
1	20
940	239
3	212
0	166
0	35
0	3
0	2
0	1
0	2
3	0
0	2
310	1257
1	1212
2	85
1	773
4	66
9	244
1	108
1	67
0	15
69	214
2	15
0	15
0	26
42	200
0	1
0	503
0	528
0	519
0	507
0	527
0	528
0	519
0	511
0	81
0	14
0	18
2	65
0	306
0	30
0	250
13	47
1	9
8	29
0	10
1	34
2	38
0	32
0	30
0	16
4	481
0	19
0	496
0	13
0	444
0	52
2	47
0	2
0	616
0	160
0	1158
0	89
261	1173
0	27
0	70
1	49
0	65
11	110
1	70
0	554
30	578
0	554
3	556
18	10
1	10
0	21
0	22
1	25
3	21
0	24
0	25
7	9
0	82
0	529
1	750
227	953
3	185
0	541
0	660
0	472
2	51
0	853
0	1098
0	1098
2	55
0	398
0	189
192	3496
2	480
0	519
0	920
2	2129
0	402
4	194
75	1811
0	332
0	332
6	54
0	322
0	48
3	1165
0	1639
0	725
0	578
0	1240
0	1599
0	1436
3	790
0	877
0	1546
0	1493
0	719
0	706
6	144
0	888
0	379
0	1447
0	1498
0	831
0	12
0	34
0	3
0	8
0	4
0	32
0	30
179	801
1	38
0	642
0	37
2	250
2	63
0	711
2	71
0	48
1	13
11	48
0	54
0	45
0	31
0	70
0	21
0	0
0	0
0	0
2	0
0	0
0	0
0	1
2	1
0	1
0	1
0	0
0	0
0	90
13	238
14	259
0	133
0	30
0	102
0	13
0	138
0	90
0	142
8	791
5	105
157	791
0	176
12	267
1	296
15	133
0	268
0	30
1	26
0	32
0	18
0	16
1	4
186	2424
0	863
10	118
1	449
77	1495
4	159
0	1
172	742
0	570
0	242
0	159
0	108
0	62
0	52
0	742
5	4
2	4
1	71
0	392
0	119
0	239
0	7
10	255
927	87
0	15
1	72
0	2
0	2
0	2
23	7435
4	5490
0	5867
41	5497
20	3299
455	6643
0	3854
1	4303
0	1
1	1
0	1
0	1
0	0
0	0
0	2556
6	3850
54	3755
2	2979
0	780
2	56
32	396
0	421
0	607
4	200
1	251
0	266
18	73
0	242
2	92
0	10
1	11
0	6
2	19
0	1
3	17
0	2
0	17
0	1
2	15
0	2
0	2
0	2
0	16
0	16
0	15
4	15
0	7
2	7
0	5
0	3
2	3
0	0
1	2
0	8
0	1
0	1
0	3
0	0
0	1
0	0
0	0
0	5
0	5
0	4
0	1
0	0
0	0
0	0
13	127
0	123
2	1
0	2507
0	2430
0	152
0	215
0	2505
0	153
0	164
1	2434
0	2509
5	228
0	256
0	30
9	228
9	66
83	1324
11	172
0	78
19	297
326	290
0	290
14	92
0	639
0	674
27	644
0	621
3	579
0	130
4	159
1	79
0	67
0	63
0	46
0	34
0	25
11	44
1	2103
78	2869
4	444
1	806
29	0
0	508
4	379
0	277
2	1222
0	41
0	44
161	892
2	214
0	319
1	891
0	436
0	184
0	48
0	43
0	109
0	221
0	33
7	0
0	1
0	0
0	0
0	1
0	0
0	1
0	0
0	0
0	0
0	0
0	0
0	0
0	0
0	1
0	1
191	203
0	200
0	1571
0	192
0	202
0	13
0	13
0	13
0	385
65	43
5	84
7	428
0	311
0	398
4	38
6	55
0	269
20	1706
19	1102
0	34
0	44
0	42
1	22
2	13
1	30
0	42
5	28
5	600
0	11
1	94
1864	561
1	521
0	523
1	40
1	69
2	24
1	17
0	38
0	18
0	0
0	392
0	364
0	340
0	92
3	315
6	272
0	292
0	30
0	57
0	55
1	20
0	27
0	9
0	358
0	350
1027	0
0	0
0	131
0	483
0	58
0	506
0	466
0	46
0	483
0	459
0	488
0	179
0	58
34	519
0	83
0	484
0	106
4	64
1046	0
2	4677
0	4791
0	2603
12	770
0	817
5	538
5	968
7	501
0	344
0	165
0	546
0	71
2	259
1	124
94	582
0	276
0	64
0	15
0	0
1	0
0	179
0	1999
14	1301
0	1148
0	138
1	5
0	808
1	32
0	234
0	1832
0	1820
0	0
0	0
0	0
0	0
0	2
1	2
0	0
37	531
0	575
3	468
8	311
0	307
0	106
20	1
0	1
0	182
0	182
1	184
71	619
46	665
0	145
4	233
8	0
16	0
13	0
17	213
1	233
0	27
0	2963
4	2931
0	2962
0	2990
0	2960
3	1396
0	123
5	2
1	2
730	11
1675	9
2	9
0	1
11	0
0	2
7	0
0	0
0	0
0	0
0	0
0	0
0	0
95	296
2	169
4	294
0	1260
0	942
10	1481
2	525
10	90
1	427
0	608
2	576
14	105
0	104
0	448
0	655
0	482
23	106
26	911
0	275
0	594
0	208
0	50
23	1
138	0
4	0
17	0
0	748
0	725
0	451
0	72
8	84
6	129
0	23
0	75
8	492
0	617
27	282
0	459
0	14
0	10
0	11
0	9
0	6
0	6
0	7
0	2
0	718
89	831
14	440
1	67
2	19
4	74
0	16
3	1
0	1
0	4
0	4
0	0
0	3
0	3
0	3
1	3
0	0
0	0
0	4
1	151
0	161
3	170
0	233
1	399
0	46
0	103
1	369
1	112
0	87
1	90
0	290
2	81
0	18
3	18
9	10
1	0
0	0
0	0
0	0
0	0
0	0
0	0
0	191
0	448
0	75
2	50
0	68
0	50
0	83
0	57
0	126
0	110
52	395
0	447
8	50
0	246
0	0
6	0
0	0
0	13
0	8
97	134
0	10
0	5
0	10
0	9
0	142
6	88
0	43
1	22
20	78
0	8
0	3
15	78
0	0
0	0
1	421
1	441
0	108
4	76
0	48
0	44
0	44
0	17
0	7
0	23
0	0
0	0
0	0
0	0
0	0
0	99
0	86
0	69
0	66
0	21
0	5
0	0
0	0
0	0
0	11
0	11
0	4
0	3
0	4
0	11
0	9
0	2
0	0
0	0
0	0
0	0
3	7
0	0
0	0
0	1
0	1
0	0
0	0
0	0
0	0
0	0
0	5
12	24
0	4
0	0
0	0
0	0
0	0
0	0
822	363
2	126
3	315
5	55
24	65
7	144
17	69
0	0
35	249
1	229
0	99
11	104
209	4
2	4
810	0
0	0
0	0
0	0
0	0
1279	0
2	831
89	834
0	61
1	252
17	1740
0	411
0	260
37	4
0	1752
1	1740
0	1741
0	0
0	0
0	0
0	0
0	0
0	0
0	0
0	0
0	0
0	0
0	0
0	0
0	0
0	0
0	0
0	0
0	0
0	0
0	0
0	0
0	0
45	0
0	57
0	162
150	420
9	21
0	33
17	50
10	214
0	0
0	122
4	2353
2	1139
0	2115
0	1705
0	6944
163	1937
3	2315
0	1711
0	2009
0	4513
0	4031
0	2005
0	6211
1	399
0	400
0	260
0	24
1	52
0	13
0	21
0	10
0	35
0	18
0	5
0	0
1	1
0	191
0	109
0	0
0	22
0	18
0	13
0	188
1	0
1	12
3	11
0	210
0	12
0	514
0	23
0	24
0	207
0	16
0	337
0	52
0	17
0	511
0	229
3	32
9	226
0	34
0	62
0	22
52	215
41	53
0	23
1	30
0	22
27	167
0	786
0	758
0	758
1	757
0	758
0	757
0	759
2	761
2	759
0	184
0	111
1	33
0	0
1332	766
2	192
16	766
2	168
1	306
0	259
3	168
11	28
0	138
0	1272
0	442
1	197
0	1273
0	327
0	328
0	328
0	328
0	157
8	356
0	143
108	279
9	359
0	216
0	38
0	26
3	2218
2	2
2	3
1	144
0	2190
0	754
0	131
16	83
15	77
0	88
3	288
13	44
1	933
0	1
0	0
49	0
1	2
0	2
0	2
0	2
1	1
0	11
0	11
0	0
1	0
0	0
0	4
0	58
0	155
0	755
0	0
0	0
1	0
0	0
1	0
0	0
2	13
0	220
34	34
1	18
1	218
0	252
0	202
0	31
0	234
0	203
3	27
0	233
1	29
0	32
0	26
0	36
0	30
0	26
0	7
0	218
2	90
3	32
3	983
0	55
0	90
0	1025
0	86
0	99
0	530
0	634
5	140
1	585
31	801
0	87
18	774
0	0
7	2980
6	2974
0	2869
8	232
0	1102
3	634
1	39
2	6
0	2946
2	1781
0	752
8	616
0	68
0	77
0	11
0	1760
0	1763
0	16
0	15
0	15
0	0
0	14
0	19
0	14
0	15
0	17
0	17
0	5
0	17
0	2
0	0
0	0
0	19
0	15
3	225
0	209
66	31
479	0
2	4
0	6
0	4
0	3
0	68
1	39
4	68
0	5
0	442
0	122
0	108
0	441
0	117
0	246
1	18
29	82
1	328
0	427
25	399
0	348
0	6
0	42
7	72
6	334
0	98
1	194
40	15
21	53
1	45
4	32
0	0
0	0
0	0
0	0
0	0
0	0
0	0
0	0
0	0
0	0
0	0
0	0
0	0
0	0
0	166
0	179
0	174
0	191
0	182
0	188
0	47
0	173
0	14
0	157
2	0
0	42
0	20
2	90
0	16
0	20
0	12
1	7
0	6
0	7
0	7
0	4
0	1
0	0
0	0
0	0
0	0
0	0
0	0
0	0
0	0
123	111
1	111
210	510
5	448
0	127
0	120
0	22
0	36
2	2
0	17
0	4
1203	365
5	365
0	0
0	0
0	0
0	0
1	17
0	17
0	6
0	6
1	9
0	2
0	340
0	61
478	322
26	189
70	356
0	67
0	60
1	305
14	5
0	5
1	105
73	3903
1	180
1	3768
1	1115
1	888
263	807
4	757
0	316
42	124
52	28
2	403
11	160
499	0
0	352
0	352
0	40
0	36
0	23
3	0
7	19
0	19
0	7
0	16
0	11
0	20
5	19
0	8
0	4
299	602
1	20
0	185
3	78
0	539
0	373
6	1
1	147
20	171
21	41
354	2
0	5
0	5
0	8
7	18
0	71
0	97
0	94
0	98
0	5
0	8
0	31
0	9
17	46
429	1257
0	149
1	144
0	903
0	657
5	549
1	159
73	114
0	61
1	18
546	45
0	45
0	0
351	594
0	122
0	104
0	81
1	100
0	77
0	67
1	66
0	78
0	49
0	49
0	61
0	63
2	4
0	4
0	2
0	1
0	1
0	2
0	2
0	1
0	0
1	0
1	68
0	72
1	32
0	17
0	17
0	14
2	16
0	0
437	236
0	204
1	104
0	39
0	32
6	67
28	89
0	102
0	26
2	0
0	0
0	0
0	0
0	0
0	0
0	0
0	0
0	0
0	0
0	0
0	0
0	0
0	0
0	0
0	0
0	0
0	0
0	0
0	0
0	0
0	67
0	804
0	771
0	799
2	120
0	139
1	227
0	329
5	686
0	15
0	10
0	70
0	78
0	748
40	14
0	101
0	103
0	127
0	120
0	125
0	111
1	111
3	52
0	147
25	644
0	42
0	57
0	25
533	89
0	9
0	30
418	744
0	601
0	673
0	225
0	272
0	395
4	351
1	264
0	229
0	76
1	2
233	241
0	210
0	42
1	21
0	219
0	0
0	37
0	27
0	23
0	26
0	28
0	23
0	36
0	80
967	0
0	71
0	0
0	0
0	0
118	0
566	232
0	232
0	20
21	20
6	6
0	0
0	1543
0	1303
0	1493
0	1372
2	1133
1	1058
0	1069
0	1042
1	0
1	395
11	82
4	280
0	120
0	236
0	106
1	251
0	51
4	180
0	0
6	10
0	0
0	4
0	1
0	1
0	0
0	2
0	0
0	3
0	1
0	0
0	1
0	0
0	0
0	1
0	1
0	0
0	0
0	0
242	582
0	465
1	348
0	260
0	220
2	79
0	134
1	86
9	20
1	18
0	507
0	25
0	495
0	15
0	22
0	56
3	148
0	140
0	35
0	35
1	25
6	129
2	1999
0	1748
0	1492
1	210
2	1277
0	148
1	215
0	224
2	115
10	0
22	193
0	360
3	402
0	174
0	198
54	1557
27	1572
0	109
4	173
40	698
160	508
0	0
0	0
0	0
0	0
0	0
0	8
0	0
4	5
0	201
201	209
5	138
0	8
0	47
1	54
0	23
2	5
103	202
7	183
0	35
1	7
0	8
717	273
1	67
0	12
1	262
9	61
0	4
2	88
3	218
1958	3165
0	164
11	5
0	96
2	418
4	411
14	551
11	406
1	339
1	880
0	520
0	852
0	17
68	1661
2	952
0	363
1	155
0	111
1	112
0	111
0	108
0	1
0	1
10	15
0	9
0	0
0	0
0	6
0	7
0	7
0	7
0	7
0	2
0	3
0	3
0	3
0	3
0	3
0	3
0	3
0	3
0	3
0	0
0	3
0	3
0	3
0	3
0	3
0	3
0	3
0	3
0	3
0	1
0	3
0	3
0	2
0	0
0	3
0	2
0	3
0	3
0	3
0	3
0	3
0	3
0	1
0	1
0	0
0	0
0	0
0	0
0	0
0	0
1	0
0	0
0	0
0	0
0	0
0	0
0	0
0	1154
0	806
5	1019
0	790
174	2457
5	2428
11	645
0	61
0	138
1	89
2	0
0	2439
0	97
2	250
2	103
0	1662
0	1
1	668
0	0
0	0
0	0
0	0
0	0
0	0
0	0
0	0
0	0
0	0
0	0
0	0
29	83
158	685
0	691
3	684
0	461
42	188
0	16
3	183
0	1
0	255
0	257
0	156
0	172
0	168
0	51
1	6
2	33
4	915
24	702
0	912
0	924
0	630
0	841
1	719
0	117
1	100
1	131
0	193
0	73
1	59
6	43
0	67
0	64
0	31
0	99
0	98
0	82
0	76
0	66
0	20
0	148
0	136
2	76
0	26
8	49
0	88
0	98
2	48
0	76
0	94
0	379
173	521
5	292
0	147
2	148
0	220
2	210
1	221
2	138
0	798
0	35
0	35
0	0
0	67
0	570
0	0
17	39
0	39
0	3
0	0
413	176
0	113
0	20
0	10
0	10
0	16
0	10
0	19
0	21
0	12
1	466
1	136
0	94
0	128
0	189
3	346
0	479
0	403
0	129
18	72
0	139
2	99
0	107
4	108
3	34
0	45
0	16
0	96
0	102
0	126
2	24
0	22
0	40
0	93
0	98
2	4
0	10
11	12
0	1200
0	64
0	10
2	60
0	411
3	7
1	403
0	603
0	96
0	569
6	47
0	83
0	69
0	73
0	1
0	59
0	523
2	170
0	100
0	103
0	1105
0	1094
370	34
273	447
0	297
0	349
0	2403
0	2403
0	2301
1	2395
0	2413
0	2123
0	2339
0	2246
0	2335
0	2274
1	2206
0	2295
0	2314
0	2121
0	2290
0	2312
0	1732
0	2294
0	2310
0	2353
0	2298
0	2368
0	2233
3	633
0	2344
0	2341
0	664
0	2208
2	2122
0	2188
0	2355
139	2378
0	2195
0	2376
0	2257
0	150
6	1474
5	127
0	253
0	71
3	1041
0	48
15	1620
1328	1620
482	0
3	0
0	72
0	426
135	501
0	446
42	282
159	170
0	10
4	41
0	147
77	9
0	21
0	80
0	20
0	24
0	2
0	1
1	0
0	80
0	36
1	478
0	512
0	174
0	314
0	14
0	49
0	29
0	37
0	11
0	368
0	89
0	49
0	53
0	83
0	24
0	50
0	0
0	0
0	0
0	0
6	3944
0	3769
2	3891
1	24
74	224
1	200
1	94
4	0
119	831
0	824
2	817
2	58
10	13
0	438
1	38
0	288
0	0
0	0
5	259
0	306
0	156
4	135
3	138
26	181
4	172
1	193
0	0
40	33
326	33
50	520
0	520
54	0
209	9
0	8
0	0
0	232
0	374
0	8
0	17
0	0
0	374
0	362
0	294
0	55
2	215
1	45
0	103
0	571
49	1297
0	477
5	581
0	769
1	8
0	8
0	7
0	5
0	1
7	720
0	174
0	102
0	89
0	644
0	529
0	125
0	184
0	302
16	387
6	315
2	188
0	225
0	172
0	111
5	128
0	44
3	44
0	192
0	365
0	358
2	42
0	41
0	52
16	213
1	1
0	0
0	629
27	629
6	31
1	248
0	62
0	0
0	0
0	0
0	0
0	0
0	0
109	375
0	387
28	178
2	360
0	374
0	141
5	71
9	120
0	39
0	38
0	9
0	539
0	50
0	545
7	509
0	514
2	511
1	514
3	245
8	143
0	105
2	144
0	68
3	84
0	0
0	0
0	0
0	0
87	12
4	108
0	114
0	520
7	142
97	850
0	214
22	525
80	219
0	158
1	38
0	25
159	134
3	135
2	4
0	119
10	142
0	25
0	0
1	984
2	985
0	1007
0	959
0	935
2	11
0	192
0	0
0	49
1	163
14	805
2	648
25	732
0	908
0	302
0	72
6	134
0	101
0	138
0	20
0	46
0	42
1	35
6	36
0	27
0	58
0	20
0	351
0	514
1011	346
3	94
1	58
0	39
1	43
3	62
1	49
0	13
0	345
11	1
0	388
0	1084
0	712
0	953
804	1967
0	1531
0	998
339	232
0	195
1	23
1	195
18	497
0	327
0	361
0	526
1	328
0	294
0	305
2	80
0	8
0	59
0	50
0	50
0	49
0	24
0	20
0	4
0	28
0	18
0	493
0	495
650	28
0	14
0	347
0	362
9	39
2	143
0	66
13	23
0	98
0	94
0	57
0	5
0	134
1	0
0	0
798	0
29	105
4	51
3	54
0	14
0	3
0	1
0	3
0	0
0	161
0	161
0	483
0	593
1	4
6	473
2	67
0	1
0	72
0	0
0	4
0	4
0	2
0	3
0	4
0	4
0	0
0	0
0	383
2	230
2	375
0	314
0	319
0	127
5	237
0	226
0	82
0	196
0	359
0	367
0	0
0	1363
7	1338
1	1270
0	423
0	129
0	936
0	53
0	31
0	32
0	3
1	78
0	383
0	81
0	38
0	67
0	93
0	113
0	45
1	528
1	105
0	516
0	110
0	263
0	107
0	117
0	49
1	227
0	23
0	34
0	48
0	28
19	5
0	158
3	11
4	81
6	354
8	117
0	45
0	263
0	251
0	15
5	98
8	171
111	0
0	319
0	374
0	376
1	229
27	149
0	51
0	88
12	0
0	131
0	140
0	92
1	122
0	105
17	25
0	1574
0	1851
1	1631
0	1624
1	931
1	38
0	130
0	16
898	263
0	54
0	206
0	65
0	0
0	46
0	4
0	4
0	1
0	857
0	740
2	996
0	54
0	27
42	2081
0	784
0	0
10	761
0	2098
0	21
2	21
0	96
0	48
3	2071
0	2043
0	1029
0	966
0	152
0	0
0	121
4	350
0	41
0	185
0	429
1	2194
13	21
0	2219
2	592
1	336
3	479
0	524
0	461
11	292
0	568
4	506
1	153
0	229
5	47
0	20
0	47
0	47
2	43
1	2
0	4
5	23
13	24
0	22
0	21
0	8
5	370
2	555
309	615
0	244
13	155
4	5
9	0
0	0
0	0
0	0
0	0
121	4
0	4
0	21
0	162
0	73
121	181
0	181
2	165
1	247
0	241
14	266
2	10
0	10
0	69
1	54
2	42
1	21
0	14
0	25
10	16
0	0
0	0
0	0
0	0
0	0
0	0
0	0
0	0
0	0
0	80
1	74
1	22
0	21
0	77
0	72
0	61
0	68
0	18
1	23
1	6
1	14
0	13
2	8
9	6
1	36
1	25
0	3
0	7
1	73
0	299
5	283
1	207
3	134
0	114
0	101
0	31
7	95
3	46
8	13
183	3493
106	116
0	1139
4	3476
34	522
118	1043
0	168
0	451
1	1792
0	595
0	19
0	600
1	97
0	594
0	13
0	13
0	23
0	13
0	13
0	151
2	1824
32	0
11	295
24	279
1	89
0	291
0	1
0	1
0	0
0	472
0	1612
53	1584
0	1561
1	200
1	102
0	313
1	1478
0	1487
2	720
0	197
0	113
1	85
0	165
0	151
0	116
0	83
0	23
0	533
0	551
0	90
0	415
6	57
9	249
3	47
0	34
0	28
0	31
0	42
0	33
0	35
0	24
0	23
0	29
0	7
1	9
0	19
3	0
0	2
0	0
0	30
0	63
3	63
0	6
0	1
0	0
0	0
0	0
0	0
0	0
0	0
0	0
0	0
0	428
48	229
0	416
2	165
0	412
0	254
0	106
7	17
0	96
11	20
0	162
7	64
0	73
0	79
0	126
0	80
0	41
1	54
267	171
0	61
2	29
0	81
1	68
0	56
2	19
1	0
0	5
0	406
0	861
0	1062
0	108
0	222
9	1468
0	226
0	172
3	27
0	32
2	303
0	214
0	993
0	438
0	304
10	0
0	1
1	78
0	942
0	1348
0	41
1	291
0	82
178	1011
2	226
2	535
0	110
3	829
2	95
4	355
14	102
0	288
8	197
0	154
15	142
2	107
0	1
0	1
0	1
7	913
40	913
1	15
1	981
0	866
0	976
0	876
0	734
6	0
1	119
0	123
0	23
3	20
0	31
0	36
0	32
2	18
2	3
2	33
0	27
0	47
38	45
0	13
0	10
0	99
0	0
0	65
226	280
0	102
5	214
4	160
0	68
0	555
0	576
0	506
3	283
0	94
1	41
4	23
524	1049
0	1051
0	983
35	56
127	43
0	40
0	28
1	28
122	0
0	20
0	184
0	44
0	178
0	36
0	5
0	0
0	142
0	0
0	0
0	0
0	0
0	7
283	1390
2	321
3	1242
0	515
0	916
2	490
0	708
1	513
3	218
0	220
0	215
10	183
0	53
0	33
0	27
1	4
0	2
3	0
581	5281
0	4585
13	531
1	418
0	3949
0	711
3	4231
36	294
21	1362
0	723
0	91
2	153
0	215
9	212
0	718
0	682
86	756
0	697
1	165
3	70
0	204
0	698
0	115
0	129
0	247
0	228
0	261
0	349
0	135
0	26
3	109
0	385
0	281
0	174
1	622
13	54
0	257
4	434
0	57
0	112
0	59
18	81
0	607
0	241
42	717
0	720
0	719
11	717
1	717
2	717
1	669
0	778
52	782
11	670
0	724
4	578
4	719
0	668
0	711
1	708
0	703
1	652
14	306
0	46
0	53
1	57
0	39
2	52
0	5
0	13
0	4
0	12
0	2
0	0
0	1
0	4
0	2
0	0
0	0
0	0
0	1
0	88
6	187
0	912
4	602
0	454
31	562
512	846
0	826
13	72
6	770
0	11
2	21
17	695
12	115
110	33
0	250
0	27
0	0
4	554
0	577
29	558
1	557
3	556
0	531
654	384
0	245
0	185
0	33
0	9
1439	1249
0	1166
0	0
0	0
1	0
0	0
1	24
0	98
0	105
0	63
0	22
0	8
0	33
16	52
0	24
1	24
0	53
0	62
3	101
0	94
0	101
0	0
2	10
0	48
0	47
0	46
0	48
0	48
2	2
218	81
9	81
0	0
1	2098
0	92
6	2098
1	14
0	8
592	148
2	148
0	52
187	284
0	89
31	215
0	284
0	257
0	25
3	52
0	52
0	67
0	19
0	13
0	239
0	0
0	0
0	0
0	0
0	0
10	369
1330	835
108	36
0	15
8	319
0	331
0	4
0	321
0	317
0	328
2	910
0	273
0	59
0	41
0	88
0	31
8	19
0	911
1	441
0	622
19	1975
0	2055
0	1936
4	854
18	830
0	797
3	772
24	60
0	75
1	40
0	1560
0	0
2	796
11	796
1	78
0	78
23	78
0	12
4	57
15	381
0	383
1	35
1	261
0	34
40	180
0	112
3	60
0	0
4	3
0	46
0	16
0	363
0	0
0	8
53	8
910	0
271	0
1	0
395	170
0	90
0	108
0	27
0	82
0	162
4	94
0	10
1	26
0	73
92	90
0	71
0	20
0	4
0	17
0	56
2	6
6	70
0	8
0	32
0	36
0	45
1	0
77	28
4	25
0	3
0	21
0	22
0	15
0	1247
1	1138
0	119
10	274
1	38
0	429
0	144
5	429
3	163
0	256
0	226
0	247
0	234
0	225
2	661
2	215
117	661
3	217
0	0
0	0
0	1
0	47
0	3378
31	3358
0	3376
9	3358
11	3374
6	3308
0	3217
0	3347
2	3255
1	3243
0	1785
0	3192
0	387
0	307
0	158
4	3
19	176
0	28
1	47
1	57
0	11
0	38
41	84
0	31
0	32
3	37
7	60
0	9
0	42
22	268
4	226
4	167
0	144
0	36
1	5
0	0
0	1
0	0
22	1
72	4
0	4
0	2
0	1
0	1
0	1
0	1
0	0
0	22
2	22
1	10
1	25
0	9
0	26
1	77
0	6
1	7
0	9
0	11
0	13
0	7
0	12
0	12
0	16
0	13
0	7
0	11
0	11
0	5
0	6
0	2
0	5
0	2
0	1
0	0
0	8
3	56
0	0
0	0
0	0
0	0
0	0
1	573
0	573
2	528
0	521
0	596
9	127
5	172
6	170
4	13
0	0
1057	161
4	82
0	79
0	0
0	0
1	49
0	49
3	3
0	48
0	2
0	2
0	2
0	0
0	0
2	1
0	5
0	21
3	13
29	269
0	167
2	195
2	138
32	0
23	241
4	241
0	49
0	18
0	14
0	8
0	268
3	559
29	317
0	599
22	28
0	195
0	9
1	150
0	525
0	512
0	210
0	503
0	243
0	158
0	193
0	502
0	128
0	174
0	191
0	290
12	212
0	253
0	192
0	521
0	123
8	234
0	176
0	155
0	164
0	31
0	526
0	56
0	95
0	19
0	169
0	52
0	68
8	12
0	5
0	5
0	4
0	0
0	0
0	0
0	0
0	3
0	5
0	3
0	5
0	4
0	4
0	0
0	0
0	1
0	1
0	0
0	4
474	881
7	881
0	0
4	166
0	15
0	55
0	90
0	93
0	158
1	24
0	52
0	33
0	192
1	201
0	49
0	187
0	80
0	50
0	157
0	126
56	127
0	116
11	558
6	568
14	56
15	18
1	98
3	17
43	0
23	58
0	0
0	0
21	0
0	0
2997	780
1	155
0	116
0	77
3	138
0	129
5	236
13	14
5	54
1	55
0	167
0	507
0	440
0	81
10	101
1	131
37	549
0	399
1	180
0	138
0	224
6	362
54	75
0	18
4	226
0	0
0	0
0	0
0	102
0	121
0	178
0	95
7	201
52	181
2	12
0	59
0	116
1	52
0	78
2	87
19	883
124	1569
116	106
0	1569
0	1
304	224
0	214
13	213
3	66
0	26
0	1880
2	2001
0	2003
0	441
0	1894
0	1283
0	1481
0	858
0	1729
0	1973
0	884
0	1748
0	60
0	55
4	1778
0	1853
0	7
11	1687
0	1795
0	222
0	498
0	521
1	1697
5	1336
0	468
1	231
1	24
0	24
0	22
1	6
0	1
0	1
0	97
1	231
0	180
36	278
1	204
0	236
0	229
0	54
0	68
17	51
0	233
5	101
0	102
0	173
0	100
0	115
3	21
3	30
0	48
2	36
0	238
1	34
0	307
1	287
0	168
0	93
70	957
0	726
3	346
0	388
0	104
2	235
0	74
2	8
0	170
0	113
0	34
2	0
0	14
3	2
0	34
5	2
2	170
0	23
0	14
0	27
0	14
0	7
0	4
0	0
1	22
0	27
0	139
0	27
0	27
0	47
0	14
0	31
0	24
0	97
0	116
0	32
3	57
0	652
0	670
1	350
2	151
0	120
0	137
2	60
2	75
8	55
0	53
0	43
0	45
0	43
0	36
0	38
0	38
0	17
13	35
0	33
3	19
6	11
0	11
0	11
0	11
0	0
0	0
0	0
1	0
4	3
98	19
0	20
0	4
0	4
0	9
0	2
0	2
0	2
0	0
0	0
0	1
0	1
0	1
0	1
0	1
0	0
0	0
0	2
0	2
0	2
0	2
0	1141
0	1114
0	0
1	30
0	16
5	534
0	19
0	24
2	103
0	98
3	158
5	1203
1	6
0	54
0	115
0	1058
0	55
1	106
67	158
0	158
0	0
0	0
0	0
0	0
0	0
1	13
0	81
0	129
0	83
0	699
1	87
2	100
74	792
6	64
0	530
5	28
0	276
0	475
0	54
0	105
0	38
0	19
1	39
1	341
0	75
0	60
0	704
0	230
0	219
0	14
0	17
0	727
0	0
0	0
0	0
0	0
0	0
0	0
0	0
0	0
0	0
0	0
0	0
0	1137
0	1104
0	306
1	230
1	83
0	71
0	36
4	16
1	58
0	1634
1	240
5	1615
0	0
0	0
0	1
0	1
0	0
0	0
0	0
55	387
2	185
0	260
1	294
0	271
0	158
0	107
0	181
0	57
0	191
0	517
0	984
0	802
0	486
4	267
0	338
7	872
0	828
0	823
0	77
14	70
3	100
0	154
0	61
3	1898
0	1862
0	189
0	1560
6	238
1	580
6	792
0	440
5	172
0	628
1	599
0	105
442	523
2	523
0	39
3	31
0	24
0	45
0	54
5	13
0	23
1	12
0	12
0	5
0	8
1	0
0	0
0	0
0	0
0	0
0	0
0	0
47	1352
0	35
0	146
1	41
0	133
0	101
16	60
0	146
0	121
0	98
2	88
0	0
17	20
0	1066
0	0
0	3
0	12
0	289
0	289
0	299
0	238
0	10
1	5
0	5
0	0
0	0
0	5
0	0
0	0
342	0
1	2
0	1
2	2
1	0
184	15
0	15
0	0
0	3
0	18
0	18
3	4
0	3
0	4
0	15
0	346
0	365
2	373
1	364
0	148
4	136
1	102
0	108
0	107
2	91
0	71
0	53
12	8
0	0
0	0
0	0
0	0
0	0
0	0
0	0
0	0
0	0
0	0
0	0
0	0
0	0
0	0
0	0
0	0
0	0
0	0
0	44
0	842
1	842
3	147
2	842
0	842
39	122
0	295
0	57
0	97
0	847
1	849
0	588
0	373
1	740
0	84
0	48
59	116
14	78
0	32
0	55
2	82
0	47
1	15
18	2419
0	1444
0	1442
0	85
5	597
0	8
0	591
0	120
0	193
1	108
1	592
0	585
0	735
0	505
1	535
2	476
1	256
0	3
0	679
862	685
0	60
0	112
1	629
1	34
2	241
0	659
2	45
0	269
3	325
1	25
1	0
0	0
0	0
0	0
0	0
0	0
0	0
0	0
0	0
0	0
0	0
0	0
0	489
0	45
4	462
14	185
0	922
59	953
0	136
4	152
5	40
1	176
387	185
1	23
0	47
0	0
17	1226
3	855
1	736
0	385
21	412
2	84
3	233
0	54
72	54
0	0
0	19
0	41
0	17
0	15
1	35
0	18
0	8
0	7
0	6
0	7
1	7
0	0
0	3
0	3
1	1202
0	209
0	145
0	154
2	109
0	130
1	0
0	1184
29	2440
0	453
1	261
0	157
3	31
0	21
0	29
0	20
3	23
0	38
17	155
0	2440
2	542
78	541
0	302
251	281
1	281
0	2355
0	1203
0	2035
179	1899
4	81
2	827
0	1333
8	341
0	872
0	477
0	241
1	4
0	6
0	1
0	0
0	0
0	6
0	1
0	511
0	511
1	358
0	71
0	108
27	415
17	319
5	399
0	208
0	448
0	461
0	316
0	410
4	248
0	307
0	302
0	331
0	249
1	285
0	235
0	73
0	164
0	133
7	142
5	87
0	123
0	38
0	0
0	744
0	194
0	31
0	644
0	163
0	826
0	63
7	690
27	131
3	754
0	484
0	778
3	73
14	603
6	149
0	40
14	110
3	694
0	663
111	317
0	76
0	66
0	54
0	34
888	990
1	306
0	393
5	185
0	285
2	271
6	225
0	181
11	173
123	58
0	55
0	48
188	458
0	509
1	359
0	226
10	60
2	13
0	131
5	127
161	396
0	364
1	5
0	21
0	7
0	8
0	122
0	115
0	33
6	20
9	16
0	13
0	17
6	18
0	11
0	2
0	3
28	1
2	296
0	323
0	109
0	291
0	299
0	53
0	314
0	82
2	57
1	72
0	252
0	122
0	53
30	160
12	226
2	22
0	19
0	314
0	261
3	273
17	228
2	178
0	201
0	189
0	16
1	0
0	20
0	338
33	102
8	328
55	230
0	41
331	368
0	250
0	145
7	29
0	147
1	158
3	97
2	107
0	37
0	6
0	148
25	269
1	269
0	275
5	274
0	274
0	269
2	268
1	267
0	91
1	11
0	1
0	224
0	181
0	243
0	253
0	41
1	242
6	183
0	206
11	206
1	20
0	557
0	557
0	296
0	257
1	536
3	199
0	617
1	22
0	28
27	661
0	35
1	482
8	63
0	547
0	188
91	295
972	276
1	261
0	224
0	84
0	8
1	9
0	8
1	9
1	8
0	1
0	1
0	7
0	2722
0	2636
0	2231
0	1998
105	1077
3	1829
0	1867
0	1518
0	1537
0	1904
0	1829
3	276
0	1395
0	1529
0	1568
0	745
0	1361
0	1322
0	2761
0	287
0	166
0	120
3	0
0	73
0	2619
19	58
0	392
0	410
0	409
4	386
4	1
0	137
1	139
0	141
0	44
1	99
1	66
0	48
5	49
0	5
17	37
0	38
0	6
0	38
18	106
0	93
0	71
0	14
2	33
0	7
0	13
0	1
0	1
0	0
0	3
0	4
0	0
1	0
0	2
0	0
0	3
0	3
0	1
3	15
1	12
1	140
0	145
0	138
0	143
0	135
0	137
0	48
0	118
0	106
0	81
1	65
0	59
0	37
2	54
0	12
0	32
0	31
0	23
1	14
1	7
0	5
0	5
0	3
0	0
0	4
3	5
8	210
7	216
0	114
92	15
0	86
0	111
0	2
0	16
0	17
0	5
9	1
49	169
0	164
1	9
0	38
1	120
1	181
2	100
3	152
0	29
0	0
759	1911
0	444
5	880
3	1772
0	703
0	586
4	275
0	170
0	255
59	404
843	0
8	16
0	37
2	42
16	24
0	8
0	29
4	31
1	35
0	6
0	5
0	24
139	246
0	88
0	157
1	24
0	3
0	3
0	1
0	2
0	0
5	463
0	129
0	442
3	440
0	22
446	1330
8	295
7	346
4	368
3	613
9	381
4	356
7	331
0	0
0	0
0	0
0	0
0	0
0	0
110	0
0	1
0	0
0	0
0	1
0	0
0	0
0	89
0	92
0	89
0	92
0	88
0	83
0	23
0	14
0	1
0	1
0	0
0	0
8	5
0	6
0	1
24	114
2	114
0	24
0	9
0	6
0	3
0	5
0	41
1	45
0	45
0	46
0	5
0	42
0	8
0	6
0	5
0	5
0	0
168	1864
22	6
3	788
1	1733
9	75
12	1045
5	34
3	991
2	1013
0	1022
6	1769
0	35
17	1827
6	1824
0	56
0	302
0	129
2	122
0	111
0	548
13	375
0	0
0	0
0	0
0	0
0	0
5183	0
0	37
5	0
219	868
1	720
0	48
0	46
0	30
0	22
1	218
0	895
0	873
0	738
0	831
0	786
0	845
0	892
0	886
0	836
0	736
0	678
0	869
0	49
0	644
0	889
0	886
8	797
0	775
0	798
0	239
0	294
0	346
0	726
1	541
0	827
0	893
0	773
0	815
0	808
0	608
0	917
0	825
1	4
0	140
0	497
1	568
0	569
0	807
1	831
0	782
0	731
0	767
0	731
0	757
0	872
0	466
0	829
0	691
0	426
0	218
0	60
3	648
0	33
0	454
0	442
0	380
12	317
0	155
0	50
0	76
0	66
0	1
0	0
2	0
0	0
0	0
0	0
133	197
0	197
0	0
0	0
0	0
0	0
0	0
0	0
0	0
0	0
0	0
0	0
0	0
0	0
0	1
0	8
0	2
0	2
6	4
0	0
0	2
0	8
0	0
0	0
48	473
0	473
2	11
0	53
336	123
0	50
0	69
9	12
0	2
0	2
0	4
0	1
0	1
0	0
0	1
0	8
0	1
0	3
0	0
0	1
0	337
0	59
0	59
0	58
0	6
0	5
0	5
0	26
0	15
0	3
0	0
0	20
0	0
0	6
0	0
5	0
553	313
7	313
0	2
0	2
0	2
0	1
0	10
0	25
0	37
0	37
0	2
0	7
0	25
0	25
0	56
0	31
0	61
1	58
1	55
0	33
3	6
0	5
0	5
0	3
0	5
0	59
0	59
0	54
0	3
0	3
0	3
0	1
0	2038
0	122
0	1518
0	1861
0	41
0	177
0	93
1	400
0	1922
0	1915
0	1766
0	1909
0	2080
0	202
0	283
0	1866
6	401
0	148
251	535
4	1023
0	403
3	238
246	376
0	20
0	20
0	50
2	45
0	50
6	65
4	286
0	26
0	60
0	51
0	61
0	0
0	0
0	0
0	0
0	0
0	0
0	0
0	0
0	0
0	0
19	0
100	0
227	0
14	250
0	529
0	551
0	193
1	476
1	76
2	31
0	63
1	149
0	342
0	350
0	386
0	341
0	385
0	28
1	357
0	42
0	658
0	21
0	209
1	42
5	648
0	346
0	640
0	349
0	385
0	349
0	385
0	385
0	385
1	25
0	17
0	15
0	15
0	15
0	301
0	265
0	311
0	223
0	221
0	267
2	62
10	285
0	268
5	243
0	297
3	296
1	290
0	53
5	188
0	25
0	21
0	34
1	64
0	61
0	19
5	9
0	4
0	100
0	12
0	7
0	28
0	30
0	781
32	805
0	78
0	460
2	356
2	78
0	805
0	721
666	221
3	114
1	202
0	0
0	0
0	54
4	51
1	21
24	460
8	410
0	100
3	76
0	8
0	186
0	36
0	48
0	0
0	41
0	268
0	258
0	8
0	6
0	15
3	39
1	29
3	424
429	524
3	187
0	359
0	300
0	181
61	220
0	348
1	163
2	238
0	479
0	419
0	255
0	0
0	0
0	0
0	0
0	0
0	0
0	0
111	89
0	67
2	72
1	23
0	0
0	0
0	0
0	0
0	0
1	0
0	0
101	9375
0	3561
6	2903
1	409
6	375
4	125
71	741
71	1723
1	5778
1	0
1	554
0	489
0	565
0	58
0	59
0	160
0	497
0	145
0	94
50	44
0	41
0	14
0	9
0	0
0	0
0	0
0	0
0	1
0	532
0	481
2	454
4	354
0	415
0	463
0	35
1	382
0	435
5	82
8	150
9	403
0	376
0	293
0	299
0	186
0	166
10	1
0	0
5	0
0	174
0	134
0	161
1	80
0	83
0	48
2	124
0	3393
0	3373
2	1828
4	3147
0	231
4	3337
1	132
0	119
3	244
0	194
1	349
2	257
1	391
16	122
9	249
0	798
1	124
0	132
0	951
0	1076
0	49
24	412
8	314
0	129
0	288
0	519
2	280
0	1046
0	25
11	751
0	54
0	52
0	120
0	329
2	306
1	208
0	44
0	68
0	581
1	984
0	962
0	949
0	957
0	13
0	10
0	67
0	86
0	45
0	31
1	28
0	21
0	30
0	18
5	92
9	10
4	18
10	144
0	582
0	564
0	342
4	194
0	253
0	287
0	257
0	470
0	493
0	190
0	471
0	45
1	57
0	36
0	49
0	24
0	37
1	1162
1	983
0	828
0	685
2	309
0	328
1	290
0	181
4	216
0	64
11	115
2	104
0	130
3	184
0	79
0	77
0	78
0	57
0	33
2	9
95	54
0	28
0	10
0	31
0	29
0	28
0	19
0	12
0	6
1	11
0	11
0	6
0	6
0	0
0	1
0	3
0	1
0	3
0	0
0	12
0	17
0	115
0	59
0	18
0	21
0	23
0	20
0	6
0	3
0	1
0	0
1	115
606	0
0	222
1	25
0	40
0	177
83	895
13	0
43	179
0	275
31	177
0	890
1	66
30	13
1	11
0	4
0	0
0	0
0	0
0	0
0	0
0	0
0	0
0	0
152	198
2	62
39	178
3	37
4	92
0	47
0	0
0	0
0	0
4	654
23	654
2	36
2	72
0	0
0	0
0	0
0	529
0	132
0	546
0	1
0	5
0	4
0	262
4	361
90	919
15	291
11	806
9	93
2	91
80	55
28	152
0	24
0	189
0	181
0	158
0	144
1	140
1	39
1	149
15	33
5	37
0	10
0	0
0	0
0	0
1	0
0	0
0	134
3	3
0	3
0	3
0	1
0	1
0	1
0	1333
0	1320
0	1019
0	1048
0	52
0	593
0	633
0	603
0	852
6	830
0	47
0	21
1	135
0	165
0	18
0	25
0	10
0	9
1	9
0	29
2	22
0	0
0	1
0	13
0	3
0	10
0	8
0	7
0	10
0	10
0	6
0	7
0	0
0	0
0	1
0	1
0	1
0	1
0	1
0	0
0	3
0	20
0	20
0	9
1	1
0	1
0	1
0	7
0	9
0	2
0	0
0	1
0	777
1	329
0	191
0	292
0	513
0	255
0	48
0	136
0	301
0	96
0	43
0	782
0	343
0	362
5	200
2	97
0	170
181	3350
2	370
32	3295
0	678
0	792
42	2412
0	595
0	0
0	0
0	0
0	0
0	0
0	0
0	0
0	1
0	1
0	1
0	0
0	7837
0	299
0	2688
728	7841
6	555
60	2007
0	1
0	0
0	0
0	0
0	0
0	0
0	0
0	1
0	1
0	0
2	971
0	1135
0	1134
5	228
0	1139
0	493
0	201
0	1122
0	1812
1	1890
0	2651
0	449
0	1085
0	373
0	308
0	209
1	103
0	198
0	204
0	129
0	68
0	2398
0	2065
624	124
0	124
106	1560
6	1295
2	1495
0	488
12	262
0	127
28	14
2	28
0	25
0	28
0	14
0	18
8	2
0	3
0	5
0	8
0	0
0	0
0	0
0	1
0	2
31	17
0	4
0	3
0	4
0	4
0	1
0	5
0	8
2	341
11	604
0	385
1	500
2	2055
1	1978
0	2042
0	2059
0	2007
0	1937
0	2046
1	2009
0	2012
0	1863
0	2074
0	2026
0	2010
0	2000
0	2069
0	1964
1	2100
3	1190
0	2092
0	1989
0	937
0	1909
0	1967
0	2003
0	84
0	1848
0	1960
0	2009
2	1901
3	63
0	1626
16	1518
10	209
0	39
0	154
3	517
23	574
0	63
7	186
0	188
2	164
0	24
0	189
0	41
0	850
0	833
0	692
0	849
0	42
0	20
0	71
14	0
0	1416
0	735
0	647
1	647
1	670
0	583
2	496
0	93
0	52
0	52
0	51
0	53
0	52
0	0
0	0
0	1389
0	1020
15	6354
42	5987
0	3874
58	2180
0	5789
0	6179
0	6220
0	5091
0	3659
1	810
0	795
0	240
1	0
0	195
0	206
0	72
0	64
2	7
120	294
0	282
17	105
15	18
0	47
2	15
1	3
3	7
0	0
0	0
0	0
0	0
0	3
0	2
0	2
0	2
2	1
0	1
0	1
0	0
0	0
0	0
0	0
0	0
0	0
0	0
0	0
0	51
0	72
0	66
0	70
0	71
0	73
0	60
0	73
0	77
0	62
0	70
0	58
0	71
0	43
0	49
0	51
0	70
0	43
1	53
0	24
0	27
0	34
0	31
0	31
0	18
0	25
0	25
0	271
0	281
24	281
0	77
69	383
6	292
1	228
1	8
0	75
190	657
6	434
0	612
0	487
0	508
17	471
3	413
0	204
1	95
2	7
0	3
13	188
0	189
0	184
0	43
5	16
3	1
0	0
0	0
1	4
0	0
0	0
11	937
0	896
0	929
0	917
0	950
0	0
0	0
0	0
0	0
0	0
0	89
0	12
4	88
0	0
0	0
0	0
0	0
0	0
0	0
0	93
0	55
0	46
44	21
0	17
0	2
0	4
0	0
0	0
0	0
0	0
0	0
0	0
0	0
0	0
0	0
0	0
0	0
10	263
0	249
0	263
0	263
10	64
0	83
0	93
0	81
0	0
0	285
0	273
0	81
0	111
2	60
0	90
0	291
0	290
4	139
0	163
0	180
3	145
2	48
19	63
12	149
0	468
11	474
0	580
15	60
103	649
0	425
0	547
0	424
0	521
0	578
0	386
0	469
0	82
3	186
0	157
4	157
9	145
0	0
0	0
583	0
3	923
0	217
0	895
0	201
0	923
0	895
0	0
0	0
0	0
1	0
0	426
36	1356
1	364
0	400
12	546
3	341
0	1355
0	0
0	0
0	11
0	11
0	8
7	10
0	232
231	372
0	254
1	85
0	16
0	8
7	86
0	0
0	0
0	0
0	0
0	0
0	0
0	0
0	0
0	0
0	0
0	0
0	0
0	0
3	103
0	44
0	112
5	33
2	34
1	100
0	20
465	0
44	681
2	652
50	680
1	532
1	500
0	498
0	340
0	304
0	1
0	1
0	4
0	4
0	1
0	1
0	1
0	0
0	0
0	1
0	1
0	1
0	1
0	4
0	1
0	1
0	1
0	4
0	0
0	35
0	41
0	5
1	38
0	47
0	469
0	251
79	2156
0	427
0	1375
0	1095
0	908
0	207
0	1110
2	882
0	1995
12	523
0	410
97	1274
0	1111
5	1582
0	1103
695	483
3	462
0	250
8	167
0	167
2	62
4	104
11	923
31	1077
0	390
0	321
0	1075
2	136
14	172
0	164
0	321
0	94
11	15
3	147
0	121
0	76
7	96
0	29
0	21
1	10
2	122
0	32
18	48
3	0
1	592
9	0
81	544
0	275
0	279
0	84
0	13
1	82
0	284
0	242
0	107
4	97
0	15
0	16
0	194
0	31
0	2
0	3
0	3
0	0
0	0
0	3
0	4730
0	4727
0	1837
0	4621
0	4483
0	2433
0	2187
0	4167
0	0
0	0
0	0
0	0
0	0
0	0
0	0
0	0
0	0
0	0
0	0
0	0
0	0
0	0
0	0
0	0
136	224
0	14
0	208
1	127
0	50
0	30
0	25
1	26
0	22
0	18
20	396
0	391
4	369
0	252
8	20
2	41
25	30
0	31
0	20
0	21
0	22
0	13
0	0
0	0
0	0
0	0
0	0
0	0
0	0
0	0
0	0
0	0
0	0
0	0
0	0
0	0
0	0
0	0
0	0
0	0
0	0
0	0
0	0
0	0
0	0
171	61
0	61
0	843
0	835
0	833
0	138
1	43
0	10
0	60
0	85
1	36
0	46
1	24
0	0
0	0
0	0
173	705
0	688
1	214
22	141
0	0
0	0
0	0
0	0
0	0
0	0
0	0
0	0
0	0
0	0
0	0
0	0
0	0
0	0
0	102
0	20
0	18
0	24
0	91
0	76
0	203
0	26
0	55
0	4
6	24
10	181
3	671
0	658
10	765
0	777
176	174
1	329
0	423
0	96
0	91
4	51
0	70
0	60
0	36
0	30
1	27
2	4
460	41
0	41
143	6555
4	6555
282	194
4	119
29	25
0	192
2	29
0	0
4	9
0	9
0	187
1	187
0	54
0	50
1	0
0	9
0	16
0	5
0	175
1116	28
14	15
11	25
2	734
0	640
0	759
0	618
0	29
0	757
0	14
0	46
1	13
0	76
1	47
1	54
1	28
0	18
11	18
4	5
0	80
2	197
16	138
0	710
2	159
5	71
20	529
0	96
0	90
0	73
0	82
1	0
0	0
480	1645
1	1348
0	229
0	631
0	103
0	145
0	849
0	103
0	103
0	820
0	850
0	96
0	851
0	46
0	38
0	83
0	97
0	86
1	159
0	72
0	95
0	95
0	846
0	135
3	65
2	156
0	27
0	89
2	114
7	274
0	51
2	289
0	38
13	38
11	33
0	42
0	42
0	155
0	19
0	9
2	4
0	155
265	16
5	16
0	0
0	227
0	300
0	235
0	183
6	138
5	81
1	1
1	21
0	1279
8	1288
0	36
0	91
1	268
0	41
0	19
0	10
0	0
269	108
5	108
25	0
29	77
1	77
0	0
3	10
0	0
1	1
0	1
0	9
0	4
0	7
0	4
0	2
0	7
0	0
89	1112
0	1112
1	947
5	946
0	22
0	6
0	6
0	0
0	0
0	0
0	0
0	31
1	11
0	1137
12	1131
0	73
0	61
3	56
291	32
1	33
14	9
0	9
0	0
0	0
0	0
0	0
0	0
0	0
0	0
0	0
0	11
0	11
0	1
0	2
1	2
0	0
13	515
0	480
9	156
18	195
3	144
1	134
0	70
1	2
0	1
0	1
0	0
0	0
0	0
0	16
0	0
0	2
0	0
0	2
0	2
0	1
0	447
2	435
48	443
0	63
6	57
4	227
0	7
109	7
1	301
0	307
5	18
0	58
0	0
0	0
0	0
0	0
0	265
0	10
4	20
0	221
0	255
0	220
1	532
0	304
0	522
1	59
0	18
0	19
2	48
0	41
1	0
0	0
0	0
6	8
0	344
0	338
6	34
3	50
0	1206
0	1141
0	1024
0	1243
0	192
5	120
20	381
0	1114
0	1243
0	2141
2	227
0	733
0	74
0	147
0	147
15	2160
0	0
0	0
0	0
0	0
0	0
0	0
0	0
9	2
0	2
5	10703
0	10287
1	3385
12	677
1	9055
35	4027
28	9702
0	5533
0	4187
0	3966
1	5842
64	1547
1	1346
2	1213
0	1446
0	1566
0	19
23	135
0	216
1	1436
0	108
0	52
0	351
0	365
0	141
0	50
0	130
0	107
1	290
1	144
15	248
0	147
0	136
0	11
0	366
5	333
1	71
0	80
0	59
3	5
1	6
2	203
3	5
0	33
3	0
0	57
26	40
90	573
4	291
2	24
10	78
0	558
2	16
0	128
3	5
4	19
0	32
2	398
0	33
3	5
0	1
0	75
1	347
92	2
0	2
26	0
1	1553
0	0
1	4
0	4
0	1
0	0
0	0
0	0
0	0
0	0
0	0
0	5
0	6
3	6
0	0
0	0
0	0
0	0
0	0
0	0
1	0
2	0
0	0
2	1294
0	196
0	1988
0	2417
7	1543
1	1870
0	123
0	16
0	0
0	175
5	177
0	9
0	15
0	1
669	1549
4	376
1	575
3	516
10	0
0	1
0	0
0	0
0	0
0	0
0	0
0	1
0	554
0	362
0	534
0	83
3	9
1	21
12	14
0	42
1	13
0	8
3	7
0	164
85	183
4	102
0	139
0	139
0	51
0	50
0	136
0	35
0	63
0	95
0	111
0	49
0	54
0	17
0	2
4	11
0	230
0	13
0	136
0	0
0	14
0	11
0	17
0	230
0	73
168	281
5	211
3	176
1	219
0	86
0	70
1	86
0	92
7	28
1	36
33	65
2	760
0	1086
0	834
1	912
0	230
0	731
8	380
0	744
0	971
0	606
0	535
0	873
0	944
0	428
1	887
12	410
0	172
0	179
1	159
0	28
0	51
4	179
6	73
0	28
0	421
258	421
10	49
0	575
20	994
1	994
0	409
0	573
0	738
0	994
1801	1787
45	51
0	1127
1	712
6	489
1	47
0	1
0	1
0	0
0	0
0	0
0	0
0	0
0	0
0	0
0	0
0	0
0	0
0	0
0	0
0	1
277	351
5	201
0	94
1	150
6	484
10	484
0	125
0	115
3	116
0	71
0	47
10	7
0	4
0	4
0	4
0	1
0	0
0	0
0	0
1	0
0	0
1	0
0	1
103	866
0	867
13	190
1	529
0	838
0	850
0	31
0	48
0	713
0	37
1	75
5	60
0	426
3	23
1	49
1	18
0	1
592	667
4	375
0	430
0	615
0	156
14	169
0	185
2	184
0	173
0	181
0	181
2	17
293	169
0	44
0	155
3	1902
0	19
0	1337
0	2098
43	2098
32	926
0	0
0	0
5	6
0	6
0	5
0	53
0	86
6	75
0	28
0	8
720	911
0	864
1	888
0	887
0	2
8	263
1	137
1	151
0	141
0	161
160	187
0	177
0	38
1	100
41	14
0	14
0	188
2	66
0	90
0	51
284	1205
0	1139
104	935
0	498
0	398
0	397
9	254
1	185
0	215
1	211
6	87
0	0
0	0
353	567
1	567
0	133
0	84
0	63
0	117
0	755
0	75
0	68
1	68
0	217
0	776
1	70
5	59
0	80
12	178
0	856
0	744
0	81
1	672
0	71
2	169
0	57
0	333
2	29
0	10
208	694
4	211
6	52
2	299
0	85
0	94
2	374
0	876
1	836
0	790
0	628
0	634
0	173
3	0
1	0
0	0
0	0
0	1
0	1
0	1
0	0
0	0
0	1
0	0
0	0
0	0
0	0
0	0
0	0
1	127
291	459
0	297
2	305
0	179
1	65
35	132
0	620
1	620
0	101
0	0
0	1
0	464
0	450
0	466
1	104
0	466
0	42
0	108
0	422
1	421
6	463
4	38
0	246
0	137
0	84
867	1037
0	448
12	458
1	668
0	0
0	0
0	2500
19	2480
33	2596
0	2439
0	1870
0	1644
0	1588
0	288
2	48
14	66
4	130
0	123
6	111
26	370
0	41
8	96
0	131
0	107
2	18
0	61
4	0
198	0
1	0
373	0
8	1023
0	742
0	1052
0	437
0	250
0	1009
9	221
0	1014
7	254
1	226
0	11
0	92
4	9
3	219
0	64
0	0
0	87
0	91
0	80
0	9
0	1
0	5
0	16
0	211
0	215
0	204
0	283
0	86
0	38
1	281
0	526
5	195
6	46
2	145
1	4
0	125
0	61
0	523
0	144
3	290
4	287
0	50
7	109
2	46
0	10
0	0
0	10
0	1
47	76
0	13
0	10
0	10
7	66
1	26
21	261
75	309
10	52
36	225
14	86
0	0
0	0
0	0
0	0
0	0
0	0
0	0
0	0
0	0
0	1597
0	60
2	15
0	506
1	360
4	74
0	269
13	1562
15	1382
3	59
0	113
0	102
0	74
0	99
2	588
2	82
0	6
9	41
0	182
0	6
0	65
1	74
0	0
1	0
0	10
0	11
0	4
0	0
0	10
0	3
0	6
1	14
0	14
0	5
0	5
0	4
0	8
0	7
0	5
0	9
0	5
0	2
0	0
2	11
1	11
0	1
0	2
0	7
2	7
0	6
0	0
0	0
22	574
0	562
3	553
3	501
1	2
2	5
1	336
1	291
36	58
3	205
11	101
0	0
0	0
0	131
0	240
0	12
0	20
0	54
0	0
0	41
0	1
0	114
2	75
0	209
0	14
1	8
14	116
0	34
3	99
0	161
0	84
0	92
0	104
0	90
0	99
1	6
0	66
0	50
0	11
0	27
0	19
0	0
0	13
0	13
0	10
0	11
0	12
0	15
0	12
0	11
0	11
0	11
0	49
0	11
0	11
0	17
0	22
0	10
0	10
0	10
0	9
0	15
0	19
0	12
0	21
0	8
0	13
0	24
0	21
0	10
0	6
0	22
0	12
0	8
0	9
0	9
0	12
0	6
0	11
0	6
0	10
0	10
0	14
0	5
0	11
0	13
0	5
0	2
1	15
0	2
0	0
0	137
0	160
32	295
343	1215
9	868
71	368
0	56
0	39
0	48
4	47
0	209
0	133
2	114
2	27
0	160
0	93
0	62
0	32
0	3
0	3
0	1
0	3
0	3
9	51
6	81
10	317
3	311
0	43
1	22
8	23
2	5
0	129
0	0
0	0
0	0
0	0
0	0
0	0
0	0
0	0
0	0
0	0
17	182
0	180
0	178
5	90
0	110
0	111
0	110
0	109
0	88
0	72
0	74
0	148
3	117
6	136
0	148
0	148
0	129
0	120
2	79
0	16
0	8
0	9
0	0
1	0
0	0
0	0
0	0
0	0
0	0
35	0
56	629
2	517
1	99
0	212
0	42
0	39
3	32
0	25
0	1
0	157
0	15
81	157
0	50
1	11
1	0
0	0
0	0
0	0
0	0
0	0
0	0
0	0
0	0
0	0
0	0
0	0
0	0
0	0
0	0
0	0
0	0
0	0
0	0
0	0
0	0
0	0
0	0
0	0
0	0
0	0
0	0
0	2
0	2
0	1
0	1
0	267
0	101
0	82
0	53
0	224
4	8
0	98
0	32
74	289
5	43
0	59
21	269
0	62
12	71
1	28
0	58
20	38
0	0
0	0
0	0
0	0
2	63
0	0
0	0
0	0
0	0
0	0
0	0
0	2
25	61
0	5
3	53
0	4
0	2
0	12
0	14
0	9
0	9
3	9
0	8
0	0
0	0
0	0
0	0
0	0
0	0
0	0
0	475
0	471
0	593
0	608
0	607
0	593
0	593
0	593
0	607
0	593
0	544
0	593
0	592
0	456
42	479
0	524
0	544
0	578
0	592
0	593
0	591
0	572
0	559
0	375
0	356
0	439
0	537
7	442
0	314
0	381
0	422
0	476
0	487
0	495
0	322
0	309
0	297
0	296
0	232
0	49
0	231
0	51
0	70
0	86
0	127
0	19
0	204
0	74
1	133
0	17
2	80
0	14
4	4
0	0
0	1
0	1
0	2
0	0
0	0
0	0
0	0
0	0
0	0
0	0
0	0
0	0
0	0
0	0
0	0
0	0
0	0
0	0
0	0
0	0
0	0
0	0
0	0
0	0
0	0
0	0
0	0
0	0
0	0
0	0
0	0
0	0
0	0
0	0
0	0
0	0
10	9
0	9
0	5
1	6
4	3
0	1
4	0
0	1
0	0
0	1
0	167
37	1763
3	125
0	96
0	1701
0	359
3	156
12	58
0	226
1	169
0	161
0	469
0	469
0	486
1	487
12	486
0	282
2	67
1	59
0	95
1	0
0	0
0	0
0	0
0	0
0	0
0	0
0	0
0	0
0	0
0	0
0	0
0	0
0	0
0	0
0	973
1	973
2	137
14	405
7	95
3	929
2	10
0	983
0	64
0	973
1	1
0	973
1	694
7	86
0	87
3	58
63	339
0	313
0	23
1	35
2	10
8	22
3	9
1	3
2	20
0	66
0	31
1	35
0	3
1	12
1	141
2	229
0	2
5	0
2	744
1	569
0	741
0	720
0	520
17	482
1	359
0	0
0	0
0	468
9	1
11	34
2	268
21	705
0	440
0	495
0	403
0	214
0	177
0	162
4	80
1	108
1	56
25	1889
0	460
0	1833
0	345
44	443
0	339
7	407
1	306
0	287
0	100
1	207
0	195
0	195
14	41
14	54
0	189
1710	496
8	279
0	392
0	0
1	0
0	0
0	0
0	477
0	466
2	462
0	178
0	451
2	88
3	468
0	460
0	1207
796	203
0	0
0	38
0	213
0	187
0	215
0	189
0	465
0	476
0	476
0	197
0	416
0	461
0	1203
0	90
0	2
0	2
0	20
0	13
0	23
5	41
0	36
0	0
0	41
0	27
0	2
0	0
0	0
293	150
0	143
3	149
1	49
0	14
0	5
0	5
0	1
0	0
0	0
0	0
1	0
0	1
0	0
0	1
0	3
3	7
0	7
0	1
0	2
1	6
0	1
0	1
0	8
0	0
0	0
0	4122
0	4335
0	4374
0	3130
4	602
2	965
0	748
3	892
99	458
0	0
0	0
0	0
0	710
0	631
0	657
0	688
1	302
0	634
1	684
0	664
0	684
0	765
0	673
0	582
0	689
0	674
0	660
0	554
0	562
0	710
0	508
0	507
0	496
0	444
0	519
0	643
0	610
0	566
0	605
0	602
0	561
0	532
0	473
0	576
0	544
0	576
0	564
0	507
0	511
0	460
0	375
0	213
0	14
0	52
0	211
0	37
0	183
0	109
0	127
0	146
0	147
0	108
2	96
0	212
0	136
0	175
0	116
0	112
0	150
0	177
0	153
0	150
0	140
0	138
0	66
0	62
0	39
0	11
0	6
3	1
0	0
8	294
53	355
0	198
0	19
20	310
0	52
0	153
11	49
1	0
13	400
7	414
0	372
2	349
0	386
7	266
15	258
0	119
0	0
0	0
0	208
0	200
0	208
0	200
0	202
0	178
0	72
0	74
0	0
0	0
0	0
0	0
0	28
0	33
0	28
0	24
0	3
0	2
0	4
0	3
0	19
0	17
0	26
0	26
0	20
0	0
0	0
0	3
0	0
0	0
0	0
0	0
0	0
0	1
0	1
3	4
0	0
2	4
0	0
0	0
0	0
0	0
2	0
0	2112
0	2462
0	1804
0	1907
2	195
0	2371
12	416
0	385
8	275
0	326
0	2164
0	0
1	358
0	43
13	18
1	150
16	30
0	274
0	110
0	368
0	92
0	368
0	34
0	57
0	1
0	1
0	0
0	1
0	1
0	1
0	0
3	1189
58	1553
0	905
0	1179
0	17
0	897
0	1114
7	0
0	1477
0	1355
0	96
0	1321
1	1243
1	1407
6	1047
0	499
1	890
0	1311
54	1402
0	87
0	1367
0	1363
0	143
0	1471
3	1344
0	1261
1	256
0	91
0	1398
0	78
15	114
0	1
0	0
136	31
13	25
6	6
0	154
0	1
0	1
0	17
0	159
0	5
0	120
0	57
0	158
2	155
0	156
0	154
0	23
0	6
0	1
0	9
0	154
135	28
1	28
1	1558
44	1542
0	644
0	877
0	1485
10	197
0	1568
0	298
1	106
0	118
0	115
1	114
0	119
10	79
0	78
1	2
0	10
0	7
0	12
0	11
0	10
0	8
0	5
0	0
0	115
0	0
56	6
0	2706
71	2832
7	2554
12	57
0	256
0	495
1	76
1	268
0	115
0	55
0	7
8	15
0	5
0	0
0	0
0	0
0	0
0	0
196	1408
12	564
10	844
40	76
2	1
0	21
3	31
1	0
2	25
0	3
0	3
127	7429
0	4840
0	6353
0	6914
9	927
2	2755
11	1393
1	2209
0	834
31	826
0	468
0	903
27	1165
2	942
1	1085
0	567
0	612
64	278
1	923
0	1463
0	1280
0	1328
0	1465
0	1408
0	1412
0	1446
0	1346
5	1391
1	1430
1	1372
0	1268
0	1507
0	1402
0	1380
0	1398
0	1369
0	1213
0	1405
0	1406
0	1437
0	1364
0	1268
0	1458
1	1273
1	1447
2	136
0	1395
0	1456
0	1104
2	82
1	75
0	426
0	0
0	0
0	0
0	0
0	0
0	0
0	0
4	991
2	71
0	36
1	70
1	2
0	39
0	40
0	64
0	79
0	989
0	2
0	51
0	72
3	280
0	67
0	1762
0	1593
1	324
2	1634
2	725
0	951
1	167
11	879
2	374
0	1613
0	1674
2	3242
20	3333
0	1314
48	1256
25	2700
1	1011
3	865
5	229
6	58
1	292
6	18
0	996
3	485
0	112
34	3
0	176
16	82
0	40
1	16
3	13
7	5
0	3
0	176
1612	0
947	290
4	102
0	188
0	155
0	123
0	0
0	3
5	8
0	1
0	3
0	1
0	7
0	2
0	2
0	2
0	2
0	2
0	2
1	1
1	0
1	67
0	67
0	21
0	22
0	20
0	20
0	18
64	68
3	67
0	29
2	79
226	80
1	50
0	26
0	31
0	31
201	143
0	143
0	64
1	54
0	15
1	3
0	0
192	199
0	7
10	126
0	150
0	0
2	0
0	0
0	19
1	238
0	74
0	43
0	336
0	13
0	90
1	192
5	72
0	339
0	33
0	325
0	30
0	312
0	70
1	178
0	142
1	115
4	119
1	4
2	79
0	102
11	148
4	762
2	228
69	870
0	873
0	244
0	900
0	958
2	968
0	959
0	969
0	909
0	952
0	969
0	772
35	959
0	944
0	959
0	929
1	999
0	348
0	243
0	875
0	60
18	709
0	3
0	1
0	3
0	0
0	3
0	0
0	0
8	2012
1	1987
2	1947
1	1935
4	1154
0	1800
9	1676
0	1428
0	209
4	1002
0	66
1	188
3	593
4	505
10	376
0	130
1	36
0	109
0	0
0	0
4	3
0	7
0	7
0	134
13	140
0	128
0	135
0	97
0	11
0	8
341	7375
1	1622
28	2227
0	6655
13	199
6	25
87	59
13	1015
0	1105
39	737
1	412
0	525
1	516
0	508
0	516
0	54
1	7
0	25
0	51
0	2
0	66
0	37
0	5
0	17
0	22
0	15
3	57
0	38
0	66
0	15
0	66
0	66
0	43
0	59
0	817
1	172
0	105
4	808
0	160
2	84
8	41
6	13
8	31
0	183
0	117
2	42
1	29
0	29
0	50
0	805
0	1029
0	917
2	809
2	739
0	623
0	381
0	375
10	249
25	0
0	0
0	0
0	0
0	0
0	456
0	65
14	30
0	27
0	62
0	438
0	417
2	33
7	141
0	32
4	59
0	93
5	38
5	45
0	216
21	180
0	195
4	43
4	339
5	230
355	230
3	0
1	117
0	123
3	84
1	83
7	29
3	17
46	182
1	182
0	1
0	1
0	1
0	1
0	1
0	0
0	0
0	0
0	0
0	0
0	0
0	0
0	0
0	0
17	0
0	0
0	0
2	174
0	174
0	94
0	0
0	0
0	169
0	1579
0	1640
0	1674
0	1652
0	923
21	1487
6	1372
0	238
1	244
2	163
199	244
2	21
0	20
0	1220
0	1228
0	1226
0	1150
0	1236
0	1250
0	1155
33	792
0	969
0	1020
0	1237
0	1231
0	1190
0	1227
0	1254
1	1222
0	1222
0	1220
2	1201
0	1227
0	1213
0	1162
2	1175
0	270
1	472
8	540
0	1166
0	1179
0	1102
0	1093
0	1184
0	1214
0	1219
0	1085
0	1162
0	1153
0	1259
0	1157
0	1214
0	521
1	614
0	1059
0	1056
0	1245
0	1194
0	1217
0	554
0	556
0	1129
0	1122
1	1200
0	1118
0	1249
0	1161
0	936
0	1015
0	947
0	108
16	365
0	223
0	163
0	25
0	64
0	1040
0	361
0	637
0	144
0	312
1	140
0	365
0	362
0	365
28	305
0	360
16	371
0	400
26	443
0	448
0	149
0	306
1	630
0	439
5	81
0	367
1	80
4	273
1	405
0	423
0	70
0	56
0	156
0	207
2	336
1	309
0	305
0	264
0	180
0	0
0	0
0	0
0	0
0	0
0	0
0	0
0	0
0	0
0	0
0	0
0	0
0	0
0	0
0	0
0	0
0	0
5	919
8	447
0	919
0	480
0	519
0	519
0	499
0	506
0	453
0	483
0	520
0	466
0	403
0	448
0	482
0	436
0	519
0	474
0	526
0	476
0	443
0	508
0	512
0	338
0	476
0	441
0	477
0	297
0	410
0	478
0	378
0	421
0	408
0	493
0	294
0	418
0	514
0	138
0	515
0	491
0	371
0	464
0	421
0	447
0	428
0	452
0	585
0	291
0	306
0	232
0	8
0	11
0	71
0	56
0	99
0	38
0	605
0	1364
0	1364
73	1670
2	1618
0	1447
0	1618
0	1386
0	1611
0	1610
0	1481
0	1331
0	296
44	826
8	617
0	746
0	1529
1	851
1	1156
0	1192
1	1216
1	1259
0	131
0	697
0	760
1	344
0	696
0	290
17	36
6	628
1	406
0	257
0	292
5	332
0	40
2	148
18	93
3	22
24	1396
6	1384
0	363
4	47
0	103
0	103
1	20
1	36
0	87
435	208
0	208
1	14
0	24
0	0
14	36
0	28
0	0
0	0
0	8
4	16
0	5
0	3
0	4
0	2
0	5
0	17
0	37
0	25
0	9
0	3
0	7
0	5
0	2
17	163
0	46
20	163
0	2563
0	2507
0	2714
7	2644
0	2779
0	2535
0	2573
0	2544
0	2798
0	2735
0	2637
0	1905
0	656
0	2539
0	2291
0	2877
0	2765
0	2680
0	2755
0	2787
0	2735
7	2736
0	2732
35	2738
7	2763
0	2718
0	2777
0	2792
0	377
1	1078
0	417
24	777
0	679
844	2765
53	137
1	644
1	546
2	412
0	448
0	608
8	28
39	2328
0	0
0	0
733	31
0	31
236	1347
1	413
0	934
0	0
0	0
0	1
0	0
0	0
2	1
0	0
0	0
0	1
2	9
1	7
0	8
7	8
5	3
7	3
0	3
0	1214
1	410
23	1214
13	38
0	171
16	392
13	3
0	50
0	35
0	300
58	296
0	260
3	141
0	67
0	87
0	86
0	50
0	30
1	63
0	20
0	23
26	25
0	30
9	8
0	128
8	1531
0	1704
0	240
0	124
0	280
0	1686
0	62
0	176
0	209
0	212
1	18
0	502
4	251
1	93
61	508
0	486
13	463
0	374
9	383
0	276
0	199
51	235
2	120
7	90
11	21
1	21
759	503
4	38
2	444
0	26
168	2151
0	721
0	182
0	50
1	27
0	17
0	18
0	48
2	208
0	27
2	229
0	12
2	38
0	524
2	379
0	435
0	482
9	464
1	473
0	494
0	479
1	499
0	400
1	449
0	482
0	430
0	450
0	478
0	139
0	219
0	231
0	211
3	65
0	17
0	0
0	0
0	99
0	2136
0	1953
0	2791
0	1965
0	1923
0	2131
1	214
0	94
3	553
0	1663
0	109
6	29
9	137
8	84
0	2936
0	2583
0	2759
0	2870
0	1667
0	2848
0	645
0	681
14	485
0	605
0	441
0	97
1	113
0	67
1	111
0	67
0	66
6	16
0	0
541	78
0	29
4	49
7	446
15	289
4	231
1	308
0	110
0	286
1	205
8	178
30	33
0	91
3	26
0	77
1	70
2	78
0	78
1	58
0	66
19	36
0	24
1	25
1	19
0	11
0	11
0	7
0	10
0	5
2	3
1	5
159	3
10	66
0	88
67	140
0	68
8	0
8	94
0	0
0	0
0	0
2102	282
108	245
0	151
0	114
6	0
0	0
0	0
0	0
2	264
661	409
2	100
0	302
0	70
0	4
0	4
0	2
0	4
0	3
0	2
0	3
0	3
0	2
156	42
0	42
0	6
0	39
0	132
0	28
0	27
0	10
0	74
0	130
0	132
0	121
0	0
0	2
0	0
0	1
0	0
0	1
0	1
0	2
0	1
0	0
0	0
0	7
0	7
0	3
0	2
0	2
44	802
0	76
1	174
0	81
0	84
0	808
1	145
0	35
4	123
1	56
0	484
0	514
0	523
0	523
11	250
0	68
0	22
0	7
0	7
0	9
0	10
10	67
0	1
0	5
2	13
0	8
0	6
0	0
0	0
0	0
0	0
0	0
0	0
3	3
0	260
0	205
0	248
1	190
0	24
1	6
0	6
0	6
4	0
3	8
0	4
0	248
0	0
0	0
6	1192
3	1192
3	1176
0	1176
0	1176
0	1176
0	0
0	0
0	0
893	186
0	18
9	43
9	121
884	441
4	436
0	70
0	341
0	107
0	246
0	47
0	241
0	101
0	0
0	0
0	0
0	77
0	0
0	73
0	0
3	178
0	265
0	166
0	243
0	139
0	139
0	14
0	4
0	23
2	2201
0	2490
0	1905
6	1304
9	1675
0	1664
6	1179
1	1743
1	882
0	1671
0	550
3	366
4	172
1173	132
10	800
0	129
23	703
15	626
5	689
0	712
0	523
1	405
0	280
2	227
0	0
0	0
0	0
0	0
0	0
0	0
0	0
0	0
0	0
0	0
0	0
0	0
0	0
0	0
0	0
0	0
0	0
0	0
0	0
0	0
0	0
0	0
0	0
0	0
0	133
0	110
1	10
0	104
0	6
0	30
1	60
2	31
3	54
0	2
0	504
11	45
0	1546
0	1072
0	1
0	40
0	35
0	23
0	347
0	548
0	73
0	41
0	11
0	8
0	50
0	58
1	30
5	159
0	19
0	23
2	5
1	40
0	1133
88	359
0	66
8	117
0	182
1	35
0	357
6	47
9	4
26	157
6	1075
9	1075
3	33
2	51
0	13
2	8
350	0
0	0
0	0
0	0
0	0
0	0
0	0
0	527
21	22
0	517
0	516
0	4
0	503
1	457
0	532
0	68
1	67
3	65
1	237
14	303
0	75
0	83
0	120
0	37
0	5
6	2
1	81
0	2
0	0
0	2
27	1246
2	1221
0	789
0	798
1	189
0	176
12	189
0	144
7	25
0	0
1	4715
2	4766
0	1088
0	4217
1	1415
8	327
0	1365
7	791
7	986
6	1223
26	713
3	0
0	0
822	206
7	206
62	0
0	0
0	0
0	0
0	0
0	0
478	53
7	45
11	399
0	352
0	444
0	87
0	131
5	157
0	452
0	34
0	444
0	36
9	131
0	451
10	32
12	61
0	38
5	96
1	96
3	8
6	79
0	295
0	299
0	302
0	15
1	1
0	111
0	74
0	104
0	280
0	273
0	119
0	4
0	3
0	0
0	1
0	26
0	44
0	107
0	290
12	1431
51	1432
9	513
1	448
0	127
22	398
70	397
72	172
24	122
2	170
0	295
0	149
65	31
1	21
3	15
0	144
0	4
1	31
0	101
0	27
0	7
0	17
7	145
0	16
1	62
4	3
0	27
0	46
0	1
0	0
0	14
0	0
0	15
0	0
0	14
3	98
0	98
0	3
0	4
0	3
0	11
1	10
0	10
0	11
0	11
2	10
1	10
0	0
0	33
0	0
0	0
0	0
4	0
0	0
0	0
0	0
0	0
0	6
0	11
5	24
0	22
1	22
0	9
0	454
56	232
0	487
3	46
6	459
0	398
29	211
0	0
0	4
2	4
0	4
0	0
0	0
1	0
0	0
0	0
0	0
0	4
297	143
3	161
0	159
0	88
0	50
1	165
0	699
147	1071
13	50
2	1041
0	712
0	66
0	107
0	34
11	85
1	56
3	147
0	105
4	608
0	4
0	0
37	4
0	0
0	35
0	38
1	22
0	27
0	7
2	13
1	10
1	221
111	432
0	61
0	224
0	316
2	419
3	191
24	219
2	58
1	41
4	0
0	232
0	254
10	187
1	68
10	66
0	43
0	10
0	231
0	252
0	184
0	159
0	38
0	2123
2	1201
0	1348
11	1157
0	1286
0	1210
0	675
0	55
0	7
0	23
1	2
0	43
3	33
1	27
0	0
0	7
2	278
0	295
0	114
1	14
1	8
0	5
0	19
0	20
13	301
3	852
85	858
0	434
0	465
0	552
0	412
0	390
0	456
0	305
0	386
1	387
1	253
14	356
4	357
18	364
3	190
0	137
20	5
0	4
0	1
0	0
0	1
0	37
0	0
0	0
0	10
0	11
0	11
0	4
0	0
0	1
0	2
0	3
0	0
0	1
0	0
0	3
214	442
2	442
0	255
8	2
110	14
0	12
0	853
0	729
0	271
8	419
0	238
0	322
0	176
4	158
1	45
0	0
1	445
0	423
0	327
0	138
2	351
0	148
0	119
0	108
0	134
8	134
0	353
0	331
0	132
0	72
0	51
36	149
50	150
0	17
0	7
0	4
0	4
0	3
0	1
0	3
0	0
0	0
0	0
2	1
0	0
0	0
0	0
0	0
0	0
972	774
0	54
2	69
14	620
12	679
45	81
17	169
1	9
0	1
0	160
0	34
0	764
0	712
0	38
2	289
0	407
0	75
1	291
0	141
0	43
0	80
0	1131
0	1000
0	692
0	880
0	824
3	1060
0	1040
0	1001
7	1134
0	1092
0	1110
0	1114
0	1110
26	1132
0	1155
0	1088
0	1066
0	1086
0	1158
0	621
1	1098
0	984
0	751
0	1068
0	1130
0	1091
11	402
44	504
0	978
0	783
0	1098
0	944
0	1036
0	1092
0	1063
0	1053
0	1066
0	1090
0	1057
0	894
0	1122
0	1071
0	1156
0	941
0	1127
0	1181
0	1153
0	87
0	85
0	1113
0	920
0	1063
0	1115
0	1046
0	1120
0	1094
0	946
0	826
0	22
0	220
1	247
0	292
0	116
0	134
0	404
24	221
0	224
3	214
11	161
0	113
0	9
0	99
0	31
0	3324
0	10220
4	11389
73	9956
7	11140
0	4179
0	11160
0	11506
10	1355
37	10477
3	10717
0	2848
0	2974
0	5416
0	4117
36	985
4	6174
0	2937
3	349
0	78
0	371
1	167
1	358
0	67
0	0
0	142
0	272
0	352
0	353
0	371
0	370
0	376
0	101
0	142
0	130
0	82
0	0
0	217
5	134
0	63
47	22
0	19
18	14
3	12
94	12
0	7
20	6
0	134
0	72
0	70
0	69
0	621
0	627
1	86
0	293
478	613
0	63
0	63
0	427
1	103
12	163
0	0
0	0
0	0
0	0
0	0
0	0
0	0
0	0
0	0
0	0
0	0
0	0
0	0
0	0
0	0
0	0
0	0
20	300
0	386
0	302
0	354
18	384
20	125
1	647
10	163
14	530
13	225
0	386
12	355
0	432
4	86
0	145
0	0
9	0
0	0
0	0
0	0
0	36
11	19
0	5
0	10
0	18
0	34
1	22
0	1025
0	1041
0	20
1	28
0	1049
0	505
1	605
0	1041
2	479
0	73
0	22
0	71
0	502
0	44
0	492
0	27
20	11
0	11
0	20
1	70
0	551
499	631
3	408
0	66
1	57
26	210
0	41
2	144
0	119
1	51
0	0
0	0
0	0
28	13
0	12
0	12
47	2407
0	2460
0	1396
0	1224
76	1394
1	36
0	376
1	337
0	261
0	264
0	194
0	107
0	102
0	66
0	58
0	60
0	29
0	23
1	13
0	28
1	3
0	31
0	29
0	0
0	0
3	31
0	1093
1	1029
10	212
0	962
0	1031
0	948
1	1039
4	1128
0	843
0	121
5	58
0	552
3	127
6	195
0	111
0	113
0	183
0	232
0	221
3	160
1	859
0	817
9	785
0	830
0	98
37	787
0	236
3	1
2	1
0	0
0	0
0	0
0	0
1	4
0	4
0	0
0	0
0	0
0	0
0	0
0	0
0	0
0	0
65	4
0	3
0	2
18	6
0	6
0	1
0	1
0	0
1	1
0	0
0	232
5	246
0	14
0	4
0	5
7	17
0	11
1	17
0	9
1	11
0	0
0	0
0	0
0	0
0	0
0	0
0	0
0	0
0	3
0	60
0	998
0	23
0	1011
0	988
8	51
1	20
0	14
0	13
0	13
0	30
1	18
0	70
2	16
0	19
4	4
0	38
0	29
1	985
0	30
0	2
0	991
0	39
0	815
0	827
0	35
0	31
2	817
16	1055
429	1103
0	207
0	427
0	29
0	31
0	57
0	16
0	26
1	38
0	2
1	14
0	5
0	18
0	13
0	18
2	13
1	4
0	2
2	3
4	3
0	38
0	404
0	0
0	0
0	0
0	0
0	0
0	0
0	0
0	0
0	0
0	0
0	0
0	0
0	0
0	0
0	0
0	1
0	0
0	1
0	11
15	11
0	3
0	705
29	714
0	710
1	714
0	256
0	256
14	172
19	168
0	74
0	144
0	549
0	16
0	103
1	45
260	111
0	13
2	79
0	9
0	14
0	19
0	19
0	74
560	527
0	45
2	96
2	84
3	85
2	249
0	70
0	88
1	20
0	45
0	83
1	17
0	5
0	12
1	6
0	492
0	1377
0	1385
13	369
0	12
0	6
2	5
1	1383
0	628
1	4
0	4
0	1
0	1
0	0
1	0
0	0
0	0
0	0
0	0
0	0
3	40
4	47
5	1176
0	18
0	1175
0	351
0	326
0	351
0	351
0	350
0	0
0	351
0	351
0	351
0	371
0	277
0	365
0	403
0	372
0	362
0	320
0	377
0	385
1	64
0	276
0	291
0	342
0	353
0	335
0	379
0	376
0	336
0	382
0	64
0	9
0	16
1	45
0	329
0	376
0	65
0	70
2	367
0	23
0	372
0	43
0	365
0	357
0	355
0	63
0	44
0	353
0	296
0	47
0	244
0	0
216	0
0	387
1	82
0	369
1	368
11	34
16	109
0	48
0	40
0	0
2	0
0	0
0	0
0	0
1	0
0	51
4	44
0	112
0	151
0	358
0	91
0	436
0	90
0	412
1	158
0	426
4	46
0	17
0	92
0	0
0	3
1	3
0	3
0	3
0	3
0	1
6	407
0	22
0	29
0	332
0	389
0	358
0	95
0	325
4	270
0	389
1038	363
1	363
10	10579
151	10577
0	201
0	308
1	81
0	443
14	245
1	348
0	0
74	513
9	513
4	23
19	102
0	0
0	0
0	0
0	0
0	0
0	0
0	0
0	0
0	0
0	0
0	0
0	0
0	0
47	4786
242	4607
61	3835
4	2354
10	1638
90	1896
177	3574
0	3717
0	2064
0	964
5	772
0	588
0	606
0	202
6	321
0	160
0	530
2	467
3	140
0	249
0	496
0	499
0	433
0	135
13	38
0	161
0	112
0	96
0	403
0	569
0	495
1	101
2	52
1	116
0	282
15	849
36	896
7	752
0	0
0	0
0	0
0	0
0	0
12	0
0	2
0	2
0	2
0	0
0	1
0	2
0	2
0	2
0	2
0	2
0	1
390	177
0	51
2	17
0	199
5	192
6	175
0	197
1	187
0	193
0	189
0	67
0	48
0	45
0	40
2	13
25	80
0	41
0	10
0	10
0	44
0	9
0	41
0	43
0	18
2	43
0	71
0	36
0	39
0	31
0	0
0	0
0	0
0	0
0	0
0	53
0	296
0	37
0	296
0	289
32	300
2	33
4	149
1	40
0	13
0	62
0	77
0	83
0	3
0	13
0	47
0	47
0	46
0	55
1	4
1	6
0	5
0	5
0	81
0	79
132	774
34	774
0	1124
0	1180
4	209
35	1125
2	113
1	0
19	89
40	130
3	333
32	308
18	132
1	222
0	42
0	207
0	8
0	102
0	134
0	90
0	33
0	4
0	1
1	1494
0	112
0	1516
1	315
38	1319
26	1350
0	205
0	948
8	2768
0	2768
1	502
1	220
23	337
0	272
2	60
0	246
8	320
5	272
2	9
1	92
0	0
0	24
0	25
0	150
1	548
655	969
0	0
3	323
1	895
0	3
4	321
0	0
4	388
0	378
4	113
3	2
0	594
0	598
4	147
2	357
0	19
12	476
3	199
0	453
0	13
0	60
0	17
0	20
1	0
0	11
0	11
0	1
1	319
0	349
3	71
3	314
0	227
0	82
0	96
0	65
0	70
73	10
0	10
0	658
2	574
3	11
315	654
9	50
0	17
0	369
0	640
0	45
0	373
25	406
0	66
0	407
0	56
0	249
1	108
0	270
0	153
4	152
24	58
2	147
0	297
7	50
23	87
20	16
0	2
0	15
0	1
0	0
0	0
0	0
0	324
0	112
0	153
6	209
0	59
0	131
0	131
0	98
4	83
6	60
1	893
1	744
0	894
0	867
0	114
0	3
1	224
0	215
11	150
0	154
0	99
2	0
0	1
2	518
0	39
0	28
0	10
1	10
0	0
28	4
587	132
0	128
8	1524
79	632
6	1066
2	482
0	271
0	288
0	424
2	209
22	218
0	520
1	1424
327	3
1	3
95	100
1	46
1	76
1	43
2	42
1	21
0	709
4	1321
0	1349
0	2746
20	2719
0	2744
0	1354
0	2658
1	191
95	550
0	99
1	0
0	996
0	828
3	450
0	461
0	447
0	238
1	202
0	173
0	156
0	156
1	145
0	48
0	104
3	70
0	67
0	61
0	54
0	59
0	47
0	49
1	39
1	6
192	35
8	2
0	25
2	1
2	30
1	14
2	8
20	17
0	5
0	16
2	11
15	0
5	15
0	463
0	124
0	822
0	863
0	867
2	867
0	483
2	483
6	858
0	858
0	871
0	67
0	91
0	882
0	848
12	0
0	121
0	454
5	66
0	732
2	27
0	82
4	388
5	41
0	31
0	33
0	20
0	111
0	140
0	27
0	41
0	54
0	21
0	123
0	33
1	32
0	124
1	137
0	34
0	32
0	130
0	75
0	131
0	30
0	41
0	128
0	128
0	37
1	23
0	113
0	79
2	2
1	29
3	26
15	8
0	120
0	135
0	30
0	62
0	70
0	40
0	36
0	34
0	35
0	39
9	104
0	36
0	18
0	73
0	13
0	30
4	102
4	99
0	35
11	73
1	13
0	38
0	0
0	1
3	0
0	1
0	1
4	26
0	26
0	4
26	20
0	26
2	3
0	1
0	0
17	183
0	30
2	169
0	14
0	169
1	12
1	9
2	12
1	156
0	27
6	17
1	61
0	35
0	52
1	12
0	12
1	28
0	490
0	1838
56	1851
8	103
4	236
1	109
10	85
0	78
0	39
1	0
0	0
0	0
0	0
1	0
0	486
0	153
10	648
6	541
2	649
1	199
13	536
1	299
10	230
0	190
0	188
14	106
157	493
0	20
1	4
0	51
5	487
0	65
0	10
0	242
0	18
0	5
0	48
9	1
9	11
0	1
0	10
0	9
0	2
2	8
43	15
7	2
0	8
40	654
1	539
1	414
0	187
0	283
14	547
49	788
0	719
0	937
0	443
0	441
3	21
11	427
87	649
2	1418
193	1692
55	1711
3	172
263	907
9	1142
1	449
1006	0
1	5
0	3
0	0
0	1
0	1
0	1
0	3
1	0
0	0
0	118
0	218
1	201
1	139
11	83
0	110
0	13
50	1219
1	898
15	0
5	190
4	367
1	47
0	385
0	197
1	1219
0	109
5	496
0	499
0	504
0	48
1	19
7	32
2	20
0	36
0	26
0	24
1	13
0	41
0	125
0	14
15	42
0	5
0	43
0	571
2	577
0	24
14	570
0	757
0	388
4	587
18	552
1	570
0	570
0	569
5	570
13	0
12	568
31	563
0	384
3	348
0	339
0	381
0	129
0	52
109	1466
0	38
8	873
9	1439
2	1390
0	160
0	223
14	210
0	284
1	234
0	193
0	711
0	1025
0	1158
0	473
1	1058
7	377
0	7
0	697
0	1013
0	40
0	199
0	690
14	60
320	93
7	27
0	4
0	11
2	1445
0	1435
1	479
0	410
9	461
0	416
3	427
0	426
1	24
0	395
0	148
0	208
0	240
0	416
2	42
3	149
1	24
0	30
2	97
0	89
0	127
341	440
2	407
0	378
0	353
1	133
0	67
0	61
6	41
0	23
5	28
28	55
0	26
7	6250
28	6688
1	6470
58	6467
5	6463
28	3067
1	1647
0	886
77	104
6	429
2	200
3	188
0	187
0	180
0	148
0	125
0	77
0	1101
0	1
0	1234
334	1301
0	1103
0	1155
1	55
19	0
304	147
0	149
0	148
0	135
0	2
474	269
0	268
2	31
6	56
0	0
0	0
0	0
0	0
0	0
0	0
0	0
0	0
0	0
0	0
0	0
0	694
9	566
53	572
7	63
0	0
0	79
0	79
2	83
0	81
4	81
0	81
0	81
0	76
0	76
0	1
0	1
0	1
0	3
0	1
0	0
0	0
0	0
0	0
0	0
0	0
0	0
0	0
0	0
0	0
0	0
0	0
0	0
0	0
0	0
0	0
32	401
5	396
0	71
0	81
0	85
0	44
3	29
0	19
0	12
0	1
0	114
0	117
1	116
0	114
5	7
3	7
0	59
0	267
0	417
44	59
0	392
2	141
1	21
2	90
0	91
0	41
1	58
0	116
0	4
2	10
2	10
0	9
9	3
0	0
575	299
68	312
21	72
0	0
0	0
0	1
0	0
0	0
0	0
0	0
0	0
0	0
0	1
0	0
0	1
0	1
0	0
0	1
0	1
1	0
0	0
0	0
0	22
0	0
0	0
0	3
0	1
0	36
0	36
0	2
0	38
1	72
1	15
0	36
3	11
81	58
0	32
4	8
0	8
3	129
0	126
0	139
0	310
0	266
0	274
2	241
0	183
0	165
0	165
14	129
0	118
1	124
0	115
1	66
0	65
0	57
0	296
0	712
0	886
0	944
0	813
6	874
11	476
12	290
0	650
54	317
2	268
0	58
6	46
6	235
0	235
0	64
0	212
0	115
0	11
0	90
0	59
0	54
0	54
0	31
1	30
0	28
0	0
0	0
0	2
2042	7
0	7
0	0
0	0
0	1312
0	1317
0	41
4	673
15	505
0	70
7	0
1	5
0	0
0	0
0	0
0	0
0	0
0	0
0	1
0	1
0	0
256	518
0	528
0	517
0	488
0	501
0	443
58	378
0	171
0	234
0	223
0	192
0	123
0	124
0	119
0	85
1	120
0	66
0	59
0	63
0	79
0	27
0	0
0	0
0	0
0	0
0	0
0	74
0	173
0	273
0	119
1	241
3	119
0	86
0	72
0	0
0	0
0	0
0	0
0	1
0	1
5	278
0	15
1	35
0	100
0	93
0	32
0	29
0	64
0	100
0	11
0	78
0	25
4	32
3	57
0	282
0	21
0	102
0	22
0	18
0	96
0	97
2	1
0	21
0	29
0	96
40	82
0	21
0	20
0	20
0	12
0	0
0	0
0	0
0	0
0	0
0	0
0	0
0	0
0	1
0	1
141	6
7	6
44	0
0	93
0	97
0	96
0	0
56	12486
787	13083
0	3984
1	3077
0	499
1171	53
65	15
0	4
0	11
0	5
57	772
0	772
11	322
1	760
0	323
0	762
0	716
0	220
0	220
0	1255
0	1398
0	1401
0	1422
0	1351
0	1374
0	1162
0	111
0	12
0	1389
0	1289
2	0
0	0
0	0
0	0
0	0
0	0
0	1
0	1
0	1
0	1
0	0
0	0
0	359
0	341
0	149
43	362
0	308
0	284
0	224
0	303
0	289
0	249
0	247
0	280
0	231
0	230
0	157
0	183
0	54
0	58
129	83
0	8
0	0
0	83
640	703
1	703
0	90
0	1
0	0
0	1
0	1
0	0
0	1
0	1
0	0
0	1
0	1
0	1
6	2421
2	19
0	19
7	94
6	248
0	2412
0	2406
427	293
1	34
24	293
21	231
0	231
0	397
0	230
3	96
0	74
9	52
0	20
0	299
85	51
1	34
0	36
0	18
0	8
0	5
0	10
0	26
2	15
0	16
2	0
0	0
0	0
0	0
0	349
0	587
0	492
0	470
3	984
0	491
0	497
0	567
0	470
0	524
0	565
0	449
0	449
0	587
1	517
0	470
0	42
0	115
0	3
2	1
0	1
275	430
1	414
4	222
0	135
3	90
2	105
0	99
0	515
13	430
1	355
0	316
2	200
0	252
1	90
124	118
139	141
0	73
2	54
1	0
5	21
4	68
1	66
8	74
1	27
1	18
0	2
0	4
0	8
0	7
1	9
0	13
0	15
0	1025
0	13
1	271
0	3
0	1033
2	566
0	38
0	661
1	40
0	7
0	42
0	54
0	543
252	529
2	10
0	530
1	3170
2	3097
0	3591
4	1612
0	3591
144	3591
0	3161
84	3042
53	2716
4	790
0	1
0	3
0	0
1	3
0	0
0	0
0	0
0	1
0	0
0	3
0	0
0	0
0	0
0	0
0	3
0	0
0	0
0	2
0	0
0	0
82	139
0	92
0	84
0	49
0	86
0	58
0	6
0	6
0	6
2	4
0	20
0	23
0	9
0	13
0	10
0	6
0	0
0	3
0	1
0	1
0	127
0	0
1	0
0	0
0	4
0	4
0	4
0	4
0	4
0	4
0	4
0	7
0	7
0	5
0	6
0	6
0	6
0	6
0	6
0	6
0	6
0	0
0	0
0	0
0	0
0	0
0	0
0	0
0	0
0	0
0	0
0	0
0	0
0	0
0	0
798	1176
0	445
0	44
1	532
1	160
5	110
0	269
0	138
51	136
0	119
0	84
0	39
0	22
0	53
0	50
0	11
13	26
75	1
0	1
0	0
0	0
0	0
0	0
0	0
0	0
0	0
0	0
0	0
0	0
0	445
0	443
1	366
3	386
0	412
0	430
0	442
1	436
0	442
0	436
0	411
0	436
0	424
0	403
1	429
0	431
0	437
0	443
0	442
2	346
46	10
0	18
8	31
0	16
26	1
7	87
6	86
0	10
0	11
0	0
1779	1205
91	1205
3137	809
0	809
6	248
0	0
0	0
0	0
0	0
0	0
0	0
0	0
231	154
1	154
0	0
0	0
40	781
0	781
0	0
0	1
0	1
0	0
0	0
0	0
0	0
0	0
0	687
0	1282
2	1138
0	748
9	22
0	22
0	0
0	22
32	28
1	19
1	4
0	10
5	20
0	4
0	0
4	9
0	589
0	647
0	361
0	472
1	408
2	317
0	279
4	280
2	255
0	167
3	2
0	168
2	159
17	6
0	0
0	0
0	0
0	0
0	0
0	0
0	0
0	0
0	0
0	0
0	0
0	0
0	0
0	0
0	0
0	0
0	0
50	224
0	101
0	42
3	27
0	69
0	35
1	70
0	52
0	38
0	34
4	515
0	446
3	130
12	198
5	1243
0	1142
1	405
0	396
1	105
1	180
1	173
0	495
0	409
9	68
0	161
0	653
0	5
0	4
0	0
0	0
0	305
0	195
0	147
0	1214
0	125
0	203
0	182
0	1120
0	198
0	222
0	286
3	50
0	112
0	1208
0	1131
0	1132
0	418
3	0
0	815
0	817
0	817
1	180
2	377
0	116
137	1401
0	1351
0	561
6	322
1	224
6	252
1	413
0	0
0	0
0	0
0	0
0	0
0	0
0	0
0	0
0	0
0	0
18	89
2	12
304	94
0	37
7	9
5	4
0	1
0	3
57	749
0	721
0	549
0	32
0	105
0	217
1	217
1	46
0	46
0	38
0	58
0	50
0	50
0	35
0	39
0	1
0	0
194	396
0	221
0	153
0	299
0	375
0	299
10	333
7	311
1	76
0	85
0	40
14	1764
4	1452
0	744
8	112
0	480
1	2055
1	710
31	1752
9	24
1	0
0	681
4	588
0	489
6	226
4	722
0	1832
15	1795
3	1822
1	1247
3	67
0	101
3	259
35	1665
2	553
5	1365
10	567
2	170
0	279
0	279
0	280
0	301
0	265
0	192
0	287
0	117
0	314
0	312
0	172
0	241
0	279
0	254
0	289
0	261
0	130
0	196
0	270
4	273
0	183
1	173
0	819
0	876
0	45
2	301
0	187
0	858
0	772
0	73
3	16
0	18
0	102
0	12
0	21
0	77
0	87
0	274
0	249
0	725
0	69
0	227
0	228
0	92
0	43
0	105
0	71
0	171
0	12
1	12
1	204
3	220
0	176
0	219
1	187
0	109
5	52
0	74
0	96
0	123
1	122
1	122
0	64
2	95
0	122
4	15
1	3
0	13
0	8
1	43
0	27
0	6
0	31
3	68
1	72
0	3
0	20
0	68
0	72
2	51
0	1678
0	191
0	1678
0	268
0	106
6	68
0	248
7	126
5	92
42	159
0	11
0	14
154	20
1	23
0	12
1	20
2	20
7	1010
2	1179
0	1348
20	591
28	113
491	50
1	28
1	41
0	27
1	27
0	68
0	38
27	90
0	27
0	2
0	60
0	68
57	579
4	595
1	564
2	193
0	226
1	326
0	395
5	257
0	259
0	546
271	630
8	238
32	284
0	0
3	0
20	709
0	50
19	182
33	224
18	669
210	142
0	140
1	123
0	150
0	109
0	151
0	150
0	166
146	166
1	109
0	31
0	154
0	39
0	72
1	13
2	537
1	929
3	789
3	590
4	355
4	1
2	1
0	0
0	0
0	2
0	2
0	1
2	26
0	26
0	5
2	17
0	2
0	11
0	7
0	3
0	17
1	7
0	7
0	0
0	0
0	0
0	4
0	2
0	4
0	3
1	1
0	0
0	0
0	0
419	85
3	28
5	57
2	0
0	0
3	45
4	428
0	427
0	14
3	40
8	16
25	221
6	221
28	95
169	17
0	0
1	13362
0	13206
0	9974
0	13197
0	12206
172	13265
0	13144
0	12314
0	11772
0	10071
1	9046
1	9022
0	8428
0	5628
0	10717
0	14633
0	10990
1	8791
0	5376
0	5113
0	8046
0	2984
14	3172
0	4627
0	3867
0	3273
0	3306
0	3120
4	3741
0	1626
15	1452
1	328
0	415
20	179
8	223
1	126
0	23
0	9
0	44
0	0
0	0
0	0
0	0
0	0
0	0
0	0
0	0
39	400
98	400
0	848
0	822
0	846
7	24
0	759
0	842
0	779
0	29
0	633
0	158
1	591
0	568
1	501
0	61
3	44
0	50
0	72
0	40
0	69
17	50
1	81
0	88
0	53
5178	1109
0	0
0	0
1	7
0	1
0	1
0	7
0	0
0	0
419	1228
0	296
0	157
2	188
3	95
0	14
5	144
4	1004
0	35
0	44
0	44
2	44
0	44
3	44
0	44
1	2
0	4
0	713
0	709
0	624
0	680
0	680
0	637
0	45
0	80
6	541
0	8
0	104
0	139
0	137
0	77
0	107
0	145
0	103
0	164
0	130
0	93
0	145
0	139
0	134
4	114
0	115
0	101
0	82
0	67
0	40
13	40
35	0
0	53
0	54
0	58
2	58
0	6
0	24
0	23
0	26
0	7
0	2
0	51
0	17
0	17
0	79
20	46
1	46
15	845
0	855
0	408
0	50
0	4
59	620
2	506
1	260
0	90
2	246
18	166
1	97
0	429
2	605
11	472
0	476
0	211
0	92
0	0
394	106
0	104
2	92
0	95
0	2
13	1798
1	433
0	1879
0	321
0	628
0	432
1	278
1	91
2	342
271	387
0	368
1	366
0	27
0	17
0	33
0	21
7	15
13	0
3	139
0	357
0	17
18	0
0	21
7	28
0	54
0	58
0	70
25	136
0	336
0	346
0	349
0	347
0	93
0	108
0	117
0	162
0	5
0	79
0	78
0	81
0	77
0	82
1	83
0	83
0	77
0	4
0	47
1	13
1	226
0	216
1	10
0	206
0	17
0	46
0	21
0	3
1	19
0	29
0	15
0	195
0	196
0	207
0	2
9	372
0	489
0	685
0	721
0	796
5	590
18	445
2	569
0	434
9	59
0	136
0	137
0	291
0	217
0	303
0	360
0	334
1	334
1	327
0	347
0	317
0	247
0	81
0	52
0	80
0	38
0	785
0	792
0	594
0	798
2	783
0	566
0	566
0	32
0	627
0	633
0	44
0	1105
0	1101
14	1101
6	638
0	75
10	417
6	0
0	76
1	616
4	61
1	20
20	418
1	64
264	163
0	9
0	8
0	1
3	4
0	6
0	4
0	154
0	3
0	3015
2	8323
6	8493
0	8495
31	248
0	325
7	161
16	138
1	312
8	629
1	2621
0	234
110	120
0	42
0	202
0	3420
52	316
0	2357
0	2553
53	2797
0	3188
0	3349
0	558
0	1205
0	237
0	1152
1	2
0	219
0	0
0	0
0	538
0	0
0	0
0	0
0	0
3	262
4	892
0	335
0	0
0	120
0	0
0	673
0	5
0	0
3	0
0	0
0	494
0	426
0	421
0	462
0	448
0	448
0	390
0	356
1	339
0	112
0	0
1	45
0	322
0	307
0	45
0	211
0	62
0	301
0	175
0	247
0	20
0	20
0	20
1	20
0	0
0	0
0	0
0	0
0	0
44	644
0	654
3	47
0	190
0	32
2	520
3	206
0	2359
0	662
235	2376
0	614
0	386
0	293
0	461
0	248
0	668
0	366
0	131
0	208
51	381
0	25
66	81
0	81
0	353
0	369
0	39
11	17
2	18
6	14
0	1
0	1
0	1
1	0
0	327
0	84
0	70
0	34
0	319
0	1
0	1
0	1
0	0
0	1
0	0
0	1
0	0
0	1
3	0
0	0
960	210
0	0
0	0
0	0
0	0
0	0
0	0
0	0
0	0
0	0
0	728
0	722
6	608
0	726
91	200
0	191
6	65
1	50
0	64
2	116
0	26
2	28
1	47
0	30
1	74
5	18
0	99
0	0
1	0
0	0
0	0
0	1605
0	1428
0	375
3	1605
0	290
0	357
1	298
0	563
3	43
25	1306
0	56
0	1006
1	1272
0	1233
3	748
0	1056
0	59
8	25
4	194
2	53
1	249
0	430
3	332
4	414
0	416
1	256
2	419
0	370
1	419
4	270
0	167
3	248
2	0
158	616
66	242
7	215
0	217
0	167
6	105
0	178
1	0
0	0
0	0
0	0
0	0
0	0
0	0
0	0
0	0
0	0
0	0
0	107
55	1207
13	120
0	165
0	501
0	177
0	1162
0	299
0	299
0	264
2	226
5	325
5	126
0	1698
247	1843
1	643
2	472
11	153
9	212
13	286
0	1
2	1389
0	57
0	167
0	85
0	266
0	157
0	300
0	168
0	157
0	44
0	41
0	71
0	138
0	392
0	89
0	152
0	5
1	4
0	61
0	66
0	43
0	72
0	1
0	147
0	64
0	0
1	338
2	52
11	24
0	156
0	51
0	370
0	35
0	58
0	6
0	10
4	9
1	0
0	0
0	0
0	0
0	0
0	0
1	604
0	640
2	548
2	81
0	228
2	86
19	86
3	191
0	115
5	133
9	42
45	11
30	156
0	93
0	66
0	39
0	48
0	29
0	28
0	34
0	14
0	19
0	18
0	11
2	8
0	90
1	82
3	34
3	29
29	1992
10	49
0	1945
0	1853
4	199
30	85
9	112
0	98
13	63
6	535
14	499
0	136
4	289
0	181
1	499
0	73
0	29
1	0
4	290
0	501
0	499
73	180
2	37
2	86
0	79
2	66
0	98
0	90
1	62
0	1087
0	1116
7	1101
21	563
53	565
2	148
0	87
0	255
0	138
0	174
0	72
0	196
0	20
1	15
0	0
0	848
0	891
1	148
0	188
1	0
0	1155
4	1149
0	157
1	55
1	0
0	2
0	0
0	22
0	29
0	50
1	22
0	25
0	6
5	70
0	21
0	14
0	310
0	300
138	2713
0	96
0	118
0	96
0	804
0	2
0	2
0	2
0	2
0	2
0	2
0	0
0	0
0	1596
0	1592
2	1414
0	1441
9	1460
0	275
0	943
2	563
0	524
0	209
0	0
0	0
10	12
0	0
0	5
0	1
0	0
0	0
0	0
0	1
0	1
2	1
0	5
13	19
1	19
321	116
11	116
0	0
0	361
2	1262
0	1268
0	344
0	1286
0	361
0	855
13	645
0	0
2	172
0	155
0	0
1	520
0	56
3	257
4	524
33	11
2	19
0	29
1	84
0	110
1	94
2	0
100	65
4	55
0	25
6	436
0	97
2	289
2	462
16	578
2	97
1	370
8	340
0	72
1	88
0	36
9	57
0	21
1	26
0	53
3	40
1	84
14	26
4	60
1	280
3	324
3	339
0	764
0	764
0	711
0	759
2	759
0	727
0	694
0	663
0	606
0	676
0	755
0	676
0	699
0	665
0	748
1	731
0	693
0	671
0	703
0	582
0	350
3	334
0	272
0	142
0	140
1	49
0	4
0	1
0	1
0	4
0	1
0	2
0	1
0	3
0	2
0	973
0	32
0	428
0	76
0	74
0	39
1	552
11	342
0	32
0	909
0	328
0	12
0	36
43	49
0	225
0	21
1	50
0	48
71	325
11	30
10	48
4	0
0	18
0	18
0	18
0	0
0	9
0	9
0	9
0	9
0	9
0	9
0	9
0	6
0	4
0	5
0	3
0	2
0	2
0	2
0	2
0	2
0	2
0	0
0	0
0	0
0	0
0	0
0	0
0	0
0	0
0	24
0	55
0	44
0	28
3	60
10	21
0	12
1	778
7	812
1	39
2	12
1	94
22	88
0	8
0	333
1	311
0	325
0	39
24	83
0	83
0	15
0	15
0	16
0	10
0	2
0	0
0	2
0	0
0	0
54	694
1108	694
4	31
12	1538
0	2095
0	2213
48	782
0	2209
0	1861
8	2063
1	847
1	1048
0	1160
18	145
0	1
0	1
0	1
82	268
13	268
632	0
0	26
0	29
0	26
0	26
0	9
0	7
0	10
0	10
1	4
0	14
0	177
0	165
3	215
0	37
8	35
0	51
0	171
0	30
1	44
0	1061
0	171
1	43
0	45
0	1070
0	415
0	86
0	65
0	110
0	36
0	38
0	1064
0	156
0	1053
107	833
0	1036
0	3
0	1
0	0
0	0
0	5
0	1
0	1
0	0
0	4
0	0
0	0
0	2
0	0
0	0
0	2
15	72
2	930
2	815
29	924
2	630
1	101
0	99
0	0
0	0
0	0
0	0
0	0
0	0
0	0
0	0
0	0
0	0
0	0
0	0
0	0
0	0
0	0
0	0
0	0
0	0
0	0
0	0
0	0
0	0
0	0
0	0
0	0
0	223
0	118
0	9
0	200
4	32
0	229
0	223
0	91
0	202
7	85
1	45
0	166
2	12
1052	440
65	440
82	58
14	12
0	5
1	5
1	41
0	22
1	29
635	481
1	321
0	559
0	345
0	45
2	44
8	22
0	111
3	42
0	41
0	41
0	41
0	0
633	4
0	411
2	262
0	81
5	280
24	19
19	30
0	43
3	4
3	24
742	557
0	147
1	162
2	204
2	149
4	139
68	108
0	0
0	1
0	1
0	0
0	0
0	0
0	1
6	0
428	1724
4	548
0	224
0	17
1	313
3	395
0	398
21	581
1	659
0	901
1	444
57	269
3	15
16	37
0	880
0	69
495	798
1	49
0	178
0	64
0	103
9	80
2	110
0	57
12	223
0	276
2	393
0	3
0	0
0	0
0	2271
0	2265
0	988
0	434
0	1783
0	148
0	207
0	390
0	516
0	369
0	344
0	215
0	146
0	125
9	69
0	403
25	60
0	391
12	133
0	384
0	171
0	49
0	107
0	64
9	110
1	3
3	22
0	91
0	106
3	85
0	0
0	0
0	0
0	0
0	0
0	0
0	0
0	0
0	0
0	0
0	326
0	414
20	559
12	1259
21	1259
3	968
0	0
0	0
0	0
210	279
2	276
1	13
0	40
1	6
2	0
1	0
0	2
0	2
0	1
0	1
0	0
0	0
0	0
1	0
2	2
1	2
0	0
0	0
0	0
0	0
68	0
2	59
3	40
0	40
0	16
0	57
2	59
0	59
0	29
14	1629
13	224
0	1778
0	1254
0	1624
0	717
22	1094
1	0
0	1
0	3
0	3
1	1
0	1
0	1
1	0
1	1
0	1
0	0
0	1
6	14
0	14
0	14
0	4
1	0
1	0
0	0
0	2
0	0
0	0
9	0
0	0
0	0
0	0
0	0
0	0
0	0
0	0
0	0
0	0
0	0
4	3
0	3
0	1
14	314
0	315
0	185
3	6
0	18
1	27
0	297
0	105
0	36
5	257
0	16
689	45
1	32
0	1455
147	1476
1	387
0	819
5	1400
2	14
10	1813
0	630
0	509
2	44
1	202
0	138
0	90
0	0
0	0
0	0
0	0
190	1426
61	13
14	130
10	1283
0	545
2762	1322
4	266
0	149
4	3
0	653
80	904
2	573
0	736
0	685
7	223
4	219
15	219
0	219
1	0
0	332
1	218
0	454
47	200
0	330
0	394
0	306
9	21
0	103
0	244
4	114
0	4
0	4
0	1
0	1
0	1
0	0
0	2
0	1
0	1
0	27
0	37
0	30
0	23
0	38
0	3
7	12
1	16
0	35
0	19
0	9
9	13
0	13
0	5
0	4
1	3
56	1089
0	1102
9	957
0	961
1	3
0	9
0	20
0	20
0	18
0	2
0	2
0	0
0	85
11	227
0	230
0	66
10	71
0	45
0	0
0	0
0	0
0	0
0	0
0	0
0	0
20	10
0	10
0	7
2	4
0	16
1	216
2	594
1	0
0	25
1	21
0	36
228	739
0	264
0	41
0	146
0	34
4	27
1	19
0	37
0	17
0	72
0	389
1	412
0	258
0	121
0	0
0	0
0	0
0	0
0	0
0	610
0	0
0	4
0	2
0	4
1	0
0	0
0	0
0	0
0	2427
2	2427
4	2448
0	2490
0	2514
6	0
2	19
19	154
1	149
33	21
189	295
2	232
0	218
0	22
1	0
0	13
0	120
0	18
0	114
0	78
0	20
0	58
0	62
0	85
0	58
0	30
0	58
0	115
6	158
4	146
0	84
0	111
0	155
1	45
0	19
0	82
0	18
0	59
0	55
0	140
0	11
0	67
0	66
0	59
0	2094
5	2011
15	3871
0	5043
0	4206
3	3834
0	3689
11	4728
1	3276
0	3438
0	1980
1	12
0	12
7	51
8	53
10	11
0	21
0	112
0	112
0	103
1	16
0	15
0	15
0	7
0	16
0	8
2	27
282	0
75	290
2	159
7	66
7	33
16	83
17	70
0	127
0	108
0	101
3	121
0	87
0	98
0	80
0	99
1	22
0	4
16	0
10	1
0	0
0	1
1604	2210
8	719
0	661
0	2010
1	274
4	583
2	523
8	289
49	217
0	616
2	3
0	2
0	2
0	2
0	2
0	2
0	2
0	2
0	2
192	667
0	597
1	59
0	27
1	43
0	0
0	0
0	0
0	0
0	122
4	1492
0	1249
0	468
2	1394
0	123
1	123
1	911
0	75
0	93
0	143
0	99
0	162
34	147
0	0
0	0
0	0
0	0
1125	3678
4	2592
0	2082
9	0
2	1034
0	378
0	3614
1	421
0	279
0	1259
0	1621
0	535
4	894
2	425
6	168
0	1040
0	3527
1	77
1	148
2	148
1	34
0	160
0	15
0	189
1	163
2	98
0	33
1	79
3	90
0	396
18	312
16	176
5	370
0	146
0	144
5	138
10	80
22	1828
1	1830
9	1807
0	1698
2	379
0	226
6	84
0	49
0	0
0	446
0	558
0	210
14	92
0	141
2	142
2	512
9	153
0	176
0	199
13	130
18	285
0	393
0	2
0	2
0	2
0	2
0	2
0	2
0	0
0	0
1085	53
0	47
0	43
1	199
0	199
1	22
0	22
17	199
0	428
17	887
3	873
0	422
13	35
16	0
3	190
4	769
3	709
31	772
0	689
0	673
3	610
2	629
4	374
0	768
0	0
0	0
0	0
9	160
2	8
0	159
127	372
107	120
0	198
0	114
0	168
0	139
0	97
0	1
0	14
2	13
0	12
2	7
3	138
0	43
0	0
2	1
1	0
0	1
0	0
1	378
201	378
10	56
0	53
0	54
1	12
2	8
0	54
4	1
0	46
0	10
0	23
0	1
0	10
4	37
0	6
1	7
0	0
0	0
0	0
0	0
0	10
0	1
0	8
1	7
4	7
2	197
0	600
0	551
0	554
0	588
0	334
0	208
0	215
0	207
0	191
0	168
0	144
0	91
0	171
0	110
0	104
0	171
0	127
0	138
0	126
0	110
0	122
0	57
0	108
0	155
0	175
0	148
0	133
0	109
0	120
0	136
0	59
0	158
0	32
0	117
0	122
0	93
0	174
0	170
0	111
0	70
0	127
0	96
0	153
0	165
0	100
0	100
0	99
0	55
1	46
0	46
0	16
0	483
121	517
0	67
0	40
4	194
0	107
0	114
1389	1886
56	638
22	1153
0	1181
5	1
0	0
2	5
0	4
0	5
0	0
0	0
0	3
0	2
0	3
0	2
0	2755
2	482
0	933
0	513
0	595
0	600
2	1900
8	2765
0	0
0	0
0	0
0	0
0	0
0	0
0	0
0	0
0	0
0	0
0	0
0	0
0	0
0	0
0	0
2	830
0	519
0	315
0	383
0	75
0	268
0	188
1	23
0	22
0	8
0	1
0	811
3	134
5	4
0	4
0	0
0	2
0	0
0	1
0	0
0	0
0	0
0	2
0	0
0	0
0	0
0	0
0	0
0	0
0	0
1	1
0	1
0	0
1	1
0	1
0	357
0	199
0	157
0	352
2	0
0	62
0	69
0	212
0	292
8	83
5	337
65	187
0	325
3	113
55	78
14	1
3	101
1	36
1	48
0	23
537	0
48	0
167	35
60	49
0	5
2	21
1	17
158	786
6	261
3	392
0	711
0	129
0	118
0	24
9	84
11	84
3	797
1	124
0	1031
22	905
0	722
82	542
0	170
0	168
0	131
0	183
0	40
61	74
0	74
0	1826
0	293
0	1524
0	1553
0	29
0	400
30	197
1	293
2	181
0	280
6	223
2	198
15	127
77	161
5	23
32	596
172	589
0	136
0	582
1	626
1	257
22	601
0	600
66	204
0	268
9	302
0	204
0	221
0	54
9	400
3	65
31	409
0	391
0	409
3	59
1	297
0	0
0	0
0	0
0	0
0	0
0	0
0	0
0	0
0	0
0	0
0	0
0	0
0	0
0	0
0	0
0	0
0	0
0	1098
4	293
303	1098
8	670
0	673
25	651
2	653
0	623
0	271
0	0
0	4
1	4
1	27
0	0
2	55
0	32
0	4
0	48
0	1
0	24
0	49
0	266
1019	266
0	0
0	0
0	83
1	59
0	1
0	1
0	340
0	339
1	304
0	48
2	305
0	72
0	135
0	18
0	82
0	152
11	149
0	139
0	24
0	48
2	44
0	30
0	905
0	970
72	33
0	33
0	0
0	0
0	1
238	1653
0	1567
15	1215
0	303
5	45
0	4
0	2
124	38
5	10
15	28
0	0
0	0
0	0
0	0
0	0
0	0
0	0
3	0
0	0
0	451
9	478
0	54
0	52
2	55
0	27
0	8
3	34
0	32
0	26
0	474
0	470
0	169
13	138
0	767
9	692
0	541
33	115
0	438
1	209
14	196
0	170
3	118
11	6
0	3
0	7
0	6
0	7
1	0
0	0
0	0
0	0
0	0
0	0
1	0
1	2
0	7
0	0
1	0
0	0
0	5
0	120
0	119
0	13
1	55
0	121
0	61
0	72
0	88
0	7
0	6
0	15
0	13
0	82
0	0
0	0
0	121
0	122
0	119
0	96
0	14
0	82
0	81
0	42
0	3
4	6
0	57
0	23
0	10
0	27
0	6
4	5
0	5
0	0
0	21
0	0
6	21
0	1371
0	1355
0	1402
0	1358
0	1361
0	1346
35	1194
0	1147
0	426
0	365
0	330
1	166
0	45
512	5513
47	5295
13	1100
21	1010
18	279
39	1505
0	3034
4	405
262	0
0	1
0	0
0	1
0	0
0	269
1123	363
0	43
0	294
0	320
379	740
61	724
7	732
3	109
299	290
0	290
0	103
47	1088
7	363
0	1335
0	1294
0	1081
0	383
3	59
4	132
2	112
4	431
0	210
2	28
219	102
0	28
2	27
0	90
0	45
0	51
3	761
0	657
0	103
0	338
0	86
6	102
1	143
0	163
0	113
9	534
2	286
51	582
1	224
1	506
6	486
1	396
0	278
0	286
0	279
0	274
0	297
0	275
0	252
3	292
0	237
0	232
3	14
2	7
5	27
2	14
2	153
0	19
0	16
0	11
0	102
0	1
0	93
0	26
0	19
0	6
0	62
0	19
0	43
0	106
0	94
0	109
0	11
0	17
4	6
0	2
8	103
0	102
1	363
0	545
0	299
1	492
0	365
0	491
44	320
0	635
0	449
0	451
1	451
0	389
0	265
0	339
0	398
0	384
0	491
0	619
0	7
46	291
0	1317
0	1578
0	695
0	182
80	3
11	115
0	8
0	8
2	0
1	1
0	4
0	3
0	0
0	0
0	0
0	0
0	0
0	1
0	1
0	1
0	0
0	0
0	1
0	909
1	898
0	62
0	44
1	87
338	331
1	332
2	327
0	328
2	134
0	108
7	39
1	877
138	213
0	17
4	57
0	17
1	32
0	146
3	11
5	21
5	11
1	56
7	11
3141	416
0	416
99	13
2	13
0	292
0	266
0	411
0	242
0	296
0	383
0	385
0	295
0	354
0	292
0	367
0	159
0	365
0	1
0	0
0	1
0	4
0	9
2	9
0	0
0	0
0	0
0	0
2	13
34	840
17	662
13	178
0	174
4	107
0	0
0	0
0	0
0	0
0	0
0	0
0	0
0	0
0	0
0	0
0	0
1	4368
0	4434
0	2697
63	2926
0	3764
1	606
1	770
0	4366
0	582
0	0
0	0
0	0
2	0
0	0
0	0
0	0
0	49
0	37
112	51
0	31
0	0
0	0
5	64
0	10
0	56
0	59
0	11
2	5
0	54
6	2
2	0
0	0
0	1028
0	1
0	0
0	1
0	1
0	1
0	0
0	0
0	0
0	99
0	1
0	102
0	0
0	0
0	0
0	0
0	276
0	120
0	0
0	1020
0	1044
0	520
0	239
0	242
0	207
0	236
15	222
0	228
0	240
0	181
0	198
0	216
0	233
0	95
0	98
0	46
1	29
0	50
0	53
0	50
0	21
0	4
0	4
0	4
0	3
0	4
0	4
0	4
0	3
0	4
0	0
0	87
0	15
0	32
134	90
5	2
0	2
1	0
6	13
0	13
0	125
0	347
0	347
0	347
0	8
0	15
0	15
0	21
0	4
15	22
1	16
2	19
287	0
32	14
1	0
0	1480
0	1429
0	1193
0	1202
0	800
0	1096
0	1115
0	645
254	89
2	54
17	189
0	0
0	0
0	0
0	0
0	13
1	13
18	81
1	35
1	70
0	35
6	46
0	43
0	2
0	3
0	3
0	2
0	2
0	3
0	3
0	3
0	2
0	0
0	1
0	1
0	0
0	0
0	0
0	0
0	0
0	0
0	0
0	0
0	0
0	0
0	0
0	0
15	61
6	62
0	53
0	45
0	58
0	43
0	36
0	34
0	629
9	630
1	691
0	676
20	676
1	676
0	679
0	225
0	543
0	42
0	15
1	140
1	43
2	8
0	74
0	90
41	1210
1	0
0	1210
0	0
0	1059
0	1187
0	1210
0	161
0	198
6	1025
0	181
2	32
2	95
15	410
1	116
43	205
0	169
2	100
33	136
0	56
0	7
0	0
0	0
0	0
0	6
1	0
0	0
0	0
0	0
0	0
0	6
0	7
0	810
0	882
0	877
0	244
2	189
0	200
9	136
5	196
8	130
0	172
2	112
0	90
0	66
14	35
0	43
0	27
0	38
0	36
0	41
0	33
0	27
0	16
0	19
1	0
2	4
0	238
0	238
0	33
7	91
0	3
9	2
0	0
2	86
8	2221
0	2326
0	2239
0	502
0	2188
0	1084
12	242
1	442
37	1816
361	1327
36	933
0	313
5	319
1	174
14	30
13	26
0	4
8	70
0	40
0	318
21	741
0	7
0	707
0	2529
31	2277
0	1143
0	905
0	887
0	325
0	201
0	180
0	147
26	147
3	12
0	2484
1	2465
7	0
0	0
4796	0
0	15
6	15
15	102
0	102
0	93
0	68
0	72
0	13
0	42
1	1
0	1
0	144
1	129
1	11
27	121
1	42
0	47
1	96
0	39
2	38
1	40
0	39
372	289
0	0
0	0
0	8
2	13
0	79
0	0
0	0
0	0
0	8
0	0
0	8
0	73
0	73
1	73
0	180
0	120
0	168
0	170
0	151
2	940
0	919
0	59
0	865
0	997
0	1004
0	89
1	956
0	950
0	920
0	847
0	942
0	917
0	914
0	926
1	874
0	907
0	180
0	950
0	926
0	116
1	924
0	918
0	121
0	829
0	811
1	658
0	713
0	889
7	96
0	130
640	0
0	1
0	1
0	1
0	1
0	0
0	0
0	0
0	0
0	68
0	67
0	67
0	67
0	67
7	571
0	557
0	529
0	456
0	529
0	542
0	542
0	454
0	463
8	567
0	426
0	422
0	0
0	480
29	11
6	325
0	325
0	298
1	235
0	243
27	250
2	243
0	251
0	250
0	154
0	21
2	13
3	19
1	10
0	11
0	20
0	19
0	10
0	5
0	4
0	3
0	11
19	0
20	21
0	16
1	16
0	13
0	9
0	0
0	0
7	283
0	164
4	283
0	955
15	72
0	283
0	196
0	167
1	34
0	962
1	222
1	54
21	107
74	109
0	68
0	566
0	45
4	407
0	541
0	557
46	235
0	196
0	235
4	235
0	101
0	41
0	31
0	45
0	33
0	33
0	30
0	28
0	21
0	26
0	26
0	24
1	20
0	17
0	14
0	7
0	0
1	367
0	367
3	280
0	696
0	748
0	1777
0	1742
0	1623
0	1079
0	1773
0	1649
0	1771
0	1733
0	1621
0	1672
0	1634
0	1712
0	1658
0	1721
0	1712
0	1686
0	1590
0	1653
0	1634
0	1425
0	1670
0	1605
0	1640
0	1683
0	1686
0	229
3	271
0	68
0	1224
0	910
0	769
0	867
9	307
0	246
1	5
1	144
0	147
0	148
0	148
12	128
2	35
5	34
0	92
0	23
1	30
0	35
0	32
1	37
0	33
2	3
0	28
0	14
3	3
0	4
0	4
0	2
0	4
0	1
91	176
1	173
1	19
1	29
0	29
0	0
0	0
0	0
0	0
6	2777
0	529
0	452
0	196
50	2783
0	104
0	236
7	327
1	391
1	273
0	375
0	322
0	1200
0	2707
0	3011
0	248
0	605
0	98
0	7
0	5
1	294
0	592
4	150
0	115
1	93
0	636
11	195
0	610
61	533
0	628
5	279
32	434
0	456
0	480
37	84
0	14
0	2
1	16
0	4
0	53
0	24631
14	24633
0	23479
0	10759
0	23499
0	23685
0	24971
1	8810
0	22915
0	24622
0	23558
4	23584
0	17622
3	11938
0	10176
0	5415
0	2895
0	3235
0	2570
0	1925
0	1802
0	1238
0	0
0	1227
0	1267
0	616
0	1222
0	1198
1	597
0	542
1	100
0	75
0	212
12	20
0	3
0	17
0	18
0	12
0	5
0	5
0	3
0	1
0	0
0	1
12	237
6	203
42	357
1	143
0	640
0	49
0	555
0	516
0	486
0	62
0	623
1	621
0	33
0	660
0	577
0	609
0	4
5	639
0	42
9	649
1	20
4	31
1	82
0	146
84	207
1	40
0	180
0	26
0	0
0	0
0	0
90	967
0	340
0	967
4	243
0	14
0	26
0	38
0	201
0	204
0	260
0	200
1	16
2	26
0	696
2	484
12	164
4	515
0	696
0	397
628	162
1	21
3	160
0	13
0	12
0	12
0	446
29	19
1	17
0	439
0	352
0	198
0	79
0	502
0	398
0	463
1	442
1	41
0	487
0	360
0	438
0	448
0	454
0	451
0	459
0	444
0	451
0	466
0	41
0	135
0	394
0	104
0	304
0	452
0	449
0	373
0	144
0	218
0	226
0	111
0	455
1	288
0	65
0	436
0	391
6	79
0	27
0	291
0	108
0	479
0	433
0	391
0	66
136	3
22	163
0	409
0	386
0	331
0	141
0	87
0	353
0	31
0	60
0	317
0	145
0	39
9	9
0	23
0	33
0	9
0	281
12	87
0	275
0	50
1	263
0	337
0	95
0	325
0	307
0	314
0	302
0	288
0	296
0	300
0	224
0	69
0	60
0	265
0	48
0	259
0	31
0	231
0	135
2	248
0	33
3	224
0	26
5	191
0	149
0	110
0	594
0	247
0	241
1	104
3	136
0	196
0	253
1	0
1	39
0	44
5	1812
8	1811
0	1683
8	1739
0	844
5	587
8	153
1	154
1	337
88	279
12	60
0	11
0	11
0	15
0	15
0	6
0	6
0	2
0	1
0	1
0	1
0	1
0	0
7	860
0	848
0	559
0	829
0	388
0	424
3	14
0	131
0	33
0	78
0	52
0	10
0	847
0	559
652	0
0	0
0	0
0	0
0	0
0	0
0	0
10649	3017
0	429
34	778
1	938
0	872
0	0
63	0
0	0
0	0
224	134
1	134
441	1495
0	263
1	227
0	274
3	1441
0	0
0	0
0	0
0	0
0	678
0	936
0	972
0	934
0	889
0	910
2	958
11	360
0	915
1	898
0	560
1	893
1	524
0	749
0	727
1	959
1	922
0	941
0	1002
0	938
0	952
0	957
1	932
0	839
0	891
2	910
0	477
0	329
0	416
0	129
0	389
0	22
0	67
0	295
0	345
0	336
0	134
0	0
0	25
0	0
0	25
1	4
1	26
0	0
0	5
0	51
0	2
0	6
0	5
0	51
4	9
0	0
1	6
0	3
0	4
0	1
0	43
0	511
1	515
1	579
10	105
33	353
0	211
0	371
26	304
6	122
0	93
0	169
5	117
0	82
0	515
0	40
0	41
0	50
4	11
4	0
0	52
0	0
0	1
0	1
0	1
0	0
0	0
0	0
0	690
0	358
0	690
0	690
1	657
0	465
0	86
6	9
5	0
0	0
65	644
0	684
5	340
1	366
0	224
3	0
17	86
0	78
1	45
0	606
0	55
1	19
957	606
0	0
0	92
1	479
0	480
0	447
0	458
0	334
1	244
27	174
0	0
0	0
1	513
0	2
0	0
0	1
0	0
0	1
0	0
0	0
3	32
1	32
0	31
0	20
24	700
1	36
4	818
0	821
0	517
54	349
1	147
0	532
0	334
1	18
2	472
0	75
1	6
0	49
0	0
0	0
0	0
0	0
0	0
0	0
0	0
0	0
0	0
0	0
0	0
0	0
0	0
0	0
0	0
0	0
57	1724
3	270
2	0
3	3
1	136
0	1724
0	1561
0	13
13	512
0	560
6	529
20	360
0	610
0	214
0	376
0	276
1	154
3	93
5	69
6	365
0	220
0	31
0	65
12	38
0	43
0	27
0	365
0	28
7	325
1	632
12	633
1	478
0	65
1	0
0	105
0	81
0	1
29	548
0	701
0	607
7	38
1	81
0	626
0	104
23	0
0	95
0	30
0	15
2	42
422	484
10	31
0	64
0	14
0	51
0	90
0	350
5	46
2	74
0	61
0	4
0	5
0	5
0	3
0	43
0	44
2	1
0	43
0	337
0	400
0	844
0	845
0	809
0	806
0	864
0	17
1	137
0	82
0	69
0	190
0	0
0	0
0	0
0	0
0	0
3	664
850	664
10	363
0	363
0	106
0	276
0	1002
0	1008
8	63
0	211
2	60
7	119
0	134
2	61
0	128
0	94
0	83
0	76
0	66
1	54
2	19
32	30
0	52
0	49
0	74
4	56
0	62
0	68
0	37
0	19
0	32
0	7
0	20
2	11
0	15
0	317
42	779
0	669
0	69
0	330
0	87
1	134
7	60
0	0
0	0
0	0
0	27
1	105
0	368
0	373
0	116
0	44
0	365
0	365
0	130
0	112
12	70
4	20
4	122
5	595
59	3037
20	2416
0	1617
2	1962
1	883
37	776
563	818
8	82
0	31
0	31
7	417
8	49
7	38
0	313
1	116
0	296
0	252
2	93
0	203
0	1272
67	1587
17	225
30	551
0	35
329	0
0	908
0	909
71	909
0	908
20	210
3	1147
0	1218
27	419
48	597
0	1272
0	212
0	152
0	14
1	25
0	67
0	159
2	176
0	140
6	74
5	13
139	89
0	86
0	3
763	23
0	23
0	146
0	13
0	152
0	22
0	1231
0	1127
0	1244
0	1240
1	88
0	1166
0	43
0	76
1	1172
0	1102
0	61
0	25
0	67
0	135
0	136
0	727
0	393
1	73
0	59
0	1238
0	17
1	19
0	51
0	84
0	1
0	67
0	1238
0	203
0	10
1	107
0	126
4	37
131	136
6	147
11	660
5	403
0	158
22	474
0	864
0	809
0	844
0	845
0	192
0	64
0	378
0	168
1	1
0	1
0	7
0	2
1	34
265	58
0	43
0	11
0	3
0	0
0	3
2	313
0	515
0	1031
4	268
7	308
0	877
0	4
0	21
0	776
1	23
0	48
0	51
0	0
0	0
0	0
0	0
0	627
3	254
29	237
0	221
0	164
3	33
2	45
0	217
0	385
59	385
0	379
4	253
0	115
0	123
0	28
0	0
0	0
0	0
0	0
0	0
0	0
0	0
0	0
2	131
1	551
4	619
16	388
0	43
22	354
1	592
0	664
0	12
0	56
0	316
0	214
0	169
0	169
0	515
0	464
0	479
0	101
0	47
0	51
0	49
0	51
0	1
0	34
0	1
2	55
0	141
7	276
2	23
0	245
5	234
0	21
0	21
1	1
0	1
0	1
0	1
0	0
1	0
0	56
0	749
37	384
1	389
0	324
5	368
0	762
0	0
2	54
0	68
0	67
0	129
0	29
4	2
0	55
0	89
0	51
11	2
1	23
0	412
0	27
0	405
0	375
14	428
0	417
54	394
8	209
0	209
49	1255
0	1255
41	1
88	870
0	857
0	429
4	266
0	225
0	78
0	75
0	3
0	0
10	946
21	781
0	771
7	228
3	593
3	88
0	79
1	2
0	109
6	101
1	135
1	57
0	77
0	72
0	72
0	36
0	46
0	28
0	20
3	21
0	4
0	4
0	0
15	1
0	1
1	0
1	121
0	12
0	12
0	3
0	6
0	5
0	4
0	8
0	4
0	0
0	117
0	160
0	68
77	23
1	23
0	177
0	178
4	46
0	64
0	60
2	10
0	28
0	44
2	70
0	58
0	26
0	6
0	14
1	5
0	3
0	13
0	0
0	0
0	0
0	0
0	0
0	0
0	0
0	0
0	0
0	0
0	52
0	0
0	0
511	20
0	20
1	2224
0	2244
0	28
0	24
2	2101
28	2161
0	2250
0	2225
3	2249
0	2213
0	2198
0	2228
0	2122
0	2154
6	2265
0	2235
0	2307
1	2285
0	2220
0	2254
0	2148
7	434
1	2215
0	2215
10	232
0	1269
2	2200
0	2055
0	0
0	0
0	0
0	7
1	11
1	7
0	7
0	7
0	63
0	64
0	64
0	67
0	8
0	7
0	7
0	7
0	48
0	142
0	114
0	51
0	43
0	69
0	136
0	62
0	89
0	76
0	129
0	97
0	81
0	90
1	45
0	83
0	18
0	182
0	23
0	167
0	0
0	53
0	49
0	99
0	93
6	1478
0	103
0	162
0	17
0	17
0	150
0	0
0	4
0	0
1	102
41	146
0	113
5	152
0	0
0	105
1	107
0	68
0	91
0	152
0	39
0	129
0	10
0	26
0	168
0	192
0	0
0	0
0	155
0	155
0	158
2	720
0	119
0	148
0	102
0	46
0	21
0	88
0	9
1	0
0	0
0	1
1	42
0	95
0	109
0	174
0	318
0	6
0	7
0	199
6	0
0	41
0	184
4	12
29	187
0	44
3	22
0	44
45	20
0	20
0	25
0	9
3	16
0	0
0	0
0	0
0	0
25	1938
0	132
0	77
1	9
2	1914
0	1938
9	196
75	544
5	593
1	423
81	465
0	545
0	425
0	187
0	106
0	75
0	77
0	77
0	2
15	56
6	54
0	56
2	391
1	411
0	165
6	120
1	35
0	350
0	2
9	96
0	96
6	0
1	0
3	40
1	4
0	36
12	4
0	2
0	100
0	100
0	0
0	1
0	0
0	0
0	1
0	1
0	0
0	1
0	0
0	0
0	0
0	0
0	0
0	0
0	0
0	0
0	0
0	0
0	0
0	0
0	0
0	607
18	597
0	185
1	408
0	66
0	35
25	130
3	55
2	77
16	77
0	37
0	18
1	12
0	10
0	1
3	1
0	9
7	435
1	44
164	647
3	188
0	129
0	72
0	246
1	22
0	1016
6	97
0	136
0	1355
0	190
12	287
0	136
0	930
0	969
0	810
0	1075
0	1284
0	1181
0	134
0	307
0	1235
1	134
0	110
26	1093
0	230
1	133
5	340
5	427
0	680
0	666
0	677
0	1
0	1
0	0
0	0
0	899
116	900
0	14
0	4
0	13
0	5
0	13
0	13
0	13
0	1
0	1
0	1
0	13
0	14
0	8
0	11
0	2
0	8
0	0
0	0
0	114
2	2
0	1
0	1
0	1
0	0
4	4
4	42
0	42
0	33
0	8
0	4
1	39
0	0
0	1
0	13
2	29
0	0
0	0
0	0
0	0
1	613
0	1032
1	64
0	1104
5	240
0	622
1	260
0	71
0	754
85	284
0	1078
0	92
1	139
0	93
0	240
81	210
2	0
0	0
0	0
0	0
0	0
0	0
2	48
0	49
0	41
1	54
0	61
0	61
0	49
0	36
0	18
0	26
0	1
0	12
12	18
0	19
0	12
1	2
0	3
0	5
0	5
0	8
1	8
0	0
0	0
0	0
0	0
0	3
0	0
0	0
0	0
0	0
0	0
0	0
0	3
0	3
0	0
0	0
0	0
0	0
0	0
0	630
0	567
0	4439
0	3404
101	3826
0	4007
0	3752
0	3707
0	3685
6	2443
4	2726
0	2438
1	2091
0	1902
0	583
0	1078
0	1349
0	978
21	729
0	1146
3	97
0	600
0	810
0	786
0	779
0	862
0	1
0	0
0	4039
0	29
770	95
4	96
1	2
0	21
5	12
0	175
0	17
0	16
0	14
31	748
1	679
0	212
0	69
0	149
0	169
7	310
0	414
2	1225
0	1205
0	503
0	48
1	61
0	37
0	23
0	49
28	49
21	7
2	1900
0	407
12	712
1	1422
1	975
0	1179
15	840
3	729
42	230
0	641
2	731
47	434
0	469
8	246
10	8
0	319
0	341
0	227
0	178
0	20
0	38
0	12
5	30
1	0
13	30
0	300
0	268
17	374
114	374
0	0
0	0
0	0
0	0
0	0
0	6
0	18
0	18
3	14
0	3
1	4
0	10
0	7
0	5
1	8
0	3
0	3
0	4
0	9
2	6
0	5
0	1
0	0
0	0
0	0
496	313
0	254
75	69
68	44
0	1
0	0
0	1
0	1
0	0
0	0
0	0
0	0
0	0
3	0
0	0
0	111
0	82
0	457
34	0
4	457
0	81
9	24
5	32
2	97
0	9
1	9
1	9
0	9
743	956
4	149
1	79
54	740
3	18
0	97
1204	0
3	1128
0	991
0	942
0	892
1	206
85	865
6	401
0	889
0	1082
0	881
0	57
3	57
4	119
1	25
0	118
0	126
0	210
0	87
1	115
2	26
0	978
0	70
3	57
3	60
0	41
0	18
0	6
2	37
0	23
1	5
0	15
0	7
2	11
0	113
41	355
267	662
242	413
0	150
1	594
4	82
1	94
0	86
3	53
1	100
7	41
5	8
0	57
221	0
1	2707
4	3234
74	3078
3	4658
4	4596
0	5113
0	4884
0	4866
0	4973
0	4982
0	4885
0	5333
1	4999
0	5013
0	4995
0	5098
1	4849
0	4957
8	2875
0	4414
0	4077
0	646
0	2618
20	592
3	213
66	1670
0	1562
0	1433
0	1506
0	916
1	622
0	2872
0	594
0	271
0	829
0	219
10	569
5	820
70	741
11	79
1	392
1	55
19	300
0	105
0	13
0	40
0	506
0	88
1	147
0	635
0	364
6	466
1	122
0	49
0	107
5	490
0	294
0	14
0	14
0	1
4	3
0	3
0	3
0	2
0	1
0	1
0	29
0	9
0	257
0	115
1	450
841	614
0	264
0	177
0	90
5	574
2	131
8	11
2	85
1	61
0	363
126	408
3	358
0	77
0	142
0	30
0	31
0	24
0	14
0	23
0	19
1	16
1	6
4	4
0	2167
0	1359
29	474
1	497
0	1196
1	1007
0	629
0	1085
3	956
0	974
8	992
16	758
0	748
1	454
5	0
0	0
0	2
0	0
0	1
0	176
0	494
14	178
0	416
4	138
3	192
0	403
0	379
0	152
0	185
9	180
0	157
10	114
6	88
0	745
0	743
0	1327
47	1323
4	126
0	0
0	0
0	0
0	0
0	0
0	0
0	0
0	0
0	0
0	245
0	204
553	1254
2	227
0	122
1	1171
0	108
0	322
2	117
1	228
3	17
0	281
3	273
0	0
0	0
0	0
0	0
5	0
0	0
0	0
275	671
8	671
0	12
0	12
0	12
0	13
0	10
0	9
0	9
0	8
0	7
0	0
0	4
0	3
0	3
0	5
0	3
0	3
0	2
0	2
0	0
6	437
5	814
21	976
0	421
16	44
7	803
4	287
22	635
0	742
0	290
0	450
3	355
3	215
0	556
1	411
0	228
3	287
1	147
15	1288
0	1288
0	29
0	118
2	3
0	40
0	22
0	100
1	136
105	281
32	32
48	251
114	1745
91	1623
0	1683
0	1597
0	1310
0	1305
0	818
0	44
0	34
3	34
0	8
1	7
0	3
3	0
0	0
1	222
0	21
0	154
0	51
0	18
0	230
0	36
1	206
0	176
1	118
0	2
23	304
9	59
2	38
0	19
0	7
0	61
30	19
0	80
18	16
0	45
1	89
0	64
2	60
0	54
0	101
8	1
0	6
1	13
0	92
0	0
0	0
4	183
1	143
0	86
0	28
0	53
2	54
2	26
3	26
0	426
4	52
5	14
0	426
291	0
2	49
0	42
1	41
0	31
1	13
0	8
14	15
0	7
0	159
144	163
0	80
0	57
0	64
15	73
0	56
6	151
0	225
0	278
0	339
0	334
0	319
0	267
0	281
0	273
0	280
3	268
4	268
0	209
8	169
0	51
0	120
0	0
4	117
0	112
0	0
0	0
0	0
0	0
0	0
0	0
0	0
0	0
0	0
1	184
2	164
0	136
0	89
0	60
0	85
1	11
0	1
0	1
0	0
0	0
0	0
0	0
1	0
0	12
5	28
0	193
0	11
0	194
0	0
0	0
0	0
0	0
0	0
0	0
0	0
0	0
0	0
0	0
0	0
4	232
2	155
5	218
2	8
0	108
4	11
0	47
1	197
2	197
2	196
0	0
0	0
0	0
0	0
0	470
0	57
0	58
0	24
3	325
0	493
0	638
0	368
0	450
1	589
8	312
0	387
1	61
0	865
0	1504
31	1346
0	1504
14	528
0	89
2	52
1	240
0	393
0	327
0	387
0	39
0	471
3	188
2	188
3	437
0	187
0	174
0	233
0	231
244	9
4	9
0	2
13	2
0	1
0	0
0	1
0	0
0	124
0	93
0	99
0	70
4	35
0	98
0	124
0	18
0	3
0	13
0	8
0	4
2	22
0	2
0	4
0	4
3	350
5	356
0	38
0	62
1	46
0	95
0	284
3	361
0	316
0	95
0	120
0	125
0	41
10	27
4	92
6	65
2	30
1	78
0	378
0	339
0	19
0	19
3	17
0	13
0	19
0	13
0	0
0	0
0	0
0	0
2	185
2	187
1	65
0	66
0	47
60	101
0	93
3	8
0	419
0	1031
0	4
1	112
0	16
0	108
0	9
0	1017
1	993
0	114
0	127
0	113
0	120
0	5
0	6
0	11
0	0
0	0
0	0
0	0
0	0
0	10
0	0
0	0
0	0
0	0
0	8
0	11
0	10
0	4
0	10
0	10
1	115
2	417
0	123
0	220
387	668
0	115
0	118
0	79
201	37
3	40
12	46
42	186
0	29
0	25
0	202
0	10
0	29
0	1
76	51
0	43
0	17
0	11
0	9
0	11
4	409
0	325
3	403
29	410
0	0
0	0
0	0
5	0
0	0
0	0
0	0
0	0
0	0
0	0
0	0
0	0
0	0
0	0
0	0
0	110
0	53
2	110
0	9
1	30
2	31
0	8
0	5
0	1
0	5
0	4
0	0
0	0
0	263
0	249
0	261
0	257
0	261
0	203
0	187
0	129
1	140
0	16
0	8
1	18
0	21
0	15
0	21
0	6
0	0
6	1
0	5
0	5
8	0
0	0
0	405
0	455
1	415
0	65
2	274
41	479
1	448
0	74
0	10
24	97
3	47
1	111
3	0
0	81
3	77
6	74
0	65
0	59
0	57
34	18
0	117
0	111
2	42
2	89
0	17
3	2
2	9
4	65
0	41
0	24
0	19
1	11
6	4
0	11
0	12
0	11
0	4
0	9
0	2
0	0
0	0
0	527
0	346
0	527
0	859
0	855
0	729
0	1015
4	435
0	855
0	859
0	235
0	853
0	672
0	1788
0	1781
0	1770
0	1732
1	1777
0	1540
1	802
0	813
0	610
0	482
0	427
0	306
0	169
0	137
1	130
1	610
0	74
0	504
0	603
0	595
0	628
0	618
0	581
0	597
0	607
0	609
0	540
0	569
0	605
0	593
0	574
0	477
0	518
0	448
0	210
1	159
0	78
0	96
9	60
7	9
12	251
149	251
0	20
0	34
0	26
0	43
0	2
0	0
0	3
0	43
0	3
1	15
0	8
0	10
0	10
0	26
0	26
0	0
1	0
0	0
1	0
0	0
0	0
4	3
0	0
1	0
0	481
0	490
1	500
0	133
0	153
5	170
2	101
1	96
2	83
14	74
3	65
0	258
1	233
0	77
0	19
0	38
0	13
0	25
1	0
0	2
0	2
0	1
0	2
0	2
0	1
0	1
1	167
0	63
0	40
0	2
0	0
0	0
0	2
0	60
0	269
14	268
60	146
0	83
0	22
676	91
4	96
1	74
0	7
4	6
0	8
0	3
0	3
0	256
1	261
0	7
35	14
0	250
0	77
0	594
2	284
0	613
0	154
0	246
0	93
30	285
7	303
0	55
0	55
0	1
0	1
0	862
109	529
4	547
0	470
5	858
1	525
4	767
2	465
0	773
0	525
0	114
0	247
0	149
0	246
0	223
0	151
0	197
0	266
0	181
0	117
0	51
0	14
11	75
0	44
0	207
0	188
0	208
0	33
1	490
6	571
0	518
40	411
0	172
0	25
584	750
5	527
15	275
1	234
1	163
9	123
0	67
0	8
0	96
8	313
1	325
0	323
0	365
105	176
3	105
0	207
2	696
0	695
0	353
2	279
0	288
0	0
0	27
0	4
0	5
1	3
0	6
0	4
0	4
2	1
0	27
0	27
0	1715
2	335
2	1
1	0
0	150
0	1547
0	0
0	145
3	609
2	1235
1	117
0	262
1	166
0	73
0	111
3	223
2	32
0	169
1	69
0	0
135	2369
37	2266
31	1325
0	791
4	266
328	0
0	0
1	20
4	344
0	13
0	16
11	346
0	251
0	271
0	2
0	1
0	2
0	0
0	1
1	0
30	1824
0	44
0	31
2	1275
52	1790
0	1789
2	1201
0	608
0	852
1	57
0	55
0	999
20	750
0	58
0	65
0	328
0	982
0	208
0	295
0	39
0	111
0	84
0	75
0	112
0	61
0	34
18	343
1	137
5	74
5	34
811	104
0	46
0	433
0	564
0	15
7	12
0	559
39	556
0	561
0	459
0	542
0	558
0	558
0	14
0	1
4	6
0	6
0	4
0	1
0	1
0	0
0	0
202	359
5	118
6	144
2	115
2	60
7	16
0	358
0	359
0	0
0	0
0	655
0	1121
0	637
3	297
0	987
0	339
0	902
0	368
7	405
9	125
0	993
9	147
1	982
14	391
0	352
6	212
21	47
0	231
0	1121
0	1048
0	987
0	1012
0	968
0	33
0	33
1	1
0	6
0	10
11	30
0	0
0	0
0	8
0	8
0	6
0	1
0	1
0	6
0	0
0	0
0	0
0	0
0	2
0	1
0	1
0	0
0	0
2	16
0	337
9	19
1	36
0	61
6	328
0	27
0	1072
139	685
0	667
1	597
0	544
0	138
0	105
0	91
18	216
1	120
101	936
1	761
4	27
0	397
444	287
1	287
0	0
0	0
0	0
0	6
3	467
3	498
0	479
0	257
1	48
1	16
1	23
0	20
0	179
185	365
9	85
1	212
0	4
0	18
5	5
1	28
13	64
5	60
0	2
1	2
1	4571
0	4681
0	555
0	855
2	59
1	336
0	1228
0	223
0	224
2	0
13	269
16	1319
1	1861
91	450
0	233
0	4470
0	1080
0	6171
0	4893
0	2904
0	3967
0	2179
0	3495
0	3731
0	3892
0	2015
0	1997
0	1998
46	352
0	1963
7	1841
2	1917
0	219
0	289
0	70
2	26
0	167
115	49
0	90
0	143
0	265
0	20
7	0
5	305
0	365
0	339
0	386
35	135
0	122
0	12
0	0
0	0
0	0
0	0
0	12
0	12
0	0
0	0
0	0
0	0
0	0
0	0
0	0
0	242
0	250
1	212
0	179
4	148
0	29
0	93
0	95
0	33
0	44
1	10332
1	9442
0	9963
0	8482
0	9517
0	10036
0	9598
0	9748
0	9886
0	9881
0	9459
0	10045
0	8452
0	8238
0	8459
436	256
0	247
0	185
0	96
0	59
0	25
0	40
9	0
7	192
2	225
356	62
0	404
0	262
5	407
6	122
1	9
1	21
5	75
0	37
4	20
3	0
0	78
0	64
0	13
0	10
0	84
0	11
0	50
0	11
0	77
0	70
0	261
1469	2748
0	2509
946	640
18	2386
0	388
10	639
0	302
0	419
11	266
1	679
3	708
14	347
0	677
0	187
1	5
4	170
1	120
0	733
1	722
0	65
2	923
21	755
1	114
2	130
0	61
51	221
0	57
0	12
13	337
0	231
1	81
3	39
3	892
2	88
0	2145
2	423
3	4
13	1676
0	2076
0	1526
0	1687
3	929
1	3
0	2078
0	1458
0	822
0	761
0	705
5	56
2	0
4	604
0	148
590	1072
1	320
3	773
0	846
0	0
1	509
0	0
0	0
90	14
66	213
2	213
0	213
0	190
4	15
0	0
0	0
2	2
0	2
0	1
1	0
20	632
0	632
0	12
0	28
0	0
0	110
0	2057
76	1938
0	2100
0	2064
16	1832
11	625
0	540
2	457
0	360
0	276
0	105
1	81
1839	502
1	502
1	1
0	4
0	4
0	4
0	4
0	0
0	3
0	2
1	0
0	1
0	1
0	1
0	1
0	1
0	1
1	1
0	1
0	1
0	1
0	1
0	1
0	0
0	0
1	275
0	284
12	78
0	25
0	45
0	44
1	25
0	0
8	25
0	576
0	554
1	106
0	49
1	50
0	129
0	250
0	248
0	121
3	66
2	213
4	63
1	63
10	4
0	224
0	145
5	108
0	91
0	88
0	49
0	52
0	49
3	29
85	40
0	47
0	30
33	7105
0	6955
0	6730
0	6650
0	6669
0	6434
0	6775
15	1075
6	787
1189	787
3	33
0	16
1	5
0	2
0	5728
0	5740
0	4974
0	5050
0	3446
2	20
3	73
12	2
356	270
2	212
48	55
0	18
0	486
1	526
0	507
0	549
0	422
32	226
0	266
4	113
0	20
0	24
0	2
0	2
0	0
10	10
0	6
0	3
1	4
0	41
0	51
0	404
0	56
0	324
0	150
0	74
69	510
0	83
2	116
0	78
2	467
0	54
0	61
0	71
0	146
0	401
0	448
2	27
1	120
13	8
0	47
1	42
0	4
0	39
0	10
2	13
0	7
37	57
0	49
0	15
0	12
0	9
0	253
0	1026
33	1018
5	655
1	114
0	55
0	32
0	41
0	9
0	0
34	27
0	5
0	13
0	1
0	10
0	2
0	0
0	10
1	10
0	6
0	0
0	0
0	1
0	1
0	0
0	1
0	1
0	1
0	1
0	1
0	1
0	1
5	11
0	11
1	5
0	0
2	9
4	130
3	138
0	158
0	221
0	502
6	422
0	176
0	82
2	269
0	232
1	262
0	148
4	133
0	0
0	0
0	0
0	0
0	0
0	0
0	2717
0	2899
1	4048
0	4246
0	4108
2	4235
3	4234
0	4233
0	4149
0	4238
0	4162
0	4162
0	4176
1	4175
0	4178
1	4235
0	4235
0	4078
1	4082
45	4081
0	4239
0	4108
0	4105
0	4077
0	487
3	2629
31	2708
1	973
0	332
0	439
0	334
0	195
0	84
3	47
0	74
0	0
113	419
0	353
0	73
0	57
0	122
0	55
0	50
0	19
0	0
0	0
0	17
0	25
0	90
48	1035
0	1041
0	174
0	79
0	33
0	37
0	24
2	88
18	222
0	47
0	46
0	46
0	46
0	18
0	12
0	24
0	8
13	4
1	5
106	48
58	43
3	11
0	25
14	12
51	4
0	594
0	595
0	601
2	605
1	243
1	127
0	60
0	67
0	39
1	33
17	117
0	118
0	16
29	547
0	459
13	429
4	427
1	154
2	190
76	551
32	385
0	79
0	413
0	371
12	256
0	300
2	215
0	220
0	52
13	82
0	43
0	25
0	16
0	473
0	457
0	389
0	419
0	432
0	392
18	328
0	203
1	92
0	76
9	0
1	0
1	6
0	6
0	5
1	5
1	2
0	5
0	1
0	0
33	1547
0	1565
0	659
1	175
2	254
0	810
7	400
0	418
0	682
0	522
302	0
0	0
0	0
0	772
0	803
0	815
0	845
0	829
0	790
0	794
0	723
0	833
0	71
0	725
1	663
0	749
1	402
0	321
13	430
8	417
2	250
1	271
6	165
0	205
1	58
162	574
0	528
0	735
0	150
0	541
0	661
1	629
0	0
0	87
0	144
3	60
0	27
1	19
0	20
2	24
0	22
0	1
0	0
0	1
0	1
0	0
0	1
0	1
0	1
0	1
0	1
0	0
0	1
0	1
0	1
0	0
0	1
0	1
0	1
0	0
0	0
0	0
0	1
0	7320
0	6163
0	1064
5	2633
2	772
0	5548
52	8008
36	6421
0	337
0	6284
0	1622
4	1032
0	5823
0	1305
3	6167
15	422
3	368
2	5365
3	1002
0	0
4	59
11	2452
0	34
0	34
0	28
0	28
0	6
0	11
0	34
0	0
0	0
0	45
2	417
546	543
6	159
2	19
4	78
0	92
8	64
0	6
0	6
0	3
0	1
0	1
0	0
0	0
0	0
0	0
0	3
0	4
0	2
1	2
0	3
0	2
0	0
0	1
0	1
0	0
0	496
0	496
55	496
0	32
258	322
3	214
1	11
0	1
3	55
0	90
0	57
486	1370
2	430
5	386
0	475
1	210
0	442
0	440
0	305
0	369
0	198
0	74
8	121
0	121
0	19
0	6
0	23
0	17
0	20
0	6
0	18
0	18
195	24
4	24
738	0
0	41
0	34
0	27
3	15
0	9
2	1
0	0
0	0
0	0
0	1
0	0
0	0
0	0
0	0
0	1
0	0
0	0
0	0
0	0
0	395
0	360
7	377
0	371
0	386
0	373
0	386
0	0
0	0
0	0
0	101
19	200
21	159
0	398
0	426
0	358
19	133
0	42
0	129
9	18
26	11
16	42
0	218
28	51
1	418
7	430
0	429
0	431
0	431
0	71
0	73
1	32
0	39
0	28
1	12
0	2
1	2
0	347
0	631
0	628
0	618
0	637
0	502
26	155
2	42
0	94
1	210
0	86
0	226
0	217
0	208
0	626
2	561
2	196
0	249
1	67
0	200
1	184
0	128
8	177
0	353
0	75
5	212
4	191
4	38
0	8
0	4
0	32
0	35
0	1
0	1
0	0
0	0
0	1
0	2
0	3
0	1
1	1
0	0
0	0
0	0
0	3307
3	3525
28	56
0	424
0	3767
13	3468
2	292
4	561
0	2918
0	66
10	638
0	555
2	20
0	60
3	220
3	2521
192	2670
0	174
4	210
3	657
9	613
0	6
0	4
0	4
0	6
0	6
0	6
0	4
0	3
0	4
0	4
0	2
0	2
0	2
0	0
21	4443
48	5658
55	5682
0	5213
0	6
18	1040
0	1786
20	2908
4	3937
14	2808
49	1999
486	1228
0	106
1	104
53	1140
4	592
0	249
10	1
0	417
0	65
0	259
2	255
5	58
1	146
4	523
0	7
0	91
0	470
0	439
0	462
0	304
0	237
0	341
0	317
0	323
0	306
1	324
0	344
0	251
0	338
0	340
0	315
0	325
0	157
0	218
0	219
1	56
0	140
0	170
0	172
0	120
0	170
0	101
0	101
0	87
0	99
0	53
0	53
0	37
0	2
15	7
0	9
2	4
0	0
61	241
1	88
1	209
0	238
0	211
0	179
2	33
6	34
1	0
2	5
0	5
0	4
0	1
0	2
0	0
0	0
47	1038
28	979
0	1038
3	400
27	1238
86	1214
0	351
5	429
0	0
0	0
0	0
0	0
0	0
0	0
0	6
2	6
0	6
227	338
6	285
20	305
0	0
0	0
0	0
0	0
0	164
0	478
0	471
0	489
0	489
0	471
0	493
0	471
25	315
0	484
0	422
0	510
0	437
0	412
0	413
0	201
0	365
1	267
0	183
0	231
0	260
0	228
0	184
0	176
0	205
0	172
0	214
14	207
1	179
0	216
0	169
0	199
0	194
2	63
0	126
0	147
16	157
0	68
0	135
0	70
0	126
0	129
0	63
0	93
0	53
0	54
0	50
0	59
0	34
9	18
10	14
0	16
22	36
0	135
170	0
0	0
10	64
11	319
16	303
9	167
0	206
9	89
2	201
8	24
0	43
0	4
0	0
0	0
0	0
0	0
0	0
0	0
0	0
0	0
0	0
0	0
0	63
0	995
0	460
0	112
0	94
2	98
0	3
0	32
0	62
0	16
0	31
5	1
1	984
17	250
0	123
0	126
0	84
6	124
0	131
0	139
0	132
0	126
0	101
0	127
0	58
3	45
4	10
0	1
0	543
198	367
9	89
0	24
0	45
0	20
1	35
1	16
4	20
0	209
1	39
1	33
0	51
1	39
0	54
0	43
1	46
25	16
0	16
843	81
34	18
15	63
3	810
1	8
0	23
0	532
257	0
3	2
0	1
0	1
0	2
0	1
0	0
0	0
0	29
0	15
0	15
0	20
0	18
0	17
0	16
0	30
0	11
0	11
0	18
0	10
0	7
0	4
0	111
0	95
80	280
0	15
6	288
0	112
0	80
1	10
0	22
0	10
0	18
2	11
470	0
0	0
0	0
1	1037
0	996
1	666
2	124
0	424
21	279
0	0
0	929
0	1001
0	263
0	0
0	860
0	891
1	131
1	268
2	289
1	8
0	693
0	683
0	84
0	205
1	142
1	547
3	492
0	2735
0	2680
0	2735
4	568
0	21
0	28
0	19
2	7
2	2426
0	419
38	2500
9	147
0	179
1	77
0	118
0	124
3	374
3	226
0	238
2	340
0	204
0	284
10	147
0	89
1	369
19	113
0	165
0	203
0	276
2	31
1	121
19	2
0	2
0	45
0	12
0	8
2	420
2	70
0	431
0	431
0	1090
0	429
0	108
0	263
0	187
0	125
0	1
0	1
0	2
0	0
1	2
1	1
3	146
0	150
0	0
0	0
0	313
0	317
0	9
0	2
1	19
0	40
0	19
0	16
0	40
0	25
0	315
0	315
0	1
0	16
0	8
0	22
0	315
28	683
0	675
3	156
0	533
0	254
1	482
0	148
0	141
0	131
0	114
4	260
0	260
0	259
0	346
0	346
0	327
0	339
0	339
0	334
0	171
1	169
0	345
0	337
0	185
3	103
0	4
0	10
0	13
0	1
0	1
0	0
7	302
0	266
1	51
0	6
0	14
0	44
0	246
0	48
1	1673
0	1603
0	197
2	1845
0	1687
261	1975
0	199
0	203
0	515
6	192
1	164
0	225
6	270
0	2258
0	291
27	313
3	306
3	497
0	476
0	159
0	669
4	2245
4	625
3	46
0	232
0	18
8	1628
36	1500
3	254
0	691
0	446
0	8
0	8
17	120
1899	120
0	65
721	73
0	44
5	195
0	195
0	48
0	191
0	195
2	17
0	21
2	22
0	3
0	0
49	821
0	1240
0	642
11	400
0	199
0	191
0	110
4	106
0	88
1	19
0	66
4	708
0	44
0	62
1	660
4	439
1	664
0	678
0	579
1	79
0	75
0	65
3	3
8	65
0	102
0	0
3	55
4	5
1	2
0	0
0	2
0	0
0	0
0	1
0	0
0	0
0	1
2	1
0	1
0	1
0	0
0	0
0	0
0	0
0	0
0	34
1	761
5	737
0	56
4	733
0	768
0	52
0	53
0	755
0	30
0	50
0	50
0	32
0	11
0	12
1	11
0	1
0	99
1	706
0	629
0	66
0	42
2	34
9	37
0	27
0	759
0	0
0	0
0	0
10	3
0	0
0	3
2	0
4	115
0	115
1	50
0	0
0	0
0	0
0	0
1	324
2	527
0	293
1	295
1	376
1	62
26	499
3	44
17	96
144	323
0	297
0	3
0	276
0	51
0	43
1	49
0	5
0	214
0	541
0	813
0	807
0	770
0	596
0	793
0	813
0	807
0	578
0	645
0	512
0	613
0	297
0	507
0	459
1	394
0	412
0	397
0	283
0	370
0	369
0	352
2	103
0	133
0	314
0	128
1	202
1	228
0	95
0	222
0	228
0	187
0	197
0	184
0	141
0	178
1	160
0	105
0	99
2	27
1	76
0	65
0	39
0	0
0	0
6	10
0	10
0	16
0	8
0	17
0	16
0	0
0	0
0	0
1085	871
2	282
1	589
0	0
0	0
0	0
0	0
1015	577
7	387
0	538
13	259
0	436
0	190
0	118
2	124
0	116
0	116
0	109
0	93
0	36
0	79
0	78
0	76
0	71
0	57
0	2
1	0
0	3
14	10
0	7
1	0
0	3
0	3
0	0
0	0
0	0
0	0
6	201
3	194
2	219
0	57
2	108
3	80
2158	1015
1	965
0	334
1	40
0	41
2	40
0	356
0	314
5	349
4	88
0	14
0	0
0	0
0	0
0	0
0	0
0	0
0	0
0	0
0	0
2	612
0	616
2	597
0	186
7	95
0	436
0	0
10	5
0	67
0	0
0	434
0	93
16	68
6	128
8	136
0	166
0	109
3	42
0	37
1	0
512	723
0	710
6	185
0	108
3	67
0	20
0	3
0	3
0	2
11	31
0	28
0	6
3	3
1	1690
0	0
0	0
0	457
0	457
0	27
0	440
0	404
0	435
0	336
0	412
0	387
0	406
0	393
0	385
0	437
0	403
0	393
0	419
0	320
0	392
0	444
0	345
0	437
1	438
0	335
1	73
0	111
0	321
3	277
0	181
0	187
0	242
0	258
0	206
0	217
0	223
0	234
0	222
0	220
0	153
0	200
0	225
0	183
0	73
0	29
0	66
0	103
0	31
0	79
0	5
0	95
0	122
0	85
0	114
0	113
0	131
0	59
0	85
2	49
0	97
0	57
5	67
0	66
0	4
0	0
0	0
0	0
0	0
0	0
0	0
0	0
0	0
0	0
0	0
0	5
0	5
0	5
0	2
0	1
0	2
0	3
0	4
1	4
0	0
0	0
0	0
0	3
0	3
0	0
7	1143
24	1192
35	103
0	387
0	387
0	71
17	188
14	380
0	176
0	15
0	245
0	40
0	76
0	25
0	1168
0	306
10	313
2	226
0	264
1	35
0	26
0	0
0	4
271	107
3	14
1	23
0	25
0	79
0	6
4	2
0	2
0	0
4	465
0	12
1	465
7	21
1	41
0	0
0	206
0	335
0	33
0	29
74	267
13	267
0	27
0	98
5	6
0	2
2	127
1	152
0	206
0	287
8	318
0	481
0	464
0	474
0	1028
0	1043
0	1018
0	1028
2	1045
0	1048
0	1014
0	1023
0	1033
2	1006
0	997
0	979
0	1035
0	869
0	72
0	23
0	774
0	706
0	80
0	591
1	621
0	556
0	561
1	552
0	553
0	452
0	428
0	320
0	34
0	0
0	0
0	0
0	0
0	0
455	0
0	400
0	550
0	287
2	43
2	43
1	69
0	389
1	478
0	0
0	1
0	0
0	1
0	1
0	0
3	473
5	473
0	0
0	0
1	0
0	392
1	401
0	43
0	39
2	41
0	30
0	32
99	10
0	908
4	908
0	39
1	0
0	0
0	0
0	0
6	0
1	0
16	0
5	0
1	0
0	0
1468	0
7	0
17	18
0	18
27	0
2	228
215	228
676	0
0	0
0	38
3	29
0	208
52	266
0	257
0	263
0	80
0	43
0	154
0	99
0	96
1	62
0	110
0	50
1	23
33	26
0	157
184	1288
40	1240
1	409
7	329
0	275
0	0
0	0
0	0
0	0
0	0
0	0
0	0
47	77
0	77
0	3045
14	3174
0	3039
0	1243
0	2886
0	1289
0	1254
0	964
65	365
0	598
0	399
0	384
2	348
0	334
0	322
0	312
2	191
0	299
22	0
0	590
0	570
1	561
4	446
1	410
0	70
3	315
43	199
3	24
2	24
0	2
1	10
0	204
0	5
1	1003
2901	1217
10	1079
2	180
0	175
0	451
0	12
0	0
1	330
0	331
0	25
0	233
0	29
0	170
1	25
0	330
0	28
0	27
4	17
0	22
0	0
9	1551
0	591
0	1615
15	1608
0	1450
1	1219
0	1563
32	1068
1	1436
16	1635
2	1080
0	188
3	1392
0	0
0	0
0	80
0	261
0	0
0	116
5	113
0	161
1	131
0	53
0	49
8	63
0	153
0	0
0	0
0	0
1	258
0	216
0	1328
21	1476
0	1082
0	49
1	1476
1	141
0	0
0	14678
0	8761
0	12329
0	19
0	19
0	19
0	19
1	55
0	55
17	3269
60	3269
7	125
6	471
3	130
2	591
5	304
3	170
32	5
0	4
0	16
0	16
1	15
0	10
9	7
0	0
8	59
0	53
0	302
0	272
9	58
10	208
4	29
0	47
267	61
2	48
0	12
0	4
0	9
0	1451
2	1446
0	101
8	1098
0	6316
0	309
1	4025
0	6266
0	4399
0	3709
0	3671
0	3248
0	5225
0	2339
129	371
0	337
1	29
0	40
0	366
0	27
0	57
0	77
0	336
0	361
0	34
0	370
0	32
0	20
1	2
0	39
0	10
0	33
0	50
0	1
0	2
0	2
0	2
0	1
0	2
0	2
0	4
0	2
0	2
0	1
0	46
17	114
0	97
0	96
0	79
0	27
1	14
0	16
0	4
1	2
0	1
0	18
0	11
0	1183
9	69
0	69
0	64
0	14
0	12
0	2
0	986
1	884
1	918
0	767
0	21
1	34
6	160
1	147
0	81
0	132
4	51
0	9
0	9
0	1
0	0
0	42
0	203
6	169
0	0
1	0
0	167
0	5
0	165
0	156
0	54
0	14
1	32
0	125
0	18
0	102
6	7
0	104
3	594
0	291
0	109
1	520
0	121
0	58
0	12
138	109
0	108
0	24
0	24
0	29
0	14
0	2
0	29
0	27
0	23
0	16
0	17
0	0
0	3
235	270
0	64
1	154
4	111
0	20
0	251
0	218
0	248
0	373
0	379
23	256
1	143
1	595
0	145
0	241
0	579
0	565
0	586
411	441
8	415
0	445
21	0
0	44
0	56
0	34
0	31
0	15
0	15
3	22
0	134
1	106
0	28
1	20
2	30
0	30
3	26
0	25
0	26
0	26
0	19
0	19
0	13
0	17
0	1
0	0
1	1
0	1
0	0
0	86
1019	485
5	464
1	7
0	54
1	46
2	60
0	98
0	93
1	64
3	94
24	41
0	52
0	65
0	77
0	0
0	0
0	0
0	0
0	0
0	0
0	0
0	50
12	441
0	1058
0	1033
2	634
0	72
0	17
12	60
0	67
1	11
1	49
0	12
0	38
0	35
1	150
0	152
0	60
2	40
0	152
3	724
48	724
0	205
0	13
1	11
1	11
0	2
20	56
0	244
0	233
184	259
0	29
0	48
0	17
0	36
0	422
0	444
0	408
495	363
1	338
2	87
796	17
10	638
0	638
0	52
3	18
1	163
0	21
394	666
8	0
0	90
5	73
1	26
0	518
54	45
0	45
0	46
0	45
0	46
0	46
0	8
0	8
0	5
0	0
0	0
0	0
0	0
0	1
774	13
0	10218
0	4217
94	3441
0	8861
0	7475
0	9812
0	873
0	6605
0	4819
0	6197
0	3837
0	10286
0	8103
0	2396
0	1844
0	58
323	130
0	108
2	60
0	80
0	29
2	42
2	10
0	4
1	137
0	8
0	4
0	8
0	7
1	136
0	5
0	23
1	134
0	14
13	10
0	3
0	2
3	3
231	34
4	13
5	21
0	1413
0	1220
1	281
8	369
2	1300
1	1368
0	1512
0	1102
0	1132
0	1330
11	793
0	521
1	58
0	274
3	0
0	1369
0	1206
1	296
3	256
1	499
0	400
2	423
0	0
0	0
0	0
0	0
0	3
4	123
1	24
1144	249
1	28
0	110
17	10
3	2558
1	2241
0	2023
3	2450
0	430
1	649
5	408
1	213
1	95
0	215
0	60
0	103
1	43
0	40
5	14
32	160
13	138
0	9
0	4
217	14
1	10
0	3
0	3
0	3
281	426
0	338
2	368
0	311
0	117
0	71
5	56
0	72
0	292
1	731
0	753
0	278
0	44
0	59
0	62
2	24
0	33
0	1
0	1
0	1
1	266
53	174
66	117
0	293
1	165
0	110
0	216
4	215
3	81
32	132
3	75
6	43
14	0
3	53
0	87
0	57
11	28
41	32
36	49
0	49
0	13
0	0
0	10
0	0
0	0
0	0
0	1
0	1
0	0
0	1
0	0
0	0
0	0
0	0
0	0
0	0
0	0
0	0
0	0
0	0
0	0
0	20
0	20
0	0
731	1205
43	1204
0	74
9	12
0	329
0	173
2	112
164	51
0	35
1	22
0	19
0	23
0	25
130	25
5	119
3	60
0	631
0	364
1	291
7	70
5	58
0	132
0	228
0	190
1	361
0	51
0	569
0	410
0	372
0	459
13	467
26	134
5	194
0	0
0	0
0	0
0	0
0	0
0	1
0	4
0	4
0	4
8	0
0	0
0	0
0	0
0	0
0	0
0	0
0	0
7	602
1	635
0	700
6	607
0	629
0	711
16	49
10	50
0	52
1	132
3	69
0	61
50	69
0	36
9	6
0	155
1	12
0	136
13	112
0	358
0	161
0	159
0	160
6	4
0	86
0	24
3	53
0	344
0	136
0	73
0	89
0	74
0	103
0	112
0	107
1	33
9	17
0	10
1	13
0	8
1	4
1	7
0	8
0	3
0	3
4	58
1	5
1	70
0	59
0	19
0	0
0	0
1068	279
0	279
0	0
0	0
0	0
0	0
0	0
0	1
0	0
0	2
0	3
0	2
0	0
0	0
0	0
0	1
0	2
0	0
0	0
0	0
0	0
0	0
0	0
0	0
0	0
0	0
0	0
0	0
0	0
0	0
0	0
0	3
0	0
0	3
0	0
0	3
0	0
0	0
0	0
0	1
0	3
0	0
0	0
0	0
0	0
0	0
0	2
0	0
0	0
0	0
0	0
0	0
0	0
0	0
0	1
0	0
0	0
0	2
0	0
0	0
0	0
0	0
0	0
0	3
0	0
0	0
0	0
0	0
0	0
0	0
0	0
0	0
0	0
0	0
0	0
0	0
0	0
0	0
0	1
0	1
0	1
34	2013
0	1922
2	1705
9	522
1	444
7	114
0	282
0	377
0	476
0	264
1	240
11	61
0	285
0	562
4	55
0	410
0	152
5	211
53	359
0	292
11	288
6	340
3	197
0	153
0	489
0	270
0	139
0	102
0	129
0	90
0	227
4	487
2	0
0	0
0	3
0	0
0	3
0	3
0	3
0	3
638	59
0	102
1	325
0	289
18	420
0	0
0	0
0	28
371	98
2	15
1	81
0	60
0	76
3	21
0	12
0	10
0	754
1	1693
0	1716
0	1729
3	1642
0	1731
0	1721
0	1642
0	1671
0	1688
1	993
1	999
0	123
0	196
0	943
3	1011
10	910
0	185
8	614
0	199
0	125
0	161
0	135
2	182
0	65
0	47
0	97
0	132
0	19
1	79
0	14
0	0
0	1
0	2
0	1
0	0
0	0
0	1
0	0
0	39
0	455
0	448
0	28
0	30
0	44
0	20
67	552
0	11
0	12
1	10
1	11
0	11
0	61
0	474
0	43
1	61
0	474
0	532
0	51
2	415
0	378
0	431
0	383
2	384
1	414
0	201
0	399
0	331
0	332
3	272
0	237
0	162
0	2
0	2
1	11
46	13
0	4
1	48
19	84
3	42
17	45
0	45
0	0
0	1
0	0
0	1
0	1
0	1
0	0
12	522
0	543
2	545
83	521
1	528
0	544
2	7
0	0
0	0
76	1040
0	10
0	733
0	733
0	704
0	499
0	48
7	300
28	545
0	546
0	104
0	76
0	57
0	0
0	128
1	434
0	430
1	98
0	137
0	99
0	60
0	0
0	132
0	91
2	105
0	61
0	114
31	200
2	97
2	0
0	0
0	0
0	0
0	0
0	0
0	0
0	2
0	2
0	1
0	0
1297	461
6	92
1	111
0	31
0	278
0	4
0	0
0	0
0	2
0	4
0	0
0	1
0	1
0	12
0	14
0	15
106	76
0	37
5	66
0	34
0	46
0	14
198	94
0	94
0	76
1	30
0	0
0	0
0	114
0	438
3	424
0	442
0	77
0	96
0	45
1	43
3	41
5	43
0	48
8	22
0	1654
0	1655
1	470
0	838
0	1493
82	772
0	1502
0	886
0	1502
0	1393
0	1454
0	727
0	510
0	731
0	379
0	1224
0	907
0	108
1	89
2	136
0	760
0	68
0	155
5	871
0	63
0	643
0	146
0	623
0	784
4	25
0	6
0	20
0	19
0	1
0	200
2	88
0	181
0	108
0	20
0	23
0	6
0	17
0	19
0	13
0	13
0	7
0	7
0	5
0	0
0	0
0	347
1	604
0	171
3	618
0	617
0	349
0	473
0	427
0	475
0	363
5	385
1	471
0	457
1	219
1	162
0	0
0	218
0	189
0	222
0	37
0	70
0	3401
0	52
0	441
4	780
0	2587
0	3491
0	728
1	586
0	585
2	543
0	3344
1	1255
5	1145
0	727
1	702
16	386
0	2532
1	448
0	446
13	440
101	360
0	2375
1739	5017
3	200
0	328
3	4656
0	389
0	273
0	1844
4	1467
2	425
4	403
17	0
2	0
1	4
0	1
0	3
0	0
0	1
0	0
0	1
2	19
0	50
0	37
0	33
3	0
3	7
0	8
7	13
0	4
1	4
1	0
1	342
0	288
0	20
0	20
0	59
167	297
0	24
1	19
16	195
3	50
0	597
0	682
0	852
2	852
0	268
1	354
0	281
7	525
0	486
2	112
3	23
0	75
0	92
1	65
0	35
0	766
0	873
1	777
2	320
0	387
31	765
0	721
45	821
0	705
0	329
3	72
4	153
29	79
0	113
0	172
16	6673
0	7890
0	7890
70	7870
8	7960
2	7264
15	5754
15	7879
0	7877
1	8478
0	8517
0	8695
0	8334
0	8481
2	8315
0	8628
0	8628
0	2444
0	9003
0	6932
0	7451
0	8013
62	1098
6	7276
1	2558
0	1254
0	6828
0	7565
0	6046
7	1241
0	1520
0	2740
0	1915
0	2015
4	5097
0	1102
0	242
0	477
0	180
0	1092
38	646
0	1092
0	688
0	723
0	141
0	170
0	100
0	131
5	78
0	318
0	257
2	125
1	6375
0	2555
0	4508
0	120
0	90
144	113
4	90
0	18
0	81
0	24
0	116
2	89
0	0
0	0
0	121
0	1526
0	830
0	237
1	21
0	22
1	18
0	22
0	35
0	1
2	35
0	3
0	5
0	1
1	11
0	0
0	0
0	0
0	0
0	0
13	307
0	223
0	23
0	41
887	113
30	42
0	114
0	41
4	93
165	93
0	1
0	1
0	1
0	3
0	0
0	525
0	432
4	95
0	417
0	462
1	375
0	500
5	53
5	84
0	139
28	198
6	146
0	144
0	111
0	62
0	119
0	107
2	69
0	2388
6	2411
0	645
0	635
0	548
0	244
0	127
0	113
0	96
0	71
0	255
0	243
0	236
0	190
0	105
0	22
0	46
0	50
2	722
0	987
0	858
14	641
1	954
0	1003
0	684
31	436
0	335
21	323
1	157
12	35
4	39
5	39
0	0
0	0
0	0
0	0
2	0
2	306
0	3732
0	500
977	4890
82	1285
0	4106
0	4830
0	822
0	466
1	260
27	416
0	705
188	2027
0	862
11	133
10	1364
3	177
64	4484
0	4299
18	4302
67	3344
6	1559
0	0
0	0
0	0
0	0
12	1847
9	2691
0	2744
0	2756
10	297
21	71
2	389
1	433
16	445
39	2672
0	0
0	0
0	0
0	0
0	0
0	0
0	0
0	0
0	0
0	0
0	0
0	0
0	0
0	0
0	0
0	0
0	0
0	0
0	0
517	207
0	164
1	101
1	102
0	27
248	27
0	1515
0	136
10	1153
3	1479
0	76
6	161
1	88
267	264
0	63
1	38
0	69
0	241
1	102
3	234
0	193
0	98
0	46
4	227
0	8
0	52
2	8
1	129
0	0
0	0
0	29
0	35
0	88
2	6
0	88
1	84
1	82
0	29
0	29
0	36
0	23
0	82
0	1
0	0
0	0
0	0
0	0
0	0
0	1
0	1
0	0
0	1260
1	1231
0	387
0	280
0	755
0	766
0	73
0	24
61	30
4	12
5	652
1	1418
0	1298
0	1534
97	390
0	358
1	1008
3	1612
16	1756
0	1835
0	1762
2	237
15	0
1	333
1	305
0	443
76	1259
39	203
17	443
3	406
13	108
5	174
0	194
0	195
0	188
1	48
1935	412
0	89
3	361
0	50
0	109
0	92
0	47
0	72
3	451
0	86
0	48
0	51
1	70
1	110
0	649
0	646
0	94
0	653
0	68
1	52
5	49
0	50
4	121
0	154
0	71
3	0
0	43
12	0
136	543
0	526
19	167
0	52
0	37
1	12
1962	260
6	260
35	64
4191	977
0	170
1	740
4	188
0	77
0	155
350	2242
0	2241
1	392
2	268
1	541
0	0
0	0
0	0
0	0
0	0
0	0
0	0
0	0
0	0
0	0
0	0
0	0
0	1
0	0
0	0
0	1
0	0
0	1
0	1
0	1
0	0
0	0
0	0
0	0
0	0
0	0
0	0
0	0
0	0
0	0
0	0
0	0
0	1
0	1
0	3964
0	787
0	1180
0	1278
0	950
1	955
0	4310
16	618
3	704
34	430
0	1168
8	1041
0	484
18	248
23	496
16	133
163	100
0	4312
0	3852
0	3772
13	37
0	37
6	1002
0	161
0	887
1	927
0	146
0	239
0	920
0	915
0	909
0	892
0	838
0	591
0	909
0	920
0	909
0	227
0	914
0	948
0	923
0	895
0	900
0	917
0	878
0	239
0	920
0	124
0	929
0	404
0	246
0	909
0	909
0	919
1	110
9	896
0	251
0	62
0	845
0	882
0	0
0	0
0	0
0	0
0	0
152	0
0	1
0	207
16	332
0	282
0	120
0	215
0	872
0	308
0	334
2	322
20	807
0	809
5	771
2	261
0	490
0	398
2	251
320	287
0	242
1	330
0	327
0	322
0	336
0	334
0	329
0	306
0	297
0	328
1	293
0	312
0	343
0	332
0	352
0	246
0	337
5	339
0	332
0	311
12	19
2	57
1	290
0	318
3	354
0	306
0	334
0	318
0	317
2	18
0	304
1	176
0	241
0	259
0	243
0	258
0	247
0	224
2	256
0	241
0	254
0	251
6	24
0	145
0	0
1	654
0	673
3	725
0	623
0	657
0	238
12	150
0	50
0	135
1	14
0	274
0	297
0	263
2	129
0	55
51	1
0	1
0	161
250	259
9	255
0	96
0	79
0	45
0	38
0	2
0	0
0	1213
0	225
0	166
0	184
0	216
2	126
1	217
0	108
1	187
0	127
0	413
0	312
0	329
4	313
8	593
0	397
0	1
7	126
52	126
0	21
0	26
0	13
0	20
2	62
0	225
22	186
8	285
0	3
0	71
0	41
0	287
1	29
1	52
1	33
0	66
0	32
0	128
0	55
5	86
0	48
0	2
0	16
0	6
5	29
26	47
0	2
0	0
0	2
19	0
1	0
0	89
13	81
35	438
0	429
0	481
1	464
0	508
0	94
0	428
0	489
0	424
6	23
0	1
0	116
20	119
0	182
0	145
0	0
0	162
0	242
0	149
8	68
0	68
4	0
11	72
0	65
2	58
0	0
0	0
3	88
0	96
0	325
0	319
0	286
0	286
0	319
0	146
0	185
4	71
0	102
0	75
5	53
2	3
4	14
0	2
0	14
1	0
0	8
0	14
6	11
2	18
0	12
0	11
0	14
1	9
0	0
1	93
52	376
0	101
0	157
0	88
0	145
11	194
103	29
4	1
0	2
2	28
0	8
0	6
1	6
0	7
2	12
1	0
0	0
546	327
47	327
275	731
3	28
0	703
2	43
203	791
0	700
0	768
5	129
1	66
5	96
1	85
0	50
3	52
1	42
0	23
0	700
0	1
0	5
0	5
0	1
0	1
0	1
0	0
0	0
0	4
1	4
0	4
0	4
0	10
0	9
0	10
0	0
0	9
0	0
0	1
0	6
0	7
0	2
0	6
0	7
0	0
5	30
1	75
0	248
0	152
1	28
1	134
1	29
1	63
0	55
0	32
0	247
0	1
0	2
0	1
0	1
0	2
0	0
0	0
0	0
0	0
0	0
0	0
0	0
0	0
0	110
0	111
0	52
0	30
2	17
0	51
0	5
1	22
0	30
0	43
3	10
0	36
0	19
0	25
2	320
0	320
0	253
0	131
0	20
0	19
0	18
0	24
0	35
0	0
0	30
0	30
0	15
3	16
0	29
0	6
0	32
0	270
0	34
1	58
0	270
3	243
0	227
0	251
0	43
0	63
3	18
0	0
0	44
7	40
0	38
0	7
0	2
0	8
0	20
0	20
0	1
0	13
0	5
0	4
0	3
0	0
0	0
0	0
0	0
0	0
0	0
0	0
0	0
0	0
0	0
0	0
0	0
0	0
0	0
0	0
0	40
0	74
0	325
0	0
0	12
0	390
0	71
0	211
3	271
0	69
2	0
0	0
0	277
6	553
26	497
0	149
25	179
1	208
3	612
155	682
11	10
0	304
2	273
0	28
118	82
2	299
37	15
0	212
0	299
0	781
0	893
0	264
0	140
32	835
0	706
0	165
1	317
2	113
0	19
0	8
0	0
0	325
0	109
163	541
1	301
11	462
0	234
1	221
0	614
0	105
0	1267
0	1186
1	698
3	356
0	51
0	457
2	67
0	212
1	103
0	0
16	32
0	84
29	1770
32	1804
14	142
0	67
5	50
4	67
0	64
1	101
1	41
4	170
0	170
1	94
2	4193
1	3755
0	4558
0	4664
0	4268
8	4339
0	4155
0	4341
0	4242
0	4083
0	4564
0	4387
0	2903
0	935
1	4453
0	4554
5	3125
0	4241
0	4559
0	4344
0	4492
0	4492
124	4551
2	3912
0	4492
0	4492
0	4252
0	2455
8	1453
0	3981
0	3981
0	3766
0	3539
0	4211
0	4210
2	3906
6	1825
15	3948
6	2709
0	1934
0	169
16	1968
0	433
0	1364
3	1436
0	1013
0	1312
0	1135
1	1202
1	291
0	801
0	0
0	0
0	0
0	0
0	0
1	0
0	102
0	21
8	77
8	68
0	20
1	26
5	33
0	36
0	21
6	64
0	1
8	15
0	5
0	0
0	0
0	95
9	0
3	552
0	202
0	169
0	90
158	86
0	46
1	66
1	47
8	0
2	1
4	1
117	187
7	109
0	104
426	49
0	49
0	1
0	1
1031	215
2	184
3	56
15	953
0	937
2	837
0	790
0	620
0	152
0	129
3	86
20	88
8	112
1	57
30	56
0	45
3	6
5	40
7	33
0	16
0	13
2	25
0	25
519	820
0	311
0	683
1	80
2	178
0	186
27	53
2	100
0	410
0	539
0	475
0	7
2	425
4	521
0	541
0	458
9	486
0	436
0	478
0	233
0	6
0	0
0	1
0	1
0	22
7	65
0	623
338	588
0	432
0	168
0	73
73	202
0	1
0	1
0	1
0	1
1	323
7	600
0	349
0	551
0	338
17	227
0	172
0	156
1	164
8	141
0	81
0	81
0	0
0	0
0	0
0	0
0	0
0	0
0	1167
21	879
0	1123
0	350
2	114
0	122
1	122
0	57
1	115
37	816
0	783
0	59
0	63
0	55
1	24
1	104
3	614
0	62
0	85
0	119
0	581
0	746
6	4711
0	4742
28	3415
2	2987
10	1028
0	262
4	93
1	148
0	119
868	917
5	444
10	357
3	156
6	174
4	98
0	150
1	154
0	160
0	107
1	93
0	95
10	54
0	7
2	5
0	4
0	0
2	112
0	123
15	38
0	52
0	37
4	17
0	118
0	0
0	0
0	0
0	0
0	0
0	0
0	0
0	443
0	854
0	449
0	539
27	1296
2	195
5	312
5	1277
0	166
4	161
0	432
0	574
2	75
0	1269
0	101
1	116
0	63
0	89
2	70
0	38
0	0
0	0
0	0
0	205
2	198
0	88
0	76
0	203
127	392
0	143
0	142
0	364
0	181
0	180
0	132
0	34
0	20
0	10
0	113
0	0
0	7
0	56
0	58
1	43
0	44
0	7
0	1821
0	0
0	0
0	1819
0	1820
0	0
0	0
0	102
0	0
0	1821
0	0
0	0
0	137
0	1613
39	1824
2	1816
8	1005
0	84
0	607
0	600
0	652
0	667
0	619
0	667
1	643
1	664
0	518
0	451
0	476
15	60
0	214
1	89
0	91
0	66
1	68
0	49
81	27
0	0
0	0
0	1
0	1
0	1
0	0
0	1
0	980
0	1014
1	336
0	373
0	67
0	59
0	80
0	37
0	31
0	23
0	39
0	51
0	38
0	1
0	0
0	966
40	698
0	698
0	292
0	18
0	18
0	18
0	18
0	18
0	269
0	666
1	653
0	568
0	574
0	569
1	599
0	568
0	571
35	216
0	68
0	126
9	167
0	113
226	0
0	0
0	0
0	0
1	5
0	5
0	12
0	5
0	5
0	5
0	1
0	0
0	12
0	0
0	1
0	0
0	0
0	0
0	2
0	1
0	306
0	139
12	1044
9	327
0	20
1	278
4	0
0	1023
0	198
0	0
0	0
0	1
0	0
0	2
0	2
0	1
0	0
0	2
0	0
0	1
0	1
45	3485
4	3485
0	144
0	501
0	186
9	132
1	151
7	0
0	0
11	702
0	1178
0	1123
0	1120
0	1151
0	1143
0	1141
0	1136
0	1127
0	1138
0	1138
0	1140
0	1153
0	1148
0	1139
0	1162
0	1154
0	1153
0	1138
0	1162
0	1139
0	1160
0	1147
0	1144
0	1152
0	1158
0	1163
0	1134
0	1160
0	1172
0	1165
0	1087
0	1157
0	1168
0	1163
0	1163
0	1135
0	1142
7	1146
0	1160
0	1158
0	1142
0	1072
0	1154
0	1146
0	1176
0	1124
1	995
0	1095
0	1139
0	1129
0	1126
0	693
0	704
0	702
0	708
0	699
0	724
0	37
0	0
0	0
0	0
0	0
0	0
0	0
0	4
0	3
0	9
1	8
0	9
0	4
0	0
0	4
0	2
0	0
148	1477
0	1183
0	156
1	106
2	71
0	641
1	131
1	129
0	80
0	57
5	247
0	42
0	30
0	0
0	0
3	460
0	82
8	67
0	69
1	534
0	67
0	488
5	534
2	464
0	0
0	0
0	0
0	0
0	100
0	100
0	13
0	0
0	102
0	3
0	99
0	97
0	98
0	98
0	9
0	1
1	4
0	7
0	5
0	9
0	17
0	14
0	30
0	1
2	240
2	525
0	746
2	9
0	246
7	314
4	0
0	27
2	278
1738	608
0	356
1	277
0	8
1	267
3	254
2	99
0	25
0	991
104	1002
10	1056
8	994
15	987
117	1078
0	99
0	15
0	20
0	3667
0	3639
0	3647
0	128
0	1545
0	3659
2	3
0	0
0	0
11	1946
0	0
0	0
0	3417
0	47
0	41
0	9
40	147
0	110
0	0
0	274
0	160
0	120
1	80
0	0
2	203
2	515
0	178
0	120
0	37
9	24
0	0
29	187
7	59
0	0
27	511
0	497
4	497
0	259
0	37
0	130
106	424
0	122
25	374
0	76
0	86
0	139
6	152
0	79
1	53
0	0
0	455
10	455
0	0
0	1
0	5
0	5
0	1
0	1
0	1
0	1
0	0
23	962
0	3878
0	4004
0	3564
0	3862
0	3953
0	3984
0	3917
0	1102
8	1251
0	283
0	0
0	0
5	1443
1	1341
0	1347
0	863
0	733
0	290
166	562
0	365
0	553
1	320
0	68
0	0
2	7
0	7
0	7
0	7
0	7
0	2
0	2
0	0
0	2
0	2
0	0
0	0
0	0
0	0
0	2
0	15
10	257
0	255
0	3
0	206
0	189
3	245
0	51
0	22
2	14
0	22
1	9
2	86
4	48
0	6
0	29
8	58
4	26
0	26
0	62
781	187
0	186
6	107
1	26
0	0
0	0
0	0
706	205
0	205
12	44
409	153
0	146
2	120
0	137
0	97
2	0
0	0
0	0
0	0
0	0
0	0
0	3
681	490
0	439
22	10
0	131
1	105
0	71
270	3754
0	3452
12	118
0	669
0	453
3	302
2	300
0	300
0	0
0	0
0	0
0	0
0	0
0	0
0	0
0	90
0	37
0	17
0	0
0	0
0	36
0	37
0	13
0	73
0	85
0	38
2	0
0	31
0	90
0	3
0	57
0	46
0	60
0	39
0	74
1	14
0	84
0	79
0	51
0	57
0	8
0	77
0	77
0	13
4	84
0	84
0	74
0	74
0	678
9	637
0	453
0	260
15	136
17	41
0	564
2	569
11	237
0	222
8	43
0	188
0	164
1	105
0	150
6	105
1	142
5	57
0	0
0	0
0	0
0	0
0	452
17	271
0	504
0	433
1	376
136	511
0	124
0	21
0	453
0	395
12	227
1	16
3	44
0	15
0	8
968	414
12	61
10	160
45	180
0	223
0	85
0	16
0	0
0	0
0	1
0	1
0	0
72	546
0	270
0	405
1	267
0	368
1	333
0	37
1	1
397	550
0	550
10	6
0	0
3	795
3	1829
0	2294
0	1622
0	191
1	16
0	121
0	298
0	258
0	198
0	150
0	143
0	143
0	83
0	64
43	4234
26	1036
10	4129
3	3777
0	1
1	1211
0	1043
13	491
0	0
0	0
0	0
1	0
0	0
2589	1596
0	274
1	291
0	279
3	397
3	408
1229	225
6	66
53	159
1	68
0	100
0	52
45	267
0	107
5	201
0	0
1	52
3	111
0	55
0	17
0	40
0	565
36	514
0	615
0	572
0	90
0	414
0	377
0	367
0	165
0	82
0	118
0	134
0	96
6	145
1	116
8	0
81	8277
0	8363
137	4895
245	2595
6	6335
38	53
0	312
18	552
5	245
0	241
0	0
0	0
0	0
0	0
0	0
11	754
0	1360
0	546
0	1240
7	18
7	29
0	154
3	267
636	492
2	444
1	82
0	249
0	0
0	34
0	34
0	27
0	11
0	33
0	32
2	7
1	0
0	248
0	20
0	31
0	42
0	57
0	30
2	213
0	4
0	27
1	20
0	4
0	9
0	0
0	15
0	22
0	0
0	147
0	21
1	0
0	245
0	0
0	0
1	2516
0	3816
8	3214
0	3799
0	3822
11	3735
12	3202
1	1535
0	3729
0	2273
0	3208
6	2323
0	2063
0	2045
0	1427
3	614
2	17
0	15
0	17
0	3
6	22
0	17
0	25
0	7
1	102
0	113
2	239
0	36
0	42
0	189
0	342
0	66
0	42
0	36
0	29
0	25
0	43
0	51
0	25
63	826
0	826
0	0
0	7
0	7
0	2
0	7
0	7
0	7
0	7
0	5
0	5
0	5
0	0
0	2
0	2
0	0
0	0
0	0
0	0
0	0
0	0
0	0
0	0
499	738
0	738
0	0
0	19
790	299
0	18
3	64
0	113
3	103
0	18
0	271
0	83
3	841
14	549
0	741
0	615
2	806
3	0
2	677
2	267
52	206
0	178
2	29
0	0
3	0
0	0
0	0
1	0
0	0
0	388
2	194
0	37
0	0
0	381
1	380
1	379
1	117
0	380
4	0
13	37
0	142
5	131
0	381
0	2
0	2
0	2
0	0
0	2
0	2
0	1
0	0
0	3
0	2
0	2
0	223
74	439
0	96
87	334
0	0
0	72
0	179
0	107
0	161
13	797
5	759
0	803
0	240
0	228
0	90
0	120
0	791
0	901
0	933
0	933
0	452
0	938
0	935
0	934
0	905
0	933
0	934
0	933
0	933
0	929
0	917
0	915
0	524
0	915
0	797
0	437
0	512
0	810
1	907
0	905
0	903
0	892
0	836
0	832
0	676
0	821
0	745
0	512
0	775
0	776
0	717
0	774
0	774
0	774
0	745
0	773
0	772
0	650
0	744
0	771
0	771
0	772
0	748
0	741
0	771
0	622
0	650
0	740
0	739
1	737
1	600
0	709
1	694
0	641
0	642
1	289
0	99
6	103
0	0
0	92
1	116
52	133
0	107
0	7
0	73
0	46
0	46
0	6
1	2
0	1
0	1
0	55
0	536
11	109
0	310
0	490
1	408
0	47
2	148
3	929
5	533
5021	2109
8	221
5	1193
0	1303
337	523
3	559
11	56
10	533
0	181
0	298
12	157
0	182
0	84
0	285
0	0
0	0
0	0
0	0
0	0
0	0
0	0
0	1
1	1
0	1
0	0
0	0
0	0
0	0
0	0
0	0
0	0
0	0
3	3
0	108
7	512
5	116
8	26
1897	0
0	69
0	47
2	6
82	137
0	120
2	6
0	6
0	24
0	13
8	234
140	0
0	1317
10	328
0	1256
0	724
5	122
32	72
0	180
56	171
0	0
0	0
0	0
0	0
0	0
0	0
0	0
0	0
0	0
0	0
0	0
0	0
0	0
0	0
0	0
0	0
0	0
0	0
0	0
0	923
0	829
3	242
0	929
0	700
11	856
0	756
0	402
0	950
0	706
0	677
0	570
0	912
1	757
0	923
24	701
0	714
0	910
0	1000
0	925
0	552
0	545
0	562
0	696
0	879
5	776
0	777
0	513
0	699
0	303
0	940
0	900
0	919
0	700
1	966
0	470
0	831
0	982
0	864
0	869
1	677
0	984
0	919
0	887
0	445
0	624
1	553
0	624
3	757
0	886
0	885
1	835
0	824
0	639
0	455
0	452
0	380
0	232
89	232
1	112
0	9
3	8
0	12
0	517
2	648
0	1
0	1
0	1
0	1
0	1
0	1
0	1
0	0
0	0
0	1
0	1
0	1
0	0
0	0
0	0
427	453
0	41
2	13
0	47
0	369
0	55
0	40
5	60
2	55
0	30
2	26
0	1
1	1336
358	1568
3	163
6	231
0	334
0	339
0	118
19	86
0	80
9	625
59	850
0	0
2	0
1	223
2	234
4	197
0	56
0	43
0	26
5	11
3	26
0	14
0	11
1	44
0	101
0	101
0	101
0	929
0	913
0	65
0	186
0	18
0	142
0	126
0	96
8	265
0	290
0	198
0	232
13	112
8	213
2	1716
0	2011
0	1947
28	1534
6	789
1	515
0	1066
0	654
0	424
0	971
1	405
4	190
0	0
1	92
4	269
0	296
3	72
0	298
0	312
1	91
0	175
0	103
7	147
1	107
68	1399
4	1354
4	1355
2	1335
3	493
1	294
0	553
2	231
0	113
0	111
10	26
28	372
0	405
0	366
2	341
8	329
9	335
0	131
5	69
0	148
0	168
2	143
3	84
0	32
0	49
0	40
0	26
0	28
0	31
0	30
0	7
0	7
0	7
0	6
0	0
0	0
5	266
6	257
14	120
0	92
0	160
0	85
0	61
2	63
0	60
1	62
0	45
0	42
6	15
0	5
1	40
0	46
0	580
1	43
0	45
4	29
3	27
6	424
3	484
0	28
11	279
8	81
0	23
9	103
17	123
0	123
0	106
0	16
0	7
2	0
0	1
0	4
0	8
0	0
0	1
0	2
0	8
0	894
41	776
0	781
0	235
1	374
6	44
0	163
41	453
0	74
0	514
0	1084
0	1066
0	1078
0	1054
0	991
16	1045
2	35
0	469
1	110
2	130
0	361
0	104
0	81
0	60
0	37
1	30
81	244
1	56
0	35
5	147
1	152
2	23
3	143
14	143
0	16
0	24
0	273
0	596
220	261
12	584
0	729
0	531
0	549
0	503
3	86
8	85
0	73
0	1714
0	1716
0	1736
50	1540
19	1222
0	1698
10	1019
1	439
4	209
0	228
0	442
1	206
0	130
7	118
0	99
0	12
1	13
0	12
0	20
0	4
0	8
2	171
0	6
0	10
1	10
0	34
0	7
2	143
1	23
0	8
0	86
0	23
1	17
0	0
0	0
6	1110
0	165
0	768
2	698
0	176
1	1069
0	139
0	69
0	190
0	64
2	168
2	124
2	113
1	236
1	180
0	2
26	531
6	344
0	298
0	183
0	296
1	156
2	39
0	52
0	16
0	57
0	88
0	40
0	35
1	21
5	25
0	10
85	679
8	599
0	0
0	679
0	0
0	0
5	8
0	2
21	73
0	63
7	1
3	37
0	72
2	15
24	21
0	11
37	522
1	544
0	339
3	382
8	42
0	188
13	18
9	226
5	25
0	86
0	64
0	39
0	6
6	4
0	0
0	0
5	261
0	287
0	310
0	310
6	35
1	28
4	199
1	145
27	139
0	110
0	117
9	13
1	74
0	42
21	80
2	62
2	262
3	400
19	437
0	379
0	396
0	143
0	55
0	377
2	419
0	150
0	182
0	406
5	201
0	170
0	164
0	0
0	0
6	38
0	43
4	4
5	8
2	2
0	6736
34	3750
0	1078
9	1061
0	6548
0	1
3	1
0	588
0	71
0	824
0	821
15	186
0	116
1	36
145	5490
558	6128
1	1629
0	1491
0	1035
0	15
0	16
1	6
0	582
0	610
0	97
0	618
1	217
14	213
0	44
2	237
1	181
0	220
0	47
0	88
7	86
0	439
0	155
1	24
6	109
6	88
3	15
45	269
1	63
0	53
3	96
31	91
1	91
2	91
0	0
12	108
0	508
0	485
14	125
0	219
0	523
0	554
0	532
0	567
0	579
0	587
0	119
0	28
10	406
6	311
0	7
1074	348
1	348
7	149
556	439
1	189
0	133
1	337
0	415
0	107
1	115
5	5829
5	4756
0	5871
2	4690
169	5868
0	1748
6	4179
0	4784
4	5869
106	4768
10	4453
0	34
1	4674
1	0
0	0
0	0
1	0
31	504
2	505
0	202
0	175
4	214
0	195
9	56
5	22
3	35
6	43
1	12
0	38
0	70
0	962
0	1350
47	60
1	1473
0	1381
0	1439
0	1094
2	1449
0	31
0	6
0	1416
0	138
87	1311
0	1060
1	75
0	190
0	166
0	630
3	519
0	592
0	636
2	565
1	303
0	665
21	559
4	530
1	68
0	365
10	317
1	351
0	131
0	1
0	27
0	31
0	229
0	240
1	222
0	84
0	157
0	93
5	131
0	92
3	60
0	26
0	96
0	83
0	1903
0	6
0	3
0	1
0	604
0	435
1	0
0	360
0	358
14	222
0	321
0	384
0	359
0	9
0	154
0	326
0	375
0	354
0	339
0	383
0	338
0	385
20	73
0	143
0	334
0	313
0	334
0	309
0	387
0	369
1	101
2	344
0	160
0	357
0	367
0	224
0	348
0	17
0	382
0	209
0	383
0	161
0	362
0	22
0	317
0	199
0	360
0	336
2	129
0	91
0	299
0	4
1	170
0	132
0	123
0	134
0	136
0	187
0	331
19	142
0	108
0	101
1	279
0	279
1	102
0	47
0	235
0	237
0	19
0	191
0	192
0	185
0	184
2	181
0	185
0	187
18	189
0	111
0	144
0	112
1	28
0	94
0	67
0	57
24	50
0	70
0	272
1	223
1	130
0	178
0	0
0	1697
4	1152
6	1412
63	409
119	46
12	16
2	8
7	164
0	6
0	0
0	0
0	0
0	0
232	0
0	399
0	459
47	485
0	391
0	458
0	232
0	298
1	0
0	37
0	98
0	116
2	74
0	72
0	9
0	8
1	0
0	0
0	376
0	373
0	305
0	249
0	408
0	455
0	380
0	191
0	166
0	197
39	180
10	147
35	20
3	26
0	55
0	39
0	21
0	27
0	45
0	20
0	2
0	1
0	1
0	0
0	0
0	0
0	0
0	0
0	0
0	72
1	94
0	24
0	1306
4	25
0	56
0	565
0	1444
0	774
0	142
1	203
0	95
2	39
0	194
23	194
0	145
0	80
0	129
0	89
0	80
0	63
0	52
0	1165
0	416
0	35
0	42
2	84
12	61
0	73
0	76
0	55
0	49
5	34
1	27
13	15
0	24
2	30
0	27
0	24
0	23
0	0
0	24
0	4
0	3
0	6
0	4
0	6
0	6
0	23
0	3
1	4
0	4
1	0
2	2
0	9
0	6
0	2
4	215
1	837
0	864
23	812
0	828
0	480
0	633
0	693
0	831
0	587
11	202
13	62
0	196
0	214
3	96
0	272
1	142
1	218
0	128
0	172
0	199
2	89
0	5
0	137
4	116
6	122
6	70
2	25
7	798
1	82
1	10
0	48
0	42
0	75
0	9
0	31
3	4
9	52
1	43
0	11
1	15
0	11
0	0
0	0
0	0
0	0
0	0
0	0
0	0
0	0
0	0
0	0
0	0
12	155
6	191
0	266
0	259
0	163
0	256
362	335
0	123
1	315
0	200
5	100
9	21
0	0
0	90
2	15
0	109
0	108
0	79
1	80
1	21
0	29
3	24
0	5
5	15
0	31
0	25
0	20
3	2319
0	2319
0	36
0	193
0	175
0	481
0	2317
0	175
0	350
0	945
0	2035
0	1835
0	1869
0	3
0	230
0	1804
0	174
0	253
0	217
24	23
0	1106
0	207
9	199
7	287
863	1808
0	1806
25	5
0	171
0	826
0	1
0	1
0	1
0	20
0	182
1	94
0	100
10	177
0	72
0	55
0	282
0	441
0	48
0	82
0	40
0	355
0	49
2	354
0	446
0	429
0	43
0	402
0	55
0	471
10	88
0	83
145	420
5	1542
16	1560
0	287
0	15
0	9
769	82
0	67
0	51
0	74
0	76
0	8
0	37
0	42
1	32
0	63
0	25
1	47
0	10
0	49
0	40
0	36
0	74
0	36
0	20
0	30
0	4
0	36
1	2
1	0
0	0
121	1324
2	1324
0	384
1	199
0	382
4	251
0	301
13	1063
0	129
2	0
577	0
0	1419
0	1403
0	1250
0	963
0	874
1	685
4	340
7	187
0	98
0	435
6	343
0	22
0	279
0	275
0	274
0	30
0	137
310	9
0	9
149	169
0	169
37	1571
48	1571
6	176
0	356
1	174
0	159
0	87
204	163
1	114
1	34
0	0
0	0
0	0
0	0
0	0
0	0
41	50
0	50
0	223
0	216
0	18
9	225
0	227
0	13
3	0
0	0
0	95
0	143
0	143
0	83
0	323
0	162
2	32
0	691
17	753
0	84
0	194
0	71
1	73
5	194
0	210
0	206
0	154
4	153
0	207
2	197
0	105
9	152
0	181
0	76
0	36
0	12
0	33
0	409
0	409
0	396
24	13
3	109
0	406
2	398
5	6
936	0
1	240
3	37
1	259
0	122
4	237
2	239
1	191
32	138
10	172
3	37
220	400
0	36
0	32
9	49
0	110
1632	110
0	1927
0	1716
0	1927
0	327
40	54
1	119
0	3
1	4
0	185
0	48
1	17
0	39
0	30
0	289
0	85
1	141
3	1
0	286
0	72
0	279
4	273
0	36
0	16
0	85
2	55
1	29
0	7
0	14
0	14
5	14
0	14
0	11
0	14
0	0
0	31
307	226
0	139
0	226
0	31
0	97
2	23
1	22
0	0
0	0
0	0
0	0
0	0
0	0
0	165
6	83
0	155
0	77
0	35
0	126
0	95
0	130
1	105
1	6
0	21
0	24
0	24
2	5
0	23
1	15
0	15
2	6
0	0
0	2
0	2
0	2
0	1
0	0
0	1
0	1
0	0
0	0
0	0
4	252
1	342
4	347
6	157
0	162
11	76
20	0
0	1
8	13
0	0
0	0
0	2
0	0
2	10
0	3
496	0
0	81
0	81
0	154
0	98
0	21
0	1
0	0
0	0
0	0
0	1
0	21
0	0
0	3
0	10
1	17
0	12
0	531
0	540
1	611
0	469
0	474
2	470
1	620
0	78
0	77
0	498
1	18
1	372
111	513
0	190
26	508
0	134
0	116
0	3447
0	9
0	3301
1	3282
0	82
0	3438
0	37
58	2307
1	459
0	277
21	171
3	14
0	35
31	47
2	21
1	1
0	1
0	0
14	421
6	421
0	183
1	905
6	8
7	8
0	125
0	887
1	887
0	8
0	4
4	1
0	91
0	1
0	0
0	1
0	1
0	10
0	28
0	47
0	60
0	51
0	0
1	0
0	443
0	395
0	412
0	464
0	450
0	428
0	333
8	275
1	323
0	297
12	25
0	703
0	708
0	717
6	719
16	350
16	803
3	114
0	541
0	536
0	532
0	538
0	418
4	445
1	50
3	35
1	380
0	19
0	129
0	141
6	118
0	120
0	12
1	19612
4	15855
0	18407
425	18857
0	215
0	19563
0	16769
0	4063
10	19560
0	200
0	18388
0	162
0	19585
0	163
0	11382
0	19229
0	17013
37	17912
0	11426
0	17078
0	16831
0	16792
0	1996
1	803
0	802
0	157
6	809
0	549
2	10
0	17
0	22
4	35
2	21
0	41
3	48
0	30
1	10
0	42
0	0
0	41
0	42
0	42
25	512
0	0
0	23
0	512
0	512
0	488
0	79
0	39
0	39
0	0
6	136
195	243
10	254
0	104
4	146
0	316
0	331
6	331
11	331
4	331
11	298
0	19
3	4
0	0
0	4
0	0
0	0
0	0
0	0
0	0
0	0
0	0
0	0
75	0
0	0
0	115
0	115
11	368
0	370
0	548
0	537
0	0
0	0
0	0
10	0
0	0
4	97
0	39
0	963
4	39
12	15
2	928
5	922
13	957
0	517
0	518
2	114
0	45
1	519
0	141
0	152
0	43
0	0
0	0
0	119
6	59
0	31
0	44
3	38
0	34
1	51
4	937
87	1088
6	1088
0	623
18	964
0	0
0	0
0	0
0	0
0	0
365	144
0	15
6	24
2	45
0	112
8	0
0	0
7	793
0	700
0	447
1	342
6	352
0	191
0	113
80	3771
0	3771
6	115
1	499
0	106
0	41
26	84
10	265
0	898
0	1106
0	6
0	18
0	1108
0	12
1	43
0	1099
0	8
2	1102
0	1108
0	122
0	1105
0	90
0	23
0	1068
0	3
1	11
0	1863
24	2541
4	2588
0	2508
0	2738
15	40
0	10
0	50
0	181
0	157
0	67
0	182
1215	37
4	20
23	37
0	1216
18	1448
0	1521
7	1574
0	1593
0	972
0	999
10	39
3	798
0	88
12	31
0	41
0	715
0	108
0	30
0	90
2	82
0	62
0	39
3	21
0	0
0	0
0	36
0	54
1	33
0	36
0	36
0	6
0	5
0	35
0	3
0	28
0	25
0	0
0	0
0	0
0	0
0	1
0	1
0	1
0	1
0	0
0	0
0	0
0	0
0	0
0	0
0	27
0	23
0	276
0	21
8	29
0	15
1	32
0	274
0	263
0	36
0	19
0	150
3	16
0	43
2	18
0	22
0	37
0	0
0	0
0	124
0	1124
0	120
0	1107
0	1091
0	134
0	128
0	1101
1	1111
0	1035
1	0
0	7
71	9866
2	3977
807	9866
0	3438
0	4688
13	132
1	3328
0	1337
12	1284
9	124
0	0
0	0
0	0
0	0
4	279
31	279
1	4
16	176
83	192
0	30
0	43
1	36
1	21
0	31
0	37
0	29
0	274
0	257
0	268
0	268
0	254
0	258
0	261
0	263
0	199
0	152
0	148
0	22
0	50
0	12
7	18
0	45
0	41
1	1
0	214
4	3
231	220
3	203
0	28
2	44
0	0
0	2
0	6
0	0
0	6
0	0
0	2
0	1452
23	1452
0	4
2	1053
0	6
1	105
6	288
1	285
2	104
0	1082
0	1111
0	241
0	1082
0	1121
0	213
0	184
0	1056
0	1072
0	104
0	120
0	73
284	0
0	1
0	101
4	101
0	5
1	16
0	16
15	0
0	94
0	94
0	5
0	6
0	4
0	4
0	4
0	4
0	5
0	1
0	0
0	0
0	1
0	0
0	0
0	1
0	1
0	0
0	0
0	1
0	0
2	0
43	3188
0	2801
13	2890
0	2340
14	1527
19	584
0	1270
0	668
8	702
0	477
0	475
0	0
0	0
0	0
0	0
0	0
0	0
0	0
0	0
0	0
0	0
0	0
0	0
0	0
0	75
1	82
0	88
20	88
0	63
1	82
0	35
0	13
0	22
0	24
0	36
6	14
0	23
0	8
0	23
2	22
0	24
3	22
0	16
0	18
1	10
0	0
0	4
0	6
0	0
597	37
4	37
0	1892
13	2161
6	165
3	1952
0	2218
4	2553
12	299
0	1290
5	273
1	1869
0	410
0	172
0	1335
28	1283
0	737
0	336
16	806
2	66
2	574
2	340
0	154
0	101
0	155
0	21
0	474
0	469
0	95
0	141
9	470
0	0
0	668
0	963
0	1001
0	185
1	535
0	1039
0	826
1	865
0	944
1	443
0	164
2	993
0	928
1	920
0	993
1	960
2	3
3	2
0	651
0	851
0	861
0	952
1	856
0	967
0	130
0	185
1	717
1	518
0	99
0	169
0	201
0	693
2	562
0	58
0	129
0	416
17	251
2	959
0	3059
0	3121
0	3080
0	2941
0	3080
0	3072
0	589
0	3190
0	3125
0	2561
1	2813
2	3000
1	2983
7	2920
0	2972
0	3057
0	2920
5	2855
0	2781
0	991
0	134
0	1564
0	351
0	568
0	241
0	245
0	253
0	105
0	401
0	68
0	64
1	87
0	57
0	18
0	60
0	60
2	84
16	974
0	119
8	204
0	306
0	928
0	616
0	688
0	868
3	145
0	210
3	18
0	375
0	342
20	781
0	340
2	168
0	181
5	195
3	41
0	15
0	21
0	41
0	39
1	9
0	20
2	17
1	6
0	0
0	0
14	2198
40	641
0	473
1	855
1	2177
3	1880
0	253
5	168
1	297
727	0
1	579
0	110
0	583
7	278
7	85
3	532
0	116
1	138
0	57
1	426
18	114
0	40
0	50
14	58
5	26
5	9
1	100
0	36
0	75
0	57
0	128
0	121
0	50
0	60
0	60
0	55
2	79
2	40
0	162
0	104
0	73
0	195
1	141
0	36
0	51
0	15
0	17
2	12
2	1664
0	1706
1	48
0	404
3	107
3	150
0	85
20	444
2	24
1	31
0	354
0	236
0	401
0	280
0	200
0	111
0	72
2	338
142	157
3	52
0	53
1	8
0	355
0	306
0	290
0	312
2	88
0	140
1	32
1	98
0	43
0	12
451	211
4	91
0	149
0	33
1	79
0	20
6	20
0	9
7	293
53	183
3	132
2	32
0	97
0	56
14	25
12	158
1	342
896	548
0	190
0	159
0	52
3	474
0	45
0	46
1	2789
17	0
15	333
1	319
24	367
0	750
0	707
1	688
0	55
0	106
0	726
0	845
1	635
0	785
11	73
66	766
0	892
4	412
23	118
0	805
63	219
1	291
0	517
157	569
264	426
0	408
0	92
13	220
0	173
5	15
15	0
0	287
5	31
1	31
2	28
0	27
0	166
1	12
0	169
6	129
6	187
4	58
0	0
0	57
0	45
834	1865
27	1046
2	514
8	88
3	504
0	0
0	0
0	2
0	1
1	2
0	0
0	0
0	2
0	2
0	3
0	3
0	3
1	0
0	1
0	0
0	975
8	1068
0	1125
205	1061
6	396
1	432
2	1015
10	229
7	89
1	301
0	385
0	274
3	0
0	0
0	0
0	1
0	1
0	1
0	1
0	0
0	0
0	0
0	0
0	0
0	0
0	0
0	0
0	0
0	0
0	0
0	0
0	0
0	0
0	0
0	0
0	0
0	0
0	0
0	0
0	0
0	0
0	0
0	0
0	0
0	0
0	0
0	0
0	0
0	0
0	1
0	51
0	286
0	75
0	22
0	79
94	379
0	66
0	26
60	72
0	65
0	18
0	56
2	15
0	61
0	125
43	95
0	128
3	465
0	564
0	555
1	161
0	160
0	543
2	190
0	181
0	149
0	172
3	96
1	72
0	174
1	103
0	108
0	76
6	153
0	158
0	75
3	46
0	0
0	0
0	0
0	0
0	0
9	0
0	216
0	441
21	461
11	74
0	414
0	509
0	342
0	388
2	388
0	387
0	388
0	492
0	327
0	387
0	157
24	428
2	0
0	182
0	183
234	195
0	194
0	9
0	23
0	29
1	23
0	16
10	34
0	774
12	683
1	39
0	768
0	752
30	49
26	108
3	75
2	11
1	453
0	458
0	65
0	65
0	450
0	53
0	26
0	83
0	149
0	169
0	16
1	0
1	47
0	328
2	300
0	153
0	163
3	201
1	46
0	175
1	0
1	89
5	115
1	105
57	336
0	26
5	302
0	1
0	4
0	1
0	2
0	2
0	1
0	1
0	4
1	2
0	2
0	0
0	0
0	0
0	4
4	1443
1	1451
18	193
3	285
0	23
0	8
1	48
0	320
0	27
1	10
5	8
16	552
0	3
1	33
4	4
1	13
0	386
4	38
0	293
0	25
15	5496
35	5557
110	749
21	4719
127	1565
5	750
41	1019
1	2080
1	6
1	255
0	8
0	241
0	138
0	16
1	26
0	106
0	14
0	5
0	197
0	25
0	21
12	70
0	1
0	69
1	723
0	723
0	1
0	0
0	66
0	66
0	66
0	66
0	60
0	56
0	53
0	54
0	50
0	45
0	36
0	0
0	0
0	0
0	417
0	468
35	247
0	396
0	303
1	199
0	173
5	63
0	31
0	47
3	0
0	9
1	0
0	8
0	4
0	42
0	25
0	32
0	17
0	7
0	11
0	19
0	17
2	8
0	6
0	0
0	16
0	3
0	1
0	0
0	0
0	0
0	0
0	1
0	7
0	2
6	248
0	247
1	194
0	76
4	44
2	1340
1	1339
3	531
0	0
0	0
0	0
0	0
0	0
0	0
0	0
0	0
0	3
0	3
0	0
0	2
0	3
0	0
0	1
0	0
0	1
0	3
0	2
0	0
0	3
0	0
0	0
0	2
0	0
0	2
0	1
0	1
0	0
0	1991
0	1308
0	1308
1	1986
0	1306
0	1955
0	560
0	1782
2	297
1	297
4	303
2	294
8	157
0	37
0	164
0	108
1	83
6	145
0	74
1	135
2156	2
1	1976
0	2003
0	1485
1	1975
0	1789
4	1553
8	1848
0	1416
1	1400
0	916
0	0
0	0
0	0
0	0
150	688
0	167
20	598
2	7
1	80
3	96
1	1
8	1
1	1
0	0
0	0
1	0
0	0
0	0
0	0
0	0
0	0
0	0
0	0
0	203
0	76
4	64
0	124
0	87
0	83
2	4
3	179
0	1057
4	897
0	907
6	738
0	176
2	550
6	243
17	297
0	143
0	531
0	574
0	150
0	60
0	104
19	238
2	207
1	327
244	151
9	68
7	6
36	1
356	0
0	294
1	328
0	194
0	19
0	59
0	94
0	79
0	119
0	327
0	88
0	85
0	19
0	19
0	94
0	13
0	0
0	555
40	531
3	193
1	470
0	522
2	487
0	72
0	73
163	391
58	565
0	464
0	0
0	0
0	0
30	102
0	102
4	46
4	11
3	354
0	471
0	472
0	542
212	1048
9	56
8	471
0	378
0	743
0	421
1	91
23	114
0	0
0	108
0	96
0	25
0	32
0	108
0	2
0	2
0	2
0	10
0	318
0	314
0	346
0	256
0	265
0	333
0	314
0	247
0	11
0	263
0	200
0	130
0	143
0	232
0	222
0	226
0	30
0	61
0	79
0	248
0	193
0	170
0	111
0	238
2	44
0	108
1	87
0	125
0	151
0	138
0	75
0	7513
0	213
0	59
0	10553
2	624
1	6655
0	10371
8	10519
3	670
29	487
0	575
30	75
0	75
1	57
0	54
2	2
3	430
490	948
8	348
0	173
1	342
0	1
0	1
1	1
0	0
0	0
0	0
0	0
0	1178
0	1348
0	1116
0	1011
0	1186
1	337
1	445
0	421
11	241
0	94
0	373
0	337
0	179
0	271
0	166
0	160
0	160
0	130
5	13
1	3373
2	3268
0	2872
3	3259
9	3122
1	3175
0	3250
1	3111
0	3187
0	1438
0	2967
0	2812
0	2531
0	608
0	1432
0	314
5	123
6	39
0	222
2	3
605	1706
23	602
27	221
1	189
1	226
25	46
6	353
0	157
0	72
0	317
2	162
0	82
5	975
0	812
0	876
22	191
0	794
2	93
0	273
1	297
0	69
0	279
16	126
17	81
2	0
0	0
15	1618
1	1618
0	419
15	551
0	514
0	350
0	461
77	565
0	373
0	389
0	205
2	253
4	88
0	78
1	113
232	107
0	46
0	104
711	94
0	94
1	297
0	499
1	397
0	474
1	146
0	411
2	435
2	104
0	321
0	255
0	304
0	245
5	311
0	244
0	221
0	272
0	215
0	139
0	116
0	98
0	26
11	706
0	630
0	684
0	688
9	497
1	124
1	100
1	92
1	93
0	69
2	47
0	61
0	39
0	61
0	56
0	48
0	13
0	59
0	61
0	9
0	52
0	54
0	50
0	59
0	45
0	13
0	1
0	1
0	2033
2	2099
0	1469
1	420
5	380
8	1304
0	1319
0	176
93	376
0	227
0	186
4	127
12	8
0	4
2	4
6	0
0	0
5	0
359	636
0	636
1	51
0	947
0	947
14	925
0	953
0	563
184	575
0	177
1	207
0	121
0	12
2	238
0	142
0	93
0	103
2	6
0	6
0	682
1	452
0	48
0	47
0	40
0	46
0	7
0	46
1	45
0	29
0	23
1	30
2	9
0	0
0	1
0	1
0	1
0	1
0	1
2	186
169	186
2	60
0	71
0	22
1	68
0	256
0	302
0	31
0	429
0	454
2	10
0	265
0	74
0	74
2	74
0	74
2	85
0	7
0	7
0	25
0	26
0	32
0	327
0	11
1	16
0	18
0	31
0	295
0	12
0	12
0	12
0	12
0	9
0	6
1	6
0	36
0	6
0	29
0	21
0	15
0	12
0	0
16	144
0	27
1	270
0	11
0	30
0	33
0	0
0	0
2	99
0	93
0	83
0	89
0	227
2	131
1	868
0	458
0	252
35	247
0	852
0	45
0	44
0	41
3	4
0	23
0	0
0	0
0	0
0	0
0	0
0	0
0	0
0	0
0	0
0	0
0	0
0	0
0	0
0	0
0	0
0	23
0	31
1	150
0	44
0	5
3	154
0	162
0	122
0	5
0	140
0	58
0	6
0	50
5	144
2	0
2	62
2	98
0	1421
1	636
19	766
0	1421
23	1461
109	0
0	385
101	219
0	264
5	194
0	194
0	13
0	178
0	40
0	56
5	61
0	49
0	74
1	26
0	549
44	546
0	515
0	207
0	39
3	501
2	522
18	94
0	115
0	130
0	346
0	109
0	135
0	133
0	95
0	127
0	212
0	122
0	172
0	141
0	28
0	122
0	123
0	86
105	374
0	108
0	204
0	91
0	198
3	3
0	3
0	19
17	23
0	22
0	21
0	14
0	12
0	13
1	23
0	11
0	13
0	7
6	29
0	0
10	582
0	2004
0	333
0	388
0	392
0	404
0	402
0	721
0	1698
0	1676
0	331
0	621
0	228
0	251
0	571
19	117
0	164
0	213
0	219
0	233
1	552
294	1436
0	72
99	1415
0	133
0	1035
0	503
1	62
0	2667
0	639
0	8468
0	7860
0	815
0	10759
0	67
1	264
0	981
2	7423
1	10579
0	495
0	740
57	3742
0	577
0	513
0	494
7	2244
1	173
30	8641
3	307
0	5781
0	612
0	1529
28	438
0	467
35	533
0	402
14	74
3	11
0	1382
0	349
2	1306
0	1352
0	928
0	1361
0	1263
0	1392
1	159
0	1317
0	207
0	157
0	91
4	84
0	180
0	456
3	21
0	555
1	20
0	22
2	421
0	455
0	284
1	455
169	796
0	574
0	600
0	274
0	575
0	590
3	596
1	571
1	369
0	376
0	386
0	282
0	289
0	220
2	216
0	191
0	101
4	49
6	4
0	33
14	29
0	539
1	2016
0	11
0	1075
0	1097
0	1187
0	63
40	514
0	1248
17	1877
0	1990
5	957
0	1599
0	2000
0	29
8	1946
1	974
2	578
6	494
18	195
0	1990
336	162
0	131
0	73
3	75
1	62
0	507
2	518
0	228
3	363
1	0
1	518
0	370
0	12
0	12
0	9
0	10
0	6
0	851
0	1211
0	1257
0	839
0	1009
0	876
1	960
20	1008
12	1040
0	1001
0	660
8	983
13	275
0	257
3	0
0	39
0	0
0	0
0	0
0	0
0	0
0	0
0	973
16	335
21	1970
1	1559
0	0
0	1
0	0
0	1
0	0
0	0
0	0
0	0
0	0
0	0
0	0
0	0
0	0
0	0
0	0
0	0
0	0
0	1
0	0
0	0
18	50
1	50
3	13
0	9
0	12
2	5
11	225
0	205
2	141
0	61
0	113
0	64
0	56
0	75
0	33
0	15
0	14
0	32
3	1
0	17
0	9
0	2
1	12
1	13
820	2336
5	2264
90	391
0	4
0	21
0	21
0	3
1	17
0	21
0	0
0	0
0	0
0	0
0	0
0	0
0	0
134	4299
0	4299
0	2670
4	194
7	671
50	710
0	47
0	49
0	40
0	31
0	3
0	8
0	12
1	44
0	44
0	6
0	2
0	0
0	6
0	6
0	6
0	0
0	0
0	0
0	1
0	1
0	0
0	1
0	1
0	1
0	1
0	1
0	1
0	1
0	0
0	0
0	0
0	0
2	27
0	7
0	3
0	27
615	374
0	292
1	33
2	91
598	532
2	318
0	324
2	120
1	54
0	74
0	74
0	56
0	35
0	7
160	578
0	119
0	491
0	426
0	426
1	374
0	370
1	370
0	370
0	370
1	356
0	430
0	159
0	85
1	28
0	29
0	24
0	26
0	21
0	22
0	21
0	4
0	0
0	0
0	0
0	0
0	0
0	0
0	193
413	218
1	79
0	103
10	226
0	0
0	1
2	11
22	16
0	10
0	7
0	0
0	0
0	0
0	0
0	0
0	0
0	0
0	0
0	193
5	197
1249	643
17	78
8	605
0	322
0	392
0	248
0	395
0	317
1	263
0	319
0	326
12	99
0	126
3	43
0	237
0	93
0	117
0	41
0	171
0	177
0	184
0	149
5	113
0	72
3	647
34	642
0	665
0	627
0	627
1	653
0	388
0	75
1	78
0	35
0	158
0	82
0	106
0	74
0	78
0	4579
2	359
0	2165
0	4619
0	3807
0	4370
0	1958
0	1086
1	1508
15	269
0	420
40	1338
0	871
19	130
0	1119
3	303
44	968
396	46
0	46
2761	2303
1	293
2	78
26	495
10	465
0	135
0	1323
4	76
0	1204
34	293
15	17
0	17
4	265
0	281
1	0
0	0
0	0
0	0
0	0
401	277
0	100
4	177
0	1138
0	20
0	1135
0	476
1	183
1	77
0	97
4	84
0	40
0	19
5	30
0	45
1	10
0	50
0	50
0	46
0	39
0	34
0	20
0	12
0	47
0	336
0	312
17	147
10	11
4	37
1	127
0	285
0	142
0	0
0	0
0	0
0	0
0	0
90	1262
1	1200
1	735
0	536
0	579
0	634
0	359
0	191
0	196
0	204
3	186
1	63
1	56
0	3
1	1
0	0
0	0
0	1
0	419
0	2152
75	603
0	411
0	374
3	73
10	2033
0	1179
373	720
2	111
0	169
2	664
0	27
4	58
6	189
13	0
0	0
0	0
0	0
0	3
0	2
0	0
0	2
0	2
0	2
0	0
0	2
560	86
1	51
4	76
0	37
27	54
0	32
0	34
0	14
0	6
0	13
0	2
0	10
0	4
0	0
0	3
0	0
0	0
0	0
0	2
0	2
0	2
0	0
0	0
0	0
0	0
0	0
0	0
0	2
0	1
0	2
0	1
0	1
0	0
0	0
0	0
0	0
0	0
0	0
0	0
139	162
0	99
0	52
0	129
0	71
0	37
2	33
5	14
0	0
0	29
0	35
61	540
1	34
0	87
0	514
0	0
0	0
0	1
0	0
0	0
0	1
0	0
0	0
13	1242
0	954
0	901
1	449
1	207
0	380
4	226
1	55
0	83
6	40
20	12
0	1227
0	96
0	71
0	62
1	809
1029	1355
0	786
6	129
1	15
1	315
0	261
0	325
0	85
1	26
1	155
0	6
0	0
0	226
5	228
1	167
0	118
0	55
7	77
0	59
0	0
0	0
0	0
0	0
1	1
0	0
0	0
0	1
152	0
0	559
4	140
0	79
15	80
0	73
96	0
8	791
7	305
14	478
2	47
1	446
0	30
0	47
0	37
0	11
2	70
7	37
0	18
6	72
0	32
5	67
0	67
0	0
3	0
1	0
0	0
12	0
1	21444
0	7355
0	12202
41	21422
0	11767
85	6450
0	9643
0	12386
0	15381
29	13637
36	15402
48	11178
0	13078
9	7646
0	15424
1	21408
2	62
0	68
1	9
0	8
0	8
1	0
0	0
0	0
0	0
0	0
12	147
3	18
1	9
0	41
0	39
8	136
1	38
0	33
0	49
568	104
1	28
0	1
0	34
0	14
1	3
0	76
1	0
0	0
0	2
0	4
0	4
2	2
0	2
33	4
0	9
3	37
0	37
0	7
7	4
0	15
0	18
0	2
5	59
1	58
0	20
0	5
0	8
0	3
1	8
0	5
0	8
0	4
69	0
7	422
60	2042
21	1227
0	58
0	165
244	787
1	159
0	52
1	164
8	100
0	296
0	301
0	57
13	964
0	1132
17	1107
0	557
2	601
0	359
4	94
1675	2328
0	838
0	506
0	466
0	516
3	201
1	329
7	440
0	201
1	181
6	181
5	100
4	3369
13	2906
0	1417
1	1022
9	493
0	419
271	516
9	516
0	14
0	6
1	15
0	3
0	0
0	0
0	0
0	0
0	172
1	30
0	58
0	46
0	49
0	64
0	171
0	167
0	149
0	48
0	10
0	23
1	47
0	164
0	29
0	10
3	14
0	38
1	12
2	18
0	11
0	167
2	293
1149	337
0	69
0	0
0	0
0	448
855	492
3	47
0	0
0	0
0	0
0	0
0	0
0	0
0	0
0	0
0	0
0	0
0	0
0	0
0	0
8	334
2	419
0	419
0	96
1	410
0	13
0	12
0	63
9	10
0	18
6	58
3	10
25	0
1	28
0	59
0	32
0	62
0	14
0	0
0	0
1	712
1	0
0	161
3	156
0	129
0	127
0	145
0	1
0	70
0	52
0	35
0	14
0	1
0	1
0	1
0	1
0	1
0	1
0	1
0	1
0	1
0	1
0	0
0	0
419	2977
67	1657
121	2182
3	2691
11	346
58	650
1	0
0	0
0	0
0	0
0	0
0	0
0	239
3	239
0	204
2	1
1	0
0	0
0	0
0	0
0	0
4	0
0	0
0	0
0	0
0	0
0	0
0	0
0	0
0	0
0	0
0	0
0	1819
5	138
0	725
0	355
0	1830
0	236
34	248
0	1299
0	1488
0	1937
18	1269
306	0
0	73
2	63
0	0
0	0
0	0
0	0
2	9
0	9
0	9
0	4
0	8
0	8
0	1
0	1
0	5
0	2
0	4
0	2
0	2
0	7349
146	7350
100	7041
0	7044
1	7067
10	7078
0	3846
6	2958
7	478
2	382
0	0
0	25
0	151
0	22
0	172
0	208
0	35
0	191
0	175
0	92
0	147
33	122
24	38
0	183
0	124
0	93
0	68
0	153
0	70
0	69
12	122
0	53
0	84
0	0
2	0
0	0
0	0
0	105
0	0
0	0
0	0
3	1390
0	312
0	733
50	810
2	122
0	195
18	1356
2	980
3	315
0	266
0	75
10	249
1	163
1	13
1	260
0	35
35	171
0	154
2	257
4	264
0	48
2	51
0	50
0	36
0	18
2	11
0	0
0	0
0	0
0	27
0	334
0	1059
1	1046
0	1106
0	1037
0	1018
3	72
0	869
0	855
0	30
0	22
1	314
0	14
0	72
0	51
6	217
0	48
0	30
0	0
0	8
0	1
0	1
0	1
0	1
0	1
0	0
0	0
0	0
0	0
0	0
0	0
0	0
0	0
0	0
0	0
0	0
0	0
0	0
0	0
0	0
0	0
0	0
0	0
0	0
0	0
0	0
0	0
0	0
0	0
0	0
0	0
0	0
0	0
0	199
48	0
2	200
1	170
0	203
1	25
0	0
0	200
0	0
0	0
0	0
0	0
97	524
0	337
3	319
0	91
0	155
2	169
0	37
7	25
0	1
0	1
1	1
0	1
0	0
0	1
0	1
0	16
1	16
0	11
0	7
0	0
0	0
0	0
0	0
0	0
0	0
0	0
0	0
0	0
0	0
0	0
0	0
0	0
0	0
0	3
0	3
0	3
0	3
0	0
0	0
0	0
0	0
0	0
0	0
62	2148
4	2148
0	409
1	209
2	285
785	752
0	450
5	454
0	4
1	148
2	42
0	696
0	0
0	6420
0	4431
1	2424
0	10025
1	5169
0	10087
0	8021
0	4567
90	1725
1	5769
3	7789
0	7783
8	8695
0	4619
0	2047
0	352
152	790
3	728
10	57
0	122
6	143
0	123
1	67
4	630
1	617
3	630
0	0
0	65
7	200
0	304
10	138
3	298
0	242
0	174
0	153
13	90
58	28
0	20
0	7
0	0
0	7
0	3
0	5
9	20
0	5
0	5
0	3
0	1
0	0
0	2
14	109
13	128
2	130
0	86
0	183
0	516
0	211
8	71
3	158
0	101
26	114
0	255
13	273
0	279
0	144
6	99
2	141
0	122
3	91
0	874
0	907
0	38
15	868
0	854
0	842
0	886
0	894
0	868
0	837
0	803
0	890
0	846
0	897
0	902
7	902
0	902
0	810
0	918
2	859
1	33
0	859
0	870
0	856
0	882
0	609
3	515
2	338
0	11
0	134
1	126
0	128
0	12
0	117
0	59
0	114
1	47
1	40
0	70
3	35
1	26
0	564
0	74
8	532
0	95
0	182
0	164
2	85
0	176
0	116
0	15
20	19
0	61
6	82
0	127
0	124
2	109
0	90
0	105
0	69
0	53
0	72
0	75
0	75
0	72
0	81
0	63
0	74
0	72
0	76
0	71
0	72
0	69
0	61
0	56
0	0
0	8
0	20
0	3
0	14
0	7
0	6
0	4
0	1
0	2
0	2
0	119
0	59
4	466
0	67
0	0
0	0
0	0
0	0
0	13
0	9
0	16
0	16
0	3
0	2
0	2
0	3
0	0
0	3
0	1
0	1
0	1
0	0
0	8
0	8
0	8
0	0
0	7
0	1
71	109
0	23
0	22
0	11
0	116
0	28
0	29
0	34
0	47
0	40
0	19
0	21
0	4
105	0
95	1900
0	1848
0	1799
4	61
0	335
1	58
6	127
0	85
1	95
0	0
0	819
1	232
10	102
0	197
0	280
2	279
0	145
4	99
0	42
1	47
0	37
2	274
0	218
6	68
1	288
9	1959
228	2456
8	256
0	115
16	703
0	27
0	108
0	177
8	109
0	89
0	529
2	532
0	522
0	533
0	126
0	79
0	13
0	14
4	16
1	1
4	0
1	2
0	0
0	0
0	0
0	0
0	0
0	0
0	0
0	0
0	0
0	0
0	0
0	0
0	21
0	27
9	23
0	283
0	287
0	40
2	30
0	269
0	249
10	0
2	3
0	12
13	68
1	10
9	14
0	14
11	128
1	115
0	16
0	21
1	93
0	17
2	57
1	48
0	44
0	6
0	5
0	5
0	548
1	467
0	529
0	349
0	130
0	101
0	61
0	73
0	93
0	18
0	50
0	43
0	329
0	324
0	308
0	8
0	94
0	75
0	45
0	25
0	82
0	177
2	80
0	95
4	80
54	37
20	274
0	184
92	210
1	165
0	147
0	606
2	615
1	176
0	99
7	1
2	26
3	560
0	148
0	103
1	6
0	156
0	173
0	87
4	155
0	166
0	64
0	79
0	68
0	72
0	0
0	0
219	108
2	55
1	18
2	87
71	0
0	16
1	16
0	3
0	4
0	0
0	32
1	30
1	31
0	3
0	65
173	0
0	1424
1	1398
0	1392
0	147
1	171
0	308
15	782
0	246
61	131
165	138
3	310
0	355
0	322
4	260
18	164
0	151
0	131
3	47
1302	1160
0	81
5	60
0	11
1	34
2	1045
2	155
0	143
3	11
3	113
0	140
2	65
15	385
9	384
0	23
0	48
0	45
4	56
0	174
0	33
0	7
0	1
0	1
0	0
0	1
1	0
3	38
1	649
6	641
1	591
99	604
0	648
0	54
0	84
0	158
2	107
9	77
0	125
0	126
0	55
9	31
7	22
0	22
0	22
0	2
0	1
175	399
2	222
2	231
1	0
0	0
8	25749
28	25304
0	25167
0	11811
12	3690
0	4143
0	3944
1	2567
0	0
0	0
0	28
1	28
0	10
0	20
0	28
0	5
4	6
0	15
0	8
2	7
0	9
0	5
0	6
0	5
0	2
0	1
0	27
0	29
14	2508
6	2557
1	1848
3	573
1	90
55	12857
0	12815
0	11853
97	3185
0	12888
0	11845
1	3151
29	5993
0	7700
169	6992
0	6036
3	3976
0	3842
5	1018
0	62
0	244
21	309
0	330
0	318
0	389
0	308
1	350
0	336
0	308
13	337
0	267
0	204
1	111
0	257
0	161
0	110
0	0
0	0
0	0
0	0
39	2
1	2
6	0
1	0
0	0
57	612
5	168
0	576
5	200
0	330
264	34
6	18
0	30
10	26
0	25
1	21
0	21
4	25
0	19
19	13
8	35
432	99
1	98
0	976
0	961
0	794
0	485
1	244
0	472
0	449
0	421
0	452
1	373
0	422
0	427
0	190
7	58
0	143
0	188
1	204
2	78
0	53
0	918
0	312
0	44
2	568
2	34
0	555
2	533
0	521
0	58
0	42
1	22
0	37
0	261
0	73
0	250
8	2389
2	171
0	2253
2	119
0	624
7	172
3	515
16	967
0	197
1	338
0	99
1	99
0	13
0	4
3	1
1407	1037
0	266
4	670
0	573
0	320
1	141
0	130
0	11
0	8
0	16
0	1413
0	27
0	314
0	1455
0	503
0	27
1	9
0	54
0	78
0	55
2	166
0	99
989	363
1	19
10	83
0	132
4	85
0	114
0	17
16	1436
0	1549
6	1538
2	68
1	7
0	64
0	72
0	3
1	70
0	9
0	4
0	20
0	0
0	1
0	34
0	13
0	33
0	21
1	20
0	16
0	19
1	11
0	17
0	19
0	17
1	0
0	13
0	13
0	2
0	4
0	14
2	9
0	77
0	103
0	28
0	46
2	7
4	18
4	399
2	403
3	399
3	102
0	105
0	9
6	56
2	336
0	351
5	333
0	315
0	316
0	356
0	346
0	309
0	348
0	301
0	304
0	320
0	323
0	325
0	272
0	24
2	250
1	75
0	71
0	43
13	36
0	31
2	83903
0	0
0	137487
0	137792
0	126084
0	137303
2	136972
0	136974
0	131722
0	128705
2	137045
0	136986
0	57430
23	131174
0	126790
6	137142
2	137112
0	136931
9	127387
3	124194
0	91037
0	83623
0	8719
0	1
0	533
0	529
0	53
0	295
0	44
0	377
0	0
0	2737
11	2104
0	2809
0	2818
0	2842
0	616
0	2422
0	34
3	77
1	117
6	248
0	94
8	79
8	420
1	22
30	356
0	74
7	172
9	88
0	0
6	811
2	892
1	809
1	291
0	204
0	0
1	0
0	0
0	932
0	919
1	272
0	1007
0	969
0	982
0	213
0	868
0	174
0	126
0	910
0	415
0	203
0	1016
0	271
2	242
0	335
0	993
0	352
0	359
0	105
2	144
1	258
14	873
6	827
1	860
5	402
0	30
0	26
0	14
6	386
0	19
0	78
2	57
7	59
0	51
0	10
0	68
16	68
0	24
0	15
0	16
0	10
1	10
1	8
0	559
0	314
17	279
2	198
156	472
0	192
20	142
1	140
0	141
5	82
2	48
6	45
0	388
0	11
0	68
0	388
1	40
1	368
0	358
0	397
0	40
0	6
0	22
0	168
0	12
0	67
0	313
0	11
0	320
0	82
0	44
33	49
0	63
0	231
0	76
0	93
0	67
0	99
1	79
0	71
0	390
0	0
0	0
0	0
0	0
0	0
0	53
5	53
18	200
0	195
0	185
0	164
4	151
0	164
1	47
0	37
20	548
1	585
0	659
0	659
0	265
0	626
0	622
2	237
0	452
0	522
0	555
1	298
0	414
0	414
0	284
15	198
0	179
1	49
0	77
0	7
0	8
0	0
0	7
0	18
0	17
0	17
0	17
0	7
0	18
0	16
0	16
0	16
0	15
0	7
0	16
0	17
0	16
0	14
0	14
0	15
0	13
0	13
0	14
0	13
0	15
0	15
0	15
0	15
0	14
0	13
0	14
0	13
0	12
0	14
0	13
0	13
0	13
0	6
0	13
0	14
0	12
0	13
0	9
0	14
0	14
0	13
0	12
0	12
0	13
0	10
0	13
0	12
0	13
0	12
0	11
0	10
0	12
0	5
0	9
0	9
0	13
0	10
0	12
0	12
0	13
0	12
0	12
0	12
0	12
0	13
0	12
0	10
0	12
0	12
0	13
0	11
0	12
0	12
0	12
0	13
0	12
0	13
0	12
0	10
0	10
0	7
0	12
0	11
0	12
0	14
0	13
0	13
0	14
0	12
0	13
0	12
0	12
0	11
0	11
0	11
0	4
0	12
0	12
0	11
0	7
0	11
0	11
0	10
0	10
0	12
0	11
0	10
0	9
0	10
0	11
0	9
0	9
0	4
0	6
0	7
0	7
6	1
0	7
0	8
0	9
0	7
0	7
0	7
0	4
0	9
0	6
0	0
0	4
0	0
0	3
0	0
0	1
0	7
0	5
0	3
0	3
0	5
0	4
0	3
0	3
0	1
0	1
0	3
0	4
0	0
0	2
0	2
0	3
0	4
0	2
0	2
0	3
0	2
0	2
0	1
0	3
0	1
0	2
0	2
0	1
0	2
0	0
0	0
0	1
0	0
0	1
0	1
0	0
0	1
0	0
0	0
0	0
0	1
0	0
0	1
0	1
0	1
0	1
0	0
0	0
0	0
0	0
0	0
0	0
0	0
0	0
0	4163
0	3696
1	1447
2	469
5	1074
0	553
9	777
1	332
0	561
0	3388
0	719
0	719
1	719
0	719
1	719
0	719
0	719
0	724
3	593
2	658
0	72
0	17
0	14
0	8
0	4
0	1
0	12
0	1
0	2
0	0
0	8
0	11
0	2
0	2
0	6
0	10
0	1
0	10
0	11
0	7
0	0
0	10
0	1
0	1702
0	1710
0	563
2	135
0	123
0	80
0	150
0	187
0	76
0	496
0	6
0	6
0	5
0	5
0	5
0	5
0	5
0	3
0	3
0	3
0	3
0	3
0	4
0	4
0	4
0	4
0	1
0	2
0	1
0	1
0	1
0	1
0	0
0	1
0	1
0	0
0	0
0	0
0	0
0	0
0	0
0	0
0	0
0	0
0	0
0	75
0	969
0	111
2	58
0	88
1	841
0	64
0	35
0	34
0	0
0	34
0	0
0	0
0	35
0	34
0	34
0	34
0	34
0	34
0	34
0	34
0	34
0	728
0	872
0	820
2	274
4	191
0	422
0	764
1	629
2	819
7	760
0	121
6	128
0	218
0	331
2	29
0	97
4	403
0	117
0	119
5	29
2	85
0	525
0	533
0	518
0	553
0	230
0	236
0	226
0	225
23	168
9	220
0	213
1	43
34	7
1	33
0	85
0	50
1	45
0	45
0	45
0	15
14	890
0	1261
3	1252
1	963
9	86
11	174
0	122
0	49
1	98
0	12
0	49
0	43
0	17
0	4
0	2
0	8
0	10
226	171
0	166
3	5
0	0
1	1
0	4
0	4
0	4
0	4
0	2
0	3
0	2
0	1
0	0
0	0
0	0
0	0
0	0
0	0
0	0
0	0
0	0
0	0
0	0
0	0
0	0
0	0
0	0
0	0
0	0
0	19
0	19
0	17
0	13
1	1
0	114
0	113
0	59
0	2
0	5
0	5
17	5
3	0
1	5
2	696
6	1347
134	1309
1	1407
0	1790
0	1409
4	1381
8	562
0	1064
0	410
9	142
0	762
0	739
0	307
0	117
0	170
0	121
0	136
0	155
0	334
1	286
0	107
1	66
11	197
3	141
0	221
0	2
0	0
0	2
0	1444
0	1436
0	1712
2	1912
0	2238
0	2941
1	2984
0	3670
0	3664
0	3685
1	4121
0	4200
0	4474
0	4472
0	5169
0	5162
0	5160
0	5144
0	5177
0	5169
0	5120
0	5069
0	5168
0	5161
0	5198
0	5179
0	5177
0	5243
0	5195
0	5216
0	5171
0	2496
0	1446
3	161
1	681
0	257
0	473
0	2864
2	530
0	99
0	199
1	1317
4	172
0	309
0	1796
1	188
0	1787
0	1535
16	1027
0	129
0	253
0	1057
7	144
0	74
0	992
0	860
2	92
0	192
1	551
0	530
0	456
0	565
0	464
0	400
15	364
0	491
0	543
4	280
0	276
0	343
1	351
0	159
0	174
0	208
1	139
1	78
0	153
1	170
1	105
0	98
0	78
2	17
0	24
0	169
0	140
0	153
0	26
0	144
1	20
0	59
5	16
0	81
0	54
1	1
0	1
0	0
0	0
0	896
27	793
1	791
5	772
2	278
0	0
0	0
0	0
0	20
1	90
1	149
4	1030
7	461
28	1024
0	973
0	184
0	105
0	0
2	480
0	91
0	933
2	24
7	98
0	25
1	83
0	27
1	16
2	4
0	1372
0	1263
0	174
0	847
0	194
0	215
0	1388
0	894
0	175
8	1436
0	1491
0	1446
0	1468
0	116
0	1365
0	870
0	1189
0	1293
0	752
0	1430
2	194
0	188
0	647
0	782
1	557
0	1245
1	242
0	1241
9	205
0	698
0	244
0	126
0	403
16	355
0	434
0	834
0	105
0	348
0	101
0	138
0	93
9	574
1	3
0	0
0	4
0	2
0	34
263	533
1	380
9	153
2	174
0	408
0	337
0	235
3	226
4	137
1	281
0	277
0	203
1	103
0	0
0	132
0	108
0	0
0	0
0	0
1	2
0	0
0	0
0	0
0	2
0	0
0	0
0	0
0	0
0	0
0	0
0	8
0	39
1	39
0	0
0	81
0	578
8	1490
0	147
0	884
0	76
0	510
0	263
4	229
0	23
0	41
0	25
0	229
0	221
219	359
15	134
0	162
13	101
3	214
0	124
0	1445
1	4
0	26
178	165
0	150
1	98
65	555
4	482
0	15
1	422
2	399
0	14
0	272
0	285
1	75
0	0
0	2160
0	1192
20	1199
0	1694
947	217
8	128
4	1077
0	2619
0	2573
0	1473
2	2224
12	604
0	472
0	616
0	170
3	674
0	696
0	84
5	38
0	20
0	13
1	747
0	13
0	10
0	16
1	3
0	5
0	0
0	2
0	5
0	7
0	3
12	34
0	62
4	86
0	20
0	50
0	21
0	20
0	48
0	34
0	21
4	0
0	3
0	17
73	1260
9	102
0	63
42	538
2	114
0	112
0	111
10	45
3	4
0	3
0	3
0	3
0	3
0	3
622	0
2	0
159	50
83	566
1	200
1	45
1	17
0	1472
0	1818
3	678
64	1287
0	1766
2	1187
2	1820
1	758
0	708
0	69
0	0
0	0
0	0
0	0
0	102
0	102
0	126
0	93
0	109
0	60
0	93
0	89
2	73
0	71
0	56
0	15
0	39
0	13
0	0
0	3
0	1
0	0
0	0
0	0
0	0
0	0
2	144
0	77
3	143
0	61
0	11
0	65
1	593
0	571
5	569
0	603
0	573
0	443
3	459
0	383
0	399
0	439
0	406
2	402
0	319
0	329
0	237
0	310
0	261
0	238
0	57
0	92
0	113
0	128
0	151
2	32
0	22
0	107
0	89
0	0
0	79
0	103
0	55
0	68
0	68
0	68
0	0
0	0
0	63
0	0
0	0
0	0
1	76
0	0
0	20
0	6
0	12
0	0
0	0
0	0
3	0
0	0
0	0
0	0
0	4
0	0
0	0
0	0
1	102
0	557
1	555
1	190
2	261
2	251
1	250
0	126
2	0
31	2070
6	417
0	413
0	1882
0	1881
0	298
0	69
2	168
3	81
0	232
0	272
3	239
0	223
0	62
6	1960
0	1031
40	365
26	361
11	311
0	71
0	359
1	110
7	73
3	72
1	56
0	52
0	15
0	35
0	263
0	64
0	628
0	2
0	35
0	28
5	526
6	101
0	550
0	493
2	80
0	68
0	134
1	171
4	1506
9	1469
0	38
1	28
15	1176
0	1
0	1
0	1
0	0
0	0
0	0
0	0
0	0
0	0
0	0
0	0
0	0
0	0
13	1157
0	1235
0	642
46	1177
0	1226
0	1162
0	1127
6	975
1	956
0	0
0	0
0	0
0	0
0	0
0	2446
0	3338
430	2263
0	2449
1	2471
0	3341
36	3319
0	2502
0	2606
0	899
1	201
0	777
9	325
11	383
0	439
12	329
58	403
22	149
1	136
1	133
110	132
0	137
2	113
0	365
0	127148
0	125470
3	4
0	1
211	389
0	111
0	36
81	160
0	206
0	79
6	103
0	73
0	100
3	130
1	81
0	56
0	196
0	18
0	19
4	17
1	16
1	206
0	188
0	181
0	495
0	500
0	496
11	34
0	0
5	13
1	27
0	56
0	24
1	33
0	21
0	26
0	11
1	8
0	494
0	200
0	1
0	1
0	0
0	4
0	0
0	0
0	0
0	0
0	0
0	0
0	0
0	0
0	4
0	0
0	0
0	0
0	0
2	302
9	306
3	4
0	71
0	71
0	130
14	0
4	17
0	35
0	6
0	21
24	18
0	4
0	8
0	12
0	9
0	7
2	1
135	15
2	7
0	9
8	41
0	1
0	9
0	12
0	35
0	17
0	1
2	6
0	10
1	20
54	386
0	249
0	189
0	139
0	185
0	62
0	22
9	100
635	381
13	357
1	339
2	47
3	19
0	98
405	715
0	28
0	33
24	674
41	570
15	210
237	1270
0	1184
0	598
0	401
8	107
0	1271
12	1336
12	213
0	14
0	73
1	0
20	45
0	45
0	20
0	6
10	14
19	731
2	731
0	25
0	49
0	914
0	40
0	206
4	206
0	53
0	66
0	195
0	140
0	7
0	173
3	199
1	80
0	28
1	42
0	49
0	66
0	63
0	5
124	38
0	5
0	0
0	0
0	1
0	1
0	1
0	1
3	0
1	0
0	1123
233	1264
2	593
0	32
1	213
3	96
7	747
0	381
0	403
0	407
0	334
5	259
1	162
2	171
0	192
0	97
0	104
0	77
0	61
0	25
8	467
0	467
1	203
0	211
10	134
0	457
0	820
1	71
0	71
0	73
0	260
5	178
80	246
0	280
0	301
0	384
2	614
0	571
0	341
17	115
0	504
1	340
1	290
18	483
13	435
0	386
1	107
2	202
0	189
0	29
0	10
2	0
0	12
0	14
0	14
0	14
0	15
0	15
0	15
0	11
0	2
0	4
0	6
0	2
0	3
0	3
0	3
0	1
0	0
0	0
0	0
0	0
0	0
0	1601
2	1533
0	562
1	592
3	563
730	49
13	49
1	28
116	6886
0	3042
2	3407
16	1572
29	2996
4	2956
1	4718
0	6597
0	6498
2	2688
0	2726
0	2645
7	55
9	55
0	23
0	88
0	45
0	89
0	88
1	68
2	68
0	22
0	29
0	55
0	8
0	50
0	32
1	16
6	65
56	66
0	0
0	1
0	1145
41	134
0	1051
45	692
0	22
0	20
1	46
1	261
0	95
0	662
94	624
4	623
0	11
0	56
37	2
279	708
5	1
0	26
49	0
1	96
5	178
0	26
41	206
0	23
0	1
0	6
5	61
0	61
1	56
0	61
0	61
0	46
0	1
2	23
7	627
1	630
0	352
0	310
0	116
0	142
0	164
0	121
0	95
1	0
0	0
0	0
0	36
1	521
0	522
0	10
2	166
0	265
34	346
28	291
1	320
0	292
0	15
0	88
1	61
0	1
0	1
0	1
0	863
26	827
0	816
0	305
0	367
0	50
0	102
0	40
0	66
0	1
0	732
0	25
0	28
0	15
0	358
3	4
0	10
1	353
3	74
2	139
0	6
0	16
1	17
0	0
1	0
0	0
8	17
1	16
1	5
0	10
2	789
13	783
0	791
0	77
153	497
49	184
288	0
1	307
1	281
0	0
0	84
0	108
0	1104
4	1414
0	108
0	147
0	1586
20	652
0	70
0	1022
1	16
1	108
0	214
0	174
0	470
0	329
2	253
0	944
3	134
0	888
0	0
0	0
0	2
0	2
0	2
0	2
0	2
0	2
0	2
0	1
262	266
4	207
1	144
0	52
0	169
2	1819
0	61
0	122
0	1841
0	1200
3	147
31	152
0	1450
11	1846
11	213
1	393
0	240
0	133
11	4855
0	4883
0	4822
11	2937
0	3070
8	3715
0	4177
0	3261
0	4603
0	4530
0	4558
0	4586
0	4460
0	4259
1	2956
0	4675
0	4505
0	442
34	650
1	18
0	26
4	498
198	517
0	44
1	57
0	83
1	72
0	8
0	56
0	56
0	50
0	23
0	29
0	29
0	23
0	25
0	29
0	30
0	17
0	21
0	11
1	12
2	2
0	0
2	13
4	751
0	4
1	244
0	753
0	0
0	0
1	1
0	12
0	364
7	241
0	272
5	21
0	48
0	50
0	29
0	24
3	44
5	358
0	0
0	0
0	0
0	0
0	0
0	289
1	288
0	294
0	283
0	289
0	289
0	296
0	279
0	127
0	10
27	87
1	82
13	83
0	21
6	78
0	404
0	409
0	467
0	548
0	583
0	505
0	560
5	382
7	15
0	238
0	37
0	99
0	23
0	12
0	13
0	30
4	32
0	36
0	10
0	15
1	15
0	1
1	4
3	17
142	36
0	24
0	16
0	1102
0	1078
2	476
1	139
24	290
10	59
67	265
10	228
1	48
2	66
1	81
0	75
2	53
0	40
0	63
2	50
0	49
0	31
0	345
0	37
0	47
0	311
2	35
0	24
0	38
11	290
0	1834
2	811
7	492
0	338
4	284
0	106
0	84
1	0
7	64
1	64
0	1833
0	550
0	1439
0	1555
0	1525
0	1838
0	348
4	1343
1	20
0	19
0	20
0	18
0	19
0	19
0	6
0	7
0	18
0	4
1	10
0	0
0	4
0	1
0	2
823	2015
8	389
7	658
0	155
1	455
1	462
8	781
11	345
3	831
47	411
2	333
0	1
0	327
0	59
0	230
0	360
0	92
2	47
0	87
0	59
13	86
12	79
0	65
0	303
0	299
7	52
0	163
1189	160
0	22
18	18
0	861
0	841
0	865
0	841
0	724
34	855
0	311
0	176
0	157
0	95
0	114
0	138
0	134
0	122
0	128
11	54
0	53
0	50
0	2175
33	2175
1	347
5	218
4	75
21	83
0	194
0	187
0	187
2	175
1	140
6	93
1	19
2	16
1	7
0	16
0	21
0	9286
11	6983
0	9227
12	8503
2	11578
1	11776
0	5953
0	5892
0	11546
0	90
9	706
0	15
1	259
0	616
9	291
0	173
2	389
0	46
1	31
0	0
0	1
0	1
671	293
2	293
1	189
0	74
0	2502
3	2510
0	2524
3	79
7	1581
1	52
16	156
0	807
66	661
0	82
1	642
1	60
1	80
1	97
1	417
0	322
0	427
0	113
0	110
20	383
0	134
1	184
0	317
0	111
0	194
1	70
7	192
0	102
0	200
3	126
10	391
0	376
1	317
12	389
0	552
7	386
0	0
0	0
0	0
0	0
0	0
0	0
0	0
0	0
0	29
0	40
0	45
0	232
1	47
0	66
0	49
4	211
3	28
0	27
0	230
0	228
0	76
0	27
0	35
0	33
0	47
1	24
0	40
2	81
0	76
1	28
0	76
0	4
0	4
2	3
0	0
0	1
0	0
5	11
1	11
0	3
0	3
0	2
0	2
0	2
0	0
0	1
0	0
0	0
0	0
0	0
0	0
0	0
0	2
0	2
0	0
0	0
9	335
12	344
1	163
0	100
0	20
8	104
0	14
0	0
14	0
6	1
8	7
1	2
0	1
0	2
0	3
31	114
152	114
80	48
0	48
1	41
0	15
0	29
0	23
0	28
0	16
0	1
0	3
0	3
0	6
0	4
0	4
0	4
0	3
0	3
0	0
0	21
0	3
0	3
0	2
0	3
0	0
0	4
0	10
0	5
0	3
0	2
0	2
63	39
0	347
0	42
0	40
0	202
0	344
0	313
0	115
0	182
0	21
0	62
0	154
2	163
0	239
0	44
0	72
4	111
8	7
0	8
0	7
3	8
2	642
0	437
6	573
0	592
2	458
0	314
0	214
0	524
0	350
0	326
0	192
0	202
0	127
0	105
1	24
10	89
0	910
0	591
0	886
0	282
0	577
0	14
0	14
0	14
0	14
0	3
0	2
1	3
0	3
0	0
0	0
0	94
0	110
1	110
0	110
0	110
0	110
0	110
0	111
0	110
0	110
0	110
0	110
6	110
1	110
3	70
0	103
0	36
1	34
0	2
117	116
0	8
0	116
1	560
0	1252
3	1154
6	870
0	577
48	858
2	569
0	288
1	258
30	449
26	573
0	732
1	776
0	184
0	154
0	157
0	167
0	31
0	0
0	0
0	0
0	0
0	0
0	0
0	0
0	0
0	0
0	0
1	257
1	202
1396	258
0	103
0	165
1	964
0	1018
21	351
0	131
0	128
0	125
0	22
0	0
0	0
0	2
0	2
3	2
0	1
0	2
0	1
0	0
0	0
0	0
0	0
0	0
9	177
0	539
0	526
0	325
6	124
16	325
0	0
0	0
0	0
0	0
0	0
0	0
0	0
0	0
0	0
0	0
0	0
0	0
0	0
0	0
0	0
0	0
0	110
0	8
2	126
0	129
1	124
2	124
0	12
2	100
14	1
4	20
16	0
0	2
0	8
0	0
0	8
0	8
0	7
0	28
1	108
0	85
4	5
2	105
0	10
1	95
0	95
0	95
0	89
0	18
0	22
4	23
1	2
0	16
1	32
0	9
0	110
0	5
0	5
0	0
0	3
0	12
0	2
0	9
0	10
0	12
0	11
196	13
2	13
0	0
451	981
0	607
0	190
1	339
0	212
0	50
0	206
0	188
0	30
0	140
1	173
0	7
0	136
1	104
1	61
20	2
7	237
264	398
15	310
0	131
31	304
4	254
0	34
0	34
0	30
0	9
0	24
0	12
0	34
0	5
0	10
0	187
2	82
0	186
0	206
0	208
0	31
0	291
0	134
1	229
0	114
1	23
0	58
0	259
0	34
44	236
1	252
0	45
0	145
23	112
277	218
6	65
1	153
3	141
0	21
0	31
403	719
0	719
1	1
368	158
4	77
0	157
7	99
27	3
0	0
0	1
0	1
0	1
0	1
0	1
0	1
0	0
0	0
0	1
0	1
0	0
0	0
0	0
0	0
0	0
0	0
0	5
0	4
0	1
0	1
0	0
0	0
0	0
0	1
82	42
1	42
0	11620
0	11620
0	11619
2	5671
0	10876
0	4593
0	1309
34	3727
10	3
0	3426
1874	230
3	230
0	100
0	71
1	308
0	1187
5	1201
0	606
23	28
10	0
0	414
0	401
0	331
0	410
0	98
0	412
0	66
0	277
0	465
22	414
0	358
1	377
1	354
0	46
0	109
0	291
0	405
0	324
0	43
0	185
0	30
0	332
0	340
0	261
0	3
0	418
0	345
0	15
0	288
0	45
0	26
0	64
0	27
0	423
0	29
0	371
0	416
0	344
0	9
0	31
0	348
0	338
0	318
0	1
0	272
4	180
0	38
9	409
0	419
0	250
0	4
33	384
0	325
0	408
1	3
0	3
0	379
0	54
11	12
0	28
1	18
0	63
0	74
2	297
0	36
0	16
2	90
0	2
0	85
0	105
0	0
0	0
0	39
3	46
0	77
0	89
0	58
0	7
0	3
0	1
0	2
0	5
0	0
0	12
0	13
0	10
0	13
1	0
9	142
0	128
0	9
0	25
1	36
0	22
0	6
0	135
0	1097
0	170
0	201
0	125
0	107
0	550
0	617
1	576
2	300
1	580
0	600
0	622
2	107
106	669
1	529
0	227
0	366
0	321
0	431
0	528
0	292
0	145
0	396
0	230
0	327
0	273
0	157
1	223
9	199
0	252
4	48
7	108
18	44
0	133
0	11
0	124
0	124
2	130
46	121
1	119
0	40
0	16
0	19
4	9
0	0
0	0
0	0
0	0
0	1
11	1
0	0
1	888
0	423
0	1040
0	1034
2	1022
0	1040
0	949
2	968
0	880
0	122
0	250
33	376
1	775
0	956
0	905
0	298
0	911
0	852
0	891
0	45
0	234
0	72
0	140
0	67
4	25
1	105
1	350
1	161
13	811
0	792
0	154
0	74
8	137
0	179
0	295
1	385
0	319
0	32
0	171
0	82
0	138
0	1040
0	998
779	301
14	286
17	75
0	60
0	868
0	96
0	99
0	871
0	795
7	869
0	340
0	133
10	113
0	792
51	778
9	26
0	86
0	1344
0	1135
0	1104
0	1113
1	132
40	185
0	180
0	183
0	16
0	183
2	185
0	188
10	475
0	588
0	630
0	544
0	358
3	279
5	11
0	30
0	0
0	17
0	153
0	139
0	147
0	23
0	76
0	141
0	12
0	28
0	51
0	37
0	146
0	149
0	44
0	146
0	148
0	153
0	145
0	13
0	12
0	516
0	310
0	337
0	321
0	1090
1	3
4	1171
4	837
1	118
15	942
0	1622
1	1623
0	1626
0	1622
0	1628
1	1441
0	1626
0	1622
0	1623
0	1623
0	1626
0	1494
0	1509
0	1620
0	1622
0	1633
0	1438
0	1270
0	1467
0	1618
6	1298
0	1462
0	1624
0	872
0	744
0	534
0	734
0	770
0	468
0	523
5	587
0	573
0	578
0	349
0	451
0	401
3	342
0	334
0	5
0	199
0	193
0	107
1	0
0	5
2	2
0	2
1403	0
0	0
11	1318
3	884
1	1299
0	29
0	97
10	8
15	5131
0	5426
0	5314
0	4414
0	5369
0	5434
0	5241
36	3746
3	3782
4	4038
0	3175
0	3302
0	2894
0	2904
0	3168
0	2437
0	2621
0	3054
0	3054
0	2482
0	2232
0	6
33	6
5	29
7	61
14	32
2	15
3	30
0	7
2	106
0	279
1	18
1	18
0	196
0	170
4	262
0	35
0	4
0	19
0	28
0	105
0	501
3	501
0	279
0	309
0	32
0	62
13	128
1	55
4	374
2	384
0	402
14	263
8	282
0	346
3	43
0	59
0	97
3	101
0	282
0	261
0	74
8	133
0	47
1	93
0	48
0	41
0	14
2	18
0	17
3	38
0	317
0	299
5	215
0	319
7	214
0	298
0	337
0	348
0	117
0	58
0	234
0	244
0	14
0	8
0	5
0	15
0	24
0	13
0	2
1	51
0	1
5	30
0	29
0	17
0	6
2	6
0	1
0	0
0	4
0	55
1	681
1	677
0	687
0	425
16	3
0	81
0	27
0	54
0	69
13	66
0	6
3	50
0	52
0	55
0	52
0	52
0	47
0	40
0	35
0	677
0	680
0	15
19	1271
1	1271
0	282
0	35
0	94
1	88
11	195
1	93
0	193
0	192
0	191
0	188
0	174
0	192
1	7
0	14
0	73
0	74
0	74
0	9
0	5
0	90
0	118
1	663
0	237
9	760
0	792
2	113
11	104
0	289
6	190
1	65
0	18
0	1526
97	1563
22	662
0	1140
1	917
9	1373
0	1472
19	189
69	1498
0	1498
11	276
1	207
1	613
0	389
0	310
0	348
0	287
0	332
0	85
0	609
0	624
0	166
0	615
2	85
0	32
1	329
0	128
0	0
0	0
0	0
0	0
0	0
0	0
0	0
0	2
0	2
0	1
0	0
0	240
3	237
0	30
0	102
0	4406
0	4438
11	4423
33	1588
0	2543
2	4460
0	708
1	4298
0	4749
1	3376
4	315
0	4407
0	4406
0	1007
1	891
2	840
0	3881
0	3845
1	580
0	585
0	587
0	340
0	8
0	0
0	11
2	279
2	132
0	21
1	21
0	21
1	36
1	2
0	15
0	585
0	577
0	183
3	683
15	91
0	139
12	88
236	680
0	168
0	1569
0	382
0	1569
0	1569
0	1567
2	1205
0	1469
0	1566
2	133
0	1444
0	1387
1	1515
0	1450
0	383
0	116
2	1132
13	14567
0	1
0	51
0	50
0	62
0	36
0	32
0	1
0	2
0	47
9	332
0	985
2	952
0	904
0	866
13	882
6	856
6	446
0	281
0	538
0	881
24	355
0	813
0	849
0	855
1	892
1	867
0	178
0	33
0	39
0	39
0	51
0	16
6	52
0	12
2	49
5	41
4	33
1	32
3	32
5	14
0	4
0	2
0	1
0	9
0	44
0	17
0	9
0	3
0	16
0	0
0	0
0	6
0	1
4	32
4	1
0	244
0	308
0	385
0	43
0	60
0	58
0	217
0	43
0	142
0	487
0	448
1	498
0	47
6	72
1	85
0	98
0	273
0	131
0	201
0	14
1	141
0	73
0	253
2	83
0	366
1	210
0	1
0	1
0	0
0	478
0	478
6	74
6	67
0	66
5	303
0	392
31	232
0	221
14	23
0	141
0	20
7	6
1	28
83	59
0	36
0	2
1	66
11	52
0	16
0	850
0	51
0	50
1	33
3	39
0	0
0	26
0	25
0	26
0	26
0	0
0	0
0	0
0	26
0	26
0	26
0	0
0	3
0	17
0	12
0	46
0	47
0	46
0	47
0	47
0	47
0	47
1	47
3	46
0	47
0	0
1	2
55	18
0	0
0	0
0	0
0	0
10	1468
0	1468
8	1187
0	3712
0	3874
0	618
0	3703
0	116
0	176
50	3606
0	3721
0	2138
48	3963
0	3080
0	3847
5	440
1	399
0	3844
0	1252
0	151
0	3843
2	191
3	3662
0	3819
12	2575
87	2319
10	202
0	183
3	343
0	0
0	142
0	39
0	3
0	142
0	142
0	1
0	0
0	142
0	1
0	0
0	1
0	1
0	1
0	0
0	2
0	3
0	0
0	95
0	99
0	158
1	126
0	111
0	39
0	0
0	0
0	0
0	0
0	0
0	0
0	0
0	0
0	0
0	0
0	0
0	0
0	0
0	0
0	0
0	0
0	0
0	0
0	0
0	0
0	0
0	0
0	0
0	0
0	0
0	0
0	0
0	0
0	0
0	0
0	0
0	0
0	616
0	705
0	86
0	55
3	0
0	0
0	23
0	86
1	304
0	19
1	54
14	14
0	217
2	55
0	20
4	23
4	19
6	18
6	169
0	48
0	2361
0	0
1	0
0	75
0	114
12	171
0	144
11	20
0	77
0	20
0	123
0	18
0	120
0	121
5	113
0	19
0	5
1	11
0	51
1	47
0	12
0	2
4	54
12	5
1	53
0	51
0	3
2	5
0	0
0	0
0	0
0	0
0	0
0	0
0	0
0	0
0	0
0	19
0	1
0	61
1	61
1	61
0	61
0	61
9	56
2	56
0	1
0	0
0	0
0	951
0	17
0	17
0	17
0	4
0	0
0	1
0	0
0	3
0	2
0	0
0	4
0	4
0	1
0	2
0	2
0	2
0	2
0	2
0	537
0	489
7	509
14	137
8	478
0	309
8	189
0	77
4	119
0	289
9	65
0	189
1	139
0	184
702	450
11	172
1	21
2	88
1	81
0	105
1	125
55	232
0	225
2	137
3	74
0	225
0	237
0	44
0	550
0	458
0	541
0	29
25	474
0	3
2	400
0	315
0	24
0	0
0	0
0	0
0	0
0	0
4	664
1	88
88	666
0	580
21	569
1	140
0	6177
53	88
0	88
1	53
0	40
0	0
0	3
0	1
0	5
0	4
0	6
0	2
0	3
0	4
0	8
0	3
0	6
0	4
0	4
0	7
0	5
0	3
0	1
0	2
0	3
1	2
843	598
0	568
0	62
0	71
5	39
0	26
1	108
867	438
1	305
1	24
3	91
0	238
5	76
2	83
2	280
4	52
0	438
0	108
0	319
0	315
0	102
1	1
0	0
9	317
1	4
54	36
4	8207
0	771
1	636
3	902
0	867
12	6685
0	485
0	1383
3	899
0	8205
0	36
17	492
0	493
0	461
0	207
0	49
1	82
0	87
0	38
2	32
0	18
0	0
0	217
2	232
0	197
0	178
0	17
1	1
0	1
0	231
0	231
0	0
0	0
1	0
0	4
0	4
0	0
1	337
4	366
0	159
0	213
18	172
2	116
0	112
0	0
0	0
0	739
0	123
0	0
0	553
1	521
0	556
0	65
1	32
0	42
0	372
367	43
2	43
184	888
0	863
43	94
0	202
0	93
36	95
0	12
38	0
1294	8316
73	6807
0	6973
0	6073
0	3414
20	6095
5	373
0	5576
1	5709
14	5879
0	6188
16	3312
0	719
0	5583
0	3108
0	5815
0	3158
3	4037
0	3232
0	2063
0	2186
3	1622
1	720
0	1220
9	234
6	57
7	1498
3	1498
0	1534
0	313
0	1603
0	329
0	1527
0	1277
0	71
8	83
0	83
4	919
14	1523
0	1530
0	209
0	1499
17	533
0	145
0	1335
5	60
0	1
0	1290
1	1317
0	359
6	532
0	438
10	634
0	3647
2	302
5	605
2	172
0	785
0	3076
0	3244
0	313
0	548
18	594
11	462
8	226
15	288
0	576
9	723
0	657
1	180
0	71
14	89
0	10
4	63
1	93
0	7
0	1
20	316
63	316
0	151
0	134
0	161
2	131
0	148
1	145
4	14
0	29
94	10
0	10
0	10
0	158
0	158
0	477
2	383
0	483
0	412
0	387
0	425
0	459
0	61
0	314
0	347
0	314
0	341
0	269
1	361
0	186
0	292
1	117
0	246
0	42
0	15
0	17
0	9
0	9
0	31
0	31
0	45
1	227
0	228
1	3
0	9
0	37
1	27
0	0
0	2
0	0
0	0
0	0
1	19
2	39
0	44
0	69
0	23
0	0
0	24
1	12
7	3
0	3
0	3
0	18
0	23
0	6
0	6
0	5
0	5
0	19
0	71
0	30
0	51
0	8
0	38
0	52
0	15
0	21
0	17
0	2
0	2
0	2
0	2
0	24
0	7
8	0
0	1
0	346
0	299
0	299
4	22
0	67
0	346
0	212
0	4
0	5
0	4
0	1
0	1
0	32
0	32
0	17
1	2
2	2
0	4
1	9
0	7
0	3
0	1
0	0
569	504
1	504
0	12
0	0
0	3
0	0
0	0
0	3
0	0
0	0
0	0
0	3
0	0
2	57
0	75
0	112
0	115
1	63
0	55
1	7
0	4
0	86
0	343
0	345
0	341
0	148
0	80
0	133
0	67
0	57
0	37
0	176
0	177
0	130
0	167
0	189
0	45
0	128
0	180
0	115
0	112
0	116
0	15
0	25
0	20
0	5
0	17
9	8
33	3614
0	3624
16	234
3	413
19	166
0	236
15	506
10	138
0	353
0	273
0	1219
0	68
0	209
4	271
0	256
1	119
0	3117
0	6628
6	13072
18	13461
51	10252
1	13982
0	15210
0	12
0	12489
4	5972
117	7685
28	10399
0	14035
0	14498
0	13752
0	13761
0	11134
0	10909
1	1142
5	995
0	519
1	193
0	176
1	16
0	1279
0	150
0	384
78	344
6	111
0	281
0	170
0	2
0	2
0	3
0	1
0	0
1288	477
0	244
672	899
0	652
0	786
0	551
0	342
18	380
15	1463
126	1463
0	12050
0	12204
3	11973
1	607
11	11546
0	5110
0	5175
0	11448
0	11592
0	5845
2	6018
0	12240
0	11689
0	349
5	94
1	402
0	552
1	11052
4	12123
11	12042
1	572
0	11070
0	5275
0	769
9	20
0	10460
0	695
0	11215
0	899
0	1748
0	392
1	10938
0	1332
19	714
2	419
2	1331
63	2095
0	2899
11	871
28	643
0	0
0	0
3	1
0	1
0	0
0	1
0	1
0	0
0	0
0	1
0	0
0	1
0	1
0	0
0	0
0	0
0	0
0	0
0	0
0	0
0	0
0	0
0	63
3	55
0	53
8	60
1	59
4	24
0	2
0	74
0	51
0	52
0	74
1	16
0	74
0	74
0	53
1	5
0	9
1	4
1	7
2	4
1	2
0	8
3721	0
1421	0
0	3008
0	3290
0	3275
2	9
1020	847
0	174
1	246
7	388
0	191
0	174
7	0
15	351
0	310
2	260
0	347
0	218
0	242
0	232
0	225
0	172
1	188
0	118
0	115
0	108
0	99
0	653
0	371
0	141
0	16
1	474
0	621
1	219
1	158
0	442
0	487
0	1209
0	142
1	543
0	734
1	264
0	762
0	472
0	185
28	660
0	1103
13	562
0	294
0	33
0	39
0	25
0	22
0	19
0	13
0	7
0	38
1	7
0	4
0	368
0	58
0	5
0	372
0	60
14	4
1	90
0	121
0	90
0	83
0	8
4	31
0	68
8	4
0	349
2	7
2	90
0	142
3	69
2	0
0	8
0	256
0	109
4	240
95	255
0	109
1	82
0	110
0	44
33	124
2	57
31	90
5	226
0	212
0	621
79	758
28	308
0	429
0	758
8	275
0	178
0	61
0	46
0	155
2	0
0	0
0	0
0	0
0	0
0	0
0	0
0	0
0	0
0	33
154	48
0	29
19	292
0	153
1	66
0	68
0	69
2	50
0	9
183	0
0	0
3	1419
1	1411
0	1417
0	1413
0	1061
26	1051
9	1426
0	1413
0	1395
0	1224
0	283
0	1015
0	1333
0	1357
0	1361
0	474
0	786
0	353
0	753
0	688
0	44
0	213
0	8
0	2
0	8
0	0
0	1
0	1
0	243
0	232
0	441
1	440
0	458
0	274
4	191
2	271
0	180
0	21
0	20
0	22
0	8
0	124
3	84
0	159
0	159
0	141
12	114
1	1
0	34
0	70
1	69
0	61
0	10
0	3
0	7
489	1373
16	997
2	289
0	839
3	839
2	487
0	0
0	0
0	0
0	0
0	0
0	0
0	1
0	0
0	1
0	0
0	1
0	1
0	1
3	0
0	0
0	0
0	0
0	0
0	0
0	0
0	0
0	0
0	0
0	0
0	0
0	0
0	1
0	0
0	1
5	3
1	326
0	3067
0	3076
2	205
2	98
4	1272
3	249
0	223
0	86
0	102
1	97
0	0
1	1425
14	1385
0	277
1	326
1	130
15	1265
0	429
63	466
1	31
0	85
0	24
2	24
0	3
0	1
0	0
0	0
0	0
0	0
0	0
0	0
0	0
0	724
0	1290
0	2319
0	2402
0	2303
0	2294
0	884
0	1141
0	699
0	168
6	162
5	52
45	51
0	27
3	5
3	161
0	26
1	8
0	55
11	43
5	25
0	32
0	38
0	43
0	26
0	18
0	31
0	4
1	22
0	26
2	4
0	6
0	0
0	4092
2	3081
0	994
0	1294
3	93
0	206
1	72
103	1891
0	353
1	110
2	911
0	1810
0	29
0	29
20	3
0	2
0	4
0	1
4	5
0	5
0	362
0	83
0	117
507	438
0	97
1	100
6	4
14	4
0	3
1	378
0	0
1	149
1	0
0	149
0	351
0	309
0	269
1039	741
491	532
3	682
6	352
1	87
0	43
15	56
0	144
3	124
0	570
0	524
0	374
0	386
0	227
0	215
0	191
0	90
0	21
0	17
0	5
0	0
0	0
0	36
3	36
0	22
0	7
0	16
1	0
1	16
0	715
4	584
0	201
0	20
0	17
0	22
0	645
0	643
1	636
1	530
3	197
33	34
0	11
0	164
0	695
0	522
0	510
2	516
4	207
0	0
6	91
0	0
0	2200
0	915
0	774
21	1205
0	948
0	899
3	568
0	461
0	430
0	1845
0	0
0	0
0	0
0	0
0	3
0	3
0	2
0	0
0	0
5	1908
0	560
2	2310
21	239
0	1031
14	2
4	2080
0	2120
0	741
0	0
0	4
21	2169
0	1484
7	185
0	0
0	0
0	68
19	90
0	385
1	81
0	139
3	65
0	44
18	268
0	345
618	1800
0	1800
0	84
0	73
0	79
1	10
0	84
0	23
1	28
1	28
1	27
0	39
0	43
1	59
0	71
0	17
0	78
0	11
0	72
0	15
0	7
0	50
0	8
0	9
0	9
2432	1790
52	1260
4	537
24	1352
4	0
0	844
0	217
1	844
3	292
0	269
2	182
1	171
0	168
1	170
0	199
0	180
0	32
0	43
2	8
26	35
0	17
2	44
0	31
0	16
0	22
0	15
0	23
0	23
2	76
0	82
304	225
0	17
0	71
3	123
7	154
7	52
2	45
9	1495
1	253
0	1607
0	1653
0	1158
0	1221
0	405
0	451
2	1590
1	1232
28	1202
31	203
3	471
2	1165
0	125
0	93
197	155
0	136
0	4
3	165
775	165
0	2315
16	2315
1	1237
3	1435
0	1070
0	1270
0	1334
19	1835
1	34
0	922
0	25
0	446
0	26
0	1835
1	734
0	610
1	377
1	727
1	719
1	681
0	695
0	719
0	663
0	728
0	650
1	687
0	537
0	325
3	260
0	650
1	650
0	576
0	87
4	95
0	39
0	164
0	335
0	325
2	102
1	29
0	23
0	0
0	0
0	0
0	0
0	3
0	1
0	0
3	26
0	25
0	12
0	3
0	3
0	4
0	3
0	3
1	1
0	0
1	2
0	1
0	0
0	1
0	0
0	0
0	0
0	0
0	0
0	0
0	0
0	0
0	0
0	0
0	0
0	0
0	0
5	2
0	2
0	0
12	4592
0	1217
2	993
0	4684
265	5550
0	4880
4	4424
3	373
60	1255
704	3626
0	358
1	317
0	341
0	17
4	1
0	1
0	1
0	1
0	0
2	1212
0	1212
0	1212
4	1208
0	1028
0	984
0	875
0	68
1	47
12	60
0	36
3	96
0	90
3	40
0	141
0	72
0	31
0	98
0	91
1	82
0	0
0	0
0	0
0	0
0	0
0	0
0	0
109	845
0	607
0	240
1	56
16	288
0	284
23	75
5	9
0	9
0	10
0	1
0	2
0	2
0	2
0	10
0	9
0	0
0	528
9	528
0	55
1	452
2	481
0	229
0	232
0	143
2	533
392	533
2	0
0	142
0	17
0	45
6	39
2	6
4	44
1	35
5	31
3	24
19	24
0	50
420	3567
1	2907
0	2673
8	1778
0	3058
2	2772
0	2698
1	2040
3	1315
3	1731
6	1092
1	146
19	1
0	0
0	0
0	0
0	0
0	0
0	0
0	0
0	0
0	0
0	0
0	0
0	972
0	1293
1	548
0	508
0	1160
0	1317
0	1332
0	1224
12	1369
3	1288
0	1254
0	515
17	1129
0	90
0	252
0	657
0	623
0	594
0	595
0	629
5	546
1	636
0	69
0	31
1	594
1	89
2	100
4	2926
0	932
0	4208
0	1237
0	1152
0	989
0	2960
59	2798
0	3850
0	1926
60	1395
24	1
0	1
2	1364
0	678
5	1250
0	20
0	1407
0	295
0	1386
0	1402
2	26
0	27
0	1344
0	1387
4	428
0	181
0	322
0	134
0	345
0	78
0	468
0	764
0	1401
1	427
4	117
41	994
0	1940
1	1939
0	177
0	1937
0	1976
0	1875
1	62
1	6
41	0
2	430
57	430
2	69
3	70
0	502
0	479
1	205
1	68
0	18
3	14
0	172
4	174
0	173
0	131
564	179
3	179
417	0
0	0
1	91
266	106
0	8
1	18
42	93
0	4
0	4
28	4248
24	0
16	984
6	1017
1	568
5	175
3	4
3	36
9	94
0	91
0	1045
18	846
0	1019
0	329
1	690
8	489
0	931
0	783
0	234
0	946
7	22
26	220
2	0
59	215
0	4
414	520
0	219
1	69
0	4
0	193
0	418
0	176
1	125
0	89
0	145
0	227
7	245
0	392
6	204
0	191
4	380
0	349
0	248
0	524
1	128
0	270
0	524
0	120
9	346
0	346
266	119
1	23
0	78
0	49
18	129
1	130
0	0
0	63
0	16
2	47
0	7
0	3
2	34
0	7
0	7
0	7
1	2
0	2
0	9
0	9
0	6
0	8
61	862
2	76
0	130
0	868
0	59
0	58
5	9
0	76
0	217
0	774
0	67
0	101
1	37
10	52
0	64
0	63
0	161
32	11
3	38
0	780
31	672
0	633
0	672
0	632
0	395
0	163
0	63
0	16
0	0
2	1280
0	52
1	81
0	62
0	96
0	148
0	149
0	1
0	37
0	148
0	36
0	148
1	148
0	148
1	148
0	36
0	32
0	151
38	204
0	89
0	187
13	84
0	504
0	631
0	631
0	596
2	580
0	544
0	68
0	472
0	73
5	179
1	103
2	157
25	122
0	9
0	61
0	49
0	64
0	9
0	16
3	60
0	46
0	30
0	29
0	19
1	17
0	12
0	0
0	31
1	27
0	4
0	6
0	1203
0	2277
13	1182
0	2221
0	2254
0	180
1	66
0	39
4	1036
0	30
2	109
3	123
1	65
2	98
0	32
0	556
4	110
3	30
0	29
424	0
68	1694
11	571
0	1600
9	1542
5	1432
0	1862
92	625
3	217
11	67
0	343
16	205
0	15
10	20
0	1
0	4
0	0
0	1
0	3
0	1
0	4
0	4
0	4
0	1
0	2
59	1701
0	404
14	1462
0	1256
14	80
0	488
0	501
0	515
0	529
0	324
0	503
0	473
0	518
0	489
0	524
0	523
0	517
12	278
0	772
0	446
0	465
0	511
0	496
0	480
0	518
0	747
0	539
0	547
0	516
0	481
0	520
1	27
0	63
0	58
0	448
0	400
0	443
1	464
0	421
4	400
0	324
0	286
0	294
0	236
0	171
344	0
0	1037
0	1037
2	1037
0	1016
4	19
9	1033
0	1015
2	1030
4	1027
3	761
4	760
0	39
197	40
0	31
281	189
1	189
0	1
0	1
0	0
0	0
0	0
0	0
0	0
0	0
0	0
569	742
1	36
1	13
0	68
0	21
0	627
0	22
0	16
0	381
1	325
0	79
0	889
0	746
0	1
0	1
0	0
0	0
0	0
0	0
0	0
319	441
8	177
1	282
0	31
6	32
0	36
5	84
0	159
15	202
0	202
0	3
3	43
0	3
0	140
0	92
173	255
0	146
0	183
3	72
0	210
5	54
0	80
1	53
1	77
0	14
0	91
1	95
0	31
0	55
0	25
0	0
0	0
0	690
0	690
0	598
3	526
0	433
0	207
0	194
0	142
0	125
0	90
0	77
0	116
0	115
0	113
0	104
0	102
0	102
0	101
0	74
0	71
0	68
0	56
0	47
0	36
3	15
0	13
0	0
1	0
0	690
0	0
0	0
0	0
0	0
0	0
0	740
8	971
8	1474
1148	4279
11	361
1	45
0	4201
0	2395
0	474
0	766
3	872
3	478
1	1314
1	0
4	3
0	11
0	0
0	2
0	0
0	38
0	65
0	0
0	11
0	28
0	18
0	11
0	11
0	12
0	2
0	65
0	11
0	9
0	11
0	18
0	64
0	65
0	10
0	2
0	11
0	11
0	1
0	1
0	62
0	11
5	45
0	12
0	5
0	46
1	40
0	1
0	2
0	1
0	1
0	2
0	15
0	3
0	7
0	1
0	2
1	17
0	19
0	2
0	9
0	0
0	0
0	0
0	0
0	2
0	2
0	16
0	155
0	3
1	7
0	17
0	2
0	6
0	154
0	3
0	16
1	29
0	6
0	131
2	153
0	3
0	31
0	131
0	28
0	89
0	9
0	55
0	5
6	0
0	62
0	469
10	489
4	489
0	103
293	103
0	103
0	36
3	126
7	130
25	10
38	6
1	176
0	82
0	46
0	16
0	172
0	510
0	486
0	531
1	488
257	827
21	827
0	355
0	172
2951	0
40	539
0	524
5	271
12	449
5	186
7	331
0	350
40	126
0	0
0	0
0	0
183	1843
0	1843
11	257
4	9
1234	250
11	202
0	51
0	212
2	320
0	319
0	301
0	182
2	30
0	41
2	33
3	16
0	91
8	28
9	10
0	60
0	60
0	39
5	49
1	51
0	50
1	56
0	15
0	5
60	0
0	753
1	681
0	708
0	610
0	605
0	179
1	152
3	115
0	98
5	62
0	29
0	14
0	41
2	1
0	521
5	499
0	188
0	3288
31	3104
57	2782
22	1177
8	2715
0	511
8	170
45	189
3	167
4	463
14	471
11	111
5	160
0	469
1	122
0	164
0	887
72	0
0	812
0	156
0	47
0	69
0	390
16	0
46	707
0	1289
0	887
0	1106
0	1169
0	1238
0	1231
0	1241
0	353
0	1244
0	1179
0	1315
0	1267
0	1294
0	1188
0	1281
0	1193
0	1310
0	1259
0	1288
0	1167
0	1289
0	1332
23	960
0	1148
0	1075
0	1027
0	974
0	258
0	972
0	954
0	989
0	263
0	161
1	92
0	16
0	341
3	310
0	296
0	354
1	54
0	168
0	197
0	164
0	115
0	115
0	6
0	0
589	707
2	318
0	378
43	78
11	100
0	0
0	0
0	0
0	0
0	1392
0	1595
0	1475
1	736
1	561
0	649
3	671
0	792
3	666
1	553
0	317
0	618
1	82
0	8
0	0
1	8
0	0
0	0
0	0
0	0
0	6
0	3
0	2
5	339
1	338
5	347
0	342
14	347
531	180
0	180
0	166
0	166
0	124
0	109
38	1507
0	218
2	111
1	3
0	2
0	115
0	124
0	38
0	193
1	25
0	100
3	1212
1	1
141	0
0	92
0	263
8	32
0	101
15	816
0	109
0	964
0	905
73	945
5	353
1	163
33	325
6	226
0	272
0	202
8	249
2	54
0	198
0	256
7	256
0	194
0	186
0	93
2	171
3	125
0	1
0	1
0	0
0	0
0	0
0	0
0	7
0	37
0	9
3	26
75	40
0	24
4	120
0	121
235	141
3	40
67	53
10	41
362	828
0	157
0	5
0	127
2	282
0	111
0	213
1	294
0	258
1	403
0	64
5	308
0	574
1	52
0	379
0	76
1	318
5	26
0	350
7	358
0	26
0	77
1	242
0	100
1	88
0	99
0	91
0	11
320	1362
2	203
0	395
8	871
8	377
0	984
0	958
1	355
0	132
2	186
0	162
8	103
0	120
5	7
0	72
2	59
27	179
0	179
0	125
1	52
0	70
2	1
0	31
1	0
0	49
3	1204
0	433
4	1034
5	183
0	165
0	230
4	277
1	225
0	125
665	683
4	8
0	548
2	130
0	504
2	43
3	51
435	1399
6	61
3	1196
1	79
0	138
27	7
0	1200
18	261
38	889
0	0
0	0
0	0
0	0
7	569
1	1
0	29
0	568
0	0
0	561
0	16
0	60
0	0
0	0
0	16
0	1315
0	1432
441	34
0	19
5	15
0	6
0	6
0	0
0	6
0	6
0	0
0	0
0	0
0	0
0	0
0	0
0	5
0	0
0	0
0	0
0	0
0	0
0	0
0	5
0	1
0	4
0	1
0	77
0	1058
0	1104
0	990
0	966
0	898
0	125
0	173
5	192
6	120
0	81
0	80
0	0
0	0
0	0
0	0
0	0
0	0
0	0
0	0
177	668
1	598
1	146
1	348
11	42
0	81
4	427
30	314
11	311
3	289
1	429
31	292
20	4
0	870
0	109
0	0
0	0
0	0
0	0
0	0
0	0
2	174
3	174
0	30
0	12
2	0
1	2
0	7
0	16
0	4
0	4
0	3
0	0
0	0
23	2874
0	2885
5	1257
11	237
62	243
0	2
0	0
0	0
0	0
0	1
0	0
0	0
0	0
0	1
0	0
0	0
0	0
0	1
5	3
0	217
0	217
261	664
0	664
0	0
0	0
0	0
0	0
0	0
0	0
0	0
0	0
0	0
0	0
0	0
0	0
0	0
0	401
0	44
0	54
3	498
19	404
6	229
1	231
0	346
0	76
0	553
0	376
7	394
0	403
28	403
29	532
0	209
0	533
108	566
0	406
15	251
0	397
0	566
0	557
0	95
0	278
0	527
0	204
8	211
1	206
0	13
0	160
0	9
12	9
19	239
2229	1329
0	606
0	375
0	278
2	37
5	0
10	91
1	84
0	60
1	0
0	0
0	0
0	0
1	3174
0	3317
26	507
6	1150
2	1941
0	468
0	368
14	242
31	50
89	1356
2	378
0	99
4	139
3	87
0	70
2	141
0	2
0	0
2	79
0	509
9	471
0	222
0	197
0	20
0	22
760	199
1	199
5	337
3	20
1	118
0	334
0	17
0	8
0	835
12	2066
0	2722
11	1899
0	2229
0	2180
2	1378
2	2221
0	2186
0	1530
0	2642
0	2637
0	1612
0	700
0	189
0	0
0	0
0	0
0	0
0	0
0	0
676	53
1	7
9	47
0	21
0	120
3	101
1	125
0	677
1	101
0	145
0	659
0	126
1	80
4	107
201	509
1	119
0	0
49	10
1	4
0	9
0	10
1	120
1032	144
4	12
0	15
55	4850
6	8613
253	7117
0	1050
62	4722
0	251
0	7935
2	635
0	10
0	10
0	4
0	592
1	546
28	641
7	408
0	595
0	372
678	461
2	77
0	8
0	11
0	4
0	11
0	4
0	10
0	5
0	0
0	0
0	10
0	0
0	2
0	2
1	1
0	1
0	0
0	0
0	0
0	0
0	0
0	0
1	0
0	0
0	0
0	0
0	0
0	0
0	0
0	0
0	0
0	0
0	0
0	0
0	0
0	0
0	0
0	0
0	0
0	0
0	0
0	0
0	0
0	0
0	0
0	740
1	740
0	40
1	3
0	5
0	1
0	1
0	0
0	0
0	0
0	0
0	0
0	1861
16	1313
1	1639
0	1752
1	1284
1	665
0	1865
0	1860
0	1622
1	130
0	1135
0	359
4	465
21	248
0	207
22	4
0	153
0	158
0	6
1	154
0	152
0	129
0	138
0	148
0	70
0	26
0	21
0	35
1	564
0	1038
0	1096
0	1034
0	1042
0	28
0	506
4	0
0	240
0	822
0	565
0	984
0	7
0	201
0	35
0	557
1	456
1	1041
0	475
3	412
0	359
0	447
0	446
0	255
3	180
0	113
0	122
0	119
0	113
0	90
0	66
0	72
0	23
0	30
0	11
0	8
0	3
0	0
0	7
0	2
0	0
0	2
0	2
0	8
0	11
0	2
0	2
0	10
0	7
1	0
0	1
0	212
0	205
1	22
0	35
1	0
307	154
1	149
0	18
4	4
0	3
0	185
0	36
0	0
1	1
110	698
0	109
0	59
0	36
0	56
1	58
0	50
1	443
0	40
0	3447
0	3689
0	546
1	178
0	3717
0	1515
0	176
0	177
4	373
0	1016
0	3713
0	3774
0	163
1	2135
0	0
0	0
0	0
0	0
0	0
0	0
0	26
0	26
0	26
0	24
0	1
0	5
0	6
0	8
0	8
0	8
0	7
0	8
2	3
1	3
3	409
0	306
0	408
6	384
0	174
5	292
0	130
0	209
4	194
0	284
1	235
0	150
1	221
0	231
0	118
0	182
0	68
1	4
888	2130
37	499
12	1875
76	963
0	958
0	694
0	717
0	698
0	646
1	1234
0	719
0	1555
0	1217
1	131
1	111
1	700
0	1406
0	205
0	213
2	203
0	195
0	45
0	158
2	24
0	24
2	10
1	15
5	25
0	83
1	74
0	45
0	38
0	8
0	29
1	20
0	14
6	53
1	6
5	53
22	68
76	68
4	671
0	249
0	8
0	6
9	8
0	2
0	0
0	1
0	2
3	100
1	129
0	229
1	35
0	61
7	160
31	27
0	232
0	82
14	237
5	11
0	0
0	206
0	1078
1	1073
0	983
3	1016
0	1098
0	206
0	25
0	114
0	600
0	1
0	1
609	59
4	40
0	18
2	1
588	72
7	74
40	2
0	802
0	5
0	804
0	813
0	14
29	17
0	15
0	17
0	210
0	0
0	0
0	0
0	0
0	0
0	0
0	0
0	0
0	0
292	1301
0	1079
4	516
2	110
0	138
0	138
0	138
0	6
0	103
0	95
0	2
0	10
0	57
0	3
0	11
0	49
0	138
0	103
0	42
3	1
1	772
8	709
0	164
0	208
5	426
0	708
12	55
0	99
0	702
12	237
2	295
2	204
6	9
4	96
1	1
0	0
0	0
0	1
0	0
0	0
0	0
4	0
0	0
0	0
0	2
0	0
0	556
112	556
0	0
0	0
0	0
0	0
0	113
0	109
40	30
0	104
2	102
0	73
5	113
0	113
2	99
0	88
0	59
4	8
0	21
0	46
0	49
0	8
0	16
0	32
0	15
0	37
0	10
1	4
0	1587
0	1595
0	1633
2	29
0	9
0	485
0	65
0	6
0	6
0	5
0	6
0	2
0	2
0	1
0	0
0	2
0	2
0	8
0	71
0	6
0	6
0	74
0	75
0	74
0	1
4	101
0	33
0	63
0	104
0	76
1	1
0	55
0	76
0	51
0	51
1	69
0	0
61	11
1	0
2	11
8	3
0	0
0	65
8	65
0	61
0	59
0	54
0	51
0	1
0	12
0	2
728	0
0	255
4	246
0	234
0	276
0	61
0	179
0	61
0	119
0	56
0	48
0	16
0	58
0	58
0	49
0	46
0	30
0	32
0	3
0	252
0	422
0	404
0	299
0	26
0	69
0	227
0	290
0	180
0	311
0	418
0	10
0	467
0	25
0	131
0	267
1	360
0	15
0	283
0	63
0	348
0	348
0	315
0	316
1	8
0	49
3	11
29	208
0	31
28	131
4	20
0	30
0	15
0	118
0	1318
52	1970
2	918
2	1439
14	117
0	1688
5	1675
3	1653
18	1689
1	778
0	72
0	434
2	97
0	101
0	187
0	49
0	83
0	65
0	67
0	106
0	150
1	190
0	917
0	872
0	920
0	340
1	857
0	852
4	900
0	935
0	785
1	526
5	926
52	104
0	731
0	72
1	484
1	0
0	0
0	0
0	0
0	0
0	34
0	34
0	28
0	34
89	45
0	44
0	40
0	39
0	30
8	27
0	38
1	37
0	6
0	0
0	0
773	0
0	7
0	18
0	61
0	215
1	215
0	0
0	14
0	5
0	196
0	2
0	45
0	215
0	53
0	1
2	13
0	21
0	9
0	7
0	6
0	6
0	6
0	6
0	7
0	8
0	5
0	3
0	0
0	0
1	24
0	28
0	24
0	19
0	9
0	2
1	0
0	0
0	0
0	0
0	0
0	0
266	271
60	198
0	5
0	66
0	45
0	35
0	9
0	11
0	19
0	11
0	22
0	18
0	23
38	73
0	36
0	72
0	20
0	27
22	0
4	22
1	22
0	11
1	21
0	3
0	11
0	12
0	12
0	0
0	0
0	0
0	0
11	12
0	12
0	0
0	0
0	0
0	0
16	101
1	47
0	36
0	25
0	23
10	26
0	26
0	20
0	13
0	238
2	294
290	2443
0	140
0	355
2	1843
4	657
0	27
1	27
0	14
0	27
1	0
6	523
1	9
0	13
0	221
1	55
0	511
4	4
1	514
0	3
2	0
0	37
0	1
0	1
0	0
0	1
0	2
0	1
0	0
0	0
0	0
0	1
0	2
0	0
0	2
0	3
0	0
0	0
0	0
0	1199
0	1198
0	1184
0	1175
0	1186
0	1196
0	1185
0	1174
0	1180
0	1169
0	1162
0	1155
0	1057
0	1304
0	1315
0	1057
0	1123
4	1149
0	1048
0	511
0	406
0	472
0	131
0	60
6	0
0	33
0	83
0	83
0	83
0	13
2	28
0	72
0	53
1	28
0	22
0	7
9	920
0	84
0	711
0	25
2	605
0	616
0	497
0	745
15	717
62	607
13	273
20	118
6	349
43	482
4	419
0	56
0	179
4	21
8	124
1	28
1	46
0	31
0	6
0	5
0	5
0	4
0	2
0	1
1	3
0	0
0	1
0	1
0	1
0	0
0	1
0	1
0	0
0	1
0	0
0	0
0	382
1774	2916
47	1325
0	389
0	2142
59	1068
0	619
17	765
0	410
5	2692
0	2356
1	239
0	173
0	394
7	129
0	662
0	191
9	91
0	430
8	394
9	203
0	531
0	156
14	846
1	123
7	171
0	0
2	14
0	13
0	14
0	15
2	2
1	5
0	0
742	0
0	0
0	0
0	0
0	0
0	0
0	0
0	377
0	373
0	196
0	80
1	86
0	47
0	63
0	58
0	14
0	15
0	15
0	14
0	577
0	493
15	443
0	550
0	0
0	0
0	0
0	0
0	18
0	86
0	84
0	82
1	82
2	84
0	80
2	87
1	1
0	7
0	8
0	9
0	6
0	8
0	4
0	15
0	21
0	0
0	0
0	0
0	0
0	0
0	0
0	0
0	11
0	11
0	11
0	1
0	0
0	1
0	0
0	0
0	0
0	0
5	1
0	1
0	0
0	0
0	0
0	0
0	0
0	0
0	0
0	0
0	0
0	0
0	915
18	271
0	349
0	315
0	195
7	0
3	26
1	43
0	42
0	12
0	869
0	920
0	0
0	575
4	575
0	167
2	517
48	746
0	748
4	406
17	694
0	741
0	676
0	37
0	39
0	102
0	12
0	23
0	63
0	63
0	63
0	63
0	42
0	7
0	45
0	39
4	16
0	60
0	48
0	29
0	2
0	0
0	0
0	0
0	0
1	0
0	0
1014	0
0	0
0	7
0	2
0	2
0	0
0	0
27	3656
0	3644
3	1955
2	804
1	712
0	576
0	402
0	489
2	438
0	373
0	353
0	91
0	137
0	0
0	0
0	0
0	0
1	0
0	0
0	0
0	3
0	0
0	0
0	1
0	1
0	1
0	0
0	0
0	1394
1	1368
0	1371
26	594
0	1220
0	1224
3	1109
0	886
0	826
0	795
0	783
0	146
5	106
2	95
1	287
0	439
0	374
0	353
0	164
0	79
0	74
0	37
0	42
0	40
0	58
0	0
0	0
0	0
0	0
0	0
0	0
0	0
0	0
0	0
0	9
0	6
0	5
2	6
0	114
8	13
0	4
0	10
4	21
1	16
2	13
0	15
12	54
11	88
0	2234
0	2467
0	2234
0	1518
0	2234
0	2370
0	2238
0	2369
0	2232
8	2230
8	2347
0	1513
1	2237
14	2230
0	2232
0	2228
0	2161
0	2041
0	1255
0	1141
6	4
0	7
0	4
0	9
0	0
0	109
0	114
0	94
0	100
0	21
0	92
218	204
2	0
1	12
1	12
140	192
0	0
0	0
0	0
0	78
0	65
2	36
0	58
0	79
0	90
1	71
5	33
7	391
1	391
3	135
1	9
0	519
22	481
1	467
0	493
6	78
0	169
135	407
6	355
18	250
0	742
0	749
0	741
0	453
0	125
0	7
0	27
0	218
0	30
0	19
1	128
0	780
0	765
0	27
0	124
0	126
0	518
0	36
0	0
14	259
0	348
10	778
0	223
0	85
0	497
7	458
2	380
0	220
1	57
0	0
5	40
4	718
7	770
0	263
0	116
0	260
0	260
0	260
0	265
0	249
1	263
0	42
2	7
0	98
0	3
0	3
2	2
0	952
0	983
0	931
0	938
0	954
0	92
4	2253
15	2366
4	416
0	112
0	0
0	0
0	0
0	0
0	0
0	0
0	0
0	0
0	0
0	0
0	0
0	0
0	0
0	1132
0	417
0	1064
0	1008
0	273
0	160
0	285
0	1020
1	0
0	3
0	3
0	877
2	792
0	856
0	945
0	1076
0	1202
0	860
0	1117
0	825
0	272
1	0
0	454
0	277
0	1105
0	0
0	37
0	0
0	753
22	58
0	1
0	22
0	0
0	60
0	1052
1	1060
0	266
0	192
0	0
0	422
1	3
0	1
0	55
0	61
0	58
102	388
8	377
0	94
0	38
2	962
0	3131
0	3359
0	1998
0	1073
7	523
0	1022
4	235
0	720
4	634
17	34
37	6
2	184
0	211
0	1545
0	1421
0	1385
0	1279
23	106
7	124
0	176
4	889
0	843
0	886
0	870
9	782
0	754
0	297
0	338
0	354
0	313
19	121
1	157
2	126
0	179
0	191
0	195
0	188
0	107
0	85
0	54
2	84
0	79
0	29
2	15
0	828
0	844
0	828
0	680
0	18
5	170
13	170
0	48
2	17
26	326
0	309
24	593
0	699
0	215
7	149
0	59
1	27
0	13
0	3
0	11
0	8
0	2
0	1
2	1
0	0
0	0
0	0
0	0
0	1
0	2
0	4
0	0
0	0
0	0
0	3
0	468
0	453
0	456
0	410
10	230
0	329
0	95
0	337
0	315
0	309
0	320
0	262
0	45
0	9
1	47
32	34
20	99
0	34
0	28
0	33
0	30
0	15
0	22
0	11
0	15
84	196
41	68
1	97
0	21
0	65
3	115
0	108
0	42
4	85
0	112
3	59
4	72
0	147
0	86
0	63
0	0
0	0
0	0
0	97
0	109
0	194
0	0
2	0
2	2500
2	685
0	1892
0	2105
39	1216
0	824
1	526
0	1775
11	963
0	217
0	870
0	1028
1	800
6	716
0	582
6	280
0	86
2	5
0	72
0	419
9	49
0	392
0	18
1	336
0	391
1	317
12	17
5	33
7	79
0	73
4	147
0	118
1	77
16	109
1	53
1	83
3	61
0	15
0	6
0	0
0	2
0	1
0	1
0	1
0	6
0	39
0	36
3	41
0	24
0	48
0	1
0	1
0	1
0	0
0	0
0	0
0	0
0	0
0	0
1	0
0	0
1	3
0	3
0	133
0	415
4	1140
0	87
47	1591
0	323
0	1504
0	135
0	618
6	258
97	646
0	380
17	225
0	788
41	1616
0	1454
0	1450
0	1342
0	1273
0	1608
3	696
0	351
0	1609
5	162
0	1363
6	767
0	0
0	37
0	281
0	43
0	75
0	282
0	250
0	26
0	280
0	96
0	65
0	264
6	50
0	52
0	51
0	167
427	262
20	262
0	17
0	16
0	51
0	340
0	428
0	405
0	450
30	326
0	376
0	402
0	257
0	168
0	191
0	193
0	180
1	73
2	16
0	53
0	46
0	45
0	0
0	0
0	0
1	2
0	0
1	2
0	1
0	1
0	0
1	50
0	6
0	4
7	9
1	0
568	571
4	575
0	88
0	87
1	4
0	0
0	0
0	0
0	0
0	0
0	0
0	0
0	0
0	0
0	0
0	0
0	0
0	70
0	92
0	88
0	92
0	80
0	85
0	77
0	89
0	72
0	33
0	13
0	40
0	28
0	31
0	22
0	0
0	0
0	0
0	0
54	2
1	24
0	270
0	266
9	22
1	215
0	681
59	443
0	677
22	661
0	689
0	225
13	171
0	175
0	14
18	4
0	3285
17	870
0	686
298	170
0	36
3	111
0	169
0	55
2	86
3	41
0	1225
0	559
8	1315
0	45
0	79
5	1819
23	1152
0	733
2	528
0	792
2	970
0	46
0	643
1	114
0	973
0	523
0	624
0	123
0	970
0	973
0	612
0	201
0	248
0	518
0	122
0	113
0	969
0	117
0	36
0	39
0	0
0	23
0	9
2	492
0	561
0	647
1	441
0	621
0	11
0	11
0	1
0	1
0	1
0	0
0	0
0	0
1	60
25	562
7	360
0	494
2	64
0	440
0	0
3	19
0	120
2	207
0	213
0	89
0	207
0	171
0	190
0	187
0	173
0	199
0	155
0	132
0	180
1	111
0	198
0	177
0	160
0	102
2	140
0	155
0	72
0	172
0	170
0	173
0	136
0	150
0	122
0	141
0	145
0	130
0	89
0	115
0	126
0	156
0	115
0	152
0	59
2	156
0	118
0	29
0	93
0	54
0	104
0	37
0	95
0	51
0	17
0	51
0	47
0	79
0	22
0	67
0	71
0	31
0	24
0	0
0	0
0	0
0	0
0	0
0	0
0	0
0	419
15	117
4	458
6	117
0	99
4	159
0	55
0	6
0	6
0	4
0	2
0	1
0	0
0	0
0	0
0	0
0	0
0	0
0	0
0	0
337	270
0	270
0	0
0	0
0	0
0	1
0	0
0	0
0	0
0	0
0	1
0	0
0	0
0	0
0	950
0	950
40	625
3	729
1	226
42	256
1	868
0	642
0	540
1	311
1	227
0	512
0	450
0	442
0	310
2	235
0	155
0	151
4	44
0	99
2	0
8	0
1	656
23	457
36	444
5	38
27	999
0	949
0	769
0	528
12	480
0	511
0	256
2	249
0	176
35	249
0	111
0	147
0	84
37	177
0	109
10	96
2	66
1	2
0	449
0	403
3	253
1	287
5	373
3	339
1	200
0	206
2	162
0	173
1	181
2	43
2	1
0	0
0	0
0	0
0	0
0	0
0	0
0	0
0	0
2	119
0	119
0	99
1	119
2	320
0	288
366	1825
0	282
0	891
0	318
0	679
4	8
0	871
0	443
46	265
0	0
0	0
0	0
230	8
0	8
0	1
0	1
0	1
0	1
0	1
3	1
0	0
0	0
0	0
0	0
176	197
0	166
0	165
0	40
0	47
0	89
2	166
0	81
0	62
19	207
0	206
3	11
0	381
0	531
21	2
0	19
42	90
0	669
10	188
0	778
0	771
1	749
0	282
1	75
0	103
0	39
2	17
0	4
0	573
0	580
0	17
0	45
22	555
3	552
12	196
7	417
0	506
63	193
0	70
0	34
1	123
12	38
524	38
3	38
0	27
0	163
0	163
0	163
0	163
0	133
0	58
0	254
25	255
7	257
2	257
2	169
0	0
0	0
0	0
0	0
0	0
0	0
0	0
0	2656
0	2715
0	2578
0	2519
0	2653
0	2578
0	2624
0	2669
0	2722
87	2654
0	2710
0	2630
0	2662
0	2721
0	2756
0	2773
0	2662
0	2799
0	2767
32	832
5	2646
66	2737
0	2632
0	2756
0	2609
0	2697
0	2857
0	2680
0	2542
0	2758
0	2617
0	2676
3	2667
0	2471
2	1127
81	1436
49	16
0	16
0	77
0	88
0	78
0	78
0	9
0	0
0	5
1	3
0	0
1	5
0	1
0	0
0	283
0	370
0	347
0	367
4	307
0	51
3	81
0	84
0	5
1	1178
0	1172
3	1172
9	1116
0	1147
0	1161
0	1143
0	741
0	1105
2	1116
0	1135
0	1091
0	1168
0	1132
3	1141
0	1100
0	1121
15	135
0	1104
2	1091
0	1144
0	1096
0	113
0	655
4	1086
0	1096
2	820
10	924
0	605
1	251
0	282
7	246
56	278
0	222
5	37
145	681
2	554
1	82
1	283
118	209
0	191
0	79
0	77
0	54
9	71
0	69
0	55
0	57
0	26
1	8
0	19
0	302
0	234
0	1392
1	1290
1	1215
0	235
0	694
0	234
0	234
0	211
0	0
0	0
0	0
0	0
0	0
0	0
0	0
0	0
0	0
0	0
0	0
0	0
0	0
0	0
0	0
0	0
0	20
0	11
0	9
0	23
0	21
0	105
2	99
0	11
0	3
0	6
0	26
0	23
0	0
0	0
0	0
0	0
0	1
0	1
0	1
0	0
0	11
2	407
0	407
0	202
3	68
1	79
0	55
0	35
3	7
148	210
2	210
0	58
0	43
10	42
0	8
0	23
0	2269
0	14
0	2244
0	716
0	1022
0	2206
0	2179
0	1430
0	839
7	2225
7	2176
0	2208
0	2216
8	1559
9	1374
1	2055
0	619
0	1920
0	1191
0	1906
0	640
0	1082
0	1468
0	34
0	1088
1	304
5	312
0	170
1	236
1	35
0	260
0	97
65	192
0	87
27	203
0	135
0	57
0	66
1	73
0	9
0	138
0	1152
0	14
0	1164
0	102
0	392
0	1048
0	104
0	128
0	141
0	272
0	0
0	0
0	388
7	382
1	77
0	22
0	382
56	246
0	224
5	458
6	438
0	477
0	682
0	494
0	347
1	646
0	739
0	772
0	650
28	820
0	840
0	599
0	805
0	753
4	599
0	837
0	646
0	634
0	667
2	494
0	110
0	81
1	486
0	641
0	284
3	1475
0	686
192	1544
0	637
0	659
0	1485
0	127
0	165
0	1452
0	322
0	188
0	408
0	454
0	196
0	122
7	53
0	39
3	236
2	65
0	779
0	745
0	866
2	808
2	64
0	217
0	140
0	241
0	123
1	78
8	3
0	1128
0	1107
1	1003
0	660
0	553
0	557
0	91
0	134
1	88
0	45
0	16
1	4
5	268
1	285
16	284
262	57
0	57
0	390
56	179
0	643
0	284
0	655
0	650
0	540
0	655
1	691
0	674
0	643
0	85
0	662
3	4
1	23
0	26
1	430
0	363
0	649
0	154
0	5
0	5
0	472
0	472
0	234
3	234
0	40
0	42
1	12
0	25
25	967
39	981
14	0
0	13
0	21
0	13
1	10
0	21
0	0
0	4
0	21
0	13
6	24
0	6
0	9
0	2
0	7
0	2
0	1
2	51
373	106
2	87
0	90
0	13
0	13
0	1
0	0
11	2
0	2
0	2
1	877
0	906
0	344
4	881
39	10
1	60
0	23
0	10
80	176
6	176
0	13
773	154
0	24
4	65
0	132
0	50
0	359
9	356
2	222
0	67
0	21
0	65
6	7
0	262
1	271
1	279
0	279
0	281
5	261
0	264
5	1950
3	1805
0	995
0	415
1	521
2	172
0	277
14	151
0	410
2	316
0	395
4	0
0	514
0	261
0	492
11	415
92	169
0	152
0	0
0	2657
345	2582
3	1437
14	272
0	1126
3	541
0	809
0	519
0	249
0	191
0	188
1627	0
0	0
0	0
0	0
0	0
0	0
0	0
0	0
0	0
0	0
0	0
0	0
0	0
3184	0
0	0
0	14
89	14
2	0
0	0
240	182
0	0
0	0
3	452
0	454
0	273
0	313
5	95
0	44
0	32
0	45
0	13
0	30
0	0
13	393
0	361
0	0
0	26
0	33
0	35
0	33
0	30
0	85
0	36
0	37
0	14
0	19
0	20
0	97
0	36
0	0
0	44
0	55
0	37
1	192
0	14
0	0
0	215
0	117
0	7
0	59
1	99
0	18
0	37
1	13
31	200
25	187
0	54
21	161
0	35
0	18
0	0
0	138
1	65
0	6
0	21
1	123
0	22
0	0
1	97
13	106
24	246
0	233
0	101
2	23
0	0
273	0
11	3
0	114
0	114
0	16
0	479
0	477
46	350
0	364
0	449
0	168
0	36
0	322
0	310
0	286
0	37
0	285
0	38
0	60
0	31
3	17
0	30
0	30
0	35
0	44
0	30
0	36
0	40
0	42
0	35
0	30
0	33
0	17
0	20
1	13
81	161
0	738
0	223
4	701
1	191
15	159
0	42
2	429
9	120
0	372
10	317
5	83
0	290
0	525
0	791
0	696
30	529
2	753
0	392
8	607
2	274
54	746
0	741
1	82
0	761
6	757
0	184
0	754
0	281
6	759
0	778
0	162
0	184
0	756
2	688
6	185
18	2
12	597
5	576
0	2
4	2
7	2
4	2
129	1347
66	1442
5	1426
1	76
0	68
9	19
648	220
0	4
0	220
0	0
0	0
0	0
0	0
0	0
0	0
0	0
0	0
353	800
9	172
11	742
0	7999
1	3949
0	437
2	437
0	7692
86	7981
23	444
0	8000
1190	198
4	198
1	10
1	46
127	122
3	122
24	61
0	52
2	8
3	38
0	0
8	640
2	640
0	640
0	182
0	120
0	189
0	131
0	143
0	126
0	279
0	194
109	290
3	166
36	0
3	3
0	75
0	131
34	256
0	257
51	186
0	0
14	14
0	52
3	73
0	32
9	98
32	114
16	0
0	0
0	0
0	0
0	490
0	460
26	496
0	428
0	537
0	401
0	440
0	402
7	366
5	226
1	133
0	194
0	285
7	177
0	217
17	204
0	184
0	60
1	96
0	50
0	10
0	59
0	36
0	1190
0	1048
0	760
0	759
0	875
1	1020
0	1174
0	361
0	543
0	1171
13	1218
0	1163
6	1188
1	1082
0	1029
0	817
0	1215
0	1176
0	445
3	693
0	498
3	140
0	77
0	41
0	5
0	8
0	9
0	5
0	3
0	0
0	137
1	20
0	259
69	507
7	453
0	226
0	409
6	210
0	140
21	76
0	2
0	17
5	15
135	15
0	29
4	8
55	162
0	28
8	25
2	146
8	135
11	264
7	160
12	206
13	121
0	78
0	162
0	986
0	1728
0	200
3	1574
0	308
0	112
2	214
6	81
26	871
41	10
0	10
293	1396
0	1275
5	1272
1	304
1	452
21	131
3	166
1	900
3	194
0	129
1	20
0	98
0	419
0	206
0	173
1	107
1	65
10	342
582	827
2	723
0	0
0	1
0	1
0	0
19	134
3	50
7	13
0	220
0	221
0	87
0	90
0	54
0	51
0	42
0	32
0	14
0	7
0	6
1	8
0	0
0	0
0	0
0	0
0	0
0	0
0	0
3	657
0	287
25	22
0	647
0	20
1	15
0	33
0	233
6	304
0	332
0	339
0	337
1	95
2	169
0	323
0	54
0	34
1	8
0	8
0	0
0	1
0	0
0	0
0	0
0	3
0	146
0	25
0	15
0	18
0	14
0	0
12	59
7	90
0	472
0	296
5	233
0	53
0	64
0	38
0	86
3	30
0	66
1	47
0	53
0	251
0	134
0	84
1	97
8	30
0	98
3	55
0	51
0	472
0	0
0	0
0	2321
0	107
0	2282
0	2298
5	127
0	2257
0	135
19	244
45	236
0	315
7	260
1	1213
1	173
11	28
4	243
1	234
0	263
1	192
2	171
0	8
1	111
165	258
3	156
0	298
1	34
0	12
1	22
17	112
0	97
0	31
2	27
0	19
0	14
0	1
0	4
0	5
0	9
0	0
0	0
0	27
0	0
0	0
0	0
0	0
0	0
0	0
0	0
0	0
0	0
0	0
0	0
0	0
0	0
1	17
0	12
4	32
0	343
12	358
19	14
34	2
7	3
6	17
0	1
0	144
0	2
0	4
0	146
13	1525
1	1466
0	571
0	1536
0	1146
1	705
0	73
4	74
0	0
0	0
0	0
0	143
0	103
0	0
0	206
0	56
0	206
0	10
2	11
0	57
0	1
4	1
2	31
1	14
0	9
0	19
0	18
4	29
3	48
0	64
0	22
0	132
0	14
1	30
0	78
0	64
0	48
1	54
0	49
0	30
0	66
0	68
0	49
2	14
1	4
0	7
0	0
0	143
0	103
0	2
0	2
0	2
0	2
0	2
0	1
0	1
0	0
0	3
0	146
0	26
0	0
0	0
0	0
0	0
0	0
0	0
0	0
0	0
0	0
0	0
0	0
0	0
21	75
0	75
0	18
1	0
4	103
0	122
2	5
0	20
0	32
0	100
1	13
0	20
0	53
2	62
0	4
0	45
0	377
0	389
0	367
0	236
0	78
3	361
0	378
0	390
0	377
0	378
8	380
0	340
0	367
0	378
0	333
0	340
0	193
0	356
0	299
0	229
0	136
0	69
0	196
2	42
0	98
0	127
0	168
0	168
0	37
0	141
0	98
0	132
0	95
0	141
0	67
0	118
0	104
0	114
0	13
0	105
0	54
0	4
4	9
0	106
0	102
0	97
1	86
0	107
0	107
0	48
0	89
0	107
0	106
0	96
0	79
0	70
0	64
0	72
0	73
0	70
0	81
0	70
0	69
0	59
2	22
0	76
0	73
0	81
0	59
0	78
0	52
0	25
0	71
0	60
0	57
0	49
0	31
1	15
0	0
0	0
0	0
0	0
0	0
0	0
0	0
0	143
0	6
0	149
4	0
0	143
154	112
1	212
0	177
0	12
1	0
0	1
0	10
5	10
0	10
4	3
0	0
0	10
0	10
5	1575
0	1459
0	1463
0	1471
1	1452
0	1461
0	1472
6	1434
2	1198
0	588
0	111
4	58
2	1
0	1
0	1
0	1
0	727
0	1316
20	2532
0	1361
0	2535
0	1733
0	2447
0	2373
0	2386
0	2344
0	2302
0	2064
0	1919
0	2366
0	1431
0	358
0	783
1	707
0	188
0	35
0	8
0	151
0	11
98	111
0	4
0	75
1	104
0	65
0	87
0	0
0	0
0	0
0	655
12	650
9	651
1	483
0	7
0	150
0	147
0	177
19	1291
1	470
0	1339
0	238
0	278
0	338
0	201
0	141
3	45
0	362
0	487
0	479
0	484
0	477
0	482
0	466
0	60
0	131
0	113
0	50
0	39
2	2
2	1
0	0
0	0
0	0
0	0
0	0
0	0
0	0
0	0
0	0
1	4
0	92
0	31
0	24
0	9
0	16
0	10
0	2
2	9
0	18
17	14
0	96
1	229
0	249
31	241
1	42
3	8
0	98
2	208
0	91
0	51
0	203
571	247
0	88
0	41
0	41
0	147
0	124
0	4
0	63
0	1276
0	93
1	1276
0	1070
1	6
28	0
3	67
0	364
0	4
0	4
0	2
0	2
0	1
0	122
11	263
9	498
4	314
0	1
19	81
0	169
0	169
0	109
0	110
2	36
0	15
0	5
0	4
5	490
29	91
0	69
0	56
0	310
129	99
0	390
1	55
3	13
0	29
3	11
0	0
0	0
1	26
0	26
0	15
0	20
1	64
4	207
0	2
0	106
0	15
0	28
0	14
0	31
2	40
0	5
0	45
0	6
0	2
0	6
0	7
0	41
0	12
0	0
0	0
0	0
0	0
0	0
0	0
0	0
0	0
0	0
0	0
0	0
0	0
0	0
0	0
0	0
0	0
0	0
0	10
0	10
0	0
0	0
0	0
0	0
0	0
0	0
0	2
2	8
0	0
0	0
0	5
0	3
12	3
0	0
0	0
0	0
0	0
0	0
95	0
7	1965
0	1902
0	2223
0	94
0	54
164	43
0	43
0	126
290	126
12	0
12	148
3	16
3	149
0	51
5	27
0	34
4	33
1	36
1	17
2	16
15	29
0	29
0	55
0	55
0	121
0	8
0	9
0	121
1	7
7	905
0	876
5	935
0	16
0	53
13	29
0	4
0	2251
0	1529
0	2151
0	208
0	963
0	2257
0	2251
0	425
0	2194
1	275
0	2184
0	212
0	371
7	285
0	25
0	25
0	20
0	25
0	25
0	25
0	10
0	6
0	4
8	15
0	10
4	2
0	0
0	0
0	0
0	0
0	0
0	36
0	34
1	36
0	36
0	36
14	37
0	30
13	8
0	31
0	32
59	254
0	143
0	140
0	145
0	203
0	121
0	107
0	87
0	21
0	22
1	3
0	27
0	25
0	98
0	0
0	3
0	0
0	0
0	3
0	3
0	3
1	555
41	676
0	2031
0	287
7	201
2	2086
13	199
0	962
0	632
0	791
0	929
0	738
0	2034
0	317
0	412
1	811
2	665
6	205
50	321
0	478
12	162
29	735
3	12
0	12
0	12
0	3
0	2
0	0
0	2
0	0
0	0
0	7
0	0
0	0
0	40
0	377
0	3
0	35
0	0
0	41
0	354
0	9
0	380
0	373
0	32
0	18
0	378
1	24
0	30
1	41
0	17
0	61
0	82
0	44
0	35
0	15
0	22
3	13
0	74
0	79
15	531
42	370
0	535
2	54
0	141
0	123
0	30
149	1661
0	102
0	74
10	1540
0	1429
0	860
0	113
0	107
0	1444
0	108
0	163
0	178
4	68
0	156
0	306
0	1666
0	1457
0	1597
0	374
5	871
0	1483
0	1348
0	258
0	1404
0	704
2	1492
0	1318
0	479
0	1510
2	350
3	617
0	1553
0	463
0	386
0	1213
0	814
0	50
4	156
0	666
0	56
0	171
1	800
0	39
2	144
0	785
0	504
0	261
1	348
0	113
0	1619
0	1
0	1
0	1
0	0
0	0
0	0
0	0
0	0
0	0
678	0
0	111
0	111
1	55
0	21
1	12
0	3
281	66
0	48
0	46
0	17
0	0
0	0
0	0
0	0
0	0
0	15
2181	1602
27	1348
0	1438
0	1195
10	511
3	749
0	0
0	0
0	0
0	0
0	0
0	0
0	0
0	8
0	173
10	173
0	15
0	7
0	20
0	16
0	17
0	13
3	17
0	21
0	5
0	2
0	3
0	1
105	2537
0	1949
0	2131
1	342
0	222
0	232
5	0
2	93
1	2
0	86
0	93
0	92
0	33
0	92
0	94
0	75
0	78
0	76
0	41
0	65
0	63
0	62
0	52
0	65
0	75
0	65
0	70
0	69
0	64
0	74
0	0
0	36
0	0
0	52
0	0
0	59
0	60
0	54
0	58
0	61
0	59
0	54
0	32
0	43
0	54
0	47
0	15
0	38
0	26
0	30
0	33
0	21
0	17
0	26
0	24
0	15
2	27
0	3
0	0
17	13
0	240
0	206
0	261
0	223
0	243
0	231
0	233
2	201
0	215
0	214
0	191
16	214
0	354
9	200
0	239
0	313
1	11
2	80
0	35
0	35
0	17
0	8
1	19
35	17
10	13
0	4
0	5
0	4
0	2
408	83
2	1225
0	1182
0	1334
0	1416
0	1211
2	1253
2	1414
99	1334
0	1069
0	1238
3	1309
0	1096
0	1275
0	1254
0	1388
49	1311
0	1154
2	533
0	1259
2	1350
0	1338
1	1305
0	1288
0	1350
0	1246
0	912
0	192
10	116
90	140
1	128
10	679
0	91
301	959
0	92
1	91
1	61
1	854
0	235
0	258
395	326
4	18
93	56
0	272
5	58
0	111
25	119
0	192
0	14
2	7
0	24
1035	308
0	32
0	135
1	172
1	61
0	48
7	646
6	646
0	516
1	29
0	26
0	20
0	309
11	32
0	36
5	83
15	82
1	58
0	45
2	76
0	36
0	74
0	37
13	1070
0	871
0	856
0	834
0	29
3	46
0	627
0	685
0	962
0	19
2	57
0	674
150	1516
40	2105
22	2014
6	1143
7	675
0	168
7	218
18	147
8	189
3	194
15	226
0	225
1	133
2	97
0	26
20	39
0	30
0	8
2	2931
0	2845
4	587
0	472
0	2722
6	2228
2	224
8	308
0	1204
0	1138
14	1226
0	1196
0	321
0	1091
0	441
5	836
0	267
1	467
0	54
0	55
2	52
0	41
0	39
0	7
0	476
0	476
0	466
36	324
0	445
2	94
4	117
4	42
16	33
0	20
0	44
319	7
2	15
0	123
0	41
0	39
22	653
0	642
0	620
3	621
0	528
1	510
2	538
9	442
1	24
0	61
0	526
0	31
501	2400
9	2140
0	579
4	192
1	104
35	34
0	34
0	29
3	49
0	49
0	49
0	0
0	0
0	0
0	253
0	273
3	91
0	57
0	75
0	86
0	37
1	35
0	44
0	48
0	27
1	27
0	197
0	574
0	494
17	556
4	25
0	45
0	23
0	58
0	44
4	61
0	44
0	14
5	0
0	1
0	0
0	0
0	0
0	1
0	1
0	210
0	6
7	1655
0	1685
1	176
0	252
0	178
0	223
2	87
4	1519
0	1594
0	1594
0	82
0	49
0	128
5	115
5	105
0	97
13	164
0	185
2	25
3	345
7	3
3	7
1333	327
2066	212
0	199
5	212
161	0
6	288
313	288
0	288
0	48
3	145
2	14
0	14
0	1
0	1
0	1
0	1
0	1
0	1
1	10
0	10
0	0
0	0
0	0
1	0
0	7
9	7
12	1312
3	956
2	1010
0	775
0	266
0	607
0	265
0	0
0	0
0	0
0	0
0	0
0	0
0	0
0	0
0	0
0	22
13	22
0	22
0	15
0	1
0	966
11	968
0	978
0	470
2	60
0	77
0	98
0	112
0	99
0	29
0	0
0	0
0	0
0	0
0	0
1	427
0	476
4	379
1	188
0	306
0	90
0	453
0	160
0	410
0	239
7	84
6	231
0	134
3	350
176	167
1	140
3	27
0	111
0	184
0	25
115	235
0	4
0	120
1	179
6	13
1	144
0	156
0	128
0	233
0	52
2	46
0	10
27	47
10	78
0	47
1	13
4	46
0	16
0	41
0	11
0	9
0	319
0	309
0	378
1	10
1	24
0	26
0	58
0	44
0	38
8	134
1	122
75	910
162	288
53	798
0	444
0	588
5	760
2	138
31	245
0	541
0	151
0	487
0	0
0	0
0	0
0	0
0	0
0	0
0	0
0	0
0	0
0	0
1	0
0	0
0	0
0	23
438	47
3	17
1	49
21	9
1	8
0	8
2	282
1	281
37	249
7	272
0	211
20	9
0	6
0	0
0	7580
0	5109
0	2371
0	7522
0	7617
0	1144
0	7651
2	1104
277	5008
10	0
0	7789
4	7616
1	1517
0	586
6	7669
0	7586
0	1658
0	406
0	1999
0	1092
13	387
0	2037
0	227
60	1766
0	0
0	0
0	1
0	0
0	1
0	1
0	0
0	1
0	0
0	0
0	0
0	0
0	334
0	1756
1277	1964
0	294
61	1459
693	820
0	667
0	579
0	551
1	266
0	262
3	104
90	649
2	662
28	607
0	326
10	0
15	9
2	9054
0	84
71	7273
5	9120
19	2521
0	9226
2	7090
0	7122
97	429
0	56
4	3
147	739
0	266
0	148
0	512
9	266
1	171
90	245
0	123
3	28
30	381
0	325
23	0
3	181
0	185
1	343
0	153
0	384
32	395
0	386
0	174
0	386
0	69
0	105
1	358
0	32
0	4
5	931
7	346
0	152
0	974
0	419
0	713
0	128
1	84
0	663
1	246
76	461
0	432
15	161
0	2
3	38
2	109
0	75
0	61
0	25
0	11
4	672
0	6
0	21
0	5
0	50
1	0
0	0
0	8
0	8
0	3
0	0
0	6
0	0
0	0
0	0
0	0
0	13
0	26
1	24
0	27
0	0
1	5
0	1
0	4
102	2167
4	1956
0	406
0	97
0	210
0	2174
0	176
2	145
8	656
15	601
0	61
0	51
11	31
0	27
21	172
8	17
0	0
237	23
52	23
0	15
0	55
0	107
0	549
0	601
6	589
15	61
0	24
0	404
915	615
8	6
34	135
5	156
94	957
0	899
0	103
0	808
0	109
1	540
4	31
0	107
2	161
621	585
0	525
0	268
143	313
0	196
0	99
0	0
0	1193
0	436
0	260
0	908
0	1031
2	85
0	177
4	284
0	118
0	141
0	198
0	330
0	88
0	322
1	303
1	1081
0	331
10	348
0	330
1	340
0	346
23	311
0	276
1	42
1	90
2	53
286	0
431	284
0	57
2	138
1	89
1	1012
43	1165
5	431
2	82
0	496
6	488
1	68
0	68
0	26
5	31
0	87
0	93
15	222
4	142
9	109
2	206
0	207
0	19
0	88
7	73
1	85
0	9
3	53
0	11
1	5
2	46
0	12
0	9
0	219
12	250
0	0
1	8
0	0
0	0
0	0
0	0
0	0
0	0
0	0
0	0
0	0
0	0
0	0
0	0
0	0
0	0
0	0
0	2
0	0
0	0
0	0
0	0
0	0
0	0
0	0
0	0
0	0
0	0
0	0
1	1009
0	116
0	84
0	144
0	190
1	171
0	576
0	1130
2	146
1	238
4	282
1	167
2	157
9	269
0	0
0	0
0	0
0	0
0	159
0	193
0	382
0	384
0	134
0	154
42	54
1	65
0	47
0	34
0	36
0	948
0	174
0	914
1	897
0	275
0	263
0	274
0	242
0	278
0	241
0	248
0	301
0	174
0	163
0	166
0	242
0	256
0	263
2	256
0	259
0	43
0	157
1	274
0	110
0	154
0	157
0	162
0	10
0	0
2	0
0	0
0	201
0	270
0	259
0	275
0	237
0	244
0	244
0	219
0	242
0	247
0	259
2	114
0	244
0	243
0	239
0	261
0	251
0	252
0	207
0	152
0	242
0	244
0	218
0	248
0	253
0	246
0	259
0	90
0	111
0	258
0	266
0	249
0	278
0	134
0	199
0	249
0	245
0	256
0	252
0	125
0	227
0	234
0	256
0	251
0	165
0	211
0	239
0	149
0	230
0	247
0	225
0	222
0	216
0	218
0	134
0	129
0	195
0	152
0	162
0	151
0	70
0	29
0	152
0	134
0	58
0	107
0	109
0	70
0	6
0	1
0	1
1	1
0	1
0	1
0	2
0	1
0	0
0	0
0	2
0	0
0	0
0	0
0	0
2	395
12	395
2	45
0	0
0	0
0	0
0	0
0	0
0	0
0	0
0	64
22	78
6	78
8	1627
0	1616
1	251
1	263
0	258
0	273
0	242
5	225
7	168
0	40
0	80
118	85
0	83
2	24
0	17
1	19
0	9
0	4
1	4
0	4
0	7
1	6
0	595
0	467
3	849
0	4
0	2
0	2
0	2
0	3
0	4
0	1
0	1
0	1
1	3004
0	3268
351	3405
0	2348
0	1833
6	491
0	3
0	180
0	9
0	13
0	173
0	155
0	6
1	42
0	128
0	170
0	128
0	181
0	144
0	185
0	140
0	148
0	95
0	163
0	17
0	13
1	22
0	163
0	13
0	142
0	135
0	159
0	139
0	165
0	173
0	178
0	175
0	167
0	158
0	162
0	122
0	154
10	160
0	162
0	190
0	133
0	147
0	19
0	18
0	150
0	29
0	82
0	98
0	86
0	1
86	126
0	89
3	51
2	76
0	19
0	78
0	33
0	113
0	116
0	126
0	41
1	84
0	43
29	84
0	27
0	36
0	318
0	2
0	35
0	101
0	31
6	5
0	288
0	17
0	22
0	22
0	15
0	286
17	331
0	326
0	107
0	340
0	116
0	74
0	56
0	25
0	77
2	63
0	87
0	67
0	40
0	71
0	12
0	29
0	28
5	14
0	26
0	25
0	30
0	18
1	20
0	24
0	299
0	0
0	3
0	4
0	3
3	3
4	2999
235	2999
0	14769
15	15238
18	17225
0	6546
0	4586
0	13057
0	8655
0	18524
0	13617
2	15197
0	415
0	12281
2	13339
0	17338
0	14788
0	12497
2	10557
0	4561
0	15669
0	5327
0	1157
0	4351
1	318
0	323
0	727
0	745
4	3
1	0
1	3
1	0
0	128
0	542
0	830
0	260
0	35
23	520
0	44
0	58
0	23
1	16
0	239
0	106
0	808
0	807
316	499
3	140
0	456
3	377
1	7
2	150
0	287
0	137
0	83
13	162
11	99
10	99
14	133
0	1257
0	1287
1	228
0	339
0	1327
0	339
0	188
0	526
10	117
0	44
5	296
0	138
0	102
1	284
0	17
0	12
2	56
0	57
0	1
0	8
0	158
0	64
11	131
0	141
10	0
0	71
5	7
11	5
1	11
0	0
1	113
0	987
0	929
0	145
0	725
1	170
31	636
0	180
6	511
0	0
0	0
0	0
0	0
0	436
907	436
221	0
0	0
3	122
0	14
0	5
0	1
0	1
1058	4409
24	3378
105	2646
0	2666
1	551
0	394
18	610
0	755
6	421
0	1478
0	1337
0	1220
0	313
0	1408
0	800
0	599
0	611
0	411
0	1471
0	1033
0	396
0	31
0	27
0	62
0	49
0	1274
0	798
0	250
46	162
8	33
0	15
0	0
0	5
1	3
0	1
0	889
0	42
0	73
0	916
0	67
0	8
0	16
0	16
0	3
0	15
0	3
0	3
0	0
7	597
1	666
0	670
0	364
3	214
1	129
0	211
0	56
23	551
0	20
1	68
0	551
30	519
2	22
0	75
0	68
0	67
2	27
6	41
8	26
0	32
0	80
0	53
0	58
0	24
0	27
0	25
0	26
0	29
0	476
0	800
1	318
0	340
0	716
0	701
18	710
0	752
0	772
0	790
0	781
1	752
0	785
0	768
0	748
0	777
0	772
2	777
1	754
0	521
7	463
1	354
0	223
193	917
0	917
13	0
0	30
0	0
0	24
0	24
1	0
0	3
0	7
0	2
0	0
0	5
0	24
0	3
0	3
0	3
0	24
0	0
0	15
0	8
0	12
3	1090
7	69
0	40
4	94
0	1070
0	4
0	1
0	1
0	1
0	1
0	1
0	1
0	0
0	3
0	0
0	0
0	0
0	3
0	3
0	3
0	3
0	3
0	1
0	1
1	30
0	1
0	1
8	36
273	368
2	368
136	627
1	627
2	459
0	0
0	0
0	0
0	0
36	1270
12	1270
0	3
7	3
0	3
0	1
0	154
1	131
0	138
0	148
0	129
0	153
0	151
0	107
1	71
0	12
8	31
0	22
0	430
3	1
4	216
0	432
7	595
0	413
0	369
0	34
0	583
0	1983
1	7
4	1434
0	99
0	1525
0	115
26	656
0	945
1	93
0	1168
2	875
0	114
0	656
3	701
0	110
2	1062
0	1333
0	76
1	1325
0	0
0	2
0	0
0	4
0	5
1	3
0	2
0	1
1	1
0	2
0	1
9	7
0	3
0	2
0	0
0	0
0	0
0	0
0	0
0	124
14	15
1	15
0	59
0	52
0	57
0	52
0	13
0	48
0	58
0	55
0	57
0	57
0	8
2	51
0	6
0	1999
0	2048
0	2084
0	2090
19	1883
5	2029
1	1993
0	1780
0	1807
2	1744
0	1650
1	285
12	5
0	323
0	255
0	215
0	48
0	1336
0	1337
0	1408
0	1166
0	1336
0	1329
5	1330
0	1101
0	1226
1	1312
5	884
2	210
0	122
1	116
0	92
0	191
0	221
0	210
0	91
4	61
0	99
0	30
0	59
0	134
1	56
34	43
0	0
0	68
10	455
0	424
1	12
0	306
0	283
2	306
0	26
0	15
0	15
0	15
0	0
0	0
0	3
14	332
5	448
0	6950
215	7044
0	220
0	60
0	482
0	317
1	1891
2	733
10	271
2	688
0	407
2	472
5	5
5	395
0	98
0	10
2	23
0	21
0	20
0	6
0	0
7	2109
3	1875
0	1934
0	1930
0	1934
0	1949
0	1952
6	1711
0	1791
6	1867
2	1921
1	1974
1	1398
0	1830
0	1718
0	1877
0	1091
1	1006
0	1865
0	1870
1	1648
0	1929
0	1599
0	1179
0	1171
0	168
0	464
0	4
0	7
0	1
0	7
1	2
4	2
0	286
0	380
0	259
0	285
3	278
0	386
1	240
0	289
0	0
0	0
0	0
0	14
0	69
2	11
2	1
2	70
0	0
0	0
0	0
0	0
0	0
0	0
0	0
0	27
0	116
1	43
0	268
0	11
0	644
13	696
0	686
2	78
0	389
0	31
0	46
5	16
1	64
23	16
1	48
0	110
0	28
0	34
0	83
0	66
27	85
0	36
0	35
0	146
0	131
0	48
0	14
0	37
9	34
0	17
1	0
0	50
0	0
0	0
1	0
0	0
1	0
0	3027
0	3076
1	2994
0	3129
31	2680
0	1643
16	1243
9	31
1	117
0	255
0	18
0	26
0	0
0	0
0	0
0	0
0	0
0	0
0	0
1	0
0	0
105	1265
0	726
1	543
11	472
0	235
0	689
1	70
0	169
1	530
0	518
0	591
52	106
6	532
0	533
21	342
9	137
8	233
0	402
0	147
1	341
0	283
0	311
0	161
0	150
0	137
0	199
5	161
701	164
5	164
0	203
1	2
0	2
32	3
0	1
57	282
3	15
1	264
0	25
0	97
0	96
3	37
0	33
0	18
0	11
0	5
0	10
0	10
0	4
0	6
1	6
0	3
0	11
0	2
0	0
0	0
0	0
0	0
0	1
0	2
0	2
0	2
0	1
0	1
0	1
0	0
0	1
0	0
0	1
0	4
0	3
0	0
0	0
0	4
2012	313
8	271
28	48
1	44
1068	0
0	0
522	359
1	76
14	98
0	189
17	29
0	45
0	94
0	0
65	759
0	761
0	173
11	66
1	82
0	0
0	0
0	0
0	0
0	0
0	0
0	1755
0	1055
5	463
0	494
6	340
0	276
9	228
1	189
0	1721
0	78
0	150
0	34
0	88
9	498
0	55
1	478
83	327
0	296
0	26
6	215
4	93
0	28
371	82
0	51
3	31
0	1380
3	788
2	681
0	89
0	703
1	1404
0	51
0	17
0	32
3	71
0	231
0	40
244	0
10	756
1803	754
3	133
0	3
1	2
0	4
0	0
5	4
0	2
2	0
3	20
0	17
0	18
0	18
0	7
0	11
957	146
0	81
2	65
2	1759
0	1759
0	1761
0	571
1	434
0	88
1	202
2	68
0	11
0	11
0	11
2	193
0	176
0	30
0	166
0	96
0	165
0	21
1	29
5	205
0	30
3	30
0	48
491	552
2	145
2	163
0	38
0	35
1	23
0	15
12	147
0	0
0	7
0	11
1	7
0	124
13	76
0	852
578	993
0	868
0	195
3	1
0	0
0	0
0	0
0	0
0	0
0	0
1	0
0	0
0	105
24	131
1	103
0	918
0	930
0	918
0	128
0	18
0	122
8	56
0	912
0	898
0	929
0	932
0	929
0	477
0	29
0	10
0	10
0	10
0	5
0	4
15	4
9	2
1	1283
0	1091
207	1258
0	1217
43	898
0	123
919	226
1	227
1	27
0	36
0	185
1	15
8	71
29	71
4	6
0	5
0	2
1	449
3	151
0	449
0	0
0	0
0	0
0	0
0	0
0	0
0	0
0	0
0	0
0	0
0	0
0	0
0	0
0	0
0	0
0	0
0	0
0	0
0	3
0	4
0	4
1	1
0	0
0	11
111	42
0	28
0	26
0	14
0	23
0	30
0	27
228	0
0	13
0	1
4	9
0	0
0	0
0	1
0	5
0	4
0	150
0	147
0	148
0	147
0	146
0	147
0	148
0	145
0	147
0	146
0	151
0	93
0	50
0	131
0	61
1	93
0	88
0	86
0	88
0	90
0	88
0	84
0	89
0	86
0	63
0	90
0	93
0	82
0	87
0	93
0	95
0	141
0	138
0	136
0	138
0	132
0	128
0	139
0	139
3	45
0	9
0	1
0	42
1	100
0	30
0	12
0	10
0	71
0	5
1	2
0	2
2	17
0	1
1	15
0	19
0	0
429	0
0	391
0	147
5	391
10	1502
14	1635
10	2045
17	169
0	343
0	846
0	512
0	492
0	511
0	484
1	85
3	13
0	237
4	236
7	167
0	121
0	828
0	733
0	642
0	777
9	529
0	528
0	611
0	611
0	611
0	675
0	780
0	709
0	785
0	447
0	615
1	625
4	725
0	601
0	577
0	575
0	465
1	43
0	198
0	449
0	486
0	401
0	400
10	42
0	437
0	409
0	22
0	184
0	113
0	209
0	190
0	43
0	53
0	23
0	45
0	95
0	32
0	954
0	1944
0	1089
0	1600
0	2245
0	21
0	1161
0	1249
0	601
0	629
1	276
2	98
59	306
0	575
0	354
3	117
2	644
6	259
0	641
0	640
5	10
0	10
6	59
0	0
0	57
0	11
0	0
0	1
0	0
0	0
0	0
0	1
0	1
0	0
27	969
4	122
0	534
24	262
5	746
0	754
1	50
0	7
0	50
479	2580
11	1804
14	2513
1	178
18	172
20	444
1	5
14	13
22	2
8	15
0	653
272	1590
6	340
0	57
3	788
0	212
0	241
0	1520
0	71
2	176
13	930
1	111
12	45
89	209
2	107
3	10
0	30
9	49
0	48
0	38
0	45
0	5
0	54
0	45
0	26
0	0
0	0
0	0
0	0
0	0
16	300
0	263
2	170
0	190
0	132
3	7
0	42
1	26
0	39
0	0
1	24
2	20
0	1
0	0
0	0
0	0
0	0
0	1
0	1269
4	208
2	236
0	800
0	2547
0	2505
0	2351
0	2606
16	2573
1	2485
0	1609
0	2563
0	92
0	2516
0	1209
0	1570
2	8
0	59
0	82
10	1664
0	1659
0	0
0	264
1	47
0	88
0	443
0	443
0	66
2	82
0	173
0	418
3	66
0	443
0	179
1	65
1	87
4	7
1	67
0	32
3	24
1	18
9	53
23	177
53	148
3	102
0	104
3	50
0	77
0	88
1	52
0	42
0	36
0	34
34	43
0	32
0	27
0	17
1	14
0	10
0	13
1	8
0	0
0	0
0	0
0	6
0	4
0	5
0	5
0	0
0	0
0	1
961	80
2	80
1	323
42	394
8	71
0	256
0	3
1	0
0	0
0	0
5	505
0	2032
9	1995
0	985
4	1178
0	1880
0	626
1	1379
1	64
1	186
53	1000
0	914
0	185
1	299
153	243
1	147
0	111
0	78
0	0
0	0
0	0
0	0
0	0
0	0
0	0
0	0
0	116
1	798
0	770
13	791
0	629
0	246
0	480
0	349
15	474
0	63
0	116
0	45
0	61
0	289
0	344
0	85
0	690
0	34
1	584
8	1305
507	1305
5	123
0	100
0	77
0	0
20	176
257	457
0	361
15	65
5	22
2	560
1	526
0	514
0	490
1	519
16	163
6	204
0	67
0	45
0	0
0	0
0	0
0	261
0	267
3	271
2	8
0	30
0	40
11	42
0	19
0	30
0	48
0	103
0	84
0	69
0	59
0	42
7	46
0	0
0	29
0	34
0	30
0	32
0	0
0	17
1	7
0	7
0	158
0	416
2	88
0	45
0	128
2	421
0	418
0	28
0	59
2	105
0	421
0	420
0	118
0	89
0	114
1	127
1	131
0	2
0	7
0	3
0	0
0	8
0	5
0	98
0	14
0	14
0	13
0	10
0	19
0	19
0	15
0	10
0	5
183	1651
17	1531
14	1288
8	1316
1	429
0	873
0	798
36	916
2	181
3	114
375	657
2	392
0	657
0	173
0	2
0	42
0	232
0	0
1	226
154	572
1	572
6	8
3	127
6	40
15	308
9	176
22	198
13	122
6	20
43	164
9	2346
0	183
18	202
2	923
1	88
0	2336
3	2348
10	493
0	497
0	271
1	123
0	276
0	272
5	229
0	10
0	41
1	48
2	264
577	584
0	67
1	53
9	486
5	21
0	37
0	170
0	224
7	252
0	272
0	561
0	785
0	818
0	707
78	1100
0	1140
0	1119
0	1081
0	1098
0	1136
0	1137
0	1123
0	1117
0	1083
0	1104
0	1125
0	1137
0	837
0	53
0	312
1	255
0	244
0	218
0	215
1	214
0	191
0	64
1	61
0	46
0	46
0	767
0	757
4	709
6	393
0	754
0	345
0	21
0	38
0	25
16	88
0	5
0	5
0	3
1	3
0	3
0	3
0	2
0	3
1	2
3	1
0	1
0	0
1	0
3	1
0	1
0	1
0	1
1	115
0	245
47	246
0	52
1	158
0	1
0	1
0	0
0	0
0	0
0	0
0	0
0	0
0	0
0	0
0	0
0	0
0	1
0	37
0	10
0	14
0	10
0	10
0	38
0	10
0	1
0	1
0	0
0	37
0	267
0	1440
35	1440
0	0
0	0
0	0
0	0
0	58
0	87
0	91
0	91
0	87
0	0
0	59
0	47
10	19
1	6
0	11
3	8
2	38
0	13
13	432
0	426
0	77
1	39
4	57
2	22
12	3
1	14
0	29
100	83
0	83
3	26
0	925
0	925
0	925
0	908
0	0
0	925
0	925
0	925
0	907
0	473
0	36
0	36
0	193
0	96
0	173
0	212
0	212
0	208
0	214
0	905
0	917
0	920
0	919
0	913
0	913
0	914
0	950
0	925
0	925
0	919
0	920
0	889
0	128
0	134
0	889
0	952
0	920
0	914
0	936
0	925
0	919
0	812
0	919
0	907
0	36
0	899
0	925
0	925
0	241
1	212
0	935
0	822
0	839
0	947
0	940
0	941
0	933
0	930
0	880
0	926
0	216
0	180
0	910
0	898
0	907
0	898
0	874
0	911
0	814
0	916
0	926
0	797
0	915
0	891
0	796
0	905
0	908
0	927
0	872
0	813
0	926
0	897
0	909
0	926
0	914
0	890
0	918
0	915
0	38
0	1
5	1
0	84
11	919
0	1080
0	1087
0	1049
57	200
0	190
0	1079
13	1089
2	1052
2	905
0	1049
0	903
0	158
0	207
0	395
2	202
0	200
0	91
0	243
0	118
0	71
1	43
0	5
1	0
1	43
0	130
2	129
2	130
0	1
0	1
0	0
497	1546
3	1446
27	142
6	157
0	310
16	204
0	131
0	125
0	1018
2	108
1	1018
15	143
0	109
0	86
1	314
39	354
0	349
1	130
2	363
0	342
0	102
0	19
1	270
0	328
0	343
0	38
0	206
0	8
0	8
0	318
1	108
0	44
0	7
0	333
0	348
0	56
0	276
0	162
0	53
2	107
0	27
0	70
0	1
0	1
1	1
55	325
0	328
0	148
0	65
0	26
0	9
0	8
0	5
0	6
0	6
0	6
0	7
0	5
2	4
0	75
0	966
1	214
1	8
0	961
0	750
0	29
0	87
0	418
0	8
1	98
1	138
0	89
4	8
0	43
0	902
0	876
3	2164
0	147
0	339
1	2219
0	394
0	994
0	259
6	1344
6	303
0	0
1001	0
0	269
9	72
0	12
1	16
1	13
0	13
0	6
0	6
0	14
0	4
2	269
0	43
0	0
299	0
9	0
128	0
0	67
7	444
0	535
9	51
15	32
0	258
0	379
0	455
0	77
0	80
1	213
0	473
52	526
22	24
0	60
0	101
54	365
4	151
0	780
0	781
0	792
0	750
0	92
14	0
0	37
0	0
0	0
0	67
0	56
2	57
19	74
0	8
1	57
0	51
0	11
0	0
0	72
7	17
0	52
6	71
0	29
0	467
0	34
3	23
0	83
0	52
0	583
0	699
7	297
0	472
0	483
0	174
0	102
4	22
0	334
17	203
0	176
0	149
9	244
0	148
0	133
0	125
15	290
0	274
2	12
0	116
1	255
0	123
3	15
1	23
0	10
13	187
0	5
1	15
0	296
0	8
1	3
0	8
0	1
1	1299
0	1294
0	1280
1	1299
4	1294
9	12
6	112
0	110
0	101
0	44
0	17
0	196
24	190
3	119
0	59
2	56
6	224
0	495
15	489
0	534
0	531
0	544
1	208
0	19
1	197
0	310
1	129
0	219
9	78
3	272
13	4
5	274
0	198
64	556
0	511
262	511
1	0
0	1024
0	1002
4	901
0	874
26	313
0	635
0	377
242	40
0	53
0	40
18	101
0	109
3	171
4	239
7	13
9	0
11	6
35	6159
0	13795
0	12165
4	14723
2	11018
44	18767
61	18770
0	9360
2	18790
2	14673
0	13400
3	13273
8	8545
0	2222
181	203
1	203
0	137
1	149
1	239
0	944
0	292
0	281
0	1004
6	88
0	876
0	129
0	116
0	172
1	183
0	5
0	948
7	179
1	785
0	38
0	190
0	259
0	317
0	334
3	191
2	211
0	257
0	280
1	365
1	248
0	225
1	100
0	6
0	28
0	4
0	3
0	2
0	4
0	0
0	0
0	0
0	0
0	0
0	0
0	0
0	0
0	0
0	13
0	204
2	189
11	113
0	196
0	184
0	214
0	176
0	172
0	135
0	205
0	203
0	79
0	37
0	79
0	30
0	203
0	79
0	203
1	192
0	196
0	196
0	128
2	68
1	119
2	104
50	491
9	457
0	219
24	268
3	173
0	54
85	100
4	1
0	1
0	1
0	0
0	0
0	0
0	0
0	0
0	0
9	29
5	3
8	1161
0	1101
3	939
0	556
0	687
0	111
0	117
2	4
20	27
0	2
0	6
0	61
0	16
0	15
0	14
0	27
0	51
0	59
0	269
0	287
0	295
311	311
0	299
0	41
2	52
1	32
0	32
3	3
3	21
0	3
0	17
0	30
0	27
0	30
1	4
0	27
0	26
0	2
0	1
1	237
0	212
0	176
1	56
0	173
0	239
0	0
0	0
0	0
0	0
834	682
0	206
1	166
0	176
0	196
0	134
0	133
0	114
0	0
0	0
0	0
0	0
0	0
0	48
1	7507
12	6250
1	285
0	308
32	1088
2	4576
0	3366
120	3206
9	7471
57	46
0	10
2	46
0	2
0	1
2	0
0	1
0	0
0	0
0	0
0	0
4	0
22	2833
1	154
11	18
13	55
0	2770
0	1650
0	77
2	1356
0	152
2	0
1	184
0	173
0	1059
0	843
3	9
3	404
0	77
4	171
5	90
0	435
0	31
7	0
3	32
0	527
0	63
6	520
1	48
0	31
0	17
2	501
8	31
0	353
9	44
0	45
0	36
0	247
0	78
0	53
0	49
0	40
0	106
0	67
0	48
0	249
0	62
0	59
0	57
0	170
0	4
0	57
0	26
0	21
0	35
0	34
0	35
0	59
1	37
2	17
0	19
0	13
0	39
47	1428
1	1378
10	1378
1	1356
1	1035
12	147
11	91
2	655
4	36
0	89
2	203
9	25
0	149
1	2
0	103
0	110
4	83
2	17
0	14
0	14
0	117
1	104
0	131
0	131
0	44
0	409
0	388
0	357
1	389
122	6
1	6
0	6
0	6
0	0
0	0
0	0
0	0
0	0
0	0
0	0
0	0
0	0
0	0
1	0
0	0
0	0
0	0
0	0
0	0
17	187
0	187
0	4
2	163
0	169
0	40
0	7
11	32
1	33
101	128
0	32
0	3
0	6
0	0
0	6
0	6
0	6
0	6
0	6
0	6
0	1892
0	1555
0	1627
0	0
6	1910
0	1579
0	1918
0	1896
0	1631
0	122
0	109
0	1571
0	1910
0	1660
0	1641
0	88
0	1603
3	166
0	174
36	1407
3	343
0	540
0	229
0	344
88	213
0	141
0	102
0	81
0	133
1	31
0	51
0	0
0	0
0	855
9	746
0	853
0	397
0	120
0	209
0	72
0	68
0	68
0	63
4	74
0	49
0	31
0	25
1	21
0	21
1	23
1	33
1	31
0	30
0	31
0	32
35	32
0	3
0	854
1869	756
0	252
0	147
0	357
0	16
0	187
0	62
1	430
0	403
0	267
0	392
44	372
0	403
0	395
0	386
0	284
1	147
12	0
37	682
1	625
0	466
0	466
11	458
0	220
0	19
0	30
27	279
0	263
1	280
0	29
0	20
0	6
2	17
2	26
5	19
3	16
0	163
0	280
2	4
1	29
0	28
0	29
0	27
1	0
0	3
0	3
0	0
0	0
0	0
0	0
0	0
0	0
0	0
0	378
19	29
0	399
0	28
0	73
0	400
0	27
4	4
0	32
2	17
0	394
0	394
0	291
0	77
1	20
0	399
14	14
39	379
0	10
0	10
0	13
0	11
0	2
0	3
0	2
0	5
0	1
1	185
0	80
0	71
0	1
0	80
0	80
0	143
0	173
0	178
0	179
0	140
0	18
0	126
0	132
0	105
0	126
0	88
0	73
0	42
0	68
0	71
0	27
0	8
0	33
0	61
0	63
0	59
0	24
0	0
0	0
0	0
0	17
0	17
0	43
0	29
0	30
0	0
0	0
0	0
0	5
0	0
0	0
0	0
0	1
0	1
0	16
0	0
0	0
0	0
0	0
0	0
0	0
0	0
0	0
10	2621
0	2275
0	2275
0	2031
0	1547
0	1710
10	1583
1	2013
0	1139
0	0
1	460
0	456
0	61
0	51
0	50
0	19
0	16
0	7
5	8
3	28
0	55
0	62
0	2
0	16
0	7
1	23
0	23
1	0
0	0
0	0
0	0
0	0
0	0
0	0
0	0
0	0
0	0
0	0
6	831
0	7
0	56
0	51
0	63
0	616
0	28
0	21
0	58
1	8
4	7
0	10
0	75
0	62
0	56
0	30
0	831
0	210
1	268
14	270
17	1072
0	8
0	32
1	1048
0	980
5	43
0	130
1	64
2	49
89	497
0	539
0	151
0	180
0	295
0	298
0	529
0	474
11	160
0	143
5	55
0	150
0	151
1169	416
0	416
0	310
0	1
2	1
17	87
3	176
0	176
11	176
0	176
5	83
0	83
17	1295
3	1295
0	43
0	412
1	387
0	43
53	5
0	5
3	0
68	231
0	212
0	157
1	42
0	43
0	83
0	46
0	39
3	40
0	27
20	14
2	32
0	49
0	46
0	187
0	190
2	39
0	53
0	47
1	7
4	5
30	0
1	1063
0	1163
0	1150
0	331
0	242
1	147
0	5
0	12
0	12
0	1
0	12
0	0
0	0
0	0
2	2
0	3
4	15
0	2977
110	1694
1	2954
0	3032
12	1899
0	2096
2	457
0	469
8	391
1	147
4	0
0	0
0	0
0	0
0	18
0	0
0	11
0	13
62	40
0	7
0	0
0	2
0	12
0	10
0	12
0	5
0	363
0	371
0	385
0	345
0	385
0	295
0	371
0	363
22	393
0	374
0	371
0	313
2	371
0	334
0	316
0	349
0	385
0	371
0	359
0	376
0	376
0	332
2	386
0	396
0	386
0	368
0	372
0	407
0	385
0	371
0	313
0	350
0	393
0	406
3	347
0	111
1	38
0	70
16	123
0	56
0	57
0	76
14	84
0	60
0	60
0	0
0	0
0	0
0	0
0	0
0	0
0	0
0	0
0	0
0	0
1	252
0	295
2	295
0	306
1	221
7	59
0	153
0	85
0	59
4	54
2	50
0	195
0	194
0	195
0	42
0	43
0	17
1	26
1	9
3	9
2	78
0	668
0	16
7	1036
0	95
0	871
0	75
2	49
2	33
6	386
0	33
1	12
1	342
0	102
838	309
0	23
1	20
13	9
0	296
0	310
14	488
0	415
0	1122
0	1154
0	1126
0	1303
0	1345
0	1317
0	1313
1	1327
0	1344
0	17
0	255
0	157
0	0
1	248
0	178
0	162
0	149
164	0
0	5
0	12
0	9
0	7
0	14
0	12
0	2
0	2
0	4
6	2
0	2
1	2
1	1
10	13
0	0
0	0
0	0
0	0
0	19156
0	28326
0	29196
3	19052
5	19084
1	19078
45	19041
0	29000
29	27254
0	28135
9	25573
0	28562
0	28934
114	26566
14	28538
4	26905
0	28174
0	27301
0	28276
0	27778
0	27622
0	29439
0	29801
0	14203
0	20205
0	29576
0	29861
0	29116
3	14450
0	20048
0	19493
0	28749
0	20420
0	19865
0	29254
0	29616
0	28742
0	20332
0	29234
0	29936
4	19561
0	20247
0	19722
0	19272
2	29616
0	20568
0	28786
0	19263
20	13537
1146	626
0	272
2	180
7	192
3	165
0	9
20	29
0	74
0	75
0	67
0	92
0	32
5	33
0	91
13	67
0	92
0	23
0	1
0	51
3	4
0	63
65	957
0	955
0	89
0	5
0	88
1	233
0	132
0	256
0	33
0	955
0	163
1	60
0	68
0	39
4	165
1	79
10	191
0	2267
7	1594
0	3816
0	3908
0	3950
0	249
0	1005
10	1173
0	1234
0	2364
0	3300
0	3395
4	3358
5	3654
0	3616
0	3706
0	3739
0	3793
0	3858
0	3823
2	3858
0	3985
0	723
5	2200
0	588
0	3856
0	850
0	3814
0	3751
0	240
0	3865
0	639
0	60
0	238
0	396
0	261
0	125
0	138
0	147
1	425
0	501
0	116
1	145
1	32
0	398
1	401
0	341
0	258
0	281
0	0
0	177
0	103
208	1860
51	1754
51	582
5	259
7	224
0	603
0	211
90	2122
1	43
6	262
71	1329
0	1417
1	15
0	157
7	99
0	93
5	897
0	2122
77	0
3	0
5	1
0	38
0	5
0	37
0	13920
0	13915
292	12258
0	14314
16	12670
0	362
6	1789
5	903
2	2163
0	2155
1	1920
20	1401
0	4646
0	1348
1	2857
0	1261
1	2600
10	439
0	261
0	943
0	866
0	871
4	1053
1	983
0	1318
2	932
0	996
6	980
1	544
0	341
0	537
1	0
0	0
0	0
1	47
0	9
0	45
0	47
0	44
1	47
0	45
1	11
0	17
0	5
2	8
0	2
0	6
0	0
1	0
0	2
0	0
0	2
1	41
0	214
1	25
4	3
4	42
0	16
0	29
4	13
1	27
0	48
0	202
11	200
0	64
11	140
7	19
2933	5522
0	918
10	1465
0	955
0	1120
31	4857
0	4943
4	3327
0	2321
4	1748
5	1313
2	439
7	612
55	815
0	7561
0	7623
0	7448
0	7548
0	7137
0	7470
0	7420
0	7358
0	7332
1	7342
0	3766
0	3995
7	7399
144	7100
0	7941
1	7220
1	7255
0	7418
0	7084
44	1788
3	2027
1	3604
0	3771
0	3949
3	3866
0	7239
0	7261
1	7169
0	7106
0	7931
0	7389
0	7353
5	7112
0	7199
0	7330
11	2000
0	826
0	396
0	1113
0	1756
0	536
0	175
0	940
1	898
7	535
0	938
0	640
0	568
0	520
0	500
2	422
0	246
0	27
0	0
213	523
5	211
3	145
29	443
1	448
5	1711
0	1
20	229
0	1859
3	1999
0	1923
0	2108
0	1974
1	1894
0	160
2	147
1	345
2	874
0	372
7	255
77	362
0	191
77	129
0	319
19	268
0	255
0	189
5	195
0	28
0	2
0	1927
123	1185
1	907
3	1166
0	507
1	220
0	171
3	5
11	13
0	13
0	13
465	738
0	517
25	148
0	428
2	231
435	207
0	59
0	91
0	175
1	1
1	1
0	1
0	0
2	22
0	22
0	31
1	22
10	2
3	1199
0	1181
0	1201
4	1168
0	1059
10	200
0	857
0	48
3	27
0	19
1	153
0	1
0	146
0	133
2	66
0	23
0	112
8	119
0	127
0	18
0	80
1	31
1	42
8	25
0	7
0	100
1	0
255	295
2	288
0	135
10	10
0	0
3	156
51	996
0	470
7	88
14	792
7	5359
0	1379
7731	9051
0	300
10	1400
0	1381
0	408
2	4855
4	241
0	1146
17	729
1	324
1	11
0	269
5	722
1	576
0	231
0	1336
0	997
0	1652
0	1026
23	608
2	628
0	334
0	415
42	610
144	1551
1	496
0	711
1	601
0	22
6060	912
29	448
0	611
0	0
5	10
3	10
1	41
0	720
0	725
4	159
4	125
10	109
0	104
16	42
0	0
0	3
0	3
0	3
0	3
0	0
0	2
0	0
0	0
0	3
0	1
0	1
0	3
0	2
0	2
0	3
0	0
0	0
0	3
0	3
0	3
0	3
0	3
0	3
0	2
0	3
0	1
0	2
3	0
0	0
8	381
75	381
0	0
0	0
0	2896
0	2190
0	2104
0	2613
0	2896
0	2661
0	2115
0	2646
0	2328
38	2549
0	1548
16	1249
0	1813
12	1851
0	1591
34	31
0	21
0	16
0	4
0	14
0	7
0	6
0	2
0	0
1	266
1	718
1	597
0	338
0	405
6	353
2	476
0	0
0	0
0	0
0	0
0	0
0	0
0	0
9	109
0	96
0	0
0	0
0	0
0	0
0	0
0	6
0	10
0	10
0	6
0	0
0	0
0	0
0	3
0	0
36	273
0	704
0	694
0	707
0	6
0	273
0	4
0	20
0	793
0	1016
5	1008
0	715
15	336
0	1895
0	1905
2	1896
0	666
0	358
0	442
0	206
0	172
0	144
0	78
0	5
3	1529
0	1540
0	627
0	846
0	181
0	170
0	117
0	33
0	127
7	49
0	113
0	87
1	43
0	72
0	331
0	266
0	44
0	44
0	330
0	326
0	62
0	0
0	0
1	91
0	264
0	270
0	243
2	6
0	15
0	75
10	42
0	33
0	268
0	91
0	0
0	0
0	0
0	135
0	136
0	107
0	151
1	53
0	52
0	188
0	40
0	35
0	72
0	91
2	175
1	145
0	84
3	56
0	11
0	0
0	0
0	0
0	0
0	0
0	0
0	0
0	0
0	0
73	166
0	65
2	111
0	63
0	3
2	10
1	21
0	9
0	0
0	163
8	163
0	31
0	0
0	708
3	512
0	708
2	665
1	665
0	613
0	172
0	211
3	188
0	86
0	71
7	14
0	130
1	35
1	26
0	3
0	3
0	0
0	38
4	116
1	31
0	41
0	119
0	65
0	40
0	65
0	1
0	0
0	0
0	0
0	0
0	0
0	0
0	0
0	0
1	728
0	0
0	817
0	742
0	593
0	812
0	798
0	740
0	406
0	493
0	541
0	18
0	640
0	679
0	694
0	687
0	699
0	701
0	685
7	598
0	656
1	269
0	540
18	412
2	258
0	138
0	499
0	74
0	173
0	279
0	137
0	86
0	120
0	175
4	84
0	15
0	21
2	178
0	224
0	226
0	207
0	66
0	60
0	100
0	131
0	73
0	57
0	63
0	55
0	60
0	26
0	18
0	60
0	28
0	0
0	0
0	0
1	24
30	293
28	188
3	8
11	270
0	207
1	132
0	68
0	94
0	84
0	71
0	63
0	58
1	0
0	438
0	110
0	438
1	23
0	7
0	5
0	8
0	5
0	6
0	342
0	577
0	512
0	576
0	595
0	575
0	550
0	512
3	522
0	506
0	547
0	553
0	347
0	481
0	515
0	515
0	333
0	186
0	344
10	333
0	295
0	231
0	237
0	276
0	228
0	234
0	321
1	277
48	398
0	297
0	294
0	275
0	282
0	250
0	303
1	343
1	346
0	172
0	221
1	305
0	343
0	125
0	349
0	303
0	327
0	209
0	295
0	219
0	307
0	337
0	264
0	289
0	163
0	292
0	233
0	317
0	171
0	291
0	282
0	245
4	229
0	300
0	78
0	310
0	200
0	298
0	288
0	272
0	244
0	186
0	46
0	41
0	29
0	48
0	25
0	59
0	57
0	23
1	27
4	4
0	5
0	21
0	2
0	0
0	0
0	0
0	0
0	0
0	0
0	16
0	17
0	16
0	17
683	0
0	0
0	0
0	0
0	0
0	0
0	0
0	3337
6	23
8	857
0	1356
0	285
2	1524
0	3297
0	3321
0	3319
26	1362
3	3308
0	3325
0	1526
0	718
0	1171
1	3287
8	1446
1	303
7	122
2	229
5	1455
0	260
0	93
6	216
37	821
0	213
1	110
0	1718
13	1543
0	109
0	159
290	344
0	256
1	179
1	34
0	365
0	865
1	875
0	499
0	628
0	674
1	861
1	629
5	221
0	39
6	50
0	27
1	3
0	93
2143	4323
8	667
70	65
0	324
3	260
0	1026
11	3006
1	1839
1	14
0	4152
0	4158
0	2940
0	2901
0	2529
0	4259
0	2497
0	2282
0	2175
0	2187
251	1688
1	634
92	644
2	506
0	537
1	533
6	382
0	785
0	787
0	72
37	214
2	8
0	21
3	209
40	39
0	384
0	167
0	228
19	169
0	2
0	2
0	1
0	1
0	0
0	0
0	1
0	0
0	0
0	48
614	234
0	31
2	120
0	148
0	60
0	53
0	92
0	62
0	417
0	152
0	261
0	416
1	113
1	94
0	80
0	175
0	156
3	417
0	147
0	252
0	48
0	48
1	92
0	110
0	137
0	262
0	114
0	221
0	363
0	274
2	38
2	104
0	98
0	64
2	43
0	18
4	137
145	1472
0	121
0	120
0	167
0	182
42	1140
0	211
0	210
0	203
0	114
0	103
1189	11
2	0
190	1970
6	558
25	652
0	230
0	1871
1	118
4	570
4	241
0	91
83	191
65	1299
19	1299
3	16
140	204
2	207
7	3
12	231
0	49
0	49
1	49
0	231
45	1134
2	1695
2	1596
0	1425
0	1388
0	117
11	711
0	875
0	227
0	90
7	132
3	74
0	141
38	141
0	14
12	281
0	244
2	260
4	46
0	0
2	176
0	56
0	0
40	521
0	452
1	47
0	27
0	520
0	27
1	50
0	447
0	11
0	22
0	38
0	50
0	289
0	123
0	2
0	43
0	0
0	2
0	4
0	1
0	2
0	4
0	2
1	5
0	5
0	1
0	4
0	5
0	1
0	0
0	0
0	0
0	0
0	0
0	2
0	0
0	1
1	2
0	0
0	1
0	0
0	0
0	0
0	0
0	0
0	1641
0	1181
1	1108
0	260
0	438
0	81
0	0
0	85
4	85
1	65
0	48
0	51
0	4
6	617
1	616
0	625
56	585
1	414
0	161
0	55
1128	489
1	405
3	426
3	134
0	58
0	0
0	2
0	2
1	2
0	1
0	1635
0	938
0	684
3	692
7	894
0	757
0	776
1	132
0	443
0	333
0	405
1	203
0	73
4	56
0	180
0	0
0	128
5	81
1	126
0	118
0	93
0	128
0	95
0	1444
9	78
0	78
56	234
9	251
3	169
0	474
1	472
1	74
0	29
0	43
2	11
2	23
3	28
1	0
0	2653
0	2549
0	2504
6	1139
5	1108
14	2199
0	90
6	154
0	186
0	6
0	260
0	214
1	64
0	121
0	476
0	102
0	93
0	112
0	133
0	106
1	93
2	85
0	47
0	848
0	979
1	371
0	619
0	648
0	500
0	293
0	406
1	398
0	275
1	20
2	132
0	58
0	51
0	47
0	0
0	1502
0	1503
0	225
0	138
2	185
0	231
0	112
0	361
0	321
2	29
16	2002
0	2087
6	2087
6	161
0	861
18	14858
0	408
0	2451
0	2489
0	3133
0	3655
0	3786
0	7607
0	4754
0	2002
0	409
0	2021
0	1200
0	3132
0	4656
0	4882
43	4573
0	7829
0	11551
0	6630
32	12464
6	7670
0	1243
0	2403
0	5353
30	1735
0	12343
59	786
3	4376
0	8031
2	3253
0	2040
11	1833
0	3274
0	33
0	0
1	11
1	11
0	201
1	26
0	149
0	27
0	203
0	28
0	161
1	342
0	346
46	389
0	365
0	391
0	264
0	378
0	203
0	221
0	181
2	98
0	7
4	34
0	60
8	41
0	56
0	10
0	10
0	29
0	36
0	23
0	3
6	1
0	0
0	0
0	0
0	314
0	16
0	258
0	294
0	304
0	311
0	252
0	53
0	132
0	72
0	62
5	137
0	23
0	62
97	2240
3	2240
0	91
1	105
0	542
0	466
1	521
0	475
0	473
0	468
0	38
1	22
0	78
0	87
0	265
0	48
0	179
0	64
0	55
0	44
0	23
0	39
0	0
0	511
2	1299
0	1205
0	1261
0	1073
9	1235
2	1291
1	145
1	77
0	99
1	643
15	483
0	421
0	150
0	102
0	107
0	104
0	77
0	92
0	2
0	3
0	4
0	2
0	4
0	5
0	2
0	1
0	2
0	0
0	4
0	636
7	667
0	510
0	74
0	2
0	2
0	1
0	1
0	1
0	0
0	0
0	0
0	29
0	91
1	101
0	19
0	5
0	9
0	8
0	12
2	389
1	488
0	767
1	348
30	25
0	62
0	59
0	44
0	22
0	20
0	24
1	29
3	13
0	10
0	0
1	0
0	0
0	0
0	0
10	38
0	15
2	11
0	18
8	24
2	21
6	6
0	1
0	4
21	226
0	430
8	493
0	445
1	471
0	56
3	378
0	145
0	64
0	67
0	73
0	12
0	50
2	56
0	56
0	6
0	20
0	8
0	6
1	0
0	488
0	57
0	582
0	346
0	29
0	109
0	16
3	16
4	36
9	152
0	449
7	365
0	438
2	311
5	317
15	13
2	19
0	33
0	8
0	100
0	105
81	167
1	0
1	0
0	319
2	87
2	153
2	188
0	625
0	694
0	52
0	91
0	570
0	32
2	103
0	244
14	0
0	434
0	104
0	366
2	501
26	469
0	498
30	468
0	0
0	0
0	0
0	0
0	0
0	0
0	0
0	0
0	0
0	356
0	17
0	19
0	0
0	6
0	18
24	81
0	223
0	28
0	36
0	36
0	195
0	23
0	148
0	252
0	0
1	7
1	33
1	22
0	330
18	31
0	36
0	36
0	79
0	159
6	111
20	116
1	139
0	0
0	0
0	0
0	0
0	0
0	0
1	0
0	0
0	0
0	0
0	0
2	6
0	6
0	1
0	1
1802	946
3	850
0	446
1	624
0	445
2	321
0	518
1	515
6	498
6	6512
2	8914
11	19756
0	20212
0	10905
8	4227
4	5544
0	3594
7	1269
0	11
0	1
0	1
0	1
0	2
0	1
0	1
0	0
1	232
0	261
1	244
0	11
1	51
0	25
0	18
3	8
0	9
0	3
0	8
1	9
0	1343
9	1343
0	1343
4	1343
3	1304
2	1257
0	1278
3	162
0	43
0	354
69	1377
0	1347
116	468
0	599
53	222
29	1390
0	1398
1	1334
4	464
1	739
0	528
0	195
1	190
0	190
1	157
1	202
175	202
0	138
1	89
0	151
6	1
0	41
2	45
4	142
0	6
0	37
0	409
0	420
0	409
0	384
0	58
1	1
0	326
0	395
0	61
0	0
0	3
0	78
0	90
0	430
0	14
0	8
0	165
0	344
0	72
0	79
0	119
0	24
0	75
0	88
0	125
0	419
0	0
0	0
0	0
0	0
0	0
0	0
0	0
0	0
0	0
0	0
0	0
0	0
408	1040
1	1011
73	376
0	406
0	268
0	787
0	136
0	62
0	66
1	108
4	136
1	132
0	129
0	97
1	0
43	1170
0	664
0	744
0	54
2	139
1	138
0	46
0	1149
5	302
1	10
3	376
19	562
0	482
0	255
4	86
0	13
0	16
0	17
0	15
0	14
0	1
0	14
0	4
0	1
0	17
0	3
0	4
1	15
0	11
0	0
1	0
0	93
9	175
0	167
0	170
0	17
0	175
293	327
0	231
1	0
1	1427
0	1488
1	733
1	134
0	0
0	0
0	483
0	216
0	63
5	21
0	160
2	104
0	221
1	127
0	156
0	82
0	172
0	353
1	21
8	158
7	109
0	20
0	4
1	4
19	172
0	27
263	185
0	61
0	31
0	22
21	22
30	22
0	1
0	822
0	602
3	892
0	472
0	300
0	189
2	191
0	34
0	27
0	1
0	14
0	18
0	31
0	34
5	26
0	1
0	13
0	9
0	17
0	107
0	120
2	80
1	3545
10	28
0	2451
2	190
0	298
3	19
0	56
0	139
0	41
1	37
1	95
0	98
0	3493
2	1692
0	1604
0	1703
0	1904
16	1651
59	1631
0	485
0	0
0	0
0	0
0	0
0	120
0	622
0	627
1	89
0	82
0	132
3	497
2	205
26	393
15	29
22	199
0	104
0	279
1	61
1	84
0	902
12	258
0	390
0	422
0	123
0	885
1	377
0	405
0	373
2	154
0	170
0	47
0	470
0	464
0	197
0	150
4	288
0	132
0	10
0	15
0	18
0	17
0	6
0	13
0	16
0	13
0	14
0	18
0	12
2	18
1	7
0	5
0	0
0	0
3	304
0	1189
1	823
4	1171
14	146
16	109
0	58
0	55
0	59
0	46
0	61
0	31
3	35
0	60
0	66
0	62
1	64
0	61
0	67
0	64
0	66
0	67
2	58
0	57
0	58
0	59
0	66
0	57
0	50
0	55
0	60
0	52
0	52
2	52
0	46
0	8
2	30
0	4
0	5
0	21
0	8
0	4
0	6
0	8
5	26
3	26
0	2
0	0
0	999
23	1004
0	264
0	96
0	90
0	118
0	36
0	78
0	54
0	31
1	7
13	0
0	834
3	661
33	748
2	732
0	371
2	340
2	396
16	2409
17	2349
0	189
0	81
0	119
0	174
0	142
0	160
1	134
4	145
7	90
12	1448
1	1166
4	24
0	24
0	0
0	6
2	998
0	936
3	801
0	418
0	22
1	74
0	73
0	59
0	5
0	163
1	199
0	213
0	6
2	27
0	15
1	40
1	17
2	10
1	10
0	4
0	3
35	1
0	21
0	21
0	21
0	21
0	15
0	3
0	7
0	1
0	5
0	0
0	4
0	4
1	4
0	4
0	0
0	0
3	3
0	3
0	117
1	564
0	576
34	163
6	46
1	311
1	540
0	584
5	40
0	65
0	143
0	1
0	3
0	3
2	3
0	0
0	312
1	337
0	233
0	175
11	0
1	0
0	0
0	0
0	0
0	0
0	0
0	1
0	0
0	1
0	1
0	1
0	1
0	1
0	1
108	236
1	154
3	142
8	136
3	99
62	131
138	533
1	35
0	480
0	391
0	364
11	571
0	571
0	129
0	0
0	0
0	0
3	147
0	1327
7	1108
4	261
0	1092
39	605
11	877
0	534
18	245
1	316
1	266
42	877
0	91
0	792
0	56
0	735
0	735
0	61
0	153
0	152
0	26
0	92
0	43
0	135
0	28
0	19
0	34
0	33
0	14
0	89
0	21
2	7
0	26
0	18
4	20
11	2
0	39
0	209
0	311
0	63
0	76
9	298
0	311
0	310
0	131
0	148
0	144
2	16
16	270
0	229
0	310
0	311
0	0
0	0
0	0
0	259
0	266
0	155
0	32
0	34
0	20
0	26
1	1
0	0
2	1
0	529
8	565
1	509
0	56
0	75
3	34
0	4
0	65
1	26
1	9
0	8
0	2
0	2
0	4
0	3
0	696
0	621
0	618
29	303
0	321
0	89
1430	3
0	0
0	0
0	0
0	0
0	0
0	0
0	0
0	0
0	0
0	0
0	0
0	0
104	3836
54	700
0	474
0	567
328	3673
2	114
10	229
0	263
37	1368
0	8
0	14
8	37
1	16
0	7
12	0
1	586
1	571
0	485
0	83
0	575
0	454
0	451
0	31
0	555
15	34
0	88
0	80
0	76
0	72
0	72
0	47
0	33
0	8
0	0
0	0
0	15
0	6
0	12
0	0
0	0
0	0
0	0
1	0
0	0
0	0
0	0
0	0
0	0
0	0
0	0
0	0
0	0
0	0
11	12
0	11
1	7
0	907
0	862
0	693
5	41
0	68
4	22
0	131
3	42
0	434
0	41
5	391
0	60
2	48
8	46
6	73
6	185
0	79
0	63
0	76
43	15
0	15
0	634
0	421
0	350
1	421
0	368
0	422
0	416
3	243
0	122
0	118
0	85
0	61
0	81
1	57
0	17
1	33
0	17
0	17
0	1
0	15
0	1
0	17
0	2
0	1
0	0
0	0
0	1
0	1
0	0
0	0
0	0
0	0
0	0
0	0
0	0
0	0
0	0
0	0
0	0
0	0
0	0
0	0
0	0
0	0
0	0
0	0
0	135
497	270
1	224
10	223
1	133
1	127
0	42
0	207
1	748
0	114
0	87
0	200
0	775
0	705
0	115
4	241
0	704
21	206
0	235
2	98
0	263
1	231
0	3
0	7
0	7
0	7
0	1
3	3
0	0
0	1
0	7
0	0
14	246
0	102
10	25
0	19
0	8
0	7
0	12
0	118
0	254
0	246
5	76
15	104
1	73
0	4
0	19
0	21
0	4
1	9
1	3
0	112
0	24
0	109
0	0
0	1
0	1
0	229
0	526
0	1883
0	894
1	413
4	58
9	20
3	197
1	276
1	287
1	178
0	85
0	1659
0	0
0	0
0	2
0	5
0	1
0	3
0	5
0	4
0	5
0	1
0	2
0	1
0	0
0	0
0	0
1	1
0	3
0	4
0	4
0	4
0	3
0	0
0	0
0	0
0	0
0	18
6	429
0	37
0	42
3	13
0	15
103	1811
3	1461
1	1262
1	455
1	642
0	1255
3	588
11	1469
13	2220
12	2184
0	820
5	220
0	94
0	128
0	78
0	222
1	188
0	141
0	156
2	32
0	0
0	96
0	767
0	20
0	21
1	17
0	11
0	18
0	11
0	0
0	0
1	1695
19	1695
1	1214
1	192
2	161
0	109
0	60
1	0
0	4
70	75
0	73
5	67
0	1
0	1
0	1
0	0
0	0
0	105
549	281
129	285
13	116
0	130
0	0
0	0
0	0
0	0
0	0
3	341
0	343
0	157
0	129
1	63
3	42
3	63
0	2
0	0
0	0
0	0
0	1
0	0
0	0
0	0
0	0
0	0
0	2
0	0
0	2
0	2
0	2
0	0
0	92
0	92
1	104
0	106
0	41
1	68
3	92
0	38
0	65
0	36
4	5
2	13
54	122
5	106
36	78
0	45
0	49
0	35
0	44
0	31
1	21
0	0
0	0
0	0
0	0
0	0
0	0
9	22
0	20
0	2
0	479
0	479
0	494
2	121
13	470
9	32
8	47
0	130
0	125
0	213
0	307
0	238
74	1441
8	818
8	307
0	237
1	1418
1	162
0	1009
9	1049
41	1
179	0
0	1018
0	1095
6	1049
0	594
24	755
0	538
4	339
0	592
0	507
11	131
55	305
3	453
0	152
14	1
0	343
0	288
0	343
0	263
0	7
0	9
0	27
0	11
0	17
0	31
0	53
0	18
0	0
1	46
2	981
97	1009
0	1009
0	641
5	926
0	92
1	166
0	1202
1	1205
0	1255
0	728
2	254
0	844
0	839
1	749
1	173
0	152
0	112
4	1254
0	0
27	0
0	0
0	0
0	0
0	0
0	0
0	0
0	0
0	0
0	0
0	0
0	0
0	230
266	1516
3	3
1	1291
14	41
0	222
3	413
0	411
25	455
0	444
0	466
0	452
0	431
0	443
0	444
0	346
0	393
0	313
6	223
0	79
0	69
1	155
0	171
0	71
0	103
19	111
0	95
0	88
0	107
0	78
0	90
0	41
0	110
0	68
0	0
0	0
0	0
0	0
0	0
0	0
0	0
0	0
0	0
0	0
11	318
0	188
0	1
49	280
142	313
0	1293
0	1365
3	84
0	1294
1	1242
0	1368
1	69
233	324
1	253
1	254
1	45
0	0
0	0
0	0
0	0
0	0
0	0
0	0
0	0
0	0
2	682
0	193
0	607
0	105
0	492
1	372
2	196
0	2288
0	2282
0	2305
0	493
1	2148
6	2171
15	209
6	206
8	174
0	163
245	810
3	508
7	217
1	133
29	225
0	60
7	299
0	122
0	210
0	146
12	100
0	76
0	63
23	34
2	25
0	10
1	0
2	299
0	296
0	146
0	298
0	14
0	21
0	24
0	20
0	15
0	14
0	337
0	15
0	337
0	14
0	162
0	146
0	17
0	80
0	19
2	17
29	90
0	6
2	9
0	26
2	11
0	4
0	337
0	360
0	360
0	347
0	272
0	182
0	175
2	116
0	46
0	46
0	34
0	30
0	30
1	22
0	14
0	2
43	1088
0	95
1	531
0	1138
105	1154
5	98
0	27
14	102
0	136
9	11
0	1
1	1
0	0
0	0
0	0
0	0
0	0
0	1
0	0
14	242
0	3583
0	296
0	357
4	3278
0	3119
0	312
7	3482
26	434
11	331
5	305
0	768
0	1
0	1
0	1
20	395
341	366
2	196
0	69
0	171
2	170
1	472
0	51
0	122
0	119
0	385
0	122
0	58
0	122
0	126
0	86
0	31
0	2
0	1
0	1
0	1
0	1
0	1
0	1
0	1
0	0
0	0
0	640
4	642
3	646
0	641
2	8
5	360
42	390
2	367
1	373
0	327
2	53
0	27
9	33
2	69
13	91
1	17
5	18
1	18
0	30
0	29
0	1217
223	1331
8	364
0	242
20	363
0	164
8	77
0	24
0	24
2	8
0	1
0	115
0	35
0	2
0	1
0	1
1	115
0	0
7	381
1	661
291	675
0	727
4	601
0	314
0	451
0	78
0	241
0	208
4	79
1	111
3	85
0	40
0	33
0	56
0	61
0	61
0	85
1	61
0	43
0	44
1	47
0	49
0	49
1	85
9	53
0	7
0	0
0	512
0	463
0	66
0	728
0	7
3	711
0	391
0	0
0	0
0	0
0	0
0	0
0	0
0	0
0	0
0	0
0	0
0	456
0	26
0	1436
0	724
0	132
0	133
2	347
0	348
0	346
0	16
0	31
0	343
0	0
0	0
0	0
0	0
0	0
0	0
0	0
0	0
0	1265
0	1285
0	1337
0	1290
0	1284
17	1293
0	1261
0	798
0	1258
0	1120
0	676
0	939
0	874
0	818
3	139
1	301
74	32
24	33
1	368
0	1071
0	1045
0	136
0	371
0	12
0	293
0	371
0	337
0	1089
0	307
0	1081
0	1081
0	455
0	447
0	421
0	120
0	361
0	325
0	72
3	57
1	16
0	90
4	849
13	173
3	713
0	203
2	620
2	593
0	255
1	56
0	77
3	712
56	984
0	66
0	54
0	112
0	46
0	70
0	54
1	488
2	31
68	0
0	375
0	363
0	139
21	501
0	501
2	150
0	47
0	33
3	29
4	25
1	150
1	538
0	548
3	38
1	34
7	25
0	41
0	28
6	32
0	22
6	99
0	18
2	63
2	91
0	13
1	27
0	245
0	0
0	149
0	0
0	0
0	420
1	169
0	402
1	33
2	84
0	56
0	98
0	32
1	82
0	3
5	3
0	0
0	0
0	0
374	72
1	72
0	50
0	71
0	272
35	272
0	110
0	90
137	71
5	1
3	1527
8	1521
2	1455
0	1382
1	1472
2	1102
1	1552
4	956
0	1449
0	1455
1	1417
0	1427
0	1060
0	429
46	485
0	324
1	79
2	0
6	289
0	56
0	50
1	29
0	12
4	275
2	2
0	2
0	0
0	0
0	0
0	103
0	101
0	104
0	83
0	94
4	66
0	6
13	26
0	21
5	4
0	8
4	68
0	77
5	50
2	72
3	1
0	29
1	126
35	89
0	12
1	56
0	52
2	40
34	91
0	4
0	32
0	5
0	32
0	4
0	0
2	4
10	71
0	71
0	71
0	724
17	631
1	631
0	224
0	561
0	607
1	279
0	311
0	321
0	437
0	438
1	146
0	427
0	734
4	727
0	47
0	38
0	301
0	146
0	266
0	194
0	89
2	127
0	124
4	136
0	617
0	214
1	213
0	229
74	0
0	10
0	0
0	0
0	0
0	905
8	893
0	906
0	886
0	334
0	95
0	11
3	40
0	0
0	0
0	0
0	285
26	210
6	174
6	246
7	83
0	178
0	12
0	10
0	12
0	0
0	0
0	0
0	0
0	9
0	0
0	9
0	0
0	313
11	225
0	225
0	13
1	651
1	585
32	425
0	653
0	665
0	39
0	20
0	0
0	0
0	0
0	0
0	0
0	0
0	321
0	212
0	6
0	26
0	15
0	25
0	16
0	40
0	30
0	55
0	0
344	79
2	73
0	0
0	0
0	0
0	0
0	64
0	72
0	78
0	69
12	33
0	31
0	1
0	11
0	48
0	113
0	3
0	13
2	27
22	113
0	0
0	0
0	0
0	0
0	0
0	0
0	0
0	0
0	0
0	0
0	2778
0	2742
0	1729
0	408
1	608
0	969
0	821
0	1058
19	124
0	271
8	299
0	273
0	272
0	261
1	244
5	242
0	220
0	161
1	70
0	49
0	48
0	0
0	49
0	14
0	31
0	11
0	47
0	11
0	17
2	9
4	46
0	18
0	44
0	2
0	11
0	5
0	5
0	13
0	5
0	457
0	463
0	470
1	24
7	6
0	88
6	0
0	454
0	423
3	432
0	432
0	465
0	0
0	0
0	0
0	0
0	0
0	0
0	0
0	0
0	0
0	0
0	0
0	0
0	0
0	0
0	0
0	0
0	293
0	903
15	901
0	86
0	55
0	67
0	60
0	49
0	45
1	22
0	120
0	41
2	96
16	50
0	130
0	19
2	75
0	3
0	11
1	5
0	4
0	3
2	7
1	6
1	37
0	0
12	4
4	779
1	765
0	709
0	490
0	70
9	47
0	242
0	34
0	14
0	14
0	10
0	8
0	2
1	0
0	5
0	1
1	60
2	60
5	60
0	8
0	0
0	0
0	0
0	0
0	6476
0	10769
1	8245
27	10790
0	10678
8	5744
13	3511
0	8019
11	10356
3	3004
3	6562
65	6459
19	5838
16	2607
244	271
0	271
0	0
0	27
0	46
0	74
0	76
0	69
0	78
0	75
0	74
0	75
0	18
0	12
0	0
0	0
0	72
0	491
1	522
0	519
0	35
0	78
0	50
0	427
0	90
0	37
0	25
1	85
0	151
0	161
0	140
0	69
0	38
0	7
0	7
0	6
0	4
0	0
0	0
10	930
0	258
0	225
1	49
0	695
62	523
2	206
0	131
0	135
1	295
1	143
15	248
1	21
0	141
283	5495
0	14063
2	12681
0	12243
5	12674
0	8359
299	4538
1	12329
0	9092
4	8968
0	8279
116	843
0	7737
0	192
44	482
0	4219
4	2663
2	1801
0	2423
0	2372
0	2154
7	1876
0	935
0	411
3	16
1	845
0	841
10	645
0	856
19	856
0	838
0	488
0	66
8	78
0	26
0	12
0	15
0	830
0	1
0	1
0	1
0	1
0	1
0	1
0	1
0	1
0	1
0	1
0	1
0	1
1	5
0	5
0	5
0	2
0	2
0	2
0	2
0	2
3	1138
0	186
0	1201
0	1148
0	1099
1	366
0	948
0	735
0	1230
0	907
0	738
0	742
12	19
1	27
1	27
0	338
0	159
0	144
2	3
2	1194
0	1061
0	1427
0	1356
0	1253
2	1253
0	1175
0	1323
0	821
0	359
1	411
0	462
1	393
0	210
3	151
0	245
0	178
0	112
0	3
0	174
0	173
0	168
1	67
0	94
0	23
1	23
0	0
0	0
0	0
0	0
0	1340
0	335
5	302
0	316
78	346
0	274
0	258
0	264
0	136
0	302
0	0
0	0
0	31
0	3
0	3
0	11
0	2
0	76
0	76
0	0
0	2
0	4391
0	4427
5	4337
0	196
1	183
1	213
0	120
0	82
0	165
0	151
13	280
0	484
0	475
0	190
0	76
0	59
0	41
0	6
0	484
9	484
0	0
0	0
0	0
0	63
0	63
2	18
0	44
0	42
0	44
0	7
0	41
0	768
0	357
0	207
0	314
5	232
0	62
4	0
0	136
0	176
7	122
0	101
0	635
12	98
2	93
0	26
5	92
0	264
0	187
0	258
0	262
0	78
0	94
0	6
0	7
0	80
0	79
0	70
0	63
0	83
0	75
0	57
0	0
0	3
0	13
0	14
0	9
0	0
0	263
0	264
0	11
1	155
176	155
0	0
0	2
0	2
0	1
0	1
0	2
0	1
12	0
151	0
0	0
0	0
1	0
15	270
0	278
0	228
0	195
2	171
0	0
0	0
0	273
1	697
1	697
2	137
1	139
0	63
2	94
0	208
0	151
0	148
32	33
0	0
0	33
1	0
0	75
0	51
5	486
15	408
7	6
72	495
4	317
4	139
0	18
0	2
0	2
54	119
0	317
0	0
0	0
1	586
0	750
21	750
0	2
1	64
0	17
0	1
2	13
0	13
1	6
0	48
0	44
2	48
1	1
0	0
0	0
0	0
0	0
8	272
0	381
1	129
0	250
0	88
0	330
0	60
5	51
0	229
0	75
4	120
0	57
0	1
0	92
0	78
2	92
0	14
0	15
0	18
2	10
0	1
0	0
0	1175
0	557
0	1214
2	4
0	147
0	25
5	18
4	54
6	1152
0	1175
10	1739
1	27
0	602
3	1272
0	1623
2	1302
0	1576
0	907
1	1018
0	410
13	507
0	817
1	88
8	21
0	49
0	867
0	143
3	84
1	563
0	198
0	64
0	113
0	224
1	166
2	156
0	204
3	28
0	1
1	1
0	1
0	1
1	11
0	368
1	208
0	1278
12	1280
12	855
3	203
1	51
2	139
6	50
0	1291
0	334
0	80
0	70
0	12
2	71
0	344
0	49
0	119
0	304
0	73
0	51
0	86
0	145
0	138
0	175
2	68
0	22
2	61
16	78
0	40
1	24
2	0
9	5
3	26
0	41
0	130
4	913
0	753
0	663
65	748
0	898
1	249
0	682
0	627
0	703
0	815
140	203
0	844
0	266
0	216
0	496
0	51
0	16
18	6
20	152
0	169
17	208
0	93
188	147
0	72
8	128
3	10
0	15
9	5
0	357
0	357
1	245
0	161
26	84
1	62
0	46
37	476
180	970
5	750
8	749
2	507
0	220
2	205
41	1046
0	1101
0	1101
4	725
0	108
0	930
2	943
5	108
4	75
0	131
0	239
0	315
0	205
0	178
0	129
0	119
22	193
0	185
0	111
0	112
0	123
0	19
0	16
0	29
0	3
0	14
0	37
1	51
0	53
0	49
0	52
0	44
0	29
0	0
0	0
0	0
0	0
0	0
0	0
0	0
0	0
0	1
0	1
0	1
17	1034
0	1032
0	403
0	518
0	343
1	180
1	0
11	16
0	8
0	1
1	3
0	3
0	1
0	3
0	1
0	0
0	0
0	1
0	11
0	0
0	0
0	183
0	191
0	109
4	103
0	119
0	127
11	38
710	637
0	590
0	151
12	123
0	111
6	48
1	133
0	58
0	177
0	180
0	54
0	1
0	0
0	507
0	21
3	362
1	1
0	1
0	1
0	1
1	0
0	36
0	172
0	15
3	74
0	139
6	504
5	180
1	62
0	163
0	221
0	128
0	8
670	31
0	31
2	27
0	2
0	2
0	1
0	1
0	6
0	26
0	0
0	7
0	3
0	3
0	50
0	52
0	53
0	33
0	35
0	26
0	44
2	0
0	52
0	6
0	26
0	26
0	26
0	4
0	0
0	29
0	23
0	2
0	0
0	0
6	0
2	391
1	2325
391	2466
0	2335
2	2111
85	2497
0	1911
0	1919
0	2386
0	327
30	563
4	144
0	144
0	182
11	366
0	394
5	237
2	221
1	343
0	147
1	92
0	146
0	177
7	2338
10	2317
5	2074
0	2060
0	2257
0	409
2	161
0	402
7	103
0	445
0	347
0	1659
0	214
0	630
0	511
67	776
0	39
0	266
0	291
0	2002
0	1487
1	694
0	274
0	812
0	1911
0	1499
2	300
0	501
0	540
0	1026
4	92
10	272
3	542
9	1876
0	1900
0	69
146	936
0	1450
0	386
10	234
0	82
0	33
0	340
1	143
1	36
0	107
0	31
0	44
13	41
0	0
30	167
0	167
1	1
0	4
0	4
0	3
0	1
0	0
0	0
0	0
0	0
0	0
0	2
0	0
0	2
0	1
0	0
0	2
1	0
0	0
0	0
0	0
0	216
0	15
0	217
0	194
0	16
2	10
0	24
0	29
0	18
0	31
0	38
0	34
0	16
17	438
0	671
193	469
0	2961
0	749
46	2297
1	258
1	542
27	542
0	977
0	2837
0	2847
0	100
16	281
1	1064
0	137
0	86
1	1031
0	1071
1	178
0	139
12	295
32	676
1	113
3	193
1	376
0	50
0	2
0	4
0	3
0	3
0	0
0	0
0	4
0	0
0	0
0	0
0	0
0	0
0	0
0	0
0	0
0	0
0	0
0	0
0	121
0	123
2	123
0	127
2	33
0	22
11	48
5	48
240	44
3	43
4	61
0	97
0	67
0	81
0	10
0	68
55	73
6	73
0	423
0	0
0	0
0	0
419	141
4	63
2	0
0	18
0	16
0	44
4	0
44	238
1	204
0	40
0	47
0	45
0	22
0	1
0	13
0	0
0	0
0	0
0	0
0	0
0	0
0	0
0	0
0	0
423	0
0	9
0	7
0	9
0	9
0	9
0	9
0	9
0	6
0	6
0	6
0	1
1	3
0	1
0	1
0	1
0	0
0	0
0	0
0	0
0	0
0	1
1	129
0	4
0	0
0	128
0	22
0	18
0	216
294	366
0	123
0	166
0	5
0	271
3	7232
249	5898
0	6522
0	5104
2	1062
0	726
3	1761
0	491
0	1015
0	1040
1	5554
40	6113
0	4840
0	5706
0	746
0	836
0	1073
0	1496
0	818
0	499
1	466
2	417
71	1354
13	2222
1	5
0	0
0	0
46	78
0	76
0	9
0	65
0	4
0	41
0	13
0	6
0	6
0	2
0	0
0	0
0	0
0	0
0	0
0	0
0	0
0	0
0	0
0	0
0	0
0	0
0	0
0	122
0	0
0	0
0	0
0	0
0	0
0	0
0	0
0	0
0	0
0	0
0	0
0	0
0	0
167	59
0	59
0	7
0	5
0	2
0	2
0	1
0	0
0	0
29	348
0	348
0	2
0	2
0	2
0	145
0	135
0	145
0	79
0	47
0	28
0	13
0	25
0	14
0	25
0	7
0	24
0	22
0	11
0	10
0	10
0	10
0	8
0	6
0	5
0	5
0	0
0	145
0	0
0	3
0	9
0	63
0	9
0	63
0	9
0	12
0	11
0	7
1	5
0	9
0	68
30	0
0	3
756	617
1	126
3	584
1	581
15	557
0	420
0	31
0	87
0	85
0	45
1	215
0	0
0	0
7	1378
0	1402
9	268
2	138
6	142
0	106
2	303
3	308
0	71
0	74
1	85
0	9
0	84
0	80
1	33
1	19
0	0
0	0
0	0
0	0
0	0
0	0
0	0
0	0
1	0
3	248
1	252
0	173
0	3
0	169
0	169
11	0
0	182
3	2
0	4
0	0
0	0
0	0
0	0
0	0
0	0
0	0
0	0
0	0
0	0
0	0
0	0
0	0
0	0
0	0
0	0
1	2
0	2
0	2
28	4
0	4
1	1
0	1
0	1
0	0
0	0
0	0
0	0
0	5
0	4
0	4
0	1
0	0
0	0
0	0
0	0
0	0
0	0
0	12
0	12
0	0
1	12
0	8
0	0
0	147
353	153
7	6
0	73
5	13
0	14
11	1912
1	310
0	1818
2	1735
2	1635
0	2567
0	2477
0	2574
0	2572
0	2648
0	2577
0	2578
0	2534
0	2537
0	2520
0	2648
0	2522
0	2612
0	2526
0	2647
0	2637
0	2480
0	2202
0	2074
8	1003
8	1071
0	1793
10	2068
0	1902
0	2045
1	2078
0	1705
13	1442
0	1776
0	876
0	1550
0	1744
0	1591
0	1639
2	1592
0	243
0	307
0	1033
0	556
0	873
3	1003
0	432
0	514
1	43
0	371
0	186
0	412
0	413
0	185
2	103
8	34
0	248
0	44
0	69
0	250
0	55
0	32
33	238
1	20
1	25
0	22
0	13
0	0
1	0
0	0
0	0
0	0
0	0
0	0
0	0
0	0
0	0
0	0
0	0
0	0
0	0
0	0
0	0
0	0
0	0
0	0
0	0
0	0
0	0
0	0
0	0
0	5
1	5
0	5
0	0
0	1
0	0
0	0
0	0
0	0
0	0
0	0
0	0
0	0
0	31
0	46
0	61
1	1202
6	1202
0	1201
0	1200
0	49
0	1202
1	111
1	90
0	26
0	297
0	0
0	218
0	297
1	0
4	10
1	11
0	6
0	118
0	0
0	7
0	20
0	12
5	6
0	33
0	0
0	0
0	0
0	0
0	0
3	57
0	40
0	3
5	37
1	5
0	23
0	7
0	18
18	184
40	551
0	347
7	75
3	414
4	116
0	0
0	0
0	0
0	0
0	0
0	0
0	0
0	0
0	1
0	1
0	1
0	1
0	0
39	242
1	43
1	0
3	44
0	278
0	55
0	33
0	61
0	43
0	77
0	282
1	218
7	226
0	256
33	376
0	4
0	22
0	22
0	16
0	363
0	19
0	39
0	32
0	10
0	21
0	22
0	361
0	2
0	13
0	15
0	1
10	341
0	12
0	14
0	21
0	1
0	25
0	20
0	361
0	22
0	22
3	45
0	364
0	21
0	104
6	1
0	13
0	19
0	17
0	11
0	108
0	112
0	349
0	341
0	351
0	16
1	25
0	32
0	7
2	20
0	34
0	36
1	208
0	28
1	43
0	38
0	46
3	6
2	3
0	273
7	260
22	376
0	764
0	733
22	603
0	311
0	314
0	224
0	259
0	315
0	316
0	231
0	136
0	237
0	248
0	163
0	226
0	224
1	228
0	149
0	52
0	63
31	73
0	116
27	5
7	4
0	0
2	1138
0	1135
21	896
0	123
0	482
0	397
0	0
0	183
0	181
0	244
1	90
2	29
0	27
0	29
1	23
0	22
0	0
1	157
0	440
0	668
1	182
0	6
0	6
0	6
0	6
0	0
0	0
637	935
18	923
0	882
0	175
0	436
1	696
0	637
0	692
0	878
2	769
11	880
0	658
0	92
0	304
0	746
0	139
0	39
0	646
0	180
0	679
0	167
0	604
2	565
0	39
0	57
11	2071
560	2791
0	929
0	867
0	587
0	259
1	1361
0	778
2	125
4	127
18	69
0	162
8	64
0	81
0	74
1	68
1	50
1	53
1	41
3	7
0	6
0	86
0	103
0	89
1	102
0	101
0	93
0	90
0	90
0	114
2	538
0	516
0	126
0	197
0	89
0	374
0	763
0	313
9	1076
0	57
1	74
0	89
0	367
0	1030
0	875
4	585
0	404
0	470
7	79
1	101
21	78
2	125
0	70
10	44
0	0
0	0
0	19
108	14
2	16
0	6
0	0
1	2
0	1
1824	777
41	600
0	488
0	605
0	215
0	741
0	88
0	112
0	184
1	176
3	137
0	178
0	93
0	62
4	0
0	14
0	592
0	282
0	45
4	131
0	295
0	648
1	178
0	342
0	416
0	75
22	320
0	241
11	209
3	77
8	97
0	198
1	114
0	70
1	13
44	132
0	52
0	67
0	45
0	0
0	0
0	0
0	3
0	3
0	2
0	2
3	10
0	153
10	153
0	1764
0	80
0	1159
8	64
0	739
0	1801
0	1433
0	1797
0	24
0	4
0	2
0	147
7	44
0	54
0	21
140	106
3	61
1	63
0	2
0	1
0	2
0	0
0	1
0	901
0	468
51	283
5	583
4	366
16	339
0	324
0	83
0	46
3	28
0	890
0	345
0	0
9	0
0	0
63	2828
12	1141
10	660
1	400
5	251
0	316
8	205
1	152
2	25
0	196
18	28
0	2828
47	279
0	147
2	160
0	122
0	135
0	140
0	122
0	8
0	4
101	21
5	1
2	6
0	792
0	857
11	662
2	65
0	928
0	472
0	952
0	48
0	973
0	54
0	949
2	760
0	887
0	527
0	95
0	490
0	77
5	897
2	777
0	7
2	7
0	2
0	77
0	1554
2	250
15	1632
0	924
4	130
0	95
0	80
2	122
2	777
4	1
0	178
1	774
0	4
3	1371
0	46
0	0
0	1367
0	740
0	801
0	128
0	222
0	236
0	1344
0	131
0	1314
0	717
1	102
6	49
0	27
0	49
1	18
2	251
0	493
0	592
0	292
27	211
6	370
0	390
25	207
15	435
0	346
3	198
0	378
0	229
0	126
0	212
0	178
0	46
0	0
66	75
0	78
2	76
7	63
0	7
0	10
0	19
8	37
1	14
34	21
0	10
0	2
0	1
0	1
0	0
0	1
2	4009
0	4009
0	3897
0	761
0	683
2	4011
1	4056
2	4009
0	34
930	560
23	122
2	418
0	0
0	0
0	0
0	0
0	0
0	0
0	0
0	0
426	760
6	681
0	655
0	14
1	66
235	689
0	650
57	604
1	639
12	284
0	219
0	190
0	146
0	146
0	123
0	123
1	67
0	88
0	89
6	73
1	41
0	58
2	9
0	54
4	52
0	6
0	1
0	0
0	641
0	268
0	155
0	185
1	163
9	31
3	28
0	19
0	24
0	15
0	646
1	159
9	152
3	89
2	143
0	13
0	1
0	567
62	675
0	221
1	33
0	117
0	517
0	543
3	590
0	85
0	74
0	27
4	578
61	578
0	2
16	20
0	25
0	15
0	10
0	5
5	6
0	6
0	1
0	0
0	3
0	2
0	1
0	6
0	6
0	6
2	6
1	2
0	0
1	0
0	445
0	681
80	698
0	679
0	665
0	667
0	478
0	510
0	508
0	522
0	346
0	350
0	349
0	502
0	277
3	293
0	306
0	304
0	374
3	135
1	334
0	167
0	172
0	317
1	288
1	25
0	30
825	1101
0	18
0	276
0	426
1	292
3	286
0	181
0	180
0	155
0	49
0	52
0	29
0	21
1	10
1	553
0	68
0	568
0	130
0	293
0	145
0	127
0	362
14	129
0	49
21	67
4	155
8	46
0	6077
0	750
0	6402
3	212
2	5674
0	5437
0	5814
1	4677
0	859
2	733
3	420
13	1222
56	1192
16	1463
0	126
0	128
0	0
0	0
0	0
0	0
0	0
0	0
0	0
94	187
0	187
0	220
0	223
0	179
0	129
0	49
4	44
0	14
0	10
0	1
0	2
0	1
0	1
0	1
0	44
0	5
0	1
0	6
0	6
0	6
0	0
0	1
0	1
0	1
0	1
0	1
0	1
0	1
0	1
0	1
0	1
0	1
0	1
0	1
0	1
0	0
0	1
0	1
0	1
0	6
0	1
0	6
0	6
0	6
0	0
0	0
0	0
0	0
0	0
0	0
0	0
0	0
0	0
0	0
0	0
0	0
0	0
0	0
0	0
0	186
3	258
0	278
6	57
0	18
1	0
1	151
3	140
0	31
0	18
70	58
1	35
8	1
0	181
0	187
0	227
0	193
0	219
0	214
0	199
0	187
0	196
0	201
42	87
0	204
2	62
0	85
222	133
0	28
0	93
0	17
1	123
0	16
0	259
0	95
0	62
0	113
1	151
5	289
0	229
0	262
0	22
0	22
0	31
0	28
0	19
0	23
0	29
0	26
0	29
0	15
0	16
0	19
0	29
0	27
0	29
0	28
0	27
0	28
0	28
0	22
0	6
0	28
0	19
0	28
0	29
0	28
0	36
0	26
0	27
0	27
0	28
0	15
0	29
0	15
0	18
0	27
0	16
0	20
0	25
0	18
0	30
0	30
0	31
0	27
0	25
0	16
0	21
0	4
0	12
0	3
0	11
0	15
0	20
0	11
0	8
0	9
0	5
0	4
0	960
0	2017
45	732
0	1841
0	1885
0	294
0	315
0	1151
568	3
0	3
2	315
1	2
1	222
0	201
0	6
0	28
0	207
0	22
1	737
9	344
2	65
0	203
0	156
0	140
5	104
0	134
0	737
0	655
0	671
77	50
1	49
0	1
0	1
0	1
0	0
0	0
0	0
0	0
0	0
0	412
32	1678
0	1860
0	89
1	1522
6	530
7	0
1	0
0	85
0	184
0	0
0	0
1	88
0	85
1	306
1	427
11	90
0	415
0	313
0	124
0	124
0	6
9	3
0	4
0	242
0	242
0	168
2	40
0	6
0	45
0	122
0	323
0	69
0	185
0	41
0	63
0	189
6	150
0	32
0	105
0	121
0	113
0	123
0	122
0	116
0	115
0	115
0	116
0	116
0	118
0	118
0	117
0	65
0	105
0	113
0	115
0	110
0	38
0	107
0	107
0	42
0	113
0	112
0	113
0	105
0	40
0	94
0	99
0	89
0	83
0	72
0	85
0	76
0	83
0	78
0	79
0	17
0	17
0	127
0	253
0	353
0	598
0	641
0	643
0	642
0	613
0	640
0	651
0	112
0	644
0	640
0	165
0	181
2	190
0	676
0	677
0	705
0	693
0	618
0	200
0	200
1	612
0	623
0	640
2	102
0	670
1	519
1	533
0	188
0	338
0	611
0	613
0	618
0	307
0	63
0	546
0	310
0	19
0	503
1	474
0	497
0	29
0	546
1	546
0	147
5	531
0	381
0	525
0	471
0	19
0	522
0	480
0	487
3	495
8	432
0	17
1	109
0	21
0	17
0	17
0	17
10	42
0	30
0	23
1345	271
1	262
0	4
13	12
0	0
0	0
0	1
1	1
0	15
33	31
3	16
0	449
0	422
0	445
0	454
0	477
0	467
0	433
0	32
0	26
0	9
0	11
17	72
0	1
0	42
0	653
0	8
0	205
0	31
0	653
0	644
6	3531
0	3080
0	4249
0	4250
0	4369
0	4368
0	4249
0	4033
0	4258
0	4370
1	4253
0	4123
0	4122
0	4107
0	4253
0	4242
1	4320
0	4333
0	4373
0	4257
0	4257
0	4257
1	4372
0	4258
0	4377
0	4256
0	4377
0	4377
0	4258
0	4258
1	4377
0	4242
0	4316
0	4003
2	4263
0	4309
0	3996
1	2733
0	2729
0	2763
0	2189
0	2189
0	1452
0	66
0	2
0	217
0	66
0	1
0	467
0	229
0	234
0	408
0	353
0	244
0	513
0	4
0	146
0	39
0	21
0	229
0	94
0	182
0	316
0	183
0	288
0	234
0	108
0	30
0	30
0	30
0	30
0	30
0	34
0	34
0	2
0	0
0	2
0	0
0	2
0	2
0	3
0	2
0	2
0	2
0	0
7	6
0	0
0	0
0	0
0	8
1	406
0	63
0	418
0	436
0	55
17	436
0	211
0	440
0	463
39	688
0	554
2	227
0	470
0	387
24	8
0	9
0	7
0	8
0	7
0	2
0	2
0	0
0	1
0	2
0	0
0	1
0	0
0	1
0	1
0	1
0	1
0	1
0	0
0	0
0	0
0	354
5	834
0	1865
0	1506
1	560
0	2602
0	2403
0	2625
0	29
0	47
0	366
0	2633
1	10
0	399
0	143
0	2541
0	5
0	82
0	62
0	1735
0	2455
0	1622
0	2586
0	0
0	1731
0	2587
0	1508
0	2030
0	2616
0	1207
0	107
0	0
0	1443
0	1592
1	1519
0	2265
0	2531
1	568
0	241
0	2290
1	1548
0	1521
0	17
0	190
0	1298
0	1958
0	1138
0	85
0	114
0	984
0	1108
0	1989
0	126
3	897
0	1628
0	790
5	753
22	269
3	197
0	196
1	195
0	195
0	195
0	195
0	195
0	195
0	194
0	88
0	95
0	47
0	31
1	1
1	5
0	3
1	2
0	2
0	0
0	0
0	0
0	0
0	196
0	198
0	196
0	3
0	3
0	3
0	5
0	5
0	1
0	5
0	5
0	4
0	2
0	0
0	0
0	1
0	1
0	0
0	0
0	1
0	1
0	1
0	0
0	0
0	0
0	131
0	129
4	129
0	129
0	23
0	24
3	10
0	361
0	479
0	336
0	18
0	17
0	64
54	514
0	23
0	67
0	287
41	45
54	201
15	67
0	47
0	898
0	158
3	168
0	211
0	907
0	154
0	165
0	190
0	73
0	107
0	62
0	30
0	57
0	740
106	521
0	354
0	498
2	374
4	465
0	200
1	137
3	109
21	151
16	109
154	4655
3	1039
0	4620
4	4557
0	256
3	18
6	664
3	197
2	152
42	2698
0	321
0	320
0	376
1	225
6	335
0	278
7	160
0	109
3	69
1	68
3	28
0	5
0	0
2	469
0	44
0	71
0	57
0	34
0	381
117	35
0	35
0	35
0	354
0	359
1	339
0	222
0	200
0	38
0	72
0	64
0	49
0	17
0	27
27	17
0	230
0	215
0	29
6	47
0	61
0	55
0	67
2	50
0	30
0	32
0	9
0	1
0	2
1	71
248	83
0	9
2	4
23	89
0	13
2	6
0	239
1	205
0	202
1	152
4	123
0	46
0	42
0	21
0	53
0	60
0	21
0	172
0	217
0	44
0	93
0	37
0	191
0	21
0	171
0	216
0	196
0	184
1	136
0	22
36	125
0	0
0	0
0	0
118	90
0	99
0	651
0	643
0	327
0	302
0	255
0	150
0	111
0	298
0	331
1	87
1	223
1	47
0	229
0	196
0	52
0	196
0	57
1	85
0	83
0	83
0	81
0	1634
0	21
0	71
0	1637
0	1634
0	1635
0	1638
3	58
0	82
1	1637
0	29
0	50
0	98
0	1
1	1297
0	85
0	3
0	92
0	10
0	3
0	48
0	93
63	249
0	250
5	243
3	188
1	188
0	84
0	46
0	39
3	388
0	264
0	294
0	301
0	295
0	229
0	11
0	313
0	293
0	71
0	2445
0	2453
0	2478
0	2299
211	7
0	7
0	566
0	524
1	88
9	257
1	64
4	176
0	33
0	21
29	1103
11	127
18	1000
2	339
0	275
1	172
0	497
0	1095
17	114
43	388
17	359
1	381
2	13
0	350
1	161
2	1015
0	308
0	248
0	399
1	908
1	301
0	307
0	328
1	167
0	304
3	236
10	131
0	267
1	192
925	268
0	127
0	112
4	92
0	31
0	65
0	52
0	43
0	11
22	117
4	505
0	601
14	370
0	359
1	355
1	468
0	6
0	0
0	0
0	0
0	0
4	11
0	707
0	140
0	317
0	745
0	649
0	201
0	310
41	552
0	16
0	178
4	506
0	15
0	50
0	3
0	62
0	21
0	71
0	46
0	62
0	65
0	66
0	69
0	62
0	68
0	69
0	68
0	40
0	43
0	24
0	23
0	46
1	69
1	18
4	50
0	50
0	788
18	787
0	780
0	819
0	237
0	565
0	595
4	587
0	529
1	134
0	107
1	80
0	90
0	62
10	125
0	60
0	65
0	55
0	557
0	698
0	429
39	494
2	477
0	360
2	158
0	181
0	14
60	243
0	87
0	155
3	122
0	161
25	1327
7	964
1	1234
0	1271
14	673
10	802
2	1080
0	912
11	225
0	259
0	336
2	165
0	125
3	90
0	352
1	378
2	146
0	216
0	194
0	188
0	130
0	808
6	743
0	808
0	689
8	473
6	149
14	221
3	195
3	70
0	101
36	30
141	144
2	38
0	60
0	58
0	55
0	52
0	26
1	23
0	9
0	14
0	75
1	78
4	25
1	18
0	19
1	0
2	1
5	3
0	0
0	8
0	8
0	5
0	0
0	0
0	1176
0	1181
45	384
0	238
0	239
0	1542
1	4240
7	1093
0	4222
2	794
14	431
0	481
18	539
48	1161
41	1095
46	783
0	442
219	2614
0	2566
0	2568
7	2208
1	971
4	570
14	96
2	1180
0	1012
1	776
0	1075
17	323
178	1027
1	578
1	344
2	198
0	169
0	304
2	155
0	36
0	247
1	394
0	28
0	178
0	216
0	397
3	136
0	30
1	6
0	59
0	361
1	27
0	70
0	147
0	54
0	0
0	167
0	17
0	77
0	24
0	135
0	134
0	44
0	76
0	89
0	41
0	19
0	74
0	52
0	49
0	25
0	42
0	23
0	27
0	23
0	20
0	20
0	6
0	15
0	14
0	9
0	15
0	24
0	9
0	6
0	0
0	0
0	0
0	2
0	0
0	8
0	2
0	0
0	29
0	1
0	23
0	0
0	0
0	0
0	23
0	95
0	66
0	55
4	95
0	31
0	22
0	15
0	44
0	19
0	35
0	15
0	25
0	2
0	18
0	28
0	21
0	12
0	9
0	9
0	12
9	243
0	184
0	18
0	91
0	90
1	242
0	10
0	97
0	102
0	3
0	3
0	0
0	3
0	0
0	2
0	0
0	0
0	0
0	0
0	0
0	0
0	1
0	147
0	279
1	277
0	285
1	245
1	220
1	57
2	24
663	97
2	97
62	2
14	43
9	62
0	53
0	68
1	192
1	155
1	126
0	160
0	151
0	134
0	35
0	42
30	260
0	0
0	0
0	0
0	0
0	205
0	210
4	210
0	119
0	0
0	0
20	978
566	1477
29	17
57	129
0	120
3	347
1	793
0	145
0	133
2	12
0	33
0	64
1	113
1	235
0	383
0	665
5	19
0	13
0	694
3	646
26	607
0	6
0	53
0	118
0	250
3	54
0	17
1	96
1	391
0	391
0	80
0	35
0	0
0	0
0	31
1	247
1	327
0	327
0	31
0	31
0	328
0	30
0	85
0	35
0	54
0	36
0	22
0	12
0	28
2	28
0	2
0	1
0	36
0	94
1	88
5	66
0	55
507	0
33	86
0	53
0	78
2	80
1	2
0	9
1	0
9	7
0	2936
2	2130
8	1714
1	1242
0	1492
0	1275
5	991
4	940
0	614
10	1505
0	118
0	235
0	107
0	13
0	7
0	52
0	46
0	221
0	228
0	171
0	168
0	93
0	63
0	32
0	14
4	52
6	8
0	15
0	10
0	25
0	27
0	25
1	0
0	5
0	3
0	0
0	0
0	0
0	0
0	0
0	0
0	0
13	5316
126	5314
0	314
5	449
0	456
1	38
1	1130
249	110
0	104
1	396
0	264
0	46
0	173
0	145
0	69
0	27
0	24
0	30
0	27
0	14
0	11
3	1
0	1191
2	1175
0	158
6	32
1	4
4	46
0	26
7	101
0	32
0	1
0	1
0	85
0	1883
14	182
0	1656
1	276
2	895
1	285
0	158
70	213
1	94
136	238
1	193
0	148
0	9
823	1607
0	1401
8	252
1	707
9	468
0	184
4	260
0	0
0	0
0	0
0	0
0	0
0	0
0	0
0	0
0	0
17	33
0	25
0	485
0	478
4	485
4	148
2	26
0	115
0	119
0	0
0	0
1	0
0	23
1	23
0	1
0	24
2	15
0	15
0	0
0	0
0	95
219	163
0	78
0	89
11	63
0	242
0	70
0	27
0	29
0	225
1	205
0	42
0	216
0	23
0	184
0	194
0	35
0	202
0	220
0	69
0	220
0	8
0	153
0	55
0	13
0	90
0	54
0	2
0	2
0	2
0	2
0	2
0	0
0	0
0	0
0	0
0	0
0	0
167	289
0	289
1	22
14	22
0	8
0	5
0	9
0	113
80	1281
0	1377
0	500
2	1218
2	54
0	76
0	97
1	80
0	102
0	42
0	18
0	12
0	192
0	64
0	98
0	27
0	28
5	184
4	55
0	7
0	6
0	17
4	3
0	57
7	110
0	60
0	191
0	95
7	108
4	36
8	22
58	732
0	698
1	170
25	68
0	143
0	375
6	93
13	98
0	266
9	206
0	172
1	98
11	619
0	548
2	529
1	403
0	404
0	470
0	349
0	267
11	233
17	200
84	436
0	209
0	45
1	78
2	41
0	192
1	49
0	119
0	64
330	0
0	0
0	0
0	0
0	0
0	0
0	0
0	0
0	16
0	10
0	11
0	8
0	5
0	2
0	3
0	3
0	1
0	274
0	261
1	97
4	199
0	271
0	269
0	219
0	210
0	14
2	69
0	54
1	23
5	39
0	39
3	20
0	5
0	1
0	1
0	0
0	0
0	0
0	0
0	0
0	0
0	0
0	0
0	0
0	0
0	0
0	0
2	0
0	131
0	159
0	101
0	26
2	24
0	30
1	60
8	33
0	41
1	48
0	40
0	12
0	10
0	10
0	166
0	57
18	166
0	36
0	174
0	175
14	169
3	166
4	22
1600	0
51	0
0	12
0	0
0	3
0	3
0	4
0	3
0	5
0	0
0	3
0	6
0	2
0	2
0	0
0	4
0	0
4	128
26	128
1	72
0	0
0	0
0	0
305	571
15	570
0	369
5	273
0	179
0	84
0	379
0	452
0	450
0	35
1	2
0	427
0	377
0	927
19	1
2	991
0	990
18	655
0	73
7	3
362	138
0	138
7	84
7	28
8	0
0	579
0	507
0	109
0	146
0	73
0	61
0	89
0	454
0	605
2	393
3	137
0	62
0	78
2	0
12	85
0	43
1	116
11	91
0	1
0	1
0	1
0	1
0	1
0	1
0	1
0	1
0	0
0	0
0	4
0	4
0	0
0	4
0	1
0	58
1	58
0	98
0	90
0	92
0	98
0	97
10	94
0	12
1	34
0	54
2	26
1	49
0	9
0	10
3	23
2	23
2	12
2	10
1	3
4	0
110	1544
4	1152
27	846
0	148
2	116
12	23
0	244
0	8
0	320
3	78
3	45
0	42
0	97
0	318
0	315
0	77
1	162
0	60
1	32
0	75
0	76
26	140
4	54
0	25
1	98
0	97
4	26
0	1
0	21
0	23
0	4
1	51
453	329
0	73
31	160
0	283
2	7
0	0
0	0
0	0
0	0
1	0
0	20
113	43
0	15
0	38
0	22
0	11
1	34
0	0
0	0
0	0
0	0
0	0
0	0
1	0
0	0
0	0
0	0
0	0
0	0
0	0
0	0
0	0
0	87
1	342
0	5686
0	259
3	249
0	288
0	597
0	682
4	797
2	2487
22	5954
0	6101
0	6083
682	5424
0	2293
0	5664
0	614
0	783
0	869
0	2304
0	2300
4	877
0	553
9	747
88	1089
0	549
0	1431
0	2
0	2
0	2
0	0
10	882
0	0
0	893
9	857
4	68
13	236
0	928
1	1
0	2
0	2
1	62
0	65
0	64
0	64
0	64
0	65
0	63
0	62
0	56
0	52
0	28
0	35
0	35
0	33
0	35
0	78
0	206
0	208
3	273
9	272
0	69
1	79
0	173
1	184
0	2380
4	561
0	2340
0	2322
21	19
0	1
0	1
1	26
0	5
0	5
0	0
0	2
0	5
0	4
2	2
0	1
1	15
6	281
3	10
1	274
0	25
2	7
1	259
2	1056
3	1042
0	77
0	36
0	79
0	51
0	49
0	6
0	96
0	815
0	30
0	28
2	57
0	821
0	5
2	9
0	17
0	59
1	20
0	23
0	800
0	25
21	858
0	62
0	0
0	0
0	792
0	599
3	785
0	714
0	789
148	633
4	262
2	122
0	60
0	151
5	53
0	109
0	25
0	17
0	1471
1	1492
10	229
1	1301
13	1447
3	82
0	570
13	104
0	657
6	606
1	499
0	183
0	244
4	176
0	488
0	440
1	334
7	8
0	5
0	5
0	5
313	0
0	499
2	183
21	489
3	229
1	261
19	294
1	478
0	367
1	90
0	70
1	421
0	32
1	44
45	25
4	20
0	29
2	26
2	71
0	103
0	28
2	50
0	12
0	12
0	2
1	2
0	14
0	0
0	1
0	1
0	0
0	25
0	26
0	26
0	5
0	1
0	3
0	6
0	11
0	1
0	0
1	1
0	2
51	18
0	9
0	5
0	2
0	10
0	0
0	1
0	1
0	0
0	0
0	0
0	0
0	31
0	45
0	43
0	29
0	18
0	5
0	13
0	0
1595	558
53	557
0	0
0	0
0	0
15	1844
177	1794
44	67
0	1037
0	1777
30	254
31	401
3	20
3	20
0	3
4	0
5	652
17	652
0	38
9	0
103	205
0	20
0	30
2	157
3	20
0	128
1	32
0	31
0	16
0	10
7	938
0	1016
9	224
0	663
0	584
3	1260
0	2989
0	1648
4	200
0	1651
0	3029
1	2212
15	1044
9	1704
1	0
13	3002
22	1488
0	1501
0	541
0	1245
0	541
2	264
9	99
14	1136
34	616
16	327
0	114
0	4965
122	5424
0	3426
2	3549
0	1871
0	2782
0	1114
1	3092
1	433
0	702
0	781
42	1917
4	1172
8	1920
0	1927
0	805
9	1065
0	598
0	811
0	470
7	309
1	302
16	48
1	131
0	44
0	117
0	132
8	106
0	81
0	93
1	89
0	58
0	92
0	39
0	34
0	24
0	102
0	121
0	23
3	74
10	27
0	33
0	19
0	121
0	28
0	61
0	15
12	54
81	326
1149	622
1	593
0	262
0	33
0	14
0	0
0	0
0	0
0	0
0	0
0	0
0	0
0	0
0	0
1562	0
0	0
0	0
0	0
0	0
0	0
0	0
0	0
0	0
0	0
0	4
0	4
22	45
11	52
132	50
3	61
0	82
0	84
0	79
0	6
0	32
0	38
0	26
0	12
0	12
0	10
0	13
0	10
0	4
0	12
0	9
0	11
0	10
0	11
0	7
0	1500
0	1428
7	222
1	161
102	1428
4	48
0	48
13	0
7	0
2	0
0	0
0	0
9	0
2	11
12	11
29	19
0	0
1	0
0	0
0	221
0	349
2	213
0	346
0	269
0	68
2	22
0	1
2	238
0	12
0	19
0	3
0	5
2	18
1	18
0	16
1	13
18	3
0	3
2	3
0	276
0	338
0	0
0	0
2	8594
0	8333
0	8600
0	8534
0	8527
0	8832
4	8524
0	8653
6	8349
0	8632
3	8151
3	7870
3	8294
216	7600
0	7979
0	352
7	6942
0	1114
0	6019
1	4126
0	4026
0	4047
1	920
0	0
0	0
0	0
0	0
2970	4
2	289
5	266
0	0
0	260
1	253
0	208
0	14
1	14
9	93
0	251
1	280
0	267
0	268
0	260
2	263
0	269
0	254
0	268
2	222
0	101
5	33
0	30
9	59
623	0
0	1054
0	1172
3	795
0	160
0	1106
0	199
2	97
1	918
0	269
4	232
2	269
0	192
6	88
0	82
2	45
19	0
13	5
0	0
0	0
0	0
0	0
0	0
0	0
0	668
0	775
0	726
0	670
0	670
0	686
0	2
4	2
0	0
0	1
0	1
0	1
0	0
0	1
0	0
0	0
0	0
0	3
0	3
0	0
0	0
0	0
0	0
0	0
0	0
0	0
0	106
10	328
0	331
0	467
1	322
24	430
14	55
20	385
20	49
0	1
0	0
0	0
0	0
5	474
0	468
1	279
2	308
0	190
2	203
0	173
0	142
0	311
3	262
79	1749
2	207
28	1585
0	0
0	0
0	0
0	0
0	0
0	0
0	0
0	0
0	0
0	0
0	0
0	0
0	0
0	0
0	1
0	0
0	0
0	1
0	3
0	3
1	0
0	0
1	0
818	0
0	2
0	2
0	4
0	4
0	3
0	3
0	0
0	3
5	123
107	615
0	46
2	553
0	24
0	54
0	0
0	0
0	0
0	74
0	469
0	785
0	1280
0	86
0	95
2	47
1	733
0	1367
0	831
0	48
0	79
0	96
0	668
0	99
0	645
0	65
0	76
1	85
0	164
10	197
1	111
0	106
0	2
0	2
0	0
0	0
0	0
0	0
0	0
0	0
0	5
0	51
2	6
0	51
0	15
0	2
2	1
0	6
0	2776
0	2771
0	37
0	2404
2	46
2	40
13	226
1	136
0	1389
0	1476
4	2255
0	2160
0	2362
0	2197
0	1459
1	2324
0	145
2	119
0	215
0	165
8	89
0	1011
0	183
2	283
15	1180
0	150
3	115
5	140
0	2
0	2
0	54
1	59
0	40
1	2
10	10
0	0
1	0
252	127
0	127
0	0
0	151
0	1
0	165
0	153
1	1
0	137
0	79
1	0
4	9
0	0
0	16
0	7
0	156
0	146
8	0
0	5
1	6
1	1
0	89
9	539
0	82
0	9
0	537
1	0
0	49
1	167
11	407
0	49
1	36
0	31
1	27
28	5
0	3
1	1
2	2
0	2
0	2
0	2
0	2
0	4
0	4
0	4
0	0
0	4
6	4400
2	511
0	510
62	4403
1	293
0	411
2	449
1	1212
0	316
2	443
2	359
64	291
19	218
0	218
0	23
0	25
1	14
0	24
393	325
3	217
3	200
2	14
2	172
0	324
3	36
0	3
0	3
0	2
0	2
0	0
0	1
0	1
0	1
0	676
0	749
1	720
0	635
3	716
0	739
1	699
3	729
0	728
0	722
0	720
0	740
0	716
0	103
0	640
0	27
0	39
0	14
0	22
0	178
0	588
3	12
0	560
0	41
1	25
0	496
0	472
0	10
5	29
1	27
1	387
0	30
0	349
0	310
2	27
1	265
0	243
0	235
0	224
0	170
0	38
4	0
1	1554
0	1690
1	142
0	355
14	801
1	136
118	941
0	615
0	259
52	690
0	699
0	221
9	596
0	362
0	393
5	606
1	26
0	87
0	62
0	42
2	48
1	36
2	22
0	87
0	417
0	1400
1	1246
0	274
0	216
0	1155
0	562
0	495
0	180
0	492
2	97
1	207
2	180
3	286
10	0
546	0
20	583
0	589
0	583
0	376
0	426
0	431
0	408
0	361
1	363
0	158
0	294
1	271
5	265
0	190
0	7
2	149
0	109
0	6
32	315
1	53
29	69
0	162
1	32
1	204
8	32
15	115
0	22
0	22
0	20
0	13
0	1
0	2
0	8
3	0
5	263
0	208
0	26
1	211
4	26
0	20
0	41
0	34
0	19
0	25
0	1
0	54
0	59
622	49
0	5
0	3
0	7
1	7
0	3
0	10
9	42
0	12
0	6
1	38
0	516
7	28
0	394
0	563
5	1
0	361
9	95
0	210
0	204
0	209
0	206
3	206
0	181
0	14
0	13
2	12
0	869
0	860
0	852
0	127
0	91
7	36
3	8
3	230
0	10
0	280
0	14
0	409
0	366
0	31
1	16
0	28
1	23
0	49
0	275
0	116
1	10
10	275
0	228
3	5
0	123
0	45
0	269
0	42
0	268
0	269
0	105
0	62
0	35
6	272
0	31
0	26
0	5
0	43
0	34
0	93
0	93
0	9
0	81
8	84
0	572
4	514
1	63
1	76
1	22
35	366
0	89
7	723
4	663
44	127
0	19
1	103
12	102
3	92
0	395
0	8366
2	7054
0	101
3	6261
0	7175
3	7955
14	5706
0	4848
0	4808
88	233
0	2311
8	2300
0	7010
0	4046
0	0
0	0
0	0
0	0
0	0
0	0
0	0
0	0
0	0
0	0
0	0
0	0
0	0
0	0
0	0
0	0
0	0
0	0
0	389
0	289
5	0
0	287
16	471
0	370
0	909
0	901
0	861
0	875
0	358
0	165
0	122
1	154
0	56
0	144
0	142
0	135
0	127
0	122
1	130
0	57
0	35
0	3
0	0
0	58
0	257
0	326
0	294
0	296
0	159
13	516
0	536
0	501
0	416
0	391
7	342
0	427
0	205
0	262
0	189
1	189
5	78
2	10
6	68
0	501
0	1
0	1
0	0
705	698
51	575
20	576
0	410
0	526
0	292
5	264
0	292
0	332
0	164
3	2
137	805
290	809
38	600
38	29
1	0
0	276
2	274
0	180
0	17
0	20
0	271
0	135
0	9
0	139
0	9
0	18
0	5
0	5
0	3
0	3
0	1
0	1
0	1
0	1
0	0
0	0
0	0
0	0
0	0
0	0
0	0
0	0
0	0
0	0
0	0
0	0
0	0
0	0
0	0
0	0
0	0
0	0
0	0
0	0
0	0
0	0
0	0
0	0
0	0
0	0
0	0
0	0
0	0
0	0
0	0
0	0
0	0
0	13
167	265
0	43
0	41
10	218
10	39
0	0
0	0
0	0
0	0
0	0
0	0
0	0
0	0
1	0
0	0
0	0
0	0
0	0
1032	576
15	576
2	123
13	52
52	1123
2	1101
0	1121
12	162
0	39
2	329
0	169
158	191
97	329
146	513
6	119
0	134
0	108
0	147
50	360
1	3
0	0
0	3
0	0
0	0
0	30
3	108
4	108
1	45
0	36
0	36
0	25
0	27
0	39
0	39
0	4
0	4
0	2
0	0
0	2
3	1
0	6
0	3
0	5
0	0
1	1015
60	1101
11	502
0	987
5	611
3	1055
6	618
2	1064
0	472
0	0
0	307
0	6
0	9
0	6
0	169
0	312
0	305
1	85
1	234
0	0
3	41
0	14
0	12
0	146
0	2
0	4
0	12
0	8
0	12
0	10
1	116
0	1
0	0
0	24
40	106
0	2
1	2
0	19
0	2
0	61
0	88
0	1309
10	3133
136	3723
12	3566
8	82
45	56
2	258
0	542
1	622
24	1856
2	239
0	342
369	119
0	116
11	7
0	0
11	307
0	296
0	145
0	208
0	37
106	15
0	15
1	330
0	153
0	330
7	330
0	284
0	276
0	253
0	275
6	47
14	80
17	126
0	69
0	64
1	73
0	25
0	23
3	5
0	2
0	438
0	63
0	51
0	48
0	33
0	35
2	14
0	28
0	13
0	23
0	12
0	10
39	0
0	1135
0	1127
0	1113
1	645
0	1122
0	1084
1	1123
0	1138
0	1129
4	477
0	738
0	1132
3	1125
0	1102
0	1125
0	1155
0	1131
0	1136
2	348
1	46
2	645
0	1122
0	18
1	734
0	566
0	630
0	649
43	132
7	332
0	377
0	147
2	70
263	430
42	232
0	343
3	315
0	62
6	299
2	210
1	83
0	96
0	2
0	3
0	44
2	44
0	2
0	2
0	3942
0	927
0	5331
3	101
1	253
0	6365
0	142
0	140
0	79
0	138
0	128
0	135
0	24
8	14
1	4
0	8
5	6
0	10
0	8
0	13
0	6
0	5
0	5
0	10
0	10
0	6
1422	0
0	0
0	0
0	0
0	0
0	0
0	0
0	0
0	0
0	0
0	0
0	0
0	0
0	0
0	0
0	0
0	0
0	0
0	0
0	0
0	0
0	0
0	0
0	0
0	0
0	0
0	0
0	0
0	0
0	0
0	0
0	0
0	0
0	1053
0	1034
0	1013
5	90
0	22
0	151
2	219
0	90
0	117
0	68
0	185
0	52
0	90
0	66
0	34
0	124
6	240
0	177
0	54
0	51
14	12
0	28
0	1896
9	2239
4	1387
0	262
2	3
0	46
0	260
25	589
0	81
0	586
2	124
0	410
1	33
18	226
0	155
0	70
0	131
14	151
0	135
0	149
0	14
0	5
0	3
0	28
0	21
0	9
0	4
0	88
0	36
0	86
1	93
0	31
0	915
18	2027
0	2010
0	883
6	140
1	95
0	65
0	59
73	1362
0	1083
0	253
0	21
0	269
0	160
0	157
1	80
0	42
0	0
0	0
1	1
0	245
0	243
0	34
1	1
0	228
1	4
1	5
0	50
0	204
0	177
11	18
0	1
0	1
0	0
0	1
0	1
0	139
257	1439
0	1401
0	1303
0	1262
0	6
0	9
0	16
30	21
0	1
0	20
0	11
0	1
0	14
0	1
0	16
0	21
0	2
0	18
0	7
0	3
0	3
0	1
0	3
4	3774
12	1790
2	3626
10	2613
3	3752
3	1266
1	803
1	3468
0	542
0	24
0	483
0	257
0	363
2	518
0	107
7	134
0	421
0	496
0	108
0	75
0	459
2	465
0	218
1	292
0	0
0	13
0	2
0	2
0	2
0	0
0	0
0	0
0	0
0	0
0	0
0	0
0	0
0	0
0	0
0	52
217	52
7	509
0	529
12	521
0	145
0	447
1	52
0	200
1	10
0	328
0	0
0	0
0	0
0	0
0	0
0	0
0	0
0	24
0	25
0	30
0	1
54	30
0	28
31	321
1	318
3	435
1	435
0	446
0	446
0	267
0	4
0	17
0	118
599	118
0	1
1	1
0	0
0	0
0	0
0	248
0	798
0	172
0	878
0	861
0	798
0	868
0	261
0	225
0	173
1	62
0	0
0	0
0	0
0	0
0	0
0	20
0	19
0	244
0	265
1	25
0	23
0	258
0	265
0	69
1	31
0	255
0	272
0	249
0	260
0	270
0	263
0	42
0	20
0	16
2	228
0	67
0	182
0	20
0	56
2	119
19	97
0	270
0	396
0	141
0	121
0	352
0	241
0	263
0	121
2	175
0	108
3	24
2	197
0	64
1	210
0	143
0	223
0	172
0	2
30	115
0	0
39	536
0	524
0	0
0	300
0	341
0	0
9	46
0	49
0	19
3	4
0	42
0	536
0	42
0	40
106	17
0	32
0	31
6	0
0	10
0	5
0	8
0	1
0	52
0	52
0	1
0	53
0	53
0	52
0	1
1	50
0	2
1	51
0	1
0	10
0	19
0	19
0	16
0	1
0	2
1	68
0	8
4	2019
0	2023
1	98
7	316
0	1154
0	60
0	542
5	425
0	1724
0	0
0	4
0	3
0	3
0	1
0	2
0	6
0	41
0	50
0	3
0	44
0	46
0	44
0	43
0	6
0	45
0	51
0	48
9	5
0	51
0	4
0	49
0	49
0	6
0	11
0	11
2	16
4	14
0	49
0	82
30	201
0	163
0	69
0	320
11	259
0	200
0	287
0	131
0	230
0	0
0	0
0	0
0	0
0	0
0	0
6	362
0	327
0	245
0	243
1	172
0	211
0	108
0	98
0	67
3	1
0	13
0	2
0	4
0	14
0	14
0	17
0	14
1	2
0	3
0	24
96	1380
86	449
2	1240
33	546
0	494
97	754
0	120
0	179
0	1029
0	1512
0	1503
1	646
0	1029
0	1028
0	1339
1	1503
19	1507
0	1425
0	1104
1	1224
0	93
1	1272
0	1231
0	606
4	6
1	36
1	30
0	107
0	10
0	531
0	325
0	480
0	332
0	310
0	86
0	122
0	115
0	116
0	11
0	10
0	13
0	6
0	112
0	112
0	7
1	111
0	11
1	39
3	31
0	9
0	14
0	347
2	363
0	334
0	430
1	623
0	405
14	1308
0	5621
0	6896
2	2466
0	1405
150	5450
0	371
1	429
0	6960
3	488
0	591
4	578
3	725
1	160
10	180
40	5649
12	177
6	383
4	370
14	348
1	709
0	83
0	107
0	309
59	1329
28	1290
0	771
38	50
0	1
0	0
0	1
0	0
5	26
0	26
0	18
0	20
0	3
1	3
0	107
0	204
2	25
0	24
0	18
0	13
1	20
0	9
361	1
2	35
0	34
0	27
0	19
0	16
0	10
143	0
9	1469
0	1758
9	110
4	217
0	259
0	259
4	167
0	39
1	25
5	1376
1	3087
308	2734
87	1671
5	608
0	2160
9	678
0	438
0	490
4	1101
7	16
1	1023
3	221
1	493
0	1088
2	837
0	457
0	182
1	155
2	273
0	267
0	164
1	120
3	121
0	4
0	1601
0	1706
0	1609
0	1600
0	1355
0	1600
0	1599
0	0
0	239
13	1148
0	1158
1	1113
0	1112
1	925
3	1017
0	614
0	673
0	555
0	342
2	113
1	74
0	94
7	61
0	60
8	1
0	0
0	1
0	0
1092	0
0	3
0	3
0	2
0	1
1	3
0	2
0	1
0	1
0	0
0	7
0	10
0	17
2	32
15	50
1	50
0	50
0	3
0	3
0	2
0	219
0	219
0	140
0	79
0	69
0	77
0	71
0	77
1	14
0	494
48	426
0	516
92	487
0	105
1	126
2	131
1	500
1	117
13	147
0	58
1	53
0	49
0	12
0	18
0	0
0	3
0	147
0	283
0	285
0	285
23	24
0	286
0	285
0	283
1	26
1	180
0	16
0	159
0	150
4	2
0	157
0	0
8	1
0	151
0	98
0	142
0	135
26	156
1	155
0	151
0	18
41	2102
0	615
0	2073
0	1834
0	1795
0	1233
1	2110
1	166
0	165
0	116
0	28
1	598
0	60
0	411
0	346
0	341
0	303
0	165
0	5
0	668
0	564
0	1
0	0
0	0
0	0
0	0
0	0
0	0
0	1346
9	1258
127	1288
0	209
0	1326
0	1203
0	1185
0	962
6	216
0	684
8	32
0	197
0	909
0	0
0	0
0	0
0	0
0	0
0	0
0	0
0	0
0	0
0	0
0	0
0	0
0	0
0	0
0	0
0	0
0	0
0	0
0	0
0	0
0	0
0	0
0	0
0	0
0	0
0	0
37	66
1	4
15	65
0	59
0	11
0	13
8	83
0	2
1	12
0	83
775	254
0	254
0	129
0	64
0	20
0	24
0	32
0	26
0	26
0	25
0	9
0	25
0	10
0	9
0	6
0	0
0	0
0	0
0	0
0	0
0	0
340	39
7	39
0	0
0	0
0	0
1	7
0	5
0	4
0	6
0	4
0	4
0	3
0	1
315	32
3	32
1	8
0	0
0	0
0	0
58	262
5	249
0	122
0	110
1	123
0	24
13	250
455	248
3	101
0	85
1	85
0	59
2	66
0	24
3	6
1	6
0	0
0	1097
0	1056
0	828
1	600
0	137
0	114
3	263
3	96
4	107
0	107
2	107
0	22
0	11
0	24
1	240
0	20
0	0
0	25
0	242
0	150
0	23
2	6
2	4
5	209
0	16
0	108
2	13
2	10
0	36
0	33
3	13
0	2049
1	1952
5	1347
3	1717
0	1761
3	1760
0	1673
8	986
0	862
3	146
4	20
27	0
652	302
1	19
0	218
0	52
0	22
0	0
0	43
1	179
1	9
0	6
0	10
0	6
0	6
0	7
0	0
0	1
0	2
0	1
1	2
0	3
0	0
0	0
0	2
0	2
0	2
0	2
0	2
0	2
0	2
0	1
0	1
31	423
38	245
0	10
0	295
1	75
1	160
0	204
0	138
1	80
0	13
0	104
0	61
2	281
6	285
0	32
1	272
2	53
2	59
0	23861
0	18199
0	19781
0	18106
0	11677
0	20901
0	11427
0	19752
0	24123
3	17807
49	23981
0	20092
0	20001
2	22613
6	12058
8	23099
0	24569
0	17368
0	1863
7	6667
6	22980
0	22898
10	22847
0	20589
26	22192
0	1399
31	22333
0	22001
0	17872
27	22239
0	10888
0	3184
0	6761
128	98
0	98
0	25
1	3998
0	6206
21	821
4	5864
1	5864
0	5703
0	6234
0	6155
0	5255
0	6183
1	6179
1	470
0	1918
273	5255
41	46
0	276
1	121
117	261
3	261
0	144
8	72
0	187
3	0
2	3
0	2
0	1172
13	846
0	1127
0	83
1	38
4	1078
0	1136
0	957
0	71
0	47
2	55
0	136
0	66
0	99
0	155
0	73
0	36
8	183
0	62
2	132
0	106
0	138
5	28
10	531
0	44
10	531
0	114
0	16
0	15
0	14
0	78
0	78
0	4
1	0
0	0
0	2
0	0
2	48
0	31
0	9
0	38
0	12
0	15
0	2
0	7
0	7
0	7
0	34
28	257
0	30
0	251
1	234
0	72
6	0
0	69
0	72
0	39
0	55
0	28
42	42
4	1596
0	1622
1	736
2	1678
0	1733
0	1680
0	1571
7	225
2	6
0	225
0	355
0	332
8	313
67	389
93	468
0	362
0	335
0	347
0	162
0	22
0	81
0	141
0	138
0	116
0	119
0	91
0	81
0	81
0	76
0	69
0	31
0	51
12	26
0	48
0	37
0	37
0	45
0	35
0	34
4	27
0	4
0	19
0	6
0	20
0	49
0	36
0	28
0	39
1	33
0	28
1	2
0	0
0	0
0	0
0	0
16	253
1	239
0	160
4	121
0	23
0	51
6	30
0	22
2	5
0	7
0	9
0	55
0	71
0	19
0	23
0	20
0	8
0	13
0	38
1	1
3	5
1	12
0	1
1	39
0	783
10	783
0	46
0	102
1	58
5	34
0	0
0	0
0	0
0	0
0	0
16	451
15	440
2	392
0	0
0	66
0	128
0	66
0	91
0	13
0	10
0	82
0	8
0	21
0	13
0	9
0	11
2	6
0	19
0	21
1	13
0	9
0	7
0	0
0	450
1	447
1	422
0	46
6	35
2	398
0	402
0	406
1	411
0	2
0	5
0	5
0	1
0	4
0	0
0	1
0	2
0	2
0	0
0	1
0	0
0	0
0	1
0	0
0	1
0	40
2	16
0	10
0	13
0	16
1	7
0	13
0	2
0	0
0	0
0	0
0	1694
462	1713
10	1713
3	17
2	274
87	1097
6	1094
5	197
1	183
5	76
2	0
0	113
0	113
0	111
3	19
0	2
0	13
0	63
0	2
1	57
0	18
0	17
0	5
0	32
0	8
0	0
0	0
0	0
0	4
1	50
0	48
0	53
0	42
0	24
0	325
0	335
0	26
0	343
0	76
1	36
0	96
0	31
1	107
1	313
0	18
0	60
0	48
0	92
2	31
0	50
2	7
0	5
0	1
0	5
0	1
2	5
0	5
0	1
0	1
0	27
0	29
0	20
0	18
0	19
0	23
1	7
0	3
1	8
0	3
0	0
0	0
0	3
0	103
0	289
0	93
0	132
0	288
0	78
1	236
0	289
17	122
0	92
2	276
0	229
7	61
1	118
1	9
1	10
0	13
0	76
0	640
0	583
0	75
0	643
0	478
0	604
1	396
0	524
0	333
0	480
0	478
0	598
0	133
0	642
0	590
0	62
0	275
0	504
0	588
0	586
0	263
0	508
0	508
1	188
0	474
282	0
60	2488
0	17
0	17
0	1
0	6
0	0
0	17
0	0
0	17
0	8
0	0
30	157
1	157
0	22
0	140
0	24
0	140
0	141
0	0
0	49
0	157
0	0
0	0
29	1152
0	48
0	1113
0	1128
0	956
0	361
10	877
0	837
6	490
0	154
8	189
6	398
6	21
1	272
0	355
8	320
1	272
0	418
0	384
0	228
0	246
3	289
0	96
1	98
0	183
0	180
0	111
0	144
0	108
0	129
0	132
0	147
0	51
0	1093
0	1080
0	0
0	0
0	0
0	0
0	0
0	0
0	0
1	0
1	23
0	23
0	65
0	83
1	20
0	40
0	56
0	2
0	1
0	0
0	2
0	2
0	0
0	0
57	41
0	36
1	19
1	36
0	36
1	16
0	12
2	14
0	9
0	5
2	3
0	67
0	70
0	57
2	44
0	5
1	31
0	106
0	114
0	219
0	138
0	212
0	36
0	208
0	176
0	208
0	182
0	120
0	173
0	169
0	196
0	183
0	175
0	156
0	109
0	140
1	9
0	128
0	211
0	213
0	195
0	125
0	182
0	111
0	45
0	81
0	23
0	23
0	2338
0	2786
0	0
0	0
0	0
2	0
0	0
0	0
1	48
5	16
2051	665
0	313
9	27
0	359
59	378
0	193
0	350
0	354
0	356
0	232
0	63
0	12
0	158
1	118
0	160
0	36
0	6
0	251
0	85
12	186
0	69
3	74
0	176
795	784
1	237
0	187
2	306
0	161
1	304
0	131
0	326
0	327
0	181
0	76
3	463
5	9
0	9
0	2
0	296
0	1
0	5
0	0
0	295
0	77
8	0
0	7
0	92
0	92
0	85
0	15
0	13
0	2
0	0
0	27
1	118
33	150
1	47
4	5
5	58
145	213
0	213
0	31
0	74
0	18
1	348
0	580
0	734
0	1011
0	505
1	757
1	974
18	589
0	247
0	10
4	135
1	18
0	83
0	196
1	186
0	165
0	175
0	145
1	117
0	201
0	65
0	70
0	150
0	173
0	201
0	89
0	78
0	158
0	33
0	52
0	165
0	70
0	30
0	97
0	89
0	46
0	61
0	32
0	42
0	41
0	0
0	0
0	0
0	0
0	0
0	0
0	0
0	0
0	1432
0	9724
9	1682
0	2497
0	3998
6	3104
148	2660
0	6001
13	1482
1	3287
0	2540
0	102
3866	728
1	16
6	237
1	389
1	237
0	512
0	581
0	94
0	214
0	16
0	505
3	241
6	90
0	588
0	582
0	374
0	367
0	0
0	0
3	1418
0	208
0	1426
2	9
1	12
78	7917
8	8461
0	8604
40	7004
1	3715
19	3621
0	2741
10	306
5	290
0	359
1	248
1	117
7	210
0	209
0	2187
0	1395
0	2731
0	2020
0	1381
0	2024
4	989
0	866
3	800
22	1636
0	503
2	1098
0	1864
0	2374
0	580
1	1379
19	968
0	856
0	1335
0	467
0	1264
0	1802
3	187
0	2440
1	2000
0	1011
5	2226
0	359
0	189
1	129
0	420
0	96
0	158
0	238
0	954
1	942
1	864
0	934
0	948
0	1243
0	376
0	664
1	865
0	1090
1	1070
0	11
0	50
0	25
1	77
1	555
0	141
0	153
0	541
1	99
1	95
0	69
0	22
48	373
0	192
0	19
3	268
1	246
1	204
0	141
1	29
7	101
0	56
0	34
0	28
0	31
569	192
0	113
0	79
11	73
0	67
0	45
0	4
0	10
7	161
44	85
0	207
5	163
1	24
15	142
2	95
0	78
0	65
0	45
1	86
0	730
0	16
0	26
0	209
0	605
3	296
0	735
0	737
3	40
1	696
0	215
0	341
0	813
0	349
0	342
0	634
18	755
14	183
0	68
2	325
3	116
14	421
0	40
0	158
0	43
0	197
904	67
0	44
1	23
0	0
0	0
0	0
0	0
0	0
0	0
0	0
14	251
0	95
1	109
0	156
3	62
0	105
0	21
0	91
0	14
0	115
0	6
13	2
0	2
0	0
0	64
0	260
0	235
0	215
0	216
0	220
1	86
0	45
0	56
0	219
0	0
0	0
0	0
0	0
0	0
0	0
12	1163
0	1135
2	994
0	955
0	405
27	471
0	207
0	268
0	239
0	347
2	140
2	0
218	0
0	811
0	804
0	805
0	805
0	804
0	805
0	808
0	400
0	327
0	189
1	172
0	172
0	125
0	114
19	53
0	113
0	56
0	33
0	37
0	0
0	1031
2795	536
13	258
4	130
0	278
64	787
0	818
0	777
0	155
0	548
5	303
0	128
7	167
4	104
0	279
0	229
0	249
0	46
1	623
0	15
0	37
0	295
3	127
0	14
0	224
0	26
0	275
0	24
0	58
0	69
2	52
0	160
0	93
0	31
0	11
1	17
0	17
0	13
1	76
0	21
0	627
0	624
0	232
0	622
2	580
1	489
0	63
0	155
0	512
6	173
0	120
12	150
0	172
6	189
0	596
9	144
0	564
0	152
0	224
0	62
4	212
0	200
0	486
2	157
1	138
11	112
8	34
2	267
9	72
0	63
0	0
0	0
0	16
0	18
1	0
0	0
0	0
0	0
0	0
0	0
0	0
0	1
0	80
0	86
0	88
0	14
0	79
1	6
0	14
0	84
2	16
0	16
0	225
0	487
0	511
1	885
0	1894
0	1863
0	839
0	1836
0	1750
0	818
0	492
0	1144
0	1796
16	606
0	816
171	1901
0	1924
0	787
0	818
0	374
0	841
0	1927
0	1516
0	1134
62	726
0	290
0	1650
1	462
0	981
0	115
0	703
0	766
1	1140
0	119
0	1140
0	1035
1	1025
0	727
0	64
2	1134
0	1058
1	956
0	984
1	35
0	662
0	998
0	1026
0	101
0	957
0	3676
3	895
0	683
0	1081
0	988
2	1117
1	1078
0	1131
0	149
0	263
1	141
0	390
0	1179
0	1031
0	1121
0	1086
0	133
0	1033
13	3718
1	19
2	267
0	1017
0	221
0	657
0	877
6	286
2	165
2	394
0	40
0	40
653	748
0	710
0	345
0	312
0	346
0	322
0	319
0	153
0	99
0	100
1	29
0	9
0	9
0	8
0	153
0	0
0	0
0	0
0	4865
0	146
12	2504
1	2480
0	2377
0	2121
0	2031
0	1780
0	128
0	195
0	118
0	126
4	69
0	121
3	240
6	114
1	201
7	116
0	953
0	159
0	140
0	134
0	120
0	16
3	11373
0	10509
0	10405
0	10366
1	10351
0	10481
281	10511
2	10310
0	10298
85	11454
0	10354
0	11370
18	11418
54	9296
0	10282
1	10715
0	5757
4	3374
8	9059
3	4119
0	5220
0	5328
17	2797
8	1056
0	1674
0	1343
0	1
0	4
0	15
0	15
1	15
0	9
0	7
0	2
0	2
0	2
0	289
0	655
6	745
0	62
0	1369
73	1323
0	62
0	6
0	345
1	192
4	560
5	582
4	28054
0	31079
0	28129
12	26935
0	178
0	1264
0	1056
0	354
0	623
7	772
0	156
0	437
0	465
0	300
0	290
6	755
0	324
4	386
0	73
0	156
0	40
8	115
5	77
0	1041
0	1139
4	9183
15	9384
0	9178
3	7348
0	9169
3	9171
0	7731
0	7259
143	311
17	13
0	356
0	285
0	339
0	325
0	356
0	326
0	341
0	334
0	355
0	356
0	324
0	341
0	355
0	356
0	341
0	360
0	329
0	356
1	320
0	294
0	318
0	318
0	328
0	251
0	126
0	124
8	43
0	15
0	1
0	0
0	0
0	1631
0	396
0	743
0	739
1	737
0	404
0	16
348	75
37	75
2	320
8	285
1	285
79	322
1	326
1	253
0	8
0	567
0	295
0	287
0	251
0	640
0	451
0	687
0	670
0	298
0	293
0	891
2	618
0	299
0	325
0	578
0	467
0	163
0	387
0	870
2	679
0	692
6	324
1	272
0	91
0	525
3	59
0	729
30	501
20	105
0	5
0	0
0	0
0	0
0	0
0	0
0	0
0	0
0	136
13	1684
0	1727
0	1689
0	124
0	292
0	164
0	49
6	1660
0	158
0	42
1	183
17	445
6	1
1	218
12	768
0	822
1	814
6	825
1	230
0	46
0	0
1	425
0	435
0	74
0	19
0	19
0	2372
3	6259
0	5835
0	6326
0	5796
1	6162
1	6202
0	6199
17	6078
0	0
0	2429
1	2592
0	3706
0	1202
1	43
0	543
5	469
0	1512
0	1205
0	21
0	634
0	493
0	977
0	1450
0	2132
0	2608
0	2272
0	6403
0	6298
0	6165
4	6075
0	586
8	2682
0	24
0	21
0	0
0	2325
4	117
0	6148
0	6370
0	747
0	1
0	1
0	1
0	1
0	312
0	2
0	0
1	594
0	525
0	704
0	111
0	154
0	289
0	296
0	409
0	272
0	223
0	19
3	1674
0	307
0	295
0	1537
0	297
0	21
0	212
0	309
0	163
0	1247
1	3627
0	1467
0	709
0	709
0	0
0	0
0	0
0	296
24	391
0	174
1	356
0	73
0	192
1	167
8	210
0	91
5	325
0	87
0	0
0	0
0	0
0	0
0	0
0	0
0	0
0	0
0	0
0	0
0	0
0	0
226	23
0	23
2	29
10	29
0	0
0	40
0	39
0	40
0	4
0	4
1	5
0	3
0	3
0	5
1137	106
6	68
5	38
2	1390
1	1404
0	370
0	1244
0	1272
0	73
0	13
12	80
0	448
4	417
2	242
2	103
0	294
0	88
0	367
3	225
0	390
0	403
0	384
0	386
0	257
0	233
0	187
0	67
0	55
0	86
0	24
0	84
67	140
0	54
0	142
0	26
0	104
0	101
3	101
2	97
1	0
1	0
2	4
1	4
0	0
0	5
0	373
0	364
0	337
577	337
445	118
0	86
3	3
6	28
0	63
0	105
0	3
0	0
0	0
0	0
0	0
0	0
0	302
0	263
0	316
0	284
0	302
0	297
0	288
0	302
2	274
0	278
0	241
0	293
0	256
0	274
0	260
0	283
0	260
0	120
0	4395
0	4521
16	4641
76	4767
2	4527
25	243
2	108
37	99
0	65
0	184
1	31
0	0
0	0
0	0
0	0
1	0
42	4
1	67
4	0
0	74
31	147
3	111
279	149
2	139
0	11
1	6
3	1
0	178
0	84
3	176
0	28
92	1056
0	914
9	256
0	142
1	134
0	27
0	124
9	124
0	121
3	123
1	7
1	102
0	15
0	1267
1	1239
4	83
1	9
0	220
0	235
75	490
0	172
695	374
0	297
2	80
14	61
0	102
1	79
2	77
1	64
0	290
7	271
7	183
0	61
1	169
3	97
0	56
0	85
3	12
0	19
0	497
1	503
0	174
0	234
0	129
0	5
6	99
0	88
0	27
0	30
0	14
0	77
0	0
0	0
0	0
0	0
0	0
0	0
0	0
0	0
0	0
0	0
0	0
0	0
0	0
0	0
0	0
0	0
0	0
0	0
0	426
1	433
0	446
0	315
12	398
0	423
0	407
1	269
0	119
0	24
0	6
0	16
1	69
0	85
0	2
0	2
0	0
0	0
0	0
2	871
0	112
8	268
0	888
0	26
1	60
0	167
3	106
0	174
0	694
0	44
0	133
0	108
0	119
3	473
6	531
2	509
0	604
0	603
0	603
10	108
1	69
0	19
9	64
2	109
1	366
0	106
1	42
13	314
0	243
1	173
0	94
0	74
2	75
0	187
2	54
0	135
0	139
0	105
0	87
0	64
1	2
0	2
0	3
0	2
449	2233
26	2160
1	212
2	169
0	0
0	0
0	20
0	28
0	9
0	45
8	45
0	22
0	12
0	28
14	32
0	1520
0	1079
0	700
0	1182
1	1021
1	888
0	1068
0	848
4	850
1	1359
2	690
0	348
0	600
0	1247
1	1154
0	1520
0	849
0	389
0	663
0	1267
0	693
6	207
0	399
0	638
0	719
0	766
0	699
0	0
0	0
0	0
0	0
0	0
0	0
0	0
0	0
0	0
1	0
0	0
0	0
77	0
0	6
0	6
0	3
0	4
1	1
1	0
0	0
3	26
0	87
0	143
0	186
0	191
0	86
0	11
0	24
1	43
0	11
0	175
0	173
0	183
0	18
0	84
0	173
0	172
0	5
0	65
1	96
0	14
3	54
0	38
1	5
0	494
6	501
7	497
0	357
2	68
8	175
3	50
1	39
0	10
0	0
21	1521
0	691
1	1492
0	166
2	495
7	363
23	219
13	173
0	181
0	115
0	193
0	652
0	644
1	57
0	592
0	138
0	656
0	74
1	131
1	241
0	138
0	184
0	627
0	70
0	113
16	56
1	57
0	200
3	240
2	219
0	167
0	23
0	4
7	3
0	69
9	240
1	3105
0	3152
0	3114
0	3053
0	3015
0	751
0	0
0	0
0	0
0	0
0	0
1	681
0	699
0	705
0	702
2	684
0	696
0	686
1	696
0	696
2	713
0	685
0	680
0	691
0	426
0	426
1	405
0	113
1	11
0	3
1	0
0	3
0	3
0	0
1	0
0	3
4	3
0	5
2	6
1	6
0	457
2	429
19	158
3	340
0	102
0	288
1	120
6	241
5	173
5	120
14	1431
1	1440
0	33
0	423
0	1017
2	902
0	918
0	970
1	10
0	13
0	65
0	107
0	29
0	9
0	87
1	22
0	1391
0	440
0	461
0	473
0	461
0	381
2	124
4	121
0	147
27	184
0	157
3	543
2	98
0	183
4	468
2	536
0	541
6	522
4	17
0	6
0	389
0	332
0	21
0	17
2	375
0	7
0	17
0	22
0	35
0	24
0	25
0	366
1	0
0	15
0	366
0	366
0	32
0	24
0	68
0	19
0	26
1	292
80	2
2	434
0	709
0	774
0	774
0	864
0	660
4	616
0	612
0	711
2	740
0	638
0	575
0	728
0	273
5	307
0	395
0	59
0	255
0	344
0	239
0	196
0	182
908	488
5	270
12	216
0	19
0	45
0	13
0	15
0	22
0	28
0	32
0	1
0	5
0	4
0	1
0	4
1	0
0	0
0	712
0	720
0	661
3	589
0	579
0	653
0	601
0	524
0	460
0	384
0	0
2	8
0	5
0	8
0	5
0	0
0	2
0	8
0	6
0	1136
0	1099
0	998
0	1157
2	1104
3	1063
1	1057
2	116
0	10
0	8
0	1062
0	1099
238	19
3	19
28	6370
1	647
0	1118
0	6394
0	131
0	303
0	532
0	473
0	257
0	6360
0	322
11	558
0	591
1	2168
2	6308
17	30
0	620
1	763
0	560
0	627
0	584
0	433
0	817
0	6335
5	22
0	422
0	293
0	542
10	289
0	809
0	768
0	571
1	2
2	24
0	127
0	308
1	867
7	529
10	518
0	365
19	455
2	1146
14	507
5	1243
0	6336
4	396
0	445
0	268
0	1087
0	1078
0	886
0	905
3	1016
0	836
0	820
0	453
4	336
0	223
0	0
0	0
0	0
0	0
0	0
0	0
0	0
0	0
66	405
0	142
0	389
3	91
5	64
0	112
0	56
0	46
0	81
64	139
1	37
0	122
0	19
1	4
0	2
0	2
0	1
0	0
0	2
0	8
0	8
0	3
0	1
0	0
0	2
0	0
0	0
0	0
0	0
0	3
0	5
0	5
0	5
0	4
0	4
0	2
0	0
0	0
0	0
6	450
0	451
0	84
616	0
69	93
12	559
0	511
31	519
2	0
0	0
0	0
1453	3116
1	223
1	211
0	2677
2	678
2	876
0	0
0	0
0	0
0	0
7	0
1	1
0	1
0	6127
5	6137
27	4860
1	5035
4	4773
1	4545
0	3791
0	3699
0	3042
6	2626
6	1552
0	1595
6	1524
1	161
0	1533
13	1336
0	1523
0	1579
0	562
15	1427
0	944
18	1309
21	747
23	1320
275	166
0	52
0	50
0	139
6	6
3	11
8	23
0	27
0	0
0	0
0	18
63	110
1	522
34	17
16	339
0	522
3	114
0	522
0	433
0	440
0	333
1	24
1	38
0	68
47	69
16	70
0	174
0	0
0	0
0	0
0	0
0	0
0	0
0	0
0	0
0	0
24	1000
0	670
0	917
0	855
0	336
3	256
0	843
0	891
0	891
0	748
0	704
0	891
0	891
0	855
0	752
0	751
0	802
0	776
0	903
0	806
0	758
3	887
0	143
0	137
0	828
1	871
0	849
0	885
0	10
0	616
0	761
0	821
1	400
0	773
0	727
0	663
0	466
0	488
0	798
0	806
0	227
0	614
0	695
5	288
0	599
5	493
0	162
0	196
4	77
0	53
841	262
0	14
2	35
0	137
0	94
3	117
1	60
6	8
0	8
0	2
0	4
0	2
0	4
5	4
0	2
0	3
3	6
0	0
2	754
0	79
14	820
4	761
0	130
0	368
0	167
1	62
0	1
0	1
0	0
0	0
3	0
0	0
0	0
4	101
0	3076
0	3059
5	175
4	28
8	109
0	109
0	30
3	0
0	1
0	0
0	1
44	4
0	4
0	50
0	258
6	300
1	78
2	238
1	132
0	60
7	219
0	69
0	187
0	35
0	13
6	25
0	76
0	105
0	109
0	0
1511	307
0	44
1	189
0	2048
0	2056
5	0
126	859
7	866
6	35
1	652
0	131
4	67
10	106
9	206
5	118
0	96
0	228
0	281
0	163
0	172
0	153
0	112
0	69
2	35
6	49
0	48
3	37
0	1
0	5
3	24
0	32
80	936
0	645
9	619
0	555
0	630
26	595
6	496
3	449
0	129
0	116
0	117
93	65
0	65
1	1
10	8
2	2
0	6
0	6
894	475
0	446
3	288
0	64
32	74
0	74
0	0
3	2
0	2
0	1
0	0
0	360
1	521
72	339
0	538
17	137
0	86
0	745
0	803
27	35
17	11
0	317
7	115
20	641
1	334
1	767
0	855
0	13
1	588
4	248
2	611
0	629
0	489
0	734
0	50
16	13
0	554
0	17
3	20
19	18
0	6
0	6
0	0
0	0
0	0
0	0
0	0
0	1
0	1
0	1
0	1
0	1
0	1
0	1
0	0
0	1
0	1
0	2
0	5
0	5
0	3
0	4
0	1
0	2
0	3
0	0
0	0
0	1
0	1
0	1
0	0
0	1
2	23
0	20
4	104
1149	286
0	182
15	957
0	4946
49	4596
0	4870
1	4630
1	4327
0	1677
0	4603
0	4772
7	4738
0	4698
16	4732
2	4590
0	387
0	435
4	325
0	202
19	146
0	0
0	256
0	258
0	424
0	285
2	377
10	399
0	277
0	261
0	234
1	80
1	209
0	0
0	0
0	0
0	0
1	349
0	357
0	477
1	65
0	479
2	22
0	187
0	186
0	196
0	475
3	184
0	175
0	166
0	27
2	52
4	0
0	3
7	28
0	28
0	25
2	28
0	28
0	3
0	6
1	3
1	0
0	2
0	0
0	0
1	1
4	0
0	187
4	176
0	182
0	285
5	2874
4017	825
3	824
0	260
4	351
0	129
131	0
0	10
2	0
0	0
0	1
1	10
3	1
1	10
4	1224
14	776
0	140
1	61
0	1226
0	161
0	139
1	758
0	3010
0	2708
1	2959
0	2851
0	2814
0	2450
0	1759
0	1507
0	256
0	59
0	55
0	63
165	265
0	71
0	35
0	22
0	8
0	241
0	262
0	1
0	21
0	14
12	128
0	69
0	43
0	4
0	4
0	4
1	4
0	4
0	423
0	428
0	479
125	1611
33	649
1	1612
2	1416
0	445
0	116
0	57
0	120
0	389
0	135
0	128
0	128
0	29
2	1320
2	688
172	1319
0	0
0	0
0	0
399	520
8	185
0	460
1	107
0	270
1	110
0	37
0	221
0	168
2	93
0	1076
1	403
0	584
707	1092
0	363
0	440
0	360
0	448
0	807
0	870
0	598
27	529
0	310
0	662
1	331
0	18
0	18
0	8
0	3
0	3
0	3
0	3
0	2
0	3
0	3
0	1
0	2
0	2
0	2
0	2
0	2
0	2
0	2
0	1
0	2
0	2
0	1
0	1
0	1
0	0
0	1
0	1
0	0
0	0
0	0
0	0
0	0
0	0
0	0
0	0
0	0
0	0
0	0
0	0
0	1
0	0
0	1
0	0
0	0
0	0
0	0
0	0
0	1
0	1
0	0
0	0
0	0
0	0
0	0
0	0
0	0
0	0
0	0
0	0
0	0
0	0
0	0
3	0
0	0
0	0
0	0
0	0
0	0
0	0
0	0
0	29
0	39
0	27
0	0
2	19
11	44
0	44
0	28
0	28
0	26
0	40
0	9
0	502
0	491
1	919
0	1792
2	54
0	121
1	1629
0	1695
4	314
0	331
0	1700
0	221
0	1745
0	832
22	482
0	1494
0	407
2	50
0	1314
0	314
0	320
0	272
3	288
0	585
0	374
0	567
0	587
0	540
0	490
1	402
0	459
0	454
0	373
0	262
0	361
0	223
0	274
0	233
0	244
0	107
0	228
0	196
0	140
0	237
0	237
0	77
0	104
0	108
0	143
1	165
0	101
3	72
0	25
71	25
0	31
0	51
6	10
2	138
0	56
0	553
2	533
4	289
1	74
0	29
1	377
0	373
0	6
0	179
0	7
0	8
0	184
0	160
0	154
43	2874
2	178
0	6
0	7
0	7
0	7
0	2
0	1
0	0
209	0
0	304
0	287
0	301
0	305
0	153
1	24
2	14
0	12
1	199
0	210
0	170
0	233
0	210
0	203
0	86
0	116
0	124
0	36
0	100
5	73
1	73
3	51
0	85
4	109
0	95
0	99
0	132
0	83
10	82
39	378
1	191
33	181
4	38
1	60
1	418
2	404
0	0
25	83
0	54
0	106
0	106
0	106
0	67
0	66
1	75
0	53
0	57
0	66
0	1
0	809
0	822
0	3
0	47
0	74
0	58
0	374
0	259
0	29
2	134
0	229
0	60
0	13
0	36
0	45
0	63
5	193
0	513
0	409
0	310
0	79
0	63
2	0
0	0
0	0
0	0
0	0
0	12
0	18
0	27
0	278
0	1370
0	271
0	226
0	177
1	236
0	547
0	1331
3	200
0	293
0	1353
0	85
0	415
0	423
0	84
0	394
0	144
0	415
4	313
0	359
0	168
1	129
244	129
0	5
4	91
0	18
0	34
73	989
0	822
0	544
0	825
3	91
55	132
0	61
1	51
3	102
1	23
0	23
0	19
93	0
0	701
0	845
0	794
0	831
2	341
0	329
0	269
1	190
0	188
5	146
0	78
0	97
0	102
0	70
0	62
1	73
0	5
0	1
0	1
416	993
22	994
134	992
0	607
1	987
0	987
0	660
673	1004
11	617
0	1015
0	212
8	815
3	417
3	345
0	55
0	319
0	100
0	0
0	182
1	106
0	80
0	75
1	65
0	47
0	39
0	20
0	14
0	16
0	6
0	0
0	0
0	0
90	40
2	21
0	20
158	22
0	16
100	9
0	8
3	1
1	306
2	268
99	19
3	3019
2	4918
504	5047
4	369
1	285
2	302
1	132
0	1035
4	167
8	258
0	0
0	0
0	2279
0	1863
0	1140
0	59
11	10
0	22
0	34
1	31
0	95
0	53
0	99
8	43
0	169
1	178
0	151
0	180
2	579
0	729
0	0
0	0
0	0
0	0
0	382
0	350
0	355
7	140
0	376
0	120
1	127
0	127
0	2
0	2
0	1
0	2
0	0
0	0
0	0
0	0
0	302
0	303
0	236
0	74
0	38
1	6
0	11
0	11
1	9
0	4
0	8
0	2
0	0
0	0
0	0
1	336
0	281
0	51
0	31
0	333
0	49
0	90
0	46
0	334
0	54
0	68
0	78
22	329
0	51
0	50
0	50
0	328
2	67
3	6129
0	1435
0	6293
18	6005
5	5723
40	406
1	406
1	3596
1	3595
16	3594
82	847
0	3555
120	3596
2	1125
1	7089
277	6919
22	4800
156	7023
66	6916
0	279
12	297
0	137
0	301
0	647
0	1
0	1
34	640
0	25
0	4
0	0
0	11
1	21
0	1
1	622
0	368
2	190
0	160
1	348
0	25
0	161
0	157
0	504
0	3
0	587
0	127
0	567
0	129
2	65
0	30
5	16
2	6
0	0
0	0
0	0
18	28
5	40644
0	36800
0	21210
11	40133
0	35693
0	35629
0	39640
133	26931
9	36993
0	34960
0	211
574	212
1	219
2	50
0	8
1	38
0	1196
0	1157
0	1118
0	1079
0	504
23	149
0	390
0	143
27	361
2	41
15	94
0	274
0	452
0	1
0	1
0	1
0	0
0	0
0	1
0	1
0	1
0	0
0	1
0	1
0	0
0	0
0	0
12	0
0	0
0	1635
0	1635
0	1635
0	324
0	651
45	1660
11	1528
3	1633
7	182
0	0
0	0
0	0
0	22
4	97
0	35
0	96
0	9
0	11
0	32
0	38
0	4
0	32
13	404
0	354
1	336
28	128
0	72
0	92
4	38
16	96
0	55
48	540
0	86
42	104
40	1
31	591
1	579
0	568
0	27
0	156
4	6
0	0
0	0
5	1
0	0
0	1
0	132
0	133
0	35
0	44
0	62
0	27
0	38
2	21
0	36
0	5
0	13
0	1486
0	1559
6	1409
269	303
0	1391
0	257
14	1086
0	443
2	302
0	57
200	1279
0	1261
0	780
0	47
1	14
0	263
1	25
0	102
0	48
0	1
4	1
0	0
0	0
0	0
0	0
0	0
0	0
0	0
0	0
0	0
0	0
32	971
0	933
0	312
0	11
0	11
0	2
0	7
187	159
0	32
0	127
0	0
0	0
0	0
0	0
0	513
0	15
0	152
12	507
8	15
0	35
11	0
0	273
45	251
1	30
1	42
0	48
24	225
0	75
24	737
6	737
0	26
254	181
2	138
0	112
0	43
874	1348
2	289
21	127
0	152
2	243
0	107
0	274
1	158
0	180
1	154
366	1165
1	64
1	1078
0	182
2	161
0	144
0	255
0	173
1	197
0	0
0	5
142	287
2	181
15	106
0	3
0	0
0	0
0	3
0	0
0	0
0	2
0	3
0	1
0	0
0	0
0	0
0	2
1	1
48	4069
0	4263
0	4178
1	4097
1	4105
4	2371
0	3699
776	807
101	2361
51	541
107	407
0	378
12	500
67	416
1	16
1	30
2	44
2	9
0	9
0	6
0	7
0	4
0	1
0	1
0	28
0	2
0	3
9	0
0	0
0	723
0	655
0	114
0	724
0	832
0	260
1	229
0	115
0	123
0	242
0	235
0	154
0	123
0	256
0	686
0	52
20	500
0	272
0	324
0	166
0	64
0	78
0	101
7	53
6	159
0	0
1	0
0	1
0	1
0	1
0	1
0	0
0	1
0	1
0	1
0	1
0	1722
0	1667
0	1666
1	1625
0	1728
0	1731
2	1718
0	558
3	295
0	1102
0	360
0	105
4	395
2	611
0	473
8	72
0	329
0	232
0	302
0	175
0	185
8	83
9	31
1	543
0	448
0	548
0	287
1	41
21	207
0	47
0	58
0	86
7	147
0	152
0	69
1	9
0	0
0	566
0	637
0	264
4	515
0	201
1	0
0	11
45	5
0	25
4	10
0	19
0	12
875	1120
1	1108
0	628
0	679
8	992
2	892
1	515
32	479
2	132
5	37
1	0
0	734
0	759
0	775
0	759
0	769
0	756
0	679
2	167
3	309
0	196
0	155
0	41
0	5
0	5
0	3
0	1
0	1
0	2028
0	1968
0	118
0	34
4	292
152	452
0	321
1	309
2	331
13	331
2	148
93	604
0	604
2	203
0	46
0	187
10	2
120	977
1	80
1	17
1	98
0	787
1	893
0	147
1	166
1	20
2	101
4	2
0	65
0	50
0	182
1	142
1	28
717	1345
2	822
0	820
1	62
3	122
0	807
5	140
0	51
0	85
0	236
0	295
9	519
0	0
0	0
0	0
0	0
0	1681
0	422
15	294
0	475
0	459
1	133
1	16
0	79
0	236
0	0
0	0
0	0
0	0
0	0
0	0
0	0
0	0
0	0
0	0
0	0
0	0
0	0
0	0
1	85
1	85
0	133
0	52
0	113
17	127
0	127
2	73
0	95
0	114
0	119
0	114
0	134
2	65
1	12
4	16
0	71
0	82
2	19
0	66
0	61
0	8
0	1
0	9
0	31
0	210
0	201
0	193
0	160
3	119
0	213
6	30
1	116
80	116
0	0
0	0
0	5710
784	4800
0	4577
0	4557
0	4673
0	4542
0	4559
1	2469
0	5701
13	4499
1	1
0	1
0	0
0	2
0	0
0	1
0	0
0	1
0	2
0	2
0	0
0	1
0	0
0	1
0	2
34	108
0	102
14	104
0	93
0	93
0	51
0	44
0	6
1	25
0	12
0	20
4	27
0	28
0	24
1	30
1	0
0	1
0	0
1	1
0	0
2	30
1	1
0	2
0	1
0	1
0	19
0	15
0	1
0	1
1	1
0	2
0	2
0	2
0	0
0	6
0	4
0	1
0	1
0	0
0	1
0	1
0	0
0	0
0	0
0	0
0	0
0	492
1	281
0	503
4	90
0	153
4	163
26	157
0	102
15	171
0	30
0	129
0	41
0	38
0	128
0	20
2	30
8	34
13	33
5	27
14	25
25	31
0	4
2	39
0	50
0	45
0	29
0	7
3	23
1	260
0	261
2	229
0	53
0	83
1	67
0	2306
1	2274
0	2425
16	2194
0	1049
0	1150
1	808
0	994
1	1117
0	1163
0	817
2	117
0	698
0	493
2	514
1	429
25	450
2	199
9	98
0	0
0	0
0	351
0	9
0	307
0	270
0	135
2	3
0	3
0	3
4	0
0	68
0	68
0	55
0	2
0	2
0	29
4	132
0	29
6	140
0	110
1	109
0	138
1	20
0	7
0	43
0	2435
0	2453
0	2421
1	2100
0	809
0	180
0	38
0	250
0	59
2	5
2	130
5	144
1	1213
0	1195
0	10
3	266
1	168
0	224
6	31
2	76
0	0
26	502
6	134
0	10
0	534
8	673
12	704
8	624
1	616
9	211
6	163
0	274
0	123
0	0
21	136
0	163
2	54
0	56
0	24
0	43
0	54
0	70
0	50
0	6
1	7
0	6
1	7
0	5
0	0
0	38
8	1172
5	1173
0	34
0	350
0	20
0	479
0	510
0	442
0	21
0	89
0	64
0	107
0	1
0	1
0	0
0	0
0	0
0	0
0	0
0	0
0	0
0	1
2	4
0	0
0	416
0	431
0	417
6	417
0	389
0	371
0	396
0	238
3	328
0	461
0	467
13	206
0	263
48	388
0	357
12	206
0	352
0	73
0	57
0	64
0	4
0	1
0	1
0	1
0	0
0	0
0	1
0	0
0	0
0	0
0	0
0	0
0	0
0	0
0	0
0	944
0	1143
0	1112
8	1017
0	1073
5	102
4	392
0	134
0	41
3	103
2	110
1	229
0	408
0	436
0	57
5	48
0	83
10	11
5	9
29	229
1	15
0	37
1	0
0	0
5	200
0	199
5	203
0	77
0	0
0	0
0	988
1	954
16	551
2	58
0	11
0	10
0	36
17	176
0	41
0	131
0	0
202	952
1	913
0	64
0	41
0	23
0	10
1	4
4	10
1	5
9	113
0	113
0	76
0	0
3	3
3	1
0	112
0	25
0	3
0	0
33	1145
0	1145
70	0
86	1126
0	955
5	92
1	237
0	196
0	1044
2	76
0	165
6	679
1	359
0	430
1	116
1	147
2	232
0	25
0	25
0	27
0	26
0	18
0	6
0	1
0	2
1	0
1	632
14	750
17	590
0	754
0	594
0	529
0	311
0	228
0	238
0	202
0	0
0	0
0	0
0	0
0	0
0	0
2	147
0	1197
0	50
0	1193
0	23
0	3
6	29
0	197
0	0
1	0
0	7
0	4
0	7
0	2
1	3
0	0
0	76
0	76
3	60
5	470
335	598
0	48
0	44
7	514
1	409
0	10
5	38
13	487
1	487
0	24
20	74
12	65
3	27
0	30
1	25
0	61
0	49
1	41
0	38
0	55
0	34
1	36
0	17
0	15
0	34
23	809
0	806
3	265
4	0
0	0
7	46
1	483
0	97
0	527
0	407
0	238
0	403
0	503
0	502
0	467
0	499
0	527
0	558
0	472
0	492
0	474
1	507
0	521
0	547
0	456
0	143
8	42
0	489
0	560
0	436
0	384
0	143
0	428
2	103
0	523
0	189
0	540
0	526
0	96
0	515
0	535
0	142
0	544
0	523
0	71
3	9
1	386
0	393
0	296
28	289
2	186
0	178
0	15
9	182
0	154
0	153
1	1
0	7
6	18
4	2
0	86
0	147
0	131
0	142
0	144
0	161
0	162
0	161
0	170
0	154
0	170
0	169
0	160
0	31
0	160
0	157
0	166
0	172
11	189
0	139
0	157
1	60
0	137
0	164
2	7244
0	1557
0	0
0	0
3	10
10	53
0	12
0	49
0	30
0	22
0	20
0	44
0	942
3	125
0	864
0	110
38	284
3	581
0	264
2	124
0	123
15	283
0	603
0	281
6	837
0	671
0	540
11	116
11	577
0	187
0	218
0	123
28	340
2	363
1	70
3	252
0	232
0	5905
0	6013
0	6151
0	6178
0	1368
0	6121
0	2499
3	630
0	376
2	1329
0	4932
0	5919
3	2475
0	6081
0	1427
0	2241
0	5959
1	6020
0	6034
0	2134
0	5960
0	5949
0	5801
0	3976
0	1108
0	1165
0	3977
0	398
0	5000
0	2022
0	2457
0	5834
0	1108
0	178
0	760
0	500
1	183
0	195
1	4571
0	4601
3	4367
1	2825
0	572
5	136
0	319
1	461
0	302
0	775
6	167
0	217
5	55
0	1
0	1
0	1
0	73
0	54
0	225
0	274
7	126
227	527
494	598
57	90
0	83
0	138
13	168
0	116
2	36
3	34
2	218
0	142
0	86
0	158
2	65
9	99
0	83
0	85
0	87
1	81
271	0
21	151
0	35
0	45
4	20
0	91
0	0
0	0
0	0
0	0
0	0
0	0
0	0
12	4
1	0
0	0
0	19
0	25
0	21
0	29
0	20
0	22
2	20
0	23
0	18
0	5
0	18
0	14
0	9
0	12
0	5
1	14
0	4
0	6
0	0
0	0
0	0
0	0
0	0
0	0
0	322
0	317
0	300
0	26
0	296
0	49
0	266
0	299
0	83
0	123
0	87
0	99
0	167
0	17
0	41
0	92
0	57
0	125
1	169
0	150
1	297
0	60
0	20
0	322
0	47
0	73
0	322
0	43
0	67
0	141
0	111
0	297
0	89
0	41
0	22
4	31
0	130
0	0
0	0
0	0
0	8
0	475
0	42
0	475
0	476
0	468
0	475
0	470
0	597
0	2236
0	3575
0	2880
3	3259
0	3362
0	3263
0	258
0	3264
0	860
0	3044
0	3068
0	3178
0	3019
0	2818
0	3419
1	3020
0	3339
0	2950
0	3386
0	3332
0	3122
0	3062
0	2750
0	2647
4	1270
0	2770
0	2412
0	1925
0	482
0	2007
0	1440
0	1730
0	2690
0	671
0	618
0	1272
0	222
1	56
2	89
0	228
5	98
5	1398
0	257
0	243
18	990
0	65
33	313
0	3
2	14
0	7
0	64
0	0
1	0
0	1
0	4
0	3
0	1
0	4
0	4
0	1
0	2
0	0
0	1
0	1
0	1
0	0
0	525
0	537
0	511
0	457
0	469
0	457
3	103
0	444
1	0
3	25
0	146
0	136
0	115
0	103
0	98
0	67
1	53
0	56
0	38
0	0
0	0
0	57
0	55
0	7
0	46
0	3
1	10
0	7
0	4
0	2
0	4
0	2
176	365
0	20
34	137
0	211
0	6
0	21
0	16
0	11
2	190
0	30
1	28
0	40
0	45
1	36
2	108
0	40
0	41
0	37
0	32
0	10
1	76
1	14
0	190
2	271
1	318
16	83
1	52
0	77
0	129
0	94
0	18
0	3
0	69
0	850
0	375
0	252
0	22
2	25
0	4
0	3
0	3
0	2
0	0
0	0
0	0
0	0
1	46
0	46
0	1
0	1
0	1
0	1
0	1
0	1
0	1
0	0
531	283
0	281
50	1
0	0
0	6
0	6
0	0
0	0
0	1099
0	1027
0	770
0	836
0	194
1	90
0	191
0	303
2	426
0	33
0	0
0	0
0	0
0	0
0	0
0	0
0	0
0	0
0	0
0	54
0	55
0	55
0	21
0	52
0	25
0	4
0	5
0	8
0	10
0	5
0	6
0	1
0	0
0	0
18	4144
0	4056
0	4055
0	4059
0	398
0	223
0	4269
14	3112
0	4139
0	80
0	3900
0	275
0	219
0	4091
0	326
2	1
0	0
0	0
0	0
0	0
0	2679
0	2620
12	2601
0	256
4	592
0	62
6	41
0	360
1	127
2	212
3	136
0	114
0	165
5	114
0	266
0	162
3	556
5	204
0	308
0	142
279	217
0	8
0	31
0	186
0	150
5	127
0	133
3	546
1	102
0	528
0	44
0	76
0	52
0	109
0	62
0	57
1	84
0	60
0	58
1	504
0	6
0	528
0	528
0	525
0	528
0	528
0	0
0	0
0	0
20	0
0	0
0	0
0	0
0	0
0	204
355	204
0	3
0	2
0	28
0	15
0	7
0	21
0	33
0	10
0	36
0	9
0	16
0	13
0	16
0	22
0	3
0	23
0	18
0	16
12	473
30	3921
10	425
2	1142
9	415
12	896
0	113
0	80
0	2651
0	166
0	109
0	107
2	109
3	8
0	8
3	1615
2	112
6	236
0	236
0	151
0	147
0	2
0	0
2	242
0	4314
2	4411
0	163
4	4076
0	483
0	215
2	934
0	2676
1	3217
0	463
0	464
3	694
0	552
0	167
0	195
15	1083
2	96
4	350
0	20
0	227
0	31
1	20
0	12
0	6
0	14
1	5
0	1081
0	1091
17	0
0	0
0	0
0	0
1	0
0	516
0	523
0	526
0	507
0	88
0	74
0	1
0	8
0	16
0	10
0	0
4	84
0	359
2	358
2	333
0	366
0	49
0	279
0	18
20	28
0	30
0	26
0	20
0	20
0	20
1	11
13	4
0	20
0	2
1	34
2	19
0	34
0	33
0	34
0	33
0	21
0	30
1	12
0	1
0	3
0	0
0	821
0	216
0	117
144	1889
0	85
49	102
0	1052
0	1540
0	1751
73	22
0	52
15	1654
3	80
0	19
0	157
0	9
0	167
0	35
0	181
0	31
0	50
0	44
3	92
2	69
0	0
9	23
4	26
8	37
1	14
46	27
3	10
0	25
1092	408
6	124
0	333
0	116
0	372
54	100
41	24
0	0
0	0
0	0
0	0
0	0
0	0
0	0
0	0
0	0
0	0
0	0
0	0
0	0
0	0
0	0
0	0
0	0
0	0
0	0
0	0
0	0
0	280
0	5702
3	5352
7	5582
5	244
7	533
7	373
3	137
2	33
7	257
11	227
0	284
4	166
0	322
1	208
0	76
1	733
0	744
5	733
0	405
0	86
0	93
0	52
0	23
0	52
0	78
0	46
0	78
0	47
0	67
0	357
1	85
0	52
1	108
1	0
3	264
24	98
15	108
4	253
1	169
17	87
0	21
24	119
9	12
154	2144
1	7
5	1685
4	1745
0	1428
2	333
0	243
1	115
2	134
0	122
0	219
1	257
0	193
0	84
22	105
0	40
0	100
4	93
1	228
122	228
2	2892
0	2173
9	2557
0	224
10	79
1	70
0	181
6	311
269	311
0	57
0	164
17	11
0	28
0	29
0	42
0	0
0	0
973	161
1405	161
3	3
1	8
1	8
0	3
0	0
0	16
0	9
0	8
1	0
0	2
0	1
0	1
0	2
57	16
0	175
0	0
1	160
0	158
8	85
0	81
0	196
0	80
2	37
0	414
0	42
0	72
0	49
0	173
0	242
6	109
0	126
0	186
0	160
0	135
0	118
57	324
0	42
4	71
0	6
2	1
0	4
4	4
72	1596
1	21
4	463
0	473
16	0
3	1532
0	2
0	1
0	2
0	1
0	0
0	1
0	2
0	0
0	0
1	106
2	470
0	453
0	555
2	43
2	140
0	5
0	0
0	0
0	0
0	1
3	1
0	0
0	1
0	0
3595	5977
0	4605
41	4495
0	3950
0	3345
0	1989
0	2272
0	2261
0	2259
0	1696
0	1235
0	1198
17	0
0	0
0	0
0	0
0	1
0	0
0	0
0	0
0	1
0	0
0	0
0	0
0	0
0	0
0	0
0	0
0	0
0	0
0	0
0	0
0	0
0	0
0	0
0	0
0	0
0	1161
1	1490
0	1503
0	1555
5	1530
7	1340
0	61
4	1565
0	1565
0	1565
0	0
6	258
0	107
1	71
0	175
0	111
3	118
1	102
971	388
9	51
16	109
8	59
0	68
46	79
5	77
9	165
9	0
663	1375
3	101
0	295
3	0
0	118
1	0
0	171
2	98
0	338
0	23
2	74
45	42
0	165
1	42
2	39
1	58
4	20
0	28
514	205
2	101
2	301
11	412
1	71
3	103
0	62
0	82
0	13
0	9
0	0
0	0
0	331
110	310
0	11
0	41
0	68
60	41
0	0
51	127
8	10
0	127
0	1514
0	2
0	7
0	7
0	2
0	1
0	0
0	2
0	0
0	0
0	0
0	0
0	0
0	0
0	0
0	0
0	0
0	0
0	0
0	0
0	0
0	0
0	0
0	0
0	0
0	0
0	0
0	0
0	0
0	0
0	0
0	0
0	2
0	2
0	3
0	2
0	2
1	0
0	0
12	344
0	344
0	829
0	834
1	818
2	818
0	814
0	818
0	749
0	789
5	782
0	768
0	786
0	781
0	602
0	361
0	365
0	17
0	137
0	49
0	106
0	32
0	1185
0	494
0	55
3	136
0	42
0	1172
0	166
2	488
0	489
0	440
0	462
0	469
0	490
0	165
0	463
0	451
0	517
0	423
0	489
0	403
0	461
0	453
0	221
0	505
0	540
0	526
0	241
0	541
0	413
0	414
0	532
0	532
0	487
0	539
0	533
0	540
0	499
0	510
0	531
0	466
0	519
0	533
0	533
0	532
0	513
0	560
0	493
0	544
1	536
0	545
0	525
0	552
0	546
0	538
0	546
0	546
0	547
0	532
0	540
0	559
0	574
0	506
0	556
0	492
0	493
0	573
0	530
0	547
0	518
0	478
0	560
0	560
0	546
0	559
0	138
0	553
0	559
0	470
0	519
0	525
0	532
0	546
0	525
0	380
0	426
0	544
0	532
0	531
0	529
0	546
0	519
0	506
0	361
0	194
0	466
0	439
0	365
0	382
0	381
0	382
0	57
0	409
0	135
0	357
0	276
0	236
0	266
0	270
0	285
0	291
0	156
0	51
0	183
0	76
0	79
0	0
0	0
0	0
0	0
0	0
0	0
0	0
0	0
0	0
0	0
0	536
1	38
11	596
0	595
0	9
4	43
0	31
0	129
0	752
0	736
15	784
0	514
0	164
0	85
2	85
19	6
0	475
0	503
2	479
0	10
0	70
0	482
0	43
0	471
0	65
0	10
0	62
1	409
0	84
0	57
2	84
0	73
0	73
0	47
0	64
0	67
0	70
0	71
0	74
0	6
0	6
1	5
0	5
0	4
0	0
0	2
0	3
0	1
0	4
0	2
0	2
0	0
0	6
0	0
0	0
624	308
1	19
9	124
9	229
13	21
0	21
0	233
0	230
10	240
0	59
0	19
0	15
0	214
0	230
0	21
0	232
0	0
0	1277
0	1125
0	1194
0	1254
0	1089
0	696
0	327
7	11315
0	11170
3	8188
0	11028
292	10966
0	9932
51	5110
1	3062
0	2031
0	2339
0	2353
1	2354
3	2354
0	2225
0	2132
6	2311
1	2263
0	2214
1	2254
1	2402
0	2150
0	2330
0	1951
4	706
0	1965
0	627
0	1621
0	1478
0	1550
1	1620
40	1384
0	1145
0	1501
0	431
0	998
1	781
0	213
0	435
0	386
0	294
0	452
0	328
0	303
1	300
4	90
0	0
0	0
0	0
0	0
0	0
0	0
0	0
0	0
0	0
0	0
0	0
0	0
0	0
0	0
0	6
0	35
0	9
0	6
1	6
4	11
0	28
0	6
0	40
0	626
0	286
0	241
0	152
0	117
3	638
16	13
0	284
0	2491
0	2404
0	1387
0	1702
22	459
114	416
1	222
70	198
0	251
4	258
0	443
1	211
0	22
0	23
0	22
0	22
0	23
3	22
0	15
0	0
0	0
5	15
2	15
1	733
0	0
0	733
0	441
0	472
0	342
1	328
9	178
1	376
0	410
0	227
0	64
0	137
0	121
0	131
0	70
1	9
14	41
980	4175
13	374
43	1404
33	265
0	208
0	47
0	282
4	46
3	145
6	67
4	404
9	800
0	1700
0	87
0	43
5	1312
0	16
0	67
0	62
1	72
0	8
0	34
0	1
3	3
1	1
0	68
0	13
0	61
11	64
0	20
0	15
0	6
3	2
1	68
0	14
387	706
0	626
0	148
0	114
20	11
40	0
0	0
1	3155
31	3155
2	956
0	548
0	548
0	547
0	548
0	548
2	548
0	547
0	851
0	851
0	925
0	606
1	884
0	905
0	925
0	925
0	925
0	925
0	925
0	925
0	517
2	381
0	517
1	906
1	516
0	378
0	842
1	477
0	505
0	357
0	238
0	164
0	238
0	178
0	96
3	11
4	0
0	1917
5	1772
0	1785
0	98
0	64
0	98
0	372
0	372
4	552
0	21
0	21
0	56
0	25
0	0
0	40
0	113
0	1
0	83
0	64
0	44
0	44
0	41
0	74
0	77
0	212
0	41
0	0
0	0
0	0
0	3
0	1
0	1
0	3
0	29
0	64
0	0
0	0
0	22
3	434
0	3
0	0
0	0
2	430
2	0
0	39
0	0
0	5
0	3
0	176
0	0
0	0
0	2
0	0
0	75
0	75
0	24
0	0
0	0
0	22
0	137
15	22
0	213
0	22
0	22
0	213
0	80
0	74
0	52
0	53
3	281
0	774
0	150
5	132
10	130
0	196
1	122
0	48
0	347
0	350
0	212
0	260
0	267
1	183
0	229
0	125
6	84
0	133
0	152
0	108
0	116
2	84
0	76
0	76
0	76
1	85
0	79
0	57
0	9
0	8
0	0
0	0
0	152
0	152
0	233
1	221
19	223
0	235
0	226
1	226
2	195
0	214
0	183
0	195
0	166
0	26
3	49
0	10
1	9
0	18
1	10
0	710
2	215
0	665
0	780
0	134
0	222
0	54
1	700
0	645
1	8
0	19
747	171
5	65
1	74
0	13
0	734
0	28
0	116
0	43
2	286
0	13
4	266
2	270
0	218
5	218
3	35
1	4
12	21
0	26
3	0
5	1
0	511
1	515
1	276
1	210
0	213
0	131
0	105
0	34
0	9
0	4
0	2
3	4
0	3
0	10
0	8
0	13
0	64
0	67
0	11
17	2105
0	2143
2	2150
0	2014
0	2289
0	2197
34	744
36	1279
0	2228
0	2127
5	1063
0	2076
2	2073
2	1920
0	2143
11	1185
0	59
0	1066
0	837
25	691
1	748
0	752
1	445
0	700
0	578
0	457
26	137
0	53
1	137
0	663
0	755
3	411
0	699
0	473
2	124
0	369
0	326
0	687
15	137
0	236
0	250
1	0
1	134
3	49
7	127
105	253
4	113
17	61
654	688
1	206
16	281
0	450
3	0
1292	475
4	314
0	161
36	710
1	693
0	48
0	195
0	100
1	103
0	19
0	0
0	0
0	0
0	0
0	0
0	0
0	0
1	1
3	1
435	404
0	68
0	78
0	24
0	339
1	345
1	323
1	11
0	39
0	37
0	17
0	20
0	14
0	372
0	124
0	376
0	374
0	235
0	361
0	308
0	315
0	234
0	251
0	170
1	172
0	471
3	494
1	357
0	155
0	89
0	130
0	93
0	197
0	117
5	241
0	126
10	40
4	1155
2	1159
0	681
0	0
5	2547
3	2005
0	1986
2	2977
3	2879
0	1157
1	151
0	141
0	217
0	105
3	0
0	10488
1	8912
0	10462
17	10489
803	9145
40	10335
0	9872
0	9766
10	8903
4	3590
0	2383
0	3566
0	1205
0	4145
0	2673
1	0
94	3365
0	4678
0	3576
0	2677
78	1464
0	2168
0	1702
0	1582
0	1630
0	1624
0	1499
0	2323
0	1512
1	1254
0	1632
0	1613
0	1726
0	1700
15	1701
38	1686
159	1284
0	1582
3	615
1	1444
1	1187
0	1041
0	854
0	545
0	303
0	3
0	220
0	192
0	122
2	0
0	1
0	1
0	1
0	0
0	1
0	1
5	119
0	91
1	28
0	28
0	5439
0	5529
0	5016
0	5172
1	5096
54	4512
19	4611
43	2184
1	2300
0	1834
3	2213
1	2190
0	1419
1	1056
1	1331
0	1330
0	1291
1	1235
0	940
0	1097
0	786
9	554
0	787
0	885
0	673
1	536
0	775
0	232
0	620
0	480
1	542
0	495
2	424
125	4363
31	4364
16	502
0	347
76	568
5	550
1	43
0	399
4	345
2	96
1	67
4	95
1	38
0	114
9	121
0	14
0	76
1	103
15	254
0	207
0	258
0	38
0	55
2	607
6	73
1	63
0	15
0	50
0	660
0	130
0	61
0	638
0	79
0	166
1	131
0	40
1	42
0	21
0	1046
3	1048
3	1
5	0
0	112
0	149
0	162
0	146
3	88
0	96
1	12
0	24
0	0
1	2
0	2
0	2
0	0
0	191
0	104
0	734
0	811
0	38
0	1496
0	1173
0	475
0	210
3	278
0	696
2	1511
0	1421
0	662
1	475
0	387
2	1370
0	290
1	1052
0	0
5	178
10	1213
26	259
1	157
5	93
12	303
28	123
0	39
0	38
0	0
0	1
0	1
0	4
0	8
0	12
0	13
0	2
0	1
6	2072
3	2072
1	514
0	151
0	74
30	808
1	162
1	194
4	52
6	80
0	335
0	335
0	336
0	175
0	62
0	35
0	18
0	15
1	11
0	14
0	11
0	11
0	3
0	1
0	3
0	2
151	180
0	103
12	38
0	155
0	1786
27	2918
41	860
0	1743
0	2648
0	2274
15	205
15	359
4	153
2	142
2	34
1	309
0	8
0	0
0	0
0	0
0	0
0	0
0	0
0	0
0	0
0	1571
0	1572
0	1535
0	1600
11	1320
10	81
4	887
3	420
6	48
7	726
0	397
0	276
1	4
0	4
0	40
1	1
0	35
0	19
0	5
0	4
0	9
0	7
0	94
0	192
104	320
2	79
0	104
0	196
1	80
1	727
20	727
0	193
0	51
0	41
0	0
0	3
0	1256
0	1081
8	1132
46	928
14	1155
0	973
0	1032
4	597
0	1105
0	929
19	195
0	4
0	0
6	145
0	171
0	132
0	147
1	139
0	190
69	253
0	283
0	274
0	241
0	126
0	229
4	184
3	152
1	152
3	131
0	148
0	110
0	0
0	0
1	1
0	1
0	142
0	135
0	145
0	151
0	47
180	172
0	42
0	29
0	159
0	41
0	6
42	1581
0	1577
0	1577
0	625
3	123
0	72
10	89
0	121
0	125
2	42
0	72
0	46
0	14
1	41
0	5
1	43
14	26
0	24
0	114
2	500
1	515
0	65
0	54
5	67
3	13
26	357
10	350
3	397
0	520
0	519
0	522
0	525
0	526
40	508
0	356
0	5
0	5
0	0
0	0
0	0
0	0
0	0
398	60
0	75
0	38
0	25
15	17
0	16
185	37
0	10
0	0
40	198
9	97
0	182
0	160
0	115
0	104
0	117
1	68
0	65
0	59
2	68
0	1
0	57
0	55
4	19
0	22
0	3
10	2
1	2
0	111
0	1039
1	1012
0	348
0	244
3	44
0	57
0	32
0	39
0	38
0	27
0	27
0	0
0	1
0	1
0	9
0	2
55	1044
0	5045
0	6250
0	5287
8	4600
33	1354
0	5232
22	933
0	1
1	0
0	1
18	1
6	376
10	377
1	151
0	382
0	1568
22	304
0	1412
0	760
0	1422
0	1543
62	457
3	1308
0	1469
0	769
39	247
27	365
0	465
0	186
0	0
0	0
0	0
0	0
4	114
14	173
4	173
4	7
6	0
0	0
4	518
3	534
18	35
0	30
1	279
0	103
0	81
39	377
1	15
1	322
5	20
0	70
1	70
0	2
1	0
0	0
1	132
0	153
0	156
2	155
0	145
0	168
0	136
0	154
0	128
0	128
0	66
0	72
0	70
0	62
0	56
0	29
1	37
0	29
0	28
0	13
5	0
0	9
0	32
0	0
0	32
0	18
5	19
0	8
0	256
0	430
41	2686
0	114
1	992
0	2441
0	2536
0	2640
0	2579
1	2314
0	2578
0	487
1	2640
0	247
3	106
3	545
0	2640
0	2640
0	265
0	2640
0	430
0	359
0	749
0	575
1	2014
62	1939
4	1371
25	129
18	1688
29	18
0	0
0	0
0	0
0	0
0	0
0	0
0	0
0	0
0	0
0	1
0	13554
0	13557
0	13555
0	13178
0	13462
0	13470
69	10215
0	13009
0	13208
0	11850
0	13357
0	13459
0	13185
0	13342
0	12611
3	13403
34	13398
0	13192
0	13022
0	12647
0	13201
0	13381
0	13575
0	13379
4	1403
0	13553
0	13575
0	13733
0	7026
0	13579
0	13552
0	13561
0	12782
0	5749
5	13552
0	13467
0	12693
0	13208
0	12858
0	13078
0	13563
0	13188
0	13563
0	7261
3	11790
0	812
15528	499
0	499
0	145
432	250
0	244
0	248
12	144
0	141
0	137
2	139
2	145
0	142
0	34
0	12
0	6
0	1210
0	1232
0	1026
1	396
0	572
0	733
0	768
0	798
0	792
0	1010
0	1043
0	1037
0	1019
0	1082
1	1045
0	1056
0	1056
0	1034
0	1045
0	384
0	219
0	700
0	663
2	678
0	24
1	35
0	53
4	166
0	19
0	39
0	23
0	31
0	30
0	329
0	49
0	189
4	44
0	128
0	32
8	50
281	0
0	150
0	102
1	2
0	151
4	52
0	349
10	58
0	42
3	218
1	143
0	309
37	114
0	251
2	164
803	123
25	43
0	80
99	275
7	1442
2	1167
0	615
29	657
0	390
1	45
0	7
0	0
0	0
0	0
0	0
0	0
131	1329
0	639
16	105
48	1226
9	2302
0	295
16	186
2	315
9	2311
7	232
0	249
0	218
0	237
0	228
2	123
7	111
0	99
1	67
1	55
0	43
0	7
2	45
0	47
22	3
0	0
0	3
0	0
0	0
0	0
0	0
18	17
1	13
0	6
0	4
0	245
0	236
0	219
3	223
0	237
0	243
0	221
3	186
11	231
0	189
0	49
0	44
0	42
0	33
0	36
0	28
0	28
0	22
0	0
0	422
1	158
8	213
0	377
72	165
0	176
18	196
0	158
6	21
18	149
0	23
4	150
0	29
0	156
4	156
0	36
1	15
1	34
0	27
0	15
0	12
5	45
0	0
0	0
0	0
0	0
0	0
0	0
0	0
0	0
0	0
0	0
0	0
0	288
1248	27
0	0
0	5
0	5
0	5
0	5
0	1
0	1
0	0
0	0
0	0
0	0
0	118
235	383
0	195
0	118
0	371
0	62
0	4
0	2
0	17
2	13
1	52
2	242
0	222
2	85
0	47
0	32
0	635
0	915
0	842
0	848
0	797
0	825
11	143
9	342
0	588
0	688
0	144
0	102
0	751
0	91
0	117
1	59
0	685
1	162
0	46
12	154
3	186
13	112
21	37
4	368
15	381
0	0
0	0
0	2
0	2
0	2
0	0
0	2
0	0
0	0
0	0
0	2
0	2
0	0
0	0
0	0
0	0
0	7
0	7
21	4
0	7
0	7
0	5
0	3
160	95
0	16
2	23
1	16
3	48
0	1
0	1
0	1
1	1575
0	1687
0	1671
0	1681
0	2137
0	2153
0	1
0	921
0	0
0	1775
0	1279
16	2089
0	2148
0	1934
0	2102
0	2086
0	2146
0	2090
0	2048
0	2104
1	668
5	674
0	2101
0	2096
1	133
0	2160
4	1922
0	1511
0	91
27	1285
2	1114
1	407
0	910
30	870
0	62
0	96
0	2094
0	2137
0	1
0	1
0	0
0	1
0	1
0	0
0	0
0	0
0	1
0	1
0	0
0	0
0	1
0	0
0	0
0	0
0	1
0	0
0	22
0	30
0	25
0	26
67	61
3	10
0	19
0	11
0	1
0	19
0	8
0	3323
0	2948
0	3288
0	3285
8	3357
1	955
0	791
19	3324
15	1281
4	14
0	3331
0	3501
0	3256
0	2644
0	1773
1	3150
0	3324
0	129
3	3322
20	3324
5	816
1	298
0	57
2159	291
17	113
0	90
0	56
113	1
0	24
4	171
0	199
0	46
4	62
0	73
0	329
0	258
1	267
0	145
6	290
2	206
4	152
2	46
4	73
0	77
0	77
0	77
2	78
0	77
6	33
0	13
0	3
0	1
0	0
0	0
0	0
0	0
0	0
0	0
0	0
0	0
0	0
0	0
0	0
0	173
28	1622
0	1135
0	1
0	1
0	1623
0	12
0	103
1	47
0	1222
0	1604
0	1217
0	37
0	851
0	167
0	211
1	612
1	179
0	144
0	289
1	294
2	202
1	175
0	52
0	247
1	116
0	1
0	1
0	1
0	266
0	249
1	236
10	45
20	53
8	8
0	18
11	44
0	30
2	24
2	33
29	467
0	85
3	451
0	4
0	0
0	1
0	3
0	3222
0	3942
0	3737
0	3716
0	3963
0	514
1	2318
0	3637
0	2317
0	3759
0	3558
0	3539
0	461
0	348
4	1853
0	2932
128	1890
0	343
1	429
10	245
22	72
29	63
6	57
0	2054
0	2068
0	2026
0	180
1	109
0	90
0	26
0	151
0	117
0	1462
6	276
0	1006
0	80
0	271
6	60
0	2070
0	35
0	21
55	2
130	0
0	0
0	0
0	0
0	0
0	0
0	0
0	0
0	0
22	0
14	0
0	275
1	1099
0	414
0	749
0	1021
0	835
0	1069
0	1186
0	1054
1	992
0	1189
0	1648
0	972
0	1063
0	1721
0	1253
0	835
1	1181
1	581
19	0
0	0
0	0
1	0
9	0
2	0
0	0
1	516
0	1958
0	1915
1	63
0	77
3	245
1	138
0	713
0	276
0	106
0	64
0	48
0	62
0	50
0	0
0	0
0	448
0	170
0	73
0	118
0	1
0	126
0	0
1	0
8	42
26	51
0	10
0	37
0	1625
0	0
2	1640
151	0
0	116
0	520
0	533
0	74
0	83
0	550
1	71
2	41
0	24
0	57
1	149
0	460
0	49
2	172
0	98
0	13
1	25
0	23
21	15
0	106
16	280
0	150
1	203
5	177
0	192
1	183
0	167
0	156
6	2
0	1
0	1
0	1
31	34
0	34
1	25
4	38
0	30
0	22
1	2
0	101
0	170
104	447
0	410
0	410
0	410
1	254
5	303
0	25
21	28
0	0
0	0
0	0
0	0
0	0
0	0
0	0
0	0
0	0
0	0
0	0
0	0
0	0
0	0
0	0
0	0
1	765
0	701
10	511
0	545
0	39
0	168
0	115
1	281
14	569
0	486
0	259
0	365
18	238
0	105
0	9
0	281
0	1
0	1
0	1
0	0
0	1
9	2782
0	2580
11	802
0	1355
11	1175
21	1144
0	559
5	35
3	322
11	82
1	95
0	507
145	973
0	72
2	106
8	113
2	193
8	154
0	61
1	150
1	27
0	152
1	191
0	49
0	475
0	474
0	483
5	169
2	168
0	168
0	33
0	89
0	0
0	2
2	214
0	167
9	85
0	542
0	632
3	121
0	33
0	200
0	265
0	54
2	74
0	73
1	588
0	42
1	76
129	420
2	416
0	456
2	433
0	478
0	376
1	401
12	354
2	30
0	46
0	31
0	64
0	39
0	39
0	39
0	25
0	25
0	126
0	39
0	39
0	25
0	39
0	39
0	12
0	39
0	112
0	39
0	25
0	124
0	37
2	77
0	74
0	74
0	125
0	79
0	79
0	67
0	79
0	79
0	0
0	0
6	265
16	180
0	177
0	41
5	45
1	51
0	38
0	49
0	32
1	31
0	142
0	68
0	40
0	393
3	199
2	300
6	304
5	21
0	2
0	21
4	20
4	512
150	230
0	216
15	45
3	21
14	25
0	62
0	30
13	17
8	7
0	15
0	114
1	112
0	103
0	103
1	86
2	79
6	65
0	0
0	0
0	0
0	0
6	960
5	1177
1	643
5	141
0	345
0	367
0	351
0	78
0	104
0	122
0	367
2	6
0	321
5	59
0	71
0	38
0	68
1	1465
1	6092
597	223
0	51
4	19
0	46
1012	8497
0	8601
9	984
4	1941
0	5149
16	2947
0	851
4	4350
15	839
0	728
1	539
1	721
2	723
0	721
0	703
8	688
0	665
1	708
3	319
1	187
1	54
0	303
1	301
0	286
0	44
0	23
0	16
2	11
3	4
11	7
16	173
3	173
9	23
6	23
2590	0
0	0
0	0
0	0
0	0
0	0
0	0
0	0
0	0
0	0
0	0
0	1636
0	2907
0	4095
0	3448
0	3846
0	3885
15	3151
0	3213
0	1556
0	3118
0	294
0	2207
124	1878
18	1798
0	1648
1	1826
0	1580
0	1206
11	848
0	587
1	215
0	215
0	174
0	160
1	10
0	10
0	10
0	10
0	0
0	0
1	145
6	3
0	62
0	157
0	21
0	50
0	373
0	231
0	364
0	24
11	16
167	68
0	100
1	101
0	8
1	20
0	92
1	61
1	0
0	12
0	58
0	91
0	185
8	172
9	24
2	118
1	18
6	64
235	32
0	32
0	1115
1	245
2	1090
3	1087
0	1154
1	74
0	1061
21	277
0	201
2	133
0	30
23	139
12	89
28	589
8	32
14	23
14	23
185	40
0	26
1	14
6	1706
0	950
0	1740
0	28
0	32
0	85
6	55
10	444
0	34
37	235
2	172
0	68
0	57
0	1
0	526
0	150
2	340
0	475
24	219
0	289
22	401
0	377
0	526
0	65
0	99
73	640
1	552
0	210
10	174
0	132
1	130
0	20
1	50
0	0
0	0
0	0
1	0
0	112
0	7
0	6
0	8
0	6
0	9
6	8
0	7
0	2
0	3
0	2
0	3
0	1
0	507
27	507
1	274
1	222
2	214
2	105
1	535
1	509
22	364
0	146
2	6
0	9
0	14
0	16
0	3
0	12
0	3
1	0
0	0
170	1783
60	1423
2	318
0	223
1	167
31	272
0	272
0	0
0	0
0	0
0	0
0	0
0	0
2	5399
0	5390
2	5619
2	5397
0	3234
5	314
17	5397
7	2863
40	1504
0	2479
0	2545
0	0
0	0
0	146
0	2561
0	2447
1	2490
0	2389
12	2556
0	160
0	2521
0	107
0	1434
0	128
1	18
0	32
2	179
1	59
0	1413
3	2494
0	368
0	1252
0	266
0	79
515	79
0	74
0	63
1	76
0	178
0	21
0	62
0	98
0	262
28	239
3	7
0	76
0	91
0	79
1	3
0	11
0	848
0	937
0	889
0	867
17	417
25	30
39	189
5	149
83	11520
141	11476
0	11428
14	8579
137	11496
258	8183
6	10164
22	2791
0	157
0	256
0	206
0	198
0	220
0	77
0	0
2	2
0	2
0	0
0	18
154	307
0	89
1	85
0	305
0	299
0	15
0	221
1	0
0	12
0	111
27	313
0	82
6	0
0	61
0	59
0	30
0	49
0	63
1	35
0	52
1	47
0	30
0	23
0	29
0	52
0	14
0	7
0	18
0	44
0	37
0	56
1	5
0	3
0	9
0	11
0	7
0	5
1	5
0	0
0	0
0	0
0	19
0	6
0	534
0	257
0	63
0	2
12	108
1	196
0	510
0	517
0	491
0	545
0	542
2	533
0	27
0	80
2	77
0	540
0	538
3	540
0	507
0	391
0	549
0	41
16	51
0	51
2	52
0	109
0	505
0	535
0	58
0	185
0	533
0	534
1	58
0	35
0	35
1	35
0	68
0	71
0	1
0	25
0	34
0	0
0	1
0	22
1	23
7	465
0	57
0	22
2	69
0	26
0	53
0	32
0	22
0	31
0	65
0	9
0	15
0	327
1	45
0	338
2	132
0	128
2	78
1	6
0	14
0	10
3	21
0	19
0	16
0	7
0	7
0	8
0	17
0	11
0	10
0	9
0	8
0	8
1	0
0	0
0	0
40	12
0	2
0	10
0	79
0	33
0	206
0	290
0	411
5	22
0	217
3	399
0	100
0	240
0	131
0	83
0	12
1	215
2	361
0	2378
2	2334
7	2334
0	690
0	585
0	773
2	853
0	978
38	512
3	39
2	331
6	329
0	4
1	4
0	1
0	0
0	1
9	1
0	1
1	0
0	178
0	414
0	327
0	350
0	225
2	89
2	3
0	2
0	2
0	0
0	2
0	0
0	0
0	2
0	3
459	77
1	77
0	556
0	509
40	468
0	506
0	483
9	54
2	179
0	420
0	425
0	20
3	30
2	9
3	173
0	263
0	63
0	26
0	514
0	72
7	405
0	88
0	60
0	411
0	20
2	48
21	68
3	19
6	8
0	8
0	0
0	0
0	0
0	52
0	20
6	80
0	145
0	6
10	145
1	7
9	14
3	44
3	12
0	2
0	788
0	859
0	636
0	860
0	854
0	945
0	1030
0	295
0	351
0	31
0	23
0	780
0	958
0	165
0	844
0	904
0	795
0	611
0	391
0	759
0	768
0	866
0	348
0	544
0	830
0	508
0	505
0	273
98	454
0	1202
8	635
0	1139
0	1194
4	1194
3	586
0	768
2	42
0	398
1	335
0	186
0	397
0	395
1	386
0	305
2	305
4	322
0	319
0	95
11	197
0	1228
0	1215
0	1082
0	1197
0	1198
0	1212
0	1198
0	1072
0	1043
0	1054
0	992
0	1168
0	1214
0	1213
0	1171
0	1126
0	1157
0	1200
0	1062
0	1170
0	1024
0	1219
0	1162
0	1203
0	1194
0	1116
11	608
0	1057
0	1177
0	1003
0	985
0	1051
0	990
0	879
0	1036
0	997
0	895
0	699
1	821
0	747
0	883
0	570
1	712
0	830
0	803
0	789
0	604
0	765
0	754
0	765
1	572
3	530
1	581
5	139
0	450
1	29
0	353
12	536
1	538
0	27
0	316
0	197
0	237
0	143
0	41
0	127
0	138
0	106
0	70
0	69
0	8
1125	223
0	121
2	102
0	2
0	2
0	0
0	0
0	0
0	25
0	77
0	78
0	106
0	120
1	31
0	65
0	21
0	52
3	27
0	38
0	28
0	19
0	22
1	29
1	33
0	33
0	5
0	0
17	887
35	650
5	302
0	322
0	673
1	471
0	265
0	1
0	1
0	1
0	1
0	1
0	1
0	1
0	1
4	0
2	0
0	61
0	57
56	73
1	3
0	39
2	7
0	18
0	185
2	22
5	18
0	191
1	12
1	92
8	14
12	145
55	114
1	114
0	114
0	198
0	247
0	12
0	8
1	29
0	207
0	243
0	235
1	11
14	9
1	41
0	49
0	23
4	11
3	0
1	12
8	16
0	100
0	0
0	16
2	52
5	36
7	13
0	32
3	46
0	495
1317	862
0	163
4	40
5	436
3	269
1	129
0	234
66	149
0	98
39	5
0	5
152	1447
0	1044
9	437
4	318
6	733
0	324
0	0
0	0
0	136
1	137
0	139
0	137
0	137
1	137
1150	245
32	94
3	138
1	113
0	118
2	13
198	90
2	50
0	60
0	33
0	0
1	0
0	0
0	0
0	0
0	0
0	0
0	0
0	0
0	0
0	0
0	0
0	0
1	0
0	0
0	0
0	0
0	0
0	0
0	5
0	5
136	87
0	56
2	5
0	26
2	486
0	539
0	493
0	389
0	429
0	444
0	443
0	492
0	409
0	469
0	535
0	468
0	434
0	449
0	491
0	515
0	502
0	524
0	539
0	537
0	520
0	518
0	484
0	485
0	468
0	409
0	57
1	94
0	392
0	407
0	325
0	345
0	459
0	517
0	541
0	480
0	448
0	447
0	437
0	530
0	517
0	433
0	502
0	449
24	553
0	302
0	433
0	483
0	422
0	500
0	463
0	435
0	510
0	431
0	372
0	405
0	529
0	415
0	526
0	343
0	347
0	502
0	498
0	504
0	448
0	545
0	491
0	396
0	498
0	364
0	419
0	343
0	505
0	409
0	398
0	64
0	481
0	70
0	168
0	0
0	1
0	1
0	0
0	0
0	1
0	1
0	0
0	0
0	0
0	1
0	1
0	1
0	1
0	0
0	1269
3	840
1	1137
0	701
0	1142
0	479
1	546
2	847
10	786
11	552
0	633
86	486
6	405
0	445
0	452
2	359
0	177
0	258
0	102
3	0
0	6
1	7316
1	175
0	7514
18	7594
27	7523
0	7427
1	920
0	213
0	82
0	204
0	690
17	1155
0	638
8	494
0	3
0	1171
23	173
14	635
38	589
1	265
31	3232
0	1674
0	1
0	1
0	0
0	7
0	8
0	7
0	8
0	1
0	8
0	4
0	7
0	7
4	46
1	1272
0	221
0	367
2	93
1	39
4	120
0	152
0	392
1	1235
0	1270
0	119
1	39
0	165
1	38
0	37
0	190
0	79
0	762
3	248
0	794
0	90
0	213
0	257
3	220
45	153
0	19
0	109
0	137
10	172
28	375
1	94
14	224
0	118
0	243
0	92
4	206
0	0
0	167
1	148
0	164
0	0
0	104
5	136
3	139
6	433
0	50
0	12
607	698
1	206
8	374
4	151
0	427
1	164
0	103
0	695
14	245
1	11
0	26
2	6
0	15
1	326
0	9
0	231
5	24
2	25
0	652
0	1073
0	1035
0	149
0	1121
0	1102
1	64
0	642
4	607
0	233
0	34
2	957
0	85
0	202
2	0
1129	6860
0	5695
0	306
0	4173
1	304
2	1589
0	1502
7	234
0	1817
11	1505
0	1507
0	1125
37	0
0	9
0	17
0	18
0	4
0	17
0	15
0	13
0	18
0	14
0	18
0	26
3	21
0	4
0	5
0	7
0	15
0	0
0	8
0	2
0	2
0	0
0	10
0	10
0	9
0	1
0	5
0	7
0	8
0	3
0	0
0	0
140	416
0	97
0	116
0	13
0	7
21	283
0	29
0	119
5	4
0	3
3	804
0	385
8	250
124	147
1	466
2127	886
0	230
0	381
0	113
0	0
0	56
0	115
0	49
6	456
0	44
0	420
6	380
0	15
0	45
2	65
0	11
1	28
0	85
8	111
0	86
21	199
98	197
8	642
2	1003
0	1254
0	742
2	332
3	823
0	713
3	141
2	8
7	178
0	293
0	170
0	130
0	90
0	96
10	87
0	48
0	50
0	29
0	29
0	29
0	29
0	0
0	2
0	3
0	0
0	3
98	2667
0	2667
2	134
0	1722
1	1389
0	100
0	125
4	130
6	93
0	4
0	4
0	2
0	2
13	1647
0	246
7	1645
0	34
2	86
8	480
5	445
117	779
0	456
69	404
5	366
8	266
62	423
0	89
8	81
0	34
0	86
0	6
2	3
9	0
0	37
1	500
0	508
341	829
322	302
1	298
0	251
1	218
0	237
0	65
2	114
2	38
0	4
0	265
0	242
0	262
0	175
0	239
1	264
5	240
0	186
0	150
0	103
2	55
0	99
1	115
0	88
0	99
3	198
0	126
1	14
0	3
0	4
0	5
0	20
6	12
0	5
0	1
0	2
0	789
0	777
0	290
6	26
10	68
0	130
6	142
2	130
0	732
2	254
10	93
0	0
0	235
0	221
0	154
0	129
0	223
0	11447
0	10998
0	13
0	11450
0	178
0	11
8	2
3	4
17	220
1	2086
0	2012
1	1944
0	2015
0	2007
0	1891
0	1953
0	1847
0	1465
0	1459
0	469
0	615
0	170
0	810
0	179
10	822
0	770
6	737
4	94
0	45
0	261
5	189
0	56
0	246
1	227
0	196
0	49
2	85
690	0
1	0
0	6
0	10
0	1
10	7
0	1100
3	1120
28	199
2	755
0	807
0	72
3	152
9	116
0	10
2	34
0	29
0	34
0	26
11	81
1	599
0	121
0	57
3	279
0	23
0	261
396	1230
5	165
0	184
6	829
0	213
0	0
0	0
3	235
2	236
0	244
17	23
0	29
0	26
0	36
3	92
43	52
0	228
22	512
0	478
0	118
0	129
0	77
0	48
0	93
0	12
0	12
7	14
0	14
0	0
0	1
0	0
0	4
18	42
0	22
7	10
122	37
0	47
0	36
0	15
0	21
0	15
0	21
0	5
0	13
1	8
0	0
4	117
0	121
1	9
0	6
0	3
3	27424
5	23948
0	24033
206	20980
0	24221
0	23305
0	22135
0	25026
0	3307
0	26431
0	5244
51	16901
0	24833
21	8139
1	5269
0	2112
7	20210
0	0
1	1028
0	2346
0	21454
0	1000
1	25207
0	10558
4	5146
1	5216
0	2092
1	2518
0	2
0	122
0	942
0	132
0	943
0	661
0	648
0	781
0	652
0	0
0	744
0	657
0	653
0	473
0	941
0	0
0	1139
0	2305
1	0
0	2123
0	2116
0	2113
0	108
0	0
0	0
0	743
0	764
0	1118
0	707
0	983
0	778
0	1099
0	1
0	109
0	646
0	2194
0	0
0	0
0	1482
0	1051
0	0
0	0
0	68
0	61
0	32
0	21
0	75
0	79
0	108
0	0
0	0
14	840
1	176
1	0
0	108
0	21
0	5
0	5
2	7
0	4
0	2
0	10
0	2
0	2
0	2
0	0
0	1
0	1
0	1
0	0
0	1
0	1
0	1
0	1
0	1
0	0
0	0
0	0
0	0
0	0
0	0
0	0
0	0
0	0
0	0
0	0
11	9
0	2
1	332
0	337
4	57
1	64
2	53
2	26
0	0
0	0
0	0
0	0
351	1144
1	156
0	850
0	1082
15	55
0	69
0	137
1	217
0	579
1	799
0	874
0	45
0	122
0	55
0	183
0	6
0	291
14	82
0	420
0	33
2	126
1	87
4	117
0	199
0	208
1	1
0	219
15	8
0	1737
7	1734
1	1716
12	912
0	765
5	9
0	205
0	247
5	153
0	63
0	20
1	7
13	3476
11	3160
1	3184
3	3534
9	3153
0	3261
8	2755
0	3150
5	186
19	810
8	195
13	39
0	1
1	2514
0	495
8	262
0	683
9	466
18	1542
7	1445
6	257
4	104
0	207
1	174
1	574
0	451
45	889
2	870
3	260
3	432
1	110
9	216
1	175
0	48
0	76
749	778
0	28
0	28
0	181
22	252
3	165
28	51
22	102
21	326
0	310
4	138
13	149
2	125
0	48
0	112
1	1
0	1
0	1
3	5
2	44
0	251
1	221
1	159
181	244
0	110
0	1532
0	1355
3	1278
1	1310
0	1435
0	1341
0	1555
0	1363
9	1442
0	1386
22	1445
0	1508
0	1449
1	1181
0	1481
0	1459
0	1496
0	1458
0	1570
0	1633
0	1466
0	1457
1	1589
0	1514
0	1443
0	1451
0	1392
1	1141
14	1131
0	154
0	782
0	173
0	200
0	268
0	168
0	308
0	338
0	230
0	302
8	303
0	35
0	124
0	34
132	284
1	50
0	37
0	108
17	239
0	39
0	62
0	90
0	14
0	39
6	33
0	93
108	137
0	93
0	104
1	46
0	51
0	15
0	35
1	2
0	2729
8	2432
2	2345
5	1528
1	1010
0	18
1	228
0	2464
0	2600
3	68
0	140
6	158
3	283
18	253
1	219
0	232
0	249
4	37
78	545
0	552
2	450
1	91
0	75
0	266
1	39
3	1
0	114
0	99
0	87
0	59
0	49
0	42
7	38
0	36
0	2
0	0
0	0
0	0
0	0
0	0
13	11
16	6
0	5
1	5
2	318
0	212
318	444
8	231
12	600
2	643
0	137
0	286
0	289
0	226
0	159
0	145
0	65
0	64
0	39
0	57
0	22
0	29
15	24
0	1
0	0
0	0
0	0
0	0
0	0
0	0
0	0
0	0
0	0
0	0
0	0
0	704
0	673
0	644
0	647
0	182
0	678
0	524
8	106
0	1021
0	1008
0	792
2	763
0	7
1	26
0	809
0	812
0	3
0	768
0	770
0	825
0	813
0	799
0	801
0	805
0	815
0	86
0	340
0	782
0	802
0	795
0	788
0	802
0	781
0	795
0	51
0	384
0	568
0	815
0	755
0	772
0	790
0	786
0	780
0	788
0	819
0	812
0	817
0	834
0	817
0	792
0	803
0	832
0	777
0	812
0	800
0	825
0	819
0	804
0	794
0	798
0	808
0	280
0	794
0	799
0	47
0	781
0	790
0	0
0	807
0	796
0	47
0	202
0	811
0	786
0	799
0	813
0	789
0	796
0	782
0	45
0	375
0	809
0	0
0	57
0	608
0	796
0	548
2	227
0	0
0	815
0	808
0	801
0	819
0	86
0	51
0	111
0	0
0	6
0	29
0	298
0	797
0	249
1	13
0	113
0	299
0	6
0	181
0	566
0	595
0	616
0	616
0	602
0	348
0	597
0	591
0	602
0	598
0	10
0	532
0	563
0	569
0	72
1	111
0	531
0	545
0	92
0	488
0	28
0	32
0	29
0	2
0	170
1	415
0	418
0	175
0	386
0	371
0	354
0	7
0	34
0	66
0	0
0	102
0	94
1	97
0	2
2	15
0	5
0	1
0	37
0	27
0	12
0	4
0	9
0	9
0	38
0	486
0	413
0	69
0	207
1	396
0	413
0	485
409	82
0	37
0	0
0	0
0	0
0	0
0	59
0	1386
0	1386
65	1285
0	1383
0	97
0	0
0	0
1	100
4	210
0	99
0	104
7	357
0	389
0	79
3	4
396	54
4	4
3	53
0	310
0	1276
1	1293
3	4
0	4
0	700
0	103
0	34
0	1063
0	1276
0	5
1	5
3	5
2	4
6	394
210	437
1	296
6	332
1	261
2	100
0	1
0	4
0	4
0	1
7	1056
1	368
2	910
24	580
2	383
0	324
0	224
6	42
6	175
0	171
0	1440
0	1460
0	160
3	247
3	94
0	107
0	436
4	206
0	414
16	9
0	178
1	141
1	152
0	326
4	3
7	154
0	328
0	328
0	176
0	89
11	42
3	91
5	95
10	93
1	23
0	0
0	4
12	0
0	4
0	0
0	5
0	4
0	0
0	4
20	115
11	78
0	109
0	60
0	14
0	16
0	29
0	18
0	64
0	28
0	28
0	20
0	0
0	42
0	43
0	0
0	24
1	11
0	35
0	5
0	5
0	29
0	31
0	14
0	17
0	7
0	7
0	18
0	1
0	0
0	5
1	7
0	4
0	0
0	0
0	4
0	4
0	4
0	0
0	0
64	97
48	172
0	160
2	14
5	14
617	308
0	309
1	104
0	0
0	0
0	0
0	0
0	0
0	0
0	0
4	423
12	338
3	16
0	19
0	328
0	14
0	23
0	25
0	28
0	5
0	620
21	68
0	559
2	87
3	96
0	50
0	48
0	85
0	75
0	48
0	48
0	37
0	75
1	1
0	39
0	5
61	302
0	177
1	302
0	74
0	129
2	0
0	27
0	46
0	43
1	31
0	42
0	14
35	51
0	44
2	49
0	10
0	6
0	6
0	6
0	6
0	6
0	6
0	5
0	5
0	6
0	6
0	0
0	1
1	0
1	0
0	0
129	635
1	517
0	542
1	521
0	80
2	518
0	0
0	0
356	108
0	84
9	24
1	224
1	481
0	458
0	447
25	72
0	491
0	456
2508	2248
6	140
5	674
38	1130
0	711
2	230
0	0
0	2
0	2
0	0
2	0
0	0
0	0
1	3
6	0
89	0
0	11
0	12
0	53
0	51
0	48
0	111
0	53
0	12
0	12
0	53
0	106
0	106
0	40
0	40
0	41
0	40
0	41
0	50
0	41
0	0
4	9
0	0
0	0
0	0
1	0
0	0
1	0
0	573
374	573
0	46
0	0
0	0
0	0
0	0
0	0
0	0
25	328
0	1278
0	1280
42	1280
1	3
0	0
0	0
0	0
0	3
0	0
0	545
0	516
0	228
0	104
0	25
11	26
1	83
17	239
7	26
0	22
6	22
0	170
1	3
3	3
0	0
1	1
0	0
0	0
0	0
0	0
0	0
0	0
0	0
0	7044
14	4518
80	17745
0	8229
5	883
0	10891
3	600
1	817
0	15212
0	15088
6	11967
0	11642
0	10701
0	13856
6	11408
0	10587
0	12810
0	11233
2	6243
12	4958
0	12315
1	9427
0	4309
0	9492
0	6616
0	2048
0	4233
6	2938
0	2689
2	2401
0	2900
0	692
0	622
0	1198
0	1469
51	1205
0	1725
2	801
0	1637
16	955
0	1506
0	1646
0	786
3	1403
13	1577
10	1421
2	1558
0	1467
0	1260
0	634
0	926
0	986
0	293
0	738
4	112
0	98
0	539
0	476
0	247
0	540
13	242
0	95
0	296
15	171
33	171
0	17
0	3
0	3
0	3
0	0
0	0
0	0
0	0
0	0
0	0
0	0
0	1
0	0
0	0
0	0
0	0
0	0
0	0
0	0
0	0
0	0
0	0
0	0
0	0
0	0
0	0
0	0
0	0
0	0
0	0
0	0
0	0
0	0
0	0
0	0
0	0
0	0
0	0
0	0
0	0
0	0
0	1
0	0
0	1
0	1
0	1
0	1
0	1
0	1
0	1
0	343
0	120
0	0
0	0
2	316
3	493
0	433
1	459
0	191
0	380
1	396
2	425
0	406
0	440
0	422
0	372
1	399
0	422
0	427
0	246
2	216
30	99
0	0
0	1
0	1
0	0
0	1
0	1
0	1
0	1
0	0
0	0
0	0
0	0
0	0
0	1
0	0
0	279
42	290
0	36
1	51
0	279
3	64
0	176
0	57
0	42
1	109
4	74
1	7
0	68
3	108
1	35
0	60
12	67
1	178
1	15
4	23
11	4
0	12
0	12
0	12
0	12
0	12
0	0
0	12
0	545
0	197
0	587
0	281
0	64
0	217
1	188
1	159
7	30
0	119
4	0
0	30
2	88
0	36
10	3
0	3
0	0
0	0
0	0
0	0
0	0
0	348
2	764
0	718
0	302
0	2779
151	2703
10	582
0	363
121	1158
15	40
1	0
52	1338
0	581
0	582
0	810
0	763
172	353
0	90
0	104
0	339
6	202
1	1129
1	1126
4	1184
61	861
3	88
0	146
0	85
1	86
0	59
0	48
0	1073
0	1073
1	1099
0	1108
0	50
0	50
0	50
0	50
1	1
2	46
0	629
0	629
0	655
0	696
0	233
0	560
0	727
0	249
1	568
16	48
8	724
0	0
0	161
13	28
7	335
28	128
1	656
0	739
0	739
0	599
0	676
0	685
0	664
2	738
2	659
2	560
0	705
6	611
5	237
0	243
0	310
0	306
0	257
0	1050
0	1152
3	106
0	1148
0	68
1	1067
0	519
0	1098
2	104
0	237
2	127
0	150
13	0
0	308
7	51
1	24
0	264
2	148
2	83
0	256
1	106
3	1236
0	1112
1	1019
0	316
0	234
1	130
32	655
0	150
0	155
0	137
0	0
0	0
0	0
0	0
0	0
0	15
0	12
0	11
1	15
0	5
0	2
0	2
0	3
363	134
0	59
2	54
0	62
0	25
0	0
13	132
13	567
0	634
0	525
0	407
14	303
29	414
17	159
1	255
1	117
2	81
0	35
0	270
0	172
0	1888
0	1836
0	1644
0	184
10	2214
0	77
1	730
16	47
4	0
0	1992
0	2200
0	220
0	324
0	4
31	4
6	127
0	24
0	324
0	49
490	1363
67	628
0	1105
1	20
0	348
25	971
242	565
3	95
3	182
1	967
0	289
0	0
0	0
0	0
0	0
0	0
0	2
2	416
2	713
0	369
9	362
5	295
4	397
0	117
0	107
0	0
0	157
0	161
0	161
0	153
1	72
0	163
0	96
4	8
1	2774
112	2782
18	1104
1	201
6	1119
54	263
12	443
0	109
1	83
3	592
0	604
0	580
2	592
0	246
0	370
4	516
0	516
0	29
1	493
3	216
0	297
1	413
0	454
0	208
0	177
1	3
0	0
0	3
0	3
7	146
18	133
0	150
16	18
0	49
0	125
0	62
0	129
2	36
0	105
1	18
0	94
0	35
0	48
0	44
0	24
2	47
0	0
0	0
0	7
0	222
0	162
0	50
0	356
0	335
0	121
0	4
0	4
0	3
0	2
3	2
0	13
0	288
25	58
0	267
0	26
0	282
0	18
4	16
0	37
7	13
1	7
0	703
10	509
0	302
0	246
0	200
133	432
0	110
35	433
2	182
0	0
0	0
0	0
0	0
0	0
0	0
0	0
0	0
0	233
6	251
0	215
0	104
0	32
0	61
4	24
0	20
0	25
164	7
0	7
0	0
0	0
166	62
1	4
0	61
0	14
0	0
0	0
0	0
0	0
0	0
0	0
1	680
1	680
0	680
0	751
0	721
0	650
0	756
0	574
6	199
0	718
0	664
1	707
1	727
0	772
0	722
0	775
0	649
0	678
0	712
0	713
0	740
0	662
0	598
0	670
8	666
0	758
0	266
0	710
0	688
0	754
0	607
0	755
0	678
0	777
0	670
0	776
0	731
1	775
0	734
0	746
0	731
0	736
0	710
0	736
0	682
0	637
0	561
0	689
0	736
0	754
0	608
0	667
0	639
0	593
0	141
1	636
3	408
0	366
0	261
4	98
0	7
0	1078
1	955
1	1008
0	725
0	1081
0	1013
0	1078
0	1077
32	946
4	290
0	285
0	257
102	193
0	262
0	233
0	318
0	380
0	402
0	369
0	202
0	209
46	136
0	147
0	93
0	73
0	95
0	60
0	13
0	9
1	7
0	168
0	6
0	19
0	133
0	160
0	44
0	22
0	170
0	4
0	31
0	20
0	33
0	134
0	18
0	15
2	68
32	296
0	296
0	170
0	167
0	159
0	31
0	1906
0	1944
0	205
1	148
1	1368
1	272
3	304
19	444
4	444
2	134
2	90
0	51
0	560
0	551
0	0
0	0
0	0
0	0
0	3
0	3
0	1
0	0
0	0
1	2431
10	260
0	2288
0	839
14	340
18	1516
0	2018
0	1600
8	87
0	99
214	0
0	17
0	21
0	17
0	18
0	22
0	21
139	21
0	8
1	2
0	3
1	11
0	575
0	570
1	237
190	189
0	142
0	88
1	88
8	32
0	509
6	498
0	513
0	485
3	513
2	457
0	54
2	39
0	146
0	234
0	126
0	64
4	104
0	82
0	62
0	58
0	87
0	87
0	86
5	67
0	41
0	74
0	65
0	844
0	820
0	28
0	838
0	659
0	150
0	853
0	824
0	861
0	854
0	611
0	794
0	621
0	163
0	175
0	19
0	213
2	213
1	7
4	213
37	10
0	10
0	455
0	69
0	455
0	439
0	461
0	432
0	436
0	438
180	468
0	29
0	442
0	456
1	46
0	181
0	126
1	15
0	454
1	443
0	101
0	440
0	60
0	460
2	88
0	213
0	363
0	450
0	1
3	12
1	415
2	35
0	322
3	406
3	302
1	377
0	34
14	217
4	109
0	300
0	245
0	54
0	316
7	261
0	52
0	71
0	21
12	80
3	21
0	36
0	31
0	0
2	3
0	2
0	0
0	2
11	34
0	34
0	34
0	32
0	34
0	0
0	22
0	21
0	11
0	9
0	2
0	11728
0	11690
0	1172
0	421
0	987
0	1220
0	701
0	0
0	0
0	40
0	40
0	30
0	26
0	27
0	5
0	14
0	42
0	40
0	26
0	28
0	23
0	38
0	34
0	38
0	38
0	1
0	35
0	1
0	40
0	11
0	38
0	33
0	24
0	25
0	26
0	26
0	38
0	27
0	21
0	22
0	34
0	12
0	9
0	21
0	1782
0	1730
3	1313
0	1242
0	1162
0	0
0	0
0	100
1	130
1	176
0	213
89	237
27	146
0	221
0	183
0	213
0	145
0	92
10	131
0	130
0	64
0	106
0	98
0	38
0	66
0	56
2	1
0	2
0	1
0	1
0	3
0	0
0	0
0	0
1	0
0	0
0	0
0	0
0	0
0	0
0	1
0	1
0	0
0	1
0	1
0	0
0	111
0	6
39	120
0	77
0	102
1	14
0	81
11	56
1	0
56	50
0	49
0	9
0	6
0	7
0	5
0	413
0	321
0	523
1	398
0	143
9	138
0	10
2	21
3	279
0	404
0	179
887	1531
0	226
0	63
17	76
1	35
0	556
0	1513
2	170
0	207
2	282
1	87
0	337
1	114
1	253
0	187
0	276
15	241
0	235
0	421
0	256
100	1433
1	0
0	81
1	99
5	132
1	78
5	107
1	198
0	0
0	0
2	98
4	240
0	150
0	205
1	175
5	154
17	172
0	155
0	184
0	218
0	235
26	70
0	200
0	212
0	185
0	105
0	114
3	37
0	91
0	53
16	57
4	21
0	36
40	5
3	5
0	73
0	83
0	47
0	0
25	8
1	47
0	36
0	0
1	45
0	147
0	150
0	114
9	44
0	36
0	21
0	2
0	179
1	491
6	155
0	268
0	402
0	417
0	274
4	384
0	379
0	468
0	490
9	407
2	170
8	160
15	127
1	2
0	2
0	405
3	361
0	276
0	342
1	450
0	437
1	147
1	0
0	11
0	2
0	10
0	10
0	0
0	0
0	1
0	10
0	10
0	9
0	2
0	2
0	0
0	0
5	4
0	338
13	0
0	131
0	917
26	133
0	472
0	820
1	530
0	98
0	496
0	40
0	375
0	818
0	359
10	400
3	346
0	19
0	20
0	35
0	34
0	2
0	12
0	9
0	11
0	1
0	1
0	1
0	0
0	0
0	1
12	247
1	354
0	437
0	481
0	450
0	476
0	461
4	512
0	508
3	463
0	332
0	414
0	380
0	444
0	445
0	427
1	371
0	77
0	326
0	156
0	345
1	27
3	254
21	133
0	135
0	242
2	210
3	188
0	218
0	129
5	179
0	129
0	127
0	103
0	78
0	2649
0	1662
0	497
0	525
8	129
0	0
4	376
0	572
1	1601
31	319
143	2430
0	144
0	369
0	517
0	154
0	236
0	2648
0	1492
0	2646
0	0
0	0
0	0
0	0
0	0
0	0
0	0
0	0
2	304
0	1711
0	1800
0	1920
0	1723
0	0
0	1101
1	1907
2	196
0	984
0	1169
0	753
0	609
0	430
0	535
0	720
1	415
597	0
602	783
0	268
4	264
4	265
0	125
0	2554
0	473
3	213
0	199
0	668
6	586
0	2153
0	389
0	21
0	1488
0	247
1	632
0	19
0	377
0	212
1	361
0	516
0	509
1	346
5	481
0	473
0	351
4	380
0	421
0	469
0	476
0	481
1	429
1	378
0	344
2	331
1	333
0	268
15	173
2	83
0	172
0	172
0	129
0	106
0	101
0	0
0	0
0	0
356	141
3	141
669	0
5	889
25	945
0	222
2	172
39	0
0	27
1	27
13	1045
3	952
3	975
1	637
2	290
0	93
8	2
0	1
0	1
253	982
29	917
0	839
7	0
11	757
33	757
1	618
2	228
6	478
1	969
110	990
1	570
0	262
0	523
0	880
0	306
0	284
0	88
0	149
0	262
0	136
6	489
0	486
0	478
2	351
0	245
1	25
0	36
0	48
0	44
0	40
0	34
0	34
0	10
0	2
0	2
2	2
0	20
67	63
0	50
0	4
0	8
1	3
0	3
0	12
3	0
0	3
0	3
0	3
0	111
0	89
0	621
0	670
5	621
142	636
0	621
0	712
0	91
0	81
1	68
0	47
0	64
0	89
15	79
0	90
0	73
9	30
0	1401
0	183
2	15
1	52
1	34
5	123
0	111
1	32
6	31
15	1419
5	0
1560	0
1	23
39	23
0	8
75	451
3	452
1	45
1	4
1	5
0	67
0	54
0	8
0	5
501	55
0	53
0	32
2	15
115	31
3	409
3	419
1	42
1	22
1	23
3	23
9	4275
164	370
433	5206
21	778
16	1764
11	410
0	535
2	737
0	274
179	287
731	5358
148	5025
12	1808
1	643
57	3081
0	1149
0	530
0	341
0	59
0	468
0	418
53	271
0	384
0	355
0	80
0	148
0	113
0	60
0	97
0	102
0	62
0	46
0	77
0	77
0	77
0	70
0	40
0	32
0	3
0	3
0	0
0	1
0	1
0	1
3	389
4	167
0	132
0	169
0	160
0	211
0	271
1	782
0	837
0	836
0	847
1	799
0	812
1	146
1	122
2	802
1	818
0	803
0	806
2	38
1	866
0	837
2	39
0	153
0	174
0	199
2	65
0	510
3	130
0	145
0	464
10	407
0	376
0	361
2	271
0	306
0	267
0	260
0	260
0	275
3	59
0	195
0	732
0	519
12	122
0	482
0	735
0	487
0	457
0	520
0	520
0	479
0	624
0	178
0	115
11	160
0	0
0	0
0	0
0	0
0	0
0	0
0	0
0	0
0	0
0	0
0	0
0	0
0	13
0	42
0	37
4	32
0	42
0	12
2	12
0	5
0	43
1	4
0	4
0	2
0	2
2	2
0	2
1	2
0	1
0	1
0	0
0	0
0	17
2	85
0	83
0	70
155	700
0	681
2	172
0	106
4	19
162	428
0	400
0	409
0	436
1	78
0	103
1	55
10	26
0	0
1050	166
0	166
0	435
0	492
0	135
2	299
17	90
3	581
1	1410
1	1393
1	1444
0	391
0	2
0	91
0	463
0	144
1	579
0	577
0	32
0	32
0	88
0	36
0	22
0	26
0	32
0	88
0	618
0	574
0	650
0	636
0	630
0	585
0	627
0	628
0	201
0	626
0	593
0	600
0	618
0	618
0	574
0	31
0	480
0	518
0	501
0	480
13	32
0	15
0	32
0	25
0	273
0	52
0	222
1	1
1	214
4	310
0	298
3	72
33	178
4	109
0	55
2	61
0	39
1	44
0	26
96	283
0	258
0	10
2	34
4	30
2	29
0	24
0	49
1	369
4	187
8	175
0	341
0	383
21	186
2	271
0	309
0	105
1	80
0	81
9	5
30	0
3	43
0	59
0	60
2	23
0	32
0	44
0	45
0	38
0	40
0	0
0	1382
53	841
8	931
0	1433
0	1442
7	205
4	240
7	167
0	228
0	70
0	160
2	123
2	108
0	25
2	98
0	12
0	9
0	9
0	12
0	9
0	9
0	13
0	12
0	10
0	13
0	3
713	0
0	0
0	0
4	0
1	28
0	76
0	367
0	1
0	357
0	362
1	8
0	363
0	371
0	465
0	377
4	394
3	117
0	421
0	911
0	893
0	333
0	20
1	129
6	128
0	22
2	44
0	12
0	14
0	131
0	434
0	420
29	432
0	29
0	22
0	10
0	154
0	435
6	15069
270	10341
4	15179
9	15116
30	15094
3	13251
0	14
0	61
3	157
0	157
32	0
394	565
0	38
2	50
0	116
0	63
16	458
0	5
0	216
2	173
0	37
0	36
0	52
0	27
3	71
6	120
0	38
0	155
3	2053
0	2053
0	1546
2	98
0	155
0	546
0	533
0	533
3	8
1	0
1	3563
0	262
0	2176
0	2553
0	2291
2	3436
0	268
0	2144
0	2389
0	3493
0	2538
62	490
0	104
59	1453
2	194
2	2222
0	179
2	210
0	447
0	144
3	460
38	287
0	64
0	289
1	318
0	326
0	97
0	93
0	92
0	81
3	65
0	57
24	720
0	738
0	693
93	643
32	639
20	454
7	800
8	808
2	326
0	253
4	60
26	65
0	50
6	19
0	62
0	72
0	4
1	0
0	825
107	1124
25	103
2	1067
0	3
0	4
0	4
0	2
0	4
0	1
0	1
0	0
0	0
0	0
0	0
0	0
1	0
0	0
0	0
0	0
97	652
0	216
0	278
2	371
0	415
4	456
0	244
2	136
0	491
0	284
0	1182
0	605
0	28
0	22
0	32
0	31
0	35
0	35
1546	451
4	112
26	169
2	117
5	298
0	0
0	0
0	0
0	0
0	0
0	0
0	0
2	357
1	141
0	587
0	575
0	696
0	789
0	645
0	699
0	556
0	618
0	585
0	561
0	557
0	577
0	665
0	554
0	557
0	574
0	541
1	282
0	357
0	539
6	219
0	548
0	505
0	526
0	175
0	110
0	220
0	461
0	418
0	496
0	424
0	474
0	614
0	404
0	185
0	165
0	89
0	329
0	286
0	500
0	356
0	178
0	18
0	15
16	17
0	8
20	51
0	51
0	1522
0	1522
4	455
2	40
1	93
0	1522
0	34
0	97
0	69
0	60
11	88
0	372
0	347
1	371
0	146
0	358
5	50
1	193
0	197
0	95
0	136
0	133
0	110
1	28
14	37
0	43
0	21
0	318
4	396
0	426
0	774
2	0
91	384
6	330
0	341
1	340
3	40
5	26
0	8
0	0
0	0
0	2630
0	2640
7	2671
0	2359
2	2541
0	2573
1	2318
0	2396
0	1594
3	2070
0	2558
1	2515
0	2042
0	275
0	2328
0	2243
1	1897
1	1864
0	2320
0	110
0	215
0	172
0	294
0	2054
4	118
1	294
0	226
0	4
0	1004
0	2582
1	2575
0	3
0	0
0	0
0	0
0	0
0	0
12	3
0	0
0	0
1	87
0	89
11	89
0	9
0	5
0	3
0	124
2	73
0	61
0	61
0	30
0	58
0	29
4	57
1	30
0	31
2	2
0	10
0	9
6	43
0	16
2	8
0	7
0	15
0	15
2	486
0	110
0	1742
0	1672
0	974
1	107
11	1795
0	1630
0	1243
0	1236
0	515
0	342
0	128
0	256
0	0
0	0
0	1
0	1
0	64
16	64
11	255
3	225
0	317
0	203
0	222
0	216
0	216
0	224
1	234
0	149
0	101
0	61
0	101
0	64
14	77
0	78
0	52
0	78
9	42
0	25
0	21
0	0
0	0
0	0
0	0
0	0
0	0
0	0
0	0
0	0
0	0
3	3
7	4
2	3
3	1
0	7
0	208
631	237
17	38
0	189
0	154
0	180
0	155
0	181
0	112
0	60
1	8
5	30
0	19
1	25
1	14
3	15
4	17
0	21
0	19
0	19
0	23
0	11
0	154
0	0
615	0
0	9
0	0
0	5
0	1
0	9
0	0
332	123
0	105
1	5
31	17
14	1
0	316
0	317
0	300
2	305
0	312
0	120
0	8
0	8
0	104
0	201
252	1673
0	329
15	185
4	276
0	173
0	212
6	132
0	254
1	47
2	369
0	283
3	352
3	350
0	274
0	38
0	30
0	33
2	37
0	37
2	1
0	0
1	259
0	1
5	266
42	34
158	271
1	705
6	748
17	41
1	715
0	370
0	36
0	46
0	760
0	24
139	36
6	11
12	739
0	20
59	1681
1	3218
0	1663
0	3165
30	3075
0	573
21	99
2	8
0	544
0	509
3	97
1	444
0	366
0	93
0	444
0	63
0	30
0	369
0	362
0	284
0	108
0	136
0	550
0	502
0	377
0	448
0	137
0	174
0	95
0	2113
0	2143
0	2070
0	428
3	460
52	246
0	334
0	522
0	2120
2	128
0	223
0	225
0	96
0	63
16	108
28	226
15	2050
0	293
0	2
0	1
0	3
0	3
0	0
0	0
0	0
0	0
0	42
114	44
2	44
0	168
0	161
0	158
0	14
0	16
0	63
0	77
0	118
0	113
0	6
9	14
18	62
0	111
7	94
5	10
0	17
0	11
3	9
0	14
0	11
0	13
0	11
0	0
0	0
0	0
0	0
0	0
0	0
0	0
46	21
0	15
0	1
6	15
0	12
0	15
0	21
0	7
0	7
0	7
0	0
1	36
0	908
1	28
0	42
0	42
0	876
0	66
0	34
0	17
0	84
0	880
0	0
0	0
0	0
0	0
0	0
0	0
0	0
0	82
0	7
0	120
0	119
0	114
0	69
5	27
2	93
5	18
0	516
14	12
0	73
0	497
0	10
0	30
0	38
0	85
0	520
0	500
0	97
226	4171
0	4149
0	4072
5	123
1	157
3	252
0	402
5	240
24	123
5	587
0	170
16	511
0	426
0	177
3	101
3	101
0	511
0	539
0	488
0	603
2	577
0	0
0	0
0	0
0	0
0	997
0	1022
9	997
0	918
0	647
0	681
0	584
0	620
10	378
0	497
0	463
1	303
0	349
2	109
0	229
0	122
3	0
0	109
0	156
2	106
3	101
0	135
0	109
0	0
0	0
0	0
0	0
0	0
0	0
0	0
0	0
0	0
0	0
0	0
0	0
0	0
0	0
0	0
0	1
0	3
1	21
0	23
0	23
0	8
0	5
0	0
0	0
0	0
0	12
2	11
0	11
3	20
0	11
0	11
0	2
0	0
0	0
0	1
0	3
0	3
0	1
0	5203
0	280
0	2702
0	312
0	193
0	110
0	284
0	349
0	504
0	499
0	313
0	526
0	662
1	390
0	428
0	3602
0	5272
0	5203
0	2469
0	5137
0	58
1	89
0	245
17	729
58	289
2	1538
0	714
0	714
0	723
0	466
0	669
0	616
0	623
0	720
1	9
2	9
0	14
0	15
1	15
0	8
61	11508
0	11519
0	7932
0	7832
2	4814
5	8623
6	10730
7	8827
6	1114
0	3827
0	5922
0	5893
0	5156
0	5055
0	1997
0	5083
0	0
0	0
0	0
0	0
0	0
0	560
0	560
0	560
0	235
0	321
0	226
0	207
0	5
0	4
0	0
0	0
0	0
0	0
0	0
0	0
0	0
0	0
0	0
0	0
0	560
0	560
1	2229
1	267
0	360
0	36
285	2303
29	4
3	1260
1	109
3	166
2	349
0	272
0	333
0	167
0	130
1	196
0	186
14	145
0	78
46	5
0	1
0	1
0	1
0	1
0	3189
265	3189
7	30
9	78
6	84
1	103
5	260
10	135
26	311
3	111
38	346
4	78
0	1
0	1
0	1
0	0
1	71
87	651
0	34
0	41
0	71
2	579
1	164
34	674
1	583
0	366
3	674
0	279
0	70
7	232
0	27
0	39
0	5
9	7
0	0
0	0
0	0
0	0
0	0
0	0
0	0
0	0
0	5
1	5
1	2
0	5
0	6
0	2
0	1
0	1
0	4
0	3
0	4
0	0
0	0
0	0
0	1
0	0
0	13
0	1
0	1103
0	1113
1	682
8	239
0	956
4	389
0	558
0	858
1	1049
0	1118
0	1068
0	1113
0	857
1	810
1	749
0	341
2	194
0	630
0	335
0	550
0	0
0	0
0	0
0	0
0	0
0	1041
22	1044
0	226
1	445
3	33
0	437
4	19
5	22
3	36
0	1032
0	0
0	0
1	0
0	0
0	0
0	0
0	0
0	0
0	0
0	284
0	122
0	248
0	240
0	0
0	0
0	0
0	0
0	0
0	0
0	0
0	0
0	0
0	0
0	0
0	0
0	0
0	0
0	1
149	241
0	41
4	230
174	218
5	29
0	120
0	127
0	12
121	34
0	17
1	17
0	0
0	0
0	0
0	0
0	0
0	248
0	254
0	111
0	51
0	169
0	266
0	225
0	341
0	626
1	696
0	341
0	595
0	470
1	530
0	283
1	441
11	257
0	337
0	283
0	101
7	347
0	370
0	261
0	35
2	304
0	223
27	51
0	203
0	89
0	152
40	180
0	98
0	146
0	961
0	182
1	936
2	31
0	188
1	74
7	103
3	93
4	84
4	223
0	151
0	54
0	166
2	101
1	78
0	0
0	4314
0	4873
0	4479
0	4390
24	4109
1	4543
0	4765
0	712
0	513
5	3055
9	897
12	242
4	1039
63	923
12	425
1	403
0	420
0	234
97	367
0	152
0	362
17	8
0	13
0	13
0	1211
0	960
0	172
0	149
0	240
2	22
9	12
0	139
0	128
0	118
0	110
6	51
0	71
1	17
0	14
0	64
3	11
0	13
0	1276
213	0
2016	629
0	598
0	600
0	233
2	827
1	10252
16	521
2	9887
1	1023
0	9887
6	434
3	1116
0	1118
6	448
1	0
0	430
0	554
0	69
0	126
0	53
0	54
0	58
4	554
4	68
0	31
12	59
0	49
0	67
1	76
10	59
0	557
0	1146
0	1046
8	1135
0	4
0	90
1	4
0	1135
0	9
0	1145
0	11
0	257
12	1007
0	1
3	23
0	5
1	120
0	973
1	58
0	20
3	29
1	42
6	122
0	122
10	3701
0	3792
4	1205
21	3804
2	265
0	171
29	142
2	208
1	118
0	219
1	316
3	13
2	122
1	120
0	127
0	95
0	40
0	2902
0	2286
0	0
0	0
0	0
0	0
0	0
0	0
0	0
0	150
2	149
0	113
0	53
0	8
0	8
372	247
1	247
0	128
0	146
2	71
0	19
0	33
2	0
0	21
0	0
0	689
0	0
1	684
0	691
1	694
3	656
0	45
0	9
0	28
0	15
0	27
0	15
0	11
0	9
0	2
0	3
1	6
0	0
0	18
0	83
17	83
1	78
0	0
0	0
0	0
0	0
0	0
0	0
0	0
0	0
0	0
0	0
0	0
0	97
106	121
1	77
1	83
0	0
0	0
0	0
0	0
0	0
0	1662
1	1666
2	1666
8	1397
2	1283
0	1043
2	812
3	255
56	359
6	160
0	171
4	123
2	76
5	48
0	168
0	259
0	1
0	281
10	614
0	97
0	294
0	275
0	609
0	529
0	472
0	491
0	484
0	453
0	390
2	366
1	44
0	293
0	181
9	313
0	290
0	318
0	64
0	228
1	42
0	135
0	23
0	48
0	45
1	100
0	24
0	19
0	122
0	42
5	17
2	124
0	30
0	0
0	0
0	0
2	740
0	712
0	452
0	424
2	187
2	305
1	480
0	39
0	537
0	528
3	183
3	488
0	563
0	537
2	462
0	254
26	25
1	292
0	215
2	16
1	23
0	7
7	5
0	15
0	17
0	18
0	18
0	18
0	19
0	19
1	0
2	116
0	116
0	102
0	123
0	105
0	28
1	12
0	14
0	16
0	9
0	16
0	0
0	0
0	0
0	0
0	0
0	145
0	0
0	0
0	0
0	2
0	2
0	2
0	0
0	2
0	0
0	0
0	0
0	0
0	2
0	0
0	2
0	2424
1	2433
18	2389
6	2375
2	2462
0	233
0	1421
1	1355
0	1298
1	1061
0	1073
12	99
1	46
0	88
0	1
0	2402
0	1911
15	1955
0	440
0	1093
2	119
9	48
13	107
4	198
1	150
4	95
0	1952
0	219
0	190
3	65
0	236
0	82
0	72
0	56
0	67
0	204
0	212
0	80
0	1481
0	2199
0	2186
0	571
0	1801
0	306
249	15724
46	3624
6	15548
7	15550
0	15549
0	15543
11	15559
13	14723
16	474
3	107
0	260
0	298
0	703
0	1389
9	1059
0	703
5	504
0	125
10	247
0	120
0	62
0	90
5	323
17	644
0	453
0	663
0	644
0	566
7	233
192	409
0	312
0	2
0	0
41	225
0	76
2	208
3	136
0	19
0	1
0	532
5	752
0	18
0	242
0	532
0	556
0	289
8	75
0	435
0	96
2	57
2	79
0	136
4	26
0	713
0	548
0	49
0	53
0	56
2	38
0	38
0	47
0	47
0	56
0	29
0	56
0	56
0	0
0	0
0	0
0	0
0	0
0	0
0	31
2	26
0	31
108	96
2	98
1	13
0	20
0	30
1	184
10	561
0	557
1	10
3	506
0	571
0	471
1	441
0	540
0	175
0	170
0	50
4	33
0	557
0	36
0	9
0	5
1	0
3	105
0	105
0	103
0	0
6	356
0	349
0	308
4	50
0	28
0	4
0	4
0	4
0	3
0	1
0	4
0	187
275	829
37	33
0	259
0	76
3	234
1	331
0	642
0	92
0	271
0	193
41	173
1	237
0	286
3	55
6	377
9	159
0	182
9	40
0	25
0	16
0	20
0	183
0	184
0	184
1	944
3	944
3	6
306	91
0	47
2	22
2	46
0	25
0	28
0	28
0	26
1	7
0	13
0	12
0	21
0	23
0	25
0	19
0	25
0	1
0	0
0	0
0	4
0	4
0	5
0	3
0	4
0	3
1	3
0	4
0	4
0	0
0	0
0	4
0	15
0	22
1	3812
30	3718
162	3541
0	850
8	779
0	268
46	170
0	18
0	5
0	5
7	17
0	7
0	18
0	8
0	5
0	6
0	2
0	3
0	4
0	3
0	5
0	3
0	3
0	2
0	3
0	3
0	2
0	1
0	2
1	2
0	2
0	3
0	4
2	1
0	9
0	2
1	25
0	23
0	5
0	16
0	20
0	1
0	0
0	1
0	0
0	4
0	0
0	1
0	2
0	2
0	0
695	106
8	106
0	42
0	2
0	2
0	2
0	1
0	2
0	2
0	1
0	1
0	1
0	1
0	0
0	0
0	0
0	0
0	0
0	2
0	2
3	149
0	155
0	156
0	155
0	129
0	126
0	119
0	4
1	22
3	6
0	3
0	0
0	0
0	0
0	0
0	0
0	0
0	0
0	0
0	0
0	0
0	0
0	0
0	0
0	0
0	0
0	0
0	0
0	0
0	0
0	0
0	0
0	0
0	0
0	0
0	0
0	0
0	0
0	0
0	0
0	0
0	0
0	0
0	0
0	0
0	0
0	0
0	0
0	0
0	3
0	0
0	0
0	0
0	0
0	0
0	0
0	0
0	0
0	0
0	0
0	0
0	0
0	0
0	0
0	0
0	0
0	0
0	0
0	0
0	0
0	0
0	0
0	0
1	0
0	0
0	0
0	0
0	0
0	0
0	0
1	523
19	379
0	20
2	19
0	19
0	18
0	1
0	1
0	0
0	0
2	0
3	0
0	1
0	1
0	1
0	1
0	1
0	0
0	0
0	0
0	0
0	0
0	0
0	115
0	114
0	145
0	129
0	145
0	32
0	29
0	30
0	7
0	1049
18	1762
0	607
0	1403
0	1741
0	1735
5	714
8	1112
0	1755
1	1690
3	1603
0	620
0	1041
0	1682
0	1703
0	693
0	1612
0	634
0	715
0	1577
0	1681
0	1745
0	560
0	1744
0	1708
1	1666
0	1642
0	1674
0	1624
0	1451
0	250
0	865
0	204
0	220
0	1007
0	115
0	811
4	146
6	588
0	591
33	229
0	129
0	205
0	502
2	306
1	427
0	500
14	171
0	371
19	35
1	240
0	496
0	185
0	81
0	27
90	27
0	69
0	73
3	27
0	0
0	0
1	2
0	2
0	2
0	4
35	610
0	397
0	387
1	515
0	27
9	73
18	145
0	218
0	581
0	207
0	223
0	403
0	313
0	386
0	74
0	4
0	1
0	1849
10	0
0	1688
0	51
21	1678
2	996
3	1251
0	1205
0	785
0	754
31	444
0	735
0	780
0	786
1	84
0	56
0	189
1	7
64	316
0	134
1	134
2	125
4	127
0	93
0	769
0	12
0	12
0	10
0	10
20	331
8	340
0	346
2	351
0	337
0	345
0	337
1	331
0	266
0	24
0	5
0	13
2	1
0	1
2	1
0	909
1	936
0	1021
16	778
0	134
0	694
0	105
0	116
1	44
0	63
3	84
0	86
0	173
0	429
0	347
0	71
0	81
0	78
1	70
0	74
0	59
0	36
0	31
0	6
0	0
0	11
1	25
0	3
0	0
0	3
0	3
0	3
0	3
0	3
0	4
0	4
0	4
0	0
0	1
0	2
0	3
0	3
0	3
0	1
0	0
0	1
0	2
0	4
0	11
3	6
0	2
0	2
0	8
2	7
0	6
0	10
0	10
0	1
0	0
0	0
0	1
0	7
0	7
0	5
0	5
0	7
0	5
1	7
0	4
1	130
0	37
1	131
0	415
0	1207
1	1153
0	415
14	256
0	180
1	86
0	34
0	2
0	29
0	48
1	5
0	107
0	139
0	43
0	41
0	0
0	130
0	39
0	43
0	142
20	0
0	41
0	25
0	41
0	137
1	29
0	20
0	32
0	22
0	1
0	46
0	155
0	139
0	154
0	16270
3	203
0	218
16	59
0	59
0	211
1	31
0	87
0	156
0	29
0	29
0	12
3	218
0	21
5	52
0	337
6362	1744
5	536
0	0
0	0
1	108
0	55
0	405
0	15
0	0
0	795
0	351
0	281
0	202
0	173
0	19
0	21
0	19
0	19
0	0
0	19
0	21
0	114
0	193
1	145
0	142
0	143
0	41
0	134
0	87
0	132
0	109
0	106
0	13
0	13
0	104
0	13
0	48
0	1
0	1
0	1
0	1
0	1
0	1
0	0
0	0
0	0
0	0
0	0
0	0
0	0
0	0
0	0
0	0
0	0
0	0
0	0
0	0
0	0
0	0
0	0
0	3087
0	1932
1	2911
12	2911
9	2907
5	3081
0	1895
0	0
0	0
0	7
0	1
0	2
0	1
0	1
0	7
0	0
0	1
0	1
0	1
0	1
0	1
0	1
0	0
0	0
0	0
2	1
0	0
0	1
0	0
0	0
0	0
0	0
0	0
0	0
351	60
0	50
5	58
18	15
0	555
0	564
0	0
0	0
0	0
0	0
0	0
0	0
0	0
0	0
0	1
0	1
0	0
0	436
0	13
3	13
0	2566
8	208
0	2562
7	498
0	1471
2	1100
51	1202
0	600
1	217
0	2566
0	4926
0	4503
0	4302
0	144
0	444
0	832
1	211
0	4925
0	4505
0	1592
0	0
0	0
0	0
0	0
0	0
0	0
0	8
22	0
0	16
2	16
0	0
0	0
0	0
0	0
0	0
0	1
0	0
0	67
0	9
3	70
0	60
0	7
0	70
0	67
0	58
0	2
0	3
2	48
0	5
0	4
0	14
0	21
0	18
1227	958
4	634
2	868
1	875
2	578
7	630
0	510
2	572
0	336
0	117
0	21
1	22
0	19
0	9
1	1
0	2
0	2
0	3
0	274
0	0
1	170
0	863
1021	885
0	151
0	632
0	632
2	34
6	330
0	455
0	301
0	505
0	746
0	1304
8	1307
0	1348
0	199
0	447
1	447
0	260
27	399
1	576
0	123
0	384
0	124
0	103
1	145
0	50
119	0
0	5453
0	5344
0	5151
0	5107
0	5360
1	4998
0	5437
0	5437
0	3462
0	4944
1	5156
0	4904
0	5306
0	1393
2	1283
0	3250
0	5163
0	5319
1	1084
0	1318
6	776
0	4698
0	884
0	4362
7	1131
1	3798
0	488
0	1336
4	1127
3	516
1	1071
3	1095
1	1318
0	28
1	897
0	1657
0	1709
0	1024
2	793
0	491
0	954
0	1020
0	562
0	242
0	435
0	808
0	808
3	776
1	763
8	146
1	152
0	796
0	62
0	72
3	640
39	662
0	76
0	603
18	552
0	362
0	517
2	482
0	506
61	307
0	255
0	274
0	263
4	266
0	260
1	245
0	257
0	256
6	204
1	204
0	235
0	263
3	272
0	248
0	283
0	11
1	154
0	239
0	199
0	152
6	202
7	150
2	74
0	32
0	88
0	67
0	60
2	53
0	21
0	34
0	48
6	15
0	14
0	0
0	0
1	7540
31	498
0	475
14	5
21	237
10	73
18	208
0	930
0	876
0	898
5	71
28	496
0	174
0	98
3	117
0	456
0	457
2	4
0	0
3	4
0	6
0	5
0	0
0	5
0	5
0	0
0	2
0	0
0	1
0	0
0	1
0	1
0	1369
0	1358
0	1216
0	1214
0	2271
0	2270
1	519
0	1521
3	540
5	1579
1	666
0	754
3	527
0	424
0	445
2	2
0	4
0	4
0	32
6	33
1	2
0	30
0	0
0	0
0	0
725	128
2	128
3	207
268	354
2	298
0	353
0	270
0	76
0	148
0	37
0	51
0	53
0	13
0	22
0	30
0	25
0	25
0	29
0	32
0	29
0	22
1	21
0	399
0	505
0	638
0	488
0	493
0	414
0	529
0	491
0	487
0	453
0	440
0	418
0	438
2	157
0	407
0	178
0	167
0	8
0	123
0	82
0	159
0	78
0	50
0	67
0	67
0	134
0	81
0	50
0	67
0	95
0	124
0	106
0	104
0	130
0	122
1	131
0	117
0	111
0	85
0	119
0	0
0	82
0	28
0	343
0	158
2	87
4	84
25	516
1	300
7	102
1	84
1	369
9	408
0	412
0	291
0	0
0	0
0	0
0	167
0	0
100	824
190	868
1	436
11	137
0	167
0	210
0	0
0	0
0	283
3	4
0	10
0	288
0	7
0	14
0	114
0	283
0	284
0	47
0	106
0	270
0	90
1	7
0	71
0	16
0	562
0	353
2	550
5	79
0	282
0	561
0	251
15	505
1	49
1	191
0	214
3	27
0	188
2	188
0	170
3	167
10	25
2	82
0	22
1	75
0	5
0	29
0	1670
0	16
0	1903
1	1891
125	1798
0	646
5	1895
0	577
0	0
3	177
1	172
2	168
0	30
0	21
4	24
0	2
0	0
0	0
0	0
0	0
0	0
0	0
0	0
0	0
0	0
770	583
0	593
0	481
0	280
0	71
1	57
0	123
0	51
0	12
0	14
0	26
0	46
82	109
0	49
0	50
0	11
0	43
1	1
8	46
0	45
2	44
0	10
0	29
0	11
3	9
8	15
18	4
7	10
0	136
5	133
0	135
1	91
3	42
1	37
0	89
0	89
0	102
0	0
0	0
1409	612
1	99
3	420
2	180
5	70
0	1
0	1
0	1
0	1
0	1
0	1
0	0
0	33
272	398
0	367
0	11
0	0
7	66
0	159
0	99
0	74
0	36
1	30
2	165
0	105
0	44
445	640
7	316
7	640
11	75
0	143
0	105
2	140
0	0
0	0
0	340
20	107
4	101
0	477
0	399
11	472
30	392
0	237
0	406
0	223
3	131
7	99
0	0
0	0
0	0
0	0
0	0
0	0
1	0
0	2483
0	208
0	2343
0	2421
2	2381
1	2391
0	290
0	2485
2	2514
0	2404
0	2570
0	2185
0	2521
0	2134
0	1735
0	2528
94	2341
0	114
0	2525
0	2417
0	53
0	2494
0	2499
0	2324
0	2424
0	2460
0	2395
0	2388
6	2334
0	2413
0	0
0	423
0	65
0	1901
0	2218
0	2174
0	2124
0	2187
0	2121
0	198
2	1924
0	496
0	278
0	885
7	463
0	1113
2	952
0	556
0	250
0	712
0	430
1	16
7	633
0	1481
1	1480
20	1493
0	166
0	101
33	217
4	246
20	327
4	374
7	150
0	330
0	220
0	223
0	216
0	220
0	43
0	116
0	70
0	32
0	48
0	43
0	40
0	31
0	37
1	15
0	33
0	25
5	14
0	14
0	10
0	5
0	2
0	545
0	546
0	477
0	412
0	136
0	79
0	82
11	58
0	22
0	0
0	0
0	0
0	0
0	0
0	0
0	0
0	0
0	0
0	0
0	0
0	0
0	1119
0	0
0	0
0	0
0	0
0	0
0	1
0	1
0	0
0	0
0	1
0	1
0	0
0	1
9	82
0	1
0	1
0	3
0	0
1	2
46	4126
0	4126
0	3695
0	397
0	0
0	4126
2	4127
0	4126
0	245
0	384
0	406
0	298
0	180
1	16
0	1
5	147
0	146
0	175
0	179
0	13
1	10
0	1429
0	437
0	7
0	27
4	32
0	117
3	117
0	7
0	13
1	8
0	11
0	67
0	16
0	45
0	54
0	67
0	16
0	24
0	19
1	14
4	8
0	3
0	8
34	22
3	9
4	18
0	8
26	62
3	62
0	58
0	10
3	0
79	85
1	75
0	63
0	45
1	1
4	23
0	10
0	0
16	160
4	160
2	162
0	13
0	0
0	23
0	94
0	22
0	26
1	9
0	98
0	183
0	182
0	84
0	84
0	16
0	50
0	25
0	5
0	0
0	0
0	183
0	32
54	98
1	34
1	16
9	163
0	14
0	0
0	917
0	154
0	1533
0	97
0	1533
0	384
16	537
22	438
0	36
0	123
1	291
0	296
0	22
0	258
0	67
0	35
0	75
0	74
0	214
2	35
2	245
2	39
1	33
12	40
0	904
0	855
0	505
0	863
0	796
0	895
0	1177
0	588
0	583
0	508
0	366
0	309
0	218
0	219
2	53
0	209
0	197
0	237
0	238
0	228
0	62
0	141
0	218
0	236
0	182
0	223
0	221
0	241
0	237
0	220
0	249
0	246
0	234
0	214
0	245
0	210
0	224
0	180
0	219
0	191
0	219
6	123
0	101
0	68
8	42
0	21
0	36
0	62
1	33
0	45
0	37
0	31
0	20
0	21
0	11
0	21
0	0
0	28
0	37
0	0
0	6
0	6
0	31
0	6
0	6
0	9
0	14
0	23
0	20
0	0
2	0
1	0
1	6
0	1
0	15
0	0
0	8
0	7
0	1
0	1
0	8
5	8
0	549
0	544
0	8
0	35
0	69
35	322
0	24
0	18
21	38
0	3
0	32
0	42
0	218
1	19
0	2
0	20
2	29
4	27
1	35
8	58
0	113
0	0
2	18
0	52
21	6
1	4
2	2
0	3
1	3
0	2
0	5
0	3
0	5
0	2
0	2
0	0
0	2
0	2
0	2
3	299
0	749
0	671
0	656
0	620
0	636
0	627
0	635
0	632
0	614
0	681
0	640
0	671
2	696
8	694
0	666
0	356
0	55
0	85
2	95
0	0
0	272
0	260
0	121
0	181
0	163
19	127
0	133
0	99
0	100
0	38
7	35
0	61
53	60
6	33
0	53
1	39
1	45
1	44
0	28
0	34
0	41
0	0
0	1
0	0
0	0
0	0
0	0
0	1
0	1
0	0
0	0
0	1
0	0
0	0
0	1
0	0
12	146
0	408
0	104
0	408
0	270
3	266
4	274
2	400
0	317
0	0
1	0
0	0
0	0
0	0
0	0
0	0
0	0
0	0
0	0
1	0
0	404
0	295
0	287
0	0
0	0
0	0
0	0
1	0
0	2
0	2
0	2
0	2
0	2
2157	1114
20	874
0	529
3	111
0	389
0	42
1	0
0	156
0	313
0	101
0	148
0	182
0	723
2	719
2	719
2	269
0	104
0	628
0	925
0	402
0	917
0	384
0	377
1	32
4	39
1	25
6	64
2	66
0	0
0	0
0	2
0	4
1	55
2	33
0	28
0	36
0	58
0	2
1	51
0	16
0	18
0	3
0	11
0	12
2	72
5	31
55	258
11	246
0	81
2	151
9	84
0	93
0	102
5	199
0	250
1	105
0	610
0	594
0	607
0	612
0	610
5	609
1	632
0	594
0	612
10	589
5	334
0	8
0	45
0	338
2	615
0	594
0	595
0	637
0	602
0	5
0	333
0	541
0	550
1	625
0	576
0	624
1	260
1	32
1	605
0	32
1	1
0	25
0	12
0	598
0	79
0	553
0	8
0	11
0	74
0	70
0	265
0	35
1	35
0	35
0	35
0	69
0	13
0	17
0	30
0	2
0	21
0	42
0	30
0	53
1	20
0	26
0	36
0	1
0	25
0	28
0	76
0	127
0	0
2	39
0	283
0	35
0	63
0	0
0	126
0	126
0	126
0	1635
0	1578
0	1483
0	1594
0	1588
0	1619
0	1629
0	1433
0	164
255	1763
0	1542
0	563
0	141
4	112
0	893
2	246
5	41
1	62
0	196
0	645
4	645
2	727
0	1079
0	568
0	1049
0	1045
1	524
0	625
0	537
0	963
0	521
0	1023
0	1035
0	1039
0	766
0	690
9	645
0	608
0	631
0	601
0	535
0	594
0	620
0	96
0	465
0	291
1	340
0	113
0	42
5	150
0	87
0	156
2	43
1	17
3	2
0	0
0	2
0	1
0	102
0	226
0	257
0	215
0	225
0	256
0	249
0	251
1	247
1	252
0	249
0	126
0	117
0	114
0	126
0	126
1	143
0	82
1	33
0	5
0	19
0	20
66	55
0	55
1	2738
0	2739
0	2732
7	263
0	1258
74	572
0	742
26	483
0	581
0	396
0	358
0	445
0	410
0	294
11	213
0	215
0	223
0	331
0	323
0	317
0	209
0	184
0	188
0	158
0	186
2	121
594	0
20	45
0	42
0	13
0	0
0	0
0	0
5	4569
0	4801
0	143
0	394
0	4644
0	1906
0	4490
2	98
3	4632
0	215
0	2233
0	252
0	142
0	145
0	243
0	352
3	439
3	2978
0	289
14	314
13	300
0	310
0	290
1	112
6	128
0	155
0	115
0	106
0	92
4	85
0	67
9	167
1	163
3	0
0	163
0	33
0	3
0	14
3	151
0	170
0	23
1	25
0	38
0	350
1	64
1410	804
0	621
10	347
5	418
0	228
1	57
0	0
0	0
0	9797
0	14024
210	14083
1	1983
0	1467
5	10030
0	8339
31	1717
0	1216
8	7436
0	1775
0	1368
4	278
27	5101
204	4899
0	1473
77	693
0	666
2	137
1	305
0	264
1	359
0	133
6	58
1	109
82	2691
1	770
52	1740
2	2337
2	2508
0	2832
0	283
6	296
0	2831
1	360
0	474
0	384
0	90
0	0
431	205
0	146
2	143
0	11
0	88
0	109
1	108
12	0
0	108
0	110
0	105
0	219
0	0
0	0
0	0
0	0
0	0
0	0
0	0
0	266
0	205
0	109
1	352
0	108
0	121
0	100
0	99
0	996
4	1014
0	383
0	353
1	277
0	94
0	145
1	27
1	132
0	755
22	791
1	33
71	72
0	5
0	0
0	4
0	4
4	147
75	79
3	126
22	12
0	272
31	272
0	272
2	55
2	98
0	109
0	37
0	29
0	22
0	1
5	39
1	39
0	36
0	6
0	6
0	2
0	2
0	1
7	1
2	144
0	173
372	416
0	381
182	77
3	22
0	593
2	584
47	483
2	324
3	394
0	9
0	9
0	13
0	13
1	317
0	22
0	22
0	10
0	29
0	29
0	302
0	710
3	28
0	685
0	415
0	377
0	401
0	282
0	0
0	173
0	141
0	80
0	7
3	0
0	81
227	318
0	76
0	141
0	865
2	2
579	2049
3	372
0	647
2	598
4	834
6	205
0	802
2	229
1	74
0	102
0	3
0	101
0	96
0	193
0	92
1	180
0	75
2	44
0	99
0	97
0	85
0	75
0	98
0	26
1	29
9	1
0	1
0	332
0	131
0	761
0	186
0	185
0	239
23	835
0	373
0	42
1	151
0	139
1	287
3	110
0	197
0	268
0	109
0	202
10	152
0	171
3	194
0	145
0	33
0	55
0	16
1	19
8	16
0	14
0	54
0	20
0	116
0	74
0	16
6	0
0	500
0	499
8	233
0	71
0	79
0	114
0	74
20	188
0	16
2	105
0	122
3	143
2372	578
2	394
88	600
284	403
10	394
49	369
56	226
0	277
90	2192
0	2060
1	1703
12	182
35	163
15	212
20	94
0	114
9	101
0	101
0	0
0	0
3	1
0	0
0	1
0	1095
0	154
2	1093
1	553
0	6
0	5
0	4
0	6
3	6
0	6
0	3
0	1
14	4
0	4
0	0
1	0
0	0
0	0
0	0
0	0
0	0
0	0
0	0
0	0
0	0
0	0
0	0
0	0
0	87
0	0
0	81
0	41
0	91
0	83
0	87
0	85
0	89
1	85
0	89
0	77
610	236
1	49
0	38
1	108
0	75
3	34
13	297
0	269
0	293
12	129
0	262
0	270
0	277
3	282
1	51
5	70
4	7
1	47
1	15
0	22
0	22
0	19
0	18
4	1065
5	1061
0	1060
0	983
1	186
0	156
1	50
13	1566
1	1379
0	1029
1	773
0	326
0	0
0	0
0	2189
0	1319
0	2119
0	2133
0	2216
0	1710
0	554
1	382
8	272
4	1023
24	813
0	643
0	587
0	0
0	19
1	40
0	20
2	42
0	10
0	0
0	0
0	0
0	0
0	0
0	0
0	0
0	0
0	0
0	0
0	0
0	678
0	654
3	261
0	524
0	600
0	637
0	616
0	542
0	620
0	464
0	655
0	596
0	595
0	180
228	528
0	407
3	409
0	143
0	413
0	282
0	87
1	50
0	0
0	0
0	0
0	219
61	211
0	214
0	200
0	117
0	210
0	111
0	40
0	49
0	65
15	68
0	79
0	64
22	5149
0	1
91	1339
34	1179
3	1180
1	1102
9	173
0	1049
0	1
0	1
0	1
0	1
0	1
0	1
0	1
0	1
0	1
0	1
0	0
0	0
0	0
0	0
0	0
0	0
0	196
2	180
0	95
7	151
0	26
0	160
0	0
0	0
1	41
0	41
2	41
0	41
1	3
0	20
0	19
0	20
0	40
0	1347
0	4070
0	4125
0	3439
0	2979
9	322
0	316
34	225
0	364
217	2629
0	400
26	98
23	325
7	307
0	340
3	421
20	1529
0	6813
0	6821
1	5007
6	5137
0	5382
0	1237
0	5392
0	6080
0	5053
0	6280
6	6943
0	7069
28	7195
0	7168
0	7370
0	7172
1	7166
8	7178
0	7173
52	4754
0	895
0	0
0	0
0	0
0	0
0	0
0	0
0	0
1	1153
0	1157
0	327
0	13
11	1171
2	1048
0	276
3	909
0	739
0	192
1	525
0	446
18	0
48	1188
10	265
0	343
3	360
5	217
0	222
26	242
1	239
0	210
0	243
0	232
0	29
0	125
1	0
0	0
0	0
0	0
0	0
0	0
0	0
0	0
0	0
157	502
1	502
2	320
6	149
2	145
0	13
0	48
0	26
0	2
0	0
27	378
4	385
0	406
0	210
25	20
0	77
19	73
5	78
0	5
0	5
0	2
0	3
0	4
1	2
0	1
0	1
0	6
0	0
3	6
0	2
0	848
0	47
402	827
0	179
5	112
0	159
0	526
6	484
3	454
0	313
3	171
0	143
0	3326
18	3720
0	3667
206	3768
8	131
1	3767
18	1074
0	3689
0	3172
12	3718
1	3722
0	3161
4	2005
1	1574
0	227
2	152
14	431
0	184
3	433
1	116
0	245
0	205
0	378
0	387
1	367
0	209
2	217
1	363
0	192
0	11
0	250
14	74
0	10
1	41
0	293
0	108
0	254
99	326
7	242
28	58
0	61
0	37
0	272
1	53
16	75
4	89
22	22052
0	22247
21	15178
3	7954
11	4329
0	5271
0	4546
0	4511
0	3935
0	3871
0	3709
0	3155
2	764
0	1154
1	261
0	306
0	292
2	13
0	5542
0	5688
0	5765
0	5542
0	5758
2	722
0	3562
2	157
29	478
0	571
0	567
0	176
7	505
0	388
0	153
0	508
0	477
0	391
5	10
0	2
0	383
1	146
0	155
4	148
0	131
0	99
0	53
0	28
4	19
0	3
0	384
0	41
7	188
8	90
0	1009
15	118
0	864
0	940
22	30
3	78
0	161
0	160
2	80
8	118
0	152
20	102
15	118
0	416
26	297
0	74
1	152
0	393
0	12
0	383
0	2
19	564
0	76
0	314
0	562
0	316
55	1752
0	1684
29	12
1	1337
0	156
0	105
0	1337
0	400
1	19
0	0
0	384
1	3
0	1
0	13
1	34
1	34
0	13
0	0
0	385
0	4
222	278
0	211
0	63
0	394
11	13
1	3
0	384
0	232
0	735
1	96
0	96
0	57
1	85
0	453
0	97
0	53
6	207
20	33
18	46
0	48
0	72
5	130
40	90
0	122
1	143
0	760
0	599
0	30
1	148
0	759
1	609
38	499
0	572
0	568
0	672
0	197
0	601
0	209
9	132
8	183
0	259
0	273
0	285
0	144
111	454
0	155
0	117
0	183
4	131
4	62
0	159
0	61
11	104
0	8
0	388
0	2
0	382
0	390
0	9
0	0
0	0
0	0
0	0
0	0
0	0
0	0
0	0
0	0
0	0
0	0
9	11
0	391
0	78
0	78
7	28
0	74
0	18
0	790
0	754
0	753
0	756
0	722
1	801
0	709
0	756
0	728
1	755
0	727
0	715
0	752
0	780
0	780
0	778
0	780
0	765
0	798
0	739
0	774
0	776
3	417
15	473
0	733
0	752
0	749
0	698
0	764
0	718
0	712
0	729
0	769
0	734
0	793
0	648
0	707
0	762
0	794
0	809
0	654
0	674
1	760
0	731
0	684
0	723
0	732
0	305
0	810
0	746
0	758
0	787
0	776
0	772
0	783
0	800
0	741
0	944
0	764
2	770
0	290
0	769
0	747
0	727
0	497
0	791
0	714
0	711
0	772
0	759
0	766
0	822
0	761
0	905
0	846
0	714
0	514
0	100
0	778
0	722
0	794
4	714
0	760
0	727
0	659
0	708
0	537
0	128
0	239
0	323
0	172
0	172
0	218
0	21
0	86
46	15
44	1259
0	1237
2	920
0	583
2	102
0	9
2	34
5	6
0	387
0	16
0	397
10	107
4	488
0	116
0	69
0	379
0	380
0	380
0	381
0	381
1	375
0	3
0	9
0	9
0	6
0	385
0	4
137	34
0	19
0	22
1	20
0	7
0	5
0	2
3	247
0	639
0	388
0	72
0	65
0	63
0	25
0	87
0	0
0	0
0	1
0	270
1	270
10	269
0	10
0	7
1	8
0	24
0	11255
0	10645
4	10646
0	13906
0	14286
0	14414
0	13952
0	14003
0	12033
0	11559
0	14614
1	11248
0	11248
0	11272
0	11270
0	10564
0	10946
4	13041
0	13388
0	9780
0	14235
0	9623
18	10839
0	13353
0	9112
0	2509
0	1829
0	2239
0	1953
0	1469
0	1479
0	1863
0	1089
0	1406
0	2149
0	1974
0	1770
1	1697
0	1458
0	1529
0	13
443	61
0	35
3	44
1	31
0	27
2	27
0	9
1	10
0	0
0	0
0	8
1	18
0	5
0	18
0	4
0	3
0	3
0	3
0	2
0	2
0	2
0	0
0	1
0	2
0	0
0	413
7	86
4	409
0	403
15	20
0	20
7	375
30	257
0	28
0	61
0	30
0	23
0	29
1	31
0	414
0	14
177	630
4	452
2	158
4	420
0	407
0	16
0	397
0	1
0	90
10	3
3	168
0	170
0	168
0	168
0	168
0	170
1	170
2	168
0	168
3	2
0	383
0	2
0	14
21	3
0	2
5	3
0	2
3	904
0	2521
0	2496
0	2469
0	2431
0	2469
0	898
0	872
0	1973
0	156
0	140
2	126
0	215
0	160
1	691
0	392
2	84
2	85
0	3
0	11
1	5
4	145
0	27
0	25
0	17
0	6
0	5
27	128
0	98
2	104
1	119
0	104
1	11
0	2
2	16
0	6
0	5
6	1
0	165
3	92
0	45
0	117
2	121
0	218
0	245
0	228
0	22
114	50
0	67
2	4
0	21
0	16
407	34
0	117
15	306
1	320
3	82
0	272
0	724
0	904
0	117
9	709
1	851
0	69
0	92
0	223
38	160
5	111
329	318
0	52
0	46
0	29
0	284
0	35
52	240
0	138
2	23
0	373
67	460
0	389
0	63
1	57
0	31
0	121
3	11
2	22
0	26
10	138
2	1164
0	1082
0	1204
0	179
0	193
3	1
0	469
0	1168
0	137
0	1163
0	199
3	16
14	482
18	121
2	135
1	7
0	84
0	2
0	2
0	35
0	34
0	0
0	33
0	96
0	1
0	10
1	14
0	99
1	33
0	140
0	132
0	58
0	29
0	139
0	3
0	8
0	8
5	0
1	275
1	275
0	140
0	871
10	792
0	970
0	746
2	227
0	680
0	987
0	762
0	818
0	871
0	858
0	376
2	625
0	601
3	619
1	520
3	365
1	201
0	236
0	113
10	1543
0	1612
2	712
2	385
7	348
2	234
0	222
21	192
1	62
1	402
6	422
5	84
0	263
20	89
0	57
12	20
201	432
3	432
0	50
0	24
0	56
43	143
0	240
0	238
0	35
15	89
0	26
1	13
0	1442
1	1388
2	1329
0	1266
12	1108
0	1294
1	1419
4	458
0	172
0	161
4	772
0	847
0	835
0	325
1	324
1	131
40	33
9	295
0	117
6	112
0	0
0	0
0	0
0	0
0	0
0	0
0	0
321	387
1	58
0	22
1	107
6	110
2	130
15	185
2	999
0	811
0	975
0	847
0	813
0	38
0	917
0	933
0	1001
1	1038
0	1000
0	1030
0	1033
1	1069
6	216
0	315
0	1067
2	1007
0	34
0	145
0	1079
0	840
0	978
1	1044
0	858
0	1090
0	628
0	40
4	175
0	0
0	164
0	542
17	1034
1	215
0	1
0	26
0	20
0	90
0	0
0	0
0	0
0	0
0	0
0	84
0	0
0	59
0	0
0	8
11	18
0	8
0	8
0	10
0	10
1	63
0	0
0	2
0	0
0	0
0	0
0	2
0	2
11	150
0	0
0	0
0	0
0	31
0	22
0	58
0	210
0	594
0	3
0	0
0	43
0	90
0	71
3	46
12	49
0	22
0	33
0	22
0	24
0	90
0	136
0	116
0	0
0	8
0	13
0	7
0	25
0	23
0	0
0	14
0	13
0	16
0	40
1	255
0	163
0	163
0	214
0	163
0	156
3	394
0	302
36	360
37	428
0	99
16	73
0	80
0	90
3	126
0	95
17	276
0	124
0	112
0	140
3	131
0	91
0	45
0	85
1	255
9	691
0	678
2	718
0	282
0	280
1	221
0	225
23	274
0	221
0	252
0	223
0	68
1	37
1	38
0	1
0	1
0	0
0	0
0	0
0	0
0	0
0	0
0	0
0	0
0	0
0	0
0	0
0	0
0	0
0	0
0	0
0	0
33	2505
0	605
102	525
0	2425
188	379
124	364
10	85
1	364
0	62
1	0
9	2487
1	42
1	423
1	0
5	1249
0	899
0	799
0	1169
0	1220
1	1109
0	1198
4	1007
0	971
8	790
6	455
7	504
0	788
0	209
0	348
0	283
0	121
0	25
0	107
1	96
0	7
0	8
0	813
0	6
0	6
0	4
10	362
6	70
1	69
115	211
0	813
4	2
0	2
853	2174
12	112
26	642
0	508
0	1318
3	1311
1	1011
0	656
1	21
0	75
10	51
0	554
1	59
0	65
0	13
0	55
0	80
0	23
0	57
1	78
0	29
3	0
1	9
0	11
0	65
0	0
3	1502
0	1669
0	1476
0	1750
0	1760
0	0
1	1610
0	1518
0	1583
0	1569
0	1593
0	64
0	1601
0	1603
0	96
0	71
0	65
0	88
0	105
1	100
0	1571
1	1380
0	185
0	180
0	1268
7	184
1	154
0	323
0	633
0	336
2	88
478	401
0	40
0	110
103	126
34	28
2	125
0	1109
0	1333
0	1701
0	1745
0	1787
14	482
0	790
13	1704
0	1657
0	1725
1	1726
1	1684
0	1003
0	1613
0	1739
0	1589
0	1550
2	1684
3	1075
0	0
0	0
0	0
0	0
0	0
0	0
1	7
0	5
0	4
0	4
0	4
0	3
0	5
0	7
1	520
0	532
7	520
0	529
2	519
0	221
0	190
0	69
3	92
0	0
0	0
1	0
0	0
0	0
0	0
0	0
0	0
0	0
0	3
16	33
9	28
7	17
0	21
2	5
0	193
5	766
0	77
0	611
0	106
0	349
1	776
5	967
26	964
0	102
0	279
0	133
9	23
0	108
0	114
0	960
188	264
4	75
0	96
0	39
0	14
1	41
0	49
1	31
0	10
0	39
0	26
0	13
147	169
193	169
0	10
0	111
0	214
0	5
0	4
0	214
0	190
7	206
0	205
12	199
0	78
0	165
31	118
0	60
0	36
6	57
3	762
0	735
1	242
37	27
0	0
0	424
0	442
1	303
16	66
43	336
12	119
1	125
0	21
8	33
0	4
0	6
0	30
6	18
2	15
5	12
1	1198
8	765
9	13
0	1325
2	234
4	1154
0	1264
0	1394
0	151
2	350
0	91
0	211
0	598
2	336
0	11
0	532
6	189
3	440
2	534
0	491
1	505
1	39
0	380
14	380
1	72
0	445
0	846
0	394
0	303
0	59
0	54
0	210
3	79
1	914
0	989
0	182
0	914
0	68
0	68
0	69
14	72
0	920
0	875
0	940
0	11
5	31
61	823
11	386
38	834
0	271
0	3299
0	2797
0	3305
0	3361
2	3386
0	3380
8	3357
0	3370
9	3327
33	2353
0	3379
0	3312
1	3312
6	3244
0	3308
0	3315
0	49
0	571
0	3053
1	3304
0	3416
19	2882
0	3340
0	3423
0	3118
0	2541
0	205
0	1246
0	1358
0	2799
1	2400
0	2795
0	2519
0	420
0	1795
0	861
45	2013
0	829
14	291
3	84
0	33
0	6
12	14
0	10
0	147
0	191
0	237
0	199
0	246
0	67
0	65
0	65
0	31
0	46
0	31
3	20
0	30
0	12
0	13
0	13
0	0
0	13
0	13
1	8
0	11
0	12
0	12
0	12
0	11
0	12
0	13
0	13
0	13
0	11
0	12
0	13
0	12
0	13
0	13
0	8
0	13
0	13
0	3
0	1
0	1
0	0
0	1
0	1
0	1
0	1
1	0
0	1
0	0
0	1
0	0
0	1
0	1
0	35
377	590
355	728
1	114
0	92
0	443
0	182
0	2
0	198
0	203
0	0
1	161
0	15
0	5
10	48
0	79
0	11
4	22
0	204
0	204
0	156
0	687
3	761
0	926
0	494
2	669
0	836
2	69
0	423
0	448
0	37
0	599
4	122
0	546
0	610
0	258
62	325
0	325
1	22
1	49
0	47
5	32
0	32
0	0
0	0
0	0
2392	0
0	2731
0	2817
0	2255
4	843
0	1741
0	1778
1	1752
0	2661
1	2624
0	2817
0	2675
2	485
3	2697
0	2746
0	1179
3	439
2	1751
0	407
0	249
0	929
0	932
0	887
0	929
0	273
0	48
0	49
1	42
1	1
1	93
0	27
1	37
9	415
1	114
13	25
0	99
7	58
2	2
0	152
0	28
15	161
0	28
0	14
0	43
144	76
1	71
0	37
1	34
1	30
6	26
0	24
6	16
0	0
2	445
0	17
0	0
2	428
0	2607
13	1019
0	1840
1	2515
0	2321
0	243
0	2180
0	275
0	124
2	222
0	163
2	257
2	150
0	102
2	24
16	272
1	93
1	106
1	61
2	149
2	42
0	31
0	832
0	10
1	53
0	51
1	846
0	193
0	2
0	59
0	308
0	19
0	369
0	0
0	0
0	7
0	42
0	25
0	35
0	42
0	7
0	19
0	18
0	41
0	41
0	23
1	1
0	0
0	761
0	23
0	22
0	48
0	10
0	124
0	0
0	0
0	0
1	11
0	65
0	4
0	4
0	36
0	15
0	26
0	20
0	43
0	40
0	4
0	5
14	588
0	6
0	6
0	5
0	30
0	30
0	5
0	28
0	6
0	7
1	39
0	7
0	7
0	0
0	0
0	0
0	0
0	0
0	0
0	19
0	13
0	19
0	13
0	13
0	19
0	1
2	594
0	833
17	847
3	1439
0	1871
0	1859
0	1873
0	1553
0	228
0	0
0	0
0	91
0	200
12	303
0	28
0	149
0	384
0	36
7	37
1	61
24	959
24	1021
2	228
34	385
2	128
0	11
36	42
0	37
0	5
0	16
129	111
10	9
12	70
260	106
0	107
0	60
0	104
0	71
7	72
0	30
1	31
0	8
0	6
0	1
0	13
0	14
0	1
0	15
0	14
0	1
0	14
0	14
0	0
0	2
0	1
0	11
0	11
0	13
0	11
0	0
0	2
0	4
0	2
0	4
0	5
0	4
0	5
0	4
0	0
1	6
0	0
653	0
122	565
0	540
6	215
0	239
0	189
1	139
0	108
1	82
3	34
2	24
0	23
0	23
0	23
0	20
0	22
0	21
1	4
1	0
0	0
0	5
0	5
0	7
0	3
0	0
0	3
0	3
0	3
0	1
0	1
1	16
0	15
0	14
0	0
0	0
1166	3007
0	2856
5	873
0	331
93	248
6	112
0	974
0	913
1	562
0	85
0	1
0	1
0	1
0	1
0	1
0	1
0	1
0	0
0	0
0	0
0	0
0	0
0	0
0	0
3	1173
0	1209
5	1190
6	52
40	483
2	85
4	0
0	0
0	0
0	0
0	0
0	0
0	0
0	0
0	0
0	0
0	0
0	730
0	733
0	22
1	29
0	43
0	57
0	7
3	19
0	9
0	11
8	63
0	77
0	52
0	28
0	18
1	19
1	263
0	1278
0	37
4	0
0	83
1	54
2	58
0	46
0	56
0	28
0	82
4	325
4	275
10	1265
0	3
0	3
0	3
0	0
0	0
0	0
0	0
1	1268
3	1279
0	7
14	1123
50	1121
0	1131
0	146
0	246
0	120
0	41
21	1094
1	1092
0	772
1	603
0	843
0	1167
0	1094
5	31
1	95
2	910
0	400
10	0
0	87
0	1
0	145
0	143
0	145
1	3
0	103
0	83
0	147
0	73
2	73
0	145
0	145
0	49
0	2
0	6
0	23
0	1367
6	1400
0	1376
0	1376
0	50
12	609
0	566
0	962
0	168
0	174
10	26
0	81
0	223
0	198
0	155
1	145
26	26
0	30
0	3
0	0
0	0
0	0
0	0
0	0
0	0
32	0
0	0
0	0
0	0
0	0
0	0
0	0
0	0
0	0
18	2927
511	2927
0	8
3	85
0	91
1	84
1	336
0	203
0	208
3	190
0	80
0	82
2	7
0	13
0	26
0	23
0	29
0	1
1	0
0	4
0	0
0	2
0	2
0	3
0	4
0	4
0	4
0	4
0	4
0	2
0	2
0	2
0	2
0	2
0	2
0	4
0	4
0	2
0	3
0	2
0	0
0	2
0	2
0	2
0	2
0	312
0	276
0	318
0	313
0	170
0	313
0	324
0	324
0	287
0	198
0	216
0	221
0	91
0	101
0	150
0	191
0	318
0	226
0	321
0	269
0	281
0	276
0	206
1	209
0	54
1	161
1	4
0	0
0	0
0	0
0	0
0	272
2	163
5	117
0	151
14	42
0	229
3	239
0	102
0	47
0	47
1	78
0	101
4	125
5	121
0	31
0	26
6	40
1	104
1	55
0	59
1	37
32	35
0	11
1	13
0	2
0	2
0	403
0	347
1	349
0	311
14	395
0	353
0	402
0	337
0	342
1	149
0	174
25	156
0	388
0	354
0	378
0	350
0	315
5	91
0	277
0	242
0	39
0	54
7	160
0	6
0	211
0	113
0	217
0	21
2	112
0	54
0	30
17	302
743	709
2	638
4	517
30	147
0	147
0	142
0	148
2	145
673	354
7	142
59	288
8	685
2	734
18	737
246	11
11	19
0	12
0	18
15	192
0	18
2	43
0	41
0	46
0	46
0	45
0	18
11	39
0	19
0	12
0	0
0	0
0	443
0	412
0	201
0	115
0	55
1	65
0	1
0	334
0	356
2	34
0	361
0	372
0	302
0	363
0	26
0	16
0	35
0	50
0	346
0	205
1	333
2	26
0	0
0	0
0	0
0	0
0	0
0	0
0	0
0	0
0	0
0	0
0	0
0	0
0	496
0	810
5	755
0	732
25	792
0	787
0	694
1	663
7	81
0	117
3	57
3	49
1	20
0	39
2	29
0	53
0	100
0	151
0	126
0	6
0	496
17	49
0	49
56	936
1	185
2	583
3	264
0	688
0	2829
2	42
0	0
23	3
2	45
0	45
6	25
4	50
0	29
0	20
0	16
0	45
0	125
0	144
0	357
0	381
0	5
0	804
1	163
0	1
0	2
4	9
6	10
1	4
0	6
0	8
1	3
0	2
0	2
0	0
0	0
0	9
0	0
0	1
0	9
0	7
0	1
0	9
0	3
2	7
0	4
0	536
3	582
22	595
2	580
0	536
0	590
0	540
0	338
0	81
2	121
0	75
0	33
0	37
0	76
2	39
0	84
0	29
0	25
0	39
0	18
0	4
0	5
2	0
0	14
1	4
1	9
0	17
0	908
0	9717
2	9708
1	10744
0	10482
0	10492
0	8910
1	9733
0	10357
0	10539
0	10503
0	10788
0	2779
0	3618
1	10091
0	10649
0	10590
0	444
3	2483
0	10029
0	10631
0	10588
0	10584
0	10928
0	10626
0	9602
0	2436
3	10520
0	10573
0	10573
25	7862
5	1131
1	2810
0	4641
0	2013
0	1938
0	1260
0	1746
0	1298
2	1211
0	1616
1	1612
0	1393
0	797
0	1301
0	452
71	571
0	667
0	659
0	536
2	536
0	290
3	90
0	136
0	1612
6	172
0	495
0	173
0	6
2	33
0	1614
1	1595
1	69
0	70
0	47
0	0
2	13
0	1
0	165
3	96
0	68
2	45
1	12
0	0
157	177
13	182
0	26
3	182
0	104
112	164
20	82
1	50
0	86
0	38
0	13
11	12
0	0
0	347
0	347
0	342
6	379
0	259
0	344
1	183
0	289
16	162
1	156
0	151
19	79
0	125
0	78
1	351
0	354
1	295
0	34
0	102
0	25
18	901
56	208
0	901
4	106
5	36
17	396
0	103
10	49
12	29
10	125
3	148
0	136
4	0
0	0
0	197
13	1002
1	947
0	126
6	88
0	1028
0	71
1	121
0	113
20	0
6	18
0	128
0	137
0	108
3	48
0	685
26	1097
10	97
5	97
0	101
0	94
0	4
1	7
0	56
17	0
0	394
0	3
0	3
1	1
1	66
0	43
0	77
0	67
0	78
0	73
0	75
0	1
0	2
2	10
0	47
0	83
7	66
0	71
2	50
0	53
0	13
0	9
0	8
0	18
0	9
1	14
0	5
0	0
0	0
0	0
0	0
0	0
0	0
0	0
7	1740
0	1968
10	1719
3	1732
2	1627
0	1183
0	490
0	1122
0	707
0	611
0	384
5	369
1107	437
9	65
1	159
0	0
0	0
0	0
0	0
0	0
0	0
0	0
0	0
0	0
0	0
26	0
0	0
873	513
15	511
0	422
5	254
21	172
0	345
2	345
2	161
11	799
0	770
14	34
0	25
55	479
3	11
0	792
0	2
0	0
1	1
0	2
0	2
0	0
0	0
0	0
0	0
0	0
0	0
1	0
2	0
0	1
0	1
2	727
1	1410
0	1378
0	1412
0	1363
0	1314
0	456
0	734
0	1376
0	1375
0	1174
7	357
0	1388
1	1359
0	1431
0	1386
1	1361
0	1430
0	333
0	1382
0	1407
2	373
0	1456
26	776
0	1300
3	868
0	270
0	424
0	1044
7	39
3	995
0	951
0	1038
0	1032
0	969
0	1043
24	1017
0	983
0	68
0	873
0	853
2	10
0	1
0	0
0	0
0	64
0	0
0	64
0	64
0	64
0	0
0	64
1	0
0	21
1	2
0	7
0	25
2	6
0	12
1	9
0	11
0	11
0	8
0	0
0	0
0	0
0	0
0	0
0	13
0	6
9	10
0	11
0	8
0	5
0	4
0	4
0	2
0	2
0	1
0	1
0	2
0	0
0	0
0	0
0	0
0	0
0	3
0	0
1024	5574
3	4144
30	1893
0	2247
0	2303
2	2287
4	2291
0	0
0	0
9	1201
0	2318
0	17
2	82
7	0
20	1927
0	21
0	80
2	50
1	50
0	44
0	44
0	44
5	57
5	29
0	79
0	32
0	1
0	1
0	1
0	0
0	1
0	0
0	0
0	0
0	0
0	1
0	1
1	136
0	887
2	346
2	0
0	842
7	346
2	166
0	155
0	797
38	773
1	224
0	155
1	105
0	249
2	232
0	354
2	139
7	6
24	452
5	128
2	87
0	148
3	128
1	122
0	108
3	58
0	281
0	244
0	281
1	271
0	164
0	96
1	85
1	55
0	48
3	36
5	32
0	219
0	76
2	213
0	215
0	157
20	12
1	132
1	111
0	213
0	118
0	657
0	607
826	741
0	317
7	195
33	455
0	514
7	0
99	268
0	268
0	84
0	0
0	453
0	271
3	151
0	249
0	0
0	0
33	121
2	123
0	126
0	81
1	33
0	25
0	26
0	0
0	18
1	8
0	106
0	117
1	54
0	112
0	14
0	1
0	67
0	75
0	51
0	53
0	52
1	63
0	48
0	41
0	45
0	4
0	25
0	24
0	23
0	0
0	0
0	598
2	105
1	462
19	238
0	776
0	529
0	29
6	195
0	81
0	101
0	33
0	211
0	634
6	106
0	33
0	37
0	96
0	0
0	7
2	609
0	65
0	68
0	936
0	981
0	978
0	946
10	622
12	973
0	959
0	518
0	547
0	160
0	103
0	100
0	528
0	42
17	35
1	73
0	79
0	52
0	107
0	116
0	87
0	45
0	70
0	61
0	349
0	520
23	117
0	345
0	513
0	326
0	128
0	332
0	161
0	9
8	3
1881	703
23	475
37	88
2	0
1	188
0	201
0	1399
3	1391
0	1202
20	26
14	36
0	389
0	35
0	485
0	338
0	400
0	450
1	16
0	143
0	243
0	251
30	331
0	94
0	24
19	38
0	27
0	47
0	457
0	77
1	343
1	345
0	57
0	43
0	42
0	22
0	54
0	28
0	35
0	35
4	39
0	18
0	29
33	350
3	350
12	268
0	72
0	84
0	15
0	12
0	71
1	225
0	697
7	666
123	697
21	483
0	644
0	48
3	181
0	90
0	105
0	42
7	94
0	10
0	98
0	20
0	1469
4	720
2	788
2	1401
0	1148
0	1381
0	1105
0	1405
0	1354
0	1332
0	1436
0	1395
0	1333
0	1427
0	1461
0	1461
0	1439
0	933
0	1036
0	728
1	52
0	125
13	750
0	584
0	603
0	187
0	67
0	95
0	415
0	57
0	564
0	554
0	629
0	579
0	446
0	14
0	77
24	229
0	183
0	183
0	183
0	159
17	32
0	23
0	23
10	669
0	6
0	632
4	7
1	2
0	145
0	116
1	2
0	35
0	52
0	354
2	94
1	14
0	102
0	298
0	18
2	239
1	308
0	280
0	109
0	314
0	137
2	117
0	99
0	111
5	119
0	99
2	2
0	2
0	525
0	475
0	488
0	491
0	530
3	86
1	77
0	14
2	14
0	5
0	12
4	5369
0	5516
5	5012
1	5571
116	5351
17	4404
1	5537
0	5869
0	1094
2	479
0	1
5	398
73	414
0	350
1	300
0	7
0	12
8	19
0	234
0	218
0	22
1	224
0	71
0	179
0	195
1	211
0	210
39	221
7	20
4	6
3	25
0	48
1	9
299	1336
8	1265
0	700
27	736
0	644
0	523
0	536
1	42
2	177
1	175
0	122
0	121
0	1160
1	5
0	28
13	126
0	8
3	51
1	128
5	114
0	8640
1	7348
0	7959
1	3002
12	8134
4	7560
0	3005
2	2864
0	1475
0	2056
11	2360
0	1365
4	1306
0	1524
3	1468
34	46
2	464
0	0
40	660
0	419
2	613
0	691
1	673
0	170
0	93
0	162
0	178
4	270
26	173
0	151
0	111
0	26
0	79
0	203
0	869
0	77
0	63
0	46
0	66
0	737
0	82
0	9
0	41
0	57
0	46
0	104
0	844
0	94
0	46
0	112
0	84
0	85
0	1
0	69
0	36
0	88
0	854
0	842
0	102
0	208
0	879
2	18
0	43
0	538
4	70
0	608
0	59
0	132
0	86
0	58
0	112
0	124
0	13
0	601
0	102
1	94
3	55
2	2
0	0
0	64
0	0
0	0
0	0
0	0
0	0
0	0
0	0
0	0
0	0
0	0
0	0
0	0
0	0
0	0
0	0
0	0
0	0
0	0
0	0
0	0
0	0
0	1520
1	92
0	580
0	1510
0	539
0	922
1	1056
19	1507
0	581
0	602
0	1510
80	1379
0	1483
45	444
0	986
46	934
0	783
11	91
7	461
0	377
181	482
0	412
0	386
15	384
0	320
0	272
0	305
0	207
0	138
0	181
7	147
0	162
0	66
0	33
0	802
0	828
9	811
0	227
2	811
0	842
0	816
0	868
0	850
0	205
0	859
4	406
0	804
1	610
0	840
0	30
0	89
0	859
2	766
0	807
0	910
0	772
9	420
0	825
0	889
74	823
0	555
4	463
19	378
0	363
0	82
0	447
41	436
0	436
0	444
1	435
2	119
0	95
0	123
1	121
0	73
3	50
0	14
8	6
0	6
0	4
0	2
0	0
1	1
0	14
7	330
0	381
1	385
1	399
4	366
15	154
7	79
0	276
1	195
12	174
7	76
4	154
0	158
19	19
2	91
0	22
0	0
0	0
0	0
0	0
0	0
0	0
0	0
0	0
0	0
0	0
7	202
0	205
0	179
0	58
0	56
0	0
0	0
0	0
0	0
0	0
0	0
0	0
0	0
0	0
0	0
0	1
0	0
0	0
0	1
0	5
0	1
0	6
0	5
0	6
0	7
0	6
0	0
0	1
0	0
0	0
0	0
0	0
0	0
0	0
0	0
0	0
0	0
0	0
0	0
0	0
0	0
0	60
0	1992
3	2279
0	2279
0	2333
0	2110
0	1149
0	383
0	419
1	279
0	65
0	119
0	0
0	0
0	0
0	0
0	0
0	1
0	4
0	4
0	2
0	1
0	0
0	0
0	0
0	6
9	2
0	0
50	242
1	128
22	172
1	92
0	62
2	40
0	0
0	0
0	0
968	70
2	70
0	0
0	903
0	924
0	613
0	593
0	623
0	646
0	539
0	573
0	569
0	118
0	8
0	88
0	566
1	873
0	0
0	511
0	64
8	451
1	463
0	489
4	433
0	25
38	276
0	0
0	0
77	14
1	14
406	0
0	0
0	26
0	1
0	860
1	0
0	0
39	291
3	291
2	51
0	794
2	753
0	168
2	290
0	288
2	218
3	49
5	210
1	121
1	150
0	156
15	56
0	706
1	638
0	706
0	51
0	46
0	46
0	209
0	209
0	209
0	195
0	24
0	0
0	0
0	0
0	0
0	0
0	0
0	0
9	12
0	515
1	1887
2	1140
70	1218
0	1916
0	292
1	394
1	1811
0	1892
0	862
0	283
150	1155
0	234
0	206
84	102
7	217
2	203
0	226
0	237
0	224
0	180
10	180
0	238
7	150
0	180
2	76
0	161
1	55
1	32
0	88
2	83
0	40
0	22
0	0
0	0
0	0
0	0
0	0
0	0
0	0
0	0
0	0
0	0
0	0
0	0
0	0
0	0
0	0
0	0
0	0
0	0
0	0
0	0
0	0
0	0
0	0
0	0
0	0
0	0
0	0
0	0
0	0
0	0
0	0
0	0
0	0
0	0
0	392
0	392
0	392
0	392
0	406
0	125
0	41
1	9
3	0
0	0
0	0
0	0
0	0
0	0
0	0
0	0
40	0
2	1015
0	38
0	38
0	13
0	0
0	0
0	0
5	1
0	1
0	2
0	1
0	1
0	2
0	0
0	0
131	885
2	487
1	806
0	184
1	369
1	579
1	393
1	0
0	17057
0	15664
0	13076
0	16899
0	16912
0	13452
0	16916
32	16640
0	16934
0	11777
0	16464
0	10184
13	8672
0	2
0	2
0	0
0	0
0	0
0	2
0	2
0	25
0	25
0	6
0	6
1	0
0	2
0	2
0	2
1	2
0	2
0	2
0	0
0	0
1	0
0	0
0	0
0	0
0	0
0	0
0	0
0	0
5	669
18	425
1	323
0	616
5	642
0	474
0	309
1	276
0	265
0	506
0	236
0	174
0	55
0	436
0	118
1	1463
0	796
2	140
0	1504
0	817
6	70
0	91
0	1503
1	117
0	122
0	774
0	4
0	266
12	1056
16	64
4	122
3	57
0	48
10	66
1	74
23	70
0	69
0	49
0	49
0	5049
0	5389
1	1220
3	76
1	292
6	52
33	249
3	173
2	226
1	267
0	3002
0	3023
0	2039
0	2997
3	2995
0	2995
10	2997
46	2794
0	2921
0	395
0	1561
0	1540
0	1023
3	179
0	27
0	203
0	199
2	107
0	13
0	48
0	0
2	29
0	6
0	1
0	14
0	0
0	4
0	4
3	5
0	5
0	3
0	0
0	0
0	48
0	108
0	107
0	110
0	100
0	18
0	5
0	109
0	109
0	5
0	5
0	108
0	5
0	11
0	35
0	109
0	106
0	108
0	109
0	105
0	107
0	37
0	4
2	43
0	51
0	107
0	3
0	29
0	107
0	105
0	13
0	107
0	109
0	107
1	12
0	14
0	6
2	66
9	0
0	2
2	0
5	238
0	183
0	0
0	0
0	0
0	0
0	0
0	0
0	0
0	0
0	0
0	0
0	0
0	0
0	0
0	0
0	0
0	0
0	0
0	0
0	0
0	0
0	0
0	0
0	0
0	0
0	0
0	0
0	0
0	0
0	4
0	3
0	4
8	2
0	1
0	2
0	0
0	1
0	1
1	2
5	19
0	6
0	4
0	1
0	1
0	1
0	1
0	12
0	7
0	6
0	3
0	0
0	0
0	2
0	0
0	2
0	0
0	2
0	0
0	0
0	0
0	1
0	0
0	0
0	1
0	0
0	0
0	0
0	0
0	0
0	0
0	0
0	0
0	0
0	1
1	0
0	12
0	9
0	5
0	4
0	6
0	1
0	3
0	14
64	13
0	13
0	10
0	10
0	2
0	0
0	1
42	208
1	206
0	105
2	71
0	1208
1	550
0	1119
0	1371
26	458
0	179
0	468
0	212
0	147
13	38
2	90
7	183
0	217
0	1
0	0
0	1
0	0
0	0
0	1
0	1
0	1
0	1
0	1
0	0
0	1
0	0
0	0
0	1
1	187
0	188
0	0
0	0
0	89
0	68
5	179
0	129
0	103
0	129
0	188
0	111
0	289
0	106
0	27
2	168
2	152
0	27
1	281
0	173
0	251
1	157
0	209
0	68
0	102
16	273
0	26
0	137
0	36
0	55
0	140
3	76
2	36
0	127
0	119
1	138
5	141
0	1082
0	1105
0	570
0	126
0	15
0	147
0	48
0	414
45	467
0	45
0	55
0	81
3	12
0	33
0	274
0	0
0	0
0	0
0	0
0	0
0	0
0	0
0	2
20	398
0	386
8	130
0	151
1	134
0	133
0	46
0	60
5	35
0	0
0	0
0	0
0	0
0	0
0	499
1	219
0	177
0	0
0	1495
0	539
1	150
0	1483
1	90
0	1855
0	1888
0	0
42	673
0	1007
0	1948
0	223
89	182
0	561
5	100
15	225
17	1176
0	221
3	79
0	96
5	14
0	177
0	1887
0	1947
0	1844
0	1909
0	0
0	0
0	0
0	0
0	0
0	0
0	5
0	197
0	90
0	196
0	169
0	173
0	91
0	16
0	58
0	187
0	167
0	65
0	104
0	33
0	59
3	33
0	93
0	193
0	47
0	171
0	46
0	0
0	0
0	0
0	0
78	14
0	73
5	73
1	2
0	6
0	7
0	9
0	9
0	2
0	594
0	585
3	591
0	585
1	452
0	526
0	542
0	90
0	334
1	72
0	21
0	0
9	882
0	381
0	6
0	884
0	3
1	2
0	3
0	1
0	2
0	1
0	121
1	191
0	203
0	203
7	167
3	16
4	0
0	0
0	2
0	1
1	2
0	2
0	2
0	2
0	1
0	2
0	0
0	0
0	0
0	2
6	1475
0	1475
0	1475
0	1245
10	1452
0	1237
1	164
5	97
1	250
7	48
0	139
0	87
6	71
1	87
10	69
0	0
1	4125
0	4233
67	3919
0	209
0	1102
119	736
189	336
2	263
0	71
11	76
0	76
2	20
0	10
0	1
0	0
0	0
0	0
0	0
0	0
0	0
0	0
20	1034
2	1035
1	1069
26	986
0	1014
2	1086
2	995
40	123
1	34
9	37
19	92
0	123
0	118
1	34
2	22
0	32
0	19
0	16
0	12
0	21
0	9
0	0
0	0
0	0
0	0
0	0
0	0
0	0
0	0
0	0
668	189
7	179
0	0
0	0
0	0
0	0
0	0
0	439
5	513
0	986
0	680
0	1084
2	21
0	578
0	707
0	659
0	435
0	1037
0	1054
0	1054
0	0
0	1468
0	1539
0	1540
0	1192
2	804
2	957
0	956
0	796
0	686
1	480
2	434
4	378
5	13
1	189
0	585
2	42
0	131
0	794
7	711
1	761
5	16
2	110
6	69
0	33
5	91
0	540
0	732
0	333
0	620
0	369
12	0
23	569
3	57
2	0
1	0
0	4
0	6113
15	6242
259	5111
35	6128
0	2132
0	1617
0	1717
0	1030
0	1029
0	1009
0	742
3	6111
0	6075
1	5
1	189
1	188
0	88
0	88
0	19
0	4463
0	4487
0	4565
2	4520
0	4494
0	4531
0	4576
0	4554
0	4468
0	274
0	4496
0	4406
0	4526
0	4118
0	4083
0	4514
4	4551
1	2743
0	3988
0	3633
0	3482
0	3541
0	3496
0	3237
0	3352
0	1417
0	3237
0	2060
0	2994
0	3122
0	3192
0	2896
0	809
0	115
0	2693
0	2725
2	2573
0	314
0	303
1	2569
7	1171
2	2425
0	2122
0	1170
3	143
0	951
1	1015
3	441
1	1069
0	1166
0	300
0	320
3	8
0	47
3	76
0	15
0	5
0	20
458	101
1	0
5	507
0	781
0	46
0	114
0	722
0	779
0	712
0	664
0	710
0	309
0	729
1	725
0	736
0	790
0	481
0	804
0	779
1	786
0	779
0	172
0	680
0	708
0	801
0	674
1	79
0	399
2	751
5	617
0	819
0	865
0	862
0	877
2	147
0	585
0	158
0	116
0	158
0	137
0	131
0	113
1	121
0	101
0	97
1	92
0	60
0	91
0	65
1	51
1	13
0	16
0	15
0	11
0	13
0	3
0	18
0	22
0	693
0	704
0	630
0	714
0	703
0	132
16	136
0	147
0	110
0	107
5	58
0	474
3	1
0	392
0	293
0	297
0	296
0	277
0	273
0	290
0	282
0	278
0	283
0	286
0	290
0	287
1	6
8	294
0	30
13	475
0	0
1	2
0	1
0	1
0	1
0	1
0	0
0	191
0	12
0	221
0	183
28	228
0	196
24	48
0	105
0	0
0	0
0	1
0	1
0	0
7	77
14	141
0	107
24	43
0	0
0	0
0	0
0	0
0	0
0	0
0	190
0	134
1	117
0	59
0	29
1	12
0	9
0	0
22	6
1	92
0	0
0	0
0	4
0	6
0	20
0	32
0	79
0	90
0	26
1	16
0	99
0	12
1	2
1	9
1	3
33	66
0	8
0	7
2	5
0	8
0	7
0	1
0	0
0	0
0	0
0	0
0	0
0	0
0	2
0	0
0	0
0	0
0	0
0	0
206	2298
25	1328
14	660
2	395
0	557
7	155
23	168
18	198
0	4
0	38
0	143
19	149
0	104
1	74
0	44
1	28
0	110
0	44
4	124
0	41
5	8
0	82
0	60
0	65
0	18
0	30
0	32
0	32
1	32
0	12
0	0
0	0
5	13
0	85
0	367
0	38
0	92
0	137
0	235
0	455
0	502
0	195
0	71
8	507
0	129
1	6
0	446
0	72
0	41
0	96
28	267
0	93
1	61
0	74
3	32
1	74
0	37
4	94
0	3
0	3
0	2
0	2
0	0
1	1004
4	64
0	1101
0	624
6	458
0	760
0	730
1	729
0	383
0	105
0	225
0	28
1	35
0	1
1	0
0	2
0	2
0	181
0	178
1	85
0	11
0	29
1	7
1	11
0	2
0	4
1	6
0	28
0	20
1	18
0	46
0	13
0	0
0	5
0	5
0	5
0	5
0	5
0	5
1	0
3	5
0	0
23	5
2	5
0	0
0	1
0	1
0	1
0	1
0	1
0	1
0	1
0	1
0	1
0	1
0	1
0	1
0	1
0	1
0	1
0	1
0	1
0	1
0	0
0	16
0	62
0	61
0	56
1	61
1	56
0	62
0	21
0	14
0	11
0	6
0	5
0	4
0	3
0	3
0	1
0	0
0	0
0	0
17	371
0	320
0	246
0	599
0	387
42	243
11	95
0	68
0	82
1	95
0	13
2	11
0	6
0	10
0	18
0	6
0	6
0	6
0	1024
2	453
0	1136
0	515
1	497
0	443
0	263
2	180
1	166
0	144
0	111
0	107
0	104
17	11
0	61
2	62
0	5
0	19
0	19
0	0
3	3
0	3
0	12
0	2
0	4
0	13
0	7
0	9
0	9
2	633
2	636
0	636
2	621
3	621
1	611
3	261
4	533
6	322
0	58
67	20
82	1
6	1
0	1
0	976
0	800
0	755
0	701
0	646
0	879
0	981
0	960
0	936
1	3
0	22
0	12
0	22
0	7
0	2
0	22
8	22
0	2
3	591
8	442
29	443
0	591
0	0
0	0
0	0
0	0
0	0
0	0
0	0
0	0
0	0
0	977
5	817
0	933
1	934
0	753
0	275
0	92
0	827
2	52
0	31
9	7
16	345
0	91
0	87
0	12
0	434
0	75
1	101
14	218
0	453
0	226
0	371
8	199
0	147
1	352
0	398
0	85
2	264
1	830
1	990
0	990
17	990
0	40
2	457
0	49
5	344
0	344
2	133
0	3
0	3
0	5
3	6
25	1126
0	4
6	158
0	2458
0	2437
2	2430
2	4
1	68
1	52
0	101
0	737
0	37
24	578
36	77
0	124
0	166
1	25
1	116
4	74
0	16
478	224
6	4
0	43
0	217
0	36
0	218
0	41
0	0
0	0
0	0
0	0
0	0
0	0
0	0
0	0
0	0
0	0
0	0
0	0
0	0
0	0
0	0
0	0
0	0
0	0
0	1009
0	557
0	245
0	234
0	79
0	32
0	76
0	57
0	1009
0	0
0	0
0	2
0	0
0	0
0	0
0	0
0	0
0	0
0	0
1	0
0	0
0	0
0	0
0	0
0	0
0	0
0	0
0	0
0	0
0	0
0	0
831	130
1	130
0	9
0	15
0	17
0	14
0	9
0	8
0	3
0	3
0	0
0	0
0	0
0	0
0	0
0	0
0	0
0	0
0	0
111	143
0	143
0	1
1	10
0	11
507	4121
0	2386
0	1061
0	1937
2	962
11	1772
4	2226
14	1767
7	1545
0	701
3	67
0	7
0	7
0	7
0	2
0	2
1	0
0	0
0	0
0	1
0	1
0	1
0	1
0	1
0	0
0	0
0	0
0	0
0	0
0	0
0	0
1	0
0	0
0	0
0	0
0	0
0	0
0	0
0	0
0	0
0	0
0	0
0	0
0	0
0	0
0	188
5	130
2	188
0	150
0	190
0	186
0	180
0	131
0	87
0	17
0	3
0	17
0	60
0	10
0	36
0	32
0	25
0	30
0	29
0	24
0	26
0	2
0	6
0	4
0	4
0	0
0	0
0	0
0	0
0	0
0	17
0	1
0	0
0	0
0	6
5	12
0	12
0	189
0	249
0	37
0	18
0	207
0	237
0	247
1	22
0	171
0	156
1	197
0	221
0	173
0	213
14	224
1	223
2	186
0	93
0	187
0	180
0	166
0	196
0	185
0	170
0	237
0	189
3	94
0	101
0	102
0	157
0	140
0	55
0	175
0	171
0	203
0	235
0	170
1	147
0	22
0	136
7	11
8	52
0	40
65	57
0	44
1	41
4	22
0	1
0	1
0	1
0	1
0	0
0	2
78	2
0	1
0	397
0	393
1	326
0	209
1	85
0	17
2	16
2	12
0	135
4	486
0	0
1	0
0	0
0	0
0	0
0	662
0	31
1	142
0	21
340	808
129	2434
1	2417
1	1797
1	1032
7	622
0	0
0	0
0	0
129	259
0	41
2	227
32	8
0	84
220	267
12	237
0	149
132	81
7	40
89	172
0	0
0	0
0	0
192	253
0	226
0	239
1	50
0	95
0	32
0	35
0	87
0	40
2	0
0	6
0	6
0	6
0	4
0	4
0	5
0	9
0	8
2	3
0	3
0	3
0	3
0	3
0	4
2	352
0	604
1	347
0	244
0	343
1	26
0	350
0	607
3	0
0	1
0	7
0	1
0	1
0	7
0	1
0	2
0	1
0	1
0	1
0	2
0	2
0	11
0	13
0	13
0	0
0	0
0	478
7	478
0	246
0	0
0	0
0	0
0	0
0	0
0	0
0	3
0	176
0	126
0	235
0	1066
1	405
0	1262
0	126
0	131
0	144
0	940
78	743
4	129
4	290
0	0
0	0
0	0
0	372
9	636
0	603
5	244
0	453
5	0
0	104
0	134
0	184
0	170
0	47
3	38
1	37
1	35
0	22
0	1
0	1
0	0
0	0
0	0
0	0
0	0
0	0
0	0
0	0
0	685
0	659
0	632
0	574
0	684
0	547
118	684
2	644
0	651
0	635
1	601
0	639
0	390
0	321
1	353
0	423
8	193
0	305
0	222
0	225
0	184
0	0
0	0
0	802
0	785
0	654
0	23
0	28
1	24
0	36
0	36
0	5
8	21
3	92
5	56
0	24
0	30
1	181
0	30
0	13
0	7
0	800
0	799
0	729
1	673
0	729
0	319
21	250
2	285
62	310
0	310
29	75
0	0
0	0
0	35
0	78
28	1048
0	250
1	7
0	210
0	451
2	2
0	82
1	212
0	213
1	206
0	469
0	0
0	65
0	0
0	74
0	42
20	629
0	991
0	995
0	64
0	83
3	82
3	65
1	24
0	71
0	23
2	15
1	5
0	1583
0	1151
1	1148
2	115
0	270
81	118
1	145
0	156
0	107
0	16
1	62
0	50
0	49
1	39
2	40
0	30
0	2693
13	2477
42	160
24	1080
12	1851
0	1389
7	282
2	1177
8	385
0	940
3	206
0	558
0	11665
0	11781
8	11782
0	11778
1	11781
0	11847
2	11562
0	4224
3	1949
0	1798
2	1
16	1
1	846
0	885
0	349
0	323
2	89
13	19
0	47
0	57
0	61
0	30
3	53
0	28
2	0
0	0
0	14584
0	0
0	14582
0	1763
8	2219
0	3963
22	14708
2	12385
0	197
0	1365
0	1426
0	1416
0	1332
4	1452
6	349
0	609
0	381
0	205
2	238
8	153
0	214
0	239
69	890
0	1240
0	77
0	3
0	34
0	15
6	46
12	48
0	25
3	9
0	43
0	60
0	266
0	209
0	200
88	150
0	12
2	148
1	108
0	79
0	67
0	0
0	31
0	31
0	29
0	20
0	1
0	1
0	6
0	6
1	6
8	759
1	708
3	829
2	843
0	1085
8	430
8	265
15	770
1	0
2	4850
1	4893
7	1941
0	2170
1	2077
2	0
2	40
0	9
0	12
0	3
0	22
0	31
7	63
2	58
0	59
0	44
0	18
0	16
0	12
0	13
0	7
3	6
2	0
1	0
0	10
0	10
2	3
4	0
0	3
0	66
72	928
19	923
115	1
0	0
0	1160
4	427
6	1135
0	371
0	68
0	303
0	343
0	225
59	319
0	334
0	61
0	55
5	91
0	36
60	35
0	30
0	16
0	15
0	0
0	0
0	0
0	0
0	0
0	0
0	0
0	0
0	327
1	226
0	228
0	221
0	231
189	377
9	350
1	149
0	167
0	73
6	82
14	390
25	1107
0	250
0	61
2	618
0	96
13	77
0	36
0	1114
3	92
39	686
9	278
34	242
0	182
3	705
0	136
0	297
0	237
2	215
0	288
22	378
0	309
1	209
1	60
1	324
222	382
2	360
0	210
0	774
0	751
0	71
2	337
2	338
4	326
4	778
0	750
0	32
133	0
0	847
0	822
0	822
1795	1673
0	1262
21	1504
15	339
0	545
0	97
3	11
0	495
7	486
0	364
1	486
1	19
0	0
0	495
0	355
0	1160
0	3224
0	3482
0	124
0	3382
0	1419
1	3376
0	3524
0	227
24	2610
53	3289
3	711
0	2920
0	3477
0	3465
0	3514
0	1250
0	244
131	1106
0	272
0	3157
0	149
0	629
0	73
0	636
0	2590
0	512
0	666
0	462
0	2253
4	138
14	186
0	327
21	729
0	1209
11	15
47	87
2	96
0	52
0	42
1	15
5	4042
0	4042
8	256
0	612
15	413
0	1
0	1
0	1
0	0
0	1
0	3
0	14
0	0
0	0
1	14
0	14
0	207
0	35
0	64
0	40
0	33
9	249
0	35
0	23
0	57
0	249
0	249
0	249
0	249
0	249
0	0
0	0
0	0
0	0
0	0
0	0
0	0
0	0
0	0
0	0
0	0
0	2
0	2
0	2
0	2
0	2
0	1
0	2
0	2
0	2
0	2
0	2
0	2
0	2
0	2
0	2
0	2
0	2
0	2
0	0
0	0
0	1
0	0
0	0
0	0
0	0
0	0
0	0
110	0
27	211
0	93
0	200
5	23
7	0
0	0
0	0
0	0
0	0
0	0
0	0
0	209
477	209
1	28
0	4
5	46
1	130
198	904
2	166
6	181
15	483
2	90
0	25
0	576
1	533
0	49
0	29
2	24
0	7
0	13
0	5
0	6
0	11
0	569
5	1005
2	947
1	681
4	199
0	158
0	431
1	0
0	0
0	0
0	0
0	0
0	0
3	173
0	23
0	24
2	13
0	20
0	9
0	31
0	33
1	18
0	25
3	19
0	43
0	36
1	144
0	57
0	30
0	171
0	602
6	105
0	32
0	106
10	1
0	67
0	6
0	8
0	15
0	192
0	19
0	137
1	151
0	179
0	165
0	185
0	161
0	175
0	182
0	4
0	74
0	165
0	167
0	152
0	172
0	187
0	57
0	182
0	74
0	141
0	186
0	175
0	171
0	161
0	145
0	186
0	177
1	15
0	8
0	175
0	145
0	17
0	4
0	9
0	173
2	105
0	171
0	156
2	184
0	162
0	122
0	165
5	17
0	34
0	21
0	94
0	49
0	62
0	49
0	55
0	70
0	4
0	47
0	90
0	91
0	60
0	109
0	86
0	163
0	134
0	147
1	170
0	165
0	128
1	75
0	1
0	140
0	120
0	120
0	139
0	78
0	84
0	89
0	22
12	11
0	36
1	21
0	87
0	98
0	109
0	89
0	134
0	413
0	98
1	370
0	225
2	85
3	295
0	102
4	107
2	65
3	413
0	0
0	0
19	427
0	311
0	283
0	270
0	65
2	70
1	31
0	25
0	24
0	126
0	108
0	134
0	72
1	81
5	54
0	33
0	62
0	61
0	15
5	47
0	29
0	22
0	29
0	41
0	17
0	0
0	2
0	2
0	2
0	2
0	0
0	0
0	1
0	1
0	64
0	64
0	265
0	504
0	459
0	468
0	429
0	105
0	377
2	189
0	188
0	380
0	260
0	455
0	192
0	410
0	116
0	132
0	341
1	421
0	418
0	273
0	200
0	231
0	156
1	439
7	354
0	456
0	457
4	200
7	106
0	157
0	14
0	14
0	14
0	14
0	14
0	14
0	12
0	9
0	8
0	8
0	8
0	10
0	4
0	6
0	3
0	1
0	3
0	1
0	1
0	3
0	1
0	1
0	2
0	0
0	0
0	0
0	0
0	0
0	0
0	0
0	0
0	0
0	0
0	0
0	0
0	0
0	0
0	0
0	0
0	0
0	0
0	0
0	0
0	0
0	0
0	0
0	0
0	0
0	0
0	0
0	0
0	0
0	0
0	0
0	0
0	0
0	0
0	0
0	0
0	0
0	0
0	0
0	0
0	0
0	0
0	0
7	534
0	656
0	667
0	664
0	675
0	32
0	41
2	92
0	42
0	20
0	27
0	1575
0	1491
0	114
54	1581
1	117
0	57
2	101
0	595
0	157
4	65
7	49
56	365
2	24
0	60
120	358
0	280
9	124
0	75
22	51
15	246
0	131
1	118
0	112
0	79
0	57
0	114
132	475
0	184
0	119
0	201
2	90
0	29
0	50
0	109
0	124
0	368
0	370
0	120
13	38
0	369
4	141
0	2
0	6
2	25
0	133
0	133
2	22
0	83
0	118
1	47
1	15
0	0
2	9
0	81
2	69
1	16
1	27
0	42
0	29
0	28
0	26
1	17
0	12
0	6
0	10
0	0
0	278
1235	278
0	0
0	217
0	12
0	11
0	28
0	224
0	35
0	224
0	15
0	29
0	218
0	15
0	33
4	34
1	59
14	224
2	21
3	186
1	40
0	39
25	39
0	2
1	35
0	39
0	31
1	33
2	14
2	13
0	10
0	7
0	2
1	0
5	448
1	426
0	228
0	13
0	453
0	26
0	421
0	0
0	0
0	0
0	0
0	0
0	0
0	0
0	0
1	173
0	15
2	0
1	0
0	2
0	173
0	173
1	101
0	51
0	1
0	13
2	145
0	9
3	671
1	0
7	1
0	124
0	105
0	50
2	653
0	8
0	678
7	30
0	59
0	428
0	624
0	553
0	597
38	607
9	124
5	138
2	7
0	568
9	677
1	90
0	0
0	8
0	0
0	8
0	0
0	0
0	0
0	1
0	2
0	614
0	583
0	380
2	521
0	539
0	593
2	478
0	503
0	202
0	106
0	25
0	77
0	52
0	2976
0	2896
0	2976
38	2494
4	90
0	18
3	6
0	91
4	9
0	92
0	0
0	0
0	0
0	0
0	0
0	0
0	0
0	0
0	0
0	0
0	1082
0	1
0	0
0	0
0	1
0	1
0	2645
1743	3235
3	1177
22	437
3	762
8	177
30	255
0	0
0	0
0	0
0	0
0	0
0	0
301	1571
17	1571
1	13
0	1
0	6
0	4
0	21
0	372
2	364
0	86
40	272
0	274
0	55
2	5
0	91
0	41
23	73
1	9
0	54
3	121
24	1039
2	1022
2	415
2	273
0	374
1	335
0	2386
0	2369
24	2053
0	214
1	1274
0	1253
17	87
0	1050
0	74
3	143
11	204
0	177
2	195
0	285
2	206
0	158
0	110
8	52
0	21
0	21
0	21
0	21
0	13
0	17
0	0
0	0
0	11
0	11
0	0
0	361
0	78
3	29
29	72
0	25
4	174
0	162
8	137
0	360
0	81
3	25
0	53
7	134
3	192
0	82
16	12445
2	7276
11	11934
156	12389
20	5726
155	4449
0	85
7	1093
115	1215
6	60
1	80
6	122
2	163
6	58
2	114
0	170
26	304
1	21
23	62
0	26
0	40
0	62
1	175
3	19
31	48
9	129
0	39
14	230
0	110
30	25
0	2568
0	2664
5	329
14	2310
6	185
0	190
8	149
0	86
0	99
0	88
0	750
13	164
0	255
0	255
0	334
0	739
0	745
0	197
1	205
0	376
0	253
0	261
0	574
0	582
1	175
0	207
0	183
0	14
0	33
0	7
0	27
0	22
0	6
0	17
0	17
0	25
0	29
0	70
0	9
0	10
9	63
0	46
0	12
1	40
0	0
0	21
0	20
2	24
0	23
0	10
0	23
0	22
0	14
0	12
0	3
0	9
0	9
0	3
0	5
0	8
0	3
39	49
0	10
0	43
0	49
21	26
3	6
0	165
0	147
0	51
0	157
1	68
0	169
0	166
126	182
0	55
0	1
0	3
0	164
0	105
0	71
2	6
0	56
0	55
0	156
0	86
0	169
0	2
0	65
0	68
0	31
2	80
2	652
0	282
7	1997
1	1
0	203
2	1995
0	174
0	1959
0	107
11	1535
0	19
0	1969
0	28
3	0
249	23
7	26
0	29
0	0
0	0
0	0
0	0
0	0
0	0
0	19
0	42
0	313
0	39
0	35
1	22
6	322
0	315
1	314
3	179
0	21
1	237
1	78
1	53
2	640
1	692
10	8
44	478
0	441
4	468
3	605
24	53
0	108
0	27
0	42
17	122
0	122
0	10
2	17
15	17
0	689
0	82
0	84
0	68
6	56
2	17
0	15
1	15
15	1
0	680
0	691
5	112
334	187
0	137
0	123
1	48
0	1
0	49
0	34
1	12
0	48
2	47
0	47
0	14
0	47
0	37
0	40
0	36
0	7
0	11
0	22
0	24
2	27
0	10
392	0
116	59
0	60
0	46
0	3
1	11
0	0
0	0
0	0
0	0
0	0
0	0
0	0
0	0
12	1518
0	1486
0	1498
0	1504
0	1441
1	1475
0	1470
0	1380
0	1495
0	1485
0	1499
0	1477
0	1463
0	1480
0	1469
0	1467
0	1484
0	1473
0	1414
0	1434
1	1338
0	1420
0	1437
0	1445
0	1445
0	1452
0	294
6	318
0	319
0	295
0	947
0	989
0	976
0	988
0	955
0	978
0	797
0	845
7	806
0	789
1	85
21	242
0	692
1	97
0	130
1	434
1	0
4	363
0	76
1	12
0	0
13	1614
73	2347
0	973
0	2558
0	2541
2	1293
37	1278
0	1139
0	2653
0	2020
0	2670
4	1485
0	2041
34	2117
0	1254
0	519
0	1581
0	1585
0	2073
0	617
6	0
0	0
7	71
3	95
0	445
1	77
1	367
0	442
0	0
72	0
0	0
1	80
0	56
0	72
0	5
0	74
0	71
0	62
0	61
0	54
0	33
0	9
0	7
0	0
0	0
1	1
0	5
18	200
0	2
0	194
2	225
0	389
4	31
0	59
0	395
3	41
4	33
96	26
262	530
1	32
28	37
5	43
17	466
0	0
0	0
0	0
0	0
0	1
0	1
0	1
0	1
0	1
0	0
0	0
0	0
0	1
0	0
0	0
1	188
323	208
1	40
2	24
0	0
0	0
0	39
0	91
0	1
0	0
1	7
0	7
0	0
0	6
0	1
0	1
0	0
2	37
0	36
0	30
2	0
0	0
0	1
0	24
0	25
1	35
0	20
0	19
0	8
0	6
598	621
2	31
0	73
5	146
3	447
0	0
0	0
0	0
0	0
0	0
1	2
0	2
0	2
3	137
1	115
0	106
1	153
7	42
0	51
0	25
0	323
0	6
2	7
0	7
0	1
259	1678
2	1657
0	1499
0	1455
0	1559
0	149
11	397
2	170
1	135
14	260
0	222
0	202
2	38
0	94
1	80
6	181
1	517
0	783
0	826
7	157
0	813
0	168
0	519
2	79
0	618
8	643
0	416
0	639
939	757
0	318
0	16
0	14
0	14
63	182
0	157
0	123
0	153
0	127
0	6
0	66
0	137
0	8
0	37
0	845
0	0
0	0
0	861
0	817
7	725
73	755
0	358
0	496
1	315
11	775
0	433
3	166
33	222
270	113
5	47
0	29
1	30
1	10
0	4
0	4
1	103
0	182
0	187
0	33
0	18
2	14
1	16
0	12
0	5
0	0
0	0
0	3
0	3
0	3
0	3
0	0
0	0
0	0
0	0
0	0
0	0
0	0
0	1
112	532
7	507
30	480
0	7
9	73
0	74
0	69
0	69
0	63
0	56
0	43
0	54
2	48
0	33
0	36
0	36
2	7
0	2807
0	3490
0	3809
0	3472
0	2775
0	3622
0	3176
0	3749
484	3621
0	3002
0	380
0	0
0	2
0	3
0	2
0	1
0	0
0	0
0	1
0	0
0	2
0	2
0	0
0	0
0	0
0	0
1	1200
2	1134
0	1251
0	1352
0	1200
0	760
10	539
5	245
0	0
0	0
0	0
0	0
0	0
1	0
0	0
0	0
0	0
0	0
0	0
0	0
3	0
2	334
9	334
0	0
0	0
0	0
0	268
0	268
0	292
0	214
0	255
22	137
0	265
0	268
0	282
0	257
0	256
0	283
0	256
0	258
1	232
0	280
6	200
1	196
0	202
0	250
0	241
0	238
0	236
0	296
0	281
6	257
0	269
0	271
0	167
0	218
0	257
0	217
0	253
0	193
0	148
2	147
0	191
0	273
0	235
0	286
0	261
0	259
0	281
0	272
0	269
0	203
0	206
0	189
0	254
0	245
0	248
0	215
0	259
2	226
2	295
0	256
6	90
0	483
0	488
0	485
0	488
6	469
0	212
0	36
3	33
1	2
9	22
0	14
0	15
0	15
0	10
6	10
0	1
2	183
0	6
0	46
0	180
0	117
0	193
0	61
0	60
0	145
0	32
0	42
0	107
0	932
0	329
0	57
3	842
0	56
13	244
0	57
1	240
0	166
1	222
0	72
0	65
0	59
0	155
0	270
1	111
0	270
0	223
0	2
1	3
0	15
0	11
0	19
1	22
1	19
0	136
0	22
1	20
2	21
0	18
2	16
0	4
0	3
3	713
0	698
0	540
0	558
0	264
3	82
0	115
0	135
0	164
0	127
5	114
0	59
12	18
0	199
0	18
4	195
6	196
2	29
0	73
3	23
0	34
1	86
0	195
0	21
4	95
1	6
4	91
0	46
0	312
0	5
0	537
0	537
0	537
0	537
0	537
0	537
0	537
0	526
0	559
1	551
0	148
0	509
0	474
0	466
1	465
0	126
0	198
0	379
0	373
0	363
0	0
3	144
0	171
0	154
0	114
0	19
0	41
0	30
0	40
0	21
3	34
0	30
0	29
1	11
0	24
0	21
0	22
0	12
0	0
0	7
0	0
0	9
0	29
0	23
0	24
0	31
6	17
0	8
2	271
2	291
7	769
0	303
0	855
1	766
0	1293
1	794
1	11
13	320
1	179
4	43
1	251
102	121
1	99
0	88
53	157
1	80
0	1294
1	225
0	173
0	24
0	241
1	227
4	8
0	60
2	27
0	40
3	22
0	7
0	17
0	17
0	0
0	0
0	1
0	0
0	1
0	0
0	0
0	1
0	0
0	0
0	0
0	0
1	100
0	207
5	203
0	208
0	198
23	14
1	38
0	15
0	19
0	14
0	16
2	14
0	3
0	3
1	111
1800	382
0	267
0	62
0	35
3	41
11	35
2	22
0	7
0	1
0	2
1	6
0	13
0	99
54	88
0	43
0	61
0	20
7	54
0	112
0	275
0	273
0	281
3	243
9	94
0	8
759	493
3	13
0	99
0	167
20	141
15	248
0	83
10	3
11	4
0	62
0	67
0	86
1	33
3	22
0	318
44	65
4	120
3	273
0	32
10	130
0	266
0	254
0	39
11	23
0	250
0	144
38	101
0	45
19	9
18	1640
2	1601
0	14
0	17
0	17
0	12
0	13
0	5
154	23
0	23
0	0
166	96
0	69
0	80
0	94
0	94
0	89
0	10
0	52
0	17
0	33
1	14
0	14
0	15
1	9
0	9
0	10
0	4764
0	5039
0	4967
0	754
0	3073
31	1598
0	1239
19	166
4	1311
4	376
0	558
0	483
0	508
0	806
1	831
1	835
0	511
1	403
0	580
1	695
1	683
1	668
0	711
0	444
0	410
1	439
0	241
0	215
4	89
0	31
0	51
0	49
0	33
0	277
0	282
1	280
10	167
11	30
1	21
0	27
0	8
1	28
1	12
0	34
0	27
0	27
0	16
0	13
1	6
0	6470
0	1102
0	108
0	6477
0	4816
5	462
0	6588
0	454
15	3170
53	3146
924	4990
0	568
0	677
2	2422
1	4046
0	1115
0	717
31	1051
2	333
0	2876
10	165
1	190
89	349
129	534
0	319
1	577
17	16
5	63
2	63
1	229
0	18
0	15
0	147
0	0
0	19
0	216
0	188
0	138
0	131
0	17
0	0
0	91
0	16
0	19
0	23
0	0
0	0
0	0
0	348
0	0
0	0
0	0
0	139
2	328
0	720
0	714
0	16
0	0
2	522
12	21
3	0
0	26
0	43
3	19
7	326
0	69
0	720
0	714
2	252
38	238
0	195
7	71
0	56
0	0
0	0
0	0
0	0
0	1
0	1
0	1
0	1
0	1
0	1
0	0
0	0
0	0
0	0
0	2
0	2
1	2
0	2
0	2
0	2
0	0
7	1746
0	2722
14	1411
1	1393
0	543
0	2184
0	1361
0	23
0	0
11	535
0	1450
8	329
0	1281
0	514
0	457
0	604
0	519
1	165
2	0
0	1331
0	1182
0	618
0	149
0	1331
1	1277
0	178
31	447
0	485
1	1279
0	101
9	51
0	372
0	350
1	360
0	347
0	390
0	431
0	64
0	337
0	384
1	414
45	1126
2	648
0	579
5	446
7	195
12	242
10	80
0	234
0	245
25	0
0	237
3	99
0	73
0	56
2	129
0	101
0	405
3	98
0	107
0	26
4	235
0	382
0	396
1	57
1	31
0	129
5	140
0	325
3	515
1	192
0	167
0	217
28	493
28	271
0	293
0	304
0	205
6	167
13	79
0	180
0	242
0	186
3	102
1	203
0	180
0	158
0	199
0	126
0	163
0	86
0	147
2	166
1	108
12	44
1	77
0	60
0	56
0	55
0	44
0	31
0	15
0	18
0	8
0	4
0	40
0	10
0	14
0	20
0	24
0	17
0	19
0	14
0	10
72	602
15	602
372	284
0	0
0	0
0	0
0	0
0	0
0	0
1	1334
4	1334
0	0
9	246
6	4
0	815
0	735
0	735
0	369
0	269
0	2
31	670
0	244
0	250
0	250
0	251
43	216
0	232
0	239
0	217
0	251
0	222
0	20
0	42
0	20
9	63
0	58
0	48
0	40
1	12
0	11
0	56
0	27
1	29
0	28
0	580
0	584
19	584
0	0
0	0
0	1055
0	1064
2	190
0	26
18	191
13	32
0	891
0	894
0	897
0	882
51	566
0	884
0	884
5	120
3	46
0	37
0	134
15	18
7	77
6	335
0	39
0	26
4	76
21	26
1	59
2	53
0	53
0	693
16	174
0	127
2	3
1133	3
0	0
0	0
1	0
0	1350
0	1328
0	1329
0	1371
0	1313
0	296
1	122
0	131
1	24
12	8
0	97
1	26
0	68
0	27
0	21
0	469
0	703
0	161
0	632
0	522
75	491
2	428
2	507
0	704
1	534
0	477
0	604
0	645
0	251
0	162
4	130
0	521
0	171
0	242
0	178
0	141
0	160
0	270
0	44
6	80
0	262
0	157
0	171
0	220
0	187
0	188
0	22
1	15
0	135
0	260
0	271
46	266
0	168
1	122
0	103
0	83
0	74
0	75
0	39
0	28
1	11
0	705
0	695
0	522
0	421
0	53
15	52
6	45
0	0
0	0
2920	1462
2	123
0	209
0	54
26	1003
0	1079
15	653
1	208
7	232
51	31
0	117
2	62
0	0
0	0
0	0
0	0
0	0
0	0
0	0
0	0
0	0
0	0
0	0
0	0
0	0
0	0
0	0
0	0
0	0
0	0
193	1202
0	63
0	82
0	97
1	16
0	19
5	18
0	368
0	362
0	340
0	345
0	343
16	287
41	342
0	352
0	224
11	212
0	158
1	84
0	153
0	31
0	69
0	35
0	0
0	0
0	0
0	0
0	0
0	0
88	99
0	102
8	93
0	9
0	537
132	553
0	154
3	133
5	506
5	459
0	585
0	582
0	571
0	608
0	592
0	602
0	592
0	588
0	556
0	525
0	509
0	416
0	320
0	290
0	367
2	44
8	19
0	135
1	33
11	27
2	27
0	70
0	38
0	810
5	805
0	803
1	6
16	5
0	9
1	38
3	46
2	37
48	76
0	42
0	21
1	63
0	60
1	8
3	6
1	2
0	8
7	4
4	7
0	6
10	3
0	0
0	0
0	0
0	0
0	0
0	0
0	0
0	0
0	0
0	0
0	0
0	52
0	23
0	334
0	16
0	207
0	198
0	21
0	24
0	86
1	2
1	74
0	76
7	443
0	451
0	117
6	92
2	104
6	133
0	91
0	81
0	60
3	1093
0	1035
0	1009
1	344
0	197
6	162
8	93
0	116
0	58
1	82
1	65
0	68
0	0
0	0
0	0
0	0
0	0
0	0
0	0
0	0
1	0
20	497
34	484
0	490
0	391
325	562
2	558
9	255
0	237
0	262
0	247
0	240
1	231
0	241
0	632
1	617
0	773
0	668
0	922
0	773
0	366
0	355
0	633
0	236
0	266
1	497
4	397
0	226
0	285
0	172
0	171
1	135
4	0
0	0
0	0
0	0
0	0
0	0
0	0
0	0
0	0
51	2
0	2
8	3594
0	3616
3	3476
6	3122
0	2627
0	3025
0	277
25	253
0	192
1	127
1	52
11	316
10	982
0	123
0	480
6	197
0	165
0	163
2	212
0	67
0	0
0	0
0	1
0	1
0	1
0	0
0	1
5	938
5	28
0	393
0	718
0	797
0	171
0	229
0	993
0	1028
3	161
0	37
0	66
10	508
0	56
2	53
0	96
0	98
6	24
0	156
1	0
0	1005
0	989
0	122
0	234
94	358
0	202
1	352
2	37
0	12
2	45
0	51
5	358
0	149
0	335
0	343
6	360
0	327
0	62
0	83
0	51
1	120
4	42
10	50
0	87
0	30
366	1183
8	1151
2	264
2	262
0	154
0	118
4	116
2	158
0	3
0	4
2	25
0	25
0	25
0	4
0	0
0	7
0	4
0	4
0	1
7	350
817	484
0	395
7	35
0	414
0	282
0	198
0	491
0	34
1	167
4	4
0	2
0	1
0	0
0	1
0	1
0	2
1	2
0	2
0	2
2	2
0	2
0	0
0	995
0	357
0	226
0	795
0	134
0	967
0	870
0	971
34	879
3	67
0	67
0	16
0	24
0	71
0	17
0	60
0	6
0	0
0	10
0	39
0	22
1	7
0	47
0	23
0	0
0	52
0	41
0	45
0	29
0	39
0	45
0	16
0	43
0	14
0	12
0	31
2	18
0	13
0	0
0	6
0	11
0	5
0	136
85	290
0	233
0	36
0	27
0	810
0	27
1	27
0	50
0	815
0	11
1	64
0	782
0	48
0	41
0	768
0	800
0	139
2	561
14	734
0	164
1	170
0	137
0	69
2	62
0	201
0	68
0	37
2	0
0	171
3	38
0	182
0	75
4	0
7	151
0	6
0	0
0	102
3	150
0	87
0	152
12	138
0	151
0	139
0	111
0	34
0	7
0	26
0	12
0	33
0	12
0	14
0	12
0	40
0	134
0	32
4	233
0	138
0	13
0	12
0	26
2	4
0	44
0	26
0	18
0	56
0	239
0	147
0	23
0	22
0	214
2	230
13	2
0	25
3	28
0	73
45	815
0	844
0	830
0	706
0	565
0	595
4	239
43	109
15	70
29	0
0	14
0	25
0	39
0	53
0	54
0	47
0	49
0	58
0	57
0	45
0	52
0	57
0	42
0	67
0	255
0	257
1	74
0	16
0	0
0	13
1	246
0	53
0	232
0	632
0	2506
0	1216
8	266
0	2499
0	1406
4	65
0	847
7	0
0	465
21	253
0	2112
0	2475
6	90
2	648
0	26
0	40
355	1606
0	457
1	197
4	132
0	35
0	408
6	241
3	120
9	576
0	476
1	121
0	196
2	395
18	415
0	295
0	271
0	226
0	153
0	37
0	138
352	166
0	40
0	54
0	922
13	1086
0	495
3	557
0	1022
0	1100
0	547
0	1139
0	637
3	61
1	1166
3	1167
0	340
6	753
0	0
12	84
690	204
2	204
0	47
10	3
8	60
1	24
0	4
0	9
0	4
1	27
0	20
0	1
0	2
0	1
0	8
0	9
1	11
0	7
0	1
0	9
0	0
1	216
1	226
0	355
3	492
10	170
0	446
1	442
23	354
0	198
6	111
0	23
0	90
1	61
3	54
0	18
1	19
0	0
198	537
0	516
0	506
0	43
0	532
3	396
0	285
1	279
0	171
0	0
0	0
0	0
0	0
0	0
0	0
0	0
0	0
23	573
0	862
0	833
6	849
16	114
0	51
0	104
2	80
3	14
0	60
2530	1137
0	43
0	1057
8	388
0	113
147	201
0	158
0	102
19	127
0	88
0	38
1	188
0	1127
0	1164
5	193
0	669
6	677
0	128
16	513
3	87
0	114
0	77
0	100
3	47
2	62
3	162
1	24
7	56
0	59
0	48
2	47
1	42
0	24
0	0
2	0
0	2363
2	104
0	394
0	574
0	26
0	2283
26	2266
0	60
0	779
0	108
0	58
0	469
5	101
0	190
0	962
1	2097
0	587
0	59
0	246
8	172
0	106
0	390
1	148
0	124
1	674
0	672
0	656
2	463
0	596
0	641
0	598
0	674
0	661
0	642
2	655
0	654
0	639
0	622
0	573
1	504
0	610
0	624
0	633
0	576
0	618
0	611
0	376
0	78
0	48
0	65
0	130
0	81
4	117
0	130
0	114
0	83
0	76
0	32
0	18
0	32
0	18
0	111
0	5
0	111
0	108
1	108
0	8
6	402
221	455
3	20
12	330
6	346
7	312
2	309
0	450
0	146
211	312
0	168
0	62
4	220
16	111
0	228
0	103
4	24
27	804
0	14
0	349
2	11
4	75
0	844
35	844
0	844
3	844
4	841
1	642
0	70
0	607
4	605
0	595
0	593
0	517
1	391
0	216
9	24
3	25
1	103
0	91
0	32
0	11
0	19
0	20
12	11
0	57
0	48
0	49
0	55
0	55
0	31
0	27
1	7
0	4
3	6
7	5
0	1361
7	1361
0	1369
24	864
0	307
0	849
0	875
0	775
0	183
8	20
0	31
0	68
0	79
0	91
0	93
0	14
2	52
1	8
0	46
1	38
0	37
0	12
0	8
0	8
1	1
0	0
0	876
0	487
1	461
6	140
0	457
2	453
0	460
0	452
0	470
150	176
0	143
0	122
7	78
3	317
1	270
0	310
0	315
1	310
27	71
0	308
0	307
7	98
0	223
0	38
33	290
0	69
1	290
18	222
0	701
0	552
0	52
4	431
7	79
0	0
0	3
3	1294
0	3
3	752
0	1
0	229
0	269
20	609
0	1392
0	325
0	0
2	253
3	15
25	947
11	134
0	0
0	330
0	315
0	300
31	323
0	330
8	143
0	134
0	23
785	311
0	311
6	93
24	434
0	23
0	30
3	82
2	323
1	35
0	88
66	265
40	65
5	213
2	0
1	966
2	60
0	1023
0	917
2	258
10	962
3	125
26	103
4	782
15	63
0	311
24	260
0	202
1	7
0	91
0	26
0	20
0	1
0	4
0	43
0	25
0	17
0	34
0	35
0	25
0	4
0	7
0	10
0	6
0	923
0	1006
0	738
5	691
4	771
0	819
7	990
449	1988
0	1850
0	368
0	500
0	149
0	110
2	206
0	1059
2	341
0	0
0	0
717	402
0	402
7	1
0	1
0	0
0	5
6	238
19	238
0	53
0	46
0	508
0	507
2	487
0	486
0	223
5	384
0	211
1	83
4	135
4	164
1	71
5	65
0	81
0	22
5	34
0	5
0	72
1	50
43	72
26	2167
780	2159
0	156
0	0
0	0
0	155
1	51
0	149
0	137
0	60
14	106
0	53
0	34
6	12
0	136
0	156
0	323
0	156
0	152
0	157
2	62
0	10
0	156
0	53
0	156
0	79
0	156
0	156
1	156
0	12
0	261
0	4
0	96
0	13
1	7
0	0
3	0
0	0
0	0
0	0
0	0
0	0
0	0
0	0
0	0
0	0
0	0
0	0
0	0
0	0
12	1101
0	1099
0	1061
0	256
2	105
20	42
0	91
100	704
7	171
0	47
0	848
1	400
0	0
0	120
0	864
1	0
3	28
29	927
0	79
0	117
0	865
0	26
0	398
0	165
0	737
0	868
0	330
0	350
0	105
68	35
0	1086
0	1093
0	1018
8	967
1	287
0	96
4	0
24	216
0	110
0	40
8	843
3	1854
42	1861
0	246
3	8
0	1124
130	856
1	1323
0	1414
0	387
37	1012
1	599
0	702
0	652
5	179
0	312
10	194
1	137
179	484
4	484
0	970
0	1006
2	638
0	658
0	554
0	559
11	187
0	502
4	381
0	174
0	236
0	246
0	185
6	180
2	55
0	42
0	51
15	82
20	10
0	977
0	336
3	339
4	303
1	106
0	229
0	224
0	240
0	249
0	258
3	209
0	68
1	116
0	136
3	7
2	15
0	157
0	157
5	157
0	70
0	40
0	3
0	26
0	10
0	23
1	7
0	8
0	7
0	7
0	12
0	6
1	4
0	6
0	6
0	4
0	69
0	69
0	17
0	72
0	66
0	75
0	24
0	12
0	0
0	6
0	25
0	1
0	1
0	1
0	1
0	1
0	0
0	0
71	26
0	26
0	0
0	0
0	198
10	198
0	191
3	214
0	222
2	36
0	198
0	205
0	73
0	106
0	81
0	87
2	64
5	36
0	120
0	28
0	18
70	0
22	85
2	71
1	32
0	0
0	0
0	0
0	0
0	0
0	0
0	0
0	0
0	0
0	0
0	0
0	0
0	245
0	0
9	3
0	3
0	152
0	482
0	471
0	481
1	430
1	457
1	432
0	28
4	400
1	99
0	426
0	3
2	34
0	4
1	48
0	41
0	9
0	14
2	55
1	48
0	157
0	168
0	161
1	15
2	7
0	147
0	141
0	137
0	135
0	114
0	120
1	23
0	36
0	20
85	95
0	86
0	17
0	43
0	33
0	19
0	17
2	9
2	23
0	22
0	12
0	2
0	2
0	8
0	123
0	111
2	115
1	123
1	12
0	2
0	1
0	1
0	1
0	0
0	1
0	495
0	560
17	556
1	683
0	709
1	694
0	722
0	498
0	145
0	207
0	451
0	560
0	496
0	729
0	729
0	588
0	432
0	733
0	487
0	735
1	432
0	498
5	435
0	563
0	484
0	495
6	467
0	710
0	732
0	495
0	732
0	432
0	432
0	447
0	49
0	722
59	735
0	456
0	209
0	650
0	698
0	719
0	217
0	441
0	457
0	452
0	114
1	174
1	282
2	263
0	169
0	298
0	306
0	182
0	53
0	191
1	20
0	163
0	143
0	22
0	7
0	56
1	27
0	41
0	35
0	25
0	19
0	2
9	2
0	2
0	0
7	125
1	121
0	125
0	0
0	0
0	0
0	985
7	974
63	986
0	829
0	806
0	766
0	544
21	534
0	610
1	589
0	545
0	476
0	317
0	126
0	175
4	158
5	71
17	2
0	987
0	4
0	1
1	5
0	4
0	2
49	5
0	3
0	3
0	2
0	3
0	4
0	89
0	105
0	5
0	1
0	4
0	16
0	101
0	13
0	98
0	7
0	10
0	1
0	87
1	0
0	3
0	98
0	7
0	21
0	60
0	8
0	14
0	7
0	17
0	5
0	5
3	30
1	12
0	0
0	0
0	0
0	0
0	0
0	2
2	83
0	54
4	4
0	19
0	1
0	70
0	4
0	55
0	29
0	1
0	5
0	0
0	0
0	0
0	0
0	0
1	0
0	0
0	0
0	10
2	11
0	2
1	34
0	19
0	6
0	32
0	4
0	17
1	19
0	0
0	2
1	89
0	580
0	580
0	573
1	485
0	509
0	329
0	1012
0	1012
5	740
0	699
0	932
0	973
3	552
0	486
1	437
0	48
3	80
0	71
2	148
0	71
0	97
0	79
0	103
3	63
0	109
0	88
0	42
1	33
0	39
0	39
9	26
2	0
13	96
39	60
3	58
0	57
0	54
0	8
0	42
0	28
3	19
1	9
0	8
0	0
0	0
0	0
1	220
0	160
0	220
3	144
0	142
0	130
0	0
0	0
0	0
0	0
0	0
27	2
0	1
0	1
0	194
0	204
0	64
0	14
183	605
0	598
27	497
0	4
0	2
0	4
0	4
2	2
0	2
0	1
0	1
0	1
0	1
0	1
1	1
0	1
0	0
3	9
3	9
0	4
0	395
1	172
348	1087
0	229
0	263
0	146
0	248
0	101
3	506
0	0
135	967
1	422
0	570
7	260
2	559
0	270
11	368
0	1114
0	1114
63	655
1	667
24	996
0	40
0	99
1	178
1	138
9	57
1	59
34	28
0	71
20	60
0	0
0	0
0	225
3	1454
0	1567
0	1458
7	55
0	141
0	129
0	546
2	1420
0	243
0	16
8	529
0	1
0	1
0	0
52	288
1	288
0	169
0	333
60	361
1	5
2	5
0	932
1	933
7	927
0	924
3	682
0	113
0	113
0	21
0	0
0	44
0	31
0	5
0	2
0	1
0	191
0	22
0	120
0	16
0	202
1	27
0	0
0	0
0	0
0	0
0	0
93	962
0	4
2	783
0	849
5	267
0	162
0	153
0	35
1	47
0	149
0	302
0	739
0	74
1	712
0	56
0	110
0	107
0	703
0	38
0	210
0	687
0	632
0	0
0	121
26	234
15	212
0	191
7	52
1	105
1	67
0	0
0	7
0	7
0	3
0	6
0	6
0	768
0	738
0	760
0	679
0	756
19	0
6	20
0	76
2	106
0	94
1	102
0	122
0	122
0	121
1	117
2	82
0	1020
0	850
0	1086
0	1089
0	1087
0	978
19	154
0	162
2	552
19	136
0	140
1	60
8	40
0	352
1	211
4	125
0	174
1	173
4	63
1	46
0	0
0	0
0	0
0	0
0	0
0	0
0	0
0	0
0	0
0	0
0	0
0	0
0	0
0	0
1	1091
2	51
0	1119
2	49
0	24
4	72
8	92
3	73
7	185
0	0
0	0
0	0
0	0
0	0
0	0
0	0
1	3487
0	929
2207	3984
2	929
0	740
0	642
0	3013
0	551
0	190
12	2530
0	625
0	3442
0	484
0	596
0	939
3	403
4	1289
1	1369
4	747
0	0
0	0
0	0
0	0
0	0
0	13
0	213
0	20
4	230
20	12
0	6
0	6
1	5
1	3
0	11
0	4
0	206
1	0
3	14
0	8
0	0
2	3
0	13
0	15
31	151
0	0
0	0
0	0
0	27
0	147
0	99
0	76
0	0
1	37
0	6
0	0
0	0
0	0
0	0
0	1
0	1
0	1
0	1
0	1
0	0
0	0
0	0
0	0
0	0
0	0
0	1653
0	1364
1	1297
4	1420
0	1119
3	1644
0	397
5	71
4	103
2	133
0	48
0	184
1	178
1	130
0	116
0	112
0	362
0	601
0	585
0	6
8	254
1	397
2	404
7	138
1	24
24	165
2	9
3	59
0	49
54	7
0	3
3	4
1	1284
0	1284
0	146
0	4133
3	48
0	102
0	993
0	85
22	128
0	68
37	1107
0	4
0	6
0	6
0	8
0	19
0	1
0	4
0	13
0	18
1	7
34	25
0	20
0	10
0	7
1	0
0	0
0	0
0	0
0	1
0	1
0	0
0	0
0	0
0	0
0	0
0	2
0	1
0	1
0	0
0	677
3	550
0	421
0	433
4	355
38	356
2	279
11	299
3	300
2	189
1	285
1	249
0	181
0	91
16	0
21	1249
7	78
0	1255
0	154
0	1249
0	18
0	19
0	18
5	20
0	20
0	20
0	20
0	19
0	20
0	13
0	13
0	8
0	3
1	4
0	4
0	1
0	275
0	30
0	20
0	258
0	22
3	17
0	189
1	19
3	265
14	23
1	142
0	727
0	42
19	384
29	401
1	103
170	728
0	154
0	18
0	174
0	18
8	18
0	4
1	4
0	57
3	65
0	13
0	13
0	23
0	202
0	13
7	449
0	456
0	453
1	7
0	14
0	10
0	18
0	9
0	1
67	0
0	423
0	411
6	405
0	383
0	21
0	190
1	190
0	4
0	1
0	3
0	2
0	2
0	11
0	17
0	17
0	1
0	4
0	0
332	63
0	19
0	29
0	36
0	2
0	1
0	2
4	2
0	1
10	271
51	262
0	267
0	147
0	159
0	31
0	255
76	1261
1	185
0	130
0	130
1	155
0	499
1	1033
0	973
0	1308
0	60
0	121
0	229
2	237
16	196
15	82
48	369
0	766
0	778
21	309
0	760
0	747
0	316
0	66
0	67
0	14
0	11
0	0
0	0
0	0
0	0
1	76
0	115
6	157
0	100
0	87
0	59
0	0
0	0
0	0
0	0
0	0
0	0
0	0
0	221
1	258
0	270
0	275
0	288
0	230
0	297
0	284
0	312
0	317
0	288
2	298
0	328
0	103
6	229
0	35
0	265
0	182
2	143
0	245
0	284
0	281
0	317
0	286
0	276
0	182
0	237
0	82
0	267
0	67
0	209
0	210
0	223
0	147
0	82
0	28
0	125
0	32
0	62
0	41
0	32
0	62
0	54
0	51
0	37
0	26
4	21
0	410
0	537
0	527
0	657
0	542
0	270
0	459
0	470
1	481
0	529
0	645
0	675
0	613
11	594
0	406
0	470
0	433
0	438
0	437
5	130
0	501
0	563
1	1059
0	1072
0	1070
0	1084
0	1063
0	1041
0	32
0	454
0	193
6	688
1	694
0	696
0	629
9	432
0	639
0	717
1	603
0	649
0	679
0	512
0	605
0	616
2	441
0	575
36	530
0	423
0	277
0	221
1	92
0	72
9	330
298	532
7	417
2	0
7	219
0	84
0	184
0	184
0	183
13	200
1	24
0	162
5	48
0	131
0	189
0	167
0	174
0	200
0	171
0	203
0	78
0	126
0	169
1	155
0	3
0	9
25	39
1	4
0	0
0	0
0	0
0	192
0	152
0	395
0	408
0	179
0	227
0	125
0	131
0	158
0	1
0	0
0	128
0	358
0	363
1	60
0	325
1	64
47	210
0	98
0	116
8	136
17	0
0	182
0	186
7	70
0	175
0	53
0	85
0	160
35	44
0	114
0	0
528	357
15	92
4	89
0	48
0	46
0	41
0	4
0	80
1	41
0	75
13	0
2	66
81	35
1	66
3	185
0	35
0	625
0	170
1	294
356	742
0	244
0	138
0	5
0	89
19	0
0	21
0	94
0	106
0	30
0	52
0	48
0	95
0	44
0	91
0	99
0	45
5	61
0	30
0	23
6	28
0	26
1	68
0	63
0	70
0	44
0	54
0	27
0	37
4	61
0	16
0	44
11	30
1	441
1	164
0	530
0	224
0	200
2	241
0	465
0	499
0	577
3	463
0	173
1	175
0	172
1	239
1	316
0	460
1	509
0	582
0	606
0	747
0	382
0	326
1	403
0	77
0	99
3	568
0	149
0	35
0	398
1	1206
1	168
25	1580
0	629
325	769
0	1977
1	766
168	804
0	1262
0	1958
1	968
0	891
8	764
0	1235
0	825
20	1950
5	672
21	16
0	21
6	28
0	10
5	759
0	762
0	553
8	28
3	21
19	37
0	571
76	522
0	0
0	0
0	0
2	26
0	22
0	14
0	18
0	5
0	630
12	588
1	618
1	598
1	54
0	233
0	221
1	196
0	190
0	149
0	74
0	108
0	63
0	721
0	723
0	489
0	495
37	492
0	438
1	28
0	63
2	13
31	415
15	718
15	178
25	559
1	535
0	555
2	98
0	38
0	222
0	84
39	44
0	33
11	24
2	23
0	7
0	8
0	8
0	0
0	8
0	0
0	2
0	6
0	8
0	1
0	3
0	0
0	8
0	8
0	8
0	8
0	8
0	2
0	1
0	147
0	147
0	121
0	110
1	106
1	15
2	25
0	10
1	8
19	3
0	0
0	3
296	70
2	63
0	33
5	26
0	2
0	0
0	2
4	215
0	218
0	14
0	5
0	13
0	72
0	0
3	81
0	72
0	0
0	20
0	13
0	13
0	15
0	14
2	13
0	1
0	1
0	1
0	1
0	1
0	0
0	1
0	0
0	1
0	0
0	0
4	45
0	44
0	44
1	42
0	2231
52	518
0	2241
0	2246
0	2210
0	2186
78	2185
0	139
1	117
1	208
17	414
48	0
11	883
0	888
0	883
0	889
0	875
0	883
0	732
0	427
0	436
0	341
1	64
0	77
1	45
0	52
0	47
0	50
0	30
0	36
0	30
0	20
0	3
0	835
0	832
0	845
1	696
3	837
0	881
0	313
0	876
0	39
2	25
0	153
0	104
0	113
0	97
0	93
0	91
0	51
0	38
0	23
0	24
0	26
0	839
0	280
0	264
0	298
0	67
0	22
0	99
0	292
0	13
0	23
0	0
0	0
0	0
2	456
0	489
0	492
2	63
0	485
11	26
0	488
0	98
0	482
0	484
0	468
0	18
0	96
1	0
1	470
0	37
0	39
0	0
0	0
0	0
0	0
0	0
0	0
0	0
0	0
0	0
0	0
0	0
0	0
0	0
0	0
0	0
0	0
0	0
0	0
0	0
0	0
0	0
0	0
0	0
0	0
0	0
0	0
0	0
0	0
0	0
0	0
0	0
0	0
0	0
0	0
0	0
23	2266
0	2404
2	363
30	315
1	180
0	46
0	45
0	762
4	85
0	201
0	38
0	45
0	761
0	213
0	48
0	41
0	43
0	40
0	43
0	5
0	39
0	39
0	0
0	38
0	16
0	9
0	17
0	2
0	40
0	16
0	32
0	21
0	4
0	25
0	16
0	0
0	0
0	0
0	0
2	53
3	31
0	725
0	86
0	747
0	699
0	18
0	0
0	0
0	0
0	0
0	0
0	0
0	0
0	2
0	0
0	0
614	153
0	152
0	0
0	0
0	0
85	500
0	447
0	362
0	366
0	288
0	286
0	274
0	226
0	215
0	156
0	183
0	120
0	134
0	108
3	111
0	54
1	39
27	35
5	18
6	17
0	19
0	13
0	0
0	306
0	293
29	204
0	293
0	104
0	73
9	298
2	117
0	45
0	192
1	37
0	1
0	16
0	43
18	50
0	105
0	52
0	78
1	63
0	36
0	56
2	39
1	34
11	18
0	40
0	54
0	34
5	41
15	47
0	26
1	57
57	146
4	135
0	133
0	14
6	16
0	13
0	0
1	0
0	0
0	0
0	1
0	1
0	5
0	5
0	0
0	0
0	0
0	0
0	0
0	0
0	0
0	0
0	0
0	526
0	597
4	489
0	223
0	522
1	514
0	425
4	305
0	469
2	393
0	502
0	219
2	181
0	215
0	215
0	169
0	0
1	1
0	1
1	121
0	1219
0	1209
19	732
0	1134
0	1139
0	1157
0	300
5	271
18	621
0	457
6	170
12	402
3	313
0	211
0	206
0	159
0	182
0	0
1	30
0	26
8	30
0	6
0	4
0	4
0	6
0	5
2	2
0	777
0	29
0	39
0	48
0	87
0	231
0	101
0	122
0	956
0	961
4	0
0	725
0	12
4	56
0	61
0	34
0	98
0	239
0	63
1	60
0	543
0	544
12	122
1	87
0	74
0	43
0	25
4	0
163	0
0	119
1	111
0	359
1	349
6	405
3	335
6	362
0	317
9	57
0	2440
0	2440
0	551
5	570
68	5201
0	16490
0	16111
128	4793
0	5807
33	4987
0	7307
42	7160
0	7109
3	4271
0	4212
0	3768
46	3475
3	702
0	59
0	643
4	641
0	274
29	58
5	230
2	439
10	26
3	258
1	10
0	47
21	106
9	44
0	44
6	26
15	14
14	269
16	10
0	49
0	90
28	182
0	83
0	17
11	133
0	26
9	39
1	42
0	12
0	1
11	7
2	364
5	364
4	312
0	167
7	66
2	364
1	18
122	484
2	433
1	385
1	113
0	87
2	101
0	0
1	3
0	3
24	15
0	753
0	811
4	645
5	8
1	27
0	51
0	567
2	0
9	271
0	13
0	72
0	0
0	374
0	750
0	667
0	57
797	969
0	445
1	826
0	162
5	144
1	56
0	0
0	0
0	0
0	0
0	0
0	0
0	0
0	0
1	327
5	476
0	478
0	478
0	390
0	557
1	97
2	474
3	481
0	407
33	149
0	43
5	433
0	406
1	277
0	1656
1	1663
0	1676
0	1372
0	1447
0	1267
0	1201
0	1210
11	87
1	113
1	235
5	70
0	238
7	321
0	128
650	614
3	486
1	23
0	57
1	0
0	0
0	0
0	0
0	0
0	0
0	0
1719	4434
9	401
0	329
0	4237
0	2092
1	0
0	0
0	629
0	34
0	34
0	5
0	0
2	341
0	362
1	343
0	0
0	0
0	363
13	334
0	338
2	25
2	334
0	859
11	864
1	892
0	283
1	215
0	151
1	548
2	492
18	1208
0	9
0	106
0	38
0	359
0	25
1	107
0	1208
0	22
0	750
0	69
1	87
0	6477
6	6227
0	6364
1	6393
0	6387
6	705
1	347
0	5514
27	3392
0	149
4	106
14	1144
0	44
5	1510
0	125
4	255
1	307
4	367
2	219
2	14
0	412
0	21
6	418
8	419
2	25
1	44
0	772
49	1069
0	1041
0	1039
0	1038
5	1038
2	315
0	308
1	178
0	255
11	232
0	156
0	0
0	0
0	9
0	26
0	139
0	89
2	260
0	160
1	235
0	124
0	102
0	80
0	37
1	22
0	3
0	14
0	1062
12	1096
5	1075
0	1095
0	1059
0	1075
0	1054
0	1010
1	446
2	32
0	11
0	38
0	0
0	0
0	0
24	1
0	277
0	277
0	278
0	45
0	1086
2	1077
4	1137
3	1326
0	1340
0	1207
1	1205
0	1333
0	1296
0	1408
0	194
0	1330
0	1279
0	1283
0	1171
0	1161
0	2
0	2
0	0
0	0
0	0
0	0
0	0
0	0
0	0
1	29
0	29
0	0
0	2
0	29
0	29
0	30
0	19
0	32
0	0
0	9
0	10
0	14
0	29
0	29
0	30
0	26
0	30
0	30
0	28
0	29
0	29
0	28
0	28
0	29
0	27
0	27
0	22
0	28
0	26
0	30
0	28
0	27
0	30
0	25
0	31
0	30
0	26
0	30
0	27
0	28
0	28
0	31
0	29
0	10
0	28
0	28
11	29
0	28
0	30
0	26
0	29
0	31
0	28
0	29
0	27
0	27
0	30
0	28
0	29
0	28
1	10
0	27
0	19
0	0
0	1
0	8
0	0
0	2
0	28
0	7
0	27
0	20
0	30
0	27
0	0
0	0
0	9
0	20
0	3
0	16
0	1
0	1
0	23
0	16
0	7
0	20
0	21
0	19
0	19
1	18
0	14
1	3
0	19
0	17
0	3
0	14
0	3
0	1
0	1
0	3005
0	3005
0	3042
31	884
2	3058
1	1584
0	219
0	214
0	302
0	2999
0	3067
0	2957
69	597
0	2869
0	2763
0	2998
1	86
0	3025
0	89
0	206
0	3034
0	3021
0	3109
0	3022
0	3021
0	3041
0	236
1	2835
0	252
2	2508
103	2385
7	1655
0	1533
0	8
0	0
91	8
0	0
0	0
0	0
0	0
0	0
0	0
0	0
0	0
83	800
1	775
0	702
6	214
0	5
0	64
0	63
0	114
1	45
0	30
0	73
0	72
0	76
0	57
0	43
1	32
0	32
0	14
0	2081
0	1781
0	2041
0	1620
0	257
0	2097
0	1623
1	89
2	152
2	94
0	165
0	161
0	123
0	464
0	416
0	1322
0	1050
0	2037
0	321
0	203
0	1395
2	2
0	230
0	154
0	91
7	59
0	88
9	104
4	177
5	294
20	1832
0	1832
0	1032
1	84
6	708
0	1147
1	60
2	1169
7	91
1	659
0	1075
0	168
0	156
1	103
123	891
1	159
2	93
0	11
0	11
6	11
0	0
0	272
246	5170
0	3889
0	2220
24	3826
0	3762
0	1658
0	1893
2	2121
1	2044
0	1654
2	173
0	933
0	1220
0	975
1	535
16	891
0	566
0	384
0	567
4	333
1	416
0	167
15	389
0	263
4	165
9	409
3	268
1	17
0	338
0	193
6	206
4	155
0	172
0	136
0	118
0	107
0	65
0	0
0	0
14	1917
2	1907
0	38
0	1955
0	62
0	1906
1	137
5	95
0	93
0	22
1	15
0	24
0	20
0	13
0	0
0	9
0	5
0	0
0	0
1073	561
3	143
4	418
2	16
0	120
0	144
0	9
1	46
0	76
0	73
0	144
0	119
0	131
0	108
0	138
0	141
0	9
0	11
2	143
0	82
0	45
0	114
0	48
0	44
1	32
0	127
0	130
0	33
1	17
0	55
0	64
2	47
1	12
1	12
0	603
1	626
0	460
0	547
0	142
0	337
0	641
0	541
11	636
0	540
4	333
2	126
0	625
0	495
0	621
0	359
0	630
0	122
0	522
0	207
5	534
3	36
42	308
0	82
0	339
0	449
0	392
0	57
0	113
0	133
0	230
1	191
0	268
0	221
0	213
0	133
0	280
3	206
0	295
2	343
0	178
0	437
0	127
0	236
0	43
7	186
0	213
128	996
0	996
0	994
0	996
9	49
4	125
0	120
0	129
2	129
0	2
0	2
0	2
0	1
0	1
0	1
0	108
0	52
11	4
0	2
0	177
0	141
0	148
0	816
0	141
0	282
0	902
12	51
0	358
1	227
0	202
0	506
2	854
0	76
0	143
0	897
2	207
0	209
4	151
3	894
68	809
1	200
24	755
75	252
0	238
0	233
3	212
0	234
1	73
1	111
0	170
6	40
1	113
0	10
0	98
3	22
0	106
2	95
0	45
0	23
1	0
0	136
0	0
15	139
3	2
0	137
0	137
0	3
0	21
6	563
0	267
1	293
10	225
15	587
0	531
0	199
2	70
0	50
3	169
0	425
0	95
47	129
57	575
0	152
62	499
2	148
18	62
2	86
10	14
0	320
0	372
0	46
0	400
24	397
0	121
0	128
0	115
0	56
0	108
0	28
1	0
8	324
0	47
166	368
11	192
3	192
18	8
0	2204
0	6568
13	6567
348	5755
0	6262
0	5276
0	1860
13	1203
0	983
4	1000
0	1000
0	997
0	0
11	0
2	4
0	70
0	417
2	459
0	992
0	256
18	126
0	199
0	429
1	918
0	344
42	804
27	609
4	232
1	1
1	422
2	653
0	662
7	51
2	544
0	545
0	775
2	643
10	530
0	341
2	169
0	23
0	127
212	2332
0	661
0	2187
0	329
0	432
0	214
0	302
10	82
0	398
0	281
0	174
6	42
1	503
2	289
0	350
1	1004
1	227
3	318
11	556
0	498
0	135
7	424
0	418
0	0
0	1
0	0
0	55
0	41
0	33
0	8
1	53
0	52
0	63
0	51
0	21
0	1560
18	1433
49	1281
5	1401
6	597
0	1489
1	532
5	328
0	487
1	353
0	0
0	0
0	0
0	0
0	0
24	242
26	241
10	284
0	266
0	256
0	32
15	38
0	42
0	105
0	73
1	69
0	102
2	51
0	48
1	57
0	48
0	73
0	58
0	25
0	10
0	17
0	1
0	0
0	1
0	3
0	3
0	1
0	3
0	0
0	2
0	0
0	2
0	2
0	2
0	1
0	1
0	1
0	1
0	1
0	1
0	1
0	1
0	729
0	791
0	808
3	777
0	812
0	799
0	743
0	366
0	780
1	719
2	713
0	338
0	382
0	523
0	672
0	730
0	678
0	769
0	742
4	409
0	81
1	328
7	174
116	54
0	53
0	4
2	3
0	676
4	519
0	1939
1	493
1	110
0	1809
1	64
8	185
0	1
0	1
0	1
6	189
0	0
0	46
749	339
1	333
0	49
0	61
1	1569
10	1465
0	1615
6	1564
0	1578
1	1578
0	1503
0	1530
0	248
7	126
0	128
0	4349
0	4245
0	3560
195	4038
0	168
0	400
0	1021
0	3750
0	4379
0	4118
6	3571
0	3346
17	594
13	427
0	2143
1	1308
0	343
0	1533
27	1435
0	1258
0	86
0	169
0	1462
0	1506
0	188
0	1215
0	1408
0	62
0	1341
0	168
0	561
0	45
0	71
0	146
0	240
0	84
0	148
0	1350
3	1
2	244
0	951
0	977
8	1199
0	1301
0	1206
0	1338
0	796
10	666
0	870
0	494
0	517
0	480
0	191
0	355
0	237
0	235
0	172
0	150
0	112
0	167
0	17
255	432
1	130
0	108
25	392
0	89
1	53
0	35
0	5
60	942
0	579
0	862
0	130
0	701
0	960
0	556
0	91
0	869
2	134
5	51
1	46
0	143
7	26
1	428
0	623
0	26
0	25
0	40
0	471
0	469
0	434
0	507
69	619
1	29
0	72
1	147
8	44
0	114
1	50
1	11266
13	19813
122	15868
117	1233
181	19739
64	15295
199	2312
12	8241
4	0
0	990
0	622
0	971
0	954
1	57
0	129
0	922
0	491
0	444
1	29
0	55
0	111
0	234
0	143
4	136
3	39
0	79
3	24
0	18
3	17
0	61
64	253
919	262
9	43
0	0
0	0
0	0
0	0
0	15
0	11
0	8
38	14
0	1
0	0
4	8
0	2
0	6
0	0
0	1
0	37
17	37
0	0
0	0
0	0
0	0
0	0
0	0
0	1
0	2
0	1
0	1
0	0
0	1
0	0
76	602
1	603
0	298
0	21
17	579
1	254
2	185
0	219
1	145
0	145
0	0
0	292
0	298
0	311
0	258
4	65
8	1111
0	1232
2	866
0	852
0	70
0	17
0	79
0	1229
0	31
0	28
0	27
0	27
0	27
0	1188
0	28
0	60
0	30
1	29
0	32
0	37
0	129
0	117
0	178
0	208
0	215
0	29
2	30
4	164
0	6
0	3
0	10
11	17
9	27
0	590
0	56
0	718
10	676
0	332
0	25
0	636
5	289
0	637
0	41
4	455
0	27
0	75
0	442
0	391
0	43
0	96
0	84
3	78
0	0
16	12
0	11
0	9
3	1
0	792
1	681
0	758
0	380
1	260
0	127
1	181
0	49
1	152
11	116
0	159
0	59
0	28
0	8
0	1
22	308
2	418
143	418
0	144
0	131
3	17
1	19
3	31238
0	27447
0	31238
0	28369
3	30644
1	30668
0	30622
0	26924
0	26873
0	25823
29	29936
0	26142
0	26510
2	26850
1	29896
0	29934
4	30391
0	29917
0	28264
1	30249
0	15166
0	16590
0	14644
0	16552
0	16554
3	594
0	198
0	744
11	174
0	666
2	627
3	621
0	143
0	415
0	670
9	704
0	403
0	738
0	372
0	402
0	307
0	377
3	491
0	442
0	370
0	303
0	352
2	231
0	586
0	339
9	48
37	90
22	821
0	821
0	125
0	180
1	745
0	695
0	740
0	716
2	228
0	834
1	50
3	133
1	47
2	99
3	218
0	194
30	233
2	170
3	11
0	0
0	0
0	0
0	0
0	0
0	0
0	0
0	0
0	0
0	0
0	0
0	0
0	0
0	0
0	0
0	0
0	0
0	0
0	0
0	0
0	0
0	0
699	157
3	93
6	38
0	36
0	47
0	1042
0	155
1	1
0	1
0	1
0	0
1	464
0	177
0	143
0	134
55	281
34	180
1	192
0	101
0	2547
0	2069
0	112
0	2515
0	2585
0	2503
0	2404
0	2518
0	2390
1	2501
0	2542
0	2143
0	2463
0	2194
0	2077
0	2456
0	2529
0	2542
0	2364
0	2507
0	2441
0	2478
0	2128
7	2459
0	2498
0	2558
0	2342
0	2412
0	2029
3	2558
0	2453
0	1285
0	2193
0	2439
0	2375
0	2461
0	2356
0	134
6	276
0	2487
13	2176
0	2095
2	143
0	1700
0	1691
0	316
0	1752
0	1721
0	1602
4	1744
0	1436
0	144
0	5002
0	5070
0	5016
0	4963
0	2671
0	4921
0	5130
0	4578
0	4923
1	3873
0	4634
0	4929
0	4863
0	5134
0	4742
1	4821
0	4933
0	4861
2	4968
9	3738
0	3942
0	4209
0	4604
0	2518
0	2911
0	4357
0	4585
0	4951
0	4679
0	3665
0	3764
73	4779
0	4411
0	4985
0	4408
0	4617
0	4858
0	5030
0	4284
0	4606
0	4790
1	4629
0	4911
0	4683
0	4819
0	4856
0	4974
0	4520
0	4651
0	4860
0	4387
0	4626
0	4243
0	2733
0	4551
0	4470
0	4469
1	4716
0	4577
0	4422
0	4341
0	4012
0	4326
1	3225
0	1666
0	1891
0	1254
0	1442
0	1243
0	1354
0	1535
0	771
0	983
0	942
2	943
3	291
2	216
8	213
0	130
1	112
1	87
0	0
19	13
648	13
0	13
1	0
7	51
11	51
0	0
0	0
3	3
0	3
0	3
0	0
0	0
0	0
0	0
0	0
0	0
0	0
0	0
0	54
697	54
0	0
0	0
0	0
0	51
0	48
0	51
0	15
0	5
4	3
0	1090
26	162
1	101
0	959
0	1410
10	1423
0	884
0	1050
0	135
0	136
0	63
4	131
0	69
11	49
16	82
4	97
1	70
0	120
2	235
0	58
4	609
2	66
94	501
0	501
0	275
312	2756
0	2712
1	67
3	172
1	139
0	0
0	1
0	1
0	1
0	0
0	0
0	46
0	1545
1	204
0	0
0	202
0	475
3	465
44	203
0	452
0	321
1	107
0	181
0	53
0	32
0	5
0	217
0	230
0	217
0	205
0	201
0	196
0	212
0	227
0	202
0	270
0	210
0	224
0	214
0	262
0	236
0	236
0	256
0	230
0	195
0	222
0	222
0	251
0	76
0	114
0	94
0	221
0	228
0	248
0	88
0	223
0	201
0	229
1	93
0	123
0	134
0	268
0	204
0	221
0	240
0	232
0	279
0	62
0	199
0	204
0	187
0	189
0	178
0	246
0	79
0	199
0	60
0	70
0	75
0	49
0	178
0	197
0	229
0	183
0	187
0	201
0	192
0	177
0	178
0	197
0	224
0	235
0	141
18	221
0	200
0	13
0	128
0	112
10	107
0	115
2	817
0	1316
4	236
8	235
0	1541
0	1505
3	56
6	1188
0	301
0	360
1	77
5	121
0	132
3	451
0	472
0	24
0	92
0	61
0	467
0	454
0	459
1	219
0	122
0	0
0	0
0	0
0	0
0	0
0	0
0	0
0	0
0	0
0	0
0	0
0	0
0	0
0	0
1059	213
1	172
2	143
5	11
11	54
1	356
0	438
0	461
1	147
0	228
1	166
0	150
0	119
0	164
0	31
3	144
0	120
0	33
0	87
35	1317
2	1107
3	1328
0	643
1	140
0	55
0	62
0	40
0	23
0	7
1	9
0	12
0	11
0	7
0	49
7	29
26	479
81	521
0	515
8	184
0	104
7	169
0	1
0	1
0	1
0	1
0	1
0	1
0	0
0	0
0	0
448	1417
0	571
2	1330
1	1160
2	522
0	2004
0	2099
0	2127
0	2108
0	2113
0	1922
2	2222
0	801
1	2022
1	181
0	1908
0	1962
0	2031
6	1233
1	190
0	3451
0	5223
2	4649
3	2988
0	112
7	600
1	245
9	300
7	180
44	2102
0	55
4	14
2	14
0	8
48	170
0	170
8	14
0	10
2	222
0	232
19	187
1	45
1	64
0	38
0	858
1	841
33	62
0	369
1	318
0	334
0	335
34	350
0	299
0	199
0	323
0	37
2	50
0	92
1	1
0	55
0	132
0	140
4	40
0	36
0	49
0	67
0	38
0	33
0	821
0	915
0	918
3	384
0	277
2	143
11	210
0	112
0	25
0	98
1	215
0	87
0	88
0	94
0	461
0	97
0	471
2	372
2	457
0	395
0	399
0	399
0	22
0	391
0	312
0	304
0	215
0	460
0	454
0	223
0	463
0	463
0	237
0	80
0	70
0	304
0	218
0	455
0	271
0	455
0	455
1	281
0	315
1	368
0	278
0	215
0	85
0	58
28	337
2	333
3	234
3	134
0	109
2	29
4	32
0	39
0	40
1	41
0	36
0	41
0	12
0	4
0	25
2	0
0	12
0	15
0	14
0	13
0	8
0	6
0	6
0	6
0	3
1	2
0	2
0	0
0	0
0	2
3	1849
6	491
0	489
0	1032
0	1179
4	879
1	895
1	292
0	677
0	663
0	281
0	303
0	312
0	321
0	635
0	649
0	651
0	42
1	232
0	251
0	259
0	196
0	393
0	125
0	76
0	175
2	15
52	179
0	106
4	112
2	64
0	0
1	29
3	9
1	34
0	17
3	27
388	1067
2	101
12	220
0	327
3	543
0	719
0	258
1	1274
0	1023
2	554
281	1248
0	309
0	753
5	484
0	297
17	364
0	322
0	250
3	36
1	18
0	390
6	454
0	462
0	207
1	137
19	1153
56	1149
0	382
0	278
0	253
0	183
12	30
3	238
1	210
1	232
3	233
0	16
0	218
1	0
0	871
0	871
27	808
1	812
21	785
0	490
2	200
0	174
0	452
0	288
0	301
0	246
0	128
3	24
6	30
0	13
0	0
0	0
0	0
0	0
0	0
0	0
0	4
6	5
0	2
2	0
0	7
1	5
2	3
0	3
0	30
4	505
0	510
0	500
0	4
0	497
0	59
1	104
0	189
0	485
0	405
0	171
0	218
15	214
2	98
1	105
17	13
0	123
0	9
0	4
0	8
0	2
0	8
0	4
0	3
0	0
0	5
5	9
0	4
0	2
171	185
5	101
2	84
0	109
614	0
131	1039
3	481
0	461
2	573
0	83
5	0
0	75
5	62
9	11
0	37
3	62
0	1023
19	1147
0	1163
0	35
0	1
4	590
1	36
1	545
0	107
1	190
0	74
4	117
20	560
2	100
4	81
17	107
0	929
0	11
1303	692
0	553
4	285
7	329
5	230
3	501
0	507
0	2
1	461
0	169
0	161
0	114
0	49
0	54
4	23
0	29
0	20
0	0
0	0
0	0
0	161
0	42
1	54
0	0
0	5
0	5
0	5
1	5
0	1
0	0
0	4
0	1
0	1
0	0
0	0
0	1223
4	1210
0	318
0	311
1	211
0	168
0	779
0	781
0	405
4	240
6	195
5	116
1	106
2	557
0	427
0	441
1	189
0	352
0	444
0	526
13	145
0	140
11	178
0	3380
0	3319
39	1993
0	2044
0	3183
0	2962
0	2878
0	2750
2	361
3	995
0	306
0	388
0	683
1	258
1	702
17	10
0	731
0	642
0	685
0	108
0	57
2	8
1	49
1	547
28	313
0	590
0	475
4	242
4	211
1	151
0	5
0	0
0	15
0	18
0	236
0	18
3	20
0	204
0	239
0	17
0	170
0	211
0	20
0	139
0	202
0	236
0	188
0	236
0	5
0	10
0	3
0	22
0	3
0	138
0	0
1	142
2	126
0	129
0	19
0	125
0	143
2	110
1	3
0	0
0	0
0	0
0	0
0	0
0	0
1	0
0	0
0	0
982	432
1	98
2	380
0	134
0	79
2	68
0	28
0	28
0	19
0	1
0	0
4	2
0	2
0	0
3	2
0	3
0	114
0	4
3	108
3	9
1	2
0	114
5	112
0	243
0	70
0	157
0	885
0	953
0	139
0	63
0	34
0	899
0	80
0	389
0	146
0	725
0	700
0	52
0	808
0	138
0	819
0	48
0	741
1	870
20	722
0	31
0	13
0	934
0	203
0	26
0	242
0	922
0	211
0	179
0	246
0	318
0	370
0	216
0	87
0	196
0	749
0	148
291	35
0	35
0	28
4	121
62	118
2	54
0	0
2	163
317	163
0	67
0	286
0	264
0	286
2	268
0	286
0	276
1	50
3	133
0	264
80	380
1	84
0	369
0	212
6	71
0	78
0	2
0	4
16	7
0	2
0	2
0	1
0	0
241	187
0	187
2	171
0	129
2	128
0	142
0	132
0	118
0	99
0	86
0	38
0	34
1	0
0	21
0	3
0	15
0	13
0	4
0	16
0	2
1	3
0	1
0	11
0	67
0	132
0	25
0	47
0	143
3	0
0	132
0	76
0	128
0	25
3	76
0	11
2	67
0	143
5	25
4	42
0	143
0	49
0	4
0	55
0	25
0	67
0	34
2	10
0	143
1	10
78	723
1	529
1	573
7	23
0	0
0	43
0	54
0	53
0	31
0	2
0	43
0	43
0	31
1	27
0	5
0	2
0	36
0	0
0	0
0	4
0	2
0	1
0	10
0	3
0	7
0	5
0	21
0	0
2	0
0	22
0	2
0	9
0	21
0	1
0	16
3	65
6	265
6	263
0	48
4	255
0	41
2	36
0	1
0	1
0	1
0	2
0	2
0	2
0	1
0	0
0	0
0	1
0	1
0	1
0	0
0	0
0	0
0	1
0	0
0	1
0	0
0	0
0	0
0	0
0	0
0	0
374	0
0	1
0	1
0	0
0	0
0	1
0	1
0	0
0	0
0	399
7	61
1	25
0	34
3	424
3	65
11	43
0	73
2	136
1	22
0	268
0	261
0	298
0	43
3	39
17	76
0	137
3	20
0	32
0	0
1	3565
0	885
0	271
0	872
0	3203
0	3313
1	3144
1	562
3	2771
139	3488
0	854
0	3528
0	3639
0	571
13	1152
0	859
4	1080
0	3308
0	3337
0	1145
1	1236
0	1206
0	1273
0	3053
0	816
0	3241
2	2928
10	3347
0	1825
1	288
2	2
14	492
0	820
27	1400
0	830
1	1622
0	1607
0	1636
0	1527
0	1571
0	722
0	1609
0	1612
0	202
0	90
0	107
0	83
0	65
0	948
0	51
0	66
3	66
1	501
0	92
0	108
12	110
5	457
0	807
2	854
0	167
0	1
0	693
0	108
0	629
0	629
2	629
6	571
0	97
3	51
46	1600
3	1600
5	89
1	34
4	139
68	212
3	53
3	628
0	308
0	173
1	127
0	138
0	0
0	0
0	0
0	0
0	561
19	561
0	111
0	35
6	49
0	41
18	0
8	0
68	892
0	886
2	563
0	41
2	239
3	207
0	16
1	46
3	115
0	37
0	108
0	0
0	0
0	0
0	0
1	0
0	0
0	0
0	0
0	0
0	0
0	0
0	0
0	0
0	0
1065	274
2	274
2	93
2	0
0	60
0	546
0	45
0	302
0	65
0	93
0	16
0	524
0	444
0	103
0	278
0	222
0	278
0	314
0	290
0	145
0	194
0	34
0	57
0	66
0	34
0	219
0	263
0	257
0	230
0	252
0	28
0	217
0	243
0	255
6	146
0	11
0	44
0	239
0	243
0	235
0	52
0	154
0	176
0	158
1	162
0	159
0	147
0	145
0	146
0	167
0	119
0	129
1	66
0	33
0	27
0	57
2	16
0	40
3	40
0	34
0	35
1	35
0	34
0	1
0	15
5	17
4	14
0	14
0	0
0	0
0	0
0	0
32	192
0	10
0	78
0	18
0	14
1	70
0	3
0	62
0	66
0	191
0	78
0	7
0	59
0	5
0	99
0	55
0	78
0	43
0	46
0	32
0	2
0	16
0	15
0	37
0	13
0	5
0	11
0	5
8	50
0	14
0	16
0	5
0	6
0	1026
0	935
0	1042
0	1131
0	912
0	113
0	1049
0	922
0	1045
0	115
0	141
0	1025
0	1026
4	1142
0	194
1	205
0	133
0	252
0	948
0	1052
0	829
0	1103
2	1030
0	1060
0	1041
0	962
0	870
0	1047
4	937
0	1069
0	895
0	942
0	1066
1	578
0	948
0	365
0	861
0	836
0	961
0	1011
0	239
0	167
0	284
0	118
0	815
0	151
3	15
0	374
0	679
0	90
2	502
0	783
6	647
0	76
20	235
0	267
0	229
1	745
8	2153
1	2069
0	2508
0	50
0	2514
9	226
0	0
1	104
24	1721
8	1720
2	145
3	1793
2	174
0	246
1	415
65	102
1	231
0	0
0	0
0	0
0	0
0	0
0	0
0	0
0	0
0	0
0	0
0	0
0	0
0	0
1	70
430	179
0	74
0	63
0	165
0	4
0	1
0	1
0	0
0	0
0	1
0	1
0	1
112	468
0	443
0	36
1	60
8	178
7	38
0	37
0	37
0	38
0	38
0	30
31	34
0	20
0	12
0	9
0	10
0	5
1	3
1	0
0	0
0	0
0	0
10	465
0	0
0	784
0	25
6	845
0	782
0	613
8	843
1	568
373	867
0	339
5	161
1	240
0	156
0	160
0	156
0	38
0	85
10	1
1	34
3	5
0	2
0	5
0	5
0	20
0	1
1	9
0	4
0	4
0	23
0	4
0	3
0	3
0	5
0	2
0	2
0	3
0	0
0	1
0	1
0	0
0	0
0	0
0	1
0	1
0	1
0	1
0	0
0	0
0	4
0	4
0	2
0	12
0	2
0	1
0	5
3	239
0	0
0	0
14	84
0	258
106	266
0	278
0	307
14	111
12	189
0	117
11	74
0	1
0	1
0	0
0	0
0	0
0	0
46	119
1	119
0	972
3	1016
4	1053
0	1046
0	977
0	1059
0	1043
36	1030
1	1008
0	777
0	1034
23	924
24	405
0	372
0	345
0	243
0	110
0	110
9	434
34	1194
0	201
0	37
0	84
0	54
2	690
1	24
43	63
5	23
1	45
0	59
10	26
2	189
487	1175
0	196
0	1007
0	973
0	0
0	0
0	0
0	0
0	0
0	0
71	611
8	226
0	102
0	222
1	179
0	79
1	143
1	70
0	135
1	109
0	64
0	55
0	0
3	67
0	67
0	559
0	556
0	388
0	632
9	501
20	107
13	48
1	18
0	49
0	22
177	365
0	231
2	289
0	256
0	226
1	115
0	185
1	59
1	0
0	0
0	0
0	0
0	0
0	0
0	0
0	0
0	0
2	730
2	128
7	157
124	854
0	314
0	318
0	317
0	222
1	122
0	239
4	48
0	254
14	11
0	53
0	158
0	159
0	30
0	50
0	150
0	138
0	30
1	29
6	26
0	34
0	81
0	229
0	1129
0	1280
1	1276
4	211
0	223
5	306
0	371
57	694
0	1270
0	1252
0	1236
0	1283
0	1062
5	703
0	661
8	589
5	135
0	36
0	433
2	27
0	53
0	7
1	391
0	43
2	40
22	246
0	116
667	30
1	38
43	321
2	332
0	244
1	207
43	12
84	185
0	173
0	118
0	133
0	121
0	128
0	83
1	26
0	8
4	45
0	37
1	26
0	5
35	1419
0	1099
0	1397
1	461
0	416
9	568
0	246
1	246
0	110
3	47
0	0
3	0
0	0
0	0
5	0
3	1255
0	1015
0	495
0	981
0	472
0	758
0	672
0	891
5	917
16	930
0	753
0	269
0	581
0	713
24	966
0	737
0	821
1	852
0	728
0	347
0	390
0	238
0	242
1	214
0	243
0	238
0	255
0	234
0	259
0	15
0	259
0	250
0	140
2	14
1	11
0	45
1	14
0	27
0	26
3	204
0	6
0	6
3	103
0	84
1	115
0	45
0	25
0	89
0	57
0	44
0	48
0	685
0	820
24	440
0	468
0	186
15	601
0	647
0	512
0	640
0	652
3	413
0	460
0	407
0	425
1	241
0	101
0	63
0	22
7	6
0	1
0	6
0	0
0	6
0	6
0	7
0	780
1	798
0	16
1	435
1	42
0	55
1	43
0	29
32	26
12	3
25	1791
0	7527
159	7389
2	7391
17	7312
716	370
2	369
0	97
0	807
0	824
0	187
0	204
262	156
1	132
0	100
0	63
12	15
0	701
0	704
1	716
0	697
0	500
4	404
0	432
0	404
0	71
0	37
3	89
0	301
0	27
2	220
0	192
2	155
0	113
0	131
0	123
0	88
17	1849
0	1707
1	1638
1	1663
0	1233
10	1023
0	274
0	0
4	359
0	192
0	223
0	111
0	4
0	65
0	61
593	368
1	148
7	368
8	1270
0	13
13	1270
6	0
5	0
0	179
0	349
0	830
0	739
0	779
0	765
0	647
0	447
0	183
1	195
6	236
1	233
0	246
2	240
1	187
0	180
0	127
0	65
0	107
0	1
0	8
2	815
0	949
0	974
0	955
0	894
0	960
0	960
1	913
0	892
1	946
5	896
0	928
0	942
2	823
0	860
0	854
0	36
0	728
0	326
10	697
1	73
0	134
1	446
0	264
3	160
15	115
0	0
0	0
0	0
0	0
0	79
0	87
0	88
0	76
1	29
0	31
4	29
0	0
0	276
3	82
1	405
6	115
10	76
0	300
0	143
0	80
0	128
3	155
9	211
0	133
0	573
3	12
0	593
4	6
0	93
98	771
0	857
0	319
0	161
2	569
8	4171
0	4207
6	100
0	396
0	720
0	447
0	4235
0	4068
2	4174
0	414
0	34
3	1126
0	281
5	89
7	1756
0	493
6	1272
6	935
0	377
2	375
676	24
0	24
15	1023
59	1200
25	35
3	30
20	1165
0	1377
0	1360
0	1367
17	1365
1	935
2	677
4	143
0	51
0	95
6	31
0	77
0	58
0	64
0	27
4	65
0	26
0	342
0	336
2	333
2	338
0	336
0	340
0	336
0	329
6	15
1	70
196	1668
105	1650
27	154
16	910
3	35
3	857
0	102
0	23
1	284
462	284
0	0
0	0
0	20
40	102
107	300
0	90
76	279
6	153
0	153
0	106
0	107
0	73
0	74
0	20
0	13
4	59
4	8
0	22
3	5
0	26
16	74
0	11
0	13
0	7
3	6
0	19
2	188
0	10
0	5
0	6
0	198
0	6
0	11
0	1
0	92
0	91
0	175
0	6
0	66
0	88
0	6
0	6
1	0
0	5
0	176
0	41
0	14
0	12
0	7
0	48
0	7
0	43
0	48
0	7
0	23
0	47
0	7
0	35
0	48
0	37
0	48
0	42
0	44
0	45
0	29
0	8
0	128
0	1
0	114
0	4
0	82
0	97
0	104
0	12
0	88
0	0
1	0
0	7
3	242
0	121
13	940
4	258
0	73
0	300
0	941
0	322
0	122
179	434
0	391
0	377
4	350
0	351
0	0
0	167
0	11
228	0
0	1
3	3
0	1
0	1
2	1
2	2
0	0
1	7
0	1280
0	1173
0	1291
0	1291
0	1232
0	1238
0	1213
68	1323
1	1136
1	449
0	1247
0	1299
1	1227
0	806
0	1282
0	1194
0	1282
5	148
0	88
0	104
6	218
0	163
1	576
1	7
0	1517
0	1527
0	1528
2	854
0	38
0	47
12	80
1	12
3	61
2	13
2	144
0	28
7	46
2	192
1	25
0	29
0	7323
0	7394
218	7260
0	7198
2	822
3	1145
4	344
0	6
0	346
0	223
0	489
0	493
0	618
0	228
32	98
0	0
2	98
0	48
0	40
0	6
3	8
1	8
0	1410
0	748
10	551
0	549
12	208
0	0
0	0
0	0
0	0
3	1583
0	688
0	1550
0	1547
1	1551
0	1709
0	1339
0	683
10	967
0	813
1	930
0	780
0	1517
0	570
0	94
7	1494
0	962
3	894
0	900
7	252
228	215
189	280
4	148
2	0
0	277
0	0
0	0
0	0
0	0
0	0
0	0
0	0
0	0
26	116
0	89
0	5
0	100
0	43
1	3
0	48
0	52
0	48
0	110
0	96
0	47
1	95
0	46
0	2
0	99
0	99
3	94
65	283
26	462
0	1538
29	1826
3	16
0	605
6	1511
0	0
1	1
0	0
0	0
0	0
0	0
0	0
0	0
0	0
0	0
0	894
74	764
2	720
4	743
0	35
0	680
0	688
0	688
1	11
0	58
0	57
0	38
0	23
0	1221
0	461
1	558
16	1222
1	170
0	544
0	540
0	665
0	79
17	1190
1	51
0	39
0	1199
0	58
0	45
0	812
0	53
0	3
0	81
0	1038
2	1109
0	46
0	61
5	62
1	116
3	21
9	102
0	150
8	173
1	82
1	76
5	69
1	90
0	161
0	87
5	423
3	191
0	141
0	86
0	75
0	22
0	2
0	0
0	2
1	2
1	2
0	1
1166	152
3	66
1	59
0	27
0	93
0	97
0	101
0	94
0	93
0	96
0	0
0	7
0	108
0	109
0	107
0	114
0	11
0	106
0	106
0	101
0	99
0	13
1	10
0	6
0	25
0	7
0	39
0	13
0	1
0	3
0	20
0	5
0	0
0	0
1	0
10	6
1	5
0	2
21	2
11	861
36	5182
0	7550
5	7546
16	3753
361	8810
64	8777
0	7076
5	2361
11	6291
0	0
0	11
0	0
0	0
0	0
0	11
5	12
0	0
0	0
1	1
0	6
1	11
0	2
0	11
0	1
0	101
0	100
0	72
0	100
0	16
0	76
0	42
3	21
3	87
1	145
19	1319
4	1280
16	974
0	350
3	346
5	173
2	64
0	283
0	136
0	512
0	144
586	482
0	229
7	41
4	0
0	0
0	0
0	0
1	0
2	1435
1	4372
0	825
1	1098
8	800
7	4321
0	486
9	836
0	173
3	482
11	886
4	292
0	630
0	3980
0	108
2	107
0	69
5	147
0	3192
0	3243
22	216
0	1720
0	3297
0	3296
3	1717
0	3898
9	2930
94	155
0	1646
0	3864
0	191
8	2775
1	1637
0	204
0	1980
8	2217
5	188
1	1856
21	481
8	691
1	242
3	149
0	377
10	273
0	292
0	105
0	90
2	0
0	0
35	0
1	8
0	7
0	8
42	377
0	308
6	28
1	132
0	17
2	13
0	51
0	1
0	5
0	1
0	4
0	47
0	64
0	64
0	47
0	59
0	64
0	61
0	64
0	10
0	11
0	11
0	7
0	0
0	1
1	1
0	0
0	625
1	287
3	297
3	738
0	766
0	740
28	57
0	429
0	331
17	649
0	52
1	74
26	1666
0	1739
0	1128
0	1153
1	1199
1	1055
0	226
6	65
0	93
0	178
4	600
1	225
0	56
1	57
0	216
0	82
0	124
0	32
4	1160
8	1160
0	606
0	493
0	124
1	200
6	604
0	181
15	399
0	606
0	141
0	420
0	186
0	88
0	493
2	611
0	127
0	160
240	1197
0	696
2	1095
3	812
0	1069
0	441
0	533
0	652
0	11
0	400
0	195
1	562
0	412
4	16
0	549
0	436
0	457
4	529
0	399
2	446
0	447
0	449
0	560
2	129
1	142
0	532
3	189
0	438
0	419
0	25
11	165
1	13429
2	12875
0	13386
0	13386
1	11986
208	12030
0	12764
1	13390
1	13390
0	13388
46	12085
0	12363
0	10923
14	12018
0	12879
2	12948
1	12649
0	11988
1	13388
1	13388
0	13386
21	3797
0	3049
0	3059
0	29
0	257
0	258
0	110
1	99
0	24
0	216
0	24
0	2
0	29
0	19
0	228
0	27
4	50
0	154
31	156
0	29
2	33
0	5
0	33
2	2
0	33
4	169
7	817
0	817
0	419
0	162
0	20
0	13
0	175
1	49
0	44
0	31
0	0
0	0
0	0
17	393
0	373
0	373
0	373
0	373
0	353
14	46
0	46
0	33
0	373
0	266
11	272
0	965
0	1047
0	978
17	25
4	898
3	875
14	43
1	77
0	333
0	156
1	274
0	303
4	1024
55	199
2	347
10	306
52	87
291	718
1	634
0	687
0	49
1	59
0	281
5	491
4	12
4	489
0	16
0	0
0	0
0	0
3	372
0	400
1	414
10	407
40	268
0	182
8	1251
37	663
3	402
0	298
7	375
0	936
2	340
3	22
80	187
2	312
0	205
24	163
0	1385
0	1086
0	1666
0	747
4	511
0	369
0	1726
0	1696
0	738
174	443
0	829
0	1726
0	487
14	735
0	1662
0	732
0	834
9	448
1	823
15	831
0	430
2	81
0	81
0	4
0	4
0	5
2	68
0	63
20	62
1	4
3	40
0	16
0	30
0	5
0	4
33	282
3	363
0	444
0	410
0	481
0	424
0	505
3	446
1	409
3	248
34	203
0	338
294	305
2	123
0	354
202	369
0	237
0	0
0	0
0	0
0	0
0	0
0	0
0	1
0	1
0	0
0	1
0	1
0	0
0	0
0	0
0	0
0	0
0	0
0	0
0	0
0	964
0	280
5	526
0	160
0	804
16	325
0	720
0	964
0	505
0	660
0	708
1	101
0	591
0	678
0	710
2	351
0	687
1	75
0	744
2	0
0	111
2	284
0	21
0	315
0	1
0	1
0	0
0	0
0	0
0	1
0	1140
0	1177
0	1148
0	1140
0	1120
1	1072
3	748
0	1048
0	183
0	1146
0	158
1	51
2	141
0	114
3	156
1	142
1	3
1	0
0	360
0	0
0	0
0	0
0	601
0	229
0	601
0	495
21	225
0	109
0	214
1	62
2	38
6	233
3	53
0	154
0	127
0	90
0	68
0	0
2	0
102	255
7	121
0	105
0	196
7	69
0	145
2	19
0	441
0	92
1	55
0	80
2	23
0	19
0	34
6	313
0	0
0	0
0	0
0	0
0	0
0	0
0	0
0	0
27	2
3	0
0	942
0	873
0	984
7	941
0	260
0	318
2	54
3	291
0	263
18	149
7	181
4	68
0	109
0	2
0	2
0	2
0	3
0	0
0	0
0	0
0	0
0	3
0	3
0	2
0	1
4	2
1	3
6	1
0	0
0	195
0	398
0	392
0	322
0	195
0	1805
10	301
0	71
0	1250
0	1829
1	22
0	135
8	226
0	1781
0	1328
0	1737
0	214
0	251
0	218
0	238
0	111
0	409
47	1243
0	1841
0	1728
0	1754
0	1721
0	1868
13	384
83	535
7	532
1	65
0	70
10	68
0	10
0	0
0	0
0	21
0	22
0	24
0	8
0	25
0	7
0	21
25	29
0	8
0	182
0	855
0	882
0	239
0	136
0	146
2	45
5	25
135	74
215	74
1932	2615
0	1006
2	169
2	1069
2	902
0	1711
3	467
0	164
0	112
6	1154
0	656
0	469
0	527
0	627
0	597
0	138
0	79
0	886
2	758
2	586
0	745
0	439
0	981
0	565
0	997
0	953
0	1053
0	915
1	501
0	439
0	44
4	58
0	294
0	429
0	235
0	465
0	818
0	51
0	71
0	76
0	73
1	74
2	51
0	69
0	68
0	71
0	67
0	66
0	66
0	64
0	45
0	50
0	10
0	39
0	32
0	32
0	6
0	15
0	10
0	6
4	3
0	3
0	0
0	3474
0	3648
1	3497
0	3164
0	3358
6	2384
0	2320
0	929
3	592
77	1288
0	1033
0	293
8	326
0	276
0	293
0	189
26	304
0	339
1	290
0	24
0	38
13	1
0	0
0	0
0	0
0	2570
0	2571
2	2571
0	2433
0	2393
0	2460
0	2299
0	2479
0	2491
0	2489
0	2548
0	2439
16	1498
0	2570
7	2450
0	2396
0	2490
0	2223
0	2279
1	2095
0	2470
0	2281
0	2448
7	2299
0	0
0	0
0	1
1	1
0	1
0	1680
0	3805
0	3719
2	3397
7	294
28	108
0	473
8	177
27	633
0	295
6	406
0	180
0	3468
0	3805
0	104
0	104
0	102
0	104
0	104
0	104
0	0
0	104
0	104
0	104
0	104
0	0
0	26
0	26
0	30
0	1
0	0
0	0
0	0
0	0
0	0
0	1
0	1
0	0
0	0
0	0
0	0
0	0
0	0
0	115
2	124
0	77
0	11
0	10
1	8
0	10
0	2
0	8
0	0
0	0
0	0
0	0
0	276
0	240
13	235
0	248
0	248
0	239
0	229
0	191
0	92
0	92
2	68
0	58
0	64
0	66
0	68
0	73
0	18
2	21
0	0
0	2
1	4
2	4
2	6
1	0
0	391
0	579
0	579
0	549
0	566
0	604
0	621
28	623
0	346
0	564
0	549
0	24
3	222
0	257
35	222
14	150
0	77
0	59
0	57
0	47
0	10
1	23
0	21
0	103
2	71
1	88
1	91
0	56
6	38
1	24
1	24
0	179
185	644
1	353
6	394
13	691
0	179
0	198
0	234
0	193
0	44
54	38
19	0
7	4
4	42
0	822
1	383
0	822
0	175
0	282
0	54
0	1377
0	1169
2	1079
1	9
0	11
0	183
0	16
0	428
0	232
1	232
0	242
0	260
1	45
1	0
0	997
0	179
496	2314
0	2294
6	179
1	141
0	219
0	196
0	136
8	42
1	69
1	9
3	261
0	52
1	4
9	48
12	17084
4	12827
29	16362
1	15958
4	16369
0	16452
9	16281
0	16279
0	16327
19	15043
0	16024
0	15899
0	16229
0	15060
2	13523
0	14946
1	15479
1	14310
0	14318
3	13857
37	12513
0	2408
0	5088
4	478
563	1228
0	1098
0	88
0	185
0	606
3	92
5	58
0	495
0	65
0	74
5	22
5	49
0	1014
21	555
1	781
33	781
0	216
2	216
1	0
0	0
0	0
0	0
0	0
0	0
0	0
0	0
0	0
0	0
0	0
0	0
0	0
0	0
0	0
0	0
0	0
0	0
0	0
0	0
0	0
0	0
0	0
0	92
1	94
0	94
0	91
0	96
0	65
0	35
0	10
0	2
0	2
4	1225
0	1225
0	1225
0	475
0	1209
0	1264
0	1217
0	1154
0	1224
0	1224
0	1194
0	476
0	380
0	189
0	123
0	24
0	6
0	0
0	0
0	0
0	0
0	1
0	0
1	1
0	1291
0	1267
0	1249
2	1164
0	89
11	76
0	432
10	262
0	424
13	320
0	306
0	164
12	134
0	136
7	164
4	31
0	1246
4	126
0	125
0	5
4	27
136	119
0	92
0	19
0	15
0	20
0	19
0	20
0	15
0	16
0	15
80	0
0	10588
0	15639
0	8910
0	14998
0	14882
0	15020
0	15575
0	15171
0	15165
0	9530
0	13858
0	9198
0	13280
1	13921
1	15452
0	14718
0	9322
1	10282
1	3654
0	1608
0	136
0	38
1	340
2	38
0	0
0	24
0	12
0	96
0	10
0	91
0	303
0	92
0	253
0	50
0	295
0	69
0	26
0	90
0	11
0	8
0	0
0	0
0	8
0	2
0	0
0	11
0	0
0	0
0	110
0	84
1	1280
2	2202
0	138
0	2204
0	2205
0	38
55	2209
0	113
0	152
4	679
0	116
0	1039
0	132
15	2206
0	157
0	104
0	128
0	0
0	2193
0	143
0	197
0	103
2	297
0	939
0	231
0	125
0	370
0	151
0	1890
2	559
0	338
3	560
0	974
0	192
0	978
0	225
0	261
0	19
0	180
0	369
0	1889
0	116
0	210
0	190
3	187
6	207
1	3
0	1
0	2
0	6
0	5
0	1301
10	941
0	232
37	221
9	142
0	72
0	0
0	0
0	1247
0	15
0	9
0	14
0	8
0	1
0	0
0	0
0	2
0	2
0	1
0	1
0	2
0	1
0	1
0	0
0	15
0	16
0	11
0	575
0	574
0	572
0	48
0	574
0	571
0	574
0	108
0	173
0	548
0	554
1	542
1	3
1	81
0	8
0	447
3	14
0	423
0	420
0	421
0	99
0	388
1	57
2	48
0	112
0	30
0	7
0	11
0	310
0	15
0	318
0	13
1	10
3	57
0	24
0	14
0	113
0	203
0	189
0	189
0	188
0	197
0	30
0	188
0	169
0	186
0	188
0	174
0	45
0	160
0	30
0	145
0	118
0	119
409	116
1	97
4	52
24	39
1	462
14	465
0	65
0	77
8	0
0	15
6	264
5	264
55	264
0	0
4	301
0	10
0	118
0	61
0	289
0	0
0	0
0	64
0	94
0	64
0	94
0	37
0	33
0	31
0	3
0	3
1	88
0	189
0	691
0	1074
0	691
5	691
0	846
2	1003
0	1055
0	1211
1	820
0	1468
0	1445
0	970
0	925
0	1390
0	1479
0	829
5	364
0	964
0	855
0	927
0	898
0	738
0	13
0	856
0	613
0	892
0	1405
0	842
0	838
0	740
1	347
4	691
1	698
0	698
0	535
0	1167
0	472
0	694
0	698
0	1084
0	986
0	1168
0	692
1	326
0	293
0	0
0	0
0	0
0	26
0	26
1	2
0	3
0	2
0	2
0	0
0	1
0	0
0	26
0	8
0	26
0	27
61	247
0	177
4	92
0	76
0	236
0	86
4	30
110	0
0	0
0	0
0	0
0	0
88	128
0	127
0	111
0	65
0	239
1	92
0	237
1	45
45	98
37	22
4	60
77	927
46	411
9	815
0	72
0	42
0	107
0	33
8	2466
0	2465
12	2096
0	2256
0	2370
0	2358
9	972
1	1049
0	1304
0	69
1	1114
0	557
0	304
39	37
0	37
2	32
2	12
2	42
0	52
0	446
0	54
0	154
0	816
0	594
0	98
0	84
0	804
0	175
0	121
0	803
0	624
0	0
0	0
0	0
0	0
0	0
0	0
0	0
0	0
0	0
0	0
0	0
0	0
0	0
0	0
0	17
0	17
0	17
0	17
0	11
0	15
0	6
1	156
0	145
0	116
0	12
1	12
3	156
0	1816
1	1143
0	1812
15	31
3	48
6	1151
0	176
2	138
0	71
10	209
0	84
16	0
3	222
0	56
0	77
0	76
0	51
0	1791
1	4
0	5
0	83
0	63
1	164
0	301
0	38
0	95
0	110
14	290
0	310
0	94
0	263
0	161
0	67
0	70
1	101
7	14
0	50
0	46
0	53
0	38
0	35
7	12
1	10
0	363
0	140
166	140
2	126
0	115
0	0
0	0
0	0
0	0
0	0
0	0
0	0
0	0
0	0
0	0
0	0
0	0
0	716
0	890
0	651
5	711
0	703
23	748
0	782
0	696
0	792
0	688
0	744
0	723
0	831
0	848
0	723
0	699
0	843
0	704
35	497
0	614
0	596
0	742
0	709
2	665
0	806
0	755
0	764
0	579
0	574
10	288
0	359
0	116
0	127
0	97
1	153
2	93
4	173
0	175
0	84
0	161
0	18
0	14
0	27
0	12
0	6
0	2
2	0
0	5
0	2
0	2
0	2
1	3
0	3
0	0
0	1
0	1
0	4
0	5
0	1
9	3
0	0
0	0
0	0
2	0
0	0
0	0
0	0
0	0
0	0
0	199
0	761
45	897
1	1420
2	804
0	885
0	267
0	350
0	306
0	187
3	1335
23	411
0	1423
13	914
0	204
0	157
0	34
0	105
3	528
0	545
0	545
0	541
0	542
0	541
0	533
0	533
0	541
0	51
0	20
0	551
11	454
0	35
0	328
1	188
0	67
0	533
8	351
0	518
13	57
5	33
5	69
0	170
0	170
0	114
0	38
3	7
2	72
0	1
0	1
0	0
0	346
0	339
0	344
77	355
0	46
3	45
0	49
2	69
7	14
1	26
0	28
2	28
7	28
1	48
4	54
0	49
0	27
0	14
0	42
18	37
0	44
12	40
0	42
0	17
0	26
0	14
0	12
0	13
0	0
0	0
0	0
0	0
0	0
1	367
0	0
0	316
0	375
0	37
0	238
0	191
0	143
2	79
97	127
0	105
0	104
0	60
1	40
2	56
2	71
1	28
0	0
0	199
0	249
0	64
1	219
0	63
0	45
2	12
0	10
0	20
0	67
6	89
0	96
2	55
0	1
0	244
265	142
1	68
0	48
1	46
0	540
0	0
230	21
0	0
0	0
0	0
0	4
0	0
0	0
0	0
0	1165
0	994
32	1053
3	1048
0	1049
0	1043
1	478
3	234
0	405
0	0
0	0
0	0
0	0
0	0
0	16310
0	0
0	0
0	0
0	0
0	0
0	0
0	0
0	0
0	1
0	1
0	1
0	1
0	0
0	0
0	0
0	0
0	0
0	0
0	0
0	0
0	0
0	0
0	0
0	0
0	0
0	1238
15	1220
0	1218
1	395
0	58
3	42
4	1078
37	1087
0	1070
0	616
0	565
0	415
0	92
0	89
0	107
0	48
0	69
0	73
0	5
0	5
0	5
0	9
9	2341
0	2265
0	2415
1	2357
0	2253
0	967
0	1686
0	1759
0	1904
0	2419
0	2274
0	2192
0	2364
0	2340
0	2449
0	2301
0	2415
0	2106
0	2338
18	2179
0	2510
0	2324
0	360
0	1408
0	2354
1	2448
0	258
0	1533
0	302
1	1
2	119
0	766
0	160
0	206
12	69
1	14
2	245
1	155
1	155
0	9
0	26
0	26
0	2
1	2
0	0
0	215
0	215
0	0
0	0
0	0
0	0
0	0
0	0
0	42
0	24
0	74
0	232
1	354
0	189
1	54
6	402
1	5
0	32
0	250
0	186
0	229
1	94
1	66
0	54
1	2
0	2
0	1
0	0
9	0
0	394
0	0
0	0
0	0
0	0
0	0
0	0
0	0
0	0
0	0
0	0
1	0
0	0
0	0
0	0
0	0
0	0
0	26
0	16
24	27
0	20
0	3
5	23
1	22
1	12
0	13
0	7
7	0
17	80
0	22
0	79
0	11
0	2
0	6
0	9
0	42
1	5
1	1
0	0
0	1
2	0
0	2595
0	3093
0	3077
4	2500
1	3092
3	1571
14	2128
1	2159
11	1741
0	238
1	273
2	304
0	215
1	87
0	202
2	178
0	308
0	105
0	209
0	541
1	372
0	232
1	125
0	60
3	6
0	6
1	45
0	17
20	68
0	40
0	33
0	23
0	39
0	0
0	0
0	0
0	0
0	3
53	5
1	2
0	2
0	0
0	0
0	2
0	2
0	0
0	0
0	0
0	2
0	2
0	0
0	0
7	1432
0	2637
0	2521
4	2255
0	566
0	449
4	52
6	402
0	60
2	5
0	64
1	346
1	95
0	90
0	106
0	54
0	2662
96	798
0	765
0	99
0	179
0	116
0	110
0	0
1	699
0	93
0	198
0	177
56	75
0	18
1	159
1	90
0	128
0	81
7	20
0	51
283	548
1	538
3	23
0	66
1	135
0	135
385	318
0	105
0	300
0	206
3	21
3	36
5	54
2	42
0	53
0	0
369	502
0	7
14	33
5	462
0	32
0	0
0	0
0	0
0	0
0	0
211	99
0	18
0	25
0	51
0	48
0	36
0	27
0	30
0	15
0	6
0	51
1	12
0	3
0	9
0	2
0	2
0	9
0	4
0	766
0	1
0	10
0	5
2	5
0	12
0	44
0	16
0	36
0	0
0	0
0	5
1	764
7	1936
0	1794
0	481
2	332
1	565
3	422
1	18
31	270
0	395
13	208
10	407
2	508
0	514
0	457
0	338
0	430
0	469
3	303
0	405
0	457
0	439
0	452
0	459
0	509
0	493
0	466
0	492
0	487
0	491
0	379
0	461
0	489
0	461
0	460
0	476
0	430
0	435
0	466
0	475
0	505
0	384
0	461
0	447
0	182
1	315
0	466
0	274
0	385
0	200
1	274
0	121
2	90
0	115
0	70
0	4
3	215
0	218
0	31
0	17
3	167
0	845
2	1320
0	148
0	139
8	1474
0	3621
0	167
0	137
0	94
0	2054
1	1091
0	42
0	161
0	169
0	161
0	122
0	605
0	126
0	82
0	7
0	1839
1	23
0	136
0	3646
0	2
0	1
0	2
0	120
59	57
0	13
0	30
0	69
0	10
0	9
0	8
0	12
1	10
0	8
0	2
0	5
0	1
0	0
0	4
0	69
1	68
0	68
12	323
0	5
0	309
15	266
4	87
0	90
0	65
1	26
0	32
0	3
1	16
28	702
1	100
7	659
0	110
5	84
1	36
3	99
2	80
1	211
45	227
0	23
0	36
17	43
0	26
0	31
0	31
0	26
0	23
0	15
0	10
0	18
0	13
0	11
0	16
0	18
0	3
0	9
0	7
0	7
1	8
0	3
177	372
3	361
5	141
1	125
0	94
0	126
2	22
3	114
13	0
0	766
2	1001
0	1890
0	2598
0	2570
1	2388
0	2645
0	1766
2	2535
0	342
3	338
1	2079
2	2546
0	731
0	2610
2	2584
0	2616
0	1728
1	1920
0	270
3	517
0	212
0	0
0	0
0	0
0	0
0	0
0	0
0	0
0	0
0	0
0	0
0	0
0	0
0	0
0	0
0	0
0	0
0	0
0	0
0	0
0	0
0	0
0	0
0	0
0	0
0	0
0	0
0	0
0	0
0	0
0	0
0	0
0	0
0	0
0	0
0	0
0	0
0	0
0	0
0	0
0	0
0	0
0	0
0	0
0	0
0	0
0	0
0	0
0	0
0	0
0	0
0	0
0	0
0	0
0	0
0	0
0	0
0	0
0	939
0	962
0	564
0	313
0	345
0	447
3	473
0	451
0	458
1	228
0	228
0	280
0	221
0	72
0	106
0	40
0	123
0	37
0	19
2	57
3	2
1	1
1	1
1	2
6	4
0	1143
7	1133
0	1131
0	1086
0	1153
0	1124
0	1113
2	1098
2	988
0	1162
0	1115
0	1043
0	382
1	494
0	570
0	1112
0	1107
0	1083
0	1050
0	1101
0	1109
0	1110
0	1110
2	100
0	847
0	764
0	716
0	245
0	189
0	232
0	83
0	765
0	764
0	727
3	177
0	302
1	139
2	701
0	189
0	200
0	416
0	649
0	230
0	55
18	480
0	216
9	469
0	220
0	185
0	83
0	115
0	13
0	114
0	92
0	36
0	67
0	22
174	510
0	188
0	99
1	20
2	493
2	17
0	157
0	140
0	81
20	182
0	197
0	184
0	206
37	205
0	22
0	16
1	2
3	7
0	106
2	102
102	1084
0	358
0	165
0	1004
0	222
0	5
10	5
0	12
7	50
0	115
86	161
0	118
0	34
0	137
1	38
0	247
0	96
2	246
0	246
0	246
0	246
0	247
394	824
2	726
7	89
3	194
0	69
0	76
0	0
1	24
0	0
0	24
1	5
0	19
0	6
9	1099
338	1099
0	31
7	623
0	40
0	623
0	29
0	623
0	0
0	0
0	1
0	1
0	1
0	0
0	0
0	0
0	0
0	1
0	6
4	7
0	8
0	13
0	0
0	4
1	6
0	2
0	1
0	3
0	10
0	17
16	1
0	1
1	3725
6	1
5	3725
5	442
0	3725
2	213
2	345
0	3724
38	1389
0	537
0	3567
6	205
5	209
0	722
1	12
29	9
5	0
0	8217
0	7965
0	8413
0	8980
0	7415
0	8533
1	2962
0	6983
14	1008
0	3227
22	365
0	7080
0	653
0	7548
0	6755
0	6710
19	3083
0	5715
0	1140
57	5795
17	644
152	2285
0	4260
6	436
259	3006
0	2175
0	1381
1	1349
0	1016
7	1458
0	0
0	0
0	6
0	16
0	11
0	3
0	10
0	11
0	9
0	2
0	1
0	2
0	0
0	0
0	14
0	16
0	23
0	0
0	0
0	4
0	0
0	0
0	3
1	0
2	24
0	3
0	12
0	9
0	7
0	5
0	18
0	0
0	3
2	4
1	0
1	1
0	22
0	22
0	23
0	36
0	40
0	254
6	170
1	120
0	418
3	27
1	14
5	45
0	392
0	46
1	78
1	35
30	151
0	46
2	84
0	16
0	265
0	245
34	173
0	251
0	251
0	251
0	50
398	3615
0	3505
1	762
1	469
0	1086
4	917
0	885
0	589
9	30
0	124
0	109
0	101
0	41
0	41
6	8
0	1088
0	0
0	0
0	0
0	0
0	0
1	0
7	168
0	85
0	11
0	0
0	168
0	30
0	278
0	28
0	95
10	9
0	254
0	7
0	102
0	71
0	26
15	188
1	213
0	18
1	11
0	14
0	9
0	255
0	278
0	738
0	274
2	725
0	480
0	633
0	711
0	630
1	515
0	680
1	218
12	187
0	21
0	12
2	40
0	182
1	22
0	20
15	194
0	9
0	6
1	20
0	21
0	200
3	111
0	48
0	88
0	37
0	89
0	76
0	89
0	5
0	113
0	106
23	80
0	20
0	91
6	76
0	8
0	5
1	9
0	8
0	0
4	57
0	23
0	27
0	31
0	31
0	40
0	287
0	1
0	0
0	10
0	35
0	2
0	309
0	920
0	836
0	44
0	28
0	21
0	503
0	68
2	29
0	22
0	944
0	0
0	0
0	0
0	0
0	0
0	0
5	322
1	317
1	139
0	345
0	138
7	61
0	277
0	16
4	101
0	132
0	188
0	111
0	69
2	299
0	286
0	314
0	253
3	96
10	31
3	46
3	112
38	978
290	975
72	1411
6	1355
269	1386
0	574
0	603
0	603
0	61
0	546
1	191
0	210
0	151
0	93
0	77
0	38
2	31
0	0
0	778
0	795
1	769
0	782
0	91
0	564
0	53
0	6
0	21
0	65
0	11
0	34
0	805
498	572
0	196
31	562
2	82
0	0
0	234
0	3
4	0
0	4
0	4
1	4
0	0
142	5895
2	2352
0	5923
2	335
0	3729
7	124
2	374
1	399
14	457
11	113
32	985
4	22
1	23
4	885
0	964
0	0
9	991
0	89
0	58
9	9
8	1012
0	813
22	128
0	81
4	7
0	10
0	11
0	1
0	1
0	2
0	1
0	0
0	0
0	1
0	1
0	0
0	10
0	124
0	425
0	547
1	227
0	555
3	67
5	63
0	14
0	61
0	84
0	3
10	3
1	157
2	201
221	700
0	694
0	36
0	110
0	39
0	37
0	59
0	61
0	67
0	21
0	2
0	45
0	117
1	46
0	106
0	25
1	58
0	22
0	122
0	1
18	1
57	225
5	30
2	37
0	172
0	48
0	77
2	25
0	37
5	20
0	10
4	19
3	13
3	30
2	26
5	84
0	55
0	88
0	27
0	10
0	7
0	6
0	14
0	20
0	13
0	8
0	13
0	7
1	9
3	14
3	10
0	84
4	7
0	7
0	33
0	8
0	14
0	11
0	42
0	44
0	36
0	22
0	12
0	3
0	58
0	63
0	47
0	52
0	47
0	53
0	62
0	61
0	51
0	52
0	55
0	60
0	57
0	33
0	32
0	12
0	10
0	8
0	1
0	2515
6	2476
86	2477
2	2556
0	2477
0	2450
2	1965
5	553
0	7
0	5
0	7
0	4
0	9
0	0
0	3
0	1
0	0
0	1
0	9
0	78
0	76
0	71
0	79
0	79
1	11
1	9
1	28
0	3
0	66
3	170
0	171
0	175
0	53
0	91
3	47
0	13
0	3
0	14
0	44
0	47
8	0
0	23
0	32
0	22
0	22
0	15
0	20
2	0
0	172
1	145
0	112
0	134
0	22
3	0
0	469
0	1102
0	398
5	29
12	408
10	1101
0	29
0	34
0	33
4	26
0	9
1	5
9	194
1	194
0	389
0	102
0	187
0	443
0	60
10	126
0	108
0	405
0	0
0	77
0	113
0	98
1	76
3	18
0	104
0	48
0	1690
19	2250
0	2316
0	2060
0	1376
0	440
0	203
2	57
0	59
1	44
0	2864
1	435
3	435
0	207
0	56
1	33
0	38
0	1
0	1
1	0
0	0
1759	0
0	188
0	42
0	252
9	995
0	214
2	252
1	255
6	1721
667	2806
104	1846
86	116
12	308
5	312
111	2405
14	2306
0	1563
12	565
0	2145
0	900
5	468
0	619
0	368
1	49
0	42
1	40
8	8
0	33
0	6
1	3
2	7
0	2
0	2
3	34
0	9
0	0
0	5
0	34
0	2
3	2
0	16
15	164
0	936
0	900
0	941
3	91
0	40
2	87
0	68
0	28
0	24
0	942
1217	144
10	144
0	42
0	50
0	55
0	51
25	68
0	51
0	15
0	18
0	8
0	8
0	6
0	6
0	5
0	3
0	52
0	0
0	0
0	0
0	0
0	0
345	323
1	88
1	8
0	6
0	6
0	66
0	0
0	13
0	58
0	0
0	52
0	29
43	34
177	1
530	225
2	51
7	48
0	174
3	29
0	37
4	37
0	0
0	0
0	0
0	0
0	0
0	0
0	0
0	0
0	0
0	0
0	61
0	154
0	68
0	58
0	132
14	61
0	15
0	60
0	72
0	67
0	41
2	17
0	238
0	331
86	449
0	122
0	178
0	382
0	22
1	58
0	22
0	84
3	115
1	280
17	156
1	129
26	1608
2	1128
4	256
0	984
6	26
4	647
0	174
5	624
0	81
0	77
0	131
0	121
8	93
0	6
0	1607
0	1613
0	1
0	1
0	0
0	1
0	1
2	0
0	0
0	0
0	571
0	422
0	423
0	431
0	569
0	412
0	344
0	29
0	12
5	29
0	22
0	211
0	98
0	82
0	25
0	7
0	354
0	335
0	311
34	478
0	148
0	458
0	54
0	458
0	458
0	64
0	49
1	84
0	962
2	65
4	199
0	65
0	57
0	785
0	1271
2	56
3	98
0	1308
1	49
1	417
0	66
0	1261
0	837
0	288
2	211
0	180
1	98
0	165
0	13
0	143
0	201
0	151
2	131
0	2
0	123
0	1284
0	7
0	7
0	0
0	292
0	152
0	285
5	136
0	280
82	205
0	12
0	284
0	14
2	7
0	1705
0	76
0	43
0	1602
0	1
0	26
0	14
0	6
0	8
34	45
0	68
0	73
0	73
0	1609
0	1723
0	569
0	1576
0	13
1	1566
0	0
2	138
0	69
0	716
3	32
0	9
0	18
0	34
0	44
1	113
0	1543
0	1568
0	1570
0	0
1	0
0	1569
0	1569
0	1541
0	1531
0	122
1	92
29	1041
0	101
1	71
0	92
1	591
0	0
0	308
0	563
0	54
15	0
32	213
0	531
0	431
0	549
0	457
99	457
16	506
1	43
3	479
0	188
1	438
0	40
0	690
0	574
0	1
0	696
2	709
5	138
0	81
24	240
0	695
3	230
0	130
23	51
35	328
0	64
0	18
0	63
0	10
0	8
0	3
0	11
0	4
0	64
1	5
0	5
0	4
0	25
0	25
3	8
0	4
0	9
0	3
0	67
2	2
3797	167
0	167
0	1
0	0
0	2
0	2
0	1
0	1
0	2
0	0
0	1
0	1
0	0
1	2
0	0
0	1
0	1
0	10
0	9
0	0
0	118
0	24
0	0
0	9
1	127
0	13
0	14
0	10
0	112
0	123
0	111
0	0
0	9
134	162
0	12
0	21
0	13
0	20
0	12
0	0
0	21
0	5
0	2
0	28
0	78
0	17
0	5
0	1
0	1
0	1
0	1
0	1
1	0
0	118
0	0
0	0
0	0
0	0
0	0
0	2
0	0
0	0
0	2
2	0
0	0
0	0
1	0
0	0
0	464
0	871
46	870
41	866
0	861
1	85
0	866
0	873
0	413
0	875
0	875
5	374
0	476
0	477
0	759
0	127
0	166
0	173
0	81
0	1
0	1
0	1
0	1
0	0
0	0
12	609
0	1813
0	1835
0	1644
0	1483
1	248
1	1140
1	327
18	147
7	136
8	0
0	95
0	55
0	358
0	368
0	359
0	150
0	76
0	67
0	63
0	50
2	10
2	52
0	42
0	1844
0	1672
0	1892
12	803
0	970
71	1151
8	101
6	236
9	617
0	630
25	588
8	263
47	107
8	3
59	324
12	350
12	94
1	323
1	7
0	164
1	36
18	419
0	158
0	31
1	229
0	9
4	187
0	0
0	0
0	0
0	0
3	406
1	303
0	20
0	33
8	412
0	0
0	0
0	0
0	0
0	0
0	0
0	139
0	247
182	243
0	223
25	228
1	0
13	166
15	19
0	1
0	1
0	27
1	27
8	1117
0	1118
0	538
0	19
0	13
2	9
0	637
0	180
51	164
0	139
0	123
0	116
0	128
1	123
0	91
0	113
0	95
1	53
0	68
0	57
0	43
0	41
4	26
0	22
44	174
0	1759
0	199
0	131
0	34
0	4
0	169
0	1864
1	134
30	1913
0	1718
0	1883
0	1753
0	1888
0	1736
0	1726
4	731
0	1828
0	45
0	1774
0	1854
2	1733
0	953
1	1714
9	1793
0	77
0	1501
0	247
1	83
2	65
1	191
3	751
1	688
0	1002
28	1067
6	936
19	911
0	889
9	303
0	366
26	233
0	302
0	189
0	57
0	57
0	56
0	8
0	6
0	4
0	9
0	10
2	8
0	8
0	8
0	2
1	0
0	0
0	0
0	193
0	191
0	192
0	0
0	0
0	0
0	0
0	0
0	0
1	3
0	3
0	2
0	3
0	3
0	4
0	0
0	0
0	1
1	51
0	12
1	11
0	10
0	4
1	3
19	6
0	1
48	158
0	165
0	52
0	37
2	12
0	34
0	13
0	42
0	0
0	44
0	4
0	6
0	0
1	25
0	30
0	18
0	11
13	15
0	2
0	44
3	1442
0	1382
0	0
4	477
3	232
0	312
0	324
0	326
6	71
0	191
0	97
0	127
0	0
0	0
723	0
0	0
1	207
1359	500
12	326
0	79
1	0
0	2003
0	1985
0	1673
1	1891
0	1946
0	1983
0	1891
4	1828
1	1935
0	1981
0	1760
0	1498
0	423
1	459
0	315
0	247
0	267
1	181
0	166
0	4
0	4
0	4
0	4
0	4
0	4
0	4
0	2
0	0
0	1
2	123
0	122
0	98
0	123
0	137
1	113
0	0
0	0
1	138
42	653
0	724
3	598
1	545
0	2708
0	171
0	2625
1	300
0	43
0	296
3	344
0	538
0	524
4	117
0	1
0	1
0	0
0	0
0	0
0	0
0	0
0	0
0	0
1	1
0	276
2	1
827	442
1	251
0	235
4	32
0	9
27	7
0	80
0	9
0	80
0	6
0	0
1	479
3	810
94	1009
0	243
0	1020
7	974
0	394
0	147
0	471
0	471
0	304
0	156
0	151
1	111
2	21
2	85
0	17
0	26
0	25
0	13
0	1
0	1
0	1
0	1
4	0
5	1
3	106
0	168
0	184
0	184
0	184
0	175
0	185
0	184
0	184
0	185
1	190
0	190
0	190
0	190
0	184
0	145
0	174
1	32
0	19
0	37
0	14
0	12
0	7
0	18
0	18
0	11
0	12
0	11
0	0
4516	0
4	21
0	11
0	12
0	21
12	16
1	2
0	10
0	932
0	482
0	863
1	782
0	44
3	89
5	1
10	331
0	0
0	230
0	65
0	7
3	6
0	7
10	7
0	1
32	855
0	877
1	501
2	769
0	155
52	694
6	87
8	140
2	185
0	163
1	1669
39	1639
12	1587
0	1639
0	1292
19	703
1	607
5	1120
3	808
60	585
0	706
0	478
0	286
0	239
22	194
26	135
0	144
1	186
3	171
0	113
0	186
0	165
0	37
0	105
496	751
2	751
2	60
0	50
0	65
2	40
1	39
0	402
0	413
0	402
0	391
0	396
0	395
0	388
0	370
3	386
17	403
2	8
0	14
2	9
0	15
0	19
0	19
0	31
0	62
0	89
1	49
0	5
0	35
0	115
0	38
0	46
0	36
0	168
0	44
0	48
14	81
0	19
0	136
0	122
1	44
0	167
0	211
0	194
0	12
0	88
0	167
0	188
0	180
0	142
0	1285
0	915
1	81
0	321
0	688
0	183
5	922
0	209
1	76
0	310
0	0
0	0
0	0
0	0
23	581
1	6
11	578
1	151
0	24
0	354
0	315
6	210
0	241
0	210
2217	436
0	386
0	353
3	302
0	25
1	24
0	4
0	4
0	6
0	4
0	6
0	5
0	26
0	2
0	12
0	25
0	26
0	4
0	0
0	26
0	4
0	4
2	8
0	3
0	1
0	9
0	10
0	3
0	2
0	0
1	0
0	0
0	4
0	0
228	114
1	114
4	73
6	50
0	3295
0	3357
1	3295
0	2351
18	2181
0	3358
30	3306
0	533
0	2646
0	3059
0	3118
10	3677
1	2487
0	3110
4	135
1	1281
0	3009
2	3057
15	2407
0	1784
2	1791
0	0
1	88
0	13
1	90
11	67
5	21
0	3
1	8
0	7
0	7
0	7
0	0
0	0
1	182
0	57
0	231
255	584
0	347
0	95
4	37
1	25
0	18
4	38
40	65
0	62
0	54
2	32
0	42
0	26
1	28
451	623
9	617
5	542
2	426
0	54
0	2
2	29
0	50
0	39
3	34
1	139
0	1582
0	200
0	38
0	428
0	379
0	406
1	431
0	378
0	487
0	432
0	391
0	388
0	322
0	376
0	466
0	384
0	481
2	386
0	466
0	381
0	484
0	255
0	139
0	468
0	376
0	438
0	464
0	460
0	382
0	368
0	388
0	406
0	382
0	363
0	448
0	467
0	439
0	485
0	477
0	379
8	148
2	147
0	393
0	383
0	415
0	406
0	426
0	408
0	457
0	334
0	378
0	281
0	461
0	422
0	465
0	464
0	467
1	481
3	385
1	8
14	296
0	182
1	221
10	57
10	53
0	1702
6	2001
2	1727
88	1040
1	3562
0	2245
0	1399
12	2554
0	2912
0	1234
3	1390
0	585
4	594
0	461
1	571
0	774
49	190
2	255
16	104
2	134
11	451
0	1277
2	46
42	1270
4	97
18	324
0	3
23	36
0	280
0	83
2	84
0	83
0	69
0	83
0	62
0	0
1	50
0	73
3	67
0	81
5	56
0	26
0	7
0	2
0	1
0	6
0	13
0	13
0	2
0	11
0	0
1	12
0	13
0	0
0	1
0	1
0	3
40	1213
2	755
66	1018
56	181
87	456
1	242
0	35
1	177
15	208
2	12
0	827
3	2025
0	1646
0	1374
0	878
0	152
0	392
0	285
2	195
0	0
0	4
774	228
1	145
0	81
0	65
0	186
1	184
0	162
16	98
1	464
2	493
0	489
2	483
0	104
1	464
0	473
22	560
1	193
5	138
9	168
7	260
12	213
0	119
0	176
0	137
0	1
0	0
0	0
0	0
0	0
810	29
3	29
0	0
0	0
0	0
0	0
0	0
0	0
0	1
0	1
518	375
283	373
0	74
2	49
0	0
0	0
0	0
0	0
1649	34
1	34
2	0
1	1
0	0
92	22
0	21
0	21
0	0
0	274
0	0
0	0
0	0
0	0
0	0
0	0
1	2253
1	2350
14	2507
0	2155
2	81
5	121
0	561
0	32
0	1092
0	0
0	0
10	567
0	1528
0	242
1	1272
1	481
0	510
23	1129
0	478
0	0
0	0
0	0
0	0
0	0
29	288
0	315
1	108
0	120
1	108
0	40
0	403
0	362
0	387
0	393
0	403
0	306
0	386
0	85
0	230
0	223
3	77
4	28
3	169
0	25
0	14
1	9
0	101
0	157
1	77
0	110
37	54
0	118
0	52
0	100
1	95
0	77
0	37
0	64
0	7
0	24
0	18
0	333
0	330
0	333
20	103
0	83
0	111
0	83
0	89
3	70
0	36
0	41
0	66
0	26
0	1
2	422
0	24
0	427
0	411
1	6
1	14
0	58
0	30
0	18
0	14
6	24
7	22
2	29
8	4
0	203
0	46
0	1442
0	1442
7	1474
0	32
0	1370
0	1401
0	615
3	348
3	339
0	92
2	42
0	86
0	348
24	393
0	389
0	4
0	15
0	45
0	2
0	27
0	27
0	4
0	30
0	25
0	23
0	22
0	366
1	68
0	68
22	68
1	12
0	2
0	3
0	13
0	10
0	2
0	1
0	0
1	1
3	4
2	2
8	341
7	341
2	295
7	0
11	41
474	239
4	9
0	55
0	120
0	36
19	101
4	53
0	856
0	701
1	59
1	96
0	765
0	57
0	839
0	139
1	21
0	125
1	142
0	112
0	57
11	66
12	222
0	61
0	72
0	80
0	128
1	83
0	136
0	93
0	110
1	336
0	71
0	591
0	558
0	133
0	149
18	156
0	412
0	92
1	177
0	71
0	85
0	89
0	218
0	125
11	1119
142	1019
0	202
41	659
0	559
0	682
0	195
3	75
1	609
0	248
0	98
0	130
7	129
0	119
1	79
0	43
0	20
0	243
0	936
0	899
0	594
23	290
0	192
0	1046
0	956
0	989
14	328
0	146
16	95
0	895
1	9
2	9
0	5
0	3
0	6
0	0
0	0
0	0
0	0
0	0
0	0
0	1170
1	1423
3	1494
50	1494
0	185
13	96
1	127
4	86
8	3
1	37
0	176
1	167
24	47
0	43
0	20
2	29
0	50
0	18
0	23
0	36
2	17
0	19
0	4
0	478
1	219
0	484
3	484
0	326
0	0
0	47
0	41
0	9
0	37
3	74
1	47
1	38
0	14
1	19
1	57
1	47
0	16
0	102
0	104
0	186
0	183
0	122
0	124
0	124
0	12
0	7
1	13
0	10
0	0
0	142
3	94
1	131
0	115
11	145
1	127
3	129
0	134
0	128
0	133
0	129
0	117
0	37
0	32
0	27
3	22
0	24
0	13
3	11
0	11
0	327
2	159
0	197
0	417
0	264
0	424
0	242
0	223
0	181
0	82
0	0
0	0
334	727
7	670
0	656
0	676
11	409
0	15
0	0
0	1
0	0
0	0
0	0
0	0
0	0
0	0
0	1
0	396
0	366
0	362
0	385
0	371
0	391
0	358
0	373
0	388
0	349
0	293
0	190
0	233
0	223
0	188
0	213
0	214
0	197
0	190
0	183
0	178
0	185
0	165
0	135
0	163
0	162
0	144
0	155
0	91
0	91
0	88
0	86
0	92
0	75
0	70
0	70
0	81
0	75
0	41
0	56
0	73
0	56
0	52
0	65
0	65
0	71
0	79
0	74
0	67
0	71
0	64
0	45
0	38
2	66
0	59
0	50
0	54
0	27
3	1
0	21
0	44
1	21
0	28
4	22
0	28
0	30
0	12
0	10
0	15
0	7
0	2
0	8
0	3
0	3
0	0
0	0
0	1
0	0
0	0
79	4
0	4
0	0
0	0
0	0
0	0
2	526
212	0
23	13
0	13
0	2
0	5
1	5
0	5
0	3
0	2
0	4
0	3
0	1
2	0
0	5
2	5
1	1
0	0
0	339
8	159
0	236
0	4
0	60
5	59
0	10
0	82
16	67
0	46
2	15
0	33
0	41
0	22
1	301
0	1970
0	1955
44	715
37	298
6	1463
5	1321
0	347
4	1108
0	1245
0	1077
0	1235
0	1308
0	1220
0	1176
14	82
2	175
0	91
0	64
0	304
0	110
0	133
0	238
2	262
9	189
0	76
0	26
9	25
528	0
4	200
0	441
1	126
1	336
60	510
412	872
3	868
1	383
27	350
0	0
0	0
1	3
0	1033
0	1057
1	1034
0	1040
0	1033
0	132
1	47
1	32
5	125
2	12
0	1625
1	1579
4	1468
11	828
3	43
1	342
2	202
0	137
0	307
0	172
9	122
0	228
29	323
1	279
3	276
15	161
0	0
0	1582
0	1675
0	1666
1	158
2	78
0	63
2	38
41	45
0	32
0	31
35	6500
0	5995
0	6686
40	1101
2	1882
3	938
0	1239
0	812
0	65
0	285
0	1064
0	1170
1	1155
0	1156
0	1037
52	1140
0	1116
0	725
2	1148
0	541
1	669
1	791
1	928
5	635
0	221
0	225
1	531
1	517
0	517
0	366
1	24
3	347
3	167
0	108
0	107
2	21
0	4
0	4
6	5
0	4
0	43
0	35
0	6
0	11
2	14
0	0
0	0
0	0
0	0
0	0
0	0
0	0
0	0
0	0
0	0
0	0
0	0
0	0
0	0
0	0
0	0
0	0
0	0
0	0
0	0
0	0
0	0
0	0
0	0
0	0
0	0
0	0
0	0
0	0
0	0
0	0
0	0
0	0
0	2
0	0
0	0
0	0
0	0
0	0
0	0
0	0
0	1
5	125
1	45
5	124
0	19
0	0
0	111
10	284
0	270
159	279
0	288
1420	1057
0	1057
0	314
0	9
0	7
0	0
0	2
0	0
0	0
0	0
0	0
0	0
0	0
1	1
0	0
398	414
14	414
0	12
12	0
3	43
0	193
2	43
1	183
5	31
0	31
9	28
0	136
14	2263
2	221
2	1245
1	4
0	2263
23	2226
1	7
0	0
0	360
3	131
0	27
0	81
6	1319
0	1073
0	80
0	70
0	78
8	358
0	205
2	220
63	492
2	426
0	0
0	0
0	0
0	0
0	0
0	0
0	0
0	8
0	0
0	0
0	0
0	0
0	0
0	0
0	0
1	7
0	0
0	0
0	0
1	1
0	1
0	1
0	1
0	0
0	0
0	0
0	0
0	0
0	0
4	299
47	299
3	19
12	30
2	14
0	27
0	1
0	4
0	0
1	2
0	1
0	0
0	0
0	348
1	348
0	6
10	1
0	344
0	0
0	0
0	0
0	0
0	0
0	31
0	1715
0	1715
0	1402
0	1715
6	9
0	9
0	78
0	71
0	71
0	71
0	77
0	70
0	77
0	70
636	205
1	205
0	70
166	315
2	315
427	2195
0	2183
0	2174
114	1652
10	488
2	153
0	307
2	163
0	298
0	208
0	262
0	217
0	208
0	217
0	266
0	102
0	72
0	62
0	48
0	56
2	24
0	0
0	0
0	0
3	7696
1	17657
0	10915
14	22363
220	20208
17	6400
96	19853
0	15187
21	4332
6	12765
7	0
16	1673
0	792
0	687
0	342
0	784
0	677
0	661
24	692
0	31
1	670
0	674
0	1278
0	1202
0	668
1	577
0	388
0	403
29	312
10	375
0	526
0	475
0	131
4	203
0	227
0	0
0	2
0	2
0	0
0	0
0	0
0	0
0	0
0	0
0	0
0	0
0	0
2	37
2	426
0	43
3	167
3	59
1	193
0	427
25	189
0	201
0	3
0	33
0	26
0	17
0	8
3	12
1	9
0	26
0	2
0	2
0	0
0	0
0	0
0	2
0	0
0	2
0	0
0	3
0	0
2	1
0	1
0	1
0	1
0	0
0	0
0	0
1	0
0	0
0	0
0	0
62	13
8	13
485	836
0	515
0	534
0	369
2	197
0	154
2	139
0	97
0	0
0	0
0	0
0	0
0	0
0	0
0	0
0	0
0	0
0	0
0	0
0	0
0	4
0	4
1	3
1	0
0	3
0	1
0	2
0	1
0	0
0	0
0	0
0	0
0	0
0	0
0	0
0	0
0	0
0	1
0	1
0	0
0	0
0	0
0	0
0	40
2	31
0	36
0	22
0	25
2	24
0	14
12	5
0	13
7	80
0	707
0	694
0	62
0	5
2	20
0	530
230	52
0	219
0	4
1	62
0	42
0	705
8	266
16	79
0	269
0	267
0	264
0	241
9	233
0	197
0	194
0	194
0	25
1	183
0	158
0	174
0	141
0	44
0	55
0	44
0	45
2	43
0	39
0	17
0	15
0	3
28	842
1	842
0	0
0	0
0	0
0	0
0	0
0	0
0	0
0	0
0	0
0	0
0	0
0	0
1769	0
0	3145
139	1836
0	6983
3	590
4	6658
0	2272
0	3796
0	2821
3	5025
20	6656
0	2296
0	2391
0	2399
0	2071
0	2331
0	2237
0	1056
4	805
6	331
14	653
1	57
2	200
1947	69
0	69
1	6
8	13
0	7
0	841
627	1311
0	1311
1	430
3	82
0	132
2	157
0	181
0	205
0	957
0	1129
0	1144
0	1165
0	991
2	905
3	117
7	118
2	463
0	138
0	201
0	221
0	53
4	156
0	173
9	112
0	91
11	85
0	51
0	3
0	352
45	353
0	301
0	322
0	303
0	323
0	101
4	42
0	23
4	40
0	148
0	145
0	100
21	145
1	26
0	115
0	89
0	74
0	65
0	34
0	32
0	322
9	837
0	1350
28	735
4	882
3	625
13	49
0	57
42	44
259	0
0	263
0	251
1	261
0	2373
2	1172
0	1238
0	402
0	806
3	624
0	788
0	822
2	895
1	795
5	2576
0	3040
0	3047
0	3123
0	2545
39	2515
0	1415
0	2333
0	2419
0	2421
0	2321
0	2313
0	2442
0	2463
5	1396
0	1844
0	106
0	1856
0	114
0	379
0	139
0	30
0	241
13	432
0	174
0	902
0	541
0	477
0	118
3	156
0	457
0	242
0	2
0	2
0	2
0	2
0	0
0	0
0	0
0	0
0	0
0	0
0	0
0	0
0	0
0	0
0	718
0	728
0	69
0	155
7	695
1	40
0	205
0	52
4	83
0	76
0	71
59	235
0	45
0	127
0	735
0	60
0	126
0	59
0	124
0	201
13	72
0	270
0	201
0	300
0	294
1	377
6	41
0	343
0	132
23	137
0	284
0	77
0	75
0	50
0	142
0	165
0	30
0	127
0	118
0	880
0	899
8	1229
0	982
0	140
0	880
4	95
0	775
9	84
3	334
0	369
1	22
1	142
1	43
1	2186
6	1681
20	2186
0	299
2	128
0	130
0	98
0	63
9	6
8	12
0	12
0	5
0	2
0	8
0	11
0	1
69	770
0	712
3	213
11	123
6	59
8	86
0	81
0	303
0	237
3	64
2	60
0	133
21	158
0	136
9	101
0	176
0	227
1	10
0	116
0	118
343	275
5	148
0	62
0	181
0	183
1	15
0	54
0	248
7	124
0	211
4	853
1025	1974
0	1515
0	1199
0	1054
0	1160
0	587
50	1794
1	1484
0	1055
0	169
0	943
0	768
0	910
32	533
104	78
0	93
1	15
0	11
0	21
0	21
0	20
0	8
0	12
0	0
0	1
0	0
0	3
725	269
1	269
0	90
2	568
0	636
0	650
0	591
0	244
0	337
0	154
0	133
0	126
0	115
0	79
0	50
0	14
0	1
0	1
0	1
0	0
0	1
0	0
0	0
0	0
27	53
3	49
1	5
0	253
0	256
0	185
5	160
0	13
0	4
1	1443
0	1257
3	907
0	822
27	368
0	388
0	1
0	875
42	3903
0	3686
0	3668
0	4064
64	3823
0	870
0	1250
19	0
0	7860
10	7880
6	2307
0	4243
0	3255
2	1891
5	1291
0	2969
0	2192
0	7831
0	106
0	1891
1	2206
15	811
0	0
0	0
0	0
46	639
4	690
0	671
12	628
0	183
1	219
2	187
0	510
12	500
2	505
0	287
2	204
4	203
0	0
0	1
0	0
2	5
0	5
1	1
0	1
0	4
15	269
0	253
0	276
0	395
0	437
2	478
0	320
0	257
0	322
0	319
0	330
5	316
0	315
0	326
0	330
0	418
0	315
0	317
0	317
0	265
0	338
0	319
0	172
0	235
0	24
0	148
0	169
3	168
0	11
0	14
0	7
0	156
0	166
7	158
0	1643
0	1759
0	1779
0	1742
0	1593
0	1726
23	962
0	1705
0	1672
0	1626
1	223
0	1656
0	861
0	159
1	5
0	51
0	75
0	71
0	49
0	100
0	80
0	186
0	94
0	63
0	38
1	368
1	30
9	0
7	362
2	362
0	50
102	632
0	745
0	138
24	25
114	193
3	24
1	0
0	0
0	0
0	0
0	0
1	12
0	56
0	56
0	22
0	55
0	28
0	0
0	0
0	0
0	0
35	678
0	5670
0	654
6	682
4	683
3	802
62	619
0	782
0	775
0	541
2	671
4	668
1	501
0	626
0	714
0	697
0	7
0	571
0	557
0	588
1	3
1	374
10	21459
8	8190
14	17807
26	7722
615	0
2	0
2	0
0	0
0	0
0	0
0	1
0	8
0	7
0	682
0	683
0	689
21	681
0	658
0	110
3	83
0	193
17	30
3	109
0	102
1	154
0	89
15	115
0	0
0	0
0	0
0	0
0	0
115	158
1	99
7	5
0	100
0	133
8	131
0	479
0	473
0	436
11	456
3	89
0	67
0	57
0	18
0	46
0	36
5	5
0	0
0	961
0	946
4	72
4	185
12	283
0	61
5	48
0	7
0	7
0	7
0	0
1	348
0	364
440	391
2	349
0	365
0	83
0	67
0	62
0	35
0	44
0	19
0	0
0	0
0	0
0	0
0	0
0	0
0	0
0	0
0	0
0	0
0	0
0	21
0	18
0	18
0	0
0	7
0	4
0	3
0	3
0	0
0	1
0	3
0	1
0	1
1	1
0	0
0	0
0	0
0	0
0	0
0	0
0	0
0	0
0	0
0	0
0	0
0	0
0	6
0	6
2	6953
1067	6953
0	2051
0	2059
0	2075
0	2044
0	2044
0	2033
1	2014
0	2061
0	2060
0	2052
0	610
0	2025
3	56
3	26
2	79
4	30
0	902
0	4350
0	4145
0	3931
0	1273
14	2365
3	2586
6	419
1	586
0	296
1	164
0	168
50	187
6	356
264	1
0	0
0	0
3	36
0	132
1	140
0	130
2	110
4	105
13	301
5	2
66	226
0	78
5	2674
9	2674
32	280
0	303
5	301
21	630
0	802
0	836
0	611
3	580
1	178
4	95
1	69
0	138
0	133
0	109
4	99
0	63
0	58
3	26
3	161
1	5
0	61
0	57
0	63
0	42
0	132
0	51
0	116
0	80
0	36
1	45
3	0
0	6
0	0
0	8
0	2
0	0
0	0
0	7
0	8
0	0
0	0
0	0
0	1
0	7
0	2
0	53
0	458
4	487
0	384
0	384
0	356
1	26
9	60
14	47
0	2964
0	822
32	774
0	719
0	652
14	868
2	672
154	1911
0	112
19	376
1	634
8	673
0	674
0	674
0	638
0	676
0	638
0	676
0	635
0	636
0	636
1	673
0	19
2	12
4244	0
0	2
13	2
0	0
2	0
0	31
263	32
1	11
9	4
0	8
0	1
0	8
8	1
0	1
4	8
0	2
0	2
0	2
0	1
0	67
0	80
0	88
0	79
0	62
0	54
0	46
0	54
3	14
0	18
0	0
0	0
0	0
0	0
0	0
0	0
0	0
0	0
0	0
0	0
22	173
0	3611
0	4175
0	3913
0	3642
0	4175
0	2638
0	4174
0	3279
0	3443
0	3760
0	3754
0	1601
0	3632
0	3860
0	2522
0	4126
0	2972
0	3165
0	3882
0	3307
0	3839
0	2433
0	2796
0	2796
0	2795
0	3248
0	3883
0	2592
7	3924
0	3774
1	2795
0	3544
2	3318
0	2581
24	2609
0	3310
0	2739
39	2919
0	4133
0	3249
0	1812
1	1948
0	1253
2	1471
0	45
0	45
0	45
0	41
0	50
5	28
0	34
0	46
0	45
0	44
0	45
0	38
0	39
0	39
0	38
0	13
0	14
0	6
0	4
1	10
0	10
0	9
0	6
0	1
0	6
0	6
0	6
0	5
0	5
1	3
7	0
0	0
0	680
0	707
17	701
0	729
3	729
0	673
5	218
0	624
0	3015
0	3030
1	2963
48	2087
1	649
2	251
1	558
1	491
0	4
145	4
0	24
1	23
115	2980
208	2815
8	1302
1	339
1	536
9	432
0	38
1	18
2	447
5	441
0	147
0	123
0	220
8	152
2	85
0	221
0	189
14	26
0	152
0	164
0	154
0	135
3	59
2	54
0	36
0	27
0	0
255	236
0	1820
0	1778
8	1626
0	443
0	357
0	194
74	435
0	13
1	390
7	378
2	22
0	55
0	13
0	184
19	3329
0	3260
1	1608
0	2983
4	1030
0	2295
9	167
0	1253
33	1194
1	275
1	332
0	350
0	297
1	58
12	73
2	85
0	41
0	199
0	26
0	36
0	20
0	38
0	179
0	232
0	206
0	206
0	211
0	206
0	60
0	55
2	54
0	77
0	67
0	48
0	95
0	82
0	66
0	62
0	10
0	84
1	171
7	33
2	20
0	51
0	106
1	65
11	30
0	348
0	335
0	342
11	78
0	317
0	323
1	314
0	154
0	143
0	156
0	144
0	143
0	298
0	55
1	36
1	25
2	160
11	122
494	0
0	1186
0	1330
12	1107
0	1307
0	1383
0	1493
0	1137
2	1411
0	1326
9	283
7	938
1	776
0	359
3	58
0	51
0	61
1	30
0	9
0	0
0	34
0	2
1	9
0	5
0	0
0	40
0	48
0	44
0	296
0	1080
0	1050
0	1019
0	1054
0	1064
0	1085
0	1070
0	1043
0	16
0	189
0	25
0	21
0	30
0	51
0	71
0	12
0	81
0	141
0	20
0	0
0	0
0	0
0	0
0	0
0	0
0	0
0	0
0	0
0	0
0	0
0	0
0	76
0	87
0	36
809	86
29	72
0	280
11	958
0	958
9	285
0	32
0	18
1	10
0	0
41	187
0	187
103	0
14	776
0	776
1	349
0	474
2	169
0	3
0	0
0	283
0	95
0	95
1	97
0	94
0	86
0	55
1	56
0	47
0	46
1	8
0	5
197	112
0	44
1	77
0	22
0	93
0	3
0	1
1	1
0	93
0	0
0	85
0	88
0	80
0	5
2	14
0	14
0	39
0	27
0	25
0	49
2	49
0	13
0	1
0	0
0	1
0	1
0	0
0	851
0	818
0	251
0	110
0	72
2	26
0	6
0	6
0	6
0	6
0	6
0	6
0	0
0	0
0	0
0	0
0	0
0	2
0	0
0	1
0	0
0	0
0	381
0	121
0	0
0	0
0	0
0	0
0	0
0	0
0	0
0	415
0	433
16	223
0	231
5	236
0	99
0	142
5	193
1	132
2	81
1	100
0	10
0	7
3	20
0	17
0	18
0	3
0	3
0	1
0	0
0	5
0	5
0	2
0	5
0	1
0	0
0	0
721	767
0	730
1	385
4	410
0	171
0	26
29	14
0	14
0	1
0	1
0	0
0	0
0	0
0	1
0	12
0	12
0	8
3	3
0	13
0	7
0	3
0	6
0	235
0	15
0	23
4	326
410	326
0	175
0	113
0	334
0	64
1	92
4	317
0	179
0	331
16	196
0	2
0	43
0	257
8	157
0	239
7	103
0	14
10	13
0	7
0	14
3	3
0	3
0	6
2	2
2	611
0	614
0	605
0	343
0	470
0	314
0	329
0	303
0	245
0	261
16	145
0	341
17	390
0	449
0	358
4	387
0	232
13	34
0	283
0	0
0	0
0	0
0	0
0	0
0	0
0	0
0	0
0	0
0	0
0	0
0	1009
40	704
6	1036
0	221
1	0
0	809
0	665
7	75
0	35
0	1057
0	1287
0	1363
1	1106
1	176
0	77
0	66
1	81
0	44
0	63
0	30
0	11
1158	1826
2	1451
0	1628
1	640
32	1757
21	1757
1	884
0	1516
145	409
0	376
16	389
0	646
0	712
1	190
0	202
9	709
1	257
0	709
0	680
8	158
171	432
0	48
0	81
112	153
0	121
0	82
1	95
4	25
0	45
369	41
0	12
0	13
0	35
0	23
1	3
0	0
0	0
0	0
0	0
0	0
0	0
0	0
0	0
0	2
0	6
0	2
0	1
0	1
0	6
0	5
0	2
0	4
0	2
0	0
0	0
0	2
0	0
0	2
0	2
0	0
0	0
0	0
0	0
0	0
0	1
0	1
0	1
0	0
0	1
0	79
3	178
0	335
1	210
0	311
0	205
7	28
0	216
0	310
3	90
0	72
26	36
16	117
7	879
2	881
0	776
0	242
1	302
2	98
0	44
0	191
0	252
2	158
0	0
0	0
0	0
0	0
0	0
0	0
0	0
0	1720
3	290
0	25
0	1702
1	286
3	1
0	194
1	30
1	99
131	101
0	13
0	19
0	20
1	7
1	3
1	0
0	0
0	0
0	0
0	351
26	340
0	371
25	389
0	423
1	247
0	211
1	127
0	47
0	128
0	56
0	23
0	0
0	3
1	3
0	0
0	0
0	0
0	0
0	0
0	0
4	61
6	1105
4	1353
0	267
0	218
2	231
0	326
1	691
0	0
0	277
0	515
0	336
0	228
0	1609
0	1618
0	1441
0	196
0	210
0	413
0	1499
2	12
0	310
0	732
0	273
0	186
0	1572
0	17
0	343
0	1570
14	1630
0	215
0	1493
61	856
15	493
0	324
0	457
41	1124
0	892
0	911
2	671
0	588
1	20
0	34
0	59
4	124
1	49
0	89
0	29
0	2
0	2
0	2
0	3
0	3
0	1
0	0
1	0
0	4820
0	4821
0	5329
1	8140
0	2699
0	12230
0	11529
0	11912
0	11417
7	5319
0	11098
0	11253
0	11903
0	11533
0	11836
19	4081
0	11831
0	3383
0	1494
2	506
4	373
9	6532
0	771
0	1040
0	556
2	471
0	1395
5	1350
1	299
76	881
14	1000
0	530
0	576
0	289
0	412
0	177
0	81
2	508
1	711
0	577
11	502
0	203
0	183
0	1308
0	1333
0	1153
0	1335
0	314
0	1175
0	867
0	1176
0	1183
1	1183
0	1215
0	1122
0	1190
0	1271
0	1195
0	1132
0	1216
1	1036
0	1034
0	1133
0	1064
0	1204
0	1073
0	1285
0	1101
0	1252
0	1170
0	1174
0	1239
0	988
0	1308
0	1339
0	1035
0	1310
0	1308
0	1234
0	1312
0	1333
0	1241
0	986
0	722
0	1048
0	921
0	916
0	1001
0	1053
0	1182
0	901
0	1162
0	1083
0	1224
0	1204
0	1165
0	1193
0	855
0	1136
0	1194
0	1227
0	695
0	1024
0	1071
0	925
0	1100
0	1108
0	1087
0	1024
0	1056
0	961
0	898
0	1059
0	1087
0	1098
1	979
0	1337
0	37
0	1086
0	1036
0	586
0	707
0	1189
0	1307
0	1198
0	1164
1	727
0	318
0	938
0	919
1	998
0	155
68	6632
0	6628
7	369
2	647
0	514
0	0
1	193
2	286
0	0
0	0
0	0
0	0
0	0
0	0
0	0
0	0
0	0
0	0
0	0
2	103
660	203
6	201
0	37
0	168
0	200
0	194
0	161
0	172
0	36
0	24
4	23
0	0
0	202
0	202
0	213
0	17
0	6
1	0
11	36
0	61
2	17
1	3
221	107
0	31
0	175
2	36
2	38
0	49
2	24
1	1
0	44
0	5663
7	5661
0	5654
19	5661
0	2594
136	5665
0	2143
0	5824
0	2000
57	1156
0	6755
6	741
1	1821
3	95
2	527
0	926
0	623
5	932
0	4323
0	2179
0	1263
5	1810
3	4088
0	198
0	4732
661	3575
1179	3578
2	2786
7	1079
6	1374
19	852
0	0
0	0
0	0
0	0
0	0
0	0
0	0
0	0
0	0
0	0
0	0
0	0
0	0
0	0
0	0
0	0
0	0
0	6
0	6
0	6
0	6
0	3
0	2
0	1
0	0
0	0
0	0
0	0
0	0
0	0
0	0
0	0
0	0
0	1
0	2
0	0
0	0
0	0
0	2
0	0
0	2
0	1
0	0
0	0
0	0
0	1
0	0
0	1
0	1
0	1
0	0
0	0
0	0
12	3591
0	3675
0	777
9	145
0	299
0	327
8	245
0	225
0	255
0	214
45	137
2	117
30	35
0	9
4	15
0	15
0	9
0	9
0	5
0	4
0	0
0	7
0	38
0	38
2	11
0	4
0	12
2	4
0	3
0	4
0	12
1	0
0	0
0	0
0	0
0	107
0	92
0	89
0	96
0	2
0	4
3	25
1	89
0	81
0	109
40	335
2	70
0	109
17	287
0	119
1	321
0	72
24	1086
0	2412
13	2387
1	416
1	308
6	220
0	225
42	240
0	127
4	523
6	428
0	444
4	343
2	252
0	14
0	393
0	116
0	64
0	168
0	35
0	26
0	158
2	5
0	403
0	204
0	2038
0	1996
0	2068
2	1967
0	2031
0	2049
3	2056
0	2067
0	601
2	938
0	409
0	16
0	287
1	132
402	403
5	403
0	0
0	0
0	11
0	11
0	3
0	5
0	9
0	9
0	0
0	1
0	0
0	1
1	1222
0	1127
0	1221
7	1229
0	1222
1	1226
10	1221
0	299
0	275
0	50
0	4
0	4
0	1
0	4
0	4
0	4
0	4
0	4
0	4
0	4
0	4
0	4
0	16
0	16
0	15
0	16
0	16
0	9
0	1
0	1
0	7
0	7
0	1
0	2
0	0
0	2
0	2
0	2
0	1
0	0
0	0
0	1809
1	1965
0	1797
0	2033
1	1953
0	2035
0	1988
0	2003
0	2029
0	2031
0	2058
2	1933
0	2025
0	1918
1	199
0	154
0	478
0	1752
0	65
0	63
0	125
3	264
0	1464
0	912
0	363
0	1058
0	254
0	576
0	47
0	112
0	944
0	1061
0	883
0	827
0	770
0	789
2	595
2	529
0	514
0	492
0	586
0	62
0	107
1	345
0	32
0	100
0	715
15	1025
119	647
0	1028
0	82
0	216
0	134
2	522
1	655
0	524
1	229
0	305
0	558
0	427
6	329
0	329
13	0
1	1287
2	639
0	1268
0	1110
6	734
0	1263
0	1069
0	1005
0	886
0	834
0	849
0	843
0	853
0	842
0	679
0	658
0	316
0	750
2	17
0	18
0	18
1	38
0	4
0	5
0	14
0	596
0	23
0	2
0	67
0	19
0	19
0	2
0	411
0	3
0	11
0	3
0	199
0	38
0	38
0	0
2	161
0	0
0	0
0	0
0	17
0	32
0	7
0	8
0	7
0	7
0	7
0	7
0	450
0	515
0	99
0	876
0	457
5	157
0	892
1	69
0	890
0	0
0	1
0	0
0	0
0	1
0	1
0	0
1	0
0	0
0	0
2	1
0	0
0	0
4	810
1	734
0	797
5	37
0	357
1	132
0	157
0	182
0	160
3	23
2	12
3	12
0	815
0	14884
37	13802
0	15050
0	8361
9	3147
17	1155
7	2079
4	1395
0	0
0	0
0	0
0	18
0	3
2	287
0	243
0	308
6	343
0	363
0	22
7	23
0	54
5	14
0	62
6	23
3	41
7	72
0	22
3	14
0	35
0	23
0	77
0	38
0	33
0	42
4	365
0	1967
0	1204
0	273
0	1989
0	947
19	125
0	315
0	272
0	214
0	95
0	136
0	180
4	141
0	202
0	200
0	149
0	151
0	84
0	150
0	73
0	94
0	0
42	293
0	293
1	1301
0	1298
0	529
0	526
5	55
0	518
0	1290
0	131
0	9
0	801
0	871
0	191
0	226
5	170
2	283
2	13
0	35
0	72
0	34
2	6
0	4
0	0
0	279
4	63
0	72
0	84
0	73
74	102
0	73
1	51
0	39
0	52
0	1
0	16
0	11
4	16
0	72
0	73
0	3
0	3
0	3
0	1
0	5
0	48
0	49
0	111
0	120
0	117
0	20
0	16
0	3
0	81
0	616
0	619
0	645
0	630
0	595
0	63
1	48
0	24
1	29
0	139
0	161
0	156
0	212
0	219
0	160
10	177
0	109
0	49
0	81
0	42
0	23
0	46
0	40
0	15
0	25
0	1
0	1
0	1
0	0
0	0
0	0
0	0
0	0
0	0
0	90
0	86
0	27
0	10
0	2
11	1696
1	842
3	835
0	849
7	76
0	65
0	38
7	418
1	205
1	1660
282	54
0	23
0	13
0	10
0	2
0	20
0	41
0	101
8	100
0	83
0	56
0	59
80	36
0	28
7	25
0	28
0	16
0	12
0	102
79	131
0	288
0	268
0	185
0	270
0	250
0	169
0	20
4	4
0	15
7	2
1	1173
8	1302
436	197
4	148
11	0
8	16
0	0
0	0
0	45
0	45
0	1417
0	597
0	1421
0	341
0	731
0	714
0	615
3	609
0	286
5	113
0	414
2	77
0	0
43	9
1	10
0	1
0	1
0	0
0	0
0	2103
0	2043
0	93
0	2881
8	2886
0	496
0	2054
0	25
5	775
2	3
3	3
3	0
0	16
0	11
0	16
0	4
6	351
3	349
6	369
0	28
0	28
28	24
226	270
0	252
0	249
0	267
0	888
0	1382
0	1353
0	38
0	1038
0	802
14	8
21	102
2	56
2	782
30	605
0	784
0	526
2	435
0	377
6	98
1	9
4	76
0	0
61	29
0	27
0	7
0	7
0	7
0	126
2	59
0	32
0	14
0	15
1	17
0	5
0	2
0	0
0	125
0	35
1	40
1	117
6	275
0	293
0	73
4	289
1	282
1	352
1	47
2	759
0	754
2	760
0	20
0	209
0	211
0	25
0	5
0	181
0	168
18	162
0	1668
0	1575
0	1500
0	1664
0	1547
4	1600
0	1635
0	59
0	695
0	705
20	56
0	114
0	333
0	348
0	146
0	100
0	47
0	96
0	54
0	66
0	36
5	325
0	249
0	1568
0	282
0	4622
33	4547
0	2656
0	19
0	5092
7	2473
2	4188
1	4708
0	3830
0	221
2	98
0	1
0	6
0	6
0	5
3	44
1	64
0	68
0	331
0	331
1	313
0	331
0	305
0	269
0	19
0	91
0	130
0	310
4	461
3	445
0	342
0	215
0	179
4	131
0	131
1	27
2	54
592	89
0	30
0	89
0	58
0	640
355	642
26	369
0	74
1	57
0	1
0	1
0	0
0	1
7	6
0	69
0	52
0	63
5	35
0	33
0	33
0	4
0	33
0	7
0	12
0	28
0	32
0	4
0	12
0	6
38	164
66	89
2	3273
0	2986
0	506
0	621
0	215
0	647
0	518
0	3271
0	1743
0	3174
0	3272
0	662
0	669
0	511
0	613
0	96
0	1011
2	1018
33	437
3	530
7	287
22	519
21	309
3	80
0	45
18	326
0	6
0	0
0	125
0	1025
106	1009
3	32
0	926
0	9
15	55
42	211
0	26
0	54
4	53
6	193
0	1005
0	984
0	983
1	983
0	945
0	945
0	1018
0	562
0	19
0	1018
0	0
0	0
0	0
0	0
0	0
0	706
0	563
0	765
0	757
1	60
1	73
1	31
0	25
0	152
0	54
0	31
0	183
0	1758
0	796
3	897
42	1252
1	2001
4	2161
0	2099
0	2093
0	2165
29	2131
0	2194
0	2162
0	2151
0	2149
0	2154
0	2095
0	2183
1	312
0	2045
0	2186
0	1888
0	2181
0	2223
0	2183
0	2182
0	2167
0	187
0	2183
0	2167
0	2168
0	123
2	256
0	31
0	311
0	170
1	280
18	273
8	425
33	165
16	280
26	122
1	38
0	1352
2	1171
0	1230
103	819
15	741
0	529
0	249
2	1230
0	378
1	361
1	299
1	243
0	73
0	9
0	111
2	197
0	171
0	127
0	173
8	163
2	113
0	40
0	35
0	37
0	30
79	1182
0	1181
0	1056
3	912
0	291
7	310
0	283
0	112
0	229
0	12
8	510
33	55
3	53
0	440
1	73
0	473
4	216
0	20
2	94
0	35
0	189
0	1974
0	1997
3	416
0	139
0	1974
0	1976
1	2007
0	1872
0	1849
2	2048
0	1998
24	1681
0	1871
2	41
1	121
0	207
0	129
0	118
0	48
0	124
1	0
0	125
1	120
0	75
0	63
0	62
1	65
1	0
20	1738
0	1580
0	1531
0	1409
1	1283
0	1302
0	1302
0	1302
0	420
1	40
0	5
3	40
0	19
1	4
1	766
0	720
0	361
0	260
0	411
0	244
0	743
70	273
0	362
60	280
0	205
0	183
8	195
3	116
18	6946
4	7343
0	5425
0	7370
2	7558
19	7711
1	7373
7	8044
0	8228
2	7813
0	7599
0	8300
0	7789
0	8221
0	8215
0	7691
0	8254
1	8237
0	8204
1	8270
0	8037
0	7358
4	8238
0	8520
0	8226
0	8231
0	7881
2	8252
6	8101
0	8364
1	7732
1	8220
0	8683
16	8092
19	8168
0	5629
0	2822
0	7005
0	4085
0	8118
0	7958
12	7604
1	7091
0	5254
0	1216
9	879
0	552
0	140
0	678
0	282
2	6
33	555
0	543
0	339
1	233
0	193
0	142
2	190
0	146
0	190
1	139
3	22
1	5
0	111
0	0
0	0
0	0
0	0
0	0
0	0
0	0
0	0
0	0
0	0
1	126
0	121
0	11
0	82
1	40
0	20
1	42
0	31
0	37
0	38
0	37
0	36
0	26
0	33
0	32
0	36
0	39
0	31
0	62
0	40
0	82
0	39
0	38
2	69
0	16
0	58
0	2625
0	801
0	794
0	862
2	797
0	785
0	2684
16	1034
0	1157
0	1930
0	1057
0	786
0	2674
0	865
33	874
0	817
1	632
0	815
1	724
0	2687
0	807
0	865
0	823
2	1106
0	797
0	737
17	713
0	831
0	691
0	419
0	335
0	157
8	81
0	63
1	412
1	32
1	144
4	1797
0	80
0	4
0	483
0	481
5	415
0	432
5	374
0	188
0	324
0	33
0	104
0	25
0	19
0	15
1	19
0	51
0	34
0	34
0	29
0	27
0	25
0	10
0	7
0	6
3	12
0	13
5	224
0	152
1	111
0	43
3	27
0	22
0	12
0	9
0	2
1	7
0	13
1	139
0	157
0	603
27	788
0	721
0	722
0	713
0	701
25	734
0	712
0	698
0	693
0	730
3	3
0	578
0	571
0	618
0	587
0	567
18	580
0	723
0	686
1	190
0	56
0	565
0	486
0	420
0	47
0	346
0	72
1	195
16	17
0	23
0	7
0	8
0	4
0	6
0	6
0	7
0	0
0	3
0	4
0	1
489	97
0	97
1	23
0	20
0	16
0	202
1	19
0	76
0	753
0	720
0	146
0	161
0	178
1	192
8	122
0	0
0	0
0	0
0	0
0	0
1	1
0	1
0	1
0	0
1	0
4	3034
0	3379
0	4486
1	3813
0	3018
0	1323
2	278
0	116
0	1494
0	1429
5	1351
9	290
1	28
34	721
4	721
0	450
1	282
0	14
0	1213
4	747
0	1214
0	678
0	678
1	272
0	278
11	158
0	275
0	200
0	81
6	26
7	7
0	9
0	83
0	95
2	81
0	20
0	73
0	7
0	25
0	17
0	23
0	82
0	17
0	21
0	69
1	96
0	14
0	14
0	55
0	81
0	11
0	6
109	89
0	76
0	22
0	5
0	0
0	0
0	0
0	0
0	0
0	0
0	0
0	0
0	0
0	0
0	0
0	0
0	0
0	5
0	3
0	6
0	6
0	7
0	7
0	7
0	6
0	5
0	6
0	6
0	5
0	2
0	5
0	4
5	4
0	3
0	2
0	0
0	704
0	745
3	745
1	737
5	377
0	52
0	3
0	4
0	0
0	4
0	12
0	3
0	12
0	4
0	0
0	0
0	1
0	2
0	1825
2	1818
1	1835
0	507
0	8
0	4
0	8
0	6
0	5
0	5
0	1
0	0
0	0
0	0
0	0
0	772
0	699
3	309
0	765
0	768
0	772
0	415
0	307
0	442
0	759
0	768
0	768
0	759
0	769
0	752
0	755
0	760
0	765
0	588
0	765
0	774
0	742
0	766
0	773
0	285
0	282
0	303
0	420
0	435
0	759
0	765
0	748
0	765
0	749
0	757
0	765
0	755
0	740
0	739
0	719
0	628
0	280
0	417
0	180
2	581
0	599
0	494
0	489
0	499
0	62
0	464
15	463
0	464
0	131
0	116
0	29
0	343
0	332
0	332
0	291
0	320
0	72
0	331
2	25
15	246
0	260
0	257
0	250
0	236
0	257
0	257
0	227
0	81
0	41
1	25
1	12
0	12
0	11
0	5
0	4
0	1
0	1
0	0
0	12
0	12
0	3
0	6
0	0
0	0
0	1
0	0
0	0
0	362
0	369
0	361
0	371
0	324
0	330
0	83
0	14
2	20
4	12
0	9
1	24
0	12
0	13
0	22
0	20
1	4
0	0
0	0
0	0
0	0
0	0
0	0
0	0
0	137
0	165
0	160
5	139
0	2
0	2
0	17
0	2
0	11
0	11
0	11
10	25
0	17
0	11
0	11
0	23
0	18
1	25
0	3
1	8
1	7
0	12
0	13
0	11
0	28
1	233
0	64
0	332
0	330
0	47
1	29
0	64
0	330
53	30
1	30
0	0
0	0
0	0
0	0
0	0
0	0
0	0
2175	0
0	67
0	16
0	17
0	15
4	41
0	49
6	50
0	34
0	58
0	124
0	13
0	16
1	30
2	7
0	7
0	2
0	71
0	68
0	71
0	48
0	30
0	9
1	1413
54	1413
0	154
0	4311
0	4443
0	4311
2	4333
0	4311
17	1441
0	9
0	9
0	9
0	8
0	9
0	9
1	7
0	7
0	693
3	811
0	811
3	811
0	1797
0	359
0	250
0	597
0	1790
0	1791
0	1828
1	1819
1	173
0	1851
0	811
0	1799
0	1798
0	862
1	1690
0	312
0	1197
0	1784
0	1807
0	832
0	832
191	2893
13	1230
110	2716
0	0
1	801
47	69
66	264
0	281
22	61
10	88
24	10
0	32
2	804
18	162
0	818
2	80
2	812
3	175
2	139
0	187
4	10
0	10
0	10
0	1
0	3
2	250
2	267
3	70
1	26
0	16
0	12
0	3
0	3
0	3
0	3
9	1253
121	1147
110	1227
7	820
2	44
4	29
2	42
0	788
16	792
1	548
0	738
5	140
51	96
0	77
0	58
0	120
0	214
0	58
0	74
0	61
0	1276
0	1229
0	1161
0	1208
0	39
5	58
8	43
0	19
4	41
115	377
1254	489
0	324
34	430
149	379
0	166
0	35
0	0
3	47
290	3
597	1273
5	1158
3	664
4	330
0	0
1	0
0	856
0	1691
0	2474
31	2072
0	671
8	962
1	909
0	900
0	917
0	897
0	902
1	868
0	895
1	878
1	871
0	902
2	889
2	902
0	880
3	681
0	949
0	407
0	1053
0	1068
0	1036
13	1087
4	465
0	337
0	157
0	204
0	3
0	117
0	216
0	64
1	0
0	1039
8	1013
0	1035
3	1002
0	144
0	46
1	0
0	0
0	0
0	0
0	0
0	0
0	0
0	0
0	0
0	0
0	0
0	0
0	906
102	338
0	786
0	66
0	881
2	874
0	133
12	79
0	103
0	2
0	56
0	0
0	48
0	56
0	7
0	0
0	0
0	1
0	35
0	0
0	35
0	2
0	2
0	1
0	1
19	981
0	981
0	919
0	212
1	89
0	2
0	0
0	4
0	4
0	4
0	4
0	4
0	4
0	0
0	0
0	0
0	0
0	0
0	0
0	0
0	0
1	1
0	1
0	1
0	1
0	1
0	1
0	1
0	0
0	0
0	0
0	0
0	0
0	0
0	0
0	3
0	0
0	3
0	0
0	0
0	3
0	3
0	2
0	0
0	0
0	0
0	0
0	0
679	900
0	144
1	100
4	37
5	242
21	16
3	521
0	9338
0	5343
0	9926
29	0
6	475
4	9905
23	5721
0	496
19	8183
1	1972
1	5
0	5
0	0
0	0
0	3
1	49
0	50
0	7
0	35
0	40
0	26
0	24
0	0
75	33
0	5072
0	5147
0	5195
2	5236
0	5272
0	4982
0	5178
0	5130
0	5370
0	5176
1	5357
0	5374
3	5352
0	5285
21	3049
95	4092
0	5310
0	5296
0	5215
0	5341
0	5341
0	5341
0	5276
0	5134
0	3084
6	170
0	1219
0	1090
0	1225
0	155
0	161
1	81
32	96
324	233
11	219
0	836
0	834
14	786
0	49
9	53
2	116
0	611
0	91
3	49
5	38
12	54
1	61
13	81
2	21
3	23
1	248
0	1
0	0
1026	1517
17	199
0	1342
0	1488
0	1488
0	1040
0	1070
0	809
4	497
0	669
22	208
0	186
0	14
5	50
3	20
1	1
0	20
0	18
0	2
3	18
0	213
5	21
0	263
0	278
32	406
0	447
0	407
0	442
0	401
0	402
0	441
5	149
0	86
1	105
8	11
1	1
1	2
0	1
0	1
0	1250
0	1278
4	977
50	1229
0	1197
0	1278
0	666
1	156
1	510
0	509
3	455
19	269
1	177
1	0
0	3
0	0
0	1
0	3
0	0
0	1
0	0
0	3
0	3
0	0
0	0
0	0
0	0
0	0
0	0
0	0
0	0
0	0
0	0
0	0
0	0
0	0
0	0
0	0
0	687
0	515
0	567
0	633
1	188
0	170
6	239
0	133
600	284
0	6
0	278
0	35
0	1692
0	1732
0	1394
0	962
0	60
0	411
0	383
0	250
0	376
0	376
0	372
0	356
0	382
0	340
0	256
4	268
0	270
0	301
1	270
0	376
2	227
1	254
1	389
0	288
0	331
0	91
1	314
0	401
0	331
1	332
0	377
0	51
0	365
0	121
0	390
0	336
3	312
0	179
3	172
0	9
1	62
0	3
1	911
15	920
0	180
5	62
1	44
1	196
0	18
0	21
1	46
0	11
0	7
0	3
0	8
0	2
0	2
0	2
0	2
0	2
0	2
0	2
0	1
0	1
0	0
0	0
0	0
0	0
0	1
0	0
0	1
0	50
328	85
11	39
0	42
1	15
0	31
0	22
0	9
0	9
0	9
0	9
1	22
0	307
0	174
12	378
1	51
8	86
1	12
2	149
0	216
0	635
0	624
0	633
0	616
0	609
0	619
0	625
0	623
0	197
0	250
0	552
0	546
0	546
0	532
0	512
0	512
0	512
0	502
1	44
2	42
0	461
0	439
0	422
3	35
0	412
0	390
0	380
0	380
2	380
0	384
3	371
4	35
0	293
0	34
0	4
0	294
0	150
23	229
826	0
0	1
0	1
0	1
0	0
0	42
0	43
0	43
0	1
0	1
0	1
0	1
0	3
0	41
0	41
0	854
0	1048
0	653
1	742
5	742
0	782
0	626
0	762
0	851
227	1096
0	652
1	633
35	633
0	628
0	143
0	745
0	847
15	647
0	841
0	841
1	97
0	88
15	90
0	20
0	1
0	22
0	19
0	892
6	879
1	788
0	4
0	253
0	465
0	838
0	1012
0	1032
0	1130
0	999
0	942
0	946
0	1179
0	1134
0	963
0	1036
0	1101
1	1103
1	1192
0	1023
0	1016
0	1214
0	1085
0	1113
0	1193
0	1269
0	1030
0	1106
0	1171
0	1205
0	955
0	1204
0	1070
0	956
0	1039
0	1131
0	1113
0	722
0	889
0	132
0	455
0	1038
0	1174
0	1255
1	1242
0	865
0	889
0	217
0	966
0	887
1	470
0	765
0	1016
0	1208
5	115
0	857
10	1082
0	1198
0	705
0	248
0	736
0	28
1	205
0	158
0	1914
0	1947
0	1973
0	1695
0	2034
0	2045
0	1462
40	1497
0	1807
18	2060
0	1664
0	2000
0	1996
0	1769
0	396
4	241
2	281
11	163
2	309
1	302
1	315
1	642
2	118
0	121
0	124
136	402
1	155
49	1549
3	770
3	361
0	493
0	119
28	1641
0	420
3	961
74	1570
1	994
0	811
0	446
23	138
53	553
17	0
237	155
0	147
0	0
1	56
0	59
0	20
0	16
0	12
9	16
0	9
0	2
1	180
2	14
0	190
9	0
0	174
0	119
1	18
0	26
0	133
0	65
0	27
0	180
0	50
1	96
0	96
0	96
0	0
0	0
0	0
0	0
0	0
0	0
0	0
0	0
0	0
0	0
0	0
0	0
0	0
0	5
0	5
0	5
0	2
0	5
0	5
0	5
0	2
0	2
0	3
0	0
0	0
0	47
0	50
0	37
11	47
0	44
0	6
0	6
11	539
3	539
0	488
0	161
2	39
0	42
2	43
0	50
0	50
0	213
1	215
0	95
0	13
0	12
3	12
0	24
1	15
0	19
0	17
0	15
0	14
0	16
0	14
0	13
0	15
0	10
0	12
1	13
0	9
1	13
0	218
1	0
0	0
0	0
0	0
5	2258
2	2258
20	921
3	364
0	563
0	477
0	567
0	337
2	408
0	300
0	295
0	398
0	332
0	316
0	283
0	98
0	123
0	172
0	52
8	97
608	0
0	682
0	375
1	676
0	655
0	22
5	21
0	30
1	1
0	517
0	1
2	295
0	27
0	14
1	35
2	13
2	391
0	385
0	231
7	318
76	764
2	585
4	578
4	201
9	295
39	0
0	598
0	472
0	837
0	760
0	796
0	774
0	825
2	827
0	41
0	577
4	786
0	754
0	728
0	764
0	748
0	755
0	692
0	732
0	703
0	757
0	709
0	732
0	723
0	742
0	742
0	776
4	748
0	699
0	751
0	760
0	731
0	646
0	621
1	606
0	684
0	33
0	665
0	693
0	618
0	732
0	717
2	698
0	754
0	594
0	62
0	737
0	755
0	757
0	38
0	102
0	95
0	54
0	18
0	131
0	159
15	761
0	2095
2	2064
0	1316
1	1999
1	788
0	366
3	387
0	46
0	108
2	102
0	7
1	96
0	0
0	0
0	0
0	0
0	0
0	0
0	0
0	0
0	0
0	0
0	0
3	3
0	3
0	2
0	7
1	14
0	4
0	4
112	158
0	157
0	154
0	154
0	153
0	0
12	2205
2	1819
0	882
0	774
0	1597
0	1771
0	1749
3	509
0	510
0	582
27	262
0	167
0	89
3	71
0	46
0	8
1	43
0	4
50	365
1	326
1	345
1	264
1	292
2	9
1	104
0	50
0	0
212	4433
22	3556
6	775
2	571
3	117
1	176
0	225
0	213
0	8
5	6
0	220
0	2
0	13
0	12
0	5
0	4
0	5
0	0
0	4133
0	348
0	1282
0	85
0	146
13	612
40	672
0	619
0	609
0	650
0	610
0	613
0	609
0	620
7	341
0	93
2	673
0	741
0	483
0	230
0	190
1	45
3	52
0	1524
0	1409
75	1493
0	293
1	1408
12	2000
0	292
16	992
0	1338
3	1401
13	169
29	225
1	288
0	357
5	143
232	1083
0	1083
13	25
4	55
0	405
0	359
0	357
0	278
1	278
1	247
0	226
12	135
4	76
0	53
1	85
0	32
10	53
0	35
8	45
0	1111
0	973
0	1366
0	854
1	944
3	546
0	1247
0	1012
0	1220
0	845
0	1213
0	1214
0	1214
1	1213
0	839
0	1354
0	1272
0	867
0	726
0	570
0	204
23	111
0	473
4	474
1	467
0	472
0	152
0	259
0	349
0	98
397	556
0	503
0	337
0	146
0	252
0	269
6	43
0	38
37	155
0	184
0	194
0	214
0	181
0	52
0	106
2	23
284	911
45	598
1	83
0	171
1	87
0	114
0	73
0	1
7	14
0	2
0	0
0	14
0	0
0	0
0	3
0	0
0	2
0	2
0	1
1	1
1	105
301	193
0	133
0	162
2	122
48	118
1	60
0	32
0	156
0	8
0	105
0	31
0	50
0	114
0	81
8	132
0	62
2	38
1	43
0	51
0	90
0	25
0	67
1	48
0	3
341	0
2	896
0	897
0	725
0	313
14	639
97	1048
29	1042
5	276
0	202
0	205
0	515
17	604
0	324
0	124
3	190
0	303
4	106
5	96
0	29
7	155
20	62
3	419
11	702
2	702
2	420
5	223
7	146
15	5693
0	5217
0	5273
5	4170
0	2578
38	959
6	1965
0	1644
0	1008
6	1274
0	203
1	46
0	69
0	29
0	209
5	43
0	180
0	63
0	62
0	13
0	59
1	19
1	9
0	681
431	1398
0	339
5	562
3	940
13	135
14	445
0	83
0	84
0	84
4	34
0	16
1	1
0	0
0	0
0	0
0	0
0	0
1140	477
0	357
0	394
0	538
28	785
0	779
0	788
19	787
3	796
1	803
0	1478
0	1661
0	71
3	33
0	247
4	130
1	27
1	131
0	24
182	357
0	231
59	346
0	43
0	18
1	34
9	31
1	22
0	416
0	76
0	189
2	114
4	155
0	187
1	413
0	181
14	292
8	33
0	1
0	1
0	1
0	1
0	1
0	0
2	1
3	0
2	204
1	180
0	188
0	191
30	182
0	187
6	204
0	52
1	155
2	67
0	40
0	39
0	19
0	16
0	9
0	12
0	8
1	8
1	4
97	0
553	622
1	132
1	50
0	114
1	112
9	148
1	203
0	81
0	212
0	188
0	10
0	15
4	43
0	22
5	212
0	47
0	6
0	9
0	14
0	15
0	20
0	31
1	74
0	97
0	12
0	35
1	27
0	22
0	259
0	403
0	420
0	416
0	416
0	401
0	381
0	330
0	340
0	302
0	129
0	47
0	81
6	148
28	120
0	45
0	122
0	48
0	41
0	41
0	40
0	1222
0	3870
0	1306
0	3637
0	624
0	3596
0	3586
0	507
0	1176
0	3711
0	3638
0	1493
1	3677
0	3595
0	3726
0	1498
0	3701
4	2590
0	3572
1	3682
0	3325
0	3719
1	1347
0	3663
4	1260
11	496
0	3664
0	626
0	3524
0	618
13	2516
0	895
0	3461
0	3424
0	3233
0	3540
0	403
0	2414
0	3405
0	3447
2	2969
0	549
0	632
0	2956
0	3137
0	190
0	1949
2	439
0	3056
4	1267
0	312
0	143
0	136
0	310
1	2219
0	1322
0	2064
1	1901
0	1898
0	1844
0	1534
1	1419
0	1326
0	1359
0	340
5	1076
2	238
0	65
6	328
0	252
1	271
0	655
0	656
1	54
0	560
0	358
0	379
0	396
0	314
0	335
0	506
19	289
1	10
0	109
5	46
6	58
49	1197
0	92
6	1056
19	1056
12	66
494	174
22	210
2	76
2	44
0	71
0	75
0	70
0	64
619	320
0	309
4	282
4	152
0	218
0	218
0	192
0	162
0	212
0	212
0	212
0	209
0	203
0	210
0	203
0	176
1	161
0	208
3	139
0	153
4	207
0	213
0	170
0	188
0	192
0	182
0	208
0	207
0	211
0	208
0	197
0	186
0	174
0	199
0	156
0	212
0	148
0	209
0	211
0	205
0	169
0	199
0	209
0	195
0	207
0	212
0	211
0	207
0	213
0	148
0	195
0	169
0	180
0	147
0	100
0	150
0	96
0	42
0	21
0	73
0	49
0	59
0	8
0	21
0	16
0	16
2	8
0	13
0	11
0	15
1	15
0	1
0	1
12	162
167	613
0	146
1	612
1	37
0	0
0	0
0	1
0	1
0	1
0	0
0	0
0	0
0	0
0	0
0	0
0	0
0	0
0	1
0	0
0	0
0	0
0	0
0	0
0	1
0	0
0	0
0	0
0	0
26	5188
4	4936
4	1889
93	2510
2	297
0	96
0	315
21	277
1	118
1	295
0	101
5	279
1	97
532	974
4	961
0	18
0	52
0	70
1	6
1	353
1	32
0	215
0	193
4	157
1	27
0	46
13	113
0	37
1201	1176
0	1119
0	208
0	239
0	300
0	87
0	279
0	211
0	260
1	204
0	273
7	144
0	144
1	10
1	20
123	92
2	45
0	67
1	7
1	6
0	9
1	8
0	31
0	5
0	1112
0	1010
0	1072
0	992
0	1000
0	1093
0	968
0	910
0	1057
0	1060
0	1094
0	830
0	993
0	1068
0	985
1	1005
0	1029
0	1025
0	993
0	91
1	825
214	2
2	0
26	17909
25	21647
3	10004
9	7554
74	6030
4	10443
232	6183
13	8712
67	7160
15	0
3	3734
596	0
2	64
0	444
0	416
0	408
0	453
630	234
0	76
6	71
0	84
0	1888
0	2018
0	276
0	268
0	2075
0	385
3	1020
7	1054
4	1012
2	370
8	14
3	397
5	226
34	561
5	674
3	537
0	360
2	93
26	39
0	121
0	570
3	31
0	580
0	6
0	23
3633	1
0	147
0	138
0	29
0	28
0	27
0	41
0	33
1	18
0	18
0	11
0	10
0	8
0	5
0	1
0	198
0	197
0	191
0	2
0	5
0	4
0	3
14	4282
0	4277
666	3849
0	618
20	313
1	831
11	1028
8	387
337	478
11	482
2	147
0	67
1	195
8	21
0	1298
0	1290
0	1197
0	420
0	90
3	108
0	219
0	113
0	133
0	42
0	117
0	90
5	32
0	200
35	39
0	202
9	179
0	117
8	142
3	107
0	1061
0	1052
1	635
0	820
0	72
0	513
0	540
3	380
0	95
0	120
0	59
0	47
0	34
0	33
0	78
0	76
0	71
0	83
0	44
1	80
0	80
0	81
0	79
0	82
0	81
0	70
0	8
0	8
1	26
1	11
1	6
0	0
0	2
0	19
0	27
0	27
0	0
0	12
0	1
0	0
5	30
20	30
0	35
0	7
0	7
0	7
0	4
0	4
0	0
0	0
0	0
0	0
0	0
0	0
0	0
0	0
1	350
0	451
11	251
2	443
6	276
0	144
0	123
6	914
0	984
0	375
0	96
5	41
0	0
0	64
0	164
0	86
0	86
27	88
0	52
0	51
0	88
0	51
2	341
0	726
0	709
0	29
1	83
1	70
0	42
0	98
1	74
11	2
0	78
18	31
0	91
2	17
22	195
1	175
0	11
3	4
0	28
3	132
0	107
10	30
5	35
0	132
0	105
0	1276
0	810
0	820
0	596
0	596
0	1286
0	599
0	1242
0	1243
0	817
0	1259
0	1120
0	1216
0	1245
0	1297
1	589
0	1279
0	1248
0	1171
0	1123
0	1244
0	1263
0	908
0	161
0	705
0	1241
0	916
0	1275
0	503
0	548
0	1261
1	499
0	840
0	821
0	1247
0	1244
0	537
0	1282
2	1247
0	1174
0	1234
0	1169
0	1265
0	1141
0	540
0	542
0	620
0	605
0	837
0	1248
0	1277
0	1309
0	617
0	619
0	120
0	461
0	1230
0	1108
0	1280
0	464
0	1124
0	1237
0	1262
0	1284
0	417
0	1238
0	1216
0	1185
8	818
0	13
0	14
0	331
0	331
0	321
0	298
3	168
0	320
0	296
0	50
3	10
4	3
0	10
0	52
0	5
2	37
0	5
0	6
0	8
0	5
0	2
0	62
0	41
0	2
1	26
0	3
0	1
0	3
0	1
0	1
126	34
0	34
0	29
0	24
0	271
0	271
0	271
0	264
0	267
0	266
0	271
2	142
1	155
1	155
0	212
0	263
0	263
9	271
0	266
1	265
0	269
0	269
0	269
0	248
0	177
0	31
0	16
0	16
0	4
0	93
1	121
0	5
0	115
1	8
63	246
1	14
0	851
0	2039
82	1197
23	599
112	8
0	690
0	690
0	2167
0	1407
562	82
6	201
0	0
8	80
3	165
1	154
1	93
419	503
17	503
7	0
654	0
591	689
1	626
3	6
0	6
27	285
66	285
3	294
10	260
323	105
0	0
0	0
0	0
0	0
78	0
1	187
13	230
0	164
3	170
0	0
0	3
0	7
3	105
1	105
1	0
0	11
0	32
83	0
63	0
0	229
0	229
0	125
0	113
1	9
13	0
0	13
5	92
0	88
0	92
0	4503
210	4503
0	444
16	375
56	692
0	537
0	536
0	529
0	345
0	140
0	241
0	109
0	25
0	67
0	9
3	50
0	37
0	29
0	25
0	20
0	22
0	18
0	14
0	14
0	13
0	5
0	2
0	2
0	2
0	0
0	0
0	0
0	0
0	1034
0	1007
0	1006
12	770
1	930
1	508
3	500
1	408
0	211
0	303
0	228
1506	305
0	305
215	212
0	188
0	48
1	62
0	58
0	31
0	26
0	18
0	5
0	22
1	3
0	3
12	8
0	3
0	6
0	2
0	6
0	48
0	48
0	22
0	16
0	21
0	18
0	18
1	15
2	11
0	13
0	2
0	2
0	2
0	2
0	2
0	2
0	2
0	2
0	143
0	402
0	412
0	66
0	471
6	71
7	406
3	9
0	133
0	57
0	71
0	23
1	12
1	153
0	35
0	34
0	131
0	296
0	76
0	44
0	316
0	186
16	1242
0	1128
0	198
0	283
0	226
0	214
0	43
0	17
6	7
0	45
0	13
0	5
0	43
0	12
0	0
0	271
4	265
37	242
0	179
0	196
0	127
1	97
5	95
3	87
0	814
0	794
0	846
1	372
23	142
13	188
0	168
37	0
0	2106
0	2693
0	2643
0	129
2	2089
2	1457
0	447
0	1089
1	1108
0	952
1	976
0	887
7	1829
0	1648
63	1105
1	337
5	187
4	60
2	24
0	67
0	68
0	67
0	67
3	25
0	7
1	5
0	2
9	61
0	159
39	2176
55	218
3	0
0	121
4	2026
0	153
0	599
0	534
0	7786
100	535
53	7520
4	2833
9	7276
22	586
3	1962
1	1
0	1
244	243
1	61
0	5
6	42
98	96
1	106
16	43
0	46
0	25
0	12
7	99
0	1214
0	1227
0	1227
0	34
0	91
0	1145
0	1205
0	79
0	891
4	179
1	27
1	153
1	98
2	85
0	901
0	88
0	50
0	161
4	25
5	3
0	0
0	347
0	1219
0	1139
0	1353
52	1482
11	78
0	505
0	298
4	164
0	114
0	7
0	7
0	0
1	332
0	87
0	334
0	333
0	46
0	0
265	3
0	3
0	62
0	551
0	35
0	14
0	60
0	561
0	58
1	20
7	19
2	49
0	38
0	67
1	22
0	87
0	24
0	1150
0	4711
0	1749
0	1695
1	2524
0	583
4	1243
3	1345
0	6589
0	1992
1	1270
0	3604
0	2236
0	1391
0	1638
0	1888
0	1227
0	1904
6	364
0	1095
0	1043
0	1026
0	583
1	399
0	448
0	316
0	105
0	833
0	1630
0	1098
0	518
8	242
1	171
0	580
0	362
0	206
26	88
0	86
11	25
1	1
1	1
0	0
0	23
0	2
0	22
0	2
0	21
0	20
0	21
0	20
0	110
0	438
0	225
3	906
0	689
0	226
0	949
0	275
0	748
0	372
0	651
23	820
0	820
0	121
7	214
0	226
0	386
0	845
0	59
1	59
0	102
0	693
0	377
0	300
19	436
26	371
4	176
1	3
0	0
6	4
0	4
24	518
492	1235
3	290
1	334
1	675
16	277
2	2186
2	2354
58	915
0	80
51	226
0	329
0	131
0	68
28	16
4	187
0	195
0	0
0	0
0	0
1	513
679	917
0	843
0	486
0	536
1	222
0	131
1	267
175	667
3	596
1	79
13	22
0	406
0	646
0	1293
0	432
0	300
2	939
33	921
1	809
1	137
0	184
1	152
0	676
0	171
0	83
0	74
0	72
16	0
0	8
0	19
0	18
20	14
21	7
0	177
0	176
0	177
0	176
0	93
0	120
0	122
0	38
0	113
0	115
0	8
1	0
0	34
1	14
0	5
0	22
0	19
0	8
0	2
0	5
0	1
0	2
0	0
0	0
0	0
0	0
0	3
0	3
0	1
0	3
0	0
0	1
0	1
0	1
0	1
0	1
100	942
0	942
0	329
0	190
0	20
0	37
0	16
0	382
0	371
0	371
3	228
1	8
0	34
0	54
1122	730
0	573
0	271
0	351
44	249
3	242
0	7
0	187
1	181
0	103
0	176
0	163
0	178
34	214
3	153
0	168
1	162
0	164
0	62
2	171
0	89
0	178
0	180
0	186
0	171
0	175
0	187
0	173
0	106
0	139
0	183
2	93
1	188
0	182
0	182
0	139
0	172
5	171
0	179
0	189
0	156
0	133
0	142
0	23
0	32
0	74
0	38
1	66
0	13
3	32
0	33
0	6
7	855
3	883
3	1131
680	1352
5	471
0	67
1	16
0	11
0	16
0	3
0	11
1	12
0	12
0	12
0	5
0	5
0	10
1	9
0	10
0	6
0	5
0	504
0	504
1	289
4	337
0	266
0	289
0	153
1	39
0	19
0	16
0	18
0	17
0	51
1	8
0	28
0	6
3	30
126	20
0	3
0	17
0	9
0	15
0	11
0	3
1	1
0	1
0	0
0	0
0	0
0	0
0	598
24	795
0	723
1	118
0	0
0	6
0	1
0	2
0	3
0	2
0	6
0	6
0	0
0	1
0	0
0	0
0	0
0	0
0	0
0	0
0	0
0	0
0	0
0	0
6	414
1	441
0	102
20	43
0	426
0	430
0	39
1	41
0	14
0	403
0	472
0	241
0	42
0	362
0	379
1	40
0	269
5	21
2	17
4	4
0	4
1	4
1	1
0	0
0	0
0	6
0	6
0	6
0	4
0	5
0	5
0	3
0	0
0	0
0	3
0	1
0	21
1	21
0	12
0	21
0	4
0	22
132	138
0	108
0	117
0	99
0	92
0	110
7	14
0	22
0	10
0	99
0	95
0	92
0	31
0	70
0	65
0	2
0	32
0	0
0	30
0	12
0	30
0	31
0	31
1	16
0	16
0	28
0	27
0	14
0	30
0	30
1	30
0	30
0	30
0	1
0	3
0	1
0	1
41	0
34	2110
0	4143
29	1681
9	3903
1	3594
2	3396
1	3635
45	1852
0	1467
25	1113
1	1328
0	201
13	399
3	98
0	4356
1	1870
0	118
0	606
0	1033
0	1019
0	998
2	994
0	534
0	67
1	119
1	58
1	12
0	82
0	22
0	14
0	23
1	0
0	22
0	20
0	23
0	9
0	3412
127	3704
2	2373
21	1316
8	510
13	823
0	705
0	1054
0	1036
1	406
0	1154
0	957
0	713
0	668
0	569
1	554
1	554
0	583
0	275
0	0
1	0
0	0
0	122
1	8
1	1283
2	1304
0	556
0	1298
87	1305
3	1213
2	1286
0	494
0	1276
0	1257
11	147
0	652
11	90
0	628
0	79
0	74
0	0
0	2044
0	2044
0	2051
1	169
0	1975
0	1298
14	53
4	22
2	1568
7	1551
0	1567
1	832
0	445
2	144
1	197
2	71
3	157
2	35
2	130
0	0
0	0
0	0
0	0
0	0
0	0
0	0
0	31
0	31
1	14
0	11
1	4
0	0
0	0
0	0
0	0
0	0
108	747
0	739
0	750
0	261
3	66
10	909
30	907
0	458
1	839
0	53
0	189
0	582
0	601
3	401
21	178
0	508
7	168
0	213
0	253
1	524
0	538
0	550
1	143
0	562
0	586
0	411
6	210
0	73
3	80
0	13
30	42
0	12
0	37
27	26
0	748
0	755
0	746
0	52
4	220
0	140
0	421
0	366
0	139
0	273
1	209
1	114
2	82
0	67
0	4
0	38
0	24
0	6
1	12
0	181
2	65
4	165
0	166
0	104
0	112
0	181
0	189
120	190
0	138
5	35
0	56
1	13
0	14
0	8
0	4
0	6
0	6
0	4
0	6
0	6
1	5
0	7
0	1
0	1
0	1
0	0
0	324
0	322
0	331
0	338
12	146
0	342
0	128
0	322
0	303
0	15
0	158
1	59
0	65
0	0
0	2
0	0
0	0
0	1
0	1
0	1
1	108
0	396
0	356
0	349
0	342
0	369
0	365
0	405
0	357
0	405
0	323
0	367
0	328
0	24
0	25
0	239
0	370
0	363
0	375
0	371
0	389
0	429
0	392
1	384
0	218
0	403
0	377
0	29
0	389
0	366
0	427
0	182
0	382
0	401
0	420
0	228
0	358
0	413
0	372
33	399
0	368
0	390
0	391
3	325
0	26
0	354
0	303
0	56
0	1
0	1
0	1
1	1
0	1
0	0
0	0
0	1
0	1
0	1
0	1034
9	128
0	741
1	957
0	985
0	831
1	742
0	738
12	703
0	985
0	982
0	741
1	1910
37	1406
0	1776
0	1829
0	1707
5	1849
0	1847
0	1889
4	1827
0	1808
5	1839
0	1765
1	1792
1	1807
0	1852
7	895
0	581
4	522
0	408
12	427
0	413
0	288
0	406
2	345
0	166
0	148
0	748
0	3
231	1404
2	1406
0	1386
30	728
0	1383
0	109
2	3
0	22
0	8128
7	7992
32	8159
29	4778
0	5716
1	718
0	731
0	387
3	396
1	823
3	259
0	790
26	945
0	1206
2	628
0	357
0	1383
2	417
0	315
0	346
2	329
0	327
0	1490
1	534
0	803
3	1203
0	1175
1	585
0	882
1	811
0	801
0	724
0	449
0	339
0	439
0	414
0	225
0	294
0	320
0	265
0	134
0	126
0	113
5	8
4	9
1	2
0	7457
0	66
0	197
3	32
0	28
0	25
0	33
0	30
0	20
0	33
0	10
0	7
0	4
0	187
0	188
0	7
0	7
0	6
0	0
0	0
0	825
0	61
0	56
0	852
0	170
0	825
0	546
1	587
0	847
0	819
0	579
0	831
20	541
0	513
0	561
0	777
0	820
0	324
0	532
0	576
0	558
0	822
0	819
0	575
2	144
0	576
0	291
0	295
0	596
0	291
0	32
12	827
0	861
102	363
0	821
1	745
43	842
1	842
0	3
0	24
0	3
1	24
0	6
5	1
0	1
0	1
0	1
1	1
0	1
0	0
0	0
0	0
0	1
0	1
0	0
0	0
0	0
0	0
0	0
0	0
0	1
0	0
0	1
0	0
0	0
0	0
0	0
0	0
0	0
0	1
0	0
0	0
0	0
1	0
0	2
0	2
0	11
0	11
0	0
0	0
0	0
0	0
0	0
0	397
0	403
0	397
0	34
0	161
0	120
0	188
0	140
22	361
24	340
0	397
0	1
0	1
0	0
0	0
0	7
0	7
0	7
0	0
0	4
0	0
1	1
0	0
0	0
99	845
2	25
0	743
1	134
0	0
1	737
14	647
0	281
0	354
1	583
0	0
0	0
0	0
0	0
0	0
0	0
0	0
0	0
0	1
0	1
0	0
54	335
0	863
0	869
0	782
0	61
0	52
11	22
0	840
0	843
0	804
0	850
1	359
0	689
1	687
13	218
0	399
0	490
12	453
2	300
0	264
0	207
0	127
0	40
2	7
37	12
0	1
0	1
0	1
0	853
0	476
0	319
0	57
0	853
0	407
15	1828
0	1828
0	0
0	0
30	2986
79	2986
1	608
1	921
0	934
0	885
0	921
0	934
0	873
0	885
0	921
0	933
0	52
0	13
0	67
0	67
0	47
0	15
1	2
0	3
0	3
0	4
0	2
1	3
0	2
0	0
0	0
0	0
35	534
2	501
0	244
3	145
3	160
9	397
0	600
4	559
0	255
0	46
5	1
0	641
22	518
1	404
0	638
79	596
0	412
5	233
1	268
26	1565
0	1562
32	1568
22	665
136	145
0	1564
0	1223
28	402
1	376
0	54
8	24
0	0
0	1
0	0
0	1
0	0
0	1
0	0
0	210
0	1294
0	1196
0	358
0	206
0	351
4	356
2	116
0	54
1	308
0	247
0	180
0	325
0	30
1	57
0	84
0	278
0	76
12	10
0	10
0	9
0	9
0	2
0	2
0	3
0	0
0	0
0	0
0	0
0	0
0	0
1	53
0	53
0	53
0	52
0	52
0	53
0	51
0	51
0	51
0	52
0	52
0	2
0	2
0	24
0	2
0	3
0	2
0	7
0	6
0	956
0	882
2	395
11	514
0	244
0	212
0	159
0	172
0	233
1	161
13	78
0	6
0	11
0	10
24	5
0	10
0	2
0	3
0	6
0	3
29	376
4	418
0	411
1	489
2	505
0	530
1	502
1	528
0	380
0	154
3	75
1	67
2	67
0	26
0	11
0	0
0	0
0	0
0	0
0	0
0	0
0	0
0	0
0	0
0	0
0	0
0	0
132	418
4	460
100	337
36	79
27	37
2	1565
0	1422
0	224
2	229
0	1215
0	1206
0	772
1	1175
2	965
0	1082
0	1102
0	834
1	936
13	508
0	454
4	196
3	54
3	26
0	0
1	0
0	0
0	0
0	0
0	0
0	0
2	890
4	900
25	898
14	178
5	204
2	163
2	6
0	5
0	6
0	6
0	5
0	52
0	17
0	20
0	4
0	52
0	52
0	28
0	52
0	0
0	0
15	120
9	113
0	107
2	15
0	88
3	14
0	34
0	35
5	1940
0	1958
1	515
0	705
1	55
0	55
0	55
0	2
0	29
0	49
0	28
0	29
0	30
0	36
0	1
0	37
0	19
0	45
0	49
0	3
0	29
0	37
0	1
0	24
0	0
0	10
0	2
0	19
0	2
0	1
0	7
0	11
0	1
0	1
0	1
0	1
0	0
0	0
0	0
0	1
0	1
0	1
0	1
0	1
0	1
0	0
0	1
0	1
0	1
0	1
0	0
0	0
0	0
0	1
0	1
0	1
0	0
0	0
0	1
0	0
0	1
0	1
0	0
0	0
0	1
0	1
0	1
0	1
0	1
0	1
0	0
0	0
0	0
0	0
0	0
0	0
0	0
0	0
0	17
0	24
4	588
1	14
1	61
2	59
0	14
0	61
0	379
4	31
0	9
2	9
0	275
0	274
0	272
0	358
0	21
0	2
1	26
0	87
2	5428
0	334
0	339
0	27
0	520
0	516
1	201
5	98
0	70
1	90
0	154
0	47
0	60
1	36
0	29
0	64
0	43
0	67
0	42
1	19
0	9
0	39
0	36
0	28
2	8
0	36
0	28
5	31
0	29
0	39
3	33
0	0
1	24
0	38
331	3
3	3
0	1149
0	1149
1	1018
3	563
15	0
0	0
0	0
0	24
0	25
0	21
0	0
0	0
0	0
0	0
0	0
34	152
0	152
2	3
0	134
4	137
0	36
0	35
3	35
0	85
1	11
0	1659
0	400
34	1659
0	288
18	295
4	261
0	274
0	288
0	288
1	288
2	261
1	274
0	261
0	10
13	265
10	105
0	7
0	252
0	254
2	46
0	35
0	101
0	103
5	195
0	329
0	317
0	56
0	144
0	313
9	48
0	289
11	53
0	136
0	327
10	331
26	38
18	24
0	33
0	279
18	312
0	317
0	86
0	336
0	0
0	1
0	1
0	1
0	1
0	1
0	1
0	0
0	1
0	1
9	62
6	276
0	276
6	272
0	0
0	0
0	1
0	1
0	0
0	0
0	0
0	412
16	196
2	42
4	39
10	115
0	130
0	128
3	3
0	17
0	11
0	0
0	0
0	0
0	0
0	11
0	33
0	64
0	12
0	66
0	137
0	136
0	246
0	7
0	250
0	30
0	48
0	21
0	4
0	53
0	1
0	248
1	39
0	60
7	179
1	5
0	12
0	3
0	9
0	73
1	14
0	26
1	1
0	901
0	6
0	907
2	643
1	22
0	885
0	35
1	13
0	897
1	901
0	100
0	91
0	81
0	68
0	82
0	86
0	56
0	0
10	44
0	20
0	9
1	21
0	14
4	11
0	11
3	0
0	82
0	88
0	76
0	90
0	100
0	0
0	0
0	0
0	0
9	71
0	69
0	71
0	12
0	2
0	3
2184	1
0	332
0	328
2	339
0	192
2	3
0	2
0	18
0	64
0	2
1	14
1	16
0	6
0	60
0	16
0	8
0	60
0	49
0	22
0	1
0	3
0	1
0	1
0	0
0	4
0	2
1	3
0	2
0	60
0	1461
0	1665
0	1595
0	1519
0	1608
0	1543
6	48
0	933
0	969
0	1645
0	158
0	79
0	38
0	60
0	115
5	49
0	72
1	0
0	0
0	26
0	26
0	34
0	8
0	14
1	1
0	27
6	839
0	403
0	15
0	74
0	62
1	27
2	24
4	0
0	23
0	14
0	6
0	844
0	0
0	0
0	0
0	0
0	0
0	0
0	0
0	0
0	0
0	0
2	1388
0	1504
0	1581
0	1550
0	999
0	1558
0	639
3	275
0	331
0	64
0	93
0	29
0	62
9	17
2	0
1	353
426	890
4	130
0	286
0	331
2	209
0	156
0	138
0	166
0	163
0	108
0	12
0	11
0	9
0	16
0	16
0	16
0	17
1	18
0	14
0	18
0	17
0	18
0	17
0	15
1	14
0	6
0	8
0	3
1	799
0	236
0	835
4	45
0	835
3	555
1	76
0	814
0	836
0	43
1	86
0	0
0	0
0	0
0	0
0	0
0	0
13	75
822	967
0	752
0	2946
0	295
0	915
0	247
197	195
6	128
5055	2698
0	0
0	0
2	441
1	400
15	97
1	215
2	116
0	0
339	346
0	227
1	119
53	253
2	253
0	253
10	15
7	705
0	678
0	691
0	90
0	49
0	55
0	19
1	19
4	11
0	0
0	0
0	0
1	0
0	0
0	0
0	0
0	0
0	0
0	0
0	0
112	0
8	0
0	0
0	0
0	76
0	26
0	162
0	158
0	159
0	155
0	153
0	158
0	159
0	157
0	161
0	162
0	163
0	71
0	22
1	139
0	106
0	99
0	66
0	111
0	140
0	96
3	123
10	91
0	54
0	40
0	52
0	14
0	36
0	46
0	58
0	43
0	55
0	54
0	36
0	23
0	44
0	34
0	21
0	36
0	33
0	24
0	37
0	19
0	18
10	10
5	0
0	0
0	0
0	185
215	185
13	50
0	23
0	0
0	0
0	0
0	0
4	5947
0	805
0	849
0	5940
0	5904
0	234
1	132
0	5840
0	84
0	13
1	3434
66	2537
10	509
8	108
0	4
0	0
0	0
0	0
0	0
0	0
0	18
0	32
0	16
0	26
0	31
2	24
0	10
0	29
2	27
0	18
0	0
0	28
0	10
0	3
0	22
0	12
0	14
0	5
1	19
0	3
0	4
0	0
0	4
0	0
0	3
6	2
0	2
0	1
0	1
0	0
3	60
0	69
0	346
0	296
0	332
0	71
2	6
0	25
0	29
14	20
0	19
1	96
0	65
1	34
0	100
0	76
1	0
0	8
0	8
0	8
0	8
0	1
0	1
0	0
0	12
0	0
0	12
0	0
0	4
0	12
0	3
51	46
0	46
0	25
0	25
0	26
0	25
0	25
0	24
0	25
0	6
0	25
0	25
0	23
1	28
0	27
0	25
0	2
0	8
2	3
0	4
0	4
0	2
4	6
0	4
0	5
0	5
0	0
0	0
0	0
0	2
0	2
0	2
0	2
0	0
4	1
577	159
0	159
0	0
0	0
0	0
0	0
1	87
0	82
0	4
0	80
0	3
0	32
0	31
0	10
0	18
2	1
17	25
0	20
0	38
2	20
0	20
0	19
0	5
1	3
0	14
0	8
0	7
0	3
1	3
0	0
0	0
0	0
0	0
0	0
0	0
0	0
0	0
0	0
0	0
0	0
0	0
0	0
0	0
0	0
0	1
0	1
335	258
2	242
0	5
48	224
9	92
2	140
0	55
1	95
4	129
11	114
19	135
2	143
2	129
1	109
31	78
6	73
4	11
0	0
0	0
0	0
2613	0
0	16512
0	15616
0	15495
0	16111
0	14300
4	14448
0	15170
15	2038
0	11100
33	2505
4	962
1	1960
1	1339
2	684
0	1488
0	981
0	981
3	925
0	2037
0	2007
1	168
0	119
3	64
0	123
0	169
0	73
0	65
2	74
0	0
0	0
0	0
0	0
0	0
0	0
0	21
0	237
0	294
0	259
0	330
0	304
0	287
0	364
0	219
0	294
50	366
0	303
0	247
0	211
5	30
2	297
0	57
15	247
0	151
1	3
0	184
0	170
4	154
10	104
0	57
0	0
0	0
0	0
0	0
0	0
0	0
0	0
0	0
0	0
0	0
0	0
0	0
0	0
0	0
0	0
0	0
0	0
0	0
0	0
0	0
0	0
0	0
0	0
0	0
0	1
0	1
0	1
0	1
0	1
0	1
0	1
0	1
1	1
0	1
0	1
17	1
0	3405
576	2502
0	3463
23	302
0	267
0	219
4	1116
0	151
0	134
3	73
0	1145
1	144
10	345
20	478
2	1109
0	271
0	212
0	971
0	105
0	132
15	73
60	314
10	39
0	94
26	607
0	953
0	1967
0	2280
1	2441
65	2432
0	709
0	997
0	720
0	114
3	576
1	266
1	476
0	247
0	1
11	1
0	142
0	598
0	46
0	562
0	98
0	113
0	351
0	110
1	558
0	435
0	484
9	20
0	17
0	19
0	10
2	3
0	7
0	2
42	12
0	9
2	4
0	1524
0	1498
0	1523
92	912
0	473
0	240
0	130
961	0
5	211
3	198
6	229
0	235
2	158
0	134
8	11
1	52
1442	0
0	141
0	141
0	7
0	32
0	9
0	44
0	41
0	39
0	68
0	22
1	16
0	20
0	660
0	208
0	684
75	669
3	49
0	46
1	604
15	418
0	575
0	605
0	626
18	532
3	534
1	76
0	0
0	0
0	0
0	0
0	0
0	0
0	0
0	0
0	0
0	0
0	5
11	72
0	72
2	71
0	14
0	33
1	5
2391	206
5	98
0	187
0	52
242	1172
0	2140
0	1418
0	2114
0	1146
0	1826
1	1816
0	1814
3	0
0	48
0	110
0	110
0	320
1	21
0	1430
22	1196
0	1364
0	1262
1	1314
1	59
0	291
1	379
1	0
0	0
3	0
84	1208
1	891
0	353
489	132
11	201
0	198
0	199
0	206
0	178
0	202
0	206
6	39
1	20
0	207
0	20
0	168
0	42
3	14
0	23
0	203
0	146
0	13
0	183
0	171
2	6
3	8
0	165
1	26
1	8
0	15
2	41
0	64
0	53
1	40
0	29
0	22
0	985
0	1010
3	39
0	935
4	93
2	1672
0	354
0	204
0	1637
0	1539
0	177
16	190
14	130
1	293
0	290
1	35
1	0
10	0
0	0
0	0
0	0
0	0
0	0
0	0
0	0
0	0
0	0
0	0
0	0
0	0
0	0
0	0
3	65
0	50
0	33
0	57
0	17
0	5
0	1
4	14
1	30
0	11
3	5
1	0
0	2
0	2
0	1
0	1
0	2
0	2
0	2
0	2
0	1
0	1
0	2
0	2
0	2
0	1
0	2
0	2
0	1
0	2
0	2
0	2
0	1
0	1
0	2
0	2
0	2
0	2
0	2
0	2
0	2
0	2
0	2
0	2
0	2
0	0
0	2
0	1
0	1
0	3
0	1
0	2
0	1
0	0
0	1
0	0
0	1
0	0
0	1
0	0
0	1
0	0
0	1
0	1
0	3789
0	3763
39	1897
1	567
5	321
9	239
0	429
0	125
0	51
2	249
0	533
0	487
0	457
0	536
2	414
3	194
0	453
0	370
0	477
0	175
58	26
83	14
0	1
0	2
0	1
0	20
1	30
0	7
0	3
0	0
1	0
331	211
2	212
0	205
1	1
0	67
0	199
0	0
1145	1130
7	853
1	33
0	831
8	271
0	0
0	55
5	55
9	15
0	52
0	51
1	49
0	125
5	129
0	122
0	130
2	121
0	121
1	94
0	13
0	2
0	1
0	0
0	0
0	121
241	0
0	11
0	1
0	11
0	109
0	928
0	100
0	83
0	16
0	29
0	60
0	61
0	924
330	189
0	60
0	56
0	155
0	29
0	36
0	161
0	73
1	1234
0	0
0	0
0	349
0	102
2	32
0	75
0	315
29	259
5	58
0	90
0	93
4	6
2	1072
0	1379
0	61
48	1364
12	5907
0	3368
0	4933
0	5089
3	2773
3	0
0	609
11	569
0	128
2	91
0	6
4	284
11	291
1	245
0	50
0	0
0	0
0	0
0	0
13	7
0	4
5	3
0	22
11	20
1	5
0	0
0	1
1	1
0	0
0	0
1	1640
11	1134
0	1805
23	1741
0	1680
1	1258
12	1616
2	428
0	254
26	231
6	69
1	377
0	153
0	207
5	452
3	0
0	0
0	0
0	70
2	891
0	2
1	2
5	828
0	893
0	3
0	856
0	818
4	844
0	873
1	887
0	859
2	823
0	812
0	847
1	766
0	888
0	848
0	834
0	893
0	26
0	155
0	888
0	828
0	974
0	926
0	156
0	878
0	100
0	691
0	249
0	686
0	686
0	213
0	693
0	109
0	235
0	365
0	129
0	20
0	6
0	0
1	0
0	2170
0	2167
0	2140
0	216
0	12
1	250
0	2171
0	9
8	2
0	7
0	5
0	2169
1	201
0	316
0	15
1	13
1	18
0	132
0	290
4	1958
0	54
1	0
0	1989
0	138
211	129
0	1337
0	52
0	165
1	16
0	537
38	128
0	474
0	404
0	41
2	62
11	18
0	204
0	362
1	3260
0	1931
5	1850
23	37
0	270
115	192
283	83
0	0
0	0
0	0
0	0
181	165
3	79
0	6
0	21
0	27
0	5
0	9
0	4
0	3
0	5
0	2
0	1
0	9
0	14
0	8
0	0
0	0
0	0
0	0
0	0
0	0
0	0
1	5294
0	5233
8	5271
4	1174
1	1610
0	5315
0	949
0	476
59	1602
0	1256
13	2169
6	0
0	0
0	0
0	0
0	0
0	0
0	0
0	0
3	1
0	1
0	1677
0	1219
0	335
0	311
0	505
0	81
1	373
1	4
0	95
197	1620
16	170
0	95
0	806
3	1244
0	1425
0	209
1	115
0	247
0	932
0	433
0	74
0	138
0	103
17	104
1	17
18	41
0	37
1	35
1	9
0	7
0	266
0	114
0	272
0	264
13	268
1	8
0	24
0	266
0	252
0	16
1	684
16	893
227	224
0	136
0	180
4	129
0	279
0	41
25	170
2	69
0	45
136	304
0	196
0	129
0	56
0	11
104	68
0	48
1	36
5	33
3	26
2	80
3	53
0	54
0	231
1	4
0	198
4	26
0	57
0	3
0	234
0	0
0	17
0	0
2	18
0	346
0	150
0	191
29	211
1	159
0	383
0	21
1	10
4	43
0	9
0	10
1	8
0	2
0	4
0	2
0	2
1	10
9	227
0	217
0	200
0	231
0	241
7	230
1	234
38	232
0	131
6	317
0	285
0	284
0	194
1	90
1	103
0	89
0	32
55	22
20	339
41	235
0	300
1	252
0	40
2	32
0	300
0	0
0	0
0	186
0	270
77	85
0	189
0	21
1	20
4	71
0	32
1	28
0	24
0	93
3	92
0	106
0	101
7	410
0	14
0	28
0	14
0	69
0	26
0	29
0	397
0	653
0	2
0	2
0	2
0	1
0	1
1	1
0	0
0	0
0	0
0	0
0	0
0	0
0	0
0	1
0	0
1	204
4	53
8	128
0	177
0	108
2	1
0	358
0	402
8	356
5	404
2	399
0	2
0	0
0	1
0	0
0	0
1	0
0	0
0	2
0	2
0	2
0	23
0	2
0	0
1	23
1	23
0	415
0	439
5	128
0	38
0	184
0	180
1	13
1	5
0	8
0	12
0	183
0	184
0	0
0	0
3	75
1	209
0	4
0	1
0	1
0	0
0	8
0	0
0	8
0	8
0	0
0	1
0	69
0	7
19	42
0	63
0	17
1	6
0	103
0	11
0	39
0	101
1	96
0	95
0	2194
1	2165
0	577
1	582
9	2178
1	600
6	2102
0	1207
10	849
0	3
0	644
0	275
7	239
0	2228
0	0
0	0
3	557
1	8
9	552
0	41
3	563
0	34
1	159
2	307
0	81
2	94
0	4484
0	4680
3	4557
13	4729
1	2574
0	4730
0	0
0	0
0	0
0	0
0	0
0	0
0	0
0	0
0	0
0	0
0	0
0	0
0	1
0	1
0	1
0	1
0	1
0	1
0	1
0	1
0	0
0	0
0	0
0	0
0	0
0	0
0	0
0	0
0	0
0	0
0	0
0	0
0	5711
8	2685
3	228
0	165
0	118
7	75
0	5698
0	5693
0	885
3	809
30	660
11	319
0	195
0	140
0	170
0	93
7	944
0	120
1	105
3	108
0	61
13	9
62	0
0	0
2	0
0	0
0	0
0	0
0	0
0	0
1	20
1	20
2	3
542	0
0	5
0	5
0	3
0	800
5	926
0	976
0	1045
56	858
0	706
1	612
2	11
1	193
25	136
0	528
16	2101
0	2209
4	318
16	2152
3	2120
0	282
8	150
0	389
0	455
0	1257
6	209
11	297
7	394
11	32
0	2
0	388
2	37
1	0
1	954
2	841
0	942
0	935
0	946
0	956
1	393
0	107
0	129
0	112
0	5
0	9
0	0
0	0
0	0
0	4217
0	4921
0	5020
2	4826
6	4854
0	4905
0	4726
1	1238
0	4455
5	456
2	3
0	1213
0	1213
0	593
26	377
0	186
1	2
115	65
0	0
0	0
0	0
0	0
0	0
0	0
0	0
1	9
3	9
1	9
1	8
0	9
0	9
1	2
0	2
0	7
1	4
0	5
0	4
0	4
0	3
0	25
0	26
0	21
0	12
0	3
0	1
0	1
0	1
1	1
0	1
0	0
4	366
0	358
0	348
0	347
3	351
93	359
0	2
1	1
0	1
0	2
0	0
0	2137
0	1536
0	2112
629	1074
5	1757
0	1336
215	382
48	548
1	117
22	518
18	358
0	47
30	87
0	68
0	2
0	28
0	41
0	47
0	43
3	9
14	1070
1	1110
0	1090
0	1116
0	156
1	140
2	117
1	11
6	167
163	167
1	26
1	23
1	55
0	174
0	154
3	38
0	150
0	104
2	20
3	13
0	63
6	62
1	9
614	720
23	774
9	548
0	774
0	6
0	6
0	6
2	5
0	6
0	2
0	6
0	4
0	1
0	0
0	6
0	0
0	0
1	0
0	0
3	60
0	60
0	0
0	0
0	0
0	0
0	0
0	0
0	0
0	0
0	0
0	0
0	0
0	0
0	0
1	0
0	0
4	0
0	0
0	0
0	0
0	0
0	0
0	0
0	0
0	0
0	0
0	0
0	0
0	0
0	0
6	0
0	0
0	0
0	0
0	0
0	0
0	0
0	0
0	0
0	0
0	0
0	0
0	0
0	1
0	1
0	0
0	0
0	0
0	0
0	0
0	0
0	1
0	0
0	0
0	0
0	0
0	0
0	0
0	0
0	0
0	0
0	0
0	0
0	0
0	0
0	0
0	0
0	0
0	0
0	0
0	0
0	0
0	0
0	0
0	0
0	0
0	0
0	0
0	0
0	0
0	0
0	0
0	0
0	0
0	0
0	0
0	0
0	0
0	0
0	0
0	0
0	0
0	0
0	0
0	0
0	0
0	0
0	0
0	0
0	0
0	0
0	0
0	0
0	0
0	0
0	0
0	0
0	0
0	0
0	0
0	0
0	0
0	0
0	0
0	0
0	0
0	0
0	0
0	0
0	0
0	0
0	0
0	0
0	0
0	0
0	1
0	0
0	0
0	0
0	0
0	0
0	0
0	0
0	0
0	0
0	0
0	0
0	0
0	0
0	0
0	0
0	0
0	0
0	0
0	0
0	1
0	0
0	0
0	0
0	0
0	0
0	0
0	0
0	0
0	0
0	0
0	0
0	0
0	0
0	0
0	0
0	0
0	0
0	0
0	0
0	0
0	1
0	0
0	0
0	1
0	0
0	0
0	0
0	1
0	0
0	0
0	0
0	0
0	0
0	0
0	0
0	0
0	0
0	0
0	0
0	0
0	0
0	0
0	0
0	0
3	0
0	0
0	0
0	0
0	0
0	0
0	0
0	0
0	0
0	0
0	0
0	0
0	0
0	0
0	0
0	1
0	0
0	0
0	0
0	0
0	0
0	0
0	0
0	0
0	0
0	0
0	1
0	0
0	0
0	0
0	0
0	0
0	0
0	0
0	0
0	0
0	0
0	0
0	0
0	0
0	0
0	0
0	0
0	1
0	0
0	0
0	0
0	0
0	0
0	0
0	0
0	0
0	0
0	0
0	0
0	0
0	0
0	0
0	0
0	0
0	0
0	0
0	0
0	0
0	0
0	0
0	0
0	0
0	0
0	0
0	0
0	0
0	0
0	0
0	0
0	0
0	0
0	0
0	0
0	0
0	0
0	0
0	0
0	0
0	0
0	0
0	0
0	0
0	0
0	0
0	0
0	0
0	0
2	0
0	0
0	0
0	0
0	0
0	0
0	0
0	0
0	0
0	0
0	0
0	0
0	0
0	0
0	0
0	0
0	0
0	0
0	0
0	0
0	0
0	0
0	0
0	0
0	0
0	0
0	0
0	0
0	0
0	0
0	0
0	0
0	0
0	0
0	0
0	0
0	0
0	0
0	0
0	0
0	0
0	0
0	0
0	0
0	0
0	0
0	0
0	0
0	0
0	0
0	0
0	0
0	0
0	0
0	0
0	0
0	0
0	0
0	0
0	0
0	0
0	0
0	0
0	0
0	0
0	0
0	0
0	0
0	0
0	0
0	0
0	0
0	0
0	0
0	0
0	0
0	0
0	0
0	0
0	0
0	0
0	0
0	0
0	0
0	0
0	0
0	0
0	0
0	0
0	0
0	0
0	0
0	0
0	0
0	0
0	0
0	0
0	0
0	0
0	0
0	0
0	0
0	0
0	0
0	0
0	0
0	0
0	0
0	0
0	0
0	0
0	0
0	0
0	0
0	0
0	0
0	0
0	0
0	0
0	0
0	0
0	0
0	0
0	0
0	0
0	0
0	0
0	0
0	0
0	0
0	0
0	0
0	0
0	0
0	0
0	0
0	0
0	0
0	0
0	1
0	0
0	0
0	0
0	0
0	0
0	0
0	0
0	0
0	0
0	0
0	0
0	0
0	0
0	0
0	0
0	0
0	0
0	0
0	0
0	0
0	0
0	0
0	0
0	0
0	0
0	0
0	0
0	0
0	0
0	0
0	0
0	0
0	0
0	0
0	0
0	0
0	0
0	0
0	0
0	0
0	0
0	0
0	0
0	0
0	0
0	0
0	0
0	0
0	0
0	0
0	0
0	0
0	0
0	0
0	0
0	0
0	0
0	0
0	0
0	0
0	0
0	0
0	0
0	0
0	0
0	0
0	0
0	0
0	0
0	0
0	0
0	0
0	0
0	0
0	0
0	0
0	0
0	0
0	0
0	0
0	0
0	0
0	0
0	0
0	0
0	0
0	0
0	0
0	0
0	0
0	0
0	0
0	0
0	0
0	0
0	0
0	0
0	0
0	0
0	0
0	0
0	0
0	0
0	0
0	0
0	0
0	0
0	0
0	0
0	0
0	0
0	0
0	1
0	0
0	0
0	0
0	0
0	0
0	0
0	0
0	0
0	0
0	0
0	0
0	0
0	0
0	0
0	0
0	0
0	0
0	0
0	0
0	0
0	0
0	0
0	0
0	0
0	0
0	0
0	0
0	0
0	0
0	0
0	0
0	0
0	0
0	0
0	0
0	0
0	0
0	0
0	0
0	0
0	0
0	0
0	0
0	0
0	0
0	0
0	0
0	0
0	0
0	0
0	0
0	0
0	0
0	0
0	0
0	0
0	0
0	0
0	0
0	0
0	0
0	0
0	0
0	0
0	0
0	0
0	0
0	0
0	0
0	0
0	0
0	0
0	0
0	0
0	0
0	0
0	0
0	0
0	0
0	0
0	0
0	0
0	0
0	0
0	0
0	0
0	0
0	0
0	0
0	0
0	0
0	0
0	0
0	0
0	0
0	0
0	0
0	0
0	0
0	0
0	0
0	0
0	0
0	0
0	0
0	0
0	0
0	0
0	0
0	0
0	0
0	0
0	0
0	0
0	0
0	0
0	0
0	0
0	0
0	0
0	0
0	0
0	0
0	0
0	0
0	0
0	0
0	0
0	0
0	0
0	0
0	0
0	0
0	0
0	0
0	0
0	0
0	0
0	0
0	0
0	0
0	0
0	0
0	0
0	0
0	0
0	0
0	0
0	0
0	0
0	0
0	0
0	0
0	0
0	0
0	0
0	0
0	0
0	0
0	0
0	0
0	0
0	0
0	0
0	0
0	0
0	0
0	0
0	0
0	0
0	0
0	0
0	0
0	0
0	0
0	0
0	0
0	0
0	0
0	0
0	0
0	0
0	0
0	0
0	0
0	0
0	0
0	0
0	0
0	0
0	0
0	0
0	0
0	0
0	0
0	0
0	0
0	0
0	0
0	0
0	0
0	0
0	0
0	0
0	0
0	0
0	0
0	0
0	0
0	0
0	0
0	0
0	56
0	15
0	0
0	10
276	1191
20	1191
3	888
27	665
0	892
1	1
0	1
0	0
0	0
0	0
0	0
0	0
0	0
0	1
0	0
0	1
0	1
0	0
0	0
0	0
0	17
3	16
0	8
0	15
0	14
0	0
0	0
1	3
0	3
0	0
1	0
0	15
1	4
1	1
0	10
3	10
3	11
0	0
0	0
0	0
0	0
1	3
1	13
1	4
1	13
7	13
0	0
0	0
0	0
0	0
0	0
0	0
0	0
0	0
0	0
0	0
0	0
0	0
0	0
0	0
0	0
0	0
0	25
1	34
7	39
1	51
230	11
1	45
0	12
0	26
28	10
0	10
0	10
0	0
0	1
0	5
0	4
0	1
0	4
0	1
0	0
0	3
0	3
0	0
0	0
0	0
0	0
0	0
0	0
0	0
3	8
0	8
0	9
1	9
0	7
3	7
0	0
0	0
0	0
0	0
0	24
0	19
0	24
0	18
0	235
0	55
1	624
0	442
0	647
0	1577
0	341
0	26
0	729
0	54
0	815
0	863
4	1270
0	1175
0	479
0	670
0	568
0	522
0	834
7	1024
0	616
0	143
1	230
0	89
0	668
0	578
26	176
0	440
1	66
0	0
0	0
0	9
0	11
1	12
1	11
0	5
0	10
0	7
0	1
0	0
0	0
0	1
1	4
0	2
0	0
0	1
0	1
0	1
0	1
0	76
0	76
0	0
0	0
0	0
9	1046
0	852
2	775
1	930
0	1330
8	1049
5	1036
0	1087
224	768
0	749
0	785
1	2
0	43
0	749
0	807
0	825
0	277
0	798
0	798
0	0
0	0
0	0
0	0
0	0
0	0
0	0
0	2
0	2
0	0
0	0
0	0
0	1
0	1
0	0
0	0
0	0
0	0
0	0
0	0
0	0
0	0
0	3
0	2
0	3
21	0
0	0
0	0
0	0
0	0
0	0
0	0
0	0
0	0
0	0
0	0
0	0
0	0
0	0
0	0
0	0
20	42
1	1
0	4
0	5
1	1
0	0
0	0
0	0
0	0
0	0
0	1
0	1
0	0
0	1
0	0
0	0
0	0
0	0
0	0
0	0
0	0
0	0
0	0
0	0
0	0
0	0
0	0
0	0
7	0
0	0
0	0
0	0
0	0
0	0
0	0
0	0
0	0
0	0
0	0
0	15
0	3
10	0
0	0
0	0
0	0
0	0
0	0
0	0
0	0
0	0
0	0
0	0
0	0
0	0
0	0
0	0
0	0
0	0
0	1
0	2
0	2
0	0
0	0
0	0
0	0
0	0
0	0
0	0
0	0
0	0
0	0
0	0
0	0
0	0
0	0
0	0
0	0
2	2
0	2
0	0
0	0
0	0
1	0
0	0
0	76
8	120
0	76
4	20
1	8
1	23
13	28
0	56
0	7
1	5
2	9
1	2
0	2
1	1
0	6
1	10
0	0
0	0
0	0
10	4
0	4
0	0
0	0
0	0
0	0
0	0
0	0
0	0
0	0
0	0
29	28
2	4
0	3
8	12
0	2
0	6
0	1
0	0
0	8
0	6
0	7
0	5
0	11
1	4
0	5
0	5
0	9
0	5
0	4
0	0
0	0
0	0
0	0
0	0
0	0
0	6
0	6
0	0
0	0
0	0
1	8
0	4
1	4
0	3
0	5
1	4
0	5
1	5
5	4
0	1
4	8
0	5
4	2
0	4
0	4
0	7
0	6
0	0
0	0
0	0
0	0
0	0
0	0
0	0
0	267
23	248
28	193
4	192
0	250
632	439
10	191
0	43
0	128
2	451
1	120
0	38
2	336
15	53
0	0
0	0
0	0
0	0
0	0
0	0
0	0
0	0
0	0
0	0
5	0
0	0
0	0
1	0
0	0
0	0
0	0
0	0
0	0
4	17
51	170
8	45
0	80
3	129
0	171
0	200
0	17
0	2360
24	2301
2	2028
0	1040
7	1079
2	1081
0	1035
0	80
0	748
0	894
27	688
7	420
7	274
11	0
0	2
1	2
0	2
0	1
0	2
0	0
0	0
0	0
0	0
0	0
0	0
0	0
1	0
0	0
0	0
0	0
0	0
0	0
0	0
0	0
0	0
0	0
1	11
0	11
0	2
0	4
0	0
0	4
1	8
0	1
0	1
0	2
16	3
0	3
0	0
0	0
7	6
0	6
0	1
0	2
0	17
0	2
21	18
0	16
1	4
0	0
0	0
0	0
6	0
1	0
4	4
0	7
9	6
0	3
5	6
0	1
0	1
0	29
0	39
0	315
0	23
0	333
0	327
20	12
1	344
3	115
23	81
0	55
0	79
0	101
0	263
7	42
5	259
1	1
0	0
0	0
0	0
2	0
1	0
0	0
0	0
0	0
0	0
0	0
0	0
0	0
0	0
0	0
3	2
0	2
2	0
0	0
0	0
1	0
0	0
52	213
0	18
0	55
0	252
0	13
0	23
33	12
32	7
0	15
0	18
0	257
6	12
0	210
9	55
8	165
0	0
0	0
0	0
0	0
1	0
0	0
2	1
0	1
2	0
0	0
2	1
0	1
0	0
0	0
0	0
0	0
0	0
0	17
0	0
0	0
0	0
7	27
0	31
0	32
0	30
2	19
1	0
0	0
0	0
0	0
0	0
0	0
0	0
0	0
0	0
0	0
0	0
0	0
0	1
0	1
0	1
2	1
0	0
0	0
0	0
0	0
0	0
0	0
0	0
0	0
0	0
0	0
0	0
0	0
0	0
0	0
0	0
0	0
46	187
0	176
0	25
1	20
2	22
0	15
0	14
0	8
0	9
1	6
0	5
0	2
0	0
1	14
0	0
5	13
0	14
0	0
1	0
8	13
0	12
0	8
0	2
0	0
0	0
0	0
0	0
0	0
0	0
0	0
0	0
0	0
0	0
0	0
0	0
0	0
0	0
0	0
0	0
0	0
0	0
0	0
0	0
0	0
0	0
0	0
0	0
0	0
59	82
1	72
17	32
0	54
1	8
0	0
1	0
0	2
1	2
0	0
0	0
0	0
0	0
0	0
0	0
0	0
0	0
0	0
0	0
53	16
0	14
0	17
0	1
0	1
0	2
0	1
0	1
0	1
0	1
0	0
0	1
3	1
0	1
0	0
0	0
14	12
0	12
0	2
0	7
0	0
0	0
0	0
0	0
0	0
0	0
0	0
1	0
0	0
0	4
0	3
0	3
0	5
0	3
1	652
2	81
154	1001
0	284
0	954
8	1078
0	873
0	593
0	725
2	18
0	219
0	130
4	349
0	131
1	76
0	0
0	0
0	0
0	10
0	10
0	1
0	4
0	3
0	1
0	1
0	0
0	0
0	0
0	0
0	0
0	0
0	0
0	0
0	0
0	0
0	162
0	0
0	558
0	74
0	0
0	0
0	0
0	0
0	0
0	0
0	0
0	41
0	58
0	46
0	28
0	0
0	1
0	0
0	0
1	0
0	0
0	0
0	0
0	0
0	0
0	0
0	0
0	0
0	0
0	0
0	0
0	0
0	545
1	18
0	0
0	1
0	0
0	0
0	0
0	0
0	0
0	0
3	0
0	0
0	0
0	0
0	0
0	0
0	0
0	0
0	0
0	0
0	0
0	0
0	0
0	0
0	0
0	0
0	0
0	0
0	0
0	0
0	0
0	0
0	0
0	0
0	1
0	1
0	0
0	0
0	24
0	28
0	20
1	0
7	15
1	61
0	134
16	2183
0	1449
0	743
1	948
0	428
0	765
1	568
1	451
0	771
0	283
0	130
0	0
0	0
0	5
0	4
0	2
0	12
0	0
0	0
0	126
0	0
0	19
0	18
0	2036
0	2564
0	133
0	5
0	85
1	49
0	180
0	0
0	0
0	0
0	0
0	172
0	39
1	38
0	22
2	1
3	15
0	0
0	0
0	0
0	0
0	0
14	512
0	217
2	8
0	0
0	19
0	163
0	446
0	130
0	155
0	132
0	48
0	52
0	0
0	8
0	0
0	0
21	54
0	16
0	24
13	4
0	0
0	0
0	0
0	0
0	0
0	0
0	0
0	184
0	45
0	117
0	85
0	83
1	82
0	234
19	53
0	53
17	11
0	6
0	3
0	5
0	1
0	1848
13	164
17	1077
123	392
0	23
0	0
0	5
0	5
0	35
1	29
0	13
0	5
0	10
0	0
0	0
0	0
0	0
0	232
0	0
0	0
0	1
0	1
0	3
0	2
0	6
0	1
0	3
0	2
0	6
0	0
8	2
0	0
0	345
0	453
0	326
0	216
0	16
0	0
0	0
0	0
0	0
0	0
0	0
0	0
0	6
0	2
0	0
0	37
0	33
0	39
0	38
0	37
0	10
0	6
0	1
0	3
0	6
0	1
0	1
0	1
0	1
0	0
0	1
0	0
0	3
0	2
0	0
0	0
0	5
0	5
0	137
0	46
0	0
0	1
0	0
0	557
3	697
0	74
0	137
0	38
0	10
3	27
0	241
1	0
1	72
66	378
0	1390
0	496
0	0
0	0
0	0
0	0
0	0
0	2
0	2
0	2
0	2
0	2
0	2
0	2
0	0
0	70
2	670
39	1242
1	112
0	72
0	467
0	0
0	0
0	0
0	0
0	0
0	0
0	0
0	0
0	0
0	0
0	0
0	0
0	1
0	4
34	0
0	0
0	0
0	0
0	0
0	0
0	0
0	0
0	0
0	0
0	0
0	0
0	0
0	0
0	0
0	0
0	0
0	0
0	0
0	0
0	0
0	0
0	0
0	0
0	2
0	1
0	31
0	9
0	1
0	1
0	0
0	0
0	0
0	0
0	0
0	0
0	0
0	0
0	0
0	0
0	0
0	0
0	0
0	0
0	129
0	38
0	0
0	0
0	0
0	0
0	0
0	0
0	0
0	0
0	0
0	0
0	0
0	0
0	0
0	0
0	0
0	0
0	0
0	0
0	0
0	0
0	0
0	2
0	2
0	10
0	5
0	3
0	2
0	6
0	1
0	0
0	0
0	0
0	0
0	0
0	0
0	0
0	0
0	0
0	0
0	0
0	0
0	4
0	0
0	0
0	0
0	0
0	0
0	0
0	0
0	0
0	5
7	4
0	5
2	6
0	6
0	0
0	0
0	22
0	0
0	0
0	102
4	94
0	69
4	228
0	8
0	201
0	101
4	56
0	50
0	87
0	3
0	2
0	10
0	7
0	1
0	3
0	6
0	112
0	46
0	22
0	7
0	7
0	0
3	1
1	0
0	0
0	1
0	0
3	4
7	2
5	4
0	0
16	102
0	77
1	2
0	0
0	1
0	2
0	0
0	0
0	0
0	103
5	0
0	0
11	777
3	90
0	172
2	0
0	2
1	2
0	0
0	0
0	0
0	0
0	0
1	3
1	6
0	3
0	14
0	4
0	0
0	0
0	0
1	0
0	0
0	0
0	0
0	0
0	0
3	22
17	43
146	46
2	16
0	19
0	15
7	28
0	13
0	1
0	1
0	3
0	0
0	0
0	2
0	19
0	13
1	8
0	17
0	14
0	20
0	9
0	4
0	14
1	8
0	9
0	1
0	1
0	3
0	2
0	6
0	1
0	136
2	836
0	1112
1	755
0	1094
0	1287
0	886
0	728
2	763
8	111
0	0
0	78
0	125
0	70
0	23
0	0
2	33
0	300
0	323
0	14
0	19
0	18
0	328
0	637
0	238
0	1
0	0
0	0
0	0
222	35
2	30
4	29
0	5
7	7
1	5
20	6
9	13
24	12
0	12
0	22
0	17
0	0
0	0
0	0
0	0
0	3
0	2
0	6
0	0
0	0
4	6
13	6
0	3
23	28
0	6
0	1
0	3
2	1
7	5
0	0
0	0
0	0
0	0
0	0
0	0
0	0
106	118
0	9
5	33
1	66
0	28
0	5
0	5
0	0
0	0
0	0
0	0
0	0
0	0
0	30
0	69
0	100
0	30
0	53
2	0
7	51
0	52
3	49
8	35
10	57
1	20
37	31
2	31
19	19
0	19
25	70
42	26
0	35
4	122
0	63
0	54
0	0
0	0
0	0
0	0
0	2
0	0
0	2
0	0
0	0
0	0
0	1
0	0
0	0
0	0
0	0
0	0
0	0
0	0
0	0
0	0
0	0
0	10
0	2
0	2
0	2
0	2
0	1
0	0
0	1
0	1
0	1
0	37
0	47
0	47
0	9
0	5
0	9
0	1
0	12
0	0
0	0
0	0
0	2
0	23
0	14
0	0
0	0
0	0
0	0
0	0
0	0
0	0
0	38
73	44
0	16
0	17
1	14
9	10
9	1
0	14
0	0
0	0
0	0
0	0
0	13
0	4
0	4
0	0
0	0
0	0
0	0
0	0
0	0
0	174
0	177
0	182
0	96
1	50
0	27
2	14
0	4
0	0
0	0
0	0
0	0
0	0
0	0
0	0
0	0
0	991
0	906
0	272
0	0
0	0
0	0
0	0
3	202
18	44
1	44
0	82
0	46
5	196
0	224
29	220
0	39
0	131
0	46
10	217
0	216
275	38
0	0
0	0
0	0
0	0
0	0
0	0
0	0
0	0
0	0
0	0
3	0
0	0
0	0
0	0
0	0
0	1
0	0
0	0
0	0
0	1
0	28
0	1
0	2
0	27
0	207
0	278
0	122
0	31
1	7
1	89
3	1
0	7
26	88
0	91
0	37
31	210
0	211
0	0
0	0
0	0
0	0
0	0
0	0
0	0
0	0
0	0
0	0
2	0
0	0
2	0
0	0
0	0
0	0
0	4
2	21
0	51
101	1143
0	0
0	0
0	15
0	0
349	259
0	243
0	1
0	1
0	0
0	0
0	0
0	0
0	0
0	0
0	0
0	0
0	0
0	0
0	0
0	0
0	0
0	0
0	0
0	0
0	0
0	1
0	12
0	0
0	0
0	0
0	0
0	68
0	103
0	0
0	67
10	509
0	279
0	0
3	20
0	16
0	22
0	6
0	3
0	0
0	0
0	68
4	127
1	178
13	454
0	1122
10	1091
0	904
0	5
0	5
0	1
0	1
0	1
3	42
1	42
0	42
43	302
0	267
0	8
0	15
0	12
6	10
27	12
2	7
1	2
0	0
0	0
81	502
55	501
105	633
0	492
2	65
0	4
0	1
0	112
0	390
0	0
0	0
0	0
0	0
0	0
0	0
0	0
0	1491
0	0
0	8
0	15
0	0
0	0
0	0
0	1
8	24
0	3
4	16
0	9
0	0
0	56
0	32
0	2
0	9
0	2
26	8
1	5
1	1
1	5
0	0
0	0
74	24
4	27
2	16
1	7
16	132
0	20
45	98
0	0
0	0
2	2
0	0
0	0
0	0
0	0
0	4
0	0
0	0
2	0
0	0
0	0
0	0
0	0
6	330
5	318
0	167
0	0
0	0
0	0
0	0
8	19
4	10
5	9
0	0
0	76
0	32
2	11
1	1
1	2
0	0
0	1
0	34
0	0
0	0
0	14
0	14
1	0
0	0
0	0
0	0
0	0
0	0
0	0
0	0
0	0
0	0
0	102
1	103
12	8
2	15
0	63
0	1
0	0
0	0
19	265
0	0
0	0
0	0
3	31
0	6
1	20
22	20
0	13
0	0
0	0
0	0
0	0
0	0
0	0
0	0
0	1
0	2
0	2
4	2
0	4
0	48
0	24
0	12
0	5
5	0
0	0
7	0
0	0
0	0
0	1
0	1
0	0
0	0
0	0
0	0
0	0
0	0
0	0
0	1
1	0
1	3
2	68
21	70
0	2
0	0
1	177
0	153
1	185
0	0
0	0
0	0
0	0
0	0
0	773
0	1248
0	368
47	768
0	61
2	20
0	0
0	0
0	0
0	0
0	0
0	0
0	0
0	0
0	0
0	0
0	0
0	0
0	2
0	1
0	0
0	0
6	42
0	137
0	45
31	334
0	375
0	157
0	0
0	0
0	0
0	0
0	0
0	0
0	0
1	94
0	99
0	0
0	0
0	0
0	5
0	7
1	12
0	26
2	38
7	57
0	19
32	51
0	589
0	417
0	450
2	373
6	353
5	297
18	66
0	360
0	316
27	75
0	102
53	0
4	35
1	78
167	0
24	66
0	2081
2	2592
0	132
0	161
7	38
0	155
0	102
0	6
0	0
0	0
1	0
0	0
0	0
0	2675
0	2675
0	2517
0	15
0	1
0	1
0	0
0	1
0	0
0	0
0	0
0	0
0	1473
0	81
0	133
0	12
0	61
0	151
0	115
0	64
0	33
3	18
1	39
19	26
0	17
0	21
0	0
0	0
0	0
0	0
0	0
0	0
0	1
0	0
0	0
0	0
0	2
0	1
0	1
0	1
0	12
0	1
0	12
0	1
0	12
0	1
0	2
0	12
0	12
0	1
0	0
0	8
0	8
0	0
2	17
0	13
0	0
0	0
0	0
8	30
0	30
15	3
1	4
94	69
5	117
19	145
6	20
142	446
0	72
19	4
0	0
0	0
0	1340
5	54
0	95
0	72
9	127
0	0
0	0
142	0
0	0
0	0
0	0
0	3
7	393
3	47
0	1
0	1
0	100
0	254
3	238
4	89
1	37
0	40
0	101
7	9
14	9
0	0
0	3
2	32
0	32
0	0
0	0
0	1574
0	0
0	0
0	12
0	811
0	1574
0	1441
3	1550
0	1578
9	557
0	94
0	229
1	126
2	119
0	139
2	102
0	145
0	4
0	0
0	0
0	0
0	0
0	0
0	0
0	0
1	0
0	0
0	0
0	0
0	0
17	5
0	5
1	0
1	0
0	0
0	0
2	0
0	0
0	0
5	5
0	0
0	5
0	30
69	224
0	192
20	210
6	13
36	84
0	151
5	42
2	51
0	20
4	17
0	10
0	0
0	42
11	28
4	48
69	38
5	90
0	0
0	0
9	22
7	66
1	212
0	176
0	46
682	853
0	591
1	193
1	413
0	337
0	129
1	558
0	19
0	19
0	0
40	81
5	61
0	51
0	0
1	0
0	0
9	0
0	0
0	38
0	0
0	0
0	55
0	234
9	1
1	66
0	221
4	108
31	38
0	38
7	27
0	0
0	0
0	0
0	0
0	0
0	192
0	192
0	0
0	0
0	0
0	3155
0	6213
3	1674
0	3993
0	3685
0	300
0	1043
0	3
2	513
0	592
1	725
1	103
0	878
0	467
4	75
0	76
0	0
0	1
0	1
162	159
0	278
2	80
9	572
0	597
0	554
0	47
60	144
0	141
0	622
0	611
0	162
0	7
2	7
3	4
2	0
1	38
0	37
0	36
20	10
0	10
0	20
0	6
0	474
0	246
0	45
0	121
2	68
0	363
0	394
0	54
1	73
1	69
0	409
0	704
0	240
0	0
0	0
0	0
8	77
3	68
2	77
0	33
1	15
0	26
226	11
0	0
0	0
0	0
0	0
0	0
0	0
0	35
0	0
1	328
0	267
0	15
1	110
3	178
0	59
0	1
0	1
0	1
0	1
0	1
0	0
0	0
0	0
0	0
1	1323
0	1274
0	0
0	0
0	0
3	0
8	205
11	214
10	216
0	0
0	92
0	26
0	3
2	5
0	9
1	304
2	34
4	132
49	33
0	305
5	103
0	0
0	0
0	0
4	278
0	314
0	296
180	233
1	58
0	0
0	0
0	4
0	0
0	1
0	0
0	0
0	0
0	0
1	8
1	49
0	0
0	66
0	46
0	54
0	17
0	0
0	289
0	260
0	291
0	195
0	189
2	224
0	182
0	41
6	15
10	5
4	5
0	1
3	1
0	0
0	16
0	16
0	0
2	33
0	7
1	3
0	0
0	3
0	1
0	0
0	0
0	0
0	0
0	0
0	0
0	0
0	0
0	0
0	0
0	0
0	0
0	0
0	2
0	122
4	3
0	3
2	32
63	41
0	9
0	0
0	0
0	0
0	0
0	0
0	0
0	0
0	47
0	48
7	36
0	4
0	0
0	0
0	0
0	0
0	0
0	0
6	121
2	117
0	0
0	0
0	83
18	231
12	40
0	14
0	1
0	0
0	0
0	0
0	0
0	140
0	153
0	165
72	149
0	101
0	8
0	111
1	110
18	140
0	147
0	4
0	1
0	12
2	123
0	0
0	0
2	0
0	0
23	105
6	63
4	61
0	67
0	11
0	13
0	12
0	5
0	5
4	3
0	0
0	0
0	0
0	0
0	0
0	0
0	0
0	0
0	0
0	0
50	201
18	193
37	61
4	635
59	551
2	337
19	9
1	330
0	0
7	6
0	15
0	46
3	54
5	41
10	50
0	1
0	0
0	0
0	0
0	0
1	33
0	32
0	2
168	155
0	150
1	40
0	27
0	0
0	0
0	25
21	129
15	130
0	130
1	1
0	0
0	1
0	83
0	0
0	0
1	0
0	0
0	0
0	0
0	0
0	0
0	0
0	0
0	0
0	0
0	0
0	0
0	0
0	0
0	0
0	0
0	0
0	0
0	0
0	0
0	2
0	2
0	14
0	43
0	19
0	44
0	12
0	12
0	3
0	1
2	1
0	1
2	2
0	0
7	2
0	2
2	1
0	0
0	0
0	0
0	0
0	0
0	0
0	0
0	0
0	0
13	84
0	74
0	9
0	9
58	324
3	0
0	173
0	2
0	163
0	0
0	0
0	0
1	4
4	0
0	0
0	0
0	0
0	0
0	0
0	0
0	0
0	0
0	0
0	0
0	0
0	1
0	1
0	5
9	2
1	3
0	0
0	0
0	0
1	1
0	0
0	6
0	6
0	345
0	455
14	182
0	0
0	0
0	0
8	0
1	11
2	11
2	10
0	0
0	0
7	30
0	30
3	0
0	0
16	73
8	66
0	34
0	0
0	0
0	0
0	0
0	0
0	0
4	222
20	189
0	53
0	212
0	12
0	9
1	0
0	0
0	0
0	0
0	0
0	0
0	0
0	0
0	0
0	0
0	0
0	0
0	0
0	0
0	0
0	0
0	0
0	0
0	0
0	0
0	0
0	0
0	0
0	0
2	2
42	3
0	1
0	4
0	3
0	3
0	0
0	0
0	0
0	0
9	77
0	86
3	82
3	6
1	6
0	0
0	0
0	0
0	0
0	0
0	0
0	0
0	0
0	0
0	0
0	1
0	1
0	0
0	0
35	81
2	91
0	91
0	80
0	86
0	35
0	11
0	12
0	0
40	324
13	106
57	104
5	82
79	218
70	14
0	42
0	24
0	1
0	1
0	1
0	0
0	1
0	0
13	0
0	130
47	140
549	259
1	3
0	13
0	16
0	11
0	0
0	0
1	0
0	0
0	0
1	3
0	2
0	2
1	18
2	4
114	24
0	8
0	4
0	1
0	22
11	6
0	1
3	0
0	0
0	0
0	0
0	0
0	328
0	0
0	8
0	334
0	188
0	219
0	103
0	148
4	1
0	0
0	0
0	0
10	408
0	291
3	24
0	30
0	30
0	0
0	0
0	0
0	0
0	0
0	0
0	0
0	0
1	0
0	0
0	0
0	0
0	0
233	237
0	0
0	0
0	96
0	223
0	0
0	0
0	0
1	0
0	0
0	0
0	0
0	0
0	0
0	0
0	0
246	343
36	317
2	251
3	9
0	29
0	87
35	158
7	60
75	206
0	214
2	136
2	195
0	4
0	0
0	5
0	0
0	0
0	5
0	5
0	5
0	0
0	0
0	0
0	0
0	0
0	0
0	0
0	0
9	12
18	37
0	1267
1	283
0	228
0	385
0	608
0	1
0	1
0	1
0	36
0	46
0	46
0	9
0	5
0	9
0	0
0	0
0	0
0	0
227	1288
14	1163
55	727
6	288
0	1
6	168
2	139
8	29
0	0
0	0
0	0
0	0
0	0
0	0
0	0
0	0
0	1
0	0
0	0
0	0
1	2
4	2
11	2
0	2
0	2
0	0
0	3
0	0
0	3
12	3
398	1005
0	1
0	445
0	130
0	152
0	134
0	46
0	49
0	0
0	0
0	0
0	8
14	163
0	188
0	2
0	0
0	29
0	29
3	37
9	40
2	24
19	40
18	60
0	9
0	0
1	0
0	0
0	0
0	0
0	0
0	120
0	119
0	2
0	0
0	0
0	0
0	0
0	0
9	71
10	53
1	32
4	32
0	97
11	37
40	48
0	17
0	26
0	16
0	0
0	1
0	1
24	63
0	298
3	21
19	61
0	220
310	166
0	144
8	71
1	8
0	24
0	24
0	35
0	112
0	13
0	5
0	0
0	0
0	0
0	0
0	0
0	19
0	22
0	11
14	3
12	4
0	0
10	654
19	431
0	101
0	0
0	1
0	1
0	52
1	204
1	58
0	67
2	926
0	0
0	0
0	0
0	0
0	0
0	0
0	0
0	0
0	0
0	0
0	0
0	1352
1	30
15	111
1	30
0	81
1	39
0	7
1	27
4	79
0	42
1	0
40	4
1	21
20	9
2	151
0	273
0	0
0	0
0	0
0	0
0	0
2	19
3	10
0	8
2	5
0	0
0	0
0	0
0	0
0	0
4	5
16	8
0	1309
0	364
0	10
0	229
0	310
0	228
0	207
303	78
0	0
0	0
0	0
0	1
0	1
0	0
19	185
4	185
0	325
30	144
0	0
0	1
1	1
0	214
0	60
0	101
0	38
0	0
1	0
0	0
0	365
0	2
0	14
0	24
0	2
0	24
0	0
0	0
0	7
0	0
0	7
0	7
0	0
0	24
0	15
1	1267
6	16
0	1533
0	427
0	1498
0	196
0	239
1	152
0	1
0	30
0	21
0	18
0	0
0	3
0	3
69	91
9	19
74	11
0	14
0	24
0	24
0	2
0	2
0	0
1	1277
0	255
9	943
0	0
0	0
0	0
0	0
0	0
0	0
0	0
0	0
0	0
0	0
0	0
0	0
0	0
7	115
0	114
0	0
0	0
0	0
0	0
0	0
1	0
0	0
0	100
0	99
22	83
7	99
0	13
8	63
0	32
0	44
0	5
0	5
0	6
0	7
0	4
0	43
0	6
0	6
0	10
0	6
0	10
0	3
0	4
1	0
0	35
0	11
0	48
0	23
0	68
0	0
0	0
0	0
0	0
0	0
0	0
0	0
0	0
1	0
18	70
10	98
2	17
15	13
3	65
0	38
0	1
0	0
0	0
0	0
0	1
0	0
0	0
0	0
4	6
3	11
0	11
0	7
2	7
0	0
0	0
0	0
3	18
0	1
0	17
0	0
0	0
0	0
0	0
4	79
2	84
11	70
2	0
0	61
0	56
0	0
0	0
0	0
1	23
0	18
46	74
61	2
0	0
0	0
0	0
0	0
0	0
0	0
1	27
29	101
4	107
0	7
4	15
8	68
0	12
0	340
0	281
0	287
0	296
0	232
0	80
0	0
0	0
0	0
3	21
3	21
0	6
1	1265
67	1281
0	0
1	0
0	0
164	80
16	43
3	42
0	60
0	9
13	67
0	4
0	0
0	1
0	0
0	130
0	0
0	0
52	143
0	134
0	171
0	207
0	102
2	185
0	182
0	113
2	214
3	52
7	116
2	200
0	107
0	0
15	166
0	169
1	115
0	161
1	159
0	138
0	142
1	122
0	93
0	51
0	20
3	2
22	456
6	66
0	74
0	37
1	81
1	2
3	31
28	89
4	272
6	248
5	110
0	98
0	88
0	9
0	16
0	7
0	52
0	78
3	6
38	83
0	68
0	37
2	0
0	0
0	0
18	4
0	4
0	6
0	43
0	7
4	36
1	36
0	36
1	0
0	0
2	0
0	53
0	8
8	4
0	45
6	7
0	4
0	2
0	13
3	25
0	13
6	8
5	886
0	12
0	0
0	0
0	0
0	0
0	0
0	0
0	0
0	0
0	213
1	14
0	113
0	106
0	13
0	1
1	4
0	2
1	8
0	8
0	50
2	0
1	4
0	0
0	0
0	0
1	13
0	13
0	1
0	1
0	37
0	49
0	47
16	41
0	32
20	183
897	1358
0	1383
0	1104
0	188
0	126
0	330
0	323
5	135
1	151
0	342
55	182
0	9
0	172
0	1
0	9
0	9
16	252
0	2
4	84
0	93
0	0
0	0
0	39
0	39
0	0
15	15
0	15
1	4374
0	3001
3	5615
0	5399
0	0
0	0
3	6
0	4
1	6
0	0
0	0
0	0
0	0
0	0
0	0
0	0
0	0
0	0
0	0
0	0
0	0
1	0
0	3
0	6
0	16
0	0
0	0
0	0
0	22
0	6
0	0
0	0
0	0
0	0
0	0
0	0
0	0
0	0
0	0
0	0
0	0
0	0
0	1
0	1
0	0
0	0
1	2
0	2
0	10
0	5
0	6
0	9
0	0
0	0
0	17
0	17
2	2
0	0
3	2
0	1
0	0
0	3
0	0
0	0
0	0
0	0
0	0
0	1
0	0
0	0
0	0
6	19
4	33
3	85
0	40
33	54
37	104
1	104
65	0
0	40
1	7
0	7
0	8
156	12
0	14
0	14
0	145
0	140
6	18
0	0
0	0
3	0
0	14
0	14
7	1
1	1
2	16
0	0
1	0
0	0
0	0
5	5
0	23
1	24
0	26
0	7
2	9
0	11
0	0
2	6
0	0
0	2
0	2
0	493
0	29
0	125
3	498
1	86
0	330
18	503
0	26
6	22
0	24
0	32
0	253
0	0
0	0
0	0
0	0
0	0
441	262
1	35
0	30
0	271
0	124
2	145
193	236
2	234
15	159
0	166
0	4
5	2
41	7
13	172
17	128
8	0
0	34
0	0
0	1
0	0
0	1
2	3
0	1
0	0
0	2
0	0
0	3
1	0
4	10
121	1736
0	106
0	2
0	2
0	0
0	0
0	0
0	0
0	0
0	0
0	0
0	0
0	0
0	0
0	0
0	12
11	303
71	356
0	179
58	308
10	199
0	256
0	0
0	0
0	0
0	1
0	0
0	0
0	0
0	1
0	0
0	0
0	0
0	0
0	1
0	0
0	0
0	0
0	0
0	0
0	0
0	773
0	430
0	767
0	27
0	27
80	208
17	208
0	30
19	118
35	96
36	263
1	99
0	1
0	0
0	0
0	0
1	9
0	0
0	3
1	3
0	712
0	204
0	0
5	0
21	1
6	480
15	458
0	312
0	13
2	15
161	99
14	31
0	46
0	32
5	54
18	105
0	108
1	149
0	224
3	166
20	102
1	19
4	10
0	11
0	0
0	0
68	277
116	232
0	290
0	147
4	89
7	89
0	19
0	39
6	6
2	11
0	7
0	3
0	2
0	31
0	14
0	14
0	20
0	0
0	0
43	50
2	31
40	376
0	0
0	0
0	0
3	74
4	145
56	46
0	125
0	115
0	95
3	101
1	17
0	6
0	20
0	2
0	117
0	104
0	100
1	119
0	42
45	81
1	6
0	0
0	0
0	124
9	10
0	82
0	122
0	46
0	10
0	44
4	12
0	12
0	233
0	61
0	1
0	51
0	66
0	14
0	14
0	78
0	246
0	0
0	0
0	0
0	1
0	0
0	0
0	0
5	11
35	11
2	8
0	8
0	0
31	21
0	21
0	54
0	32
0	2
0	2
35	374
0	32
0	182
1	39
0	32
0	8
0	68
0	31
0	10
0	0
0	0
0	0
0	0
0	0
0	0
0	0
1	57
5	43
1	18
10	60
40	116
81	93
42	329
0	153
0	127
0	34
0	51
24	4
0	0
26	3
0	0
0	0
0	35
0	13
8	193
0	67
0	125
0	2
1	2
0	2
5	0
0	0
0	2
0	2
0	0
0	5
0	9
0	10
0	6
0	12
8	796
4	53
1	480
0	0
0	0
0	0
0	0
0	0
0	0
0	0
0	10
0	12
0	4
0	0
0	1
0	12
0	0
0	25
0	0
0	0
0	5
0	5
0	5
0	5
26	705
0	285
0	0
0	0
0	0
0	0
0	0
0	0
0	0
0	0
0	0
0	0
20	2
13	250
0	1
0	26
0	26
28	26
0	0
0	0
0	0
0	0
0	0
0	0
0	0
0	0
14	17
0	0
0	42
0	0
0	0
0	0
11	1450
0	10
1	1
0	1
0	1
197	549
96	1233
0	18
2	5
0	3
0	0
0	0
0	12
0	13
0	13
0	5
0	2
135	172
0	168
16	152
2	26
1	14
13	26
0	10
1	6
0	0
0	0
0	0
0	0
0	0
0	0
0	2
0	2
65	10
0	10
0	1
0	1
0	15
0	15
0	0
0	0
0	31
0	10
8	43
0	6
12	10
0	36
0	12
0	45
0	8
0	0
0	0
0	0
0	0
0	0
370	821
0	23
0	352
10	352
1	0
0	0
0	0
0	0
0	0
3	0
0	1
0	0
0	4
5	22
0	3
1	2
0	19
13	21
0	19
6	1
3	0
0	0
0	0
0	0
0	0
0	0
1	0
0	0
0	0
0	44
0	31
0	8
0	16
3	30
1	32
0	44
6	39
7	126
142	88
0	0
34	49
25	531
14	64
0	515
0	81
0	141
0	104
2	59
0	8
0	0
0	0
0	0
3	128
0	175
0	66
88	236
2	166
10	241
0	110
0	4
0	164
0	249
5	235
0	243
60	182
27	436
0	366
0	446
0	502
0	399
4	250
150	740
0	514
48	426
1	402
0	343
0	3
0	2
0	116
0	221
2	222
112	682
0	293
0	211
0	217
0	278
0	119
0	113
0	316
0	359
0	14
23	0
0	1
0	1
13	462
35	0
0	304
1	112
3	6
6	6
0	0
1	0
0	0
0	0
0	0
40	87
25	80
51	110
4	24
0	28
1	1
0	1
0	0
0	0
0	0
0	36
0	35
0	43
37	26
1	19
6	15
10	12
0	3
0	3
0	0
0	0
0	0
1	1
1	1
0	0
0	0
0	6
0	1
0	1
0	0
0	0
0	0
0	0
0	3
0	1
0	0
0	2
0	2
0	4
0	0
0	3
0	1
0	0
0	1
0	93
0	0
0	25
0	23
0	2
0	0
0	0
0	0
0	0
0	0
0	0
0	0
2	3
0	3
1	1
0	3
0	2
2	280
0	275
2	276
0	290
5	276
0	169
0	95
0	52
1	0
0	0
1	0
0	0
2	2
0	0
1	0
0	0
0	2
20	4
0	0
177	3
9	5
0	29
1	31
0	0
0	0
0	0
45	1533
0	0
0	0
0	0
0	0
0	0
0	0
67	5
0	0
7	13
6	16
10	3
0	0
0	0
0	0
0	0
0	0
0	0
0	0
0	0
0	0
0	0
0	0
0	0
0	0
0	0
0	0
0	0
0	0
0	0
0	0
0	0
0	0
0	0
0	0
0	0
0	0
0	0
0	0
0	2
0	0
0	0
6	10
1	12
0	10
0	0
0	0
1	1
0	1
0	0
0	0
0	0
0	0
0	0
0	0
0	0
0	0
0	0
0	0
0	0
0	0
0	0
0	0
0	0
0	0
0	0
0	0
0	0
2	15
0	13
0	0
0	0
0	0
0	0
0	0
0	0
0	0
0	0
0	0
0	0
0	0
64	31
0	23
0	0
0	0
0	0
3	1
1	1
0	56
5	7
0	47
2	55
0	82
26	6
0	86
0	77
0	254
0	32
16	321
3	19
1	230
0	1
0	81
2	284
1	114
0	111
0	58
0	41
0	185
0	69
0	106
0	0
0	6
0	4
0	0
0	3
0	59
0	39
0	42
0	333
0	84
0	161
316	82
0	39
3	73
0	55
3	29
0	3
3	82
0	95
14	95
0	32
0	2
0	0
0	0
0	0
31	29
0	24
0	27
0	32
14	14
1	158
1	57
1	59
0	149
1	154
0	143
0	57
1	132
0	59
0	21
0	0
0	0
0	0
0	0
0	0
0	0
0	0
0	0
0	0
0	0
0	0
0	0
0	0
0	0
0	0
5	13
0	19
0	19
0	15
22	0
0	0
0	0
0	0
0	0
0	0
0	0
0	0
144	2548
0	106
2	26
0	26
0	0
1	88
4	88
0	87
2	1
2	67
2	52
1	0
0	19
0	0
0	15
1	0
1	41
1	29
0	0
0	0
0	57
5	72
82	301
2	382
7	229
0	7
1	40
1	8
0	8
14	61
2	119
0	7
0	74
0	9
0	1
0	1
0	1
0	0
0	0
0	0
650	206
0	153
863	218
0	166
3	90
0	34
0	60
2	55
0	60
6	123
0	26
0	26
0	224
3	284
5	62
2	26
10	57
0	69
0	17
0	5
0	1
0	0
0	0
0	7
0	4
58	76
0	59
2	69
5	11
1	6
0	6
7	538
2	641
35	713
56	776
24	422
57	363
15	177
0	7
0	1
4	0
0	0
0	0
0	0
0	26
0	31
0	32
0	38
0	4
0	2
1	278
66	23
0	268
0	201
0	0
0	0
0	0
0	0
0	0
0	0
0	0
0	0
4	0
0	0
0	0
0	0
0	0
2	0
0	0
0	0
0	0
0	0
0	0
0	0
0	3
0	0
0	94
0	0
0	0
0	0
2	5
0	0
1	1858
0	0
0	927
0	0
0	0
0	0
0	10
0	2
0	0
0	96
0	0
0	97
0	9
0	266
0	0
0	0
0	14
0	0
0	0
0	2
1	5084
0	32
0	17
0	0
0	0
0	544
0	0
0	18
0	0
0	0
0	0
0	0
0	126
0	0
0	6
0	0
0	1
0	0
0	6
0	0
0	0
0	0
0	0
0	0
0	11
0	0
0	81
0	0
0	0
0	0
0	0
0	0
0	0
0	0
0	0
0	0
0	0
0	0
0	0
0	1
0	0
0	0
0	29
0	0
0	8
0	0
0	0
0	534
0	0
0	0
2	0
0	0
0	840
0	0
0	0
0	0
0	0
0	17
0	1
0	0
2	73
0	2
0	1
0	0
0	18
0	0
0	38
0	12196
0	0
0	0
0	8
0	211
0	196
0	22
1	22
0	0
0	0
0	0
0	0
0	0
0	0
0	0
0	4605
0	8
0	0
0	20
0	0
4	11
0	0
0	0
0	0
0	0
0	1
1	0
0	0
8	0
0	0
0	18
0	23
1	0
0	0
0	0
0	0
0	0
0	2
0	0
0	0
0	0
0	2329
0	0
0	0
0	0
0	1
0	0
0	0
0	0
0	0
0	0
0	0
0	0
0	45
0	0
0	3
0	0
0	0
0	11
0	12
51	1747
0	0
0	0
0	12
0	0
0	0
0	0
0	0
0	0
0	20
0	8
0	468
0	8
2	6
1	0
0	0
0	1817
1	1200
0	0
0	0
0	0
0	2
0	0
0	0
0	0
0	62
0	0
0	0
0	0
0	0
0	0
0	0
0	0
0	0
0	0
1	59
0	0
0	0
0	0
0	1
0	0
0	0
0	0
0	0
0	0
0	1
0	668
0	2
0	0
0	5
0	0
0	1
1	2255
0	2
0	0
0	0
0	0
0	8
0	0
0	0
0	1
0	0
0	0
0	0
0	0
0	724
0	0
0	0
0	0
0	14
0	7
0	0
0	0
0	0
8	3
0	0
0	0
0	0
0	0
0	0
0	0
0	0
0	2
0	0
0	0
0	0
0	0
0	0
0	0
0	113
0	0
0	0
0	1
0	0
0	0
0	0
0	0
0	266
0	1
0	26
0	0
0	0
0	0
0	1
0	0
0	0
0	2046
0	0
0	0
0	0
0	2
0	0
0	0
0	1
0	0
0	0
0	2698
0	0
0	1
0	0
0	0
0	0
0	1
0	0
0	0
0	0
0	0
0	0
0	0
0	0
0	7
0	0
1	0
0	0
0	0
0	0
0	8
0	0
0	0
0	0
0	0
0	0
0	0
0	0
0	0
0	1
0	0
0	0
0	0
0	0
0	0
0	0
0	0
0	0
0	0
0	0
0	0
0	0
0	0
0	0
0	46
0	0
0	0
0	0
0	0
0	0
0	0
0	0
0	0
0	22
0	0
0	0
65	0
0	0
0	13
0	0
0	0
0	0
0	0
0	0
0	0
0	0
0	0
0	0
0	0
0	2
0	0
0	0
0	0
0	0
1	0
0	0
0	0
0	0
0	0
0	484
0	0
0	0
0	0
0	0
0	0
0	0
0	0
0	474
0	0
0	0
0	8
0	0
0	0
0	0
0	0
0	0
0	1
0	0
0	0
0	0
0	0
0	25
0	0
0	0
0	0
0	0
0	0
0	0
0	0
0	0
0	0
0	0
0	0
0	0
0	0
0	0
0	0
0	0
0	0
0	0
0	0
0	0
0	0
0	20
0	0
0	0
0	0
0	0
0	0
0	0
0	0
0	0
0	0
0	481
0	0
0	0
0	15
0	0
0	0
0	15
0	4
11	187
0	0
0	1
0	0
0	0
0	11
0	0
1	255
0	0
0	29
0	0
0	319
0	0
0	0
0	30
0	0
0	0
0	0
0	4008
0	47
0	0
0	0
0	0
0	0
3	11
0	0
0	1
0	0
6	1
0	0
0	8
0	0
4	0
0	0
0	0
0	8558
0	0
0	2
0	86
0	0
0	0
0	0
0	0
0	0
0	0
0	0
0	0
0	0
0	0
0	1
0	3
0	0
0	8
0	0
0	14
0	283
0	12
0	0
0	2
0	0
0	4
0	2
0	0
0	1
0	0
0	1
0	0
0	0
0	13
0	3
0	2
0	25
0	0
0	0
0	0
0	0
0	0
0	1
0	0
0	3
0	0
0	0
0	0
0	0
0	0
0	0
0	0
0	0
4	5
0	0
0	0
0	0
0	0
0	1
0	0
0	0
0	0
0	0
0	0
0	0
0	29
0	0
0	0
0	0
0	3
0	0
0	714
0	0
0	0
0	0
0	8
0	0
0	2
0	140
0	0
0	0
0	0
2	0
11	0
0	47
0	0
0	0
0	0
0	0
0	0
0	0
0	0
0	0
0	0
0	0
0	0
0	0
0	0
0	0
1	0
0	0
0	0
0	33
0	0
0	0
0	0
0	1
0	0
0	32
0	0
0	0
0	0
8	227
0	0
0	0
0	0
0	0
0	0
0	1
0	0
2	0
0	0
0	0
0	0
0	1494
0	0
0	0
0	819
0	0
0	0
0	0
0	0
0	145
0	1147
0	7314
0	0
0	0
1	110
0	0
0	0
0	0
0	0
0	0
0	10
0	96
0	0
0	0
0	0
0	8
0	8
0	0
0	0
0	458
0	5
0	0
0	0
0	0
0	1
0	0
0	0
0	0
0	0
0	2
0	0
0	0
0	247
0	0
0	0
0	0
0	31
0	0
0	1
0	0
0	2
0	60
0	0
31	2
0	0
0	0
0	0
0	0
0	0
0	0
0	0
0	0
0	0
0	0
0	0
0	0
0	0
0	3
0	0
0	0
0	0
0	0
0	0
0	0
0	0
0	0
0	0
0	0
0	0
0	10
0	0
0	0
0	1
0	3
0	0
0	0
0	0
0	0
0	0
0	0
0	2699
0	61
0	0
0	0
0	0
0	0
0	0
0	0
0	202
3	0
0	0
0	0
0	0
0	0
0	2
0	0
0	0
0	0
0	0
0	0
0	0
0	39
0	0
0	0
0	0
1	0
0	0
0	0
0	0
0	0
0	0
0	0
0	0
0	0
0	0
0	0
0	0
0	0
0	0
0	0
0	0
0	0
2	0
0	17
0	0
0	0
0	0
1	971
0	0
0	30
0	0
19	0
2	0
0	0
0	0
0	0
0	0
0	0
0	0
0	0
0	0
0	0
0	1
0	0
0	0
0	0
0	0
0	0
0	409
0	0
0	0
0	0
1	0
0	186
0	38
0	0
0	1
0	13
0	0
5	35
0	0
0	0
0	0
0	0
0	68
0	825
0	8
0	12
0	2
0	0
0	67
1	0
0	1544
0	0
0	418
0	0
0	0
0	0
0	0
0	133
0	996
0	0
0	3
0	0
0	0
0	0
0	0
0	355
0	0
0	0
0	0
0	0
0	0
0	12
0	0
0	0
0	0
0	2001
0	0
0	0
0	0
0	0
0	2697
0	35
0	0
0	0
0	0
0	2130
1	78
1	0
0	0
0	0
0	0
0	0
0	10
0	0
0	0
0	0
0	0
1	2
0	0
0	0
0	0
0	0
0	0
0	0
0	0
1	0
0	0
0	0
0	0
0	0
0	1024
0	33
0	0
0	0
0	0
0	0
0	2
0	0
1	0
0	0
0	0
0	0
0	0
0	0
0	0
0	0
0	0
0	66
0	0
0	0
0	0
0	0
0	0
0	0
0	32
0	0
0	0
0	2
0	2
0	0
2	303
0	0
0	0
0	0
3	0
0	0
0	0
0	0
0	0
0	56
1	39
0	0
0	0
0	0
0	0
0	0
0	0
0	0
0	0
0	6
0	0
0	4
0	0
0	0
0	0
0	0
2	0
0	0
0	0
0	15
0	0
0	0
0	0
0	32
0	0
4	0
0	0
0	0
0	0
0	0
0	0
0	0
0	0
0	0
0	0
0	0
0	0
0	0
0	0
0	7
0	0
0	0
1	0
0	0
1	545
0	0
10	0
0	1459
0	0
0	0
0	0
0	0
0	0
3	735
0	0
0	0
0	0
0	0
0	0
0	2
0	0
0	0
0	0
0	0
0	0
1	2
0	0
1	0
0	0
0	0
1	3
0	0
0	0
0	0
0	0
0	0
11	1
0	0
0	0
0	2
0	0
0	0
0	0
0	0
0	0
0	580
0	0
0	0
0	224
0	0
0	9
0	0
0	0
0	0
0	0
0	0
0	0
0	0
0	29
0	22
0	0
0	0
4	14
0	0
0	0
0	0
0	2
0	0
0	0
0	0
2	0
0	0
0	0
0	0
0	0
0	0
0	0
0	0
0	0
0	0
0	0
0	0
0	0
0	0
0	0
0	0
0	0
0	1
0	0
0	0
0	1
0	0
1	0
0	0
0	0
0	0
0	0
0	0
0	0
0	0
0	4
0	2
0	5
0	0
0	49
0	1
0	0
0	0
0	0
0	0
0	0
0	62
0	5333
0	0
0	0
0	0
0	0
0	0
0	0
0	0
0	0
1	779
0	0
0	0
0	0
1	1181
0	0
0	0
0	0
0	65
0	0
0	0
0	17
0	0
0	1
0	0
0	0
0	0
0	0
0	0
0	0
0	10
0	344
0	0
0	0
0	0
0	19
0	20
0	0
0	1
0	0
0	0
0	0
0	0
0	0
0	0
0	0
0	0
0	70
0	0
0	0
0	1
0	374
0	0
0	213
0	0
0	0
0	0
6	105
0	0
0	0
0	0
0	0
0	0
0	0
0	0
0	0
0	0
0	0
0	0
0	0
0	0
0	0
0	0
0	0
0	3
0	0
0	0
0	0
0	0
0	1
0	0
0	0
0	0
0	0
0	27
0	0
0	0
0	0
0	59
0	0
2	127
0	0
0	1
0	479
0	0
0	0
0	0
0	0
0	0
0	0
0	0
0	0
0	0
0	0
0	56
0	0
1	12
0	0
0	0
0	1
0	0
0	0
0	0
0	0
0	0
0	0
0	0
0	0
0	0
0	0
0	0
0	0
0	3
0	418
0	0
0	0
1	0
0	91
0	5
0	0
0	0
0	0
0	0
0	0
0	0
1	509
0	0
0	0
0	8
0	0
0	0
6	0
0	0
0	0
0	0
0	0
0	0
0	2
0	0
1	0
0	0
0	0
0	0
0	1
0	0
0	12
2	0
0	0
0	0
0	0
0	1041
0	0
0	0
0	0
0	0
0	0
0	0
0	0
0	0
0	0
0	0
0	0
0	0
0	0
0	0
0	2
1	0
0	0
0	0
0	567
0	0
0	0
0	0
0	0
0	0
0	0
0	0
0	207
0	0
0	0
0	0
0	0
0	897
0	0
1	0
0	0
0	0
0	244
0	0
1	1112
0	0
1	12413
0	0
0	0
0	19
0	0
0	0
0	0
0	0
0	2158
0	0
0	0
0	0
0	0
0	0
0	0
0	0
0	0
2	533
0	0
0	0
0	0
0	0
0	0
0	4363
0	0
0	0
1	0
0	0
0	0
0	89
0	0
0	0
0	0
0	0
0	0
0	0
0	0
0	0
0	0
0	0
0	0
0	0
0	0
0	0
0	0
0	0
0	0
0	0
0	0
0	0
0	0
0	0
0	0
0	0
0	8
0	0
2	49
0	0
0	0
0	0
1	0
0	0
0	0
0	0
0	0
0	0
0	0
0	52
0	0
0	6
0	0
0	5
0	0
0	0
0	0
0	0
0	0
0	0
0	0
0	0
0	1117
0	0
0	0
1	2
0	9
0	0
31	66
0	0
1	0
0	0
0	0
0	0
0	0
0	0
0	0
0	0
0	0
0	129
0	0
1	0
0	893
0	0
0	0
0	18
0	0
0	261
0	0
0	3
0	0
0	12
0	0
0	0
0	0
0	0
0	0
0	0
0	0
0	0
0	0
0	0
0	0
0	0
0	84
0	0
0	2
0	517
0	0
0	0
0	0
0	20
0	0
0	0
0	0
0	0
0	0
0	0
0	0
0	0
0	0
0	0
0	0
0	684
0	0
0	0
0	0
0	0
0	0
0	0
1	0
0	0
1	0
0	93
0	0
0	0
0	0
0	0
0	0
0	6494
0	35
0	0
1	0
0	5
0	0
6	5489
0	0
0	7
0	0
0	0
0	0
0	0
0	0
0	0
0	0
0	1113
0	0
0	0
0	0
0	86
0	0
0	0
0	0
0	0
0	207
9	0
1	0
0	0
0	0
0	0
2	13
16	0
0	0
0	0
0	0
0	9
0	0
3	0
1	2071
0	0
0	0
0	0
0	0
0	2
0	38
0	0
0	510
0	0
0	0
0	6
0	0
0	0
0	49
0	0
0	0
0	0
0	0
0	0
0	0
0	237
0	0
0	0
0	0
0	0
0	0
0	0
0	0
0	0
0	0
0	0
0	0
0	0
0	0
0	0
0	0
0	0
0	0
0	35
0	9
0	0
0	0
1	142
0	506
1	0
0	2
0	2
0	300
0	236
0	0
0	0
0	0
0	94
0	0
0	0
0	0
0	0
0	3
0	2
0	0
0	0
0	0
0	0
0	0
1	0
0	0
0	0
0	106
0	2516
0	0
0	0
0	0
0	0
0	0
0	0
0	0
0	0
0	0
0	0
0	0
0	0
0	0
0	0
0	0
1	0
0	0
1	2241
0	0
0	0
0	0
1	0
0	0
0	0
0	0
0	0
0	0
0	0
0	3
0	8
0	0
0	0
0	2
0	0
0	0
0	0
0	0
0	39
0	0
0	0
0	0
3	179
0	0
0	0
0	0
0	0
1	0
0	0
0	0
0	0
0	0
0	0
0	6
3	2
0	0
0	0
0	0
0	4
0	0
0	0
1	0
0	699
5	0
0	0
0	4008
0	0
0	8494
0	0
0	0
0	0
0	0
0	3
0	0
0	0
0	0
0	0
0	0
0	0
0	3
0	0
0	11
0	0
0	0
0	0
0	0
0	0
0	0
0	0
0	0
0	0
0	0
0	6
0	0
0	0
0	0
0	0
0	0
0	0
0	0
0	9181
0	0
0	3
1	3565
0	0
0	0
0	0
0	0
0	0
0	0
0	0
0	0
0	4
0	5
0	0
0	1245
0	0
0	14
0	11
0	0
0	0
35	358
0	0
0	0
1	2
0	0
0	0
1	103
0	92
0	0
0	0
1	1217
0	0
0	0
0	0
0	0
0	0
0	0
0	0
0	275
0	0
0	0
0	0
0	0
0	0
0	0
0	0
0	0
0	0
0	0
0	0
0	0
0	689
0	0
0	0
0	0
0	77
0	0
0	0
58	3
0	100
0	0
0	0
0	0
0	0
0	0
0	0
0	1
0	694
0	0
0	0
0	0
7	47
0	0
0	13
0	0
0	0
0	168
0	0
0	0
0	0
0	0
0	0
0	0
1	0
0	0
0	0
0	0
0	0
0	0
0	225
0	1
0	0
0	0
2	1
1	944
0	0
0	0
0	0
0	0
0	0
0	6
0	0
0	0
0	0
0	0
0	0
0	0
0	0
0	0
0	0
0	3
0	0
0	0
0	3
0	0
0	302
0	0
0	0
0	60
0	0
1	13
0	0
0	106
0	0
0	1548
0	0
0	0
0	0
0	2
0	0
0	0
0	0
0	0
0	0
0	0
0	0
0	0
0	0
0	1
0	0
0	0
0	0
0	6
0	0
0	0
0	0
0	0
0	1
0	0
0	0
0	0
0	0
0	0
0	0
0	0
0	0
0	0
0	0
0	0
0	0
0	0
0	0
0	0
1	1
0	0
0	0
0	0
0	216
0	0
0	0
0	0
1	2192
0	0
0	0
0	0
0	0
0	0
0	0
0	1899
0	0
0	0
2	0
0	0
0	0
0	0
0	0
0	0
0	26
0	0
0	0
0	0
0	0
0	0
0	1
0	1375
0	563
0	3896
0	0
0	0
0	0
0	0
4	1
1	0
0	0
0	0
0	0
0	0
1	167
0	0
0	0
0	0
1	731
0	3
0	0
0	0
0	0
0	0
0	0
0	1
0	18
0	5257
0	0
0	0
0	0
0	0
0	105
0	0
0	0
0	0
0	0
0	0
0	0
0	0
0	109
1	0
0	0
0	2
0	0
0	0
0	0
0	0
0	0
0	8
0	0
0	0
0	0
0	0
0	0
0	46
1	0
0	0
0	0
0	0
0	0
0	0
0	0
0	0
0	0
0	0
1	6
0	1
0	169
0	0
0	0
0	0
0	66
0	0
0	0
0	0
1	28
0	132
0	0
0	0
0	0
0	0
1	0
0	63
1	1
0	0
0	2
1	0
0	1
0	0
0	297
0	1
0	1
0	0
0	69
0	0
0	0
0	0
1	861
0	0
0	0
0	0
0	24
0	0
0	0
0	21
0	2
0	2
0	0
0	0
0	0
0	592
0	0
0	0
0	96
0	0
0	0
0	0
0	0
0	0
0	0
0	0
0	0
1	0
0	0
0	0
2	0
0	0
1	2485
0	0
0	0
0	0
0	98
5	0
0	0
0	0
0	0
0	0
10	0
0	0
0	0
1	51
0	0
0	43
0	0
0	0
0	0
0	5549
0	163
0	0
0	44
0	0
2	0
0	12
0	0
0	0
0	0
0	19
0	0
0	1
0	0
0	846
0	963
0	0
0	0
0	0
0	0
0	0
4	33
0	0
2	0
0	0
2	5
0	0
0	0
0	0
0	0
0	0
0	0
0	0
5	5706
0	0
0	1081
0	1
0	210
0	0
0	0
0	0
0	0
0	0
0	2
0	0
1	0
0	0
0	0
0	0
0	0
0	0
0	0
0	0
0	0
0	0
0	2
0	0
0	0
0	0
0	0
0	0
0	2
0	0
2	4
0	0
0	0
0	0
0	2
0	0
0	0
0	1
0	0
0	0
0	0
0	0
0	0
0	0
0	0
1	3
0	0
0	0
0	35
0	1
0	0
0	0
0	0
0	0
0	0
0	2
0	0
0	0
0	0
1	1
0	0
0	0
0	2
0	1878
0	0
0	0
0	0
0	0
0	0
0	0
0	0
0	0
0	0
2	1
0	0
0	0
0	1
1	589
0	0
0	0
0	0
0	0
15	106
0	0
0	132
0	0
735	0
0	0
0	0
0	593
1	0
0	1241
0	0
0	0
0	0
0	41
0	0
0	0
0	0
0	0
0	0
0	0
0	0
0	0
1	0
0	0
0	18
0	0
0	0
0	0
0	44
0	529
1	0
0	0
0	0
0	0
0	4
0	432
0	0
0	0
0	0
0	0
0	0
1	13
0	0
0	0
0	0
0	0
0	0
0	0
0	1
0	0
0	0
0	0
0	0
0	0
0	0
0	0
0	0
0	505
1	0
0	0
0	0
1	0
0	0
0	0
0	0
0	0
0	0
0	0
0	1
0	0
0	1
1	0
0	0
2	0
0	0
0	0
0	0
0	0
58	0
0	0
0	1
0	2
1	0
1	1
0	0
0	0
0	0
0	0
0	0
0	0
0	0
0	0
0	85
0	0
0	0
0	0
0	0
0	1
0	0
0	4
0	5
1	0
0	0
0	0
0	25
0	0
0	0
0	1
0	0
0	0
0	0
0	0
0	0
0	0
0	0
2	3
0	0
0	0
0	0
0	139
0	23
0	26
0	0
0	0
0	0
0	246
1	0
0	53
0	0
0	0
0	5
0	0
0	0
0	162
0	0
0	0
0	0
0	0
0	0
0	0
0	0
0	0
0	0
0	0
0	0
0	0
0	20
0	0
2	0
0	0
0	0
0	0
0	0
0	0
0	2
0	0
0	0
0	0
0	0
0	0
0	0
0	0
0	7563
0	0
0	0
0	0
0	0
0	58
0	0
0	0
0	0
0	4
0	0
0	4
0	4
0	0
0	0
1	33
0	0
0	0
3	0
0	0
0	0
0	0
0	0
0	0
0	0
0	0
0	5
0	0
1	18
0	0
0	1
0	240
0	0
0	13
0	0
0	15
0	0
0	0
0	0
1	131
0	0
0	0
2	380
0	0
0	0
0	0
0	0
0	0
0	218
0	33
0	0
0	0
0	0
0	0
0	0
0	0
0	0
0	0
0	35
0	20
1	15
0	0
0	7
2	222
3	51
0	0
0	0
0	0
0	0
6	0
0	64
3	0
0	0
0	0
0	0
0	0
0	0
0	0
0	0
0	52
0	0
0	0
0	0
0	41
0	2
12	0
0	2
0	4
0	0
0	0
0	0
0	0
0	0
0	0
0	1
0	0
0	0
0	0
0	0
0	2
0	0
0	0
0	2
0	269
0	0
0	52
0	0
0	191
1	0
0	0
0	0
0	0
0	0
0	0
0	0
1	3
0	52
0	0
0	0
0	0
0	0
0	0
0	0
0	0
3	5
0	0
3	0
1	0
0	167
0	0
0	161
0	0
0	1
0	0
0	0
0	0
0	0
0	0
0	0
0	0
0	8948
0	0
0	0
0	0
0	0
0	0
0	0
0	0
0	0
0	737
0	0
0	0
0	4
0	0
0	0
0	0
0	0
0	0
1	0
0	141
0	4
0	0
0	0
0	2
0	56
1	2
0	0
0	0
1	806
0	0
0	0
0	0
0	0
0	2
0	0
0	188
0	0
0	0
0	0
0	0
0	0
0	0
0	0
0	0
0	0
0	0
0	0
0	1
0	0
0	0
0	0
0	0
1	18
0	0
0	18
0	0
0	0
0	0
7	0
1	0
0	0
2	0
0	9
0	0
0	0
0	0
0	111
0	0
0	0
0	0
0	450
0	0
0	8
0	0
0	0
0	0
0	1
0	0
0	2
0	203
0	0
0	0
0	0
0	0
1	0
0	0
0	807
0	0
5	6325
0	0
4	283
15	0
0	0
0	0
3	7858
1	181
2	0
0	292
0	0
0	0
0	0
0	0
0	0
0	3
0	0
0	0
0	0
0	0
0	0
0	0
0	0
0	11
0	0
0	0
0	0
0	0
0	0
0	70
0	0
0	0
0	0
0	0
0	0
0	7
0	0
14	0
0	0
0	26
0	0
0	0
0	0
0	1
0	193
0	828
0	0
0	0
0	0
0	0
0	0
0	9
0	0
0	0
0	0
0	0
0	0
0	1693
0	0
0	0
0	0
0	0
0	0
0	0
0	0
0	0
0	0
0	0
0	5
0	0
0	0
0	0
0	0
0	17
0	0
0	0
0	0
0	0
0	0
0	0
0	0
0	0
0	60
0	0
0	0
0	0
0	0
0	0
0	0
0	0
0	0
0	37
0	18
0	1
0	0
0	0
0	0
0	0
0	101
0	0
0	17
0	0
0	0
0	0
0	45
0	0
0	0
0	2
0	0
1	0
0	0
0	0
1	0
0	26
0	0
0	0
0	2
0	0
0	0
0	0
0	0
0	0
0	0
0	0
0	0
0	0
0	0
0	0
0	3
0	0
0	0
0	0
0	0
0	0
0	0
0	0
0	0
0	0
2	5
0	0
0	0
0	0
0	0
0	381
0	5
0	0
0	0
0	1
0	30
0	0
0	0
0	0
0	0
0	0
0	0
0	0
0	0
0	0
0	1
0	10
0	0
0	0
0	0
0	54
0	0
0	0
0	12
0	0
0	11548
0	0
8	0
0	0
0	0
0	0
0	0
0	21
1	637
0	0
0	0
0	0
0	0
0	0
0	0
11	0
0	0
0	313
0	0
0	0
0	0
0	0
0	0
0	0
0	0
0	0
0	0
0	0
0	1
0	0
0	0
0	0
0	0
0	0
0	0
0	0
0	3
0	0
0	0
0	7
28	0
0	6
0	0
0	0
0	1436
0	0
0	0
0	3
0	0
0	0
0	0
0	0
0	36
1	0
0	0
0	642
0	0
3	36
0	0
0	1
0	0
0	0
0	0
0	0
0	0
0	0
0	0
0	0
0	0
0	0
0	0
0	0
0	19
0	2193
0	10
0	0
0	0
0	0
1	1830
0	0
0	200
0	1237
0	0
0	0
1	3569
0	0
0	0
0	0
0	0
0	0
0	0
0	1
0	0
0	0
0	0
0	0
0	0
0	0
0	0
1	13
0	0
0	0
0	0
0	0
0	0
4	6
2	125
0	0
0	0
0	0
1	1
0	0
0	0
0	0
0	88
0	0
0	0
0	0
0	1
0	0
0	0
14	0
0	14
0	0
0	0
0	1098
0	1217
0	27
0	0
0	0
0	0
1	5696
0	0
0	0
0	0
0	0
0	0
0	0
1	3176
0	1
0	0
0	0
0	0
0	81
0	0
0	16219
0	0
0	0
3	10
0	0
0	0
0	0
0	580
0	0
0	0
2	0
0	0
0	0
0	0
0	0
0	0
0	0
0	0
0	0
0	0
0	0
0	0
0	0
0	0
0	0
0	0
0	0
0	0
0	0
0	0
0	315
0	0
0	0
0	0
0	0
0	0
0	0
0	0
0	1209
0	0
0	0
0	645
1	0
0	0
0	0
0	1
0	0
0	0
1	0
1	6912
0	0
0	0
0	1
0	0
0	0
0	0
0	0
0	13
3	0
0	413
0	0
0	0
0	0
0	0
0	0
0	0
0	81
0	0
0	3
0	0
0	0
0	0
0	0
0	0
0	699
0	0
0	21
0	0
0	0
0	0
0	2
0	0
0	0
0	0
17	0
0	0
0	0
0	0
0	0
0	0
0	0
0	0
0	0
0	0
0	0
0	0
0	0
0	0
0	0
0	0
0	0
0	0
0	0
0	0
0	2
0	0
0	0
0	0
1	0
0	0
0	26
0	0
0	0
0	0
0	0
0	0
0	0
0	1
0	0
0	2744
0	0
0	0
0	0
0	0
0	0
0	0
0	0
0	16
0	0
1	9
0	1
0	0
0	0
0	2
0	0
0	0
0	26
0	0
0	0
1	0
0	0
0	0
0	0
0	0
0	0
0	0
0	0
0	0
1	0
0	1
0	0
0	0
0	0
0	0
0	0
2	0
0	0
0	1324
0	0
0	0
0	0
0	0
4	4875
0	2
1	0
3	9
0	0
0	0
0	0
0	0
0	0
0	0
0	0
0	2
0	0
0	0
0	1
0	0
0	0
0	0
0	95
0	0
0	0
4	108
0	5
0	6
0	0
0	0
0	1
0	0
0	0
1	0
1	87
0	0
0	0
0	0
0	5
0	0
0	0
0	0
0	0
0	0
0	0
0	5668
0	0
0	0
0	0
0	25
0	0
0	0
0	0
0	0
0	2258
1	39
0	3
0	0
1	0
2	0
0	0
0	4
0	19
0	0
26	0
0	0
4	0
1	0
0	0
0	0
1	0
0	137
0	0
0	0
0	0
0	0
0	0
0	837
0	0
0	0
0	0
0	0
0	128
0	0
0	3
0	0
18	0
0	0
0	1
0	0
0	0
0	0
0	4
0	0
0	0
0	0
0	0
0	0
1	0
0	428
6	298
1	679
0	0
0	0
0	0
0	0
0	223
0	0
0	0
0	0
0	26
0	0
0	0
0	0
0	0
0	0
0	0
0	0
0	109
0	2296
0	0
0	0
0	0
0	0
1	12938
0	0
0	0
0	0
0	0
0	0
0	0
0	0
0	0
0	312
0	0
0	0
0	86
0	0
0	0
0	0
0	0
0	0
0	0
0	0
0	5
1	0
0	0
0	337
0	0
2	0
0	0
1	0
0	0
0	0
0	0
0	8
0	0
0	0
0	0
0	0
0	0
0	0
1	0
0	0
1	1448
0	0
0	0
0	4
0	116
0	1447
0	0
0	0
0	0
0	0
0	0
2	10
0	0
0	0
0	0
0	0
0	0
0	0
0	26
0	0
0	0
0	0
0	0
0	0
1	2
0	0
0	0
0	225
0	1
0	0
1	0
1	3
0	0
0	0
0	0
0	0
0	0
0	0
2	0
0	0
0	0
1	3
0	0
0	0
0	0
0	0
1	0
2	130
3	2458
0	0
0	0
0	5
0	0
0	0
0	0
0	0
0	0
0	122
0	20
1	15
2	2
0	0
0	1
0	0
0	0
0	0
0	0
0	1288
0	99
0	0
0	78
0	0
2	0
0	0
0	0
8	0
0	0
0	0
0	0
0	19
0	0
0	550
0	0
0	0
0	0
0	0
0	0
0	0
0	0
0	0
0	0
0	0
0	0
0	0
3	0
0	0
1	17
0	115
0	0
0	0
0	0
0	7
0	0
0	0
0	0
0	0
0	0
0	0
0	0
0	0
0	0
0	0
1	38
0	0
0	0
0	0
5	13
0	0
0	0
0	0
0	0
0	0
0	0
0	0
0	0
0	0
0	0
0	972
0	0
0	0
0	0
2	0
0	0
0	0
0	266
0	2
0	0
0	0
0	0
0	0
0	0
0	1059
0	0
0	6
0	1
1	1
0	0
0	0
1	0
0	0
0	0
0	0
0	0
0	0
0	1
0	0
0	0
0	0
0	0
0	1136
0	0
0	0
0	0
0	0
0	0
0	0
0	0
0	0
0	0
0	1688
1	2017
0	1
0	3
0	0
0	0
0	0
0	0
0	0
0	0
0	0
0	0
1	0
1	0
0	0
0	0
0	0
0	6
0	0
0	0
0	0
0	0
0	0
0	0
0	0
1	0
0	16
0	0
0	0
0	0
0	0
0	0
5	0
1	0
0	0
0	2114
0	269
0	0
0	0
0	0
0	0
0	1
0	0
0	0
0	0
0	0
0	0
0	0
0	0
0	0
9	2
0	26
0	0
0	0
0	0
0	0
0	0
0	0
0	0
0	0
0	75
0	0
0	96
0	0
0	1
0	0
0	44
0	1
0	0
0	0
0	0
0	0
0	0
0	0
0	0
0	628
0	0
0	0
0	0
0	0
0	0
0	123
0	0
0	0
0	0
0	0
0	0
0	0
0	0
0	0
0	18
0	13
0	4113
0	0
0	1
0	0
0	0
0	0
0	0
0	459
0	0
0	0
0	0
0	0
0	0
0	0
0	219
0	0
0	1883
0	0
0	0
0	0
0	0
0	0
0	0
0	0
0	0
0	0
2	0
0	15
0	10
0	0
0	0
0	0
0	0
1	0
0	0
0	0
0	0
0	0
0	12
0	544
0	0
0	0
0	0
0	0
0	0
0	0
0	0
0	0
1	70
0	0
0	0
0	57
0	1
0	0
0	0
1	0
0	462
0	1443
0	0
0	0
0	1
0	99
0	633
0	0
0	0
0	0
0	0
0	0
0	1
0	0
0	71
0	0
0	0
0	23
0	0
0	0
0	1
0	0
0	0
0	0
0	0
0	1
0	0
0	2106
0	0
0	9
0	0
0	0
0	0
0	0
0	0
0	0
0	0
1	235
0	85
0	2
0	0
1	0
0	0
0	0
0	0
0	188
0	2
0	0
4	281
1	21
0	1
0	0
0	0
0	172
0	0
0	0
0	0
0	0
1	0
0	0
0	0
0	0
0	0
0	0
1	5
0	0
0	0
0	0
0	0
0	0
1	252
0	0
0	0
0	0
0	0
0	0
0	0
0	0
0	2
0	0
0	0
0	3
7	0
0	0
0	74
0	0
0	0
0	659
0	0
0	0
0	0
0	0
0	0
0	0
0	0
0	0
0	0
0	0
0	0
0	0
0	0
0	0
0	0
0	0
0	541
0	0
0	0
1	36
0	48
0	0
0	0
0	0
0	0
0	25
0	0
0	0
2	1627
0	0
0	0
0	0
0	0
0	0
0	0
0	0
1	0
0	0
3	0
1	2
0	199
0	0
0	0
1	7
0	0
0	0
0	0
0	0
0	0
0	0
0	0
0	0
0	84
0	0
0	0
0	0
0	0
1	0
0	0
0	0
0	1
0	15
0	6
0	255
0	0
0	0
0	16
0	0
0	0
0	0
0	0
0	1
0	0
0	0
0	0
0	0
0	1
0	13
0	0
0	0
0	0
0	0
0	714
0	0
0	0
0	0
0	0
0	0
0	0
0	3
0	0
0	0
0	0
0	414
0	0
0	0
0	0
0	0
0	0
0	0
0	0
0	0
0	28
0	2
2	64
0	0
0	0
0	0
0	0
0	0
0	0
0	0
0	0
0	0
0	0
0	0
0	0
0	0
0	0
0	0
0	0
0	0
0	0
0	0
0	0
0	5310
0	0
0	0
2	0
0	0
0	0
0	0
0	112
0	0
0	0
0	0
0	0
2	71
0	0
0	26
0	2
0	0
0	1
0	0
0	1
0	0
0	0
1	29
0	2
0	0
0	0
0	0
0	0
0	0
12	1
0	0
0	0
0	0
0	282
0	0
0	0
0	0
0	0
0	0
0	0
0	0
0	0
0	0
0	2
0	0
0	0
0	1466
0	0
0	1
0	1496
2	0
0	68
0	0
0	0
0	0
0	0
0	0
0	0
0	0
0	0
0	1
0	0
1	0
0	0
0	0
0	0
0	0
0	0
0	0
0	0
0	0
0	0
0	0
0	0
0	0
12	39811
0	0
33	369
1	2
0	0
0	0
0	0
0	0
0	0
2	19
0	0
0	0
0	0
2	1599
0	0
17	0
0	0
0	0
0	0
0	0
0	0
42	651
1	57
0	0
0	0
17	0
0	0
0	0
1	0
0	1
25	0
0	0
0	0
0	0
0	0
1	0
1	727
0	457
0	0
0	0
0	0
0	0
0	0
0	0
1	2
0	0
0	0
0	0
0	2
0	0
0	0
0	29
0	0
0	0
0	0
0	0
0	0
0	3
0	0
0	3
0	0
0	0
0	0
0	0
0	13
0	0
0	0
0	0
0	0
0	0
0	0
0	0
0	0
0	0
3	0
0	0
0	0
0	0
0	0
0	0
0	0
0	5193
0	0
3	1122
0	537
0	0
1	0
0	0
0	0
0	0
0	0
0	0
0	0
0	0
0	0
0	0
0	108
0	0
0	0
0	0
0	4
1	14
0	2143
0	0
0	0
0	0
0	0
0	0
0	28
2	0
0	0
0	0
0	0
0	0
0	0
0	0
0	0
0	0
0	0
0	0
0	3
0	0
0	0
0	0
0	0
0	0
0	0
0	0
0	0
0	0
0	0
0	0
0	0
0	3
0	0
0	0
1	18433
0	0
0	0
0	0
0	0
1	0
0	0
0	0
0	0
0	0
0	3
0	0
0	0
0	0
0	0
0	27
0	0
0	0
0	0
0	0
0	0
0	0
0	0
0	0
0	0
0	0
0	0
0	1
0	0
0	0
0	0
0	0
0	0
3	0
0	0
0	0
0	0
0	8
0	0
0	0
0	0
0	0
0	0
0	0
0	0
0	0
0	0
0	184
0	10
0	0
0	0
0	0
0	0
0	0
0	0
1	4
0	0
0	0
0	0
0	0
0	0
0	0
0	20
0	0
0	0
0	61
0	0
0	0
0	0
0	0
0	0
0	0
0	0
0	0
0	9
0	32
3	8
0	0
0	0
0	0
0	0
0	0
0	0
0	0
0	0
0	0
0	0
0	0
0	0
1	0
0	1
0	0
0	0
0	0
0	0
0	0
0	0
0	0
0	655
0	3
0	0
0	0
0	0
0	169
0	0
0	0
0	0
0	0
0	0
0	0
0	115
0	0
0	31
0	0
0	0
0	0
0	0
0	0
0	0
0	0
0	0
0	0
0	0
0	0
0	0
0	0
0	0
0	0
0	0
0	0
0	251
0	8
0	3
0	0
0	0
0	0
0	0
10	0
0	0
0	0
1	1
0	0
0	0
5	6706
0	0
2	0
0	0
0	0
0	0
0	0
0	79
0	0
0	0
0	320
0	0
0	0
0	0
0	0
0	0
0	0
0	0
0	0
0	0
1	4230
0	0
0	0
0	0
0	0
0	1
0	0
0	0
0	0
0	2
0	0
0	0
0	0
0	0
0	0
0	0
0	0
0	46
0	0
0	0
8	0
0	0
2	1322
0	922
0	0
0	0
0	0
0	0
0	0
0	15
0	0
0	1
0	0
0	0
1	0
0	0
0	0
0	0
0	5390
0	0
0	0
0	0
0	0
0	0
0	0
0	0
0	0
0	0
0	0
0	0
0	16358
0	0
0	0
0	0
0	0
0	4
0	5061
0	0
0	0
0	0
0	0
0	7
0	0
0	0
0	0
0	0
0	0
10	0
0	97
0	0
0	0
0	0
0	0
0	0
1	294
0	0
0	0
0	0
0	63
0	0
0	0
0	0
0	0
0	0
0	0
6	173
0	113
0	0
0	0
0	0
26	0
1	0
0	26
0	0
1	131
0	0
0	0
0	0
0	0
0	0
0	0
0	0
0	0
1	570
0	0
0	0
0	0
0	0
0	0
0	0
0	0
0	0
0	0
0	2
1	0
0	0
1	263
0	0
0	0
0	0
0	0
0	0
0	0
0	0
3	0
0	0
0	0
0	0
0	0
0	2
0	0
0	0
0	0
0	0
0	0
0	0
0	0
0	76
0	0
0	8
0	0
0	0
0	0
0	0
6	0
0	143
0	0
0	0
0	59
0	0
0	0
0	0
0	0
0	0
1	556
0	0
0	0
0	0
0	0
0	1
0	0
0	0
0	0
1	0
0	0
0	0
0	0
0	0
0	0
0	2
0	1
0	0
0	7
0	0
0	0
0	0
0	5
0	0
0	0
0	0
0	5
0	25
14	3
0	0
0	2
0	0
0	0
0	0
0	0
0	9
0	0
0	0
0	0
0	0
0	0
0	2
0	0
0	0
1	0
0	10
0	0
0	0
0	0
0	0
0	0
0	0
0	0
0	0
0	0
0	1
0	0
0	0
1	0
0	0
1	0
0	0
0	0
0	0
0	0
3	293
0	0
0	0
0	0
0	0
0	1
0	0
0	0
0	804
0	0
0	0
0	5
1	19
0	82
0	2
0	0
5	38
0	153
0	24
0	0
0	0
0	0
0	0
0	0
0	0
0	0
0	0
0	1008
0	0
0	0
0	0
0	0
0	0
0	0
0	0
0	1
0	0
0	0
0	0
0	0
1	0
0	2177
0	0
0	0
0	0
0	1
0	0
0	0
0	0
0	0
0	1464
0	0
0	0
1	298
10	24
0	0
0	0
0	0
1	0
1	2048
0	0
1	0
0	0
0	0
0	0
1	1854
0	0
0	150
0	0
0	0
0	0
0	0
0	0
0	0
0	0
0	67
0	0
0	0
0	0
0	2
0	3
0	0
0	0
0	0
0	0
0	0
0	0
0	32
0	0
0	0
0	0
0	0
0	0
0	0
0	3
0	0
0	0
0	0
0	1
0	2433
1	51
0	0
0	0
0	0
0	16
0	224
1	448
0	0
0	0
0	0
0	0
0	1
0	0
0	0
0	4
0	2
1	6
0	0
7	39
4	1
0	0
0	0
0	0
0	0
0	0
0	0
0	0
1	1745
0	1
0	1
0	0
0	3
0	0
0	2
0	0
0	0
0	0
0	70
0	0
0	0
0	0
0	0
0	0
0	0
0	0
0	0
0	0
0	0
0	0
0	0
0	218
0	0
0	0
0	571
0	1
0	0
0	0
0	0
0	0
0	0
0	0
0	0
0	2
0	0
0	28
0	0
0	0
0	0
0	2
1	0
0	2
0	0
0	0
0	24
0	0
1	0
0	0
0	0
0	5
1	0
0	0
0	125
0	159
0	0
0	26
0	0
0	2
0	0
0	0
0	0
0	0
0	0
0	0
0	0
0	0
0	0
0	0
0	0
0	0
0	0
0	0
0	0
0	0
0	0
0	137
0	0
0	0
0	0
0	0
0	0
0	0
0	0
0	0
0	0
0	0
1	0
0	0
0	0
0	2
0	0
0	0
0	0
0	0
0	402
0	0
0	2
0	0
0	0
0	0
0	110
0	0
1	22
0	0
0	0
0	114
0	0
0	0
0	0
0	0
0	0
0	0
0	19
0	0
0	0
0	0
1	102
0	0
0	2443
0	0
0	0
0	0
0	0
0	0
0	3
0	66
0	282
0	0
3	0
0	4
0	0
0	632
0	0
0	751
0	0
0	0
0	0
0	10
0	0
0	0
0	0
0	1
0	28
0	0
0	0
0	708
0	0
0	0
0	2
0	0
0	0
7	65
0	0
0	0
0	0
0	0
0	0
0	49
1	0
0	0
0	0
0	0
0	0
0	0
0	0
0	1
0	0
0	0
0	0
0	0
1	0
0	6
0	373
0	0
0	0
0	0
0	0
0	0
0	0
0	0
0	0
0	0
0	0
0	0
51	177
0	0
5	0
0	0
0	0
0	0
0	0
0	0
0	0
0	0
1	0
0	0
0	268
0	1
0	2194
0	0
0	0
0	0
0	0
3	9
0	0
0	0
0	0
0	153
0	0
0	0
1	11
0	0
0	0
0	0
0	0
0	0
0	0
0	1
0	0
0	923
0	1554
0	0
0	5
1	1
0	0
10	0
0	0
0	0
0	0
0	0
0	0
33	15988
1	1376
0	5417
0	5165
0	0
1	5
0	2004
0	0
0	0
0	0
0	0
0	0
0	0
0	0
0	0
0	0
0	0
0	0
0	2
0	0
0	0
0	0
0	0
0	0
0	0
0	0
0	0
0	0
0	8
0	0
0	0
0	0
0	0
13	0
0	0
0	0
0	0
3	0
0	0
0	73
0	0
1	17
0	0
0	0
0	0
0	0
0	0
0	0
0	0
0	0
0	0
0	0
0	0
0	0
0	0
0	0
0	0
0	0
0	0
0	25
0	0
0	4
0	0
0	0
0	0
0	0
0	119
0	213
0	0
0	0
0	0
0	0
0	0
0	0
0	0
0	0
0	11
0	2
0	0
0	0
0	0
0	0
0	0
0	204
0	0
0	2477
0	0
0	0
0	0
0	0
0	30
0	0
0	0
0	0
0	0
0	0
0	2
0	0
0	0
0	0
0	100
0	0
3	0
0	0
0	0
13	0
0	0
0	7
0	0
0	0
0	0
0	0
0	1
0	0
0	2
0	0
0	0
0	0
0	0
0	0
0	0
0	0
0	0
0	0
0	0
0	0
0	0
0	201
0	0
0	0
0	0
0	0
0	0
1	0
1	4189
0	38
1	657
4	0
0	0
0	0
0	0
0	2
0	0
0	0
0	0
0	0
0	0
0	0
0	0
0	0
0	0
0	2
0	34
10	114
0	1
1	50
0	0
0	0
2	0
0	0
0	0
0	0
0	0
1	1
0	3
0	1
0	0
0	0
4	0
0	58
0	0
0	0
0	1
0	0
0	0
0	0
0	0
1	1
0	0
0	0
0	125
0	0
0	0
0	0
0	0
1	0
0	263
0	11
0	0
0	0
0	0
0	0
0	0
0	1
0	0
0	0
0	0
0	0
0	224
0	0
0	0
0	0
0	0
0	0
0	0
1	23
0	0
0	0
0	0
0	7
5	0
0	0
0	167
0	0
0	778
1	0
1	0
0	451
0	0
0	0
0	0
0	0
0	57
0	0
0	0
0	0
0	0
0	0
0	0
0	0
6	0
0	0
1	6785
0	0
2	0
0	0
0	0
0	0
0	0
4	837
0	0
0	0
0	0
0	0
0	0
0	0
0	0
0	0
0	0
0	1
0	1
1	2104
0	0
0	0
0	0
0	0
2	6120
0	15
0	0
0	5
0	0
0	10
0	0
0	0
0	0
4	0
0	0
0	0
0	2004
0	0
0	0
0	219
0	0
0	15
0	0
0	1
0	0
0	0
0	2
0	9
0	0
9	0
0	0
0	0
0	0
0	0
0	0
0	0
0	0
0	0
0	2
0	5
0	0
0	0
1	0
0	0
0	69
0	0
0	0
1	0
0	0
0	0
0	0
0	0
1	19
0	0
0	0
0	5
0	10
0	0
0	264
0	0
3	760
0	0
0	0
0	0
0	0
0	15
0	0
0	0
0	0
0	0
0	0
0	0
0	0
0	14
0	0
2	3896
0	0
0	0
0	1
0	0
0	0
0	0
0	0
0	0
0	0
0	0
0	0
0	0
0	0
0	0
0	0
0	0
0	0
0	0
0	0
0	126
0	0
1	2
0	0
0	0
0	0
55	0
1	0
22	0
0	0
0	0
0	0
0	0
0	0
0	0
0	0
0	0
2	0
0	0
0	0
0	0
0	0
0	0
0	0
0	0
5	41
0	0
0	0
0	0
0	0
0	0
1	0
6	520
0	300
0	0
0	0
0	0
0	369
0	0
0	0
0	0
0	0
1	949
0	0
0	0
10	0
0	0
0	4
0	0
0	0
0	130
0	0
0	0
0	0
0	0
2	1873
9	1
0	0
0	0
0	9
0	0
0	90
0	355
0	0
0	0
0	0
0	0
0	0
0	0
0	0
0	8
0	0
0	0
0	1
0	0
0	0
0	0
0	0
0	337
0	0
3	1300
0	0
1	34
0	0
0	0
0	9
0	0
0	0
0	0
0	0
1	2774
0	2571
0	0
0	26
0	2
0	0
0	0
0	0
0	2
0	0
0	0
0	0
0	0
0	0
0	0
0	0
0	0
0	0
0	0
0	0
0	0
0	3
0	0
0	0
0	0
0	0
0	0
1	1
0	11
0	0
0	0
0	0
1	0
0	3
1	318
0	0
0	0
0	0
0	0
0	0
0	0
0	0
11	139
0	0
0	0
0	0
0	1031
0	0
0	1
0	0
0	0
0	0
0	0
0	49
0	0
0	0
0	164
0	0
1	0
0	0
0	0
0	360
0	0
0	0
0	0
0	0
0	0
0	4136
1	3590
0	1
0	0
0	0
0	0
0	0
0	0
0	0
0	35
0	239
0	3
0	0
0	0
0	0
0	0
0	0
0	0
0	0
0	0
0	0
0	0
0	0
0	4
0	0
0	522
0	294
0	0
0	0
8	1
0	0
0	0
0	0
0	0
0	36
0	0
0	0
0	0
0	0
2	0
0	0
0	0
0	0
0	0
0	0
0	0
0	7021
0	0
0	0
0	0
0	0
0	0
0	0
0	0
0	18
0	0
0	0
1	0
0	0
0	0
0	2
0	1
0	0
0	98
0	0
0	0
3	428
0	1
0	0
0	0
0	0
0	0
0	0
0	0
0	0
0	0
2	0
0	0
0	15
0	0
0	0
0	0
0	0
0	0
0	770
0	0
1	0
0	532
0	0
0	0
0	0
0	0
0	0
0	0
0	0
0	0
0	0
0	0
0	0
0	0
0	1
0	0
0	0
0	0
0	0
0	0
0	0
0	0
0	36
0	0
0	0
0	75
0	0
0	0
0	0
0	0
0	0
0	0
0	0
0	0
0	0
0	1
0	0
0	0
0	0
0	0
0	0
0	0
0	0
0	0
0	0
0	0
0	0
0	0
0	0
0	44
0	0
0	0
0	0
0	0
0	0
0	0
0	0
0	0
0	0
1	148
0	0
0	0
0	0
0	223
0	0
0	0
0	0
0	1
0	0
0	0
0	0
0	56
0	5
0	0
0	0
0	0
0	2
0	1
0	0
0	0
0	100
0	2
0	0
0	0
0	0
0	10
0	0
0	2
0	0
0	0
0	0
0	0
0	0
0	0
0	126
0	0
0	0
1	133
0	2
0	0
0	0
0	0
0	0
0	0
0	0
0	0
0	0
0	0
0	0
0	135
0	0
0	1274
0	0
0	0
0	0
0	0
0	1391
0	2
0	0
0	1450
0	0
0	0
0	0
1	0
0	0
0	0
0	0
6	0
0	0
0	0
0	0
0	0
0	1
0	0
0	0
0	0
0	0
0	0
0	0
2	18
0	0
0	0
0	0
0	0
0	0
0	0
0	0
0	0
0	0
1	5549
1	0
2	11021
0	0
0	0
0	0
0	0
0	8
0	0
0	1109
0	517
0	0
0	0
0	0
0	0
0	0
0	0
0	0
0	0
0	0
0	0
0	0
0	0
0	0
0	0
0	0
0	0
0	0
0	2
0	0
0	0
0	0
0	17
0	5
0	0
0	0
0	0
0	4
0	0
0	0
0	0
0	0
0	2
2	222
0	0
0	0
0	0
0	0
1	0
0	6
0	120
0	0
0	0
0	0
1	0
0	141
0	0
0	0
0	0
0	1
0	0
0	0
0	0
0	1
0	0
0	0
0	0
0	0
0	0
4	0
0	0
0	0
0	0
0	0
0	0
0	0
0	0
0	0
0	0
0	0
0	1504
0	0
0	0
1	0
0	0
10	10037
0	0
0	0
0	0
0	29
0	0
0	0
0	0
0	0
0	0
0	0
0	0
0	0
0	0
0	0
0	0
0	0
0	0
0	0
0	0
0	0
0	0
0	0
0	0
0	0
0	0
0	158
0	0
0	0
0	839
2	0
0	0
0	0
0	0
2	0
0	0
0	0
0	0
0	0
1	1058
0	0
0	5289
0	0
0	92
0	0
0	0
0	0
0	0
0	0
0	0
0	0
0	246
1	0
0	0
0	0
0	0
0	0
0	0
0	0
0	1
5	0
0	0
0	0
0	0
0	921
0	0
0	0
0	0
0	0
0	0
0	0
0	0
0	0
0	0
0	0
0	0
0	0
0	0
0	0
0	0
0	0
0	0
0	0
0	0
0	0
0	0
0	66
0	0
0	91
0	0
0	0
0	0
0	0
0	0
0	0
0	63
0	0
0	0
0	0
0	0
0	0
0	0
0	1
0	0
0	0
0	0
0	0
1	0
0	0
0	0
0	0
0	0
0	0
0	1
0	0
0	3
0	0
0	0
0	0
0	0
0	0
1	17
0	0
0	0
0	0
0	0
0	0
6	3
0	0
0	0
0	62
0	2201
0	0
0	0
0	0
0	0
0	0
0	0
0	142
0	0
0	31
0	0
0	2
0	0
0	0
0	0
0	0
0	0
0	0
0	0
0	0
0	0
0	0
0	0
0	0
0	0
0	0
0	0
0	0
0	0
0	0
0	2154
0	0
3	0
2	6
0	2
0	0
1	3
2	2580
0	0
0	0
0	0
0	0
0	0
0	0
37	0
0	0
9	0
0	0
0	0
0	0
0	0
0	0
0	0
0	0
0	0
0	0
0	0
0	0
0	0
0	0
0	0
0	0
1	463
0	29
0	0
0	0
0	0
0	0
0	0
0	0
0	0
0	2
0	0
0	0
0	0
0	0
0	151
0	0
0	0
0	0
0	0
0	0
0	0
0	0
0	0
4	0
4	100
1	33
0	0
0	0
0	0
0	0
1	1
0	0
1	2045
0	1
0	122
0	0
0	0
0	0
0	0
0	0
0	0
0	6
0	0
0	16
0	0
0	0
0	1849
0	0
0	0
0	0
0	128
1	0
1	0
0	0
0	0
0	377
0	0
0	0
0	0
0	0
0	0
0	0
0	0
0	0
0	0
0	0
0	0
0	1
0	0
0	0
0	0
0	0
0	23
0	664
0	0
0	0
0	0
0	0
0	0
0	0
0	0
0	0
0	0
0	0
0	0
0	0
0	0
0	0
0	0
0	0
0	0
1	0
1	13518
0	0
0	0
0	0
0	0
0	0
0	34
0	0
0	14
0	0
1	181
0	0
0	0
0	0
0	0
0	0
0	0
0	0
0	0
0	0
0	0
1	0
0	0
0	0
0	0
1	0
0	3
0	0
0	0
0	0
0	0
0	0
4	0
0	0
0	0
0	0
3	68
0	0
0	0
0	0
0	204
0	0
0	14
0	0
17	0
0	2
0	0
0	0
0	0
0	0
0	0
0	0
0	0
0	0
0	0
0	12
0	0
0	0
0	0
0	0
0	0
0	0
0	0
0	1
1	0
0	186
0	0
0	0
0	6
0	2
0	0
0	0
0	0
0	1
2	0
0	0
1	0
0	0
0	41
0	0
0	848
0	0
0	0
0	0
0	0
0	0
0	0
0	0
0	0
0	0
0	0
0	0
0	0
0	0
0	0
0	0
0	0
0	0
0	0
0	0
0	0
0	0
0	0
0	0
0	0
0	0
0	0
0	0
1	34
0	1
0	0
0	0
0	0
0	0
0	0
0	1
0	0
0	0
0	61
0	0
0	195
0	0
0	39
2	5084
0	417
0	0
0	0
0	0
0	0
0	186
0	6
0	0
0	24
1	0
0	0
0	0
0	0
0	0
0	4
1	0
0	0
0	0
0	0
0	0
0	0
0	0
0	0
0	1
0	0
0	47
0	0
0	0
0	0
0	0
0	0
0	0
0	0
0	4
0	0
0	0
0	0
0	0
0	0
0	0
0	0
0	0
0	0
0	0
0	0
0	0
0	0
0	0
0	0
0	0
0	0
0	0
0	0
0	0
0	0
1	0
0	0
0	0
0	0
0	0
0	0
2	29
0	2495
0	0
0	0
0	14
0	0
0	1
0	0
0	0
0	0
0	0
0	0
0	0
0	0
0	0
1	0
0	0
0	0
0	0
2	0
0	0
0	0
0	203
0	44
0	0
0	26
0	0
0	12
0	0
0	17
0	0
2	156
0	0
0	0
0	0
0	0
0	0
0	0
0	0
0	0
0	65
0	2
2	0
1	0
0	0
0	0
0	0
0	0
0	0
1	2536
0	3
0	12
0	149
0	231
0	0
0	499
0	0
0	0
0	0
0	0
0	6
0	2
2	0
0	0
0	0
0	0
0	0
0	0
4	177
0	0
0	0
2	104
0	0
0	0
0	83
0	0
0	0
0	2
0	0
0	0
0	0
0	0
0	0
0	1
0	0
0	0
0	0
1	6426
0	0
0	0
0	0
0	1
0	0
0	0
0	0
1	380
0	13
0	0
0	0
0	4
0	0
0	0
0	4100
0	0
0	0
0	0
5	0
0	1439
0	0
0	3
0	0
2	4709
0	0
0	0
0	0
0	0
0	0
0	0
1	0
0	0
0	0
0	293
0	10
0	0
0	29
0	0
0	0
0	1798
0	0
0	0
0	114
0	0
0	4879
0	1774
0	1
0	2
0	0
0	1075
0	1087
0	1
0	0
0	2
0	0
0	6
0	0
0	0
0	0
0	0
0	0
0	0
0	0
0	0
0	6
0	0
0	0
0	0
0	57
0	0
0	0
0	0
0	0
0	0
0	0
0	0
0	0
0	0
0	460
0	0
0	0
0	0
0	0
1	2
0	0
0	0
0	20
0	0
0	0
0	0
0	0
0	0
0	0
0	0
0	0
0	0
1	0
0	0
0	0
0	0
0	577
0	0
0	0
0	0
0	0
0	0
0	0
0	0
2	40
0	212
0	0
0	2
0	0
0	0
0	0
0	0
0	0
0	0
0	0
0	80
0	0
0	0
0	0
0	0
2	8
0	68
0	0
2	9
0	0
0	1
1	10
0	0
0	0
1	0
0	0
0	0
1	9
0	0
0	0
0	0
0	0
0	0
0	0
0	0
0	0
1	2
0	6
0	0
0	0
0	0
0	0
1	3
0	0
0	0
0	0
0	0
0	1243
0	0
0	0
0	0
0	0
0	1
0	0
0	0
1	161
7	0
0	0
0	5
0	0
0	0
0	0
0	0
0	15
0	0
8	0
0	0
2	0
0	494
0	6
0	0
3	0
0	0
0	0
0	0
0	0
0	0
0	0
0	7
0	0
0	0
0	0
0	0
0	0
0	0
1	0
2	28
0	0
0	0
0	0
0	12
0	73
0	0
0	0
0	0
2	2575
0	0
0	0
0	0
0	0
0	0
0	0
0	0
0	8
0	0
0	0
0	0
1	0
0	0
0	0
0	12
2	0
0	0
0	0
0	0
0	0
0	0
0	0
0	0
1	1052
0	0
0	0
0	0
0	1
0	0
0	0
0	41
0	0
0	0
0	0
0	3
0	0
2	0
0	0
0	0
0	313
0	0
0	0
0	0
0	0
0	0
0	0
0	0
0	0
0	13
0	19
0	0
0	0
0	0
0	0
0	0
0	0
0	0
0	0
0	0
0	0
0	0
0	0
0	0
0	0
0	0
0	75
0	0
0	0
0	0
0	0
0	298
0	184
0	0
1	0
0	0
0	0
0	0
0	0
0	0
0	0
0	0
0	0
0	0
0	267
0	0
0	83
0	0
1	0
0	0
0	136
0	0
0	0
0	0
0	0
0	0
0	0
0	0
0	0
0	0
0	0
0	4
0	0
0	0
0	0
0	0
0	0
0	0
0	0
0	0
0	0
0	0
1	72
0	0
0	0
0	9
0	0
0	0
0	200
0	45
0	0
0	0
0	0
0	0
0	0
0	0
0	0
0	0
0	0
0	0
0	0
0	0
0	0
0	1
0	0
0	0
0	0
0	0
0	0
0	0
0	21
0	0
1	0
2	4
0	0
0	0
0	4
0	0
0	0
0	0
0	0
0	0
0	0
0	0
0	0
2	587
0	0
0	0
0	7
0	0
0	0
0	0
0	0
0	0
0	0
0	11
0	0
0	0
0	0
0	0
0	0
0	0
0	0
0	0
0	0
1	4
0	0
0	0
0	63
1	3416
0	0
0	0
0	0
0	0
0	99
0	0
0	0
0	4
0	0
1	215
0	0
0	0
0	0
0	0
0	0
0	0
21	5
0	0
0	0
0	0
0	0
0	0
0	0
0	41
0	0
1	0
0	0
0	3
0	0
0	0
0	1
0	0
0	0
0	0
0	1
0	0
0	0
0	0
0	0
0	0
1	138
0	1
0	0
1	1
0	0
0	0
0	0
0	0
0	0
0	0
0	0
0	1
0	0
0	309
0	0
0	2
0	0
0	0
0	0
0	0
0	0
0	587
3	98
1	0
0	0
0	1
0	0
1	5
0	0
0	0
0	619
5	24
0	0
0	7
0	0
0	0
0	830
0	0
0	0
0	0
0	2522
0	0
0	0
0	0
0	0
0	0
0	0
1	411
0	0
0	20
0	0
0	0
0	246
0	31
0	1
0	0
1	0
0	0
0	0
0	0
0	0
0	0
0	0
0	0
0	3
0	0
1	3
0	0
0	0
2	12
0	0
0	0
0	0
0	0
0	0
0	0
0	0
0	0
0	0
0	12
0	0
0	0
0	0
0	0
0	0
0	0
0	12144
0	0
0	0
0	0
0	0
0	0
0	0
0	0
0	0
0	3
0	0
0	16
0	0
0	117
0	0
0	0
0	0
0	0
12	5
0	0
0	0
0	0
0	0
0	1
0	0
0	0
0	0
0	0
0	0
0	0
0	0
0	0
0	0
0	0
0	0
0	0
0	0
0	0
0	0
1	0
0	0
0	0
0	0
8	1
0	848
2	1960
0	0
0	0
0	0
0	0
1	2
0	0
0	0
0	0
0	0
0	0
0	0
0	1831
0	0
0	0
0	0
0	0
0	0
0	0
0	0
0	0
0	0
0	8
0	0
1	52
2	0
0	0
0	0
0	0
4	22942
0	120
0	0
0	0
0	0
0	0
0	0
0	0
3	0
1	0
0	0
0	0
0	0
0	0
0	0
0	0
0	0
6	18104
0	0
0	0
0	0
0	0
0	916
0	0
0	0
0	0
0	0
0	0
0	0
0	0
0	0
0	22
0	0
0	0
0	0
0	0
0	0
0	1
0	0
0	0
0	0
0	4
0	36
0	0
0	0
0	0
0	0
0	0
0	0
0	2
0	0
0	0
0	1
0	0
0	0
0	23
0	0
0	0
2	0
0	0
0	0
0	41
0	0
0	0
0	1
0	0
0	0
0	19
0	0
1	658
0	1140
1	0
0	0
0	0
0	0
0	0
0	0
0	0
0	0
0	0
0	0
0	174
0	0
0	0
0	0
0	0
0	0
0	0
0	1
1	1
0	0
0	0
0	0
0	0
0	0
0	0
0	0
0	0
0	0
0	0
0	0
0	0
0	0
0	0
0	0
0	1570
0	0
0	0
0	0
0	0
0	0
0	0
0	0
0	1
1	0
0	0
0	0
0	0
0	0
0	0
0	0
0	0
0	0
0	0
0	26
0	0
1	20
0	0
0	8
1	0
0	0
0	0
0	1030
0	0
0	0
0	0
0	0
0	0
0	0
0	0
0	0
0	7
0	0
0	0
0	0
0	1
0	0
0	34
0	0
0	0
1	0
0	0
0	70
0	0
0	0
0	0
0	0
0	0
0	0
0	0
0	0
0	0
1	341
0	0
0	0
0	0
0	0
1	0
0	0
0	0
0	0
0	0
0	0
0	0
0	0
0	0
0	0
0	0
0	0
0	51
0	0
0	0
0	0
0	0
0	0
0	13
0	0
0	2
0	0
0	0
0	0
0	0
0	0
0	0
0	0
0	0
0	0
0	0
0	0
0	0
0	38
0	0
0	0
0	18
0	0
0	0
0	1
0	0
0	0
0	0
0	0
0	0
0	0
0	0
0	0
0	0
0	0
1	0
0	0
0	0
0	0
0	0
0	0
0	0
0	0
28	3430
0	562
0	0
0	0
0	0
0	0
0	0
0	0
0	0
0	2
1	0
0	0
0	0
0	0
0	0
0	0
0	0
0	0
0	0
0	1
0	0
0	0
0	0
0	1
0	0
0	0
0	0
0	0
0	0
0	0
0	0
0	0
0	0
0	0
0	0
0	0
0	0
0	68
0	0
0	0
0	0
0	0
0	0
0	0
0	0
0	0
0	0
0	81
0	8218
0	31
0	0
0	0
0	0
0	20
0	0
0	0
1	31
0	0
0	1
0	0
1	1
0	0
12	37
0	1
0	0
0	0
0	0
0	71
0	369
0	7
1	0
0	0
1	228
0	0
0	0
0	0
0	47
0	0
0	0
0	0
0	0
0	0
0	553
0	0
0	33
0	73
0	0
0	0
0	0
0	0
0	0
0	0
0	7
0	364
0	0
1	0
0	0
0	0
0	0
0	0
0	0
0	0
0	0
2	331
0	0
0	0
0	2
0	0
0	2
0	0
0	0
10	18
0	333
0	0
0	0
0	0
1	1542
0	1
0	0
0	0
1	8
0	0
0	2
0	0
0	0
0	0
0	59
0	97
0	0
0	0
0	6
0	0
0	0
0	60
0	0
0	0
0	0
0	186
0	0
0	0
0	304
0	0
0	0
0	0
0	0
0	0
0	0
0	0
1	1
0	3418
0	0
0	0
0	32
2	718
0	0
0	526
0	0
0	26
0	0
0	0
0	0
0	0
0	0
0	1
0	0
0	0
2	759
0	0
0	0
0	0
0	0
0	7360
0	0
0	0
0	0
0	0
0	0
0	0
0	0
1	0
0	0
0	0
0	2
0	40
0	0
1	0
0	0
0	247
0	0
0	1
2	3890
0	0
0	0
0	0
0	0
0	0
0	0
0	0
0	2
0	0
0	0
0	0
0	0
0	0
0	13
0	0
0	43
0	0
0	0
0	0
0	0
1	83
0	0
0	0
0	4163
0	1725
0	0
0	0
0	0
0	0
0	0
0	0
0	0
3	10218
0	0
0	1
0	0
0	0
0	1
0	0
0	0
0	0
0	0
0	0
0	1
0	0
0	0
0	0
0	0
0	0
0	0
0	0
0	0
9	3
0	0
0	0
0	0
0	1
0	0
0	0
0	0
0	0
0	0
0	0
2	0
0	0
0	0
0	0
0	0
1	6
0	0
0	0
0	4004
0	0
0	0
0	0
0	0
0	0
0	0
0	0
0	0
0	0
0	0
0	0
0	10
0	485
0	5884
0	0
0	0
0	0
0	0
0	0
0	0
0	19259
0	0
0	0
0	0
0	0
0	0
0	0
0	0
0	2
0	0
0	0
0	9
0	0
0	0
0	0
0	0
0	0
0	0
0	0
1	0
0	0
0	0
0	0
0	0
0	0
0	0
0	0
0	0
0	0
0	0
0	0
0	0
0	0
0	10
0	0
0	0
0	0
0	13
0	0
0	0
0	0
0	0
0	0
0	3
0	0
0	0
0	27
0	0
0	0
0	0
0	0
0	0
0	2
1	1
0	0
0	2
0	0
0	0
0	116
0	0
0	0
0	0
0	0
0	0
0	2
0	0
0	0
2	17
0	0
0	0
0	0
1	0
0	0
0	0
0	0
0	0
0	0
0	0
0	0
0	0
0	0
0	2
0	2
0	49
0	0
0	7
0	0
0	0
2	0
0	0
0	0
0	0
0	0
0	0
0	2
0	0
0	0
0	0
0	0
0	0
0	0
0	0
0	0
0	0
0	117
0	0
0	4974
0	0
0	0
0	0
0	0
0	0
0	0
0	0
0	11
0	0
0	0
0	0
0	0
0	0
0	0
0	0
0	0
0	0
0	0
0	0
0	0
0	80
0	0
0	0
0	0
0	12
0	0
0	0
0	0
0	324
0	0
0	0
0	0
0	0
0	0
0	0
0	0
0	0
0	713
0	0
0	0
0	0
0	0
0	53
1	0
0	150
0	0
0	7
0	0
0	0
0	0
0	0
1	19
1	1
0	3
0	24
0	0
0	0
0	8605
0	3
0	0
0	0
0	0
0	0
0	0
0	0
0	0
1	3
0	0
6	0
0	0
0	220
0	101
0	0
0	14
0	65
0	0
0	0
0	53
0	0
0	0
0	0
0	0
0	0
0	0
0	0
0	0
0	0
0	0
0	0
0	1763
0	0
0	0
0	0
0	0
0	0
0	0
0	2
0	0
0	0
0	0
0	0
0	5
0	0
0	0
0	0
0	260
0	0
0	0
0	0
0	0
0	0
30	0
0	0
0	19
0	0
0	0
0	187
0	0
0	0
0	0
0	0
0	0
0	0
0	1020
0	0
0	110
0	0
0	0
0	0
0	0
42	27238
16	3
0	0
0	2966
0	0
0	29
0	0
0	30
0	0
2	0
0	0
0	0
0	0
0	0
2	252
0	0
8	29
1	0
0	158
1	0
0	0
0	0
0	0
0	0
0	0
0	1
0	0
0	0
0	0
0	0
0	0
0	0
0	0
0	0
0	0
0	0
0	1
0	0
0	0
1	0
0	0
0	1
0	0
0	7
0	0
0	3457
0	0
0	0
0	0
0	0
0	0
0	0
0	0
0	282
0	0
0	0
0	0
0	0
0	0
0	2
0	91
0	0
0	0
0	1
0	0
1	185
0	0
0	0
0	3
0	0
0	0
0	0
0	0
0	1
0	0
1	5
0	0
0	0
0	0
1	0
0	0
0	0
0	1
0	105
0	1
0	1
0	0
0	0
0	0
0	0
0	0
0	0
0	0
0	0
0	0
0	0
6	1210
0	0
0	0
0	0
0	0
0	0
0	0
0	0
0	0
0	0
0	0
11	21
0	0
0	0
0	0
0	0
0	0
0	0
0	0
0	0
0	0
0	0
0	0
0	0
0	0
0	0
0	0
0	0
0	0
0	0
0	0
0	0
0	0
0	0
0	0
0	0
0	0
0	0
0	0
0	0
0	0
0	0
0	3
0	0
0	0
0	2
0	0
0	0
0	0
1	0
0	0
0	0
0	0
0	0
0	0
0	2
0	0
0	0
0	0
0	0
1	0
0	0
0	0
0	0
0	0
2	746
0	0
0	0
0	0
0	0
1	0
1	0
0	5
0	0
0	0
0	0
3	0
1	0
0	0
0	0
0	0
0	0
2	0
0	0
0	0
0	0
0	0
0	0
0	0
0	0
0	0
0	0
0	0
4	0
0	0
6	0
0	0
0	0
0	0
0	0
0	0
0	0
0	17171
0	0
0	0
0	0
2	0
0	0
0	0
0	669
0	0
0	0
0	39
0	0
0	0
0	0
0	0
0	0
0	0
0	0
0	0
0	0
0	0
0	0
0	106
0	45
0	0
1	1695
1	0
0	3
0	0
0	0
0	0
0	0
1	0
0	0
1	970
0	0
24	0
0	5
0	0
0	0
1	0
0	0
0	0
0	0
0	0
1	61
0	0
0	0
0	0
0	0
0	0
10	0
0	12
0	0
0	0
0	0
0	0
0	2
0	160
0	0
0	0
0	0
0	0
8	1
0	701
0	0
0	0
0	26
0	0
3	1870
0	0
1	0
0	0
2	3396
0	546
0	0
0	0
0	0
0	0
0	0
0	73
0	0
0	2
0	4
0	13
0	242
0	0
0	0
0	0
0	0
0	241
0	0
0	0
0	0
1	204
0	4
0	0
0	3
0	0
0	0
0	23
0	0
0	0
0	0
0	552
0	0
0	0
0	891
0	0
0	0
0	0
0	0
0	0
0	7
0	0
0	1
0	0
0	0
0	11
0	0
0	0
0	0
0	0
0	0
0	0
0	0
0	0
0	0
0	336
0	0
0	0
0	2783
2	0
0	0
0	0
0	0
0	0
0	0
0	0
0	0
0	0
0	59
0	0
2	14197
0	74
0	0
0	13
0	0
1	0
0	0
0	0
1	0
0	0
0	1
0	0
0	0
0	97
0	0
1	254
0	0
0	0
0	0
0	0
0	0
0	0
0	1
0	0
0	0
0	0
0	0
6	0
0	0
0	0
0	0
0	51
0	0
0	0
0	0
0	0
0	0
0	0
0	0
0	1
0	0
20	0
30	0
0	0
0	9
0	0
0	0
0	1424
0	0
0	0
0	0
0	0
0	0
0	0
0	0
0	0
0	0
0	0
0	0
0	0
0	0
0	15
1	0
0	0
0	0
0	0
0	0
0	2
0	1
0	0
0	0
0	0
0	0
0	0
0	3
0	0
114	6
0	0
0	0
0	0
0	0
1	0
0	0
0	1
0	0
0	0
0	0
0	0
0	0
0	198
2	579
1	10
0	0
0	0
0	7
0	1
0	0
0	0
0	0
0	0
2	16
0	0
0	0
0	0
0	2
2	2
0	0
0	2
0	31
1	125
1	0
0	0
0	0
0	74
0	0
1	0
0	1334
0	0
2	43
0	0
0	0
0	0
1	109
0	0
0	0
0	0
0	0
0	0
0	0
0	0
0	0
0	0
0	0
0	0
0	3
0	9
0	2
0	0
0	0
0	0
0	268
0	0
0	0
0	28
0	0
11	0
0	0
0	0
0	1
0	40
0	0
0	0
3	0
0	0
0	0
0	0
0	0
0	0
0	0
0	0
0	0
1	0
0	1299
0	0
0	0
0	0
0	0
0	203
0	0
0	0
0	0
0	0
0	0
0	0
0	0
0	0
0	0
0	0
0	0
0	300
0	0
1	2
0	0
0	0
0	0
0	3070
0	0
0	2128
0	311
0	0
0	0
0	638
0	0
0	0
0	0
1	0
0	0
0	0
0	0
0	3
0	0
0	1
0	43
1	0
0	3
1	0
0	0
1	0
0	383
0	80
0	0
0	0
0	0
0	0
0	0
0	2
2	0
3	65
0	0
0	1
0	3
0	63
0	0
0	0
0	0
0	0
0	19
0	0
1	9
0	0
0	0
0	0
0	0
0	1
0	0
0	89
0	0
0	0
0	0
0	0
0	0
0	0
0	0
0	14
0	0
0	0
3	4
0	0
0	0
0	0
1	726
0	0
0	0
0	0
0	0
0	0
1	0
0	0
0	0
0	0
0	0
0	0
0	80
0	0
0	0
0	0
19	0
0	0
0	0
0	0
0	0
0	0
0	0
0	0
0	687
0	0
0	0
0	501
0	0
0	0
0	0
1	488
7	0
0	0
0	0
0	0
0	0
0	0
0	0
1	7
0	0
0	0
0	0
0	0
1	1
0	0
0	0
0	0
0	0
1	0
0	0
0	0
0	0
7	166
0	0
2	0
0	0
1	0
0	0
0	0
0	0
0	0
0	11
0	0
0	0
0	0
0	0
0	0
0	22
1	1269
0	0
0	0
0	0
1	32
0	0
0	175
0	243
0	3
0	169
9	0
0	0
0	0
0	0
0	128
0	0
0	0
0	0
0	0
0	7
0	0
0	0
0	0
5	0
0	0
0	33
0	0
0	25
0	0
0	0
0	0
0	0
0	0
0	0
0	0
0	0
0	0
4	24
0	0
0	0
0	0
0	0
0	0
0	507
0	0
0	0
0	0
0	0
0	0
0	4
0	0
0	3159
0	0
0	1
0	0
0	0
0	0
0	0
0	0
0	0
0	0
0	0
2	0
0	0
3	0
0	437
0	104
0	0
0	0
0	0
0	0
0	0
0	0
0	0
0	65
0	0
0	0
0	0
0	0
0	0
0	3
0	943
0	0
5	0
3	322
0	0
0	0
1	0
0	0
0	81
0	0
0	38
0	3
0	32
0	0
2	5
0	125
0	0
0	0
0	0
0	1
0	0
1	42
0	0
0	0
0	0
0	1
0	0
0	40
0	448
0	2
0	0
0	0
1	0
0	0
0	0
0	0
0	0
2	0
0	0
0	1
0	0
10	0
0	0
0	0
0	0
0	0
0	0
0	0
0	0
0	0
0	0
0	0
0	0
0	2
0	51
0	0
0	0
1	15
0	0
0	0
0	0
0	0
0	40
0	0
1	0
0	0
0	0
0	0
0	0
0	88
0	0
1	0
0	0
0	0
0	0
0	0
0	0
0	0
0	0
2	0
0	0
0	0
0	46
0	0
0	0
0	0
0	0
0	0
0	0
0	0
0	0
0	0
1	4
0	0
18	0
0	0
0	0
0	0
0	0
0	567
0	0
0	0
0	98
0	0
0	295
0	1
0	0
0	2
0	5
0	0
0	0
0	20
0	0
2	111751
0	0
0	0
1	9
0	71
0	0
0	0
0	0
0	1
0	0
0	0
0	0
0	0
0	0
0	0
0	0
0	0
0	57
0	0
0	103
2	36
0	0
0	0
0	0
0	2898
0	0
0	0
2	0
4	0
0	17
0	311
0	2
0	0
0	0
0	0
0	0
0	45
0	0
0	175
0	0
0	0
6	0
0	0
0	0
0	0
0	15
0	0
0	0
6	0
0	0
0	0
0	0
0	369
0	0
0	0
0	0
0	0
0	0
3	2
0	0
0	0
7	4
9	6
0	0
0	0
0	0
0	0
0	0
0	507
1	0
0	2
0	0
0	1071
0	0
0	0
0	0
0	0
1	0
0	0
0	0
0	0
0	0
0	0
0	0
0	0
0	0
1	0
0	0
0	0
0	0
0	0
0	0
0	35
0	23
2	25
2	0
0	0
2	7762
0	0
0	0
14	179
0	472
0	0
0	0
0	6
0	0
0	0
0	2879
0	0
0	0
0	0
0	0
1	4
0	163
0	0
0	0
0	0
0	52
0	0
0	388
0	0
0	0
3	4478
0	0
0	0
0	2
0	0
0	0
0	0
0	0
0	0
0	0
1	0
1	2
4	760
0	0
0	0
0	0
0	4
0	7
0	30
1	737
0	1
0	0
0	0
0	0
0	0
0	0
0	0
0	0
0	0
0	28
0	0
1	0
0	0
0	0
0	0
0	0
0	0
0	0
0	0
0	428
0	0
0	0
14	1
7	0
0	0
0	0
0	0
1	10154
0	0
0	0
1	523
0	0
0	0
0	0
0	1
3	42
0	0
0	0
0	0
1	0
0	0
0	0
0	0
0	0
0	0
0	2
1	254
0	28
0	3
1	436
0	0
0	0
0	1
0	0
0	14
0	0
0	2
1	1
0	0
0	0
0	0
0	48
0	0
0	149
3	0
5	0
0	0
1	0
0	0
0	0
0	0
0	0
1	1
1	208
0	0
0	0
0	55
0	0
0	0
0	0
0	362
0	0
0	0
0	0
0	0
0	0
1	3680
2	26
0	0
0	0
0	0
0	0
0	0
0	0
0	0
0	0
0	0
7	0
0	2
0	0
1	395
0	0
0	0
0	0
0	0
0	0
5	798
0	0
0	0
0	0
0	1
0	0
0	5
0	1529
0	0
0	0
0	0
0	0
0	4
0	0
0	0
0	0
0	0
0	0
0	0
0	0
0	0
0	0
0	0
0	0
0	2
1	2410
0	1
0	0
0	0
0	0
0	1
0	20
0	93
2	3
0	1
0	0
1	0
1	4
2	0
0	0
9	2
0	0
0	0
0	0
0	0
0	0
0	0
0	158
0	0
0	0
0	0
0	0
0	0
0	0
0	0
0	434
1	2
0	0
5	0
0	5
0	0
0	63
2	0
1	0
5	0
0	0
0	0
0	15
0	0
0	0
1	0
0	1
0	0
0	0
0	0
0	0
0	0
0	0
0	16
1	61
0	0
0	0
0	0
0	0
0	0
0	7
0	0
0	0
0	0
0	0
0	2
0	629
0	0
0	0
1	137
0	0
0	0
0	0
0	0
0	36
0	0
0	0
1	0
0	0
0	253
0	0
0	26
0	0
0	1121
0	1472
0	848
0	0
0	0
0	0
0	0
0	0
0	0
0	1
0	0
0	0
0	0
0	0
0	0
1	0
0	274
0	0
0	1
0	16
0	0
0	1
0	94
0	64
0	0
0	0
0	1
0	0
0	0
0	0
0	0
0	0
0	0
0	0
0	0
0	0
0	1
1	0
2	0
0	0
0	0
0	0
1	0
0	0
0	0
0	0
0	0
0	0
0	0
0	0
0	0
0	0
0	0
0	126
0	0
0	0
4	341
0	31
0	0
0	1
0	483
0	0
0	2
0	0
0	0
0	0
0	0
0	0
0	0
0	0
1	47
0	0
0	0
0	0
0	0
0	0
0	0
0	0
1	0
0	0
0	0
0	0
0	0
0	0
0	0
0	0
0	0
0	0
0	1
16	0
1	0
1	0
0	0
0	0
0	0
0	0
0	0
0	0
7	0
0	0
0	0
0	0
0	0
0	0
0	0
0	1691
0	0
0	0
0	0
0	0
0	0
0	0
1	0
0	1
0	0
0	0
0	0
0	50
0	0
0	0
0	0
0	1
0	1
0	0
0	906
0	306
0	0
0	1
0	0
0	0
0	0
0	0
0	0
0	0
0	6
0	0
0	35
0	0
0	0
0	0
0	0
0	0
0	1
0	0
0	0
1	0
0	0
0	0
0	0
0	5
0	0
0	1
0	0
0	0
0	0
0	0
0	0
3	226
0	1
0	1
0	153
0	0
0	26
0	242
0	0
0	0
0	0
0	0
0	0
0	0
0	0
0	0
0	0
0	0
0	7
0	0
0	9
1	767
0	0
0	0
0	0
0	0
0	1
0	0
0	0
0	0
0	2
0	0
0	0
0	0
0	1
0	0
0	6
0	0
0	0
0	0
1	0
0	0
0	17
0	28
0	0
0	0
0	1
0	0
0	2
0	0
0	0
0	0
0	73
0	0
0	88
0	0
0	5
2	0
0	0
0	12
0	0
0	0
0	1
0	1
0	0
0	0
0	0
0	0
0	0
0	0
0	6
0	0
0	0
0	0
0	15
0	0
0	0
0	0
0	0
0	0
0	0
0	0
0	0
0	0
0	0
0	0
0	0
0	0
0	0
0	0
3	0
2	0
0	0
0	0
1	100
0	121
0	0
0	0
0	0
0	653
0	0
0	0
4	4142
0	0
0	7
0	0
0	0
0	239
0	0
0	0
0	0
0	0
17	75
0	0
0	7
0	146
3	0
0	0
0	0
0	0
0	0
64	506
25	106
0	1
117	120
0	4
0	0
0	0
0	0
0	0
0	0
0	0
0	1
0	0
0	0
0	3
0	0
0	0
0	28
0	0
0	2
0	0
0	5221
0	0
1	147
0	0
0	8317
1	23
0	0
0	24
22	0
14	109
1	0
0	0
0	0
0	0
0	0
0	0
0	9
0	0
1	263
0	1
0	1
0	0
0	0
0	0
0	0
0	0
0	0
0	0
0	0
0	0
0	0
0	0
0	0
0	0
0	0
0	4309
0	0
0	34
0	0
0	0
0	3
0	0
1	9
0	296
0	0
0	0
0	642
0	1
0	0
0	0
0	0
0	0
0	0
0	0
0	0
0	0
0	0
0	0
17	2
0	0
0	0
0	0
0	0
1	0
0	0
0	0
0	0
0	0
0	0
0	0
0	0
0	0
0	0
0	0
0	0
0	0
0	0
0	0
4	2
0	0
0	0
0	25
0	4
0	1
0	0
0	0
0	0
0	0
0	0
5	8313
0	196
0	0
0	0
0	26
1	0
0	391
0	0
0	0
0	0
0	52
0	1
0	0
3	0
1	7
0	0
1	15
0	0
0	0
0	0
0	0
0	0
0	0
0	0
0	0
0	0
0	0
0	793
0	0
0	0
0	0
8	0
0	0
0	0
0	0
0	0
0	1
0	13
0	0
0	0
0	0
0	0
0	1
0	15
0	0
0	0
0	0
0	0
0	0
0	0
0	0
0	229
0	0
0	0
0	0
0	0
0	0
0	0
0	0
0	1
0	0
0	0
1	1
0	0
0	0
0	0
0	0
0	0
0	0
0	0
0	0
0	0
0	0
0	0
4	0
0	0
0	8
0	147
7	0
0	0
0	0
0	0
0	67
0	0
0	232
1	0
0	0
0	0
0	0
0	0
1	1164
2	0
0	0
0	0
3	0
0	0
0	0
0	0
0	0
1	0
0	0
0	0
2	0
0	0
0	0
0	0
0	0
0	0
0	0
0	94242
0	0
0	0
0	0
0	0
0	0
0	293
0	0
0	0
0	6
0	0
0	5
0	0
4	0
0	0
0	3
1	0
0	0
0	44
0	0
0	0
0	0
0	0
0	0
0	0
0	0
0	0
0	0
0	149
2	10
0	0
1	1
0	0
0	0
0	0
0	0
0	0
0	0
0	0
0	0
0	0
0	0
0	0
0	0
0	4
0	140
2	119
0	0
0	0
2	0
0	337
0	0
0	0
0	0
0	0
0	0
0	0
0	0
0	1
0	0
0	5698
0	0
0	21
0	0
3	4
0	0
0	0
0	0
0	0
1	139
0	0
0	0
2	0
1	0
0	0
0	0
0	0
0	0
0	0
0	0
0	0
1	2
0	0
2	0
0	0
0	0
0	0
0	0
0	0
2	0
0	0
1	0
0	2729
0	0
1	0
0	0
0	0
0	0
0	31
1	726
0	0
0	0
0	10
0	0
0	0
0	0
0	0
0	0
0	0
0	0
0	174
0	0
0	0
0	0
0	1
0	0
0	0
0	75
0	0
0	0
0	0
0	1474
1	4
0	0
0	0
0	0
0	0
0	0
0	0
0	0
0	0
0	0
0	0
0	0
0	0
0	0
0	0
0	0
0	0
0	0
0	0
0	0
0	0
0	0
0	0
0	0
0	0
0	0
0	119
0	0
0	0
0	0
0	0
0	3898
0	0
0	0
0	0
0	0
0	0
0	0
4	0
0	266
0	0
0	0
2	0
0	0
0	27
3	0
0	223
0	0
0	0
1	8
0	0
0	0
0	0
0	0
0	0
9	0
0	0
0	0
0	0
0	3
0	0
0	0
1	0
0	0
0	13
0	0
0	50
0	209
0	0
0	36
0	0
1	0
0	0
0	0
0	0
0	0
6	0
0	0
1	0
0	0
0	0
0	0
0	0
2	0
0	0
0	226
0	0
0	0
0	0
0	8558
0	0
0	0
0	0
0	0
0	3
0	467
0	0
0	0
0	0
0	0
0	0
0	0
6	0
0	0
0	0
0	81
0	0
0	0
0	21
0	0
0	0
0	0
0	0
0	0
0	0
0	0
0	0
0	1571
0	0
1	0
0	0
0	0
0	0
0	0
0	1
0	2
0	0
0	31
0	0
0	0
0	5270
0	0
0	0
0	0
0	0
0	0
0	0
0	62
3	3
0	0
0	0
0	0
0	208
0	0
0	0
0	0
0	0
0	0
0	0
0	0
0	0
0	0
0	25
0	0
0	1
0	0
0	0
0	0
0	9
0	0
0	0
0	0
4	182
0	0
1	0
0	0
0	0
1	514
0	266
0	0
0	0
1	0
0	0
0	29
1	0
1	6
0	0
0	0
0	638
0	0
0	0
0	0
2	82
0	0
1	2661
0	0
0	0
0	0
0	0
7	0
0	0
0	1
0	143
0	0
0	390
0	0
0	0
0	10
0	0
0	18
0	8
0	0
1	0
0	0
0	0
0	0
0	0
0	973
0	0
0	32
0	0
0	0
0	0
0	0
1	0
0	0
0	7
1	1
2	0
0	2
0	94
1	0
3	216
0	0
0	43
0	0
2	23640
0	482
1	988
0	0
0	0
0	111
0	0
0	0
0	0
0	0
0	0
0	0
0	0
0	0
0	0
0	17
2	23
0	347
2	0
0	0
0	0
5	292
0	0
0	0
0	6299
0	0
2	10
0	0
0	0
1	0
0	0
0	0
0	9
0	0
0	0
0	0
0	0
0	0
0	2
0	0
0	0
0	4321
2	3908
0	0
0	590
0	0
0	0
0	1
0	0
0	0
0	0
0	0
0	0
0	0
0	0
0	0
0	0
0	0
0	0
0	3248
0	0
0	0
0	0
0	67
0	75
0	29
0	0
0	5201
0	0
0	6
0	0
0	0
0	0
3	1
0	11
0	0
9	48
0	0
1	0
0	1
0	0
0	0
1	1940
0	0
0	0
0	1200
0	0
0	0
0	0
0	0
0	1
0	0
0	0
1	96
0	0
0	0
0	0
1	21
20	0
0	0
0	0
0	0
0	0
0	0
0	5
6	0
0	0
0	49
0	0
0	0
0	2
0	0
0	0
0	2
0	2
0	0
0	0
0	0
0	0
0	0
0	6
0	0
0	20
0	0
0	7
49	0
0	0
0	0
1	0
0	1
0	0
1	0
0	0
0	5
0	0
0	0
1	0
0	0
1	1906
0	0
0	0
3	6
0	0
0	0
4	0
0	0
0	0
0	2368
17	0
0	1
0	0
0	0
0	7
0	0
0	8
0	5
0	0
0	0
0	0
0	0
0	6
0	0
0	0
0	1296
0	0
0	0
0	0
0	0
0	0
0	1
0	6
0	9195
0	0
0	0
1	3401
0	0
0	0
0	0
0	0
0	0
0	14
0	235
0	0
0	0
0	49
0	0
0	0
0	0
0	0
1	801
0	0
5	13835
0	97
0	0
1	0
0	0
0	0
0	0
0	0
0	0
0	2
0	0
1	9
0	22
0	0
0	0
0	0
2	1984
0	0
0	37
6	369
0	0
0	0
0	1
0	1
0	0
0	0
0	0
0	0
0	0
0	362
0	0
0	1
0	0
0	0
0	0
1	3
0	43
0	0
0	0
0	0
0	0
0	0
0	0
0	0
0	0
2	9
0	109
0	0
0	0
2	0
5	0
0	0
0	0
0	110
0	0
0	0
4	0
0	0
0	0
0	0
0	0
0	0
0	0
0	0
1	1
0	0
0	9007
0	0
0	82
0	0
0	0
0	0
0	5
0	0
1	0
0	0
0	0
0	4
0	0
0	0
2	44
0	108
0	178
0	0
0	7
0	0
1	1
6	0
0	0
0	0
0	0
0	0
0	2
0	14
0	0
0	0
0	0
0	8
4	0
0	3
0	0
0	0
0	0
0	0
0	0
0	0
0	0
0	0
0	0
0	0
0	1
0	0
0	0
0	0
0	22
0	0
7	89
3	0
0	0
0	0
0	0
0	0
0	0
0	4
0	3
0	0
0	2
0	0
0	47
0	0
0	0
0	0
0	0
0	0
0	0
1	0
0	0
0	0
0	6350
0	0
0	0
0	1
98	32
0	0
0	0
0	0
0	3
0	0
0	0
0	0
0	0
0	3
0	3
0	1
0	0
0	0
0	0
0	0
0	0
0	0
0	1
0	0
0	0
0	0
3	0
0	0
0	0
0	0
0	3
0	0
0	0
0	2
0	0
0	0
0	0
0	0
0	0
2	0
0	0
0	18
0	0
5	0
0	0
0	0
0	0
0	0
0	0
0	0
0	0
0	0
0	1
0	0
0	0
0	0
0	0
0	1
0	0
0	0
0	215
0	0
0	0
0	0
0	0
0	0
0	0
0	0
0	6448
1	197
0	0
0	1
0	23
0	0
0	0
0	31
0	0
0	0
0	0
0	0
0	0
0	0
0	0
0	0
0	0
0	0
0	346
0	1
0	0
0	0
0	0
0	0
0	0
0	0
0	0
0	0
0	1127
0	0
2	0
25	0
0	86
0	0
0	2518
0	0
4	0
0	19
0	0
0	0
0	2428
0	0
0	0
0	0
0	0
0	0
4	0
0	0
0	0
0	629
0	0
1	0
2	0
0	0
0	0
0	0
0	0
0	0
9	99
0	3
0	0
0	240
0	0
1	1
1	4
0	0
0	0
0	0
6	48
3	9
0	0
0	0
0	0
0	0
0	0
0	184
0	0
0	62
13	37
6	0
0	0
1	0
0	142
0	0
0	266
0	0
0	79
1	5
0	0
0	0
0	0
0	0
0	0
0	0
0	0
0	0
0	0
0	1
2	371
0	1
0	0
0	0
0	0
0	0
0	5
0	0
0	0
0	0
3	0
0	0
0	0
0	0
0	0
0	3
0	0
0	0
0	0
1	0
0	932
0	0
1	0
1	0
1	0
0	0
0	0
0	0
0	31
2	107
0	0
8	96
0	0
1	165
0	0
0	0
0	0
0	0
0	0
0	0
0	0
0	251
2	1276
0	0
0	0
0	0
0	0
0	0
0	0
0	0
0	0
0	5
0	2741
0	4
0	0
0	0
0	0
0	0
0	0
0	0
0	0
0	4
0	5
0	0
0	0
0	0
0	0
0	0
0	0
0	0
0	61
0	0
0	21
0	1
0	0
0	0
0	0
0	0
0	0
0	0
0	1
4	23
0	0
0	0
4	0
0	0
1	8
0	0
0	43
0	0
0	279
0	0
0	0
0	0
0	0
1	0
0	0
0	4
0	0
0	0
0	21
0	0
0	0
1	0
0	0
0	0
0	0
0	0
0	0
0	0
0	0
0	0
5	39
2	7
1	4
0	52
0	0
2	0
0	0
0	0
0	0
5	987
0	3
0	0
0	0
0	0
1	0
0	0
0	0
0	0
0	0
0	0
1	0
0	46
0	0
0	0
0	1
0	0
0	0
0	0
0	0
0	0
3	0
0	0
0	0
0	0
0	0
1	815
0	0
0	0
1	10208
0	47
0	0
0	0
0	0
0	265
3	2166
0	0
1	35
0	0
0	0
0	0
0	0
3	69
0	0
1	1
0	0
2	0
3	0
0	0
0	0
0	1
0	0
0	921
14	1
0	0
0	0
0	0
0	0
0	0
0	0
0	0
0	0
1	9
0	0
0	0
0	334
0	0
0	0
0	0
0	0
0	0
0	0
0	0
0	0
2	0
0	0
1	2398
0	0
0	0
0	0
0	0
2	0
0	0
2	53
0	0
0	32
0	0
0	0
0	0
0	0
0	0
0	0
0	0
0	0
0	0
0	0
0	0
0	0
0	39
0	0
0	0
0	0
0	0
0	0
7	0
0	0
3	0
0	1
0	0
0	0
0	0
0	0
0	0
2	57
0	0
0	0
0	0
0	0
0	0
0	0
27	0
0	0
0	0
0	1
2	0
0	0
0	0
0	0
0	0
2	137
0	0
0	0
0	0
0	0
0	0
0	0
1	445
0	0
0	0
0	0
0	0
0	0
0	3555
1	38
0	2518
0	2
0	0
1	0
0	0
7	0
0	0
133	0
0	0
0	7
0	102
0	0
0	0
0	3
0	0
0	0
0	0
0	0
0	1
0	3
0	0
0	0
0	0
0	0
0	0
0	0
0	14
0	0
0	11
3	549
0	0
4	2096
0	0
0	7
0	134
0	0
0	0
0	0
0	57
0	0
0	13
0	0
0	0
0	34
0	47
0	0
0	0
0	51
0	0
0	0
0	0
0	0
0	0
0	0
0	2
0	0
0	0
0	0
2	0
0	0
0	0
0	0
0	9
0	0
0	1
0	0
0	0
0	0
0	5
3	0
0	0
0	0
0	0
0	0
0	0
0	0
0	0
0	0
0	0
0	0
0	1045
0	1
1	0
1	0
0	0
0	0
0	0
0	62
4	0
11	0
0	3
0	0
0	0
0	0
0	12
0	0
0	0
0	0
0	0
0	0
0	21
0	0
0	0
1	0
1	49
0	273
0	0
0	0
0	0
0	541
0	422
0	0
0	0
1	30
1	1
1	0
0	7
0	0
0	0
0	188
0	0
0	0
0	0
0	0
0	0
0	0
0	0
0	0
0	0
0	0
0	0
0	28
0	0
0	0
0	0
1	0
0	0
0	0
1	61
2	10
0	7
0	1
0	0
0	0
1	2822
0	0
1	0
2	10
0	0
0	0
1	609
0	1
0	0
0	3
0	0
0	0
0	0
0	0
0	0
0	0
0	0
0	0
0	0
0	0
0	0
0	0
0	0
0	0
0	0
0	0
0	28
1	0
0	0
0	0
0	1143
0	4
2	1
0	0
0	3798
0	0
0	0
0	0
0	0
0	1847
0	0
0	0
0	0
0	0
0	4
0	0
0	0
2	0
0	0
0	0
3	0
1	0
0	0
0	0
0	192
0	0
0	0
0	0
0	0
0	0
0	159
0	186
0	0
0	22
0	0
0	0
0	0
0	0
0	0
0	0
0	0
0	0
0	0
0	0
0	0
0	1684
0	0
0	0
0	0
0	1
0	0
1	11
0	0
1	0
0	0
0	0
0	0
0	0
0	0
0	0
0	0
0	0
0	0
0	0
0	0
0	0
1	3
0	234
0	86
0	0
0	0
2	11
2	0
0	0
0	0
0	250
0	0
0	1
0	733
0	1319
0	0
0	0
0	0
0	0
0	0
0	0
0	0
0	25
0	0
0	0
0	0
0	0
1	0
0	0
0	0
0	0
1	0
0	0
0	0
0	0
0	0
0	0
0	0
0	0
0	0
0	0
1	1
0	0
1	0
0	0
0	0
0	0
0	0
0	0
0	0
0	0
0	0
0	0
0	0
0	0
0	0
0	0
0	0
0	0
0	0
12	0
0	0
0	0
0	0
0	0
0	0
0	0
0	0
0	0
0	0
0	0
0	0
0	0
0	0
0	0
1	0
0	0
0	0
0	0
0	0
0	0
0	69
0	0
0	0
0	0
0	0
0	0
0	0
0	0
0	0
0	0
0	0
0	0
0	0
0	0
0	0
0	0
0	0
0	0
0	0
0	0
0	0
0	3
2	3
0	2
0	1
0	1
4	0
0	0
0	0
0	0
0	0
0	0
1	0
0	0
0	0
0	0
0	0
0	0
0	0
0	0
0	0
0	0
0	0
0	0
0	5
0	1
0	0
0	0
0	6
0	6
0	3
0	12749
0	8655
0	10954
0	19
0	15
0	13
0	0
0	41
0	40
0	0
0	0
1	4
0	0
4	10
0	129
0	0
0	0
0	0
0	0
0	0
0	0
0	0
0	0
0	0
0	0
0	0
0	10
0	0
0	0
0	15
0	0
0	0
0	0
1	0
0	0
0	0
0	0
0	0
0	0
0	0
0	2
5	6
0	6
0	13559
0	11088
0	5184
0	5235
0	137
0	2
0	2
0	0
0	0
0	0
1	3
0	148
0	63
0	1
0	0
0	0
1	0
0	0
2	6252
0	2403
0	0
0	0
0	0
0	0
0	0
0	0
0	0
0	0
0	0
6	1
0	1
0	0
0	0
0	0
2	2
0	2
0	0
0	0
0	1
0	1
0	0
0	0
0	0
0	0
0	0
0	2
1	4
0	3
0	0
0	0
42	0
0	0
0	0
0	0
0	0
0	0
0	0
0	0
243	22
761	274
0	140
0	23
1	87
0	66
0	137
0	18
1	23
8	15
0	2
0	1
1	596
0	381
0	227
0	0
0	0
0	0
0	0
1	386
0	0
0	0
0	13
0	0
24	551
1	309
167	424
0	369
0	138
0	144
2238	394
0	297
27	75
3	72
12	262
0	309
1	367
0	805
0	59
11	579
463	1
0	138
0	0
0	0
0	207
5	17
7	57
0	0
0	1
0	0
0	0
0	0
0	0
0	0
0	0
0	0
0	0
0	43
58	22
95	0
0	0
0	0
0	0
0	0
0	0
25	6
2	6
0	3
7	206
2	235
0	0
0	1
0	980
0	0
0	0
10	86
0	84
9	0
0	11
13	9
0	11
0	0
1	0
0	0
0	0
1	0
0	21
0	4
1	4
0	10
0	12
0	2
0	13
0	12
518	354
0	257
7	150
35	137
0	0
0	0
0	0
0	0
0	0
1	30
0	29
0	18
0	1
0	0
0	1
0	0
0	0
0	0
0	0
0	0
3	1
0	1
0	0
0	0
30	3
0	3
0	361
0	365
0	318
0	253
0	224
35	38
0	0
0	0
0	0
0	0
0	0
0	0
0	0
0	2
0	2
2	13
6	119
0	19
0	16
0	2
0	25
0	16
0	16
3	4
0	17
0	15
14	126
0	26
0	0
0	18
0	94
0	19
0	22
0	0
0	1
0	1
2	1
19	105
0	105
0	1
2	1
0	2
0	1
0	2
2	0
10	6
37	16
0	0
0	0
0	47
0	46
0	121
1	69
0	1
0	2549
0	3454
1	2
0	7
1	5
27	7
1	6
0	6
0	0
0	0
2	0
1	1
0	1
0	0
0	0
0	0
0	0
2	5
0	4
0	49
0	0
4	0
0	0
0	0
0	0
0	0
0	0
0	1
0	0
0	0
0	0
0	1
0	0
0	1
0	0
0	0
0	0
0	152
0	62
0	3
0	8
0	0
0	0
0	5
2	4
0	0
0	0
1	2368
0	0
12	150
9	63
0	124
2	121
4	7
18	46
0	39
1	0
0	0
0	0
0	0
0	0
0	0
14	3
0	3
0	0
0	0
0	54
0	154
0	0
0	0
0	0
0	0
0	0
0	0
0	0
0	2460
0	1790
0	0
0	0
0	0
1	0
0	7
0	1
0	1
0	0
2	1
0	0
0	0
0	0
0	2
0	0
0	0
0	624
0	624
0	0
0	0
0	0
2	0
0	1363
0	0
26	45
6	65
0	1
0	0
0	0
0	0
0	0
0	0
8	9
0	9
0	0
0	0
1	47
0	47
0	0
0	0
0	6
0	6
0	0
0	0
0	0
0	0
0	0
289	20
0	20
2	51
0	0
0	0
0	0
0	0
0	0
0	0
0	0
0	0
0	232
0	232
2	7699
0	4768
0	0
0	0
1	0
0	8
0	8
0	0
0	0
0	10
0	0
1	0
0	0
0	0
0	0
0	16
0	0
0	0
0	0
0	0
0	8277
0	7877
0	0
0	0
0	0
0	0
0	0
0	0
0	0
0	0
0	0
1	0
0	0
3	0
0	0
0	0
0	5
0	5
0	5
1	490
0	469
0	0
0	0
8	2
0	2
0	0
0	1
0	2
1	0
0	0
0	125
0	121
6	0
1	0
0	0
0	0
0	1
0	1
0	0
0	0
1	0
0	1
0	1
9	558
0	546
1	0
0	0
0	0
0	0
2	10
0	10
0	10
0	10
0	10
0	0
0	0
0	0
0	0
0	0
0	0
0	0
0	0
0	0
0	0
0	0
0	0
1	108
301	991
188	442
0	259
0	0
0	0
0	0
0	0
0	0
0	0
1	0
0	0
14	0
0	0
37	41
0	40
0	749
1	495
0	0
0	0
6	4
0	4
0	0
0	367
0	262
0	0
0	0
0	0
0	0
14	5
0	2
0	0
0	0
3	14
2	1
9	517
0	0
0	0
0	0
0	0
0	2
0	0
0	0
0	0
0	0
0	0
2	174
0	93
0	0
0	0
0	0
0	0
0	0
0	0
0	0
0	0
0	1
0	1
3	13
0	13
1	0
0	1
2	1
0	0
0	0
0	0
0	3
0	0
0	941
0	939
9	401
2	3
16	8765
0	0
0	0
0	0
0	0
1	0
0	0
3	1
0	1
0	17
2	16
0	5
1	0
0	2
1	0
0	1
0	0
0	2
1	0
0	0
0	0
1	0
0	1
0	0
0	0
0	83
0	0
0	19
0	0
0	0
26	0
0	0
2	1
0	1
0	0
0	0
0	0
0	0
0	0
0	0
0	7
0	0
0	0
0	0
0	0
0	0
1	0
0	0
0	0
0	0
0	0
0	0
0	0
0	0
0	0
0	0
0	0
0	0
0	0
0	0
0	0
0	0
0	0
0	0
0	0
0	0
0	0
0	0
0	0
0	0
0	0
0	0
0	0
0	0
0	0
0	0
0	0
0	0
0	0
0	0
1	4
0	3
0	0
0	0
0	0
0	0
0	0
0	0
0	0
0	63
4	333
0	261
0	0
0	0
0	0
0	0
0	5
0	1
0	5
0	5
0	0
0	0
0	0
0	1558
0	1530
0	0
0	0
0	168
0	8
0	0
0	0
0	0
0	0
0	0
0	0
0	0
0	0
0	0
0	0
0	0
0	0
0	15
0	0
0	36
0	33
0	32
0	28
0	28
0	24
2	7
0	15
2	12
0	0
0	14
0	0
0	11
0	9
0	9
2	8
0	3
0	0
0	0
0	0
0	0
0	0
0	0
0	3
0	3
0	0
0	2
0	11
3	167
1	2
0	184
0	0
0	0
3	88
0	3
0	86
0	1
0	0
8	0
0	0
0	0
0	0
0	2
0	2
0	0
0	0
0	0
1	1
0	10
0	10
25	516
0	317
0	185
1	20
0	0
0	0
25	30
51	171
0	177
0	33
0	14
0	0
0	0
1	1
0	1
0	0
0	0
0	0
0	1
4	12
0	0
0	0
0	0
0	0
0	0
0	0
0	0
0	0
0	0
0	0
0	0
0	0
0	0
0	0
0	0
1	0
0	0
0	0
0	0
23	47
0	47
1	0
0	0
2	4
0	4
4	1
0	1
2	2
1	2
1	0
0	0
4	2
0	2
0	0
0	0
0	0
0	0
0	1491
17	357
0	259
8	0
0	0
0	0
0	0
0	0
1	0
0	0
0	0
0	0
1	0
1	8
0	4
0	6
0	6
0	7
0	2
0	62
1	0
0	0
0	0
0	0
0	0
0	6
0	6
0	6
0	0
2	1
0	0
1	0
0	7
0	7
0	1
0	1
0	2
0	2
0	1050
0	158
0	158
0	158
1	0
0	0
0	1
0	4
0	0
7	14
0	14
14	1
0	181
2	762
158	1219
0	41
0	0
0	0
0	0
3	9
0	1
1	0
0	0
0	0
0	8
9	19
1	19
0	0
0	0
10	877
2	668
3	3520
0	0
0	16
0	0
0	0
1	0
0	0
0	2
0	0
0	0
1	19
0	2
0	272
0	173
0	1
0	1
0	0
0	0
0	0
0	0
0	0
3	3
0	10
6	6
15	0
0	6
0	16
0	14
0	0
0	0
3	33
0	10
0	0
3	24
0	18
0	0
0	8
0	0
0	0
0	2
0	0
1	588
0	269
0	0
0	0
0	1
0	1
3	44
0	45
0	39
0	36
0	8
0	8
0	1
0	3
0	3
0	3
0	1
0	0
0	1
0	1
6	0
0	6
0	17
0	4
1	2
113	79
0	79
0	3
2	12
0	9
0	6
0	0
0	0
0	0
0	0
0	0
0	72
0	54
5	6
0	6
0	201
0	0
0	0
4	54
40	29
0	29
0	0
0	0
0	0
0	0
0	0
0	0
0	0
0	0
0	0
0	0
0	0
0	0
0	0
0	0
3	6
0	5
9	1
0	0
0	2
0	2
0	0
0	0
0	0
0	0
0	20
1	0
0	0
0	0
0	0
0	0
0	0
0	0
0	0
0	6
0	6
1	0
0	0
9	23
0	23
5	945
1	945
0	830
0	0
0	0
4	4
0	4
0	0
0	0
36	14
92	14
1	0
8	19
2	1
0	3
0	2
0	0
0	0
0	0
0	0
0	0
2	0
0	0
0	2215
0	94
12	1163
13	29
3	1767
0	0
0	0
0	0
0	0
0	0
0	0
42	85
0	85
0	0
0	2
0	2
0	6451
0	3938
0	0
0	0
0	0
2	2
0	2
1	2
0	2
1	0
0	0
0	0
0	0
0	0
0	1
0	1
0	0
0	0
1	0
0	0
0	0
0	0
0	0
0	0
37	78
0	46
0	0
15	1
1	1
0	0
1	0
10	0
0	0
0	0
0	0
4	165
0	161
8	4
8	0
0	362
0	0
61	95
0	57
0	0
0	0
0	0
0	0
0	0
0	17
0	80
0	139
0	6
0	0
0	0
0	0
0	0
0	1
0	1
0	1
0	61
1	14
0	1
0	0
0	0
0	0
0	0
0	0
0	0
156	50
0	49
0	1
0	1
0	153
0	0
0	0
0	0
0	0
0	0
0	0
0	709
3	0
0	0
6	4
3	5
0	0
0	0
44	50
5	0
6	50
0	1
0	0
0	0
3	1
0	1
1	0
0	3899
0	0
0	0
0	106
0	202
49	0
1	2
0	2
0	94
0	0
0	0
0	0
0	0
0	0
0	0
0	0
0	0
0	0
0	0
0	0
0	0
0	0
0	0
0	0
0	0
0	0
0	0
0	0
0	0
0	0
0	0
0	0
0	0
3	5
0	0
0	0
0	0
0	0
0	0
0	0
0	0
0	0
0	0
0	0
0	31
0	7
0	0
0	0
0	0
0	22
0	0
0	0
0	0
0	0
0	0
0	0
0	7
0	0
0	187
0	172
0	184
0	0
0	10
0	0
0	0
0	0
0	0
0	0
0	2
0	0
0	9
0	0
0	0
0	0
0	0
0	0
0	0
0	10
0	0
0	7
0	0
0	0
0	0
0	2
0	137
0	0
0	0
0	0
0	0
0	0
0	342
0	342
0	87
0	162
0	0
0	18
0	0
0	0
0	0
0	0
0	0
0	0
0	0
0	0
0	0
0	0
0	0
0	0
0	0
0	0
0	0
0	0
0	4
0	0
0	1
0	2
0	1
0	4
0	0
0	1
0	0
0	0
0	0
0	0
0	0
0	0
0	0
0	0
0	0
0	0
0	0
0	0
0	0
0	0
0	0
0	0
0	0
0	0
0	0
0	0
0	0
0	0
0	120
0	0
0	0
0	0
0	0
4	2
0	0
0	0
0	0
0	0
0	0
0	0
0	0
0	0
0	9
0	1
0	8
0	0
0	0
0	128
0	0
0	0
0	0
0	0
27	999
0	0
0	0
0	0
0	2
0	0
0	2
0	788
0	0
0	0
0	0
0	0
0	0
0	0
0	0
0	0
0	0
0	0
0	0
0	0
0	0
0	0
0	0
0	2
0	0
0	0
0	0
0	0
0	0
0	0
0	0
0	0
0	0
0	7
0	0
0	139
0	0
0	0
0	0
0	0
0	0
0	0
0	0
0	196
0	0
0	0
0	0
0	0
0	0
0	17
0	16
0	0
0	0
0	0
0	0
0	0
0	0
0	0
0	0
0	0
0	2
0	0
0	0
0	0
0	2
0	0
0	0
0	0
0	1
0	0
0	0
0	19
0	0
0	1
0	0
0	0
0	0
0	0
0	3
0	0
0	0
0	0
0	788
0	0
0	0
0	241
0	0
0	0
0	0
0	0
0	0
0	6
0	0
0	0
0	0
0	0
0	0
0	1
0	0
0	2
0	0
0	0
0	0
0	0
0	2
0	0
0	0
0	0
0	13
0	0
0	0
0	0
0	0
0	0
0	0
0	0
0	0
0	0
0	6
0	0
0	0
0	1
0	0
0	0
0	2
0	31
0	0
0	140
0	0
0	18
0	0
0	0
0	0
0	265
0	0
0	0
0	2
0	0
0	0
0	0
0	0
0	0
0	13
0	0
0	0
0	0
0	0
0	0
0	0
0	0
0	0
0	0
0	0
0	0
0	4
0	0
0	0
0	0
0	4
0	0
0	0
0	0
0	0
0	0
0	0
0	0
0	0
0	0
0	0
0	0
0	0
0	0
0	0
0	0
0	0
0	0
0	0
0	27
0	0
0	0
0	0
0	0
0	3
0	0
0	0
0	0
0	0
0	0
0	0
0	0
0	0
0	0
0	0
0	0
0	0
0	16
0	0
0	0
0	0
0	1
0	0
0	0
0	0
0	0
0	0
0	0
0	0
0	0
0	0
0	0
0	0
0	0
0	0
0	0
0	0
0	0
0	0
0	0
0	0
0	4
0	0
0	0
0	0
0	0
0	0
0	0
0	4
0	0
0	0
0	0
0	25
0	0
0	0
0	0
0	0
0	0
0	5
0	0
0	0
0	0
0	0
0	0
0	0
0	0
0	4
0	0
0	0
0	0
0	0
0	0
0	0
0	0
0	0
0	0
0	0
0	0
0	0
0	0
0	0
0	0
0	0
0	0
0	0
0	0
0	0
0	0
0	0
0	0
0	0
0	1325
0	0
0	1
0	0
0	0
0	0
0	0
0	22
0	0
0	0
0	0
0	0
0	0
0	0
0	0
0	0
0	0
0	0
0	0
0	0
0	21
0	0
0	0
0	0
0	0
0	0
0	0
0	0
0	0
0	0
0	0
0	0
0	21
0	0
0	0
0	0
0	16
0	13
0	0
0	0
0	1
0	4
0	0
0	0
0	0
0	0
0	0
0	0
0	0
0	0
0	0
0	0
0	0
0	0
0	0
0	0
0	0
0	0
0	0
0	0
0	0
0	0
0	0
0	0
0	0
0	0
0	0
0	0
0	0
0	0
0	0
0	0
0	0
0	0
0	0
0	0
0	0
0	0
0	0
0	0
0	0
0	0
0	0
0	0
0	0
0	2
1	0
0	0
0	0
0	0
0	0
0	0
0	0
0	0
0	1009
0	0
0	2
0	95
0	22
0	0
0	0
0	0
0	0
0	0
0	0
0	0
0	19
0	0
0	5
0	61
0	20
0	21
0	0
0	0
0	0
0	0
0	195
0	0
0	0
0	0
6	29
0	2
0	0
0	0
0	0
0	228
0	0
0	0
0	0
0	4
0	13
0	0
0	2
0	0
0	0
0	0
0	0
0	50
0	0
0	0
0	0
0	0
0	0
2	0
0	0
0	0
0	0
0	0
0	0
0	0
0	6
0	0
0	0
0	0
0	0
0	0
0	0
0	0
0	0
0	0
0	0
0	0
0	0
0	0
0	28
0	3
0	0
0	1
0	7
0	0
0	0
0	0
0	0
0	0
0	0
0	0
0	0
0	0
0	0
0	0
0	0
0	0
0	0
0	0
0	0
0	0
0	0
1	0
0	0
0	0
0	0
0	0
0	0
0	34
0	0
0	0
0	0
0	0
0	0
0	0
0	0
0	6
0	0
0	0
0	23
0	0
0	0
0	0
0	0
0	71
0	0
0	0
0	0
0	0
0	0
0	0
0	24
0	1
0	1
0	0
0	1
0	0
0	31
0	0
0	0
0	0
0	0
0	0
0	2
0	3
0	0
0	0
0	0
0	8
0	0
0	0
0	1
0	0
0	0
0	0
0	0
0	56
0	0
0	0
0	0
4	0
0	16
0	0
0	0
0	0
0	0
0	0
0	0
0	0
0	0
0	2
0	0
0	0
0	0
0	0
0	0
0	0
0	2
0	16
0	0
0	5
0	0
0	0
0	0
0	0
0	0
0	0
0	0
0	0
0	0
1	0
0	0
0	3
0	0
0	0
0	0
0	3
0	0
0	55
0	0
0	0
0	0
0	0
0	0
11	0
0	0
0	0
0	0
0	0
0	0
14	58
0	0
0	0
0	0
0	0
0	42
12	4
0	0
0	0
0	0
0	0
0	0
0	1
0	0
0	0
3	7
0	0
0	0
0	0
0	0
0	0
0	0
0	1
0	0
0	0
0	0
0	0
0	0
0	0
0	0
0	0
0	3
0	0
0	3
0	0
0	0
0	0
0	0
0	2
0	0
0	2
0	0
0	3
0	0
0	0
0	0
0	0
1	0
0	0
0	0
0	0
0	0
0	1
1	22
0	0
0	0
0	0
0	0
0	8
0	0
0	0
1	0
0	0
0	1
0	0
0	6
0	0
0	0
0	0
0	0
0	0
0	0
0	0
0	0
0	0
0	0
0	0
0	7
0	0
0	5
1	0
0	0
0	0
0	0
0	8
0	0
0	0
0	0
0	0
0	0
0	0
0	0
0	0
0	0
0	0
0	0
0	0
0	0
1	0
0	0
0	0
0	0
1	0
0	0
0	0
0	0
0	0
0	0
0	0
0	5
0	0
0	0
0	0
3	76
0	0
0	0
0	1
0	0
0	0
0	0
0	0
0	0
0	0
0	0
0	1
0	0
0	0
0	0
0	0
0	0
0	0
0	0
0	0
0	0
0	0
0	0
0	2
0	0
0	7
1	0
0	1
0	0
0	933
0	0
0	0
0	0
0	0
0	0
0	0
0	0
0	0
0	0
0	0
0	0
0	0
0	0
0	0
0	0
0	0
0	0
0	9
0	0
38	368
0	0
0	0
0	0
0	36
0	0
0	0
0	0
0	0
0	39
0	0
0	34
0	0
0	0
0	0
0	1
0	0
0	0
0	0
0	27
0	6
0	1
0	98
4	7
0	0
0	0
0	0
0	22
0	5
0	1
0	2
0	2
0	2
0	0
0	11
0	0
0	0
103	919
0	10
0	0
0	8
0	0
0	3
0	5
0	5
0	129
0	0
22	27
1	803
0	0
0	0
0	0
0	0
0	0
1	1
0	0
0	0
0	0
0	0
0	0
0	0
0	0
0	0
0	0
0	0
1	7
0	0
0	0
0	0
0	0
0	0
0	0
0	0
0	0
0	0
0	0
0	0
0	0
0	0
0	0
0	0
0	0
0	0
0	0
0	0
0	0
0	0
0	0
0	0
0	0
0	0
0	0
0	0
1	2
0	13
0	0
0	0
0	0
0	0
0	0
0	0
15	2
0	1
0	0
0	19
0	0
0	3
0	10
0	7
0	0
96	1153
0	0
0	0
1	0
0	0
0	0
0	143
0	3
0	0
0	0
0	0
3	1
0	0
0	16
0	0
0	0
0	0
0	3
0	2404
5	20645
0	1
0	0
0	0
0	0
0	3
0	0
1	47
0	0
11	3810
0	0
1	2
0	0
0	0
0	0
0	1
0	0
0	0
0	0
0	20
12	93747
0	0
0	0
0	1
0	4
0	0
0	80
0	0
0	0
0	0
0	0
0	0
0	0
0	0
0	0
0	4
1	6840
0	0
0	0
0	0
0	1
0	0
0	2
0	0
0	0
0	0
0	0
0	0
0	0
0	0
0	0
0	0
0	0
0	0
0	0
0	0
0	0
0	0
1	0
0	0
0	0
0	0
0	11
0	0
0	0
0	0
0	0
0	0
0	0
0	0
0	0
0	0
0	0
0	0
0	0
0	0
0	22
0	0
0	3
0	0
0	0
0	0
0	0
0	1
0	0
0	0
0	0
0	0
0	0
0	0
0	0
0	0
0	0
1	560
0	0
0	36
0	0
0	223
0	0
0	0
0	0
0	0
0	0
0	0
0	0
0	0
0	0
0	0
0	0
0	3
0	0
0	0
0	0
0	0
0	0
0	0
0	0
0	0
0	0
0	0
0	0
0	0
0	0
1	26
0	0
6	20
0	0
6	0
0	0
0	0
0	0
0	0
1	0
0	7
0	71
0	0
0	57
0	0
0	0
0	0
0	0
0	0
0	0
0	4
0	0
0	0
1	0
0	0
0	0
0	0
0	0
0	0
0	0
0	0
0	0
0	0
0	0
0	0
0	0
0	0
0	1
0	0
0	11
0	185
0	6
0	5
0	3
0	0
0	0
0	4
0	0
0	0
0	11
0	0
0	7
0	0
0	3
0	0
0	0
0	0
0	0
0	0
0	0
0	0
0	0
0	0
0	0
0	0
0	0
0	0
0	0
0	1
0	0
0	0
0	21
0	0
0	0
0	88
0	0
0	0
0	0
0	0
37	10336
0	0
0	0
0	2
0	21
0	0
0	30
0	0
0	0
0	0
0	0
0	0
0	0
0	0
0	0
0	6
1	8
0	0
0	0
0	0
0	0
0	0
1	0
2	0
0	13
0	0
0	0
0	0
0	0
0	0
0	0
0	0
0	105
0	3
0	0
0	0
0	69
0	0
0	2
0	0
0	0
0	6
0	0
0	10
0	48
0	5
0	0
0	0
1	0
0	0
0	0
0	0
0	0
0	0
0	0
1	1133
0	0
0	0
0	0
0	0
0	0
0	0
0	0
0	0
0	1
0	2
0	0
0	1
0	2
0	0
0	2
1	0
1	0
0	0
0	0
0	6
0	0
0	0
0	0
0	0
0	0
0	0
0	9
0	6
0	0
0	0
0	0
0	0
0	0
0	0
0	0
0	0
0	0
0	0
0	0
0	0
2	1
0	0
0	0
0	0
0	0
0	0
0	0
0	0
0	0
0	1
0	0
0	2
0	0
0	0
0	0
1	0
0	0
0	1
0	0
0	0
0	0
0	0
1	0
0	0
0	1
0	0
0	0
0	0
0	0
0	9
0	0
0	0
0	0
0	0
0	6
0	0
0	0
0	0
0	22
0	13
0	0
0	11
0	0
0	0
1	0
0	0
0	0
0	0
0	0
0	5
0	4
0	0
0	0
0	0
0	0
0	0
0	0
0	0
0	1
0	0
0	0
0	8
2	0
0	0
0	0
0	0
0	38
0	7
0	0
0	2
0	2
0	5
0	0
0	0
0	0
0	0
0	3
0	0
0	0
0	0
0	0
0	0
0	0
0	0
0	0
0	0
0	58
0	0
0	0
0	84
0	0
0	12
0	0
0	0
0	0
0	0
0	2
0	0
0	0
0	0
2	17
0	0
0	0
0	0
0	0
0	29
0	0
0	0
0	0
0	0
0	0
0	0
0	0
0	0
0	14
0	0
0	298
2	0
0	0
0	0
0	0
0	0
0	48
0	0
0	0
0	0
0	0
0	49
1	16
0	0
0	0
0	0
0	0
0	7
20	0
0	0
0	0
0	0
0	0
0	0
0	0
0	0
0	0
0	0
0	0
0	0
0	12
0	0
1	0
0	14
0	0
0	0
0	0
0	0
0	0
3	0
0	0
0	0
0	0
0	0
0	0
0	3
0	0
0	0
0	10
0	23
0	0
0	0
0	59
0	35
0	0
0	0
0	0
0	0
0	63
0	0
0	1102
0	0
0	5
0	0
0	0
19	0
0	0
0	0
0	0
0	0
0	0
0	11
0	0
0	0
0	0
0	0
0	0
0	0
0	0
0	12
0	0
0	0
0	2
5	0
0	0
0	0
0	0
0	0
0	0
0	2
0	51
3	29
0	0
8	42
0	0
0	2
0	0
0	0
0	0
0	0
0	0
0	0
0	0
0	0
0	0
0	0
0	0
0	52
0	1
0	0
0	0
0	0
0	0
0	0
0	0
0	115
0	0
0	0
0	0
0	0
0	0
0	0
0	0
0	0
0	0
2	0
0	0
0	0
0	29
0	0
0	0
0	0
0	0
0	0
0	0
0	0
0	0
0	6
0	0
0	1
0	0
2	0
0	0
0	2
0	0
0	0
1	0
0	60
1	0
0	0
0	307
0	0
0	0
0	0
0	75
0	0
0	0
0	0
0	0
0	0
0	0
0	3
0	5
0	0
0	0
0	0
0	0
0	0
0	0
0	0
0	0
0	0
0	0
0	0
0	8
0	0
0	0
0	0
0	0
0	39
0	2
4	2
0	0
0	0
0	0
0	0
0	1
0	0
0	0
0	0
0	3
0	398
0	0
0	21
0	0
0	0
0	0
0	0
0	0
0	0
0	0
0	0
0	0
0	0
0	9
0	3
0	0
0	0
0	1
0	0
0	8
0	3
0	0
0	0
0	0
0	0
0	0
0	0
0	0
0	0
1	0
0	0
0	0
0	0
0	0
0	0
0	0
0	0
0	0
0	0
0	0
0	0
0	0
0	3
0	1
0	0
0	0
1	0
0	1
0	33
0	0
0	73
0	3
0	20
0	2
0	3
0	0
0	0
0	0
9	0
0	0
0	0
0	0
0	0
0	0
0	0
0	0
0	0
0	0
0	0
0	0
0	0
0	0
0	0
0	0
0	0
0	0
0	0
0	0
38	45
0	0
0	0
0	0
0	0
0	0
0	1
0	0
0	0
0	3
0	0
0	0
0	0
0	0
0	0
0	0
0	0
6	49
0	0
0	0
0	1
0	0
4	0
0	0
0	0
1	0
0	0
0	222
0	0
0	0
0	0
0	0
0	0
0	0
0	0
0	34
1	0
0	0
0	0
0	0
0	1
0	18
0	0
0	0
0	0
0	0
0	2
0	141
0	2
0	0
0	5
0	0
1	3
0	0
0	0
0	0
0	0
0	0
0	0
0	0
4	48
0	10
0	0
0	0
0	2
0	0
0	0
0	0
0	0
0	0
0	31
0	0
0	0
0	0
0	0
0	0
0	0
0	0
0	0
0	0
0	0
0	0
0	0
0	0
1	0
0	0
0	0
0	0
0	0
0	0
94	129
0	0
0	0
0	38
0	0
0	0
0	0
0	0
0	0
0	0
0	0
0	0
0	0
0	0
1	0
0	0
0	0
0	0
4	93
0	0
0	0
0	0
0	0
0	0
0	34
0	0
0	0
0	0
6	0
0	0
0	0
0	0
0	0
0	0
0	0
0	0
0	0
0	0
0	28
2	787
0	7
0	3
0	0
0	0
0	0
0	0
0	0
0	0
0	0
0	0
0	0
0	0
0	123
0	0
0	0
0	0
0	1
0	18
0	0
0	0
0	0
0	301
0	0
0	0
0	0
0	0
0	0
0	0
0	1
0	0
0	0
0	0
0	0
0	0
0	0
0	0
0	0
0	300
0	0
0	0
0	5
0	0
0	0
0	2
0	109
0	0
0	0
0	0
0	0
0	0
0	0
0	24
2	0
0	137
0	0
0	0
0	0
0	0
0	0
1	0
0	267
0	0
0	99
0	13
0	0
0	0
0	0
0	0
0	0
0	0
0	3
0	0
0	0
26	74
0	2
0	2
0	0
0	0
0	0
0	0
1	0
0	1
0	1
0	13
0	0
1	1375
1	0
1	0
0	0
0	0
0	0
0	0
0	0
0	0
0	0
0	0
0	0
0	0
0	0
0	0
0	0
0	0
0	0
0	0
0	0
0	0
0	0
0	1
0	3
0	0
0	0
0	0
0	0
0	0
0	0
0	124
0	0
2	838
0	1
0	0
0	0
0	0
0	0
0	0
0	3
0	1
0	8
0	0
0	3
0	0
0	0
0	1
0	0
0	2
0	0
0	0
0	0
0	0
0	0
0	0
0	0
0	0
0	0
0	0
0	0
0	0
0	0
0	0
0	0
0	0
0	0
0	0
0	0
0	0
0	0
0	0
0	0
0	0
0	0
0	0
0	0
0	0
0	5
0	0
0	0
0	28
0	24
0	5
0	0
0	0
0	0
0	1
0	1
0	0
0	0
0	1
0	0
0	0
0	0
0	0
0	0
0	0
0	0
0	9
0	1
0	0
0	0
0	1
0	19
0	0
0	0
18	5
0	0
0	0
0	0
0	0
0	0
0	0
0	0
0	0
0	0
0	0
0	3
0	0
0	0
0	0
0	0
0	0
0	0
0	0
0	0
0	0
0	0
0	0
0	0
0	0
0	0
0	0
0	0
0	18
0	24
0	0
0	1
0	0
0	0
0	0
0	0
0	0
2	125
0	0
0	0
0	0
0	0
0	0
0	0
0	0
0	0
0	0
0	337
0	0
0	6
0	0
0	52
0	0
0	141
0	1
0	0
1	0
0	0
0	0
0	0
1	0
0	0
0	0
1	0
0	0
1	5
0	0
0	0
2	1
1	0
0	0
0	0
0	0
0	0
2	0
0	0
0	0
0	0
0	0
0	0
0	0
0	0
0	0
0	321
0	0
0	0
0	0
0	0
0	0
0	0
0	0
0	0
0	0
0	0
0	0
0	0
0	0
0	0
0	0
0	0
0	0
0	0
0	0
0	0
0	0
0	0
0	0
0	0
0	0
0	0
0	0
0	0
0	33
0	0
0	0
0	0
0	6
0	28
0	0
0	0
0	0
0	0
0	0
0	0
0	0
0	14
0	6
0	0
1	0
0	0
0	0
0	0
3	1311
0	0
0	0
0	45
0	0
0	0
0	2
0	0
23	0
0	0
0	0
0	1
0	0
0	0
0	0
0	3
0	57
0	0
0	0
0	0
0	0
0	0
0	3
0	0
0	0
0	0
0	17
0	0
0	0
0	0
0	0
3	375
0	0
0	0
2	0
0	0
0	268
0	0
0	0
0	0
0	0
0	0
0	0
0	0
0	0
0	0
0	2
0	0
0	0
0	0
0	1
1	0
0	0
0	0
0	0
0	0
0	0
0	34
8	1
0	0
0	4
0	0
0	0
0	0
0	3
0	0
0	60
0	0
0	0
0	0
0	0
0	0
0	0
0	44
0	23
0	6
0	0
1	0
4	0
0	0
0	0
0	0
0	0
0	0
0	3
0	0
0	0
0	0
0	0
0	0
0	0
0	0
0	0
0	0
0	0
0	0
0	0
0	0
0	0
0	0
0	0
0	13
0	0
0	0
0	850
0	0
1	0
0	0
0	0
0	0
0	0
0	0
0	0
1	28
0	0
0	0
0	0
0	0
0	0
0	0
0	0
0	0
0	0
0	0
0	0
0	2
0	1
0	3
0	0
0	0
0	0
0	0
0	0
0	0
0	0
0	0
2	0
0	0
0	41
0	0
0	0
0	0
0	0
0	0
0	0
1	0
0	1
2	505
0	0
0	0
0	0
0	0
0	0
0	0
18	15
0	0
0	4
0	0
0	2
0	0
0	0
0	0
0	0
0	9
0	11
0	9
0	6
0	14
0	1
0	0
0	0
0	0
0	0
0	0
0	2
0	1
0	0
0	0
1	0
0	0
0	0
0	0
0	0
0	0
0	0
0	0
0	0
0	0
0	0
0	0
0	5
0	0
0	0
0	0
0	0
1	2
0	0
0	0
0	0
0	0
0	0
0	0
0	0
0	0
0	0
0	0
0	0
0	0
0	0
0	0
0	0
2	6
0	0
0	0
3	5
2	25
0	0
0	0
0	0
0	0
0	0
0	0
0	0
0	0
2	120
0	2
0	74
0	4
0	0
0	10
0	21
0	0
0	0
0	0
0	0
0	0
0	0
0	0
0	0
0	0
0	0
0	0
0	0
0	0
0	0
0	0
0	0
0	0
0	0
0	0
0	0
0	0
0	0
0	0
0	0
0	0
0	0
0	0
0	8
0	0
0	0
0	0
0	0
0	0
0	0
0	0
0	0
0	703
0	7
0	0
0	0
0	0
1	0
0	2
0	0
0	0
0	0
0	0
0	0
3	168
0	142
0	8
0	0
0	1572
0	1230
0	0
0	268
0	0
0	0
0	2
0	61
0	0
0	0
0	0
0	0
0	0
0	0
0	0
0	0
1	0
0	0
0	0
0	0
0	0
0	0
0	0
0	0
0	0
0	0
0	0
0	0
0	0
0	0
0	44
0	2
0	5
0	3
0	0
0	0
0	0
0	0
0	0
0	0
0	0
0	0
0	1
0	10
0	0
0	0
0	0
0	141
0	0
0	0
0	0
0	0
0	0
0	0
0	0
0	0
0	0
0	0
0	0
0	0
0	0
0	0
0	0
0	0
0	0
0	0
0	0
0	0
0	0
0	0
0	0
0	0
0	0
0	0
0	0
0	0
0	0
0	0
0	0
0	0
0	0
0	0
0	0
0	0
0	0
0	0
0	0
0	0
0	52
0	0
0	34
0	0
0	0
0	0
0	0
0	66
0	8
0	0
0	17
0	0
0	0
0	0
0	17
0	0
2	0
0	0
0	1
0	0
1	5
0	0
0	0
0	0
0	0
0	0
0	0
0	0
0	0
1	2
0	0
0	0
0	3
0	0
0	0
0	0
0	0
0	0
0	0
0	0
0	0
0	0
0	0
0	0
0	0
0	3
0	0
0	0
5	0
0	0
0	0
0	11
0	0
0	4
0	0
0	1
0	0
0	0
0	0
0	0
0	0
1	0
0	1
0	0
0	0
0	0
2	1070
0	0
0	0
0	0
0	0
0	0
0	0
0	0
0	0
0	0
0	0
0	0
0	0
0	0
0	14
0	0
0	0
2	110
1	0
0	0
2	0
0	0
0	0
0	31
0	0
0	0
0	0
1	787
0	0
0	0
0	0
0	0
0	0
0	0
0	0
0	0
4	0
0	0
0	745
0	0
0	0
0	0
0	0
0	0
0	0
0	0
0	0
0	0
0	1
0	0
7	1516
0	0
0	3
0	2
0	8
0	0
0	0
0	1
0	1
1	161
0	6
0	145
0	143
0	147
0	1
0	77
0	0
0	0
0	0
0	0
0	1
0	0
0	0
0	0
0	0
0	0
1	978
0	0
0	99
0	0
0	77
0	0
0	0
2	0
0	0
0	0
0	0
0	0
0	0
0	0
0	0
0	0
0	0
0	0
0	1
0	0
0	0
0	0
0	0
0	0
0	0
0	0
0	0
0	0
0	0
0	0
0	0
0	0
0	0
0	30
0	0
0	0
0	0
0	0
0	0
0	0
0	0
0	0
0	222
1	0
0	0
0	0
0	0
0	0
0	0
0	0
0	0
0	0
0	0
0	0
0	35
0	0
0	0
10	723
0	0
0	0
0	0
7	0
0	0
0	0
0	0
0	0
0	0
0	0
0	0
0	0
0	0
0	0
0	0
0	0
0	0
0	0
0	13
0	46
0	0
0	0
0	17
0	0
0	0
0	0
0	0
0	0
0	0
0	0
0	0
0	0
0	0
0	0
0	0
0	0
0	0
0	0
0	0
0	3
0	2
0	2
1	0
1	58
0	231
0	0
0	0
0	0
0	0
0	0
0	0
0	1
0	14
0	0
0	0
0	12
0	0
0	0
0	0
0	0
0	0
0	0
0	0
0	0
0	0
0	0
0	0
0	0
0	0
0	0
0	0
0	0
0	0
0	0
0	0
0	0
0	0
0	0
1	215
0	0
0	0
2	0
0	5
1	0
0	0
0	648
0	0
0	0
0	0
0	0
0	0
0	129
0	0
0	0
0	2
0	0
0	5
0	33
0	0
0	0
0	0
0	0
0	0
0	5
0	0
0	0
0	0
0	0
3	46
0	0
0	0
0	0
0	0
0	0
0	0
0	0
0	0
0	0
0	0
0	0
0	632
0	0
0	0
0	0
0	0
0	0
0	0
0	0
0	0
0	0
0	0
0	0
0	0
1	58
0	0
0	0
0	0
0	0
0	8
0	13
0	0
0	0
0	17
0	21
0	0
0	0
0	0
0	0
0	39
0	6
0	0
0	0
0	0
0	0
0	0
0	0
0	0
0	0
0	0
0	0
0	0
0	0
0	0
0	23
0	0
0	898
0	0
0	0
0	0
0	6
8	39
0	6
1	2
0	0
0	0
0	0
0	0
0	0
0	0
0	0
0	0
0	0
0	0
0	0
0	0
0	0
0	0
0	0
0	0
0	0
0	0
0	0
0	0
0	0
0	0
0	0
0	0
0	0
0	0
0	0
0	0
0	0
0	0
0	0
0	0
0	0
0	0
0	0
0	0
0	0
0	0
0	0
0	0
0	0
0	0
0	0
0	0
0	0
0	0
0	0
0	0
0	0
0	0
0	0
0	0
0	0
0	0
0	0
0	0
0	0
0	0
0	0
0	0
0	0
0	0
0	0
0	0
0	0
0	0
0	0
0	0
0	0
0	0
0	0
0	0
0	0
0	0
0	0
0	0
0	0
0	0
0	0
0	0
0	0
0	0
0	0
0	0
0	0
0	0
0	0
0	0
0	0
0	0
0	0
0	0
0	0
0	0
0	0
0	0
0	0
0	0
0	0
0	0
0	0
0	0
0	0
0	0
0	0
0	0
0	0
0	0
0	0
0	0
0	0
0	0
0	0
0	0
0	0
0	0
0	0
0	0
0	0
0	0
0	0
0	0
0	0
0	0
0	0
0	0
0	0
0	0
0	0
0	0
0	0
0	0
0	0
0	0
0	0
0	0
0	0
0	0
0	0
0	0
0	0
0	0
0	0
0	0
0	0
0	0
0	0
0	0
0	0
0	0
0	0
0	0
0	0
0	0
0	0
0	0
0	0
0	0
0	0
0	0
0	0
0	0
0	0
0	0
0	0
0	0
0	0
0	0
0	0
0	0
0	0
0	0
0	0
0	0
0	0
0	0
0	0
0	0
0	0
0	0
0	0
0	0
0	0
0	0
0	0
0	0
0	0
0	0
0	0
0	0
0	0
0	0
0	0
0	0
0	0
0	0
0	0
0	0
0	0
0	0
0	0
0	0
0	0
0	0
0	0
0	0
0	0
0	0
0	0
0	0
0	0
0	0
0	0
0	0
0	0
0	0
0	0
0	0
0	0
0	0
0	0
0	0
0	0
0	0
0	0
0	0
0	0
0	0
